{"records": [{"adm0_name": "Madagascar", "adm0_code": "MDG", "population": 378549, "loss": 19118164.873358484, "wind_cat": {"0": 182885, "1": 132458, "2": 32791, "3": 30415}, "adm1": [{"adm1_name": "Antsiranana", "adm1_code": "MDG.2_1", "population": 317088, "loss": 19095526.090579316, "wind_cat": {"0": 138354, "1": 115528, "2": 32791, "3": 30415}, "adm2": [{"adm2_name": "Diana", "adm2_code": "MDG.2.1_1", "population": 174678, "loss": 2058830.253641882, "wind_cat": {"0": 84552, "1": 70773, "2": 17193, "3": 2160}}, {"adm2_name": "Sava", "adm2_code": "MDG.2.2_1", "population": 142410, "loss": 17036695.836937435, "wind_cat": {"0": 53802, "1": 44755, "2": 15598, "3": 28255}}]}, {"adm1_name": "Mahajanga", "adm1_code": "MDG.4_1", "population": 60936, "loss": 22638.156292437, "wind_cat": {"0": 44006, "1": 16930}, "adm2": [{"adm2_name": "Sofia", "adm2_code": "MDG.4.4_1", "population": 60936, "loss": 22638.156292437, "wind_cat": {"0": 44006, "1": 16930}}]}, {"adm1_name": "Toamasina", "adm1_code": "MDG.5_1", "population": 525, "loss": 0.6264867309, "wind_cat": {"0": 525}, "adm2": [{"adm2_name": "Analanjirofo", "adm2_code": "MDG.5.2_1", "population": 525, "loss": 0.6264867309, "wind_cat": {"0": 525}}]}]}]}