tc_season,atcf_id,storm_name,adm0_name,adm0_code,adm1_name,adm1_code,jtwc_start_time_15as,jtwc_start_time_30as,jtwc_end_time_15as,jtwc_end_time_30as,tech_15as,tech_30as,population_15as,population_30as,loss_15as,loss_30as,wind_cat_15as,wind_cat_30as,wind_cat_0_15as,wind_cat_0_30as,wind_cat_1_15as,wind_cat_1_30as,wind_cat_2_15as,wind_cat_2_30as,wind_cat_3_15as,wind_cat_3_30as,wind_cat_4_15as,wind_cat_4_30as,wind_cat_5_15as,wind_cat_5_30as
1980,SH021980,NONAME,Mauritius,MUS,Riviere Du Rempart,MUS,,1979-12-10 00:00,,1979-12-28 06:00,,OFCL,,123738.0,,35489489.49,,"{2: 117097, 3: 6641}",,0.0,,0.0,,117097.0,,6641.0,,0.0,,0.0
1980,SH021980,NONAME,Mauritius,MUS,Rodriguez,MUS.10_1,1979-12-10 00:00,,1979-12-28 06:00,,OFCL,,102.0,,84918.26,,{0: 102},,102.0,,0.0,,0.0,,0.0,,0.0,,0.0,
1980,SH021980,NONAME,Mauritius,MUS,Savanne,MUS.12_1,1979-12-10 00:00,1979-12-10 00:00,1979-12-28 06:00,1979-12-28 06:00,OFCL,OFCL,70087.0,60507.0,14099054.08,38341956.82,"{2: 44650, 3: 25437}","{2: 28524, 3: 31983}",0.0,0.0,0.0,0.0,44650.0,28524.0,25437.0,31983.0,0.0,0.0,0.0,0.0
1980,SH021980,NONAME,Mauritius,MUS,Black River,MUS.2_1,1979-12-10 00:00,1979-12-10 00:00,1979-12-28 06:00,1979-12-28 06:00,OFCL,OFCL,94560.0,72490.0,17936154.01,32575858.92,"{2: 92704, 3: 1856}","{2: 68899, 3: 3591}",0.0,0.0,0.0,0.0,92704.0,68899.0,1856.0,3591.0,0.0,0.0,0.0,0.0
1980,SH021980,NONAME,Mauritius,MUS,Flacq,MUS.3_1,1979-12-10 00:00,1979-12-10 00:00,1979-12-28 06:00,1979-12-28 06:00,OFCL,OFCL,140810.0,148203.0,29832875.3,69010848.39,"{2: 97642, 3: 43168}","{2: 107761, 3: 40442}",0.0,0.0,0.0,0.0,97642.0,107761.0,43168.0,40442.0,0.0,0.0,0.0,0.0
1980,SH021980,NONAME,Mauritius,MUS,Grand Port,MUS.4_1,1979-12-10 00:00,1979-12-10 00:00,1979-12-28 06:00,1979-12-28 06:00,OFCL,OFCL,113523.0,117962.0,32872242.78,64488429.42,"{2: 66303, 3: 47220}","{2: 69756, 3: 48206}",0.0,0.0,0.0,0.0,66303.0,69756.0,47220.0,48206.0,0.0,0.0,0.0,0.0
1980,SH021980,NONAME,Mauritius,MUS,Moka,MUS.5_1,1979-12-10 00:00,1979-12-10 00:00,1979-12-28 06:00,1979-12-28 06:00,OFCL,OFCL,88800.0,144916.0,14410842.75,27883052.32,"{2: 88676, 3: 124}","{2: 144692, 3: 224}",0.0,0.0,0.0,0.0,88676.0,144692.0,124.0,224.0,0.0,0.0,0.0,0.0
1980,SH021980,NONAME,Mauritius,MUS,Pamplemousses,MUS.6_1,1979-12-10 00:00,1979-12-10 00:00,1979-12-28 06:00,1979-12-28 06:00,OFCL,OFCL,148742.0,165109.0,24804454.06,56338389.75,{2: 148742},"{2: 162838, 3: 2271}",0.0,0.0,0.0,0.0,148742.0,162838.0,0.0,2271.0,0.0,0.0,0.0,0.0
1980,SH021980,NONAME,Mauritius,MUS,Plaines Wilhems,MUS.7_1,1979-12-10 00:00,1979-12-10 00:00,1979-12-28 06:00,1979-12-28 06:00,OFCL,OFCL,365517.0,294342.0,50567545.19,29028180.12,"{2: 357947, 3: 7570}","{2: 263542, 3: 30800}",0.0,0.0,0.0,0.0,357947.0,263542.0,7570.0,30800.0,0.0,0.0,0.0,0.0
1980,SH021980,NONAME,Mauritius,MUS,Port Louis,MUS.8_1,1979-12-10 00:00,1979-12-10 00:00,1979-12-28 06:00,1979-12-28 06:00,OFCL,OFCL,111040.0,100326.0,18814410.44,9513075.78,{2: 111040},"{2: 96381, 3: 3945}",0.0,0.0,0.0,0.0,111040.0,96381.0,0.0,3945.0,0.0,0.0,0.0,0.0
1980,SH021980,NONAME,Mauritius,MUS,Rivière du Rempart,MUS.9_1,1979-12-10 00:00,,1979-12-28 06:00,,OFCL,,113200.0,,20736297.14,,"{2: 102534, 3: 10666}",,0.0,,0.0,,102534.0,,10666.0,,0.0,,0.0,
1980,SH021980,NONAME,Mauritius,MUS,,No Adm1,,1979-12-10 00:00,,1979-12-28 06:00,,OFCL,,993.0,,88245.48,,"{0: 686, 3: 307}",,686.0,,0.0,,0.0,,307.0,,0.0,,0.0
1980,SH021980,NONAME,Reunion,REU,Arrondissement_du_vent,REU,,1979-12-10 00:00,,1979-12-28 06:00,,OFCL,,207195.0,,6906.65,,"{0: 201876, 1: 5319}",,201876.0,,5319.0,,0.0,,0.0,,0.0,,0.0
1980,SH021980,NONAME,Reunion,REU,Arrondissement_souse_le_vent,REU,,1979-12-10 00:00,,1979-12-28 06:00,,OFCL,,442014.0,,866549.26,,"{0: 216945, 1: 225069}",,216945.0,,225069.0,,0.0,,0.0,,0.0,,0.0
1980,SH021980,NONAME,Reunion,REU,Saint-Benoît,REU.1_1,1979-12-10 00:00,,1979-12-28 06:00,,OFCL,,76274.0,,41426.93,,"{0: 74122, 1: 2152}",,74122.0,,2152.0,,0.0,,0.0,,0.0,,0.0,
1980,SH021980,NONAME,Reunion,REU,Saint-Denis,REU.2_1,1979-12-10 00:00,,1979-12-28 06:00,,OFCL,,36313.0,,5290.24,,"{0: 36127, 1: 186}",,36127.0,,186.0,,0.0,,0.0,,0.0,,0.0,
1980,SH021980,NONAME,Reunion,REU,Saint-Paul,REU.3_1,1979-12-10 00:00,,1979-12-28 06:00,,OFCL,,140582.0,,193117.01,,"{0: 100506, 1: 40076}",,100506.0,,40076.0,,0.0,,0.0,,0.0,,0.0,
1980,SH021980,NONAME,Reunion,REU,Saint-Pierre,REU.4_1,1979-12-10 00:00,,1979-12-28 06:00,,OFCL,,311632.0,,1665730.05,,"{0: 57076, 1: 254556}",,57076.0,,254556.0,,0.0,,0.0,,0.0,,0.0,
1980,SH081980,NONAME,Madagascar,MDG,Alaotra Mangoro,MDG,,1980-01-17 00:00,,1980-01-29 00:00,,OFCL,,958445.0,,1264120.79,,"{0: 173760, 1: 650764, 2: 133921}",,173760.0,,650764.0,,133921.0,,0.0,,0.0,,0.0
1980,SH081980,NONAME,Madagascar,MDG,Amoron'i Mania,MDG,,1980-01-17 00:00,,1980-01-29 00:00,,OFCL,,9830.0,,0.12,,{0: 9830},,9830.0,,0.0,,0.0,,0.0,,0.0,,0.0
1980,SH081980,NONAME,Madagascar,MDG,Analamanga,MDG,,1980-01-17 00:00,,1980-01-29 00:00,,OFCL,,2938980.0,,28370.93,,"{0: 2859663, 1: 79317}",,2859663.0,,79317.0,,0.0,,0.0,,0.0,,0.0
1980,SH081980,NONAME,Madagascar,MDG,Analanjirofo,MDG,,1980-01-17 00:00,,1980-01-29 00:00,,OFCL,,1456986.0,,3341096.84,,"{0: 167889, 1: 1067469, 2: 221628}",,167889.0,,1067469.0,,221628.0,,0.0,,0.0,,0.0
1980,SH081980,NONAME,Madagascar,MDG,Atsinanana,MDG,,1980-01-17 00:00,,1980-01-29 00:00,,OFCL,,560677.0,,629708.09,,"{0: 153845, 1: 304501, 2: 102331}",,153845.0,,304501.0,,102331.0,,0.0,,0.0,,0.0
1980,SH081980,NONAME,Madagascar,MDG,Betsiboka,MDG,,1980-01-17 00:00,,1980-01-29 00:00,,OFCL,,125114.0,,16818.03,,"{0: 91567, 1: 33547}",,91567.0,,33547.0,,0.0,,0.0,,0.0,,0.0
1980,SH081980,NONAME,Madagascar,MDG,Boeny,MDG,,1980-01-17 00:00,,1980-01-29 00:00,,OFCL,,4735.0,,0.01,,{0: 4735},,4735.0,,0.0,,0.0,,0.0,,0.0,,0.0
1980,SH081980,NONAME,Madagascar,MDG,Bongolava,MDG,,1980-01-17 00:00,,1980-01-29 00:00,,OFCL,,44601.0,,6.23,,{0: 44601},,44601.0,,0.0,,0.0,,0.0,,0.0,,0.0
1980,SH081980,NONAME,Madagascar,MDG,Diana,MDG,,1980-01-17 00:00,,1980-01-29 00:00,,OFCL,,2399.0,,0.04,,{0: 2399},,2399.0,,0.0,,0.0,,0.0,,0.0,,0.0
1980,SH081980,NONAME,Madagascar,MDG,Haute Matsiatra,MDG,,1980-01-17 00:00,,1980-01-29 00:00,,OFCL,,104.0,,0.0,,{0: 104},,104.0,,0.0,,0.0,,0.0,,0.0,,0.0
1980,SH081980,NONAME,Madagascar,MDG,Itasy,MDG,,1980-01-17 00:00,,1980-01-29 00:00,,OFCL,,228397.0,,181.26,,{0: 228397},,228397.0,,0.0,,0.0,,0.0,,0.0,,0.0
1980,SH081980,NONAME,Madagascar,MDG,Sava,MDG,,1980-01-17 00:00,,1980-01-29 00:00,,OFCL,,236434.0,,15350.89,,"{0: 212854, 1: 23580}",,212854.0,,23580.0,,0.0,,0.0,,0.0,,0.0
1980,SH081980,NONAME,Madagascar,MDG,Sofia,MDG,,1980-01-17 00:00,,1980-01-29 00:00,,OFCL,,776183.0,,131602.4,,"{0: 597551, 1: 178273, 2: 359}",,597551.0,,178273.0,,359.0,,0.0,,0.0,,0.0
1980,SH081980,NONAME,Madagascar,MDG,Vakinakaratra,MDG,,1980-01-17 00:00,,1980-01-29 00:00,,OFCL,,810518.0,,470.09,,{0: 810518},,810518.0,,0.0,,0.0,,0.0,,0.0,,0.0
1980,SH081980,NONAME,Madagascar,MDG,Vatovavy Fitovinany,MDG,,1980-01-17 00:00,,1980-01-29 00:00,,OFCL,,135.0,,957.41,,{0: 135},,135.0,,0.0,,0.0,,0.0,,0.0,,0.0
1980,SH081980,NONAME,Madagascar,MDG,Antananarivo,MDG.1_1,1980-01-17 00:00,,1980-01-29 00:00,,OFCL,,6279805.0,,1200503.56,,"{0: 2890749, 1: 3388976, 2: 80}",,2890749.0,,3388976.0,,80.0,,0.0,,0.0,,0.0,
1980,SH081980,NONAME,Madagascar,MDG,Antsiranana,MDG.2_1,1980-01-17 00:00,,1980-01-29 00:00,,OFCL,,475560.0,,161122.43,,"{0: 389301, 1: 81402, 2: 4857}",,389301.0,,81402.0,,4857.0,,0.0,,0.0,,0.0,
1980,SH081980,NONAME,Madagascar,MDG,Fianarantsoa,MDG.3_1,1980-01-17 00:00,,1980-01-29 00:00,,OFCL,,750509.0,,25487.46,,{0: 750509},,750509.0,,0.0,,0.0,,0.0,,0.0,,0.0,
1980,SH081980,NONAME,Madagascar,MDG,Mahajanga,MDG.4_1,1980-01-17 00:00,,1980-01-29 00:00,,OFCL,,1929536.0,,1118062.08,,"{0: 1295788, 1: 581179, 2: 52569}",,1295788.0,,581179.0,,52569.0,,0.0,,0.0,,0.0,
1980,SH081980,NONAME,Madagascar,MDG,Toamasina,MDG.5_1,1980-01-17 00:00,,1980-01-29 00:00,,OFCL,,3430927.0,,29736440.23,,"{0: 379783, 1: 982427, 2: 2022801, 3: 45916}",,379783.0,,982427.0,,2022801.0,,45916.0,,0.0,,0.0,
1980,SH081980,NONAME,Mauritius,MUS,Riviere Du Rempart,MUS,,1980-01-17 00:00,,1980-01-29 00:00,,OFCL,,123738.0,,448196.09,,"{0: 81668, 1: 42070}",,81668.0,,42070.0,,0.0,,0.0,,0.0,,0.0
1980,SH081980,NONAME,Mauritius,MUS,Savanne,MUS.12_1,1980-01-17 00:00,1980-01-17 00:00,1980-01-29 00:00,1980-01-29 00:00,OFCL,OFCL,35597.0,57384.0,81051.56,5150.27,{0: 35597},"{0: 57211, 1: 173}",35597.0,57211.0,0.0,173.0,0.0,0.0,0.0,0.0,0.0,0.0,0.0,0.0
1980,SH081980,NONAME,Mauritius,MUS,Black River,MUS.2_1,1980-01-17 00:00,1980-01-17 00:00,1980-01-29 00:00,1980-01-29 00:00,OFCL,OFCL,93864.0,72490.0,1471920.56,5430607.67,"{0: 65904, 1: 27960}","{0: 44327, 1: 28163}",65904.0,44327.0,27960.0,28163.0,0.0,0.0,0.0,0.0,0.0,0.0,0.0,0.0
1980,SH081980,NONAME,Mauritius,MUS,Flacq,MUS.3_1,1980-01-17 00:00,1980-01-17 00:00,1980-01-29 00:00,1980-01-29 00:00,OFCL,OFCL,85814.0,148203.0,34198.63,15815.85,{0: 85814},{0: 148203},85814.0,148203.0,0.0,0.0,0.0,0.0,0.0,0.0,0.0,0.0,0.0,0.0
1980,SH081980,NONAME,Mauritius,MUS,Grand Port,MUS.4_1,1980-01-17 00:00,1980-01-17 00:00,1980-01-29 00:00,1980-01-29 00:00,OFCL,OFCL,74326.0,115971.0,1947218.83,22853.32,{0: 74326},{0: 115971},74326.0,115971.0,0.0,0.0,0.0,0.0,0.0,0.0,0.0,0.0,0.0,0.0
1980,SH081980,NONAME,Mauritius,MUS,Moka,MUS.5_1,1980-01-17 00:00,1980-01-17 00:00,1980-01-29 00:00,1980-01-29 00:00,OFCL,OFCL,66357.0,144916.0,12189.93,15730.83,"{0: 66167, 1: 190}","{0: 112512, 1: 32404}",66167.0,112512.0,190.0,32404.0,0.0,0.0,0.0,0.0,0.0,0.0,0.0,0.0
1980,SH081980,NONAME,Mauritius,MUS,Pamplemousses,MUS.6_1,1980-01-17 00:00,1980-01-17 00:00,1980-01-29 00:00,1980-01-29 00:00,OFCL,OFCL,110660.0,165109.0,883872.63,7924409.68,"{0: 102155, 1: 8505}","{0: 145853, 1: 19256}",102155.0,145853.0,8505.0,19256.0,0.0,0.0,0.0,0.0,0.0,0.0,0.0,0.0
1980,SH081980,NONAME,Mauritius,MUS,Plaines Wilhems,MUS.7_1,1980-01-17 00:00,1980-01-17 00:00,1980-01-29 00:00,1980-01-29 00:00,OFCL,OFCL,319586.0,294342.0,47872.92,21576.61,"{0: 157106, 1: 162480}","{0: 154311, 1: 140031}",157106.0,154311.0,162480.0,140031.0,0.0,0.0,0.0,0.0,0.0,0.0,0.0,0.0
1980,SH081980,NONAME,Mauritius,MUS,Port Louis,MUS.8_1,1980-01-17 00:00,1980-01-17 00:00,1980-01-29 00:00,1980-01-29 00:00,OFCL,OFCL,39668.0,100326.0,365898.18,891797.19,"{0: 36217, 1: 3451}","{0: 64908, 1: 35418}",36217.0,64908.0,3451.0,35418.0,0.0,0.0,0.0,0.0,0.0,0.0,0.0,0.0
1980,SH081980,NONAME,Mauritius,MUS,Rivière du Rempart,MUS.9_1,1980-01-17 00:00,,1980-01-29 00:00,,OFCL,,111707.0,,148689.23,,"{0: 63648, 1: 48059}",,63648.0,,48059.0,,0.0,,0.0,,0.0,,0.0,
1980,SH081980,NONAME,Mauritius,MUS,,No Adm1,,1980-01-17 00:00,,1980-01-29 00:00,,OFCL,,307.0,,63.92,,{1: 307},,0.0,,307.0,,0.0,,0.0,,0.0,,0.0
1980,SH081980,NONAME,Reunion,REU,Arrondissement_du_vent,REU,,1980-01-17 00:00,,1980-01-29 00:00,,OFCL,,256754.0,,9007695.4,,"{1: 124574, 2: 132180}",,0.0,,124574.0,,132180.0,,0.0,,0.0,,0.0
1980,SH081980,NONAME,Reunion,REU,Arrondissement_souse_le_vent,REU,,1980-01-17 00:00,,1980-01-29 00:00,,OFCL,,447764.0,,65729349.94,,"{1: 59381, 2: 388192, 3: 191}",,0.0,,59381.0,,388192.0,,191.0,,0.0,,0.0
1980,SH081980,NONAME,Reunion,REU,Saint-Benoît,REU.1_1,1980-01-17 00:00,,1980-01-29 00:00,,OFCL,,140447.0,,15471533.12,,"{1: 122786, 2: 17638, 3: 23}",,0.0,,122786.0,,17638.0,,23.0,,0.0,,0.0,
1980,SH081980,NONAME,Reunion,REU,Saint-Denis,REU.2_1,1980-01-17 00:00,,1980-01-29 00:00,,OFCL,,308269.0,,51610539.56,,"{1: 84491, 2: 223778}",,0.0,,84491.0,,223778.0,,0.0,,0.0,,0.0,
1980,SH081980,NONAME,Reunion,REU,Saint-Paul,REU.3_1,1980-01-17 00:00,,1980-01-29 00:00,,OFCL,,201260.0,,65094228.35,,"{1: 252, 2: 201008}",,0.0,,252.0,,201008.0,,0.0,,0.0,,0.0,
1980,SH081980,NONAME,Reunion,REU,Saint-Pierre,REU.4_1,1980-01-17 00:00,,1980-01-29 00:00,,OFCL,,313164.0,,43208821.51,,"{1: 83656, 2: 229325, 3: 183}",,0.0,,83656.0,,229325.0,,183.0,,0.0,,0.0,
1980,SH121980,NONAME,Mauritius,MUS,Riviere Du Rempart,MUS,,1980-02-01 12:00,,1980-02-07 00:00,,OFCL,,123738.0,,59144.92,,"{0: 27320, 1: 96418}",,27320.0,,96418.0,,0.0,,0.0,,0.0,,0.0
1980,SH121980,NONAME,Mauritius,MUS,Rodriguez,MUS.10_1,1980-02-01 12:00,,1980-02-07 00:00,,OFCL,,44652.0,,1276077.56,,"{1: 34334, 2: 10318}",,0.0,,34334.0,,10318.0,,0.0,,0.0,,0.0,
1980,SH121980,NONAME,Mauritius,MUS,Savanne,MUS.12_1,1980-02-01 12:00,1980-02-01 12:00,1980-02-07 00:00,1980-02-07 00:00,OFCL,OFCL,70087.0,60507.0,274048.99,423226.73,{1: 70087},{1: 60507},0.0,0.0,70087.0,60507.0,0.0,0.0,0.0,0.0,0.0,0.0,0.0,0.0
1980,SH121980,NONAME,Mauritius,MUS,Black River,MUS.2_1,1980-02-01 12:00,1980-02-01 12:00,1980-02-07 00:00,1980-02-07 00:00,OFCL,OFCL,94560.0,72490.0,110521.65,126356.07,"{0: 2137, 1: 92423}","{0: 75, 1: 72415}",2137.0,75.0,92423.0,72415.0,0.0,0.0,0.0,0.0,0.0,0.0,0.0,0.0
1980,SH121980,NONAME,Mauritius,MUS,Flacq,MUS.3_1,1980-02-01 12:00,1980-02-01 12:00,1980-02-07 00:00,1980-02-07 00:00,OFCL,OFCL,140810.0,148203.0,806461.4,208581.59,"{0: 9530, 1: 131280}","{0: 18293, 1: 129910}",9530.0,18293.0,131280.0,129910.0,0.0,0.0,0.0,0.0,0.0,0.0,0.0,0.0
1980,SH121980,NONAME,Mauritius,MUS,Grand Port,MUS.4_1,1980-02-01 12:00,1980-02-01 12:00,1980-02-07 00:00,1980-02-07 00:00,OFCL,OFCL,113523.0,117962.0,1665145.23,440467.31,"{0: 3, 1: 113520}","{0: 1014, 1: 116948}",3.0,1014.0,113520.0,116948.0,0.0,0.0,0.0,0.0,0.0,0.0,0.0,0.0
1980,SH121980,NONAME,Mauritius,MUS,Moka,MUS.5_1,1980-02-01 12:00,1980-02-01 12:00,1980-02-07 00:00,1980-02-07 00:00,OFCL,OFCL,88800.0,144916.0,115667.83,122166.67,"{0: 10777, 1: 78023}","{0: 8439, 1: 136477}",10777.0,8439.0,78023.0,136477.0,0.0,0.0,0.0,0.0,0.0,0.0,0.0,0.0
1980,SH121980,NONAME,Mauritius,MUS,Pamplemousses,MUS.6_1,1980-02-01 12:00,1980-02-01 12:00,1980-02-07 00:00,1980-02-07 00:00,OFCL,OFCL,148742.0,165109.0,122041.67,167698.64,"{0: 16730, 1: 132012}","{0: 16443, 1: 148666}",16730.0,16443.0,132012.0,148666.0,0.0,0.0,0.0,0.0,0.0,0.0,0.0,0.0
1980,SH121980,NONAME,Mauritius,MUS,Plaines Wilhems,MUS.7_1,1980-02-01 12:00,1980-02-01 12:00,1980-02-07 00:00,1980-02-07 00:00,OFCL,OFCL,365517.0,294342.0,212409.33,40636.84,"{0: 28522, 1: 336995}","{0: 10979, 1: 283363}",28522.0,10979.0,336995.0,283363.0,0.0,0.0,0.0,0.0,0.0,0.0,0.0,0.0
1980,SH121980,NONAME,Mauritius,MUS,Port Louis,MUS.8_1,1980-02-01 12:00,1980-02-01 12:00,1980-02-07 00:00,1980-02-07 00:00,OFCL,OFCL,111040.0,100326.0,23353.4,8205.18,"{0: 54593, 1: 56447}","{0: 21192, 1: 79134}",54593.0,21192.0,56447.0,79134.0,0.0,0.0,0.0,0.0,0.0,0.0,0.0,0.0
1980,SH121980,NONAME,Mauritius,MUS,Rivière du Rempart,MUS.9_1,1980-02-01 12:00,,1980-02-07 00:00,,OFCL,,113200.0,,1049407.83,,"{0: 48117, 1: 65083}",,48117.0,,65083.0,,0.0,,0.0,,0.0,,0.0,
1980,SH121980,NONAME,Mauritius,MUS,,No Adm1,,1980-02-01 12:00,,1980-02-07 00:00,,OFCL,,43832.0,,3779556.33,,"{0: 307, 1: 33140, 2: 10385}",,307.0,,33140.0,,10385.0,,0.0,,0.0,,0.0
1980,SH121980,NONAME,Reunion,REU,Arrondissement_du_vent,REU,,1980-02-01 12:00,,1980-02-07 00:00,,OFCL,,1219.0,,0.09,,{0: 1219},,1219.0,,0.0,,0.0,,0.0,,0.0,,0.0
1980,SH121980,NONAME,Reunion,REU,Arrondissement_souse_le_vent,REU,,1980-02-01 12:00,,1980-02-07 00:00,,OFCL,,27176.0,,13.55,,{0: 27176},,27176.0,,0.0,,0.0,,0.0,,0.0,,0.0
1980,SH121980,NONAME,Reunion,REU,Saint-Benoît,REU.1_1,1980-02-01 12:00,,1980-02-07 00:00,,OFCL,,3247.0,,346028.92,,{0: 3247},,3247.0,,0.0,,0.0,,0.0,,0.0,,0.0,
1980,SH121980,NONAME,Reunion,REU,Saint-Denis,REU.2_1,1980-02-01 12:00,,1980-02-07 00:00,,OFCL,,630.0,,73681.85,,{0: 630},,630.0,,0.0,,0.0,,0.0,,0.0,,0.0,
1980,SH121980,NONAME,Reunion,REU,Saint-Pierre,REU.4_1,1980-02-01 12:00,,1980-02-07 00:00,,OFCL,,933.0,,103488.5,,{0: 933},,933.0,,0.0,,0.0,,0.0,,0.0,,0.0,
1980,SH181980,NONAME,Madagascar,MDG,Androy,MDG,,1980-02-25 12:00,,1980-03-13 00:00,,OFCL,,954114.0,,11820.4,,"{0: 772011, 1: 182103}",,772011.0,,182103.0,,0.0,,0.0,,0.0,,0.0
1980,SH181980,NONAME,Madagascar,MDG,Anosy,MDG,,1980-02-25 12:00,,1980-03-13 00:00,,OFCL,,202570.0,,822.49,,"{0: 195233, 1: 7337}",,195233.0,,7337.0,,0.0,,0.0,,0.0,,0.0
1980,SH181980,NONAME,Madagascar,MDG,Atsimo Andrefana,MDG,,1980-02-25 12:00,,1980-03-13 00:00,,OFCL,,43709.0,,4.59,,{0: 43709},,43709.0,,0.0,,0.0,,0.0,,0.0,,0.0
1980,SH181980,NONAME,Madagascar,MDG,Atsimo Atsinanana,MDG,,1980-02-25 12:00,,1980-03-13 00:00,,OFCL,,9554.0,,0.44,,{0: 9554},,9554.0,,0.0,,0.0,,0.0,,0.0,,0.0
1980,SH181980,NONAME,Madagascar,MDG,Fianarantsoa,MDG.3_1,1980-02-25 12:00,,1980-03-13 00:00,,OFCL,,27672.0,,2170.71,,"{0: 27370, 1: 302}",,27370.0,,302.0,,0.0,,0.0,,0.0,,0.0,
1980,SH181980,NONAME,Madagascar,MDG,Toliary,MDG.6_1,1980-02-25 12:00,,1980-03-13 00:00,,OFCL,,2036077.0,,992595.76,,"{0: 1108647, 1: 927133, 2: 297}",,1108647.0,,927133.0,,297.0,,0.0,,0.0,,0.0,
1980,SH181980,NONAME,Mauritius,MUS,Riviere Du Rempart,MUS,,1980-02-25 12:00,,1980-03-13 00:00,,OFCL,,123738.0,,360199.39,,{1: 123738},,0.0,,123738.0,,0.0,,0.0,,0.0,,0.0
1980,SH181980,NONAME,Mauritius,MUS,Savanne,MUS.12_1,1980-02-25 12:00,1980-02-25 12:00,1980-03-13 00:00,1980-03-13 00:00,OFCL,OFCL,70087.0,60507.0,161218.86,232290.72,{1: 70087},{1: 60507},0.0,0.0,70087.0,60507.0,0.0,0.0,0.0,0.0,0.0,0.0,0.0,0.0
1980,SH181980,NONAME,Mauritius,MUS,Black River,MUS.2_1,1980-02-25 12:00,1980-02-25 12:00,1980-03-13 00:00,1980-03-13 00:00,OFCL,OFCL,94560.0,72490.0,831830.72,1204725.24,"{1: 94467, 2: 93}",{1: 72490},0.0,0.0,94467.0,72490.0,93.0,0.0,0.0,0.0,0.0,0.0,0.0,0.0
1980,SH181980,NONAME,Mauritius,MUS,Flacq,MUS.3_1,1980-02-25 12:00,1980-02-25 12:00,1980-03-13 00:00,1980-03-13 00:00,OFCL,OFCL,140810.0,148203.0,213625.67,227844.52,{1: 140810},{1: 148203},0.0,0.0,140810.0,148203.0,0.0,0.0,0.0,0.0,0.0,0.0,0.0,0.0
1980,SH181980,NONAME,Mauritius,MUS,Grand Port,MUS.4_1,1980-02-25 12:00,1980-02-25 12:00,1980-03-13 00:00,1980-03-13 00:00,OFCL,OFCL,113523.0,117962.0,232073.99,260159.26,{1: 113523},{1: 117962},0.0,0.0,113523.0,117962.0,0.0,0.0,0.0,0.0,0.0,0.0,0.0,0.0
1980,SH181980,NONAME,Mauritius,MUS,Moka,MUS.5_1,1980-02-25 12:00,1980-02-25 12:00,1980-03-13 00:00,1980-03-13 00:00,OFCL,OFCL,88800.0,144916.0,257187.66,348489.06,{1: 88800},{1: 144916},0.0,0.0,88800.0,144916.0,0.0,0.0,0.0,0.0,0.0,0.0,0.0,0.0
1980,SH181980,NONAME,Mauritius,MUS,Pamplemousses,MUS.6_1,1980-02-25 12:00,1980-02-25 12:00,1980-03-13 00:00,1980-03-13 00:00,OFCL,OFCL,148742.0,165109.0,503925.66,901123.8,{1: 148742},{1: 165109},0.0,0.0,148742.0,165109.0,0.0,0.0,0.0,0.0,0.0,0.0,0.0,0.0
1980,SH181980,NONAME,Mauritius,MUS,Plaines Wilhems,MUS.7_1,1980-02-25 12:00,1980-02-25 12:00,1980-03-13 00:00,1980-03-13 00:00,OFCL,OFCL,365517.0,294342.0,1606231.19,528500.12,{1: 365517},{1: 294342},0.0,0.0,365517.0,294342.0,0.0,0.0,0.0,0.0,0.0,0.0,0.0,0.0
1980,SH181980,NONAME,Mauritius,MUS,Port Louis,MUS.8_1,1980-02-25 12:00,1980-02-25 12:00,1980-03-13 00:00,1980-03-13 00:00,OFCL,OFCL,111040.0,100326.0,293626.22,147726.21,{1: 111040},{1: 100326},0.0,0.0,111040.0,100326.0,0.0,0.0,0.0,0.0,0.0,0.0,0.0,0.0
1980,SH181980,NONAME,Mauritius,MUS,Rivière du Rempart,MUS.9_1,1980-02-25 12:00,,1980-03-13 00:00,,OFCL,,113200.0,,344483.02,,{1: 113200},,0.0,,113200.0,,0.0,,0.0,,0.0,,0.0,
1980,SH181980,NONAME,Mauritius,MUS,,No Adm1,,1980-02-25 12:00,,1980-03-13 00:00,,OFCL,,307.0,,613.98,,{1: 307},,0.0,,307.0,,0.0,,0.0,,0.0,,0.0
1980,SH181980,NONAME,Reunion,REU,Arrondissement_du_vent,REU,,1980-02-25 12:00,,1980-03-13 00:00,,OFCL,,256754.0,,1009363.11,,"{1: 253430, 2: 3324}",,0.0,,253430.0,,3324.0,,0.0,,0.0,,0.0
1980,SH181980,NONAME,Reunion,REU,Arrondissement_souse_le_vent,REU,,1980-02-25 12:00,,1980-03-13 00:00,,OFCL,,447764.0,,13342507.89,,"{1: 388482, 2: 59282}",,0.0,,388482.0,,59282.0,,0.0,,0.0,,0.0
1980,SH181980,NONAME,Reunion,REU,Saint-Benoît,REU.1_1,1980-02-25 12:00,,1980-03-13 00:00,,OFCL,,140447.0,,1946051.44,,"{1: 138850, 2: 1597}",,0.0,,138850.0,,1597.0,,0.0,,0.0,,0.0,
1980,SH181980,NONAME,Reunion,REU,Saint-Denis,REU.2_1,1980-02-25 12:00,,1980-03-13 00:00,,OFCL,,308269.0,,1096522.82,,"{1: 308153, 2: 116}",,0.0,,308153.0,,116.0,,0.0,,0.0,,0.0,
1980,SH181980,NONAME,Reunion,REU,Saint-Paul,REU.3_1,1980-02-25 12:00,,1980-03-13 00:00,,OFCL,,201260.0,,4166028.6,,"{1: 200967, 2: 293}",,0.0,,200967.0,,293.0,,0.0,,0.0,,0.0,
1980,SH181980,NONAME,Reunion,REU,Saint-Pierre,REU.4_1,1980-02-25 12:00,,1980-03-13 00:00,,OFCL,,313164.0,,14611934.97,,"{1: 261037, 2: 52127}",,0.0,,261037.0,,52127.0,,0.0,,0.0,,0.0,
1980,SH191980,NONAME,Mauritius,MUS,Riviere Du Rempart,MUS,,1980-03-08 00:00,,1980-03-17 00:00,,OFCL,,123738.0,,250528987.44,,"{3: 123738, 4: 0}",,0.0,,0.0,,0.0,,123738.0,,0.0,,0.0
1980,SH191980,NONAME,Mauritius,MUS,Rodriguez,MUS.10_1,1980-03-08 00:00,,1980-03-17 00:00,,OFCL,,363.0,,54453.68,,{0: 363},,363.0,,0.0,,0.0,,0.0,,0.0,,0.0,
1980,SH191980,NONAME,Mauritius,MUS,Savanne,MUS.12_1,1980-03-08 00:00,1980-03-08 00:00,1980-03-17 00:00,1980-03-17 00:00,OFCL,OFCL,70087.0,60507.0,41847740.41,129322512.72,{3: 70087},{3: 60507},0.0,0.0,0.0,0.0,0.0,0.0,70087.0,60507.0,0.0,0.0,0.0,0.0
1980,SH191980,NONAME,Mauritius,MUS,Agalega Islands,MUS.1_1,1980-03-08 00:00,,1980-03-17 00:00,,OFCL,,112.0,,0.59,,{0: 112},,112.0,,0.0,,0.0,,0.0,,0.0,,0.0,
1980,SH191980,NONAME,Mauritius,MUS,Black River,MUS.2_1,1980-03-08 00:00,1980-03-08 00:00,1980-03-17 00:00,1980-03-17 00:00,OFCL,OFCL,94560.0,72490.0,35485530.63,86622635.01,"{2: 441, 3: 94119}","{2: 1487, 3: 71003}",0.0,0.0,0.0,0.0,441.0,1487.0,94119.0,71003.0,0.0,0.0,0.0,0.0
1980,SH191980,NONAME,Mauritius,MUS,Flacq,MUS.3_1,1980-03-08 00:00,1980-03-08 00:00,1980-03-17 00:00,1980-03-17 00:00,OFCL,OFCL,140810.0,148203.0,132957912.18,421659000.38,{3: 140810},"{3: 147776, 4: 427}",0.0,0.0,0.0,0.0,0.0,0.0,140810.0,147776.0,0.0,427.0,0.0,0.0
1980,SH191980,NONAME,Mauritius,MUS,Grand Port,MUS.4_1,1980-03-08 00:00,1980-03-08 00:00,1980-03-17 00:00,1980-03-17 00:00,OFCL,OFCL,113523.0,117962.0,109576077.5,340270821.82,{3: 113523},{3: 117962},0.0,0.0,0.0,0.0,0.0,0.0,113523.0,117962.0,0.0,0.0,0.0,0.0
1980,SH191980,NONAME,Mauritius,MUS,Moka,MUS.5_1,1980-03-08 00:00,1980-03-08 00:00,1980-03-17 00:00,1980-03-17 00:00,OFCL,OFCL,88800.0,144916.0,59125695.05,136438270.97,{3: 88800},{3: 144916},0.0,0.0,0.0,0.0,0.0,0.0,88800.0,144916.0,0.0,0.0,0.0,0.0
1980,SH191980,NONAME,Mauritius,MUS,Pamplemousses,MUS.6_1,1980-03-08 00:00,1980-03-08 00:00,1980-03-17 00:00,1980-03-17 00:00,OFCL,OFCL,148742.0,165109.0,89008472.92,218119110.3,{3: 148742},{3: 165109},0.0,0.0,0.0,0.0,0.0,0.0,148742.0,165109.0,0.0,0.0,0.0,0.0
1980,SH191980,NONAME,Mauritius,MUS,Plaines Wilhems,MUS.7_1,1980-03-08 00:00,1980-03-08 00:00,1980-03-17 00:00,1980-03-17 00:00,OFCL,OFCL,365517.0,294342.0,145857035.2,91101982.56,"{2: 65, 3: 365452}","{2: 9094, 3: 285248}",0.0,0.0,0.0,0.0,65.0,9094.0,365452.0,285248.0,0.0,0.0,0.0,0.0
1980,SH191980,NONAME,Mauritius,MUS,Port Louis,MUS.8_1,1980-03-08 00:00,1980-03-08 00:00,1980-03-17 00:00,1980-03-17 00:00,OFCL,OFCL,111040.0,100326.0,46964792.76,29170572.58,{3: 111040},{3: 100326},0.0,0.0,0.0,0.0,0.0,0.0,111040.0,100326.0,0.0,0.0,0.0,0.0
1980,SH191980,NONAME,Mauritius,MUS,Rivière du Rempart,MUS.9_1,1980-03-08 00:00,,1980-03-17 00:00,,OFCL,,113200.0,,102999668.11,,{3: 113200},,0.0,,0.0,,0.0,,113200.0,,0.0,,0.0,
1980,SH191980,NONAME,Mauritius,MUS,,No Adm1,,1980-03-08 00:00,,1980-03-17 00:00,,OFCL,,1489.0,,519104.29,,"{0: 1182, 3: 307}",,1182.0,,0.0,,0.0,,307.0,,0.0,,0.0
1980,SH191980,NONAME,Reunion,REU,Arrondissement_du_vent,REU,,1980-03-08 00:00,,1980-03-17 00:00,,OFCL,,6753.0,,4.63,,{0: 6753},,6753.0,,0.0,,0.0,,0.0,,0.0,,0.0
1980,SH191980,NONAME,Reunion,REU,Arrondissement_souse_le_vent,REU,,1980-03-08 00:00,,1980-03-17 00:00,,OFCL,,83843.0,,208.88,,{0: 83843},,83843.0,,0.0,,0.0,,0.0,,0.0,,0.0
1980,SH191980,NONAME,Reunion,REU,Saint-Benoît,REU.1_1,1980-03-08 00:00,,1980-03-17 00:00,,OFCL,,130.0,,104.22,,{0: 130},,130.0,,0.0,,0.0,,0.0,,0.0,,0.0,
1980,SH191980,NONAME,Reunion,REU,Saint-Denis,REU.2_1,1980-03-08 00:00,,1980-03-17 00:00,,OFCL,,116.0,,3.37,,{0: 116},,116.0,,0.0,,0.0,,0.0,,0.0,,0.0,
1980,SH191980,NONAME,Reunion,REU,Saint-Paul,REU.3_1,1980-03-08 00:00,,1980-03-17 00:00,,OFCL,,398.0,,154476.26,,{0: 398},,398.0,,0.0,,0.0,,0.0,,0.0,,0.0,
1980,SH191980,NONAME,Reunion,REU,Saint-Pierre,REU.4_1,1980-03-08 00:00,,1980-03-17 00:00,,OFCL,,7385.0,,25461.21,,{0: 7385},,7385.0,,0.0,,0.0,,0.0,,0.0,,0.0,
1980,SH191980,NONAME,Seychelles,SYC,Beau Vallon,SYC.8_1,,1980-03-08 00:00,,1980-03-17 00:00,,OFCL,,0.0,,3.13,,{0: 0},,0.0,,0.0,,0.0,,0.0,,0.0,,0.0
1980,SH221980,NONAME,Madagascar,MDG,Analanjirofo,MDG,,1980-03-14 12:00,,1980-03-20 00:00,,OFCL,,253633.0,,399.4,,{0: 253633},,253633.0,,0.0,,0.0,,0.0,,0.0,,0.0
1980,SH221980,NONAME,Madagascar,MDG,Sava,MDG,,1980-03-14 12:00,,1980-03-20 00:00,,OFCL,,106133.0,,371.72,,"{0: 105960, 1: 173}",,105960.0,,173.0,,0.0,,0.0,,0.0,,0.0
1980,SH221980,NONAME,Madagascar,MDG,Sofia,MDG,,1980-03-14 12:00,,1980-03-20 00:00,,OFCL,,92030.0,,50.16,,{0: 92030},,92030.0,,0.0,,0.0,,0.0,,0.0,,0.0
1980,SH221980,NONAME,Madagascar,MDG,Antsiranana,MDG.2_1,1980-03-14 12:00,,1980-03-20 00:00,,OFCL,,244955.0,,46062.13,,"{0: 190980, 1: 53975}",,190980.0,,53975.0,,0.0,,0.0,,0.0,,0.0,
1980,SH221980,NONAME,Madagascar,MDG,Mahajanga,MDG.4_1,1980-03-14 12:00,,1980-03-20 00:00,,OFCL,,324418.0,,13545.8,,"{0: 311573, 1: 12845}",,311573.0,,12845.0,,0.0,,0.0,,0.0,,0.0,
1980,SH221980,NONAME,Madagascar,MDG,Toamasina,MDG.5_1,1980-03-14 12:00,,1980-03-20 00:00,,OFCL,,586704.0,,126729.17,,"{0: 488153, 1: 98551}",,488153.0,,98551.0,,0.0,,0.0,,0.0,,0.0,
1981,SH081981,NONAME,Mauritius,MUS,Riviere Du Rempart,MUS,,1981-01-04 00:00,,1981-01-10 12:00,,OFCL,,123738.0,,26076395.38,,"{2: 123350, 3: 388}",,0.0,,0.0,,123350.0,,388.0,,0.0,,0.0
1981,SH081981,NONAME,Mauritius,MUS,Savanne,MUS.12_1,1981-01-04 00:00,1981-01-04 00:00,1981-01-10 12:00,1981-01-10 12:00,OFCL,OFCL,70087.0,60507.0,3368758.58,7504794.44,"{1: 1, 2: 70086}",{2: 60507},0.0,0.0,1.0,0.0,70086.0,60507.0,0.0,0.0,0.0,0.0,0.0,0.0
1981,SH081981,NONAME,Mauritius,MUS,Black River,MUS.2_1,1981-01-04 00:00,1981-01-04 00:00,1981-01-10 12:00,1981-01-10 12:00,OFCL,OFCL,94560.0,72490.0,14756156.81,30183224.43,"{2: 85298, 3: 9262}","{2: 46453, 3: 26037}",0.0,0.0,0.0,0.0,85298.0,46453.0,9262.0,26037.0,0.0,0.0,0.0,0.0
1981,SH081981,NONAME,Mauritius,MUS,Flacq,MUS.3_1,1981-01-04 00:00,1981-01-04 00:00,1981-01-10 12:00,1981-01-10 12:00,OFCL,OFCL,140810.0,148203.0,9100479.39,17582093.31,{2: 140810},"{1: 856, 2: 147347}",0.0,0.0,0.0,856.0,140810.0,147347.0,0.0,0.0,0.0,0.0,0.0,0.0
1981,SH081981,NONAME,Mauritius,MUS,Grand Port,MUS.4_1,1981-01-04 00:00,1981-01-04 00:00,1981-01-10 12:00,1981-01-10 12:00,OFCL,OFCL,113523.0,117962.0,8892074.26,11326572.28,"{1: 2158, 2: 111365}","{1: 2461, 2: 115501}",0.0,0.0,2158.0,2461.0,111365.0,115501.0,0.0,0.0,0.0,0.0,0.0,0.0
1981,SH081981,NONAME,Mauritius,MUS,Moka,MUS.5_1,1981-01-04 00:00,1981-01-04 00:00,1981-01-10 12:00,1981-01-10 12:00,OFCL,OFCL,88800.0,144916.0,6598051.02,13348917.7,{2: 88800},"{1: 75, 2: 144841}",0.0,0.0,0.0,75.0,88800.0,144841.0,0.0,0.0,0.0,0.0,0.0,0.0
1981,SH081981,NONAME,Mauritius,MUS,Pamplemousses,MUS.6_1,1981-01-04 00:00,1981-01-04 00:00,1981-01-10 12:00,1981-01-10 12:00,OFCL,OFCL,148742.0,165109.0,14466032.58,30850517.39,"{2: 148584, 3: 158}","{2: 160843, 3: 4266}",0.0,0.0,0.0,0.0,148584.0,160843.0,158.0,4266.0,0.0,0.0,0.0,0.0
1981,SH081981,NONAME,Mauritius,MUS,Plaines Wilhems,MUS.7_1,1981-01-04 00:00,1981-01-04 00:00,1981-01-10 12:00,1981-01-10 12:00,OFCL,OFCL,365517.0,294342.0,37652537.5,21786340.88,{2: 365517},"{2: 294342, 3: 0}",0.0,0.0,0.0,0.0,365517.0,294342.0,0.0,0.0,0.0,0.0,0.0,0.0
1981,SH081981,NONAME,Mauritius,MUS,Port Louis,MUS.8_1,1981-01-04 00:00,1981-01-04 00:00,1981-01-10 12:00,1981-01-10 12:00,OFCL,OFCL,111040.0,100326.0,8614263.31,6672072.37,{2: 111040},{2: 100326},0.0,0.0,0.0,0.0,111040.0,100326.0,0.0,0.0,0.0,0.0,0.0,0.0
1981,SH081981,NONAME,Mauritius,MUS,Rivière du Rempart,MUS.9_1,1981-01-04 00:00,,1981-01-10 12:00,,OFCL,,113200.0,,18035215.33,,{2: 113200},,0.0,,0.0,,113200.0,,0.0,,0.0,,0.0,
1981,SH081981,NONAME,Mauritius,MUS,,No Adm1,,1981-01-04 00:00,,1981-01-10 12:00,,OFCL,,307.0,,31541.53,,{2: 307},,0.0,,0.0,,307.0,,0.0,,0.0,,0.0
1981,SH081981,NONAME,Reunion,REU,Arrondissement_du_vent,REU,,1981-01-04 00:00,,1981-01-10 12:00,,OFCL,,256754.0,,492058977.1,,"{3: 249878, 4: 6876}",,0.0,,0.0,,0.0,,249878.0,,6876.0,,0.0
1981,SH081981,NONAME,Reunion,REU,Arrondissement_souse_le_vent,REU,,1981-01-04 00:00,,1981-01-10 12:00,,OFCL,,447764.0,,2164775335.4,,"{3: 410961, 4: 36803}",,0.0,,0.0,,0.0,,410961.0,,36803.0,,0.0
1981,SH081981,NONAME,Reunion,REU,Saint-Benoît,REU.1_1,1981-01-04 00:00,,1981-01-10 12:00,,OFCL,,140447.0,,364343352.12,,"{3: 136783, 4: 3664}",,0.0,,0.0,,0.0,,136783.0,,3664.0,,0.0,
1981,SH081981,NONAME,Reunion,REU,Saint-Denis,REU.2_1,1981-01-04 00:00,,1981-01-10 12:00,,OFCL,,308269.0,,438119780.34,,"{3: 308083, 4: 186}",,0.0,,0.0,,0.0,,308083.0,,186.0,,0.0,
1981,SH081981,NONAME,Reunion,REU,Saint-Paul,REU.3_1,1981-01-04 00:00,,1981-01-10 12:00,,OFCL,,201260.0,,435481598.78,,"{3: 200880, 4: 380}",,0.0,,0.0,,0.0,,200880.0,,380.0,,0.0,
1981,SH081981,NONAME,Reunion,REU,Saint-Pierre,REU.4_1,1981-01-04 00:00,,1981-01-10 12:00,,OFCL,,313164.0,,956517874.09,,"{3: 289157, 4: 24007}",,0.0,,0.0,,0.0,,289157.0,,24007.0,,0.0,
1981,SH131981,NONAME,Madagascar,MDG,Androy,MDG,,1981-01-28 00:00,,1981-02-04 12:00,,OFCL,,1126466.0,,102115.19,,"{0: 662202, 1: 464264}",,662202.0,,464264.0,,0.0,,0.0,,0.0,,0.0
1981,SH131981,NONAME,Madagascar,MDG,Anosy,MDG,,1981-01-28 00:00,,1981-02-04 12:00,,OFCL,,640124.0,,85643.61,,"{0: 307693, 1: 332431}",,307693.0,,332431.0,,0.0,,0.0,,0.0,,0.0
1981,SH131981,NONAME,Madagascar,MDG,Atsimo Andrefana,MDG,,1981-01-28 00:00,,1981-02-04 12:00,,OFCL,,664232.0,,28573.0,,"{0: 490160, 1: 174072}",,490160.0,,174072.0,,0.0,,0.0,,0.0,,0.0
1981,SH131981,NONAME,Madagascar,MDG,Atsimo Atsinanana,MDG,,1981-01-28 00:00,,1981-02-04 12:00,,OFCL,,397712.0,,17266.49,,"{0: 339449, 1: 58263}",,339449.0,,58263.0,,0.0,,0.0,,0.0,,0.0
1981,SH131981,NONAME,Madagascar,MDG,Ihorombe,MDG,,1981-01-28 00:00,,1981-02-04 12:00,,OFCL,,112120.0,,893.39,,"{0: 106969, 1: 5151}",,106969.0,,5151.0,,0.0,,0.0,,0.0,,0.0
1981,SH131981,NONAME,Madagascar,MDG,Fianarantsoa,MDG.3_1,1981-01-28 00:00,,1981-02-04 12:00,,OFCL,,1158965.0,,400294.34,,"{0: 871866, 1: 270382, 2: 16717}",,871866.0,,270382.0,,16717.0,,0.0,,0.0,,0.0,
1981,SH131981,NONAME,Madagascar,MDG,Toliary,MDG.6_1,1981-01-28 00:00,,1981-02-04 12:00,,OFCL,,2968026.0,,3948508.59,,"{0: 437791, 1: 2505810, 2: 24425}",,437791.0,,2505810.0,,24425.0,,0.0,,0.0,,0.0,
1981,SH131981,NONAME,Mauritius,MUS,Rodriguez,MUS.10_1,1981-01-28 00:00,,1981-02-04 12:00,,OFCL,,44610.0,,6448.86,,{0: 44610},,44610.0,,0.0,,0.0,,0.0,,0.0,,0.0,
1981,SH131981,NONAME,Mauritius,MUS,,No Adm1,,1981-01-28 00:00,,1981-02-04 12:00,,OFCL,,40602.0,,6731.35,,{0: 40602},,40602.0,,0.0,,0.0,,0.0,,0.0,,0.0
1981,SH131981,NONAME,Reunion,REU,Arrondissement_souse_le_vent,REU,,1981-01-28 00:00,,1981-02-04 12:00,,OFCL,,1588.0,,0.0,,{0: 1588},,1588.0,,0.0,,0.0,,0.0,,0.0,,0.0
1981,SH131981,NONAME,Reunion,REU,Saint-Benoît,REU.1_1,1981-01-28 00:00,,1981-02-04 12:00,,OFCL,,20.0,,2.21,,{0: 20},,20.0,,0.0,,0.0,,0.0,,0.0,,0.0,
1981,SH131981,NONAME,Reunion,REU,Saint-Pierre,REU.4_1,1981-01-28 00:00,,1981-02-04 12:00,,OFCL,,15.0,,0.89,,{0: 15},,15.0,,0.0,,0.0,,0.0,,0.0,,0.0,
1981,SH171981,NONAME,Comoros,COM,Mwali,COM.1_1,1981-02-16 12:00,,1981-02-23 12:00,,OFCL,,8574.0,,29.95,,{0: 8574},,8574.0,,0.0,,0.0,,0.0,,0.0,,0.0,
1981,SH171981,NONAME,Madagascar,MDG,Amoron'i Mania,MDG,,1981-02-16 12:00,,1981-02-23 12:00,,OFCL,,421315.0,,765.42,,"{0: 421295, 1: 20}",,421295.0,,20.0,,0.0,,0.0,,0.0,,0.0
1981,SH171981,NONAME,Madagascar,MDG,Analamanga,MDG,,1981-02-16 12:00,,1981-02-23 12:00,,OFCL,,580336.0,,360.67,,{0: 580336},,580336.0,,0.0,,0.0,,0.0,,0.0,,0.0
1981,SH171981,NONAME,Madagascar,MDG,Atsinanana,MDG,,1981-02-16 12:00,,1981-02-23 12:00,,OFCL,,2541.0,,0.07,,{0: 2541},,2541.0,,0.0,,0.0,,0.0,,0.0,,0.0
1981,SH171981,NONAME,Madagascar,MDG,Betsiboka,MDG,,1981-02-16 12:00,,1981-02-23 12:00,,OFCL,,56367.0,,4427.8,,"{0: 45303, 1: 11064}",,45303.0,,11064.0,,0.0,,0.0,,0.0,,0.0
1981,SH171981,NONAME,Madagascar,MDG,Boeny,MDG,,1981-02-16 12:00,,1981-02-23 12:00,,OFCL,,524093.0,,48511.46,,"{0: 459406, 1: 64541, 2: 146}",,459406.0,,64541.0,,146.0,,0.0,,0.0,,0.0
1981,SH171981,NONAME,Madagascar,MDG,Bongolava,MDG,,1981-02-16 12:00,,1981-02-23 12:00,,OFCL,,587693.0,,66739.48,,"{0: 188873, 1: 398820}",,188873.0,,398820.0,,0.0,,0.0,,0.0,,0.0
1981,SH171981,NONAME,Madagascar,MDG,Diana,MDG,,1981-02-16 12:00,,1981-02-23 12:00,,OFCL,,852928.0,,67836.98,,"{0: 418398, 1: 434530}",,418398.0,,434530.0,,0.0,,0.0,,0.0,,0.0
1981,SH171981,NONAME,Madagascar,MDG,Haute Matsiatra,MDG,,1981-02-16 12:00,,1981-02-23 12:00,,OFCL,,37308.0,,3.68,,{0: 37308},,37308.0,,0.0,,0.0,,0.0,,0.0,,0.0
1981,SH171981,NONAME,Madagascar,MDG,Itasy,MDG,,1981-02-16 12:00,,1981-02-23 12:00,,OFCL,,682268.0,,8984.7,,"{0: 657328, 1: 24940}",,657328.0,,24940.0,,0.0,,0.0,,0.0,,0.0
1981,SH171981,NONAME,Madagascar,MDG,Melaky,MDG,,1981-02-16 12:00,,1981-02-23 12:00,,OFCL,,264871.0,,594918.9,,"{0: 87079, 1: 155800, 2: 21992}",,87079.0,,155800.0,,21992.0,,0.0,,0.0,,0.0
1981,SH171981,NONAME,Madagascar,MDG,Menabe,MDG,,1981-02-16 12:00,,1981-02-23 12:00,,OFCL,,127141.0,,8760.44,,"{0: 108299, 1: 18842}",,108299.0,,18842.0,,0.0,,0.0,,0.0,,0.0
1981,SH171981,NONAME,Madagascar,MDG,Sava,MDG,,1981-02-16 12:00,,1981-02-23 12:00,,OFCL,,358416.0,,8525.49,,"{0: 320578, 1: 37838}",,320578.0,,37838.0,,0.0,,0.0,,0.0,,0.0
1981,SH171981,NONAME,Madagascar,MDG,Sofia,MDG,,1981-02-16 12:00,,1981-02-23 12:00,,OFCL,,380281.0,,5650.34,,"{0: 352090, 1: 28191}",,352090.0,,28191.0,,0.0,,0.0,,0.0,,0.0
1981,SH171981,NONAME,Madagascar,MDG,Vakinakaratra,MDG,,1981-02-16 12:00,,1981-02-23 12:00,,OFCL,,1308497.0,,18557.58,,"{0: 1211599, 1: 96898}",,1211599.0,,96898.0,,0.0,,0.0,,0.0,,0.0
1981,SH171981,NONAME,Madagascar,MDG,Antananarivo,MDG.1_1,1981-02-16 12:00,,1981-02-23 12:00,,OFCL,,4724211.0,,2470396.32,,"{0: 2640990, 1: 2056648, 2: 26573}",,2640990.0,,2056648.0,,26573.0,,0.0,,0.0,,0.0,
1981,SH171981,NONAME,Madagascar,MDG,Antsiranana,MDG.2_1,1981-02-16 12:00,,1981-02-23 12:00,,OFCL,,1726245.0,,1851576.54,,"{0: 502004, 1: 1183442, 2: 40799}",,502004.0,,1183442.0,,40799.0,,0.0,,0.0,,0.0,
1981,SH171981,NONAME,Madagascar,MDG,Fianarantsoa,MDG.3_1,1981-02-16 12:00,,1981-02-23 12:00,,OFCL,,830644.0,,116125.78,,"{0: 579822, 1: 250822}",,579822.0,,250822.0,,0.0,,0.0,,0.0,,0.0,
1981,SH171981,NONAME,Madagascar,MDG,Mahajanga,MDG.4_1,1981-02-16 12:00,,1981-02-23 12:00,,OFCL,,2746522.0,,4558936.6,,"{0: 1801974, 1: 668729, 2: 274424, 3: 1395}",,1801974.0,,668729.0,,274424.0,,1395.0,,0.0,,0.0,
1981,SH171981,NONAME,Madagascar,MDG,Toamasina,MDG.5_1,1981-02-16 12:00,,1981-02-23 12:00,,OFCL,,2869.0,,5.5,,{0: 2869},,2869.0,,0.0,,0.0,,0.0,,0.0,,0.0,
1981,SH171981,NONAME,Madagascar,MDG,Toliary,MDG.6_1,1981-02-16 12:00,,1981-02-23 12:00,,OFCL,,393864.0,,95651.61,,"{0: 303711, 1: 88982, 2: 1171}",,303711.0,,88982.0,,1171.0,,0.0,,0.0,,0.0,
1981,SH171981,NONAME,Mayotte,MYT,Koungou,MYT.10_1,1981-02-16 12:00,,1981-02-23 12:00,,OFCL,,126.0,,0.03,,{0: 126},,126.0,,0.0,,0.0,,0.0,,0.0,,0.0,
1981,SH171981,NONAME,Mayotte,MYT,M'tsangamouji,MYT.11_1,1981-02-16 12:00,,1981-02-23 12:00,,OFCL,,753.0,,26.96,,{0: 753},,753.0,,0.0,,0.0,,0.0,,0.0,,0.0,
1981,SH171981,NONAME,Mayotte,MYT,Mtsamboro,MYT.13_1,1981-02-16 12:00,,1981-02-23 12:00,,OFCL,,681.0,,4.8,,{0: 681},,681.0,,0.0,,0.0,,0.0,,0.0,,0.0,
1981,SH171981,NONAME,Mayotte,MYT,Ouangani,MYT.14_1,1981-02-16 12:00,,1981-02-23 12:00,,OFCL,,544.0,,126.17,,{0: 544},,544.0,,0.0,,0.0,,0.0,,0.0,,0.0,
1981,SH171981,NONAME,Mayotte,MYT,Pamandzi,MYT.15_1,1981-02-16 12:00,,1981-02-23 12:00,,OFCL,,88.0,,17.51,,{0: 88},,88.0,,0.0,,0.0,,0.0,,0.0,,0.0,
1981,SH171981,NONAME,Mayotte,MYT,Tsingoni,MYT.17_1,1981-02-16 12:00,,1981-02-23 12:00,,OFCL,,1533.0,,158.84,,{0: 1533},,1533.0,,0.0,,0.0,,0.0,,0.0,,0.0,
1981,SH171981,NONAME,Mayotte,MYT,Acoua,MYT.1_1,1981-02-16 12:00,,1981-02-23 12:00,,OFCL,,510.0,,13.84,,{0: 510},,510.0,,0.0,,0.0,,0.0,,0.0,,0.0,
1981,SH171981,NONAME,Mayotte,MYT,Bandraboua,MYT.2_1,1981-02-16 12:00,,1981-02-23 12:00,,OFCL,,155.0,,2.07,,{0: 155},,155.0,,0.0,,0.0,,0.0,,0.0,,0.0,
1981,SH171981,NONAME,Mayotte,MYT,Bandrele,MYT.3_1,1981-02-16 12:00,,1981-02-23 12:00,,OFCL,,1196.0,,91.72,,{0: 1196},,1196.0,,0.0,,0.0,,0.0,,0.0,,0.0,
1981,SH171981,NONAME,Mayotte,MYT,Boueni,MYT.4_1,1981-02-16 12:00,,1981-02-23 12:00,,OFCL,,2038.0,,826.28,,{0: 2038},,2038.0,,0.0,,0.0,,0.0,,0.0,,0.0,
1981,SH171981,NONAME,Mayotte,MYT,Chiconi,MYT.5_1,1981-02-16 12:00,,1981-02-23 12:00,,OFCL,,725.0,,187.05,,{0: 725},,725.0,,0.0,,0.0,,0.0,,0.0,,0.0,
1981,SH171981,NONAME,Mayotte,MYT,Chirongui,MYT.6_1,1981-02-16 12:00,,1981-02-23 12:00,,OFCL,,955.0,,278.61,,{0: 955},,955.0,,0.0,,0.0,,0.0,,0.0,,0.0,
1981,SH171981,NONAME,Mayotte,MYT,Dembeni,MYT.7_1,1981-02-16 12:00,,1981-02-23 12:00,,OFCL,,489.0,,36.3,,{0: 489},,489.0,,0.0,,0.0,,0.0,,0.0,,0.0,
1981,SH171981,NONAME,Mayotte,MYT,Dzaoudzi,MYT.8_1,1981-02-16 12:00,,1981-02-23 12:00,,OFCL,,549.0,,31.96,,{0: 549},,549.0,,0.0,,0.0,,0.0,,0.0,,0.0,
1981,SH171981,NONAME,Mayotte,MYT,Kani-Keli,MYT.9_1,1981-02-16 12:00,,1981-02-23 12:00,,OFCL,,4847.0,,1219.46,,{0: 4847},,4847.0,,0.0,,0.0,,0.0,,0.0,,0.0,
1981,SH171981,NONAME,Mayotte,MYT,,No Adm1,,1981-02-16 12:00,,1981-02-23 12:00,,OFCL,,201802.0,,7459.24,,{0: 201802},,201802.0,,0.0,,0.0,,0.0,,0.0,,0.0
1981,SH221981,NONAME,Madagascar,MDG,Antananarivo,MDG.1_1,1981-03-01 12:00,,1981-03-10 00:00,,OFCL,,573843.0,,2848.92,,{0: 573843},,573843.0,,0.0,,0.0,,0.0,,0.0,,0.0,
1981,SH221981,NONAME,Madagascar,MDG,Toamasina,MDG.5_1,1981-03-01 12:00,,1981-03-10 00:00,,OFCL,,107.0,,0.29,,{0: 107},,107.0,,0.0,,0.0,,0.0,,0.0,,0.0,
1981,SH221981,NONAME,Mauritius,MUS,Riviere Du Rempart,MUS,,1981-03-01 12:00,,1981-03-10 00:00,,OFCL,,123738.0,,18739.35,,"{0: 105205, 1: 18533}",,105205.0,,18533.0,,0.0,,0.0,,0.0,,0.0
1981,SH221981,NONAME,Mauritius,MUS,Savanne,MUS.12_1,1981-03-01 12:00,1981-03-01 12:00,1981-03-10 00:00,1981-03-10 00:00,OFCL,OFCL,70087.0,60507.0,51029.76,209096.6,"{0: 25784, 1: 44303}","{0: 11828, 1: 48679}",25784.0,11828.0,44303.0,48679.0,0.0,0.0,0.0,0.0,0.0,0.0,0.0,0.0
1981,SH221981,NONAME,Mauritius,MUS,Black River,MUS.2_1,1981-03-01 12:00,1981-03-01 12:00,1981-03-10 00:00,1981-03-10 00:00,OFCL,OFCL,94560.0,72490.0,230512.76,274986.03,"{0: 1, 1: 94559}",{1: 72490},1.0,0.0,94559.0,72490.0,0.0,0.0,0.0,0.0,0.0,0.0,0.0,0.0
1981,SH221981,NONAME,Mauritius,MUS,Flacq,MUS.3_1,1981-03-01 12:00,1981-03-01 12:00,1981-03-10 00:00,1981-03-10 00:00,OFCL,OFCL,130389.0,148203.0,24918.17,22151.72,"{0: 129859, 1: 530}","{0: 139585, 1: 8618}",129859.0,139585.0,530.0,8618.0,0.0,0.0,0.0,0.0,0.0,0.0,0.0,0.0
1981,SH221981,NONAME,Mauritius,MUS,Grand Port,MUS.4_1,1981-03-01 12:00,1981-03-01 12:00,1981-03-10 00:00,1981-03-10 00:00,OFCL,OFCL,113523.0,117962.0,42977.76,57549.73,"{0: 60465, 1: 53058}","{0: 51923, 1: 66039}",60465.0,51923.0,53058.0,66039.0,0.0,0.0,0.0,0.0,0.0,0.0,0.0,0.0
1981,SH221981,NONAME,Mauritius,MUS,Moka,MUS.5_1,1981-03-01 12:00,1981-03-01 12:00,1981-03-10 00:00,1981-03-10 00:00,OFCL,OFCL,87423.0,144916.0,53163.97,78881.33,"{0: 21907, 1: 65516}","{0: 8533, 1: 136383}",21907.0,8533.0,65516.0,136383.0,0.0,0.0,0.0,0.0,0.0,0.0,0.0,0.0
1981,SH221981,NONAME,Mauritius,MUS,Pamplemousses,MUS.6_1,1981-03-01 12:00,1981-03-01 12:00,1981-03-10 00:00,1981-03-10 00:00,OFCL,OFCL,148742.0,165109.0,68431.23,123735.03,"{0: 46355, 1: 102387}","{0: 23198, 1: 141911}",46355.0,23198.0,102387.0,141911.0,0.0,0.0,0.0,0.0,0.0,0.0,0.0,0.0
1981,SH221981,NONAME,Mauritius,MUS,Plaines Wilhems,MUS.7_1,1981-03-01 12:00,1981-03-01 12:00,1981-03-10 00:00,1981-03-10 00:00,OFCL,OFCL,365517.0,294342.0,258750.37,74961.65,"{0: 8013, 1: 357504}","{0: 3288, 1: 291054}",8013.0,3288.0,357504.0,291054.0,0.0,0.0,0.0,0.0,0.0,0.0,0.0,0.0
1981,SH221981,NONAME,Mauritius,MUS,Port Louis,MUS.8_1,1981-03-01 12:00,1981-03-01 12:00,1981-03-10 00:00,1981-03-10 00:00,OFCL,OFCL,111040.0,100326.0,55634.41,11795.35,"{0: 100, 1: 110940}",{1: 100326},100.0,0.0,110940.0,100326.0,0.0,0.0,0.0,0.0,0.0,0.0,0.0,0.0
1981,SH221981,NONAME,Mauritius,MUS,Rivière du Rempart,MUS.9_1,1981-03-01 12:00,,1981-03-10 00:00,,OFCL,,70207.0,,24114.74,,"{0: 62207, 1: 8000}",,62207.0,,8000.0,,0.0,,0.0,,0.0,,0.0,
1981,SH221981,NONAME,Mauritius,MUS,,No Adm1,,1981-03-01 12:00,,1981-03-10 00:00,,OFCL,,307.0,,15.33,,{0: 307},,307.0,,0.0,,0.0,,0.0,,0.0,,0.0
1981,SH221981,NONAME,Reunion,REU,Arrondissement_du_vent,REU,,1981-03-01 12:00,,1981-03-10 00:00,,OFCL,,182759.0,,1556.03,,"{0: 180261, 1: 2498}",,180261.0,,2498.0,,0.0,,0.0,,0.0,,0.0
1981,SH221981,NONAME,Reunion,REU,Arrondissement_souse_le_vent,REU,,1981-03-01 12:00,,1981-03-10 00:00,,OFCL,,425008.0,,66783.31,,"{0: 388046, 1: 36962}",,388046.0,,36962.0,,0.0,,0.0,,0.0,,0.0
1981,SH221981,NONAME,Reunion,REU,Saint-Benoît,REU.1_1,1981-03-01 12:00,,1981-03-10 00:00,,OFCL,,47828.0,,2842.37,,"{0: 47684, 1: 144}",,47684.0,,144.0,,0.0,,0.0,,0.0,,0.0,
1981,SH221981,NONAME,Reunion,REU,Saint-Denis,REU.2_1,1981-03-01 12:00,,1981-03-10 00:00,,OFCL,,33167.0,,2547.14,,"{0: 33051, 1: 116}",,33051.0,,116.0,,0.0,,0.0,,0.0,,0.0,
1981,SH221981,NONAME,Reunion,REU,Saint-Paul,REU.3_1,1981-03-01 12:00,,1981-03-10 00:00,,OFCL,,101268.0,,77610.19,,"{0: 100736, 1: 532}",,100736.0,,532.0,,0.0,,0.0,,0.0,,0.0,
1981,SH221981,NONAME,Reunion,REU,Saint-Pierre,REU.4_1,1981-03-01 12:00,,1981-03-10 00:00,,OFCL,,167508.0,,174602.26,,"{0: 137892, 1: 29616}",,137892.0,,29616.0,,0.0,,0.0,,0.0,,0.0,
1981,SH261981,NONAME,Madagascar,MDG,Alaotra Mangoro,MDG,,1981-03-28 00:00,,1981-04-06 00:00,,OFCL,,2442.0,,0.0,,{0: 2442},,2442.0,,0.0,,0.0,,0.0,,0.0,,0.0
1981,SH261981,NONAME,Madagascar,MDG,Analanjirofo,MDG,,1981-03-28 00:00,,1981-04-06 00:00,,OFCL,,73283.0,,62.11,,{0: 73283},,73283.0,,0.0,,0.0,,0.0,,0.0,,0.0
1981,SH261981,NONAME,Madagascar,MDG,Atsinanana,MDG,,1981-03-28 00:00,,1981-04-06 00:00,,OFCL,,170205.0,,50.29,,{0: 170205},,170205.0,,0.0,,0.0,,0.0,,0.0,,0.0
1981,SH261981,NONAME,Madagascar,MDG,Vatovavy Fitovinany,MDG,,1981-03-28 00:00,,1981-04-06 00:00,,OFCL,,1639.0,,0.01,,{0: 1639},,1639.0,,0.0,,0.0,,0.0,,0.0,,0.0
1981,SH261981,NONAME,Madagascar,MDG,Antananarivo,MDG.1_1,1981-03-28 00:00,,1981-04-06 00:00,,OFCL,,207191.0,,386.41,,{0: 207191},,207191.0,,0.0,,0.0,,0.0,,0.0,,0.0,
1981,SH261981,NONAME,Madagascar,MDG,Antsiranana,MDG.2_1,1981-03-28 00:00,,1981-04-06 00:00,,OFCL,,4804.0,,15.96,,{0: 4804},,4804.0,,0.0,,0.0,,0.0,,0.0,,0.0,
1981,SH261981,NONAME,Madagascar,MDG,Fianarantsoa,MDG.3_1,1981-03-28 00:00,,1981-04-06 00:00,,OFCL,,373143.0,,1849.89,,{0: 373143},,373143.0,,0.0,,0.0,,0.0,,0.0,,0.0,
1981,SH261981,NONAME,Madagascar,MDG,Toamasina,MDG.5_1,1981-03-28 00:00,,1981-04-06 00:00,,OFCL,,1424800.0,,80712.99,,"{0: 1251150, 1: 173650}",,1251150.0,,173650.0,,0.0,,0.0,,0.0,,0.0,
1981,SH281981,NONAME,Mauritius,MUS,Riviere Du Rempart,MUS,,1981-04-06 00:00,,1981-04-14 12:00,,OFCL,,85242.0,,281.88,,{0: 85242},,85242.0,,0.0,,0.0,,0.0,,0.0,,0.0
1981,SH281981,NONAME,Mauritius,MUS,Savanne,MUS.12_1,,1981-04-06 00:00,,1981-04-14 12:00,,OFCL,,6271.0,,0.45,,{0: 6271},,6271.0,,0.0,,0.0,,0.0,,0.0,,0.0
1981,SH281981,NONAME,Mauritius,MUS,Black River,MUS.2_1,1981-04-06 00:00,1981-04-06 00:00,1981-04-14 12:00,1981-04-14 12:00,OFCL,OFCL,1846.0,34778.0,14.14,42.68,{0: 1846},{0: 34778},1846.0,34778.0,0.0,0.0,0.0,0.0,0.0,0.0,0.0,0.0,0.0,0.0
1981,SH281981,NONAME,Mauritius,MUS,Flacq,MUS.3_1,,1981-04-06 00:00,,1981-04-14 12:00,,OFCL,,51660.0,,25.18,,{0: 51660},,51660.0,,0.0,,0.0,,0.0,,0.0,,0.0
1981,SH281981,NONAME,Mauritius,MUS,Grand Port,MUS.4_1,,1981-04-06 00:00,,1981-04-14 12:00,,OFCL,,32028.0,,9.02,,{0: 32028},,32028.0,,0.0,,0.0,,0.0,,0.0,,0.0
1981,SH281981,NONAME,Mauritius,MUS,Moka,MUS.5_1,,1981-04-06 00:00,,1981-04-14 12:00,,OFCL,,54001.0,,16.99,,{0: 54001},,54001.0,,0.0,,0.0,,0.0,,0.0,,0.0
1981,SH281981,NONAME,Mauritius,MUS,Pamplemousses,MUS.6_1,1981-04-06 00:00,1981-04-06 00:00,1981-04-14 12:00,1981-04-14 12:00,OFCL,OFCL,2432.0,63345.0,26.82,64.22,{0: 2432},{0: 63345},2432.0,63345.0,0.0,0.0,0.0,0.0,0.0,0.0,0.0,0.0,0.0,0.0
1981,SH281981,NONAME,Mauritius,MUS,Plaines Wilhems,MUS.7_1,1981-04-06 00:00,1981-04-06 00:00,1981-04-14 12:00,1981-04-14 12:00,OFCL,OFCL,2065.0,42785.0,0.22,4.8,{0: 2065},{0: 42785},2065.0,42785.0,0.0,0.0,0.0,0.0,0.0,0.0,0.0,0.0,0.0,0.0
1981,SH281981,NONAME,Mauritius,MUS,Port Louis,MUS.8_1,,1981-04-06 00:00,,1981-04-14 12:00,,OFCL,,7833.0,,13.88,,{0: 7833},,7833.0,,0.0,,0.0,,0.0,,0.0,,0.0
1981,SH281981,NONAME,Mauritius,MUS,Rivière du Rempart,MUS.9_1,1981-04-06 00:00,,1981-04-14 12:00,,OFCL,,21978.0,,90.82,,{0: 21978},,21978.0,,0.0,,0.0,,0.0,,0.0,,0.0,
1981,SH281981,NONAME,Mauritius,MUS,,No Adm1,,1981-04-06 00:00,,1981-04-14 12:00,,OFCL,,307.0,,0.61,,{0: 307},,307.0,,0.0,,0.0,,0.0,,0.0,,0.0
1981,SH281981,NONAME,Reunion,REU,Arrondissement_du_vent,REU,,1981-04-06 00:00,,1981-04-14 12:00,,OFCL,,5604.0,,0.77,,{0: 5604},,5604.0,,0.0,,0.0,,0.0,,0.0,,0.0
1981,SH281981,NONAME,Reunion,REU,Arrondissement_souse_le_vent,REU,,1981-04-06 00:00,,1981-04-14 12:00,,OFCL,,5119.0,,0.76,,{0: 5119},,5119.0,,0.0,,0.0,,0.0,,0.0,,0.0
1981,SH281981,NONAME,Reunion,REU,Saint-Benoît,REU.1_1,1981-04-06 00:00,,1981-04-14 12:00,,OFCL,,20.0,,0.11,,{0: 20},,20.0,,0.0,,0.0,,0.0,,0.0,,0.0,
1981,SH281981,NONAME,Reunion,REU,Saint-Paul,REU.3_1,1981-04-06 00:00,,1981-04-14 12:00,,OFCL,,208.0,,35.61,,{0: 208},,208.0,,0.0,,0.0,,0.0,,0.0,,0.0,
1981,SH281981,NONAME,Reunion,REU,Saint-Pierre,REU.4_1,1981-04-06 00:00,,1981-04-14 12:00,,OFCL,,75.0,,10.22,,{0: 75},,75.0,,0.0,,0.0,,0.0,,0.0,,0.0,
1982,SH081982,NONAME,Mauritius,MUS,Rodriguez,MUS.10_1,1982-01-06 00:00,,1982-01-21 00:00,,OFCL,,44652.0,,34244275.57,,{3: 44652},,0.0,,0.0,,0.0,,44652.0,,0.0,,0.0,
1982,SH081982,NONAME,Mauritius,MUS,,No Adm1,,1982-01-06 00:00,,1982-01-21 00:00,,OFCL,,43525.0,,161112130.26,,{3: 43525},,0.0,,0.0,,0.0,,43525.0,,0.0,,0.0
1982,SH161982,NONAME,Madagascar,MDG,Alaotra Mangoro,MDG,,1982-01-30 00:00,,1982-02-06 12:00,,OFCL,,500366.0,,6188.67,,"{0: 457379, 1: 42987}",,457379.0,,42987.0,,0.0,,0.0,,0.0,,0.0
1982,SH161982,NONAME,Madagascar,MDG,Amoron'i Mania,MDG,,1982-01-30 00:00,,1982-02-06 12:00,,OFCL,,24089.0,,0.49,,{0: 24089},,24089.0,,0.0,,0.0,,0.0,,0.0,,0.0
1982,SH161982,NONAME,Madagascar,MDG,Analamanga,MDG,,1982-01-30 00:00,,1982-02-06 12:00,,OFCL,,3181627.0,,10054.99,,"{0: 3175082, 1: 6545}",,3175082.0,,6545.0,,0.0,,0.0,,0.0,,0.0
1982,SH161982,NONAME,Madagascar,MDG,Analanjirofo,MDG,,1982-01-30 00:00,,1982-02-06 12:00,,OFCL,,58719.0,,60.71,,"{0: 58628, 1: 91}",,58628.0,,91.0,,0.0,,0.0,,0.0,,0.0
1982,SH161982,NONAME,Madagascar,MDG,Atsinanana,MDG,,1982-01-30 00:00,,1982-02-06 12:00,,OFCL,,356518.0,,6691.53,,"{0: 346908, 1: 9610}",,346908.0,,9610.0,,0.0,,0.0,,0.0,,0.0
1982,SH161982,NONAME,Madagascar,MDG,Betsiboka,MDG,,1982-01-30 00:00,,1982-02-06 12:00,,OFCL,,3251.0,,0.59,,{0: 3251},,3251.0,,0.0,,0.0,,0.0,,0.0,,0.0
1982,SH161982,NONAME,Madagascar,MDG,Bongolava,MDG,,1982-01-30 00:00,,1982-02-06 12:00,,OFCL,,37934.0,,0.85,,{0: 37934},,37934.0,,0.0,,0.0,,0.0,,0.0,,0.0
1982,SH161982,NONAME,Madagascar,MDG,Itasy,MDG,,1982-01-30 00:00,,1982-02-06 12:00,,OFCL,,295261.0,,170.88,,{0: 295261},,295261.0,,0.0,,0.0,,0.0,,0.0,,0.0
1982,SH161982,NONAME,Madagascar,MDG,Melaky,MDG,,1982-01-30 00:00,,1982-02-06 12:00,,OFCL,,25129.0,,0.05,,{0: 25129},,25129.0,,0.0,,0.0,,0.0,,0.0,,0.0
1982,SH161982,NONAME,Madagascar,MDG,Vakinakaratra,MDG,,1982-01-30 00:00,,1982-02-06 12:00,,OFCL,,837829.0,,681.79,,{0: 837829},,837829.0,,0.0,,0.0,,0.0,,0.0,,0.0
1982,SH161982,NONAME,Madagascar,MDG,Antananarivo,MDG.1_1,1982-01-30 00:00,,1982-02-06 12:00,,OFCL,,6846560.0,,2452500.78,,"{0: 1502400, 1: 5344160}",,1502400.0,,5344160.0,,0.0,,0.0,,0.0,,0.0,
1982,SH161982,NONAME,Madagascar,MDG,Fianarantsoa,MDG.3_1,1982-01-30 00:00,,1982-02-06 12:00,,OFCL,,451543.0,,23690.4,,"{0: 433725, 1: 17818}",,433725.0,,17818.0,,0.0,,0.0,,0.0,,0.0,
1982,SH161982,NONAME,Madagascar,MDG,Mahajanga,MDG.4_1,1982-01-30 00:00,,1982-02-06 12:00,,OFCL,,271253.0,,8814.62,,"{0: 268108, 1: 3145}",,268108.0,,3145.0,,0.0,,0.0,,0.0,,0.0,
1982,SH161982,NONAME,Madagascar,MDG,Toamasina,MDG.5_1,1982-01-30 00:00,,1982-02-06 12:00,,OFCL,,2091003.0,,1397946.45,,"{0: 1019375, 1: 1053419, 2: 18209}",,1019375.0,,1053419.0,,18209.0,,0.0,,0.0,,0.0,
1982,SH161982,NONAME,Madagascar,MDG,Toliary,MDG.6_1,1982-01-30 00:00,,1982-02-06 12:00,,OFCL,,9421.0,,48.53,,{0: 9421},,9421.0,,0.0,,0.0,,0.0,,0.0,,0.0,
1982,SH161982,NONAME,Mozambique,MOZ,Tete,MOZ.10_1,1982-01-30 00:00,,1982-02-06 12:00,,OFCL,,37.0,,0.01,,{0: 37},,37.0,,0.0,,0.0,,0.0,,0.0,,0.0,
1982,SH161982,NONAME,Mozambique,MOZ,Zambezia,MOZ.11_1,1982-01-30 00:00,1982-01-30 00:00,1982-02-06 12:00,1982-02-06 12:00,OFCL,OFCL,1152408.0,231367.0,34933.95,8.45,"{0: 1126288, 1: 26120}",{0: 231367},1126288.0,231367.0,26120.0,0.0,0.0,0.0,0.0,0.0,0.0,0.0,0.0,0.0
1982,SH161982,NONAME,Mozambique,MOZ,Nampula,MOZ.7_1,1982-01-30 00:00,1982-01-30 00:00,1982-02-06 12:00,1982-02-06 12:00,OFCL,OFCL,69.0,29.0,2504.55,0.07,{0: 69},{0: 29},69.0,29.0,0.0,0.0,0.0,0.0,0.0,0.0,0.0,0.0,0.0,0.0
1982,SH161982,NONAME,Mozambique,MOZ,Sofala,MOZ.9_1,1982-01-30 00:00,,1982-02-06 12:00,,OFCL,,119.0,,0.01,,{0: 119},,119.0,,0.0,,0.0,,0.0,,0.0,,0.0,
1982,SH201982,NONAME,Madagascar,MDG,Androy,MDG,,1982-02-22 12:00,,1982-02-25 12:00,,OFCL,,0.0,,0.0,,{0: 0},,0.0,,0.0,,0.0,,0.0,,0.0,,0.0
1982,SH201982,NONAME,Madagascar,MDG,Anosy,MDG,,1982-02-22 12:00,,1982-02-25 12:00,,OFCL,,90.0,,7.08,,{0: 90},,90.0,,0.0,,0.0,,0.0,,0.0,,0.0
1982,SH201982,NONAME,Madagascar,MDG,Atsimo Andrefana,MDG,,1982-02-22 12:00,,1982-02-25 12:00,,OFCL,,1875.0,,0.04,,{0: 1875},,1875.0,,0.0,,0.0,,0.0,,0.0,,0.0
1982,SH201982,NONAME,Madagascar,MDG,Toliary,MDG.6_1,1982-02-22 12:00,,1982-02-25 12:00,,OFCL,,328514.0,,31548.07,,{0: 328514},,328514.0,,0.0,,0.0,,0.0,,0.0,,0.0,
1982,SH241982,NONAME,Madagascar,MDG,Alaotra Mangoro,MDG,,1982-03-16 06:00,,1982-03-25 18:00,,OFCL,,74082.0,,116.19,,"{0: 73413, 1: 669}",,73413.0,,669.0,,0.0,,0.0,,0.0,,0.0
1982,SH241982,NONAME,Madagascar,MDG,Amoron'i Mania,MDG,,1982-03-16 06:00,,1982-03-25 18:00,,OFCL,,37232.0,,1.0,,{0: 37232},,37232.0,,0.0,,0.0,,0.0,,0.0,,0.0
1982,SH241982,NONAME,Madagascar,MDG,Analanjirofo,MDG,,1982-03-16 06:00,,1982-03-25 18:00,,OFCL,,517289.0,,374615.88,,"{0: 267899, 1: 224763, 2: 24627}",,267899.0,,224763.0,,24627.0,,0.0,,0.0,,0.0
1982,SH241982,NONAME,Madagascar,MDG,Androy,MDG,,1982-03-16 06:00,,1982-03-25 18:00,,OFCL,,1128834.0,,3262508.68,,"{0: 23909, 1: 874574, 2: 230351}",,23909.0,,874574.0,,230351.0,,0.0,,0.0,,0.0
1982,SH241982,NONAME,Madagascar,MDG,Anosy,MDG,,1982-03-16 06:00,,1982-03-25 18:00,,OFCL,,577629.0,,85143.37,,"{0: 354257, 1: 223372}",,354257.0,,223372.0,,0.0,,0.0,,0.0,,0.0
1982,SH241982,NONAME,Madagascar,MDG,Atsimo Andrefana,MDG,,1982-03-16 06:00,,1982-03-25 18:00,,OFCL,,1499070.0,,23125729.14,,"{0: 35368, 1: 275120, 2: 1137017, 3: 51565}",,35368.0,,275120.0,,1137017.0,,51565.0,,0.0,,0.0
1982,SH241982,NONAME,Madagascar,MDG,Atsimo Atsinanana,MDG,,1982-03-16 06:00,,1982-03-25 18:00,,OFCL,,100336.0,,1311.31,,"{0: 80949, 1: 19387}",,80949.0,,19387.0,,0.0,,0.0,,0.0,,0.0
1982,SH241982,NONAME,Madagascar,MDG,Betsiboka,MDG,,1982-03-16 06:00,,1982-03-25 18:00,,OFCL,,47212.0,,29.81,,{0: 47212},,47212.0,,0.0,,0.0,,0.0,,0.0,,0.0
1982,SH241982,NONAME,Madagascar,MDG,Boeny,MDG,,1982-03-16 06:00,,1982-03-25 18:00,,OFCL,,996767.0,,39549.52,,"{0: 684119, 1: 312648}",,684119.0,,312648.0,,0.0,,0.0,,0.0,,0.0
1982,SH241982,NONAME,Madagascar,MDG,Bongolava,MDG,,1982-03-16 06:00,,1982-03-25 18:00,,OFCL,,30.0,,0.0,,{0: 30},,30.0,,0.0,,0.0,,0.0,,0.0,,0.0
1982,SH241982,NONAME,Madagascar,MDG,Diana,MDG,,1982-03-16 06:00,,1982-03-25 18:00,,OFCL,,862893.0,,801805.63,,"{0: 146977, 1: 655771, 2: 59016, 3: 1129}",,146977.0,,655771.0,,59016.0,,1129.0,,0.0,,0.0
1982,SH241982,NONAME,Madagascar,MDG,Haute Matsiatra,MDG,,1982-03-16 06:00,,1982-03-25 18:00,,OFCL,,298655.0,,89.42,,{0: 298655},,298655.0,,0.0,,0.0,,0.0,,0.0,,0.0
1982,SH241982,NONAME,Madagascar,MDG,Ihorombe,MDG,,1982-03-16 06:00,,1982-03-25 18:00,,OFCL,,387241.0,,18009.24,,"{0: 310876, 1: 76365}",,310876.0,,76365.0,,0.0,,0.0,,0.0,,0.0
1982,SH241982,NONAME,Madagascar,MDG,Melaky,MDG,,1982-03-16 06:00,,1982-03-25 18:00,,OFCL,,157953.0,,39467.24,,"{0: 101986, 1: 55958, 2: 9}",,101986.0,,55958.0,,9.0,,0.0,,0.0,,0.0
1982,SH241982,NONAME,Madagascar,MDG,Menabe,MDG,,1982-03-16 06:00,,1982-03-25 18:00,,OFCL,,229762.0,,26377.45,,"{0: 193429, 1: 36333}",,193429.0,,36333.0,,0.0,,0.0,,0.0,,0.0
1982,SH241982,NONAME,Madagascar,MDG,Sava,MDG,,1982-03-16 06:00,,1982-03-25 18:00,,OFCL,,1024725.0,,16971334.55,,"{0: 19607, 1: 167506, 2: 791664, 3: 45948}",,19607.0,,167506.0,,791664.0,,45948.0,,0.0,,0.0
1982,SH241982,NONAME,Madagascar,MDG,Sofia,MDG,,1982-03-16 06:00,,1982-03-25 18:00,,OFCL,,1479179.0,,5229808.56,,"{0: 579366, 1: 701462, 2: 190790, 3: 7561}",,579366.0,,701462.0,,190790.0,,7561.0,,0.0,,0.0
1982,SH241982,NONAME,Madagascar,MDG,Vakinakaratra,MDG,,1982-03-16 06:00,,1982-03-25 18:00,,OFCL,,8095.0,,0.01,,{0: 8095},,8095.0,,0.0,,0.0,,0.0,,0.0,,0.0
1982,SH241982,NONAME,Madagascar,MDG,Vatovavy Fitovinany,MDG,,1982-03-16 06:00,,1982-03-25 18:00,,OFCL,,1301.0,,0.0,,{0: 1301},,1301.0,,0.0,,0.0,,0.0,,0.0,,0.0
1982,SH241982,NONAME,Madagascar,MDG,Antananarivo,MDG.1_1,1982-03-16 06:00,,1982-03-25 18:00,,OFCL,,919956.0,,5136.51,,{0: 919956},,919956.0,,0.0,,0.0,,0.0,,0.0,,0.0,
1982,SH241982,NONAME,Madagascar,MDG,Antsiranana,MDG.2_1,1982-03-16 06:00,,1982-03-25 18:00,,OFCL,,2123061.0,,54511092.91,,"{0: 5, 1: 662159, 2: 732890, 3: 727997, 4: 10}",,5.0,,662159.0,,732890.0,,727997.0,,10.0,,0.0,
1982,SH241982,NONAME,Madagascar,MDG,Fianarantsoa,MDG.3_1,1982-03-16 06:00,,1982-03-25 18:00,,OFCL,,2132847.0,,529303.59,,"{0: 1666800, 1: 458986, 2: 7061}",,1666800.0,,458986.0,,7061.0,,0.0,,0.0,,0.0,
1982,SH241982,NONAME,Madagascar,MDG,Mahajanga,MDG.4_1,1982-03-16 06:00,,1982-03-25 18:00,,OFCL,,3569750.0,,16846400.91,,"{0: 670302, 1: 2348753, 2: 408740, 3: 141955}",,670302.0,,2348753.0,,408740.0,,141955.0,,0.0,,0.0,
1982,SH241982,NONAME,Madagascar,MDG,Toamasina,MDG.5_1,1982-03-16 06:00,,1982-03-25 18:00,,OFCL,,1221276.0,,2118718.94,,"{0: 795307, 1: 327653, 2: 97180, 3: 1136}",,795307.0,,327653.0,,97180.0,,1136.0,,0.0,,0.0,
1982,SH241982,NONAME,Madagascar,MDG,Toliary,MDG.6_1,1982-03-16 06:00,,1982-03-25 18:00,,OFCL,,4290917.0,,86328896.04,,"{0: 756476, 1: 1112237, 2: 1392595, 3: 1029609}",,756476.0,,1112237.0,,1392595.0,,1029609.0,,0.0,,0.0,
1982,SH241982,NONAME,Mozambique,MOZ,Zambezia,MOZ.11_1,1982-03-16 06:00,1982-03-16 06:00,1982-03-25 18:00,1982-03-25 18:00,OFCL,OFCL,3432290.0,2307244.0,16589417.49,1764433.88,"{0: 1461442, 1: 1572097, 2: 276784, 3: 121967}","{0: 1641338, 1: 560047, 2: 105859}",1461442.0,1641338.0,1572097.0,560047.0,276784.0,105859.0,121967.0,0.0,0.0,0.0,0.0,0.0
1982,SH241982,NONAME,Mozambique,MOZ,Inhambane,MOZ.3_1,1982-03-16 06:00,1982-03-16 06:00,1982-03-25 18:00,1982-03-25 18:00,OFCL,OFCL,253.0,10.0,10410.45,0.05,{0: 253},{0: 10},253.0,10.0,0.0,0.0,0.0,0.0,0.0,0.0,0.0,0.0,0.0,0.0
1982,SH241982,NONAME,Mozambique,MOZ,Nampula,MOZ.7_1,1982-03-16 06:00,1982-03-16 06:00,1982-03-25 18:00,1982-03-25 18:00,OFCL,OFCL,4157835.0,2853538.0,15478616.42,1654869.35,"{0: 2331574, 1: 1115281, 2: 614332, 3: 96648}","{0: 1717859, 1: 908940, 2: 226739}",2331574.0,1717859.0,1115281.0,908940.0,614332.0,226739.0,96648.0,0.0,0.0,0.0,0.0,0.0
1982,SH241982,NONAME,Mozambique,MOZ,Sofala,MOZ.9_1,1982-03-16 06:00,1982-03-16 06:00,1982-03-25 18:00,1982-03-25 18:00,OFCL,OFCL,5050.0,957.0,86934.67,10153.65,{0: 5050},{0: 957},5050.0,957.0,0.0,0.0,0.0,0.0,0.0,0.0,0.0,0.0,0.0,0.0
1983,SH041983,NONAME,Mauritius,MUS,Riviere Du Rempart,MUS,,1982-11-29 12:00,,1982-12-06 00:00,,OFCL,,49020.0,,17.54,,{0: 49020},,49020.0,,0.0,,0.0,,0.0,,0.0,,0.0
1983,SH041983,NONAME,Mauritius,MUS,Rodriguez,MUS.10_1,1982-11-29 12:00,,1982-12-06 00:00,,OFCL,,73.0,,8289.12,,{0: 73},,73.0,,0.0,,0.0,,0.0,,0.0,,0.0,
1983,SH041983,NONAME,Mauritius,MUS,Savanne,MUS.12_1,,1982-11-29 12:00,,1982-12-06 00:00,,OFCL,,14771.0,,0.78,,{0: 14771},,14771.0,,0.0,,0.0,,0.0,,0.0,,0.0
1983,SH041983,NONAME,Mauritius,MUS,Agalega Islands,MUS.1_1,1982-11-29 12:00,,1982-12-06 00:00,,OFCL,,262.0,,4.46,,{0: 262},,262.0,,0.0,,0.0,,0.0,,0.0,,0.0,
1983,SH041983,NONAME,Mauritius,MUS,Black River,MUS.2_1,1982-11-29 12:00,1982-11-29 12:00,1982-12-06 00:00,1982-12-06 00:00,OFCL,OFCL,2266.0,75.0,221645.23,0.0,{0: 2266},{0: 75},2266.0,75.0,0.0,0.0,0.0,0.0,0.0,0.0,0.0,0.0,0.0,0.0
1983,SH041983,NONAME,Mauritius,MUS,Flacq,MUS.3_1,1982-11-29 12:00,1982-11-29 12:00,1982-12-06 00:00,1982-12-06 00:00,OFCL,OFCL,8777.0,101601.0,62646.19,444.18,{0: 8777},{0: 101601},8777.0,101601.0,0.0,0.0,0.0,0.0,0.0,0.0,0.0,0.0,0.0,0.0
1983,SH041983,NONAME,Mauritius,MUS,Grand Port,MUS.4_1,1982-11-29 12:00,1982-11-29 12:00,1982-12-06 00:00,1982-12-06 00:00,OFCL,OFCL,15471.0,43472.0,68141.8,166.73,{0: 15471},{0: 43472},15471.0,43472.0,0.0,0.0,0.0,0.0,0.0,0.0,0.0,0.0,0.0,0.0
1983,SH041983,NONAME,Mauritius,MUS,Moka,MUS.5_1,,1982-11-29 12:00,,1982-12-06 00:00,,OFCL,,26830.0,,1.0,,{0: 26830},,26830.0,,0.0,,0.0,,0.0,,0.0,,0.0
1983,SH041983,NONAME,Mauritius,MUS,Pamplemousses,MUS.6_1,1982-11-29 12:00,1982-11-29 12:00,1982-12-06 00:00,1982-12-06 00:00,OFCL,OFCL,343.0,23503.0,32657.3,3.05,{0: 343},{0: 23503},343.0,23503.0,0.0,0.0,0.0,0.0,0.0,0.0,0.0,0.0,0.0,0.0
1983,SH041983,NONAME,Mauritius,MUS,Port Louis,MUS.8_1,1982-11-29 12:00,1982-11-29 12:00,1982-12-06 00:00,1982-12-06 00:00,OFCL,OFCL,228.0,2884.0,28120.82,0.02,{0: 228},{0: 2884},228.0,2884.0,0.0,0.0,0.0,0.0,0.0,0.0,0.0,0.0,0.0,0.0
1983,SH041983,NONAME,Mauritius,MUS,Rivière du Rempart,MUS.9_1,1982-11-29 12:00,,1982-12-06 00:00,,OFCL,,719.0,,10528.05,,{0: 719},,719.0,,0.0,,0.0,,0.0,,0.0,,0.0,
1983,SH041983,NONAME,Mauritius,MUS,,No Adm1,,1982-11-29 12:00,,1982-12-06 00:00,,OFCL,,307.0,,0.01,,{0: 307},,307.0,,0.0,,0.0,,0.0,,0.0,,0.0
1983,SH041983,NONAME,Seychelles,SYC,Beau Vallon,SYC.8_1,,1982-11-29 12:00,,1982-12-06 00:00,,OFCL,,0.0,,11.51,,{0: 0},,0.0,,0.0,,0.0,,0.0,,0.0,,0.0
1983,SH081983,NONAME,Comoros,COM,Anjouan,COM,,1983-01-10 00:00,,1983-01-16 12:00,,OFCL,,61781.0,,36617.01,,"{0: 20011, 1: 41770}",,20011.0,,41770.0,,0.0,,0.0,,0.0,,0.0
1983,SH081983,NONAME,Comoros,COM,Moheli,COM,,1983-01-10 00:00,,1983-01-16 12:00,,OFCL,,244837.0,,27107.21,,{1: 244837},,0.0,,244837.0,,0.0,,0.0,,0.0,,0.0
1983,SH081983,NONAME,Comoros,COM,Ngazidja,COM,,1983-01-10 00:00,,1983-01-16 12:00,,OFCL,,305005.0,,50322.92,,"{0: 93161, 1: 211844}",,93161.0,,211844.0,,0.0,,0.0,,0.0,,0.0
1983,SH081983,NONAME,Comoros,COM,Mwali,COM.1_1,1983-01-10 00:00,,1983-01-16 12:00,,OFCL,,67648.0,,405888.5,,"{1: 67156, 2: 492}",,0.0,,67156.0,,492.0,,0.0,,0.0,,0.0,
1983,SH081983,NONAME,Comoros,COM,Njazídja,COM.2_1,1983-01-10 00:00,,1983-01-16 12:00,,OFCL,,461408.0,,2760882.93,,"{1: 460953, 2: 455}",,0.0,,460953.0,,455.0,,0.0,,0.0,,0.0,
1983,SH081983,NONAME,Comoros,COM,Nzwani,COM.3_1,1983-01-10 00:00,,1983-01-16 12:00,,OFCL,,363755.0,,2768848.04,,"{1: 78919, 2: 284836}",,0.0,,78919.0,,284836.0,,0.0,,0.0,,0.0,
1983,SH081983,NONAME,Madagascar,MDG,Atsimo Andrefana,MDG,,1983-01-10 00:00,,1983-01-16 12:00,,OFCL,,5.0,,29.65,,{0: 5},,5.0,,0.0,,0.0,,0.0,,0.0,,0.0
1983,SH081983,NONAME,Madagascar,MDG,Menabe,MDG,,1983-01-10 00:00,,1983-01-16 12:00,,OFCL,,1004.0,,699.5,,{0: 1004},,1004.0,,0.0,,0.0,,0.0,,0.0,,0.0
1983,SH081983,NONAME,Madagascar,MDG,Mahajanga,MDG.4_1,1983-01-10 00:00,,1983-01-16 12:00,,OFCL,,4058.0,,54.95,,{0: 4058},,4058.0,,0.0,,0.0,,0.0,,0.0,,0.0,
1983,SH081983,NONAME,Mozambique,MOZ,Zambezia,MOZ.11_1,1983-01-10 00:00,1983-01-10 00:00,1983-01-16 12:00,1983-01-16 12:00,OFCL,OFCL,2488016.0,1321443.0,3941043.58,147776.4,"{0: 1599445, 1: 702325, 2: 186246}","{0: 1083186, 1: 237197, 2: 1060}",1599445.0,1083186.0,702325.0,237197.0,186246.0,1060.0,0.0,0.0,0.0,0.0,0.0,0.0
1983,SH081983,NONAME,Mozambique,MOZ,Cabo Delgado,MOZ.1_1,1983-01-10 00:00,1983-01-10 00:00,1983-01-16 12:00,1983-01-16 12:00,OFCL,OFCL,839816.0,461361.0,102294.15,576.95,"{0: 480085, 1: 359731}",{0: 461361},480085.0,461361.0,359731.0,0.0,0.0,0.0,0.0,0.0,0.0,0.0,0.0,0.0
1983,SH081983,NONAME,Mozambique,MOZ,Inhambane,MOZ.3_1,1983-01-10 00:00,1983-01-10 00:00,1983-01-16 12:00,1983-01-16 12:00,OFCL,OFCL,299.0,10.0,977.93,0.11,{0: 299},{0: 10},299.0,10.0,0.0,0.0,0.0,0.0,0.0,0.0,0.0,0.0,0.0,0.0
1983,SH081983,NONAME,Mozambique,MOZ,Nampula,MOZ.7_1,1983-01-10 00:00,1983-01-10 00:00,1983-01-16 12:00,1983-01-16 12:00,OFCL,OFCL,5628517.0,5244090.0,66008882.3,8680900.29,"{0: 393448, 1: 2464171, 2: 2310645, 3: 460253}","{0: 899311, 1: 3081050, 2: 1263729}",393448.0,899311.0,2464171.0,3081050.0,2310645.0,1263729.0,460253.0,0.0,0.0,0.0,0.0,0.0
1983,SH081983,NONAME,Mozambique,MOZ,Sofala,MOZ.9_1,1983-01-10 00:00,1983-01-10 00:00,1983-01-16 12:00,1983-01-16 12:00,OFCL,OFCL,2088.0,953.0,20247.97,658.64,{0: 2088},{0: 953},2088.0,953.0,0.0,0.0,0.0,0.0,0.0,0.0,0.0,0.0,0.0,0.0
1983,SH081983,NONAME,Mayotte,MYT,Mtsamboro,MYT.13_1,1983-01-10 00:00,,1983-01-16 12:00,,OFCL,,41.0,,0.02,,{0: 41},,41.0,,0.0,,0.0,,0.0,,0.0,,0.0,
1983,SH081983,NONAME,Mayotte,MYT,Acoua,MYT.1_1,1983-01-10 00:00,,1983-01-16 12:00,,OFCL,,124.0,,0.21,,{0: 124},,124.0,,0.0,,0.0,,0.0,,0.0,,0.0,
1983,SH081983,NONAME,Mayotte,MYT,Bandraboua,MYT.2_1,1983-01-10 00:00,,1983-01-16 12:00,,OFCL,,106.0,,0.7,,{0: 106},,106.0,,0.0,,0.0,,0.0,,0.0,,0.0,
1983,SH081983,NONAME,Mayotte,MYT,,No Adm1,,1983-01-10 00:00,,1983-01-16 12:00,,OFCL,,72307.0,,62.81,,{0: 72307},,72307.0,,0.0,,0.0,,0.0,,0.0,,0.0
1984,SH071984,NONAME,Comoros,COM,Anjouan,COM,,1983-12-05 18:00,,1983-12-16 06:00,,OFCL,,58432.0,,7252.64,,"{0: 40442, 1: 17990}",,40442.0,,17990.0,,0.0,,0.0,,0.0,,0.0
1984,SH071984,NONAME,Comoros,COM,Moheli,COM,,1983-12-05 18:00,,1983-12-16 06:00,,OFCL,,74649.0,,0.99,,{0: 74649},,74649.0,,0.0,,0.0,,0.0,,0.0,,0.0
1984,SH071984,NONAME,Comoros,COM,Mwali,COM.1_1,1983-12-05 18:00,,1983-12-16 06:00,,OFCL,,67648.0,,195361.29,,"{0: 12706, 1: 54942}",,12706.0,,54942.0,,0.0,,0.0,,0.0,,0.0,
1984,SH071984,NONAME,Comoros,COM,Njazídja,COM.2_1,1983-12-05 18:00,,1983-12-16 06:00,,OFCL,,35786.0,,95.21,,{0: 35786},,35786.0,,0.0,,0.0,,0.0,,0.0,,0.0,
1984,SH071984,NONAME,Comoros,COM,Nzwani,COM.3_1,1983-12-05 18:00,,1983-12-16 06:00,,OFCL,,66403.0,,7982.16,,"{0: 57351, 1: 9052}",,57351.0,,9052.0,,0.0,,0.0,,0.0,,0.0,
1984,SH071984,NONAME,Madagascar,MDG,Alaotra Mangoro,MDG,,1983-12-05 18:00,,1983-12-16 06:00,,OFCL,,666165.0,,14141.95,,"{0: 617916, 1: 48249}",,617916.0,,48249.0,,0.0,,0.0,,0.0,,0.0
1984,SH071984,NONAME,Madagascar,MDG,Analamanga,MDG,,1983-12-05 18:00,,1983-12-16 06:00,,OFCL,,2820665.0,,19034.48,,"{0: 2755515, 1: 65150}",,2755515.0,,65150.0,,0.0,,0.0,,0.0,,0.0
1984,SH071984,NONAME,Madagascar,MDG,Analanjirofo,MDG,,1983-12-05 18:00,,1983-12-16 06:00,,OFCL,,52808.0,,430.57,,"{0: 52750, 1: 58}",,52750.0,,58.0,,0.0,,0.0,,0.0,,0.0
1984,SH071984,NONAME,Madagascar,MDG,Anosy,MDG,,1983-12-05 18:00,,1983-12-16 06:00,,OFCL,,62.0,,0.0,,{0: 62},,62.0,,0.0,,0.0,,0.0,,0.0,,0.0
1984,SH071984,NONAME,Madagascar,MDG,Atsimo Atsinanana,MDG,,1983-12-05 18:00,,1983-12-16 06:00,,OFCL,,172738.0,,4.55,,{0: 172738},,172738.0,,0.0,,0.0,,0.0,,0.0,,0.0
1984,SH071984,NONAME,Madagascar,MDG,Betsiboka,MDG,,1983-12-05 18:00,,1983-12-16 06:00,,OFCL,,281538.0,,776569.13,,"{0: 35573, 1: 214759, 2: 31206}",,35573.0,,214759.0,,31206.0,,0.0,,0.0,,0.0
1984,SH071984,NONAME,Madagascar,MDG,Boeny,MDG,,1983-12-05 18:00,,1983-12-16 06:00,,OFCL,,1008699.0,,169030842.32,,"{1: 118773, 2: 405853, 3: 480585, 4: 3488}",,0.0,,118773.0,,405853.0,,480585.0,,3488.0,,0.0
1984,SH071984,NONAME,Madagascar,MDG,Bongolava,MDG,,1983-12-05 18:00,,1983-12-16 06:00,,OFCL,,453684.0,,18988.55,,"{0: 392932, 1: 60752}",,392932.0,,60752.0,,0.0,,0.0,,0.0,,0.0
1984,SH071984,NONAME,Madagascar,MDG,Diana,MDG,,1983-12-05 18:00,,1983-12-16 06:00,,OFCL,,862898.0,,5300101.37,,"{0: 28090, 1: 507001, 2: 326011, 3: 1796}",,28090.0,,507001.0,,326011.0,,1796.0,,0.0,,0.0
1984,SH071984,NONAME,Madagascar,MDG,Itasy,MDG,,1983-12-05 18:00,,1983-12-16 06:00,,OFCL,,462295.0,,576.34,,{0: 462295},,462295.0,,0.0,,0.0,,0.0,,0.0,,0.0
1984,SH071984,NONAME,Madagascar,MDG,Melaky,MDG,,1983-12-05 18:00,,1983-12-16 06:00,,OFCL,,151784.0,,1105417.44,,"{0: 59012, 1: 58002, 2: 34617, 3: 153}",,59012.0,,58002.0,,34617.0,,153.0,,0.0,,0.0
1984,SH071984,NONAME,Madagascar,MDG,Menabe,MDG,,1983-12-05 18:00,,1983-12-16 06:00,,OFCL,,18388.0,,198.06,,"{0: 17633, 1: 755}",,17633.0,,755.0,,0.0,,0.0,,0.0,,0.0
1984,SH071984,NONAME,Madagascar,MDG,Sava,MDG,,1983-12-05 18:00,,1983-12-16 06:00,,OFCL,,440348.0,,63250.5,,"{0: 344957, 1: 95391}",,344957.0,,95391.0,,0.0,,0.0,,0.0,,0.0
1984,SH071984,NONAME,Madagascar,MDG,Sofia,MDG,,1983-12-05 18:00,,1983-12-16 06:00,,OFCL,,1462786.0,,1149040.2,,"{0: 478677, 1: 921424, 2: 62685}",,478677.0,,921424.0,,62685.0,,0.0,,0.0,,0.0
1984,SH071984,NONAME,Madagascar,MDG,Vakinakaratra,MDG,,1983-12-05 18:00,,1983-12-16 06:00,,OFCL,,277971.0,,15.74,,{0: 277971},,277971.0,,0.0,,0.0,,0.0,,0.0,,0.0
1984,SH071984,NONAME,Madagascar,MDG,Vatovavy Fitovinany,MDG,,1983-12-05 18:00,,1983-12-16 06:00,,OFCL,,4556.0,,0.13,,{0: 4556},,4556.0,,0.0,,0.0,,0.0,,0.0,,0.0
1984,SH071984,NONAME,Madagascar,MDG,Antananarivo,MDG.1_1,1983-12-05 18:00,,1983-12-16 06:00,,OFCL,,7251519.0,,2914157.66,,"{0: 2611751, 1: 4572989, 2: 66779}",,2611751.0,,4572989.0,,66779.0,,0.0,,0.0,,0.0,
1984,SH071984,NONAME,Madagascar,MDG,Antsiranana,MDG.2_1,1983-12-05 18:00,,1983-12-16 06:00,,OFCL,,1915948.0,,17112338.16,,"{0: 597712, 1: 585829, 2: 568965, 3: 163414, 4: 28}",,597712.0,,585829.0,,568965.0,,163414.0,,28.0,,0.0,
1984,SH071984,NONAME,Madagascar,MDG,Fianarantsoa,MDG.3_1,1983-12-05 18:00,,1983-12-16 06:00,,OFCL,,1758861.0,,48439.26,,"{0: 1749478, 1: 9383}",,1749478.0,,9383.0,,0.0,,0.0,,0.0,,0.0,
1984,SH071984,NONAME,Madagascar,MDG,Mahajanga,MDG.4_1,1983-12-05 18:00,,1983-12-16 06:00,,OFCL,,3731570.0,,237874088.08,,"{0: 320111, 1: 1190607, 2: 964176, 3: 644031, 4: 610850, 5: 1795}",,320111.0,,1190607.0,,964176.0,,644031.0,,610850.0,,1795.0,
1984,SH071984,NONAME,Madagascar,MDG,Toamasina,MDG.5_1,1983-12-05 18:00,,1983-12-16 06:00,,OFCL,,1674206.0,,557246.74,,"{0: 1104394, 1: 568560, 2: 1252}",,1104394.0,,568560.0,,1252.0,,0.0,,0.0,,0.0,
1984,SH071984,NONAME,Madagascar,MDG,Toliary,MDG.6_1,1983-12-05 18:00,,1983-12-16 06:00,,OFCL,,124992.0,,386944.19,,"{0: 95211, 1: 29199, 2: 582}",,95211.0,,29199.0,,582.0,,0.0,,0.0,,0.0,
1984,SH071984,NONAME,Mauritius,MUS,Agalega Islands,MUS.1_1,1983-12-05 18:00,,1983-12-16 06:00,,OFCL,,262.0,,526911.24,,{4: 262},,0.0,,0.0,,0.0,,0.0,,262.0,,0.0,
1984,SH071984,NONAME,Mayotte,MYT,Koungou,MYT.10_1,1983-12-05 18:00,,1983-12-16 06:00,,OFCL,,41150.0,,1269403.35,,"{1: 38917, 2: 2233}",,0.0,,38917.0,,2233.0,,0.0,,0.0,,0.0,
1984,SH071984,NONAME,Mayotte,MYT,M'tsangamouji,MYT.11_1,1983-12-05 18:00,,1983-12-16 06:00,,OFCL,,7178.0,,709598.54,,{2: 7178},,0.0,,0.0,,7178.0,,0.0,,0.0,,0.0,
1984,SH071984,NONAME,Mayotte,MYT,Mamoudzou,MYT.12_1,1983-12-05 18:00,,1983-12-16 06:00,,OFCL,,68646.0,,2481703.48,,"{1: 42420, 2: 26226}",,0.0,,42420.0,,26226.0,,0.0,,0.0,,0.0,
1984,SH071984,NONAME,Mayotte,MYT,Mtsamboro,MYT.13_1,1983-12-05 18:00,,1983-12-16 06:00,,OFCL,,8487.0,,643773.51,,{2: 8487},,0.0,,0.0,,8487.0,,0.0,,0.0,,0.0,
1984,SH071984,NONAME,Mayotte,MYT,Ouangani,MYT.14_1,1983-12-05 18:00,,1983-12-16 06:00,,OFCL,,15883.0,,1998537.61,,{2: 15883},,0.0,,0.0,,15883.0,,0.0,,0.0,,0.0,
1984,SH071984,NONAME,Mayotte,MYT,Pamandzi,MYT.15_1,1983-12-05 18:00,,1983-12-16 06:00,,OFCL,,12327.0,,4113522.46,,{2: 12327},,0.0,,0.0,,12327.0,,0.0,,0.0,,0.0,
1984,SH071984,NONAME,Mayotte,MYT,Sada,MYT.16_1,1983-12-05 18:00,,1983-12-16 06:00,,OFCL,,12674.0,,1759025.75,,{2: 12674},,0.0,,0.0,,12674.0,,0.0,,0.0,,0.0,
1984,SH071984,NONAME,Mayotte,MYT,Tsingoni,MYT.17_1,1983-12-05 18:00,,1983-12-16 06:00,,OFCL,,13243.0,,1378926.34,,{2: 13243},,0.0,,0.0,,13243.0,,0.0,,0.0,,0.0,
1984,SH071984,NONAME,Mayotte,MYT,Acoua,MYT.1_1,1983-12-05 18:00,,1983-12-16 06:00,,OFCL,,4802.0,,370624.66,,{2: 4802},,0.0,,0.0,,4802.0,,0.0,,0.0,,0.0,
1984,SH071984,NONAME,Mayotte,MYT,Bandraboua,MYT.2_1,1983-12-05 18:00,,1983-12-16 06:00,,OFCL,,12848.0,,556820.61,,"{1: 5821, 2: 7027}",,0.0,,5821.0,,7027.0,,0.0,,0.0,,0.0,
1984,SH071984,NONAME,Mayotte,MYT,Bandrele,MYT.3_1,1983-12-05 18:00,,1983-12-16 06:00,,OFCL,,10462.0,,1011179.87,,{2: 10462},,0.0,,0.0,,10462.0,,0.0,,0.0,,0.0,
1984,SH071984,NONAME,Mayotte,MYT,Boueni,MYT.4_1,1983-12-05 18:00,,1983-12-16 06:00,,OFCL,,7614.0,,1190694.82,,{2: 7614},,0.0,,0.0,,7614.0,,0.0,,0.0,,0.0,
1984,SH071984,NONAME,Mayotte,MYT,Chiconi,MYT.5_1,1983-12-05 18:00,,1983-12-16 06:00,,OFCL,,8615.0,,1281427.49,,{2: 8615},,0.0,,0.0,,8615.0,,0.0,,0.0,,0.0,
1984,SH071984,NONAME,Mayotte,MYT,Chirongui,MYT.6_1,1983-12-05 18:00,,1983-12-16 06:00,,OFCL,,10610.0,,1139134.14,,{2: 10610},,0.0,,0.0,,10610.0,,0.0,,0.0,,0.0,
1984,SH071984,NONAME,Mayotte,MYT,Dembeni,MYT.7_1,1983-12-05 18:00,,1983-12-16 06:00,,OFCL,,14271.0,,992524.53,,{2: 14271},,0.0,,0.0,,14271.0,,0.0,,0.0,,0.0,
1984,SH071984,NONAME,Mayotte,MYT,Dzaoudzi,MYT.8_1,1983-12-05 18:00,,1983-12-16 06:00,,OFCL,,16147.0,,3487976.37,,{2: 16147},,0.0,,0.0,,16147.0,,0.0,,0.0,,0.0,
1984,SH071984,NONAME,Mayotte,MYT,Kani-Keli,MYT.9_1,1983-12-05 18:00,,1983-12-16 06:00,,OFCL,,5443.0,,1128057.55,,{2: 5443},,0.0,,0.0,,5443.0,,0.0,,0.0,,0.0,
1984,SH071984,NONAME,Mayotte,MYT,,No Adm1,,1983-12-05 18:00,,1983-12-16 06:00,,OFCL,,256777.0,,43839773.78,,"{1: 37217, 2: 219560}",,0.0,,37217.0,,219560.0,,0.0,,0.0,,0.0
1984,SH071984,NONAME,Seychelles,SYC,Aldabra,SYC,,1983-12-05 18:00,,1983-12-16 06:00,,OFCL,,14.0,,1952.91,,"{0: 14, 2: 0}",,14.0,,0.0,,0.0,,0.0,,0.0,,0.0
1984,SH071984,NONAME,Seychelles,SYC,Assumption,SYC,,1983-12-05 18:00,,1983-12-16 06:00,,OFCL,,19.0,,314.82,,"{0: 19, 1: 0}",,19.0,,0.0,,0.0,,0.0,,0.0,,0.0
1984,SH071984,NONAME,Seychelles,SYC,Astove,SYC,,1983-12-05 18:00,,1983-12-16 06:00,,OFCL,,2.0,,25259.4,,"{1: 0, 2: 2}",,0.0,,0.0,,2.0,,0.0,,0.0,,0.0
1984,SH071984,NONAME,Seychelles,SYC,Cosmoledo,SYC,,1983-12-05 18:00,,1983-12-16 06:00,,OFCL,,1.0,,2228.0,,"{0: 0, 1: 1, 2: 0}",,0.0,,1.0,,0.0,,0.0,,0.0,,0.0
1984,SH071984,NONAME,Seychelles,SYC,Farquhar,SYC,,1983-12-05 18:00,,1983-12-16 06:00,,OFCL,,10.0,,3079443.34,,"{2: 0, 4: 10}",,0.0,,0.0,,0.0,,0.0,,10.0,,0.0
1984,SH071984,NONAME,Seychelles,SYC,Grand Anse Mahe,SYC,,1983-12-05 18:00,,1983-12-16 06:00,,OFCL,,0.0,,65137.82,,{4: 0},,0.0,,0.0,,0.0,,0.0,,0.0,,0.0
1984,SH071984,NONAME,Seychelles,SYC,Providence,SYC,,1983-12-05 18:00,,1983-12-16 06:00,,OFCL,,1.0,,5348.33,,{2: 1},,0.0,,0.0,,1.0,,0.0,,0.0,,0.0
1984,SH071984,NONAME,Seychelles,SYC,Outer Islands,SYC.20_1,1983-12-05 18:00,,1983-12-16 06:00,,OFCL,,116.0,,236545.16,,"{0: 26, 1: 3, 2: 52, 4: 35}",,26.0,,3.0,,52.0,,0.0,,35.0,,0.0,
1984,SH071984,NONAME,Tanzania,TZA,Arusha,TZA,,1983-12-05 18:00,,1983-12-16 06:00,,OFCL,,0.0,,4213439.8,,"{3: 0, 4: 0}",,0.0,,0.0,,0.0,,0.0,,0.0,,0.0
1984,SH091984,NONAME,Mauritius,MUS,Riviere Du Rempart,MUS,,1983-12-19 00:00,,1983-12-27 12:00,,OFCL,,123738.0,,126998042.86,,{3: 123738},,0.0,,0.0,,0.0,,123738.0,,0.0,,0.0
1984,SH091984,NONAME,Mauritius,MUS,Savanne,MUS.12_1,1983-12-19 00:00,1983-12-19 00:00,1983-12-27 12:00,1983-12-27 12:00,OFCL,OFCL,70087.0,60507.0,24912766.75,88051388.03,"{2: 45, 3: 70042}",{3: 60507},0.0,0.0,0.0,0.0,45.0,0.0,70042.0,60507.0,0.0,0.0,0.0,0.0
1984,SH091984,NONAME,Mauritius,MUS,Black River,MUS.2_1,1983-12-19 00:00,1983-12-19 00:00,1983-12-27 12:00,1983-12-27 12:00,OFCL,OFCL,94560.0,72490.0,76736403.23,184174755.24,{3: 94560},{3: 72490},0.0,0.0,0.0,0.0,0.0,0.0,94560.0,72490.0,0.0,0.0,0.0,0.0
1984,SH091984,NONAME,Mauritius,MUS,Flacq,MUS.3_1,1983-12-19 00:00,1983-12-19 00:00,1983-12-27 12:00,1983-12-27 12:00,OFCL,OFCL,140810.0,148203.0,47197224.61,107878123.17,{3: 140810},{3: 148203},0.0,0.0,0.0,0.0,0.0,0.0,140810.0,148203.0,0.0,0.0,0.0,0.0
1984,SH091984,NONAME,Mauritius,MUS,Grand Port,MUS.4_1,1983-12-19 00:00,1983-12-19 00:00,1983-12-27 12:00,1983-12-27 12:00,OFCL,OFCL,113523.0,117962.0,41237434.06,102920568.53,{3: 113523},{3: 117962},0.0,0.0,0.0,0.0,0.0,0.0,113523.0,117962.0,0.0,0.0,0.0,0.0
1984,SH091984,NONAME,Mauritius,MUS,Moka,MUS.5_1,1983-12-19 00:00,1983-12-19 00:00,1983-12-27 12:00,1983-12-27 12:00,OFCL,OFCL,88800.0,144916.0,46923453.7,124862543.95,{3: 88800},{3: 144916},0.0,0.0,0.0,0.0,0.0,0.0,88800.0,144916.0,0.0,0.0,0.0,0.0
1984,SH091984,NONAME,Mauritius,MUS,Pamplemousses,MUS.6_1,1983-12-19 00:00,1983-12-19 00:00,1983-12-27 12:00,1983-12-27 12:00,OFCL,OFCL,148742.0,165109.0,87842952.78,276896293.93,{3: 148742},{3: 165109},0.0,0.0,0.0,0.0,0.0,0.0,148742.0,165109.0,0.0,0.0,0.0,0.0
1984,SH091984,NONAME,Mauritius,MUS,Plaines Wilhems,MUS.7_1,1983-12-19 00:00,1983-12-19 00:00,1983-12-27 12:00,1983-12-27 12:00,OFCL,OFCL,365517.0,294342.0,237913714.88,193661010.36,{3: 365517},{3: 294342},0.0,0.0,0.0,0.0,0.0,0.0,365517.0,294342.0,0.0,0.0,0.0,0.0
1984,SH091984,NONAME,Mauritius,MUS,Port Louis,MUS.8_1,1983-12-19 00:00,1983-12-19 00:00,1983-12-27 12:00,1983-12-27 12:00,OFCL,OFCL,111040.0,100326.0,79773142.39,61370937.08,{3: 111040},{3: 100326},0.0,0.0,0.0,0.0,0.0,0.0,111040.0,100326.0,0.0,0.0,0.0,0.0
1984,SH091984,NONAME,Mauritius,MUS,Rivière du Rempart,MUS.9_1,1983-12-19 00:00,,1983-12-27 12:00,,OFCL,,113200.0,,51407740.83,,{3: 113200},,0.0,,0.0,,0.0,,113200.0,,0.0,,0.0,
1984,SH091984,NONAME,Mauritius,MUS,,No Adm1,,1983-12-19 00:00,,1983-12-27 12:00,,OFCL,,307.0,,171633.53,,{3: 307},,0.0,,0.0,,0.0,,307.0,,0.0,,0.0
1984,SH091984,NONAME,Reunion,REU,Arrondissement_du_vent,REU,,1983-12-19 00:00,,1983-12-27 12:00,,OFCL,,256754.0,,591823.59,,"{0: 28127, 1: 227192, 2: 1435}",,28127.0,,227192.0,,1435.0,,0.0,,0.0,,0.0
1984,SH091984,NONAME,Reunion,REU,Arrondissement_souse_le_vent,REU,,1983-12-19 00:00,,1983-12-27 12:00,,OFCL,,447764.0,,3962380.9,,"{0: 18082, 1: 419902, 2: 9780}",,18082.0,,419902.0,,9780.0,,0.0,,0.0,,0.0
1984,SH091984,NONAME,Reunion,REU,Saint-Benoît,REU.1_1,1983-12-19 00:00,,1983-12-27 12:00,,OFCL,,140447.0,,2159759.72,,"{1: 140317, 2: 130}",,0.0,,140317.0,,130.0,,0.0,,0.0,,0.0,
1984,SH091984,NONAME,Reunion,REU,Saint-Denis,REU.2_1,1983-12-19 00:00,,1983-12-27 12:00,,OFCL,,308269.0,,3202368.52,,"{0: 43752, 1: 264517}",,43752.0,,264517.0,,0.0,,0.0,,0.0,,0.0,
1984,SH091984,NONAME,Reunion,REU,Saint-Paul,REU.3_1,1983-12-19 00:00,,1983-12-27 12:00,,OFCL,,201260.0,,1597638.65,,"{0: 30656, 1: 170587, 2: 17}",,30656.0,,170587.0,,17.0,,0.0,,0.0,,0.0,
1984,SH091984,NONAME,Reunion,REU,Saint-Pierre,REU.4_1,1983-12-19 00:00,,1983-12-27 12:00,,OFCL,,313164.0,,5774110.85,,"{0: 196, 1: 310714, 2: 2254}",,196.0,,310714.0,,2254.0,,0.0,,0.0,,0.0,
1984,SH141984,NONAME,Madagascar,MDG,Alaotra Mangoro,MDG,,1984-01-19 00:00,,1984-01-29 12:00,,OFCL,,73842.0,,1.6,,{0: 73842},,73842.0,,0.0,,0.0,,0.0,,0.0,,0.0
1984,SH141984,NONAME,Madagascar,MDG,Amoron'i Mania,MDG,,1984-01-19 00:00,,1984-01-29 12:00,,OFCL,,620986.0,,39691.1,,"{0: 365697, 1: 255289}",,365697.0,,255289.0,,0.0,,0.0,,0.0,,0.0
1984,SH141984,NONAME,Madagascar,MDG,Analamanga,MDG,,1984-01-19 00:00,,1984-01-29 12:00,,OFCL,,395371.0,,353.59,,{0: 395371},,395371.0,,0.0,,0.0,,0.0,,0.0,,0.0
1984,SH141984,NONAME,Madagascar,MDG,Analanjirofo,MDG,,1984-01-19 00:00,,1984-01-29 12:00,,OFCL,,197869.0,,778.87,,"{0: 194106, 1: 3763}",,194106.0,,3763.0,,0.0,,0.0,,0.0,,0.0
1984,SH141984,NONAME,Madagascar,MDG,Atsimo Andrefana,MDG,,1984-01-19 00:00,,1984-01-29 12:00,,OFCL,,70600.0,,169.21,,{0: 70600},,70600.0,,0.0,,0.0,,0.0,,0.0,,0.0
1984,SH141984,NONAME,Madagascar,MDG,Atsinanana,MDG,,1984-01-19 00:00,,1984-01-29 12:00,,OFCL,,559631.0,,929.16,,"{0: 559386, 1: 245}",,559386.0,,245.0,,0.0,,0.0,,0.0,,0.0
1984,SH141984,NONAME,Madagascar,MDG,Bongolava,MDG,,1984-01-19 00:00,,1984-01-29 12:00,,OFCL,,14288.0,,0.3,,{0: 14288},,14288.0,,0.0,,0.0,,0.0,,0.0,,0.0
1984,SH141984,NONAME,Madagascar,MDG,Haute Matsiatra,MDG,,1984-01-19 00:00,,1984-01-29 12:00,,OFCL,,175976.0,,332.74,,"{0: 175783, 1: 193}",,175783.0,,193.0,,0.0,,0.0,,0.0,,0.0
1984,SH141984,NONAME,Madagascar,MDG,Itasy,MDG,,1984-01-19 00:00,,1984-01-29 12:00,,OFCL,,314988.0,,155.35,,{0: 314988},,314988.0,,0.0,,0.0,,0.0,,0.0,,0.0
1984,SH141984,NONAME,Madagascar,MDG,Menabe,MDG,,1984-01-19 00:00,,1984-01-29 12:00,,OFCL,,437618.0,,328.75,,"{0: 437603, 1: 15}",,437603.0,,15.0,,0.0,,0.0,,0.0,,0.0
1984,SH141984,NONAME,Madagascar,MDG,Sava,MDG,,1984-01-19 00:00,,1984-01-29 12:00,,OFCL,,7537.0,,7.79,,{0: 7537},,7537.0,,0.0,,0.0,,0.0,,0.0,,0.0
1984,SH141984,NONAME,Madagascar,MDG,Vakinakaratra,MDG,,1984-01-19 00:00,,1984-01-29 12:00,,OFCL,,1680153.0,,54040.51,,"{0: 1403631, 1: 276522}",,1403631.0,,276522.0,,0.0,,0.0,,0.0,,0.0
1984,SH141984,NONAME,Madagascar,MDG,Vatovavy Fitovinany,MDG,,1984-01-19 00:00,,1984-01-29 12:00,,OFCL,,97405.0,,15.71,,{0: 97405},,97405.0,,0.0,,0.0,,0.0,,0.0,,0.0
1984,SH141984,NONAME,Madagascar,MDG,Antananarivo,MDG.1_1,1984-01-19 00:00,,1984-01-29 12:00,,OFCL,,4460624.0,,1477150.65,,"{0: 2747005, 1: 1713619}",,2747005.0,,1713619.0,,0.0,,0.0,,0.0,,0.0,
1984,SH141984,NONAME,Madagascar,MDG,Antsiranana,MDG.2_1,1984-01-19 00:00,,1984-01-29 12:00,,OFCL,,29699.0,,2681.27,,"{0: 24250, 1: 5449}",,24250.0,,5449.0,,0.0,,0.0,,0.0,,0.0,
1984,SH141984,NONAME,Madagascar,MDG,Fianarantsoa,MDG.3_1,1984-01-19 00:00,,1984-01-29 12:00,,OFCL,,1727236.0,,691849.83,,"{0: 1223877, 1: 503359}",,1223877.0,,503359.0,,0.0,,0.0,,0.0,,0.0,
1984,SH141984,NONAME,Madagascar,MDG,Mahajanga,MDG.4_1,1984-01-19 00:00,,1984-01-29 12:00,,OFCL,,827.0,,1.01,,{0: 827},,827.0,,0.0,,0.0,,0.0,,0.0,,0.0,
1984,SH141984,NONAME,Madagascar,MDG,Toamasina,MDG.5_1,1984-01-19 00:00,,1984-01-29 12:00,,OFCL,,2437752.0,,309517.04,,"{0: 2114869, 1: 322883}",,2114869.0,,322883.0,,0.0,,0.0,,0.0,,0.0,
1984,SH141984,NONAME,Madagascar,MDG,Toliary,MDG.6_1,1984-01-19 00:00,,1984-01-29 12:00,,OFCL,,1143084.0,,126410.26,,"{0: 923556, 1: 219528}",,923556.0,,219528.0,,0.0,,0.0,,0.0,,0.0,
1984,SH141984,NONAME,Mozambique,MOZ,Maputo (city),MOZ,,1984-01-19 00:00,,1984-01-29 12:00,,OFCL,,708016.0,,247.72,,{0: 708016},,708016.0,,0.0,,0.0,,0.0,,0.0,,0.0
1984,SH141984,NONAME,Mozambique,MOZ,Gaza,MOZ.2_1,1984-01-19 00:00,1984-01-19 00:00,1984-01-29 12:00,1984-01-29 12:00,OFCL,OFCL,1438486.0,1332535.0,4290072.86,265333.15,"{0: 71398, 1: 1202394, 2: 164694}","{0: 367786, 1: 964749}",71398.0,367786.0,1202394.0,964749.0,164694.0,0.0,0.0,0.0,0.0,0.0,0.0,0.0
1984,SH141984,NONAME,Mozambique,MOZ,Inhambane,MOZ.3_1,1984-01-19 00:00,1984-01-19 00:00,1984-01-29 12:00,1984-01-29 12:00,OFCL,OFCL,1447963.0,1293524.0,22820310.81,3707885.57,"{0: 88531, 1: 178669, 2: 1161105, 3: 19658}","{0: 97691, 1: 786255, 2: 409578}",88531.0,97691.0,178669.0,786255.0,1161105.0,409578.0,19658.0,0.0,0.0,0.0,0.0,0.0
1984,SH141984,NONAME,Mozambique,MOZ,Maputo City,MOZ.5_1,1984-01-19 00:00,,1984-01-29 12:00,,OFCL,,2591173.0,,294778.46,,"{0: 214153, 1: 2377020}",,214153.0,,2377020.0,,0.0,,0.0,,0.0,,0.0,
1984,SH141984,NONAME,Mozambique,MOZ,Maputo,MOZ.6_1,1984-01-19 00:00,1984-01-19 00:00,1984-01-29 12:00,1984-01-29 12:00,OFCL,OFCL,816987.0,1463623.0,406717.96,5433.49,"{0: 188016, 1: 628971}","{0: 1460521, 1: 3102}",188016.0,1460521.0,628971.0,3102.0,0.0,0.0,0.0,0.0,0.0,0.0,0.0,0.0
1984,SH221984,NONAME,Madagascar,MDG,Toliary,MDG.6_1,1984-02-12 06:00,,1984-02-15 06:00,,OFCL,,15606.0,,27.79,,{0: 15606},,15606.0,,0.0,,0.0,,0.0,,0.0,,0.0,
1984,SH231984,NONAME,Madagascar,MDG,Toliary,MDG.6_1,1984-02-12 12:00,,1984-02-15 00:00,,OFCL,,8649.0,,3.8,,{0: 8649},,8649.0,,0.0,,0.0,,0.0,,0.0,,0.0,
1984,SH321984,NONAME,Comoros,COM,Anjouan,COM,,1984-04-03 18:00,,1984-04-15 06:00,,OFCL,,61980.0,,3223039.25,,"{1: 10285, 2: 48575, 3: 3120}",,0.0,,10285.0,,48575.0,,3120.0,,0.0,,0.0
1984,SH321984,NONAME,Comoros,COM,Moheli,COM,,1984-04-03 18:00,,1984-04-15 06:00,,OFCL,,244837.0,,49197.29,,"{1: 242059, 2: 2778}",,0.0,,242059.0,,2778.0,,0.0,,0.0,,0.0
1984,SH321984,NONAME,Comoros,COM,Ngazidja,COM,,1984-04-03 18:00,,1984-04-15 06:00,,OFCL,,264451.0,,4272.8,,"{0: 224991, 1: 39460}",,224991.0,,39460.0,,0.0,,0.0,,0.0,,0.0
1984,SH321984,NONAME,Comoros,COM,Mwali,COM.1_1,1984-04-03 18:00,,1984-04-15 06:00,,OFCL,,67648.0,,8031969.62,,"{2: 28840, 3: 38808}",,0.0,,0.0,,28840.0,,38808.0,,0.0,,0.0,
1984,SH321984,NONAME,Comoros,COM,Njazídja,COM.2_1,1984-04-03 18:00,,1984-04-15 06:00,,OFCL,,459615.0,,698684.27,,"{0: 106358, 1: 353257}",,106358.0,,353257.0,,0.0,,0.0,,0.0,,0.0,
1984,SH321984,NONAME,Comoros,COM,Nzwani,COM.3_1,1984-04-03 18:00,,1984-04-15 06:00,,OFCL,,363755.0,,2438353.92,,"{1: 204373, 2: 159382}",,0.0,,204373.0,,159382.0,,0.0,,0.0,,0.0,
1984,SH321984,NONAME,Madagascar,MDG,Alaotra Mangoro,MDG,,1984-04-03 18:00,,1984-04-15 06:00,,OFCL,,676379.0,,738229.09,,"{0: 326392, 1: 317496, 2: 32491}",,326392.0,,317496.0,,32491.0,,0.0,,0.0,,0.0
1984,SH321984,NONAME,Madagascar,MDG,Analamanga,MDG,,1984-04-03 18:00,,1984-04-15 06:00,,OFCL,,112852.0,,224.64,,{0: 112852},,112852.0,,0.0,,0.0,,0.0,,0.0,,0.0
1984,SH321984,NONAME,Madagascar,MDG,Analanjirofo,MDG,,1984-04-03 18:00,,1984-04-15 06:00,,OFCL,,1421874.0,,594096.77,,"{0: 644916, 1: 770796, 2: 6162}",,644916.0,,770796.0,,6162.0,,0.0,,0.0,,0.0
1984,SH321984,NONAME,Madagascar,MDG,Atsinanana,MDG,,1984-04-03 18:00,,1984-04-15 06:00,,OFCL,,334914.0,,130.41,,{0: 334914},,334914.0,,0.0,,0.0,,0.0,,0.0,,0.0
1984,SH321984,NONAME,Madagascar,MDG,Betsiboka,MDG,,1984-04-03 18:00,,1984-04-15 06:00,,OFCL,,278274.0,,396354.96,,"{0: 89258, 1: 174644, 2: 14372}",,89258.0,,174644.0,,14372.0,,0.0,,0.0,,0.0
1984,SH321984,NONAME,Madagascar,MDG,Boeny,MDG,,1984-04-03 18:00,,1984-04-15 06:00,,OFCL,,1008699.0,,16111567.03,,"{0: 74, 1: 233814, 2: 630376, 3: 144435}",,74.0,,233814.0,,630376.0,,144435.0,,0.0,,0.0
1984,SH321984,NONAME,Madagascar,MDG,Bongolava,MDG,,1984-04-03 18:00,,1984-04-15 06:00,,OFCL,,32906.0,,16.69,,{0: 32906},,32906.0,,0.0,,0.0,,0.0,,0.0,,0.0
1984,SH321984,NONAME,Madagascar,MDG,Diana,MDG,,1984-04-03 18:00,,1984-04-15 06:00,,OFCL,,862898.0,,132432144.75,,"{1: 26388, 2: 217791, 3: 579056, 4: 39663}",,0.0,,26388.0,,217791.0,,579056.0,,39663.0,,0.0
1984,SH321984,NONAME,Madagascar,MDG,Melaky,MDG,,1984-04-03 18:00,,1984-04-15 06:00,,OFCL,,59189.0,,2390.4,,"{0: 50243, 1: 8946}",,50243.0,,8946.0,,0.0,,0.0,,0.0,,0.0
1984,SH321984,NONAME,Madagascar,MDG,Sava,MDG,,1984-04-03 18:00,,1984-04-15 06:00,,OFCL,,1016082.0,,43387138.92,,"{0: 294926, 1: 454677, 2: 147867, 3: 115155, 4: 3457}",,294926.0,,454677.0,,147867.0,,115155.0,,3457.0,,0.0
1984,SH321984,NONAME,Madagascar,MDG,Sofia,MDG,,1984-04-03 18:00,,1984-04-15 06:00,,OFCL,,1485929.0,,9972174.02,,"{0: 9503, 1: 621386, 2: 853000, 3: 2040}",,9503.0,,621386.0,,853000.0,,2040.0,,0.0,,0.0
1984,SH321984,NONAME,Madagascar,MDG,Antananarivo,MDG.1_1,1984-04-03 18:00,,1984-04-15 06:00,,OFCL,,1280118.0,,50483.04,,"{0: 1217503, 1: 62615}",,1217503.0,,62615.0,,0.0,,0.0,,0.0,,0.0,
1984,SH321984,NONAME,Madagascar,MDG,Antsiranana,MDG.2_1,1984-04-03 18:00,,1984-04-15 06:00,,OFCL,,2123061.0,,242776047.99,,"{0: 64976, 1: 519106, 2: 421219, 3: 595065, 4: 515515, 5: 7180}",,64976.0,,519106.0,,421219.0,,595065.0,,515515.0,,7180.0,
1984,SH321984,NONAME,Madagascar,MDG,Fianarantsoa,MDG.3_1,1984-04-03 18:00,,1984-04-15 06:00,,OFCL,,350.0,,11946.55,,{0: 350},,350.0,,0.0,,0.0,,0.0,,0.0,,0.0,
1984,SH321984,NONAME,Madagascar,MDG,Mahajanga,MDG.4_1,1984-04-03 18:00,,1984-04-15 06:00,,OFCL,,3459180.0,,96148461.09,,"{0: 134879, 1: 535531, 2: 1429521, 3: 1359249}",,134879.0,,535531.0,,1429521.0,,1359249.0,,0.0,,0.0,
1984,SH321984,NONAME,Madagascar,MDG,Toamasina,MDG.5_1,1984-04-03 18:00,,1984-04-15 06:00,,OFCL,,2713068.0,,6257154.68,,"{0: 510138, 1: 1900494, 2: 299166, 3: 3270}",,510138.0,,1900494.0,,299166.0,,3270.0,,0.0,,0.0,
1984,SH321984,NONAME,Madagascar,MDG,Toliary,MDG.6_1,1984-04-03 18:00,,1984-04-15 06:00,,OFCL,,1063.0,,19.03,,{0: 1063},,1063.0,,0.0,,0.0,,0.0,,0.0,,0.0,
1984,SH321984,NONAME,Mayotte,MYT,Koungou,MYT.10_1,1984-04-03 18:00,,1984-04-15 06:00,,OFCL,,41150.0,,38595622.03,,{3: 41150},,0.0,,0.0,,0.0,,41150.0,,0.0,,0.0,
1984,SH321984,NONAME,Mayotte,MYT,M'tsangamouji,MYT.11_1,1984-04-03 18:00,,1984-04-15 06:00,,OFCL,,7178.0,,9396141.58,,{3: 7178},,0.0,,0.0,,0.0,,7178.0,,0.0,,0.0,
1984,SH321984,NONAME,Mayotte,MYT,Mamoudzou,MYT.12_1,1984-04-03 18:00,,1984-04-15 06:00,,OFCL,,68646.0,,37226223.41,,{3: 68646},,0.0,,0.0,,0.0,,68646.0,,0.0,,0.0,
1984,SH321984,NONAME,Mayotte,MYT,Mtsamboro,MYT.13_1,1984-04-03 18:00,,1984-04-15 06:00,,OFCL,,8487.0,,11484698.85,,{3: 8487},,0.0,,0.0,,0.0,,8487.0,,0.0,,0.0,
1984,SH321984,NONAME,Mayotte,MYT,Ouangani,MYT.14_1,1984-04-03 18:00,,1984-04-15 06:00,,OFCL,,15883.0,,20878671.42,,{3: 15883},,0.0,,0.0,,0.0,,15883.0,,0.0,,0.0,
1984,SH321984,NONAME,Mayotte,MYT,Pamandzi,MYT.15_1,1984-04-03 18:00,,1984-04-15 06:00,,OFCL,,12327.0,,19272641.72,,{3: 12327},,0.0,,0.0,,0.0,,12327.0,,0.0,,0.0,
1984,SH321984,NONAME,Mayotte,MYT,Sada,MYT.16_1,1984-04-03 18:00,,1984-04-15 06:00,,OFCL,,12674.0,,17377447.43,,{3: 12674},,0.0,,0.0,,0.0,,12674.0,,0.0,,0.0,
1984,SH321984,NONAME,Mayotte,MYT,Tsingoni,MYT.17_1,1984-04-03 18:00,,1984-04-15 06:00,,OFCL,,13243.0,,15929385.07,,{3: 13243},,0.0,,0.0,,0.0,,13243.0,,0.0,,0.0,
1984,SH321984,NONAME,Mayotte,MYT,Acoua,MYT.1_1,1984-04-03 18:00,,1984-04-15 06:00,,OFCL,,4802.0,,6132861.0,,{3: 4802},,0.0,,0.0,,0.0,,4802.0,,0.0,,0.0,
1984,SH321984,NONAME,Mayotte,MYT,Bandraboua,MYT.2_1,1984-04-03 18:00,,1984-04-15 06:00,,OFCL,,12848.0,,11441140.15,,{3: 12848},,0.0,,0.0,,0.0,,12848.0,,0.0,,0.0,
1984,SH321984,NONAME,Mayotte,MYT,Bandrele,MYT.3_1,1984-04-03 18:00,,1984-04-15 06:00,,OFCL,,10462.0,,11419015.02,,{3: 10462},,0.0,,0.0,,0.0,,10462.0,,0.0,,0.0,
1984,SH321984,NONAME,Mayotte,MYT,Boueni,MYT.4_1,1984-04-03 18:00,,1984-04-15 06:00,,OFCL,,7614.0,,9954455.96,,{3: 7614},,0.0,,0.0,,0.0,,7614.0,,0.0,,0.0,
1984,SH321984,NONAME,Mayotte,MYT,Chiconi,MYT.5_1,1984-04-03 18:00,,1984-04-15 06:00,,OFCL,,8615.0,,12433739.08,,{3: 8615},,0.0,,0.0,,0.0,,8615.0,,0.0,,0.0,
1984,SH321984,NONAME,Mayotte,MYT,Chirongui,MYT.6_1,1984-04-03 18:00,,1984-04-15 06:00,,OFCL,,10610.0,,9603896.97,,{3: 10610},,0.0,,0.0,,0.0,,10610.0,,0.0,,0.0,
1984,SH321984,NONAME,Mayotte,MYT,Dembeni,MYT.7_1,1984-04-03 18:00,,1984-04-15 06:00,,OFCL,,14271.0,,7109528.99,,{3: 14271},,0.0,,0.0,,0.0,,14271.0,,0.0,,0.0,
1984,SH321984,NONAME,Mayotte,MYT,Dzaoudzi,MYT.8_1,1984-04-03 18:00,,1984-04-15 06:00,,OFCL,,16147.0,,22521595.84,,{3: 16147},,0.0,,0.0,,0.0,,16147.0,,0.0,,0.0,
1984,SH321984,NONAME,Mayotte,MYT,Kani-Keli,MYT.9_1,1984-04-03 18:00,,1984-04-15 06:00,,OFCL,,5443.0,,7664218.79,,{3: 5443},,0.0,,0.0,,0.0,,5443.0,,0.0,,0.0,
1984,SH321984,NONAME,Mayotte,MYT,,No Adm1,,1984-04-03 18:00,,1984-04-15 06:00,,OFCL,,256777.0,,550419230.81,,"{2: 9738, 3: 247039}",,0.0,,0.0,,9738.0,,247039.0,,0.0,,0.0
1984,SH321984,NONAME,Seychelles,SYC,Astove,SYC,,1984-04-03 18:00,,1984-04-15 06:00,,OFCL,,2.0,,0.66,,{0: 2},,2.0,,0.0,,0.0,,0.0,,0.0,,0.0
1984,SH321984,NONAME,Seychelles,SYC,Farquhar,SYC,,1984-04-03 18:00,,1984-04-15 06:00,,OFCL,,10.0,,7.72,,{0: 10},,10.0,,0.0,,0.0,,0.0,,0.0,,0.0
1984,SH321984,NONAME,Seychelles,SYC,Grand Anse Mahe,SYC,,1984-04-03 18:00,,1984-04-15 06:00,,OFCL,,0.0,,0.3,,{0: 0},,0.0,,0.0,,0.0,,0.0,,0.0,,0.0
1984,SH321984,NONAME,Seychelles,SYC,Outer Islands,SYC.20_1,1984-04-03 18:00,,1984-04-15 06:00,,OFCL,,35.0,,1.88,,{0: 35},,35.0,,0.0,,0.0,,0.0,,0.0,,0.0,
1984,SH321984,NONAME,Tanzania,TZA,Arusha,TZA,,1984-04-03 18:00,,1984-04-15 06:00,,OFCL,,0.0,,0.0,,{0: 0},,0.0,,0.0,,0.0,,0.0,,0.0,,0.0
1985,SH101985,NONAME,Mauritius,MUS,Savanne,MUS.12_1,,1985-01-10 06:00,,1985-01-21 18:00,,OFCL,,2478.0,,4.34,,{0: 2478},,2478.0,,0.0,,0.0,,0.0,,0.0,,0.0
1985,SH101985,NONAME,Mauritius,MUS,Black River,MUS.2_1,1985-01-10 06:00,1985-01-10 06:00,1985-01-21 18:00,1985-01-21 18:00,OFCL,OFCL,3603.0,25356.0,13.65,80.91,{0: 3603},{0: 25356},3603.0,25356.0,0.0,0.0,0.0,0.0,0.0,0.0,0.0,0.0,0.0,0.0
1985,SH101985,NONAME,Mauritius,MUS,Grand Port,MUS.4_1,1985-01-10 06:00,1985-01-10 06:00,1985-01-21 18:00,1985-01-21 18:00,OFCL,OFCL,4540.0,622.0,503322.56,2097.94,{0: 4540},{0: 622},4540.0,622.0,0.0,0.0,0.0,0.0,0.0,0.0,0.0,0.0,0.0,0.0
1985,SH101985,NONAME,Mauritius,MUS,Plaines Wilhems,MUS.7_1,,1985-01-10 06:00,,1985-01-21 18:00,,OFCL,,460.0,,0.1,,{0: 460},,460.0,,0.0,,0.0,,0.0,,0.0,,0.0
1985,SH101985,NONAME,Reunion,REU,Arrondissement_du_vent,REU,,1985-01-10 06:00,,1985-01-21 18:00,,OFCL,,256754.0,,1112540.59,,"{1: 253131, 2: 3623}",,0.0,,253131.0,,3623.0,,0.0,,0.0,,0.0
1985,SH101985,NONAME,Reunion,REU,Arrondissement_souse_le_vent,REU,,1985-01-10 06:00,,1985-01-21 18:00,,OFCL,,447764.0,,39296657.54,,"{1: 180779, 2: 266985}",,0.0,,180779.0,,266985.0,,0.0,,0.0,,0.0
1985,SH101985,NONAME,Reunion,REU,Saint-Benoît,REU.1_1,1985-01-10 06:00,,1985-01-21 18:00,,OFCL,,140447.0,,1492421.08,,"{1: 140184, 2: 263}",,0.0,,140184.0,,263.0,,0.0,,0.0,,0.0,
1985,SH101985,NONAME,Reunion,REU,Saint-Denis,REU.2_1,1985-01-10 06:00,,1985-01-21 18:00,,OFCL,,308269.0,,5387756.53,,"{1: 307438, 2: 831}",,0.0,,307438.0,,831.0,,0.0,,0.0,,0.0,
1985,SH101985,NONAME,Reunion,REU,Saint-Paul,REU.3_1,1985-01-10 06:00,,1985-01-21 18:00,,OFCL,,201260.0,,15028945.66,,"{1: 109716, 2: 91544}",,0.0,,109716.0,,91544.0,,0.0,,0.0,,0.0,
1985,SH101985,NONAME,Reunion,REU,Saint-Pierre,REU.4_1,1985-01-10 06:00,,1985-01-21 18:00,,OFCL,,313164.0,,35081413.48,,"{1: 54695, 2: 258469}",,0.0,,54695.0,,258469.0,,0.0,,0.0,,0.0,
1985,SH161985,NONAME,Mauritius,MUS,Rodriguez,MUS.10_1,1985-01-26 00:00,,1985-02-01 00:00,,OFCL,,44652.0,,9208537.11,,"{2: 31222, 3: 13430}",,0.0,,0.0,,31222.0,,13430.0,,0.0,,0.0,
1985,SH161985,NONAME,Mauritius,MUS,,No Adm1,,1985-01-26 00:00,,1985-02-01 00:00,,OFCL,,43525.0,,30155147.78,,"{2: 31848, 3: 11677}",,0.0,,0.0,,31848.0,,11677.0,,0.0,,0.0
1985,SH191985,NONAME,Madagascar,MDG,Alaotra Mangoro,MDG,,1985-02-05 06:00,,1985-02-11 06:00,,OFCL,,761981.0,,8921.83,,"{0: 690558, 1: 71423}",,690558.0,,71423.0,,0.0,,0.0,,0.0,,0.0
1985,SH191985,NONAME,Madagascar,MDG,Amoron'i Mania,MDG,,1985-02-05 06:00,,1985-02-11 06:00,,OFCL,,140587.0,,144.08,,{0: 140587},,140587.0,,0.0,,0.0,,0.0,,0.0,,0.0
1985,SH191985,NONAME,Madagascar,MDG,Analamanga,MDG,,1985-02-05 06:00,,1985-02-11 06:00,,OFCL,,3587492.0,,36854.72,,"{0: 3402433, 1: 185059}",,3402433.0,,185059.0,,0.0,,0.0,,0.0,,0.0
1985,SH191985,NONAME,Madagascar,MDG,Analanjirofo,MDG,,1985-02-05 06:00,,1985-02-11 06:00,,OFCL,,565558.0,,6334.28,,"{0: 537519, 1: 28039}",,537519.0,,28039.0,,0.0,,0.0,,0.0,,0.0
1985,SH191985,NONAME,Madagascar,MDG,Atsinanana,MDG,,1985-02-05 06:00,,1985-02-11 06:00,,OFCL,,756137.0,,45557.24,,"{0: 587539, 1: 168598}",,587539.0,,168598.0,,0.0,,0.0,,0.0,,0.0
1985,SH191985,NONAME,Madagascar,MDG,Betsiboka,MDG,,1985-02-05 06:00,,1985-02-11 06:00,,OFCL,,1298.0,,0.04,,{0: 1298},,1298.0,,0.0,,0.0,,0.0,,0.0,,0.0
1985,SH191985,NONAME,Madagascar,MDG,Bongolava,MDG,,1985-02-05 06:00,,1985-02-11 06:00,,OFCL,,3133.0,,0.01,,{0: 3133},,3133.0,,0.0,,0.0,,0.0,,0.0,,0.0
1985,SH191985,NONAME,Madagascar,MDG,Itasy,MDG,,1985-02-05 06:00,,1985-02-11 06:00,,OFCL,,376574.0,,2741.42,,"{0: 359884, 1: 16690}",,359884.0,,16690.0,,0.0,,0.0,,0.0,,0.0
1985,SH191985,NONAME,Madagascar,MDG,Vakinakaratra,MDG,,1985-02-05 06:00,,1985-02-11 06:00,,OFCL,,1398903.0,,36628.72,,"{0: 1090302, 1: 308601}",,1090302.0,,308601.0,,0.0,,0.0,,0.0,,0.0
1985,SH191985,NONAME,Madagascar,MDG,Antananarivo,MDG.1_1,1985-02-05 06:00,,1985-02-11 06:00,,OFCL,,7090004.0,,2913919.42,,"{0: 1697061, 1: 5392943}",,1697061.0,,5392943.0,,0.0,,0.0,,0.0,,0.0,
1985,SH191985,NONAME,Madagascar,MDG,Antsiranana,MDG.2_1,1985-02-05 06:00,,1985-02-11 06:00,,OFCL,,1135.0,,2067.91,,{0: 1135},,1135.0,,0.0,,0.0,,0.0,,0.0,,0.0,
1985,SH191985,NONAME,Madagascar,MDG,Fianarantsoa,MDG.3_1,1985-02-05 06:00,,1985-02-11 06:00,,OFCL,,392105.0,,30566.96,,"{0: 346050, 1: 46055}",,346050.0,,46055.0,,0.0,,0.0,,0.0,,0.0,
1985,SH191985,NONAME,Madagascar,MDG,Mahajanga,MDG.4_1,1985-02-05 06:00,,1985-02-11 06:00,,OFCL,,11940.0,,236.65,,"{0: 11927, 1: 13}",,11927.0,,13.0,,0.0,,0.0,,0.0,,0.0,
1985,SH191985,NONAME,Madagascar,MDG,Toamasina,MDG.5_1,1985-02-05 06:00,,1985-02-11 06:00,,OFCL,,2939677.0,,1592798.52,,"{0: 1283087, 1: 1650604, 2: 5986}",,1283087.0,,1650604.0,,5986.0,,0.0,,0.0,,0.0,
1985,SH191985,NONAME,Madagascar,MDG,Toliary,MDG.6_1,1985-02-05 06:00,,1985-02-11 06:00,,OFCL,,6389.0,,2.12,,{0: 6389},,6389.0,,0.0,,0.0,,0.0,,0.0,,0.0,
1985,SH211985,NONAME,Madagascar,MDG,Alaotra Mangoro,MDG,,1985-02-13 00:00,,1985-02-26 00:00,,OFCL,,8443.0,,0.53,,{0: 8443},,8443.0,,0.0,,0.0,,0.0,,0.0,,0.0
1985,SH211985,NONAME,Madagascar,MDG,Amoron'i Mania,MDG,,1985-02-13 00:00,,1985-02-26 00:00,,OFCL,,123095.0,,46.45,,{0: 123095},,123095.0,,0.0,,0.0,,0.0,,0.0,,0.0
1985,SH211985,NONAME,Madagascar,MDG,Analamanga,MDG,,1985-02-13 00:00,,1985-02-26 00:00,,OFCL,,107272.0,,10.7,,{0: 107272},,107272.0,,0.0,,0.0,,0.0,,0.0,,0.0
1985,SH211985,NONAME,Madagascar,MDG,Analanjirofo,MDG,,1985-02-13 00:00,,1985-02-26 00:00,,OFCL,,30899.0,,2.12,,{0: 30899},,30899.0,,0.0,,0.0,,0.0,,0.0,,0.0
1985,SH211985,NONAME,Madagascar,MDG,Atsinanana,MDG,,1985-02-13 00:00,,1985-02-26 00:00,,OFCL,,370916.0,,885.81,,"{0: 370751, 1: 165}",,370751.0,,165.0,,0.0,,0.0,,0.0,,0.0
1985,SH211985,NONAME,Madagascar,MDG,Haute Matsiatra,MDG,,1985-02-13 00:00,,1985-02-26 00:00,,OFCL,,14052.0,,0.04,,{0: 14052},,14052.0,,0.0,,0.0,,0.0,,0.0,,0.0
1985,SH211985,NONAME,Madagascar,MDG,Vakinakaratra,MDG,,1985-02-13 00:00,,1985-02-26 00:00,,OFCL,,232277.0,,83.04,,{0: 232277},,232277.0,,0.0,,0.0,,0.0,,0.0,,0.0
1985,SH211985,NONAME,Madagascar,MDG,Vatovavy Fitovinany,MDG,,1985-02-13 00:00,,1985-02-26 00:00,,OFCL,,565085.0,,2232.25,,"{0: 562596, 1: 2489}",,562596.0,,2489.0,,0.0,,0.0,,0.0,,0.0
1985,SH211985,NONAME,Madagascar,MDG,Antananarivo,MDG.1_1,1985-02-13 00:00,,1985-02-26 00:00,,OFCL,,1641258.0,,56998.6,,"{0: 1598373, 1: 42885}",,1598373.0,,42885.0,,0.0,,0.0,,0.0,,0.0,
1985,SH211985,NONAME,Madagascar,MDG,Fianarantsoa,MDG.3_1,1985-02-13 00:00,,1985-02-26 00:00,,OFCL,,2172799.0,,227845.28,,"{0: 1801119, 1: 371680}",,1801119.0,,371680.0,,0.0,,0.0,,0.0,,0.0,
1985,SH211985,NONAME,Madagascar,MDG,Toamasina,MDG.5_1,1985-02-13 00:00,,1985-02-26 00:00,,OFCL,,1344622.0,,99901.25,,"{0: 1197494, 1: 147128}",,1197494.0,,147128.0,,0.0,,0.0,,0.0,,0.0,
1985,SH211985,NONAME,Mauritius,MUS,Savanne,MUS.12_1,,1985-02-13 00:00,,1985-02-26 00:00,,OFCL,,703.0,,16616.6,,{0: 703},,703.0,,0.0,,0.0,,0.0,,0.0,,0.0
1985,SH211985,NONAME,Mauritius,MUS,Black River,MUS.2_1,,1985-02-13 00:00,,1985-02-26 00:00,,OFCL,,1969.0,,32856.77,,{0: 1969},,1969.0,,0.0,,0.0,,0.0,,0.0,,0.0
1985,SH211985,NONAME,Mauritius,MUS,Pamplemousses,MUS.6_1,,1985-02-13 00:00,,1985-02-26 00:00,,OFCL,,8788.0,,381216.81,,{0: 8788},,8788.0,,0.0,,0.0,,0.0,,0.0,,0.0
1985,SH211985,NONAME,Mauritius,MUS,Port Louis,MUS.8_1,,1985-02-13 00:00,,1985-02-26 00:00,,OFCL,,2093.0,,1380.83,,{0: 2093},,2093.0,,0.0,,0.0,,0.0,,0.0,,0.0
1985,SH211985,NONAME,Reunion,REU,Saint-Paul,REU.3_1,1985-02-13 00:00,,1985-02-26 00:00,,OFCL,,94.0,,7835.49,,{0: 94},,94.0,,0.0,,0.0,,0.0,,0.0,,0.0,
1985,SH231985,NONAME,Comoros,COM,Anjouan,COM,,1985-02-13 12:00,,1985-02-19 00:00,,OFCL,,61980.0,,288342.14,,"{1: 55740, 2: 6240}",,0.0,,55740.0,,6240.0,,0.0,,0.0,,0.0
1985,SH231985,NONAME,Comoros,COM,Moheli,COM,,1985-02-13 12:00,,1985-02-19 00:00,,OFCL,,237972.0,,1564.3,,"{0: 156433, 1: 81539}",,156433.0,,81539.0,,0.0,,0.0,,0.0,,0.0
1985,SH231985,NONAME,Comoros,COM,Ngazidja,COM,,1985-02-13 12:00,,1985-02-19 00:00,,OFCL,,182689.0,,129.78,,{0: 182689},,182689.0,,0.0,,0.0,,0.0,,0.0,,0.0
1985,SH231985,NONAME,Comoros,COM,Mwali,COM.1_1,1985-02-13 12:00,,1985-02-19 00:00,,OFCL,,67648.0,,1556647.35,,"{1: 33133, 2: 34515}",,0.0,,33133.0,,34515.0,,0.0,,0.0,,0.0,
1985,SH231985,NONAME,Comoros,COM,Njazídja,COM.2_1,1985-02-13 12:00,,1985-02-19 00:00,,OFCL,,444918.0,,147984.1,,"{0: 367068, 1: 77850}",,367068.0,,77850.0,,0.0,,0.0,,0.0,,0.0,
1985,SH231985,NONAME,Comoros,COM,Nzwani,COM.3_1,1985-02-13 12:00,,1985-02-19 00:00,,OFCL,,363755.0,,270453.24,,"{0: 95771, 1: 266564, 2: 1420}",,95771.0,,266564.0,,1420.0,,0.0,,0.0,,0.0,
1985,SH231985,NONAME,Madagascar,MDG,Boeny,MDG,,1985-02-13 12:00,,1985-02-19 00:00,,OFCL,,328974.0,,320.65,,{0: 328974},,328974.0,,0.0,,0.0,,0.0,,0.0,,0.0
1985,SH231985,NONAME,Madagascar,MDG,Diana,MDG,,1985-02-13 12:00,,1985-02-19 00:00,,OFCL,,651922.0,,1671.6,,"{0: 644216, 1: 7706}",,644216.0,,7706.0,,0.0,,0.0,,0.0,,0.0
1985,SH231985,NONAME,Madagascar,MDG,Sava,MDG,,1985-02-13 12:00,,1985-02-19 00:00,,OFCL,,32008.0,,30.89,,{0: 32008},,32008.0,,0.0,,0.0,,0.0,,0.0,,0.0
1985,SH231985,NONAME,Madagascar,MDG,Sofia,MDG,,1985-02-13 12:00,,1985-02-19 00:00,,OFCL,,79699.0,,70.01,,{0: 79699},,79699.0,,0.0,,0.0,,0.0,,0.0,,0.0
1985,SH231985,NONAME,Madagascar,MDG,Antsiranana,MDG.2_1,1985-02-13 12:00,,1985-02-19 00:00,,OFCL,,1132500.0,,296995.73,,"{0: 598947, 1: 533553}",,598947.0,,533553.0,,0.0,,0.0,,0.0,,0.0,
1985,SH231985,NONAME,Madagascar,MDG,Mahajanga,MDG.4_1,1985-02-13 12:00,,1985-02-19 00:00,,OFCL,,1175081.0,,91582.63,,"{0: 727503, 1: 447578}",,727503.0,,447578.0,,0.0,,0.0,,0.0,,0.0,
1985,SH231985,NONAME,Mayotte,MYT,Koungou,MYT.10_1,1985-02-13 12:00,,1985-02-19 00:00,,OFCL,,41150.0,,327284.15,,{1: 41150},,0.0,,41150.0,,0.0,,0.0,,0.0,,0.0,
1985,SH231985,NONAME,Mayotte,MYT,M'tsangamouji,MYT.11_1,1985-02-13 12:00,,1985-02-19 00:00,,OFCL,,7178.0,,220925.85,,{1: 7178},,0.0,,7178.0,,0.0,,0.0,,0.0,,0.0,
1985,SH231985,NONAME,Mayotte,MYT,Mamoudzou,MYT.12_1,1985-02-13 12:00,,1985-02-19 00:00,,OFCL,,68646.0,,1284399.81,,{1: 68646},,0.0,,68646.0,,0.0,,0.0,,0.0,,0.0,
1985,SH231985,NONAME,Mayotte,MYT,Mtsamboro,MYT.13_1,1985-02-13 12:00,,1985-02-19 00:00,,OFCL,,8487.0,,206106.47,,{1: 8487},,0.0,,8487.0,,0.0,,0.0,,0.0,,0.0,
1985,SH231985,NONAME,Mayotte,MYT,Ouangani,MYT.14_1,1985-02-13 12:00,,1985-02-19 00:00,,OFCL,,15883.0,,153219.38,,{1: 15883},,0.0,,15883.0,,0.0,,0.0,,0.0,,0.0,
1985,SH231985,NONAME,Mayotte,MYT,Pamandzi,MYT.15_1,1985-02-13 12:00,,1985-02-19 00:00,,OFCL,,12327.0,,257456.39,,{1: 12327},,0.0,,12327.0,,0.0,,0.0,,0.0,,0.0,
1985,SH231985,NONAME,Mayotte,MYT,Sada,MYT.16_1,1985-02-13 12:00,,1985-02-19 00:00,,OFCL,,12674.0,,251183.5,,{1: 12674},,0.0,,12674.0,,0.0,,0.0,,0.0,,0.0,
1985,SH231985,NONAME,Mayotte,MYT,Tsingoni,MYT.17_1,1985-02-13 12:00,,1985-02-19 00:00,,OFCL,,13243.0,,164136.51,,{1: 13243},,0.0,,13243.0,,0.0,,0.0,,0.0,,0.0,
1985,SH231985,NONAME,Mayotte,MYT,Acoua,MYT.1_1,1985-02-13 12:00,,1985-02-19 00:00,,OFCL,,4802.0,,172433.65,,{1: 4802},,0.0,,4802.0,,0.0,,0.0,,0.0,,0.0,
1985,SH231985,NONAME,Mayotte,MYT,Bandraboua,MYT.2_1,1985-02-13 12:00,,1985-02-19 00:00,,OFCL,,12848.0,,83802.83,,{1: 12848},,0.0,,12848.0,,0.0,,0.0,,0.0,,0.0,
1985,SH231985,NONAME,Mayotte,MYT,Bandrele,MYT.3_1,1985-02-13 12:00,,1985-02-19 00:00,,OFCL,,10462.0,,222223.71,,{1: 10462},,0.0,,10462.0,,0.0,,0.0,,0.0,,0.0,
1985,SH231985,NONAME,Mayotte,MYT,Boueni,MYT.4_1,1985-02-13 12:00,,1985-02-19 00:00,,OFCL,,7614.0,,127568.48,,{1: 7614},,0.0,,7614.0,,0.0,,0.0,,0.0,,0.0,
1985,SH231985,NONAME,Mayotte,MYT,Chiconi,MYT.5_1,1985-02-13 12:00,,1985-02-19 00:00,,OFCL,,8615.0,,148181.46,,{1: 8615},,0.0,,8615.0,,0.0,,0.0,,0.0,,0.0,
1985,SH231985,NONAME,Mayotte,MYT,Chirongui,MYT.6_1,1985-02-13 12:00,,1985-02-19 00:00,,OFCL,,10610.0,,73448.66,,{1: 10610},,0.0,,10610.0,,0.0,,0.0,,0.0,,0.0,
1985,SH231985,NONAME,Mayotte,MYT,Dembeni,MYT.7_1,1985-02-13 12:00,,1985-02-19 00:00,,OFCL,,14271.0,,103177.51,,{1: 14271},,0.0,,14271.0,,0.0,,0.0,,0.0,,0.0,
1985,SH231985,NONAME,Mayotte,MYT,Dzaoudzi,MYT.8_1,1985-02-13 12:00,,1985-02-19 00:00,,OFCL,,16147.0,,303422.57,,{1: 16147},,0.0,,16147.0,,0.0,,0.0,,0.0,,0.0,
1985,SH231985,NONAME,Mayotte,MYT,Kani-Keli,MYT.9_1,1985-02-13 12:00,,1985-02-19 00:00,,OFCL,,5443.0,,117109.12,,{1: 5443},,0.0,,5443.0,,0.0,,0.0,,0.0,,0.0,
1985,SH231985,NONAME,Mayotte,MYT,,No Adm1,,1985-02-13 12:00,,1985-02-19 00:00,,OFCL,,256777.0,,6971649.54,,{1: 256777},,0.0,,256777.0,,0.0,,0.0,,0.0,,0.0
1985,SH231985,NONAME,Seychelles,SYC,Assumption,SYC,,1985-02-13 12:00,,1985-02-19 00:00,,OFCL,,17.0,,0.0,,{0: 17},,17.0,,0.0,,0.0,,0.0,,0.0,,0.0
1985,SH231985,NONAME,Seychelles,SYC,Astove,SYC,,1985-02-13 12:00,,1985-02-19 00:00,,OFCL,,2.0,,0.0,,{0: 2},,2.0,,0.0,,0.0,,0.0,,0.0,,0.0
1985,SH231985,NONAME,Seychelles,SYC,Cosmoledo,SYC,,1985-02-13 12:00,,1985-02-19 00:00,,OFCL,,0.0,,0.0,,{0: 0},,0.0,,0.0,,0.0,,0.0,,0.0,,0.0
1985,SH231985,NONAME,Seychelles,SYC,Farquhar,SYC,,1985-02-13 12:00,,1985-02-19 00:00,,OFCL,,0.0,,0.0,,{0: 0},,0.0,,0.0,,0.0,,0.0,,0.0,,0.0
1985,SH331985,NONAME,Madagascar,MDG,Antsiranana,MDG.2_1,1985-04-10 12:00,,1985-04-19 00:00,,OFCL,,3595.0,,0.63,,{0: 3595},,3595.0,,0.0,,0.0,,0.0,,0.0,,0.0,
1985,SH331985,NONAME,Madagascar,MDG,Toamasina,MDG.5_1,1985-04-10 12:00,,1985-04-19 00:00,,OFCL,,126.0,,0.02,,{0: 126},,126.0,,0.0,,0.0,,0.0,,0.0,,0.0,
1985,SH331985,NONAME,Mauritius,MUS,Rodriguez,MUS.10_1,1985-04-10 12:00,,1985-04-19 00:00,,OFCL,,44652.0,,25049855.6,,{3: 44652},,0.0,,0.0,,0.0,,44652.0,,0.0,,0.0,
1985,SH331985,NONAME,Mauritius,MUS,Grand Port,MUS.4_1,1985-04-10 12:00,,1985-04-19 00:00,,OFCL,,4497.0,,138379.24,,{0: 4497},,4497.0,,0.0,,0.0,,0.0,,0.0,,0.0,
1985,SH331985,NONAME,Mauritius,MUS,Rivière du Rempart,MUS.9_1,1985-04-10 12:00,,1985-04-19 00:00,,OFCL,,1520.0,,16157.38,,{0: 1520},,1520.0,,0.0,,0.0,,0.0,,0.0,,0.0,
1985,SH331985,NONAME,Mauritius,MUS,,No Adm1,,1985-04-10 12:00,,1985-04-19 00:00,,OFCL,,43525.0,,104697243.94,,{3: 43525},,0.0,,0.0,,0.0,,43525.0,,0.0,,0.0
1986,SH041986,NONAME,Mozambique,MOZ,Tete,MOZ.10_1,1986-01-06 12:00,,1986-01-10 00:00,,OFCL,,130405.0,,2819.97,,{0: 130405},,130405.0,,0.0,,0.0,,0.0,,0.0,,0.0,
1986,SH041986,NONAME,Mozambique,MOZ,Zambezia,MOZ.11_1,1986-01-06 12:00,1986-01-06 12:00,1986-01-10 00:00,1986-01-10 00:00,OFCL,OFCL,1049394.0,402360.0,225083.17,4665.65,"{0: 815305, 1: 234089}","{0: 372560, 1: 29800}",815305.0,372560.0,234089.0,29800.0,0.0,0.0,0.0,0.0,0.0,0.0,0.0,0.0
1986,SH041986,NONAME,Mozambique,MOZ,Inhambane,MOZ.3_1,1986-01-06 12:00,1986-01-06 12:00,1986-01-10 00:00,1986-01-10 00:00,OFCL,OFCL,54592.0,86.0,24051.29,21.72,{0: 54592},{0: 86},54592.0,86.0,0.0,0.0,0.0,0.0,0.0,0.0,0.0,0.0,0.0,0.0
1986,SH041986,NONAME,Mozambique,MOZ,Manica,MOZ.4_1,1986-01-06 12:00,1986-01-06 12:00,1986-01-10 00:00,1986-01-10 00:00,OFCL,OFCL,572549.0,6805.0,9880.98,0.01,"{0: 572534, 1: 15}",{0: 6805},572534.0,6805.0,15.0,0.0,0.0,0.0,0.0,0.0,0.0,0.0,0.0,0.0
1986,SH041986,NONAME,Mozambique,MOZ,Sofala,MOZ.9_1,1986-01-06 12:00,1986-01-06 12:00,1986-01-10 00:00,1986-01-10 00:00,OFCL,OFCL,2124477.0,1253345.0,1506081.81,224404.34,"{0: 990085, 1: 1121260, 2: 13132}","{0: 1075778, 1: 177567}",990085.0,1075778.0,1121260.0,177567.0,13132.0,0.0,0.0,0.0,0.0,0.0,0.0,0.0
1986,SH061986,NONAME,Mauritius,MUS,Rodriguez,MUS.10_1,1986-01-07 06:00,,1986-01-15 18:00,,OFCL,,44652.0,,1373598.79,,"{1: 26403, 2: 18249}",,0.0,,26403.0,,18249.0,,0.0,,0.0,,0.0,
1986,SH061986,NONAME,Mauritius,MUS,Agalega Islands,MUS.1_1,1986-01-07 06:00,,1986-01-15 18:00,,OFCL,,262.0,,12372.56,,{2: 262},,0.0,,0.0,,262.0,,0.0,,0.0,,0.0,
1986,SH061986,NONAME,Mauritius,MUS,,No Adm1,,1986-01-07 06:00,,1986-01-15 18:00,,OFCL,,43525.0,,2680289.82,,"{1: 27076, 2: 16449}",,0.0,,27076.0,,16449.0,,0.0,,0.0,,0.0
1986,SH061986,NONAME,Seychelles,SYC,Beau Vallon,SYC.8_1,,1986-01-07 06:00,,1986-01-15 18:00,,OFCL,,0.0,,39667.76,,{2: 0},,0.0,,0.0,,0.0,,0.0,,0.0,,0.0
1986,SH131986,NONAME,Reunion,REU,Arrondissement_du_vent,REU,,1986-01-30 00:00,,1986-02-11 00:00,,OFCL,,256754.0,,1675455.98,,"{0: 1157, 1: 242782, 2: 12815}",,1157.0,,242782.0,,12815.0,,0.0,,0.0,,0.0
1986,SH131986,NONAME,Reunion,REU,Arrondissement_souse_le_vent,REU,,1986-01-30 00:00,,1986-02-11 00:00,,OFCL,,447764.0,,5208476.66,,"{0: 11672, 1: 411761, 2: 24331}",,11672.0,,411761.0,,24331.0,,0.0,,0.0,,0.0
1986,SH131986,NONAME,Reunion,REU,Saint-Benoît,REU.1_1,1986-01-30 00:00,,1986-02-11 00:00,,OFCL,,140447.0,,1410068.07,,"{0: 523, 1: 139910, 2: 14}",,523.0,,139910.0,,14.0,,0.0,,0.0,,0.0,
1986,SH131986,NONAME,Reunion,REU,Saint-Denis,REU.2_1,1986-01-30 00:00,,1986-02-11 00:00,,OFCL,,308269.0,,9448377.53,,"{1: 305339, 2: 2930}",,0.0,,305339.0,,2930.0,,0.0,,0.0,,0.0,
1986,SH131986,NONAME,Reunion,REU,Saint-Paul,REU.3_1,1986-01-30 00:00,,1986-02-11 00:00,,OFCL,,201260.0,,6690743.22,,"{1: 187784, 2: 13476}",,0.0,,187784.0,,13476.0,,0.0,,0.0,,0.0,
1986,SH131986,NONAME,Reunion,REU,Saint-Pierre,REU.4_1,1986-01-30 00:00,,1986-02-11 00:00,,OFCL,,313164.0,,1620759.13,,"{0: 29306, 1: 283659, 2: 199}",,29306.0,,283659.0,,199.0,,0.0,,0.0,,0.0,
1986,SH251986,NONAME,Madagascar,MDG,Alaotra Mangoro,MDG,,1986-03-07 12:00,,1986-03-20 00:00,,OFCL,,1020875.0,,51136867.55,,"{0: 4501, 1: 110780, 2: 471568, 3: 434026}",,4501.0,,110780.0,,471568.0,,434026.0,,0.0,,0.0
1986,SH251986,NONAME,Madagascar,MDG,Amoron'i Mania,MDG,,1986-03-07 12:00,,1986-03-20 00:00,,OFCL,,631756.0,,144405.27,,"{0: 316244, 1: 315512}",,316244.0,,315512.0,,0.0,,0.0,,0.0,,0.0
1986,SH251986,NONAME,Madagascar,MDG,Analamanga,MDG,,1986-03-07 12:00,,1986-03-20 00:00,,OFCL,,4679099.0,,53320144.29,,"{0: 4586, 1: 177514, 2: 4400241, 3: 96758}",,4586.0,,177514.0,,4400241.0,,96758.0,,0.0,,0.0
1986,SH251986,NONAME,Madagascar,MDG,Analanjirofo,MDG,,1986-03-07 12:00,,1986-03-20 00:00,,OFCL,,1375888.0,,43356012.5,,"{0: 142196, 1: 288157, 2: 588842, 3: 356693}",,142196.0,,288157.0,,588842.0,,356693.0,,0.0,,0.0
1986,SH251986,NONAME,Madagascar,MDG,Atsimo Andrefana,MDG,,1986-03-07 12:00,,1986-03-20 00:00,,OFCL,,9.0,,0.0,,{0: 9},,9.0,,0.0,,0.0,,0.0,,0.0,,0.0
1986,SH251986,NONAME,Madagascar,MDG,Atsinanana,MDG,,1986-03-07 12:00,,1986-03-20 00:00,,OFCL,,985842.0,,25540939.44,,"{0: 209312, 1: 272974, 2: 147047, 3: 356509}",,209312.0,,272974.0,,147047.0,,356509.0,,0.0,,0.0
1986,SH251986,NONAME,Madagascar,MDG,Betsiboka,MDG,,1986-03-07 12:00,,1986-03-20 00:00,,OFCL,,240789.0,,783959.95,,"{0: 131799, 1: 75562, 2: 33004, 3: 424}",,131799.0,,75562.0,,33004.0,,424.0,,0.0,,0.0
1986,SH251986,NONAME,Madagascar,MDG,Boeny,MDG,,1986-03-07 12:00,,1986-03-20 00:00,,OFCL,,26342.0,,1.93,,{0: 26342},,26342.0,,0.0,,0.0,,0.0,,0.0,,0.0
1986,SH251986,NONAME,Madagascar,MDG,Bongolava,MDG,,1986-03-07 12:00,,1986-03-20 00:00,,OFCL,,576641.0,,235969.81,,"{0: 255343, 1: 295820, 2: 25478}",,255343.0,,295820.0,,25478.0,,0.0,,0.0,,0.0
1986,SH251986,NONAME,Madagascar,MDG,Haute Matsiatra,MDG,,1986-03-07 12:00,,1986-03-20 00:00,,OFCL,,216430.0,,573.4,,"{0: 216194, 1: 236}",,216194.0,,236.0,,0.0,,0.0,,0.0,,0.0
1986,SH251986,NONAME,Madagascar,MDG,Itasy,MDG,,1986-03-07 12:00,,1986-03-20 00:00,,OFCL,,736723.0,,6483846.43,,"{0: 4931, 1: 387710, 2: 344082}",,4931.0,,387710.0,,344082.0,,0.0,,0.0,,0.0
1986,SH251986,NONAME,Madagascar,MDG,Melaky,MDG,,1986-03-07 12:00,,1986-03-20 00:00,,OFCL,,3935.0,,0.29,,{0: 3935},,3935.0,,0.0,,0.0,,0.0,,0.0,,0.0
1986,SH251986,NONAME,Madagascar,MDG,Menabe,MDG,,1986-03-07 12:00,,1986-03-20 00:00,,OFCL,,91397.0,,58.49,,{0: 91397},,91397.0,,0.0,,0.0,,0.0,,0.0,,0.0
1986,SH251986,NONAME,Madagascar,MDG,Sava,MDG,,1986-03-07 12:00,,1986-03-20 00:00,,OFCL,,98799.0,,13392.39,,"{0: 78733, 1: 20066}",,78733.0,,20066.0,,0.0,,0.0,,0.0,,0.0
1986,SH251986,NONAME,Madagascar,MDG,Sofia,MDG,,1986-03-07 12:00,,1986-03-20 00:00,,OFCL,,483880.0,,73814.24,,"{0: 382487, 1: 100804, 2: 589}",,382487.0,,100804.0,,589.0,,0.0,,0.0,,0.0
1986,SH251986,NONAME,Madagascar,MDG,Vakinakaratra,MDG,,1986-03-07 12:00,,1986-03-20 00:00,,OFCL,,1831660.0,,8679891.89,,"{0: 103853, 1: 923473, 2: 804334}",,103853.0,,923473.0,,804334.0,,0.0,,0.0,,0.0
1986,SH251986,NONAME,Madagascar,MDG,Vatovavy Fitovinany,MDG,,1986-03-07 12:00,,1986-03-20 00:00,,OFCL,,209289.0,,169.23,,{0: 209289},,209289.0,,0.0,,0.0,,0.0,,0.0,,0.0
1986,SH251986,NONAME,Madagascar,MDG,Antananarivo,MDG.1_1,1986-03-07 12:00,,1986-03-20 00:00,,OFCL,,7957011.0,,228048833.44,,"{0: 68576, 1: 1155567, 2: 2205171, 3: 4527697}",,68576.0,,1155567.0,,2205171.0,,4527697.0,,0.0,,0.0,
1986,SH251986,NONAME,Madagascar,MDG,Antsiranana,MDG.2_1,1986-03-07 12:00,,1986-03-20 00:00,,OFCL,,247412.0,,137612.13,,"{0: 194027, 1: 47158, 2: 6227}",,194027.0,,47158.0,,6227.0,,0.0,,0.0,,0.0,
1986,SH251986,NONAME,Madagascar,MDG,Fianarantsoa,MDG.3_1,1986-03-07 12:00,,1986-03-20 00:00,,OFCL,,1971958.0,,1358480.13,,"{0: 1334580, 1: 595513, 2: 41865}",,1334580.0,,595513.0,,41865.0,,0.0,,0.0,,0.0,
1986,SH251986,NONAME,Madagascar,MDG,Mahajanga,MDG.4_1,1986-03-07 12:00,,1986-03-20 00:00,,OFCL,,1697758.0,,2324885.73,,"{0: 1153531, 1: 434528, 2: 101302, 3: 8397}",,1153531.0,,434528.0,,101302.0,,8397.0,,0.0,,0.0,
1986,SH251986,NONAME,Madagascar,MDG,Toamasina,MDG.5_1,1986-03-07 12:00,,1986-03-20 00:00,,OFCL,,3675332.0,,281031675.87,,"{0: 175435, 1: 695906, 2: 454150, 3: 2013385, 4: 336456}",,175435.0,,695906.0,,454150.0,,2013385.0,,336456.0,,0.0,
1986,SH251986,NONAME,Madagascar,MDG,Toliary,MDG.6_1,1986-03-07 12:00,,1986-03-20 00:00,,OFCL,,252415.0,,21081.12,,"{0: 229108, 1: 23307}",,229108.0,,23307.0,,0.0,,0.0,,0.0,,0.0,
1986,SH271986,NONAME,Mauritius,MUS,Rodriguez,MUS.10_1,1986-03-25 12:00,,1986-04-02 00:00,,OFCL,,44652.0,,13102.95,,{0: 44652},,44652.0,,0.0,,0.0,,0.0,,0.0,,0.0,
1986,SH271986,NONAME,Mauritius,MUS,,No Adm1,,1986-03-25 12:00,,1986-04-02 00:00,,OFCL,,43525.0,,14459.27,,"{0: 43469, 1: 56}",,43469.0,,56.0,,0.0,,0.0,,0.0,,0.0
1987,SH171987,NONAME,Mauritius,MUS,Riviere Du Rempart,MUS,,1987-02-10 12:00,,1987-02-16 00:00,,OFCL,,105156.0,,2050.94,,{0: 105156},,105156.0,,0.0,,0.0,,0.0,,0.0,,0.0
1987,SH171987,NONAME,Mauritius,MUS,Savanne,MUS.12_1,1987-02-10 12:00,1987-02-10 12:00,1987-02-16 00:00,1987-02-16 00:00,OFCL,OFCL,25621.0,52707.0,849.1,3822.94,"{0: 25607, 1: 14}","{0: 51882, 1: 825}",25607.0,51882.0,14.0,825.0,0.0,0.0,0.0,0.0,0.0,0.0,0.0,0.0
1987,SH171987,NONAME,Mauritius,MUS,Black River,MUS.2_1,1987-02-10 12:00,1987-02-10 12:00,1987-02-16 00:00,1987-02-16 00:00,OFCL,OFCL,91410.0,72490.0,48500.45,62995.73,"{0: 58718, 1: 32692}","{0: 16587, 1: 55903}",58718.0,16587.0,32692.0,55903.0,0.0,0.0,0.0,0.0,0.0,0.0,0.0,0.0
1987,SH171987,NONAME,Mauritius,MUS,Flacq,MUS.3_1,1987-02-10 12:00,1987-02-10 12:00,1987-02-16 00:00,1987-02-16 00:00,OFCL,OFCL,41765.0,115422.0,213.64,792.69,{0: 41765},{0: 115422},41765.0,115422.0,0.0,0.0,0.0,0.0,0.0,0.0,0.0,0.0,0.0,0.0
1987,SH171987,NONAME,Mauritius,MUS,Grand Port,MUS.4_1,1987-02-10 12:00,1987-02-10 12:00,1987-02-16 00:00,1987-02-16 00:00,OFCL,OFCL,36955.0,80557.0,502274.58,1840.82,{0: 36955},{0: 80557},36955.0,80557.0,0.0,0.0,0.0,0.0,0.0,0.0,0.0,0.0,0.0,0.0
1987,SH171987,NONAME,Mauritius,MUS,Moka,MUS.5_1,1987-02-10 12:00,1987-02-10 12:00,1987-02-16 00:00,1987-02-16 00:00,OFCL,OFCL,49559.0,143148.0,3705.17,4547.63,{0: 49559},{0: 143148},49559.0,143148.0,0.0,0.0,0.0,0.0,0.0,0.0,0.0,0.0,0.0,0.0
1987,SH171987,NONAME,Mauritius,MUS,Pamplemousses,MUS.6_1,1987-02-10 12:00,1987-02-10 12:00,1987-02-16 00:00,1987-02-16 00:00,OFCL,OFCL,75476.0,161456.0,6867.01,16816.01,{0: 75476},{0: 161456},75476.0,161456.0,0.0,0.0,0.0,0.0,0.0,0.0,0.0,0.0,0.0,0.0
1987,SH171987,NONAME,Mauritius,MUS,Plaines Wilhems,MUS.7_1,1987-02-10 12:00,1987-02-10 12:00,1987-02-16 00:00,1987-02-16 00:00,OFCL,OFCL,232081.0,286447.0,16942.73,4119.92,"{0: 229482, 1: 2599}","{0: 284438, 1: 2009}",229482.0,284438.0,2599.0,2009.0,0.0,0.0,0.0,0.0,0.0,0.0,0.0,0.0
1987,SH171987,NONAME,Mauritius,MUS,Port Louis,MUS.8_1,1987-02-10 12:00,1987-02-10 12:00,1987-02-16 00:00,1987-02-16 00:00,OFCL,OFCL,72223.0,100326.0,4467.34,1670.98,"{0: 71758, 1: 465}","{0: 98509, 1: 1817}",71758.0,98509.0,465.0,1817.0,0.0,0.0,0.0,0.0,0.0,0.0,0.0,0.0
1987,SH171987,NONAME,Mauritius,MUS,Rivière du Rempart,MUS.9_1,1987-02-10 12:00,,1987-02-16 00:00,,OFCL,,45941.0,,2546.32,,{0: 45941},,45941.0,,0.0,,0.0,,0.0,,0.0,,0.0,
1987,SH171987,NONAME,Mauritius,MUS,,No Adm1,,1987-02-10 12:00,,1987-02-16 00:00,,OFCL,,307.0,,3.12,,{0: 307},,307.0,,0.0,,0.0,,0.0,,0.0,,0.0
1987,SH171987,NONAME,Reunion,REU,Arrondissement_du_vent,REU,,1987-02-10 12:00,,1987-02-16 00:00,,OFCL,,256754.0,,2393015.65,,"{1: 251981, 2: 4773}",,0.0,,251981.0,,4773.0,,0.0,,0.0,,0.0
1987,SH171987,NONAME,Reunion,REU,Arrondissement_souse_le_vent,REU,,1987-02-10 12:00,,1987-02-16 00:00,,OFCL,,447764.0,,7667801.46,,"{0: 816, 1: 437287, 2: 9661}",,816.0,,437287.0,,9661.0,,0.0,,0.0,,0.0
1987,SH171987,NONAME,Reunion,REU,Saint-Benoît,REU.1_1,1987-02-10 12:00,,1987-02-16 00:00,,OFCL,,140447.0,,3682953.81,,"{1: 140336, 2: 111}",,0.0,,140336.0,,111.0,,0.0,,0.0,,0.0,
1987,SH171987,NONAME,Reunion,REU,Saint-Denis,REU.2_1,1987-02-10 12:00,,1987-02-16 00:00,,OFCL,,308269.0,,5162888.38,,"{0: 2711, 1: 305107, 2: 451}",,2711.0,,305107.0,,451.0,,0.0,,0.0,,0.0,
1987,SH171987,NONAME,Reunion,REU,Saint-Paul,REU.3_1,1987-02-10 12:00,,1987-02-16 00:00,,OFCL,,201260.0,,4529628.21,,"{1: 200848, 2: 412}",,0.0,,200848.0,,412.0,,0.0,,0.0,,0.0,
1987,SH171987,NONAME,Reunion,REU,Saint-Pierre,REU.4_1,1987-02-10 12:00,,1987-02-16 00:00,,OFCL,,313164.0,,5550535.93,,"{1: 308662, 2: 4502}",,0.0,,308662.0,,4502.0,,0.0,,0.0,,0.0,
1987,SH241987,NONAME,Madagascar,MDG,Anosy,MDG,,1987-04-22 06:00,,1987-04-26 18:00,,OFCL,,58.0,,0.03,,{0: 58},,58.0,,0.0,,0.0,,0.0,,0.0,,0.0
1987,SH241987,NONAME,Madagascar,MDG,Toliary,MDG.6_1,1987-04-22 06:00,,1987-04-26 18:00,,OFCL,,28190.0,,44.54,,{0: 28190},,28190.0,,0.0,,0.0,,0.0,,0.0,,0.0,
1988,SH021988,NONAME,Comoros,COM,Ngazidja,COM,,1987-11-20 18:00,,1987-11-26 06:00,,OFCL,,4158.0,,0.0,,{0: 4158},,4158.0,,0.0,,0.0,,0.0,,0.0,,0.0
1988,SH021988,NONAME,Comoros,COM,Njazídja,COM.2_1,1987-11-20 18:00,,1987-11-26 06:00,,OFCL,,208281.0,,5153.07,,{0: 208281},,208281.0,,0.0,,0.0,,0.0,,0.0,,0.0,
1988,SH021988,NONAME,Comoros,COM,Nzwani,COM.3_1,1987-11-20 18:00,,1987-11-26 06:00,,OFCL,,960.0,,0.02,,{0: 960},,960.0,,0.0,,0.0,,0.0,,0.0,,0.0,
1988,SH021988,NONAME,Mozambique,MOZ,Cabo Delgado,MOZ.1_1,1987-11-20 18:00,1987-11-20 18:00,1987-11-26 06:00,1987-11-26 06:00,OFCL,OFCL,1269685.0,737456.0,286724.01,1587.49,"{0: 602634, 1: 667051}","{0: 730794, 1: 6662}",602634.0,730794.0,667051.0,6662.0,0.0,0.0,0.0,0.0,0.0,0.0,0.0,0.0
1988,SH021988,NONAME,Mozambique,MOZ,Nampula,MOZ.7_1,1987-11-20 18:00,1987-11-20 18:00,1987-11-26 06:00,1987-11-26 06:00,OFCL,OFCL,763480.0,14695.0,18853.93,0.85,"{0: 752822, 1: 10658}",{0: 14695},752822.0,14695.0,10658.0,0.0,0.0,0.0,0.0,0.0,0.0,0.0,0.0,0.0
1988,SH021988,NONAME,Tanzania,TZA,Mtwara,TZA.15_1,1987-11-20 18:00,,1987-11-26 06:00,,OFCL,,3754.0,,0.58,,{0: 3754},,3754.0,,0.0,,0.0,,0.0,,0.0,,0.0,
1988,SH051988,NONAME,Madagascar,MDG,Antsiranana,MDG.2_1,1987-12-24 06:00,,1988-01-01 12:00,,OFCL,,6753.0,,28.65,,{0: 6753},,6753.0,,0.0,,0.0,,0.0,,0.0,,0.0,
1988,SH051988,NONAME,Madagascar,MDG,Mahajanga,MDG.4_1,1987-12-24 06:00,,1988-01-01 12:00,,OFCL,,1085.0,,0.47,,{0: 1085},,1085.0,,0.0,,0.0,,0.0,,0.0,,0.0,
1988,SH051988,NONAME,Madagascar,MDG,Toamasina,MDG.5_1,1987-12-24 06:00,,1988-01-01 12:00,,OFCL,,49715.0,,23863.91,,{0: 49715},,49715.0,,0.0,,0.0,,0.0,,0.0,,0.0,
1988,SH081988,NONAME,Madagascar,MDG,Alaotra Mangoro,MDG,,1988-01-11 18:00,,1988-01-18 18:00,,OFCL,,849372.0,,71200.05,,"{0: 541513, 1: 307859}",,541513.0,,307859.0,,0.0,,0.0,,0.0,,0.0
1988,SH081988,NONAME,Madagascar,MDG,Amoron'i Mania,MDG,,1988-01-11 18:00,,1988-01-18 18:00,,OFCL,,1756.0,,0.02,,{0: 1756},,1756.0,,0.0,,0.0,,0.0,,0.0,,0.0
1988,SH081988,NONAME,Madagascar,MDG,Analamanga,MDG,,1988-01-11 18:00,,1988-01-18 18:00,,OFCL,,2380023.0,,607.11,,{0: 2380023},,2380023.0,,0.0,,0.0,,0.0,,0.0,,0.0
1988,SH081988,NONAME,Madagascar,MDG,Analanjirofo,MDG,,1988-01-11 18:00,,1988-01-18 18:00,,OFCL,,1464275.0,,3562716.96,,"{0: 200629, 1: 1074538, 2: 189108}",,200629.0,,1074538.0,,189108.0,,0.0,,0.0,,0.0
1988,SH081988,NONAME,Madagascar,MDG,Atsimo Andrefana,MDG,,1988-01-11 18:00,,1988-01-18 18:00,,OFCL,,9915.0,,0.02,,{0: 9915},,9915.0,,0.0,,0.0,,0.0,,0.0,,0.0
1988,SH081988,NONAME,Madagascar,MDG,Atsinanana,MDG,,1988-01-11 18:00,,1988-01-18 18:00,,OFCL,,392949.0,,3465.24,,"{0: 188273, 1: 204676}",,188273.0,,204676.0,,0.0,,0.0,,0.0,,0.0
1988,SH081988,NONAME,Madagascar,MDG,Betsiboka,MDG,,1988-01-11 18:00,,1988-01-18 18:00,,OFCL,,41432.0,,312.35,,"{0: 40318, 1: 1114}",,40318.0,,1114.0,,0.0,,0.0,,0.0,,0.0
1988,SH081988,NONAME,Madagascar,MDG,Bongolava,MDG,,1988-01-11 18:00,,1988-01-18 18:00,,OFCL,,14737.0,,0.1,,{0: 14737},,14737.0,,0.0,,0.0,,0.0,,0.0,,0.0
1988,SH081988,NONAME,Madagascar,MDG,Diana,MDG,,1988-01-11 18:00,,1988-01-18 18:00,,OFCL,,2874.0,,0.04,,{0: 2874},,2874.0,,0.0,,0.0,,0.0,,0.0,,0.0
1988,SH081988,NONAME,Madagascar,MDG,Itasy,MDG,,1988-01-11 18:00,,1988-01-18 18:00,,OFCL,,515732.0,,940.13,,{0: 515732},,515732.0,,0.0,,0.0,,0.0,,0.0,,0.0
1988,SH081988,NONAME,Madagascar,MDG,Menabe,MDG,,1988-01-11 18:00,,1988-01-18 18:00,,OFCL,,1058.0,,0.0,,{0: 1058},,1058.0,,0.0,,0.0,,0.0,,0.0,,0.0
1988,SH081988,NONAME,Madagascar,MDG,Sava,MDG,,1988-01-11 18:00,,1988-01-18 18:00,,OFCL,,537955.0,,190564.39,,"{0: 309823, 1: 221002, 2: 7130}",,309823.0,,221002.0,,7130.0,,0.0,,0.0,,0.0
1988,SH081988,NONAME,Madagascar,MDG,Sofia,MDG,,1988-01-11 18:00,,1988-01-18 18:00,,OFCL,,596883.0,,172660.75,,"{0: 386174, 1: 209181, 2: 1528}",,386174.0,,209181.0,,1528.0,,0.0,,0.0,,0.0
1988,SH081988,NONAME,Madagascar,MDG,Vakinakaratra,MDG,,1988-01-11 18:00,,1988-01-18 18:00,,OFCL,,1323996.0,,1436.3,,{0: 1323996},,1323996.0,,0.0,,0.0,,0.0,,0.0,,0.0
1988,SH081988,NONAME,Madagascar,MDG,Antananarivo,MDG.1_1,1988-01-11 18:00,,1988-01-18 18:00,,OFCL,,6245944.0,,723026.74,,"{0: 4782086, 1: 1463858}",,4782086.0,,1463858.0,,0.0,,0.0,,0.0,,0.0,
1988,SH081988,NONAME,Madagascar,MDG,Antsiranana,MDG.2_1,1988-01-11 18:00,,1988-01-18 18:00,,OFCL,,807894.0,,1604587.11,,"{0: 422572, 1: 272409, 2: 112913}",,422572.0,,272409.0,,112913.0,,0.0,,0.0,,0.0,
1988,SH081988,NONAME,Madagascar,MDG,Fianarantsoa,MDG.3_1,1988-01-11 18:00,,1988-01-18 18:00,,OFCL,,207631.0,,1348.14,,{0: 207631},,207631.0,,0.0,,0.0,,0.0,,0.0,,0.0,
1988,SH081988,NONAME,Madagascar,MDG,Mahajanga,MDG.4_1,1988-01-11 18:00,,1988-01-18 18:00,,OFCL,,1125484.0,,1235321.35,,"{0: 630466, 1: 427832, 2: 67186}",,630466.0,,427832.0,,67186.0,,0.0,,0.0,,0.0,
1988,SH081988,NONAME,Madagascar,MDG,Toamasina,MDG.5_1,1988-01-11 18:00,,1988-01-18 18:00,,OFCL,,3076943.0,,18833591.74,,"{0: 454978, 1: 1715340, 2: 827771, 3: 78854}",,454978.0,,1715340.0,,827771.0,,78854.0,,0.0,,0.0,
1988,SH081988,NONAME,Madagascar,MDG,Toliary,MDG.6_1,1988-01-11 18:00,,1988-01-18 18:00,,OFCL,,710556.0,,7242.81,,{0: 710556},,710556.0,,0.0,,0.0,,0.0,,0.0,,0.0,
1988,SH091988,NONAME,Madagascar,MDG,Alaotra Mangoro,MDG,,1988-01-21 00:00,,1988-02-01 12:00,,OFCL,,601.0,,0.0,,{0: 601},,601.0,,0.0,,0.0,,0.0,,0.0,,0.0
1988,SH091988,NONAME,Madagascar,MDG,Analanjirofo,MDG,,1988-01-21 00:00,,1988-02-01 12:00,,OFCL,,413502.0,,32380.13,,"{0: 286560, 1: 126942}",,286560.0,,126942.0,,0.0,,0.0,,0.0,,0.0
1988,SH091988,NONAME,Madagascar,MDG,Anosy,MDG,,1988-01-21 00:00,,1988-02-01 12:00,,OFCL,,154.0,,76.42,,{0: 154},,154.0,,0.0,,0.0,,0.0,,0.0,,0.0
1988,SH091988,NONAME,Madagascar,MDG,Atsimo Andrefana,MDG,,1988-01-21 00:00,,1988-02-01 12:00,,OFCL,,1202.0,,186.98,,{0: 1202},,1202.0,,0.0,,0.0,,0.0,,0.0,,0.0
1988,SH091988,NONAME,Madagascar,MDG,Betsiboka,MDG,,1988-01-21 00:00,,1988-02-01 12:00,,OFCL,,3667.0,,4.92,,{0: 3667},,3667.0,,0.0,,0.0,,0.0,,0.0,,0.0
1988,SH091988,NONAME,Madagascar,MDG,Boeny,MDG,,1988-01-21 00:00,,1988-02-01 12:00,,OFCL,,298161.0,,418.35,,"{0: 297584, 1: 577}",,297584.0,,577.0,,0.0,,0.0,,0.0,,0.0
1988,SH091988,NONAME,Madagascar,MDG,Bongolava,MDG,,1988-01-21 00:00,,1988-02-01 12:00,,OFCL,,5193.0,,0.1,,{0: 5193},,5193.0,,0.0,,0.0,,0.0,,0.0,,0.0
1988,SH091988,NONAME,Madagascar,MDG,Diana,MDG,,1988-01-21 00:00,,1988-02-01 12:00,,OFCL,,18719.0,,51.6,,"{0: 17827, 1: 892}",,17827.0,,892.0,,0.0,,0.0,,0.0,,0.0
1988,SH091988,NONAME,Madagascar,MDG,Melaky,MDG,,1988-01-21 00:00,,1988-02-01 12:00,,OFCL,,238564.0,,23874.0,,"{0: 147605, 1: 90959}",,147605.0,,90959.0,,0.0,,0.0,,0.0,,0.0
1988,SH091988,NONAME,Madagascar,MDG,Menabe,MDG,,1988-01-21 00:00,,1988-02-01 12:00,,OFCL,,9090.0,,1.24,,{0: 9090},,9090.0,,0.0,,0.0,,0.0,,0.0,,0.0
1988,SH091988,NONAME,Madagascar,MDG,Sava,MDG,,1988-01-21 00:00,,1988-02-01 12:00,,OFCL,,866837.0,,135423.27,,"{0: 508430, 1: 358007, 2: 400}",,508430.0,,358007.0,,400.0,,0.0,,0.0,,0.0
1988,SH091988,NONAME,Madagascar,MDG,Sofia,MDG,,1988-01-21 00:00,,1988-02-01 12:00,,OFCL,,454907.0,,28549.57,,"{0: 329094, 1: 125813}",,329094.0,,125813.0,,0.0,,0.0,,0.0,,0.0
1988,SH091988,NONAME,Madagascar,MDG,Antananarivo,MDG.1_1,1988-01-21 00:00,,1988-02-01 12:00,,OFCL,,197191.0,,2027.07,,"{0: 197172, 1: 19}",,197172.0,,19.0,,0.0,,0.0,,0.0,,0.0,
1988,SH091988,NONAME,Madagascar,MDG,Antsiranana,MDG.2_1,1988-01-21 00:00,,1988-02-01 12:00,,OFCL,,1546037.0,,2216472.26,,"{0: 562335, 1: 887719, 2: 95983}",,562335.0,,887719.0,,95983.0,,0.0,,0.0,,0.0,
1988,SH091988,NONAME,Madagascar,MDG,Mahajanga,MDG.4_1,1988-01-21 00:00,,1988-02-01 12:00,,OFCL,,2244851.0,,1724620.78,,"{0: 1283674, 1: 881155, 2: 80022}",,1283674.0,,881155.0,,80022.0,,0.0,,0.0,,0.0,
1988,SH091988,NONAME,Madagascar,MDG,Toamasina,MDG.5_1,1988-01-21 00:00,,1988-02-01 12:00,,OFCL,,774952.0,,1356916.02,,"{0: 428027, 1: 305692, 2: 41233}",,428027.0,,305692.0,,41233.0,,0.0,,0.0,,0.0,
1988,SH091988,NONAME,Madagascar,MDG,Toliary,MDG.6_1,1988-01-21 00:00,,1988-02-01 12:00,,OFCL,,532599.0,,6461.16,,"{0: 531403, 1: 1196}",,531403.0,,1196.0,,0.0,,0.0,,0.0,,0.0,
1988,SH091988,NONAME,Mozambique,MOZ,Inhambane,MOZ.3_1,1988-01-21 00:00,1988-01-21 00:00,1988-02-01 12:00,1988-02-01 12:00,OFCL,OFCL,515558.0,3202.0,22842.57,0.12,{0: 515558},{0: 3202},515558.0,3202.0,0.0,0.0,0.0,0.0,0.0,0.0,0.0,0.0,0.0,0.0
1988,SH141988,NONAME,Madagascar,MDG,Boeny,MDG,,1988-02-24 06:00,,1988-03-02 06:00,,OFCL,,71.0,,0.0,,{0: 71},,71.0,,0.0,,0.0,,0.0,,0.0,,0.0
1988,SH141988,NONAME,Madagascar,MDG,Diana,MDG,,1988-02-24 06:00,,1988-03-02 06:00,,OFCL,,280683.0,,58.75,,{0: 280683},,280683.0,,0.0,,0.0,,0.0,,0.0,,0.0
1988,SH141988,NONAME,Madagascar,MDG,Melaky,MDG,,1988-02-24 06:00,,1988-03-02 06:00,,OFCL,,33212.0,,1.58,,{0: 33212},,33212.0,,0.0,,0.0,,0.0,,0.0,,0.0
1988,SH141988,NONAME,Madagascar,MDG,Sava,MDG,,1988-02-24 06:00,,1988-03-02 06:00,,OFCL,,17359.0,,1.63,,{0: 17359},,17359.0,,0.0,,0.0,,0.0,,0.0,,0.0
1988,SH141988,NONAME,Madagascar,MDG,Sofia,MDG,,1988-02-24 06:00,,1988-03-02 06:00,,OFCL,,148.0,,0.0,,{0: 148},,148.0,,0.0,,0.0,,0.0,,0.0,,0.0
1988,SH141988,NONAME,Madagascar,MDG,Antsiranana,MDG.2_1,1988-02-24 06:00,,1988-03-02 06:00,,OFCL,,915796.0,,49291.19,,"{0: 859238, 1: 56558}",,859238.0,,56558.0,,0.0,,0.0,,0.0,,0.0,
1988,SH141988,NONAME,Madagascar,MDG,Mahajanga,MDG.4_1,1988-02-24 06:00,,1988-03-02 06:00,,OFCL,,600330.0,,10743.32,,"{0: 600224, 1: 106}",,600224.0,,106.0,,0.0,,0.0,,0.0,,0.0,
1988,SH141988,NONAME,Mozambique,MOZ,Tete,MOZ.10_1,1988-02-24 06:00,1988-02-24 06:00,1988-03-02 06:00,1988-03-02 06:00,OFCL,OFCL,705082.0,265752.0,1317344.88,25568.77,"{0: 424287, 1: 186033, 2: 94762}","{0: 114587, 1: 151165}",424287.0,114587.0,186033.0,151165.0,94762.0,0.0,0.0,0.0,0.0,0.0,0.0,0.0
1988,SH141988,NONAME,Mozambique,MOZ,Zambezia,MOZ.11_1,1988-02-24 06:00,1988-02-24 06:00,1988-03-02 06:00,1988-03-02 06:00,OFCL,OFCL,5218516.0,3682687.0,132641654.33,28169843.26,"{0: 1532655, 1: 1650229, 2: 960215, 3: 1031557, 4: 43860}","{0: 1495675, 1: 1195977, 2: 687239, 3: 303796}",1532655.0,1495675.0,1650229.0,1195977.0,960215.0,687239.0,1031557.0,303796.0,43860.0,0.0,0.0,0.0
1988,SH141988,NONAME,Mozambique,MOZ,Inhambane,MOZ.3_1,1988-02-24 06:00,1988-02-24 06:00,1988-03-02 06:00,1988-03-02 06:00,OFCL,OFCL,171270.0,1458.0,133304.79,160.18,"{0: 170645, 1: 625}",{0: 1458},170645.0,1458.0,625.0,0.0,0.0,0.0,0.0,0.0,0.0,0.0,0.0,0.0
1988,SH141988,NONAME,Mozambique,MOZ,Manica,MOZ.4_1,1988-02-24 06:00,1988-02-24 06:00,1988-03-02 06:00,1988-03-02 06:00,OFCL,OFCL,1612945.0,413494.0,135437.92,91.39,"{0: 1329862, 1: 283083}",{0: 413494},1329862.0,413494.0,283083.0,0.0,0.0,0.0,0.0,0.0,0.0,0.0,0.0,0.0
1988,SH141988,NONAME,Mozambique,MOZ,Nampula,MOZ.7_1,1988-02-24 06:00,1988-02-24 06:00,1988-03-02 06:00,1988-03-02 06:00,OFCL,OFCL,590779.0,52307.0,16507.3,2.14,"{0: 586885, 1: 3894}",{0: 52307},586885.0,52307.0,3894.0,0.0,0.0,0.0,0.0,0.0,0.0,0.0,0.0,0.0
1988,SH141988,NONAME,Mozambique,MOZ,Nassa,MOZ.8_1,1988-02-24 06:00,,1988-03-02 06:00,,OFCL,,279157.0,,2101.22,,{0: 279157},,279157.0,,0.0,,0.0,,0.0,,0.0,,0.0,
1988,SH141988,NONAME,Mozambique,MOZ,Sofala,MOZ.9_1,1988-02-24 06:00,1988-02-24 06:00,1988-03-02 06:00,1988-03-02 06:00,OFCL,OFCL,2346090.0,1856939.0,27712416.46,4231330.97,"{0: 372835, 1: 1562137, 2: 232607, 3: 176057, 4: 2454}","{0: 1096139, 1: 616986, 2: 134757, 3: 9057}",372835.0,1096139.0,1562137.0,616986.0,232607.0,134757.0,176057.0,9057.0,2454.0,0.0,0.0,0.0
1988,SH161988,NONAME,Mauritius,MUS,Rodriguez,MUS.10_1,1988-03-12 00:00,,1988-03-24 00:00,,OFCL,,4599.0,,5555.94,,{0: 4599},,4599.0,,0.0,,0.0,,0.0,,0.0,,0.0,
1988,SH161988,NONAME,Mauritius,MUS,,No Adm1,,1988-03-12 00:00,,1988-03-24 00:00,,OFCL,,32538.0,,136.23,,{0: 32538},,32538.0,,0.0,,0.0,,0.0,,0.0,,0.0
1988,SH171988,NONAME,Madagascar,MDG,Antsiranana,MDG.2_1,1988-03-17 00:00,,1988-03-20 18:00,,OFCL,,15202.0,,8.44,,{0: 15202},,15202.0,,0.0,,0.0,,0.0,,0.0,,0.0,
1988,SH171988,NONAME,Seychelles,SYC,Aldabra,SYC,,1988-03-17 00:00,,1988-03-20 18:00,,OFCL,,0.0,,151.17,,{1: 0},,0.0,,0.0,,0.0,,0.0,,0.0,,0.0
1988,SH171988,NONAME,Seychelles,SYC,Cosmoledo,SYC,,1988-03-17 00:00,,1988-03-20 18:00,,OFCL,,0.0,,25.05,,{1: 0},,0.0,,0.0,,0.0,,0.0,,0.0,,0.0
1988,SH171988,NONAME,Seychelles,SYC,Farquhar,SYC,,1988-03-17 00:00,,1988-03-20 18:00,,OFCL,,10.0,,165.47,,"{0: 3, 1: 7}",,3.0,,7.0,,0.0,,0.0,,0.0,,0.0
1988,SH171988,NONAME,Seychelles,SYC,Grand Anse Mahe,SYC,,1988-03-17 00:00,,1988-03-20 18:00,,OFCL,,0.0,,5.76,,{1: 0},,0.0,,0.0,,0.0,,0.0,,0.0,,0.0
1988,SH171988,NONAME,Seychelles,SYC,Providence,SYC,,1988-03-17 00:00,,1988-03-20 18:00,,OFCL,,1.0,,223.63,,{1: 1},,0.0,,1.0,,0.0,,0.0,,0.0,,0.0
1988,SH171988,NONAME,Seychelles,SYC,Outer Islands,SYC.20_1,1988-03-17 00:00,,1988-03-20 18:00,,OFCL,,43.0,,234.36,,"{0: 35, 1: 8}",,35.0,,8.0,,0.0,,0.0,,0.0,,0.0,
1988,SH181988,NONAME,Madagascar,MDG,Alaotra Mangoro,MDG,,1988-03-25 00:00,,1988-04-01 06:00,,OFCL,,359130.0,,38.94,,{0: 359130},,359130.0,,0.0,,0.0,,0.0,,0.0,,0.0
1988,SH181988,NONAME,Madagascar,MDG,Analamanga,MDG,,1988-03-25 00:00,,1988-04-01 06:00,,OFCL,,4295.0,,0.15,,{0: 4295},,4295.0,,0.0,,0.0,,0.0,,0.0,,0.0
1988,SH181988,NONAME,Madagascar,MDG,Analanjirofo,MDG,,1988-03-25 00:00,,1988-04-01 06:00,,OFCL,,282205.0,,195.74,,{0: 282205},,282205.0,,0.0,,0.0,,0.0,,0.0,,0.0
1988,SH181988,NONAME,Madagascar,MDG,Betsiboka,MDG,,1988-03-25 00:00,,1988-04-01 06:00,,OFCL,,12266.0,,1.23,,{0: 12266},,12266.0,,0.0,,0.0,,0.0,,0.0,,0.0
1988,SH181988,NONAME,Madagascar,MDG,Sava,MDG,,1988-03-25 00:00,,1988-04-01 06:00,,OFCL,,54709.0,,402.8,,"{0: 53647, 1: 1062}",,53647.0,,1062.0,,0.0,,0.0,,0.0,,0.0
1988,SH181988,NONAME,Madagascar,MDG,Sofia,MDG,,1988-03-25 00:00,,1988-04-01 06:00,,OFCL,,1100.0,,0.82,,{0: 1100},,1100.0,,0.0,,0.0,,0.0,,0.0,,0.0
1988,SH181988,NONAME,Madagascar,MDG,Antananarivo,MDG.1_1,1988-03-25 00:00,,1988-04-01 06:00,,OFCL,,77860.0,,816.56,,{0: 77860},,77860.0,,0.0,,0.0,,0.0,,0.0,,0.0,
1988,SH181988,NONAME,Madagascar,MDG,Antsiranana,MDG.2_1,1988-03-25 00:00,,1988-04-01 06:00,,OFCL,,253206.0,,28630.1,,"{0: 217995, 1: 35211}",,217995.0,,35211.0,,0.0,,0.0,,0.0,,0.0,
1988,SH181988,NONAME,Madagascar,MDG,Mahajanga,MDG.4_1,1988-03-25 00:00,,1988-04-01 06:00,,OFCL,,136610.0,,1608.82,,"{0: 136606, 1: 4}",,136606.0,,4.0,,0.0,,0.0,,0.0,,0.0,
1988,SH181988,NONAME,Madagascar,MDG,Toamasina,MDG.5_1,1988-03-25 00:00,,1988-04-01 06:00,,OFCL,,1949827.0,,245099.8,,"{0: 1792806, 1: 157021}",,1792806.0,,157021.0,,0.0,,0.0,,0.0,,0.0,
1989,SH061989,NONAME,Madagascar,MDG,Alaotra Mangoro,MDG,,1989-01-06 06:00,,1989-01-15 06:00,,OFCL,,29003.0,,0.9,,{0: 29003},,29003.0,,0.0,,0.0,,0.0,,0.0,,0.0
1989,SH061989,NONAME,Madagascar,MDG,Amoron'i Mania,MDG,,1989-01-06 06:00,,1989-01-15 06:00,,OFCL,,624323.0,,632649.03,,"{0: 303569, 1: 303794, 2: 16960}",,303569.0,,303794.0,,16960.0,,0.0,,0.0,,0.0
1989,SH061989,NONAME,Madagascar,MDG,Analamanga,MDG,,1989-01-06 06:00,,1989-01-15 06:00,,OFCL,,3741089.0,,22927.69,,"{0: 3603481, 1: 137608}",,3603481.0,,137608.0,,0.0,,0.0,,0.0,,0.0
1989,SH061989,NONAME,Madagascar,MDG,Anosy,MDG,,1989-01-06 06:00,,1989-01-15 06:00,,OFCL,,20869.0,,5.64,,{0: 20869},,20869.0,,0.0,,0.0,,0.0,,0.0,,0.0
1989,SH061989,NONAME,Madagascar,MDG,Atsimo Andrefana,MDG,,1989-01-06 06:00,,1989-01-15 06:00,,OFCL,,198910.0,,214026.4,,"{0: 157049, 1: 38402, 2: 3459}",,157049.0,,38402.0,,3459.0,,0.0,,0.0,,0.0
1989,SH061989,NONAME,Madagascar,MDG,Atsimo Atsinanana,MDG,,1989-01-06 06:00,,1989-01-15 06:00,,OFCL,,80.0,,0.0,,{0: 80},,80.0,,0.0,,0.0,,0.0,,0.0,,0.0
1989,SH061989,NONAME,Madagascar,MDG,Atsinanana,MDG,,1989-01-06 06:00,,1989-01-15 06:00,,OFCL,,27007.0,,132.67,,"{0: 26620, 1: 387}",,26620.0,,387.0,,0.0,,0.0,,0.0,,0.0
1989,SH061989,NONAME,Madagascar,MDG,Betsiboka,MDG,,1989-01-06 06:00,,1989-01-15 06:00,,OFCL,,76055.0,,1676.84,,"{0: 66773, 1: 9282}",,66773.0,,9282.0,,0.0,,0.0,,0.0,,0.0
1989,SH061989,NONAME,Madagascar,MDG,Boeny,MDG,,1989-01-06 06:00,,1989-01-15 06:00,,OFCL,,110457.0,,170.8,,"{0: 110435, 1: 22}",,110435.0,,22.0,,0.0,,0.0,,0.0,,0.0
1989,SH061989,NONAME,Madagascar,MDG,Bongolava,MDG,,1989-01-06 06:00,,1989-01-15 06:00,,OFCL,,598226.0,,1254384.15,,"{0: 38932, 1: 468389, 2: 90905}",,38932.0,,468389.0,,90905.0,,0.0,,0.0,,0.0
1989,SH061989,NONAME,Madagascar,MDG,Haute Matsiatra,MDG,,1989-01-06 06:00,,1989-01-15 06:00,,OFCL,,964225.0,,101489.54,,"{0: 761776, 1: 202066, 2: 383}",,761776.0,,202066.0,,383.0,,0.0,,0.0,,0.0
1989,SH061989,NONAME,Madagascar,MDG,Ihorombe,MDG,,1989-01-06 06:00,,1989-01-15 06:00,,OFCL,,272381.0,,5468.91,,"{0: 240676, 1: 31705}",,240676.0,,31705.0,,0.0,,0.0,,0.0,,0.0
1989,SH061989,NONAME,Madagascar,MDG,Itasy,MDG,,1989-01-06 06:00,,1989-01-15 06:00,,OFCL,,736723.0,,349310.27,,"{0: 164311, 1: 572412}",,164311.0,,572412.0,,0.0,,0.0,,0.0,,0.0
1989,SH061989,NONAME,Madagascar,MDG,Melaky,MDG,,1989-01-06 06:00,,1989-01-15 06:00,,OFCL,,291143.0,,9555788.43,,"{0: 21370, 1: 77800, 2: 75812, 3: 116161}",,21370.0,,77800.0,,75812.0,,116161.0,,0.0,,0.0
1989,SH061989,NONAME,Madagascar,MDG,Menabe,MDG,,1989-01-06 06:00,,1989-01-15 06:00,,OFCL,,743305.0,,20028026.8,,"{0: 11003, 1: 50214, 2: 463581, 3: 218507}",,11003.0,,50214.0,,463581.0,,218507.0,,0.0,,0.0
1989,SH061989,NONAME,Madagascar,MDG,Vakinakaratra,MDG,,1989-01-06 06:00,,1989-01-15 06:00,,OFCL,,1818110.0,,1431722.45,,"{0: 704505, 1: 1069442, 2: 44163}",,704505.0,,1069442.0,,44163.0,,0.0,,0.0,,0.0
1989,SH061989,NONAME,Madagascar,MDG,Vatovavy Fitovinany,MDG,,1989-01-06 06:00,,1989-01-15 06:00,,OFCL,,34806.0,,1.83,,{0: 34806},,34806.0,,0.0,,0.0,,0.0,,0.0,,0.0
1989,SH061989,NONAME,Madagascar,MDG,Antananarivo,MDG.1_1,1989-01-06 06:00,,1989-01-15 06:00,,OFCL,,7630170.0,,20331947.72,,"{0: 604987, 1: 5834681, 2: 1148436, 3: 42066}",,604987.0,,5834681.0,,1148436.0,,42066.0,,0.0,,0.0,
1989,SH061989,NONAME,Madagascar,MDG,Fianarantsoa,MDG.3_1,1989-01-06 06:00,,1989-01-15 06:00,,OFCL,,2765776.0,,3694583.47,,"{0: 1144296, 1: 1460924, 2: 148037, 3: 12519}",,1144296.0,,1460924.0,,148037.0,,12519.0,,0.0,,0.0,
1989,SH061989,NONAME,Madagascar,MDG,Mahajanga,MDG.4_1,1989-01-06 06:00,,1989-01-15 06:00,,OFCL,,1189421.0,,30465435.85,,"{0: 565126, 1: 248195, 2: 108777, 3: 267142, 4: 181}",,565126.0,,248195.0,,108777.0,,267142.0,,181.0,,0.0,
1989,SH061989,NONAME,Madagascar,MDG,Toamasina,MDG.5_1,1989-01-06 06:00,,1989-01-15 06:00,,OFCL,,690640.0,,13959.87,,"{0: 686836, 1: 3804}",,686836.0,,3804.0,,0.0,,0.0,,0.0,,0.0,
1989,SH061989,NONAME,Madagascar,MDG,Toliary,MDG.6_1,1989-01-06 06:00,,1989-01-15 06:00,,OFCL,,1492928.0,,84331991.67,,"{0: 320245, 1: 213329, 2: 96206, 3: 863116, 4: 32}",,320245.0,,213329.0,,96206.0,,863116.0,,32.0,,0.0,
1989,SH061989,NONAME,Mozambique,MOZ,Zambezia,MOZ.11_1,1989-01-06 06:00,1989-01-06 06:00,1989-01-15 06:00,1989-01-15 06:00,OFCL,OFCL,384917.0,19295.0,16837.05,9.47,"{0: 362626, 1: 22291}",{0: 19295},362626.0,19295.0,22291.0,0.0,0.0,0.0,0.0,0.0,0.0,0.0,0.0,0.0
1989,SH061989,NONAME,Mozambique,MOZ,Cabo Delgado,MOZ.1_1,1989-01-06 06:00,,1989-01-15 06:00,,OFCL,,74.0,,0.01,,{0: 74},,74.0,,0.0,,0.0,,0.0,,0.0,,0.0,
1989,SH061989,NONAME,Mozambique,MOZ,Nampula,MOZ.7_1,1989-01-06 06:00,1989-01-06 06:00,1989-01-15 06:00,1989-01-15 06:00,OFCL,OFCL,5208677.0,3734404.0,2196204.65,24017.38,"{0: 2401161, 1: 2807516}","{0: 3451509, 1: 282895}",2401161.0,3451509.0,2807516.0,282895.0,0.0,0.0,0.0,0.0,0.0,0.0,0.0,0.0
1989,SH081989,NONAME,Mauritius,MUS,Riviere Du Rempart,MUS,,1989-01-24 06:00,,1989-02-01 06:00,,OFCL,,123738.0,,412021436.36,,"{3: 122335, 4: 1403}",,0.0,,0.0,,0.0,,122335.0,,1403.0,,0.0
1989,SH081989,NONAME,Mauritius,MUS,Rodriguez,MUS.10_1,1989-01-24 06:00,,1989-02-01 06:00,,OFCL,,5797.0,,5.09,,{0: 5797},,5797.0,,0.0,,0.0,,0.0,,0.0,,0.0,
1989,SH081989,NONAME,Mauritius,MUS,Savanne,MUS.12_1,1989-01-24 06:00,1989-01-24 06:00,1989-02-01 06:00,1989-02-01 06:00,OFCL,OFCL,70087.0,60507.0,45877085.24,165223011.5,{3: 70087},{3: 60507},0.0,0.0,0.0,0.0,0.0,0.0,70087.0,60507.0,0.0,0.0,0.0,0.0
1989,SH081989,NONAME,Mauritius,MUS,Black River,MUS.2_1,1989-01-24 06:00,1989-01-24 06:00,1989-02-01 06:00,1989-02-01 06:00,OFCL,OFCL,94560.0,72490.0,105219933.84,235965096.7,"{3: 94333, 4: 227}","{3: 70094, 4: 2396}",0.0,0.0,0.0,0.0,0.0,0.0,94333.0,70094.0,227.0,2396.0,0.0,0.0
1989,SH081989,NONAME,Mauritius,MUS,Flacq,MUS.3_1,1989-01-24 06:00,1989-01-24 06:00,1989-02-01 06:00,1989-02-01 06:00,OFCL,OFCL,140810.0,148203.0,153162913.92,457199740.52,{3: 140810},{3: 148203},0.0,0.0,0.0,0.0,0.0,0.0,140810.0,148203.0,0.0,0.0,0.0,0.0
1989,SH081989,NONAME,Mauritius,MUS,Grand Port,MUS.4_1,1989-01-24 06:00,1989-01-24 06:00,1989-02-01 06:00,1989-02-01 06:00,OFCL,OFCL,113523.0,117962.0,108362590.8,332903780.3,{3: 113523},{3: 117962},0.0,0.0,0.0,0.0,0.0,0.0,113523.0,117962.0,0.0,0.0,0.0,0.0
1989,SH081989,NONAME,Mauritius,MUS,Moka,MUS.5_1,1989-01-24 06:00,1989-01-24 06:00,1989-02-01 06:00,1989-02-01 06:00,OFCL,OFCL,88800.0,144916.0,82842937.21,251183834.32,{3: 88800},{3: 144916},0.0,0.0,0.0,0.0,0.0,0.0,88800.0,144916.0,0.0,0.0,0.0,0.0
1989,SH081989,NONAME,Mauritius,MUS,Pamplemousses,MUS.6_1,1989-01-24 06:00,1989-01-24 06:00,1989-02-01 06:00,1989-02-01 06:00,OFCL,OFCL,148742.0,165109.0,138251272.08,442742452.36,{3: 148742},{3: 165109},0.0,0.0,0.0,0.0,0.0,0.0,148742.0,165109.0,0.0,0.0,0.0,0.0
1989,SH081989,NONAME,Mauritius,MUS,Plaines Wilhems,MUS.7_1,1989-01-24 06:00,1989-01-24 06:00,1989-02-01 06:00,1989-02-01 06:00,OFCL,OFCL,365517.0,294342.0,382581758.35,354010004.42,{3: 365517},{3: 294342},0.0,0.0,0.0,0.0,0.0,0.0,365517.0,294342.0,0.0,0.0,0.0,0.0
1989,SH081989,NONAME,Mauritius,MUS,Port Louis,MUS.8_1,1989-01-24 06:00,1989-01-24 06:00,1989-02-01 06:00,1989-02-01 06:00,OFCL,OFCL,111040.0,100326.0,91908912.33,101170142.98,{3: 111040},{3: 100326},0.0,0.0,0.0,0.0,0.0,0.0,111040.0,100326.0,0.0,0.0,0.0,0.0
1989,SH081989,NONAME,Mauritius,MUS,Rivière du Rempart,MUS.9_1,1989-01-24 06:00,,1989-02-01 06:00,,OFCL,,113200.0,,152058908.11,,"{3: 112861, 4: 339}",,0.0,,0.0,,0.0,,112861.0,,339.0,,0.0,
1989,SH081989,NONAME,Mauritius,MUS,,No Adm1,,1989-01-24 06:00,,1989-02-01 06:00,,OFCL,,27784.0,,571772.39,,"{0: 27477, 3: 307}",,27477.0,,0.0,,0.0,,307.0,,0.0,,0.0
1989,SH081989,NONAME,Reunion,REU,Arrondissement_du_vent,REU,,1989-01-24 06:00,,1989-02-01 06:00,,OFCL,,256754.0,,705876968.01,,"{3: 231647, 4: 25107}",,0.0,,0.0,,0.0,,231647.0,,25107.0,,0.0
1989,SH081989,NONAME,Reunion,REU,Arrondissement_souse_le_vent,REU,,1989-01-24 06:00,,1989-02-01 06:00,,OFCL,,447764.0,,1936536509.17,,"{3: 413982, 4: 33782}",,0.0,,0.0,,0.0,,413982.0,,33782.0,,0.0
1989,SH081989,NONAME,Reunion,REU,Saint-Benoît,REU.1_1,1989-01-24 06:00,,1989-02-01 06:00,,OFCL,,140447.0,,380408842.11,,"{3: 139101, 4: 1331, 5: 15}",,0.0,,0.0,,0.0,,139101.0,,1331.0,,15.0,
1989,SH081989,NONAME,Reunion,REU,Saint-Denis,REU.2_1,1989-01-24 06:00,,1989-02-01 06:00,,OFCL,,308269.0,,946261465.68,,"{3: 299984, 4: 8285}",,0.0,,0.0,,0.0,,299984.0,,8285.0,,0.0,
1989,SH081989,NONAME,Reunion,REU,Saint-Paul,REU.3_1,1989-01-24 06:00,,1989-02-01 06:00,,OFCL,,201260.0,,573992391.08,,"{3: 197297, 4: 3963}",,0.0,,0.0,,0.0,,197297.0,,3963.0,,0.0,
1989,SH081989,NONAME,Reunion,REU,Saint-Pierre,REU.4_1,1989-01-24 06:00,,1989-02-01 06:00,,OFCL,,313164.0,,706291711.47,,"{3: 302741, 4: 10408, 5: 15}",,0.0,,0.0,,0.0,,302741.0,,10408.0,,15.0,
1989,SH181989,NONAME,Madagascar,MDG,Androy,MDG,,1989-03-07 12:00,,1989-03-11 12:00,,OFCL,,3480.0,,0.03,,{0: 3480},,3480.0,,0.0,,0.0,,0.0,,0.0,,0.0
1989,SH181989,NONAME,Madagascar,MDG,Atsimo Andrefana,MDG,,1989-03-07 12:00,,1989-03-11 12:00,,OFCL,,272100.0,,84.87,,{0: 272100},,272100.0,,0.0,,0.0,,0.0,,0.0,,0.0
1989,SH181989,NONAME,Madagascar,MDG,Toliary,MDG.6_1,1989-03-07 12:00,,1989-03-11 12:00,,OFCL,,1241546.0,,74583.0,,"{0: 1145438, 1: 96108}",,1145438.0,,96108.0,,0.0,,0.0,,0.0,,0.0,
1989,SH191989,NONAME,Madagascar,MDG,Alaotra Mangoro,MDG,,1989-03-21 06:00,,1989-03-31 06:00,,OFCL,,699384.0,,123844.33,,"{0: 519018, 1: 179235, 2: 1131}",,519018.0,,179235.0,,1131.0,,0.0,,0.0,,0.0
1989,SH191989,NONAME,Madagascar,MDG,Amoron'i Mania,MDG,,1989-03-21 06:00,,1989-03-31 06:00,,OFCL,,657223.0,,1663997.82,,"{0: 162574, 1: 439552, 2: 55097}",,162574.0,,439552.0,,55097.0,,0.0,,0.0,,0.0
1989,SH191989,NONAME,Madagascar,MDG,Analamanga,MDG,,1989-03-21 06:00,,1989-03-31 06:00,,OFCL,,4563476.0,,741692.33,,"{0: 658778, 1: 3879466, 2: 25232}",,658778.0,,3879466.0,,25232.0,,0.0,,0.0,,0.0
1989,SH191989,NONAME,Madagascar,MDG,Analanjirofo,MDG,,1989-03-21 06:00,,1989-03-31 06:00,,OFCL,,144088.0,,289.74,,"{0: 143312, 1: 776}",,143312.0,,776.0,,0.0,,0.0,,0.0,,0.0
1989,SH191989,NONAME,Madagascar,MDG,Anosy,MDG,,1989-03-21 06:00,,1989-03-31 06:00,,OFCL,,6170.0,,0.05,,{0: 6170},,6170.0,,0.0,,0.0,,0.0,,0.0,,0.0
1989,SH191989,NONAME,Madagascar,MDG,Atsimo Andrefana,MDG,,1989-03-21 06:00,,1989-03-31 06:00,,OFCL,,2.0,,0.0,,{0: 2},,2.0,,0.0,,0.0,,0.0,,0.0,,0.0
1989,SH191989,NONAME,Madagascar,MDG,Atsimo Atsinanana,MDG,,1989-03-21 06:00,,1989-03-31 06:00,,OFCL,,449088.0,,189.23,,{0: 449088},,449088.0,,0.0,,0.0,,0.0,,0.0,,0.0
1989,SH191989,NONAME,Madagascar,MDG,Atsinanana,MDG,,1989-03-21 06:00,,1989-03-31 06:00,,OFCL,,964674.0,,2903653.35,,"{0: 409275, 1: 415199, 2: 140200}",,409275.0,,415199.0,,140200.0,,0.0,,0.0,,0.0
1989,SH191989,NONAME,Madagascar,MDG,Betsiboka,MDG,,1989-03-21 06:00,,1989-03-31 06:00,,OFCL,,13466.0,,4.52,,{0: 13466},,13466.0,,0.0,,0.0,,0.0,,0.0,,0.0
1989,SH191989,NONAME,Madagascar,MDG,Bongolava,MDG,,1989-03-21 06:00,,1989-03-31 06:00,,OFCL,,269405.0,,195.69,,{0: 269405},,269405.0,,0.0,,0.0,,0.0,,0.0,,0.0
1989,SH191989,NONAME,Madagascar,MDG,Haute Matsiatra,MDG,,1989-03-21 06:00,,1989-03-31 06:00,,OFCL,,1130312.0,,396626.18,,"{0: 499225, 1: 631087}",,499225.0,,631087.0,,0.0,,0.0,,0.0,,0.0
1989,SH191989,NONAME,Madagascar,MDG,Ihorombe,MDG,,1989-03-21 06:00,,1989-03-31 06:00,,OFCL,,185033.0,,83.64,,"{0: 184829, 1: 204}",,184829.0,,204.0,,0.0,,0.0,,0.0,,0.0
1989,SH191989,NONAME,Madagascar,MDG,Itasy,MDG,,1989-03-21 06:00,,1989-03-31 06:00,,OFCL,,689276.0,,80298.86,,"{0: 459585, 1: 229691}",,459585.0,,229691.0,,0.0,,0.0,,0.0,,0.0
1989,SH191989,NONAME,Madagascar,MDG,Menabe,MDG,,1989-03-21 06:00,,1989-03-31 06:00,,OFCL,,453.0,,0.01,,{0: 453},,453.0,,0.0,,0.0,,0.0,,0.0,,0.0
1989,SH191989,NONAME,Madagascar,MDG,Vakinakaratra,MDG,,1989-03-21 06:00,,1989-03-31 06:00,,OFCL,,1789432.0,,2803306.61,,"{0: 629189, 1: 1027755, 2: 132488}",,629189.0,,1027755.0,,132488.0,,0.0,,0.0,,0.0
1989,SH191989,NONAME,Madagascar,MDG,Vatovavy Fitovinany,MDG,,1989-03-21 06:00,,1989-03-31 06:00,,OFCL,,1841692.0,,4143036.55,,"{0: 711002, 1: 835743, 2: 294947}",,711002.0,,835743.0,,294947.0,,0.0,,0.0,,0.0
1989,SH191989,NONAME,Madagascar,MDG,Antananarivo,MDG.1_1,1989-03-21 06:00,,1989-03-31 06:00,,OFCL,,7801619.0,,17894651.43,,"{0: 944091, 1: 5759660, 2: 1094597, 3: 3271}",,944091.0,,5759660.0,,1094597.0,,3271.0,,0.0,,0.0,
1989,SH191989,NONAME,Madagascar,MDG,Fianarantsoa,MDG.3_1,1989-03-21 06:00,,1989-03-31 06:00,,OFCL,,5309899.0,,23406854.01,,"{0: 1455229, 1: 2718476, 2: 1005092, 3: 131102}",,1455229.0,,2718476.0,,1005092.0,,131102.0,,0.0,,0.0,
1989,SH191989,NONAME,Madagascar,MDG,Mahajanga,MDG.4_1,1989-03-21 06:00,,1989-03-31 06:00,,OFCL,,68184.0,,2155.25,,"{0: 66030, 1: 2154}",,66030.0,,2154.0,,0.0,,0.0,,0.0,,0.0,
1989,SH191989,NONAME,Madagascar,MDG,Toamasina,MDG.5_1,1989-03-21 06:00,,1989-03-31 06:00,,OFCL,,2517602.0,,8003595.62,,"{0: 1219139, 1: 858547, 2: 411855, 3: 28061}",,1219139.0,,858547.0,,411855.0,,28061.0,,0.0,,0.0,
1989,SH191989,NONAME,Madagascar,MDG,Toliary,MDG.6_1,1989-03-21 06:00,,1989-03-31 06:00,,OFCL,,160882.0,,1238.26,,{0: 160882},,160882.0,,0.0,,0.0,,0.0,,0.0,,0.0,
1989,SH211989,NONAME,Mauritius,MUS,Riviere Du Rempart,MUS,,1989-03-26 12:00,,1989-04-09 00:00,,OFCL,,123738.0,,27263.36,,"{0: 102539, 1: 21199}",,102539.0,,21199.0,,0.0,,0.0,,0.0,,0.0
1989,SH211989,NONAME,Mauritius,MUS,Rodriguez,MUS.10_1,1989-03-26 12:00,,1989-04-09 00:00,,OFCL,,44652.0,,5137391.78,,{2: 44652},,0.0,,0.0,,44652.0,,0.0,,0.0,,0.0,
1989,SH211989,NONAME,Mauritius,MUS,Savanne,MUS.12_1,1989-03-26 12:00,1989-03-26 12:00,1989-04-09 00:00,1989-04-09 00:00,OFCL,OFCL,70087.0,60507.0,144101.15,233704.43,{1: 70087},{1: 60507},0.0,0.0,70087.0,60507.0,0.0,0.0,0.0,0.0,0.0,0.0,0.0,0.0
1989,SH211989,NONAME,Mauritius,MUS,Black River,MUS.2_1,1989-03-26 12:00,1989-03-26 12:00,1989-04-09 00:00,1989-04-09 00:00,OFCL,OFCL,79191.0,72490.0,31438.08,40876.95,"{0: 67291, 1: 11900}","{0: 53127, 1: 19363}",67291.0,53127.0,11900.0,19363.0,0.0,0.0,0.0,0.0,0.0,0.0,0.0,0.0
1989,SH211989,NONAME,Mauritius,MUS,Flacq,MUS.3_1,1989-03-26 12:00,1989-03-26 12:00,1989-04-09 00:00,1989-04-09 00:00,OFCL,OFCL,140810.0,148203.0,216353.65,184327.25,"{0: 33432, 1: 107378}","{0: 24112, 1: 124091}",33432.0,24112.0,107378.0,124091.0,0.0,0.0,0.0,0.0,0.0,0.0,0.0,0.0
1989,SH211989,NONAME,Mauritius,MUS,Grand Port,MUS.4_1,1989-03-26 12:00,1989-03-26 12:00,1989-04-09 00:00,1989-04-09 00:00,OFCL,OFCL,113523.0,117962.0,625701.12,323757.82,"{0: 478, 1: 113045}",{1: 117962},478.0,0.0,113045.0,117962.0,0.0,0.0,0.0,0.0,0.0,0.0,0.0,0.0
1989,SH211989,NONAME,Mauritius,MUS,Moka,MUS.5_1,1989-03-26 12:00,1989-03-26 12:00,1989-04-09 00:00,1989-04-09 00:00,OFCL,OFCL,82210.0,144916.0,43857.02,39305.5,"{0: 36968, 1: 45242}","{0: 99911, 1: 45005}",36968.0,99911.0,45242.0,45005.0,0.0,0.0,0.0,0.0,0.0,0.0,0.0,0.0
1989,SH211989,NONAME,Mauritius,MUS,Pamplemousses,MUS.6_1,1989-03-26 12:00,1989-03-26 12:00,1989-04-09 00:00,1989-04-09 00:00,OFCL,OFCL,142696.0,165109.0,35216.28,33819.82,"{0: 133081, 1: 9615}","{0: 144489, 1: 20620}",133081.0,144489.0,9615.0,20620.0,0.0,0.0,0.0,0.0,0.0,0.0,0.0,0.0
1989,SH211989,NONAME,Mauritius,MUS,Plaines Wilhems,MUS.7_1,1989-03-26 12:00,1989-03-26 12:00,1989-04-09 00:00,1989-04-09 00:00,OFCL,OFCL,236224.0,294342.0,35132.45,6824.68,"{0: 168740, 1: 67484}","{0: 233022, 1: 61320}",168740.0,233022.0,67484.0,61320.0,0.0,0.0,0.0,0.0,0.0,0.0,0.0,0.0
1989,SH211989,NONAME,Mauritius,MUS,Port Louis,MUS.8_1,1989-03-26 12:00,1989-03-26 12:00,1989-04-09 00:00,1989-04-09 00:00,OFCL,OFCL,73590.0,100326.0,3956.14,1376.63,"{0: 73582, 1: 8}","{0: 94471, 1: 5855}",73582.0,94471.0,8.0,5855.0,0.0,0.0,0.0,0.0,0.0,0.0,0.0,0.0
1989,SH211989,NONAME,Mauritius,MUS,Rivière du Rempart,MUS.9_1,1989-03-26 12:00,,1989-04-09 00:00,,OFCL,,113200.0,,326448.41,,"{0: 92316, 1: 20884}",,92316.0,,20884.0,,0.0,,0.0,,0.0,,0.0,
1989,SH211989,NONAME,Mauritius,MUS,,No Adm1,,1989-03-26 12:00,,1989-04-09 00:00,,OFCL,,43832.0,,15138303.47,,"{0: 307, 2: 43525}",,307.0,,0.0,,43525.0,,0.0,,0.0,,0.0
1989,SH211989,NONAME,Reunion,REU,Arrondissement_du_vent,REU,,1989-03-26 12:00,,1989-04-09 00:00,,OFCL,,3363.0,,1.06,,{0: 3363},,3363.0,,0.0,,0.0,,0.0,,0.0,,0.0
1989,SH211989,NONAME,Reunion,REU,Arrondissement_souse_le_vent,REU,,1989-03-26 12:00,,1989-04-09 00:00,,OFCL,,163151.0,,765.92,,{0: 163151},,163151.0,,0.0,,0.0,,0.0,,0.0,,0.0
1989,SH211989,NONAME,Reunion,REU,Saint-Benoît,REU.1_1,1989-03-26 12:00,,1989-04-09 00:00,,OFCL,,110.0,,69.87,,"{0: 102, 1: 8}",,102.0,,8.0,,0.0,,0.0,,0.0,,0.0,
1989,SH211989,NONAME,Reunion,REU,Saint-Paul,REU.3_1,1989-03-26 12:00,,1989-04-09 00:00,,OFCL,,1689.0,,13.7,,{0: 1689},,1689.0,,0.0,,0.0,,0.0,,0.0,,0.0,
1989,SH211989,NONAME,Reunion,REU,Saint-Pierre,REU.4_1,1989-03-26 12:00,,1989-04-09 00:00,,OFCL,,28334.0,,1403.73,,{0: 28334},,28334.0,,0.0,,0.0,,0.0,,0.0,,0.0,
1990,SH081990,NONAME,Madagascar,MDG,Alaotra Mangoro,MDG,,1989-12-14 18:00,,1990-01-05 18:00,,OFCL,,895820.0,,127656.01,,"{0: 698121, 1: 194479, 2: 3220}",,698121.0,,194479.0,,3220.0,,0.0,,0.0,,0.0
1990,SH081990,NONAME,Madagascar,MDG,Amoron'i Mania,MDG,,1989-12-14 18:00,,1990-01-05 18:00,,OFCL,,665608.0,,12653336.77,,"{0: 21683, 1: 251801, 2: 384414, 3: 7710}",,21683.0,,251801.0,,384414.0,,7710.0,,0.0,,0.0
1990,SH081990,NONAME,Madagascar,MDG,Analamanga,MDG,,1989-12-14 18:00,,1990-01-05 18:00,,OFCL,,4420173.0,,380813.5,,"{0: 3726672, 1: 684802, 2: 8699}",,3726672.0,,684802.0,,8699.0,,0.0,,0.0,,0.0
1990,SH081990,NONAME,Madagascar,MDG,Analanjirofo,MDG,,1989-12-14 18:00,,1990-01-05 18:00,,OFCL,,1060123.0,,67274.25,,"{0: 789743, 1: 270380}",,789743.0,,270380.0,,0.0,,0.0,,0.0,,0.0
1990,SH081990,NONAME,Madagascar,MDG,Androy,MDG,,1989-12-14 18:00,,1990-01-05 18:00,,OFCL,,316013.0,,334.17,,{0: 316013},,316013.0,,0.0,,0.0,,0.0,,0.0,,0.0
1990,SH081990,NONAME,Madagascar,MDG,Anosy,MDG,,1989-12-14 18:00,,1990-01-05 18:00,,OFCL,,178279.0,,43774.84,,"{0: 110060, 1: 68219}",,110060.0,,68219.0,,0.0,,0.0,,0.0,,0.0
1990,SH081990,NONAME,Madagascar,MDG,Atsimo Andrefana,MDG,,1989-12-14 18:00,,1990-01-05 18:00,,OFCL,,646573.0,,4984.32,,"{0: 644066, 1: 2507}",,644066.0,,2507.0,,0.0,,0.0,,0.0,,0.0
1990,SH081990,NONAME,Madagascar,MDG,Atsimo Atsinanana,MDG,,1989-12-14 18:00,,1990-01-05 18:00,,OFCL,,1110547.0,,176964.44,,"{0: 629657, 1: 479673, 2: 1217}",,629657.0,,479673.0,,1217.0,,0.0,,0.0,,0.0
1990,SH081990,NONAME,Madagascar,MDG,Atsinanana,MDG,,1989-12-14 18:00,,1990-01-05 18:00,,OFCL,,990642.0,,6133766.99,,"{0: 43086, 1: 695746, 2: 251806, 3: 4}",,43086.0,,695746.0,,251806.0,,4.0,,0.0,,0.0
1990,SH081990,NONAME,Madagascar,MDG,Betsiboka,MDG,,1989-12-14 18:00,,1990-01-05 18:00,,OFCL,,4636.0,,0.09,,{0: 4636},,4636.0,,0.0,,0.0,,0.0,,0.0,,0.0
1990,SH081990,NONAME,Madagascar,MDG,Bongolava,MDG,,1989-12-14 18:00,,1990-01-05 18:00,,OFCL,,26480.0,,0.45,,{0: 26480},,26480.0,,0.0,,0.0,,0.0,,0.0,,0.0
1990,SH081990,NONAME,Madagascar,MDG,Haute Matsiatra,MDG,,1989-12-14 18:00,,1990-01-05 18:00,,OFCL,,1150834.0,,21201132.96,,"{0: 867, 1: 336198, 2: 800571, 3: 13198}",,867.0,,336198.0,,800571.0,,13198.0,,0.0,,0.0
1990,SH081990,NONAME,Madagascar,MDG,Ihorombe,MDG,,1989-12-14 18:00,,1990-01-05 18:00,,OFCL,,459419.0,,634342.0,,"{0: 33604, 1: 390845, 2: 34970}",,33604.0,,390845.0,,34970.0,,0.0,,0.0,,0.0
1990,SH081990,NONAME,Madagascar,MDG,Itasy,MDG,,1989-12-14 18:00,,1990-01-05 18:00,,OFCL,,632339.0,,26651.14,,"{0: 528268, 1: 104071}",,528268.0,,104071.0,,0.0,,0.0,,0.0,,0.0
1990,SH081990,NONAME,Madagascar,MDG,Menabe,MDG,,1989-12-14 18:00,,1990-01-05 18:00,,OFCL,,13020.0,,28.2,,{0: 13020},,13020.0,,0.0,,0.0,,0.0,,0.0,,0.0
1990,SH081990,NONAME,Madagascar,MDG,Sava,MDG,,1989-12-14 18:00,,1990-01-05 18:00,,OFCL,,59808.0,,767.42,,"{0: 55342, 1: 4466}",,55342.0,,4466.0,,0.0,,0.0,,0.0,,0.0
1990,SH081990,NONAME,Madagascar,MDG,Sofia,MDG,,1989-12-14 18:00,,1990-01-05 18:00,,OFCL,,15315.0,,0.57,,{0: 15315},,15315.0,,0.0,,0.0,,0.0,,0.0,,0.0
1990,SH081990,NONAME,Madagascar,MDG,Vakinakaratra,MDG,,1989-12-14 18:00,,1990-01-05 18:00,,OFCL,,1795163.0,,5320712.66,,"{0: 430352, 1: 1163155, 2: 201656}",,430352.0,,1163155.0,,201656.0,,0.0,,0.0,,0.0
1990,SH081990,NONAME,Madagascar,MDG,Vatovavy Fitovinany,MDG,,1989-12-14 18:00,,1990-01-05 18:00,,OFCL,,1844273.0,,34671233.53,,"{1: 513052, 2: 1246896, 3: 84325}",,0.0,,513052.0,,1246896.0,,84325.0,,0.0,,0.0
1990,SH081990,NONAME,Madagascar,MDG,Antananarivo,MDG.1_1,1989-12-14 18:00,,1990-01-05 18:00,,OFCL,,7473381.0,,18004863.65,,"{0: 927899, 1: 5409091, 2: 1074858, 3: 61533}",,927899.0,,5409091.0,,1074858.0,,61533.0,,0.0,,0.0,
1990,SH081990,NONAME,Madagascar,MDG,Antsiranana,MDG.2_1,1989-12-14 18:00,,1990-01-05 18:00,,OFCL,,165338.0,,47091.61,,"{0: 139660, 1: 25678}",,139660.0,,25678.0,,0.0,,0.0,,0.0,,0.0,
1990,SH081990,NONAME,Madagascar,MDG,Fianarantsoa,MDG.3_1,1989-12-14 18:00,,1990-01-05 18:00,,OFCL,,5761439.0,,147549949.82,,"{0: 371177, 1: 1214465, 2: 2315209, 3: 1860588}",,371177.0,,1214465.0,,2315209.0,,1860588.0,,0.0,,0.0,
1990,SH081990,NONAME,Madagascar,MDG,Mahajanga,MDG.4_1,1989-12-14 18:00,,1990-01-05 18:00,,OFCL,,139268.0,,2098.28,,{0: 139268},,139268.0,,0.0,,0.0,,0.0,,0.0,,0.0,
1990,SH081990,NONAME,Madagascar,MDG,Toamasina,MDG.5_1,1989-12-14 18:00,,1990-01-05 18:00,,OFCL,,3509136.0,,14276776.65,,"{0: 925699, 1: 1953236, 2: 526844, 3: 103357}",,925699.0,,1953236.0,,526844.0,,103357.0,,0.0,,0.0,
1990,SH081990,NONAME,Madagascar,MDG,Toliary,MDG.6_1,1989-12-14 18:00,,1990-01-05 18:00,,OFCL,,2303901.0,,772636.2,,"{0: 1467131, 1: 817520, 2: 19250}",,1467131.0,,817520.0,,19250.0,,0.0,,0.0,,0.0,
1990,SH081990,NONAME,Mauritius,MUS,Agalega Islands,MUS.1_1,1989-12-14 18:00,,1990-01-05 18:00,,OFCL,,262.0,,148280.76,,{3: 262},,0.0,,0.0,,0.0,,262.0,,0.0,,0.0,
1990,SH081990,NONAME,Seychelles,SYC,Farquhar,SYC,,1989-12-14 18:00,,1990-01-05 18:00,,OFCL,,0.0,,6.68,,{0: 0},,0.0,,0.0,,0.0,,0.0,,0.0,,0.0
1990,SH081990,NONAME,Tanzania,TZA,Arusha,TZA,,1989-12-14 18:00,,1990-01-05 18:00,,OFCL,,0.0,,850705.61,,{3: 0},,0.0,,0.0,,0.0,,0.0,,0.0,,0.0
1990,SH181990,NONAME,Mauritius,MUS,Rodriguez,MUS.10_1,1990-02-26 18:00,,1990-03-08 06:00,,OFCL,,44652.0,,384697.31,,{1: 44652},,0.0,,44652.0,,0.0,,0.0,,0.0,,0.0,
1990,SH181990,NONAME,Mauritius,MUS,Grand Port,MUS.4_1,1990-02-26 18:00,,1990-03-08 06:00,,OFCL,,174.0,,43183.18,,{0: 174},,174.0,,0.0,,0.0,,0.0,,0.0,,0.0,
1990,SH181990,NONAME,Mauritius,MUS,,No Adm1,,1990-02-26 18:00,,1990-03-08 06:00,,OFCL,,43525.0,,539878.0,,{1: 43525},,0.0,,43525.0,,0.0,,0.0,,0.0,,0.0
1990,SH271990,NONAME,Comoros,COM,Anjouan,COM,,1990-04-10 12:00,,1990-04-14 18:00,,OFCL,,3900.0,,0.38,,{0: 3900},,3900.0,,0.0,,0.0,,0.0,,0.0,,0.0
1990,SH271990,NONAME,Comoros,COM,Mwali,COM.1_1,1990-04-10 12:00,,1990-04-14 18:00,,OFCL,,27995.0,,2004.25,,{0: 27995},,27995.0,,0.0,,0.0,,0.0,,0.0,,0.0,
1990,SH271990,NONAME,Madagascar,MDG,Alaotra Mangoro,MDG,,1990-04-10 12:00,,1990-04-14 18:00,,OFCL,,4402.0,,0.35,,{0: 4402},,4402.0,,0.0,,0.0,,0.0,,0.0,,0.0
1990,SH271990,NONAME,Madagascar,MDG,Analanjirofo,MDG,,1990-04-10 12:00,,1990-04-14 18:00,,OFCL,,4296.0,,10.36,,{0: 4296},,4296.0,,0.0,,0.0,,0.0,,0.0,,0.0
1990,SH271990,NONAME,Madagascar,MDG,Betsiboka,MDG,,1990-04-10 12:00,,1990-04-14 18:00,,OFCL,,1347.0,,0.01,,{0: 1347},,1347.0,,0.0,,0.0,,0.0,,0.0,,0.0
1990,SH271990,NONAME,Madagascar,MDG,Boeny,MDG,,1990-04-10 12:00,,1990-04-14 18:00,,OFCL,,158761.0,,136.71,,{0: 158761},,158761.0,,0.0,,0.0,,0.0,,0.0,,0.0
1990,SH271990,NONAME,Madagascar,MDG,Diana,MDG,,1990-04-10 12:00,,1990-04-14 18:00,,OFCL,,549862.0,,43888.0,,"{0: 341574, 1: 208288}",,341574.0,,208288.0,,0.0,,0.0,,0.0,,0.0
1990,SH271990,NONAME,Madagascar,MDG,Sava,MDG,,1990-04-10 12:00,,1990-04-14 18:00,,OFCL,,36276.0,,25.48,,{0: 36276},,36276.0,,0.0,,0.0,,0.0,,0.0,,0.0
1990,SH271990,NONAME,Madagascar,MDG,Sofia,MDG,,1990-04-10 12:00,,1990-04-14 18:00,,OFCL,,1109901.0,,49155.09,,"{0: 891019, 1: 218882}",,891019.0,,218882.0,,0.0,,0.0,,0.0,,0.0
1990,SH271990,NONAME,Madagascar,MDG,Antsiranana,MDG.2_1,1990-04-10 12:00,,1990-04-14 18:00,,OFCL,,1049074.0,,861046.33,,"{0: 560425, 1: 483121, 2: 5528}",,560425.0,,483121.0,,5528.0,,0.0,,0.0,,0.0,
1990,SH271990,NONAME,Madagascar,MDG,Mahajanga,MDG.4_1,1990-04-10 12:00,,1990-04-14 18:00,,OFCL,,2088519.0,,1009808.52,,"{0: 1189359, 1: 890080, 2: 9080}",,1189359.0,,890080.0,,9080.0,,0.0,,0.0,,0.0,
1990,SH271990,NONAME,Madagascar,MDG,Toamasina,MDG.5_1,1990-04-10 12:00,,1990-04-14 18:00,,OFCL,,30221.0,,316.97,,"{0: 30170, 1: 51}",,30170.0,,51.0,,0.0,,0.0,,0.0,,0.0,
1990,SH271990,NONAME,Mayotte,MYT,Koungou,MYT.10_1,1990-04-10 12:00,,1990-04-14 18:00,,OFCL,,419.0,,12.65,,{0: 419},,419.0,,0.0,,0.0,,0.0,,0.0,,0.0,
1990,SH271990,NONAME,Mayotte,MYT,M'tsangamouji,MYT.11_1,1990-04-10 12:00,,1990-04-14 18:00,,OFCL,,753.0,,14.57,,{0: 753},,753.0,,0.0,,0.0,,0.0,,0.0,,0.0,
1990,SH271990,NONAME,Mayotte,MYT,Mamoudzou,MYT.12_1,1990-04-10 12:00,,1990-04-14 18:00,,OFCL,,960.0,,81.13,,{0: 960},,960.0,,0.0,,0.0,,0.0,,0.0,,0.0,
1990,SH271990,NONAME,Mayotte,MYT,Mtsamboro,MYT.13_1,1990-04-10 12:00,,1990-04-14 18:00,,OFCL,,261.0,,0.07,,{0: 261},,261.0,,0.0,,0.0,,0.0,,0.0,,0.0,
1990,SH271990,NONAME,Mayotte,MYT,Pamandzi,MYT.15_1,1990-04-10 12:00,,1990-04-14 18:00,,OFCL,,88.0,,32.68,,{0: 88},,88.0,,0.0,,0.0,,0.0,,0.0,,0.0,
1990,SH271990,NONAME,Mayotte,MYT,Tsingoni,MYT.17_1,1990-04-10 12:00,,1990-04-14 18:00,,OFCL,,804.0,,22.47,,{0: 804},,804.0,,0.0,,0.0,,0.0,,0.0,,0.0,
1990,SH271990,NONAME,Mayotte,MYT,Acoua,MYT.1_1,1990-04-10 12:00,,1990-04-14 18:00,,OFCL,,510.0,,8.55,,{0: 510},,510.0,,0.0,,0.0,,0.0,,0.0,,0.0,
1990,SH271990,NONAME,Mayotte,MYT,Bandraboua,MYT.2_1,1990-04-10 12:00,,1990-04-14 18:00,,OFCL,,234.0,,0.98,,{0: 234},,234.0,,0.0,,0.0,,0.0,,0.0,,0.0,
1990,SH271990,NONAME,Mayotte,MYT,Bandrele,MYT.3_1,1990-04-10 12:00,,1990-04-14 18:00,,OFCL,,1074.0,,39.6,,{0: 1074},,1074.0,,0.0,,0.0,,0.0,,0.0,,0.0,
1990,SH271990,NONAME,Mayotte,MYT,Boueni,MYT.4_1,1990-04-10 12:00,,1990-04-14 18:00,,OFCL,,1222.0,,1.7,,{0: 1222},,1222.0,,0.0,,0.0,,0.0,,0.0,,0.0,
1990,SH271990,NONAME,Mayotte,MYT,Chiconi,MYT.5_1,1990-04-10 12:00,,1990-04-14 18:00,,OFCL,,381.0,,2.03,,{0: 381},,381.0,,0.0,,0.0,,0.0,,0.0,,0.0,
1990,SH271990,NONAME,Mayotte,MYT,Dzaoudzi,MYT.8_1,1990-04-10 12:00,,1990-04-14 18:00,,OFCL,,718.0,,233.1,,{0: 718},,718.0,,0.0,,0.0,,0.0,,0.0,,0.0,
1990,SH271990,NONAME,Mayotte,MYT,Kani-Keli,MYT.9_1,1990-04-10 12:00,,1990-04-14 18:00,,OFCL,,1484.0,,4.66,,{0: 1484},,1484.0,,0.0,,0.0,,0.0,,0.0,,0.0,
1990,SH271990,NONAME,Mayotte,MYT,,No Adm1,,1990-04-10 12:00,,1990-04-14 18:00,,OFCL,,196778.0,,2681.73,,{0: 196778},,196778.0,,0.0,,0.0,,0.0,,0.0,,0.0
1990,SH271990,NONAME,Seychelles,SYC,Aldabra,SYC,,1990-04-10 12:00,,1990-04-14 18:00,,OFCL,,14.0,,0.18,,{0: 14},,14.0,,0.0,,0.0,,0.0,,0.0,,0.0
1990,SH271990,NONAME,Seychelles,SYC,Assumption,SYC,,1990-04-10 12:00,,1990-04-14 18:00,,OFCL,,19.0,,6.37,,{0: 19},,19.0,,0.0,,0.0,,0.0,,0.0,,0.0
1990,SH271990,NONAME,Seychelles,SYC,Cosmoledo,SYC,,1990-04-10 12:00,,1990-04-14 18:00,,OFCL,,0.0,,0.12,,{0: 0},,0.0,,0.0,,0.0,,0.0,,0.0,,0.0
1990,SH271990,NONAME,Seychelles,SYC,Outer Islands,SYC.20_1,1990-04-10 12:00,,1990-04-14 18:00,,OFCL,,26.0,,1.58,,{0: 26},,26.0,,0.0,,0.0,,0.0,,0.0,,0.0,
1990,SH291990,NONAME,Mauritius,MUS,Agalega Islands,MUS.1_1,1990-05-09 18:00,,1990-05-23 18:00,,OFCL,,262.0,,1495.09,,{1: 262},,0.0,,262.0,,0.0,,0.0,,0.0,,0.0,
1990,SH291990,NONAME,Seychelles,SYC,Outer Islands,SYC.20_1,1990-05-09 18:00,,1990-05-23 18:00,,OFCL,,343.0,,61145.54,,"{1: 246, 2: 97}",,0.0,,246.0,,97.0,,0.0,,0.0,,0.0,
1990,SH291990,NONAME,Tanzania,TZA,Unguja North,TZA,,1990-05-09 18:00,,1990-05-23 18:00,,OFCL,,0.0,,2904.8,,{1: 0},,0.0,,0.0,,0.0,,0.0,,0.0,,0.0
1991,SH081991,NONAME,Mauritius,MUS,Rodriguez,MUS.10_1,1991-01-13 00:00,,1991-02-04 18:00,,OFCL,,44652.0,,147238807.73,,{4: 44652},,0.0,,0.0,,0.0,,0.0,,44652.0,,0.0,
1991,SH081991,NONAME,Mauritius,MUS,Flacq,MUS.3_1,1991-01-13 00:00,,1991-02-04 18:00,,OFCL,,694.0,,62087.78,,{0: 694},,694.0,,0.0,,0.0,,0.0,,0.0,,0.0,
1991,SH081991,NONAME,Mauritius,MUS,Grand Port,MUS.4_1,1991-01-13 00:00,,1991-02-04 18:00,,OFCL,,1870.0,,8564.56,,{0: 1870},,1870.0,,0.0,,0.0,,0.0,,0.0,,0.0,
1991,SH081991,NONAME,Mauritius,MUS,Rivière du Rempart,MUS.9_1,1991-01-13 00:00,,1991-02-04 18:00,,OFCL,,9.0,,31.13,,{0: 9},,9.0,,0.0,,0.0,,0.0,,0.0,,0.0,
1991,SH081991,NONAME,Mauritius,MUS,,No Adm1,,1991-01-13 00:00,,1991-02-04 18:00,,OFCL,,43525.0,,858305906.75,,{4: 43525},,0.0,,0.0,,0.0,,0.0,,43525.0,,0.0
1991,SH101991,NONAME,Madagascar,MDG,Amoron'i Mania,MDG,,1991-02-16 00:00,,1991-02-18 06:00,,OFCL,,430290.0,,71992.33,,"{0: 333681, 1: 96609}",,333681.0,,96609.0,,0.0,,0.0,,0.0,,0.0
1991,SH101991,NONAME,Madagascar,MDG,Analamanga,MDG,,1991-02-16 00:00,,1991-02-18 06:00,,OFCL,,240571.0,,10.51,,{0: 240571},,240571.0,,0.0,,0.0,,0.0,,0.0,,0.0
1991,SH101991,NONAME,Madagascar,MDG,Anosy,MDG,,1991-02-16 00:00,,1991-02-18 06:00,,OFCL,,44451.0,,124.11,,{0: 44451},,44451.0,,0.0,,0.0,,0.0,,0.0,,0.0
1991,SH101991,NONAME,Madagascar,MDG,Atsimo Andrefana,MDG,,1991-02-16 00:00,,1991-02-18 06:00,,OFCL,,106406.0,,33973.48,,"{0: 72489, 1: 33917}",,72489.0,,33917.0,,0.0,,0.0,,0.0,,0.0
1991,SH101991,NONAME,Madagascar,MDG,Atsimo Atsinanana,MDG,,1991-02-16 00:00,,1991-02-18 06:00,,OFCL,,42.0,,0.0,,{0: 42},,42.0,,0.0,,0.0,,0.0,,0.0,,0.0
1991,SH101991,NONAME,Madagascar,MDG,Atsinanana,MDG,,1991-02-16 00:00,,1991-02-18 06:00,,OFCL,,3100.0,,0.21,,{0: 3100},,3100.0,,0.0,,0.0,,0.0,,0.0,,0.0
1991,SH101991,NONAME,Madagascar,MDG,Betsiboka,MDG,,1991-02-16 00:00,,1991-02-18 06:00,,OFCL,,2586.0,,0.02,,{0: 2586},,2586.0,,0.0,,0.0,,0.0,,0.0,,0.0
1991,SH101991,NONAME,Madagascar,MDG,Bongolava,MDG,,1991-02-16 00:00,,1991-02-18 06:00,,OFCL,,544434.0,,22018.4,,"{0: 420489, 1: 123945}",,420489.0,,123945.0,,0.0,,0.0,,0.0,,0.0
1991,SH101991,NONAME,Madagascar,MDG,Haute Matsiatra,MDG,,1991-02-16 00:00,,1991-02-18 06:00,,OFCL,,854271.0,,46007.41,,"{0: 753491, 1: 100780}",,753491.0,,100780.0,,0.0,,0.0,,0.0,,0.0
1991,SH101991,NONAME,Madagascar,MDG,Ihorombe,MDG,,1991-02-16 00:00,,1991-02-18 06:00,,OFCL,,322407.0,,17592.31,,"{0: 235391, 1: 87016}",,235391.0,,87016.0,,0.0,,0.0,,0.0,,0.0
1991,SH101991,NONAME,Madagascar,MDG,Itasy,MDG,,1991-02-16 00:00,,1991-02-18 06:00,,OFCL,,588799.0,,2931.34,,"{0: 586277, 1: 2522}",,586277.0,,2522.0,,0.0,,0.0,,0.0,,0.0
1991,SH101991,NONAME,Madagascar,MDG,Melaky,MDG,,1991-02-16 00:00,,1991-02-18 06:00,,OFCL,,231159.0,,118998.28,,"{0: 75943, 1: 155136, 2: 80}",,75943.0,,155136.0,,80.0,,0.0,,0.0,,0.0
1991,SH101991,NONAME,Madagascar,MDG,Menabe,MDG,,1991-02-16 00:00,,1991-02-18 06:00,,OFCL,,734256.0,,561323.26,,"{0: 52180, 1: 680618, 2: 1458}",,52180.0,,680618.0,,1458.0,,0.0,,0.0,,0.0
1991,SH101991,NONAME,Madagascar,MDG,Vakinakaratra,MDG,,1991-02-16 00:00,,1991-02-18 06:00,,OFCL,,1212085.0,,41532.45,,"{0: 1018879, 1: 193206}",,1018879.0,,193206.0,,0.0,,0.0,,0.0,,0.0
1991,SH101991,NONAME,Madagascar,MDG,Vatovavy Fitovinany,MDG,,1991-02-16 00:00,,1991-02-18 06:00,,OFCL,,1229.0,,0.16,,{0: 1229},,1229.0,,0.0,,0.0,,0.0,,0.0,,0.0
1991,SH101991,NONAME,Madagascar,MDG,Antananarivo,MDG.1_1,1991-02-16 00:00,,1991-02-18 06:00,,OFCL,,4215416.0,,1963237.07,,"{0: 2436326, 1: 1771185, 2: 7905}",,2436326.0,,1771185.0,,7905.0,,0.0,,0.0,,0.0,
1991,SH101991,NONAME,Madagascar,MDG,Fianarantsoa,MDG.3_1,1991-02-16 00:00,,1991-02-18 06:00,,OFCL,,2327560.0,,1507706.59,,"{0: 994883, 1: 1287675, 2: 45002}",,994883.0,,1287675.0,,45002.0,,0.0,,0.0,,0.0,
1991,SH101991,NONAME,Madagascar,MDG,Mahajanga,MDG.4_1,1991-02-16 00:00,,1991-02-18 06:00,,OFCL,,503314.0,,1459469.25,,"{0: 192769, 1: 207037, 2: 103508}",,192769.0,,207037.0,,103508.0,,0.0,,0.0,,0.0,
1991,SH101991,NONAME,Madagascar,MDG,Toamasina,MDG.5_1,1991-02-16 00:00,,1991-02-18 06:00,,OFCL,,1898.0,,4.3,,{0: 1898},,1898.0,,0.0,,0.0,,0.0,,0.0,,0.0,
1991,SH101991,NONAME,Madagascar,MDG,Toliary,MDG.6_1,1991-02-16 00:00,,1991-02-18 06:00,,OFCL,,1362413.0,,8428939.41,,"{0: 291612, 1: 416204, 2: 654597}",,291612.0,,416204.0,,654597.0,,0.0,,0.0,,0.0,
1991,SH101991,NONAME,Mozambique,MOZ,Nampula,MOZ.7_1,1991-02-16 00:00,,1991-02-18 06:00,,OFCL,,129262.0,,201.07,,{0: 129262},,129262.0,,0.0,,0.0,,0.0,,0.0,,0.0,
1992,SH021992,NONAME,Madagascar,MDG,Diana,MDG,,1991-10-11 12:00,,1991-10-21 06:00,,OFCL,,489.0,,0.06,,{0: 489},,489.0,,0.0,,0.0,,0.0,,0.0,,0.0
1992,SH021992,NONAME,Madagascar,MDG,Antsiranana,MDG.2_1,1991-10-11 12:00,,1991-10-21 06:00,,OFCL,,145133.0,,964.67,,{0: 145133},,145133.0,,0.0,,0.0,,0.0,,0.0,,0.0,
1992,SH101992,NONAME,Madagascar,MDG,Alaotra Mangoro,MDG,,1991-12-30 18:00,,1992-01-02 18:00,,OFCL,,10210.0,,2.88,,{0: 10210},,10210.0,,0.0,,0.0,,0.0,,0.0,,0.0
1992,SH101992,NONAME,Madagascar,MDG,Analanjirofo,MDG,,1991-12-30 18:00,,1992-01-02 18:00,,OFCL,,324234.0,,456.5,,{0: 324234},,324234.0,,0.0,,0.0,,0.0,,0.0,,0.0
1992,SH101992,NONAME,Madagascar,MDG,Sava,MDG,,1991-12-30 18:00,,1992-01-02 18:00,,OFCL,,46958.0,,209.79,,"{0: 46934, 1: 24}",,46934.0,,24.0,,0.0,,0.0,,0.0,,0.0
1992,SH101992,NONAME,Madagascar,MDG,Sofia,MDG,,1991-12-30 18:00,,1992-01-02 18:00,,OFCL,,249307.0,,314.79,,{0: 249307},,249307.0,,0.0,,0.0,,0.0,,0.0,,0.0
1992,SH101992,NONAME,Madagascar,MDG,Antsiranana,MDG.2_1,1991-12-30 18:00,,1992-01-02 18:00,,OFCL,,221594.0,,29751.83,,"{0: 190240, 1: 31354}",,190240.0,,31354.0,,0.0,,0.0,,0.0,,0.0,
1992,SH101992,NONAME,Madagascar,MDG,Mahajanga,MDG.4_1,1991-12-30 18:00,,1992-01-02 18:00,,OFCL,,642068.0,,63477.43,,"{0: 529649, 1: 112419}",,529649.0,,112419.0,,0.0,,0.0,,0.0,,0.0,
1992,SH101992,NONAME,Madagascar,MDG,Toamasina,MDG.5_1,1991-12-30 18:00,,1992-01-02 18:00,,OFCL,,882507.0,,236360.08,,"{0: 662191, 1: 220316}",,662191.0,,220316.0,,0.0,,0.0,,0.0,,0.0,
1993,SH041993,NONAME,Seychelles,SYC,Outer Islands,SYC.20_1,1992-11-26 00:00,,1992-12-11 00:00,,OFCL,,111.0,,93.5,,{0: 111},,111.0,,0.0,,0.0,,0.0,,0.0,,0.0,
1993,SH101993,NONAME,Mauritius,MUS,Riviere Du Rempart,MUS,,1993-01-11 12:00,,1993-01-21 12:00,,OFCL,,123738.0,,268230.95,,{1: 123738},,0.0,,123738.0,,0.0,,0.0,,0.0,,0.0
1993,SH101993,NONAME,Mauritius,MUS,Savanne,MUS.12_1,1993-01-11 12:00,1993-01-11 12:00,1993-01-21 12:00,1993-01-21 12:00,OFCL,OFCL,70087.0,60507.0,55181.43,68343.73,"{0: 9801, 1: 60286}","{0: 5805, 1: 54702}",9801.0,5805.0,60286.0,54702.0,0.0,0.0,0.0,0.0,0.0,0.0,0.0,0.0
1993,SH101993,NONAME,Mauritius,MUS,Black River,MUS.2_1,1993-01-11 12:00,1993-01-11 12:00,1993-01-21 12:00,1993-01-21 12:00,OFCL,OFCL,94560.0,72490.0,425270.86,518571.7,"{0: 411, 1: 94149}",{1: 72490},411.0,0.0,94149.0,72490.0,0.0,0.0,0.0,0.0,0.0,0.0,0.0,0.0
1993,SH101993,NONAME,Mauritius,MUS,Flacq,MUS.3_1,1993-01-11 12:00,1993-01-11 12:00,1993-01-21 12:00,1993-01-21 12:00,OFCL,OFCL,140810.0,148203.0,136021.72,131910.76,"{0: 7108, 1: 133702}","{0: 2926, 1: 145277}",7108.0,2926.0,133702.0,145277.0,0.0,0.0,0.0,0.0,0.0,0.0,0.0,0.0
1993,SH101993,NONAME,Mauritius,MUS,Grand Port,MUS.4_1,1993-01-11 12:00,1993-01-11 12:00,1993-01-21 12:00,1993-01-21 12:00,OFCL,OFCL,113523.0,117962.0,92028.94,93334.52,"{0: 18480, 1: 95043}","{0: 14343, 1: 103619}",18480.0,14343.0,95043.0,103619.0,0.0,0.0,0.0,0.0,0.0,0.0,0.0,0.0
1993,SH101993,NONAME,Mauritius,MUS,Moka,MUS.5_1,1993-01-11 12:00,1993-01-11 12:00,1993-01-21 12:00,1993-01-21 12:00,OFCL,OFCL,88800.0,144916.0,126296.38,165715.62,"{0: 3, 1: 88797}","{0: 75, 1: 144841}",3.0,75.0,88797.0,144841.0,0.0,0.0,0.0,0.0,0.0,0.0,0.0,0.0
1993,SH101993,NONAME,Mauritius,MUS,Pamplemousses,MUS.6_1,1993-01-11 12:00,1993-01-11 12:00,1993-01-21 12:00,1993-01-21 12:00,OFCL,OFCL,148742.0,165109.0,266910.05,402132.55,{1: 148742},{1: 165109},0.0,0.0,148742.0,165109.0,0.0,0.0,0.0,0.0,0.0,0.0,0.0,0.0
1993,SH101993,NONAME,Mauritius,MUS,Plaines Wilhems,MUS.7_1,1993-01-11 12:00,1993-01-11 12:00,1993-01-21 12:00,1993-01-21 12:00,OFCL,OFCL,365517.0,294342.0,700235.36,200852.83,{1: 365517},{1: 294342},0.0,0.0,365517.0,294342.0,0.0,0.0,0.0,0.0,0.0,0.0,0.0,0.0
1993,SH101993,NONAME,Mauritius,MUS,Port Louis,MUS.8_1,1993-01-11 12:00,1993-01-11 12:00,1993-01-21 12:00,1993-01-21 12:00,OFCL,OFCL,111040.0,100326.0,109325.2,62132.93,{1: 111040},{1: 100326},0.0,0.0,111040.0,100326.0,0.0,0.0,0.0,0.0,0.0,0.0,0.0,0.0
1993,SH101993,NONAME,Mauritius,MUS,Rivière du Rempart,MUS.9_1,1993-01-11 12:00,,1993-01-21 12:00,,OFCL,,113200.0,,270134.61,,{1: 113200},,0.0,,113200.0,,0.0,,0.0,,0.0,,0.0,
1993,SH101993,NONAME,Mauritius,MUS,,No Adm1,,1993-01-11 12:00,,1993-01-21 12:00,,OFCL,,307.0,,396.45,,{1: 307},,0.0,,307.0,,0.0,,0.0,,0.0,,0.0
1993,SH101993,NONAME,Reunion,REU,Arrondissement_du_vent,REU,,1993-01-11 12:00,,1993-01-21 12:00,,OFCL,,256754.0,,1240948670.27,,"{3: 80459, 4: 176295}",,0.0,,0.0,,0.0,,80459.0,,176295.0,,0.0
1993,SH101993,NONAME,Reunion,REU,Arrondissement_souse_le_vent,REU,,1993-01-11 12:00,,1993-01-21 12:00,,OFCL,,447764.0,,2428794828.46,,"{3: 263609, 4: 183765, 5: 390}",,0.0,,0.0,,0.0,,263609.0,,183765.0,,390.0
1993,SH101993,NONAME,Reunion,REU,Saint-Benoît,REU.1_1,1993-01-11 12:00,,1993-01-21 12:00,,OFCL,,140447.0,,510039964.98,,"{3: 134100, 4: 6347}",,0.0,,0.0,,0.0,,134100.0,,6347.0,,0.0,
1993,SH101993,NONAME,Reunion,REU,Saint-Denis,REU.2_1,1993-01-11 12:00,,1993-01-21 12:00,,OFCL,,308269.0,,1764061546.38,,"{3: 14427, 4: 293842}",,0.0,,0.0,,0.0,,14427.0,,293842.0,,0.0,
1993,SH101993,NONAME,Reunion,REU,Saint-Paul,REU.3_1,1993-01-11 12:00,,1993-01-21 12:00,,OFCL,,201260.0,,935670186.63,,"{3: 58814, 4: 142321, 5: 125}",,0.0,,0.0,,0.0,,58814.0,,142321.0,,125.0,
1993,SH101993,NONAME,Reunion,REU,Saint-Pierre,REU.4_1,1993-01-11 12:00,,1993-01-21 12:00,,OFCL,,313164.0,,669504331.78,,"{3: 299913, 4: 13251}",,0.0,,0.0,,0.0,,299913.0,,13251.0,,0.0,
1993,SH111993,NONAME,Madagascar,MDG,Amoron'i Mania,MDG,,1993-01-16 12:00,,1993-01-21 00:00,,OFCL,,15560.0,,1.0,,{0: 15560},,15560.0,,0.0,,0.0,,0.0,,0.0,,0.0
1993,SH111993,NONAME,Madagascar,MDG,Atsimo Andrefana,MDG,,1993-01-16 12:00,,1993-01-21 00:00,,OFCL,,2867.0,,0.48,,{0: 2867},,2867.0,,0.0,,0.0,,0.0,,0.0,,0.0
1993,SH111993,NONAME,Madagascar,MDG,Haute Matsiatra,MDG,,1993-01-16 12:00,,1993-01-21 00:00,,OFCL,,15496.0,,0.57,,{0: 15496},,15496.0,,0.0,,0.0,,0.0,,0.0,,0.0
1993,SH111993,NONAME,Madagascar,MDG,Menabe,MDG,,1993-01-16 12:00,,1993-01-21 00:00,,OFCL,,279843.0,,867.66,,{0: 279843},,279843.0,,0.0,,0.0,,0.0,,0.0,,0.0
1993,SH111993,NONAME,Madagascar,MDG,Antananarivo,MDG.1_1,1993-01-16 12:00,,1993-01-21 00:00,,OFCL,,79475.0,,89.92,,{0: 79475},,79475.0,,0.0,,0.0,,0.0,,0.0,,0.0,
1993,SH111993,NONAME,Madagascar,MDG,Fianarantsoa,MDG.3_1,1993-01-16 12:00,,1993-01-21 00:00,,OFCL,,389489.0,,6339.93,,"{0: 388422, 1: 1067}",,388422.0,,1067.0,,0.0,,0.0,,0.0,,0.0,
1993,SH111993,NONAME,Madagascar,MDG,Mahajanga,MDG.4_1,1993-01-16 12:00,,1993-01-21 00:00,,OFCL,,14984.0,,24719.26,,{0: 14984},,14984.0,,0.0,,0.0,,0.0,,0.0,,0.0,
1993,SH111993,NONAME,Madagascar,MDG,Toliary,MDG.6_1,1993-01-16 12:00,,1993-01-21 00:00,,OFCL,,860348.0,,953319.14,,"{0: 548214, 1: 312134}",,548214.0,,312134.0,,0.0,,0.0,,0.0,,0.0,
1993,SH121993,NONAME,Mauritius,MUS,Riviere Du Rempart,MUS,,1993-01-16 00:00,,1993-01-30 00:00,,OFCL,,96582.0,,764.53,,{0: 96582},,96582.0,,0.0,,0.0,,0.0,,0.0,,0.0
1993,SH121993,NONAME,Mauritius,MUS,Rodriguez,MUS.10_1,1993-01-16 00:00,,1993-01-30 00:00,,OFCL,,44652.0,,15032.33,,{0: 44652},,44652.0,,0.0,,0.0,,0.0,,0.0,,0.0,
1993,SH121993,NONAME,Mauritius,MUS,Savanne,MUS.12_1,1993-01-16 00:00,1993-01-16 00:00,1993-01-30 00:00,1993-01-30 00:00,OFCL,OFCL,32867.0,60319.0,3636.19,5477.49,{0: 32867},{0: 60319},32867.0,60319.0,0.0,0.0,0.0,0.0,0.0,0.0,0.0,0.0,0.0,0.0
1993,SH121993,NONAME,Mauritius,MUS,Black River,MUS.2_1,1993-01-16 00:00,1993-01-16 00:00,1993-01-30 00:00,1993-01-30 00:00,OFCL,OFCL,29367.0,57313.0,316.95,960.84,{0: 29367},{0: 57313},29367.0,57313.0,0.0,0.0,0.0,0.0,0.0,0.0,0.0,0.0,0.0,0.0
1993,SH121993,NONAME,Mauritius,MUS,Flacq,MUS.3_1,1993-01-16 00:00,1993-01-16 00:00,1993-01-30 00:00,1993-01-30 00:00,OFCL,OFCL,75890.0,125270.0,92284.2,5383.94,"{0: 75883, 1: 7}",{0: 125270},75883.0,125270.0,7.0,0.0,0.0,0.0,0.0,0.0,0.0,0.0,0.0,0.0
1993,SH121993,NONAME,Mauritius,MUS,Grand Port,MUS.4_1,1993-01-16 00:00,1993-01-16 00:00,1993-01-30 00:00,1993-01-30 00:00,OFCL,OFCL,66946.0,109731.0,185891.4,10560.53,"{0: 63655, 1: 3291}","{0: 108349, 1: 1382}",63655.0,108349.0,3291.0,1382.0,0.0,0.0,0.0,0.0,0.0,0.0,0.0,0.0
1993,SH121993,NONAME,Mauritius,MUS,Moka,MUS.5_1,1993-01-16 00:00,1993-01-16 00:00,1993-01-30 00:00,1993-01-30 00:00,OFCL,OFCL,37860.0,109032.0,1593.44,1621.96,{0: 37860},{0: 109032},37860.0,109032.0,0.0,0.0,0.0,0.0,0.0,0.0,0.0,0.0,0.0,0.0
1993,SH121993,NONAME,Mauritius,MUS,Pamplemousses,MUS.6_1,1993-01-16 00:00,1993-01-16 00:00,1993-01-30 00:00,1993-01-30 00:00,OFCL,OFCL,33454.0,126172.0,1131.9,1642.03,{0: 33454},{0: 126172},33454.0,126172.0,0.0,0.0,0.0,0.0,0.0,0.0,0.0,0.0,0.0,0.0
1993,SH121993,NONAME,Mauritius,MUS,Plaines Wilhems,MUS.7_1,1993-01-16 00:00,1993-01-16 00:00,1993-01-30 00:00,1993-01-30 00:00,OFCL,OFCL,32896.0,83825.0,552.32,38.36,{0: 32896},{0: 83825},32896.0,83825.0,0.0,0.0,0.0,0.0,0.0,0.0,0.0,0.0,0.0,0.0
1993,SH121993,NONAME,Mauritius,MUS,Port Louis,MUS.8_1,1993-01-16 00:00,1993-01-16 00:00,1993-01-30 00:00,1993-01-30 00:00,OFCL,OFCL,855.0,26738.0,1.0,21.78,{0: 855},{0: 26738},855.0,26738.0,0.0,0.0,0.0,0.0,0.0,0.0,0.0,0.0,0.0,0.0
1993,SH121993,NONAME,Mauritius,MUS,Rivière du Rempart,MUS.9_1,1993-01-16 00:00,,1993-01-30 00:00,,OFCL,,52490.0,,226743.26,,{0: 52490},,52490.0,,0.0,,0.0,,0.0,,0.0,,0.0,
1993,SH121993,NONAME,Mauritius,MUS,,No Adm1,,1993-01-16 00:00,,1993-01-30 00:00,,OFCL,,43832.0,,12500.17,,"{0: 43759, 1: 73}",,43759.0,,73.0,,0.0,,0.0,,0.0,,0.0
1993,SH121993,NONAME,Reunion,REU,Saint-Pierre,REU.4_1,1993-01-16 00:00,,1993-01-30 00:00,,OFCL,,23.0,,11823.99,,{0: 23},,23.0,,0.0,,0.0,,0.0,,0.0,,0.0,
1994,SH031994,NONAME,Mauritius,MUS,Riviere Du Rempart,MUS,,1993-12-11 00:00,,1993-12-21 12:00,,OFCL,,104601.0,,3285.19,,"{0: 104601, 1: 0}",,104601.0,,0.0,,0.0,,0.0,,0.0,,0.0
1994,SH031994,NONAME,Mauritius,MUS,Rodriguez,MUS.10_1,1993-12-11 00:00,,1993-12-21 12:00,,OFCL,,26.0,,785.07,,{0: 26},,26.0,,0.0,,0.0,,0.0,,0.0,,0.0,
1994,SH031994,NONAME,Mauritius,MUS,Savanne,MUS.12_1,,1993-12-11 00:00,,1993-12-21 12:00,,OFCL,,46151.0,,41.11,,{0: 46151},,46151.0,,0.0,,0.0,,0.0,,0.0,,0.0
1994,SH031994,NONAME,Mauritius,MUS,Black River,MUS.2_1,1993-12-11 00:00,1993-12-11 00:00,1993-12-21 12:00,1993-12-21 12:00,OFCL,OFCL,239.0,43157.0,0.57,29.25,{0: 239},{0: 43157},239.0,43157.0,0.0,0.0,0.0,0.0,0.0,0.0,0.0,0.0,0.0,0.0
1994,SH031994,NONAME,Mauritius,MUS,Flacq,MUS.3_1,1993-12-11 00:00,1993-12-11 00:00,1993-12-21 12:00,1993-12-21 12:00,OFCL,OFCL,53654.0,115057.0,653.46,1463.51,{0: 53654},{0: 115057},53654.0,115057.0,0.0,0.0,0.0,0.0,0.0,0.0,0.0,0.0,0.0,0.0
1994,SH031994,NONAME,Mauritius,MUS,Grand Port,MUS.4_1,1993-12-11 00:00,1993-12-11 00:00,1993-12-21 12:00,1993-12-21 12:00,OFCL,OFCL,17819.0,79202.0,130232.24,219.72,{0: 17819},{0: 79202},17819.0,79202.0,0.0,0.0,0.0,0.0,0.0,0.0,0.0,0.0,0.0,0.0
1994,SH031994,NONAME,Mauritius,MUS,Moka,MUS.5_1,1993-12-11 00:00,1993-12-11 00:00,1993-12-21 12:00,1993-12-21 12:00,OFCL,OFCL,25777.0,97214.0,32.46,309.1,{0: 25777},{0: 97214},25777.0,97214.0,0.0,0.0,0.0,0.0,0.0,0.0,0.0,0.0,0.0,0.0
1994,SH031994,NONAME,Mauritius,MUS,Pamplemousses,MUS.6_1,1993-12-11 00:00,1993-12-11 00:00,1993-12-21 12:00,1993-12-21 12:00,OFCL,OFCL,30954.0,104971.0,71.59,350.25,{0: 30954},{0: 104971},30954.0,104971.0,0.0,0.0,0.0,0.0,0.0,0.0,0.0,0.0,0.0,0.0
1994,SH031994,NONAME,Mauritius,MUS,Plaines Wilhems,MUS.7_1,1993-12-11 00:00,1993-12-11 00:00,1993-12-21 12:00,1993-12-21 12:00,OFCL,OFCL,11819.0,67998.0,5.18,15.39,{0: 11819},{0: 67998},11819.0,67998.0,0.0,0.0,0.0,0.0,0.0,0.0,0.0,0.0,0.0,0.0
1994,SH031994,NONAME,Mauritius,MUS,Port Louis,MUS.8_1,1993-12-11 00:00,1993-12-11 00:00,1993-12-21 12:00,1993-12-21 12:00,OFCL,OFCL,8.0,20334.0,0.03,6.73,{0: 8},{0: 20334},8.0,20334.0,0.0,0.0,0.0,0.0,0.0,0.0,0.0,0.0,0.0,0.0
1994,SH031994,NONAME,Mauritius,MUS,Rivière du Rempart,MUS.9_1,1993-12-11 00:00,,1993-12-21 12:00,,OFCL,,56967.0,,4973.04,,{0: 56967},,56967.0,,0.0,,0.0,,0.0,,0.0,,0.0,
1994,SH031994,NONAME,Mauritius,MUS,,No Adm1,,1993-12-11 00:00,,1993-12-21 12:00,,OFCL,,307.0,,19.63,,{0: 307},,307.0,,0.0,,0.0,,0.0,,0.0,,0.0
1994,SH031994,NONAME,Reunion,REU,Arrondissement_du_vent,REU,,1993-12-11 00:00,,1993-12-21 12:00,,OFCL,,177798.0,,2076.2,,"{0: 176891, 1: 907}",,176891.0,,907.0,,0.0,,0.0,,0.0,,0.0
1994,SH031994,NONAME,Reunion,REU,Arrondissement_souse_le_vent,REU,,1993-12-11 00:00,,1993-12-21 12:00,,OFCL,,104133.0,,481.99,,"{0: 103805, 1: 328}",,103805.0,,328.0,,0.0,,0.0,,0.0,,0.0
1994,SH031994,NONAME,Reunion,REU,Saint-Benoît,REU.1_1,1993-12-11 00:00,,1993-12-21 12:00,,OFCL,,33740.0,,1464.39,,"{0: 33663, 1: 77}",,33663.0,,77.0,,0.0,,0.0,,0.0,,0.0,
1994,SH031994,NONAME,Reunion,REU,Saint-Denis,REU.2_1,1993-12-11 00:00,,1993-12-21 12:00,,OFCL,,31084.0,,2168.16,,{0: 31084},,31084.0,,0.0,,0.0,,0.0,,0.0,,0.0,
1994,SH031994,NONAME,Reunion,REU,Saint-Paul,REU.3_1,1993-12-11 00:00,,1993-12-21 12:00,,OFCL,,2677.0,,827.56,,"{0: 2513, 1: 164}",,2513.0,,164.0,,0.0,,0.0,,0.0,,0.0,
1994,SH031994,NONAME,Reunion,REU,Saint-Pierre,REU.4_1,1993-12-11 00:00,,1993-12-21 12:00,,OFCL,,3672.0,,660.47,,"{0: 3633, 1: 39}",,3633.0,,39.0,,0.0,,0.0,,0.0,,0.0,
1994,SH081994,NONAME,Madagascar,MDG,Alaotra Mangoro,MDG,,1994-01-08 12:00,,1994-01-16 06:00,,OFCL,,972531.0,,16896595.34,,"{0: 254863, 1: 446285, 2: 205356, 3: 66027}",,254863.0,,446285.0,,205356.0,,66027.0,,0.0,,0.0
1994,SH081994,NONAME,Madagascar,MDG,Amoron'i Mania,MDG,,1994-01-08 12:00,,1994-01-16 06:00,,OFCL,,667942.0,,89694234.67,,"{0: 2023, 1: 53009, 2: 240945, 3: 371965}",,2023.0,,53009.0,,240945.0,,371965.0,,0.0,,0.0
1994,SH081994,NONAME,Madagascar,MDG,Analamanga,MDG,,1994-01-08 12:00,,1994-01-16 06:00,,OFCL,,4664043.0,,56454462.39,,"{0: 82791, 1: 468034, 2: 3900689, 3: 212529}",,82791.0,,468034.0,,3900689.0,,212529.0,,0.0,,0.0
1994,SH081994,NONAME,Madagascar,MDG,Analanjirofo,MDG,,1994-01-08 12:00,,1994-01-16 06:00,,OFCL,,814474.0,,527120.63,,"{0: 436823, 1: 341730, 2: 35921}",,436823.0,,341730.0,,35921.0,,0.0,,0.0,,0.0
1994,SH081994,NONAME,Madagascar,MDG,Anosy,MDG,,1994-01-08 12:00,,1994-01-16 06:00,,OFCL,,20651.0,,3.85,,{0: 20651},,20651.0,,0.0,,0.0,,0.0,,0.0,,0.0
1994,SH081994,NONAME,Madagascar,MDG,Atsimo Andrefana,MDG,,1994-01-08 12:00,,1994-01-16 06:00,,OFCL,,7870.0,,321.44,,"{0: 7715, 1: 155}",,7715.0,,155.0,,0.0,,0.0,,0.0,,0.0
1994,SH081994,NONAME,Madagascar,MDG,Atsimo Atsinanana,MDG,,1994-01-08 12:00,,1994-01-16 06:00,,OFCL,,519632.0,,791.68,,"{0: 518374, 1: 1258}",,518374.0,,1258.0,,0.0,,0.0,,0.0,,0.0
1994,SH081994,NONAME,Madagascar,MDG,Atsinanana,MDG,,1994-01-08 12:00,,1994-01-16 06:00,,OFCL,,990662.0,,119948739.63,,"{1: 336140, 2: 142244, 3: 512278}",,0.0,,336140.0,,142244.0,,512278.0,,0.0,,0.0
1994,SH081994,NONAME,Madagascar,MDG,Betsiboka,MDG,,1994-01-08 12:00,,1994-01-16 06:00,,OFCL,,61550.0,,854.0,,"{0: 56470, 1: 5080}",,56470.0,,5080.0,,0.0,,0.0,,0.0,,0.0
1994,SH081994,NONAME,Madagascar,MDG,Bongolava,MDG,,1994-01-08 12:00,,1994-01-16 06:00,,OFCL,,492489.0,,26751.31,,"{0: 304796, 1: 187693}",,304796.0,,187693.0,,0.0,,0.0,,0.0,,0.0
1994,SH081994,NONAME,Madagascar,MDG,Haute Matsiatra,MDG,,1994-01-08 12:00,,1994-01-16 06:00,,OFCL,,1150834.0,,17916511.28,,"{0: 30185, 1: 525716, 2: 545997, 3: 48936}",,30185.0,,525716.0,,545997.0,,48936.0,,0.0,,0.0
1994,SH081994,NONAME,Madagascar,MDG,Ihorombe,MDG,,1994-01-08 12:00,,1994-01-16 06:00,,OFCL,,385937.0,,4300.21,,"{0: 359171, 1: 26766}",,359171.0,,26766.0,,0.0,,0.0,,0.0,,0.0
1994,SH081994,NONAME,Madagascar,MDG,Itasy,MDG,,1994-01-08 12:00,,1994-01-16 06:00,,OFCL,,736723.0,,5607834.88,,"{0: 10245, 1: 450213, 2: 261342, 3: 14923}",,10245.0,,450213.0,,261342.0,,14923.0,,0.0,,0.0
1994,SH081994,NONAME,Madagascar,MDG,Menabe,MDG,,1994-01-08 12:00,,1994-01-16 06:00,,OFCL,,138799.0,,954.08,,"{0: 137760, 1: 1039}",,137760.0,,1039.0,,0.0,,0.0,,0.0,,0.0
1994,SH081994,NONAME,Madagascar,MDG,Sofia,MDG,,1994-01-08 12:00,,1994-01-16 06:00,,OFCL,,491.0,,0.05,,{0: 491},,491.0,,0.0,,0.0,,0.0,,0.0,,0.0
1994,SH081994,NONAME,Madagascar,MDG,Vakinakaratra,MDG,,1994-01-08 12:00,,1994-01-16 06:00,,OFCL,,1831628.0,,167583618.42,,"{0: 15765, 1: 302147, 2: 514007, 3: 999709}",,15765.0,,302147.0,,514007.0,,999709.0,,0.0,,0.0
1994,SH081994,NONAME,Madagascar,MDG,Vatovavy Fitovinany,MDG,,1994-01-08 12:00,,1994-01-16 06:00,,OFCL,,1844273.0,,34564369.32,,"{0: 382743, 1: 752511, 2: 448343, 3: 260676}",,382743.0,,752511.0,,448343.0,,260676.0,,0.0,,0.0
1994,SH081994,NONAME,Madagascar,MDG,Antananarivo,MDG.1_1,1994-01-08 12:00,,1994-01-16 06:00,,OFCL,,7928799.0,,345019172.71,,"{0: 248562, 1: 859751, 2: 2365699, 3: 4121333, 4: 333454}",,248562.0,,859751.0,,2365699.0,,4121333.0,,333454.0,,0.0,
1994,SH081994,NONAME,Madagascar,MDG,Antsiranana,MDG.2_1,1994-01-08 12:00,,1994-01-16 06:00,,OFCL,,5062.0,,5037.81,,{0: 5062},,5062.0,,0.0,,0.0,,0.0,,0.0,,0.0,
1994,SH081994,NONAME,Madagascar,MDG,Fianarantsoa,MDG.3_1,1994-01-08 12:00,,1994-01-16 06:00,,OFCL,,5454589.0,,170957267.44,,"{0: 1019220, 1: 1764976, 2: 1239225, 3: 1263856, 4: 167312}",,1019220.0,,1764976.0,,1239225.0,,1263856.0,,167312.0,,0.0,
1994,SH081994,NONAME,Madagascar,MDG,Mahajanga,MDG.4_1,1994-01-08 12:00,,1994-01-16 06:00,,OFCL,,155711.0,,31961.59,,"{0: 117663, 1: 38048}",,117663.0,,38048.0,,0.0,,0.0,,0.0,,0.0,
1994,SH081994,NONAME,Madagascar,MDG,Toamasina,MDG.5_1,1994-01-08 12:00,,1994-01-16 06:00,,OFCL,,3182131.0,,149741824.28,,"{0: 387002, 1: 1101138, 2: 836996, 3: 571427, 4: 285568}",,387002.0,,1101138.0,,836996.0,,571427.0,,285568.0,,0.0,
1994,SH081994,NONAME,Madagascar,MDG,Toliary,MDG.6_1,1994-01-08 12:00,,1994-01-16 06:00,,OFCL,,496117.0,,67962.54,,"{0: 398222, 1: 97895}",,398222.0,,97895.0,,0.0,,0.0,,0.0,,0.0,
1994,SH081994,NONAME,Reunion,REU,Arrondissement_du_vent,REU,,1994-01-08 12:00,,1994-01-16 06:00,,OFCL,,1882.0,,0.0,,{0: 1882},,1882.0,,0.0,,0.0,,0.0,,0.0,,0.0
1994,SH081994,NONAME,Reunion,REU,Arrondissement_souse_le_vent,REU,,1994-01-08 12:00,,1994-01-16 06:00,,OFCL,,3244.0,,0.16,,{0: 3244},,3244.0,,0.0,,0.0,,0.0,,0.0,,0.0
1994,SH081994,NONAME,Reunion,REU,Saint-Benoît,REU.1_1,1994-01-08 12:00,,1994-01-16 06:00,,OFCL,,2901.0,,319731.41,,{0: 2901},,2901.0,,0.0,,0.0,,0.0,,0.0,,0.0,
1994,SH081994,NONAME,Reunion,REU,Saint-Denis,REU.2_1,1994-01-08 12:00,,1994-01-16 06:00,,OFCL,,5252.0,,2695237.95,,{0: 5252},,5252.0,,0.0,,0.0,,0.0,,0.0,,0.0,
1994,SH081994,NONAME,Reunion,REU,Saint-Paul,REU.3_1,1994-01-08 12:00,,1994-01-16 06:00,,OFCL,,1448.0,,545639.39,,{0: 1448},,1448.0,,0.0,,0.0,,0.0,,0.0,,0.0,
1994,SH131994,NONAME,Madagascar,MDG,Alaotra Mangoro,MDG,,1994-01-25 12:00,,1994-02-05 00:00,,OFCL,,1020875.0,,129367717.78,,"{0: 7859, 1: 65570, 2: 313877, 3: 611869, 4: 21700}",,7859.0,,65570.0,,313877.0,,611869.0,,21700.0,,0.0
1994,SH131994,NONAME,Madagascar,MDG,Amoron'i Mania,MDG,,1994-01-25 12:00,,1994-02-05 00:00,,OFCL,,657568.0,,545977.41,,"{0: 254224, 1: 398037, 2: 5307}",,254224.0,,398037.0,,5307.0,,0.0,,0.0,,0.0
1994,SH131994,NONAME,Madagascar,MDG,Analamanga,MDG,,1994-01-25 12:00,,1994-02-05 00:00,,OFCL,,4679099.0,,163772587.8,,"{0: 3131, 1: 63507, 2: 1374875, 3: 3237586}",,3131.0,,63507.0,,1374875.0,,3237586.0,,0.0,,0.0
1994,SH131994,NONAME,Madagascar,MDG,Analanjirofo,MDG,,1994-01-25 12:00,,1994-02-05 00:00,,OFCL,,1288206.0,,97888283.32,,"{0: 242078, 1: 267425, 2: 333192, 3: 429626, 4: 15885}",,242078.0,,267425.0,,333192.0,,429626.0,,15885.0,,0.0
1994,SH131994,NONAME,Madagascar,MDG,Atsimo Andrefana,MDG,,1994-01-25 12:00,,1994-02-05 00:00,,OFCL,,54.0,,0.01,,{0: 54},,54.0,,0.0,,0.0,,0.0,,0.0,,0.0
1994,SH131994,NONAME,Madagascar,MDG,Atsinanana,MDG,,1994-01-25 12:00,,1994-02-05 00:00,,OFCL,,990662.0,,188773068.46,,"{0: 13060, 1: 300662, 2: 159573, 3: 453551, 4: 63816}",,13060.0,,300662.0,,159573.0,,453551.0,,63816.0,,0.0
1994,SH131994,NONAME,Madagascar,MDG,Betsiboka,MDG,,1994-01-25 12:00,,1994-02-05 00:00,,OFCL,,249666.0,,785471.53,,"{0: 142994, 1: 77456, 2: 27517, 3: 1699}",,142994.0,,77456.0,,27517.0,,1699.0,,0.0,,0.0
1994,SH131994,NONAME,Madagascar,MDG,Boeny,MDG,,1994-01-25 12:00,,1994-02-05 00:00,,OFCL,,19376.0,,1.04,,{0: 19376},,19376.0,,0.0,,0.0,,0.0,,0.0,,0.0
1994,SH131994,NONAME,Madagascar,MDG,Bongolava,MDG,,1994-01-25 12:00,,1994-02-05 00:00,,OFCL,,577945.0,,358917.92,,"{0: 237618, 1: 307347, 2: 32980}",,237618.0,,307347.0,,32980.0,,0.0,,0.0,,0.0
1994,SH131994,NONAME,Madagascar,MDG,Haute Matsiatra,MDG,,1994-01-25 12:00,,1994-02-05 00:00,,OFCL,,522872.0,,4216.14,,"{0: 510099, 1: 12773}",,510099.0,,12773.0,,0.0,,0.0,,0.0,,0.0
1994,SH131994,NONAME,Madagascar,MDG,Ihorombe,MDG,,1994-01-25 12:00,,1994-02-05 00:00,,OFCL,,17.0,,0.0,,{0: 17},,17.0,,0.0,,0.0,,0.0,,0.0,,0.0
1994,SH131994,NONAME,Madagascar,MDG,Itasy,MDG,,1994-01-25 12:00,,1994-02-05 00:00,,OFCL,,736723.0,,13129620.23,,"{0: 1646, 1: 361101, 2: 283736, 3: 90240}",,1646.0,,361101.0,,283736.0,,90240.0,,0.0,,0.0
1994,SH131994,NONAME,Madagascar,MDG,Melaky,MDG,,1994-01-25 12:00,,1994-02-05 00:00,,OFCL,,5633.0,,2.41,,{0: 5633},,5633.0,,0.0,,0.0,,0.0,,0.0,,0.0
1994,SH131994,NONAME,Madagascar,MDG,Menabe,MDG,,1994-01-25 12:00,,1994-02-05 00:00,,OFCL,,119079.0,,41.02,,{0: 119079},,119079.0,,0.0,,0.0,,0.0,,0.0,,0.0
1994,SH131994,NONAME,Madagascar,MDG,Sava,MDG,,1994-01-25 12:00,,1994-02-05 00:00,,OFCL,,50821.0,,1723.66,,"{0: 43795, 1: 7026}",,43795.0,,7026.0,,0.0,,0.0,,0.0,,0.0
1994,SH131994,NONAME,Madagascar,MDG,Sofia,MDG,,1994-01-25 12:00,,1994-02-05 00:00,,OFCL,,293860.0,,11570.75,,"{0: 256590, 1: 37270}",,256590.0,,37270.0,,0.0,,0.0,,0.0,,0.0
1994,SH131994,NONAME,Madagascar,MDG,Vakinakaratra,MDG,,1994-01-25 12:00,,1994-02-05 00:00,,OFCL,,1831513.0,,21802082.84,,"{0: 105220, 1: 626068, 2: 1046832, 3: 53393}",,105220.0,,626068.0,,1046832.0,,53393.0,,0.0,,0.0
1994,SH131994,NONAME,Madagascar,MDG,Vatovavy Fitovinany,MDG,,1994-01-25 12:00,,1994-02-05 00:00,,OFCL,,674645.0,,22615.67,,"{0: 585787, 1: 88858}",,585787.0,,88858.0,,0.0,,0.0,,0.0,,0.0
1994,SH131994,NONAME,Madagascar,MDG,Antananarivo,MDG.1_1,1994-01-25 12:00,,1994-02-05 00:00,,OFCL,,7957056.0,,458186925.92,,"{0: 65960, 1: 985178, 2: 1481189, 3: 5375723, 4: 49006}",,65960.0,,985178.0,,1481189.0,,5375723.0,,49006.0,,0.0,
1994,SH131994,NONAME,Madagascar,MDG,Antsiranana,MDG.2_1,1994-01-25 12:00,,1994-02-05 00:00,,OFCL,,153905.0,,54382.76,,"{0: 128545, 1: 24974, 2: 386}",,128545.0,,24974.0,,386.0,,0.0,,0.0,,0.0,
1994,SH131994,NONAME,Madagascar,MDG,Fianarantsoa,MDG.3_1,1994-01-25 12:00,,1994-02-05 00:00,,OFCL,,2892463.0,,3346812.47,,"{0: 1513820, 1: 1226058, 2: 152585}",,1513820.0,,1226058.0,,152585.0,,0.0,,0.0,,0.0,
1994,SH131994,NONAME,Madagascar,MDG,Mahajanga,MDG.4_1,1994-01-25 12:00,,1994-02-05 00:00,,OFCL,,1473326.0,,1951776.71,,"{0: 1105510, 1: 293717, 2: 58601, 3: 15498}",,1105510.0,,293717.0,,58601.0,,15498.0,,0.0,,0.0,
1994,SH131994,NONAME,Madagascar,MDG,Toamasina,MDG.5_1,1994-01-25 12:00,,1994-02-05 00:00,,OFCL,,3609250.0,,486345352.09,,"{0: 176193, 1: 489042, 2: 617837, 3: 1159273, 4: 1124894, 5: 42011}",,176193.0,,489042.0,,617837.0,,1159273.0,,1124894.0,,42011.0,
1994,SH131994,NONAME,Madagascar,MDG,Toliary,MDG.6_1,1994-01-25 12:00,,1994-02-05 00:00,,OFCL,,383947.0,,20863.69,,"{0: 361695, 1: 22252}",,361695.0,,22252.0,,0.0,,0.0,,0.0,,0.0,
1994,SH151994,NONAME,Mauritius,MUS,Riviere Du Rempart,MUS,,1994-02-05 06:00,,1994-02-14 12:00,,OFCL,,123738.0,,857624498.44,,"{3: 6165, 4: 117573}",,0.0,,0.0,,0.0,,6165.0,,117573.0,,0.0
1994,SH151994,NONAME,Mauritius,MUS,Savanne,MUS.12_1,1994-02-05 06:00,1994-02-05 06:00,1994-02-14 12:00,1994-02-14 12:00,OFCL,OFCL,70087.0,60507.0,96134032.6,397282432.19,"{3: 53192, 4: 16895}","{3: 49346, 4: 11161}",0.0,0.0,0.0,0.0,0.0,0.0,53192.0,49346.0,16895.0,11161.0,0.0,0.0
1994,SH151994,NONAME,Mauritius,MUS,Black River,MUS.2_1,1994-02-05 06:00,1994-02-05 06:00,1994-02-14 12:00,1994-02-14 12:00,OFCL,OFCL,94560.0,72490.0,221670549.05,791858035.69,"{3: 14101, 4: 80459}","{3: 7913, 4: 64577}",0.0,0.0,0.0,0.0,0.0,0.0,14101.0,7913.0,80459.0,64577.0,0.0,0.0
1994,SH151994,NONAME,Mauritius,MUS,Flacq,MUS.3_1,1994-02-05 06:00,1994-02-05 06:00,1994-02-14 12:00,1994-02-14 12:00,OFCL,OFCL,140810.0,148203.0,268918258.22,923385354.36,"{3: 9538, 4: 131272}","{3: 10827, 4: 137376}",0.0,0.0,0.0,0.0,0.0,0.0,9538.0,10827.0,131272.0,137376.0,0.0,0.0
1994,SH151994,NONAME,Mauritius,MUS,Grand Port,MUS.4_1,1994-02-05 06:00,1994-02-05 06:00,1994-02-14 12:00,1994-02-14 12:00,OFCL,OFCL,113523.0,117962.0,201373942.18,770965107.03,"{3: 43211, 4: 70312}","{3: 35238, 4: 82724}",0.0,0.0,0.0,0.0,0.0,0.0,43211.0,35238.0,70312.0,82724.0,0.0,0.0
1994,SH151994,NONAME,Mauritius,MUS,Moka,MUS.5_1,1994-02-05 06:00,1994-02-05 06:00,1994-02-14 12:00,1994-02-14 12:00,OFCL,OFCL,88800.0,144916.0,162570564.33,553937048.97,"{3: 10184, 4: 78616}","{3: 6061, 4: 138855}",0.0,0.0,0.0,0.0,0.0,0.0,10184.0,6061.0,78616.0,138855.0,0.0,0.0
1994,SH151994,NONAME,Mauritius,MUS,Pamplemousses,MUS.6_1,1994-02-05 06:00,1994-02-05 06:00,1994-02-14 12:00,1994-02-14 12:00,OFCL,OFCL,148742.0,165109.0,293516480.05,1201341908.9,"{3: 34820, 4: 113922}","{3: 18163, 4: 146946}",0.0,0.0,0.0,0.0,0.0,0.0,34820.0,18163.0,113922.0,146946.0,0.0,0.0
1994,SH151994,NONAME,Mauritius,MUS,Plaines Wilhems,MUS.7_1,1994-02-05 06:00,1994-02-05 06:00,1994-02-14 12:00,1994-02-14 12:00,OFCL,OFCL,365517.0,294342.0,795317571.92,884684691.55,"{3: 11119, 4: 354398}","{3: 9546, 4: 284796}",0.0,0.0,0.0,0.0,0.0,0.0,11119.0,9546.0,354398.0,284796.0,0.0,0.0
1994,SH151994,NONAME,Mauritius,MUS,Port Louis,MUS.8_1,1994-02-05 06:00,1994-02-05 06:00,1994-02-14 12:00,1994-02-14 12:00,OFCL,OFCL,111040.0,100326.0,210986764.3,305006383.94,"{3: 39828, 4: 71212}","{3: 9198, 4: 91128}",0.0,0.0,0.0,0.0,0.0,0.0,39828.0,9198.0,71212.0,91128.0,0.0,0.0
1994,SH151994,NONAME,Mauritius,MUS,Rivière du Rempart,MUS.9_1,1994-02-05 06:00,,1994-02-14 12:00,,OFCL,,113200.0,,260531332.58,,"{3: 2375, 4: 110825}",,0.0,,0.0,,0.0,,2375.0,,110825.0,,0.0,
1994,SH151994,NONAME,Mauritius,MUS,,No Adm1,,1994-02-05 06:00,,1994-02-14 12:00,,OFCL,,307.0,,1171862.84,,{4: 307},,0.0,,0.0,,0.0,,0.0,,307.0,,0.0
1994,SH151994,NONAME,Reunion,REU,Arrondissement_du_vent,REU,,1994-02-05 06:00,,1994-02-14 12:00,,OFCL,,256754.0,,401128489.74,,"{3: 251852, 4: 4902}",,0.0,,0.0,,0.0,,251852.0,,4902.0,,0.0
1994,SH151994,NONAME,Reunion,REU,Arrondissement_souse_le_vent,REU,,1994-02-05 06:00,,1994-02-14 12:00,,OFCL,,447764.0,,4363485648.02,,"{3: 202510, 4: 244817, 5: 437}",,0.0,,0.0,,0.0,,202510.0,,244817.0,,437.0
1994,SH151994,NONAME,Reunion,REU,Saint-Benoît,REU.1_1,1994-02-05 06:00,,1994-02-14 12:00,,OFCL,,140447.0,,310425738.01,,"{3: 137823, 4: 2556, 5: 68}",,0.0,,0.0,,0.0,,137823.0,,2556.0,,68.0,
1994,SH151994,NONAME,Reunion,REU,Saint-Denis,REU.2_1,1994-02-05 06:00,,1994-02-14 12:00,,OFCL,,308269.0,,486934883.57,,"{3: 308153, 4: 116}",,0.0,,0.0,,0.0,,308153.0,,116.0,,0.0,
1994,SH151994,NONAME,Reunion,REU,Saint-Paul,REU.3_1,1994-02-05 06:00,,1994-02-14 12:00,,OFCL,,201260.0,,676231429.54,,"{3: 154796, 4: 46464}",,0.0,,0.0,,0.0,,154796.0,,46464.0,,0.0,
1994,SH151994,NONAME,Reunion,REU,Saint-Pierre,REU.4_1,1994-02-05 06:00,,1994-02-14 12:00,,OFCL,,313164.0,,1782205659.15,,"{3: 40873, 4: 272278, 5: 13}",,0.0,,0.0,,0.0,,40873.0,,272278.0,,13.0,
1994,SH161994,NONAME,Mauritius,MUS,Rodriguez,MUS.10_1,1994-02-06 00:00,,1994-02-19 18:00,,OFCL,,44652.0,,1085431.03,,"{1: 44473, 2: 179}",,0.0,,44473.0,,179.0,,0.0,,0.0,,0.0,
1994,SH161994,NONAME,Mauritius,MUS,,No Adm1,,1994-02-06 00:00,,1994-02-19 18:00,,OFCL,,43525.0,,1938402.28,,"{1: 41809, 2: 1716}",,0.0,,41809.0,,1716.0,,0.0,,0.0,,0.0
1994,SH191994,NONAME,Madagascar,MDG,Antsiranana,MDG.2_1,1994-03-05 18:00,,1994-03-10 18:00,,OFCL,,9727.0,,67.64,,{0: 9727},,9727.0,,0.0,,0.0,,0.0,,0.0,,0.0,
1994,SH191994,NONAME,Madagascar,MDG,Toamasina,MDG.5_1,1994-03-05 18:00,,1994-03-10 18:00,,OFCL,,12545.0,,5.59,,{0: 12545},,12545.0,,0.0,,0.0,,0.0,,0.0,,0.0,
1994,SH191994,NONAME,Reunion,REU,Arrondissement_du_vent,REU,,1994-03-05 18:00,,1994-03-10 18:00,,OFCL,,74609.0,,10.67,,{0: 74609},,74609.0,,0.0,,0.0,,0.0,,0.0,,0.0
1994,SH191994,NONAME,Reunion,REU,Arrondissement_souse_le_vent,REU,,1994-03-05 18:00,,1994-03-10 18:00,,OFCL,,106502.0,,67.95,,{0: 106502},,106502.0,,0.0,,0.0,,0.0,,0.0,,0.0
1994,SH191994,NONAME,Reunion,REU,Saint-Benoît,REU.1_1,1994-03-05 18:00,,1994-03-10 18:00,,OFCL,,77.0,,0.86,,{0: 77},,77.0,,0.0,,0.0,,0.0,,0.0,,0.0,
1994,SH191994,NONAME,Reunion,REU,Saint-Denis,REU.2_1,1994-03-05 18:00,,1994-03-10 18:00,,OFCL,,261.0,,1.03,,{0: 261},,261.0,,0.0,,0.0,,0.0,,0.0,,0.0,
1994,SH191994,NONAME,Reunion,REU,Saint-Paul,REU.3_1,1994-03-05 18:00,,1994-03-10 18:00,,OFCL,,1277.0,,127.6,,{0: 1277},,1277.0,,0.0,,0.0,,0.0,,0.0,,0.0,
1994,SH191994,NONAME,Reunion,REU,Saint-Pierre,REU.4_1,1994-03-05 18:00,,1994-03-10 18:00,,OFCL,,1489.0,,4.55,,{0: 1489},,1489.0,,0.0,,0.0,,0.0,,0.0,,0.0,
1994,SH201994,NONAME,Madagascar,MDG,Alaotra Mangoro,MDG,,1994-03-05 00:00,,1994-03-17 18:00,,OFCL,,1020875.0,,138592402.06,,"{0: 12810, 1: 66788, 2: 356744, 3: 541247, 4: 43286}",,12810.0,,66788.0,,356744.0,,541247.0,,43286.0,,0.0
1994,SH201994,NONAME,Madagascar,MDG,Amoron'i Mania,MDG,,1994-03-05 00:00,,1994-03-17 18:00,,OFCL,,650472.0,,4104541.79,,"{0: 98331, 1: 390344, 2: 161765, 3: 32}",,98331.0,,390344.0,,161765.0,,32.0,,0.0,,0.0
1994,SH201994,NONAME,Madagascar,MDG,Analamanga,MDG,,1994-03-05 00:00,,1994-03-17 18:00,,OFCL,,4679099.0,,128928886.73,,"{0: 16875, 1: 128704, 2: 3267786, 3: 1265734}",,16875.0,,128704.0,,3267786.0,,1265734.0,,0.0,,0.0
1994,SH201994,NONAME,Madagascar,MDG,Analanjirofo,MDG,,1994-03-05 00:00,,1994-03-17 18:00,,OFCL,,1188128.0,,80448021.29,,"{0: 243627, 1: 333848, 2: 281752, 3: 322137, 4: 6764}",,243627.0,,333848.0,,281752.0,,322137.0,,6764.0,,0.0
1994,SH201994,NONAME,Madagascar,MDG,Atsimo Atsinanana,MDG,,1994-03-05 00:00,,1994-03-17 18:00,,OFCL,,36038.0,,0.41,,{0: 36038},,36038.0,,0.0,,0.0,,0.0,,0.0,,0.0
1994,SH201994,NONAME,Madagascar,MDG,Atsinanana,MDG,,1994-03-05 00:00,,1994-03-17 18:00,,OFCL,,990662.0,,236253083.53,,"{1: 31212, 2: 361221, 3: 510330, 4: 87899}",,0.0,,31212.0,,361221.0,,510330.0,,87899.0,,0.0
1994,SH201994,NONAME,Madagascar,MDG,Betsiboka,MDG,,1994-03-05 00:00,,1994-03-17 18:00,,OFCL,,186557.0,,376502.86,,"{0: 98102, 1: 70722, 2: 17691, 3: 42}",,98102.0,,70722.0,,17691.0,,42.0,,0.0,,0.0
1994,SH201994,NONAME,Madagascar,MDG,Boeny,MDG,,1994-03-05 00:00,,1994-03-17 18:00,,OFCL,,8522.0,,0.06,,{0: 8522},,8522.0,,0.0,,0.0,,0.0,,0.0,,0.0
1994,SH201994,NONAME,Madagascar,MDG,Bongolava,MDG,,1994-03-05 00:00,,1994-03-17 18:00,,OFCL,,495504.0,,69345.45,,"{0: 334257, 1: 158706, 2: 2541}",,334257.0,,158706.0,,2541.0,,0.0,,0.0,,0.0
1994,SH201994,NONAME,Madagascar,MDG,Haute Matsiatra,MDG,,1994-03-05 00:00,,1994-03-17 18:00,,OFCL,,913002.0,,107046.79,,"{0: 698509, 1: 214493}",,698509.0,,214493.0,,0.0,,0.0,,0.0,,0.0
1994,SH201994,NONAME,Madagascar,MDG,Ihorombe,MDG,,1994-03-05 00:00,,1994-03-17 18:00,,OFCL,,153.0,,0.0,,{0: 153},,153.0,,0.0,,0.0,,0.0,,0.0,,0.0
1994,SH201994,NONAME,Madagascar,MDG,Itasy,MDG,,1994-03-05 00:00,,1994-03-17 18:00,,OFCL,,736635.0,,6035801.05,,"{0: 56083, 1: 390090, 2: 283440, 3: 7022}",,56083.0,,390090.0,,283440.0,,7022.0,,0.0,,0.0
1994,SH201994,NONAME,Madagascar,MDG,Melaky,MDG,,1994-03-05 00:00,,1994-03-17 18:00,,OFCL,,328.0,,0.0,,{0: 328},,328.0,,0.0,,0.0,,0.0,,0.0,,0.0
1994,SH201994,NONAME,Madagascar,MDG,Menabe,MDG,,1994-03-05 00:00,,1994-03-17 18:00,,OFCL,,841.0,,0.07,,{0: 841},,841.0,,0.0,,0.0,,0.0,,0.0,,0.0
1994,SH201994,NONAME,Madagascar,MDG,Sava,MDG,,1994-03-05 00:00,,1994-03-17 18:00,,OFCL,,4448.0,,0.8,,{0: 4448},,4448.0,,0.0,,0.0,,0.0,,0.0,,0.0
1994,SH201994,NONAME,Madagascar,MDG,Sofia,MDG,,1994-03-05 00:00,,1994-03-17 18:00,,OFCL,,209158.0,,5493.11,,"{0: 195205, 1: 13953}",,195205.0,,13953.0,,0.0,,0.0,,0.0,,0.0
1994,SH201994,NONAME,Madagascar,MDG,Vakinakaratra,MDG,,1994-03-05 00:00,,1994-03-17 18:00,,OFCL,,1817415.0,,42393263.46,,"{0: 161131, 1: 421352, 2: 1013609, 3: 221323}",,161131.0,,421352.0,,1013609.0,,221323.0,,0.0,,0.0
1994,SH201994,NONAME,Madagascar,MDG,Vatovavy Fitovinany,MDG,,1994-03-05 00:00,,1994-03-17 18:00,,OFCL,,1366630.0,,1016556.68,,"{0: 672721, 1: 641787, 2: 52122}",,672721.0,,641787.0,,52122.0,,0.0,,0.0,,0.0
1994,SH201994,NONAME,Madagascar,MDG,Antananarivo,MDG.1_1,1994-03-05 00:00,,1994-03-17 18:00,,OFCL,,7946027.0,,369988875.76,,"{0: 260963, 1: 1059950, 2: 1224901, 3: 5364199, 4: 36014}",,260963.0,,1059950.0,,1224901.0,,5364199.0,,36014.0,,0.0,
1994,SH201994,NONAME,Madagascar,MDG,Antsiranana,MDG.2_1,1994-03-05 00:00,,1994-03-17 18:00,,OFCL,,12292.0,,572.23,,"{0: 11970, 1: 322}",,11970.0,,322.0,,0.0,,0.0,,0.0,,0.0,
1994,SH201994,NONAME,Madagascar,MDG,Fianarantsoa,MDG.3_1,1994-03-05 00:00,,1994-03-17 18:00,,OFCL,,4179373.0,,15260358.15,,"{0: 1747394, 1: 1680950, 2: 674970, 3: 76059}",,1747394.0,,1680950.0,,674970.0,,76059.0,,0.0,,0.0,
1994,SH201994,NONAME,Madagascar,MDG,Mahajanga,MDG.4_1,1994-03-05 00:00,,1994-03-17 18:00,,OFCL,,1118298.0,,1080566.14,,"{0: 840256, 1: 225768, 2: 49624, 3: 2650}",,840256.0,,225768.0,,49624.0,,2650.0,,0.0,,0.0,
1994,SH201994,NONAME,Madagascar,MDG,Toamasina,MDG.5_1,1994-03-05 00:00,,1994-03-17 18:00,,OFCL,,3473150.0,,469327883.88,,"{0: 204296, 1: 294690, 2: 661231, 3: 1242113, 4: 1038017, 5: 32803}",,204296.0,,294690.0,,661231.0,,1242113.0,,1038017.0,,32803.0,
1994,SH201994,NONAME,Madagascar,MDG,Toliary,MDG.6_1,1994-03-05 00:00,,1994-03-17 18:00,,OFCL,,35600.0,,573.57,,{0: 35600},,35600.0,,0.0,,0.0,,0.0,,0.0,,0.0,
1994,SH201994,NONAME,Mauritius,MUS,Riviere Du Rempart,MUS,,1994-03-05 00:00,,1994-03-17 18:00,,OFCL,,123738.0,,39001.57,,"{0: 97734, 1: 26004}",,97734.0,,26004.0,,0.0,,0.0,,0.0,,0.0
1994,SH201994,NONAME,Mauritius,MUS,Rodriguez,MUS.10_1,1994-03-05 00:00,,1994-03-17 18:00,,OFCL,,102.0,,75060.42,,{0: 102},,102.0,,0.0,,0.0,,0.0,,0.0,,0.0,
1994,SH201994,NONAME,Mauritius,MUS,Savanne,MUS.12_1,1994-03-05 00:00,1994-03-05 00:00,1994-03-17 18:00,1994-03-17 18:00,OFCL,OFCL,28190.0,55605.0,44222.02,2714.87,{0: 28190},{0: 55605},28190.0,55605.0,0.0,0.0,0.0,0.0,0.0,0.0,0.0,0.0,0.0,0.0
1994,SH201994,NONAME,Mauritius,MUS,Black River,MUS.2_1,1994-03-05 00:00,1994-03-05 00:00,1994-03-17 18:00,1994-03-17 18:00,OFCL,OFCL,34913.0,62015.0,406527.04,2012.55,{0: 34913},{0: 62015},34913.0,62015.0,0.0,0.0,0.0,0.0,0.0,0.0,0.0,0.0,0.0,0.0
1994,SH201994,NONAME,Mauritius,MUS,Flacq,MUS.3_1,1994-03-05 00:00,1994-03-05 00:00,1994-03-17 18:00,1994-03-17 18:00,OFCL,OFCL,84458.0,148203.0,1598850.67,217685.9,"{0: 82981, 1: 1477}","{0: 147735, 1: 468}",82981.0,147735.0,1477.0,468.0,0.0,0.0,0.0,0.0,0.0,0.0,0.0,0.0
1994,SH201994,NONAME,Mauritius,MUS,Grand Port,MUS.4_1,1994-03-05 00:00,1994-03-05 00:00,1994-03-17 18:00,1994-03-17 18:00,OFCL,OFCL,62718.0,103809.0,3477770.98,76193.02,{0: 62718},{0: 103809},62718.0,103809.0,0.0,0.0,0.0,0.0,0.0,0.0,0.0,0.0,0.0,0.0
1994,SH201994,NONAME,Mauritius,MUS,Moka,MUS.5_1,1994-03-05 00:00,1994-03-05 00:00,1994-03-17 18:00,1994-03-17 18:00,OFCL,OFCL,55805.0,140666.0,6024.5,6756.98,{0: 55805},{0: 140666},55805.0,140666.0,0.0,0.0,0.0,0.0,0.0,0.0,0.0,0.0,0.0,0.0
1994,SH201994,NONAME,Mauritius,MUS,Pamplemousses,MUS.6_1,1994-03-05 00:00,1994-03-05 00:00,1994-03-17 18:00,1994-03-17 18:00,OFCL,OFCL,65247.0,164361.0,358069.05,10054.44,{0: 65247},{0: 164361},65247.0,164361.0,0.0,0.0,0.0,0.0,0.0,0.0,0.0,0.0,0.0,0.0
1994,SH201994,NONAME,Mauritius,MUS,Plaines Wilhems,MUS.7_1,1994-03-05 00:00,1994-03-05 00:00,1994-03-17 18:00,1994-03-17 18:00,OFCL,OFCL,59190.0,203261.0,5418.47,1117.02,{0: 59190},{0: 203261},59190.0,203261.0,0.0,0.0,0.0,0.0,0.0,0.0,0.0,0.0,0.0,0.0
1994,SH201994,NONAME,Mauritius,MUS,Port Louis,MUS.8_1,1994-03-05 00:00,1994-03-05 00:00,1994-03-17 18:00,1994-03-17 18:00,OFCL,OFCL,10766.0,42789.0,54892.94,221.43,{0: 10766},{0: 42789},10766.0,42789.0,0.0,0.0,0.0,0.0,0.0,0.0,0.0,0.0,0.0,0.0
1994,SH201994,NONAME,Mauritius,MUS,Rivière du Rempart,MUS.9_1,1994-03-05 00:00,,1994-03-17 18:00,,OFCL,,105742.0,,3525971.32,,"{0: 62818, 1: 42924}",,62818.0,,42924.0,,0.0,,0.0,,0.0,,0.0,
1994,SH201994,NONAME,Mauritius,MUS,,No Adm1,,1994-03-05 00:00,,1994-03-17 18:00,,OFCL,,311.0,,264.5,,"{0: 4, 1: 307}",,4.0,,307.0,,0.0,,0.0,,0.0,,0.0
1994,SH201994,NONAME,Reunion,REU,Arrondissement_du_vent,REU,,1994-03-05 00:00,,1994-03-17 18:00,,OFCL,,192531.0,,4228.58,,"{0: 191448, 1: 1083}",,191448.0,,1083.0,,0.0,,0.0,,0.0,,0.0
1994,SH201994,NONAME,Reunion,REU,Arrondissement_souse_le_vent,REU,,1994-03-05 00:00,,1994-03-17 18:00,,OFCL,,176026.0,,1029.88,,"{0: 174501, 1: 1525}",,174501.0,,1525.0,,0.0,,0.0,,0.0,,0.0
1994,SH201994,NONAME,Reunion,REU,Saint-Benoît,REU.1_1,1994-03-05 00:00,,1994-03-17 18:00,,OFCL,,49526.0,,1591964.69,,"{0: 49440, 1: 86}",,49440.0,,86.0,,0.0,,0.0,,0.0,,0.0,
1994,SH201994,NONAME,Reunion,REU,Saint-Denis,REU.2_1,1994-03-05 00:00,,1994-03-17 18:00,,OFCL,,32251.0,,3289955.95,,{0: 32251},,32251.0,,0.0,,0.0,,0.0,,0.0,,0.0,
1994,SH201994,NONAME,Reunion,REU,Saint-Paul,REU.3_1,1994-03-05 00:00,,1994-03-17 18:00,,OFCL,,3219.0,,669971.29,,"{0: 2931, 1: 288}",,2931.0,,288.0,,0.0,,0.0,,0.0,,0.0,
1994,SH201994,NONAME,Reunion,REU,Saint-Pierre,REU.4_1,1994-03-05 00:00,,1994-03-17 18:00,,OFCL,,7545.0,,114390.87,,"{0: 7363, 1: 182}",,7363.0,,182.0,,0.0,,0.0,,0.0,,0.0,
1994,SH231994,NONAME,Comoros,COM,Anjouan,COM,,1994-03-17 18:00,,1994-04-02 00:00,,OFCL,,53487.0,,1221.04,,"{0: 50627, 1: 2860}",,50627.0,,2860.0,,0.0,,0.0,,0.0,,0.0
1994,SH231994,NONAME,Comoros,COM,Moheli,COM,,1994-03-17 18:00,,1994-04-02 00:00,,OFCL,,235279.0,,207.63,,"{0: 232501, 1: 2778}",,232501.0,,2778.0,,0.0,,0.0,,0.0,,0.0
1994,SH231994,NONAME,Comoros,COM,Ngazidja,COM,,1994-03-17 18:00,,1994-04-02 00:00,,OFCL,,11284.0,,0.16,,{0: 11284},,11284.0,,0.0,,0.0,,0.0,,0.0,,0.0
1994,SH231994,NONAME,Comoros,COM,Mwali,COM.1_1,1994-03-17 18:00,,1994-04-02 00:00,,OFCL,,67648.0,,98336.84,,"{0: 21205, 1: 46443}",,21205.0,,46443.0,,0.0,,0.0,,0.0,,0.0,
1994,SH231994,NONAME,Comoros,COM,Njazídja,COM.2_1,1994-03-17 18:00,,1994-04-02 00:00,,OFCL,,245126.0,,11923.16,,{0: 245126},,245126.0,,0.0,,0.0,,0.0,,0.0,,0.0,
1994,SH231994,NONAME,Comoros,COM,Nzwani,COM.3_1,1994-03-17 18:00,,1994-04-02 00:00,,OFCL,,362728.0,,110882.63,,"{0: 42890, 1: 319838}",,42890.0,,319838.0,,0.0,,0.0,,0.0,,0.0,
1994,SH231994,NONAME,Madagascar,MDG,Alaotra Mangoro,MDG,,1994-03-17 18:00,,1994-04-02 00:00,,OFCL,,207603.0,,387.6,,"{0: 205818, 1: 1785}",,205818.0,,1785.0,,0.0,,0.0,,0.0,,0.0
1994,SH231994,NONAME,Madagascar,MDG,Analamanga,MDG,,1994-03-17 18:00,,1994-04-02 00:00,,OFCL,,24992.0,,0.51,,{0: 24992},,24992.0,,0.0,,0.0,,0.0,,0.0,,0.0
1994,SH231994,NONAME,Madagascar,MDG,Analanjirofo,MDG,,1994-03-17 18:00,,1994-04-02 00:00,,OFCL,,488455.0,,83632.66,,"{0: 330490, 1: 156619, 2: 1346}",,330490.0,,156619.0,,1346.0,,0.0,,0.0,,0.0
1994,SH231994,NONAME,Madagascar,MDG,Betsiboka,MDG,,1994-03-17 18:00,,1994-04-02 00:00,,OFCL,,173400.0,,130.89,,{0: 173400},,173400.0,,0.0,,0.0,,0.0,,0.0,,0.0
1994,SH231994,NONAME,Madagascar,MDG,Boeny,MDG,,1994-03-17 18:00,,1994-04-02 00:00,,OFCL,,1008205.0,,107784.66,,"{0: 584907, 1: 423286, 2: 12}",,584907.0,,423286.0,,12.0,,0.0,,0.0,,0.0
1994,SH231994,NONAME,Madagascar,MDG,Bongolava,MDG,,1994-03-17 18:00,,1994-04-02 00:00,,OFCL,,5331.0,,0.01,,{0: 5331},,5331.0,,0.0,,0.0,,0.0,,0.0,,0.0
1994,SH231994,NONAME,Madagascar,MDG,Diana,MDG,,1994-03-17 18:00,,1994-04-02 00:00,,OFCL,,862898.0,,78209115.89,,"{1: 145, 2: 192928, 3: 660295, 4: 9530}",,0.0,,145.0,,192928.0,,660295.0,,9530.0,,0.0
1994,SH231994,NONAME,Madagascar,MDG,Melaky,MDG,,1994-03-17 18:00,,1994-04-02 00:00,,OFCL,,80194.0,,1415.41,,"{0: 75267, 1: 4927}",,75267.0,,4927.0,,0.0,,0.0,,0.0,,0.0
1994,SH231994,NONAME,Madagascar,MDG,Menabe,MDG,,1994-03-17 18:00,,1994-04-02 00:00,,OFCL,,319.0,,763.67,,{0: 319},,319.0,,0.0,,0.0,,0.0,,0.0,,0.0
1994,SH231994,NONAME,Madagascar,MDG,Sava,MDG,,1994-03-17 18:00,,1994-04-02 00:00,,OFCL,,1024725.0,,115616760.79,,"{0: 43512, 1: 270477, 2: 337930, 3: 327812, 4: 44994}",,43512.0,,270477.0,,337930.0,,327812.0,,44994.0,,0.0
1994,SH231994,NONAME,Madagascar,MDG,Sofia,MDG,,1994-03-17 18:00,,1994-04-02 00:00,,OFCL,,1483525.0,,13026836.25,,"{0: 375896, 1: 789886, 2: 257360, 3: 60383}",,375896.0,,789886.0,,257360.0,,60383.0,,0.0,,0.0
1994,SH231994,NONAME,Madagascar,MDG,Antananarivo,MDG.1_1,1994-03-17 18:00,,1994-04-02 00:00,,OFCL,,509623.0,,6421.88,,{0: 509623},,509623.0,,0.0,,0.0,,0.0,,0.0,,0.0,
1994,SH231994,NONAME,Madagascar,MDG,Antsiranana,MDG.2_1,1994-03-17 18:00,,1994-04-02 00:00,,OFCL,,2123061.0,,294797540.67,,"{0: 879, 1: 146140, 2: 308489, 3: 1140074, 4: 519258, 5: 8221}",,879.0,,146140.0,,308489.0,,1140074.0,,519258.0,,8221.0,
1994,SH231994,NONAME,Madagascar,MDG,Mahajanga,MDG.4_1,1994-03-17 18:00,,1994-04-02 00:00,,OFCL,,3510975.0,,29021364.34,,"{0: 521548, 1: 2203460, 2: 542132, 3: 241214, 4: 2621}",,521548.0,,2203460.0,,542132.0,,241214.0,,2621.0,,0.0,
1994,SH231994,NONAME,Madagascar,MDG,Toamasina,MDG.5_1,1994-03-17 18:00,,1994-04-02 00:00,,OFCL,,1525721.0,,1113526.01,,"{0: 1108592, 1: 413038, 2: 4091}",,1108592.0,,413038.0,,4091.0,,0.0,,0.0,,0.0,
1994,SH231994,NONAME,Madagascar,MDG,Toliary,MDG.6_1,1994-03-17 18:00,,1994-04-02 00:00,,OFCL,,9798.0,,117958.12,,{0: 9798},,9798.0,,0.0,,0.0,,0.0,,0.0,,0.0,
1994,SH231994,NONAME,Mozambique,MOZ,Niassa,MOZ,,1994-03-17 18:00,,1994-04-02 00:00,,OFCL,,12847.0,,5.13,,{0: 12847},,12847.0,,0.0,,0.0,,0.0,,0.0,,0.0
1994,SH231994,NONAME,Mozambique,MOZ,Zambezia,MOZ.11_1,1994-03-17 18:00,1994-03-17 18:00,1994-04-02 00:00,1994-04-02 00:00,OFCL,OFCL,3104872.0,1624467.0,1116554.18,10295.27,"{0: 1679768, 1: 1425104}","{0: 1579289, 1: 45178}",1679768.0,1579289.0,1425104.0,45178.0,0.0,0.0,0.0,0.0,0.0,0.0,0.0,0.0
1994,SH231994,NONAME,Mozambique,MOZ,Cabo Delgado,MOZ.1_1,1994-03-17 18:00,1994-03-17 18:00,1994-04-02 00:00,1994-04-02 00:00,OFCL,OFCL,1629890.0,1421403.0,3622521.01,275601.74,"{0: 257718, 1: 1136068, 2: 236104}","{0: 653794, 1: 767589, 2: 20}",257718.0,653794.0,1136068.0,767589.0,236104.0,20.0,0.0,0.0,0.0,0.0,0.0,0.0
1994,SH231994,NONAME,Mozambique,MOZ,Inhambane,MOZ.3_1,1994-03-17 18:00,1994-03-17 18:00,1994-04-02 00:00,1994-04-02 00:00,OFCL,OFCL,44804.0,19.0,764.7,0.03,{0: 44804},{0: 19},44804.0,19.0,0.0,0.0,0.0,0.0,0.0,0.0,0.0,0.0,0.0,0.0
1994,SH231994,NONAME,Mozambique,MOZ,Nampula,MOZ.7_1,1994-03-17 18:00,1994-03-17 18:00,1994-04-02 00:00,1994-04-02 00:00,OFCL,OFCL,5950720.0,5724906.0,240223963.84,62273930.46,"{0: 176262, 1: 1131589, 2: 2421029, 3: 2212565, 4: 9275}","{0: 627378, 1: 1771798, 2: 2451350, 3: 874380}",176262.0,627378.0,1131589.0,1771798.0,2421029.0,2451350.0,2212565.0,874380.0,9275.0,0.0,0.0,0.0
1994,SH231994,NONAME,Mozambique,MOZ,Nassa,MOZ.8_1,1994-03-17 18:00,,1994-04-02 00:00,,OFCL,,47214.0,,3732.85,,"{0: 42476, 1: 4738}",,42476.0,,4738.0,,0.0,,0.0,,0.0,,0.0,
1994,SH231994,NONAME,Mozambique,MOZ,Sofala,MOZ.9_1,1994-03-17 18:00,1994-03-17 18:00,1994-04-02 00:00,1994-04-02 00:00,OFCL,OFCL,398805.0,38406.0,14933.22,6.62,"{0: 388615, 1: 10190}",{0: 38406},388615.0,38406.0,10190.0,0.0,0.0,0.0,0.0,0.0,0.0,0.0,0.0,0.0
1994,SH231994,NONAME,Mauritius,MUS,Agalega Islands,MUS.1_1,1994-03-17 18:00,,1994-04-02 00:00,,OFCL,,248.0,,2.13,,{0: 248},,248.0,,0.0,,0.0,,0.0,,0.0,,0.0,
1994,SH231994,NONAME,Mayotte,MYT,Koungou,MYT.10_1,1994-03-17 18:00,,1994-04-02 00:00,,OFCL,,41150.0,,251014.58,,{1: 41150},,0.0,,41150.0,,0.0,,0.0,,0.0,,0.0,
1994,SH231994,NONAME,Mayotte,MYT,M'tsangamouji,MYT.11_1,1994-03-17 18:00,,1994-04-02 00:00,,OFCL,,7178.0,,95552.47,,{1: 7178},,0.0,,7178.0,,0.0,,0.0,,0.0,,0.0,
1994,SH231994,NONAME,Mayotte,MYT,Mamoudzou,MYT.12_1,1994-03-17 18:00,,1994-04-02 00:00,,OFCL,,68646.0,,116926.78,,{1: 68646},,0.0,,68646.0,,0.0,,0.0,,0.0,,0.0,
1994,SH231994,NONAME,Mayotte,MYT,Mtsamboro,MYT.13_1,1994-03-17 18:00,,1994-04-02 00:00,,OFCL,,8487.0,,75514.67,,{1: 8487},,0.0,,8487.0,,0.0,,0.0,,0.0,,0.0,
1994,SH231994,NONAME,Mayotte,MYT,Ouangani,MYT.14_1,1994-03-17 18:00,,1994-04-02 00:00,,OFCL,,15883.0,,346406.02,,{1: 15883},,0.0,,15883.0,,0.0,,0.0,,0.0,,0.0,
1994,SH231994,NONAME,Mayotte,MYT,Pamandzi,MYT.15_1,1994-03-17 18:00,,1994-04-02 00:00,,OFCL,,12327.0,,110651.0,,{1: 12327},,0.0,,12327.0,,0.0,,0.0,,0.0,,0.0,
1994,SH231994,NONAME,Mayotte,MYT,Sada,MYT.16_1,1994-03-17 18:00,,1994-04-02 00:00,,OFCL,,12674.0,,304714.66,,{1: 12674},,0.0,,12674.0,,0.0,,0.0,,0.0,,0.0,
1994,SH231994,NONAME,Mayotte,MYT,Tsingoni,MYT.17_1,1994-03-17 18:00,,1994-04-02 00:00,,OFCL,,13243.0,,207938.69,,{1: 13243},,0.0,,13243.0,,0.0,,0.0,,0.0,,0.0,
1994,SH231994,NONAME,Mayotte,MYT,Acoua,MYT.1_1,1994-03-17 18:00,,1994-04-02 00:00,,OFCL,,4802.0,,58288.47,,{1: 4802},,0.0,,4802.0,,0.0,,0.0,,0.0,,0.0,
1994,SH231994,NONAME,Mayotte,MYT,Bandraboua,MYT.2_1,1994-03-17 18:00,,1994-04-02 00:00,,OFCL,,12848.0,,61064.09,,{1: 12848},,0.0,,12848.0,,0.0,,0.0,,0.0,,0.0,
1994,SH231994,NONAME,Mayotte,MYT,Bandrele,MYT.3_1,1994-03-17 18:00,,1994-04-02 00:00,,OFCL,,10462.0,,171053.72,,{1: 10462},,0.0,,10462.0,,0.0,,0.0,,0.0,,0.0,
1994,SH231994,NONAME,Mayotte,MYT,Boueni,MYT.4_1,1994-03-17 18:00,,1994-04-02 00:00,,OFCL,,7614.0,,296893.59,,"{1: 6513, 2: 1101}",,0.0,,6513.0,,1101.0,,0.0,,0.0,,0.0,
1994,SH231994,NONAME,Mayotte,MYT,Chiconi,MYT.5_1,1994-03-17 18:00,,1994-04-02 00:00,,OFCL,,8615.0,,218861.4,,{1: 8615},,0.0,,8615.0,,0.0,,0.0,,0.0,,0.0,
1994,SH231994,NONAME,Mayotte,MYT,Chirongui,MYT.6_1,1994-03-17 18:00,,1994-04-02 00:00,,OFCL,,10610.0,,299128.58,,{1: 10610},,0.0,,10610.0,,0.0,,0.0,,0.0,,0.0,
1994,SH231994,NONAME,Mayotte,MYT,Dembeni,MYT.7_1,1994-03-17 18:00,,1994-04-02 00:00,,OFCL,,14271.0,,86009.78,,{1: 14271},,0.0,,14271.0,,0.0,,0.0,,0.0,,0.0,
1994,SH231994,NONAME,Mayotte,MYT,Dzaoudzi,MYT.8_1,1994-03-17 18:00,,1994-04-02 00:00,,OFCL,,16147.0,,146206.28,,{1: 16147},,0.0,,16147.0,,0.0,,0.0,,0.0,,0.0,
1994,SH231994,NONAME,Mayotte,MYT,Kani-Keli,MYT.9_1,1994-03-17 18:00,,1994-04-02 00:00,,OFCL,,5443.0,,276340.42,,"{1: 209, 2: 5234}",,0.0,,209.0,,5234.0,,0.0,,0.0,,0.0,
1994,SH231994,NONAME,Mayotte,MYT,,No Adm1,,1994-03-17 18:00,,1994-04-02 00:00,,OFCL,,256777.0,,4781485.93,,"{1: 249702, 2: 7075}",,0.0,,249702.0,,7075.0,,0.0,,0.0,,0.0
1994,SH231994,NONAME,Tanzania,TZA,Arusha,TZA,,1994-03-17 18:00,,1994-04-02 00:00,,OFCL,,0.0,,7.16,,{0: 0},,0.0,,0.0,,0.0,,0.0,,0.0,,0.0
1994,SH261994,NONAME,Mauritius,MUS,Rodriguez,MUS.10_1,1994-03-26 18:00,,1994-04-14 06:00,,OFCL,,44652.0,,6576247.55,,{2: 44652},,0.0,,0.0,,44652.0,,0.0,,0.0,,0.0,
1994,SH261994,NONAME,Mauritius,MUS,,No Adm1,,1994-03-26 18:00,,1994-04-14 06:00,,OFCL,,43525.0,,22212211.09,,{2: 43525},,0.0,,0.0,,43525.0,,0.0,,0.0,,0.0
1995,SH021995,NONAME,Mauritius,MUS,Rodriguez,MUS.10_1,1994-11-21 06:00,,1994-12-02 06:00,,OFCL,,44652.0,,9220187.66,,"{2: 32921, 3: 11731}",,0.0,,0.0,,32921.0,,11731.0,,0.0,,0.0,
1995,SH021995,NONAME,Mauritius,MUS,,No Adm1,,1994-11-21 06:00,,1994-12-02 06:00,,OFCL,,43525.0,,27922930.59,,"{2: 31395, 3: 12130}",,0.0,,0.0,,31395.0,,12130.0,,0.0,,0.0
1995,SH061995,NONAME,Mauritius,MUS,Riviere Du Rempart,MUS,,1994-12-30 12:00,,1995-01-06 12:00,,OFCL,,123738.0,,72085.02,,"{0: 50535, 1: 73203}",,50535.0,,73203.0,,0.0,,0.0,,0.0,,0.0
1995,SH061995,NONAME,Mauritius,MUS,Savanne,MUS.12_1,1994-12-30 12:00,1994-12-30 12:00,1995-01-06 12:00,1995-01-06 12:00,OFCL,OFCL,29703.0,60507.0,3725.93,5983.44,{0: 29703},{0: 60507},29703.0,60507.0,0.0,0.0,0.0,0.0,0.0,0.0,0.0,0.0,0.0,0.0
1995,SH061995,NONAME,Mauritius,MUS,Black River,MUS.2_1,1994-12-30 12:00,1994-12-30 12:00,1995-01-06 12:00,1995-01-06 12:00,OFCL,OFCL,33593.0,69622.0,2458.8,2947.89,{0: 33593},{0: 69622},33593.0,69622.0,0.0,0.0,0.0,0.0,0.0,0.0,0.0,0.0,0.0,0.0
1995,SH061995,NONAME,Mauritius,MUS,Flacq,MUS.3_1,1994-12-30 12:00,1994-12-30 12:00,1995-01-06 12:00,1995-01-06 12:00,OFCL,OFCL,125411.0,148203.0,42757.68,46284.49,"{0: 102911, 1: 22500}","{0: 129478, 1: 18725}",102911.0,129478.0,22500.0,18725.0,0.0,0.0,0.0,0.0,0.0,0.0,0.0,0.0
1995,SH061995,NONAME,Mauritius,MUS,Grand Port,MUS.4_1,1994-12-30 12:00,1994-12-30 12:00,1995-01-06 12:00,1995-01-06 12:00,OFCL,OFCL,66728.0,117962.0,12769.08,10773.58,"{0: 65412, 1: 1316}","{0: 115855, 1: 2107}",65412.0,115855.0,1316.0,2107.0,0.0,0.0,0.0,0.0,0.0,0.0,0.0,0.0
1995,SH061995,NONAME,Mauritius,MUS,Moka,MUS.5_1,1994-12-30 12:00,1994-12-30 12:00,1995-01-06 12:00,1995-01-06 12:00,OFCL,OFCL,70904.0,140968.0,17857.53,15689.96,"{0: 69701, 1: 1203}","{0: 136269, 1: 4699}",69701.0,136269.0,1203.0,4699.0,0.0,0.0,0.0,0.0,0.0,0.0,0.0,0.0
1995,SH061995,NONAME,Mauritius,MUS,Pamplemousses,MUS.6_1,1994-12-30 12:00,1994-12-30 12:00,1995-01-06 12:00,1995-01-06 12:00,OFCL,OFCL,123646.0,165109.0,26641.14,18954.45,"{0: 118799, 1: 4847}","{0: 160549, 1: 4560}",118799.0,160549.0,4847.0,4560.0,0.0,0.0,0.0,0.0,0.0,0.0,0.0,0.0
1995,SH061995,NONAME,Mauritius,MUS,Plaines Wilhems,MUS.7_1,1994-12-30 12:00,1994-12-30 12:00,1995-01-06 12:00,1995-01-06 12:00,OFCL,OFCL,93486.0,229813.0,7271.11,1200.35,{0: 93486},"{0: 223424, 1: 6389}",93486.0,223424.0,0.0,6389.0,0.0,0.0,0.0,0.0,0.0,0.0,0.0,0.0
1995,SH061995,NONAME,Mauritius,MUS,Port Louis,MUS.8_1,1994-12-30 12:00,1994-12-30 12:00,1995-01-06 12:00,1995-01-06 12:00,OFCL,OFCL,10769.0,91675.0,1119.83,410.15,"{0: 10765, 1: 4}","{0: 89804, 1: 1871}",10765.0,89804.0,4.0,1871.0,0.0,0.0,0.0,0.0,0.0,0.0,0.0,0.0
1995,SH061995,NONAME,Mauritius,MUS,Rivière du Rempart,MUS.9_1,1994-12-30 12:00,,1995-01-06 12:00,,OFCL,,113200.0,,89810.19,,"{0: 48351, 1: 64849}",,48351.0,,64849.0,,0.0,,0.0,,0.0,,0.0,
1995,SH061995,NONAME,Mauritius,MUS,,No Adm1,,1994-12-30 12:00,,1995-01-06 12:00,,OFCL,,307.0,,368.59,,{1: 307},,0.0,,307.0,,0.0,,0.0,,0.0,,0.0
1995,SH061995,NONAME,Reunion,REU,Arrondissement_souse_le_vent,REU,,1994-12-30 12:00,,1995-01-06 12:00,,OFCL,,698.0,,0.0,,{0: 698},,698.0,,0.0,,0.0,,0.0,,0.0,,0.0
1995,SH071995,NONAME,Mauritius,MUS,Riviere Du Rempart,MUS,,1995-01-04 18:00,,1995-01-09 18:00,,OFCL,,90946.0,,819.27,,{0: 90946},,90946.0,,0.0,,0.0,,0.0,,0.0,,0.0
1995,SH071995,NONAME,Mauritius,MUS,Savanne,MUS.12_1,1995-01-04 18:00,1995-01-04 18:00,1995-01-09 18:00,1995-01-09 18:00,OFCL,OFCL,13766.0,46551.0,33.89,239.37,{0: 13766},{0: 46551},13766.0,46551.0,0.0,0.0,0.0,0.0,0.0,0.0,0.0,0.0,0.0,0.0
1995,SH071995,NONAME,Mauritius,MUS,Black River,MUS.2_1,1995-01-04 18:00,1995-01-04 18:00,1995-01-09 18:00,1995-01-09 18:00,OFCL,OFCL,149.0,12012.0,0.05,2.97,{0: 149},{0: 12012},149.0,12012.0,0.0,0.0,0.0,0.0,0.0,0.0,0.0,0.0,0.0,0.0
1995,SH071995,NONAME,Mauritius,MUS,Flacq,MUS.3_1,1995-01-04 18:00,1995-01-04 18:00,1995-01-09 18:00,1995-01-09 18:00,OFCL,OFCL,62466.0,118004.0,2281.48,3438.91,{0: 62466},{0: 118004},62466.0,118004.0,0.0,0.0,0.0,0.0,0.0,0.0,0.0,0.0,0.0,0.0
1995,SH071995,NONAME,Mauritius,MUS,Grand Port,MUS.4_1,1995-01-04 18:00,1995-01-04 18:00,1995-01-09 18:00,1995-01-09 18:00,OFCL,OFCL,39686.0,93916.0,1800.35,2239.56,{0: 39686},{0: 93916},39686.0,93916.0,0.0,0.0,0.0,0.0,0.0,0.0,0.0,0.0,0.0,0.0
1995,SH071995,NONAME,Mauritius,MUS,Moka,MUS.5_1,1995-01-04 18:00,1995-01-04 18:00,1995-01-09 18:00,1995-01-09 18:00,OFCL,OFCL,20568.0,90716.0,23.5,286.41,{0: 20568},{0: 90716},20568.0,90716.0,0.0,0.0,0.0,0.0,0.0,0.0,0.0,0.0,0.0,0.0
1995,SH071995,NONAME,Mauritius,MUS,Pamplemousses,MUS.6_1,1995-01-04 18:00,1995-01-04 18:00,1995-01-09 18:00,1995-01-09 18:00,OFCL,OFCL,1214.0,69664.0,0.6,12.74,{0: 1214},{0: 69664},1214.0,69664.0,0.0,0.0,0.0,0.0,0.0,0.0,0.0,0.0,0.0,0.0
1995,SH071995,NONAME,Mauritius,MUS,Plaines Wilhems,MUS.7_1,1995-01-04 18:00,1995-01-04 18:00,1995-01-09 18:00,1995-01-09 18:00,OFCL,OFCL,11874.0,39734.0,13.87,11.82,{0: 11874},{0: 39734},11874.0,39734.0,0.0,0.0,0.0,0.0,0.0,0.0,0.0,0.0,0.0,0.0
1995,SH071995,NONAME,Mauritius,MUS,Port Louis,MUS.8_1,,1995-01-04 18:00,,1995-01-09 18:00,,OFCL,,4038.0,,0.51,,{0: 4038},,4038.0,,0.0,,0.0,,0.0,,0.0,,0.0
1995,SH071995,NONAME,Mauritius,MUS,Rivière du Rempart,MUS.9_1,1995-01-04 18:00,,1995-01-09 18:00,,OFCL,,30058.0,,771.59,,{0: 30058},,30058.0,,0.0,,0.0,,0.0,,0.0,,0.0,
1995,SH071995,NONAME,Mauritius,MUS,,No Adm1,,1995-01-04 18:00,,1995-01-09 18:00,,OFCL,,307.0,,3.19,,{0: 307},,307.0,,0.0,,0.0,,0.0,,0.0,,0.0
1995,SH081995,NONAME,Mauritius,MUS,Rodriguez,MUS.10_1,1995-01-16 18:00,,1995-01-30 12:00,,OFCL,,44006.0,,5480.65,,{0: 44006},,44006.0,,0.0,,0.0,,0.0,,0.0,,0.0,
1995,SH081995,NONAME,Mauritius,MUS,,No Adm1,,1995-01-16 18:00,,1995-01-30 12:00,,OFCL,,43163.0,,4623.23,,{0: 43163},,43163.0,,0.0,,0.0,,0.0,,0.0,,0.0
1995,SH091995,NONAME,Madagascar,MDG,Toliary,MDG.6_1,1995-01-19 12:00,,1995-01-27 06:00,,OFCL,,68507.0,,40974.24,,{0: 68507},,68507.0,,0.0,,0.0,,0.0,,0.0,,0.0,
1995,SH091995,NONAME,Mozambique,MOZ,Nampula,MOZ.7_1,1995-01-19 12:00,,1995-01-27 06:00,,OFCL,,69.0,,2550.93,,{0: 69},,69.0,,0.0,,0.0,,0.0,,0.0,,0.0,
1995,SH131995,NONAME,Mauritius,MUS,Riviere Du Rempart,MUS,,1995-02-21 18:00,,1995-03-02 00:00,,OFCL,,123738.0,,582808.79,,"{1: 123738, 2: 0}",,0.0,,123738.0,,0.0,,0.0,,0.0,,0.0
1995,SH131995,NONAME,Mauritius,MUS,Savanne,MUS.12_1,1995-02-21 18:00,1995-02-21 18:00,1995-03-02 00:00,1995-03-02 00:00,OFCL,OFCL,70087.0,60507.0,468504.06,773593.74,{1: 70087},{1: 60507},0.0,0.0,70087.0,60507.0,0.0,0.0,0.0,0.0,0.0,0.0,0.0,0.0
1995,SH131995,NONAME,Mauritius,MUS,Black River,MUS.2_1,1995-02-21 18:00,1995-02-21 18:00,1995-03-02 00:00,1995-03-02 00:00,OFCL,OFCL,94560.0,72490.0,215953.48,313927.19,"{0: 66, 1: 94494}",{1: 72490},66.0,0.0,94494.0,72490.0,0.0,0.0,0.0,0.0,0.0,0.0,0.0,0.0
1995,SH131995,NONAME,Mauritius,MUS,Flacq,MUS.3_1,1995-02-21 18:00,1995-02-21 18:00,1995-03-02 00:00,1995-03-02 00:00,OFCL,OFCL,140810.0,148203.0,1115807.25,1512924.35,"{1: 140746, 2: 64}",{1: 148203},0.0,0.0,140746.0,148203.0,64.0,0.0,0.0,0.0,0.0,0.0,0.0,0.0
1995,SH131995,NONAME,Mauritius,MUS,Grand Port,MUS.4_1,1995-02-21 18:00,1995-02-21 18:00,1995-03-02 00:00,1995-03-02 00:00,OFCL,OFCL,113523.0,117962.0,1051382.38,1698118.48,"{1: 112238, 2: 1285}","{1: 116872, 2: 1090}",0.0,0.0,112238.0,116872.0,1285.0,1090.0,0.0,0.0,0.0,0.0,0.0,0.0
1995,SH131995,NONAME,Mauritius,MUS,Moka,MUS.5_1,1995-02-21 18:00,1995-02-21 18:00,1995-03-02 00:00,1995-03-02 00:00,OFCL,OFCL,88800.0,144916.0,460148.58,516401.65,{1: 88800},{1: 144916},0.0,0.0,88800.0,144916.0,0.0,0.0,0.0,0.0,0.0,0.0,0.0,0.0
1995,SH131995,NONAME,Mauritius,MUS,Pamplemousses,MUS.6_1,1995-02-21 18:00,1995-02-21 18:00,1995-03-02 00:00,1995-03-02 00:00,OFCL,OFCL,148742.0,165109.0,509438.9,648622.63,{1: 148742},{1: 165109},0.0,0.0,148742.0,165109.0,0.0,0.0,0.0,0.0,0.0,0.0,0.0,0.0
1995,SH131995,NONAME,Mauritius,MUS,Plaines Wilhems,MUS.7_1,1995-02-21 18:00,1995-02-21 18:00,1995-03-02 00:00,1995-03-02 00:00,OFCL,OFCL,365517.0,294342.0,666850.51,100308.05,"{0: 1207, 1: 364310}","{0: 6593, 1: 287749}",1207.0,6593.0,364310.0,287749.0,0.0,0.0,0.0,0.0,0.0,0.0,0.0,0.0
1995,SH131995,NONAME,Mauritius,MUS,Port Louis,MUS.8_1,1995-02-21 18:00,1995-02-21 18:00,1995-03-02 00:00,1995-03-02 00:00,OFCL,OFCL,111040.0,100326.0,87404.47,20339.28,{1: 111040},{1: 100326},0.0,0.0,111040.0,100326.0,0.0,0.0,0.0,0.0,0.0,0.0,0.0,0.0
1995,SH131995,NONAME,Mauritius,MUS,Rivière du Rempart,MUS.9_1,1995-02-21 18:00,,1995-03-02 00:00,,OFCL,,113200.0,,522934.65,,{1: 113200},,0.0,,113200.0,,0.0,,0.0,,0.0,,0.0,
1995,SH131995,NONAME,Mauritius,MUS,,No Adm1,,1995-02-21 18:00,,1995-03-02 00:00,,OFCL,,307.0,,995.33,,{1: 307},,0.0,,307.0,,0.0,,0.0,,0.0,,0.0
1995,SH131995,NONAME,Reunion,REU,Arrondissement_du_vent,REU,,1995-02-21 18:00,,1995-03-02 00:00,,OFCL,,234.0,,0.0,,{0: 234},,234.0,,0.0,,0.0,,0.0,,0.0,,0.0
1995,SH131995,NONAME,Reunion,REU,Arrondissement_souse_le_vent,REU,,1995-02-21 18:00,,1995-03-02 00:00,,OFCL,,3609.0,,0.1,,{0: 3609},,3609.0,,0.0,,0.0,,0.0,,0.0,,0.0
1995,SH131995,NONAME,Reunion,REU,Saint-Denis,REU.2_1,1995-02-21 18:00,,1995-03-02 00:00,,OFCL,,225.0,,40981.36,,{0: 225},,225.0,,0.0,,0.0,,0.0,,0.0,,0.0,
1995,SH131995,NONAME,Reunion,REU,Saint-Paul,REU.3_1,1995-02-21 18:00,,1995-03-02 00:00,,OFCL,,120.0,,150812.28,,{0: 120},,120.0,,0.0,,0.0,,0.0,,0.0,,0.0,
1995,SH131995,NONAME,Reunion,REU,Saint-Pierre,REU.4_1,1995-02-21 18:00,,1995-03-02 00:00,,OFCL,,23.0,,49392.01,,{0: 23},,23.0,,0.0,,0.0,,0.0,,0.0,,0.0,
1995,SH161995,NONAME,Comoros,COM,Anjouan,COM,,1995-03-04 18:00,,1995-03-12 18:00,,OFCL,,59788.0,,14202.17,,"{0: 23015, 1: 36773}",,23015.0,,36773.0,,0.0,,0.0,,0.0,,0.0
1995,SH161995,NONAME,Comoros,COM,Moheli,COM,,1995-03-04 18:00,,1995-03-12 18:00,,OFCL,,244837.0,,11878.87,,"{0: 61406, 1: 183431}",,61406.0,,183431.0,,0.0,,0.0,,0.0,,0.0
1995,SH161995,NONAME,Comoros,COM,Ngazidja,COM,,1995-03-04 18:00,,1995-03-12 18:00,,OFCL,,287580.0,,7267.73,,"{0: 244256, 1: 43324}",,244256.0,,43324.0,,0.0,,0.0,,0.0,,0.0
1995,SH161995,NONAME,Comoros,COM,Mwali,COM.1_1,1995-03-04 18:00,,1995-03-12 18:00,,OFCL,,67648.0,,278154.92,,"{0: 583, 1: 67065}",,583.0,,67065.0,,0.0,,0.0,,0.0,,0.0,
1995,SH161995,NONAME,Comoros,COM,Njazídja,COM.2_1,1995-03-04 18:00,,1995-03-12 18:00,,OFCL,,461408.0,,941466.86,,"{0: 64537, 1: 396871}",,64537.0,,396871.0,,0.0,,0.0,,0.0,,0.0,
1995,SH161995,NONAME,Comoros,COM,Nzwani,COM.3_1,1995-03-04 18:00,,1995-03-12 18:00,,OFCL,,363755.0,,1544034.04,,"{1: 295483, 2: 68272}",,0.0,,295483.0,,68272.0,,0.0,,0.0,,0.0,
1995,SH161995,NONAME,Madagascar,MDG,Alaotra Mangoro,MDG,,1995-03-04 18:00,,1995-03-12 18:00,,OFCL,,2651.0,,0.04,,{0: 2651},,2651.0,,0.0,,0.0,,0.0,,0.0,,0.0
1995,SH161995,NONAME,Madagascar,MDG,Betsiboka,MDG,,1995-03-04 18:00,,1995-03-12 18:00,,OFCL,,4986.0,,0.02,,{0: 4986},,4986.0,,0.0,,0.0,,0.0,,0.0,,0.0
1995,SH161995,NONAME,Madagascar,MDG,Boeny,MDG,,1995-03-04 18:00,,1995-03-12 18:00,,OFCL,,844493.0,,29948.73,,"{0: 542094, 1: 302399}",,542094.0,,302399.0,,0.0,,0.0,,0.0,,0.0
1995,SH161995,NONAME,Madagascar,MDG,Diana,MDG,,1995-03-04 18:00,,1995-03-12 18:00,,OFCL,,7305.0,,14.84,,{0: 7305},,7305.0,,0.0,,0.0,,0.0,,0.0,,0.0
1995,SH161995,NONAME,Madagascar,MDG,Melaky,MDG,,1995-03-04 18:00,,1995-03-12 18:00,,OFCL,,15194.0,,6.96,,{0: 15194},,15194.0,,0.0,,0.0,,0.0,,0.0,,0.0
1995,SH161995,NONAME,Madagascar,MDG,Sofia,MDG,,1995-03-04 18:00,,1995-03-12 18:00,,OFCL,,551870.0,,2085.79,,"{0: 536285, 1: 15585}",,536285.0,,15585.0,,0.0,,0.0,,0.0,,0.0
1995,SH161995,NONAME,Madagascar,MDG,Antananarivo,MDG.1_1,1995-03-04 18:00,,1995-03-12 18:00,,OFCL,,18821.0,,16.56,,{0: 18821},,18821.0,,0.0,,0.0,,0.0,,0.0,,0.0,
1995,SH161995,NONAME,Madagascar,MDG,Antsiranana,MDG.2_1,1995-03-04 18:00,,1995-03-12 18:00,,OFCL,,215816.0,,2830.58,,"{0: 215024, 1: 792}",,215024.0,,792.0,,0.0,,0.0,,0.0,,0.0,
1995,SH161995,NONAME,Madagascar,MDG,Mahajanga,MDG.4_1,1995-03-04 18:00,,1995-03-12 18:00,,OFCL,,2664251.0,,1046128.93,,"{0: 1670630, 1: 993415, 2: 206}",,1670630.0,,993415.0,,206.0,,0.0,,0.0,,0.0,
1995,SH161995,NONAME,Madagascar,MDG,Toamasina,MDG.5_1,1995-03-04 18:00,,1995-03-12 18:00,,OFCL,,17529.0,,77.84,,{0: 17529},,17529.0,,0.0,,0.0,,0.0,,0.0,,0.0,
1995,SH161995,NONAME,Madagascar,MDG,Toliary,MDG.6_1,1995-03-04 18:00,,1995-03-12 18:00,,OFCL,,186.0,,0.03,,{0: 186},,186.0,,0.0,,0.0,,0.0,,0.0,,0.0,
1995,SH161995,NONAME,Mozambique,MOZ,Cabo Delgado,MOZ.1_1,1995-03-04 18:00,1995-03-04 18:00,1995-03-12 18:00,1995-03-12 18:00,OFCL,OFCL,450335.0,114161.0,11402.47,0.64,{0: 450335},{0: 114161},450335.0,114161.0,0.0,0.0,0.0,0.0,0.0,0.0,0.0,0.0,0.0,0.0
1995,SH161995,NONAME,Mozambique,MOZ,Nampula,MOZ.7_1,1995-03-04 18:00,1995-03-04 18:00,1995-03-12 18:00,1995-03-12 18:00,OFCL,OFCL,706827.0,48116.0,14641.95,0.13,{0: 706827},{0: 48116},706827.0,48116.0,0.0,0.0,0.0,0.0,0.0,0.0,0.0,0.0,0.0,0.0
1995,SH161995,NONAME,Mayotte,MYT,Koungou,MYT.10_1,1995-03-04 18:00,,1995-03-12 18:00,,OFCL,,41150.0,,141009.35,,{1: 41150},,0.0,,41150.0,,0.0,,0.0,,0.0,,0.0,
1995,SH161995,NONAME,Mayotte,MYT,M'tsangamouji,MYT.11_1,1995-03-04 18:00,,1995-03-12 18:00,,OFCL,,7178.0,,33731.46,,{1: 7178},,0.0,,7178.0,,0.0,,0.0,,0.0,,0.0,
1995,SH161995,NONAME,Mayotte,MYT,Mamoudzou,MYT.12_1,1995-03-04 18:00,,1995-03-12 18:00,,OFCL,,68646.0,,26698.96,,"{0: 38233, 1: 30413}",,38233.0,,30413.0,,0.0,,0.0,,0.0,,0.0,
1995,SH161995,NONAME,Mayotte,MYT,Mtsamboro,MYT.13_1,1995-03-04 18:00,,1995-03-12 18:00,,OFCL,,8487.0,,41710.99,,{1: 8487},,0.0,,8487.0,,0.0,,0.0,,0.0,,0.0,
1995,SH161995,NONAME,Mayotte,MYT,Ouangani,MYT.14_1,1995-03-04 18:00,,1995-03-12 18:00,,OFCL,,15883.0,,98839.99,,{1: 15883},,0.0,,15883.0,,0.0,,0.0,,0.0,,0.0,
1995,SH161995,NONAME,Mayotte,MYT,Pamandzi,MYT.15_1,1995-03-04 18:00,,1995-03-12 18:00,,OFCL,,12327.0,,42863.55,,{1: 12327},,0.0,,12327.0,,0.0,,0.0,,0.0,,0.0,
1995,SH161995,NONAME,Mayotte,MYT,Sada,MYT.16_1,1995-03-04 18:00,,1995-03-12 18:00,,OFCL,,12674.0,,128217.08,,{1: 12674},,0.0,,12674.0,,0.0,,0.0,,0.0,,0.0,
1995,SH161995,NONAME,Mayotte,MYT,Tsingoni,MYT.17_1,1995-03-04 18:00,,1995-03-12 18:00,,OFCL,,13243.0,,40830.64,,{1: 13243},,0.0,,13243.0,,0.0,,0.0,,0.0,,0.0,
1995,SH161995,NONAME,Mayotte,MYT,Acoua,MYT.1_1,1995-03-04 18:00,,1995-03-12 18:00,,OFCL,,4802.0,,25408.33,,{1: 4802},,0.0,,4802.0,,0.0,,0.0,,0.0,,0.0,
1995,SH161995,NONAME,Mayotte,MYT,Bandraboua,MYT.2_1,1995-03-04 18:00,,1995-03-12 18:00,,OFCL,,12848.0,,26089.95,,{1: 12848},,0.0,,12848.0,,0.0,,0.0,,0.0,,0.0,
1995,SH161995,NONAME,Mayotte,MYT,Bandrele,MYT.3_1,1995-03-04 18:00,,1995-03-12 18:00,,OFCL,,10462.0,,37182.02,,{1: 10462},,0.0,,10462.0,,0.0,,0.0,,0.0,,0.0,
1995,SH161995,NONAME,Mayotte,MYT,Boueni,MYT.4_1,1995-03-04 18:00,,1995-03-12 18:00,,OFCL,,7614.0,,116116.13,,{1: 7614},,0.0,,7614.0,,0.0,,0.0,,0.0,,0.0,
1995,SH161995,NONAME,Mayotte,MYT,Chiconi,MYT.5_1,1995-03-04 18:00,,1995-03-12 18:00,,OFCL,,8615.0,,92950.66,,{1: 8615},,0.0,,8615.0,,0.0,,0.0,,0.0,,0.0,
1995,SH161995,NONAME,Mayotte,MYT,Chirongui,MYT.6_1,1995-03-04 18:00,,1995-03-12 18:00,,OFCL,,10610.0,,115992.72,,{1: 10610},,0.0,,10610.0,,0.0,,0.0,,0.0,,0.0,
1995,SH161995,NONAME,Mayotte,MYT,Dembeni,MYT.7_1,1995-03-04 18:00,,1995-03-12 18:00,,OFCL,,14271.0,,5328.54,,"{0: 439, 1: 13832}",,439.0,,13832.0,,0.0,,0.0,,0.0,,0.0,
1995,SH161995,NONAME,Mayotte,MYT,Dzaoudzi,MYT.8_1,1995-03-04 18:00,,1995-03-12 18:00,,OFCL,,16147.0,,63601.49,,{1: 16147},,0.0,,16147.0,,0.0,,0.0,,0.0,,0.0,
1995,SH161995,NONAME,Mayotte,MYT,Kani-Keli,MYT.9_1,1995-03-04 18:00,,1995-03-12 18:00,,OFCL,,5443.0,,81411.02,,{1: 5443},,0.0,,5443.0,,0.0,,0.0,,0.0,,0.0,
1995,SH161995,NONAME,Mayotte,MYT,,No Adm1,,1995-03-04 18:00,,1995-03-12 18:00,,OFCL,,256777.0,,1352992.93,,"{0: 29343, 1: 227434}",,29343.0,,227434.0,,0.0,,0.0,,0.0,,0.0
1995,SH171995,NONAME,Mauritius,MUS,Riviere Du Rempart,MUS,,1995-03-04 18:00,,1995-03-15 06:00,,OFCL,,123738.0,,4182350.12,,"{1: 79062, 2: 44676}",,0.0,,79062.0,,44676.0,,0.0,,0.0,,0.0
1995,SH171995,NONAME,Mauritius,MUS,Savanne,MUS.12_1,1995-03-04 18:00,1995-03-04 18:00,1995-03-15 06:00,1995-03-15 06:00,OFCL,OFCL,70087.0,60507.0,616972.89,1131379.52,{1: 70087},{1: 60507},0.0,0.0,70087.0,60507.0,0.0,0.0,0.0,0.0,0.0,0.0,0.0,0.0
1995,SH171995,NONAME,Mauritius,MUS,Black River,MUS.2_1,1995-03-04 18:00,1995-03-04 18:00,1995-03-15 06:00,1995-03-15 06:00,OFCL,OFCL,94560.0,72490.0,3029364.38,3704881.93,"{1: 37099, 2: 57461}","{1: 35726, 2: 36764}",0.0,0.0,37099.0,35726.0,57461.0,36764.0,0.0,0.0,0.0,0.0,0.0,0.0
1995,SH171995,NONAME,Mauritius,MUS,Flacq,MUS.3_1,1995-03-04 18:00,1995-03-04 18:00,1995-03-15 06:00,1995-03-15 06:00,OFCL,OFCL,140810.0,148203.0,1647223.99,2160552.59,{1: 140810},{1: 148203},0.0,0.0,140810.0,148203.0,0.0,0.0,0.0,0.0,0.0,0.0,0.0,0.0
1995,SH171995,NONAME,Mauritius,MUS,Grand Port,MUS.4_1,1995-03-04 18:00,1995-03-04 18:00,1995-03-15 06:00,1995-03-15 06:00,OFCL,OFCL,113523.0,117962.0,2053490.34,1754733.16,{1: 113523},{1: 117962},0.0,0.0,113523.0,117962.0,0.0,0.0,0.0,0.0,0.0,0.0,0.0,0.0
1995,SH171995,NONAME,Mauritius,MUS,Moka,MUS.5_1,1995-03-04 18:00,1995-03-04 18:00,1995-03-15 06:00,1995-03-15 06:00,OFCL,OFCL,88800.0,144916.0,1334432.55,2293344.4,"{1: 88741, 2: 59}","{1: 106674, 2: 38242}",0.0,0.0,88741.0,106674.0,59.0,38242.0,0.0,0.0,0.0,0.0,0.0,0.0
1995,SH171995,NONAME,Mauritius,MUS,Pamplemousses,MUS.6_1,1995-03-04 18:00,1995-03-04 18:00,1995-03-15 06:00,1995-03-15 06:00,OFCL,OFCL,148742.0,165109.0,2910708.23,5166197.17,"{1: 126791, 2: 21951}","{1: 125245, 2: 39864}",0.0,0.0,126791.0,125245.0,21951.0,39864.0,0.0,0.0,0.0,0.0,0.0,0.0
1995,SH171995,NONAME,Mauritius,MUS,Plaines Wilhems,MUS.7_1,1995-03-04 18:00,1995-03-04 18:00,1995-03-15 06:00,1995-03-15 06:00,OFCL,OFCL,365517.0,294342.0,7399481.24,3304528.11,"{1: 170994, 2: 194523}","{1: 89761, 2: 204581}",0.0,0.0,170994.0,89761.0,194523.0,204581.0,0.0,0.0,0.0,0.0,0.0,0.0
1995,SH171995,NONAME,Mauritius,MUS,Port Louis,MUS.8_1,1995-03-04 18:00,1995-03-04 18:00,1995-03-15 06:00,1995-03-15 06:00,OFCL,OFCL,111040.0,100326.0,1510865.62,952546.92,"{1: 104675, 2: 6365}","{1: 53286, 2: 47040}",0.0,0.0,104675.0,53286.0,6365.0,47040.0,0.0,0.0,0.0,0.0,0.0,0.0
1995,SH171995,NONAME,Mauritius,MUS,Rivière du Rempart,MUS.9_1,1995-03-04 18:00,,1995-03-15 06:00,,OFCL,,113200.0,,2870539.24,,"{1: 72776, 2: 40424}",,0.0,,72776.0,,40424.0,,0.0,,0.0,,0.0,
1995,SH171995,NONAME,Mauritius,MUS,,No Adm1,,1995-03-04 18:00,,1995-03-15 06:00,,OFCL,,307.0,,5665.48,,{1: 307},,0.0,,307.0,,0.0,,0.0,,0.0,,0.0
1995,SH171995,NONAME,Reunion,REU,Arrondissement_du_vent,REU,,1995-03-04 18:00,,1995-03-15 06:00,,OFCL,,256754.0,,91692787.49,,"{2: 163075, 3: 93679}",,0.0,,0.0,,163075.0,,93679.0,,0.0,,0.0
1995,SH171995,NONAME,Reunion,REU,Arrondissement_souse_le_vent,REU,,1995-03-04 18:00,,1995-03-15 06:00,,OFCL,,447764.0,,128215589.18,,"{2: 435174, 3: 12590}",,0.0,,0.0,,435174.0,,12590.0,,0.0,,0.0
1995,SH171995,NONAME,Reunion,REU,Saint-Benoît,REU.1_1,1995-03-04 18:00,,1995-03-15 06:00,,OFCL,,140447.0,,93129094.11,,"{2: 30551, 3: 109896}",,0.0,,0.0,,30551.0,,109896.0,,0.0,,0.0,
1995,SH171995,NONAME,Reunion,REU,Saint-Denis,REU.2_1,1995-03-04 18:00,,1995-03-15 06:00,,OFCL,,308269.0,,96158430.48,,"{2: 291982, 3: 16287}",,0.0,,0.0,,291982.0,,16287.0,,0.0,,0.0,
1995,SH171995,NONAME,Reunion,REU,Saint-Paul,REU.3_1,1995-03-04 18:00,,1995-03-15 06:00,,OFCL,,201260.0,,41609059.41,,"{2: 200466, 3: 794}",,0.0,,0.0,,200466.0,,794.0,,0.0,,0.0,
1995,SH171995,NONAME,Reunion,REU,Saint-Pierre,REU.4_1,1995-03-04 18:00,,1995-03-15 06:00,,OFCL,,313164.0,,79813692.23,,"{2: 307746, 3: 5418}",,0.0,,0.0,,307746.0,,5418.0,,0.0,,0.0,
1996,SH061996,NONAME,Madagascar,MDG,Antananarivo,MDG.1_1,1995-12-31 18:00,,1996-01-15 06:00,,OFCL,,7957948.0,,311751253.11,,"{0: 2170, 1: 796172, 2: 2578279, 3: 4430546, 4: 129519, 5: 21262}",,2170.0,,796172.0,,2578279.0,,4430546.0,,129519.0,,21262.0,
1996,SH061996,NONAME,Madagascar,MDG,Antsiranana,MDG.2_1,1995-12-31 18:00,,1996-01-15 06:00,,OFCL,,131003.0,,81366.03,,"{0: 114782, 1: 15949, 2: 272}",,114782.0,,15949.0,,272.0,,0.0,,0.0,,0.0,
1996,SH061996,NONAME,Madagascar,MDG,Fianarantsoa,MDG.3_1,1995-12-31 18:00,,1996-01-15 06:00,,OFCL,,2428450.0,,1205812.06,,"{0: 1730721, 1: 677683, 2: 20046}",,1730721.0,,677683.0,,20046.0,,0.0,,0.0,,0.0,
1996,SH061996,NONAME,Madagascar,MDG,Mahajanga,MDG.4_1,1995-12-31 18:00,,1996-01-15 06:00,,OFCL,,3616280.0,,203783068.46,,"{0: 319023, 1: 873771, 2: 1132389, 3: 1057026, 4: 188179, 5: 45892}",,319023.0,,873771.0,,1132389.0,,1057026.0,,188179.0,,45892.0,
1996,SH061996,NONAME,Madagascar,MDG,Toamasina,MDG.5_1,1995-12-31 18:00,,1996-01-15 06:00,,OFCL,,3672254.0,,1276491556.46,,"{0: 208369, 1: 612814, 2: 383863, 3: 494235, 4: 1029259, 5: 943714}",,208369.0,,612814.0,,383863.0,,494235.0,,1029259.0,,943714.0,
1996,SH061996,NONAME,Madagascar,MDG,Toliary,MDG.6_1,1995-12-31 18:00,,1996-01-15 06:00,,OFCL,,780351.0,,569241.07,,"{0: 578622, 1: 171100, 2: 29685, 3: 944}",,578622.0,,171100.0,,29685.0,,944.0,,0.0,,0.0,
1996,SH061996,NONAME,Mozambique,MOZ,Tete,MOZ.10_1,1995-12-31 18:00,,1996-01-15 06:00,,OFCL,,401468.0,,1466494.93,,"{0: 165959, 1: 133434, 2: 102075}",,165959.0,,133434.0,,102075.0,,0.0,,0.0,,0.0,
1996,SH061996,NONAME,Mozambique,MOZ,Zambezia,MOZ.11_1,1995-12-31 18:00,,1996-01-15 06:00,,OFCL,,5721834.0,,150276044.82,,"{0: 1055049, 1: 1911145, 2: 1210977, 3: 1544663}",,1055049.0,,1911145.0,,1210977.0,,1544663.0,,0.0,,0.0,
1996,SH061996,NONAME,Mozambique,MOZ,Inhambane,MOZ.3_1,1995-12-31 18:00,,1996-01-15 06:00,,OFCL,,45360.0,,218030.17,,{0: 45360},,45360.0,,0.0,,0.0,,0.0,,0.0,,0.0,
1996,SH061996,NONAME,Mozambique,MOZ,Manica,MOZ.4_1,1995-12-31 18:00,,1996-01-15 06:00,,OFCL,,1375556.0,,165345.88,,"{0: 1031842, 1: 343714}",,1031842.0,,343714.0,,0.0,,0.0,,0.0,,0.0,
1996,SH061996,NONAME,Mozambique,MOZ,Nampula,MOZ.7_1,1995-12-31 18:00,,1996-01-15 06:00,,OFCL,,2555444.0,,3232355.74,,"{0: 1347698, 1: 1050296, 2: 157450}",,1347698.0,,1050296.0,,157450.0,,0.0,,0.0,,0.0,
1996,SH061996,NONAME,Mozambique,MOZ,Nassa,MOZ.8_1,1995-12-31 18:00,,1996-01-15 06:00,,OFCL,,309118.0,,1529.87,,{0: 309118},,309118.0,,0.0,,0.0,,0.0,,0.0,,0.0,
1996,SH061996,NONAME,Mozambique,MOZ,Sofala,MOZ.9_1,1995-12-31 18:00,,1996-01-15 06:00,,OFCL,,2345239.0,,16813809.13,,"{0: 216881, 1: 1580144, 2: 408490, 3: 139724}",,216881.0,,1580144.0,,408490.0,,139724.0,,0.0,,0.0,
1996,SH061996,NONAME,Mauritius,MUS,Savanne,MUS.12_1,1995-12-31 18:00,,1996-01-15 06:00,,OFCL,,70087.0,,63837.24,,"{0: 21204, 1: 48883}",,21204.0,,48883.0,,0.0,,0.0,,0.0,,0.0,
1996,SH061996,NONAME,Mauritius,MUS,Black River,MUS.2_1,1995-12-31 18:00,,1996-01-15 06:00,,OFCL,,93912.0,,73619.21,,"{0: 11774, 1: 82138}",,11774.0,,82138.0,,0.0,,0.0,,0.0,,0.0,
1996,SH061996,NONAME,Mauritius,MUS,Flacq,MUS.3_1,1995-12-31 18:00,,1996-01-15 06:00,,OFCL,,140810.0,,1122925.08,,"{0: 21, 1: 140789}",,21.0,,140789.0,,0.0,,0.0,,0.0,,0.0,
1996,SH061996,NONAME,Mauritius,MUS,Grand Port,MUS.4_1,1995-12-31 18:00,,1996-01-15 06:00,,OFCL,,113523.0,,2648844.85,,"{0: 3525, 1: 109998}",,3525.0,,109998.0,,0.0,,0.0,,0.0,,0.0,
1996,SH061996,NONAME,Mauritius,MUS,Moka,MUS.5_1,1995-12-31 18:00,,1996-01-15 06:00,,OFCL,,88800.0,,153361.39,,{1: 88800},,0.0,,88800.0,,0.0,,0.0,,0.0,,0.0,
1996,SH061996,NONAME,Mauritius,MUS,Pamplemousses,MUS.6_1,1995-12-31 18:00,,1996-01-15 06:00,,OFCL,,148742.0,,362784.66,,{1: 148742},,0.0,,148742.0,,0.0,,0.0,,0.0,,0.0,
1996,SH061996,NONAME,Mauritius,MUS,Plaines Wilhems,MUS.7_1,1995-12-31 18:00,,1996-01-15 06:00,,OFCL,,365517.0,,241816.88,,"{0: 22412, 1: 343105}",,22412.0,,343105.0,,0.0,,0.0,,0.0,,0.0,
1996,SH061996,NONAME,Mauritius,MUS,Port Louis,MUS.8_1,1995-12-31 18:00,,1996-01-15 06:00,,OFCL,,111040.0,,55399.68,,{1: 111040},,0.0,,111040.0,,0.0,,0.0,,0.0,,0.0,
1996,SH061996,NONAME,Mauritius,MUS,Rivière du Rempart,MUS.9_1,1995-12-31 18:00,,1996-01-15 06:00,,OFCL,,113200.0,,2437593.27,,{1: 113200},,0.0,,113200.0,,0.0,,0.0,,0.0,,0.0,
1996,SH061996,NONAME,Reunion,REU,Saint-Benoît,REU.1_1,1995-12-31 18:00,,1996-01-15 06:00,,OFCL,,134030.0,,724997.09,,"{0: 54404, 1: 79626}",,54404.0,,79626.0,,0.0,,0.0,,0.0,,0.0,
1996,SH061996,NONAME,Reunion,REU,Saint-Denis,REU.2_1,1995-12-31 18:00,,1996-01-15 06:00,,OFCL,,227908.0,,3714683.75,,"{0: 157881, 1: 70027}",,157881.0,,70027.0,,0.0,,0.0,,0.0,,0.0,
1996,SH061996,NONAME,Reunion,REU,Saint-Paul,REU.3_1,1995-12-31 18:00,,1996-01-15 06:00,,OFCL,,80679.0,,197289.32,,"{0: 79914, 1: 765}",,79914.0,,765.0,,0.0,,0.0,,0.0,,0.0,
1996,SH061996,NONAME,Reunion,REU,Saint-Pierre,REU.4_1,1995-12-31 18:00,,1996-01-15 06:00,,OFCL,,98669.0,,100542.73,,"{0: 97453, 1: 1216}",,97453.0,,1216.0,,0.0,,0.0,,0.0,,0.0,
1996,SH141996,NONAME,Comoros,COM,Anjouan,COM,,1996-02-11 18:00,,1996-02-19 12:00,,OFCL,,61980.0,,1864566.1,,"{1: 21449, 2: 40531}",,0.0,,21449.0,,40531.0,,0.0,,0.0,,0.0
1996,SH141996,NONAME,Comoros,COM,Moheli,COM,,1996-02-11 18:00,,1996-02-19 12:00,,OFCL,,244837.0,,3566652.09,,"{2: 60084, 3: 184753}",,0.0,,0.0,,60084.0,,184753.0,,0.0,,0.0
1996,SH141996,NONAME,Comoros,COM,Ngazidja,COM,,1996-02-11 18:00,,1996-02-19 12:00,,OFCL,,305005.0,,50727750.54,,"{2: 24848, 3: 280157}",,0.0,,0.0,,24848.0,,280157.0,,0.0,,0.0
1996,SH141996,NONAME,Comoros,COM,Mwali,COM.1_1,1996-02-11 18:00,,1996-02-19 12:00,,OFCL,,67648.0,,4567953.32,,"{2: 53253, 3: 14395}",,0.0,,0.0,,53253.0,,14395.0,,0.0,,0.0,
1996,SH141996,NONAME,Comoros,COM,Njazídja,COM.2_1,1996-02-11 18:00,,1996-02-19 12:00,,OFCL,,461408.0,,224547453.26,,"{3: 318711, 4: 142697}",,0.0,,0.0,,0.0,,318711.0,,142697.0,,0.0,
1996,SH141996,NONAME,Comoros,COM,Nzwani,COM.3_1,1996-02-11 18:00,,1996-02-19 12:00,,OFCL,,363755.0,,91948939.54,,"{3: 354816, 4: 8939}",,0.0,,0.0,,0.0,,354816.0,,8939.0,,0.0,
1996,SH141996,NONAME,Madagascar,MDG,Analamanga,MDG,,1996-02-11 18:00,,1996-02-19 12:00,,OFCL,,112388.0,,275.93,,"{0: 112330, 1: 58}",,112330.0,,58.0,,0.0,,0.0,,0.0,,0.0
1996,SH141996,NONAME,Madagascar,MDG,Betsiboka,MDG,,1996-02-11 18:00,,1996-02-19 12:00,,OFCL,,153887.0,,2710.59,,"{0: 146185, 1: 7702}",,146185.0,,7702.0,,0.0,,0.0,,0.0,,0.0
1996,SH141996,NONAME,Madagascar,MDG,Boeny,MDG,,1996-02-11 18:00,,1996-02-19 12:00,,OFCL,,883336.0,,241057.21,,"{0: 568122, 1: 314937, 2: 277}",,568122.0,,314937.0,,277.0,,0.0,,0.0,,0.0
1996,SH141996,NONAME,Madagascar,MDG,Bongolava,MDG,,1996-02-11 18:00,,1996-02-19 12:00,,OFCL,,387335.0,,2259.22,,"{0: 382861, 1: 4474}",,382861.0,,4474.0,,0.0,,0.0,,0.0,,0.0
1996,SH141996,NONAME,Madagascar,MDG,Diana,MDG,,1996-02-11 18:00,,1996-02-19 12:00,,OFCL,,74.0,,7.29,,{0: 74},,74.0,,0.0,,0.0,,0.0,,0.0,,0.0
1996,SH141996,NONAME,Madagascar,MDG,Itasy,MDG,,1996-02-11 18:00,,1996-02-19 12:00,,OFCL,,112069.0,,17.51,,{0: 112069},,112069.0,,0.0,,0.0,,0.0,,0.0,,0.0
1996,SH141996,NONAME,Madagascar,MDG,Melaky,MDG,,1996-02-11 18:00,,1996-02-19 12:00,,OFCL,,95578.0,,20975.65,,"{0: 58011, 1: 37567}",,58011.0,,37567.0,,0.0,,0.0,,0.0,,0.0
1996,SH141996,NONAME,Madagascar,MDG,Menabe,MDG,,1996-02-11 18:00,,1996-02-19 12:00,,OFCL,,3599.0,,10.06,,{0: 3599},,3599.0,,0.0,,0.0,,0.0,,0.0,,0.0
1996,SH141996,NONAME,Madagascar,MDG,Sofia,MDG,,1996-02-11 18:00,,1996-02-19 12:00,,OFCL,,7008.0,,292.36,,{0: 7008},,7008.0,,0.0,,0.0,,0.0,,0.0,,0.0
1996,SH141996,NONAME,Madagascar,MDG,Vakinakaratra,MDG,,1996-02-11 18:00,,1996-02-19 12:00,,OFCL,,422.0,,0.0,,{0: 422},,422.0,,0.0,,0.0,,0.0,,0.0,,0.0
1996,SH141996,NONAME,Madagascar,MDG,Antananarivo,MDG.1_1,1996-02-11 18:00,,1996-02-19 12:00,,OFCL,,2239653.0,,205383.79,,"{0: 1942755, 1: 296898}",,1942755.0,,296898.0,,0.0,,0.0,,0.0,,0.0,
1996,SH141996,NONAME,Madagascar,MDG,Antsiranana,MDG.2_1,1996-02-11 18:00,,1996-02-19 12:00,,OFCL,,4150.0,,90753.64,,{0: 4150},,4150.0,,0.0,,0.0,,0.0,,0.0,,0.0,
1996,SH141996,NONAME,Madagascar,MDG,Mahajanga,MDG.4_1,1996-02-11 18:00,,1996-02-19 12:00,,OFCL,,2185343.0,,2495159.14,,"{0: 922385, 1: 1163226, 2: 99732}",,922385.0,,1163226.0,,99732.0,,0.0,,0.0,,0.0,
1996,SH141996,NONAME,Madagascar,MDG,Toamasina,MDG.5_1,1996-02-11 18:00,,1996-02-19 12:00,,OFCL,,5700.0,,12.8,,{0: 5700},,5700.0,,0.0,,0.0,,0.0,,0.0,,0.0,
1996,SH141996,NONAME,Madagascar,MDG,Toliary,MDG.6_1,1996-02-11 18:00,,1996-02-19 12:00,,OFCL,,26872.0,,733.32,,"{0: 25594, 1: 1278}",,25594.0,,1278.0,,0.0,,0.0,,0.0,,0.0,
1996,SH141996,NONAME,Mozambique,MOZ,Cabo Delgado,MOZ.1_1,1996-02-11 18:00,1996-02-11 18:00,1996-02-19 12:00,1996-02-19 12:00,OFCL,OFCL,405565.0,81577.0,48779.86,108.0,"{0: 349729, 1: 55836}","{0: 80862, 1: 715}",349729.0,80862.0,55836.0,715.0,0.0,0.0,0.0,0.0,0.0,0.0,0.0,0.0
1996,SH141996,NONAME,Mozambique,MOZ,Nampula,MOZ.7_1,1996-02-11 18:00,,1996-02-19 12:00,,OFCL,,17645.0,,124.04,,{0: 17645},,17645.0,,0.0,,0.0,,0.0,,0.0,,0.0,
1996,SH141996,NONAME,Mayotte,MYT,Koungou,MYT.10_1,1996-02-11 18:00,,1996-02-19 12:00,,OFCL,,41150.0,,549612.77,,{1: 41150},,0.0,,41150.0,,0.0,,0.0,,0.0,,0.0,
1996,SH141996,NONAME,Mayotte,MYT,M'tsangamouji,MYT.11_1,1996-02-11 18:00,,1996-02-19 12:00,,OFCL,,7178.0,,29877.59,,{1: 7178},,0.0,,7178.0,,0.0,,0.0,,0.0,,0.0,
1996,SH141996,NONAME,Mayotte,MYT,Mamoudzou,MYT.12_1,1996-02-11 18:00,,1996-02-19 12:00,,OFCL,,68646.0,,199156.47,,{1: 68646},,0.0,,68646.0,,0.0,,0.0,,0.0,,0.0,
1996,SH141996,NONAME,Mayotte,MYT,Mtsamboro,MYT.13_1,1996-02-11 18:00,,1996-02-19 12:00,,OFCL,,8487.0,,131588.75,,{1: 8487},,0.0,,8487.0,,0.0,,0.0,,0.0,,0.0,
1996,SH141996,NONAME,Mayotte,MYT,Ouangani,MYT.14_1,1996-02-11 18:00,,1996-02-19 12:00,,OFCL,,15883.0,,12482.95,,{1: 15883},,0.0,,15883.0,,0.0,,0.0,,0.0,,0.0,
1996,SH141996,NONAME,Mayotte,MYT,Pamandzi,MYT.15_1,1996-02-11 18:00,,1996-02-19 12:00,,OFCL,,12327.0,,60183.64,,{1: 12327},,0.0,,12327.0,,0.0,,0.0,,0.0,,0.0,
1996,SH141996,NONAME,Mayotte,MYT,Sada,MYT.16_1,1996-02-11 18:00,,1996-02-19 12:00,,OFCL,,12674.0,,139268.28,,{1: 12674},,0.0,,12674.0,,0.0,,0.0,,0.0,,0.0,
1996,SH141996,NONAME,Mayotte,MYT,Tsingoni,MYT.17_1,1996-02-11 18:00,,1996-02-19 12:00,,OFCL,,13243.0,,33849.13,,{1: 13243},,0.0,,13243.0,,0.0,,0.0,,0.0,,0.0,
1996,SH141996,NONAME,Mayotte,MYT,Acoua,MYT.1_1,1996-02-11 18:00,,1996-02-19 12:00,,OFCL,,4802.0,,63435.28,,{1: 4802},,0.0,,4802.0,,0.0,,0.0,,0.0,,0.0,
1996,SH141996,NONAME,Mayotte,MYT,Bandraboua,MYT.2_1,1996-02-11 18:00,,1996-02-19 12:00,,OFCL,,12848.0,,162885.27,,{1: 12848},,0.0,,12848.0,,0.0,,0.0,,0.0,,0.0,
1996,SH141996,NONAME,Mayotte,MYT,Bandrele,MYT.3_1,1996-02-11 18:00,,1996-02-19 12:00,,OFCL,,10462.0,,32773.94,,{1: 10462},,0.0,,10462.0,,0.0,,0.0,,0.0,,0.0,
1996,SH141996,NONAME,Mayotte,MYT,Boueni,MYT.4_1,1996-02-11 18:00,,1996-02-19 12:00,,OFCL,,7614.0,,143108.29,,{1: 7614},,0.0,,7614.0,,0.0,,0.0,,0.0,,0.0,
1996,SH141996,NONAME,Mayotte,MYT,Chiconi,MYT.5_1,1996-02-11 18:00,,1996-02-19 12:00,,OFCL,,8615.0,,34487.65,,{1: 8615},,0.0,,8615.0,,0.0,,0.0,,0.0,,0.0,
1996,SH141996,NONAME,Mayotte,MYT,Chirongui,MYT.6_1,1996-02-11 18:00,,1996-02-19 12:00,,OFCL,,10610.0,,26526.27,,{1: 10610},,0.0,,10610.0,,0.0,,0.0,,0.0,,0.0,
1996,SH141996,NONAME,Mayotte,MYT,Dembeni,MYT.7_1,1996-02-11 18:00,,1996-02-19 12:00,,OFCL,,14271.0,,10064.37,,{1: 14271},,0.0,,14271.0,,0.0,,0.0,,0.0,,0.0,
1996,SH141996,NONAME,Mayotte,MYT,Dzaoudzi,MYT.8_1,1996-02-11 18:00,,1996-02-19 12:00,,OFCL,,16147.0,,715534.76,,{1: 16147},,0.0,,16147.0,,0.0,,0.0,,0.0,,0.0,
1996,SH141996,NONAME,Mayotte,MYT,Kani-Keli,MYT.9_1,1996-02-11 18:00,,1996-02-19 12:00,,OFCL,,5443.0,,55393.39,,{1: 5443},,0.0,,5443.0,,0.0,,0.0,,0.0,,0.0,
1996,SH141996,NONAME,Mayotte,MYT,,No Adm1,,1996-02-11 18:00,,1996-02-19 12:00,,OFCL,,256777.0,,2251190.52,,"{0: 1204, 1: 255573}",,1204.0,,255573.0,,0.0,,0.0,,0.0,,0.0
1996,SH141996,NONAME,Seychelles,SYC,Aldabra,SYC,,1996-02-11 18:00,,1996-02-19 12:00,,OFCL,,14.0,,8.7,,{0: 14},,14.0,,0.0,,0.0,,0.0,,0.0,,0.0
1996,SH141996,NONAME,Seychelles,SYC,Assumption,SYC,,1996-02-11 18:00,,1996-02-19 12:00,,OFCL,,19.0,,8.61,,{0: 19},,19.0,,0.0,,0.0,,0.0,,0.0,,0.0
1996,SH141996,NONAME,Seychelles,SYC,Astove,SYC,,1996-02-11 18:00,,1996-02-19 12:00,,OFCL,,2.0,,1.87,,{0: 2},,2.0,,0.0,,0.0,,0.0,,0.0,,0.0
1996,SH141996,NONAME,Seychelles,SYC,Cosmoledo,SYC,,1996-02-11 18:00,,1996-02-19 12:00,,OFCL,,1.0,,1.67,,{0: 1},,1.0,,0.0,,0.0,,0.0,,0.0,,0.0
1996,SH141996,NONAME,Seychelles,SYC,Farquhar,SYC,,1996-02-11 18:00,,1996-02-19 12:00,,OFCL,,0.0,,0.05,,{0: 0},,0.0,,0.0,,0.0,,0.0,,0.0,,0.0
1996,SH141996,NONAME,Seychelles,SYC,Outer Islands,SYC.20_1,1996-02-11 18:00,,1996-02-19 12:00,,OFCL,,135.0,,12.84,,{0: 135},,135.0,,0.0,,0.0,,0.0,,0.0,,0.0,
1996,SH141996,NONAME,Tanzania,TZA,Lindi,TZA.10_1,1996-02-11 18:00,,1996-02-19 12:00,,OFCL,,5736.0,,1.54,,{0: 5736},,5736.0,,0.0,,0.0,,0.0,,0.0,,0.0,
1996,SH141996,NONAME,Tanzania,TZA,Mtwara,TZA.15_1,1996-02-11 18:00,1996-02-11 18:00,1996-02-19 12:00,1996-02-19 12:00,OFCL,OFCL,226419.0,118501.0,7646.05,28.83,"{0: 215682, 1: 10737}",{0: 118501},215682.0,118501.0,10737.0,0.0,0.0,0.0,0.0,0.0,0.0,0.0,0.0,0.0
1996,SH161996,NONAME,Madagascar,MDG,Alaotra Mangoro,MDG,,1996-02-18 00:00,,1996-02-29 18:00,,OFCL,,864751.0,,2455487.58,,"{0: 549521, 1: 255534, 2: 52917, 3: 6779}",,549521.0,,255534.0,,52917.0,,6779.0,,0.0,,0.0
1996,SH161996,NONAME,Madagascar,MDG,Amoron'i Mania,MDG,,1996-02-18 00:00,,1996-02-29 18:00,,OFCL,,667942.0,,109523602.12,,"{0: 1006, 1: 66570, 2: 256833, 3: 342198, 4: 1335}",,1006.0,,66570.0,,256833.0,,342198.0,,1335.0,,0.0
1996,SH161996,NONAME,Madagascar,MDG,Analamanga,MDG,,1996-02-18 00:00,,1996-02-29 18:00,,OFCL,,4666808.0,,9029660.75,,"{0: 203274, 1: 3949583, 2: 498079, 3: 15872}",,203274.0,,3949583.0,,498079.0,,15872.0,,0.0,,0.0
1996,SH161996,NONAME,Madagascar,MDG,Analanjirofo,MDG,,1996-02-18 00:00,,1996-02-29 18:00,,OFCL,,104901.0,,145.87,,"{0: 104807, 1: 94}",,104807.0,,94.0,,0.0,,0.0,,0.0,,0.0
1996,SH161996,NONAME,Madagascar,MDG,Androy,MDG,,1996-02-18 00:00,,1996-02-29 18:00,,OFCL,,2330.0,,0.27,,{0: 2330},,2330.0,,0.0,,0.0,,0.0,,0.0,,0.0
1996,SH161996,NONAME,Madagascar,MDG,Anosy,MDG,,1996-02-18 00:00,,1996-02-29 18:00,,OFCL,,167022.0,,2897.85,,"{0: 148920, 1: 18102}",,148920.0,,18102.0,,0.0,,0.0,,0.0,,0.0
1996,SH161996,NONAME,Madagascar,MDG,Atsimo Andrefana,MDG,,1996-02-18 00:00,,1996-02-29 18:00,,OFCL,,54193.0,,1156.09,,"{0: 53414, 1: 779}",,53414.0,,779.0,,0.0,,0.0,,0.0,,0.0
1996,SH161996,NONAME,Madagascar,MDG,Atsimo Atsinanana,MDG,,1996-02-18 00:00,,1996-02-29 18:00,,OFCL,,1194041.0,,673069.62,,"{0: 396689, 1: 777562, 2: 19790}",,396689.0,,777562.0,,19790.0,,0.0,,0.0,,0.0
1996,SH161996,NONAME,Madagascar,MDG,Atsinanana,MDG,,1996-02-18 00:00,,1996-02-29 18:00,,OFCL,,816548.0,,63390253.88,,"{0: 222994, 1: 104606, 2: 194477, 3: 294471}",,222994.0,,104606.0,,194477.0,,294471.0,,0.0,,0.0
1996,SH161996,NONAME,Madagascar,MDG,Betsiboka,MDG,,1996-02-18 00:00,,1996-02-29 18:00,,OFCL,,61117.0,,174.24,,"{0: 60837, 1: 280}",,60837.0,,280.0,,0.0,,0.0,,0.0,,0.0
1996,SH161996,NONAME,Madagascar,MDG,Bongolava,MDG,,1996-02-18 00:00,,1996-02-29 18:00,,OFCL,,565928.0,,32093.21,,"{0: 333176, 1: 232752}",,333176.0,,232752.0,,0.0,,0.0,,0.0,,0.0
1996,SH161996,NONAME,Madagascar,MDG,Haute Matsiatra,MDG,,1996-02-18 00:00,,1996-02-29 18:00,,OFCL,,1150834.0,,75146703.36,,"{0: 1121, 1: 184648, 2: 528563, 3: 436502}",,1121.0,,184648.0,,528563.0,,436502.0,,0.0,,0.0
1996,SH161996,NONAME,Madagascar,MDG,Ihorombe,MDG,,1996-02-18 00:00,,1996-02-29 18:00,,OFCL,,457183.0,,147344.38,,"{0: 141174, 1: 313566, 2: 2443}",,141174.0,,313566.0,,2443.0,,0.0,,0.0,,0.0
1996,SH161996,NONAME,Madagascar,MDG,Itasy,MDG,,1996-02-18 00:00,,1996-02-29 18:00,,OFCL,,736723.0,,2010786.77,,"{0: 39632, 1: 600399, 2: 96692}",,39632.0,,600399.0,,96692.0,,0.0,,0.0,,0.0
1996,SH161996,NONAME,Madagascar,MDG,Melaky,MDG,,1996-02-18 00:00,,1996-02-29 18:00,,OFCL,,4044.0,,0.31,,{0: 4044},,4044.0,,0.0,,0.0,,0.0,,0.0,,0.0
1996,SH161996,NONAME,Madagascar,MDG,Menabe,MDG,,1996-02-18 00:00,,1996-02-29 18:00,,OFCL,,264513.0,,2610.82,,"{0: 250612, 1: 13901}",,250612.0,,13901.0,,0.0,,0.0,,0.0,,0.0
1996,SH161996,NONAME,Madagascar,MDG,Vakinakaratra,MDG,,1996-02-18 00:00,,1996-02-29 18:00,,OFCL,,1831660.0,,70278443.23,,"{0: 14802, 1: 588839, 2: 968898, 3: 259121}",,14802.0,,588839.0,,968898.0,,259121.0,,0.0,,0.0
1996,SH161996,NONAME,Madagascar,MDG,Vatovavy Fitovinany,MDG,,1996-02-18 00:00,,1996-02-29 18:00,,OFCL,,1844273.0,,227352623.93,,"{1: 49603, 2: 754486, 3: 1038661, 4: 1523}",,0.0,,49603.0,,754486.0,,1038661.0,,1523.0,,0.0
1996,SH161996,NONAME,Madagascar,MDG,Antananarivo,MDG.1_1,1996-02-18 00:00,,1996-02-29 18:00,,OFCL,,7956699.0,,130979031.15,,"{0: 168989, 1: 1434062, 2: 5238505, 3: 1082398, 4: 32745}",,168989.0,,1434062.0,,5238505.0,,1082398.0,,32745.0,,0.0,
1996,SH161996,NONAME,Madagascar,MDG,Fianarantsoa,MDG.3_1,1996-02-18 00:00,,1996-02-29 18:00,,OFCL,,5774687.0,,452441789.75,,"{0: 194805, 1: 1281117, 2: 1377043, 3: 2025843, 4: 895879}",,194805.0,,1281117.0,,1377043.0,,2025843.0,,895879.0,,0.0,
1996,SH161996,NONAME,Madagascar,MDG,Mahajanga,MDG.4_1,1996-02-18 00:00,,1996-02-29 18:00,,OFCL,,263750.0,,17811.59,,"{0: 241204, 1: 22546}",,241204.0,,22546.0,,0.0,,0.0,,0.0,,0.0,
1996,SH161996,NONAME,Madagascar,MDG,Toamasina,MDG.5_1,1996-02-18 00:00,,1996-02-29 18:00,,OFCL,,2324202.0,,61622424.44,,"{0: 835704, 1: 765344, 2: 239876, 3: 409165, 4: 74113}",,835704.0,,765344.0,,239876.0,,409165.0,,74113.0,,0.0,
1996,SH161996,NONAME,Madagascar,MDG,Toliary,MDG.6_1,1996-02-18 00:00,,1996-02-29 18:00,,OFCL,,1605970.0,,252029.35,,"{0: 1271373, 1: 334469, 2: 128}",,1271373.0,,334469.0,,128.0,,0.0,,0.0,,0.0,
1996,SH161996,NONAME,Mauritius,MUS,Riviere Du Rempart,MUS,,1996-02-18 00:00,,1996-02-29 18:00,,OFCL,,5686.0,,1.36,,{0: 5686},,5686.0,,0.0,,0.0,,0.0,,0.0,,0.0
1996,SH161996,NONAME,Mauritius,MUS,,No Adm1,,1996-02-18 00:00,,1996-02-29 18:00,,OFCL,,307.0,,0.01,,{0: 307},,307.0,,0.0,,0.0,,0.0,,0.0,,0.0
1996,SH161996,NONAME,Reunion,REU,Arrondissement_du_vent,REU,,1996-02-18 00:00,,1996-02-29 18:00,,OFCL,,17983.0,,1.49,,{0: 17983},,17983.0,,0.0,,0.0,,0.0,,0.0,,0.0
1996,SH161996,NONAME,Reunion,REU,Arrondissement_souse_le_vent,REU,,1996-02-18 00:00,,1996-02-29 18:00,,OFCL,,8305.0,,2.57,,{0: 8305},,8305.0,,0.0,,0.0,,0.0,,0.0,,0.0
1996,SH161996,NONAME,Reunion,REU,Saint-Benoît,REU.1_1,1996-02-18 00:00,,1996-02-29 18:00,,OFCL,,77.0,,9.04,,{0: 77},,77.0,,0.0,,0.0,,0.0,,0.0,,0.0,
1996,SH161996,NONAME,Reunion,REU,Saint-Denis,REU.2_1,1996-02-18 00:00,,1996-02-29 18:00,,OFCL,,135.0,,12759.62,,{0: 135},,135.0,,0.0,,0.0,,0.0,,0.0,,0.0,
1996,SH161996,NONAME,Reunion,REU,Saint-Paul,REU.3_1,1996-02-18 00:00,,1996-02-29 18:00,,OFCL,,288.0,,21.01,,{0: 288},,288.0,,0.0,,0.0,,0.0,,0.0,,0.0,
1996,SH161996,NONAME,Reunion,REU,Saint-Pierre,REU.4_1,1996-02-18 00:00,,1996-02-29 18:00,,OFCL,,96.0,,3.85,,{0: 96},,96.0,,0.0,,0.0,,0.0,,0.0,,0.0,
1996,SH171996,NONAME,Mauritius,MUS,Riviere Du Rempart,MUS,,1996-02-26 00:00,,1996-03-04 12:00,,OFCL,,0.0,,0.0,,{0: 0},,0.0,,0.0,,0.0,,0.0,,0.0,,0.0
1996,SH171996,NONAME,Mauritius,MUS,Rodriguez,MUS.10_1,1996-02-26 00:00,,1996-03-04 12:00,,OFCL,,44652.0,,33262666.34,,{3: 44652},,0.0,,0.0,,0.0,,44652.0,,0.0,,0.0,
1996,SH171996,NONAME,Mauritius,MUS,Savanne,MUS.12_1,1996-02-26 00:00,1996-02-26 00:00,1996-03-04 12:00,1996-03-04 12:00,OFCL,OFCL,6399.0,44857.0,4.35,122.41,{0: 6399},{0: 44857},6399.0,44857.0,0.0,0.0,0.0,0.0,0.0,0.0,0.0,0.0,0.0,0.0
1996,SH171996,NONAME,Mauritius,MUS,Black River,MUS.2_1,,1996-02-26 00:00,,1996-03-04 12:00,,OFCL,,20169.0,,3.18,,{0: 20169},,20169.0,,0.0,,0.0,,0.0,,0.0,,0.0
1996,SH171996,NONAME,Mauritius,MUS,Flacq,MUS.3_1,1996-02-26 00:00,1996-02-26 00:00,1996-03-04 12:00,1996-03-04 12:00,OFCL,OFCL,2967.0,5696.0,214227.29,0.46,{0: 2967},{0: 5696},2967.0,5696.0,0.0,0.0,0.0,0.0,0.0,0.0,0.0,0.0,0.0,0.0
1996,SH171996,NONAME,Mauritius,MUS,Grand Port,MUS.4_1,1996-02-26 00:00,1996-02-26 00:00,1996-03-04 12:00,1996-03-04 12:00,OFCL,OFCL,13291.0,36781.0,681175.39,34.94,{0: 13291},{0: 36781},13291.0,36781.0,0.0,0.0,0.0,0.0,0.0,0.0,0.0,0.0,0.0,0.0
1996,SH171996,NONAME,Mauritius,MUS,Moka,MUS.5_1,,1996-02-26 00:00,,1996-03-04 12:00,,OFCL,,32310.0,,1.39,,{0: 32310},,32310.0,,0.0,,0.0,,0.0,,0.0,,0.0
1996,SH171996,NONAME,Mauritius,MUS,Pamplemousses,MUS.6_1,,1996-02-26 00:00,,1996-03-04 12:00,,OFCL,,117.0,,0.0,,{0: 117},,117.0,,0.0,,0.0,,0.0,,0.0,,0.0
1996,SH171996,NONAME,Mauritius,MUS,Plaines Wilhems,MUS.7_1,,1996-02-26 00:00,,1996-03-04 12:00,,OFCL,,7896.0,,0.0,,{0: 7896},,7896.0,,0.0,,0.0,,0.0,,0.0,,0.0
1996,SH171996,NONAME,Mauritius,MUS,Rivière du Rempart,MUS.9_1,1996-02-26 00:00,,1996-03-04 12:00,,OFCL,,4613.0,,266131.53,,{0: 4613},,4613.0,,0.0,,0.0,,0.0,,0.0,,0.0,
1996,SH171996,NONAME,Mauritius,MUS,,No Adm1,,1996-02-26 00:00,,1996-03-04 12:00,,OFCL,,43525.0,,164454412.07,,{3: 43525},,0.0,,0.0,,0.0,,43525.0,,0.0,,0.0
1996,SH171996,NONAME,Reunion,REU,Saint-Pierre,REU.4_1,1996-02-26 00:00,,1996-03-04 12:00,,OFCL,,23.0,,34926.89,,{0: 23},,23.0,,0.0,,0.0,,0.0,,0.0,,0.0,
1996,SH241996,NONAME,Mauritius,MUS,Rodriguez,MUS.10_1,1996-04-02 00:00,,1996-04-11 06:00,,OFCL,,44652.0,,57392211.72,,"{3: 42418, 4: 2234}",,0.0,,0.0,,0.0,,42418.0,,2234.0,,0.0,
1996,SH241996,NONAME,Mauritius,MUS,Savanne,MUS.12_1,1996-04-02 00:00,1996-04-02 00:00,1996-04-11 06:00,1996-04-11 06:00,OFCL,OFCL,643.0,44832.0,0.02,119.39,{0: 643},{0: 44832},643.0,44832.0,0.0,0.0,0.0,0.0,0.0,0.0,0.0,0.0,0.0,0.0
1996,SH241996,NONAME,Mauritius,MUS,Black River,MUS.2_1,,1996-04-02 00:00,,1996-04-11 06:00,,OFCL,,2653.0,,1.01,,{0: 2653},,2653.0,,0.0,,0.0,,0.0,,0.0,,0.0
1996,SH241996,NONAME,Mauritius,MUS,Grand Port,MUS.4_1,,1996-04-02 00:00,,1996-04-11 06:00,,OFCL,,25133.0,,22.69,,{0: 25133},,25133.0,,0.0,,0.0,,0.0,,0.0,,0.0
1996,SH241996,NONAME,Mauritius,MUS,Plaines Wilhems,MUS.7_1,,1996-04-02 00:00,,1996-04-11 06:00,,OFCL,,52.0,,0.0,,{0: 52},,52.0,,0.0,,0.0,,0.0,,0.0,,0.0
1996,SH241996,NONAME,Mauritius,MUS,,No Adm1,,1996-04-02 00:00,,1996-04-11 06:00,,OFCL,,43525.0,,330433365.69,,"{3: 39176, 4: 4349}",,0.0,,0.0,,0.0,,39176.0,,4349.0,,0.0
1996,SH241996,NONAME,Reunion,REU,Arrondissement_du_vent,REU,,1996-04-02 00:00,,1996-04-11 06:00,,OFCL,,4057.0,,0.5,,{0: 4057},,4057.0,,0.0,,0.0,,0.0,,0.0,,0.0
1996,SH241996,NONAME,Reunion,REU,Arrondissement_souse_le_vent,REU,,1996-04-02 00:00,,1996-04-11 06:00,,OFCL,,50496.0,,23.05,,{0: 50496},,50496.0,,0.0,,0.0,,0.0,,0.0,,0.0
1996,SH241996,NONAME,Reunion,REU,Saint-Benoît,REU.1_1,1996-04-02 00:00,,1996-04-11 06:00,,OFCL,,83.0,,47.24,,{0: 83},,83.0,,0.0,,0.0,,0.0,,0.0,,0.0,
1996,SH241996,NONAME,Reunion,REU,Saint-Paul,REU.3_1,1996-04-02 00:00,,1996-04-11 06:00,,OFCL,,99.0,,0.72,,{0: 99},,99.0,,0.0,,0.0,,0.0,,0.0,,0.0,
1996,SH241996,NONAME,Reunion,REU,Saint-Pierre,REU.4_1,1996-04-02 00:00,,1996-04-11 06:00,,OFCL,,2129.0,,29.75,,{0: 2129},,2129.0,,0.0,,0.0,,0.0,,0.0,,0.0,
1996,SH261996,NONAME,Mauritius,MUS,Riviere Du Rempart,MUS,,1996-04-06 12:00,,1996-04-18 12:00,,OFCL,,93904.0,,972.37,,{0: 93904},,93904.0,,0.0,,0.0,,0.0,,0.0,,0.0
1996,SH261996,NONAME,Mauritius,MUS,Rodriguez,MUS.10_1,1996-04-06 12:00,,1996-04-18 12:00,,OFCL,,93.0,,10880.92,,{0: 93},,93.0,,0.0,,0.0,,0.0,,0.0,,0.0,
1996,SH261996,NONAME,Mauritius,MUS,Savanne,MUS.12_1,1996-04-06 12:00,1996-04-06 12:00,1996-04-18 12:00,1996-04-18 12:00,OFCL,OFCL,14.0,46353.0,84.3,59.54,{0: 14},{0: 46353},14.0,46353.0,0.0,0.0,0.0,0.0,0.0,0.0,0.0,0.0,0.0,0.0
1996,SH261996,NONAME,Mauritius,MUS,Black River,MUS.2_1,1996-04-06 12:00,1996-04-06 12:00,1996-04-18 12:00,1996-04-18 12:00,OFCL,OFCL,42.0,27062.0,451.95,7.52,{0: 42},{0: 27062},42.0,27062.0,0.0,0.0,0.0,0.0,0.0,0.0,0.0,0.0,0.0,0.0
1996,SH261996,NONAME,Mauritius,MUS,Flacq,MUS.3_1,1996-04-06 12:00,1996-04-06 12:00,1996-04-18 12:00,1996-04-18 12:00,OFCL,OFCL,26796.0,112712.0,189426.15,912.82,{0: 26796},{0: 112712},26796.0,112712.0,0.0,0.0,0.0,0.0,0.0,0.0,0.0,0.0,0.0,0.0
1996,SH261996,NONAME,Mauritius,MUS,Grand Port,MUS.4_1,1996-04-06 12:00,1996-04-06 12:00,1996-04-18 12:00,1996-04-18 12:00,OFCL,OFCL,23983.0,78401.0,1523161.21,4379.04,{0: 23983},{0: 78401},23983.0,78401.0,0.0,0.0,0.0,0.0,0.0,0.0,0.0,0.0,0.0,0.0
1996,SH261996,NONAME,Mauritius,MUS,Moka,MUS.5_1,1996-04-06 12:00,1996-04-06 12:00,1996-04-18 12:00,1996-04-18 12:00,OFCL,OFCL,15873.0,86855.0,6.21,163.11,{0: 15873},{0: 86855},15873.0,86855.0,0.0,0.0,0.0,0.0,0.0,0.0,0.0,0.0,0.0,0.0
1996,SH261996,NONAME,Mauritius,MUS,Pamplemousses,MUS.6_1,1996-04-06 12:00,1996-04-06 12:00,1996-04-18 12:00,1996-04-18 12:00,OFCL,OFCL,5256.0,90988.0,52706.74,59.2,{0: 5256},{0: 90988},5256.0,90988.0,0.0,0.0,0.0,0.0,0.0,0.0,0.0,0.0,0.0,0.0
1996,SH261996,NONAME,Mauritius,MUS,Plaines Wilhems,MUS.7_1,1996-04-06 12:00,1996-04-06 12:00,1996-04-18 12:00,1996-04-18 12:00,OFCL,OFCL,777.0,33305.0,0.08,4.76,{0: 777},{0: 33305},777.0,33305.0,0.0,0.0,0.0,0.0,0.0,0.0,0.0,0.0,0.0,0.0
1996,SH261996,NONAME,Mauritius,MUS,Port Louis,MUS.8_1,,1996-04-06 12:00,,1996-04-18 12:00,,OFCL,,10983.0,,2.75,,{0: 10983},,10983.0,,0.0,,0.0,,0.0,,0.0,,0.0
1996,SH261996,NONAME,Mauritius,MUS,Rivière du Rempart,MUS.9_1,1996-04-06 12:00,,1996-04-18 12:00,,OFCL,,37568.0,,596456.86,,{0: 37568},,37568.0,,0.0,,0.0,,0.0,,0.0,,0.0,
1996,SH261996,NONAME,Mauritius,MUS,,No Adm1,,1996-04-06 12:00,,1996-04-18 12:00,,OFCL,,307.0,,10.86,,{0: 307},,307.0,,0.0,,0.0,,0.0,,0.0,,0.0
1996,SH261996,NONAME,Reunion,REU,Saint-Benoît,REU.1_1,1996-04-06 12:00,,1996-04-18 12:00,,OFCL,,10.0,,1698.31,,{0: 10},,10.0,,0.0,,0.0,,0.0,,0.0,,0.0,
1996,SH261996,NONAME,Reunion,REU,Saint-Denis,REU.2_1,1996-04-06 12:00,,1996-04-18 12:00,,OFCL,,2759.0,,894933.86,,{0: 2759},,2759.0,,0.0,,0.0,,0.0,,0.0,,0.0,
1996,SH261996,NONAME,Reunion,REU,Saint-Paul,REU.3_1,1996-04-06 12:00,,1996-04-18 12:00,,OFCL,,39.0,,714.4,,{0: 39},,39.0,,0.0,,0.0,,0.0,,0.0,,0.0,
1996,SH261996,NONAME,Reunion,REU,Saint-Pierre,REU.4_1,1996-04-06 12:00,,1996-04-18 12:00,,OFCL,,38.0,,21300.56,,{0: 38},,38.0,,0.0,,0.0,,0.0,,0.0,,0.0,
1997,SH081997,NONAME,Mauritius,MUS,Riviere Du Rempart,MUS,,1996-12-01 12:00,,1996-12-10 06:00,,OFCL,,123738.0,,72615042.75,,"{2: 11185, 3: 112553}",,0.0,,0.0,,11185.0,,112553.0,,0.0,,0.0
1997,SH081997,NONAME,Mauritius,MUS,Savanne,MUS.12_1,1996-12-01 12:00,1996-12-01 12:00,1996-12-10 06:00,1996-12-10 06:00,OFCL,OFCL,70087.0,60507.0,18452684.87,58061904.07,"{2: 6116, 3: 63971}","{2: 4930, 3: 55577}",0.0,0.0,0.0,0.0,6116.0,4930.0,63971.0,55577.0,0.0,0.0,0.0,0.0
1997,SH081997,NONAME,Mauritius,MUS,Black River,MUS.2_1,1996-12-01 12:00,1996-12-01 12:00,1996-12-10 06:00,1996-12-10 06:00,OFCL,OFCL,94560.0,72490.0,63890247.31,158071219.73,{3: 94560},{3: 72490},0.0,0.0,0.0,0.0,0.0,0.0,94560.0,72490.0,0.0,0.0,0.0,0.0
1997,SH081997,NONAME,Mauritius,MUS,Flacq,MUS.3_1,1996-12-01 12:00,1996-12-01 12:00,1996-12-10 06:00,1996-12-10 06:00,OFCL,OFCL,140810.0,148203.0,31487713.86,67549840.77,"{2: 55056, 3: 85754}","{2: 26617, 3: 121586}",0.0,0.0,0.0,0.0,55056.0,26617.0,85754.0,121586.0,0.0,0.0,0.0,0.0
1997,SH081997,NONAME,Mauritius,MUS,Grand Port,MUS.4_1,1996-12-01 12:00,1996-12-01 12:00,1996-12-10 06:00,1996-12-10 06:00,OFCL,OFCL,113523.0,117962.0,29872703.63,71163920.93,"{2: 24564, 3: 88959}","{2: 19233, 3: 98729}",0.0,0.0,0.0,0.0,24564.0,19233.0,88959.0,98729.0,0.0,0.0,0.0,0.0
1997,SH081997,NONAME,Mauritius,MUS,Moka,MUS.5_1,1996-12-01 12:00,1996-12-01 12:00,1996-12-10 06:00,1996-12-10 06:00,OFCL,OFCL,88800.0,144916.0,35047381.7,89464123.38,{3: 88800},{3: 144916},0.0,0.0,0.0,0.0,0.0,0.0,88800.0,144916.0,0.0,0.0,0.0,0.0
1997,SH081997,NONAME,Mauritius,MUS,Pamplemousses,MUS.6_1,1996-12-01 12:00,1996-12-01 12:00,1996-12-10 06:00,1996-12-10 06:00,OFCL,OFCL,148742.0,165109.0,61651305.36,187782420.35,"{2: 1233, 3: 147509}",{3: 165109},0.0,0.0,0.0,0.0,1233.0,0.0,147509.0,165109.0,0.0,0.0,0.0,0.0
1997,SH081997,NONAME,Mauritius,MUS,Plaines Wilhems,MUS.7_1,1996-12-01 12:00,1996-12-01 12:00,1996-12-10 06:00,1996-12-10 06:00,OFCL,OFCL,365517.0,294342.0,189152259.95,146899891.91,{3: 365517},{3: 294342},0.0,0.0,0.0,0.0,0.0,0.0,365517.0,294342.0,0.0,0.0,0.0,0.0
1997,SH081997,NONAME,Mauritius,MUS,Port Louis,MUS.8_1,1996-12-01 12:00,1996-12-01 12:00,1996-12-10 06:00,1996-12-10 06:00,OFCL,OFCL,111040.0,100326.0,59477345.19,43490530.61,{3: 111040},{3: 100326},0.0,0.0,0.0,0.0,0.0,0.0,111040.0,100326.0,0.0,0.0,0.0,0.0
1997,SH081997,NONAME,Mauritius,MUS,Rivière du Rempart,MUS.9_1,1996-12-01 12:00,,1996-12-10 06:00,,OFCL,,113200.0,,31731261.91,,"{2: 16593, 3: 96607}",,0.0,,0.0,,16593.0,,96607.0,,0.0,,0.0,
1997,SH081997,NONAME,Mauritius,MUS,,No Adm1,,1996-12-01 12:00,,1996-12-10 06:00,,OFCL,,307.0,,100733.63,,{3: 307},,0.0,,0.0,,0.0,,307.0,,0.0,,0.0
1997,SH081997,NONAME,Reunion,REU,Arrondissement_du_vent,REU,,1996-12-01 12:00,,1996-12-10 06:00,,OFCL,,256754.0,,3042783.99,,"{1: 248588, 2: 8166}",,0.0,,248588.0,,8166.0,,0.0,,0.0,,0.0
1997,SH081997,NONAME,Reunion,REU,Arrondissement_souse_le_vent,REU,,1996-12-01 12:00,,1996-12-10 06:00,,OFCL,,447764.0,,6622235.5,,"{1: 427515, 2: 20249}",,0.0,,427515.0,,20249.0,,0.0,,0.0,,0.0
1997,SH081997,NONAME,Reunion,REU,Saint-Benoît,REU.1_1,1996-12-01 12:00,,1996-12-10 06:00,,OFCL,,140447.0,,4774484.41,,"{1: 128979, 2: 11468}",,0.0,,128979.0,,11468.0,,0.0,,0.0,,0.0,
1997,SH081997,NONAME,Reunion,REU,Saint-Denis,REU.2_1,1996-12-01 12:00,,1996-12-10 06:00,,OFCL,,308269.0,,4302580.52,,"{1: 308054, 2: 215}",,0.0,,308054.0,,215.0,,0.0,,0.0,,0.0,
1997,SH081997,NONAME,Reunion,REU,Saint-Paul,REU.3_1,1996-12-01 12:00,,1996-12-10 06:00,,OFCL,,201260.0,,2457003.39,,"{1: 200689, 2: 571}",,0.0,,200689.0,,571.0,,0.0,,0.0,,0.0,
1997,SH081997,NONAME,Reunion,REU,Saint-Pierre,REU.4_1,1996-12-01 12:00,,1996-12-10 06:00,,OFCL,,313164.0,,8251797.22,,"{1: 301669, 2: 11495}",,0.0,,301669.0,,11495.0,,0.0,,0.0,,0.0,
1997,SH141997,NONAME,Madagascar,MDG,Alaotra Mangoro,MDG,,1996-12-25 18:00,,1997-01-09 00:00,,OFCL,,619454.0,,63125.31,,"{0: 481975, 1: 137227, 2: 252}",,481975.0,,137227.0,,252.0,,0.0,,0.0,,0.0
1997,SH141997,NONAME,Madagascar,MDG,Amoron'i Mania,MDG,,1996-12-25 18:00,,1997-01-09 00:00,,OFCL,,181971.0,,413.6,,"{0: 181887, 1: 84}",,181887.0,,84.0,,0.0,,0.0,,0.0,,0.0
1997,SH141997,NONAME,Madagascar,MDG,Analamanga,MDG,,1996-12-25 18:00,,1997-01-09 00:00,,OFCL,,29049.0,,7.15,,{0: 29049},,29049.0,,0.0,,0.0,,0.0,,0.0,,0.0
1997,SH141997,NONAME,Madagascar,MDG,Analanjirofo,MDG,,1996-12-25 18:00,,1997-01-09 00:00,,OFCL,,1258325.0,,2080946.82,,"{0: 420338, 1: 757570, 2: 80417}",,420338.0,,757570.0,,80417.0,,0.0,,0.0,,0.0
1997,SH141997,NONAME,Madagascar,MDG,Androy,MDG,,1996-12-25 18:00,,1997-01-09 00:00,,OFCL,,3514.0,,1.32,,{0: 3514},,3514.0,,0.0,,0.0,,0.0,,0.0,,0.0
1997,SH141997,NONAME,Madagascar,MDG,Anosy,MDG,,1996-12-25 18:00,,1997-01-09 00:00,,OFCL,,310967.0,,12454.64,,"{0: 240545, 1: 70422}",,240545.0,,70422.0,,0.0,,0.0,,0.0,,0.0
1997,SH141997,NONAME,Madagascar,MDG,Atsimo Andrefana,MDG,,1996-12-25 18:00,,1997-01-09 00:00,,OFCL,,594709.0,,420883.24,,"{0: 296017, 1: 298548, 2: 144}",,296017.0,,298548.0,,144.0,,0.0,,0.0,,0.0
1997,SH141997,NONAME,Madagascar,MDG,Atsimo Atsinanana,MDG,,1996-12-25 18:00,,1997-01-09 00:00,,OFCL,,107385.0,,1274.61,,"{0: 87730, 1: 19655}",,87730.0,,19655.0,,0.0,,0.0,,0.0,,0.0
1997,SH141997,NONAME,Madagascar,MDG,Atsinanana,MDG,,1996-12-25 18:00,,1997-01-09 00:00,,OFCL,,88814.0,,1.07,,{0: 88814},,88814.0,,0.0,,0.0,,0.0,,0.0,,0.0
1997,SH141997,NONAME,Madagascar,MDG,Betsiboka,MDG,,1996-12-25 18:00,,1997-01-09 00:00,,OFCL,,160940.0,,2990.39,,"{0: 150073, 1: 10867}",,150073.0,,10867.0,,0.0,,0.0,,0.0,,0.0
1997,SH141997,NONAME,Madagascar,MDG,Boeny,MDG,,1996-12-25 18:00,,1997-01-09 00:00,,OFCL,,1006406.0,,7246.05,,"{0: 1005236, 1: 1170}",,1005236.0,,1170.0,,0.0,,0.0,,0.0,,0.0
1997,SH141997,NONAME,Madagascar,MDG,Bongolava,MDG,,1996-12-25 18:00,,1997-01-09 00:00,,OFCL,,25489.0,,1.41,,{0: 25489},,25489.0,,0.0,,0.0,,0.0,,0.0,,0.0
1997,SH141997,NONAME,Madagascar,MDG,Diana,MDG,,1996-12-25 18:00,,1997-01-09 00:00,,OFCL,,9170.0,,5.85,,{0: 9170},,9170.0,,0.0,,0.0,,0.0,,0.0,,0.0
1997,SH141997,NONAME,Madagascar,MDG,Haute Matsiatra,MDG,,1996-12-25 18:00,,1997-01-09 00:00,,OFCL,,377062.0,,1321.07,,"{0: 374936, 1: 2126}",,374936.0,,2126.0,,0.0,,0.0,,0.0,,0.0
1997,SH141997,NONAME,Madagascar,MDG,Ihorombe,MDG,,1996-12-25 18:00,,1997-01-09 00:00,,OFCL,,402894.0,,38398.51,,"{0: 274781, 1: 128113}",,274781.0,,128113.0,,0.0,,0.0,,0.0,,0.0
1997,SH141997,NONAME,Madagascar,MDG,Melaky,MDG,,1996-12-25 18:00,,1997-01-09 00:00,,OFCL,,262506.0,,2792.14,,"{0: 261193, 1: 1313}",,261193.0,,1313.0,,0.0,,0.0,,0.0,,0.0
1997,SH141997,NONAME,Madagascar,MDG,Menabe,MDG,,1996-12-25 18:00,,1997-01-09 00:00,,OFCL,,688175.0,,973043.53,,"{0: 347884, 1: 300427, 2: 39864}",,347884.0,,300427.0,,39864.0,,0.0,,0.0,,0.0
1997,SH141997,NONAME,Madagascar,MDG,Sava,MDG,,1996-12-25 18:00,,1997-01-09 00:00,,OFCL,,688774.0,,330606.8,,"{0: 383542, 1: 293023, 2: 12209}",,383542.0,,293023.0,,12209.0,,0.0,,0.0,,0.0
1997,SH141997,NONAME,Madagascar,MDG,Sofia,MDG,,1996-12-25 18:00,,1997-01-09 00:00,,OFCL,,1363245.0,,844373.81,,"{0: 743035, 1: 598993, 2: 21217}",,743035.0,,598993.0,,21217.0,,0.0,,0.0,,0.0
1997,SH141997,NONAME,Madagascar,MDG,Vakinakaratra,MDG,,1996-12-25 18:00,,1997-01-09 00:00,,OFCL,,258588.0,,27.68,,{0: 258588},,258588.0,,0.0,,0.0,,0.0,,0.0,,0.0
1997,SH141997,NONAME,Madagascar,MDG,Vatovavy Fitovinany,MDG,,1996-12-25 18:00,,1997-01-09 00:00,,OFCL,,168.0,,0.0,,{0: 168},,168.0,,0.0,,0.0,,0.0,,0.0,,0.0
1997,SH141997,NONAME,Madagascar,MDG,Antananarivo,MDG.1_1,1996-12-25 18:00,,1997-01-09 00:00,,OFCL,,2951577.0,,63481.15,,"{0: 2932789, 1: 18788}",,2932789.0,,18788.0,,0.0,,0.0,,0.0,,0.0,
1997,SH141997,NONAME,Madagascar,MDG,Antsiranana,MDG.2_1,1996-12-25 18:00,,1997-01-09 00:00,,OFCL,,917558.0,,2310814.96,,"{0: 322990, 1: 440590, 2: 146488, 3: 7490}",,322990.0,,440590.0,,146488.0,,7490.0,,0.0,,0.0,
1997,SH141997,NONAME,Madagascar,MDG,Fianarantsoa,MDG.3_1,1996-12-25 18:00,,1997-01-09 00:00,,OFCL,,2264278.0,,900087.07,,"{0: 1572262, 1: 683010, 2: 9006}",,1572262.0,,683010.0,,9006.0,,0.0,,0.0,,0.0,
1997,SH141997,NONAME,Madagascar,MDG,Mahajanga,MDG.4_1,1996-12-25 18:00,,1997-01-09 00:00,,OFCL,,3688210.0,,5675883.84,,"{0: 702169, 1: 2671534, 2: 314431, 3: 76}",,702169.0,,2671534.0,,314431.0,,76.0,,0.0,,0.0,
1997,SH141997,NONAME,Madagascar,MDG,Toamasina,MDG.5_1,1996-12-25 18:00,,1997-01-09 00:00,,OFCL,,2506084.0,,12990854.89,,"{0: 773986, 1: 1145479, 2: 560746, 3: 25873}",,773986.0,,1145479.0,,560746.0,,25873.0,,0.0,,0.0,
1997,SH141997,NONAME,Madagascar,MDG,Toliary,MDG.6_1,1996-12-25 18:00,,1997-01-09 00:00,,OFCL,,2983475.0,,8110346.8,,"{0: 1369022, 1: 1103755, 2: 504161, 3: 6537}",,1369022.0,,1103755.0,,504161.0,,6537.0,,0.0,,0.0,
1997,SH201997,NONAME,Madagascar,MDG,Alaotra Mangoro,MDG,,1997-01-18 00:00,,1997-01-31 18:00,,OFCL,,3114.0,,0.19,,{0: 3114},,3114.0,,0.0,,0.0,,0.0,,0.0,,0.0
1997,SH201997,NONAME,Madagascar,MDG,Amoron'i Mania,MDG,,1997-01-18 00:00,,1997-01-31 18:00,,OFCL,,629087.0,,184363.67,,"{0: 291009, 1: 338078}",,291009.0,,338078.0,,0.0,,0.0,,0.0,,0.0
1997,SH201997,NONAME,Madagascar,MDG,Analamanga,MDG,,1997-01-18 00:00,,1997-01-31 18:00,,OFCL,,44230.0,,1.74,,{0: 44230},,44230.0,,0.0,,0.0,,0.0,,0.0,,0.0
1997,SH201997,NONAME,Madagascar,MDG,Androy,MDG,,1997-01-18 00:00,,1997-01-31 18:00,,OFCL,,1128834.0,,29954914.66,,"{0: 14947, 1: 759755, 2: 227502, 3: 126016, 4: 614}",,14947.0,,759755.0,,227502.0,,126016.0,,614.0,,0.0
1997,SH201997,NONAME,Madagascar,MDG,Anosy,MDG,,1997-01-18 00:00,,1997-01-31 18:00,,OFCL,,640218.0,,221670677.24,,"{0: 664, 1: 316852, 2: 90238, 3: 108168, 4: 116736, 5: 7560}",,664.0,,316852.0,,90238.0,,108168.0,,116736.0,,7560.0
1997,SH201997,NONAME,Madagascar,MDG,Atsimo Andrefana,MDG,,1997-01-18 00:00,,1997-01-31 18:00,,OFCL,,1473422.0,,45310173.76,,"{0: 126842, 1: 551959, 2: 557121, 3: 237500}",,126842.0,,551959.0,,557121.0,,237500.0,,0.0,,0.0
1997,SH201997,NONAME,Madagascar,MDG,Atsimo Atsinanana,MDG,,1997-01-18 00:00,,1997-01-31 18:00,,OFCL,,1236302.0,,873708195.83,,"{2: 20416, 3: 235728, 4: 977650, 5: 2508}",,0.0,,0.0,,20416.0,,235728.0,,977650.0,,2508.0
1997,SH201997,NONAME,Madagascar,MDG,Atsinanana,MDG,,1997-01-18 00:00,,1997-01-31 18:00,,OFCL,,133958.0,,578.98,,"{0: 132933, 1: 1025}",,132933.0,,1025.0,,0.0,,0.0,,0.0,,0.0
1997,SH201997,NONAME,Madagascar,MDG,Haute Matsiatra,MDG,,1997-01-18 00:00,,1997-01-31 18:00,,OFCL,,1150834.0,,64659582.93,,"{0: 3944, 1: 287023, 2: 570198, 3: 278588, 4: 11081}",,3944.0,,287023.0,,570198.0,,278588.0,,11081.0,,0.0
1997,SH201997,NONAME,Madagascar,MDG,Ihorombe,MDG,,1997-01-18 00:00,,1997-01-31 18:00,,OFCL,,459874.0,,233864380.33,,"{1: 3117, 2: 38538, 3: 233268, 4: 180422, 5: 4529}",,0.0,,3117.0,,38538.0,,233268.0,,180422.0,,4529.0
1997,SH201997,NONAME,Madagascar,MDG,Itasy,MDG,,1997-01-18 00:00,,1997-01-31 18:00,,OFCL,,127.0,,0.0,,{0: 127},,127.0,,0.0,,0.0,,0.0,,0.0,,0.0
1997,SH201997,NONAME,Madagascar,MDG,Menabe,MDG,,1997-01-18 00:00,,1997-01-31 18:00,,OFCL,,71511.0,,536.8,,"{0: 71129, 1: 382}",,71129.0,,382.0,,0.0,,0.0,,0.0,,0.0
1997,SH201997,NONAME,Madagascar,MDG,Vakinakaratra,MDG,,1997-01-18 00:00,,1997-01-31 18:00,,OFCL,,959585.0,,4181.24,,"{0: 957577, 1: 2008}",,957577.0,,2008.0,,0.0,,0.0,,0.0,,0.0
1997,SH201997,NONAME,Madagascar,MDG,Vatovavy Fitovinany,MDG,,1997-01-18 00:00,,1997-01-31 18:00,,OFCL,,1841769.0,,214911367.5,,"{0: 249063, 1: 464396, 2: 316711, 3: 590642, 4: 220957}",,249063.0,,464396.0,,316711.0,,590642.0,,220957.0,,0.0
1997,SH201997,NONAME,Madagascar,MDG,Antananarivo,MDG.1_1,1997-01-18 00:00,,1997-01-31 18:00,,OFCL,,1948647.0,,220437.92,,"{0: 1586045, 1: 362602}",,1586045.0,,362602.0,,0.0,,0.0,,0.0,,0.0,
1997,SH201997,NONAME,Madagascar,MDG,Fianarantsoa,MDG.3_1,1997-01-18 00:00,,1997-01-31 18:00,,OFCL,,5773077.0,,1534443724.54,,"{0: 173344, 1: 1095886, 2: 876046, 3: 1285844, 4: 1204310, 5: 1137647}",,173344.0,,1095886.0,,876046.0,,1285844.0,,1204310.0,,1137647.0,
1997,SH201997,NONAME,Madagascar,MDG,Toamasina,MDG.5_1,1997-01-18 00:00,,1997-01-31 18:00,,OFCL,,369193.0,,30260.22,,"{0: 318662, 1: 50531}",,318662.0,,50531.0,,0.0,,0.0,,0.0,,0.0,
1997,SH201997,NONAME,Madagascar,MDG,Toliary,MDG.6_1,1997-01-18 00:00,,1997-01-31 18:00,,OFCL,,3836353.0,,249907813.9,,"{0: 229333, 1: 730965, 2: 1645459, 3: 909000, 4: 236542, 5: 85054}",,229333.0,,730965.0,,1645459.0,,909000.0,,236542.0,,85054.0,
1997,SH201997,NONAME,Mozambique,MOZ,Gaza,MOZ.2_1,1997-01-18 00:00,1997-01-18 00:00,1997-01-31 18:00,1997-01-31 18:00,OFCL,OFCL,861931.0,90530.0,27839.05,4.15,"{0: 851078, 1: 10853}",{0: 90530},851078.0,90530.0,10853.0,0.0,0.0,0.0,0.0,0.0,0.0,0.0,0.0,0.0
1997,SH201997,NONAME,Mozambique,MOZ,Inhambane,MOZ.3_1,1997-01-18 00:00,1997-01-18 00:00,1997-01-31 18:00,1997-01-31 18:00,OFCL,OFCL,969480.0,392489.0,102408.64,128.78,"{0: 837365, 1: 132115}",{0: 392489},837365.0,392489.0,132115.0,0.0,0.0,0.0,0.0,0.0,0.0,0.0,0.0,0.0
1997,SH201997,NONAME,Mozambique,MOZ,Maputo City,MOZ.5_1,1997-01-18 00:00,,1997-01-31 18:00,,OFCL,,15909.0,,135.57,,{0: 15909},,15909.0,,0.0,,0.0,,0.0,,0.0,,0.0,
1997,SH201997,NONAME,Mozambique,MOZ,Maputo,MOZ.6_1,1997-01-18 00:00,,1997-01-31 18:00,,OFCL,,99280.0,,35.69,,{0: 99280},,99280.0,,0.0,,0.0,,0.0,,0.0,,0.0,
1997,SH201997,NONAME,Reunion,REU,Arrondissement_du_vent,REU,,1997-01-18 00:00,,1997-01-31 18:00,,OFCL,,254028.0,,20258.08,,"{0: 209723, 1: 44305}",,209723.0,,44305.0,,0.0,,0.0,,0.0,,0.0
1997,SH201997,NONAME,Reunion,REU,Arrondissement_souse_le_vent,REU,,1997-01-18 00:00,,1997-01-31 18:00,,OFCL,,287758.0,,19422.69,,"{0: 269951, 1: 17807}",,269951.0,,17807.0,,0.0,,0.0,,0.0,,0.0
1997,SH201997,NONAME,Reunion,REU,Saint-Benoît,REU.1_1,1997-01-18 00:00,,1997-01-31 18:00,,OFCL,,62296.0,,13081.15,,"{0: 62066, 1: 230}",,62066.0,,230.0,,0.0,,0.0,,0.0,,0.0,
1997,SH201997,NONAME,Reunion,REU,Saint-Denis,REU.2_1,1997-01-18 00:00,,1997-01-31 18:00,,OFCL,,214387.0,,821083.47,,"{0: 173425, 1: 40962}",,173425.0,,40962.0,,0.0,,0.0,,0.0,,0.0,
1997,SH201997,NONAME,Reunion,REU,Saint-Paul,REU.3_1,1997-01-18 00:00,,1997-01-31 18:00,,OFCL,,32221.0,,6308.28,,"{0: 31909, 1: 312}",,31909.0,,312.0,,0.0,,0.0,,0.0,,0.0,
1997,SH201997,NONAME,Reunion,REU,Saint-Pierre,REU.4_1,1997-01-18 00:00,,1997-01-31 18:00,,OFCL,,5266.0,,7759.92,,"{0: 3935, 1: 1331}",,3935.0,,1331.0,,0.0,,0.0,,0.0,,0.0,
1997,SH231997,NONAME,Madagascar,MDG,Alaotra Mangoro,MDG,,1997-02-01 00:00,,1997-02-17 06:00,,OFCL,,9654.0,,4.04,,{0: 9654},,9654.0,,0.0,,0.0,,0.0,,0.0,,0.0
1997,SH231997,NONAME,Madagascar,MDG,Analamanga,MDG,,1997-02-01 00:00,,1997-02-17 06:00,,OFCL,,3303.0,,0.01,,{0: 3303},,3303.0,,0.0,,0.0,,0.0,,0.0,,0.0
1997,SH231997,NONAME,Madagascar,MDG,Analanjirofo,MDG,,1997-02-01 00:00,,1997-02-17 06:00,,OFCL,,154480.0,,471.14,,"{0: 149332, 1: 5148}",,149332.0,,5148.0,,0.0,,0.0,,0.0,,0.0
1997,SH231997,NONAME,Madagascar,MDG,Anosy,MDG,,1997-02-01 00:00,,1997-02-17 06:00,,OFCL,,90.0,,33.54,,{0: 90},,90.0,,0.0,,0.0,,0.0,,0.0,,0.0
1997,SH231997,NONAME,Madagascar,MDG,Atsimo Andrefana,MDG,,1997-02-01 00:00,,1997-02-17 06:00,,OFCL,,331458.0,,189.7,,{0: 331458},,331458.0,,0.0,,0.0,,0.0,,0.0,,0.0
1997,SH231997,NONAME,Madagascar,MDG,Betsiboka,MDG,,1997-02-01 00:00,,1997-02-17 06:00,,OFCL,,136671.0,,520.85,,"{0: 134769, 1: 1902}",,134769.0,,1902.0,,0.0,,0.0,,0.0,,0.0
1997,SH231997,NONAME,Madagascar,MDG,Boeny,MDG,,1997-02-01 00:00,,1997-02-17 06:00,,OFCL,,1006229.0,,203663.49,,"{0: 528845, 1: 477384}",,528845.0,,477384.0,,0.0,,0.0,,0.0,,0.0
1997,SH231997,NONAME,Madagascar,MDG,Bongolava,MDG,,1997-02-01 00:00,,1997-02-17 06:00,,OFCL,,61052.0,,4.57,,{0: 61052},,61052.0,,0.0,,0.0,,0.0,,0.0,,0.0
1997,SH231997,NONAME,Madagascar,MDG,Diana,MDG,,1997-02-01 00:00,,1997-02-17 06:00,,OFCL,,862893.0,,268897.03,,"{0: 233448, 1: 613700, 2: 15745}",,233448.0,,613700.0,,15745.0,,0.0,,0.0,,0.0
1997,SH231997,NONAME,Madagascar,MDG,Melaky,MDG,,1997-02-01 00:00,,1997-02-17 06:00,,OFCL,,251445.0,,127822.0,,"{0: 83658, 1: 167787}",,83658.0,,167787.0,,0.0,,0.0,,0.0,,0.0
1997,SH231997,NONAME,Madagascar,MDG,Menabe,MDG,,1997-02-01 00:00,,1997-02-17 06:00,,OFCL,,19532.0,,22.45,,{0: 19532},,19532.0,,0.0,,0.0,,0.0,,0.0,,0.0
1997,SH231997,NONAME,Madagascar,MDG,Sava,MDG,,1997-02-01 00:00,,1997-02-17 06:00,,OFCL,,995058.0,,976115.38,,"{0: 242801, 1: 734201, 2: 18056}",,242801.0,,734201.0,,18056.0,,0.0,,0.0,,0.0
1997,SH231997,NONAME,Madagascar,MDG,Sofia,MDG,,1997-02-01 00:00,,1997-02-17 06:00,,OFCL,,1354621.0,,496430.54,,"{0: 849617, 1: 485794, 2: 19210}",,849617.0,,485794.0,,19210.0,,0.0,,0.0,,0.0
1997,SH231997,NONAME,Madagascar,MDG,Antananarivo,MDG.1_1,1997-02-01 00:00,,1997-02-17 06:00,,OFCL,,559426.0,,12134.45,,"{0: 556798, 1: 2628}",,556798.0,,2628.0,,0.0,,0.0,,0.0,,0.0,
1997,SH231997,NONAME,Madagascar,MDG,Antsiranana,MDG.2_1,1997-02-01 00:00,,1997-02-17 06:00,,OFCL,,2121882.0,,8937037.83,,"{0: 77577, 1: 1499452, 2: 533496, 3: 11357}",,77577.0,,1499452.0,,533496.0,,11357.0,,0.0,,0.0,
1997,SH231997,NONAME,Madagascar,MDG,Mahajanga,MDG.4_1,1997-02-01 00:00,,1997-02-17 06:00,,OFCL,,3658541.0,,7336133.7,,"{0: 887347, 1: 2339804, 2: 431364, 3: 26}",,887347.0,,2339804.0,,431364.0,,26.0,,0.0,,0.0,
1997,SH231997,NONAME,Madagascar,MDG,Toamasina,MDG.5_1,1997-02-01 00:00,,1997-02-17 06:00,,OFCL,,461685.0,,24075.93,,"{0: 426481, 1: 35204}",,426481.0,,35204.0,,0.0,,0.0,,0.0,,0.0,
1997,SH231997,NONAME,Madagascar,MDG,Toliary,MDG.6_1,1997-02-01 00:00,,1997-02-17 06:00,,OFCL,,1406676.0,,177539.51,,"{0: 1359463, 1: 47213}",,1359463.0,,47213.0,,0.0,,0.0,,0.0,,0.0,
1997,SH231997,NONAME,Mozambique,MOZ,Nampula,MOZ.7_1,,1997-02-01 00:00,,1997-02-17 06:00,,OFCL,,121.0,,0.26,,{0: 121},,121.0,,0.0,,0.0,,0.0,,0.0,,0.0
1997,SH251997,NONAME,Mauritius,MUS,Rodriguez,MUS.10_1,1997-02-11 00:00,,1997-02-26 06:00,,OFCL,,44652.0,,3586383.34,,{2: 44652},,0.0,,0.0,,44652.0,,0.0,,0.0,,0.0,
1997,SH251997,NONAME,Mauritius,MUS,Grand Port,MUS.4_1,1997-02-11 00:00,,1997-02-26 06:00,,OFCL,,4380.0,,65785.53,,{0: 4380},,4380.0,,0.0,,0.0,,0.0,,0.0,,0.0,
1997,SH251997,NONAME,Mauritius,MUS,Rivière du Rempart,MUS.9_1,1997-02-11 00:00,,1997-02-26 06:00,,OFCL,,9.0,,47.03,,{0: 9},,9.0,,0.0,,0.0,,0.0,,0.0,,0.0,
1997,SH251997,NONAME,Mauritius,MUS,,No Adm1,,1997-02-11 00:00,,1997-02-26 06:00,,OFCL,,43525.0,,8294431.05,,{2: 43525},,0.0,,0.0,,43525.0,,0.0,,0.0,,0.0
1997,SH301997,NONAME,Mozambique,MOZ,Tete,MOZ.10_1,1997-02-25 18:00,1997-02-25 18:00,1997-03-02 18:00,1997-03-02 18:00,OFCL,OFCL,250022.0,99183.0,72338.03,13.6,"{0: 131593, 1: 118429}",{0: 99183},131593.0,99183.0,118429.0,0.0,0.0,0.0,0.0,0.0,0.0,0.0,0.0,0.0
1997,SH301997,NONAME,Mozambique,MOZ,Zambezia,MOZ.11_1,1997-02-25 18:00,1997-02-25 18:00,1997-03-02 18:00,1997-03-02 18:00,OFCL,OFCL,1713247.0,887319.0,1668301.87,163652.07,"{0: 991712, 1: 655017, 2: 66492, 3: 26}","{0: 754164, 1: 122880, 2: 10275}",991712.0,754164.0,655017.0,122880.0,66492.0,10275.0,26.0,0.0,0.0,0.0,0.0,0.0
1997,SH301997,NONAME,Mozambique,MOZ,Gaza,MOZ.2_1,1997-02-25 18:00,1997-02-25 18:00,1997-03-02 18:00,1997-03-02 18:00,OFCL,OFCL,20923.0,9.0,211.55,0.0,{0: 20923},{0: 9},20923.0,9.0,0.0,0.0,0.0,0.0,0.0,0.0,0.0,0.0,0.0,0.0
1997,SH301997,NONAME,Mozambique,MOZ,Inhambane,MOZ.3_1,1997-02-25 18:00,1997-02-25 18:00,1997-03-02 18:00,1997-03-02 18:00,OFCL,OFCL,522104.0,225453.0,717226.29,19001.63,"{0: 290410, 1: 216486, 2: 15208}","{0: 195895, 1: 29558}",290410.0,195895.0,216486.0,29558.0,15208.0,0.0,0.0,0.0,0.0,0.0,0.0,0.0
1997,SH301997,NONAME,Mozambique,MOZ,Manica,MOZ.4_1,1997-02-25 18:00,1997-02-25 18:00,1997-03-02 18:00,1997-03-02 18:00,OFCL,OFCL,2266113.0,2015620.0,14895034.12,1212403.37,"{0: 391061, 1: 812482, 2: 1062570}","{0: 645198, 1: 1205666, 2: 164756}",391061.0,645198.0,812482.0,1205666.0,1062570.0,164756.0,0.0,0.0,0.0,0.0,0.0,0.0
1997,SH301997,NONAME,Mozambique,MOZ,Nampula,MOZ.7_1,1997-02-25 18:00,1997-02-25 18:00,1997-03-02 18:00,1997-03-02 18:00,OFCL,OFCL,69.0,29.0,2716.02,0.03,{0: 69},{0: 29},69.0,29.0,0.0,0.0,0.0,0.0,0.0,0.0,0.0,0.0,0.0,0.0
1997,SH301997,NONAME,Mozambique,MOZ,Sofala,MOZ.9_1,1997-02-25 18:00,1997-02-25 18:00,1997-03-02 18:00,1997-03-02 18:00,OFCL,OFCL,2345178.0,2094653.0,113614448.05,32434344.19,"{0: 85912, 1: 490094, 2: 907712, 3: 861460}","{0: 268785, 1: 763539, 2: 818911, 3: 243418}",85912.0,268785.0,490094.0,763539.0,907712.0,818911.0,861460.0,243418.0,0.0,0.0,0.0,0.0
1998,SH131998,NONAME,Madagascar,MDG,Androy,MDG,,1998-01-17 06:00,,1998-01-23 00:00,,OFCL,,742823.0,,1261.53,,"{0: 739843, 1: 2980}",,739843.0,,2980.0,,0.0,,0.0,,0.0,,0.0
1998,SH131998,NONAME,Madagascar,MDG,Anosy,MDG,,1998-01-17 06:00,,1998-01-23 00:00,,OFCL,,13665.0,,0.42,,{0: 13665},,13665.0,,0.0,,0.0,,0.0,,0.0,,0.0
1998,SH131998,NONAME,Madagascar,MDG,Atsimo Andrefana,MDG,,1998-01-17 06:00,,1998-01-23 00:00,,OFCL,,99199.0,,95.11,,{0: 99199},,99199.0,,0.0,,0.0,,0.0,,0.0,,0.0
1998,SH131998,NONAME,Madagascar,MDG,Fianarantsoa,MDG.3_1,1998-01-17 06:00,,1998-01-23 00:00,,OFCL,,10160.0,,8.2,,{0: 10160},,10160.0,,0.0,,0.0,,0.0,,0.0,,0.0,
1998,SH131998,NONAME,Madagascar,MDG,Toliary,MDG.6_1,1998-01-17 06:00,,1998-01-23 00:00,,OFCL,,1711874.0,,301109.17,,"{0: 1231424, 1: 480450}",,1231424.0,,480450.0,,0.0,,0.0,,0.0,,0.0,
1998,SH131998,NONAME,Mozambique,MOZ,Tete,MOZ.10_1,1998-01-17 06:00,,1998-01-23 00:00,,OFCL,,79024.0,,93.77,,{0: 79024},,79024.0,,0.0,,0.0,,0.0,,0.0,,0.0,
1998,SH131998,NONAME,Mozambique,MOZ,Zambezia,MOZ.11_1,1998-01-17 06:00,1998-01-17 06:00,1998-01-23 00:00,1998-01-23 00:00,OFCL,OFCL,3884597.0,1819333.0,918867.93,4349.88,"{0: 2463547, 1: 1421050}","{0: 1812248, 1: 7085}",2463547.0,1812248.0,1421050.0,7085.0,0.0,0.0,0.0,0.0,0.0,0.0,0.0,0.0
1998,SH131998,NONAME,Mozambique,MOZ,Inhambane,MOZ.3_1,1998-01-17 06:00,1998-01-17 06:00,1998-01-23 00:00,1998-01-23 00:00,OFCL,OFCL,363067.0,54842.0,15547.64,3.34,"{0: 355368, 1: 7699}",{0: 54842},355368.0,54842.0,7699.0,0.0,0.0,0.0,0.0,0.0,0.0,0.0,0.0,0.0
1998,SH131998,NONAME,Mozambique,MOZ,Nampula,MOZ.7_1,1998-01-17 06:00,1998-01-17 06:00,1998-01-23 00:00,1998-01-23 00:00,OFCL,OFCL,1618955.0,631240.0,190609.05,204.94,"{0: 1282369, 1: 336586}",{0: 631240},1282369.0,631240.0,336586.0,0.0,0.0,0.0,0.0,0.0,0.0,0.0,0.0,0.0
1998,SH131998,NONAME,Mozambique,MOZ,Sofala,MOZ.9_1,1998-01-17 06:00,1998-01-17 06:00,1998-01-23 00:00,1998-01-23 00:00,OFCL,OFCL,897547.0,151823.0,30063.06,1.85,"{0: 882598, 1: 14949}",{0: 151823},882598.0,151823.0,14949.0,0.0,0.0,0.0,0.0,0.0,0.0,0.0,0.0,0.0
1998,SH201998,NONAME,Mauritius,MUS,Riviere Du Rempart,MUS,,1998-02-05 00:00,,1998-02-13 18:00,,OFCL,,123738.0,,611423.13,,"{1: 123738, 2: 0}",,0.0,,123738.0,,0.0,,0.0,,0.0,,0.0
1998,SH201998,NONAME,Mauritius,MUS,Savanne,MUS.12_1,1998-02-05 00:00,1998-02-05 00:00,1998-02-13 18:00,1998-02-13 18:00,OFCL,OFCL,70087.0,60507.0,426552.0,694228.6,{1: 70087},{1: 60507},0.0,0.0,70087.0,60507.0,0.0,0.0,0.0,0.0,0.0,0.0,0.0,0.0
1998,SH201998,NONAME,Mauritius,MUS,Black River,MUS.2_1,1998-02-05 00:00,1998-02-05 00:00,1998-02-13 18:00,1998-02-13 18:00,OFCL,OFCL,94560.0,72490.0,191948.12,280464.6,"{0: 104, 1: 94456}","{0: 114, 1: 72376}",104.0,114.0,94456.0,72376.0,0.0,0.0,0.0,0.0,0.0,0.0,0.0,0.0
1998,SH201998,NONAME,Mauritius,MUS,Flacq,MUS.3_1,1998-02-05 00:00,1998-02-05 00:00,1998-02-13 18:00,1998-02-13 18:00,OFCL,OFCL,140810.0,148203.0,1341176.09,1653963.01,"{1: 140746, 2: 64}","{1: 147884, 2: 319}",0.0,0.0,140746.0,147884.0,64.0,319.0,0.0,0.0,0.0,0.0,0.0,0.0
1998,SH201998,NONAME,Mauritius,MUS,Grand Port,MUS.4_1,1998-02-05 00:00,1998-02-05 00:00,1998-02-13 18:00,1998-02-13 18:00,OFCL,OFCL,113523.0,117962.0,1729799.35,1811449.99,"{1: 112004, 2: 1519}","{1: 116700, 2: 1262}",0.0,0.0,112004.0,116700.0,1519.0,1262.0,0.0,0.0,0.0,0.0,0.0,0.0
1998,SH201998,NONAME,Mauritius,MUS,Moka,MUS.5_1,1998-02-05 00:00,1998-02-05 00:00,1998-02-13 18:00,1998-02-13 18:00,OFCL,OFCL,88800.0,144916.0,444732.54,488344.34,{1: 88800},{1: 144916},0.0,0.0,88800.0,144916.0,0.0,0.0,0.0,0.0,0.0,0.0,0.0,0.0
1998,SH201998,NONAME,Mauritius,MUS,Pamplemousses,MUS.6_1,1998-02-05 00:00,1998-02-05 00:00,1998-02-13 18:00,1998-02-13 18:00,OFCL,OFCL,148742.0,165109.0,492355.61,568000.13,{1: 148742},{1: 165109},0.0,0.0,148742.0,165109.0,0.0,0.0,0.0,0.0,0.0,0.0,0.0,0.0
1998,SH201998,NONAME,Mauritius,MUS,Plaines Wilhems,MUS.7_1,1998-02-05 00:00,1998-02-05 00:00,1998-02-13 18:00,1998-02-13 18:00,OFCL,OFCL,365517.0,294342.0,583896.47,84536.71,"{0: 2678, 1: 362839}","{0: 10141, 1: 284201}",2678.0,10141.0,362839.0,284201.0,0.0,0.0,0.0,0.0,0.0,0.0,0.0,0.0
1998,SH201998,NONAME,Mauritius,MUS,Port Louis,MUS.8_1,1998-02-05 00:00,1998-02-05 00:00,1998-02-13 18:00,1998-02-13 18:00,OFCL,OFCL,111040.0,100326.0,79418.26,17058.6,{1: 111040},{1: 100326},0.0,0.0,111040.0,100326.0,0.0,0.0,0.0,0.0,0.0,0.0,0.0,0.0
1998,SH201998,NONAME,Mauritius,MUS,Rivière du Rempart,MUS.9_1,1998-02-05 00:00,,1998-02-13 18:00,,OFCL,,113200.0,,561301.94,,{1: 113200},,0.0,,113200.0,,0.0,,0.0,,0.0,,0.0,
1998,SH201998,NONAME,Mauritius,MUS,,No Adm1,,1998-02-05 00:00,,1998-02-13 18:00,,OFCL,,4868.0,,1064.57,,"{0: 4561, 1: 307}",,4561.0,,307.0,,0.0,,0.0,,0.0,,0.0
1998,SH201998,NONAME,Reunion,REU,Saint-Pierre,REU.4_1,1998-02-05 00:00,,1998-02-13 18:00,,OFCL,,23.0,,21000.36,,{0: 23},,23.0,,0.0,,0.0,,0.0,,0.0,,0.0,
1998,SH211998,NONAME,Madagascar,MDG,Amoron'i Mania,MDG,,1998-02-01 00:00,,1998-02-10 00:00,,OFCL,,214888.0,,116.85,,{0: 214888},,214888.0,,0.0,,0.0,,0.0,,0.0,,0.0
1998,SH211998,NONAME,Madagascar,MDG,Analamanga,MDG,,1998-02-01 00:00,,1998-02-10 00:00,,OFCL,,2913.0,,0.02,,{0: 2913},,2913.0,,0.0,,0.0,,0.0,,0.0,,0.0
1998,SH211998,NONAME,Madagascar,MDG,Androy,MDG,,1998-02-01 00:00,,1998-02-10 00:00,,OFCL,,826796.0,,314.71,,{0: 826796},,826796.0,,0.0,,0.0,,0.0,,0.0,,0.0
1998,SH211998,NONAME,Madagascar,MDG,Anosy,MDG,,1998-02-01 00:00,,1998-02-10 00:00,,OFCL,,203552.0,,348.74,,"{0: 202954, 1: 598}",,202954.0,,598.0,,0.0,,0.0,,0.0,,0.0
1998,SH211998,NONAME,Madagascar,MDG,Atsimo Andrefana,MDG,,1998-02-01 00:00,,1998-02-10 00:00,,OFCL,,127317.0,,103.31,,{0: 127317},,127317.0,,0.0,,0.0,,0.0,,0.0,,0.0
1998,SH211998,NONAME,Madagascar,MDG,Atsimo Atsinanana,MDG,,1998-02-01 00:00,,1998-02-10 00:00,,OFCL,,135056.0,,1099.73,,"{0: 124957, 1: 10099}",,124957.0,,10099.0,,0.0,,0.0,,0.0,,0.0
1998,SH211998,NONAME,Madagascar,MDG,Bongolava,MDG,,1998-02-01 00:00,,1998-02-10 00:00,,OFCL,,342003.0,,14.68,,{0: 342003},,342003.0,,0.0,,0.0,,0.0,,0.0,,0.0
1998,SH211998,NONAME,Madagascar,MDG,Haute Matsiatra,MDG,,1998-02-01 00:00,,1998-02-10 00:00,,OFCL,,652369.0,,1257.58,,"{0: 645832, 1: 6537}",,645832.0,,6537.0,,0.0,,0.0,,0.0,,0.0
1998,SH211998,NONAME,Madagascar,MDG,Ihorombe,MDG,,1998-02-01 00:00,,1998-02-10 00:00,,OFCL,,303008.0,,762.63,,"{0: 302209, 1: 799}",,302209.0,,799.0,,0.0,,0.0,,0.0,,0.0
1998,SH211998,NONAME,Madagascar,MDG,Itasy,MDG,,1998-02-01 00:00,,1998-02-10 00:00,,OFCL,,169574.0,,3.76,,{0: 169574},,169574.0,,0.0,,0.0,,0.0,,0.0,,0.0
1998,SH211998,NONAME,Madagascar,MDG,Melaky,MDG,,1998-02-01 00:00,,1998-02-10 00:00,,OFCL,,18.0,,0.0,,{0: 18},,18.0,,0.0,,0.0,,0.0,,0.0,,0.0
1998,SH211998,NONAME,Madagascar,MDG,Menabe,MDG,,1998-02-01 00:00,,1998-02-10 00:00,,OFCL,,3716.0,,7.56,,{0: 3716},,3716.0,,0.0,,0.0,,0.0,,0.0,,0.0
1998,SH211998,NONAME,Madagascar,MDG,Vakinakaratra,MDG,,1998-02-01 00:00,,1998-02-10 00:00,,OFCL,,449699.0,,94.44,,{0: 449699},,449699.0,,0.0,,0.0,,0.0,,0.0,,0.0
1998,SH211998,NONAME,Madagascar,MDG,Vatovavy Fitovinany,MDG,,1998-02-01 00:00,,1998-02-10 00:00,,OFCL,,3980.0,,1.83,,{0: 3980},,3980.0,,0.0,,0.0,,0.0,,0.0,,0.0
1998,SH211998,NONAME,Madagascar,MDG,Antananarivo,MDG.1_1,1998-02-01 00:00,,1998-02-10 00:00,,OFCL,,2646788.0,,126796.62,,"{0: 2603507, 1: 43281}",,2603507.0,,43281.0,,0.0,,0.0,,0.0,,0.0,
1998,SH211998,NONAME,Madagascar,MDG,Fianarantsoa,MDG.3_1,1998-02-01 00:00,,1998-02-10 00:00,,OFCL,,2992946.0,,335569.64,,"{0: 2545613, 1: 447333}",,2545613.0,,447333.0,,0.0,,0.0,,0.0,,0.0,
1998,SH211998,NONAME,Madagascar,MDG,Mahajanga,MDG.4_1,1998-02-01 00:00,,1998-02-10 00:00,,OFCL,,131485.0,,498.78,,{0: 131485},,131485.0,,0.0,,0.0,,0.0,,0.0,,0.0,
1998,SH211998,NONAME,Madagascar,MDG,Toliary,MDG.6_1,1998-02-01 00:00,,1998-02-10 00:00,,OFCL,,2557724.0,,242099.6,,"{0: 2232396, 1: 325328}",,2232396.0,,325328.0,,0.0,,0.0,,0.0,,0.0,
1998,SH211998,NONAME,Mozambique,MOZ,Zambezia,MOZ.11_1,1998-02-01 00:00,,1998-02-10 00:00,,OFCL,,14694.0,,435.71,,{0: 14694},,14694.0,,0.0,,0.0,,0.0,,0.0,,0.0,
1998,SH231998,NONAME,Madagascar,MDG,Androy,MDG,,1998-02-12 18:00,,1998-02-18 18:00,,OFCL,,117571.0,,24.46,,{0: 117571},,117571.0,,0.0,,0.0,,0.0,,0.0,,0.0
1998,SH231998,NONAME,Madagascar,MDG,Anosy,MDG,,1998-02-12 18:00,,1998-02-18 18:00,,OFCL,,530.0,,0.0,,{0: 530},,530.0,,0.0,,0.0,,0.0,,0.0,,0.0
1998,SH231998,NONAME,Madagascar,MDG,Atsimo Andrefana,MDG,,1998-02-12 18:00,,1998-02-18 18:00,,OFCL,,1363830.0,,48178.96,,"{0: 1015275, 1: 348555}",,1015275.0,,348555.0,,0.0,,0.0,,0.0,,0.0
1998,SH231998,NONAME,Madagascar,MDG,Ihorombe,MDG,,1998-02-12 18:00,,1998-02-18 18:00,,OFCL,,4450.0,,0.24,,{0: 4450},,4450.0,,0.0,,0.0,,0.0,,0.0,,0.0
1998,SH231998,NONAME,Madagascar,MDG,Menabe,MDG,,1998-02-12 18:00,,1998-02-18 18:00,,OFCL,,480.0,,0.0,,{0: 480},,480.0,,0.0,,0.0,,0.0,,0.0,,0.0
1998,SH231998,NONAME,Madagascar,MDG,Fianarantsoa,MDG.3_1,1998-02-12 18:00,,1998-02-18 18:00,,OFCL,,80793.0,,830.65,,{0: 80793},,80793.0,,0.0,,0.0,,0.0,,0.0,,0.0,
1998,SH231998,NONAME,Madagascar,MDG,Toliary,MDG.6_1,1998-02-12 18:00,,1998-02-18 18:00,,OFCL,,2266822.0,,1472470.35,,"{0: 1010178, 1: 1249592, 2: 7052}",,1010178.0,,1249592.0,,7052.0,,0.0,,0.0,,0.0,
1999,SH171999,NONAME,Mauritius,MUS,Rodriguez,MUS.10_1,1999-01-29 06:00,,1999-02-05 06:00,,OFCL,,44652.0,,11927.14,,{0: 44652},,44652.0,,0.0,,0.0,,0.0,,0.0,,0.0,
1999,SH171999,NONAME,Mauritius,MUS,Flacq,MUS.3_1,1999-01-29 06:00,,1999-02-05 06:00,,OFCL,,208.0,,2610.9,,{0: 208},,208.0,,0.0,,0.0,,0.0,,0.0,,0.0,
1999,SH171999,NONAME,Mauritius,MUS,Grand Port,MUS.4_1,1999-01-29 06:00,,1999-02-05 06:00,,OFCL,,9025.0,,186350.71,,{0: 9025},,9025.0,,0.0,,0.0,,0.0,,0.0,,0.0,
1999,SH171999,NONAME,Mauritius,MUS,Rivière du Rempart,MUS.9_1,1999-01-29 06:00,,1999-02-05 06:00,,OFCL,,1520.0,,9380.37,,{0: 1520},,1520.0,,0.0,,0.0,,0.0,,0.0,,0.0,
1999,SH171999,NONAME,Mauritius,MUS,,No Adm1,,1999-01-29 06:00,,1999-02-05 06:00,,OFCL,,43525.0,,12055.17,,{0: 43525},,43525.0,,0.0,,0.0,,0.0,,0.0,,0.0
1999,SH211999,NONAME,Mozambique,MOZ,Zambezia,MOZ.11_1,1999-02-12 12:00,,1999-02-16 18:00,,OFCL,,1390.0,,23924.57,,{0: 1390},,1390.0,,0.0,,0.0,,0.0,,0.0,,0.0,
1999,SH211999,NONAME,Mozambique,MOZ,Inhambane,MOZ.3_1,1999-02-12 12:00,,1999-02-16 18:00,,OFCL,,124152.0,,222.81,,{0: 124152},,124152.0,,0.0,,0.0,,0.0,,0.0,,0.0,
1999,SH211999,NONAME,Mozambique,MOZ,Nampula,MOZ.7_1,1999-02-12 12:00,1999-02-12 12:00,1999-02-16 18:00,1999-02-16 18:00,OFCL,OFCL,69.0,29.0,2490.89,0.01,{0: 69},{0: 29},69.0,29.0,0.0,0.0,0.0,0.0,0.0,0.0,0.0,0.0,0.0,0.0
1999,SH211999,NONAME,Mozambique,MOZ,Sofala,MOZ.9_1,1999-02-12 12:00,,1999-02-16 18:00,,OFCL,,301.0,,7346.52,,{0: 301},,301.0,,0.0,,0.0,,0.0,,0.0,,0.0,
1999,SH231999,NONAME,Madagascar,MDG,Atsimo Andrefana,MDG,,1999-02-24 18:00,,1999-03-01 12:00,,OFCL,,365767.0,,68.74,,{0: 365767},,365767.0,,0.0,,0.0,,0.0,,0.0,,0.0
1999,SH231999,NONAME,Madagascar,MDG,Fianarantsoa,MDG.3_1,1999-02-24 18:00,,1999-03-01 12:00,,OFCL,,286.0,,0.06,,{0: 286},,286.0,,0.0,,0.0,,0.0,,0.0,,0.0,
1999,SH231999,NONAME,Madagascar,MDG,Toliary,MDG.6_1,1999-02-24 18:00,,1999-03-01 12:00,,OFCL,,1417502.0,,66246.26,,"{0: 1350759, 1: 66743}",,1350759.0,,66743.0,,0.0,,0.0,,0.0,,0.0,
1999,SH231999,NONAME,Mozambique,MOZ,Inhambane,MOZ.3_1,1999-02-24 18:00,1999-02-24 18:00,1999-03-01 12:00,1999-03-01 12:00,OFCL,OFCL,27451.0,10.0,562.21,0.14,{0: 27451},{0: 10},27451.0,10.0,0.0,0.0,0.0,0.0,0.0,0.0,0.0,0.0,0.0,0.0
1999,SH231999,NONAME,Mozambique,MOZ,Sofala,MOZ.9_1,1999-02-24 18:00,,1999-03-01 12:00,,OFCL,,58496.0,,94.38,,{0: 58496},,58496.0,,0.0,,0.0,,0.0,,0.0,,0.0,
1999,SH251999,NONAME,Mauritius,MUS,Riviere Du Rempart,MUS,,1999-03-01 06:00,,1999-03-15 06:00,,OFCL,,123738.0,,105194782.88,,{3: 123738},,0.0,,0.0,,0.0,,123738.0,,0.0,,0.0
1999,SH251999,NONAME,Mauritius,MUS,Rodriguez,MUS.10_1,1999-03-01 06:00,,1999-03-15 06:00,,OFCL,,44652.0,,11448049.58,,"{2: 18497, 3: 26155}",,0.0,,0.0,,18497.0,,26155.0,,0.0,,0.0,
1999,SH251999,NONAME,Mauritius,MUS,Savanne,MUS.12_1,1999-03-01 06:00,1999-03-01 06:00,1999-03-15 06:00,1999-03-15 06:00,OFCL,OFCL,70087.0,60507.0,59613756.9,250080226.43,{3: 70087},{3: 60507},0.0,0.0,0.0,0.0,0.0,0.0,70087.0,60507.0,0.0,0.0,0.0,0.0
1999,SH251999,NONAME,Mauritius,MUS,Black River,MUS.2_1,1999-03-01 06:00,1999-03-01 06:00,1999-03-15 06:00,1999-03-15 06:00,OFCL,OFCL,94560.0,72490.0,66959193.23,168767341.78,{3: 94560},{3: 72490},0.0,0.0,0.0,0.0,0.0,0.0,94560.0,72490.0,0.0,0.0,0.0,0.0
1999,SH251999,NONAME,Mauritius,MUS,Flacq,MUS.3_1,1999-03-01 06:00,1999-03-01 06:00,1999-03-15 06:00,1999-03-15 06:00,OFCL,OFCL,140810.0,148203.0,61274054.79,152134364.84,{3: 140810},{3: 148203},0.0,0.0,0.0,0.0,0.0,0.0,140810.0,148203.0,0.0,0.0,0.0,0.0
1999,SH251999,NONAME,Mauritius,MUS,Grand Port,MUS.4_1,1999-03-01 06:00,1999-03-01 06:00,1999-03-15 06:00,1999-03-15 06:00,OFCL,OFCL,113523.0,117962.0,86293031.97,261083940.74,{3: 113523},{3: 117962},0.0,0.0,0.0,0.0,0.0,0.0,113523.0,117962.0,0.0,0.0,0.0,0.0
1999,SH251999,NONAME,Mauritius,MUS,Moka,MUS.5_1,1999-03-01 06:00,1999-03-01 06:00,1999-03-15 06:00,1999-03-15 06:00,OFCL,OFCL,88800.0,144916.0,50285791.92,132978228.18,{3: 88800},{3: 144916},0.0,0.0,0.0,0.0,0.0,0.0,88800.0,144916.0,0.0,0.0,0.0,0.0
1999,SH251999,NONAME,Mauritius,MUS,Pamplemousses,MUS.6_1,1999-03-01 06:00,1999-03-01 06:00,1999-03-15 06:00,1999-03-15 06:00,OFCL,OFCL,148742.0,165109.0,79893952.77,230454126.06,{3: 148742},{3: 165109},0.0,0.0,0.0,0.0,0.0,0.0,148742.0,165109.0,0.0,0.0,0.0,0.0
1999,SH251999,NONAME,Mauritius,MUS,Plaines Wilhems,MUS.7_1,1999-03-01 06:00,1999-03-01 06:00,1999-03-15 06:00,1999-03-15 06:00,OFCL,OFCL,365517.0,294342.0,217785160.66,177195238.56,{3: 365517},{3: 294342},0.0,0.0,0.0,0.0,0.0,0.0,365517.0,294342.0,0.0,0.0,0.0,0.0
1999,SH251999,NONAME,Mauritius,MUS,Port Louis,MUS.8_1,1999-03-01 06:00,1999-03-01 06:00,1999-03-15 06:00,1999-03-15 06:00,OFCL,OFCL,111040.0,100326.0,65110333.08,46653071.06,{3: 111040},{3: 100326},0.0,0.0,0.0,0.0,0.0,0.0,111040.0,100326.0,0.0,0.0,0.0,0.0
1999,SH251999,NONAME,Mauritius,MUS,Rivière du Rempart,MUS.9_1,1999-03-01 06:00,,1999-03-15 06:00,,OFCL,,113200.0,,48028127.42,,{3: 113200},,0.0,,0.0,,0.0,,113200.0,,0.0,,0.0,
1999,SH251999,NONAME,Mauritius,MUS,,No Adm1,,1999-03-01 06:00,,1999-03-15 06:00,,OFCL,,43832.0,,43412658.87,,"{2: 14239, 3: 29593}",,0.0,,0.0,,14239.0,,29593.0,,0.0,,0.0
1999,SH251999,NONAME,Reunion,REU,Arrondissement_du_vent,REU,,1999-03-01 06:00,,1999-03-15 06:00,,OFCL,,256754.0,,86776891.88,,"{2: 178288, 3: 78466}",,0.0,,0.0,,178288.0,,78466.0,,0.0,,0.0
1999,SH251999,NONAME,Reunion,REU,Arrondissement_souse_le_vent,REU,,1999-03-01 06:00,,1999-03-15 06:00,,OFCL,,447764.0,,1071244988.24,,"{2: 11398, 3: 434450, 4: 1916}",,0.0,,0.0,,11398.0,,434450.0,,1916.0,,0.0
1999,SH251999,NONAME,Reunion,REU,Saint-Benoît,REU.1_1,1999-03-01 06:00,,1999-03-15 06:00,,OFCL,,140447.0,,74310328.4,,"{2: 122803, 3: 17621, 4: 23}",,0.0,,0.0,,122803.0,,17621.0,,23.0,,0.0,
1999,SH251999,NONAME,Reunion,REU,Saint-Denis,REU.2_1,1999-03-01 06:00,,1999-03-15 06:00,,OFCL,,308269.0,,160533762.41,,"{2: 179422, 3: 128847}",,0.0,,0.0,,179422.0,,128847.0,,0.0,,0.0,
1999,SH251999,NONAME,Reunion,REU,Saint-Paul,REU.3_1,1999-03-01 06:00,,1999-03-15 06:00,,OFCL,,201260.0,,264207235.61,,"{2: 1134, 3: 200126}",,0.0,,0.0,,1134.0,,200126.0,,0.0,,0.0,
1999,SH251999,NONAME,Reunion,REU,Saint-Pierre,REU.4_1,1999-03-01 06:00,,1999-03-15 06:00,,OFCL,,313164.0,,554650813.42,,"{2: 3445, 3: 309413, 4: 306}",,0.0,,0.0,,3445.0,,309413.0,,306.0,,0.0,
2000,SH032000,NONAME,Madagascar,MDG,Analanjirofo,MDG,,1999-12-23 12:00,,2000-01-03 00:00,,OFCL,,13578.0,,1.56,,{0: 13578},,13578.0,,0.0,,0.0,,0.0,,0.0,,0.0
2000,SH032000,NONAME,Madagascar,MDG,Diana,MDG,,1999-12-23 12:00,,2000-01-03 00:00,,OFCL,,862876.0,,99897.24,,"{0: 390708, 1: 471663, 2: 505}",,390708.0,,471663.0,,505.0,,0.0,,0.0,,0.0
2000,SH032000,NONAME,Madagascar,MDG,Sava,MDG,,1999-12-23 12:00,,2000-01-03 00:00,,OFCL,,833535.0,,173818.37,,"{0: 416574, 1: 415049, 2: 1912}",,416574.0,,415049.0,,1912.0,,0.0,,0.0,,0.0
2000,SH032000,NONAME,Madagascar,MDG,Sofia,MDG,,1999-12-23 12:00,,2000-01-03 00:00,,OFCL,,229191.0,,5662.26,,"{0: 197028, 1: 32163}",,197028.0,,32163.0,,0.0,,0.0,,0.0,,0.0
2000,SH032000,NONAME,Madagascar,MDG,Antsiranana,MDG.2_1,1999-12-23 12:00,,2000-01-03 00:00,,OFCL,,2102096.0,,4402713.43,,"{0: 313455, 1: 1596124, 2: 192517}",,313455.0,,1596124.0,,192517.0,,0.0,,0.0,,0.0,
2000,SH032000,NONAME,Madagascar,MDG,Mahajanga,MDG.4_1,1999-12-23 12:00,,2000-01-03 00:00,,OFCL,,581085.0,,184756.12,,"{0: 413003, 1: 168067, 2: 15}",,413003.0,,168067.0,,15.0,,0.0,,0.0,,0.0,
2000,SH032000,NONAME,Madagascar,MDG,Toamasina,MDG.5_1,1999-12-23 12:00,,2000-01-03 00:00,,OFCL,,99183.0,,6452.04,,"{0: 99172, 1: 11}",,99172.0,,11.0,,0.0,,0.0,,0.0,,0.0,
2000,SH032000,NONAME,Mozambique,MOZ,Nampula,MOZ.7_1,1999-12-23 12:00,,2000-01-03 00:00,,OFCL,,75733.0,,185.4,,{0: 75733},,75733.0,,0.0,,0.0,,0.0,,0.0,,0.0,
2000,SH082000,NONAME,Madagascar,MDG,Toliary,MDG.6_1,2000-01-25 00:00,,2000-02-02 12:00,,OFCL,,57.0,,27.93,,{0: 57},,57.0,,0.0,,0.0,,0.0,,0.0,,0.0,
2000,SH082000,NONAME,Mauritius,MUS,Riviere Du Rempart,MUS,,2000-01-25 00:00,,2000-02-02 12:00,,OFCL,,123738.0,,160760.15,,{1: 123738},,0.0,,123738.0,,0.0,,0.0,,0.0,,0.0
2000,SH082000,NONAME,Mauritius,MUS,Savanne,MUS.12_1,2000-01-25 00:00,2000-01-25 00:00,2000-02-02 12:00,2000-02-02 12:00,OFCL,OFCL,40286.0,60507.0,12733.85,11996.9,"{0: 27142, 1: 13144}","{0: 54016, 1: 6491}",27142.0,54016.0,13144.0,6491.0,0.0,0.0,0.0,0.0,0.0,0.0,0.0,0.0
2000,SH082000,NONAME,Mauritius,MUS,Black River,MUS.2_1,2000-01-25 00:00,2000-01-25 00:00,2000-02-02 12:00,2000-02-02 12:00,OFCL,OFCL,94560.0,72490.0,72512.41,69472.91,"{0: 23253, 1: 71307}","{0: 15653, 1: 56837}",23253.0,15653.0,71307.0,56837.0,0.0,0.0,0.0,0.0,0.0,0.0,0.0,0.0
2000,SH082000,NONAME,Mauritius,MUS,Flacq,MUS.3_1,2000-01-25 00:00,2000-01-25 00:00,2000-02-02 12:00,2000-02-02 12:00,OFCL,OFCL,140810.0,148203.0,70137.44,69922.23,"{0: 58611, 1: 82199}","{0: 51724, 1: 96479}",58611.0,51724.0,82199.0,96479.0,0.0,0.0,0.0,0.0,0.0,0.0,0.0,0.0
2000,SH082000,NONAME,Mauritius,MUS,Grand Port,MUS.4_1,2000-01-25 00:00,2000-01-25 00:00,2000-02-02 12:00,2000-02-02 12:00,OFCL,OFCL,104058.0,117962.0,246260.75,56178.94,"{0: 60956, 1: 43102}","{0: 64336, 1: 53626}",60956.0,64336.0,43102.0,53626.0,0.0,0.0,0.0,0.0,0.0,0.0,0.0,0.0
2000,SH082000,NONAME,Mauritius,MUS,Moka,MUS.5_1,2000-01-25 00:00,2000-01-25 00:00,2000-02-02 12:00,2000-02-02 12:00,OFCL,OFCL,88800.0,144916.0,40611.44,49641.97,"{0: 36249, 1: 52551}","{0: 24920, 1: 119996}",36249.0,24920.0,52551.0,119996.0,0.0,0.0,0.0,0.0,0.0,0.0,0.0,0.0
2000,SH082000,NONAME,Mauritius,MUS,Pamplemousses,MUS.6_1,2000-01-25 00:00,2000-01-25 00:00,2000-02-02 12:00,2000-02-02 12:00,OFCL,OFCL,148742.0,165109.0,87445.17,115419.16,"{0: 10893, 1: 137849}","{0: 22894, 1: 142215}",10893.0,22894.0,137849.0,142215.0,0.0,0.0,0.0,0.0,0.0,0.0,0.0,0.0
2000,SH082000,NONAME,Mauritius,MUS,Plaines Wilhems,MUS.7_1,2000-01-25 00:00,2000-01-25 00:00,2000-02-02 12:00,2000-02-02 12:00,OFCL,OFCL,365517.0,294342.0,152911.81,37002.18,"{0: 59000, 1: 306517}","{0: 12176, 1: 282166}",59000.0,12176.0,306517.0,282166.0,0.0,0.0,0.0,0.0,0.0,0.0,0.0,0.0
2000,SH082000,NONAME,Mauritius,MUS,Port Louis,MUS.8_1,2000-01-25 00:00,2000-01-25 00:00,2000-02-02 12:00,2000-02-02 12:00,OFCL,OFCL,111040.0,100326.0,18570.18,10148.24,"{0: 70804, 1: 40236}","{0: 42230, 1: 58096}",70804.0,42230.0,40236.0,58096.0,0.0,0.0,0.0,0.0,0.0,0.0,0.0,0.0
2000,SH082000,NONAME,Mauritius,MUS,Rivière du Rempart,MUS.9_1,2000-01-25 00:00,,2000-02-02 12:00,,OFCL,,113200.0,,179536.8,,"{0: 11, 1: 113189}",,11.0,,113189.0,,0.0,,0.0,,0.0,,0.0,
2000,SH082000,NONAME,Mauritius,MUS,,No Adm1,,2000-01-25 00:00,,2000-02-02 12:00,,OFCL,,307.0,,285.84,,{1: 307},,0.0,,307.0,,0.0,,0.0,,0.0,,0.0
2000,SH082000,NONAME,Reunion,REU,Arrondissement_du_vent,REU,,2000-01-25 00:00,,2000-02-02 12:00,,OFCL,,256754.0,,37615478.55,,"{1: 1837, 2: 247480, 3: 7437}",,0.0,,1837.0,,247480.0,,7437.0,,0.0,,0.0
2000,SH082000,NONAME,Reunion,REU,Arrondissement_souse_le_vent,REU,,2000-01-25 00:00,,2000-02-02 12:00,,OFCL,,447764.0,,42346602.57,,"{1: 253187, 2: 191563, 3: 3014}",,0.0,,253187.0,,191563.0,,3014.0,,0.0,,0.0
2000,SH082000,NONAME,Reunion,REU,Saint-Benoît,REU.1_1,2000-01-25 00:00,,2000-02-02 12:00,,OFCL,,140447.0,,23000149.91,,"{1: 2682, 2: 137765}",,0.0,,2682.0,,137765.0,,0.0,,0.0,,0.0,
2000,SH082000,NONAME,Reunion,REU,Saint-Denis,REU.2_1,2000-01-25 00:00,,2000-02-02 12:00,,OFCL,,308269.0,,100811681.8,,"{1: 4293, 2: 295841, 3: 8135}",,0.0,,4293.0,,295841.0,,8135.0,,0.0,,0.0,
2000,SH082000,NONAME,Reunion,REU,Saint-Paul,REU.3_1,2000-01-25 00:00,,2000-02-02 12:00,,OFCL,,201260.0,,25494025.55,,"{1: 45481, 2: 155399, 3: 380}",,0.0,,45481.0,,155399.0,,380.0,,0.0,,0.0,
2000,SH082000,NONAME,Reunion,REU,Saint-Pierre,REU.4_1,2000-01-25 00:00,,2000-02-02 12:00,,OFCL,,313164.0,,12141613.53,,"{1: 306090, 2: 7074}",,0.0,,306090.0,,7074.0,,0.0,,0.0,,0.0,
2000,SH152000,NONAME,Madagascar,MDG,Alaotra Mangoro,MDG,,2000-02-27 00:00,,2000-03-05 12:00,,OFCL,,282001.0,,329.57,,{0: 282001},,282001.0,,0.0,,0.0,,0.0,,0.0,,0.0
2000,SH152000,NONAME,Madagascar,MDG,Analamanga,MDG,,2000-02-27 00:00,,2000-03-05 12:00,,OFCL,,858635.0,,160.89,,{0: 858635},,858635.0,,0.0,,0.0,,0.0,,0.0,,0.0
2000,SH152000,NONAME,Madagascar,MDG,Analanjirofo,MDG,,2000-02-27 00:00,,2000-03-05 12:00,,OFCL,,502443.0,,44812.1,,"{0: 308278, 1: 194165}",,308278.0,,194165.0,,0.0,,0.0,,0.0,,0.0
2000,SH152000,NONAME,Madagascar,MDG,Betsiboka,MDG,,2000-02-27 00:00,,2000-03-05 12:00,,OFCL,,38635.0,,18.09,,{0: 38635},,38635.0,,0.0,,0.0,,0.0,,0.0,,0.0
2000,SH152000,NONAME,Madagascar,MDG,Bongolava,MDG,,2000-02-27 00:00,,2000-03-05 12:00,,OFCL,,315054.0,,53.1,,{0: 315054},,315054.0,,0.0,,0.0,,0.0,,0.0,,0.0
2000,SH152000,NONAME,Madagascar,MDG,Diana,MDG,,2000-02-27 00:00,,2000-03-05 12:00,,OFCL,,502777.0,,10129.85,,"{0: 446618, 1: 56159}",,446618.0,,56159.0,,0.0,,0.0,,0.0,,0.0
2000,SH152000,NONAME,Madagascar,MDG,Itasy,MDG,,2000-02-27 00:00,,2000-03-05 12:00,,OFCL,,381202.0,,117.77,,{0: 381202},,381202.0,,0.0,,0.0,,0.0,,0.0,,0.0
2000,SH152000,NONAME,Madagascar,MDG,Menabe,MDG,,2000-02-27 00:00,,2000-03-05 12:00,,OFCL,,1697.0,,0.21,,{0: 1697},,1697.0,,0.0,,0.0,,0.0,,0.0,,0.0
2000,SH152000,NONAME,Madagascar,MDG,Sava,MDG,,2000-02-27 00:00,,2000-03-05 12:00,,OFCL,,1024725.0,,558913.49,,"{0: 64850, 1: 959767, 2: 108}",,64850.0,,959767.0,,108.0,,0.0,,0.0,,0.0
2000,SH152000,NONAME,Madagascar,MDG,Sofia,MDG,,2000-02-27 00:00,,2000-03-05 12:00,,OFCL,,631391.0,,129405.01,,"{0: 437455, 1: 193915, 2: 21}",,437455.0,,193915.0,,21.0,,0.0,,0.0,,0.0
2000,SH152000,NONAME,Madagascar,MDG,Vakinakaratra,MDG,,2000-02-27 00:00,,2000-03-05 12:00,,OFCL,,41237.0,,1.32,,{0: 41237},,41237.0,,0.0,,0.0,,0.0,,0.0,,0.0
2000,SH152000,NONAME,Madagascar,MDG,Antananarivo,MDG.1_1,2000-02-27 00:00,,2000-03-05 12:00,,OFCL,,3696615.0,,226189.63,,"{0: 3467513, 1: 229102}",,3467513.0,,229102.0,,0.0,,0.0,,0.0,,0.0,
2000,SH152000,NONAME,Madagascar,MDG,Antsiranana,MDG.2_1,2000-02-27 00:00,,2000-03-05 12:00,,OFCL,,2012961.0,,5439821.48,,"{0: 516491, 1: 1182752, 2: 313718}",,516491.0,,1182752.0,,313718.0,,0.0,,0.0,,0.0,
2000,SH152000,NONAME,Madagascar,MDG,Fianarantsoa,MDG.3_1,2000-02-27 00:00,,2000-03-05 12:00,,OFCL,,1388.0,,1.91,,{0: 1388},,1388.0,,0.0,,0.0,,0.0,,0.0,,0.0,
2000,SH152000,NONAME,Madagascar,MDG,Mahajanga,MDG.4_1,2000-02-27 00:00,,2000-03-05 12:00,,OFCL,,1152350.0,,1194325.23,,"{0: 599177, 1: 464241, 2: 88932}",,599177.0,,464241.0,,88932.0,,0.0,,0.0,,0.0,
2000,SH152000,NONAME,Madagascar,MDG,Toamasina,MDG.5_1,2000-02-27 00:00,,2000-03-05 12:00,,OFCL,,1680622.0,,742725.92,,"{0: 1255511, 1: 414847, 2: 10264}",,1255511.0,,414847.0,,10264.0,,0.0,,0.0,,0.0,
2000,SH152000,NONAME,Madagascar,MDG,Toliary,MDG.6_1,2000-02-27 00:00,,2000-03-05 12:00,,OFCL,,408013.0,,1347.85,,"{0: 407942, 1: 71}",,407942.0,,71.0,,0.0,,0.0,,0.0,,0.0,
2000,SH212000,NONAME,Madagascar,MDG,Antananarivo,MDG.1_1,2000-03-22 18:00,,2000-04-09 12:00,,OFCL,,5375919.0,,619519.56,,"{0: 3668348, 1: 1707571}",,3668348.0,,1707571.0,,0.0,,0.0,,0.0,,0.0,
2000,SH212000,NONAME,Madagascar,MDG,Antsiranana,MDG.2_1,2000-03-22 18:00,,2000-04-09 12:00,,OFCL,,2062711.0,,255356760.11,,"{0: 210363, 1: 339692, 2: 652614, 3: 397738, 4: 395210, 5: 67094}",,210363.0,,339692.0,,652614.0,,397738.0,,395210.0,,67094.0,
2000,SH212000,NONAME,Madagascar,MDG,Mahajanga,MDG.4_1,2000-03-22 18:00,,2000-04-09 12:00,,OFCL,,3654129.0,,450778887.06,,"{0: 269235, 1: 592839, 2: 776701, 3: 1242613, 4: 633267, 5: 139474}",,269235.0,,592839.0,,776701.0,,1242613.0,,633267.0,,139474.0,
2000,SH212000,NONAME,Madagascar,MDG,Toamasina,MDG.5_1,2000-03-22 18:00,,2000-04-09 12:00,,OFCL,,3030751.0,,178086902.69,,"{0: 665166, 1: 1469710, 2: 426899, 3: 215419, 4: 176411, 5: 77146}",,665166.0,,1469710.0,,426899.0,,215419.0,,176411.0,,77146.0,
2000,SH212000,NONAME,Madagascar,MDG,Toliary,MDG.6_1,2000-03-22 18:00,,2000-04-09 12:00,,OFCL,,14423.0,,221.53,,"{0: 14118, 1: 305}",,14118.0,,305.0,,0.0,,0.0,,0.0,,0.0,
2000,SH212000,NONAME,Mozambique,MOZ,Tete,MOZ.10_1,2000-03-22 18:00,,2000-04-09 12:00,,OFCL,,1199328.0,,53747.27,,"{0: 1144709, 1: 54619}",,1144709.0,,54619.0,,0.0,,0.0,,0.0,,0.0,
2000,SH212000,NONAME,Mozambique,MOZ,Zambezia,MOZ.11_1,2000-03-22 18:00,,2000-04-09 12:00,,OFCL,,5807662.0,,212683238.48,,"{0: 207177, 1: 2070975, 2: 1902332, 3: 1470108, 4: 157070}",,207177.0,,2070975.0,,1902332.0,,1470108.0,,157070.0,,0.0,
2000,SH212000,NONAME,Mozambique,MOZ,Cabo Delgado,MOZ.1_1,2000-03-22 18:00,,2000-04-09 12:00,,OFCL,,295262.0,,7376.43,,"{0: 292089, 1: 3173}",,292089.0,,3173.0,,0.0,,0.0,,0.0,,0.0,
2000,SH212000,NONAME,Mozambique,MOZ,Inhambane,MOZ.3_1,2000-03-22 18:00,,2000-04-09 12:00,,OFCL,,55013.0,,32243.6,,{0: 55013},,55013.0,,0.0,,0.0,,0.0,,0.0,,0.0,
2000,SH212000,NONAME,Mozambique,MOZ,Manica,MOZ.4_1,2000-03-22 18:00,,2000-04-09 12:00,,OFCL,,74102.0,,90.61,,{0: 74102},,74102.0,,0.0,,0.0,,0.0,,0.0,,0.0,
2000,SH212000,NONAME,Mozambique,MOZ,Nampula,MOZ.7_1,2000-03-22 18:00,,2000-04-09 12:00,,OFCL,,5596327.0,,43355252.18,,"{0: 903868, 1: 2638364, 2: 1857813, 3: 196282}",,903868.0,,2638364.0,,1857813.0,,196282.0,,0.0,,0.0,
2000,SH212000,NONAME,Mozambique,MOZ,Nassa,MOZ.8_1,2000-03-22 18:00,,2000-04-09 12:00,,OFCL,,1310003.0,,506033.43,,"{0: 551275, 1: 758728}",,551275.0,,758728.0,,0.0,,0.0,,0.0,,0.0,
2000,SH212000,NONAME,Mozambique,MOZ,Sofala,MOZ.9_1,2000-03-22 18:00,,2000-04-09 12:00,,OFCL,,1592335.0,,713177.12,,"{0: 1326771, 1: 262608, 2: 2956}",,1326771.0,,262608.0,,2956.0,,0.0,,0.0,,0.0,
2000,SH212000,NONAME,Mauritius,MUS,Rodriguez,MUS.10_1,2000-03-22 18:00,,2000-04-09 12:00,,OFCL,,44652.0,,29722.18,,"{0: 25791, 1: 18861}",,25791.0,,18861.0,,0.0,,0.0,,0.0,,0.0,
2000,SH212000,NONAME,Mauritius,MUS,Flacq,MUS.3_1,2000-03-22 18:00,,2000-04-09 12:00,,OFCL,,6837.0,,263592.11,,{0: 6837},,6837.0,,0.0,,0.0,,0.0,,0.0,,0.0,
2000,SH212000,NONAME,Mauritius,MUS,Grand Port,MUS.4_1,2000-03-22 18:00,,2000-04-09 12:00,,OFCL,,9915.0,,702233.02,,{0: 9915},,9915.0,,0.0,,0.0,,0.0,,0.0,,0.0,
2000,SH212000,NONAME,Mauritius,MUS,Pamplemousses,MUS.6_1,2000-03-22 18:00,,2000-04-09 12:00,,OFCL,,235.0,,6706.67,,{0: 235},,235.0,,0.0,,0.0,,0.0,,0.0,,0.0,
2000,SH212000,NONAME,Mauritius,MUS,Rivière du Rempart,MUS.9_1,2000-03-22 18:00,,2000-04-09 12:00,,OFCL,,16241.0,,1073788.82,,{0: 16241},,16241.0,,0.0,,0.0,,0.0,,0.0,,0.0,
2000,SH212000,NONAME,Reunion,REU,Saint-Denis,REU.2_1,2000-03-22 18:00,,2000-04-09 12:00,,OFCL,,2094.0,,480226.5,,{0: 2094},,2094.0,,0.0,,0.0,,0.0,,0.0,,0.0,
2001,SH042001,NONAME,Mauritius,MUS,Riviere Du Rempart,MUS,,2000-12-31 06:00,,2001-01-10 06:00,,OFCL,,11152.0,,1.39,,{0: 11152},,11152.0,,0.0,,0.0,,0.0,,0.0,,0.0
2001,SH042001,NONAME,Mauritius,MUS,Black River,MUS.2_1,2000-12-31 06:00,2000-12-31 06:00,2001-01-10 06:00,2001-01-10 06:00,OFCL,OFCL,1779.0,21325.0,36720.07,3.75,{0: 1779},{0: 21325},1779.0,21325.0,0.0,0.0,0.0,0.0,0.0,0.0,0.0,0.0,0.0,0.0
2001,SH042001,NONAME,Mauritius,MUS,Pamplemousses,MUS.6_1,,2000-12-31 06:00,,2001-01-10 06:00,,OFCL,,6686.0,,0.27,,{0: 6686},,6686.0,,0.0,,0.0,,0.0,,0.0,,0.0
2001,SH042001,NONAME,Mauritius,MUS,Plaines Wilhems,MUS.7_1,,2000-12-31 06:00,,2001-01-10 06:00,,OFCL,,3384.0,,0.01,,{0: 3384},,3384.0,,0.0,,0.0,,0.0,,0.0,,0.0
2001,SH042001,NONAME,Mauritius,MUS,Port Louis,MUS.8_1,2000-12-31 06:00,2000-12-31 06:00,2001-01-10 06:00,2001-01-10 06:00,OFCL,OFCL,21.0,1258.0,446.47,0.05,{0: 21},{0: 1258},21.0,1258.0,0.0,0.0,0.0,0.0,0.0,0.0,0.0,0.0,0.0,0.0
2001,SH042001,NONAME,Reunion,REU,Arrondissement_du_vent,REU,,2000-12-31 06:00,,2001-01-10 06:00,,OFCL,,256754.0,,1676124.37,,"{0: 1033, 1: 253907, 2: 1814}",,1033.0,,253907.0,,1814.0,,0.0,,0.0,,0.0
2001,SH042001,NONAME,Reunion,REU,Arrondissement_souse_le_vent,REU,,2000-12-31 06:00,,2001-01-10 06:00,,OFCL,,447764.0,,2681056.77,,"{0: 81072, 1: 364700, 2: 1992}",,81072.0,,364700.0,,1992.0,,0.0,,0.0,,0.0
2001,SH042001,NONAME,Reunion,REU,Saint-Benoît,REU.1_1,2000-12-31 06:00,,2001-01-10 06:00,,OFCL,,140447.0,,2287116.47,,"{0: 626, 1: 139821}",,626.0,,139821.0,,0.0,,0.0,,0.0,,0.0,
2001,SH042001,NONAME,Reunion,REU,Saint-Denis,REU.2_1,2000-12-31 06:00,,2001-01-10 06:00,,OFCL,,308269.0,,10221995.87,,"{1: 305192, 2: 3077}",,0.0,,305192.0,,3077.0,,0.0,,0.0,,0.0,
2001,SH042001,NONAME,Reunion,REU,Saint-Paul,REU.3_1,2000-12-31 06:00,,2001-01-10 06:00,,OFCL,,201260.0,,2775978.91,,"{0: 2186, 1: 198663, 2: 411}",,2186.0,,198663.0,,411.0,,0.0,,0.0,,0.0,
2001,SH042001,NONAME,Reunion,REU,Saint-Pierre,REU.4_1,2000-12-31 06:00,,2001-01-10 06:00,,OFCL,,302803.0,,659359.82,,"{0: 114474, 1: 188329}",,114474.0,,188329.0,,0.0,,0.0,,0.0,,0.0,
2001,SH182001,NONAME,Mauritius,MUS,Rodriguez,MUS.10_1,2001-04-03 00:00,,2001-04-08 12:00,,OFCL,,44652.0,,365651.39,,{1: 44652},,0.0,,44652.0,,0.0,,0.0,,0.0,,0.0,
2001,SH182001,NONAME,Mauritius,MUS,,No Adm1,,2001-04-03 00:00,,2001-04-08 12:00,,OFCL,,43525.0,,538713.83,,{1: 43525},,0.0,,43525.0,,0.0,,0.0,,0.0,,0.0
2001,SH212001,NONAME,Mozambique,MOZ,Maputo (city),MOZ,,2001-06-20 12:00,,2001-06-23 06:00,,OFCL,,1139718.0,,5787.37,,"{0: 1053158, 1: 86560}",,1053158.0,,86560.0,,0.0,,0.0,,0.0,,0.0
2001,SH212001,NONAME,Mozambique,MOZ,Gaza,MOZ.2_1,2001-06-20 12:00,2001-06-20 12:00,2001-06-23 06:00,2001-06-23 06:00,OFCL,OFCL,1390049.0,1197241.0,1787777.25,26307.02,"{0: 248431, 1: 1141618}","{0: 749046, 1: 448195}",248431.0,749046.0,1141618.0,448195.0,0.0,0.0,0.0,0.0,0.0,0.0,0.0,0.0
2001,SH212001,NONAME,Mozambique,MOZ,Inhambane,MOZ.3_1,2001-06-20 12:00,2001-06-20 12:00,2001-06-23 06:00,2001-06-23 06:00,OFCL,OFCL,1024114.0,744724.0,696081.41,17798.54,"{0: 447410, 1: 576704}","{0: 600933, 1: 143791}",447410.0,600933.0,576704.0,143791.0,0.0,0.0,0.0,0.0,0.0,0.0,0.0,0.0
2001,SH212001,NONAME,Mozambique,MOZ,Maputo City,MOZ.5_1,2001-06-20 12:00,,2001-06-23 06:00,,OFCL,,2591211.0,,802561.36,,"{1: 2587058, 2: 4153}",,0.0,,2587058.0,,4153.0,,0.0,,0.0,,0.0,
2001,SH212001,NONAME,Mozambique,MOZ,Maputo,MOZ.6_1,2001-06-20 12:00,2001-06-20 12:00,2001-06-23 06:00,2001-06-23 06:00,OFCL,OFCL,820135.0,2061002.0,701785.41,18687.07,"{0: 107732, 1: 707207, 2: 5196}","{0: 2049020, 1: 11982}",107732.0,2049020.0,707207.0,11982.0,5196.0,0.0,0.0,0.0,0.0,0.0,0.0,0.0
2002,SH082002,NONAME,Madagascar,MDG,Amoron'i Mania,MDG,,2001-12-30 00:00,,2002-01-03 06:00,,OFCL,,23384.0,,11.08,,{0: 23384},,23384.0,,0.0,,0.0,,0.0,,0.0,,0.0
2002,SH082002,NONAME,Madagascar,MDG,Anosy,MDG,,2001-12-30 00:00,,2002-01-03 06:00,,OFCL,,12299.0,,0.41,,{0: 12299},,12299.0,,0.0,,0.0,,0.0,,0.0,,0.0
2002,SH082002,NONAME,Madagascar,MDG,Atsimo Andrefana,MDG,,2001-12-30 00:00,,2002-01-03 06:00,,OFCL,,972723.0,,302577.1,,"{0: 628154, 1: 344563, 2: 6}",,628154.0,,344563.0,,6.0,,0.0,,0.0,,0.0
2002,SH082002,NONAME,Madagascar,MDG,Bongolava,MDG,,2001-12-30 00:00,,2002-01-03 06:00,,OFCL,,921.0,,0.0,,{0: 921},,921.0,,0.0,,0.0,,0.0,,0.0,,0.0
2002,SH082002,NONAME,Madagascar,MDG,Haute Matsiatra,MDG,,2001-12-30 00:00,,2002-01-03 06:00,,OFCL,,21938.0,,12.06,,{0: 21938},,21938.0,,0.0,,0.0,,0.0,,0.0,,0.0
2002,SH082002,NONAME,Madagascar,MDG,Ihorombe,MDG,,2001-12-30 00:00,,2002-01-03 06:00,,OFCL,,128966.0,,133.36,,{0: 128966},,128966.0,,0.0,,0.0,,0.0,,0.0,,0.0
2002,SH082002,NONAME,Madagascar,MDG,Melaky,MDG,,2001-12-30 00:00,,2002-01-03 06:00,,OFCL,,2571.0,,0.23,,{0: 2571},,2571.0,,0.0,,0.0,,0.0,,0.0,,0.0
2002,SH082002,NONAME,Madagascar,MDG,Menabe,MDG,,2001-12-30 00:00,,2002-01-03 06:00,,OFCL,,498725.0,,169804.28,,"{0: 319374, 1: 178936, 2: 415}",,319374.0,,178936.0,,415.0,,0.0,,0.0,,0.0
2002,SH082002,NONAME,Madagascar,MDG,Vakinakaratra,MDG,,2001-12-30 00:00,,2002-01-03 06:00,,OFCL,,11259.0,,0.21,,{0: 11259},,11259.0,,0.0,,0.0,,0.0,,0.0,,0.0
2002,SH082002,NONAME,Madagascar,MDG,Antananarivo,MDG.1_1,2001-12-30 00:00,,2002-01-03 06:00,,OFCL,,15956.0,,56.24,,{0: 15956},,15956.0,,0.0,,0.0,,0.0,,0.0,,0.0,
2002,SH082002,NONAME,Madagascar,MDG,Fianarantsoa,MDG.3_1,2001-12-30 00:00,,2002-01-03 06:00,,OFCL,,179166.0,,28186.06,,"{0: 122730, 1: 56436}",,122730.0,,56436.0,,0.0,,0.0,,0.0,,0.0,
2002,SH082002,NONAME,Madagascar,MDG,Mahajanga,MDG.4_1,2001-12-30 00:00,,2002-01-03 06:00,,OFCL,,100001.0,,8158.44,,"{0: 99295, 1: 706}",,99295.0,,706.0,,0.0,,0.0,,0.0,,0.0,
2002,SH082002,NONAME,Madagascar,MDG,Toliary,MDG.6_1,2001-12-30 00:00,,2002-01-03 06:00,,OFCL,,2289220.0,,4473067.44,,"{0: 956577, 1: 1108412, 2: 224231}",,956577.0,,1108412.0,,224231.0,,0.0,,0.0,,0.0,
2002,SH082002,NONAME,Mozambique,MOZ,Zambezia,MOZ.11_1,2001-12-30 00:00,,2002-01-03 06:00,,OFCL,,27280.0,,29.04,,{0: 27280},,27280.0,,0.0,,0.0,,0.0,,0.0,,0.0,
2002,SH082002,NONAME,Mozambique,MOZ,Sofala,MOZ.9_1,2001-12-30 00:00,,2002-01-03 06:00,,OFCL,,31290.0,,135.26,,{0: 31290},,31290.0,,0.0,,0.0,,0.0,,0.0,,0.0,
2002,SH102002,NONAME,Madagascar,MDG,Vatovavy Fitovinany,MDG,,2002-01-16 12:00,,2002-01-25 12:00,,OFCL,,41.0,,17.22,,{0: 41},,41.0,,0.0,,0.0,,0.0,,0.0,,0.0
2002,SH102002,NONAME,Mauritius,MUS,Riviere Du Rempart,MUS,,2002-01-16 12:00,,2002-01-25 12:00,,OFCL,,123738.0,,2109147920.28,,"{4: 110163, 5: 13575}",,0.0,,0.0,,0.0,,0.0,,110163.0,,13575.0
2002,SH102002,NONAME,Mauritius,MUS,Rodriguez,MUS.10_1,2002-01-16 12:00,,2002-01-25 12:00,,OFCL,,44652.0,,20586414.63,,{3: 44652},,0.0,,0.0,,0.0,,44652.0,,0.0,,0.0,
2002,SH102002,NONAME,Mauritius,MUS,Savanne,MUS.12_1,2002-01-16 12:00,2002-01-16 12:00,2002-01-25 12:00,2002-01-25 12:00,OFCL,OFCL,70087.0,60507.0,116125273.16,533760142.57,"{3: 28638, 4: 41449}","{3: 17927, 4: 42580}",0.0,0.0,0.0,0.0,0.0,0.0,28638.0,17927.0,41449.0,42580.0,0.0,0.0
2002,SH102002,NONAME,Mauritius,MUS,Black River,MUS.2_1,2002-01-16 12:00,2002-01-16 12:00,2002-01-25 12:00,2002-01-25 12:00,OFCL,OFCL,94560.0,72490.0,222606798.97,654995254.44,"{3: 9326, 4: 85234}","{3: 8230, 4: 64260}",0.0,0.0,0.0,0.0,0.0,0.0,9326.0,8230.0,85234.0,64260.0,0.0,0.0
2002,SH102002,NONAME,Mauritius,MUS,Flacq,MUS.3_1,2002-01-16 12:00,2002-01-16 12:00,2002-01-25 12:00,2002-01-25 12:00,OFCL,OFCL,140810.0,148203.0,408235017.53,1538590776.22,{4: 140810},{4: 148203},0.0,0.0,0.0,0.0,0.0,0.0,0.0,0.0,140810.0,148203.0,0.0,0.0
2002,SH102002,NONAME,Mauritius,MUS,Grand Port,MUS.4_1,2002-01-16 12:00,2002-01-16 12:00,2002-01-25 12:00,2002-01-25 12:00,OFCL,OFCL,113523.0,117962.0,254292463.52,988133205.68,"{3: 13467, 4: 100056}","{3: 13252, 4: 104710}",0.0,0.0,0.0,0.0,0.0,0.0,13467.0,13252.0,100056.0,104710.0,0.0,0.0
2002,SH102002,NONAME,Mauritius,MUS,Moka,MUS.5_1,2002-01-16 12:00,2002-01-16 12:00,2002-01-25 12:00,2002-01-25 12:00,OFCL,OFCL,88800.0,144916.0,236023591.42,858915162.98,{4: 88800},{4: 144916},0.0,0.0,0.0,0.0,0.0,0.0,0.0,0.0,88800.0,144916.0,0.0,0.0
2002,SH102002,NONAME,Mauritius,MUS,Pamplemousses,MUS.6_1,2002-01-16 12:00,2002-01-16 12:00,2002-01-25 12:00,2002-01-25 12:00,OFCL,OFCL,148742.0,165109.0,452053313.91,1856923038.66,"{4: 148045, 5: 697}","{4: 164869, 5: 240}",0.0,0.0,0.0,0.0,0.0,0.0,0.0,0.0,148045.0,164869.0,697.0,240.0
2002,SH102002,NONAME,Mauritius,MUS,Plaines Wilhems,MUS.7_1,2002-01-16 12:00,2002-01-16 12:00,2002-01-25 12:00,2002-01-25 12:00,OFCL,OFCL,365517.0,294342.0,896548966.49,1090525890.95,"{3: 1071, 4: 364446}","{3: 6867, 4: 287475}",0.0,0.0,0.0,0.0,0.0,0.0,1071.0,6867.0,364446.0,287475.0,0.0,0.0
2002,SH102002,NONAME,Mauritius,MUS,Port Louis,MUS.8_1,2002-01-16 12:00,2002-01-16 12:00,2002-01-25 12:00,2002-01-25 12:00,OFCL,OFCL,111040.0,100326.0,287820882.61,335424165.79,{4: 111040},{4: 100326},0.0,0.0,0.0,0.0,0.0,0.0,0.0,0.0,111040.0,100326.0,0.0,0.0
2002,SH102002,NONAME,Mauritius,MUS,Rivière du Rempart,MUS.9_1,2002-01-16 12:00,,2002-01-25 12:00,,OFCL,,113200.0,,511969828.67,,"{4: 92766, 5: 20434}",,0.0,,0.0,,0.0,,0.0,,92766.0,,20434.0,
2002,SH102002,NONAME,Mauritius,MUS,,No Adm1,,2002-01-16 12:00,,2002-01-25 12:00,,OFCL,,43832.0,,90396910.83,,"{3: 43525, 4: 307}",,0.0,,0.0,,0.0,,43525.0,,307.0,,0.0
2002,SH102002,NONAME,Reunion,REU,Arrondissement_du_vent,REU,,2002-01-16 12:00,,2002-01-25 12:00,,OFCL,,256754.0,,2592886347.21,,"{3: 11861, 4: 243986, 5: 907}",,0.0,,0.0,,0.0,,11861.0,,243986.0,,907.0
2002,SH102002,NONAME,Reunion,REU,Arrondissement_souse_le_vent,REU,,2002-01-16 12:00,,2002-01-25 12:00,,OFCL,,447764.0,,2720522272.24,,"{3: 313390, 4: 133239, 5: 1135}",,0.0,,0.0,,0.0,,313390.0,,133239.0,,1135.0
2002,SH102002,NONAME,Reunion,REU,Saint-Benoît,REU.1_1,2002-01-16 12:00,,2002-01-25 12:00,,OFCL,,140447.0,,847570988.42,,"{3: 22889, 4: 117558}",,0.0,,0.0,,0.0,,22889.0,,117558.0,,0.0,
2002,SH102002,NONAME,Reunion,REU,Saint-Denis,REU.2_1,2002-01-16 12:00,,2002-01-25 12:00,,OFCL,,308269.0,,2598811213.01,,"{3: 22091, 4: 286178}",,0.0,,0.0,,0.0,,22091.0,,286178.0,,0.0,
2002,SH102002,NONAME,Reunion,REU,Saint-Paul,REU.3_1,2002-01-16 12:00,,2002-01-25 12:00,,OFCL,,201260.0,,822379527.93,,"{3: 126652, 4: 74296, 5: 312}",,0.0,,0.0,,0.0,,126652.0,,74296.0,,312.0,
2002,SH102002,NONAME,Reunion,REU,Saint-Pierre,REU.4_1,2002-01-16 12:00,,2002-01-25 12:00,,OFCL,,313164.0,,656580867.83,,"{3: 307271, 4: 5878, 5: 15}",,0.0,,0.0,,0.0,,307271.0,,5878.0,,15.0,
2002,SH152002,NONAME,Madagascar,MDG,Analanjirofo,MDG,,2002-02-14 12:00,,2002-02-22 18:00,,OFCL,,188.0,,0.0,,{0: 188},,188.0,,0.0,,0.0,,0.0,,0.0,,0.0
2002,SH152002,NONAME,Madagascar,MDG,Sava,MDG,,2002-02-14 12:00,,2002-02-22 18:00,,OFCL,,882.0,,0.0,,{0: 882},,882.0,,0.0,,0.0,,0.0,,0.0,,0.0
2002,SH152002,NONAME,Madagascar,MDG,Antsiranana,MDG.2_1,2002-02-14 12:00,,2002-02-22 18:00,,OFCL,,15149.0,,366.48,,{0: 15149},,15149.0,,0.0,,0.0,,0.0,,0.0,,0.0,
2002,SH152002,NONAME,Madagascar,MDG,Toamasina,MDG.5_1,2002-02-14 12:00,,2002-02-22 18:00,,OFCL,,39867.0,,176.77,,{0: 39867},,39867.0,,0.0,,0.0,,0.0,,0.0,,0.0,
2002,SH152002,NONAME,Mauritius,MUS,Riviere Du Rempart,MUS,,2002-02-14 12:00,,2002-02-22 18:00,,OFCL,,123738.0,,118170.33,,"{0: 1287, 1: 122451}",,1287.0,,122451.0,,0.0,,0.0,,0.0,,0.0
2002,SH152002,NONAME,Mauritius,MUS,Savanne,MUS.12_1,2002-02-14 12:00,2002-02-14 12:00,2002-02-22 18:00,2002-02-22 18:00,OFCL,OFCL,70087.0,60507.0,131607.31,169688.16,"{0: 18, 1: 70069}","{0: 302, 1: 60205}",18.0,302.0,70069.0,60205.0,0.0,0.0,0.0,0.0,0.0,0.0,0.0,0.0
2002,SH152002,NONAME,Mauritius,MUS,Black River,MUS.2_1,2002-02-14 12:00,2002-02-14 12:00,2002-02-22 18:00,2002-02-22 18:00,OFCL,OFCL,77191.0,72490.0,29987.09,33154.56,"{0: 52834, 1: 24357}","{0: 27447, 1: 45043}",52834.0,27447.0,24357.0,45043.0,0.0,0.0,0.0,0.0,0.0,0.0,0.0,0.0
2002,SH152002,NONAME,Mauritius,MUS,Flacq,MUS.3_1,2002-02-14 12:00,2002-02-14 12:00,2002-02-22 18:00,2002-02-22 18:00,OFCL,OFCL,140810.0,148203.0,370737.75,525650.39,"{0: 9, 1: 140801}","{0: 1640, 1: 146563}",9.0,1640.0,140801.0,146563.0,0.0,0.0,0.0,0.0,0.0,0.0,0.0,0.0
2002,SH152002,NONAME,Mauritius,MUS,Grand Port,MUS.4_1,2002-02-14 12:00,2002-02-14 12:00,2002-02-22 18:00,2002-02-22 18:00,OFCL,OFCL,113523.0,117962.0,388795.99,514905.07,{1: 113523},{1: 117962},0.0,0.0,113523.0,117962.0,0.0,0.0,0.0,0.0,0.0,0.0,0.0,0.0
2002,SH152002,NONAME,Mauritius,MUS,Moka,MUS.5_1,2002-02-14 12:00,2002-02-14 12:00,2002-02-22 18:00,2002-02-22 18:00,OFCL,OFCL,88800.0,144916.0,103071.22,97040.63,"{0: 13719, 1: 75081}","{0: 49957, 1: 94959}",13719.0,49957.0,75081.0,94959.0,0.0,0.0,0.0,0.0,0.0,0.0,0.0,0.0
2002,SH152002,NONAME,Mauritius,MUS,Pamplemousses,MUS.6_1,2002-02-14 12:00,2002-02-14 12:00,2002-02-22 18:00,2002-02-22 18:00,OFCL,OFCL,146541.0,165109.0,92157.08,94583.22,"{0: 43421, 1: 103120}","{0: 41503, 1: 123606}",43421.0,41503.0,103120.0,123606.0,0.0,0.0,0.0,0.0,0.0,0.0,0.0,0.0
2002,SH152002,NONAME,Mauritius,MUS,Plaines Wilhems,MUS.7_1,2002-02-14 12:00,2002-02-14 12:00,2002-02-22 18:00,2002-02-22 18:00,OFCL,OFCL,323131.0,289363.0,84895.25,7721.21,"{0: 186981, 1: 136150}","{0: 228736, 1: 60627}",186981.0,228736.0,136150.0,60627.0,0.0,0.0,0.0,0.0,0.0,0.0,0.0,0.0
2002,SH152002,NONAME,Mauritius,MUS,Port Louis,MUS.8_1,2002-02-14 12:00,2002-02-14 12:00,2002-02-22 18:00,2002-02-22 18:00,OFCL,OFCL,66994.0,100326.0,4302.74,2092.63,"{0: 66431, 1: 563}","{0: 86309, 1: 14017}",66431.0,86309.0,563.0,14017.0,0.0,0.0,0.0,0.0,0.0,0.0,0.0,0.0
2002,SH152002,NONAME,Mauritius,MUS,Rivière du Rempart,MUS.9_1,2002-02-14 12:00,,2002-02-22 18:00,,OFCL,,113200.0,,130388.14,,"{0: 18, 1: 113182}",,18.0,,113182.0,,0.0,,0.0,,0.0,,0.0,
2002,SH152002,NONAME,Mauritius,MUS,,No Adm1,,2002-02-14 12:00,,2002-02-22 18:00,,OFCL,,307.0,,239.42,,{1: 307},,0.0,,307.0,,0.0,,0.0,,0.0,,0.0
2002,SH152002,NONAME,Reunion,REU,Saint-Pierre,REU.4_1,2002-02-14 12:00,,2002-02-22 18:00,,OFCL,,23.0,,4642.83,,{0: 23},,23.0,,0.0,,0.0,,0.0,,0.0,,0.0,
2002,SH182002,NONAME,Madagascar,MDG,Alaotra Mangoro,MDG,,2002-03-05 00:00,,2002-03-14 00:00,,OFCL,,878491.0,,223506.53,,"{0: 353427, 1: 523080, 2: 1984}",,353427.0,,523080.0,,1984.0,,0.0,,0.0,,0.0
2002,SH182002,NONAME,Madagascar,MDG,Analamanga,MDG,,2002-03-05 00:00,,2002-03-14 00:00,,OFCL,,106224.0,,96.52,,{0: 106224},,106224.0,,0.0,,0.0,,0.0,,0.0,,0.0
2002,SH182002,NONAME,Madagascar,MDG,Analanjirofo,MDG,,2002-03-05 00:00,,2002-03-14 00:00,,OFCL,,1464470.0,,177874273.39,,"{0: 6116, 1: 469289, 2: 492951, 3: 417284, 4: 66317, 5: 12513}",,6116.0,,469289.0,,492951.0,,417284.0,,66317.0,,12513.0
2002,SH182002,NONAME,Madagascar,MDG,Atsinanana,MDG,,2002-03-05 00:00,,2002-03-14 00:00,,OFCL,,536271.0,,690912.87,,"{0: 160252, 1: 301205, 2: 74814}",,160252.0,,301205.0,,74814.0,,0.0,,0.0,,0.0
2002,SH182002,NONAME,Madagascar,MDG,Betsiboka,MDG,,2002-03-05 00:00,,2002-03-14 00:00,,OFCL,,65478.0,,1657.56,,"{0: 55770, 1: 9708}",,55770.0,,9708.0,,0.0,,0.0,,0.0,,0.0
2002,SH182002,NONAME,Madagascar,MDG,Diana,MDG,,2002-03-05 00:00,,2002-03-14 00:00,,OFCL,,822351.0,,50794.64,,"{0: 687039, 1: 129348, 2: 5964}",,687039.0,,129348.0,,5964.0,,0.0,,0.0,,0.0
2002,SH182002,NONAME,Madagascar,MDG,Sava,MDG,,2002-03-05 00:00,,2002-03-14 00:00,,OFCL,,1024725.0,,396858085.48,,"{0: 527, 1: 121109, 2: 348860, 3: 349712, 4: 170289, 5: 34228}",,527.0,,121109.0,,348860.0,,349712.0,,170289.0,,34228.0
2002,SH182002,NONAME,Madagascar,MDG,Sofia,MDG,,2002-03-05 00:00,,2002-03-14 00:00,,OFCL,,1239838.0,,7943082.0,,"{0: 561702, 1: 396123, 2: 257031, 3: 24982}",,561702.0,,396123.0,,257031.0,,24982.0,,0.0,,0.0
2002,SH182002,NONAME,Madagascar,MDG,Vatovavy Fitovinany,MDG,,2002-03-05 00:00,,2002-03-14 00:00,,OFCL,,36.0,,1.5,,{0: 36},,36.0,,0.0,,0.0,,0.0,,0.0,,0.0
2002,SH182002,NONAME,Madagascar,MDG,Antananarivo,MDG.1_1,2002-03-05 00:00,,2002-03-14 00:00,,OFCL,,1874675.0,,27944.09,,"{0: 1853297, 1: 21378}",,1853297.0,,21378.0,,0.0,,0.0,,0.0,,0.0,
2002,SH182002,NONAME,Madagascar,MDG,Antsiranana,MDG.2_1,2002-03-05 00:00,,2002-03-14 00:00,,OFCL,,2122583.0,,303624450.05,,"{0: 327608, 1: 695721, 2: 287131, 3: 481655, 4: 139014, 5: 191454}",,327608.0,,695721.0,,287131.0,,481655.0,,139014.0,,191454.0,
2002,SH182002,NONAME,Madagascar,MDG,Fianarantsoa,MDG.3_1,2002-03-05 00:00,,2002-03-14 00:00,,OFCL,,3335.0,,23065.5,,{0: 3335},,3335.0,,0.0,,0.0,,0.0,,0.0,,0.0,
2002,SH182002,NONAME,Madagascar,MDG,Mahajanga,MDG.4_1,2002-03-05 00:00,,2002-03-14 00:00,,OFCL,,1846874.0,,17340737.77,,"{0: 681137, 1: 616067, 2: 383821, 3: 165849}",,681137.0,,616067.0,,383821.0,,165849.0,,0.0,,0.0,
2002,SH182002,NONAME,Madagascar,MDG,Toamasina,MDG.5_1,2002-03-05 00:00,,2002-03-14 00:00,,OFCL,,3296479.0,,237653414.58,,"{0: 404450, 1: 964310, 2: 1039144, 3: 591386, 4: 199671, 5: 97518}",,404450.0,,964310.0,,1039144.0,,591386.0,,199671.0,,97518.0,
2002,SH182002,NONAME,Mauritius,MUS,Agalega Islands,MUS.1_1,2002-03-05 00:00,,2002-03-14 00:00,,OFCL,,262.0,,1221.19,,{1: 262},,0.0,,262.0,,0.0,,0.0,,0.0,,0.0,
2002,SH182002,NONAME,Mauritius,MUS,Black River,MUS.2_1,2002-03-05 00:00,,2002-03-14 00:00,,OFCL,,38.0,,826.65,,{0: 38},,38.0,,0.0,,0.0,,0.0,,0.0,,0.0,
2002,SH182002,NONAME,Reunion,REU,Arrondissement_du_vent,REU,,2002-03-05 00:00,,2002-03-14 00:00,,OFCL,,59205.0,,265.79,,{0: 59205},,59205.0,,0.0,,0.0,,0.0,,0.0,,0.0
2002,SH182002,NONAME,Reunion,REU,Arrondissement_souse_le_vent,REU,,2002-03-05 00:00,,2002-03-14 00:00,,OFCL,,83391.0,,15215.23,,{0: 83391},,83391.0,,0.0,,0.0,,0.0,,0.0,,0.0
2002,SH182002,NONAME,Reunion,REU,Saint-Benoît,REU.1_1,2002-03-05 00:00,,2002-03-14 00:00,,OFCL,,211.0,,23736.52,,{0: 211},,211.0,,0.0,,0.0,,0.0,,0.0,,0.0,
2002,SH182002,NONAME,Reunion,REU,Saint-Denis,REU.2_1,2002-03-05 00:00,,2002-03-14 00:00,,OFCL,,2560.0,,1757185.87,,{0: 2560},,2560.0,,0.0,,0.0,,0.0,,0.0,,0.0,
2002,SH182002,NONAME,Reunion,REU,Saint-Paul,REU.3_1,2002-03-05 00:00,,2002-03-14 00:00,,OFCL,,3671.0,,4139075.49,,{0: 3671},,3671.0,,0.0,,0.0,,0.0,,0.0,,0.0,
2002,SH182002,NONAME,Reunion,REU,Saint-Pierre,REU.4_1,2002-03-05 00:00,,2002-03-14 00:00,,OFCL,,3229.0,,1069389.45,,{0: 3229},,3229.0,,0.0,,0.0,,0.0,,0.0,,0.0,
2002,SH182002,NONAME,Seychelles,SYC,Aldabra,SYC,,2002-03-05 00:00,,2002-03-14 00:00,,OFCL,,0.0,,0.18,,{0: 0},,0.0,,0.0,,0.0,,0.0,,0.0,,0.0
2002,SH182002,NONAME,Seychelles,SYC,Cosmoledo,SYC,,2002-03-05 00:00,,2002-03-14 00:00,,OFCL,,0.0,,0.73,,{0: 0},,0.0,,0.0,,0.0,,0.0,,0.0,,0.0
2002,SH182002,NONAME,Seychelles,SYC,Farquhar,SYC,,2002-03-05 00:00,,2002-03-14 00:00,,OFCL,,10.0,,2462.36,,{1: 10},,0.0,,10.0,,0.0,,0.0,,0.0,,0.0
2002,SH182002,NONAME,Seychelles,SYC,Grand Anse Mahe,SYC,,2002-03-05 00:00,,2002-03-14 00:00,,OFCL,,0.0,,44.9,,{1: 0},,0.0,,0.0,,0.0,,0.0,,0.0,,0.0
2002,SH182002,NONAME,Seychelles,SYC,Providence,SYC,,2002-03-05 00:00,,2002-03-14 00:00,,OFCL,,1.0,,2.7,,{0: 1},,1.0,,0.0,,0.0,,0.0,,0.0,,0.0
2002,SH182002,NONAME,Seychelles,SYC,Outer Islands,SYC.20_1,2002-03-05 00:00,,2002-03-14 00:00,,OFCL,,43.0,,736.38,,"{0: 8, 1: 35}",,8.0,,35.0,,0.0,,0.0,,0.0,,0.0,
2002,SH182002,NONAME,Tanzania,TZA,Arusha,TZA,,2002-03-05 00:00,,2002-03-14 00:00,,OFCL,,0.0,,2244.68,,{1: 0},,0.0,,0.0,,0.0,,0.0,,0.0,,0.0
2002,SH232002,NONAME,Madagascar,MDG,Alaotra Mangoro,MDG,,2002-05-02 06:00,,2002-05-11 18:00,,OFCL,,1782.0,,0.01,,{0: 1782},,1782.0,,0.0,,0.0,,0.0,,0.0,,0.0
2002,SH232002,NONAME,Madagascar,MDG,Betsiboka,MDG,,2002-05-02 06:00,,2002-05-11 18:00,,OFCL,,261.0,,0.0,,{0: 261},,261.0,,0.0,,0.0,,0.0,,0.0,,0.0
2002,SH232002,NONAME,Madagascar,MDG,Boeny,MDG,,2002-05-02 06:00,,2002-05-11 18:00,,OFCL,,8812.0,,1.0,,{0: 8812},,8812.0,,0.0,,0.0,,0.0,,0.0,,0.0
2002,SH232002,NONAME,Madagascar,MDG,Diana,MDG,,2002-05-02 06:00,,2002-05-11 18:00,,OFCL,,856750.0,,2025097.72,,"{0: 87763, 1: 561539, 2: 207448}",,87763.0,,561539.0,,207448.0,,0.0,,0.0,,0.0
2002,SH232002,NONAME,Madagascar,MDG,Sava,MDG,,2002-05-02 06:00,,2002-05-11 18:00,,OFCL,,398499.0,,2197069.81,,"{0: 201048, 1: 131143, 2: 66308}",,201048.0,,131143.0,,66308.0,,0.0,,0.0,,0.0
2002,SH232002,NONAME,Madagascar,MDG,Sofia,MDG,,2002-05-02 06:00,,2002-05-11 18:00,,OFCL,,691585.0,,4602.66,,"{0: 672337, 1: 19248}",,672337.0,,19248.0,,0.0,,0.0,,0.0,,0.0
2002,SH232002,NONAME,Madagascar,MDG,Antsiranana,MDG.2_1,2002-05-02 06:00,,2002-05-11 18:00,,OFCL,,1760485.0,,18797317.55,,"{0: 400533, 1: 490360, 2: 740181, 3: 129411}",,400533.0,,490360.0,,740181.0,,129411.0,,0.0,,0.0,
2002,SH232002,NONAME,Madagascar,MDG,Mahajanga,MDG.4_1,2002-05-02 06:00,,2002-05-11 18:00,,OFCL,,1577488.0,,243748.24,,"{0: 1283411, 1: 293616, 2: 461}",,1283411.0,,293616.0,,461.0,,0.0,,0.0,,0.0,
2002,SH232002,NONAME,Madagascar,MDG,Toamasina,MDG.5_1,2002-05-02 06:00,,2002-05-11 18:00,,OFCL,,5553.0,,49.39,,{0: 5553},,5553.0,,0.0,,0.0,,0.0,,0.0,,0.0,
2002,SH232002,NONAME,Tanzania,TZA,Arusha,TZA,,2002-05-02 06:00,,2002-05-11 18:00,,OFCL,,0.0,,0.03,,{0: 0},,0.0,,0.0,,0.0,,0.0,,0.0,,0.0
2003,SH012003,NONAME,Seychelles,SYC,Anse Aux Pins,SYC,,2002-09-05 12:00,,2002-09-09 00:00,,OFCL,,3324.0,,22.75,,{0: 3324},,3324.0,,0.0,,0.0,,0.0,,0.0,,0.0
2003,SH012003,NONAME,Seychelles,SYC,Anse Etoile,SYC,,2002-09-05 12:00,,2002-09-09 00:00,,OFCL,,4620.0,,6.21,,{0: 4620},,4620.0,,0.0,,0.0,,0.0,,0.0,,0.0
2003,SH012003,NONAME,Seychelles,SYC,Aride,SYC,,2002-09-05 12:00,,2002-09-09 00:00,,OFCL,,1.0,,1.48,,{0: 1},,1.0,,0.0,,0.0,,0.0,,0.0,,0.0
2003,SH012003,NONAME,Seychelles,SYC,Cerf Island,SYC,,2002-09-05 12:00,,2002-09-09 00:00,,OFCL,,747.0,,0.76,,{0: 747},,747.0,,0.0,,0.0,,0.0,,0.0,,0.0
2003,SH012003,NONAME,Seychelles,SYC,Conception,SYC,,2002-09-05 12:00,,2002-09-09 00:00,,OFCL,,74.0,,8.09,,{0: 74},,74.0,,0.0,,0.0,,0.0,,0.0,,0.0
2003,SH012003,NONAME,Seychelles,SYC,Cousin,SYC,,2002-09-05 12:00,,2002-09-09 00:00,,OFCL,,96.0,,1.23,,{0: 96},,96.0,,0.0,,0.0,,0.0,,0.0,,0.0
2003,SH012003,NONAME,Seychelles,SYC,Curieuse,SYC,,2002-09-05 12:00,,2002-09-09 00:00,,OFCL,,779.0,,3.18,,{0: 779},,779.0,,0.0,,0.0,,0.0,,0.0,,0.0
2003,SH012003,NONAME,Seychelles,SYC,Felicite,SYC,,2002-09-05 12:00,,2002-09-09 00:00,,OFCL,,7.0,,5.74,,{0: 7},,7.0,,0.0,,0.0,,0.0,,0.0,,0.0
2003,SH012003,NONAME,Seychelles,SYC,Fregate,SYC,,2002-09-05 12:00,,2002-09-09 00:00,,OFCL,,5.0,,15.81,,{0: 5},,5.0,,0.0,,0.0,,0.0,,0.0,,0.0
2003,SH012003,NONAME,Seychelles,SYC,Grand Anse Mahe,SYC,,2002-09-05 12:00,,2002-09-09 00:00,,OFCL,,4039.0,,1202.61,,{0: 4039},,4039.0,,0.0,,0.0,,0.0,,0.0,,0.0
2003,SH012003,NONAME,Seychelles,SYC,Grande Soeur,SYC,,2002-09-05 12:00,,2002-09-09 00:00,,OFCL,,2.0,,2.26,,{0: 2},,2.0,,0.0,,0.0,,0.0,,0.0,,0.0
2003,SH012003,NONAME,Seychelles,SYC,La Digue,SYC,,2002-09-05 12:00,,2002-09-09 00:00,,OFCL,,3637.0,,175.37,,{0: 3637},,3637.0,,0.0,,0.0,,0.0,,0.0,,0.0
2003,SH012003,NONAME,Seychelles,SYC,Long Island,SYC,,2002-09-05 12:00,,2002-09-09 00:00,,OFCL,,70.0,,3.25,,{0: 70},,70.0,,0.0,,0.0,,0.0,,0.0,,0.0
2003,SH012003,NONAME,Seychelles,SYC,Marianne,SYC,,2002-09-05 12:00,,2002-09-09 00:00,,OFCL,,2.0,,3.94,,{0: 2},,2.0,,0.0,,0.0,,0.0,,0.0,,0.0
2003,SH012003,NONAME,Seychelles,SYC,North Island,SYC,,2002-09-05 12:00,,2002-09-09 00:00,,OFCL,,4.0,,17.0,,{0: 4},,4.0,,0.0,,0.0,,0.0,,0.0,,0.0
2003,SH012003,NONAME,Seychelles,SYC,Petite Soeur,SYC,,2002-09-05 12:00,,2002-09-09 00:00,,OFCL,,1.0,,0.4,,{0: 1},,1.0,,0.0,,0.0,,0.0,,0.0,,0.0
2003,SH012003,NONAME,Seychelles,SYC,Pointe Larue,SYC,,2002-09-05 12:00,,2002-09-09 00:00,,OFCL,,2119.0,,28.08,,{0: 2119},,2119.0,,0.0,,0.0,,0.0,,0.0,,0.0
2003,SH012003,NONAME,Seychelles,SYC,Praslin,SYC,,2002-09-05 12:00,,2002-09-09 00:00,,OFCL,,9666.0,,756.74,,{0: 9666},,9666.0,,0.0,,0.0,,0.0,,0.0,,0.0
2003,SH012003,NONAME,Seychelles,SYC,Roche Caiman,SYC,,2002-09-05 12:00,,2002-09-09 00:00,,OFCL,,733.0,,0.04,,{0: 733},,733.0,,0.0,,0.0,,0.0,,0.0,,0.0
2003,SH012003,NONAME,Seychelles,SYC,Silhouette,SYC,,2002-09-05 12:00,,2002-09-09 00:00,,OFCL,,35.0,,37.85,,{0: 35},,35.0,,0.0,,0.0,,0.0,,0.0,,0.0
2003,SH012003,NONAME,Seychelles,SYC,St Louis,SYC,,2002-09-05 12:00,,2002-09-09 00:00,,OFCL,,1219.0,,0.32,,{0: 1219},,1219.0,,0.0,,0.0,,0.0,,0.0,,0.0
2003,SH012003,NONAME,Seychelles,SYC,Ste Anne,SYC,,2002-09-05 12:00,,2002-09-09 00:00,,OFCL,,543.0,,0.89,,{0: 543},,543.0,,0.0,,0.0,,0.0,,0.0,,0.0
2003,SH012003,NONAME,Seychelles,SYC,Therese,SYC,,2002-09-05 12:00,,2002-09-09 00:00,,OFCL,,95.0,,21.11,,{0: 95},,95.0,,0.0,,0.0,,0.0,,0.0,,0.0
2003,SH012003,NONAME,Seychelles,SYC,Belombre,SYC.10_1,2002-09-05 12:00,2002-09-05 12:00,2002-09-09 00:00,2002-09-09 00:00,OFCL,OFCL,3615.0,2865.0,62.84,121.17,{0: 3615},{0: 2865},3615.0,2865.0,0.0,0.0,0.0,0.0,0.0,0.0,0.0,0.0,0.0,0.0
2003,SH012003,NONAME,Seychelles,SYC,Cascade,SYC.11_1,2002-09-05 12:00,2002-09-05 12:00,2002-09-09 00:00,2002-09-09 00:00,OFCL,OFCL,3077.0,3932.0,95.1,2.06,{0: 3077},{0: 3932},3077.0,3932.0,0.0,0.0,0.0,0.0,0.0,0.0,0.0,0.0,0.0,0.0
2003,SH012003,NONAME,Seychelles,SYC,Glacis,SYC.13_1,2002-09-05 12:00,2002-09-05 12:00,2002-09-09 00:00,2002-09-09 00:00,OFCL,OFCL,1690.0,2938.0,129.33,22.89,{0: 1690},{0: 2938},1690.0,2938.0,0.0,0.0,0.0,0.0,0.0,0.0,0.0,0.0,0.0,0.0
2003,SH012003,NONAME,Seychelles,SYC,Grand' Anse,SYC.14_1,2002-09-05 12:00,,2002-09-09 00:00,,OFCL,,3823.0,,1075.44,,{0: 3823},,3823.0,,0.0,,0.0,,0.0,,0.0,,0.0,
2003,SH012003,NONAME,Seychelles,SYC,Grand'Anse Praslin,SYC.15_1,2002-09-05 12:00,,2002-09-09 00:00,,OFCL,,4382.0,,1345.1,,{0: 4382},,4382.0,,0.0,,0.0,,0.0,,0.0,,0.0,
2003,SH012003,NONAME,Seychelles,SYC,La Digue and Inner Islands,SYC.16_1,2002-09-05 12:00,,2002-09-09 00:00,,OFCL,,4165.0,,1347.37,,{0: 4165},,4165.0,,0.0,,0.0,,0.0,,0.0,,0.0,
2003,SH012003,NONAME,Seychelles,SYC,Les Mamelles,SYC.17_1,2002-09-05 12:00,2002-09-05 12:00,2002-09-09 00:00,2002-09-09 00:00,OFCL,OFCL,812.0,3044.0,1.46,3.06,{0: 812},{0: 3044},812.0,3044.0,0.0,0.0,0.0,0.0,0.0,0.0,0.0,0.0,0.0,0.0
2003,SH012003,NONAME,Seychelles,SYC,Mont Fleuri,SYC.19_1,2002-09-05 12:00,2002-09-05 12:00,2002-09-09 00:00,2002-09-09 00:00,OFCL,OFCL,1060.0,1545.0,253.12,34.64,{0: 1060},{0: 1545},1060.0,1545.0,0.0,0.0,0.0,0.0,0.0,0.0,0.0,0.0,0.0,0.0
2003,SH012003,NONAME,Seychelles,SYC,Anse aux Pins,SYC.1_1,2002-09-05 12:00,,2002-09-09 00:00,,OFCL,,3957.0,,37274.55,,{0: 3957},,3957.0,,0.0,,0.0,,0.0,,0.0,,0.0,
2003,SH012003,NONAME,Seychelles,SYC,Outer Islands,SYC.20_1,2002-09-05 12:00,,2002-09-09 00:00,,OFCL,,28.0,,28.25,,{0: 28},,28.0,,0.0,,0.0,,0.0,,0.0,,0.0,
2003,SH012003,NONAME,Seychelles,SYC,Plaisance,SYC.21_1,2002-09-05 12:00,2002-09-05 12:00,2002-09-09 00:00,2002-09-09 00:00,OFCL,OFCL,1887.0,3832.0,209.56,47.98,{0: 1887},{0: 3832},1887.0,3832.0,0.0,0.0,0.0,0.0,0.0,0.0,0.0,0.0,0.0,0.0
2003,SH012003,NONAME,Seychelles,SYC,Pointe La Rue,SYC.22_1,2002-09-05 12:00,,2002-09-09 00:00,,OFCL,,4074.0,,3356.54,,{0: 4074},,4074.0,,0.0,,0.0,,0.0,,0.0,,0.0,
2003,SH012003,NONAME,Seychelles,SYC,Port Glaud,SYC.23_1,2002-09-05 12:00,2002-09-05 12:00,2002-09-09 00:00,2002-09-09 00:00,OFCL,OFCL,3053.0,3539.0,3066.77,3545.59,{0: 3053},{0: 3539},3053.0,3539.0,0.0,0.0,0.0,0.0,0.0,0.0,0.0,0.0,0.0,0.0
2003,SH012003,NONAME,Seychelles,SYC,Takamaka,SYC.26_1,2002-09-05 12:00,2002-09-05 12:00,2002-09-09 00:00,2002-09-09 00:00,OFCL,OFCL,3083.0,3463.0,3898.53,1478.37,"{0: 3074, 1: 9}","{0: 3199, 1: 264}",3074.0,3199.0,9.0,264.0,0.0,0.0,0.0,0.0,0.0,0.0,0.0,0.0
2003,SH012003,NONAME,Seychelles,SYC,Anse Boileau,SYC.2_1,2002-09-05 12:00,2002-09-05 12:00,2002-09-09 00:00,2002-09-09 00:00,OFCL,OFCL,3446.0,3266.0,90.82,257.91,{0: 3446},{0: 3266},3446.0,3266.0,0.0,0.0,0.0,0.0,0.0,0.0,0.0,0.0,0.0,0.0
2003,SH012003,NONAME,Seychelles,SYC,Anse Étoile,SYC.3_1,2002-09-05 12:00,,2002-09-09 00:00,,OFCL,,1717.0,,146.35,,{0: 1717},,1717.0,,0.0,,0.0,,0.0,,0.0,,0.0,
2003,SH012003,NONAME,Seychelles,SYC,Anse Royale,SYC.4_1,2002-09-05 12:00,2002-09-05 12:00,2002-09-09 00:00,2002-09-09 00:00,OFCL,OFCL,4457.0,4448.0,1995.87,65.84,{0: 4457},{0: 4448},4457.0,4448.0,0.0,0.0,0.0,0.0,0.0,0.0,0.0,0.0,0.0,0.0
2003,SH012003,NONAME,Seychelles,SYC,Au Cap,SYC.5_1,2002-09-05 12:00,2002-09-05 12:00,2002-09-09 00:00,2002-09-09 00:00,OFCL,OFCL,5986.0,5110.0,6822.33,14.3,{0: 5986},{0: 5110},5986.0,5110.0,0.0,0.0,0.0,0.0,0.0,0.0,0.0,0.0,0.0,0.0
2003,SH012003,NONAME,Seychelles,SYC,Baie Lazare,SYC.6_1,2002-09-05 12:00,2002-09-05 12:00,2002-09-09 00:00,2002-09-09 00:00,OFCL,OFCL,4376.0,4212.0,5414.11,1678.59,{0: 4376},{0: 4212},4376.0,4212.0,0.0,0.0,0.0,0.0,0.0,0.0,0.0,0.0,0.0,0.0
2003,SH012003,NONAME,Seychelles,SYC,Baie Sainte Anne,SYC.7_1,2002-09-05 12:00,,2002-09-09 00:00,,OFCL,,6583.0,,1279.8,,{0: 6583},,6583.0,,0.0,,0.0,,0.0,,0.0,,0.0,
2003,SH012003,NONAME,Seychelles,SYC,Beau Vallon,SYC.8_1,2002-09-05 12:00,2002-09-05 12:00,2002-09-09 00:00,2002-09-09 00:00,OFCL,OFCL,300.0,2477.0,0.23,2.19,{0: 300},{0: 2477},300.0,2477.0,0.0,0.0,0.0,0.0,0.0,0.0,0.0,0.0,0.0,0.0
2003,SH012003,NONAME,Seychelles,SYC,Bel Air,SYC.9_1,2002-09-05 12:00,2002-09-05 12:00,2002-09-09 00:00,2002-09-09 00:00,OFCL,OFCL,651.0,1414.0,237.05,844.51,{0: 651},"{0: 405, 1: 1009}",651.0,405.0,0.0,1009.0,0.0,0.0,0.0,0.0,0.0,0.0,0.0,0.0
2003,SH022003,NONAME,Comoros,COM,Anjouan,COM,,2002-11-03 06:00,,2002-11-13 00:00,,OFCL,,58828.0,,5254.66,,"{0: 46204, 1: 12624}",,46204.0,,12624.0,,0.0,,0.0,,0.0,,0.0
2003,SH022003,NONAME,Comoros,COM,Moheli,COM,,2002-11-03 06:00,,2002-11-13 00:00,,OFCL,,243448.0,,772.68,,"{0: 229793, 1: 13655}",,229793.0,,13655.0,,0.0,,0.0,,0.0,,0.0
2003,SH022003,NONAME,Comoros,COM,Ngazidja,COM,,2002-11-03 06:00,,2002-11-13 00:00,,OFCL,,223277.0,,1860.77,,"{0: 219416, 1: 3861}",,219416.0,,3861.0,,0.0,,0.0,,0.0,,0.0
2003,SH022003,NONAME,Comoros,COM,Mwali,COM.1_1,2002-11-03 06:00,,2002-11-13 00:00,,OFCL,,67648.0,,134009.41,,"{0: 12505, 1: 55143}",,12505.0,,55143.0,,0.0,,0.0,,0.0,,0.0,
2003,SH022003,NONAME,Comoros,COM,Njazídja,COM.2_1,2002-11-03 06:00,,2002-11-13 00:00,,OFCL,,456208.0,,435586.57,,"{0: 199158, 1: 257050}",,199158.0,,257050.0,,0.0,,0.0,,0.0,,0.0,
2003,SH022003,NONAME,Comoros,COM,Nzwani,COM.3_1,2002-11-03 06:00,,2002-11-13 00:00,,OFCL,,363755.0,,265708.26,,"{0: 6185, 1: 357570}",,6185.0,,357570.0,,0.0,,0.0,,0.0,,0.0,
2003,SH022003,NONAME,Madagascar,MDG,Diana,MDG,,2002-11-03 06:00,,2002-11-13 00:00,,OFCL,,109.0,,0.0,,{0: 109},,109.0,,0.0,,0.0,,0.0,,0.0,,0.0
2003,SH022003,NONAME,Madagascar,MDG,Antsiranana,MDG.2_1,2002-11-03 06:00,,2002-11-13 00:00,,OFCL,,29457.0,,138.78,,{0: 29457},,29457.0,,0.0,,0.0,,0.0,,0.0,,0.0,
2003,SH022003,NONAME,Mozambique,MOZ,Cabo Delgado,MOZ.1_1,2002-11-03 06:00,2002-11-03 06:00,2002-11-13 00:00,2002-11-13 00:00,OFCL,OFCL,203288.0,43547.0,14639.0,6.77,"{0: 173551, 1: 29737}",{0: 43547},173551.0,43547.0,29737.0,0.0,0.0,0.0,0.0,0.0,0.0,0.0,0.0,0.0
2003,SH022003,NONAME,Tanzania,TZA,Lindi,TZA.10_1,2002-11-03 06:00,2002-11-03 06:00,2002-11-13 00:00,2002-11-13 00:00,OFCL,OFCL,95137.0,8279.0,924.38,0.87,"{0: 94984, 1: 153}",{0: 8279},94984.0,8279.0,153.0,0.0,0.0,0.0,0.0,0.0,0.0,0.0,0.0,0.0
2003,SH022003,NONAME,Tanzania,TZA,Mtwara,TZA.15_1,2002-11-03 06:00,2002-11-03 06:00,2002-11-13 00:00,2002-11-13 00:00,OFCL,OFCL,813158.0,448080.0,37173.65,52.38,"{0: 715610, 1: 97548}",{0: 448080},715610.0,448080.0,97548.0,0.0,0.0,0.0,0.0,0.0,0.0,0.0,0.0,0.0
2003,SH052003,NONAME,Mauritius,MUS,Riviere Du Rempart,MUS,,2002-12-22 06:00,,2002-12-29 00:00,,OFCL,,85588.0,,83.44,,{0: 85588},,85588.0,,0.0,,0.0,,0.0,,0.0,,0.0
2003,SH052003,NONAME,Mauritius,MUS,Savanne,MUS.12_1,2002-12-22 06:00,2002-12-22 06:00,2002-12-29 00:00,2002-12-29 00:00,OFCL,OFCL,1655.0,47305.0,1.88,84.3,{0: 1655},{0: 47305},1655.0,47305.0,0.0,0.0,0.0,0.0,0.0,0.0,0.0,0.0,0.0,0.0
2003,SH052003,NONAME,Mauritius,MUS,Black River,MUS.2_1,,2002-12-22 06:00,,2002-12-29 00:00,,OFCL,,23835.0,,2.0,,{0: 23835},,23835.0,,0.0,,0.0,,0.0,,0.0,,0.0
2003,SH052003,NONAME,Mauritius,MUS,Flacq,MUS.3_1,2002-12-22 06:00,2002-12-22 06:00,2002-12-29 00:00,2002-12-29 00:00,OFCL,OFCL,25543.0,113652.0,539.94,1610.65,{0: 25543},{0: 113652},25543.0,113652.0,0.0,0.0,0.0,0.0,0.0,0.0,0.0,0.0,0.0,0.0
2003,SH052003,NONAME,Mauritius,MUS,Grand Port,MUS.4_1,2002-12-22 06:00,2002-12-22 06:00,2002-12-29 00:00,2002-12-29 00:00,OFCL,OFCL,22530.0,79381.0,1089.36,1107.82,{0: 22530},{0: 79381},22530.0,79381.0,0.0,0.0,0.0,0.0,0.0,0.0,0.0,0.0,0.0,0.0
2003,SH052003,NONAME,Mauritius,MUS,Moka,MUS.5_1,2002-12-22 06:00,2002-12-22 06:00,2002-12-29 00:00,2002-12-29 00:00,OFCL,OFCL,1254.0,64680.0,0.12,60.2,{0: 1254},{0: 64680},1254.0,64680.0,0.0,0.0,0.0,0.0,0.0,0.0,0.0,0.0,0.0,0.0
2003,SH052003,NONAME,Mauritius,MUS,Pamplemousses,MUS.6_1,2002-12-22 06:00,2002-12-22 06:00,2002-12-29 00:00,2002-12-29 00:00,OFCL,OFCL,5153.0,55437.0,5.99,60.91,{0: 5153},{0: 55437},5153.0,55437.0,0.0,0.0,0.0,0.0,0.0,0.0,0.0,0.0,0.0,0.0
2003,SH052003,NONAME,Mauritius,MUS,Plaines Wilhems,MUS.7_1,,2002-12-22 06:00,,2002-12-29 00:00,,OFCL,,2182.0,,0.11,,{0: 2182},,2182.0,,0.0,,0.0,,0.0,,0.0,,0.0
2003,SH052003,NONAME,Mauritius,MUS,Port Louis,MUS.8_1,,2002-12-22 06:00,,2002-12-29 00:00,,OFCL,,7983.0,,0.24,,{0: 7983},,7983.0,,0.0,,0.0,,0.0,,0.0,,0.0
2003,SH052003,NONAME,Mauritius,MUS,Rivière du Rempart,MUS.9_1,2002-12-22 06:00,,2002-12-29 00:00,,OFCL,,863.0,,0.1,,{0: 863},,863.0,,0.0,,0.0,,0.0,,0.0,,0.0,
2003,SH052003,NONAME,Mauritius,MUS,,No Adm1,,2002-12-22 06:00,,2002-12-29 00:00,,OFCL,,307.0,,0.16,,{0: 307},,307.0,,0.0,,0.0,,0.0,,0.0,,0.0
2003,SH082003,NONAME,Madagascar,MDG,Mahajanga,MDG.4_1,2002-12-30 12:00,,2003-01-09 12:00,,OFCL,,45271.0,,92.93,,{0: 45271},,45271.0,,0.0,,0.0,,0.0,,0.0,,0.0,
2003,SH082003,NONAME,Mozambique,MOZ,Niassa,MOZ,,2002-12-30 12:00,,2003-01-09 12:00,,OFCL,,61939.0,,0.18,,{0: 61939},,61939.0,,0.0,,0.0,,0.0,,0.0,,0.0
2003,SH082003,NONAME,Mozambique,MOZ,Tete,MOZ.10_1,2002-12-30 12:00,2002-12-30 12:00,2003-01-09 12:00,2003-01-09 12:00,OFCL,OFCL,832632.0,230294.0,69430.78,55.05,"{0: 743400, 1: 89232}",{0: 230294},743400.0,230294.0,89232.0,0.0,0.0,0.0,0.0,0.0,0.0,0.0,0.0,0.0
2003,SH082003,NONAME,Mozambique,MOZ,Zambezia,MOZ.11_1,2002-12-30 12:00,2002-12-30 12:00,2003-01-09 12:00,2003-01-09 12:00,OFCL,OFCL,2435885.0,735370.0,1065898.91,49674.34,"{0: 1948101, 1: 462625, 2: 25159}","{0: 550729, 1: 184641}",1948101.0,550729.0,462625.0,184641.0,25159.0,0.0,0.0,0.0,0.0,0.0,0.0,0.0
2003,SH082003,NONAME,Mozambique,MOZ,Cabo Delgado,MOZ.1_1,2002-12-30 12:00,,2003-01-09 12:00,,OFCL,,119015.0,,617.88,,{0: 119015},,119015.0,,0.0,,0.0,,0.0,,0.0,,0.0,
2003,SH082003,NONAME,Mozambique,MOZ,Nampula,MOZ.7_1,2002-12-30 12:00,2002-12-30 12:00,2003-01-09 12:00,2003-01-09 12:00,OFCL,OFCL,4947507.0,3810784.0,18748301.26,1236082.74,"{0: 1336079, 1: 2475117, 2: 1113458, 3: 22853}","{0: 1722231, 1: 2026068, 2: 62485}",1336079.0,1722231.0,2475117.0,2026068.0,1113458.0,62485.0,22853.0,0.0,0.0,0.0,0.0,0.0
2003,SH082003,NONAME,Mozambique,MOZ,Nassa,MOZ.8_1,2002-12-30 12:00,,2003-01-09 12:00,,OFCL,,453163.0,,13634.56,,{0: 453163},,453163.0,,0.0,,0.0,,0.0,,0.0,,0.0,
2003,SH112003,NONAME,Madagascar,MDG,Alaotra Mangoro,MDG,,2003-01-21 00:00,,2003-02-01 12:00,,OFCL,,83787.0,,4547.73,,"{0: 67335, 1: 16452}",,67335.0,,16452.0,,0.0,,0.0,,0.0,,0.0
2003,SH112003,NONAME,Madagascar,MDG,Amoron'i Mania,MDG,,2003-01-21 00:00,,2003-02-01 12:00,,OFCL,,664188.0,,3938918.91,,"{0: 30549, 1: 377982, 2: 255657}",,30549.0,,377982.0,,255657.0,,0.0,,0.0,,0.0
2003,SH112003,NONAME,Madagascar,MDG,Analamanga,MDG,,2003-01-21 00:00,,2003-02-01 12:00,,OFCL,,470046.0,,11504.12,,"{0: 403116, 1: 66930}",,403116.0,,66930.0,,0.0,,0.0,,0.0,,0.0
2003,SH112003,NONAME,Madagascar,MDG,Anosy,MDG,,2003-01-21 00:00,,2003-02-01 12:00,,OFCL,,51664.0,,57.73,,{0: 51664},,51664.0,,0.0,,0.0,,0.0,,0.0,,0.0
2003,SH112003,NONAME,Madagascar,MDG,Atsimo Andrefana,MDG,,2003-01-21 00:00,,2003-02-01 12:00,,OFCL,,689119.0,,11054.1,,"{0: 619148, 1: 69971}",,619148.0,,69971.0,,0.0,,0.0,,0.0,,0.0
2003,SH112003,NONAME,Madagascar,MDG,Atsimo Atsinanana,MDG,,2003-01-21 00:00,,2003-02-01 12:00,,OFCL,,181394.0,,89.44,,"{0: 181050, 1: 344}",,181050.0,,344.0,,0.0,,0.0,,0.0,,0.0
2003,SH112003,NONAME,Madagascar,MDG,Atsinanana,MDG,,2003-01-21 00:00,,2003-02-01 12:00,,OFCL,,536180.0,,402592.15,,"{0: 187559, 1: 345815, 2: 2806}",,187559.0,,345815.0,,2806.0,,0.0,,0.0,,0.0
2003,SH112003,NONAME,Madagascar,MDG,Haute Matsiatra,MDG,,2003-01-21 00:00,,2003-02-01 12:00,,OFCL,,1150794.0,,7113099.12,,"{0: 38661, 1: 626530, 2: 485603}",,38661.0,,626530.0,,485603.0,,0.0,,0.0,,0.0
2003,SH112003,NONAME,Madagascar,MDG,Ihorombe,MDG,,2003-01-21 00:00,,2003-02-01 12:00,,OFCL,,412554.0,,14156.21,,"{0: 331696, 1: 80858}",,331696.0,,80858.0,,0.0,,0.0,,0.0,,0.0
2003,SH112003,NONAME,Madagascar,MDG,Itasy,MDG,,2003-01-21 00:00,,2003-02-01 12:00,,OFCL,,122781.0,,183.16,,{0: 122781},,122781.0,,0.0,,0.0,,0.0,,0.0,,0.0
2003,SH112003,NONAME,Madagascar,MDG,Menabe,MDG,,2003-01-21 00:00,,2003-02-01 12:00,,OFCL,,12658.0,,7.61,,{0: 12658},,12658.0,,0.0,,0.0,,0.0,,0.0,,0.0
2003,SH112003,NONAME,Madagascar,MDG,Vakinakaratra,MDG,,2003-01-21 00:00,,2003-02-01 12:00,,OFCL,,1585514.0,,1023709.13,,"{0: 515151, 1: 1066867, 2: 3496}",,515151.0,,1066867.0,,3496.0,,0.0,,0.0,,0.0
2003,SH112003,NONAME,Madagascar,MDG,Vatovavy Fitovinany,MDG,,2003-01-21 00:00,,2003-02-01 12:00,,OFCL,,1841487.0,,2427139.88,,"{0: 686051, 1: 1045627, 2: 109809}",,686051.0,,1045627.0,,109809.0,,0.0,,0.0,,0.0
2003,SH112003,NONAME,Madagascar,MDG,Antananarivo,MDG.1_1,2003-01-21 00:00,,2003-02-01 12:00,,OFCL,,3524874.0,,4881590.51,,"{0: 1878193, 1: 1423471, 2: 223210}",,1878193.0,,1423471.0,,223210.0,,0.0,,0.0,,0.0,
2003,SH112003,NONAME,Madagascar,MDG,Fianarantsoa,MDG.3_1,2003-01-21 00:00,,2003-02-01 12:00,,OFCL,,5145983.0,,40663770.22,,"{0: 986456, 1: 1959324, 2: 1968694, 3: 231509}",,986456.0,,1959324.0,,1968694.0,,231509.0,,0.0,,0.0,
2003,SH112003,NONAME,Madagascar,MDG,Toamasina,MDG.5_1,2003-01-21 00:00,,2003-02-01 12:00,,OFCL,,880807.0,,1654242.78,,"{0: 325285, 1: 454572, 2: 100950}",,325285.0,,454572.0,,100950.0,,0.0,,0.0,,0.0,
2003,SH112003,NONAME,Madagascar,MDG,Toliary,MDG.6_1,2003-01-21 00:00,,2003-02-01 12:00,,OFCL,,1429887.0,,401574.75,,"{0: 888599, 1: 541288}",,888599.0,,541288.0,,0.0,,0.0,,0.0,,0.0,
2003,SH162003,NONAME,Madagascar,MDG,Antsiranana,MDG.2_1,2003-02-07 18:00,,2003-02-15 12:00,,OFCL,,67.0,,262.52,,{0: 67},,67.0,,0.0,,0.0,,0.0,,0.0,,0.0,
2003,SH162003,NONAME,Mauritius,MUS,Riviere Du Rempart,MUS,,2003-02-07 18:00,,2003-02-15 12:00,,OFCL,,123738.0,,7914183.21,,"{1: 6304, 2: 117434, 3: 0}",,0.0,,6304.0,,117434.0,,0.0,,0.0,,0.0
2003,SH162003,NONAME,Mauritius,MUS,Rodriguez,MUS.10_1,2003-02-07 18:00,,2003-02-15 12:00,,OFCL,,337.0,,42722.06,,{0: 337},,337.0,,0.0,,0.0,,0.0,,0.0,,0.0,
2003,SH162003,NONAME,Mauritius,MUS,Savanne,MUS.12_1,2003-02-07 18:00,2003-02-07 18:00,2003-02-15 12:00,2003-02-15 12:00,OFCL,OFCL,70087.0,60507.0,245677.11,359753.79,{1: 70087},{1: 60507},0.0,0.0,70087.0,60507.0,0.0,0.0,0.0,0.0,0.0,0.0,0.0,0.0
2003,SH162003,NONAME,Mauritius,MUS,Black River,MUS.2_1,2003-02-07 18:00,2003-02-07 18:00,2003-02-15 12:00,2003-02-15 12:00,OFCL,OFCL,94560.0,72490.0,417084.14,297945.4,"{0: 781, 1: 93779}","{0: 2124, 1: 70366}",781.0,2124.0,93779.0,70366.0,0.0,0.0,0.0,0.0,0.0,0.0,0.0,0.0
2003,SH162003,NONAME,Mauritius,MUS,Flacq,MUS.3_1,2003-02-07 18:00,2003-02-07 18:00,2003-02-15 12:00,2003-02-15 12:00,OFCL,OFCL,140810.0,148203.0,4319806.71,9196666.67,"{1: 99309, 2: 41501}","{1: 112403, 2: 35800}",0.0,0.0,99309.0,112403.0,41501.0,35800.0,0.0,0.0,0.0,0.0,0.0,0.0
2003,SH162003,NONAME,Mauritius,MUS,Grand Port,MUS.4_1,2003-02-07 18:00,2003-02-07 18:00,2003-02-15 12:00,2003-02-15 12:00,OFCL,OFCL,113523.0,117962.0,2898902.73,1633254.84,"{1: 112780, 2: 743}","{1: 116806, 2: 1156}",0.0,0.0,112780.0,116806.0,743.0,1156.0,0.0,0.0,0.0,0.0,0.0,0.0
2003,SH162003,NONAME,Mauritius,MUS,Moka,MUS.5_1,2003-02-07 18:00,2003-02-07 18:00,2003-02-15 12:00,2003-02-15 12:00,OFCL,OFCL,88800.0,144916.0,1109196.58,1289827.27,"{1: 88791, 2: 9}","{1: 144789, 2: 127}",0.0,0.0,88791.0,144789.0,9.0,127.0,0.0,0.0,0.0,0.0,0.0,0.0
2003,SH162003,NONAME,Mauritius,MUS,Pamplemousses,MUS.6_1,2003-02-07 18:00,2003-02-07 18:00,2003-02-15 12:00,2003-02-15 12:00,OFCL,OFCL,148742.0,165109.0,2636797.92,2861310.62,"{1: 137106, 2: 11636}","{1: 149081, 2: 16028}",0.0,0.0,137106.0,149081.0,11636.0,16028.0,0.0,0.0,0.0,0.0,0.0,0.0
2003,SH162003,NONAME,Mauritius,MUS,Plaines Wilhems,MUS.7_1,2003-02-07 18:00,2003-02-07 18:00,2003-02-15 12:00,2003-02-15 12:00,OFCL,OFCL,365517.0,294342.0,1328449.93,356161.46,"{0: 3, 1: 365514}",{1: 294342},3.0,0.0,365514.0,294342.0,0.0,0.0,0.0,0.0,0.0,0.0,0.0,0.0
2003,SH162003,NONAME,Mauritius,MUS,Port Louis,MUS.8_1,2003-02-07 18:00,2003-02-07 18:00,2003-02-15 12:00,2003-02-15 12:00,OFCL,OFCL,111040.0,100326.0,645309.89,156257.67,{1: 111040},{1: 100326},0.0,0.0,111040.0,100326.0,0.0,0.0,0.0,0.0,0.0,0.0,0.0,0.0
2003,SH162003,NONAME,Mauritius,MUS,Rivière du Rempart,MUS.9_1,2003-02-07 18:00,,2003-02-15 12:00,,OFCL,,113200.0,,7609375.22,,"{1: 5474, 2: 107726}",,0.0,,5474.0,,107726.0,,0.0,,0.0,,0.0,
2003,SH162003,NONAME,Mauritius,MUS,,No Adm1,,2003-02-07 18:00,,2003-02-15 12:00,,OFCL,,26226.0,,22483.55,,"{0: 25919, 2: 307}",,25919.0,,0.0,,307.0,,0.0,,0.0,,0.0
2003,SH192003,NONAME,Madagascar,MDG,Atsimo Andrefana,MDG,,2003-02-24 12:00,,2003-03-04 00:00,,OFCL,,10.0,,0.0,,{0: 10},,10.0,,0.0,,0.0,,0.0,,0.0,,0.0
2003,SH192003,NONAME,Madagascar,MDG,Toliary,MDG.6_1,2003-02-24 12:00,,2003-03-04 00:00,,OFCL,,211663.0,,652.21,,{0: 211663},,211663.0,,0.0,,0.0,,0.0,,0.0,,0.0,
2003,SH192003,NONAME,Mozambique,MOZ,Gaza,MOZ.2_1,2003-02-24 12:00,2003-02-24 12:00,2003-03-04 00:00,2003-03-04 00:00,OFCL,OFCL,979700.0,94026.0,292053.33,50381.77,"{0: 909656, 1: 52748, 2: 17265, 3: 31}","{0: 81268, 1: 12201, 2: 557}",909656.0,81268.0,52748.0,12201.0,17265.0,557.0,31.0,0.0,0.0,0.0,0.0,0.0
2003,SH192003,NONAME,Mozambique,MOZ,Inhambane,MOZ.3_1,2003-02-24 12:00,2003-02-24 12:00,2003-03-04 00:00,2003-03-04 00:00,OFCL,OFCL,1506027.0,1367788.0,82341777.2,51737425.67,"{0: 40713, 1: 543816, 2: 526205, 3: 248285, 4: 147008}","{0: 326153, 1: 583270, 2: 212119, 3: 245948, 4: 298}",40713.0,326153.0,543816.0,583270.0,526205.0,212119.0,248285.0,245948.0,147008.0,298.0,0.0,0.0
2003,SH192003,NONAME,Mozambique,MOZ,Manica,MOZ.4_1,2003-02-24 12:00,2003-02-24 12:00,2003-03-04 00:00,2003-03-04 00:00,OFCL,OFCL,1891095.0,1603749.0,20986591.19,4543451.17,"{0: 267879, 1: 969669, 2: 391913, 3: 261634}","{0: 738034, 1: 515344, 2: 350371}",267879.0,738034.0,969669.0,515344.0,391913.0,350371.0,261634.0,0.0,0.0,0.0,0.0,0.0
2003,SH192003,NONAME,Mozambique,MOZ,Maputo,MOZ.6_1,2003-02-24 12:00,,2003-03-04 00:00,,OFCL,,150.0,,1112.42,,{0: 150},,150.0,,0.0,,0.0,,0.0,,0.0,,0.0,
2003,SH192003,NONAME,Mozambique,MOZ,Sofala,MOZ.9_1,2003-02-24 12:00,2003-02-24 12:00,2003-03-04 00:00,2003-03-04 00:00,OFCL,OFCL,1382453.0,1043974.0,8077419.15,2577234.76,"{0: 372986, 1: 736537, 2: 221179, 3: 51751}","{0: 707964, 1: 186340, 2: 149502, 3: 168}",372986.0,707964.0,736537.0,186340.0,221179.0,149502.0,51751.0,168.0,0.0,0.0,0.0,0.0
2003,SH232003,NONAME,Mauritius,MUS,Rodriguez,MUS.10_1,2003-03-03 18:00,,2003-03-16 00:00,,OFCL,,44652.0,,56409694.58,,"{3: 39178, 4: 5474}",,0.0,,0.0,,0.0,,39178.0,,5474.0,,0.0,
2003,SH232003,NONAME,Mauritius,MUS,,No Adm1,,2003-03-03 18:00,,2003-03-16 00:00,,OFCL,,43525.0,,274539377.56,,"{3: 38807, 4: 4718}",,0.0,,0.0,,0.0,,38807.0,,4718.0,,0.0
2003,SH282003,NONAME,Madagascar,MDG,Alaotra Mangoro,MDG,,2003-05-02 00:00,,2003-05-10 18:00,,OFCL,,781872.0,,553738.67,,"{0: 398533, 1: 366435, 2: 16904}",,398533.0,,366435.0,,16904.0,,0.0,,0.0,,0.0
2003,SH282003,NONAME,Madagascar,MDG,Amoron'i Mania,MDG,,2003-05-02 00:00,,2003-05-10 18:00,,OFCL,,413355.0,,20051.4,,"{0: 346530, 1: 66825}",,346530.0,,66825.0,,0.0,,0.0,,0.0,,0.0
2003,SH282003,NONAME,Madagascar,MDG,Analamanga,MDG,,2003-05-02 00:00,,2003-05-10 18:00,,OFCL,,4445700.0,,471487.1,,"{0: 2369663, 1: 2076024, 2: 13}",,2369663.0,,2076024.0,,13.0,,0.0,,0.0,,0.0
2003,SH282003,NONAME,Madagascar,MDG,Analanjirofo,MDG,,2003-05-02 00:00,,2003-05-10 18:00,,OFCL,,355208.0,,54497.02,,"{0: 244604, 1: 110510, 2: 94}",,244604.0,,110510.0,,94.0,,0.0,,0.0,,0.0
2003,SH282003,NONAME,Madagascar,MDG,Atsimo Atsinanana,MDG,,2003-05-02 00:00,,2003-05-10 18:00,,OFCL,,551.0,,0.0,,{0: 551},,551.0,,0.0,,0.0,,0.0,,0.0,,0.0
2003,SH282003,NONAME,Madagascar,MDG,Atsinanana,MDG,,2003-05-02 00:00,,2003-05-10 18:00,,OFCL,,990412.0,,10848771.16,,"{0: 139966, 1: 516569, 2: 314958, 3: 18919}",,139966.0,,516569.0,,314958.0,,18919.0,,0.0,,0.0
2003,SH282003,NONAME,Madagascar,MDG,Betsiboka,MDG,,2003-05-02 00:00,,2003-05-10 18:00,,OFCL,,5433.0,,2.64,,{0: 5433},,5433.0,,0.0,,0.0,,0.0,,0.0,,0.0
2003,SH282003,NONAME,Madagascar,MDG,Bongolava,MDG,,2003-05-02 00:00,,2003-05-10 18:00,,OFCL,,17820.0,,1.14,,{0: 17820},,17820.0,,0.0,,0.0,,0.0,,0.0,,0.0
2003,SH282003,NONAME,Madagascar,MDG,Haute Matsiatra,MDG,,2003-05-02 00:00,,2003-05-10 18:00,,OFCL,,442086.0,,149.58,,{0: 442086},,442086.0,,0.0,,0.0,,0.0,,0.0,,0.0
2003,SH282003,NONAME,Madagascar,MDG,Ihorombe,MDG,,2003-05-02 00:00,,2003-05-10 18:00,,OFCL,,34.0,,0.0,,{0: 34},,34.0,,0.0,,0.0,,0.0,,0.0,,0.0
2003,SH282003,NONAME,Madagascar,MDG,Itasy,MDG,,2003-05-02 00:00,,2003-05-10 18:00,,OFCL,,345415.0,,4634.22,,"{0: 297931, 1: 47484}",,297931.0,,47484.0,,0.0,,0.0,,0.0,,0.0
2003,SH282003,NONAME,Madagascar,MDG,Vakinakaratra,MDG,,2003-05-02 00:00,,2003-05-10 18:00,,OFCL,,1306956.0,,317738.1,,"{0: 727225, 1: 579731}",,727225.0,,579731.0,,0.0,,0.0,,0.0,,0.0
2003,SH282003,NONAME,Madagascar,MDG,Vatovavy Fitovinany,MDG,,2003-05-02 00:00,,2003-05-10 18:00,,OFCL,,944221.0,,59968.88,,"{0: 832158, 1: 112063}",,832158.0,,112063.0,,0.0,,0.0,,0.0,,0.0
2003,SH282003,NONAME,Madagascar,MDG,Antananarivo,MDG.1_1,2003-05-02 00:00,,2003-05-10 18:00,,OFCL,,6952786.0,,7626848.13,,"{0: 1230297, 1: 5411349, 2: 311140}",,1230297.0,,5411349.0,,311140.0,,0.0,,0.0,,0.0,
2003,SH282003,NONAME,Madagascar,MDG,Fianarantsoa,MDG.3_1,2003-05-02 00:00,,2003-05-10 18:00,,OFCL,,3399397.0,,1239986.68,,"{0: 2450156, 1: 942463, 2: 6778}",,2450156.0,,942463.0,,6778.0,,0.0,,0.0,,0.0,
2003,SH282003,NONAME,Madagascar,MDG,Mahajanga,MDG.4_1,2003-05-02 00:00,,2003-05-10 18:00,,OFCL,,26970.0,,729.16,,"{0: 25718, 1: 1252}",,25718.0,,1252.0,,0.0,,0.0,,0.0,,0.0,
2003,SH282003,NONAME,Madagascar,MDG,Toamasina,MDG.5_1,2003-05-02 00:00,,2003-05-10 18:00,,OFCL,,2698868.0,,21179921.33,,"{0: 696541, 1: 1253387, 2: 515241, 3: 233699}",,696541.0,,1253387.0,,515241.0,,233699.0,,0.0,,0.0,
2004,SH032004,NONAME,Madagascar,MDG,Analamanga,MDG,,2003-12-04 00:00,,2003-12-21 18:00,,OFCL,,3730.0,,0.01,,{0: 3730},,3730.0,,0.0,,0.0,,0.0,,0.0,,0.0
2004,SH032004,NONAME,Madagascar,MDG,Androy,MDG,,2003-12-04 00:00,,2003-12-21 18:00,,OFCL,,28395.0,,3.96,,{0: 28395},,28395.0,,0.0,,0.0,,0.0,,0.0,,0.0
2004,SH032004,NONAME,Madagascar,MDG,Atsimo Andrefana,MDG,,2003-12-04 00:00,,2003-12-21 18:00,,OFCL,,281517.0,,658.64,,"{0: 281060, 1: 457}",,281060.0,,457.0,,0.0,,0.0,,0.0,,0.0
2004,SH032004,NONAME,Madagascar,MDG,Betsiboka,MDG,,2003-12-04 00:00,,2003-12-21 18:00,,OFCL,,16738.0,,38.83,,{0: 16738},,16738.0,,0.0,,0.0,,0.0,,0.0,,0.0
2004,SH032004,NONAME,Madagascar,MDG,Boeny,MDG,,2003-12-04 00:00,,2003-12-21 18:00,,OFCL,,410978.0,,5132.44,,"{0: 394381, 1: 16597}",,394381.0,,16597.0,,0.0,,0.0,,0.0,,0.0
2004,SH032004,NONAME,Madagascar,MDG,Bongolava,MDG,,2003-12-04 00:00,,2003-12-21 18:00,,OFCL,,35169.0,,0.41,,{0: 35169},,35169.0,,0.0,,0.0,,0.0,,0.0,,0.0
2004,SH032004,NONAME,Madagascar,MDG,Diana,MDG,,2003-12-04 00:00,,2003-12-21 18:00,,OFCL,,481196.0,,2219.14,,"{0: 461288, 1: 19908}",,461288.0,,19908.0,,0.0,,0.0,,0.0,,0.0
2004,SH032004,NONAME,Madagascar,MDG,Melaky,MDG,,2003-12-04 00:00,,2003-12-21 18:00,,OFCL,,133630.0,,7948.46,,"{0: 102695, 1: 30935}",,102695.0,,30935.0,,0.0,,0.0,,0.0,,0.0
2004,SH032004,NONAME,Madagascar,MDG,Menabe,MDG,,2003-12-04 00:00,,2003-12-21 18:00,,OFCL,,51243.0,,56.67,,{0: 51243},,51243.0,,0.0,,0.0,,0.0,,0.0,,0.0
2004,SH032004,NONAME,Madagascar,MDG,Sava,MDG,,2003-12-04 00:00,,2003-12-21 18:00,,OFCL,,539907.0,,8045.11,,"{0: 466184, 1: 73723}",,466184.0,,73723.0,,0.0,,0.0,,0.0,,0.0
2004,SH032004,NONAME,Madagascar,MDG,Sofia,MDG,,2003-12-04 00:00,,2003-12-21 18:00,,OFCL,,142017.0,,260.27,,"{0: 141853, 1: 164}",,141853.0,,164.0,,0.0,,0.0,,0.0,,0.0
2004,SH032004,NONAME,Madagascar,MDG,Antananarivo,MDG.1_1,2003-12-04 00:00,,2003-12-21 18:00,,OFCL,,333279.0,,7693.34,,"{0: 333011, 1: 268}",,333011.0,,268.0,,0.0,,0.0,,0.0,,0.0,
2004,SH032004,NONAME,Madagascar,MDG,Antsiranana,MDG.2_1,2003-12-04 00:00,,2003-12-21 18:00,,OFCL,,1647809.0,,607694.56,,"{0: 912417, 1: 733429, 2: 1963}",,912417.0,,733429.0,,1963.0,,0.0,,0.0,,0.0,
2004,SH032004,NONAME,Madagascar,MDG,Fianarantsoa,MDG.3_1,2003-12-04 00:00,,2003-12-21 18:00,,OFCL,,2493.0,,2.29,,{0: 2493},,2493.0,,0.0,,0.0,,0.0,,0.0,,0.0,
2004,SH032004,NONAME,Madagascar,MDG,Mahajanga,MDG.4_1,2003-12-04 00:00,,2003-12-21 18:00,,OFCL,,1842847.0,,503810.26,,"{0: 1377777, 1: 464630, 2: 440}",,1377777.0,,464630.0,,440.0,,0.0,,0.0,,0.0,
2004,SH032004,NONAME,Madagascar,MDG,Toamasina,MDG.5_1,2003-12-04 00:00,,2003-12-21 18:00,,OFCL,,681.0,,0.55,,{0: 681},,681.0,,0.0,,0.0,,0.0,,0.0,,0.0,
2004,SH032004,NONAME,Madagascar,MDG,Toliary,MDG.6_1,2003-12-04 00:00,,2003-12-21 18:00,,OFCL,,1956399.0,,421876.0,,"{0: 1790215, 1: 166184}",,1790215.0,,166184.0,,0.0,,0.0,,0.0,,0.0,
2004,SH062004,NONAME,Mauritius,MUS,Riviere Du Rempart,MUS,,2003-12-23 18:00,,2004-01-04 12:00,,OFCL,,123738.0,,554533.22,,{1: 123738},,0.0,,123738.0,,0.0,,0.0,,0.0,,0.0
2004,SH062004,NONAME,Mauritius,MUS,Savanne,MUS.12_1,2003-12-23 18:00,2003-12-23 18:00,2004-01-04 12:00,2004-01-04 12:00,OFCL,OFCL,70087.0,60507.0,406397.66,726722.41,{1: 70087},{1: 60507},0.0,0.0,70087.0,60507.0,0.0,0.0,0.0,0.0,0.0,0.0,0.0,0.0
2004,SH062004,NONAME,Mauritius,MUS,Black River,MUS.2_1,2003-12-23 18:00,2003-12-23 18:00,2004-01-04 12:00,2004-01-04 12:00,OFCL,OFCL,94560.0,72490.0,420836.44,530499.55,{1: 94560},{1: 72490},0.0,0.0,94560.0,72490.0,0.0,0.0,0.0,0.0,0.0,0.0,0.0,0.0
2004,SH062004,NONAME,Mauritius,MUS,Flacq,MUS.3_1,2003-12-23 18:00,2003-12-23 18:00,2004-01-04 12:00,2004-01-04 12:00,OFCL,OFCL,140810.0,148203.0,749184.67,1077945.63,{1: 140810},{1: 148203},0.0,0.0,140810.0,148203.0,0.0,0.0,0.0,0.0,0.0,0.0,0.0,0.0
2004,SH062004,NONAME,Mauritius,MUS,Grand Port,MUS.4_1,2003-12-23 18:00,2003-12-23 18:00,2004-01-04 12:00,2004-01-04 12:00,OFCL,OFCL,113523.0,117962.0,720719.42,1008932.42,{1: 113523},{1: 117962},0.0,0.0,113523.0,117962.0,0.0,0.0,0.0,0.0,0.0,0.0,0.0,0.0
2004,SH062004,NONAME,Mauritius,MUS,Moka,MUS.5_1,2003-12-23 18:00,2003-12-23 18:00,2004-01-04 12:00,2004-01-04 12:00,OFCL,OFCL,88800.0,144916.0,377773.39,458713.75,{1: 88800},{1: 144916},0.0,0.0,88800.0,144916.0,0.0,0.0,0.0,0.0,0.0,0.0,0.0,0.0
2004,SH062004,NONAME,Mauritius,MUS,Pamplemousses,MUS.6_1,2003-12-23 18:00,2003-12-23 18:00,2004-01-04 12:00,2004-01-04 12:00,OFCL,OFCL,148742.0,165109.0,752931.19,1100446.32,{1: 148742},{1: 165109},0.0,0.0,148742.0,165109.0,0.0,0.0,0.0,0.0,0.0,0.0,0.0,0.0
2004,SH062004,NONAME,Mauritius,MUS,Plaines Wilhems,MUS.7_1,2003-12-23 18:00,2003-12-23 18:00,2004-01-04 12:00,2004-01-04 12:00,OFCL,OFCL,365517.0,294342.0,878613.71,210966.51,{1: 365517},{1: 294342},0.0,0.0,365517.0,294342.0,0.0,0.0,0.0,0.0,0.0,0.0,0.0,0.0
2004,SH062004,NONAME,Mauritius,MUS,Port Louis,MUS.8_1,2003-12-23 18:00,2003-12-23 18:00,2004-01-04 12:00,2004-01-04 12:00,OFCL,OFCL,111040.0,100326.0,239889.38,78184.0,{1: 111040},{1: 100326},0.0,0.0,111040.0,100326.0,0.0,0.0,0.0,0.0,0.0,0.0,0.0,0.0
2004,SH062004,NONAME,Mauritius,MUS,Rivière du Rempart,MUS.9_1,2003-12-23 18:00,,2004-01-04 12:00,,OFCL,,113200.0,,479352.25,,{1: 113200},,0.0,,113200.0,,0.0,,0.0,,0.0,,0.0,
2004,SH062004,NONAME,Mauritius,MUS,,No Adm1,,2003-12-23 18:00,,2004-01-04 12:00,,OFCL,,307.0,,1456.49,,{1: 307},,0.0,,307.0,,0.0,,0.0,,0.0,,0.0
2004,SH092004,NONAME,Comoros,COM,Anjouan,COM,,2004-01-25 06:00,,2004-02-05 00:00,,OFCL,,28442.0,,7.45,,{0: 28442},,28442.0,,0.0,,0.0,,0.0,,0.0,,0.0
2004,SH092004,NONAME,Comoros,COM,Moheli,COM,,2004-01-25 06:00,,2004-02-05 00:00,,OFCL,,85464.0,,0.21,,{0: 85464},,85464.0,,0.0,,0.0,,0.0,,0.0,,0.0
2004,SH092004,NONAME,Comoros,COM,Mwali,COM.1_1,2004-01-25 06:00,,2004-02-05 00:00,,OFCL,,24602.0,,7190.96,,"{0: 21125, 1: 3477}",,21125.0,,3477.0,,0.0,,0.0,,0.0,,0.0,
2004,SH092004,NONAME,Comoros,COM,Nzwani,COM.3_1,2004-01-25 06:00,,2004-02-05 00:00,,OFCL,,48673.0,,4253.67,,"{0: 43529, 1: 5144}",,43529.0,,5144.0,,0.0,,0.0,,0.0,,0.0,
2004,SH092004,NONAME,Madagascar,MDG,Alaotra Mangoro,MDG,,2004-01-25 06:00,,2004-02-05 00:00,,OFCL,,935349.0,,451005.75,,"{0: 217970, 1: 714927, 2: 2452}",,217970.0,,714927.0,,2452.0,,0.0,,0.0,,0.0
2004,SH092004,NONAME,Madagascar,MDG,Amoron'i Mania,MDG,,2004-01-25 06:00,,2004-02-05 00:00,,OFCL,,667835.0,,2886328.17,,"{0: 101948, 1: 412145, 2: 153742}",,101948.0,,412145.0,,153742.0,,0.0,,0.0,,0.0
2004,SH092004,NONAME,Madagascar,MDG,Analamanga,MDG,,2004-01-25 06:00,,2004-02-05 00:00,,OFCL,,3779785.0,,100032.28,,"{0: 3341383, 1: 438402}",,3341383.0,,438402.0,,0.0,,0.0,,0.0,,0.0
2004,SH092004,NONAME,Madagascar,MDG,Analanjirofo,MDG,,2004-01-25 06:00,,2004-02-05 00:00,,OFCL,,475360.0,,2137.25,,"{0: 470328, 1: 5032}",,470328.0,,5032.0,,0.0,,0.0,,0.0,,0.0
2004,SH092004,NONAME,Madagascar,MDG,Atsimo Andrefana,MDG,,2004-01-25 06:00,,2004-02-05 00:00,,OFCL,,40513.0,,72011.4,,"{0: 23459, 1: 16687, 2: 367}",,23459.0,,16687.0,,367.0,,0.0,,0.0,,0.0
2004,SH092004,NONAME,Madagascar,MDG,Atsimo Atsinanana,MDG,,2004-01-25 06:00,,2004-02-05 00:00,,OFCL,,359510.0,,352.78,,"{0: 359424, 1: 86}",,359424.0,,86.0,,0.0,,0.0,,0.0,,0.0
2004,SH092004,NONAME,Madagascar,MDG,Atsinanana,MDG,,2004-01-25 06:00,,2004-02-05 00:00,,OFCL,,162043.0,,2346.31,,"{0: 155922, 1: 6121}",,155922.0,,6121.0,,0.0,,0.0,,0.0,,0.0
2004,SH092004,NONAME,Madagascar,MDG,Betsiboka,MDG,,2004-01-25 06:00,,2004-02-05 00:00,,OFCL,,281605.0,,605845.99,,"{0: 3904, 1: 268329, 2: 9372}",,3904.0,,268329.0,,9372.0,,0.0,,0.0,,0.0
2004,SH092004,NONAME,Madagascar,MDG,Boeny,MDG,,2004-01-25 06:00,,2004-02-05 00:00,,OFCL,,1008699.0,,5629934.7,,"{1: 473763, 2: 534936}",,0.0,,473763.0,,534936.0,,0.0,,0.0,,0.0
2004,SH092004,NONAME,Madagascar,MDG,Bongolava,MDG,,2004-01-25 06:00,,2004-02-05 00:00,,OFCL,,587415.0,,8827.54,,"{0: 541462, 1: 45953}",,541462.0,,45953.0,,0.0,,0.0,,0.0,,0.0
2004,SH092004,NONAME,Madagascar,MDG,Diana,MDG,,2004-01-25 06:00,,2004-02-05 00:00,,OFCL,,33251.0,,95.76,,{0: 33251},,33251.0,,0.0,,0.0,,0.0,,0.0,,0.0
2004,SH092004,NONAME,Madagascar,MDG,Haute Matsiatra,MDG,,2004-01-25 06:00,,2004-02-05 00:00,,OFCL,,1150777.0,,3346516.73,,"{0: 57829, 1: 916249, 2: 176699}",,57829.0,,916249.0,,176699.0,,0.0,,0.0,,0.0
2004,SH092004,NONAME,Madagascar,MDG,Ihorombe,MDG,,2004-01-25 06:00,,2004-02-05 00:00,,OFCL,,250377.0,,4224.82,,"{0: 220095, 1: 30282}",,220095.0,,30282.0,,0.0,,0.0,,0.0,,0.0
2004,SH092004,NONAME,Madagascar,MDG,Itasy,MDG,,2004-01-25 06:00,,2004-02-05 00:00,,OFCL,,682494.0,,2348.14,,{0: 682494},,682494.0,,0.0,,0.0,,0.0,,0.0,,0.0
2004,SH092004,NONAME,Madagascar,MDG,Melaky,MDG,,2004-01-25 06:00,,2004-02-05 00:00,,OFCL,,291108.0,,164863.18,,"{0: 166087, 1: 122269, 2: 2752}",,166087.0,,122269.0,,2752.0,,0.0,,0.0,,0.0
2004,SH092004,NONAME,Madagascar,MDG,Menabe,MDG,,2004-01-25 06:00,,2004-02-05 00:00,,OFCL,,727259.0,,3851453.99,,"{0: 68731, 1: 283704, 2: 374824, 3: 0}",,68731.0,,283704.0,,374824.0,,0.0,,0.0,,0.0
2004,SH092004,NONAME,Madagascar,MDG,Sava,MDG,,2004-01-25 06:00,,2004-02-05 00:00,,OFCL,,8484.0,,0.82,,{0: 8484},,8484.0,,0.0,,0.0,,0.0,,0.0,,0.0
2004,SH092004,NONAME,Madagascar,MDG,Sofia,MDG,,2004-01-25 06:00,,2004-02-05 00:00,,OFCL,,1405315.0,,470082.55,,"{0: 654487, 1: 747669, 2: 3159}",,654487.0,,747669.0,,3159.0,,0.0,,0.0,,0.0
2004,SH092004,NONAME,Madagascar,MDG,Vakinakaratra,MDG,,2004-01-25 06:00,,2004-02-05 00:00,,OFCL,,1691815.0,,201877.53,,"{0: 1164875, 1: 526940}",,1164875.0,,526940.0,,0.0,,0.0,,0.0,,0.0
2004,SH092004,NONAME,Madagascar,MDG,Vatovavy Fitovinany,MDG,,2004-01-25 06:00,,2004-02-05 00:00,,OFCL,,1829809.0,,342534.3,,"{0: 886283, 1: 943351, 2: 175}",,886283.0,,943351.0,,175.0,,0.0,,0.0,,0.0
2004,SH092004,NONAME,Madagascar,MDG,Antananarivo,MDG.1_1,2004-01-25 06:00,,2004-02-05 00:00,,OFCL,,7662090.0,,4216164.38,,"{0: 1656942, 1: 5954159, 2: 50989}",,1656942.0,,5954159.0,,50989.0,,0.0,,0.0,,0.0,
2004,SH092004,NONAME,Madagascar,MDG,Antsiranana,MDG.2_1,2004-01-25 06:00,,2004-02-05 00:00,,OFCL,,440834.0,,23801.52,,"{0: 433386, 1: 7448}",,433386.0,,7448.0,,0.0,,0.0,,0.0,,0.0,
2004,SH092004,NONAME,Madagascar,MDG,Fianarantsoa,MDG.3_1,2004-01-25 06:00,,2004-02-05 00:00,,OFCL,,4980477.0,,22026323.44,,"{0: 898577, 1: 2796153, 2: 1227950, 3: 57797}",,898577.0,,2796153.0,,1227950.0,,57797.0,,0.0,,0.0,
2004,SH092004,NONAME,Madagascar,MDG,Mahajanga,MDG.4_1,2004-01-25 06:00,,2004-02-05 00:00,,OFCL,,3734186.0,,39759913.47,,"{0: 275969, 1: 1478645, 2: 1412743, 3: 566829}",,275969.0,,1478645.0,,1412743.0,,566829.0,,0.0,,0.0,
2004,SH092004,NONAME,Madagascar,MDG,Toamasina,MDG.5_1,2004-01-25 06:00,,2004-02-05 00:00,,OFCL,,2832467.0,,3583752.88,,"{0: 1708506, 1: 850110, 2: 273851}",,1708506.0,,850110.0,,273851.0,,0.0,,0.0,,0.0,
2004,SH092004,NONAME,Madagascar,MDG,Toliary,MDG.6_1,2004-01-25 06:00,,2004-02-05 00:00,,OFCL,,1127384.0,,22804911.39,,"{0: 169442, 1: 178249, 2: 466077, 3: 313616}",,169442.0,,178249.0,,466077.0,,313616.0,,0.0,,0.0,
2004,SH092004,NONAME,Mayotte,MYT,Koungou,MYT.10_1,2004-01-25 06:00,,2004-02-05 00:00,,OFCL,,1074.0,,51.89,,{0: 1074},,1074.0,,0.0,,0.0,,0.0,,0.0,,0.0,
2004,SH092004,NONAME,Mayotte,MYT,M'tsangamouji,MYT.11_1,2004-01-25 06:00,,2004-02-05 00:00,,OFCL,,753.0,,52193.0,,{0: 753},,753.0,,0.0,,0.0,,0.0,,0.0,,0.0,
2004,SH092004,NONAME,Mayotte,MYT,Mamoudzou,MYT.12_1,2004-01-25 06:00,,2004-02-05 00:00,,OFCL,,110.0,,0.11,,{0: 110},,110.0,,0.0,,0.0,,0.0,,0.0,,0.0,
2004,SH092004,NONAME,Mayotte,MYT,Mtsamboro,MYT.13_1,2004-01-25 06:00,,2004-02-05 00:00,,OFCL,,681.0,,129.76,,{0: 681},,681.0,,0.0,,0.0,,0.0,,0.0,,0.0,
2004,SH092004,NONAME,Mayotte,MYT,Ouangani,MYT.14_1,2004-01-25 06:00,,2004-02-05 00:00,,OFCL,,3522.0,,260.89,,{0: 3522},,3522.0,,0.0,,0.0,,0.0,,0.0,,0.0,
2004,SH092004,NONAME,Mayotte,MYT,Pamandzi,MYT.15_1,2004-01-25 06:00,,2004-02-05 00:00,,OFCL,,354.0,,7710.56,,{0: 354},,354.0,,0.0,,0.0,,0.0,,0.0,,0.0,
2004,SH092004,NONAME,Mayotte,MYT,Sada,MYT.16_1,2004-01-25 06:00,,2004-02-05 00:00,,OFCL,,12674.0,,6026.48,,{0: 12674},,12674.0,,0.0,,0.0,,0.0,,0.0,,0.0,
2004,SH092004,NONAME,Mayotte,MYT,Tsingoni,MYT.17_1,2004-01-25 06:00,,2004-02-05 00:00,,OFCL,,1289.0,,514.72,,{0: 1289},,1289.0,,0.0,,0.0,,0.0,,0.0,,0.0,
2004,SH092004,NONAME,Mayotte,MYT,Acoua,MYT.1_1,2004-01-25 06:00,,2004-02-05 00:00,,OFCL,,823.0,,46534.18,,{0: 823},,823.0,,0.0,,0.0,,0.0,,0.0,,0.0,
2004,SH092004,NONAME,Mayotte,MYT,Bandraboua,MYT.2_1,2004-01-25 06:00,,2004-02-05 00:00,,OFCL,,812.0,,29.13,,{0: 812},,812.0,,0.0,,0.0,,0.0,,0.0,,0.0,
2004,SH092004,NONAME,Mayotte,MYT,Bandrele,MYT.3_1,2004-01-25 06:00,,2004-02-05 00:00,,OFCL,,610.0,,118.06,,{0: 610},,610.0,,0.0,,0.0,,0.0,,0.0,,0.0,
2004,SH092004,NONAME,Mayotte,MYT,Boueni,MYT.4_1,2004-01-25 06:00,,2004-02-05 00:00,,OFCL,,6965.0,,72753.55,,{0: 6965},,6965.0,,0.0,,0.0,,0.0,,0.0,,0.0,
2004,SH092004,NONAME,Mayotte,MYT,Chiconi,MYT.5_1,2004-01-25 06:00,,2004-02-05 00:00,,OFCL,,8405.0,,538.43,,{0: 8405},,8405.0,,0.0,,0.0,,0.0,,0.0,,0.0,
2004,SH092004,NONAME,Mayotte,MYT,Chirongui,MYT.6_1,2004-01-25 06:00,,2004-02-05 00:00,,OFCL,,6654.0,,685.19,,{0: 6654},,6654.0,,0.0,,0.0,,0.0,,0.0,,0.0,
2004,SH092004,NONAME,Mayotte,MYT,Dembeni,MYT.7_1,2004-01-25 06:00,,2004-02-05 00:00,,OFCL,,323.0,,5.42,,{0: 323},,323.0,,0.0,,0.0,,0.0,,0.0,,0.0,
2004,SH092004,NONAME,Mayotte,MYT,Dzaoudzi,MYT.8_1,2004-01-25 06:00,,2004-02-05 00:00,,OFCL,,549.0,,139.12,,{0: 549},,549.0,,0.0,,0.0,,0.0,,0.0,,0.0,
2004,SH092004,NONAME,Mayotte,MYT,Kani-Keli,MYT.9_1,2004-01-25 06:00,,2004-02-05 00:00,,OFCL,,5443.0,,33002.16,,"{0: 5182, 1: 261}",,5182.0,,261.0,,0.0,,0.0,,0.0,,0.0,
2004,SH092004,NONAME,Mayotte,MYT,,No Adm1,,2004-01-25 06:00,,2004-02-05 00:00,,OFCL,,202274.0,,11364.24,,{0: 202274},,202274.0,,0.0,,0.0,,0.0,,0.0,,0.0
2004,SH162004,NONAME,Madagascar,MDG,Alaotra Mangoro,MDG,,2004-03-01 06:00,,2004-03-11 12:00,,OFCL,,1016847.0,,34719693.76,,"{0: 98334, 1: 347586, 2: 453153, 3: 111025, 4: 6749}",,98334.0,,347586.0,,453153.0,,111025.0,,6749.0,,0.0
2004,SH162004,NONAME,Madagascar,MDG,Amoron'i Mania,MDG,,2004-03-01 06:00,,2004-03-11 12:00,,OFCL,,648397.0,,113218.01,,"{0: 283877, 1: 364520}",,283877.0,,364520.0,,0.0,,0.0,,0.0,,0.0
2004,SH162004,NONAME,Madagascar,MDG,Analamanga,MDG,,2004-03-01 06:00,,2004-03-11 12:00,,OFCL,,4679099.0,,12596361.14,,"{0: 2569, 1: 3466526, 2: 1187042, 3: 22962}",,2569.0,,3466526.0,,1187042.0,,22962.0,,0.0,,0.0
2004,SH162004,NONAME,Madagascar,MDG,Analanjirofo,MDG,,2004-03-01 06:00,,2004-03-11 12:00,,OFCL,,1464470.0,,543868232.04,,"{0: 102239, 1: 480491, 2: 371761, 3: 233828, 4: 252799, 5: 23352}",,102239.0,,480491.0,,371761.0,,233828.0,,252799.0,,23352.0
2004,SH162004,NONAME,Madagascar,MDG,Androy,MDG,,2004-03-01 06:00,,2004-03-11 12:00,,OFCL,,268856.0,,2801.89,,"{0: 254995, 1: 13861}",,254995.0,,13861.0,,0.0,,0.0,,0.0,,0.0
2004,SH162004,NONAME,Madagascar,MDG,Anosy,MDG,,2004-03-01 06:00,,2004-03-11 12:00,,OFCL,,271101.0,,350804.79,,"{0: 99620, 1: 163689, 2: 7792}",,99620.0,,163689.0,,7792.0,,0.0,,0.0,,0.0
2004,SH162004,NONAME,Madagascar,MDG,Atsimo Andrefana,MDG,,2004-03-01 06:00,,2004-03-11 12:00,,OFCL,,1248505.0,,1848608.21,,"{0: 679320, 1: 492013, 2: 77172}",,679320.0,,492013.0,,77172.0,,0.0,,0.0,,0.0
2004,SH162004,NONAME,Madagascar,MDG,Atsimo Atsinanana,MDG,,2004-03-01 06:00,,2004-03-11 12:00,,OFCL,,1021737.0,,11709.38,,"{0: 964070, 1: 57667}",,964070.0,,57667.0,,0.0,,0.0,,0.0,,0.0
2004,SH162004,NONAME,Madagascar,MDG,Atsinanana,MDG,,2004-03-01 06:00,,2004-03-11 12:00,,OFCL,,811734.0,,31295.37,,"{0: 483139, 1: 328595}",,483139.0,,328595.0,,0.0,,0.0,,0.0,,0.0
2004,SH162004,NONAME,Madagascar,MDG,Betsiboka,MDG,,2004-03-01 06:00,,2004-03-11 12:00,,OFCL,,281605.0,,57737285.7,,"{1: 302, 2: 43242, 3: 235311, 4: 2750}",,0.0,,302.0,,43242.0,,235311.0,,2750.0,,0.0
2004,SH162004,NONAME,Madagascar,MDG,Boeny,MDG,,2004-03-01 06:00,,2004-03-11 12:00,,OFCL,,1008699.0,,70323452.06,,"{1: 180, 2: 82508, 3: 926011}",,0.0,,180.0,,82508.0,,926011.0,,0.0,,0.0
2004,SH162004,NONAME,Madagascar,MDG,Bongolava,MDG,,2004-03-01 06:00,,2004-03-11 12:00,,OFCL,,598226.0,,9160989.47,,"{1: 144359, 2: 415789, 3: 38078}",,0.0,,144359.0,,415789.0,,38078.0,,0.0,,0.0
2004,SH162004,NONAME,Madagascar,MDG,Diana,MDG,,2004-03-01 06:00,,2004-03-11 12:00,,OFCL,,862893.0,,7288124.85,,"{0: 177548, 1: 332150, 2: 317850, 3: 33206, 4: 2139}",,177548.0,,332150.0,,317850.0,,33206.0,,2139.0,,0.0
2004,SH162004,NONAME,Madagascar,MDG,Haute Matsiatra,MDG,,2004-03-01 06:00,,2004-03-11 12:00,,OFCL,,1131868.0,,477792.44,,"{0: 391232, 1: 738917, 2: 1719}",,391232.0,,738917.0,,1719.0,,0.0,,0.0,,0.0
2004,SH162004,NONAME,Madagascar,MDG,Ihorombe,MDG,,2004-03-01 06:00,,2004-03-11 12:00,,OFCL,,459874.0,,1143561.88,,"{0: 23724, 1: 321754, 2: 114396}",,23724.0,,321754.0,,114396.0,,0.0,,0.0,,0.0
2004,SH162004,NONAME,Madagascar,MDG,Itasy,MDG,,2004-03-01 06:00,,2004-03-11 12:00,,OFCL,,736723.0,,3319157.29,,"{0: 144, 1: 464383, 2: 272196}",,144.0,,464383.0,,272196.0,,0.0,,0.0,,0.0
2004,SH162004,NONAME,Madagascar,MDG,Melaky,MDG,,2004-03-01 06:00,,2004-03-11 12:00,,OFCL,,291143.0,,11841623.03,,"{1: 19471, 2: 241376, 3: 30296}",,0.0,,19471.0,,241376.0,,30296.0,,0.0,,0.0
2004,SH162004,NONAME,Madagascar,MDG,Menabe,MDG,,2004-03-01 06:00,,2004-03-11 12:00,,OFCL,,743313.0,,4714982.49,,"{0: 5069, 1: 516975, 2: 218978, 3: 2291}",,5069.0,,516975.0,,218978.0,,2291.0,,0.0,,0.0
2004,SH162004,NONAME,Madagascar,MDG,Sava,MDG,,2004-03-01 06:00,,2004-03-11 12:00,,OFCL,,1024725.0,,557131789.28,,"{1: 47207, 2: 220990, 3: 357729, 4: 372158, 5: 26641}",,0.0,,47207.0,,220990.0,,357729.0,,372158.0,,26641.0
2004,SH162004,NONAME,Madagascar,MDG,Sofia,MDG,,2004-03-01 06:00,,2004-03-11 12:00,,OFCL,,1485929.0,,1205475105.72,,"{2: 25759, 3: 789449, 4: 557302, 5: 113419}",,0.0,,0.0,,25759.0,,789449.0,,557302.0,,113419.0
2004,SH162004,NONAME,Madagascar,MDG,Vakinakaratra,MDG,,2004-03-01 06:00,,2004-03-11 12:00,,OFCL,,1831522.0,,1569996.71,,"{0: 269064, 1: 1553626, 2: 8832}",,269064.0,,1553626.0,,8832.0,,0.0,,0.0,,0.0
2004,SH162004,NONAME,Madagascar,MDG,Vatovavy Fitovinany,MDG,,2004-03-01 06:00,,2004-03-11 12:00,,OFCL,,398695.0,,1595.16,,"{0: 394783, 1: 3912}",,394783.0,,3912.0,,0.0,,0.0,,0.0,,0.0
2004,SH162004,NONAME,Madagascar,MDG,Antananarivo,MDG.1_1,2004-03-01 06:00,,2004-03-11 12:00,,OFCL,,7957948.0,,95933057.98,,"{0: 2874, 1: 1412253, 2: 5988580, 3: 554241}",,2874.0,,1412253.0,,5988580.0,,554241.0,,0.0,,0.0,
2004,SH162004,NONAME,Madagascar,MDG,Antsiranana,MDG.2_1,2004-03-01 06:00,,2004-03-11 12:00,,OFCL,,2123061.0,,481291327.99,,"{0: 149, 1: 297754, 2: 658513, 3: 464874, 4: 397777, 5: 303994}",,149.0,,297754.0,,658513.0,,464874.0,,397777.0,,303994.0,
2004,SH162004,NONAME,Madagascar,MDG,Fianarantsoa,MDG.3_1,2004-03-01 06:00,,2004-03-11 12:00,,OFCL,,5596295.0,,11029898.35,,"{0: 2745882, 1: 2245174, 2: 603656, 3: 1583}",,2745882.0,,2245174.0,,603656.0,,1583.0,,0.0,,0.0,
2004,SH162004,NONAME,Madagascar,MDG,Mahajanga,MDG.4_1,2004-03-01 06:00,,2004-03-11 12:00,,OFCL,,3768171.0,,1057379629.69,,"{2: 110858, 3: 2064511, 4: 1080728, 5: 512074}",,0.0,,0.0,,110858.0,,2064511.0,,1080728.0,,512074.0,
2004,SH162004,NONAME,Madagascar,MDG,Toamasina,MDG.5_1,2004-03-01 06:00,,2004-03-11 12:00,,OFCL,,3675977.0,,385681948.16,,"{0: 419301, 1: 1123674, 2: 983915, 3: 727651, 4: 160049, 5: 261387}",,419301.0,,1123674.0,,983915.0,,727651.0,,160049.0,,261387.0,
2004,SH162004,NONAME,Madagascar,MDG,Toliary,MDG.6_1,2004-03-01 06:00,,2004-03-11 12:00,,OFCL,,3201377.0,,21299176.18,,"{0: 718561, 1: 1451843, 2: 931552, 3: 99421}",,718561.0,,1451843.0,,931552.0,,99421.0,,0.0,,0.0,
2004,SH162004,NONAME,Mozambique,MOZ,Nampula,MOZ.7_1,2004-03-01 06:00,,2004-03-11 12:00,,OFCL,,30.0,,111.33,,{0: 30},,30.0,,0.0,,0.0,,0.0,,0.0,,0.0,
2004,SH162004,NONAME,Tanzania,TZA,Arusha,TZA,,2004-03-01 06:00,,2004-03-11 12:00,,OFCL,,0.0,,0.17,,{0: 0},,0.0,,0.0,,0.0,,0.0,,0.0,,0.0
2005,SH022005,NONAME,Madagascar,MDG,Antsiranana,MDG.2_1,2004-10-24 18:00,,2004-10-29 00:00,,OFCL,,28.0,,0.31,,{0: 28},,28.0,,0.0,,0.0,,0.0,,0.0,,0.0,
2005,SH022005,NONAME,Seychelles,SYC,Aldabra,SYC,,2004-10-24 18:00,,2004-10-29 00:00,,OFCL,,13.0,,3.38,,{0: 13},,13.0,,0.0,,0.0,,0.0,,0.0,,0.0
2005,SH022005,NONAME,Seychelles,SYC,Assumption,SYC,,2004-10-24 18:00,,2004-10-29 00:00,,OFCL,,19.0,,15.86,,{0: 19},,19.0,,0.0,,0.0,,0.0,,0.0,,0.0
2005,SH022005,NONAME,Seychelles,SYC,Astove,SYC,,2004-10-24 18:00,,2004-10-29 00:00,,OFCL,,2.0,,36.63,,{0: 2},,2.0,,0.0,,0.0,,0.0,,0.0,,0.0
2005,SH022005,NONAME,Seychelles,SYC,Cosmoledo,SYC,,2004-10-24 18:00,,2004-10-29 00:00,,OFCL,,1.0,,3.25,,{0: 1},,1.0,,0.0,,0.0,,0.0,,0.0,,0.0
2005,SH022005,NONAME,Seychelles,SYC,Farquhar,SYC,,2004-10-24 18:00,,2004-10-29 00:00,,OFCL,,10.0,,84.99,,{0: 10},,10.0,,0.0,,0.0,,0.0,,0.0,,0.0
2005,SH022005,NONAME,Seychelles,SYC,Grand Anse Mahe,SYC,,2004-10-24 18:00,,2004-10-29 00:00,,OFCL,,0.0,,0.69,,{0: 0},,0.0,,0.0,,0.0,,0.0,,0.0,,0.0
2005,SH022005,NONAME,Seychelles,SYC,Providence,SYC,,2004-10-24 18:00,,2004-10-29 00:00,,OFCL,,1.0,,5.0,,{0: 1},,1.0,,0.0,,0.0,,0.0,,0.0,,0.0
2005,SH022005,NONAME,Seychelles,SYC,Outer Islands,SYC.20_1,2004-10-24 18:00,,2004-10-29 00:00,,OFCL,,116.0,,92.44,,{0: 116},,116.0,,0.0,,0.0,,0.0,,0.0,,0.0,
2005,SH022005,NONAME,Tanzania,TZA,Lindi,TZA.10_1,2004-10-24 18:00,,2004-10-29 00:00,,OFCL,,1967.0,,36139.75,,{0: 1967},,1967.0,,0.0,,0.0,,0.0,,0.0,,0.0,
2005,SH022005,NONAME,Tanzania,TZA,Pwani,TZA.20_1,2004-10-24 18:00,,2004-10-29 00:00,,OFCL,,556.0,,8040.2,,{0: 556},,556.0,,0.0,,0.0,,0.0,,0.0,,0.0,
2005,SH122005,NONAME,Comoros,COM,Anjouan,COM,,2005-01-16 12:00,,2005-01-24 06:00,,OFCL,,58979.0,,7412.02,,"{0: 40885, 1: 18094}",,40885.0,,18094.0,,0.0,,0.0,,0.0,,0.0
2005,SH122005,NONAME,Comoros,COM,Moheli,COM,,2005-01-16 12:00,,2005-01-24 06:00,,OFCL,,115156.0,,0.89,,{0: 115156},,115156.0,,0.0,,0.0,,0.0,,0.0,,0.0
2005,SH122005,NONAME,Comoros,COM,Mwali,COM.1_1,2005-01-16 12:00,,2005-01-24 06:00,,OFCL,,67648.0,,222533.36,,"{0: 10249, 1: 57399}",,10249.0,,57399.0,,0.0,,0.0,,0.0,,0.0,
2005,SH122005,NONAME,Comoros,COM,Njazídja,COM.2_1,2005-01-16 12:00,,2005-01-24 06:00,,OFCL,,234.0,,0.32,,{0: 234},,234.0,,0.0,,0.0,,0.0,,0.0,,0.0,
2005,SH122005,NONAME,Comoros,COM,Nzwani,COM.3_1,2005-01-16 12:00,,2005-01-24 06:00,,OFCL,,97710.0,,10941.3,,"{0: 88712, 1: 8998}",,88712.0,,8998.0,,0.0,,0.0,,0.0,,0.0,
2005,SH122005,NONAME,Madagascar,MDG,Amoron'i Mania,MDG,,2005-01-16 12:00,,2005-01-24 06:00,,OFCL,,42936.0,,186.24,,{0: 42936},,42936.0,,0.0,,0.0,,0.0,,0.0,,0.0
2005,SH122005,NONAME,Madagascar,MDG,Androy,MDG,,2005-01-16 12:00,,2005-01-24 06:00,,OFCL,,1128834.0,,13770239.74,,"{0: 37707, 1: 630638, 2: 389122, 3: 71367}",,37707.0,,630638.0,,389122.0,,71367.0,,0.0,,0.0
2005,SH122005,NONAME,Madagascar,MDG,Anosy,MDG,,2005-01-16 12:00,,2005-01-24 06:00,,OFCL,,579108.0,,127636.26,,"{0: 333975, 1: 244921, 2: 212}",,333975.0,,244921.0,,212.0,,0.0,,0.0,,0.0
2005,SH122005,NONAME,Madagascar,MDG,Atsimo Andrefana,MDG,,2005-01-16 12:00,,2005-01-24 06:00,,OFCL,,1499911.0,,81686600.1,,"{0: 42236, 1: 352305, 2: 691251, 3: 413260, 4: 859}",,42236.0,,352305.0,,691251.0,,413260.0,,859.0,,0.0
2005,SH122005,NONAME,Madagascar,MDG,Atsimo Atsinanana,MDG,,2005-01-16 12:00,,2005-01-24 06:00,,OFCL,,95326.0,,1299.87,,"{0: 77630, 1: 17696}",,77630.0,,17696.0,,0.0,,0.0,,0.0,,0.0
2005,SH122005,NONAME,Madagascar,MDG,Betsiboka,MDG,,2005-01-16 12:00,,2005-01-24 06:00,,OFCL,,10957.0,,32.34,,{0: 10957},,10957.0,,0.0,,0.0,,0.0,,0.0,,0.0
2005,SH122005,NONAME,Madagascar,MDG,Boeny,MDG,,2005-01-16 12:00,,2005-01-24 06:00,,OFCL,,55814.0,,17.02,,{0: 55814},,55814.0,,0.0,,0.0,,0.0,,0.0,,0.0
2005,SH122005,NONAME,Madagascar,MDG,Bongolava,MDG,,2005-01-16 12:00,,2005-01-24 06:00,,OFCL,,409436.0,,1773.34,,"{0: 399712, 1: 9724}",,399712.0,,9724.0,,0.0,,0.0,,0.0,,0.0
2005,SH122005,NONAME,Madagascar,MDG,Diana,MDG,,2005-01-16 12:00,,2005-01-24 06:00,,OFCL,,264834.0,,632.6,,"{0: 264780, 1: 54}",,264780.0,,54.0,,0.0,,0.0,,0.0,,0.0
2005,SH122005,NONAME,Madagascar,MDG,Haute Matsiatra,MDG,,2005-01-16 12:00,,2005-01-24 06:00,,OFCL,,152089.0,,65.39,,{0: 152089},,152089.0,,0.0,,0.0,,0.0,,0.0,,0.0
2005,SH122005,NONAME,Madagascar,MDG,Ihorombe,MDG,,2005-01-16 12:00,,2005-01-24 06:00,,OFCL,,369854.0,,6599.0,,"{0: 332891, 1: 36963}",,332891.0,,36963.0,,0.0,,0.0,,0.0,,0.0
2005,SH122005,NONAME,Madagascar,MDG,Itasy,MDG,,2005-01-16 12:00,,2005-01-24 06:00,,OFCL,,68035.0,,4.69,,{0: 68035},,68035.0,,0.0,,0.0,,0.0,,0.0,,0.0
2005,SH122005,NONAME,Madagascar,MDG,Melaky,MDG,,2005-01-16 12:00,,2005-01-24 06:00,,OFCL,,290707.0,,66129.69,,"{0: 100344, 1: 190363}",,100344.0,,190363.0,,0.0,,0.0,,0.0,,0.0
2005,SH122005,NONAME,Madagascar,MDG,Menabe,MDG,,2005-01-16 12:00,,2005-01-24 06:00,,OFCL,,739435.0,,174691.29,,"{0: 424682, 1: 314172, 2: 581}",,424682.0,,314172.0,,581.0,,0.0,,0.0,,0.0
2005,SH122005,NONAME,Madagascar,MDG,Sava,MDG,,2005-01-16 12:00,,2005-01-24 06:00,,OFCL,,2504.0,,0.03,,{0: 2504},,2504.0,,0.0,,0.0,,0.0,,0.0,,0.0
2005,SH122005,NONAME,Madagascar,MDG,Vakinakaratra,MDG,,2005-01-16 12:00,,2005-01-24 06:00,,OFCL,,165092.0,,123.04,,{0: 165092},,165092.0,,0.0,,0.0,,0.0,,0.0,,0.0
2005,SH122005,NONAME,Madagascar,MDG,Vatovavy Fitovinany,MDG,,2005-01-16 12:00,,2005-01-24 06:00,,OFCL,,168.0,,0.0,,{0: 168},,168.0,,0.0,,0.0,,0.0,,0.0,,0.0
2005,SH122005,NONAME,Madagascar,MDG,Antananarivo,MDG.1_1,2005-01-16 12:00,,2005-01-24 06:00,,OFCL,,127419.0,,15592.6,,"{0: 93907, 1: 33512}",,93907.0,,33512.0,,0.0,,0.0,,0.0,,0.0,
2005,SH122005,NONAME,Madagascar,MDG,Antsiranana,MDG.2_1,2005-01-16 12:00,,2005-01-24 06:00,,OFCL,,759035.0,,84971.59,,"{0: 572520, 1: 186515}",,572520.0,,186515.0,,0.0,,0.0,,0.0,,0.0,
2005,SH122005,NONAME,Madagascar,MDG,Fianarantsoa,MDG.3_1,2005-01-16 12:00,,2005-01-24 06:00,,OFCL,,1587497.0,,313561.59,,"{0: 1209966, 1: 377223, 2: 308}",,1209966.0,,377223.0,,308.0,,0.0,,0.0,,0.0,
2005,SH122005,NONAME,Madagascar,MDG,Mahajanga,MDG.4_1,2005-01-16 12:00,,2005-01-24 06:00,,OFCL,,581564.0,,1377172.75,,"{0: 88482, 1: 402732, 2: 90350}",,88482.0,,402732.0,,90350.0,,0.0,,0.0,,0.0,
2005,SH122005,NONAME,Madagascar,MDG,Toliary,MDG.6_1,2005-01-16 12:00,,2005-01-24 06:00,,OFCL,,4588645.0,,165301466.93,,"{0: 262177, 1: 1697733, 2: 1400666, 3: 1007450, 4: 220189, 5: 430}",,262177.0,,1697733.0,,1400666.0,,1007450.0,,220189.0,,430.0,
2005,SH122005,NONAME,Mozambique,MOZ,Zambezia,MOZ.11_1,2005-01-16 12:00,,2005-01-24 06:00,,OFCL,,1146.0,,0.03,,{0: 1146},,1146.0,,0.0,,0.0,,0.0,,0.0,,0.0,
2005,SH122005,NONAME,Mozambique,MOZ,Nampula,MOZ.7_1,2005-01-16 12:00,2005-01-16 12:00,2005-01-24 06:00,2005-01-24 06:00,OFCL,OFCL,874092.0,108115.0,32728.67,7.29,"{0: 862622, 1: 11470}",{0: 108115},862622.0,108115.0,11470.0,0.0,0.0,0.0,0.0,0.0,0.0,0.0,0.0,0.0
2005,SH122005,NONAME,Mauritius,MUS,Agalega Islands,MUS.1_1,2005-01-16 12:00,,2005-01-24 06:00,,OFCL,,257.0,,0.93,,{0: 257},,257.0,,0.0,,0.0,,0.0,,0.0,,0.0,
2005,SH122005,NONAME,Mayotte,MYT,Koungou,MYT.10_1,2005-01-16 12:00,,2005-01-24 06:00,,OFCL,,41150.0,,897120.19,,{1: 41150},,0.0,,41150.0,,0.0,,0.0,,0.0,,0.0,
2005,SH122005,NONAME,Mayotte,MYT,M'tsangamouji,MYT.11_1,2005-01-16 12:00,,2005-01-24 06:00,,OFCL,,7178.0,,113327.04,,{1: 7178},,0.0,,7178.0,,0.0,,0.0,,0.0,,0.0,
2005,SH122005,NONAME,Mayotte,MYT,Mamoudzou,MYT.12_1,2005-01-16 12:00,,2005-01-24 06:00,,OFCL,,68646.0,,476715.31,,{1: 68646},,0.0,,68646.0,,0.0,,0.0,,0.0,,0.0,
2005,SH122005,NONAME,Mayotte,MYT,Mtsamboro,MYT.13_1,2005-01-16 12:00,,2005-01-24 06:00,,OFCL,,8487.0,,175461.72,,{1: 8487},,0.0,,8487.0,,0.0,,0.0,,0.0,,0.0,
2005,SH122005,NONAME,Mayotte,MYT,Ouangani,MYT.14_1,2005-01-16 12:00,,2005-01-24 06:00,,OFCL,,15883.0,,210382.34,,{1: 15883},,0.0,,15883.0,,0.0,,0.0,,0.0,,0.0,
2005,SH122005,NONAME,Mayotte,MYT,Pamandzi,MYT.15_1,2005-01-16 12:00,,2005-01-24 06:00,,OFCL,,12327.0,,303860.98,,{1: 12327},,0.0,,12327.0,,0.0,,0.0,,0.0,,0.0,
2005,SH122005,NONAME,Mayotte,MYT,Sada,MYT.16_1,2005-01-16 12:00,,2005-01-24 06:00,,OFCL,,12674.0,,389714.01,,"{1: 9787, 2: 2887}",,0.0,,9787.0,,2887.0,,0.0,,0.0,,0.0,
2005,SH122005,NONAME,Mayotte,MYT,Tsingoni,MYT.17_1,2005-01-16 12:00,,2005-01-24 06:00,,OFCL,,13243.0,,92499.37,,{1: 13243},,0.0,,13243.0,,0.0,,0.0,,0.0,,0.0,
2005,SH122005,NONAME,Mayotte,MYT,Acoua,MYT.1_1,2005-01-16 12:00,,2005-01-24 06:00,,OFCL,,4802.0,,92975.61,,{1: 4802},,0.0,,4802.0,,0.0,,0.0,,0.0,,0.0,
2005,SH122005,NONAME,Mayotte,MYT,Bandraboua,MYT.2_1,2005-01-16 12:00,,2005-01-24 06:00,,OFCL,,12848.0,,145888.89,,{1: 12848},,0.0,,12848.0,,0.0,,0.0,,0.0,,0.0,
2005,SH122005,NONAME,Mayotte,MYT,Bandrele,MYT.3_1,2005-01-16 12:00,,2005-01-24 06:00,,OFCL,,10462.0,,109820.46,,{1: 10462},,0.0,,10462.0,,0.0,,0.0,,0.0,,0.0,
2005,SH122005,NONAME,Mayotte,MYT,Boueni,MYT.4_1,2005-01-16 12:00,,2005-01-24 06:00,,OFCL,,7614.0,,271865.68,,"{1: 6488, 2: 1126}",,0.0,,6488.0,,1126.0,,0.0,,0.0,,0.0,
2005,SH122005,NONAME,Mayotte,MYT,Chiconi,MYT.5_1,2005-01-16 12:00,,2005-01-24 06:00,,OFCL,,8615.0,,278898.36,,"{1: 6795, 2: 1820}",,0.0,,6795.0,,1820.0,,0.0,,0.0,,0.0,
2005,SH122005,NONAME,Mayotte,MYT,Chirongui,MYT.6_1,2005-01-16 12:00,,2005-01-24 06:00,,OFCL,,10610.0,,187287.46,,{1: 10610},,0.0,,10610.0,,0.0,,0.0,,0.0,,0.0,
2005,SH122005,NONAME,Mayotte,MYT,Dembeni,MYT.7_1,2005-01-16 12:00,,2005-01-24 06:00,,OFCL,,14271.0,,38326.28,,{1: 14271},,0.0,,14271.0,,0.0,,0.0,,0.0,,0.0,
2005,SH122005,NONAME,Mayotte,MYT,Dzaoudzi,MYT.8_1,2005-01-16 12:00,,2005-01-24 06:00,,OFCL,,16147.0,,461378.61,,{1: 16147},,0.0,,16147.0,,0.0,,0.0,,0.0,,0.0,
2005,SH122005,NONAME,Mayotte,MYT,Kani-Keli,MYT.9_1,2005-01-16 12:00,,2005-01-24 06:00,,OFCL,,5443.0,,114786.04,,"{1: 5381, 2: 62}",,0.0,,5381.0,,62.0,,0.0,,0.0,,0.0,
2005,SH122005,NONAME,Mayotte,MYT,,No Adm1,,2005-01-16 12:00,,2005-01-24 06:00,,OFCL,,256777.0,,5718432.03,,"{1: 254581, 2: 2196}",,0.0,,254581.0,,2196.0,,0.0,,0.0,,0.0
2005,SH122005,NONAME,Seychelles,SYC,Farquhar,SYC,,2005-01-16 12:00,,2005-01-24 06:00,,OFCL,,10.0,,0.67,,{0: 10},,10.0,,0.0,,0.0,,0.0,,0.0,,0.0
2005,SH122005,NONAME,Seychelles,SYC,Grand Anse Mahe,SYC,,2005-01-16 12:00,,2005-01-24 06:00,,OFCL,,0.0,,0.02,,{0: 0},,0.0,,0.0,,0.0,,0.0,,0.0,,0.0
2005,SH122005,NONAME,Tanzania,TZA,Arusha,TZA,,2005-01-16 12:00,,2005-01-24 06:00,,OFCL,,0.0,,6.43,,{0: 0},,0.0,,0.0,,0.0,,0.0,,0.0,,0.0
2005,SH242005,NONAME,Mauritius,MUS,Riviere Du Rempart,MUS,,2005-03-21 00:00,,2005-03-28 00:00,,OFCL,,123738.0,,223587.15,,{1: 123738},,0.0,,123738.0,,0.0,,0.0,,0.0,,0.0
2005,SH242005,NONAME,Mauritius,MUS,Savanne,MUS.12_1,2005-03-21 00:00,2005-03-21 00:00,2005-03-28 00:00,2005-03-28 00:00,OFCL,OFCL,70087.0,60507.0,292744.59,461214.95,{1: 70087},{1: 60507},0.0,0.0,70087.0,60507.0,0.0,0.0,0.0,0.0,0.0,0.0,0.0,0.0
2005,SH242005,NONAME,Mauritius,MUS,Black River,MUS.2_1,2005-03-21 00:00,2005-03-21 00:00,2005-03-28 00:00,2005-03-28 00:00,OFCL,OFCL,94560.0,72490.0,119071.35,172789.75,"{0: 13898, 1: 80662}","{0: 1519, 1: 70971}",13898.0,1519.0,80662.0,70971.0,0.0,0.0,0.0,0.0,0.0,0.0,0.0,0.0
2005,SH242005,NONAME,Mauritius,MUS,Flacq,MUS.3_1,2005-03-21 00:00,2005-03-21 00:00,2005-03-28 00:00,2005-03-28 00:00,OFCL,OFCL,140810.0,148203.0,554764.56,603624.31,{1: 140810},{1: 148203},0.0,0.0,140810.0,148203.0,0.0,0.0,0.0,0.0,0.0,0.0,0.0,0.0
2005,SH242005,NONAME,Mauritius,MUS,Grand Port,MUS.4_1,2005-03-21 00:00,2005-03-21 00:00,2005-03-28 00:00,2005-03-28 00:00,OFCL,OFCL,113523.0,117962.0,698020.07,838008.08,{1: 113523},{1: 117962},0.0,0.0,113523.0,117962.0,0.0,0.0,0.0,0.0,0.0,0.0,0.0,0.0
2005,SH242005,NONAME,Mauritius,MUS,Moka,MUS.5_1,2005-03-21 00:00,2005-03-21 00:00,2005-03-28 00:00,2005-03-28 00:00,OFCL,OFCL,88800.0,144916.0,243624.68,239042.05,"{0: 478, 1: 88322}",{1: 144916},478.0,0.0,88322.0,144916.0,0.0,0.0,0.0,0.0,0.0,0.0,0.0,0.0
2005,SH242005,NONAME,Mauritius,MUS,Pamplemousses,MUS.6_1,2005-03-21 00:00,2005-03-21 00:00,2005-03-28 00:00,2005-03-28 00:00,OFCL,OFCL,148742.0,165109.0,267562.67,302815.67,{1: 148742},"{0: 876, 1: 164233}",0.0,876.0,148742.0,164233.0,0.0,0.0,0.0,0.0,0.0,0.0,0.0,0.0
2005,SH242005,NONAME,Mauritius,MUS,Plaines Wilhems,MUS.7_1,2005-03-21 00:00,2005-03-21 00:00,2005-03-28 00:00,2005-03-28 00:00,OFCL,OFCL,365517.0,294342.0,317245.41,42417.38,"{0: 21080, 1: 344437}","{0: 18361, 1: 275981}",21080.0,18361.0,344437.0,275981.0,0.0,0.0,0.0,0.0,0.0,0.0,0.0,0.0
2005,SH242005,NONAME,Mauritius,MUS,Port Louis,MUS.8_1,2005-03-21 00:00,2005-03-21 00:00,2005-03-28 00:00,2005-03-28 00:00,OFCL,OFCL,111040.0,100326.0,26361.67,7352.22,"{0: 3361, 1: 107679}",{1: 100326},3361.0,0.0,107679.0,100326.0,0.0,0.0,0.0,0.0,0.0,0.0,0.0,0.0
2005,SH242005,NONAME,Mauritius,MUS,Rivière du Rempart,MUS.9_1,2005-03-21 00:00,,2005-03-28 00:00,,OFCL,,113200.0,,227230.46,,{1: 113200},,0.0,,113200.0,,0.0,,0.0,,0.0,,0.0,
2005,SH242005,NONAME,Mauritius,MUS,,No Adm1,,2005-03-21 00:00,,2005-03-28 00:00,,OFCL,,307.0,,374.56,,{1: 307},,0.0,,307.0,,0.0,,0.0,,0.0,,0.0
2005,SH262005,NONAME,Mauritius,MUS,Rodriguez,MUS.10_1,2005-04-01 12:00,,2005-04-12 18:00,,OFCL,,44652.0,,198650.66,,{1: 44652},,0.0,,44652.0,,0.0,,0.0,,0.0,,0.0,
2005,SH262005,NONAME,Mauritius,MUS,,No Adm1,,2005-04-01 12:00,,2005-04-12 18:00,,OFCL,,43525.0,,271548.64,,{1: 43525},,0.0,,43525.0,,0.0,,0.0,,0.0,,0.0
2006,SH092006,BOLOETSE,Madagascar,MDG,Amoron'i Mania,MDG,,2006-01-22 12:00,,2006-02-06 06:00,,OFCL,,25223.0,,1.75,,{0: 25223},,25223.0,,0.0,,0.0,,0.0,,0.0,,0.0
2006,SH092006,BOLOETSE,Madagascar,MDG,Androy,MDG,,2006-01-22 12:00,,2006-02-06 06:00,,OFCL,,315811.0,,29046.3,,"{0: 279150, 1: 36063, 2: 598}",,279150.0,,36063.0,,598.0,,0.0,,0.0,,0.0
2006,SH092006,BOLOETSE,Madagascar,MDG,Anosy,MDG,,2006-01-22 12:00,,2006-02-06 06:00,,OFCL,,26200.0,,0.42,,{0: 26200},,26200.0,,0.0,,0.0,,0.0,,0.0,,0.0
2006,SH092006,BOLOETSE,Madagascar,MDG,Atsimo Andrefana,MDG,,2006-01-22 12:00,,2006-02-06 06:00,,OFCL,,1384487.0,,5014471.11,,"{0: 472343, 1: 672671, 2: 220213, 3: 19260}",,472343.0,,672671.0,,220213.0,,19260.0,,0.0,,0.0
2006,SH092006,BOLOETSE,Madagascar,MDG,Haute Matsiatra,MDG,,2006-01-22 12:00,,2006-02-06 06:00,,OFCL,,546158.0,,226.39,,{0: 546158},,546158.0,,0.0,,0.0,,0.0,,0.0,,0.0
2006,SH092006,BOLOETSE,Madagascar,MDG,Ihorombe,MDG,,2006-01-22 12:00,,2006-02-06 06:00,,OFCL,,11832.0,,4.62,,{0: 11832},,11832.0,,0.0,,0.0,,0.0,,0.0,,0.0
2006,SH092006,BOLOETSE,Madagascar,MDG,Menabe,MDG,,2006-01-22 12:00,,2006-02-06 06:00,,OFCL,,213.0,,132.3,,{0: 213},,213.0,,0.0,,0.0,,0.0,,0.0,,0.0
2006,SH092006,BOLOETSE,Madagascar,MDG,Vatovavy Fitovinany,MDG,,2006-01-22 12:00,,2006-02-06 06:00,,OFCL,,199742.0,,37.53,,{0: 199742},,199742.0,,0.0,,0.0,,0.0,,0.0,,0.0
2006,SH092006,BOLOETSE,Madagascar,MDG,Antananarivo,MDG.1_1,2006-01-22 12:00,,2006-02-06 06:00,,OFCL,,26520.0,,31.6,,{0: 26520},,26520.0,,0.0,,0.0,,0.0,,0.0,,0.0,
2006,SH092006,BOLOETSE,Madagascar,MDG,Fianarantsoa,MDG.3_1,2006-01-22 12:00,,2006-02-06 06:00,,OFCL,,2584250.0,,141989.82,,"{0: 2399724, 1: 184526}",,2399724.0,,184526.0,,0.0,,0.0,,0.0,,0.0,
2006,SH092006,BOLOETSE,Madagascar,MDG,Mahajanga,MDG.4_1,2006-01-22 12:00,,2006-02-06 06:00,,OFCL,,993.0,,17675.89,,{0: 993},,993.0,,0.0,,0.0,,0.0,,0.0,,0.0,
2006,SH092006,BOLOETSE,Madagascar,MDG,Toamasina,MDG.5_1,2006-01-22 12:00,,2006-02-06 06:00,,OFCL,,413.0,,2.25,,{0: 413},,413.0,,0.0,,0.0,,0.0,,0.0,,0.0,
2006,SH092006,BOLOETSE,Madagascar,MDG,Toliary,MDG.6_1,2006-01-22 12:00,,2006-02-06 06:00,,OFCL,,2658938.0,,20851660.37,,"{0: 1084826, 1: 1012795, 2: 443264, 3: 111766, 4: 6287}",,1084826.0,,1012795.0,,443264.0,,111766.0,,6287.0,,0.0,
2006,SH092006,BOLOETSE,Mozambique,MOZ,Zambezia,MOZ.11_1,2006-01-22 12:00,,2006-02-06 06:00,,OFCL,,199518.0,,382.54,,{0: 199518},,199518.0,,0.0,,0.0,,0.0,,0.0,,0.0,
2006,SH092006,BOLOETSE,Mozambique,MOZ,Sofala,MOZ.9_1,2006-01-22 12:00,,2006-02-06 06:00,,OFCL,,40.0,,0.01,,{0: 40},,40.0,,0.0,,0.0,,0.0,,0.0,,0.0,
2006,SH122006,NONAME,Madagascar,MDG,Toamasina,MDG.5_1,2006-02-18 00:00,,2006-02-23 18:00,,OFCL,,1001.0,,550.36,,{0: 1001},,1001.0,,0.0,,0.0,,0.0,,0.0,,0.0,
2006,SH122006,NONAME,Mauritius,MUS,Riviere Du Rempart,MUS,,2006-02-18 00:00,,2006-02-23 18:00,,OFCL,,123738.0,,348777.44,,{1: 123738},,0.0,,123738.0,,0.0,,0.0,,0.0,,0.0
2006,SH122006,NONAME,Mauritius,MUS,Savanne,MUS.12_1,2006-02-18 00:00,2006-02-18 00:00,2006-02-23 18:00,2006-02-23 18:00,OFCL,OFCL,70087.0,60507.0,20775.36,33050.5,"{0: 50968, 1: 19119}","{0: 34037, 1: 26470}",50968.0,34037.0,19119.0,26470.0,0.0,0.0,0.0,0.0,0.0,0.0,0.0,0.0
2006,SH122006,NONAME,Mauritius,MUS,Black River,MUS.2_1,2006-02-18 00:00,2006-02-18 00:00,2006-02-23 18:00,2006-02-23 18:00,OFCL,OFCL,93191.0,72490.0,24070.52,22432.08,"{0: 55804, 1: 37387}","{0: 40531, 1: 31959}",55804.0,40531.0,37387.0,31959.0,0.0,0.0,0.0,0.0,0.0,0.0,0.0,0.0
2006,SH122006,NONAME,Mauritius,MUS,Flacq,MUS.3_1,2006-02-18 00:00,2006-02-18 00:00,2006-02-23 18:00,2006-02-23 18:00,OFCL,OFCL,140810.0,148203.0,189759.26,209617.14,"{0: 3937, 1: 136873}","{0: 5106, 1: 143097}",3937.0,5106.0,136873.0,143097.0,0.0,0.0,0.0,0.0,0.0,0.0,0.0,0.0
2006,SH122006,NONAME,Mauritius,MUS,Grand Port,MUS.4_1,2006-02-18 00:00,2006-02-18 00:00,2006-02-23 18:00,2006-02-23 18:00,OFCL,OFCL,113523.0,117962.0,57409.98,56848.62,"{0: 61960, 1: 51563}","{0: 65956, 1: 52006}",61960.0,65956.0,51563.0,52006.0,0.0,0.0,0.0,0.0,0.0,0.0,0.0,0.0
2006,SH122006,NONAME,Mauritius,MUS,Moka,MUS.5_1,2006-02-18 00:00,2006-02-18 00:00,2006-02-23 18:00,2006-02-23 18:00,OFCL,OFCL,88800.0,144916.0,88631.77,89827.64,"{0: 11088, 1: 77712}","{0: 19807, 1: 125109}",11088.0,19807.0,77712.0,125109.0,0.0,0.0,0.0,0.0,0.0,0.0,0.0,0.0
2006,SH122006,NONAME,Mauritius,MUS,Pamplemousses,MUS.6_1,2006-02-18 00:00,2006-02-18 00:00,2006-02-23 18:00,2006-02-23 18:00,OFCL,OFCL,148742.0,165109.0,146005.53,118061.91,"{0: 5394, 1: 143348}","{0: 18570, 1: 146539}",5394.0,18570.0,143348.0,146539.0,0.0,0.0,0.0,0.0,0.0,0.0,0.0,0.0
2006,SH122006,NONAME,Mauritius,MUS,Plaines Wilhems,MUS.7_1,2006-02-18 00:00,2006-02-18 00:00,2006-02-23 18:00,2006-02-23 18:00,OFCL,OFCL,328060.0,294342.0,63479.98,12900.79,"{0: 152968, 1: 175092}","{0: 179227, 1: 115115}",152968.0,179227.0,175092.0,115115.0,0.0,0.0,0.0,0.0,0.0,0.0,0.0,0.0
2006,SH122006,NONAME,Mauritius,MUS,Port Louis,MUS.8_1,2006-02-18 00:00,2006-02-18 00:00,2006-02-23 18:00,2006-02-23 18:00,OFCL,OFCL,111040.0,100326.0,13329.2,3190.57,"{0: 52226, 1: 58814}","{0: 66342, 1: 33984}",52226.0,66342.0,58814.0,33984.0,0.0,0.0,0.0,0.0,0.0,0.0,0.0,0.0
2006,SH122006,NONAME,Mauritius,MUS,Rivière du Rempart,MUS.9_1,2006-02-18 00:00,,2006-02-23 18:00,,OFCL,,113200.0,,341807.27,,{1: 113200},,0.0,,113200.0,,0.0,,0.0,,0.0,,0.0,
2006,SH122006,NONAME,Mauritius,MUS,,No Adm1,,2006-02-18 00:00,,2006-02-23 18:00,,OFCL,,307.0,,828.09,,{1: 307},,0.0,,307.0,,0.0,,0.0,,0.0,,0.0
2006,SH162006,DIWA,Reunion,REU,Arrondissement_du_vent,REU,,2006-03-01 06:00,,2006-03-09 06:00,,OFCL,,58847.0,,5.11,,{0: 58847},,58847.0,,0.0,,0.0,,0.0,,0.0,,0.0
2006,SH162006,DIWA,Reunion,REU,Arrondissement_souse_le_vent,REU,,2006-03-01 06:00,,2006-03-09 06:00,,OFCL,,27243.0,,33.65,,{0: 27243},,27243.0,,0.0,,0.0,,0.0,,0.0,,0.0
2006,SH162006,DIWA,Reunion,REU,Saint-Denis,REU.2_1,2006-03-01 06:00,,2006-03-09 06:00,,OFCL,,1540.0,,619442.16,,{0: 1540},,1540.0,,0.0,,0.0,,0.0,,0.0,,0.0,
2006,SH162006,DIWA,Reunion,REU,Saint-Paul,REU.3_1,2006-03-01 06:00,,2006-03-09 06:00,,OFCL,,2385.0,,1731541.23,,{0: 2385},,2385.0,,0.0,,0.0,,0.0,,0.0,,0.0,
2007,SH032007,ANITA,Comoros,COM,Ngazidja,COM,,2006-11-27 06:00,,2006-12-04 00:00,,OFCL,,22836.0,,0.26,,{0: 22836},,22836.0,,0.0,,0.0,,0.0,,0.0,,0.0
2007,SH032007,ANITA,Comoros,COM,Njazídja,COM.2_1,2006-11-27 06:00,,2006-12-04 00:00,,OFCL,,328978.0,,21778.14,,"{0: 328890, 1: 88}",,328890.0,,88.0,,0.0,,0.0,,0.0,,0.0,
2007,SH032007,ANITA,Comoros,COM,Nzwani,COM.3_1,2006-11-27 06:00,,2006-12-04 00:00,,OFCL,,24270.0,,86.13,,{0: 24270},,24270.0,,0.0,,0.0,,0.0,,0.0,,0.0,
2007,SH032007,ANITA,Madagascar,MDG,Mahajanga,MDG.4_1,2006-11-27 06:00,,2006-12-04 00:00,,OFCL,,259.0,,0.44,,{0: 259},,259.0,,0.0,,0.0,,0.0,,0.0,,0.0,
2007,SH032007,ANITA,Seychelles,SYC,Aldabra,SYC,,2006-11-27 06:00,,2006-12-04 00:00,,OFCL,,13.0,,0.05,,{0: 13},,13.0,,0.0,,0.0,,0.0,,0.0,,0.0
2007,SH052007,BONDO,Madagascar,MDG,Alaotra Mangoro,MDG,,2006-12-16 00:00,,2006-12-26 18:00,,OFCL,,11120.0,,7.21,,{0: 11120},,11120.0,,0.0,,0.0,,0.0,,0.0,,0.0
2007,SH052007,BONDO,Madagascar,MDG,Amoron'i Mania,MDG,,2006-12-16 00:00,,2006-12-26 18:00,,OFCL,,6.0,,0.0,,{0: 6},,6.0,,0.0,,0.0,,0.0,,0.0,,0.0
2007,SH052007,BONDO,Madagascar,MDG,Analamanga,MDG,,2006-12-16 00:00,,2006-12-26 18:00,,OFCL,,772511.0,,4918.13,,"{0: 749021, 1: 23490}",,749021.0,,23490.0,,0.0,,0.0,,0.0,,0.0
2007,SH052007,BONDO,Madagascar,MDG,Analanjirofo,MDG,,2006-12-16 00:00,,2006-12-26 18:00,,OFCL,,69922.0,,412.89,,"{0: 69575, 1: 347}",,69575.0,,347.0,,0.0,,0.0,,0.0,,0.0
2007,SH052007,BONDO,Madagascar,MDG,Betsiboka,MDG,,2006-12-16 00:00,,2006-12-26 18:00,,OFCL,,248976.0,,69860.5,,"{0: 104276, 1: 144700}",,104276.0,,144700.0,,0.0,,0.0,,0.0,,0.0
2007,SH052007,BONDO,Madagascar,MDG,Boeny,MDG,,2006-12-16 00:00,,2006-12-26 18:00,,OFCL,,983403.0,,8643180.5,,"{0: 50912, 1: 430940, 2: 473625, 3: 27926}",,50912.0,,430940.0,,473625.0,,27926.0,,0.0,,0.0
2007,SH052007,BONDO,Madagascar,MDG,Bongolava,MDG,,2006-12-16 00:00,,2006-12-26 18:00,,OFCL,,575391.0,,18455.32,,"{0: 502383, 1: 73008}",,502383.0,,73008.0,,0.0,,0.0,,0.0,,0.0
2007,SH052007,BONDO,Madagascar,MDG,Diana,MDG,,2006-12-16 00:00,,2006-12-26 18:00,,OFCL,,862898.0,,106027221.76,,"{1: 52301, 2: 336987, 3: 405655, 4: 67834, 5: 121}",,0.0,,52301.0,,336987.0,,405655.0,,67834.0,,121.0
2007,SH052007,BONDO,Madagascar,MDG,Itasy,MDG,,2006-12-16 00:00,,2006-12-26 18:00,,OFCL,,434365.0,,537.53,,{0: 434365},,434365.0,,0.0,,0.0,,0.0,,0.0,,0.0
2007,SH052007,BONDO,Madagascar,MDG,Melaky,MDG,,2006-12-16 00:00,,2006-12-26 18:00,,OFCL,,20139.0,,234.57,,"{0: 19058, 1: 1081}",,19058.0,,1081.0,,0.0,,0.0,,0.0,,0.0
2007,SH052007,BONDO,Madagascar,MDG,Menabe,MDG,,2006-12-16 00:00,,2006-12-26 18:00,,OFCL,,13500.0,,16.08,,{0: 13500},,13500.0,,0.0,,0.0,,0.0,,0.0,,0.0
2007,SH052007,BONDO,Madagascar,MDG,Sava,MDG,,2006-12-16 00:00,,2006-12-26 18:00,,OFCL,,767820.0,,401069.16,,"{0: 544195, 1: 211257, 2: 12368}",,544195.0,,211257.0,,12368.0,,0.0,,0.0,,0.0
2007,SH052007,BONDO,Madagascar,MDG,Sofia,MDG,,2006-12-16 00:00,,2006-12-26 18:00,,OFCL,,1394338.0,,8396819.63,,"{0: 560698, 1: 640690, 2: 156086, 3: 36864}",,560698.0,,640690.0,,156086.0,,36864.0,,0.0,,0.0
2007,SH052007,BONDO,Madagascar,MDG,Vakinakaratra,MDG,,2006-12-16 00:00,,2006-12-26 18:00,,OFCL,,294782.0,,33.68,,{0: 294782},,294782.0,,0.0,,0.0,,0.0,,0.0,,0.0
2007,SH052007,BONDO,Madagascar,MDG,Antananarivo,MDG.1_1,2006-12-16 00:00,,2006-12-26 18:00,,OFCL,,3798425.0,,776650.9,,"{0: 2888803, 1: 909622}",,2888803.0,,909622.0,,0.0,,0.0,,0.0,,0.0,
2007,SH052007,BONDO,Madagascar,MDG,Antsiranana,MDG.2_1,2006-12-16 00:00,,2006-12-26 18:00,,OFCL,,2057235.0,,162084100.49,,"{0: 445508, 1: 533427, 2: 271015, 3: 506172, 4: 268967, 5: 32146}",,445508.0,,533427.0,,271015.0,,506172.0,,268967.0,,32146.0,
2007,SH052007,BONDO,Madagascar,MDG,Fianarantsoa,MDG.3_1,2006-12-16 00:00,,2006-12-26 18:00,,OFCL,,37839.0,,101.56,,{0: 37839},,37839.0,,0.0,,0.0,,0.0,,0.0,,0.0,
2007,SH052007,BONDO,Madagascar,MDG,Mahajanga,MDG.4_1,2006-12-16 00:00,,2006-12-26 18:00,,OFCL,,3268089.0,,51680370.48,,"{0: 412592, 1: 1370251, 2: 765777, 3: 709957, 4: 9512}",,412592.0,,1370251.0,,765777.0,,709957.0,,9512.0,,0.0,
2007,SH052007,BONDO,Madagascar,MDG,Toamasina,MDG.5_1,2006-12-16 00:00,,2006-12-26 18:00,,OFCL,,584609.0,,8582.39,,"{0: 580138, 1: 4471}",,580138.0,,4471.0,,0.0,,0.0,,0.0,,0.0,
2007,SH052007,BONDO,Madagascar,MDG,Toliary,MDG.6_1,2006-12-16 00:00,,2006-12-26 18:00,,OFCL,,442814.0,,3194.9,,"{0: 441200, 1: 1614}",,441200.0,,1614.0,,0.0,,0.0,,0.0,,0.0,
2007,SH052007,BONDO,Mauritius,MUS,Agalega Islands,MUS.1_1,2006-12-16 00:00,,2006-12-26 18:00,,OFCL,,262.0,,1231998.49,,"{4: 220, 5: 42}",,0.0,,0.0,,0.0,,0.0,,220.0,,42.0,
2007,SH052007,BONDO,Seychelles,SYC,Aldabra,SYC,,2006-12-16 00:00,,2006-12-26 18:00,,OFCL,,0.0,,67244.95,,{3: 0},,0.0,,0.0,,0.0,,0.0,,0.0,,0.0
2007,SH052007,BONDO,Seychelles,SYC,Cosmoledo,SYC,,2006-12-16 00:00,,2006-12-26 18:00,,OFCL,,0.0,,56734.77,,{4: 0},,0.0,,0.0,,0.0,,0.0,,0.0,,0.0
2007,SH052007,BONDO,Seychelles,SYC,Farquhar,SYC,,2006-12-16 00:00,,2006-12-26 18:00,,OFCL,,10.0,,5427841.47,,{4: 10},,0.0,,0.0,,0.0,,0.0,,10.0,,0.0
2007,SH052007,BONDO,Seychelles,SYC,Grand Anse Mahe,SYC,,2006-12-16 00:00,,2006-12-26 18:00,,OFCL,,0.0,,89862.31,,{4: 0},,0.0,,0.0,,0.0,,0.0,,0.0,,0.0
2007,SH052007,BONDO,Seychelles,SYC,Providence,SYC,,2006-12-16 00:00,,2006-12-26 18:00,,OFCL,,1.0,,332862.24,,"{3: 0, 4: 1}",,0.0,,0.0,,0.0,,0.0,,1.0,,0.0
2007,SH052007,BONDO,Seychelles,SYC,Outer Islands,SYC.20_1,2006-12-16 00:00,,2006-12-26 18:00,,OFCL,,43.0,,440178.04,,{4: 43},,0.0,,0.0,,0.0,,0.0,,43.0,,0.0,
2007,SH052007,BONDO,Tanzania,TZA,Arusha,TZA,,2006-12-16 00:00,,2006-12-26 18:00,,OFCL,,0.0,,12179120.42,,"{4: 0, 5: 0}",,0.0,,0.0,,0.0,,0.0,,0.0,,0.0
2007,SH062007,CLOVIS,Madagascar,MDG,Alaotra Mangoro,MDG,,2006-12-29 12:00,,2007-01-04 18:00,,OFCL,,63372.0,,1751.72,,"{0: 54828, 1: 8544}",,54828.0,,8544.0,,0.0,,0.0,,0.0,,0.0
2007,SH062007,CLOVIS,Madagascar,MDG,Amoron'i Mania,MDG,,2006-12-29 12:00,,2007-01-04 18:00,,OFCL,,526256.0,,192340.33,,"{0: 265740, 1: 260516}",,265740.0,,260516.0,,0.0,,0.0,,0.0,,0.0
2007,SH062007,CLOVIS,Madagascar,MDG,Analamanga,MDG,,2006-12-29 12:00,,2007-01-04 18:00,,OFCL,,222822.0,,1760.28,,"{0: 210200, 1: 12622}",,210200.0,,12622.0,,0.0,,0.0,,0.0,,0.0
2007,SH062007,CLOVIS,Madagascar,MDG,Atsimo Atsinanana,MDG,,2006-12-29 12:00,,2007-01-04 18:00,,OFCL,,5349.0,,0.03,,{0: 5349},,5349.0,,0.0,,0.0,,0.0,,0.0,,0.0
2007,SH062007,CLOVIS,Madagascar,MDG,Atsinanana,MDG,,2006-12-29 12:00,,2007-01-04 18:00,,OFCL,,498988.0,,616358.16,,"{0: 176129, 1: 311204, 2: 11655}",,176129.0,,311204.0,,11655.0,,0.0,,0.0,,0.0
2007,SH062007,CLOVIS,Madagascar,MDG,Haute Matsiatra,MDG,,2006-12-29 12:00,,2007-01-04 18:00,,OFCL,,842314.0,,47285.15,,"{0: 594525, 1: 247789}",,594525.0,,247789.0,,0.0,,0.0,,0.0,,0.0
2007,SH062007,CLOVIS,Madagascar,MDG,Ihorombe,MDG,,2006-12-29 12:00,,2007-01-04 18:00,,OFCL,,4887.0,,0.34,,{0: 4887},,4887.0,,0.0,,0.0,,0.0,,0.0,,0.0
2007,SH062007,CLOVIS,Madagascar,MDG,Itasy,MDG,,2006-12-29 12:00,,2007-01-04 18:00,,OFCL,,26507.0,,1.48,,{0: 26507},,26507.0,,0.0,,0.0,,0.0,,0.0,,0.0
2007,SH062007,CLOVIS,Madagascar,MDG,Vakinakaratra,MDG,,2006-12-29 12:00,,2007-01-04 18:00,,OFCL,,1085454.0,,72294.41,,"{0: 911478, 1: 173976}",,911478.0,,173976.0,,0.0,,0.0,,0.0,,0.0
2007,SH062007,CLOVIS,Madagascar,MDG,Vatovavy Fitovinany,MDG,,2006-12-29 12:00,,2007-01-04 18:00,,OFCL,,1621756.0,,3304178.95,,"{0: 757225, 1: 585720, 2: 278811}",,757225.0,,585720.0,,278811.0,,0.0,,0.0,,0.0
2007,SH062007,CLOVIS,Madagascar,MDG,Antananarivo,MDG.1_1,2006-12-29 12:00,,2007-01-04 18:00,,OFCL,,2389490.0,,848174.53,,"{0: 1373090, 1: 1008005, 2: 8395}",,1373090.0,,1008005.0,,8395.0,,0.0,,0.0,,0.0,
2007,SH062007,CLOVIS,Madagascar,MDG,Fianarantsoa,MDG.3_1,2006-12-29 12:00,,2007-01-04 18:00,,OFCL,,4226055.0,,16367949.13,,"{0: 1872536, 1: 1652154, 2: 614506, 3: 86859}",,1872536.0,,1652154.0,,614506.0,,86859.0,,0.0,,0.0,
2007,SH062007,CLOVIS,Madagascar,MDG,Toamasina,MDG.5_1,2006-12-29 12:00,,2007-01-04 18:00,,OFCL,,722021.0,,2177234.41,,"{0: 217041, 1: 355132, 2: 149848}",,217041.0,,355132.0,,149848.0,,0.0,,0.0,,0.0,
2007,SH062007,CLOVIS,Madagascar,MDG,Toliary,MDG.6_1,2006-12-29 12:00,,2007-01-04 18:00,,OFCL,,1698.0,,1.19,,{0: 1698},,1698.0,,0.0,,0.0,,0.0,,0.0,,0.0,
2007,SH102007,DORA,Mauritius,MUS,Rodriguez,MUS.10_1,2007-01-28 06:00,,2007-02-10 00:00,,OFCL,,44639.0,,3450.66,,{0: 44639},,44639.0,,0.0,,0.0,,0.0,,0.0,,0.0,
2007,SH102007,DORA,Mauritius,MUS,,No Adm1,,2007-01-28 06:00,,2007-02-10 00:00,,OFCL,,43077.0,,4172.6,,{0: 43077},,43077.0,,0.0,,0.0,,0.0,,0.0,,0.0
2007,SH132007,ENOK,Madagascar,MDG,Analanjirofo,MDG,,2007-02-05 18:00,,2007-02-12 00:00,,OFCL,,470.0,,0.0,,{0: 470},,470.0,,0.0,,0.0,,0.0,,0.0,,0.0
2007,SH132007,ENOK,Madagascar,MDG,Sava,MDG,,2007-02-05 18:00,,2007-02-12 00:00,,OFCL,,3641.0,,0.11,,{0: 3641},,3641.0,,0.0,,0.0,,0.0,,0.0,,0.0
2007,SH132007,ENOK,Madagascar,MDG,Antsiranana,MDG.2_1,2007-02-05 18:00,,2007-02-12 00:00,,OFCL,,24491.0,,790.39,,{0: 24491},,24491.0,,0.0,,0.0,,0.0,,0.0,,0.0,
2007,SH132007,ENOK,Madagascar,MDG,Toamasina,MDG.5_1,2007-02-05 18:00,,2007-02-12 00:00,,OFCL,,219616.0,,870.09,,{0: 219616},,219616.0,,0.0,,0.0,,0.0,,0.0,,0.0,
2007,SH132007,ENOK,Mauritius,MUS,Rodriguez,MUS.10_1,2007-02-05 18:00,,2007-02-12 00:00,,OFCL,,44099.0,,25130.4,,"{0: 29256, 1: 14843}",,29256.0,,14843.0,,0.0,,0.0,,0.0,,0.0,
2007,SH132007,ENOK,Mauritius,MUS,,No Adm1,,2007-02-05 18:00,,2007-02-12 00:00,,OFCL,,43525.0,,15785.11,,"{0: 29820, 1: 13705}",,29820.0,,13705.0,,0.0,,0.0,,0.0,,0.0
2007,SH142007,FAVIO,Madagascar,MDG,Androy,MDG,,2007-02-11 18:00,,2007-02-23 12:00,,OFCL,,390976.0,,9226.89,,"{0: 350288, 1: 40688}",,350288.0,,40688.0,,0.0,,0.0,,0.0,,0.0
2007,SH142007,FAVIO,Madagascar,MDG,Atsimo Andrefana,MDG,,2007-02-11 18:00,,2007-02-23 12:00,,OFCL,,221672.0,,32092.5,,"{0: 174561, 1: 47111}",,174561.0,,47111.0,,0.0,,0.0,,0.0,,0.0
2007,SH142007,FAVIO,Madagascar,MDG,Toliary,MDG.6_1,2007-02-11 18:00,,2007-02-23 12:00,,OFCL,,1264999.0,,744789.28,,"{0: 819887, 1: 409135, 2: 35977}",,819887.0,,409135.0,,35977.0,,0.0,,0.0,,0.0,
2007,SH142007,FAVIO,Mozambique,MOZ,Gaza,MOZ.2_1,2007-02-11 18:00,2007-02-11 18:00,2007-02-23 12:00,2007-02-23 12:00,OFCL,OFCL,667162.0,56502.0,59339.52,4006.68,"{0: 619477, 1: 47674, 2: 11}","{0: 52290, 1: 4212}",619477.0,52290.0,47674.0,4212.0,11.0,0.0,0.0,0.0,0.0,0.0,0.0,0.0
2007,SH142007,FAVIO,Mozambique,MOZ,Inhambane,MOZ.3_1,2007-02-11 18:00,2007-02-11 18:00,2007-02-23 12:00,2007-02-23 12:00,OFCL,OFCL,1506027.0,1363625.0,134088497.67,72714327.84,"{0: 57220, 1: 392191, 2: 570852, 3: 283859, 4: 195945, 5: 5960}","{0: 301240, 1: 523125, 2: 262865, 3: 251308, 4: 25087}",57220.0,301240.0,392191.0,523125.0,570852.0,262865.0,283859.0,251308.0,195945.0,25087.0,5960.0,0.0
2007,SH142007,FAVIO,Mozambique,MOZ,Manica,MOZ.4_1,2007-02-11 18:00,2007-02-11 18:00,2007-02-23 12:00,2007-02-23 12:00,OFCL,OFCL,1852480.0,1638333.0,10505900.3,1666602.58,"{0: 156759, 1: 1236653, 2: 412733, 3: 46335}","{0: 433896, 1: 1098027, 2: 105660, 3: 750}",156759.0,433896.0,1236653.0,1098027.0,412733.0,105660.0,46335.0,750.0,0.0,0.0,0.0,0.0
2007,SH142007,FAVIO,Mozambique,MOZ,Maputo,MOZ.6_1,2007-02-11 18:00,,2007-02-23 12:00,,OFCL,,339.0,,3340.93,,{0: 339},,339.0,,0.0,,0.0,,0.0,,0.0,,0.0,
2007,SH142007,FAVIO,Mozambique,MOZ,Sofala,MOZ.9_1,2007-02-11 18:00,2007-02-11 18:00,2007-02-23 12:00,2007-02-23 12:00,OFCL,OFCL,1613815.0,1427869.0,27549816.95,16861003.85,"{0: 174755, 1: 617335, 2: 577643, 3: 242948, 4: 1134}","{0: 311526, 1: 828404, 2: 197168, 3: 90771}",174755.0,311526.0,617335.0,828404.0,577643.0,197168.0,242948.0,90771.0,1134.0,0.0,0.0,0.0
2007,SH142007,FAVIO,Mauritius,MUS,,No Adm1,,2007-02-11 18:00,,2007-02-23 12:00,,OFCL,,18052.0,,10.37,,{0: 18052},,18052.0,,0.0,,0.0,,0.0,,0.0,,0.0
2007,SH152007,GAMEDE,Madagascar,MDG,Analanjirofo,MDG,,2007-02-19 06:00,,2007-03-03 00:00,,OFCL,,5679.0,,17150.28,,{0: 5679},,5679.0,,0.0,,0.0,,0.0,,0.0,,0.0
2007,SH152007,GAMEDE,Madagascar,MDG,Atsinanana,MDG,,2007-02-19 06:00,,2007-03-03 00:00,,OFCL,,304.0,,8254.68,,{0: 304},,304.0,,0.0,,0.0,,0.0,,0.0,,0.0
2007,SH152007,GAMEDE,Madagascar,MDG,Sava,MDG,,2007-02-19 06:00,,2007-03-03 00:00,,OFCL,,352.0,,3038.07,,{0: 352},,352.0,,0.0,,0.0,,0.0,,0.0,,0.0
2007,SH152007,GAMEDE,Madagascar,MDG,Antsiranana,MDG.2_1,2007-02-19 06:00,,2007-03-03 00:00,,OFCL,,3994.0,,16111.55,,{0: 3994},,3994.0,,0.0,,0.0,,0.0,,0.0,,0.0,
2007,SH152007,GAMEDE,Madagascar,MDG,Fianarantsoa,MDG.3_1,2007-02-19 06:00,,2007-03-03 00:00,,OFCL,,162.0,,1402.27,,{0: 162},,162.0,,0.0,,0.0,,0.0,,0.0,,0.0,
2007,SH152007,GAMEDE,Madagascar,MDG,Toamasina,MDG.5_1,2007-02-19 06:00,,2007-03-03 00:00,,OFCL,,188906.0,,156340.94,,{0: 188906},,188906.0,,0.0,,0.0,,0.0,,0.0,,0.0,
2007,SH152007,GAMEDE,Madagascar,MDG,Toliary,MDG.6_1,2007-02-19 06:00,,2007-03-03 00:00,,OFCL,,80.0,,0.07,,{0: 80},,80.0,,0.0,,0.0,,0.0,,0.0,,0.0,
2007,SH152007,GAMEDE,Mauritius,MUS,Riviere Du Rempart,MUS,,2007-02-19 06:00,,2007-03-03 00:00,,OFCL,,123738.0,,1139560.01,,{1: 123738},,0.0,,123738.0,,0.0,,0.0,,0.0,,0.0
2007,SH152007,GAMEDE,Mauritius,MUS,Savanne,MUS.12_1,2007-02-19 06:00,2007-02-19 06:00,2007-03-03 00:00,2007-03-03 00:00,OFCL,OFCL,70087.0,60507.0,124101.9,190624.36,{1: 70087},{1: 60507},0.0,0.0,70087.0,60507.0,0.0,0.0,0.0,0.0,0.0,0.0,0.0,0.0
2007,SH152007,GAMEDE,Mauritius,MUS,Black River,MUS.2_1,2007-02-19 06:00,2007-02-19 06:00,2007-03-03 00:00,2007-03-03 00:00,OFCL,OFCL,94560.0,72490.0,731302.18,325501.47,{1: 94560},{1: 72490},0.0,0.0,94560.0,72490.0,0.0,0.0,0.0,0.0,0.0,0.0,0.0,0.0
2007,SH152007,GAMEDE,Mauritius,MUS,Flacq,MUS.3_1,2007-02-19 06:00,2007-02-19 06:00,2007-03-03 00:00,2007-03-03 00:00,OFCL,OFCL,140810.0,148203.0,1897912.34,982691.58,{1: 140810},{1: 148203},0.0,0.0,140810.0,148203.0,0.0,0.0,0.0,0.0,0.0,0.0,0.0,0.0
2007,SH152007,GAMEDE,Mauritius,MUS,Grand Port,MUS.4_1,2007-02-19 06:00,2007-02-19 06:00,2007-03-03 00:00,2007-03-03 00:00,OFCL,OFCL,113523.0,117962.0,2759087.89,612494.45,"{0: 354, 1: 113169}",{1: 117962},354.0,0.0,113169.0,117962.0,0.0,0.0,0.0,0.0,0.0,0.0,0.0,0.0
2007,SH152007,GAMEDE,Mauritius,MUS,Moka,MUS.5_1,2007-02-19 06:00,2007-02-19 06:00,2007-03-03 00:00,2007-03-03 00:00,OFCL,OFCL,88800.0,144916.0,309361.95,382738.99,{1: 88800},{1: 144916},0.0,0.0,88800.0,144916.0,0.0,0.0,0.0,0.0,0.0,0.0,0.0,0.0
2007,SH152007,GAMEDE,Mauritius,MUS,Pamplemousses,MUS.6_1,2007-02-19 06:00,2007-02-19 06:00,2007-03-03 00:00,2007-03-03 00:00,OFCL,OFCL,148742.0,165109.0,962582.06,878196.63,{1: 148742},{1: 165109},0.0,0.0,148742.0,165109.0,0.0,0.0,0.0,0.0,0.0,0.0,0.0,0.0
2007,SH152007,GAMEDE,Mauritius,MUS,Plaines Wilhems,MUS.7_1,2007-02-19 06:00,2007-02-19 06:00,2007-03-03 00:00,2007-03-03 00:00,OFCL,OFCL,365517.0,294342.0,1088435.08,324160.36,{1: 365517},{1: 294342},0.0,0.0,365517.0,294342.0,0.0,0.0,0.0,0.0,0.0,0.0,0.0,0.0
2007,SH152007,GAMEDE,Mauritius,MUS,Port Louis,MUS.8_1,2007-02-19 06:00,2007-02-19 06:00,2007-03-03 00:00,2007-03-03 00:00,OFCL,OFCL,111040.0,100326.0,291633.19,69076.3,{1: 111040},{1: 100326},0.0,0.0,111040.0,100326.0,0.0,0.0,0.0,0.0,0.0,0.0,0.0,0.0
2007,SH152007,GAMEDE,Mauritius,MUS,Rivière du Rempart,MUS.9_1,2007-02-19 06:00,,2007-03-03 00:00,,OFCL,,113200.0,,4361486.42,,{1: 113200},,0.0,,113200.0,,0.0,,0.0,,0.0,,0.0,
2007,SH152007,GAMEDE,Mauritius,MUS,,No Adm1,,2007-02-19 06:00,,2007-03-03 00:00,,OFCL,,307.0,,1796.42,,{1: 307},,0.0,,307.0,,0.0,,0.0,,0.0,,0.0
2007,SH152007,GAMEDE,Reunion,REU,Arrondissement_du_vent,REU,,2007-02-19 06:00,,2007-03-03 00:00,,OFCL,,256754.0,,3866823.41,,"{1: 248272, 2: 8482}",,0.0,,248272.0,,8482.0,,0.0,,0.0,,0.0
2007,SH152007,GAMEDE,Reunion,REU,Arrondissement_souse_le_vent,REU,,2007-02-19 06:00,,2007-03-03 00:00,,OFCL,,447764.0,,3630083.67,,"{0: 191, 1: 441950, 2: 5623}",,191.0,,441950.0,,5623.0,,0.0,,0.0,,0.0
2007,SH152007,GAMEDE,Reunion,REU,Saint-Benoît,REU.1_1,2007-02-19 06:00,,2007-03-03 00:00,,OFCL,,140447.0,,9535719.08,,"{1: 140196, 2: 251}",,0.0,,140196.0,,251.0,,0.0,,0.0,,0.0,
2007,SH152007,GAMEDE,Reunion,REU,Saint-Denis,REU.2_1,2007-02-19 06:00,,2007-03-03 00:00,,OFCL,,308269.0,,15244625.98,,"{1: 308140, 2: 129}",,0.0,,308140.0,,129.0,,0.0,,0.0,,0.0,
2007,SH152007,GAMEDE,Reunion,REU,Saint-Paul,REU.3_1,2007-02-19 06:00,,2007-03-03 00:00,,OFCL,,201260.0,,3712343.72,,"{1: 200907, 2: 353}",,0.0,,200907.0,,353.0,,0.0,,0.0,,0.0,
2007,SH152007,GAMEDE,Reunion,REU,Saint-Pierre,REU.4_1,2007-02-19 06:00,,2007-03-03 00:00,,OFCL,,313164.0,,2485517.86,,"{0: 1125, 1: 311708, 2: 331}",,1125.0,,311708.0,,331.0,,0.0,,0.0,,0.0,
2007,SH192007,INDLALA,Madagascar,MDG,Alaotra Mangoro,MDG,,2007-03-07 00:00,,2007-03-17 06:00,,OFCL,,844165.0,,3093105.85,,"{0: 187783, 1: 517966, 2: 134833, 3: 3583}",,187783.0,,517966.0,,134833.0,,3583.0,,0.0,,0.0
2007,SH192007,INDLALA,Madagascar,MDG,Analamanga,MDG,,2007-03-07 00:00,,2007-03-17 06:00,,OFCL,,1639891.0,,11686.51,,"{0: 1602519, 1: 37372}",,1602519.0,,37372.0,,0.0,,0.0,,0.0,,0.0
2007,SH192007,INDLALA,Madagascar,MDG,Analanjirofo,MDG,,2007-03-07 00:00,,2007-03-17 06:00,,OFCL,,1464232.0,,84847599.73,,"{0: 252702, 1: 529209, 2: 267345, 3: 406936, 4: 8040}",,252702.0,,529209.0,,267345.0,,406936.0,,8040.0,,0.0
2007,SH192007,INDLALA,Madagascar,MDG,Atsinanana,MDG,,2007-03-07 00:00,,2007-03-17 06:00,,OFCL,,384700.0,,6653.84,,"{0: 304599, 1: 80101}",,304599.0,,80101.0,,0.0,,0.0,,0.0,,0.0
2007,SH192007,INDLALA,Madagascar,MDG,Betsiboka,MDG,,2007-03-07 00:00,,2007-03-17 06:00,,OFCL,,232487.0,,254137.16,,"{0: 135092, 1: 86638, 2: 10757}",,135092.0,,86638.0,,10757.0,,0.0,,0.0,,0.0
2007,SH192007,INDLALA,Madagascar,MDG,Boeny,MDG,,2007-03-07 00:00,,2007-03-17 06:00,,OFCL,,284513.0,,1282.54,,"{0: 268382, 1: 16131}",,268382.0,,16131.0,,0.0,,0.0,,0.0,,0.0
2007,SH192007,INDLALA,Madagascar,MDG,Bongolava,MDG,,2007-03-07 00:00,,2007-03-17 06:00,,OFCL,,29709.0,,0.79,,{0: 29709},,29709.0,,0.0,,0.0,,0.0,,0.0,,0.0
2007,SH192007,INDLALA,Madagascar,MDG,Diana,MDG,,2007-03-07 00:00,,2007-03-17 06:00,,OFCL,,862898.0,,739785.06,,"{0: 12385, 1: 812440, 2: 37931, 3: 142}",,12385.0,,812440.0,,37931.0,,142.0,,0.0,,0.0
2007,SH192007,INDLALA,Madagascar,MDG,Itasy,MDG,,2007-03-07 00:00,,2007-03-17 06:00,,OFCL,,74988.0,,0.39,,{0: 74988},,74988.0,,0.0,,0.0,,0.0,,0.0,,0.0
2007,SH192007,INDLALA,Madagascar,MDG,Sava,MDG,,2007-03-07 00:00,,2007-03-17 06:00,,OFCL,,1024725.0,,142653494.44,,"{1: 18318, 2: 350611, 3: 596515, 4: 59281}",,0.0,,18318.0,,350611.0,,596515.0,,59281.0,,0.0
2007,SH192007,INDLALA,Madagascar,MDG,Sofia,MDG,,2007-03-07 00:00,,2007-03-17 06:00,,OFCL,,1483043.0,,44800477.45,,"{0: 196050, 1: 679007, 2: 380269, 3: 227717}",,196050.0,,679007.0,,380269.0,,227717.0,,0.0,,0.0
2007,SH192007,INDLALA,Madagascar,MDG,Vakinakaratra,MDG,,2007-03-07 00:00,,2007-03-17 06:00,,OFCL,,4026.0,,0.0,,{0: 4026},,4026.0,,0.0,,0.0,,0.0,,0.0,,0.0
2007,SH192007,INDLALA,Madagascar,MDG,Antananarivo,MDG.1_1,2007-03-07 00:00,,2007-03-17 06:00,,OFCL,,3514416.0,,293957.91,,"{0: 3133388, 1: 381028}",,3133388.0,,381028.0,,0.0,,0.0,,0.0,,0.0,
2007,SH192007,INDLALA,Madagascar,MDG,Antsiranana,MDG.2_1,2007-03-07 00:00,,2007-03-17 06:00,,OFCL,,2123061.0,,212117709.18,,"{1: 577949, 2: 528864, 3: 692478, 4: 277272, 5: 46498}",,0.0,,577949.0,,528864.0,,692478.0,,277272.0,,46498.0,
2007,SH192007,INDLALA,Madagascar,MDG,Fianarantsoa,MDG.3_1,2007-03-07 00:00,,2007-03-17 06:00,,OFCL,,2169.0,,0.85,,{0: 2169},,2169.0,,0.0,,0.0,,0.0,,0.0,,0.0,
2007,SH192007,INDLALA,Madagascar,MDG,Mahajanga,MDG.4_1,2007-03-07 00:00,,2007-03-17 06:00,,OFCL,,2593157.0,,63298655.71,,"{0: 587429, 1: 992481, 2: 452115, 3: 522306, 4: 38826}",,587429.0,,992481.0,,452115.0,,522306.0,,38826.0,,0.0,
2007,SH192007,INDLALA,Madagascar,MDG,Toamasina,MDG.5_1,2007-03-07 00:00,,2007-03-17 06:00,,OFCL,,3008736.0,,132131783.53,,"{0: 364455, 1: 1176927, 2: 819409, 3: 450382, 4: 196568, 5: 995}",,364455.0,,1176927.0,,819409.0,,450382.0,,196568.0,,995.0,
2007,SH222007,JAYA,Madagascar,MDG,Alaotra Mangoro,MDG,,2007-03-28 00:00,,2007-04-08 06:00,,OFCL,,18882.0,,46.2,,"{0: 18777, 1: 105}",,18777.0,,105.0,,0.0,,0.0,,0.0,,0.0
2007,SH222007,JAYA,Madagascar,MDG,Analanjirofo,MDG,,2007-03-28 00:00,,2007-04-08 06:00,,OFCL,,430829.0,,1054043.05,,"{0: 203766, 1: 145640, 2: 74753, 3: 6670}",,203766.0,,145640.0,,74753.0,,6670.0,,0.0,,0.0
2007,SH222007,JAYA,Madagascar,MDG,Betsiboka,MDG,,2007-03-28 00:00,,2007-04-08 06:00,,OFCL,,14087.0,,2.94,,{0: 14087},,14087.0,,0.0,,0.0,,0.0,,0.0,,0.0
2007,SH222007,JAYA,Madagascar,MDG,Boeny,MDG,,2007-03-28 00:00,,2007-04-08 06:00,,OFCL,,627080.0,,35618.03,,"{0: 527582, 1: 99498}",,527582.0,,99498.0,,0.0,,0.0,,0.0,,0.0
2007,SH222007,JAYA,Madagascar,MDG,Diana,MDG,,2007-03-28 00:00,,2007-04-08 06:00,,OFCL,,116735.0,,26604.49,,"{0: 87203, 1: 26471, 2: 3061}",,87203.0,,26471.0,,3061.0,,0.0,,0.0,,0.0
2007,SH222007,JAYA,Madagascar,MDG,Sava,MDG,,2007-03-28 00:00,,2007-04-08 06:00,,OFCL,,950677.0,,18592352.98,,"{0: 148568, 1: 184843, 2: 517001, 3: 100265}",,148568.0,,184843.0,,517001.0,,100265.0,,0.0,,0.0
2007,SH222007,JAYA,Madagascar,MDG,Sofia,MDG,,2007-03-28 00:00,,2007-04-08 06:00,,OFCL,,1471793.0,,12903062.34,,"{0: 258302, 1: 733853, 2: 403188, 3: 76450}",,258302.0,,733853.0,,403188.0,,76450.0,,0.0,,0.0
2007,SH222007,JAYA,Madagascar,MDG,Antananarivo,MDG.1_1,2007-03-28 00:00,,2007-04-08 06:00,,OFCL,,127.0,,0.03,,{0: 127},,127.0,,0.0,,0.0,,0.0,,0.0,,0.0,
2007,SH222007,JAYA,Madagascar,MDG,Antsiranana,MDG.2_1,2007-03-28 00:00,,2007-04-08 06:00,,OFCL,,1413698.0,,37505048.35,,"{0: 360635, 1: 285680, 2: 295833, 3: 464336, 4: 7214}",,360635.0,,285680.0,,295833.0,,464336.0,,7214.0,,0.0,
2007,SH222007,JAYA,Madagascar,MDG,Mahajanga,MDG.4_1,2007-03-28 00:00,,2007-04-08 06:00,,OFCL,,2906986.0,,30202397.89,,"{0: 688030, 1: 1188675, 2: 766128, 3: 264153}",,688030.0,,1188675.0,,766128.0,,264153.0,,0.0,,0.0,
2007,SH222007,JAYA,Madagascar,MDG,Toamasina,MDG.5_1,2007-03-28 00:00,,2007-04-08 06:00,,OFCL,,769612.0,,3587268.47,,"{0: 424290, 1: 153432, 2: 184762, 3: 7128}",,424290.0,,153432.0,,184762.0,,7128.0,,0.0,,0.0,
2007,SH222007,JAYA,Mozambique,MOZ,Nampula,MOZ.7_1,2007-03-28 00:00,2007-03-28 00:00,2007-04-08 06:00,2007-04-08 06:00,OFCL,OFCL,9098.0,29.0,2.5,0.09,{0: 9098},{0: 29},9098.0,29.0,0.0,0.0,0.0,0.0,0.0,0.0,0.0,0.0,0.0,0.0
2008,SH062008,CELINA,Mauritius,MUS,Rodriguez,MUS.10_1,2007-12-12 12:00,,2007-12-22 18:00,,OFCL,,21549.0,,108.32,,{0: 21549},,21549.0,,0.0,,0.0,,0.0,,0.0,,0.0,
2008,SH062008,CELINA,Mauritius,MUS,,No Adm1,,2007-12-12 12:00,,2007-12-22 18:00,,OFCL,,35166.0,,500.49,,{0: 35166},,35166.0,,0.0,,0.0,,0.0,,0.0,,0.0
2008,SH092008,ELNUS,Madagascar,MDG,Atsimo Andrefana,MDG,,2007-12-29 12:00,,2008-01-04 18:00,,OFCL,,540.0,,0.01,,{0: 540},,540.0,,0.0,,0.0,,0.0,,0.0,,0.0
2008,SH092008,ELNUS,Madagascar,MDG,Toliary,MDG.6_1,2007-12-29 12:00,,2008-01-04 18:00,,OFCL,,228329.0,,6007.64,,{0: 228329},,228329.0,,0.0,,0.0,,0.0,,0.0,,0.0,
2008,SH132008,FAME,Comoros,COM,Mwali,COM.1_1,2008-01-23 12:00,,2008-02-01 12:00,,OFCL,,18968.0,,180.43,,{0: 18968},,18968.0,,0.0,,0.0,,0.0,,0.0,,0.0,
2008,SH132008,FAME,Comoros,COM,Nzwani,COM.3_1,2008-01-23 12:00,,2008-02-01 12:00,,OFCL,,2443.0,,14.55,,{0: 2443},,2443.0,,0.0,,0.0,,0.0,,0.0,,0.0,
2008,SH132008,FAME,Madagascar,MDG,Alaotra Mangoro,MDG,,2008-01-23 12:00,,2008-02-01 12:00,,OFCL,,586308.0,,1915.0,,"{0: 585809, 1: 499}",,585809.0,,499.0,,0.0,,0.0,,0.0,,0.0
2008,SH132008,FAME,Madagascar,MDG,Amoron'i Mania,MDG,,2008-01-23 12:00,,2008-02-01 12:00,,OFCL,,10906.0,,0.29,,{0: 10906},,10906.0,,0.0,,0.0,,0.0,,0.0,,0.0
2008,SH132008,FAME,Madagascar,MDG,Analamanga,MDG,,2008-01-23 12:00,,2008-02-01 12:00,,OFCL,,4677694.0,,1108231.32,,"{0: 639470, 1: 3991210, 2: 47014}",,639470.0,,3991210.0,,47014.0,,0.0,,0.0,,0.0
2008,SH132008,FAME,Madagascar,MDG,Analanjirofo,MDG,,2008-01-23 12:00,,2008-02-01 12:00,,OFCL,,164.0,,0.0,,{0: 164},,164.0,,0.0,,0.0,,0.0,,0.0,,0.0
2008,SH132008,FAME,Madagascar,MDG,Atsinanana,MDG,,2008-01-23 12:00,,2008-02-01 12:00,,OFCL,,21351.0,,3.19,,{0: 21351},,21351.0,,0.0,,0.0,,0.0,,0.0,,0.0
2008,SH132008,FAME,Madagascar,MDG,Betsiboka,MDG,,2008-01-23 12:00,,2008-02-01 12:00,,OFCL,,270861.0,,1312298.82,,"{0: 124971, 1: 111377, 2: 31742, 3: 2771}",,124971.0,,111377.0,,31742.0,,2771.0,,0.0,,0.0
2008,SH132008,FAME,Madagascar,MDG,Boeny,MDG,,2008-01-23 12:00,,2008-02-01 12:00,,OFCL,,834407.0,,1414263.57,,"{0: 608848, 1: 173954, 2: 47756, 3: 3849}",,608848.0,,173954.0,,47756.0,,3849.0,,0.0,,0.0
2008,SH132008,FAME,Madagascar,MDG,Bongolava,MDG,,2008-01-23 12:00,,2008-02-01 12:00,,OFCL,,597222.0,,2257796.82,,"{0: 55741, 1: 401316, 2: 140165}",,55741.0,,401316.0,,140165.0,,0.0,,0.0,,0.0
2008,SH132008,FAME,Madagascar,MDG,Itasy,MDG,,2008-01-23 12:00,,2008-02-01 12:00,,OFCL,,736603.0,,492192.5,,"{0: 158814, 1: 577371, 2: 418}",,158814.0,,577371.0,,418.0,,0.0,,0.0,,0.0
2008,SH132008,FAME,Madagascar,MDG,Melaky,MDG,,2008-01-23 12:00,,2008-02-01 12:00,,OFCL,,244913.0,,8887179.97,,"{0: 93288, 1: 47781, 2: 63774, 3: 40070}",,93288.0,,47781.0,,63774.0,,40070.0,,0.0,,0.0
2008,SH132008,FAME,Madagascar,MDG,Menabe,MDG,,2008-01-23 12:00,,2008-02-01 12:00,,OFCL,,49244.0,,68396.82,,"{0: 26162, 1: 21036, 2: 2046}",,26162.0,,21036.0,,2046.0,,0.0,,0.0,,0.0
2008,SH132008,FAME,Madagascar,MDG,Sofia,MDG,,2008-01-23 12:00,,2008-02-01 12:00,,OFCL,,5857.0,,0.41,,{0: 5857},,5857.0,,0.0,,0.0,,0.0,,0.0,,0.0
2008,SH132008,FAME,Madagascar,MDG,Vakinakaratra,MDG,,2008-01-23 12:00,,2008-02-01 12:00,,OFCL,,1369471.0,,32207.19,,"{0: 1166309, 1: 203162}",,1166309.0,,203162.0,,0.0,,0.0,,0.0,,0.0
2008,SH132008,FAME,Madagascar,MDG,Antananarivo,MDG.1_1,2008-01-23 12:00,,2008-02-01 12:00,,OFCL,,7799013.0,,22049653.66,,"{0: 567777, 1: 6106060, 2: 1038882, 3: 86294}",,567777.0,,6106060.0,,1038882.0,,86294.0,,0.0,,0.0,
2008,SH132008,FAME,Madagascar,MDG,Fianarantsoa,MDG.3_1,2008-01-23 12:00,,2008-02-01 12:00,,OFCL,,116213.0,,2088.51,,"{0: 115785, 1: 428}",,115785.0,,428.0,,0.0,,0.0,,0.0,,0.0,
2008,SH132008,FAME,Madagascar,MDG,Mahajanga,MDG.4_1,2008-01-23 12:00,,2008-02-01 12:00,,OFCL,,2233004.0,,26608991.98,,"{0: 917381, 1: 799917, 2: 248881, 3: 264769, 4: 2056}",,917381.0,,799917.0,,248881.0,,264769.0,,2056.0,,0.0,
2008,SH132008,FAME,Madagascar,MDG,Toamasina,MDG.5_1,2008-01-23 12:00,,2008-02-01 12:00,,OFCL,,1131882.0,,176742.78,,"{0: 819504, 1: 312378}",,819504.0,,312378.0,,0.0,,0.0,,0.0,,0.0,
2008,SH132008,FAME,Madagascar,MDG,Toliary,MDG.6_1,2008-01-23 12:00,,2008-02-01 12:00,,OFCL,,99018.0,,174616.83,,"{0: 44434, 1: 46930, 2: 7051, 3: 603}",,44434.0,,46930.0,,7051.0,,603.0,,0.0,,0.0,
2008,SH132008,FAME,Mayotte,MYT,Koungou,MYT.10_1,2008-01-23 12:00,,2008-02-01 12:00,,OFCL,,12014.0,,605.19,,{0: 12014},,12014.0,,0.0,,0.0,,0.0,,0.0,,0.0,
2008,SH132008,FAME,Mayotte,MYT,M'tsangamouji,MYT.11_1,2008-01-23 12:00,,2008-02-01 12:00,,OFCL,,1429.0,,476.5,,{0: 1429},,1429.0,,0.0,,0.0,,0.0,,0.0,,0.0,
2008,SH132008,FAME,Mayotte,MYT,Mamoudzou,MYT.12_1,2008-01-23 12:00,,2008-02-01 12:00,,OFCL,,1047.0,,76.63,,{0: 1047},,1047.0,,0.0,,0.0,,0.0,,0.0,,0.0,
2008,SH132008,FAME,Mayotte,MYT,Mtsamboro,MYT.13_1,2008-01-23 12:00,,2008-02-01 12:00,,OFCL,,681.0,,207.67,,{0: 681},,681.0,,0.0,,0.0,,0.0,,0.0,,0.0,
2008,SH132008,FAME,Mayotte,MYT,Ouangani,MYT.14_1,2008-01-23 12:00,,2008-02-01 12:00,,OFCL,,1556.0,,381.73,,{0: 1556},,1556.0,,0.0,,0.0,,0.0,,0.0,,0.0,
2008,SH132008,FAME,Mayotte,MYT,Pamandzi,MYT.15_1,2008-01-23 12:00,,2008-02-01 12:00,,OFCL,,7546.0,,77.39,,{0: 7546},,7546.0,,0.0,,0.0,,0.0,,0.0,,0.0,
2008,SH132008,FAME,Mayotte,MYT,Sada,MYT.16_1,2008-01-23 12:00,,2008-02-01 12:00,,OFCL,,12674.0,,4922.38,,{1: 12674},,0.0,,12674.0,,0.0,,0.0,,0.0,,0.0,
2008,SH132008,FAME,Mayotte,MYT,Tsingoni,MYT.17_1,2008-01-23 12:00,,2008-02-01 12:00,,OFCL,,804.0,,164.01,,{0: 804},,804.0,,0.0,,0.0,,0.0,,0.0,,0.0,
2008,SH132008,FAME,Mayotte,MYT,Acoua,MYT.1_1,2008-01-23 12:00,,2008-02-01 12:00,,OFCL,,1558.0,,367.06,,{0: 1558},,1558.0,,0.0,,0.0,,0.0,,0.0,,0.0,
2008,SH132008,FAME,Mayotte,MYT,Bandraboua,MYT.2_1,2008-01-23 12:00,,2008-02-01 12:00,,OFCL,,2312.0,,62.09,,{0: 2312},,2312.0,,0.0,,0.0,,0.0,,0.0,,0.0,
2008,SH132008,FAME,Mayotte,MYT,Bandrele,MYT.3_1,2008-01-23 12:00,,2008-02-01 12:00,,OFCL,,4965.0,,2975.2,,"{0: 2263, 1: 2702}",,2263.0,,2702.0,,0.0,,0.0,,0.0,,0.0,
2008,SH132008,FAME,Mayotte,MYT,Boueni,MYT.4_1,2008-01-23 12:00,,2008-02-01 12:00,,OFCL,,7614.0,,14626.16,,{1: 7614},,0.0,,7614.0,,0.0,,0.0,,0.0,,0.0,
2008,SH132008,FAME,Mayotte,MYT,Chiconi,MYT.5_1,2008-01-23 12:00,,2008-02-01 12:00,,OFCL,,8615.0,,3058.78,,"{0: 957, 1: 7658}",,957.0,,7658.0,,0.0,,0.0,,0.0,,0.0,
2008,SH132008,FAME,Mayotte,MYT,Chirongui,MYT.6_1,2008-01-23 12:00,,2008-02-01 12:00,,OFCL,,9115.0,,7034.45,,"{0: 3282, 1: 5833}",,3282.0,,5833.0,,0.0,,0.0,,0.0,,0.0,
2008,SH132008,FAME,Mayotte,MYT,Dembeni,MYT.7_1,2008-01-23 12:00,,2008-02-01 12:00,,OFCL,,755.0,,3.03,,{0: 755},,755.0,,0.0,,0.0,,0.0,,0.0,,0.0,
2008,SH132008,FAME,Mayotte,MYT,Dzaoudzi,MYT.8_1,2008-01-23 12:00,,2008-02-01 12:00,,OFCL,,14718.0,,451.13,,{0: 14718},,14718.0,,0.0,,0.0,,0.0,,0.0,,0.0,
2008,SH132008,FAME,Mayotte,MYT,Kani-Keli,MYT.9_1,2008-01-23 12:00,,2008-02-01 12:00,,OFCL,,5443.0,,5820.52,,"{0: 1241, 1: 4202}",,1241.0,,4202.0,,0.0,,0.0,,0.0,,0.0,
2008,SH132008,FAME,Mayotte,MYT,,No Adm1,,2008-01-23 12:00,,2008-02-01 12:00,,OFCL,,238993.0,,62049.31,,"{0: 206641, 1: 32352}",,206641.0,,32352.0,,0.0,,0.0,,0.0,,0.0
2008,SH132008,FAME,Reunion,REU,Arrondissement_du_vent,REU,,2008-01-23 12:00,,2008-02-01 12:00,,OFCL,,116007.0,,60.83,,{0: 116007},,116007.0,,0.0,,0.0,,0.0,,0.0,,0.0
2008,SH132008,FAME,Reunion,REU,Arrondissement_souse_le_vent,REU,,2008-01-23 12:00,,2008-02-01 12:00,,OFCL,,161780.0,,1346.35,,"{0: 161390, 1: 390}",,161390.0,,390.0,,0.0,,0.0,,0.0,,0.0
2008,SH132008,FAME,Reunion,REU,Saint-Benoît,REU.1_1,2008-01-23 12:00,,2008-02-01 12:00,,OFCL,,220.0,,108.61,,{0: 220},,220.0,,0.0,,0.0,,0.0,,0.0,,0.0,
2008,SH132008,FAME,Reunion,REU,Saint-Denis,REU.2_1,2008-01-23 12:00,,2008-02-01 12:00,,OFCL,,8403.0,,628.45,,{0: 8403},,8403.0,,0.0,,0.0,,0.0,,0.0,,0.0,
2008,SH132008,FAME,Reunion,REU,Saint-Paul,REU.3_1,2008-01-23 12:00,,2008-02-01 12:00,,OFCL,,58454.0,,33823.77,,"{0: 57838, 1: 616}",,57838.0,,616.0,,0.0,,0.0,,0.0,,0.0,
2008,SH132008,FAME,Reunion,REU,Saint-Pierre,REU.4_1,2008-01-23 12:00,,2008-02-01 12:00,,OFCL,,10281.0,,4251.38,,"{0: 10182, 1: 99}",,10182.0,,99.0,,0.0,,0.0,,0.0,,0.0,
2008,SH142008,GULA,Mauritius,MUS,Rodriguez,MUS.10_1,2008-01-26 00:00,,2008-02-01 12:00,,OFCL,,15412.0,,8.13,,{0: 15412},,15412.0,,0.0,,0.0,,0.0,,0.0,,0.0,
2008,SH142008,GULA,Mauritius,MUS,Grand Port,MUS.4_1,2008-01-26 00:00,,2008-02-01 12:00,,OFCL,,4497.0,,176424.05,,{0: 4497},,4497.0,,0.0,,0.0,,0.0,,0.0,,0.0,
2008,SH142008,GULA,Mauritius,MUS,,No Adm1,,2008-01-26 00:00,,2008-02-01 12:00,,OFCL,,29503.0,,125.19,,{0: 29503},,29503.0,,0.0,,0.0,,0.0,,0.0,,0.0
2008,SH162008,HONDO,Mauritius,MUS,Riviere Du Rempart,MUS,,2008-02-02 06:00,,2008-02-25 12:00,,OFCL,,123738.0,,563840.99,,{1: 123738},,0.0,,123738.0,,0.0,,0.0,,0.0,,0.0
2008,SH162008,HONDO,Mauritius,MUS,Savanne,MUS.12_1,2008-02-02 06:00,2008-02-02 06:00,2008-02-25 12:00,2008-02-25 12:00,OFCL,OFCL,70087.0,60507.0,225576.18,412884.26,{1: 70087},{1: 60507},0.0,0.0,70087.0,60507.0,0.0,0.0,0.0,0.0,0.0,0.0,0.0,0.0
2008,SH162008,HONDO,Mauritius,MUS,Black River,MUS.2_1,2008-02-02 06:00,2008-02-02 06:00,2008-02-25 12:00,2008-02-25 12:00,OFCL,OFCL,94560.0,72490.0,870217.16,937988.44,{1: 94560},{1: 72490},0.0,0.0,94560.0,72490.0,0.0,0.0,0.0,0.0,0.0,0.0,0.0,0.0
2008,SH162008,HONDO,Mauritius,MUS,Flacq,MUS.3_1,2008-02-02 06:00,2008-02-02 06:00,2008-02-25 12:00,2008-02-25 12:00,OFCL,OFCL,140810.0,148203.0,804060.81,1040286.3,{1: 140810},{1: 148203},0.0,0.0,140810.0,148203.0,0.0,0.0,0.0,0.0,0.0,0.0,0.0,0.0
2008,SH162008,HONDO,Mauritius,MUS,Grand Port,MUS.4_1,2008-02-02 06:00,2008-02-02 06:00,2008-02-25 12:00,2008-02-25 12:00,OFCL,OFCL,113523.0,117962.0,490546.89,755076.36,{1: 113523},{1: 117962},0.0,0.0,113523.0,117962.0,0.0,0.0,0.0,0.0,0.0,0.0,0.0,0.0
2008,SH162008,HONDO,Mauritius,MUS,Moka,MUS.5_1,2008-02-02 06:00,2008-02-02 06:00,2008-02-25 12:00,2008-02-25 12:00,OFCL,OFCL,88800.0,144916.0,464566.08,688979.12,{1: 88800},{1: 144916},0.0,0.0,88800.0,144916.0,0.0,0.0,0.0,0.0,0.0,0.0,0.0,0.0
2008,SH162008,HONDO,Mauritius,MUS,Pamplemousses,MUS.6_1,2008-02-02 06:00,2008-02-02 06:00,2008-02-25 12:00,2008-02-25 12:00,OFCL,OFCL,148742.0,165109.0,617181.63,1090797.8,{1: 148742},{1: 165109},0.0,0.0,148742.0,165109.0,0.0,0.0,0.0,0.0,0.0,0.0,0.0,0.0
2008,SH162008,HONDO,Mauritius,MUS,Plaines Wilhems,MUS.7_1,2008-02-02 06:00,2008-02-02 06:00,2008-02-25 12:00,2008-02-25 12:00,OFCL,OFCL,365517.0,294342.0,2424681.49,839298.35,{1: 365517},{1: 294342},0.0,0.0,365517.0,294342.0,0.0,0.0,0.0,0.0,0.0,0.0,0.0,0.0
2008,SH162008,HONDO,Mauritius,MUS,Port Louis,MUS.8_1,2008-02-02 06:00,2008-02-02 06:00,2008-02-25 12:00,2008-02-25 12:00,OFCL,OFCL,111040.0,100326.0,329301.18,180510.27,{1: 111040},{1: 100326},0.0,0.0,111040.0,100326.0,0.0,0.0,0.0,0.0,0.0,0.0,0.0,0.0
2008,SH162008,HONDO,Mauritius,MUS,Rivière du Rempart,MUS.9_1,2008-02-02 06:00,,2008-02-25 12:00,,OFCL,,113200.0,,564647.49,,{1: 113200},,0.0,,113200.0,,0.0,,0.0,,0.0,,0.0,
2008,SH162008,HONDO,Mauritius,MUS,,No Adm1,,2008-02-02 06:00,,2008-02-25 12:00,,OFCL,,307.0,,965.06,,{1: 307},,0.0,,307.0,,0.0,,0.0,,0.0,,0.0
2008,SH162008,HONDO,Reunion,REU,Arrondissement_du_vent,REU,,2008-02-02 06:00,,2008-02-25 12:00,,OFCL,,210515.0,,118501.14,,"{0: 166816, 1: 43699}",,166816.0,,43699.0,,0.0,,0.0,,0.0,,0.0
2008,SH162008,HONDO,Reunion,REU,Arrondissement_souse_le_vent,REU,,2008-02-02 06:00,,2008-02-25 12:00,,OFCL,,361014.0,,262223.99,,"{0: 292786, 1: 68228}",,292786.0,,68228.0,,0.0,,0.0,,0.0,,0.0
2008,SH162008,HONDO,Reunion,REU,Saint-Benoît,REU.1_1,2008-02-02 06:00,,2008-02-25 12:00,,OFCL,,128622.0,,420517.73,,"{0: 40352, 1: 88193, 2: 77}",,40352.0,,88193.0,,77.0,,0.0,,0.0,,0.0,
2008,SH162008,HONDO,Reunion,REU,Saint-Denis,REU.2_1,2008-02-02 06:00,,2008-02-25 12:00,,OFCL,,32188.0,,11492.14,,"{0: 32004, 1: 184}",,32004.0,,184.0,,0.0,,0.0,,0.0,,0.0,
2008,SH162008,HONDO,Reunion,REU,Saint-Paul,REU.3_1,2008-02-02 06:00,,2008-02-25 12:00,,OFCL,,33759.0,,17008.21,,"{0: 32837, 1: 922}",,32837.0,,922.0,,0.0,,0.0,,0.0,,0.0,
2008,SH162008,HONDO,Reunion,REU,Saint-Pierre,REU.4_1,2008-02-02 06:00,,2008-02-25 12:00,,OFCL,,188667.0,,382474.76,,"{0: 104072, 1: 84580, 2: 15}",,104072.0,,84580.0,,15.0,,0.0,,0.0,,0.0,
2008,SH182008,IVAN,Madagascar,MDG,Alaotra Mangoro,MDG,,2008-02-05 12:00,,2008-02-20 06:00,,OFCL,,1020781.0,,136169998.29,,"{0: 40368, 1: 111608, 2: 176464, 3: 692341}",,40368.0,,111608.0,,176464.0,,692341.0,,0.0,,0.0
2008,SH182008,IVAN,Madagascar,MDG,Amoron'i Mania,MDG,,2008-02-05 12:00,,2008-02-20 06:00,,OFCL,,467459.0,,17646.22,,"{0: 408002, 1: 59457}",,408002.0,,59457.0,,0.0,,0.0,,0.0,,0.0
2008,SH182008,IVAN,Madagascar,MDG,Analamanga,MDG,,2008-02-05 12:00,,2008-02-20 06:00,,OFCL,,4679099.0,,50019616.6,,"{0: 55, 1: 217159, 2: 4251644, 3: 210241}",,55.0,,217159.0,,4251644.0,,210241.0,,0.0,,0.0
2008,SH182008,IVAN,Madagascar,MDG,Analanjirofo,MDG,,2008-02-05 12:00,,2008-02-20 06:00,,OFCL,,1447505.0,,268443346.56,,"{0: 155185, 1: 191313, 2: 266074, 3: 752904, 4: 82029}",,155185.0,,191313.0,,266074.0,,752904.0,,82029.0,,0.0
2008,SH182008,IVAN,Madagascar,MDG,Atsimo Andrefana,MDG,,2008-02-05 12:00,,2008-02-20 06:00,,OFCL,,38382.0,,29.02,,{0: 38382},,38382.0,,0.0,,0.0,,0.0,,0.0,,0.0
2008,SH182008,IVAN,Madagascar,MDG,Atsinanana,MDG,,2008-02-05 12:00,,2008-02-20 06:00,,OFCL,,892567.0,,4659167.25,,"{0: 360688, 1: 159906, 2: 273549, 3: 98424}",,360688.0,,159906.0,,273549.0,,98424.0,,0.0,,0.0
2008,SH182008,IVAN,Madagascar,MDG,Betsiboka,MDG,,2008-02-05 12:00,,2008-02-20 06:00,,OFCL,,281258.0,,7243148.6,,"{0: 13763, 1: 165318, 2: 72511, 3: 29666}",,13763.0,,165318.0,,72511.0,,29666.0,,0.0,,0.0
2008,SH182008,IVAN,Madagascar,MDG,Boeny,MDG,,2008-02-05 12:00,,2008-02-20 06:00,,OFCL,,464191.0,,4919.66,,"{0: 415603, 1: 48588}",,415603.0,,48588.0,,0.0,,0.0,,0.0,,0.0
2008,SH182008,IVAN,Madagascar,MDG,Bongolava,MDG,,2008-02-05 12:00,,2008-02-20 06:00,,OFCL,,598192.0,,1501580.11,,"{0: 50412, 1: 435946, 2: 111834}",,50412.0,,435946.0,,111834.0,,0.0,,0.0,,0.0
2008,SH182008,IVAN,Madagascar,MDG,Haute Matsiatra,MDG,,2008-02-05 12:00,,2008-02-20 06:00,,OFCL,,68546.0,,30.99,,{0: 68546},,68546.0,,0.0,,0.0,,0.0,,0.0,,0.0
2008,SH182008,IVAN,Madagascar,MDG,Itasy,MDG,,2008-02-05 12:00,,2008-02-20 06:00,,OFCL,,736723.0,,6414929.74,,"{1: 289177, 2: 447546}",,0.0,,289177.0,,447546.0,,0.0,,0.0,,0.0
2008,SH182008,IVAN,Madagascar,MDG,Melaky,MDG,,2008-02-05 12:00,,2008-02-20 06:00,,OFCL,,24383.0,,916.77,,"{0: 19320, 1: 5063}",,19320.0,,5063.0,,0.0,,0.0,,0.0,,0.0
2008,SH182008,IVAN,Madagascar,MDG,Menabe,MDG,,2008-02-05 12:00,,2008-02-20 06:00,,OFCL,,154892.0,,536.53,,"{0: 152257, 1: 2635}",,152257.0,,2635.0,,0.0,,0.0,,0.0,,0.0
2008,SH182008,IVAN,Madagascar,MDG,Sava,MDG,,2008-02-05 12:00,,2008-02-20 06:00,,OFCL,,257565.0,,138474.78,,"{0: 190433, 1: 59700, 2: 7432}",,190433.0,,59700.0,,7432.0,,0.0,,0.0,,0.0
2008,SH182008,IVAN,Madagascar,MDG,Sofia,MDG,,2008-02-05 12:00,,2008-02-20 06:00,,OFCL,,883369.0,,1456602.87,,"{0: 561773, 1: 271614, 2: 47845, 3: 2137}",,561773.0,,271614.0,,47845.0,,2137.0,,0.0,,0.0
2008,SH182008,IVAN,Madagascar,MDG,Vakinakaratra,MDG,,2008-02-05 12:00,,2008-02-20 06:00,,OFCL,,1829229.0,,2315260.76,,"{0: 269141, 1: 1434326, 2: 125762}",,269141.0,,1434326.0,,125762.0,,0.0,,0.0,,0.0
2008,SH182008,IVAN,Madagascar,MDG,Vatovavy Fitovinany,MDG,,2008-02-05 12:00,,2008-02-20 06:00,,OFCL,,15917.0,,0.4,,{0: 15917},,15917.0,,0.0,,0.0,,0.0,,0.0,,0.0
2008,SH182008,IVAN,Madagascar,MDG,Antananarivo,MDG.1_1,2008-02-05 12:00,,2008-02-20 06:00,,OFCL,,7957948.0,,182114898.09,,"{0: 43925, 1: 1076337, 2: 3685609, 3: 3148384, 4: 3693}",,43925.0,,1076337.0,,3685609.0,,3148384.0,,3693.0,,0.0,
2008,SH182008,IVAN,Madagascar,MDG,Antsiranana,MDG.2_1,2008-02-05 12:00,,2008-02-20 06:00,,OFCL,,539728.0,,771768.48,,"{0: 354698, 1: 161010, 2: 18759, 3: 5261}",,354698.0,,161010.0,,18759.0,,5261.0,,0.0,,0.0,
2008,SH182008,IVAN,Madagascar,MDG,Fianarantsoa,MDG.3_1,2008-02-05 12:00,,2008-02-20 06:00,,OFCL,,1426465.0,,368514.01,,"{0: 1090347, 1: 336102, 2: 16}",,1090347.0,,336102.0,,16.0,,0.0,,0.0,,0.0,
2008,SH182008,IVAN,Madagascar,MDG,Mahajanga,MDG.4_1,2008-02-05 12:00,,2008-02-20 06:00,,OFCL,,2388404.0,,12565946.87,,"{0: 1010035, 1: 1039602, 2: 233118, 3: 103687, 4: 1962}",,1010035.0,,1039602.0,,233118.0,,103687.0,,1962.0,,0.0,
2008,SH182008,IVAN,Madagascar,MDG,Toamasina,MDG.5_1,2008-02-05 12:00,,2008-02-20 06:00,,OFCL,,3674507.0,,544605785.92,,"{0: 322347, 1: 586071, 2: 497197, 3: 1115025, 4: 1071717, 5: 82150}",,322347.0,,586071.0,,497197.0,,1115025.0,,1071717.0,,82150.0,
2008,SH182008,IVAN,Madagascar,MDG,Toliary,MDG.6_1,2008-02-05 12:00,,2008-02-20 06:00,,OFCL,,603404.0,,53541.21,,"{0: 534136, 1: 69268}",,534136.0,,69268.0,,0.0,,0.0,,0.0,,0.0,
2008,SH182008,IVAN,Reunion,REU,Arrondissement_souse_le_vent,REU,,2008-02-05 12:00,,2008-02-20 06:00,,OFCL,,1275.0,,0.0,,{0: 1275},,1275.0,,0.0,,0.0,,0.0,,0.0,,0.0
2008,SH222008,JOKWE,Madagascar,MDG,Alaotra Mangoro,MDG,,2008-03-02 06:00,,2008-03-14 06:00,,OFCL,,488.0,,0.0,,{0: 488},,488.0,,0.0,,0.0,,0.0,,0.0,,0.0
2008,SH222008,JOKWE,Madagascar,MDG,Analanjirofo,MDG,,2008-03-02 06:00,,2008-03-14 06:00,,OFCL,,7308.0,,5.14,,{0: 7308},,7308.0,,0.0,,0.0,,0.0,,0.0,,0.0
2008,SH222008,JOKWE,Madagascar,MDG,Atsimo Andrefana,MDG,,2008-03-02 06:00,,2008-03-14 06:00,,OFCL,,878750.0,,2568.83,,"{0: 875159, 1: 3591}",,875159.0,,3591.0,,0.0,,0.0,,0.0,,0.0
2008,SH222008,JOKWE,Madagascar,MDG,Betsiboka,MDG,,2008-03-02 06:00,,2008-03-14 06:00,,OFCL,,3363.0,,2.16,,{0: 3363},,3363.0,,0.0,,0.0,,0.0,,0.0,,0.0
2008,SH222008,JOKWE,Madagascar,MDG,Boeny,MDG,,2008-03-02 06:00,,2008-03-14 06:00,,OFCL,,647127.0,,13555.26,,"{0: 608608, 1: 38519}",,608608.0,,38519.0,,0.0,,0.0,,0.0,,0.0
2008,SH222008,JOKWE,Madagascar,MDG,Diana,MDG,,2008-03-02 06:00,,2008-03-14 06:00,,OFCL,,862898.0,,3159548.91,,"{0: 14333, 1: 419285, 2: 429280}",,14333.0,,419285.0,,429280.0,,0.0,,0.0,,0.0
2008,SH222008,JOKWE,Madagascar,MDG,Ihorombe,MDG,,2008-03-02 06:00,,2008-03-14 06:00,,OFCL,,361.0,,0.0,,{0: 361},,361.0,,0.0,,0.0,,0.0,,0.0,,0.0
2008,SH222008,JOKWE,Madagascar,MDG,Melaky,MDG,,2008-03-02 06:00,,2008-03-14 06:00,,OFCL,,64217.0,,2674.53,,"{0: 54982, 1: 9235}",,54982.0,,9235.0,,0.0,,0.0,,0.0,,0.0
2008,SH222008,JOKWE,Madagascar,MDG,Menabe,MDG,,2008-03-02 06:00,,2008-03-14 06:00,,OFCL,,2506.0,,0.06,,{0: 2506},,2506.0,,0.0,,0.0,,0.0,,0.0,,0.0
2008,SH222008,JOKWE,Madagascar,MDG,Sava,MDG,,2008-03-02 06:00,,2008-03-14 06:00,,OFCL,,286852.0,,27645.44,,"{0: 241257, 1: 45570, 2: 25}",,241257.0,,45570.0,,25.0,,0.0,,0.0,,0.0
2008,SH222008,JOKWE,Madagascar,MDG,Sofia,MDG,,2008-03-02 06:00,,2008-03-14 06:00,,OFCL,,862366.0,,297850.16,,"{0: 615081, 1: 237681, 2: 9604}",,615081.0,,237681.0,,9604.0,,0.0,,0.0,,0.0
2008,SH222008,JOKWE,Madagascar,MDG,Antsiranana,MDG.2_1,2008-03-02 06:00,,2008-03-14 06:00,,OFCL,,1656643.0,,16878673.73,,"{0: 445901, 1: 299020, 2: 865988, 3: 45734}",,445901.0,,299020.0,,865988.0,,45734.0,,0.0,,0.0,
2008,SH222008,JOKWE,Madagascar,MDG,Fianarantsoa,MDG.3_1,2008-03-02 06:00,,2008-03-14 06:00,,OFCL,,74330.0,,336.59,,{0: 74330},,74330.0,,0.0,,0.0,,0.0,,0.0,,0.0,
2008,SH222008,JOKWE,Madagascar,MDG,Mahajanga,MDG.4_1,2008-03-02 06:00,,2008-03-14 06:00,,OFCL,,3079482.0,,2487127.59,,"{0: 1747231, 1: 1214593, 2: 114680, 3: 2978}",,1747231.0,,1214593.0,,114680.0,,2978.0,,0.0,,0.0,
2008,SH222008,JOKWE,Madagascar,MDG,Toamasina,MDG.5_1,2008-03-02 06:00,,2008-03-14 06:00,,OFCL,,25592.0,,229.18,,{0: 25592},,25592.0,,0.0,,0.0,,0.0,,0.0,,0.0,
2008,SH222008,JOKWE,Madagascar,MDG,Toliary,MDG.6_1,2008-03-02 06:00,,2008-03-14 06:00,,OFCL,,1728740.0,,613071.51,,"{0: 1217411, 1: 511329}",,1217411.0,,511329.0,,0.0,,0.0,,0.0,,0.0,
2008,SH222008,JOKWE,Mozambique,MOZ,Zambezia,MOZ.11_1,2008-03-02 06:00,2008-03-02 06:00,2008-03-14 06:00,2008-03-14 06:00,OFCL,OFCL,884770.0,433258.0,5242213.7,595060.42,"{0: 423073, 1: 326842, 2: 99879, 3: 34976}","{0: 280882, 1: 127290, 2: 24670, 3: 416}",423073.0,280882.0,326842.0,127290.0,99879.0,24670.0,34976.0,416.0,0.0,0.0,0.0,0.0
2008,SH222008,JOKWE,Mozambique,MOZ,Cabo Delgado,MOZ.1_1,2008-03-02 06:00,,2008-03-14 06:00,,OFCL,,96176.0,,15896.58,,{0: 96176},,96176.0,,0.0,,0.0,,0.0,,0.0,,0.0,
2008,SH222008,JOKWE,Mozambique,MOZ,Nampula,MOZ.7_1,2008-03-02 06:00,2008-03-02 06:00,2008-03-14 06:00,2008-03-14 06:00,OFCL,OFCL,5630373.0,5087008.0,402091428.44,154433279.87,"{0: 639702, 1: 1102722, 2: 1938603, 3: 1336029, 4: 561193, 5: 52124}","{0: 869869, 1: 1992885, 2: 1294025, 3: 833148, 4: 97081}",639702.0,869869.0,1102722.0,1992885.0,1938603.0,1294025.0,1336029.0,833148.0,561193.0,97081.0,52124.0,0.0
2008,SH222008,JOKWE,Mayotte,MYT,,No Adm1,,2008-03-02 06:00,,2008-03-14 06:00,,OFCL,,4264.0,,0.04,,{0: 4264},,4264.0,,0.0,,0.0,,0.0,,0.0,,0.0
2009,SH012009,ASMA,Comoros,COM,Mwali,COM.1_1,2008-10-15 18:00,,2008-10-24 12:00,,OFCL,,37618.0,,553.6,,{0: 37618},,37618.0,,0.0,,0.0,,0.0,,0.0,,0.0,
2009,SH012009,ASMA,Comoros,COM,Nzwani,COM.3_1,2008-10-15 18:00,,2008-10-24 12:00,,OFCL,,20725.0,,240.56,,{0: 20725},,20725.0,,0.0,,0.0,,0.0,,0.0,,0.0,
2009,SH012009,ASMA,Madagascar,MDG,Antsiranana,MDG.2_1,2008-10-15 18:00,,2008-10-24 12:00,,OFCL,,44914.0,,45.93,,{0: 44914},,44914.0,,0.0,,0.0,,0.0,,0.0,,0.0,
2009,SH082009,ERIC,Madagascar,MDG,Alaotra Mangoro,MDG,,2009-01-16 12:00,,2009-01-22 00:00,,OFCL,,94685.0,,1.9,,{0: 94685},,94685.0,,0.0,,0.0,,0.0,,0.0,,0.0
2009,SH082009,ERIC,Madagascar,MDG,Analanjirofo,MDG,,2009-01-16 12:00,,2009-01-22 00:00,,OFCL,,496485.0,,754.83,,"{0: 496334, 1: 151}",,496334.0,,151.0,,0.0,,0.0,,0.0,,0.0
2009,SH082009,ERIC,Madagascar,MDG,Atsinanana,MDG,,2009-01-16 12:00,,2009-01-22 00:00,,OFCL,,347491.0,,251.11,,{0: 347491},,347491.0,,0.0,,0.0,,0.0,,0.0,,0.0
2009,SH082009,ERIC,Madagascar,MDG,Antsiranana,MDG.2_1,2009-01-16 12:00,,2009-01-22 00:00,,OFCL,,5279.0,,77.78,,{0: 5279},,5279.0,,0.0,,0.0,,0.0,,0.0,,0.0,
2009,SH082009,ERIC,Madagascar,MDG,Mahajanga,MDG.4_1,2009-01-16 12:00,,2009-01-22 00:00,,OFCL,,4335.0,,4.05,,{0: 4335},,4335.0,,0.0,,0.0,,0.0,,0.0,,0.0,
2009,SH082009,ERIC,Madagascar,MDG,Toamasina,MDG.5_1,2009-01-16 12:00,,2009-01-22 00:00,,OFCL,,1937616.0,,269981.94,,"{0: 1534163, 1: 403453}",,1534163.0,,403453.0,,0.0,,0.0,,0.0,,0.0,
2009,SH092009,FANELE,Madagascar,MDG,Amoron'i Mania,MDG,,2009-01-17 18:00,,2009-01-23 18:00,,OFCL,,380436.0,,35674.13,,"{0: 321050, 1: 59386}",,321050.0,,59386.0,,0.0,,0.0,,0.0,,0.0
2009,SH092009,FANELE,Madagascar,MDG,Analamanga,MDG,,2009-01-17 18:00,,2009-01-23 18:00,,OFCL,,30579.0,,0.08,,{0: 30579},,30579.0,,0.0,,0.0,,0.0,,0.0,,0.0
2009,SH092009,FANELE,Madagascar,MDG,Anosy,MDG,,2009-01-17 18:00,,2009-01-23 18:00,,OFCL,,53492.0,,104.63,,"{0: 53483, 1: 9}",,53483.0,,9.0,,0.0,,0.0,,0.0,,0.0
2009,SH092009,FANELE,Madagascar,MDG,Atsimo Andrefana,MDG,,2009-01-17 18:00,,2009-01-23 18:00,,OFCL,,356178.0,,5145249.54,,"{0: 163240, 1: 115554, 2: 67567, 3: 9817}",,163240.0,,115554.0,,67567.0,,9817.0,,0.0,,0.0
2009,SH092009,FANELE,Madagascar,MDG,Atsimo Atsinanana,MDG,,2009-01-17 18:00,,2009-01-23 18:00,,OFCL,,25668.0,,44.69,,{0: 25668},,25668.0,,0.0,,0.0,,0.0,,0.0,,0.0
2009,SH092009,FANELE,Madagascar,MDG,Atsinanana,MDG,,2009-01-17 18:00,,2009-01-23 18:00,,OFCL,,3226.0,,0.47,,{0: 3226},,3226.0,,0.0,,0.0,,0.0,,0.0,,0.0
2009,SH092009,FANELE,Madagascar,MDG,Bongolava,MDG,,2009-01-17 18:00,,2009-01-23 18:00,,OFCL,,419013.0,,755.28,,"{0: 415408, 1: 3605}",,415408.0,,3605.0,,0.0,,0.0,,0.0,,0.0
2009,SH092009,FANELE,Madagascar,MDG,Haute Matsiatra,MDG,,2009-01-17 18:00,,2009-01-23 18:00,,OFCL,,745876.0,,40335.27,,"{0: 690248, 1: 55123, 2: 505}",,690248.0,,55123.0,,505.0,,0.0,,0.0,,0.0
2009,SH092009,FANELE,Madagascar,MDG,Ihorombe,MDG,,2009-01-17 18:00,,2009-01-23 18:00,,OFCL,,370379.0,,82442.36,,"{0: 283332, 1: 85235, 2: 1812}",,283332.0,,85235.0,,1812.0,,0.0,,0.0,,0.0
2009,SH092009,FANELE,Madagascar,MDG,Itasy,MDG,,2009-01-17 18:00,,2009-01-23 18:00,,OFCL,,418079.0,,184.08,,{0: 418079},,418079.0,,0.0,,0.0,,0.0,,0.0,,0.0
2009,SH092009,FANELE,Madagascar,MDG,Melaky,MDG,,2009-01-17 18:00,,2009-01-23 18:00,,OFCL,,159802.0,,9857.4,,"{0: 122990, 1: 36812}",,122990.0,,36812.0,,0.0,,0.0,,0.0,,0.0
2009,SH092009,FANELE,Madagascar,MDG,Menabe,MDG,,2009-01-17 18:00,,2009-01-23 18:00,,OFCL,,742044.0,,49518569.59,,"{0: 73005, 1: 325557, 2: 127620, 3: 214261, 4: 1601}",,73005.0,,325557.0,,127620.0,,214261.0,,1601.0,,0.0
2009,SH092009,FANELE,Madagascar,MDG,Vakinakaratra,MDG,,2009-01-17 18:00,,2009-01-23 18:00,,OFCL,,1075064.0,,6591.27,,"{0: 1050112, 1: 24952}",,1050112.0,,24952.0,,0.0,,0.0,,0.0,,0.0
2009,SH092009,FANELE,Madagascar,MDG,Vatovavy Fitovinany,MDG,,2009-01-17 18:00,,2009-01-23 18:00,,OFCL,,1410.0,,0.04,,{0: 1410},,1410.0,,0.0,,0.0,,0.0,,0.0,,0.0
2009,SH092009,FANELE,Madagascar,MDG,Antananarivo,MDG.1_1,2009-01-17 18:00,,2009-01-23 18:00,,OFCL,,3944356.0,,718848.26,,"{0: 2791888, 1: 1152468}",,2791888.0,,1152468.0,,0.0,,0.0,,0.0,,0.0,
2009,SH092009,FANELE,Madagascar,MDG,Fianarantsoa,MDG.3_1,2009-01-17 18:00,,2009-01-23 18:00,,OFCL,,2697558.0,,1477030.35,,"{0: 1450616, 1: 1193471, 2: 53434, 3: 37}",,1450616.0,,1193471.0,,53434.0,,37.0,,0.0,,0.0,
2009,SH092009,FANELE,Madagascar,MDG,Mahajanga,MDG.4_1,2009-01-17 18:00,,2009-01-23 18:00,,OFCL,,335239.0,,280094.17,,"{0: 158345, 1: 174168, 2: 2726}",,158345.0,,174168.0,,2726.0,,0.0,,0.0,,0.0,
2009,SH092009,FANELE,Madagascar,MDG,Toamasina,MDG.5_1,2009-01-17 18:00,,2009-01-23 18:00,,OFCL,,2746.0,,9.79,,{0: 2746},,2746.0,,0.0,,0.0,,0.0,,0.0,,0.0,
2009,SH092009,FANELE,Madagascar,MDG,Toliary,MDG.6_1,2009-01-17 18:00,,2009-01-23 18:00,,OFCL,,1790755.0,,97453053.59,,"{0: 378044, 1: 528437, 2: 418178, 3: 293321, 4: 168314, 5: 4461}",,378044.0,,528437.0,,418178.0,,293321.0,,168314.0,,4461.0,
2009,SH132009,GAEL,Madagascar,MDG,Analanjirofo,MDG,,2009-01-31 18:00,,2009-02-11 00:00,,OFCL,,179.0,,0.0,,{0: 179},,179.0,,0.0,,0.0,,0.0,,0.0,,0.0
2009,SH132009,GAEL,Madagascar,MDG,Atsinanana,MDG,,2009-01-31 18:00,,2009-02-11 00:00,,OFCL,,136.0,,0.0,,{0: 136},,136.0,,0.0,,0.0,,0.0,,0.0,,0.0
2009,SH132009,GAEL,Madagascar,MDG,Vatovavy Fitovinany,MDG,,2009-01-31 18:00,,2009-02-11 00:00,,OFCL,,422.0,,262.32,,{0: 422},,422.0,,0.0,,0.0,,0.0,,0.0,,0.0
2009,SH132009,GAEL,Madagascar,MDG,Fianarantsoa,MDG.3_1,2009-01-31 18:00,,2009-02-11 00:00,,OFCL,,2163.0,,1.19,,{0: 2163},,2163.0,,0.0,,0.0,,0.0,,0.0,,0.0,
2009,SH132009,GAEL,Madagascar,MDG,Toamasina,MDG.5_1,2009-01-31 18:00,,2009-02-11 00:00,,OFCL,,360936.0,,4052.08,,{0: 360936},,360936.0,,0.0,,0.0,,0.0,,0.0,,0.0,
2009,SH132009,GAEL,Mauritius,MUS,Riviere Du Rempart,MUS,,2009-01-31 18:00,,2009-02-11 00:00,,OFCL,,6089.0,,2214893.95,,{0: 6089},,6089.0,,0.0,,0.0,,0.0,,0.0,,0.0
2009,SH132009,GAEL,Mauritius,MUS,Savanne,MUS.12_1,2009-01-31 18:00,2009-01-31 18:00,2009-02-11 00:00,2009-02-11 00:00,OFCL,OFCL,67.0,3554.0,50937.01,750118.52,{0: 67},{0: 3554},67.0,3554.0,0.0,0.0,0.0,0.0,0.0,0.0,0.0,0.0,0.0,0.0
2009,SH132009,GAEL,Mauritius,MUS,Black River,MUS.2_1,2009-01-31 18:00,2009-01-31 18:00,2009-02-11 00:00,2009-02-11 00:00,OFCL,OFCL,150.0,44454.0,203855.04,10111665.26,{0: 150},{0: 44454},150.0,44454.0,0.0,0.0,0.0,0.0,0.0,0.0,0.0,0.0,0.0,0.0
2009,SH132009,GAEL,Mauritius,MUS,Flacq,MUS.3_1,,2009-01-31 18:00,,2009-02-11 00:00,,OFCL,,123.0,,186.02,,{0: 123},,123.0,,0.0,,0.0,,0.0,,0.0,,0.0
2009,SH132009,GAEL,Mauritius,MUS,Grand Port,MUS.4_1,,2009-01-31 18:00,,2009-02-11 00:00,,OFCL,,478.0,,122230.57,,{0: 478},,478.0,,0.0,,0.0,,0.0,,0.0,,0.0
2009,SH132009,GAEL,Mauritius,MUS,Moka,MUS.5_1,,2009-01-31 18:00,,2009-02-11 00:00,,OFCL,,9284.0,,0.06,,{0: 9284},,9284.0,,0.0,,0.0,,0.0,,0.0,,0.0
2009,SH132009,GAEL,Mauritius,MUS,Pamplemousses,MUS.6_1,,2009-01-31 18:00,,2009-02-11 00:00,,OFCL,,29761.0,,29894791.97,,{0: 29761},,29761.0,,0.0,,0.0,,0.0,,0.0,,0.0
2009,SH132009,GAEL,Mauritius,MUS,Plaines Wilhems,MUS.7_1,,2009-01-31 18:00,,2009-02-11 00:00,,OFCL,,29720.0,,13876.55,,{0: 29720},,29720.0,,0.0,,0.0,,0.0,,0.0,,0.0
2009,SH132009,GAEL,Mauritius,MUS,Port Louis,MUS.8_1,,2009-01-31 18:00,,2009-02-11 00:00,,OFCL,,12401.0,,1239434.64,,{0: 12401},,12401.0,,0.0,,0.0,,0.0,,0.0,,0.0
2009,SH132009,GAEL,Reunion,REU,Arrondissement_du_vent,REU,,2009-01-31 18:00,,2009-02-11 00:00,,OFCL,,256754.0,,1003018.13,,"{0: 5434, 1: 250413, 2: 907}",,5434.0,,250413.0,,907.0,,0.0,,0.0,,0.0
2009,SH132009,GAEL,Reunion,REU,Arrondissement_souse_le_vent,REU,,2009-01-31 18:00,,2009-02-11 00:00,,OFCL,,447764.0,,4132474.57,,"{0: 30989, 1: 416112, 2: 663}",,30989.0,,416112.0,,663.0,,0.0,,0.0,,0.0
2009,SH132009,GAEL,Reunion,REU,Saint-Benoît,REU.1_1,2009-01-31 18:00,,2009-02-11 00:00,,OFCL,,140447.0,,3985431.76,,"{0: 11165, 1: 129282}",,11165.0,,129282.0,,0.0,,0.0,,0.0,,0.0,
2009,SH132009,GAEL,Reunion,REU,Saint-Denis,REU.2_1,2009-01-31 18:00,,2009-02-11 00:00,,OFCL,,308269.0,,12398482.45,,"{0: 317, 1: 307952}",,317.0,,307952.0,,0.0,,0.0,,0.0,,0.0,
2009,SH132009,GAEL,Reunion,REU,Saint-Paul,REU.3_1,2009-01-31 18:00,,2009-02-11 00:00,,OFCL,,201260.0,,10818068.06,,"{0: 13, 1: 200790, 2: 457}",,13.0,,200790.0,,457.0,,0.0,,0.0,,0.0,
2009,SH132009,GAEL,Reunion,REU,Saint-Pierre,REU.4_1,2009-01-31 18:00,,2009-02-11 00:00,,OFCL,,313164.0,,2995427.05,,"{0: 45450, 1: 267664, 2: 50}",,45450.0,,267664.0,,50.0,,0.0,,0.0,,0.0,
2009,SH242009,IZILDA,Madagascar,MDG,Atsimo Andrefana,MDG,,2009-03-23 06:00,,2009-03-29 18:00,,OFCL,,587693.0,,11624.58,,"{0: 528126, 1: 59567}",,528126.0,,59567.0,,0.0,,0.0,,0.0,,0.0
2009,SH242009,IZILDA,Madagascar,MDG,Toliary,MDG.6_1,2009-03-23 06:00,,2009-03-29 18:00,,OFCL,,1152960.0,,422044.46,,"{0: 732007, 1: 413144, 2: 7809}",,732007.0,,413144.0,,7809.0,,0.0,,0.0,,0.0,
2009,SH242009,IZILDA,Mozambique,MOZ,Nampula,MOZ.7_1,2009-03-23 06:00,,2009-03-29 18:00,,OFCL,,69.0,,702.86,,{0: 69},,69.0,,0.0,,0.0,,0.0,,0.0,,0.0,
2009,SH262009,JADE,Madagascar,MDG,Alaotra Mangoro,MDG,,2009-04-02 18:00,,2009-04-11 18:00,,OFCL,,978167.0,,462478.46,,"{0: 222548, 1: 755538, 2: 81}",,222548.0,,755538.0,,81.0,,0.0,,0.0,,0.0
2009,SH262009,JADE,Madagascar,MDG,Amoron'i Mania,MDG,,2009-04-02 18:00,,2009-04-11 18:00,,OFCL,,8206.0,,0.08,,{0: 8206},,8206.0,,0.0,,0.0,,0.0,,0.0,,0.0
2009,SH262009,JADE,Madagascar,MDG,Analamanga,MDG,,2009-04-02 18:00,,2009-04-11 18:00,,OFCL,,2620354.0,,8232.78,,"{0: 2594596, 1: 25758}",,2594596.0,,25758.0,,0.0,,0.0,,0.0,,0.0
2009,SH262009,JADE,Madagascar,MDG,Analanjirofo,MDG,,2009-04-02 18:00,,2009-04-11 18:00,,OFCL,,1464470.0,,4243458.43,,"{0: 29375, 1: 1130665, 2: 304101, 3: 329}",,29375.0,,1130665.0,,304101.0,,329.0,,0.0,,0.0
2009,SH262009,JADE,Madagascar,MDG,Atsinanana,MDG,,2009-04-02 18:00,,2009-04-11 18:00,,OFCL,,658165.0,,34727.52,,"{0: 283977, 1: 374188}",,283977.0,,374188.0,,0.0,,0.0,,0.0,,0.0
2009,SH262009,JADE,Madagascar,MDG,Betsiboka,MDG,,2009-04-02 18:00,,2009-04-11 18:00,,OFCL,,63838.0,,4356.49,,"{0: 48753, 1: 15085}",,48753.0,,15085.0,,0.0,,0.0,,0.0,,0.0
2009,SH262009,JADE,Madagascar,MDG,Itasy,MDG,,2009-04-02 18:00,,2009-04-11 18:00,,OFCL,,83545.0,,2.18,,{0: 83545},,83545.0,,0.0,,0.0,,0.0,,0.0,,0.0
2009,SH262009,JADE,Madagascar,MDG,Sava,MDG,,2009-04-02 18:00,,2009-04-11 18:00,,OFCL,,326136.0,,886079.03,,"{0: 120835, 1: 134801, 2: 70436, 3: 64}",,120835.0,,134801.0,,70436.0,,64.0,,0.0,,0.0
2009,SH262009,JADE,Madagascar,MDG,Sofia,MDG,,2009-04-02 18:00,,2009-04-11 18:00,,OFCL,,367425.0,,218158.71,,"{0: 209413, 1: 148410, 2: 9602}",,209413.0,,148410.0,,9602.0,,0.0,,0.0,,0.0
2009,SH262009,JADE,Madagascar,MDG,Vakinakaratra,MDG,,2009-04-02 18:00,,2009-04-11 18:00,,OFCL,,425032.0,,260.74,,{0: 425032},,425032.0,,0.0,,0.0,,0.0,,0.0,,0.0
2009,SH262009,JADE,Madagascar,MDG,Vatovavy Fitovinany,MDG,,2009-04-02 18:00,,2009-04-11 18:00,,OFCL,,280419.0,,173.61,,{0: 280419},,280419.0,,0.0,,0.0,,0.0,,0.0,,0.0
2009,SH262009,JADE,Madagascar,MDG,Antananarivo,MDG.1_1,2009-04-02 18:00,,2009-04-11 18:00,,OFCL,,4711501.0,,583752.8,,"{0: 3457152, 1: 1254349}",,3457152.0,,1254349.0,,0.0,,0.0,,0.0,,0.0,
2009,SH262009,JADE,Madagascar,MDG,Antsiranana,MDG.2_1,2009-04-02 18:00,,2009-04-11 18:00,,OFCL,,436805.0,,3748064.82,,"{0: 177346, 1: 105320, 2: 118338, 3: 35801}",,177346.0,,105320.0,,118338.0,,35801.0,,0.0,,0.0,
2009,SH262009,JADE,Madagascar,MDG,Fianarantsoa,MDG.3_1,2009-04-02 18:00,,2009-04-11 18:00,,OFCL,,779408.0,,62038.48,,"{0: 694142, 1: 85266}",,694142.0,,85266.0,,0.0,,0.0,,0.0,,0.0,
2009,SH262009,JADE,Madagascar,MDG,Mahajanga,MDG.4_1,2009-04-02 18:00,,2009-04-11 18:00,,OFCL,,732500.0,,1775510.69,,"{0: 379461, 1: 253987, 2: 97421, 3: 1631}",,379461.0,,253987.0,,97421.0,,1631.0,,0.0,,0.0,
2009,SH262009,JADE,Madagascar,MDG,Toamasina,MDG.5_1,2009-04-02 18:00,,2009-04-11 18:00,,OFCL,,3580179.0,,30245128.48,,"{0: 456769, 1: 1506907, 2: 1450464, 3: 166039}",,456769.0,,1506907.0,,1450464.0,,166039.0,,0.0,,0.0,
2010,SH022010,BONGANI,Madagascar,MDG,Antsiranana,MDG.2_1,2009-11-21 12:00,,2009-11-25 18:00,,OFCL,,141166.0,,538.07,,{0: 141166},,141166.0,,0.0,,0.0,,0.0,,0.0,,0.0,
2010,SH132010,FAMI,Madagascar,MDG,Amoron'i Mania,MDG,,2010-02-01 06:00,,2010-02-03 06:00,,OFCL,,367772.0,,2113.12,,"{0: 363640, 1: 4132}",,363640.0,,4132.0,,0.0,,0.0,,0.0,,0.0
2010,SH132010,FAMI,Madagascar,MDG,Atsimo Andrefana,MDG,,2010-02-01 06:00,,2010-02-03 06:00,,OFCL,,64355.0,,4588.38,,"{0: 59283, 1: 5072}",,59283.0,,5072.0,,0.0,,0.0,,0.0,,0.0
2010,SH132010,FAMI,Madagascar,MDG,Atsinanana,MDG,,2010-02-01 06:00,,2010-02-03 06:00,,OFCL,,1000.0,,0.08,,{0: 1000},,1000.0,,0.0,,0.0,,0.0,,0.0,,0.0
2010,SH132010,FAMI,Madagascar,MDG,Haute Matsiatra,MDG,,2010-02-01 06:00,,2010-02-03 06:00,,OFCL,,4579.0,,12.08,,{0: 4579},,4579.0,,0.0,,0.0,,0.0,,0.0,,0.0
2010,SH132010,FAMI,Madagascar,MDG,Menabe,MDG,,2010-02-01 06:00,,2010-02-03 06:00,,OFCL,,355509.0,,62689.92,,"{0: 244820, 1: 110689}",,244820.0,,110689.0,,0.0,,0.0,,0.0,,0.0
2010,SH132010,FAMI,Madagascar,MDG,Vakinakaratra,MDG,,2010-02-01 06:00,,2010-02-03 06:00,,OFCL,,89398.0,,29.47,,{0: 89398},,89398.0,,0.0,,0.0,,0.0,,0.0,,0.0
2010,SH132010,FAMI,Madagascar,MDG,Antananarivo,MDG.1_1,2010-02-01 06:00,,2010-02-03 06:00,,OFCL,,374906.0,,10192.13,,"{0: 367936, 1: 6970}",,367936.0,,6970.0,,0.0,,0.0,,0.0,,0.0,
2010,SH132010,FAMI,Madagascar,MDG,Fianarantsoa,MDG.3_1,2010-02-01 06:00,,2010-02-03 06:00,,OFCL,,594275.0,,129314.26,,"{0: 361410, 1: 232865}",,361410.0,,232865.0,,0.0,,0.0,,0.0,,0.0,
2010,SH132010,FAMI,Madagascar,MDG,Toamasina,MDG.5_1,2010-02-01 06:00,,2010-02-03 06:00,,OFCL,,10235.0,,24.43,,{0: 10235},,10235.0,,0.0,,0.0,,0.0,,0.0,,0.0,
2010,SH132010,FAMI,Madagascar,MDG,Toliary,MDG.6_1,2010-02-01 06:00,,2010-02-03 06:00,,OFCL,,769229.0,,705707.1,,"{0: 341251, 1: 409664, 2: 18314}",,341251.0,,409664.0,,18314.0,,0.0,,0.0,,0.0,
2010,SH162010,GELANE,Mauritius,MUS,Rodriguez,MUS.10_1,2010-02-15 00:00,,2010-02-22 12:00,,OFCL,,705.0,,0.19,,{0: 705},,705.0,,0.0,,0.0,,0.0,,0.0,,0.0,
2010,SH162010,GELANE,Mauritius,MUS,,No Adm1,,2010-02-15 00:00,,2010-02-22 12:00,,OFCL,,32295.0,,82.85,,{0: 32295},,32295.0,,0.0,,0.0,,0.0,,0.0,,0.0
2010,SH182010,HUBERT,Madagascar,MDG,Amoron'i Mania,MDG,,2010-03-09 00:00,,2010-03-11 18:00,,OFCL,,207588.0,,583.61,,{0: 207588},,207588.0,,0.0,,0.0,,0.0,,0.0,,0.0
2010,SH182010,HUBERT,Madagascar,MDG,Atsinanana,MDG,,2010-03-09 00:00,,2010-03-11 18:00,,OFCL,,50.0,,0.0,,{0: 50},,50.0,,0.0,,0.0,,0.0,,0.0,,0.0
2010,SH182010,HUBERT,Madagascar,MDG,Haute Matsiatra,MDG,,2010-03-09 00:00,,2010-03-11 18:00,,OFCL,,634972.0,,3882.51,,"{0: 634576, 1: 396}",,634576.0,,396.0,,0.0,,0.0,,0.0,,0.0
2010,SH182010,HUBERT,Madagascar,MDG,Vatovavy Fitovinany,MDG,,2010-03-09 00:00,,2010-03-11 18:00,,OFCL,,935377.0,,43720.87,,"{0: 784179, 1: 151198}",,784179.0,,151198.0,,0.0,,0.0,,0.0,,0.0
2010,SH182010,HUBERT,Madagascar,MDG,Antananarivo,MDG.1_1,2010-03-09 00:00,,2010-03-11 18:00,,OFCL,,66735.0,,384.3,,{0: 66735},,66735.0,,0.0,,0.0,,0.0,,0.0,,0.0,
2010,SH182010,HUBERT,Madagascar,MDG,Fianarantsoa,MDG.3_1,2010-03-09 00:00,,2010-03-11 18:00,,OFCL,,2769191.0,,1616952.32,,"{0: 1571378, 1: 1127275, 2: 70538}",,1571378.0,,1127275.0,,70538.0,,0.0,,0.0,,0.0,
2010,SH182010,HUBERT,Madagascar,MDG,Toamasina,MDG.5_1,2010-03-09 00:00,,2010-03-11 18:00,,OFCL,,29943.0,,175.44,,{0: 29943},,29943.0,,0.0,,0.0,,0.0,,0.0,,0.0,
2011,SH132011,BINGIZA,Madagascar,MDG,Alaotra Mangoro,MDG,,2011-02-08 12:00,,2011-02-18 00:00,,OFCL,,994534.0,,19025781.92,,"{0: 135409, 1: 333206, 2: 424954, 3: 100965}",,135409.0,,333206.0,,424954.0,,100965.0,,0.0,,0.0
2011,SH132011,BINGIZA,Madagascar,MDG,Amoron'i Mania,MDG,,2011-02-08 12:00,,2011-02-18 00:00,,OFCL,,266407.0,,493.67,,{0: 266407},,266407.0,,0.0,,0.0,,0.0,,0.0,,0.0
2011,SH132011,BINGIZA,Madagascar,MDG,Analamanga,MDG,,2011-02-08 12:00,,2011-02-18 00:00,,OFCL,,4585327.0,,800855.54,,"{0: 1131781, 1: 3435143, 2: 18403}",,1131781.0,,3435143.0,,18403.0,,0.0,,0.0,,0.0
2011,SH132011,BINGIZA,Madagascar,MDG,Analanjirofo,MDG,,2011-02-08 12:00,,2011-02-18 00:00,,OFCL,,1464470.0,,61383562.85,,"{0: 26836, 1: 434230, 2: 619819, 3: 383187, 4: 398}",,26836.0,,434230.0,,619819.0,,383187.0,,398.0,,0.0
2011,SH132011,BINGIZA,Madagascar,MDG,Atsimo Andrefana,MDG,,2011-02-08 12:00,,2011-02-18 00:00,,OFCL,,14690.0,,103.12,,"{0: 14688, 1: 2}",,14688.0,,2.0,,0.0,,0.0,,0.0,,0.0
2011,SH132011,BINGIZA,Madagascar,MDG,Atsinanana,MDG,,2011-02-08 12:00,,2011-02-18 00:00,,OFCL,,613382.0,,26050.52,,"{0: 243681, 1: 369701}",,243681.0,,369701.0,,0.0,,0.0,,0.0,,0.0
2011,SH132011,BINGIZA,Madagascar,MDG,Betsiboka,MDG,,2011-02-08 12:00,,2011-02-18 00:00,,OFCL,,281605.0,,3562634.4,,"{0: 3314, 1: 186943, 2: 81189, 3: 10159}",,3314.0,,186943.0,,81189.0,,10159.0,,0.0,,0.0
2011,SH132011,BINGIZA,Madagascar,MDG,Boeny,MDG,,2011-02-08 12:00,,2011-02-18 00:00,,OFCL,,1008500.0,,701979.86,,"{0: 49121, 1: 902206, 2: 57173}",,49121.0,,902206.0,,57173.0,,0.0,,0.0,,0.0
2011,SH132011,BINGIZA,Madagascar,MDG,Bongolava,MDG,,2011-02-08 12:00,,2011-02-18 00:00,,OFCL,,581236.0,,22203.31,,"{0: 442763, 1: 138473}",,442763.0,,138473.0,,0.0,,0.0,,0.0,,0.0
2011,SH132011,BINGIZA,Madagascar,MDG,Diana,MDG,,2011-02-08 12:00,,2011-02-18 00:00,,OFCL,,366367.0,,6731.08,,"{0: 347722, 1: 18645}",,347722.0,,18645.0,,0.0,,0.0,,0.0,,0.0
2011,SH132011,BINGIZA,Madagascar,MDG,Haute Matsiatra,MDG,,2011-02-08 12:00,,2011-02-18 00:00,,OFCL,,36188.0,,35.8,,{0: 36188},,36188.0,,0.0,,0.0,,0.0,,0.0,,0.0
2011,SH132011,BINGIZA,Madagascar,MDG,Ihorombe,MDG,,2011-02-08 12:00,,2011-02-18 00:00,,OFCL,,442.0,,0.04,,{0: 442},,442.0,,0.0,,0.0,,0.0,,0.0,,0.0
2011,SH132011,BINGIZA,Madagascar,MDG,Itasy,MDG,,2011-02-08 12:00,,2011-02-18 00:00,,OFCL,,687535.0,,52488.62,,"{0: 393509, 1: 294026}",,393509.0,,294026.0,,0.0,,0.0,,0.0,,0.0
2011,SH132011,BINGIZA,Madagascar,MDG,Melaky,MDG,,2011-02-08 12:00,,2011-02-18 00:00,,OFCL,,217933.0,,12514.77,,"{0: 180856, 1: 37077}",,180856.0,,37077.0,,0.0,,0.0,,0.0,,0.0
2011,SH132011,BINGIZA,Madagascar,MDG,Menabe,MDG,,2011-02-08 12:00,,2011-02-18 00:00,,OFCL,,649607.0,,19220.15,,"{0: 475601, 1: 174006}",,475601.0,,174006.0,,0.0,,0.0,,0.0,,0.0
2011,SH132011,BINGIZA,Madagascar,MDG,Sava,MDG,,2011-02-08 12:00,,2011-02-18 00:00,,OFCL,,847287.0,,8003302.67,,"{0: 368114, 1: 295527, 2: 142942, 3: 40704}",,368114.0,,295527.0,,142942.0,,40704.0,,0.0,,0.0
2011,SH132011,BINGIZA,Madagascar,MDG,Sofia,MDG,,2011-02-08 12:00,,2011-02-18 00:00,,OFCL,,1485929.0,,46299696.97,,"{0: 10840, 1: 391028, 2: 845828, 3: 238233}",,10840.0,,391028.0,,845828.0,,238233.0,,0.0,,0.0
2011,SH132011,BINGIZA,Madagascar,MDG,Vakinakaratra,MDG,,2011-02-08 12:00,,2011-02-18 00:00,,OFCL,,1401811.0,,38700.04,,"{0: 1032247, 1: 369564}",,1032247.0,,369564.0,,0.0,,0.0,,0.0,,0.0
2011,SH132011,BINGIZA,Madagascar,MDG,Vatovavy Fitovinany,MDG,,2011-02-08 12:00,,2011-02-18 00:00,,OFCL,,54.0,,0.0,,{0: 54},,54.0,,0.0,,0.0,,0.0,,0.0,,0.0
2011,SH132011,BINGIZA,Madagascar,MDG,Antananarivo,MDG.1_1,2011-02-08 12:00,,2011-02-18 00:00,,OFCL,,7875550.0,,10412099.28,,"{0: 952546, 1: 6604897, 2: 318107}",,952546.0,,6604897.0,,318107.0,,0.0,,0.0,,0.0,
2011,SH132011,BINGIZA,Madagascar,MDG,Antsiranana,MDG.2_1,2011-02-08 12:00,,2011-02-18 00:00,,OFCL,,1767737.0,,15770601.46,,"{0: 778214, 1: 677010, 2: 205763, 3: 95159, 4: 11591}",,778214.0,,677010.0,,205763.0,,95159.0,,11591.0,,0.0,
2011,SH132011,BINGIZA,Madagascar,MDG,Fianarantsoa,MDG.3_1,2011-02-08 12:00,,2011-02-18 00:00,,OFCL,,452705.0,,24257.85,,"{0: 412825, 1: 39880}",,412825.0,,39880.0,,0.0,,0.0,,0.0,,0.0,
2011,SH132011,BINGIZA,Madagascar,MDG,Mahajanga,MDG.4_1,2011-02-08 12:00,,2011-02-18 00:00,,OFCL,,3764335.0,,95199842.76,,"{0: 238306, 1: 1169568, 2: 1448586, 3: 874139, 4: 33736}",,238306.0,,1169568.0,,1448586.0,,874139.0,,33736.0,,0.0,
2011,SH132011,BINGIZA,Madagascar,MDG,Toamasina,MDG.5_1,2011-02-08 12:00,,2011-02-18 00:00,,OFCL,,3474164.0,,143829984.01,,"{0: 355901, 1: 939682, 2: 1053188, 3: 1020508, 4: 104885}",,355901.0,,939682.0,,1053188.0,,1020508.0,,104885.0,,0.0,
2011,SH132011,BINGIZA,Madagascar,MDG,Toliary,MDG.6_1,2011-02-08 12:00,,2011-02-18 00:00,,OFCL,,1058592.0,,837268.55,,"{0: 373835, 1: 683579, 2: 1178}",,373835.0,,683579.0,,1178.0,,0.0,,0.0,,0.0,
2012,SH052012,CHANDA,Madagascar,MDG,Atsimo Andrefana,MDG,,2012-01-07 06:00,,2012-01-09 12:00,,OFCL,,8247.0,,2.06,,{0: 8247},,8247.0,,0.0,,0.0,,0.0,,0.0,,0.0
2012,SH052012,CHANDA,Madagascar,MDG,Melaky,MDG,,2012-01-07 06:00,,2012-01-09 12:00,,OFCL,,27899.0,,8.42,,{0: 27899},,27899.0,,0.0,,0.0,,0.0,,0.0,,0.0
2012,SH052012,CHANDA,Madagascar,MDG,Menabe,MDG,,2012-01-07 06:00,,2012-01-09 12:00,,OFCL,,348942.0,,410.31,,"{0: 348823, 1: 119}",,348823.0,,119.0,,0.0,,0.0,,0.0,,0.0
2012,SH052012,CHANDA,Madagascar,MDG,Antananarivo,MDG.1_1,2012-01-07 06:00,,2012-01-09 12:00,,OFCL,,13260.0,,8.27,,{0: 13260},,13260.0,,0.0,,0.0,,0.0,,0.0,,0.0,
2012,SH052012,CHANDA,Madagascar,MDG,Fianarantsoa,MDG.3_1,2012-01-07 06:00,,2012-01-09 12:00,,OFCL,,49052.0,,253.49,,{0: 49052},,49052.0,,0.0,,0.0,,0.0,,0.0,,0.0,
2012,SH052012,CHANDA,Madagascar,MDG,Mahajanga,MDG.4_1,2012-01-07 06:00,,2012-01-09 12:00,,OFCL,,239721.0,,11099.77,,"{0: 234777, 1: 4944}",,234777.0,,4944.0,,0.0,,0.0,,0.0,,0.0,
2012,SH052012,CHANDA,Madagascar,MDG,Toliary,MDG.6_1,2012-01-07 06:00,,2012-01-09 12:00,,OFCL,,934858.0,,420355.73,,"{0: 554366, 1: 380492}",,554366.0,,380492.0,,0.0,,0.0,,0.0,,0.0,
2012,SH072012,ETHEL,Mauritius,MUS,Rodriguez,MUS.10_1,2012-01-18 00:00,,2012-01-23 12:00,,OFCL,,44652.0,,2756499.95,,"{1: 223, 2: 44429}",,0.0,,223.0,,44429.0,,0.0,,0.0,,0.0,
2012,SH072012,ETHEL,Mauritius,MUS,,No Adm1,,2012-01-18 00:00,,2012-01-23 12:00,,OFCL,,43525.0,,6353217.59,,"{1: 183, 2: 43342}",,0.0,,183.0,,43342.0,,0.0,,0.0,,0.0
2012,SH082012,FUNSO,Madagascar,MDG,Androy,MDG,,2012-01-18 06:00,,2012-01-29 00:00,,OFCL,,576153.0,,127.87,,{0: 576153},,576153.0,,0.0,,0.0,,0.0,,0.0,,0.0
2012,SH082012,FUNSO,Madagascar,MDG,Anosy,MDG,,2012-01-18 06:00,,2012-01-29 00:00,,OFCL,,96028.0,,1322.16,,{0: 96028},,96028.0,,0.0,,0.0,,0.0,,0.0,,0.0
2012,SH082012,FUNSO,Madagascar,MDG,Atsimo Andrefana,MDG,,2012-01-18 06:00,,2012-01-29 00:00,,OFCL,,1372968.0,,36437.12,,"{0: 1367943, 1: 5025}",,1367943.0,,5025.0,,0.0,,0.0,,0.0,,0.0
2012,SH082012,FUNSO,Madagascar,MDG,Atsimo Atsinanana,MDG,,2012-01-18 06:00,,2012-01-29 00:00,,OFCL,,39134.0,,454.06,,{0: 39134},,39134.0,,0.0,,0.0,,0.0,,0.0,,0.0
2012,SH082012,FUNSO,Madagascar,MDG,Haute Matsiatra,MDG,,2012-01-18 06:00,,2012-01-29 00:00,,OFCL,,7062.0,,0.06,,{0: 7062},,7062.0,,0.0,,0.0,,0.0,,0.0,,0.0
2012,SH082012,FUNSO,Madagascar,MDG,Ihorombe,MDG,,2012-01-18 06:00,,2012-01-29 00:00,,OFCL,,75154.0,,6.24,,{0: 75154},,75154.0,,0.0,,0.0,,0.0,,0.0,,0.0
2012,SH082012,FUNSO,Madagascar,MDG,Melaky,MDG,,2012-01-18 06:00,,2012-01-29 00:00,,OFCL,,128.0,,0.01,,{0: 128},,128.0,,0.0,,0.0,,0.0,,0.0,,0.0
2012,SH082012,FUNSO,Madagascar,MDG,Menabe,MDG,,2012-01-18 06:00,,2012-01-29 00:00,,OFCL,,245003.0,,3101.85,,{0: 245003},,245003.0,,0.0,,0.0,,0.0,,0.0,,0.0
2012,SH082012,FUNSO,Madagascar,MDG,Fianarantsoa,MDG.3_1,2012-01-18 06:00,,2012-01-29 00:00,,OFCL,,16438.0,,435.58,,{0: 16438},,16438.0,,0.0,,0.0,,0.0,,0.0,,0.0,
2012,SH082012,FUNSO,Madagascar,MDG,Mahajanga,MDG.4_1,2012-01-18 06:00,,2012-01-29 00:00,,OFCL,,10804.0,,34.56,,{0: 10804},,10804.0,,0.0,,0.0,,0.0,,0.0,,0.0,
2012,SH082012,FUNSO,Madagascar,MDG,Toliary,MDG.6_1,2012-01-18 06:00,,2012-01-29 00:00,,OFCL,,2840309.0,,650865.08,,"{0: 1994984, 1: 845325}",,1994984.0,,845325.0,,0.0,,0.0,,0.0,,0.0,
2012,SH082012,FUNSO,Mozambique,MOZ,Niassa,MOZ,,2012-01-18 06:00,,2012-01-29 00:00,,OFCL,,388330.0,,27.23,,{0: 388330},,388330.0,,0.0,,0.0,,0.0,,0.0,,0.0
2012,SH082012,FUNSO,Mozambique,MOZ,Tete,MOZ.10_1,2012-01-18 06:00,2012-01-18 06:00,2012-01-29 00:00,2012-01-29 00:00,OFCL,OFCL,390017.0,199942.0,92533.13,134.81,"{0: 230350, 1: 159667}",{0: 199942},230350.0,199942.0,159667.0,0.0,0.0,0.0,0.0,0.0,0.0,0.0,0.0,0.0
2012,SH082012,FUNSO,Mozambique,MOZ,Zambezia,MOZ.11_1,2012-01-18 06:00,2012-01-18 06:00,2012-01-29 00:00,2012-01-29 00:00,OFCL,OFCL,5807631.0,5470241.0,269121061.2,90845749.96,"{0: 514820, 1: 2963119, 2: 902018, 3: 1071867, 4: 355590, 5: 217}","{0: 2217750, 1: 1857769, 2: 531953, 3: 861748, 4: 1021}",514820.0,2217750.0,2963119.0,1857769.0,902018.0,531953.0,1071867.0,861748.0,355590.0,1021.0,217.0,0.0
2012,SH082012,FUNSO,Mozambique,MOZ,Cabo Delgado,MOZ.1_1,2012-01-18 06:00,,2012-01-29 00:00,,OFCL,,15324.0,,6.66,,{0: 15324},,15324.0,,0.0,,0.0,,0.0,,0.0,,0.0,
2012,SH082012,FUNSO,Mozambique,MOZ,Inhambane,MOZ.3_1,2012-01-18 06:00,2012-01-18 06:00,2012-01-29 00:00,2012-01-29 00:00,OFCL,OFCL,1184799.0,414596.0,447147.59,2317.86,"{0: 1010484, 1: 174315}",{0: 414596},1010484.0,414596.0,174315.0,0.0,0.0,0.0,0.0,0.0,0.0,0.0,0.0,0.0
2012,SH082012,FUNSO,Mozambique,MOZ,Nampula,MOZ.7_1,2012-01-18 06:00,2012-01-18 06:00,2012-01-29 00:00,2012-01-29 00:00,OFCL,OFCL,4927039.0,3339042.0,9579690.82,852612.08,"{0: 1905420, 1: 2612084, 2: 347690, 3: 61845}","{0: 2354553, 1: 893571, 2: 90918}",1905420.0,2354553.0,2612084.0,893571.0,347690.0,90918.0,61845.0,0.0,0.0,0.0,0.0,0.0
2012,SH082012,FUNSO,Mozambique,MOZ,Nassa,MOZ.8_1,2012-01-18 06:00,,2012-01-29 00:00,,OFCL,,654365.0,,67308.43,,"{0: 600198, 1: 54167}",,600198.0,,54167.0,,0.0,,0.0,,0.0,,0.0,
2012,SH082012,FUNSO,Mozambique,MOZ,Sofala,MOZ.9_1,2012-01-18 06:00,2012-01-18 06:00,2012-01-29 00:00,2012-01-29 00:00,OFCL,OFCL,980250.0,435005.0,779494.09,68215.2,"{0: 610079, 1: 365467, 2: 4704}","{0: 356926, 1: 78079}",610079.0,356926.0,365467.0,78079.0,4704.0,0.0,0.0,0.0,0.0,0.0,0.0,0.0
2012,SH122012,GIOVANNA,Madagascar,MDG,Alaotra Mangoro,MDG,,2012-02-08 12:00,,2012-02-21 18:00,,OFCL,,1020840.0,,152245004.69,,"{0: 23740, 1: 153852, 2: 392907, 3: 427840, 4: 22501}",,23740.0,,153852.0,,392907.0,,427840.0,,22501.0,,0.0
2012,SH122012,GIOVANNA,Madagascar,MDG,Amoron'i Mania,MDG,,2012-02-08 12:00,,2012-02-21 18:00,,OFCL,,667942.0,,29339368.71,,"{0: 2543, 1: 194650, 2: 347597, 3: 123152}",,2543.0,,194650.0,,347597.0,,123152.0,,0.0,,0.0
2012,SH122012,GIOVANNA,Madagascar,MDG,Analamanga,MDG,,2012-02-08 12:00,,2012-02-21 18:00,,OFCL,,4679099.0,,634223060.5,,"{0: 133, 1: 59766, 2: 245890, 3: 4190902, 4: 182408}",,133.0,,59766.0,,245890.0,,4190902.0,,182408.0,,0.0
2012,SH122012,GIOVANNA,Madagascar,MDG,Analanjirofo,MDG,,2012-02-08 12:00,,2012-02-21 18:00,,OFCL,,1182827.0,,11463005.0,,"{0: 311088, 1: 534447, 2: 276188, 3: 61104}",,311088.0,,534447.0,,276188.0,,61104.0,,0.0,,0.0
2012,SH122012,GIOVANNA,Madagascar,MDG,Androy,MDG,,2012-02-08 12:00,,2012-02-21 18:00,,OFCL,,1111455.0,,271148.64,,"{0: 456712, 1: 652232, 2: 2511}",,456712.0,,652232.0,,2511.0,,0.0,,0.0,,0.0
2012,SH122012,GIOVANNA,Madagascar,MDG,Anosy,MDG,,2012-02-08 12:00,,2012-02-21 18:00,,OFCL,,573346.0,,344664.07,,"{0: 281041, 1: 277364, 2: 14941}",,281041.0,,277364.0,,14941.0,,0.0,,0.0,,0.0
2012,SH122012,GIOVANNA,Madagascar,MDG,Atsimo Andrefana,MDG,,2012-02-08 12:00,,2012-02-21 18:00,,OFCL,,549113.0,,3970.03,,"{0: 538935, 1: 10178}",,538935.0,,10178.0,,0.0,,0.0,,0.0,,0.0
2012,SH122012,GIOVANNA,Madagascar,MDG,Atsimo Atsinanana,MDG,,2012-02-08 12:00,,2012-02-21 18:00,,OFCL,,1077488.0,,8960.63,,"{0: 1056195, 1: 21293}",,1056195.0,,21293.0,,0.0,,0.0,,0.0,,0.0
2012,SH122012,GIOVANNA,Madagascar,MDG,Atsinanana,MDG,,2012-02-08 12:00,,2012-02-21 18:00,,OFCL,,990662.0,,284051330.32,,"{2: 360015, 3: 579611, 4: 51036}",,0.0,,0.0,,360015.0,,579611.0,,51036.0,,0.0
2012,SH122012,GIOVANNA,Madagascar,MDG,Betsiboka,MDG,,2012-02-08 12:00,,2012-02-21 18:00,,OFCL,,274109.0,,426739.41,,"{0: 159825, 1: 95905, 2: 18337, 3: 42}",,159825.0,,95905.0,,18337.0,,42.0,,0.0,,0.0
2012,SH122012,GIOVANNA,Madagascar,MDG,Boeny,MDG,,2012-02-08 12:00,,2012-02-21 18:00,,OFCL,,52851.0,,5.03,,{0: 52851},,52851.0,,0.0,,0.0,,0.0,,0.0,,0.0
2012,SH122012,GIOVANNA,Madagascar,MDG,Bongolava,MDG,,2012-02-08 12:00,,2012-02-21 18:00,,OFCL,,598209.0,,1367129.26,,"{0: 67767, 1: 414224, 2: 115382, 3: 836}",,67767.0,,414224.0,,115382.0,,836.0,,0.0,,0.0
2012,SH122012,GIOVANNA,Madagascar,MDG,Haute Matsiatra,MDG,,2012-02-08 12:00,,2012-02-21 18:00,,OFCL,,1150817.0,,2436402.86,,"{0: 144562, 1: 902120, 2: 104135}",,144562.0,,902120.0,,104135.0,,0.0,,0.0,,0.0
2012,SH122012,GIOVANNA,Madagascar,MDG,Ihorombe,MDG,,2012-02-08 12:00,,2012-02-21 18:00,,OFCL,,438795.0,,4535.37,,"{0: 414306, 1: 24489}",,414306.0,,24489.0,,0.0,,0.0,,0.0,,0.0
2012,SH122012,GIOVANNA,Madagascar,MDG,Itasy,MDG,,2012-02-08 12:00,,2012-02-21 18:00,,OFCL,,736723.0,,43464674.65,,"{1: 146692, 2: 355073, 3: 234958}",,0.0,,146692.0,,355073.0,,234958.0,,0.0,,0.0
2012,SH122012,GIOVANNA,Madagascar,MDG,Melaky,MDG,,2012-02-08 12:00,,2012-02-21 18:00,,OFCL,,32597.0,,277.24,,"{0: 30502, 1: 2095}",,30502.0,,2095.0,,0.0,,0.0,,0.0,,0.0
2012,SH122012,GIOVANNA,Madagascar,MDG,Menabe,MDG,,2012-02-08 12:00,,2012-02-21 18:00,,OFCL,,640897.0,,8688.95,,"{0: 583463, 1: 57434}",,583463.0,,57434.0,,0.0,,0.0,,0.0,,0.0
2012,SH122012,GIOVANNA,Madagascar,MDG,Sava,MDG,,2012-02-08 12:00,,2012-02-21 18:00,,OFCL,,6960.0,,6605.22,,{0: 6960},,6960.0,,0.0,,0.0,,0.0,,0.0,,0.0
2012,SH122012,GIOVANNA,Madagascar,MDG,Sofia,MDG,,2012-02-08 12:00,,2012-02-21 18:00,,OFCL,,216881.0,,1745.34,,"{0: 210619, 1: 6262}",,210619.0,,6262.0,,0.0,,0.0,,0.0,,0.0
2012,SH122012,GIOVANNA,Madagascar,MDG,Vakinakaratra,MDG,,2012-02-08 12:00,,2012-02-21 18:00,,OFCL,,1831660.0,,290195820.0,,"{0: 120, 1: 224455, 2: 400935, 3: 1146435, 4: 59715}",,120.0,,224455.0,,400935.0,,1146435.0,,59715.0,,0.0
2012,SH122012,GIOVANNA,Madagascar,MDG,Vatovavy Fitovinany,MDG,,2012-02-08 12:00,,2012-02-21 18:00,,OFCL,,1844273.0,,8881233.13,,"{0: 461111, 1: 1006283, 2: 362682, 3: 14197}",,461111.0,,1006283.0,,362682.0,,14197.0,,0.0,,0.0
2012,SH122012,GIOVANNA,Madagascar,MDG,Antananarivo,MDG.1_1,2012-02-08 12:00,,2012-02-21 18:00,,OFCL,,7957948.0,,1486399386.61,,"{1: 177845, 2: 1081919, 3: 2036920, 4: 4461137, 5: 200127}",,0.0,,177845.0,,1081919.0,,2036920.0,,4461137.0,,200127.0,
2012,SH122012,GIOVANNA,Madagascar,MDG,Antsiranana,MDG.2_1,2012-02-08 12:00,,2012-02-21 18:00,,OFCL,,20163.0,,88019.84,,"{0: 16124, 1: 4039}",,16124.0,,4039.0,,0.0,,0.0,,0.0,,0.0,
2012,SH122012,GIOVANNA,Madagascar,MDG,Fianarantsoa,MDG.3_1,2012-02-08 12:00,,2012-02-21 18:00,,OFCL,,5774874.0,,93216436.76,,"{0: 482553, 1: 2919388, 2: 1613143, 3: 733174, 4: 26616}",,482553.0,,2919388.0,,1613143.0,,733174.0,,26616.0,,0.0,
2012,SH122012,GIOVANNA,Madagascar,MDG,Mahajanga,MDG.4_1,2012-02-08 12:00,,2012-02-21 18:00,,OFCL,,2415962.0,,2801010.43,,"{0: 1584222, 1: 728260, 2: 90149, 3: 13331}",,1584222.0,,728260.0,,90149.0,,13331.0,,0.0,,0.0,
2012,SH122012,GIOVANNA,Madagascar,MDG,Toamasina,MDG.5_1,2012-02-08 12:00,,2012-02-21 18:00,,OFCL,,3491059.0,,602704982.46,,"{0: 219103, 1: 397081, 2: 591882, 3: 1331953, 4: 680443, 5: 270597}",,219103.0,,397081.0,,591882.0,,1331953.0,,680443.0,,270597.0,
2012,SH122012,GIOVANNA,Madagascar,MDG,Toliary,MDG.6_1,2012-02-08 12:00,,2012-02-21 18:00,,OFCL,,4270971.0,,9771955.12,,"{0: 1397467, 1: 2208115, 2: 664352, 3: 1037}",,1397467.0,,2208115.0,,664352.0,,1037.0,,0.0,,0.0,
2012,SH122012,GIOVANNA,Mauritius,MUS,Riviere Du Rempart,MUS,,2012-02-08 12:00,,2012-02-21 18:00,,OFCL,,123738.0,,1129512.02,,{1: 123738},,0.0,,123738.0,,0.0,,0.0,,0.0,,0.0
2012,SH122012,GIOVANNA,Mauritius,MUS,Savanne,MUS.12_1,2012-02-08 12:00,2012-02-08 12:00,2012-02-21 18:00,2012-02-21 18:00,OFCL,OFCL,70087.0,60507.0,92138.07,2822454.44,"{0: 392, 1: 69695}","{0: 1855, 1: 58652}",392.0,1855.0,69695.0,58652.0,0.0,0.0,0.0,0.0,0.0,0.0,0.0,0.0
2012,SH122012,GIOVANNA,Mauritius,MUS,Black River,MUS.2_1,2012-02-08 12:00,2012-02-08 12:00,2012-02-21 18:00,2012-02-21 18:00,OFCL,OFCL,94560.0,72490.0,135714.32,2995029.12,"{0: 3677, 1: 90883}","{0: 5990, 1: 66500}",3677.0,5990.0,90883.0,66500.0,0.0,0.0,0.0,0.0,0.0,0.0,0.0,0.0
2012,SH122012,GIOVANNA,Mauritius,MUS,Flacq,MUS.3_1,2012-02-08 12:00,2012-02-08 12:00,2012-02-21 18:00,2012-02-21 18:00,OFCL,OFCL,140810.0,148203.0,466441.62,446963.82,{1: 140810},"{0: 489, 1: 147714}",0.0,489.0,140810.0,147714.0,0.0,0.0,0.0,0.0,0.0,0.0,0.0,0.0
2012,SH122012,GIOVANNA,Mauritius,MUS,Grand Port,MUS.4_1,2012-02-08 12:00,2012-02-08 12:00,2012-02-21 18:00,2012-02-21 18:00,OFCL,OFCL,113523.0,117962.0,1505771.54,559590.25,"{0: 118, 1: 113405}",{1: 117962},118.0,0.0,113405.0,117962.0,0.0,0.0,0.0,0.0,0.0,0.0,0.0,0.0
2012,SH122012,GIOVANNA,Mauritius,MUS,Moka,MUS.5_1,2012-02-08 12:00,2012-02-08 12:00,2012-02-21 18:00,2012-02-21 18:00,OFCL,OFCL,88800.0,144916.0,210486.09,262026.41,{1: 88800},"{0: 57, 1: 144859}",0.0,57.0,88800.0,144859.0,0.0,0.0,0.0,0.0,0.0,0.0,0.0,0.0
2012,SH122012,GIOVANNA,Mauritius,MUS,Pamplemousses,MUS.6_1,2012-02-08 12:00,2012-02-08 12:00,2012-02-21 18:00,2012-02-21 18:00,OFCL,OFCL,148742.0,165109.0,523369.05,1397720.72,{1: 148742},{1: 165109},0.0,0.0,148742.0,165109.0,0.0,0.0,0.0,0.0,0.0,0.0,0.0,0.0
2012,SH122012,GIOVANNA,Mauritius,MUS,Plaines Wilhems,MUS.7_1,2012-02-08 12:00,2012-02-08 12:00,2012-02-21 18:00,2012-02-21 18:00,OFCL,OFCL,365517.0,294342.0,513544.11,137225.21,"{0: 3, 1: 365514}","{0: 224, 1: 294118}",3.0,224.0,365514.0,294118.0,0.0,0.0,0.0,0.0,0.0,0.0,0.0,0.0
2012,SH122012,GIOVANNA,Mauritius,MUS,Port Louis,MUS.8_1,2012-02-08 12:00,2012-02-08 12:00,2012-02-21 18:00,2012-02-21 18:00,OFCL,OFCL,111040.0,100326.0,102902.2,447449.73,{1: 111040},{1: 100326},0.0,0.0,111040.0,100326.0,0.0,0.0,0.0,0.0,0.0,0.0,0.0,0.0
2012,SH122012,GIOVANNA,Mauritius,MUS,Rivière du Rempart,MUS.9_1,2012-02-08 12:00,,2012-02-21 18:00,,OFCL,,113200.0,,1086819.7,,{1: 113200},,0.0,,113200.0,,0.0,,0.0,,0.0,,0.0,
2012,SH122012,GIOVANNA,Mauritius,MUS,,No Adm1,,2012-02-08 12:00,,2012-02-21 18:00,,OFCL,,307.0,,1512.92,,{1: 307},,0.0,,307.0,,0.0,,0.0,,0.0,,0.0
2012,SH122012,GIOVANNA,Reunion,REU,Arrondissement_du_vent,REU,,2012-02-08 12:00,,2012-02-21 18:00,,OFCL,,256754.0,,1590965.56,,"{0: 5151, 1: 250696, 2: 907}",,5151.0,,250696.0,,907.0,,0.0,,0.0,,0.0
2012,SH122012,GIOVANNA,Reunion,REU,Arrondissement_souse_le_vent,REU,,2012-02-08 12:00,,2012-02-21 18:00,,OFCL,,447764.0,,3433724.68,,"{0: 101015, 1: 343752, 2: 2997}",,101015.0,,343752.0,,2997.0,,0.0,,0.0,,0.0
2012,SH122012,GIOVANNA,Reunion,REU,Saint-Benoît,REU.1_1,2012-02-08 12:00,,2012-02-21 18:00,,OFCL,,140447.0,,8547955.16,,"{0: 6491, 1: 133879, 2: 77}",,6491.0,,133879.0,,77.0,,0.0,,0.0,,0.0,
2012,SH122012,GIOVANNA,Reunion,REU,Saint-Denis,REU.2_1,2012-02-08 12:00,,2012-02-21 18:00,,OFCL,,308269.0,,22130214.72,,"{0: 32, 1: 308237}",,32.0,,308237.0,,0.0,,0.0,,0.0,,0.0,
2012,SH122012,GIOVANNA,Reunion,REU,Saint-Paul,REU.3_1,2012-02-08 12:00,,2012-02-21 18:00,,OFCL,,201260.0,,15622651.63,,"{0: 17750, 1: 183222, 2: 288}",,17750.0,,183222.0,,288.0,,0.0,,0.0,,0.0,
2012,SH122012,GIOVANNA,Reunion,REU,Saint-Pierre,REU.4_1,2012-02-08 12:00,,2012-02-21 18:00,,OFCL,,305880.0,,7655924.52,,"{0: 126885, 1: 178928, 2: 67}",,126885.0,,178928.0,,67.0,,0.0,,0.0,,0.0,
2012,SH142012,IRINA,Madagascar,MDG,Amoron'i Mania,MDG,,2012-02-26 06:00,,2012-03-10 12:00,,OFCL,,2665.0,,0.19,,{0: 2665},,2665.0,,0.0,,0.0,,0.0,,0.0,,0.0
2012,SH142012,IRINA,Madagascar,MDG,Analamanga,MDG,,2012-02-26 06:00,,2012-03-10 12:00,,OFCL,,7801.0,,0.4,,{0: 7801},,7801.0,,0.0,,0.0,,0.0,,0.0,,0.0
2012,SH142012,IRINA,Madagascar,MDG,Atsimo Andrefana,MDG,,2012-02-26 06:00,,2012-03-10 12:00,,OFCL,,778840.0,,725012.97,,"{0: 583545, 1: 161755, 2: 33540}",,583545.0,,161755.0,,33540.0,,0.0,,0.0,,0.0
2012,SH142012,IRINA,Madagascar,MDG,Betsiboka,MDG,,2012-02-26 06:00,,2012-03-10 12:00,,OFCL,,11298.0,,14.79,,{0: 11298},,11298.0,,0.0,,0.0,,0.0,,0.0,,0.0
2012,SH142012,IRINA,Madagascar,MDG,Boeny,MDG,,2012-02-26 06:00,,2012-03-10 12:00,,OFCL,,32958.0,,92.45,,{0: 32958},,32958.0,,0.0,,0.0,,0.0,,0.0,,0.0
2012,SH142012,IRINA,Madagascar,MDG,Bongolava,MDG,,2012-02-26 06:00,,2012-03-10 12:00,,OFCL,,376617.0,,985.96,,"{0: 371216, 1: 5401}",,371216.0,,5401.0,,0.0,,0.0,,0.0,,0.0
2012,SH142012,IRINA,Madagascar,MDG,Diana,MDG,,2012-02-26 06:00,,2012-03-10 12:00,,OFCL,,2106.0,,0.04,,{0: 2106},,2106.0,,0.0,,0.0,,0.0,,0.0,,0.0
2012,SH142012,IRINA,Madagascar,MDG,Haute Matsiatra,MDG,,2012-02-26 06:00,,2012-03-10 12:00,,OFCL,,41.0,,0.0,,{0: 41},,41.0,,0.0,,0.0,,0.0,,0.0,,0.0
2012,SH142012,IRINA,Madagascar,MDG,Ihorombe,MDG,,2012-02-26 06:00,,2012-03-10 12:00,,OFCL,,5559.0,,0.08,,{0: 5559},,5559.0,,0.0,,0.0,,0.0,,0.0,,0.0
2012,SH142012,IRINA,Madagascar,MDG,Itasy,MDG,,2012-02-26 06:00,,2012-03-10 12:00,,OFCL,,17809.0,,0.04,,{0: 17809},,17809.0,,0.0,,0.0,,0.0,,0.0,,0.0
2012,SH142012,IRINA,Madagascar,MDG,Melaky,MDG,,2012-02-26 06:00,,2012-03-10 12:00,,OFCL,,290790.0,,1840726.6,,"{0: 36814, 1: 84675, 2: 169301}",,36814.0,,84675.0,,169301.0,,0.0,,0.0,,0.0
2012,SH142012,IRINA,Madagascar,MDG,Menabe,MDG,,2012-02-26 06:00,,2012-03-10 12:00,,OFCL,,696899.0,,738957.48,,"{0: 221739, 1: 433231, 2: 41929}",,221739.0,,433231.0,,41929.0,,0.0,,0.0,,0.0
2012,SH142012,IRINA,Madagascar,MDG,Sava,MDG,,2012-02-26 06:00,,2012-03-10 12:00,,OFCL,,12111.0,,0.28,,{0: 12111},,12111.0,,0.0,,0.0,,0.0,,0.0,,0.0
2012,SH142012,IRINA,Madagascar,MDG,Sofia,MDG,,2012-02-26 06:00,,2012-03-10 12:00,,OFCL,,93195.0,,17.68,,{0: 93195},,93195.0,,0.0,,0.0,,0.0,,0.0,,0.0
2012,SH142012,IRINA,Madagascar,MDG,Vakinakaratra,MDG,,2012-02-26 06:00,,2012-03-10 12:00,,OFCL,,43183.0,,1.15,,{0: 43183},,43183.0,,0.0,,0.0,,0.0,,0.0,,0.0
2012,SH142012,IRINA,Madagascar,MDG,Antananarivo,MDG.1_1,2012-02-26 06:00,,2012-03-10 12:00,,OFCL,,637895.0,,97743.1,,"{0: 487505, 1: 150390}",,487505.0,,150390.0,,0.0,,0.0,,0.0,,0.0,
2012,SH142012,IRINA,Madagascar,MDG,Antsiranana,MDG.2_1,2012-02-26 06:00,,2012-03-10 12:00,,OFCL,,155374.0,,1887.33,,{0: 155374},,155374.0,,0.0,,0.0,,0.0,,0.0,,0.0,
2012,SH142012,IRINA,Madagascar,MDG,Fianarantsoa,MDG.3_1,2012-02-26 06:00,,2012-03-10 12:00,,OFCL,,216537.0,,4043.8,,{0: 216537},,216537.0,,0.0,,0.0,,0.0,,0.0,,0.0,
2012,SH142012,IRINA,Madagascar,MDG,Mahajanga,MDG.4_1,2012-02-26 06:00,,2012-03-10 12:00,,OFCL,,1477571.0,,9769415.14,,"{0: 936336, 1: 194791, 2: 216627, 3: 129817}",,936336.0,,194791.0,,216627.0,,129817.0,,0.0,,0.0,
2012,SH142012,IRINA,Madagascar,MDG,Toamasina,MDG.5_1,2012-02-26 06:00,,2012-03-10 12:00,,OFCL,,1199.0,,2.34,,{0: 1199},,1199.0,,0.0,,0.0,,0.0,,0.0,,0.0,
2012,SH142012,IRINA,Madagascar,MDG,Toliary,MDG.6_1,2012-02-26 06:00,,2012-03-10 12:00,,OFCL,,2228978.0,,8527579.6,,"{0: 781583, 1: 996317, 2: 412769, 3: 38309}",,781583.0,,996317.0,,412769.0,,38309.0,,0.0,,0.0,
2012,SH142012,IRINA,Mozambique,MOZ,Maputo (city),MOZ,,2012-02-26 06:00,,2012-03-10 12:00,,OFCL,,1139718.0,,4314.06,,"{0: 1050124, 1: 89594}",,1050124.0,,89594.0,,0.0,,0.0,,0.0,,0.0
2012,SH142012,IRINA,Mozambique,MOZ,Gaza,MOZ.2_1,2012-02-26 06:00,2012-02-26 06:00,2012-03-10 12:00,2012-03-10 12:00,OFCL,OFCL,1374356.0,1187618.0,1361575.46,17319.84,"{0: 264850, 1: 1109506}","{0: 903742, 1: 283876}",264850.0,903742.0,1109506.0,283876.0,0.0,0.0,0.0,0.0,0.0,0.0,0.0,0.0
2012,SH142012,IRINA,Mozambique,MOZ,Inhambane,MOZ.3_1,2012-02-26 06:00,2012-02-26 06:00,2012-03-10 12:00,2012-03-10 12:00,OFCL,OFCL,1017806.0,712529.0,503519.14,8903.85,"{0: 472426, 1: 545380}","{0: 628911, 1: 83618}",472426.0,628911.0,545380.0,83618.0,0.0,0.0,0.0,0.0,0.0,0.0,0.0,0.0
2012,SH142012,IRINA,Mozambique,MOZ,Maputo City,MOZ.5_1,2012-02-26 06:00,,2012-03-10 12:00,,OFCL,,2591211.0,,702025.35,,{1: 2591211},,0.0,,2591211.0,,0.0,,0.0,,0.0,,0.0,
2012,SH142012,IRINA,Mozambique,MOZ,Maputo,MOZ.6_1,2012-02-26 06:00,2012-02-26 06:00,2012-03-10 12:00,2012-03-10 12:00,OFCL,OFCL,819779.0,2063207.0,610562.76,10011.73,"{0: 119535, 1: 700244}","{0: 2056527, 1: 6680}",119535.0,2056527.0,700244.0,6680.0,0.0,0.0,0.0,0.0,0.0,0.0,0.0,0.0
2012,SH202012,KUENA,Mauritius,MUS,Agalega Islands,MUS.1_1,2012-06-03 12:00,,2012-06-08 12:00,,OFCL,,262.0,,15505.56,,{2: 262},,0.0,,0.0,,262.0,,0.0,,0.0,,0.0,
2012,SH202012,KUENA,Seychelles,SYC,Beau Vallon,SYC.8_1,,2012-06-03 12:00,,2012-06-08 12:00,,OFCL,,0.0,,52207.46,,{2: 0},,0.0,,0.0,,0.0,,0.0,,0.0,,0.0
2013,SH072013,DUMILE,Reunion,REU,Arrondissement_du_vent,REU,,2012-12-29 12:00,,2013-01-05 12:00,,OFCL,,256754.0,,3163891.91,,"{1: 181008, 2: 75746}",,0.0,,181008.0,,75746.0,,0.0,,0.0,,0.0
2013,SH072013,DUMILE,Reunion,REU,Arrondissement_souse_le_vent,REU,,2012-12-29 12:00,,2013-01-05 12:00,,OFCL,,447764.0,,12021309.38,,"{0: 1492, 1: 312574, 2: 133698}",,1492.0,,312574.0,,133698.0,,0.0,,0.0,,0.0
2013,SH072013,DUMILE,Reunion,REU,Saint-Benoît,REU.1_1,2012-12-29 12:00,,2013-01-05 12:00,,OFCL,,140447.0,,2060647.2,,"{1: 140243, 2: 204}",,0.0,,140243.0,,204.0,,0.0,,0.0,,0.0,
2013,SH072013,DUMILE,Reunion,REU,Saint-Denis,REU.2_1,2012-12-29 12:00,,2013-01-05 12:00,,OFCL,,308269.0,,18302413.31,,"{1: 183106, 2: 125163}",,0.0,,183106.0,,125163.0,,0.0,,0.0,,0.0,
2013,SH072013,DUMILE,Reunion,REU,Saint-Paul,REU.3_1,2012-12-29 12:00,,2013-01-05 12:00,,OFCL,,201260.0,,13707918.82,,"{1: 100640, 2: 100620}",,0.0,,100640.0,,100620.0,,0.0,,0.0,,0.0,
2013,SH072013,DUMILE,Reunion,REU,Saint-Pierre,REU.4_1,2012-12-29 12:00,,2013-01-05 12:00,,OFCL,,313164.0,,2780879.04,,"{0: 5162, 1: 304520, 2: 3482}",,5162.0,,304520.0,,3482.0,,0.0,,0.0,,0.0,
2013,SH072013,DUMILE,Seychelles,SYC,Beau Vallon,SYC.8_1,,2012-12-29 12:00,,2013-01-05 12:00,,OFCL,,0.0,,0.01,,{0: 0},,0.0,,0.0,,0.0,,0.0,,0.0,,0.0
2013,SH132013,FELLENG,Madagascar,MDG,Alaotra Mangoro,MDG,,2013-01-25 12:00,,2013-02-04 12:00,,OFCL,,183604.0,,16.84,,{0: 183604},,183604.0,,0.0,,0.0,,0.0,,0.0,,0.0
2013,SH132013,FELLENG,Madagascar,MDG,Amoron'i Mania,MDG,,2013-01-25 12:00,,2013-02-04 12:00,,OFCL,,305.0,,0.0,,{0: 305},,305.0,,0.0,,0.0,,0.0,,0.0,,0.0
2013,SH132013,FELLENG,Madagascar,MDG,Analamanga,MDG,,2013-01-25 12:00,,2013-02-04 12:00,,OFCL,,117520.0,,7.69,,{0: 117520},,117520.0,,0.0,,0.0,,0.0,,0.0,,0.0
2013,SH132013,FELLENG,Madagascar,MDG,Analanjirofo,MDG,,2013-01-25 12:00,,2013-02-04 12:00,,OFCL,,152554.0,,707.69,,{0: 152554},,152554.0,,0.0,,0.0,,0.0,,0.0,,0.0
2013,SH132013,FELLENG,Madagascar,MDG,Atsinanana,MDG,,2013-01-25 12:00,,2013-02-04 12:00,,OFCL,,586337.0,,2546.92,,"{0: 585137, 1: 1200}",,585137.0,,1200.0,,0.0,,0.0,,0.0,,0.0
2013,SH132013,FELLENG,Madagascar,MDG,Sava,MDG,,2013-01-25 12:00,,2013-02-04 12:00,,OFCL,,1471.0,,0.05,,{0: 1471},,1471.0,,0.0,,0.0,,0.0,,0.0,,0.0
2013,SH132013,FELLENG,Madagascar,MDG,Vakinakaratra,MDG,,2013-01-25 12:00,,2013-02-04 12:00,,OFCL,,76718.0,,2.53,,{0: 76718},,76718.0,,0.0,,0.0,,0.0,,0.0,,0.0
2013,SH132013,FELLENG,Madagascar,MDG,Vatovavy Fitovinany,MDG,,2013-01-25 12:00,,2013-02-04 12:00,,OFCL,,5175.0,,2.02,,{0: 5175},,5175.0,,0.0,,0.0,,0.0,,0.0,,0.0
2013,SH132013,FELLENG,Madagascar,MDG,Antananarivo,MDG.1_1,2013-01-25 12:00,,2013-02-04 12:00,,OFCL,,1615785.0,,31547.31,,"{0: 1612145, 1: 3640}",,1612145.0,,3640.0,,0.0,,0.0,,0.0,,0.0,
2013,SH132013,FELLENG,Madagascar,MDG,Antsiranana,MDG.2_1,2013-01-25 12:00,,2013-02-04 12:00,,OFCL,,28720.0,,3298.43,,{0: 28720},,28720.0,,0.0,,0.0,,0.0,,0.0,,0.0,
2013,SH132013,FELLENG,Madagascar,MDG,Fianarantsoa,MDG.3_1,2013-01-25 12:00,,2013-02-04 12:00,,OFCL,,297402.0,,2363.72,,"{0: 297047, 1: 355}",,297047.0,,355.0,,0.0,,0.0,,0.0,,0.0,
2013,SH132013,FELLENG,Madagascar,MDG,Mahajanga,MDG.4_1,2013-01-25 12:00,,2013-02-04 12:00,,OFCL,,843.0,,0.78,,{0: 843},,843.0,,0.0,,0.0,,0.0,,0.0,,0.0,
2013,SH132013,FELLENG,Madagascar,MDG,Toamasina,MDG.5_1,2013-01-25 12:00,,2013-02-04 12:00,,OFCL,,2119876.0,,363295.66,,"{0: 1838748, 1: 281128}",,1838748.0,,281128.0,,0.0,,0.0,,0.0,,0.0,
2013,SH132013,FELLENG,Reunion,REU,Arrondissement_souse_le_vent,REU,,2013-01-25 12:00,,2013-02-04 12:00,,OFCL,,390.0,,0.01,,{0: 390},,390.0,,0.0,,0.0,,0.0,,0.0,,0.0
2013,SH162013,HARUNA,Madagascar,MDG,Amoron'i Mania,MDG,,2013-02-14 12:00,,2013-02-28 00:00,,OFCL,,931.0,,0.0,,{0: 931},,931.0,,0.0,,0.0,,0.0,,0.0,,0.0
2013,SH162013,HARUNA,Madagascar,MDG,Androy,MDG,,2013-02-14 12:00,,2013-02-28 00:00,,OFCL,,804306.0,,4576523.18,,"{0: 460483, 1: 194196, 2: 134411, 3: 15216}",,460483.0,,194196.0,,134411.0,,15216.0,,0.0,,0.0
2013,SH162013,HARUNA,Madagascar,MDG,Anosy,MDG,,2013-02-14 12:00,,2013-02-28 00:00,,OFCL,,640218.0,,14553200.97,,"{0: 77887, 1: 314177, 2: 168929, 3: 79225}",,77887.0,,314177.0,,168929.0,,79225.0,,0.0,,0.0
2013,SH162013,HARUNA,Madagascar,MDG,Atsimo Andrefana,MDG,,2013-02-14 12:00,,2013-02-28 00:00,,OFCL,,1413344.0,,98194439.12,,"{0: 118678, 1: 192261, 2: 626661, 3: 474603, 4: 1141}",,118678.0,,192261.0,,626661.0,,474603.0,,1141.0,,0.0
2013,SH162013,HARUNA,Madagascar,MDG,Atsimo Atsinanana,MDG,,2013-02-14 12:00,,2013-02-28 00:00,,OFCL,,844206.0,,1857365.96,,"{0: 514849, 1: 246726, 2: 54589, 3: 28042}",,514849.0,,246726.0,,54589.0,,28042.0,,0.0,,0.0
2013,SH162013,HARUNA,Madagascar,MDG,Haute Matsiatra,MDG,,2013-02-14 12:00,,2013-02-28 00:00,,OFCL,,358144.0,,615.07,,"{0: 355124, 1: 3020}",,355124.0,,3020.0,,0.0,,0.0,,0.0,,0.0
2013,SH162013,HARUNA,Madagascar,MDG,Ihorombe,MDG,,2013-02-14 12:00,,2013-02-28 00:00,,OFCL,,453871.0,,785721.22,,"{0: 162742, 1: 256951, 2: 31296, 3: 2882}",,162742.0,,256951.0,,31296.0,,2882.0,,0.0,,0.0
2013,SH162013,HARUNA,Madagascar,MDG,Menabe,MDG,,2013-02-14 12:00,,2013-02-28 00:00,,OFCL,,133690.0,,415171.96,,"{0: 75000, 1: 45399, 2: 13291}",,75000.0,,45399.0,,13291.0,,0.0,,0.0,,0.0
2013,SH162013,HARUNA,Madagascar,MDG,Vatovavy Fitovinany,MDG,,2013-02-14 12:00,,2013-02-28 00:00,,OFCL,,4096.0,,0.37,,{0: 4096},,4096.0,,0.0,,0.0,,0.0,,0.0,,0.0
2013,SH162013,HARUNA,Madagascar,MDG,Antananarivo,MDG.1_1,2013-02-14 12:00,,2013-02-28 00:00,,OFCL,,8607.0,,3.21,,{0: 8607},,8607.0,,0.0,,0.0,,0.0,,0.0,,0.0,
2013,SH162013,HARUNA,Madagascar,MDG,Fianarantsoa,MDG.3_1,2013-02-14 12:00,,2013-02-28 00:00,,OFCL,,2875848.0,,10838417.41,,"{0: 1480326, 1: 1084030, 2: 227088, 3: 84404}",,1480326.0,,1084030.0,,227088.0,,84404.0,,0.0,,0.0,
2013,SH162013,HARUNA,Madagascar,MDG,Toliary,MDG.6_1,2013-02-14 12:00,,2013-02-28 00:00,,OFCL,,3910137.0,,167899482.15,,"{0: 805024, 1: 887926, 2: 732784, 3: 1303089, 4: 181314}",,805024.0,,887926.0,,732784.0,,1303089.0,,181314.0,,0.0,
2013,SH162013,HARUNA,Mozambique,MOZ,Zambezia,MOZ.11_1,2013-02-14 12:00,,2013-02-28 00:00,,OFCL,,953941.0,,3835.59,,{0: 953941},,953941.0,,0.0,,0.0,,0.0,,0.0,,0.0,
2013,SH162013,HARUNA,Mozambique,MOZ,Nampula,MOZ.7_1,2013-02-14 12:00,2013-02-14 12:00,2013-02-28 00:00,2013-02-28 00:00,OFCL,OFCL,86669.0,29.0,2692.48,0.26,{0: 86669},{0: 29},86669.0,29.0,0.0,0.0,0.0,0.0,0.0,0.0,0.0,0.0,0.0,0.0
2013,SH212013,IMELDA,Mauritius,MUS,Rodriguez,MUS.10_1,2013-04-03 06:00,,2013-04-19 06:00,,OFCL,,44652.0,,617071.25,,{1: 44652},,0.0,,44652.0,,0.0,,0.0,,0.0,,0.0,
2013,SH212013,IMELDA,Mauritius,MUS,Agalega Islands,MUS.1_1,2013-04-03 06:00,,2013-04-19 06:00,,OFCL,,262.0,,6.25,,{0: 262},,262.0,,0.0,,0.0,,0.0,,0.0,,0.0,
2013,SH212013,IMELDA,Mauritius,MUS,,No Adm1,,2013-04-03 06:00,,2013-04-19 06:00,,OFCL,,43525.0,,1028235.82,,{1: 43525},,0.0,,43525.0,,0.0,,0.0,,0.0,,0.0
2013,SH212013,IMELDA,Tanzania,TZA,Arusha,TZA,,2013-04-03 06:00,,2013-04-19 06:00,,OFCL,,0.0,,11.73,,{0: 0},,0.0,,0.0,,0.0,,0.0,,0.0,,0.0
2014,SH032014,AMARA,Mauritius,MUS,Rodriguez,MUS.10_1,2013-12-14 06:00,,2013-12-28 06:00,,OFCL,,44652.0,,18940149.97,,"{2: 1354, 3: 43298}",,0.0,,0.0,,1354.0,,43298.0,,0.0,,0.0,
2014,SH032014,AMARA,Mauritius,MUS,,No Adm1,,2013-12-14 06:00,,2013-12-28 06:00,,OFCL,,43525.0,,72623451.86,,{3: 43525},,0.0,,0.0,,0.0,,43525.0,,0.0,,0.0
2014,SH062014,BEJISA,Mauritius,MUS,Riviere Du Rempart,MUS,,2013-12-27 12:00,,2014-01-06 18:00,,OFCL,,46644.0,,46.99,,{0: 46644},,46644.0,,0.0,,0.0,,0.0,,0.0,,0.0
2014,SH062014,BEJISA,Mauritius,MUS,Savanne,MUS.12_1,2013-12-27 12:00,2013-12-27 12:00,2014-01-06 18:00,2014-01-06 18:00,OFCL,OFCL,12.0,4815.0,505.04,3.14,{0: 12},{0: 4815},12.0,4815.0,0.0,0.0,0.0,0.0,0.0,0.0,0.0,0.0,0.0,0.0
2014,SH062014,BEJISA,Mauritius,MUS,Black River,MUS.2_1,2013-12-27 12:00,2013-12-27 12:00,2014-01-06 18:00,2014-01-06 18:00,OFCL,OFCL,29415.0,54577.0,9977.13,828.17,{0: 29415},{0: 54577},29415.0,54577.0,0.0,0.0,0.0,0.0,0.0,0.0,0.0,0.0,0.0,0.0
2014,SH062014,BEJISA,Mauritius,MUS,Flacq,MUS.3_1,,2013-12-27 12:00,,2014-01-06 18:00,,OFCL,,10694.0,,2.89,,{0: 10694},,10694.0,,0.0,,0.0,,0.0,,0.0,,0.0
2014,SH062014,BEJISA,Mauritius,MUS,Grand Port,MUS.4_1,,2013-12-27 12:00,,2014-01-06 18:00,,OFCL,,13783.0,,0.22,,{0: 13783},,13783.0,,0.0,,0.0,,0.0,,0.0,,0.0
2014,SH062014,BEJISA,Mauritius,MUS,Moka,MUS.5_1,2013-12-27 12:00,2013-12-27 12:00,2014-01-06 18:00,2014-01-06 18:00,OFCL,OFCL,530.0,64224.0,0.33,26.36,{0: 530},{0: 64224},530.0,64224.0,0.0,0.0,0.0,0.0,0.0,0.0,0.0,0.0,0.0,0.0
2014,SH062014,BEJISA,Mauritius,MUS,Pamplemousses,MUS.6_1,2013-12-27 12:00,2013-12-27 12:00,2014-01-06 18:00,2014-01-06 18:00,OFCL,OFCL,10543.0,60759.0,9.21,322.1,{0: 10543},{0: 60759},10543.0,60759.0,0.0,0.0,0.0,0.0,0.0,0.0,0.0,0.0,0.0,0.0
2014,SH062014,BEJISA,Mauritius,MUS,Plaines Wilhems,MUS.7_1,2013-12-27 12:00,2013-12-27 12:00,2014-01-06 18:00,2014-01-06 18:00,OFCL,OFCL,16023.0,79842.0,10.67,64.62,{0: 16023},{0: 79842},16023.0,79842.0,0.0,0.0,0.0,0.0,0.0,0.0,0.0,0.0,0.0,0.0
2014,SH062014,BEJISA,Mauritius,MUS,Port Louis,MUS.8_1,2013-12-27 12:00,2013-12-27 12:00,2014-01-06 18:00,2014-01-06 18:00,OFCL,OFCL,5165.0,19186.0,17.92,20.27,{0: 5165},{0: 19186},5165.0,19186.0,0.0,0.0,0.0,0.0,0.0,0.0,0.0,0.0,0.0,0.0
2014,SH062014,BEJISA,Mauritius,MUS,Rivière du Rempart,MUS.9_1,2013-12-27 12:00,,2014-01-06 18:00,,OFCL,,1337.0,,0.09,,{0: 1337},,1337.0,,0.0,,0.0,,0.0,,0.0,,0.0,
2014,SH062014,BEJISA,Mauritius,MUS,,No Adm1,,2013-12-27 12:00,,2014-01-06 18:00,,OFCL,,307.0,,0.04,,{0: 307},,307.0,,0.0,,0.0,,0.0,,0.0,,0.0
2014,SH062014,BEJISA,Reunion,REU,Arrondissement_du_vent,REU,,2013-12-27 12:00,,2014-01-06 18:00,,OFCL,,256754.0,,239492147.83,,"{2: 20703, 3: 234237, 4: 1814}",,0.0,,0.0,,20703.0,,234237.0,,1814.0,,0.0
2014,SH062014,BEJISA,Reunion,REU,Arrondissement_souse_le_vent,REU,,2013-12-27 12:00,,2014-01-06 18:00,,OFCL,,447764.0,,1757270191.53,,"{2: 4739, 3: 340606, 4: 102419}",,0.0,,0.0,,4739.0,,340606.0,,102419.0,,0.0
2014,SH062014,BEJISA,Reunion,REU,Saint-Benoît,REU.1_1,2013-12-27 12:00,,2014-01-06 18:00,,OFCL,,140447.0,,103157228.18,,"{2: 28438, 3: 112009}",,0.0,,0.0,,28438.0,,112009.0,,0.0,,0.0,
2014,SH062014,BEJISA,Reunion,REU,Saint-Denis,REU.2_1,2013-12-27 12:00,,2014-01-06 18:00,,OFCL,,308269.0,,770640593.55,,"{3: 295607, 4: 12662}",,0.0,,0.0,,0.0,,295607.0,,12662.0,,0.0,
2014,SH062014,BEJISA,Reunion,REU,Saint-Paul,REU.3_1,2013-12-27 12:00,,2014-01-06 18:00,,OFCL,,201260.0,,870488376.72,,"{3: 88178, 4: 113082}",,0.0,,0.0,,0.0,,88178.0,,113082.0,,0.0,
2014,SH062014,BEJISA,Reunion,REU,Saint-Pierre,REU.4_1,2013-12-27 12:00,,2014-01-06 18:00,,OFCL,,313164.0,,441846238.86,,"{2: 8896, 3: 300870, 4: 3398}",,0.0,,0.0,,8896.0,,300870.0,,3398.0,,0.0,
2014,SH092014,DELIWE,Madagascar,MDG,Analamanga,MDG,,2014-01-14 12:00,,2014-01-21 00:00,,OFCL,,176.0,,0.0,,{0: 176},,176.0,,0.0,,0.0,,0.0,,0.0,,0.0
2014,SH092014,DELIWE,Madagascar,MDG,Atsimo Andrefana,MDG,,2014-01-14 12:00,,2014-01-21 00:00,,OFCL,,113856.0,,22883.2,,"{0: 72932, 1: 40924}",,72932.0,,40924.0,,0.0,,0.0,,0.0,,0.0
2014,SH092014,DELIWE,Madagascar,MDG,Betsiboka,MDG,,2014-01-14 12:00,,2014-01-21 00:00,,OFCL,,14975.0,,24.97,,"{0: 14969, 1: 6}",,14969.0,,6.0,,0.0,,0.0,,0.0,,0.0
2014,SH092014,DELIWE,Madagascar,MDG,Boeny,MDG,,2014-01-14 12:00,,2014-01-21 00:00,,OFCL,,25621.0,,2.19,,{0: 25621},,25621.0,,0.0,,0.0,,0.0,,0.0,,0.0
2014,SH092014,DELIWE,Madagascar,MDG,Bongolava,MDG,,2014-01-14 12:00,,2014-01-21 00:00,,OFCL,,189741.0,,70.17,,{0: 189741},,189741.0,,0.0,,0.0,,0.0,,0.0,,0.0
2014,SH092014,DELIWE,Madagascar,MDG,Melaky,MDG,,2014-01-14 12:00,,2014-01-21 00:00,,OFCL,,90384.0,,180.84,,{0: 90384},,90384.0,,0.0,,0.0,,0.0,,0.0,,0.0
2014,SH092014,DELIWE,Madagascar,MDG,Menabe,MDG,,2014-01-14 12:00,,2014-01-21 00:00,,OFCL,,479414.0,,4373.56,,"{0: 462181, 1: 17233}",,462181.0,,17233.0,,0.0,,0.0,,0.0,,0.0
2014,SH092014,DELIWE,Madagascar,MDG,Antananarivo,MDG.1_1,2014-01-14 12:00,,2014-01-21 00:00,,OFCL,,576898.0,,33538.91,,"{0: 532767, 1: 44131}",,532767.0,,44131.0,,0.0,,0.0,,0.0,,0.0,
2014,SH092014,DELIWE,Madagascar,MDG,Fianarantsoa,MDG.3_1,2014-01-14 12:00,,2014-01-21 00:00,,OFCL,,14219.0,,30.75,,{0: 14219},,14219.0,,0.0,,0.0,,0.0,,0.0,,0.0,
2014,SH092014,DELIWE,Madagascar,MDG,Mahajanga,MDG.4_1,2014-01-14 12:00,,2014-01-21 00:00,,OFCL,,605918.0,,45612.26,,"{0: 541173, 1: 64745}",,541173.0,,64745.0,,0.0,,0.0,,0.0,,0.0,
2014,SH092014,DELIWE,Madagascar,MDG,Toliary,MDG.6_1,2014-01-14 12:00,,2014-01-21 00:00,,OFCL,,1242542.0,,524485.15,,"{0: 795836, 1: 428395, 2: 18311}",,795836.0,,428395.0,,18311.0,,0.0,,0.0,,0.0,
2014,SH212014,HELLEN,Comoros,COM,Anjouan,COM,,2014-03-27 06:00,,2014-04-01 12:00,,OFCL,,61700.0,,28989.03,,"{0: 26931, 1: 34769}",,26931.0,,34769.0,,0.0,,0.0,,0.0,,0.0
2014,SH212014,HELLEN,Comoros,COM,Moheli,COM,,2014-03-27 06:00,,2014-04-01 12:00,,OFCL,,244837.0,,12215.61,,"{0: 50450, 1: 194387}",,50450.0,,194387.0,,0.0,,0.0,,0.0,,0.0
2014,SH212014,HELLEN,Comoros,COM,Ngazidja,COM,,2014-03-27 06:00,,2014-04-01 12:00,,OFCL,,184268.0,,312.4,,{0: 184268},,184268.0,,0.0,,0.0,,0.0,,0.0,,0.0
2014,SH212014,HELLEN,Comoros,COM,Mwali,COM.1_1,2014-03-27 06:00,,2014-04-01 12:00,,OFCL,,67648.0,,405441.84,,"{1: 67603, 2: 45}",,0.0,,67603.0,,45.0,,0.0,,0.0,,0.0,
2014,SH212014,HELLEN,Comoros,COM,Njazídja,COM.2_1,2014-03-27 06:00,,2014-04-01 12:00,,OFCL,,443938.0,,228408.96,,"{0: 239509, 1: 204429}",,239509.0,,204429.0,,0.0,,0.0,,0.0,,0.0,
2014,SH212014,HELLEN,Comoros,COM,Nzwani,COM.3_1,2014-03-27 06:00,,2014-04-01 12:00,,OFCL,,363755.0,,1492899.77,,"{1: 293074, 2: 70681}",,0.0,,293074.0,,70681.0,,0.0,,0.0,,0.0,
2014,SH212014,HELLEN,Madagascar,MDG,Alaotra Mangoro,MDG,,2014-03-27 06:00,,2014-04-01 12:00,,OFCL,,224379.0,,345.95,,"{0: 222017, 1: 2362}",,222017.0,,2362.0,,0.0,,0.0,,0.0,,0.0
2014,SH212014,HELLEN,Madagascar,MDG,Analamanga,MDG,,2014-03-27 06:00,,2014-04-01 12:00,,OFCL,,911118.0,,1575.8,,"{0: 903588, 1: 7530}",,903588.0,,7530.0,,0.0,,0.0,,0.0,,0.0
2014,SH212014,HELLEN,Madagascar,MDG,Analanjirofo,MDG,,2014-03-27 06:00,,2014-04-01 12:00,,OFCL,,979.0,,0.13,,{0: 979},,979.0,,0.0,,0.0,,0.0,,0.0,,0.0
2014,SH212014,HELLEN,Madagascar,MDG,Betsiboka,MDG,,2014-03-27 06:00,,2014-04-01 12:00,,OFCL,,268388.0,,78186.67,,"{0: 107247, 1: 160599, 2: 542}",,107247.0,,160599.0,,542.0,,0.0,,0.0,,0.0
2014,SH212014,HELLEN,Madagascar,MDG,Boeny,MDG,,2014-03-27 06:00,,2014-04-01 12:00,,OFCL,,1008699.0,,26441182.44,,"{0: 6089, 1: 384208, 2: 363633, 3: 254722, 4: 47}",,6089.0,,384208.0,,363633.0,,254722.0,,47.0,,0.0
2014,SH212014,HELLEN,Madagascar,MDG,Bongolava,MDG,,2014-03-27 06:00,,2014-04-01 12:00,,OFCL,,391612.0,,2749.73,,"{0: 377444, 1: 14168}",,377444.0,,14168.0,,0.0,,0.0,,0.0,,0.0
2014,SH212014,HELLEN,Madagascar,MDG,Diana,MDG,,2014-03-27 06:00,,2014-04-01 12:00,,OFCL,,11860.0,,182.02,,{0: 11860},,11860.0,,0.0,,0.0,,0.0,,0.0,,0.0
2014,SH212014,HELLEN,Madagascar,MDG,Itasy,MDG,,2014-03-27 06:00,,2014-04-01 12:00,,OFCL,,272801.0,,59.42,,{0: 272801},,272801.0,,0.0,,0.0,,0.0,,0.0,,0.0
2014,SH212014,HELLEN,Madagascar,MDG,Melaky,MDG,,2014-03-27 06:00,,2014-04-01 12:00,,OFCL,,163443.0,,212333.92,,"{0: 86970, 1: 68028, 2: 8445}",,86970.0,,68028.0,,8445.0,,0.0,,0.0,,0.0
2014,SH212014,HELLEN,Madagascar,MDG,Menabe,MDG,,2014-03-27 06:00,,2014-04-01 12:00,,OFCL,,17868.0,,73.9,,"{0: 17808, 1: 60}",,17808.0,,60.0,,0.0,,0.0,,0.0,,0.0
2014,SH212014,HELLEN,Madagascar,MDG,Sava,MDG,,2014-03-27 06:00,,2014-04-01 12:00,,OFCL,,64.0,,0.0,,{0: 64},,64.0,,0.0,,0.0,,0.0,,0.0,,0.0
2014,SH212014,HELLEN,Madagascar,MDG,Sofia,MDG,,2014-03-27 06:00,,2014-04-01 12:00,,OFCL,,955105.0,,53161.9,,"{0: 731479, 1: 223528, 2: 98}",,731479.0,,223528.0,,98.0,,0.0,,0.0,,0.0
2014,SH212014,HELLEN,Madagascar,MDG,Vakinakaratra,MDG,,2014-03-27 06:00,,2014-04-01 12:00,,OFCL,,96152.0,,1.15,,{0: 96152},,96152.0,,0.0,,0.0,,0.0,,0.0,,0.0
2014,SH212014,HELLEN,Madagascar,MDG,Antananarivo,MDG.1_1,2014-03-27 06:00,,2014-04-01 12:00,,OFCL,,3015809.0,,343586.97,,"{0: 2598224, 1: 417585}",,2598224.0,,417585.0,,0.0,,0.0,,0.0,,0.0,
2014,SH212014,HELLEN,Madagascar,MDG,Antsiranana,MDG.2_1,2014-03-27 06:00,,2014-04-01 12:00,,OFCL,,272993.0,,132962.36,,"{0: 271136, 1: 1857}",,271136.0,,1857.0,,0.0,,0.0,,0.0,,0.0,
2014,SH212014,HELLEN,Madagascar,MDG,Mahajanga,MDG.4_1,2014-03-27 06:00,,2014-04-01 12:00,,OFCL,,3475681.0,,58749951.9,,"{0: 902224, 1: 1330189, 2: 656912, 3: 565099, 4: 21173, 5: 84}",,902224.0,,1330189.0,,656912.0,,565099.0,,21173.0,,84.0,
2014,SH212014,HELLEN,Madagascar,MDG,Toamasina,MDG.5_1,2014-03-27 06:00,,2014-04-01 12:00,,OFCL,,593460.0,,35383.43,,"{0: 562671, 1: 30789}",,562671.0,,30789.0,,0.0,,0.0,,0.0,,0.0,
2014,SH212014,HELLEN,Madagascar,MDG,Toliary,MDG.6_1,2014-03-27 06:00,,2014-04-01 12:00,,OFCL,,66489.0,,4259.42,,"{0: 63806, 1: 2683}",,63806.0,,2683.0,,0.0,,0.0,,0.0,,0.0,
2014,SH212014,HELLEN,Mozambique,MOZ,Cabo Delgado,MOZ.1_1,2014-03-27 06:00,2014-03-27 06:00,2014-04-01 12:00,2014-04-01 12:00,OFCL,OFCL,796205.0,259031.0,42329.89,18.58,"{0: 728685, 1: 67520}",{0: 259031},728685.0,259031.0,67520.0,0.0,0.0,0.0,0.0,0.0,0.0,0.0,0.0,0.0
2014,SH212014,HELLEN,Mozambique,MOZ,Nampula,MOZ.7_1,2014-03-27 06:00,,2014-04-01 12:00,,OFCL,,41615.0,,184.37,,{0: 41615},,41615.0,,0.0,,0.0,,0.0,,0.0,,0.0,
2014,SH212014,HELLEN,Mayotte,MYT,Koungou,MYT.10_1,2014-03-27 06:00,,2014-04-01 12:00,,OFCL,,41150.0,,1346578.9,,{1: 41150},,0.0,,41150.0,,0.0,,0.0,,0.0,,0.0,
2014,SH212014,HELLEN,Mayotte,MYT,M'tsangamouji,MYT.11_1,2014-03-27 06:00,,2014-04-01 12:00,,OFCL,,7178.0,,202251.42,,{1: 7178},,0.0,,7178.0,,0.0,,0.0,,0.0,,0.0,
2014,SH212014,HELLEN,Mayotte,MYT,Mamoudzou,MYT.12_1,2014-03-27 06:00,,2014-04-01 12:00,,OFCL,,68646.0,,1277638.14,,"{0: 26039, 1: 42607}",,26039.0,,42607.0,,0.0,,0.0,,0.0,,0.0,
2014,SH212014,HELLEN,Mayotte,MYT,Mtsamboro,MYT.13_1,2014-03-27 06:00,,2014-04-01 12:00,,OFCL,,8487.0,,516685.91,,{1: 8487},,0.0,,8487.0,,0.0,,0.0,,0.0,,0.0,
2014,SH212014,HELLEN,Mayotte,MYT,Ouangani,MYT.14_1,2014-03-27 06:00,,2014-04-01 12:00,,OFCL,,15883.0,,54976.07,,{1: 15883},,0.0,,15883.0,,0.0,,0.0,,0.0,,0.0,
2014,SH212014,HELLEN,Mayotte,MYT,Pamandzi,MYT.15_1,2014-03-27 06:00,,2014-04-01 12:00,,OFCL,,12327.0,,1239591.11,,{1: 12327},,0.0,,12327.0,,0.0,,0.0,,0.0,,0.0,
2014,SH212014,HELLEN,Mayotte,MYT,Sada,MYT.16_1,2014-03-27 06:00,,2014-04-01 12:00,,OFCL,,12674.0,,619399.78,,{1: 12674},,0.0,,12674.0,,0.0,,0.0,,0.0,,0.0,
2014,SH212014,HELLEN,Mayotte,MYT,Tsingoni,MYT.17_1,2014-03-27 06:00,,2014-04-01 12:00,,OFCL,,13243.0,,285826.63,,"{0: 6564, 1: 6679}",,6564.0,,6679.0,,0.0,,0.0,,0.0,,0.0,
2014,SH212014,HELLEN,Mayotte,MYT,Acoua,MYT.1_1,2014-03-27 06:00,,2014-04-01 12:00,,OFCL,,4802.0,,458183.34,,{1: 4802},,0.0,,4802.0,,0.0,,0.0,,0.0,,0.0,
2014,SH212014,HELLEN,Mayotte,MYT,Bandraboua,MYT.2_1,2014-03-27 06:00,,2014-04-01 12:00,,OFCL,,12848.0,,134027.63,,{1: 12848},,0.0,,12848.0,,0.0,,0.0,,0.0,,0.0,
2014,SH212014,HELLEN,Mayotte,MYT,Bandrele,MYT.3_1,2014-03-27 06:00,,2014-04-01 12:00,,OFCL,,10462.0,,439049.6,,"{0: 1489, 1: 8973}",,1489.0,,8973.0,,0.0,,0.0,,0.0,,0.0,
2014,SH212014,HELLEN,Mayotte,MYT,Boueni,MYT.4_1,2014-03-27 06:00,,2014-04-01 12:00,,OFCL,,7614.0,,992411.39,,{1: 7614},,0.0,,7614.0,,0.0,,0.0,,0.0,,0.0,
2014,SH212014,HELLEN,Mayotte,MYT,Chiconi,MYT.5_1,2014-03-27 06:00,,2014-04-01 12:00,,OFCL,,8615.0,,311938.96,,{1: 8615},,0.0,,8615.0,,0.0,,0.0,,0.0,,0.0,
2014,SH212014,HELLEN,Mayotte,MYT,Chirongui,MYT.6_1,2014-03-27 06:00,,2014-04-01 12:00,,OFCL,,10610.0,,179811.56,,{1: 10610},,0.0,,10610.0,,0.0,,0.0,,0.0,,0.0,
2014,SH212014,HELLEN,Mayotte,MYT,Dembeni,MYT.7_1,2014-03-27 06:00,,2014-04-01 12:00,,OFCL,,14271.0,,2567.26,,"{0: 13471, 1: 800}",,13471.0,,800.0,,0.0,,0.0,,0.0,,0.0,
2014,SH212014,HELLEN,Mayotte,MYT,Dzaoudzi,MYT.8_1,2014-03-27 06:00,,2014-04-01 12:00,,OFCL,,16147.0,,1799575.89,,{1: 16147},,0.0,,16147.0,,0.0,,0.0,,0.0,,0.0,
2014,SH212014,HELLEN,Mayotte,MYT,Kani-Keli,MYT.9_1,2014-03-27 06:00,,2014-04-01 12:00,,OFCL,,5443.0,,246780.47,,{1: 5443},,0.0,,5443.0,,0.0,,0.0,,0.0,,0.0,
2014,SH212014,HELLEN,Mayotte,MYT,,No Adm1,,2014-03-27 06:00,,2014-04-01 12:00,,OFCL,,256777.0,,1152405.12,,"{0: 35807, 1: 220970}",,35807.0,,220970.0,,0.0,,0.0,,0.0,,0.0
2015,SH052015,BANSI,Mauritius,MUS,Riviere Du Rempart,MUS,,2015-01-09 06:00,,2015-01-18 12:00,,OFCL,,118333.0,,11157.41,,"{0: 116106, 1: 2227}",,116106.0,,2227.0,,0.0,,0.0,,0.0,,0.0
2015,SH052015,BANSI,Mauritius,MUS,Rodriguez,MUS.10_1,2015-01-09 06:00,,2015-01-18 12:00,,OFCL,,44652.0,,4543165.72,,{2: 44652},,0.0,,0.0,,44652.0,,0.0,,0.0,,0.0,
2015,SH052015,BANSI,Mauritius,MUS,Savanne,MUS.12_1,2015-01-09 06:00,2015-01-09 06:00,2015-01-18 12:00,2015-01-18 12:00,OFCL,OFCL,17840.0,48604.0,182.42,708.72,{0: 17840},{0: 48604},17840.0,48604.0,0.0,0.0,0.0,0.0,0.0,0.0,0.0,0.0,0.0,0.0
2015,SH052015,BANSI,Mauritius,MUS,Black River,MUS.2_1,2015-01-09 06:00,2015-01-09 06:00,2015-01-18 12:00,2015-01-18 12:00,OFCL,OFCL,12651.0,50148.0,17.52,229.27,{0: 12651},{0: 50148},12651.0,50148.0,0.0,0.0,0.0,0.0,0.0,0.0,0.0,0.0,0.0,0.0
2015,SH052015,BANSI,Mauritius,MUS,Flacq,MUS.3_1,2015-01-09 06:00,2015-01-09 06:00,2015-01-18 12:00,2015-01-18 12:00,OFCL,OFCL,73177.0,130235.0,4116.88,5350.47,{0: 73177},{0: 130235},73177.0,130235.0,0.0,0.0,0.0,0.0,0.0,0.0,0.0,0.0,0.0,0.0
2015,SH052015,BANSI,Mauritius,MUS,Grand Port,MUS.4_1,2015-01-09 06:00,2015-01-09 06:00,2015-01-18 12:00,2015-01-18 12:00,OFCL,OFCL,42885.0,88802.0,50841.59,1472.95,{0: 42885},{0: 88802},42885.0,88802.0,0.0,0.0,0.0,0.0,0.0,0.0,0.0,0.0,0.0,0.0
2015,SH052015,BANSI,Mauritius,MUS,Moka,MUS.5_1,2015-01-09 06:00,2015-01-09 06:00,2015-01-18 12:00,2015-01-18 12:00,OFCL,OFCL,37637.0,106320.0,1164.39,1670.41,{0: 37637},{0: 106320},37637.0,106320.0,0.0,0.0,0.0,0.0,0.0,0.0,0.0,0.0,0.0,0.0
2015,SH052015,BANSI,Mauritius,MUS,Pamplemousses,MUS.6_1,2015-01-09 06:00,2015-01-09 06:00,2015-01-18 12:00,2015-01-18 12:00,OFCL,OFCL,59454.0,129781.0,1360.12,1957.66,{0: 59454},{0: 129781},59454.0,129781.0,0.0,0.0,0.0,0.0,0.0,0.0,0.0,0.0,0.0,0.0
2015,SH052015,BANSI,Mauritius,MUS,Plaines Wilhems,MUS.7_1,2015-01-09 06:00,2015-01-09 06:00,2015-01-18 12:00,2015-01-18 12:00,OFCL,OFCL,35521.0,114741.0,725.78,72.3,{0: 35521},{0: 114741},35521.0,114741.0,0.0,0.0,0.0,0.0,0.0,0.0,0.0,0.0,0.0,0.0
2015,SH052015,BANSI,Mauritius,MUS,Port Louis,MUS.8_1,2015-01-09 06:00,2015-01-09 06:00,2015-01-18 12:00,2015-01-18 12:00,OFCL,OFCL,3583.0,26738.0,21.68,21.93,{0: 3583},{0: 26738},3583.0,26738.0,0.0,0.0,0.0,0.0,0.0,0.0,0.0,0.0,0.0,0.0
2015,SH052015,BANSI,Mauritius,MUS,Rivière du Rempart,MUS.9_1,2015-01-09 06:00,,2015-01-18 12:00,,OFCL,,74921.0,,14588.12,,"{0: 71449, 1: 3472}",,71449.0,,3472.0,,0.0,,0.0,,0.0,,0.0,
2015,SH052015,BANSI,Mauritius,MUS,,No Adm1,,2015-01-09 06:00,,2015-01-18 12:00,,OFCL,,43832.0,,11693014.87,,"{0: 307, 2: 43525}",,307.0,,0.0,,43525.0,,0.0,,0.0,,0.0
2015,SH052015,BANSI,Reunion,REU,Arrondissement_du_vent,REU,,2015-01-09 06:00,,2015-01-18 12:00,,OFCL,,2655.0,,0.06,,{0: 2655},,2655.0,,0.0,,0.0,,0.0,,0.0,,0.0
2015,SH052015,BANSI,Reunion,REU,Arrondissement_souse_le_vent,REU,,2015-01-09 06:00,,2015-01-18 12:00,,OFCL,,5038.0,,0.35,,{0: 5038},,5038.0,,0.0,,0.0,,0.0,,0.0,,0.0
2015,SH062015,CHEDZA,Madagascar,MDG,Amoron'i Mania,MDG,,2015-01-15 12:00,,2015-01-21 00:00,,OFCL,,586902.0,,151954.04,,"{0: 255398, 1: 331504}",,255398.0,,331504.0,,0.0,,0.0,,0.0,,0.0
2015,SH062015,CHEDZA,Madagascar,MDG,Atsimo Andrefana,MDG,,2015-01-15 12:00,,2015-01-21 00:00,,OFCL,,2222.0,,29.67,,{0: 2222},,2222.0,,0.0,,0.0,,0.0,,0.0,,0.0
2015,SH062015,CHEDZA,Madagascar,MDG,Atsinanana,MDG,,2015-01-15 12:00,,2015-01-21 00:00,,OFCL,,6691.0,,8.33,,{0: 6691},,6691.0,,0.0,,0.0,,0.0,,0.0,,0.0
2015,SH062015,CHEDZA,Madagascar,MDG,Bongolava,MDG,,2015-01-15 12:00,,2015-01-21 00:00,,OFCL,,394711.0,,916.56,,"{0: 388755, 1: 5956}",,388755.0,,5956.0,,0.0,,0.0,,0.0,,0.0
2015,SH062015,CHEDZA,Madagascar,MDG,Haute Matsiatra,MDG,,2015-01-15 12:00,,2015-01-21 00:00,,OFCL,,733821.0,,46485.86,,"{0: 600632, 1: 133189}",,600632.0,,133189.0,,0.0,,0.0,,0.0,,0.0
2015,SH062015,CHEDZA,Madagascar,MDG,Itasy,MDG,,2015-01-15 12:00,,2015-01-21 00:00,,OFCL,,384767.0,,153.77,,{0: 384767},,384767.0,,0.0,,0.0,,0.0,,0.0,,0.0
2015,SH062015,CHEDZA,Madagascar,MDG,Melaky,MDG,,2015-01-15 12:00,,2015-01-21 00:00,,OFCL,,161545.0,,14256.68,,"{0: 120615, 1: 40930}",,120615.0,,40930.0,,0.0,,0.0,,0.0,,0.0
2015,SH062015,CHEDZA,Madagascar,MDG,Menabe,MDG,,2015-01-15 12:00,,2015-01-21 00:00,,OFCL,,685875.0,,226690.55,,"{0: 112811, 1: 570493, 2: 2571}",,112811.0,,570493.0,,2571.0,,0.0,,0.0,,0.0
2015,SH062015,CHEDZA,Madagascar,MDG,Vakinakaratra,MDG,,2015-01-15 12:00,,2015-01-21 00:00,,OFCL,,1088709.0,,18026.65,,"{0: 994829, 1: 93880}",,994829.0,,93880.0,,0.0,,0.0,,0.0,,0.0
2015,SH062015,CHEDZA,Madagascar,MDG,Vatovavy Fitovinany,MDG,,2015-01-15 12:00,,2015-01-21 00:00,,OFCL,,337450.0,,77.72,,{0: 337450},,337450.0,,0.0,,0.0,,0.0,,0.0,,0.0
2015,SH062015,CHEDZA,Madagascar,MDG,Antananarivo,MDG.1_1,2015-01-15 12:00,,2015-01-21 00:00,,OFCL,,3991436.0,,800236.17,,"{0: 2808034, 1: 1183402}",,2808034.0,,1183402.0,,0.0,,0.0,,0.0,,0.0,
2015,SH062015,CHEDZA,Madagascar,MDG,Fianarantsoa,MDG.3_1,2015-01-15 12:00,,2015-01-21 00:00,,OFCL,,2923459.0,,1764288.18,,"{0: 1875153, 1: 1000121, 2: 48185}",,1875153.0,,1000121.0,,48185.0,,0.0,,0.0,,0.0,
2015,SH062015,CHEDZA,Madagascar,MDG,Mahajanga,MDG.4_1,2015-01-15 12:00,,2015-01-21 00:00,,OFCL,,323139.0,,237202.47,,"{0: 148731, 1: 172796, 2: 1612}",,148731.0,,172796.0,,1612.0,,0.0,,0.0,,0.0,
2015,SH062015,CHEDZA,Madagascar,MDG,Toamasina,MDG.5_1,2015-01-15 12:00,,2015-01-21 00:00,,OFCL,,15628.0,,162.01,,"{0: 15439, 1: 189}",,15439.0,,189.0,,0.0,,0.0,,0.0,,0.0,
2015,SH062015,CHEDZA,Madagascar,MDG,Toliary,MDG.6_1,2015-01-15 12:00,,2015-01-21 00:00,,OFCL,,965159.0,,6276606.74,,"{0: 70299, 1: 522533, 2: 372327}",,70299.0,,522533.0,,372327.0,,0.0,,0.0,,0.0,
2015,SH112015,FUNDI,Madagascar,MDG,Androy,MDG,,2015-02-05 18:00,,2015-02-10 06:00,,OFCL,,2238.0,,0.06,,{0: 2238},,2238.0,,0.0,,0.0,,0.0,,0.0,,0.0
2015,SH112015,FUNDI,Madagascar,MDG,Atsimo Andrefana,MDG,,2015-02-05 18:00,,2015-02-10 06:00,,OFCL,,687170.0,,3626.33,,"{0: 671198, 1: 15972}",,671198.0,,15972.0,,0.0,,0.0,,0.0,,0.0
2015,SH112015,FUNDI,Madagascar,MDG,Toliary,MDG.6_1,2015-02-05 18:00,,2015-02-10 06:00,,OFCL,,1209079.0,,319827.14,,"{0: 751410, 1: 457669}",,751410.0,,457669.0,,0.0,,0.0,,0.0,,0.0,
2015,SH152015,FIFTEEN,Madagascar,MDG,Bongolava,MDG,,2015-03-04 06:00,,2015-03-09 00:00,,OFCL,,56350.0,,1.95,,{0: 56350},,56350.0,,0.0,,0.0,,0.0,,0.0,,0.0
2015,SH152015,FIFTEEN,Madagascar,MDG,Melaky,MDG,,2015-03-04 06:00,,2015-03-09 00:00,,OFCL,,187.0,,0.01,,{0: 187},,187.0,,0.0,,0.0,,0.0,,0.0,,0.0
2015,SH152015,FIFTEEN,Madagascar,MDG,Menabe,MDG,,2015-03-04 06:00,,2015-03-09 00:00,,OFCL,,5171.0,,0.35,,{0: 5171},,5171.0,,0.0,,0.0,,0.0,,0.0,,0.0
2015,SH152015,FIFTEEN,Madagascar,MDG,Antananarivo,MDG.1_1,2015-03-04 06:00,,2015-03-09 00:00,,OFCL,,284889.0,,8407.48,,"{0: 284384, 1: 505}",,284384.0,,505.0,,0.0,,0.0,,0.0,,0.0,
2015,SH152015,FIFTEEN,Madagascar,MDG,Mahajanga,MDG.4_1,2015-03-04 06:00,,2015-03-09 00:00,,OFCL,,81361.0,,629.21,,{0: 81361},,81361.0,,0.0,,0.0,,0.0,,0.0,,0.0,
2015,SH152015,FIFTEEN,Madagascar,MDG,Toliary,MDG.6_1,2015-03-04 06:00,,2015-03-09 00:00,,OFCL,,32577.0,,355.63,,{0: 32577},,32577.0,,0.0,,0.0,,0.0,,0.0,,0.0,
2015,SH152015,FIFTEEN,Mozambique,MOZ,Nampula,MOZ.7_1,2015-03-04 06:00,,2015-03-09 00:00,,OFCL,,163039.0,,437.79,,{0: 163039},,163039.0,,0.0,,0.0,,0.0,,0.0,,0.0,
2015,SH162015,HALIBA,Madagascar,MDG,Analanjirofo,MDG,,2015-03-06 12:00,,2015-03-11 12:00,,OFCL,,513.0,,0.0,,{0: 513},,513.0,,0.0,,0.0,,0.0,,0.0,,0.0
2015,SH162015,HALIBA,Madagascar,MDG,Atsinanana,MDG,,2015-03-06 12:00,,2015-03-11 12:00,,OFCL,,1633.0,,0.03,,{0: 1633},,1633.0,,0.0,,0.0,,0.0,,0.0,,0.0
2015,SH162015,HALIBA,Madagascar,MDG,Antananarivo,MDG.1_1,2015-03-06 12:00,,2015-03-11 12:00,,OFCL,,1210.0,,0.36,,{0: 1210},,1210.0,,0.0,,0.0,,0.0,,0.0,,0.0,
2015,SH162015,HALIBA,Madagascar,MDG,Toamasina,MDG.5_1,2015-03-06 12:00,,2015-03-11 12:00,,OFCL,,433450.0,,2172.69,,{0: 433450},,433450.0,,0.0,,0.0,,0.0,,0.0,,0.0,
2015,SH162015,HALIBA,Reunion,REU,Arrondissement_du_vent,REU,,2015-03-06 12:00,,2015-03-11 12:00,,OFCL,,179926.0,,1512.72,,"{0: 178098, 1: 1828}",,178098.0,,1828.0,,0.0,,0.0,,0.0,,0.0
2015,SH162015,HALIBA,Reunion,REU,Arrondissement_souse_le_vent,REU,,2015-03-06 12:00,,2015-03-11 12:00,,OFCL,,417215.0,,107783.3,,"{0: 340787, 1: 76428}",,340787.0,,76428.0,,0.0,,0.0,,0.0,,0.0
2015,SH162015,HALIBA,Reunion,REU,Saint-Benoît,REU.1_1,2015-03-06 12:00,,2015-03-11 12:00,,OFCL,,9874.0,,1366.69,,"{0: 9763, 1: 111}",,9763.0,,111.0,,0.0,,0.0,,0.0,,0.0,
2015,SH162015,HALIBA,Reunion,REU,Saint-Denis,REU.2_1,2015-03-06 12:00,,2015-03-11 12:00,,OFCL,,47212.0,,13118.19,,"{0: 46054, 1: 1158}",,46054.0,,1158.0,,0.0,,0.0,,0.0,,0.0,
2015,SH162015,HALIBA,Reunion,REU,Saint-Paul,REU.3_1,2015-03-06 12:00,,2015-03-11 12:00,,OFCL,,171866.0,,327006.44,,"{0: 100329, 1: 71537}",,100329.0,,71537.0,,0.0,,0.0,,0.0,,0.0,
2015,SH162015,HALIBA,Reunion,REU,Saint-Pierre,REU.4_1,2015-03-06 12:00,,2015-03-11 12:00,,OFCL,,91279.0,,72950.87,,"{0: 77738, 1: 13541}",,77738.0,,13541.0,,0.0,,0.0,,0.0,,0.0,
2016,SH012016,ABELA,Madagascar,MDG,Antsiranana,MDG.2_1,2016-07-14 12:00,,2016-07-20 12:00,,OFCL,,43459.0,,2621.49,,"{0: 41245, 1: 2214}",,41245.0,,2214.0,,0.0,,0.0,,0.0,,0.0,
2016,SH012016,ABELA,Madagascar,MDG,Toamasina,MDG.5_1,2016-07-14 12:00,,2016-07-20 12:00,,OFCL,,5807.0,,4.1,,{0: 5807},,5807.0,,0.0,,0.0,,0.0,,0.0,,0.0,
2016,SH192016,FANTALA,Madagascar,MDG,Antsiranana,MDG.2_1,2016-04-11 00:00,,2016-04-25 12:00,,OFCL,,19313.0,,24095.36,,{0: 19313},,19313.0,,0.0,,0.0,,0.0,,0.0,,0.0,
2016,SH192016,FANTALA,Mauritius,MUS,Agalega Islands,MUS.1_1,2016-04-11 00:00,,2016-04-25 12:00,,OFCL,,262.0,,18.59,,{0: 262},,262.0,,0.0,,0.0,,0.0,,0.0,,0.0,
2016,SH192016,FANTALA,Seychelles,SYC,Aldabra,SYC,,2016-04-11 00:00,,2016-04-25 12:00,,OFCL,,0.0,,349332.05,,{4: 0},,0.0,,0.0,,0.0,,0.0,,0.0,,0.0
2016,SH192016,FANTALA,Seychelles,SYC,Assumption,SYC,,2016-04-11 00:00,,2016-04-25 12:00,,OFCL,,0.0,,2.54,,{0: 0},,0.0,,0.0,,0.0,,0.0,,0.0,,0.0
2016,SH192016,FANTALA,Seychelles,SYC,Astove,SYC,,2016-04-11 00:00,,2016-04-25 12:00,,OFCL,,2.0,,15.12,,{0: 2},,2.0,,0.0,,0.0,,0.0,,0.0,,0.0
2016,SH192016,FANTALA,Seychelles,SYC,Cosmoledo,SYC,,2016-04-11 00:00,,2016-04-25 12:00,,OFCL,,1.0,,116215.45,,"{0: 1, 4: 0}",,1.0,,0.0,,0.0,,0.0,,0.0,,0.0
2016,SH192016,FANTALA,Seychelles,SYC,Farquhar,SYC,,2016-04-11 00:00,,2016-04-25 12:00,,OFCL,,10.0,,10110639.27,,"{0: 0, 5: 10}",,0.0,,0.0,,0.0,,0.0,,0.0,,10.0
2016,SH192016,FANTALA,Seychelles,SYC,Grand Anse Mahe,SYC,,2016-04-11 00:00,,2016-04-25 12:00,,OFCL,,0.0,,150905.06,,{5: 0},,0.0,,0.0,,0.0,,0.0,,0.0,,0.0
2016,SH192016,FANTALA,Seychelles,SYC,Providence,SYC,,2016-04-11 00:00,,2016-04-25 12:00,,OFCL,,1.0,,555552.78,,{4: 1},,0.0,,0.0,,0.0,,0.0,,1.0,,0.0
2016,SH192016,FANTALA,Seychelles,SYC,Outer Islands,SYC.20_1,2016-04-11 00:00,,2016-04-25 12:00,,OFCL,,90.0,,1357250.55,,"{0: 47, 4: 8, 5: 35}",,47.0,,0.0,,0.0,,0.0,,8.0,,35.0,
2016,SH192016,FANTALA,Tanzania,TZA,Arusha,TZA,,2016-04-11 00:00,,2016-04-25 12:00,,OFCL,,0.0,,25.61,,{0: 0},,0.0,,0.0,,0.0,,0.0,,0.0,,0.0
2017,SH042017,CARLOS,Mauritius,MUS,Riviere Du Rempart,MUS,,2017-02-02 06:00,,2017-02-13 00:00,,OFCL,,93417.0,,909.21,,{0: 93417},,93417.0,,0.0,,0.0,,0.0,,0.0,,0.0
2017,SH042017,CARLOS,Mauritius,MUS,Savanne,MUS.12_1,,2017-02-02 06:00,,2017-02-13 00:00,,OFCL,,9427.0,,21247.07,,{0: 9427},,9427.0,,0.0,,0.0,,0.0,,0.0,,0.0
2017,SH042017,CARLOS,Mauritius,MUS,Black River,MUS.2_1,2017-02-02 06:00,2017-02-02 06:00,2017-02-13 00:00,2017-02-13 00:00,OFCL,OFCL,931.0,35512.0,1.41,699237.35,{0: 931},{0: 35512},931.0,35512.0,0.0,0.0,0.0,0.0,0.0,0.0,0.0,0.0,0.0,0.0
2017,SH042017,CARLOS,Mauritius,MUS,Flacq,MUS.3_1,2017-02-02 06:00,2017-02-02 06:00,2017-02-13 00:00,2017-02-13 00:00,OFCL,OFCL,2952.0,98856.0,2.86,110.46,{0: 2952},{0: 98856},2952.0,98856.0,0.0,0.0,0.0,0.0,0.0,0.0,0.0,0.0,0.0,0.0
2017,SH042017,CARLOS,Mauritius,MUS,Grand Port,MUS.4_1,,2017-02-02 06:00,,2017-02-13 00:00,,OFCL,,33438.0,,9.72,,{0: 33438},,33438.0,,0.0,,0.0,,0.0,,0.0,,0.0
2017,SH042017,CARLOS,Mauritius,MUS,Moka,MUS.5_1,,2017-02-02 06:00,,2017-02-13 00:00,,OFCL,,77701.0,,43.57,,{0: 77701},,77701.0,,0.0,,0.0,,0.0,,0.0,,0.0
2017,SH042017,CARLOS,Mauritius,MUS,Pamplemousses,MUS.6_1,2017-02-02 06:00,2017-02-02 06:00,2017-02-13 00:00,2017-02-13 00:00,OFCL,OFCL,3589.0,96111.0,16.48,154.34,{0: 3589},{0: 96111},3589.0,96111.0,0.0,0.0,0.0,0.0,0.0,0.0,0.0,0.0,0.0,0.0
2017,SH042017,CARLOS,Mauritius,MUS,Plaines Wilhems,MUS.7_1,2017-02-02 06:00,2017-02-02 06:00,2017-02-13 00:00,2017-02-13 00:00,OFCL,OFCL,780.0,58379.0,0.13,929.47,{0: 780},{0: 58379},780.0,58379.0,0.0,0.0,0.0,0.0,0.0,0.0,0.0,0.0,0.0,0.0
2017,SH042017,CARLOS,Mauritius,MUS,Port Louis,MUS.8_1,,2017-02-02 06:00,,2017-02-13 00:00,,OFCL,,10812.0,,6.79,,{0: 10812},,10812.0,,0.0,,0.0,,0.0,,0.0,,0.0
2017,SH042017,CARLOS,Mauritius,MUS,Rivière du Rempart,MUS.9_1,2017-02-02 06:00,,2017-02-13 00:00,,OFCL,,40881.0,,971.34,,{0: 40881},,40881.0,,0.0,,0.0,,0.0,,0.0,,0.0,
2017,SH042017,CARLOS,Mauritius,MUS,,No Adm1,,2017-02-02 06:00,,2017-02-13 00:00,,OFCL,,307.0,,1.54,,{0: 307},,307.0,,0.0,,0.0,,0.0,,0.0,,0.0
2017,SH042017,CARLOS,Reunion,REU,Arrondissement_du_vent,REU,,2017-02-02 06:00,,2017-02-13 00:00,,OFCL,,256348.0,,47848.02,,"{0: 162576, 1: 93772}",,162576.0,,93772.0,,0.0,,0.0,,0.0,,0.0
2017,SH042017,CARLOS,Reunion,REU,Arrondissement_souse_le_vent,REU,,2017-02-02 06:00,,2017-02-13 00:00,,OFCL,,292292.0,,55735.09,,"{0: 262550, 1: 29742}",,262550.0,,29742.0,,0.0,,0.0,,0.0,,0.0
2017,SH042017,CARLOS,Reunion,REU,Saint-Benoît,REU.1_1,2017-02-02 06:00,,2017-02-13 00:00,,OFCL,,80633.0,,19591.8,,"{0: 80109, 1: 524}",,80109.0,,524.0,,0.0,,0.0,,0.0,,0.0,
2017,SH042017,CARLOS,Reunion,REU,Saint-Denis,REU.2_1,2017-02-02 06:00,,2017-02-13 00:00,,OFCL,,255858.0,,1444186.03,,"{0: 125317, 1: 130541}",,125317.0,,130541.0,,0.0,,0.0,,0.0,,0.0,
2017,SH042017,CARLOS,Reunion,REU,Saint-Paul,REU.3_1,2017-02-02 06:00,,2017-02-13 00:00,,OFCL,,60684.0,,51346.35,,"{0: 60304, 1: 380}",,60304.0,,380.0,,0.0,,0.0,,0.0,,0.0,
2017,SH042017,CARLOS,Reunion,REU,Saint-Pierre,REU.4_1,2017-02-02 06:00,,2017-02-13 00:00,,OFCL,,6734.0,,7556.23,,"{0: 5339, 1: 1395}",,5339.0,,1395.0,,0.0,,0.0,,0.0,,0.0,
2017,SH052017,DINEO,Mozambique,MOZ,Maputo (city),MOZ,,2017-02-11 18:00,,2017-02-16 18:00,,OFCL,,146612.0,,856.17,,{0: 146612},,146612.0,,0.0,,0.0,,0.0,,0.0,,0.0
2017,SH052017,DINEO,Mozambique,MOZ,Gaza,MOZ.2_1,2017-02-11 18:00,2017-02-11 18:00,2017-02-16 18:00,2017-02-16 18:00,OFCL,OFCL,1525477.0,1394414.0,7786631.29,1742803.88,"{0: 32835, 1: 1173575, 2: 312704, 3: 6363}","{0: 204249, 1: 1159731, 2: 30434}",32835.0,204249.0,1173575.0,1159731.0,312704.0,30434.0,6363.0,0.0,0.0,0.0,0.0,0.0
2017,SH052017,DINEO,Mozambique,MOZ,Inhambane,MOZ.3_1,2017-02-11 18:00,2017-02-11 18:00,2017-02-16 18:00,2017-02-16 18:00,OFCL,OFCL,1479421.0,1323378.0,132411718.59,56461563.55,"{0: 71878, 1: 183888, 2: 328605, 3: 848959, 4: 46091}","{0: 100667, 1: 229233, 2: 441068, 3: 552410}",71878.0,100667.0,183888.0,229233.0,328605.0,441068.0,848959.0,552410.0,46091.0,0.0,0.0,0.0
2017,SH052017,DINEO,Mozambique,MOZ,Manica,MOZ.4_1,2017-02-11 18:00,2017-02-11 18:00,2017-02-16 18:00,2017-02-16 18:00,OFCL,OFCL,25510.0,48.0,243.88,0.0,{0: 25510},{0: 48},25510.0,48.0,0.0,0.0,0.0,0.0,0.0,0.0,0.0,0.0,0.0,0.0
2017,SH052017,DINEO,Mozambique,MOZ,Maputo City,MOZ.5_1,2017-02-11 18:00,,2017-02-16 18:00,,OFCL,,407084.0,,63364.11,,{0: 407084},,407084.0,,0.0,,0.0,,0.0,,0.0,,0.0,
2017,SH052017,DINEO,Mozambique,MOZ,Maputo,MOZ.6_1,2017-02-11 18:00,2017-02-11 18:00,2017-02-16 18:00,2017-02-16 18:00,OFCL,OFCL,731715.0,356824.0,133989.37,1358.36,"{0: 554337, 1: 177378}","{0: 356556, 1: 268}",554337.0,356556.0,177378.0,268.0,0.0,0.0,0.0,0.0,0.0,0.0,0.0,0.0
2017,SH052017,DINEO,Mozambique,MOZ,Sofala,MOZ.9_1,2017-02-11 18:00,,2017-02-16 18:00,,OFCL,,3289.0,,11.37,,{0: 3289},,3289.0,,0.0,,0.0,,0.0,,0.0,,0.0,
2017,SH092017,ENAWO,Madagascar,MDG,Alaotra Mangoro,MDG,,2017-03-02 06:00,,2017-03-10 12:00,,OFCL,,1020851.0,,18234225.11,,"{0: 30486, 1: 200750, 2: 775582, 3: 14033}",,30486.0,,200750.0,,775582.0,,14033.0,,0.0,,0.0
2017,SH092017,ENAWO,Madagascar,MDG,Amoron'i Mania,MDG,,2017-03-02 06:00,,2017-03-10 12:00,,OFCL,,653925.0,,193629.54,,"{0: 236645, 1: 417280}",,236645.0,,417280.0,,0.0,,0.0,,0.0,,0.0
2017,SH092017,ENAWO,Madagascar,MDG,Analamanga,MDG,,2017-03-02 06:00,,2017-03-10 12:00,,OFCL,,4679099.0,,16904146.35,,"{0: 12, 1: 1313884, 2: 3365203}",,12.0,,1313884.0,,3365203.0,,0.0,,0.0,,0.0
2017,SH092017,ENAWO,Madagascar,MDG,Analanjirofo,MDG,,2017-03-02 06:00,,2017-03-10 12:00,,OFCL,,1464470.0,,104051408.14,,"{1: 375212, 2: 659552, 3: 406842, 4: 22864}",,0.0,,375212.0,,659552.0,,406842.0,,22864.0,,0.0
2017,SH092017,ENAWO,Madagascar,MDG,Androy,MDG,,2017-03-02 06:00,,2017-03-10 12:00,,OFCL,,1128834.0,,94481.34,,"{0: 360232, 1: 768602}",,360232.0,,768602.0,,0.0,,0.0,,0.0,,0.0
2017,SH092017,ENAWO,Madagascar,MDG,Anosy,MDG,,2017-03-02 06:00,,2017-03-10 12:00,,OFCL,,640218.0,,190737.81,,"{0: 109327, 1: 529376, 2: 1515}",,109327.0,,529376.0,,1515.0,,0.0,,0.0,,0.0
2017,SH092017,ENAWO,Madagascar,MDG,Atsimo Andrefana,MDG,,2017-03-02 06:00,,2017-03-10 12:00,,OFCL,,510633.0,,3714.95,,"{0: 508242, 1: 2391}",,508242.0,,2391.0,,0.0,,0.0,,0.0,,0.0
2017,SH092017,ENAWO,Madagascar,MDG,Atsimo Atsinanana,MDG,,2017-03-02 06:00,,2017-03-10 12:00,,OFCL,,1234260.0,,101231.38,,"{0: 867866, 1: 362689, 2: 3705}",,867866.0,,362689.0,,3705.0,,0.0,,0.0,,0.0
2017,SH092017,ENAWO,Madagascar,MDG,Atsinanana,MDG,,2017-03-02 06:00,,2017-03-10 12:00,,OFCL,,976494.0,,155936.97,,"{0: 418850, 1: 557116, 2: 528}",,418850.0,,557116.0,,528.0,,0.0,,0.0,,0.0
2017,SH092017,ENAWO,Madagascar,MDG,Betsiboka,MDG,,2017-03-02 06:00,,2017-03-10 12:00,,OFCL,,281605.0,,2462300.6,,"{0: 289, 1: 199127, 2: 82163, 3: 26}",,289.0,,199127.0,,82163.0,,26.0,,0.0,,0.0
2017,SH092017,ENAWO,Madagascar,MDG,Boeny,MDG,,2017-03-02 06:00,,2017-03-10 12:00,,OFCL,,1007386.0,,198407.37,,"{0: 88088, 1: 919298}",,88088.0,,919298.0,,0.0,,0.0,,0.0,,0.0
2017,SH092017,ENAWO,Madagascar,MDG,Bongolava,MDG,,2017-03-02 06:00,,2017-03-10 12:00,,OFCL,,598226.0,,974264.18,,"{0: 55546, 1: 463222, 2: 79458}",,55546.0,,463222.0,,79458.0,,0.0,,0.0,,0.0
2017,SH092017,ENAWO,Madagascar,MDG,Diana,MDG,,2017-03-02 06:00,,2017-03-10 12:00,,OFCL,,862898.0,,2763623.86,,"{0: 23274, 1: 695708, 2: 128389, 3: 15527}",,23274.0,,695708.0,,128389.0,,15527.0,,0.0,,0.0
2017,SH092017,ENAWO,Madagascar,MDG,Haute Matsiatra,MDG,,2017-03-02 06:00,,2017-03-10 12:00,,OFCL,,1143379.0,,241406.62,,"{0: 402436, 1: 740943}",,402436.0,,740943.0,,0.0,,0.0,,0.0,,0.0
2017,SH092017,ENAWO,Madagascar,MDG,Ihorombe,MDG,,2017-03-02 06:00,,2017-03-10 12:00,,OFCL,,451524.0,,37212.19,,"{0: 231426, 1: 220098}",,231426.0,,220098.0,,0.0,,0.0,,0.0,,0.0
2017,SH092017,ENAWO,Madagascar,MDG,Itasy,MDG,,2017-03-02 06:00,,2017-03-10 12:00,,OFCL,,736723.0,,3532288.06,,"{0: 6419, 1: 407759, 2: 322545}",,6419.0,,407759.0,,322545.0,,0.0,,0.0,,0.0
2017,SH092017,ENAWO,Madagascar,MDG,Melaky,MDG,,2017-03-02 06:00,,2017-03-10 12:00,,OFCL,,90093.0,,11849.32,,"{0: 65612, 1: 24481}",,65612.0,,24481.0,,0.0,,0.0,,0.0,,0.0
2017,SH092017,ENAWO,Madagascar,MDG,Menabe,MDG,,2017-03-02 06:00,,2017-03-10 12:00,,OFCL,,163763.0,,2506.72,,"{0: 158386, 1: 5377}",,158386.0,,5377.0,,0.0,,0.0,,0.0,,0.0
2017,SH092017,ENAWO,Madagascar,MDG,Sava,MDG,,2017-03-02 06:00,,2017-03-10 12:00,,OFCL,,1024725.0,,533146775.02,,"{1: 18727, 2: 137571, 3: 491033, 4: 372628, 5: 4766}",,0.0,,18727.0,,137571.0,,491033.0,,372628.0,,4766.0
2017,SH092017,ENAWO,Madagascar,MDG,Sofia,MDG,,2017-03-02 06:00,,2017-03-10 12:00,,OFCL,,1485929.0,,114660300.64,,"{0: 114, 1: 615477, 2: 450756, 3: 387985, 4: 31597}",,114.0,,615477.0,,450756.0,,387985.0,,31597.0,,0.0
2017,SH092017,ENAWO,Madagascar,MDG,Vakinakaratra,MDG,,2017-03-02 06:00,,2017-03-10 12:00,,OFCL,,1831509.0,,2948127.83,,"{0: 168476, 1: 1523494, 2: 139539}",,168476.0,,1523494.0,,139539.0,,0.0,,0.0,,0.0
2017,SH092017,ENAWO,Madagascar,MDG,Vatovavy Fitovinany,MDG,,2017-03-02 06:00,,2017-03-10 12:00,,OFCL,,613332.0,,494.05,,"{0: 610421, 1: 2911}",,610421.0,,2911.0,,0.0,,0.0,,0.0,,0.0
2017,SH092017,ENAWO,Madagascar,MDG,Antananarivo,MDG.1_1,2017-03-02 06:00,,2017-03-10 12:00,,OFCL,,7957948.0,,109480869.79,,"{0: 3247, 1: 1054580, 2: 6067831, 3: 832290}",,3247.0,,1054580.0,,6067831.0,,832290.0,,0.0,,0.0,
2017,SH092017,ENAWO,Madagascar,MDG,Antsiranana,MDG.2_1,2017-03-02 06:00,,2017-03-10 12:00,,OFCL,,2123061.0,,456671027.34,,"{1: 309171, 2: 661468, 3: 390053, 4: 543346, 5: 219023}",,0.0,,309171.0,,661468.0,,390053.0,,543346.0,,219023.0,
2017,SH092017,ENAWO,Madagascar,MDG,Fianarantsoa,MDG.3_1,2017-03-02 06:00,,2017-03-10 12:00,,OFCL,,5694478.0,,6820871.85,,"{0: 1982562, 1: 3511897, 2: 200019}",,1982562.0,,3511897.0,,200019.0,,0.0,,0.0,,0.0,
2017,SH092017,ENAWO,Madagascar,MDG,Mahajanga,MDG.4_1,2017-03-02 06:00,,2017-03-10 12:00,,OFCL,,3717187.0,,137106534.74,,"{0: 377959, 1: 1278929, 2: 1252925, 3: 642441, 4: 161148, 5: 3785}",,377959.0,,1278929.0,,1252925.0,,642441.0,,161148.0,,3785.0,
2017,SH092017,ENAWO,Madagascar,MDG,Toamasina,MDG.5_1,2017-03-02 06:00,,2017-03-10 12:00,,OFCL,,3676313.0,,187012988.25,,"{0: 110523, 1: 914845, 2: 1168799, 3: 1232657, 4: 248539, 5: 950}",,110523.0,,914845.0,,1168799.0,,1232657.0,,248539.0,,950.0,
2017,SH092017,ENAWO,Madagascar,MDG,Toliary,MDG.6_1,2017-03-02 06:00,,2017-03-10 12:00,,OFCL,,3572403.0,,5254168.55,,"{0: 1164662, 1: 2326272, 2: 81469}",,1164662.0,,2326272.0,,81469.0,,0.0,,0.0,,0.0,
2017,SH092017,ENAWO,Tanzania,TZA,Arusha,TZA,,2017-03-02 06:00,,2017-03-10 12:00,,OFCL,,0.0,,0.0,,{0: 0},,0.0,,0.0,,0.0,,0.0,,0.0,,0.0
2018,SH032018,AVA,Madagascar,MDG,Alaotra Mangoro,MDG,,2017-12-30 06:00,,2018-01-09 12:00,,OFCL,,1020875.0,,12230859.14,,"{0: 10418, 1: 259923, 2: 750034, 3: 500}",,10418.0,,259923.0,,750034.0,,500.0,,0.0,,0.0
2018,SH032018,AVA,Madagascar,MDG,Amoron'i Mania,MDG,,2017-12-30 06:00,,2018-01-09 12:00,,OFCL,,662926.0,,6414193.9,,"{0: 51261, 1: 372424, 2: 239241}",,51261.0,,372424.0,,239241.0,,0.0,,0.0,,0.0
2018,SH032018,AVA,Madagascar,MDG,Analamanga,MDG,,2017-12-30 06:00,,2018-01-09 12:00,,OFCL,,4679099.0,,41221755.23,,"{0: 27458, 1: 240733, 2: 4345997, 3: 64911}",,27458.0,,240733.0,,4345997.0,,64911.0,,0.0,,0.0
2018,SH032018,AVA,Madagascar,MDG,Analanjirofo,MDG,,2017-12-30 06:00,,2018-01-09 12:00,,OFCL,,1424799.0,,40974959.45,,"{0: 166313, 1: 362973, 2: 542009, 3: 353504}",,166313.0,,362973.0,,542009.0,,353504.0,,0.0,,0.0
2018,SH032018,AVA,Madagascar,MDG,Androy,MDG,,2017-12-30 06:00,,2018-01-09 12:00,,OFCL,,1123450.0,,9382.11,,"{0: 1000924, 1: 122526}",,1000924.0,,122526.0,,0.0,,0.0,,0.0,,0.0
2018,SH032018,AVA,Madagascar,MDG,Anosy,MDG,,2017-12-30 06:00,,2018-01-09 12:00,,OFCL,,527199.0,,3753.5,,"{0: 501715, 1: 25484}",,501715.0,,25484.0,,0.0,,0.0,,0.0,,0.0
2018,SH032018,AVA,Madagascar,MDG,Atsimo Andrefana,MDG,,2017-12-30 06:00,,2018-01-09 12:00,,OFCL,,304993.0,,159.55,,{0: 304993},,304993.0,,0.0,,0.0,,0.0,,0.0,,0.0
2018,SH032018,AVA,Madagascar,MDG,Atsimo Atsinanana,MDG,,2017-12-30 06:00,,2018-01-09 12:00,,OFCL,,104399.0,,641.32,,"{0: 96098, 1: 8301}",,96098.0,,8301.0,,0.0,,0.0,,0.0,,0.0
2018,SH032018,AVA,Madagascar,MDG,Atsinanana,MDG,,2017-12-30 06:00,,2018-01-09 12:00,,OFCL,,990662.0,,46268519.21,,"{1: 73524, 2: 567384, 3: 349754}",,0.0,,73524.0,,567384.0,,349754.0,,0.0,,0.0
2018,SH032018,AVA,Madagascar,MDG,Betsiboka,MDG,,2017-12-30 06:00,,2018-01-09 12:00,,OFCL,,156943.0,,65122.67,,"{0: 91501, 1: 64848, 2: 594}",,91501.0,,64848.0,,594.0,,0.0,,0.0,,0.0
2018,SH032018,AVA,Madagascar,MDG,Boeny,MDG,,2017-12-30 06:00,,2018-01-09 12:00,,OFCL,,2532.0,,0.0,,{0: 2532},,2532.0,,0.0,,0.0,,0.0,,0.0,,0.0
2018,SH032018,AVA,Madagascar,MDG,Bongolava,MDG,,2017-12-30 06:00,,2018-01-09 12:00,,OFCL,,527289.0,,109576.91,,"{0: 296480, 1: 227800, 2: 3009}",,296480.0,,227800.0,,3009.0,,0.0,,0.0,,0.0
2018,SH032018,AVA,Madagascar,MDG,Haute Matsiatra,MDG,,2017-12-30 06:00,,2018-01-09 12:00,,OFCL,,1035987.0,,362119.76,,"{0: 503210, 1: 532648, 2: 129}",,503210.0,,532648.0,,129.0,,0.0,,0.0,,0.0
2018,SH032018,AVA,Madagascar,MDG,Ihorombe,MDG,,2017-12-30 06:00,,2018-01-09 12:00,,OFCL,,21208.0,,7.89,,{0: 21208},,21208.0,,0.0,,0.0,,0.0,,0.0,,0.0
2018,SH032018,AVA,Madagascar,MDG,Itasy,MDG,,2017-12-30 06:00,,2018-01-09 12:00,,OFCL,,736723.0,,5859228.74,,"{0: 5503, 1: 409525, 2: 321695}",,5503.0,,409525.0,,321695.0,,0.0,,0.0,,0.0
2018,SH032018,AVA,Madagascar,MDG,Melaky,MDG,,2017-12-30 06:00,,2018-01-09 12:00,,OFCL,,724.0,,0.0,,{0: 724},,724.0,,0.0,,0.0,,0.0,,0.0,,0.0
2018,SH032018,AVA,Madagascar,MDG,Menabe,MDG,,2017-12-30 06:00,,2018-01-09 12:00,,OFCL,,20766.0,,2.34,,{0: 20766},,20766.0,,0.0,,0.0,,0.0,,0.0,,0.0
2018,SH032018,AVA,Madagascar,MDG,Sava,MDG,,2017-12-30 06:00,,2018-01-09 12:00,,OFCL,,182760.0,,15845.65,,"{0: 159701, 1: 22957, 2: 102}",,159701.0,,22957.0,,102.0,,0.0,,0.0,,0.0
2018,SH032018,AVA,Madagascar,MDG,Sofia,MDG,,2017-12-30 06:00,,2018-01-09 12:00,,OFCL,,560611.0,,70107.6,,"{0: 448008, 1: 112345, 2: 258}",,448008.0,,112345.0,,258.0,,0.0,,0.0,,0.0
2018,SH032018,AVA,Madagascar,MDG,Vakinakaratra,MDG,,2017-12-30 06:00,,2018-01-09 12:00,,OFCL,,1830010.0,,35723061.02,,"{0: 86888, 1: 396785, 2: 1257029, 3: 89308}",,86888.0,,396785.0,,1257029.0,,89308.0,,0.0,,0.0
2018,SH032018,AVA,Madagascar,MDG,Vatovavy Fitovinany,MDG,,2017-12-30 06:00,,2018-01-09 12:00,,OFCL,,1643727.0,,1152738.75,,"{0: 809845, 1: 786702, 2: 47180}",,809845.0,,786702.0,,47180.0,,0.0,,0.0,,0.0
2018,SH032018,AVA,Madagascar,MDG,Antananarivo,MDG.1_1,2017-12-30 06:00,,2018-01-09 12:00,,OFCL,,7922370.0,,227651663.68,,"{0: 143582, 1: 948347, 2: 2086987, 3: 4743454}",,143582.0,,948347.0,,2086987.0,,4743454.0,,0.0,,0.0,
2018,SH032018,AVA,Madagascar,MDG,Antsiranana,MDG.2_1,2017-12-30 06:00,,2018-01-09 12:00,,OFCL,,331226.0,,139779.78,,"{0: 259271, 1: 66964, 2: 4991}",,259271.0,,66964.0,,4991.0,,0.0,,0.0,,0.0,
2018,SH032018,AVA,Madagascar,MDG,Fianarantsoa,MDG.3_1,2017-12-30 06:00,,2018-01-09 12:00,,OFCL,,5228105.0,,20824602.72,,"{0: 2213306, 1: 1948929, 2: 928052, 3: 137818}",,2213306.0,,1948929.0,,928052.0,,137818.0,,0.0,,0.0,
2018,SH032018,AVA,Madagascar,MDG,Mahajanga,MDG.4_1,2017-12-30 06:00,,2018-01-09 12:00,,OFCL,,1569844.0,,971543.3,,"{0: 1070073, 1: 449884, 2: 49887}",,1070073.0,,449884.0,,49887.0,,0.0,,0.0,,0.0,
2018,SH032018,AVA,Madagascar,MDG,Toamasina,MDG.5_1,2017-12-30 06:00,,2018-01-09 12:00,,OFCL,,3676313.0,,192717910.32,,"{0: 101198, 1: 324667, 2: 1316016, 3: 1760437, 4: 173995}",,101198.0,,324667.0,,1316016.0,,1760437.0,,173995.0,,0.0,
2018,SH032018,AVA,Madagascar,MDG,Toliary,MDG.6_1,2017-12-30 06:00,,2018-01-09 12:00,,OFCL,,2908353.0,,1288203.03,,"{0: 1313452, 1: 1594833, 2: 68}",,1313452.0,,1594833.0,,68.0,,0.0,,0.0,,0.0,
2018,SH062018,BERGUITTA,Madagascar,MDG,Anosy,MDG,,2018-01-11 06:00,,2018-01-21 18:00,,OFCL,,1233.0,,0.06,,{0: 1233},,1233.0,,0.0,,0.0,,0.0,,0.0,,0.0
2018,SH062018,BERGUITTA,Madagascar,MDG,Atsimo Atsinanana,MDG,,2018-01-11 06:00,,2018-01-21 18:00,,OFCL,,2666.0,,0.01,,{0: 2666},,2666.0,,0.0,,0.0,,0.0,,0.0,,0.0
2018,SH062018,BERGUITTA,Madagascar,MDG,Fianarantsoa,MDG.3_1,2018-01-11 06:00,,2018-01-21 18:00,,OFCL,,34253.0,,954.29,,{0: 34253},,34253.0,,0.0,,0.0,,0.0,,0.0,,0.0,
2018,SH062018,BERGUITTA,Madagascar,MDG,Toliary,MDG.6_1,2018-01-11 06:00,,2018-01-21 18:00,,OFCL,,94461.0,,3498.5,,{0: 94461},,94461.0,,0.0,,0.0,,0.0,,0.0,,0.0,
2018,SH062018,BERGUITTA,Mauritius,MUS,Riviere Du Rempart,MUS,,2018-01-11 06:00,,2018-01-21 18:00,,OFCL,,123738.0,,2604376.33,,"{1: 119193, 2: 4545}",,0.0,,119193.0,,4545.0,,0.0,,0.0,,0.0
2018,SH062018,BERGUITTA,Mauritius,MUS,Rodriguez,MUS.10_1,2018-01-11 06:00,,2018-01-21 18:00,,OFCL,,44652.0,,3083590.16,,"{1: 3378, 2: 41274}",,0.0,,3378.0,,41274.0,,0.0,,0.0,,0.0,
2018,SH062018,BERGUITTA,Mauritius,MUS,Savanne,MUS.12_1,2018-01-11 06:00,2018-01-11 06:00,2018-01-21 18:00,2018-01-21 18:00,OFCL,OFCL,70087.0,60507.0,3347640.44,7796931.74,"{1: 10, 2: 70077}",{2: 60507},0.0,0.0,10.0,0.0,70077.0,60507.0,0.0,0.0,0.0,0.0,0.0,0.0
2018,SH062018,BERGUITTA,Mauritius,MUS,Black River,MUS.2_1,2018-01-11 06:00,2018-01-11 06:00,2018-01-21 18:00,2018-01-21 18:00,OFCL,OFCL,94560.0,72490.0,1885990.04,2837419.36,"{1: 87683, 2: 6877}","{1: 67558, 2: 4932}",0.0,0.0,87683.0,67558.0,6877.0,4932.0,0.0,0.0,0.0,0.0,0.0,0.0
2018,SH062018,BERGUITTA,Mauritius,MUS,Flacq,MUS.3_1,2018-01-11 06:00,2018-01-11 06:00,2018-01-21 18:00,2018-01-21 18:00,OFCL,OFCL,140810.0,148203.0,4195307.29,6287100.73,"{1: 86924, 2: 53886}","{1: 77331, 2: 70872}",0.0,0.0,86924.0,77331.0,53886.0,70872.0,0.0,0.0,0.0,0.0,0.0,0.0
2018,SH062018,BERGUITTA,Mauritius,MUS,Grand Port,MUS.4_1,2018-01-11 06:00,2018-01-11 06:00,2018-01-21 18:00,2018-01-21 18:00,OFCL,OFCL,113523.0,117962.0,6062104.32,10293263.41,"{1: 1592, 2: 111931}","{1: 963, 2: 116999}",0.0,0.0,1592.0,963.0,111931.0,116999.0,0.0,0.0,0.0,0.0,0.0,0.0
2018,SH062018,BERGUITTA,Mauritius,MUS,Moka,MUS.5_1,2018-01-11 06:00,2018-01-11 06:00,2018-01-21 18:00,2018-01-21 18:00,OFCL,OFCL,88800.0,144916.0,1945469.21,2602190.86,"{1: 50859, 2: 37941}","{1: 117257, 2: 27659}",0.0,0.0,50859.0,117257.0,37941.0,27659.0,0.0,0.0,0.0,0.0,0.0,0.0
2018,SH062018,BERGUITTA,Mauritius,MUS,Pamplemousses,MUS.6_1,2018-01-11 06:00,2018-01-11 06:00,2018-01-21 18:00,2018-01-21 18:00,OFCL,OFCL,148742.0,165109.0,2440352.59,3679503.46,"{1: 146236, 2: 2506}","{1: 156379, 2: 8730}",0.0,0.0,146236.0,156379.0,2506.0,8730.0,0.0,0.0,0.0,0.0,0.0,0.0
2018,SH062018,BERGUITTA,Mauritius,MUS,Plaines Wilhems,MUS.7_1,2018-01-11 06:00,2018-01-11 06:00,2018-01-21 18:00,2018-01-21 18:00,OFCL,OFCL,365517.0,294342.0,4898131.78,1627496.23,"{1: 328226, 2: 37291}","{1: 264525, 2: 29817}",0.0,0.0,328226.0,264525.0,37291.0,29817.0,0.0,0.0,0.0,0.0,0.0,0.0
2018,SH062018,BERGUITTA,Mauritius,MUS,Port Louis,MUS.8_1,2018-01-11 06:00,2018-01-11 06:00,2018-01-21 18:00,2018-01-21 18:00,OFCL,OFCL,111040.0,100326.0,1525094.2,476411.04,"{1: 111032, 2: 8}","{1: 97110, 2: 3216}",0.0,0.0,111032.0,97110.0,8.0,3216.0,0.0,0.0,0.0,0.0,0.0,0.0
2018,SH062018,BERGUITTA,Mauritius,MUS,Rivière du Rempart,MUS.9_1,2018-01-11 06:00,,2018-01-21 18:00,,OFCL,,113200.0,,2912057.35,,"{1: 112355, 2: 845}",,0.0,,112355.0,,845.0,,0.0,,0.0,,0.0,
2018,SH062018,BERGUITTA,Mauritius,MUS,,No Adm1,,2018-01-11 06:00,,2018-01-21 18:00,,OFCL,,43832.0,,8845698.55,,"{1: 3600, 2: 40232}",,0.0,,3600.0,,40232.0,,0.0,,0.0,,0.0
2018,SH062018,BERGUITTA,Reunion,REU,Arrondissement_du_vent,REU,,2018-01-11 06:00,,2018-01-21 18:00,,OFCL,,256754.0,,1640636.95,,"{1: 250715, 2: 6039}",,0.0,,250715.0,,6039.0,,0.0,,0.0,,0.0
2018,SH062018,BERGUITTA,Reunion,REU,Arrondissement_souse_le_vent,REU,,2018-01-11 06:00,,2018-01-21 18:00,,OFCL,,447764.0,,17900369.53,,"{1: 371945, 2: 75819}",,0.0,,371945.0,,75819.0,,0.0,,0.0,,0.0
2018,SH062018,BERGUITTA,Reunion,REU,Saint-Benoît,REU.1_1,2018-01-11 06:00,,2018-01-21 18:00,,OFCL,,140447.0,,1461162.12,,"{1: 140280, 2: 167}",,0.0,,140280.0,,167.0,,0.0,,0.0,,0.0,
2018,SH062018,BERGUITTA,Reunion,REU,Saint-Denis,REU.2_1,2018-01-11 06:00,,2018-01-21 18:00,,OFCL,,308269.0,,6044359.23,,"{1: 307911, 2: 358}",,0.0,,307911.0,,358.0,,0.0,,0.0,,0.0,
2018,SH062018,BERGUITTA,Reunion,REU,Saint-Paul,REU.3_1,2018-01-11 06:00,,2018-01-21 18:00,,OFCL,,201260.0,,9660991.44,,"{1: 182391, 2: 18869}",,0.0,,182391.0,,18869.0,,0.0,,0.0,,0.0,
2018,SH062018,BERGUITTA,Reunion,REU,Saint-Pierre,REU.4_1,2018-01-11 06:00,,2018-01-21 18:00,,OFCL,,313164.0,,16324522.75,,"{1: 254826, 2: 58338}",,0.0,,254826.0,,58338.0,,0.0,,0.0,,0.0,
2018,SH112018,DUMAZILE,Madagascar,MDG,Alaotra Mangoro,MDG,,2018-03-01 12:00,,2018-03-08 18:00,,OFCL,,1017638.0,,440758.25,,"{0: 183083, 1: 834555}",,183083.0,,834555.0,,0.0,,0.0,,0.0,,0.0
2018,SH112018,DUMAZILE,Madagascar,MDG,Amoron'i Mania,MDG,,2018-03-01 12:00,,2018-03-08 18:00,,OFCL,,448863.0,,8007.65,,"{0: 423365, 1: 25498}",,423365.0,,25498.0,,0.0,,0.0,,0.0,,0.0
2018,SH112018,DUMAZILE,Madagascar,MDG,Analamanga,MDG,,2018-03-01 12:00,,2018-03-08 18:00,,OFCL,,4594266.0,,242657.32,,"{0: 1958067, 1: 2636199}",,1958067.0,,2636199.0,,0.0,,0.0,,0.0,,0.0
2018,SH112018,DUMAZILE,Madagascar,MDG,Analanjirofo,MDG,,2018-03-01 12:00,,2018-03-08 18:00,,OFCL,,1305250.0,,708193.85,,"{0: 462499, 1: 825408, 2: 17343}",,462499.0,,825408.0,,17343.0,,0.0,,0.0,,0.0
2018,SH112018,DUMAZILE,Madagascar,MDG,Anosy,MDG,,2018-03-01 12:00,,2018-03-08 18:00,,OFCL,,305.0,,0.0,,{0: 305},,305.0,,0.0,,0.0,,0.0,,0.0,,0.0
2018,SH112018,DUMAZILE,Madagascar,MDG,Atsimo Atsinanana,MDG,,2018-03-01 12:00,,2018-03-08 18:00,,OFCL,,61167.0,,0.14,,{0: 61167},,61167.0,,0.0,,0.0,,0.0,,0.0,,0.0
2018,SH112018,DUMAZILE,Madagascar,MDG,Atsinanana,MDG,,2018-03-01 12:00,,2018-03-08 18:00,,OFCL,,978125.0,,1118860.28,,"{0: 231722, 1: 716945, 2: 29458}",,231722.0,,716945.0,,29458.0,,0.0,,0.0,,0.0
2018,SH112018,DUMAZILE,Madagascar,MDG,Betsiboka,MDG,,2018-03-01 12:00,,2018-03-08 18:00,,OFCL,,84317.0,,1971.58,,"{0: 74300, 1: 10017}",,74300.0,,10017.0,,0.0,,0.0,,0.0,,0.0
2018,SH112018,DUMAZILE,Madagascar,MDG,Bongolava,MDG,,2018-03-01 12:00,,2018-03-08 18:00,,OFCL,,85265.0,,45.79,,{0: 85265},,85265.0,,0.0,,0.0,,0.0,,0.0,,0.0
2018,SH112018,DUMAZILE,Madagascar,MDG,Haute Matsiatra,MDG,,2018-03-01 12:00,,2018-03-08 18:00,,OFCL,,538519.0,,235.11,,{0: 538519},,538519.0,,0.0,,0.0,,0.0,,0.0,,0.0
2018,SH112018,DUMAZILE,Madagascar,MDG,Ihorombe,MDG,,2018-03-01 12:00,,2018-03-08 18:00,,OFCL,,2669.0,,0.13,,{0: 2669},,2669.0,,0.0,,0.0,,0.0,,0.0,,0.0
2018,SH112018,DUMAZILE,Madagascar,MDG,Itasy,MDG,,2018-03-01 12:00,,2018-03-08 18:00,,OFCL,,498666.0,,6977.36,,"{0: 444137, 1: 54529}",,444137.0,,54529.0,,0.0,,0.0,,0.0,,0.0
2018,SH112018,DUMAZILE,Madagascar,MDG,Sava,MDG,,2018-03-01 12:00,,2018-03-08 18:00,,OFCL,,93248.0,,4820.06,,"{0: 85047, 1: 8201}",,85047.0,,8201.0,,0.0,,0.0,,0.0,,0.0
2018,SH112018,DUMAZILE,Madagascar,MDG,Sofia,MDG,,2018-03-01 12:00,,2018-03-08 18:00,,OFCL,,254756.0,,1529.63,,"{0: 249570, 1: 5186}",,249570.0,,5186.0,,0.0,,0.0,,0.0,,0.0
2018,SH112018,DUMAZILE,Madagascar,MDG,Vakinakaratra,MDG,,2018-03-01 12:00,,2018-03-08 18:00,,OFCL,,1416284.0,,111237.01,,"{0: 872974, 1: 543310}",,872974.0,,543310.0,,0.0,,0.0,,0.0,,0.0
2018,SH112018,DUMAZILE,Madagascar,MDG,Vatovavy Fitovinany,MDG,,2018-03-01 12:00,,2018-03-08 18:00,,OFCL,,698283.0,,4323.35,,"{0: 695255, 1: 3028}",,695255.0,,3028.0,,0.0,,0.0,,0.0,,0.0
2018,SH112018,DUMAZILE,Madagascar,MDG,Antananarivo,MDG.1_1,2018-03-01 12:00,,2018-03-08 18:00,,OFCL,,6084524.0,,5653131.1,,"{0: 739109, 1: 5315635, 2: 29780}",,739109.0,,5315635.0,,29780.0,,0.0,,0.0,,0.0,
2018,SH112018,DUMAZILE,Madagascar,MDG,Antsiranana,MDG.2_1,2018-03-01 12:00,,2018-03-08 18:00,,OFCL,,229900.0,,58852.1,,"{0: 177629, 1: 51815, 2: 456}",,177629.0,,51815.0,,456.0,,0.0,,0.0,,0.0,
2018,SH112018,DUMAZILE,Madagascar,MDG,Fianarantsoa,MDG.3_1,2018-03-01 12:00,,2018-03-08 18:00,,OFCL,,2509141.0,,669513.06,,"{0: 2056629, 1: 452512}",,2056629.0,,452512.0,,0.0,,0.0,,0.0,,0.0,
2018,SH112018,DUMAZILE,Madagascar,MDG,Mahajanga,MDG.4_1,2018-03-01 12:00,,2018-03-08 18:00,,OFCL,,817949.0,,100212.56,,"{0: 677513, 1: 140436}",,677513.0,,140436.0,,0.0,,0.0,,0.0,,0.0,
2018,SH112018,DUMAZILE,Madagascar,MDG,Toamasina,MDG.5_1,2018-03-01 12:00,,2018-03-08 18:00,,OFCL,,3668589.0,,15674322.56,,"{0: 337893, 1: 2065964, 2: 1262789, 3: 1943}",,337893.0,,2065964.0,,1262789.0,,1943.0,,0.0,,0.0,
2018,SH112018,DUMAZILE,Mauritius,MUS,Savanne,MUS.12_1,2018-03-01 12:00,2018-03-01 12:00,2018-03-08 18:00,2018-03-08 18:00,OFCL,OFCL,12.0,1050.0,4357.1,1620.53,{0: 12},{0: 1050},12.0,1050.0,0.0,0.0,0.0,0.0,0.0,0.0,0.0,0.0,0.0,0.0
2018,SH112018,DUMAZILE,Mauritius,MUS,Black River,MUS.2_1,2018-03-01 12:00,2018-03-01 12:00,2018-03-08 18:00,2018-03-08 18:00,OFCL,OFCL,2359.0,23782.0,299637.91,1.56,{0: 2359},{0: 23782},2359.0,23782.0,0.0,0.0,0.0,0.0,0.0,0.0,0.0,0.0,0.0,0.0
2018,SH112018,DUMAZILE,Mauritius,MUS,Grand Port,MUS.4_1,2018-03-01 12:00,2018-03-01 12:00,2018-03-08 18:00,2018-03-08 18:00,OFCL,OFCL,174.0,120.0,11158.51,64.4,{0: 174},{0: 120},174.0,120.0,0.0,0.0,0.0,0.0,0.0,0.0,0.0,0.0,0.0,0.0
2018,SH112018,DUMAZILE,Mauritius,MUS,Pamplemousses,MUS.6_1,2018-03-01 12:00,,2018-03-08 18:00,,OFCL,,570.0,,200175.77,,{0: 570},,570.0,,0.0,,0.0,,0.0,,0.0,,0.0,
2018,SH112018,DUMAZILE,Mauritius,MUS,Plaines Wilhems,MUS.7_1,,2018-03-01 12:00,,2018-03-08 18:00,,OFCL,,450.0,,0.0,,{0: 450},,450.0,,0.0,,0.0,,0.0,,0.0,,0.0
2018,SH112018,DUMAZILE,Mauritius,MUS,Port Louis,MUS.8_1,2018-03-01 12:00,,2018-03-08 18:00,,OFCL,,228.0,,138606.18,,{0: 228},,228.0,,0.0,,0.0,,0.0,,0.0,,0.0,
2018,SH112018,DUMAZILE,Mauritius,MUS,Rivière du Rempart,MUS.9_1,2018-03-01 12:00,,2018-03-08 18:00,,OFCL,,70.0,,26217.47,,{0: 70},,70.0,,0.0,,0.0,,0.0,,0.0,,0.0,
2018,SH112018,DUMAZILE,Reunion,REU,Arrondissement_du_vent,REU,,2018-03-01 12:00,,2018-03-08 18:00,,OFCL,,256598.0,,209573.87,,"{0: 44435, 1: 212163}",,44435.0,,212163.0,,0.0,,0.0,,0.0,,0.0
2018,SH112018,DUMAZILE,Reunion,REU,Arrondissement_souse_le_vent,REU,,2018-03-01 12:00,,2018-03-08 18:00,,OFCL,,447764.0,,864165.17,,"{0: 248185, 1: 199579}",,248185.0,,199579.0,,0.0,,0.0,,0.0,,0.0
2018,SH112018,DUMAZILE,Reunion,REU,Saint-Benoît,REU.1_1,2018-03-01 12:00,,2018-03-08 18:00,,OFCL,,139572.0,,570724.59,,"{0: 56261, 1: 83311}",,56261.0,,83311.0,,0.0,,0.0,,0.0,,0.0,
2018,SH112018,DUMAZILE,Reunion,REU,Saint-Denis,REU.2_1,2018-03-01 12:00,,2018-03-08 18:00,,OFCL,,305764.0,,3939707.75,,"{0: 3499, 1: 302265}",,3499.0,,302265.0,,0.0,,0.0,,0.0,,0.0,
2018,SH112018,DUMAZILE,Reunion,REU,Saint-Paul,REU.3_1,2018-03-01 12:00,,2018-03-08 18:00,,OFCL,,197235.0,,6140104.43,,"{0: 45686, 1: 151549}",,45686.0,,151549.0,,0.0,,0.0,,0.0,,0.0,
2018,SH112018,DUMAZILE,Reunion,REU,Saint-Pierre,REU.4_1,2018-03-01 12:00,,2018-03-08 18:00,,OFCL,,199858.0,,2495281.81,,"{0: 183748, 1: 16110}",,183748.0,,16110.0,,0.0,,0.0,,0.0,,0.0,
2018,SH142018,ELIAKIM,Madagascar,MDG,Alaotra Mangoro,MDG,,2018-03-13 18:00,,2018-03-21 06:00,,OFCL,,1020766.0,,3804505.85,,"{0: 65013, 1: 678318, 2: 277435}",,65013.0,,678318.0,,277435.0,,0.0,,0.0,,0.0
2018,SH142018,ELIAKIM,Madagascar,MDG,Amoron'i Mania,MDG,,2018-03-13 18:00,,2018-03-21 06:00,,OFCL,,644079.0,,215642.66,,"{0: 241552, 1: 402527}",,241552.0,,402527.0,,0.0,,0.0,,0.0,,0.0
2018,SH142018,ELIAKIM,Madagascar,MDG,Analamanga,MDG,,2018-03-13 18:00,,2018-03-21 06:00,,OFCL,,4679045.0,,1507305.16,,"{0: 140612, 1: 4538433}",,140612.0,,4538433.0,,0.0,,0.0,,0.0,,0.0
2018,SH142018,ELIAKIM,Madagascar,MDG,Analanjirofo,MDG,,2018-03-13 18:00,,2018-03-21 06:00,,OFCL,,1464470.0,,12700827.17,,"{1: 682998, 2: 781305, 3: 167}",,0.0,,682998.0,,781305.0,,167.0,,0.0,,0.0
2018,SH142018,ELIAKIM,Madagascar,MDG,Androy,MDG,,2018-03-13 18:00,,2018-03-21 06:00,,OFCL,,694.0,,0.02,,{0: 694},,694.0,,0.0,,0.0,,0.0,,0.0,,0.0
2018,SH142018,ELIAKIM,Madagascar,MDG,Anosy,MDG,,2018-03-13 18:00,,2018-03-21 06:00,,OFCL,,154022.0,,138.52,,"{0: 153578, 1: 444}",,153578.0,,444.0,,0.0,,0.0,,0.0,,0.0
2018,SH142018,ELIAKIM,Madagascar,MDG,Atsimo Atsinanana,MDG,,2018-03-13 18:00,,2018-03-21 06:00,,OFCL,,1182827.0,,8717.66,,"{0: 1142634, 1: 40193}",,1142634.0,,40193.0,,0.0,,0.0,,0.0,,0.0
2018,SH142018,ELIAKIM,Madagascar,MDG,Atsinanana,MDG,,2018-03-13 18:00,,2018-03-21 06:00,,OFCL,,990637.0,,190871.1,,"{0: 448826, 1: 540615, 2: 1196}",,448826.0,,540615.0,,1196.0,,0.0,,0.0,,0.0
2018,SH142018,ELIAKIM,Madagascar,MDG,Betsiboka,MDG,,2018-03-13 18:00,,2018-03-21 06:00,,OFCL,,280973.0,,271742.97,,"{0: 132645, 1: 136296, 2: 12032}",,132645.0,,136296.0,,12032.0,,0.0,,0.0,,0.0
2018,SH142018,ELIAKIM,Madagascar,MDG,Boeny,MDG,,2018-03-13 18:00,,2018-03-21 06:00,,OFCL,,952913.0,,10765.33,,"{0: 832107, 1: 120806}",,832107.0,,120806.0,,0.0,,0.0,,0.0,,0.0
2018,SH142018,ELIAKIM,Madagascar,MDG,Bongolava,MDG,,2018-03-13 18:00,,2018-03-21 06:00,,OFCL,,540458.0,,9428.86,,"{0: 467791, 1: 72667}",,467791.0,,72667.0,,0.0,,0.0,,0.0,,0.0
2018,SH142018,ELIAKIM,Madagascar,MDG,Diana,MDG,,2018-03-13 18:00,,2018-03-21 06:00,,OFCL,,639866.0,,17544.69,,"{0: 580803, 1: 58105, 2: 958}",,580803.0,,58105.0,,958.0,,0.0,,0.0,,0.0
2018,SH142018,ELIAKIM,Madagascar,MDG,Haute Matsiatra,MDG,,2018-03-13 18:00,,2018-03-21 06:00,,OFCL,,1110975.0,,44186.49,,"{0: 769971, 1: 341004}",,769971.0,,341004.0,,0.0,,0.0,,0.0,,0.0
2018,SH142018,ELIAKIM,Madagascar,MDG,Ihorombe,MDG,,2018-03-13 18:00,,2018-03-21 06:00,,OFCL,,276217.0,,750.81,,"{0: 275274, 1: 943}",,275274.0,,943.0,,0.0,,0.0,,0.0,,0.0
2018,SH142018,ELIAKIM,Madagascar,MDG,Itasy,MDG,,2018-03-13 18:00,,2018-03-21 06:00,,OFCL,,736086.0,,197886.99,,"{0: 281301, 1: 454785}",,281301.0,,454785.0,,0.0,,0.0,,0.0,,0.0
2018,SH142018,ELIAKIM,Madagascar,MDG,Melaky,MDG,,2018-03-13 18:00,,2018-03-21 06:00,,OFCL,,18198.0,,14.39,,{0: 18198},,18198.0,,0.0,,0.0,,0.0,,0.0,,0.0
2018,SH142018,ELIAKIM,Madagascar,MDG,Menabe,MDG,,2018-03-13 18:00,,2018-03-21 06:00,,OFCL,,7458.0,,5.04,,{0: 7458},,7458.0,,0.0,,0.0,,0.0,,0.0,,0.0
2018,SH142018,ELIAKIM,Madagascar,MDG,Sava,MDG,,2018-03-13 18:00,,2018-03-21 06:00,,OFCL,,1024515.0,,1134834.43,,"{0: 204923, 1: 775688, 2: 43904}",,204923.0,,775688.0,,43904.0,,0.0,,0.0,,0.0
2018,SH142018,ELIAKIM,Madagascar,MDG,Sofia,MDG,,2018-03-13 18:00,,2018-03-21 06:00,,OFCL,,1485929.0,,6552578.79,,"{0: 58050, 1: 1041720, 2: 386159}",,58050.0,,1041720.0,,386159.0,,0.0,,0.0,,0.0
2018,SH142018,ELIAKIM,Madagascar,MDG,Vakinakaratra,MDG,,2018-03-13 18:00,,2018-03-21 06:00,,OFCL,,1797579.0,,1136989.16,,"{0: 393285, 1: 1404294}",,393285.0,,1404294.0,,0.0,,0.0,,0.0,,0.0
2018,SH142018,ELIAKIM,Madagascar,MDG,Vatovavy Fitovinany,MDG,,2018-03-13 18:00,,2018-03-21 06:00,,OFCL,,1835391.0,,28896.92,,"{0: 1707166, 1: 128225}",,1707166.0,,128225.0,,0.0,,0.0,,0.0,,0.0
2018,SH142018,ELIAKIM,Madagascar,MDG,Antananarivo,MDG.1_1,2018-03-13 18:00,,2018-03-21 06:00,,OFCL,,7916141.0,,27205818.72,,"{0: 386009, 1: 3874764, 2: 3655368}",,386009.0,,3874764.0,,3655368.0,,0.0,,0.0,,0.0,
2018,SH142018,ELIAKIM,Madagascar,MDG,Antsiranana,MDG.2_1,2018-03-13 18:00,,2018-03-21 06:00,,OFCL,,2062425.0,,6311062.35,,"{0: 260023, 1: 1363284, 2: 433514, 3: 5604}",,260023.0,,1363284.0,,433514.0,,5604.0,,0.0,,0.0,
2018,SH142018,ELIAKIM,Madagascar,MDG,Fianarantsoa,MDG.3_1,2018-03-13 18:00,,2018-03-21 06:00,,OFCL,,5655742.0,,5723624.82,,"{0: 912491, 1: 4649735, 2: 93516}",,912491.0,,4649735.0,,93516.0,,0.0,,0.0,,0.0,
2018,SH142018,ELIAKIM,Madagascar,MDG,Mahajanga,MDG.4_1,2018-03-13 18:00,,2018-03-21 06:00,,OFCL,,3131842.0,,21873482.26,,"{0: 162274, 1: 1938920, 2: 856175, 3: 174473}",,162274.0,,1938920.0,,856175.0,,174473.0,,0.0,,0.0,
2018,SH142018,ELIAKIM,Madagascar,MDG,Toamasina,MDG.5_1,2018-03-13 18:00,,2018-03-21 06:00,,OFCL,,3676313.0,,55362473.98,,"{0: 555, 1: 1191161, 2: 2102075, 3: 382522}",,555.0,,1191161.0,,2102075.0,,382522.0,,0.0,,0.0,
2018,SH142018,ELIAKIM,Madagascar,MDG,Toliary,MDG.6_1,2018-03-13 18:00,,2018-03-21 06:00,,OFCL,,841729.0,,47493.58,,"{0: 785076, 1: 56653}",,785076.0,,56653.0,,0.0,,0.0,,0.0,,0.0,
2018,SH142018,ELIAKIM,Reunion,REU,Arrondissement_du_vent,REU,,2018-03-13 18:00,,2018-03-21 06:00,,OFCL,,113686.0,,37.92,,{0: 113686},,113686.0,,0.0,,0.0,,0.0,,0.0,,0.0
2018,SH142018,ELIAKIM,Reunion,REU,Arrondissement_souse_le_vent,REU,,2018-03-13 18:00,,2018-03-21 06:00,,OFCL,,130142.0,,2167.81,,"{0: 129752, 1: 390}",,129752.0,,390.0,,0.0,,0.0,,0.0,,0.0
2018,SH142018,ELIAKIM,Reunion,REU,Saint-Benoît,REU.1_1,2018-03-13 18:00,,2018-03-21 06:00,,OFCL,,86.0,,20.02,,{0: 86},,86.0,,0.0,,0.0,,0.0,,0.0,,0.0,
2018,SH142018,ELIAKIM,Reunion,REU,Saint-Denis,REU.2_1,2018-03-13 18:00,,2018-03-21 06:00,,OFCL,,7128.0,,3811843.52,,{0: 7128},,7128.0,,0.0,,0.0,,0.0,,0.0,,0.0,
2018,SH142018,ELIAKIM,Reunion,REU,Saint-Paul,REU.3_1,2018-03-13 18:00,,2018-03-21 06:00,,OFCL,,16595.0,,7643210.17,,{0: 16595},,16595.0,,0.0,,0.0,,0.0,,0.0,,0.0,
2018,SH142018,ELIAKIM,Reunion,REU,Saint-Pierre,REU.4_1,2018-03-13 18:00,,2018-03-21 06:00,,OFCL,,6971.0,,2274029.76,,{0: 6971},,6971.0,,0.0,,0.0,,0.0,,0.0,,0.0,
2018,SH202018,FAKIR,Mauritius,MUS,Riviere Du Rempart,MUS,,2018-04-21 12:00,,2018-04-26 00:00,,OFCL,,123738.0,,97383.02,,"{0: 107443, 1: 16295}",,107443.0,,16295.0,,0.0,,0.0,,0.0,,0.0
2018,SH202018,FAKIR,Mauritius,MUS,Savanne,MUS.12_1,2018-04-21 12:00,2018-04-21 12:00,2018-04-26 00:00,2018-04-26 00:00,OFCL,OFCL,64406.0,60507.0,43333.6,433926.6,"{0: 56969, 1: 7437}","{0: 43216, 1: 17291}",56969.0,43216.0,7437.0,17291.0,0.0,0.0,0.0,0.0,0.0,0.0,0.0,0.0
2018,SH202018,FAKIR,Mauritius,MUS,Black River,MUS.2_1,2018-04-21 12:00,2018-04-21 12:00,2018-04-26 00:00,2018-04-26 00:00,OFCL,OFCL,94560.0,72490.0,935914.89,4989529.84,"{0: 100, 1: 94460}","{0: 957, 1: 71533}",100.0,957.0,94460.0,71533.0,0.0,0.0,0.0,0.0,0.0,0.0,0.0,0.0
2018,SH202018,FAKIR,Mauritius,MUS,Flacq,MUS.3_1,2018-04-21 12:00,2018-04-21 12:00,2018-04-26 00:00,2018-04-26 00:00,OFCL,OFCL,76094.0,146536.0,9593.91,9503.91,{0: 76094},"{0: 146302, 1: 234}",76094.0,146302.0,0.0,234.0,0.0,0.0,0.0,0.0,0.0,0.0,0.0,0.0
2018,SH202018,FAKIR,Mauritius,MUS,Grand Port,MUS.4_1,2018-04-21 12:00,2018-04-21 12:00,2018-04-26 00:00,2018-04-26 00:00,OFCL,OFCL,82751.0,117783.0,123324.7,13055.11,"{0: 80412, 1: 2339}","{0: 110047, 1: 7736}",80412.0,110047.0,2339.0,7736.0,0.0,0.0,0.0,0.0,0.0,0.0,0.0,0.0
2018,SH202018,FAKIR,Mauritius,MUS,Moka,MUS.5_1,2018-04-21 12:00,2018-04-21 12:00,2018-04-26 00:00,2018-04-26 00:00,OFCL,OFCL,83334.0,144916.0,37342.28,45613.57,"{0: 45378, 1: 37956}","{0: 20592, 1: 124324}",45378.0,20592.0,37956.0,124324.0,0.0,0.0,0.0,0.0,0.0,0.0,0.0,0.0
2018,SH202018,FAKIR,Mauritius,MUS,Pamplemousses,MUS.6_1,2018-04-21 12:00,2018-04-21 12:00,2018-04-26 00:00,2018-04-26 00:00,OFCL,OFCL,139140.0,165109.0,285218.62,1828409.5,"{0: 63784, 1: 75356}","{0: 49712, 1: 115397}",63784.0,49712.0,75356.0,115397.0,0.0,0.0,0.0,0.0,0.0,0.0,0.0,0.0
2018,SH202018,FAKIR,Mauritius,MUS,Plaines Wilhems,MUS.7_1,2018-04-21 12:00,2018-04-21 12:00,2018-04-26 00:00,2018-04-26 00:00,OFCL,OFCL,365517.0,294342.0,211410.65,60731.95,"{0: 4284, 1: 361233}","{0: 9520, 1: 284822}",4284.0,9520.0,361233.0,284822.0,0.0,0.0,0.0,0.0,0.0,0.0,0.0,0.0
2018,SH202018,FAKIR,Mauritius,MUS,Port Louis,MUS.8_1,2018-04-21 12:00,2018-04-21 12:00,2018-04-26 00:00,2018-04-26 00:00,OFCL,OFCL,111040.0,100326.0,177457.28,192045.49,"{0: 21885, 1: 89155}","{0: 822, 1: 99504}",21885.0,822.0,89155.0,99504.0,0.0,0.0,0.0,0.0,0.0,0.0,0.0,0.0
2018,SH202018,FAKIR,Mauritius,MUS,Rivière du Rempart,MUS.9_1,2018-04-21 12:00,,2018-04-26 00:00,,OFCL,,82429.0,,71383.92,,"{0: 74850, 1: 7579}",,74850.0,,7579.0,,0.0,,0.0,,0.0,,0.0,
2018,SH202018,FAKIR,Mauritius,MUS,,No Adm1,,2018-04-21 12:00,,2018-04-26 00:00,,OFCL,,307.0,,33.05,,{0: 307},,307.0,,0.0,,0.0,,0.0,,0.0,,0.0
2018,SH202018,FAKIR,Reunion,REU,Arrondissement_du_vent,REU,,2018-04-21 12:00,,2018-04-26 00:00,,OFCL,,256754.0,,9088334.96,,"{1: 183490, 2: 73264}",,0.0,,183490.0,,73264.0,,0.0,,0.0,,0.0
2018,SH202018,FAKIR,Reunion,REU,Arrondissement_souse_le_vent,REU,,2018-04-21 12:00,,2018-04-26 00:00,,OFCL,,447764.0,,12370441.47,,"{1: 386020, 2: 61744}",,0.0,,386020.0,,61744.0,,0.0,,0.0,,0.0
2018,SH202018,FAKIR,Reunion,REU,Saint-Benoît,REU.1_1,2018-04-21 12:00,,2018-04-26 00:00,,OFCL,,140447.0,,25316270.85,,"{1: 43179, 2: 97253, 3: 15}",,0.0,,43179.0,,97253.0,,15.0,,0.0,,0.0,
2018,SH202018,FAKIR,Reunion,REU,Saint-Denis,REU.2_1,2018-04-21 12:00,,2018-04-26 00:00,,OFCL,,308269.0,,15604616.43,,"{1: 293393, 2: 14876}",,0.0,,293393.0,,14876.0,,0.0,,0.0,,0.0,
2018,SH202018,FAKIR,Reunion,REU,Saint-Paul,REU.3_1,2018-04-21 12:00,,2018-04-26 00:00,,OFCL,,201260.0,,4939463.03,,"{1: 200541, 2: 719}",,0.0,,200541.0,,719.0,,0.0,,0.0,,0.0,
2018,SH202018,FAKIR,Reunion,REU,Saint-Pierre,REU.4_1,2018-04-21 12:00,,2018-04-26 00:00,,OFCL,,313164.0,,16323278.37,,"{1: 243404, 2: 69745, 3: 15}",,0.0,,243404.0,,69745.0,,15.0,,0.0,,0.0,
2019,SH032019,ALCIDE,Madagascar,MDG,Antsiranana,MDG.2_1,2018-11-07 00:00,,2018-11-15 00:00,,OFCL,,25.0,,28.74,,{0: 25},,25.0,,0.0,,0.0,,0.0,,0.0,,0.0,
2019,SH032019,ALCIDE,Mauritius,MUS,Agalega Islands,MUS.1_1,2018-11-07 00:00,,2018-11-15 00:00,,OFCL,,262.0,,81490.28,,{3: 262},,0.0,,0.0,,0.0,,262.0,,0.0,,0.0,
2019,SH032019,ALCIDE,Tanzania,TZA,Arusha,TZA,,2018-11-07 00:00,,2018-11-15 00:00,,OFCL,,0.0,,585107.19,,{3: 0},,0.0,,0.0,,0.0,,0.0,,0.0,,0.0
2019,SH072019,CILIDA,Mauritius,MUS,Riviere Du Rempart,MUS,,2018-12-17 00:00,,2018-12-25 18:00,,OFCL,,0.0,,0.76,,{0: 0},,0.0,,0.0,,0.0,,0.0,,0.0,,0.0
2019,SH072019,CILIDA,Mauritius,MUS,Rodriguez,MUS.10_1,2018-12-17 00:00,,2018-12-25 18:00,,OFCL,,30775.0,,7663.3,,{0: 30775},,30775.0,,0.0,,0.0,,0.0,,0.0,,0.0,
2019,SH072019,CILIDA,Mauritius,MUS,,No Adm1,,2018-12-17 00:00,,2018-12-25 18:00,,OFCL,,43163.0,,2944.74,,{0: 43163},,43163.0,,0.0,,0.0,,0.0,,0.0,,0.0
2019,SH102019,DESMOND,Mozambique,MOZ,Zambezia,MOZ.11_1,2019-01-19 06:00,2019-01-19 06:00,2019-01-22 00:00,2019-01-22 00:00,OFCL,OFCL,85998.0,47607.0,26870.76,320.15,{0: 85998},{0: 47607},85998.0,47607.0,0.0,0.0,0.0,0.0,0.0,0.0,0.0,0.0,0.0,0.0
2019,SH102019,DESMOND,Mozambique,MOZ,Inhambane,MOZ.3_1,2019-01-19 06:00,2019-01-19 06:00,2019-01-22 00:00,2019-01-22 00:00,OFCL,OFCL,123106.0,560799.0,1692.33,100.23,{0: 123106},{0: 560799},123106.0,560799.0,0.0,0.0,0.0,0.0,0.0,0.0,0.0,0.0,0.0,0.0
2019,SH102019,DESMOND,Mozambique,MOZ,Nampula,MOZ.7_1,,2019-01-19 06:00,,2019-01-22 00:00,,OFCL,,101.0,,18.98,,{0: 101},,101.0,,0.0,,0.0,,0.0,,0.0,,0.0
2019,SH102019,DESMOND,Mozambique,MOZ,Sofala,MOZ.9_1,2019-01-19 06:00,2019-01-19 06:00,2019-01-22 00:00,2019-01-22 00:00,OFCL,OFCL,118262.0,108590.0,94503.83,228.63,"{0: 112516, 1: 5746}",{0: 108590},112516.0,108590.0,5746.0,0.0,0.0,0.0,0.0,0.0,0.0,0.0,0.0,0.0
2019,SH122019,FUNANI,Mauritius,MUS,Rodriguez,MUS.10_1,2019-02-04 06:00,,2019-02-10 06:00,,OFCL,,20922.0,,153.4,,{0: 20922},,20922.0,,0.0,,0.0,,0.0,,0.0,,0.0,
2019,SH132019,GELENA,Mauritius,MUS,Rodriguez,MUS.10_1,2019-02-05 00:00,,2019-02-15 18:00,,OFCL,,44652.0,,50417883.66,,"{3: 44050, 4: 602}",,0.0,,0.0,,0.0,,44050.0,,602.0,,0.0,
2019,SH132019,GELENA,Mauritius,MUS,Flacq,MUS.3_1,2019-02-05 00:00,,2019-02-15 18:00,,OFCL,,2.0,,65.92,,{0: 2},,2.0,,0.0,,0.0,,0.0,,0.0,,0.0,
2019,SH132019,GELENA,Mauritius,MUS,Grand Port,MUS.4_1,2019-02-05 00:00,,2019-02-15 18:00,,OFCL,,4497.0,,94218.35,,{0: 4497},,4497.0,,0.0,,0.0,,0.0,,0.0,,0.0,
2019,SH132019,GELENA,Mauritius,MUS,,No Adm1,,2019-02-05 00:00,,2019-02-15 18:00,,OFCL,,43525.0,,255449142.53,,"{3: 43310, 4: 215}",,0.0,,0.0,,0.0,,43310.0,,215.0,,0.0
2019,SH182019,IDAI,Madagascar,MDG,Analamanga,MDG,,2019-03-05 00:00,,2019-03-16 06:00,,OFCL,,2220.0,,0.05,,{0: 2220},,2220.0,,0.0,,0.0,,0.0,,0.0,,0.0
2019,SH182019,IDAI,Madagascar,MDG,Betsiboka,MDG,,2019-03-05 00:00,,2019-03-16 06:00,,OFCL,,12734.0,,24.1,,{0: 12734},,12734.0,,0.0,,0.0,,0.0,,0.0,,0.0
2019,SH182019,IDAI,Madagascar,MDG,Boeny,MDG,,2019-03-05 00:00,,2019-03-16 06:00,,OFCL,,39594.0,,34.07,,{0: 39594},,39594.0,,0.0,,0.0,,0.0,,0.0,,0.0
2019,SH182019,IDAI,Madagascar,MDG,Bongolava,MDG,,2019-03-05 00:00,,2019-03-16 06:00,,OFCL,,264463.0,,214.81,,"{0: 264443, 1: 20}",,264443.0,,20.0,,0.0,,0.0,,0.0,,0.0
2019,SH182019,IDAI,Madagascar,MDG,Itasy,MDG,,2019-03-05 00:00,,2019-03-16 06:00,,OFCL,,2443.0,,0.01,,{0: 2443},,2443.0,,0.0,,0.0,,0.0,,0.0,,0.0
2019,SH182019,IDAI,Madagascar,MDG,Melaky,MDG,,2019-03-05 00:00,,2019-03-16 06:00,,OFCL,,290170.0,,717431.31,,"{0: 93903, 1: 153202, 2: 43029, 3: 36}",,93903.0,,153202.0,,43029.0,,36.0,,0.0,,0.0
2019,SH182019,IDAI,Madagascar,MDG,Menabe,MDG,,2019-03-05 00:00,,2019-03-16 06:00,,OFCL,,115916.0,,1398.93,,"{0: 110801, 1: 5115}",,110801.0,,5115.0,,0.0,,0.0,,0.0,,0.0
2019,SH182019,IDAI,Madagascar,MDG,Vakinakaratra,MDG,,2019-03-05 00:00,,2019-03-16 06:00,,OFCL,,1872.0,,0.0,,{0: 1872},,1872.0,,0.0,,0.0,,0.0,,0.0,,0.0
2019,SH182019,IDAI,Madagascar,MDG,Antananarivo,MDG.1_1,2019-03-05 00:00,,2019-03-16 06:00,,OFCL,,181079.0,,43105.34,,"{0: 99853, 1: 81226}",,99853.0,,81226.0,,0.0,,0.0,,0.0,,0.0,
2019,SH182019,IDAI,Madagascar,MDG,Fianarantsoa,MDG.3_1,2019-03-05 00:00,,2019-03-16 06:00,,OFCL,,4711.0,,12.91,,{0: 4711},,4711.0,,0.0,,0.0,,0.0,,0.0,,0.0,
2019,SH182019,IDAI,Madagascar,MDG,Mahajanga,MDG.4_1,2019-03-05 00:00,,2019-03-16 06:00,,OFCL,,665519.0,,5058919.24,,"{0: 152041, 1: 289708, 2: 195173, 3: 28562, 4: 35}",,152041.0,,289708.0,,195173.0,,28562.0,,35.0,,0.0,
2019,SH182019,IDAI,Madagascar,MDG,Toliary,MDG.6_1,2019-03-05 00:00,,2019-03-16 06:00,,OFCL,,637679.0,,68701.79,,"{0: 562584, 1: 75095}",,562584.0,,75095.0,,0.0,,0.0,,0.0,,0.0,
2019,SH182019,IDAI,Mozambique,MOZ,Tete,MOZ.10_1,2019-03-05 00:00,2019-03-05 00:00,2019-03-16 06:00,2019-03-16 06:00,OFCL,OFCL,101492.0,42113.0,103.89,0.45,{0: 101492},{0: 42113},101492.0,42113.0,0.0,0.0,0.0,0.0,0.0,0.0,0.0,0.0,0.0,0.0
2019,SH182019,IDAI,Mozambique,MOZ,Zambezia,MOZ.11_1,2019-03-05 00:00,2019-03-05 00:00,2019-03-16 06:00,2019-03-16 06:00,OFCL,OFCL,4749358.0,749228.0,945255.05,86616.8,"{0: 4004352, 1: 705608, 2: 39398}","{0: 660350, 1: 85751, 2: 3127}",4004352.0,660350.0,705608.0,85751.0,39398.0,3127.0,0.0,0.0,0.0,0.0,0.0,0.0
2019,SH182019,IDAI,Mozambique,MOZ,Gaza,MOZ.2_1,2019-03-05 00:00,2019-03-05 00:00,2019-03-16 06:00,2019-03-16 06:00,OFCL,OFCL,7567.0,16.0,46.12,0.0,{0: 7567},{0: 16},7567.0,16.0,0.0,0.0,0.0,0.0,0.0,0.0,0.0,0.0,0.0,0.0
2019,SH182019,IDAI,Mozambique,MOZ,Inhambane,MOZ.3_1,2019-03-05 00:00,2019-03-05 00:00,2019-03-16 06:00,2019-03-16 06:00,OFCL,OFCL,456423.0,236459.0,619410.9,46864.47,"{0: 257053, 1: 186181, 2: 13189}","{0: 187913, 1: 47956, 2: 590}",257053.0,187913.0,186181.0,47956.0,13189.0,590.0,0.0,0.0,0.0,0.0,0.0,0.0
2019,SH182019,IDAI,Mozambique,MOZ,Manica,MOZ.4_1,2019-03-05 00:00,2019-03-05 00:00,2019-03-16 06:00,2019-03-16 06:00,OFCL,OFCL,2120765.0,1550923.0,150287363.23,381934.64,"{0: 221016, 1: 439858, 2: 343517, 3: 1067429, 4: 48945}","{0: 634876, 1: 858766, 2: 57281}",221016.0,634876.0,439858.0,858766.0,343517.0,57281.0,1067429.0,0.0,48945.0,0.0,0.0,0.0
2019,SH182019,IDAI,Mozambique,MOZ,Nampula,MOZ.7_1,2019-03-05 00:00,2019-03-05 00:00,2019-03-16 06:00,2019-03-16 06:00,OFCL,OFCL,3164714.0,481653.0,461577.06,216.33,"{0: 2882466, 1: 282248}",{0: 481653},2882466.0,481653.0,282248.0,0.0,0.0,0.0,0.0,0.0,0.0,0.0,0.0,0.0
2019,SH182019,IDAI,Mozambique,MOZ,Nassa,MOZ.8_1,2019-03-05 00:00,,2019-03-16 06:00,,OFCL,,832439.0,,224125.35,,"{0: 415329, 1: 417110}",,415329.0,,417110.0,,0.0,,0.0,,0.0,,0.0,
2019,SH182019,IDAI,Mozambique,MOZ,Sofala,MOZ.9_1,2019-03-05 00:00,2019-03-05 00:00,2019-03-16 06:00,2019-03-16 06:00,OFCL,OFCL,2110889.0,2012974.0,466927198.56,327118545.61,"{0: 224482, 1: 273218, 2: 277997, 3: 449296, 4: 821787, 5: 64109}","{0: 284359, 1: 462418, 2: 455992, 3: 778518, 4: 31687}",224482.0,284359.0,273218.0,462418.0,277997.0,455992.0,449296.0,778518.0,821787.0,31687.0,64109.0,0.0
2019,SH222019,JOANINHA,Mauritius,MUS,Rodriguez,MUS.10_1,2019-03-22 00:00,,2019-03-31 00:00,,OFCL,,44652.0,,64392383.5,,"{3: 30541, 4: 14111}",,0.0,,0.0,,0.0,,30541.0,,14111.0,,0.0,
2019,SH222019,JOANINHA,Mauritius,MUS,,No Adm1,,2019-03-22 00:00,,2019-03-31 00:00,,OFCL,,43525.0,,503170542.02,,"{3: 10563, 4: 32962}",,0.0,,0.0,,0.0,,10563.0,,32962.0,,0.0
2019,SH242019,KENNETH,Comoros,COM,Anjouan,COM,,2019-04-21 18:00,,2019-04-27 00:00,,OFCL,,61980.0,,2839870.31,,"{1: 17104, 2: 44876}",,0.0,,17104.0,,44876.0,,0.0,,0.0,,0.0
2019,SH242019,KENNETH,Comoros,COM,Moheli,COM,,2019-04-21 18:00,,2019-04-27 00:00,,OFCL,,244837.0,,196494.59,,"{1: 115734, 2: 129103}",,0.0,,115734.0,,129103.0,,0.0,,0.0,,0.0
2019,SH242019,KENNETH,Comoros,COM,Ngazidja,COM,,2019-04-21 18:00,,2019-04-27 00:00,,OFCL,,305005.0,,165918477.74,,"{2: 20410, 3: 192373, 4: 92222}",,0.0,,0.0,,20410.0,,192373.0,,92222.0,,0.0
2019,SH242019,KENNETH,Comoros,COM,Mwali,COM.1_1,2019-04-21 18:00,,2019-04-27 00:00,,OFCL,,67648.0,,8884015.7,,"{2: 25356, 3: 42292}",,0.0,,0.0,,25356.0,,42292.0,,0.0,,0.0,
2019,SH242019,KENNETH,Comoros,COM,Njazídja,COM.2_1,2019-04-21 18:00,,2019-04-27 00:00,,OFCL,,461408.0,,480883903.27,,"{3: 246151, 4: 111845, 5: 103412}",,0.0,,0.0,,0.0,,246151.0,,111845.0,,103412.0,
2019,SH242019,KENNETH,Comoros,COM,Nzwani,COM.3_1,2019-04-21 18:00,,2019-04-27 00:00,,OFCL,,363755.0,,8958078.64,,"{2: 346995, 3: 16760}",,0.0,,0.0,,346995.0,,16760.0,,0.0,,0.0,
2019,SH242019,KENNETH,Madagascar,MDG,Diana,MDG,,2019-04-21 18:00,,2019-04-27 00:00,,OFCL,,312814.0,,757.17,,"{0: 312540, 1: 274}",,312540.0,,274.0,,0.0,,0.0,,0.0,,0.0
2019,SH242019,KENNETH,Madagascar,MDG,Sava,MDG,,2019-04-21 18:00,,2019-04-27 00:00,,OFCL,,3665.0,,0.06,,{0: 3665},,3665.0,,0.0,,0.0,,0.0,,0.0,,0.0
2019,SH242019,KENNETH,Madagascar,MDG,Antsiranana,MDG.2_1,2019-04-21 18:00,,2019-04-27 00:00,,OFCL,,296980.0,,34491.05,,"{0: 185000, 1: 111980}",,185000.0,,111980.0,,0.0,,0.0,,0.0,,0.0,
2019,SH242019,KENNETH,Mozambique,MOZ,Niassa,MOZ,,2019-04-21 18:00,,2019-04-27 00:00,,OFCL,,37317.0,,683.34,,"{0: 36533, 1: 784}",,36533.0,,784.0,,0.0,,0.0,,0.0,,0.0
2019,SH242019,KENNETH,Mozambique,MOZ,Zambezia,MOZ.11_1,2019-04-21 18:00,,2019-04-27 00:00,,OFCL,,230.0,,0.09,,{0: 230},,230.0,,0.0,,0.0,,0.0,,0.0,,0.0,
2019,SH242019,KENNETH,Mozambique,MOZ,Cabo Delgado,MOZ.1_1,2019-04-21 18:00,2019-04-21 18:00,2019-04-27 00:00,2019-04-27 00:00,OFCL,OFCL,2224404.0,2091499.0,366865281.63,93577543.69,"{0: 524, 1: 346131, 2: 579522, 3: 719097, 4: 423085, 5: 156045}","{0: 79236, 1: 758549, 2: 827765, 3: 393090, 4: 31895, 5: 964}",524.0,79236.0,346131.0,758549.0,579522.0,827765.0,719097.0,393090.0,423085.0,31895.0,156045.0,964.0
2019,SH242019,KENNETH,Mozambique,MOZ,Nampula,MOZ.7_1,2019-04-21 18:00,2019-04-21 18:00,2019-04-27 00:00,2019-04-27 00:00,OFCL,OFCL,3571745.0,1634835.0,9097177.07,169803.25,"{0: 1570056, 1: 1573997, 2: 419545, 3: 8147}","{0: 1134830, 1: 500005}",1570056.0,1134830.0,1573997.0,500005.0,419545.0,0.0,8147.0,0.0,0.0,0.0,0.0,0.0
2019,SH242019,KENNETH,Mozambique,MOZ,Nassa,MOZ.8_1,2019-04-21 18:00,,2019-04-27 00:00,,OFCL,,143424.0,,10860.55,,"{0: 138491, 1: 4933}",,138491.0,,4933.0,,0.0,,0.0,,0.0,,0.0,
2019,SH242019,KENNETH,Mayotte,MYT,Koungou,MYT.10_1,2019-04-21 18:00,,2019-04-27 00:00,,OFCL,,41150.0,,473376.33,,{1: 41150},,0.0,,41150.0,,0.0,,0.0,,0.0,,0.0,
2019,SH242019,KENNETH,Mayotte,MYT,M'tsangamouji,MYT.11_1,2019-04-21 18:00,,2019-04-27 00:00,,OFCL,,7178.0,,2760.33,,"{0: 2351, 1: 4827}",,2351.0,,4827.0,,0.0,,0.0,,0.0,,0.0,
2019,SH242019,KENNETH,Mayotte,MYT,Mamoudzou,MYT.12_1,2019-04-21 18:00,,2019-04-27 00:00,,OFCL,,68646.0,,277051.1,,{1: 68646},,0.0,,68646.0,,0.0,,0.0,,0.0,,0.0,
2019,SH242019,KENNETH,Mayotte,MYT,Mtsamboro,MYT.13_1,2019-04-21 18:00,,2019-04-27 00:00,,OFCL,,8487.0,,40727.36,,{1: 8487},,0.0,,8487.0,,0.0,,0.0,,0.0,,0.0,
2019,SH242019,KENNETH,Mayotte,MYT,Ouangani,MYT.14_1,2019-04-21 18:00,,2019-04-27 00:00,,OFCL,,15883.0,,5327.21,,"{0: 853, 1: 15030}",,853.0,,15030.0,,0.0,,0.0,,0.0,,0.0,
2019,SH242019,KENNETH,Mayotte,MYT,Pamandzi,MYT.15_1,2019-04-21 18:00,,2019-04-27 00:00,,OFCL,,12327.0,,41098.29,,{1: 12327},,0.0,,12327.0,,0.0,,0.0,,0.0,,0.0,
2019,SH242019,KENNETH,Mayotte,MYT,Sada,MYT.16_1,2019-04-21 18:00,,2019-04-27 00:00,,OFCL,,12674.0,,143.53,,{0: 12674},,12674.0,,0.0,,0.0,,0.0,,0.0,,0.0,
2019,SH242019,KENNETH,Mayotte,MYT,Tsingoni,MYT.17_1,2019-04-21 18:00,,2019-04-27 00:00,,OFCL,,13243.0,,4251.99,,"{0: 2298, 1: 10945}",,2298.0,,10945.0,,0.0,,0.0,,0.0,,0.0,
2019,SH242019,KENNETH,Mayotte,MYT,Acoua,MYT.1_1,2019-04-21 18:00,,2019-04-27 00:00,,OFCL,,4802.0,,4616.47,,{1: 4802},,0.0,,4802.0,,0.0,,0.0,,0.0,,0.0,
2019,SH242019,KENNETH,Mayotte,MYT,Bandraboua,MYT.2_1,2019-04-21 18:00,,2019-04-27 00:00,,OFCL,,12848.0,,295118.47,,{1: 12848},,0.0,,12848.0,,0.0,,0.0,,0.0,,0.0,
2019,SH242019,KENNETH,Mayotte,MYT,Bandrele,MYT.3_1,2019-04-21 18:00,,2019-04-27 00:00,,OFCL,,10462.0,,28886.98,,{1: 10462},,0.0,,10462.0,,0.0,,0.0,,0.0,,0.0,
2019,SH242019,KENNETH,Mayotte,MYT,Boueni,MYT.4_1,2019-04-21 18:00,,2019-04-27 00:00,,OFCL,,7614.0,,10250.09,,"{0: 993, 1: 6621}",,993.0,,6621.0,,0.0,,0.0,,0.0,,0.0,
2019,SH242019,KENNETH,Mayotte,MYT,Chiconi,MYT.5_1,2019-04-21 18:00,,2019-04-27 00:00,,OFCL,,8615.0,,2450.36,,"{0: 1024, 1: 7591}",,1024.0,,7591.0,,0.0,,0.0,,0.0,,0.0,
2019,SH242019,KENNETH,Mayotte,MYT,Chirongui,MYT.6_1,2019-04-21 18:00,,2019-04-27 00:00,,OFCL,,10610.0,,8959.96,,{1: 10610},,0.0,,10610.0,,0.0,,0.0,,0.0,,0.0,
2019,SH242019,KENNETH,Mayotte,MYT,Dembeni,MYT.7_1,2019-04-21 18:00,,2019-04-27 00:00,,OFCL,,14271.0,,41991.97,,{1: 14271},,0.0,,14271.0,,0.0,,0.0,,0.0,,0.0,
2019,SH242019,KENNETH,Mayotte,MYT,Dzaoudzi,MYT.8_1,2019-04-21 18:00,,2019-04-27 00:00,,OFCL,,16147.0,,48438.59,,{1: 16147},,0.0,,16147.0,,0.0,,0.0,,0.0,,0.0,
2019,SH242019,KENNETH,Mayotte,MYT,Kani-Keli,MYT.9_1,2019-04-21 18:00,,2019-04-27 00:00,,OFCL,,4537.0,,4324.86,,"{0: 1971, 1: 2566}",,1971.0,,2566.0,,0.0,,0.0,,0.0,,0.0,
2019,SH242019,KENNETH,Mayotte,MYT,,No Adm1,,2019-04-21 18:00,,2019-04-27 00:00,,OFCL,,256777.0,,475613.59,,"{0: 95028, 1: 161749}",,95028.0,,161749.0,,0.0,,0.0,,0.0,,0.0
2019,SH242019,KENNETH,Seychelles,SYC,Aldabra,SYC,,2019-04-21 18:00,,2019-04-27 00:00,,OFCL,,14.0,,16.44,,{0: 14},,14.0,,0.0,,0.0,,0.0,,0.0,,0.0
2019,SH242019,KENNETH,Seychelles,SYC,Assumption,SYC,,2019-04-21 18:00,,2019-04-27 00:00,,OFCL,,19.0,,2761.74,,{1: 19},,0.0,,19.0,,0.0,,0.0,,0.0,,0.0
2019,SH242019,KENNETH,Seychelles,SYC,Astove,SYC,,2019-04-21 18:00,,2019-04-27 00:00,,OFCL,,2.0,,25872.07,,"{1: 0, 2: 2}",,0.0,,0.0,,2.0,,0.0,,0.0,,0.0
2019,SH242019,KENNETH,Seychelles,SYC,Cosmoledo,SYC,,2019-04-21 18:00,,2019-04-27 00:00,,OFCL,,1.0,,3263.11,,{1: 1},,0.0,,1.0,,0.0,,0.0,,0.0,,0.0
2019,SH242019,KENNETH,Seychelles,SYC,Farquhar,SYC,,2019-04-21 18:00,,2019-04-27 00:00,,OFCL,,10.0,,1104.35,,"{0: 10, 2: 0}",,10.0,,0.0,,0.0,,0.0,,0.0,,0.0
2019,SH242019,KENNETH,Seychelles,SYC,Grand Anse Mahe,SYC,,2019-04-21 18:00,,2019-04-27 00:00,,OFCL,,0.0,,0.03,,{0: 0},,0.0,,0.0,,0.0,,0.0,,0.0,,0.0
2019,SH242019,KENNETH,Seychelles,SYC,Outer Islands,SYC.20_1,2019-04-21 18:00,,2019-04-27 00:00,,OFCL,,182.0,,19807.01,,"{0: 55, 1: 80, 2: 47}",,55.0,,80.0,,47.0,,0.0,,0.0,,0.0,
2019,SH242019,KENNETH,Tanzania,TZA,Lindi,TZA.10_1,2019-04-21 18:00,2019-04-21 18:00,2019-04-27 00:00,2019-04-27 00:00,OFCL,OFCL,400647.0,4583.0,39174.86,1.14,"{0: 327120, 1: 73527}",{0: 4583},327120.0,4583.0,73527.0,0.0,0.0,0.0,0.0,0.0,0.0,0.0,0.0,0.0
2019,SH242019,KENNETH,Tanzania,TZA,Mtwara,TZA.15_1,2019-04-21 18:00,2019-04-21 18:00,2019-04-27 00:00,2019-04-27 00:00,OFCL,OFCL,1398334.0,733720.0,2511747.23,4436.48,"{0: 132954, 1: 1102477, 2: 162903}",{0: 733720},132954.0,733720.0,1102477.0,0.0,162903.0,0.0,0.0,0.0,0.0,0.0,0.0,0.0
2019,SH242019,KENNETH,Tanzania,TZA,Ruvuma,TZA.22_1,2019-04-21 18:00,,2019-04-27 00:00,,OFCL,,1204.0,,2.07,,{0: 1204},,1204.0,,0.0,,0.0,,0.0,,0.0,,0.0,
2020,SH022020,BELNA,Madagascar,MDG,Amoron'i Mania,MDG,,2019-12-05 00:00,,2019-12-11 06:00,,OFCL,,22661.0,,1282.03,,"{0: 19715, 1: 2946}",,19715.0,,2946.0,,0.0,,0.0,,0.0,,0.0
2020,SH022020,BELNA,Madagascar,MDG,Atsimo Andrefana,MDG,,2019-12-05 00:00,,2019-12-11 06:00,,OFCL,,6614.0,,63.85,,"{0: 6585, 1: 29}",,6585.0,,29.0,,0.0,,0.0,,0.0,,0.0
2020,SH022020,BELNA,Madagascar,MDG,Betsiboka,MDG,,2019-12-05 00:00,,2019-12-11 06:00,,OFCL,,4127.0,,46.85,,"{0: 4018, 1: 109}",,4018.0,,109.0,,0.0,,0.0,,0.0,,0.0
2020,SH022020,BELNA,Madagascar,MDG,Boeny,MDG,,2019-12-05 00:00,,2019-12-11 06:00,,OFCL,,421532.0,,3017009.3,,"{0: 345249, 1: 37677, 2: 21870, 3: 16736}",,345249.0,,37677.0,,21870.0,,16736.0,,0.0,,0.0
2020,SH022020,BELNA,Madagascar,MDG,Bongolava,MDG,,2019-12-05 00:00,,2019-12-11 06:00,,OFCL,,346242.0,,19548.92,,"{0: 255007, 1: 91235}",,255007.0,,91235.0,,0.0,,0.0,,0.0,,0.0
2020,SH022020,BELNA,Madagascar,MDG,Haute Matsiatra,MDG,,2019-12-05 00:00,,2019-12-11 06:00,,OFCL,,794.0,,0.21,,{0: 794},,794.0,,0.0,,0.0,,0.0,,0.0,,0.0
2020,SH022020,BELNA,Madagascar,MDG,Itasy,MDG,,2019-12-05 00:00,,2019-12-11 06:00,,OFCL,,3916.0,,0.1,,{0: 3916},,3916.0,,0.0,,0.0,,0.0,,0.0,,0.0
2020,SH022020,BELNA,Madagascar,MDG,Melaky,MDG,,2019-12-05 00:00,,2019-12-11 06:00,,OFCL,,271124.0,,4571751.0,,"{0: 81608, 1: 124262, 2: 49729, 3: 15525}",,81608.0,,124262.0,,49729.0,,15525.0,,0.0,,0.0
2020,SH022020,BELNA,Madagascar,MDG,Menabe,MDG,,2019-12-05 00:00,,2019-12-11 06:00,,OFCL,,458811.0,,1395296.99,,"{0: 70039, 1: 339958, 2: 48814}",,70039.0,,339958.0,,48814.0,,0.0,,0.0,,0.0
2020,SH022020,BELNA,Madagascar,MDG,Vakinakaratra,MDG,,2019-12-05 00:00,,2019-12-11 06:00,,OFCL,,59208.0,,285.64,,"{0: 58784, 1: 424}",,58784.0,,424.0,,0.0,,0.0,,0.0,,0.0
2020,SH022020,BELNA,Madagascar,MDG,Antananarivo,MDG.1_1,2019-12-05 00:00,,2019-12-11 06:00,,OFCL,,742484.0,,245359.7,,"{0: 519438, 1: 220317, 2: 2729}",,519438.0,,220317.0,,2729.0,,0.0,,0.0,,0.0,
2020,SH022020,BELNA,Madagascar,MDG,Antsiranana,MDG.2_1,2019-12-05 00:00,,2019-12-11 06:00,,OFCL,,28.0,,0.18,,{0: 28},,28.0,,0.0,,0.0,,0.0,,0.0,,0.0,
2020,SH022020,BELNA,Madagascar,MDG,Fianarantsoa,MDG.3_1,2019-12-05 00:00,,2019-12-11 06:00,,OFCL,,49904.0,,16068.56,,"{0: 30153, 1: 19751}",,30153.0,,19751.0,,0.0,,0.0,,0.0,,0.0,
2020,SH022020,BELNA,Madagascar,MDG,Mahajanga,MDG.4_1,2019-12-05 00:00,,2019-12-11 06:00,,OFCL,,1293303.0,,13228401.1,,"{0: 359652, 1: 591404, 2: 208115, 3: 133392, 4: 740}",,359652.0,,591404.0,,208115.0,,133392.0,,740.0,,0.0,
2020,SH022020,BELNA,Madagascar,MDG,Toliary,MDG.6_1,2019-12-05 00:00,,2019-12-11 06:00,,OFCL,,677631.0,,3315365.34,,"{0: 82834, 1: 410126, 2: 170696, 3: 13975}",,82834.0,,410126.0,,170696.0,,13975.0,,0.0,,0.0,
2020,SH022020,BELNA,Seychelles,SYC,Aldabra,SYC,,2019-12-05 00:00,,2019-12-11 06:00,,OFCL,,0.0,,0.09,,{0: 0},,0.0,,0.0,,0.0,,0.0,,0.0,,0.0
2020,SH022020,BELNA,Seychelles,SYC,Assumption,SYC,,2019-12-05 00:00,,2019-12-11 06:00,,OFCL,,19.0,,106769.31,,"{0: 19, 3: 0}",,19.0,,0.0,,0.0,,0.0,,0.0,,0.0
2020,SH022020,BELNA,Seychelles,SYC,Astove,SYC,,2019-12-05 00:00,,2019-12-11 06:00,,OFCL,,2.0,,1034059.89,,{3: 2},,0.0,,0.0,,0.0,,2.0,,0.0,,0.0
2020,SH022020,BELNA,Seychelles,SYC,Cosmoledo,SYC,,2019-12-05 00:00,,2019-12-11 06:00,,OFCL,,1.0,,514290.18,,"{0: 0, 3: 1}",,0.0,,0.0,,0.0,,1.0,,0.0,,0.0
2020,SH022020,BELNA,Seychelles,SYC,Farquhar,SYC,,2019-12-05 00:00,,2019-12-11 06:00,,OFCL,,0.0,,42035.48,,{3: 0},,0.0,,0.0,,0.0,,0.0,,0.0,,0.0
2020,SH022020,BELNA,Seychelles,SYC,Outer Islands,SYC.20_1,2019-12-05 00:00,,2019-12-11 06:00,,OFCL,,73.0,,188919.97,,"{0: 26, 3: 47}",,26.0,,0.0,,0.0,,47.0,,0.0,,0.0,
2020,SH052020,CALVINIA,Mauritius,MUS,Savanne,MUS.12_1,2019-12-17 12:00,,2020-01-03 18:00,,OFCL,,70087.0,,3132067.77,,"{1: 14568, 2: 55519}",,0.0,,14568.0,,55519.0,,0.0,,0.0,,0.0,
2020,SH052020,CALVINIA,Mauritius,MUS,Black River,MUS.2_1,2019-12-17 12:00,,2020-01-03 18:00,,OFCL,,94560.0,,4031292.83,,"{1: 863, 2: 93697}",,0.0,,863.0,,93697.0,,0.0,,0.0,,0.0,
2020,SH052020,CALVINIA,Mauritius,MUS,Flacq,MUS.3_1,2019-12-17 12:00,,2020-01-03 18:00,,OFCL,,140810.0,,3039120.86,,"{1: 116833, 2: 23977}",,0.0,,116833.0,,23977.0,,0.0,,0.0,,0.0,
2020,SH052020,CALVINIA,Mauritius,MUS,Grand Port,MUS.4_1,2019-12-17 12:00,,2020-01-03 18:00,,OFCL,,113523.0,,3145758.94,,"{1: 32337, 2: 81186}",,0.0,,32337.0,,81186.0,,0.0,,0.0,,0.0,
2020,SH052020,CALVINIA,Mauritius,MUS,Moka,MUS.5_1,2019-12-17 12:00,,2020-01-03 18:00,,OFCL,,88800.0,,2691151.86,,"{1: 26788, 2: 62012}",,0.0,,26788.0,,62012.0,,0.0,,0.0,,0.0,
2020,SH052020,CALVINIA,Mauritius,MUS,Pamplemousses,MUS.6_1,2019-12-17 12:00,,2020-01-03 18:00,,OFCL,,148742.0,,4508465.94,,"{1: 31329, 2: 117413}",,0.0,,31329.0,,117413.0,,0.0,,0.0,,0.0,
2020,SH052020,CALVINIA,Mauritius,MUS,Plaines Wilhems,MUS.7_1,2019-12-17 12:00,,2020-01-03 18:00,,OFCL,,365517.0,,10265746.75,,"{1: 85024, 2: 280493}",,0.0,,85024.0,,280493.0,,0.0,,0.0,,0.0,
2020,SH052020,CALVINIA,Mauritius,MUS,Port Louis,MUS.8_1,2019-12-17 12:00,,2020-01-03 18:00,,OFCL,,111040.0,,3198190.81,,"{1: 15121, 2: 95919}",,0.0,,15121.0,,95919.0,,0.0,,0.0,,0.0,
2020,SH052020,CALVINIA,Mauritius,MUS,Rivière du Rempart,MUS.9_1,2019-12-17 12:00,,2020-01-03 18:00,,OFCL,,113200.0,,2147553.84,,"{1: 97004, 2: 16196}",,0.0,,97004.0,,16196.0,,0.0,,0.0,,0.0,
2020,SH052020,CALVINIA,Reunion,REU,Saint-Benoît,REU.1_1,2019-12-17 12:00,,2020-01-03 18:00,,OFCL,,63.0,,14.22,,{0: 63},,63.0,,0.0,,0.0,,0.0,,0.0,,0.0,
2020,SH052020,CALVINIA,Reunion,REU,Saint-Paul,REU.3_1,2019-12-17 12:00,,2020-01-03 18:00,,OFCL,,120.0,,27603.87,,{0: 120},,120.0,,0.0,,0.0,,0.0,,0.0,,0.0,
2020,SH052020,CALVINIA,Reunion,REU,Saint-Pierre,REU.4_1,2019-12-17 12:00,,2020-01-03 18:00,,OFCL,,906.0,,14690.93,,{0: 906},,906.0,,0.0,,0.0,,0.0,,0.0,,0.0,
2020,SH102020,DIANE,Madagascar,MDG,Mahajanga,MDG.4_1,2020-01-22 12:00,,2020-01-29 18:00,,OFCL,,748.0,,0.62,,{0: 748},,748.0,,0.0,,0.0,,0.0,,0.0,,0.0,
2020,SH102020,DIANE,Madagascar,MDG,Toamasina,MDG.5_1,2020-01-22 12:00,,2020-01-29 18:00,,OFCL,,342809.0,,4942.54,,{0: 342809},,342809.0,,0.0,,0.0,,0.0,,0.0,,0.0,
2020,SH102020,DIANE,Mauritius,MUS,Riviere Du Rempart,MUS,,2020-01-22 12:00,,2020-01-29 18:00,,OFCL,,0.0,,0.08,,{0: 0},,0.0,,0.0,,0.0,,0.0,,0.0,,0.0
2020,SH102020,DIANE,Mauritius,MUS,Rodriguez,MUS.10_1,2020-01-22 12:00,,2020-01-29 18:00,,OFCL,,5912.0,,2.49,,{0: 5912},,5912.0,,0.0,,0.0,,0.0,,0.0,,0.0,
2020,SH102020,DIANE,Mauritius,MUS,Savanne,MUS.12_1,2020-01-22 12:00,,2020-01-29 18:00,,OFCL,,16339.0,,16.41,,{0: 16339},,16339.0,,0.0,,0.0,,0.0,,0.0,,0.0,
2020,SH102020,DIANE,Mauritius,MUS,Black River,MUS.2_1,2020-01-22 12:00,,2020-01-29 18:00,,OFCL,,17835.0,,85.34,,{0: 17835},,17835.0,,0.0,,0.0,,0.0,,0.0,,0.0,
2020,SH102020,DIANE,Mauritius,MUS,Flacq,MUS.3_1,2020-01-22 12:00,,2020-01-29 18:00,,OFCL,,90712.0,,16468.41,,"{0: 88193, 1: 2519}",,88193.0,,2519.0,,0.0,,0.0,,0.0,,0.0,
2020,SH102020,DIANE,Mauritius,MUS,Grand Port,MUS.4_1,2020-01-22 12:00,,2020-01-29 18:00,,OFCL,,50463.0,,4751.1,,{0: 50463},,50463.0,,0.0,,0.0,,0.0,,0.0,,0.0,
2020,SH102020,DIANE,Mauritius,MUS,Moka,MUS.5_1,2020-01-22 12:00,,2020-01-29 18:00,,OFCL,,41823.0,,3535.24,,{0: 41823},,41823.0,,0.0,,0.0,,0.0,,0.0,,0.0,
2020,SH102020,DIANE,Mauritius,MUS,Pamplemousses,MUS.6_1,2020-01-22 12:00,,2020-01-29 18:00,,OFCL,,63764.0,,9553.89,,"{0: 61807, 1: 1957}",,61807.0,,1957.0,,0.0,,0.0,,0.0,,0.0,
2020,SH102020,DIANE,Mauritius,MUS,Plaines Wilhems,MUS.7_1,2020-01-22 12:00,,2020-01-29 18:00,,OFCL,,38111.0,,403.24,,{0: 38111},,38111.0,,0.0,,0.0,,0.0,,0.0,,0.0,
2020,SH102020,DIANE,Mauritius,MUS,Port Louis,MUS.8_1,2020-01-22 12:00,,2020-01-29 18:00,,OFCL,,10769.0,,151.75,,{0: 10769},,10769.0,,0.0,,0.0,,0.0,,0.0,,0.0,
2020,SH102020,DIANE,Mauritius,MUS,Rivière du Rempart,MUS.9_1,2020-01-22 12:00,,2020-01-29 18:00,,OFCL,,90606.0,,17243.86,,{0: 90606},,90606.0,,0.0,,0.0,,0.0,,0.0,,0.0,
2020,SH102020,DIANE,Mauritius,MUS,,No Adm1,,2020-01-22 12:00,,2020-01-29 18:00,,OFCL,,34085.0,,234.77,,{0: 34085},,34085.0,,0.0,,0.0,,0.0,,0.0,,0.0
2020,SH132020,FRANCISCO,Madagascar,MDG,Analanjirofo,MDG,,2020-02-03 06:00,,2020-02-15 18:00,,OFCL,,718.0,,0.02,,{0: 718},,718.0,,0.0,,0.0,,0.0,,0.0,,0.0
2020,SH132020,FRANCISCO,Madagascar,MDG,Atsinanana,MDG,,2020-02-03 06:00,,2020-02-15 18:00,,OFCL,,63106.0,,63.41,,{0: 63106},,63106.0,,0.0,,0.0,,0.0,,0.0,,0.0
2020,SH132020,FRANCISCO,Madagascar,MDG,Vatovavy Fitovinany,MDG,,2020-02-03 06:00,,2020-02-15 18:00,,OFCL,,10612.0,,5.31,,{0: 10612},,10612.0,,0.0,,0.0,,0.0,,0.0,,0.0
2020,SH132020,FRANCISCO,Madagascar,MDG,Fianarantsoa,MDG.3_1,2020-02-03 06:00,,2020-02-15 18:00,,OFCL,,50481.0,,468.18,,"{0: 50424, 1: 57}",,50424.0,,57.0,,0.0,,0.0,,0.0,,0.0,
2020,SH132020,FRANCISCO,Madagascar,MDG,Toamasina,MDG.5_1,2020-02-03 06:00,,2020-02-15 18:00,,OFCL,,177822.0,,1920.46,,{0: 177822},,177822.0,,0.0,,0.0,,0.0,,0.0,,0.0,
2020,SH222020,HEROLD,Madagascar,MDG,Analanjirofo,MDG,,2020-03-13 06:00,,2020-03-19 18:00,,OFCL,,241620.0,,18847.34,,"{0: 194719, 1: 46901}",,194719.0,,46901.0,,0.0,,0.0,,0.0,,0.0
2020,SH222020,HEROLD,Madagascar,MDG,Diana,MDG,,2020-03-13 06:00,,2020-03-19 18:00,,OFCL,,3398.0,,0.08,,{0: 3398},,3398.0,,0.0,,0.0,,0.0,,0.0,,0.0
2020,SH222020,HEROLD,Madagascar,MDG,Sava,MDG,,2020-03-13 06:00,,2020-03-19 18:00,,OFCL,,656989.0,,260210.57,,"{0: 411408, 1: 235690, 2: 9891}",,411408.0,,235690.0,,9891.0,,0.0,,0.0,,0.0
2020,SH222020,HEROLD,Madagascar,MDG,Sofia,MDG,,2020-03-13 06:00,,2020-03-19 18:00,,OFCL,,136549.0,,461.93,,"{0: 136489, 1: 60}",,136489.0,,60.0,,0.0,,0.0,,0.0,,0.0
2020,SH222020,HEROLD,Madagascar,MDG,Antsiranana,MDG.2_1,2020-03-13 06:00,,2020-03-19 18:00,,OFCL,,868579.0,,1841414.57,,"{0: 455020, 1: 288457, 2: 122309, 3: 2793}",,455020.0,,288457.0,,122309.0,,2793.0,,0.0,,0.0,
2020,SH222020,HEROLD,Madagascar,MDG,Mahajanga,MDG.4_1,2020-03-13 06:00,,2020-03-19 18:00,,OFCL,,291638.0,,22358.07,,"{0: 254113, 1: 37525}",,254113.0,,37525.0,,0.0,,0.0,,0.0,,0.0,
2020,SH222020,HEROLD,Madagascar,MDG,Toamasina,MDG.5_1,2020-03-13 06:00,,2020-03-19 18:00,,OFCL,,439409.0,,352723.56,,"{0: 298457, 1: 140903, 2: 49}",,298457.0,,140903.0,,49.0,,0.0,,0.0,,0.0,
2020,SH222020,HEROLD,Mauritius,MUS,Rodriguez,MUS.10_1,2020-03-13 06:00,,2020-03-19 18:00,,OFCL,,44652.0,,8013551.04,,"{2: 44517, 3: 135}",,0.0,,0.0,,44517.0,,135.0,,0.0,,0.0,
2020,SH222020,HEROLD,Mauritius,MUS,Black River,MUS.2_1,2020-03-13 06:00,,2020-03-19 18:00,,OFCL,,2266.0,,194819.52,,{0: 2266},,2266.0,,0.0,,0.0,,0.0,,0.0,,0.0,
2020,SH222020,HEROLD,Mauritius,MUS,Flacq,MUS.3_1,2020-03-13 06:00,,2020-03-19 18:00,,OFCL,,2.0,,104.67,,{0: 2},,2.0,,0.0,,0.0,,0.0,,0.0,,0.0,
2020,SH222020,HEROLD,Mauritius,MUS,Pamplemousses,MUS.6_1,2020-03-13 06:00,,2020-03-19 18:00,,OFCL,,3.0,,84.86,,{0: 3},,3.0,,0.0,,0.0,,0.0,,0.0,,0.0,
2020,SH222020,HEROLD,Mauritius,MUS,Port Louis,MUS.8_1,2020-03-13 06:00,,2020-03-19 18:00,,OFCL,,142.0,,19018.99,,{0: 142},,142.0,,0.0,,0.0,,0.0,,0.0,,0.0,
2020,SH222020,HEROLD,Mauritius,MUS,,No Adm1,,2020-03-13 06:00,,2020-03-19 18:00,,OFCL,,43525.0,,44403813.32,,"{2: 22290, 3: 21235}",,0.0,,0.0,,22290.0,,21235.0,,0.0,,0.0
2021,SH072021,CHALANE,Madagascar,MDG,Alaotra Mangoro,MDG,,2020-12-21 18:00,,2020-12-31 06:00,,OFCL,,351183.0,,490.52,,{0: 351183},,351183.0,,0.0,,0.0,,0.0,,0.0,,0.0
2021,SH072021,CHALANE,Madagascar,MDG,Amoron'i Mania,MDG,,2020-12-21 18:00,,2020-12-31 06:00,,OFCL,,2417.0,,0.85,,{0: 2417},,2417.0,,0.0,,0.0,,0.0,,0.0,,0.0
2021,SH072021,CHALANE,Madagascar,MDG,Analamanga,MDG,,2020-12-21 18:00,,2020-12-31 06:00,,OFCL,,2112949.0,,541.67,,{0: 2112949},,2112949.0,,0.0,,0.0,,0.0,,0.0,,0.0
2021,SH072021,CHALANE,Madagascar,MDG,Analanjirofo,MDG,,2020-12-21 18:00,,2020-12-31 06:00,,OFCL,,244960.0,,252.1,,{0: 244960},,244960.0,,0.0,,0.0,,0.0,,0.0,,0.0
2021,SH072021,CHALANE,Madagascar,MDG,Atsinanana,MDG,,2020-12-21 18:00,,2020-12-31 06:00,,OFCL,,390667.0,,272.99,,{0: 390667},,390667.0,,0.0,,0.0,,0.0,,0.0,,0.0
2021,SH072021,CHALANE,Madagascar,MDG,Bongolava,MDG,,2020-12-21 18:00,,2020-12-31 06:00,,OFCL,,258123.0,,177.0,,{0: 258123},,258123.0,,0.0,,0.0,,0.0,,0.0,,0.0
2021,SH072021,CHALANE,Madagascar,MDG,Itasy,MDG,,2020-12-21 18:00,,2020-12-31 06:00,,OFCL,,532487.0,,1154.91,,{0: 532487},,532487.0,,0.0,,0.0,,0.0,,0.0,,0.0
2021,SH072021,CHALANE,Madagascar,MDG,Menabe,MDG,,2020-12-21 18:00,,2020-12-31 06:00,,OFCL,,362817.0,,131.69,,{0: 362817},,362817.0,,0.0,,0.0,,0.0,,0.0,,0.0
2021,SH072021,CHALANE,Madagascar,MDG,Vakinakaratra,MDG,,2020-12-21 18:00,,2020-12-31 06:00,,OFCL,,336950.0,,775.93,,"{0: 336849, 1: 101}",,336849.0,,101.0,,0.0,,0.0,,0.0,,0.0
2021,SH072021,CHALANE,Madagascar,MDG,Antananarivo,MDG.1_1,2020-12-21 18:00,,2020-12-31 06:00,,OFCL,,7562027.0,,3894645.09,,"{0: 1807260, 1: 5754767}",,1807260.0,,5754767.0,,0.0,,0.0,,0.0,,0.0,
2021,SH072021,CHALANE,Madagascar,MDG,Antsiranana,MDG.2_1,2020-12-21 18:00,,2020-12-31 06:00,,OFCL,,1346.0,,0.62,,{0: 1346},,1346.0,,0.0,,0.0,,0.0,,0.0,,0.0,
2021,SH072021,CHALANE,Madagascar,MDG,Fianarantsoa,MDG.3_1,2020-12-21 18:00,,2020-12-31 06:00,,OFCL,,19034.0,,71.99,,{0: 19034},,19034.0,,0.0,,0.0,,0.0,,0.0,,0.0,
2021,SH072021,CHALANE,Madagascar,MDG,Mahajanga,MDG.4_1,2020-12-21 18:00,,2020-12-31 06:00,,OFCL,,93965.0,,2765.47,,"{0: 90691, 1: 3274}",,90691.0,,3274.0,,0.0,,0.0,,0.0,,0.0,
2021,SH072021,CHALANE,Madagascar,MDG,Toamasina,MDG.5_1,2020-12-21 18:00,,2020-12-31 06:00,,OFCL,,2584326.0,,718954.7,,"{0: 1367689, 1: 1216637}",,1367689.0,,1216637.0,,0.0,,0.0,,0.0,,0.0,
2021,SH072021,CHALANE,Madagascar,MDG,Toliary,MDG.6_1,2020-12-21 18:00,,2020-12-31 06:00,,OFCL,,480281.0,,19142.77,,"{0: 473314, 1: 6967}",,473314.0,,6967.0,,0.0,,0.0,,0.0,,0.0,
2021,SH072021,CHALANE,Mozambique,MOZ,Zambezia,MOZ.11_1,2020-12-21 18:00,2020-12-21 18:00,2020-12-31 06:00,2020-12-31 06:00,OFCL,OFCL,131244.0,48825.0,95976.67,1598.68,"{0: 74248, 1: 56103, 2: 893}","{0: 33681, 1: 15144}",74248.0,33681.0,56103.0,15144.0,893.0,0.0,0.0,0.0,0.0,0.0,0.0,0.0
2021,SH072021,CHALANE,Mozambique,MOZ,Inhambane,MOZ.3_1,2020-12-21 18:00,,2020-12-31 06:00,,OFCL,,17189.0,,491.57,,{0: 17189},,17189.0,,0.0,,0.0,,0.0,,0.0,,0.0,
2021,SH072021,CHALANE,Mozambique,MOZ,Manica,MOZ.4_1,2020-12-21 18:00,2020-12-21 18:00,2020-12-31 06:00,2020-12-31 06:00,OFCL,OFCL,1416888.0,131827.0,839948.5,97.13,"{0: 445345, 1: 970649, 2: 894}",{0: 131827},445345.0,131827.0,970649.0,0.0,894.0,0.0,0.0,0.0,0.0,0.0,0.0,0.0
2021,SH072021,CHALANE,Mozambique,MOZ,Sofala,MOZ.9_1,2020-12-21 18:00,2020-12-21 18:00,2020-12-31 06:00,2020-12-31 06:00,OFCL,OFCL,1899651.0,1377117.0,18525227.64,1229143.91,"{0: 479583, 1: 590429, 2: 797845, 3: 31794}","{0: 496353, 1: 823000, 2: 57764}",479583.0,496353.0,590429.0,823000.0,797845.0,57764.0,31794.0,0.0,0.0,0.0,0.0,0.0
2021,SH122021,ELOISE,Madagascar,MDG,Alaotra Mangoro,MDG,,2021-01-11 18:00,,2021-01-24 00:00,,OFCL,,65777.0,,232.16,,"{0: 64681, 1: 1096}",,64681.0,,1096.0,,0.0,,0.0,,0.0,,0.0
2021,SH122021,ELOISE,Madagascar,MDG,Analamanga,MDG,,2021-01-11 18:00,,2021-01-24 00:00,,OFCL,,3857.0,,0.07,,{0: 3857},,3857.0,,0.0,,0.0,,0.0,,0.0,,0.0
2021,SH122021,ELOISE,Madagascar,MDG,Analanjirofo,MDG,,2021-01-11 18:00,,2021-01-24 00:00,,OFCL,,659139.0,,156652.34,,"{0: 364623, 1: 294516}",,364623.0,,294516.0,,0.0,,0.0,,0.0,,0.0
2021,SH122021,ELOISE,Madagascar,MDG,Betsiboka,MDG,,2021-01-11 18:00,,2021-01-24 00:00,,OFCL,,146311.0,,154.4,,{0: 146311},,146311.0,,0.0,,0.0,,0.0,,0.0,,0.0
2021,SH122021,ELOISE,Madagascar,MDG,Boeny,MDG,,2021-01-11 18:00,,2021-01-24 00:00,,OFCL,,955854.0,,4033.14,,"{0: 955794, 1: 60}",,955794.0,,60.0,,0.0,,0.0,,0.0,,0.0
2021,SH122021,ELOISE,Madagascar,MDG,Bongolava,MDG,,2021-01-11 18:00,,2021-01-24 00:00,,OFCL,,51.0,,0.0,,{0: 51},,51.0,,0.0,,0.0,,0.0,,0.0,,0.0
2021,SH122021,ELOISE,Madagascar,MDG,Diana,MDG,,2021-01-11 18:00,,2021-01-24 00:00,,OFCL,,737.0,,0.0,,{0: 737},,737.0,,0.0,,0.0,,0.0,,0.0,,0.0
2021,SH122021,ELOISE,Madagascar,MDG,Melaky,MDG,,2021-01-11 18:00,,2021-01-24 00:00,,OFCL,,30.0,,0.0,,{0: 30},,30.0,,0.0,,0.0,,0.0,,0.0,,0.0
2021,SH122021,ELOISE,Madagascar,MDG,Sava,MDG,,2021-01-11 18:00,,2021-01-24 00:00,,OFCL,,449386.0,,53722.84,,"{0: 328973, 1: 120413}",,328973.0,,120413.0,,0.0,,0.0,,0.0,,0.0
2021,SH122021,ELOISE,Madagascar,MDG,Sofia,MDG,,2021-01-11 18:00,,2021-01-24 00:00,,OFCL,,1093247.0,,50627.22,,"{0: 886304, 1: 206943}",,886304.0,,206943.0,,0.0,,0.0,,0.0,,0.0
2021,SH122021,ELOISE,Madagascar,MDG,Antananarivo,MDG.1_1,2021-01-11 18:00,,2021-01-24 00:00,,OFCL,,4598955.0,,1014108.43,,"{0: 2192502, 1: 2406453}",,2192502.0,,2406453.0,,0.0,,0.0,,0.0,,0.0,
2021,SH122021,ELOISE,Madagascar,MDG,Antsiranana,MDG.2_1,2021-01-11 18:00,,2021-01-24 00:00,,OFCL,,720925.0,,578666.64,,"{0: 391506, 1: 297389, 2: 32030}",,391506.0,,297389.0,,32030.0,,0.0,,0.0,,0.0,
2021,SH122021,ELOISE,Madagascar,MDG,Mahajanga,MDG.4_1,2021-01-11 18:00,,2021-01-24 00:00,,OFCL,,3645340.0,,3180908.34,,"{0: 873823, 1: 2764228, 2: 7289}",,873823.0,,2764228.0,,7289.0,,0.0,,0.0,,0.0,
2021,SH122021,ELOISE,Madagascar,MDG,Toamasina,MDG.5_1,2021-01-11 18:00,,2021-01-24 00:00,,OFCL,,1913591.0,,2279215.7,,"{0: 1106846, 1: 705624, 2: 101121}",,1106846.0,,705624.0,,101121.0,,0.0,,0.0,,0.0,
2021,SH122021,ELOISE,Madagascar,MDG,Toliary,MDG.6_1,2021-01-11 18:00,,2021-01-24 00:00,,OFCL,,91591.0,,19407.75,,"{0: 61972, 1: 29619}",,61972.0,,29619.0,,0.0,,0.0,,0.0,,0.0,
2021,SH122021,ELOISE,Mozambique,MOZ,Tete,MOZ.10_1,2021-01-11 18:00,,2021-01-24 00:00,,OFCL,,90.0,,0.01,,{0: 90},,90.0,,0.0,,0.0,,0.0,,0.0,,0.0,
2021,SH122021,ELOISE,Mozambique,MOZ,Zambezia,MOZ.11_1,2021-01-11 18:00,,2021-01-24 00:00,,OFCL,,1884099.0,,4133590.13,,"{0: 805372, 1: 934211, 2: 122882, 3: 21634}",,805372.0,,934211.0,,122882.0,,21634.0,,0.0,,0.0,
2021,SH122021,ELOISE,Mozambique,MOZ,Gaza,MOZ.2_1,2021-01-11 18:00,,2021-01-24 00:00,,OFCL,,213563.0,,376526.22,,"{0: 114640, 1: 79663, 2: 19260}",,114640.0,,79663.0,,19260.0,,0.0,,0.0,,0.0,
2021,SH122021,ELOISE,Mozambique,MOZ,Inhambane,MOZ.3_1,2021-01-11 18:00,,2021-01-24 00:00,,OFCL,,387282.0,,2892656.15,,"{0: 117363, 1: 186704, 2: 52551, 3: 30664}",,117363.0,,186704.0,,52551.0,,30664.0,,0.0,,0.0,
2021,SH122021,ELOISE,Mozambique,MOZ,Manica,MOZ.4_1,2021-01-11 18:00,,2021-01-24 00:00,,OFCL,,1793924.0,,23722834.22,,"{0: 175514, 1: 972824, 2: 476716, 3: 168870}",,175514.0,,972824.0,,476716.0,,168870.0,,0.0,,0.0,
2021,SH122021,ELOISE,Mozambique,MOZ,Maputo,MOZ.6_1,2021-01-11 18:00,,2021-01-24 00:00,,OFCL,,5895.0,,108.09,,{0: 5895},,5895.0,,0.0,,0.0,,0.0,,0.0,,0.0,
2021,SH122021,ELOISE,Mozambique,MOZ,Nampula,MOZ.7_1,2021-01-11 18:00,,2021-01-24 00:00,,OFCL,,553125.0,,35734.28,,"{0: 514938, 1: 38187}",,514938.0,,38187.0,,0.0,,0.0,,0.0,,0.0,
2021,SH122021,ELOISE,Mozambique,MOZ,Sofala,MOZ.9_1,2021-01-11 18:00,,2021-01-24 00:00,,OFCL,,1992903.0,,181222564.27,,"{0: 293680, 1: 393978, 2: 259231, 3: 686419, 4: 359595}",,293680.0,,393978.0,,259231.0,,686419.0,,359595.0,,0.0,
2021,SH212021,GUAMBE,Madagascar,MDG,Androy,MDG,,2021-02-14 00:00,,2021-02-22 06:00,,OFCL,,227439.0,,83.77,,{0: 227439},,227439.0,,0.0,,0.0,,0.0,,0.0,,0.0
2021,SH212021,GUAMBE,Madagascar,MDG,Anosy,MDG,,2021-02-14 00:00,,2021-02-22 06:00,,OFCL,,26325.0,,9283.65,,{0: 26325},,26325.0,,0.0,,0.0,,0.0,,0.0,,0.0
2021,SH212021,GUAMBE,Madagascar,MDG,Atsimo Andrefana,MDG,,2021-02-14 00:00,,2021-02-22 06:00,,OFCL,,155525.0,,397.9,,{0: 155525},,155525.0,,0.0,,0.0,,0.0,,0.0,,0.0
2021,SH212021,GUAMBE,Madagascar,MDG,Atsimo Atsinanana,MDG,,2021-02-14 00:00,,2021-02-22 06:00,,OFCL,,25724.0,,29.46,,{0: 25724},,25724.0,,0.0,,0.0,,0.0,,0.0,,0.0
2021,SH212021,GUAMBE,Madagascar,MDG,Ihorombe,MDG,,2021-02-14 00:00,,2021-02-22 06:00,,OFCL,,232.0,,0.0,,{0: 232},,232.0,,0.0,,0.0,,0.0,,0.0,,0.0
2021,SH212021,GUAMBE,Mozambique,MOZ,Zambezia,MOZ.11_1,2021-02-14 00:00,,2021-02-22 06:00,,OFCL,,35306.0,,138.64,,{0: 35306},,35306.0,,0.0,,0.0,,0.0,,0.0,,0.0,
2021,SH212021,GUAMBE,Mozambique,MOZ,Gaza,MOZ.2_1,2021-02-14 00:00,2021-02-14 00:00,2021-02-22 06:00,2021-02-22 06:00,OFCL,OFCL,313386.0,506567.0,10574.53,969.05,"{0: 299277, 1: 14109}","{0: 501605, 1: 4962}",299277.0,501605.0,14109.0,4962.0,0.0,0.0,0.0,0.0,0.0,0.0,0.0,0.0
2021,SH212021,GUAMBE,Mozambique,MOZ,Inhambane,MOZ.3_1,2021-02-14 00:00,2021-02-14 00:00,2021-02-22 06:00,2021-02-22 06:00,OFCL,OFCL,1451879.0,1224186.0,1268058.74,275453.79,"{0: 341398, 1: 1110052, 2: 429}","{0: 313687, 1: 910499}",341398.0,313687.0,1110052.0,910499.0,429.0,0.0,0.0,0.0,0.0,0.0,0.0,0.0
2021,SH212021,GUAMBE,Mozambique,MOZ,Manica,MOZ.4_1,2021-02-14 00:00,,2021-02-22 06:00,,OFCL,,10456.0,,17.74,,{0: 10456},,10456.0,,0.0,,0.0,,0.0,,0.0,,0.0,
2021,SH212021,GUAMBE,Mozambique,MOZ,Sofala,MOZ.9_1,2021-02-14 00:00,,2021-02-22 06:00,,OFCL,,815420.0,,27998.94,,"{0: 790512, 1: 24908}",,790512.0,,24908.0,,0.0,,0.0,,0.0,,0.0,
2021,SH252021,IMAN,Madagascar,MDG,Antananarivo,MDG.1_1,2021-03-04 00:00,,2021-03-09 00:00,,OFCL,,1259028.0,,33730.54,,"{0: 1249423, 1: 9605}",,1249423.0,,9605.0,,0.0,,0.0,,0.0,,0.0,
2021,SH252021,IMAN,Madagascar,MDG,Mahajanga,MDG.4_1,2021-03-04 00:00,,2021-03-09 00:00,,OFCL,,401601.0,,25921.19,,"{0: 382154, 1: 19447}",,382154.0,,19447.0,,0.0,,0.0,,0.0,,0.0,
2021,SH252021,IMAN,Madagascar,MDG,Toamasina,MDG.5_1,2021-03-04 00:00,,2021-03-09 00:00,,OFCL,,82262.0,,94.68,,{0: 82262},,82262.0,,0.0,,0.0,,0.0,,0.0,,0.0,
2021,SH252021,IMAN,Madagascar,MDG,Toliary,MDG.6_1,2021-03-04 00:00,,2021-03-09 00:00,,OFCL,,4876.0,,38.91,,{0: 4876},,4876.0,,0.0,,0.0,,0.0,,0.0,,0.0,
2021,SH252021,IMAN,Mozambique,MOZ,Nampula,MOZ.7_1,2021-03-04 00:00,,2021-03-09 00:00,,OFCL,,227732.0,,592.53,,{0: 227732},,227732.0,,0.0,,0.0,,0.0,,0.0,,0.0,
2021,SH252021,IMAN,Reunion,REU,Saint-Benoît,REU.1_1,2021-03-04 00:00,,2021-03-09 00:00,,OFCL,,193.0,,70.87,,{0: 193},,193.0,,0.0,,0.0,,0.0,,0.0,,0.0,
2021,SH252021,IMAN,Reunion,REU,Saint-Denis,REU.2_1,2021-03-04 00:00,,2021-03-09 00:00,,OFCL,,5384.0,,229.71,,{0: 5384},,5384.0,,0.0,,0.0,,0.0,,0.0,,0.0,
2021,SH252021,IMAN,Reunion,REU,Saint-Paul,REU.3_1,2021-03-04 00:00,,2021-03-09 00:00,,OFCL,,53590.0,,2843.27,,"{0: 53533, 1: 57}",,53533.0,,57.0,,0.0,,0.0,,0.0,,0.0,
2021,SH252021,IMAN,Reunion,REU,Saint-Pierre,REU.4_1,2021-03-04 00:00,,2021-03-09 00:00,,OFCL,,10158.0,,1859.92,,{0: 10158},,10158.0,,0.0,,0.0,,0.0,,0.0,,0.0,
2021,SH292021,JOBO,Seychelles,SYC,Outer Islands,SYC.20_1,2021-04-17 18:00,,2021-04-24 18:00,,OFCL,,147.0,,14593.33,,"{1: 74, 2: 73}",,0.0,,74.0,,73.0,,0.0,,0.0,,0.0,
2021,SH292021,JOBO,Tanzania,TZA,Lindi,TZA.10_1,2021-04-17 18:00,,2021-04-24 18:00,,OFCL,,49409.0,,2806.53,,"{0: 46065, 1: 3344}",,46065.0,,3344.0,,0.0,,0.0,,0.0,,0.0,
2021,SH292021,JOBO,Tanzania,TZA,Pwani,TZA.20_1,2021-04-17 18:00,,2021-04-24 18:00,,OFCL,,77282.0,,4855.57,,"{0: 65077, 1: 12205}",,65077.0,,12205.0,,0.0,,0.0,,0.0,,0.0,
2022,SH072022,ANA,Madagascar,MDG,Antananarivo,MDG.1_1,2022-01-20 00:00,2022-01-20 00:00,2022-01-25 06:00,2022-01-25 06:00,OFCL,OFCL,7234029.0,1195912.0,1727485.08,21064.67,"{0: 1978228, 1: 5255801}","{0: 1173109, 1: 22803}",1978228.0,1173109.0,5255801.0,22803.0,0.0,0.0,0.0,0.0,0.0,0.0,0.0,0.0
2022,SH072022,ANA,Madagascar,MDG,Fianarantsoa,MDG.3_1,2022-01-20 00:00,2022-01-20 00:00,2022-01-25 06:00,2022-01-25 06:00,OFCL,OFCL,354383.0,17034.0,6983.1,0.55,{0: 354383},{0: 17034},354383.0,17034.0,0.0,0.0,0.0,0.0,0.0,0.0,0.0,0.0,0.0,0.0
2022,SH072022,ANA,Madagascar,MDG,Mahajanga,MDG.4_1,2022-01-20 00:00,2022-01-20 00:00,2022-01-25 06:00,2022-01-25 06:00,OFCL,OFCL,809712.0,70403.0,115649.17,799.63,"{0: 613808, 1: 195904}","{0: 70394, 1: 9}",613808.0,70394.0,195904.0,9.0,0.0,0.0,0.0,0.0,0.0,0.0,0.0,0.0
2022,SH072022,ANA,Madagascar,MDG,Toamasina,MDG.5_1,2022-01-20 00:00,2022-01-20 00:00,2022-01-25 06:00,2022-01-25 06:00,OFCL,OFCL,2403747.0,452859.0,936378.18,25567.29,"{0: 1033388, 1: 1370359}","{0: 407993, 1: 44866}",1033388.0,407993.0,1370359.0,44866.0,0.0,0.0,0.0,0.0,0.0,0.0,0.0,0.0
2022,SH072022,ANA,Madagascar,MDG,Toliary,MDG.6_1,2022-01-20 00:00,,2022-01-25 06:00,,OFCL,,3277.0,,12.24,,{0: 3277},,3277.0,,0.0,,0.0,,0.0,,0.0,,0.0,
2022,SH072022,ANA,Mozambique,MOZ,Tete,MOZ.10_1,2022-01-20 00:00,2022-01-20 00:00,2022-01-25 06:00,2022-01-25 06:00,OFCL,OFCL,186254.0,1076.0,4518.66,0.01,{0: 186254},{0: 1076},186254.0,1076.0,0.0,0.0,0.0,0.0,0.0,0.0,0.0,0.0,0.0,0.0
2022,SH072022,ANA,Mozambique,MOZ,Zambezia,MOZ.11_1,2022-01-20 00:00,2022-01-20 00:00,2022-01-25 06:00,2022-01-25 06:00,OFCL,OFCL,3545679.0,518800.0,3719029.7,185895.31,"{0: 1814730, 1: 1585926, 2: 145023}","{0: 394178, 1: 124622}",1814730.0,394178.0,1585926.0,124622.0,145023.0,0.0,0.0,0.0,0.0,0.0,0.0,0.0
2022,SH072022,ANA,Mozambique,MOZ,Manica,MOZ.4_1,2022-01-20 00:00,,2022-01-25 06:00,,OFCL,,6393.0,,9.91,,{0: 6393},,6393.0,,0.0,,0.0,,0.0,,0.0,,0.0,
2022,SH072022,ANA,Mozambique,MOZ,Nampula,MOZ.7_1,2022-01-20 00:00,2022-01-20 00:00,2022-01-25 06:00,2022-01-25 06:00,OFCL,OFCL,4686135.0,831142.0,11103156.17,563716.31,"{0: 1125897, 1: 2958860, 2: 601378}","{0: 475824, 1: 354705, 2: 613}",1125897.0,475824.0,2958860.0,354705.0,601378.0,613.0,0.0,0.0,0.0,0.0,0.0,0.0
2022,SH072022,ANA,Mozambique,MOZ,Sofala,MOZ.9_1,2022-01-20 00:00,,2022-01-25 06:00,,OFCL,,136717.0,,847.03,,{0: 136717},,136717.0,,0.0,,0.0,,0.0,,0.0,,0.0,
2022,SH082022,BATSIRAI,Madagascar,MDG,Antananarivo,MDG.1_1,2022-01-25 06:00,2022-01-25 06:00,2022-02-09 12:00,2022-02-09 12:00,OFCL,OFCL,7957948.0,1907520.0,236696665.61,119979351.15,"{0: 8125, 1: 769980, 2: 4726428, 3: 2440179, 4: 13236}","{0: 45009, 1: 488119, 2: 1138420, 3: 235972}",8125.0,45009.0,769980.0,488119.0,4726428.0,1138420.0,2440179.0,235972.0,13236.0,0.0,0.0,0.0
2022,SH082022,BATSIRAI,Madagascar,MDG,Fianarantsoa,MDG.3_1,2022-01-25 06:00,2022-01-25 06:00,2022-02-09 12:00,2022-02-09 12:00,OFCL,OFCL,5774874.0,1409477.0,764385159.66,669002452.57,"{1: 312203, 2: 1126472, 3: 2745825, 4: 1590374}","{0: 6809, 1: 164473, 2: 284024, 3: 940265, 4: 13906}",0.0,6809.0,312203.0,164473.0,1126472.0,284024.0,2745825.0,940265.0,1590374.0,13906.0,0.0,0.0
2022,SH082022,BATSIRAI,Madagascar,MDG,Mahajanga,MDG.4_1,2022-01-25 06:00,2022-01-25 06:00,2022-02-09 12:00,2022-02-09 12:00,OFCL,OFCL,706185.0,73316.0,187348.33,12631.54,"{0: 565482, 1: 137561, 2: 3142}","{0: 63482, 1: 9834}",565482.0,63482.0,137561.0,9834.0,3142.0,0.0,0.0,0.0,0.0,0.0,0.0,0.0
2022,SH082022,BATSIRAI,Madagascar,MDG,Toamasina,MDG.5_1,2022-01-25 06:00,2022-01-25 06:00,2022-02-09 12:00,2022-02-09 12:00,OFCL,OFCL,3234642.0,881589.0,70223533.02,67821038.07,"{0: 477308, 1: 1586918, 2: 565151, 3: 568421, 4: 36844}","{0: 225187, 1: 330359, 2: 192026, 3: 134017}",477308.0,225187.0,1586918.0,330359.0,565151.0,192026.0,568421.0,134017.0,36844.0,0.0,0.0,0.0
2022,SH082022,BATSIRAI,Madagascar,MDG,Toliary,MDG.6_1,2022-01-25 06:00,2022-01-25 06:00,2022-02-09 12:00,2022-02-09 12:00,OFCL,OFCL,4449947.0,744273.0,6686458.54,1685785.06,"{0: 1863489, 1: 2306054, 2: 244123, 3: 36281}","{0: 494334, 1: 231861, 2: 18078}",1863489.0,494334.0,2306054.0,231861.0,244123.0,18078.0,36281.0,0.0,0.0,0.0,0.0,0.0
2022,SH082022,BATSIRAI,Mauritius,MUS,Savanne,MUS.12_1,2022-01-25 06:00,2022-01-25 06:00,2022-02-09 12:00,2022-02-09 12:00,OFCL,OFCL,70087.0,25880.0,534927.77,1116015.03,{1: 70087},{1: 25880},0.0,0.0,70087.0,25880.0,0.0,0.0,0.0,0.0,0.0,0.0,0.0,0.0
2022,SH082022,BATSIRAI,Mauritius,MUS,Black River,MUS.2_1,2022-01-25 06:00,2022-01-25 06:00,2022-02-09 12:00,2022-02-09 12:00,OFCL,OFCL,94560.0,27234.0,1448793.95,1907012.13,"{1: 87492, 2: 7068}","{1: 25482, 2: 1752}",0.0,0.0,87492.0,25482.0,7068.0,1752.0,0.0,0.0,0.0,0.0,0.0,0.0
2022,SH082022,BATSIRAI,Mauritius,MUS,Flacq,MUS.3_1,2022-01-25 06:00,2022-01-25 06:00,2022-02-09 12:00,2022-02-09 12:00,OFCL,OFCL,140810.0,46147.0,2491326.98,3344831.42,"{1: 134701, 2: 6109}","{1: 44893, 2: 1254}",0.0,0.0,134701.0,44893.0,6109.0,1254.0,0.0,0.0,0.0,0.0,0.0,0.0
2022,SH082022,BATSIRAI,Mauritius,MUS,Grand Port,MUS.4_1,2022-01-25 06:00,2022-01-25 06:00,2022-02-09 12:00,2022-02-09 12:00,OFCL,OFCL,113523.0,40682.0,2466440.06,2203885.5,{1: 113523},{1: 40682},0.0,0.0,113523.0,40682.0,0.0,0.0,0.0,0.0,0.0,0.0,0.0,0.0
2022,SH082022,BATSIRAI,Mauritius,MUS,Moka,MUS.5_1,2022-01-25 06:00,2022-01-25 06:00,2022-02-09 12:00,2022-02-09 12:00,OFCL,OFCL,88800.0,26220.0,1350588.62,1884641.36,{1: 88800},{1: 26220},0.0,0.0,88800.0,26220.0,0.0,0.0,0.0,0.0,0.0,0.0,0.0,0.0
2022,SH082022,BATSIRAI,Mauritius,MUS,Pamplemousses,MUS.6_1,2022-01-25 06:00,2022-01-25 06:00,2022-02-09 12:00,2022-02-09 12:00,OFCL,OFCL,148742.0,52094.0,2842938.85,3596865.73,"{1: 141220, 2: 7522}","{1: 38617, 2: 13477}",0.0,0.0,141220.0,38617.0,7522.0,13477.0,0.0,0.0,0.0,0.0,0.0,0.0
2022,SH082022,BATSIRAI,Mauritius,MUS,Plaines Wilhems,MUS.7_1,2022-01-25 06:00,2022-01-25 06:00,2022-02-09 12:00,2022-02-09 12:00,OFCL,OFCL,365517.0,144447.0,5519218.4,2299331.55,"{1: 339488, 2: 26029}","{1: 111836, 2: 32611}",0.0,0.0,339488.0,111836.0,26029.0,32611.0,0.0,0.0,0.0,0.0,0.0,0.0
2022,SH082022,BATSIRAI,Mauritius,MUS,Port Louis,MUS.8_1,2022-01-25 06:00,2022-01-25 06:00,2022-02-09 12:00,2022-02-09 12:00,OFCL,OFCL,111040.0,45141.0,1516169.05,1708906.96,"{1: 110862, 2: 178}","{1: 45121, 2: 20}",0.0,0.0,110862.0,45121.0,178.0,20.0,0.0,0.0,0.0,0.0,0.0,0.0
2022,SH082022,BATSIRAI,Mauritius,MUS,Rivière du Rempart,MUS.9_1,2022-01-25 06:00,2022-01-25 06:00,2022-02-09 12:00,2022-02-09 12:00,OFCL,OFCL,113200.0,37298.0,5698666.9,5960379.76,"{1: 14857, 2: 98343}","{1: 3755, 2: 33543}",0.0,0.0,14857.0,3755.0,98343.0,33543.0,0.0,0.0,0.0,0.0,0.0,0.0
2022,SH082022,BATSIRAI,Reunion,REU,Saint-Benoît,REU.1_1,2022-01-25 06:00,2022-01-25 06:00,2022-02-09 12:00,2022-02-09 12:00,OFCL,OFCL,140447.0,46326.0,7572592.49,5163165.31,"{1: 103326, 2: 37121}","{1: 24706, 2: 21620}",0.0,0.0,103326.0,24706.0,37121.0,21620.0,0.0,0.0,0.0,0.0,0.0,0.0
2022,SH082022,BATSIRAI,Reunion,REU,Saint-Denis,REU.2_1,2022-01-25 06:00,2022-01-25 06:00,2022-02-09 12:00,2022-02-09 12:00,OFCL,OFCL,308269.0,108897.0,11732062.79,4623236.39,"{1: 266863, 2: 41406}","{1: 81592, 2: 27305}",0.0,0.0,266863.0,81592.0,41406.0,27305.0,0.0,0.0,0.0,0.0,0.0,0.0
2022,SH082022,BATSIRAI,Reunion,REU,Saint-Paul,REU.3_1,2022-01-25 06:00,2022-01-25 06:00,2022-02-09 12:00,2022-02-09 12:00,OFCL,OFCL,201260.0,42975.0,3084552.18,869500.28,"{1: 198768, 2: 2492}","{1: 42946, 2: 29}",0.0,0.0,198768.0,42946.0,2492.0,29.0,0.0,0.0,0.0,0.0,0.0,0.0
2022,SH082022,BATSIRAI,Reunion,REU,Saint-Pierre,REU.4_1,2022-01-25 06:00,2022-01-25 06:00,2022-02-09 12:00,2022-02-09 12:00,OFCL,OFCL,313164.0,91748.0,4031952.97,2670851.89,"{1: 310024, 2: 3140}","{1: 91272, 2: 476}",0.0,0.0,310024.0,91272.0,3140.0,476.0,0.0,0.0,0.0,0.0,0.0,0.0
2022,SH122022,DUMAKO,Madagascar,MDG,Antananarivo,MDG.1_1,2022-02-11 06:00,2022-02-11 06:00,2022-02-16 00:00,2022-02-16 00:00,OFCL,OFCL,36064.0,1323.0,436.86,0.07,{0: 36064},{0: 1323},36064.0,1323.0,0.0,0.0,0.0,0.0,0.0,0.0,0.0,0.0,0.0,0.0
2022,SH122022,DUMAKO,Madagascar,MDG,Antsiranana,MDG.2_1,2022-02-11 06:00,,2022-02-16 00:00,,OFCL,,3498.0,,21.45,,{0: 3498},,3498.0,,0.0,,0.0,,0.0,,0.0,,0.0,
2022,SH122022,DUMAKO,Madagascar,MDG,Mahajanga,MDG.4_1,2022-02-11 06:00,2022-02-11 06:00,2022-02-16 00:00,2022-02-16 00:00,OFCL,OFCL,161962.0,23602.0,22475.62,505.38,"{0: 127208, 1: 34754}","{0: 22915, 1: 687}",127208.0,22915.0,34754.0,687.0,0.0,0.0,0.0,0.0,0.0,0.0,0.0,0.0
2022,SH122022,DUMAKO,Madagascar,MDG,Toamasina,MDG.5_1,2022-02-11 06:00,2022-02-11 06:00,2022-02-16 00:00,2022-02-16 00:00,OFCL,OFCL,2358124.0,463973.0,4397145.45,350243.16,"{0: 455352, 1: 1734053, 2: 168719}","{0: 207904, 1: 256069}",455352.0,207904.0,1734053.0,256069.0,168719.0,0.0,0.0,0.0,0.0,0.0,0.0,0.0
2022,SH132022,EMNATI,Madagascar,MDG,Antananarivo,MDG.1_1,,2022-02-15 12:00,,2022-02-25 00:00,,OFCL,,133171.0,,11.71,,{0: 133171},,133171.0,,0.0,,0.0,,0.0,,0.0,,0.0
2022,SH132022,EMNATI,Madagascar,MDG,Antsiranana,MDG.2_1,2022-02-15 12:00,2022-02-15 12:00,2022-02-25 00:00,2022-02-25 00:00,OFCL,OFCL,16586.0,865.0,4345.85,0.24,{0: 16586},{0: 865},16586.0,865.0,0.0,0.0,0.0,0.0,0.0,0.0,0.0,0.0,0.0,0.0
2022,SH132022,EMNATI,Madagascar,MDG,Fianarantsoa,MDG.3_1,2022-02-15 12:00,2022-02-15 12:00,2022-02-25 00:00,2022-02-25 00:00,OFCL,OFCL,4695976.0,792311.0,90651723.51,23769622.76,"{0: 1112610, 1: 1228478, 2: 1050255, 3: 1304633}","{0: 248009, 1: 231204, 2: 305887, 3: 7211}",1112610.0,248009.0,1228478.0,231204.0,1050255.0,305887.0,1304633.0,7211.0,0.0,0.0,0.0,0.0
2022,SH132022,EMNATI,Madagascar,MDG,Mahajanga,MDG.4_1,2022-02-15 12:00,,2022-02-25 00:00,,OFCL,,23964.0,,66.37,,{0: 23964},,23964.0,,0.0,,0.0,,0.0,,0.0,,0.0,
2022,SH132022,EMNATI,Madagascar,MDG,Toamasina,MDG.5_1,2022-02-15 12:00,2022-02-15 12:00,2022-02-25 00:00,2022-02-25 00:00,OFCL,OFCL,2261572.0,160872.0,185278.89,15678.22,"{0: 2077621, 1: 183951}",{0: 160872},2077621.0,160872.0,183951.0,0.0,0.0,0.0,0.0,0.0,0.0,0.0,0.0,0.0
2022,SH132022,EMNATI,Madagascar,MDG,Toliary,MDG.6_1,2022-02-15 12:00,2022-02-15 12:00,2022-02-25 00:00,2022-02-25 00:00,OFCL,OFCL,3040696.0,471630.0,12593325.5,3477211.53,"{0: 869840, 1: 1536067, 2: 561265, 3: 73524}","{0: 196072, 1: 232732, 2: 42498, 3: 328}",869840.0,196072.0,1536067.0,232732.0,561265.0,42498.0,73524.0,328.0,0.0,0.0,0.0,0.0
2022,SH132022,EMNATI,Mauritius,MUS,Savanne,MUS.12_1,2022-02-15 12:00,2022-02-15 12:00,2022-02-25 00:00,2022-02-25 00:00,OFCL,OFCL,70087.0,25880.0,38800.48,68506.12,"{0: 32825, 1: 37262}","{0: 10493, 1: 15387}",32825.0,10493.0,37262.0,15387.0,0.0,0.0,0.0,0.0,0.0,0.0,0.0,0.0
2022,SH132022,EMNATI,Mauritius,MUS,Black River,MUS.2_1,2022-02-15 12:00,2022-02-15 12:00,2022-02-25 00:00,2022-02-25 00:00,OFCL,OFCL,93912.0,27234.0,109398.83,59659.45,"{0: 11177, 1: 82735}","{0: 5346, 1: 21888}",11177.0,5346.0,82735.0,21888.0,0.0,0.0,0.0,0.0,0.0,0.0,0.0,0.0
2022,SH132022,EMNATI,Mauritius,MUS,Flacq,MUS.3_1,2022-02-15 12:00,2022-02-15 12:00,2022-02-25 00:00,2022-02-25 00:00,OFCL,OFCL,140810.0,46147.0,249260.55,260139.95,{1: 140810},"{0: 1, 1: 46146}",0.0,1.0,140810.0,46146.0,0.0,0.0,0.0,0.0,0.0,0.0,0.0,0.0
2022,SH132022,EMNATI,Mauritius,MUS,Grand Port,MUS.4_1,2022-02-15 12:00,2022-02-15 12:00,2022-02-25 00:00,2022-02-25 00:00,OFCL,OFCL,113523.0,40682.0,136355.63,208260.78,"{0: 3385, 1: 110138}","{0: 158, 1: 40524}",3385.0,158.0,110138.0,40524.0,0.0,0.0,0.0,0.0,0.0,0.0,0.0,0.0
2022,SH132022,EMNATI,Mauritius,MUS,Moka,MUS.5_1,2022-02-15 12:00,2022-02-15 12:00,2022-02-25 00:00,2022-02-25 00:00,OFCL,OFCL,88800.0,26220.0,97797.01,113552.4,"{0: 8911, 1: 79889}","{0: 655, 1: 25565}",8911.0,655.0,79889.0,25565.0,0.0,0.0,0.0,0.0,0.0,0.0,0.0,0.0
2022,SH132022,EMNATI,Mauritius,MUS,Pamplemousses,MUS.6_1,2022-02-15 12:00,2022-02-15 12:00,2022-02-25 00:00,2022-02-25 00:00,OFCL,OFCL,148742.0,52094.0,160811.93,132626.81,{1: 148742},{1: 52094},0.0,0.0,148742.0,52094.0,0.0,0.0,0.0,0.0,0.0,0.0,0.0,0.0
2022,SH132022,EMNATI,Mauritius,MUS,Plaines Wilhems,MUS.7_1,2022-02-15 12:00,2022-02-15 12:00,2022-02-25 00:00,2022-02-25 00:00,OFCL,OFCL,365517.0,144447.0,283033.86,77368.96,"{0: 10183, 1: 355334}","{0: 1999, 1: 142448}",10183.0,1999.0,355334.0,142448.0,0.0,0.0,0.0,0.0,0.0,0.0,0.0,0.0
2022,SH132022,EMNATI,Mauritius,MUS,Port Louis,MUS.8_1,2022-02-15 12:00,2022-02-15 12:00,2022-02-25 00:00,2022-02-25 00:00,OFCL,OFCL,111040.0,45141.0,50031.77,65891.65,"{0: 725, 1: 110315}","{0: 445, 1: 44696}",725.0,445.0,110315.0,44696.0,0.0,0.0,0.0,0.0,0.0,0.0,0.0,0.0
2022,SH132022,EMNATI,Mauritius,MUS,Rivière du Rempart,MUS.9_1,2022-02-15 12:00,2022-02-15 12:00,2022-02-25 00:00,2022-02-25 00:00,OFCL,OFCL,113200.0,37298.0,432888.7,405721.44,{1: 113200},{1: 37298},0.0,0.0,113200.0,37298.0,0.0,0.0,0.0,0.0,0.0,0.0,0.0,0.0
2022,SH132022,EMNATI,Reunion,REU,Saint-Benoît,REU.1_1,2022-02-15 12:00,2022-02-15 12:00,2022-02-25 00:00,2022-02-25 00:00,OFCL,OFCL,140447.0,46326.0,3597907.36,359759.51,"{0: 17602, 1: 122845}","{0: 2716, 1: 43610}",17602.0,2716.0,122845.0,43610.0,0.0,0.0,0.0,0.0,0.0,0.0,0.0,0.0
2022,SH132022,EMNATI,Reunion,REU,Saint-Denis,REU.2_1,2022-02-15 12:00,2022-02-15 12:00,2022-02-25 00:00,2022-02-25 00:00,OFCL,OFCL,293045.0,108897.0,6995280.74,144312.31,"{0: 51191, 1: 241854}","{0: 13995, 1: 94902}",51191.0,13995.0,241854.0,94902.0,0.0,0.0,0.0,0.0,0.0,0.0,0.0,0.0
2022,SH132022,EMNATI,Reunion,REU,Saint-Paul,REU.3_1,2022-02-15 12:00,2022-02-15 12:00,2022-02-25 00:00,2022-02-25 00:00,OFCL,OFCL,128258.0,42975.0,1903255.82,22097.17,"{0: 124113, 1: 4145}","{0: 39750, 1: 3225}",124113.0,39750.0,4145.0,3225.0,0.0,0.0,0.0,0.0,0.0,0.0,0.0,0.0
2022,SH132022,EMNATI,Reunion,REU,Saint-Pierre,REU.4_1,2022-02-15 12:00,2022-02-15 12:00,2022-02-25 00:00,2022-02-25 00:00,OFCL,OFCL,71990.0,90335.0,86341.51,182934.7,"{0: 59884, 1: 12106}","{0: 41228, 1: 49107}",59884.0,41228.0,12106.0,49107.0,0.0,0.0,0.0,0.0,0.0,0.0,0.0,0.0
2022,SH192022,GOMBE,Madagascar,MDG,Antsiranana,MDG.2_1,2022-03-06 00:00,2022-03-06 00:00,2022-03-12 06:00,2022-03-12 06:00,OFCL,OFCL,86169.0,6709.0,21818.14,330.61,"{0: 56670, 1: 29499}","{0: 6454, 1: 255}",56670.0,6454.0,29499.0,255.0,0.0,0.0,0.0,0.0,0.0,0.0,0.0,0.0
2022,SH192022,GOMBE,Madagascar,MDG,Mahajanga,MDG.4_1,2022-03-06 00:00,2022-03-06 00:00,2022-03-12 06:00,2022-03-12 06:00,OFCL,OFCL,619156.0,25523.0,60187.53,1287.71,"{0: 560228, 1: 58836, 2: 92}","{0: 23972, 1: 1551}",560228.0,23972.0,58836.0,1551.0,92.0,0.0,0.0,0.0,0.0,0.0,0.0,0.0
2022,SH192022,GOMBE,Madagascar,MDG,Toamasina,MDG.5_1,2022-03-06 00:00,2022-03-06 00:00,2022-03-12 06:00,2022-03-12 06:00,OFCL,OFCL,561807.0,43818.0,77609.69,377.55,"{0: 439044, 1: 122763}",{0: 43818},439044.0,43818.0,122763.0,0.0,0.0,0.0,0.0,0.0,0.0,0.0,0.0,0.0
2022,SH192022,GOMBE,Mozambique,MOZ,Zambezia,MOZ.11_1,2022-03-06 00:00,2022-03-06 00:00,2022-03-12 06:00,2022-03-12 06:00,OFCL,OFCL,1429318.0,155730.0,870181.79,37160.34,"{0: 782497, 1: 632369, 2: 14452}","{0: 121846, 1: 33884}",782497.0,121846.0,632369.0,33884.0,14452.0,0.0,0.0,0.0,0.0,0.0,0.0,0.0
2022,SH192022,GOMBE,Mozambique,MOZ,Cabo Delgado,MOZ.1_1,2022-03-06 00:00,2022-03-06 00:00,2022-03-12 06:00,2022-03-12 06:00,OFCL,OFCL,323313.0,7484.0,7134.99,0.51,{0: 323313},{0: 7484},323313.0,7484.0,0.0,0.0,0.0,0.0,0.0,0.0,0.0,0.0,0.0,0.0
2022,SH192022,GOMBE,Mozambique,MOZ,Nampula,MOZ.7_1,2022-03-06 00:00,2022-03-06 00:00,2022-03-12 06:00,2022-03-12 06:00,OFCL,OFCL,5988194.0,1234496.0,398367428.65,137697908.75,"{0: 332536, 1: 1223782, 2: 1533810, 3: 2465357, 4: 419339, 5: 13370}","{0: 168675, 1: 304624, 2: 447950, 3: 307950, 4: 5297}",332536.0,168675.0,1223782.0,304624.0,1533810.0,447950.0,2465357.0,307950.0,419339.0,5297.0,13370.0,0.0
2022,SH192022,GOMBE,Mozambique,MOZ,Nassa,MOZ.8_1,2022-03-06 00:00,,2022-03-12 06:00,,OFCL,,2994.0,,2.32,,{0: 2994},,2994.0,,0.0,,0.0,,0.0,,0.0,,0.0,
2022,SH242022,JASMINE,Comoros,COM,Mwali,COM.1_1,2022-04-20 06:00,,2022-05-01 06:00,,OFCL,,5796.0,,2.37,,{0: 5796},,5796.0,,0.0,,0.0,,0.0,,0.0,,0.0,
2022,SH242022,JASMINE,Comoros,COM,Nzwani,COM.3_1,2022-04-20 06:00,,2022-05-01 06:00,,OFCL,,50625.0,,74.66,,{0: 50625},,50625.0,,0.0,,0.0,,0.0,,0.0,,0.0,
2022,SH242022,JASMINE,Madagascar,MDG,Fianarantsoa,MDG.3_1,2022-04-20 06:00,2022-04-20 06:00,2022-05-01 06:00,2022-05-01 06:00,OFCL,OFCL,3146002.0,185383.0,244952.84,687.74,"{0: 2892146, 1: 253856}","{0: 185046, 1: 337}",2892146.0,185046.0,253856.0,337.0,0.0,0.0,0.0,0.0,0.0,0.0,0.0,0.0
2022,SH242022,JASMINE,Madagascar,MDG,Mahajanga,MDG.4_1,2022-04-20 06:00,,2022-05-01 06:00,,OFCL,,24902.0,,72.44,,{0: 24902},,24902.0,,0.0,,0.0,,0.0,,0.0,,0.0,
2022,SH242022,JASMINE,Madagascar,MDG,Toamasina,MDG.5_1,2022-04-20 06:00,,2022-05-01 06:00,,OFCL,,102.0,,1.36,,{0: 102},,102.0,,0.0,,0.0,,0.0,,0.0,,0.0,
2022,SH242022,JASMINE,Madagascar,MDG,Toliary,MDG.6_1,2022-04-20 06:00,2022-04-20 06:00,2022-05-01 06:00,2022-05-01 06:00,OFCL,OFCL,1971062.0,386597.0,8548561.72,1403526.89,"{0: 406066, 1: 853565, 2: 711431}","{0: 151801, 1: 215662, 2: 19134}",406066.0,151801.0,853565.0,215662.0,711431.0,19134.0,0.0,0.0,0.0,0.0,0.0,0.0
2022,SH242022,JASMINE,Mozambique,MOZ,Zambezia,MOZ.11_1,2022-04-20 06:00,2022-04-20 06:00,2022-05-01 06:00,2022-05-01 06:00,OFCL,OFCL,1088457.0,10536.0,24224.09,2.91,"{0: 1079789, 1: 8668}",{0: 10536},1079789.0,10536.0,8668.0,0.0,0.0,0.0,0.0,0.0,0.0,0.0,0.0,0.0
2022,SH242022,JASMINE,Mozambique,MOZ,Cabo Delgado,MOZ.1_1,2022-04-20 06:00,,2022-05-01 06:00,,OFCL,,682224.0,,4718.23,,{0: 682224},,682224.0,,0.0,,0.0,,0.0,,0.0,,0.0,
2022,SH242022,JASMINE,Mozambique,MOZ,Nampula,MOZ.7_1,2022-04-20 06:00,2022-04-20 06:00,2022-05-01 06:00,2022-05-01 06:00,OFCL,OFCL,5668505.0,740649.0,710839.6,642.99,"{0: 4588151, 1: 1080354}",{0: 740649},4588151.0,740649.0,1080354.0,0.0,0.0,0.0,0.0,0.0,0.0,0.0,0.0,0.0
2022,SH242022,JASMINE,Mozambique,MOZ,Nassa,MOZ.8_1,2022-04-20 06:00,,2022-05-01 06:00,,OFCL,,353.0,,0.07,,{0: 353},,353.0,,0.0,,0.0,,0.0,,0.0,,0.0,
2022,SH242022,JASMINE,Reunion,REU,Saint-Benoît,REU.1_1,2022-04-20 06:00,2022-04-20 06:00,2022-05-01 06:00,2022-05-01 06:00,OFCL,OFCL,40.0,26.0,0.46,0.0,{0: 40},{0: 26},40.0,26.0,0.0,0.0,0.0,0.0,0.0,0.0,0.0,0.0,0.0,0.0
2022,SH242022,JASMINE,Reunion,REU,Saint-Denis,REU.2_1,,2022-04-20 06:00,,2022-05-01 06:00,,OFCL,,199.0,,0.1,,{0: 199},,199.0,,0.0,,0.0,,0.0,,0.0,,0.0
2022,SH242022,JASMINE,Reunion,REU,Saint-Paul,REU.3_1,2022-04-20 06:00,2022-04-20 06:00,2022-05-01 06:00,2022-05-01 06:00,OFCL,OFCL,233.0,18.0,3.44,0.13,{0: 233},{0: 18},233.0,18.0,0.0,0.0,0.0,0.0,0.0,0.0,0.0,0.0,0.0,0.0
2022,SH242022,JASMINE,Reunion,REU,Saint-Pierre,REU.4_1,2022-04-20 06:00,2022-04-20 06:00,2022-05-01 06:00,2022-05-01 06:00,OFCL,OFCL,65.0,745.0,0.11,0.39,{0: 65},{0: 745},65.0,745.0,0.0,0.0,0.0,0.0,0.0,0.0,0.0,0.0,0.0,0.0
2023,SH082023,CHENESO,Madagascar,MDG,Antananarivo,MDG.1_1,2023-01-13 06:00,2023-01-13 06:00,2023-01-30 09:00,2023-01-30 00:00,OFCL,JTWC,152988.0,256104.0,727.08,13457.51,{0: 152988},"{0: 243247, 1: 12857}",152988.0,243247.0,0.0,12857.0,0.0,0.0,0.0,0.0,0.0,0.0,0.0,0.0
2023,SH082023,CHENESO,Madagascar,MDG,Antsiranana,MDG.2_1,2023-01-13 06:00,2023-01-13 06:00,2023-01-30 09:00,2023-01-30 00:00,OFCL,JTWC,1155559.0,440784.0,3859698.47,3447782.51,"{0: 174720, 1: 740096, 2: 240743}","{0: 95993, 1: 261563, 2: 83228}",174720.0,95993.0,740096.0,261563.0,240743.0,83228.0,0.0,0.0,0.0,0.0,0.0,0.0
2023,SH082023,CHENESO,Madagascar,MDG,Fianarantsoa,MDG.3_1,2023-01-13 06:00,2023-01-13 06:00,2023-01-30 09:00,2023-01-30 00:00,OFCL,JTWC,23167.0,39455.0,34.05,336.35,{0: 23167},"{0: 39394, 1: 61}",23167.0,39394.0,0.0,61.0,0.0,0.0,0.0,0.0,0.0,0.0,0.0,0.0
2023,SH082023,CHENESO,Madagascar,MDG,Mahajanga,MDG.4_1,2023-01-13 06:00,2023-01-13 06:00,2023-01-30 09:00,2023-01-30 00:00,OFCL,JTWC,1255450.0,297512.0,565353.98,781799.89,"{0: 759457, 1: 475352, 2: 20641}","{0: 195889, 1: 90091, 2: 11532}",759457.0,195889.0,475352.0,90091.0,20641.0,11532.0,0.0,0.0,0.0,0.0,0.0,0.0
2023,SH082023,CHENESO,Madagascar,MDG,Toamasina,MDG.5_1,2023-01-13 06:00,2023-01-13 06:00,2023-01-30 09:00,2023-01-30 00:00,OFCL,JTWC,623383.0,132636.0,1002849.9,39907.52,"{0: 296595, 1: 277025, 2: 49763}","{0: 93433, 1: 39052, 2: 151}",296595.0,93433.0,277025.0,39052.0,49763.0,151.0,0.0,0.0,0.0,0.0,0.0,0.0
2023,SH082023,CHENESO,Madagascar,MDG,Toliary,MDG.6_1,2023-01-13 06:00,2023-01-13 06:00,2023-01-30 09:00,2023-01-30 00:00,OFCL,JTWC,3371553.0,671058.0,688464.63,615009.04,"{0: 2601867, 1: 768440, 2: 1246}","{0: 421182, 1: 244450, 2: 5426}",2601867.0,421182.0,768440.0,244450.0,1246.0,5426.0,0.0,0.0,0.0,0.0,0.0,0.0
2023,SH082023,CHENESO,Mozambique,MOZ,Nampula,MOZ.7_1,,2023-01-13 06:00,,2023-01-30 00:00,,JTWC,,1.0,,0.54,,{0: 1},,1.0,,0.0,,0.0,,0.0,,0.0,,0.0
2023,SH112023,FREDDY,Madagascar,MDG,Antananarivo,MDG.1_1,2023-02-14 12:00,2023-02-03 06:00,2023-03-13 18:00,2023-03-12 00:00,OFCL,JTWC,1778185.0,1145219.0,871392.84,5912253.98,"{0: 1134712, 1: 621999, 2: 21474}","{0: 545947, 1: 482399, 2: 116873}",1134712.0,545947.0,621999.0,482399.0,21474.0,116873.0,0.0,0.0,0.0,0.0,0.0,0.0
2023,SH112023,FREDDY,Madagascar,MDG,Fianarantsoa,MDG.3_1,2023-02-14 12:00,2023-02-03 06:00,2023-03-13 18:00,2023-03-12 00:00,OFCL,JTWC,5108363.0,1402299.0,241411965.06,343575474.98,"{0: 734462, 1: 1244936, 2: 1166256, 3: 1763048, 4: 199661}","{0: 68517, 1: 211487, 2: 478512, 3: 643783}",734462.0,68517.0,1244936.0,211487.0,1166256.0,478512.0,1763048.0,643783.0,199661.0,0.0,0.0,0.0
2023,SH112023,FREDDY,Madagascar,MDG,Toamasina,MDG.5_1,2023-02-14 12:00,2023-02-03 06:00,2023-03-13 18:00,2023-03-12 00:00,OFCL,JTWC,481831.0,323737.0,334407.66,4186628.33,"{0: 324193, 1: 141213, 2: 16425}","{0: 120122, 1: 131231, 2: 71663, 3: 721}",324193.0,120122.0,141213.0,131231.0,16425.0,71663.0,0.0,721.0,0.0,0.0,0.0,0.0
2023,SH112023,FREDDY,Madagascar,MDG,Toliary,MDG.6_1,2023-02-14 12:00,2023-02-03 06:00,2023-03-13 18:00,2023-03-12 00:00,OFCL,JTWC,2787801.0,526615.0,5785375.7,799677.55,"{0: 864576, 1: 1445787, 2: 477438}","{0: 245454, 1: 279848, 2: 1313}",864576.0,245454.0,1445787.0,279848.0,477438.0,1313.0,0.0,0.0,0.0,0.0,0.0,0.0
2023,SH112023,FREDDY,Mozambique,MOZ,Tete,MOZ.10_1,2023-02-14 12:00,2023-02-03 06:00,2023-03-13 18:00,2023-03-12 00:00,OFCL,JTWC,772528.0,63579.0,791243.68,64439.85,"{0: 506280, 1: 266126, 2: 122}","{0: 36567, 1: 27012}",506280.0,36567.0,266126.0,27012.0,122.0,0.0,0.0,0.0,0.0,0.0,0.0,0.0
2023,SH112023,FREDDY,Mozambique,MOZ,Zambezia,MOZ.11_1,2023-02-14 12:00,2023-02-03 06:00,2023-03-13 18:00,2023-03-12 00:00,OFCL,JTWC,5779176.0,1201311.0,393845886.45,116697450.61,"{0: 795134, 1: 2312606, 2: 1024402, 3: 758676, 4: 888358}","{0: 275718, 1: 398692, 2: 244895, 3: 281999, 4: 7}",795134.0,275718.0,2312606.0,398692.0,1024402.0,244895.0,758676.0,281999.0,888358.0,7.0,0.0,0.0
2023,SH112023,FREDDY,Mozambique,MOZ,Gaza,MOZ.2_1,2023-02-14 12:00,2023-02-03 06:00,2023-03-13 18:00,2023-03-12 00:00,OFCL,JTWC,22908.0,78008.0,3817.79,2710.16,"{0: 19200, 1: 3708}","{0: 74686, 1: 3322}",19200.0,74686.0,3708.0,3322.0,0.0,0.0,0.0,0.0,0.0,0.0,0.0,0.0
2023,SH112023,FREDDY,Mozambique,MOZ,Inhambane,MOZ.3_1,2023-02-14 12:00,2023-02-03 06:00,2023-03-13 18:00,2023-03-12 00:00,OFCL,JTWC,1187730.0,388090.0,2829423.48,3094878.95,"{0: 405239, 1: 638848, 2: 143422, 3: 221}","{0: 97363, 1: 234044, 2: 56683}",405239.0,97363.0,638848.0,234044.0,143422.0,56683.0,221.0,0.0,0.0,0.0,0.0,0.0
2023,SH112023,FREDDY,Mozambique,MOZ,Manica,MOZ.4_1,2023-02-14 12:00,2023-02-03 06:00,2023-03-13 18:00,2023-03-12 00:00,OFCL,JTWC,246589.0,19405.0,1892.52,43.69,{0: 246589},{0: 19405},246589.0,19405.0,0.0,0.0,0.0,0.0,0.0,0.0,0.0,0.0,0.0,0.0
2023,SH112023,FREDDY,Mozambique,MOZ,Nampula,MOZ.7_1,2023-02-14 12:00,2023-02-03 06:00,2023-03-13 18:00,2023-03-12 00:00,OFCL,JTWC,1112219.0,22041.0,57405.25,24.47,"{0: 1019296, 1: 92923}",{0: 22041},1019296.0,22041.0,92923.0,0.0,0.0,0.0,0.0,0.0,0.0,0.0,0.0,0.0
2023,SH112023,FREDDY,Mozambique,MOZ,Nassa,MOZ.8_1,2023-02-14 12:00,2023-02-03 06:00,2023-03-13 18:00,2023-03-12 00:00,OFCL,JTWC,530472.0,32334.0,40663.74,196.17,"{0: 504603, 1: 25869}","{0: 32322, 1: 12}",504603.0,32322.0,25869.0,12.0,0.0,0.0,0.0,0.0,0.0,0.0,0.0,0.0
2023,SH112023,FREDDY,Mozambique,MOZ,Sofala,MOZ.9_1,2023-02-14 12:00,2023-02-03 06:00,2023-03-13 18:00,2023-03-12 00:00,OFCL,JTWC,1543338.0,237735.0,4241132.66,829033.04,"{0: 965825, 1: 380851, 2: 194237, 3: 2425}","{0: 145142, 1: 72465, 2: 20128}",965825.0,145142.0,380851.0,72465.0,194237.0,20128.0,2425.0,0.0,0.0,0.0,0.0,0.0
2023,SH112023,FREDDY,Mauritius,MUS,Rodriguez,MUS.10_1,2023-02-14 12:00,2023-02-03 06:00,2023-03-13 18:00,2023-03-12 00:00,OFCL,JTWC,1308.0,13182.0,0.71,186060.38,{0: 1308},"{0: 142, 1: 13040}",1308.0,142.0,0.0,13040.0,0.0,0.0,0.0,0.0,0.0,0.0,0.0,0.0
2023,SH112023,FREDDY,Mauritius,MUS,Savanne,MUS.12_1,2023-02-14 12:00,2023-02-03 06:00,2023-03-13 18:00,2023-03-12 00:00,OFCL,JTWC,70087.0,25880.0,26883.47,4857622.83,"{0: 42002, 1: 28085}","{1: 5176, 2: 20704}",42002.0,0.0,28085.0,5176.0,0.0,20704.0,0.0,0.0,0.0,0.0,0.0,0.0
2023,SH112023,FREDDY,Mauritius,MUS,Black River,MUS.2_1,2023-02-14 12:00,2023-02-03 06:00,2023-03-13 18:00,2023-03-12 00:00,OFCL,JTWC,93191.0,27234.0,63516.33,4832979.57,"{0: 13426, 1: 79765}","{1: 5455, 2: 21779}",13426.0,0.0,79765.0,5455.0,0.0,21779.0,0.0,0.0,0.0,0.0,0.0,0.0
2023,SH112023,FREDDY,Mauritius,MUS,Flacq,MUS.3_1,2023-02-14 12:00,2023-02-03 06:00,2023-03-13 18:00,2023-03-12 00:00,OFCL,JTWC,140810.0,46147.0,268217.85,24080907.55,"{0: 168, 1: 140642}","{1: 4, 2: 46143}",168.0,0.0,140642.0,4.0,0.0,46143.0,0.0,0.0,0.0,0.0,0.0,0.0
2023,SH112023,FREDDY,Mauritius,MUS,Grand Port,MUS.4_1,2023-02-14 12:00,2023-02-03 06:00,2023-03-13 18:00,2023-03-12 00:00,OFCL,JTWC,113523.0,40682.0,77392.35,11506277.81,"{0: 39321, 1: 74202}","{1: 3477, 2: 37205}",39321.0,0.0,74202.0,3477.0,0.0,37205.0,0.0,0.0,0.0,0.0,0.0,0.0
2023,SH112023,FREDDY,Mauritius,MUS,Moka,MUS.5_1,2023-02-14 12:00,2023-02-03 06:00,2023-03-13 18:00,2023-03-12 00:00,OFCL,JTWC,88800.0,26220.0,141291.23,8528493.91,"{0: 90, 1: 88710}",{2: 26220},90.0,0.0,88710.0,0.0,0.0,26220.0,0.0,0.0,0.0,0.0,0.0,0.0
2023,SH112023,FREDDY,Mauritius,MUS,Pamplemousses,MUS.6_1,2023-02-14 12:00,2023-02-03 06:00,2023-03-13 18:00,2023-03-12 00:00,OFCL,JTWC,148742.0,52094.0,354595.87,15427942.91,{1: 148742},{2: 52094},0.0,0.0,148742.0,0.0,0.0,52094.0,0.0,0.0,0.0,0.0,0.0,0.0
2023,SH112023,FREDDY,Mauritius,MUS,Plaines Wilhems,MUS.7_1,2023-02-14 12:00,2023-02-03 06:00,2023-03-13 18:00,2023-03-12 00:00,OFCL,JTWC,365517.0,144447.0,181937.73,6379510.89,"{0: 42860, 1: 322657}","{1: 7053, 2: 137394}",42860.0,0.0,322657.0,7053.0,0.0,137394.0,0.0,0.0,0.0,0.0,0.0,0.0
2023,SH112023,FREDDY,Mauritius,MUS,Port Louis,MUS.8_1,2023-02-14 12:00,2023-02-03 06:00,2023-03-13 18:00,2023-03-12 00:00,OFCL,JTWC,111040.0,45141.0,55915.63,6142742.03,{1: 111040},{2: 45141},0.0,0.0,111040.0,0.0,0.0,45141.0,0.0,0.0,0.0,0.0,0.0,0.0
2023,SH112023,FREDDY,Mauritius,MUS,Rivière du Rempart,MUS.9_1,2023-02-14 12:00,2023-02-03 06:00,2023-03-13 18:00,2023-03-12 00:00,OFCL,JTWC,113200.0,37298.0,707653.91,37177437.35,{1: 113200},"{2: 36978, 3: 320}",0.0,0.0,113200.0,0.0,0.0,36978.0,0.0,320.0,0.0,0.0,0.0,0.0
2023,SH112023,FREDDY,Reunion,REU,Saint-Benoît,REU.1_1,2023-02-14 12:00,2023-02-03 06:00,2023-03-13 18:00,2023-03-12 00:00,OFCL,JTWC,131875.0,46326.0,90559.64,3717354.49,"{0: 77861, 1: 54014}","{1: 45769, 2: 557}",77861.0,0.0,54014.0,45769.0,0.0,557.0,0.0,0.0,0.0,0.0,0.0,0.0
2023,SH112023,FREDDY,Reunion,REU,Saint-Denis,REU.2_1,2023-02-14 12:00,2023-02-03 06:00,2023-03-13 18:00,2023-03-12 00:00,OFCL,JTWC,232764.0,108897.0,130442.47,3895664.01,"{0: 132611, 1: 100153}","{1: 92167, 2: 16730}",132611.0,0.0,100153.0,92167.0,0.0,16730.0,0.0,0.0,0.0,0.0,0.0,0.0
2023,SH112023,FREDDY,Reunion,REU,Saint-Paul,REU.3_1,2023-02-14 12:00,2023-02-03 06:00,2023-03-13 18:00,2023-03-12 00:00,OFCL,JTWC,72239.0,42975.0,12088.11,819598.58,"{0: 71886, 1: 353}","{1: 42965, 2: 10}",71886.0,0.0,353.0,42965.0,0.0,10.0,0.0,0.0,0.0,0.0,0.0,0.0
2023,SH112023,FREDDY,Reunion,REU,Saint-Pierre,REU.4_1,2023-02-14 12:00,2023-02-03 06:00,2023-03-13 18:00,2023-03-12 00:00,OFCL,JTWC,62329.0,91748.0,14192.36,1650476.47,"{0: 60999, 1: 1330}","{0: 6, 1: 91729, 2: 13}",60999.0,6.0,1330.0,91729.0,0.0,13.0,0.0,0.0,0.0,0.0,0.0,0.0
2024,SH042024,ALVARO,Madagascar,MDG,Antananarivo,MDG.1_1,2024-01-01 00:00,2023-12-30 00:00,2024-01-04 12:00,2024-01-04 00:00,OFCL,JTWC,2308507.0,133797.0,183244.44,303.4,"{0: 2010084, 1: 298423}","{0: 133794, 1: 3}",2010084.0,133794.0,298423.0,3.0,0.0,0.0,0.0,0.0,0.0,0.0,0.0,0.0
2024,SH042024,ALVARO,Madagascar,MDG,Fianarantsoa,MDG.3_1,2024-01-01 00:00,2023-12-30 00:00,2024-01-04 12:00,2024-01-04 00:00,OFCL,JTWC,4155617.0,642616.0,2399755.99,67503.38,"{0: 2412621, 1: 1730240, 2: 12756}","{0: 489561, 1: 153055}",2412621.0,489561.0,1730240.0,153055.0,12756.0,0.0,0.0,0.0,0.0,0.0,0.0,0.0
2024,SH042024,ALVARO,Madagascar,MDG,Mahajanga,MDG.4_1,,2023-12-30 00:00,,2024-01-04 00:00,,JTWC,,31.0,,0.0,,{0: 31},,31.0,,0.0,,0.0,,0.0,,0.0,,0.0
2024,SH042024,ALVARO,Madagascar,MDG,Toamasina,MDG.5_1,2024-01-01 00:00,2023-12-30 00:00,2024-01-04 12:00,2024-01-04 00:00,OFCL,JTWC,16884.0,22.0,130.2,0.0,"{0: 16803, 1: 81}",{0: 22},16803.0,22.0,81.0,0.0,0.0,0.0,0.0,0.0,0.0,0.0,0.0,0.0
2024,SH042024,ALVARO,Madagascar,MDG,Toliary,MDG.6_1,2024-01-01 00:00,2023-12-30 00:00,2024-01-04 12:00,2024-01-04 00:00,OFCL,JTWC,973411.0,213409.0,2511036.7,944662.78,"{0: 372689, 1: 415241, 2: 182732, 3: 2749}","{0: 68859, 1: 134635, 2: 9915}",372689.0,68859.0,415241.0,134635.0,182732.0,9915.0,2749.0,0.0,0.0,0.0,0.0,0.0
2024,SH052024,BELAL,Mauritius,MUS,Rodriguez,MUS.10_1,,2024-01-10 06:00,,2024-01-19 00:00,,JTWC,,370.0,,0.0,,{0: 370},,370.0,,0.0,,0.0,,0.0,,0.0,,0.0
2024,SH052024,BELAL,Mauritius,MUS,Savanne,MUS.12_1,2024-01-12 12:00,2024-01-10 06:00,2024-01-19 12:00,2024-01-19 00:00,OFCL,JTWC,70087.0,25880.0,640329.79,1654563.94,"{1: 66843, 2: 3244}","{1: 22553, 2: 3327}",0.0,0.0,66843.0,22553.0,3244.0,3327.0,0.0,0.0,0.0,0.0,0.0,0.0
2024,SH052024,BELAL,Mauritius,MUS,Black River,MUS.2_1,2024-01-12 12:00,2024-01-10 06:00,2024-01-19 12:00,2024-01-19 00:00,OFCL,JTWC,94560.0,27234.0,1885702.26,2033778.68,"{1: 80415, 2: 14145}","{1: 26329, 2: 905}",0.0,0.0,80415.0,26329.0,14145.0,905.0,0.0,0.0,0.0,0.0,0.0,0.0
2024,SH052024,BELAL,Mauritius,MUS,Flacq,MUS.3_1,2024-01-12 12:00,2024-01-10 06:00,2024-01-19 12:00,2024-01-19 00:00,OFCL,JTWC,140810.0,46147.0,589868.13,618445.11,{1: 140810},{1: 46147},0.0,0.0,140810.0,46147.0,0.0,0.0,0.0,0.0,0.0,0.0,0.0,0.0
2024,SH052024,BELAL,Mauritius,MUS,Grand Port,MUS.4_1,2024-01-12 12:00,2024-01-10 06:00,2024-01-19 12:00,2024-01-19 00:00,OFCL,JTWC,113523.0,40682.0,756461.24,1105818.41,{1: 113523},{1: 40682},0.0,0.0,113523.0,40682.0,0.0,0.0,0.0,0.0,0.0,0.0,0.0,0.0
2024,SH052024,BELAL,Mauritius,MUS,Moka,MUS.5_1,2024-01-12 12:00,2024-01-10 06:00,2024-01-19 12:00,2024-01-19 00:00,OFCL,JTWC,88800.0,26220.0,710312.69,896990.24,{1: 88800},{1: 26220},0.0,0.0,88800.0,26220.0,0.0,0.0,0.0,0.0,0.0,0.0,0.0,0.0
2024,SH052024,BELAL,Mauritius,MUS,Pamplemousses,MUS.6_1,2024-01-12 12:00,2024-01-10 06:00,2024-01-19 12:00,2024-01-19 00:00,OFCL,JTWC,148742.0,52094.0,1132797.54,1385321.73,{1: 148742},{1: 52094},0.0,0.0,148742.0,52094.0,0.0,0.0,0.0,0.0,0.0,0.0,0.0,0.0
2024,SH052024,BELAL,Mauritius,MUS,Plaines Wilhems,MUS.7_1,2024-01-12 12:00,2024-01-10 06:00,2024-01-19 12:00,2024-01-19 00:00,OFCL,JTWC,365517.0,144447.0,4040422.32,1093678.72,"{1: 365410, 2: 107}",{1: 144447},0.0,0.0,365410.0,144447.0,107.0,0.0,0.0,0.0,0.0,0.0,0.0,0.0
2024,SH052024,BELAL,Mauritius,MUS,Port Louis,MUS.8_1,2024-01-12 12:00,2024-01-10 06:00,2024-01-19 12:00,2024-01-19 00:00,OFCL,JTWC,111040.0,45141.0,1039761.37,842397.14,{1: 111040},{1: 45141},0.0,0.0,111040.0,45141.0,0.0,0.0,0.0,0.0,0.0,0.0,0.0,0.0
2024,SH052024,BELAL,Mauritius,MUS,Rivière du Rempart,MUS.9_1,2024-01-12 12:00,2024-01-10 06:00,2024-01-19 12:00,2024-01-19 00:00,OFCL,JTWC,113200.0,37298.0,451373.17,454257.42,{1: 113200},{1: 37298},0.0,0.0,113200.0,37298.0,0.0,0.0,0.0,0.0,0.0,0.0,0.0,0.0
2024,SH052024,BELAL,Reunion,REU,Saint-Benoît,REU.1_1,2024-01-12 12:00,2024-01-10 06:00,2024-01-19 12:00,2024-01-19 00:00,OFCL,JTWC,140447.0,46326.0,131334376.42,120263195.2,"{2: 7862, 3: 132585}","{2: 1688, 3: 44638}",0.0,0.0,0.0,0.0,7862.0,1688.0,132585.0,44638.0,0.0,0.0,0.0,0.0
2024,SH052024,BELAL,Reunion,REU,Saint-Denis,REU.2_1,2024-01-12 12:00,2024-01-10 06:00,2024-01-19 12:00,2024-01-19 00:00,OFCL,JTWC,308269.0,108897.0,344489046.01,160919974.2,"{2: 45856, 3: 262413}","{2: 9734, 3: 99163}",0.0,0.0,0.0,0.0,45856.0,9734.0,262413.0,99163.0,0.0,0.0,0.0,0.0
2024,SH052024,BELAL,Reunion,REU,Saint-Paul,REU.3_1,2024-01-12 12:00,2024-01-10 06:00,2024-01-19 12:00,2024-01-19 00:00,OFCL,JTWC,201260.0,42975.0,100908949.89,76757363.41,"{2: 158697, 3: 42563}","{2: 33019, 3: 9956}",0.0,0.0,0.0,0.0,158697.0,33019.0,42563.0,9956.0,0.0,0.0,0.0,0.0
2024,SH052024,BELAL,Reunion,REU,Saint-Pierre,REU.4_1,2024-01-12 12:00,2024-01-10 06:00,2024-01-19 12:00,2024-01-19 00:00,OFCL,JTWC,313164.0,91748.0,169135825.06,198993004.29,"{2: 224707, 3: 88457}","{2: 82717, 3: 9031}",0.0,0.0,0.0,0.0,224707.0,82717.0,88457.0,9031.0,0.0,0.0,0.0,0.0
2024,SH082024,CANDICE,Mauritius,MUS,Rodriguez,MUS.10_1,2024-01-25 00:00,2024-01-22 00:00,2024-01-28 00:00,2024-01-28 06:00,OFCL,JTWC,44652.0,13182.0,149509.24,32918.54,"{0: 768, 1: 43884}","{0: 2870, 1: 10312}",768.0,2870.0,43884.0,10312.0,0.0,0.0,0.0,0.0,0.0,0.0,0.0,0.0
2024,SH082024,CANDICE,Mauritius,MUS,Savanne,MUS.12_1,2024-01-25 00:00,2024-01-22 00:00,2024-01-28 00:00,2024-01-28 06:00,OFCL,JTWC,60651.0,24500.0,17929.43,5690.16,"{0: 30995, 1: 29656}",{0: 24500},30995.0,24500.0,29656.0,0.0,0.0,0.0,0.0,0.0,0.0,0.0,0.0,0.0
2024,SH082024,CANDICE,Mauritius,MUS,Black River,MUS.2_1,2024-01-25 00:00,2024-01-22 00:00,2024-01-28 00:00,2024-01-28 06:00,OFCL,JTWC,94560.0,25223.0,41257.54,12147.76,"{0: 47264, 1: 47296}","{0: 25041, 1: 182}",47264.0,25041.0,47296.0,182.0,0.0,0.0,0.0,0.0,0.0,0.0,0.0,0.0
2024,SH082024,CANDICE,Mauritius,MUS,Flacq,MUS.3_1,2024-01-25 00:00,2024-01-22 00:00,2024-01-28 00:00,2024-01-28 06:00,OFCL,JTWC,75516.0,10406.0,7280.58,1288.42,{0: 75516},{0: 10406},75516.0,10406.0,0.0,0.0,0.0,0.0,0.0,0.0,0.0,0.0,0.0,0.0
2024,SH082024,CANDICE,Mauritius,MUS,Grand Port,MUS.4_1,2024-01-25 00:00,2024-01-22 00:00,2024-01-28 00:00,2024-01-28 06:00,OFCL,JTWC,53615.0,10051.0,4884.01,1094.91,"{0: 53607, 1: 8}",{0: 10051},53607.0,10051.0,8.0,0.0,0.0,0.0,0.0,0.0,0.0,0.0,0.0,0.0
2024,SH082024,CANDICE,Mauritius,MUS,Moka,MUS.5_1,2024-01-25 00:00,2024-01-22 00:00,2024-01-28 00:00,2024-01-28 06:00,OFCL,JTWC,69249.0,11274.0,21186.87,4516.18,"{0: 54574, 1: 14675}",{0: 11274},54574.0,11274.0,14675.0,0.0,0.0,0.0,0.0,0.0,0.0,0.0,0.0,0.0
2024,SH082024,CANDICE,Mauritius,MUS,Pamplemousses,MUS.6_1,2024-01-25 00:00,2024-01-22 00:00,2024-01-28 00:00,2024-01-28 06:00,OFCL,JTWC,140183.0,47575.0,55019.49,15490.71,"{0: 53361, 1: 86822}","{0: 40343, 1: 7232}",53361.0,40343.0,86822.0,7232.0,0.0,0.0,0.0,0.0,0.0,0.0,0.0,0.0
2024,SH082024,CANDICE,Mauritius,MUS,Plaines Wilhems,MUS.7_1,2024-01-25 00:00,2024-01-22 00:00,2024-01-28 00:00,2024-01-28 06:00,OFCL,JTWC,280463.0,83752.0,21574.18,376.81,"{0: 273369, 1: 7094}",{0: 83752},273369.0,83752.0,7094.0,0.0,0.0,0.0,0.0,0.0,0.0,0.0,0.0,0.0
2024,SH082024,CANDICE,Mauritius,MUS,Port Louis,MUS.8_1,2024-01-25 00:00,2024-01-22 00:00,2024-01-28 00:00,2024-01-28 06:00,OFCL,JTWC,51990.0,32049.0,7209.13,7122.81,"{0: 27841, 1: 24149}",{0: 32049},27841.0,32049.0,24149.0,0.0,0.0,0.0,0.0,0.0,0.0,0.0,0.0,0.0
2024,SH082024,CANDICE,Mauritius,MUS,Rivière du Rempart,MUS.9_1,2024-01-25 00:00,2024-01-22 00:00,2024-01-28 00:00,2024-01-28 06:00,OFCL,JTWC,62411.0,27103.0,25188.84,3574.9,"{0: 49195, 1: 13216}","{0: 23378, 1: 3725}",49195.0,23378.0,13216.0,3725.0,0.0,0.0,0.0,0.0,0.0,0.0,0.0,0.0
2024,SH082024,CANDICE,Reunion,REU,Saint-Benoît,REU.1_1,2024-01-25 00:00,2024-01-22 00:00,2024-01-28 00:00,2024-01-28 06:00,OFCL,JTWC,144.0,35.0,243.72,10.42,"{0: 81, 1: 63}",{0: 35},81.0,35.0,63.0,0.0,0.0,0.0,0.0,0.0,0.0,0.0,0.0,0.0
2024,SH082024,CANDICE,Reunion,REU,Saint-Denis,REU.2_1,2024-01-25 00:00,2024-01-22 00:00,2024-01-28 00:00,2024-01-28 06:00,OFCL,JTWC,206.0,12.0,155.83,2.12,{0: 206},{0: 12},206.0,12.0,0.0,0.0,0.0,0.0,0.0,0.0,0.0,0.0,0.0,0.0
2024,SH082024,CANDICE,Reunion,REU,Saint-Paul,REU.3_1,2024-01-25 00:00,2024-01-22 00:00,2024-01-28 00:00,2024-01-28 06:00,OFCL,JTWC,53048.0,1520.0,3487.32,1.17,"{0: 53031, 1: 17}",{0: 1520},53031.0,1520.0,17.0,0.0,0.0,0.0,0.0,0.0,0.0,0.0,0.0,0.0
2024,SH082024,CANDICE,Reunion,REU,Saint-Pierre,REU.4_1,2024-01-25 00:00,2024-01-22 00:00,2024-01-28 00:00,2024-01-28 06:00,OFCL,JTWC,85782.0,14110.0,11270.22,665.81,"{0: 85778, 1: 4}",{0: 14110},85778.0,14110.0,4.0,0.0,0.0,0.0,0.0,0.0,0.0,0.0,0.0,0.0
2024,SH162024,ELEANOR,Mauritius,MUS,Savanne,MUS.12_1,2024-02-19 00:00,2024-02-17 00:00,2024-02-24 12:00,2024-02-24 18:00,OFCL,JTWC,41283.0,25880.0,5358.22,10411.55,"{0: 41268, 1: 15}","{0: 25388, 1: 492}",41268.0,25388.0,15.0,492.0,0.0,0.0,0.0,0.0,0.0,0.0,0.0,0.0
2024,SH162024,ELEANOR,Mauritius,MUS,Black River,MUS.2_1,2024-02-19 00:00,2024-02-17 00:00,2024-02-24 12:00,2024-02-24 18:00,OFCL,JTWC,23271.0,5849.0,172.35,526.12,{0: 23271},{0: 5849},23271.0,5849.0,0.0,0.0,0.0,0.0,0.0,0.0,0.0,0.0,0.0,0.0
2024,SH162024,ELEANOR,Mauritius,MUS,Flacq,MUS.3_1,2024-02-19 00:00,2024-02-17 00:00,2024-02-24 12:00,2024-02-24 18:00,OFCL,JTWC,77409.0,32923.0,7974.09,15385.24,"{0: 75801, 1: 1608}","{0: 32581, 1: 342}",75801.0,32581.0,1608.0,342.0,0.0,0.0,0.0,0.0,0.0,0.0,0.0,0.0
2024,SH162024,ELEANOR,Mauritius,MUS,Grand Port,MUS.4_1,2024-02-19 00:00,2024-02-17 00:00,2024-02-24 12:00,2024-02-24 18:00,OFCL,JTWC,74332.0,40242.0,21048.51,23776.71,"{0: 64381, 1: 9951}","{0: 35713, 1: 4529}",64381.0,35713.0,9951.0,4529.0,0.0,0.0,0.0,0.0,0.0,0.0,0.0,0.0
2024,SH162024,ELEANOR,Mauritius,MUS,Moka,MUS.5_1,2024-02-19 00:00,2024-02-17 00:00,2024-02-24 12:00,2024-02-24 18:00,OFCL,JTWC,36034.0,16303.0,1454.43,1800.66,{0: 36034},{0: 16303},36034.0,16303.0,0.0,0.0,0.0,0.0,0.0,0.0,0.0,0.0,0.0,0.0
2024,SH162024,ELEANOR,Mauritius,MUS,Pamplemousses,MUS.6_1,2024-02-19 00:00,2024-02-17 00:00,2024-02-24 12:00,2024-02-24 18:00,OFCL,JTWC,28167.0,11492.0,590.23,802.11,{0: 28167},{0: 11492},28167.0,11492.0,0.0,0.0,0.0,0.0,0.0,0.0,0.0,0.0,0.0,0.0
2024,SH162024,ELEANOR,Mauritius,MUS,Plaines Wilhems,MUS.7_1,2024-02-19 00:00,2024-02-17 00:00,2024-02-24 12:00,2024-02-24 18:00,OFCL,JTWC,25920.0,13701.0,403.29,99.64,{0: 25920},{0: 13701},25920.0,13701.0,0.0,0.0,0.0,0.0,0.0,0.0,0.0,0.0,0.0,0.0
2024,SH162024,ELEANOR,Mauritius,MUS,Port Louis,MUS.8_1,2024-02-19 00:00,2024-02-17 00:00,2024-02-24 12:00,2024-02-24 18:00,OFCL,JTWC,8.0,1072.0,0.2,92.33,{0: 8},{0: 1072},8.0,1072.0,0.0,0.0,0.0,0.0,0.0,0.0,0.0,0.0,0.0,0.0
2024,SH162024,ELEANOR,Mauritius,MUS,Rivière du Rempart,MUS.9_1,2024-02-19 00:00,2024-02-17 00:00,2024-02-24 12:00,2024-02-24 18:00,OFCL,JTWC,48764.0,8860.0,426.28,844.27,{0: 48764},"{0: 8859, 1: 1}",48764.0,8859.0,0.0,1.0,0.0,0.0,0.0,0.0,0.0,0.0,0.0,0.0
2024,SH172024,FILIPO,Mozambique,MOZ,Gaza,MOZ.2_1,2024-03-10 18:00,2024-03-04 18:00,2024-03-14 12:00,2024-03-13 18:00,OFCL,JTWC,1237214.0,156391.0,251233.9,1034.4,"{0: 868069, 1: 369145}","{0: 156389, 1: 2}",868069.0,156389.0,369145.0,2.0,0.0,0.0,0.0,0.0,0.0,0.0,0.0,0.0
2024,SH172024,FILIPO,Mozambique,MOZ,Inhambane,MOZ.3_1,2024-03-10 18:00,2024-03-04 18:00,2024-03-14 12:00,2024-03-13 18:00,OFCL,JTWC,1506027.0,351385.0,6373038.26,576797.76,"{0: 283234, 1: 958345, 2: 264448}","{0: 150121, 1: 195913, 2: 5351}",283234.0,150121.0,958345.0,195913.0,264448.0,5351.0,0.0,0.0,0.0,0.0,0.0,0.0
2024,SH172024,FILIPO,Mozambique,MOZ,Manica,MOZ.4_1,2024-03-10 18:00,2024-03-04 18:00,2024-03-14 12:00,2024-03-13 18:00,OFCL,JTWC,184277.0,12810.0,30673.17,488.5,"{0: 138486, 1: 45791}","{0: 12015, 1: 795}",138486.0,12015.0,45791.0,795.0,0.0,0.0,0.0,0.0,0.0,0.0,0.0,0.0
2024,SH172024,FILIPO,Mozambique,MOZ,Maputo City,MOZ.5_1,2024-03-10 18:00,2024-03-04 18:00,2024-03-14 12:00,2024-03-13 18:00,OFCL,JTWC,273775.0,359.0,2311.01,1.39,"{0: 268988, 1: 4787}",{0: 359},268988.0,359.0,4787.0,0.0,0.0,0.0,0.0,0.0,0.0,0.0,0.0,0.0
2024,SH172024,FILIPO,Mozambique,MOZ,Maputo,MOZ.6_1,2024-03-10 18:00,2024-03-04 18:00,2024-03-14 12:00,2024-03-13 18:00,OFCL,JTWC,330562.0,24103.0,4096.64,7.11,{0: 330562},{0: 24103},330562.0,24103.0,0.0,0.0,0.0,0.0,0.0,0.0,0.0,0.0,0.0,0.0
2024,SH172024,FILIPO,Mozambique,MOZ,Sofala,MOZ.9_1,2024-03-10 18:00,2024-03-04 18:00,2024-03-14 12:00,2024-03-13 18:00,OFCL,JTWC,1093505.0,200420.0,866817.24,40501.21,"{0: 351211, 1: 686432, 2: 55862}","{0: 179041, 1: 21379}",351211.0,179041.0,686432.0,21379.0,55862.0,0.0,0.0,0.0,0.0,0.0,0.0,0.0
2024,SH202024,GAMANE,Madagascar,MDG,Antsiranana,MDG.2_1,2024-03-26 00:00,2024-03-24 18:00,2024-03-29 12:00,2024-03-28 18:00,OFCL,JTWC,1836658.0,317088.0,19231920.63,19095526.09,"{0: 476032, 1: 840369, 2: 363083, 3: 147580, 4: 9594}","{0: 138354, 1: 115528, 2: 32791, 3: 30415}",476032.0,138354.0,840369.0,115528.0,363083.0,32791.0,147580.0,30415.0,9594.0,0.0,0.0,0.0
2024,SH202024,GAMANE,Madagascar,MDG,Mahajanga,MDG.4_1,2024-03-26 00:00,2024-03-24 18:00,2024-03-29 12:00,2024-03-28 18:00,OFCL,JTWC,1079069.0,60936.0,392004.25,22638.16,"{0: 832572, 1: 231096, 2: 15401}","{0: 44006, 1: 16930}",832572.0,44006.0,231096.0,16930.0,15401.0,0.0,0.0,0.0,0.0,0.0,0.0,0.0
2024,SH202024,GAMANE,Madagascar,MDG,Toamasina,MDG.5_1,2024-03-26 00:00,2024-03-24 18:00,2024-03-29 12:00,2024-03-28 18:00,OFCL,JTWC,18264.0,525.0,519.6,0.63,"{0: 17803, 1: 461}",{0: 525},17803.0,525.0,461.0,0.0,0.0,0.0,0.0,0.0,0.0,0.0,0.0,0.0
2024,SH232024,HIDAYA,Mozambique,MOZ,Cabo Delgado,MOZ.1_1,,2024-04-28 12:00,,2024-05-04 12:00,,JTWC,,1.0,,0.0,,{0: 1},,1.0,,0.0,,0.0,,0.0,,0.0,,0.0
2024,SH232024,HIDAYA,Seychelles,SYC,Outer Islands,SYC.20_1,,2024-04-28 12:00,,2024-05-04 12:00,,JTWC,,36.0,,0.1,,{0: 36},,36.0,,0.0,,0.0,,0.0,,0.0,,0.0
2024,SH232024,HIDAYA,Tanzania,TZA,Lindi,TZA.10_1,2024-05-01 12:00,2024-04-28 12:00,2024-05-04 12:00,2024-05-04 12:00,OFCL,JTWC,184630.0,84979.0,635714.94,653953.16,"{0: 38704, 1: 104772, 2: 41154}","{0: 55052, 1: 27502, 2: 2425}",38704.0,55052.0,104772.0,27502.0,41154.0,2425.0,0.0,0.0,0.0,0.0,0.0,0.0
2024,SH232024,HIDAYA,Tanzania,TZA,Morogoro,TZA.14_1,2024-05-01 12:00,2024-04-28 12:00,2024-05-04 12:00,2024-05-04 12:00,OFCL,JTWC,73304.0,189354.0,3337.38,37396.05,"{0: 67190, 1: 6114}","{0: 175623, 1: 13731}",67190.0,175623.0,6114.0,13731.0,0.0,0.0,0.0,0.0,0.0,0.0,0.0,0.0
2024,SH232024,HIDAYA,Tanzania,TZA,Mtwara,TZA.15_1,,2024-04-28 12:00,,2024-05-04 12:00,,JTWC,,1333.0,,4.16,,{0: 1333},,1333.0,,0.0,,0.0,,0.0,,0.0,,0.0
2024,SH232024,HIDAYA,Tanzania,TZA,Pwani,TZA.20_1,2024-05-01 12:00,2024-04-28 12:00,2024-05-04 12:00,2024-05-04 12:00,OFCL,JTWC,952074.0,287520.0,10496631.59,4208506.48,"{0: 245942, 1: 259552, 2: 423990, 3: 22590}","{0: 81839, 1: 159163, 2: 46518}",245942.0,81839.0,259552.0,159163.0,423990.0,46518.0,22590.0,0.0,0.0,0.0,0.0,0.0
2024,SH232024,HIDAYA,Tanzania,TZA,Zanzibar South and Central,TZA.29_1,2024-05-01 12:00,2024-04-28 12:00,2024-05-04 12:00,2024-05-04 12:00,OFCL,JTWC,2962.0,4408.0,0.63,22.76,{0: 2962},{0: 4408},2962.0,4408.0,0.0,0.0,0.0,0.0,0.0,0.0,0.0,0.0,0.0,0.0
2024,SH232024,HIDAYA,Tanzania,TZA,Dar es Salaam,TZA.2_1,2024-05-01 12:00,2024-04-28 12:00,2024-05-04 12:00,2024-05-04 12:00,OFCL,JTWC,6704711.0,1551005.0,1215844.95,155252.3,"{0: 1259493, 1: 5444858, 2: 360}","{0: 340645, 1: 1210360}",1259493.0,340645.0,5444858.0,1210360.0,360.0,0.0,0.0,0.0,0.0,0.0,0.0,0.0
2024,SH232024,HIDAYA,Tanzania,TZA,Zanzibar West,TZA.30_1,,2024-04-28 12:00,,2024-05-04 12:00,,JTWC,,2773.0,,3.8,,{0: 2773},,2773.0,,0.0,,0.0,,0.0,,0.0,,0.0
2024,SH232024,HIDAYA,Tanzania,TZA,Dodoma,TZA.3_1,,2024-04-28 12:00,,2024-05-04 12:00,,JTWC,,1642.0,,8.07,,{0: 1642},,1642.0,,0.0,,0.0,,0.0,,0.0,,0.0
2024,SH232024,HIDAYA,Tanzania,TZA,Iringa,TZA.5_1,,2024-04-28 12:00,,2024-05-04 12:00,,JTWC,,5.0,,0.01,,{0: 5},,5.0,,0.0,,0.0,,0.0,,0.0,,0.0
2025,SH022025,BHEKI,Mauritius,MUS,Rodriguez,MUS.10_1,2024-11-13 00:00,2024-11-13 00:00,2024-11-23 12:00,2024-11-22 18:00,JTWC,JTWC,44652.0,13182.0,364967.16,759294.15,{1: 44652},{1: 13182},0.0,0.0,44652.0,13182.0,0.0,0.0,0.0,0.0,0.0,0.0,0.0,0.0
2025,SH022025,BHEKI,Mauritius,MUS,Black River,MUS.2_1,,2024-11-13 00:00,,2024-11-22 18:00,,JTWC,,204.0,,0.03,,{0: 204},,204.0,,0.0,,0.0,,0.0,,0.0,,0.0
2025,SH022025,BHEKI,Reunion,REU,Saint-Benoît,REU.1_1,2024-11-13 00:00,2024-11-13 00:00,2024-11-23 12:00,2024-11-22 18:00,JTWC,JTWC,258.0,1662.0,474.5,202.5,"{0: 196, 1: 62}","{0: 1657, 1: 5}",196.0,1657.0,62.0,5.0,0.0,0.0,0.0,0.0,0.0,0.0,0.0,0.0
2025,SH022025,BHEKI,Reunion,REU,Saint-Denis,REU.2_1,2024-11-13 00:00,2024-11-13 00:00,2024-11-23 12:00,2024-11-22 18:00,JTWC,JTWC,9539.0,7380.0,218.31,387.83,{0: 9539},{0: 7380},9539.0,7380.0,0.0,0.0,0.0,0.0,0.0,0.0,0.0,0.0,0.0,0.0
2025,SH022025,BHEKI,Reunion,REU,Saint-Paul,REU.3_1,2024-11-13 00:00,2024-11-13 00:00,2024-11-23 12:00,2024-11-22 18:00,JTWC,JTWC,103247.0,27196.0,64008.03,10662.5,"{0: 97606, 1: 5641}","{0: 26865, 1: 331}",97606.0,26865.0,5641.0,331.0,0.0,0.0,0.0,0.0,0.0,0.0,0.0,0.0
2025,SH022025,BHEKI,Reunion,REU,Saint-Pierre,REU.4_1,2024-11-13 00:00,2024-11-13 00:00,2024-11-23 12:00,2024-11-22 18:00,JTWC,JTWC,136154.0,84075.0,76262.43,22701.75,"{0: 118823, 1: 17331}","{0: 83393, 1: 682}",118823.0,83393.0,17331.0,682.0,0.0,0.0,0.0,0.0,0.0,0.0,0.0,0.0
2025,SH042025,CHIDO,Comoros,COM,Mwali,COM.1_1,2024-12-05 06:00,2024-12-05 06:00,2024-12-15 18:00,2024-12-15 06:00,JTWC,JTWC,67648.0,98341.0,8172840.61,2930992.79,"{2: 45243, 3: 22405}","{1: 22469, 2: 64527, 3: 11345}",0.0,0.0,0.0,22469.0,45243.0,64527.0,22405.0,11345.0,0.0,0.0,0.0,0.0
2025,SH042025,CHIDO,Comoros,COM,Njazídja,COM.2_1,2024-12-05 06:00,2024-12-05 06:00,2024-12-15 18:00,2024-12-15 06:00,JTWC,JTWC,84414.0,77379.0,3481.87,4850.0,{0: 84414},"{0: 69040, 1: 8339}",84414.0,69040.0,0.0,8339.0,0.0,0.0,0.0,0.0,0.0,0.0,0.0,0.0
2025,SH042025,CHIDO,Comoros,COM,Nzwani,COM.3_1,2024-12-05 06:00,2024-12-05 06:00,2024-12-15 18:00,2024-12-15 06:00,JTWC,JTWC,363755.0,13396.0,793920.16,12948.06,"{1: 333309, 2: 30446}",{1: 13396},0.0,0.0,333309.0,13396.0,30446.0,0.0,0.0,0.0,0.0,0.0,0.0,0.0
2025,SH042025,CHIDO,Madagascar,MDG,Antsiranana,MDG.2_1,2024-12-05 06:00,2024-12-05 06:00,2024-12-15 18:00,2024-12-15 06:00,JTWC,JTWC,1212407.0,180268.0,6609909.18,2538160.27,"{0: 470157, 1: 479129, 2: 162824, 3: 100250, 4: 47}","{0: 102136, 1: 35026, 2: 40711, 3: 2395}",470157.0,102136.0,479129.0,35026.0,162824.0,40711.0,100250.0,2395.0,47.0,0.0,0.0,0.0
2025,SH042025,CHIDO,Madagascar,MDG,Mahajanga,MDG.4_1,2024-12-05 06:00,2024-12-05 06:00,2024-12-15 18:00,2024-12-15 06:00,JTWC,JTWC,69289.0,1342.0,1062.17,0.11,"{0: 69273, 1: 16}",{0: 1342},69273.0,1342.0,16.0,0.0,0.0,0.0,0.0,0.0,0.0,0.0,0.0,0.0
2025,SH042025,CHIDO,Mozambique,MOZ,Tete,MOZ.10_1,2024-12-05 06:00,2024-12-05 06:00,2024-12-15 18:00,2024-12-15 06:00,JTWC,JTWC,2610626.0,19290.0,199897.67,35.86,"{0: 2330692, 1: 279934}",{0: 19290},2330692.0,19290.0,279934.0,0.0,0.0,0.0,0.0,0.0,0.0,0.0,0.0,0.0
2025,SH042025,CHIDO,Mozambique,MOZ,Zambezia,MOZ.11_1,2024-12-05 06:00,2024-12-05 06:00,2024-12-15 18:00,2024-12-15 06:00,JTWC,JTWC,5395416.0,200087.0,2414744.32,2197.73,"{0: 2876694, 1: 2517849, 2: 873}","{0: 198236, 1: 1851}",2876694.0,198236.0,2517849.0,1851.0,873.0,0.0,0.0,0.0,0.0,0.0,0.0,0.0
2025,SH042025,CHIDO,Mozambique,MOZ,Cabo Delgado,MOZ.1_1,2024-12-05 06:00,2024-12-05 06:00,2024-12-15 18:00,2024-12-15 06:00,JTWC,JTWC,1689987.0,472266.0,227313718.56,181733001.54,"{0: 48718, 1: 422899, 2: 297981, 3: 300282, 4: 588444, 5: 31663}","{0: 69657, 1: 68092, 2: 101331, 3: 185378, 4: 47808}",48718.0,69657.0,422899.0,68092.0,297981.0,101331.0,300282.0,185378.0,588444.0,47808.0,31663.0,0.0
2025,SH042025,CHIDO,Mozambique,MOZ,Manica,MOZ.4_1,2024-12-05 06:00,,2024-12-15 18:00,,JTWC,,640292.0,,37399.38,,"{0: 604671, 1: 35621}",,604671.0,,35621.0,,0.0,,0.0,,0.0,,0.0,
2025,SH042025,CHIDO,Mozambique,MOZ,Nampula,MOZ.7_1,2024-12-05 06:00,2024-12-05 06:00,2024-12-15 18:00,2024-12-15 06:00,JTWC,JTWC,5541820.0,1289605.0,134409958.61,308704008.22,"{0: 964851, 1: 3070106, 2: 883422, 3: 433659, 4: 180615, 5: 9167}","{0: 254043, 1: 540119, 2: 209913, 3: 210912, 4: 74618}",964851.0,254043.0,3070106.0,540119.0,883422.0,209913.0,433659.0,210912.0,180615.0,74618.0,9167.0,0.0
2025,SH042025,CHIDO,Mozambique,MOZ,Nassa,MOZ.8_1,2024-12-05 06:00,2024-12-05 06:00,2024-12-15 18:00,2024-12-15 06:00,JTWC,JTWC,1503625.0,216188.0,470369.53,698852.32,"{0: 1154966, 1: 336036, 2: 12623}","{0: 65903, 1: 139732, 2: 10553}",1154966.0,65903.0,336036.0,139732.0,12623.0,10553.0,0.0,0.0,0.0,0.0,0.0,0.0
2025,SH042025,CHIDO,Mozambique,MOZ,Sofala,MOZ.9_1,2024-12-05 06:00,,2024-12-15 18:00,,JTWC,,752164.0,,79846.23,,"{0: 643573, 1: 108591}",,643573.0,,108591.0,,0.0,,0.0,,0.0,,0.0,
2025,SH042025,CHIDO,Mauritius,MUS,Agalega Islands,MUS.1_1,2024-12-05 06:00,2024-12-05 06:00,2024-12-15 18:00,2024-12-15 06:00,JTWC,JTWC,262.0,122.0,1018593.39,9756631.78,{4: 262},{4: 122},0.0,0.0,0.0,0.0,0.0,0.0,0.0,0.0,262.0,122.0,0.0,0.0
2025,SH042025,CHIDO,Mayotte,MYT,Koungou,MYT.10_1,2024-12-05 06:00,2024-12-05 06:00,2024-12-15 18:00,2024-12-15 06:00,JTWC,JTWC,41150.0,7159.0,259403819.48,711439817.72,{4: 41150},{4: 7159},0.0,0.0,0.0,0.0,0.0,0.0,0.0,0.0,41150.0,7159.0,0.0,0.0
2025,SH042025,CHIDO,Mayotte,MYT,M'tsangamouji,MYT.11_1,2024-12-05 06:00,2024-12-05 06:00,2024-12-15 18:00,2024-12-15 06:00,JTWC,JTWC,7178.0,2251.0,38310992.38,137505632.44,{4: 7178},"{3: 19, 4: 2232}",0.0,0.0,0.0,0.0,0.0,0.0,0.0,19.0,7178.0,2232.0,0.0,0.0
2025,SH042025,CHIDO,Mayotte,MYT,Mamoudzou,MYT.12_1,2024-12-05 06:00,2024-12-05 06:00,2024-12-15 18:00,2024-12-15 06:00,JTWC,JTWC,68646.0,13285.0,437858958.81,2117909889.29,{4: 68646},{4: 13285},0.0,0.0,0.0,0.0,0.0,0.0,0.0,0.0,68646.0,13285.0,0.0,0.0
2025,SH042025,CHIDO,Mayotte,MYT,Mtsamboro,MYT.13_1,2024-12-05 06:00,2024-12-05 06:00,2024-12-15 18:00,2024-12-15 06:00,JTWC,JTWC,8487.0,3313.0,47768309.76,116216978.14,{4: 8487},{4: 3313},0.0,0.0,0.0,0.0,0.0,0.0,0.0,0.0,8487.0,3313.0,0.0,0.0
2025,SH042025,CHIDO,Mayotte,MYT,Ouangani,MYT.14_1,2024-12-05 06:00,2024-12-05 06:00,2024-12-15 18:00,2024-12-15 06:00,JTWC,JTWC,15883.0,1874.0,41713279.56,34288000.79,"{3: 13810, 4: 2073}","{3: 1573, 4: 301}",0.0,0.0,0.0,0.0,0.0,0.0,13810.0,1573.0,2073.0,301.0,0.0,0.0
2025,SH042025,CHIDO,Mayotte,MYT,Pamandzi,MYT.15_1,2024-12-05 06:00,2024-12-05 06:00,2024-12-15 18:00,2024-12-15 06:00,JTWC,JTWC,12327.0,2500.0,94343895.48,144898277.48,{4: 12327},{4: 2500},0.0,0.0,0.0,0.0,0.0,0.0,0.0,0.0,12327.0,2500.0,0.0,0.0
2025,SH042025,CHIDO,Mayotte,MYT,Sada,MYT.16_1,2024-12-05 06:00,2024-12-05 06:00,2024-12-15 18:00,2024-12-15 06:00,JTWC,JTWC,12674.0,2464.0,61688343.53,81172039.8,"{3: 1181, 4: 11493}",{4: 2464},0.0,0.0,0.0,0.0,0.0,0.0,1181.0,0.0,11493.0,2464.0,0.0,0.0
2025,SH042025,CHIDO,Mayotte,MYT,Tsingoni,MYT.17_1,2024-12-05 06:00,2024-12-05 06:00,2024-12-15 18:00,2024-12-15 06:00,JTWC,JTWC,13243.0,2392.0,45754752.28,71079735.03,"{3: 2795, 4: 10448}","{3: 480, 4: 1912}",0.0,0.0,0.0,0.0,0.0,0.0,2795.0,480.0,10448.0,1912.0,0.0,0.0
2025,SH042025,CHIDO,Mayotte,MYT,Acoua,MYT.1_1,2024-12-05 06:00,2024-12-05 06:00,2024-12-15 18:00,2024-12-15 06:00,JTWC,JTWC,4802.0,2017.0,25119858.34,82825667.55,{4: 4802},{4: 2017},0.0,0.0,0.0,0.0,0.0,0.0,0.0,0.0,4802.0,2017.0,0.0,0.0
2025,SH042025,CHIDO,Mayotte,MYT,Bandraboua,MYT.2_1,2024-12-05 06:00,2024-12-05 06:00,2024-12-15 18:00,2024-12-15 06:00,JTWC,JTWC,12848.0,3856.0,59711764.69,309807955.9,{4: 12848},"{3: 18, 4: 3838}",0.0,0.0,0.0,0.0,0.0,0.0,0.0,18.0,12848.0,3838.0,0.0,0.0
2025,SH042025,CHIDO,Mayotte,MYT,Bandrele,MYT.3_1,2024-12-05 06:00,2024-12-05 06:00,2024-12-15 18:00,2024-12-15 06:00,JTWC,JTWC,10462.0,3722.0,86958032.45,1008620662.11,{4: 10462},{4: 3722},0.0,0.0,0.0,0.0,0.0,0.0,0.0,0.0,10462.0,3722.0,0.0,0.0
2025,SH042025,CHIDO,Mayotte,MYT,Boueni,MYT.4_1,2024-12-05 06:00,2024-12-05 06:00,2024-12-15 18:00,2024-12-15 06:00,JTWC,JTWC,7614.0,2685.0,38828861.64,144641539.73,{4: 7614},{4: 2685},0.0,0.0,0.0,0.0,0.0,0.0,0.0,0.0,7614.0,2685.0,0.0,0.0
2025,SH042025,CHIDO,Mayotte,MYT,Chiconi,MYT.5_1,2024-12-05 06:00,2024-12-05 06:00,2024-12-15 18:00,2024-12-15 06:00,JTWC,JTWC,8615.0,2213.0,23409140.63,42921748.5,"{3: 5636, 4: 2979}","{3: 929, 4: 1284}",0.0,0.0,0.0,0.0,0.0,0.0,5636.0,929.0,2979.0,1284.0,0.0,0.0
2025,SH042025,CHIDO,Mayotte,MYT,Chirongui,MYT.6_1,2024-12-05 06:00,2024-12-05 06:00,2024-12-15 18:00,2024-12-15 06:00,JTWC,JTWC,10610.0,2880.0,55952969.76,141033800.71,{4: 10610},{4: 2880},0.0,0.0,0.0,0.0,0.0,0.0,0.0,0.0,10610.0,2880.0,0.0,0.0
2025,SH042025,CHIDO,Mayotte,MYT,Dembeni,MYT.7_1,2024-12-05 06:00,2024-12-05 06:00,2024-12-15 18:00,2024-12-15 06:00,JTWC,JTWC,14271.0,2683.0,66725441.7,287393812.12,{4: 14271},"{3: 53, 4: 2630}",0.0,0.0,0.0,0.0,0.0,0.0,0.0,53.0,14271.0,2630.0,0.0,0.0
2025,SH042025,CHIDO,Mayotte,MYT,Dzaoudzi,MYT.8_1,2024-12-05 06:00,2024-12-05 06:00,2024-12-15 18:00,2024-12-15 06:00,JTWC,JTWC,16147.0,6475.0,113919331.72,269787009.48,{4: 16147},{4: 6475},0.0,0.0,0.0,0.0,0.0,0.0,0.0,0.0,16147.0,6475.0,0.0,0.0
2025,SH042025,CHIDO,Mayotte,MYT,Kani-Keli,MYT.9_1,2024-12-05 06:00,2024-12-05 06:00,2024-12-15 18:00,2024-12-15 06:00,JTWC,JTWC,5443.0,3311.0,27676542.9,156024390.65,{4: 5443},{4: 3311},0.0,0.0,0.0,0.0,0.0,0.0,0.0,0.0,5443.0,3311.0,0.0,0.0
2025,SH042025,CHIDO,Seychelles,SYC,Outer Islands,SYC.20_1,2024-12-05 06:00,2024-12-05 06:00,2024-12-15 18:00,2024-12-15 06:00,JTWC,JTWC,35.0,68.0,245.38,838.57,{1: 35},{1: 68},0.0,0.0,35.0,68.0,0.0,0.0,0.0,0.0,0.0,0.0,0.0,0.0
2025,SH072025,DIKELEDI,Madagascar,MDG,Antsiranana,MDG.2_1,2024-12-29 12:00,2024-12-29 12:00,2025-01-18 00:00,2025-01-17 18:00,OFCL,JTWC,2092906.0,478038.0,137045591.6,45315852.3,"{0: 29739, 1: 404349, 2: 552978, 3: 1003401, 4: 102439}","{0: 82854, 1: 152505, 2: 122298, 3: 120381}",29739.0,82854.0,404349.0,152505.0,552978.0,122298.0,1003401.0,120381.0,102439.0,0.0,0.0,0.0
2025,SH072025,DIKELEDI,Madagascar,MDG,Fianarantsoa,MDG.3_1,2024-12-29 12:00,,2025-01-18 00:00,,OFCL,,335.0,,0.06,,{0: 335},,335.0,,0.0,,0.0,,0.0,,0.0,,0.0,
2025,SH072025,DIKELEDI,Madagascar,MDG,Mahajanga,MDG.4_1,2024-12-29 12:00,2024-12-29 12:00,2025-01-18 00:00,2025-01-17 18:00,OFCL,JTWC,940358.0,129079.0,1779958.95,137451.3,"{0: 359320, 1: 488251, 2: 92500, 3: 287}","{0: 84724, 1: 44227, 2: 128}",359320.0,84724.0,488251.0,44227.0,92500.0,128.0,287.0,0.0,0.0,0.0,0.0,0.0
2025,SH072025,DIKELEDI,Madagascar,MDG,Toamasina,MDG.5_1,2024-12-29 12:00,2024-12-29 12:00,2025-01-18 00:00,2025-01-17 18:00,OFCL,JTWC,193371.0,14943.0,43856.0,193.01,"{0: 132812, 1: 60559}","{0: 14633, 1: 310}",132812.0,14633.0,60559.0,310.0,0.0,0.0,0.0,0.0,0.0,0.0,0.0,0.0
2025,SH072025,DIKELEDI,Madagascar,MDG,Toliary,MDG.6_1,2024-12-29 12:00,2024-12-29 12:00,2025-01-18 00:00,2025-01-17 18:00,OFCL,JTWC,1497638.0,140343.0,574659.03,10972.25,"{0: 1249086, 1: 248552}","{0: 139246, 1: 1097}",1249086.0,139246.0,248552.0,1097.0,0.0,0.0,0.0,0.0,0.0,0.0,0.0,0.0
2025,SH072025,DIKELEDI,Mozambique,MOZ,Zambezia,MOZ.11_1,2024-12-29 12:00,2024-12-29 12:00,2025-01-18 00:00,2025-01-17 18:00,OFCL,JTWC,16700.0,26436.0,103.91,696.22,{0: 16700},"{0: 25339, 1: 1097}",16700.0,25339.0,0.0,1097.0,0.0,0.0,0.0,0.0,0.0,0.0,0.0,0.0
2025,SH072025,DIKELEDI,Mozambique,MOZ,Nampula,MOZ.7_1,2024-12-29 12:00,2024-12-29 12:00,2025-01-18 00:00,2025-01-17 18:00,OFCL,JTWC,2329586.0,709947.0,42520916.73,7831504.81,"{0: 564206, 1: 550590, 2: 858515, 3: 355324, 4: 951}","{0: 232844, 1: 366835, 2: 92925, 3: 17343}",564206.0,232844.0,550590.0,366835.0,858515.0,92925.0,355324.0,17343.0,951.0,0.0,0.0,0.0
2025,SH112025,FAIDA,Madagascar,MDG,Antananarivo,MDG.1_1,2025-01-23 06:00,,2025-02-05 12:00,,JTWC,,225710.0,,379.57,,{0: 225710},,225710.0,,0.0,,0.0,,0.0,,0.0,,0.0,
2025,SH112025,FAIDA,Madagascar,MDG,Fianarantsoa,MDG.3_1,2025-01-23 06:00,,2025-02-05 12:00,,JTWC,,177257.0,,2089.29,,{0: 177257},,177257.0,,0.0,,0.0,,0.0,,0.0,,0.0,
2025,SH112025,FAIDA,Madagascar,MDG,Mahajanga,MDG.4_1,2025-01-23 06:00,,2025-02-05 12:00,,JTWC,,404.0,,0.13,,{0: 404},,404.0,,0.0,,0.0,,0.0,,0.0,,0.0,
2025,SH112025,FAIDA,Madagascar,MDG,Toamasina,MDG.5_1,2025-01-23 06:00,2025-01-23 06:00,2025-02-05 12:00,2025-02-05 00:00,JTWC,JTWC,1510428.0,56133.0,51962.3,246.61,"{0: 1481143, 1: 29285}",{0: 56133},1481143.0,56133.0,29285.0,0.0,0.0,0.0,0.0,0.0,0.0,0.0,0.0,0.0
2025,SH112025,FAIDA,Mauritius,MUS,Savanne,MUS.12_1,2025-01-23 06:00,2025-01-23 06:00,2025-02-05 12:00,2025-02-05 00:00,JTWC,JTWC,20477.0,4890.0,169.92,795.33,{0: 20477},{0: 4890},20477.0,4890.0,0.0,0.0,0.0,0.0,0.0,0.0,0.0,0.0,0.0,0.0
2025,SH112025,FAIDA,Mauritius,MUS,Black River,MUS.2_1,2025-01-23 06:00,2025-01-23 06:00,2025-02-05 12:00,2025-02-05 00:00,JTWC,JTWC,971.0,2584.0,6.23,21.13,{0: 971},{0: 2584},971.0,2584.0,0.0,0.0,0.0,0.0,0.0,0.0,0.0,0.0,0.0,0.0
2025,SH112025,FAIDA,Mauritius,MUS,Flacq,MUS.3_1,2025-01-23 06:00,2025-01-23 06:00,2025-02-05 12:00,2025-02-05 00:00,JTWC,JTWC,48149.0,13005.0,765.47,1965.77,{0: 48149},{0: 13005},48149.0,13005.0,0.0,0.0,0.0,0.0,0.0,0.0,0.0,0.0,0.0,0.0
2025,SH112025,FAIDA,Mauritius,MUS,Grand Port,MUS.4_1,2025-01-23 06:00,2025-01-23 06:00,2025-02-05 12:00,2025-02-05 00:00,JTWC,JTWC,40248.0,19656.0,815.97,1523.37,{0: 40248},{0: 19656},40248.0,19656.0,0.0,0.0,0.0,0.0,0.0,0.0,0.0,0.0,0.0,0.0
2025,SH112025,FAIDA,Mauritius,MUS,Moka,MUS.5_1,2025-01-23 06:00,2025-01-23 06:00,2025-02-05 12:00,2025-02-05 00:00,JTWC,JTWC,26695.0,5606.0,27.35,355.01,{0: 26695},{0: 5606},26695.0,5606.0,0.0,0.0,0.0,0.0,0.0,0.0,0.0,0.0,0.0,0.0
2025,SH112025,FAIDA,Mauritius,MUS,Pamplemousses,MUS.6_1,2025-01-23 06:00,2025-01-23 06:00,2025-02-05 12:00,2025-02-05 00:00,JTWC,JTWC,651.0,4346.0,0.03,14.32,{0: 651},{0: 4346},651.0,4346.0,0.0,0.0,0.0,0.0,0.0,0.0,0.0,0.0,0.0,0.0
2025,SH112025,FAIDA,Mauritius,MUS,Plaines Wilhems,MUS.7_1,2025-01-23 06:00,2025-01-23 06:00,2025-02-05 12:00,2025-02-05 00:00,JTWC,JTWC,19307.0,3017.0,45.4,59.42,{0: 19307},{0: 3017},19307.0,3017.0,0.0,0.0,0.0,0.0,0.0,0.0,0.0,0.0,0.0,0.0
2025,SH112025,FAIDA,Mauritius,MUS,Port Louis,MUS.8_1,,2025-01-23 06:00,,2025-02-05 00:00,,JTWC,,285.0,,1.25,,{0: 285},,285.0,,0.0,,0.0,,0.0,,0.0,,0.0
2025,SH112025,FAIDA,Mauritius,MUS,Rivière du Rempart,MUS.9_1,2025-01-23 06:00,2025-01-23 06:00,2025-02-05 12:00,2025-02-05 00:00,JTWC,JTWC,20020.0,6029.0,355.59,626.83,{0: 20020},{0: 6029},20020.0,6029.0,0.0,0.0,0.0,0.0,0.0,0.0,0.0,0.0,0.0,0.0
2025,SH112025,FAIDA,Reunion,REU,Saint-Benoît,REU.1_1,2025-01-23 06:00,2025-01-23 06:00,2025-02-05 12:00,2025-02-05 00:00,JTWC,JTWC,14.0,885.0,2.59,0.67,{0: 14},{0: 885},14.0,885.0,0.0,0.0,0.0,0.0,0.0,0.0,0.0,0.0,0.0,0.0
2025,SH112025,FAIDA,Reunion,REU,Saint-Denis,REU.2_1,,2025-01-23 06:00,,2025-02-05 00:00,,JTWC,,33.0,,0.13,,{0: 33},,33.0,,0.0,,0.0,,0.0,,0.0,,0.0
2025,SH112025,FAIDA,Reunion,REU,Saint-Paul,REU.3_1,2025-01-23 06:00,2025-01-23 06:00,2025-02-05 12:00,2025-02-05 00:00,JTWC,JTWC,481.0,6.0,116.5,0.62,{0: 481},{0: 6},481.0,6.0,0.0,0.0,0.0,0.0,0.0,0.0,0.0,0.0,0.0,0.0
2025,SH112025,FAIDA,Reunion,REU,Saint-Pierre,REU.4_1,2025-01-23 06:00,2025-01-23 06:00,2025-02-05 12:00,2025-02-05 00:00,JTWC,JTWC,91.0,58.0,42.9,0.52,{0: 91},{0: 58},91.0,58.0,0.0,0.0,0.0,0.0,0.0,0.0,0.0,0.0,0.0,0.0
2025,SH122025,ELVIS,Madagascar,MDG,Toliary,MDG.6_1,2025-01-27 00:00,2025-01-27 00:00,2025-02-01 00:00,2025-01-31 18:00,OFCL,JTWC,1822857.0,164426.0,405183.39,8892.71,"{0: 1443139, 1: 379077, 2: 641}","{0: 152961, 1: 11465}",1443139.0,152961.0,379077.0,11465.0,641.0,0.0,0.0,0.0,0.0,0.0,0.0,0.0
2025,SH222025,GARANCE,Mauritius,MUS,Savanne,MUS.12_1,2025-02-23 12:00,2025-02-23 12:00,2025-03-02 18:00,2025-03-02 06:00,JTWC,JTWC,4.0,264.0,0.03,0.2,{0: 4},{0: 264},4.0,264.0,0.0,0.0,0.0,0.0,0.0,0.0,0.0,0.0,0.0,0.0
2025,SH222025,GARANCE,Mauritius,MUS,Black River,MUS.2_1,2025-02-23 12:00,2025-02-23 12:00,2025-03-02 18:00,2025-03-02 06:00,JTWC,JTWC,25194.0,5041.0,833.16,327.62,{0: 25194},{0: 5041},25194.0,5041.0,0.0,0.0,0.0,0.0,0.0,0.0,0.0,0.0,0.0,0.0
2025,SH222025,GARANCE,Mauritius,MUS,Flacq,MUS.3_1,,2025-02-23 12:00,,2025-03-02 06:00,,JTWC,,146.0,,0.0,,{0: 146},,146.0,,0.0,,0.0,,0.0,,0.0,,0.0
2025,SH222025,GARANCE,Mauritius,MUS,Moka,MUS.5_1,2025-02-23 12:00,2025-02-23 12:00,2025-03-02 18:00,2025-03-02 06:00,JTWC,JTWC,530.0,1925.0,0.68,4.38,{0: 530},{0: 1925},530.0,1925.0,0.0,0.0,0.0,0.0,0.0,0.0,0.0,0.0,0.0,0.0
2025,SH222025,GARANCE,Mauritius,MUS,Pamplemousses,MUS.6_1,2025-02-23 12:00,2025-02-23 12:00,2025-03-02 18:00,2025-03-02 06:00,JTWC,JTWC,13963.0,1463.0,28.9,17.45,{0: 13963},{0: 1463},13963.0,1463.0,0.0,0.0,0.0,0.0,0.0,0.0,0.0,0.0,0.0,0.0
2025,SH222025,GARANCE,Mauritius,MUS,Plaines Wilhems,MUS.7_1,2025-02-23 12:00,2025-02-23 12:00,2025-03-02 18:00,2025-03-02 06:00,JTWC,JTWC,22591.0,2840.0,50.46,32.89,{0: 22591},{0: 2840},22591.0,2840.0,0.0,0.0,0.0,0.0,0.0,0.0,0.0,0.0,0.0,0.0
2025,SH222025,GARANCE,Mauritius,MUS,Port Louis,MUS.8_1,2025-02-23 12:00,2025-02-23 12:00,2025-03-02 18:00,2025-03-02 06:00,JTWC,JTWC,4058.0,598.0,38.32,123.08,{0: 4058},{0: 598},4058.0,598.0,0.0,0.0,0.0,0.0,0.0,0.0,0.0,0.0,0.0,0.0
2025,SH222025,GARANCE,Mauritius,MUS,Rivière du Rempart,MUS.9_1,2025-02-23 12:00,2025-02-23 12:00,2025-03-02 18:00,2025-03-02 06:00,JTWC,JTWC,1949.0,3096.0,0.45,21.72,{0: 1949},{0: 3096},1949.0,3096.0,0.0,0.0,0.0,0.0,0.0,0.0,0.0,0.0,0.0,0.0
2025,SH222025,GARANCE,Reunion,REU,Saint-Benoît,REU.1_1,2025-02-23 12:00,2025-02-23 12:00,2025-03-02 18:00,2025-03-02 06:00,JTWC,JTWC,140447.0,46326.0,424191095.9,433288672.26,"{3: 140326, 4: 121}","{3: 46322, 4: 4}",0.0,0.0,0.0,0.0,0.0,0.0,140326.0,46322.0,121.0,4.0,0.0,0.0
2025,SH222025,GARANCE,Reunion,REU,Saint-Denis,REU.2_1,2025-02-23 12:00,2025-02-23 12:00,2025-03-02 18:00,2025-03-02 06:00,JTWC,JTWC,308269.0,108897.0,627507741.6,307055282.57,{3: 308269},"{3: 108889, 4: 8}",0.0,0.0,0.0,0.0,0.0,0.0,308269.0,108889.0,0.0,8.0,0.0,0.0
2025,SH222025,GARANCE,Reunion,REU,Saint-Paul,REU.3_1,2025-02-23 12:00,2025-02-23 12:00,2025-03-02 18:00,2025-03-02 06:00,JTWC,JTWC,201260.0,42975.0,310714028.68,264770444.0,"{3: 201096, 4: 164}",{3: 42975},0.0,0.0,0.0,0.0,0.0,0.0,201096.0,42975.0,164.0,0.0,0.0,0.0
2025,SH222025,GARANCE,Reunion,REU,Saint-Pierre,REU.4_1,2025-02-23 12:00,2025-02-23 12:00,2025-03-02 18:00,2025-03-02 06:00,JTWC,JTWC,313164.0,91748.0,334991809.05,354497232.2,"{3: 311615, 4: 1549}","{2: 8205, 3: 83536, 4: 7}",0.0,0.0,0.0,0.0,0.0,8205.0,311615.0,83536.0,1549.0,7.0,0.0,0.0
2025,SH232025,HONDE,Madagascar,MDG,Fianarantsoa,MDG.3_1,2025-02-22 18:00,2025-02-22 18:00,2025-03-06 18:00,2025-03-05 18:00,JTWC,JTWC,1941883.0,246361.0,386214.09,9376.52,"{0: 1465510, 1: 476373}","{0: 235249, 1: 11112}",1465510.0,235249.0,476373.0,11112.0,0.0,0.0,0.0,0.0,0.0,0.0,0.0,0.0
2025,SH232025,HONDE,Madagascar,MDG,Toliary,MDG.6_1,2025-02-22 18:00,2025-02-22 18:00,2025-03-06 18:00,2025-03-05 18:00,JTWC,JTWC,3694913.0,789489.0,27418211.75,4737057.83,"{0: 130662, 1: 1705319, 2: 1792455, 3: 66477}","{0: 222889, 1: 510843, 2: 55757}",130662.0,222889.0,1705319.0,510843.0,1792455.0,55757.0,66477.0,0.0,0.0,0.0,0.0,0.0
2025,SH252025,JUDE,Madagascar,MDG,Antananarivo,MDG.1_1,2025-03-06 06:00,2025-03-06 06:00,2025-03-16 18:00,2025-03-16 06:00,JTWC,JTWC,928.0,138252.0,0.77,818.42,{0: 928},{0: 138252},928.0,138252.0,0.0,0.0,0.0,0.0,0.0,0.0,0.0,0.0,0.0,0.0
2025,SH252025,JUDE,Madagascar,MDG,Antsiranana,MDG.2_1,2025-03-06 06:00,2025-03-06 06:00,2025-03-16 18:00,2025-03-16 06:00,JTWC,JTWC,115142.0,20.0,262.16,0.0,{0: 115142},{0: 20},115142.0,20.0,0.0,0.0,0.0,0.0,0.0,0.0,0.0,0.0,0.0,0.0
2025,SH252025,JUDE,Madagascar,MDG,Fianarantsoa,MDG.3_1,2025-03-06 06:00,2025-03-06 06:00,2025-03-16 18:00,2025-03-16 06:00,JTWC,JTWC,4901409.0,850625.0,5422606.91,392952.33,"{0: 2042939, 1: 2731762, 2: 118313, 3: 8395}","{0: 668310, 1: 179036, 2: 3279}",2042939.0,668310.0,2731762.0,179036.0,118313.0,3279.0,8395.0,0.0,0.0,0.0,0.0,0.0
2025,SH252025,JUDE,Madagascar,MDG,Mahajanga,MDG.4_1,2025-03-06 06:00,2025-03-06 06:00,2025-03-16 18:00,2025-03-16 06:00,JTWC,JTWC,721048.0,5880.0,63927.72,1.48,"{0: 719612, 1: 1436}",{0: 5880},719612.0,5880.0,1436.0,0.0,0.0,0.0,0.0,0.0,0.0,0.0,0.0,0.0
2025,SH252025,JUDE,Madagascar,MDG,Toamasina,MDG.5_1,2025-03-06 06:00,2025-03-06 06:00,2025-03-16 18:00,2025-03-16 06:00,JTWC,JTWC,1039.0,104.0,0.26,0.4,{0: 1039},{0: 104},1039.0,104.0,0.0,0.0,0.0,0.0,0.0,0.0,0.0,0.0,0.0,0.0
2025,SH252025,JUDE,Madagascar,MDG,Toliary,MDG.6_1,2025-03-06 06:00,2025-03-06 06:00,2025-03-16 18:00,2025-03-16 06:00,JTWC,JTWC,3865523.0,793787.0,40869808.13,8252089.74,"{0: 252547, 1: 915104, 2: 2692999, 3: 4873}","{0: 80451, 1: 547654, 2: 165682}",252547.0,80451.0,915104.0,547654.0,2692999.0,165682.0,4873.0,0.0,0.0,0.0,0.0,0.0
2025,SH252025,JUDE,Mozambique,MOZ,Tete,MOZ.10_1,2025-03-06 06:00,2025-03-06 06:00,2025-03-16 18:00,2025-03-16 06:00,JTWC,JTWC,844038.0,25.0,4687.56,0.0,{0: 844038},{0: 25},844038.0,25.0,0.0,0.0,0.0,0.0,0.0,0.0,0.0,0.0,0.0,0.0
2025,SH252025,JUDE,Mozambique,MOZ,Zambezia,MOZ.11_1,2025-03-06 06:00,2025-03-06 06:00,2025-03-16 18:00,2025-03-16 06:00,JTWC,JTWC,5350484.0,684019.0,8368214.35,902022.98,"{0: 3121572, 1: 1743098, 2: 485814}","{0: 353906, 1: 325138, 2: 4975}",3121572.0,353906.0,1743098.0,325138.0,485814.0,4975.0,0.0,0.0,0.0,0.0,0.0,0.0
2025,SH252025,JUDE,Mozambique,MOZ,Cabo Delgado,MOZ.1_1,2025-03-06 06:00,2025-03-06 06:00,2025-03-16 18:00,2025-03-16 06:00,JTWC,JTWC,1520047.0,230834.0,1035700.5,37977.92,"{0: 417177, 1: 1091635, 2: 11235}","{0: 159110, 1: 71724}",417177.0,159110.0,1091635.0,71724.0,11235.0,0.0,0.0,0.0,0.0,0.0,0.0,0.0
2025,SH252025,JUDE,Mozambique,MOZ,Manica,MOZ.4_1,2025-03-06 06:00,,2025-03-16 18:00,,JTWC,,12669.0,,1.16,,{0: 12669},,12669.0,,0.0,,0.0,,0.0,,0.0,,0.0,
2025,SH252025,JUDE,Mozambique,MOZ,Nampula,MOZ.7_1,2025-03-06 06:00,2025-03-06 06:00,2025-03-16 18:00,2025-03-16 06:00,JTWC,JTWC,6058976.0,1317699.0,254958139.12,54553930.46,"{1: 567300, 2: 1856233, 3: 3635443}","{0: 2986, 1: 367214, 2: 900518, 3: 46981}",0.0,2986.0,567300.0,367214.0,1856233.0,900518.0,3635443.0,46981.0,0.0,0.0,0.0,0.0
2025,SH252025,JUDE,Mozambique,MOZ,Nassa,MOZ.8_1,2025-03-06 06:00,2025-03-06 06:00,2025-03-16 18:00,2025-03-16 06:00,JTWC,JTWC,1457090.0,210138.0,854373.1,48797.43,"{0: 615638, 1: 841403, 2: 49}","{0: 135018, 1: 75120}",615638.0,135018.0,841403.0,75120.0,49.0,0.0,0.0,0.0,0.0,0.0,0.0,0.0
2025,SH252025,JUDE,Mozambique,MOZ,Sofala,MOZ.9_1,2025-03-06 06:00,2025-03-06 06:00,2025-03-16 18:00,2025-03-16 06:00,JTWC,JTWC,522619.0,230.0,2306.68,0.04,"{0: 522600, 1: 19}",{0: 230},522600.0,230.0,19.0,0.0,0.0,0.0,0.0,0.0,0.0,0.0,0.0,0.0
2025,SH252025,JUDE,Reunion,REU,Saint-Paul,REU.3_1,,2025-03-06 06:00,,2025-03-16 06:00,,JTWC,,2.0,,0.0,,{0: 2},,2.0,,0.0,,0.0,,0.0,,0.0,,0.0
