{"type":"FeatureCollection","features":[{"type":"Feature","properties":{"precip":10},"geometry":{"type":"Polygon","coordinates":[[[-7.25,3.79],[-7.25,3.75],[-7.29,3.73],[-7.29,3.7],[-7.4,3.68],[-7.54,3.57],[-7.54,3.45],[-7.61,3.4],[-7.79,3.4],[-7.86,3.39],[-7.97,3.34],[-7.97,3.32],[-8.08,3.24],[-8.15,3.2],[-8.22,3.2],[-8.26,3.24],[-8.15,3.32],[-8.08,3.42],[-8.08,3.45],[-8.04,3.49],[-8.04,3.52],[-8.08,3.57],[-8.08,3.6],[-8.15,3.65],[-8.26,3.7],[-8.33,3.68],[-8.33,3.65],[-8.4,3.6],[-8.48,3.6],[-8.58,3.6],[-8.62,3.57],[-8.66,3.57],[-8.66,3.54],[-8.73,3.5],[-8.8,3.5],[-8.91,3.54],[-8.94,3.55],[-9.05,3.64],[-9.05,3.67],[-8.94,3.72],[-8.94,3.75],[-8.98,3.78],[-9.0,3.79],[-9.42,3.79],[-9.52,3.77],[-9.59,3.7],[-9.63,3.7],[-9.63,3.75],[-9.71,3.79],[-7.25,3.79]],[[-7.94,3.65],[-7.97,3.67],[-7.97,3.7],[-8.04,3.68],[-8.04,3.6],[-7.97,3.6],[-7.97,3.62],[-7.94,3.62],[-7.94,3.65]]]}},{"type":"Feature","properties":{"precip":10},"geometry":{"type":"Polygon","coordinates":[[[84.89,-6.71],[84.86,-6.74],[84.78,-6.79],[84.78,-6.84],[84.57,-6.94],[84.46,-7.04],[84.46,-7.16],[84.46,-7.17],[84.46,-7.22],[84.57,-7.26],[84.64,-7.34],[84.64,-7.45],[84.57,-7.49],[84.42,-7.5],[84.03,-7.5],[83.96,-7.49],[83.85,-7.49],[83.74,-7.44],[83.78,-7.41],[83.81,-7.39],[83.92,-7.39],[83.92,-7.36],[83.96,-7.34],[83.96,-7.07],[83.92,-7.06],[83.92,-7.02],[83.81,-7.01],[83.42,-7.01],[83.38,-6.99],[83.34,-6.99],[83.27,-6.96],[83.2,-6.96],[83.2,-6.92],[83.16,-6.91],[83.09,-6.91],[83.06,-6.89],[82.95,-6.91],[82.77,-6.99],[82.73,-7.07],[82.66,-7.12],[82.66,-7.14],[82.55,-7.17],[82.52,-7.11],[82.44,-7.11],[82.44,-7.09],[82.3,-7.09],[82.27,-7.07],[82.27,-7.04],[82.19,-7.01],[82.09,-7.01],[82.05,-7.04],[82.05,-7.07],[82.01,-7.09],[81.91,-7.09],[81.87,-7.07],[81.8,-7.01],[81.76,-6.94],[81.65,-6.89],[81.58,-6.89],[81.55,-6.86],[81.55,-6.81],[81.44,-6.79],[81.44,-6.84],[81.44,-6.86],[81.44,-6.97],[81.4,-6.99],[81.4,-7.02],[81.33,-7.06],[81.33,-7.07],[81.22,-7.14],[81.26,-7.17],[81.26,-7.21],[81.33,-7.22],[81.37,-7.27],[81.44,-7.31],[81.62,-7.31],[81.65,-7.32],[81.65,-7.34],[81.62,-7.37],[81.55,-7.47],[81.37,-7.59],[81.22,-7.6],[80.93,-7.6],[80.9,-7.62],[80.79,-7.62],[80.75,-7.62],[80.75,-7.65],[80.68,-7.69],[80.68,-7.67],[80.57,-7.62],[80.57,-7.57],[80.57,-7.52],[80.54,-7.47],[80.54,-7.42],[80.5,-7.41],[80.39,-7.41],[80.36,-7.42],[80.32,-7.49],[80.25,-7.54],[80.25,-7.59],[80.32,-7.6],[80.32,-7.62],[80.36,-7.65],[80.36,-7.72],[80.32,-7.77],[80.32,-7.8],[80.25,-7.87],[80.14,-7.89],[80.14,-7.87],[80.14,-7.84],[80.11,-7.8],[80.07,-7.82],[80.07,-7.85],[79.96,-7.89],[79.85,-7.89],[79.85,-7.9],[79.75,-7.9],[79.71,-7.94],[79.71,-7.97],[79.67,-7.99],[79.6,-7.99],[79.53,-8.0],[79.46,-8.0],[79.31,-7.99],[79.24,-7.94],[79.24,-7.92],[79.06,-7.8],[78.99,-7.8],[78.95,-7.79],[78.95,-7.74],[78.85,-7.7],[78.77,-7.7],[78.63,-7.74],[78.59,-7.79],[78.59,-7.84],[78.56,-7.87],[78.56,-7.94],[78.41,-8.07],[78.34,-8.1],[78.2,-8.1],[78.16,-8.09],[78.16,-8.04],[77.98,-8.0],[77.55,-8.0],[77.44,-8.04],[77.44,-8.09],[77.41,-8.1],[77.3,-8.1],[77.26,-8.09],[77.26,-7.97],[77.23,-7.95],[77.23,-7.92],[77.12,-7.89],[77.01,-7.89],[76.9,-7.9],[76.83,-7.95],[76.79,-8.0],[76.79,-8.04],[76.69,-8.09],[76.61,-8.1],[76.11,-8.1],[76.04,-8.09],[76.0,-8.09],[75.97,-8.07],[75.97,-8.04],[75.89,-8.0],[75.71,-8.0],[75.64,-8.04],[75.64,-8.07],[75.75,-8.12],[75.75,-8.17],[75.71,-8.19],[75.64,-8.19],[75.64,-8.2],[75.57,-8.2],[75.57,-8.24],[75.53,-8.25],[75.53,-8.3],[75.46,-8.28],[75.46,-8.17],[75.43,-8.15],[75.43,-8.12],[75.39,-8.1],[75.32,-8.1],[75.32,-8.09],[75.25,-8.05],[75.25,-8.04],[75.17,-7.97],[75.14,-7.92],[75.07,-7.89],[74.99,-7.89],[74.96,-7.89],[74.96,-7.84],[74.89,-7.8],[74.85,-7.8],[74.74,-7.75],[74.74,-7.74],[74.67,-7.67],[74.67,-7.65],[74.6,-7.62],[74.53,-7.6],[74.42,-7.6],[74.35,-7.57],[74.35,-7.52],[74.31,-7.5],[74.24,-7.5],[74.24,-7.49],[74.17,-7.47],[74.17,-7.45],[74.09,-7.39],[74.09,-7.37],[74.02,-7.32],[73.91,-7.29],[73.84,-7.26],[73.84,-7.24],[73.77,-7.17],[73.77,-7.16],[73.7,-7.12],[73.7,-7.11],[73.63,-7.09],[73.52,-7.09],[73.45,-7.07],[73.45,-7.02],[73.41,-7.01],[73.3,-7.01],[73.27,-6.99],[73.27,-6.94],[73.23,-6.91],[73.16,-6.91],[73.16,-6.89],[73.09,-6.89],[73.09,-6.86],[73.05,-6.84],[73.05,-6.64],[73.01,-6.62],[73.01,-6.59],[72.98,-6.59],[72.98,-6.54],[72.94,-6.53],[72.94,-6.43],[72.8,-6.38],[72.76,-6.38],[72.76,-6.18],[72.73,-6.16],[72.73,-6.11],[72.69,-6.09],[72.58,-6.09],[72.55,-6.06],[72.55,-6.01],[72.65,-5.98],[72.65,-5.84],[72.58,-5.79],[72.51,-5.78],[72.4,-5.7],[72.33,-5.61],[72.19,-5.48],[72.19,-5.41],[72.26,-5.36],[72.26,-5.21],[72.33,-5.2],[72.33,-5.16],[72.37,-5.15],[72.29,-5.11],[72.22,-5.1],[72.11,-5.1],[72.04,-5.06],[72.04,-4.98],[72.11,-4.88],[72.22,-4.82],[72.29,-4.82],[72.4,-4.8],[72.55,-4.73],[72.62,-4.68],[72.65,-4.63],[72.73,-4.6],[72.73,-4.53],[72.76,-4.48],[72.76,-4.43],[72.73,-4.4],[72.69,-4.4],[72.62,-4.47],[72.62,-4.5],[72.58,-4.52],[72.55,-4.57],[72.44,-4.6],[72.29,-4.6],[72.26,-4.58],[72.26,-4.33],[72.29,-4.3],[72.33,-4.3],[72.33,-4.27],[72.37,-4.27],[72.37,-4.23],[72.26,-4.2],[72.15,-4.2],[72.04,-4.15],[72.04,-4.1],[71.97,-4.1],[71.97,-4.15],[71.93,-4.18],[71.93,-4.27],[71.9,-4.3],[71.72,-4.3],[71.57,-4.27],[71.47,-4.17],[71.47,-4.07],[71.43,-4.05],[71.43,-4.02],[71.36,-3.97],[71.36,-3.74],[71.43,-3.69],[71.43,-3.59],[71.47,-3.55],[71.47,-3.39],[71.57,-3.24],[71.61,-3.19],[71.75,-3.06],[71.79,-3.01],[71.9,-2.94],[71.93,-2.92],[72.01,-2.91],[72.26,-2.91],[72.29,-2.92],[72.33,-2.92],[72.33,-2.94],[72.37,-2.96],[72.37,-2.97],[72.4,-2.99],[72.47,-2.99],[72.47,-3.01],[72.51,-3.01],[72.55,-3.02],[72.55,-3.07],[72.58,-3.07],[72.58,-3.09],[72.62,-3.09],[72.62,-3.11],[72.69,-3.11],[72.73,-3.12],[72.73,-3.14],[72.76,-3.16],[72.76,-3.27],[72.83,-3.3],[72.83,-3.45],[72.87,-3.49],[72.87,-3.59],[72.91,-3.59],[72.94,-3.62],[72.94,-3.8],[72.98,-3.84],[72.98,-3.9],[73.05,-3.89],[73.05,-3.82],[73.12,-3.79],[73.16,-3.79],[73.23,-3.77],[73.34,-3.67],[73.34,-3.6],[73.37,-3.57],[73.37,-3.54],[73.41,-3.52],[73.41,-3.49],[73.48,-3.42],[73.52,-3.4],[73.55,-3.42],[73.55,-3.54],[73.59,-3.55],[73.59,-3.6],[73.63,-3.62],[73.66,-3.67],[73.73,-3.69],[73.77,-3.65],[73.77,-3.62],[73.81,-3.6],[73.84,-3.62],[73.84,-3.67],[73.88,-3.67],[73.95,-3.7],[74.06,-3.7],[74.13,-3.69],[74.13,-3.65],[74.17,-3.62],[74.17,-3.59],[74.13,-3.55],[74.13,-3.5],[74.06,-3.49],[74.06,-3.42],[74.09,-3.39],[74.2,-3.3],[74.24,-3.3],[74.24,-3.44],[74.27,-3.45],[74.27,-3.49],[74.31,-3.5],[74.45,-3.5],[74.56,-3.54],[74.56,-3.57],[74.53,-3.57],[74.53,-3.6],[74.45,-3.62],[74.45,-3.65],[74.49,-3.69],[74.6,-3.69],[74.63,-3.7],[74.92,-3.7],[74.99,-3.72],[75.07,-3.75],[75.07,-3.79],[75.1,-3.79],[75.28,-3.79],[75.35,-3.77],[75.35,-3.74],[75.39,-3.72],[75.46,-3.72],[75.5,-3.7],[75.71,-3.7],[75.79,-3.69],[75.86,-3.65],[75.93,-3.55],[76.04,-3.5],[76.18,-3.5],[76.25,-3.47],[76.25,-3.42],[76.25,-3.4],[76.36,-3.4],[76.47,-3.27],[76.58,-3.24],[76.65,-3.16],[76.79,-3.02],[76.87,-2.99],[76.9,-2.99],[76.97,-2.92],[77.05,-2.86],[77.08,-2.81],[77.12,-2.69],[77.12,-2.54],[77.12,-2.52],[77.12,-2.51],[77.08,-2.51],[77.08,-2.49],[77.01,-2.49],[76.97,-2.47],[76.97,-2.44],[76.9,-2.42],[76.9,-2.34],[76.9,-2.32],[76.9,-2.31],[76.76,-2.31],[76.69,-2.29],[76.65,-2.29],[76.47,-2.23],[76.47,-2.19],[76.47,-2.18],[76.47,-2.16],[76.4,-2.14],[76.4,-2.13],[76.36,-2.11],[76.25,-2.11],[76.22,-2.09],[76.18,-2.09],[76.18,-2.08],[76.15,-2.08],[76.15,-2.03],[76.18,-2.01],[76.18,-1.99],[76.22,-1.99],[76.22,-1.98],[76.25,-1.98],[76.25,-1.84],[76.22,-1.83],[76.22,-1.81],[76.15,-1.81],[76.15,-1.79],[76.04,-1.79],[76.04,-1.74],[76.04,-1.73],[76.04,-1.61],[76.0,-1.61],[76.0,-1.59],[75.93,-1.59],[75.89,-1.59],[75.89,-1.58],[75.86,-1.56],[75.86,-1.41],[75.89,-1.41],[75.89,-1.4],[75.93,-1.4],[75.93,-1.33],[75.97,-1.33],[75.97,-1.28],[75.93,-1.26],[75.93,-1.21],[75.89,-1.21],[75.89,-1.2],[75.79,-1.2],[75.79,-1.18],[75.75,-1.16],[75.75,-1.15],[75.71,-1.13],[75.71,-1.1],[75.68,-1.1],[75.68,-1.15],[75.61,-1.18],[75.61,-1.2],[75.53,-1.2],[75.5,-1.21],[75.46,-1.21],[75.46,-1.28],[75.5,-1.3],[75.53,-1.3],[75.57,-1.31],[75.71,-1.31],[75.71,-1.33],[75.75,-1.33],[75.75,-1.46],[75.68,-1.49],[75.5,-1.49],[75.46,-1.51],[75.43,-1.51],[75.39,-1.53],[75.35,-1.53],[75.35,-1.58],[75.32,-1.58],[75.32,-1.59],[75.28,-1.59],[75.25,-1.59],[75.14,-1.59],[75.07,-1.58],[75.07,-1.54],[75.03,-1.53],[75.03,-1.51],[74.96,-1.51],[74.96,-1.49],[74.85,-1.49],[74.81,-1.48],[74.81,-1.46],[74.71,-1.41],[74.71,-1.38],[74.67,-1.36],[74.63,-1.33],[74.56,-1.33],[74.56,-1.35],[74.49,-1.38],[74.45,-1.38],[74.42,-1.4],[74.2,-1.4],[74.17,-1.38],[74.13,-1.38],[74.09,-1.36],[74.06,-1.36],[74.06,-1.35],[74.02,-1.33],[74.02,-1.31],[73.99,-1.31],[73.99,-1.33],[73.95,-1.35],[73.91,-1.38],[73.88,-1.38],[73.84,-1.4],[73.77,-1.4],[73.77,-1.38],[73.73,-1.36],[73.77,-1.35],[73.77,-1.33],[73.84,-1.26],[73.88,-1.25],[73.91,-1.21],[73.95,-1.21],[73.99,-1.2],[74.02,-1.2],[74.02,-1.16],[74.06,-1.15],[74.06,-0.93],[74.13,-0.9],[74.2,-0.9],[74.2,-0.88],[74.24,-0.86],[74.24,-0.81],[74.2,-0.8],[74.2,-0.78],[74.17,-0.78],[74.17,-0.73],[74.2,-0.73],[74.2,-0.7],[74.24,-0.68],[74.24,-0.52],[74.27,-0.5],[74.27,-0.45],[74.31,-0.42],[74.31,-0.38],[74.35,-0.37],[74.35,-0.35],[74.45,-0.25],[74.45,-0.23],[74.42,-0.23],[74.42,-0.22],[74.35,-0.2],[74.27,-0.2],[74.24,-0.22],[74.2,-0.22],[74.17,-0.23],[74.17,-0.33],[74.13,-0.37],[74.13,-0.38],[74.09,-0.4],[74.06,-0.38],[74.06,-0.37],[74.02,-0.33],[74.02,-0.3],[73.99,-0.3],[73.99,-0.33],[73.95,-0.37],[73.88,-0.4],[73.84,-0.4],[73.77,-0.37],[73.73,-0.33],[73.7,-0.28],[73.63,-0.23],[73.63,-0.22],[73.59,-0.22],[73.55,-0.23],[73.55,-0.25],[73.48,-0.32],[73.48,-0.33],[73.41,-0.37],[73.41,-0.38],[73.37,-0.4],[73.3,-0.4],[73.3,-0.42],[73.27,-0.42],[73.27,-0.45],[73.23,-0.47],[73.23,-0.48],[73.19,-0.48],[73.19,-0.5],[73.05,-0.5],[73.01,-0.52],[72.83,-0.52],[72.76,-0.53],[72.76,-0.55],[72.73,-0.57],[72.73,-0.58],[72.69,-0.58],[72.65,-0.6],[72.55,-0.6],[72.47,-0.63],[72.44,-0.63],[72.44,-0.68],[72.4,-0.7],[72.37,-0.68],[72.37,-0.65],[72.33,-0.63],[72.33,-0.61],[72.29,-0.6],[72.29,-0.61],[72.26,-0.61],[72.26,-0.66],[72.19,-0.7],[72.11,-0.7],[72.08,-0.71],[72.04,-0.71],[71.93,-0.76],[71.86,-0.81],[71.86,-0.9],[71.97,-0.9],[71.97,-0.91],[72.01,-0.91],[72.04,-0.93],[72.04,-0.95],[72.08,-0.96],[72.08,-0.98],[72.11,-1.01],[72.11,-1.05],[72.15,-1.08],[72.15,-1.18],[72.11,-1.2],[72.08,-1.2],[72.08,-1.16],[72.04,-1.15],[72.04,-1.05],[72.01,-1.03],[72.01,-1.01],[71.93,-1.01],[71.86,-1.0],[71.79,-1.0],[71.72,-0.98],[71.68,-0.96],[71.61,-0.9],[71.57,-0.85],[71.54,-0.78],[71.54,-0.61],[71.5,-0.61],[71.5,-0.6],[71.47,-0.6],[71.47,-0.73],[71.43,-0.75],[71.43,-0.78],[71.36,-0.8],[71.32,-0.8],[71.32,-0.78],[71.29,-0.78],[71.25,-0.76],[71.25,-0.65],[71.21,-0.63],[71.21,-0.6],[71.14,-0.6],[71.11,-0.58],[71.07,-0.55],[71.03,-0.53],[70.96,-0.48],[70.96,-0.42],[71.0,-0.42],[71.03,-0.4],[71.29,-0.4],[71.32,-0.38],[71.32,-0.37],[71.36,-0.35],[71.25,-0.25],[71.21,-0.23],[71.21,-0.22],[71.18,-0.2],[71.18,-0.17],[71.14,-0.13],[71.14,-0.03],[71.11,-0.02],[71.11,0.02],[71.07,0.03],[71.03,0.05],[71.0,0.08],[71.0,0.12],[70.96,0.17],[70.96,0.28],[71.0,0.31],[71.03,0.31],[71.03,0.36],[71.0,0.38],[71.0,0.4],[70.96,0.41],[70.96,0.5],[71.07,0.5],[71.07,0.51],[71.11,0.51],[71.11,0.53],[71.18,0.56],[71.18,0.58],[71.21,0.6],[71.21,0.61],[71.25,0.65],[71.32,0.68],[71.36,0.68],[71.39,0.7],[71.65,0.7],[71.79,0.73],[71.86,0.76],[71.93,0.83],[71.93,0.91],[71.97,0.93],[71.97,0.98],[72.01,0.98],[72.01,1.0],[72.08,1.0],[72.08,1.01],[72.11,1.01],[72.15,1.03],[72.15,1.08],[72.11,1.08],[72.11,1.09],[72.08,1.09],[72.04,1.11],[71.93,1.11],[71.9,1.13],[71.86,1.13],[71.83,1.14],[71.83,1.19],[71.79,1.19],[71.79,1.18],[71.75,1.16],[71.75,1.13],[71.72,1.13],[71.72,1.11],[71.68,1.11],[71.65,1.13],[71.65,1.26],[71.5,1.39],[71.47,1.41],[71.39,1.41],[71.36,1.41],[71.36,1.49],[71.39,1.49],[71.43,1.51],[71.43,1.56],[71.47,1.58],[71.47,1.63],[71.43,1.66],[71.43,1.68],[71.39,1.68],[71.32,1.69],[71.11,1.69],[71.03,1.71],[71.0,1.71],[70.96,1.73],[70.96,1.74],[70.93,1.78],[70.89,1.79],[70.89,1.83],[70.85,1.86],[70.82,1.88],[70.78,1.88],[70.75,1.89],[70.71,1.89],[70.64,1.91],[70.46,1.91],[70.24,1.96],[70.21,1.97],[70.17,2.02],[70.17,2.07],[70.14,2.12],[70.17,2.14],[70.17,2.19],[70.21,2.19],[70.21,2.21],[70.28,2.21],[70.31,2.22],[70.35,2.22],[70.35,2.36],[70.28,2.39],[70.24,2.39],[70.21,2.41],[69.81,2.41],[69.74,2.42],[69.7,2.42],[69.67,2.44],[69.67,2.51],[69.7,2.51],[69.74,2.52],[69.74,2.71],[69.6,2.92],[69.38,3.14],[69.27,3.22],[69.16,3.29],[69.06,3.3],[68.98,3.32],[68.95,3.32],[68.95,3.37],[68.91,3.37],[68.84,3.39],[68.8,3.4],[68.62,3.4],[68.55,3.44],[68.55,3.49],[68.62,3.5],[68.7,3.5],[68.73,3.52],[68.73,3.55],[68.77,3.57],[68.77,3.62],[68.8,3.67],[68.88,3.78],[68.88,3.79],[80.11,3.79],[80.11,3.77],[80.14,3.75],[80.14,3.65],[80.14,3.64],[80.14,3.6],[80.25,3.57],[80.25,3.35],[80.29,3.32],[80.32,3.3],[80.36,3.3],[80.39,3.27],[80.47,3.27],[80.47,3.24],[80.39,3.2],[80.36,3.19],[80.36,3.05],[80.32,3.04],[80.32,3.0],[80.29,3.0],[80.29,2.99],[80.25,2.99],[80.25,2.84],[80.11,2.72],[80.07,2.71],[79.96,2.69],[79.85,2.56],[79.71,2.37],[79.71,2.22],[79.71,2.21],[79.6,2.21],[79.6,2.19],[79.53,2.19],[79.53,2.17],[79.49,2.16],[79.49,2.11],[79.49,2.12],[79.46,2.14],[79.46,2.17],[79.42,2.19],[79.31,2.21],[79.28,2.21],[79.17,2.17],[79.06,2.11],[79.06,2.07],[79.06,2.06],[79.06,2.04],[79.03,2.02],[79.03,2.01],[78.99,2.01],[78.99,1.99],[78.95,1.99],[78.85,1.96],[78.85,1.94],[78.81,1.93],[78.77,1.88],[78.74,1.84],[78.67,1.79],[78.63,1.73],[78.56,1.68],[78.52,1.64],[78.41,1.61],[78.38,1.61],[78.34,1.63],[78.34,1.68],[78.31,1.68],[78.23,1.68],[78.23,1.64],[78.2,1.61],[78.13,1.61],[78.13,1.59],[78.09,1.59],[78.05,1.58],[78.05,1.53],[77.98,1.53],[77.98,1.51],[77.95,1.51],[77.95,1.49],[77.87,1.49],[77.84,1.51],[77.77,1.51],[77.77,1.53],[77.77,1.56],[77.73,1.58],[77.73,1.59],[77.69,1.59],[77.66,1.61],[77.55,1.61],[77.55,1.63],[77.55,1.64],[77.55,1.68],[77.51,1.68],[77.48,1.68],[77.44,1.69],[77.26,1.69],[77.23,1.68],[77.19,1.68],[77.12,1.68],[77.12,1.63],[77.12,1.61],[77.08,1.61],[77.08,1.63],[77.05,1.64],[77.05,1.74],[77.08,1.78],[77.12,1.78],[77.12,1.79],[77.41,1.79],[77.48,1.81],[77.55,1.81],[77.69,1.88],[77.69,1.91],[77.73,1.93],[77.73,1.94],[77.77,1.96],[77.84,1.99],[77.91,1.99],[77.91,2.01],[77.95,2.02],[77.95,2.06],[77.91,2.07],[77.84,2.09],[77.73,2.09],[77.66,2.11],[77.51,2.11],[77.48,2.09],[77.33,2.09],[77.3,2.07],[77.26,2.07],[77.26,2.04],[77.12,1.99],[77.05,1.99],[77.01,1.97],[76.97,1.97],[76.97,1.96],[76.9,1.94],[76.9,1.83],[76.87,1.79],[76.83,1.79],[76.76,1.83],[76.69,1.86],[76.69,1.91],[76.69,1.86],[76.65,1.84],[76.58,1.83],[76.54,1.81],[76.43,1.79],[76.36,1.81],[76.33,1.81],[76.25,1.83],[76.25,1.88],[76.22,1.88],[76.22,1.89],[76.18,1.89],[76.15,1.91],[76.04,1.91],[75.97,1.88],[75.97,1.86],[75.93,1.84],[75.93,1.83],[75.89,1.81],[75.82,1.81],[75.79,1.79],[75.61,1.79],[75.61,1.78],[75.57,1.78],[75.57,1.74],[75.53,1.71],[75.57,1.68],[75.57,1.64],[75.64,1.58],[75.64,1.54],[75.68,1.53],[75.75,1.51],[75.79,1.49],[75.82,1.49],[75.82,1.48],[75.86,1.46],[75.86,1.41],[75.89,1.41],[76.0,1.41],[76.0,1.39],[76.04,1.39],[76.04,1.34],[76.04,1.33],[76.04,1.31],[76.15,1.31],[76.18,1.29],[76.25,1.29],[76.33,1.26],[76.36,1.26],[76.36,1.24],[76.4,1.23],[76.4,1.19],[76.43,1.18],[76.43,1.13],[76.4,1.11],[76.4,1.08],[76.36,1.06],[76.36,1.05],[76.33,1.03],[76.25,1.03],[76.25,1.01],[76.22,1.0],[76.15,1.0],[76.04,0.95],[75.97,0.88],[75.97,0.83],[76.0,0.81],[76.0,0.8],[76.04,0.76],[76.04,0.45],[75.97,0.41],[75.89,0.4],[75.5,0.4],[75.43,0.38],[75.32,0.38],[75.25,0.35],[75.25,0.31],[75.21,0.31],[75.14,0.31],[75.14,0.3],[75.1,0.3],[75.07,0.28],[75.07,0.18],[75.03,0.17],[75.03,0.1],[74.99,0.1],[74.96,0.08],[74.96,0.03],[74.99,0.02],[75.03,0.02],[75.03,-0.0],[75.1,-0.0],[75.14,-0.02],[75.14,-0.2],[75.1,-0.2],[75.07,-0.22],[75.07,-0.4],[75.1,-0.4],[75.14,-0.42],[75.14,-0.53],[75.17,-0.55],[75.17,-0.6],[75.21,-0.6],[75.25,-0.58],[75.25,-0.53],[75.28,-0.52],[75.39,-0.52],[75.46,-0.5],[75.5,-0.5],[75.53,-0.48],[75.53,-0.12],[75.46,-0.08],[75.46,-0.03],[75.53,-0.0],[75.64,-0.0],[75.68,0.02],[75.71,0.02],[75.75,0.03],[75.82,0.03],[75.86,0.05],[75.89,0.08],[75.93,0.13],[75.97,0.17],[76.0,0.22],[76.04,0.28],[76.11,0.31],[76.11,0.35],[76.15,0.38],[76.15,0.46],[76.18,0.46],[76.18,0.48],[76.22,0.5],[76.33,0.5],[76.36,0.51],[76.4,0.51],[76.43,0.53],[76.43,0.56],[76.47,0.56],[76.47,0.58],[76.58,0.58],[76.61,0.6],[76.76,0.6],[76.79,0.61],[76.83,0.61],[76.83,0.63],[76.87,0.65],[76.87,0.66],[76.9,0.7],[77.12,0.7],[77.19,0.68],[77.23,0.68],[77.23,0.66],[77.26,0.66],[77.26,0.63],[77.33,0.6],[77.51,0.6],[77.55,0.58],[77.62,0.58],[77.66,0.58],[77.66,0.55],[77.62,0.53],[77.55,0.5],[77.55,0.45],[77.48,0.38],[77.48,0.36],[77.44,0.33],[77.48,0.31],[77.55,0.31],[77.55,0.3],[77.62,0.3],[77.62,0.28],[77.66,0.26],[77.66,0.25],[77.69,0.23],[77.69,0.2],[77.73,0.22],[77.73,0.25],[77.77,0.28],[77.84,0.28],[77.87,0.3],[77.91,0.3],[77.95,0.31],[78.13,0.31],[78.2,0.31],[78.23,0.35],[78.23,0.38],[78.31,0.38],[78.34,0.4],[78.41,0.4],[78.45,0.41],[78.52,0.41],[78.56,0.43],[78.56,0.46],[78.63,0.5],[78.74,0.5],[78.77,0.51],[78.81,0.51],[78.81,0.53],[78.85,0.53],[78.85,0.56],[78.88,0.58],[78.99,0.58],[79.03,0.6],[79.06,0.6],[79.1,0.58],[79.21,0.58],[79.24,0.58],[79.24,0.55],[79.28,0.51],[79.39,0.51],[79.39,0.5],[79.53,0.5],[79.67,0.45],[79.67,0.43],[79.71,0.4],[79.71,0.38],[79.71,0.35],[79.75,0.33],[79.75,0.31],[79.82,0.31],[79.85,0.31],[79.93,0.31],[79.93,0.3],[79.96,0.3],[80.03,0.28],[80.03,0.26],[80.07,0.25],[80.03,0.22],[80.03,0.2],[79.96,0.18],[79.93,0.18],[79.93,0.13],[79.96,0.12],[79.96,0.1],[80.03,0.08],[80.03,0.03],[79.96,0.02],[79.96,-0.0],[79.93,-0.02],[79.93,-0.15],[79.93,-0.17],[79.93,-0.18],[79.89,-0.2],[79.71,-0.2],[79.71,-0.22],[79.67,-0.23],[79.67,-0.25],[79.64,-0.27],[79.64,-0.38],[79.6,-0.38],[79.53,-0.4],[79.42,-0.4],[79.42,-0.42],[79.39,-0.42],[79.39,-0.43],[79.31,-0.45],[79.31,-0.57],[79.28,-0.58],[79.28,-0.6],[79.28,-0.61],[79.28,-0.7],[79.28,-0.71],[79.31,-0.76],[79.42,-0.78],[79.46,-0.78],[79.49,-0.8],[79.64,-0.76],[79.64,-0.73],[79.67,-0.68],[79.67,-0.65],[79.71,-0.6],[79.71,-0.57],[79.71,-0.53],[79.82,-0.52],[79.89,-0.52],[79.89,-0.5],[79.93,-0.5],[79.93,-0.47],[79.93,-0.45],[79.93,-0.33],[79.96,-0.32],[79.96,-0.3],[80.14,-0.3],[80.14,-0.28],[80.18,-0.28],[80.18,-0.27],[80.25,-0.27],[80.25,-0.13],[80.29,-0.12],[80.29,-0.1],[80.32,-0.1],[80.32,-0.08],[80.36,-0.07],[80.36,0.03],[80.36,0.07],[80.36,0.1],[80.39,0.12],[80.47,0.15],[80.47,0.18],[80.54,0.25],[80.57,0.26],[80.61,0.28],[80.72,0.3],[80.79,0.3],[80.9,0.31],[81.01,0.31],[81.22,0.3],[81.33,0.3],[81.55,0.26],[81.58,0.23],[81.65,0.13],[81.65,0.03],[81.69,0.02],[81.76,0.02],[81.8,-0.0],[81.87,-0.0],[81.98,-0.02],[82.01,-0.03],[82.09,-0.13],[82.12,-0.18],[82.12,-0.25],[82.09,-0.28],[82.01,-0.3],[81.8,-0.3],[81.76,-0.32],[81.69,-0.32],[81.62,-0.37],[81.62,-0.4],[81.58,-0.42],[81.58,-0.45],[81.44,-0.52],[81.4,-0.52],[81.37,-0.53],[81.37,-0.78],[81.4,-0.78],[81.4,-0.81],[81.44,-0.81],[81.44,-0.88],[81.37,-0.91],[81.37,-0.98],[81.4,-1.0],[81.4,-1.03],[81.44,-1.05],[81.44,-1.06],[81.47,-1.06],[81.47,-1.08],[81.55,-1.08],[81.55,-1.1],[81.62,-1.1],[81.62,-1.11],[81.65,-1.11],[81.65,-1.18],[81.65,-1.2],[81.76,-1.2],[81.83,-1.23],[81.83,-1.28],[81.87,-1.31],[81.83,-1.33],[81.83,-1.36],[81.8,-1.38],[81.8,-1.4],[81.69,-1.4],[81.65,-1.41],[81.65,-1.43],[81.65,-1.45],[81.65,-1.56],[81.62,-1.58],[81.62,-1.59],[81.58,-1.59],[81.47,-1.59],[81.44,-1.61],[81.44,-1.63],[81.44,-1.66],[81.44,-1.69],[81.47,-1.69],[81.55,-1.71],[81.55,-1.78],[81.47,-1.78],[81.47,-1.79],[81.44,-1.79],[81.44,-1.81],[81.26,-1.81],[81.26,-1.83],[81.22,-1.84],[81.22,-1.96],[81.22,-1.98],[81.22,-1.99],[81.19,-1.99],[81.19,-2.01],[81.15,-2.03],[81.15,-2.16],[81.11,-2.18],[81.11,-2.19],[81.04,-2.19],[81.04,-2.24],[81.01,-2.26],[81.01,-2.39],[81.01,-2.41],[80.97,-2.41],[80.97,-2.49],[80.93,-2.52],[80.93,-2.57],[80.9,-2.59],[80.83,-2.59],[80.79,-2.61],[80.72,-2.61],[80.68,-2.62],[80.68,-2.64],[80.61,-2.66],[80.61,-2.76],[80.68,-2.77],[80.68,-2.79],[80.72,-2.79],[80.72,-2.81],[80.75,-2.82],[80.75,-2.94],[80.72,-2.97],[80.61,-3.04],[80.61,-3.07],[80.57,-3.09],[80.57,-3.12],[80.57,-3.14],[80.57,-3.2],[80.54,-3.24],[80.54,-3.37],[80.47,-3.4],[80.36,-3.4],[80.36,-3.42],[80.36,-3.49],[80.29,-3.49],[80.25,-3.47],[80.25,-3.3],[80.14,-3.3],[80.14,-3.34],[80.14,-3.37],[80.11,-3.42],[80.07,-3.44],[79.96,-3.49],[79.93,-3.49],[79.93,-3.42],[79.89,-3.4],[79.85,-3.45],[79.85,-3.65],[79.82,-3.67],[79.82,-3.7],[79.71,-3.7],[79.67,-3.72],[79.67,-3.77],[79.64,-3.79],[79.64,-3.82],[79.67,-3.84],[79.67,-3.89],[79.71,-3.9],[79.71,-3.99],[79.71,-4.0],[79.64,-4.0],[79.53,-4.03],[79.53,-4.28],[79.6,-4.3],[79.6,-4.33],[79.64,-4.33],[79.64,-4.37],[79.6,-4.37],[79.6,-4.4],[79.53,-4.4],[79.53,-4.55],[79.49,-4.57],[79.49,-4.6],[79.46,-4.62],[79.46,-4.78],[79.49,-4.8],[79.49,-4.85],[79.53,-4.85],[79.53,-4.95],[79.6,-4.96],[79.6,-5.01],[79.67,-5.06],[79.71,-5.1],[79.82,-5.1],[79.85,-5.08],[79.85,-5.05],[79.89,-5.01],[79.93,-5.01],[79.96,-5.0],[80.25,-5.0],[80.36,-4.95],[80.36,-4.83],[80.36,-4.82],[80.47,-4.82],[80.54,-4.85],[80.61,-4.91],[80.68,-4.98],[80.75,-5.08],[80.75,-5.16],[80.61,-5.2],[80.57,-5.21],[80.54,-5.25],[80.61,-5.3],[80.79,-5.3],[80.93,-5.25],[81.19,-5.03],[81.22,-5.0],[81.33,-4.98],[81.33,-4.95],[81.37,-4.93],[81.37,-4.85],[81.4,-4.8],[81.44,-4.73],[81.58,-4.7],[81.65,-4.7],[81.76,-4.75],[81.76,-4.88],[81.83,-4.9],[81.87,-4.9],[81.87,-4.93],[81.98,-4.96],[82.01,-5.0],[82.05,-5.06],[82.09,-5.08],[82.23,-4.98],[82.23,-4.9],[82.12,-4.88],[82.12,-4.73],[82.19,-4.7],[82.23,-4.7],[82.23,-4.63],[82.27,-4.62],[82.27,-4.5],[82.23,-4.47],[82.23,-4.4],[82.12,-4.38],[82.12,-4.33],[82.23,-4.3],[82.3,-4.3],[82.3,-4.27],[82.3,-4.12],[82.34,-4.08],[82.34,-4.02],[82.41,-4.0],[82.44,-4.02],[82.44,-4.07],[82.52,-4.1],[82.52,-4.07],[82.52,-4.03],[82.52,-3.64],[82.55,-3.6],[82.7,-3.6],[82.73,-3.62],[82.73,-3.7],[82.66,-3.7],[82.66,-3.84],[82.7,-3.87],[82.77,-3.99],[82.77,-4.03],[82.84,-4.05],[82.84,-4.15],[82.91,-4.2],[82.95,-4.2],[83.06,-4.23],[83.06,-4.27],[83.16,-4.3],[83.27,-4.3],[83.38,-4.32],[83.52,-4.33],[83.6,-4.37],[83.6,-4.4],[83.6,-4.47],[83.56,-4.53],[83.56,-4.57],[83.6,-4.6],[83.6,-4.65],[83.7,-4.68],[83.74,-4.68],[83.74,-4.65],[83.81,-4.62],[83.85,-4.62],[83.99,-4.62],[84.03,-4.6],[84.24,-4.6],[84.35,-4.57],[84.35,-4.55],[84.24,-4.52],[84.21,-4.5],[84.03,-4.5],[83.99,-4.48],[83.85,-4.47],[83.81,-4.43],[83.78,-4.38],[83.78,-4.33],[83.74,-4.33],[83.81,-4.3],[83.85,-4.3],[83.96,-4.23],[83.96,-3.99],[83.92,-3.95],[83.92,-3.92],[83.85,-3.87],[83.81,-3.85],[83.78,-3.79],[83.78,-3.64],[83.81,-3.57],[83.85,-3.52],[83.99,-3.42],[84.03,-3.37],[84.06,-3.32],[84.14,-3.27],[84.17,-3.24],[84.24,-3.24],[84.28,-3.2],[84.42,-3.2],[84.46,-3.19],[84.57,-3.12],[84.64,-3.02],[84.64,-2.82],[84.68,-2.77],[84.68,-2.71],[84.68,-2.69],[84.78,-2.76],[84.78,-2.79],[84.82,-2.79],[84.82,-2.76],[84.86,-2.74],[84.86,-2.72],[84.89,-2.71],[84.89,-2.69],[85.0,-2.69],[85.04,-2.67],[85.04,-2.66],[85.07,-2.64],[85.07,-2.62],[85.11,-2.61],[85.11,-2.57],[85.25,-2.51],[85.29,-2.51],[85.32,-2.49],[85.5,-2.49],[85.5,-2.47],[85.54,-2.46],[85.54,-2.32],[85.5,-2.31],[85.5,-2.29],[85.47,-2.29],[85.47,-2.21],[85.43,-2.18],[85.43,-2.14],[85.36,-2.09],[85.32,-2.03],[85.29,-2.01],[85.29,-2.03],[85.25,-2.04],[85.25,-2.08],[85.22,-2.09],[85.22,-2.11],[85.14,-2.11],[85.14,-2.08],[85.11,-2.04],[85.11,-1.93],[85.11,-1.91],[85.07,-1.91],[85.04,-1.89],[84.86,-1.89],[84.82,-1.88],[84.71,-1.83],[84.71,-1.79],[84.82,-1.66],[84.89,-1.59],[84.89,-1.56],[84.93,-1.53],[85.0,-1.48],[85.04,-1.45],[85.04,-1.18],[85.07,-1.13],[85.07,-1.03],[85.11,-1.0],[85.11,-0.98],[85.11,-0.95],[85.14,-0.93],[85.14,-0.91],[85.22,-0.9],[85.22,-0.88],[85.25,-0.86],[85.25,-0.78],[85.29,-0.73],[85.29,-0.7],[85.32,-0.63],[85.36,-0.61],[85.43,-0.61],[85.43,-0.63],[85.47,-0.66],[85.47,-0.7],[85.5,-0.7],[85.54,-0.68],[85.54,-0.55],[85.54,-0.53],[85.54,-0.52],[85.72,-0.52],[85.76,-0.53],[85.76,-0.58],[85.76,-0.6],[85.86,-0.6],[85.9,-0.61],[85.97,-0.71],[86.01,-0.76],[86.01,-0.88],[86.08,-0.93],[86.08,-0.98],[86.15,-1.05],[86.15,-1.06],[86.19,-1.1],[86.19,-1.06],[86.22,-1.05],[86.22,-0.81],[86.33,-0.78],[86.33,-0.75],[86.37,-0.73],[86.37,-0.61],[86.4,-0.61],[86.4,-0.6],[86.58,-0.6],[86.58,-0.58],[86.62,-0.58],[86.62,-0.57],[86.62,-0.55],[86.62,-0.45],[86.66,-0.42],[86.73,-0.37],[86.76,-0.35],[86.8,-0.32],[86.84,-0.3],[86.87,-0.3],[86.87,-0.28],[86.94,-0.28],[86.94,-0.23],[86.98,-0.23],[86.98,-0.22],[87.05,-0.22],[87.05,-0.2],[87.2,-0.2],[87.2,-0.18],[87.23,-0.18],[87.23,-0.17],[87.27,-0.15],[87.27,-0.12],[87.27,-0.1],[87.38,-0.1],[87.41,-0.08],[87.45,-0.08],[87.45,-0.03],[87.48,-0.03],[87.48,-0.02],[87.52,-0.0],[87.7,-0.0],[87.7,0.02],[87.81,0.02],[87.81,0.03],[87.84,0.03],[87.84,0.08],[87.81,0.1],[87.74,0.1],[87.74,0.13],[87.7,0.13],[87.7,0.17],[87.74,0.17],[87.74,0.18],[87.81,0.2],[87.88,0.2],[87.92,0.17],[87.92,0.03],[87.95,0.03],[87.95,0.02],[88.02,0.02],[88.06,-0.0],[88.1,-0.0],[88.13,-0.02],[88.13,-0.03],[88.17,-0.05],[88.17,-0.08],[88.17,-0.1],[88.31,-0.1],[88.31,-0.13],[88.35,-0.13],[88.35,-0.27],[88.31,-0.28],[88.31,-0.3],[88.28,-0.3],[88.28,-0.33],[88.24,-0.35],[88.24,-0.45],[88.17,-0.5],[88.17,-0.52],[88.17,-0.55],[88.13,-0.58],[88.1,-0.6],[88.02,-0.6],[87.95,-0.61],[87.88,-0.71],[87.88,-0.75],[87.84,-0.78],[87.84,-0.88],[87.74,-0.91],[87.74,-1.0],[87.7,-1.03],[87.7,-1.08],[87.74,-1.11],[87.74,-1.18],[87.81,-1.2],[87.88,-1.2],[87.88,-1.21],[87.92,-1.21],[87.92,-1.23],[87.92,-1.25],[87.92,-1.36],[87.95,-1.38],[87.95,-1.4],[88.02,-1.4],[88.02,-1.43],[88.06,-1.45],[88.06,-1.56],[88.02,-1.58],[88.02,-1.59],[87.95,-1.59],[87.95,-1.61],[87.92,-1.66],[87.92,-1.93],[87.95,-2.01],[87.95,-2.09],[88.02,-2.14],[88.06,-2.14],[88.1,-2.18],[88.17,-2.19],[88.31,-2.19],[88.35,-2.16],[88.35,-2.13],[88.28,-2.09],[88.28,-2.08],[88.24,-2.06],[88.24,-2.01],[88.28,-1.98],[88.28,-1.94],[88.31,-1.89],[88.31,-1.88],[88.38,-1.83],[88.49,-1.83],[88.53,-1.81],[88.96,-1.81],[89.03,-1.79],[89.18,-1.79],[89.25,-1.76],[89.25,-1.64],[89.25,-1.63],[89.25,-1.61],[89.32,-1.59],[89.64,-1.59],[89.68,-1.61],[89.68,-1.63],[89.75,-1.63],[89.75,-1.66],[89.82,-1.69],[90.0,-1.69],[90.0,-1.68],[90.04,-1.68],[90.04,-1.63],[90.08,-1.63],[90.08,-1.61],[90.11,-1.59],[90.18,-1.59],[90.22,-1.59],[90.22,-1.58],[90.26,-1.56],[90.26,-1.33],[90.29,-1.33],[90.29,-1.31],[90.33,-1.3],[90.33,-1.28],[90.33,-1.25],[90.33,-1.2],[90.33,-1.16],[90.33,-1.1],[90.26,-1.06],[90.26,-1.03],[90.29,-1.03],[90.29,-1.01],[90.33,-1.0],[90.33,-0.91],[90.33,-0.86],[90.33,-0.63],[90.4,-0.61],[90.4,-0.6],[90.51,-0.6],[90.51,-0.58],[90.54,-0.57],[90.54,-0.47],[90.54,-0.45],[90.54,-0.4],[90.62,-0.4],[90.62,-0.38],[90.65,-0.37],[90.65,-0.33],[90.62,-0.32],[90.62,-0.3],[90.54,-0.28],[90.54,-0.23],[90.62,-0.2],[90.62,-0.17],[90.69,-0.1],[90.72,-0.08],[90.76,-0.05],[90.76,-0.03],[90.76,-0.02],[90.83,-0.0],[90.87,-0.0],[90.94,0.03],[90.94,0.18],[90.9,0.18],[90.9,0.2],[90.76,0.2],[90.76,0.22],[90.76,0.23],[90.76,0.26],[90.69,0.3],[90.65,0.3],[90.62,0.31],[90.51,0.31],[90.33,0.33],[90.29,0.4],[90.26,0.45],[90.26,0.63],[90.22,0.66],[90.22,0.71],[90.18,0.71],[90.18,0.73],[90.11,0.73],[90.11,0.76],[90.18,0.76],[90.18,0.8],[90.22,0.81],[90.22,0.86],[90.18,0.9],[90.18,0.93],[90.0,1.09],[89.97,1.09],[89.97,0.98],[89.9,0.96],[89.9,0.9],[89.9,0.88],[89.86,0.88],[89.86,0.76],[89.82,0.75],[89.82,0.71],[89.79,0.71],[89.79,0.7],[89.75,0.7],[89.64,0.65],[89.64,0.63],[89.61,0.58],[89.57,0.56],[89.57,0.53],[89.54,0.5],[89.57,0.48],[89.57,0.41],[89.61,0.4],[89.61,0.38],[89.64,0.36],[89.64,0.35],[89.68,0.33],[89.68,0.31],[89.68,0.3],[89.68,0.28],[89.75,0.26],[89.75,0.18],[89.79,0.13],[89.79,0.1],[89.86,0.03],[89.97,-0.0],[90.0,-0.0],[90.04,-0.02],[90.04,-0.08],[90.0,-0.08],[90.0,-0.1],[89.9,-0.1],[89.9,-0.12],[89.82,-0.18],[89.79,-0.23],[89.79,-0.27],[89.75,-0.32],[89.75,-0.47],[89.68,-0.48],[89.68,-0.52],[89.68,-0.53],[89.64,-0.57],[89.64,-0.78],[89.61,-0.78],[89.61,-0.8],[89.57,-0.8],[89.57,-0.86],[89.54,-0.88],[89.54,-0.9],[89.57,-0.91],[89.57,-0.98],[89.61,-1.0],[89.64,-1.0],[89.68,-1.01],[89.68,-1.03],[89.75,-1.05],[89.79,-1.06],[89.79,-1.08],[89.86,-1.15],[89.86,-1.18],[89.82,-1.18],[89.82,-1.2],[89.68,-1.2],[89.68,-1.21],[89.68,-1.23],[89.64,-1.25],[89.64,-1.26],[89.68,-1.28],[89.68,-1.31],[89.68,-1.33],[89.75,-1.33],[89.75,-1.36],[89.68,-1.38],[89.68,-1.4],[89.68,-1.36],[89.61,-1.31],[89.46,-1.31],[89.46,-1.33],[89.46,-1.43],[89.43,-1.46],[89.43,-1.48],[89.39,-1.48],[89.32,-1.49],[88.6,-1.49],[88.53,-1.48],[88.49,-1.48],[88.46,-1.46],[88.46,-1.33],[88.49,-1.33],[88.49,-1.31],[88.56,-1.31],[88.6,-1.3],[88.6,-1.25],[88.67,-1.23],[88.67,-1.21],[88.71,-1.21],[88.74,-1.2],[88.82,-1.2],[88.82,-1.18],[88.82,-1.11],[88.82,-1.1],[88.78,-1.1],[88.78,-1.08],[88.74,-1.06],[88.74,-1.03],[88.78,-1.01],[88.89,-1.01],[88.96,-1.05],[89.0,-1.08],[89.0,-1.1],[89.03,-1.08],[89.03,-1.05],[89.14,-1.0],[89.18,-1.0],[89.21,-0.98],[89.25,-0.95],[89.32,-0.85],[89.32,-0.78],[89.36,-0.71],[89.36,-0.52],[89.32,-0.47],[89.32,-0.4],[89.25,-0.38],[89.25,-0.35],[89.25,-0.25],[89.25,-0.2],[89.25,-0.13],[89.32,-0.08],[89.39,-0.02],[89.43,0.03],[89.43,0.05],[89.46,0.1],[89.46,0.17],[89.43,0.2],[89.39,0.2],[89.39,0.22],[89.36,0.23],[89.36,0.35],[89.32,0.36],[89.32,0.4],[89.25,0.4],[89.25,0.45],[89.25,0.46],[89.25,0.66],[89.21,0.68],[89.21,0.7],[89.14,0.73],[89.14,0.78],[89.18,0.83],[89.21,0.9],[89.25,0.98],[89.39,1.08],[89.46,1.18],[89.57,1.29],[89.68,1.38],[89.75,1.41],[89.79,1.44],[89.82,1.46],[89.86,1.44],[89.86,1.43],[89.9,1.39],[89.9,1.38],[89.97,1.34],[89.97,1.33],[90.0,1.33],[90.0,1.31],[90.04,1.33],[90.04,1.36],[90.08,1.38],[90.08,1.39],[90.11,1.39],[90.11,1.41],[90.22,1.41],[90.26,1.43],[90.26,1.48],[90.29,1.49],[90.33,1.49],[90.4,1.48],[90.44,1.46],[90.47,1.43],[90.51,1.39],[90.54,1.36],[90.54,1.34],[90.54,1.33],[90.62,1.31],[90.62,1.33],[90.65,1.33],[90.65,1.36],[90.69,1.38],[90.69,1.41],[90.72,1.41],[90.72,1.36],[90.76,1.36],[90.76,1.34],[90.83,1.31],[90.98,1.31],[91.05,1.29],[91.19,1.29],[91.26,1.28],[91.3,1.28],[91.37,1.24],[91.37,1.21],[91.41,1.19],[91.41,1.21],[91.41,1.24],[91.41,1.26],[91.52,1.29],[91.62,1.29],[91.62,1.31],[91.7,1.31],[91.73,1.33],[91.73,1.34],[91.77,1.36],[91.73,1.38],[91.73,1.39],[91.7,1.39],[91.7,1.41],[91.59,1.41],[91.55,1.41],[91.55,1.48],[91.59,1.48],[91.59,1.49],[91.62,1.49],[91.7,1.51],[91.73,1.51],[91.73,1.53],[91.77,1.54],[91.77,1.59],[91.8,1.61],[91.8,1.59],[91.84,1.58],[91.84,1.38],[91.84,1.36],[91.84,1.33],[91.95,1.29],[92.02,1.29],[92.02,1.28],[92.06,1.26],[92.06,1.13],[92.06,1.11],[92.16,1.11],[92.2,1.09],[92.24,1.09],[92.24,0.91],[92.27,0.88],[92.27,0.81],[92.34,0.8],[92.34,0.66],[92.27,0.61],[92.27,0.58],[92.24,0.55],[92.2,0.51],[92.2,0.5],[92.16,0.48],[92.16,0.41],[92.2,0.4],[92.27,0.33],[92.34,0.31],[92.45,0.31],[92.78,0.31],[92.85,0.33],[92.85,0.35],[92.88,0.36],[92.92,0.35],[92.99,0.31],[93.06,0.25],[93.21,0.08],[93.24,0.03],[93.24,-0.08],[93.14,-0.12],[93.14,-0.15],[93.14,-0.18],[93.14,-0.23],[93.14,-0.35],[93.24,-0.45],[93.24,-0.47],[93.28,-0.48],[93.28,-0.5],[93.32,-0.5],[93.32,-0.48],[93.35,-0.47],[93.35,-0.45],[93.35,-0.42],[93.42,-0.42],[93.46,-0.4],[93.5,-0.4],[93.53,-0.42],[93.53,-0.43],[93.57,-0.45],[93.57,-0.47],[93.53,-0.48],[93.53,-0.5],[93.46,-0.5],[93.46,-0.52],[93.35,-0.52],[93.35,-0.57],[93.35,-0.58],[93.35,-0.6],[93.42,-0.61],[93.42,-0.63],[93.46,-0.65],[93.46,-0.66],[93.53,-0.73],[93.53,-0.83],[93.57,-0.88],[93.57,-1.1],[93.57,-1.15],[93.57,-1.2],[93.68,-1.26],[93.71,-1.31],[93.78,-1.38],[93.93,-1.51],[94.0,-1.56],[94.0,-1.59],[94.11,-1.59],[94.14,-1.58],[94.14,-1.51],[94.18,-1.48],[94.18,-1.45],[94.22,-1.4],[94.22,-1.36],[94.36,-1.23],[94.43,-1.16],[94.5,-1.11],[94.54,-1.06],[94.58,-1.05],[94.65,-1.03],[94.65,-1.01],[94.72,-1.01],[94.79,-1.0],[94.86,-1.0],[94.93,-0.98],[94.93,-0.95],[94.97,-0.95],[94.97,-0.91],[95.04,-0.91],[95.08,-0.9],[95.26,-0.9],[95.29,-0.88],[95.29,-0.86],[95.37,-0.85],[95.37,-0.81],[95.4,-0.81],[95.4,-0.8],[95.51,-0.8],[95.51,-0.78],[95.62,-0.78],[95.65,-0.78],[95.65,-0.73],[95.69,-0.73],[95.73,-0.71],[95.8,-0.71],[95.83,-0.7],[96.05,-0.7],[96.09,-0.68],[96.12,-0.68],[96.12,-0.66],[96.16,-0.66],[96.16,-0.63],[96.16,-0.61],[96.23,-0.61],[96.27,-0.6],[96.52,-0.6],[96.55,-0.58],[96.59,-0.58],[96.66,-0.55],[96.66,-0.52],[96.7,-0.52],[96.73,-0.48],[96.73,-0.47],[96.77,-0.45],[96.77,-0.43],[96.81,-0.4],[96.88,-0.4],[96.91,-0.38],[96.91,-0.37],[96.99,-0.33],[96.99,-0.3],[97.02,-0.28],[97.02,-0.25],[97.09,-0.23],[97.09,-0.22],[97.17,-0.23],[97.17,-0.27],[97.2,-0.27],[97.24,-0.23],[97.31,-0.22],[97.38,-0.12],[97.45,-0.03],[97.53,0.03],[97.67,0.08],[97.74,0.1],[97.85,0.05],[97.89,-0.0],[97.89,-0.08],[97.89,-0.1],[97.89,-0.13],[97.85,-0.13],[97.85,-0.15],[97.89,-0.17],[97.89,-0.2],[97.99,-0.28],[98.07,-0.28],[98.1,-0.27],[98.1,-0.23],[98.21,-0.22],[98.25,-0.15],[98.32,-0.1],[98.32,-0.05],[98.39,-0.02],[98.46,-0.0],[98.53,-0.0],[98.53,-0.05],[98.53,-0.08],[98.61,-0.08],[98.61,-0.1],[98.68,-0.1],[98.71,-0.12],[98.75,-0.12],[98.75,-0.17],[98.82,-0.2],[98.93,-0.2],[98.97,-0.23],[99.04,-0.23],[99.07,-0.25],[99.07,-0.28],[99.11,-0.3],[99.11,-0.27],[99.14,-0.25],[99.14,-0.52],[99.07,-0.52],[99.07,-0.53],[99.04,-0.55],[99.04,-0.68],[98.97,-0.68],[98.97,-0.7],[98.93,-0.7],[98.93,-0.71],[98.89,-0.71],[98.86,-0.73],[98.86,-0.76],[98.82,-0.78],[98.75,-0.78],[98.71,-0.8],[98.61,-0.8],[98.61,-0.81],[98.53,-0.81],[98.53,-0.83],[98.53,-0.85],[98.53,-0.88],[98.5,-0.88],[98.46,-0.9],[98.28,-0.9],[98.25,-0.91],[98.17,-0.91],[98.17,-0.93],[98.1,-0.95],[98.1,-1.0],[98.07,-1.0],[98.07,-1.01],[98.03,-1.01],[97.96,-1.05],[97.89,-1.06],[97.89,-1.08],[97.89,-1.1],[97.89,-1.11],[97.85,-1.13],[97.85,-1.16],[97.89,-1.18],[97.89,-1.2],[97.89,-1.21],[97.89,-1.23],[97.96,-1.25],[97.96,-1.28],[97.89,-1.28],[97.89,-1.3],[97.89,-1.33],[97.85,-1.33],[97.85,-1.43],[97.81,-1.48],[97.81,-1.51],[97.74,-1.54],[97.67,-1.58],[97.56,-1.59],[97.38,-1.59],[97.35,-1.61],[97.31,-1.61],[97.24,-1.64],[97.24,-1.68],[97.2,-1.69],[97.2,-1.71],[97.17,-1.74],[97.17,-1.76],[97.02,-1.81],[96.95,-1.84],[96.91,-1.88],[96.88,-1.91],[96.88,-1.94],[96.81,-1.98],[96.81,-2.08],[96.81,-2.09],[96.77,-2.09],[96.73,-2.11],[96.59,-2.11],[96.55,-2.14],[96.55,-2.16],[96.48,-2.19],[96.37,-2.19],[96.23,-2.26],[96.23,-2.28],[96.16,-2.31],[96.16,-2.32],[96.16,-2.34],[96.16,-2.36],[96.05,-2.41],[96.01,-2.41],[95.94,-2.42],[95.94,-2.46],[95.87,-2.49],[95.73,-2.49],[95.69,-2.51],[95.62,-2.51],[95.51,-2.54],[95.51,-2.57],[95.51,-2.59],[95.47,-2.59],[95.44,-2.61],[95.4,-2.61],[95.37,-2.62],[95.29,-2.64],[95.22,-2.69],[95.15,-2.74],[95.08,-2.79],[94.97,-2.92],[94.93,-2.97],[94.86,-3.02],[94.83,-3.06],[94.72,-3.09],[94.65,-3.11],[94.54,-3.11],[94.43,-3.12],[94.43,-3.16],[94.43,-3.17],[94.29,-3.2],[93.96,-3.2],[93.86,-3.22],[93.78,-3.24],[93.75,-3.25],[93.68,-3.29],[93.68,-3.24],[93.64,-3.24],[93.5,-3.2],[93.28,-3.2],[93.1,-3.17],[93.03,-3.12],[92.92,-3.02],[92.92,-2.92],[92.99,-2.92],[92.99,-2.89],[93.03,-2.89],[93.03,-2.87],[93.06,-2.84],[92.99,-2.77],[92.81,-2.69],[92.63,-2.69],[92.56,-2.67],[92.56,-2.64],[92.49,-2.62],[92.49,-2.61],[92.42,-2.61],[92.42,-2.59],[92.38,-2.59],[92.38,-2.57],[92.34,-2.57],[92.34,-2.52],[92.27,-2.52],[92.27,-2.51],[92.2,-2.51],[92.16,-2.49],[91.95,-2.49],[91.91,-2.47],[91.84,-2.47],[91.84,-2.46],[91.84,-2.44],[91.84,-2.42],[91.8,-2.42],[91.77,-2.42],[91.77,-2.44],[91.73,-2.46],[91.73,-2.47],[91.7,-2.51],[91.62,-2.52],[91.62,-2.56],[91.62,-2.57],[91.59,-2.57],[91.59,-2.59],[91.55,-2.61],[91.48,-2.61],[91.48,-2.62],[91.41,-2.64],[91.41,-2.67],[91.41,-2.69],[91.37,-2.69],[91.34,-2.69],[91.08,-2.69],[90.94,-2.76],[90.9,-2.79],[90.87,-2.84],[90.72,-2.97],[90.65,-3.04],[90.54,-3.09],[90.47,-3.09],[90.33,-3.11],[90.0,-3.11],[89.9,-3.12],[89.82,-3.17],[89.75,-3.24],[89.75,-3.25],[89.68,-3.27],[89.64,-3.25],[89.64,-3.24],[89.57,-3.17],[89.57,-3.06],[89.54,-3.02],[89.54,-2.94],[89.46,-2.92],[89.46,-2.91],[89.43,-2.91],[89.36,-2.87],[89.36,-2.82],[89.32,-2.82],[89.32,-2.81],[89.25,-2.81],[89.25,-2.79],[89.21,-2.79],[89.21,-2.77],[89.18,-2.77],[89.14,-2.76],[89.14,-2.74],[89.1,-2.71],[89.1,-2.69],[89.03,-2.67],[89.03,-2.66],[89.0,-2.62],[88.92,-2.61],[88.67,-2.61],[88.6,-2.59],[88.53,-2.59],[88.46,-2.56],[88.46,-2.52],[88.38,-2.52],[88.38,-2.51],[88.35,-2.51],[88.35,-2.49],[88.24,-2.49],[88.17,-2.52],[88.17,-2.59],[88.24,-2.66],[88.28,-2.67],[88.28,-2.69],[88.31,-2.69],[88.31,-2.71],[88.35,-2.74],[88.35,-2.82],[88.38,-2.87],[88.38,-2.94],[88.49,-2.97],[88.53,-3.02],[88.6,-3.06],[88.67,-3.11],[88.71,-3.11],[88.71,-3.12],[88.74,-3.12],[88.74,-3.24],[88.78,-3.24],[88.78,-3.29],[88.82,-3.32],[88.82,-3.35],[88.82,-3.37],[88.82,-3.4],[88.74,-3.44],[88.74,-3.47],[88.78,-3.47],[88.82,-3.5],[88.82,-3.52],[88.82,-3.54],[88.82,-3.67],[88.89,-3.67],[88.92,-3.7],[89.0,-3.7],[89.03,-3.74],[89.03,-3.77],[89.03,-3.79],[89.03,-3.82],[89.03,-3.84],[89.03,-3.89],[88.96,-3.92],[88.96,-4.07],[89.1,-4.1],[89.14,-4.12],[89.14,-4.15],[89.21,-4.2],[89.25,-4.2],[89.36,-4.23],[89.36,-4.28],[89.25,-4.3],[89.25,-4.33],[89.25,-4.45],[89.32,-4.5],[89.39,-4.5],[89.43,-4.52],[89.43,-4.55],[89.46,-4.57],[89.46,-4.67],[89.46,-4.7],[89.57,-4.7],[89.61,-4.72],[89.68,-4.78],[89.75,-4.88],[89.75,-5.06],[89.82,-5.11],[89.82,-5.16],[89.86,-5.18],[89.86,-5.46],[89.9,-5.51],[89.9,-5.6],[89.97,-5.63],[89.97,-5.7],[89.9,-5.73],[89.9,-5.78],[89.9,-5.79],[89.75,-5.79],[89.68,-5.81],[89.64,-5.84],[89.64,-5.88],[89.46,-5.91],[89.46,-5.93],[89.46,-5.96],[89.43,-5.98],[89.36,-5.98],[89.32,-5.99],[89.18,-5.99],[89.03,-6.03],[89.03,-6.08],[89.03,-6.13],[89.03,-6.18],[88.96,-6.24],[88.74,-6.29],[88.49,-6.29],[88.38,-6.28],[88.35,-6.24],[88.31,-6.21],[88.24,-6.14],[88.13,-6.11],[87.92,-6.11],[87.74,-6.09],[87.23,-6.09],[87.09,-6.08],[87.05,-6.08],[86.94,-6.04],[86.87,-6.01],[86.84,-6.01],[86.8,-5.99],[86.62,-5.99],[86.4,-6.04],[86.37,-6.13],[86.37,-6.21],[86.33,-6.23],[86.33,-6.24],[86.3,-6.28],[86.3,-6.31],[86.19,-6.38],[86.19,-6.39],[86.19,-6.43],[86.08,-6.53],[86.08,-6.57],[86.01,-6.59],[86.01,-6.66],[85.97,-6.71],[85.9,-6.71],[85.86,-6.72],[85.86,-6.76],[85.76,-6.79],[85.72,-6.79],[85.65,-6.82],[85.65,-6.87],[85.58,-6.89],[85.47,-6.89],[85.47,-6.79],[85.54,-6.79],[85.54,-6.72],[85.5,-6.69],[85.43,-6.66],[85.36,-6.62],[85.25,-6.59],[85.14,-6.59],[85.11,-6.61],[85.04,-6.64],[85.04,-6.69],[84.89,-6.71]],[[69.85,3.75],[69.85,3.79],[69.76,3.79],[69.74,3.77],[69.74,3.73],[69.78,3.7],[69.85,3.7],[69.85,3.75]],[[70.14,3.65],[70.14,3.68],[70.1,3.7],[70.03,3.7],[69.96,3.67],[69.96,3.62],[70.03,3.6],[70.14,3.6],[70.14,3.65]],[[70.35,3.55],[70.35,3.59],[70.31,3.6],[70.21,3.6],[70.17,3.57],[70.17,3.52],[70.21,3.5],[70.28,3.5],[70.35,3.52],[70.35,3.55]],[[77.84,2.85],[77.84,2.89],[77.77,2.9],[77.77,2.89],[77.77,2.8],[77.77,2.79],[77.84,2.8],[77.84,2.85]],[[80.14,2.85],[80.14,2.89],[80.11,2.89],[80.11,2.9],[80.07,2.89],[80.07,2.8],[80.11,2.79],[80.11,2.8],[80.14,2.8],[80.14,2.85]],[[77.77,2.76],[77.77,2.77],[77.73,2.77],[77.69,2.77],[77.66,2.79],[77.44,2.79],[77.41,2.77],[77.33,2.77],[77.33,2.76],[77.33,2.72],[77.3,2.72],[77.3,2.71],[77.12,2.71],[77.12,2.69],[77.08,2.69],[77.05,2.67],[77.05,2.64],[77.08,2.64],[77.08,2.62],[77.12,2.61],[77.48,2.61],[77.51,2.62],[77.51,2.64],[77.55,2.64],[77.55,2.67],[77.62,2.71],[77.69,2.71],[77.73,2.72],[77.73,2.74],[77.77,2.74],[77.77,2.76]],[[74.56,2.46],[74.56,2.47],[74.53,2.47],[74.53,2.49],[74.45,2.49],[74.45,2.51],[74.31,2.51],[74.27,2.49],[74.24,2.49],[74.13,2.44],[74.06,2.37],[74.02,2.32],[73.95,2.26],[73.91,2.21],[73.88,2.17],[73.88,2.14],[73.84,2.12],[73.88,2.11],[73.91,2.11],[73.99,2.09],[74.06,2.06],[74.09,2.02],[74.09,1.99],[74.13,1.96],[74.13,1.93],[74.17,1.88],[74.17,1.83],[74.2,1.81],[74.24,1.81],[74.24,1.79],[74.31,1.79],[74.31,1.78],[74.35,1.78],[74.35,1.71],[74.31,1.69],[74.27,1.69],[74.27,1.68],[74.24,1.68],[74.24,1.64],[74.27,1.64],[74.27,1.61],[74.35,1.61],[74.38,1.59],[74.42,1.59],[74.42,1.58],[74.45,1.56],[74.45,1.54],[74.49,1.53],[74.49,1.49],[74.53,1.48],[74.53,1.46],[74.56,1.44],[74.56,1.43],[74.63,1.41],[74.71,1.41],[74.71,1.39],[74.74,1.39],[74.74,1.36],[74.78,1.36],[74.78,1.31],[74.81,1.29],[74.81,1.34],[74.85,1.36],[74.85,1.38],[74.92,1.41],[74.99,1.41],[75.03,1.41],[75.03,1.46],[75.07,1.49],[75.07,1.53],[75.03,1.59],[75.03,1.66],[74.99,1.69],[74.92,1.76],[74.89,1.83],[74.81,1.86],[74.78,1.89],[74.74,1.91],[74.67,1.91],[74.67,1.94],[74.63,1.96],[74.63,1.97],[74.6,1.97],[74.56,1.99],[74.38,1.99],[74.35,2.01],[74.31,2.01],[74.24,2.04],[74.27,2.06],[74.27,2.07],[74.31,2.07],[74.31,2.09],[74.42,2.09],[74.45,2.11],[74.63,2.11],[74.67,2.12],[74.71,2.12],[74.74,2.14],[74.74,2.16],[74.78,2.17],[74.78,2.19],[74.81,2.19],[74.85,2.21],[74.96,2.21],[74.99,2.22],[75.03,2.22],[75.07,2.24],[74.99,2.27],[74.96,2.27],[74.92,2.29],[74.71,2.29],[74.63,2.31],[74.53,2.31],[74.45,2.34],[74.45,2.39],[74.49,2.39],[74.49,2.41],[74.53,2.41],[74.53,2.42],[74.56,2.44],[74.56,2.46]],[[71.65,2.24],[71.65,2.29],[71.57,2.29],[71.57,2.27],[71.54,2.26],[71.54,2.22],[71.57,2.22],[71.57,2.21],[71.61,2.21],[71.65,2.22],[71.65,2.24]],[[73.37,2.22],[73.34,2.26],[73.34,2.27],[73.3,2.29],[73.27,2.29],[73.27,2.27],[73.23,2.24],[73.23,2.22],[73.19,2.19],[73.16,2.16],[73.16,2.12],[73.19,2.11],[73.41,2.11],[73.45,2.12],[73.45,2.17],[73.37,2.22]],[[73.66,2.04],[73.66,2.06],[73.63,2.07],[73.63,2.09],[73.59,2.09],[73.55,2.11],[73.52,2.11],[73.52,2.09],[73.48,2.09],[73.48,2.07],[73.45,2.07],[73.45,2.02],[73.48,2.02],[73.48,2.01],[73.52,1.99],[73.59,1.99],[73.59,2.01],[73.63,2.01],[73.63,2.02],[73.66,2.04]],[[73.84,2.04],[73.84,2.09],[73.81,2.09],[73.81,2.11],[73.77,2.09],[73.77,2.06],[73.73,2.04],[73.77,2.04],[73.77,1.99],[73.81,1.99],[73.84,2.01],[73.84,2.04]],[[76.54,1.96],[76.54,1.97],[76.47,1.97],[76.47,1.99],[76.4,1.99],[76.4,1.97],[76.36,1.97],[76.36,1.93],[76.4,1.93],[76.4,1.91],[76.47,1.91],[76.47,1.93],[76.54,1.93],[76.54,1.96]],[[71.03,1.86],[71.03,1.91],[71.0,1.91],[70.96,1.89],[70.96,1.81],[71.0,1.81],[71.0,1.79],[71.03,1.81],[71.03,1.86]],[[74.85,1.14],[74.85,1.18],[74.81,1.19],[74.78,1.19],[74.78,1.18],[74.74,1.16],[74.74,1.13],[74.78,1.13],[74.78,1.11],[74.81,1.11],[74.85,1.13],[74.85,1.14]],[[75.17,1.03],[75.14,1.06],[75.03,1.11],[74.96,1.11],[74.89,1.08],[74.85,1.05],[74.85,0.95],[74.89,0.93],[74.89,0.91],[74.92,0.91],[74.96,0.9],[75.17,0.9],[75.21,0.91],[75.25,0.91],[75.25,0.96],[75.17,1.03]],[[74.63,0.95],[74.63,1.0],[74.56,1.0],[74.56,0.9],[74.63,0.9],[74.63,0.95]],[[75.46,0.75],[75.46,0.78],[75.43,0.78],[75.43,0.8],[75.39,0.81],[75.39,0.8],[75.35,0.8],[75.35,0.71],[75.39,0.71],[75.39,0.7],[75.43,0.7],[75.43,0.73],[75.46,0.73],[75.46,0.75]],[[73.66,0.05],[73.63,0.07],[73.63,0.08],[73.59,0.08],[73.59,0.1],[73.52,0.1],[73.48,0.08],[73.48,0.07],[73.45,0.07],[73.45,0.03],[73.48,0.03],[73.48,0.02],[73.52,0.02],[73.52,-0.0],[73.55,-0.0],[73.59,0.02],[73.63,0.02],[73.63,0.03],[73.66,0.03],[73.66,0.05]],[[73.34,-0.05],[73.34,-0.0],[73.27,-0.0],[73.27,-0.1],[73.34,-0.1],[73.34,-0.05]],[[73.73,-0.15],[73.73,-0.1],[73.7,-0.1],[73.66,-0.12],[73.66,-0.2],[73.73,-0.2],[73.73,-0.15]],[[75.97,-0.15],[75.93,-0.13],[75.93,-0.12],[75.89,-0.12],[75.86,-0.1],[75.75,-0.1],[75.71,-0.12],[75.68,-0.12],[75.68,-0.13],[75.64,-0.15],[75.64,-0.17],[75.68,-0.18],[75.68,-0.2],[75.79,-0.2],[75.79,-0.22],[75.82,-0.22],[75.82,-0.23],[75.86,-0.25],[75.86,-0.37],[75.89,-0.38],[75.89,-0.4],[76.0,-0.4],[76.0,-0.42],[76.04,-0.42],[76.04,-0.45],[76.04,-0.5],[76.11,-0.5],[76.15,-0.48],[76.15,-0.47],[76.18,-0.45],[76.25,-0.35],[76.25,-0.27],[76.22,-0.23],[76.15,-0.22],[76.11,-0.2],[76.0,-0.2],[76.0,-0.18],[75.97,-0.18],[75.97,-0.15]],[[76.43,-0.15],[76.43,-0.12],[76.4,-0.12],[76.4,-0.1],[76.33,-0.1],[76.25,-0.12],[76.25,-0.18],[76.25,-0.2],[76.4,-0.2],[76.43,-0.18],[76.43,-0.15]],[[76.54,-0.35],[76.54,-0.3],[76.47,-0.3],[76.47,-0.33],[76.43,-0.35],[76.47,-0.37],[76.47,-0.4],[76.54,-0.4],[76.54,-0.35]],[[78.77,-0.48],[78.67,-0.42],[78.63,-0.42],[78.63,-0.88],[78.74,-0.91],[78.74,-1.03],[78.77,-1.05],[78.77,-1.08],[78.81,-1.08],[78.85,-1.1],[78.95,-1.1],[78.99,-1.08],[79.03,-1.08],[79.03,-1.06],[79.06,-1.05],[79.06,-1.03],[79.03,-1.03],[79.03,-1.01],[78.99,-1.0],[78.99,-0.98],[78.95,-0.98],[78.95,-0.83],[78.99,-0.81],[78.99,-0.8],[79.03,-0.8],[79.03,-0.73],[79.06,-0.71],[79.06,-0.55],[79.03,-0.52],[78.99,-0.52],[78.95,-0.55],[78.85,-0.6],[78.85,-0.63],[78.85,-0.65],[78.85,-0.66],[78.81,-0.68],[78.77,-0.68],[78.77,-0.61],[78.81,-0.6],[78.81,-0.58],[78.85,-0.57],[78.85,-0.53],[78.81,-0.52],[78.77,-0.48]],[[71.93,-0.6],[71.93,-0.52],[71.9,-0.52],[71.86,-0.52],[71.86,-0.68],[71.9,-0.7],[71.93,-0.7],[71.93,-0.6]],[[78.41,-0.55],[78.41,-0.52],[78.38,-0.52],[78.34,-0.53],[78.34,-0.57],[78.38,-0.58],[78.38,-0.6],[78.41,-0.6],[78.41,-0.58],[78.41,-0.55]],[[78.56,-0.76],[78.56,-0.65],[78.52,-0.63],[78.52,-0.61],[78.45,-0.6],[78.45,-0.61],[78.41,-0.68],[78.38,-0.7],[78.38,-0.78],[78.41,-0.8],[78.41,-0.81],[78.41,-0.86],[78.52,-0.9],[78.52,-0.88],[78.56,-0.85],[78.56,-0.76]],[[78.41,-0.95],[78.41,-0.91],[78.41,-0.9],[78.38,-0.9],[78.38,-0.91],[78.34,-0.93],[78.34,-0.98],[78.38,-0.98],[78.38,-1.0],[78.41,-1.0],[78.41,-0.95]],[[81.37,-1.05],[81.37,-1.03],[81.33,-1.03],[81.33,-1.01],[81.26,-1.0],[81.26,-1.01],[81.22,-1.01],[81.22,-1.08],[81.26,-1.1],[81.33,-1.1],[81.33,-1.06],[81.37,-1.06],[81.37,-1.05]],[[77.91,-1.59],[77.87,-1.56],[77.77,-1.51],[77.69,-1.51],[77.66,-1.53],[77.66,-1.56],[77.55,-1.59],[77.51,-1.59],[77.33,-1.59],[77.26,-1.63],[77.26,-1.76],[77.41,-1.88],[77.44,-1.89],[77.51,-1.89],[77.51,-1.93],[77.55,-1.94],[77.55,-2.08],[77.55,-2.09],[77.55,-2.11],[77.62,-2.11],[77.62,-2.09],[77.66,-2.08],[77.66,-2.03],[77.69,-2.01],[77.73,-2.01],[77.73,-1.99],[77.77,-1.99],[77.77,-1.98],[77.84,-1.96],[77.84,-1.83],[77.87,-1.79],[77.87,-1.71],[77.91,-1.69],[77.91,-1.68],[77.95,-1.68],[77.95,-1.61],[77.91,-1.59]],[[85.5,-1.59],[85.47,-1.56],[85.43,-1.53],[85.36,-1.51],[85.32,-1.53],[85.32,-1.86],[85.36,-1.88],[85.36,-1.89],[85.47,-1.89],[85.5,-1.91],[85.65,-2.04],[85.65,-2.16],[85.72,-2.19],[85.76,-2.19],[85.86,-2.18],[85.9,-2.16],[86.01,-2.08],[86.01,-2.06],[86.08,-2.03],[86.08,-1.99],[86.12,-1.94],[86.12,-1.91],[86.15,-1.88],[86.15,-1.76],[86.12,-1.73],[86.12,-1.71],[86.08,-1.71],[85.97,-1.69],[85.65,-1.69],[85.54,-1.64],[85.54,-1.63],[85.5,-1.59]],[[85.94,-1.56],[85.94,-1.51],[85.9,-1.49],[85.9,-1.51],[85.86,-1.51],[85.86,-1.59],[85.9,-1.59],[85.94,-1.59],[85.94,-1.56]],[[86.84,-3.04],[86.84,-2.92],[86.8,-2.91],[86.4,-2.91],[86.37,-2.94],[86.37,-3.02],[86.33,-3.04],[86.33,-3.09],[86.22,-3.11],[86.22,-3.25],[86.37,-3.35],[86.37,-3.39],[86.4,-3.4],[86.4,-3.27],[86.44,-3.24],[86.44,-3.22],[86.55,-3.2],[86.76,-3.2],[86.8,-3.19],[86.84,-3.19],[86.84,-3.04]],[[80.36,-3.16],[80.36,-3.14],[80.32,-3.12],[80.32,-3.11],[80.18,-3.11],[80.14,-3.12],[80.14,-3.14],[80.18,-3.2],[80.29,-3.2],[80.36,-3.17],[80.36,-3.16]],[[78.23,-3.24],[78.2,-3.24],[78.2,-3.2],[78.16,-3.22],[78.16,-3.29],[78.2,-3.29],[78.2,-3.25],[78.23,-3.24]],[[86.55,-3.45],[86.55,-3.42],[86.44,-3.4],[86.4,-3.44],[86.4,-3.47],[86.44,-3.5],[86.55,-3.49],[86.55,-3.45]],[[83.42,-4.6],[83.42,-4.55],[83.38,-4.52],[83.34,-4.5],[83.09,-4.5],[82.98,-4.52],[82.95,-4.55],[82.95,-4.58],[82.95,-4.6],[83.09,-4.6],[83.13,-4.62],[83.16,-4.62],[83.2,-4.62],[83.2,-4.65],[83.31,-4.7],[83.38,-4.7],[83.42,-4.65],[83.42,-4.6]],[[84.14,-4.75],[84.14,-4.73],[84.03,-4.7],[83.81,-4.7],[83.74,-4.73],[83.74,-4.77],[83.78,-4.77],[83.81,-4.8],[84.03,-4.8],[84.14,-4.77],[84.14,-4.75]],[[82.44,-4.95],[82.44,-4.9],[82.34,-4.9],[82.34,-4.93],[82.3,-4.93],[82.34,-4.96],[82.34,-5.0],[82.44,-4.98],[82.44,-4.95]],[[78.45,-5.26],[78.41,-5.21],[78.38,-5.2],[78.34,-5.23],[78.34,-5.26],[78.23,-5.3],[78.09,-5.3],[77.98,-5.31],[77.95,-5.35],[77.95,-5.38],[77.87,-5.4],[77.87,-5.41],[77.77,-5.41],[77.77,-5.43],[77.77,-5.55],[77.77,-5.6],[77.87,-5.66],[77.91,-5.68],[78.05,-5.71],[78.13,-5.71],[78.2,-5.7],[78.23,-5.66],[78.23,-5.63],[78.31,-5.61],[78.38,-5.61],[78.41,-5.6],[78.56,-5.6],[78.67,-5.56],[78.81,-5.51],[78.81,-5.46],[78.85,-5.43],[78.85,-5.33],[78.77,-5.3],[78.67,-5.3],[78.63,-5.25],[78.63,-5.2],[78.59,-5.2],[78.52,-5.26],[78.52,-5.3],[78.45,-5.3],[78.45,-5.26]],[[72.83,-5.66],[72.83,-5.63],[72.73,-5.6],[72.65,-5.6],[72.65,-5.61],[72.58,-5.61],[72.55,-5.63],[72.55,-5.68],[72.58,-5.68],[72.65,-5.71],[72.76,-5.71],[72.83,-5.68],[72.83,-5.66]],[[82.09,-5.88],[82.05,-5.84],[81.91,-5.79],[81.83,-5.84],[81.76,-5.93],[81.76,-6.04],[81.83,-6.14],[81.87,-6.18],[82.01,-6.21],[82.09,-6.19],[82.09,-6.16],[82.12,-6.14],[82.12,-5.98],[82.09,-5.96],[82.09,-5.91],[82.09,-5.88]],[[72.83,-6.04],[72.83,-5.99],[72.76,-6.01],[72.76,-6.09],[72.83,-6.09],[72.83,-6.04]],[[81.87,-6.34],[81.83,-6.34],[81.83,-6.31],[81.8,-6.29],[81.69,-6.29],[81.65,-6.33],[81.65,-6.38],[81.65,-6.39],[81.83,-6.39],[81.83,-6.36],[81.87,-6.34]],[[81.37,-6.54],[81.26,-6.51],[81.11,-6.51],[81.01,-6.53],[81.01,-6.56],[81.04,-6.56],[81.11,-6.59],[81.26,-6.59],[81.37,-6.54]],[[85.65,-6.64],[85.65,-6.61],[85.54,-6.59],[85.54,-6.62],[85.54,-6.67],[85.54,-6.71],[85.65,-6.69],[85.65,-6.64]],[[78.34,-7.55],[78.34,-7.5],[78.23,-7.5],[78.23,-7.6],[78.34,-7.6],[78.34,-7.55]],[[78.23,-7.64],[78.2,-7.64],[78.2,-7.6],[78.16,-7.62],[78.16,-7.69],[78.2,-7.69],[78.2,-7.65],[78.23,-7.64]]]}},{"type":"Feature","properties":{"precip":10},"geometry":{"type":"Polygon","coordinates":[[[85.01,3.79],[85.0,3.78],[84.93,3.72],[84.93,3.64],[84.89,3.64],[84.89,3.6],[84.86,3.59],[84.86,3.37],[84.82,3.34],[84.82,3.3],[84.78,3.27],[84.71,3.27],[84.71,3.24],[84.82,3.2],[84.82,3.17],[84.86,3.14],[84.86,3.04],[84.78,3.0],[84.78,2.97],[84.71,2.95],[84.71,2.82],[84.68,2.8],[84.68,2.79],[84.68,2.74],[84.64,2.71],[84.64,2.52],[84.6,2.51],[84.57,2.49],[84.57,2.22],[84.6,2.21],[84.64,2.22],[84.64,2.26],[84.68,2.26],[84.68,2.27],[84.68,2.29],[84.78,2.29],[84.78,2.31],[84.82,2.31],[84.82,2.32],[84.86,2.32],[84.86,2.37],[84.89,2.37],[84.89,2.39],[84.93,2.41],[85.04,2.41],[85.07,2.39],[85.11,2.39],[85.11,2.37],[85.11,2.31],[85.11,2.29],[85.07,2.29],[85.07,2.22],[85.04,2.22],[85.04,2.11],[85.0,2.11],[85.0,2.09],[84.93,2.07],[84.93,1.93],[85.0,1.93],[85.0,1.91],[85.11,1.91],[85.11,1.89],[85.11,1.88],[85.11,1.83],[85.14,1.83],[85.14,1.81],[85.22,1.81],[85.22,1.79],[85.29,1.79],[85.29,1.81],[85.32,1.81],[85.32,1.83],[85.32,1.88],[85.36,1.89],[85.36,1.91],[85.5,1.91],[85.54,1.93],[85.54,1.99],[85.47,1.99],[85.47,2.09],[85.5,2.09],[85.54,2.11],[85.54,2.09],[85.58,2.09],[85.58,2.07],[85.65,2.06],[85.65,1.96],[85.68,1.94],[85.68,1.91],[85.72,1.91],[85.72,1.96],[85.76,1.97],[85.76,2.26],[85.76,2.27],[85.76,2.29],[85.79,2.29],[85.79,2.26],[85.86,2.22],[85.86,2.12],[85.9,2.11],[85.94,2.11],[85.94,2.27],[85.97,2.31],[85.97,2.39],[86.01,2.42],[86.01,2.56],[86.08,2.57],[86.08,2.59],[86.12,2.61],[86.12,2.66],[86.15,2.69],[86.15,3.1],[86.19,3.15],[86.19,3.2],[86.19,3.24],[86.22,3.25],[86.22,3.39],[86.33,3.37],[86.37,3.32],[86.4,3.32],[86.4,3.25],[86.4,3.22],[86.4,2.9],[86.44,2.87],[86.44,2.82],[86.51,2.8],[86.51,2.79],[86.58,2.79],[86.58,2.8],[86.62,2.8],[86.62,2.82],[86.62,2.87],[86.66,2.87],[86.66,2.89],[86.73,2.89],[86.76,2.9],[86.87,2.9],[86.87,2.92],[86.94,2.94],[86.94,3.07],[86.87,3.09],[86.87,3.1],[86.84,3.1],[86.84,3.15],[86.84,3.19],[86.84,3.22],[86.84,3.24],[86.84,3.3],[86.87,3.3],[86.87,3.32],[86.94,3.34],[86.94,3.68],[86.98,3.78],[86.98,3.79],[87.3,3.79],[87.3,3.75],[87.38,3.7],[87.38,3.64],[87.41,3.6],[87.41,3.59],[87.48,3.52],[87.48,3.5],[87.52,3.54],[87.52,3.68],[87.63,3.7],[87.63,3.6],[87.66,3.59],[87.66,3.32],[87.7,3.3],[87.7,3.32],[87.7,3.42],[87.74,3.44],[87.74,3.5],[87.81,3.5],[87.81,3.54],[87.84,3.57],[87.84,3.79],[87.92,3.79],[87.92,3.75],[87.95,3.7],[88.1,3.7],[88.13,3.72],[88.13,3.78],[88.14,3.79],[88.6,3.79],[88.6,3.78],[88.6,3.77],[88.6,3.73],[88.6,3.72],[88.6,3.68],[88.56,3.64],[88.56,3.32],[88.6,3.29],[88.6,3.04],[88.56,3.0],[88.38,3.0],[88.35,2.97],[88.35,2.94],[88.31,2.94],[88.31,2.92],[88.17,2.9],[87.95,2.9],[87.92,2.89],[87.84,2.89],[87.81,2.87],[87.74,2.87],[87.74,2.85],[87.7,2.85],[87.7,2.84],[87.74,2.82],[87.74,2.8],[87.81,2.79],[87.81,2.77],[87.84,2.77],[87.84,2.34],[87.81,2.32],[87.81,2.29],[87.74,2.27],[87.74,2.16],[87.7,2.11],[87.7,1.84],[87.7,1.81],[87.66,1.79],[87.48,1.79],[87.48,1.78],[87.45,1.74],[87.45,1.48],[87.41,1.43],[87.41,1.41],[87.38,1.41],[87.3,1.41],[87.3,1.48],[87.27,1.49],[87.27,1.48],[87.27,1.46],[87.23,1.43],[87.2,1.41],[87.09,1.41],[86.98,1.41],[86.87,1.41],[86.84,1.43],[86.84,1.46],[86.84,1.48],[86.8,1.48],[86.73,1.44],[86.66,1.41],[86.66,1.38],[86.62,1.33],[86.62,1.23],[86.62,1.19],[86.58,1.19],[86.58,1.21],[86.55,1.21],[86.55,1.28],[86.44,1.31],[86.4,1.29],[86.33,1.29],[86.3,1.26],[86.19,1.23],[86.19,1.19],[86.19,1.18],[86.15,1.16],[86.15,1.14],[86.12,1.13],[86.08,1.11],[86.01,1.11],[85.97,1.09],[85.97,1.08],[85.94,1.06],[85.94,1.01],[85.9,1.01],[85.86,1.03],[85.86,1.05],[85.79,1.06],[85.79,1.09],[85.76,1.13],[85.76,1.14],[85.76,1.19],[85.76,1.66],[85.72,1.69],[85.72,1.79],[85.68,1.79],[85.68,1.78],[85.65,1.76],[85.65,1.63],[85.58,1.63],[85.58,1.61],[85.54,1.59],[85.54,1.53],[85.54,1.49],[85.54,1.36],[85.5,1.28],[85.5,1.19],[85.43,1.13],[85.36,1.09],[85.32,1.05],[85.29,1.01],[85.22,1.0],[85.14,1.0],[85.14,0.98],[85.11,0.96],[85.11,0.9],[85.07,0.9],[85.07,0.96],[85.04,0.98],[85.04,1.09],[84.93,1.13],[84.93,1.24],[84.89,1.26],[84.89,1.29],[84.89,1.31],[84.86,1.31],[84.86,1.38],[84.89,1.41],[85.0,1.41],[85.0,1.39],[85.04,1.39],[85.04,1.34],[85.07,1.33],[85.07,1.31],[85.11,1.31],[85.11,1.34],[85.11,1.56],[85.07,1.63],[85.07,1.64],[85.04,1.64],[85.04,1.66],[85.07,1.68],[85.11,1.71],[85.11,1.78],[85.11,1.79],[85.04,1.79],[84.93,1.83],[84.93,1.84],[84.89,1.86],[84.89,1.89],[84.86,1.88],[84.86,1.83],[84.82,1.81],[84.82,1.79],[84.78,1.81],[84.78,1.83],[84.71,1.84],[84.71,1.86],[84.68,1.88],[84.64,1.84],[84.6,1.83],[84.57,1.78],[84.57,1.76],[84.46,1.69],[84.46,1.68],[84.46,1.66],[84.46,1.58],[84.42,1.53],[84.39,1.49],[84.39,1.46],[84.35,1.43],[84.24,1.41],[84.21,1.41],[84.17,1.39],[84.17,1.38],[84.14,1.36],[84.14,1.34],[84.17,1.33],[84.17,1.31],[84.24,1.31],[84.24,1.29],[84.28,1.28],[84.35,1.24],[84.35,1.13],[84.28,1.11],[84.24,1.09],[84.24,1.08],[84.24,1.06],[84.24,1.05],[84.24,1.01],[84.39,0.91],[84.42,0.9],[84.42,0.91],[84.46,0.95],[84.46,1.16],[84.46,1.18],[84.46,1.19],[84.6,1.19],[84.6,1.21],[84.64,1.23],[84.64,1.34],[84.68,1.36],[84.68,1.41],[84.68,1.36],[84.71,1.33],[84.71,0.95],[84.68,0.91],[84.68,0.9],[84.6,0.9],[84.6,0.88],[84.57,0.86],[84.57,0.78],[84.5,0.76],[84.5,0.71],[84.46,0.7],[84.46,0.71],[84.46,0.78],[84.39,0.81],[84.39,0.8],[84.35,0.78],[84.35,0.66],[84.39,0.63],[84.39,0.6],[84.42,0.58],[84.46,0.56],[84.42,0.55],[84.42,0.51],[84.35,0.45],[84.24,0.4],[84.21,0.4],[84.17,0.41],[84.17,0.43],[84.14,0.46],[84.14,0.5],[84.06,0.5],[84.03,0.48],[84.03,0.45],[83.99,0.4],[83.99,0.35],[83.96,0.3],[83.96,0.17],[83.99,0.13],[83.99,0.1],[84.03,0.08],[84.03,0.07],[84.03,0.05],[84.06,0.02],[84.14,-0.02],[84.14,-0.17],[84.03,-0.23],[84.03,-0.25],[83.99,-0.28],[83.99,-0.27],[83.96,-0.27],[83.96,-0.25],[83.85,-0.2],[83.85,-0.17],[83.81,-0.12],[83.81,-0.05],[83.85,-0.02],[83.85,-0.0],[83.92,0.02],[83.92,0.08],[83.81,0.18],[83.78,0.2],[83.7,0.2],[83.7,0.22],[83.63,0.22],[83.63,0.25],[83.6,0.26],[83.6,0.28],[83.6,0.3],[83.56,0.3],[83.52,0.31],[83.38,0.31],[83.38,0.33],[83.34,0.36],[83.34,0.58],[83.27,0.6],[83.16,0.6],[83.16,0.61],[83.16,0.63],[83.16,0.86],[83.2,0.9],[83.31,0.9],[83.31,0.93],[83.34,0.93],[83.34,1.05],[83.38,1.06],[83.38,1.09],[83.38,1.11],[83.49,1.11],[83.49,1.09],[83.52,1.09],[83.52,1.08],[83.56,1.08],[83.56,1.03],[83.6,1.0],[83.7,1.0],[83.7,1.01],[83.74,1.01],[83.74,1.08],[83.6,1.16],[83.56,1.19],[83.49,1.19],[83.49,1.21],[83.42,1.21],[83.42,1.28],[83.38,1.29],[83.34,1.29],[83.34,1.31],[83.27,1.31],[83.27,1.33],[83.2,1.34],[83.2,1.36],[83.27,1.38],[83.27,1.39],[83.31,1.39],[83.31,1.41],[83.38,1.41],[83.42,1.44],[83.42,1.86],[83.49,1.88],[83.49,1.89],[83.52,1.91],[83.6,1.91],[83.6,1.93],[83.6,1.94],[83.63,1.96],[83.6,1.96],[83.6,1.97],[83.6,1.99],[83.52,1.99],[83.42,2.02],[83.42,2.09],[83.49,2.09],[83.49,2.11],[83.52,2.11],[83.56,2.14],[83.56,2.24],[83.52,2.31],[83.52,2.36],[83.49,2.42],[83.42,2.46],[83.38,2.47],[83.38,2.51],[83.38,2.52],[83.38,2.61],[83.34,2.67],[83.34,3.05],[83.31,3.07],[83.31,3.1],[83.27,3.1],[83.27,3.15],[83.2,3.19],[83.2,3.3],[83.16,3.3],[83.16,3.15],[83.13,3.14],[83.13,3.1],[83.09,3.09],[83.09,3.1],[83.06,3.12],[83.06,3.27],[83.13,3.32],[83.13,3.34],[83.16,3.37],[83.31,3.4],[83.34,3.42],[83.34,3.57],[83.42,3.6],[83.42,3.67],[83.38,3.7],[83.31,3.7],[83.2,3.73],[83.28,3.79],[85.01,3.79]],[[83.74,3.65],[83.74,3.68],[83.63,3.7],[83.63,3.6],[83.7,3.6],[83.74,3.6],[83.74,3.65]],[[87.52,2.95],[87.52,3.04],[87.48,3.05],[87.48,3.09],[87.48,3.05],[87.45,3.04],[87.45,2.87],[87.48,2.84],[87.48,2.79],[87.48,2.84],[87.52,2.87],[87.52,2.95]],[[85.25,1.66],[85.25,1.68],[85.22,1.68],[85.22,1.69],[85.14,1.69],[85.14,1.68],[85.11,1.68],[85.11,1.63],[85.14,1.63],[85.14,1.61],[85.22,1.61],[85.25,1.63],[85.25,1.66]],[[87.05,1.54],[87.05,1.59],[87.02,1.59],[87.02,1.61],[86.98,1.61],[86.98,1.59],[86.94,1.58],[86.94,1.53],[86.98,1.51],[86.98,1.49],[87.02,1.49],[87.02,1.51],[87.05,1.51],[87.05,1.54]],[[83.74,1.24],[83.74,1.29],[83.63,1.29],[83.63,1.19],[83.7,1.19],[83.74,1.21],[83.74,1.24]],[[84.24,0.93],[84.24,0.96],[84.17,1.0],[84.06,1.0],[84.03,0.96],[84.03,0.85],[84.06,0.83],[84.06,0.81],[84.28,0.81],[84.35,0.83],[84.35,0.86],[84.28,0.88],[84.24,0.93]]]}},{"type":"Feature","properties":{"precip":10},"geometry":{"type":"Polygon","coordinates":[[[9.95,3.79],[9.95,3.73],[9.99,3.7],[10.02,3.7],[10.02,3.65],[10.06,3.64],[10.06,3.57],[10.02,3.55],[10.02,3.52],[9.99,3.5],[9.92,3.5],[9.84,3.44],[9.84,3.32],[9.77,3.3],[9.77,3.34],[9.74,3.35],[9.74,3.5],[9.66,3.49],[9.66,3.2],[9.63,3.15],[9.63,3.02],[9.56,2.99],[9.56,2.85],[9.52,2.84],[9.52,2.8],[9.48,2.8],[9.48,2.79],[9.41,2.79],[9.41,2.8],[9.38,2.8],[9.38,2.82],[9.34,2.82],[9.34,2.87],[9.3,2.87],[9.3,2.89],[9.23,2.89],[9.2,2.9],[9.02,2.9],[9.02,2.92],[8.98,2.94],[8.95,2.97],[8.95,3.35],[8.91,3.37],[8.91,3.4],[8.87,3.4],[8.87,3.35],[8.84,3.34],[8.84,3.2],[8.77,3.2],[8.77,3.32],[8.73,3.34],[8.73,3.39],[8.69,3.4],[8.66,3.39],[8.66,3.32],[8.62,3.3],[8.59,3.3],[8.59,3.32],[8.55,3.34],[8.55,3.55],[8.59,3.57],[8.59,3.6],[8.66,3.6],[8.73,3.62],[8.73,3.72],[8.77,3.77],[8.77,3.79],[9.95,3.79]],[[9.45,3.09],[9.45,3.17],[9.38,3.2],[9.38,3.15],[9.34,3.14],[9.34,3.05],[9.38,3.05],[9.38,3.0],[9.41,3.0],[9.41,3.02],[9.45,3.04],[9.45,3.09]]]}},{"type":"Feature","properties":{"precip":10},"geometry":{"type":"Polygon","coordinates":[[[99.14,3.79],[99.14,3.02],[99.11,3.0],[99.07,3.0],[99.07,3.1],[99.04,3.15],[99.04,3.49],[98.93,3.5],[98.82,3.55],[98.82,3.6],[98.75,3.6],[98.75,3.57],[98.71,3.52],[98.64,3.5],[98.53,3.5],[98.46,3.55],[98.46,3.62],[98.53,3.72],[98.53,3.78],[98.55,3.79],[99.14,3.79]]]}},{"type":"Feature","properties":{"precip":10},"geometry":{"type":"Polygon","coordinates":[[[24.4,3.79],[24.35,3.77],[24.35,3.73],[24.28,3.7],[24.13,3.7],[24.06,3.73],[24.06,3.79],[24.4,3.79]]]}},{"type":"Feature","properties":{"precip":10},"geometry":{"type":"Polygon","coordinates":[[[22.71,3.79],[22.77,3.73],[22.84,3.7],[22.91,3.7],[22.95,3.67],[22.95,3.62],[22.87,3.6],[22.8,3.6],[22.77,3.59],[22.77,3.5],[22.84,3.47],[22.84,3.42],[22.77,3.39],[22.77,3.25],[22.73,3.24],[22.73,3.2],[22.66,3.24],[22.62,3.27],[22.55,3.34],[22.55,3.35],[22.48,3.37],[22.48,3.35],[22.41,3.32],[22.37,3.29],[22.3,3.2],[22.23,3.1],[22.15,3.07],[22.12,3.05],[22.01,3.0],[21.94,3.0],[21.9,3.02],[21.87,3.02],[21.87,3.05],[21.83,3.05],[21.83,3.09],[21.76,3.09],[21.69,3.1],[21.69,3.12],[21.65,3.14],[21.65,3.27],[21.72,3.3],[21.72,3.32],[21.76,3.34],[21.76,3.45],[21.72,3.47],[21.72,3.5],[21.65,3.52],[21.65,3.64],[21.61,3.65],[21.61,3.68],[21.51,3.78],[21.48,3.79],[21.27,3.79],[21.26,3.78],[21.26,3.73],[21.18,3.7],[21.08,3.7],[20.97,3.67],[20.97,3.52],[21.0,3.5],[21.04,3.52],[21.04,3.57],[21.08,3.6],[21.15,3.57],[21.15,3.32],[21.08,3.3],[21.0,3.3],[20.97,3.27],[20.93,3.25],[20.93,3.22],[20.9,3.22],[20.86,3.24],[20.79,3.3],[20.79,3.32],[20.75,3.37],[20.75,3.45],[20.72,3.5],[20.64,3.5],[20.61,3.49],[20.5,3.39],[20.46,3.34],[20.46,3.14],[20.5,3.1],[20.5,3.09],[20.54,3.07],[20.54,3.02],[20.43,2.92],[20.36,2.9],[20.32,2.9],[20.28,2.89],[20.28,2.87],[20.25,2.85],[20.25,2.74],[20.21,2.72],[20.18,2.72],[20.14,2.71],[19.92,2.71],[19.89,2.69],[19.85,2.66],[19.85,2.46],[19.89,2.42],[19.89,2.41],[19.92,2.41],[19.92,2.44],[19.96,2.46],[19.96,2.57],[20.0,2.59],[20.03,2.59],[20.07,2.61],[20.07,2.59],[20.14,2.59],[20.14,2.51],[20.1,2.51],[20.07,2.51],[20.07,2.42],[20.1,2.41],[20.18,2.41],[20.18,2.39],[20.21,2.39],[20.21,2.37],[20.25,2.37],[20.25,2.27],[20.28,2.24],[20.28,2.21],[20.36,2.14],[20.39,2.12],[20.46,2.11],[20.5,2.11],[20.54,2.09],[20.61,2.07],[20.64,2.06],[20.68,2.02],[20.72,1.97],[20.72,1.94],[20.75,1.89],[20.75,1.74],[20.79,1.71],[20.79,1.69],[20.82,1.69],[20.82,1.71],[20.86,1.73],[20.86,1.78],[20.9,1.79],[20.93,1.79],[20.93,1.73],[20.9,1.71],[20.9,1.68],[20.82,1.63],[20.75,1.53],[20.75,1.43],[20.79,1.41],[20.82,1.41],[20.82,1.38],[20.86,1.36],[20.86,1.24],[20.82,1.23],[20.82,1.19],[20.79,1.19],[20.79,1.16],[20.75,1.13],[20.75,0.86],[20.72,0.85],[20.72,0.81],[20.64,0.81],[20.64,0.8],[20.61,0.8],[20.57,0.78],[20.57,0.75],[20.54,0.73],[20.54,0.68],[20.57,0.65],[20.57,0.61],[20.61,0.61],[20.61,0.6],[20.72,0.6],[20.72,0.61],[20.75,0.61],[20.75,0.68],[20.79,0.68],[20.79,0.7],[20.9,0.7],[20.9,0.71],[20.93,0.71],[20.93,0.75],[20.97,0.75],[20.97,0.8],[21.0,0.8],[21.0,0.81],[21.04,0.8],[21.04,0.53],[21.0,0.45],[20.97,0.38],[20.93,0.33],[20.9,0.31],[20.9,0.28],[20.86,0.26],[20.86,0.23],[20.9,0.22],[20.9,0.2],[20.93,0.18],[20.93,0.13],[20.97,0.12],[20.97,0.02],[21.0,0.02],[21.0,-0.0],[21.04,-0.0],[21.04,-0.08],[21.0,-0.08],[21.0,-0.1],[20.9,-0.1],[20.9,-0.08],[20.86,-0.07],[20.86,0.05],[20.82,0.07],[20.82,0.1],[20.79,0.1],[20.79,0.08],[20.75,0.08],[20.75,0.03],[20.68,-0.0],[20.64,0.02],[20.61,0.02],[20.5,0.1],[20.5,0.12],[20.46,0.13],[20.46,0.15],[20.39,0.18],[20.39,0.2],[20.32,0.2],[20.28,0.22],[20.28,0.23],[20.25,0.23],[20.25,0.26],[20.32,0.3],[20.36,0.3],[20.43,0.31],[20.57,0.31],[20.64,0.33],[20.64,0.38],[20.61,0.41],[20.54,0.45],[20.54,0.46],[20.5,0.48],[20.5,0.51],[20.46,0.53],[20.46,0.63],[20.43,0.65],[20.43,0.68],[20.39,0.7],[20.32,0.7],[20.28,0.71],[20.28,0.73],[20.25,0.73],[20.25,0.78],[20.28,0.78],[20.28,0.8],[20.32,0.8],[20.36,0.81],[20.43,0.81],[20.43,0.85],[20.46,0.85],[20.46,0.86],[20.43,0.86],[20.43,0.88],[20.39,0.88],[20.36,0.9],[20.21,0.9],[20.21,0.91],[20.18,0.91],[20.18,0.93],[20.14,0.93],[20.14,0.98],[20.1,1.0],[20.0,1.0],[20.0,0.98],[19.96,0.98],[19.96,0.86],[19.92,0.85],[19.92,0.81],[19.85,0.81],[19.82,0.8],[19.78,0.8],[19.78,0.76],[19.74,0.76],[19.74,0.63],[19.64,0.55],[19.6,0.53],[19.6,0.51],[19.56,0.53],[19.56,0.58],[19.6,0.58],[19.6,0.6],[19.64,0.61],[19.64,0.86],[19.56,0.9],[19.53,0.9],[19.46,0.93],[19.46,0.95],[19.42,0.96],[19.42,1.0],[19.38,1.0],[19.38,0.96],[19.35,0.95],[19.35,0.93],[19.31,0.91],[19.31,0.9],[19.28,0.9],[19.28,0.93],[19.24,0.95],[19.24,0.96],[19.2,0.98],[19.2,1.0],[19.17,1.0],[19.17,0.96],[19.13,0.91],[19.13,0.9],[19.1,0.9],[19.1,0.91],[19.06,0.93],[19.06,1.28],[19.1,1.29],[19.2,1.29],[19.24,1.31],[19.31,1.31],[19.35,1.34],[19.35,1.68],[19.28,1.81],[19.28,1.84],[19.24,1.88],[19.17,1.89],[19.13,1.91],[19.1,1.91],[19.06,1.93],[19.06,1.96],[19.02,1.97],[19.02,1.99],[18.92,1.99],[18.77,1.96],[18.66,1.88],[18.66,1.86],[18.56,1.81],[18.52,1.81],[18.48,1.79],[18.38,1.79],[18.34,1.81],[18.3,1.81],[18.3,1.83],[18.27,1.83],[18.27,1.97],[18.3,1.97],[18.3,1.99],[18.38,1.99],[18.45,2.02],[18.45,2.07],[18.48,2.07],[18.48,2.09],[18.52,2.09],[18.52,2.11],[18.63,2.11],[18.63,2.16],[18.66,2.17],[18.66,2.27],[18.7,2.29],[18.7,2.31],[18.74,2.32],[18.74,2.39],[18.7,2.41],[18.7,2.42],[18.66,2.44],[18.66,2.49],[18.7,2.49],[18.74,2.51],[18.74,2.57],[18.7,2.59],[18.66,2.59],[18.59,2.61],[18.52,2.61],[18.48,2.62],[18.48,2.64],[18.45,2.66],[18.45,2.76],[18.48,2.77],[18.48,2.79],[18.52,2.79],[18.52,2.8],[18.56,2.82],[18.56,2.85],[18.48,2.89],[18.41,2.89],[18.38,2.9],[18.3,2.9],[18.27,2.89],[18.2,2.89],[18.2,2.87],[18.16,2.87],[18.16,2.84],[18.12,2.82],[18.12,2.8],[18.05,2.8],[18.02,2.79],[17.91,2.79],[17.87,2.77],[17.87,2.76],[17.84,2.74],[17.84,2.61],[17.8,2.61],[17.8,2.59],[17.76,2.57],[17.76,2.36],[17.73,2.29],[17.73,2.22],[17.69,2.19],[17.62,2.12],[17.58,2.11],[17.51,2.11],[17.51,2.09],[17.48,2.09],[17.48,2.07],[17.44,2.06],[17.44,2.02],[17.4,2.01],[17.37,2.02],[17.37,2.04],[17.33,2.06],[17.3,2.09],[17.15,2.09],[17.12,2.07],[17.04,2.06],[17.01,2.02],[17.01,1.99],[16.97,1.97],[16.97,1.93],[17.01,1.91],[17.01,1.88],[17.04,1.86],[17.04,1.84],[17.08,1.84],[17.15,1.81],[17.19,1.81],[17.22,1.79],[17.3,1.79],[17.3,1.78],[17.33,1.78],[17.33,1.76],[17.37,1.74],[17.37,1.71],[17.4,1.71],[17.4,1.69],[17.48,1.69],[17.55,1.68],[17.55,1.66],[17.58,1.64],[17.58,1.61],[17.62,1.61],[17.62,1.64],[17.66,1.68],[17.66,1.69],[17.73,1.69],[17.73,1.66],[17.76,1.61],[17.76,1.43],[17.8,1.41],[17.8,1.39],[17.84,1.38],[17.84,1.36],[17.91,1.31],[17.94,1.26],[17.94,1.14],[17.91,1.13],[17.87,1.11],[17.76,1.11],[17.76,1.09],[17.69,1.09],[17.69,1.08],[17.66,1.06],[17.66,1.05],[17.62,1.03],[17.58,1.03],[17.58,1.05],[17.51,1.08],[17.48,1.11],[17.44,1.14],[17.37,1.21],[17.37,1.24],[17.3,1.28],[17.26,1.28],[17.26,1.24],[17.19,1.21],[17.15,1.21],[17.15,1.19],[17.01,1.19],[16.94,1.18],[16.86,1.14],[16.76,1.06],[16.76,1.03],[16.83,1.0],[16.83,0.95],[16.86,0.93],[16.86,0.81],[16.9,0.81],[16.9,0.8],[16.94,0.78],[16.94,0.71],[16.9,0.7],[16.9,0.68],[16.86,0.66],[16.86,0.65],[16.83,0.63],[16.83,0.61],[16.76,0.61],[16.76,0.66],[16.79,0.68],[16.79,0.7],[16.83,0.7],[16.83,0.73],[16.86,0.73],[16.86,0.76],[16.83,0.78],[16.83,0.8],[16.72,0.8],[16.65,0.76],[16.65,0.73],[16.58,0.73],[16.58,0.75],[16.36,0.93],[16.32,0.95],[16.29,0.98],[16.25,0.98],[16.22,1.0],[16.14,1.01],[16.11,1.03],[16.04,1.05],[16.0,1.09],[16.0,1.13],[15.96,1.18],[15.96,1.39],[15.93,1.41],[15.93,1.49],[15.89,1.49],[15.89,1.51],[15.86,1.51],[15.86,1.68],[15.89,1.69],[15.93,1.69],[15.93,1.71],[15.96,1.73],[15.96,1.76],[15.93,1.76],[15.93,1.79],[15.86,1.79],[15.86,1.81],[15.78,1.84],[15.75,1.88],[15.71,1.89],[15.64,1.96],[15.64,1.97],[15.68,1.97],[15.68,1.99],[15.71,1.99],[15.78,2.01],[15.86,2.04],[15.93,2.14],[16.0,2.21],[16.04,2.27],[16.04,2.46],[16.07,2.51],[16.07,2.59],[16.14,2.59],[16.14,2.54],[16.18,2.52],[16.18,2.51],[16.22,2.51],[16.25,2.51],[16.36,2.51],[16.43,2.52],[16.43,2.54],[16.47,2.54],[16.47,2.59],[16.54,2.59],[16.54,2.61],[16.61,2.61],[16.65,2.62],[16.65,2.67],[16.68,2.69],[16.72,2.69],[16.72,2.71],[16.79,2.71],[16.9,2.76],[17.01,2.8],[17.15,2.94],[17.22,3.09],[17.26,3.15],[17.26,3.25],[17.3,3.3],[17.37,3.35],[17.48,3.39],[17.51,3.4],[17.58,3.39],[17.62,3.39],[17.62,3.35],[17.66,3.34],[17.66,3.25],[17.69,3.22],[17.76,3.2],[18.16,3.2],[18.3,3.17],[18.34,3.15],[18.38,3.1],[18.45,3.05],[18.48,3.0],[18.59,2.92],[18.66,2.82],[18.7,2.8],[18.74,2.8],[18.74,2.92],[18.77,2.94],[18.77,2.99],[18.81,3.0],[18.84,3.0],[18.95,3.05],[19.02,3.1],[19.02,3.19],[18.99,3.19],[18.99,3.22],[18.95,3.24],[18.95,3.37],[18.99,3.37],[19.06,3.4],[19.17,3.4],[19.24,3.42],[19.24,3.45],[19.31,3.5],[19.38,3.5],[19.46,3.55],[19.46,3.6],[19.42,3.65],[19.42,3.68],[19.38,3.73],[19.26,3.79],[18.51,3.79],[18.48,3.78],[18.45,3.73],[18.38,3.68],[18.38,3.65],[18.3,3.62],[18.27,3.62],[18.23,3.65],[18.23,3.68],[18.16,3.67],[18.16,3.64],[18.12,3.64],[18.05,3.6],[17.94,3.6],[17.84,3.6],[17.66,3.6],[17.58,3.6],[17.44,3.6],[17.37,3.64],[17.33,3.64],[17.33,3.68],[17.22,3.64],[17.22,3.6],[17.19,3.59],[17.12,3.54],[17.08,3.52],[16.97,3.5],[16.72,3.5],[16.68,3.52],[16.61,3.52],[16.54,3.55],[16.54,3.59],[16.4,3.6],[16.36,3.62],[16.36,3.78],[16.37,3.79],[16.53,3.79],[16.54,3.78],[16.54,3.65],[16.58,3.64],[16.58,3.6],[16.65,3.6],[16.72,3.6],[16.76,3.65],[16.76,3.79],[22.71,3.79]],[[22.77,3.45],[22.73,3.47],[22.73,3.5],[22.66,3.49],[22.66,3.4],[22.73,3.4],[22.73,3.44],[22.77,3.45]],[[20.75,0.25],[20.75,0.3],[20.72,0.3],[20.72,0.31],[20.68,0.31],[20.68,0.3],[20.64,0.28],[20.64,0.23],[20.68,0.22],[20.68,0.2],[20.72,0.2],[20.72,0.22],[20.75,0.22],[20.75,0.25]]]}},{"type":"Feature","properties":{"precip":10},"geometry":{"type":"Polygon","coordinates":[[[96.81,3.79],[96.81,3.72],[96.77,3.7],[96.77,3.73],[96.71,3.79],[96.69,3.79],[96.66,3.75],[96.59,3.73],[96.59,3.7],[96.55,3.73],[96.55,3.77],[96.52,3.77],[96.47,3.79],[96.09,3.79],[96.16,3.7],[96.23,3.68],[96.23,3.65],[96.27,3.62],[96.16,3.6],[96.09,3.6],[96.09,3.59],[96.01,3.52],[95.94,3.52],[95.91,3.5],[95.69,3.5],[95.65,3.49],[95.58,3.49],[95.51,3.45],[95.51,3.42],[95.51,3.4],[95.4,3.4],[95.37,3.42],[95.37,3.45],[95.26,3.5],[95.08,3.5],[95.08,3.52],[95.08,3.57],[95.04,3.6],[95.04,3.79],[96.81,3.79]]]}},{"type":"Feature","properties":{"precip":10},"geometry":{"type":"Polygon","coordinates":[[[58.33,3.79],[58.33,3.77],[58.36,3.77],[58.36,3.72],[58.4,3.7],[58.47,3.7],[58.54,3.73],[58.58,3.77],[58.58,3.79],[58.6,3.79],[58.65,3.77],[58.65,3.73],[58.69,3.7],[58.72,3.7],[58.72,3.73],[58.78,3.79],[58.82,3.79],[58.83,3.78],[58.83,3.73],[58.87,3.7],[58.87,3.62],[58.94,3.6],[59.01,3.6],[59.08,3.6],[59.16,3.64],[59.16,3.67],[59.23,3.68],[59.23,3.65],[59.26,3.64],[59.34,3.55],[59.34,3.32],[59.26,3.29],[59.26,2.94],[59.3,2.92],[59.3,2.9],[59.37,2.9],[59.37,2.89],[59.41,2.89],[59.44,2.87],[59.44,2.82],[59.48,2.82],[59.48,2.8],[59.52,2.8],[59.52,2.79],[59.62,2.79],[59.62,2.77],[59.66,2.77],[59.66,2.72],[59.7,2.72],[59.7,2.71],[59.8,2.71],[59.8,2.72],[59.84,2.74],[59.84,2.84],[59.88,2.85],[59.88,2.9],[59.91,2.9],[59.91,2.89],[59.95,2.89],[59.95,2.84],[60.02,2.8],[60.09,2.8],[60.16,2.79],[60.34,2.79],[60.38,2.77],[60.42,2.77],[60.45,2.77],[60.45,2.74],[60.49,2.74],[60.49,2.72],[60.52,2.72],[60.6,2.71],[60.92,2.71],[60.96,2.72],[60.99,2.72],[61.06,2.76],[61.06,2.77],[61.14,2.79],[61.32,2.79],[61.35,2.8],[61.39,2.8],[61.46,2.84],[61.46,2.99],[61.53,3.02],[61.53,3.09],[61.57,3.12],[61.57,3.29],[61.6,3.3],[61.64,3.32],[61.64,3.55],[61.71,3.6],[61.71,3.59],[61.78,3.52],[61.82,3.5],[61.82,3.47],[61.86,3.44],[61.82,3.4],[61.78,3.4],[61.78,3.37],[61.75,3.35],[61.75,3.24],[61.71,3.2],[61.68,3.2],[61.68,3.14],[61.64,3.1],[61.64,2.97],[61.68,2.94],[61.68,2.92],[61.71,2.9],[61.96,2.9],[62.04,2.94],[62.04,2.97],[62.07,2.97],[62.07,2.99],[62.11,3.0],[62.18,3.0],[62.22,2.99],[62.22,2.97],[62.25,2.97],[62.25,2.82],[62.29,2.8],[62.29,2.79],[62.32,2.79],[62.32,2.77],[62.36,2.76],[62.36,2.64],[62.4,2.62],[62.4,2.61],[62.5,2.61],[62.54,2.59],[62.61,2.59],[62.61,2.57],[62.65,2.56],[62.65,2.44],[62.61,2.42],[62.61,2.41],[62.47,2.41],[62.43,2.39],[62.4,2.39],[62.4,2.37],[62.36,2.37],[62.36,2.22],[62.4,2.22],[62.4,2.21],[62.5,2.21],[62.5,2.19],[62.54,2.19],[62.54,2.14],[62.58,2.12],[62.58,2.11],[62.61,2.11],[62.61,2.12],[62.65,2.12],[62.65,2.26],[62.68,2.27],[62.68,2.29],[62.72,2.29],[62.72,2.32],[62.76,2.34],[62.76,2.47],[62.79,2.49],[62.79,2.51],[62.83,2.51],[62.83,2.54],[62.86,2.54],[62.86,2.56],[62.83,2.56],[62.83,2.57],[62.79,2.59],[62.76,2.62],[62.76,2.67],[62.83,2.71],[62.9,2.71],[62.9,2.69],[62.94,2.69],[62.94,2.64],[62.97,2.64],[62.97,2.61],[63.01,2.61],[63.04,2.62],[63.04,2.76],[63.08,2.77],[63.12,2.79],[63.22,2.79],[63.26,2.8],[63.3,2.8],[63.33,2.82],[63.33,2.84],[63.37,2.85],[63.37,2.89],[63.4,2.89],[63.44,2.9],[63.48,2.9],[63.48,2.89],[63.51,2.89],[63.55,2.87],[63.55,2.82],[63.62,2.79],[63.66,2.79],[63.73,2.77],[63.76,2.74],[63.8,2.69],[63.84,2.66],[63.84,2.56],[63.87,2.54],[63.87,2.51],[63.91,2.51],[63.98,2.51],[64.02,2.49],[64.12,2.39],[64.12,2.36],[64.16,2.31],[64.16,2.22],[64.23,2.21],[64.34,2.21],[64.38,2.19],[64.41,2.19],[64.41,2.17],[64.45,2.17],[64.45,2.16],[64.48,2.14],[64.48,2.11],[64.52,2.11],[64.52,2.14],[64.56,2.16],[64.56,2.17],[64.59,2.19],[64.59,2.21],[64.63,2.21],[64.63,2.17],[64.66,2.14],[64.74,2.11],[64.92,2.11],[64.95,2.12],[64.95,2.17],[65.02,2.19],[65.06,2.21],[65.24,2.21],[65.28,2.19],[65.35,2.17],[65.38,2.14],[65.38,2.11],[65.42,2.11],[65.42,2.14],[65.46,2.17],[65.46,2.19],[65.49,2.21],[65.53,2.19],[65.53,2.17],[65.56,2.16],[65.56,2.04],[65.6,1.99],[65.67,1.94],[65.71,1.93],[65.78,1.91],[65.89,1.91],[65.89,1.89],[65.92,1.89],[65.92,1.88],[65.96,1.86],[65.96,1.84],[65.92,1.83],[65.92,1.81],[65.85,1.81],[65.82,1.79],[65.71,1.79],[65.71,1.78],[65.67,1.78],[65.67,1.76],[65.64,1.74],[65.67,1.74],[65.67,1.71],[65.71,1.71],[65.74,1.69],[65.85,1.69],[65.89,1.68],[65.92,1.68],[65.96,1.66],[65.96,1.64],[66.0,1.64],[66.03,1.63],[66.07,1.63],[66.14,1.61],[66.39,1.61],[66.54,1.59],[66.64,1.59],[66.75,1.58],[66.82,1.56],[66.9,1.53],[66.93,1.48],[66.93,1.43],[66.97,1.39],[66.93,1.36],[66.93,1.33],[66.9,1.31],[66.75,1.31],[66.64,1.29],[66.39,1.29],[66.39,1.28],[66.36,1.28],[66.36,1.24],[66.39,1.21],[66.39,1.19],[66.46,1.13],[66.54,1.11],[66.57,1.11],[66.64,1.08],[66.64,0.95],[66.61,0.9],[66.54,0.85],[66.54,0.83],[66.5,0.83],[66.5,0.81],[66.46,0.83],[66.46,0.86],[66.39,0.88],[66.36,0.86],[66.32,0.85],[66.28,0.8],[66.28,0.75],[66.25,0.68],[66.25,0.55],[66.21,0.53],[66.21,0.5],[66.18,0.5],[66.18,0.46],[66.14,0.43],[66.14,0.36],[66.18,0.35],[66.18,0.31],[66.21,0.31],[66.39,0.31],[66.43,0.31],[66.43,0.33],[66.46,0.33],[66.46,0.38],[66.5,0.38],[66.5,0.4],[66.61,0.4],[66.61,0.38],[66.64,0.36],[66.64,0.25],[66.68,0.23],[66.68,0.22],[66.72,0.22],[66.75,0.2],[66.93,0.2],[66.97,0.22],[67.0,0.22],[67.0,0.23],[67.04,0.23],[67.04,0.28],[67.08,0.28],[67.08,0.31],[67.11,0.31],[67.11,0.3],[67.15,0.26],[67.15,-0.05],[67.11,-0.07],[67.11,-0.08],[67.08,-0.1],[66.86,-0.1],[66.82,-0.12],[66.79,-0.12],[66.79,-0.13],[66.75,-0.15],[66.75,-0.27],[66.72,-0.28],[66.72,-0.3],[66.68,-0.3],[66.68,-0.28],[66.64,-0.27],[66.64,-0.23],[66.61,-0.22],[66.57,-0.23],[66.54,-0.25],[66.54,-0.28],[66.5,-0.28],[66.46,-0.27],[66.46,-0.23],[66.43,-0.23],[66.39,-0.22],[66.28,-0.22],[66.25,-0.2],[66.14,-0.2],[66.07,-0.22],[66.03,-0.22],[66.0,-0.23],[65.96,-0.23],[65.96,-0.38],[66.0,-0.4],[66.03,-0.4],[66.03,-0.37],[66.07,-0.37],[66.07,-0.3],[66.1,-0.3],[66.14,-0.32],[66.14,-0.48],[66.07,-0.52],[66.03,-0.52],[65.92,-0.55],[65.92,-0.57],[65.89,-0.6],[65.89,-0.66],[65.85,-0.71],[65.85,-0.86],[65.89,-0.88],[65.89,-0.9],[65.92,-0.9],[65.92,-0.93],[65.96,-0.95],[65.96,-1.08],[66.0,-1.08],[66.0,-1.1],[66.03,-1.1],[66.03,-1.06],[66.07,-1.05],[66.07,-1.01],[66.14,-1.01],[66.14,-1.06],[66.18,-1.11],[66.18,-1.16],[66.25,-1.26],[66.39,-1.38],[66.43,-1.4],[66.43,-1.38],[66.46,-1.36],[66.46,-1.23],[66.57,-1.13],[66.72,-1.1],[66.86,-1.1],[66.86,-1.08],[66.9,-1.08],[66.93,-1.06],[66.93,-1.05],[66.97,-1.05],[66.97,-1.01],[67.0,-1.01],[67.04,-1.0],[67.08,-1.0],[67.15,-0.96],[67.22,-0.9],[67.22,-0.85],[67.26,-0.81],[67.26,-0.73],[67.29,-0.71],[67.29,-0.68],[67.33,-0.68],[67.33,-0.66],[67.36,-0.66],[67.36,-0.65],[67.33,-0.63],[67.33,-0.61],[67.29,-0.58],[67.26,-0.53],[67.26,-0.25],[67.29,-0.22],[67.29,-0.2],[67.33,-0.22],[67.33,-0.23],[67.36,-0.23],[67.36,-0.27],[67.4,-0.28],[67.44,-0.27],[67.44,-0.25],[67.51,-0.23],[67.65,-0.2],[67.72,-0.2],[67.8,-0.22],[67.83,-0.23],[67.87,-0.25],[67.87,-0.28],[67.9,-0.28],[67.9,-0.3],[67.98,-0.3],[68.05,-0.27],[68.05,-0.23],[68.08,-0.23],[68.08,-0.22],[68.12,-0.22],[68.12,-0.2],[68.19,-0.2],[68.19,-0.22],[68.23,-0.22],[68.23,-0.23],[68.26,-0.25],[68.26,-0.38],[68.3,-0.38],[68.3,-0.4],[68.41,-0.4],[68.41,-0.42],[68.44,-0.43],[68.44,-0.48],[68.41,-0.5],[68.37,-0.5],[68.34,-0.52],[68.26,-0.52],[68.26,-0.55],[68.23,-0.57],[68.23,-0.58],[68.16,-0.58],[68.12,-0.6],[67.94,-0.6],[67.87,-0.63],[67.87,-0.7],[67.9,-0.7],[67.9,-0.71],[67.94,-0.71],[67.94,-0.78],[67.9,-0.78],[67.83,-0.78],[67.8,-0.8],[67.62,-0.8],[67.58,-0.81],[67.58,-0.83],[67.54,-0.85],[67.54,-0.88],[67.62,-0.91],[67.62,-0.96],[67.58,-1.01],[67.54,-1.06],[67.51,-1.11],[67.44,-1.16],[67.4,-1.2],[67.33,-1.2],[67.33,-1.21],[67.29,-1.21],[67.29,-1.23],[67.26,-1.23],[67.26,-1.25],[67.22,-1.26],[67.22,-1.28],[67.18,-1.31],[67.18,-1.4],[67.26,-1.46],[67.29,-1.48],[67.33,-1.51],[67.33,-1.59],[67.29,-1.59],[67.29,-1.61],[67.26,-1.63],[67.26,-1.66],[67.29,-1.68],[67.29,-1.69],[67.33,-1.71],[67.33,-1.79],[67.29,-1.79],[67.26,-1.78],[67.26,-1.73],[67.22,-1.71],[67.22,-1.69],[67.18,-1.69],[67.18,-1.71],[67.15,-1.73],[67.15,-1.84],[67.11,-1.89],[67.08,-1.94],[66.97,-1.99],[66.9,-1.99],[66.86,-1.98],[66.82,-1.93],[66.82,-1.89],[66.79,-1.89],[66.79,-1.91],[66.75,-1.93],[66.75,-1.96],[66.72,-1.98],[66.72,-1.99],[66.68,-1.99],[66.68,-1.96],[66.64,-1.94],[66.64,-1.93],[66.61,-1.93],[66.57,-1.91],[66.54,-1.91],[66.5,-1.89],[66.28,-1.89],[66.21,-1.91],[66.18,-1.93],[66.18,-1.94],[66.14,-1.98],[66.14,-2.08],[66.07,-2.11],[66.0,-2.11],[66.0,-2.09],[65.96,-2.08],[65.96,-2.03],[65.92,-2.03],[65.92,-2.01],[65.89,-2.01],[65.89,-1.99],[65.82,-1.99],[65.82,-1.98],[65.78,-1.98],[65.74,-1.96],[65.74,-1.93],[65.71,-1.91],[65.71,-1.89],[65.64,-1.84],[65.56,-1.81],[65.49,-1.81],[65.46,-1.83],[65.46,-1.88],[65.38,-1.89],[65.31,-1.89],[65.31,-1.91],[65.28,-1.91],[65.28,-1.93],[65.24,-1.94],[65.24,-1.98],[65.2,-1.99],[65.17,-1.99],[65.13,-2.01],[65.1,-2.01],[65.06,-2.03],[65.06,-2.14],[65.02,-2.16],[65.02,-2.18],[64.99,-2.19],[64.92,-2.19],[64.88,-2.21],[64.88,-2.23],[64.84,-2.23],[64.84,-2.28],[64.81,-2.29],[64.77,-2.29],[64.74,-2.31],[64.74,-2.29],[64.66,-2.29],[64.66,-2.24],[64.63,-2.23],[64.63,-2.21],[64.59,-2.21],[64.59,-2.19],[64.52,-2.19],[64.48,-2.21],[64.48,-2.23],[64.45,-2.23],[64.45,-2.29],[64.41,-2.29],[64.41,-2.31],[64.38,-2.29],[64.38,-2.26],[64.34,-2.24],[64.34,-2.13],[64.3,-2.11],[64.27,-2.11],[64.27,-2.14],[64.23,-2.16],[64.23,-2.18],[64.2,-2.18],[64.2,-2.19],[63.98,-2.19],[63.98,-2.18],[63.94,-2.18],[63.94,-2.14],[64.05,-2.06],[64.09,-2.04],[64.12,-2.01],[64.2,-2.01],[64.23,-1.99],[64.3,-1.99],[64.3,-1.98],[64.34,-1.96],[64.34,-1.84],[64.3,-1.79],[64.27,-1.76],[64.16,-1.71],[64.09,-1.69],[63.94,-1.69],[63.91,-1.71],[63.87,-1.71],[63.87,-1.74],[63.84,-1.76],[63.84,-1.88],[63.8,-1.89],[63.8,-1.91],[63.76,-1.93],[63.76,-1.94],[63.73,-1.96],[63.73,-1.99],[63.69,-2.01],[63.69,-2.04],[63.66,-2.08],[63.66,-2.24],[63.62,-2.28],[63.62,-2.29],[63.58,-2.31],[63.58,-2.29],[63.55,-2.28],[63.55,-2.24],[63.51,-2.21],[63.51,-2.19],[63.48,-2.21],[63.48,-2.24],[63.44,-2.26],[63.44,-2.28],[63.4,-2.29],[63.3,-2.29],[63.26,-2.28],[63.26,-2.23],[63.22,-2.23],[63.22,-2.21],[63.19,-2.19],[63.08,-2.19],[63.08,-2.18],[63.04,-2.16],[63.04,-2.13],[63.01,-2.11],[62.9,-2.11],[62.86,-2.13],[62.86,-2.14],[62.83,-2.16],[62.83,-2.19],[62.79,-2.19],[62.79,-2.18],[62.76,-2.16],[62.76,-2.14],[62.72,-2.13],[62.72,-2.11],[62.61,-2.11],[62.58,-2.09],[62.58,-2.08],[62.54,-2.06],[62.54,-2.03],[62.5,-2.01],[62.47,-2.01],[62.43,-1.99],[62.32,-1.99],[62.25,-1.96],[62.25,-1.93],[62.22,-1.91],[62.18,-1.91],[62.18,-1.89],[62.04,-1.89],[62.04,-1.88],[62.0,-1.88],[61.93,-1.86],[61.93,-1.81],[61.89,-1.81],[61.89,-1.83],[61.86,-1.84],[61.86,-1.88],[61.78,-1.89],[61.71,-1.89],[61.68,-1.88],[61.64,-1.86],[61.64,-1.84],[61.6,-1.83],[61.57,-1.83],[61.57,-1.81],[61.24,-1.81],[61.17,-1.84],[61.14,-1.88],[61.1,-1.88],[61.06,-1.91],[61.03,-1.96],[60.99,-2.03],[60.96,-2.08],[60.96,-2.19],[61.03,-2.19],[61.03,-2.24],[61.06,-2.26],[61.06,-2.39],[61.1,-2.41],[61.1,-2.42],[61.14,-2.42],[61.14,-2.46],[61.1,-2.47],[61.1,-2.51],[61.06,-2.54],[61.06,-3.17],[61.14,-3.2],[61.17,-3.2],[61.24,-3.24],[61.24,-3.27],[61.17,-3.32],[61.17,-3.35],[61.21,-3.39],[61.21,-3.42],[61.24,-3.44],[61.24,-3.54],[61.28,-3.55],[61.28,-3.6],[61.32,-3.6],[61.35,-3.64],[61.32,-3.67],[61.32,-3.7],[61.24,-3.75],[61.32,-3.79],[61.32,-3.82],[61.35,-3.87],[61.35,-3.97],[61.32,-4.0],[61.28,-4.0],[61.28,-4.03],[61.24,-4.05],[61.24,-4.15],[61.28,-4.17],[61.28,-4.2],[61.35,-4.22],[61.35,-4.28],[61.32,-4.3],[61.24,-4.3],[61.17,-4.27],[61.1,-4.18],[61.03,-4.13],[61.03,-4.12],[60.96,-4.12],[60.96,-4.17],[60.92,-4.2],[60.85,-4.17],[60.85,-4.03],[60.81,-4.0],[60.78,-4.0],[60.78,-3.95],[60.74,-3.94],[60.74,-3.8],[60.67,-3.79],[60.67,-3.7],[60.63,-3.67],[60.63,-3.64],[60.56,-3.6],[60.34,-3.6],[60.31,-3.59],[60.24,-3.59],[60.16,-3.55],[60.16,-3.54],[60.09,-3.5],[60.09,-3.49],[60.02,-3.42],[59.95,-3.4],[59.8,-3.4],[59.73,-3.39],[59.62,-3.34],[59.59,-3.3],[59.59,-3.25],[59.55,-3.24],[59.55,-3.14],[59.52,-3.14],[59.52,-3.12],[59.48,-3.11],[59.37,-3.11],[59.34,-3.09],[59.26,-3.07],[59.26,-3.04],[59.16,-2.99],[59.12,-2.99],[59.01,-3.01],[58.94,-3.04],[58.94,-3.07],[58.9,-3.09],[58.87,-3.07],[58.87,-3.06],[58.8,-3.01],[58.8,-2.99],[58.76,-2.97],[58.72,-2.96],[58.72,-2.94],[58.65,-2.91],[58.62,-2.91],[58.51,-2.87],[58.36,-2.77],[58.29,-2.69],[58.26,-2.62],[58.26,-2.52],[58.22,-2.52],[58.22,-2.49],[58.18,-2.49],[58.18,-2.51],[58.15,-2.51],[58.15,-2.57],[58.11,-2.59],[58.11,-2.61],[58.08,-2.59],[58.0,-2.57],[57.97,-2.56],[57.93,-2.52],[57.86,-2.47],[57.83,-2.42],[57.83,-2.41],[57.79,-2.37],[57.79,-2.32],[57.75,-2.28],[57.75,-1.88],[57.72,-1.84],[57.72,-1.83],[57.68,-1.81],[57.61,-1.81],[57.47,-1.74],[57.29,-1.59],[57.25,-1.58],[57.25,-1.54],[57.14,-1.49],[57.07,-1.49],[57.03,-1.45],[56.96,-1.33],[56.96,-1.16],[57.0,-1.1],[57.07,-1.05],[57.11,-1.03],[57.11,-0.98],[57.14,-0.96],[57.14,-0.91],[57.18,-0.86],[57.21,-0.8],[57.25,-0.73],[57.32,-0.66],[57.43,-0.6],[57.57,-0.52],[57.61,-0.52],[57.65,-0.5],[57.72,-0.5],[57.72,-0.48],[57.75,-0.47],[57.75,-0.37],[57.83,-0.3],[57.93,-0.3],[57.93,-0.33],[57.97,-0.37],[57.97,-0.38],[58.0,-0.38],[58.04,-0.37],[58.04,-0.35],[58.08,-0.33],[58.08,-0.32],[58.11,-0.28],[58.15,-0.27],[58.15,-0.25],[58.18,-0.23],[58.22,-0.23],[58.22,-0.22],[58.26,-0.2],[58.29,-0.2],[58.33,-0.18],[58.33,-0.12],[58.36,-0.05],[58.36,0.15],[58.33,0.23],[58.33,0.36],[58.29,0.4],[58.26,0.45],[58.22,0.48],[58.18,0.5],[58.18,0.53],[58.08,0.58],[58.04,0.6],[58.0,0.6],[57.97,0.61],[57.97,0.68],[57.93,0.73],[57.9,0.8],[57.83,0.88],[57.75,0.93],[57.61,1.0],[57.47,1.0],[57.43,1.01],[57.39,1.01],[57.36,1.03],[57.36,1.33],[57.32,1.41],[57.32,1.48],[57.25,1.58],[57.21,1.59],[57.18,1.58],[57.14,1.54],[57.14,1.53],[57.11,1.51],[57.07,1.53],[57.07,1.54],[57.03,1.56],[57.0,1.61],[56.96,1.64],[56.96,1.68],[57.0,1.69],[57.14,1.69],[57.25,1.74],[57.25,1.76],[57.32,1.79],[57.32,1.89],[57.29,1.91],[57.29,1.94],[57.25,1.96],[57.21,1.97],[57.18,1.97],[57.14,1.96],[57.14,1.94],[57.11,1.91],[57.07,1.89],[57.07,1.88],[57.03,1.84],[57.03,1.83],[57.0,1.83],[57.0,1.81],[56.96,1.81],[56.96,1.79],[56.93,1.79],[56.89,1.78],[56.85,1.74],[56.82,1.73],[56.78,1.68],[56.78,1.66],[56.75,1.63],[56.75,1.51],[56.71,1.51],[56.64,1.54],[56.64,1.58],[56.6,1.59],[56.6,1.64],[56.57,1.68],[56.57,1.84],[56.53,1.88],[56.53,1.96],[56.49,1.97],[56.49,2.02],[56.46,2.06],[56.39,2.09],[56.35,2.09],[56.35,1.94],[56.31,1.93],[56.31,1.91],[56.28,1.91],[56.28,1.97],[56.24,2.01],[56.24,2.22],[56.17,2.34],[56.13,2.37],[56.1,2.39],[56.06,2.36],[56.06,2.34],[55.95,2.29],[55.92,2.29],[55.92,2.31],[55.88,2.31],[55.88,2.32],[55.85,2.36],[55.85,2.57],[55.81,2.59],[55.77,2.59],[55.77,2.57],[55.74,2.56],[55.74,2.51],[55.7,2.51],[55.67,2.51],[55.67,2.64],[55.63,2.66],[55.63,2.71],[55.59,2.71],[55.56,2.69],[55.56,2.62],[55.52,2.61],[55.49,2.61],[55.49,2.66],[55.45,2.71],[55.45,3.2],[55.49,3.25],[55.49,3.3],[55.52,3.3],[55.52,3.32],[55.56,3.34],[55.56,3.49],[55.63,3.5],[55.63,3.59],[55.67,3.6],[55.67,3.75],[55.68,3.79],[58.33,3.79]],[[63.26,2.66],[63.26,2.69],[63.22,2.69],[63.22,2.71],[63.19,2.71],[63.19,2.69],[63.15,2.69],[63.15,2.61],[63.22,2.61],[63.26,2.62],[63.26,2.66]],[[61.64,2.46],[61.64,2.51],[61.57,2.51],[61.57,2.41],[61.64,2.41],[61.64,2.46]],[[62.36,2.47],[62.36,2.49],[62.32,2.49],[62.32,2.51],[62.14,2.51],[62.11,2.49],[62.07,2.49],[62.07,2.46],[62.04,2.42],[62.04,2.41],[62.07,2.36],[62.07,2.32],[62.11,2.31],[62.22,2.31],[62.29,2.37],[62.29,2.39],[62.32,2.41],[62.32,2.44],[62.36,2.46],[62.36,2.47]],[[62.86,2.24],[62.86,2.26],[62.83,2.27],[62.83,2.29],[62.76,2.29],[62.76,2.22],[62.79,2.21],[62.83,2.21],[62.83,2.22],[62.86,2.22],[62.86,2.24]],[[60.45,1.05],[60.45,1.09],[60.42,1.09],[60.42,1.11],[60.38,1.11],[60.38,1.09],[60.34,1.08],[60.34,1.03],[60.38,1.01],[60.38,1.0],[60.42,1.0],[60.42,1.01],[60.45,1.01],[60.45,1.05]],[[61.57,0.45],[61.57,0.46],[61.53,0.46],[61.53,0.5],[61.46,0.5],[61.46,0.41],[61.5,0.4],[61.53,0.4],[61.53,0.43],[61.57,0.45]],[[62.36,0.2],[62.36,0.31],[62.32,0.33],[62.32,0.38],[62.29,0.4],[62.18,0.4],[62.11,0.36],[62.07,0.36],[62.04,0.35],[62.04,0.33],[62.0,0.31],[62.0,0.3],[61.96,0.26],[61.96,0.1],[62.04,0.1],[62.04,0.17],[62.07,0.17],[62.07,0.18],[62.11,0.2],[62.18,0.2],[62.25,0.17],[62.25,0.03],[62.29,0.02],[62.29,-0.0],[62.32,0.02],[62.32,0.05],[62.36,0.08],[62.36,0.2]],[[61.14,0.05],[61.14,0.08],[61.1,0.08],[61.03,0.05],[61.03,0.03],[60.96,-0.07],[60.96,-0.27],[60.99,-0.33],[60.99,-0.4],[61.06,-0.47],[61.06,-0.48],[61.14,-0.48],[61.14,-0.47],[61.17,-0.43],[61.21,-0.42],[61.21,-0.38],[61.24,-0.35],[61.24,-0.23],[61.28,-0.23],[61.28,-0.2],[61.32,-0.2],[61.32,-0.18],[61.35,-0.18],[61.35,-0.03],[61.32,-0.02],[61.32,-0.0],[61.24,-0.0],[61.21,0.02],[61.17,0.02],[61.17,0.03],[61.14,0.03],[61.14,0.05]],[[61.75,-0.0],[61.75,0.07],[61.71,0.08],[61.71,0.1],[61.68,0.1],[61.68,0.07],[61.64,0.07],[61.64,0.02],[61.6,0.02],[61.57,-0.0],[61.5,-0.0],[61.5,-0.02],[61.46,-0.02],[61.46,-0.08],[61.53,-0.08],[61.53,-0.1],[61.68,-0.1],[61.75,-0.07],[61.75,-0.0]],[[62.76,-0.15],[62.76,-0.13],[62.68,-0.1],[62.61,-0.1],[62.61,-0.12],[62.58,-0.12],[62.58,-0.13],[62.54,-0.15],[62.54,-0.17],[62.58,-0.17],[62.58,-0.18],[62.61,-0.2],[62.72,-0.2],[62.72,-0.18],[62.76,-0.17],[62.76,-0.15]],[[62.54,-0.35],[62.54,-0.32],[62.5,-0.32],[62.47,-0.3],[62.29,-0.3],[62.29,-0.32],[62.25,-0.33],[62.25,-0.48],[62.29,-0.48],[62.29,-0.52],[62.36,-0.48],[62.36,-0.43],[62.4,-0.42],[62.4,-0.4],[62.5,-0.4],[62.54,-0.38],[62.54,-0.35]],[[62.25,-0.55],[62.25,-0.52],[62.18,-0.52],[62.14,-0.52],[62.14,-0.58],[62.18,-0.58],[62.18,-0.6],[62.22,-0.6],[62.22,-0.58],[62.25,-0.58],[62.25,-0.55]],[[60.96,-0.65],[60.96,-0.61],[60.92,-0.61],[60.92,-0.6],[60.88,-0.6],[60.88,-0.61],[60.85,-0.61],[60.85,-0.68],[60.88,-0.68],[60.88,-0.7],[60.92,-0.7],[60.92,-0.68],[60.96,-0.68],[60.96,-0.65]],[[62.47,-0.7],[62.47,-0.68],[62.43,-0.66],[62.43,-0.6],[62.4,-0.6],[62.36,-0.61],[62.36,-0.78],[62.4,-0.78],[62.4,-0.8],[62.43,-0.78],[62.43,-0.75],[62.47,-0.73],[62.47,-0.7]],[[62.65,-0.65],[62.65,-0.61],[62.61,-0.6],[62.58,-0.6],[62.58,-0.61],[62.54,-0.63],[62.54,-0.66],[62.58,-0.68],[62.58,-0.7],[62.61,-0.7],[62.65,-0.68],[62.65,-0.65]],[[63.76,-0.85],[63.76,-0.83],[63.73,-0.81],[63.73,-0.8],[63.66,-0.8],[63.66,-0.9],[63.73,-0.9],[63.73,-0.88],[63.76,-0.86],[63.76,-0.85]],[[63.55,-0.95],[63.55,-0.91],[63.51,-0.91],[63.51,-0.9],[63.48,-0.9],[63.48,-0.91],[63.44,-0.93],[63.44,-0.98],[63.48,-0.98],[63.48,-1.0],[63.55,-1.0],[63.55,-0.95]],[[65.85,-1.31],[65.85,-1.16],[65.82,-1.13],[65.82,-1.1],[65.78,-1.1],[65.78,-1.13],[65.74,-1.15],[65.74,-1.3],[65.71,-1.3],[65.71,-1.31],[65.67,-1.31],[65.67,-1.36],[65.64,-1.38],[65.64,-1.43],[65.67,-1.45],[65.67,-1.48],[65.71,-1.49],[65.82,-1.49],[65.82,-1.46],[65.85,-1.43],[65.85,-1.31]],[[63.44,-1.45],[63.44,-1.41],[63.4,-1.4],[63.37,-1.4],[63.37,-1.49],[63.44,-1.49],[63.44,-1.45]],[[60.56,-3.24],[60.52,-3.2],[60.49,-3.2],[60.45,-3.22],[60.45,-3.27],[60.52,-3.29],[60.56,-3.24]]]}},{"type":"Feature","properties":{"precip":10},"geometry":{"type":"Polygon","coordinates":[[[30.72,3.79],[30.76,3.75],[30.76,3.68],[30.65,3.55],[30.54,3.5],[30.47,3.49],[30.47,3.42],[30.43,3.4],[30.43,3.32],[30.4,3.32],[30.33,3.3],[30.25,3.3],[30.18,3.32],[30.15,3.34],[30.15,3.55],[30.18,3.59],[30.33,3.6],[30.36,3.65],[30.29,3.68],[30.22,3.7],[30.0,3.7],[29.97,3.72],[29.97,3.79],[30.72,3.79]]]}},{"type":"Feature","properties":{"precip":10},"geometry":{"type":"Polygon","coordinates":[[[-10.53,3.67],[-10.46,3.77],[-10.41,3.79],[-10.37,3.79],[-10.35,3.77],[-10.35,3.64],[-10.28,3.6],[-10.17,3.6],[-9.92,3.6],[-9.84,3.55],[-9.84,3.45],[-9.92,3.4],[-10.02,3.4],[-10.17,3.34],[-10.17,3.32],[-10.24,3.32],[-10.24,3.37],[-10.13,3.42],[-10.13,3.45],[-10.2,3.49],[-10.31,3.5],[-10.53,3.5],[-10.56,3.52],[-10.64,3.52],[-10.64,3.57],[-10.6,3.59],[-10.6,3.6],[-10.56,3.62],[-10.56,3.65],[-10.53,3.67]]]}},{"type":"Feature","properties":{"precip":10},"geometry":{"type":"Polygon","coordinates":[[[34.14,3.65],[34.14,3.75],[34.17,3.79],[34.2,3.79],[34.25,3.77],[34.32,3.68],[34.32,3.65],[34.36,3.6],[34.36,3.55],[34.28,3.5],[34.21,3.5],[34.18,3.52],[34.18,3.55],[34.14,3.59],[34.14,3.65]]]}},{"type":"Feature","properties":{"precip":10},"geometry":{"type":"Polygon","coordinates":[[[28.96,3.65],[28.96,3.67],[29.03,3.7],[29.1,3.7],[29.14,3.68],[29.14,3.6],[29.03,3.6],[28.96,3.62],[28.96,3.65]]]}},{"type":"Feature","properties":{"precip":10},"geometry":{"type":"Polygon","coordinates":[[[34.46,3.55],[34.46,3.68],[34.5,3.7],[34.54,3.68],[34.54,3.59],[34.57,3.57],[34.57,3.52],[34.64,3.49],[34.64,3.42],[34.61,3.4],[34.5,3.4],[34.46,3.44],[34.46,3.55]]]}},{"type":"Feature","properties":{"precip":10},"geometry":{"type":"Polygon","coordinates":[[[97.02,3.55],[97.02,3.6],[97.13,3.6],[97.13,3.57],[97.17,3.55],[97.13,3.54],[97.13,3.5],[97.02,3.52],[97.02,3.55]]]}},{"type":"Feature","properties":{"precip":10},"geometry":{"type":"Polygon","coordinates":[[[-8.33,3.45],[-8.33,3.5],[-8.26,3.49],[-8.26,3.4],[-8.33,3.4],[-8.33,3.45]]]}},{"type":"Feature","properties":{"precip":10},"geometry":{"type":"Polygon","coordinates":[[[-4.73,3.45],[-4.73,3.5],[-4.66,3.49],[-4.66,3.4],[-4.73,3.4],[-4.73,3.45]]]}},{"type":"Feature","properties":{"precip":10},"geometry":{"type":"Polygon","coordinates":[[[-1.57,3.3],[-1.57,3.32],[-1.53,3.34],[-1.53,3.37],[-1.46,3.4],[-1.39,3.39],[-1.35,3.39],[-1.35,3.35],[-1.42,3.27],[-1.49,3.2],[-1.53,3.2],[-1.53,3.24],[-1.57,3.27],[-1.57,3.3]]]}},{"type":"Feature","properties":{"precip":10},"geometry":{"type":"Polygon","coordinates":[[[14.24,3.34],[14.31,3.39],[14.42,3.39],[14.45,3.4],[14.56,3.4],[14.6,3.39],[14.67,3.39],[14.74,3.37],[14.74,3.32],[14.67,3.32],[14.6,3.32],[14.56,3.3],[14.45,3.3],[14.42,3.32],[14.31,3.32],[14.24,3.34]]]}},{"type":"Feature","properties":{"precip":10},"geometry":{"type":"Polygon","coordinates":[[[21.26,3.34],[21.26,3.39],[21.33,3.4],[21.33,3.37],[21.36,3.37],[21.36,3.32],[21.33,3.32],[21.33,3.3],[21.26,3.32],[21.26,3.34]]]}},{"type":"Feature","properties":{"precip":10},"geometry":{"type":"Polygon","coordinates":[[[34.14,3.3],[34.14,3.34],[34.18,3.35],[34.18,3.39],[34.21,3.4],[34.28,3.4],[34.32,3.39],[34.32,3.35],[34.36,3.34],[34.36,3.25],[34.32,3.22],[34.28,3.2],[34.21,3.2],[34.18,3.22],[34.14,3.25],[34.14,3.3]]]}},{"type":"Feature","properties":{"precip":10},"geometry":{"type":"Polygon","coordinates":[[[-6.46,3.25],[-6.42,3.27],[-6.39,3.3],[-6.21,3.3],[-6.17,3.27],[-6.14,3.27],[-6.14,3.24],[-6.21,3.2],[-6.39,3.2],[-6.42,3.22],[-6.46,3.25]]]}},{"type":"Feature","properties":{"precip":10},"geometry":{"type":"Polygon","coordinates":[[[16.4,3.22],[16.47,3.29],[16.5,3.29],[16.61,3.3],[16.65,3.29],[16.65,3.24],[16.72,3.2],[16.86,3.2],[16.94,3.17],[16.94,3.1],[16.86,3.1],[16.86,3.09],[16.79,3.09],[16.76,3.07],[16.76,3.04],[16.68,3.0],[16.61,3.0],[16.5,3.04],[16.47,3.05],[16.4,3.09],[16.4,3.1],[16.36,3.14],[16.36,3.17],[16.4,3.19],[16.4,3.22]]]}},{"type":"Feature","properties":{"precip":10},"geometry":{"type":"Polygon","coordinates":[[[29.35,3.25],[29.35,3.3],[29.43,3.29],[29.43,3.27],[29.5,3.19],[29.53,3.15],[29.57,3.14],[29.57,3.12],[29.61,3.1],[29.64,3.12],[29.64,3.15],[29.68,3.17],[29.68,3.2],[29.75,3.17],[29.75,3.15],[29.79,3.12],[29.79,3.1],[29.82,3.1],[29.82,3.14],[29.86,3.15],[29.89,3.19],[29.93,3.19],[30.0,3.2],[30.07,3.2],[30.15,3.17],[30.15,3.1],[30.07,3.1],[30.07,3.09],[30.04,3.09],[29.97,3.05],[29.89,3.0],[29.86,2.95],[29.86,2.84],[29.82,2.82],[29.82,2.8],[29.79,2.8],[29.79,2.79],[29.71,2.79],[29.68,2.77],[29.64,2.76],[29.64,2.64],[29.61,2.59],[29.53,2.52],[29.39,2.51],[29.25,2.51],[29.25,2.49],[29.21,2.49],[29.17,2.47],[29.14,2.44],[29.14,2.42],[29.1,2.41],[29.07,2.36],[29.03,2.32],[28.99,2.31],[28.89,2.31],[28.85,2.32],[28.81,2.36],[28.81,2.41],[28.78,2.41],[28.78,2.36],[28.74,2.34],[28.74,2.32],[28.71,2.32],[28.63,2.29],[28.6,2.29],[28.56,2.31],[28.49,2.31],[28.49,2.32],[28.45,2.34],[28.45,2.37],[28.49,2.41],[28.53,2.42],[28.53,2.44],[28.56,2.44],[28.56,2.46],[28.53,2.47],[28.53,2.49],[28.49,2.49],[28.49,2.51],[28.45,2.51],[28.45,2.62],[28.49,2.67],[28.56,2.77],[28.63,2.82],[28.67,2.85],[28.78,2.9],[28.81,2.9],[28.81,2.92],[28.85,2.92],[28.85,2.97],[28.89,2.97],[28.89,2.99],[28.92,2.99],[28.96,3.0],[29.17,3.0],[29.28,3.02],[29.35,3.05],[29.39,3.07],[29.43,3.1],[29.43,3.19],[29.39,3.19],[29.35,3.22],[29.35,3.25]],[[29.64,2.85],[29.64,2.89],[29.61,2.89],[29.61,2.9],[29.57,2.89],[29.57,2.85],[29.53,2.85],[29.57,2.84],[29.57,2.8],[29.61,2.79],[29.61,2.8],[29.64,2.8],[29.64,2.85]],[[28.96,2.46],[28.96,2.49],[28.92,2.49],[28.92,2.51],[28.89,2.51],[28.85,2.49],[28.85,2.42],[28.89,2.41],[28.92,2.41],[28.92,2.42],[28.96,2.42],[28.96,2.46]]]}},{"type":"Feature","properties":{"precip":10},"geometry":{"type":"Polygon","coordinates":[[[34.9,3.22],[34.93,3.24],[35.0,3.3],[35.08,3.3],[35.15,3.27],[35.18,3.24],[35.18,3.2],[35.26,3.15],[35.26,3.1],[35.18,3.09],[35.11,3.1],[35.04,3.14],[35.04,3.17],[34.97,3.19],[34.97,3.15],[34.93,3.14],[34.93,3.1],[34.86,3.1],[34.86,3.17],[34.9,3.19],[34.9,3.22]]]}},{"type":"Feature","properties":{"precip":10},"geometry":{"type":"Polygon","coordinates":[[[84.93,3.2],[84.93,3.29],[85.04,3.3],[85.04,3.1],[85.0,3.1],[84.93,3.12],[84.93,3.2]]]}},{"type":"Feature","properties":{"precip":10},"geometry":{"type":"Polygon","coordinates":[[[22.84,3.15],[22.87,3.17],[22.91,3.2],[22.98,3.2],[23.02,3.17],[23.05,3.17],[23.05,3.12],[23.09,3.1],[23.16,3.09],[23.23,3.09],[23.23,3.05],[23.27,3.05],[23.27,3.02],[23.31,3.02],[23.31,3.0],[23.38,3.0],[23.45,2.97],[23.45,2.92],[23.41,2.9],[23.38,2.87],[23.34,2.85],[23.34,2.84],[23.41,2.8],[23.41,2.79],[23.45,2.77],[23.45,2.64],[23.52,2.61],[23.7,2.61],[23.74,2.59],[23.88,2.59],[23.95,2.56],[23.95,2.52],[24.03,2.51],[24.1,2.51],[24.13,2.49],[24.13,2.26],[24.17,2.22],[24.17,2.12],[24.21,2.11],[24.21,2.09],[24.24,2.09],[24.24,2.01],[24.21,2.01],[24.21,1.99],[24.13,1.99],[24.06,1.96],[24.03,1.94],[24.03,1.93],[23.99,1.91],[23.99,1.89],[23.95,1.86],[23.95,1.84],[23.92,1.83],[23.88,1.83],[23.81,1.79],[23.77,1.79],[23.7,1.78],[23.67,1.76],[23.56,1.68],[23.56,1.53],[23.59,1.51],[23.67,1.51],[23.7,1.49],[23.85,1.49],[23.88,1.48],[23.92,1.48],[23.92,1.46],[23.95,1.46],[23.95,1.43],[23.92,1.41],[23.81,1.41],[23.81,1.39],[23.77,1.39],[23.77,1.38],[23.74,1.36],[23.74,1.33],[23.77,1.33],[23.77,1.31],[23.85,1.28],[23.85,1.18],[23.81,1.13],[23.81,1.11],[23.74,1.05],[23.59,1.01],[23.49,1.0],[23.41,1.0],[23.31,1.01],[23.23,1.05],[23.23,1.09],[23.2,1.09],[23.16,1.11],[23.13,1.11],[23.09,1.09],[23.09,1.08],[23.05,1.06],[23.05,0.95],[23.02,0.93],[23.02,0.88],[22.98,0.88],[22.98,0.86],[22.95,0.86],[22.95,0.85],[22.98,0.83],[23.05,0.76],[23.05,0.65],[23.02,0.63],[22.98,0.6],[22.95,0.6],[22.91,0.58],[22.87,0.58],[22.84,0.56],[22.84,0.55],[22.87,0.53],[22.87,0.51],[22.91,0.51],[22.95,0.5],[23.02,0.5],[23.02,0.48],[23.05,0.46],[23.05,0.43],[22.98,0.4],[22.91,0.4],[22.91,0.38],[22.87,0.38],[22.87,0.36],[22.84,0.35],[22.84,0.31],[22.77,0.31],[22.77,0.4],[22.73,0.43],[22.73,0.48],[22.69,0.5],[22.69,0.51],[22.66,0.55],[22.66,0.56],[22.59,0.61],[22.55,0.66],[22.55,0.78],[22.59,0.8],[22.59,0.81],[22.62,0.81],[22.62,0.86],[22.66,0.88],[22.66,1.13],[22.62,1.16],[22.62,1.18],[22.59,1.19],[22.51,1.19],[22.48,1.21],[22.48,1.24],[22.44,1.26],[22.44,1.34],[22.48,1.36],[22.48,1.39],[22.51,1.39],[22.51,1.41],[22.62,1.41],[22.66,1.43],[22.66,1.46],[22.73,1.49],[22.87,1.49],[22.95,1.51],[22.98,1.51],[23.05,1.54],[23.05,1.58],[23.09,1.59],[23.13,1.59],[23.13,1.61],[23.23,1.61],[23.23,1.68],[23.2,1.69],[23.13,1.76],[22.95,1.84],[22.95,1.86],[22.91,1.89],[22.91,1.91],[22.87,1.93],[22.87,1.94],[22.84,1.96],[22.77,1.99],[22.73,1.99],[22.66,2.02],[22.66,2.04],[22.62,2.06],[22.62,2.09],[22.59,2.09],[22.59,2.07],[22.55,2.06],[22.55,2.04],[22.51,2.02],[22.44,2.06],[22.37,2.12],[22.33,2.19],[22.3,2.22],[22.26,2.26],[22.19,2.32],[22.19,2.39],[22.26,2.42],[22.26,2.44],[22.23,2.47],[22.23,2.49],[22.15,2.49],[22.12,2.51],[21.94,2.51],[21.87,2.52],[21.87,2.62],[21.83,2.64],[21.83,2.71],[21.79,2.71],[21.79,2.72],[21.76,2.72],[21.76,2.77],[21.79,2.79],[21.79,2.8],[21.94,2.87],[22.12,2.9],[22.19,2.9],[22.33,2.87],[22.33,2.85],[22.37,2.84],[22.37,2.82],[22.41,2.82],[22.44,2.8],[22.55,2.8],[22.62,2.79],[22.77,2.79],[22.84,2.8],[22.95,2.8],[22.98,2.82],[23.02,2.82],[23.05,2.84],[23.05,2.87],[23.02,2.89],[23.02,2.9],[22.98,2.9],[22.98,2.94],[22.95,2.95],[22.95,3.07],[22.87,3.1],[22.87,3.12],[22.84,3.12],[22.84,3.15]],[[22.84,2.54],[22.84,2.59],[22.77,2.59],[22.77,2.51],[22.8,2.51],[22.84,2.51],[22.84,2.54]],[[24.06,2.16],[24.06,2.17],[24.03,2.19],[24.03,2.21],[23.99,2.21],[23.99,2.19],[23.95,2.19],[23.95,2.12],[23.99,2.11],[24.03,2.11],[24.03,2.12],[24.06,2.14],[24.06,2.16]],[[23.45,1.36],[23.45,1.38],[23.38,1.41],[23.31,1.41],[23.31,1.39],[23.27,1.39],[23.27,1.36],[23.23,1.36],[23.27,1.34],[23.27,1.31],[23.34,1.31],[23.34,1.29],[23.38,1.31],[23.41,1.31],[23.45,1.33],[23.45,1.36]],[[22.95,0.75],[22.95,0.8],[22.91,0.8],[22.91,0.81],[22.87,0.8],[22.87,0.78],[22.84,0.78],[22.84,0.73],[22.87,0.73],[22.87,0.7],[22.91,0.7],[22.95,0.71],[22.95,0.75]]]}},{"type":"Feature","properties":{"precip":10},"geometry":{"type":"Polygon","coordinates":[[[85.86,3.1],[85.86,3.19],[85.94,3.19],[85.94,2.8],[85.9,2.8],[85.9,2.82],[85.86,2.84],[85.79,2.89],[85.76,2.9],[85.76,2.92],[85.76,2.94],[85.76,2.97],[85.76,2.99],[85.76,3.0],[85.79,3.0],[85.79,3.05],[85.86,3.05],[85.86,3.1]]]}},{"type":"Feature","properties":{"precip":10},"geometry":{"type":"Polygon","coordinates":[[[-2.0,3.04],[-1.96,3.05],[-1.89,3.09],[-1.78,3.09],[-1.75,3.07],[-1.75,3.04],[-1.82,3.0],[-1.89,3.0],[-1.93,2.99],[-1.93,2.97],[-1.96,2.97],[-1.96,2.94],[-1.93,2.92],[-1.93,2.9],[-1.89,2.9],[-1.89,2.89],[-1.85,2.87],[-1.85,2.74],[-1.89,2.74],[-1.89,2.71],[-2.0,2.71],[-2.03,2.74],[-2.03,2.82],[-2.07,2.87],[-2.03,2.92],[-2.03,2.99],[-2.0,3.04]]]}},{"type":"Feature","properties":{"precip":10},"geometry":{"type":"Polygon","coordinates":[[[8.55,3.05],[8.59,3.07],[8.59,3.09],[8.8,3.09],[8.84,3.07],[8.84,2.82],[8.77,2.79],[8.73,2.79],[8.69,2.8],[8.69,2.82],[8.66,2.84],[8.66,2.95],[8.62,2.97],[8.62,3.0],[8.59,3.0],[8.59,3.02],[8.55,3.02],[8.55,3.05]]]}},{"type":"Feature","properties":{"precip":10},"geometry":{"type":"Polygon","coordinates":[[[60.85,3.05],[60.85,3.07],[60.92,3.09],[60.96,3.07],[60.96,3.02],[60.92,3.02],[60.92,3.0],[60.88,3.0],[60.88,3.02],[60.85,3.02],[60.85,3.05]]]}},{"type":"Feature","properties":{"precip":10},"geometry":{"type":"Polygon","coordinates":[[[35.22,2.92],[35.22,2.95],[35.29,2.99],[35.29,3.0],[35.33,3.0],[35.36,2.99],[35.36,2.97],[35.33,2.95],[35.33,2.92],[35.29,2.9],[35.29,2.89],[35.26,2.85],[35.26,2.84],[35.22,2.8],[35.18,2.8],[35.15,2.82],[35.15,2.85],[35.22,2.92]]]}},{"type":"Feature","properties":{"precip":10},"geometry":{"type":"Polygon","coordinates":[[[98.46,2.95],[98.46,3.0],[98.53,3.0],[98.53,2.9],[98.46,2.9],[98.46,2.95]]]}},{"type":"Feature","properties":{"precip":10},"geometry":{"type":"Polygon","coordinates":[[[-5.24,2.85],[-5.24,2.89],[-5.2,2.89],[-5.2,2.9],[-5.16,2.89],[-5.16,2.8],[-5.2,2.79],[-5.2,2.8],[-5.24,2.8],[-5.24,2.85]]]}},{"type":"Feature","properties":{"precip":10},"geometry":{"type":"Polygon","coordinates":[[[10.06,2.79],[10.06,2.87],[10.13,2.9],[10.2,2.9],[10.2,2.89],[10.24,2.89],[10.24,2.82],[10.2,2.8],[10.17,2.77],[10.13,2.74],[10.13,2.72],[10.1,2.71],[10.06,2.71],[10.06,2.79]]]}},{"type":"Feature","properties":{"precip":10},"geometry":{"type":"Polygon","coordinates":[[[28.06,2.85],[28.06,2.89],[28.09,2.89],[28.09,2.9],[28.13,2.89],[28.13,2.87],[28.17,2.85],[28.17,2.84],[28.13,2.82],[28.13,2.8],[28.09,2.79],[28.09,2.8],[28.06,2.8],[28.06,2.85]]]}},{"type":"Feature","properties":{"precip":10},"geometry":{"type":"Polygon","coordinates":[[[63.94,2.85],[63.94,2.87],[63.98,2.87],[63.98,2.89],[64.02,2.89],[64.02,2.9],[64.09,2.9],[64.09,2.89],[64.12,2.89],[64.12,2.87],[64.16,2.87],[64.16,2.82],[64.12,2.82],[64.12,2.8],[64.09,2.8],[64.09,2.79],[64.02,2.79],[64.02,2.8],[63.98,2.8],[63.98,2.82],[63.94,2.82],[63.94,2.85]]]}},{"type":"Feature","properties":{"precip":10},"geometry":{"type":"Polygon","coordinates":[[[9.02,2.74],[9.05,2.77],[9.09,2.77],[9.09,2.79],[9.12,2.79],[9.12,2.77],[9.16,2.74],[9.16,2.66],[9.12,2.64],[9.12,2.61],[8.98,2.61],[8.95,2.62],[8.95,2.64],[8.98,2.67],[8.98,2.69],[9.02,2.74]]]}},{"type":"Feature","properties":{"precip":10},"geometry":{"type":"Polygon","coordinates":[[[21.54,2.76],[21.54,2.77],[21.58,2.77],[21.58,2.79],[21.61,2.79],[21.65,2.77],[21.65,2.72],[21.61,2.71],[21.58,2.71],[21.58,2.72],[21.54,2.72],[21.54,2.76]]]}},{"type":"Feature","properties":{"precip":10},"geometry":{"type":"Polygon","coordinates":[[[30.54,2.76],[30.54,2.77],[30.58,2.77],[30.58,2.79],[30.61,2.79],[30.65,2.77],[30.65,2.72],[30.61,2.71],[30.58,2.71],[30.58,2.72],[30.54,2.74],[30.54,2.76]]]}},{"type":"Feature","properties":{"precip":10},"geometry":{"type":"Polygon","coordinates":[[[98.89,2.62],[99.04,2.69],[99.14,2.69],[99.14,2.01],[99.07,2.02],[99.04,2.04],[99.04,2.07],[99.07,2.09],[99.11,2.12],[99.14,2.12],[99.14,2.18],[99.07,2.21],[99.07,2.24],[99.04,2.26],[99.04,2.37],[98.97,2.39],[98.97,2.42],[98.93,2.46],[98.93,2.49],[98.89,2.51],[98.89,2.52],[98.86,2.54],[98.86,2.56],[98.89,2.57],[98.89,2.62]]]}},{"type":"Feature","properties":{"precip":10},"geometry":{"type":"Polygon","coordinates":[[[-4.44,2.51],[-4.44,2.57],[-4.41,2.59],[-4.41,2.61],[-4.37,2.59],[-4.37,2.56],[-4.34,2.54],[-4.34,2.47],[-4.37,2.46],[-4.37,2.41],[-4.41,2.41],[-4.44,2.42],[-4.44,2.51]]]}},{"type":"Feature","properties":{"precip":10},"geometry":{"type":"Polygon","coordinates":[[[-3.54,2.46],[-3.54,2.56],[-3.51,2.57],[-3.51,2.59],[-3.44,2.59],[-3.4,2.61],[-3.36,2.59],[-3.29,2.59],[-3.29,2.57],[-3.26,2.57],[-3.26,2.51],[-3.29,2.51],[-3.33,2.51],[-3.33,2.44],[-3.36,2.42],[-3.36,2.32],[-3.44,2.29],[-3.47,2.29],[-3.54,2.32],[-3.54,2.46]]]}},{"type":"Feature","properties":{"precip":10},"geometry":{"type":"Polygon","coordinates":[[[64.84,2.51],[64.84,2.54],[64.88,2.56],[64.88,2.57],[64.92,2.59],[64.95,2.59],[64.99,2.61],[65.02,2.59],[65.1,2.59],[65.13,2.57],[65.13,2.56],[65.17,2.54],[65.17,2.52],[65.2,2.51],[65.24,2.51],[65.28,2.51],[65.46,2.51],[65.49,2.49],[65.53,2.49],[65.53,2.46],[65.56,2.44],[65.56,2.37],[65.53,2.34],[65.53,2.32],[65.49,2.31],[65.38,2.31],[65.28,2.29],[65.06,2.29],[64.99,2.31],[64.88,2.31],[64.81,2.32],[64.77,2.32],[64.77,2.34],[64.74,2.36],[64.77,2.37],[64.77,2.39],[64.84,2.42],[64.84,2.51]]]}},{"type":"Feature","properties":{"precip":10},"geometry":{"type":"Polygon","coordinates":[[[83.09,2.51],[83.13,2.54],[83.16,2.56],[83.16,2.59],[83.2,2.59],[83.2,2.52],[83.16,2.51],[83.16,2.49],[83.16,2.47],[83.13,2.44],[83.09,2.42],[83.06,2.42],[83.06,2.46],[83.09,2.49],[83.09,2.51]]]}},{"type":"Feature","properties":{"precip":10},"geometry":{"type":"Polygon","coordinates":[[[97.24,2.57],[97.24,2.59],[97.31,2.59],[97.35,2.57],[97.35,2.54],[97.42,2.51],[97.42,2.47],[97.45,2.46],[97.45,2.42],[97.38,2.42],[97.38,2.44],[97.31,2.51],[97.24,2.51],[97.24,2.54],[97.24,2.57]]]}},{"type":"Feature","properties":{"precip":10},"geometry":{"type":"Polygon","coordinates":[[[98.25,2.51],[98.25,2.56],[98.28,2.57],[98.28,2.59],[98.32,2.61],[98.32,2.57],[98.32,2.44],[98.32,2.42],[98.32,2.41],[98.28,2.41],[98.28,2.44],[98.25,2.46],[98.25,2.51]]]}},{"type":"Feature","properties":{"precip":10},"geometry":{"type":"Polygon","coordinates":[[[-8.15,2.41],[-8.15,2.47],[-8.12,2.49],[-8.12,2.51],[-8.08,2.51],[-8.08,2.47],[-8.04,2.46],[-8.04,2.34],[-8.08,2.32],[-8.08,2.29],[-8.12,2.29],[-8.12,2.31],[-8.15,2.32],[-8.15,2.41]]]}},{"type":"Feature","properties":{"precip":10},"geometry":{"type":"Polygon","coordinates":[[[-4.16,2.46],[-4.16,2.49],[-4.12,2.49],[-4.12,2.51],[-4.08,2.51],[-4.05,2.49],[-4.05,2.42],[-4.08,2.41],[-4.12,2.41],[-4.12,2.42],[-4.16,2.42],[-4.16,2.46]]]}},{"type":"Feature","properties":{"precip":10},"geometry":{"type":"Polygon","coordinates":[[[68.95,2.46],[68.95,2.49],[68.98,2.49],[68.98,2.51],[69.02,2.51],[69.02,2.49],[69.06,2.49],[69.06,2.42],[69.02,2.42],[69.02,2.41],[68.98,2.41],[68.98,2.42],[68.95,2.42],[68.95,2.46]]]}},{"type":"Feature","properties":{"precip":10},"geometry":{"type":"Polygon","coordinates":[[[21.04,2.29],[21.04,2.34],[21.08,2.36],[21.08,2.39],[21.11,2.39],[21.11,2.41],[21.18,2.41],[21.18,2.39],[21.22,2.39],[21.22,2.37],[21.26,2.34],[21.26,2.16],[21.22,2.09],[21.22,2.04],[21.15,1.96],[21.11,1.93],[21.08,1.91],[21.0,1.91],[20.97,1.93],[20.97,2.19],[21.04,2.22],[21.04,2.29]]]}},{"type":"Feature","properties":{"precip":10},"geometry":{"type":"Polygon","coordinates":[[[30.87,2.29],[30.87,2.39],[30.9,2.41],[30.94,2.39],[30.94,2.21],[30.87,2.21],[30.87,2.29]]]}},{"type":"Feature","properties":{"precip":10},"geometry":{"type":"Polygon","coordinates":[[[96.81,2.29],[96.81,2.37],[96.88,2.39],[96.91,2.39],[97.02,2.29],[97.02,2.26],[97.02,2.24],[97.02,2.22],[97.02,2.21],[96.91,2.21],[96.88,2.22],[96.81,2.26],[96.81,2.29]]]}},{"type":"Feature","properties":{"precip":10},"geometry":{"type":"Polygon","coordinates":[[[97.56,2.36],[97.56,2.37],[97.63,2.41],[97.67,2.41],[97.74,2.37],[97.74,2.32],[97.78,2.32],[97.78,2.31],[97.81,2.31],[97.81,2.29],[97.89,2.29],[97.89,2.27],[97.96,2.26],[97.96,2.22],[97.89,2.19],[97.89,2.12],[97.96,2.02],[98.1,1.94],[98.17,1.93],[98.21,1.91],[98.28,1.91],[98.28,1.89],[98.32,1.89],[98.32,1.88],[98.32,1.81],[98.32,1.79],[98.28,1.79],[98.28,1.76],[98.25,1.73],[98.25,1.56],[98.28,1.53],[98.28,1.51],[98.32,1.51],[98.32,1.49],[98.39,1.51],[98.43,1.51],[98.43,1.53],[98.46,1.54],[98.46,1.59],[98.5,1.59],[98.5,1.61],[98.53,1.59],[98.53,1.49],[98.53,1.48],[98.53,1.41],[98.61,1.41],[98.68,1.41],[98.71,1.39],[98.75,1.39],[98.75,1.34],[98.71,1.33],[98.68,1.28],[98.53,1.18],[98.53,1.13],[98.61,1.11],[98.61,1.08],[98.68,1.01],[98.71,1.0],[98.71,0.96],[98.75,0.95],[98.75,0.93],[98.71,0.91],[98.71,0.9],[98.68,0.9],[98.68,0.86],[98.64,0.85],[98.64,0.71],[98.61,0.7],[98.61,0.71],[98.53,0.73],[98.53,0.76],[98.5,0.81],[98.5,0.83],[98.39,0.86],[98.39,0.88],[98.32,0.9],[98.17,0.9],[98.1,0.91],[98.07,0.93],[98.03,0.96],[97.96,1.06],[97.96,1.26],[97.89,1.28],[97.89,1.29],[97.85,1.26],[97.78,1.16],[97.67,1.11],[97.67,1.09],[97.67,1.06],[97.67,1.03],[97.67,1.01],[97.67,1.0],[97.74,0.98],[97.74,0.85],[97.63,0.75],[97.63,0.71],[97.56,0.71],[97.56,0.91],[97.53,0.95],[97.53,0.98],[97.45,1.0],[97.42,1.0],[97.42,1.01],[97.38,1.01],[97.38,1.03],[97.35,1.03],[97.35,1.08],[97.31,1.08],[97.24,1.09],[97.2,1.09],[97.17,1.11],[96.95,1.11],[96.91,1.13],[96.88,1.13],[96.81,1.14],[96.81,1.21],[96.88,1.26],[96.88,1.29],[96.99,1.39],[97.02,1.41],[97.13,1.41],[97.13,1.43],[97.17,1.43],[97.17,1.44],[97.02,1.49],[96.81,1.49],[96.81,1.51],[96.73,1.51],[96.7,1.53],[96.66,1.53],[96.66,1.56],[96.59,1.58],[96.59,1.61],[96.59,1.63],[96.55,1.64],[96.55,1.66],[96.52,1.68],[96.48,1.69],[96.37,1.69],[96.37,1.71],[96.34,1.73],[96.37,1.74],[96.37,1.76],[96.37,1.79],[96.37,1.83],[96.52,1.88],[96.66,1.91],[96.73,1.89],[96.81,1.89],[96.81,1.88],[96.88,1.84],[96.88,1.81],[96.95,1.84],[96.95,1.86],[96.99,1.89],[97.02,1.91],[97.02,1.94],[97.09,1.96],[97.09,1.97],[97.13,1.99],[97.2,1.99],[97.2,2.01],[97.24,2.02],[97.24,2.07],[97.24,2.12],[97.24,2.16],[97.31,2.21],[97.31,2.22],[97.35,2.26],[97.42,2.29],[97.45,2.29],[97.45,2.31],[97.53,2.31],[97.53,2.32],[97.56,2.32],[97.56,2.36]],[[97.96,1.96],[97.89,1.96],[97.89,1.97],[97.89,1.99],[97.67,1.99],[97.67,1.97],[97.67,1.96],[97.63,1.96],[97.67,1.94],[97.67,1.93],[97.67,1.91],[97.89,1.91],[97.89,1.93],[97.89,1.94],[97.96,1.94],[97.96,1.96]],[[97.24,1.54],[97.24,1.59],[97.2,1.61],[97.17,1.59],[97.17,1.51],[97.2,1.49],[97.24,1.51],[97.24,1.54]]]}},{"type":"Feature","properties":{"precip":10},"geometry":{"type":"Polygon","coordinates":[[[-3.04,2.21],[-3.04,2.27],[-3.01,2.27],[-3.01,2.29],[-2.9,2.29],[-2.9,2.27],[-2.86,2.26],[-2.86,2.02],[-2.93,1.99],[-3.01,1.99],[-3.01,1.97],[-3.04,1.97],[-3.04,1.93],[-3.08,1.93],[-3.08,1.91],[-3.11,1.91],[-3.11,1.93],[-3.15,1.94],[-3.15,2.07],[-3.11,2.07],[-3.11,2.11],[-3.08,2.11],[-3.08,2.12],[-3.04,2.14],[-3.04,2.21]]]}},{"type":"Feature","properties":{"precip":10},"geometry":{"type":"Polygon","coordinates":[[[35.94,2.24],[35.94,2.26],[35.98,2.26],[35.98,2.27],[36.01,2.29],[36.12,2.29],[36.12,2.27],[36.16,2.26],[36.16,2.22],[36.08,2.21],[36.01,2.21],[36.01,2.22],[35.98,2.22],[35.94,2.24]]]}},{"type":"Feature","properties":{"precip":10},"geometry":{"type":"Polygon","coordinates":[[[98.32,2.24],[98.32,2.27],[98.39,2.27],[98.39,2.29],[98.5,2.29],[98.53,2.27],[98.53,2.22],[98.5,2.22],[98.5,2.21],[98.43,2.21],[98.39,2.22],[98.32,2.22],[98.32,2.24]]]}},{"type":"Feature","properties":{"precip":10},"geometry":{"type":"Polygon","coordinates":[[[-8.44,2.16],[-8.44,2.19],[-8.4,2.21],[-8.37,2.21],[-8.37,2.16],[-8.33,2.16],[-8.37,2.14],[-8.37,2.11],[-8.44,2.11],[-8.44,2.16]]]}},{"type":"Feature","properties":{"precip":10},"geometry":{"type":"Polygon","coordinates":[[[30.65,2.16],[30.65,2.19],[30.69,2.19],[30.69,2.21],[30.72,2.21],[30.72,2.19],[30.76,2.19],[30.76,2.12],[30.72,2.12],[30.72,2.11],[30.69,2.11],[30.65,2.12],[30.65,2.16]]]}},{"type":"Feature","properties":{"precip":10},"geometry":{"type":"Polygon","coordinates":[[[35.65,2.16],[35.65,2.19],[35.69,2.19],[35.69,2.21],[35.72,2.21],[35.72,2.19],[35.76,2.17],[35.76,2.14],[35.72,2.12],[35.72,2.11],[35.69,2.11],[35.65,2.12],[35.65,2.16]]]}},{"type":"Feature","properties":{"precip":10},"geometry":{"type":"Polygon","coordinates":[[[69.96,2.16],[69.96,2.19],[69.99,2.19],[69.99,2.21],[70.03,2.21],[70.03,2.19],[70.06,2.17],[70.06,2.14],[70.03,2.12],[70.03,2.11],[69.99,2.11],[69.96,2.12],[69.96,2.16]]]}},{"type":"Feature","properties":{"precip":10},"geometry":{"type":"Polygon","coordinates":[[[98.07,2.16],[98.07,2.21],[98.1,2.21],[98.1,2.11],[98.07,2.11],[98.07,2.16]]]}},{"type":"Feature","properties":{"precip":10},"geometry":{"type":"Polygon","coordinates":[[[-4.34,2.04],[-4.34,2.09],[-4.3,2.09],[-4.3,2.11],[-4.26,2.09],[-4.26,1.99],[-4.3,1.99],[-4.34,2.01],[-4.34,2.04]]]}},{"type":"Feature","properties":{"precip":10},"geometry":{"type":"Polygon","coordinates":[[[-3.36,2.04],[-3.36,2.06],[-3.33,2.07],[-3.33,2.09],[-3.29,2.11],[-3.29,2.09],[-3.26,2.09],[-3.26,2.01],[-3.29,1.99],[-3.33,1.99],[-3.33,2.02],[-3.36,2.04]]]}},{"type":"Feature","properties":{"precip":10},"geometry":{"type":"Polygon","coordinates":[[[36.05,1.86],[36.05,2.02],[36.08,2.06],[36.08,2.11],[36.12,2.09],[36.12,2.02],[36.16,1.99],[36.16,1.71],[36.12,1.68],[36.12,1.61],[36.08,1.61],[36.08,1.64],[36.05,1.68],[36.05,1.86]]]}},{"type":"Feature","properties":{"precip":10},"geometry":{"type":"Polygon","coordinates":[[[36.84,2.04],[36.84,2.07],[36.88,2.07],[36.88,2.11],[36.91,2.11],[36.91,2.09],[36.95,2.09],[36.95,2.01],[36.91,2.01],[36.91,1.99],[36.88,1.99],[36.88,2.02],[36.84,2.02],[36.84,2.04]]]}},{"type":"Feature","properties":{"precip":10},"geometry":{"type":"Polygon","coordinates":[[[8.12,1.93],[8.15,1.96],[8.19,1.97],[8.19,1.99],[8.23,1.99],[8.23,1.96],[8.26,1.94],[8.26,1.86],[8.23,1.84],[8.23,1.81],[8.19,1.81],[8.15,1.79],[8.12,1.79],[8.05,1.83],[8.05,1.84],[8.08,1.88],[8.08,1.89],[8.12,1.93]]]}},{"type":"Feature","properties":{"precip":10},"geometry":{"type":"Polygon","coordinates":[[[17.55,1.96],[17.55,1.97],[17.58,1.97],[17.58,1.99],[17.62,1.99],[17.62,1.97],[17.66,1.97],[17.66,1.93],[17.62,1.93],[17.62,1.91],[17.58,1.91],[17.58,1.93],[17.55,1.93],[17.55,1.96]]]}},{"type":"Feature","properties":{"precip":10},"geometry":{"type":"Polygon","coordinates":[[[35.15,1.96],[35.15,1.97],[35.18,1.99],[35.22,1.99],[35.22,1.97],[35.26,1.97],[35.26,1.93],[35.22,1.93],[35.22,1.91],[35.18,1.91],[35.15,1.93],[35.15,1.96]]]}},{"type":"Feature","properties":{"precip":10},"geometry":{"type":"Polygon","coordinates":[[[35.87,1.96],[35.87,1.99],[35.94,1.99],[35.94,1.91],[35.87,1.91],[35.87,1.96]]]}},{"type":"Feature","properties":{"precip":10},"geometry":{"type":"Polygon","coordinates":[[[88.96,1.96],[88.96,1.99],[89.03,1.99],[89.03,1.96],[89.03,1.94],[89.03,1.91],[88.96,1.91],[88.96,1.96]]]}},{"type":"Feature","properties":{"precip":10},"geometry":{"type":"Polygon","coordinates":[[[98.53,1.96],[98.53,1.99],[98.64,1.99],[98.64,1.94],[98.68,1.94],[98.68,1.93],[98.71,1.91],[98.86,1.91],[98.86,1.89],[98.89,1.89],[98.93,1.88],[98.93,1.84],[98.97,1.83],[98.97,1.78],[98.93,1.74],[98.93,1.71],[98.89,1.71],[98.86,1.69],[98.71,1.69],[98.71,1.71],[98.68,1.71],[98.68,1.73],[98.64,1.74],[98.64,1.89],[98.61,1.89],[98.61,1.91],[98.53,1.91],[98.53,1.94],[98.53,1.96]]]}},{"type":"Feature","properties":{"precip":10},"geometry":{"type":"Polygon","coordinates":[[[36.66,1.86],[36.66,1.88],[36.7,1.89],[36.7,1.91],[36.8,1.91],[36.8,1.89],[36.84,1.88],[36.84,1.84],[36.88,1.83],[36.88,1.81],[36.91,1.81],[36.95,1.79],[37.02,1.79],[37.02,1.78],[37.06,1.78],[37.06,1.76],[37.02,1.73],[37.02,1.69],[36.95,1.64],[36.88,1.63],[36.84,1.61],[36.7,1.61],[36.66,1.63],[36.66,1.68],[36.7,1.68],[36.7,1.69],[36.8,1.69],[36.8,1.71],[36.84,1.71],[36.84,1.78],[36.8,1.78],[36.8,1.79],[36.73,1.79],[36.66,1.83],[36.66,1.86]]]}},{"type":"Feature","properties":{"precip":10},"geometry":{"type":"Polygon","coordinates":[[[81.55,1.86],[81.55,1.88],[81.58,1.88],[81.58,1.89],[81.62,1.91],[81.65,1.91],[81.69,1.89],[81.69,1.88],[81.76,1.88],[81.76,1.83],[81.69,1.83],[81.69,1.81],[81.65,1.81],[81.65,1.79],[81.62,1.79],[81.62,1.81],[81.58,1.81],[81.58,1.83],[81.55,1.83],[81.55,1.86]]]}},{"type":"Feature","properties":{"precip":10},"geometry":{"type":"Polygon","coordinates":[[[92.34,1.79],[92.34,1.83],[92.38,1.86],[92.38,1.88],[92.42,1.89],[92.45,1.89],[92.49,1.91],[92.92,1.91],[92.99,1.89],[93.14,1.89],[93.14,1.83],[93.06,1.76],[93.03,1.74],[92.99,1.71],[92.92,1.69],[92.88,1.69],[92.88,1.68],[92.85,1.66],[92.85,1.53],[92.81,1.53],[92.81,1.51],[92.78,1.51],[92.7,1.49],[92.63,1.49],[92.56,1.46],[92.56,1.43],[92.49,1.41],[92.38,1.41],[92.34,1.43],[92.34,1.48],[92.27,1.48],[92.27,1.49],[92.24,1.49],[92.16,1.53],[92.16,1.68],[92.2,1.68],[92.2,1.69],[92.27,1.69],[92.27,1.71],[92.34,1.73],[92.34,1.79]],[[92.7,1.66],[92.7,1.68],[92.7,1.69],[92.67,1.69],[92.67,1.61],[92.7,1.61],[92.7,1.66]]]}},{"type":"Feature","properties":{"precip":10},"geometry":{"type":"Polygon","coordinates":[[[95.94,1.79],[95.94,1.84],[95.94,1.86],[95.94,1.91],[96.01,1.91],[96.01,1.89],[96.05,1.88],[96.05,1.73],[96.01,1.71],[96.01,1.69],[95.94,1.69],[95.94,1.74],[95.94,1.76],[95.94,1.79]]]}},{"type":"Feature","properties":{"precip":10},"geometry":{"type":"Polygon","coordinates":[[[-0.85,1.69],[-0.85,1.76],[-0.81,1.78],[-0.81,1.79],[-0.7,1.79],[-0.67,1.78],[-0.67,1.63],[-0.7,1.63],[-0.7,1.61],[-0.81,1.61],[-0.81,1.63],[-0.85,1.64],[-0.85,1.69]]]}},{"type":"Feature","properties":{"precip":10},"geometry":{"type":"Polygon","coordinates":[[[7.25,1.74],[7.25,1.78],[7.29,1.79],[7.33,1.79],[7.33,1.78],[7.36,1.76],[7.36,1.73],[7.33,1.71],[7.33,1.69],[7.29,1.69],[7.29,1.71],[7.25,1.71],[7.25,1.74]]]}},{"type":"Feature","properties":{"precip":10},"geometry":{"type":"Polygon","coordinates":[[[18.74,1.74],[18.74,1.76],[18.77,1.76],[18.77,1.79],[18.84,1.79],[18.84,1.71],[18.81,1.69],[18.77,1.69],[18.77,1.73],[18.74,1.74]]]}},{"type":"Feature","properties":{"precip":10},"geometry":{"type":"Polygon","coordinates":[[[56.24,1.74],[56.24,1.76],[56.28,1.78],[56.28,1.79],[56.31,1.79],[56.35,1.78],[56.35,1.71],[56.31,1.71],[56.31,1.69],[56.28,1.69],[56.28,1.71],[56.24,1.73],[56.24,1.74]]]}},{"type":"Feature","properties":{"precip":10},"geometry":{"type":"Polygon","coordinates":[[[70.1,1.71],[70.17,1.78],[70.21,1.79],[70.31,1.79],[70.35,1.78],[70.35,1.71],[70.31,1.71],[70.28,1.69],[70.21,1.69],[70.21,1.68],[70.17,1.68],[70.14,1.66],[70.14,1.61],[70.06,1.61],[70.06,1.68],[70.1,1.68],[70.1,1.71]]]}},{"type":"Feature","properties":{"precip":10},"geometry":{"type":"Polygon","coordinates":[[[88.82,1.69],[88.82,1.78],[88.89,1.78],[88.89,1.79],[88.92,1.79],[88.92,1.76],[88.96,1.73],[88.96,1.58],[88.92,1.56],[88.92,1.51],[88.89,1.51],[88.89,1.49],[88.82,1.49],[88.82,1.51],[88.78,1.51],[88.78,1.53],[88.74,1.53],[88.74,1.58],[88.78,1.59],[88.78,1.61],[88.82,1.61],[88.82,1.63],[88.82,1.69]]]}},{"type":"Feature","properties":{"precip":10},"geometry":{"type":"Polygon","coordinates":[[[24.24,1.66],[24.28,1.68],[24.35,1.68],[24.39,1.69],[24.53,1.69],[24.57,1.68],[24.6,1.68],[24.64,1.68],[24.64,1.64],[24.57,1.61],[24.35,1.61],[24.31,1.63],[24.28,1.63],[24.28,1.64],[24.24,1.64],[24.24,1.66]]]}},{"type":"Feature","properties":{"precip":10},"geometry":{"type":"Polygon","coordinates":[[[70.46,1.66],[70.46,1.68],[70.49,1.69],[70.53,1.69],[70.53,1.68],[70.57,1.66],[70.57,1.64],[70.53,1.64],[70.53,1.61],[70.46,1.61],[70.46,1.66]]]}},{"type":"Feature","properties":{"precip":10},"geometry":{"type":"Polygon","coordinates":[[[88.24,1.61],[88.24,1.64],[88.28,1.66],[88.28,1.69],[88.31,1.69],[88.31,1.68],[88.35,1.68],[88.35,1.53],[88.31,1.51],[88.31,1.49],[88.28,1.49],[88.28,1.54],[88.24,1.56],[88.24,1.61]]]}},{"type":"Feature","properties":{"precip":10},"geometry":{"type":"Polygon","coordinates":[[[6.97,1.54],[6.97,1.59],[7.0,1.61],[7.04,1.59],[7.04,1.51],[7.0,1.49],[6.97,1.51],[6.97,1.54]]]}},{"type":"Feature","properties":{"precip":10},"geometry":{"type":"Polygon","coordinates":[[[7.15,1.54],[7.15,1.58],[7.18,1.59],[7.18,1.61],[7.22,1.61],[7.22,1.59],[7.25,1.59],[7.25,1.51],[7.22,1.51],[7.22,1.49],[7.18,1.49],[7.18,1.51],[7.15,1.53],[7.15,1.54]]]}},{"type":"Feature","properties":{"precip":10},"geometry":{"type":"Polygon","coordinates":[[[8.26,1.54],[8.26,1.59],[8.3,1.59],[8.3,1.61],[8.33,1.59],[8.33,1.51],[8.3,1.49],[8.3,1.51],[8.26,1.51],[8.26,1.54]]]}},{"type":"Feature","properties":{"precip":10},"geometry":{"type":"Polygon","coordinates":[[[9.12,1.53],[9.16,1.56],[9.16,1.58],[9.2,1.59],[9.23,1.59],[9.23,1.34],[9.2,1.29],[9.12,1.23],[9.12,1.21],[9.09,1.19],[9.05,1.21],[9.05,1.39],[9.09,1.44],[9.09,1.49],[9.12,1.53]]]}},{"type":"Feature","properties":{"precip":10},"geometry":{"type":"Polygon","coordinates":[[[18.74,1.54],[18.74,1.56],[18.77,1.58],[18.77,1.59],[18.81,1.61],[18.81,1.59],[18.84,1.59],[18.84,1.51],[18.81,1.51],[18.81,1.49],[18.77,1.51],[18.77,1.53],[18.74,1.54]]]}},{"type":"Feature","properties":{"precip":10},"geometry":{"type":"Polygon","coordinates":[[[34.75,1.54],[34.75,1.58],[34.79,1.58],[34.79,1.59],[34.86,1.59],[34.86,1.61],[34.93,1.61],[34.97,1.59],[35.0,1.59],[35.04,1.58],[35.04,1.51],[35.0,1.51],[35.0,1.49],[34.97,1.49],[34.97,1.31],[35.0,1.31],[35.0,1.29],[35.04,1.28],[35.04,1.13],[35.0,1.13],[35.0,1.11],[34.86,1.11],[34.86,1.09],[34.79,1.09],[34.79,1.08],[34.75,1.08],[34.75,1.03],[34.72,1.01],[34.64,1.0],[34.61,1.0],[34.54,1.01],[34.43,1.06],[34.43,1.09],[34.39,1.11],[34.39,1.08],[34.36,1.06],[34.36,1.03],[34.32,1.01],[34.32,1.0],[34.28,1.0],[34.28,1.01],[34.25,1.03],[34.25,1.16],[34.28,1.16],[34.28,1.18],[34.32,1.19],[34.39,1.19],[34.43,1.21],[34.43,1.26],[34.46,1.28],[34.46,1.38],[34.54,1.41],[34.75,1.41],[34.79,1.41],[34.82,1.41],[34.82,1.43],[34.86,1.43],[34.86,1.46],[34.82,1.48],[34.82,1.49],[34.79,1.49],[34.79,1.51],[34.75,1.51],[34.75,1.54]]]}},{"type":"Feature","properties":{"precip":10},"geometry":{"type":"Polygon","coordinates":[[[35.54,1.54],[35.54,1.58],[35.58,1.58],[35.58,1.59],[35.62,1.59],[35.62,1.61],[35.65,1.59],[35.72,1.58],[35.76,1.56],[35.8,1.53],[35.8,1.49],[35.83,1.46],[35.83,1.41],[35.8,1.41],[35.76,1.41],[35.76,1.46],[35.69,1.49],[35.62,1.49],[35.58,1.48],[35.54,1.44],[35.54,1.34],[35.4,1.21],[35.36,1.19],[35.29,1.19],[35.26,1.18],[35.26,1.13],[35.22,1.13],[35.22,1.11],[35.18,1.11],[35.18,1.13],[35.15,1.14],[35.15,1.36],[35.18,1.38],[35.18,1.39],[35.22,1.39],[35.22,1.41],[35.29,1.41],[35.33,1.41],[35.33,1.43],[35.36,1.43],[35.36,1.48],[35.4,1.49],[35.47,1.49],[35.47,1.51],[35.51,1.51],[35.54,1.53],[35.54,1.54]]]}},{"type":"Feature","properties":{"precip":10},"geometry":{"type":"Polygon","coordinates":[[[75.97,1.54],[75.97,1.59],[76.0,1.61],[76.04,1.59],[76.04,1.51],[76.0,1.49],[75.97,1.51],[75.97,1.54]]]}},{"type":"Feature","properties":{"precip":10},"geometry":{"type":"Polygon","coordinates":[[[80.57,1.53],[80.75,1.59],[80.9,1.61],[81.15,1.61],[81.22,1.58],[81.33,1.56],[81.37,1.53],[81.33,1.48],[81.33,1.44],[81.26,1.41],[81.26,1.38],[81.22,1.34],[81.19,1.31],[81.11,1.29],[81.04,1.29],[81.04,1.28],[81.01,1.26],[81.04,1.24],[81.04,1.23],[81.15,1.16],[81.15,1.13],[81.19,1.13],[81.19,1.11],[81.22,1.13],[81.22,1.16],[81.26,1.18],[81.33,1.18],[81.33,1.16],[81.37,1.14],[81.4,1.13],[81.4,1.11],[81.44,1.09],[81.44,1.03],[81.4,1.01],[81.4,1.0],[81.37,0.98],[81.37,0.86],[81.33,0.85],[81.33,0.81],[81.26,0.81],[81.26,0.8],[81.22,0.78],[81.22,0.65],[81.22,0.63],[81.22,0.61],[81.19,0.6],[81.01,0.6],[80.97,0.58],[80.9,0.58],[80.83,0.58],[80.83,0.55],[80.79,0.51],[80.72,0.51],[80.68,0.5],[80.57,0.5],[80.57,0.51],[80.5,0.51],[80.5,0.53],[80.47,0.53],[80.47,0.56],[80.39,0.58],[80.36,0.58],[80.36,0.6],[80.32,0.6],[80.29,0.61],[80.29,0.63],[80.25,0.65],[80.25,0.81],[80.29,0.83],[80.29,0.88],[80.32,0.91],[80.32,0.93],[80.36,0.95],[80.36,0.96],[80.36,0.98],[80.36,1.01],[80.39,1.03],[80.39,1.08],[80.47,1.09],[80.47,1.19],[80.5,1.19],[80.54,1.21],[80.54,1.36],[80.57,1.39],[80.57,1.48],[80.57,1.51],[80.57,1.53]]]}},{"type":"Feature","properties":{"precip":10},"geometry":{"type":"Polygon","coordinates":[[[83.2,1.54],[83.2,1.56],[83.27,1.58],[83.27,1.59],[83.31,1.61],[83.31,1.59],[83.34,1.59],[83.34,1.51],[83.31,1.51],[83.31,1.49],[83.27,1.51],[83.27,1.53],[83.2,1.54]]]}},{"type":"Feature","properties":{"precip":10},"geometry":{"type":"Polygon","coordinates":[[[34.14,1.44],[34.14,1.46],[34.18,1.48],[34.18,1.49],[34.21,1.49],[34.25,1.48],[34.25,1.41],[34.21,1.41],[34.18,1.41],[34.14,1.43],[34.14,1.44]]]}},{"type":"Feature","properties":{"precip":10},"geometry":{"type":"Polygon","coordinates":[[[36.55,1.44],[36.55,1.48],[36.59,1.49],[36.62,1.49],[36.62,1.48],[36.66,1.46],[36.66,1.43],[36.7,1.41],[36.73,1.41],[36.73,1.43],[36.77,1.48],[36.77,1.49],[36.8,1.49],[36.84,1.46],[36.84,1.21],[36.88,1.18],[36.88,1.11],[36.91,1.11],[36.91,1.09],[36.95,1.08],[36.95,0.93],[36.91,0.91],[36.88,0.91],[36.84,0.9],[36.62,0.9],[36.62,0.91],[36.59,0.91],[36.55,0.93],[36.55,0.98],[36.52,1.0],[36.41,1.0],[36.34,0.96],[36.34,0.91],[36.3,0.9],[36.26,0.9],[36.26,0.93],[36.41,1.13],[36.48,1.16],[36.52,1.18],[36.59,1.19],[36.59,1.21],[36.62,1.21],[36.62,1.24],[36.66,1.26],[36.66,1.34],[36.62,1.36],[36.62,1.41],[36.59,1.41],[36.55,1.41],[36.55,1.44]]]}},{"type":"Feature","properties":{"precip":10},"geometry":{"type":"Polygon","coordinates":[[[76.15,1.44],[76.15,1.48],[76.18,1.48],[76.18,1.49],[76.22,1.49],[76.25,1.48],[76.25,1.41],[76.22,1.41],[76.18,1.41],[76.15,1.41],[76.15,1.44]]]}},{"type":"Feature","properties":{"precip":10},"geometry":{"type":"Polygon","coordinates":[[[7.25,1.36],[7.25,1.39],[7.29,1.39],[7.29,1.41],[7.33,1.41],[7.33,1.38],[7.36,1.38],[7.36,1.33],[7.33,1.33],[7.33,1.31],[7.29,1.29],[7.29,1.31],[7.25,1.31],[7.25,1.36]]]}},{"type":"Feature","properties":{"precip":10},"geometry":{"type":"Polygon","coordinates":[[[37.16,1.38],[37.16,1.39],[37.2,1.39],[37.2,1.41],[37.42,1.41],[37.42,1.39],[37.45,1.38],[37.45,1.36],[37.42,1.34],[37.42,1.31],[37.38,1.26],[37.34,1.24],[37.34,1.23],[37.31,1.21],[37.27,1.21],[37.27,1.23],[37.24,1.24],[37.24,1.26],[37.2,1.28],[37.2,1.31],[37.16,1.33],[37.16,1.38]]]}},{"type":"Feature","properties":{"precip":10},"geometry":{"type":"Polygon","coordinates":[[[88.06,1.36],[88.06,1.39],[88.1,1.41],[88.13,1.39],[88.13,1.34],[88.17,1.33],[88.17,1.21],[88.17,1.19],[88.24,1.19],[88.24,1.13],[88.17,1.13],[88.13,1.11],[87.84,1.11],[87.7,1.14],[87.7,1.18],[87.7,1.19],[87.52,1.19],[87.48,1.21],[87.45,1.23],[87.45,1.26],[87.48,1.28],[87.52,1.29],[87.7,1.29],[87.81,1.31],[87.92,1.31],[87.95,1.33],[88.02,1.33],[88.06,1.34],[88.06,1.36]]]}},{"type":"Feature","properties":{"precip":10},"geometry":{"type":"Polygon","coordinates":[[[9.34,1.14],[9.34,1.21],[9.38,1.23],[9.38,1.29],[9.41,1.29],[9.41,1.28],[9.45,1.26],[9.45,1.05],[9.41,1.03],[9.41,1.0],[9.38,1.0],[9.38,1.08],[9.34,1.09],[9.34,1.14]]]}},{"type":"Feature","properties":{"precip":10},"geometry":{"type":"Polygon","coordinates":[[[29.86,1.24],[29.86,1.29],[29.93,1.29],[29.93,1.26],[29.97,1.26],[29.97,1.24],[29.93,1.23],[29.93,1.19],[29.89,1.19],[29.86,1.21],[29.86,1.24]]]}},{"type":"Feature","properties":{"precip":10},"geometry":{"type":"Polygon","coordinates":[[[96.34,1.14],[96.34,1.16],[96.37,1.18],[96.37,1.19],[96.45,1.19],[96.45,1.11],[96.37,1.11],[96.37,1.13],[96.34,1.13],[96.34,1.14]]]}},{"type":"Feature","properties":{"precip":10},"geometry":{"type":"Polygon","coordinates":[[[67.36,1.05],[67.36,1.09],[67.4,1.09],[67.4,1.11],[67.44,1.09],[67.44,1.01],[67.4,1.0],[67.4,1.01],[67.36,1.01],[67.36,1.05]]]}},{"type":"Feature","properties":{"precip":10},"geometry":{"type":"Polygon","coordinates":[[[18.27,0.9],[18.27,1.0],[18.3,1.0],[18.34,0.98],[18.34,0.83],[18.3,0.81],[18.27,0.81],[18.27,0.9]]]}},{"type":"Feature","properties":{"precip":10},"geometry":{"type":"Polygon","coordinates":[[[29.97,0.95],[29.97,0.98],[30.0,1.0],[30.11,1.0],[30.11,0.98],[30.15,0.98],[30.15,0.91],[30.11,0.91],[30.11,0.9],[30.0,0.9],[29.97,0.91],[29.97,0.95]]]}},{"type":"Feature","properties":{"precip":10},"geometry":{"type":"Polygon","coordinates":[[[35.36,0.81],[35.36,0.96],[35.4,0.98],[35.4,1.0],[35.51,1.0],[35.51,0.98],[35.54,0.96],[35.54,0.86],[35.58,0.85],[35.62,0.81],[35.65,0.81],[35.69,0.8],[35.76,0.83],[35.76,0.86],[35.8,0.88],[35.83,0.86],[35.87,0.85],[35.9,0.81],[35.9,0.8],[35.94,0.78],[35.94,0.75],[36.05,0.7],[36.08,0.7],[36.12,0.68],[36.12,0.66],[36.16,0.65],[36.16,0.63],[36.19,0.61],[36.19,0.6],[36.23,0.58],[36.23,0.56],[36.34,0.51],[36.37,0.51],[36.41,0.5],[36.52,0.5],[36.55,0.51],[36.59,0.51],[36.66,0.55],[36.66,0.58],[36.73,0.6],[36.8,0.6],[36.8,0.61],[36.84,0.61],[36.84,0.75],[36.88,0.76],[36.88,0.8],[36.91,0.81],[36.91,0.78],[36.95,0.76],[36.95,0.58],[36.98,0.55],[36.98,0.5],[37.06,0.46],[37.06,0.43],[37.02,0.41],[37.02,0.4],[36.98,0.4],[36.98,0.43],[36.95,0.43],[36.95,0.46],[36.88,0.5],[36.7,0.5],[36.7,0.48],[36.66,0.46],[36.66,0.03],[36.7,0.03],[36.7,0.02],[36.73,0.02],[36.77,-0.0],[36.8,-0.0],[36.8,-0.02],[36.84,-0.03],[36.84,-0.13],[36.8,-0.2],[36.73,-0.27],[36.59,-0.4],[36.55,-0.45],[36.48,-0.48],[36.48,-0.47],[36.44,-0.43],[36.44,-0.42],[36.41,-0.4],[36.37,-0.42],[36.37,-0.43],[36.34,-0.47],[36.34,-0.58],[36.3,-0.6],[36.26,-0.58],[36.26,-0.57],[36.23,-0.53],[36.23,-0.52],[36.19,-0.52],[36.16,-0.53],[36.16,-0.55],[36.12,-0.57],[36.12,-0.58],[36.08,-0.6],[36.08,-0.55],[36.05,-0.55],[36.05,-0.53],[36.01,-0.52],[35.98,-0.52],[35.83,-0.52],[35.8,-0.5],[35.69,-0.5],[35.69,-0.48],[35.65,-0.47],[35.65,-0.23],[35.62,-0.23],[35.62,-0.2],[35.58,-0.2],[35.58,-0.17],[35.54,-0.13],[35.54,0.07],[35.47,0.1],[35.4,0.1],[35.36,0.12],[35.36,0.2],[35.4,0.2],[35.44,0.22],[35.44,0.46],[35.4,0.48],[35.4,0.5],[35.33,0.5],[35.33,0.51],[35.29,0.51],[35.26,0.53],[35.26,0.58],[35.29,0.58],[35.29,0.6],[35.33,0.6],[35.33,0.68],[35.36,0.73],[35.36,0.81]],[[35.54,0.75],[35.54,0.8],[35.47,0.8],[35.47,0.78],[35.44,0.76],[35.44,0.75],[35.47,0.73],[35.47,0.7],[35.51,0.7],[35.54,0.71],[35.54,0.75]],[[36.55,0.31],[36.55,0.36],[36.52,0.38],[36.52,0.4],[36.48,0.38],[36.37,0.3],[36.37,0.22],[36.41,0.2],[36.48,0.2],[36.48,0.22],[36.52,0.22],[36.52,0.23],[36.55,0.25],[36.55,0.31]],[[36.19,0.23],[36.12,0.3],[36.08,0.3],[36.05,0.28],[36.05,0.05],[36.08,0.03],[36.08,0.02],[36.12,0.02],[36.16,-0.0],[36.23,0.03],[36.26,0.07],[36.26,0.12],[36.23,0.15],[36.23,0.18],[36.19,0.23]],[[36.34,-0.05],[36.34,-0.0],[36.26,-0.0],[36.26,-0.1],[36.34,-0.1],[36.34,-0.05]],[[36.66,-0.1],[36.66,-0.05],[36.62,-0.03],[36.62,-0.0],[36.59,-0.0],[36.59,-0.02],[36.55,-0.02],[36.55,-0.18],[36.59,-0.18],[36.59,-0.2],[36.62,-0.2],[36.62,-0.17],[36.66,-0.13],[36.66,-0.1]]]}},{"type":"Feature","properties":{"precip":10},"geometry":{"type":"Polygon","coordinates":[[[36.05,0.95],[36.05,0.98],[36.08,1.0],[36.12,1.0],[36.12,0.98],[36.16,0.98],[36.16,0.91],[36.12,0.91],[36.12,0.9],[36.08,0.9],[36.05,0.91],[36.05,0.95]]]}},{"type":"Feature","properties":{"precip":10},"geometry":{"type":"Polygon","coordinates":[[[56.64,0.83],[56.64,0.88],[56.67,0.91],[56.67,1.0],[56.71,1.0],[56.75,0.98],[56.75,0.95],[56.82,0.88],[56.82,0.85],[56.85,0.81],[56.85,0.73],[56.89,0.71],[56.89,0.7],[56.93,0.7],[56.93,0.63],[56.96,0.6],[56.96,0.45],[56.93,0.41],[56.89,0.41],[56.85,0.43],[56.78,0.53],[56.71,0.58],[56.71,0.61],[56.67,0.66],[56.67,0.73],[56.64,0.78],[56.64,0.83]]]}},{"type":"Feature","properties":{"precip":10},"geometry":{"type":"Polygon","coordinates":[[[17.94,0.86],[17.94,0.88],[17.98,0.88],[17.98,0.9],[18.02,0.9],[18.02,0.88],[18.05,0.88],[18.05,0.81],[17.98,0.81],[17.94,0.83],[17.94,0.86]]]}},{"type":"Feature","properties":{"precip":10},"geometry":{"type":"Polygon","coordinates":[[[30.43,0.86],[30.47,0.86],[30.47,0.9],[30.51,0.9],[30.51,0.88],[30.54,0.88],[30.54,0.73],[30.47,0.7],[30.33,0.7],[30.33,0.71],[30.29,0.71],[30.29,0.73],[30.25,0.73],[30.25,0.78],[30.29,0.8],[30.33,0.8],[30.36,0.81],[30.43,0.81],[30.43,0.86]]]}},{"type":"Feature","properties":{"precip":10},"geometry":{"type":"Polygon","coordinates":[[[70.96,0.86],[70.96,0.88],[71.0,0.9],[71.03,0.9],[71.03,0.81],[70.96,0.81],[70.96,0.86]]]}},{"type":"Feature","properties":{"precip":10},"geometry":{"type":"Polygon","coordinates":[[[81.91,0.86],[81.98,0.88],[81.98,0.9],[82.01,0.9],[82.01,0.88],[82.05,0.88],[82.05,0.81],[81.98,0.81],[81.98,0.83],[81.91,0.85],[81.91,0.86]]]}},{"type":"Feature","properties":{"precip":10},"geometry":{"type":"Polygon","coordinates":[[[20.07,0.75],[20.07,0.8],[20.14,0.8],[20.14,0.71],[20.1,0.7],[20.07,0.7],[20.07,0.6],[20.03,0.58],[20.03,0.53],[20.0,0.51],[20.0,0.48],[19.92,0.41],[19.89,0.41],[19.85,0.4],[19.82,0.4],[19.74,0.43],[19.74,0.48],[19.78,0.48],[19.78,0.5],[19.82,0.5],[19.82,0.51],[19.85,0.53],[19.85,0.66],[19.92,0.7],[20.0,0.7],[20.0,0.71],[20.03,0.71],[20.03,0.75],[20.07,0.75]]]}},{"type":"Feature","properties":{"precip":10},"geometry":{"type":"Polygon","coordinates":[[[30.83,0.73],[30.83,0.76],[30.87,0.76],[30.87,0.8],[30.9,0.8],[30.94,0.78],[30.97,0.75],[30.97,0.71],[31.01,0.68],[31.05,0.63],[31.05,0.55],[31.08,0.53],[31.08,0.5],[31.12,0.5],[31.15,0.48],[31.15,0.43],[31.08,0.4],[31.01,0.4],[31.01,0.38],[30.97,0.38],[30.97,0.36],[30.94,0.36],[30.94,0.31],[30.9,0.31],[30.87,0.31],[30.87,0.36],[30.83,0.36],[30.83,0.38],[30.79,0.38],[30.79,0.4],[30.72,0.4],[30.69,0.41],[30.65,0.41],[30.65,0.48],[30.69,0.5],[30.72,0.5],[30.72,0.53],[30.76,0.55],[30.76,0.65],[30.79,0.66],[30.79,0.71],[30.83,0.73]]]}},{"type":"Feature","properties":{"precip":10},"geometry":{"type":"Polygon","coordinates":[[[88.06,0.75],[88.06,0.8],[88.13,0.8],[88.13,0.78],[88.17,0.76],[88.17,0.75],[88.13,0.73],[88.13,0.7],[88.1,0.7],[88.06,0.71],[88.06,0.75]]]}},{"type":"Feature","properties":{"precip":10},"geometry":{"type":"Polygon","coordinates":[[[96.88,0.58],[96.91,0.61],[96.95,0.65],[97.02,0.7],[97.13,0.7],[97.13,0.68],[97.17,0.65],[97.17,0.63],[97.13,0.63],[97.13,0.6],[97.09,0.6],[97.09,0.58],[97.02,0.58],[97.02,0.36],[97.02,0.33],[97.02,0.31],[96.99,0.31],[96.95,0.31],[96.95,0.38],[96.91,0.38],[96.88,0.4],[96.77,0.4],[96.77,0.48],[96.81,0.53],[96.88,0.58]]]}},{"type":"Feature","properties":{"precip":10},"geometry":{"type":"Polygon","coordinates":[[[29.97,0.56],[29.97,0.58],[30.0,0.6],[30.04,0.58],[30.04,0.51],[30.0,0.5],[29.97,0.51],[29.97,0.56]]]}},{"type":"Feature","properties":{"precip":10},"geometry":{"type":"Polygon","coordinates":[[[30.15,0.56],[30.15,0.58],[30.18,0.58],[30.18,0.6],[30.22,0.6],[30.22,0.58],[30.25,0.58],[30.25,0.51],[30.22,0.51],[30.22,0.5],[30.18,0.5],[30.18,0.51],[30.15,0.53],[30.15,0.56]]]}},{"type":"Feature","properties":{"precip":10},"geometry":{"type":"Polygon","coordinates":[[[97.85,0.56],[97.85,0.58],[97.89,0.6],[97.89,0.58],[97.96,0.56],[97.96,0.55],[97.99,0.53],[97.99,0.5],[98.03,0.51],[98.03,0.56],[98.07,0.56],[98.07,0.58],[98.1,0.58],[98.1,0.6],[98.17,0.6],[98.25,0.58],[98.25,0.33],[98.21,0.31],[98.07,0.31],[98.03,0.3],[97.99,0.3],[97.99,0.28],[97.96,0.28],[97.96,0.23],[97.89,0.23],[97.89,0.22],[97.89,0.2],[97.81,0.2],[97.78,0.22],[97.78,0.23],[97.74,0.23],[97.74,0.28],[97.78,0.28],[97.78,0.3],[97.81,0.3],[97.81,0.31],[97.89,0.31],[97.89,0.33],[97.96,0.35],[97.96,0.46],[97.89,0.48],[97.89,0.5],[97.89,0.51],[97.85,0.51],[97.85,0.56]]]}},{"type":"Feature","properties":{"precip":10},"geometry":{"type":"Polygon","coordinates":[[[6.86,0.45],[6.86,0.48],[6.89,0.48],[6.89,0.5],[7.04,0.5],[7.04,0.45],[6.97,0.38],[6.82,0.23],[6.75,0.13],[6.68,0.07],[6.61,0.03],[6.57,-0.0],[6.57,0.1],[6.53,0.13],[6.57,0.18],[6.57,0.23],[6.61,0.28],[6.61,0.31],[6.68,0.38],[6.71,0.4],[6.79,0.4],[6.86,0.43],[6.86,0.45]]]}},{"type":"Feature","properties":{"precip":10},"geometry":{"type":"Polygon","coordinates":[[[81.55,0.45],[81.55,0.48],[81.58,0.48],[81.58,0.5],[81.62,0.5],[81.65,0.48],[81.65,0.41],[81.62,0.41],[81.62,0.4],[81.58,0.4],[81.58,0.41],[81.55,0.41],[81.55,0.45]]]}},{"type":"Feature","properties":{"precip":10},"geometry":{"type":"Polygon","coordinates":[[[21.65,0.35],[21.65,0.38],[21.69,0.38],[21.69,0.4],[21.72,0.4],[21.72,0.38],[21.76,0.38],[21.76,0.31],[21.72,0.31],[21.69,0.31],[21.65,0.31],[21.65,0.35]]]}},{"type":"Feature","properties":{"precip":10},"geometry":{"type":"Polygon","coordinates":[[[30.36,0.35],[30.36,0.38],[30.4,0.4],[30.43,0.4],[30.43,0.31],[30.36,0.31],[30.36,0.35]]]}},{"type":"Feature","properties":{"precip":10},"geometry":{"type":"Polygon","coordinates":[[[37.24,0.31],[37.27,0.33],[37.27,0.38],[37.31,0.4],[37.42,0.4],[37.45,0.38],[37.45,0.35],[37.42,0.33],[37.42,0.31],[37.31,0.22],[37.27,0.22],[37.27,0.23],[37.24,0.26],[37.24,0.31]]]}},{"type":"Feature","properties":{"precip":10},"geometry":{"type":"Polygon","coordinates":[[[57.07,0.35],[57.07,0.4],[57.11,0.4],[57.14,0.38],[57.14,0.31],[57.07,0.31],[57.07,0.35]]]}},{"type":"Feature","properties":{"precip":10},"geometry":{"type":"Polygon","coordinates":[[[85.86,0.35],[85.86,0.4],[85.94,0.4],[85.94,0.38],[85.97,0.36],[85.97,0.31],[86.01,0.33],[86.01,0.36],[86.08,0.4],[86.12,0.4],[86.12,0.36],[86.15,0.35],[86.15,0.17],[86.12,0.15],[86.12,0.08],[86.01,0.05],[86.01,0.03],[86.08,0.03],[86.12,-0.0],[86.15,-0.05],[86.15,-0.25],[86.12,-0.33],[86.12,-0.4],[86.08,-0.45],[86.01,-0.47],[86.01,-0.48],[85.97,-0.5],[85.97,-0.45],[85.94,-0.45],[85.94,-0.42],[85.9,-0.42],[85.9,-0.4],[85.76,-0.4],[85.76,-0.38],[85.76,-0.37],[85.76,-0.03],[85.76,-0.02],[85.76,-0.0],[85.79,0.02],[85.79,0.03],[85.86,0.05],[85.86,0.13],[85.79,0.15],[85.79,0.18],[85.76,0.18],[85.76,0.2],[85.65,0.2],[85.54,0.25],[85.54,0.26],[85.58,0.3],[85.65,0.3],[85.68,0.31],[85.76,0.31],[85.79,0.31],[85.79,0.33],[85.86,0.33],[85.86,0.35]],[[85.94,-0.25],[85.94,-0.22],[85.9,-0.2],[85.9,-0.22],[85.86,-0.22],[85.86,-0.28],[85.9,-0.3],[85.94,-0.3],[85.94,-0.25]]]}},{"type":"Feature","properties":{"precip":10},"geometry":{"type":"Polygon","coordinates":[[[98.75,0.36],[98.75,0.38],[98.75,0.4],[98.86,0.4],[98.97,0.35],[98.97,0.31],[99.04,0.31],[99.04,0.36],[99.11,0.4],[99.14,0.4],[99.14,0.27],[99.11,0.28],[99.11,0.3],[99.07,0.3],[99.07,0.25],[99.04,0.25],[99.04,0.22],[98.97,0.22],[98.97,0.2],[98.93,0.22],[98.89,0.22],[98.86,0.25],[98.82,0.26],[98.75,0.3],[98.75,0.31],[98.75,0.35],[98.75,0.36]]]}},{"type":"Feature","properties":{"precip":10},"geometry":{"type":"Polygon","coordinates":[[[28.99,0.12],[29.03,0.13],[29.03,0.15],[29.14,0.2],[29.25,0.2],[29.35,0.15],[29.43,0.08],[29.43,0.02],[29.39,0.02],[29.39,-0.02],[29.35,-0.03],[29.35,-0.15],[29.32,-0.18],[29.32,-0.2],[29.28,-0.2],[29.21,-0.18],[29.17,-0.17],[28.99,-0.0],[28.99,0.12]],[[29.14,0.05],[29.14,0.1],[29.07,0.1],[29.07,0.02],[29.1,-0.0],[29.14,0.02],[29.14,0.05]]]}},{"type":"Feature","properties":{"precip":10},"geometry":{"type":"Polygon","coordinates":[[[30.36,-0.0],[30.36,0.17],[30.4,0.18],[30.4,0.2],[30.51,0.2],[30.51,0.18],[30.54,0.18],[30.54,0.1],[30.51,0.1],[30.47,0.08],[30.47,-0.02],[30.43,-0.05],[30.43,-0.2],[30.4,-0.2],[30.4,-0.18],[30.36,-0.17],[30.36,-0.0]]]}},{"type":"Feature","properties":{"precip":10},"geometry":{"type":"Polygon","coordinates":[[[37.45,0.15],[37.45,0.18],[37.49,0.2],[37.52,0.2],[37.52,0.15],[37.56,0.13],[37.56,0.05],[37.52,0.03],[37.45,-0.0],[37.38,-0.0],[37.34,0.02],[37.31,0.02],[37.24,0.03],[37.24,0.05],[37.27,0.07],[37.27,0.08],[37.31,0.08],[37.31,0.1],[37.42,0.1],[37.42,0.12],[37.45,0.13],[37.45,0.15]]]}},{"type":"Feature","properties":{"precip":10},"geometry":{"type":"Polygon","coordinates":[[[21.15,-0.05],[21.15,0.07],[21.18,0.08],[21.22,0.08],[21.33,-0.0],[21.33,-0.1],[21.36,-0.15],[21.33,-0.2],[21.33,-0.23],[21.29,-0.28],[21.29,-0.33],[21.22,-0.37],[21.22,-0.38],[21.18,-0.38],[21.15,-0.37],[21.15,-0.35],[21.11,-0.32],[21.08,-0.3],[21.08,-0.22],[21.11,-0.22],[21.11,-0.18],[21.15,-0.15],[21.15,-0.05]]]}},{"type":"Feature","properties":{"precip":10},"geometry":{"type":"Polygon","coordinates":[[[29.86,-0.25],[29.86,-0.22],[29.89,-0.22],[29.89,-0.2],[29.93,-0.22],[29.93,-0.23],[29.97,-0.23],[29.97,-0.25],[29.93,-0.27],[29.93,-0.3],[29.89,-0.3],[29.86,-0.28],[29.86,-0.25]]]}},{"type":"Feature","properties":{"precip":10},"geometry":{"type":"Polygon","coordinates":[[[22.95,-0.35],[22.95,-0.32],[22.98,-0.32],[22.98,-0.3],[23.02,-0.3],[23.02,-0.32],[23.05,-0.32],[23.05,-0.38],[23.02,-0.38],[23.02,-0.4],[22.98,-0.4],[22.98,-0.38],[22.95,-0.38],[22.95,-0.35]]]}},{"type":"Feature","properties":{"precip":10},"geometry":{"type":"Polygon","coordinates":[[[56.96,-0.35],[56.96,-0.3],[57.03,-0.3],[57.03,-0.33],[57.07,-0.35],[57.03,-0.37],[57.03,-0.4],[56.96,-0.4],[56.96,-0.35]]]}},{"type":"Feature","properties":{"precip":10},"geometry":{"type":"Polygon","coordinates":[[[28.63,-0.45],[28.67,-0.45],[28.67,-0.42],[28.71,-0.42],[28.71,-0.4],[28.78,-0.4],[28.85,-0.43],[28.85,-0.48],[28.81,-0.5],[28.78,-0.5],[28.74,-0.52],[28.74,-0.5],[28.67,-0.5],[28.67,-0.47],[28.63,-0.45]]]}},{"type":"Feature","properties":{"precip":10},"geometry":{"type":"Polygon","coordinates":[[[34.64,-0.45],[34.64,-0.43],[34.68,-0.43],[34.68,-0.42],[34.72,-0.4],[34.79,-0.4],[34.82,-0.42],[34.82,-0.43],[34.86,-0.43],[34.86,-0.48],[34.82,-0.48],[34.82,-0.5],[34.79,-0.5],[34.75,-0.52],[34.72,-0.5],[34.68,-0.5],[34.68,-0.48],[34.64,-0.48],[34.64,-0.45]]]}},{"type":"Feature","properties":{"precip":10},"geometry":{"type":"Polygon","coordinates":[[[21.87,-0.55],[21.87,-0.52],[21.9,-0.52],[22.05,-0.52],[22.12,-0.52],[22.15,-0.53],[22.15,-0.55],[22.19,-0.58],[22.23,-0.58],[22.23,-0.55],[22.26,-0.53],[22.26,-0.52],[22.3,-0.52],[22.33,-0.52],[22.33,-0.53],[22.41,-0.6],[22.41,-0.63],[22.44,-0.68],[22.44,-0.78],[22.41,-0.8],[22.37,-0.8],[22.37,-0.86],[22.33,-0.9],[22.37,-0.93],[22.37,-0.98],[22.41,-1.01],[22.41,-1.03],[22.44,-1.03],[22.44,-1.06],[22.41,-1.08],[22.41,-1.1],[22.37,-1.11],[22.37,-1.2],[22.33,-1.23],[22.33,-1.38],[22.3,-1.4],[22.23,-1.4],[22.19,-1.38],[22.15,-1.38],[22.15,-1.33],[22.12,-1.33],[22.12,-1.31],[22.08,-1.31],[22.08,-1.33],[22.05,-1.33],[22.05,-1.45],[22.08,-1.46],[22.08,-1.48],[22.12,-1.49],[22.3,-1.49],[22.37,-1.51],[22.41,-1.53],[22.44,-1.53],[22.44,-1.64],[22.48,-1.66],[22.48,-1.68],[22.51,-1.69],[22.59,-1.69],[22.59,-1.71],[22.62,-1.73],[22.62,-1.74],[22.66,-1.78],[22.66,-2.14],[22.69,-2.16],[22.69,-2.19],[22.73,-2.21],[22.73,-2.29],[22.69,-2.32],[22.62,-2.36],[22.55,-2.37],[22.51,-2.41],[22.33,-2.41],[22.26,-2.37],[22.26,-2.26],[22.23,-2.24],[22.23,-2.21],[22.19,-2.21],[22.19,-2.19],[22.15,-2.19],[22.12,-2.18],[22.12,-2.16],[22.05,-2.14],[21.97,-2.08],[21.94,-2.06],[21.9,-1.99],[21.83,-1.94],[21.79,-1.93],[21.76,-1.89],[21.72,-1.89],[21.65,-1.93],[21.61,-1.96],[21.61,-1.99],[21.58,-1.99],[21.58,-1.94],[21.47,-1.89],[21.4,-1.89],[21.4,-1.88],[21.36,-1.88],[21.36,-1.69],[21.33,-1.66],[21.33,-1.59],[21.29,-1.59],[21.26,-1.61],[21.26,-1.74],[21.22,-1.76],[21.22,-1.79],[21.18,-1.79],[21.15,-1.81],[21.11,-1.79],[21.08,-1.79],[21.08,-1.78],[21.04,-1.76],[21.04,-1.73],[21.08,-1.73],[21.08,-1.69],[21.11,-1.69],[21.11,-1.68],[21.15,-1.64],[21.15,-1.46],[21.18,-1.45],[21.18,-1.4],[21.22,-1.4],[21.22,-1.33],[21.26,-1.28],[21.26,-0.93],[21.29,-0.85],[21.33,-0.78],[21.4,-0.73],[21.43,-0.71],[21.51,-0.7],[21.58,-0.7],[21.65,-0.66],[21.65,-0.61],[21.69,-0.61],[21.69,-0.6],[21.79,-0.6],[21.79,-0.58],[21.83,-0.58],[21.83,-0.57],[21.87,-0.55]],[[22.33,-1.05],[22.33,-1.01],[22.26,-1.01],[22.26,-1.08],[22.3,-1.1],[22.33,-1.1],[22.33,-1.05]],[[21.87,-1.74],[21.83,-1.73],[21.83,-1.69],[21.79,-1.69],[21.76,-1.71],[21.76,-1.79],[21.79,-1.79],[21.79,-1.81],[21.83,-1.79],[21.83,-1.78],[21.87,-1.76],[21.87,-1.74]],[[21.94,-1.86],[21.94,-1.81],[21.87,-1.81],[21.87,-1.89],[21.9,-1.89],[21.94,-1.88],[21.94,-1.86]]]}},{"type":"Feature","properties":{"precip":10},"geometry":{"type":"Polygon","coordinates":[[[23.13,-0.57],[23.13,-0.53],[23.16,-0.52],[23.2,-0.52],[23.23,-0.52],[23.23,-0.53],[23.34,-0.63],[23.34,-0.68],[23.31,-0.7],[23.09,-0.7],[23.05,-0.68],[23.05,-0.63],[23.09,-0.61],[23.13,-0.57]]]}},{"type":"Feature","properties":{"precip":10},"geometry":{"type":"Polygon","coordinates":[[[66.86,-0.55],[66.86,-0.52],[66.93,-0.52],[66.93,-0.53],[66.97,-0.53],[66.97,-0.55],[66.93,-0.57],[66.93,-0.6],[66.9,-0.6],[66.86,-0.58],[66.86,-0.55]]]}},{"type":"Feature","properties":{"precip":10},"geometry":{"type":"Polygon","coordinates":[[[27.05,-0.65],[27.05,-0.61],[27.09,-0.6],[27.09,-0.61],[27.12,-0.61],[27.19,-0.68],[27.19,-0.7],[27.23,-0.71],[27.23,-0.78],[27.19,-0.8],[27.16,-0.83],[27.16,-0.85],[27.12,-0.86],[27.12,-0.88],[27.09,-0.88],[27.05,-0.86],[27.05,-0.81],[27.01,-0.81],[27.01,-0.8],[26.94,-0.8],[26.91,-0.78],[26.87,-0.78],[26.87,-0.76],[26.83,-0.76],[26.87,-0.75],[26.87,-0.71],[26.91,-0.71],[26.94,-0.7],[27.01,-0.7],[27.01,-0.68],[27.05,-0.68],[27.05,-0.65]]]}},{"type":"Feature","properties":{"precip":10},"geometry":{"type":"Polygon","coordinates":[[[28.02,-0.68],[28.02,-0.66],[28.06,-0.65],[28.06,-0.63],[28.09,-0.61],[28.09,-0.6],[28.17,-0.6],[28.2,-0.61],[28.24,-0.65],[28.27,-0.66],[28.31,-0.7],[28.35,-0.75],[28.35,-0.86],[28.24,-0.96],[28.17,-1.0],[28.13,-1.0],[28.06,-0.96],[27.99,-0.9],[27.99,-0.86],[27.95,-0.83],[27.95,-0.76],[27.99,-0.75],[27.99,-0.7],[28.02,-0.68]]]}},{"type":"Feature","properties":{"precip":10},"geometry":{"type":"Polygon","coordinates":[[[28.56,-0.73],[28.56,-0.61],[28.6,-0.61],[28.63,-0.6],[28.74,-0.6],[28.85,-0.65],[28.85,-0.68],[28.78,-0.71],[28.78,-0.73],[28.74,-0.75],[28.78,-0.76],[28.78,-0.78],[28.81,-0.8],[28.81,-0.81],[28.85,-0.83],[28.85,-0.86],[28.78,-0.9],[28.74,-0.93],[28.74,-1.01],[28.78,-1.05],[28.78,-1.06],[28.85,-1.1],[28.89,-1.1],[28.92,-1.11],[28.92,-1.13],[28.96,-1.15],[28.96,-1.26],[28.92,-1.28],[28.92,-1.31],[28.89,-1.31],[28.89,-1.3],[28.85,-1.3],[28.85,-1.21],[28.81,-1.21],[28.81,-1.2],[28.78,-1.2],[28.78,-1.25],[28.74,-1.26],[28.74,-1.35],[28.71,-1.36],[28.71,-1.41],[28.63,-1.45],[28.6,-1.48],[28.6,-1.53],[28.56,-1.56],[28.56,-1.66],[28.6,-1.69],[28.6,-1.73],[28.63,-1.73],[28.63,-1.78],[28.6,-1.78],[28.6,-1.81],[28.56,-1.86],[28.56,-2.44],[28.6,-2.47],[28.6,-2.51],[28.63,-2.52],[28.63,-2.56],[28.56,-2.62],[28.56,-2.66],[28.53,-2.69],[28.45,-2.74],[28.42,-2.79],[28.35,-2.84],[28.31,-2.89],[28.31,-2.94],[28.27,-2.97],[28.27,-3.02],[28.24,-3.07],[28.24,-3.22],[28.27,-3.24],[28.27,-3.27],[28.31,-3.29],[28.38,-3.29],[28.45,-3.32],[28.45,-3.37],[28.49,-3.4],[28.56,-3.4],[28.6,-3.42],[28.74,-3.54],[28.74,-3.59],[28.67,-3.59],[28.67,-3.55],[28.63,-3.54],[28.63,-3.52],[28.53,-3.5],[28.45,-3.52],[28.45,-3.59],[28.49,-3.59],[28.56,-3.65],[28.49,-3.69],[28.49,-3.74],[28.45,-3.77],[28.45,-4.05],[28.42,-4.07],[28.42,-4.08],[28.31,-4.1],[28.24,-4.13],[28.24,-4.18],[28.2,-4.2],[28.09,-4.2],[28.06,-4.25],[28.06,-4.6],[28.09,-4.63],[28.09,-4.68],[28.17,-4.77],[28.27,-4.87],[28.27,-4.88],[28.35,-4.96],[28.35,-5.03],[28.27,-5.11],[28.27,-5.15],[28.13,-5.26],[28.13,-5.3],[28.06,-5.38],[28.06,-5.46],[27.99,-5.48],[27.88,-5.4],[27.88,-5.26],[27.84,-5.21],[27.84,-4.93],[27.77,-4.88],[27.77,-4.83],[27.73,-4.8],[27.73,-4.73],[27.7,-4.7],[27.45,-4.7],[27.3,-4.67],[27.27,-4.63],[27.19,-4.62],[27.19,-4.58],[27.16,-4.53],[27.16,-4.43],[27.12,-4.4],[27.05,-4.37],[27.05,-4.23],[26.98,-4.2],[26.91,-4.2],[26.87,-4.18],[26.87,-4.12],[26.83,-4.08],[26.83,-4.0],[26.87,-3.97],[26.87,-3.92],[26.91,-3.9],[27.05,-3.9],[27.16,-3.85],[27.16,-3.82],[27.23,-3.79],[27.3,-3.79],[27.34,-3.79],[27.34,-3.72],[27.27,-3.7],[27.12,-3.7],[27.05,-3.67],[27.05,-3.52],[26.98,-3.47],[26.94,-3.47],[26.94,-3.44],[27.01,-3.4],[27.05,-3.37],[27.05,-3.32],[27.01,-3.32],[26.98,-3.27],[26.98,-3.2],[26.94,-3.07],[26.94,-2.71],[26.98,-2.64],[27.01,-2.61],[27.01,-2.56],[27.05,-2.52],[27.05,-2.21],[27.09,-2.16],[27.09,-2.14],[27.12,-2.09],[27.16,-2.06],[27.16,-2.03],[27.23,-1.98],[27.27,-1.93],[27.3,-1.91],[27.3,-1.89],[27.34,-1.91],[27.34,-2.03],[27.37,-2.04],[27.37,-2.08],[27.41,-2.09],[27.45,-2.09],[27.45,-2.11],[27.55,-2.11],[27.55,-2.09],[27.63,-2.09],[27.63,-2.06],[27.66,-2.04],[27.66,-1.94],[27.7,-1.89],[27.77,-1.84],[27.84,-1.81],[27.91,-1.81],[28.02,-1.76],[28.06,-1.73],[28.13,-1.68],[28.17,-1.63],[28.2,-1.58],[28.24,-1.53],[28.24,-1.46],[28.27,-1.45],[28.27,-1.4],[28.31,-1.4],[28.31,-1.38],[28.35,-1.36],[28.35,-1.35],[28.31,-1.33],[28.31,-1.3],[28.27,-1.26],[28.13,-1.2],[28.09,-1.2],[28.06,-1.18],[28.06,-1.11],[28.09,-1.11],[28.09,-1.1],[28.17,-1.1],[28.31,-1.06],[28.38,-1.03],[28.42,-0.98],[28.49,-0.91],[28.53,-0.85],[28.53,-0.78],[28.56,-0.73]],[[28.45,-1.15],[28.45,-1.11],[28.42,-1.1],[28.38,-1.1],[28.38,-1.11],[28.35,-1.11],[28.35,-1.18],[28.38,-1.18],[28.38,-1.2],[28.42,-1.2],[28.45,-1.18],[28.45,-1.15]]]}},{"type":"Feature","properties":{"precip":10},"geometry":{"type":"Polygon","coordinates":[[[66.25,-0.65],[66.25,-0.61],[66.28,-0.61],[66.28,-0.6],[66.32,-0.6],[66.32,-0.61],[66.36,-0.61],[66.36,-0.68],[66.32,-0.68],[66.32,-0.7],[66.28,-0.7],[66.28,-0.68],[66.25,-0.68],[66.25,-0.65]]]}},{"type":"Feature","properties":{"precip":10},"geometry":{"type":"Polygon","coordinates":[[[17.84,-0.8],[17.87,-0.76],[17.87,-0.73],[17.91,-0.71],[17.98,-0.71],[18.02,-0.75],[18.09,-0.78],[18.12,-0.81],[18.2,-0.88],[18.23,-0.93],[18.23,-1.06],[18.16,-1.1],[18.12,-1.1],[18.05,-1.06],[18.05,-1.01],[18.09,-1.01],[18.09,-1.0],[18.12,-1.0],[18.16,-0.98],[18.16,-0.95],[18.12,-0.93],[18.12,-0.91],[18.09,-0.91],[18.05,-0.9],[17.94,-0.9],[17.91,-0.88],[17.87,-0.88],[17.87,-0.85],[17.84,-0.81],[17.84,-0.8]]]}},{"type":"Feature","properties":{"precip":10},"geometry":{"type":"Polygon","coordinates":[[[19.85,-0.78],[19.85,-0.73],[19.89,-0.73],[19.89,-0.71],[19.92,-0.71],[19.92,-0.7],[20.0,-0.7],[20.0,-0.71],[20.03,-0.71],[20.03,-0.78],[20.07,-0.8],[20.07,-0.88],[20.03,-0.91],[20.03,-1.0],[20.0,-1.0],[19.96,-0.98],[19.96,-0.95],[19.89,-0.88],[19.89,-0.85],[19.85,-0.8],[19.85,-0.78]]]}},{"type":"Feature","properties":{"precip":10},"geometry":{"type":"Polygon","coordinates":[[[23.56,-0.8],[23.56,-0.71],[23.59,-0.71],[23.59,-0.7],[23.63,-0.71],[23.63,-0.76],[23.67,-0.78],[23.67,-0.81],[23.63,-0.83],[23.63,-0.9],[23.59,-0.9],[23.56,-0.88],[23.56,-0.8]]]}},{"type":"Feature","properties":{"precip":10},"geometry":{"type":"Polygon","coordinates":[[[66.25,-0.85],[66.25,-0.81],[66.28,-0.81],[66.28,-0.8],[66.32,-0.8],[66.32,-0.81],[66.36,-0.81],[66.36,-0.88],[66.32,-0.88],[66.32,-0.9],[66.28,-0.9],[66.28,-0.88],[66.25,-0.88],[66.25,-0.85]]]}},{"type":"Feature","properties":{"precip":10},"geometry":{"type":"Polygon","coordinates":[[[82.12,-0.85],[82.12,-0.8],[82.23,-0.8],[82.23,-0.81],[82.27,-0.83],[82.27,-0.86],[82.23,-0.88],[82.23,-0.9],[82.12,-0.9],[82.12,-0.85]]]}},{"type":"Feature","properties":{"precip":10},"geometry":{"type":"Polygon","coordinates":[[[35.26,-0.95],[35.26,-0.91],[35.29,-0.9],[35.33,-0.9],[35.33,-0.91],[35.36,-0.93],[35.36,-0.98],[35.33,-0.98],[35.33,-1.0],[35.26,-1.0],[35.26,-0.95]]]}},{"type":"Feature","properties":{"precip":10},"geometry":{"type":"Polygon","coordinates":[[[70.67,-1.03],[70.75,-0.93],[70.78,-0.91],[70.82,-0.91],[70.85,-0.95],[70.85,-1.15],[70.82,-1.18],[70.78,-1.2],[70.6,-1.2],[70.57,-1.18],[70.57,-1.11],[70.67,-1.03]]]}},{"type":"Feature","properties":{"precip":10},"geometry":{"type":"Polygon","coordinates":[[[29.1,-1.06],[29.14,-1.05],[29.17,-1.03],[29.17,-1.01],[29.25,-1.01],[29.25,-1.08],[29.17,-1.11],[29.17,-1.16],[29.21,-1.2],[29.21,-1.23],[29.35,-1.35],[29.39,-1.4],[29.43,-1.43],[29.43,-1.49],[29.28,-1.49],[29.28,-1.46],[29.25,-1.45],[29.25,-1.33],[29.21,-1.33],[29.21,-1.31],[29.14,-1.31],[29.1,-1.3],[29.1,-1.28],[29.07,-1.26],[29.07,-1.11],[29.1,-1.06]]]}},{"type":"Feature","properties":{"precip":10},"geometry":{"type":"Polygon","coordinates":[[[68.41,-1.06],[68.44,-1.05],[68.48,-1.03],[68.48,-1.01],[68.55,-1.01],[68.55,-1.06],[68.59,-1.08],[68.59,-1.1],[68.66,-1.1],[68.7,-1.11],[68.84,-1.25],[68.84,-1.33],[68.88,-1.35],[68.88,-1.38],[68.91,-1.38],[68.91,-1.4],[68.98,-1.4],[69.06,-1.36],[69.06,-1.33],[69.09,-1.33],[69.09,-1.31],[69.16,-1.31],[69.2,-1.3],[69.24,-1.3],[69.24,-1.25],[69.27,-1.25],[69.27,-1.21],[69.31,-1.21],[69.34,-1.2],[69.38,-1.2],[69.38,-1.21],[69.42,-1.21],[69.42,-1.23],[69.45,-1.25],[69.45,-1.36],[69.49,-1.36],[69.49,-1.38],[69.52,-1.4],[69.6,-1.4],[69.6,-1.41],[69.63,-1.41],[69.63,-1.43],[69.67,-1.45],[69.67,-1.46],[69.63,-1.46],[69.63,-1.49],[69.6,-1.49],[69.6,-1.51],[69.56,-1.54],[69.56,-1.86],[69.52,-1.88],[69.49,-1.89],[69.34,-1.89],[69.31,-1.91],[69.27,-1.91],[69.27,-1.94],[69.24,-1.94],[69.24,-1.99],[69.2,-1.99],[69.16,-1.98],[69.16,-1.86],[69.13,-1.84],[69.13,-1.81],[69.09,-1.81],[69.09,-1.79],[69.06,-1.78],[69.06,-1.64],[69.02,-1.63],[69.02,-1.61],[68.98,-1.59],[68.77,-1.59],[68.7,-1.59],[68.66,-1.59],[68.55,-1.54],[68.48,-1.48],[68.44,-1.43],[68.41,-1.36],[68.37,-1.33],[68.37,-1.11],[68.41,-1.06]]]}},{"type":"Feature","properties":{"precip":10},"geometry":{"type":"Polygon","coordinates":[[[22.84,-1.15],[22.84,-1.13],[22.87,-1.11],[22.87,-1.1],[22.95,-1.1],[22.95,-1.2],[22.87,-1.2],[22.87,-1.18],[22.84,-1.16],[22.84,-1.15]]]}},{"type":"Feature","properties":{"precip":10},"geometry":{"type":"Polygon","coordinates":[[[23.16,-1.25],[23.16,-1.21],[23.2,-1.21],[23.2,-1.2],[23.23,-1.21],[23.23,-1.3],[23.2,-1.31],[23.2,-1.3],[23.16,-1.3],[23.16,-1.25]]]}},{"type":"Feature","properties":{"precip":10},"geometry":{"type":"Polygon","coordinates":[[[89.86,-1.35],[89.86,-1.31],[89.9,-1.31],[89.9,-1.33],[89.97,-1.33],[89.97,-1.35],[89.9,-1.36],[89.9,-1.4],[89.86,-1.38],[89.86,-1.35]]]}},{"type":"Feature","properties":{"precip":10},"geometry":{"type":"Polygon","coordinates":[[[23.05,-1.45],[23.05,-1.41],[23.09,-1.41],[23.09,-1.4],[23.13,-1.4],[23.13,-1.41],[23.16,-1.43],[23.16,-1.46],[23.13,-1.48],[23.13,-1.49],[23.09,-1.49],[23.05,-1.48],[23.05,-1.45]]]}},{"type":"Feature","properties":{"precip":10},"geometry":{"type":"Polygon","coordinates":[[[88.17,-1.45],[88.17,-1.4],[88.24,-1.41],[88.24,-1.49],[88.17,-1.49],[88.17,-1.45]]]}},{"type":"Feature","properties":{"precip":10},"geometry":{"type":"Polygon","coordinates":[[[98.1,-1.49],[98.17,-1.46],[98.17,-1.43],[98.25,-1.4],[98.32,-1.43],[98.39,-1.48],[98.5,-1.61],[98.53,-1.64],[98.53,-1.69],[98.43,-1.69],[98.43,-1.71],[98.39,-1.71],[98.32,-1.73],[98.32,-1.74],[98.32,-1.76],[98.32,-1.81],[98.28,-1.79],[98.28,-1.74],[98.25,-1.74],[98.25,-1.73],[98.21,-1.71],[98.17,-1.71],[98.17,-1.69],[98.1,-1.69],[98.07,-1.68],[98.07,-1.59],[98.1,-1.59],[98.1,-1.49]]]}},{"type":"Feature","properties":{"precip":10},"geometry":{"type":"Polygon","coordinates":[[[27.34,-1.64],[27.34,-1.63],[27.37,-1.61],[27.37,-1.59],[27.45,-1.59],[27.45,-1.69],[27.37,-1.69],[27.37,-1.68],[27.34,-1.66],[27.34,-1.64]]]}},{"type":"Feature","properties":{"precip":10},"geometry":{"type":"Polygon","coordinates":[[[29.14,-1.64],[29.14,-1.63],[29.17,-1.61],[29.17,-1.59],[29.25,-1.59],[29.25,-1.69],[29.17,-1.69],[29.17,-1.68],[29.14,-1.66],[29.14,-1.64]]]}},{"type":"Feature","properties":{"precip":10},"geometry":{"type":"Polygon","coordinates":[[[27.55,-1.74],[27.55,-1.71],[27.59,-1.71],[27.59,-1.69],[27.63,-1.69],[27.63,-1.73],[27.66,-1.73],[27.66,-1.78],[27.63,-1.78],[27.63,-1.81],[27.59,-1.81],[27.59,-1.79],[27.55,-1.79],[27.55,-1.74]]]}},{"type":"Feature","properties":{"precip":10},"geometry":{"type":"Polygon","coordinates":[[[36.26,-1.74],[36.26,-1.69],[36.34,-1.69],[36.34,-1.79],[36.3,-1.81],[36.26,-1.79],[36.26,-1.74]]]}},{"type":"Feature","properties":{"precip":10},"geometry":{"type":"Polygon","coordinates":[[[68.01,-1.78],[68.08,-1.71],[68.12,-1.71],[68.12,-1.73],[68.16,-1.76],[68.16,-1.94],[68.12,-1.96],[68.12,-1.98],[68.08,-1.99],[68.01,-1.99],[67.98,-1.98],[67.98,-1.96],[67.94,-1.93],[67.94,-1.89],[67.98,-1.86],[67.98,-1.83],[68.01,-1.78]]]}},{"type":"Feature","properties":{"precip":10},"geometry":{"type":"Polygon","coordinates":[[[29.14,-1.86],[29.14,-1.84],[29.17,-1.83],[29.17,-1.81],[29.25,-1.81],[29.25,-1.88],[29.21,-1.89],[29.17,-1.89],[29.17,-1.88],[29.14,-1.88],[29.14,-1.86]]]}},{"type":"Feature","properties":{"precip":10},"geometry":{"type":"Polygon","coordinates":[[[29.64,-1.89],[29.64,-1.86],[29.68,-1.84],[29.68,-1.81],[29.71,-1.81],[29.71,-1.83],[29.75,-1.83],[29.75,-1.98],[29.71,-1.98],[29.71,-1.99],[29.68,-1.99],[29.68,-1.96],[29.64,-1.93],[29.64,-1.89]]]}},{"type":"Feature","properties":{"precip":10},"geometry":{"type":"Polygon","coordinates":[[[21.0,-2.08],[21.04,-2.04],[21.08,-2.03],[21.08,-2.01],[21.11,-2.01],[21.11,-2.03],[21.15,-2.04],[21.22,-2.11],[21.22,-2.14],[21.26,-2.14],[21.26,-2.18],[21.22,-2.18],[21.18,-2.19],[21.0,-2.19],[20.97,-2.18],[20.97,-2.11],[21.0,-2.08]]]}},{"type":"Feature","properties":{"precip":10},"geometry":{"type":"Polygon","coordinates":[[[28.85,-2.06],[28.85,-2.01],[28.89,-2.01],[28.89,-1.99],[28.92,-1.99],[28.92,-2.01],[28.96,-2.03],[28.96,-2.08],[28.92,-2.09],[28.92,-2.11],[28.89,-2.11],[28.89,-2.09],[28.85,-2.09],[28.85,-2.06]]]}},{"type":"Feature","properties":{"precip":10},"geometry":{"type":"Polygon","coordinates":[[[75.14,-2.29],[75.14,-2.26],[75.17,-2.24],[75.17,-2.19],[75.21,-2.19],[75.21,-2.21],[75.25,-2.21],[75.25,-2.36],[75.21,-2.41],[75.14,-2.46],[75.1,-2.47],[75.07,-2.47],[75.07,-2.42],[75.1,-2.42],[75.1,-2.41],[75.14,-2.39],[75.14,-2.29]]]}},{"type":"Feature","properties":{"precip":10},"geometry":{"type":"Polygon","coordinates":[[[76.15,-2.24],[76.15,-2.23],[76.18,-2.21],[76.18,-2.19],[76.22,-2.19],[76.22,-2.21],[76.25,-2.21],[76.25,-2.29],[76.22,-2.29],[76.22,-2.31],[76.15,-2.28],[76.15,-2.24]]]}},{"type":"Feature","properties":{"precip":10},"geometry":{"type":"Polygon","coordinates":[[[29.46,-2.36],[29.46,-2.31],[29.53,-2.31],[29.53,-2.41],[29.5,-2.41],[29.46,-2.39],[29.46,-2.36]]]}},{"type":"Feature","properties":{"precip":10},"geometry":{"type":"Polygon","coordinates":[[[25.93,-2.44],[25.93,-2.42],[25.97,-2.42],[25.97,-2.41],[26.01,-2.41],[26.04,-2.42],[26.04,-2.44],[26.08,-2.47],[26.08,-2.49],[26.26,-2.49],[26.33,-2.46],[26.37,-2.42],[26.4,-2.42],[26.4,-2.41],[26.44,-2.41],[26.44,-2.47],[26.4,-2.49],[26.4,-2.51],[26.37,-2.52],[26.37,-2.57],[26.4,-2.59],[26.4,-2.61],[26.44,-2.62],[26.44,-2.67],[26.4,-2.69],[26.33,-2.69],[26.26,-2.72],[26.26,-2.92],[26.22,-2.96],[26.22,-2.97],[26.19,-2.99],[26.11,-2.99],[26.08,-2.97],[26.04,-2.97],[26.04,-2.94],[26.01,-2.92],[26.01,-2.91],[25.97,-2.91],[25.97,-2.97],[25.9,-2.99],[25.86,-2.99],[25.86,-2.82],[25.9,-2.81],[25.9,-2.79],[25.93,-2.76],[25.93,-2.74],[26.01,-2.69],[26.04,-2.64],[26.04,-2.51],[26.01,-2.49],[25.97,-2.49],[25.97,-2.46],[25.93,-2.46],[25.93,-2.44]]]}},{"type":"Feature","properties":{"precip":10},"geometry":{"type":"Polygon","coordinates":[[[83.63,-2.44],[83.63,-2.41],[83.7,-2.42],[83.74,-2.42],[83.74,-2.44],[83.78,-2.46],[83.81,-2.49],[83.81,-2.52],[83.81,-2.56],[83.81,-2.69],[83.78,-2.82],[83.7,-2.89],[83.6,-2.97],[83.56,-2.97],[83.56,-2.94],[83.52,-2.94],[83.52,-2.92],[83.49,-2.92],[83.49,-2.91],[83.38,-2.91],[83.38,-2.89],[83.34,-2.89],[83.34,-2.87],[83.38,-2.84],[83.38,-2.81],[83.38,-2.77],[83.42,-2.72],[83.52,-2.69],[83.52,-2.62],[83.49,-2.61],[83.42,-2.57],[83.42,-2.52],[83.49,-2.51],[83.52,-2.51],[83.56,-2.49],[83.6,-2.49],[83.6,-2.47],[83.6,-2.46],[83.63,-2.44]]]}},{"type":"Feature","properties":{"precip":10},"geometry":{"type":"Polygon","coordinates":[[[74.63,-2.61],[74.67,-2.57],[74.67,-2.52],[74.71,-2.51],[74.74,-2.51],[74.78,-2.49],[74.81,-2.49],[74.85,-2.51],[74.92,-2.51],[74.92,-2.52],[74.96,-2.54],[74.96,-2.57],[74.92,-2.57],[74.92,-2.59],[74.89,-2.59],[74.89,-2.61],[74.78,-2.61],[74.78,-2.62],[74.74,-2.64],[74.74,-2.69],[74.67,-2.69],[74.67,-2.62],[74.63,-2.61]]]}},{"type":"Feature","properties":{"precip":10},"geometry":{"type":"Polygon","coordinates":[[[81.76,-2.74],[81.76,-2.72],[81.8,-2.71],[81.8,-2.69],[81.87,-2.69],[81.87,-2.71],[81.91,-2.72],[81.91,-2.77],[81.87,-2.79],[81.8,-2.79],[81.76,-2.77],[81.76,-2.74]]]}},{"type":"Feature","properties":{"precip":10},"geometry":{"type":"Polygon","coordinates":[[[21.15,-2.86],[21.15,-2.82],[21.18,-2.82],[21.18,-2.81],[21.22,-2.81],[21.26,-2.79],[21.26,-2.81],[21.33,-2.81],[21.33,-2.82],[21.36,-2.84],[21.36,-2.86],[21.33,-2.87],[21.33,-2.89],[21.29,-2.89],[21.29,-2.91],[21.22,-2.91],[21.18,-2.89],[21.18,-2.87],[21.15,-2.87],[21.15,-2.86]]]}},{"type":"Feature","properties":{"precip":10},"geometry":{"type":"Polygon","coordinates":[[[75.07,-2.91],[75.07,-2.82],[75.1,-2.81],[75.14,-2.81],[75.14,-2.79],[75.17,-2.81],[75.21,-2.81],[75.21,-2.82],[75.25,-2.84],[75.25,-2.96],[75.28,-2.97],[75.32,-2.99],[75.53,-2.99],[75.57,-3.01],[75.64,-3.01],[75.64,-3.06],[75.57,-3.16],[75.5,-3.2],[75.46,-3.24],[75.32,-3.29],[75.25,-3.29],[75.25,-3.3],[75.17,-3.3],[75.14,-3.34],[75.14,-3.39],[75.1,-3.4],[75.03,-3.4],[74.99,-3.44],[74.92,-3.47],[74.92,-3.49],[74.85,-3.54],[74.85,-3.55],[74.78,-3.57],[74.71,-3.52],[74.6,-3.39],[74.56,-3.35],[74.56,-3.3],[74.63,-3.29],[74.71,-3.29],[74.74,-3.25],[74.74,-2.99],[74.78,-2.97],[74.78,-2.92],[74.81,-2.91],[74.92,-2.91],[74.92,-2.92],[74.96,-2.94],[74.96,-2.99],[75.03,-2.99],[75.03,-2.94],[75.07,-2.92],[75.07,-2.91]]]}},{"type":"Feature","properties":{"precip":10},"geometry":{"type":"Polygon","coordinates":[[[10.13,-2.96],[10.17,-2.94],[10.17,-2.91],[10.24,-2.91],[10.24,-2.99],[10.17,-2.99],[10.17,-2.97],[10.13,-2.96]]]}},{"type":"Feature","properties":{"precip":10},"geometry":{"type":"Polygon","coordinates":[[[63.08,-3.3],[63.15,-3.34],[63.15,-3.47],[63.22,-3.5],[63.22,-3.45],[63.26,-3.44],[63.26,-3.25],[63.22,-3.24],[63.22,-3.2],[63.15,-3.17],[63.15,-3.11],[63.15,-3.04],[63.19,-3.02],[63.19,-3.01],[63.22,-3.01],[63.22,-2.99],[63.26,-2.99],[63.3,-3.01],[63.33,-3.01],[63.33,-3.04],[63.37,-3.04],[63.37,-3.09],[63.4,-3.09],[63.44,-3.11],[63.51,-3.11],[63.51,-3.12],[63.55,-3.14],[63.55,-3.24],[63.58,-3.25],[63.62,-3.29],[63.73,-3.29],[63.8,-3.3],[63.84,-3.32],[63.84,-3.4],[63.76,-3.42],[63.76,-3.69],[63.84,-3.7],[64.02,-3.7],[64.05,-3.69],[64.12,-3.69],[64.16,-3.65],[64.16,-3.62],[64.23,-3.6],[64.34,-3.55],[64.38,-3.52],[64.45,-3.45],[64.48,-3.4],[64.56,-3.34],[64.59,-3.32],[64.66,-3.3],[64.77,-3.29],[64.88,-3.29],[64.99,-3.3],[65.06,-3.34],[65.06,-3.44],[65.1,-3.47],[65.1,-3.5],[65.2,-3.5],[65.28,-3.44],[65.28,-3.4],[65.31,-3.4],[65.38,-3.47],[65.38,-3.5],[65.42,-3.5],[65.42,-3.47],[65.49,-3.42],[65.56,-3.4],[65.67,-3.4],[65.74,-3.44],[65.74,-3.57],[65.67,-3.6],[65.67,-3.69],[65.78,-3.79],[65.82,-3.79],[65.89,-3.79],[65.96,-3.82],[65.96,-3.87],[66.0,-3.9],[66.1,-3.9],[66.18,-3.95],[66.18,-4.0],[66.25,-3.97],[66.25,-3.94],[66.32,-3.92],[66.43,-3.9],[66.68,-3.9],[66.72,-3.92],[66.75,-3.97],[66.86,-4.0],[66.97,-4.0],[67.04,-3.97],[67.08,-3.92],[67.15,-3.94],[67.15,-3.97],[67.18,-3.99],[67.26,-4.05],[67.33,-4.08],[67.44,-4.08],[67.47,-4.1],[67.58,-4.1],[67.65,-4.13],[67.65,-4.18],[67.58,-4.2],[67.51,-4.2],[67.47,-4.22],[67.47,-4.27],[67.44,-4.3],[67.47,-4.32],[67.47,-4.37],[67.51,-4.38],[67.51,-4.42],[67.54,-4.43],[67.62,-4.5],[67.62,-4.53],[67.65,-4.55],[67.65,-4.67],[67.69,-4.67],[67.72,-4.7],[67.8,-4.7],[67.87,-4.73],[67.87,-4.78],[67.9,-4.8],[67.98,-4.8],[68.05,-4.83],[68.05,-4.88],[67.98,-4.9],[67.94,-4.93],[68.01,-5.0],[68.08,-5.0],[68.16,-4.96],[68.16,-4.93],[68.19,-4.9],[68.23,-4.9],[68.23,-4.95],[68.3,-5.0],[68.41,-5.0],[68.44,-5.01],[68.44,-5.08],[68.41,-5.1],[68.34,-5.1],[68.26,-5.11],[68.26,-5.16],[68.16,-5.2],[68.01,-5.2],[67.94,-5.23],[67.94,-5.28],[67.8,-5.31],[67.76,-5.33],[67.76,-5.4],[67.83,-5.51],[67.9,-5.58],[67.98,-5.66],[68.05,-5.74],[68.12,-5.81],[68.12,-5.89],[68.05,-5.94],[68.05,-5.99],[68.08,-6.03],[68.08,-6.08],[68.16,-6.16],[68.19,-6.18],[68.23,-6.23],[68.23,-6.28],[68.26,-6.33],[68.26,-6.53],[68.23,-6.54],[68.23,-6.57],[68.19,-6.59],[68.08,-6.59],[68.01,-6.57],[67.98,-6.54],[67.9,-6.53],[67.87,-6.49],[67.87,-6.43],[67.94,-6.38],[67.94,-6.19],[67.9,-6.11],[67.87,-6.06],[67.8,-6.01],[67.69,-5.99],[67.69,-5.98],[67.65,-5.98],[67.65,-5.88],[67.62,-5.83],[67.62,-5.79],[67.58,-5.74],[67.51,-5.71],[67.47,-5.71],[67.44,-5.76],[67.36,-5.79],[67.26,-5.79],[67.15,-5.76],[67.15,-5.71],[67.11,-5.71],[67.0,-5.71],[66.97,-5.7],[66.97,-5.65],[66.93,-5.61],[66.86,-5.6],[66.79,-5.6],[66.75,-5.58],[66.75,-5.53],[66.72,-5.5],[66.68,-5.51],[66.64,-5.56],[66.57,-5.6],[66.57,-5.55],[66.5,-5.5],[66.43,-5.5],[66.39,-5.46],[66.32,-5.43],[66.28,-5.41],[66.28,-5.38],[66.25,-5.35],[66.18,-5.31],[66.1,-5.3],[66.0,-5.3],[65.96,-5.28],[65.96,-5.23],[65.92,-5.2],[65.82,-5.2],[65.78,-5.16],[65.74,-5.16],[65.74,-5.15],[65.64,-5.11],[65.53,-5.11],[65.46,-5.1],[65.1,-5.1],[65.02,-5.08],[64.92,-5.03],[64.92,-5.0],[64.84,-4.95],[64.84,-4.93],[64.77,-4.9],[64.63,-4.9],[64.59,-4.88],[64.52,-4.88],[64.45,-4.87],[64.45,-4.83],[64.52,-4.8],[64.52,-4.73],[64.45,-4.63],[64.34,-4.55],[64.12,-4.45],[64.12,-4.4],[64.09,-4.4],[64.05,-4.43],[64.05,-4.47],[63.98,-4.5],[63.98,-4.47],[63.91,-4.4],[63.84,-4.4],[63.76,-4.38],[63.76,-4.33],[63.69,-4.3],[63.62,-4.3],[63.58,-4.27],[63.55,-4.27],[63.55,-4.23],[63.48,-4.18],[63.48,-4.15],[63.44,-4.12],[63.33,-4.08],[63.26,-4.08],[63.26,-4.05],[63.19,-4.02],[63.12,-4.0],[62.9,-4.0],[62.86,-3.99],[62.86,-3.79],[62.83,-3.74],[62.83,-3.65],[62.76,-3.57],[62.76,-3.54],[62.68,-3.5],[62.68,-3.47],[62.61,-3.42],[62.61,-3.39],[62.54,-3.32],[62.61,-3.3],[62.72,-3.3],[62.79,-3.29],[62.94,-3.29],[63.01,-3.3],[63.08,-3.3]],[[63.55,-3.35],[63.55,-3.3],[63.48,-3.29],[63.48,-3.32],[63.44,-3.32],[63.44,-3.37],[63.48,-3.37],[63.48,-3.4],[63.55,-3.39],[63.55,-3.35]],[[67.54,-4.85],[67.54,-4.82],[67.47,-4.82],[67.44,-4.85],[67.51,-4.9],[67.54,-4.88],[67.54,-4.85]],[[67.65,-4.95],[67.65,-4.91],[67.62,-4.9],[67.54,-4.91],[67.54,-4.98],[67.65,-4.98],[67.65,-4.95]]]}},{"type":"Feature","properties":{"precip":10},"geometry":{"type":"Polygon","coordinates":[[[9.66,-3.16],[9.66,-3.11],[9.74,-3.11],[9.74,-3.2],[9.66,-3.2],[9.66,-3.16]]]}},{"type":"Feature","properties":{"precip":10},"geometry":{"type":"Polygon","coordinates":[[[81.22,-3.24],[81.22,-3.14],[81.26,-3.12],[81.26,-3.11],[81.4,-3.11],[81.44,-3.12],[81.44,-3.2],[81.4,-3.2],[81.37,-3.22],[81.37,-3.34],[81.33,-3.35],[81.33,-3.4],[81.22,-3.37],[81.22,-3.24]]]}},{"type":"Feature","properties":{"precip":10},"geometry":{"type":"Polygon","coordinates":[[[25.93,-3.35],[25.93,-3.29],[25.97,-3.24],[25.97,-3.22],[26.01,-3.2],[26.04,-3.24],[26.11,-3.32],[26.11,-3.39],[26.15,-3.44],[26.15,-3.77],[26.11,-3.79],[26.01,-3.79],[25.93,-3.75],[25.97,-3.74],[25.97,-3.7],[26.04,-3.69],[26.04,-3.52],[25.97,-3.49],[25.97,-3.4],[25.93,-3.39],[25.93,-3.35]]]}},{"type":"Feature","properties":{"precip":10},"geometry":{"type":"Polygon","coordinates":[[[37.67,-3.24],[37.67,-3.2],[37.7,-3.2],[37.74,-3.22],[37.74,-3.29],[37.67,-3.29],[37.67,-3.24]]]}},{"type":"Feature","properties":{"precip":10},"geometry":{"type":"Polygon","coordinates":[[[41.66,-3.95],[41.66,-3.9],[41.74,-3.9],[41.74,-4.0],[41.66,-4.0],[41.66,-3.95]]]}},{"type":"Feature","properties":{"precip":10},"geometry":{"type":"Polygon","coordinates":[[[15.14,-4.07],[15.17,-4.03],[15.24,-4.0],[15.32,-4.02],[15.35,-4.05],[15.35,-4.17],[15.42,-4.2],[15.46,-4.23],[15.46,-4.28],[15.42,-4.3],[15.32,-4.3],[15.24,-4.27],[15.21,-4.23],[15.21,-4.2],[15.17,-4.17],[15.17,-4.12],[15.14,-4.07]]]}},{"type":"Feature","properties":{"precip":10},"geometry":{"type":"Polygon","coordinates":[[[82.12,-4.15],[82.12,-4.1],[82.23,-4.1],[82.27,-4.13],[82.27,-4.17],[82.23,-4.2],[82.12,-4.18],[82.12,-4.15]]]}},{"type":"Feature","properties":{"precip":10},"geometry":{"type":"Polygon","coordinates":[[[28.45,-4.25],[28.45,-4.22],[28.53,-4.2],[28.56,-4.23],[28.56,-4.27],[28.53,-4.3],[28.45,-4.28],[28.45,-4.25]]]}},{"type":"Feature","properties":{"precip":10},"geometry":{"type":"Polygon","coordinates":[[[28.45,-4.45],[28.45,-4.42],[28.49,-4.4],[28.6,-4.4],[28.63,-4.42],[28.63,-4.68],[28.6,-4.7],[28.56,-4.68],[28.56,-4.57],[28.53,-4.55],[28.53,-4.5],[28.45,-4.48],[28.45,-4.45]]]}},{"type":"Feature","properties":{"precip":10},"geometry":{"type":"Polygon","coordinates":[[[41.66,-4.5],[41.66,-4.42],[41.7,-4.4],[41.81,-4.4],[41.84,-4.42],[41.84,-4.47],[41.74,-4.57],[41.74,-4.58],[41.66,-4.6],[41.66,-4.5]]]}},{"type":"Feature","properties":{"precip":10},"geometry":{"type":"Polygon","coordinates":[[[61.64,-4.45],[61.68,-4.4],[61.75,-4.42],[61.75,-4.48],[61.68,-4.5],[61.64,-4.45]]]}},{"type":"Feature","properties":{"precip":10},"geometry":{"type":"Polygon","coordinates":[[[25.54,-4.55],[25.57,-4.53],[25.57,-4.5],[25.65,-4.52],[25.65,-4.6],[25.57,-4.6],[25.54,-4.58],[25.54,-4.55]]]}},{"type":"Feature","properties":{"precip":10},"geometry":{"type":"Polygon","coordinates":[[[81.87,-4.65],[81.87,-4.62],[81.91,-4.62],[81.91,-4.68],[81.87,-4.7],[81.87,-4.65]]]}},{"type":"Feature","properties":{"precip":10},"geometry":{"type":"Polygon","coordinates":[[[41.45,-4.85],[41.48,-4.8],[41.52,-4.8],[41.56,-4.83],[41.56,-4.88],[41.48,-4.9],[41.45,-4.88],[41.45,-4.85]]]}},{"type":"Feature","properties":{"precip":10},"geometry":{"type":"Polygon","coordinates":[[[41.66,-4.9],[41.66,-4.82],[41.74,-4.82],[41.74,-5.0],[41.66,-4.98],[41.66,-4.9]]]}},{"type":"Feature","properties":{"precip":10},"geometry":{"type":"Polygon","coordinates":[[[80.14,-4.85],[80.14,-4.83],[80.14,-4.8],[80.25,-4.82],[80.25,-4.88],[80.14,-4.9],[80.14,-4.88],[80.14,-4.85]]]}},{"type":"Feature","properties":{"precip":10},"geometry":{"type":"Polygon","coordinates":[[[71.21,-4.98],[71.25,-4.93],[71.32,-4.9],[71.36,-4.9],[71.36,-4.95],[71.32,-4.95],[71.32,-4.98],[71.29,-5.0],[71.29,-5.03],[71.25,-5.06],[71.18,-5.1],[71.18,-5.01],[71.21,-4.98]]]}},{"type":"Feature","properties":{"precip":10},"geometry":{"type":"Polygon","coordinates":[[[25.03,-5.66],[25.07,-5.61],[25.11,-5.6],[25.14,-5.65],[25.14,-5.98],[25.07,-5.98],[25.07,-5.94],[25.03,-5.93],[25.03,-5.83],[24.96,-5.79],[24.89,-5.79],[24.85,-5.78],[24.85,-5.71],[24.89,-5.71],[25.0,-5.71],[25.03,-5.7],[25.03,-5.66]]]}},{"type":"Feature","properties":{"precip":10},"geometry":{"type":"Polygon","coordinates":[[[28.74,-5.66],[28.74,-5.63],[28.78,-5.63],[28.78,-5.6],[28.85,-5.61],[28.85,-5.7],[28.78,-5.71],[28.78,-5.68],[28.74,-5.66]]]}},{"type":"Feature","properties":{"precip":10},"geometry":{"type":"Polygon","coordinates":[[[71.25,-5.74],[71.25,-5.71],[71.32,-5.71],[71.36,-5.71],[71.36,-5.78],[71.32,-5.79],[71.25,-5.78],[71.25,-5.74]]]}},{"type":"Feature","properties":{"precip":10},"geometry":{"type":"Polygon","coordinates":[[[23.34,-5.84],[23.45,-5.79],[23.52,-5.79],[23.74,-5.84],[23.85,-5.94],[23.85,-5.98],[23.81,-5.99],[23.63,-5.99],[23.63,-5.98],[23.56,-5.98],[23.56,-5.94],[23.52,-5.91],[23.45,-5.91],[23.38,-5.88],[23.34,-5.88],[23.34,-5.84]]]}},{"type":"Feature","properties":{"precip":10},"geometry":{"type":"Polygon","coordinates":[[[28.63,-5.84],[28.67,-5.84],[28.67,-5.79],[28.74,-5.81],[28.74,-5.89],[28.67,-5.89],[28.67,-5.86],[28.63,-5.84]]]}},{"type":"Feature","properties":{"precip":10},"geometry":{"type":"Polygon","coordinates":[[[21.9,-6.18],[22.01,-6.13],[22.08,-6.11],[22.19,-6.11],[22.26,-6.09],[22.37,-6.09],[22.48,-6.11],[22.55,-6.14],[22.48,-6.24],[22.37,-6.29],[22.3,-6.29],[22.23,-6.24],[22.19,-6.23],[22.15,-6.24],[22.15,-6.26],[22.12,-6.28],[22.08,-6.33],[22.01,-6.36],[21.97,-6.39],[21.9,-6.39],[21.87,-6.38],[21.87,-6.24],[21.9,-6.23],[21.9,-6.18]]]}},{"type":"Feature","properties":{"precip":10},"geometry":{"type":"Polygon","coordinates":[[[24.85,-6.21],[24.85,-6.13],[24.89,-6.09],[24.93,-6.09],[24.93,-6.14],[24.96,-6.16],[24.96,-6.24],[24.93,-6.24],[24.93,-6.29],[24.85,-6.26],[24.85,-6.21]]]}},{"type":"Feature","properties":{"precip":10},"geometry":{"type":"Polygon","coordinates":[[[19.96,-6.24],[19.96,-6.21],[20.07,-6.24],[20.1,-6.28],[20.1,-6.31],[20.14,-6.33],[20.14,-6.38],[20.1,-6.38],[19.96,-6.28],[19.96,-6.24]]]}},{"type":"Feature","properties":{"precip":10},"geometry":{"type":"Polygon","coordinates":[[[24.64,-6.38],[24.64,-6.34],[24.67,-6.31],[24.71,-6.31],[24.78,-6.38],[24.82,-6.43],[24.89,-6.48],[24.93,-6.53],[24.93,-6.59],[24.82,-6.59],[24.75,-6.56],[24.71,-6.53],[24.71,-6.49],[24.64,-6.43],[24.64,-6.38]]]}},{"type":"Feature","properties":{"precip":10},"geometry":{"type":"Polygon","coordinates":[[[90.26,-6.34],[90.29,-6.31],[90.33,-6.29],[90.44,-6.29],[90.65,-6.34],[90.72,-6.41],[90.72,-6.44],[90.76,-6.48],[90.69,-6.51],[90.54,-6.51],[90.44,-6.46],[90.44,-6.41],[90.33,-6.41],[90.33,-6.39],[90.29,-6.39],[90.26,-6.38],[90.26,-6.34]]]}},{"type":"Feature","properties":{"precip":10},"geometry":{"type":"Polygon","coordinates":[[[23.85,-6.46],[23.85,-6.43],[23.95,-6.39],[23.95,-6.41],[24.03,-6.41],[24.06,-6.44],[23.99,-6.51],[23.92,-6.51],[23.85,-6.46]]]}},{"type":"Feature","properties":{"precip":10},"geometry":{"type":"Polygon","coordinates":[[[25.14,-6.51],[25.14,-6.44],[25.18,-6.41],[25.25,-6.44],[25.32,-6.51],[25.32,-6.53],[25.36,-6.54],[25.32,-6.59],[25.21,-6.59],[25.14,-6.54],[25.14,-6.51]]]}},{"type":"Feature","properties":{"precip":10},"geometry":{"type":"Polygon","coordinates":[[[19.74,-6.64],[19.74,-6.56],[19.78,-6.54],[19.78,-6.53],[19.82,-6.51],[19.96,-6.51],[20.03,-6.53],[20.03,-6.56],[20.07,-6.57],[20.07,-6.66],[20.21,-6.79],[20.25,-6.79],[20.32,-6.79],[20.36,-6.81],[20.36,-6.86],[20.43,-6.89],[20.5,-6.89],[20.57,-6.91],[20.68,-6.96],[20.72,-7.01],[20.72,-7.04],[20.75,-7.07],[20.82,-7.09],[20.82,-7.07],[20.86,-7.06],[20.86,-6.92],[20.93,-6.91],[20.97,-6.94],[20.97,-6.97],[21.0,-6.97],[21.08,-7.01],[21.29,-7.01],[21.4,-7.04],[21.47,-7.07],[21.54,-7.12],[21.61,-7.21],[21.61,-7.29],[21.54,-7.34],[21.51,-7.39],[21.51,-7.42],[21.47,-7.45],[21.47,-7.5],[21.43,-7.54],[21.43,-7.67],[21.4,-7.69],[21.33,-7.69],[21.29,-7.7],[21.26,-7.69],[21.18,-7.69],[21.15,-7.67],[21.15,-7.62],[21.08,-7.6],[21.04,-7.6],[20.97,-7.62],[20.97,-7.72],[20.93,-7.74],[20.93,-7.79],[20.9,-7.8],[20.86,-7.79],[20.86,-7.74],[20.75,-7.7],[20.61,-7.7],[20.54,-7.69],[20.43,-7.69],[20.36,-7.67],[20.36,-7.52],[20.43,-7.5],[20.43,-7.47],[20.46,-7.47],[20.46,-7.44],[20.39,-7.39],[20.32,-7.39],[20.25,-7.36],[20.25,-7.34],[20.14,-7.24],[20.14,-7.22],[20.03,-7.19],[19.96,-7.16],[19.96,-6.89],[19.92,-6.86],[19.92,-6.81],[19.89,-6.79],[19.82,-6.79],[19.78,-6.79],[19.78,-6.76],[19.74,-6.72],[19.74,-6.64]]]}},{"type":"Feature","properties":{"precip":10},"geometry":{"type":"Polygon","coordinates":[[[21.72,-6.57],[21.79,-6.51],[21.83,-6.51],[21.83,-6.53],[21.87,-6.54],[21.83,-6.56],[21.83,-6.59],[21.76,-6.61],[21.76,-6.67],[21.83,-6.71],[21.87,-6.71],[21.94,-6.67],[21.94,-6.56],[21.97,-6.53],[21.97,-6.51],[22.01,-6.51],[22.08,-6.56],[22.15,-6.66],[22.15,-6.69],[22.08,-6.71],[22.01,-6.71],[21.97,-6.72],[21.97,-6.77],[21.94,-6.79],[21.94,-7.07],[21.87,-7.09],[21.87,-7.04],[21.83,-7.04],[21.83,-7.01],[21.76,-7.01],[21.65,-6.96],[21.58,-6.87],[21.58,-6.81],[21.61,-6.79],[21.65,-6.79],[21.65,-6.66],[21.69,-6.64],[21.69,-6.59],[21.72,-6.57]]]}},{"type":"Feature","properties":{"precip":10},"geometry":{"type":"Polygon","coordinates":[[[22.91,-6.57],[22.98,-6.53],[23.02,-6.51],[23.05,-6.53],[23.05,-6.57],[23.09,-6.59],[23.16,-6.59],[23.23,-6.62],[23.23,-6.79],[23.16,-6.81],[23.16,-6.91],[23.13,-6.94],[23.13,-6.97],[23.09,-7.01],[23.09,-7.04],[22.98,-7.09],[22.87,-7.09],[22.84,-7.04],[22.87,-7.01],[22.95,-6.99],[22.95,-6.84],[22.98,-6.82],[22.98,-6.79],[23.05,-6.79],[23.05,-6.74],[23.02,-6.71],[22.91,-6.71],[22.84,-6.67],[22.87,-6.66],[22.87,-6.61],[22.91,-6.57]]]}},{"type":"Feature","properties":{"precip":10},"geometry":{"type":"Polygon","coordinates":[[[69.85,-6.53],[69.85,-6.51],[69.92,-6.53],[70.03,-6.61],[70.03,-6.69],[69.92,-6.64],[69.92,-6.61],[69.85,-6.54],[69.85,-6.53]]]}},{"type":"Feature","properties":{"precip":10},"geometry":{"type":"Polygon","coordinates":[[[20.46,-6.64],[20.46,-6.61],[20.54,-6.61],[20.54,-6.69],[20.46,-6.69],[20.46,-6.64]]]}},{"type":"Feature","properties":{"precip":10},"geometry":{"type":"Polygon","coordinates":[[[22.3,-6.67],[22.33,-6.64],[22.41,-6.61],[22.44,-6.61],[22.44,-6.67],[22.55,-6.71],[22.66,-6.66],[22.66,-6.62],[22.69,-6.59],[22.73,-6.61],[22.73,-6.67],[22.66,-6.74],[22.55,-6.79],[22.48,-6.79],[22.3,-6.79],[22.26,-6.79],[22.26,-6.74],[22.3,-6.71],[22.3,-6.67]]]}},{"type":"Feature","properties":{"precip":10},"geometry":{"type":"Polygon","coordinates":[[[68.16,-6.76],[68.16,-6.72],[68.23,-6.71],[68.26,-6.74],[68.26,-6.77],[68.19,-6.79],[68.16,-6.79],[68.16,-6.76]]]}},{"type":"Feature","properties":{"precip":10},"geometry":{"type":"Polygon","coordinates":[[[24.6,-6.89],[24.71,-6.79],[24.75,-6.81],[24.75,-6.86],[24.78,-6.89],[24.85,-6.89],[24.85,-6.91],[24.93,-6.91],[24.96,-6.96],[24.85,-7.01],[24.71,-7.01],[24.67,-7.02],[24.67,-7.06],[24.64,-7.07],[24.64,-7.14],[24.67,-7.16],[24.67,-7.19],[24.75,-7.24],[24.75,-7.52],[24.78,-7.54],[24.78,-7.6],[24.82,-7.6],[24.82,-7.62],[24.85,-7.62],[24.85,-7.7],[24.82,-7.75],[24.82,-7.79],[24.71,-7.89],[24.6,-7.9],[24.46,-8.04],[24.35,-8.17],[24.35,-8.25],[24.28,-8.3],[24.13,-8.3],[24.06,-8.33],[24.06,-8.43],[24.03,-8.45],[24.03,-8.48],[23.99,-8.5],[23.92,-8.5],[23.88,-8.48],[23.88,-8.45],[23.85,-8.43],[23.85,-8.19],[23.88,-8.17],[23.88,-8.1],[23.95,-8.09],[23.95,-8.04],[23.92,-8.0],[23.81,-8.0],[23.77,-7.99],[23.77,-7.94],[23.74,-7.92],[23.74,-7.87],[23.77,-7.85],[23.77,-7.8],[23.85,-7.77],[23.85,-7.62],[23.77,-7.59],[23.77,-7.54],[23.85,-7.44],[23.92,-7.39],[23.92,-7.34],[23.95,-7.32],[23.95,-7.22],[24.03,-7.21],[24.06,-7.24],[24.06,-7.27],[24.1,-7.29],[24.35,-7.07],[24.35,-7.06],[24.57,-6.96],[24.6,-6.92],[24.6,-6.89]],[[23.95,-7.55],[23.95,-7.52],[23.88,-7.5],[23.85,-7.52],[23.85,-7.59],[23.92,-7.6],[23.95,-7.59],[23.95,-7.55]]]}},{"type":"Feature","properties":{"precip":10},"geometry":{"type":"Polygon","coordinates":[[[25.65,-7.06],[25.68,-7.01],[25.79,-7.01],[25.86,-7.04],[25.86,-7.07],[25.83,-7.07],[25.79,-7.09],[25.68,-7.09],[25.65,-7.06]]]}},{"type":"Feature","properties":{"precip":10},"geometry":{"type":"Polygon","coordinates":[[[24.85,-7.14],[24.85,-7.11],[24.93,-7.09],[24.93,-7.12],[24.96,-7.12],[24.96,-7.17],[24.93,-7.17],[24.93,-7.21],[24.85,-7.19],[24.85,-7.14]]]}},{"type":"Feature","properties":{"precip":10},"geometry":{"type":"Polygon","coordinates":[[[69.45,-7.34],[69.45,-7.32],[69.52,-7.31],[69.6,-7.31],[69.67,-7.34],[69.6,-7.39],[69.49,-7.39],[69.45,-7.37],[69.45,-7.34]]]}},{"type":"Feature","properties":{"precip":10},"geometry":{"type":"Polygon","coordinates":[[[69.85,-7.34],[69.85,-7.32],[69.88,-7.31],[69.92,-7.32],[69.99,-7.37],[69.99,-7.41],[70.03,-7.44],[70.03,-7.47],[70.06,-7.52],[70.06,-7.55],[70.03,-7.6],[69.96,-7.57],[69.96,-7.44],[69.92,-7.42],[69.92,-7.39],[69.85,-7.37],[69.85,-7.34]]]}},{"type":"Feature","properties":{"precip":10},"geometry":{"type":"Polygon","coordinates":[[[31.55,-7.55],[31.55,-7.52],[31.62,-7.5],[31.66,-7.52],[31.66,-7.59],[31.62,-7.6],[31.55,-7.59],[31.55,-7.55]]]}},{"type":"Feature","properties":{"precip":10},"geometry":{"type":"Polygon","coordinates":[[[70.57,-7.55],[70.57,-7.5],[70.64,-7.5],[70.64,-7.6],[70.57,-7.6],[70.57,-7.55]]]}},{"type":"Feature","properties":{"precip":10},"geometry":{"type":"Polygon","coordinates":[[[25.54,-7.89],[25.57,-7.87],[25.57,-7.82],[25.61,-7.8],[25.72,-7.8],[25.75,-7.82],[25.75,-7.85],[25.72,-7.87],[25.72,-7.89],[25.61,-7.99],[25.54,-7.94],[25.54,-7.89]]]}},{"type":"Feature","properties":{"precip":10},"geometry":{"type":"Polygon","coordinates":[[[37.74,-7.89],[37.74,-7.84],[37.78,-7.8],[37.81,-7.8],[37.88,-7.87],[37.92,-7.9],[37.92,-7.95],[37.96,-7.99],[37.96,-8.05],[37.88,-8.1],[37.81,-8.1],[37.78,-8.12],[37.78,-8.15],[37.74,-8.17],[37.74,-8.28],[37.7,-8.3],[37.67,-8.28],[37.67,-8.0],[37.74,-7.99],[37.74,-7.89]]]}},{"type":"Feature","properties":{"precip":10},"geometry":{"type":"Polygon","coordinates":[[[23.09,-8.0],[23.13,-7.95],[23.2,-7.9],[23.27,-7.9],[23.31,-7.89],[23.34,-7.92],[23.34,-7.95],[23.38,-7.99],[23.45,-7.99],[23.49,-8.0],[23.59,-8.0],[23.67,-8.05],[23.63,-8.07],[23.63,-8.1],[23.56,-8.12],[23.56,-8.24],[23.52,-8.25],[23.52,-8.28],[23.49,-8.3],[23.38,-8.3],[23.34,-8.33],[23.34,-8.38],[23.31,-8.4],[23.2,-8.4],[23.16,-8.38],[23.16,-8.33],[23.13,-8.3],[23.09,-8.3],[23.05,-8.33],[23.05,-8.45],[23.02,-8.47],[23.02,-8.5],[22.95,-8.47],[22.95,-8.43],[22.87,-8.4],[22.84,-8.4],[22.77,-8.37],[22.66,-8.25],[22.66,-8.14],[22.77,-8.1],[22.95,-8.1],[23.02,-8.07],[23.09,-8.02],[23.09,-8.0]]]}},{"type":"Feature","properties":{"precip":10},"geometry":{"type":"Polygon","coordinates":[[[20.54,-8.05],[20.57,-8.04],[20.57,-8.0],[20.64,-8.0],[20.64,-8.1],[20.57,-8.1],[20.57,-8.07],[20.54,-8.05]]]}},{"type":"Feature","properties":{"precip":10},"geometry":{"type":"Polygon","coordinates":[[[71.86,-8.15],[71.93,-8.05],[71.97,-8.02],[72.04,-8.0],[72.04,-8.14],[72.08,-8.15],[72.08,-8.19],[72.11,-8.2],[72.11,-8.24],[72.19,-8.27],[72.22,-8.3],[72.22,-8.33],[72.26,-8.33],[72.26,-8.38],[72.22,-8.4],[72.08,-8.4],[72.04,-8.37],[72.04,-8.32],[72.01,-8.3],[71.9,-8.3],[71.86,-8.32],[71.86,-8.43],[71.79,-8.5],[71.72,-8.57],[71.65,-8.6],[71.54,-8.6],[71.47,-8.58],[71.47,-8.43],[71.54,-8.38],[71.54,-8.35],[71.61,-8.3],[71.68,-8.3],[71.68,-8.28],[71.75,-8.25],[71.75,-8.24],[71.86,-8.15]]]}},{"type":"Feature","properties":{"precip":10},"geometry":{"type":"Polygon","coordinates":[[[31.66,-8.55],[31.66,-8.5],[31.73,-8.5],[31.73,-8.53],[31.77,-8.53],[31.77,-8.57],[31.73,-8.57],[31.73,-8.6],[31.66,-8.58],[31.66,-8.55]]]}},{"type":"Feature","properties":{"precip":10},"geometry":{"type":"Polygon","coordinates":[[[72.83,-8.58],[72.87,-8.57],[72.87,-8.5],[72.94,-8.5],[72.94,-8.57],[73.01,-8.6],[73.09,-8.6],[73.12,-8.62],[73.12,-8.65],[73.16,-8.67],[73.16,-8.77],[73.27,-8.8],[73.55,-8.8],[73.66,-8.83],[73.66,-8.87],[73.63,-8.87],[73.59,-8.9],[73.45,-8.9],[73.34,-8.95],[73.41,-8.98],[73.52,-8.98],[73.55,-9.0],[73.66,-9.0],[73.7,-8.98],[73.77,-8.98],[73.84,-8.98],[73.84,-8.92],[73.77,-8.9],[73.77,-8.87],[73.73,-8.85],[73.81,-8.8],[73.88,-8.8],[73.95,-8.83],[73.99,-8.87],[73.99,-8.9],[74.02,-8.9],[74.02,-8.87],[74.09,-8.8],[74.13,-8.82],[74.13,-8.85],[74.2,-8.88],[74.27,-8.9],[74.53,-8.9],[74.63,-8.93],[74.63,-9.0],[74.67,-9.02],[74.67,-9.08],[74.74,-9.1],[74.85,-9.1],[74.92,-9.12],[74.96,-9.16],[75.07,-9.2],[75.25,-9.2],[75.28,-9.21],[75.39,-9.21],[75.46,-9.25],[75.46,-9.28],[75.5,-9.3],[75.57,-9.3],[75.61,-9.31],[75.75,-9.45],[75.75,-9.48],[75.68,-9.51],[75.64,-9.55],[75.71,-9.6],[75.79,-9.6],[75.86,-9.63],[75.86,-9.66],[75.89,-9.68],[75.97,-9.68],[76.0,-9.7],[76.25,-9.7],[76.33,-9.71],[76.43,-9.71],[76.54,-9.73],[76.54,-9.76],[76.4,-9.8],[76.25,-9.8],[76.15,-9.81],[75.75,-9.81],[75.64,-9.81],[75.53,-9.85],[75.64,-9.9],[75.82,-9.9],[75.89,-9.91],[75.97,-9.95],[75.97,-9.99],[76.04,-9.98],[76.04,-9.95],[76.04,-9.93],[76.04,-9.9],[76.11,-9.9],[76.15,-9.95],[76.22,-10.01],[76.22,-9.98],[76.25,-9.9],[76.33,-9.9],[76.33,-9.99],[76.25,-10.01],[76.25,-10.06],[76.18,-10.09],[76.18,-10.18],[76.25,-10.23],[76.25,-10.26],[76.18,-10.29],[76.11,-10.31],[76.0,-10.31],[75.93,-10.36],[75.93,-10.38],[75.86,-10.36],[75.86,-10.34],[75.75,-10.31],[75.61,-10.31],[75.57,-10.29],[75.5,-10.29],[75.43,-10.24],[75.43,-10.19],[75.39,-10.19],[75.39,-10.24],[75.35,-10.24],[75.32,-10.29],[75.25,-10.29],[75.25,-10.31],[75.1,-10.31],[75.03,-10.36],[75.03,-10.38],[74.96,-10.36],[74.96,-10.34],[74.92,-10.31],[74.81,-10.31],[74.78,-10.28],[74.74,-10.28],[74.74,-10.23],[74.67,-10.19],[74.6,-10.19],[74.56,-10.18],[74.56,-10.13],[74.49,-10.09],[74.42,-10.09],[74.38,-10.08],[74.35,-10.08],[74.35,-10.03],[74.27,-10.01],[74.09,-10.01],[74.02,-9.99],[73.91,-9.99],[73.88,-9.98],[73.88,-9.95],[73.84,-9.93],[73.84,-9.81],[73.77,-9.8],[73.77,-9.73],[73.73,-9.71],[73.73,-9.63],[73.7,-9.58],[73.55,-9.46],[73.55,-9.38],[73.52,-9.35],[73.52,-9.3],[73.45,-9.25],[73.27,-9.16],[73.16,-9.07],[73.16,-8.98],[73.12,-8.97],[73.12,-8.92],[73.01,-8.83],[73.01,-8.8],[72.91,-8.72],[72.91,-8.68],[72.87,-8.65],[72.87,-8.6],[72.83,-8.58]],[[75.14,-9.65],[75.14,-9.51],[75.07,-9.51],[75.07,-9.56],[74.96,-9.6],[74.85,-9.6],[74.78,-9.61],[74.74,-9.66],[74.81,-9.7],[74.81,-9.73],[74.85,-9.75],[74.85,-9.96],[74.92,-9.99],[74.99,-9.99],[75.07,-10.01],[75.21,-10.01],[75.25,-10.03],[75.25,-10.08],[75.32,-10.09],[75.32,-10.08],[75.35,-10.06],[75.35,-9.85],[75.28,-9.81],[75.21,-9.81],[75.17,-9.8],[75.17,-9.73],[75.14,-9.7],[75.14,-9.65]]]}},{"type":"Feature","properties":{"precip":10},"geometry":{"type":"Polygon","coordinates":[[[33.46,-8.9],[33.46,-8.82],[33.53,-8.8],[33.53,-8.85],[33.56,-8.87],[33.56,-8.95],[33.53,-8.97],[33.53,-8.98],[33.46,-8.98],[33.46,-8.9]]]}},{"type":"Feature","properties":{"precip":10},"geometry":{"type":"Polygon","coordinates":[[[85.47,-10.09],[85.47,-10.01],[85.54,-10.03],[85.54,-10.18],[85.47,-10.19],[85.47,-10.09]]]}},{"type":"Feature","properties":{"precip":10},"geometry":{"type":"Polygon","coordinates":[[[85.76,-10.24],[85.76,-10.21],[85.79,-10.19],[85.79,-10.23],[85.86,-10.23],[85.86,-10.28],[85.79,-10.28],[85.79,-10.31],[85.76,-10.29],[85.76,-10.24]]]}},{"type":"Feature","properties":{"precip":10},"geometry":{"type":"Polygon","coordinates":[[[76.15,-10.44],[76.15,-10.41],[76.22,-10.39],[76.25,-10.41],[76.25,-10.48],[76.18,-10.49],[76.15,-10.48],[76.15,-10.44]]]}},{"type":"Feature","properties":{"precip":10},"geometry":{"type":"Polygon","coordinates":[[[76.76,-10.49],[76.76,-10.43],[76.83,-10.39],[76.87,-10.39],[76.9,-10.43],[76.97,-10.48],[77.05,-10.54],[77.05,-10.68],[76.97,-10.69],[76.9,-10.66],[76.9,-10.63],[76.9,-10.61],[76.83,-10.61],[76.76,-10.56],[76.76,-10.49]]]}},{"type":"Feature","properties":{"precip":10},"geometry":{"type":"Polygon","coordinates":[[[75.07,-10.56],[75.07,-10.51],[75.14,-10.51],[75.14,-10.61],[75.07,-10.61],[75.07,-10.56]]]}},{"type":"Feature","properties":{"precip":10},"geometry":{"type":"Polygon","coordinates":[[[35.65,-10.64],[35.65,-10.63],[35.72,-10.61],[35.76,-10.63],[35.76,-10.66],[35.72,-10.69],[35.65,-10.68],[35.65,-10.64]]]}},{"type":"Feature","properties":{"precip":10},"geometry":{"type":"Polygon","coordinates":[[[78.34,-10.64],[78.38,-10.61],[78.41,-10.63],[78.41,-10.66],[78.45,-10.66],[78.56,-10.69],[78.74,-10.69],[78.95,-10.74],[79.06,-10.84],[79.06,-10.87],[79.03,-10.89],[78.88,-10.89],[78.85,-10.91],[78.34,-10.91],[78.2,-10.89],[78.13,-10.89],[77.98,-10.84],[77.98,-10.81],[77.98,-10.84],[77.95,-10.87],[77.87,-10.91],[77.87,-10.82],[77.91,-10.81],[77.91,-10.78],[77.98,-10.71],[78.05,-10.73],[78.05,-10.76],[78.13,-10.79],[78.13,-10.74],[78.2,-10.69],[78.31,-10.69],[78.34,-10.68],[78.34,-10.64]]]}},{"type":"Feature","properties":{"precip":10},"geometry":{"type":"Polygon","coordinates":[[[79.93,-10.99],[79.93,-10.94],[79.96,-10.91],[80.07,-10.91],[80.47,-10.91],[80.57,-10.91],[80.61,-10.91],[80.75,-10.94],[80.75,-10.99],[80.61,-11.04],[80.61,-11.06],[80.72,-11.09],[80.72,-11.14],[80.75,-11.16],[80.75,-11.26],[80.72,-11.29],[80.54,-11.29],[80.47,-11.31],[80.29,-11.31],[80.25,-11.32],[80.14,-11.32],[80.14,-11.34],[80.14,-11.37],[80.03,-11.41],[79.89,-11.41],[79.85,-11.39],[79.75,-11.39],[79.71,-11.34],[79.64,-11.31],[79.49,-11.31],[79.46,-11.29],[79.28,-11.29],[79.24,-11.26],[79.24,-11.22],[79.21,-11.19],[79.06,-11.19],[79.06,-11.17],[79.06,-11.02],[79.24,-10.99],[79.31,-10.99],[79.39,-11.01],[79.49,-11.01],[79.49,-11.02],[79.53,-11.07],[79.64,-11.09],[79.64,-11.06],[79.71,-11.01],[79.71,-11.02],[79.71,-11.07],[79.82,-11.11],[79.85,-11.11],[79.93,-11.07],[79.93,-11.04],[79.93,-10.99]]]}},{"type":"Feature","properties":{"precip":10},"geometry":{"type":"Polygon","coordinates":[[[92.06,-15.34],[92.13,-15.29],[92.27,-15.29],[92.34,-15.32],[92.34,-15.37],[92.27,-15.39],[92.24,-15.39],[92.2,-15.41],[92.16,-15.39],[92.06,-15.39],[92.06,-15.37],[92.06,-15.34]]]}},{"type":"Feature","properties":{"precip":10},"geometry":{"type":"Polygon","coordinates":[[[50.05,-15.95],[50.05,-15.91],[50.09,-15.89],[50.16,-15.92],[50.16,-15.97],[50.12,-15.99],[50.05,-15.99],[50.05,-15.95]]]}},{"type":"Feature","properties":{"precip":10},"geometry":{"type":"Polygon","coordinates":[[[92.7,-15.95],[92.78,-15.91],[92.85,-15.91],[92.85,-15.89],[92.92,-15.92],[92.92,-15.97],[92.88,-16.0],[92.81,-16.0],[92.7,-15.95]]]}},{"type":"Feature","properties":{"precip":10},"geometry":{"type":"Polygon","coordinates":[[[93.35,-16.05],[93.35,-16.02],[93.35,-16.0],[93.46,-16.02],[93.46,-16.09],[93.42,-16.09],[93.35,-16.09],[93.35,-16.05]]]}},{"type":"Feature","properties":{"precip":10},"geometry":{"type":"Polygon","coordinates":[[[92.85,-16.14],[92.92,-16.09],[92.99,-16.09],[93.03,-16.1],[93.06,-16.15],[92.99,-16.19],[92.92,-16.2],[92.88,-16.17],[92.85,-16.17],[92.85,-16.14]]]}},{"type":"Feature","properties":{"precip":10},"geometry":{"type":"Polygon","coordinates":[[[93.14,-16.14],[93.14,-16.12],[93.14,-16.09],[93.24,-16.1],[93.24,-16.19],[93.21,-16.2],[93.14,-16.14]]]}},{"type":"Feature","properties":{"precip":10},"geometry":{"type":"Polygon","coordinates":[[[49.44,-18.26],[49.44,-18.23],[49.47,-18.23],[49.47,-18.2],[49.55,-18.21],[49.55,-18.28],[49.47,-18.3],[49.47,-18.28],[49.44,-18.26]]]}},{"type":"Feature","properties":{"precip":10},"geometry":{"type":"Polygon","coordinates":[[[49.83,-18.35],[49.91,-18.3],[50.09,-18.3],[50.16,-18.33],[50.16,-18.36],[50.12,-18.36],[50.09,-18.4],[49.91,-18.4],[49.83,-18.35]]]}},{"type":"Feature","properties":{"precip":10},"geometry":{"type":"Polygon","coordinates":[[[53.36,-23.09],[53.36,-22.99],[53.43,-23.01],[53.43,-23.04],[53.54,-23.14],[53.54,-23.19],[53.51,-23.21],[53.43,-23.21],[53.36,-23.18],[53.36,-23.09]]]}},{"type":"Feature","properties":{"precip":10},"geometry":{"type":"Polygon","coordinates":[[[52.64,-23.16],[52.64,-23.13],[52.71,-23.09],[52.75,-23.11],[52.75,-23.19],[52.68,-23.21],[52.68,-23.18],[52.64,-23.16]]]}},{"type":"Feature","properties":{"precip":10},"geometry":{"type":"Polygon","coordinates":[[[52.25,-23.34],[52.28,-23.29],[52.35,-23.31],[52.35,-23.39],[52.28,-23.39],[52.25,-23.38],[52.25,-23.34]]]}},{"type":"Feature","properties":{"precip":10},"geometry":{"type":"Polygon","coordinates":[[[52.89,-23.48],[53.07,-23.33],[53.11,-23.31],[53.15,-23.33],[53.15,-23.48],[53.07,-23.49],[53.07,-23.54],[53.04,-23.56],[53.04,-23.62],[53.07,-23.66],[53.07,-23.69],[53.15,-23.71],[53.33,-23.71],[53.43,-23.69],[53.43,-23.62],[53.36,-23.54],[53.29,-23.48],[53.25,-23.44],[53.25,-23.33],[53.29,-23.29],[53.33,-23.29],[53.33,-23.33],[53.36,-23.34],[53.36,-23.46],[53.4,-23.48],[53.43,-23.54],[53.51,-23.59],[53.54,-23.59],[53.61,-23.62],[53.69,-23.69],[53.72,-23.74],[53.72,-23.76],[53.76,-23.82],[53.76,-23.99],[53.83,-24.01],[53.83,-24.06],[53.87,-24.07],[53.87,-24.12],[53.83,-24.14],[53.83,-24.19],[53.76,-24.21],[53.69,-24.21],[53.69,-24.24],[53.65,-24.27],[53.65,-24.55],[53.61,-24.57],[53.61,-24.59],[53.58,-24.59],[53.58,-24.57],[53.54,-24.55],[53.54,-24.45],[53.47,-24.39],[53.47,-24.36],[53.33,-24.24],[53.33,-24.21],[53.25,-24.12],[53.25,-24.04],[53.22,-24.02],[53.15,-24.01],[52.97,-24.01],[52.86,-23.97],[52.86,-23.84],[52.93,-23.79],[53.04,-23.79],[53.04,-23.74],[52.93,-23.61],[52.86,-23.62],[52.86,-23.67],[52.82,-23.67],[52.79,-23.71],[52.79,-23.61],[52.89,-23.51],[52.89,-23.48]],[[53.65,-23.84],[53.65,-23.81],[53.58,-23.79],[53.58,-23.82],[53.54,-23.82],[53.54,-23.87],[53.58,-23.87],[53.58,-23.91],[53.65,-23.89],[53.65,-23.84]]]}},{"type":"Feature","properties":{"precip":10},"geometry":{"type":"Polygon","coordinates":[[[52.53,-23.46],[52.57,-23.44],[52.57,-23.41],[52.64,-23.41],[52.64,-23.48],[52.57,-23.49],[52.57,-23.46],[52.53,-23.46]]]}},{"type":"Feature","properties":{"precip":10},"geometry":{"type":"Polygon","coordinates":[[[51.96,-23.54],[51.99,-23.51],[52.07,-23.51],[52.1,-23.49],[52.28,-23.49],[52.35,-23.51],[52.43,-23.51],[52.46,-23.54],[52.35,-23.59],[52.07,-23.59],[51.96,-23.56],[51.96,-23.54]]]}},{"type":"Feature","properties":{"precip":10},"geometry":{"type":"Polygon","coordinates":[[[52.53,-23.66],[52.57,-23.64],[52.57,-23.61],[52.61,-23.59],[52.64,-23.61],[52.64,-23.69],[52.57,-23.71],[52.57,-23.66],[52.53,-23.66]]]}},{"type":"Feature","properties":{"precip":10},"geometry":{"type":"Polygon","coordinates":[[[49.26,-25.4],[49.26,-25.32],[49.33,-25.32],[49.33,-25.37],[49.37,-25.38],[49.37,-25.42],[49.33,-25.43],[49.33,-25.48],[49.26,-25.48],[49.26,-25.4]]]}},{"type":"Feature","properties":{"precip":10},"geometry":{"type":"Polygon","coordinates":[[[54.55,-25.5],[54.55,-25.45],[54.62,-25.4],[54.69,-25.4],[54.8,-25.4],[54.84,-25.4],[54.91,-25.4],[54.95,-25.42],[54.95,-25.47],[54.98,-25.47],[55.02,-25.5],[55.09,-25.5],[55.13,-25.52],[55.13,-25.55],[55.16,-25.58],[55.13,-25.63],[55.13,-25.67],[55.09,-25.72],[54.98,-25.82],[54.91,-25.87],[54.84,-25.9],[54.48,-25.9],[54.41,-25.88],[54.33,-25.85],[54.37,-25.85],[54.37,-25.82],[54.41,-25.8],[54.48,-25.8],[54.55,-25.78],[54.55,-25.73],[54.48,-25.7],[54.37,-25.7],[54.26,-25.67],[54.26,-25.63],[54.33,-25.6],[54.51,-25.6],[54.55,-25.57],[54.55,-25.5]]]}},{"type":"Feature","properties":{"precip":10},"geometry":{"type":"Polygon","coordinates":[[[-13.36,-41.3],[-13.36,-34.06],[-13.3,-34.0],[-13.23,-34.0],[-13.19,-34.02],[-13.16,-34.07],[-13.16,-34.15],[-13.23,-34.2],[-13.3,-34.2],[-13.34,-34.22],[-13.34,-34.35],[-13.3,-34.4],[-13.23,-34.45],[-13.23,-34.48],[-13.16,-34.48],[-13.16,-34.35],[-13.12,-34.33],[-13.12,-34.3],[-13.05,-34.32],[-13.05,-34.38],[-13.01,-34.4],[-12.9,-34.4],[-12.87,-34.38],[-12.87,-34.35],[-12.83,-34.35],[-12.83,-34.3],[-12.76,-34.32],[-12.76,-34.47],[-12.83,-34.5],[-12.9,-34.5],[-12.94,-34.52],[-12.94,-34.68],[-12.87,-34.7],[-12.83,-34.7],[-12.76,-34.68],[-12.72,-34.65],[-12.72,-34.62],[-12.65,-34.63],[-12.62,-34.66],[-12.62,-34.7],[-12.54,-34.81],[-12.54,-34.96],[-12.47,-35.0],[-12.36,-35.0],[-12.26,-35.03],[-12.18,-35.11],[-12.18,-35.15],[-12.15,-35.2],[-12.15,-35.3],[-12.08,-35.43],[-12.0,-35.5],[-11.93,-35.56],[-11.86,-35.56],[-11.82,-35.51],[-11.79,-35.51],[-11.75,-35.51],[-11.75,-35.56],[-11.82,-35.61],[-11.82,-35.69],[-11.75,-35.74],[-11.75,-35.76],[-11.68,-35.79],[-11.61,-35.79],[-11.57,-35.81],[-11.57,-35.84],[-11.54,-35.86],[-11.54,-35.98],[-11.5,-35.99],[-11.5,-36.03],[-11.46,-36.04],[-11.39,-36.09],[-11.39,-36.13],[-11.36,-36.14],[-11.36,-36.26],[-11.32,-36.28],[-11.32,-36.31],[-11.25,-36.33],[-11.25,-36.36],[-11.28,-36.39],[-11.39,-36.39],[-11.46,-36.44],[-11.39,-36.49],[-11.32,-36.49],[-11.25,-36.51],[-11.1,-36.47],[-11.03,-36.44],[-11.03,-36.41],[-10.96,-36.42],[-10.89,-36.49],[-10.89,-36.54],[-10.85,-36.59],[-10.85,-36.67],[-10.78,-36.69],[-10.74,-36.72],[-10.74,-36.76],[-10.82,-36.79],[-10.89,-36.81],[-11.03,-36.81],[-11.14,-36.84],[-11.14,-36.94],[-11.07,-37.04],[-11.03,-37.07],[-10.96,-37.09],[-10.96,-37.06],[-10.92,-37.04],[-10.92,-37.01],[-10.89,-37.01],[-10.82,-37.07],[-10.82,-37.11],[-10.78,-37.12],[-10.78,-37.16],[-10.74,-37.17],[-10.74,-37.29],[-10.67,-37.3],[-10.64,-37.34],[-10.64,-37.37],[-10.67,-37.37],[-10.67,-37.4],[-10.74,-37.4],[-10.85,-37.44],[-10.92,-37.5],[-10.92,-37.59],[-10.89,-37.6],[-10.85,-37.65],[-10.92,-37.7],[-10.92,-37.74],[-11.0,-37.79],[-11.03,-37.84],[-11.03,-37.97],[-11.0,-37.99],[-10.89,-37.99],[-10.85,-37.95],[-10.82,-37.94],[-10.82,-37.9],[-10.78,-37.9],[-10.74,-37.94],[-10.74,-37.97],[-10.78,-37.99],[-10.85,-38.02],[-10.85,-38.07],[-10.78,-38.1],[-10.71,-38.1],[-10.67,-38.12],[-10.67,-38.18],[-10.64,-38.22],[-10.64,-38.38],[-10.56,-38.42],[-10.56,-38.52],[-10.53,-38.57],[-10.53,-38.67],[-10.49,-38.72],[-10.38,-38.8],[-10.35,-38.78],[-10.35,-38.63],[-10.38,-38.6],[-10.46,-38.57],[-10.46,-38.53],[-10.42,-38.52],[-10.35,-38.52],[-10.28,-38.5],[-10.17,-38.52],[-10.17,-38.6],[-10.24,-38.62],[-10.24,-38.78],[-10.17,-38.8],[-10.17,-38.88],[-10.13,-38.9],[-10.17,-38.92],[-10.17,-38.98],[-10.2,-39.0],[-10.28,-39.0],[-10.35,-39.03],[-10.35,-39.06],[-10.31,-39.08],[-10.24,-39.08],[-10.24,-39.1],[-10.17,-39.1],[-10.06,-39.06],[-10.06,-38.98],[-10.02,-38.95],[-10.02,-38.92],[-9.99,-38.87],[-9.88,-38.8],[-9.81,-38.8],[-9.7,-38.9],[-9.66,-38.92],[-9.66,-39.0],[-9.77,-39.0],[-9.84,-39.05],[-9.84,-39.18],[-9.77,-39.2],[-9.77,-39.25],[-9.74,-39.26],[-9.74,-39.33],[-9.77,-39.35],[-9.77,-39.38],[-9.81,-39.4],[-9.92,-39.4],[-9.95,-39.43],[-9.95,-39.48],[-9.88,-39.5],[-9.88,-39.53],[-9.84,-39.55],[-9.84,-39.68],[-9.77,-39.7],[-9.77,-39.65],[-9.74,-39.63],[-9.74,-39.51],[-9.7,-39.5],[-9.66,-39.51],[-9.66,-39.61],[-9.63,-39.63],[-9.63,-39.7],[-9.56,-39.7],[-9.56,-39.63],[-9.52,-39.61],[-9.38,-39.61],[-9.34,-39.63],[-9.34,-39.66],[-9.38,-39.7],[-9.48,-39.7],[-9.52,-39.71],[-9.52,-39.75],[-9.56,-39.76],[-9.56,-39.86],[-9.52,-39.88],[-9.52,-39.89],[-9.48,-39.89],[-9.45,-39.93],[-9.45,-40.04],[-9.41,-40.09],[-9.34,-40.09],[-9.27,-40.08],[-9.16,-39.94],[-9.09,-39.91],[-9.05,-39.91],[-9.05,-39.98],[-9.09,-39.98],[-9.12,-40.01],[-9.12,-40.09],[-9.16,-40.13],[-9.16,-40.28],[-9.12,-40.31],[-9.12,-40.39],[-9.05,-40.44],[-9.05,-40.46],[-9.09,-40.46],[-9.12,-40.49],[-9.16,-40.56],[-9.09,-40.59],[-9.02,-40.61],[-8.94,-40.64],[-8.94,-40.71],[-8.98,-40.74],[-8.98,-40.79],[-9.05,-40.84],[-9.05,-40.86],[-9.16,-40.91],[-9.23,-40.91],[-9.34,-40.94],[-9.41,-40.99],[-9.41,-41.02],[-9.45,-41.06],[-9.45,-41.14],[-9.41,-41.16],[-9.41,-41.19],[-9.34,-41.26],[-9.29,-41.3],[-11.49,-41.3],[-11.5,-41.29],[-11.57,-41.29],[-11.68,-41.22],[-11.72,-41.17],[-11.79,-41.12],[-11.82,-41.07],[-11.82,-41.01],[-11.86,-40.99],[-11.86,-40.92],[-11.93,-40.91],[-12.0,-40.86],[-12.08,-40.82],[-12.11,-40.77],[-12.18,-40.71],[-12.26,-40.62],[-12.26,-40.53],[-12.33,-40.49],[-12.4,-40.49],[-12.44,-40.53],[-12.44,-40.61],[-12.36,-40.62],[-12.36,-40.67],[-12.4,-40.69],[-12.4,-40.71],[-12.44,-40.72],[-12.47,-40.77],[-12.54,-40.84],[-12.54,-40.89],[-12.51,-40.91],[-12.44,-40.91],[-12.36,-40.94],[-12.26,-41.02],[-12.26,-41.12],[-12.22,-41.16],[-12.22,-41.21],[-12.08,-41.29],[-12.04,-41.29],[-12.02,-41.3],[-13.36,-41.3]],[[-11.75,-36.09],[-11.75,-36.04],[-11.79,-36.01],[-11.82,-36.01],[-11.82,-36.04],[-11.86,-36.06],[-11.86,-36.14],[-11.82,-36.16],[-11.82,-36.19],[-11.75,-36.18],[-11.75,-36.09]],[[-13.34,-36.19],[-13.36,-36.17],[-13.36,-36.24],[-13.34,-36.23],[-13.34,-36.19]],[[-13.26,-36.44],[-13.26,-36.41],[-13.3,-36.39],[-13.36,-36.39],[-13.36,-36.51],[-13.26,-36.49],[-13.26,-36.44]],[[-11.93,-36.44],[-11.97,-36.44],[-11.97,-36.39],[-12.04,-36.41],[-12.04,-36.49],[-11.97,-36.49],[-11.97,-36.46],[-11.93,-36.44]],[[-12.94,-36.61],[-12.94,-36.56],[-13.01,-36.51],[-13.08,-36.51],[-13.16,-36.56],[-13.16,-36.64],[-13.12,-36.66],[-13.12,-36.69],[-12.98,-36.69],[-12.98,-36.66],[-12.94,-36.64],[-12.94,-36.61]],[[-12.76,-36.56],[-12.76,-36.51],[-12.83,-36.51],[-12.83,-36.61],[-12.76,-36.59],[-12.76,-36.56]],[[-11.03,-36.64],[-11.07,-36.64],[-11.07,-36.61],[-11.14,-36.61],[-11.14,-36.69],[-11.07,-36.69],[-11.07,-36.66],[-11.03,-36.64]],[[-12.65,-36.76],[-12.65,-36.71],[-12.72,-36.69],[-12.72,-36.72],[-12.76,-36.72],[-12.76,-36.77],[-12.72,-36.77],[-12.72,-36.81],[-12.65,-36.79],[-12.65,-36.76]],[[-12.87,-36.86],[-12.87,-36.81],[-12.94,-36.81],[-12.94,-36.89],[-12.87,-36.89],[-12.87,-36.86]],[[-11.03,-37.19],[-11.07,-37.17],[-11.07,-37.14],[-11.1,-37.11],[-11.18,-37.11],[-11.25,-37.14],[-11.25,-37.25],[-11.14,-37.3],[-11.07,-37.27],[-11.07,-37.22],[-11.03,-37.19]],[[-11.14,-37.44],[-11.18,-37.42],[-11.18,-37.4],[-11.25,-37.42],[-11.25,-37.49],[-11.21,-37.5],[-11.18,-37.47],[-11.14,-37.47],[-11.14,-37.44]],[[-10.85,-38.15],[-10.85,-38.12],[-10.92,-38.1],[-10.96,-38.13],[-10.96,-38.17],[-10.92,-38.2],[-10.85,-38.18],[-10.85,-38.15]],[[-13.36,-39.7],[-13.3,-39.7],[-13.26,-39.68],[-13.26,-39.61],[-13.34,-39.6],[-13.34,-39.35],[-13.36,-39.34],[-13.36,-39.7]],[[-9.95,-39.25],[-9.95,-39.21],[-10.02,-39.2],[-10.02,-39.23],[-10.06,-39.23],[-10.06,-39.28],[-10.02,-39.28],[-9.99,-39.31],[-9.95,-39.3],[-9.95,-39.25]],[[-13.16,-39.5],[-13.16,-39.41],[-13.23,-39.4],[-13.23,-39.45],[-13.26,-39.46],[-13.26,-39.55],[-13.23,-39.56],[-13.23,-39.61],[-13.16,-39.6],[-13.16,-39.5]],[[-12.94,-39.89],[-12.94,-39.86],[-12.98,-39.84],[-12.98,-39.81],[-13.05,-39.79],[-13.12,-39.81],[-13.12,-39.84],[-13.16,-39.86],[-13.16,-39.94],[-13.08,-39.99],[-13.01,-39.99],[-12.94,-39.94],[-12.94,-39.89]],[[-13.16,-40.04],[-13.16,-40.01],[-13.23,-39.99],[-13.23,-40.03],[-13.26,-40.03],[-13.26,-40.08],[-13.23,-40.08],[-13.23,-40.11],[-13.16,-40.09],[-13.16,-40.04]],[[-12.87,-40.04],[-12.87,-40.01],[-12.9,-39.99],[-12.94,-40.01],[-12.94,-40.09],[-12.9,-40.11],[-12.87,-40.09],[-12.87,-40.04]],[[-10.06,-40.16],[-10.06,-40.11],[-10.13,-40.11],[-10.13,-40.19],[-10.06,-40.18],[-10.06,-40.16]],[[-9.23,-40.24],[-9.27,-40.24],[-9.27,-40.19],[-9.34,-40.21],[-9.34,-40.29],[-9.27,-40.29],[-9.27,-40.26],[-9.23,-40.24]],[[-10.13,-40.41],[-10.17,-40.39],[-10.17,-40.31],[-10.24,-40.31],[-10.24,-40.48],[-10.17,-40.49],[-10.17,-40.43],[-10.13,-40.41]],[[-9.74,-40.71],[-9.74,-40.66],[-9.77,-40.64],[-9.77,-40.61],[-9.84,-40.62],[-9.84,-40.77],[-9.77,-40.79],[-9.77,-40.76],[-9.74,-40.72],[-9.74,-40.71]],[[-12.54,-40.74],[-12.54,-40.71],[-12.58,-40.71],[-12.65,-40.71],[-12.65,-40.77],[-12.58,-40.79],[-12.54,-40.77],[-12.54,-40.74]]]}},{"type":"Feature","properties":{"precip":10},"geometry":{"type":"Polygon","coordinates":[[[58.54,-26.76],[58.54,-26.73],[58.65,-26.7],[58.72,-26.71],[58.72,-26.75],[58.76,-26.76],[58.76,-26.85],[58.69,-26.9],[58.58,-26.9],[58.51,-26.91],[58.44,-26.95],[58.44,-27.0],[58.36,-27.01],[58.29,-27.01],[58.26,-27.03],[58.26,-27.14],[58.22,-27.16],[58.22,-27.19],[58.11,-27.19],[58.08,-27.18],[58.08,-27.14],[58.04,-27.13],[58.04,-27.01],[58.15,-26.86],[58.22,-26.81],[58.29,-26.8],[58.44,-26.8],[58.54,-26.76]]]}},{"type":"Feature","properties":{"precip":10},"geometry":{"type":"Polygon","coordinates":[[[56.85,-26.88],[56.85,-26.85],[56.93,-26.8],[57.18,-26.8],[57.25,-26.83],[57.25,-26.86],[57.32,-26.9],[57.47,-26.9],[57.54,-26.91],[57.54,-27.0],[57.5,-27.03],[57.39,-27.06],[57.29,-27.09],[57.14,-27.09],[57.0,-27.06],[56.96,-27.03],[56.89,-27.01],[56.89,-26.98],[56.85,-26.93],[56.85,-26.88]]]}},{"type":"Feature","properties":{"precip":10},"geometry":{"type":"Polygon","coordinates":[[[59.66,-27.04],[59.66,-27.01],[59.73,-27.01],[59.73,-27.09],[59.66,-27.08],[59.66,-27.04]]]}},{"type":"Feature","properties":{"precip":10},"geometry":{"type":"Polygon","coordinates":[[[57.86,-27.26],[57.86,-27.21],[57.93,-27.21],[57.93,-27.31],[57.86,-27.29],[57.86,-27.26]]]}},{"type":"Feature","properties":{"precip":10},"geometry":{"type":"Polygon","coordinates":[[[59.05,-28.95],[59.05,-28.92],[59.08,-28.9],[59.16,-28.92],[59.16,-28.97],[59.12,-28.99],[59.05,-28.97],[59.05,-28.95]]]}},{"type":"Feature","properties":{"precip":10},"geometry":{"type":"Polygon","coordinates":[[[58.22,-29.57],[58.33,-29.5],[58.44,-29.5],[58.44,-29.58],[58.4,-29.6],[58.33,-29.6],[58.26,-29.62],[58.26,-29.68],[58.33,-29.72],[58.36,-29.77],[58.29,-29.77],[58.18,-29.68],[58.18,-29.6],[58.22,-29.57]]]}},{"type":"Feature","properties":{"precip":10},"geometry":{"type":"Polygon","coordinates":[[[57.97,-29.75],[57.97,-29.7],[58.04,-29.72],[58.04,-29.78],[57.97,-29.78],[57.97,-29.75]]]}},{"type":"Feature","properties":{"precip":10},"geometry":{"type":"Polygon","coordinates":[[[28.63,-29.95],[28.67,-29.93],[28.67,-29.9],[28.74,-29.92],[28.74,-30.0],[28.67,-30.0],[28.67,-29.97],[28.63,-29.95]]]}},{"type":"Feature","properties":{"precip":10},"geometry":{"type":"Polygon","coordinates":[[[59.34,-30.45],[59.37,-30.43],[59.37,-30.4],[59.44,-30.4],[59.44,-30.5],[59.37,-30.5],[59.37,-30.46],[59.34,-30.45]]]}},{"type":"Feature","properties":{"precip":10},"geometry":{"type":"Polygon","coordinates":[[[28.35,-30.86],[28.35,-30.83],[28.42,-30.8],[28.45,-30.81],[28.45,-30.88],[28.42,-30.9],[28.35,-30.86]]]}},{"type":"Feature","properties":{"precip":10},"geometry":{"type":"Polygon","coordinates":[[[60.06,-31.0],[60.06,-30.91],[60.13,-30.9],[60.13,-30.93],[60.16,-30.95],[60.27,-31.08],[60.31,-31.1],[60.42,-31.1],[60.49,-31.05],[60.49,-31.0],[60.52,-31.0],[60.52,-31.05],[60.56,-31.08],[60.63,-31.11],[60.67,-31.11],[60.74,-31.08],[60.78,-31.05],[60.78,-31.0],[60.81,-31.0],[60.81,-31.05],[60.85,-31.05],[60.85,-31.08],[60.88,-31.08],[60.96,-31.11],[61.06,-31.06],[61.06,-31.01],[61.14,-31.03],[61.17,-31.06],[61.17,-31.1],[61.21,-31.11],[61.24,-31.15],[61.35,-31.2],[61.42,-31.18],[61.46,-31.15],[61.39,-31.08],[61.35,-31.08],[61.35,-31.03],[61.39,-31.01],[61.46,-31.05],[61.46,-31.08],[61.53,-31.15],[61.53,-31.18],[61.57,-31.21],[61.57,-31.29],[61.64,-31.29],[61.64,-31.25],[61.71,-31.2],[61.78,-31.2],[61.86,-31.23],[61.86,-31.28],[61.89,-31.29],[62.0,-31.29],[62.04,-31.28],[62.04,-31.25],[62.11,-31.2],[62.18,-31.2],[62.25,-31.21],[62.25,-31.28],[62.18,-31.31],[62.14,-31.34],[62.14,-31.44],[62.07,-31.48],[62.0,-31.49],[61.24,-31.49],[61.14,-31.48],[61.03,-31.44],[61.03,-31.41],[60.99,-31.41],[60.96,-31.43],[60.96,-31.46],[60.85,-31.49],[60.6,-31.49],[60.52,-31.51],[60.42,-31.56],[60.42,-31.61],[60.38,-31.59],[60.38,-31.56],[60.31,-31.51],[60.2,-31.49],[60.09,-31.59],[60.02,-31.54],[60.02,-31.51],[59.95,-31.41],[59.95,-31.33],[60.02,-31.31],[60.09,-31.38],[60.09,-31.41],[60.13,-31.39],[60.13,-31.36],[60.16,-31.33],[60.24,-31.29],[60.31,-31.29],[60.34,-31.28],[60.34,-31.23],[60.24,-31.15],[60.16,-31.11],[60.09,-31.11],[60.06,-31.13],[60.06,-31.16],[59.98,-31.2],[59.91,-31.2],[59.88,-31.21],[59.84,-31.26],[59.84,-31.39],[59.77,-31.41],[59.77,-31.49],[59.73,-31.53],[59.73,-31.58],[59.66,-31.59],[59.59,-31.59],[59.55,-31.56],[59.55,-31.43],[59.52,-31.41],[59.44,-31.41],[59.44,-31.48],[59.41,-31.49],[59.26,-31.49],[59.19,-31.48],[59.08,-31.39],[59.08,-31.36],[59.05,-31.34],[59.05,-31.23],[59.01,-31.21],[59.01,-31.18],[58.94,-31.15],[58.98,-31.13],[59.05,-31.15],[59.08,-31.16],[59.12,-31.23],[59.26,-31.29],[59.34,-31.29],[59.34,-31.26],[59.37,-31.21],[59.41,-31.2],[59.44,-31.23],[59.44,-31.26],[59.52,-31.29],[59.59,-31.29],[59.62,-31.28],[59.73,-31.18],[59.73,-31.11],[59.66,-31.08],[59.66,-31.01],[59.73,-31.01],[59.73,-31.05],[59.88,-31.11],[59.95,-31.11],[60.02,-31.08],[60.06,-31.05],[60.06,-31.0]],[[60.56,-31.15],[60.52,-31.11],[60.45,-31.13],[60.45,-31.18],[60.49,-31.2],[60.56,-31.16],[60.56,-31.15]],[[60.85,-31.15],[60.85,-31.13],[60.78,-31.11],[60.74,-31.15],[60.74,-31.16],[60.78,-31.18],[60.85,-31.18],[60.85,-31.15]],[[61.14,-31.15],[61.14,-31.11],[61.06,-31.11],[61.06,-31.18],[61.14,-31.2],[61.14,-31.15]],[[59.77,-31.36],[59.73,-31.34],[59.73,-31.31],[59.7,-31.29],[59.66,-31.31],[59.66,-31.39],[59.73,-31.41],[59.73,-31.36],[59.77,-31.36]],[[60.45,-31.36],[60.45,-31.31],[60.38,-31.29],[60.34,-31.33],[60.34,-31.38],[60.38,-31.39],[60.45,-31.39],[60.45,-31.36]]]}},{"type":"Feature","properties":{"precip":10},"geometry":{"type":"Polygon","coordinates":[[[61.64,-31.05],[61.68,-31.03],[61.68,-31.0],[61.75,-31.01],[61.75,-31.1],[61.68,-31.11],[61.68,-31.08],[61.64,-31.08],[61.64,-31.05]]]}},{"type":"Feature","properties":{"precip":10},"geometry":{"type":"Polygon","coordinates":[[[61.96,-31.05],[61.96,-31.01],[62.04,-31.0],[62.04,-31.1],[62.0,-31.11],[61.96,-31.1],[61.96,-31.05]]]}},{"type":"Feature","properties":{"precip":10},"geometry":{"type":"Polygon","coordinates":[[[62.5,-31.28],[62.58,-31.21],[62.65,-31.2],[62.65,-31.26],[62.61,-31.28],[62.61,-31.31],[62.58,-31.33],[62.5,-31.39],[62.47,-31.39],[62.47,-31.31],[62.5,-31.28]]]}},{"type":"Feature","properties":{"precip":10},"geometry":{"type":"Polygon","coordinates":[[[63.84,-31.44],[63.87,-31.43],[63.87,-31.41],[63.94,-31.41],[63.94,-31.49],[63.87,-31.49],[63.87,-31.46],[63.84,-31.44]]]}},{"type":"Feature","properties":{"precip":10},"geometry":{"type":"Polygon","coordinates":[[[59.91,-31.88],[59.91,-31.86],[59.98,-31.83],[59.98,-31.81],[60.06,-31.79],[60.16,-31.84],[60.2,-31.88],[60.2,-31.91],[60.24,-31.94],[60.24,-31.98],[60.2,-31.99],[60.16,-31.98],[60.16,-31.94],[60.13,-31.91],[60.09,-31.91],[60.06,-31.94],[60.06,-32.06],[60.02,-32.09],[59.95,-32.06],[59.91,-32.03],[59.91,-31.99],[59.88,-31.98],[59.88,-31.91],[59.91,-31.88]]]}},{"type":"Feature","properties":{"precip":10},"geometry":{"type":"Polygon","coordinates":[[[60.34,-31.86],[60.38,-31.81],[60.45,-31.81],[60.49,-31.79],[60.56,-31.81],[60.7,-31.88],[60.74,-31.84],[60.88,-31.81],[61.03,-31.81],[61.14,-31.79],[61.39,-31.79],[61.46,-31.81],[61.64,-31.81],[61.78,-31.86],[61.78,-31.91],[61.82,-31.91],[61.82,-31.86],[61.86,-31.86],[61.86,-31.83],[61.89,-31.81],[61.96,-31.81],[61.96,-31.79],[62.04,-31.79],[62.11,-31.81],[62.14,-31.84],[62.14,-31.96],[62.18,-31.96],[62.18,-31.99],[62.25,-31.98],[62.25,-31.93],[62.29,-31.91],[62.4,-31.91],[62.43,-31.93],[62.47,-31.96],[62.54,-31.99],[62.79,-31.99],[62.9,-32.03],[62.97,-32.06],[62.97,-32.08],[63.04,-32.14],[63.04,-32.16],[63.12,-32.19],[63.15,-32.14],[63.22,-32.11],[63.33,-32.11],[63.37,-32.16],[63.37,-32.19],[63.4,-32.21],[63.48,-32.21],[63.55,-32.22],[63.58,-32.26],[63.58,-32.29],[63.62,-32.29],[63.62,-32.26],[63.66,-32.22],[63.73,-32.21],[63.8,-32.21],[63.84,-32.22],[63.84,-32.27],[63.8,-32.29],[63.73,-32.29],[63.66,-32.32],[63.66,-32.37],[63.62,-32.39],[63.55,-32.39],[63.55,-32.41],[63.48,-32.41],[63.37,-32.37],[63.37,-32.29],[63.33,-32.27],[63.33,-32.22],[63.3,-32.21],[63.19,-32.21],[63.19,-32.22],[63.15,-32.24],[63.15,-32.46],[63.12,-32.47],[63.12,-32.51],[63.04,-32.51],[63.04,-32.56],[63.08,-32.59],[63.15,-32.59],[63.22,-32.62],[63.22,-32.66],[63.26,-32.71],[63.26,-32.91],[63.22,-32.94],[63.22,-33.0],[63.15,-32.97],[63.15,-32.82],[63.12,-32.79],[63.08,-32.79],[63.08,-32.84],[63.04,-32.86],[63.04,-33.05],[63.01,-33.09],[62.94,-33.09],[62.86,-33.12],[62.86,-33.29],[62.94,-33.3],[63.08,-33.24],[63.15,-33.14],[63.19,-33.1],[63.26,-33.12],[63.26,-33.17],[63.33,-33.19],[63.33,-33.15],[63.37,-33.12],[63.44,-33.09],[63.55,-33.12],[63.55,-33.17],[63.48,-33.2],[63.37,-33.2],[63.37,-33.29],[63.48,-33.35],[63.58,-33.4],[63.66,-33.42],[63.66,-33.47],[63.69,-33.49],[63.76,-33.44],[63.87,-33.32],[63.94,-33.32],[63.94,-33.49],[64.05,-33.67],[64.12,-33.72],[64.16,-33.77],[64.3,-33.8],[64.34,-33.83],[64.34,-33.97],[64.3,-34.0],[64.2,-34.0],[64.16,-34.02],[64.16,-34.08],[64.23,-34.1],[64.34,-34.1],[64.45,-34.13],[64.45,-34.17],[64.52,-34.2],[64.59,-34.22],[64.66,-34.27],[64.74,-34.35],[64.84,-34.42],[64.92,-34.52],[64.99,-34.6],[65.02,-34.68],[65.06,-34.71],[65.06,-34.78],[65.13,-34.81],[65.13,-34.86],[65.17,-34.88],[65.13,-34.93],[65.13,-34.96],[65.06,-35.0],[64.99,-35.0],[64.95,-35.01],[64.95,-35.06],[65.02,-35.1],[65.17,-35.1],[65.24,-35.13],[65.24,-35.38],[65.17,-35.41],[65.17,-35.5],[65.28,-35.51],[65.35,-35.46],[65.35,-35.33],[65.42,-35.3],[65.49,-35.3],[65.53,-35.31],[65.53,-35.36],[65.56,-35.38],[65.56,-35.5],[65.64,-35.51],[65.64,-35.63],[65.67,-35.64],[65.67,-35.68],[65.74,-35.69],[65.74,-35.71],[65.82,-35.71],[65.85,-35.74],[65.85,-35.81],[65.89,-35.84],[65.89,-35.88],[65.96,-35.94],[65.96,-35.98],[66.07,-36.06],[66.07,-36.09],[66.14,-36.14],[66.14,-36.29],[66.1,-36.29],[66.03,-36.26],[65.96,-36.14],[65.89,-36.09],[65.85,-36.06],[65.74,-36.01],[65.67,-36.03],[65.67,-36.06],[65.64,-36.09],[65.64,-36.13],[65.67,-36.14],[65.67,-36.18],[65.82,-36.21],[65.85,-36.24],[65.85,-36.33],[65.96,-36.47],[66.03,-36.52],[66.07,-36.57],[66.21,-36.61],[66.21,-36.57],[66.25,-36.56],[66.25,-36.41],[66.32,-36.41],[66.39,-36.47],[66.43,-36.52],[66.43,-36.56],[66.46,-36.59],[66.46,-36.67],[66.61,-36.71],[66.64,-36.72],[66.64,-36.86],[66.68,-36.87],[66.68,-36.89],[66.72,-36.89],[66.75,-36.92],[66.75,-37.06],[66.86,-37.11],[67.04,-37.11],[67.11,-37.12],[67.22,-37.19],[67.22,-37.24],[67.29,-37.27],[67.33,-37.3],[67.4,-37.3],[67.47,-37.34],[67.47,-37.4],[67.54,-37.37],[67.54,-37.34],[67.62,-37.3],[67.72,-37.3],[67.76,-37.32],[67.76,-37.37],[67.72,-37.4],[67.62,-37.4],[67.54,-37.42],[67.58,-37.49],[67.65,-37.55],[67.72,-37.57],[67.8,-37.52],[67.94,-37.34],[67.94,-37.21],[67.87,-37.19],[67.87,-37.14],[67.98,-37.11],[68.12,-37.11],[68.16,-37.12],[68.23,-37.12],[68.26,-37.16],[68.37,-37.19],[68.62,-37.19],[68.66,-37.21],[68.77,-37.21],[68.84,-37.22],[68.84,-37.27],[68.88,-37.27],[68.88,-37.3],[68.95,-37.29],[68.95,-37.16],[68.98,-37.14],[68.98,-37.11],[69.02,-37.11],[69.02,-37.14],[69.06,-37.16],[69.06,-37.27],[69.09,-37.27],[69.16,-37.3],[69.24,-37.3],[69.31,-37.34],[69.34,-37.34],[69.42,-37.4],[69.42,-37.44],[69.49,-37.47],[69.52,-37.5],[69.52,-37.47],[69.56,-37.45],[69.56,-37.32],[69.63,-37.3],[69.63,-37.37],[69.67,-37.39],[69.67,-37.47],[69.78,-37.5],[69.85,-37.5],[69.92,-37.52],[70.06,-37.65],[70.06,-37.69],[70.14,-37.7],[70.14,-37.52],[70.06,-37.47],[70.06,-37.42],[70.1,-37.4],[70.14,-37.42],[70.14,-37.44],[70.17,-37.47],[70.24,-37.49],[70.24,-37.5],[70.31,-37.5],[70.35,-37.52],[70.35,-37.59],[70.31,-37.59],[70.24,-37.62],[70.24,-37.65],[70.31,-37.7],[70.53,-37.7],[70.64,-37.67],[70.67,-37.64],[70.67,-37.6],[70.71,-37.6],[70.75,-37.64],[70.75,-37.69],[70.78,-37.7],[70.85,-37.7],[70.96,-37.74],[71.0,-37.77],[71.0,-37.8],[71.07,-37.87],[71.14,-37.9],[71.21,-37.9],[71.25,-37.89],[71.25,-37.82],[71.29,-37.8],[71.39,-37.8],[71.43,-37.82],[71.43,-37.85],[71.47,-37.89],[71.47,-37.99],[71.54,-37.99],[71.54,-37.97],[71.57,-37.95],[71.57,-37.9],[71.61,-37.9],[71.65,-37.94],[71.65,-37.97],[71.72,-37.99],[71.75,-37.97],[71.75,-37.94],[71.79,-37.9],[71.83,-37.9],[71.83,-37.95],[71.93,-37.99],[72.01,-37.99],[72.08,-38.0],[72.19,-38.05],[72.19,-38.1],[72.26,-38.05],[72.26,-38.02],[72.33,-38.0],[72.33,-38.04],[72.37,-38.07],[72.44,-38.1],[72.51,-38.08],[72.55,-38.04],[72.55,-37.95],[72.51,-37.94],[72.51,-37.9],[72.4,-37.9],[72.37,-37.89],[72.37,-37.84],[72.29,-37.8],[72.22,-37.8],[72.22,-37.79],[72.15,-37.77],[72.15,-37.74],[72.11,-37.74],[72.11,-37.7],[72.08,-37.7],[72.08,-37.74],[72.01,-37.79],[71.93,-37.8],[71.86,-37.77],[71.86,-37.69],[71.93,-37.59],[72.01,-37.47],[72.08,-37.42],[72.15,-37.4],[72.22,-37.42],[72.29,-37.47],[72.29,-37.5],[72.37,-37.55],[72.37,-37.59],[72.44,-37.59],[72.44,-37.42],[72.4,-37.39],[72.37,-37.39],[72.37,-37.32],[72.44,-37.34],[72.51,-37.4],[72.51,-37.42],[72.58,-37.45],[72.69,-37.49],[72.87,-37.49],[72.98,-37.5],[73.05,-37.49],[73.3,-37.49],[73.34,-37.47],[73.34,-37.44],[73.23,-37.32],[73.12,-37.24],[72.98,-37.17],[72.94,-37.16],[72.94,-37.09],[73.01,-37.01],[73.01,-36.96],[73.12,-36.91],[73.16,-36.92],[73.16,-36.97],[73.23,-36.99],[73.23,-36.94],[73.27,-36.94],[73.27,-36.91],[73.37,-36.89],[73.45,-36.92],[73.48,-36.96],[73.48,-36.99],[73.55,-36.94],[73.59,-36.89],[73.63,-36.89],[73.63,-36.92],[73.66,-36.94],[73.66,-36.99],[73.73,-36.99],[73.77,-36.94],[73.77,-36.91],[73.84,-36.92],[73.84,-36.96],[73.91,-36.99],[73.99,-37.01],[74.09,-37.01],[74.17,-37.04],[74.17,-37.09],[74.24,-37.09],[74.24,-37.06],[74.27,-37.02],[74.35,-37.01],[74.6,-37.01],[74.63,-37.04],[74.63,-37.11],[74.67,-37.12],[74.67,-37.19],[74.74,-37.17],[74.78,-37.12],[74.89,-37.02],[74.96,-37.01],[75.1,-37.01],[75.14,-37.02],[75.14,-37.14],[75.17,-37.16],[75.17,-37.19],[75.21,-37.19],[75.25,-37.16],[75.25,-37.01],[75.21,-36.96],[75.21,-36.89],[75.14,-36.84],[75.14,-36.82],[75.07,-36.82],[75.07,-36.86],[74.99,-36.89],[74.96,-36.89],[74.96,-36.82],[75.03,-36.81],[75.07,-36.74],[75.03,-36.71],[74.96,-36.69],[74.89,-36.69],[74.85,-36.66],[74.85,-36.52],[74.89,-36.51],[74.96,-36.52],[74.96,-36.57],[75.03,-36.59],[75.03,-36.61],[75.21,-36.61],[75.25,-36.59],[75.25,-36.56],[75.17,-36.47],[75.1,-36.41],[75.07,-36.36],[75.07,-36.33],[75.14,-36.31],[75.14,-36.24],[75.07,-36.21],[74.96,-36.19],[74.81,-36.19],[74.74,-36.13],[74.78,-36.09],[74.85,-36.06],[74.81,-36.04],[74.81,-36.01],[74.71,-35.93],[74.71,-35.89],[74.67,-35.88],[74.67,-35.79],[74.74,-35.78],[74.74,-35.73],[74.71,-35.73],[74.71,-35.69],[74.67,-35.68],[74.67,-35.51],[74.74,-35.51],[74.74,-35.64],[74.78,-35.66],[74.78,-35.69],[74.81,-35.71],[74.85,-35.69],[74.85,-35.63],[74.96,-35.59],[75.1,-35.59],[75.14,-35.58],[75.14,-35.53],[75.21,-35.51],[75.39,-35.51],[75.46,-35.53],[75.46,-35.56],[75.5,-35.59],[75.57,-35.59],[75.64,-35.56],[75.68,-35.53],[75.68,-35.51],[75.71,-35.51],[75.71,-35.53],[75.79,-35.56],[75.89,-35.59],[76.15,-35.59],[76.22,-35.61],[76.25,-35.64],[76.25,-35.78],[76.33,-35.79],[76.33,-35.76],[76.36,-35.74],[76.36,-35.61],[76.4,-35.59],[76.47,-35.63],[76.47,-35.69],[76.54,-35.68],[76.54,-35.64],[76.58,-35.61],[76.65,-35.63],[76.65,-35.66],[76.69,-35.71],[76.69,-35.74],[76.79,-35.78],[76.79,-35.79],[76.9,-35.81],[76.97,-35.89],[77.08,-35.98],[77.3,-36.19],[77.33,-36.29],[77.41,-36.34],[77.41,-36.37],[77.33,-36.39],[77.33,-36.42],[77.33,-36.44],[77.33,-36.47],[77.48,-36.51],[77.55,-36.51],[77.62,-36.54],[77.62,-36.56],[77.69,-36.59],[77.73,-36.61],[77.77,-36.67],[77.84,-36.67],[77.87,-36.61],[77.95,-36.61],[77.98,-36.62],[78.05,-36.66],[78.05,-36.77],[77.98,-36.81],[77.95,-36.77],[77.95,-36.71],[77.87,-36.71],[77.87,-36.76],[77.84,-36.79],[77.84,-36.84],[77.87,-36.86],[77.87,-36.89],[77.95,-36.89],[78.05,-36.89],[78.13,-36.91],[78.16,-36.94],[78.16,-36.97],[78.2,-37.01],[78.23,-37.01],[78.34,-36.97],[78.34,-36.92],[78.38,-36.92],[78.38,-36.89],[78.41,-36.89],[78.41,-36.92],[78.41,-37.06],[78.52,-37.11],[78.59,-37.11],[78.63,-37.16],[78.63,-37.17],[78.67,-37.19],[78.77,-37.19],[78.77,-37.21],[78.85,-37.25],[78.88,-37.3],[78.88,-37.34],[78.99,-37.37],[78.99,-37.39],[79.06,-37.42],[79.24,-37.54],[79.24,-37.65],[79.28,-37.7],[79.31,-37.67],[79.46,-37.54],[79.49,-37.5],[79.49,-37.52],[79.49,-37.55],[79.53,-37.55],[79.53,-37.59],[79.6,-37.6],[79.71,-37.6],[79.71,-37.64],[79.71,-37.75],[79.75,-37.77],[79.75,-37.8],[79.85,-37.82],[79.85,-37.87],[79.82,-37.89],[79.75,-37.85],[79.71,-37.82],[79.67,-37.79],[79.67,-37.75],[79.6,-37.7],[79.53,-37.65],[79.49,-37.6],[79.46,-37.62],[79.46,-37.79],[79.49,-37.8],[79.49,-37.84],[79.53,-37.87],[79.53,-37.95],[79.49,-37.97],[79.49,-37.99],[79.46,-38.02],[79.46,-38.17],[79.49,-38.2],[79.6,-38.2],[79.64,-38.22],[79.64,-38.28],[79.53,-38.3],[79.53,-38.38],[79.6,-38.4],[79.67,-38.4],[79.71,-38.42],[79.71,-38.48],[79.71,-38.5],[79.64,-38.5],[79.53,-38.52],[79.53,-38.6],[79.64,-38.62],[79.64,-38.98],[79.6,-39.0],[79.49,-39.0],[79.46,-39.03],[79.42,-39.06],[79.42,-39.1],[79.39,-39.1],[79.39,-39.06],[79.31,-39.01],[79.28,-39.0],[79.28,-39.01],[79.28,-39.05],[79.24,-39.06],[79.24,-39.15],[79.28,-39.2],[79.39,-39.2],[79.46,-39.25],[79.46,-39.35],[79.53,-39.46],[79.64,-39.5],[79.71,-39.5],[79.71,-39.48],[79.71,-39.35],[79.71,-39.31],[79.64,-39.31],[79.64,-39.3],[79.53,-39.28],[79.53,-39.1],[79.64,-39.11],[79.64,-39.15],[79.71,-39.2],[79.71,-39.26],[79.82,-39.28],[79.85,-39.31],[79.93,-39.31],[79.93,-39.35],[79.93,-39.36],[79.89,-39.4],[79.85,-39.43],[79.85,-39.56],[79.93,-39.61],[79.96,-39.61],[80.03,-39.61],[80.03,-39.66],[80.07,-39.68],[80.07,-39.76],[80.11,-39.81],[80.14,-39.88],[80.18,-39.89],[80.25,-39.86],[80.25,-39.83],[80.36,-39.79],[80.47,-39.83],[80.54,-39.86],[80.57,-39.89],[80.68,-39.96],[80.68,-39.99],[80.72,-40.03],[80.79,-40.08],[80.79,-40.06],[80.9,-40.01],[81.01,-39.99],[81.01,-40.03],[81.01,-40.06],[81.11,-40.09],[81.19,-40.11],[81.22,-40.16],[81.22,-40.26],[81.26,-40.29],[81.4,-40.29],[81.44,-40.28],[81.44,-40.19],[81.37,-40.19],[81.37,-40.13],[81.4,-40.11],[81.47,-40.11],[81.55,-40.14],[81.55,-40.21],[81.62,-40.29],[81.62,-40.34],[81.65,-40.36],[81.69,-40.39],[81.83,-40.41],[81.87,-40.41],[81.91,-40.44],[81.91,-40.96],[81.87,-40.99],[81.8,-40.91],[81.8,-40.87],[81.76,-40.84],[81.65,-40.79],[81.58,-40.81],[81.58,-40.84],[81.55,-40.86],[81.55,-40.97],[81.47,-40.99],[81.4,-40.99],[81.37,-41.01],[81.37,-41.06],[81.44,-41.12],[81.44,-41.14],[81.58,-41.21],[81.69,-41.21],[81.83,-41.22],[81.87,-41.26],[81.83,-41.29],[81.81,-41.3],[36.11,-41.3],[36.08,-41.29],[36.01,-41.29],[35.99,-41.3],[14.82,-41.3],[14.81,-41.29],[14.78,-41.29],[14.78,-41.3],[14.59,-41.3],[14.56,-41.26],[14.49,-41.22],[14.49,-41.21],[14.42,-41.21],[14.34,-41.17],[14.34,-41.12],[14.31,-41.11],[14.24,-41.11],[14.16,-41.07],[14.16,-41.01],[14.24,-40.97],[14.24,-40.94],[14.16,-40.91],[14.16,-40.84],[14.24,-40.81],[14.34,-40.79],[14.45,-40.79],[14.56,-40.74],[14.6,-40.71],[14.63,-40.72],[14.7,-40.79],[14.74,-40.86],[14.81,-40.89],[14.81,-40.87],[14.88,-40.84],[14.92,-40.79],[14.92,-40.76],[15.03,-40.71],[15.06,-40.76],[15.06,-40.79],[15.14,-40.77],[15.14,-40.67],[15.17,-40.64],[15.17,-40.61],[15.24,-40.61],[15.24,-40.64],[15.28,-40.67],[15.28,-40.71],[15.32,-40.71],[15.32,-40.67],[15.35,-40.66],[15.35,-40.62],[15.42,-40.61],[15.46,-40.66],[15.46,-40.69],[15.53,-40.67],[15.64,-40.58],[15.64,-40.51],[15.6,-40.49],[15.5,-40.49],[15.46,-40.44],[15.46,-40.16],[15.42,-40.11],[15.42,-40.01],[15.39,-39.99],[15.39,-40.04],[15.35,-40.08],[15.35,-40.44],[15.32,-40.44],[15.32,-40.49],[15.28,-40.49],[15.28,-40.44],[15.24,-40.39],[15.24,-40.04],[15.21,-40.03],[15.21,-39.99],[15.17,-39.99],[15.17,-39.96],[15.14,-39.96],[15.14,-39.93],[15.21,-39.89],[15.35,-39.89],[15.42,-39.88],[15.46,-39.81],[15.39,-39.7],[15.32,-39.61],[15.21,-39.53],[15.14,-39.45],[15.1,-39.38],[15.03,-39.35],[14.99,-39.33],[14.96,-39.35],[14.88,-39.4],[14.88,-39.43],[14.85,-39.46],[14.78,-39.46],[14.7,-39.41],[14.67,-39.35],[14.6,-39.28],[14.52,-39.23],[14.45,-39.13],[14.38,-39.06],[14.38,-39.03],[14.34,-39.0],[14.34,-38.92],[14.27,-38.88],[14.27,-38.8],[14.24,-38.78],[14.24,-38.72],[14.27,-38.7],[14.27,-38.62],[14.31,-38.58],[14.34,-38.58],[14.34,-38.42],[14.27,-38.4],[14.27,-38.37],[14.24,-38.35],[14.27,-38.3],[14.34,-38.3],[14.42,-38.33],[14.52,-38.43],[14.63,-38.48],[14.78,-38.52],[14.85,-38.48],[14.85,-38.45],[14.88,-38.42],[14.96,-38.42],[15.03,-38.4],[15.24,-38.4],[15.39,-38.37],[15.46,-38.33],[15.53,-38.25],[15.53,-38.2],[15.57,-38.13],[15.53,-38.08],[15.53,-38.02],[15.5,-37.99],[15.46,-38.0],[15.42,-38.05],[15.42,-38.08],[15.35,-38.07],[15.35,-38.02],[15.32,-37.99],[15.28,-38.0],[15.24,-38.07],[15.17,-38.08],[15.17,-38.05],[15.14,-38.02],[15.06,-37.99],[14.99,-37.99],[14.96,-37.97],[14.96,-37.95],[14.88,-37.92],[14.81,-37.92],[14.78,-37.9],[14.45,-37.9],[14.34,-37.85],[14.34,-37.7],[14.27,-37.7],[14.24,-37.74],[14.24,-37.79],[14.2,-37.8],[14.13,-37.79],[14.02,-37.74],[13.98,-37.7],[13.91,-37.64],[13.8,-37.6],[13.73,-37.6],[13.66,-37.64],[13.62,-37.67],[13.62,-37.7],[13.59,-37.7],[13.59,-37.67],[13.55,-37.64],[13.48,-37.6],[13.41,-37.6],[13.34,-37.55],[13.34,-37.5],[13.26,-37.5],[13.16,-37.45],[13.16,-37.35],[13.12,-37.34],[13.12,-37.3],[13.05,-37.32],[13.05,-37.42],[13.01,-37.45],[13.01,-37.49],[12.98,-37.54],[12.9,-37.57],[12.83,-37.54],[12.76,-37.45],[12.69,-37.4],[12.62,-37.37],[12.58,-37.32],[12.44,-37.29],[12.36,-37.32],[12.36,-37.35],[12.33,-37.4],[12.26,-37.4],[12.18,-37.37],[12.08,-37.27],[12.04,-37.22],[11.97,-37.19],[11.9,-37.19],[11.86,-37.17],[11.86,-37.12],[11.9,-37.11],[12.0,-37.11],[12.04,-37.09],[12.04,-37.04],[12.11,-37.01],[12.22,-37.01],[12.26,-37.04],[12.26,-37.07],[12.4,-37.11],[12.58,-37.11],[12.69,-37.09],[12.8,-37.01],[12.87,-37.06],[12.87,-37.09],[12.94,-37.09],[12.94,-37.04],[12.98,-37.01],[13.01,-37.01],[13.05,-37.04],[13.05,-37.16],[13.08,-37.16],[13.08,-37.19],[13.3,-37.19],[13.37,-37.16],[13.37,-37.12],[13.41,-37.11],[13.44,-37.14],[13.44,-37.16],[13.48,-37.19],[13.59,-37.19],[13.66,-37.22],[13.66,-37.27],[13.77,-37.3],[13.84,-37.3],[13.91,-37.27],[13.95,-37.27],[13.95,-37.22],[14.02,-37.19],[14.09,-37.19],[14.13,-37.17],[14.13,-37.16],[14.16,-37.12],[14.16,-37.02],[14.24,-37.01],[14.56,-37.01],[14.63,-37.02],[14.63,-37.07],[14.67,-37.11],[14.67,-37.19],[14.74,-37.19],[14.74,-37.16],[14.81,-37.11],[14.88,-37.11],[14.96,-37.14],[14.96,-37.17],[14.99,-37.19],[15.06,-37.19],[15.14,-37.21],[15.14,-37.29],[15.06,-37.3],[14.99,-37.3],[14.96,-37.32],[14.96,-37.37],[15.03,-37.4],[15.17,-37.4],[15.24,-37.37],[15.24,-37.34],[15.35,-37.3],[15.64,-37.3],[15.75,-37.34],[15.75,-37.39],[15.68,-37.4],[15.68,-37.42],[15.64,-37.42],[15.64,-37.45],[15.68,-37.49],[15.82,-37.49],[15.86,-37.47],[15.86,-37.42],[16.0,-37.4],[16.22,-37.4],[16.29,-37.42],[16.36,-37.44],[16.36,-37.47],[16.29,-37.5],[16.25,-37.5],[16.25,-37.55],[16.32,-37.59],[16.4,-37.59],[16.43,-37.6],[16.72,-37.6],[16.79,-37.62],[16.86,-37.65],[16.86,-37.67],[16.97,-37.7],[17.22,-37.7],[17.26,-37.7],[17.37,-37.7],[17.44,-37.72],[17.44,-37.75],[17.51,-37.79],[17.62,-37.8],[17.69,-37.79],[17.76,-37.75],[17.76,-37.72],[17.87,-37.7],[17.94,-37.7],[18.05,-37.72],[18.05,-37.85],[18.09,-37.87],[18.09,-37.9],[18.2,-37.9],[18.2,-37.89],[18.27,-37.82],[18.3,-37.8],[18.34,-37.75],[18.45,-37.7],[18.56,-37.7],[18.66,-37.74],[18.66,-37.77],[18.63,-37.77],[18.63,-37.8],[18.56,-37.8],[18.56,-37.89],[18.59,-37.9],[18.7,-37.9],[18.84,-37.84],[18.92,-37.79],[18.99,-37.7],[19.1,-37.62],[19.13,-37.64],[19.2,-37.7],[19.24,-37.74],[19.28,-37.75],[19.28,-37.79],[19.35,-37.77],[19.35,-37.74],[19.46,-37.65],[19.53,-37.62],[19.64,-37.6],[19.92,-37.6],[20.14,-37.55],[20.18,-37.52],[20.25,-37.42],[20.25,-37.34],[20.28,-37.3],[20.32,-37.3],[20.32,-37.34],[20.36,-37.35],[20.36,-37.45],[20.39,-37.49],[20.46,-37.49],[20.54,-37.47],[20.54,-37.39],[20.57,-37.37],[20.57,-37.3],[20.64,-37.29],[20.64,-37.16],[20.72,-37.11],[20.86,-37.11],[20.93,-37.09],[20.93,-37.02],[20.97,-37.01],[20.97,-36.92],[21.0,-36.89],[21.08,-36.89],[21.11,-36.87],[21.18,-36.84],[21.18,-36.81],[21.22,-36.79],[21.22,-36.76],[21.29,-36.72],[21.29,-36.71],[21.43,-36.67],[21.43,-36.64],[21.51,-36.61],[21.58,-36.61],[21.61,-36.57],[21.65,-36.57],[21.65,-36.46],[21.69,-36.42],[21.76,-36.39],[21.79,-36.39],[21.9,-36.49],[21.94,-36.47],[21.94,-36.44],[22.01,-36.41],[22.08,-36.41],[22.12,-36.39],[22.26,-36.39],[22.33,-36.37],[22.33,-36.34],[22.44,-36.31],[22.55,-36.31],[22.66,-36.34],[22.66,-36.37],[22.69,-36.39],[22.77,-36.34],[22.77,-36.33],[22.8,-36.31],[22.84,-36.33],[22.84,-36.36],[22.87,-36.36],[22.91,-36.39],[23.02,-36.39],[23.09,-36.41],[23.16,-36.44],[23.16,-36.47],[23.23,-36.47],[23.23,-36.44],[23.27,-36.42],[23.34,-36.36],[23.38,-36.33],[23.45,-36.34],[23.45,-36.36],[23.52,-36.39],[23.56,-36.39],[23.63,-36.36],[23.7,-36.29],[23.77,-36.23],[23.81,-36.21],[23.85,-36.26],[23.95,-36.34],[23.95,-36.36],[23.99,-36.39],[24.03,-36.39],[24.03,-36.34],[24.06,-36.31],[24.06,-36.13],[24.13,-36.09],[24.21,-36.09],[24.24,-36.11],[24.24,-36.16],[24.28,-36.16],[24.31,-36.19],[24.49,-36.19],[24.57,-36.14],[24.57,-36.11],[24.64,-36.09],[24.75,-36.09],[24.85,-36.13],[24.85,-36.18],[24.93,-36.19],[24.93,-36.13],[24.96,-36.11],[24.96,-35.93],[25.0,-35.89],[25.03,-35.89],[25.03,-35.74],[25.0,-35.71],[24.85,-35.71],[24.82,-35.69],[24.71,-35.69],[24.64,-35.66],[24.67,-35.61],[24.71,-35.59],[24.78,-35.59],[24.85,-35.56],[24.85,-35.53],[24.89,-35.51],[24.93,-35.51],[24.93,-35.54],[25.0,-35.58],[25.07,-35.59],[25.25,-35.59],[25.36,-35.54],[25.36,-35.43],[25.43,-35.4],[25.47,-35.4],[25.54,-35.43],[25.54,-35.53],[25.57,-35.54],[25.61,-35.59],[25.93,-35.59],[26.04,-35.63],[26.04,-35.76],[26.08,-35.78],[26.08,-35.79],[26.11,-35.79],[26.11,-35.78],[26.15,-35.76],[26.15,-35.54],[26.19,-35.51],[26.26,-35.51],[26.26,-35.56],[26.33,-35.59],[26.47,-35.59],[26.55,-35.63],[26.55,-35.76],[26.58,-35.78],[26.58,-35.79],[26.62,-35.79],[26.62,-35.76],[26.65,-35.74],[26.65,-35.54],[26.69,-35.51],[26.73,-35.51],[26.76,-35.53],[26.76,-35.58],[26.8,-35.59],[26.87,-35.59],[26.94,-35.63],[26.94,-35.74],[26.98,-35.76],[26.98,-35.79],[27.01,-35.79],[27.09,-35.79],[27.16,-35.76],[27.16,-35.51],[27.23,-35.51],[27.3,-35.58],[27.3,-35.61],[27.34,-35.66],[27.34,-35.74],[27.37,-35.76],[27.41,-35.79],[27.48,-35.79],[27.52,-35.78],[27.55,-35.78],[27.55,-35.73],[27.63,-35.71],[27.81,-35.71],[27.84,-35.69],[27.99,-35.69],[28.06,-35.66],[28.06,-35.63],[28.13,-35.59],[28.24,-35.61],[28.24,-35.64],[28.31,-35.68],[28.42,-35.56],[28.56,-35.51],[28.63,-35.51],[28.63,-35.54],[28.67,-35.56],[28.67,-35.59],[28.74,-35.58],[28.74,-35.43],[28.67,-35.4],[28.6,-35.4],[28.56,-35.38],[28.56,-35.31],[28.63,-35.28],[28.63,-35.01],[28.6,-35.0],[28.56,-35.01],[28.56,-35.15],[28.53,-35.16],[28.53,-35.2],[28.45,-35.21],[28.38,-35.2],[28.38,-35.16],[28.35,-35.15],[28.35,-35.05],[28.42,-35.0],[28.49,-35.0],[28.56,-34.95],[28.53,-34.93],[28.53,-34.9],[28.45,-34.88],[28.45,-34.81],[28.53,-34.8],[28.53,-34.83],[28.56,-34.86],[28.63,-34.9],[28.74,-34.9],[28.81,-34.91],[28.89,-34.91],[28.96,-34.95],[28.96,-34.96],[28.78,-35.11],[28.78,-35.16],[28.74,-35.21],[28.74,-35.26],[28.78,-35.3],[28.85,-35.26],[28.89,-35.25],[28.89,-35.21],[28.92,-35.16],[28.99,-35.1],[29.03,-35.1],[29.03,-35.15],[29.07,-35.16],[29.07,-35.3],[29.14,-35.28],[29.14,-35.25],[29.25,-35.16],[29.25,-35.13],[29.17,-35.08],[29.17,-35.01],[29.25,-35.03],[29.28,-35.06],[29.28,-35.1],[29.43,-35.2],[29.5,-35.2],[29.53,-35.18],[29.53,-35.1],[29.57,-35.08],[29.57,-35.01],[29.61,-35.0],[29.71,-35.0],[29.75,-35.01],[29.75,-35.06],[29.82,-35.1],[29.93,-35.1],[30.07,-35.16],[30.11,-35.23],[30.18,-35.25],[30.18,-35.26],[30.25,-35.3],[30.36,-35.3],[30.43,-35.31],[30.43,-35.4],[30.4,-35.4],[30.36,-35.43],[30.36,-35.68],[30.43,-35.69],[30.43,-35.64],[30.54,-35.59],[30.69,-35.59],[30.72,-35.56],[30.76,-35.56],[30.76,-35.53],[30.72,-35.51],[30.61,-35.51],[30.54,-35.48],[30.54,-35.46],[30.61,-35.36],[30.72,-35.3],[30.76,-35.33],[30.76,-35.46],[30.83,-35.51],[30.9,-35.51],[30.94,-35.51],[30.94,-35.59],[30.97,-35.61],[30.97,-35.68],[31.01,-35.69],[31.01,-35.73],[31.05,-35.74],[31.12,-35.79],[31.12,-35.86],[31.08,-35.89],[31.08,-35.93],[31.05,-35.96],[31.05,-36.06],[31.08,-36.09],[31.15,-36.08],[31.15,-36.06],[31.19,-36.04],[31.19,-36.01],[31.23,-36.01],[31.23,-36.06],[31.33,-36.09],[31.41,-36.09],[31.44,-36.13],[31.44,-36.24],[31.48,-36.26],[31.48,-36.31],[31.55,-36.28],[31.55,-36.14],[31.62,-36.09],[31.69,-36.09],[31.73,-36.11],[31.73,-36.16],[31.77,-36.18],[31.77,-36.28],[31.84,-36.31],[31.91,-36.29],[31.95,-36.26],[31.95,-36.16],[31.98,-36.14],[31.98,-36.11],[32.02,-36.09],[32.09,-36.09],[32.13,-36.11],[32.13,-36.14],[32.16,-36.16],[32.16,-36.28],[32.23,-36.31],[32.38,-36.31],[32.45,-36.34],[32.45,-36.46],[32.52,-36.49],[32.63,-36.52],[32.63,-36.56],[32.67,-36.57],[32.67,-36.64],[32.7,-36.67],[32.7,-36.71],[32.85,-36.84],[32.85,-36.86],[32.95,-36.94],[32.95,-36.97],[32.92,-36.99],[32.85,-36.99],[32.81,-37.01],[32.63,-37.01],[32.56,-37.04],[32.52,-37.07],[32.52,-37.11],[32.49,-37.11],[32.49,-37.07],[32.45,-37.04],[32.38,-37.01],[32.23,-37.01],[32.16,-37.02],[32.13,-37.06],[32.13,-37.11],[32.09,-37.11],[32.09,-37.07],[32.05,-37.04],[31.98,-37.01],[31.87,-37.01],[31.73,-36.94],[31.73,-36.91],[31.69,-36.89],[31.69,-36.92],[31.66,-36.94],[31.66,-36.97],[31.59,-36.99],[31.55,-36.96],[31.55,-36.84],[31.59,-36.81],[31.66,-36.77],[31.66,-36.67],[31.62,-36.64],[31.62,-36.61],[31.55,-36.54],[31.48,-36.51],[31.41,-36.51],[31.41,-36.49],[31.33,-36.46],[31.33,-36.41],[31.26,-36.42],[31.26,-36.46],[31.23,-36.47],[31.15,-36.47],[31.15,-36.44],[31.08,-36.39],[31.08,-36.36],[31.05,-36.34],[31.15,-36.29],[31.15,-36.23],[31.05,-36.19],[30.97,-36.23],[30.97,-36.28],[30.94,-36.31],[30.94,-36.51],[30.87,-36.47],[30.83,-36.44],[30.83,-36.41],[30.76,-36.34],[30.76,-36.24],[30.72,-36.24],[30.72,-36.21],[30.65,-36.19],[30.58,-36.21],[30.58,-36.24],[30.54,-36.26],[30.54,-36.37],[30.47,-36.39],[30.47,-36.33],[30.43,-36.31],[30.43,-36.23],[30.36,-36.19],[30.29,-36.19],[30.25,-36.18],[30.25,-36.14],[30.22,-36.13],[30.22,-36.09],[30.18,-36.11],[30.15,-36.16],[30.07,-36.19],[30.07,-36.16],[30.04,-36.11],[29.93,-36.09],[29.86,-36.13],[29.86,-36.18],[29.93,-36.21],[29.93,-36.29],[29.86,-36.28],[29.86,-36.24],[29.82,-36.21],[29.75,-36.21],[29.75,-36.19],[29.68,-36.19],[29.64,-36.16],[29.64,-36.13],[29.71,-36.09],[29.79,-36.09],[29.86,-36.06],[29.86,-36.04],[29.79,-36.01],[29.61,-36.01],[29.57,-36.04],[29.57,-36.16],[29.53,-36.23],[29.57,-36.33],[29.57,-36.46],[29.64,-36.56],[29.75,-36.61],[29.86,-36.61],[29.93,-36.61],[29.97,-36.64],[29.97,-36.67],[30.0,-36.69],[30.22,-36.69],[30.36,-36.66],[30.36,-36.62],[30.43,-36.61],[30.43,-36.66],[30.51,-36.69],[30.58,-36.69],[30.65,-36.72],[30.65,-36.79],[30.72,-36.81],[30.72,-36.77],[30.76,-36.76],[30.76,-36.62],[30.79,-36.61],[30.87,-36.61],[30.94,-36.62],[31.01,-36.69],[31.01,-36.72],[31.05,-36.74],[31.05,-36.77],[31.12,-36.81],[31.15,-36.77],[31.15,-36.62],[31.23,-36.61],[31.37,-36.61],[31.44,-36.61],[31.44,-36.67],[31.41,-36.69],[31.33,-36.69],[31.26,-36.72],[31.26,-36.97],[31.3,-36.97],[31.33,-37.01],[31.41,-37.01],[31.44,-37.02],[31.44,-37.16],[31.51,-37.19],[31.69,-37.19],[31.73,-37.16],[31.77,-37.16],[31.77,-37.11],[31.84,-37.11],[31.95,-37.16],[32.05,-37.24],[32.05,-37.27],[32.13,-37.29],[32.16,-37.22],[32.23,-37.21],[32.23,-37.25],[32.34,-37.3],[32.41,-37.3],[32.49,-37.37],[32.49,-37.4],[32.52,-37.4],[32.52,-37.37],[32.59,-37.32],[32.67,-37.3],[33.06,-37.3],[33.13,-37.34],[33.13,-37.39],[33.17,-37.42],[33.17,-37.57],[33.28,-37.69],[33.28,-37.7],[33.35,-37.69],[33.35,-37.34],[33.39,-37.3],[33.42,-37.32],[33.53,-37.42],[33.53,-37.49],[33.56,-37.52],[33.56,-37.6],[33.64,-37.6],[33.64,-37.72],[33.67,-37.74],[33.67,-37.79],[33.78,-37.8],[33.82,-37.77],[33.85,-37.77],[33.85,-37.7],[33.78,-37.69],[33.74,-37.69],[33.74,-37.64],[33.82,-37.6],[33.92,-37.6],[34.03,-37.64],[34.14,-37.72],[34.14,-37.84],[34.21,-37.9],[34.21,-37.94],[34.25,-37.97],[34.32,-37.99],[34.43,-38.0],[34.43,-38.05],[34.46,-38.08],[34.46,-38.18],[34.5,-38.2],[34.64,-38.2],[34.72,-38.22],[34.75,-38.25],[34.75,-38.47],[34.72,-38.5],[34.5,-38.5],[34.46,-38.48],[34.46,-38.45],[34.39,-38.4],[34.32,-38.4],[34.25,-38.37],[34.21,-38.33],[34.21,-38.3],[34.18,-38.3],[34.18,-38.35],[34.07,-38.4],[34.0,-38.4],[33.96,-38.43],[33.96,-38.6],[33.92,-38.63],[33.92,-38.7],[33.85,-38.73],[33.85,-38.77],[33.96,-38.85],[34.03,-38.9],[34.1,-38.9],[34.14,-38.92],[34.14,-39.0],[34.07,-39.01],[34.07,-39.06],[34.18,-39.1],[34.25,-39.1],[34.25,-39.08],[34.32,-39.08],[34.36,-39.06],[34.36,-39.03],[34.46,-39.0],[34.54,-39.03],[34.57,-39.06],[34.57,-39.08],[34.64,-39.06],[34.68,-39.01],[34.72,-39.01],[34.72,-39.05],[34.75,-39.06],[34.82,-39.08],[34.82,-39.1],[34.9,-39.1],[34.93,-39.11],[34.93,-39.18],[34.97,-39.2],[34.97,-39.28],[35.04,-39.3],[35.15,-39.28],[35.15,-39.23],[35.22,-39.2],[35.33,-39.21],[35.33,-39.26],[35.36,-39.28],[35.36,-39.36],[35.4,-39.4],[35.51,-39.4],[35.51,-39.43],[35.54,-39.43],[35.54,-39.56],[35.58,-39.58],[35.58,-39.61],[35.62,-39.61],[35.62,-39.63],[35.65,-39.65],[35.65,-39.93],[35.69,-39.96],[35.69,-39.99],[35.72,-39.99],[35.72,-40.06],[35.76,-40.09],[35.76,-40.28],[35.83,-40.29],[35.83,-40.21],[35.87,-40.19],[35.87,-40.13],[35.9,-40.11],[36.08,-40.11],[36.16,-40.16],[36.16,-40.26],[36.19,-40.29],[36.26,-40.29],[36.34,-40.33],[36.34,-40.38],[36.37,-40.41],[36.37,-40.48],[36.52,-40.61],[36.55,-40.58],[36.55,-40.36],[36.59,-40.31],[36.66,-40.29],[36.66,-40.31],[36.73,-40.31],[36.73,-40.41],[36.77,-40.44],[36.77,-40.58],[36.84,-40.61],[36.98,-40.61],[37.06,-40.64],[37.06,-40.69],[36.98,-40.71],[36.95,-40.72],[36.95,-40.84],[36.98,-40.87],[37.06,-40.91],[37.13,-40.91],[37.24,-40.87],[37.24,-40.76],[37.27,-40.74],[37.27,-40.71],[37.31,-40.71],[37.42,-40.79],[37.42,-40.84],[37.49,-40.89],[37.6,-40.89],[37.7,-40.79],[37.74,-40.74],[37.74,-40.66],[37.7,-40.62],[37.7,-40.58],[37.67,-40.54],[37.6,-40.51],[37.6,-40.48],[37.56,-40.44],[37.56,-40.36],[37.52,-40.34],[37.52,-40.29],[37.45,-40.28],[37.45,-40.21],[37.52,-40.19],[37.52,-40.23],[37.56,-40.26],[37.63,-40.29],[37.7,-40.29],[37.74,-40.28],[37.74,-40.21],[37.67,-40.19],[37.67,-40.13],[37.7,-40.11],[37.88,-40.11],[37.96,-40.16],[37.96,-40.24],[37.92,-40.26],[37.92,-40.29],[37.85,-40.29],[37.78,-40.31],[37.74,-40.34],[37.74,-40.38],[37.78,-40.38],[37.78,-40.41],[37.81,-40.41],[37.85,-40.44],[37.85,-40.56],[37.88,-40.58],[37.88,-40.61],[37.96,-40.64],[37.96,-40.67],[37.88,-40.69],[37.88,-40.72],[37.85,-40.74],[37.85,-40.84],[37.88,-40.87],[37.96,-40.91],[38.06,-40.91],[38.06,-40.92],[38.14,-40.94],[38.21,-40.99],[38.24,-41.04],[38.32,-41.09],[38.39,-41.09],[38.46,-41.06],[38.5,-41.02],[38.5,-40.99],[38.53,-40.97],[38.53,-40.91],[38.46,-40.91],[38.35,-40.86],[38.28,-40.79],[38.28,-40.76],[38.24,-40.71],[38.24,-40.62],[38.21,-40.59],[38.17,-40.59],[38.17,-40.51],[38.21,-40.49],[38.24,-40.53],[38.24,-40.56],[38.35,-40.61],[38.46,-40.58],[38.46,-40.53],[38.42,-40.49],[38.35,-40.46],[38.35,-40.31],[38.42,-40.31],[38.46,-40.34],[38.57,-40.48],[38.64,-40.59],[38.64,-40.69],[38.6,-40.71],[38.53,-40.64],[38.53,-40.61],[38.46,-40.62],[38.39,-40.71],[38.39,-40.72],[38.35,-40.74],[38.35,-40.77],[38.53,-40.82],[38.6,-40.89],[38.6,-40.92],[38.64,-40.96],[38.57,-41.02],[38.57,-41.19],[38.6,-41.21],[38.64,-41.19],[38.64,-41.16],[38.68,-41.16],[38.68,-41.11],[38.71,-41.11],[38.75,-41.14],[38.75,-41.17],[38.82,-41.21],[38.86,-41.21],[38.93,-41.17],[38.93,-41.14],[38.96,-41.11],[38.96,-41.06],[38.93,-41.04],[38.93,-40.99],[38.86,-40.97],[38.86,-40.92],[38.93,-40.91],[38.93,-40.94],[39.0,-40.99],[39.11,-40.99],[39.14,-40.97],[39.14,-40.91],[39.07,-40.89],[39.07,-40.84],[39.04,-40.82],[39.04,-40.76],[39.07,-40.72],[39.07,-40.71],[39.14,-40.72],[39.22,-40.82],[39.29,-40.87],[39.29,-40.92],[39.36,-41.01],[39.36,-41.07],[39.25,-41.12],[39.25,-41.19],[39.29,-41.24],[39.29,-41.27],[39.31,-41.3],[39.58,-41.3],[39.58,-41.29],[39.62,-41.3],[39.83,-41.3],[39.83,-41.29],[39.76,-41.27],[39.76,-41.11],[39.79,-41.11],[39.94,-41.22],[39.94,-41.26],[40.0,-41.3],[41.32,-41.3],[41.27,-41.29],[41.27,-41.01],[41.38,-40.99],[41.45,-41.02],[41.45,-41.07],[41.52,-41.09],[41.59,-41.09],[41.63,-41.11],[41.7,-41.09],[41.84,-41.02],[41.99,-40.94],[42.06,-40.79],[42.06,-40.62],[42.1,-40.61],[42.2,-40.61],[42.28,-40.66],[42.28,-40.69],[42.35,-40.67],[42.35,-40.64],[42.38,-40.61],[42.42,-40.61],[42.46,-40.64],[42.46,-40.76],[42.49,-40.79],[42.56,-40.79],[42.64,-40.82],[42.67,-40.86],[42.71,-40.92],[42.78,-40.96],[42.78,-40.97],[42.85,-40.99],[42.96,-40.99],[43.07,-41.04],[43.07,-41.07],[43.1,-41.09],[43.21,-41.09],[43.25,-41.11],[43.39,-41.11],[43.43,-41.12],[43.43,-41.16],[43.46,-41.17],[43.46,-41.27],[43.5,-41.29],[43.57,-41.29],[43.6,-41.3],[63.15,-41.3],[63.15,-41.29],[63.01,-41.07],[62.94,-41.04],[62.86,-40.99],[62.86,-41.14],[62.83,-41.16],[62.83,-41.21],[62.76,-41.24],[62.76,-41.26],[62.83,-41.29],[62.83,-41.3],[62.65,-41.3],[62.65,-41.24],[62.61,-41.21],[62.54,-41.21],[62.5,-41.19],[62.36,-41.06],[62.36,-40.94],[62.4,-40.91],[62.54,-40.91],[62.61,-40.87],[62.65,-40.87],[62.65,-40.81],[62.54,-40.76],[62.58,-40.71],[62.65,-40.71],[62.76,-40.71],[62.86,-40.66],[62.83,-40.64],[62.83,-40.61],[62.76,-40.61],[62.68,-40.58],[62.61,-40.51],[62.58,-40.46],[62.58,-40.41],[62.54,-40.34],[62.54,-40.18],[62.58,-40.16],[62.58,-40.11],[62.65,-40.13],[62.68,-40.16],[62.68,-40.19],[62.72,-40.23],[62.72,-40.28],[62.76,-40.33],[62.76,-40.46],[62.79,-40.49],[62.86,-40.49],[62.97,-40.44],[63.04,-40.36],[63.04,-40.24],[63.08,-40.21],[63.15,-40.19],[63.22,-40.23],[63.3,-40.29],[63.37,-40.38],[63.44,-40.41],[63.48,-40.41],[63.55,-40.38],[63.55,-40.31],[63.48,-40.29],[63.48,-40.16],[63.44,-40.13],[63.44,-39.73],[63.37,-39.7],[63.33,-39.7],[63.26,-39.73],[63.26,-39.78],[63.33,-39.81],[63.33,-39.89],[63.26,-39.88],[63.22,-39.81],[63.15,-39.83],[63.15,-39.88],[63.08,-39.89],[63.08,-39.88],[62.97,-39.78],[62.94,-39.73],[62.94,-39.7],[62.97,-39.63],[63.12,-39.61],[63.26,-39.61],[63.33,-39.6],[63.4,-39.6],[63.44,-39.58],[63.44,-39.45],[63.51,-39.4],[63.58,-39.4],[63.66,-39.45],[63.66,-39.68],[63.69,-39.7],[63.73,-39.68],[63.84,-39.56],[63.94,-39.51],[64.02,-39.5],[64.09,-39.5],[64.12,-39.51],[64.2,-39.51],[64.27,-39.55],[64.23,-39.6],[64.16,-39.61],[64.16,-39.76],[64.2,-39.79],[64.41,-39.79],[64.45,-39.76],[64.45,-39.73],[64.52,-39.7],[64.59,-39.7],[64.63,-39.66],[64.66,-39.66],[64.66,-39.63],[64.63,-39.61],[64.56,-39.6],[64.56,-39.43],[64.59,-39.43],[64.59,-39.4],[64.7,-39.4],[64.74,-39.38],[64.74,-39.35],[64.77,-39.35],[64.77,-39.31],[64.81,-39.31],[64.84,-39.35],[64.92,-39.38],[64.95,-39.35],[64.95,-39.33],[65.02,-39.31],[65.1,-39.31],[65.2,-39.26],[65.28,-39.25],[65.31,-39.21],[65.31,-39.18],[65.35,-39.15],[65.35,-39.1],[65.2,-39.1],[65.17,-39.11],[65.13,-39.18],[65.06,-39.16],[64.99,-39.1],[64.99,-39.06],[64.95,-39.03],[64.95,-38.92],[64.88,-38.9],[64.84,-38.93],[64.84,-38.98],[64.77,-39.0],[64.77,-38.93],[64.84,-38.87],[64.84,-38.85],[64.92,-38.8],[64.92,-38.7],[64.88,-38.68],[64.84,-38.63],[64.77,-38.6],[64.7,-38.6],[64.66,-38.63],[64.66,-38.73],[64.63,-38.75],[64.63,-38.78],[64.56,-38.8],[64.45,-38.8],[64.38,-38.78],[64.38,-38.75],[64.34,-38.73],[64.34,-38.62],[64.27,-38.57],[64.27,-38.52],[64.34,-38.48],[64.34,-38.43],[64.27,-38.37],[64.23,-38.32],[64.16,-38.32],[64.16,-38.37],[64.12,-38.4],[64.05,-38.35],[64.05,-38.17],[63.98,-38.07],[63.87,-37.97],[63.87,-37.94],[63.84,-37.92],[63.84,-37.8],[63.76,-37.82],[63.76,-37.94],[63.73,-37.95],[63.73,-37.97],[63.69,-37.99],[63.55,-37.99],[63.51,-37.97],[63.44,-37.94],[63.37,-37.87],[63.33,-37.82],[63.26,-37.7],[63.26,-37.57],[63.22,-37.52],[63.19,-37.5],[63.08,-37.5],[63.08,-37.54],[63.04,-37.55],[63.04,-37.69],[63.01,-37.7],[62.9,-37.7],[62.86,-37.69],[62.86,-37.6],[62.94,-37.59],[62.94,-37.47],[62.97,-37.45],[62.97,-37.4],[63.04,-37.39],[63.04,-37.34],[62.97,-37.29],[62.97,-37.21],[63.01,-37.21],[63.01,-37.17],[63.04,-37.16],[62.94,-37.02],[62.86,-36.97],[62.79,-36.91],[62.76,-36.91],[62.76,-37.17],[62.83,-37.19],[62.83,-37.22],[62.86,-37.22],[62.86,-37.25],[62.83,-37.29],[62.72,-37.3],[62.54,-37.25],[62.5,-37.22],[62.5,-37.19],[62.47,-37.17],[62.47,-37.12],[62.5,-37.11],[62.5,-37.01],[62.47,-36.96],[62.32,-36.81],[62.29,-36.79],[62.18,-36.69],[62.14,-36.71],[62.14,-36.84],[62.18,-36.89],[62.25,-36.94],[62.25,-36.96],[62.18,-36.99],[62.18,-37.06],[62.14,-37.07],[62.14,-37.17],[62.07,-37.19],[62.07,-37.14],[62.04,-37.12],[62.04,-37.02],[61.93,-36.99],[61.86,-36.96],[61.86,-36.82],[61.93,-36.81],[61.93,-36.77],[61.96,-36.77],[61.96,-36.74],[61.89,-36.69],[61.82,-36.69],[61.75,-36.66],[61.75,-36.64],[61.68,-36.56],[61.6,-36.51],[61.57,-36.52],[61.57,-36.87],[61.53,-36.91],[61.53,-37.11],[61.5,-37.11],[61.39,-36.97],[61.39,-36.94],[61.35,-36.91],[61.35,-36.82],[61.28,-36.79],[61.24,-36.74],[61.24,-36.66],[61.28,-36.62],[61.28,-36.61],[61.35,-36.56],[61.21,-36.42],[61.06,-36.36],[61.06,-36.26],[61.03,-36.24],[61.03,-36.21],[60.99,-36.19],[60.96,-36.24],[60.96,-36.51],[60.92,-36.54],[60.92,-36.61],[60.88,-36.61],[60.88,-36.57],[60.85,-36.57],[60.85,-36.44],[60.78,-36.37],[60.78,-36.36],[60.7,-36.31],[60.67,-36.26],[60.67,-36.08],[60.63,-36.04],[60.63,-35.93],[60.6,-35.89],[60.52,-35.89],[60.45,-35.86],[60.38,-35.79],[60.38,-35.76],[60.34,-35.73],[60.34,-35.61],[60.27,-35.59],[60.27,-35.63],[60.24,-35.64],[60.24,-35.69],[60.16,-35.69],[60.16,-35.51],[60.24,-35.5],[60.24,-35.41],[60.09,-35.38],[60.02,-35.33],[60.02,-35.31],[59.95,-35.25],[59.88,-35.21],[59.84,-35.21],[59.77,-35.16],[59.77,-35.13],[59.73,-35.08],[59.77,-35.01],[59.77,-34.96],[59.84,-34.85],[59.88,-34.83],[59.95,-34.83],[59.95,-34.86],[59.98,-34.88],[60.02,-34.93],[60.06,-34.95],[60.06,-34.96],[60.13,-35.03],[60.13,-35.08],[60.16,-35.1],[60.16,-35.2],[60.24,-35.2],[60.24,-35.08],[60.27,-35.06],[60.27,-35.0],[60.34,-35.0],[60.34,-35.06],[60.38,-35.06],[60.42,-35.1],[60.56,-35.1],[60.63,-35.13],[60.63,-35.18],[60.67,-35.21],[60.67,-35.28],[60.7,-35.3],[60.74,-35.28],[60.74,-35.25],[60.81,-35.21],[60.92,-35.21],[60.96,-35.25],[60.96,-35.28],[61.03,-35.3],[61.1,-35.3],[61.14,-35.31],[61.14,-35.38],[61.17,-35.43],[61.17,-35.46],[61.21,-35.51],[61.28,-35.56],[61.32,-35.58],[61.35,-35.56],[61.35,-35.53],[61.42,-35.51],[61.68,-35.51],[61.75,-35.53],[61.75,-35.66],[61.78,-35.68],[61.78,-35.71],[61.82,-35.71],[61.82,-35.74],[61.86,-35.78],[61.86,-35.98],[61.89,-35.99],[61.96,-35.96],[62.0,-35.89],[62.04,-35.88],[62.04,-35.81],[62.0,-35.81],[62.0,-35.79],[61.96,-35.76],[61.96,-35.51],[62.0,-35.51],[62.07,-35.54],[62.07,-35.58],[62.11,-35.59],[62.14,-35.66],[62.22,-35.68],[62.25,-35.71],[62.32,-35.71],[62.32,-35.78],[62.36,-35.79],[62.36,-36.06],[62.43,-36.11],[62.43,-36.16],[62.47,-36.18],[62.47,-36.28],[62.54,-36.31],[62.61,-36.31],[62.65,-36.33],[62.65,-36.37],[62.72,-36.39],[62.72,-36.34],[62.76,-36.34],[62.76,-36.16],[62.72,-36.14],[62.72,-36.09],[62.68,-36.09],[62.68,-36.06],[62.65,-36.06],[62.65,-35.93],[62.61,-35.89],[62.58,-35.89],[62.58,-35.86],[62.54,-35.84],[62.54,-35.73],[62.47,-35.66],[62.47,-35.64],[62.4,-35.61],[62.4,-35.56],[62.36,-35.54],[62.36,-35.45],[62.32,-35.43],[62.32,-35.4],[62.25,-35.36],[62.25,-35.23],[62.32,-35.21],[62.36,-35.25],[62.36,-35.38],[62.43,-35.41],[62.43,-35.46],[62.47,-35.48],[62.47,-35.59],[62.54,-35.59],[62.54,-35.53],[62.58,-35.51],[62.61,-35.51],[62.65,-35.53],[62.65,-35.66],[62.68,-35.68],[62.68,-35.71],[62.76,-35.66],[62.76,-35.54],[62.72,-35.5],[62.72,-35.45],[62.65,-35.33],[62.58,-35.26],[62.58,-35.23],[62.54,-35.21],[62.54,-35.13],[62.47,-35.1],[62.36,-35.1],[62.25,-35.06],[62.25,-35.01],[62.32,-34.98],[62.32,-34.93],[62.25,-34.83],[62.22,-34.81],[62.14,-34.83],[62.14,-34.88],[62.07,-34.9],[62.07,-34.85],[61.96,-34.8],[61.86,-34.8],[61.75,-34.76],[61.75,-34.71],[61.71,-34.7],[61.64,-34.7],[61.57,-34.68],[61.57,-34.5],[61.64,-34.5],[61.64,-34.57],[61.68,-34.57],[61.71,-34.6],[61.78,-34.6],[61.86,-34.63],[61.86,-34.68],[61.93,-34.7],[62.0,-34.7],[62.04,-34.7],[62.25,-34.7],[62.36,-34.73],[62.36,-34.78],[62.4,-34.8],[62.5,-34.8],[62.54,-34.83],[62.54,-34.95],[62.58,-34.96],[62.58,-34.98],[62.61,-35.0],[62.68,-35.0],[62.72,-34.98],[62.72,-34.96],[62.76,-34.95],[62.76,-34.81],[62.83,-34.8],[62.86,-34.83],[62.86,-34.88],[62.9,-34.9],[63.04,-34.9],[63.12,-34.91],[63.15,-34.95],[63.15,-35.15],[63.19,-35.18],[63.26,-35.21],[63.33,-35.2],[63.33,-35.16],[63.37,-35.15],[63.33,-35.13],[63.33,-35.1],[63.26,-35.08],[63.26,-34.85],[63.33,-34.75],[63.37,-34.71],[63.44,-34.71],[63.44,-34.78],[63.37,-34.81],[63.37,-34.88],[63.4,-34.88],[63.44,-34.91],[63.44,-35.0],[63.48,-35.05],[63.48,-35.08],[63.55,-35.1],[63.66,-35.1],[63.76,-35.05],[63.8,-34.98],[63.87,-34.93],[64.02,-34.88],[64.05,-34.88],[64.05,-34.81],[64.12,-34.81],[64.12,-34.85],[64.16,-34.9],[64.16,-35.0],[64.12,-35.05],[64.12,-35.1],[64.05,-35.13],[64.05,-35.16],[64.2,-35.28],[64.23,-35.3],[64.23,-35.25],[64.27,-35.23],[64.27,-35.06],[64.3,-35.01],[64.3,-34.98],[64.34,-34.95],[64.41,-34.91],[64.52,-34.88],[64.56,-34.88],[64.56,-34.81],[64.52,-34.8],[64.45,-34.8],[64.34,-34.73],[64.27,-34.66],[64.27,-34.6],[64.23,-34.58],[64.23,-34.52],[64.16,-34.47],[64.16,-34.43],[64.12,-34.42],[64.05,-34.43],[64.02,-34.47],[64.02,-34.5],[63.94,-34.57],[63.91,-34.58],[63.84,-34.55],[63.73,-34.42],[63.69,-34.38],[63.55,-34.32],[63.48,-34.3],[63.3,-34.3],[63.15,-34.25],[63.08,-34.18],[63.01,-34.1],[62.9,-34.02],[62.86,-34.05],[62.79,-34.08],[62.79,-34.1],[62.61,-34.1],[62.58,-34.08],[62.58,-34.05],[62.54,-34.03],[62.54,-33.93],[62.5,-33.9],[62.43,-33.88],[62.36,-33.92],[62.32,-33.95],[62.32,-34.0],[62.25,-33.97],[62.25,-33.92],[62.18,-33.9],[62.18,-33.93],[62.11,-34.0],[62.07,-33.98],[62.07,-33.93],[62.04,-33.9],[62.04,-33.83],[62.0,-33.8],[61.93,-33.8],[61.89,-33.79],[61.78,-33.69],[61.78,-33.65],[61.75,-33.6],[61.75,-33.52],[61.68,-33.5],[61.68,-33.45],[61.64,-33.44],[61.64,-33.35],[61.68,-33.34],[61.68,-33.3],[61.71,-33.3],[61.78,-33.35],[61.78,-33.4],[61.86,-33.47],[61.96,-33.5],[62.04,-33.5],[62.04,-33.44],[62.11,-33.4],[62.22,-33.4],[62.25,-33.42],[62.25,-33.47],[62.36,-33.5],[62.47,-33.5],[62.54,-33.49],[62.54,-33.42],[62.47,-33.34],[62.4,-33.32],[62.4,-33.27],[62.36,-33.25],[62.36,-33.15],[62.32,-33.14],[62.32,-33.1],[62.25,-33.09],[62.18,-33.09],[62.14,-33.05],[62.14,-33.04],[62.22,-32.97],[62.25,-32.97],[62.25,-32.94],[62.18,-32.91],[62.14,-32.84],[62.22,-32.79],[62.32,-32.79],[62.36,-32.77],[62.36,-32.74],[62.32,-32.71],[62.22,-32.71],[62.14,-32.66],[62.14,-32.59],[62.07,-32.49],[61.96,-32.34],[61.86,-32.29],[61.86,-32.42],[61.82,-32.46],[61.82,-32.51],[61.75,-32.56],[61.68,-32.57],[61.64,-32.54],[61.68,-32.51],[61.71,-32.51],[61.71,-32.49],[61.75,-32.47],[61.75,-32.36],[61.68,-32.31],[61.6,-32.29],[61.5,-32.32],[61.39,-32.41],[61.39,-32.44],[61.32,-32.49],[61.24,-32.47],[61.24,-32.44],[61.28,-32.44],[61.28,-32.41],[61.32,-32.41],[61.32,-32.37],[61.35,-32.34],[61.32,-32.32],[61.32,-32.29],[61.28,-32.27],[61.21,-32.22],[61.14,-32.21],[61.06,-32.22],[60.99,-32.29],[60.96,-32.34],[60.96,-32.37],[60.92,-32.39],[60.85,-32.37],[60.85,-32.27],[60.81,-32.22],[60.81,-32.19],[60.74,-32.12],[60.67,-32.12],[60.67,-32.16],[60.63,-32.16],[60.63,-32.19],[60.6,-32.21],[60.52,-32.21],[60.45,-32.16],[60.45,-31.96],[60.42,-31.91],[60.34,-31.88],[60.34,-31.86]],[[62.76,-32.16],[62.76,-32.12],[62.72,-32.11],[62.65,-32.12],[62.65,-32.17],[62.68,-32.21],[62.76,-32.17],[62.76,-32.16]],[[62.36,-32.41],[62.36,-32.36],[62.32,-32.34],[62.32,-32.31],[62.29,-32.29],[62.22,-32.29],[62.18,-32.31],[62.18,-32.34],[62.14,-32.36],[62.14,-32.44],[62.22,-32.51],[62.29,-32.51],[62.36,-32.44],[62.36,-32.41]],[[62.54,-32.34],[62.54,-32.31],[62.47,-32.31],[62.47,-32.39],[62.5,-32.41],[62.54,-32.39],[62.54,-32.34]],[[62.86,-32.51],[62.83,-32.46],[62.83,-32.42],[62.79,-32.41],[62.68,-32.41],[62.65,-32.42],[62.65,-32.46],[62.68,-32.47],[62.68,-32.51],[62.76,-32.56],[62.83,-32.59],[62.83,-32.56],[62.86,-32.54],[62.86,-32.51]],[[63.04,-32.46],[63.04,-32.41],[62.97,-32.41],[62.97,-32.44],[62.94,-32.44],[62.94,-32.47],[62.97,-32.47],[62.97,-32.51],[63.04,-32.49],[63.04,-32.46]],[[62.47,-32.57],[62.43,-32.54],[62.43,-32.51],[62.36,-32.51],[62.36,-32.67],[62.43,-32.71],[62.5,-32.71],[62.54,-32.69],[62.54,-32.62],[62.47,-32.57]],[[63.04,-32.71],[63.04,-32.62],[63.01,-32.61],[62.94,-32.61],[62.86,-32.62],[62.79,-32.72],[62.76,-32.74],[62.76,-32.77],[62.68,-32.77],[62.65,-32.71],[62.58,-32.71],[62.58,-32.76],[62.54,-32.79],[62.54,-32.97],[62.47,-33.0],[62.47,-32.94],[62.43,-32.94],[62.43,-32.91],[62.36,-32.92],[62.36,-33.05],[62.43,-33.09],[62.65,-33.09],[62.72,-33.05],[62.76,-33.05],[62.76,-33.02],[62.68,-32.99],[62.65,-32.99],[62.65,-32.94],[62.68,-32.91],[62.76,-32.91],[62.86,-32.86],[62.86,-32.81],[62.9,-32.79],[63.01,-32.79],[63.04,-32.77],[63.04,-32.71]],[[63.26,-33.25],[63.26,-33.22],[63.22,-33.2],[63.15,-33.22],[63.15,-33.29],[63.22,-33.3],[63.26,-33.29],[63.26,-33.25]],[[62.86,-33.4],[62.86,-33.35],[62.83,-33.32],[62.76,-33.32],[62.76,-33.34],[62.68,-33.4],[62.68,-33.44],[62.65,-33.45],[62.65,-33.49],[62.68,-33.5],[62.79,-33.5],[62.83,-33.49],[62.83,-33.44],[62.86,-33.4]],[[62.14,-33.55],[62.14,-33.52],[62.07,-33.5],[62.07,-33.54],[62.04,-33.55],[62.07,-33.57],[62.07,-33.6],[62.14,-33.6],[62.14,-33.55]],[[62.94,-33.55],[62.94,-33.5],[62.86,-33.52],[62.86,-33.6],[62.94,-33.6],[62.94,-33.55]],[[63.66,-33.55],[63.66,-33.52],[63.62,-33.5],[63.55,-33.52],[63.55,-33.59],[63.66,-33.59],[63.66,-33.55]],[[63.04,-33.65],[63.04,-33.6],[63.01,-33.6],[62.94,-33.64],[63.01,-33.7],[63.04,-33.69],[63.04,-33.65]],[[63.44,-33.65],[63.44,-33.6],[63.37,-33.6],[63.37,-33.69],[63.44,-33.69],[63.44,-33.65]],[[63.55,-33.75],[63.55,-33.72],[63.48,-33.7],[63.44,-33.74],[63.44,-33.77],[63.48,-33.8],[63.55,-33.79],[63.55,-33.75]],[[64.05,-33.8],[64.05,-33.74],[64.02,-33.7],[63.98,-33.7],[63.98,-33.74],[63.94,-33.75],[63.94,-33.87],[64.02,-33.9],[64.02,-33.87],[64.05,-33.87],[64.05,-33.8]],[[62.36,-33.85],[62.32,-33.8],[62.25,-33.82],[62.25,-33.88],[62.29,-33.9],[62.36,-33.87],[62.36,-33.85]],[[63.15,-33.85],[63.15,-33.82],[63.08,-33.8],[63.04,-33.83],[63.04,-33.87],[63.12,-33.9],[63.15,-33.88],[63.15,-33.85]],[[63.76,-33.85],[63.69,-33.8],[63.62,-33.8],[63.55,-33.83],[63.55,-33.87],[63.58,-33.88],[63.73,-33.88],[63.76,-33.85]],[[62.86,-33.95],[62.86,-33.92],[62.83,-33.9],[62.76,-33.9],[62.76,-33.98],[62.83,-34.0],[62.83,-33.97],[62.86,-33.95]],[[63.26,-33.95],[63.26,-33.92],[63.22,-33.9],[63.15,-33.9],[63.15,-33.98],[63.19,-34.0],[63.26,-33.97],[63.26,-33.95]],[[64.16,-33.95],[64.16,-33.92],[64.12,-33.9],[64.05,-33.9],[64.05,-33.98],[64.09,-34.0],[64.16,-33.97],[64.16,-33.95]],[[63.44,-34.15],[63.44,-34.12],[63.37,-34.12],[63.37,-34.18],[63.44,-34.18],[63.44,-34.15]],[[64.45,-34.35],[64.45,-34.32],[64.38,-34.3],[64.34,-34.33],[64.34,-34.37],[64.38,-34.4],[64.45,-34.38],[64.45,-34.35]],[[64.77,-34.68],[64.66,-34.58],[64.66,-34.55],[64.56,-34.5],[64.56,-34.76],[64.63,-34.8],[64.63,-34.85],[64.66,-34.86],[64.66,-34.96],[64.7,-34.96],[64.77,-35.0],[64.92,-34.98],[64.95,-34.96],[64.95,-34.88],[64.92,-34.81],[64.84,-34.75],[64.77,-34.68]],[[30.04,-35.3],[30.04,-35.23],[30.0,-35.21],[29.89,-35.21],[29.86,-35.23],[29.86,-35.26],[29.97,-35.36],[29.97,-35.38],[30.04,-35.4],[30.04,-35.3]],[[63.87,-35.26],[63.84,-35.23],[63.76,-35.21],[63.76,-35.38],[63.8,-35.4],[63.91,-35.4],[63.94,-35.38],[63.94,-35.33],[63.87,-35.26]],[[62.86,-35.35],[62.83,-35.3],[62.76,-35.31],[62.76,-35.4],[62.83,-35.4],[62.86,-35.35]],[[64.45,-35.51],[64.45,-35.43],[64.41,-35.4],[64.38,-35.4],[64.38,-35.45],[64.34,-35.46],[64.34,-35.53],[64.38,-35.54],[64.38,-35.59],[64.45,-35.56],[64.45,-35.51]],[[29.64,-35.54],[29.64,-35.51],[29.57,-35.51],[29.57,-35.53],[29.53,-35.54],[29.57,-35.56],[29.57,-35.59],[29.64,-35.59],[29.64,-35.54]],[[64.95,-35.59],[64.95,-35.53],[64.92,-35.51],[64.88,-35.51],[64.88,-35.53],[64.84,-35.54],[64.84,-35.66],[64.92,-35.71],[64.92,-35.68],[64.95,-35.68],[64.95,-35.59]],[[29.25,-35.71],[29.25,-35.61],[29.17,-35.59],[29.17,-35.64],[29.14,-35.66],[29.14,-35.78],[29.1,-35.79],[29.03,-35.79],[28.99,-35.81],[28.92,-35.88],[28.89,-35.93],[28.89,-35.98],[28.85,-36.03],[28.85,-36.16],[28.96,-36.21],[29.03,-36.21],[29.07,-36.24],[29.07,-36.29],[29.14,-36.31],[29.25,-36.26],[29.35,-36.16],[29.35,-36.13],[29.32,-36.09],[29.28,-36.09],[29.28,-36.06],[29.25,-36.04],[29.32,-36.01],[29.32,-35.98],[29.35,-35.94],[29.35,-35.83],[29.32,-35.79],[29.28,-35.79],[29.28,-35.78],[29.25,-35.76],[29.25,-35.71]],[[61.46,-35.64],[61.42,-35.59],[61.35,-35.61],[61.35,-35.69],[61.39,-35.71],[61.46,-35.68],[61.46,-35.64]],[[63.26,-35.64],[63.22,-35.59],[63.15,-35.61],[63.15,-35.69],[63.19,-35.71],[63.26,-35.68],[63.26,-35.64]],[[65.46,-35.64],[65.42,-35.59],[65.38,-35.59],[65.38,-35.63],[65.35,-35.64],[65.35,-35.76],[65.42,-35.79],[65.49,-35.79],[65.53,-35.81],[65.53,-35.84],[65.56,-35.88],[65.56,-35.99],[65.64,-35.99],[65.64,-35.73],[65.6,-35.71],[65.46,-35.68],[65.46,-35.64]],[[25.57,-35.78],[25.5,-35.73],[25.39,-35.69],[25.36,-35.71],[25.36,-35.79],[25.39,-35.79],[25.47,-35.86],[25.54,-35.89],[25.61,-35.89],[25.65,-35.88],[25.65,-35.83],[25.57,-35.78]],[[26.37,-35.76],[26.33,-35.71],[26.26,-35.71],[26.26,-35.79],[26.33,-35.79],[26.33,-35.78],[26.37,-35.76]],[[28.49,-35.79],[28.45,-35.76],[28.45,-35.73],[28.42,-35.71],[28.35,-35.73],[28.35,-35.79],[28.42,-35.88],[28.42,-35.93],[28.49,-35.98],[28.53,-36.03],[28.56,-36.04],[28.56,-36.06],[28.63,-36.06],[28.74,-35.98],[28.74,-35.91],[28.71,-35.89],[28.63,-35.89],[28.56,-35.86],[28.53,-35.81],[28.49,-35.79]],[[28.85,-35.76],[28.85,-35.71],[28.78,-35.71],[28.74,-35.73],[28.74,-35.78],[28.78,-35.78],[28.78,-35.79],[28.85,-35.79],[28.85,-35.76]],[[30.76,-35.76],[30.76,-35.73],[30.72,-35.71],[30.65,-35.71],[30.65,-35.79],[30.69,-35.79],[30.76,-35.78],[30.76,-35.76]],[[62.97,-35.78],[62.94,-35.74],[62.86,-35.71],[62.79,-35.71],[62.76,-35.74],[62.76,-35.86],[62.79,-35.89],[62.86,-35.89],[62.94,-35.93],[62.94,-36.19],[62.97,-36.24],[62.97,-36.37],[63.04,-36.41],[63.04,-36.54],[63.12,-36.61],[63.22,-36.59],[63.3,-36.52],[63.3,-36.49],[63.33,-36.47],[63.33,-36.41],[63.3,-36.41],[63.3,-36.37],[63.26,-36.36],[63.26,-36.19],[63.22,-36.16],[63.22,-36.11],[63.19,-36.06],[63.12,-36.04],[63.08,-36.01],[63.08,-35.96],[63.04,-35.94],[63.04,-35.84],[63.01,-35.81],[63.01,-35.79],[62.97,-35.78]],[[25.47,-36.06],[25.47,-36.01],[25.43,-35.98],[25.43,-35.93],[25.36,-35.89],[25.29,-35.89],[25.25,-35.91],[25.18,-35.91],[25.14,-35.94],[25.14,-35.98],[25.18,-35.98],[25.21,-36.01],[25.29,-36.01],[25.36,-36.06],[25.36,-36.18],[25.43,-36.19],[25.43,-36.11],[25.47,-36.08],[25.47,-36.06]],[[25.93,-35.94],[25.93,-35.91],[25.83,-35.89],[25.75,-35.93],[25.75,-35.98],[25.83,-35.99],[25.83,-36.01],[25.93,-35.99],[25.93,-35.94]],[[65.24,-36.01],[65.24,-35.91],[65.2,-35.89],[65.17,-35.91],[65.17,-36.09],[65.24,-36.08],[65.24,-36.01]],[[76.87,-35.94],[76.79,-35.89],[76.76,-35.91],[76.76,-35.99],[76.79,-36.01],[76.87,-35.94]],[[29.46,-36.06],[29.43,-36.01],[29.35,-36.03],[29.35,-36.08],[29.39,-36.09],[29.46,-36.06]],[[30.36,-36.06],[30.33,-36.01],[30.25,-36.03],[30.25,-36.08],[30.29,-36.09],[30.36,-36.06]],[[30.76,-36.06],[30.76,-36.03],[30.69,-36.01],[30.65,-36.03],[30.65,-36.08],[30.76,-36.08],[30.76,-36.06]],[[63.55,-36.06],[63.55,-36.03],[63.51,-36.01],[63.4,-36.01],[63.37,-36.03],[63.37,-36.08],[63.4,-36.09],[63.48,-36.09],[63.55,-36.08],[63.55,-36.06]],[[76.76,-36.06],[76.76,-36.03],[76.69,-36.01],[76.65,-36.03],[76.65,-36.08],[76.69,-36.09],[76.76,-36.08],[76.76,-36.06]],[[27.73,-36.14],[27.73,-36.09],[27.66,-36.11],[27.66,-36.19],[27.73,-36.19],[27.73,-36.14]],[[25.03,-36.26],[25.03,-36.21],[24.96,-36.21],[24.96,-36.29],[25.03,-36.31],[25.03,-36.26]],[[28.85,-36.26],[28.85,-36.21],[28.81,-36.19],[28.74,-36.23],[28.74,-36.28],[28.78,-36.28],[28.78,-36.31],[28.85,-36.29],[28.85,-36.26]],[[63.73,-36.34],[63.66,-36.24],[63.58,-36.21],[63.55,-36.23],[63.55,-36.34],[63.58,-36.36],[63.58,-36.39],[63.62,-36.39],[63.62,-36.46],[63.66,-36.49],[63.66,-36.76],[63.73,-36.81],[63.76,-36.81],[63.84,-36.77],[63.84,-36.61],[63.76,-36.57],[63.76,-36.52],[63.84,-36.47],[63.84,-36.44],[63.8,-36.42],[63.8,-36.39],[63.73,-36.34]],[[64.16,-36.26],[64.16,-36.23],[64.09,-36.19],[64.05,-36.21],[64.05,-36.29],[64.12,-36.29],[64.16,-36.26]],[[23.85,-36.34],[23.85,-36.31],[23.77,-36.31],[23.74,-36.34],[23.74,-36.36],[23.77,-36.39],[23.85,-36.39],[23.85,-36.34]],[[65.56,-36.34],[65.53,-36.31],[65.46,-36.31],[65.46,-36.39],[65.53,-36.39],[65.56,-36.34]],[[24.35,-36.44],[24.35,-36.41],[24.28,-36.39],[24.24,-36.42],[24.24,-36.47],[24.31,-36.51],[24.35,-36.49],[24.35,-36.44]],[[62.86,-36.44],[62.83,-36.42],[62.83,-36.39],[62.76,-36.41],[62.76,-36.49],[62.83,-36.51],[62.83,-36.47],[62.86,-36.47],[62.86,-36.44]],[[23.85,-36.61],[23.85,-36.52],[23.77,-36.51],[23.77,-36.54],[23.74,-36.57],[23.74,-36.64],[23.77,-36.66],[23.77,-36.69],[23.85,-36.67],[23.85,-36.61]],[[26.65,-36.56],[26.65,-36.52],[26.62,-36.51],[26.55,-36.52],[26.55,-36.59],[26.65,-36.59],[26.65,-36.56]],[[29.25,-36.61],[29.25,-36.52],[29.17,-36.51],[29.17,-36.54],[29.14,-36.57],[29.14,-36.64],[29.17,-36.66],[29.17,-36.69],[29.25,-36.67],[29.25,-36.61]],[[31.95,-36.64],[31.95,-36.52],[31.87,-36.51],[31.87,-36.57],[31.84,-36.61],[31.84,-36.71],[31.87,-36.74],[31.87,-36.81],[31.95,-36.77],[31.95,-36.64]],[[32.34,-36.61],[32.34,-36.52],[32.27,-36.51],[32.27,-36.59],[32.23,-36.61],[32.27,-36.61],[32.27,-36.69],[32.34,-36.67],[32.34,-36.61]],[[64.27,-36.56],[64.23,-36.54],[64.23,-36.51],[64.16,-36.51],[64.16,-36.59],[64.23,-36.61],[64.23,-36.57],[64.27,-36.56]],[[63.55,-36.69],[63.55,-36.62],[63.51,-36.61],[63.48,-36.61],[63.48,-36.64],[63.44,-36.66],[63.44,-36.74],[63.48,-36.76],[63.48,-36.81],[63.55,-36.77],[63.55,-36.69]],[[27.34,-36.76],[27.34,-36.71],[27.3,-36.69],[27.27,-36.71],[27.27,-36.81],[27.34,-36.81],[27.34,-36.76]],[[61.46,-36.76],[61.46,-36.72],[61.42,-36.69],[61.35,-36.71],[61.35,-36.79],[61.42,-36.79],[61.46,-36.76]],[[63.15,-36.76],[63.15,-36.71],[63.08,-36.69],[63.04,-36.72],[63.04,-36.77],[63.08,-36.79],[63.15,-36.79],[63.15,-36.76]],[[66.25,-36.81],[66.25,-36.72],[66.21,-36.69],[66.18,-36.71],[66.18,-36.74],[66.14,-36.76],[66.14,-36.84],[66.18,-36.86],[66.18,-36.89],[66.25,-36.87],[66.25,-36.81]],[[26.15,-36.86],[26.15,-36.82],[26.11,-36.81],[26.04,-36.82],[26.04,-36.89],[26.08,-36.89],[26.15,-36.89],[26.15,-36.86]],[[26.76,-36.86],[26.73,-36.81],[26.65,-36.82],[26.65,-36.89],[26.73,-36.89],[26.76,-36.86]],[[27.73,-36.86],[27.73,-36.81],[27.66,-36.81],[27.66,-36.89],[27.73,-36.89],[27.73,-36.86]],[[28.24,-36.86],[28.24,-36.81],[28.17,-36.81],[28.17,-36.89],[28.24,-36.89],[28.24,-36.86]],[[28.06,-36.94],[28.02,-36.89],[27.95,-36.91],[27.95,-36.99],[28.02,-36.99],[28.06,-36.97],[28.06,-36.94]],[[28.24,-37.06],[28.24,-37.01],[28.17,-37.01],[28.17,-37.11],[28.24,-37.11],[28.24,-37.06]],[[73.84,-37.06],[73.84,-37.01],[73.77,-37.01],[73.77,-37.11],[73.84,-37.09],[73.84,-37.06]],[[63.44,-37.17],[63.44,-37.14],[63.37,-37.11],[63.26,-37.11],[63.15,-37.14],[63.15,-37.17],[63.19,-37.19],[63.3,-37.19],[63.33,-37.21],[63.33,-37.27],[63.37,-37.3],[63.37,-37.47],[63.44,-37.49],[63.44,-37.5],[63.51,-37.5],[63.55,-37.52],[63.55,-37.59],[63.48,-37.6],[63.44,-37.64],[63.44,-37.67],[63.48,-37.67],[63.51,-37.7],[63.69,-37.7],[63.73,-37.67],[63.76,-37.67],[63.76,-37.6],[63.84,-37.6],[63.94,-37.64],[64.02,-37.7],[64.05,-37.74],[64.05,-37.77],[64.12,-37.79],[64.16,-37.74],[64.16,-37.64],[64.2,-37.62],[64.2,-37.59],[64.23,-37.59],[64.23,-37.52],[64.16,-37.47],[64.16,-37.35],[64.09,-37.3],[63.84,-37.3],[63.76,-37.34],[63.69,-37.4],[63.62,-37.4],[63.51,-37.34],[63.51,-37.29],[63.48,-37.27],[63.48,-37.24],[63.44,-37.21],[63.44,-37.17]],[[63.76,-37.16],[63.73,-37.11],[63.66,-37.12],[63.66,-37.19],[63.73,-37.19],[63.76,-37.16]],[[63.94,-37.16],[63.94,-37.12],[63.87,-37.11],[63.87,-37.14],[63.84,-37.16],[63.87,-37.16],[63.87,-37.19],[63.94,-37.19],[63.94,-37.16]],[[14.67,-37.25],[14.6,-37.21],[14.52,-37.21],[14.49,-37.19],[14.42,-37.19],[14.38,-37.21],[14.31,-37.21],[14.27,-37.22],[14.27,-37.25],[14.31,-37.29],[14.38,-37.29],[14.42,-37.3],[14.49,-37.3],[14.52,-37.29],[14.6,-37.29],[14.63,-37.25],[14.67,-37.25]],[[68.55,-37.4],[68.55,-37.34],[68.48,-37.3],[68.37,-37.3],[68.37,-37.37],[68.41,-37.4],[68.41,-37.42],[68.44,-37.45],[68.52,-37.49],[68.55,-37.49],[68.55,-37.4]],[[68.77,-37.44],[68.73,-37.42],[68.73,-37.4],[68.66,-37.42],[68.66,-37.49],[68.73,-37.49],[68.77,-37.44]],[[69.16,-37.55],[69.16,-37.47],[69.13,-37.44],[69.13,-37.42],[69.06,-37.4],[68.98,-37.42],[68.95,-37.44],[68.95,-37.5],[68.98,-37.55],[68.98,-37.59],[69.06,-37.67],[69.13,-37.7],[69.16,-37.65],[69.16,-37.55]],[[72.26,-37.55],[72.26,-37.52],[72.22,-37.5],[72.15,-37.5],[72.15,-37.59],[72.19,-37.6],[72.26,-37.57],[72.26,-37.55]],[[64.66,-37.67],[64.56,-37.6],[64.45,-37.6],[64.38,-37.62],[64.34,-37.65],[64.41,-37.7],[64.48,-37.7],[64.56,-37.72],[64.56,-37.77],[64.63,-37.79],[64.63,-37.8],[64.7,-37.8],[64.74,-37.79],[64.74,-37.72],[64.7,-37.7],[64.66,-37.67]],[[67.62,-37.7],[67.54,-37.64],[67.44,-37.6],[67.36,-37.6],[67.36,-37.7],[67.44,-37.7],[67.44,-37.77],[67.47,-37.82],[67.47,-37.87],[67.54,-37.95],[67.62,-37.97],[67.69,-37.92],[67.76,-37.9],[67.87,-37.9],[67.94,-37.94],[67.94,-38.08],[67.87,-38.1],[67.87,-38.04],[67.83,-38.0],[67.76,-38.02],[67.76,-38.15],[67.72,-38.17],[67.72,-38.2],[67.69,-38.2],[67.65,-38.23],[67.65,-38.37],[67.69,-38.37],[67.72,-38.4],[67.8,-38.4],[67.83,-38.43],[67.83,-38.47],[67.87,-38.48],[67.87,-38.58],[67.94,-38.57],[68.01,-38.48],[68.12,-38.4],[68.16,-38.35],[68.26,-38.25],[68.26,-38.23],[68.3,-38.2],[68.34,-38.2],[68.34,-38.43],[68.3,-38.48],[68.3,-38.52],[68.26,-38.55],[68.19,-38.58],[68.08,-38.6],[68.05,-38.62],[68.05,-38.67],[68.08,-38.7],[68.16,-38.7],[68.23,-38.72],[68.26,-38.75],[68.26,-38.78],[68.3,-38.8],[68.41,-38.72],[68.52,-38.7],[68.62,-38.72],[68.66,-38.75],[68.66,-38.8],[68.73,-38.8],[68.73,-38.75],[68.77,-38.72],[68.77,-38.68],[68.73,-38.67],[68.73,-38.6],[68.66,-38.58],[68.66,-38.52],[68.77,-38.5],[68.84,-38.5],[68.91,-38.52],[68.95,-38.53],[68.95,-38.78],[68.91,-38.78],[68.84,-38.8],[68.77,-38.8],[68.77,-38.87],[68.88,-38.96],[68.91,-39.03],[68.98,-39.08],[69.02,-39.13],[69.09,-39.16],[69.13,-39.16],[69.2,-39.11],[69.31,-38.98],[69.34,-38.95],[69.34,-38.92],[69.31,-38.9],[69.13,-38.9],[69.06,-38.85],[69.06,-38.65],[69.13,-38.6],[69.2,-38.62],[69.27,-38.67],[69.34,-38.75],[69.34,-38.77],[69.42,-38.8],[69.45,-38.77],[69.45,-38.73],[69.49,-38.7],[69.52,-38.7],[69.52,-38.73],[69.56,-38.77],[69.56,-38.85],[69.52,-38.87],[69.52,-38.9],[69.49,-38.9],[69.45,-38.93],[69.45,-39.06],[69.38,-39.11],[69.38,-39.15],[69.42,-39.18],[69.42,-39.21],[69.49,-39.28],[69.52,-39.33],[69.6,-39.38],[69.67,-39.48],[69.74,-39.5],[69.74,-39.35],[69.78,-39.35],[69.78,-39.31],[69.85,-39.28],[69.85,-39.13],[69.81,-39.1],[69.74,-39.1],[69.67,-39.06],[69.67,-38.92],[69.7,-38.9],[69.74,-38.92],[69.78,-38.96],[69.78,-39.0],[69.85,-38.96],[69.85,-38.93],[69.92,-38.9],[69.99,-38.9],[70.06,-38.93],[70.06,-38.98],[70.1,-39.0],[70.14,-38.98],[70.14,-38.95],[70.21,-38.9],[70.24,-38.92],[70.24,-38.98],[70.17,-39.03],[70.17,-39.08],[70.24,-39.15],[70.35,-39.2],[70.46,-39.2],[70.53,-39.18],[70.53,-39.15],[70.57,-39.13],[70.49,-39.06],[70.46,-39.06],[70.46,-39.03],[70.49,-39.03],[70.53,-39.0],[70.53,-38.87],[70.35,-38.63],[70.28,-38.6],[70.24,-38.63],[70.24,-38.78],[70.17,-38.8],[70.06,-38.78],[70.06,-38.62],[70.14,-38.6],[70.14,-38.52],[70.06,-38.5],[69.99,-38.5],[69.96,-38.48],[69.96,-38.43],[69.88,-38.4],[69.81,-38.4],[69.74,-38.35],[69.74,-38.32],[69.7,-38.3],[69.63,-38.3],[69.6,-38.27],[69.56,-38.27],[69.56,-38.25],[69.52,-38.25],[69.52,-38.22],[69.45,-38.23],[69.45,-38.27],[69.38,-38.28],[69.38,-38.25],[69.27,-38.2],[69.2,-38.2],[69.16,-38.18],[69.16,-38.13],[69.13,-38.13],[69.13,-38.1],[69.02,-38.1],[68.91,-38.0],[68.88,-38.02],[68.88,-38.05],[68.84,-38.08],[68.77,-38.08],[68.77,-38.07],[68.7,-38.0],[68.7,-37.99],[68.62,-37.94],[68.52,-37.9],[68.44,-37.9],[68.34,-37.85],[68.34,-37.8],[68.26,-37.82],[68.26,-37.85],[68.19,-37.89],[68.16,-37.87],[68.16,-37.82],[68.12,-37.8],[68.05,-37.8],[67.94,-37.75],[67.94,-37.72],[67.9,-37.7],[67.87,-37.72],[67.87,-37.77],[67.83,-37.79],[67.72,-37.79],[67.69,-37.77],[67.62,-37.7]],[[68.34,-37.65],[68.34,-37.6],[68.26,-37.6],[68.26,-37.7],[68.34,-37.7],[68.34,-37.65]],[[72.04,-37.65],[72.04,-37.6],[71.97,-37.6],[71.97,-37.64],[71.93,-37.64],[71.93,-37.67],[71.97,-37.67],[71.97,-37.7],[72.04,-37.7],[72.04,-37.65]],[[73.45,-37.65],[73.45,-37.6],[73.37,-37.6],[73.34,-37.64],[73.34,-37.67],[73.37,-37.7],[73.45,-37.7],[73.45,-37.65]],[[30.43,-37.74],[30.43,-37.7],[30.36,-37.7],[30.36,-37.79],[30.43,-37.79],[30.43,-37.74]],[[30.65,-37.74],[30.65,-37.7],[30.58,-37.7],[30.58,-37.72],[30.54,-37.72],[30.54,-37.77],[30.58,-37.77],[30.58,-37.8],[30.65,-37.79],[30.65,-37.74]],[[30.94,-37.74],[30.94,-37.7],[30.9,-37.7],[30.87,-37.7],[30.87,-37.79],[30.9,-37.8],[30.94,-37.79],[30.94,-37.74]],[[32.45,-37.74],[32.45,-37.7],[32.38,-37.7],[32.38,-37.72],[32.34,-37.72],[32.34,-37.77],[32.38,-37.77],[32.38,-37.8],[32.45,-37.79],[32.45,-37.74]],[[64.95,-37.8],[64.95,-37.7],[64.88,-37.7],[64.88,-37.72],[64.77,-37.82],[64.77,-37.89],[64.74,-37.92],[64.74,-37.99],[64.7,-37.99],[64.66,-38.02],[64.66,-38.07],[64.74,-38.15],[64.88,-38.2],[64.95,-38.18],[64.95,-38.13],[65.02,-38.1],[65.28,-38.1],[65.35,-38.13],[65.35,-38.18],[65.28,-38.2],[65.28,-38.23],[65.24,-38.25],[65.24,-38.32],[65.28,-38.35],[65.28,-38.38],[65.31,-38.43],[65.42,-38.5],[65.49,-38.5],[65.6,-38.43],[65.6,-38.38],[65.64,-38.35],[65.64,-38.23],[65.56,-38.2],[65.49,-38.2],[65.46,-38.17],[65.46,-37.95],[65.38,-37.9],[65.24,-37.9],[65.13,-37.85],[65.13,-37.8],[65.1,-37.8],[65.06,-37.84],[65.06,-37.87],[65.02,-37.9],[64.95,-37.87],[64.95,-37.8]],[[68.95,-37.8],[68.95,-37.74],[68.88,-37.7],[68.8,-37.7],[68.77,-37.7],[68.77,-37.77],[68.8,-37.79],[68.84,-37.84],[68.84,-37.87],[68.91,-37.9],[68.95,-37.89],[68.95,-37.8]],[[73.95,-37.74],[73.95,-37.7],[73.88,-37.7],[73.88,-37.72],[73.84,-37.72],[73.84,-37.77],[73.88,-37.77],[73.88,-37.8],[73.95,-37.79],[73.95,-37.74]],[[64.34,-37.85],[64.34,-37.8],[64.27,-37.8],[64.27,-37.9],[64.34,-37.89],[64.34,-37.85]],[[74.45,-37.85],[74.45,-37.82],[74.42,-37.8],[74.35,-37.82],[74.35,-37.89],[74.38,-37.9],[74.45,-37.89],[74.45,-37.85]],[[79.46,-37.85],[79.46,-37.82],[79.42,-37.8],[79.31,-37.82],[79.31,-37.89],[79.46,-37.89],[79.46,-37.85]],[[29.97,-37.95],[29.93,-37.94],[29.93,-37.9],[29.86,-37.92],[29.86,-37.99],[29.93,-37.99],[29.93,-37.97],[29.97,-37.95]],[[64.27,-37.95],[64.23,-37.94],[64.23,-37.9],[64.16,-37.92],[64.16,-37.99],[64.23,-37.99],[64.23,-37.97],[64.27,-37.95]],[[69.56,-37.99],[69.56,-37.97],[69.52,-37.95],[69.52,-37.92],[69.49,-37.9],[69.38,-37.9],[69.34,-37.94],[69.38,-37.97],[69.38,-37.99],[69.49,-38.08],[69.56,-38.07],[69.56,-37.99]],[[74.96,-37.95],[74.96,-37.92],[74.92,-37.9],[74.85,-37.92],[74.85,-37.99],[74.92,-37.99],[74.96,-37.97],[74.96,-37.95]],[[79.28,-37.97],[79.21,-37.92],[79.17,-37.9],[79.17,-38.07],[79.24,-38.1],[79.31,-38.08],[79.31,-38.04],[79.28,-37.97]],[[27.45,-38.05],[27.45,-38.02],[27.34,-37.99],[27.34,-38.0],[27.27,-38.0],[27.27,-38.08],[27.3,-38.1],[27.37,-38.1],[27.45,-38.07],[27.45,-38.05]],[[28.06,-38.1],[28.06,-38.04],[27.99,-37.99],[27.99,-38.02],[27.95,-38.02],[27.95,-38.17],[28.02,-38.2],[28.02,-38.17],[28.06,-38.15],[28.06,-38.1]],[[28.74,-38.05],[28.74,-38.0],[28.67,-38.0],[28.67,-38.1],[28.74,-38.08],[28.74,-38.05]],[[72.83,-38.05],[72.83,-38.0],[72.76,-38.0],[72.76,-38.08],[72.83,-38.1],[72.83,-38.05]],[[75.46,-38.05],[75.46,-38.02],[75.39,-37.99],[75.35,-38.0],[75.35,-38.08],[75.43,-38.1],[75.43,-38.07],[75.46,-38.05]],[[28.63,-38.2],[28.63,-38.1],[28.56,-38.12],[28.56,-38.28],[28.6,-38.3],[28.63,-38.28],[28.63,-38.2]],[[29.14,-38.15],[29.14,-38.1],[29.07,-38.1],[29.07,-38.2],[29.14,-38.2],[29.14,-38.15]],[[72.65,-38.15],[72.65,-38.12],[72.62,-38.1],[72.55,-38.12],[72.55,-38.18],[72.58,-38.2],[72.65,-38.18],[72.65,-38.15]],[[73.34,-38.15],[73.34,-38.12],[73.3,-38.1],[73.19,-38.1],[73.16,-38.12],[73.16,-38.18],[73.19,-38.2],[73.3,-38.2],[73.34,-38.18],[73.34,-38.15]],[[73.84,-38.2],[73.84,-38.12],[73.77,-38.1],[73.77,-38.18],[73.73,-38.2],[73.77,-38.23],[73.77,-38.28],[73.81,-38.3],[73.84,-38.28],[73.84,-38.2]],[[75.07,-38.15],[75.03,-38.13],[75.03,-38.1],[74.96,-38.1],[74.96,-38.2],[75.03,-38.2],[75.03,-38.17],[75.07,-38.15]],[[29.35,-38.23],[29.35,-38.22],[29.25,-38.2],[29.17,-38.22],[29.17,-38.25],[29.14,-38.27],[29.14,-38.33],[29.17,-38.35],[29.17,-38.4],[29.21,-38.38],[29.28,-38.32],[29.32,-38.3],[29.32,-38.27],[29.35,-38.23]],[[64.45,-38.25],[64.45,-38.22],[64.38,-38.2],[64.38,-38.23],[64.34,-38.23],[64.34,-38.27],[64.38,-38.27],[64.38,-38.3],[64.45,-38.28],[64.45,-38.25]],[[66.0,-38.27],[65.92,-38.25],[65.85,-38.2],[65.78,-38.22],[65.74,-38.25],[65.74,-38.35],[65.82,-38.4],[66.0,-38.4],[66.03,-38.38],[66.03,-38.33],[66.0,-38.3],[66.0,-38.27]],[[70.14,-38.25],[70.14,-38.2],[70.06,-38.22],[70.06,-38.28],[70.1,-38.3],[70.14,-38.28],[70.14,-38.25]],[[74.85,-38.3],[74.85,-38.23],[74.81,-38.2],[74.78,-38.2],[74.78,-38.25],[74.74,-38.25],[74.74,-38.33],[74.78,-38.35],[74.78,-38.4],[74.85,-38.37],[74.85,-38.3]],[[32.95,-38.4],[32.95,-38.33],[32.92,-38.3],[32.88,-38.3],[32.81,-38.37],[32.77,-38.42],[32.77,-38.5],[32.92,-38.5],[32.95,-38.47],[32.95,-38.4]],[[33.46,-38.4],[33.46,-38.35],[33.39,-38.3],[33.31,-38.3],[33.28,-38.32],[33.28,-38.37],[33.24,-38.42],[33.24,-38.65],[33.28,-38.7],[33.28,-38.8],[33.31,-38.8],[33.31,-38.78],[33.35,-38.77],[33.35,-38.53],[33.39,-38.52],[33.39,-38.5],[33.46,-38.47],[33.46,-38.4]],[[15.75,-38.45],[15.75,-38.42],[15.68,-38.4],[15.6,-38.4],[15.57,-38.42],[15.57,-38.48],[15.6,-38.5],[15.71,-38.5],[15.75,-38.48],[15.75,-38.45]],[[33.85,-38.55],[33.85,-38.45],[33.82,-38.43],[33.82,-38.4],[33.78,-38.4],[33.78,-38.45],[33.74,-38.47],[33.74,-38.63],[33.78,-38.65],[33.78,-38.7],[33.85,-38.65],[33.85,-38.55]],[[66.14,-38.55],[66.14,-38.52],[66.07,-38.52],[66.07,-38.6],[66.14,-38.58],[66.14,-38.55]],[[66.54,-38.65],[66.54,-38.52],[66.46,-38.52],[66.43,-38.5],[66.36,-38.52],[66.36,-38.58],[66.43,-38.6],[66.43,-38.65],[66.46,-38.67],[66.46,-38.78],[66.54,-38.8],[66.54,-38.65]],[[72.55,-38.65],[72.55,-38.6],[72.47,-38.6],[72.44,-38.63],[72.44,-38.67],[72.47,-38.7],[72.55,-38.7],[72.55,-38.65]],[[75.53,-38.65],[75.53,-38.6],[75.46,-38.6],[75.46,-38.7],[75.53,-38.7],[75.53,-38.65]],[[76.04,-38.7],[76.04,-38.65],[76.04,-38.6],[75.97,-38.6],[75.97,-38.7],[76.04,-38.7]],[[33.74,-38.75],[33.74,-38.72],[33.67,-38.7],[33.67,-38.73],[33.64,-38.75],[33.71,-38.8],[33.74,-38.8],[33.74,-38.75]],[[66.14,-38.75],[66.14,-38.72],[66.07,-38.7],[66.07,-38.8],[66.14,-38.8],[66.14,-38.75]],[[76.04,-38.7],[76.04,-38.77],[76.04,-38.8],[76.04,-38.9],[76.04,-38.93],[76.04,-39.0],[76.15,-38.98],[76.15,-38.85],[76.15,-38.73],[76.11,-38.7],[76.04,-38.7]],[[66.25,-38.85],[66.25,-38.82],[66.18,-38.8],[66.14,-38.83],[66.14,-38.87],[66.18,-38.88],[66.25,-38.88],[66.25,-38.85]],[[67.18,-38.87],[67.08,-38.8],[66.97,-38.8],[66.97,-38.88],[67.08,-38.96],[67.15,-39.0],[67.22,-39.0],[67.26,-38.98],[67.26,-38.95],[67.22,-38.93],[67.22,-38.9],[67.18,-38.87]],[[68.66,-38.85],[68.66,-38.82],[68.62,-38.8],[68.55,-38.82],[68.55,-38.88],[68.59,-38.9],[68.66,-38.88],[68.66,-38.85]],[[75.64,-38.85],[75.64,-38.8],[75.57,-38.8],[75.57,-38.9],[75.64,-38.88],[75.64,-38.85]],[[68.55,-38.95],[68.55,-38.92],[68.52,-38.9],[68.44,-38.92],[68.44,-38.98],[68.48,-39.0],[68.55,-38.98],[68.55,-38.95]],[[68.77,-38.95],[68.73,-38.93],[68.73,-38.9],[68.66,-38.92],[68.66,-39.0],[68.73,-39.0],[68.73,-38.96],[68.77,-38.95]],[[79.46,-38.95],[79.46,-38.92],[79.42,-38.9],[79.31,-38.92],[79.31,-38.98],[79.42,-39.0],[79.46,-38.98],[79.46,-38.95]],[[71.03,-39.06],[71.03,-39.01],[70.96,-39.01],[70.96,-39.08],[71.03,-39.08],[71.03,-39.06]],[[67.87,-39.2],[67.83,-39.16],[67.83,-39.1],[67.76,-39.11],[67.76,-39.28],[67.83,-39.3],[67.83,-39.25],[67.87,-39.2]],[[68.84,-39.2],[68.84,-39.11],[68.8,-39.1],[68.7,-39.1],[68.66,-39.11],[68.66,-39.16],[68.77,-39.26],[68.77,-39.28],[68.84,-39.3],[68.84,-39.2]],[[73.55,-39.15],[73.55,-39.11],[73.52,-39.1],[73.45,-39.11],[73.45,-39.18],[73.48,-39.2],[73.55,-39.18],[73.55,-39.15]],[[69.38,-39.28],[69.31,-39.21],[69.24,-39.2],[69.16,-39.23],[69.16,-39.38],[69.24,-39.4],[69.24,-39.48],[69.27,-39.51],[69.27,-39.55],[69.31,-39.6],[69.31,-39.61],[69.38,-39.68],[69.42,-39.7],[69.45,-39.68],[69.45,-39.43],[69.42,-39.36],[69.42,-39.31],[69.38,-39.28]],[[70.24,-39.35],[70.24,-39.21],[70.17,-39.21],[70.1,-39.3],[70.06,-39.35],[69.99,-39.4],[69.92,-39.48],[69.81,-39.5],[69.78,-39.51],[69.78,-39.56],[69.74,-39.58],[69.74,-39.73],[69.78,-39.75],[69.78,-39.78],[69.92,-39.81],[69.96,-39.83],[69.96,-39.89],[70.03,-39.89],[70.03,-39.81],[70.06,-39.78],[70.06,-39.53],[70.1,-39.5],[70.14,-39.51],[70.14,-39.61],[70.17,-39.63],[70.17,-39.68],[70.21,-39.7],[70.28,-39.63],[70.28,-39.61],[70.31,-39.61],[70.35,-39.63],[70.35,-39.66],[70.28,-39.7],[70.24,-39.75],[70.28,-39.79],[70.39,-39.79],[70.42,-39.78],[70.42,-39.75],[70.46,-39.73],[70.46,-39.58],[70.42,-39.56],[70.42,-39.51],[70.39,-39.5],[70.31,-39.5],[70.28,-39.48],[70.28,-39.45],[70.24,-39.41],[70.24,-39.35]],[[65.56,-39.4],[65.56,-39.35],[65.53,-39.35],[65.53,-39.31],[65.46,-39.33],[65.46,-39.48],[65.53,-39.5],[65.53,-39.45],[65.56,-39.43],[65.56,-39.4]],[[71.07,-39.36],[71.07,-39.35],[71.0,-39.33],[71.0,-39.31],[70.89,-39.31],[70.85,-39.35],[70.85,-39.45],[70.89,-39.5],[71.0,-39.6],[71.07,-39.56],[71.07,-39.53],[71.11,-39.51],[71.11,-39.48],[71.14,-39.46],[71.14,-39.43],[71.07,-39.36]],[[74.17,-39.45],[74.13,-39.43],[74.13,-39.4],[74.06,-39.4],[74.06,-39.5],[74.13,-39.5],[74.13,-39.46],[74.17,-39.45]],[[74.99,-39.5],[74.92,-39.43],[74.85,-39.4],[74.78,-39.4],[74.74,-39.41],[74.74,-39.48],[74.71,-39.5],[74.6,-39.5],[74.56,-39.51],[74.56,-39.58],[74.6,-39.6],[74.6,-39.61],[74.63,-39.65],[74.71,-39.68],[74.71,-39.73],[74.74,-39.75],[74.74,-39.84],[74.78,-39.86],[74.78,-39.89],[74.81,-39.89],[74.85,-39.93],[74.85,-39.96],[74.78,-40.01],[74.78,-40.04],[74.74,-40.06],[74.81,-40.09],[74.81,-40.13],[74.85,-40.14],[74.85,-40.28],[74.89,-40.34],[74.89,-40.38],[74.92,-40.43],[74.99,-40.48],[75.03,-40.49],[75.1,-40.49],[75.14,-40.51],[75.14,-40.54],[75.17,-40.54],[75.17,-40.59],[75.25,-40.56],[75.28,-40.51],[75.35,-40.51],[75.39,-40.49],[75.46,-40.49],[75.53,-40.53],[75.53,-40.58],[75.43,-40.61],[75.32,-40.61],[75.25,-40.64],[75.25,-40.69],[75.35,-40.72],[75.35,-40.76],[75.32,-40.77],[75.25,-40.84],[75.25,-40.87],[75.32,-40.89],[75.32,-40.94],[75.35,-40.96],[75.35,-41.06],[75.39,-41.09],[75.43,-41.09],[75.46,-41.06],[75.46,-41.02],[75.5,-41.01],[75.53,-41.02],[75.61,-41.09],[75.64,-41.14],[75.75,-41.19],[75.82,-41.21],[75.97,-41.21],[76.04,-41.24],[76.04,-41.3],[76.17,-41.3],[76.18,-41.29],[76.22,-41.29],[76.23,-41.3],[78.33,-41.3],[78.31,-41.29],[78.26,-41.3],[78.11,-41.3],[78.09,-41.29],[77.98,-41.29],[77.95,-41.26],[77.95,-41.12],[77.87,-41.11],[77.69,-41.11],[77.66,-41.09],[77.51,-41.09],[77.44,-41.06],[77.44,-41.02],[77.41,-40.99],[77.3,-40.99],[77.26,-40.99],[77.26,-40.87],[77.23,-40.84],[77.23,-40.79],[77.12,-40.76],[77.12,-40.72],[77.26,-40.69],[77.26,-40.64],[77.19,-40.61],[77.01,-40.61],[76.97,-40.62],[76.97,-40.66],[76.9,-40.67],[76.9,-40.79],[76.87,-40.79],[76.87,-40.69],[76.83,-40.66],[76.83,-40.61],[76.76,-40.58],[76.76,-40.43],[76.83,-40.39],[76.83,-40.34],[76.87,-40.33],[76.87,-40.28],[76.83,-40.26],[76.83,-40.21],[76.79,-40.19],[76.69,-40.19],[76.65,-40.23],[76.65,-40.28],[76.61,-40.29],[76.54,-40.29],[76.47,-40.33],[76.47,-40.44],[76.43,-40.49],[76.43,-40.69],[76.4,-40.71],[76.36,-40.69],[76.36,-40.56],[76.33,-40.54],[76.33,-40.49],[76.25,-40.46],[76.25,-40.44],[76.33,-40.39],[76.33,-40.36],[76.36,-40.29],[76.36,-40.18],[76.25,-40.11],[76.22,-40.09],[76.15,-40.06],[76.04,-39.98],[76.04,-39.89],[76.04,-39.83],[76.04,-39.73],[75.97,-39.7],[75.93,-39.7],[75.86,-39.73],[75.86,-39.78],[75.93,-39.81],[75.93,-39.89],[75.86,-39.88],[75.82,-39.81],[75.79,-39.81],[75.79,-39.84],[75.75,-39.89],[75.68,-39.89],[75.68,-39.88],[75.64,-39.84],[75.64,-39.73],[75.61,-39.7],[75.5,-39.7],[75.46,-39.66],[75.46,-39.56],[75.43,-39.55],[75.43,-39.51],[75.39,-39.5],[75.32,-39.5],[75.25,-39.53],[75.25,-39.58],[75.21,-39.61],[75.1,-39.6],[75.03,-39.55],[74.99,-39.5]],[[75.14,-39.45],[75.14,-39.4],[75.07,-39.4],[75.07,-39.5],[75.14,-39.5],[75.14,-39.45]],[[76.36,-39.45],[76.33,-39.4],[76.25,-39.41],[76.25,-39.48],[76.33,-39.5],[76.36,-39.45]],[[31.95,-39.55],[31.95,-39.51],[31.87,-39.5],[31.87,-39.53],[31.84,-39.53],[31.84,-39.58],[31.87,-39.58],[31.87,-39.61],[31.95,-39.6],[31.95,-39.55]],[[34.07,-39.7],[34.03,-39.63],[34.03,-39.53],[34.0,-39.5],[33.92,-39.5],[33.85,-39.55],[33.85,-39.86],[33.92,-39.89],[34.0,-39.89],[34.03,-39.89],[34.03,-39.76],[34.07,-39.7]],[[70.93,-39.61],[70.85,-39.58],[70.82,-39.53],[70.75,-39.5],[70.67,-39.53],[70.67,-39.56],[70.64,-39.61],[70.64,-39.63],[70.67,-39.65],[70.67,-39.7],[70.75,-39.71],[70.75,-39.84],[70.78,-39.86],[70.78,-39.89],[70.82,-39.93],[70.89,-39.96],[70.96,-39.94],[71.03,-39.89],[71.03,-39.86],[71.11,-39.79],[71.11,-39.76],[71.14,-39.75],[71.14,-39.61],[71.07,-39.61],[71.03,-39.63],[71.03,-39.68],[70.96,-39.66],[70.93,-39.63],[70.93,-39.61]],[[71.36,-39.55],[71.32,-39.5],[71.25,-39.51],[71.25,-39.6],[71.29,-39.61],[71.36,-39.58],[71.36,-39.55]],[[34.64,-39.65],[34.64,-39.61],[34.57,-39.61],[34.57,-39.63],[34.54,-39.63],[34.54,-39.66],[34.57,-39.66],[34.57,-39.7],[34.64,-39.7],[34.64,-39.65]],[[64.05,-39.65],[64.05,-39.61],[64.02,-39.61],[63.94,-39.61],[63.94,-39.68],[63.98,-39.7],[64.05,-39.68],[64.05,-39.65]],[[71.68,-39.66],[71.61,-39.61],[71.54,-39.61],[71.36,-39.61],[71.36,-39.65],[71.39,-39.68],[71.39,-39.71],[71.43,-39.75],[71.5,-39.76],[71.57,-39.79],[71.72,-39.79],[71.75,-39.76],[71.72,-39.73],[71.72,-39.7],[71.68,-39.66]],[[68.95,-39.75],[68.95,-39.71],[68.88,-39.7],[68.84,-39.73],[68.84,-39.76],[68.88,-39.79],[68.95,-39.79],[68.95,-39.75]],[[73.73,-39.75],[73.73,-39.7],[73.66,-39.71],[73.66,-39.79],[73.73,-39.79],[73.73,-39.75]],[[74.35,-39.86],[74.35,-39.73],[74.27,-39.7],[74.2,-39.7],[74.17,-39.71],[74.17,-39.79],[74.24,-39.81],[74.24,-39.93],[74.27,-39.94],[74.27,-39.99],[74.35,-39.98],[74.35,-39.86]],[[32.05,-39.86],[32.05,-39.81],[32.02,-39.79],[31.95,-39.83],[31.95,-39.88],[31.98,-39.89],[32.05,-39.89],[32.05,-39.86]],[[34.64,-39.86],[34.64,-39.81],[34.57,-39.81],[34.54,-39.84],[34.57,-39.88],[34.57,-39.89],[34.64,-39.89],[34.64,-39.86]],[[35.26,-39.86],[35.26,-39.83],[35.18,-39.79],[35.15,-39.81],[35.15,-39.89],[35.18,-39.89],[35.26,-39.88],[35.26,-39.86]],[[71.47,-39.94],[71.47,-39.91],[71.43,-39.89],[71.43,-39.81],[71.36,-39.83],[71.32,-39.86],[71.32,-39.89],[71.25,-39.94],[71.25,-40.08],[71.21,-40.08],[71.18,-40.11],[71.11,-40.11],[71.07,-40.13],[71.07,-40.24],[71.11,-40.29],[71.11,-40.33],[71.18,-40.39],[71.25,-40.39],[71.25,-40.24],[71.29,-40.21],[71.36,-40.19],[71.54,-40.19],[71.65,-40.16],[71.65,-40.13],[71.61,-40.11],[71.54,-40.11],[71.47,-40.08],[71.47,-39.94]],[[71.93,-39.86],[71.93,-39.81],[71.86,-39.81],[71.86,-39.89],[71.93,-39.89],[71.93,-39.86]],[[72.26,-39.89],[72.26,-39.84],[72.22,-39.81],[72.15,-39.81],[72.15,-39.88],[72.08,-39.89],[71.97,-39.89],[71.97,-39.96],[72.04,-40.03],[72.04,-40.06],[72.08,-40.08],[72.15,-40.08],[72.19,-40.01],[72.22,-39.99],[72.22,-39.93],[72.26,-39.91],[72.26,-39.89]],[[72.94,-39.94],[72.94,-39.89],[72.87,-39.89],[72.87,-39.93],[72.83,-39.94],[72.87,-39.96],[72.87,-39.99],[72.94,-39.99],[72.94,-39.94]],[[33.24,-40.04],[33.24,-40.01],[33.17,-40.01],[33.17,-40.09],[33.24,-40.09],[33.24,-40.04]],[[71.75,-40.04],[71.72,-39.99],[71.68,-39.99],[71.65,-40.03],[71.65,-40.08],[71.72,-40.11],[71.75,-40.08],[71.75,-40.04]],[[76.43,-40.04],[76.43,-40.01],[76.36,-40.01],[76.36,-40.09],[76.43,-40.09],[76.43,-40.04]],[[72.04,-40.16],[72.04,-40.11],[71.97,-40.11],[71.97,-40.14],[71.93,-40.14],[71.97,-40.16],[71.97,-40.19],[72.04,-40.18],[72.04,-40.16]],[[76.54,-40.16],[76.54,-40.11],[76.47,-40.11],[76.47,-40.19],[76.54,-40.18],[76.54,-40.16]],[[15.75,-40.29],[15.75,-40.23],[15.71,-40.19],[15.68,-40.19],[15.68,-40.24],[15.64,-40.26],[15.64,-40.34],[15.68,-40.36],[15.68,-40.41],[15.75,-40.38],[15.75,-40.29]],[[63.84,-40.24],[63.84,-40.19],[63.76,-40.21],[63.76,-40.29],[63.84,-40.29],[63.84,-40.24]],[[15.96,-40.36],[15.96,-40.33],[15.93,-40.33],[15.93,-40.29],[15.86,-40.31],[15.86,-40.39],[15.93,-40.41],[15.93,-40.38],[15.96,-40.36]],[[72.37,-40.36],[72.33,-40.31],[72.26,-40.31],[72.26,-40.39],[72.33,-40.41],[72.33,-40.38],[72.37,-40.36]],[[72.94,-40.36],[72.94,-40.33],[72.83,-40.29],[72.76,-40.29],[72.65,-40.33],[72.65,-40.38],[72.69,-40.38],[72.73,-40.41],[72.87,-40.41],[72.87,-40.39],[72.94,-40.38],[72.94,-40.36]],[[71.93,-40.44],[71.93,-40.43],[71.9,-40.41],[71.79,-40.41],[71.75,-40.44],[71.75,-40.76],[71.79,-40.79],[71.9,-40.79],[71.93,-40.77],[71.93,-40.71],[71.86,-40.69],[71.86,-40.51],[71.93,-40.49],[71.93,-40.44]],[[72.26,-40.44],[72.22,-40.41],[72.11,-40.41],[72.04,-40.44],[72.04,-40.58],[72.08,-40.58],[72.08,-40.61],[72.15,-40.56],[72.22,-40.49],[72.22,-40.46],[72.26,-40.44]],[[72.65,-40.49],[72.65,-40.44],[72.62,-40.41],[72.58,-40.41],[72.58,-40.44],[72.55,-40.44],[72.55,-40.58],[72.47,-40.61],[72.47,-40.69],[72.58,-40.76],[72.58,-40.77],[72.65,-40.76],[72.69,-40.71],[72.73,-40.71],[72.73,-40.61],[72.65,-40.58],[72.65,-40.49]],[[74.17,-40.44],[74.13,-40.44],[74.13,-40.41],[74.06,-40.41],[74.06,-40.49],[74.13,-40.49],[74.13,-40.46],[74.17,-40.44]],[[73.48,-40.58],[73.41,-40.51],[73.34,-40.49],[73.27,-40.53],[73.27,-40.67],[73.3,-40.71],[73.37,-40.71],[73.45,-40.71],[73.45,-40.77],[73.48,-40.79],[73.55,-40.77],[73.55,-40.69],[73.52,-40.64],[73.52,-40.61],[73.48,-40.58]],[[74.74,-40.61],[74.74,-40.51],[74.67,-40.51],[74.6,-40.58],[74.56,-40.62],[74.56,-40.76],[74.63,-40.79],[74.78,-40.79],[74.85,-40.76],[74.85,-40.71],[74.78,-40.71],[74.78,-40.66],[74.74,-40.64],[74.74,-40.61]],[[74.96,-40.54],[74.92,-40.49],[74.85,-40.51],[74.85,-40.59],[74.92,-40.59],[74.96,-40.58],[74.96,-40.54]],[[76.9,-40.54],[76.9,-40.49],[76.87,-40.49],[76.87,-40.59],[76.9,-40.61],[76.9,-40.59],[76.9,-40.54]],[[74.06,-40.71],[74.06,-40.64],[74.02,-40.61],[73.95,-40.62],[73.95,-40.77],[73.99,-40.79],[74.06,-40.76],[74.06,-40.71]],[[72.44,-40.77],[72.44,-40.71],[72.4,-40.71],[72.29,-40.71],[72.26,-40.72],[72.26,-40.99],[72.33,-40.99],[72.4,-40.92],[72.4,-40.89],[72.44,-40.84],[72.44,-40.77]],[[75.14,-40.74],[75.14,-40.71],[75.07,-40.71],[75.07,-40.79],[75.14,-40.79],[75.14,-40.74]],[[36.77,-40.96],[36.73,-40.94],[36.73,-40.91],[36.66,-40.91],[36.66,-40.99],[36.73,-40.99],[36.73,-40.97],[36.77,-40.96]],[[42.17,-40.99],[42.13,-40.97],[42.13,-40.91],[42.1,-40.91],[42.06,-40.94],[41.95,-41.07],[41.95,-41.14],[41.99,-41.17],[42.1,-41.21],[42.24,-41.21],[42.35,-41.17],[42.35,-41.12],[42.31,-41.11],[42.24,-41.11],[42.24,-41.09],[42.17,-41.07],[42.17,-40.99]],[[63.84,-40.96],[63.84,-40.91],[63.76,-40.91],[63.76,-40.99],[63.84,-40.99],[63.84,-40.96]],[[71.54,-40.96],[71.54,-40.91],[71.47,-40.91],[71.47,-40.99],[71.54,-40.99],[71.54,-40.96]],[[72.15,-41.04],[72.15,-40.92],[72.11,-40.91],[72.04,-40.94],[71.97,-41.01],[71.97,-41.09],[72.08,-41.19],[72.15,-41.17],[72.15,-41.04]],[[39.25,-41.04],[39.25,-41.01],[39.18,-40.99],[39.14,-41.02],[39.14,-41.07],[39.22,-41.11],[39.25,-41.09],[39.25,-41.04]],[[64.05,-41.04],[64.05,-41.01],[63.98,-40.99],[63.94,-41.02],[63.94,-41.07],[64.02,-41.11],[64.05,-41.09],[64.05,-41.04]],[[71.68,-41.07],[71.61,-41.01],[71.57,-40.99],[71.54,-41.02],[71.54,-41.09],[71.47,-41.09],[71.47,-41.11],[71.39,-41.11],[71.36,-41.14],[71.36,-41.26],[71.41,-41.3],[71.58,-41.3],[71.68,-41.24],[71.68,-41.21],[71.72,-41.19],[71.72,-41.09],[71.68,-41.07]],[[74.85,-41.02],[74.81,-40.99],[74.74,-40.99],[74.67,-41.02],[74.67,-41.07],[74.63,-41.11],[74.67,-41.12],[74.67,-41.21],[74.71,-41.19],[74.81,-41.09],[74.85,-41.02]],[[37.78,-41.17],[37.7,-41.11],[37.67,-41.11],[37.67,-41.3],[37.8,-41.3],[37.81,-41.29],[37.81,-41.26],[37.85,-41.26],[37.81,-41.24],[37.81,-41.21],[37.78,-41.17]],[[37.96,-41.16],[37.96,-41.12],[37.92,-41.11],[37.85,-41.11],[37.85,-41.19],[37.92,-41.21],[37.96,-41.19],[37.96,-41.16]],[[38.14,-41.16],[38.14,-41.11],[38.06,-41.11],[38.06,-41.21],[38.14,-41.21],[38.14,-41.16]],[[39.14,-41.16],[39.14,-41.11],[39.07,-41.11],[39.07,-41.14],[39.04,-41.14],[39.07,-41.17],[39.07,-41.21],[39.14,-41.19],[39.14,-41.16]],[[35.65,-41.3],[35.65,-41.26],[35.62,-41.24],[35.62,-41.21],[35.51,-41.21],[35.47,-41.22],[35.47,-41.26],[35.44,-41.27],[35.47,-41.3],[35.65,-41.3]],[[39.04,-41.26],[39.04,-41.21],[38.96,-41.21],[38.96,-41.29],[39.04,-41.29],[39.04,-41.26]],[[72.94,-41.26],[72.94,-41.21],[72.87,-41.21],[72.87,-41.24],[72.83,-41.26],[72.87,-41.26],[72.87,-41.29],[72.94,-41.29],[72.94,-41.26]],[[39.13,-41.3],[39.11,-41.29],[39.09,-41.3],[39.13,-41.3]],[[74.93,-41.3],[74.92,-41.29],[74.87,-41.3],[74.93,-41.3]]]}},{"type":"Feature","properties":{"precip":10},"geometry":{"type":"Polygon","coordinates":[[[68.26,-38.05],[68.26,-38.0],[68.37,-38.0],[68.44,-38.04],[68.52,-38.1],[68.52,-38.15],[68.55,-38.22],[68.55,-38.35],[68.48,-38.4],[68.48,-38.35],[68.44,-38.33],[68.44,-38.13],[68.41,-38.1],[68.3,-38.1],[68.26,-38.08],[68.26,-38.05]]]}},{"type":"Feature","properties":{"precip":10},"geometry":{"type":"Polygon","coordinates":[[[69.16,-38.45],[69.16,-38.42],[69.24,-38.4],[69.24,-38.5],[69.16,-38.5],[69.16,-38.45]]]}},{"type":"Feature","properties":{"precip":10},"geometry":{"type":"Polygon","coordinates":[[[69.74,-38.63],[69.78,-38.6],[69.85,-38.63],[69.85,-38.65],[69.92,-38.72],[69.92,-38.75],[69.96,-38.77],[69.92,-38.8],[69.85,-38.77],[69.85,-38.75],[69.78,-38.68],[69.78,-38.65],[69.74,-38.63]]]}},{"type":"Feature","properties":{"precip":10},"geometry":{"type":"Polygon","coordinates":[[[75.07,-40.04],[75.07,-40.01],[75.14,-39.99],[75.25,-40.04],[75.32,-40.11],[75.32,-40.16],[75.35,-40.19],[75.35,-40.39],[75.32,-40.41],[75.25,-40.36],[75.17,-40.28],[75.17,-40.21],[75.14,-40.18],[75.14,-40.11],[75.07,-40.09],[75.07,-40.04]]]}},{"type":"Feature","properties":{"precip":10},"geometry":{"type":"Polygon","coordinates":[[[75.64,-40.04],[75.71,-39.99],[75.79,-39.99],[75.86,-40.03],[75.86,-40.08],[75.82,-40.08],[75.79,-40.11],[75.71,-40.11],[75.68,-40.08],[75.64,-40.08],[75.64,-40.04]]]}},{"type":"Feature","properties":{"precip":10},"geometry":{"type":"Polygon","coordinates":[[[19.35,-32.29],[19.35,-32.14],[19.38,-32.09],[19.38,-31.99],[19.42,-32.01],[19.42,-32.11],[19.46,-32.17],[19.46,-32.74],[19.49,-32.77],[19.49,-32.79],[19.53,-32.79],[19.53,-32.82],[19.56,-32.84],[19.56,-32.96],[19.6,-33.0],[19.67,-33.05],[19.74,-33.09],[19.78,-33.09],[19.85,-33.12],[19.85,-33.19],[19.78,-33.2],[19.78,-33.24],[19.74,-33.25],[19.74,-33.35],[19.78,-33.37],[19.85,-33.44],[19.85,-33.65],[19.82,-33.67],[19.82,-33.7],[19.78,-33.7],[19.74,-33.74],[19.74,-33.87],[19.6,-33.98],[19.56,-34.0],[19.49,-34.0],[19.46,-34.02],[19.46,-34.1],[19.53,-34.1],[19.53,-34.13],[19.56,-34.13],[19.56,-34.15],[19.46,-34.2],[19.38,-34.2],[19.35,-34.22],[19.35,-34.25],[19.42,-34.32],[19.49,-34.4],[19.53,-34.42],[19.53,-34.48],[19.46,-34.53],[19.46,-34.58],[19.53,-34.6],[19.53,-34.66],[19.56,-34.7],[19.56,-34.73],[19.49,-34.8],[19.46,-34.78],[19.46,-34.73],[19.38,-34.7],[19.13,-34.7],[19.06,-34.73],[18.99,-34.8],[18.95,-34.86],[18.88,-34.9],[18.81,-34.9],[18.77,-34.88],[18.77,-34.85],[18.74,-34.81],[18.74,-34.78],[18.77,-34.76],[18.77,-34.7],[18.81,-34.7],[18.81,-34.68],[18.84,-34.66],[18.84,-34.25],[18.81,-34.2],[18.7,-34.2],[18.63,-34.25],[18.63,-34.28],[18.56,-34.27],[18.48,-34.2],[18.48,-34.17],[18.45,-34.15],[18.45,-34.12],[18.52,-34.1],[18.59,-34.1],[18.63,-34.07],[18.66,-34.07],[18.66,-34.03],[18.59,-34.0],[18.52,-34.0],[18.48,-33.97],[18.45,-33.97],[18.45,-33.92],[18.48,-33.9],[18.63,-33.9],[18.66,-33.93],[18.66,-33.98],[18.7,-34.0],[18.81,-34.0],[18.84,-33.98],[18.84,-33.92],[18.77,-33.87],[18.66,-33.8],[18.59,-33.8],[18.56,-33.77],[18.56,-33.64],[18.59,-33.6],[18.66,-33.6],[18.81,-33.6],[18.84,-33.57],[18.84,-33.42],[18.81,-33.39],[18.74,-33.35],[18.77,-33.32],[18.81,-33.3],[18.88,-33.3],[18.95,-33.27],[18.95,-33.12],[18.99,-33.09],[19.02,-33.09],[19.02,-33.05],[19.06,-33.04],[19.06,-32.82],[19.1,-32.79],[19.13,-32.79],[19.13,-32.74],[19.17,-32.72],[19.17,-32.62],[19.24,-32.59],[19.31,-32.59],[19.35,-32.54],[19.35,-32.29]],[[18.95,-33.65],[18.95,-33.6],[18.88,-33.6],[18.84,-33.62],[18.84,-33.67],[18.92,-33.7],[18.95,-33.69],[18.95,-33.65]],[[19.64,-33.85],[19.64,-33.8],[19.56,-33.82],[19.56,-33.88],[19.64,-33.88],[19.64,-33.85]],[[18.95,-34.05],[18.95,-34.02],[18.88,-34.0],[18.84,-34.02],[18.84,-34.08],[18.88,-34.1],[18.95,-34.08],[18.95,-34.05]]]}},{"type":"Feature","properties":{"precip":10},"geometry":{"type":"Polygon","coordinates":[[[63.94,-32.41],[63.94,-32.32],[64.02,-32.31],[64.12,-32.41],[64.12,-32.44],[64.16,-32.46],[64.12,-32.51],[64.02,-32.51],[63.94,-32.44],[63.94,-32.41]]]}},{"type":"Feature","properties":{"precip":10},"geometry":{"type":"Polygon","coordinates":[[[64.66,-32.34],[64.66,-32.31],[64.7,-32.29],[64.74,-32.31],[64.74,-32.39],[64.7,-32.41],[64.66,-32.39],[64.66,-32.34]]]}},{"type":"Feature","properties":{"precip":10},"geometry":{"type":"Polygon","coordinates":[[[64.45,-32.46],[64.45,-32.42],[64.48,-32.41],[64.56,-32.42],[64.56,-32.49],[64.48,-32.51],[64.45,-32.49],[64.45,-32.46]]]}},{"type":"Feature","properties":{"precip":10},"geometry":{"type":"Polygon","coordinates":[[[63.37,-32.54],[63.37,-32.51],[63.44,-32.51],[63.44,-32.59],[63.37,-32.59],[63.37,-32.54]]]}},{"type":"Feature","properties":{"precip":10},"geometry":{"type":"Polygon","coordinates":[[[61.86,-32.66],[61.86,-32.61],[61.89,-32.59],[61.96,-32.62],[61.96,-32.67],[61.93,-32.67],[61.93,-32.71],[61.86,-32.69],[61.86,-32.66]]]}},{"type":"Feature","properties":{"precip":10},"geometry":{"type":"Polygon","coordinates":[[[36.16,-32.84],[36.16,-32.72],[36.23,-32.71],[36.23,-32.77],[36.26,-32.79],[36.26,-32.91],[36.23,-32.94],[36.23,-33.0],[36.16,-32.97],[36.16,-32.84]]]}},{"type":"Feature","properties":{"precip":10},"geometry":{"type":"Polygon","coordinates":[[[63.55,-32.79],[63.55,-32.74],[63.58,-32.71],[63.66,-32.74],[63.73,-32.81],[63.73,-32.86],[63.76,-32.87],[63.66,-32.91],[63.58,-32.91],[63.55,-32.94],[63.55,-32.99],[63.48,-33.0],[63.4,-33.0],[63.37,-32.99],[63.37,-32.92],[63.48,-32.89],[63.55,-32.86],[63.55,-32.79]]]}},{"type":"Feature","properties":{"precip":10},"geometry":{"type":"Polygon","coordinates":[[[61.24,-32.82],[61.24,-32.79],[61.32,-32.81],[61.42,-32.91],[61.42,-32.99],[61.39,-32.99],[61.32,-32.94],[61.32,-32.91],[61.24,-32.86],[61.24,-32.82]]]}},{"type":"Feature","properties":{"precip":10},"geometry":{"type":"Polygon","coordinates":[[[61.64,-32.91],[61.64,-32.86],[61.68,-32.84],[61.68,-32.81],[61.71,-32.79],[61.78,-32.79],[61.86,-32.84],[61.86,-32.94],[61.89,-32.97],[61.93,-33.04],[62.0,-33.09],[62.04,-33.14],[62.04,-33.19],[61.96,-33.15],[61.96,-33.14],[61.89,-33.1],[61.89,-33.07],[61.86,-33.05],[61.75,-33.0],[61.68,-32.99],[61.68,-32.96],[61.64,-32.94],[61.64,-32.91]]]}},{"type":"Feature","properties":{"precip":10},"geometry":{"type":"Polygon","coordinates":[[[64.16,-32.82],[64.16,-32.79],[64.27,-32.84],[64.3,-32.87],[64.3,-32.91],[64.34,-32.92],[64.34,-32.99],[64.27,-32.97],[64.16,-32.87],[64.16,-32.82]]]}},{"type":"Feature","properties":{"precip":10},"geometry":{"type":"Polygon","coordinates":[[[64.84,-33.05],[64.84,-33.02],[64.92,-33.0],[64.95,-33.02],[64.95,-33.07],[64.88,-33.09],[64.84,-33.07],[64.84,-33.05]]]}},{"type":"Feature","properties":{"precip":10},"geometry":{"type":"Polygon","coordinates":[[[60.06,-33.15],[60.06,-33.1],[60.13,-33.09],[60.24,-33.14],[60.34,-33.24],[60.34,-33.35],[60.27,-33.42],[60.27,-33.45],[60.2,-33.5],[60.16,-33.5],[60.16,-33.32],[60.24,-33.3],[60.24,-33.22],[60.2,-33.2],[60.13,-33.2],[60.06,-33.17],[60.06,-33.15]]]}},{"type":"Feature","properties":{"precip":10},"geometry":{"type":"Polygon","coordinates":[[[18.05,-33.25],[18.05,-33.22],[18.09,-33.2],[18.16,-33.22],[18.16,-33.29],[18.12,-33.3],[18.05,-33.29],[18.05,-33.25]]]}},{"type":"Feature","properties":{"precip":10},"geometry":{"type":"Polygon","coordinates":[[[61.06,-33.25],[61.06,-33.22],[61.1,-33.2],[61.21,-33.2],[61.24,-33.22],[61.24,-33.34],[61.28,-33.35],[61.28,-33.39],[61.35,-33.4],[61.42,-33.4],[61.42,-33.44],[61.46,-33.45],[61.46,-33.59],[61.53,-33.6],[61.57,-33.64],[61.53,-33.65],[61.53,-33.69],[61.42,-33.7],[61.35,-33.65],[61.35,-33.54],[61.28,-33.5],[61.21,-33.5],[61.17,-33.47],[61.17,-33.44],[61.14,-33.42],[61.14,-33.32],[61.06,-33.3],[61.06,-33.25]]]}},{"type":"Feature","properties":{"precip":10},"geometry":{"type":"Polygon","coordinates":[[[63.66,-33.25],[63.66,-33.2],[63.73,-33.2],[63.76,-33.24],[63.76,-33.27],[63.73,-33.3],[63.66,-33.3],[63.66,-33.25]]]}},{"type":"Feature","properties":{"precip":10},"geometry":{"type":"Polygon","coordinates":[[[60.67,-33.34],[60.67,-33.32],[60.74,-33.3],[60.85,-33.34],[60.92,-33.4],[60.92,-33.44],[60.96,-33.49],[60.96,-33.59],[60.88,-33.6],[60.88,-33.57],[60.85,-33.57],[60.85,-33.44],[60.81,-33.4],[60.74,-33.4],[60.74,-33.39],[60.67,-33.39],[60.67,-33.34]]]}},{"type":"Feature","properties":{"precip":10},"geometry":{"type":"Polygon","coordinates":[[[-13.36,-33.44],[-13.34,-33.44],[-13.36,-33.46],[-13.36,-33.44]]]}},{"type":"Feature","properties":{"precip":10},"geometry":{"type":"Polygon","coordinates":[[[-13.16,-33.55],[-13.16,-33.52],[-13.12,-33.5],[-13.05,-33.52],[-13.05,-33.59],[-13.12,-33.6],[-13.16,-33.59],[-13.16,-33.55]]]}},{"type":"Feature","properties":{"precip":10},"geometry":{"type":"Polygon","coordinates":[[[-13.05,-33.8],[-13.05,-33.74],[-13.01,-33.7],[-12.98,-33.7],[-12.98,-33.75],[-12.94,-33.77],[-12.94,-33.85],[-12.98,-33.87],[-12.98,-33.88],[-13.01,-33.9],[-13.01,-33.87],[-13.05,-33.87],[-13.05,-33.8]]]}},{"type":"Feature","properties":{"precip":10},"geometry":{"type":"Polygon","coordinates":[[[-12.76,-33.85],[-12.72,-33.83],[-12.72,-33.8],[-12.65,-33.82],[-12.65,-33.88],[-12.69,-33.9],[-12.72,-33.87],[-12.76,-33.87],[-12.76,-33.85]]]}},{"type":"Feature","properties":{"precip":10},"geometry":{"type":"Polygon","coordinates":[[[59.84,-34.0],[59.84,-33.95],[59.88,-33.93],[59.88,-33.9],[59.95,-33.92],[59.95,-34.07],[59.88,-34.1],[59.88,-34.05],[59.84,-34.03],[59.84,-34.0]]]}},{"type":"Feature","properties":{"precip":10},"geometry":{"type":"Polygon","coordinates":[[[-12.65,-34.05],[-12.65,-34.02],[-12.58,-34.0],[-12.54,-34.02],[-12.54,-34.08],[-12.58,-34.1],[-12.65,-34.08],[-12.65,-34.05]]]}},{"type":"Feature","properties":{"precip":10},"geometry":{"type":"Polygon","coordinates":[[[24.57,-34.05],[24.57,-34.02],[24.6,-34.0],[24.71,-34.0],[24.75,-34.02],[24.75,-34.08],[24.71,-34.1],[24.64,-34.1],[24.57,-34.12],[24.57,-34.15],[24.53,-34.17],[24.42,-34.2],[24.31,-34.2],[24.24,-34.23],[24.24,-34.27],[24.13,-34.3],[23.95,-34.3],[23.85,-34.25],[23.85,-34.15],[23.92,-34.12],[24.03,-34.1],[24.39,-34.1],[24.49,-34.08],[24.57,-34.05]]]}},{"type":"Feature","properties":{"precip":10},"geometry":{"type":"Polygon","coordinates":[[[23.45,-34.15],[23.45,-34.12],[23.52,-34.1],[23.56,-34.13],[23.56,-34.17],[23.52,-34.18],[23.45,-34.18],[23.45,-34.15]]]}},{"type":"Feature","properties":{"precip":10},"geometry":{"type":"Polygon","coordinates":[[[28.17,-34.15],[28.17,-34.12],[28.2,-34.1],[28.24,-34.12],[28.24,-34.18],[28.2,-34.2],[28.17,-34.18],[28.17,-34.15]]]}},{"type":"Feature","properties":{"precip":10},"geometry":{"type":"Polygon","coordinates":[[[29.46,-34.15],[29.46,-34.12],[29.53,-34.12],[29.53,-34.18],[29.46,-34.18],[29.46,-34.15]]]}},{"type":"Feature","properties":{"precip":10},"geometry":{"type":"Polygon","coordinates":[[[60.34,-34.13],[60.34,-34.12],[60.42,-34.1],[60.49,-34.1],[60.52,-34.12],[60.52,-34.15],[60.56,-34.15],[60.56,-34.27],[60.49,-34.28],[60.42,-34.22],[60.38,-34.2],[60.38,-34.17],[60.34,-34.13]]]}},{"type":"Feature","properties":{"precip":10},"geometry":{"type":"Polygon","coordinates":[[[19.85,-34.25],[19.85,-34.22],[19.92,-34.2],[19.96,-34.22],[19.96,-34.28],[19.85,-34.28],[19.85,-34.25]]]}},{"type":"Feature","properties":{"precip":10},"geometry":{"type":"Polygon","coordinates":[[[21.15,-34.25],[21.15,-34.22],[21.22,-34.2],[21.26,-34.22],[21.26,-34.28],[21.15,-34.28],[21.15,-34.25]]]}},{"type":"Feature","properties":{"precip":10},"geometry":{"type":"Polygon","coordinates":[[[21.36,-34.25],[21.36,-34.2],[21.43,-34.2],[21.43,-34.3],[21.36,-34.28],[21.36,-34.25]]]}},{"type":"Feature","properties":{"precip":10},"geometry":{"type":"Polygon","coordinates":[[[27.84,-34.3],[27.84,-34.27],[27.88,-34.23],[27.88,-34.2],[27.91,-34.2],[27.95,-34.23],[27.95,-34.38],[27.88,-34.4],[27.88,-34.37],[27.84,-34.35],[27.84,-34.3]]]}},{"type":"Feature","properties":{"precip":10},"geometry":{"type":"Polygon","coordinates":[[[60.85,-34.25],[60.85,-34.22],[60.92,-34.2],[60.96,-34.22],[60.96,-34.28],[61.03,-34.3],[61.1,-34.3],[61.14,-34.33],[61.14,-34.47],[61.06,-34.5],[60.99,-34.48],[60.96,-34.45],[60.96,-34.35],[60.92,-34.33],[60.92,-34.3],[60.85,-34.28],[60.85,-34.25]]]}},{"type":"Feature","properties":{"precip":10},"geometry":{"type":"Polygon","coordinates":[[[60.24,-34.35],[60.27,-34.33],[60.27,-34.3],[60.34,-34.32],[60.34,-34.4],[60.27,-34.4],[60.27,-34.37],[60.24,-34.35]]]}},{"type":"Feature","properties":{"precip":10},"geometry":{"type":"Polygon","coordinates":[[[19.74,-34.45],[19.74,-34.42],[19.85,-34.4],[19.96,-34.42],[19.96,-34.47],[19.92,-34.47],[19.89,-34.5],[19.82,-34.5],[19.74,-34.45]]]}},{"type":"Feature","properties":{"precip":10},"geometry":{"type":"Polygon","coordinates":[[[20.07,-34.45],[20.07,-34.42],[20.14,-34.42],[20.14,-34.4],[20.25,-34.42],[20.25,-34.47],[20.18,-34.5],[20.1,-34.5],[20.07,-34.48],[20.07,-34.45]]]}},{"type":"Feature","properties":{"precip":10},"geometry":{"type":"Polygon","coordinates":[[[21.04,-34.45],[21.04,-34.42],[21.11,-34.4],[21.15,-34.42],[21.15,-34.48],[21.08,-34.5],[21.08,-34.47],[21.04,-34.45]]]}},{"type":"Feature","properties":{"precip":10},"geometry":{"type":"Polygon","coordinates":[[[21.26,-34.45],[21.26,-34.42],[21.29,-34.4],[21.36,-34.42],[21.36,-34.47],[21.33,-34.47],[21.33,-34.5],[21.26,-34.48],[21.26,-34.45]]]}},{"type":"Feature","properties":{"precip":10},"geometry":{"type":"Polygon","coordinates":[[[32.85,-34.5],[32.85,-34.43],[32.92,-34.4],[32.92,-34.42],[32.95,-34.42],[32.95,-34.57],[32.88,-34.6],[32.88,-34.57],[32.85,-34.55],[32.85,-34.5]]]}},{"type":"Feature","properties":{"precip":10},"geometry":{"type":"Polygon","coordinates":[[[32.56,-34.6],[32.56,-34.52],[32.63,-34.5],[32.63,-34.57],[32.67,-34.58],[32.67,-34.68],[32.74,-34.7],[32.81,-34.7],[32.85,-34.71],[32.85,-34.76],[32.77,-34.8],[32.7,-34.8],[32.63,-34.73],[32.63,-34.7],[32.59,-34.7],[32.56,-34.73],[32.56,-34.76],[32.52,-34.78],[32.45,-34.78],[32.45,-34.71],[32.52,-34.7],[32.56,-34.66],[32.56,-34.6]]]}},{"type":"Feature","properties":{"precip":10},"geometry":{"type":"Polygon","coordinates":[[[62.76,-34.55],[62.76,-34.5],[62.83,-34.5],[62.86,-34.53],[62.86,-34.57],[62.83,-34.6],[62.76,-34.6],[62.76,-34.55]]]}},{"type":"Feature","properties":{"precip":10},"geometry":{"type":"Polygon","coordinates":[[[-12.44,-34.65],[-12.44,-34.6],[-12.36,-34.6],[-12.36,-34.7],[-12.4,-34.7],[-12.44,-34.7],[-12.44,-34.65]]]}},{"type":"Feature","properties":{"precip":10},"geometry":{"type":"Polygon","coordinates":[[[19.71,-34.68],[19.78,-34.62],[19.85,-34.62],[19.85,-34.66],[19.89,-34.7],[19.96,-34.66],[19.96,-34.63],[20.0,-34.62],[20.07,-34.66],[20.1,-34.7],[20.14,-34.71],[20.14,-34.78],[20.1,-34.8],[20.0,-34.8],[19.96,-34.81],[19.96,-34.86],[19.92,-34.86],[19.89,-34.9],[19.74,-34.9],[19.67,-34.86],[19.67,-34.83],[19.64,-34.8],[19.67,-34.76],[19.67,-34.71],[19.71,-34.68]],[[19.85,-34.75],[19.85,-34.71],[19.82,-34.7],[19.74,-34.71],[19.74,-34.78],[19.85,-34.78],[19.85,-34.75]]]}},{"type":"Feature","properties":{"precip":10},"geometry":{"type":"Polygon","coordinates":[[[34.46,-34.75],[34.46,-34.7],[34.54,-34.7],[34.54,-34.8],[34.46,-34.8],[34.46,-34.75]]]}},{"type":"Feature","properties":{"precip":10},"geometry":{"type":"Polygon","coordinates":[[[28.24,-34.85],[28.27,-34.8],[28.35,-34.81],[28.35,-34.9],[28.27,-34.9],[28.24,-34.85]]]}},{"type":"Feature","properties":{"precip":10},"geometry":{"type":"Polygon","coordinates":[[[34.97,-34.9],[34.97,-34.8],[35.04,-34.81],[35.04,-34.85],[35.15,-34.95],[35.15,-35.03],[35.22,-35.11],[35.22,-35.15],[35.26,-35.18],[35.33,-35.18],[35.36,-35.11],[35.4,-35.1],[35.44,-35.11],[35.44,-35.21],[35.47,-35.23],[35.47,-35.26],[35.58,-35.36],[35.58,-35.4],[35.62,-35.41],[35.62,-35.46],[35.65,-35.5],[35.65,-35.63],[35.72,-35.73],[35.83,-35.79],[35.9,-35.79],[35.94,-35.81],[35.94,-35.86],[35.98,-35.86],[36.01,-35.89],[36.12,-35.89],[36.12,-35.91],[36.26,-35.98],[36.34,-36.03],[36.41,-36.11],[36.44,-36.14],[36.44,-36.18],[36.41,-36.19],[36.34,-36.19],[36.26,-36.21],[36.26,-36.28],[36.41,-36.39],[36.44,-36.37],[36.44,-36.33],[36.48,-36.29],[36.52,-36.31],[36.52,-36.37],[36.55,-36.44],[36.55,-36.92],[36.59,-36.96],[36.59,-36.99],[36.62,-36.99],[36.73,-37.04],[36.8,-37.12],[36.91,-37.19],[36.98,-37.3],[37.09,-37.39],[37.16,-37.45],[37.34,-37.54],[37.42,-37.62],[37.42,-37.65],[37.45,-37.69],[37.45,-37.77],[37.49,-37.77],[37.52,-37.8],[37.6,-37.8],[37.67,-37.85],[37.67,-37.89],[37.74,-37.9],[37.81,-37.9],[37.92,-37.95],[37.99,-38.0],[38.06,-38.05],[38.17,-38.18],[38.24,-38.25],[38.32,-38.28],[38.46,-38.35],[38.53,-38.42],[38.6,-38.5],[38.68,-38.58],[38.75,-38.62],[38.78,-38.65],[38.89,-38.7],[38.96,-38.7],[39.04,-38.73],[39.04,-38.82],[39.07,-38.88],[39.07,-38.98],[39.18,-39.06],[39.25,-39.1],[39.29,-39.1],[39.43,-39.23],[39.47,-39.28],[39.43,-39.3],[39.36,-39.3],[39.36,-39.31],[39.29,-39.31],[39.25,-39.33],[39.25,-39.36],[39.32,-39.38],[39.32,-39.4],[39.47,-39.4],[39.47,-39.41],[39.58,-39.46],[39.61,-39.5],[39.61,-39.53],[39.65,-39.56],[39.72,-39.6],[39.83,-39.61],[39.83,-39.65],[39.86,-39.68],[39.86,-39.81],[39.83,-39.83],[39.83,-39.89],[39.79,-39.89],[39.76,-39.94],[39.83,-40.01],[39.83,-40.04],[39.9,-40.11],[39.94,-40.13],[39.94,-40.18],[39.9,-40.19],[39.86,-40.26],[39.79,-40.29],[39.76,-40.29],[39.76,-40.16],[39.68,-40.11],[39.47,-40.11],[39.25,-40.06],[39.18,-39.99],[39.14,-39.94],[39.07,-39.89],[38.96,-39.81],[38.75,-39.76],[38.71,-39.7],[38.64,-39.63],[38.53,-39.61],[38.46,-39.61],[38.46,-39.66],[38.42,-39.7],[38.32,-39.7],[38.24,-39.75],[38.24,-39.78],[38.35,-39.83],[38.35,-39.88],[38.28,-39.89],[38.28,-39.86],[38.24,-39.86],[38.24,-39.83],[38.21,-39.81],[38.06,-39.78],[38.06,-39.66],[38.03,-39.61],[37.96,-39.61],[37.96,-39.63],[37.92,-39.66],[37.92,-39.7],[37.88,-39.7],[37.88,-39.61],[37.96,-39.55],[37.96,-39.53],[38.03,-39.53],[38.06,-39.55],[38.06,-39.58],[38.14,-39.63],[38.21,-39.68],[38.24,-39.66],[38.24,-39.63],[38.28,-39.61],[38.39,-39.61],[38.46,-39.58],[38.42,-39.55],[38.42,-39.51],[38.32,-39.41],[38.28,-39.36],[38.14,-39.31],[38.06,-39.31],[38.06,-39.3],[37.99,-39.3],[37.96,-39.28],[37.96,-39.23],[37.88,-39.2],[37.81,-39.18],[37.81,-39.16],[37.74,-39.13],[37.67,-39.06],[37.6,-39.01],[37.52,-38.95],[37.42,-38.9],[37.24,-38.9],[37.16,-38.87],[37.16,-38.78],[37.13,-38.77],[37.13,-38.72],[37.06,-38.7],[36.98,-38.7],[36.95,-38.67],[36.95,-38.62],[36.91,-38.6],[36.84,-38.6],[36.77,-38.57],[36.77,-38.5],[36.73,-38.48],[36.73,-38.42],[36.7,-38.4],[36.66,-38.42],[36.66,-38.47],[36.62,-38.47],[36.59,-38.5],[36.41,-38.5],[36.34,-38.45],[36.41,-38.4],[36.48,-38.4],[36.55,-38.37],[36.55,-38.33],[36.48,-38.3],[36.37,-38.3],[36.3,-38.27],[36.26,-38.27],[36.26,-38.23],[36.23,-38.18],[36.23,-38.15],[36.19,-38.1],[36.19,-38.07],[36.16,-38.04],[36.08,-38.0],[35.98,-37.97],[35.94,-37.95],[35.94,-37.82],[35.9,-37.8],[35.83,-37.8],[35.83,-37.79],[35.76,-37.77],[35.76,-37.75],[35.69,-37.7],[35.69,-37.69],[35.62,-37.62],[35.58,-37.6],[35.51,-37.6],[35.47,-37.59],[35.47,-37.55],[35.36,-37.45],[35.36,-37.37],[35.33,-37.35],[35.33,-37.32],[35.29,-37.3],[35.22,-37.3],[35.18,-37.27],[35.15,-37.27],[35.15,-37.22],[35.08,-37.19],[35.0,-37.19],[34.97,-37.17],[34.97,-37.16],[34.93,-37.16],[34.93,-37.12],[34.86,-37.11],[34.75,-37.11],[34.64,-37.06],[34.64,-37.04],[34.57,-36.97],[34.57,-36.91],[34.68,-36.82],[34.72,-36.81],[34.82,-36.81],[34.86,-36.82],[34.86,-36.89],[34.93,-36.89],[34.93,-36.82],[34.97,-36.81],[34.93,-36.77],[34.93,-36.72],[34.82,-36.69],[34.72,-36.69],[34.64,-36.66],[34.64,-36.61],[34.72,-36.59],[34.72,-36.54],[34.64,-36.42],[34.5,-36.34],[34.39,-36.31],[34.32,-36.28],[34.25,-36.26],[34.18,-36.19],[34.18,-36.09],[34.21,-36.09],[34.25,-36.13],[34.25,-36.16],[34.28,-36.19],[34.32,-36.19],[34.32,-36.16],[34.36,-36.13],[34.36,-36.04],[34.32,-36.04],[34.32,-36.01],[34.25,-35.98],[34.25,-35.83],[34.21,-35.79],[34.18,-35.79],[34.18,-35.76],[34.14,-35.74],[34.14,-35.61],[34.07,-35.59],[34.07,-35.41],[34.14,-35.4],[34.14,-35.33],[34.1,-35.3],[34.03,-35.3],[33.96,-35.33],[33.92,-35.36],[33.92,-35.4],[33.82,-35.35],[33.82,-35.3],[33.74,-35.25],[33.74,-35.23],[33.78,-35.21],[33.85,-35.21],[33.96,-35.16],[34.0,-35.11],[34.1,-35.21],[34.18,-35.21],[34.18,-35.2],[34.25,-35.15],[34.25,-35.03],[34.21,-35.0],[34.18,-35.0],[34.18,-34.96],[34.14,-34.96],[34.14,-34.95],[34.25,-34.91],[34.36,-34.91],[34.43,-34.9],[34.57,-34.9],[34.64,-34.91],[34.75,-34.91],[34.86,-34.95],[34.86,-34.98],[34.9,-35.0],[34.93,-34.98],[34.93,-34.93],[34.97,-34.9]],[[34.54,-35.43],[34.5,-35.4],[34.43,-35.4],[34.36,-35.45],[34.36,-35.59],[34.39,-35.59],[34.46,-35.54],[34.46,-35.53],[34.54,-35.48],[34.54,-35.43]],[[34.64,-36.06],[34.64,-36.03],[34.61,-36.01],[34.5,-36.01],[34.46,-36.03],[34.46,-36.08],[34.5,-36.09],[34.57,-36.09],[34.64,-36.08],[34.64,-36.06]],[[34.75,-36.94],[34.75,-36.91],[34.68,-36.89],[34.64,-36.92],[34.64,-36.97],[34.72,-37.01],[34.75,-36.99],[34.75,-36.94]],[[38.75,-39.45],[38.75,-39.41],[38.68,-39.4],[38.64,-39.43],[38.64,-39.46],[38.68,-39.5],[38.75,-39.48],[38.75,-39.45]]]}},{"type":"Feature","properties":{"precip":10},"geometry":{"type":"Polygon","coordinates":[[[59.34,-34.85],[59.37,-34.83],[59.37,-34.8],[59.44,-34.81],[59.44,-34.9],[59.37,-34.9],[59.37,-34.86],[59.34,-34.85]]]}},{"type":"Feature","properties":{"precip":10},"geometry":{"type":"Polygon","coordinates":[[[32.56,-34.96],[32.56,-34.93],[32.59,-34.91],[32.67,-34.91],[32.7,-34.9],[32.81,-34.9],[32.95,-34.93],[32.95,-34.96],[32.92,-34.96],[32.85,-35.0],[32.67,-35.0],[32.56,-34.96]]]}},{"type":"Feature","properties":{"precip":10},"geometry":{"type":"Polygon","coordinates":[[[33.06,-34.96],[33.06,-34.93],[33.13,-34.9],[33.17,-34.9],[33.24,-34.93],[33.24,-34.96],[33.21,-35.0],[33.1,-35.0],[33.06,-34.96]]]}},{"type":"Feature","properties":{"precip":10},"geometry":{"type":"Polygon","coordinates":[[[33.46,-34.96],[33.46,-34.91],[33.53,-34.9],[33.53,-34.93],[33.56,-34.93],[33.56,-34.96],[33.53,-34.96],[33.53,-35.0],[33.46,-34.98],[33.46,-34.96]]]}},{"type":"Feature","properties":{"precip":10},"geometry":{"type":"Polygon","coordinates":[[[19.64,-35.05],[19.67,-35.03],[19.67,-35.0],[19.74,-35.0],[19.74,-35.1],[19.67,-35.1],[19.67,-35.06],[19.64,-35.05]]]}},{"type":"Feature","properties":{"precip":10},"geometry":{"type":"Polygon","coordinates":[[[31.44,-35.05],[31.48,-35.0],[31.55,-35.01],[31.55,-35.08],[31.48,-35.1],[31.44,-35.05]]]}},{"type":"Feature","properties":{"precip":10},"geometry":{"type":"Polygon","coordinates":[[[59.52,-35.08],[59.52,-35.05],[59.62,-35.0],[59.66,-35.01],[59.66,-35.05],[59.62,-35.05],[59.62,-35.08],[59.59,-35.1],[59.59,-35.13],[59.55,-35.16],[59.48,-35.2],[59.48,-35.11],[59.52,-35.08]]]}},{"type":"Feature","properties":{"precip":10},"geometry":{"type":"Polygon","coordinates":[[[31.15,-35.15],[31.15,-35.13],[31.23,-35.1],[31.3,-35.1],[31.33,-35.11],[31.33,-35.2],[31.23,-35.21],[31.23,-35.2],[31.15,-35.18],[31.15,-35.15]]]}},{"type":"Feature","properties":{"precip":10},"geometry":{"type":"Polygon","coordinates":[[[33.56,-35.15],[33.56,-35.1],[33.64,-35.1],[33.64,-35.2],[33.6,-35.21],[33.56,-35.2],[33.56,-35.15]]]}},{"type":"Feature","properties":{"precip":10},"geometry":{"type":"Polygon","coordinates":[[[20.54,-35.35],[20.57,-35.33],[20.57,-35.3],[20.64,-35.31],[20.64,-35.4],[20.57,-35.4],[20.57,-35.36],[20.54,-35.35]]]}},{"type":"Feature","properties":{"precip":10},"geometry":{"type":"Polygon","coordinates":[[[75.07,-35.35],[75.07,-35.31],[75.14,-35.3],[75.25,-35.3],[75.35,-35.33],[75.35,-35.36],[75.28,-35.4],[75.1,-35.4],[75.07,-35.38],[75.07,-35.35]]]}},{"type":"Feature","properties":{"precip":10},"geometry":{"type":"Polygon","coordinates":[[[19.46,-35.46],[19.46,-35.41],[19.53,-35.4],[19.53,-35.43],[19.56,-35.43],[19.56,-35.48],[19.53,-35.48],[19.53,-35.51],[19.46,-35.5],[19.46,-35.46]]]}},{"type":"Feature","properties":{"precip":10},"geometry":{"type":"Polygon","coordinates":[[[32.05,-35.46],[32.05,-35.41],[32.13,-35.4],[32.13,-35.43],[32.16,-35.43],[32.16,-35.48],[32.13,-35.48],[32.13,-35.51],[32.05,-35.5],[32.05,-35.46]]]}},{"type":"Feature","properties":{"precip":10},"geometry":{"type":"Polygon","coordinates":[[[20.54,-35.53],[20.61,-35.51],[20.79,-35.51],[20.86,-35.54],[20.86,-35.64],[20.82,-35.66],[20.82,-35.69],[20.75,-35.69],[20.61,-35.63],[20.61,-35.59],[20.57,-35.58],[20.57,-35.54],[20.54,-35.53]]]}},{"type":"Feature","properties":{"precip":10},"geometry":{"type":"Polygon","coordinates":[[[31.05,-35.54],[31.05,-35.51],[31.08,-35.51],[31.15,-35.51],[31.15,-35.58],[31.08,-35.59],[31.05,-35.58],[31.05,-35.54]]]}},{"type":"Feature","properties":{"precip":10},"geometry":{"type":"Polygon","coordinates":[[[59.95,-35.54],[59.95,-35.51],[59.98,-35.51],[60.06,-35.51],[60.06,-35.58],[60.02,-35.59],[59.95,-35.58],[59.95,-35.54]]]}},{"type":"Feature","properties":{"precip":10},"geometry":{"type":"Polygon","coordinates":[[[19.24,-35.64],[19.28,-35.63],[19.28,-35.59],[19.35,-35.61],[19.35,-35.69],[19.31,-35.71],[19.28,-35.68],[19.24,-35.68],[19.24,-35.64]]]}},{"type":"Feature","properties":{"precip":10},"geometry":{"type":"Polygon","coordinates":[[[20.36,-35.76],[20.36,-35.73],[20.39,-35.71],[20.54,-35.71],[20.54,-35.76],[20.61,-35.79],[20.68,-35.79],[20.75,-35.83],[20.79,-35.86],[20.79,-35.89],[20.82,-35.89],[20.82,-35.84],[20.9,-35.81],[20.9,-35.79],[21.0,-35.79],[21.08,-35.84],[21.08,-35.89],[21.18,-35.81],[21.22,-35.81],[21.26,-35.86],[21.33,-35.91],[21.33,-35.96],[21.36,-35.99],[21.36,-36.04],[21.33,-36.06],[21.26,-36.09],[21.15,-36.09],[21.08,-36.11],[21.04,-36.14],[21.04,-36.18],[20.9,-36.21],[20.86,-36.23],[20.86,-36.34],[20.79,-36.39],[20.68,-36.39],[20.61,-36.41],[20.61,-36.42],[20.54,-36.46],[20.54,-36.47],[20.46,-36.54],[20.46,-36.56],[20.39,-36.59],[20.39,-36.61],[20.32,-36.61],[20.25,-36.64],[20.25,-36.77],[20.18,-36.81],[20.18,-36.77],[20.14,-36.77],[20.14,-36.71],[20.07,-36.69],[19.96,-36.72],[19.96,-36.86],[19.92,-36.87],[19.92,-36.89],[19.85,-36.89],[19.85,-36.84],[19.74,-36.81],[19.46,-36.81],[19.35,-36.84],[19.35,-36.87],[19.28,-36.89],[19.06,-36.89],[18.99,-36.92],[18.95,-36.92],[18.95,-36.97],[18.88,-36.99],[18.88,-37.01],[18.81,-36.99],[18.74,-36.96],[18.74,-36.91],[18.7,-36.89],[18.63,-36.89],[18.59,-36.87],[18.52,-36.84],[18.52,-36.81],[18.45,-36.76],[18.41,-36.71],[18.38,-36.71],[18.34,-36.77],[18.27,-36.79],[18.27,-36.72],[18.34,-36.67],[18.34,-36.62],[18.3,-36.61],[18.2,-36.61],[18.16,-36.57],[18.16,-36.42],[18.23,-36.39],[18.3,-36.39],[18.34,-36.41],[18.34,-36.46],[18.41,-36.49],[18.52,-36.51],[18.59,-36.49],[18.66,-36.46],[18.66,-36.42],[18.74,-36.39],[18.84,-36.39],[18.95,-36.42],[18.95,-36.49],[18.99,-36.51],[19.06,-36.46],[19.06,-36.36],[19.1,-36.33],[19.13,-36.31],[19.2,-36.31],[19.28,-36.36],[19.28,-36.37],[19.38,-36.34],[19.42,-36.31],[19.49,-36.21],[19.64,-36.08],[19.67,-36.04],[19.78,-36.01],[19.85,-36.03],[19.85,-36.08],[19.82,-36.08],[19.74,-36.11],[19.74,-36.16],[19.78,-36.16],[19.82,-36.19],[20.0,-36.19],[20.07,-36.14],[20.07,-36.11],[20.1,-36.09],[20.21,-36.09],[20.21,-36.06],[20.25,-36.06],[20.25,-35.94],[20.32,-35.89],[20.39,-35.89],[20.43,-35.86],[20.46,-35.86],[20.46,-35.83],[20.43,-35.79],[20.36,-35.79],[20.36,-35.76]],[[19.64,-36.26],[19.64,-36.21],[19.56,-36.21],[19.56,-36.29],[19.64,-36.31],[19.64,-36.26]]]}},{"type":"Feature","properties":{"precip":10},"geometry":{"type":"Polygon","coordinates":[[[-10.74,-35.84],[-10.74,-35.81],[-10.71,-35.79],[-10.6,-35.79],[-10.56,-35.81],[-10.56,-35.88],[-10.6,-35.89],[-10.71,-35.89],[-10.74,-35.88],[-10.74,-35.84]]]}},{"type":"Feature","properties":{"precip":10},"geometry":{"type":"Polygon","coordinates":[[[19.24,-35.94],[19.28,-35.91],[19.38,-35.89],[19.46,-35.93],[19.46,-35.98],[19.42,-35.98],[19.38,-36.01],[19.31,-35.99],[19.24,-35.96],[19.24,-35.94]]]}},{"type":"Feature","properties":{"precip":10},"geometry":{"type":"Polygon","coordinates":[[[24.75,-35.94],[24.78,-35.89],[24.82,-35.89],[24.85,-35.93],[24.85,-35.98],[24.82,-36.01],[24.75,-35.98],[24.75,-35.94]]]}},{"type":"Feature","properties":{"precip":10},"geometry":{"type":"Polygon","coordinates":[[[24.35,-36.06],[24.35,-36.03],[24.42,-36.01],[24.46,-36.03],[24.46,-36.08],[24.39,-36.09],[24.35,-36.08],[24.35,-36.06]]]}},{"type":"Feature","properties":{"precip":10},"geometry":{"type":"Polygon","coordinates":[[[60.24,-36.06],[60.27,-36.04],[60.27,-36.01],[60.34,-36.01],[60.34,-36.08],[60.27,-36.09],[60.27,-36.06],[60.24,-36.06]]]}},{"type":"Feature","properties":{"precip":10},"geometry":{"type":"Polygon","coordinates":[[[60.45,-36.06],[60.45,-36.03],[60.52,-36.01],[60.56,-36.04],[60.56,-36.06],[60.49,-36.09],[60.45,-36.08],[60.45,-36.06]]]}},{"type":"Feature","properties":{"precip":10},"geometry":{"type":"Polygon","coordinates":[[[21.94,-36.14],[21.97,-36.09],[22.05,-36.11],[22.05,-36.19],[21.97,-36.19],[21.94,-36.14]]]}},{"type":"Feature","properties":{"precip":10},"geometry":{"type":"Polygon","coordinates":[[[22.84,-36.14],[22.87,-36.09],[22.95,-36.11],[22.95,-36.19],[22.87,-36.19],[22.84,-36.14]]]}},{"type":"Feature","properties":{"precip":10},"geometry":{"type":"Polygon","coordinates":[[[13.26,-36.31],[13.26,-36.21],[13.3,-36.21],[13.44,-36.34],[13.44,-36.37],[13.41,-36.39],[13.3,-36.39],[13.26,-36.37],[13.26,-36.31]]]}},{"type":"Feature","properties":{"precip":10},"geometry":{"type":"Polygon","coordinates":[[[13.84,-36.39],[13.84,-36.34],[13.88,-36.31],[13.91,-36.31],[13.98,-36.36],[14.06,-36.46],[14.06,-36.47],[13.95,-36.51],[13.88,-36.49],[13.88,-36.46],[13.84,-36.44],[13.84,-36.39]]]}},{"type":"Feature","properties":{"precip":10},"geometry":{"type":"Polygon","coordinates":[[[14.45,-36.51],[14.45,-36.42],[14.49,-36.39],[14.52,-36.39],[14.52,-36.44],[14.56,-36.46],[14.56,-36.54],[14.52,-36.56],[14.52,-36.61],[14.45,-36.57],[14.45,-36.51]]]}},{"type":"Feature","properties":{"precip":10},"geometry":{"type":"Polygon","coordinates":[[[29.86,-36.44],[29.86,-36.41],[29.93,-36.39],[29.93,-36.42],[29.97,-36.44],[29.89,-36.51],[29.86,-36.49],[29.86,-36.44]]]}},{"type":"Feature","properties":{"precip":10},"geometry":{"type":"Polygon","coordinates":[[[30.15,-36.44],[30.18,-36.39],[30.25,-36.41],[30.25,-36.49],[30.18,-36.49],[30.15,-36.47],[30.15,-36.44]]]}},{"type":"Feature","properties":{"precip":10},"geometry":{"type":"Polygon","coordinates":[[[15.06,-36.56],[15.06,-36.51],[15.14,-36.51],[15.14,-36.61],[15.06,-36.61],[15.06,-36.56]]]}},{"type":"Feature","properties":{"precip":10},"geometry":{"type":"Polygon","coordinates":[[[17.76,-36.56],[17.76,-36.52],[17.8,-36.51],[18.02,-36.51],[18.05,-36.54],[18.05,-36.67],[18.02,-36.69],[17.94,-36.67],[17.94,-36.61],[17.91,-36.61],[17.8,-36.61],[17.76,-36.59],[17.76,-36.56]]]}},{"type":"Feature","properties":{"precip":10},"geometry":{"type":"Polygon","coordinates":[[[14.06,-36.64],[14.06,-36.61],[14.13,-36.61],[14.16,-36.62],[14.16,-36.66],[14.13,-36.69],[14.06,-36.69],[14.06,-36.64]]]}},{"type":"Feature","properties":{"precip":10},"geometry":{"type":"Polygon","coordinates":[[[15.64,-36.64],[15.68,-36.61],[15.75,-36.61],[15.75,-36.67],[15.68,-36.69],[15.64,-36.64]]]}},{"type":"Feature","properties":{"precip":10},"geometry":{"type":"Polygon","coordinates":[[[74.63,-36.64],[74.67,-36.64],[74.67,-36.61],[74.74,-36.61],[74.74,-36.69],[74.67,-36.69],[74.67,-36.66],[74.63,-36.64]]]}},{"type":"Feature","properties":{"precip":10},"geometry":{"type":"Polygon","coordinates":[[[-10.64,-36.86],[-10.64,-36.71],[-10.56,-36.71],[-10.56,-36.99],[-10.64,-36.99],[-10.64,-36.86]]]}},{"type":"Feature","properties":{"precip":10},"geometry":{"type":"Polygon","coordinates":[[[14.34,-36.76],[14.34,-36.72],[14.38,-36.69],[14.45,-36.71],[14.45,-36.79],[14.38,-36.79],[14.34,-36.76]]]}},{"type":"Feature","properties":{"precip":10},"geometry":{"type":"Polygon","coordinates":[[[14.56,-36.81],[14.56,-36.71],[14.63,-36.71],[14.63,-36.79],[14.67,-36.81],[14.63,-36.82],[14.63,-36.89],[14.56,-36.89],[14.56,-36.81]]]}},{"type":"Feature","properties":{"precip":10},"geometry":{"type":"Polygon","coordinates":[[[14.74,-36.86],[14.78,-36.81],[14.85,-36.82],[14.85,-36.89],[14.78,-36.89],[14.74,-36.86]]]}},{"type":"Feature","properties":{"precip":10},"geometry":{"type":"Polygon","coordinates":[[[14.96,-36.86],[14.96,-36.81],[15.03,-36.81],[15.06,-36.84],[15.06,-36.87],[15.03,-36.89],[14.96,-36.89],[14.96,-36.86]]]}},{"type":"Feature","properties":{"precip":10},"geometry":{"type":"Polygon","coordinates":[[[13.55,-36.92],[13.59,-36.89],[13.62,-36.89],[13.73,-36.94],[13.8,-37.01],[13.84,-37.02],[13.84,-37.11],[13.73,-37.11],[13.59,-37.01],[13.59,-36.97],[13.55,-36.96],[13.55,-36.92]]]}},{"type":"Feature","properties":{"precip":10},"geometry":{"type":"Polygon","coordinates":[[[13.95,-37.01],[13.95,-36.92],[13.98,-36.89],[14.02,-36.89],[14.02,-36.92],[14.06,-36.94],[14.06,-37.06],[14.02,-37.07],[14.02,-37.11],[13.95,-37.07],[13.95,-37.01]]]}},{"type":"Feature","properties":{"precip":10},"geometry":{"type":"Polygon","coordinates":[[[17.44,-36.94],[17.48,-36.92],[17.48,-36.89],[17.55,-36.91],[17.55,-36.99],[17.48,-37.01],[17.48,-36.97],[17.44,-36.97],[17.44,-36.94]]]}},{"type":"Feature","properties":{"precip":10},"geometry":{"type":"Polygon","coordinates":[[[11.07,-37.16],[11.07,-37.01],[11.14,-37.02],[11.14,-37.27],[11.07,-37.29],[11.07,-37.16]]]}},{"type":"Feature","properties":{"precip":10},"geometry":{"type":"Polygon","coordinates":[[[11.54,-37.16],[11.54,-37.12],[11.57,-37.07],[11.57,-37.02],[11.61,-37.01],[11.72,-37.01],[11.75,-37.02],[11.75,-37.09],[11.64,-37.14],[11.64,-37.16],[11.75,-37.21],[11.75,-37.27],[11.68,-37.3],[11.61,-37.3],[11.57,-37.29],[11.57,-37.22],[11.54,-37.19],[11.54,-37.16]]]}},{"type":"Feature","properties":{"precip":10},"geometry":{"type":"Polygon","coordinates":[[[18.56,-37.06],[18.56,-37.01],[18.63,-37.01],[18.66,-37.04],[18.66,-37.07],[18.63,-37.11],[18.56,-37.09],[18.56,-37.06]]]}},{"type":"Feature","properties":{"precip":10},"geometry":{"type":"Polygon","coordinates":[[[67.44,-37.11],[67.47,-37.07],[67.47,-37.02],[67.51,-37.01],[67.62,-37.01],[67.65,-37.04],[67.65,-37.16],[67.58,-37.19],[67.51,-37.19],[67.47,-37.17],[67.47,-37.12],[67.44,-37.11]]]}},{"type":"Feature","properties":{"precip":10},"geometry":{"type":"Polygon","coordinates":[[[72.62,-37.09],[72.62,-37.06],[72.69,-37.02],[72.69,-37.01],[72.76,-37.01],[72.76,-37.06],[72.73,-37.06],[72.73,-37.09],[72.69,-37.11],[72.69,-37.14],[72.65,-37.16],[72.58,-37.19],[72.55,-37.16],[72.58,-37.16],[72.58,-37.12],[72.62,-37.09]]]}},{"type":"Feature","properties":{"precip":10},"geometry":{"type":"Polygon","coordinates":[[[78.74,-37.06],[78.77,-37.04],[78.77,-37.01],[78.85,-37.01],[78.85,-37.09],[78.77,-37.11],[78.77,-37.07],[78.74,-37.06]]]}},{"type":"Feature","properties":{"precip":10},"geometry":{"type":"Polygon","coordinates":[[[10.56,-37.16],[10.56,-37.11],[10.64,-37.11],[10.64,-37.19],[10.56,-37.19],[10.56,-37.16]]]}},{"type":"Feature","properties":{"precip":10},"geometry":{"type":"Polygon","coordinates":[[[33.64,-37.25],[33.67,-37.21],[33.71,-37.19],[33.74,-37.21],[33.74,-37.29],[33.71,-37.3],[33.64,-37.25]]]}},{"type":"Feature","properties":{"precip":10},"geometry":{"type":"Polygon","coordinates":[[[61.75,-37.25],[61.75,-37.22],[61.78,-37.19],[61.82,-37.19],[61.86,-37.22],[61.86,-37.27],[61.82,-37.3],[61.75,-37.27],[61.75,-37.25]]]}},{"type":"Feature","properties":{"precip":10},"geometry":{"type":"Polygon","coordinates":[[[71.03,-37.25],[71.07,-37.24],[71.07,-37.21],[71.18,-37.19],[71.25,-37.22],[71.25,-37.27],[71.18,-37.29],[71.18,-37.3],[71.07,-37.29],[71.07,-37.25],[71.03,-37.25]]]}},{"type":"Feature","properties":{"precip":10},"geometry":{"type":"Polygon","coordinates":[[[71.54,-37.42],[71.54,-37.37],[71.57,-37.35],[71.57,-37.32],[71.61,-37.3],[71.68,-37.3],[71.75,-37.32],[71.75,-37.39],[71.65,-37.42],[71.65,-37.45],[71.72,-37.49],[71.72,-37.52],[71.75,-37.55],[71.75,-37.7],[71.68,-37.7],[71.68,-37.69],[71.57,-37.57],[71.57,-37.52],[71.54,-37.47],[71.54,-37.42]]]}},{"type":"Feature","properties":{"precip":10},"geometry":{"type":"Polygon","coordinates":[[[61.75,-37.44],[61.78,-37.4],[61.82,-37.4],[61.86,-37.42],[61.86,-37.47],[61.78,-37.5],[61.75,-37.47],[61.75,-37.44]]]}},{"type":"Feature","properties":{"precip":10},"geometry":{"type":"Polygon","coordinates":[[[61.96,-37.8],[61.96,-37.7],[62.0,-37.7],[62.04,-37.7],[62.04,-37.9],[61.96,-37.89],[61.96,-37.8]]]}},{"type":"Feature","properties":{"precip":10},"geometry":{"type":"Polygon","coordinates":[[[62.36,-37.8],[62.36,-37.72],[62.4,-37.7],[62.43,-37.7],[62.54,-37.74],[62.61,-37.8],[62.61,-37.84],[62.65,-37.87],[62.65,-37.94],[62.68,-37.95],[62.68,-37.99],[62.72,-38.0],[62.72,-38.04],[62.79,-38.07],[62.79,-38.1],[62.83,-38.12],[62.83,-38.18],[62.76,-38.17],[62.72,-38.13],[62.72,-38.1],[62.68,-38.07],[62.61,-38.04],[62.43,-37.99],[62.36,-38.02],[62.36,-38.07],[62.32,-38.1],[62.25,-38.07],[62.25,-37.95],[62.22,-37.94],[62.22,-37.9],[62.18,-37.87],[62.14,-37.87],[62.14,-37.84],[62.18,-37.84],[62.18,-37.8],[62.22,-37.8],[62.25,-37.84],[62.25,-37.87],[62.32,-37.9],[62.32,-37.87],[62.36,-37.84],[62.36,-37.8]],[[62.54,-37.85],[62.54,-37.8],[62.47,-37.8],[62.47,-37.9],[62.54,-37.89],[62.54,-37.85]]]}},{"type":"Feature","properties":{"precip":10},"geometry":{"type":"Polygon","coordinates":[[[62.94,-37.84],[62.97,-37.8],[63.04,-37.84],[63.04,-37.85],[63.12,-37.9],[63.12,-37.95],[63.15,-37.97],[63.12,-37.99],[63.04,-37.94],[62.97,-37.89],[62.97,-37.85],[62.94,-37.84]]]}},{"type":"Feature","properties":{"precip":10},"geometry":{"type":"Polygon","coordinates":[[[34.97,-37.95],[34.97,-37.9],[35.04,-37.92],[35.04,-37.99],[34.97,-37.99],[34.97,-37.95]]]}},{"type":"Feature","properties":{"precip":10},"geometry":{"type":"Polygon","coordinates":[[[99.14,-38.32],[99.07,-38.3],[99.04,-38.33],[99.04,-38.38],[98.97,-38.4],[98.89,-38.4],[98.86,-38.43],[98.86,-38.52],[98.82,-38.55],[98.82,-38.58],[98.71,-38.68],[98.68,-38.7],[98.61,-38.7],[98.53,-38.68],[98.5,-38.62],[98.5,-38.57],[98.46,-38.52],[98.46,-38.32],[98.53,-38.3],[98.53,-38.35],[98.53,-38.38],[98.64,-38.4],[98.75,-38.4],[98.82,-38.38],[98.82,-38.35],[98.86,-38.33],[98.86,-38.13],[98.89,-38.1],[98.93,-38.1],[98.93,-38.13],[98.97,-38.13],[98.97,-38.17],[99.04,-38.2],[99.14,-38.2],[99.14,-38.32]],[[98.64,-38.55],[98.64,-38.52],[98.61,-38.5],[98.53,-38.52],[98.53,-38.6],[98.64,-38.58],[98.64,-38.55]]]}},{"type":"Feature","properties":{"precip":10},"geometry":{"type":"Polygon","coordinates":[[[14.96,-38.15],[14.96,-38.1],[15.03,-38.1],[15.06,-38.13],[15.06,-38.17],[15.03,-38.2],[14.96,-38.2],[14.96,-38.15]]]}},{"type":"Feature","properties":{"precip":10},"geometry":{"type":"Polygon","coordinates":[[[35.36,-38.15],[35.36,-38.1],[35.44,-38.1],[35.44,-38.2],[35.36,-38.2],[35.36,-38.15]]]}},{"type":"Feature","properties":{"precip":10},"geometry":{"type":"Polygon","coordinates":[[[62.94,-38.15],[62.97,-38.13],[62.97,-38.1],[63.04,-38.1],[63.04,-38.2],[62.97,-38.2],[62.97,-38.17],[62.94,-38.15]]]}},{"type":"Feature","properties":{"precip":10},"geometry":{"type":"Polygon","coordinates":[[[63.15,-38.18],[63.15,-38.1],[63.19,-38.1],[63.3,-38.18],[63.37,-38.25],[63.44,-38.35],[63.44,-38.5],[63.4,-38.5],[63.3,-38.42],[63.22,-38.3],[63.15,-38.22],[63.15,-38.18]]]}},{"type":"Feature","properties":{"precip":10},"geometry":{"type":"Polygon","coordinates":[[[63.76,-38.2],[63.76,-38.12],[63.84,-38.1],[63.84,-38.23],[63.87,-38.25],[63.87,-38.28],[63.94,-38.3],[63.94,-38.43],[63.91,-38.47],[63.91,-38.52],[63.84,-38.55],[63.84,-38.57],[63.76,-38.58],[63.76,-38.53],[63.66,-38.5],[63.58,-38.5],[63.55,-38.47],[63.55,-38.43],[63.66,-38.4],[63.76,-38.4],[63.84,-38.38],[63.84,-38.3],[63.76,-38.28],[63.76,-38.2]]]}},{"type":"Feature","properties":{"precip":10},"geometry":{"type":"Polygon","coordinates":[[[13.26,-38.35],[13.26,-38.3],[13.34,-38.3],[13.34,-38.4],[13.26,-38.4],[13.26,-38.35]]]}},{"type":"Feature","properties":{"precip":10},"geometry":{"type":"Polygon","coordinates":[[[13.77,-38.35],[13.77,-38.32],[13.8,-38.3],[14.02,-38.3],[14.06,-38.35],[14.06,-38.63],[14.02,-38.67],[14.02,-38.7],[13.98,-38.68],[13.88,-38.58],[13.88,-38.53],[13.84,-38.52],[13.84,-38.42],[13.77,-38.4],[13.77,-38.35]]]}},{"type":"Feature","properties":{"precip":10},"geometry":{"type":"Polygon","coordinates":[[[79.85,-38.32],[79.89,-38.3],[79.93,-38.32],[79.96,-38.38],[79.96,-38.42],[80.03,-38.43],[80.03,-38.5],[79.93,-38.47],[79.89,-38.42],[79.89,-38.38],[79.85,-38.35],[79.85,-38.32]]]}},{"type":"Feature","properties":{"precip":10},"geometry":{"type":"Polygon","coordinates":[[[35.36,-38.6],[35.36,-38.52],[35.44,-38.52],[35.44,-38.98],[35.36,-39.0],[35.36,-38.88],[35.33,-38.87],[35.33,-38.8],[35.26,-38.78],[35.26,-38.73],[35.33,-38.7],[35.33,-38.63],[35.36,-38.6]]]}},{"type":"Feature","properties":{"precip":10},"geometry":{"type":"Polygon","coordinates":[[[63.55,-38.65],[63.55,-38.62],[63.58,-38.6],[63.66,-38.62],[63.66,-38.68],[63.58,-38.7],[63.55,-38.68],[63.55,-38.65]]]}},{"type":"Feature","properties":{"precip":10},"geometry":{"type":"Polygon","coordinates":[[[79.85,-38.65],[79.85,-38.62],[79.93,-38.6],[79.93,-38.63],[79.93,-38.67],[79.93,-38.7],[79.85,-38.68],[79.85,-38.65]]]}},{"type":"Feature","properties":{"precip":10},"geometry":{"type":"Polygon","coordinates":[[[35.54,-38.73],[35.58,-38.7],[35.65,-38.72],[35.65,-38.78],[35.72,-38.8],[35.8,-38.8],[35.87,-38.85],[35.83,-38.88],[35.76,-38.9],[35.65,-38.85],[35.62,-38.8],[35.58,-38.8],[35.58,-38.77],[35.54,-38.73]]]}},{"type":"Feature","properties":{"precip":10},"geometry":{"type":"Polygon","coordinates":[[[63.37,-38.82],[63.37,-38.8],[63.51,-38.8],[63.55,-38.83],[63.55,-39.0],[63.51,-39.0],[63.44,-38.96],[63.44,-38.93],[63.37,-38.87],[63.37,-38.82]]]}},{"type":"Feature","properties":{"precip":10},"geometry":{"type":"Polygon","coordinates":[[[79.71,-38.85],[79.82,-38.8],[79.96,-38.8],[80.03,-38.82],[80.03,-38.9],[80.07,-38.95],[80.03,-38.98],[80.03,-39.08],[79.96,-39.1],[79.93,-39.08],[79.93,-38.96],[79.93,-38.92],[79.89,-38.9],[79.82,-38.9],[79.71,-38.87],[79.71,-38.85]]]}},{"type":"Feature","properties":{"precip":10},"geometry":{"type":"Polygon","coordinates":[[[99.14,-39.48],[99.07,-39.5],[99.07,-39.43],[99.04,-39.4],[99.04,-39.3],[99.07,-39.26],[99.07,-39.2],[99.14,-39.18],[99.14,-39.48]]]}},{"type":"Feature","properties":{"precip":10},"geometry":{"type":"Polygon","coordinates":[[[63.94,-39.13],[63.94,-39.1],[64.02,-39.11],[64.12,-39.21],[64.12,-39.3],[64.05,-39.26],[64.02,-39.21],[63.94,-39.15],[63.94,-39.13]]]}},{"type":"Feature","properties":{"precip":10},"geometry":{"type":"Polygon","coordinates":[[[63.44,-39.25],[63.48,-39.23],[63.48,-39.2],[63.55,-39.21],[63.55,-39.3],[63.51,-39.31],[63.48,-39.28],[63.44,-39.28],[63.44,-39.25]]]}},{"type":"Feature","properties":{"precip":10},"geometry":{"type":"Polygon","coordinates":[[[80.14,-39.31],[80.14,-39.26],[80.14,-39.25],[80.14,-39.2],[80.25,-39.21],[80.25,-39.28],[80.29,-39.28],[80.36,-39.31],[80.39,-39.31],[80.39,-39.35],[80.47,-39.35],[80.36,-39.4],[80.18,-39.4],[80.14,-39.35],[80.14,-39.31]]]}},{"type":"Feature","properties":{"precip":10},"geometry":{"type":"Polygon","coordinates":[[[62.94,-39.35],[62.97,-39.35],[62.97,-39.31],[63.04,-39.31],[63.04,-39.38],[62.97,-39.4],[62.97,-39.36],[62.94,-39.35]]]}},{"type":"Feature","properties":{"precip":10},"geometry":{"type":"Polygon","coordinates":[[[64.34,-39.45],[64.38,-39.4],[64.45,-39.41],[64.45,-39.48],[64.38,-39.5],[64.34,-39.45]]]}},{"type":"Feature","properties":{"precip":10},"geometry":{"type":"Polygon","coordinates":[[[62.5,-39.58],[62.54,-39.55],[62.61,-39.51],[62.65,-39.51],[62.65,-39.65],[62.68,-39.66],[62.68,-39.71],[62.76,-39.73],[62.76,-39.78],[62.68,-39.78],[62.65,-39.76],[62.65,-39.73],[62.61,-39.7],[62.58,-39.7],[62.58,-39.75],[62.54,-39.76],[62.54,-39.79],[62.47,-39.79],[62.47,-39.65],[62.5,-39.61],[62.5,-39.58]]]}},{"type":"Feature","properties":{"precip":10},"geometry":{"type":"Polygon","coordinates":[[[80.32,-39.58],[80.36,-39.53],[80.39,-39.5],[80.47,-39.51],[80.47,-39.55],[80.39,-39.55],[80.39,-39.6],[80.36,-39.63],[80.36,-39.66],[80.29,-39.68],[80.25,-39.65],[80.32,-39.58]]]}},{"type":"Feature","properties":{"precip":10},"geometry":{"type":"Polygon","coordinates":[[[35.8,-39.66],[35.87,-39.65],[35.9,-39.61],[35.98,-39.61],[36.19,-39.61],[36.23,-39.61],[36.23,-39.65],[36.26,-39.66],[36.26,-39.75],[36.23,-39.76],[36.23,-39.79],[36.16,-39.79],[36.16,-39.73],[36.12,-39.7],[36.05,-39.7],[35.98,-39.73],[35.87,-39.83],[35.87,-39.86],[35.8,-39.89],[35.76,-39.89],[35.76,-39.75],[35.8,-39.71],[35.8,-39.66]]]}},{"type":"Feature","properties":{"precip":10},"geometry":{"type":"Polygon","coordinates":[[[37.02,-39.88],[37.06,-39.83],[37.09,-39.81],[37.16,-39.84],[37.16,-39.88],[37.24,-39.93],[37.24,-39.99],[37.13,-39.99],[37.06,-40.03],[37.06,-40.08],[37.02,-40.11],[36.95,-40.08],[36.95,-39.98],[36.98,-39.94],[36.98,-39.89],[37.02,-39.88]]]}},{"type":"Feature","properties":{"precip":10},"geometry":{"type":"Polygon","coordinates":[[[36.66,-39.94],[36.66,-39.91],[36.7,-39.89],[36.8,-39.89],[36.84,-39.91],[36.84,-39.98],[36.8,-39.99],[36.7,-39.99],[36.66,-39.98],[36.66,-39.94]]]}},{"type":"Feature","properties":{"precip":10},"geometry":{"type":"Polygon","coordinates":[[[38.46,-39.99],[38.46,-39.94],[38.53,-39.89],[38.64,-39.89],[38.78,-39.96],[38.82,-40.03],[38.93,-40.11],[38.93,-40.19],[38.82,-40.19],[38.78,-40.16],[38.75,-40.16],[38.75,-40.03],[38.71,-39.99],[38.68,-39.99],[38.68,-40.03],[38.64,-40.03],[38.64,-40.09],[38.53,-40.11],[38.46,-40.08],[38.46,-39.99]]]}},{"type":"Feature","properties":{"precip":10},"geometry":{"type":"Polygon","coordinates":[[[61.35,-39.94],[61.35,-39.91],[61.39,-39.89],[61.46,-39.91],[61.46,-39.98],[61.42,-39.99],[61.35,-39.98],[61.35,-39.94]]]}},{"type":"Feature","properties":{"precip":10},"geometry":{"type":"Polygon","coordinates":[[[61.96,-39.99],[61.96,-39.89],[62.04,-39.91],[62.11,-40.01],[62.14,-40.03],[62.14,-40.09],[62.11,-40.11],[62.04,-40.11],[61.96,-40.08],[61.96,-39.99]]]}},{"type":"Feature","properties":{"precip":10},"geometry":{"type":"Polygon","coordinates":[[[38.24,-40.11],[38.24,-40.04],[38.28,-40.03],[38.28,-39.99],[38.32,-39.99],[38.35,-40.03],[38.35,-40.16],[38.28,-40.19],[38.28,-40.16],[38.24,-40.16],[38.24,-40.11]]]}},{"type":"Feature","properties":{"precip":10},"geometry":{"type":"Polygon","coordinates":[[[39.36,-40.33],[39.36,-40.29],[39.43,-40.33],[39.5,-40.38],[39.5,-40.41],[39.54,-40.43],[39.54,-40.48],[39.47,-40.46],[39.36,-40.38],[39.36,-40.33]]]}},{"type":"Feature","properties":{"precip":10},"geometry":{"type":"Polygon","coordinates":[[[38.96,-40.44],[38.96,-40.41],[39.04,-40.41],[39.04,-40.49],[38.96,-40.49],[38.96,-40.44]]]}},{"type":"Feature","properties":{"precip":10},"geometry":{"type":"Polygon","coordinates":[[[41.74,-40.53],[41.81,-40.49],[41.88,-40.49],[41.95,-40.54],[41.95,-40.69],[41.92,-40.71],[41.88,-40.69],[41.81,-40.62],[41.77,-40.58],[41.77,-40.54],[41.74,-40.53]]]}},{"type":"Feature","properties":{"precip":10},"geometry":{"type":"Polygon","coordinates":[[[62.36,-40.54],[62.36,-40.51],[62.43,-40.49],[62.43,-40.53],[62.47,-40.54],[62.4,-40.61],[62.36,-40.59],[62.36,-40.54]]]}},{"type":"Feature","properties":{"precip":10},"geometry":{"type":"Polygon","coordinates":[[[13.12,-40.69],[13.12,-40.66],[13.19,-40.62],[13.19,-40.61],[13.26,-40.61],[13.26,-40.64],[13.23,-40.66],[13.23,-40.69],[13.16,-40.72],[13.16,-40.76],[13.08,-40.79],[13.05,-40.74],[13.12,-40.69]]]}},{"type":"Feature","properties":{"precip":10},"geometry":{"type":"Polygon","coordinates":[[[40.37,-40.74],[40.37,-40.71],[40.44,-40.71],[40.44,-40.79],[40.37,-40.79],[40.37,-40.74]]]}},{"type":"Feature","properties":{"precip":10},"geometry":{"type":"Polygon","coordinates":[[[40.55,-40.74],[40.55,-40.71],[40.58,-40.71],[40.66,-40.71],[40.66,-40.77],[40.58,-40.79],[40.55,-40.77],[40.55,-40.74]]]}},{"type":"Feature","properties":{"precip":10},"geometry":{"type":"Polygon","coordinates":[[[39.65,-40.91],[39.65,-40.84],[39.68,-40.82],[39.68,-40.79],[39.72,-40.79],[39.72,-40.82],[39.76,-40.84],[39.76,-40.96],[39.72,-40.97],[39.72,-40.99],[39.68,-40.99],[39.68,-40.97],[39.65,-40.96],[39.65,-40.91]]]}},{"type":"Feature","properties":{"precip":10},"geometry":{"type":"Polygon","coordinates":[[[40.15,-40.91],[40.15,-40.81],[40.19,-40.81],[40.26,-40.84],[40.3,-40.87],[40.3,-40.91],[40.33,-40.94],[40.33,-40.99],[40.22,-40.99],[40.15,-40.97],[40.15,-40.91]]]}},{"type":"Feature","properties":{"precip":10},"geometry":{"type":"Polygon","coordinates":[[[61.96,-40.86],[61.96,-40.81],[62.0,-40.79],[62.04,-40.81],[62.04,-40.89],[62.0,-40.91],[61.96,-40.89],[61.96,-40.86]]]}},{"type":"Feature","properties":{"precip":10},"geometry":{"type":"Polygon","coordinates":[[[40.84,-41.04],[40.84,-40.99],[40.87,-40.97],[40.87,-40.92],[40.91,-40.91],[41.09,-40.91],[41.12,-40.92],[41.12,-40.96],[41.16,-40.97],[41.16,-41.12],[41.12,-41.16],[41.12,-41.19],[41.09,-41.21],[40.91,-41.21],[40.87,-41.17],[40.87,-41.12],[40.84,-41.09],[40.84,-41.04]]]}},{"type":"Feature","properties":{"precip":10},"geometry":{"type":"Polygon","coordinates":[[[61.35,-41.04],[61.35,-41.01],[61.42,-40.99],[61.46,-41.02],[61.46,-41.07],[61.39,-41.11],[61.35,-41.09],[61.35,-41.04]]]}},{"type":"Feature","properties":{"precip":20},"geometry":{"type":"Polygon","coordinates":[[[79.71,3.79],[79.71,3.72],[79.67,3.7],[79.67,3.65],[79.64,3.64],[79.64,3.57],[79.53,3.49],[79.49,3.42],[79.46,3.37],[79.42,3.34],[79.24,3.27],[79.24,3.22],[79.1,3.2],[79.03,3.2],[78.95,3.17],[78.95,3.14],[78.85,3.1],[78.67,3.1],[78.63,3.12],[78.63,3.14],[78.59,3.19],[78.52,3.2],[78.31,3.2],[78.2,3.2],[78.13,3.2],[77.98,3.25],[77.98,3.3],[77.98,3.25],[77.91,3.22],[77.91,3.2],[77.84,3.2],[77.77,3.2],[77.62,3.2],[77.62,3.19],[77.55,3.17],[77.55,3.14],[77.48,3.1],[77.3,3.1],[77.26,3.09],[77.12,3.07],[77.12,3.02],[77.05,3.0],[76.9,3.0],[76.87,3.02],[76.87,3.1],[76.83,3.14],[76.83,3.19],[76.69,3.3],[76.69,3.35],[76.65,3.37],[76.65,3.47],[76.69,3.5],[76.79,3.5],[76.87,3.55],[76.87,3.65],[76.9,3.7],[77.01,3.78],[77.02,3.79],[76.23,3.79],[76.15,3.75],[76.15,3.65],[76.18,3.64],[76.18,3.6],[76.25,3.57],[76.25,3.47],[76.18,3.37],[76.11,3.34],[76.11,3.3],[76.04,3.27],[76.04,3.14],[76.04,3.1],[76.04,2.82],[76.0,2.8],[75.93,2.8],[75.86,2.77],[75.86,2.72],[75.79,2.69],[75.68,2.69],[75.64,2.67],[75.64,2.64],[75.57,2.61],[75.35,2.61],[75.25,2.64],[75.25,2.67],[75.21,2.69],[75.14,2.69],[75.07,2.71],[75.07,2.76],[75.03,2.76],[74.89,2.8],[74.71,2.8],[74.67,2.79],[74.56,2.77],[74.56,2.72],[74.49,2.69],[74.38,2.69],[74.35,2.67],[74.35,2.64],[74.31,2.61],[74.27,2.61],[74.27,2.64],[74.2,2.69],[74.09,2.69],[74.06,2.67],[74.06,2.64],[73.91,2.61],[73.7,2.61],[73.63,2.59],[73.55,2.59],[73.45,2.54],[73.37,2.49],[73.34,2.42],[73.27,2.42],[73.27,2.46],[73.19,2.49],[73.12,2.51],[72.98,2.51],[72.91,2.51],[72.83,2.54],[72.83,2.57],[72.8,2.59],[72.73,2.59],[72.69,2.61],[72.58,2.61],[72.47,2.57],[72.47,2.51],[72.62,2.39],[72.62,2.34],[72.65,2.32],[72.65,2.22],[72.8,2.19],[72.91,2.19],[72.98,2.17],[73.05,2.16],[73.12,2.09],[73.19,1.99],[73.3,1.91],[73.34,1.91],[73.45,1.86],[73.52,1.79],[73.52,1.76],[73.55,1.71],[73.55,1.63],[73.63,1.61],[73.7,1.61],[73.7,1.59],[73.73,1.59],[73.73,1.54],[73.77,1.54],[73.77,1.49],[73.81,1.49],[73.88,1.49],[73.88,1.48],[73.91,1.48],[73.91,1.46],[73.95,1.46],[73.95,1.44],[73.99,1.43],[74.02,1.38],[74.02,1.29],[73.99,1.28],[73.91,1.24],[73.84,1.23],[73.73,1.21],[73.59,1.19],[73.41,1.19],[73.34,1.16],[73.27,1.14],[73.19,1.11],[73.19,1.08],[73.16,1.03],[73.16,0.93],[73.12,0.93],[73.12,0.91],[73.09,0.91],[73.09,0.9],[73.05,0.9],[73.05,0.83],[73.12,0.8],[73.19,0.8],[73.23,0.81],[73.23,0.86],[73.27,0.88],[73.27,1.0],[73.34,1.0],[73.34,0.88],[73.37,0.85],[73.37,0.83],[73.41,0.81],[73.45,0.81],[73.48,0.8],[73.81,0.8],[73.88,0.78],[73.91,0.78],[73.91,0.76],[73.95,0.75],[73.95,0.63],[73.99,0.61],[73.99,0.6],[74.02,0.6],[74.02,0.61],[74.06,0.61],[74.06,0.66],[74.09,0.66],[74.09,0.68],[74.17,0.68],[74.2,0.7],[74.6,0.7],[74.63,0.68],[74.71,0.68],[74.74,0.66],[74.74,0.63],[74.78,0.61],[74.78,0.6],[74.89,0.6],[74.92,0.58],[74.96,0.58],[74.96,0.53],[74.99,0.53],[74.99,0.51],[75.03,0.51],[75.03,0.5],[75.17,0.5],[75.25,0.46],[75.25,0.43],[75.17,0.4],[75.03,0.4],[74.99,0.4],[74.96,0.4],[74.92,0.38],[74.89,0.38],[74.85,0.36],[74.85,0.35],[74.81,0.35],[74.81,0.3],[74.78,0.3],[74.78,0.35],[74.63,0.4],[74.56,0.38],[74.56,0.35],[74.53,0.33],[74.53,0.31],[74.45,0.31],[74.42,0.3],[74.24,0.3],[74.17,0.26],[74.17,0.13],[74.24,0.1],[74.63,0.1],[74.67,0.08],[74.74,0.08],[74.74,0.03],[74.63,-0.07],[74.56,-0.1],[74.53,-0.1],[74.45,-0.12],[74.45,-0.17],[74.42,-0.17],[74.42,-0.18],[74.38,-0.18],[74.35,-0.2],[74.24,-0.2],[74.2,-0.22],[74.17,-0.22],[74.17,-0.25],[74.09,-0.28],[74.09,-0.3],[73.95,-0.3],[73.91,-0.3],[73.84,-0.3],[73.73,-0.3],[73.66,-0.27],[73.66,-0.22],[73.73,-0.18],[73.73,-0.1],[73.77,-0.08],[73.77,-0.0],[73.81,-0.0],[73.81,0.02],[73.84,0.02],[73.84,0.07],[73.81,0.08],[73.81,0.1],[73.7,0.1],[73.7,0.12],[73.66,0.12],[73.66,0.17],[73.63,0.17],[73.63,0.18],[73.59,0.2],[73.48,0.2],[73.48,0.18],[73.45,0.17],[73.45,0.13],[73.37,0.1],[73.23,0.1],[73.19,0.08],[73.16,0.08],[73.12,0.07],[73.09,0.07],[73.05,0.05],[73.01,0.03],[72.98,-0.0],[72.98,-0.03],[72.94,-0.05],[72.94,-0.07],[72.98,-0.08],[72.98,-0.1],[73.01,-0.1],[73.09,-0.12],[73.16,-0.13],[73.19,-0.17],[73.19,-0.2],[73.23,-0.25],[73.23,-0.28],[73.27,-0.32],[73.27,-0.33],[73.23,-0.35],[73.23,-0.37],[73.16,-0.4],[72.91,-0.4],[72.87,-0.42],[72.83,-0.42],[72.8,-0.43],[72.76,-0.43],[72.76,-0.47],[72.73,-0.47],[72.73,-0.48],[72.65,-0.48],[72.62,-0.5],[72.51,-0.5],[72.51,-0.52],[72.47,-0.53],[72.44,-0.53],[72.44,-0.58],[72.4,-0.6],[72.37,-0.58],[72.37,-0.57],[72.33,-0.53],[72.29,-0.52],[72.19,-0.5],[71.93,-0.5],[71.86,-0.52],[71.86,-0.55],[71.83,-0.58],[71.83,-0.6],[71.72,-0.6],[71.68,-0.57],[71.65,-0.55],[71.57,-0.48],[71.57,-0.42],[71.65,-0.38],[71.65,-0.32],[71.61,-0.3],[71.54,-0.3],[71.47,-0.3],[71.47,-0.25],[71.43,-0.23],[71.43,-0.22],[71.39,-0.22],[71.39,-0.2],[71.32,-0.2],[71.29,-0.18],[71.29,-0.17],[71.25,-0.15],[71.25,-0.03],[71.29,-0.02],[71.29,-0.0],[71.32,-0.0],[71.32,0.02],[71.36,0.03],[71.36,0.05],[71.32,0.07],[71.32,0.08],[71.29,0.08],[71.25,0.1],[71.11,0.1],[71.11,0.12],[71.07,0.12],[71.07,0.13],[71.03,0.15],[71.07,0.17],[71.07,0.18],[71.11,0.18],[71.14,0.2],[71.25,0.2],[71.32,0.22],[71.39,0.22],[71.43,0.23],[71.43,0.26],[71.47,0.3],[71.47,0.48],[71.5,0.5],[71.54,0.5],[71.54,0.43],[71.57,0.43],[71.57,0.41],[71.61,0.41],[71.65,0.4],[71.86,0.4],[71.9,0.41],[71.93,0.41],[71.93,0.45],[71.97,0.46],[71.97,0.48],[72.01,0.5],[72.08,0.5],[72.08,0.51],[72.11,0.51],[72.11,0.53],[72.15,0.55],[72.15,0.68],[72.19,0.68],[72.19,0.7],[72.22,0.7],[72.22,0.68],[72.26,0.68],[72.26,0.6],[72.33,0.6],[72.33,0.65],[72.37,0.66],[72.37,0.75],[72.4,0.76],[72.4,0.8],[72.44,0.81],[72.44,0.85],[72.47,0.86],[72.47,0.9],[72.51,0.91],[72.51,0.93],[72.55,0.95],[72.55,0.96],[72.47,1.0],[72.47,1.03],[72.44,1.06],[72.44,1.09],[72.47,1.13],[72.47,1.18],[72.51,1.23],[72.55,1.26],[72.58,1.28],[72.62,1.29],[72.62,1.34],[72.65,1.38],[72.65,1.46],[72.62,1.48],[72.58,1.49],[72.47,1.49],[72.33,1.44],[72.29,1.39],[72.26,1.36],[72.26,1.34],[72.22,1.33],[72.22,1.31],[72.19,1.31],[72.19,1.33],[72.11,1.36],[72.11,1.41],[72.08,1.43],[72.04,1.46],[72.04,1.48],[72.08,1.49],[72.11,1.49],[72.19,1.49],[72.22,1.53],[72.29,1.59],[72.33,1.64],[72.33,1.78],[72.37,1.84],[72.33,1.94],[72.33,2.06],[72.29,2.12],[72.26,2.16],[72.15,2.19],[72.04,2.19],[71.97,2.22],[71.97,2.27],[71.93,2.31],[71.93,2.37],[71.83,2.41],[71.75,2.41],[71.68,2.44],[71.68,2.46],[71.61,2.49],[71.57,2.51],[71.57,2.54],[71.54,2.57],[71.47,2.59],[71.47,2.54],[71.36,2.51],[71.21,2.51],[71.14,2.46],[71.14,2.32],[71.07,2.31],[70.89,2.31],[70.85,2.32],[70.78,2.32],[70.75,2.34],[70.75,2.37],[70.6,2.41],[70.57,2.42],[70.57,2.52],[70.53,2.54],[70.53,2.59],[70.49,2.61],[70.42,2.61],[70.39,2.62],[70.31,2.67],[70.31,2.69],[70.24,2.72],[70.24,2.76],[70.14,2.8],[69.92,2.8],[69.85,2.85],[69.85,3.02],[69.88,3.05],[69.88,3.1],[69.96,3.12],[69.96,3.17],[69.88,3.2],[69.78,3.2],[69.63,3.25],[69.63,3.29],[69.56,3.34],[69.56,3.37],[69.49,3.37],[69.38,3.4],[69.34,3.44],[69.34,3.49],[69.31,3.5],[69.2,3.5],[69.16,3.52],[69.16,3.57],[69.2,3.59],[69.24,3.64],[69.34,3.68],[69.42,3.7],[69.67,3.7],[69.74,3.68],[69.74,3.64],[69.78,3.64],[69.78,3.6],[69.85,3.6],[69.88,3.57],[69.92,3.57],[69.96,3.54],[70.03,3.49],[70.06,3.42],[70.1,3.4],[70.14,3.42],[70.14,3.45],[70.24,3.5],[70.35,3.5],[70.42,3.47],[70.46,3.47],[70.46,3.44],[70.49,3.4],[70.53,3.4],[70.53,3.44],[70.6,3.5],[70.67,3.5],[70.75,3.47],[70.75,3.42],[70.78,3.4],[70.89,3.4],[70.96,3.44],[70.96,3.49],[71.03,3.49],[71.03,3.44],[71.14,3.39],[71.21,3.39],[71.25,3.37],[71.25,3.34],[71.32,3.3],[71.47,3.3],[71.54,3.27],[71.54,3.24],[71.57,3.2],[71.65,3.2],[71.72,3.2],[71.75,3.17],[71.75,3.12],[71.79,3.1],[71.9,3.1],[71.93,3.12],[71.93,3.14],[72.01,3.2],[72.11,3.2],[72.15,3.2],[72.22,3.2],[72.26,3.24],[72.26,3.27],[72.29,3.29],[72.37,3.24],[72.44,3.19],[72.47,3.14],[72.62,3.1],[72.73,3.1],[72.76,3.14],[72.76,3.19],[72.83,3.2],[72.94,3.2],[73.01,3.2],[73.05,3.22],[73.05,3.25],[73.12,3.29],[73.19,3.3],[73.41,3.3],[73.48,3.29],[73.55,3.25],[73.59,3.22],[73.66,3.2],[73.77,3.2],[73.84,3.2],[74.09,3.2],[74.24,3.17],[74.24,3.14],[74.31,3.1],[74.38,3.1],[74.45,3.14],[74.45,3.24],[74.38,3.3],[74.2,3.3],[74.17,3.32],[74.17,3.37],[74.13,3.37],[74.13,3.39],[74.06,3.39],[73.95,3.44],[73.95,3.47],[73.81,3.57],[73.73,3.59],[73.66,3.59],[73.59,3.6],[73.3,3.6],[73.27,3.62],[73.19,3.62],[73.16,3.64],[73.16,3.67],[73.12,3.7],[73.01,3.7],[72.94,3.72],[72.94,3.77],[72.87,3.78],[72.87,3.79],[72.55,3.79],[72.55,3.73],[72.44,3.72],[72.33,3.72],[72.15,3.7],[71.29,3.7],[71.11,3.72],[71.0,3.72],[70.89,3.72],[70.82,3.72],[70.75,3.75],[70.75,3.77],[70.7,3.79],[79.71,3.79]],[[72.83,1.09],[72.83,1.18],[72.8,1.19],[72.58,1.19],[72.55,1.18],[72.55,1.16],[72.58,1.13],[72.58,1.09],[72.69,1.01],[72.73,1.0],[72.76,1.0],[72.83,1.03],[72.83,1.09]],[[72.76,0.85],[72.76,0.86],[72.73,0.88],[72.73,0.9],[72.69,0.9],[72.65,0.91],[72.62,0.91],[72.62,0.9],[72.58,0.9],[72.58,0.88],[72.55,0.88],[72.55,0.83],[72.62,0.8],[72.69,0.8],[72.69,0.81],[72.73,0.81],[72.73,0.83],[72.76,0.85]],[[72.94,0.85],[72.94,0.9],[72.91,0.9],[72.91,0.91],[72.87,0.9],[72.87,0.86],[72.83,0.85],[72.87,0.85],[72.87,0.8],[72.91,0.8],[72.94,0.81],[72.94,0.85]],[[72.55,0.75],[72.55,0.78],[72.51,0.8],[72.47,0.8],[72.47,0.78],[72.44,0.76],[72.44,0.73],[72.47,0.73],[72.47,0.7],[72.51,0.7],[72.51,0.71],[72.55,0.71],[72.55,0.75]],[[74.06,0.25],[74.06,0.26],[73.99,0.3],[73.91,0.3],[73.84,0.26],[73.84,0.23],[73.88,0.23],[73.88,0.22],[73.91,0.22],[73.95,0.2],[73.99,0.22],[74.02,0.22],[74.02,0.23],[74.06,0.23],[74.06,0.25]]]}},{"type":"Feature","properties":{"precip":20},"geometry":{"type":"Polygon","coordinates":[[[84.81,3.79],[84.68,3.68],[84.68,3.64],[84.64,3.62],[84.64,3.55],[84.57,3.49],[84.57,3.45],[84.46,3.39],[84.46,3.35],[84.39,3.29],[84.39,3.2],[84.42,3.2],[84.42,3.1],[84.46,3.07],[84.46,2.92],[84.42,2.89],[84.42,2.8],[84.35,2.72],[84.42,2.69],[84.42,2.67],[84.46,2.64],[84.46,2.56],[84.42,2.51],[84.35,2.46],[84.35,2.36],[84.39,2.31],[84.39,2.22],[84.42,2.16],[84.46,2.12],[84.57,2.02],[84.6,2.02],[84.68,2.06],[84.68,2.09],[84.78,2.16],[84.89,2.21],[84.93,2.16],[84.89,2.16],[84.89,2.12],[84.86,2.06],[84.78,2.01],[84.71,1.99],[84.68,1.99],[84.64,1.97],[84.64,1.91],[84.57,1.91],[84.46,1.91],[84.42,1.89],[84.35,1.86],[84.35,1.79],[84.28,1.74],[84.28,1.71],[84.21,1.63],[84.17,1.61],[84.06,1.61],[84.06,1.59],[84.03,1.59],[84.03,1.54],[83.99,1.49],[83.96,1.49],[83.92,1.49],[83.74,1.49],[83.63,1.53],[83.63,1.68],[83.7,1.69],[83.7,1.71],[83.81,1.81],[83.81,1.84],[83.81,1.89],[83.81,2.16],[83.81,2.19],[83.74,2.22],[83.74,2.31],[83.78,2.32],[83.78,2.37],[83.81,2.46],[83.92,2.51],[83.92,2.54],[83.96,2.56],[83.96,2.66],[84.03,2.71],[84.03,2.72],[84.06,2.79],[84.14,2.84],[84.14,2.92],[84.17,2.95],[84.17,3.0],[84.24,3.02],[84.24,3.07],[84.21,3.07],[84.14,3.1],[83.99,3.1],[83.96,3.12],[83.96,3.14],[83.99,3.19],[83.99,3.2],[84.14,3.3],[84.21,3.3],[84.24,3.34],[84.24,3.45],[84.24,3.47],[84.24,3.5],[84.28,3.5],[84.35,3.54],[84.35,3.67],[84.42,3.72],[84.42,3.75],[84.46,3.78],[84.46,3.79],[84.81,3.79]]]}},{"type":"Feature","properties":{"precip":20},"geometry":{"type":"Polygon","coordinates":[[[20.04,3.79],[20.0,3.77],[19.96,3.77],[19.96,3.73],[19.92,3.72],[19.85,3.72],[19.78,3.7],[19.71,3.72],[19.64,3.75],[19.64,3.78],[19.62,3.79],[18.3,3.79],[18.27,3.77],[18.23,3.72],[18.2,3.72],[18.16,3.72],[18.16,3.75],[18.1,3.79],[18.09,3.79],[18.09,3.77],[18.05,3.73],[17.94,3.7],[17.87,3.72],[17.84,3.75],[17.84,3.78],[17.82,3.79],[17.19,3.79],[17.19,3.77],[17.15,3.73],[17.08,3.72],[17.08,3.73],[17.04,3.77],[17.0,3.79],[20.04,3.79]]]}},{"type":"Feature","properties":{"precip":20},"geometry":{"type":"Polygon","coordinates":[[[9.9,3.79],[9.95,3.75],[9.95,3.55],[9.92,3.52],[9.84,3.5],[9.59,3.5],[9.56,3.49],[9.48,3.49],[9.48,3.47],[9.41,3.4],[9.34,3.4],[9.3,3.39],[9.27,3.4],[9.2,3.4],[9.16,3.44],[9.16,3.79],[9.9,3.79]]]}},{"type":"Feature","properties":{"precip":20},"geometry":{"type":"Polygon","coordinates":[[[99.14,3.79],[99.14,3.67],[99.07,3.7],[99.04,3.67],[99.04,3.62],[98.97,3.6],[98.97,3.62],[98.97,3.65],[98.89,3.7],[98.86,3.68],[98.86,3.64],[98.82,3.6],[98.75,3.62],[98.75,3.72],[98.79,3.79],[99.14,3.79]]]}},{"type":"Feature","properties":{"precip":20},"geometry":{"type":"Polygon","coordinates":[[[96.05,3.79],[96.05,3.64],[96.01,3.6],[95.8,3.6],[95.73,3.59],[95.65,3.57],[95.65,3.54],[95.58,3.5],[95.51,3.5],[95.4,3.54],[95.29,3.59],[95.29,3.62],[95.26,3.65],[95.26,3.77],[95.22,3.77],[95.22,3.79],[96.05,3.79]]]}},{"type":"Feature","properties":{"precip":20},"geometry":{"type":"Polygon","coordinates":[[[63.12,2.19],[63.15,2.22],[63.15,2.37],[63.19,2.37],[63.19,2.41],[63.26,2.37],[63.26,2.32],[63.3,2.31],[63.33,2.32],[63.33,2.39],[63.37,2.42],[63.37,2.57],[63.44,2.61],[63.51,2.61],[63.62,2.57],[63.62,2.56],[63.69,2.52],[63.69,2.51],[63.73,2.49],[63.73,2.46],[63.84,2.41],[63.91,2.41],[63.94,2.39],[64.05,2.36],[64.05,2.27],[64.09,2.24],[64.09,2.19],[64.2,2.11],[64.27,2.16],[64.27,2.17],[64.3,2.19],[64.34,2.17],[64.34,2.16],[64.41,2.12],[64.48,2.12],[64.56,2.11],[65.17,2.11],[65.28,2.09],[65.42,2.06],[65.46,2.04],[65.53,1.97],[65.6,1.91],[65.6,1.88],[65.64,1.86],[65.64,1.81],[65.56,1.81],[65.56,1.73],[65.64,1.69],[65.71,1.69],[65.71,1.68],[65.74,1.68],[65.74,1.56],[65.78,1.53],[65.85,1.49],[65.89,1.49],[65.96,1.53],[65.96,1.56],[66.0,1.58],[66.0,1.61],[66.03,1.59],[66.03,1.54],[66.07,1.54],[66.14,1.49],[66.18,1.49],[66.21,1.49],[66.54,1.49],[66.57,1.48],[66.61,1.48],[66.64,1.46],[66.64,1.44],[66.61,1.44],[66.57,1.43],[66.54,1.43],[66.46,1.41],[66.25,1.41],[66.14,1.39],[66.03,1.39],[65.92,1.38],[65.85,1.34],[65.85,1.29],[65.92,1.28],[65.96,1.28],[65.96,1.24],[65.89,1.21],[65.89,1.19],[65.85,1.18],[65.85,1.03],[65.82,1.01],[65.82,1.0],[65.78,1.0],[65.78,0.96],[65.74,0.95],[65.74,0.83],[65.71,0.81],[65.67,0.81],[65.64,0.8],[65.46,0.8],[65.42,0.78],[65.35,0.78],[65.35,0.75],[65.38,0.71],[65.42,0.66],[65.49,0.61],[65.53,0.58],[65.6,0.53],[65.67,0.5],[65.71,0.5],[65.71,0.48],[65.74,0.46],[65.74,-0.07],[65.78,-0.12],[65.78,-0.18],[65.82,-0.2],[65.82,-0.27],[65.78,-0.32],[65.74,-0.37],[65.67,-0.42],[65.64,-0.47],[65.53,-0.5],[65.49,-0.5],[65.49,-0.52],[65.46,-0.52],[65.46,-0.58],[65.49,-0.58],[65.49,-0.6],[65.56,-0.6],[65.64,-0.63],[65.64,-0.7],[65.56,-0.73],[65.56,-0.78],[65.6,-0.78],[65.6,-0.81],[65.64,-0.83],[65.64,-1.1],[65.6,-1.1],[65.6,-1.11],[65.56,-1.13],[65.56,-1.33],[65.53,-1.36],[65.53,-1.45],[65.49,-1.48],[65.49,-1.51],[65.35,-1.64],[65.35,-1.66],[65.28,-1.68],[65.28,-1.66],[65.24,-1.63],[65.24,-1.61],[65.2,-1.59],[65.2,-1.61],[65.17,-1.63],[65.17,-1.73],[65.13,-1.78],[65.13,-1.86],[65.06,-1.91],[64.99,-2.03],[64.88,-2.08],[64.84,-2.06],[64.84,-2.04],[64.95,-1.99],[64.95,-1.93],[64.92,-1.89],[64.84,-1.89],[64.81,-1.88],[64.66,-1.76],[64.66,-1.64],[64.63,-1.64],[64.63,-1.59],[64.59,-1.59],[64.59,-1.61],[64.56,-1.61],[64.56,-1.68],[64.52,-1.68],[64.52,-1.69],[64.48,-1.69],[64.41,-1.69],[64.38,-1.69],[64.38,-1.68],[64.34,-1.66],[64.34,-1.63],[64.3,-1.61],[64.27,-1.61],[64.23,-1.59],[64.12,-1.59],[64.05,-1.56],[64.05,-1.53],[64.02,-1.51],[63.98,-1.51],[63.84,-1.51],[63.8,-1.49],[63.73,-1.49],[63.66,-1.46],[63.66,-1.43],[63.69,-1.4],[63.73,-1.38],[63.73,-1.36],[63.76,-1.35],[63.73,-1.35],[63.73,-1.33],[63.66,-1.26],[63.66,-1.05],[63.69,-1.01],[63.69,-1.0],[63.73,-1.0],[63.73,-0.98],[63.76,-0.95],[63.76,-0.91],[63.73,-0.88],[63.73,-0.83],[63.69,-0.81],[63.69,-0.78],[63.66,-0.76],[63.66,-0.75],[63.58,-0.71],[63.55,-0.71],[63.55,-0.7],[63.44,-0.7],[63.37,-0.66],[63.37,-0.65],[63.33,-0.65],[63.33,-0.61],[63.3,-0.61],[63.26,-0.6],[63.19,-0.6],[63.19,-0.58],[63.15,-0.58],[63.15,-0.53],[63.12,-0.53],[63.12,-0.52],[63.08,-0.52],[63.04,-0.5],[62.79,-0.5],[62.76,-0.48],[62.68,-0.48],[62.65,-0.47],[62.65,-0.45],[62.68,-0.43],[62.68,-0.42],[62.76,-0.35],[62.76,-0.32],[62.79,-0.3],[62.86,-0.25],[62.9,-0.2],[62.94,-0.17],[62.94,-0.12],[62.9,-0.1],[62.79,-0.1],[62.79,-0.08],[62.76,-0.07],[62.76,0.13],[62.72,0.17],[62.72,0.2],[62.68,0.2],[62.68,0.18],[62.65,0.17],[62.65,0.03],[62.61,0.02],[62.61,-0.0],[62.58,-0.0],[62.58,-0.03],[62.54,-0.05],[62.54,-0.15],[62.5,-0.18],[62.5,-0.22],[62.47,-0.23],[62.43,-0.27],[62.43,-0.28],[62.4,-0.3],[62.36,-0.28],[62.36,-0.25],[62.32,-0.23],[62.32,-0.2],[62.29,-0.2],[62.29,-0.22],[62.25,-0.23],[62.25,-0.25],[62.22,-0.27],[62.22,-0.3],[62.18,-0.3],[62.18,-0.27],[62.14,-0.22],[62.14,-0.2],[62.11,-0.2],[62.11,-0.22],[62.07,-0.23],[62.07,-0.33],[62.04,-0.4],[62.04,-0.58],[62.0,-0.6],[61.93,-0.6],[61.89,-0.61],[61.89,-0.63],[61.86,-0.65],[61.86,-0.76],[61.89,-0.78],[61.89,-0.8],[61.93,-0.8],[61.96,-0.81],[62.0,-0.81],[62.04,-0.81],[62.04,-0.93],[62.07,-0.95],[62.07,-0.98],[62.14,-1.0],[62.22,-1.0],[62.22,-1.01],[62.25,-1.01],[62.25,-1.08],[62.29,-1.08],[62.29,-1.1],[62.4,-1.1],[62.4,-1.08],[62.43,-1.08],[62.43,-1.01],[62.47,-1.0],[62.47,-0.93],[62.5,-0.91],[62.58,-0.91],[62.61,-0.9],[63.01,-0.9],[63.08,-0.91],[63.15,-0.91],[63.3,-0.98],[63.3,-1.0],[63.33,-1.03],[63.33,-1.1],[63.22,-1.1],[63.22,-1.11],[63.19,-1.11],[63.15,-1.13],[63.15,-1.16],[63.08,-1.2],[63.01,-1.2],[62.97,-1.21],[62.97,-1.23],[62.94,-1.25],[62.94,-1.26],[62.97,-1.26],[62.97,-1.3],[63.04,-1.3],[63.08,-1.31],[63.12,-1.31],[63.15,-1.33],[63.15,-1.38],[63.08,-1.41],[63.08,-1.49],[63.12,-1.51],[63.15,-1.53],[63.15,-1.56],[63.19,-1.58],[63.19,-1.61],[63.22,-1.63],[63.22,-1.66],[63.26,-1.68],[63.26,-1.76],[63.3,-1.79],[63.4,-1.79],[63.44,-1.78],[63.44,-1.73],[63.48,-1.71],[63.48,-1.69],[63.51,-1.69],[63.51,-1.73],[63.55,-1.74],[63.55,-1.93],[63.58,-1.96],[63.58,-2.01],[63.62,-2.01],[63.66,-2.04],[63.62,-2.06],[63.62,-2.09],[63.58,-2.11],[63.55,-2.16],[63.44,-2.21],[63.37,-2.18],[63.37,-2.08],[63.33,-2.06],[63.33,-2.01],[63.26,-1.99],[63.26,-1.86],[63.22,-1.84],[63.22,-1.81],[63.15,-1.79],[63.08,-1.79],[63.04,-1.76],[63.04,-1.69],[62.97,-1.69],[62.97,-1.74],[62.94,-1.76],[62.94,-1.88],[62.86,-1.93],[62.86,-1.96],[62.79,-1.98],[62.72,-2.01],[62.72,-1.99],[62.65,-1.98],[62.65,-1.93],[62.58,-1.89],[62.43,-1.89],[62.43,-1.88],[62.36,-1.88],[62.36,-1.84],[62.29,-1.81],[62.18,-1.81],[62.14,-1.79],[62.04,-1.79],[61.96,-1.76],[61.96,-1.74],[61.93,-1.71],[61.89,-1.71],[61.89,-1.69],[61.75,-1.69],[61.64,-1.66],[61.64,-1.63],[61.6,-1.63],[61.6,-1.61],[61.53,-1.61],[61.5,-1.59],[61.35,-1.59],[61.32,-1.58],[61.28,-1.58],[61.28,-1.56],[61.24,-1.56],[61.24,-1.51],[61.17,-1.51],[61.17,-1.56],[61.14,-1.58],[61.14,-1.68],[61.06,-1.69],[61.03,-1.69],[60.96,-1.73],[60.96,-1.78],[61.03,-1.81],[61.03,-1.88],[60.99,-1.89],[60.96,-1.96],[60.85,-2.04],[60.81,-2.11],[60.74,-2.21],[60.74,-2.24],[60.81,-2.29],[60.92,-2.31],[60.92,-2.34],[60.96,-2.36],[60.96,-2.46],[60.92,-2.47],[60.92,-2.51],[60.88,-2.51],[60.88,-2.57],[60.85,-2.61],[60.85,-2.89],[60.88,-2.92],[60.88,-3.01],[60.92,-3.01],[60.92,-3.06],[60.96,-3.07],[60.96,-3.24],[60.92,-3.27],[60.92,-3.29],[60.88,-3.29],[60.85,-3.32],[60.85,-3.37],[60.92,-3.4],[60.99,-3.4],[61.03,-3.42],[61.03,-3.45],[61.06,-3.47],[61.06,-3.5],[61.03,-3.54],[61.03,-3.57],[60.96,-3.6],[60.88,-3.6],[60.85,-3.57],[60.85,-3.54],[60.81,-3.5],[60.78,-3.5],[60.78,-3.54],[60.74,-3.57],[60.67,-3.6],[60.67,-3.52],[60.7,-3.52],[60.7,-3.49],[60.74,-3.45],[60.74,-3.29],[60.67,-3.17],[60.63,-3.12],[60.49,-3.01],[60.45,-3.02],[60.45,-3.27],[60.52,-3.3],[60.52,-3.37],[60.56,-3.39],[60.56,-3.5],[60.52,-3.54],[60.52,-3.6],[60.45,-3.57],[60.45,-3.44],[60.38,-3.4],[60.24,-3.4],[60.13,-3.44],[60.13,-3.49],[60.06,-3.45],[60.06,-3.44],[59.98,-3.42],[59.91,-3.4],[59.77,-3.4],[59.66,-3.37],[59.66,-3.32],[59.62,-3.27],[59.62,-3.24],[59.59,-3.17],[59.52,-3.12],[59.48,-3.09],[59.37,-3.01],[59.34,-3.01],[59.26,-2.97],[59.26,-2.86],[59.23,-2.81],[59.19,-2.81],[59.12,-2.87],[59.05,-2.94],[59.05,-2.96],[58.98,-2.99],[58.98,-2.94],[58.87,-2.91],[58.8,-2.91],[58.76,-2.89],[58.76,-2.84],[58.72,-2.81],[58.65,-2.79],[58.58,-2.79],[58.47,-2.76],[58.4,-2.71],[58.36,-2.66],[58.36,-2.56],[58.33,-2.54],[58.33,-2.51],[58.26,-2.49],[58.26,-2.39],[58.18,-2.28],[58.15,-2.23],[58.04,-2.14],[57.9,-2.08],[57.79,-1.99],[57.79,-1.96],[57.75,-1.91],[57.75,-1.83],[57.72,-1.79],[57.65,-1.76],[57.65,-1.63],[57.57,-1.59],[57.54,-1.59],[57.54,-1.58],[57.5,-1.58],[57.47,-1.54],[57.43,-1.53],[57.43,-1.51],[57.32,-1.41],[57.29,-1.4],[57.21,-1.35],[57.21,-1.33],[57.18,-1.31],[57.14,-1.31],[57.14,-1.3],[57.07,-1.3],[57.07,-1.2],[57.11,-1.2],[57.11,-1.18],[57.14,-1.16],[57.14,-0.88],[57.18,-0.85],[57.18,-0.81],[57.29,-0.81],[57.36,-0.8],[57.39,-0.8],[57.43,-0.78],[57.43,-0.75],[57.47,-0.73],[57.47,-0.63],[57.5,-0.61],[57.54,-0.61],[57.57,-0.6],[57.68,-0.6],[57.75,-0.57],[57.75,-0.53],[57.83,-0.5],[57.93,-0.5],[57.97,-0.48],[58.0,-0.48],[58.04,-0.47],[58.04,-0.45],[58.15,-0.4],[58.26,-0.4],[58.36,-0.45],[58.36,-0.48],[58.4,-0.5],[58.44,-0.48],[58.44,-0.15],[58.4,-0.12],[58.4,-0.08],[58.36,-0.08],[58.36,-0.02],[58.44,0.02],[58.44,0.07],[58.36,0.1],[58.36,0.23],[58.4,0.26],[58.4,0.3],[58.51,0.3],[58.51,0.26],[58.54,0.25],[58.54,0.15],[58.58,0.13],[58.58,0.1],[58.62,0.1],[58.62,0.13],[58.65,0.15],[58.65,0.35],[58.62,0.38],[58.62,0.4],[58.58,0.4],[58.54,0.4],[58.51,0.4],[58.47,0.41],[58.47,0.43],[58.44,0.43],[58.44,0.48],[58.4,0.5],[58.36,0.5],[58.26,0.55],[58.18,0.6],[58.18,0.65],[58.15,0.68],[58.15,0.76],[58.11,0.76],[58.11,0.8],[58.04,0.8],[58.0,0.81],[57.9,0.91],[57.86,0.95],[57.86,1.05],[57.83,1.06],[57.83,1.09],[57.79,1.09],[57.75,1.09],[57.54,1.09],[57.47,1.13],[57.47,1.46],[57.43,1.49],[57.43,1.59],[57.39,1.61],[57.39,1.63],[57.36,1.63],[57.36,1.89],[57.32,1.91],[57.32,1.97],[57.29,2.01],[57.25,2.06],[57.14,2.11],[57.07,2.09],[57.07,2.04],[57.03,2.04],[57.03,2.01],[57.0,1.99],[56.89,1.99],[56.85,1.97],[56.85,1.91],[56.78,1.91],[56.78,1.94],[56.75,1.96],[56.75,2.14],[56.67,2.24],[56.6,2.29],[56.57,2.29],[56.57,2.24],[56.46,2.19],[56.39,2.21],[56.35,2.26],[56.35,2.46],[56.31,2.47],[56.31,2.51],[56.28,2.51],[56.28,2.54],[56.24,2.56],[56.24,2.69],[56.21,2.69],[56.13,2.66],[56.13,2.62],[56.06,2.54],[56.06,2.42],[56.03,2.41],[55.99,2.42],[55.88,2.51],[55.88,2.56],[55.85,2.59],[55.85,2.67],[55.77,2.71],[55.77,2.82],[55.74,2.85],[55.74,3.09],[55.67,3.1],[55.67,3.29],[55.74,3.3],[55.74,3.42],[55.77,3.44],[55.77,3.5],[55.81,3.5],[55.85,3.55],[55.85,3.75],[55.8,3.79],[56.24,3.79],[56.24,3.44],[56.28,3.39],[56.28,3.3],[56.31,3.32],[56.39,3.37],[56.42,3.44],[56.49,3.49],[56.53,3.55],[56.53,3.59],[56.57,3.62],[56.57,3.7],[56.64,3.72],[56.64,3.79],[57.41,3.79],[57.43,3.77],[57.43,3.75],[57.54,3.72],[57.61,3.7],[57.79,3.7],[57.83,3.68],[57.83,3.65],[57.86,3.62],[57.86,3.39],[57.9,3.34],[57.9,3.29],[57.97,3.22],[58.08,3.2],[58.15,3.2],[58.15,3.14],[58.0,3.02],[58.0,2.99],[57.97,2.95],[57.97,2.72],[58.04,2.69],[58.15,2.71],[58.22,2.72],[58.29,2.79],[58.36,2.89],[58.36,2.94],[58.29,3.02],[58.26,3.02],[58.26,3.05],[58.33,3.1],[58.33,3.14],[58.36,3.19],[58.44,3.24],[58.44,3.3],[58.47,3.34],[58.51,3.39],[58.58,3.49],[58.72,3.57],[58.83,3.6],[58.94,3.57],[58.94,3.45],[59.01,3.39],[59.08,3.39],[59.12,3.37],[59.23,3.29],[59.23,3.2],[59.19,3.2],[59.19,3.19],[59.16,3.17],[59.16,3.04],[59.12,3.02],[59.12,3.0],[59.05,2.97],[59.05,2.94],[59.16,2.85],[59.26,2.8],[59.37,2.8],[59.44,2.77],[59.48,2.72],[59.48,2.71],[59.55,2.72],[59.55,2.77],[59.62,2.8],[59.62,2.76],[59.7,2.72],[59.84,2.69],[59.91,2.69],[59.98,2.71],[60.06,2.76],[60.16,2.8],[60.34,2.8],[60.45,2.76],[60.45,2.67],[60.49,2.66],[60.49,2.61],[60.52,2.59],[60.52,2.56],[60.6,2.51],[60.63,2.52],[60.78,2.66],[60.85,2.67],[60.96,2.69],[61.03,2.69],[61.1,2.67],[61.24,2.57],[61.24,2.47],[61.28,2.42],[61.35,2.36],[61.35,2.32],[61.42,2.32],[61.46,2.34],[61.46,2.37],[61.53,2.39],[61.64,2.44],[61.71,2.51],[61.71,2.52],[61.75,2.54],[61.75,2.59],[61.68,2.61],[61.57,2.59],[61.57,2.54],[61.53,2.52],[61.53,2.51],[61.46,2.51],[61.46,2.67],[61.57,2.76],[61.57,2.77],[61.68,2.8],[61.78,2.8],[61.86,2.84],[61.86,2.87],[61.96,2.9],[62.04,2.85],[62.04,2.24],[62.07,2.12],[62.07,1.94],[62.11,1.91],[62.22,1.91],[62.25,1.91],[62.25,1.97],[62.14,2.02],[62.14,2.12],[62.18,2.16],[62.18,2.19],[62.29,2.29],[62.36,2.27],[62.36,2.12],[62.4,2.11],[62.47,2.11],[62.54,2.09],[62.54,2.06],[62.58,2.04],[62.58,2.01],[62.61,1.99],[62.61,2.02],[62.65,2.04],[62.65,2.07],[62.72,2.09],[62.79,2.12],[62.94,2.24],[62.94,2.32],[62.97,2.34],[62.97,2.39],[63.04,2.37],[63.04,2.24],[63.08,2.22],[63.08,2.19],[63.12,2.19]],[[64.05,2.16],[64.05,2.17],[63.98,2.19],[63.94,2.17],[63.94,2.12],[63.98,2.11],[64.05,2.12],[64.05,2.16]],[[64.66,1.96],[64.59,1.99],[64.48,1.99],[64.45,1.97],[64.45,1.94],[64.48,1.91],[64.59,1.91],[64.66,1.96]],[[61.75,1.66],[61.75,1.69],[61.6,1.69],[61.6,1.68],[61.57,1.68],[61.57,1.49],[61.64,1.53],[61.64,1.54],[61.71,1.61],[61.71,1.63],[61.75,1.64],[61.75,1.66]],[[58.15,1.05],[58.15,1.14],[58.11,1.18],[58.11,1.19],[58.08,1.19],[58.08,1.13],[58.04,1.09],[58.04,1.0],[58.08,0.96],[58.08,0.91],[58.11,0.91],[58.11,0.93],[58.15,0.95],[58.15,1.05]],[[59.44,1.0],[59.44,1.09],[59.41,1.09],[59.37,1.09],[59.37,1.08],[59.34,1.06],[59.34,1.01],[59.3,1.01],[59.3,1.0],[59.23,1.0],[59.19,0.98],[59.08,0.9],[59.08,0.8],[59.12,0.8],[59.12,0.76],[59.16,0.75],[59.16,0.63],[59.19,0.61],[59.19,0.6],[59.26,0.6],[59.26,0.58],[59.3,0.56],[59.34,0.55],[59.37,0.51],[59.41,0.46],[59.48,0.43],[59.52,0.4],[59.55,0.33],[59.62,0.28],[59.66,0.25],[59.7,0.23],[59.73,0.23],[59.77,0.25],[59.77,0.28],[59.8,0.3],[59.8,0.28],[59.84,0.28],[59.84,0.23],[59.88,0.22],[59.88,0.2],[59.91,0.22],[59.91,0.23],[59.95,0.25],[59.95,0.45],[59.91,0.48],[59.91,0.5],[59.88,0.5],[59.88,0.53],[59.84,0.55],[59.84,0.61],[59.8,0.66],[59.77,0.73],[59.73,0.76],[59.59,0.9],[59.52,0.91],[59.48,0.91],[59.48,0.93],[59.44,0.96],[59.44,1.0]],[[60.45,1.05],[60.45,1.09],[60.42,1.09],[60.38,1.09],[60.34,1.08],[60.34,1.03],[60.38,1.01],[60.38,1.0],[60.42,1.0],[60.42,1.01],[60.45,1.01],[60.45,1.05]],[[62.04,0.95],[62.04,1.0],[62.0,1.0],[61.96,0.98],[61.96,0.81],[62.0,0.81],[62.0,0.8],[62.04,0.78],[62.04,0.6],[62.0,0.6],[62.0,0.58],[61.96,0.58],[61.96,0.41],[62.04,0.4],[62.04,0.31],[62.0,0.31],[61.96,0.3],[61.86,0.3],[61.82,0.28],[61.78,0.28],[61.75,0.26],[61.75,0.23],[61.71,0.23],[61.71,0.22],[61.64,0.22],[61.6,0.2],[61.57,0.22],[61.5,0.22],[61.46,0.23],[61.46,0.28],[61.53,0.31],[61.53,0.4],[61.57,0.41],[61.57,0.45],[61.53,0.51],[61.53,0.58],[61.5,0.58],[61.46,0.58],[61.42,0.55],[61.39,0.5],[61.39,0.46],[61.35,0.45],[61.35,0.43],[61.32,0.41],[61.32,0.4],[61.28,0.4],[61.28,0.43],[61.24,0.45],[61.24,0.58],[61.21,0.58],[61.21,0.6],[61.17,0.58],[61.17,0.51],[61.14,0.48],[61.14,0.31],[61.1,0.3],[61.06,0.31],[61.06,0.38],[61.03,0.38],[61.03,0.4],[60.99,0.4],[60.99,0.36],[60.96,0.31],[60.96,-0.38],[60.92,-0.47],[60.92,-0.6],[60.88,-0.6],[60.88,-0.65],[60.85,-0.68],[60.85,-0.96],[60.81,-0.98],[60.81,-1.0],[60.78,-1.0],[60.7,-1.0],[60.7,-1.01],[60.67,-1.01],[60.67,-1.1],[60.63,-1.13],[60.63,-1.16],[60.6,-1.18],[60.6,-1.2],[60.49,-1.2],[60.49,-1.21],[60.45,-1.21],[60.45,-1.26],[60.42,-1.28],[60.42,-1.3],[60.34,-1.3],[60.34,-1.31],[60.27,-1.31],[60.27,-1.35],[60.24,-1.35],[60.27,-1.36],[60.27,-1.38],[60.31,-1.4],[60.38,-1.4],[60.42,-1.41],[60.42,-1.43],[60.45,-1.43],[60.45,-1.48],[60.49,-1.49],[60.52,-1.49],[60.52,-1.51],[60.6,-1.51],[60.63,-1.51],[60.63,-1.58],[60.67,-1.59],[60.67,-1.69],[60.7,-1.69],[60.78,-1.61],[60.85,-1.56],[60.88,-1.51],[60.96,-1.41],[60.96,-1.31],[60.99,-1.31],[60.99,-1.3],[61.03,-1.3],[61.03,-1.21],[61.06,-1.16],[61.06,-0.93],[61.1,-0.91],[61.1,-0.9],[61.14,-0.88],[61.14,-0.65],[61.17,-0.6],[61.17,-0.52],[61.21,-0.5],[61.28,-0.5],[61.28,-0.48],[61.32,-0.48],[61.32,-0.47],[61.35,-0.47],[61.35,-0.33],[61.39,-0.32],[61.39,-0.3],[61.46,-0.3],[61.53,-0.3],[61.53,-0.27],[61.57,-0.25],[61.57,-0.22],[61.6,-0.22],[61.6,-0.2],[61.64,-0.2],[61.71,-0.17],[61.82,-0.08],[61.86,-0.03],[61.89,-0.0],[61.96,0.07],[62.04,0.13],[62.11,0.17],[62.14,0.2],[62.18,0.2],[62.22,0.18],[62.25,0.15],[62.25,0.03],[62.29,0.02],[62.29,-0.0],[62.32,0.02],[62.32,0.05],[62.36,0.08],[62.36,0.31],[62.32,0.35],[62.32,0.4],[62.29,0.4],[62.25,0.45],[62.25,0.6],[62.29,0.65],[62.29,0.7],[62.32,0.71],[62.32,0.78],[62.22,0.88],[62.14,0.91],[62.07,0.91],[62.07,0.93],[62.04,0.93],[62.04,0.95]],[[64.34,0.46],[64.34,0.48],[64.3,0.5],[64.09,0.5],[64.09,0.48],[64.05,0.48],[64.05,0.43],[64.16,0.35],[64.16,0.33],[64.2,0.31],[64.23,0.31],[64.23,0.33],[64.27,0.35],[64.27,0.38],[64.3,0.4],[64.3,0.41],[64.34,0.43],[64.34,0.46]],[[64.45,0.35],[64.45,0.4],[64.41,0.4],[64.38,0.4],[64.38,0.38],[64.34,0.38],[64.34,0.33],[64.38,0.31],[64.38,0.3],[64.41,0.3],[64.41,0.31],[64.45,0.31],[64.45,0.35]],[[61.96,-0.25],[61.93,-0.23],[61.93,-0.22],[61.89,-0.22],[61.89,-0.2],[61.82,-0.2],[61.75,-0.23],[61.75,-0.27],[61.78,-0.28],[61.78,-0.3],[61.82,-0.3],[61.86,-0.3],[61.93,-0.3],[61.93,-0.27],[61.96,-0.27],[61.96,-0.25]],[[63.44,-0.45],[63.44,-0.43],[63.4,-0.42],[63.37,-0.42],[63.37,-0.4],[63.26,-0.4],[63.22,-0.42],[63.19,-0.42],[63.19,-0.43],[63.15,-0.43],[63.15,-0.47],[63.19,-0.47],[63.19,-0.48],[63.26,-0.48],[63.26,-0.5],[63.33,-0.5],[63.37,-0.48],[63.4,-0.48],[63.44,-0.47],[63.44,-0.45]],[[61.35,-0.85],[61.35,-0.81],[61.32,-0.81],[61.28,-0.81],[61.24,-0.81],[61.24,-0.88],[61.28,-0.88],[61.28,-0.9],[61.32,-0.9],[61.35,-0.88],[61.35,-0.85]],[[61.96,-1.54],[61.96,-1.53],[61.93,-1.51],[61.86,-1.51],[61.86,-1.59],[61.93,-1.59],[61.93,-1.58],[61.96,-1.56],[61.96,-1.54]],[[64.95,-1.59],[64.95,-1.53],[64.92,-1.51],[64.88,-1.51],[64.88,-1.53],[64.84,-1.54],[64.84,-1.66],[64.88,-1.68],[64.88,-1.69],[64.92,-1.69],[64.95,-1.68],[64.95,-1.59]],[[60.85,-2.44],[60.85,-2.41],[60.78,-2.39],[60.78,-2.42],[60.74,-2.42],[60.74,-2.47],[60.78,-2.47],[60.78,-2.51],[60.85,-2.49],[60.85,-2.44]]]}},{"type":"Feature","properties":{"precip":20},"geometry":{"type":"Polygon","coordinates":[[[30.65,3.75],[30.65,3.78],[30.72,3.78],[30.76,3.77],[30.76,3.72],[30.72,3.7],[30.65,3.72],[30.65,3.75]]]}},{"type":"Feature","properties":{"precip":20},"geometry":{"type":"Polygon","coordinates":[[[8.95,3.6],[8.95,3.65],[8.98,3.67],[8.98,3.7],[9.05,3.67],[9.05,3.54],[9.02,3.5],[8.98,3.5],[8.98,3.54],[8.95,3.55],[8.95,3.6]]]}},{"type":"Feature","properties":{"precip":20},"geometry":{"type":"Polygon","coordinates":[[[29.07,3.65],[29.07,3.7],[29.14,3.7],[29.14,3.6],[29.07,3.6],[29.07,3.65]]]}},{"type":"Feature","properties":{"precip":20},"geometry":{"type":"Polygon","coordinates":[[[30.36,3.6],[30.36,3.68],[30.43,3.7],[30.43,3.52],[30.4,3.5],[30.36,3.52],[30.36,3.6]]]}},{"type":"Feature","properties":{"precip":20},"geometry":{"type":"Polygon","coordinates":[[[34.14,3.6],[34.14,3.65],[34.21,3.7],[34.28,3.7],[34.36,3.65],[34.36,3.55],[34.32,3.55],[34.32,3.52],[34.28,3.5],[34.21,3.5],[34.18,3.52],[34.18,3.55],[34.14,3.55],[34.14,3.6]]]}},{"type":"Feature","properties":{"precip":20},"geometry":{"type":"Polygon","coordinates":[[[58.04,3.65],[58.08,3.7],[58.15,3.68],[58.15,3.62],[58.08,3.6],[58.04,3.65]]]}},{"type":"Feature","properties":{"precip":20},"geometry":{"type":"Polygon","coordinates":[[[19.71,3.5],[19.74,3.55],[19.74,3.57],[19.82,3.6],[19.85,3.55],[19.89,3.55],[19.89,3.5],[19.92,3.49],[19.92,3.45],[20.0,3.42],[20.03,3.42],[20.1,3.39],[20.21,3.39],[20.25,3.37],[20.25,3.24],[20.28,3.22],[20.28,3.2],[20.36,3.19],[20.36,3.07],[20.32,3.04],[20.32,3.0],[20.25,2.94],[20.18,2.92],[20.18,2.9],[20.07,2.9],[19.96,2.85],[19.96,2.76],[19.92,2.72],[19.92,2.71],[19.89,2.69],[19.82,2.69],[19.74,2.66],[19.74,2.56],[19.67,2.47],[19.56,2.37],[19.56,2.32],[19.64,2.27],[19.64,2.22],[19.56,2.16],[19.49,2.14],[19.46,2.11],[19.28,2.11],[19.24,2.16],[19.24,2.17],[19.17,2.19],[19.06,2.19],[19.06,2.21],[18.99,2.21],[18.95,2.22],[18.95,2.27],[19.02,2.31],[19.1,2.31],[19.13,2.32],[19.13,2.39],[19.06,2.39],[19.06,2.41],[18.99,2.41],[18.95,2.44],[18.95,2.57],[18.84,2.62],[18.84,2.67],[18.88,2.69],[18.99,2.69],[19.02,2.71],[19.02,2.72],[19.06,2.76],[19.06,2.87],[19.13,2.9],[19.13,2.97],[19.17,2.99],[19.17,3.09],[19.24,3.12],[19.24,3.24],[19.28,3.25],[19.28,3.29],[19.31,3.3],[19.42,3.3],[19.46,3.34],[19.46,3.37],[19.53,3.39],[19.64,3.44],[19.71,3.5]],[[19.85,3.45],[19.85,3.49],[19.78,3.5],[19.74,3.49],[19.74,3.42],[19.82,3.39],[19.85,3.4],[19.85,3.45]],[[20.07,3.22],[20.03,3.25],[19.92,3.3],[19.85,3.27],[19.85,3.2],[19.92,3.2],[19.92,3.17],[19.96,3.14],[19.96,3.02],[20.03,3.02],[20.03,3.04],[20.14,3.14],[20.14,3.17],[20.1,3.19],[20.07,3.22]]]}},{"type":"Feature","properties":{"precip":20},"geometry":{"type":"Polygon","coordinates":[[[30.15,3.5],[30.15,3.55],[30.18,3.57],[30.18,3.6],[30.25,3.57],[30.25,3.42],[30.22,3.42],[30.22,3.39],[30.15,3.44],[30.15,3.5]]]}},{"type":"Feature","properties":{"precip":20},"geometry":{"type":"Polygon","coordinates":[[[59.16,3.55],[59.16,3.59],[59.23,3.6],[59.23,3.57],[59.26,3.57],[59.26,3.54],[59.23,3.54],[59.23,3.5],[59.16,3.52],[59.16,3.55]]]}},{"type":"Feature","properties":{"precip":20},"geometry":{"type":"Polygon","coordinates":[[[22.15,3.45],[22.15,3.49],[22.19,3.5],[22.23,3.49],[22.23,3.45],[22.26,3.42],[22.26,3.37],[22.23,3.32],[22.23,3.25],[22.19,3.2],[22.19,3.17],[22.15,3.14],[22.08,3.1],[22.01,3.1],[21.97,3.12],[21.87,3.2],[21.87,3.29],[21.9,3.3],[21.9,3.34],[22.01,3.37],[22.01,3.39],[22.08,3.39],[22.15,3.42],[22.15,3.45]]]}},{"type":"Feature","properties":{"precip":20},"geometry":{"type":"Polygon","coordinates":[[[17.55,3.35],[17.55,3.37],[17.62,3.39],[17.66,3.37],[17.66,3.32],[17.62,3.3],[17.55,3.32],[17.55,3.35]]]}},{"type":"Feature","properties":{"precip":20},"geometry":{"type":"Polygon","coordinates":[[[34.25,3.35],[34.25,3.39],[34.32,3.39],[34.36,3.37],[34.36,3.32],[34.32,3.3],[34.25,3.32],[34.25,3.35]]]}},{"type":"Feature","properties":{"precip":20},"geometry":{"type":"Polygon","coordinates":[[[87.05,3.25],[87.05,3.37],[87.09,3.39],[87.09,3.37],[87.16,3.34],[87.16,3.17],[87.09,3.14],[87.09,3.1],[87.05,3.1],[87.05,3.14],[87.05,3.25]]]}},{"type":"Feature","properties":{"precip":20},"geometry":{"type":"Polygon","coordinates":[[[87.84,3.14],[87.84,3.34],[87.88,3.37],[87.88,3.39],[88.13,3.39],[88.17,3.37],[88.28,3.34],[88.38,3.24],[88.38,3.2],[88.38,3.19],[88.38,3.1],[88.35,3.04],[88.28,3.02],[88.17,3.0],[88.1,3.0],[88.06,2.99],[88.06,2.94],[88.02,2.9],[87.92,2.9],[87.88,2.92],[87.84,2.99],[87.84,3.14]]]}},{"type":"Feature","properties":{"precip":20},"geometry":{"type":"Polygon","coordinates":[[[17.26,3.2],[17.26,3.27],[17.33,3.3],[17.4,3.29],[17.55,3.17],[17.55,3.12],[17.51,3.1],[17.3,3.1],[17.26,3.14],[17.26,3.2]]]}},{"type":"Feature","properties":{"precip":20},"geometry":{"type":"Polygon","coordinates":[[[34.97,3.25],[34.97,3.3],[35.04,3.29],[35.04,3.2],[35.0,3.2],[34.97,3.2],[34.97,3.25]]]}},{"type":"Feature","properties":{"precip":20},"geometry":{"type":"Polygon","coordinates":[[[9.05,3.14],[9.05,3.19],[9.12,3.2],[9.16,3.17],[9.16,3.14],[9.12,3.1],[9.05,3.12],[9.05,3.14]]]}},{"type":"Feature","properties":{"precip":20},"geometry":{"type":"Polygon","coordinates":[[[16.54,3.14],[16.58,3.2],[16.65,3.19],[16.65,3.12],[16.58,3.1],[16.54,3.14]]]}},{"type":"Feature","properties":{"precip":20},"geometry":{"type":"Polygon","coordinates":[[[18.05,3.14],[18.05,3.2],[18.12,3.19],[18.2,3.12],[18.23,3.07],[18.27,3.05],[18.27,3.02],[18.3,2.99],[18.34,2.97],[18.34,2.9],[18.23,2.89],[18.16,2.9],[18.09,2.9],[18.02,2.92],[17.91,2.97],[17.91,3.0],[17.87,3.02],[17.87,3.09],[17.91,3.1],[18.02,3.1],[18.05,3.12],[18.05,3.14]]]}},{"type":"Feature","properties":{"precip":20},"geometry":{"type":"Polygon","coordinates":[[[29.39,3.1],[29.46,3.17],[29.53,3.2],[29.53,3.14],[29.61,3.1],[29.75,3.1],[29.82,3.07],[29.86,3.04],[29.86,2.95],[29.79,2.9],[29.71,2.9],[29.57,2.87],[29.53,2.85],[29.57,2.8],[29.64,2.79],[29.64,2.71],[29.57,2.72],[29.53,2.76],[29.53,2.79],[29.46,2.77],[29.46,2.72],[29.35,2.69],[29.28,2.67],[29.25,2.66],[29.25,2.56],[29.21,2.52],[29.21,2.51],[29.14,2.46],[29.14,2.42],[29.07,2.37],[28.99,2.32],[28.96,2.31],[28.89,2.31],[28.85,2.32],[28.85,2.39],[28.89,2.39],[28.96,2.42],[28.96,2.47],[28.92,2.51],[28.81,2.51],[28.78,2.51],[28.78,2.54],[28.74,2.56],[28.74,2.67],[28.67,2.71],[28.67,2.79],[28.63,2.8],[28.67,2.82],[28.67,2.87],[28.74,2.89],[28.81,2.89],[28.85,2.85],[28.85,2.76],[28.89,2.72],[28.89,2.71],[28.96,2.69],[29.03,2.69],[29.14,2.72],[29.14,2.89],[29.07,2.9],[29.07,2.99],[29.1,3.0],[29.21,3.0],[29.28,3.02],[29.35,3.04],[29.39,3.07],[29.39,3.1]]]}},{"type":"Feature","properties":{"precip":20},"geometry":{"type":"Polygon","coordinates":[[[30.04,3.14],[30.07,3.2],[30.15,3.2],[30.15,3.1],[30.07,3.1],[30.04,3.14]]]}},{"type":"Feature","properties":{"precip":20},"geometry":{"type":"Polygon","coordinates":[[[8.66,2.95],[8.66,3.0],[8.73,3.0],[8.73,2.97],[8.77,2.94],[8.73,2.94],[8.73,2.9],[8.66,2.9],[8.66,2.95]]]}},{"type":"Feature","properties":{"precip":20},"geometry":{"type":"Polygon","coordinates":[[[35.15,2.85],[35.15,2.89],[35.18,2.9],[35.26,2.87],[35.26,2.82],[35.18,2.8],[35.15,2.82],[35.15,2.85]]]}},{"type":"Feature","properties":{"precip":20},"geometry":{"type":"Polygon","coordinates":[[[62.86,2.61],[62.86,2.69],[62.94,2.67],[63.01,2.59],[63.04,2.57],[63.04,2.51],[63.01,2.51],[62.94,2.51],[62.86,2.52],[62.86,2.61]]]}},{"type":"Feature","properties":{"precip":20},"geometry":{"type":"Polygon","coordinates":[[[16.47,2.47],[16.5,2.51],[16.68,2.59],[16.76,2.61],[16.83,2.57],[16.86,2.54],[16.86,2.51],[16.9,2.51],[17.01,2.51],[17.04,2.49],[17.04,2.46],[17.08,2.41],[17.15,2.39],[17.19,2.41],[17.33,2.44],[17.4,2.51],[17.44,2.56],[17.55,2.61],[17.66,2.56],[17.66,2.46],[17.58,2.41],[17.51,2.41],[17.37,2.37],[17.37,2.32],[17.44,2.26],[17.51,2.21],[17.51,2.17],[17.55,2.16],[17.55,2.12],[17.51,2.11],[17.33,2.11],[17.26,2.12],[17.26,2.17],[17.22,2.19],[17.12,2.19],[17.04,2.16],[17.01,2.14],[17.01,2.09],[16.97,2.07],[16.97,2.02],[16.94,1.99],[16.94,1.91],[16.9,1.91],[16.9,1.88],[16.79,1.79],[16.76,1.74],[16.76,1.63],[16.83,1.58],[16.83,1.56],[16.86,1.56],[16.86,1.54],[16.83,1.54],[16.83,1.53],[16.79,1.49],[16.76,1.48],[16.76,1.38],[16.72,1.36],[16.72,1.31],[16.68,1.28],[16.65,1.24],[16.61,1.23],[16.58,1.19],[16.58,1.11],[16.61,1.09],[16.61,1.08],[16.65,1.06],[16.65,1.05],[16.76,1.0],[16.83,1.0],[16.83,0.98],[16.86,0.98],[16.86,0.96],[16.83,0.95],[16.83,0.93],[16.76,0.86],[16.72,0.85],[16.68,0.81],[16.65,0.8],[16.61,0.8],[16.58,0.81],[16.58,0.83],[16.54,0.85],[16.54,0.86],[16.58,0.88],[16.58,0.91],[16.61,0.91],[16.65,0.93],[16.65,0.95],[16.61,1.0],[16.54,1.06],[16.32,1.09],[16.22,1.09],[16.18,1.11],[16.18,1.14],[16.14,1.18],[16.14,1.74],[16.07,1.81],[16.0,1.81],[15.96,1.83],[15.96,2.04],[16.04,2.12],[16.07,2.16],[16.18,2.19],[16.25,2.19],[16.36,2.24],[16.36,2.34],[16.4,2.36],[16.4,2.39],[16.43,2.42],[16.43,2.46],[16.47,2.47]]]}},{"type":"Feature","properties":{"precip":20},"geometry":{"type":"Polygon","coordinates":[[[23.34,2.46],[23.34,2.52],[23.38,2.56],[23.38,2.59],[23.45,2.61],[23.52,2.61],[23.63,2.57],[23.67,2.52],[23.77,2.51],[23.95,2.51],[24.03,2.49],[24.03,2.46],[24.06,2.44],[24.06,2.27],[24.03,2.22],[23.95,2.19],[23.81,2.19],[23.77,2.16],[23.74,2.16],[23.74,2.14],[23.63,2.11],[23.34,2.11],[23.27,2.14],[23.27,2.16],[23.23,2.19],[23.23,2.22],[23.27,2.24],[23.27,2.29],[23.34,2.32],[23.34,2.46]]]}},{"type":"Feature","properties":{"precip":20},"geometry":{"type":"Polygon","coordinates":[[[62.47,2.51],[62.47,2.59],[62.5,2.61],[62.54,2.59],[62.54,2.42],[62.47,2.41],[62.47,2.51]]]}},{"type":"Feature","properties":{"precip":20},"geometry":{"type":"Polygon","coordinates":[[[98.97,2.54],[98.97,2.59],[98.97,2.61],[99.04,2.59],[99.04,2.51],[98.97,2.51],[98.97,2.54]]]}},{"type":"Feature","properties":{"precip":20},"geometry":{"type":"Polygon","coordinates":[[[22.55,2.37],[22.66,2.46],[22.77,2.51],[22.8,2.51],[22.84,2.47],[22.84,2.36],[22.87,2.34],[22.87,2.31],[22.95,2.29],[22.95,2.22],[22.87,2.21],[22.8,2.21],[22.77,2.19],[22.59,2.19],[22.55,2.21],[22.48,2.21],[22.44,2.22],[22.48,2.26],[22.48,2.29],[22.51,2.31],[22.51,2.32],[22.55,2.34],[22.55,2.37]]]}},{"type":"Feature","properties":{"precip":20},"geometry":{"type":"Polygon","coordinates":[[[64.84,2.41],[64.84,2.44],[64.92,2.51],[64.99,2.51],[65.06,2.44],[65.06,2.36],[65.02,2.34],[65.02,2.32],[64.99,2.31],[64.92,2.31],[64.88,2.32],[64.88,2.34],[64.84,2.36],[64.84,2.41]]]}},{"type":"Feature","properties":{"precip":20},"geometry":{"type":"Polygon","coordinates":[[[75.97,2.46],[75.97,2.47],[76.04,2.51],[76.15,2.51],[76.25,2.46],[76.33,2.39],[76.33,2.32],[76.25,2.31],[75.89,2.31],[75.79,2.32],[75.75,2.36],[75.82,2.39],[75.89,2.41],[75.97,2.46]]]}},{"type":"Feature","properties":{"precip":20},"geometry":{"type":"Polygon","coordinates":[[[86.19,2.42],[86.19,2.46],[86.3,2.51],[86.37,2.47],[86.37,2.42],[86.4,2.41],[86.4,2.42],[86.4,2.47],[86.51,2.51],[86.55,2.47],[86.55,2.34],[86.58,2.32],[86.58,2.29],[86.62,2.27],[86.62,2.24],[86.55,2.16],[86.58,2.14],[86.58,2.11],[86.62,2.06],[86.62,2.02],[86.66,2.01],[86.66,1.97],[86.73,1.97],[86.73,1.91],[86.62,1.91],[86.62,1.97],[86.58,1.99],[86.55,1.97],[86.55,1.86],[86.58,1.83],[86.58,1.81],[86.62,1.78],[86.62,1.76],[86.62,1.74],[86.62,1.69],[86.55,1.64],[86.55,1.63],[86.51,1.63],[86.44,1.63],[86.4,1.64],[86.4,1.68],[86.37,1.68],[86.37,1.64],[86.33,1.63],[86.22,1.58],[86.22,1.54],[86.19,1.49],[86.19,1.53],[86.15,1.54],[86.15,1.58],[86.12,1.59],[86.12,1.61],[86.08,1.61],[86.08,1.56],[86.01,1.49],[86.01,1.38],[85.97,1.33],[85.97,1.28],[85.94,1.23],[85.86,1.19],[85.86,1.46],[85.9,1.49],[85.94,1.53],[85.94,1.58],[85.9,1.59],[85.9,1.63],[85.86,1.63],[85.76,1.78],[85.76,1.88],[85.79,1.91],[85.86,1.91],[85.94,1.94],[85.97,1.97],[86.01,2.04],[86.01,2.16],[86.12,2.19],[86.15,2.22],[86.15,2.34],[86.19,2.37],[86.19,2.41],[86.19,2.42]]]}},{"type":"Feature","properties":{"precip":20},"geometry":{"type":"Polygon","coordinates":[[[30.87,2.34],[30.87,2.39],[30.94,2.39],[30.94,2.31],[30.87,2.31],[30.87,2.34]]]}},{"type":"Feature","properties":{"precip":20},"geometry":{"type":"Polygon","coordinates":[[[35.94,2.26],[35.98,2.27],[35.98,2.31],[36.05,2.29],[36.05,2.21],[35.98,2.19],[35.98,2.22],[35.94,2.22],[35.94,2.26]]]}},{"type":"Feature","properties":{"precip":20},"geometry":{"type":"Polygon","coordinates":[[[87.16,2.11],[87.16,2.27],[87.23,2.29],[87.23,2.21],[87.27,2.17],[87.27,2.01],[87.27,1.99],[87.3,2.01],[87.3,2.14],[87.38,2.16],[87.38,2.19],[87.45,2.16],[87.45,1.94],[87.41,1.91],[87.2,1.91],[87.16,1.91],[87.16,2.11]]]}},{"type":"Feature","properties":{"precip":20},"geometry":{"type":"Polygon","coordinates":[[[97.56,2.26],[97.6,2.31],[97.67,2.31],[97.74,2.27],[97.74,2.22],[97.67,2.19],[97.63,2.19],[97.56,2.22],[97.56,2.26]]]}},{"type":"Feature","properties":{"precip":20},"geometry":{"type":"Polygon","coordinates":[[[21.04,2.16],[21.08,2.19],[21.15,2.16],[21.18,2.11],[21.22,2.09],[21.22,2.04],[21.26,2.02],[21.22,2.01],[21.15,2.04],[21.15,2.06],[21.08,2.12],[21.08,2.16],[21.04,2.16]]]}},{"type":"Feature","properties":{"precip":20},"geometry":{"type":"Polygon","coordinates":[[[30.72,2.19],[30.76,2.17],[30.76,2.12],[30.69,2.11],[30.65,2.12],[30.65,2.16],[30.65,2.17],[30.72,2.19]]]}},{"type":"Feature","properties":{"precip":20},"geometry":{"type":"Polygon","coordinates":[[[36.84,2.04],[36.84,2.07],[36.88,2.07],[36.88,2.11],[36.95,2.09],[36.95,2.01],[36.88,1.99],[36.88,2.02],[36.84,2.04]]]}},{"type":"Feature","properties":{"precip":20},"geometry":{"type":"Polygon","coordinates":[[[97.53,2.01],[97.6,2.07],[97.63,2.09],[97.67,2.09],[97.78,2.11],[97.85,2.07],[97.85,2.02],[97.78,1.99],[97.63,1.99],[97.63,1.97],[97.56,1.97],[97.53,1.94],[97.53,1.91],[97.45,1.91],[97.45,1.96],[97.45,1.99],[97.53,2.01]]]}},{"type":"Feature","properties":{"precip":20},"geometry":{"type":"Polygon","coordinates":[[[35.15,1.96],[35.15,1.97],[35.22,1.99],[35.26,1.97],[35.26,1.91],[35.18,1.91],[35.15,1.91],[35.15,1.96]]]}},{"type":"Feature","properties":{"precip":20},"geometry":{"type":"Polygon","coordinates":[[[20.46,1.84],[20.46,1.89],[20.54,1.89],[20.54,1.79],[20.57,1.76],[20.57,1.71],[20.61,1.71],[20.61,1.68],[20.64,1.66],[20.64,1.43],[20.68,1.39],[20.68,1.29],[20.72,1.28],[20.75,1.28],[20.75,1.24],[20.72,1.23],[20.72,1.21],[20.68,1.19],[20.68,1.14],[20.64,1.11],[20.64,0.98],[20.61,0.93],[20.61,0.9],[20.5,0.8],[20.46,0.8],[20.46,0.93],[20.43,0.95],[20.39,1.0],[20.39,1.03],[20.36,1.06],[20.25,1.09],[20.21,1.09],[20.18,1.11],[20.18,1.13],[20.14,1.13],[20.14,1.18],[20.1,1.19],[20.07,1.18],[20.07,1.16],[20.03,1.13],[19.89,1.09],[19.64,1.09],[19.56,1.13],[19.56,1.16],[19.53,1.16],[19.53,1.18],[19.49,1.19],[19.42,1.19],[19.42,1.21],[19.38,1.21],[19.38,1.23],[19.35,1.23],[19.35,1.28],[19.42,1.29],[19.49,1.29],[19.49,1.31],[19.53,1.31],[19.53,1.34],[19.56,1.36],[19.56,1.44],[19.6,1.48],[19.64,1.54],[19.71,1.59],[19.74,1.63],[19.89,1.69],[20.0,1.69],[20.03,1.71],[20.1,1.71],[20.1,1.73],[20.14,1.73],[20.14,1.76],[20.25,1.81],[20.36,1.81],[20.43,1.81],[20.46,1.84]]]}},{"type":"Feature","properties":{"precip":20},"geometry":{"type":"Polygon","coordinates":[[[36.77,1.84],[36.77,1.89],[36.84,1.89],[36.84,1.81],[36.8,1.81],[36.77,1.81],[36.77,1.84]]]}},{"type":"Feature","properties":{"precip":20},"geometry":{"type":"Polygon","coordinates":[[[97.02,1.81],[97.02,1.86],[97.09,1.89],[97.2,1.89],[97.24,1.83],[97.35,1.74],[97.35,1.66],[97.31,1.63],[97.24,1.61],[97.02,1.61],[97.02,1.63],[96.99,1.63],[96.95,1.63],[96.95,1.68],[97.02,1.71],[97.02,1.73],[97.02,1.74],[97.02,1.81]]]}},{"type":"Feature","properties":{"precip":20},"geometry":{"type":"Polygon","coordinates":[[[98.64,1.81],[98.64,1.84],[98.68,1.86],[98.68,1.89],[98.71,1.91],[98.71,1.88],[98.75,1.88],[98.75,1.73],[98.71,1.71],[98.71,1.69],[98.68,1.71],[98.68,1.74],[98.64,1.76],[98.64,1.81]]]}},{"type":"Feature","properties":{"precip":20},"geometry":{"type":"Polygon","coordinates":[[[97.56,1.76],[97.56,1.79],[97.63,1.81],[97.67,1.76],[97.67,1.73],[97.67,1.71],[97.67,1.73],[97.74,1.74],[97.74,1.78],[97.85,1.81],[97.96,1.79],[97.99,1.79],[98.07,1.73],[98.1,1.71],[98.1,1.66],[98.1,1.63],[98.1,1.48],[98.17,1.46],[98.17,1.41],[98.25,1.41],[98.25,1.46],[98.32,1.49],[98.46,1.49],[98.5,1.48],[98.53,1.48],[98.53,1.41],[98.53,1.39],[98.53,1.31],[98.61,1.29],[98.61,1.28],[98.64,1.28],[98.64,1.23],[98.61,1.23],[98.61,1.21],[98.53,1.19],[98.53,1.11],[98.53,1.09],[98.53,1.01],[98.61,1.0],[98.61,0.98],[98.64,0.98],[98.64,0.93],[98.61,0.93],[98.53,0.93],[98.53,0.95],[98.53,0.96],[98.53,0.98],[98.5,1.0],[98.46,1.03],[98.46,1.06],[98.39,1.09],[98.39,1.08],[98.32,1.06],[98.32,1.05],[98.32,1.03],[98.32,1.01],[98.25,1.01],[98.21,1.0],[98.1,1.0],[98.07,1.03],[98.07,1.28],[98.03,1.31],[98.03,1.39],[97.99,1.41],[97.96,1.41],[97.96,1.38],[97.89,1.34],[97.89,1.33],[97.78,1.41],[97.67,1.53],[97.63,1.63],[97.63,1.69],[97.6,1.69],[97.6,1.71],[97.56,1.71],[97.56,1.76]],[[98.32,1.34],[98.32,1.39],[98.32,1.41],[98.28,1.41],[98.28,1.39],[98.25,1.38],[98.25,1.31],[98.28,1.31],[98.28,1.29],[98.32,1.29],[98.32,1.31],[98.32,1.34]],[[98.32,1.14],[98.32,1.18],[98.32,1.19],[98.28,1.19],[98.28,1.18],[98.25,1.18],[98.25,1.11],[98.28,1.11],[98.28,1.09],[98.32,1.09],[98.32,1.11],[98.32,1.14]]]}},{"type":"Feature","properties":{"precip":20},"geometry":{"type":"Polygon","coordinates":[[[36.66,1.64],[36.66,1.68],[36.7,1.68],[36.73,1.69],[36.88,1.69],[36.95,1.66],[36.95,1.63],[36.88,1.61],[36.73,1.61],[36.7,1.63],[36.66,1.63],[36.66,1.64]]]}},{"type":"Feature","properties":{"precip":20},"geometry":{"type":"Polygon","coordinates":[[[17.15,1.54],[17.15,1.59],[17.19,1.59],[17.19,1.61],[17.22,1.61],[17.22,1.59],[17.26,1.58],[17.26,1.53],[17.3,1.49],[17.4,1.49],[17.44,1.49],[17.44,1.58],[17.48,1.58],[17.48,1.61],[17.51,1.61],[17.51,1.58],[17.55,1.56],[17.55,1.34],[17.51,1.33],[17.51,1.29],[17.48,1.29],[17.48,1.31],[17.44,1.33],[17.44,1.39],[17.4,1.39],[17.37,1.41],[17.33,1.41],[17.26,1.38],[17.26,1.34],[17.22,1.33],[17.22,1.31],[17.15,1.31],[17.12,1.29],[16.97,1.29],[16.94,1.31],[16.9,1.31],[16.86,1.33],[16.86,1.38],[16.9,1.38],[16.9,1.39],[16.97,1.39],[17.01,1.41],[17.15,1.41],[17.19,1.43],[17.22,1.43],[17.22,1.44],[17.26,1.44],[17.26,1.48],[17.22,1.48],[17.22,1.49],[17.19,1.49],[17.15,1.49],[17.15,1.54]]]}},{"type":"Feature","properties":{"precip":20},"geometry":{"type":"Polygon","coordinates":[[[34.86,1.54],[34.86,1.59],[34.9,1.61],[34.93,1.61],[34.93,1.56],[34.97,1.54],[34.93,1.54],[34.93,1.49],[34.9,1.49],[34.86,1.49],[34.86,1.54]]]}},{"type":"Feature","properties":{"precip":20},"geometry":{"type":"Polygon","coordinates":[[[35.65,1.58],[35.65,1.61],[35.69,1.61],[35.72,1.59],[35.72,1.58],[35.76,1.54],[35.8,1.53],[35.8,1.49],[35.83,1.48],[35.83,1.41],[35.76,1.44],[35.69,1.49],[35.69,1.53],[35.65,1.54],[35.65,1.58]]]}},{"type":"Feature","properties":{"precip":20},"geometry":{"type":"Polygon","coordinates":[[[35.36,1.46],[35.36,1.48],[35.4,1.49],[35.51,1.49],[35.51,1.48],[35.54,1.46],[35.54,1.33],[35.51,1.31],[35.51,1.29],[35.44,1.29],[35.44,1.28],[35.4,1.28],[35.33,1.24],[35.33,1.21],[35.29,1.19],[35.26,1.16],[35.26,1.14],[35.18,1.11],[35.15,1.11],[35.15,1.16],[35.18,1.18],[35.18,1.21],[35.22,1.23],[35.22,1.24],[35.26,1.24],[35.26,1.28],[35.22,1.28],[35.15,1.31],[35.15,1.38],[35.18,1.39],[35.22,1.39],[35.26,1.41],[35.29,1.41],[35.33,1.43],[35.33,1.44],[35.36,1.44],[35.36,1.46]]]}},{"type":"Feature","properties":{"precip":20},"geometry":{"type":"Polygon","coordinates":[[[36.7,1.43],[36.73,1.46],[36.77,1.46],[36.77,1.48],[36.8,1.49],[36.84,1.49],[36.84,1.43],[36.8,1.43],[36.8,1.38],[36.77,1.36],[36.73,1.33],[36.7,1.31],[36.66,1.31],[36.66,1.36],[36.7,1.39],[36.7,1.43]]]}},{"type":"Feature","properties":{"precip":20},"geometry":{"type":"Polygon","coordinates":[[[97.17,1.41],[97.17,1.48],[97.2,1.49],[97.24,1.48],[97.24,1.46],[97.24,1.44],[97.24,1.41],[97.31,1.41],[97.31,1.43],[97.35,1.43],[97.35,1.46],[97.38,1.48],[97.42,1.48],[97.42,1.46],[97.45,1.44],[97.45,1.41],[97.53,1.39],[97.53,1.31],[97.45,1.29],[97.45,1.28],[97.45,1.24],[97.31,1.21],[97.24,1.21],[97.17,1.19],[97.09,1.21],[97.02,1.23],[97.02,1.28],[97.13,1.31],[97.13,1.36],[97.17,1.38],[97.17,1.41]]]}},{"type":"Feature","properties":{"precip":20},"geometry":{"type":"Polygon","coordinates":[[[17.66,1.34],[17.66,1.38],[17.69,1.39],[17.73,1.39],[17.73,1.41],[17.76,1.41],[17.84,1.38],[17.84,1.26],[17.76,1.16],[17.76,1.14],[17.66,1.09],[17.58,1.09],[17.55,1.13],[17.55,1.16],[17.58,1.18],[17.58,1.19],[17.66,1.19],[17.69,1.21],[17.73,1.21],[17.73,1.23],[17.76,1.24],[17.76,1.28],[17.73,1.28],[17.73,1.29],[17.69,1.29],[17.66,1.31],[17.66,1.34]]]}},{"type":"Feature","properties":{"precip":20},"geometry":{"type":"Polygon","coordinates":[[[34.54,1.26],[34.54,1.29],[34.57,1.33],[34.57,1.38],[34.64,1.41],[34.75,1.41],[34.82,1.38],[34.82,1.36],[34.86,1.34],[34.86,1.23],[34.9,1.21],[34.93,1.21],[34.97,1.19],[35.0,1.19],[35.0,1.18],[35.04,1.18],[35.04,1.11],[35.0,1.11],[35.0,1.09],[34.9,1.09],[34.9,1.11],[34.86,1.11],[34.86,1.16],[34.82,1.18],[34.82,1.19],[34.68,1.19],[34.68,1.18],[34.64,1.16],[34.64,1.09],[34.61,1.09],[34.57,1.11],[34.57,1.19],[34.54,1.23],[34.54,1.26]]]}},{"type":"Feature","properties":{"precip":20},"geometry":{"type":"Polygon","coordinates":[[[37.24,1.29],[37.24,1.31],[37.27,1.34],[37.27,1.39],[37.31,1.39],[37.34,1.38],[37.34,1.23],[37.31,1.21],[37.27,1.21],[37.27,1.26],[37.24,1.28],[37.24,1.29]]]}},{"type":"Feature","properties":{"precip":20},"geometry":{"type":"Polygon","coordinates":[[[75.14,1.38],[75.17,1.38],[75.17,1.39],[75.28,1.39],[75.32,1.41],[75.39,1.41],[75.43,1.39],[75.5,1.39],[75.53,1.38],[75.53,1.34],[75.57,1.34],[75.57,1.31],[75.64,1.31],[75.68,1.29],[75.82,1.29],[75.86,1.28],[75.93,1.28],[75.93,1.26],[75.97,1.26],[75.97,1.24],[75.89,1.21],[75.86,1.21],[75.82,1.19],[75.71,1.19],[75.64,1.16],[75.64,1.13],[75.61,1.11],[75.61,1.09],[75.57,1.11],[75.57,1.14],[75.53,1.16],[75.53,1.18],[75.5,1.18],[75.5,1.19],[75.43,1.19],[75.39,1.21],[75.32,1.23],[75.25,1.26],[75.17,1.31],[75.17,1.34],[75.14,1.38]]]}},{"type":"Feature","properties":{"precip":20},"geometry":{"type":"Polygon","coordinates":[[[23.34,1.09],[23.34,1.14],[23.38,1.16],[23.38,1.18],[23.41,1.19],[23.63,1.19],[23.63,1.09],[23.59,1.08],[23.52,1.05],[23.49,1.01],[23.45,1.0],[23.41,1.0],[23.38,1.01],[23.38,1.03],[23.34,1.06],[23.34,1.09]]]}},{"type":"Feature","properties":{"precip":20},"geometry":{"type":"Polygon","coordinates":[[[91.08,1.09],[91.12,1.13],[91.19,1.18],[91.19,1.19],[91.3,1.19],[91.34,1.16],[91.34,1.0],[91.37,0.96],[91.37,0.93],[91.41,0.91],[91.77,0.91],[91.84,0.9],[91.95,0.88],[91.98,0.88],[92.06,0.83],[92.13,0.8],[92.13,0.75],[92.16,0.73],[92.13,0.71],[92.06,0.71],[92.06,0.7],[92.02,0.7],[91.98,0.68],[91.98,0.66],[91.95,0.65],[91.95,0.51],[91.91,0.51],[91.91,0.5],[91.84,0.5],[91.84,0.53],[91.84,0.58],[91.77,0.6],[91.62,0.6],[91.62,0.61],[91.59,0.61],[91.59,0.63],[91.55,0.63],[91.55,0.66],[91.52,0.68],[91.52,0.7],[91.48,0.7],[91.48,0.68],[91.41,0.65],[91.41,0.61],[91.37,0.61],[91.37,0.65],[91.3,0.68],[91.3,0.73],[91.26,0.75],[91.26,0.8],[91.19,0.83],[91.19,0.88],[91.19,0.91],[91.16,0.95],[91.12,0.96],[91.12,0.98],[91.08,0.98],[91.05,0.96],[91.05,0.93],[90.98,0.93],[90.98,0.91],[90.94,0.91],[90.94,0.9],[90.9,0.9],[90.87,0.88],[90.87,0.71],[90.83,0.68],[90.83,0.61],[90.76,0.6],[90.65,0.56],[90.65,0.55],[90.62,0.51],[90.54,0.5],[90.54,0.46],[90.54,0.43],[90.54,0.41],[90.47,0.41],[90.44,0.43],[90.44,0.46],[90.4,0.51],[90.33,0.58],[90.33,0.85],[90.4,0.9],[90.44,0.91],[90.47,0.91],[90.51,0.93],[90.54,0.96],[90.54,0.98],[90.65,1.05],[90.65,1.06],[90.69,1.08],[90.69,1.09],[90.72,1.09],[90.72,1.08],[90.76,1.05],[90.76,1.03],[90.76,1.01],[90.76,1.0],[90.83,1.01],[90.83,1.03],[90.87,1.05],[90.87,1.09],[90.9,1.09],[90.94,1.09],[90.94,1.05],[90.98,1.03],[90.98,1.01],[91.05,1.03],[91.05,1.06],[91.08,1.09]]]}},{"type":"Feature","properties":{"precip":20},"geometry":{"type":"Polygon","coordinates":[[[22.66,0.95],[22.66,1.0],[22.73,1.0],[22.73,0.96],[22.77,0.96],[22.77,0.93],[22.73,0.93],[22.73,0.91],[22.66,0.91],[22.66,0.95]]]}},{"type":"Feature","properties":{"precip":20},"geometry":{"type":"Polygon","coordinates":[[[36.84,0.95],[36.84,0.96],[36.88,0.98],[36.88,1.0],[36.91,1.0],[36.95,0.98],[36.95,0.93],[36.91,0.91],[36.88,0.91],[36.88,0.93],[36.84,0.93],[36.84,0.95]]]}},{"type":"Feature","properties":{"precip":20},"geometry":{"type":"Polygon","coordinates":[[[35.76,0.85],[35.76,0.9],[35.8,0.9],[35.8,0.88],[35.83,0.86],[35.87,0.81],[35.94,0.76],[35.94,0.75],[36.01,0.7],[36.01,0.65],[36.05,0.61],[36.05,0.55],[36.08,0.53],[36.08,0.51],[36.12,0.51],[36.12,0.5],[36.19,0.5],[36.23,0.48],[36.23,0.45],[36.26,0.41],[36.26,0.36],[36.23,0.35],[36.23,0.3],[36.19,0.3],[36.19,0.31],[36.16,0.33],[36.16,0.35],[36.12,0.36],[36.12,0.38],[36.08,0.4],[36.05,0.45],[36.01,0.48],[36.01,0.5],[35.98,0.48],[35.98,0.45],[35.94,0.4],[35.94,0.08],[35.98,0.03],[35.98,-0.1],[36.01,-0.1],[36.05,-0.08],[36.05,-0.03],[36.08,-0.02],[36.08,-0.0],[36.16,-0.0],[36.19,0.02],[36.23,0.02],[36.23,0.03],[36.26,0.05],[36.26,0.08],[36.3,0.08],[36.3,0.1],[36.34,0.08],[36.34,0.05],[36.3,0.02],[36.3,-0.02],[36.26,-0.05],[36.16,-0.1],[36.12,-0.1],[36.08,-0.12],[36.05,-0.13],[36.05,-0.27],[36.08,-0.28],[36.08,-0.3],[36.12,-0.3],[36.16,-0.3],[36.23,-0.3],[36.23,-0.27],[36.26,-0.27],[36.26,-0.22],[36.3,-0.22],[36.34,-0.2],[36.44,-0.2],[36.48,-0.22],[36.52,-0.22],[36.55,-0.23],[36.55,-0.27],[36.52,-0.28],[36.52,-0.3],[36.48,-0.3],[36.44,-0.3],[36.37,-0.3],[36.37,-0.35],[36.34,-0.38],[36.34,-0.47],[36.26,-0.5],[36.19,-0.5],[36.19,-0.52],[36.16,-0.52],[36.16,-0.58],[36.12,-0.58],[36.12,-0.6],[36.08,-0.6],[36.08,-0.58],[36.05,-0.58],[36.05,-0.47],[36.01,-0.45],[36.01,-0.4],[35.98,-0.38],[35.98,-0.37],[35.94,-0.33],[35.94,-0.32],[35.87,-0.32],[35.87,-0.33],[35.8,-0.4],[35.76,-0.45],[35.72,-0.47],[35.72,-0.48],[35.65,-0.48],[35.65,-0.33],[35.69,-0.32],[35.69,-0.3],[35.76,-0.3],[35.8,-0.3],[35.83,-0.28],[35.83,-0.25],[35.87,-0.22],[35.83,-0.18],[35.83,-0.12],[35.76,-0.08],[35.72,-0.02],[35.69,0.03],[35.62,0.05],[35.58,0.08],[35.54,0.1],[35.51,0.1],[35.47,0.12],[35.47,0.13],[35.44,0.15],[35.47,0.17],[35.47,0.22],[35.51,0.23],[35.54,0.23],[35.54,0.26],[35.47,0.3],[35.47,0.36],[35.44,0.4],[35.44,0.5],[35.4,0.5],[35.36,0.51],[35.36,0.7],[35.44,0.7],[35.44,0.63],[35.47,0.63],[35.47,0.6],[35.51,0.6],[35.54,0.61],[35.54,0.75],[35.58,0.75],[35.58,0.78],[35.62,0.8],[35.69,0.8],[35.76,0.83],[35.76,0.85]]]}},{"type":"Feature","properties":{"precip":20},"geometry":{"type":"Polygon","coordinates":[[[80.54,0.8],[80.54,0.83],[80.57,0.85],[80.57,0.88],[80.61,0.9],[80.68,0.9],[80.72,0.91],[80.9,0.91],[80.97,0.9],[81.01,0.9],[81.01,0.88],[81.01,0.83],[80.93,0.75],[80.93,0.73],[80.9,0.71],[80.83,0.73],[80.83,0.75],[80.79,0.76],[80.79,0.8],[80.79,0.78],[80.75,0.76],[80.75,0.73],[80.68,0.7],[80.61,0.7],[80.57,0.71],[80.57,0.75],[80.57,0.76],[80.54,0.8]]]}},{"type":"Feature","properties":{"precip":20},"geometry":{"type":"Polygon","coordinates":[[[36.84,0.7],[36.84,0.75],[36.88,0.75],[36.88,0.8],[36.91,0.8],[36.95,0.76],[36.95,0.68],[36.91,0.65],[36.91,0.6],[36.84,0.55],[36.73,0.5],[36.7,0.5],[36.66,0.51],[36.66,0.58],[36.7,0.58],[36.7,0.6],[36.8,0.6],[36.8,0.61],[36.84,0.61],[36.84,0.7]]]}},{"type":"Feature","properties":{"precip":20},"geometry":{"type":"Polygon","coordinates":[[[56.64,0.76],[56.71,0.8],[56.78,0.8],[56.82,0.78],[56.82,0.76],[56.85,0.75],[56.85,0.61],[56.82,0.6],[56.78,0.61],[56.71,0.68],[56.71,0.7],[56.67,0.73],[56.67,0.75],[56.64,0.76]]]}},{"type":"Feature","properties":{"precip":20},"geometry":{"type":"Polygon","coordinates":[[[83.74,0.75],[83.74,0.76],[83.78,0.78],[83.78,0.8],[83.81,0.8],[83.81,0.78],[83.81,0.71],[83.81,0.7],[83.78,0.7],[83.78,0.73],[83.74,0.73],[83.74,0.75]]]}},{"type":"Feature","properties":{"precip":20},"geometry":{"type":"Polygon","coordinates":[[[30.15,0.56],[30.15,0.58],[30.18,0.58],[30.18,0.6],[30.22,0.6],[30.22,0.58],[30.25,0.58],[30.25,0.51],[30.22,0.51],[30.22,0.5],[30.18,0.5],[30.18,0.51],[30.15,0.53],[30.15,0.56]]]}},{"type":"Feature","properties":{"precip":20},"geometry":{"type":"Polygon","coordinates":[[[20.75,0.45],[20.75,0.48],[20.79,0.5],[20.82,0.5],[20.82,0.48],[20.86,0.48],[20.86,0.41],[20.82,0.41],[20.82,0.4],[20.79,0.4],[20.75,0.41],[20.75,0.45]]]}},{"type":"Feature","properties":{"precip":20},"geometry":{"type":"Polygon","coordinates":[[[22.77,0.45],[22.77,0.5],[22.84,0.5],[22.84,0.4],[22.77,0.4],[22.77,0.45]]]}},{"type":"Feature","properties":{"precip":20},"geometry":{"type":"Polygon","coordinates":[[[76.76,0.4],[76.76,0.48],[76.79,0.5],[76.83,0.5],[76.83,0.43],[76.87,0.41],[76.87,0.33],[76.9,0.3],[77.12,0.3],[77.12,0.28],[77.23,0.28],[77.23,0.26],[77.26,0.25],[77.23,0.23],[77.19,0.23],[77.12,0.22],[76.9,0.22],[76.87,0.2],[76.61,0.2],[76.54,0.18],[76.47,0.18],[76.43,0.15],[76.43,0.12],[76.4,0.1],[76.4,0.12],[76.36,0.12],[76.36,0.13],[76.33,0.17],[76.25,0.22],[76.25,0.23],[76.25,0.28],[76.33,0.3],[76.61,0.3],[76.69,0.31],[76.69,0.33],[76.76,0.35],[76.76,0.4]]]}},{"type":"Feature","properties":{"precip":20},"geometry":{"type":"Polygon","coordinates":[[[91.26,0.45],[91.26,0.48],[91.3,0.48],[91.34,0.5],[91.48,0.5],[91.55,0.46],[91.55,0.43],[91.59,0.41],[91.62,0.41],[91.62,0.4],[91.8,0.4],[91.84,0.4],[91.91,0.38],[91.95,0.38],[91.95,0.33],[92.02,0.3],[92.06,0.3],[92.06,0.28],[92.13,0.28],[92.13,0.26],[92.16,0.25],[92.16,0.22],[92.24,0.22],[92.24,0.2],[92.27,0.2],[92.34,0.17],[92.38,0.13],[92.38,0.12],[92.42,0.1],[92.42,0.07],[92.45,0.05],[92.49,0.02],[92.56,0.02],[92.6,-0.0],[92.7,-0.0],[92.7,-0.02],[92.7,-0.07],[92.78,-0.07],[92.78,-0.1],[92.81,-0.1],[92.88,-0.12],[92.92,-0.13],[92.99,-0.18],[93.03,-0.23],[93.1,-0.35],[93.14,-0.4],[93.14,-0.47],[93.14,-0.5],[93.14,-0.55],[93.21,-0.58],[93.21,-0.63],[93.28,-0.68],[93.32,-0.7],[93.35,-0.7],[93.42,-0.71],[93.42,-0.75],[93.46,-0.76],[93.46,-0.85],[93.42,-0.86],[93.42,-0.9],[93.35,-0.9],[93.35,-0.95],[93.35,-0.98],[93.35,-1.35],[93.32,-1.36],[93.32,-1.4],[93.28,-1.41],[93.28,-1.43],[93.24,-1.43],[93.24,-1.45],[93.28,-1.46],[93.28,-1.49],[93.35,-1.58],[93.42,-1.59],[93.5,-1.59],[93.57,-1.56],[93.57,-1.51],[93.64,-1.51],[93.64,-1.56],[93.68,-1.56],[93.71,-1.58],[93.71,-1.59],[93.78,-1.59],[93.86,-1.61],[93.89,-1.61],[93.96,-1.64],[93.96,-1.66],[93.86,-1.69],[93.71,-1.69],[93.71,-1.71],[93.68,-1.71],[93.68,-1.74],[93.64,-1.78],[93.64,-1.83],[93.68,-1.86],[93.68,-1.88],[93.71,-1.89],[93.78,-1.89],[93.89,-1.91],[93.93,-1.94],[94.0,-1.98],[94.0,-2.01],[94.07,-2.06],[94.14,-2.09],[94.22,-2.09],[94.22,-2.08],[94.22,-2.03],[94.18,-1.96],[94.11,-1.91],[94.0,-1.83],[94.0,-1.78],[94.11,-1.71],[94.14,-1.69],[94.22,-1.69],[94.29,-1.69],[94.32,-1.69],[94.32,-1.68],[94.36,-1.66],[94.36,-1.54],[94.4,-1.51],[94.5,-1.41],[94.54,-1.4],[94.61,-1.4],[94.61,-1.38],[94.65,-1.36],[94.65,-1.15],[94.65,-1.13],[94.65,-1.11],[94.72,-1.11],[94.75,-1.1],[94.86,-1.1],[94.86,-1.08],[94.93,-1.08],[94.93,-1.05],[94.97,-1.03],[94.97,-1.01],[95.01,-1.01],[95.04,-1.0],[95.19,-1.0],[95.22,-1.0],[95.29,-1.0],[95.29,-0.98],[95.29,-0.96],[95.37,-0.95],[95.37,-0.93],[95.4,-0.93],[95.44,-0.91],[95.47,-0.91],[95.51,-0.9],[95.73,-0.9],[95.73,-0.88],[95.8,-0.88],[95.83,-0.86],[95.83,-0.85],[95.91,-0.81],[95.94,-0.81],[96.16,-0.81],[96.23,-0.8],[96.34,-0.8],[96.48,-0.73],[96.52,-0.7],[96.52,-0.65],[96.59,-0.63],[96.59,-0.61],[96.59,-0.6],[96.7,-0.6],[96.7,-0.58],[96.73,-0.57],[96.73,-0.55],[96.77,-0.53],[96.77,-0.52],[96.81,-0.5],[96.81,-0.47],[96.95,-0.42],[96.99,-0.42],[97.02,-0.4],[97.17,-0.4],[97.24,-0.37],[97.24,-0.33],[97.24,-0.32],[97.31,-0.3],[97.35,-0.3],[97.38,-0.3],[97.42,-0.3],[97.42,-0.27],[97.45,-0.25],[97.45,-0.17],[97.45,-0.13],[97.45,-0.1],[97.56,-0.03],[97.63,-0.02],[97.67,-0.0],[97.78,-0.0],[97.85,-0.03],[97.85,-0.17],[97.81,-0.18],[97.81,-0.2],[97.78,-0.22],[97.78,-0.3],[97.85,-0.35],[97.96,-0.4],[98.1,-0.4],[98.1,-0.42],[98.1,-0.43],[98.1,-0.68],[98.1,-0.7],[98.07,-0.7],[98.07,-0.81],[98.03,-0.83],[98.03,-0.88],[97.99,-0.9],[97.89,-0.9],[97.89,-0.91],[97.89,-0.93],[97.85,-0.95],[97.85,-1.06],[97.78,-1.1],[97.74,-1.1],[97.67,-1.13],[97.67,-1.16],[97.63,-1.2],[97.63,-1.28],[97.6,-1.3],[97.53,-1.3],[97.45,-1.31],[97.38,-1.35],[97.35,-1.36],[97.31,-1.38],[97.24,-1.45],[97.24,-1.48],[97.17,-1.53],[97.13,-1.54],[97.09,-1.58],[97.02,-1.61],[96.95,-1.66],[96.88,-1.71],[96.81,-1.76],[96.73,-1.86],[96.66,-1.94],[96.59,-1.96],[96.55,-1.99],[96.52,-1.99],[96.45,-2.01],[96.27,-2.01],[96.16,-2.03],[96.16,-2.04],[96.16,-2.06],[96.12,-2.06],[96.05,-2.09],[95.91,-2.09],[95.83,-2.11],[95.73,-2.14],[95.65,-2.23],[95.65,-2.26],[95.58,-2.29],[95.47,-2.31],[95.44,-2.34],[95.44,-2.37],[95.29,-2.39],[95.15,-2.39],[95.04,-2.36],[95.04,-2.23],[94.97,-2.21],[94.75,-2.21],[94.65,-2.23],[94.65,-2.24],[94.65,-2.39],[94.58,-2.39],[94.58,-2.44],[94.54,-2.46],[94.54,-2.52],[94.58,-2.54],[94.58,-2.57],[94.65,-2.59],[94.75,-2.64],[94.83,-2.71],[94.83,-2.74],[94.86,-2.77],[94.86,-2.84],[94.83,-2.86],[94.83,-2.89],[94.79,-2.91],[94.72,-2.91],[94.65,-2.92],[94.65,-2.96],[94.54,-2.99],[94.43,-2.99],[94.36,-3.01],[94.22,-3.01],[94.18,-2.99],[94.0,-2.99],[93.96,-2.97],[93.96,-2.94],[93.89,-2.92],[93.78,-2.92],[93.71,-2.91],[93.28,-2.91],[93.14,-2.87],[93.14,-2.84],[93.14,-2.81],[93.14,-2.77],[93.14,-2.76],[93.14,-2.72],[93.24,-2.67],[93.24,-2.61],[93.14,-2.57],[93.14,-2.56],[93.06,-2.52],[92.99,-2.51],[92.88,-2.51],[92.81,-2.49],[92.7,-2.46],[92.7,-2.41],[92.7,-2.39],[92.6,-2.39],[92.56,-2.39],[92.56,-2.34],[92.49,-2.31],[92.42,-2.31],[92.42,-2.29],[92.27,-2.29],[92.24,-2.23],[92.13,-2.21],[91.84,-2.21],[91.77,-2.23],[91.7,-2.29],[91.59,-2.29],[91.52,-2.31],[91.41,-2.36],[91.41,-2.47],[91.37,-2.51],[91.3,-2.51],[91.26,-2.52],[91.26,-2.57],[91.19,-2.57],[91.19,-2.59],[91.08,-2.59],[91.05,-2.57],[91.05,-2.52],[90.98,-2.51],[90.94,-2.51],[90.87,-2.54],[90.76,-2.62],[90.76,-2.71],[90.72,-2.74],[90.72,-2.79],[90.65,-2.84],[90.54,-2.92],[90.47,-2.97],[90.44,-2.92],[90.29,-2.91],[90.11,-2.91],[89.97,-2.92],[89.9,-2.99],[89.82,-2.97],[89.75,-2.92],[89.68,-2.87],[89.61,-2.79],[89.46,-2.71],[89.32,-2.52],[89.18,-2.42],[89.03,-2.39],[88.49,-2.39],[88.38,-2.39],[88.35,-2.39],[88.35,-2.34],[88.38,-2.28],[88.49,-2.23],[88.56,-2.21],[88.67,-2.21],[88.74,-2.18],[88.74,-2.14],[88.78,-2.11],[88.82,-2.11],[88.89,-2.09],[89.0,-2.09],[89.03,-2.04],[89.03,-2.01],[88.96,-1.99],[88.96,-1.93],[89.0,-1.91],[89.03,-1.89],[89.25,-1.89],[89.25,-1.88],[89.32,-1.88],[89.36,-1.84],[89.39,-1.83],[89.46,-1.81],[89.68,-1.81],[89.75,-1.79],[90.04,-1.79],[90.11,-1.76],[90.11,-1.71],[90.18,-1.71],[90.18,-1.69],[90.26,-1.69],[90.33,-1.64],[90.33,-1.63],[90.44,-1.56],[90.47,-1.51],[90.54,-1.46],[90.54,-1.41],[90.62,-1.38],[90.62,-1.31],[90.54,-1.25],[90.51,-1.2],[90.47,-1.15],[90.47,-1.06],[90.44,-1.0],[90.44,-0.91],[90.47,-0.85],[90.47,-0.81],[90.51,-0.81],[90.51,-0.8],[90.54,-0.78],[90.54,-0.65],[90.54,-0.61],[90.62,-0.61],[90.62,-0.6],[90.69,-0.58],[90.87,-0.43],[91.08,-0.22],[91.26,0.02],[91.26,0.08],[91.3,0.1],[91.3,0.12],[91.34,0.13],[91.34,0.15],[91.41,0.18],[91.41,0.23],[91.41,0.25],[91.41,0.36],[91.41,0.38],[91.41,0.4],[91.37,0.4],[91.34,0.4],[91.3,0.4],[91.26,0.41],[91.26,0.45]],[[91.77,0.25],[91.73,0.26],[91.73,0.3],[91.7,0.3],[91.62,0.28],[91.62,0.22],[91.73,0.22],[91.73,0.23],[91.77,0.23],[91.77,0.25]],[[92.34,-1.25],[92.34,-1.2],[92.27,-1.2],[92.27,-1.23],[92.24,-1.25],[92.24,-1.26],[92.27,-1.26],[92.27,-1.3],[92.34,-1.3],[92.34,-1.25]],[[93.96,-2.04],[93.93,-2.01],[93.86,-2.03],[93.86,-2.08],[93.93,-2.09],[93.96,-2.04]]]}},{"type":"Feature","properties":{"precip":20},"geometry":{"type":"Polygon","coordinates":[[[98.07,0.45],[98.07,0.48],[98.1,0.5],[98.21,0.5],[98.21,0.48],[98.25,0.48],[98.25,0.41],[98.21,0.41],[98.21,0.4],[98.1,0.4],[98.07,0.41],[98.07,0.45]]]}},{"type":"Feature","properties":{"precip":20},"geometry":{"type":"Polygon","coordinates":[[[6.71,0.31],[6.75,0.35],[6.75,0.38],[6.79,0.4],[6.86,0.4],[6.86,0.36],[6.82,0.35],[6.82,0.3],[6.79,0.28],[6.79,0.26],[6.75,0.23],[6.68,0.22],[6.68,0.28],[6.71,0.31]]]}},{"type":"Feature","properties":{"precip":20},"geometry":{"type":"Polygon","coordinates":[[[36.55,0.35],[36.55,0.4],[36.59,0.4],[36.62,0.4],[36.62,0.38],[36.66,0.38],[36.66,0.33],[36.62,0.31],[36.62,0.3],[36.59,0.3],[36.59,0.31],[36.55,0.31],[36.55,0.35]]]}},{"type":"Feature","properties":{"precip":20},"geometry":{"type":"Polygon","coordinates":[[[37.31,0.31],[37.34,0.35],[37.34,0.38],[37.38,0.4],[37.42,0.4],[37.45,0.4],[37.45,0.35],[37.42,0.33],[37.42,0.3],[37.38,0.28],[37.38,0.26],[37.34,0.23],[37.27,0.22],[37.27,0.28],[37.31,0.31]]]}},{"type":"Feature","properties":{"precip":20},"geometry":{"type":"Polygon","coordinates":[[[98.86,0.35],[98.86,0.4],[98.89,0.4],[98.93,0.4],[98.93,0.38],[98.97,0.36],[98.97,0.35],[98.93,0.33],[98.93,0.3],[98.89,0.3],[98.86,0.31],[98.86,0.35]]]}},{"type":"Feature","properties":{"precip":20},"geometry":{"type":"Polygon","coordinates":[[[20.36,0.25],[20.36,0.28],[20.39,0.28],[20.43,0.3],[20.5,0.3],[20.5,0.28],[20.54,0.28],[20.54,0.22],[20.46,0.22],[20.46,0.2],[20.43,0.22],[20.39,0.22],[20.36,0.23],[20.36,0.25]]]}},{"type":"Feature","properties":{"precip":20},"geometry":{"type":"Polygon","coordinates":[[[65.96,0.25],[65.96,0.28],[66.0,0.3],[66.03,0.3],[66.03,0.26],[66.07,0.25],[66.07,0.23],[66.03,0.23],[66.03,0.22],[65.96,0.22],[65.96,0.25]]]}},{"type":"Feature","properties":{"precip":20},"geometry":{"type":"Polygon","coordinates":[[[66.14,0.2],[66.14,0.23],[66.18,0.25],[66.18,0.28],[66.21,0.3],[66.28,0.3],[66.36,0.26],[66.36,0.23],[66.39,0.23],[66.43,0.22],[66.5,0.22],[66.54,0.2],[66.68,0.2],[66.68,0.18],[66.72,0.18],[66.75,0.17],[66.75,0.13],[66.79,0.12],[66.82,0.12],[66.82,0.1],[67.04,0.1],[67.08,0.08],[67.11,0.08],[67.15,0.07],[67.15,-0.07],[67.08,-0.1],[66.86,-0.1],[66.79,-0.12],[66.72,-0.12],[66.64,-0.13],[66.64,-0.17],[66.61,-0.18],[66.61,-0.2],[66.5,-0.2],[66.5,-0.18],[66.46,-0.18],[66.46,-0.13],[66.39,-0.12],[66.32,-0.12],[66.28,-0.1],[66.1,-0.1],[66.1,-0.08],[66.07,-0.07],[66.07,0.08],[66.14,0.12],[66.14,0.2]]]}},{"type":"Feature","properties":{"precip":20},"geometry":{"type":"Polygon","coordinates":[[[20.86,0.15],[20.86,0.2],[20.93,0.2],[20.93,0.17],[20.97,0.17],[20.97,0.13],[20.93,0.13],[20.93,0.1],[20.86,0.1],[20.86,0.15]]]}},{"type":"Feature","properties":{"precip":20},"geometry":{"type":"Polygon","coordinates":[[[29.14,0.15],[29.14,0.17],[29.17,0.18],[29.17,0.2],[29.25,0.2],[29.25,0.1],[29.17,0.1],[29.17,0.12],[29.14,0.13],[29.14,0.15]]]}},{"type":"Feature","properties":{"precip":20},"geometry":{"type":"Polygon","coordinates":[[[30.36,0.15],[30.36,0.2],[30.43,0.2],[30.43,0.1],[30.36,0.1],[30.36,0.15]]]}},{"type":"Feature","properties":{"precip":20},"geometry":{"type":"Polygon","coordinates":[[[37.45,0.1],[37.45,0.18],[37.49,0.18],[37.49,0.2],[37.52,0.2],[37.52,0.17],[37.56,0.13],[37.56,0.05],[37.52,0.05],[37.52,-0.0],[37.49,-0.0],[37.49,0.02],[37.45,0.03],[37.45,0.1]]]}},{"type":"Feature","properties":{"precip":20},"geometry":{"type":"Polygon","coordinates":[[[80.97,0.15],[80.97,0.18],[81.01,0.18],[81.01,0.2],[81.19,0.2],[81.22,0.17],[81.22,0.12],[81.26,0.12],[81.26,0.1],[81.4,0.1],[81.4,0.08],[81.44,0.08],[81.44,0.05],[81.47,0.02],[81.55,0.02],[81.58,-0.0],[81.65,-0.0],[81.69,-0.02],[81.69,-0.05],[81.76,-0.07],[81.76,-0.12],[81.65,-0.22],[81.65,-0.25],[81.55,-0.3],[81.44,-0.3],[81.37,-0.3],[81.22,-0.3],[81.19,-0.32],[81.15,-0.33],[81.15,-0.38],[81.19,-0.4],[81.22,-0.43],[81.22,-0.45],[81.22,-0.47],[81.19,-0.5],[81.19,-0.57],[81.15,-0.63],[81.15,-0.83],[81.19,-0.88],[81.19,-0.9],[81.22,-0.9],[81.22,-0.91],[81.22,-0.93],[81.22,-0.98],[81.22,-1.0],[81.19,-1.0],[81.11,-1.0],[81.04,-1.01],[81.04,-1.03],[81.01,-1.05],[81.01,-1.15],[81.04,-1.16],[81.04,-1.18],[81.11,-1.18],[81.11,-1.2],[81.22,-1.2],[81.37,-1.16],[81.37,-1.11],[81.4,-1.11],[81.44,-1.1],[81.47,-1.13],[81.55,-1.16],[81.55,-1.26],[81.44,-1.33],[81.44,-1.35],[81.44,-1.36],[81.44,-1.38],[81.55,-1.41],[81.55,-1.48],[81.47,-1.49],[81.44,-1.49],[81.44,-1.51],[81.4,-1.51],[81.37,-1.51],[81.37,-1.61],[81.33,-1.63],[81.33,-1.68],[81.26,-1.69],[81.26,-1.71],[81.22,-1.73],[81.22,-1.76],[81.19,-1.81],[81.19,-1.86],[81.15,-1.88],[81.15,-1.98],[81.04,-2.01],[81.04,-2.06],[81.01,-2.09],[81.01,-2.26],[80.9,-2.32],[80.9,-2.34],[80.79,-2.37],[80.79,-2.39],[80.72,-2.47],[80.72,-2.49],[80.61,-2.46],[80.61,-2.42],[80.57,-2.42],[80.5,-2.47],[80.47,-2.54],[80.36,-2.59],[80.36,-2.62],[80.36,-2.64],[80.36,-2.74],[80.32,-2.76],[80.32,-2.79],[80.18,-2.89],[80.14,-2.91],[80.11,-2.91],[80.11,-2.92],[79.93,-3.04],[79.93,-3.11],[79.93,-3.12],[79.93,-3.17],[79.89,-3.19],[79.89,-3.22],[79.85,-3.24],[79.85,-3.27],[79.75,-3.3],[79.75,-3.37],[79.82,-3.4],[79.82,-3.44],[79.85,-3.44],[79.71,-3.54],[79.71,-3.65],[79.6,-3.79],[79.6,-3.8],[79.53,-3.82],[79.53,-3.95],[79.49,-3.97],[79.49,-3.99],[79.46,-4.02],[79.46,-4.23],[79.42,-4.25],[79.42,-4.3],[79.39,-4.3],[79.39,-4.32],[79.31,-4.33],[79.31,-4.55],[79.28,-4.57],[79.28,-4.6],[79.28,-4.65],[79.24,-4.67],[79.24,-4.75],[79.28,-4.78],[79.31,-4.8],[79.46,-4.85],[79.46,-4.91],[79.42,-4.95],[79.42,-5.0],[79.31,-5.03],[79.31,-5.05],[79.24,-5.1],[79.1,-5.1],[79.03,-5.15],[79.03,-5.2],[78.99,-5.2],[78.99,-5.16],[78.95,-5.13],[78.85,-5.11],[78.81,-5.11],[78.74,-5.1],[78.41,-5.1],[78.23,-5.06],[78.2,-5.01],[78.13,-4.93],[78.05,-4.9],[77.98,-4.9],[77.95,-4.91],[77.95,-4.98],[77.77,-5.01],[77.77,-5.1],[77.84,-5.1],[77.84,-5.2],[77.77,-5.2],[77.73,-5.2],[77.62,-5.28],[77.55,-5.33],[77.51,-5.38],[77.48,-5.45],[77.48,-5.51],[77.44,-5.55],[77.48,-5.6],[77.48,-5.66],[77.51,-5.71],[77.55,-5.76],[77.62,-5.83],[77.69,-5.86],[77.77,-5.89],[77.84,-5.91],[77.84,-5.96],[77.87,-5.96],[77.87,-5.99],[77.98,-5.99],[77.98,-5.98],[78.09,-5.91],[78.16,-5.89],[78.41,-5.89],[78.45,-5.89],[78.56,-5.86],[78.56,-5.83],[78.63,-5.79],[78.67,-5.79],[78.74,-5.78],[78.74,-5.73],[78.77,-5.73],[78.77,-5.71],[78.85,-5.71],[78.85,-5.68],[78.95,-5.66],[78.95,-5.63],[79.03,-5.6],[79.03,-5.56],[79.06,-5.55],[79.1,-5.53],[79.1,-5.58],[79.06,-5.6],[79.06,-5.68],[79.1,-5.71],[79.24,-5.71],[79.31,-5.66],[79.31,-5.53],[79.28,-5.5],[79.28,-5.46],[79.24,-5.43],[79.24,-5.36],[79.28,-5.33],[79.31,-5.3],[79.39,-5.3],[79.49,-5.33],[79.49,-5.36],[79.6,-5.38],[79.64,-5.41],[79.64,-5.48],[79.53,-5.53],[79.53,-5.71],[79.64,-5.68],[79.71,-5.61],[79.71,-5.56],[79.71,-5.55],[79.71,-5.4],[79.75,-5.36],[79.75,-5.31],[79.89,-5.21],[79.93,-5.2],[79.96,-5.2],[80.03,-5.2],[80.03,-5.16],[80.07,-5.15],[80.07,-5.11],[80.11,-5.1],[80.14,-5.1],[80.25,-5.06],[80.25,-5.03],[80.29,-5.01],[80.32,-5.01],[80.39,-5.16],[80.47,-5.2],[80.47,-5.23],[80.39,-5.26],[80.36,-5.3],[80.29,-5.3],[80.18,-5.31],[80.14,-5.35],[80.14,-5.36],[80.14,-5.4],[80.25,-5.41],[80.25,-5.48],[80.11,-5.51],[80.03,-5.55],[80.03,-5.58],[79.93,-5.56],[79.93,-5.53],[79.89,-5.51],[79.85,-5.55],[79.85,-5.74],[79.89,-5.76],[79.89,-5.79],[79.96,-5.79],[80.07,-5.74],[80.07,-5.71],[80.11,-5.71],[80.25,-5.71],[80.25,-5.7],[80.32,-5.7],[80.36,-5.68],[80.36,-5.63],[80.5,-5.6],[80.75,-5.6],[80.83,-5.55],[80.79,-5.51],[80.79,-5.48],[80.75,-5.48],[80.75,-5.33],[80.9,-5.3],[81.04,-5.3],[81.04,-5.28],[81.15,-5.26],[81.15,-5.23],[81.19,-5.2],[81.22,-5.2],[81.33,-5.2],[81.33,-5.15],[81.37,-5.13],[81.37,-5.01],[81.44,-5.01],[81.55,-5.15],[81.55,-5.28],[81.44,-5.31],[81.44,-5.36],[81.47,-5.38],[81.47,-5.41],[81.55,-5.43],[81.62,-5.53],[81.62,-5.56],[81.65,-5.61],[81.65,-5.68],[81.58,-5.71],[81.58,-5.73],[81.55,-5.74],[81.55,-5.84],[81.47,-5.89],[81.44,-5.89],[81.37,-5.88],[81.33,-5.84],[81.33,-5.81],[81.22,-5.83],[81.22,-5.86],[81.22,-5.89],[81.15,-5.98],[81.15,-6.06],[81.19,-6.09],[81.22,-6.09],[81.22,-6.13],[81.22,-6.14],[81.22,-6.24],[81.19,-6.29],[81.11,-6.29],[81.04,-6.26],[81.01,-6.26],[81.01,-6.24],[80.97,-6.21],[80.75,-6.21],[80.61,-6.24],[80.61,-6.26],[80.57,-6.29],[80.36,-6.29],[80.25,-6.26],[80.18,-6.24],[80.18,-6.21],[80.14,-6.21],[80.14,-6.24],[80.11,-6.29],[80.03,-6.29],[79.93,-6.33],[79.93,-6.36],[80.11,-6.39],[80.14,-6.39],[80.29,-6.41],[80.79,-6.41],[80.9,-6.41],[80.97,-6.41],[81.01,-6.43],[81.01,-6.48],[80.83,-6.53],[80.83,-6.59],[80.9,-6.59],[80.97,-6.59],[81.01,-6.61],[81.01,-6.66],[81.01,-6.76],[81.01,-6.79],[81.01,-6.82],[80.97,-6.82],[80.97,-6.87],[81.01,-6.87],[81.01,-6.91],[81.01,-6.94],[81.01,-7.19],[80.97,-7.21],[80.97,-7.27],[81.04,-7.29],[81.26,-7.29],[81.44,-7.32],[81.44,-7.36],[81.33,-7.39],[81.22,-7.39],[81.15,-7.41],[80.75,-7.41],[80.61,-7.39],[80.57,-7.39],[80.5,-7.37],[80.36,-7.31],[80.29,-7.29],[80.14,-7.31],[80.07,-7.34],[79.96,-7.39],[79.96,-7.42],[79.93,-7.45],[79.93,-7.55],[79.93,-7.57],[79.93,-7.6],[79.85,-7.64],[79.85,-7.65],[79.93,-7.69],[79.93,-7.72],[79.93,-7.74],[79.93,-7.79],[79.75,-7.8],[79.71,-7.87],[79.71,-7.9],[79.67,-7.89],[79.67,-7.85],[79.64,-7.84],[79.64,-7.8],[79.49,-7.79],[79.49,-7.77],[79.42,-7.74],[79.39,-7.7],[79.39,-7.67],[79.31,-7.64],[79.28,-7.62],[79.21,-7.62],[79.1,-7.6],[78.56,-7.6],[78.41,-7.55],[78.41,-7.44],[78.45,-7.41],[78.56,-7.37],[78.56,-7.32],[78.45,-7.29],[78.41,-7.29],[78.38,-7.27],[78.34,-7.27],[78.34,-7.24],[78.2,-7.21],[78.05,-7.21],[77.84,-7.26],[77.77,-7.32],[77.77,-7.45],[77.66,-7.49],[77.51,-7.49],[77.33,-7.5],[77.26,-7.54],[77.26,-7.6],[77.33,-7.62],[77.33,-7.67],[77.3,-7.69],[77.3,-7.72],[77.23,-7.75],[77.23,-7.77],[77.12,-7.79],[77.08,-7.8],[76.9,-7.8],[76.76,-7.82],[76.76,-7.87],[76.69,-7.87],[76.69,-7.9],[76.58,-7.9],[76.54,-7.94],[76.54,-7.99],[76.47,-7.99],[76.4,-7.99],[76.33,-7.94],[76.33,-7.9],[76.25,-7.9],[76.25,-7.94],[76.25,-7.97],[76.18,-7.99],[76.04,-7.99],[76.04,-7.94],[75.97,-7.9],[75.86,-7.9],[75.79,-7.92],[75.71,-7.97],[75.71,-7.99],[75.68,-7.99],[75.68,-7.95],[75.57,-7.9],[75.43,-7.9],[75.39,-7.87],[75.35,-7.87],[75.35,-7.82],[75.28,-7.8],[75.14,-7.8],[75.14,-7.79],[75.03,-7.74],[74.99,-7.7],[74.99,-7.67],[74.81,-7.6],[74.67,-7.6],[74.56,-7.57],[74.56,-7.54],[74.53,-7.5],[74.45,-7.49],[74.38,-7.49],[74.35,-7.45],[74.35,-7.42],[74.31,-7.41],[74.24,-7.41],[74.17,-7.37],[74.17,-7.29],[74.13,-7.27],[74.13,-7.22],[74.06,-7.16],[74.06,-7.14],[73.99,-7.09],[73.99,-7.06],[73.95,-7.02],[73.95,-6.84],[73.84,-6.79],[73.55,-6.79],[73.48,-6.76],[73.45,-6.76],[73.45,-6.72],[73.52,-6.69],[73.55,-6.69],[73.55,-6.62],[73.45,-6.59],[73.3,-6.59],[73.27,-6.57],[73.27,-6.38],[73.23,-6.33],[73.23,-6.21],[73.19,-6.18],[73.16,-6.18],[73.16,-6.13],[73.23,-6.09],[73.27,-6.06],[73.27,-6.04],[73.23,-6.01],[73.16,-5.99],[73.09,-5.99],[73.05,-5.96],[73.05,-5.83],[72.94,-5.73],[72.98,-5.73],[72.98,-5.71],[73.01,-5.71],[73.05,-5.73],[73.05,-5.76],[73.16,-5.79],[73.3,-5.79],[73.34,-5.78],[73.34,-5.73],[73.45,-5.71],[73.59,-5.71],[73.63,-5.7],[73.7,-5.7],[73.73,-5.68],[73.73,-5.6],[73.66,-5.58],[73.66,-5.41],[73.73,-5.38],[73.73,-5.21],[73.7,-5.2],[73.52,-5.2],[73.45,-5.25],[73.45,-5.36],[73.48,-5.36],[73.48,-5.4],[73.52,-5.4],[73.55,-5.43],[73.55,-5.55],[73.45,-5.6],[73.23,-5.6],[73.16,-5.56],[73.16,-5.55],[73.09,-5.51],[73.01,-5.51],[72.98,-5.5],[72.91,-5.5],[72.83,-5.45],[72.83,-5.41],[72.8,-5.4],[72.73,-5.4],[72.65,-5.41],[72.65,-5.46],[72.62,-5.5],[72.47,-5.5],[72.47,-5.46],[72.44,-5.46],[72.44,-5.43],[72.47,-5.4],[72.55,-5.36],[72.55,-5.16],[72.58,-5.15],[72.58,-5.1],[72.65,-5.06],[72.65,-4.9],[72.69,-4.87],[72.69,-4.85],[72.73,-4.8],[72.73,-4.77],[72.87,-4.65],[72.87,-4.62],[72.94,-4.55],[72.94,-4.45],[73.01,-4.4],[73.09,-4.4],[73.12,-4.38],[73.12,-4.35],[73.16,-4.33],[73.16,-4.25],[73.05,-4.2],[72.69,-4.2],[72.55,-4.23],[72.55,-4.28],[72.58,-4.28],[72.65,-4.32],[72.65,-4.37],[72.55,-4.4],[72.44,-4.4],[72.37,-4.37],[72.37,-4.32],[72.44,-4.28],[72.44,-4.22],[72.33,-4.13],[72.19,-4.08],[72.15,-4.08],[72.15,-4.03],[72.08,-4.0],[72.01,-4.0],[71.9,-3.97],[71.79,-3.92],[71.72,-3.82],[71.65,-3.59],[71.65,-3.44],[71.68,-3.32],[71.79,-3.22],[71.86,-3.16],[71.97,-3.11],[72.08,-3.09],[72.15,-3.09],[72.37,-3.12],[72.47,-3.16],[72.55,-3.22],[72.62,-3.35],[72.65,-3.45],[72.65,-3.74],[72.62,-3.77],[72.62,-3.79],[72.58,-3.79],[72.55,-3.82],[72.55,-3.85],[72.62,-3.89],[72.69,-3.89],[72.76,-3.9],[73.05,-3.9],[73.09,-3.92],[73.19,-3.92],[73.27,-3.95],[73.27,-3.99],[73.34,-4.0],[73.45,-3.97],[73.45,-3.84],[73.48,-3.8],[73.55,-3.8],[73.55,-3.89],[73.63,-3.9],[73.7,-3.9],[73.73,-3.89],[73.73,-3.85],[73.81,-3.8],[73.88,-3.79],[73.95,-3.79],[74.02,-3.8],[74.02,-3.84],[74.06,-3.87],[74.06,-4.35],[74.13,-4.4],[74.24,-4.4],[74.24,-4.48],[74.13,-4.57],[74.06,-4.6],[73.99,-4.6],[73.91,-4.67],[73.91,-4.7],[73.88,-4.7],[73.88,-4.67],[73.84,-4.62],[73.81,-4.6],[73.77,-4.62],[73.77,-4.67],[73.73,-4.68],[73.73,-4.78],[73.66,-4.83],[73.66,-4.87],[73.7,-4.91],[73.77,-4.96],[73.84,-5.0],[73.91,-5.0],[73.95,-4.95],[73.95,-4.85],[74.02,-4.82],[74.17,-4.82],[74.27,-4.8],[74.74,-4.8],[74.85,-4.75],[74.85,-4.63],[74.81,-4.6],[74.78,-4.6],[74.78,-4.55],[74.74,-4.53],[74.74,-4.47],[74.78,-4.45],[74.78,-4.42],[74.81,-4.4],[74.89,-4.4],[74.92,-4.38],[74.92,-4.35],[74.96,-4.33],[74.96,-4.23],[74.99,-4.2],[75.17,-4.2],[75.21,-4.17],[75.25,-4.17],[75.25,-4.13],[75.35,-4.1],[75.5,-4.1],[75.53,-4.08],[75.53,-3.95],[75.57,-3.9],[75.57,-3.82],[75.68,-3.79],[75.86,-3.79],[75.97,-3.75],[75.97,-3.72],[76.0,-3.7],[76.04,-3.72],[76.04,-3.75],[76.04,-3.77],[76.04,-3.79],[76.15,-3.77],[76.15,-3.74],[76.33,-3.65],[76.43,-3.59],[76.54,-3.44],[76.54,-3.35],[76.69,-3.24],[76.79,-3.2],[76.87,-3.2],[76.97,-3.17],[77.12,-3.09],[77.12,-3.04],[77.23,-2.99],[77.23,-2.92],[77.26,-2.89],[77.26,-2.82],[77.33,-2.79],[77.48,-2.79],[77.55,-2.76],[77.55,-2.74],[77.55,-2.71],[77.66,-2.71],[77.73,-2.69],[77.73,-2.64],[77.77,-2.62],[77.77,-2.57],[77.73,-2.56],[77.73,-2.52],[77.69,-2.51],[77.62,-2.51],[77.55,-2.46],[77.55,-2.36],[77.62,-2.31],[77.73,-2.31],[77.77,-2.29],[77.98,-2.29],[78.05,-2.26],[78.05,-2.06],[78.16,-1.93],[78.2,-1.91],[78.2,-1.88],[78.2,-1.86],[78.2,-1.76],[78.23,-1.73],[78.2,-1.69],[78.2,-1.61],[78.16,-1.59],[78.13,-1.59],[78.05,-1.56],[78.05,-1.45],[77.98,-1.43],[77.98,-1.41],[77.98,-1.4],[77.91,-1.4],[77.87,-1.38],[77.87,-1.35],[77.84,-1.33],[77.84,-1.2],[77.77,-1.2],[77.77,-1.25],[77.73,-1.26],[77.73,-1.28],[77.69,-1.28],[77.62,-1.3],[77.33,-1.3],[77.26,-1.31],[77.08,-1.31],[77.01,-1.33],[76.97,-1.33],[76.97,-1.35],[76.9,-1.35],[76.9,-1.36],[76.87,-1.4],[76.69,-1.4],[76.65,-1.41],[76.61,-1.41],[76.54,-1.45],[76.54,-1.48],[76.47,-1.48],[76.47,-1.49],[76.4,-1.49],[76.36,-1.51],[76.15,-1.51],[76.11,-1.51],[76.04,-1.51],[76.04,-1.53],[76.04,-1.54],[76.04,-1.58],[76.0,-1.59],[75.97,-1.59],[75.97,-1.51],[76.0,-1.51],[76.0,-1.49],[76.04,-1.48],[76.04,-1.3],[76.04,-1.26],[76.04,-1.2],[76.11,-1.2],[76.15,-1.18],[76.15,-1.13],[76.11,-1.13],[76.11,-1.11],[76.04,-1.11],[76.0,-1.1],[75.82,-1.1],[75.75,-1.06],[75.75,-1.01],[75.82,-1.0],[75.82,-0.98],[75.86,-0.96],[75.86,-0.95],[75.82,-0.93],[75.82,-0.91],[75.79,-0.9],[75.79,-0.86],[75.75,-0.85],[75.75,-0.83],[75.79,-0.81],[75.82,-0.81],[75.82,-0.78],[75.86,-0.75],[75.86,-0.63],[75.89,-0.61],[75.97,-0.61],[76.04,-0.6],[76.15,-0.6],[76.18,-0.61],[76.25,-0.61],[76.36,-0.65],[76.36,-0.66],[76.4,-0.68],[76.4,-0.7],[76.47,-0.7],[76.47,-0.66],[76.54,-0.66],[76.54,-0.58],[76.58,-0.57],[76.58,-0.5],[76.61,-0.48],[76.61,-0.47],[76.76,-0.42],[76.83,-0.42],[76.9,-0.4],[77.01,-0.4],[77.12,-0.43],[77.19,-0.47],[77.19,-0.5],[77.23,-0.5],[77.23,-0.47],[77.26,-0.45],[77.26,-0.42],[77.3,-0.42],[77.33,-0.4],[77.41,-0.4],[77.41,-0.42],[77.44,-0.43],[77.44,-0.47],[77.48,-0.47],[77.48,-0.48],[77.51,-0.48],[77.51,-0.5],[77.55,-0.5],[77.62,-0.52],[77.69,-0.58],[77.69,-0.61],[77.73,-0.65],[77.73,-0.68],[77.77,-0.71],[77.77,-0.8],[77.84,-0.8],[77.87,-0.76],[77.87,-0.71],[77.91,-0.7],[77.91,-0.71],[77.95,-0.73],[77.95,-0.78],[77.98,-0.78],[77.98,-0.8],[77.98,-0.81],[78.09,-0.81],[78.13,-0.81],[78.13,-0.83],[78.16,-0.83],[78.16,-0.85],[78.2,-0.86],[78.2,-0.9],[78.2,-0.95],[78.2,-1.1],[78.2,-1.11],[78.16,-1.13],[78.16,-1.36],[78.2,-1.4],[78.2,-1.36],[78.23,-1.35],[78.23,-1.33],[78.31,-1.31],[78.31,-1.33],[78.34,-1.33],[78.34,-1.35],[78.38,-1.36],[78.38,-1.38],[78.41,-1.41],[78.41,-1.43],[78.41,-1.45],[78.45,-1.48],[78.52,-1.49],[78.52,-1.51],[78.56,-1.51],[78.63,-1.46],[78.63,-1.43],[78.67,-1.38],[78.74,-1.35],[78.74,-1.26],[78.77,-1.25],[78.77,-1.2],[78.85,-1.2],[78.85,-1.26],[78.85,-1.28],[78.88,-1.3],[79.17,-1.3],[79.24,-1.26],[79.24,-1.25],[79.28,-1.21],[79.28,-1.2],[79.28,-1.18],[79.31,-1.16],[79.31,-1.15],[79.39,-1.13],[79.39,-1.11],[79.42,-1.11],[79.46,-1.1],[79.49,-1.1],[79.49,-1.08],[79.49,-1.03],[79.53,-1.01],[79.53,-0.93],[79.6,-0.91],[79.6,-0.9],[79.64,-0.9],[79.71,-0.85],[79.71,-0.83],[79.93,-0.68],[79.93,-0.66],[79.93,-0.65],[80.03,-0.61],[80.03,-0.6],[80.07,-0.6],[80.11,-0.58],[80.25,-0.47],[80.25,-0.35],[80.29,-0.33],[80.29,-0.3],[80.32,-0.28],[80.32,-0.27],[80.36,-0.25],[80.36,-0.23],[80.36,-0.22],[80.36,-0.2],[80.39,-0.18],[80.39,-0.13],[80.47,-0.12],[80.47,-0.03],[80.5,0.02],[80.57,0.07],[80.72,0.1],[80.83,0.1],[80.9,0.12],[80.93,0.12],[80.93,0.13],[80.97,0.15]],[[77.44,-0.65],[77.44,-0.61],[77.41,-0.61],[77.41,-0.6],[77.33,-0.61],[77.33,-0.65],[77.33,-0.7],[77.41,-0.7],[77.44,-0.68],[77.44,-0.65]],[[77.66,-0.65],[77.66,-0.63],[77.62,-0.61],[77.62,-0.6],[77.55,-0.6],[77.55,-0.61],[77.55,-0.68],[77.55,-0.7],[77.62,-0.7],[77.62,-0.68],[77.66,-0.66],[77.66,-0.65]],[[76.04,-0.85],[76.04,-0.81],[76.0,-0.81],[75.89,-0.81],[75.86,-0.81],[75.86,-0.88],[75.89,-0.88],[75.89,-0.9],[76.0,-0.9],[76.04,-0.88],[76.04,-0.85]],[[77.84,-1.05],[77.84,-1.0],[77.77,-1.0],[77.77,-1.1],[77.84,-1.1],[77.84,-1.05]],[[77.84,-2.86],[77.84,-2.81],[77.77,-2.79],[77.77,-2.81],[77.77,-2.91],[77.84,-2.91],[77.84,-2.86]],[[78.05,-2.86],[78.05,-2.81],[77.98,-2.79],[77.95,-2.82],[77.95,-2.89],[77.98,-2.91],[78.05,-2.89],[78.05,-2.86]],[[77.98,-2.96],[77.95,-2.92],[77.91,-2.91],[77.87,-2.92],[77.87,-2.94],[77.84,-2.99],[77.84,-3.07],[77.87,-3.09],[77.87,-3.16],[77.95,-3.24],[77.95,-3.27],[77.98,-3.3],[77.98,-3.34],[78.05,-3.35],[77.95,-3.44],[77.91,-3.49],[77.91,-3.54],[77.84,-3.65],[77.84,-3.72],[77.87,-3.77],[77.87,-3.79],[77.95,-3.79],[77.95,-3.74],[77.98,-3.7],[78.09,-3.7],[78.13,-3.69],[78.13,-3.65],[78.16,-3.64],[78.16,-3.54],[78.2,-3.5],[78.31,-3.45],[78.38,-3.44],[78.41,-3.37],[78.45,-3.32],[78.56,-3.22],[78.56,-3.14],[78.41,-3.09],[78.38,-3.09],[78.2,-3.04],[78.2,-2.99],[78.13,-2.92],[78.09,-2.92],[77.98,-2.99],[77.98,-2.96]],[[77.84,-3.85],[77.84,-3.8],[77.77,-3.79],[77.77,-3.8],[77.77,-3.9],[77.84,-3.9],[77.84,-3.85]],[[78.56,-4.05],[78.52,-4.0],[78.41,-4.0],[78.34,-4.03],[78.34,-4.07],[78.38,-4.07],[78.41,-4.1],[78.52,-4.1],[78.56,-4.05]],[[75.53,-4.85],[75.53,-4.83],[75.5,-4.82],[75.43,-4.82],[75.39,-4.8],[75.28,-4.8],[75.17,-4.82],[75.17,-4.87],[75.28,-4.98],[75.28,-5.0],[75.35,-4.96],[75.35,-4.93],[75.43,-4.9],[75.5,-4.9],[75.53,-4.88],[75.53,-4.85]],[[79.31,-4.95],[79.31,-4.91],[79.28,-4.9],[79.24,-4.93],[79.24,-4.96],[79.28,-5.01],[79.31,-5.0],[79.31,-4.95]],[[73.16,-5.36],[73.16,-5.33],[73.09,-5.3],[73.01,-5.3],[72.94,-5.33],[72.94,-5.36],[72.98,-5.36],[73.01,-5.4],[73.09,-5.4],[73.16,-5.36]],[[81.44,-5.45],[81.44,-5.4],[81.37,-5.4],[81.37,-5.5],[81.44,-5.5],[81.44,-5.45]],[[81.37,-5.55],[81.33,-5.51],[81.22,-5.51],[81.22,-5.6],[81.33,-5.6],[81.37,-5.55]],[[73.73,-5.86],[73.73,-5.81],[73.66,-5.81],[73.66,-5.89],[73.73,-5.89],[73.73,-5.86]],[[80.14,-6.14],[80.11,-6.09],[79.96,-6.09],[79.93,-6.13],[79.93,-6.18],[80.03,-6.21],[80.07,-6.21],[80.14,-6.18],[80.14,-6.14]],[[80.07,-6.56],[80.03,-6.54],[80.03,-6.51],[79.93,-6.51],[79.93,-6.59],[80.03,-6.59],[80.03,-6.56],[80.07,-6.56]],[[80.75,-6.56],[80.75,-6.51],[80.72,-6.49],[80.61,-6.53],[80.61,-6.59],[80.75,-6.59],[80.75,-6.56]],[[73.95,-6.64],[73.95,-6.61],[73.88,-6.59],[73.88,-6.62],[73.84,-6.62],[73.84,-6.67],[73.88,-6.67],[73.88,-6.71],[73.95,-6.69],[73.95,-6.64]]]}},{"type":"Feature","properties":{"precip":20},"geometry":{"type":"Polygon","coordinates":[[[6.53,0.05],[6.57,0.05],[6.57,0.1],[6.61,0.1],[6.64,0.08],[6.64,0.02],[6.61,0.02],[6.61,-0.0],[6.57,0.02],[6.57,0.05],[6.53,0.05]]]}},{"type":"Feature","properties":{"precip":20},"geometry":{"type":"Polygon","coordinates":[[[29.35,0.05],[29.35,0.08],[29.39,0.08],[29.39,0.1],[29.43,0.1],[29.43,0.08],[29.46,0.07],[29.46,0.05],[29.43,0.05],[29.39,0.02],[29.39,-0.03],[29.32,-0.08],[29.28,-0.12],[29.21,-0.18],[29.17,-0.18],[29.17,-0.17],[29.14,-0.13],[29.14,-0.08],[29.17,-0.05],[29.17,-0.02],[29.21,-0.0],[29.28,-0.0],[29.28,0.02],[29.32,0.02],[29.32,0.03],[29.35,0.03],[29.35,0.05]]]}},{"type":"Feature","properties":{"precip":20},"geometry":{"type":"Polygon","coordinates":[[[77.44,-0.15],[77.44,-0.07],[77.48,-0.05],[77.48,-0.02],[77.51,-0.0],[77.69,-0.0],[77.69,-0.02],[77.73,-0.02],[77.73,-0.03],[77.77,-0.03],[77.77,-0.08],[77.77,-0.1],[77.84,-0.1],[77.95,-0.13],[77.98,-0.17],[77.98,-0.18],[77.98,-0.22],[78.05,-0.25],[78.05,-0.28],[77.98,-0.3],[77.95,-0.3],[77.91,-0.3],[77.84,-0.3],[77.77,-0.32],[77.77,-0.33],[77.73,-0.35],[77.73,-0.4],[77.69,-0.4],[77.69,-0.38],[77.66,-0.37],[77.66,-0.33],[77.62,-0.32],[77.62,-0.3],[77.55,-0.3],[77.48,-0.28],[77.48,-0.25],[77.44,-0.22],[77.44,-0.15]]]}},{"type":"Feature","properties":{"precip":20},"geometry":{"type":"Polygon","coordinates":[[[78.95,-0.12],[78.99,-0.08],[79.06,-0.05],[79.06,-0.02],[79.06,-0.0],[79.1,-0.0],[79.1,-0.02],[79.17,-0.05],[79.17,-0.08],[79.21,-0.1],[79.28,-0.1],[79.28,-0.08],[79.31,-0.08],[79.31,-0.03],[79.39,-0.02],[79.39,-0.0],[79.49,-0.0],[79.49,-0.02],[79.49,-0.03],[79.53,-0.03],[79.53,-0.07],[79.49,-0.07],[79.49,-0.08],[79.49,-0.1],[79.42,-0.1],[79.42,-0.12],[79.39,-0.12],[79.31,-0.12],[79.31,-0.17],[79.28,-0.2],[79.21,-0.2],[79.21,-0.22],[79.17,-0.23],[79.17,-0.3],[79.1,-0.32],[79.1,-0.4],[79.06,-0.4],[79.06,-0.33],[79.03,-0.32],[79.03,-0.3],[78.95,-0.3],[78.88,-0.3],[78.85,-0.3],[78.85,-0.28],[78.85,-0.27],[78.85,-0.25],[78.85,-0.22],[78.95,-0.12]]]}},{"type":"Feature","properties":{"precip":20},"geometry":{"type":"Polygon","coordinates":[[[36.66,-0.15],[36.66,-0.12],[36.73,-0.1],[36.77,-0.1],[36.84,-0.12],[36.84,-0.17],[36.8,-0.18],[36.8,-0.2],[36.7,-0.2],[36.7,-0.18],[36.66,-0.17],[36.66,-0.15]]]}},{"type":"Feature","properties":{"precip":20},"geometry":{"type":"Polygon","coordinates":[[[98.32,-0.35],[98.32,-0.15],[98.39,-0.12],[98.43,-0.1],[98.46,-0.1],[98.53,-0.12],[98.53,-0.13],[98.53,-0.15],[98.53,-0.18],[98.61,-0.2],[98.64,-0.23],[98.64,-0.25],[98.68,-0.28],[98.75,-0.28],[98.75,-0.3],[98.97,-0.3],[99.11,-0.3],[99.14,-0.3],[99.14,-0.5],[98.97,-0.5],[98.93,-0.52],[98.89,-0.52],[98.86,-0.53],[98.86,-0.58],[98.89,-0.58],[98.89,-0.6],[98.97,-0.6],[98.97,-0.61],[99.04,-0.61],[99.04,-0.66],[98.97,-0.66],[98.97,-0.68],[98.93,-0.68],[98.89,-0.7],[98.71,-0.7],[98.68,-0.68],[98.64,-0.68],[98.61,-0.66],[98.53,-0.66],[98.53,-0.65],[98.53,-0.61],[98.5,-0.61],[98.46,-0.6],[98.39,-0.6],[98.39,-0.58],[98.32,-0.55],[98.32,-0.35]]]}},{"type":"Feature","properties":{"precip":20},"geometry":{"type":"Polygon","coordinates":[[[67.54,-0.3],[67.54,-0.27],[67.58,-0.25],[67.58,-0.22],[67.62,-0.2],[67.69,-0.2],[67.69,-0.22],[67.76,-0.25],[67.76,-0.27],[67.8,-0.28],[67.8,-0.3],[67.83,-0.32],[67.83,-0.33],[67.87,-0.35],[67.87,-0.37],[67.94,-0.4],[68.01,-0.4],[68.01,-0.37],[68.05,-0.35],[68.05,-0.27],[68.08,-0.25],[68.08,-0.22],[68.12,-0.2],[68.19,-0.2],[68.23,-0.22],[68.23,-0.25],[68.26,-0.27],[68.26,-0.37],[68.3,-0.38],[68.3,-0.4],[68.41,-0.4],[68.41,-0.42],[68.44,-0.43],[68.44,-0.47],[68.37,-0.5],[68.3,-0.5],[68.26,-0.52],[68.26,-0.53],[68.23,-0.55],[68.23,-0.6],[68.19,-0.6],[68.19,-0.58],[68.16,-0.57],[68.16,-0.55],[68.12,-0.53],[68.12,-0.5],[68.08,-0.5],[68.08,-0.53],[68.05,-0.55],[68.05,-0.57],[68.01,-0.58],[68.01,-0.6],[67.94,-0.6],[67.87,-0.63],[67.87,-0.73],[67.83,-0.75],[67.83,-0.78],[67.8,-0.8],[67.72,-0.8],[67.65,-0.81],[67.58,-0.8],[67.51,-0.8],[67.47,-0.78],[67.47,-0.73],[67.44,-0.7],[67.44,-0.61],[67.47,-0.57],[67.47,-0.52],[67.51,-0.5],[67.69,-0.5],[67.72,-0.48],[67.8,-0.48],[67.83,-0.47],[67.87,-0.45],[67.83,-0.45],[67.83,-0.43],[67.76,-0.4],[67.62,-0.4],[67.62,-0.38],[67.58,-0.38],[67.58,-0.37],[67.54,-0.35],[67.54,-0.3]]]}},{"type":"Feature","properties":{"precip":20},"geometry":{"type":"Polygon","coordinates":[[[79.46,-0.25],[79.46,-0.22],[79.49,-0.2],[79.49,-0.22],[79.53,-0.23],[79.53,-0.27],[79.49,-0.28],[79.49,-0.3],[79.46,-0.3],[79.46,-0.25]]]}},{"type":"Feature","properties":{"precip":20},"geometry":{"type":"Polygon","coordinates":[[[87.7,-0.3],[87.7,-0.27],[87.7,-0.23],[87.74,-0.22],[87.74,-0.2],[87.81,-0.22],[87.88,-0.28],[87.92,-0.32],[87.92,-0.35],[87.92,-0.43],[87.92,-0.47],[87.92,-0.48],[87.84,-0.48],[87.81,-0.5],[87.7,-0.5],[87.7,-0.52],[87.66,-0.52],[87.66,-0.57],[87.63,-0.57],[87.63,-0.58],[87.59,-0.6],[87.48,-0.6],[87.45,-0.57],[87.45,-0.45],[87.48,-0.43],[87.48,-0.42],[87.48,-0.4],[87.59,-0.4],[87.59,-0.38],[87.66,-0.35],[87.66,-0.33],[87.7,-0.32],[87.7,-0.3]]]}},{"type":"Feature","properties":{"precip":20},"geometry":{"type":"Polygon","coordinates":[[[23.16,-0.55],[23.16,-0.5],[23.23,-0.5],[23.23,-0.6],[23.16,-0.6],[23.16,-0.55]]]}},{"type":"Feature","properties":{"precip":20},"geometry":{"type":"Polygon","coordinates":[[[74.42,-0.58],[74.49,-0.52],[74.56,-0.5],[74.71,-0.5],[74.74,-0.52],[74.74,-0.57],[74.78,-0.57],[74.78,-0.58],[74.81,-0.6],[74.92,-0.6],[74.96,-0.61],[74.99,-0.61],[75.07,-0.65],[75.07,-0.68],[75.1,-0.68],[75.1,-0.7],[75.21,-0.7],[75.21,-0.71],[75.25,-0.73],[75.25,-0.96],[75.21,-0.98],[75.21,-1.0],[75.17,-1.0],[75.1,-1.0],[74.92,-1.0],[74.85,-1.03],[74.85,-1.08],[74.92,-1.11],[74.92,-1.13],[74.96,-1.13],[74.96,-1.16],[74.92,-1.16],[74.92,-1.18],[74.89,-1.18],[74.89,-1.16],[74.85,-1.16],[74.85,-1.15],[74.81,-1.13],[74.81,-1.11],[74.78,-1.08],[74.78,-1.06],[74.71,-1.03],[74.71,-1.01],[74.67,-1.0],[74.6,-1.0],[74.56,-0.98],[74.56,-0.85],[74.53,-0.83],[74.53,-0.81],[74.45,-0.81],[74.38,-0.78],[74.38,-0.76],[74.35,-0.73],[74.35,-0.65],[74.38,-0.61],[74.42,-0.58]]]}},{"type":"Feature","properties":{"precip":20},"geometry":{"type":"Polygon","coordinates":[[[75.35,-0.75],[75.35,-0.65],[75.39,-0.63],[75.39,-0.61],[75.43,-0.6],[75.43,-0.61],[75.46,-0.63],[75.46,-0.65],[75.5,-0.68],[75.53,-0.68],[75.53,-0.65],[75.64,-0.6],[75.71,-0.6],[75.75,-0.61],[75.75,-0.65],[75.71,-0.68],[75.71,-0.71],[75.68,-0.73],[75.64,-0.76],[75.53,-0.81],[75.5,-0.81],[75.46,-0.81],[75.46,-0.86],[75.43,-0.88],[75.43,-0.9],[75.39,-0.9],[75.39,-0.86],[75.35,-0.85],[75.35,-0.75]]]}},{"type":"Feature","properties":{"precip":20},"geometry":{"type":"Polygon","coordinates":[[[17.94,-0.75],[17.94,-0.71],[17.98,-0.71],[17.98,-0.7],[18.02,-0.7],[18.02,-0.71],[18.05,-0.71],[18.05,-0.8],[18.02,-0.8],[18.02,-0.81],[17.94,-0.78],[17.94,-0.75]]]}},{"type":"Feature","properties":{"precip":20},"geometry":{"type":"Polygon","coordinates":[[[28.09,-0.78],[28.13,-0.75],[28.2,-0.71],[28.2,-0.7],[28.24,-0.7],[28.24,-0.78],[28.2,-0.8],[28.2,-0.81],[28.17,-0.83],[28.13,-0.86],[28.09,-0.88],[28.06,-0.88],[28.06,-0.85],[28.09,-0.81],[28.09,-0.78]]]}},{"type":"Feature","properties":{"precip":20},"geometry":{"type":"Polygon","coordinates":[[[21.54,-0.9],[21.54,-0.85],[21.58,-0.83],[21.58,-0.81],[21.72,-0.81],[21.76,-0.83],[21.76,-0.88],[21.79,-0.88],[21.79,-0.9],[21.9,-0.9],[21.9,-0.91],[21.94,-0.91],[21.94,-0.95],[21.97,-0.95],[21.97,-1.0],[22.01,-1.0],[22.01,-0.98],[22.05,-0.96],[22.05,-0.93],[22.08,-0.91],[22.08,-0.9],[22.12,-0.91],[22.12,-0.93],[22.15,-0.96],[22.15,-1.15],[22.12,-1.16],[22.12,-1.2],[22.08,-1.2],[22.08,-1.23],[22.05,-1.25],[22.05,-1.38],[22.01,-1.4],[21.97,-1.4],[21.97,-1.38],[21.94,-1.36],[21.94,-1.33],[21.9,-1.31],[21.83,-1.3],[21.76,-1.3],[21.69,-1.31],[21.54,-1.36],[21.51,-1.41],[21.47,-1.43],[21.47,-1.45],[21.4,-1.48],[21.4,-1.49],[21.36,-1.49],[21.36,-1.41],[21.4,-1.41],[21.4,-1.4],[21.43,-1.35],[21.43,-1.11],[21.4,-1.1],[21.36,-1.1],[21.36,-1.01],[21.4,-1.0],[21.47,-1.0],[21.54,-0.98],[21.54,-0.9]]]}},{"type":"Feature","properties":{"precip":20},"geometry":{"type":"Polygon","coordinates":[[[84.89,-6.71],[84.82,-6.71],[84.82,-6.72],[84.71,-6.76],[84.68,-6.81],[84.68,-6.84],[84.64,-6.87],[84.57,-6.89],[84.57,-6.82],[84.46,-6.79],[84.46,-6.82],[84.46,-6.94],[84.42,-6.96],[84.42,-6.99],[84.24,-6.99],[84.24,-6.96],[84.24,-6.92],[84.28,-6.89],[84.35,-6.89],[84.35,-6.82],[84.24,-6.79],[84.21,-6.79],[84.17,-6.76],[84.14,-6.76],[84.14,-6.72],[84.03,-6.71],[83.81,-6.71],[83.63,-6.74],[83.6,-6.76],[83.6,-6.79],[83.56,-6.76],[83.56,-6.74],[83.42,-6.71],[83.31,-6.71],[83.27,-6.72],[83.16,-6.77],[83.13,-6.77],[83.09,-6.79],[82.62,-6.79],[82.48,-6.76],[82.44,-6.76],[82.44,-6.74],[82.34,-6.71],[82.23,-6.71],[82.09,-6.69],[82.05,-6.66],[82.05,-6.62],[82.09,-6.59],[82.19,-6.59],[82.23,-6.59],[82.23,-6.54],[82.27,-6.53],[82.27,-6.41],[82.3,-6.41],[82.44,-6.41],[82.52,-6.38],[82.52,-6.33],[82.48,-6.29],[82.41,-6.29],[82.34,-6.26],[82.3,-6.26],[82.3,-6.24],[82.41,-6.21],[82.48,-6.21],[82.52,-6.16],[82.52,-6.03],[82.52,-5.99],[82.44,-5.96],[82.44,-5.81],[82.34,-5.79],[82.34,-5.71],[82.3,-5.68],[82.3,-5.55],[82.3,-5.51],[82.09,-5.51],[82.05,-5.5],[81.91,-5.5],[81.87,-5.46],[81.87,-5.4],[81.91,-5.38],[81.91,-5.28],[82.01,-5.2],[82.09,-5.13],[82.09,-5.11],[82.12,-5.15],[82.27,-5.2],[82.34,-5.2],[82.62,-5.2],[82.73,-5.2],[82.88,-5.15],[82.88,-5.1],[82.91,-5.1],[82.91,-5.15],[82.95,-5.16],[82.95,-5.2],[82.98,-5.2],[82.98,-5.18],[83.06,-5.16],[83.06,-5.06],[83.09,-5.01],[83.09,-5.0],[83.16,-4.96],[83.16,-4.93],[83.38,-4.9],[83.6,-4.9],[83.7,-4.87],[83.78,-4.85],[83.78,-4.83],[83.81,-4.82],[83.99,-4.82],[84.03,-4.8],[84.39,-4.8],[84.46,-4.77],[84.57,-4.73],[84.6,-4.7],[84.64,-4.65],[84.64,-4.33],[84.6,-4.32],[84.6,-4.3],[84.57,-4.25],[84.46,-4.22],[84.46,-4.18],[84.46,-4.15],[84.46,-4.12],[84.46,-4.1],[84.57,-4.1],[84.64,-4.07],[84.64,-4.05],[84.71,-3.97],[84.71,-3.94],[84.68,-3.89],[84.68,-3.8],[84.71,-3.77],[84.71,-3.74],[84.82,-3.69],[84.82,-3.64],[84.86,-3.62],[84.86,-3.54],[84.89,-3.5],[85.11,-3.5],[85.22,-3.49],[85.29,-3.49],[85.32,-3.45],[85.32,-3.42],[85.25,-3.37],[85.25,-3.24],[85.22,-3.2],[85.14,-3.2],[85.14,-3.17],[85.11,-3.16],[85.11,-3.06],[85.14,-3.04],[85.14,-3.01],[85.22,-3.01],[85.22,-2.97],[85.25,-2.96],[85.25,-2.74],[85.29,-2.74],[85.29,-2.71],[85.32,-2.71],[85.32,-2.74],[85.32,-2.89],[85.43,-2.91],[85.43,-2.84],[85.47,-2.82],[85.47,-2.71],[85.54,-2.69],[85.54,-2.56],[85.58,-2.51],[85.68,-2.51],[85.72,-2.47],[85.76,-2.47],[85.76,-2.42],[85.79,-2.39],[85.97,-2.39],[86.01,-2.37],[86.01,-2.32],[86.15,-2.29],[86.19,-2.31],[86.19,-2.34],[86.22,-2.36],[86.22,-2.47],[86.33,-2.51],[86.4,-2.51],[86.4,-2.54],[86.4,-2.87],[86.4,-2.91],[86.3,-2.91],[86.22,-2.89],[86.22,-2.82],[86.19,-2.79],[86.19,-2.82],[86.15,-2.82],[86.15,-2.97],[86.08,-3.01],[86.08,-3.06],[86.01,-3.07],[86.01,-3.22],[86.08,-3.25],[86.08,-3.27],[86.19,-3.3],[86.19,-3.34],[86.22,-3.35],[86.22,-3.45],[86.19,-3.49],[86.15,-3.52],[86.15,-3.59],[86.19,-3.59],[86.33,-3.64],[86.4,-3.72],[86.51,-3.82],[86.55,-3.89],[86.55,-3.97],[86.62,-3.99],[86.66,-4.0],[86.8,-4.0],[86.84,-3.99],[86.87,-3.99],[86.94,-3.97],[86.94,-3.94],[87.02,-3.9],[87.05,-3.9],[87.16,-3.87],[87.16,-3.84],[87.09,-3.8],[87.05,-3.8],[87.02,-3.79],[86.87,-3.79],[86.84,-3.79],[86.84,-3.75],[86.84,-3.74],[86.84,-3.67],[86.84,-3.65],[86.84,-3.62],[86.94,-3.55],[86.94,-3.2],[86.98,-3.17],[86.98,-3.11],[87.05,-3.06],[87.02,-3.06],[87.02,-3.01],[86.98,-2.99],[86.98,-2.96],[86.87,-2.92],[86.84,-2.87],[86.84,-2.82],[86.84,-2.81],[86.84,-2.72],[86.66,-2.59],[86.66,-2.57],[86.62,-2.56],[86.62,-2.44],[86.62,-2.42],[86.62,-2.39],[86.58,-2.39],[86.58,-2.36],[86.55,-2.34],[86.55,-2.14],[86.51,-2.13],[86.51,-2.09],[86.44,-2.09],[86.44,-2.04],[86.4,-2.04],[86.4,-1.93],[86.4,-1.89],[86.3,-1.89],[86.22,-1.88],[86.22,-1.74],[86.19,-1.73],[86.19,-1.69],[86.15,-1.69],[86.15,-1.63],[86.19,-1.63],[86.19,-1.61],[86.22,-1.61],[86.22,-1.59],[86.4,-1.59],[86.4,-1.58],[86.4,-1.56],[86.4,-1.46],[86.44,-1.45],[86.44,-1.41],[86.51,-1.4],[86.58,-1.4],[86.62,-1.41],[86.62,-1.45],[86.62,-1.46],[86.62,-1.58],[86.73,-1.61],[86.73,-1.69],[86.76,-1.71],[86.76,-2.01],[86.87,-1.91],[86.98,-1.81],[87.05,-1.71],[87.05,-1.63],[87.05,-1.61],[87.05,-1.58],[87.09,-1.58],[87.09,-1.56],[87.16,-1.56],[87.16,-1.53],[87.09,-1.53],[87.09,-1.51],[87.05,-1.51],[87.05,-1.49],[87.05,-1.48],[87.05,-1.35],[87.02,-1.33],[86.98,-1.31],[86.84,-1.31],[86.8,-1.3],[86.62,-1.3],[86.58,-1.28],[86.58,-1.26],[86.55,-1.25],[86.55,-1.11],[86.58,-1.06],[86.58,-1.01],[86.62,-0.98],[86.62,-0.95],[86.76,-0.9],[86.87,-0.9],[86.87,-0.88],[86.94,-0.88],[86.94,-0.85],[86.94,-0.83],[86.98,-0.81],[87.09,-0.81],[87.16,-0.83],[87.16,-0.88],[87.2,-0.88],[87.2,-0.9],[87.27,-0.9],[87.3,-0.93],[87.3,-1.01],[87.38,-1.06],[87.41,-1.1],[87.45,-1.15],[87.48,-1.16],[87.48,-1.18],[87.52,-1.2],[87.7,-1.2],[87.7,-1.21],[87.7,-1.33],[87.74,-1.35],[87.74,-1.4],[87.84,-1.43],[87.84,-1.48],[87.81,-1.48],[87.74,-1.51],[87.74,-1.63],[87.7,-1.69],[87.7,-1.78],[87.74,-1.84],[87.74,-1.88],[87.81,-1.89],[87.84,-1.93],[87.84,-2.09],[87.88,-2.13],[87.88,-2.19],[87.92,-2.23],[87.95,-2.26],[87.95,-2.29],[88.02,-2.32],[88.02,-2.39],[88.06,-2.42],[88.06,-2.67],[88.13,-2.71],[88.13,-2.74],[88.17,-2.76],[88.17,-2.82],[88.24,-2.92],[88.31,-3.02],[88.38,-3.09],[88.46,-3.09],[88.53,-3.12],[88.6,-3.2],[88.6,-3.27],[88.6,-3.54],[88.67,-3.6],[88.67,-3.67],[88.71,-3.7],[88.82,-3.7],[88.82,-3.75],[88.82,-4.13],[88.89,-4.17],[88.96,-4.2],[89.03,-4.2],[89.14,-4.22],[89.14,-4.38],[89.18,-4.43],[89.18,-4.48],[89.21,-4.52],[89.25,-4.58],[89.32,-4.6],[89.39,-4.6],[89.43,-4.62],[89.43,-4.65],[89.46,-4.67],[89.46,-4.77],[89.46,-4.8],[89.64,-4.8],[89.68,-4.83],[89.75,-4.88],[89.75,-5.41],[89.79,-5.45],[89.79,-5.51],[89.82,-5.51],[89.82,-5.58],[89.79,-5.63],[89.68,-5.71],[89.61,-5.74],[89.57,-5.78],[89.46,-5.79],[89.39,-5.79],[89.32,-5.73],[89.32,-5.71],[89.25,-5.71],[89.25,-5.73],[89.25,-5.74],[89.21,-5.79],[89.14,-5.79],[89.03,-5.83],[89.03,-5.86],[89.03,-5.89],[88.96,-5.93],[88.96,-5.96],[88.78,-6.01],[88.74,-6.04],[88.74,-6.06],[88.6,-6.09],[88.46,-6.09],[88.38,-6.06],[88.31,-6.03],[88.31,-5.99],[88.28,-5.96],[88.17,-5.93],[88.06,-5.89],[87.92,-5.89],[87.84,-5.93],[87.84,-5.96],[87.74,-5.99],[87.74,-5.96],[87.7,-5.93],[87.63,-5.91],[87.48,-5.89],[87.05,-5.89],[86.98,-5.93],[86.94,-5.96],[86.84,-5.99],[86.44,-5.99],[86.4,-6.01],[86.33,-6.01],[86.22,-6.04],[86.22,-6.21],[86.19,-6.24],[86.19,-6.29],[86.15,-6.28],[86.15,-6.24],[86.12,-6.21],[86.08,-6.23],[86.01,-6.26],[85.97,-6.31],[85.97,-6.39],[85.97,-6.41],[85.97,-6.43],[86.01,-6.44],[85.97,-6.46],[85.97,-6.51],[85.9,-6.59],[85.86,-6.61],[85.86,-6.64],[85.72,-6.71],[85.68,-6.71],[85.65,-6.74],[85.65,-6.77],[85.54,-6.79],[85.54,-6.76],[85.54,-6.74],[85.65,-6.69],[85.65,-6.64],[85.54,-6.61],[85.5,-6.61],[85.36,-6.59],[85.14,-6.59],[85.11,-6.61],[85.04,-6.61],[84.93,-6.62],[84.93,-6.66],[84.89,-6.71]],[[87.66,-1.54],[87.66,-1.53],[87.63,-1.51],[87.52,-1.51],[87.52,-1.59],[87.63,-1.59],[87.63,-1.58],[87.66,-1.56],[87.66,-1.54]],[[84.57,-5.58],[84.5,-5.55],[84.5,-5.51],[84.46,-5.51],[84.46,-5.56],[84.42,-5.6],[84.28,-5.6],[84.24,-5.61],[84.24,-5.65],[84.24,-5.66],[84.24,-5.73],[84.24,-5.74],[84.24,-5.78],[84.28,-5.79],[84.42,-5.78],[84.46,-5.71],[84.46,-5.7],[84.5,-5.66],[84.5,-5.61],[84.57,-5.58]],[[83.34,-5.94],[83.34,-5.89],[83.27,-5.89],[83.27,-5.93],[83.2,-5.94],[83.27,-5.96],[83.27,-5.99],[83.34,-5.99],[83.34,-5.94]],[[83.16,-6.06],[83.13,-6.03],[83.06,-6.01],[83.06,-6.16],[83.13,-6.21],[83.16,-6.21],[83.2,-6.19],[83.2,-6.13],[83.16,-6.06]]]}},{"type":"Feature","properties":{"precip":20},"geometry":{"type":"Polygon","coordinates":[[[18.16,-1.0],[18.16,-0.91],[18.2,-0.91],[18.2,-0.9],[18.23,-0.91],[18.23,-0.96],[18.27,-0.98],[18.27,-1.01],[18.23,-1.03],[18.23,-1.1],[18.2,-1.1],[18.16,-1.08],[18.16,-1.0]]]}},{"type":"Feature","properties":{"precip":20},"geometry":{"type":"Polygon","coordinates":[[[67.26,-0.95],[67.26,-0.93],[67.33,-0.9],[67.4,-0.9],[67.4,-0.91],[67.44,-0.91],[67.44,-1.0],[67.4,-1.0],[67.36,-1.0],[67.33,-1.0],[67.29,-1.0],[67.26,-0.98],[67.26,-0.95]]]}},{"type":"Feature","properties":{"precip":20},"geometry":{"type":"Polygon","coordinates":[[[28.56,-1.1],[28.56,-1.01],[28.6,-1.01],[28.6,-1.0],[28.71,-1.0],[28.71,-1.03],[28.74,-1.05],[28.74,-1.16],[28.71,-1.2],[28.71,-1.21],[28.67,-1.21],[28.67,-1.28],[28.71,-1.3],[28.71,-1.31],[28.74,-1.33],[28.74,-1.38],[28.71,-1.4],[28.71,-1.38],[28.67,-1.38],[28.67,-1.36],[28.63,-1.35],[28.63,-1.33],[28.6,-1.31],[28.56,-1.33],[28.56,-1.36],[28.53,-1.38],[28.53,-1.4],[28.49,-1.4],[28.49,-1.38],[28.45,-1.36],[28.45,-1.23],[28.49,-1.21],[28.49,-1.2],[28.53,-1.2],[28.53,-1.16],[28.56,-1.15],[28.56,-1.1]]]}},{"type":"Feature","properties":{"precip":20},"geometry":{"type":"Polygon","coordinates":[[[66.97,-1.1],[66.97,-1.01],[67.0,-1.01],[67.0,-1.0],[67.11,-1.0],[67.11,-1.01],[67.15,-1.05],[67.15,-1.45],[67.11,-1.48],[67.11,-1.49],[67.08,-1.49],[67.0,-1.51],[66.82,-1.51],[66.79,-1.51],[66.79,-1.53],[66.75,-1.53],[66.75,-1.64],[66.72,-1.66],[66.72,-1.69],[66.68,-1.71],[66.64,-1.76],[66.57,-1.79],[66.46,-1.79],[66.46,-1.73],[66.43,-1.71],[66.43,-1.69],[66.39,-1.69],[66.36,-1.71],[66.36,-1.88],[66.28,-1.88],[66.18,-1.79],[66.18,-1.74],[66.14,-1.69],[66.14,-1.68],[66.18,-1.64],[66.18,-1.63],[66.28,-1.59],[66.32,-1.59],[66.46,-1.53],[66.54,-1.49],[66.57,-1.43],[66.64,-1.33],[66.64,-1.25],[66.68,-1.23],[66.68,-1.21],[66.72,-1.21],[66.75,-1.2],[66.86,-1.2],[66.9,-1.18],[66.93,-1.18],[66.93,-1.15],[66.97,-1.13],[66.97,-1.1]]]}},{"type":"Feature","properties":{"precip":20},"geometry":{"type":"Polygon","coordinates":[[[85.54,-1.1],[85.54,-1.06],[85.54,-1.05],[85.54,-1.0],[85.58,-1.0],[85.65,-1.01],[85.65,-1.06],[85.68,-1.08],[85.68,-1.1],[85.76,-1.1],[85.76,-1.11],[85.79,-1.11],[85.79,-1.16],[85.86,-1.16],[85.86,-1.26],[85.9,-1.28],[85.9,-1.3],[85.97,-1.3],[86.01,-1.31],[86.12,-1.31],[86.12,-1.33],[86.15,-1.35],[86.15,-1.36],[86.08,-1.4],[85.94,-1.4],[85.86,-1.43],[85.86,-1.46],[85.76,-1.49],[85.72,-1.49],[85.68,-1.51],[85.54,-1.51],[85.54,-1.49],[85.5,-1.49],[85.47,-1.48],[85.47,-1.21],[85.5,-1.2],[85.5,-1.18],[85.54,-1.18],[85.54,-1.1]]]}},{"type":"Feature","properties":{"precip":20},"geometry":{"type":"Polygon","coordinates":[[[22.84,-1.16],[22.84,-1.13],[22.87,-1.13],[22.87,-1.1],[22.91,-1.1],[22.91,-1.11],[22.95,-1.11],[22.95,-1.18],[22.91,-1.2],[22.87,-1.2],[22.87,-1.16],[22.84,-1.16]]]}},{"type":"Feature","properties":{"precip":20},"geometry":{"type":"Polygon","coordinates":[[[66.0,-1.16],[66.07,-1.11],[66.1,-1.11],[66.14,-1.13],[66.14,-1.4],[66.1,-1.4],[66.07,-1.38],[66.07,-1.35],[66.03,-1.33],[66.0,-1.31],[66.0,-1.3],[65.96,-1.26],[65.96,-1.23],[66.0,-1.21],[66.0,-1.16]]]}},{"type":"Feature","properties":{"precip":20},"geometry":{"type":"Polygon","coordinates":[[[68.44,-1.16],[68.44,-1.13],[68.48,-1.11],[68.48,-1.1],[68.52,-1.1],[68.52,-1.11],[68.55,-1.11],[68.55,-1.18],[68.52,-1.18],[68.52,-1.2],[68.48,-1.2],[68.48,-1.18],[68.44,-1.16]]]}},{"type":"Feature","properties":{"precip":20},"geometry":{"type":"Polygon","coordinates":[[[78.41,-1.13],[78.41,-1.11],[78.45,-1.11],[78.52,-1.1],[78.56,-1.1],[78.59,-1.11],[78.63,-1.11],[78.63,-1.16],[78.63,-1.23],[78.63,-1.26],[78.63,-1.3],[78.59,-1.3],[78.59,-1.28],[78.56,-1.26],[78.45,-1.2],[78.45,-1.16],[78.41,-1.15],[78.41,-1.13]]]}},{"type":"Feature","properties":{"precip":20},"geometry":{"type":"Polygon","coordinates":[[[85.25,-1.2],[85.25,-1.13],[85.29,-1.11],[85.29,-1.1],[85.32,-1.1],[85.32,-1.13],[85.32,-1.15],[85.32,-1.26],[85.32,-1.28],[85.32,-1.3],[85.29,-1.3],[85.29,-1.28],[85.25,-1.28],[85.25,-1.2]]]}},{"type":"Feature","properties":{"precip":20},"geometry":{"type":"Polygon","coordinates":[[[89.64,-1.16],[89.64,-1.13],[89.68,-1.11],[89.68,-1.1],[89.68,-1.11],[89.75,-1.11],[89.75,-1.18],[89.68,-1.18],[89.68,-1.2],[89.68,-1.18],[89.64,-1.16]]]}},{"type":"Feature","properties":{"precip":20},"geometry":{"type":"Polygon","coordinates":[[[29.14,-1.25],[29.14,-1.23],[29.17,-1.21],[29.17,-1.2],[29.25,-1.2],[29.25,-1.3],[29.17,-1.3],[29.17,-1.28],[29.14,-1.26],[29.14,-1.25]]]}},{"type":"Feature","properties":{"precip":20},"geometry":{"type":"Polygon","coordinates":[[[74.85,-1.4],[74.85,-1.35],[74.89,-1.33],[74.92,-1.31],[75.03,-1.31],[75.1,-1.3],[75.14,-1.31],[75.28,-1.31],[75.32,-1.33],[75.32,-1.35],[75.35,-1.35],[75.35,-1.38],[75.39,-1.38],[75.39,-1.4],[75.5,-1.4],[75.5,-1.41],[75.53,-1.41],[75.53,-1.48],[75.5,-1.48],[75.46,-1.49],[75.35,-1.49],[75.28,-1.51],[75.1,-1.51],[75.03,-1.49],[74.92,-1.49],[74.85,-1.46],[74.85,-1.4]]]}},{"type":"Feature","properties":{"precip":20},"geometry":{"type":"Polygon","coordinates":[[[22.05,-1.54],[22.05,-1.51],[22.08,-1.51],[22.12,-1.51],[22.15,-1.51],[22.15,-1.58],[22.12,-1.58],[22.12,-1.59],[22.08,-1.59],[22.08,-1.58],[22.05,-1.58],[22.05,-1.54]]]}},{"type":"Feature","properties":{"precip":20},"geometry":{"type":"Polygon","coordinates":[[[22.26,-1.54],[22.26,-1.51],[22.3,-1.51],[22.33,-1.51],[22.33,-1.54],[22.37,-1.58],[22.41,-1.59],[22.41,-1.61],[22.44,-1.64],[22.44,-1.68],[22.41,-1.69],[22.26,-1.79],[22.19,-1.79],[22.15,-1.78],[22.15,-1.71],[22.19,-1.71],[22.19,-1.69],[22.3,-1.69],[22.33,-1.69],[22.33,-1.61],[22.3,-1.59],[22.26,-1.59],[22.26,-1.54]]]}},{"type":"Feature","properties":{"precip":20},"geometry":{"type":"Polygon","coordinates":[[[65.96,-1.54],[65.96,-1.51],[66.03,-1.51],[66.03,-1.53],[66.07,-1.53],[66.07,-1.56],[66.03,-1.56],[66.03,-1.59],[65.96,-1.59],[65.96,-1.54]]]}},{"type":"Feature","properties":{"precip":20},"geometry":{"type":"Polygon","coordinates":[[[27.34,-1.66],[27.34,-1.63],[27.37,-1.63],[27.37,-1.59],[27.41,-1.59],[27.41,-1.61],[27.45,-1.61],[27.45,-1.69],[27.37,-1.69],[27.37,-1.68],[27.34,-1.68],[27.34,-1.66]]]}},{"type":"Feature","properties":{"precip":20},"geometry":{"type":"Polygon","coordinates":[[[28.24,-1.66],[28.24,-1.63],[28.27,-1.63],[28.27,-1.59],[28.31,-1.59],[28.31,-1.61],[28.35,-1.61],[28.35,-1.76],[28.42,-1.79],[28.42,-1.86],[28.45,-1.89],[28.45,-2.41],[28.49,-2.44],[28.49,-2.51],[28.53,-2.52],[28.53,-2.57],[28.49,-2.59],[28.49,-2.62],[28.31,-2.77],[28.31,-2.81],[28.27,-2.84],[28.27,-2.87],[28.24,-2.89],[28.24,-2.92],[28.2,-2.97],[28.13,-3.09],[28.06,-3.12],[28.02,-3.17],[27.91,-3.2],[27.88,-3.2],[27.88,-3.27],[27.84,-3.27],[27.84,-3.44],[27.88,-3.47],[28.02,-3.5],[28.24,-3.5],[28.35,-3.54],[28.35,-3.6],[28.27,-3.6],[28.27,-3.64],[28.24,-3.65],[28.24,-3.72],[28.27,-3.75],[28.27,-3.79],[28.31,-3.79],[28.38,-3.79],[28.45,-3.82],[28.45,-3.89],[28.38,-3.9],[28.38,-3.94],[28.35,-3.95],[28.35,-4.08],[28.27,-4.1],[28.24,-4.07],[28.24,-4.0],[28.17,-4.0],[28.17,-4.13],[28.13,-4.13],[28.13,-4.18],[28.06,-4.2],[27.99,-4.2],[27.99,-4.23],[27.95,-4.25],[27.95,-4.47],[27.91,-4.48],[27.91,-4.5],[27.88,-4.5],[27.88,-4.53],[27.84,-4.57],[27.84,-4.67],[27.77,-4.7],[27.73,-4.7],[27.66,-4.67],[27.66,-4.65],[27.59,-4.6],[27.48,-4.6],[27.37,-4.57],[27.3,-4.5],[27.27,-4.47],[27.27,-4.37],[27.23,-4.35],[27.23,-4.32],[27.16,-4.25],[27.09,-4.2],[27.05,-4.13],[27.05,-4.08],[27.09,-4.02],[27.16,-3.94],[27.23,-3.92],[27.37,-3.9],[27.45,-3.94],[27.45,-4.03],[27.48,-4.05],[27.48,-4.1],[27.55,-4.1],[27.66,-4.03],[27.73,-3.97],[27.73,-3.84],[27.66,-3.77],[27.63,-3.75],[27.63,-3.72],[27.59,-3.7],[27.52,-3.7],[27.45,-3.64],[27.41,-3.62],[27.41,-3.6],[27.34,-3.54],[27.27,-3.5],[27.19,-3.5],[27.12,-3.49],[27.05,-3.45],[27.05,-3.44],[27.12,-3.39],[27.19,-3.29],[27.23,-3.27],[27.23,-3.22],[27.16,-3.17],[27.16,-3.04],[27.12,-3.01],[27.09,-3.01],[27.09,-2.96],[27.05,-2.94],[27.05,-2.66],[27.09,-2.62],[27.09,-2.59],[27.16,-2.57],[27.16,-2.44],[27.19,-2.39],[27.27,-2.34],[27.34,-2.31],[27.48,-2.28],[27.55,-2.23],[27.63,-2.18],[27.66,-2.13],[27.88,-1.94],[27.91,-1.88],[27.99,-1.84],[28.02,-1.79],[28.13,-1.71],[28.17,-1.69],[28.2,-1.69],[28.24,-1.69],[28.24,-1.66]],[[27.27,-2.66],[27.23,-2.61],[27.19,-2.59],[27.16,-2.61],[27.16,-2.69],[27.23,-2.71],[27.23,-2.67],[27.27,-2.66]],[[27.66,-2.66],[27.63,-2.61],[27.52,-2.59],[27.45,-2.62],[27.45,-2.67],[27.48,-2.67],[27.52,-2.71],[27.59,-2.71],[27.66,-2.66]],[[28.06,-3.95],[28.06,-3.92],[28.02,-3.9],[27.95,-3.92],[27.95,-3.99],[28.02,-3.99],[28.06,-3.97],[28.06,-3.95]]]}},{"type":"Feature","properties":{"precip":20},"geometry":{"type":"Polygon","coordinates":[[[66.86,-1.66],[66.86,-1.63],[66.93,-1.59],[66.97,-1.59],[67.0,-1.61],[67.04,-1.61],[67.04,-1.69],[67.0,-1.69],[66.9,-1.69],[66.86,-1.68],[66.86,-1.66]]]}},{"type":"Feature","properties":{"precip":20},"geometry":{"type":"Polygon","coordinates":[[[69.06,-1.63],[69.06,-1.61],[69.13,-1.61],[69.13,-1.59],[69.27,-1.59],[69.31,-1.61],[69.34,-1.61],[69.34,-1.68],[69.24,-1.76],[69.24,-1.78],[69.16,-1.76],[69.16,-1.74],[69.13,-1.73],[69.13,-1.71],[69.09,-1.69],[69.09,-1.68],[69.06,-1.66],[69.06,-1.63]]]}},{"type":"Feature","properties":{"precip":20},"geometry":{"type":"Polygon","coordinates":[[[76.43,-1.69],[76.47,-1.68],[76.47,-1.63],[76.47,-1.61],[76.54,-1.61],[76.54,-1.59],[76.61,-1.59],[76.65,-1.61],[76.69,-1.61],[76.69,-1.63],[76.76,-1.64],[76.76,-1.66],[76.79,-1.68],[76.79,-1.69],[76.83,-1.69],[76.83,-1.66],[76.87,-1.63],[76.87,-1.61],[76.9,-1.59],[76.9,-1.61],[76.9,-1.63],[76.9,-1.79],[76.97,-1.83],[76.97,-1.88],[77.01,-1.89],[77.08,-1.89],[77.12,-1.91],[77.23,-2.01],[77.23,-2.04],[77.26,-2.08],[77.26,-2.14],[77.23,-2.18],[77.12,-2.21],[76.9,-2.21],[76.87,-2.19],[76.76,-2.18],[76.76,-2.14],[76.69,-2.11],[76.65,-2.11],[76.61,-2.09],[76.47,-2.09],[76.43,-2.04],[76.47,-2.01],[76.61,-2.01],[76.65,-1.99],[76.69,-1.99],[76.76,-1.94],[76.69,-1.91],[76.61,-1.89],[76.47,-1.89],[76.43,-1.88],[76.36,-1.88],[76.36,-1.81],[76.4,-1.79],[76.43,-1.79],[76.43,-1.69]]]}},{"type":"Feature","properties":{"precip":20},"geometry":{"type":"Polygon","coordinates":[[[29.14,-1.86],[29.17,-1.81],[29.21,-1.79],[29.25,-1.81],[29.25,-1.88],[29.17,-1.89],[29.14,-1.86]]]}},{"type":"Feature","properties":{"precip":20},"geometry":{"type":"Polygon","coordinates":[[[22.26,-1.94],[22.26,-1.91],[22.33,-1.89],[22.33,-1.99],[22.3,-2.01],[22.26,-1.99],[22.26,-1.94]]]}},{"type":"Feature","properties":{"precip":20},"geometry":{"type":"Polygon","coordinates":[[[26.26,-2.66],[26.26,-2.61],[26.33,-2.61],[26.37,-2.64],[26.33,-2.67],[26.33,-2.71],[26.26,-2.72],[26.26,-2.84],[26.22,-2.86],[26.22,-2.89],[26.19,-2.91],[26.11,-2.91],[26.08,-2.89],[26.08,-2.86],[26.04,-2.84],[26.04,-2.76],[26.08,-2.72],[26.11,-2.71],[26.19,-2.71],[26.26,-2.66]]]}},{"type":"Feature","properties":{"precip":20},"geometry":{"type":"Polygon","coordinates":[[[74.96,-3.06],[74.96,-3.04],[75.03,-3.01],[75.25,-3.01],[75.35,-3.04],[75.35,-3.09],[75.28,-3.09],[75.28,-3.12],[75.25,-3.14],[75.25,-3.27],[75.21,-3.29],[75.07,-3.29],[74.96,-3.32],[74.96,-3.35],[74.85,-3.4],[74.74,-3.4],[74.67,-3.39],[74.67,-3.3],[74.74,-3.27],[74.74,-3.16],[74.78,-3.14],[74.78,-3.11],[74.81,-3.09],[74.92,-3.09],[74.96,-3.06]]]}},{"type":"Feature","properties":{"precip":20},"geometry":{"type":"Polygon","coordinates":[[[80.36,-3.09],[80.36,-3.04],[80.36,-3.01],[80.54,-3.01],[80.54,-3.06],[80.39,-3.19],[80.29,-3.27],[80.25,-3.27],[80.25,-3.24],[80.29,-3.24],[80.29,-3.2],[80.32,-3.2],[80.32,-3.17],[80.36,-3.16],[80.36,-3.09]]]}},{"type":"Feature","properties":{"precip":20},"geometry":{"type":"Polygon","coordinates":[[[63.26,-3.25],[63.26,-3.2],[63.33,-3.2],[63.33,-3.24],[63.37,-3.24],[63.37,-3.27],[63.33,-3.27],[63.33,-3.29],[63.26,-3.29],[63.26,-3.25]]]}},{"type":"Feature","properties":{"precip":20},"geometry":{"type":"Polygon","coordinates":[[[86.62,-3.29],[86.62,-3.22],[86.73,-3.2],[86.73,-3.25],[86.76,-3.27],[86.76,-3.34],[86.73,-3.35],[86.73,-3.4],[86.62,-3.39],[86.62,-3.29]]]}},{"type":"Feature","properties":{"precip":20},"geometry":{"type":"Polygon","coordinates":[[[63.08,-3.3],[63.15,-3.35],[63.15,-3.44],[63.26,-3.5],[63.33,-3.49],[63.37,-3.44],[63.37,-3.42],[63.44,-3.44],[63.51,-3.49],[63.51,-3.54],[63.55,-3.59],[63.55,-3.65],[63.62,-3.7],[63.69,-3.7],[63.76,-3.74],[63.76,-3.79],[63.91,-3.8],[63.94,-3.82],[63.94,-3.97],[64.02,-4.0],[64.05,-3.99],[64.05,-3.92],[64.12,-3.9],[64.12,-3.94],[64.16,-3.95],[64.16,-4.08],[64.23,-4.1],[64.23,-4.07],[64.27,-4.07],[64.27,-4.02],[64.3,-4.0],[64.38,-4.0],[64.38,-3.99],[64.45,-3.97],[64.45,-3.92],[64.38,-3.9],[64.38,-3.85],[64.34,-3.84],[64.34,-3.75],[64.41,-3.7],[64.48,-3.7],[64.52,-3.67],[64.56,-3.67],[64.56,-3.64],[64.66,-3.62],[64.74,-3.62],[64.81,-3.6],[65.13,-3.6],[65.35,-3.62],[65.42,-3.64],[65.49,-3.67],[65.53,-3.7],[65.53,-3.75],[65.56,-3.79],[65.56,-3.87],[65.67,-3.97],[65.82,-4.0],[65.89,-4.0],[65.96,-4.03],[65.96,-4.08],[66.03,-4.1],[66.18,-4.1],[66.25,-4.07],[66.25,-4.03],[66.39,-4.0],[66.75,-4.0],[66.82,-4.02],[66.86,-4.05],[66.86,-4.13],[66.93,-4.23],[67.04,-4.3],[67.11,-4.3],[67.15,-4.28],[67.15,-4.23],[67.18,-4.2],[67.26,-4.23],[67.26,-4.27],[67.33,-4.32],[67.33,-4.38],[67.29,-4.4],[67.15,-4.4],[67.08,-4.42],[67.04,-4.45],[67.08,-4.48],[67.15,-4.48],[67.15,-4.5],[67.22,-4.5],[67.26,-4.53],[67.26,-4.67],[67.22,-4.68],[67.11,-4.72],[67.04,-4.77],[66.97,-4.83],[66.97,-4.85],[66.93,-4.88],[66.86,-4.91],[66.82,-4.95],[66.72,-5.0],[66.64,-5.01],[66.54,-5.01],[66.46,-5.03],[66.39,-5.1],[66.32,-5.1],[66.25,-5.13],[66.25,-5.18],[66.18,-5.2],[66.07,-5.2],[66.07,-5.15],[66.03,-5.15],[66.03,-5.11],[66.0,-5.1],[65.89,-5.1],[65.85,-5.08],[65.85,-5.01],[65.82,-5.01],[65.74,-5.01],[65.74,-5.0],[65.67,-5.0],[65.67,-4.96],[65.64,-4.96],[65.64,-4.93],[65.6,-4.91],[65.53,-4.91],[65.49,-4.9],[65.31,-4.9],[65.2,-4.87],[65.13,-4.85],[65.13,-4.82],[65.06,-4.8],[64.99,-4.8],[64.95,-4.78],[64.95,-4.73],[64.88,-4.7],[64.77,-4.7],[64.7,-4.67],[64.66,-4.67],[64.66,-4.58],[64.63,-4.55],[64.63,-4.5],[64.56,-4.5],[64.45,-4.47],[64.45,-4.33],[64.48,-4.32],[64.48,-4.3],[64.52,-4.3],[64.52,-4.27],[64.56,-4.25],[64.56,-4.15],[64.52,-4.13],[64.45,-4.1],[64.38,-4.1],[64.27,-4.13],[64.27,-4.2],[64.23,-4.23],[64.23,-4.27],[64.16,-4.3],[63.84,-4.3],[63.76,-4.28],[63.76,-4.22],[63.73,-4.17],[63.73,-4.13],[63.62,-4.03],[63.51,-4.0],[63.4,-4.0],[63.37,-3.99],[63.3,-3.99],[63.26,-3.97],[63.26,-3.92],[63.33,-3.9],[63.33,-3.87],[63.37,-3.85],[63.3,-3.8],[63.19,-3.8],[63.15,-3.79],[62.97,-3.79],[62.86,-3.77],[62.86,-3.7],[62.94,-3.7],[62.94,-3.62],[62.9,-3.6],[62.79,-3.6],[62.76,-3.57],[62.76,-3.44],[62.76,-3.34],[62.79,-3.3],[62.9,-3.29],[63.01,-3.29],[63.08,-3.3]],[[66.86,-4.85],[66.86,-4.83],[66.82,-4.8],[66.75,-4.82],[66.75,-4.88],[66.82,-4.88],[66.86,-4.85]]]}},{"type":"Feature","properties":{"precip":20},"geometry":{"type":"Polygon","coordinates":[[[65.56,-3.44],[65.56,-3.42],[65.64,-3.4],[65.64,-3.49],[65.56,-3.49],[65.56,-3.44]]]}},{"type":"Feature","properties":{"precip":20},"geometry":{"type":"Polygon","coordinates":[[[82.66,-4.4],[82.66,-4.32],[82.73,-4.3],[82.84,-4.32],[82.84,-4.48],[82.73,-4.48],[82.66,-4.48],[82.66,-4.4]]]}},{"type":"Feature","properties":{"precip":20},"geometry":{"type":"Polygon","coordinates":[[[28.56,-4.5],[28.56,-4.42],[28.63,-4.4],[28.63,-4.6],[28.56,-4.58],[28.56,-4.5]]]}},{"type":"Feature","properties":{"precip":20},"geometry":{"type":"Polygon","coordinates":[[[74.56,-4.55],[74.56,-4.5],[74.63,-4.5],[74.63,-4.6],[74.56,-4.6],[74.56,-4.55]]]}},{"type":"Feature","properties":{"precip":20},"geometry":{"type":"Polygon","coordinates":[[[27.91,-4.87],[27.99,-4.82],[28.02,-4.82],[28.06,-4.85],[28.06,-4.95],[28.02,-4.96],[28.02,-5.0],[27.95,-5.01],[27.84,-4.98],[27.88,-4.93],[27.88,-4.9],[27.91,-4.87]]]}},{"type":"Feature","properties":{"precip":20},"geometry":{"type":"Polygon","coordinates":[[[28.17,-4.95],[28.17,-4.9],[28.24,-4.9],[28.24,-5.0],[28.17,-5.0],[28.17,-4.95]]]}},{"type":"Feature","properties":{"precip":20},"geometry":{"type":"Polygon","coordinates":[[[67.15,-5.05],[67.15,-5.01],[67.22,-5.01],[67.29,-5.06],[67.29,-5.11],[67.33,-5.13],[67.33,-5.2],[67.36,-5.21],[67.36,-5.36],[67.44,-5.4],[67.44,-5.5],[67.36,-5.5],[67.36,-5.51],[67.29,-5.51],[67.26,-5.53],[67.26,-5.56],[67.18,-5.6],[67.15,-5.6],[67.04,-5.55],[67.04,-5.53],[66.97,-5.46],[66.97,-5.33],[67.0,-5.28],[67.04,-5.26],[67.04,-5.23],[66.97,-5.2],[66.97,-5.13],[67.0,-5.1],[67.11,-5.1],[67.15,-5.08],[67.15,-5.05]]]}},{"type":"Feature","properties":{"precip":20},"geometry":{"type":"Polygon","coordinates":[[[27.84,-5.25],[27.84,-5.16],[27.88,-5.11],[27.91,-5.11],[28.02,-5.2],[28.02,-5.25],[28.06,-5.3],[28.06,-5.33],[28.02,-5.36],[28.02,-5.38],[27.99,-5.4],[27.91,-5.4],[27.88,-5.38],[27.88,-5.36],[27.84,-5.33],[27.84,-5.25]]]}},{"type":"Feature","properties":{"precip":20},"geometry":{"type":"Polygon","coordinates":[[[28.17,-5.15],[28.17,-5.1],[28.24,-5.1],[28.24,-5.2],[28.2,-5.2],[28.17,-5.2],[28.17,-5.15]]]}},{"type":"Feature","properties":{"precip":20},"geometry":{"type":"Polygon","coordinates":[[[66.54,-5.36],[66.57,-5.35],[66.57,-5.31],[66.68,-5.3],[66.75,-5.33],[66.75,-5.36],[66.68,-5.4],[66.61,-5.4],[66.57,-5.38],[66.57,-5.36],[66.54,-5.36]]]}},{"type":"Feature","properties":{"precip":20},"geometry":{"type":"Polygon","coordinates":[[[23.34,-5.86],[23.34,-5.84],[23.41,-5.81],[23.49,-5.81],[23.52,-5.79],[23.59,-5.79],[23.7,-5.81],[23.74,-5.83],[23.74,-5.98],[23.7,-5.99],[23.59,-5.99],[23.56,-5.98],[23.56,-5.93],[23.52,-5.89],[23.41,-5.89],[23.34,-5.86]]]}},{"type":"Feature","properties":{"precip":20},"geometry":{"type":"Polygon","coordinates":[[[21.9,-6.18],[21.97,-6.11],[22.01,-6.11],[22.12,-6.21],[22.12,-6.24],[22.15,-6.26],[22.08,-6.29],[21.9,-6.29],[21.87,-6.28],[21.87,-6.21],[21.9,-6.18]]]}},{"type":"Feature","properties":{"precip":20},"geometry":{"type":"Polygon","coordinates":[[[19.96,-6.24],[19.96,-6.21],[20.03,-6.21],[20.03,-6.24],[20.07,-6.24],[20.07,-6.26],[20.03,-6.26],[20.03,-6.29],[19.96,-6.29],[19.96,-6.24]]]}},{"type":"Feature","properties":{"precip":20},"geometry":{"type":"Polygon","coordinates":[[[22.26,-6.24],[22.26,-6.21],[22.33,-6.21],[22.33,-6.29],[22.26,-6.29],[22.26,-6.24]]]}},{"type":"Feature","properties":{"precip":20},"geometry":{"type":"Polygon","coordinates":[[[90.44,-6.44],[90.47,-6.43],[90.47,-6.41],[90.54,-6.41],[90.54,-6.49],[90.47,-6.49],[90.47,-6.46],[90.44,-6.44]]]}},{"type":"Feature","properties":{"precip":20},"geometry":{"type":"Polygon","coordinates":[[[25.14,-6.53],[25.21,-6.49],[25.25,-6.51],[25.25,-6.59],[25.14,-6.59],[25.14,-6.56],[25.14,-6.53]]]}},{"type":"Feature","properties":{"precip":20},"geometry":{"type":"Polygon","coordinates":[[[21.65,-6.86],[21.65,-6.72],[21.69,-6.71],[21.83,-6.82],[21.9,-6.92],[21.94,-6.94],[21.94,-6.97],[21.9,-6.99],[21.69,-6.99],[21.65,-6.96],[21.65,-6.86]]]}},{"type":"Feature","properties":{"precip":20},"geometry":{"type":"Polygon","coordinates":[[[82.05,-6.86],[82.05,-6.81],[82.09,-6.79],[82.12,-6.82],[82.12,-6.87],[82.09,-6.89],[82.05,-6.89],[82.05,-6.86]]]}},{"type":"Feature","properties":{"precip":20},"geometry":{"type":"Polygon","coordinates":[[[20.36,-7.02],[20.43,-6.97],[20.5,-6.92],[20.54,-6.92],[20.54,-7.02],[20.57,-7.04],[20.57,-7.11],[20.64,-7.12],[20.64,-7.16],[20.57,-7.21],[20.57,-7.29],[20.61,-7.29],[20.61,-7.32],[20.68,-7.39],[20.75,-7.37],[20.75,-7.14],[20.82,-7.11],[20.97,-7.11],[21.04,-7.11],[21.04,-7.16],[21.11,-7.19],[21.18,-7.19],[21.22,-7.21],[21.29,-7.21],[21.33,-7.19],[21.4,-7.19],[21.43,-7.17],[21.43,-7.14],[21.47,-7.12],[21.47,-7.11],[21.54,-7.11],[21.54,-7.29],[21.47,-7.31],[21.47,-7.36],[21.43,-7.39],[21.43,-7.45],[21.4,-7.49],[21.22,-7.49],[21.18,-7.5],[21.11,-7.5],[21.04,-7.54],[21.04,-7.57],[20.93,-7.6],[20.79,-7.6],[20.75,-7.62],[20.68,-7.62],[20.64,-7.64],[20.64,-7.69],[20.57,-7.69],[20.57,-7.62],[20.54,-7.59],[20.54,-7.42],[20.5,-7.39],[20.46,-7.39],[20.46,-7.29],[20.43,-7.26],[20.43,-7.22],[20.39,-7.21],[20.32,-7.21],[20.25,-7.19],[20.25,-7.14],[20.28,-7.11],[20.36,-7.02]]]}},{"type":"Feature","properties":{"precip":20},"geometry":{"type":"Polygon","coordinates":[[[24.35,-7.14],[24.35,-7.06],[24.39,-7.01],[24.46,-6.99],[24.53,-7.02],[24.53,-7.11],[24.57,-7.14],[24.57,-7.39],[24.64,-7.42],[24.64,-7.52],[24.67,-7.54],[24.67,-7.59],[24.71,-7.6],[24.78,-7.6],[24.85,-7.64],[24.85,-7.77],[24.78,-7.8],[24.71,-7.8],[24.67,-7.79],[24.67,-7.75],[24.64,-7.72],[24.64,-7.62],[24.6,-7.62],[24.53,-7.67],[24.46,-7.72],[24.46,-7.75],[24.42,-7.79],[24.42,-7.8],[24.39,-7.84],[24.39,-7.89],[24.35,-7.92],[24.35,-8.05],[24.31,-8.07],[24.31,-8.1],[24.24,-8.1],[24.17,-8.14],[24.13,-8.17],[24.03,-8.27],[23.95,-8.3],[23.88,-8.3],[23.85,-8.28],[23.85,-8.22],[23.95,-8.17],[23.95,-8.07],[23.92,-8.02],[23.92,-7.99],[23.88,-7.97],[23.85,-7.97],[23.85,-7.94],[23.92,-7.92],[23.92,-7.85],[23.95,-7.84],[23.95,-7.65],[23.99,-7.62],[24.1,-7.52],[24.21,-7.47],[24.24,-7.47],[24.24,-7.34],[24.28,-7.32],[24.28,-7.29],[24.35,-7.26],[24.35,-7.14]],[[24.13,-7.75],[24.13,-7.7],[24.06,-7.7],[24.06,-7.8],[24.13,-7.8],[24.13,-7.75]],[[24.24,-7.85],[24.24,-7.8],[24.17,-7.8],[24.17,-7.82],[24.13,-7.84],[24.17,-7.87],[24.17,-7.9],[24.24,-7.89],[24.24,-7.85]]]}},{"type":"Feature","properties":{"precip":20},"geometry":{"type":"Polygon","coordinates":[[[84.14,-7.21],[84.14,-7.17],[84.17,-7.14],[84.17,-7.11],[84.24,-7.11],[84.39,-7.11],[84.46,-7.14],[84.46,-7.29],[84.5,-7.31],[84.5,-7.36],[84.57,-7.39],[84.5,-7.44],[84.5,-7.47],[84.46,-7.49],[84.28,-7.49],[84.24,-7.45],[84.24,-7.31],[84.17,-7.29],[84.17,-7.24],[84.14,-7.21]]]}},{"type":"Feature","properties":{"precip":20},"geometry":{"type":"Polygon","coordinates":[[[25.54,-7.85],[25.54,-7.82],[25.57,-7.82],[25.57,-7.8],[25.65,-7.8],[25.65,-7.89],[25.57,-7.9],[25.57,-7.87],[25.54,-7.85]]]}},{"type":"Feature","properties":{"precip":20},"geometry":{"type":"Polygon","coordinates":[[[77.66,-7.85],[77.66,-7.8],[77.73,-7.8],[77.73,-7.82],[77.77,-7.82],[77.77,-7.87],[77.73,-7.87],[77.73,-7.9],[77.66,-7.89],[77.66,-7.85]]]}},{"type":"Feature","properties":{"precip":20},"geometry":{"type":"Polygon","coordinates":[[[37.74,-7.99],[37.74,-7.97],[37.78,-7.92],[37.81,-7.9],[37.88,-7.9],[37.92,-7.92],[37.96,-7.97],[37.96,-8.04],[37.92,-8.05],[37.92,-8.09],[37.88,-8.1],[37.81,-8.1],[37.78,-8.12],[37.78,-8.15],[37.74,-8.17],[37.74,-8.28],[37.67,-8.3],[37.67,-8.12],[37.7,-8.09],[37.74,-8.09],[37.74,-7.99]]]}},{"type":"Feature","properties":{"precip":20},"geometry":{"type":"Polygon","coordinates":[[[23.16,-8.05],[23.16,-8.0],[23.27,-8.0],[23.34,-8.04],[23.41,-8.1],[23.41,-8.14],[23.45,-8.17],[23.45,-8.19],[23.38,-8.19],[23.31,-8.2],[23.23,-8.24],[23.23,-8.28],[23.2,-8.3],[23.16,-8.28],[23.16,-8.24],[23.13,-8.2],[23.09,-8.2],[23.05,-8.24],[23.05,-8.37],[23.02,-8.4],[22.95,-8.37],[22.95,-8.33],[22.91,-8.33],[22.91,-8.3],[22.87,-8.32],[22.87,-8.33],[22.8,-8.4],[22.77,-8.38],[22.77,-8.22],[22.8,-8.2],[22.87,-8.2],[22.87,-8.19],[22.95,-8.17],[22.95,-8.14],[23.02,-8.1],[23.09,-8.1],[23.16,-8.05]]]}},{"type":"Feature","properties":{"precip":20},"geometry":{"type":"Polygon","coordinates":[[[23.95,-8.45],[23.95,-8.42],[24.03,-8.4],[24.06,-8.43],[24.06,-8.47],[24.03,-8.5],[23.95,-8.48],[23.95,-8.45]]]}},{"type":"Feature","properties":{"precip":20},"geometry":{"type":"Polygon","coordinates":[[[33.46,-8.9],[33.46,-8.82],[33.53,-8.8],[33.53,-8.85],[33.56,-8.87],[33.56,-8.93],[33.53,-8.95],[33.53,-9.0],[33.46,-8.98],[33.46,-8.9]]]}},{"type":"Feature","properties":{"precip":20},"geometry":{"type":"Polygon","coordinates":[[[53.25,-23.74],[53.25,-23.72],[53.33,-23.71],[53.36,-23.72],[53.36,-23.76],[53.29,-23.82],[53.25,-23.79],[53.25,-23.74]]]}},{"type":"Feature","properties":{"precip":20},"geometry":{"type":"Polygon","coordinates":[[[53.36,-23.94],[53.36,-23.91],[53.43,-23.89],[53.43,-23.99],[53.36,-23.99],[53.36,-23.94]]]}},{"type":"Feature","properties":{"precip":20},"geometry":{"type":"Polygon","coordinates":[[[19.2,-32.87],[19.28,-32.81],[19.31,-32.81],[19.35,-32.81],[19.35,-32.87],[19.38,-32.87],[19.42,-32.91],[19.49,-32.91],[19.53,-32.92],[19.53,-32.96],[19.56,-32.99],[19.56,-33.09],[19.64,-33.12],[19.64,-33.19],[19.6,-33.19],[19.56,-33.22],[19.56,-33.29],[19.64,-33.3],[19.64,-33.37],[19.56,-33.4],[19.46,-33.42],[19.46,-33.49],[19.53,-33.5],[19.53,-33.59],[19.46,-33.64],[19.46,-33.69],[19.49,-33.69],[19.56,-33.74],[19.56,-33.77],[19.53,-33.77],[19.46,-33.83],[19.46,-33.87],[19.53,-33.9],[19.56,-33.93],[19.53,-33.98],[19.46,-34.0],[19.35,-34.0],[19.24,-34.03],[19.28,-34.1],[19.35,-34.13],[19.35,-34.18],[19.28,-34.2],[19.28,-34.23],[19.24,-34.27],[19.24,-34.38],[19.17,-34.4],[19.17,-34.57],[19.24,-34.62],[19.24,-34.68],[19.2,-34.68],[19.13,-34.63],[19.06,-34.55],[19.06,-34.33],[19.1,-34.32],[19.1,-34.28],[19.13,-34.28],[19.13,-34.22],[19.06,-34.18],[19.06,-34.07],[19.02,-34.03],[19.02,-34.02],[18.99,-33.98],[18.92,-33.93],[18.88,-33.9],[18.88,-33.87],[18.84,-33.85],[18.84,-33.83],[18.92,-33.8],[18.99,-33.8],[19.06,-33.77],[19.06,-33.72],[18.95,-33.69],[18.95,-33.52],[18.99,-33.5],[19.02,-33.5],[19.02,-33.45],[19.06,-33.44],[19.06,-33.22],[19.1,-33.19],[19.13,-33.19],[19.13,-33.12],[19.17,-33.1],[19.17,-32.94],[19.2,-32.92],[19.2,-32.87]],[[19.17,-33.85],[19.13,-33.83],[19.13,-33.8],[19.06,-33.82],[19.06,-33.88],[19.1,-33.9],[19.17,-33.85]]]}},{"type":"Feature","properties":{"precip":20},"geometry":{"type":"Polygon","coordinates":[[[-13.36,-35.3],[-13.3,-35.3],[-13.26,-35.33],[-13.26,-35.48],[-13.23,-35.5],[-13.23,-35.59],[-13.16,-35.63],[-13.16,-35.68],[-13.19,-35.69],[-13.3,-35.61],[-13.34,-35.61],[-13.34,-35.66],[-13.36,-35.67],[-13.36,-35.3]]]}},{"type":"Feature","properties":{"precip":20},"geometry":{"type":"Polygon","coordinates":[[[-12.94,-35.06],[-12.94,-35.01],[-12.87,-35.0],[-12.87,-35.1],[-12.94,-35.08],[-12.94,-35.06]]]}},{"type":"Feature","properties":{"precip":20},"geometry":{"type":"Polygon","coordinates":[[[34.64,-35.41],[34.64,-35.35],[34.68,-35.33],[34.68,-35.3],[34.72,-35.3],[34.75,-35.33],[34.75,-35.46],[34.82,-35.5],[34.9,-35.5],[34.93,-35.51],[34.93,-35.54],[34.97,-35.54],[34.97,-35.61],[35.04,-35.58],[35.04,-35.4],[35.08,-35.36],[35.08,-35.3],[35.11,-35.3],[35.15,-35.33],[35.15,-35.43],[35.22,-35.5],[35.26,-35.56],[35.33,-35.63],[35.47,-35.76],[35.54,-35.78],[35.65,-35.79],[35.76,-35.84],[35.83,-35.93],[35.83,-35.98],[35.8,-35.99],[35.8,-36.03],[35.76,-36.06],[35.65,-36.11],[35.58,-36.11],[35.58,-36.14],[35.54,-36.16],[35.54,-36.41],[35.58,-36.44],[35.58,-36.49],[35.62,-36.49],[35.62,-36.47],[35.65,-36.46],[35.65,-36.24],[35.69,-36.21],[35.76,-36.19],[35.87,-36.19],[35.94,-36.18],[35.94,-36.13],[36.01,-36.11],[36.08,-36.11],[36.12,-36.08],[36.16,-36.08],[36.16,-36.01],[36.23,-35.99],[36.23,-36.04],[36.26,-36.06],[36.26,-36.13],[36.23,-36.14],[36.23,-36.18],[36.19,-36.19],[36.05,-36.19],[35.98,-36.23],[35.94,-36.26],[35.94,-36.34],[35.98,-36.36],[35.98,-36.39],[36.05,-36.42],[36.05,-36.57],[36.01,-36.57],[35.94,-36.61],[35.8,-36.61],[35.76,-36.62],[35.76,-36.67],[35.87,-36.77],[35.98,-36.81],[36.05,-36.81],[36.16,-36.86],[36.23,-36.94],[36.23,-36.99],[36.26,-37.02],[36.26,-37.07],[36.34,-37.11],[36.41,-37.11],[36.41,-37.12],[36.48,-37.16],[36.48,-37.19],[36.52,-37.19],[36.52,-37.17],[36.55,-37.12],[36.62,-37.11],[36.62,-37.14],[36.66,-37.17],[36.66,-37.27],[36.73,-37.3],[36.77,-37.3],[36.84,-37.34],[36.88,-37.37],[37.02,-37.5],[37.09,-37.5],[37.16,-37.54],[37.16,-37.59],[37.2,-37.59],[37.31,-37.64],[37.45,-37.75],[37.49,-37.8],[37.63,-37.92],[37.7,-37.97],[37.78,-38.0],[37.81,-38.0],[37.85,-37.97],[37.85,-37.94],[37.88,-37.9],[37.92,-37.9],[37.96,-37.94],[37.92,-37.97],[37.92,-38.0],[37.85,-38.04],[37.88,-38.05],[37.88,-38.1],[37.92,-38.13],[38.03,-38.18],[38.21,-38.22],[38.28,-38.27],[38.32,-38.32],[38.32,-38.37],[38.35,-38.4],[38.35,-38.57],[38.39,-38.58],[38.39,-38.6],[38.42,-38.6],[38.42,-38.63],[38.46,-38.65],[38.46,-38.77],[38.5,-38.8],[38.57,-38.75],[38.57,-38.72],[38.64,-38.73],[38.71,-38.78],[38.71,-38.83],[38.75,-38.85],[38.71,-38.87],[38.71,-38.92],[38.64,-38.95],[38.53,-39.0],[38.46,-38.98],[38.46,-38.93],[38.32,-38.88],[38.24,-38.87],[38.24,-38.83],[38.17,-38.77],[38.17,-38.75],[38.03,-38.7],[37.92,-38.7],[37.85,-38.67],[37.85,-38.63],[37.78,-38.6],[37.63,-38.6],[37.56,-38.62],[37.56,-38.67],[37.52,-38.7],[37.42,-38.7],[37.38,-38.68],[37.38,-38.65],[37.34,-38.63],[37.34,-38.48],[37.31,-38.43],[37.31,-38.4],[37.27,-38.35],[37.2,-38.3],[37.16,-38.3],[37.16,-38.43],[37.13,-38.45],[37.13,-38.5],[37.06,-38.48],[37.06,-38.43],[37.02,-38.4],[36.88,-38.38],[36.84,-38.37],[36.84,-38.32],[36.8,-38.3],[36.73,-38.3],[36.66,-38.27],[36.66,-38.08],[36.62,-38.05],[36.62,-38.0],[36.55,-38.02],[36.55,-38.07],[36.48,-38.1],[36.37,-38.05],[36.34,-38.02],[36.26,-37.99],[36.26,-37.95],[36.19,-37.89],[36.19,-37.87],[36.16,-37.85],[36.16,-37.74],[36.05,-37.7],[35.98,-37.7],[35.87,-37.67],[35.8,-37.6],[35.76,-37.55],[35.76,-37.45],[35.72,-37.44],[35.72,-37.4],[35.65,-37.4],[35.54,-37.35],[35.54,-37.32],[35.51,-37.3],[35.44,-37.3],[35.4,-37.29],[35.26,-37.17],[35.26,-37.04],[35.29,-37.02],[35.29,-37.01],[35.36,-36.96],[35.44,-36.87],[35.44,-36.82],[35.36,-36.81],[35.26,-36.81],[35.18,-36.77],[35.15,-36.77],[35.15,-36.72],[35.08,-36.69],[35.0,-36.69],[34.97,-36.67],[34.97,-36.61],[35.04,-36.61],[35.18,-36.54],[35.22,-36.49],[35.22,-36.41],[35.15,-36.36],[35.15,-36.33],[35.11,-36.31],[35.11,-36.29],[35.08,-36.28],[35.08,-36.23],[35.04,-36.19],[35.04,-36.14],[35.0,-36.11],[34.93,-36.11],[34.86,-36.13],[34.79,-36.18],[34.72,-36.14],[34.72,-36.11],[34.64,-36.03],[34.64,-35.91],[34.57,-35.89],[34.57,-35.84],[34.54,-35.81],[34.54,-35.71],[34.46,-35.69],[34.46,-35.61],[34.5,-35.61],[34.61,-35.61],[34.64,-35.61],[34.64,-35.68],[34.68,-35.69],[34.75,-35.66],[34.75,-35.53],[34.72,-35.5],[34.68,-35.5],[34.68,-35.46],[34.64,-35.45],[34.64,-35.41]],[[34.75,-35.84],[34.75,-35.81],[34.72,-35.79],[34.64,-35.81],[34.64,-35.88],[34.68,-35.89],[34.75,-35.89],[34.75,-35.84]],[[34.97,-35.93],[34.93,-35.91],[34.82,-35.91],[34.75,-35.94],[34.75,-36.09],[34.79,-36.09],[34.86,-36.06],[34.9,-36.03],[34.9,-35.99],[34.97,-35.93]],[[35.36,-36.04],[35.29,-35.99],[35.22,-35.99],[35.18,-36.01],[35.15,-36.06],[35.15,-36.26],[35.18,-36.28],[35.18,-36.31],[35.22,-36.31],[35.22,-36.28],[35.26,-36.26],[35.26,-36.13],[35.33,-36.11],[35.33,-36.08],[35.36,-36.08],[35.36,-36.04]],[[35.87,-36.46],[35.83,-36.44],[35.83,-36.41],[35.76,-36.41],[35.76,-36.49],[35.83,-36.49],[35.83,-36.47],[35.87,-36.46]],[[35.54,-36.54],[35.47,-36.49],[35.33,-36.49],[35.26,-36.52],[35.26,-36.67],[35.33,-36.69],[35.36,-36.66],[35.36,-36.62],[35.4,-36.61],[35.47,-36.61],[35.47,-36.59],[35.54,-36.57],[35.54,-36.54]],[[35.76,-36.54],[35.72,-36.52],[35.72,-36.49],[35.65,-36.51],[35.65,-36.59],[35.72,-36.61],[35.72,-36.57],[35.76,-36.57],[35.76,-36.54]],[[35.94,-37.54],[35.94,-37.52],[35.87,-37.5],[35.87,-37.59],[35.9,-37.6],[35.94,-37.59],[35.94,-37.54]]]}},{"type":"Feature","properties":{"precip":20},"geometry":{"type":"Polygon","coordinates":[[[35.44,-35.45],[35.47,-35.43],[35.47,-35.41],[35.54,-35.41],[35.54,-35.5],[35.47,-35.5],[35.47,-35.46],[35.44,-35.45]]]}},{"type":"Feature","properties":{"precip":20},"geometry":{"type":"Polygon","coordinates":[[[29.35,-35.64],[29.35,-35.61],[29.43,-35.61],[29.46,-35.63],[29.46,-35.66],[29.43,-35.69],[29.35,-35.68],[29.35,-35.64]]]}},{"type":"Feature","properties":{"precip":20},"geometry":{"type":"Polygon","coordinates":[[[29.86,-35.64],[29.86,-35.61],[29.93,-35.61],[29.93,-35.63],[29.97,-35.63],[29.97,-35.66],[29.93,-35.66],[29.93,-35.69],[29.86,-35.69],[29.86,-35.64]]]}},{"type":"Feature","properties":{"precip":20},"geometry":{"type":"Polygon","coordinates":[[[-12.94,-35.76],[-12.94,-35.71],[-12.9,-35.69],[-12.87,-35.71],[-12.87,-35.79],[-12.94,-35.78],[-12.94,-35.76]]]}},{"type":"Feature","properties":{"precip":20},"geometry":{"type":"Polygon","coordinates":[[[26.44,-35.84],[26.44,-35.81],[26.51,-35.79],[26.58,-35.86],[26.65,-35.94],[26.65,-35.96],[26.76,-35.99],[26.87,-35.99],[26.94,-36.03],[26.94,-36.24],[26.98,-36.26],[26.98,-36.31],[27.01,-36.31],[27.01,-36.33],[27.05,-36.34],[27.05,-36.56],[27.01,-36.57],[27.01,-36.61],[26.98,-36.61],[26.98,-36.64],[26.94,-36.66],[26.94,-36.77],[26.91,-36.81],[26.83,-36.81],[26.76,-36.74],[26.76,-36.64],[26.8,-36.61],[26.8,-36.57],[26.83,-36.57],[26.83,-36.52],[26.8,-36.52],[26.8,-36.49],[26.76,-36.47],[26.76,-36.31],[26.83,-36.29],[26.83,-36.11],[26.76,-36.11],[26.76,-36.16],[26.73,-36.18],[26.65,-36.18],[26.65,-36.08],[26.62,-36.04],[26.62,-36.01],[26.58,-35.96],[26.51,-35.91],[26.47,-35.89],[26.47,-35.86],[26.44,-35.84]],[[26.94,-36.34],[26.94,-36.31],[26.87,-36.31],[26.87,-36.33],[26.83,-36.34],[26.87,-36.39],[26.94,-36.39],[26.94,-36.34]]]}},{"type":"Feature","properties":{"precip":20},"geometry":{"type":"Polygon","coordinates":[[[27.45,-35.84],[27.45,-35.81],[27.48,-35.79],[27.55,-35.81],[27.55,-35.89],[27.48,-35.89],[27.45,-35.88],[27.45,-35.84]]]}},{"type":"Feature","properties":{"precip":20},"geometry":{"type":"Polygon","coordinates":[[[64.05,-35.91],[64.05,-35.83],[64.09,-35.79],[64.12,-35.79],[64.12,-35.83],[64.16,-35.84],[64.16,-35.96],[64.12,-35.96],[64.12,-35.99],[64.05,-35.96],[64.05,-35.91]]]}},{"type":"Feature","properties":{"precip":20},"geometry":{"type":"Polygon","coordinates":[[[25.47,-35.96],[25.47,-35.91],[25.54,-35.91],[25.54,-35.99],[25.47,-35.99],[25.47,-35.96]]]}},{"type":"Feature","properties":{"precip":20},"geometry":{"type":"Polygon","coordinates":[[[-13.16,-36.04],[-13.12,-35.99],[-13.05,-36.01],[-13.05,-36.09],[-13.08,-36.11],[-13.16,-36.08],[-13.16,-36.04]]]}},{"type":"Feature","properties":{"precip":20},"geometry":{"type":"Polygon","coordinates":[[[63.76,-36.11],[63.76,-36.01],[63.84,-36.01],[63.84,-36.19],[63.76,-36.18],[63.76,-36.11]]]}},{"type":"Feature","properties":{"precip":20},"geometry":{"type":"Polygon","coordinates":[[[64.66,-36.11],[64.66,-36.01],[64.7,-35.99],[64.74,-36.01],[64.74,-36.19],[64.66,-36.18],[64.66,-36.11]]]}},{"type":"Feature","properties":{"precip":20},"geometry":{"type":"Polygon","coordinates":[[[-13.36,-38.2],[-13.26,-38.2],[-13.16,-38.22],[-13.16,-38.27],[-13.12,-38.27],[-13.08,-38.3],[-13.01,-38.3],[-12.94,-38.25],[-12.94,-38.22],[-12.9,-38.2],[-12.87,-38.22],[-12.87,-38.38],[-12.94,-38.4],[-13.01,-38.42],[-13.01,-38.43],[-13.08,-38.47],[-13.12,-38.5],[-13.12,-38.58],[-13.08,-38.6],[-13.08,-38.63],[-13.05,-38.67],[-12.98,-38.68],[-12.94,-38.65],[-12.94,-38.62],[-12.87,-38.6],[-12.87,-38.67],[-12.9,-38.7],[-12.9,-38.73],[-12.94,-38.75],[-13.08,-38.8],[-13.12,-38.78],[-13.12,-38.75],[-13.16,-38.75],[-13.16,-38.62],[-13.23,-38.6],[-13.23,-38.65],[-13.26,-38.67],[-13.26,-38.78],[-13.34,-38.77],[-13.36,-38.74],[-13.36,-38.2]]]}},{"type":"Feature","properties":{"precip":20},"geometry":{"type":"Polygon","coordinates":[[[26.26,-36.19],[26.26,-36.13],[26.33,-36.11],[26.33,-36.16],[26.37,-36.18],[26.37,-36.23],[26.33,-36.24],[26.33,-36.29],[26.26,-36.31],[26.26,-36.37],[26.4,-36.41],[26.44,-36.42],[26.44,-36.52],[26.47,-36.56],[26.47,-36.61],[26.55,-36.62],[26.55,-36.67],[26.47,-36.69],[26.47,-36.66],[26.44,-36.64],[26.44,-36.61],[26.37,-36.62],[26.37,-36.72],[26.33,-36.74],[26.33,-36.77],[26.29,-36.81],[26.22,-36.81],[26.19,-36.77],[26.15,-36.77],[26.15,-36.66],[26.11,-36.64],[26.11,-36.61],[26.08,-36.59],[26.08,-36.56],[26.01,-36.51],[25.97,-36.47],[25.97,-36.42],[26.01,-36.41],[26.01,-36.37],[26.08,-36.31],[26.19,-36.29],[26.22,-36.29],[26.22,-36.26],[26.26,-36.24],[26.26,-36.19]]]}},{"type":"Feature","properties":{"precip":20},"geometry":{"type":"Polygon","coordinates":[[[27.27,-36.26],[27.27,-36.13],[27.3,-36.11],[27.37,-36.13],[27.45,-36.16],[27.52,-36.23],[27.66,-36.37],[27.77,-36.47],[27.84,-36.47],[27.84,-36.31],[27.77,-36.29],[27.77,-36.23],[27.73,-36.19],[27.77,-36.18],[27.77,-36.13],[27.81,-36.11],[28.06,-36.11],[28.13,-36.13],[28.17,-36.16],[28.09,-36.23],[28.06,-36.23],[28.06,-36.28],[28.13,-36.31],[28.13,-36.36],[28.17,-36.39],[28.17,-36.47],[28.24,-36.49],[28.31,-36.49],[28.38,-36.51],[28.45,-36.54],[28.49,-36.57],[28.49,-36.61],[28.53,-36.64],[28.67,-36.69],[28.99,-36.69],[29.07,-36.71],[29.17,-36.71],[29.28,-36.76],[29.28,-36.81],[29.32,-36.81],[29.32,-36.76],[29.35,-36.71],[29.39,-36.69],[29.43,-36.71],[29.43,-36.76],[29.46,-36.81],[29.46,-36.99],[29.5,-37.01],[29.57,-36.96],[29.64,-36.86],[29.68,-36.82],[29.75,-36.81],[29.82,-36.81],[29.86,-36.82],[29.86,-36.87],[29.75,-36.92],[29.75,-36.97],[29.79,-37.01],[29.89,-37.01],[29.97,-36.94],[30.04,-36.91],[30.15,-36.91],[30.18,-36.89],[30.29,-36.89],[30.33,-36.86],[30.36,-36.86],[30.36,-36.82],[30.4,-36.81],[30.51,-36.81],[30.54,-36.82],[30.54,-36.94],[30.58,-36.96],[30.58,-37.01],[30.65,-37.04],[30.58,-37.11],[30.58,-37.17],[30.54,-37.22],[30.54,-37.37],[30.61,-37.49],[30.61,-37.5],[30.69,-37.52],[30.76,-37.54],[30.83,-37.6],[30.83,-37.7],[30.76,-37.69],[30.76,-37.64],[30.72,-37.6],[30.61,-37.59],[30.54,-37.55],[30.51,-37.52],[30.51,-37.5],[30.47,-37.45],[30.47,-37.42],[30.43,-37.37],[30.43,-37.3],[30.36,-37.32],[30.36,-37.35],[30.33,-37.35],[30.29,-37.39],[30.22,-37.39],[30.18,-37.4],[30.11,-37.4],[30.0,-37.44],[29.93,-37.47],[29.89,-37.52],[29.82,-37.57],[29.75,-37.7],[29.75,-37.87],[29.68,-37.89],[29.68,-37.84],[29.64,-37.8],[29.64,-37.7],[29.68,-37.67],[29.68,-37.6],[29.75,-37.57],[29.75,-37.42],[29.68,-37.4],[29.64,-37.44],[29.64,-37.49],[29.57,-37.5],[29.43,-37.5],[29.35,-37.47],[29.35,-37.44],[29.32,-37.4],[29.21,-37.4],[29.17,-37.42],[29.17,-37.49],[29.14,-37.52],[29.14,-37.6],[29.17,-37.64],[29.17,-37.7],[29.25,-37.7],[29.25,-37.87],[29.21,-37.89],[29.07,-37.89],[29.07,-37.85],[28.99,-37.8],[28.85,-37.8],[28.74,-37.75],[28.74,-37.72],[28.81,-37.67],[28.85,-37.67],[28.85,-37.64],[28.74,-37.57],[28.74,-37.54],[28.85,-37.5],[28.96,-37.5],[29.03,-37.49],[29.03,-37.45],[29.07,-37.4],[29.03,-37.35],[29.03,-37.34],[28.96,-37.3],[28.89,-37.3],[28.85,-37.34],[28.85,-37.35],[28.78,-37.37],[28.78,-37.35],[28.67,-37.27],[28.63,-37.25],[28.63,-37.22],[28.56,-37.22],[28.56,-37.27],[28.49,-37.3],[28.45,-37.27],[28.45,-37.14],[28.49,-37.11],[28.53,-37.11],[28.53,-37.06],[28.56,-37.04],[28.56,-36.97],[28.53,-36.94],[28.53,-36.91],[28.49,-36.91],[28.49,-36.87],[28.45,-36.87],[28.45,-36.74],[28.38,-36.69],[28.35,-36.72],[28.35,-36.76],[28.31,-36.79],[28.27,-36.79],[28.27,-36.74],[28.13,-36.71],[27.99,-36.71],[27.91,-36.69],[27.48,-36.69],[27.37,-36.66],[27.34,-36.64],[27.34,-36.51],[27.27,-36.49],[27.27,-36.56],[27.19,-36.61],[27.16,-36.59],[27.16,-36.42],[27.19,-36.39],[27.23,-36.39],[27.23,-36.31],[27.27,-36.29],[27.27,-36.26]],[[27.95,-36.54],[27.95,-36.51],[27.88,-36.49],[27.88,-36.52],[27.84,-36.52],[27.84,-36.57],[27.88,-36.57],[27.88,-36.61],[27.95,-36.59],[27.95,-36.54]],[[28.85,-36.84],[28.85,-36.82],[28.78,-36.81],[28.74,-36.82],[28.74,-36.86],[28.81,-36.91],[28.85,-36.89],[28.85,-36.84]],[[29.07,-36.96],[28.99,-36.91],[28.89,-36.91],[28.85,-36.94],[28.85,-36.97],[28.89,-37.01],[28.99,-37.01],[29.07,-36.96]],[[29.46,-37.04],[29.39,-37.01],[29.32,-37.01],[29.25,-37.02],[29.25,-37.07],[29.28,-37.07],[29.32,-37.11],[29.39,-37.09],[29.46,-37.06],[29.46,-37.04]],[[30.43,-37.04],[30.43,-37.01],[30.36,-37.01],[30.36,-37.09],[30.43,-37.09],[30.43,-37.04]],[[29.07,-37.65],[29.03,-37.64],[29.03,-37.6],[28.96,-37.6],[28.96,-37.7],[29.03,-37.7],[29.03,-37.67],[29.07,-37.65]]]}},{"type":"Feature","properties":{"precip":20},"geometry":{"type":"Polygon","coordinates":[[[20.25,-36.26],[20.25,-36.23],[20.32,-36.19],[20.43,-36.21],[20.46,-36.24],[20.39,-36.31],[20.32,-36.31],[20.25,-36.28],[20.25,-36.26]]]}},{"type":"Feature","properties":{"precip":20},"geometry":{"type":"Polygon","coordinates":[[[64.34,-36.34],[64.34,-36.29],[64.38,-36.28],[64.38,-36.21],[64.41,-36.19],[64.41,-36.23],[64.45,-36.24],[64.45,-36.46],[64.41,-36.47],[64.41,-36.49],[64.38,-36.49],[64.38,-36.44],[64.34,-36.41],[64.34,-36.34]]]}},{"type":"Feature","properties":{"precip":20},"geometry":{"type":"Polygon","coordinates":[[[65.17,-36.26],[65.17,-36.21],[65.24,-36.21],[65.24,-36.29],[65.17,-36.31],[65.17,-36.26]]]}},{"type":"Feature","properties":{"precip":20},"geometry":{"type":"Polygon","coordinates":[[[20.03,-36.37],[20.03,-36.34],[20.1,-36.31],[20.14,-36.31],[20.14,-36.47],[20.1,-36.49],[20.0,-36.49],[19.96,-36.47],[19.96,-36.44],[20.03,-36.37]]]}},{"type":"Feature","properties":{"precip":20},"geometry":{"type":"Polygon","coordinates":[[[28.71,-36.47],[28.78,-36.42],[28.85,-36.41],[28.85,-36.46],[28.81,-36.47],[28.81,-36.49],[28.71,-36.59],[28.67,-36.59],[28.67,-36.51],[28.71,-36.47]]]}},{"type":"Feature","properties":{"precip":20},"geometry":{"type":"Polygon","coordinates":[[[64.95,-36.54],[64.95,-36.44],[64.99,-36.41],[65.02,-36.41],[65.02,-36.44],[65.06,-36.47],[65.06,-36.64],[65.02,-36.66],[65.02,-36.69],[64.95,-36.66],[64.95,-36.54]]]}},{"type":"Feature","properties":{"precip":20},"geometry":{"type":"Polygon","coordinates":[[[65.24,-36.46],[65.24,-36.42],[65.28,-36.41],[65.38,-36.41],[65.46,-36.44],[65.49,-36.47],[65.49,-36.51],[65.53,-36.56],[65.53,-36.61],[65.56,-36.66],[65.56,-36.71],[65.53,-36.76],[65.53,-36.79],[65.46,-36.77],[65.46,-36.56],[65.42,-36.51],[65.38,-36.49],[65.31,-36.49],[65.24,-36.46]]]}},{"type":"Feature","properties":{"precip":20},"geometry":{"type":"Polygon","coordinates":[[[19.31,-36.57],[19.35,-36.56],[19.35,-36.52],[19.42,-36.49],[19.46,-36.49],[19.46,-36.56],[19.42,-36.57],[19.42,-36.61],[19.31,-36.67],[19.28,-36.67],[19.28,-36.62],[19.31,-36.57]]]}},{"type":"Feature","properties":{"precip":20},"geometry":{"type":"Polygon","coordinates":[[[19.56,-36.54],[19.56,-36.52],[19.64,-36.49],[19.74,-36.49],[19.85,-36.52],[19.85,-36.57],[19.82,-36.59],[19.74,-36.59],[19.74,-36.61],[19.67,-36.61],[19.56,-36.57],[19.56,-36.54]]]}},{"type":"Feature","properties":{"precip":20},"geometry":{"type":"Polygon","coordinates":[[[36.34,-36.66],[36.34,-36.59],[36.37,-36.56],[36.37,-36.51],[36.41,-36.51],[36.52,-36.61],[36.52,-36.69],[36.41,-36.79],[36.37,-36.79],[36.37,-36.76],[36.34,-36.71],[36.34,-36.66]]]}},{"type":"Feature","properties":{"precip":20},"geometry":{"type":"Polygon","coordinates":[[[65.74,-36.54],[65.78,-36.49],[65.85,-36.51],[65.85,-36.59],[65.78,-36.59],[65.74,-36.57],[65.74,-36.54]]]}},{"type":"Feature","properties":{"precip":20},"geometry":{"type":"Polygon","coordinates":[[[22.55,-36.66],[22.55,-36.62],[22.59,-36.61],[22.66,-36.62],[22.66,-36.67],[22.62,-36.69],[22.55,-36.67],[22.55,-36.66]]]}},{"type":"Feature","properties":{"precip":20},"geometry":{"type":"Polygon","coordinates":[[[64.56,-36.66],[64.56,-36.61],[64.63,-36.61],[64.66,-36.64],[64.66,-36.66],[64.63,-36.69],[64.56,-36.69],[64.56,-36.66]]]}},{"type":"Feature","properties":{"precip":20},"geometry":{"type":"Polygon","coordinates":[[[65.96,-36.76],[65.96,-36.62],[66.0,-36.61],[66.03,-36.62],[66.03,-36.69],[66.07,-36.72],[66.07,-36.79],[66.03,-36.81],[66.03,-36.89],[65.96,-36.87],[65.96,-36.76]]]}},{"type":"Feature","properties":{"precip":20},"geometry":{"type":"Polygon","coordinates":[[[24.75,-36.79],[24.75,-36.74],[24.78,-36.72],[24.78,-36.69],[24.82,-36.69],[24.82,-36.72],[24.85,-36.74],[24.85,-36.87],[24.89,-36.87],[24.89,-36.91],[24.96,-36.86],[24.96,-36.82],[25.0,-36.81],[25.11,-36.81],[25.14,-36.82],[25.14,-36.87],[25.18,-36.92],[25.18,-36.99],[25.21,-37.02],[25.29,-37.09],[25.39,-37.17],[25.47,-37.19],[25.54,-37.19],[25.65,-37.22],[25.65,-37.27],[25.68,-37.27],[25.75,-37.3],[25.86,-37.3],[25.93,-37.27],[25.97,-37.22],[26.08,-37.19],[26.15,-37.21],[26.22,-37.21],[26.26,-37.24],[26.26,-37.29],[26.33,-37.3],[26.44,-37.25],[26.51,-37.21],[26.51,-37.17],[26.55,-37.16],[26.55,-37.02],[26.58,-37.02],[26.58,-37.01],[26.62,-37.01],[26.62,-37.02],[26.65,-37.04],[26.65,-37.17],[26.73,-37.19],[26.76,-37.17],[26.76,-37.14],[26.83,-37.11],[26.98,-37.11],[27.01,-37.09],[27.09,-37.09],[27.16,-37.06],[27.16,-37.02],[27.23,-37.01],[27.3,-37.01],[27.34,-37.01],[27.34,-37.09],[27.27,-37.12],[27.27,-37.49],[27.34,-37.5],[27.34,-37.4],[27.37,-37.39],[27.37,-37.34],[27.41,-37.3],[27.41,-37.27],[27.45,-37.24],[27.55,-37.21],[27.66,-37.19],[27.73,-37.22],[27.73,-37.25],[27.77,-37.25],[27.77,-37.3],[27.84,-37.29],[27.84,-37.17],[27.88,-37.16],[27.88,-37.11],[27.91,-37.11],[27.95,-37.14],[27.95,-37.27],[27.88,-37.3],[27.88,-37.35],[27.84,-37.35],[27.84,-37.44],[27.91,-37.5],[27.99,-37.5],[28.06,-37.52],[28.06,-37.59],[28.13,-37.59],[28.13,-37.54],[28.17,-37.52],[28.17,-37.4],[28.2,-37.4],[28.31,-37.5],[28.31,-37.52],[28.38,-37.55],[28.38,-37.57],[28.49,-37.6],[28.6,-37.6],[28.63,-37.62],[28.63,-37.79],[28.56,-37.82],[28.56,-37.94],[28.53,-37.95],[28.53,-38.0],[28.45,-37.97],[28.45,-37.84],[28.42,-37.8],[28.38,-37.8],[28.38,-37.84],[28.35,-37.85],[28.35,-37.99],[28.27,-38.0],[28.27,-37.95],[28.24,-37.94],[28.24,-37.82],[28.17,-37.8],[28.02,-37.8],[27.95,-37.85],[27.95,-37.97],[27.88,-38.0],[27.73,-38.0],[27.73,-37.99],[27.63,-37.94],[27.59,-37.87],[27.55,-37.85],[27.48,-37.82],[27.41,-37.8],[27.16,-37.8],[27.09,-37.82],[27.05,-37.85],[27.05,-37.87],[27.01,-37.89],[26.87,-37.89],[26.87,-37.87],[26.83,-37.85],[26.83,-37.82],[26.8,-37.8],[26.73,-37.8],[26.65,-37.84],[26.62,-37.87],[26.62,-37.89],[26.58,-37.89],[26.58,-37.87],[26.51,-37.8],[26.44,-37.8],[26.4,-37.82],[26.33,-37.87],[26.29,-37.89],[26.29,-37.92],[26.26,-37.94],[26.26,-37.97],[26.29,-37.99],[26.33,-38.05],[26.4,-38.07],[26.44,-38.1],[26.51,-38.1],[26.55,-38.12],[26.55,-38.17],[26.58,-38.17],[26.65,-38.2],[26.87,-38.2],[26.94,-38.17],[26.94,-38.05],[26.98,-38.04],[26.98,-38.0],[27.01,-38.0],[27.01,-38.04],[27.05,-38.05],[27.05,-38.23],[27.12,-38.3],[27.16,-38.27],[27.16,-38.23],[27.19,-38.22],[27.19,-38.2],[27.23,-38.22],[27.23,-38.23],[27.3,-38.28],[27.37,-38.28],[27.45,-38.3],[27.52,-38.3],[27.59,-38.28],[27.66,-38.25],[27.66,-38.22],[27.7,-38.2],[27.73,-38.22],[27.73,-38.3],[27.77,-38.33],[27.77,-38.4],[27.84,-38.4],[27.84,-38.37],[27.88,-38.33],[27.88,-38.3],[27.91,-38.3],[27.91,-38.33],[27.95,-38.37],[28.02,-38.38],[28.02,-38.4],[28.27,-38.4],[28.35,-38.37],[28.38,-38.32],[28.42,-38.32],[28.45,-38.35],[28.56,-38.47],[28.63,-38.48],[28.63,-38.47],[28.71,-38.4],[28.78,-38.33],[28.85,-38.3],[28.92,-38.3],[28.96,-38.32],[28.96,-38.38],[28.99,-38.38],[29.1,-38.42],[29.14,-38.42],[29.17,-38.45],[29.17,-38.48],[29.21,-38.5],[29.21,-38.53],[29.35,-38.58],[29.46,-38.6],[29.68,-38.6],[29.75,-38.65],[29.75,-38.77],[29.82,-38.8],[29.86,-38.77],[29.86,-38.73],[29.93,-38.7],[30.04,-38.72],[30.04,-38.75],[30.11,-38.8],[30.22,-38.8],[30.25,-38.83],[30.25,-38.88],[30.29,-38.9],[30.36,-38.9],[30.36,-38.92],[30.43,-38.92],[30.43,-38.95],[30.47,-38.95],[30.47,-38.98],[30.51,-39.0],[30.58,-39.0],[30.65,-39.01],[30.65,-39.08],[30.69,-39.08],[30.72,-39.1],[30.79,-39.1],[30.87,-39.06],[30.87,-39.01],[30.9,-39.0],[30.97,-39.0],[31.05,-39.01],[31.05,-39.08],[31.08,-39.1],[31.15,-39.1],[31.26,-39.1],[31.33,-39.08],[31.33,-38.75],[31.3,-38.7],[31.26,-38.7],[31.26,-38.73],[31.23,-38.75],[31.23,-38.8],[31.19,-38.8],[31.19,-38.75],[31.15,-38.75],[31.15,-38.73],[31.08,-38.7],[31.01,-38.7],[30.97,-38.67],[30.94,-38.67],[30.94,-38.63],[31.01,-38.6],[31.15,-38.58],[31.15,-38.52],[31.05,-38.47],[31.05,-38.43],[31.12,-38.4],[31.12,-38.38],[31.15,-38.35],[31.15,-38.22],[31.23,-38.22],[31.33,-38.35],[31.37,-38.37],[31.37,-38.4],[31.44,-38.4],[31.44,-38.3],[31.48,-38.27],[31.48,-38.22],[31.59,-38.13],[31.59,-38.1],[31.66,-38.05],[31.73,-37.97],[31.73,-37.9],[31.66,-37.89],[31.59,-37.89],[31.55,-37.87],[31.55,-37.84],[31.66,-37.8],[31.77,-37.8],[31.84,-37.84],[31.87,-37.87],[31.87,-37.89],[31.95,-37.87],[32.02,-37.8],[32.02,-37.75],[32.05,-37.7],[32.05,-37.65],[31.98,-37.6],[31.91,-37.6],[31.84,-37.64],[31.84,-37.69],[31.8,-37.7],[31.69,-37.7],[31.66,-37.69],[31.66,-37.62],[31.69,-37.6],[31.77,-37.6],[31.84,-37.59],[31.84,-37.54],[31.95,-37.5],[32.05,-37.5],[32.13,-37.47],[32.16,-37.47],[32.16,-37.42],[32.2,-37.4],[32.23,-37.42],[32.23,-37.45],[32.31,-37.5],[32.34,-37.49],[32.34,-37.44],[32.38,-37.4],[32.41,-37.4],[32.45,-37.44],[32.45,-37.55],[32.34,-37.6],[32.2,-37.6],[32.16,-37.64],[32.16,-37.7],[32.13,-37.72],[32.13,-37.77],[32.02,-37.87],[32.02,-37.89],[31.98,-37.9],[31.98,-37.95],[31.95,-37.97],[31.95,-38.05],[32.02,-38.08],[32.09,-38.1],[32.27,-38.1],[32.34,-38.13],[32.34,-38.2],[32.27,-38.22],[32.27,-38.28],[32.23,-38.3],[32.23,-38.4],[32.16,-38.4],[32.16,-38.48],[32.23,-38.5],[32.31,-38.5],[32.38,-38.52],[32.45,-38.55],[32.49,-38.58],[32.49,-38.6],[32.52,-38.63],[32.63,-38.68],[32.7,-38.7],[32.81,-38.7],[32.85,-38.68],[32.85,-38.62],[32.88,-38.6],[32.99,-38.6],[33.1,-38.67],[33.1,-38.72],[33.13,-38.73],[33.13,-38.85],[33.17,-38.88],[33.17,-38.98],[33.24,-39.0],[33.35,-39.0],[33.46,-38.96],[33.46,-38.92],[33.53,-38.92],[33.53,-38.98],[33.56,-39.01],[33.56,-39.26],[33.6,-39.28],[33.64,-39.35],[33.74,-39.41],[33.74,-39.48],[33.67,-39.5],[33.53,-39.5],[33.53,-39.48],[33.46,-39.46],[33.46,-39.41],[33.56,-39.36],[33.56,-39.33],[33.49,-39.3],[33.31,-39.3],[33.28,-39.31],[33.28,-39.35],[33.24,-39.4],[33.24,-39.66],[33.17,-39.7],[33.17,-39.61],[33.13,-39.58],[33.13,-39.53],[33.03,-39.5],[32.81,-39.5],[32.7,-39.51],[32.67,-39.53],[32.67,-39.6],[32.7,-39.63],[32.74,-39.63],[32.74,-39.68],[32.7,-39.7],[32.67,-39.68],[32.67,-39.63],[32.59,-39.61],[32.52,-39.6],[32.45,-39.56],[32.45,-39.45],[32.41,-39.41],[32.34,-39.4],[32.27,-39.41],[32.27,-39.45],[32.23,-39.45],[32.23,-39.48],[32.16,-39.48],[32.13,-39.5],[31.98,-39.5],[31.95,-39.48],[31.87,-39.48],[31.84,-39.45],[31.87,-39.41],[31.95,-39.4],[32.02,-39.4],[32.05,-39.36],[32.05,-39.23],[32.02,-39.2],[31.98,-39.2],[31.98,-39.16],[31.95,-39.15],[31.95,-39.01],[31.87,-39.0],[31.87,-39.06],[31.84,-39.08],[31.84,-39.23],[31.8,-39.26],[31.8,-39.28],[31.77,-39.31],[31.77,-39.35],[31.69,-39.43],[31.62,-39.46],[31.59,-39.46],[31.51,-39.43],[31.51,-39.4],[31.48,-39.38],[31.48,-39.33],[31.44,-39.31],[31.44,-39.21],[31.37,-39.21],[31.37,-39.28],[31.33,-39.3],[31.33,-39.4],[31.26,-39.41],[31.26,-39.48],[31.3,-39.5],[31.41,-39.5],[31.44,-39.51],[31.44,-39.56],[31.48,-39.6],[31.55,-39.6],[31.59,-39.61],[31.69,-39.61],[31.73,-39.63],[31.73,-39.66],[31.77,-39.71],[31.77,-39.86],[31.8,-39.89],[31.87,-39.89],[31.95,-39.93],[31.95,-39.96],[31.98,-39.96],[31.98,-39.99],[32.05,-39.96],[32.05,-39.94],[32.2,-39.81],[32.23,-39.84],[32.31,-39.88],[32.31,-39.93],[32.34,-39.94],[32.34,-40.04],[32.38,-40.06],[32.38,-40.09],[32.45,-40.14],[32.45,-40.28],[32.52,-40.31],[32.52,-40.33],[32.56,-40.34],[32.56,-40.48],[32.63,-40.49],[32.77,-40.49],[32.85,-40.48],[32.85,-40.33],[32.77,-40.31],[32.77,-40.24],[32.74,-40.23],[32.74,-40.11],[32.67,-40.09],[32.67,-39.91],[32.74,-39.91],[32.74,-40.01],[32.77,-40.04],[32.77,-40.09],[32.85,-40.09],[32.85,-40.01],[32.92,-39.99],[32.95,-40.04],[32.95,-40.16],[33.03,-40.19],[33.03,-40.24],[33.06,-40.26],[33.06,-40.36],[33.1,-40.41],[33.28,-40.41],[33.35,-40.36],[33.35,-40.31],[33.39,-40.26],[33.39,-40.21],[33.46,-40.14],[33.46,-40.13],[33.53,-40.11],[33.53,-40.14],[33.56,-40.16],[33.56,-40.31],[33.64,-40.31],[33.64,-40.46],[33.67,-40.46],[33.67,-40.49],[33.74,-40.48],[33.74,-40.46],[33.82,-40.41],[33.82,-40.36],[33.89,-40.33],[33.92,-40.31],[34.03,-40.33],[34.1,-40.38],[34.25,-40.62],[34.25,-40.76],[34.28,-40.77],[34.28,-40.82],[34.36,-40.86],[34.36,-41.02],[34.32,-41.04],[34.32,-41.09],[34.25,-41.12],[34.25,-41.17],[34.32,-41.22],[34.36,-41.27],[34.43,-41.29],[34.43,-41.27],[34.46,-41.22],[34.46,-41.02],[34.54,-40.97],[34.54,-40.92],[34.46,-40.91],[34.46,-40.82],[34.57,-40.82],[34.68,-40.86],[34.72,-40.91],[34.72,-40.97],[34.75,-41.04],[34.75,-41.24],[34.72,-41.29],[34.69,-41.3],[33.78,-41.3],[33.78,-41.27],[33.74,-41.27],[33.74,-41.14],[33.6,-41.02],[33.56,-41.02],[33.49,-41.02],[33.46,-41.02],[33.46,-41.07],[33.49,-41.12],[33.53,-41.12],[33.53,-41.14],[33.56,-41.17],[33.53,-41.17],[33.53,-41.19],[33.46,-41.17],[33.46,-41.14],[33.42,-41.12],[33.39,-41.12],[33.35,-41.14],[33.35,-41.27],[33.31,-41.3],[33.26,-41.3],[33.24,-41.27],[33.24,-41.24],[33.21,-41.22],[33.17,-41.22],[33.17,-41.27],[33.1,-41.29],[33.05,-41.3],[26.94,-41.3],[26.94,-41.22],[26.87,-41.19],[26.87,-41.22],[26.83,-41.24],[26.83,-41.29],[26.81,-41.3],[26.44,-41.3],[26.44,-41.22],[26.37,-41.19],[26.29,-41.19],[26.26,-41.19],[26.26,-41.14],[26.22,-41.12],[26.11,-41.12],[26.08,-41.12],[26.08,-41.17],[26.04,-41.19],[26.04,-41.3],[15.81,-41.3],[15.75,-41.27],[15.75,-41.24],[15.89,-41.12],[15.89,-41.09],[15.96,-41.04],[16.04,-41.02],[16.11,-41.02],[16.32,-41.02],[16.4,-41.02],[16.47,-41.04],[16.47,-41.07],[16.5,-41.09],[16.54,-41.07],[16.54,-41.02],[16.61,-41.02],[16.65,-41.02],[16.76,-40.97],[16.76,-40.92],[16.83,-40.91],[16.83,-40.86],[16.86,-40.84],[16.94,-40.82],[16.94,-40.86],[17.01,-40.91],[17.08,-40.91],[17.15,-40.92],[17.15,-40.99],[17.22,-41.02],[17.22,-40.91],[17.26,-40.86],[17.26,-40.46],[17.3,-40.41],[17.4,-40.38],[17.44,-40.38],[17.44,-40.26],[17.48,-40.24],[17.48,-40.19],[17.51,-40.19],[17.51,-40.23],[17.55,-40.26],[17.55,-40.51],[17.58,-40.56],[17.58,-40.61],[17.66,-40.58],[17.66,-40.51],[17.73,-40.49],[17.73,-40.56],[17.76,-40.56],[17.76,-40.67],[17.8,-40.71],[17.91,-40.71],[17.94,-40.67],[17.94,-40.48],[17.87,-40.38],[17.8,-40.33],[17.76,-40.31],[17.69,-40.31],[17.66,-40.28],[17.66,-40.23],[17.73,-40.19],[17.8,-40.19],[17.84,-40.18],[17.84,-40.14],[17.91,-40.11],[18.02,-40.08],[18.05,-40.04],[18.05,-39.84],[18.09,-39.83],[18.09,-39.79],[18.16,-39.78],[18.16,-39.75],[18.09,-39.71],[18.02,-39.7],[17.8,-39.7],[17.66,-39.73],[17.66,-39.79],[17.73,-39.79],[17.73,-39.84],[17.76,-39.86],[17.76,-39.89],[17.73,-39.94],[17.73,-39.98],[17.62,-39.99],[17.58,-39.99],[17.48,-39.98],[17.44,-39.93],[17.37,-39.86],[17.37,-39.71],[17.44,-39.7],[17.44,-39.63],[17.37,-39.61],[17.22,-39.61],[17.15,-39.63],[17.15,-39.68],[17.12,-39.7],[17.04,-39.7],[16.97,-39.73],[16.97,-39.76],[16.94,-39.78],[16.94,-39.89],[16.86,-39.89],[16.86,-39.83],[16.79,-39.79],[16.72,-39.79],[16.65,-39.76],[16.65,-39.65],[16.68,-39.63],[16.68,-39.61],[16.76,-39.58],[16.76,-39.53],[16.65,-39.5],[16.54,-39.5],[16.47,-39.48],[16.47,-39.45],[16.43,-39.45],[16.43,-39.41],[16.36,-39.4],[16.29,-39.41],[16.25,-39.45],[16.25,-39.58],[16.18,-39.6],[16.18,-39.58],[16.07,-39.48],[16.07,-39.45],[16.04,-39.43],[16.0,-39.43],[15.89,-39.38],[15.86,-39.38],[15.86,-39.33],[15.82,-39.3],[15.71,-39.3],[15.64,-39.25],[15.71,-39.2],[15.78,-39.2],[15.86,-39.23],[15.86,-39.28],[15.93,-39.3],[16.0,-39.3],[16.04,-39.28],[16.04,-39.26],[16.07,-39.23],[16.14,-39.2],[16.29,-39.2],[16.32,-39.16],[16.36,-39.16],[16.36,-39.13],[16.29,-39.1],[16.18,-39.1],[16.07,-39.08],[16.04,-39.05],[16.04,-39.01],[15.96,-39.0],[15.89,-38.95],[15.82,-38.93],[15.78,-38.88],[15.71,-38.82],[15.68,-38.77],[15.68,-38.7],[15.71,-38.7],[15.75,-38.73],[15.75,-38.75],[15.86,-38.8],[15.96,-38.8],[16.07,-38.85],[16.07,-38.9],[16.14,-38.87],[16.14,-38.83],[16.25,-38.8],[16.36,-38.8],[16.43,-38.83],[16.47,-38.87],[16.47,-38.9],[16.54,-38.88],[16.65,-38.77],[16.65,-38.73],[16.58,-38.7],[16.43,-38.7],[16.36,-38.68],[16.36,-38.62],[16.43,-38.6],[16.54,-38.6],[16.61,-38.58],[16.65,-38.58],[16.65,-38.55],[16.76,-38.5],[16.94,-38.5],[17.01,-38.47],[17.08,-38.45],[17.08,-38.4],[17.12,-38.4],[17.12,-38.43],[17.15,-38.47],[17.22,-38.5],[17.3,-38.5],[17.33,-38.52],[17.33,-38.55],[17.37,-38.55],[17.37,-38.58],[17.48,-38.6],[17.55,-38.6],[17.55,-38.58],[17.62,-38.58],[17.66,-38.58],[17.66,-38.53],[17.73,-38.5],[17.8,-38.5],[17.84,-38.52],[17.84,-38.55],[17.91,-38.58],[17.98,-38.58],[18.09,-38.58],[18.16,-38.6],[18.38,-38.6],[18.48,-38.58],[18.59,-38.58],[18.66,-38.53],[18.66,-38.4],[18.7,-38.4],[18.77,-38.43],[18.77,-38.48],[18.88,-38.57],[18.88,-38.58],[18.99,-38.6],[19.06,-38.6],[19.13,-38.58],[19.13,-38.52],[19.1,-38.47],[19.02,-38.42],[18.99,-38.38],[18.92,-38.35],[18.81,-38.32],[18.66,-38.28],[18.56,-38.32],[18.56,-38.38],[18.48,-38.38],[18.45,-38.37],[18.45,-38.23],[18.48,-38.22],[18.48,-38.2],[18.52,-38.2],[18.52,-38.17],[18.56,-38.15],[18.56,-38.04],[18.66,-38.0],[18.84,-38.0],[18.92,-38.02],[18.95,-38.05],[18.95,-38.18],[19.02,-38.2],[19.02,-38.17],[19.13,-38.07],[19.13,-38.05],[19.17,-38.02],[19.24,-38.02],[19.24,-38.25],[19.17,-38.33],[19.17,-38.38],[19.2,-38.38],[19.24,-38.4],[19.24,-38.55],[19.28,-38.57],[19.28,-38.6],[19.35,-38.58],[19.35,-38.53],[19.42,-38.5],[19.49,-38.5],[19.56,-38.43],[19.53,-38.43],[19.53,-38.4],[19.46,-38.4],[19.38,-38.4],[19.38,-38.37],[19.35,-38.33],[19.35,-38.05],[19.42,-38.0],[19.64,-38.0],[19.74,-37.97],[19.74,-37.94],[19.78,-37.9],[19.89,-37.89],[19.96,-37.87],[19.96,-37.84],[20.0,-37.8],[20.03,-37.8],[20.03,-37.84],[20.07,-37.87],[20.07,-37.89],[20.18,-37.89],[20.25,-37.87],[20.28,-37.84],[20.28,-37.8],[20.36,-37.74],[20.46,-37.7],[20.54,-37.7],[20.54,-37.75],[20.57,-37.79],[20.64,-37.8],[20.68,-37.79],[20.75,-37.72],[20.82,-37.7],[20.82,-37.67],[20.86,-37.64],[20.93,-37.62],[20.93,-37.69],[20.86,-37.72],[20.86,-37.77],[20.93,-37.8],[21.0,-37.8],[21.04,-37.79],[21.04,-37.74],[21.08,-37.7],[21.15,-37.7],[21.22,-37.7],[21.26,-37.67],[21.26,-37.6],[21.33,-37.6],[21.33,-37.67],[21.36,-37.7],[21.36,-37.87],[21.43,-37.89],[21.43,-37.85],[21.47,-37.84],[21.61,-37.8],[21.79,-37.8],[21.94,-37.84],[21.97,-37.87],[21.97,-37.89],[22.05,-37.87],[22.12,-37.79],[22.12,-37.74],[22.15,-37.69],[22.15,-37.54],[22.23,-37.5],[22.3,-37.5],[22.33,-37.52],[22.33,-37.54],[22.37,-37.55],[22.37,-37.59],[22.48,-37.6],[22.55,-37.55],[22.55,-37.44],[22.59,-37.4],[22.69,-37.4],[22.69,-37.39],[22.77,-37.39],[22.8,-37.35],[22.87,-37.35],[22.91,-37.29],[22.95,-37.25],[22.95,-37.16],[22.87,-37.11],[22.8,-37.11],[22.77,-37.12],[22.77,-37.17],[22.73,-37.17],[22.73,-37.19],[22.62,-37.19],[22.51,-37.12],[22.48,-37.07],[22.41,-37.02],[22.41,-36.97],[22.37,-36.94],[22.37,-36.91],[22.44,-36.92],[22.44,-36.97],[22.48,-36.97],[22.51,-37.01],[22.59,-37.01],[22.66,-37.02],[22.66,-37.09],[22.73,-37.09],[22.73,-37.04],[22.77,-37.01],[22.77,-36.92],[22.8,-36.91],[22.91,-36.91],[22.95,-36.94],[22.95,-37.02],[23.02,-37.14],[23.09,-37.17],[23.13,-37.22],[23.2,-37.27],[23.34,-37.3],[23.45,-37.25],[23.45,-37.22],[23.52,-37.19],[23.52,-37.17],[23.56,-37.14],[23.63,-37.12],[23.67,-37.17],[23.77,-37.19],[23.99,-37.19],[24.06,-37.16],[24.06,-37.14],[23.99,-37.07],[23.95,-37.07],[23.95,-37.02],[24.1,-36.91],[24.21,-37.01],[24.28,-37.01],[24.35,-36.97],[24.39,-36.94],[24.39,-36.91],[24.42,-36.91],[24.42,-36.94],[24.46,-36.99],[24.49,-37.01],[24.57,-37.01],[24.6,-36.97],[24.67,-36.94],[24.75,-36.84],[24.75,-36.79]],[[24.13,-37.04],[24.13,-37.01],[24.06,-37.01],[24.06,-37.09],[24.13,-37.09],[24.13,-37.04]],[[25.03,-37.04],[25.03,-37.02],[24.96,-37.01],[24.82,-37.01],[24.75,-37.01],[24.75,-37.06],[24.82,-37.11],[24.82,-37.14],[24.85,-37.17],[24.93,-37.19],[25.0,-37.19],[25.03,-37.21],[25.03,-37.25],[25.14,-37.3],[25.29,-37.3],[25.36,-37.27],[25.36,-37.24],[25.29,-37.19],[25.29,-37.17],[25.25,-37.14],[25.18,-37.12],[25.18,-37.11],[25.11,-37.11],[25.07,-37.09],[25.07,-37.06],[25.03,-37.04]],[[24.64,-37.16],[24.64,-37.12],[24.6,-37.11],[24.42,-37.11],[24.35,-37.14],[24.35,-37.17],[24.42,-37.19],[24.6,-37.19],[24.64,-37.17],[24.64,-37.16]],[[24.13,-37.25],[24.13,-37.21],[24.06,-37.21],[24.06,-37.29],[24.13,-37.3],[24.13,-37.25]],[[24.75,-37.25],[24.75,-37.21],[24.67,-37.19],[24.67,-37.22],[24.64,-37.22],[24.64,-37.27],[24.67,-37.27],[24.67,-37.3],[24.75,-37.29],[24.75,-37.25]],[[24.24,-37.35],[24.24,-37.32],[24.21,-37.3],[24.17,-37.32],[24.17,-37.42],[24.13,-37.45],[24.13,-37.57],[24.17,-37.64],[24.17,-37.7],[24.21,-37.7],[24.28,-37.64],[24.35,-37.54],[24.39,-37.52],[24.42,-37.52],[24.42,-37.54],[24.49,-37.6],[24.53,-37.59],[24.53,-37.54],[24.57,-37.5],[24.57,-37.47],[24.53,-37.45],[24.53,-37.42],[24.49,-37.4],[24.39,-37.4],[24.39,-37.39],[24.28,-37.39],[24.28,-37.35],[24.24,-37.35]],[[24.85,-37.35],[24.85,-37.32],[24.82,-37.3],[24.75,-37.32],[24.75,-37.37],[24.82,-37.4],[24.85,-37.37],[24.85,-37.35]],[[23.74,-37.5],[23.74,-37.4],[23.7,-37.4],[23.63,-37.44],[23.63,-37.47],[23.59,-37.52],[23.56,-37.52],[23.56,-37.59],[23.67,-37.6],[23.74,-37.57],[23.74,-37.5]],[[23.95,-37.5],[23.95,-37.44],[23.92,-37.4],[23.88,-37.4],[23.85,-37.44],[23.85,-37.55],[23.88,-37.57],[23.88,-37.6],[23.92,-37.6],[23.92,-37.57],[23.95,-37.55],[23.95,-37.5]],[[24.96,-37.5],[24.96,-37.47],[24.93,-37.44],[24.93,-37.4],[24.85,-37.42],[24.85,-37.57],[24.93,-37.6],[24.93,-37.55],[24.96,-37.54],[24.96,-37.5]],[[25.14,-37.5],[25.14,-37.42],[25.07,-37.4],[25.07,-37.47],[25.03,-37.49],[25.03,-37.52],[25.07,-37.54],[25.07,-37.59],[25.14,-37.59],[25.14,-37.5]],[[25.65,-37.45],[25.65,-37.42],[25.61,-37.4],[25.5,-37.4],[25.47,-37.42],[25.47,-37.49],[25.5,-37.5],[25.61,-37.5],[25.65,-37.49],[25.65,-37.45]],[[26.26,-37.45],[26.22,-37.4],[26.08,-37.4],[26.04,-37.44],[26.04,-37.47],[26.08,-37.5],[26.22,-37.5],[26.26,-37.45]],[[23.23,-37.54],[23.23,-37.5],[23.16,-37.52],[23.16,-37.59],[23.2,-37.6],[23.23,-37.59],[23.23,-37.54]],[[24.75,-37.54],[24.75,-37.52],[24.67,-37.5],[24.67,-37.52],[24.64,-37.52],[24.64,-37.57],[24.67,-37.57],[24.67,-37.6],[24.75,-37.59],[24.75,-37.54]],[[25.75,-37.54],[25.72,-37.5],[25.68,-37.5],[25.65,-37.52],[25.65,-37.57],[25.72,-37.6],[25.75,-37.57],[25.75,-37.54]],[[26.37,-37.54],[26.33,-37.52],[26.33,-37.5],[26.26,-37.52],[26.26,-37.59],[26.29,-37.6],[26.37,-37.54]],[[27.55,-37.54],[27.55,-37.52],[27.48,-37.5],[27.45,-37.52],[27.45,-37.57],[27.52,-37.6],[27.55,-37.59],[27.55,-37.54]],[[22.33,-37.65],[22.33,-37.6],[22.26,-37.6],[22.26,-37.7],[22.33,-37.7],[22.33,-37.65]],[[22.77,-37.67],[22.73,-37.62],[22.69,-37.6],[22.62,-37.65],[22.62,-37.69],[22.55,-37.74],[22.55,-37.77],[22.59,-37.8],[22.8,-37.8],[22.84,-37.79],[22.84,-37.74],[22.77,-37.67]],[[23.16,-37.65],[23.13,-37.6],[23.05,-37.62],[23.05,-37.69],[23.13,-37.7],[23.16,-37.65]],[[23.34,-37.65],[23.34,-37.6],[23.27,-37.6],[23.27,-37.64],[23.23,-37.64],[23.23,-37.67],[23.27,-37.67],[23.27,-37.7],[23.34,-37.7],[23.34,-37.65]],[[24.46,-37.65],[24.46,-37.62],[24.42,-37.6],[24.35,-37.62],[24.35,-37.69],[24.42,-37.7],[24.46,-37.69],[24.46,-37.65]],[[24.13,-37.75],[24.13,-37.7],[24.06,-37.7],[24.06,-37.79],[24.13,-37.8],[24.13,-37.75]],[[24.78,-37.77],[24.71,-37.7],[24.67,-37.7],[24.64,-37.75],[24.64,-37.82],[24.67,-37.85],[24.67,-37.89],[24.85,-37.89],[24.85,-37.87],[24.82,-37.84],[24.82,-37.8],[24.78,-37.77]],[[23.05,-37.95],[23.05,-37.87],[23.02,-37.85],[23.02,-37.8],[22.98,-37.8],[22.98,-37.84],[22.95,-37.85],[22.95,-37.99],[22.87,-38.0],[22.87,-38.04],[22.84,-38.04],[22.84,-38.05],[22.91,-38.08],[22.98,-38.1],[23.05,-38.05],[23.05,-37.95]],[[23.56,-37.95],[23.56,-37.87],[23.52,-37.85],[23.52,-37.8],[23.49,-37.8],[23.49,-37.84],[23.45,-37.85],[23.45,-38.05],[23.49,-38.07],[23.49,-38.1],[23.52,-38.08],[23.52,-38.05],[23.56,-38.04],[23.56,-37.95]],[[23.95,-37.89],[23.95,-37.85],[23.88,-37.8],[23.7,-37.8],[23.67,-37.82],[23.67,-37.87],[23.74,-37.92],[23.77,-37.97],[23.85,-38.0],[23.92,-37.99],[23.95,-37.94],[23.95,-37.89]],[[24.24,-37.85],[24.24,-37.8],[24.17,-37.8],[24.17,-37.84],[24.13,-37.85],[24.17,-37.87],[24.17,-37.89],[24.24,-37.89],[24.24,-37.85]],[[24.46,-37.85],[24.46,-37.82],[24.42,-37.8],[24.35,-37.82],[24.35,-37.89],[24.42,-37.89],[24.46,-37.87],[24.46,-37.85]],[[25.47,-37.89],[25.47,-37.87],[25.43,-37.84],[25.43,-37.8],[25.36,-37.82],[25.32,-37.85],[25.32,-37.87],[25.25,-37.94],[25.25,-37.97],[25.29,-37.99],[25.36,-38.05],[25.32,-38.08],[25.25,-38.12],[25.25,-38.17],[25.36,-38.2],[25.5,-38.2],[25.54,-38.18],[25.54,-38.13],[25.61,-38.1],[25.68,-38.1],[25.72,-38.07],[25.75,-38.07],[25.75,-38.04],[25.65,-38.0],[25.54,-38.0],[25.47,-37.99],[25.47,-37.89]],[[25.86,-37.89],[25.86,-37.87],[25.83,-37.82],[25.79,-37.8],[25.68,-37.8],[25.65,-37.82],[25.65,-37.85],[25.68,-37.87],[25.68,-37.89],[25.79,-37.99],[25.86,-37.97],[25.86,-37.89]],[[26.15,-37.89],[26.15,-37.84],[26.08,-37.8],[25.97,-37.8],[25.97,-37.87],[26.01,-37.89],[26.01,-37.92],[26.08,-37.99],[26.11,-38.0],[26.15,-37.99],[26.15,-37.89]],[[23.34,-37.95],[23.34,-37.92],[23.23,-37.89],[23.23,-37.9],[23.16,-37.9],[23.16,-37.99],[23.2,-38.0],[23.31,-38.0],[23.34,-37.99],[23.34,-37.95]],[[19.96,-38.05],[19.92,-38.0],[19.85,-38.02],[19.85,-38.08],[19.92,-38.08],[19.96,-38.07],[19.96,-38.05]],[[21.94,-38.05],[21.94,-38.02],[21.87,-38.0],[21.87,-38.08],[21.9,-38.1],[21.94,-38.08],[21.94,-38.05]],[[22.55,-38.05],[22.55,-38.04],[22.48,-38.0],[22.41,-38.0],[22.37,-38.02],[22.37,-38.08],[22.48,-38.1],[22.48,-38.08],[22.55,-38.07],[22.55,-38.05]],[[24.06,-38.05],[24.03,-38.04],[24.03,-38.0],[23.95,-38.02],[23.95,-38.08],[24.03,-38.1],[24.03,-38.07],[24.06,-38.07],[24.06,-38.05]],[[25.25,-38.05],[25.25,-38.04],[25.18,-38.0],[25.11,-38.0],[25.07,-38.02],[25.07,-38.08],[25.18,-38.1],[25.18,-38.08],[25.25,-38.07],[25.25,-38.05]],[[26.04,-38.1],[26.04,-38.04],[26.01,-38.0],[25.9,-38.0],[25.86,-38.02],[25.86,-38.07],[25.9,-38.08],[26.01,-38.2],[26.04,-38.18],[26.04,-38.1]],[[26.26,-38.05],[26.22,-38.0],[26.15,-38.02],[26.15,-38.08],[26.22,-38.08],[26.26,-38.07],[26.26,-38.05]],[[20.36,-38.18],[20.36,-38.15],[20.28,-38.1],[20.21,-38.1],[20.18,-38.12],[20.18,-38.15],[20.14,-38.18],[20.14,-38.33],[20.18,-38.37],[20.18,-38.4],[20.25,-38.38],[20.25,-38.35],[20.32,-38.28],[20.32,-38.23],[20.36,-38.22],[20.36,-38.18]],[[20.86,-38.2],[20.86,-38.15],[20.79,-38.1],[20.72,-38.1],[20.64,-38.15],[20.64,-38.23],[20.68,-38.25],[20.68,-38.28],[20.72,-38.3],[20.79,-38.3],[20.82,-38.28],[20.82,-38.25],[20.86,-38.23],[20.86,-38.2]],[[19.89,-38.27],[19.82,-38.22],[19.78,-38.22],[19.67,-38.3],[19.67,-38.4],[19.74,-38.4],[19.85,-38.42],[19.85,-38.48],[19.92,-38.5],[19.92,-38.47],[19.96,-38.45],[19.96,-38.38],[19.92,-38.35],[19.92,-38.3],[19.89,-38.27]],[[20.54,-38.4],[20.54,-38.33],[20.5,-38.3],[20.39,-38.3],[20.39,-38.33],[20.36,-38.33],[20.36,-38.45],[20.39,-38.47],[20.39,-38.5],[20.5,-38.5],[20.54,-38.47],[20.54,-38.4]],[[21.04,-38.35],[21.04,-38.32],[21.0,-38.3],[20.9,-38.3],[20.86,-38.32],[20.86,-38.38],[20.9,-38.4],[21.0,-38.4],[21.04,-38.38],[21.04,-38.35]],[[21.43,-38.35],[21.43,-38.3],[21.36,-38.3],[21.36,-38.4],[21.43,-38.4],[21.43,-38.35]],[[31.55,-38.45],[31.55,-38.4],[31.48,-38.4],[31.44,-38.43],[31.44,-38.47],[31.51,-38.5],[31.55,-38.48],[31.55,-38.45]],[[19.64,-38.55],[19.64,-38.5],[19.56,-38.52],[19.56,-38.58],[19.6,-38.6],[19.64,-38.58],[19.64,-38.55]],[[16.94,-38.65],[16.94,-38.62],[16.9,-38.6],[16.72,-38.6],[16.65,-38.63],[16.65,-38.67],[16.72,-38.7],[16.9,-38.7],[16.94,-38.68],[16.94,-38.65]],[[20.54,-38.65],[20.54,-38.6],[20.46,-38.6],[20.46,-38.7],[20.54,-38.7],[20.54,-38.65]],[[31.66,-38.65],[31.66,-38.62],[31.62,-38.6],[31.55,-38.62],[31.55,-38.68],[31.62,-38.7],[31.66,-38.68],[31.66,-38.65]],[[32.16,-38.65],[32.13,-38.6],[32.05,-38.62],[32.05,-38.68],[32.13,-38.7],[32.16,-38.65]],[[19.35,-38.75],[19.35,-38.73],[19.28,-38.7],[19.17,-38.72],[19.17,-38.78],[19.2,-38.8],[19.28,-38.8],[19.35,-38.77],[19.35,-38.75]],[[16.94,-38.85],[16.94,-38.8],[16.86,-38.8],[16.86,-38.9],[16.94,-38.9],[16.94,-38.85]],[[16.76,-38.95],[16.76,-38.93],[16.68,-38.9],[16.65,-38.93],[16.65,-38.98],[16.72,-39.0],[16.76,-38.98],[16.76,-38.95]],[[22.95,-38.95],[22.95,-38.92],[22.91,-38.9],[22.84,-38.93],[22.84,-38.96],[22.87,-39.0],[22.95,-38.98],[22.95,-38.95]],[[24.13,-39.0],[24.13,-38.92],[24.06,-38.93],[24.06,-39.1],[24.13,-39.1],[24.13,-39.0]],[[31.66,-39.0],[31.66,-38.95],[31.62,-38.93],[31.62,-38.92],[31.55,-38.9],[31.48,-38.92],[31.48,-38.93],[31.44,-38.95],[31.44,-39.05],[31.48,-39.06],[31.48,-39.1],[31.51,-39.1],[31.55,-39.13],[31.55,-39.26],[31.62,-39.3],[31.73,-39.28],[31.73,-39.25],[31.77,-39.23],[31.77,-39.18],[31.73,-39.16],[31.73,-39.1],[31.66,-39.1],[31.66,-39.0]],[[31.84,-38.95],[31.84,-38.92],[31.77,-38.92],[31.77,-39.0],[31.84,-39.0],[31.84,-38.95]],[[23.67,-39.08],[23.59,-39.01],[23.56,-39.0],[23.49,-39.01],[23.45,-39.06],[23.45,-39.16],[23.49,-39.2],[23.7,-39.2],[23.74,-39.18],[23.74,-39.13],[23.67,-39.08]],[[16.86,-39.15],[16.79,-39.1],[16.58,-39.1],[16.5,-39.11],[16.36,-39.25],[16.36,-39.28],[16.4,-39.3],[16.5,-39.3],[16.54,-39.31],[16.54,-39.36],[16.58,-39.38],[16.65,-39.38],[16.65,-39.25],[16.72,-39.2],[16.79,-39.2],[16.86,-39.15]],[[24.39,-39.16],[24.28,-39.1],[24.17,-39.1],[24.13,-39.13],[24.17,-39.15],[24.17,-39.18],[24.24,-39.25],[24.31,-39.28],[24.42,-39.3],[24.46,-39.28],[24.46,-39.26],[24.42,-39.23],[24.42,-39.2],[24.39,-39.16]],[[25.03,-39.2],[25.03,-39.11],[25.0,-39.1],[24.89,-39.1],[24.85,-39.11],[24.85,-39.16],[25.0,-39.28],[25.03,-39.28],[25.03,-39.2]],[[25.29,-39.28],[25.21,-39.21],[25.18,-39.21],[25.07,-39.3],[25.07,-39.4],[25.32,-39.4],[25.36,-39.36],[25.32,-39.33],[25.32,-39.3],[25.29,-39.28]],[[25.75,-39.3],[25.75,-39.25],[25.72,-39.23],[25.72,-39.2],[25.68,-39.2],[25.68,-39.23],[25.65,-39.25],[25.65,-39.36],[25.68,-39.4],[25.75,-39.36],[25.75,-39.3]],[[17.15,-39.35],[17.15,-39.31],[17.12,-39.3],[17.01,-39.3],[16.94,-39.33],[16.94,-39.36],[16.97,-39.36],[17.01,-39.4],[17.12,-39.4],[17.15,-39.38],[17.15,-39.35]],[[22.44,-39.35],[22.44,-39.3],[22.37,-39.3],[22.37,-39.33],[22.33,-39.33],[22.33,-39.36],[22.37,-39.36],[22.37,-39.4],[22.44,-39.4],[22.44,-39.35]],[[23.05,-39.35],[23.05,-39.31],[23.02,-39.3],[22.95,-39.31],[22.95,-39.38],[22.98,-39.4],[23.05,-39.38],[23.05,-39.35]],[[26.04,-39.38],[26.04,-39.31],[26.01,-39.3],[25.93,-39.3],[25.9,-39.31],[25.83,-39.38],[25.79,-39.4],[25.79,-39.5],[25.86,-39.55],[25.86,-39.58],[25.93,-39.58],[25.97,-39.56],[25.97,-39.53],[26.01,-39.51],[26.01,-39.48],[26.04,-39.45],[26.04,-39.38]],[[32.56,-39.35],[32.56,-39.31],[32.52,-39.3],[32.45,-39.31],[32.45,-39.38],[32.52,-39.4],[32.56,-39.38],[32.56,-39.35]],[[17.66,-39.45],[17.66,-39.43],[17.62,-39.4],[17.58,-39.4],[17.55,-39.43],[17.55,-39.48],[17.62,-39.5],[17.66,-39.48],[17.66,-39.45]],[[23.74,-39.45],[23.74,-39.41],[23.7,-39.4],[23.67,-39.41],[23.67,-39.5],[23.74,-39.48],[23.74,-39.45]],[[17.04,-39.55],[17.04,-39.51],[17.01,-39.5],[16.9,-39.5],[16.86,-39.51],[16.86,-39.6],[16.97,-39.61],[17.04,-39.58],[17.04,-39.55]],[[18.27,-39.55],[18.23,-39.53],[18.23,-39.5],[18.16,-39.51],[18.16,-39.6],[18.2,-39.61],[18.27,-39.55]],[[24.35,-39.65],[24.35,-39.63],[24.31,-39.61],[24.24,-39.63],[24.24,-39.68],[24.28,-39.7],[24.35,-39.68],[24.35,-39.65]],[[25.25,-39.76],[25.25,-39.71],[25.18,-39.7],[25.14,-39.73],[25.14,-39.78],[25.18,-39.79],[25.25,-39.79],[25.25,-39.76]],[[29.14,-39.76],[29.14,-39.7],[29.07,-39.7],[29.07,-39.79],[29.14,-39.79],[29.14,-39.76]],[[18.59,-39.86],[18.48,-39.81],[18.38,-39.79],[18.3,-39.79],[18.27,-39.81],[18.27,-39.89],[18.3,-39.91],[18.41,-39.99],[18.41,-40.04],[18.45,-40.04],[18.45,-40.14],[18.52,-40.19],[18.59,-40.19],[18.63,-40.16],[18.63,-40.13],[18.66,-40.08],[18.66,-40.04],[18.63,-39.98],[18.63,-39.93],[18.59,-39.86]],[[18.84,-39.84],[18.84,-39.81],[18.81,-39.79],[18.7,-39.79],[18.66,-39.81],[18.66,-39.88],[18.7,-39.89],[18.81,-39.89],[18.84,-39.88],[18.84,-39.84]],[[19.06,-39.84],[19.06,-39.81],[18.99,-39.79],[18.95,-39.81],[18.95,-39.88],[19.02,-39.89],[19.06,-39.88],[19.06,-39.84]],[[25.93,-39.84],[25.93,-39.79],[25.86,-39.79],[25.86,-39.89],[25.93,-39.89],[25.93,-39.84]],[[28.45,-39.89],[28.45,-39.83],[28.42,-39.79],[28.38,-39.79],[28.38,-39.84],[28.35,-39.86],[28.35,-40.04],[28.38,-40.06],[28.38,-40.09],[28.45,-40.14],[28.45,-40.28],[28.53,-40.31],[28.53,-40.28],[28.56,-40.28],[28.56,-40.23],[28.6,-40.19],[28.71,-40.21],[28.78,-40.26],[28.85,-40.33],[28.85,-40.36],[28.89,-40.41],[28.96,-40.38],[28.96,-40.31],[28.92,-40.24],[28.92,-40.21],[28.85,-40.14],[28.78,-40.11],[28.67,-40.09],[28.67,-40.01],[28.63,-39.99],[28.63,-39.91],[28.56,-39.91],[28.56,-39.98],[28.53,-39.99],[28.45,-39.98],[28.45,-39.89]],[[29.07,-39.84],[29.03,-39.83],[29.03,-39.79],[28.96,-39.79],[28.96,-39.89],[29.03,-39.89],[29.03,-39.86],[29.07,-39.84]],[[29.86,-39.84],[29.82,-39.79],[29.71,-39.79],[29.68,-39.81],[29.68,-39.84],[29.64,-39.88],[29.64,-40.01],[29.68,-40.04],[29.68,-40.09],[29.71,-40.11],[29.71,-40.14],[29.75,-40.14],[29.75,-40.41],[29.79,-40.43],[29.79,-40.49],[29.82,-40.53],[29.93,-40.59],[29.93,-40.56],[29.97,-40.56],[29.97,-40.41],[30.04,-40.41],[30.04,-40.13],[29.97,-40.11],[29.89,-40.08],[29.75,-39.96],[29.82,-39.88],[29.86,-39.88],[29.86,-39.84]],[[18.27,-39.99],[18.23,-39.96],[18.23,-39.91],[18.16,-39.91],[18.16,-40.14],[18.2,-40.19],[18.27,-40.26],[18.27,-40.31],[18.34,-40.31],[18.34,-40.13],[18.3,-40.09],[18.27,-40.09],[18.27,-39.99]],[[27.95,-39.96],[27.95,-39.91],[27.88,-39.89],[27.88,-39.93],[27.84,-39.93],[27.84,-39.98],[27.88,-39.99],[27.95,-39.99],[27.95,-39.96]],[[29.35,-40.04],[29.35,-39.94],[29.32,-39.91],[29.25,-39.89],[29.14,-39.89],[29.07,-39.93],[29.07,-40.26],[29.14,-40.31],[29.14,-40.28],[29.17,-40.24],[29.17,-40.21],[29.21,-40.21],[29.25,-40.24],[29.32,-40.33],[29.39,-40.41],[29.46,-40.34],[29.46,-40.26],[29.43,-40.24],[29.43,-40.19],[29.39,-40.19],[29.39,-40.16],[29.35,-40.14],[29.35,-40.04]],[[29.53,-39.96],[29.53,-39.91],[29.46,-39.91],[29.46,-39.99],[29.53,-39.99],[29.53,-39.96]],[[30.15,-39.99],[30.15,-39.93],[30.11,-39.89],[30.07,-39.91],[30.07,-39.94],[30.04,-39.96],[30.04,-40.04],[30.07,-40.06],[30.07,-40.09],[30.15,-40.08],[30.15,-39.99]],[[30.43,-39.93],[30.43,-39.91],[30.36,-39.89],[30.29,-39.91],[30.25,-39.94],[30.25,-40.09],[30.29,-40.09],[30.36,-40.06],[30.36,-40.04],[30.43,-39.98],[30.43,-39.93]],[[18.95,-40.04],[18.95,-40.01],[18.88,-39.99],[18.81,-39.99],[18.77,-40.01],[18.74,-40.06],[18.81,-40.09],[18.88,-40.11],[18.88,-40.09],[18.95,-40.08],[18.95,-40.04]],[[19.17,-40.04],[19.13,-40.04],[19.13,-39.99],[19.06,-40.01],[19.06,-40.09],[19.1,-40.11],[19.17,-40.04]],[[30.76,-40.11],[30.76,-40.04],[30.72,-40.04],[30.72,-39.99],[30.69,-39.99],[30.65,-40.04],[30.65,-40.16],[30.72,-40.19],[30.72,-40.16],[30.76,-40.14],[30.76,-40.11]],[[32.16,-40.11],[32.16,-40.06],[32.13,-40.04],[32.13,-39.99],[32.09,-39.99],[32.05,-40.04],[32.05,-40.16],[32.13,-40.19],[32.13,-40.14],[32.16,-40.14],[32.16,-40.11]],[[19.35,-40.14],[19.35,-40.13],[19.31,-40.11],[19.2,-40.11],[19.17,-40.13],[19.17,-40.18],[19.2,-40.19],[19.31,-40.19],[19.35,-40.18],[19.35,-40.14]],[[28.24,-40.14],[28.24,-40.11],[28.17,-40.11],[28.17,-40.19],[28.24,-40.19],[28.24,-40.14]],[[30.54,-40.19],[30.54,-40.13],[30.51,-40.11],[30.4,-40.11],[30.36,-40.13],[30.36,-40.18],[30.4,-40.19],[30.4,-40.23],[30.43,-40.23],[30.43,-40.28],[30.4,-40.28],[30.4,-40.31],[30.36,-40.33],[30.36,-40.46],[30.43,-40.53],[30.43,-40.56],[30.47,-40.58],[30.54,-40.58],[30.54,-40.56],[30.61,-40.49],[30.61,-40.46],[30.65,-40.43],[30.65,-40.33],[30.58,-40.31],[30.58,-40.26],[30.54,-40.24],[30.54,-40.19]],[[31.33,-40.19],[31.33,-40.11],[31.26,-40.13],[31.26,-40.31],[31.3,-40.31],[31.33,-40.31],[31.33,-40.19]],[[31.66,-40.14],[31.66,-40.13],[31.62,-40.11],[31.55,-40.13],[31.55,-40.18],[31.62,-40.19],[31.66,-40.18],[31.66,-40.14]],[[32.34,-40.14],[32.34,-40.11],[32.27,-40.11],[32.27,-40.14],[32.23,-40.14],[32.27,-40.16],[32.27,-40.19],[32.34,-40.19],[32.34,-40.14]],[[31.05,-40.24],[31.05,-40.21],[30.97,-40.19],[30.97,-40.23],[30.94,-40.23],[30.94,-40.28],[30.97,-40.28],[30.97,-40.31],[31.05,-40.31],[31.05,-40.24]],[[18.74,-40.41],[18.74,-40.31],[18.66,-40.33],[18.66,-40.49],[18.7,-40.49],[18.74,-40.49],[18.74,-40.41]],[[19.56,-40.34],[19.53,-40.31],[19.46,-40.31],[19.46,-40.41],[19.53,-40.41],[19.56,-40.34]],[[29.25,-40.34],[29.25,-40.31],[29.17,-40.31],[29.14,-40.33],[29.14,-40.36],[29.17,-40.41],[29.25,-40.41],[29.25,-40.34]],[[32.27,-40.36],[32.23,-40.33],[32.16,-40.31],[32.16,-40.46],[32.2,-40.49],[32.2,-40.51],[32.27,-40.58],[32.34,-40.59],[32.34,-40.46],[32.27,-40.36]],[[18.34,-40.46],[18.34,-40.41],[18.23,-40.41],[18.16,-40.43],[18.16,-40.49],[18.2,-40.49],[18.3,-40.49],[18.34,-40.49],[18.34,-40.46]],[[19.46,-40.46],[19.46,-40.43],[19.38,-40.41],[19.28,-40.41],[19.24,-40.46],[19.31,-40.49],[19.38,-40.49],[19.46,-40.48],[19.46,-40.46]],[[21.94,-40.46],[21.94,-40.41],[21.83,-40.41],[21.76,-40.43],[21.76,-40.49],[21.79,-40.49],[21.9,-40.49],[21.94,-40.49],[21.94,-40.46]],[[28.85,-40.46],[28.85,-40.41],[28.78,-40.41],[28.78,-40.43],[28.74,-40.43],[28.74,-40.48],[28.81,-40.49],[28.85,-40.49],[28.85,-40.46]],[[31.26,-40.49],[31.26,-40.46],[31.23,-40.43],[31.15,-40.41],[31.08,-40.41],[31.01,-40.41],[30.94,-40.46],[30.94,-40.48],[31.01,-40.49],[31.05,-40.53],[31.05,-40.72],[31.08,-40.76],[31.08,-40.82],[31.15,-40.77],[31.15,-40.62],[31.23,-40.59],[31.23,-40.56],[31.26,-40.56],[31.26,-40.49]],[[18.66,-40.53],[18.66,-40.51],[18.59,-40.51],[18.59,-40.49],[18.41,-40.49],[18.38,-40.51],[18.38,-40.59],[18.41,-40.64],[18.52,-40.67],[18.59,-40.64],[18.59,-40.61],[18.63,-40.59],[18.63,-40.56],[18.66,-40.53]],[[18.95,-40.56],[18.95,-40.51],[18.88,-40.49],[18.81,-40.49],[18.77,-40.51],[18.74,-40.56],[18.81,-40.59],[18.88,-40.61],[18.88,-40.59],[18.95,-40.58],[18.95,-40.56]],[[19.24,-40.56],[19.24,-40.51],[19.17,-40.49],[19.17,-40.59],[19.2,-40.61],[19.24,-40.59],[19.24,-40.56]],[[22.05,-40.56],[22.05,-40.51],[21.97,-40.49],[21.94,-40.53],[21.94,-40.58],[21.97,-40.58],[21.97,-40.61],[22.05,-40.59],[22.05,-40.56]],[[22.55,-40.56],[22.55,-40.51],[22.48,-40.49],[22.41,-40.49],[22.37,-40.51],[22.37,-40.59],[22.48,-40.61],[22.48,-40.59],[22.55,-40.58],[22.55,-40.56]],[[29.64,-40.56],[29.64,-40.51],[29.57,-40.49],[29.57,-40.59],[29.61,-40.61],[29.64,-40.59],[29.64,-40.56]],[[32.95,-40.56],[32.95,-40.51],[32.88,-40.49],[32.85,-40.51],[32.85,-40.58],[32.92,-40.61],[32.95,-40.59],[32.95,-40.56]],[[17.55,-40.66],[17.55,-40.62],[17.48,-40.61],[17.44,-40.64],[17.44,-40.67],[17.48,-40.71],[17.55,-40.67],[17.55,-40.66]],[[19.35,-40.66],[19.35,-40.62],[19.28,-40.61],[19.24,-40.64],[19.24,-40.67],[19.28,-40.71],[19.35,-40.67],[19.35,-40.66]],[[19.56,-40.66],[19.53,-40.61],[19.46,-40.61],[19.46,-40.71],[19.53,-40.71],[19.56,-40.66]],[[22.77,-40.67],[22.73,-40.62],[22.66,-40.61],[22.66,-40.77],[22.73,-40.82],[22.8,-40.82],[22.84,-40.79],[22.84,-40.72],[22.77,-40.67]],[[23.16,-40.66],[23.09,-40.61],[22.98,-40.61],[22.95,-40.64],[22.95,-40.67],[22.98,-40.71],[23.09,-40.71],[23.16,-40.66]],[[30.87,-40.71],[30.83,-40.67],[30.83,-40.61],[30.76,-40.62],[30.76,-40.79],[30.83,-40.79],[30.83,-40.74],[30.87,-40.71]],[[17.66,-40.74],[17.62,-40.71],[17.58,-40.71],[17.55,-40.72],[17.55,-40.77],[17.62,-40.82],[17.66,-40.77],[17.66,-40.74]],[[23.23,-40.74],[23.23,-40.71],[23.16,-40.71],[23.16,-40.79],[23.2,-40.82],[23.23,-40.79],[23.23,-40.74]],[[23.45,-40.82],[23.45,-40.72],[23.41,-40.71],[23.38,-40.71],[23.38,-40.74],[23.34,-40.79],[23.34,-40.91],[23.38,-40.94],[23.38,-40.99],[23.45,-41.06],[23.52,-41.09],[23.56,-41.06],[23.56,-40.94],[23.52,-40.92],[23.52,-40.91],[23.45,-40.86],[23.45,-40.82]],[[17.44,-40.91],[17.44,-40.82],[17.37,-40.82],[17.37,-40.99],[17.4,-41.02],[17.44,-40.99],[17.44,-40.91]],[[24.13,-40.86],[24.13,-40.82],[24.06,-40.82],[24.06,-40.91],[24.13,-40.91],[24.13,-40.86]],[[24.46,-40.86],[24.46,-40.82],[24.39,-40.82],[24.35,-40.82],[24.35,-40.87],[24.42,-40.91],[24.46,-40.87],[24.46,-40.86]],[[18.05,-40.97],[18.05,-40.91],[17.98,-40.91],[17.94,-40.92],[17.94,-40.99],[17.98,-41.02],[18.05,-40.99],[18.05,-40.97]],[[24.28,-40.99],[24.24,-40.97],[24.24,-40.92],[24.17,-40.91],[24.13,-40.97],[24.13,-40.99],[24.1,-41.02],[23.99,-41.02],[23.95,-41.02],[23.95,-41.06],[24.03,-41.12],[24.06,-41.19],[24.13,-41.22],[24.21,-41.29],[24.24,-41.29],[24.24,-41.17],[24.28,-41.17],[24.28,-41.12],[24.31,-41.07],[24.35,-41.07],[24.35,-41.04],[24.31,-41.02],[24.28,-40.99]],[[24.93,-41.02],[24.89,-40.97],[24.82,-40.91],[24.75,-40.92],[24.75,-41.07],[24.71,-41.07],[24.71,-41.12],[24.67,-41.12],[24.67,-41.17],[24.71,-41.19],[24.71,-41.22],[24.81,-41.3],[25.0,-41.3],[25.03,-41.27],[25.03,-41.17],[25.0,-41.12],[24.93,-41.02]],[[17.04,-41.04],[17.04,-41.02],[16.97,-41.02],[16.94,-41.04],[16.97,-41.09],[17.04,-41.09],[17.04,-41.04]],[[17.37,-41.04],[17.33,-41.02],[17.26,-41.02],[17.26,-41.09],[17.33,-41.09],[17.37,-41.04]],[[25.25,-41.04],[25.25,-41.02],[25.21,-41.02],[25.14,-41.02],[25.14,-41.07],[25.21,-41.12],[25.25,-41.09],[25.25,-41.04]],[[25.61,-41.12],[25.57,-41.07],[25.5,-41.02],[25.47,-41.02],[25.47,-41.12],[25.43,-41.14],[25.43,-41.19],[25.36,-41.22],[25.36,-41.27],[25.39,-41.27],[25.42,-41.3],[25.74,-41.3],[25.72,-41.27],[25.72,-41.22],[25.68,-41.17],[25.61,-41.12]],[[33.17,-41.04],[33.13,-41.04],[33.13,-41.02],[33.1,-41.02],[33.03,-41.02],[32.95,-41.02],[32.95,-41.07],[33.03,-41.09],[33.13,-41.09],[33.13,-41.06],[33.17,-41.04]],[[16.65,-41.17],[16.65,-41.12],[16.58,-41.12],[16.54,-41.14],[16.54,-41.17],[16.58,-41.19],[16.65,-41.19],[16.65,-41.17]],[[25.93,-41.24],[25.93,-41.19],[25.86,-41.22],[25.86,-41.29],[25.87,-41.3],[25.92,-41.3],[25.93,-41.29],[25.93,-41.24]]]}},{"type":"Feature","properties":{"precip":20},"geometry":{"type":"Polygon","coordinates":[[[25.65,-36.76],[25.65,-36.72],[25.72,-36.69],[25.83,-36.71],[25.86,-36.74],[25.79,-36.81],[25.72,-36.81],[25.65,-36.76]]]}},{"type":"Feature","properties":{"precip":20},"geometry":{"type":"Polygon","coordinates":[[[30.76,-36.84],[30.76,-36.72],[30.83,-36.69],[30.94,-36.71],[30.94,-36.81],[30.87,-36.81],[30.87,-36.92],[30.83,-36.94],[30.83,-37.01],[30.76,-36.97],[30.76,-36.84]]]}},{"type":"Feature","properties":{"precip":20},"geometry":{"type":"Polygon","coordinates":[[[76.47,-36.79],[76.54,-36.74],[76.69,-36.69],[76.83,-36.72],[76.83,-36.76],[76.87,-36.81],[76.87,-36.87],[76.9,-36.89],[77.05,-36.87],[77.05,-36.82],[76.97,-36.79],[76.9,-36.74],[77.01,-36.72],[77.23,-36.91],[77.23,-36.94],[77.33,-37.01],[77.44,-37.01],[77.44,-37.07],[77.48,-37.07],[77.51,-37.11],[77.55,-37.11],[77.66,-37.16],[77.66,-37.25],[77.62,-37.27],[77.62,-37.3],[77.55,-37.32],[77.55,-37.42],[77.55,-37.45],[77.55,-37.5],[77.62,-37.54],[77.77,-37.6],[77.84,-37.62],[77.84,-37.87],[77.77,-37.89],[77.69,-37.9],[77.66,-37.95],[77.66,-38.04],[77.73,-38.12],[77.77,-38.18],[77.91,-38.27],[77.95,-38.3],[77.98,-38.3],[78.05,-38.27],[78.05,-38.22],[78.13,-38.2],[78.2,-38.23],[78.34,-38.33],[78.34,-38.42],[78.38,-38.43],[78.41,-38.48],[78.41,-38.52],[78.45,-38.58],[78.45,-38.6],[78.56,-38.63],[78.56,-38.68],[78.63,-38.75],[78.63,-38.83],[78.63,-38.88],[78.63,-39.1],[78.74,-39.1],[78.74,-39.28],[78.63,-39.31],[78.63,-39.38],[78.67,-39.4],[78.67,-39.43],[78.77,-39.48],[78.81,-39.5],[78.85,-39.48],[78.85,-39.35],[78.85,-39.33],[78.85,-39.3],[78.88,-39.3],[78.95,-39.33],[78.95,-39.45],[78.88,-39.46],[78.88,-39.5],[78.85,-39.53],[78.85,-39.56],[78.88,-39.6],[78.88,-39.63],[78.95,-39.65],[78.95,-39.78],[78.99,-39.79],[78.99,-39.81],[79.03,-39.81],[79.06,-39.84],[79.03,-39.86],[78.95,-39.93],[78.95,-39.96],[79.03,-39.99],[79.06,-39.99],[79.24,-39.99],[79.31,-40.04],[79.31,-40.08],[79.39,-40.09],[79.46,-40.09],[79.46,-40.11],[79.6,-40.11],[79.64,-40.13],[79.64,-40.16],[79.67,-40.16],[79.67,-40.19],[79.71,-40.19],[79.85,-40.24],[79.93,-40.31],[79.93,-40.34],[79.93,-40.38],[79.93,-40.49],[79.96,-40.49],[80.03,-40.49],[80.03,-40.43],[80.07,-40.41],[80.07,-40.31],[80.14,-40.33],[80.14,-40.58],[80.11,-40.58],[80.07,-40.61],[79.96,-40.61],[79.93,-40.66],[79.93,-40.76],[80.07,-40.86],[80.07,-40.87],[80.14,-40.87],[80.14,-40.86],[80.18,-40.82],[80.18,-40.77],[80.25,-40.74],[80.32,-40.71],[80.36,-40.72],[80.36,-40.77],[80.29,-40.79],[80.29,-40.84],[80.25,-40.86],[80.25,-40.97],[80.18,-40.99],[80.14,-41.02],[80.07,-41.02],[80.07,-41.04],[79.96,-41.09],[79.96,-41.12],[79.93,-41.17],[79.93,-41.19],[79.85,-41.17],[79.85,-41.14],[79.82,-41.12],[79.75,-41.12],[79.75,-41.14],[79.71,-41.17],[79.71,-41.29],[79.67,-41.29],[79.67,-41.24],[79.64,-41.22],[79.64,-41.12],[79.53,-41.12],[79.53,-41.14],[79.49,-41.17],[79.49,-41.19],[79.46,-41.17],[79.42,-41.12],[79.31,-41.12],[79.31,-41.17],[79.28,-41.19],[79.28,-41.17],[79.21,-41.12],[79.1,-41.12],[79.1,-41.09],[79.06,-41.07],[79.06,-41.02],[78.99,-41.02],[78.88,-41.02],[78.85,-41.02],[78.85,-41.06],[78.77,-41.09],[78.77,-41.04],[78.67,-41.02],[78.59,-41.02],[78.56,-40.99],[78.56,-40.92],[78.41,-40.91],[78.34,-40.91],[78.31,-40.87],[78.2,-40.82],[78.16,-40.71],[78.16,-40.46],[78.13,-40.41],[78.13,-40.31],[78.05,-40.33],[78.05,-40.36],[77.98,-40.41],[77.91,-40.41],[77.87,-40.36],[77.84,-40.36],[77.84,-40.33],[77.87,-40.33],[77.87,-40.31],[77.95,-40.31],[77.95,-40.14],[77.98,-40.14],[77.98,-40.11],[77.98,-40.08],[78.05,-40.04],[78.05,-39.78],[77.98,-39.68],[77.98,-39.61],[77.95,-39.53],[77.87,-39.51],[77.87,-39.55],[77.84,-39.58],[77.73,-39.61],[77.66,-39.61],[77.51,-39.58],[77.48,-39.56],[77.44,-39.51],[77.44,-39.45],[77.33,-39.38],[77.33,-39.35],[77.33,-39.31],[77.26,-39.3],[77.26,-39.45],[77.23,-39.46],[77.12,-39.5],[77.08,-39.46],[77.05,-39.43],[76.97,-39.38],[76.87,-39.21],[76.87,-39.01],[76.9,-38.98],[76.9,-38.93],[76.87,-38.88],[76.87,-38.85],[76.79,-38.8],[76.79,-38.77],[76.76,-38.75],[76.76,-38.73],[76.83,-38.7],[76.87,-38.65],[76.79,-38.6],[76.69,-38.6],[76.65,-38.57],[76.65,-38.42],[76.69,-38.42],[76.69,-38.4],[76.76,-38.38],[76.76,-38.33],[76.69,-38.3],[76.61,-38.3],[76.58,-38.27],[76.54,-38.27],[76.54,-38.22],[76.58,-38.22],[76.58,-38.2],[76.65,-38.17],[76.65,-38.04],[76.61,-38.0],[76.58,-38.0],[76.58,-37.94],[76.54,-37.9],[76.54,-37.74],[76.47,-37.7],[76.4,-37.7],[76.25,-37.7],[76.18,-37.67],[76.15,-37.67],[76.15,-37.62],[76.22,-37.6],[76.22,-37.57],[76.25,-37.55],[76.25,-37.34],[76.33,-37.3],[76.36,-37.3],[76.47,-37.24],[76.54,-37.17],[76.54,-37.12],[76.47,-37.11],[76.36,-37.11],[76.25,-37.07],[76.25,-37.02],[76.18,-37.01],[76.11,-37.01],[76.04,-36.94],[76.11,-36.91],[76.25,-36.91],[76.36,-36.94],[76.36,-36.99],[76.4,-37.01],[76.47,-37.01],[76.54,-36.97],[76.54,-36.92],[76.47,-36.87],[76.47,-36.81],[76.47,-36.79]],[[76.65,-37.04],[76.65,-37.01],[76.58,-37.01],[76.58,-37.02],[76.54,-37.02],[76.54,-37.07],[76.58,-37.07],[76.58,-37.11],[76.65,-37.09],[76.65,-37.04]],[[77.55,-37.54],[77.55,-37.52],[77.48,-37.5],[77.48,-37.52],[77.44,-37.52],[77.44,-37.57],[77.48,-37.57],[77.48,-37.6],[77.55,-37.59],[77.55,-37.54]],[[77.12,-38.85],[77.12,-38.82],[77.12,-38.8],[77.05,-38.82],[77.05,-38.88],[77.08,-38.9],[77.12,-38.88],[77.12,-38.85]],[[77.3,-38.96],[77.26,-38.93],[77.19,-38.92],[77.12,-38.93],[77.12,-39.18],[77.19,-39.2],[77.26,-39.16],[77.3,-39.1],[77.33,-39.1],[77.33,-39.01],[77.3,-39.0],[77.3,-38.96]],[[78.63,-39.15],[78.63,-39.1],[78.56,-39.1],[78.56,-39.2],[78.63,-39.2],[78.63,-39.15]],[[77.05,-39.26],[77.05,-39.21],[76.97,-39.2],[76.97,-39.23],[76.9,-39.23],[76.9,-39.28],[76.97,-39.28],[76.97,-39.3],[77.05,-39.28],[77.05,-39.26]],[[78.85,-39.76],[78.85,-39.71],[78.77,-39.7],[78.77,-39.73],[78.74,-39.75],[78.77,-39.78],[78.77,-39.79],[78.85,-39.79],[78.85,-39.76]],[[78.23,-40.24],[78.2,-40.24],[78.2,-40.19],[78.16,-40.21],[78.16,-40.31],[78.2,-40.31],[78.2,-40.26],[78.23,-40.24]],[[79.85,-40.34],[79.85,-40.33],[79.75,-40.31],[79.71,-40.33],[79.71,-40.38],[79.75,-40.41],[79.85,-40.38],[79.85,-40.34]]]}},{"type":"Feature","properties":{"precip":20},"geometry":{"type":"Polygon","coordinates":[[[25.25,-36.84],[25.25,-36.82],[25.32,-36.81],[25.39,-36.81],[25.47,-36.84],[25.43,-36.86],[25.43,-36.89],[25.32,-36.89],[25.25,-36.87],[25.25,-36.84]]]}},{"type":"Feature","properties":{"precip":20},"geometry":{"type":"Polygon","coordinates":[[[32.34,-36.84],[32.38,-36.81],[32.45,-36.82],[32.45,-36.89],[32.41,-36.91],[32.34,-36.84]]]}},{"type":"Feature","properties":{"precip":20},"geometry":{"type":"Polygon","coordinates":[[[65.17,-36.84],[65.17,-36.81],[65.24,-36.82],[65.24,-36.89],[65.17,-36.89],[65.17,-36.84]]]}},{"type":"Feature","properties":{"precip":20},"geometry":{"type":"Polygon","coordinates":[[[25.83,-36.97],[25.83,-36.94],[25.9,-36.91],[25.93,-36.91],[25.93,-37.04],[25.9,-37.09],[25.9,-37.12],[25.83,-37.17],[25.75,-37.19],[25.75,-37.07],[25.79,-37.04],[25.79,-37.01],[25.83,-36.97]]]}},{"type":"Feature","properties":{"precip":20},"geometry":{"type":"Polygon","coordinates":[[[27.66,-36.96],[27.66,-36.91],[27.73,-36.91],[27.73,-37.01],[27.66,-37.01],[27.66,-36.96]]]}},{"type":"Feature","properties":{"precip":20},"geometry":{"type":"Polygon","coordinates":[[[64.56,-36.96],[64.56,-36.91],[64.63,-36.91],[64.66,-36.94],[64.66,-36.97],[64.63,-37.01],[64.56,-37.01],[64.56,-36.96]]]}},{"type":"Feature","properties":{"precip":20},"geometry":{"type":"Polygon","coordinates":[[[-13.34,-37.04],[-13.34,-37.01],[-13.26,-37.01],[-13.26,-37.09],[-13.3,-37.11],[-13.34,-37.09],[-13.34,-37.04]]]}},{"type":"Feature","properties":{"precip":20},"geometry":{"type":"Polygon","coordinates":[[[65.64,-37.07],[65.67,-37.02],[65.74,-37.01],[65.82,-37.01],[65.89,-37.07],[65.89,-37.11],[65.92,-37.12],[65.92,-37.17],[65.89,-37.21],[65.85,-37.27],[65.78,-37.27],[65.74,-37.25],[65.74,-37.22],[65.67,-37.17],[65.67,-37.12],[65.64,-37.07]]]}},{"type":"Feature","properties":{"precip":20},"geometry":{"type":"Polygon","coordinates":[[[66.54,-37.04],[66.57,-37.02],[66.57,-37.01],[66.64,-37.01],[66.64,-37.09],[66.61,-37.11],[66.54,-37.04]]]}},{"type":"Feature","properties":{"precip":20},"geometry":{"type":"Polygon","coordinates":[[[66.14,-37.19],[66.14,-37.17],[66.18,-37.14],[66.18,-37.11],[66.25,-37.14],[66.32,-37.22],[66.39,-37.27],[66.43,-37.34],[66.43,-37.37],[66.46,-37.42],[66.43,-37.45],[66.43,-37.49],[66.39,-37.5],[66.32,-37.5],[66.28,-37.47],[66.25,-37.47],[66.25,-37.34],[66.21,-37.3],[66.18,-37.3],[66.18,-37.25],[66.14,-37.24],[66.14,-37.19]]]}},{"type":"Feature","properties":{"precip":20},"geometry":{"type":"Polygon","coordinates":[[[28.06,-37.25],[28.06,-37.21],[28.13,-37.21],[28.17,-37.24],[28.13,-37.27],[28.13,-37.3],[28.06,-37.29],[28.06,-37.25]]]}},{"type":"Feature","properties":{"precip":20},"geometry":{"type":"Polygon","coordinates":[[[31.15,-37.25],[31.15,-37.21],[31.23,-37.19],[31.23,-37.22],[31.26,-37.22],[31.26,-37.27],[31.23,-37.27],[31.23,-37.3],[31.15,-37.29],[31.15,-37.25]]]}},{"type":"Feature","properties":{"precip":20},"geometry":{"type":"Polygon","coordinates":[[[66.72,-37.27],[66.79,-37.21],[66.86,-37.22],[66.86,-37.37],[66.93,-37.4],[66.93,-37.49],[66.9,-37.5],[66.75,-37.5],[66.68,-37.47],[66.64,-37.44],[66.64,-37.35],[66.72,-37.27]]]}},{"type":"Feature","properties":{"precip":20},"geometry":{"type":"Polygon","coordinates":[[[-12.08,-37.47],[-12.04,-37.42],[-11.97,-37.4],[-11.97,-37.47],[-11.93,-37.5],[-11.97,-37.52],[-11.97,-37.57],[-12.04,-37.6],[-12.15,-37.59],[-12.15,-37.52],[-12.11,-37.52],[-12.08,-37.47]]]}},{"type":"Feature","properties":{"precip":20},"geometry":{"type":"Polygon","coordinates":[[[30.94,-37.5],[30.94,-37.47],[30.97,-37.44],[30.97,-37.4],[31.01,-37.4],[31.12,-37.5],[31.12,-37.52],[31.15,-37.55],[31.15,-37.59],[31.05,-37.6],[30.97,-37.59],[30.97,-37.54],[30.94,-37.52],[30.94,-37.5]]]}},{"type":"Feature","properties":{"precip":20},"geometry":{"type":"Polygon","coordinates":[[[31.33,-37.45],[31.37,-37.44],[31.37,-37.4],[31.44,-37.4],[31.44,-37.5],[31.37,-37.5],[31.37,-37.45],[31.33,-37.45]]]}},{"type":"Feature","properties":{"precip":20},"geometry":{"type":"Polygon","coordinates":[[[15.14,-37.54],[15.17,-37.52],[15.17,-37.5],[15.24,-37.52],[15.24,-37.59],[15.21,-37.6],[15.14,-37.54]]]}},{"type":"Feature","properties":{"precip":20},"geometry":{"type":"Polygon","coordinates":[[[15.57,-37.54],[15.57,-37.5],[15.64,-37.52],[15.64,-37.59],[15.57,-37.59],[15.57,-37.54]]]}},{"type":"Feature","properties":{"precip":20},"geometry":{"type":"Polygon","coordinates":[[[15.96,-37.54],[15.96,-37.52],[16.04,-37.5],[16.14,-37.54],[16.25,-37.64],[16.25,-37.67],[16.22,-37.7],[15.96,-37.7],[15.89,-37.7],[15.82,-37.7],[15.75,-37.74],[15.75,-37.77],[15.68,-37.8],[15.68,-37.7],[15.78,-37.62],[15.82,-37.6],[15.89,-37.6],[15.96,-37.54]]]}},{"type":"Feature","properties":{"precip":20},"geometry":{"type":"Polygon","coordinates":[[[32.56,-37.54],[32.63,-37.5],[32.77,-37.5],[32.85,-37.52],[32.85,-37.57],[32.81,-37.57],[32.74,-37.6],[32.67,-37.6],[32.59,-37.57],[32.56,-37.57],[32.56,-37.54]]]}},{"type":"Feature","properties":{"precip":20},"geometry":{"type":"Polygon","coordinates":[[[65.24,-37.54],[65.28,-37.52],[65.28,-37.5],[65.35,-37.52],[65.35,-37.59],[65.28,-37.6],[65.28,-37.57],[65.24,-37.57],[65.24,-37.54]]]}},{"type":"Feature","properties":{"precip":20},"geometry":{"type":"Polygon","coordinates":[[[16.4,-37.69],[16.43,-37.65],[16.54,-37.6],[16.65,-37.6],[16.76,-37.64],[16.83,-37.7],[16.83,-37.75],[16.86,-37.77],[16.79,-37.8],[16.68,-37.8],[16.65,-37.84],[16.65,-37.87],[16.61,-37.89],[16.54,-37.89],[16.4,-37.8],[16.36,-37.77],[16.36,-37.74],[16.4,-37.7],[16.4,-37.69]]]}},{"type":"Feature","properties":{"precip":20},"geometry":{"type":"Polygon","coordinates":[[[29.46,-37.65],[29.46,-37.6],[29.53,-37.6],[29.53,-37.7],[29.46,-37.7],[29.46,-37.65]]]}},{"type":"Feature","properties":{"precip":20},"geometry":{"type":"Polygon","coordinates":[[[16.94,-37.8],[16.94,-37.77],[16.97,-37.75],[16.97,-37.72],[17.08,-37.7],[17.19,-37.7],[17.26,-37.7],[17.37,-37.75],[17.37,-37.77],[17.51,-37.89],[17.62,-37.89],[17.66,-37.87],[17.66,-37.82],[17.69,-37.8],[17.8,-37.8],[17.87,-37.82],[17.91,-37.85],[17.98,-37.87],[18.05,-37.94],[18.05,-37.95],[18.12,-37.99],[18.16,-37.94],[18.23,-37.9],[18.41,-37.9],[18.45,-37.92],[18.45,-37.99],[18.38,-38.0],[18.38,-38.05],[18.34,-38.05],[18.34,-38.17],[18.3,-38.2],[18.16,-38.2],[18.16,-38.22],[18.09,-38.22],[18.05,-38.22],[18.05,-38.28],[17.98,-38.3],[17.98,-38.23],[17.94,-38.22],[17.94,-37.9],[17.91,-37.89],[17.87,-37.94],[17.8,-38.0],[17.76,-38.02],[17.76,-38.05],[17.62,-38.17],[17.55,-38.2],[17.48,-38.2],[17.4,-38.22],[17.33,-38.25],[17.33,-38.28],[17.26,-38.28],[17.26,-38.22],[17.33,-38.18],[17.33,-38.13],[17.37,-38.12],[17.37,-38.02],[17.44,-37.99],[17.44,-37.92],[17.4,-37.9],[17.33,-37.9],[17.3,-37.89],[17.26,-37.9],[17.19,-37.9],[17.15,-37.94],[17.15,-37.99],[17.08,-38.0],[17.01,-38.0],[16.94,-38.05],[16.94,-38.08],[16.9,-38.1],[16.86,-38.08],[16.86,-37.92],[16.9,-37.89],[16.94,-37.89],[16.94,-37.8]]]}},{"type":"Feature","properties":{"precip":20},"geometry":{"type":"Polygon","coordinates":[[[31.26,-37.85],[31.26,-37.72],[31.3,-37.7],[31.33,-37.7],[31.33,-37.8],[31.37,-37.82],[31.37,-37.89],[31.41,-37.89],[31.44,-37.92],[31.44,-38.05],[31.33,-38.1],[31.26,-38.1],[31.19,-38.07],[31.15,-38.07],[31.15,-38.02],[31.23,-38.0],[31.23,-37.94],[31.26,-37.9],[31.26,-37.85]]]}},{"type":"Feature","properties":{"precip":20},"geometry":{"type":"Polygon","coordinates":[[[-11.68,-37.89],[-11.68,-37.85],[-11.57,-37.8],[-11.57,-37.84],[-11.54,-37.87],[-11.54,-37.99],[-11.46,-38.02],[-11.46,-38.07],[-11.5,-38.08],[-11.5,-38.12],[-11.57,-38.18],[-11.61,-38.2],[-11.64,-38.18],[-11.64,-38.05],[-11.68,-38.04],[-11.68,-38.0],[-11.75,-37.97],[-11.75,-37.94],[-11.68,-37.89]]]}},{"type":"Feature","properties":{"precip":20},"geometry":{"type":"Polygon","coordinates":[[[19.46,-37.85],[19.46,-37.8],[19.53,-37.8],[19.56,-37.84],[19.56,-37.87],[19.53,-37.89],[19.46,-37.89],[19.46,-37.85]]]}},{"type":"Feature","properties":{"precip":20},"geometry":{"type":"Polygon","coordinates":[[[30.65,-37.85],[30.65,-37.82],[30.69,-37.8],[30.76,-37.8],[30.87,-37.85],[30.87,-37.87],[30.94,-37.94],[30.94,-37.99],[30.87,-37.99],[30.87,-37.94],[30.76,-37.89],[30.69,-37.89],[30.65,-37.87],[30.65,-37.85]]]}},{"type":"Feature","properties":{"precip":20},"geometry":{"type":"Polygon","coordinates":[[[65.85,-37.85],[65.85,-37.82],[65.89,-37.8],[66.0,-37.8],[66.03,-37.82],[66.03,-37.89],[65.89,-37.89],[65.85,-37.87],[65.85,-37.85]]]}},{"type":"Feature","properties":{"precip":20},"geometry":{"type":"Polygon","coordinates":[[[76.15,-37.85],[76.15,-37.82],[76.18,-37.8],[76.25,-37.82],[76.25,-37.89],[76.18,-37.89],[76.15,-37.87],[76.15,-37.85]]]}},{"type":"Feature","properties":{"precip":20},"geometry":{"type":"Polygon","coordinates":[[[72.94,-37.95],[72.98,-37.9],[73.05,-37.9],[73.05,-37.99],[73.01,-38.0],[72.94,-37.97],[72.94,-37.95]]]}},{"type":"Feature","properties":{"precip":20},"geometry":{"type":"Polygon","coordinates":[[[73.45,-37.95],[73.45,-37.92],[73.52,-37.89],[73.55,-37.9],[73.55,-37.99],[73.52,-38.0],[73.45,-37.99],[73.45,-37.95]]]}},{"type":"Feature","properties":{"precip":20},"geometry":{"type":"Polygon","coordinates":[[[29.35,-38.1],[29.35,-38.05],[29.39,-38.02],[29.43,-38.0],[29.53,-38.05],[29.64,-38.12],[29.71,-38.22],[29.71,-38.3],[29.75,-38.37],[29.75,-38.45],[29.68,-38.5],[29.68,-38.43],[29.64,-38.4],[29.64,-38.22],[29.61,-38.2],[29.57,-38.22],[29.57,-38.28],[29.53,-38.3],[29.53,-38.4],[29.46,-38.38],[29.46,-38.25],[29.43,-38.23],[29.43,-38.2],[29.35,-38.17],[29.35,-38.1]]]}},{"type":"Feature","properties":{"precip":20},"geometry":{"type":"Polygon","coordinates":[[[29.86,-38.05],[29.86,-38.04],[29.93,-38.0],[30.0,-38.0],[30.04,-38.02],[30.04,-38.05],[30.11,-38.08],[30.18,-38.1],[30.25,-38.13],[30.25,-38.27],[30.33,-38.3],[30.33,-38.37],[30.36,-38.4],[30.36,-38.52],[30.33,-38.53],[30.33,-38.58],[30.25,-38.58],[30.25,-38.42],[30.22,-38.42],[30.22,-38.4],[30.15,-38.42],[30.15,-38.48],[30.07,-38.5],[30.07,-38.45],[30.04,-38.43],[30.04,-38.3],[29.97,-38.28],[29.97,-38.18],[29.93,-38.17],[29.93,-38.1],[29.86,-38.08],[29.86,-38.05]]]}},{"type":"Feature","properties":{"precip":20},"geometry":{"type":"Polygon","coordinates":[[[30.51,-38.07],[30.54,-38.05],[30.65,-38.0],[30.69,-38.0],[30.76,-38.04],[30.76,-38.07],[30.72,-38.1],[30.65,-38.13],[30.65,-38.17],[30.69,-38.17],[30.72,-38.2],[30.72,-38.22],[30.76,-38.23],[30.76,-38.38],[30.83,-38.4],[30.83,-38.5],[30.76,-38.47],[30.76,-38.43],[30.69,-38.4],[30.61,-38.4],[30.51,-38.4],[30.47,-38.38],[30.47,-38.3],[30.43,-38.27],[30.47,-38.23],[30.47,-38.13],[30.51,-38.1],[30.51,-38.07]]]}},{"type":"Feature","properties":{"precip":20},"geometry":{"type":"Polygon","coordinates":[[[33.35,-38.04],[33.35,-38.02],[33.42,-38.0],[33.56,-38.0],[33.64,-38.02],[33.64,-38.12],[33.67,-38.13],[33.67,-38.2],[33.74,-38.18],[33.74,-38.05],[33.78,-38.05],[33.78,-38.02],[33.82,-38.0],[33.89,-38.0],[33.96,-38.04],[33.96,-38.07],[34.03,-38.1],[34.1,-38.1],[34.14,-38.12],[34.14,-38.27],[34.03,-38.3],[33.74,-38.3],[33.67,-38.28],[33.56,-38.23],[33.53,-38.22],[33.46,-38.18],[33.46,-38.15],[33.42,-38.1],[33.39,-38.08],[33.39,-38.05],[33.35,-38.04]]]}},{"type":"Feature","properties":{"precip":20},"geometry":{"type":"Polygon","coordinates":[[[77.95,-38.05],[77.98,-38.0],[78.05,-38.02],[78.05,-38.08],[77.98,-38.08],[77.95,-38.07],[77.95,-38.05]]]}},{"type":"Feature","properties":{"precip":20},"geometry":{"type":"Polygon","coordinates":[[[-11.36,-38.25],[-11.36,-38.15],[-11.28,-38.1],[-11.21,-38.1],[-11.18,-38.12],[-11.18,-38.15],[-11.14,-38.18],[-11.14,-38.32],[-11.18,-38.35],[-11.18,-38.38],[-11.21,-38.4],[-11.28,-38.4],[-11.36,-38.35],[-11.36,-38.25]]]}},{"type":"Feature","properties":{"precip":20},"geometry":{"type":"Polygon","coordinates":[[[32.45,-38.25],[32.45,-38.15],[32.49,-38.13],[32.49,-38.1],[32.59,-38.1],[32.63,-38.12],[32.63,-38.15],[32.67,-38.18],[32.63,-38.22],[32.63,-38.28],[32.56,-38.37],[32.49,-38.4],[32.45,-38.38],[32.45,-38.25]]]}},{"type":"Feature","properties":{"precip":20},"geometry":{"type":"Polygon","coordinates":[[[32.95,-38.15],[32.95,-38.12],[32.99,-38.1],[33.1,-38.1],[33.17,-38.15],[33.1,-38.2],[32.99,-38.2],[32.95,-38.18],[32.95,-38.15]]]}},{"type":"Feature","properties":{"precip":20},"geometry":{"type":"Polygon","coordinates":[[[-11.93,-38.25],[-11.93,-38.22],[-11.9,-38.2],[-11.86,-38.22],[-11.86,-38.28],[-11.93,-38.3],[-11.93,-38.25]]]}},{"type":"Feature","properties":{"precip":20},"geometry":{"type":"Polygon","coordinates":[[[30.94,-38.25],[30.94,-38.22],[30.97,-38.22],[30.97,-38.2],[31.05,-38.22],[31.05,-38.28],[30.97,-38.3],[30.97,-38.27],[30.94,-38.25]]]}},{"type":"Feature","properties":{"precip":20},"geometry":{"type":"Polygon","coordinates":[[[76.36,-38.25],[76.36,-38.22],[76.43,-38.22],[76.43,-38.3],[76.36,-38.28],[76.36,-38.25]]]}},{"type":"Feature","properties":{"precip":20},"geometry":{"type":"Polygon","coordinates":[[[73.05,-38.35],[73.05,-38.32],[73.09,-38.3],[73.16,-38.32],[73.16,-38.38],[73.12,-38.4],[73.05,-38.38],[73.05,-38.35]]]}},{"type":"Feature","properties":{"precip":20},"geometry":{"type":"Polygon","coordinates":[[[-11.64,-38.45],[-11.64,-38.4],[-11.61,-38.4],[-11.54,-38.43],[-11.54,-38.47],[-11.57,-38.5],[-11.64,-38.48],[-11.64,-38.45]]]}},{"type":"Feature","properties":{"precip":20},"geometry":{"type":"Polygon","coordinates":[[[-11.54,-38.65],[-11.54,-38.6],[-11.46,-38.6],[-11.46,-38.7],[-11.54,-38.7],[-11.54,-38.65]]]}},{"type":"Feature","properties":{"precip":20},"geometry":{"type":"Polygon","coordinates":[[[30.54,-38.65],[30.58,-38.6],[30.65,-38.62],[30.65,-38.68],[30.58,-38.7],[30.54,-38.65]]]}},{"type":"Feature","properties":{"precip":20},"geometry":{"type":"Polygon","coordinates":[[[67.26,-38.75],[67.26,-38.72],[67.33,-38.7],[67.33,-38.73],[67.36,-38.73],[67.36,-38.77],[67.33,-38.77],[67.33,-38.8],[67.26,-38.78],[67.26,-38.75]]]}},{"type":"Feature","properties":{"precip":20},"geometry":{"type":"Polygon","coordinates":[[[73.66,-38.75],[73.66,-38.72],[73.73,-38.72],[73.73,-38.8],[73.66,-38.78],[73.66,-38.75]]]}},{"type":"Feature","properties":{"precip":20},"geometry":{"type":"Polygon","coordinates":[[[-11.46,-38.85],[-11.39,-38.8],[-11.21,-38.8],[-11.14,-38.83],[-11.14,-38.87],[-11.18,-38.87],[-11.21,-38.9],[-11.39,-38.9],[-11.46,-38.85]]]}},{"type":"Feature","properties":{"precip":20},"geometry":{"type":"Polygon","coordinates":[[[37.67,-38.85],[37.67,-38.8],[37.74,-38.8],[37.74,-38.9],[37.67,-38.9],[37.67,-38.85]]]}},{"type":"Feature","properties":{"precip":20},"geometry":{"type":"Polygon","coordinates":[[[71.54,-38.85],[71.57,-38.8],[71.65,-38.8],[71.65,-38.9],[71.57,-38.9],[71.54,-38.85]]]}},{"type":"Feature","properties":{"precip":20},"geometry":{"type":"Polygon","coordinates":[[[-11.93,-38.95],[-11.93,-38.92],[-11.86,-38.92],[-11.86,-38.98],[-11.93,-39.0],[-11.93,-38.95]]]}},{"type":"Feature","properties":{"precip":20},"geometry":{"type":"Polygon","coordinates":[[[72.15,-38.95],[72.15,-38.92],[72.19,-38.9],[72.26,-38.93],[72.26,-38.98],[72.22,-39.0],[72.15,-38.98],[72.15,-38.95]]]}},{"type":"Feature","properties":{"precip":20},"geometry":{"type":"Polygon","coordinates":[[[-12.94,-39.05],[-12.94,-39.01],[-12.87,-39.0],[-12.87,-39.1],[-12.9,-39.1],[-12.94,-39.1],[-12.94,-39.05]]]}},{"type":"Feature","properties":{"precip":20},"geometry":{"type":"Polygon","coordinates":[[[38.06,-39.05],[38.06,-39.0],[38.14,-39.0],[38.14,-39.1],[38.1,-39.1],[38.06,-39.1],[38.06,-39.05]]]}},{"type":"Feature","properties":{"precip":20},"geometry":{"type":"Polygon","coordinates":[[[72.55,-39.05],[72.55,-39.03],[72.62,-39.0],[72.69,-39.0],[72.73,-39.01],[72.76,-39.06],[72.69,-39.1],[72.62,-39.1],[72.58,-39.08],[72.55,-39.08],[72.55,-39.05]]]}},{"type":"Feature","properties":{"precip":20},"geometry":{"type":"Polygon","coordinates":[[[-11.93,-39.15],[-11.93,-39.1],[-11.86,-39.1],[-11.86,-39.2],[-11.93,-39.2],[-11.93,-39.15]]]}},{"type":"Feature","properties":{"precip":20},"geometry":{"type":"Polygon","coordinates":[[[67.94,-39.15],[67.98,-39.1],[68.05,-39.1],[68.05,-39.2],[67.98,-39.2],[67.94,-39.15]]]}},{"type":"Feature","properties":{"precip":20},"geometry":{"type":"Polygon","coordinates":[[[72.15,-39.15],[72.15,-39.11],[72.22,-39.1],[72.26,-39.11],[72.26,-39.18],[72.22,-39.2],[72.15,-39.18],[72.15,-39.15]]]}},{"type":"Feature","properties":{"precip":20},"geometry":{"type":"Polygon","coordinates":[[[34.25,-39.26],[34.25,-39.21],[34.32,-39.2],[34.36,-39.23],[34.36,-39.28],[34.28,-39.3],[34.25,-39.28],[34.25,-39.26]]]}},{"type":"Feature","properties":{"precip":20},"geometry":{"type":"Polygon","coordinates":[[[38.96,-39.26],[38.96,-39.21],[39.0,-39.2],[39.11,-39.2],[39.14,-39.23],[39.14,-39.28],[39.11,-39.3],[39.0,-39.3],[38.96,-39.28],[38.96,-39.26]]]}},{"type":"Feature","properties":{"precip":20},"geometry":{"type":"Polygon","coordinates":[[[76.65,-39.26],[76.65,-39.21],[76.69,-39.2],[76.76,-39.23],[76.76,-39.28],[76.69,-39.3],[76.65,-39.28],[76.65,-39.26]]]}},{"type":"Feature","properties":{"precip":20},"geometry":{"type":"Polygon","coordinates":[[[-12.08,-39.38],[-12.04,-39.31],[-12.0,-39.3],[-11.97,-39.31],[-11.97,-39.43],[-11.93,-39.5],[-11.97,-39.58],[-11.97,-39.68],[-12.04,-39.66],[-12.11,-39.6],[-12.11,-39.56],[-12.15,-39.53],[-12.15,-39.45],[-12.08,-39.38]]]}},{"type":"Feature","properties":{"precip":20},"geometry":{"type":"Polygon","coordinates":[[[-11.75,-39.35],[-11.75,-39.31],[-11.72,-39.3],[-11.64,-39.31],[-11.64,-39.38],[-11.68,-39.4],[-11.75,-39.38],[-11.75,-39.35]]]}},{"type":"Feature","properties":{"precip":20},"geometry":{"type":"Polygon","coordinates":[[[-12.36,-39.45],[-12.36,-39.43],[-12.33,-39.43],[-12.33,-39.4],[-12.26,-39.41],[-12.26,-39.48],[-12.33,-39.5],[-12.36,-39.45]]]}},{"type":"Feature","properties":{"precip":20},"geometry":{"type":"Polygon","coordinates":[[[-11.46,-39.45],[-11.43,-39.41],[-11.36,-39.41],[-11.36,-39.48],[-11.43,-39.5],[-11.43,-39.46],[-11.46,-39.45]]]}},{"type":"Feature","properties":{"precip":20},"geometry":{"type":"Polygon","coordinates":[[[34.1,-39.46],[34.18,-39.41],[34.25,-39.43],[34.28,-39.46],[34.28,-39.5],[34.36,-39.45],[34.36,-39.43],[34.43,-39.41],[34.43,-39.48],[34.39,-39.48],[34.39,-39.51],[34.36,-39.53],[34.36,-39.65],[34.28,-39.7],[34.14,-39.7],[34.07,-39.66],[34.07,-39.63],[34.03,-39.61],[34.07,-39.56],[34.07,-39.51],[34.1,-39.46]]]}},{"type":"Feature","properties":{"precip":20},"geometry":{"type":"Polygon","coordinates":[[[72.76,-39.43],[72.76,-39.4],[72.83,-39.43],[72.87,-39.45],[72.87,-39.48],[72.94,-39.53],[72.94,-39.58],[72.91,-39.58],[72.76,-39.48],[72.76,-39.43]]]}},{"type":"Feature","properties":{"precip":20},"geometry":{"type":"Polygon","coordinates":[[[-11.64,-39.55],[-11.64,-39.51],[-11.57,-39.5],[-11.54,-39.53],[-11.54,-39.58],[-11.57,-39.58],[-11.57,-39.61],[-11.64,-39.6],[-11.64,-39.55]]]}},{"type":"Feature","properties":{"precip":20},"geometry":{"type":"Polygon","coordinates":[[[67.04,-39.7],[67.04,-39.66],[67.08,-39.65],[67.08,-39.61],[67.15,-39.63],[67.15,-39.79],[67.08,-39.79],[67.08,-39.76],[67.04,-39.75],[67.04,-39.7]]]}},{"type":"Feature","properties":{"precip":20},"geometry":{"type":"Polygon","coordinates":[[[-11.75,-39.76],[-11.75,-39.73],[-11.68,-39.7],[-11.57,-39.71],[-11.57,-39.76],[-11.54,-39.78],[-11.54,-39.83],[-11.57,-39.84],[-11.61,-39.89],[-11.93,-39.89],[-12.04,-39.86],[-12.04,-39.81],[-11.97,-39.79],[-11.82,-39.79],[-11.75,-39.76]]]}},{"type":"Feature","properties":{"precip":20},"geometry":{"type":"Polygon","coordinates":[[[73.95,-39.76],[73.95,-39.71],[74.02,-39.7],[74.06,-39.73],[74.06,-39.78],[74.02,-39.79],[73.95,-39.79],[73.95,-39.76]]]}},{"type":"Feature","properties":{"precip":20},"geometry":{"type":"Polygon","coordinates":[[[-12.26,-39.84],[-12.26,-39.81],[-12.18,-39.79],[-12.15,-39.81],[-12.15,-39.88],[-12.22,-39.89],[-12.26,-39.88],[-12.26,-39.84]]]}},{"type":"Feature","properties":{"precip":20},"geometry":{"type":"Polygon","coordinates":[[[34.25,-39.84],[34.25,-39.81],[34.32,-39.79],[34.36,-39.81],[34.36,-39.88],[34.32,-39.89],[34.25,-39.88],[34.25,-39.84]]]}},{"type":"Feature","properties":{"precip":20},"geometry":{"type":"Polygon","coordinates":[[[-11.25,-39.96],[-11.25,-39.93],[-11.18,-39.89],[-11.14,-39.89],[-11.07,-39.93],[-11.07,-39.98],[-11.03,-39.99],[-11.07,-40.01],[-11.07,-40.09],[-11.1,-40.09],[-11.14,-40.13],[-11.14,-40.33],[-11.18,-40.34],[-11.18,-40.38],[-11.32,-40.41],[-11.36,-40.46],[-11.36,-40.48],[-11.39,-40.49],[-11.43,-40.46],[-11.5,-40.43],[-11.5,-40.41],[-11.57,-40.33],[-11.64,-40.26],[-11.64,-40.21],[-11.61,-40.19],[-11.5,-40.19],[-11.46,-40.18],[-11.46,-40.14],[-11.39,-40.11],[-11.28,-40.11],[-11.25,-40.09],[-11.18,-40.09],[-11.14,-40.06],[-11.14,-40.04],[-11.18,-39.99],[-11.25,-39.99],[-11.25,-39.96]]]}},{"type":"Feature","properties":{"precip":20},"geometry":{"type":"Polygon","coordinates":[[[67.4,-39.98],[67.47,-39.93],[67.54,-39.91],[67.54,-39.98],[67.62,-39.99],[67.69,-39.99],[67.76,-40.04],[67.76,-40.14],[67.8,-40.16],[67.8,-40.19],[67.83,-40.21],[67.83,-40.24],[67.94,-40.33],[67.94,-40.41],[67.83,-40.34],[67.8,-40.31],[67.76,-40.28],[67.76,-40.24],[67.65,-40.19],[67.58,-40.19],[67.54,-40.16],[67.54,-40.13],[67.51,-40.11],[67.4,-40.11],[67.36,-40.09],[67.36,-40.04],[67.4,-40.01],[67.4,-39.98]]]}},{"type":"Feature","properties":{"precip":20},"geometry":{"type":"Polygon","coordinates":[[[34.86,-40.04],[34.86,-40.01],[34.93,-39.99],[34.93,-40.09],[34.86,-40.09],[34.86,-40.04]]]}},{"type":"Feature","properties":{"precip":20},"geometry":{"type":"Polygon","coordinates":[[[65.56,-40.04],[65.56,-40.01],[65.64,-39.99],[65.64,-40.09],[65.56,-40.09],[65.56,-40.04]]]}},{"type":"Feature","properties":{"precip":20},"geometry":{"type":"Polygon","coordinates":[[[-10.96,-40.14],[-10.92,-40.11],[-10.85,-40.13],[-10.85,-40.18],[-10.92,-40.19],[-10.96,-40.14]]]}},{"type":"Feature","properties":{"precip":20},"geometry":{"type":"Polygon","coordinates":[[[68.05,-40.19],[68.05,-40.14],[68.08,-40.14],[68.08,-40.11],[68.12,-40.11],[68.12,-40.14],[68.16,-40.14],[68.16,-40.26],[68.23,-40.31],[68.3,-40.31],[68.34,-40.33],[68.34,-40.48],[68.3,-40.49],[68.19,-40.49],[68.19,-40.48],[68.16,-40.46],[68.16,-40.34],[68.12,-40.33],[68.12,-40.31],[68.08,-40.31],[68.08,-40.28],[68.05,-40.26],[68.05,-40.19]]]}},{"type":"Feature","properties":{"precip":20},"geometry":{"type":"Polygon","coordinates":[[[68.44,-40.14],[68.44,-40.13],[68.48,-40.11],[68.55,-40.13],[68.55,-40.18],[68.48,-40.19],[68.44,-40.18],[68.44,-40.14]]]}},{"type":"Feature","properties":{"precip":20},"geometry":{"type":"Polygon","coordinates":[[[-13.36,-40.28],[-13.34,-40.33],[-13.34,-40.38],[-13.36,-40.43],[-13.36,-40.28]]]}},{"type":"Feature","properties":{"precip":20},"geometry":{"type":"Polygon","coordinates":[[[34.54,-40.24],[34.61,-40.19],[34.68,-40.19],[34.75,-40.23],[34.75,-40.28],[34.72,-40.28],[34.68,-40.31],[34.61,-40.31],[34.54,-40.24]]]}},{"type":"Feature","properties":{"precip":20},"geometry":{"type":"Polygon","coordinates":[[[35.04,-40.24],[35.08,-40.23],[35.08,-40.19],[35.15,-40.21],[35.15,-40.28],[35.18,-40.28],[35.22,-40.31],[35.29,-40.31],[35.33,-40.33],[35.33,-40.34],[35.36,-40.38],[35.36,-40.43],[35.33,-40.46],[35.33,-40.49],[35.29,-40.49],[35.22,-40.49],[35.15,-40.46],[35.15,-40.33],[35.11,-40.31],[35.08,-40.31],[35.08,-40.28],[35.04,-40.28],[35.04,-40.24]]]}},{"type":"Feature","properties":{"precip":20},"geometry":{"type":"Polygon","coordinates":[[[35.94,-40.34],[35.94,-40.33],[35.98,-40.31],[36.08,-40.31],[36.19,-40.36],[36.23,-40.41],[36.23,-40.46],[36.26,-40.49],[36.26,-40.53],[36.23,-40.58],[36.16,-40.61],[36.05,-40.56],[36.05,-40.43],[36.01,-40.43],[36.01,-40.41],[35.94,-40.36],[35.94,-40.34]]]}},{"type":"Feature","properties":{"precip":20},"geometry":{"type":"Polygon","coordinates":[[[66.25,-40.33],[66.25,-40.31],[66.32,-40.33],[66.43,-40.41],[66.43,-40.49],[66.39,-40.49],[66.28,-40.41],[66.28,-40.38],[66.25,-40.33]]]}},{"type":"Feature","properties":{"precip":20},"geometry":{"type":"Polygon","coordinates":[[[68.84,-40.34],[68.88,-40.31],[68.95,-40.31],[68.95,-40.41],[68.88,-40.41],[68.84,-40.34]]]}},{"type":"Feature","properties":{"precip":20},"geometry":{"type":"Polygon","coordinates":[[[35.76,-40.49],[35.76,-40.41],[35.8,-40.41],[35.94,-40.53],[35.94,-40.59],[35.87,-40.61],[35.76,-40.58],[35.76,-40.49]]]}},{"type":"Feature","properties":{"precip":20},"geometry":{"type":"Polygon","coordinates":[[[64.27,-40.58],[64.27,-40.41],[64.34,-40.43],[64.38,-40.46],[64.38,-40.49],[64.45,-40.56],[64.45,-40.66],[64.52,-40.71],[64.66,-40.71],[64.74,-40.72],[64.74,-40.97],[64.66,-41.02],[64.56,-40.99],[64.56,-40.91],[64.66,-40.86],[64.63,-40.84],[64.63,-40.82],[64.52,-40.82],[64.45,-40.84],[64.45,-40.86],[64.41,-40.91],[64.38,-40.87],[64.3,-40.79],[64.27,-40.71],[64.27,-40.58]]]}},{"type":"Feature","properties":{"precip":20},"geometry":{"type":"Polygon","coordinates":[[[66.82,-40.48],[66.86,-40.43],[66.9,-40.41],[66.97,-40.46],[67.0,-40.49],[67.08,-40.56],[67.15,-40.64],[67.15,-40.66],[67.22,-40.67],[67.26,-40.67],[67.26,-40.62],[67.33,-40.61],[67.33,-40.71],[67.29,-40.72],[67.18,-40.77],[67.04,-40.82],[66.9,-40.77],[66.82,-40.74],[66.75,-40.66],[66.75,-40.59],[66.82,-40.48]]]}},{"type":"Feature","properties":{"precip":20},"geometry":{"type":"Polygon","coordinates":[[[-11.03,-40.56],[-11.03,-40.51],[-10.96,-40.49],[-10.82,-40.49],[-10.74,-40.56],[-10.74,-40.64],[-10.82,-40.71],[-10.89,-40.71],[-10.92,-40.71],[-10.92,-40.74],[-10.96,-40.76],[-10.96,-40.87],[-11.0,-40.91],[-11.1,-40.91],[-11.14,-40.87],[-11.14,-40.76],[-11.18,-40.74],[-11.18,-40.71],[-11.25,-40.67],[-11.25,-40.62],[-11.21,-40.61],[-11.14,-40.61],[-11.07,-40.59],[-11.07,-40.56],[-11.03,-40.56]]]}},{"type":"Feature","properties":{"precip":20},"geometry":{"type":"Polygon","coordinates":[[[63.66,-40.56],[63.66,-40.51],[63.73,-40.49],[63.76,-40.53],[63.76,-40.58],[63.73,-40.58],[63.73,-40.61],[63.66,-40.59],[63.66,-40.56]]]}},{"type":"Feature","properties":{"precip":20},"geometry":{"type":"Polygon","coordinates":[[[68.55,-40.64],[68.7,-40.51],[68.73,-40.51],[68.77,-40.56],[68.77,-40.67],[68.8,-40.71],[68.88,-40.71],[68.95,-40.72],[68.95,-40.79],[68.88,-40.82],[68.84,-40.86],[68.88,-40.86],[68.95,-40.92],[68.95,-41.06],[68.98,-41.07],[69.06,-41.14],[69.06,-41.27],[69.02,-41.27],[69.02,-41.3],[68.98,-41.3],[68.98,-41.27],[68.95,-41.27],[68.95,-41.17],[68.91,-41.12],[68.88,-41.09],[68.88,-41.06],[68.8,-41.02],[68.77,-40.99],[68.77,-40.91],[68.73,-40.87],[68.73,-40.82],[68.66,-40.76],[68.62,-40.71],[68.55,-40.72],[68.55,-40.77],[68.52,-40.77],[68.48,-40.82],[68.48,-40.72],[68.52,-40.71],[68.52,-40.67],[68.55,-40.64]]]}},{"type":"Feature","properties":{"precip":20},"geometry":{"type":"Polygon","coordinates":[[[69.45,-40.66],[69.45,-40.62],[69.52,-40.61],[69.56,-40.62],[69.56,-40.67],[69.52,-40.71],[69.45,-40.67],[69.45,-40.66]]]}},{"type":"Feature","properties":{"precip":20},"geometry":{"type":"Polygon","coordinates":[[[36.77,-40.82],[36.77,-40.71],[36.84,-40.71],[36.84,-40.87],[36.77,-40.91],[36.77,-40.82]]]}},{"type":"Feature","properties":{"precip":20},"geometry":{"type":"Polygon","coordinates":[[[67.54,-40.74],[67.54,-40.71],[67.58,-40.71],[67.62,-40.71],[67.72,-40.82],[67.72,-40.91],[67.65,-40.94],[67.65,-40.97],[67.69,-40.97],[67.72,-41.02],[67.76,-41.02],[67.76,-41.06],[67.72,-41.09],[67.58,-41.09],[67.47,-41.06],[67.36,-40.97],[67.36,-40.86],[67.4,-40.82],[67.47,-40.82],[67.54,-40.77],[67.54,-40.74]],[[67.54,-40.97],[67.54,-40.91],[67.47,-40.91],[67.44,-40.94],[67.47,-40.97],[67.47,-41.02],[67.54,-40.99],[67.54,-40.97]]]}},{"type":"Feature","properties":{"precip":20},"geometry":{"type":"Polygon","coordinates":[[[69.24,-40.82],[69.24,-40.77],[69.27,-40.76],[69.27,-40.71],[69.31,-40.71],[69.34,-40.71],[69.34,-40.86],[69.38,-40.86],[69.38,-40.91],[69.45,-40.87],[69.45,-40.82],[69.52,-40.82],[69.52,-40.84],[69.56,-40.86],[69.56,-40.99],[69.6,-40.99],[69.63,-41.02],[69.63,-41.19],[69.67,-41.24],[69.67,-41.3],[69.39,-41.3],[69.38,-41.29],[69.38,-41.22],[69.34,-41.19],[69.34,-41.02],[69.31,-41.02],[69.2,-41.02],[69.16,-40.99],[69.16,-40.91],[69.24,-40.91],[69.24,-40.82]]]}},{"type":"Feature","properties":{"precip":20},"geometry":{"type":"Polygon","coordinates":[[[36.26,-40.97],[36.26,-40.91],[36.37,-40.91],[36.44,-40.92],[36.44,-40.99],[36.37,-41.02],[36.3,-41.02],[36.26,-40.99],[36.26,-40.97]]]}},{"type":"Feature","properties":{"precip":20},"geometry":{"type":"Polygon","coordinates":[[[37.67,-40.97],[37.67,-40.91],[37.7,-40.91],[37.74,-40.91],[37.74,-40.99],[37.67,-41.02],[37.67,-40.97]]]}},{"type":"Feature","properties":{"precip":20},"geometry":{"type":"Polygon","coordinates":[[[-10.85,-41.04],[-10.82,-41.02],[-10.74,-41.02],[-10.64,-41.02],[-10.56,-41.02],[-10.56,-41.07],[-10.6,-41.09],[-10.67,-41.09],[-10.71,-41.12],[-10.74,-41.09],[-10.82,-41.09],[-10.85,-41.07],[-10.85,-41.04]]]}},{"type":"Feature","properties":{"precip":20},"geometry":{"type":"Polygon","coordinates":[[[15.24,-41.04],[15.24,-41.02],[15.32,-41.02],[15.39,-41.02],[15.46,-41.02],[15.46,-41.07],[15.42,-41.07],[15.35,-41.12],[15.28,-41.07],[15.24,-41.07],[15.24,-41.04]]]}},{"type":"Feature","properties":{"precip":20},"geometry":{"type":"Polygon","coordinates":[[[15.6,-41.07],[15.71,-41.02],[15.75,-41.02],[15.75,-41.06],[15.71,-41.07],[15.71,-41.12],[15.6,-41.19],[15.57,-41.19],[15.57,-41.12],[15.6,-41.07]]]}},{"type":"Feature","properties":{"precip":20},"geometry":{"type":"Polygon","coordinates":[[[67.94,-41.04],[67.98,-41.02],[68.05,-41.02],[68.05,-41.09],[68.01,-41.12],[67.98,-41.07],[67.94,-41.07],[67.94,-41.04]]]}},{"type":"Feature","properties":{"precip":20},"geometry":{"type":"Polygon","coordinates":[[[69.81,-41.19],[69.85,-41.17],[69.85,-41.12],[69.88,-41.12],[69.96,-41.12],[69.96,-41.19],[69.99,-41.19],[70.1,-41.22],[70.21,-41.29],[70.21,-41.3],[69.79,-41.3],[69.78,-41.27],[69.78,-41.19],[69.81,-41.19]]]}},{"type":"Feature","properties":{"precip":20},"geometry":{"type":"Polygon","coordinates":[[[-11.03,-41.24],[-11.03,-41.19],[-10.96,-41.22],[-10.96,-41.29],[-11.03,-41.29],[-11.03,-41.24]]]}},{"type":"Feature","properties":{"precip":20},"geometry":{"type":"Polygon","coordinates":[[[37.06,-41.24],[37.06,-41.22],[37.13,-41.19],[37.13,-41.22],[37.16,-41.22],[37.16,-41.27],[37.13,-41.27],[37.13,-41.3],[37.08,-41.3],[37.06,-41.29],[37.06,-41.24]]]}},{"type":"Feature","properties":{"precip":20},"geometry":{"type":"Polygon","coordinates":[[[68.05,-41.3],[68.05,-41.27],[68.08,-41.24],[68.08,-41.22],[68.12,-41.19],[68.19,-41.19],[68.26,-41.22],[68.23,-41.24],[68.23,-41.29],[68.22,-41.3],[68.05,-41.3]]]}},{"type":"Feature","properties":{"precip":20},"geometry":{"type":"Polygon","coordinates":[[[70.96,-41.24],[70.96,-41.22],[71.03,-41.19],[71.03,-41.29],[70.96,-41.29],[70.96,-41.24]]]}},{"type":"Feature","properties":{"precip":40},"geometry":{"type":"Polygon","coordinates":[[[79.18,3.79],[79.17,3.78],[79.1,3.73],[79.06,3.68],[78.99,3.59],[78.88,3.52],[78.85,3.47],[78.81,3.44],[78.63,3.4],[78.56,3.4],[78.41,3.39],[78.34,3.4],[78.2,3.4],[78.09,3.44],[77.98,3.49],[77.98,3.52],[77.91,3.57],[77.87,3.62],[77.87,3.7],[77.95,3.7],[77.98,3.7],[78.05,3.72],[78.05,3.75],[77.98,3.77],[77.98,3.79],[79.18,3.79]]]}},{"type":"Feature","properties":{"precip":40},"geometry":{"type":"Polygon","coordinates":[[[9.74,3.79],[9.74,3.75],[9.77,3.75],[9.77,3.7],[9.84,3.7],[9.84,3.64],[9.77,3.6],[9.7,3.6],[9.66,3.62],[9.66,3.64],[9.63,3.67],[9.63,3.7],[9.56,3.67],[9.56,3.64],[9.48,3.6],[9.45,3.6],[9.38,3.64],[9.34,3.67],[9.34,3.73],[9.38,3.75],[9.38,3.79],[9.74,3.79]]]}},{"type":"Feature","properties":{"precip":40},"geometry":{"type":"Polygon","coordinates":[[[75.8,3.79],[75.79,3.77],[75.64,3.72],[75.53,3.7],[75.25,3.7],[75.17,3.72],[75.14,3.75],[75.14,3.77],[75.1,3.77],[75.05,3.79],[75.8,3.79]]]}},{"type":"Feature","properties":{"precip":40},"geometry":{"type":"Polygon","coordinates":[[[73.73,3.79],[73.73,3.72],[73.7,3.7],[73.59,3.7],[73.48,3.73],[73.41,3.79],[73.73,3.79]]]}},{"type":"Feature","properties":{"precip":40},"geometry":{"type":"Polygon","coordinates":[[[99.14,3.79],[99.14,3.7],[99.07,3.7],[99.07,3.78],[99.08,3.79],[99.14,3.79]]]}},{"type":"Feature","properties":{"precip":40},"geometry":{"type":"Polygon","coordinates":[[[95.44,3.75],[95.44,3.77],[95.47,3.77],[95.47,3.79],[95.5,3.79],[95.51,3.78],[95.51,3.7],[95.47,3.7],[95.44,3.75]]]}},{"type":"Feature","properties":{"precip":40},"geometry":{"type":"Polygon","coordinates":[[[63.12,2.19],[63.22,2.19],[63.3,2.21],[63.3,2.22],[63.37,2.24],[63.37,2.29],[63.44,2.29],[63.44,2.24],[63.48,2.24],[63.48,2.21],[63.51,2.21],[63.55,2.24],[63.55,2.27],[63.62,2.29],[63.69,2.29],[63.76,2.26],[63.76,2.22],[63.8,2.21],[63.84,2.22],[63.84,2.26],[63.87,2.29],[63.94,2.27],[63.94,2.17],[63.98,2.16],[63.98,2.12],[64.02,2.11],[64.02,2.06],[64.05,2.06],[64.05,2.04],[64.12,1.99],[64.12,1.91],[64.05,1.88],[64.05,1.84],[64.16,1.81],[64.27,1.81],[64.34,1.81],[64.34,1.84],[64.45,1.89],[64.59,1.89],[64.66,1.91],[64.74,1.94],[64.88,1.99],[65.06,1.99],[65.2,1.97],[65.28,1.93],[65.35,1.84],[65.35,1.76],[65.38,1.73],[65.38,1.71],[65.46,1.66],[65.46,1.63],[65.49,1.59],[65.56,1.54],[65.64,1.39],[65.64,1.21],[65.6,1.18],[65.56,1.18],[65.56,1.13],[65.64,1.08],[65.64,1.03],[65.6,1.01],[65.6,0.98],[65.56,0.96],[65.56,0.95],[65.42,0.9],[65.38,0.9],[65.38,0.86],[65.35,0.85],[65.35,0.73],[65.31,0.73],[65.31,0.7],[65.28,0.7],[65.28,0.73],[65.24,0.76],[65.24,0.88],[65.17,0.9],[65.06,0.88],[65.06,0.76],[65.02,0.73],[65.02,0.71],[64.99,0.7],[64.92,0.7],[64.88,0.68],[64.88,0.66],[64.84,0.65],[64.84,0.56],[64.88,0.51],[64.95,0.5],[64.99,0.5],[65.06,0.51],[65.06,0.56],[65.13,0.6],[65.13,0.55],[65.2,0.51],[65.28,0.5],[65.46,0.5],[65.53,0.48],[65.53,0.43],[65.56,0.4],[65.56,0.15],[65.53,0.12],[65.53,-0.0],[65.49,-0.0],[65.46,-0.02],[65.46,-0.18],[65.38,-0.3],[65.38,-0.33],[65.35,-0.37],[65.28,-0.38],[65.28,-0.37],[65.24,-0.3],[65.2,-0.3],[65.17,-0.32],[65.17,-0.48],[65.13,-0.5],[65.13,-0.6],[65.06,-0.63],[65.13,-0.71],[65.2,-0.81],[65.28,-0.85],[65.31,-0.9],[65.38,-0.9],[65.42,-0.91],[65.42,-0.95],[65.46,-0.96],[65.46,-1.23],[65.42,-1.26],[65.42,-1.3],[65.31,-1.3],[65.28,-1.31],[65.28,-1.33],[65.24,-1.33],[65.24,-1.36],[65.13,-1.4],[64.99,-1.4],[64.92,-1.41],[64.84,-1.45],[64.84,-1.48],[64.77,-1.49],[64.7,-1.49],[64.66,-1.51],[64.63,-1.49],[64.56,-1.49],[64.45,-1.46],[64.45,-1.43],[64.41,-1.4],[64.38,-1.4],[64.27,-1.36],[64.2,-1.3],[64.12,-1.23],[64.05,-1.15],[64.02,-1.1],[63.94,-0.98],[63.94,-0.96],[63.98,-0.93],[63.98,-0.91],[64.02,-0.86],[64.12,-0.81],[64.12,-0.78],[64.16,-0.76],[64.16,-0.73],[64.09,-0.7],[64.02,-0.7],[63.98,-0.66],[63.94,-0.66],[63.94,-0.61],[63.87,-0.61],[63.87,-0.66],[63.84,-0.7],[63.84,-0.78],[63.8,-0.81],[63.76,-0.78],[63.76,-0.66],[63.73,-0.66],[63.73,-0.61],[63.66,-0.6],[63.58,-0.6],[63.55,-0.55],[63.55,-0.35],[63.58,-0.3],[63.66,-0.3],[63.69,-0.3],[63.8,-0.3],[63.84,-0.28],[63.84,-0.23],[63.8,-0.18],[63.73,-0.15],[63.69,-0.12],[63.69,-0.1],[63.62,-0.1],[63.55,-0.07],[63.48,-0.0],[63.48,0.05],[63.44,0.07],[63.44,0.18],[63.37,0.2],[63.37,0.15],[63.33,0.13],[63.33,0.12],[63.3,0.1],[63.22,0.1],[63.22,0.07],[63.15,0.07],[63.15,0.03],[63.08,-0.0],[63.08,-0.03],[63.01,-0.07],[62.97,-0.07],[62.86,0.02],[62.79,0.1],[62.72,0.2],[62.65,0.25],[62.58,0.31],[62.54,0.36],[62.47,0.41],[62.4,0.48],[62.32,0.5],[62.25,0.51],[62.25,0.55],[62.32,0.65],[62.4,0.68],[62.43,0.73],[62.5,0.76],[62.54,0.78],[62.61,0.81],[62.65,0.85],[62.65,1.06],[62.54,1.09],[62.29,1.09],[62.22,1.09],[62.14,1.06],[62.14,1.03],[62.11,1.03],[62.11,1.0],[62.07,1.01],[62.07,1.08],[62.0,1.09],[61.96,1.09],[61.96,0.96],[61.93,0.95],[61.93,0.9],[61.86,0.86],[61.86,0.83],[61.93,0.8],[61.93,0.71],[61.96,0.66],[61.96,0.43],[62.0,0.4],[62.04,0.4],[62.04,0.33],[62.0,0.3],[61.86,0.3],[61.75,0.35],[61.71,0.36],[61.71,0.41],[61.68,0.43],[61.68,0.51],[61.64,0.55],[61.64,0.76],[61.57,0.8],[61.5,0.8],[61.46,0.78],[61.46,0.73],[61.42,0.7],[61.39,0.7],[61.35,0.73],[61.35,0.86],[61.42,0.91],[61.42,0.98],[61.35,1.03],[61.35,1.06],[61.24,1.14],[61.24,1.16],[61.17,1.18],[61.17,1.05],[61.14,0.98],[61.14,0.51],[61.1,0.5],[61.06,0.51],[61.06,0.56],[61.03,0.58],[61.03,0.6],[60.99,0.6],[60.99,0.58],[60.96,0.56],[60.96,0.3],[60.92,0.25],[60.92,0.2],[60.88,0.2],[60.88,0.12],[60.85,0.07],[60.85,-0.61],[60.81,-0.66],[60.81,-0.7],[60.74,-0.75],[60.67,-0.83],[60.67,-0.91],[60.63,-0.93],[60.63,-0.96],[60.6,-1.0],[60.52,-1.0],[60.45,-1.03],[60.45,-1.16],[60.34,-1.21],[60.27,-1.21],[60.27,-1.26],[60.24,-1.28],[60.24,-1.33],[60.27,-1.33],[60.27,-1.4],[60.34,-1.41],[60.34,-1.56],[60.38,-1.58],[60.38,-1.59],[60.42,-1.59],[60.42,-1.63],[60.45,-1.63],[60.45,-1.76],[60.56,-1.81],[60.63,-1.83],[60.63,-1.88],[60.67,-1.89],[60.67,-1.99],[60.7,-1.99],[60.7,-2.03],[60.74,-2.06],[60.74,-2.54],[60.67,-2.61],[60.6,-2.61],[60.56,-2.62],[60.56,-2.69],[60.63,-2.71],[60.63,-2.79],[60.6,-2.79],[60.52,-2.79],[60.49,-2.81],[60.45,-2.86],[60.45,-3.24],[60.49,-3.25],[60.49,-3.3],[60.52,-3.3],[60.52,-3.35],[60.56,-3.35],[60.56,-3.44],[60.52,-3.45],[60.52,-3.5],[60.45,-3.49],[60.45,-3.44],[60.38,-3.4],[60.31,-3.39],[60.16,-3.39],[60.06,-3.35],[60.02,-3.34],[60.02,-3.3],[59.98,-3.3],[59.98,-3.34],[59.91,-3.39],[59.84,-3.39],[59.8,-3.37],[59.73,-3.35],[59.66,-3.25],[59.66,-3.19],[59.62,-3.16],[59.62,-3.14],[59.59,-3.11],[59.59,-3.09],[59.52,-3.01],[59.48,-2.97],[59.44,-2.92],[59.37,-2.89],[59.3,-2.84],[59.16,-2.79],[58.98,-2.79],[58.83,-2.72],[58.76,-2.67],[58.72,-2.61],[58.62,-2.52],[58.54,-2.47],[58.47,-2.34],[58.4,-2.29],[58.4,-2.24],[58.36,-2.19],[58.36,-2.08],[58.33,-2.04],[58.33,-2.03],[58.29,-1.99],[58.26,-2.03],[58.26,-2.06],[58.22,-2.09],[58.18,-2.09],[58.15,-2.06],[58.15,-2.04],[58.04,-1.88],[58.04,-1.73],[57.97,-1.69],[57.86,-1.69],[57.75,-1.66],[57.75,-1.51],[57.72,-1.48],[57.72,-1.45],[57.68,-1.4],[57.68,-1.36],[57.54,-1.23],[57.47,-1.11],[57.47,-0.98],[57.54,-0.85],[57.61,-0.78],[57.68,-0.73],[57.75,-0.66],[57.9,-0.61],[57.97,-0.61],[58.04,-0.6],[58.08,-0.61],[58.18,-0.61],[58.26,-0.65],[58.26,-0.76],[58.36,-0.81],[58.44,-0.81],[58.54,-0.76],[58.54,-0.65],[58.58,-0.63],[58.58,-0.6],[58.62,-0.57],[58.65,-0.57],[58.65,-0.55],[58.58,-0.5],[58.58,-0.48],[58.54,-0.43],[58.54,-0.33],[58.58,-0.3],[58.65,-0.28],[58.65,-0.22],[58.58,-0.2],[58.47,-0.17],[58.36,-0.08],[58.36,-0.02],[58.4,-0.0],[58.47,-0.0],[58.51,-0.0],[58.65,-0.0],[58.72,0.02],[58.76,0.05],[58.76,0.1],[58.83,0.1],[58.83,0.02],[58.87,-0.0],[58.87,-0.07],[58.9,-0.1],[58.98,-0.1],[59.05,-0.12],[59.05,-0.18],[59.12,-0.2],[59.12,-0.18],[59.16,-0.15],[59.16,-0.02],[59.19,-0.0],[59.23,-0.0],[59.26,0.05],[59.26,0.07],[59.23,0.12],[59.23,0.17],[59.19,0.2],[59.19,0.23],[59.12,0.28],[59.08,0.3],[58.98,0.3],[58.94,0.28],[58.94,0.22],[58.9,0.2],[58.87,0.22],[58.87,0.3],[58.83,0.31],[58.83,0.38],[58.76,0.4],[58.69,0.43],[58.58,0.5],[58.58,0.55],[58.54,0.58],[58.54,0.68],[58.47,0.7],[58.47,0.66],[58.44,0.66],[58.44,0.61],[58.4,0.6],[58.29,0.6],[58.26,0.63],[58.26,0.88],[58.33,0.91],[58.33,0.96],[58.36,1.0],[58.36,1.11],[58.33,1.14],[58.33,1.18],[58.26,1.21],[58.26,1.34],[58.22,1.38],[58.22,1.39],[58.18,1.39],[58.18,1.51],[58.22,1.51],[58.33,1.63],[58.33,1.69],[58.29,1.69],[58.29,1.73],[58.26,1.73],[58.26,1.94],[58.18,1.99],[58.11,1.99],[58.08,1.97],[58.08,1.94],[58.04,1.88],[58.04,1.14],[57.97,1.09],[57.9,1.09],[57.86,1.13],[57.86,1.24],[57.83,1.26],[57.83,1.28],[57.79,1.28],[57.79,1.33],[57.75,1.36],[57.75,1.64],[57.79,1.66],[57.79,1.69],[57.83,1.69],[57.83,1.73],[57.86,1.76],[57.86,1.84],[57.83,1.84],[57.83,1.89],[57.75,1.88],[57.75,1.81],[57.72,1.81],[57.65,1.81],[57.57,1.84],[57.5,1.91],[57.43,1.97],[57.36,2.06],[57.32,2.12],[57.25,2.17],[57.25,2.29],[57.21,2.29],[57.18,2.27],[57.07,2.16],[57.0,2.12],[56.93,2.11],[56.89,2.12],[56.89,2.14],[56.85,2.19],[56.85,2.36],[56.82,2.37],[56.82,2.39],[56.78,2.39],[56.78,2.42],[56.75,2.44],[56.75,2.56],[56.71,2.57],[56.71,2.61],[56.6,2.61],[56.57,2.59],[56.57,2.54],[56.53,2.52],[56.53,2.49],[56.49,2.49],[56.46,2.52],[56.46,2.72],[56.42,2.76],[56.42,2.79],[56.39,2.79],[56.39,2.84],[56.35,2.87],[56.35,3.15],[56.39,3.2],[56.39,3.25],[56.42,3.29],[56.42,3.34],[56.49,3.39],[56.57,3.49],[56.64,3.52],[56.71,3.57],[56.78,3.52],[56.82,3.52],[56.85,3.54],[56.85,3.57],[56.89,3.59],[56.93,3.64],[57.07,3.7],[57.14,3.7],[57.29,3.68],[57.36,3.64],[57.43,3.57],[57.5,3.52],[57.54,3.5],[57.61,3.52],[57.68,3.57],[57.68,3.59],[57.75,3.57],[57.75,3.54],[57.83,3.49],[57.83,3.32],[57.86,3.22],[57.86,2.59],[57.9,2.54],[57.9,2.51],[57.97,2.46],[57.97,2.42],[58.0,2.42],[58.0,2.37],[58.04,2.36],[58.04,2.26],[58.08,2.24],[58.08,2.21],[58.11,2.19],[58.15,2.22],[58.15,2.27],[58.18,2.27],[58.22,2.29],[58.29,2.29],[58.33,2.31],[58.33,2.36],[58.36,2.39],[58.36,2.49],[58.47,2.69],[58.58,2.77],[58.62,2.79],[58.65,2.76],[58.65,2.72],[58.69,2.71],[58.76,2.71],[58.76,2.69],[58.83,2.67],[58.83,2.66],[58.9,2.61],[58.9,2.59],[59.01,2.51],[59.05,2.54],[59.05,2.56],[59.12,2.61],[59.19,2.67],[59.3,2.71],[59.34,2.69],[59.34,2.66],[59.41,2.61],[59.52,2.61],[59.7,2.61],[59.77,2.59],[59.88,2.54],[59.88,2.51],[59.91,2.49],[59.91,2.54],[60.06,2.59],[60.13,2.61],[60.38,2.61],[60.52,2.57],[60.56,2.54],[60.56,2.52],[60.63,2.49],[60.67,2.49],[60.74,2.52],[60.74,2.54],[60.78,2.59],[60.85,2.61],[60.96,2.59],[61.03,2.56],[61.06,2.54],[61.14,2.44],[61.14,2.21],[61.06,2.17],[61.06,2.06],[61.03,2.04],[61.03,1.99],[60.96,2.01],[60.96,2.06],[60.92,2.06],[60.88,2.09],[60.81,2.09],[60.78,2.11],[60.67,2.11],[60.56,2.06],[60.56,2.02],[60.6,1.99],[60.67,1.94],[60.85,1.88],[60.88,1.84],[60.88,1.81],[60.92,1.81],[60.92,1.83],[60.96,1.84],[60.96,1.88],[61.03,1.88],[61.1,1.81],[61.14,1.76],[61.21,1.71],[61.32,1.69],[61.35,1.73],[61.35,1.81],[61.32,1.84],[61.32,1.89],[61.24,1.94],[61.21,1.99],[61.21,2.01],[61.17,2.02],[61.17,2.09],[61.21,2.09],[61.21,2.12],[61.24,2.14],[61.24,2.34],[61.28,2.36],[61.28,2.39],[61.35,2.39],[61.35,2.32],[61.42,2.29],[61.5,2.29],[61.53,2.31],[61.53,2.34],[61.57,2.36],[61.57,2.39],[61.64,2.39],[61.71,2.39],[61.75,2.42],[61.75,2.66],[61.78,2.67],[61.82,2.71],[61.89,2.71],[61.93,2.69],[61.93,2.64],[61.96,2.61],[61.96,2.52],[62.04,2.49],[62.04,2.21],[61.96,2.19],[61.96,1.94],[62.04,1.88],[62.11,1.81],[62.18,1.81],[62.4,1.81],[62.47,1.84],[62.47,1.88],[62.5,1.89],[62.61,1.89],[62.65,1.88],[62.65,1.81],[62.72,1.81],[62.76,1.83],[62.76,1.94],[62.79,1.99],[62.9,2.06],[62.97,2.11],[63.04,2.12],[63.04,2.16],[63.12,2.19]],[[61.75,2.16],[61.75,2.17],[61.68,2.19],[61.64,2.17],[61.64,2.12],[61.68,2.11],[61.75,2.12],[61.75,2.16]],[[61.78,1.73],[61.71,1.78],[61.68,1.79],[61.6,1.79],[61.57,1.78],[61.5,1.71],[61.5,1.69],[61.46,1.68],[61.46,1.63],[61.53,1.59],[61.53,1.53],[61.57,1.51],[61.57,1.43],[61.64,1.39],[61.75,1.39],[61.86,1.44],[61.86,1.48],[61.75,1.53],[61.75,1.56],[61.78,1.58],[61.78,1.59],[61.86,1.63],[61.82,1.66],[61.82,1.69],[61.78,1.73]],[[60.56,1.59],[60.56,1.63],[60.52,1.66],[60.52,1.69],[60.49,1.69],[60.49,1.66],[60.45,1.64],[60.45,1.36],[60.49,1.33],[60.49,1.28],[60.52,1.28],[60.52,1.26],[60.56,1.24],[60.56,1.16],[60.52,1.14],[60.52,1.09],[60.49,1.09],[60.45,1.13],[60.45,1.28],[60.42,1.28],[60.34,1.26],[60.34,1.11],[60.38,1.06],[60.38,1.01],[60.42,0.96],[60.49,0.91],[60.52,0.91],[60.6,0.91],[60.63,0.93],[60.63,1.11],[60.67,1.21],[60.63,1.26],[60.63,1.48],[60.56,1.51],[60.56,1.59]],[[62.36,1.64],[62.36,1.68],[62.29,1.69],[62.25,1.69],[62.25,1.63],[62.29,1.59],[62.32,1.59],[62.32,1.63],[62.36,1.63],[62.36,1.64]],[[62.76,1.64],[62.76,1.68],[62.68,1.69],[62.65,1.68],[62.65,1.63],[62.68,1.63],[62.68,1.59],[62.72,1.59],[62.72,1.63],[62.76,1.63],[62.76,1.64]],[[59.16,1.39],[59.16,1.46],[59.12,1.49],[59.08,1.48],[59.01,1.39],[58.98,1.39],[58.98,1.31],[59.05,1.28],[59.05,1.24],[59.01,1.23],[59.01,1.21],[58.98,1.18],[58.98,1.16],[58.9,1.09],[58.87,1.03],[58.87,0.96],[58.83,0.88],[58.83,0.81],[58.9,0.71],[59.01,0.68],[59.08,0.63],[59.12,0.6],[59.12,0.55],[59.16,0.51],[59.16,0.43],[59.19,0.41],[59.26,0.4],[59.34,0.4],[59.44,0.36],[59.52,0.3],[59.52,0.25],[59.55,0.2],[59.55,0.07],[59.59,0.03],[59.59,-0.0],[59.62,-0.0],[59.62,-0.03],[59.66,-0.05],[59.73,-0.12],[59.73,-0.18],[59.77,-0.22],[59.77,-0.28],[59.8,-0.3],[59.91,-0.3],[59.95,-0.27],[59.95,-0.03],[59.98,0.02],[59.98,0.05],[60.02,0.07],[60.02,0.12],[60.09,0.2],[60.2,0.3],[60.2,0.31],[60.24,0.35],[60.24,0.43],[60.27,0.43],[60.27,0.48],[60.31,0.51],[60.38,0.56],[60.42,0.6],[60.42,0.65],[60.45,0.66],[60.45,0.73],[60.42,0.76],[60.42,0.8],[60.38,0.81],[60.38,0.85],[60.31,0.88],[60.31,0.91],[60.27,0.93],[60.27,0.96],[60.24,1.0],[60.24,1.09],[60.2,1.09],[60.16,1.09],[60.16,1.06],[60.13,1.03],[60.13,1.01],[60.09,1.0],[60.09,1.03],[60.06,1.03],[60.06,1.06],[59.98,1.09],[59.91,1.09],[59.77,1.09],[59.66,1.13],[59.66,1.16],[59.62,1.16],[59.62,1.18],[59.55,1.18],[59.52,1.21],[59.41,1.21],[59.34,1.24],[59.34,1.28],[59.3,1.28],[59.23,1.28],[59.16,1.33],[59.16,1.39]],[[60.16,1.34],[60.16,1.39],[60.13,1.43],[60.13,1.48],[60.09,1.51],[60.02,1.51],[59.98,1.46],[59.95,1.46],[59.95,1.26],[59.98,1.21],[60.02,1.21],[60.09,1.21],[60.13,1.21],[60.13,1.28],[60.16,1.31],[60.16,1.34]],[[61.57,1.24],[61.53,1.28],[61.46,1.28],[61.46,1.21],[61.53,1.21],[61.53,1.23],[61.57,1.24]],[[61.46,1.14],[61.46,1.18],[61.42,1.18],[61.35,1.18],[61.35,1.11],[61.42,1.09],[61.46,1.13],[61.46,1.14]],[[64.74,0.85],[64.74,0.88],[64.7,0.88],[64.63,0.91],[64.56,0.91],[64.45,0.86],[64.45,0.83],[64.56,0.8],[64.66,0.8],[64.74,0.83],[64.74,0.85]],[[63.37,0.65],[63.33,0.66],[63.33,0.7],[63.26,0.7],[63.26,0.6],[63.33,0.6],[63.33,0.63],[63.37,0.65]],[[64.56,0.65],[64.48,0.7],[64.38,0.7],[64.2,0.66],[64.16,0.66],[64.09,0.6],[64.09,0.56],[64.05,0.55],[64.05,0.43],[64.02,0.4],[63.94,0.38],[63.94,0.33],[63.98,0.3],[64.05,0.3],[64.12,0.3],[64.12,0.26],[64.16,0.25],[64.16,0.12],[64.23,0.1],[64.27,0.13],[64.27,0.18],[64.3,0.18],[64.38,0.12],[64.45,0.12],[64.52,0.12],[64.56,0.17],[64.63,0.2],[64.63,0.26],[64.66,0.31],[64.66,0.38],[64.7,0.4],[64.81,0.4],[64.84,0.41],[64.84,0.48],[64.81,0.51],[64.74,0.56],[64.63,0.6],[64.56,0.61],[64.56,0.65]],[[63.26,0.55],[63.26,0.58],[63.22,0.58],[63.22,0.6],[63.15,0.58],[63.15,0.51],[63.22,0.5],[63.26,0.51],[63.26,0.55]],[[59.05,0.45],[59.05,0.48],[58.98,0.5],[58.98,0.48],[58.94,0.48],[58.94,0.43],[58.98,0.43],[58.98,0.4],[59.05,0.41],[59.05,0.45]],[[60.67,0.2],[60.63,0.26],[60.63,0.38],[60.6,0.4],[60.56,0.38],[60.49,0.31],[60.49,0.28],[60.45,0.25],[60.45,0.23],[60.49,0.2],[60.52,0.2],[60.52,0.15],[60.56,0.13],[60.56,0.02],[60.6,-0.0],[60.63,0.02],[60.63,0.17],[60.67,0.2]],[[64.16,-0.25],[64.16,-0.22],[64.09,-0.2],[64.05,-0.22],[64.05,-0.28],[64.12,-0.3],[64.16,-0.28],[64.16,-0.25]],[[64.27,-0.5],[64.23,-0.48],[64.23,-0.43],[64.12,-0.4],[64.05,-0.4],[63.98,-0.43],[63.94,-0.45],[63.94,-0.55],[64.02,-0.6],[64.2,-0.6],[64.23,-0.6],[64.23,-0.53],[64.27,-0.5]],[[58.54,-1.4],[58.54,-1.31],[58.47,-1.31],[58.47,-1.36],[58.44,-1.38],[58.44,-1.41],[58.47,-1.45],[58.47,-1.49],[58.54,-1.48],[58.54,-1.4]],[[58.44,-1.54],[58.44,-1.51],[58.36,-1.51],[58.36,-1.59],[58.44,-1.59],[58.44,-1.54]],[[59.84,-3.25],[59.84,-3.2],[59.77,-3.2],[59.77,-3.29],[59.8,-3.3],[59.84,-3.29],[59.84,-3.25]]]}},{"type":"Feature","properties":{"precip":40},"geometry":{"type":"Polygon","coordinates":[[[34.25,3.55],[34.25,3.59],[34.28,3.6],[34.36,3.57],[34.36,3.52],[34.32,3.5],[34.25,3.52],[34.25,3.55]]]}},{"type":"Feature","properties":{"precip":40},"geometry":{"type":"Polygon","coordinates":[[[74.56,3.5],[74.56,3.57],[74.63,3.6],[74.71,3.6],[74.74,3.57],[74.74,3.54],[74.78,3.52],[74.92,3.5],[75.17,3.5],[75.21,3.52],[75.28,3.52],[75.35,3.54],[75.35,3.57],[75.43,3.59],[75.5,3.6],[75.75,3.6],[75.82,3.57],[75.86,3.54],[75.86,3.37],[75.79,3.32],[75.75,3.3],[75.21,3.3],[75.17,3.32],[75.1,3.32],[75.07,3.34],[75.07,3.35],[74.96,3.39],[74.81,3.39],[74.74,3.4],[74.63,3.4],[74.56,3.44],[74.56,3.5]]]}},{"type":"Feature","properties":{"precip":40},"geometry":{"type":"Polygon","coordinates":[[[76.9,3.42],[76.97,3.45],[76.97,3.49],[77.05,3.5],[77.12,3.5],[77.19,3.49],[77.3,3.42],[77.33,3.39],[77.33,3.32],[77.3,3.3],[77.3,3.27],[77.23,3.22],[77.12,3.2],[77.08,3.22],[77.01,3.27],[77.01,3.32],[76.97,3.34],[76.97,3.39],[76.9,3.42]]]}},{"type":"Feature","properties":{"precip":40},"geometry":{"type":"Polygon","coordinates":[[[55.92,3.34],[55.95,3.37],[56.03,3.39],[56.1,3.39],[56.13,3.39],[56.13,3.25],[56.17,3.2],[56.13,3.15],[56.13,3.02],[56.06,2.97],[56.06,2.76],[56.03,2.72],[56.03,2.71],[55.99,2.72],[55.92,2.77],[55.88,2.82],[55.88,2.89],[55.85,2.97],[55.85,3.14],[55.88,3.2],[55.88,3.27],[55.92,3.34]]]}},{"type":"Feature","properties":{"precip":40},"geometry":{"type":"Polygon","coordinates":[[[58.87,3.3],[58.87,3.39],[58.9,3.39],[58.98,3.34],[59.05,3.27],[59.05,3.2],[58.94,3.2],[58.87,3.22],[58.87,3.3]]]}},{"type":"Feature","properties":{"precip":40},"geometry":{"type":"Polygon","coordinates":[[[84.24,3.35],[84.24,3.39],[84.35,3.39],[84.35,3.32],[84.28,3.3],[84.24,3.32],[84.24,3.35]]]}},{"type":"Feature","properties":{"precip":40},"geometry":{"type":"Polygon","coordinates":[[[19.56,3.25],[19.56,3.3],[19.64,3.27],[19.67,3.25],[19.67,3.22],[19.74,3.15],[19.74,3.04],[19.82,3.0],[19.89,3.0],[19.96,2.97],[19.96,2.95],[19.89,2.89],[19.82,2.84],[19.74,2.8],[19.74,2.79],[19.67,2.79],[19.67,2.74],[19.64,2.72],[19.64,2.61],[19.56,2.61],[19.49,2.61],[19.49,2.57],[19.46,2.56],[19.46,2.46],[19.42,2.42],[19.38,2.39],[19.24,2.39],[19.17,2.42],[19.17,2.59],[19.28,2.79],[19.35,2.82],[19.38,2.85],[19.46,2.89],[19.56,2.9],[19.64,2.92],[19.64,3.19],[19.56,3.2],[19.56,3.25]]]}},{"type":"Feature","properties":{"precip":40},"geometry":{"type":"Polygon","coordinates":[[[34.97,3.25],[34.97,3.3],[35.04,3.29],[35.04,3.2],[34.97,3.2],[34.97,3.25]]]}},{"type":"Feature","properties":{"precip":40},"geometry":{"type":"Polygon","coordinates":[[[70.53,3.22],[70.53,3.25],[70.57,3.27],[70.67,3.3],[70.75,3.27],[70.75,3.24],[70.82,3.2],[70.89,3.2],[70.93,3.2],[70.93,3.24],[70.96,3.24],[70.96,3.29],[71.0,3.3],[71.11,3.29],[71.18,3.24],[71.21,3.2],[71.21,3.17],[71.25,3.15],[71.36,3.1],[71.47,3.1],[71.54,3.09],[71.72,3.09],[71.83,3.07],[71.9,3.02],[71.9,2.99],[72.01,2.9],[72.04,2.92],[72.04,2.95],[72.11,2.97],[72.22,3.0],[72.37,3.0],[72.44,3.02],[72.44,3.07],[72.47,3.09],[72.55,3.09],[72.55,2.97],[72.58,2.94],[72.58,2.9],[72.62,2.9],[72.69,2.97],[72.69,3.0],[72.73,3.0],[72.73,2.95],[72.76,2.94],[72.76,2.9],[72.83,2.9],[72.91,2.9],[72.94,2.87],[72.94,2.72],[72.87,2.71],[72.87,2.74],[72.83,2.77],[72.73,2.79],[72.62,2.79],[72.55,2.8],[72.47,2.8],[72.37,2.84],[72.37,2.85],[72.29,2.9],[72.22,2.9],[72.15,2.85],[72.15,2.74],[72.11,2.72],[72.11,2.71],[72.04,2.71],[71.93,2.67],[71.93,2.61],[71.9,2.61],[71.86,2.61],[71.86,2.66],[71.79,2.67],[71.65,2.71],[71.5,2.71],[71.43,2.72],[71.36,2.74],[71.32,2.77],[71.32,2.79],[71.29,2.79],[71.29,2.77],[71.25,2.74],[71.18,2.72],[71.11,2.71],[70.89,2.71],[70.82,2.72],[70.75,2.76],[70.75,2.79],[70.71,2.79],[70.64,2.79],[70.57,2.82],[70.57,2.85],[70.49,2.9],[70.42,2.9],[70.35,2.92],[70.35,2.99],[70.42,3.0],[70.42,3.02],[70.46,3.02],[70.46,3.15],[70.49,3.17],[70.49,3.2],[70.53,3.22]]]}},{"type":"Feature","properties":{"precip":40},"geometry":{"type":"Polygon","coordinates":[[[29.35,3.05],[29.35,3.09],[29.43,3.09],[29.46,3.07],[29.46,3.02],[29.43,3.0],[29.35,3.02],[29.35,3.05]]]}},{"type":"Feature","properties":{"precip":40},"geometry":{"type":"Polygon","coordinates":[[[29.64,3.05],[29.68,3.09],[29.75,3.09],[29.75,3.02],[29.68,3.0],[29.64,3.02],[29.64,3.05]]]}},{"type":"Feature","properties":{"precip":40},"geometry":{"type":"Polygon","coordinates":[[[58.65,3.05],[58.65,3.09],[58.72,3.09],[58.76,3.07],[58.76,3.02],[58.72,3.0],[58.65,3.02],[58.65,3.05]]]}},{"type":"Feature","properties":{"precip":40},"geometry":{"type":"Polygon","coordinates":[[[73.34,3.05],[73.41,3.09],[73.52,3.09],[73.55,3.07],[73.55,3.02],[73.52,3.0],[73.41,3.0],[73.37,3.02],[73.34,3.05]]]}},{"type":"Feature","properties":{"precip":40},"geometry":{"type":"Polygon","coordinates":[[[75.35,2.95],[75.35,3.05],[75.39,3.07],[75.39,3.09],[75.5,3.09],[75.53,3.09],[75.53,2.82],[75.46,2.79],[75.39,2.8],[75.39,2.84],[75.35,2.85],[75.35,2.95]]]}},{"type":"Feature","properties":{"precip":40},"geometry":{"type":"Polygon","coordinates":[[[73.84,2.95],[73.91,2.99],[73.99,2.99],[74.02,3.0],[74.09,3.0],[74.13,2.99],[74.24,2.97],[74.24,2.84],[74.17,2.76],[74.06,2.72],[73.99,2.71],[73.84,2.71],[73.7,2.72],[73.55,2.84],[73.55,2.89],[73.59,2.9],[73.77,2.9],[73.84,2.92],[73.84,2.95]]]}},{"type":"Feature","properties":{"precip":40},"geometry":{"type":"Polygon","coordinates":[[[28.63,2.85],[28.67,2.85],[28.67,2.9],[28.74,2.89],[28.74,2.8],[28.67,2.8],[28.67,2.85],[28.63,2.85]]]}},{"type":"Feature","properties":{"precip":40},"geometry":{"type":"Polygon","coordinates":[[[29.35,2.85],[29.35,2.89],[29.43,2.9],[29.43,2.87],[29.46,2.87],[29.46,2.84],[29.39,2.79],[29.35,2.82],[29.35,2.85]]]}},{"type":"Feature","properties":{"precip":40},"geometry":{"type":"Polygon","coordinates":[[[35.15,2.85],[35.15,2.89],[35.18,2.9],[35.26,2.87],[35.26,2.82],[35.18,2.79],[35.15,2.82],[35.15,2.85]]]}},{"type":"Feature","properties":{"precip":40},"geometry":{"type":"Polygon","coordinates":[[[28.74,2.67],[28.74,2.69],[28.81,2.69],[28.81,2.67],[28.89,2.61],[28.92,2.59],[28.92,2.51],[28.85,2.54],[28.85,2.56],[28.74,2.66],[28.74,2.67]]]}},{"type":"Feature","properties":{"precip":40},"geometry":{"type":"Polygon","coordinates":[[[16.54,2.29],[16.54,2.32],[16.61,2.37],[16.61,2.39],[16.68,2.39],[16.86,2.39],[16.94,2.39],[17.01,2.39],[17.04,2.36],[17.04,2.24],[16.97,2.17],[16.9,2.12],[16.76,2.06],[16.76,1.94],[16.72,1.94],[16.72,1.91],[16.58,1.88],[16.54,1.84],[16.54,1.81],[16.47,1.81],[16.32,1.81],[16.25,1.84],[16.25,2.04],[16.36,2.16],[16.43,2.19],[16.5,2.21],[16.54,2.24],[16.54,2.29]]]}},{"type":"Feature","properties":{"precip":40},"geometry":{"type":"Polygon","coordinates":[[[17.37,2.16],[17.37,2.19],[17.44,2.19],[17.44,2.11],[17.37,2.11],[17.37,2.16]]]}},{"type":"Feature","properties":{"precip":40},"geometry":{"type":"Polygon","coordinates":[[[30.72,2.19],[30.76,2.17],[30.76,2.12],[30.69,2.11],[30.65,2.12],[30.65,2.16],[30.65,2.17],[30.72,2.19]]]}},{"type":"Feature","properties":{"precip":40},"geometry":{"type":"Polygon","coordinates":[[[35.15,1.94],[35.15,1.99],[35.22,1.99],[35.26,1.97],[35.26,1.93],[35.22,1.93],[35.22,1.89],[35.18,1.89],[35.15,1.93],[35.15,1.94]]]}},{"type":"Feature","properties":{"precip":40},"geometry":{"type":"Polygon","coordinates":[[[36.77,1.84],[36.77,1.89],[36.84,1.89],[36.84,1.81],[36.77,1.81],[36.77,1.84]]]}},{"type":"Feature","properties":{"precip":40},"geometry":{"type":"Polygon","coordinates":[[[97.81,1.63],[97.89,1.69],[97.96,1.69],[98.03,1.68],[98.03,1.63],[98.07,1.59],[98.07,1.58],[98.03,1.56],[98.03,1.51],[97.96,1.51],[97.81,1.51],[97.74,1.54],[97.78,1.56],[97.78,1.59],[97.81,1.63]]]}},{"type":"Feature","properties":{"precip":40},"geometry":{"type":"Polygon","coordinates":[[[16.4,1.51],[16.47,1.58],[16.58,1.59],[16.61,1.59],[16.65,1.58],[16.65,1.51],[16.61,1.51],[16.54,1.51],[16.47,1.48],[16.43,1.46],[16.43,1.39],[16.36,1.39],[16.36,1.46],[16.4,1.49],[16.4,1.51]]]}},{"type":"Feature","properties":{"precip":40},"geometry":{"type":"Polygon","coordinates":[[[20.46,1.51],[20.46,1.58],[20.54,1.59],[20.54,1.39],[20.46,1.39],[20.46,1.51]]]}},{"type":"Feature","properties":{"precip":40},"geometry":{"type":"Polygon","coordinates":[[[34.86,1.56],[34.86,1.59],[34.93,1.59],[34.93,1.51],[34.86,1.51],[34.86,1.56]]]}},{"type":"Feature","properties":{"precip":40},"geometry":{"type":"Polygon","coordinates":[[[35.33,1.43],[35.36,1.46],[35.44,1.49],[35.51,1.49],[35.54,1.46],[35.54,1.33],[35.47,1.28],[35.4,1.28],[35.33,1.23],[35.33,1.21],[35.26,1.16],[35.22,1.13],[35.15,1.13],[35.15,1.16],[35.22,1.21],[35.26,1.24],[35.26,1.34],[35.29,1.38],[35.29,1.39],[35.33,1.43]]]}},{"type":"Feature","properties":{"precip":40},"geometry":{"type":"Polygon","coordinates":[[[36.77,1.46],[36.77,1.49],[36.84,1.49],[36.84,1.39],[36.77,1.39],[36.77,1.46]]]}},{"type":"Feature","properties":{"precip":40},"geometry":{"type":"Polygon","coordinates":[[[20.5,1.21],[20.57,1.28],[20.64,1.28],[20.64,1.23],[20.57,1.18],[20.57,1.16],[20.5,1.11],[20.46,1.11],[20.46,1.18],[20.5,1.21]]]}},{"type":"Feature","properties":{"precip":40},"geometry":{"type":"Polygon","coordinates":[[[37.24,1.24],[37.27,1.28],[37.34,1.28],[37.34,1.21],[37.27,1.21],[37.27,1.23],[37.24,1.24]]]}},{"type":"Feature","properties":{"precip":40},"geometry":{"type":"Polygon","coordinates":[[[35.65,0.73],[35.65,0.78],[35.72,0.8],[35.72,0.78],[35.76,0.78],[35.76,0.73],[35.72,0.73],[35.72,0.7],[35.65,0.71],[35.65,0.73]]]}},{"type":"Feature","properties":{"precip":40},"geometry":{"type":"Polygon","coordinates":[[[36.84,0.7],[36.84,0.73],[36.88,0.76],[36.88,0.8],[36.95,0.78],[36.95,0.63],[36.91,0.6],[36.88,0.6],[36.88,0.65],[36.84,0.66],[36.84,0.7]]]}},{"type":"Feature","properties":{"precip":40},"geometry":{"type":"Polygon","coordinates":[[[35.87,0.65],[35.87,0.7],[35.94,0.68],[35.94,0.46],[35.87,0.36],[35.8,0.31],[35.72,0.3],[35.62,0.3],[35.58,0.31],[35.58,0.35],[35.54,0.36],[35.54,0.51],[35.58,0.55],[35.58,0.6],[35.65,0.6],[35.8,0.6],[35.83,0.61],[35.83,0.65],[35.87,0.65]]]}},{"type":"Feature","properties":{"precip":40},"geometry":{"type":"Polygon","coordinates":[[[72.65,0.55],[72.65,0.56],[72.76,0.6],[72.83,0.6],[72.94,0.56],[72.94,0.46],[72.98,0.43],[72.98,0.41],[73.01,0.4],[73.09,0.4],[73.12,0.41],[73.12,0.43],[73.16,0.46],[73.16,0.58],[73.23,0.6],[73.23,0.56],[73.27,0.56],[73.27,0.51],[73.34,0.5],[73.48,0.5],[73.55,0.48],[73.55,0.43],[73.45,0.36],[73.34,0.31],[73.27,0.3],[73.19,0.3],[73.16,0.3],[73.09,0.3],[73.01,0.28],[72.94,0.25],[72.87,0.18],[72.76,0.02],[72.76,-0.07],[72.83,-0.1],[72.94,-0.1],[73.01,-0.15],[73.09,-0.17],[73.09,-0.2],[73.16,-0.28],[73.16,-0.35],[73.12,-0.37],[73.01,-0.4],[72.8,-0.4],[72.65,-0.43],[72.65,-0.48],[72.62,-0.48],[72.47,-0.5],[72.4,-0.5],[72.37,-0.48],[72.29,-0.48],[72.26,-0.48],[72.26,-0.43],[72.22,-0.42],[72.15,-0.4],[72.04,-0.4],[71.97,-0.43],[71.93,-0.45],[71.93,-0.48],[71.86,-0.48],[71.86,-0.28],[71.83,-0.25],[71.83,-0.22],[71.68,-0.17],[71.57,-0.08],[71.57,-0.05],[71.54,-0.02],[71.61,-0.0],[71.68,-0.0],[71.75,0.05],[71.86,0.17],[71.97,0.2],[72.08,0.2],[72.15,0.23],[72.15,0.26],[72.22,0.3],[72.29,0.3],[72.33,0.31],[72.33,0.36],[72.37,0.38],[72.37,0.48],[72.44,0.5],[72.55,0.5],[72.65,0.51],[72.65,0.55]]]}},{"type":"Feature","properties":{"precip":40},"geometry":{"type":"Polygon","coordinates":[[[62.0,0.12],[62.04,0.17],[62.14,0.2],[62.22,0.18],[62.25,0.13],[62.25,0.03],[62.29,-0.0],[62.36,0.02],[62.36,0.07],[62.4,0.1],[62.47,0.1],[62.54,0.07],[62.54,-0.15],[62.47,-0.23],[62.47,-0.25],[62.43,-0.28],[62.36,-0.27],[62.32,-0.22],[62.29,-0.2],[62.29,-0.15],[62.25,-0.15],[62.25,-0.05],[62.22,-0.02],[62.14,-0.0],[61.96,-0.0],[61.96,0.07],[62.0,0.07],[62.0,0.12]]]}},{"type":"Feature","properties":{"precip":40},"geometry":{"type":"Polygon","coordinates":[[[35.76,0.05],[35.76,0.1],[35.83,0.1],[35.83,-0.0],[35.76,-0.0],[35.76,0.05]]]}},{"type":"Feature","properties":{"precip":40},"geometry":{"type":"Polygon","coordinates":[[[37.45,0.05],[37.45,0.07],[37.52,0.1],[37.56,0.07],[37.56,0.03],[37.52,-0.0],[37.45,0.02],[37.45,0.05]]]}},{"type":"Feature","properties":{"precip":40},"geometry":{"type":"Polygon","coordinates":[[[66.25,0.05],[66.25,0.07],[66.32,0.1],[66.5,0.1],[66.54,0.07],[66.54,0.02],[66.5,-0.0],[66.32,-0.0],[66.25,0.03],[66.25,0.05]]]}},{"type":"Feature","properties":{"precip":40},"geometry":{"type":"Polygon","coordinates":[[[91.95,0.02],[91.95,0.07],[92.02,0.1],[92.06,0.1],[92.16,0.07],[92.16,0.02],[92.2,-0.0],[92.27,-0.0],[92.34,-0.03],[92.34,-0.1],[92.38,-0.12],[92.38,-0.17],[92.42,-0.18],[92.42,-0.23],[92.6,-0.37],[92.7,-0.4],[92.92,-0.4],[93.03,-0.42],[93.03,-0.45],[93.06,-0.48],[93.06,-0.6],[93.14,-0.61],[93.14,-0.73],[93.14,-0.78],[93.24,-0.81],[93.24,-0.88],[93.21,-0.9],[93.14,-0.9],[93.06,-0.91],[93.06,-1.03],[93.03,-1.05],[93.03,-1.1],[92.92,-1.08],[92.92,-1.05],[92.92,-1.03],[92.92,-1.0],[92.81,-0.91],[92.7,-0.91],[92.67,-0.91],[92.6,-0.9],[92.45,-0.9],[92.38,-0.86],[92.34,-0.85],[92.34,-0.75],[92.27,-0.7],[92.27,-0.65],[92.24,-0.61],[92.16,-0.6],[92.16,-0.78],[92.13,-0.81],[92.13,-0.85],[92.06,-0.88],[92.06,-0.91],[92.06,-0.95],[91.98,-1.0],[91.98,-1.03],[91.95,-1.06],[91.95,-1.15],[91.91,-1.16],[91.91,-1.21],[91.84,-1.26],[91.73,-1.3],[91.62,-1.3],[91.55,-1.26],[91.55,-1.18],[91.52,-1.15],[91.52,-1.11],[91.48,-1.08],[91.41,-1.03],[91.34,-1.0],[91.26,-1.03],[91.26,-1.05],[91.19,-1.06],[91.12,-1.16],[91.05,-1.2],[90.9,-1.2],[90.83,-1.18],[90.76,-1.15],[90.69,-1.08],[90.65,-1.06],[90.65,-1.03],[90.72,-1.0],[90.72,-0.96],[90.76,-0.93],[90.76,-0.83],[90.87,-0.81],[91.16,-0.81],[91.19,-0.78],[91.26,-0.73],[91.26,-0.53],[91.34,-0.48],[91.34,-0.43],[91.37,-0.37],[91.37,-0.33],[91.41,-0.3],[91.52,-0.22],[91.59,-0.2],[91.62,-0.2],[91.84,-0.17],[91.91,-0.1],[91.91,-0.07],[91.95,-0.02],[91.95,0.02]]]}},{"type":"Feature","properties":{"precip":40},"geometry":{"type":"Polygon","coordinates":[[[29.14,-0.05],[29.17,-0.02],[29.17,-0.0],[29.25,-0.0],[29.25,-0.08],[29.17,-0.1],[29.17,-0.07],[29.14,-0.07],[29.14,-0.05]]]}},{"type":"Feature","properties":{"precip":40},"geometry":{"type":"Polygon","coordinates":[[[36.16,-0.05],[36.16,-0.0],[36.23,-0.0],[36.23,-0.02],[36.26,-0.03],[36.26,-0.07],[36.23,-0.07],[36.23,-0.1],[36.16,-0.08],[36.16,-0.05]]]}},{"type":"Feature","properties":{"precip":40},"geometry":{"type":"Polygon","coordinates":[[[74.06,-0.05],[74.06,-0.0],[74.09,-0.0],[74.13,-0.0],[74.13,-0.03],[74.17,-0.03],[74.17,-0.07],[74.13,-0.07],[74.13,-0.1],[74.06,-0.08],[74.06,-0.05]]]}},{"type":"Feature","properties":{"precip":40},"geometry":{"type":"Polygon","coordinates":[[[97.6,-0.07],[97.63,-0.05],[97.78,-0.0],[97.85,-0.0],[97.85,-0.05],[97.81,-0.08],[97.81,-0.12],[97.74,-0.17],[97.63,-0.2],[97.56,-0.18],[97.56,-0.15],[97.6,-0.12],[97.6,-0.07]]]}},{"type":"Feature","properties":{"precip":40},"geometry":{"type":"Polygon","coordinates":[[[36.66,-0.15],[36.66,-0.12],[36.7,-0.1],[36.8,-0.1],[36.84,-0.12],[36.84,-0.18],[36.77,-0.2],[36.73,-0.2],[36.66,-0.18],[36.66,-0.15]]]}},{"type":"Feature","properties":{"precip":40},"geometry":{"type":"Polygon","coordinates":[[[61.96,-0.15],[61.96,-0.12],[62.04,-0.1],[62.04,-0.18],[62.0,-0.2],[61.96,-0.18],[61.96,-0.15]]]}},{"type":"Feature","properties":{"precip":40},"geometry":{"type":"Polygon","coordinates":[[[35.87,-0.25],[35.87,-0.2],[35.94,-0.2],[35.94,-0.3],[35.87,-0.3],[35.87,-0.25]]]}},{"type":"Feature","properties":{"precip":40},"geometry":{"type":"Polygon","coordinates":[[[65.56,-0.25],[65.56,-0.2],[65.64,-0.2],[65.64,-0.3],[65.56,-0.3],[65.56,-0.25]]]}},{"type":"Feature","properties":{"precip":40},"geometry":{"type":"Polygon","coordinates":[[[97.45,-0.4],[97.53,-0.37],[97.6,-0.3],[97.63,-0.3],[97.63,-0.35],[97.67,-0.37],[97.78,-0.4],[97.96,-0.4],[98.03,-0.43],[98.03,-0.48],[98.07,-0.48],[98.07,-0.53],[98.03,-0.6],[98.03,-0.66],[97.99,-0.71],[97.89,-0.78],[97.89,-0.83],[97.81,-0.86],[97.74,-0.9],[97.67,-0.9],[97.6,-0.91],[97.56,-0.93],[97.56,-1.03],[97.45,-1.1],[97.38,-1.18],[97.24,-1.21],[97.2,-1.23],[97.13,-1.26],[97.13,-1.28],[97.09,-1.3],[97.09,-1.33],[96.99,-1.4],[96.91,-1.4],[96.81,-1.45],[96.81,-1.48],[96.81,-1.51],[96.77,-1.54],[96.77,-1.58],[96.73,-1.63],[96.73,-1.68],[96.66,-1.69],[96.48,-1.69],[96.37,-1.71],[96.34,-1.74],[96.34,-1.76],[96.27,-1.81],[96.16,-1.81],[96.09,-1.81],[95.94,-1.83],[95.91,-1.88],[95.91,-1.89],[95.87,-1.93],[95.83,-1.98],[95.73,-1.99],[95.69,-1.99],[95.65,-2.03],[95.65,-2.06],[95.62,-2.06],[95.51,-2.09],[95.44,-2.09],[95.4,-2.11],[95.37,-2.09],[95.26,-2.09],[95.19,-2.06],[95.15,-2.06],[95.15,-2.04],[95.08,-2.03],[95.01,-1.99],[94.79,-1.99],[94.72,-1.99],[94.65,-1.96],[94.65,-1.94],[94.61,-1.91],[94.54,-1.91],[94.5,-1.89],[94.32,-1.89],[94.22,-1.88],[94.22,-1.84],[94.29,-1.83],[94.29,-1.81],[94.4,-1.71],[94.5,-1.69],[94.54,-1.64],[94.61,-1.61],[94.61,-1.58],[94.65,-1.54],[94.79,-1.45],[94.79,-1.43],[94.86,-1.4],[94.93,-1.4],[94.93,-1.3],[94.86,-1.28],[94.86,-1.15],[94.97,-1.1],[95.19,-1.1],[95.26,-1.1],[95.37,-1.05],[95.4,-1.03],[95.51,-1.01],[95.62,-1.01],[95.73,-1.0],[96.45,-1.0],[96.55,-0.98],[96.66,-0.96],[96.66,-0.93],[96.7,-0.9],[96.73,-0.88],[96.73,-0.85],[96.81,-0.81],[96.88,-0.81],[96.91,-0.78],[96.91,-0.76],[96.95,-0.75],[96.95,-0.55],[97.02,-0.5],[97.24,-0.5],[97.35,-0.48],[97.45,-0.45],[97.45,-0.43],[97.45,-0.4]]]}},{"type":"Feature","properties":{"precip":40},"geometry":{"type":"Polygon","coordinates":[[[68.16,-0.45],[68.16,-0.42],[68.23,-0.4],[68.23,-0.43],[68.26,-0.43],[68.26,-0.48],[68.23,-0.48],[68.23,-0.5],[68.16,-0.48],[68.16,-0.45]]]}},{"type":"Feature","properties":{"precip":40},"geometry":{"type":"Polygon","coordinates":[[[76.76,-0.75],[76.76,-0.71],[76.79,-0.7],[76.83,-0.71],[76.83,-0.76],[76.87,-0.78],[76.87,-0.81],[76.83,-0.85],[76.83,-0.9],[76.79,-0.9],[76.76,-0.91],[76.76,-1.15],[76.69,-1.15],[76.69,-1.2],[76.65,-1.18],[76.65,-1.15],[76.58,-1.11],[76.47,-1.1],[76.25,-1.1],[76.15,-1.06],[76.15,-1.03],[76.22,-1.01],[76.25,-1.0],[76.47,-1.0],[76.54,-0.96],[76.54,-0.85],[76.58,-0.85],[76.58,-0.81],[76.61,-0.81],[76.69,-0.81],[76.76,-0.75]]]}},{"type":"Feature","properties":{"precip":40},"geometry":{"type":"Polygon","coordinates":[[[80.36,-0.81],[80.39,-0.78],[80.39,-0.75],[80.54,-0.71],[80.57,-0.7],[80.79,-0.7],[80.79,-0.73],[80.79,-0.75],[80.83,-0.78],[80.83,-1.0],[80.79,-1.03],[80.79,-1.1],[80.75,-1.11],[80.68,-1.15],[80.61,-1.16],[80.57,-1.21],[80.5,-1.3],[80.47,-1.36],[80.47,-1.4],[80.5,-1.4],[80.57,-1.4],[80.61,-1.43],[80.61,-1.48],[80.72,-1.49],[80.79,-1.51],[80.83,-1.53],[80.83,-1.56],[80.9,-1.58],[80.93,-1.58],[80.93,-1.53],[80.97,-1.51],[81.01,-1.51],[81.01,-1.69],[80.97,-1.69],[80.97,-1.81],[80.93,-1.83],[80.93,-1.89],[80.9,-1.89],[80.83,-1.94],[80.83,-2.21],[80.79,-2.24],[80.79,-2.29],[80.79,-2.31],[80.61,-2.31],[80.54,-2.34],[80.54,-2.37],[80.36,-2.44],[80.36,-2.47],[80.25,-2.54],[80.14,-2.66],[80.07,-2.69],[79.96,-2.69],[79.89,-2.69],[79.82,-2.61],[79.71,-2.52],[79.64,-2.49],[79.49,-2.49],[79.46,-2.52],[79.46,-2.56],[79.49,-2.64],[79.6,-2.71],[79.71,-2.82],[79.71,-2.86],[79.71,-2.91],[79.71,-3.27],[79.75,-3.32],[79.75,-3.4],[79.82,-3.4],[79.82,-3.47],[79.71,-3.57],[79.67,-3.62],[79.49,-3.7],[79.46,-3.7],[79.39,-3.7],[79.39,-3.74],[79.31,-3.75],[79.31,-3.87],[79.24,-3.9],[79.1,-3.9],[79.06,-3.94],[79.03,-3.95],[79.03,-4.0],[78.99,-4.0],[78.99,-3.95],[78.85,-3.9],[78.67,-3.9],[78.63,-3.9],[78.56,-3.9],[78.45,-3.89],[78.41,-3.82],[78.52,-3.77],[78.56,-3.75],[78.56,-3.74],[78.45,-3.7],[78.45,-3.69],[78.41,-3.64],[78.41,-3.52],[78.45,-3.5],[78.52,-3.5],[78.52,-3.47],[78.56,-3.45],[78.56,-3.32],[78.63,-3.29],[78.63,-3.2],[78.63,-3.17],[78.63,-2.97],[78.63,-2.96],[78.63,-2.92],[78.56,-2.91],[78.34,-2.91],[78.23,-2.87],[78.23,-2.79],[78.2,-2.79],[78.2,-2.72],[78.2,-2.71],[78.13,-2.71],[78.09,-2.69],[78.05,-2.69],[78.05,-2.61],[78.13,-2.61],[78.13,-2.54],[78.16,-2.52],[78.16,-2.42],[78.2,-2.29],[78.31,-2.18],[78.38,-2.14],[78.41,-2.11],[78.45,-2.11],[78.52,-2.09],[78.52,-2.06],[78.56,-2.04],[78.56,-1.94],[78.52,-1.93],[78.52,-1.89],[78.41,-1.88],[78.41,-1.73],[78.45,-1.69],[78.52,-1.69],[78.56,-1.73],[78.56,-1.78],[78.59,-1.78],[78.74,-1.83],[78.74,-1.84],[78.81,-1.89],[78.85,-1.89],[78.99,-1.83],[79.03,-1.81],[79.03,-1.74],[79.06,-1.71],[79.06,-1.61],[79.1,-1.61],[79.1,-1.64],[79.17,-1.64],[79.17,-1.68],[79.24,-1.69],[79.39,-1.69],[79.42,-1.71],[79.46,-1.76],[79.46,-1.88],[79.49,-1.89],[79.64,-1.89],[79.71,-1.91],[79.71,-1.94],[79.71,-2.04],[79.75,-2.08],[79.85,-2.11],[79.93,-2.11],[79.93,-2.13],[79.93,-2.18],[80.03,-2.19],[80.14,-2.19],[80.25,-2.16],[80.25,-1.94],[80.18,-1.93],[80.18,-1.89],[80.14,-1.89],[80.14,-1.84],[80.14,-1.83],[80.14,-1.66],[80.07,-1.58],[80.07,-1.54],[79.89,-1.48],[79.85,-1.48],[79.85,-1.43],[79.75,-1.4],[79.71,-1.4],[79.67,-1.4],[79.67,-1.36],[79.64,-1.36],[79.64,-1.33],[79.67,-1.33],[79.67,-1.3],[79.71,-1.28],[79.71,-1.16],[79.82,-1.06],[79.93,-0.96],[80.11,-0.91],[80.14,-0.9],[80.25,-0.9],[80.32,-0.88],[80.32,-0.85],[80.36,-0.83],[80.36,-0.81]]]}},{"type":"Feature","properties":{"precip":40},"geometry":{"type":"Polygon","coordinates":[[[76.87,-1.05],[76.87,-1.0],[76.9,-1.0],[76.9,-1.1],[76.87,-1.1],[76.87,-1.05]]]}},{"type":"Feature","properties":{"precip":40},"geometry":{"type":"Polygon","coordinates":[[[76.04,-1.3],[76.04,-1.28],[76.04,-1.26],[76.04,-1.21],[76.11,-1.21],[76.25,-1.21],[76.36,-1.26],[76.33,-1.26],[76.33,-1.3],[76.22,-1.4],[76.11,-1.4],[76.04,-1.36],[76.04,-1.33],[76.04,-1.3]]]}},{"type":"Feature","properties":{"precip":40},"geometry":{"type":"Polygon","coordinates":[[[66.86,-1.36],[66.86,-1.31],[66.93,-1.3],[66.93,-1.33],[66.97,-1.33],[66.97,-1.36],[66.93,-1.36],[66.93,-1.4],[66.86,-1.4],[66.86,-1.36]]]}},{"type":"Feature","properties":{"precip":40},"geometry":{"type":"Polygon","coordinates":[[[90.76,-1.4],[90.76,-1.33],[90.83,-1.3],[90.9,-1.3],[90.94,-1.31],[90.94,-1.36],[90.83,-1.46],[90.83,-1.48],[90.76,-1.49],[90.76,-1.4]]]}},{"type":"Feature","properties":{"precip":40},"geometry":{"type":"Polygon","coordinates":[[[66.64,-1.46],[66.64,-1.43],[66.68,-1.4],[66.75,-1.41],[66.75,-1.48],[66.72,-1.49],[66.64,-1.48],[66.64,-1.46]]]}},{"type":"Feature","properties":{"precip":40},"geometry":{"type":"Polygon","coordinates":[[[81.15,-1.51],[81.15,-1.45],[81.22,-1.4],[81.26,-1.4],[81.33,-1.41],[81.33,-1.46],[81.37,-1.48],[81.37,-1.51],[81.33,-1.54],[81.33,-1.58],[81.26,-1.59],[81.22,-1.59],[81.15,-1.56],[81.15,-1.51]]]}},{"type":"Feature","properties":{"precip":40},"geometry":{"type":"Polygon","coordinates":[[[91.55,-1.58],[91.55,-1.48],[91.59,-1.45],[91.62,-1.43],[91.84,-1.4],[92.67,-1.4],[92.78,-1.41],[92.85,-1.41],[92.92,-1.45],[92.92,-1.48],[92.99,-1.48],[93.14,-1.51],[93.14,-1.54],[93.14,-1.56],[93.14,-1.59],[93.24,-1.59],[93.28,-1.61],[93.32,-1.64],[93.35,-1.69],[93.53,-1.83],[93.57,-1.91],[93.64,-1.96],[93.64,-1.99],[93.68,-2.04],[93.68,-2.08],[93.75,-2.14],[93.86,-2.18],[93.93,-2.19],[94.11,-2.19],[94.22,-2.21],[94.22,-2.23],[94.22,-2.26],[94.22,-2.31],[94.14,-2.36],[94.14,-2.37],[94.07,-2.39],[94.07,-2.36],[94.0,-2.34],[93.96,-2.31],[93.86,-2.31],[93.64,-2.31],[93.46,-2.32],[93.46,-2.36],[93.35,-2.41],[93.32,-2.41],[93.24,-2.36],[93.24,-2.32],[93.06,-2.31],[92.85,-2.31],[92.7,-2.28],[92.67,-2.28],[92.67,-2.24],[92.63,-2.24],[92.63,-2.21],[92.56,-2.19],[92.49,-2.19],[92.45,-2.18],[92.45,-2.13],[92.42,-2.11],[92.34,-2.11],[92.34,-2.09],[92.27,-2.08],[92.24,-2.06],[92.24,-2.03],[92.13,-1.99],[91.98,-1.99],[91.91,-1.99],[91.84,-1.96],[91.84,-1.91],[91.8,-1.89],[91.73,-1.89],[91.62,-1.84],[91.59,-1.76],[91.55,-1.71],[91.55,-1.58]]]}},{"type":"Feature","properties":{"precip":40},"geometry":{"type":"Polygon","coordinates":[[[87.3,-1.59],[87.3,-1.56],[87.38,-1.54],[87.38,-1.51],[87.41,-1.51],[87.45,-1.53],[87.45,-1.64],[87.48,-1.68],[87.48,-1.71],[87.52,-1.74],[87.52,-1.76],[87.48,-1.76],[87.45,-1.83],[87.45,-1.88],[87.48,-1.89],[87.59,-1.89],[87.63,-1.91],[87.66,-1.94],[87.63,-1.98],[87.63,-1.99],[87.59,-2.03],[87.59,-2.06],[87.66,-2.18],[87.7,-2.21],[87.74,-2.26],[87.92,-2.31],[87.92,-2.36],[87.92,-2.79],[87.95,-2.84],[87.95,-2.91],[88.1,-2.97],[88.1,-3.01],[88.13,-3.04],[88.13,-3.09],[88.17,-3.11],[88.17,-3.17],[88.24,-3.2],[88.35,-3.2],[88.46,-3.25],[88.49,-3.27],[88.49,-3.3],[88.53,-3.32],[88.53,-3.37],[88.49,-3.39],[88.49,-3.42],[88.38,-3.5],[88.38,-3.6],[88.38,-3.62],[88.38,-3.64],[88.46,-3.69],[88.53,-3.7],[88.56,-3.7],[88.67,-3.77],[88.74,-3.85],[88.74,-3.97],[88.71,-4.0],[88.6,-4.0],[88.56,-4.02],[88.56,-4.08],[88.6,-4.1],[88.67,-4.1],[88.74,-4.12],[88.74,-4.18],[88.67,-4.25],[88.67,-4.27],[88.71,-4.32],[88.78,-4.37],[88.82,-4.42],[88.89,-4.47],[89.0,-4.5],[89.03,-4.52],[89.14,-4.55],[89.18,-4.58],[89.25,-4.63],[89.36,-4.85],[89.36,-5.05],[89.39,-5.06],[89.39,-5.1],[89.43,-5.1],[89.43,-5.21],[89.46,-5.26],[89.46,-5.5],[89.43,-5.53],[89.43,-5.58],[89.36,-5.6],[89.14,-5.6],[89.03,-5.65],[89.03,-5.7],[89.03,-5.73],[89.03,-5.76],[88.96,-5.78],[88.89,-5.78],[88.74,-5.79],[87.81,-5.79],[87.48,-5.81],[86.84,-5.81],[86.58,-5.83],[86.55,-5.84],[86.55,-5.88],[86.51,-5.88],[86.4,-5.89],[86.3,-5.89],[86.19,-5.94],[86.12,-5.99],[86.01,-6.06],[86.01,-6.16],[85.97,-6.18],[85.97,-6.19],[85.97,-6.24],[85.9,-6.29],[85.9,-6.31],[85.86,-6.34],[85.86,-6.38],[85.9,-6.38],[85.94,-6.41],[85.94,-6.48],[85.86,-6.49],[85.76,-6.49],[85.65,-6.54],[85.65,-6.57],[85.76,-6.62],[85.76,-6.67],[85.68,-6.67],[85.54,-6.56],[85.5,-6.51],[85.43,-6.46],[85.25,-6.39],[85.14,-6.39],[85.14,-6.43],[85.11,-6.44],[85.11,-6.49],[85.04,-6.49],[85.04,-6.51],[84.93,-6.53],[84.93,-6.56],[84.89,-6.56],[84.89,-6.61],[84.89,-6.62],[84.86,-6.67],[84.71,-6.69],[84.64,-6.69],[84.6,-6.71],[84.5,-6.69],[84.46,-6.69],[84.35,-6.67],[84.28,-6.62],[84.14,-6.61],[83.85,-6.61],[83.7,-6.57],[83.6,-6.56],[83.6,-6.53],[83.56,-6.48],[83.56,-6.43],[83.6,-6.41],[83.63,-6.41],[83.63,-6.39],[83.74,-6.38],[83.74,-6.23],[83.7,-6.23],[83.7,-6.18],[83.63,-6.18],[83.63,-6.14],[83.6,-6.13],[83.6,-6.06],[83.56,-6.06],[83.56,-5.94],[83.52,-5.93],[83.52,-5.89],[83.42,-5.89],[83.42,-5.83],[83.63,-5.81],[84.03,-5.81],[84.21,-5.79],[84.71,-5.79],[84.93,-5.76],[84.93,-5.73],[84.89,-5.73],[84.89,-5.7],[84.86,-5.68],[84.86,-5.46],[84.82,-5.46],[84.82,-5.41],[84.78,-5.4],[84.39,-5.4],[84.28,-5.41],[84.24,-5.46],[84.14,-5.5],[83.81,-5.5],[83.74,-5.46],[83.81,-5.4],[84.03,-5.4],[84.06,-5.4],[84.17,-5.4],[84.24,-5.36],[84.24,-5.33],[84.21,-5.3],[84.14,-5.3],[84.03,-5.28],[84.03,-5.26],[83.96,-5.15],[83.85,-5.1],[83.81,-5.1],[83.74,-5.06],[83.74,-5.03],[83.63,-5.01],[83.63,-5.05],[83.6,-5.06],[83.6,-5.1],[83.56,-5.1],[83.56,-5.03],[83.6,-5.03],[83.6,-5.01],[83.6,-4.96],[83.7,-4.95],[83.81,-4.91],[84.03,-4.9],[84.42,-4.9],[84.6,-4.91],[84.68,-4.95],[84.71,-4.96],[84.71,-5.01],[84.78,-5.03],[84.78,-5.06],[84.82,-5.1],[84.82,-5.13],[84.89,-5.18],[84.89,-5.23],[85.0,-5.28],[85.11,-5.3],[85.22,-5.3],[85.29,-5.28],[85.32,-5.25],[85.36,-5.2],[85.43,-5.18],[85.43,-5.15],[85.47,-5.13],[85.54,-5.1],[85.58,-5.1],[85.65,-5.06],[85.65,-4.93],[85.58,-4.91],[85.58,-4.9],[85.54,-4.9],[85.54,-4.83],[85.54,-4.8],[85.54,-4.62],[85.5,-4.6],[85.47,-4.6],[85.47,-4.48],[85.43,-4.47],[85.43,-4.42],[85.36,-4.4],[85.32,-4.42],[85.32,-4.52],[85.32,-4.55],[85.32,-4.58],[85.29,-4.62],[85.22,-4.67],[85.22,-4.7],[85.14,-4.7],[85.14,-4.67],[85.11,-4.65],[85.11,-4.35],[85.11,-4.3],[85.04,-4.3],[84.89,-4.3],[84.86,-4.25],[84.86,-4.18],[84.89,-4.13],[84.89,-4.08],[84.93,-4.05],[85.0,-4.0],[85.04,-3.97],[85.04,-3.92],[84.93,-3.89],[84.93,-3.82],[85.0,-3.82],[85.0,-3.8],[85.07,-3.74],[85.11,-3.7],[85.11,-3.69],[85.11,-3.64],[85.11,-3.54],[85.14,-3.52],[85.25,-3.5],[85.47,-3.5],[85.54,-3.47],[85.54,-3.32],[85.47,-3.29],[85.47,-3.16],[85.5,-3.14],[85.5,-3.09],[85.54,-3.04],[85.54,-3.01],[85.58,-2.99],[85.58,-2.96],[85.65,-2.92],[85.65,-2.74],[85.72,-2.71],[85.79,-2.71],[85.9,-2.69],[85.94,-2.69],[85.94,-2.61],[85.86,-2.59],[85.86,-2.52],[85.97,-2.49],[86.01,-2.49],[86.12,-2.51],[86.15,-2.54],[86.15,-2.67],[86.08,-2.69],[85.97,-2.72],[85.97,-2.74],[85.94,-2.76],[85.97,-2.79],[85.97,-2.81],[86.01,-2.84],[86.01,-2.87],[85.97,-2.87],[85.97,-2.91],[85.97,-3.02],[85.94,-3.06],[85.94,-3.14],[85.97,-3.17],[85.97,-3.29],[86.01,-3.34],[86.01,-3.37],[85.97,-3.39],[85.97,-3.47],[85.94,-3.5],[85.97,-3.54],[85.97,-3.57],[86.01,-3.6],[86.12,-3.62],[86.15,-3.65],[86.19,-3.7],[86.19,-3.8],[86.08,-3.9],[86.08,-4.0],[86.15,-4.03],[86.15,-4.05],[86.19,-4.07],[86.22,-4.1],[86.37,-4.1],[86.4,-4.12],[86.4,-4.17],[86.58,-4.2],[86.66,-4.2],[86.76,-4.25],[86.76,-4.27],[86.66,-4.3],[86.62,-4.32],[86.62,-4.45],[86.62,-4.48],[86.62,-4.5],[86.55,-4.52],[86.55,-4.57],[86.62,-4.6],[86.73,-4.6],[86.84,-4.62],[86.84,-4.73],[86.84,-4.77],[86.94,-4.78],[87.02,-4.8],[87.05,-4.8],[87.16,-4.78],[87.23,-4.78],[87.38,-4.73],[87.41,-4.7],[87.41,-4.65],[87.45,-4.6],[87.45,-4.43],[87.38,-4.4],[87.23,-4.4],[87.16,-4.37],[87.16,-4.12],[87.23,-4.1],[87.27,-4.1],[87.3,-4.08],[87.3,-4.02],[87.27,-4.0],[87.2,-4.0],[87.16,-3.97],[87.16,-3.84],[87.09,-3.82],[87.09,-3.8],[87.05,-3.8],[87.05,-3.77],[87.05,-3.75],[87.05,-3.54],[87.05,-3.52],[87.05,-3.5],[87.09,-3.5],[87.09,-3.42],[87.16,-3.39],[87.16,-3.11],[87.09,-3.07],[87.09,-3.01],[87.05,-3.01],[87.05,-2.97],[87.05,-2.81],[87.02,-2.77],[87.02,-2.72],[86.98,-2.71],[86.98,-2.67],[86.94,-2.62],[86.84,-2.54],[86.8,-2.51],[86.8,-2.49],[86.76,-2.47],[86.8,-2.42],[86.8,-2.41],[86.84,-2.32],[86.87,-2.31],[86.87,-2.28],[86.98,-2.24],[87.05,-2.21],[87.05,-2.19],[87.09,-2.19],[87.09,-2.14],[87.16,-2.13],[87.16,-1.93],[87.2,-1.89],[87.23,-1.89],[87.23,-1.84],[87.27,-1.83],[87.27,-1.69],[87.3,-1.69],[87.3,-1.59]]]}},{"type":"Feature","properties":{"precip":40},"geometry":{"type":"Polygon","coordinates":[[[62.94,-1.64],[62.97,-1.64],[62.97,-1.61],[63.01,-1.59],[63.04,-1.61],[63.04,-1.69],[62.97,-1.69],[62.97,-1.66],[62.94,-1.64]]]}},{"type":"Feature","properties":{"precip":40},"geometry":{"type":"Polygon","coordinates":[[[90.62,-1.69],[90.62,-1.68],[90.69,-1.63],[90.76,-1.61],[90.76,-1.59],[90.83,-1.59],[90.9,-1.63],[90.98,-1.66],[90.98,-1.71],[91.08,-1.76],[91.08,-1.78],[91.16,-1.81],[91.19,-1.83],[91.19,-1.86],[91.26,-1.88],[91.26,-2.08],[91.34,-2.11],[91.34,-2.36],[91.26,-2.39],[91.16,-2.41],[90.87,-2.41],[90.76,-2.42],[90.76,-2.47],[90.72,-2.49],[90.65,-2.49],[90.54,-2.52],[90.51,-2.57],[90.51,-2.61],[90.47,-2.61],[90.47,-2.64],[90.44,-2.67],[90.33,-2.69],[90.29,-2.71],[90.22,-2.76],[90.22,-2.79],[90.18,-2.79],[90.18,-2.76],[90.11,-2.71],[90.04,-2.71],[89.97,-2.69],[89.97,-2.64],[89.9,-2.61],[89.82,-2.61],[89.75,-2.57],[89.75,-2.52],[89.68,-2.49],[89.61,-2.49],[89.57,-2.47],[89.57,-2.42],[89.54,-2.41],[89.54,-2.31],[89.46,-2.29],[89.46,-2.13],[89.46,-2.11],[89.61,-2.11],[89.68,-2.09],[89.75,-2.06],[89.75,-2.03],[89.86,-1.99],[89.97,-1.99],[90.04,-1.98],[90.04,-1.94],[90.11,-1.91],[90.18,-1.89],[90.29,-1.89],[90.33,-1.86],[90.33,-1.83],[90.44,-1.81],[90.51,-1.78],[90.51,-1.76],[90.54,-1.74],[90.54,-1.71],[90.62,-1.69]]]}},{"type":"Feature","properties":{"precip":40},"geometry":{"type":"Polygon","coordinates":[[[63.37,-1.94],[63.37,-1.81],[63.4,-1.81],[63.44,-1.83],[63.44,-2.08],[63.37,-2.09],[63.37,-1.94]]]}},{"type":"Feature","properties":{"precip":40},"geometry":{"type":"Polygon","coordinates":[[[27.84,-2.06],[27.84,-2.04],[27.91,-2.03],[28.02,-1.99],[28.2,-1.99],[28.35,-2.03],[28.35,-2.06],[28.27,-2.09],[28.2,-2.11],[28.13,-2.11],[28.06,-2.13],[28.06,-2.42],[28.02,-2.44],[28.02,-2.49],[27.99,-2.49],[27.99,-2.47],[27.95,-2.44],[27.95,-2.16],[27.91,-2.13],[27.91,-2.11],[27.84,-2.06]]]}},{"type":"Feature","properties":{"precip":40},"geometry":{"type":"Polygon","coordinates":[[[28.24,-2.24],[28.27,-2.23],[28.27,-2.19],[28.35,-2.21],[28.35,-2.29],[28.27,-2.31],[28.27,-2.28],[28.24,-2.28],[28.24,-2.24]]]}},{"type":"Feature","properties":{"precip":40},"geometry":{"type":"Polygon","coordinates":[[[27.73,-2.49],[27.77,-2.47],[27.77,-2.31],[27.81,-2.31],[27.84,-2.34],[27.84,-2.61],[27.88,-2.64],[27.88,-2.69],[27.95,-2.71],[28.02,-2.72],[28.02,-2.74],[28.06,-2.77],[28.06,-2.89],[27.99,-3.02],[27.91,-3.09],[27.88,-3.14],[27.77,-3.19],[27.77,-3.16],[27.73,-3.14],[27.66,-3.09],[27.59,-3.11],[27.55,-3.14],[27.55,-3.35],[27.52,-3.37],[27.52,-3.39],[27.48,-3.39],[27.48,-3.35],[27.45,-3.34],[27.45,-3.14],[27.37,-3.09],[27.3,-3.09],[27.27,-3.09],[27.27,-3.02],[27.3,-3.01],[27.45,-3.01],[27.52,-2.97],[27.55,-2.96],[27.55,-2.76],[27.59,-2.72],[27.59,-2.71],[27.66,-2.71],[27.66,-2.69],[27.73,-2.69],[27.73,-2.49]]]}},{"type":"Feature","properties":{"precip":40},"geometry":{"type":"Polygon","coordinates":[[[28.24,-2.54],[28.27,-2.52],[28.27,-2.49],[28.35,-2.51],[28.35,-2.59],[28.27,-2.61],[28.27,-2.57],[28.24,-2.57],[28.24,-2.54]]]}},{"type":"Feature","properties":{"precip":40},"geometry":{"type":"Polygon","coordinates":[[[86.22,-2.54],[86.22,-2.51],[86.33,-2.51],[86.33,-2.54],[86.37,-2.54],[86.37,-2.56],[86.33,-2.57],[86.33,-2.61],[86.22,-2.59],[86.22,-2.54]]]}},{"type":"Feature","properties":{"precip":40},"geometry":{"type":"Polygon","coordinates":[[[93.64,-2.61],[93.64,-2.57],[93.68,-2.56],[93.68,-2.51],[93.71,-2.49],[93.78,-2.49],[93.86,-2.54],[93.86,-2.56],[94.07,-2.61],[94.4,-2.61],[94.43,-2.61],[94.54,-2.61],[94.54,-2.67],[94.5,-2.69],[94.5,-2.72],[94.43,-2.76],[94.36,-2.79],[94.22,-2.79],[93.93,-2.79],[93.86,-2.74],[93.78,-2.71],[93.75,-2.71],[93.68,-2.69],[93.68,-2.64],[93.64,-2.62],[93.64,-2.61]]]}},{"type":"Feature","properties":{"precip":40},"geometry":{"type":"Polygon","coordinates":[[[74.96,-3.04],[74.96,-3.01],[75.03,-3.01],[75.03,-3.04],[75.07,-3.04],[75.03,-3.07],[75.03,-3.09],[74.96,-3.09],[74.96,-3.04]]]}},{"type":"Feature","properties":{"precip":40},"geometry":{"type":"Polygon","coordinates":[[[75.14,-3.04],[75.17,-3.01],[75.25,-3.01],[75.25,-3.09],[75.17,-3.09],[75.14,-3.07],[75.14,-3.04]]]}},{"type":"Feature","properties":{"precip":40},"geometry":{"type":"Polygon","coordinates":[[[77.44,-3.04],[77.48,-3.01],[77.55,-3.02],[77.55,-3.09],[77.48,-3.09],[77.44,-3.07],[77.44,-3.04]]]}},{"type":"Feature","properties":{"precip":40},"geometry":{"type":"Polygon","coordinates":[[[76.83,-3.39],[76.9,-3.29],[76.97,-3.24],[77.12,-3.2],[77.23,-3.2],[77.33,-3.24],[77.33,-3.25],[77.41,-3.29],[77.48,-3.29],[77.51,-3.3],[77.69,-3.3],[77.73,-3.32],[77.73,-3.35],[77.77,-3.39],[77.77,-3.44],[77.73,-3.49],[77.73,-3.57],[77.66,-3.65],[77.55,-3.7],[77.51,-3.7],[77.44,-3.74],[77.44,-3.77],[77.41,-3.8],[77.3,-3.8],[77.26,-3.82],[77.26,-3.87],[77.23,-3.87],[77.19,-3.9],[77.12,-3.9],[77.08,-3.9],[76.9,-3.9],[76.87,-3.92],[76.87,-4.08],[76.83,-4.12],[76.83,-4.18],[76.79,-4.2],[76.69,-4.2],[76.65,-4.25],[76.54,-4.3],[76.36,-4.3],[76.25,-4.3],[76.15,-4.35],[76.15,-4.37],[76.04,-4.4],[76.0,-4.4],[75.89,-4.37],[75.79,-4.3],[75.75,-4.25],[75.82,-4.18],[75.82,-4.17],[75.86,-4.13],[75.82,-4.12],[75.79,-4.12],[75.79,-4.07],[75.75,-4.07],[75.75,-3.94],[75.82,-3.9],[76.0,-3.9],[76.04,-3.9],[76.11,-3.9],[76.15,-3.87],[76.15,-3.82],[76.25,-3.8],[76.36,-3.8],[76.43,-3.77],[76.43,-3.75],[76.47,-3.72],[76.54,-3.7],[76.58,-3.7],[76.65,-3.69],[76.65,-3.57],[76.69,-3.55],[76.69,-3.52],[76.79,-3.4],[76.83,-3.39]]]}},{"type":"Feature","properties":{"precip":40},"geometry":{"type":"Polygon","coordinates":[[[71.93,-3.39],[71.97,-3.37],[71.97,-3.34],[72.04,-3.3],[72.4,-3.3],[72.44,-3.35],[72.44,-3.57],[72.4,-3.59],[72.33,-3.6],[72.33,-3.59],[72.26,-3.57],[72.26,-3.54],[72.22,-3.52],[72.15,-3.5],[72.04,-3.5],[71.97,-3.47],[71.97,-3.42],[71.93,-3.39]]]}},{"type":"Feature","properties":{"precip":40},"geometry":{"type":"Polygon","coordinates":[[[64.95,-3.65],[64.95,-3.62],[64.99,-3.6],[65.06,-3.62],[65.06,-3.69],[65.02,-3.7],[64.95,-3.69],[64.95,-3.65]]]}},{"type":"Feature","properties":{"precip":40},"geometry":{"type":"Polygon","coordinates":[[[64.66,-3.75],[64.66,-3.72],[64.74,-3.7],[64.77,-3.7],[64.84,-3.72],[64.84,-3.77],[64.81,-3.8],[64.7,-3.8],[64.66,-3.8],[64.66,-3.75]]]}},{"type":"Feature","properties":{"precip":40},"geometry":{"type":"Polygon","coordinates":[[[72.26,-3.75],[72.26,-3.72],[72.33,-3.7],[72.37,-3.7],[72.44,-3.72],[72.44,-3.8],[72.4,-3.8],[72.33,-3.8],[72.26,-3.77],[72.26,-3.75]]]}},{"type":"Feature","properties":{"precip":40},"geometry":{"type":"Polygon","coordinates":[[[64.74,-3.94],[64.81,-3.9],[64.88,-3.9],[64.95,-3.94],[64.95,-4.07],[64.88,-4.1],[64.88,-4.12],[64.84,-4.13],[64.84,-4.25],[64.88,-4.25],[64.88,-4.28],[64.95,-4.3],[65.06,-4.35],[65.06,-4.37],[65.13,-4.38],[65.13,-4.35],[65.17,-4.35],[65.17,-4.3],[65.24,-4.32],[65.24,-4.35],[65.28,-4.37],[65.28,-4.38],[65.38,-4.35],[65.42,-4.3],[65.42,-4.25],[65.46,-4.22],[65.46,-4.13],[65.49,-4.12],[65.56,-4.1],[65.74,-4.1],[65.82,-4.12],[65.85,-4.12],[65.85,-4.18],[65.92,-4.18],[65.92,-4.2],[66.0,-4.2],[66.03,-4.25],[66.03,-4.28],[66.07,-4.3],[66.07,-4.38],[66.14,-4.38],[66.14,-4.27],[66.18,-4.25],[66.18,-4.22],[66.21,-4.2],[66.39,-4.2],[66.43,-4.22],[66.43,-4.25],[66.46,-4.27],[66.46,-4.37],[66.5,-4.4],[66.57,-4.4],[66.64,-4.43],[66.64,-4.78],[66.54,-4.8],[66.43,-4.8],[66.36,-4.83],[66.36,-4.87],[66.32,-4.9],[66.21,-4.9],[66.14,-4.85],[66.14,-4.82],[66.1,-4.8],[66.03,-4.8],[65.96,-4.78],[65.96,-4.75],[65.92,-4.73],[65.85,-4.73],[65.82,-4.72],[65.74,-4.72],[65.64,-4.7],[65.24,-4.7],[65.1,-4.68],[64.88,-4.67],[64.81,-4.63],[64.77,-4.6],[64.77,-4.55],[64.74,-4.48],[64.74,-4.42],[64.7,-4.4],[64.7,-4.37],[64.66,-4.37],[64.66,-4.35],[64.74,-4.3],[64.74,-4.18],[64.77,-4.17],[64.77,-4.1],[64.81,-4.07],[64.84,-4.07],[64.84,-4.03],[64.81,-4.02],[64.77,-4.02],[64.77,-3.97],[64.74,-3.94]]]}},{"type":"Feature","properties":{"precip":40},"geometry":{"type":"Polygon","coordinates":[[[72.26,-3.95],[72.26,-3.92],[72.29,-3.9],[72.4,-3.9],[72.44,-3.92],[72.44,-3.99],[72.4,-4.0],[72.29,-4.0],[72.26,-3.99],[72.26,-3.95]]]}},{"type":"Feature","properties":{"precip":40},"geometry":{"type":"Polygon","coordinates":[[[28.24,-4.05],[28.27,-4.02],[28.27,-4.0],[28.35,-4.02],[28.35,-4.08],[28.27,-4.1],[28.27,-4.07],[28.24,-4.07],[28.24,-4.05]]]}},{"type":"Feature","properties":{"precip":40},"geometry":{"type":"Polygon","coordinates":[[[73.45,-4.1],[73.45,-4.07],[73.48,-4.02],[73.52,-4.02],[73.63,-4.0],[73.7,-4.02],[73.81,-4.1],[73.84,-4.13],[73.84,-4.3],[73.77,-4.3],[73.77,-4.38],[73.73,-4.4],[73.73,-4.48],[73.66,-4.48],[73.66,-4.37],[73.63,-4.35],[73.63,-4.3],[73.59,-4.3],[73.59,-4.32],[73.55,-4.35],[73.55,-4.47],[73.48,-4.5],[73.41,-4.5],[73.34,-4.45],[73.37,-4.4],[73.45,-4.37],[73.45,-4.35],[73.41,-4.32],[73.41,-4.3],[73.37,-4.28],[73.37,-4.22],[73.45,-4.17],[73.45,-4.1]]]}},{"type":"Feature","properties":{"precip":40},"geometry":{"type":"Polygon","coordinates":[[[77.33,-4.15],[77.33,-4.12],[77.44,-4.1],[77.55,-4.1],[77.62,-4.12],[77.62,-4.13],[77.66,-4.17],[77.66,-4.35],[77.62,-4.37],[77.55,-4.4],[77.33,-4.4],[77.3,-4.38],[77.23,-4.38],[77.12,-4.37],[77.08,-4.3],[77.08,-4.27],[77.05,-4.25],[77.12,-4.2],[77.23,-4.2],[77.33,-4.18],[77.33,-4.15]]]}},{"type":"Feature","properties":{"precip":40},"geometry":{"type":"Polygon","coordinates":[[[27.55,-4.25],[27.55,-4.22],[27.63,-4.2],[27.63,-4.27],[27.66,-4.3],[27.66,-4.42],[27.63,-4.45],[27.63,-4.48],[27.55,-4.5],[27.45,-4.5],[27.45,-4.48],[27.37,-4.48],[27.37,-4.45],[27.34,-4.42],[27.34,-4.37],[27.37,-4.37],[27.37,-4.3],[27.45,-4.3],[27.52,-4.3],[27.55,-4.25]]]}},{"type":"Feature","properties":{"precip":40},"geometry":{"type":"Polygon","coordinates":[[[66.54,-4.25],[66.57,-4.25],[66.57,-4.2],[66.64,-4.2],[66.64,-4.3],[66.57,-4.3],[66.57,-4.27],[66.54,-4.25]]]}},{"type":"Feature","properties":{"precip":40},"geometry":{"type":"Polygon","coordinates":[[[28.56,-4.45],[28.56,-4.42],[28.63,-4.4],[28.63,-4.48],[28.6,-4.5],[28.56,-4.48],[28.56,-4.45]]]}},{"type":"Feature","properties":{"precip":40},"geometry":{"type":"Polygon","coordinates":[[[77.3,-4.6],[77.33,-4.55],[77.44,-4.52],[77.51,-4.5],[78.16,-4.5],[78.23,-4.52],[78.34,-4.55],[78.34,-4.58],[78.23,-4.6],[78.16,-4.6],[78.05,-4.63],[78.05,-4.67],[77.98,-4.67],[77.98,-4.7],[77.91,-4.7],[77.77,-4.75],[77.66,-4.85],[77.55,-4.91],[77.48,-5.05],[77.44,-5.1],[77.44,-5.15],[77.41,-5.18],[77.33,-5.28],[77.26,-5.33],[77.23,-5.36],[77.12,-5.4],[77.08,-5.4],[77.08,-5.46],[77.05,-5.46],[77.05,-5.56],[77.01,-5.58],[77.01,-5.6],[76.9,-5.6],[76.87,-5.63],[76.87,-5.73],[76.83,-5.76],[76.83,-5.78],[76.79,-5.79],[76.69,-5.79],[76.69,-5.81],[76.61,-5.81],[76.54,-5.84],[76.54,-5.88],[76.47,-5.88],[76.43,-5.89],[76.15,-5.89],[75.97,-5.93],[75.97,-5.98],[76.04,-5.99],[76.22,-5.99],[76.25,-6.03],[76.4,-6.13],[76.47,-6.18],[76.54,-6.24],[76.58,-6.24],[76.58,-6.28],[76.65,-6.31],[76.69,-6.31],[76.79,-6.38],[76.83,-6.43],[76.83,-6.49],[76.76,-6.53],[76.76,-6.57],[76.79,-6.61],[76.87,-6.61],[76.9,-6.62],[77.01,-6.71],[77.01,-6.72],[77.12,-6.79],[77.19,-6.79],[77.48,-6.79],[77.55,-6.76],[77.55,-6.67],[77.55,-6.61],[77.62,-6.61],[77.77,-6.61],[77.84,-6.62],[77.84,-6.67],[77.87,-6.67],[77.95,-6.69],[77.95,-6.71],[77.98,-6.71],[78.05,-6.72],[78.05,-6.76],[78.16,-6.79],[78.41,-6.79],[78.56,-6.76],[78.56,-6.72],[78.59,-6.71],[78.63,-6.71],[78.63,-6.69],[78.74,-6.67],[78.81,-6.62],[78.85,-6.61],[79.06,-6.61],[79.24,-6.61],[80.11,-6.61],[80.29,-6.61],[80.36,-6.64],[80.47,-6.67],[80.54,-6.72],[80.54,-6.97],[80.47,-7.04],[80.36,-7.07],[80.25,-7.11],[80.07,-7.11],[80.03,-7.11],[79.93,-7.11],[79.85,-7.14],[79.85,-7.17],[79.75,-7.21],[79.71,-7.21],[79.53,-7.16],[79.49,-7.12],[79.49,-7.11],[79.49,-7.07],[79.46,-7.06],[79.46,-6.94],[79.42,-6.92],[79.42,-6.91],[79.39,-6.91],[79.31,-6.92],[79.31,-7.06],[79.28,-7.11],[78.85,-7.11],[78.77,-7.07],[78.74,-7.02],[78.74,-6.92],[78.63,-6.91],[78.56,-6.91],[78.41,-6.92],[78.41,-6.97],[78.38,-6.97],[78.31,-7.01],[78.13,-7.01],[78.13,-7.02],[78.05,-7.02],[78.05,-7.06],[77.98,-7.09],[77.95,-7.06],[77.95,-7.02],[77.91,-7.02],[77.87,-6.97],[77.77,-6.91],[77.77,-7.06],[77.73,-7.09],[77.73,-7.16],[77.69,-7.19],[77.69,-7.22],[77.66,-7.27],[77.51,-7.29],[77.44,-7.24],[77.44,-7.12],[77.33,-7.11],[77.3,-7.11],[77.26,-7.09],[77.26,-7.04],[77.19,-7.01],[77.01,-7.01],[76.9,-7.04],[76.9,-7.09],[76.87,-7.11],[76.76,-7.14],[76.69,-7.19],[76.69,-7.21],[76.65,-7.26],[76.65,-7.27],[76.69,-7.29],[76.69,-7.31],[76.79,-7.31],[76.87,-7.34],[76.83,-7.37],[76.83,-7.39],[76.76,-7.41],[76.76,-7.47],[76.83,-7.5],[76.9,-7.5],[76.9,-7.52],[76.9,-7.57],[76.87,-7.6],[76.83,-7.6],[76.79,-7.64],[76.69,-7.65],[76.69,-7.69],[76.69,-7.7],[76.69,-7.72],[76.65,-7.74],[76.65,-7.77],[76.58,-7.8],[76.47,-7.8],[76.43,-7.84],[76.43,-7.89],[76.36,-7.87],[76.36,-7.85],[76.25,-7.82],[76.18,-7.82],[76.11,-7.8],[75.79,-7.8],[75.61,-7.77],[75.53,-7.75],[75.53,-7.7],[75.46,-7.7],[75.39,-7.7],[75.35,-7.69],[75.35,-7.64],[75.32,-7.6],[75.25,-7.6],[75.14,-7.57],[75.14,-7.52],[75.07,-7.5],[74.96,-7.5],[74.89,-7.47],[74.85,-7.47],[74.85,-7.42],[74.78,-7.39],[74.71,-7.39],[74.67,-7.39],[74.67,-7.36],[74.63,-7.34],[74.6,-7.31],[74.53,-7.31],[74.49,-7.27],[74.45,-7.27],[74.45,-7.22],[74.42,-7.21],[74.35,-7.21],[74.27,-7.16],[74.17,-7.06],[74.17,-6.92],[74.24,-6.86],[74.27,-6.84],[74.27,-6.81],[74.31,-6.79],[74.31,-6.76],[74.35,-6.72],[74.35,-6.56],[74.31,-6.54],[74.31,-6.51],[74.24,-6.44],[74.2,-6.41],[74.2,-6.38],[74.17,-6.34],[74.17,-5.93],[74.2,-5.89],[74.24,-5.89],[74.24,-5.73],[74.2,-5.7],[74.13,-5.7],[74.06,-5.68],[74.06,-5.46],[74.13,-5.4],[74.27,-5.4],[74.42,-5.38],[74.45,-5.36],[74.45,-5.33],[74.42,-5.31],[74.35,-5.3],[74.2,-5.3],[74.17,-5.28],[74.17,-5.23],[74.24,-5.16],[74.24,-5.15],[74.35,-5.11],[74.45,-5.1],[74.63,-5.1],[74.67,-5.1],[74.78,-5.1],[74.81,-5.06],[74.85,-5.06],[74.85,-5.03],[74.89,-5.01],[74.99,-5.01],[75.07,-5.01],[75.1,-5.03],[75.17,-5.06],[75.21,-5.1],[75.21,-5.13],[75.25,-5.15],[75.35,-5.2],[75.75,-5.2],[75.82,-5.16],[75.86,-5.15],[75.86,-5.06],[75.93,-4.96],[76.0,-4.91],[76.15,-4.83],[76.22,-4.8],[76.33,-4.8],[76.33,-4.78],[76.4,-4.78],[76.43,-4.78],[76.43,-4.75],[76.47,-4.73],[76.69,-4.7],[77.05,-4.7],[77.12,-4.68],[77.19,-4.68],[77.26,-4.65],[77.3,-4.6]],[[74.56,-5.76],[74.53,-5.71],[74.49,-5.7],[74.42,-5.7],[74.35,-5.73],[74.35,-5.76],[74.38,-5.79],[74.49,-5.79],[74.56,-5.76]],[[77.66,-6.86],[77.66,-6.82],[77.62,-6.79],[77.55,-6.81],[77.55,-6.89],[77.62,-6.89],[77.66,-6.89],[77.66,-6.86]]]}},{"type":"Feature","properties":{"precip":40},"geometry":{"type":"Polygon","coordinates":[[[73.05,-4.65],[73.05,-4.6],[73.09,-4.6],[73.16,-4.63],[73.16,-4.67],[73.27,-4.75],[73.27,-4.78],[73.3,-4.78],[73.34,-4.8],[73.41,-4.8],[73.45,-4.83],[73.45,-5.06],[73.41,-5.1],[73.34,-5.1],[73.23,-5.1],[73.12,-5.1],[73.05,-5.1],[72.98,-5.06],[72.94,-5.03],[72.87,-4.95],[72.87,-4.9],[72.83,-4.83],[72.87,-4.78],[72.87,-4.72],[72.98,-4.7],[73.05,-4.67],[73.05,-4.65]],[[73.34,-4.95],[73.34,-4.91],[73.27,-4.91],[73.27,-5.01],[73.34,-5.01],[73.34,-4.95]]]}},{"type":"Feature","properties":{"precip":40},"geometry":{"type":"Polygon","coordinates":[[[84.93,-4.8],[84.93,-4.63],[85.0,-4.6],[85.04,-4.62],[85.04,-4.98],[85.0,-4.98],[84.93,-4.96],[84.93,-4.8]]]}},{"type":"Feature","properties":{"precip":40},"geometry":{"type":"Polygon","coordinates":[[[78.63,-4.78],[78.63,-4.73],[78.74,-4.7],[78.77,-4.7],[78.85,-4.73],[78.85,-5.01],[78.81,-5.01],[78.67,-4.91],[78.67,-4.88],[78.63,-4.85],[78.63,-4.78]]]}},{"type":"Feature","properties":{"precip":40},"geometry":{"type":"Polygon","coordinates":[[[78.95,-4.85],[78.95,-4.83],[79.03,-4.8],[79.17,-4.8],[79.24,-4.82],[79.24,-4.88],[79.17,-4.9],[79.03,-4.9],[78.95,-4.87],[78.95,-4.85]]]}},{"type":"Feature","properties":{"precip":40},"geometry":{"type":"Polygon","coordinates":[[[80.14,-5.15],[80.14,-5.13],[80.14,-5.1],[80.25,-5.11],[80.25,-5.18],[80.14,-5.2],[80.14,-5.15]]]}},{"type":"Feature","properties":{"precip":40},"geometry":{"type":"Polygon","coordinates":[[[83.2,-5.15],[83.2,-5.13],[83.27,-5.1],[83.34,-5.13],[83.34,-5.15],[83.42,-5.23],[83.42,-5.28],[83.38,-5.3],[83.38,-5.33],[83.34,-5.35],[83.38,-5.4],[83.52,-5.4],[83.56,-5.43],[83.56,-5.46],[83.52,-5.5],[83.42,-5.5],[83.38,-5.51],[83.34,-5.53],[83.34,-5.56],[83.38,-5.58],[83.49,-5.6],[83.7,-5.6],[83.78,-5.61],[83.81,-5.65],[83.81,-5.68],[83.74,-5.7],[83.63,-5.7],[83.6,-5.7],[83.16,-5.7],[83.06,-5.71],[82.95,-5.73],[82.88,-5.81],[82.88,-5.83],[82.84,-5.86],[82.73,-5.89],[82.73,-5.83],[82.77,-5.81],[82.77,-5.78],[82.84,-5.76],[82.95,-5.63],[82.95,-5.55],[82.91,-5.51],[82.84,-5.5],[82.73,-5.48],[82.73,-5.41],[82.77,-5.4],[82.88,-5.4],[82.95,-5.33],[82.95,-5.3],[82.98,-5.28],[82.98,-5.26],[83.09,-5.23],[83.16,-5.2],[83.2,-5.18],[83.2,-5.15]]]}},{"type":"Feature","properties":{"precip":40},"geometry":{"type":"Polygon","coordinates":[[[79.71,-5.35],[79.75,-5.31],[79.82,-5.3],[79.89,-5.3],[79.93,-5.33],[79.93,-5.36],[79.89,-5.4],[79.82,-5.4],[79.71,-5.35]]]}},{"type":"Feature","properties":{"precip":40},"geometry":{"type":"Polygon","coordinates":[[[80.61,-5.76],[80.61,-5.73],[80.68,-5.7],[80.75,-5.71],[80.75,-5.76],[80.79,-5.79],[80.9,-5.79],[80.93,-5.81],[81.01,-5.81],[81.01,-5.83],[81.01,-5.98],[80.9,-5.99],[80.5,-5.99],[80.47,-5.99],[80.36,-5.99],[80.36,-5.94],[80.36,-5.83],[80.36,-5.81],[80.47,-5.81],[80.5,-5.79],[80.57,-5.79],[80.61,-5.76]]]}},{"type":"Feature","properties":{"precip":40},"geometry":{"type":"Polygon","coordinates":[[[23.45,-5.84],[23.45,-5.81],[23.56,-5.79],[23.63,-5.81],[23.67,-5.84],[23.59,-5.89],[23.52,-5.89],[23.45,-5.88],[23.45,-5.84]]]}},{"type":"Feature","properties":{"precip":40},"geometry":{"type":"Polygon","coordinates":[[[22.05,-6.24],[22.05,-6.23],[22.08,-6.19],[22.12,-6.19],[22.15,-6.23],[22.15,-6.28],[22.12,-6.31],[22.05,-6.28],[22.05,-6.24]]]}},{"type":"Feature","properties":{"precip":40},"geometry":{"type":"Polygon","coordinates":[[[77.66,-6.41],[77.66,-6.34],[77.73,-6.31],[77.77,-6.31],[77.87,-6.36],[77.95,-6.44],[77.95,-6.49],[77.91,-6.49],[77.73,-6.49],[77.66,-6.48],[77.66,-6.41]]]}},{"type":"Feature","properties":{"precip":40},"geometry":{"type":"Polygon","coordinates":[[[25.14,-6.53],[25.18,-6.49],[25.25,-6.51],[25.25,-6.59],[25.21,-6.61],[25.14,-6.57],[25.14,-6.56],[25.14,-6.53]]]}},{"type":"Feature","properties":{"precip":40},"geometry":{"type":"Polygon","coordinates":[[[77.33,-6.67],[77.33,-6.64],[77.33,-6.61],[77.44,-6.61],[77.44,-6.69],[77.33,-6.69],[77.33,-6.67]]]}},{"type":"Feature","properties":{"precip":40},"geometry":{"type":"Polygon","coordinates":[[[24.35,-7.16],[24.35,-7.12],[24.42,-7.11],[24.53,-7.11],[24.53,-7.14],[24.57,-7.14],[24.57,-7.16],[24.49,-7.21],[24.42,-7.21],[24.35,-7.17],[24.35,-7.16]]]}},{"type":"Feature","properties":{"precip":40},"geometry":{"type":"Polygon","coordinates":[[[84.14,-7.21],[84.14,-7.16],[84.17,-7.14],[84.17,-7.11],[84.21,-7.11],[84.28,-7.21],[84.28,-7.22],[84.35,-7.26],[84.35,-7.27],[84.24,-7.29],[84.17,-7.27],[84.17,-7.24],[84.14,-7.22],[84.14,-7.21]]]}},{"type":"Feature","properties":{"precip":40},"geometry":{"type":"Polygon","coordinates":[[[21.15,-7.26],[21.15,-7.22],[21.18,-7.21],[21.22,-7.21],[21.26,-7.22],[21.26,-7.27],[21.22,-7.27],[21.22,-7.31],[21.18,-7.31],[21.18,-7.27],[21.15,-7.27],[21.15,-7.26]]]}},{"type":"Feature","properties":{"precip":40},"geometry":{"type":"Polygon","coordinates":[[[24.35,-7.34],[24.39,-7.31],[24.49,-7.31],[24.57,-7.34],[24.49,-7.39],[24.39,-7.39],[24.35,-7.39],[24.35,-7.34]]]}},{"type":"Feature","properties":{"precip":40},"geometry":{"type":"Polygon","coordinates":[[[24.42,-7.57],[24.42,-7.55],[24.49,-7.5],[24.53,-7.5],[24.57,-7.52],[24.53,-7.55],[24.53,-7.59],[24.46,-7.64],[24.42,-7.69],[24.35,-7.67],[24.35,-7.64],[24.42,-7.57]]]}},{"type":"Feature","properties":{"precip":40},"geometry":{"type":"Polygon","coordinates":[[[77.05,-7.55],[77.05,-7.52],[77.08,-7.5],[77.12,-7.52],[77.12,-7.57],[77.08,-7.6],[77.08,-7.57],[77.05,-7.57],[77.05,-7.55]]]}},{"type":"Feature","properties":{"precip":40},"geometry":{"type":"Polygon","coordinates":[[[33.46,-8.95],[33.46,-8.92],[33.53,-8.9],[33.53,-8.92],[33.56,-8.93],[33.56,-8.98],[33.53,-8.98],[33.53,-9.0],[33.46,-8.98],[33.46,-8.95]]]}},{"type":"Feature","properties":{"precip":40},"geometry":{"type":"Polygon","coordinates":[[[19.35,-33.35],[19.35,-33.34],[19.38,-33.32],[19.46,-33.34],[19.46,-33.39],[19.38,-33.39],[19.35,-33.39],[19.35,-33.35]]]}},{"type":"Feature","properties":{"precip":40},"geometry":{"type":"Polygon","coordinates":[[[35.15,-35.96],[35.15,-35.91],[35.22,-35.89],[35.26,-35.94],[35.26,-35.98],[35.18,-35.99],[35.15,-35.99],[35.15,-35.96]]]}},{"type":"Feature","properties":{"precip":40},"geometry":{"type":"Polygon","coordinates":[[[36.05,-37.16],[36.05,-37.12],[36.08,-37.09],[36.12,-37.09],[36.12,-37.12],[36.16,-37.12],[36.16,-37.17],[36.08,-37.21],[36.05,-37.19],[36.05,-37.16]]]}},{"type":"Feature","properties":{"precip":40},"geometry":{"type":"Polygon","coordinates":[[[36.52,-37.39],[36.52,-37.37],[36.59,-37.3],[36.66,-37.32],[36.66,-37.34],[36.62,-37.37],[36.62,-37.39],[36.59,-37.4],[36.59,-37.44],[36.52,-37.5],[36.48,-37.5],[36.48,-37.42],[36.52,-37.39]]]}},{"type":"Feature","properties":{"precip":40},"geometry":{"type":"Polygon","coordinates":[[[27.55,-37.65],[27.55,-37.62],[27.59,-37.6],[27.7,-37.6],[27.73,-37.62],[27.73,-37.69],[27.7,-37.7],[27.59,-37.7],[27.55,-37.69],[27.55,-37.65]]]}},{"type":"Feature","properties":{"precip":40},"geometry":{"type":"Polygon","coordinates":[[[36.34,-37.7],[36.37,-37.65],[36.37,-37.6],[36.44,-37.62],[36.44,-37.8],[36.41,-37.82],[36.37,-37.8],[36.37,-37.74],[36.34,-37.74],[36.34,-37.7]]]}},{"type":"Feature","properties":{"precip":40},"geometry":{"type":"Polygon","coordinates":[[[36.95,-37.82],[36.95,-37.74],[36.98,-37.72],[37.06,-37.7],[37.13,-37.72],[37.13,-37.82],[37.06,-37.87],[36.98,-37.89],[36.95,-37.89],[36.95,-37.82]]]}},{"type":"Feature","properties":{"precip":40},"geometry":{"type":"Polygon","coordinates":[[[36.95,-38.05],[36.95,-38.04],[36.98,-38.0],[37.06,-38.04],[37.06,-38.07],[37.02,-38.08],[36.95,-38.08],[36.95,-38.05]]]}},{"type":"Feature","properties":{"precip":40},"geometry":{"type":"Polygon","coordinates":[[[37.56,-38.1],[37.56,-38.04],[37.67,-38.0],[37.74,-38.04],[37.74,-38.07],[37.67,-38.13],[37.63,-38.18],[37.56,-38.18],[37.56,-38.1]]]}},{"type":"Feature","properties":{"precip":40},"geometry":{"type":"Polygon","coordinates":[[[22.44,-38.25],[22.44,-38.22],[22.48,-38.2],[22.55,-38.22],[22.55,-38.28],[22.48,-38.3],[22.44,-38.28],[22.44,-38.25]]]}},{"type":"Feature","properties":{"precip":40},"geometry":{"type":"Polygon","coordinates":[[[23.85,-38.25],[23.85,-38.22],[23.88,-38.2],[23.95,-38.22],[23.95,-38.28],[23.99,-38.28],[24.13,-38.33],[24.21,-38.4],[24.24,-38.42],[24.24,-38.48],[24.17,-38.5],[23.99,-38.5],[23.81,-38.48],[23.7,-38.42],[23.67,-38.42],[23.67,-38.48],[23.56,-38.5],[23.52,-38.5],[23.45,-38.55],[23.45,-38.67],[23.49,-38.7],[23.56,-38.73],[23.56,-38.77],[23.49,-38.82],[23.49,-38.78],[23.45,-38.77],[23.45,-38.72],[23.38,-38.7],[23.31,-38.7],[23.27,-38.68],[23.27,-38.62],[23.23,-38.6],[23.27,-38.55],[23.27,-38.5],[23.34,-38.48],[23.34,-38.42],[23.31,-38.4],[23.2,-38.4],[23.16,-38.4],[23.16,-38.33],[23.2,-38.3],[23.41,-38.3],[23.56,-38.33],[23.56,-38.37],[23.59,-38.4],[23.63,-38.4],[23.63,-38.37],[23.67,-38.32],[23.74,-38.3],[23.81,-38.3],[23.85,-38.28],[23.85,-38.25]]]}},{"type":"Feature","properties":{"precip":40},"geometry":{"type":"Polygon","coordinates":[[[36.84,-38.25],[36.88,-38.22],[36.91,-38.2],[37.02,-38.2],[37.06,-38.23],[37.06,-38.27],[37.02,-38.3],[36.91,-38.3],[36.84,-38.25]]]}},{"type":"Feature","properties":{"precip":40},"geometry":{"type":"Polygon","coordinates":[[[22.77,-38.4],[22.77,-38.32],[22.84,-38.3],[22.95,-38.32],[22.95,-38.4],[22.87,-38.4],[22.87,-38.48],[22.84,-38.48],[22.84,-38.68],[22.77,-38.7],[22.62,-38.7],[22.55,-38.67],[22.55,-38.47],[22.59,-38.42],[22.59,-38.4],[22.62,-38.4],[22.66,-38.42],[22.66,-38.48],[22.69,-38.5],[22.73,-38.48],[22.73,-38.43],[22.77,-38.42],[22.77,-38.4]]]}},{"type":"Feature","properties":{"precip":40},"geometry":{"type":"Polygon","coordinates":[[[24.46,-38.37],[24.46,-38.3],[24.53,-38.3],[24.57,-38.33],[24.57,-38.4],[24.64,-38.4],[24.64,-38.37],[24.67,-38.33],[24.67,-38.3],[24.71,-38.3],[24.75,-38.33],[24.75,-38.37],[24.82,-38.4],[24.89,-38.4],[24.93,-38.42],[24.93,-38.43],[24.96,-38.48],[24.96,-38.53],[24.89,-38.6],[24.57,-38.6],[24.46,-38.58],[24.46,-38.5],[24.57,-38.48],[24.57,-38.43],[24.49,-38.42],[24.46,-38.4],[24.46,-38.37]]]}},{"type":"Feature","properties":{"precip":40},"geometry":{"type":"Polygon","coordinates":[[[37.56,-38.37],[37.56,-38.3],[37.63,-38.3],[37.63,-38.4],[37.56,-38.4],[37.56,-38.37]]]}},{"type":"Feature","properties":{"precip":40},"geometry":{"type":"Polygon","coordinates":[[[25.14,-38.47],[25.14,-38.42],[25.18,-38.4],[25.25,-38.42],[25.25,-38.48],[25.18,-38.48],[25.14,-38.48],[25.14,-38.47]]]}},{"type":"Feature","properties":{"precip":40},"geometry":{"type":"Polygon","coordinates":[[[20.75,-38.55],[20.75,-38.52],[20.79,-38.5],[20.86,-38.52],[20.86,-38.6],[20.82,-38.6],[20.75,-38.6],[20.75,-38.55]]]}},{"type":"Feature","properties":{"precip":40},"geometry":{"type":"Polygon","coordinates":[[[21.26,-38.53],[21.29,-38.5],[21.4,-38.5],[21.43,-38.53],[21.43,-38.7],[21.4,-38.7],[21.36,-38.67],[21.26,-38.58],[21.26,-38.53]]]}},{"type":"Feature","properties":{"precip":40},"geometry":{"type":"Polygon","coordinates":[[[21.87,-38.55],[21.87,-38.52],[21.9,-38.5],[22.01,-38.5],[22.05,-38.52],[22.05,-38.6],[22.01,-38.6],[21.9,-38.6],[21.87,-38.6],[21.87,-38.55]]]}},{"type":"Feature","properties":{"precip":40},"geometry":{"type":"Polygon","coordinates":[[[25.14,-38.65],[25.14,-38.62],[25.21,-38.6],[25.25,-38.62],[25.25,-38.7],[25.18,-38.7],[25.14,-38.68],[25.14,-38.65]]]}},{"type":"Feature","properties":{"precip":40},"geometry":{"type":"Polygon","coordinates":[[[25.36,-38.65],[25.36,-38.62],[25.43,-38.62],[25.43,-38.63],[25.47,-38.65],[25.43,-38.68],[25.43,-38.7],[25.36,-38.7],[25.36,-38.65]]]}},{"type":"Feature","properties":{"precip":40},"geometry":{"type":"Polygon","coordinates":[[[25.54,-38.65],[25.57,-38.62],[25.61,-38.6],[25.65,-38.62],[25.65,-38.7],[25.57,-38.7],[25.57,-38.68],[25.54,-38.68],[25.54,-38.65]]]}},{"type":"Feature","properties":{"precip":40},"geometry":{"type":"Polygon","coordinates":[[[26.26,-38.65],[26.26,-38.62],[26.33,-38.62],[26.33,-38.63],[26.37,-38.65],[26.33,-38.68],[26.33,-38.7],[26.26,-38.7],[26.26,-38.65]]]}},{"type":"Feature","properties":{"precip":40},"geometry":{"type":"Polygon","coordinates":[[[23.95,-38.75],[23.95,-38.72],[24.03,-38.7],[24.1,-38.7],[24.13,-38.72],[24.13,-38.8],[24.1,-38.82],[24.03,-38.82],[23.95,-38.78],[23.95,-38.75]]]}},{"type":"Feature","properties":{"precip":40},"geometry":{"type":"Polygon","coordinates":[[[25.86,-38.82],[25.86,-38.72],[25.9,-38.7],[25.93,-38.72],[25.93,-38.9],[25.86,-38.88],[25.86,-38.82]]]}},{"type":"Feature","properties":{"precip":40},"geometry":{"type":"Polygon","coordinates":[[[24.64,-38.85],[24.67,-38.83],[24.71,-38.82],[24.78,-38.82],[24.85,-38.85],[24.85,-38.87],[24.82,-38.9],[24.71,-38.9],[24.64,-38.85]]]}},{"type":"Feature","properties":{"precip":40},"geometry":{"type":"Polygon","coordinates":[[[17.91,-38.98],[17.94,-38.96],[17.94,-38.93],[18.02,-38.92],[18.05,-38.92],[18.05,-38.96],[18.02,-38.96],[18.02,-39.01],[17.94,-39.06],[17.87,-39.08],[17.87,-39.03],[17.91,-38.98]]]}},{"type":"Feature","properties":{"precip":40},"geometry":{"type":"Polygon","coordinates":[[[18.41,-38.96],[18.48,-38.92],[18.56,-38.92],[18.63,-38.93],[18.7,-39.03],[18.77,-39.06],[18.77,-39.08],[18.81,-39.08],[18.88,-39.05],[18.88,-39.03],[18.99,-38.93],[19.06,-38.92],[19.17,-38.92],[19.24,-38.95],[19.24,-39.03],[19.28,-39.05],[19.28,-39.08],[19.31,-39.1],[19.31,-39.15],[19.38,-39.16],[19.38,-39.18],[19.46,-39.15],[19.53,-39.08],[19.53,-39.06],[19.56,-39.06],[19.56,-39.03],[19.64,-39.03],[19.64,-39.06],[19.71,-39.1],[19.78,-39.1],[19.82,-39.13],[19.89,-39.16],[19.92,-39.21],[19.92,-39.26],[19.96,-39.28],[19.96,-39.36],[19.85,-39.43],[19.85,-39.58],[19.92,-39.6],[19.96,-39.58],[19.96,-39.51],[20.03,-39.51],[20.1,-39.51],[20.25,-39.5],[20.25,-39.45],[20.21,-39.41],[20.21,-39.4],[20.1,-39.33],[20.1,-39.3],[20.07,-39.28],[20.07,-39.21],[20.21,-39.21],[20.25,-39.23],[20.25,-39.28],[20.32,-39.3],[20.39,-39.3],[20.5,-39.33],[20.57,-39.36],[20.64,-39.45],[20.64,-39.58],[20.75,-39.6],[20.86,-39.6],[20.93,-39.58],[20.97,-39.55],[20.9,-39.5],[20.86,-39.5],[20.86,-39.43],[20.9,-39.41],[21.04,-39.51],[21.15,-39.7],[21.15,-39.76],[21.18,-39.79],[21.29,-39.81],[21.33,-39.81],[21.4,-39.81],[21.43,-39.79],[21.43,-39.76],[21.47,-39.73],[21.54,-39.71],[21.65,-39.73],[21.76,-39.76],[21.83,-39.81],[21.83,-39.91],[21.76,-39.88],[21.76,-39.84],[21.72,-39.83],[21.72,-39.81],[21.69,-39.81],[21.65,-39.83],[21.65,-39.88],[21.58,-39.91],[21.58,-39.86],[21.54,-39.83],[21.54,-39.81],[21.47,-39.81],[21.47,-39.86],[21.43,-39.91],[21.43,-39.99],[21.4,-40.01],[21.36,-39.99],[21.36,-39.94],[21.29,-39.93],[21.22,-39.93],[21.18,-39.91],[21.08,-39.91],[20.93,-39.84],[20.93,-39.81],[20.9,-39.81],[20.9,-39.79],[20.86,-39.76],[20.86,-39.75],[20.79,-39.71],[20.75,-39.73],[20.75,-39.86],[20.68,-39.91],[20.61,-39.91],[20.54,-39.86],[20.54,-39.81],[20.5,-39.81],[20.43,-39.81],[20.36,-39.81],[20.25,-39.76],[20.25,-39.75],[20.18,-39.68],[20.14,-39.65],[20.14,-39.63],[20.03,-39.6],[19.96,-39.63],[19.96,-39.7],[20.03,-39.73],[20.03,-39.81],[19.96,-39.79],[19.96,-39.76],[19.89,-39.73],[19.82,-39.71],[19.64,-39.71],[19.56,-39.68],[19.56,-39.58],[19.53,-39.58],[19.53,-39.51],[19.42,-39.51],[19.35,-39.48],[19.35,-39.43],[19.42,-39.4],[19.49,-39.4],[19.53,-39.4],[19.53,-39.36],[19.56,-39.36],[19.56,-39.35],[19.46,-39.3],[19.35,-39.3],[19.28,-39.33],[19.28,-39.36],[19.24,-39.38],[19.24,-39.58],[19.17,-39.6],[19.02,-39.6],[18.95,-39.58],[18.95,-39.43],[18.99,-39.41],[18.99,-39.4],[19.06,-39.36],[19.02,-39.35],[19.02,-39.31],[18.95,-39.26],[18.88,-39.21],[18.81,-39.21],[18.74,-39.26],[18.66,-39.35],[18.59,-39.4],[18.52,-39.4],[18.45,-39.38],[18.45,-39.33],[18.48,-39.3],[18.56,-39.28],[18.56,-39.25],[18.52,-39.21],[18.45,-39.21],[18.38,-39.18],[18.38,-39.15],[18.34,-39.15],[18.34,-39.08],[18.38,-39.06],[18.38,-39.03],[18.41,-38.96]],[[20.54,-39.55],[20.54,-39.51],[20.46,-39.51],[20.46,-39.6],[20.54,-39.6],[20.54,-39.55]]]}},{"type":"Feature","properties":{"precip":40},"geometry":{"type":"Polygon","coordinates":[[[20.14,-38.95],[20.18,-38.92],[20.21,-38.9],[20.25,-38.92],[20.25,-38.98],[20.18,-39.01],[20.18,-38.96],[20.14,-38.96],[20.14,-38.95]]]}},{"type":"Feature","properties":{"precip":40},"geometry":{"type":"Polygon","coordinates":[[[21.36,-38.95],[21.36,-38.92],[21.43,-38.92],[21.43,-39.01],[21.36,-38.98],[21.36,-38.95]]]}},{"type":"Feature","properties":{"precip":40},"geometry":{"type":"Polygon","coordinates":[[[25.36,-38.95],[25.36,-38.92],[25.43,-38.92],[25.43,-38.93],[25.47,-38.95],[25.43,-38.96],[25.43,-39.01],[25.36,-38.98],[25.36,-38.95]]]}},{"type":"Feature","properties":{"precip":40},"geometry":{"type":"Polygon","coordinates":[[[28.96,-38.95],[28.96,-38.92],[29.03,-38.92],[29.03,-38.93],[29.07,-38.95],[29.03,-38.96],[29.03,-39.01],[28.96,-38.98],[28.96,-38.95]]]}},{"type":"Feature","properties":{"precip":40},"geometry":{"type":"Polygon","coordinates":[[[17.55,-39.06],[17.55,-39.03],[17.58,-39.01],[17.62,-39.01],[17.66,-39.03],[17.66,-39.08],[17.58,-39.1],[17.55,-39.08],[17.55,-39.06]]]}},{"type":"Feature","properties":{"precip":40},"geometry":{"type":"Polygon","coordinates":[[[18.16,-39.06],[18.16,-39.03],[18.23,-39.01],[18.23,-39.05],[18.27,-39.05],[18.27,-39.06],[18.23,-39.06],[18.23,-39.1],[18.16,-39.08],[18.16,-39.06]]]}},{"type":"Feature","properties":{"precip":40},"geometry":{"type":"Polygon","coordinates":[[[22.55,-39.15],[22.55,-39.13],[22.62,-39.1],[22.66,-39.15],[22.66,-39.18],[22.62,-39.18],[22.59,-39.21],[22.55,-39.18],[22.55,-39.15]]]}},{"type":"Feature","properties":{"precip":40},"geometry":{"type":"Polygon","coordinates":[[[23.16,-39.26],[23.16,-39.23],[23.2,-39.21],[23.31,-39.21],[23.34,-39.23],[23.34,-39.28],[23.31,-39.3],[23.2,-39.3],[23.16,-39.28],[23.16,-39.26]]]}},{"type":"Feature","properties":{"precip":40},"geometry":{"type":"Polygon","coordinates":[[[23.95,-39.36],[23.95,-39.31],[24.03,-39.3],[24.03,-39.33],[24.06,-39.35],[24.06,-39.36],[24.03,-39.38],[24.03,-39.4],[23.95,-39.4],[23.95,-39.36]]]}},{"type":"Feature","properties":{"precip":40},"geometry":{"type":"Polygon","coordinates":[[[21.54,-39.55],[21.54,-39.51],[21.61,-39.51],[21.65,-39.51],[21.65,-39.58],[21.58,-39.6],[21.54,-39.58],[21.54,-39.55]]]}},{"type":"Feature","properties":{"precip":40},"geometry":{"type":"Polygon","coordinates":[[[22.66,-40.09],[22.66,-40.03],[22.73,-40.01],[22.73,-40.06],[22.77,-40.06],[22.73,-40.13],[22.73,-40.18],[22.66,-40.24],[22.66,-40.26],[22.59,-40.29],[22.55,-40.28],[22.55,-40.24],[22.62,-40.19],[22.62,-40.18],[22.66,-40.14],[22.66,-40.09]]]}},{"type":"Feature","properties":{"precip":40},"geometry":{"type":"Polygon","coordinates":[[[26.44,-40.06],[26.44,-40.03],[26.47,-40.03],[26.47,-40.01],[26.55,-40.03],[26.55,-40.09],[26.47,-40.11],[26.47,-40.08],[26.44,-40.06]]]}},{"type":"Feature","properties":{"precip":40},"geometry":{"type":"Polygon","coordinates":[[[23.34,-40.19],[23.34,-40.14],[23.38,-40.11],[23.41,-40.13],[23.49,-40.18],[23.52,-40.21],[23.52,-40.24],[23.56,-40.24],[23.56,-40.28],[23.49,-40.29],[23.41,-40.29],[23.34,-40.36],[23.34,-40.39],[23.27,-40.39],[23.27,-40.31],[23.31,-40.31],[23.31,-40.29],[23.34,-40.28],[23.34,-40.19]]]}},{"type":"Feature","properties":{"precip":40},"geometry":{"type":"Polygon","coordinates":[[[24.06,-40.29],[24.06,-40.24],[24.1,-40.19],[24.13,-40.21],[24.13,-40.39],[24.06,-40.39],[24.06,-40.29]]]}},{"type":"Feature","properties":{"precip":40},"geometry":{"type":"Polygon","coordinates":[[[24.75,-40.39],[24.75,-40.36],[24.78,-40.34],[24.78,-40.29],[24.82,-40.29],[24.82,-40.34],[24.85,-40.36],[24.85,-40.48],[24.89,-40.48],[24.89,-40.51],[24.93,-40.51],[24.93,-40.54],[24.96,-40.54],[24.96,-40.58],[24.93,-40.61],[24.85,-40.58],[24.78,-40.49],[24.78,-40.48],[24.75,-40.43],[24.75,-40.39]]]}},{"type":"Feature","properties":{"precip":40},"geometry":{"type":"Polygon","coordinates":[[[20.14,-40.64],[20.21,-40.61],[20.25,-40.56],[20.36,-40.51],[20.43,-40.53],[20.46,-40.59],[20.46,-40.64],[20.5,-40.67],[20.5,-40.69],[20.54,-40.72],[20.54,-40.76],[20.68,-40.87],[20.79,-40.84],[20.79,-40.82],[20.82,-40.81],[20.82,-40.72],[20.86,-40.72],[20.86,-40.64],[20.9,-40.61],[20.93,-40.61],[21.04,-40.62],[21.11,-40.71],[21.11,-40.72],[21.18,-40.76],[21.18,-40.79],[21.26,-40.81],[21.51,-40.81],[21.54,-40.79],[21.54,-40.66],[21.61,-40.61],[21.69,-40.61],[21.72,-40.66],[21.79,-40.69],[21.87,-40.74],[21.94,-40.84],[22.01,-40.87],[22.15,-40.91],[22.44,-40.91],[22.55,-40.91],[22.66,-40.94],[22.66,-40.97],[22.69,-40.97],[22.73,-41.02],[22.8,-41.02],[22.84,-41.02],[22.84,-41.06],[22.95,-41.09],[23.09,-41.09],[23.13,-41.12],[23.2,-41.12],[23.23,-41.14],[23.27,-41.16],[23.27,-41.19],[23.34,-41.21],[23.41,-41.26],[23.49,-41.27],[23.49,-41.29],[23.5,-41.3],[20.14,-41.3],[20.14,-41.24],[20.1,-41.21],[20.03,-41.21],[19.96,-41.17],[19.92,-41.14],[19.92,-41.12],[19.89,-41.12],[19.85,-41.14],[19.85,-41.17],[19.78,-41.21],[19.78,-41.16],[19.74,-41.14],[19.64,-41.09],[19.56,-41.09],[19.46,-41.06],[19.38,-41.01],[19.38,-40.97],[19.35,-40.94],[19.38,-40.91],[19.46,-40.94],[19.46,-40.97],[19.53,-41.01],[19.53,-40.97],[19.56,-40.94],[19.64,-40.91],[19.71,-40.91],[19.89,-40.91],[20.03,-40.92],[20.07,-40.96],[20.07,-41.01],[20.1,-41.02],[20.14,-41.01],[20.14,-40.84],[20.1,-40.82],[20.1,-40.79],[20.07,-40.79],[20.07,-40.74],[20.1,-40.72],[20.1,-40.69],[20.14,-40.67],[20.14,-40.64]],[[20.25,-40.74],[20.25,-40.72],[20.18,-40.71],[20.14,-40.72],[20.14,-40.79],[20.18,-40.81],[20.25,-40.79],[20.25,-40.74]],[[20.97,-40.84],[20.93,-40.84],[20.93,-40.82],[20.9,-40.81],[20.86,-40.82],[20.86,-40.91],[20.93,-40.91],[20.93,-40.87],[20.97,-40.84]]]}},{"type":"Feature","properties":{"precip":40},"geometry":{"type":"Polygon","coordinates":[[[26.04,-40.74],[26.04,-40.72],[26.08,-40.71],[26.15,-40.72],[26.15,-40.79],[26.08,-40.81],[26.04,-40.79],[26.04,-40.74]]]}},{"type":"Feature","properties":{"precip":40},"geometry":{"type":"Polygon","coordinates":[[[32.05,-40.72],[32.05,-40.71],[32.13,-40.72],[32.2,-40.79],[32.2,-40.82],[32.23,-40.84],[32.23,-40.91],[32.16,-40.86],[32.09,-40.82],[32.09,-40.79],[32.05,-40.76],[32.05,-40.72]]]}},{"type":"Feature","properties":{"precip":40},"geometry":{"type":"Polygon","coordinates":[[[31.95,-41.06],[31.98,-41.02],[32.09,-41.02],[32.16,-41.06],[32.09,-41.09],[31.98,-41.09],[31.95,-41.07],[31.95,-41.06]]]}},{"type":"Feature","properties":{"precip":70},"geometry":{"type":"Polygon","coordinates":[[[78.96,3.79],[78.92,3.75],[78.92,3.7],[78.81,3.62],[78.74,3.55],[78.59,3.5],[78.52,3.5],[78.38,3.5],[78.31,3.5],[78.23,3.54],[78.23,3.59],[78.31,3.6],[78.34,3.62],[78.34,3.68],[78.31,3.73],[78.31,3.78],[78.3,3.79],[78.96,3.79]]]}},{"type":"Feature","properties":{"precip":70},"geometry":{"type":"Polygon","coordinates":[[[34.25,3.55],[34.25,3.59],[34.32,3.6],[34.32,3.59],[34.36,3.57],[34.36,3.54],[34.32,3.52],[34.32,3.5],[34.25,3.5],[34.25,3.55]]]}},{"type":"Feature","properties":{"precip":70},"geometry":{"type":"Polygon","coordinates":[[[75.25,3.47],[75.25,3.5],[75.32,3.49],[75.35,3.45],[75.35,3.42],[75.39,3.4],[75.43,3.42],[75.43,3.45],[75.46,3.45],[75.46,3.49],[75.53,3.49],[75.53,3.44],[75.5,3.42],[75.5,3.4],[75.46,3.37],[75.46,3.35],[75.43,3.32],[75.35,3.34],[75.32,3.37],[75.32,3.39],[75.28,3.4],[75.28,3.42],[75.25,3.42],[75.25,3.47]]]}},{"type":"Feature","properties":{"precip":70},"geometry":{"type":"Polygon","coordinates":[[[56.53,3.25],[56.53,3.32],[56.57,3.34],[56.57,3.4],[56.6,3.4],[56.6,3.37],[56.64,3.34],[56.64,2.85],[56.6,2.82],[56.6,2.8],[56.57,2.8],[56.57,2.84],[56.53,2.85],[56.53,2.99],[56.49,3.0],[56.49,3.02],[56.46,3.04],[56.46,3.07],[56.49,3.07],[56.49,3.1],[56.53,3.12],[56.53,3.25]]]}},{"type":"Feature","properties":{"precip":70},"geometry":{"type":"Polygon","coordinates":[[[57.54,3.3],[57.54,3.32],[57.57,3.34],[57.57,3.39],[57.61,3.4],[57.72,3.4],[57.72,3.37],[57.75,3.34],[57.75,3.15],[57.79,3.12],[57.79,3.1],[57.83,3.09],[57.83,3.07],[57.86,3.04],[57.86,2.95],[57.83,2.92],[57.83,2.9],[57.79,2.87],[57.75,2.87],[57.75,2.84],[57.83,2.8],[57.83,2.77],[57.86,2.74],[57.86,2.66],[57.83,2.62],[57.83,2.61],[57.75,2.57],[57.75,2.42],[57.79,2.42],[57.79,2.41],[57.83,2.41],[57.83,2.37],[57.86,2.36],[57.86,2.22],[57.93,2.17],[57.93,2.07],[57.97,2.04],[57.97,1.81],[58.0,1.79],[58.04,1.79],[58.04,1.61],[57.97,1.59],[57.97,1.43],[57.93,1.39],[57.93,1.31],[57.86,1.31],[57.86,1.46],[57.83,1.48],[57.83,1.49],[57.75,1.53],[57.75,1.68],[57.79,1.68],[57.79,1.71],[57.83,1.71],[57.83,1.74],[57.86,1.76],[57.86,1.93],[57.83,1.96],[57.83,1.97],[57.75,2.01],[57.61,2.01],[57.57,2.01],[57.57,2.06],[57.54,2.09],[57.54,2.37],[57.47,2.41],[57.25,2.41],[57.18,2.37],[57.14,2.34],[57.14,2.24],[57.11,2.22],[57.11,2.21],[57.0,2.21],[56.96,2.22],[56.96,2.32],[56.93,2.34],[56.93,2.39],[56.89,2.41],[56.89,2.42],[56.85,2.46],[56.85,3.04],[56.89,3.07],[56.89,3.1],[56.93,3.1],[56.93,3.15],[56.96,3.17],[56.96,3.29],[57.07,3.3],[57.14,3.3],[57.21,3.29],[57.25,3.25],[57.25,3.15],[57.29,3.12],[57.36,3.05],[57.36,3.02],[57.39,3.0],[57.43,3.0],[57.43,3.04],[57.47,3.07],[57.47,3.19],[57.54,3.2],[57.54,3.3]]]}},{"type":"Feature","properties":{"precip":70},"geometry":{"type":"Polygon","coordinates":[[[70.64,3.1],[70.64,3.17],[70.75,3.2],[70.93,3.2],[71.03,3.17],[71.03,3.14],[71.07,3.12],[71.07,3.1],[71.14,3.1],[71.14,3.09],[71.21,3.09],[71.25,3.07],[71.25,3.04],[71.29,3.0],[71.36,3.0],[71.5,3.0],[71.65,2.95],[71.65,2.92],[71.57,2.9],[71.5,2.9],[71.43,2.87],[71.43,2.84],[71.36,2.82],[71.29,2.8],[71.14,2.8],[71.03,2.82],[71.0,2.84],[70.93,2.85],[70.85,2.92],[70.85,2.97],[70.82,3.02],[70.82,3.09],[70.75,3.09],[70.75,3.04],[70.71,3.02],[70.71,3.0],[70.67,3.0],[70.64,3.02],[70.64,3.1]]]}},{"type":"Feature","properties":{"precip":70},"geometry":{"type":"Polygon","coordinates":[[[19.64,2.95],[19.64,2.97],[19.67,2.99],[19.67,3.0],[19.74,2.99],[19.74,2.92],[19.71,2.9],[19.67,2.9],[19.67,2.92],[19.64,2.92],[19.64,2.95]]]}},{"type":"Feature","properties":{"precip":70},"geometry":{"type":"Polygon","coordinates":[[[19.46,2.76],[19.46,2.79],[19.49,2.8],[19.53,2.79],[19.53,2.76],[19.56,2.76],[19.53,2.74],[19.53,2.71],[19.46,2.71],[19.46,2.76]]]}},{"type":"Feature","properties":{"precip":70},"geometry":{"type":"Polygon","coordinates":[[[19.24,2.66],[19.24,2.67],[19.28,2.71],[19.35,2.67],[19.35,2.62],[19.31,2.62],[19.31,2.59],[19.28,2.59],[19.28,2.62],[19.24,2.62],[19.24,2.66]]]}},{"type":"Feature","properties":{"precip":70},"geometry":{"type":"Polygon","coordinates":[[[60.24,2.56],[60.27,2.57],[60.27,2.59],[60.38,2.59],[60.42,2.59],[60.42,2.57],[60.45,2.54],[60.45,2.42],[60.52,2.41],[60.6,2.41],[60.63,2.39],[60.63,2.32],[60.56,2.31],[60.49,2.29],[60.34,2.16],[60.34,2.04],[60.31,2.04],[60.31,2.01],[60.24,2.01],[60.16,1.97],[60.13,1.96],[60.13,1.93],[60.16,1.93],[60.16,1.89],[60.2,1.89],[60.2,1.88],[60.24,1.88],[60.24,1.76],[60.27,1.74],[60.27,1.71],[60.34,1.71],[60.42,1.68],[60.45,1.66],[60.45,1.64],[60.42,1.63],[60.34,1.59],[60.27,1.59],[60.24,1.56],[60.24,1.53],[60.2,1.51],[60.09,1.51],[60.06,1.51],[60.06,1.54],[60.02,1.54],[60.02,1.58],[59.95,1.59],[59.8,1.59],[59.73,1.56],[59.73,1.38],[59.77,1.34],[59.77,1.29],[59.8,1.29],[59.8,1.31],[59.84,1.31],[59.84,1.38],[59.91,1.39],[59.91,1.34],[59.95,1.31],[59.95,1.19],[59.91,1.14],[59.91,1.11],[59.88,1.11],[59.8,1.16],[59.77,1.21],[59.73,1.23],[59.73,1.26],[59.66,1.29],[59.66,1.26],[59.62,1.23],[59.62,1.21],[59.59,1.21],[59.55,1.21],[59.55,1.26],[59.52,1.29],[59.52,1.39],[59.48,1.39],[59.44,1.39],[59.44,1.33],[59.41,1.31],[59.41,1.29],[59.37,1.31],[59.37,1.44],[59.34,1.49],[59.26,1.54],[59.23,1.58],[59.12,1.59],[59.08,1.58],[59.05,1.53],[59.01,1.51],[58.98,1.53],[58.98,1.56],[58.9,1.59],[58.87,1.56],[58.87,1.48],[58.83,1.46],[58.83,1.39],[58.76,1.34],[58.69,1.28],[58.69,1.23],[58.65,1.19],[58.65,1.13],[58.72,1.09],[58.72,1.08],[58.76,1.06],[58.76,0.93],[58.8,0.9],[58.83,0.9],[58.83,0.88],[58.87,0.86],[58.87,0.75],[58.83,0.73],[58.83,0.71],[58.8,0.71],[58.8,0.68],[58.76,0.68],[58.76,0.53],[58.72,0.51],[58.72,0.5],[58.69,0.51],[58.69,0.56],[58.65,0.61],[58.65,0.96],[58.62,0.98],[58.62,1.01],[58.58,1.01],[58.58,1.08],[58.54,1.11],[58.54,1.23],[58.51,1.26],[58.51,1.31],[58.44,1.36],[58.44,1.39],[58.4,1.41],[58.4,1.43],[58.36,1.44],[58.36,1.48],[58.4,1.48],[58.44,1.51],[58.44,1.61],[58.47,1.64],[58.47,1.81],[58.44,1.84],[58.44,1.99],[58.36,2.02],[58.36,2.06],[58.44,2.09],[58.44,2.17],[58.47,2.17],[58.47,2.27],[58.54,2.31],[58.62,2.31],[58.65,2.32],[58.65,2.46],[58.69,2.46],[58.69,2.49],[58.76,2.51],[58.87,2.51],[58.87,2.49],[58.94,2.49],[58.94,2.46],[58.98,2.42],[58.98,2.32],[59.01,2.31],[59.08,2.29],[59.16,2.27],[59.16,2.16],[59.19,2.14],[59.19,2.12],[59.23,2.09],[59.3,2.09],[59.37,2.12],[59.37,2.17],[59.41,2.17],[59.44,2.21],[59.62,2.21],[59.73,2.24],[59.73,2.27],[59.77,2.27],[59.77,2.29],[59.88,2.31],[59.95,2.34],[59.98,2.37],[59.98,2.41],[60.02,2.42],[60.02,2.44],[60.13,2.51],[60.2,2.51],[60.24,2.52],[60.24,2.56]],[[59.95,2.16],[59.88,2.19],[59.88,2.21],[59.8,2.21],[59.73,2.17],[59.73,2.12],[59.77,2.11],[59.84,2.09],[59.91,2.12],[59.95,2.16]],[[60.13,1.84],[60.13,1.89],[60.06,1.89],[60.06,1.86],[60.02,1.84],[60.06,1.84],[60.06,1.81],[60.13,1.81],[60.13,1.84]]]}},{"type":"Feature","properties":{"precip":70},"geometry":{"type":"Polygon","coordinates":[[[59.26,2.41],[59.26,2.49],[59.3,2.49],[59.37,2.46],[59.41,2.41],[59.41,2.34],[59.44,2.32],[59.41,2.31],[59.34,2.31],[59.26,2.34],[59.26,2.41]]]}},{"type":"Feature","properties":{"precip":70},"geometry":{"type":"Polygon","coordinates":[[[60.74,2.41],[60.74,2.44],[60.78,2.46],[60.78,2.49],[60.81,2.51],[60.88,2.51],[60.96,2.47],[60.96,2.46],[60.92,2.42],[60.92,2.41],[60.85,2.34],[60.78,2.31],[60.74,2.34],[60.74,2.41]]]}},{"type":"Feature","properties":{"precip":70},"geometry":{"type":"Polygon","coordinates":[[[61.71,2.41],[61.71,2.42],[61.75,2.44],[61.75,2.46],[61.82,2.49],[61.86,2.51],[61.93,2.49],[61.93,2.46],[61.96,2.42],[61.96,2.22],[61.93,2.19],[61.93,2.11],[61.89,2.09],[61.89,2.06],[61.86,2.06],[61.86,2.04],[61.93,2.01],[61.93,1.96],[61.96,1.93],[61.96,1.81],[62.0,1.79],[62.04,1.79],[62.04,1.76],[62.07,1.76],[62.07,1.74],[62.04,1.73],[62.04,1.71],[62.0,1.71],[61.93,1.71],[61.86,1.73],[61.86,1.78],[61.82,1.79],[61.75,1.79],[61.68,1.81],[61.64,1.84],[61.64,1.88],[61.6,1.89],[61.57,1.88],[61.57,1.86],[61.53,1.83],[61.53,1.81],[61.46,1.79],[61.39,1.83],[61.35,1.86],[61.35,1.97],[61.32,1.97],[61.32,2.01],[61.28,2.01],[61.28,2.04],[61.24,2.06],[61.24,2.24],[61.28,2.27],[61.28,2.29],[61.32,2.29],[61.39,2.24],[61.39,2.21],[61.42,2.21],[61.42,2.26],[61.46,2.26],[61.46,2.29],[61.5,2.29],[61.64,2.32],[61.64,2.34],[61.68,2.36],[61.68,2.37],[61.71,2.41]],[[61.75,2.16],[61.75,2.19],[61.68,2.21],[61.68,2.17],[61.64,2.17],[61.64,2.12],[61.71,2.09],[61.75,2.11],[61.75,2.16]]]}},{"type":"Feature","properties":{"precip":70},"geometry":{"type":"Polygon","coordinates":[[[63.33,2.09],[63.33,2.17],[63.37,2.17],[63.37,2.21],[63.4,2.21],[63.4,2.17],[63.44,2.17],[63.44,2.14],[63.48,2.12],[63.69,2.09],[63.94,2.09],[64.02,2.06],[64.05,2.04],[64.05,1.96],[64.02,1.94],[64.02,1.89],[63.94,1.88],[63.94,1.83],[64.02,1.81],[64.02,1.76],[64.05,1.73],[64.05,1.63],[64.09,1.63],[64.09,1.59],[64.16,1.59],[64.23,1.56],[64.34,1.43],[64.34,1.24],[64.38,1.21],[64.41,1.21],[64.48,1.21],[64.52,1.21],[64.52,1.23],[64.56,1.24],[64.56,1.26],[64.52,1.28],[64.52,1.29],[64.48,1.29],[64.45,1.34],[64.45,1.48],[64.48,1.54],[64.48,1.59],[64.56,1.66],[64.56,1.68],[64.66,1.71],[64.74,1.71],[64.74,1.76],[64.77,1.79],[64.84,1.79],[64.95,1.79],[65.02,1.76],[65.1,1.73],[65.1,1.69],[65.13,1.68],[65.13,1.63],[65.17,1.59],[65.17,1.51],[65.24,1.48],[65.24,1.38],[65.28,1.34],[65.28,1.29],[65.35,1.28],[65.35,1.23],[65.28,1.18],[65.24,1.16],[65.24,1.14],[65.31,1.11],[65.31,1.09],[65.35,1.08],[65.35,1.05],[65.31,1.01],[65.31,1.0],[65.24,0.93],[65.2,0.91],[65.17,0.91],[65.17,0.93],[65.1,0.98],[65.02,1.0],[64.88,1.0],[64.77,0.98],[64.74,0.96],[64.74,0.93],[64.7,0.91],[64.63,0.9],[64.52,0.9],[64.41,0.88],[64.34,0.86],[64.34,0.81],[64.27,0.8],[64.2,0.81],[64.16,0.83],[64.16,0.9],[64.12,0.93],[64.12,1.0],[64.05,1.0],[64.05,0.95],[63.98,0.91],[63.91,0.9],[63.8,0.9],[63.73,0.9],[63.66,0.88],[63.62,0.85],[63.62,0.81],[63.58,0.81],[63.55,0.81],[63.55,0.86],[63.51,0.88],[63.44,0.9],[63.33,0.88],[63.33,0.85],[63.3,0.85],[63.3,0.8],[63.26,0.8],[63.26,0.85],[63.19,0.88],[63.15,0.9],[63.08,0.9],[63.08,0.85],[63.04,0.81],[62.97,0.8],[62.94,0.8],[62.86,0.85],[62.86,0.98],[62.79,1.01],[62.79,1.03],[62.76,1.05],[62.76,1.18],[62.68,1.21],[62.61,1.21],[62.58,1.21],[62.58,1.23],[62.54,1.24],[62.54,1.29],[62.47,1.26],[62.47,1.24],[62.43,1.23],[62.43,1.21],[62.4,1.21],[62.36,1.23],[62.36,1.26],[62.29,1.29],[62.29,1.26],[62.25,1.24],[62.25,1.23],[62.18,1.21],[62.14,1.21],[62.07,1.18],[62.07,1.14],[62.04,1.13],[62.04,1.11],[62.0,1.09],[61.93,1.09],[61.86,1.06],[61.86,0.98],[61.82,0.93],[61.82,0.9],[61.75,0.83],[61.68,0.81],[61.68,0.85],[61.64,0.86],[61.64,0.88],[61.57,0.9],[61.5,0.9],[61.46,0.93],[61.46,1.18],[61.53,1.19],[61.6,1.21],[61.64,1.23],[61.64,1.33],[61.68,1.34],[61.68,1.38],[61.75,1.39],[61.86,1.39],[61.93,1.41],[61.93,1.43],[61.96,1.44],[61.96,1.48],[62.04,1.49],[62.14,1.51],[62.22,1.53],[62.29,1.56],[62.29,1.58],[62.32,1.59],[62.4,1.68],[62.5,1.71],[62.58,1.71],[62.61,1.69],[62.68,1.64],[62.68,1.63],[62.72,1.63],[62.79,1.68],[62.86,1.73],[62.9,1.78],[62.94,1.79],[62.94,1.83],[63.04,1.89],[63.15,1.91],[63.15,1.96],[63.15,1.97],[63.22,2.01],[63.3,2.01],[63.33,2.04],[63.33,2.09]],[[64.16,1.46],[64.12,1.46],[64.12,1.49],[64.05,1.49],[64.05,1.41],[64.12,1.39],[64.12,1.44],[64.16,1.46]],[[64.23,1.26],[64.23,1.29],[64.2,1.29],[64.09,1.29],[64.05,1.28],[64.05,1.09],[64.09,1.09],[64.12,1.13],[64.12,1.14],[64.2,1.21],[64.23,1.23],[64.23,1.26]]]}},{"type":"Feature","properties":{"precip":70},"geometry":{"type":"Polygon","coordinates":[[[60.85,1.76],[60.85,1.79],[60.92,1.79],[60.92,1.78],[60.96,1.76],[60.96,1.73],[60.99,1.71],[61.06,1.71],[61.14,1.68],[61.14,1.63],[61.06,1.59],[60.99,1.59],[60.96,1.58],[60.96,1.51],[61.03,1.48],[61.03,1.41],[61.06,1.38],[61.06,1.31],[61.03,1.29],[61.03,1.21],[60.99,1.21],[60.96,1.23],[60.96,1.39],[60.92,1.43],[60.92,1.49],[60.88,1.51],[60.88,1.53],[60.85,1.54],[60.85,1.56],[60.92,1.63],[60.92,1.64],[60.96,1.64],[60.85,1.71],[60.85,1.76]]]}},{"type":"Feature","properties":{"precip":70},"geometry":{"type":"Polygon","coordinates":[[[36.77,1.46],[36.77,1.48],[36.8,1.51],[36.88,1.48],[36.88,1.43],[36.84,1.39],[36.77,1.41],[36.77,1.46]]]}},{"type":"Feature","properties":{"precip":70},"geometry":{"type":"Polygon","coordinates":[[[61.24,1.48],[61.28,1.49],[61.39,1.49],[61.39,1.51],[61.53,1.48],[61.53,1.43],[61.46,1.38],[61.46,1.34],[61.42,1.31],[61.35,1.33],[61.35,1.34],[61.28,1.39],[61.28,1.44],[61.24,1.46],[61.24,1.48]]]}},{"type":"Feature","properties":{"precip":70},"geometry":{"type":"Polygon","coordinates":[[[35.36,1.34],[35.36,1.38],[35.4,1.39],[35.51,1.39],[35.51,1.38],[35.54,1.38],[35.54,1.31],[35.47,1.29],[35.44,1.29],[35.36,1.31],[35.36,1.34]]]}},{"type":"Feature","properties":{"precip":70},"geometry":{"type":"Polygon","coordinates":[[[60.24,1.34],[60.24,1.38],[60.27,1.38],[60.27,1.39],[60.31,1.39],[60.31,1.38],[60.34,1.38],[60.34,1.31],[60.31,1.31],[60.31,1.29],[60.27,1.29],[60.27,1.31],[60.24,1.31],[60.24,1.34]]]}},{"type":"Feature","properties":{"precip":70},"geometry":{"type":"Polygon","coordinates":[[[58.36,1.14],[58.36,1.19],[58.4,1.21],[58.47,1.18],[58.47,1.13],[58.44,1.13],[58.44,1.09],[58.36,1.11],[58.36,1.14]]]}},{"type":"Feature","properties":{"precip":70},"geometry":{"type":"Polygon","coordinates":[[[60.24,1.0],[60.24,1.06],[60.27,1.09],[60.34,1.06],[60.42,1.0],[60.42,0.96],[60.45,0.95],[60.45,0.93],[60.42,0.9],[60.31,0.9],[60.27,0.91],[60.27,0.95],[60.24,0.96],[60.24,1.0]]]}},{"type":"Feature","properties":{"precip":70},"geometry":{"type":"Polygon","coordinates":[[[60.63,0.98],[60.63,1.03],[60.67,1.05],[60.67,1.09],[60.74,1.08],[60.74,0.95],[60.78,0.93],[60.78,0.9],[60.81,0.9],[60.85,0.93],[60.85,1.06],[60.88,1.08],[60.88,1.09],[60.92,1.09],[60.92,0.98],[60.96,0.95],[60.96,0.68],[60.92,0.65],[60.92,0.6],[60.88,0.61],[60.81,0.68],[60.74,0.75],[60.67,0.88],[60.67,0.93],[60.63,0.98]]]}},{"type":"Feature","properties":{"precip":70},"geometry":{"type":"Polygon","coordinates":[[[58.36,0.8],[58.36,0.88],[58.44,0.9],[58.44,0.86],[58.47,0.85],[58.47,0.76],[58.44,0.75],[58.44,0.71],[58.36,0.71],[58.36,0.8]]]}},{"type":"Feature","properties":{"precip":70},"geometry":{"type":"Polygon","coordinates":[[[62.47,0.71],[62.47,0.78],[62.54,0.8],[62.65,0.76],[62.68,0.73],[62.72,0.68],[62.76,0.66],[62.76,0.65],[62.83,0.61],[62.86,0.65],[62.86,0.68],[62.97,0.71],[63.04,0.68],[63.04,0.65],[63.08,0.63],[63.08,0.48],[63.12,0.45],[63.12,0.41],[63.15,0.38],[63.15,0.36],[63.19,0.31],[63.19,0.26],[63.22,0.26],[63.22,0.22],[63.19,0.22],[63.19,0.2],[63.15,0.18],[63.15,0.13],[63.15,0.12],[63.15,0.03],[63.12,0.02],[63.12,-0.0],[63.08,-0.0],[63.01,0.02],[62.97,0.03],[62.9,0.1],[62.9,0.13],[62.86,0.17],[62.86,0.23],[62.83,0.26],[62.83,0.3],[62.76,0.36],[62.72,0.38],[62.65,0.4],[62.61,0.4],[62.58,0.43],[62.58,0.53],[62.54,0.56],[62.54,0.6],[62.5,0.6],[62.47,0.63],[62.47,0.71]]]}},{"type":"Feature","properties":{"precip":70},"geometry":{"type":"Polygon","coordinates":[[[63.69,0.73],[63.73,0.73],[63.73,0.76],[63.76,0.78],[63.84,0.8],[63.91,0.8],[63.91,0.76],[63.94,0.71],[63.94,0.36],[63.98,0.35],[63.98,0.3],[64.02,0.3],[64.02,0.23],[64.05,0.22],[64.05,0.03],[64.09,0.02],[64.09,-0.02],[64.16,-0.05],[64.2,-0.08],[64.2,-0.12],[64.23,-0.13],[64.23,-0.18],[64.2,-0.2],[64.09,-0.2],[64.09,-0.22],[64.05,-0.22],[64.05,-0.27],[64.02,-0.28],[63.94,-0.3],[63.87,-0.32],[63.84,-0.33],[63.84,-0.37],[63.76,-0.4],[63.62,-0.4],[63.62,-0.38],[63.55,-0.38],[63.55,-0.32],[63.62,-0.3],[63.69,-0.3],[63.76,-0.28],[63.87,-0.23],[63.91,-0.18],[63.91,-0.15],[63.94,-0.12],[63.94,-0.05],[63.87,-0.0],[63.8,-0.0],[63.76,0.02],[63.76,0.03],[63.73,0.05],[63.73,0.15],[63.69,0.18],[63.69,0.22],[63.62,0.25],[63.58,0.28],[63.58,0.31],[63.55,0.36],[63.55,0.5],[63.62,0.51],[63.62,0.58],[63.66,0.6],[63.66,0.68],[63.69,0.7],[63.69,0.73]]]}},{"type":"Feature","properties":{"precip":70},"geometry":{"type":"Polygon","coordinates":[[[36.88,0.65],[36.88,0.7],[36.91,0.7],[36.91,0.68],[36.95,0.66],[36.95,0.65],[36.91,0.63],[36.91,0.6],[36.88,0.61],[36.88,0.65]]]}},{"type":"Feature","properties":{"precip":70},"geometry":{"type":"Polygon","coordinates":[[[35.62,0.53],[35.69,0.58],[35.72,0.6],[35.76,0.56],[35.76,0.43],[35.69,0.4],[35.58,0.4],[35.54,0.43],[35.54,0.45],[35.58,0.46],[35.58,0.5],[35.62,0.53]]]}},{"type":"Feature","properties":{"precip":70},"geometry":{"type":"Polygon","coordinates":[[[61.64,0.56],[61.75,0.6],[61.86,0.6],[61.93,0.6],[61.93,0.56],[61.96,0.53],[61.96,0.35],[61.93,0.33],[61.93,0.3],[61.89,0.31],[61.82,0.36],[61.75,0.46],[61.68,0.51],[61.68,0.55],[61.64,0.56]]]}},{"type":"Feature","properties":{"precip":70},"geometry":{"type":"Polygon","coordinates":[[[58.87,0.45],[58.87,0.48],[58.94,0.5],[58.94,0.48],[58.98,0.46],[58.98,0.43],[58.94,0.43],[58.94,0.4],[58.87,0.41],[58.87,0.45]]]}},{"type":"Feature","properties":{"precip":70},"geometry":{"type":"Polygon","coordinates":[[[72.65,0.45],[72.65,0.48],[72.73,0.5],[72.73,0.45],[72.76,0.43],[72.76,0.35],[72.73,0.31],[72.65,0.3],[72.55,0.3],[72.47,0.31],[72.44,0.35],[72.44,0.36],[72.47,0.38],[72.55,0.4],[72.62,0.41],[72.65,0.45]]]}},{"type":"Feature","properties":{"precip":70},"geometry":{"type":"Polygon","coordinates":[[[73.37,0.45],[73.37,0.5],[73.45,0.48],[73.45,0.41],[73.37,0.4],[73.37,0.45]]]}},{"type":"Feature","properties":{"precip":70},"geometry":{"type":"Polygon","coordinates":[[[59.37,0.18],[59.37,0.36],[59.41,0.38],[59.41,0.4],[59.41,0.35],[59.44,0.35],[59.44,0.22],[59.52,0.18],[59.52,0.05],[59.55,0.02],[59.55,-0.08],[59.62,-0.1],[59.62,-0.18],[59.55,-0.2],[59.48,-0.18],[59.41,-0.1],[59.41,-0.05],[59.37,-0.02],[59.37,0.18]]]}},{"type":"Feature","properties":{"precip":70},"geometry":{"type":"Polygon","coordinates":[[[64.74,0.35],[64.74,0.36],[64.88,0.4],[65.02,0.38],[65.06,0.36],[65.06,0.35],[65.02,0.33],[65.02,0.31],[64.95,0.3],[64.84,0.3],[64.77,0.31],[64.74,0.35]]]}},{"type":"Feature","properties":{"precip":70},"geometry":{"type":"Polygon","coordinates":[[[62.04,0.12],[62.07,0.17],[62.14,0.2],[62.18,0.2],[62.25,0.17],[62.25,0.03],[62.22,0.02],[62.14,-0.0],[62.04,-0.0],[61.96,0.02],[61.96,0.07],[62.04,0.12]]]}},{"type":"Feature","properties":{"precip":70},"geometry":{"type":"Polygon","coordinates":[[[64.66,0.15],[64.66,0.18],[64.7,0.2],[64.81,0.2],[64.84,0.18],[64.84,0.12],[64.77,0.1],[64.7,0.1],[64.66,0.12],[64.66,0.15]]]}},{"type":"Feature","properties":{"precip":70},"geometry":{"type":"Polygon","coordinates":[[[35.76,0.05],[35.76,0.08],[35.83,0.1],[35.83,0.08],[35.87,0.07],[35.87,0.03],[35.83,0.02],[35.83,-0.0],[35.8,-0.0],[35.76,0.02],[35.76,0.05]]]}},{"type":"Feature","properties":{"precip":70},"geometry":{"type":"Polygon","coordinates":[[[58.76,0.05],[58.76,0.08],[58.83,0.1],[58.83,0.03],[58.87,0.02],[58.87,-0.25],[58.9,-0.27],[58.98,-0.3],[59.05,-0.3],[59.16,-0.3],[59.41,-0.3],[59.55,-0.32],[59.73,-0.35],[59.77,-0.38],[59.84,-0.47],[59.84,-0.57],[59.88,-0.6],[59.95,-0.6],[59.98,-0.6],[60.06,-0.6],[60.13,-0.57],[60.13,-0.22],[60.16,-0.18],[60.16,-0.13],[60.24,-0.1],[60.31,-0.1],[60.31,-0.07],[60.34,-0.07],[60.34,-0.02],[60.42,-0.0],[60.49,-0.0],[60.52,-0.02],[60.52,-0.05],[60.56,-0.05],[60.56,-0.08],[60.7,-0.1],[60.74,-0.13],[60.74,-0.47],[60.7,-0.48],[60.7,-0.5],[60.67,-0.5],[60.67,-0.55],[60.63,-0.57],[60.63,-0.68],[60.6,-0.7],[60.52,-0.7],[60.45,-0.73],[60.45,-0.85],[60.42,-0.86],[60.42,-0.88],[60.27,-0.9],[60.27,-0.95],[60.24,-0.98],[60.24,-1.38],[60.27,-1.41],[60.27,-1.49],[60.31,-1.49],[60.31,-1.53],[60.34,-1.54],[60.34,-1.68],[60.42,-1.71],[60.42,-1.74],[60.45,-1.74],[60.45,-1.84],[60.49,-1.89],[60.56,-1.96],[60.63,-1.99],[60.74,-2.01],[60.74,-2.08],[60.7,-2.09],[60.6,-2.18],[60.56,-2.23],[60.56,-2.39],[60.63,-2.42],[60.63,-2.47],[60.6,-2.49],[60.6,-2.52],[60.52,-2.56],[60.52,-2.57],[60.49,-2.61],[60.49,-2.62],[60.45,-2.66],[60.45,-2.76],[60.42,-2.77],[60.42,-2.79],[60.38,-2.79],[60.38,-2.82],[60.34,-2.86],[60.34,-3.04],[60.31,-3.07],[60.31,-3.09],[60.27,-3.11],[60.2,-3.11],[60.16,-3.12],[60.16,-3.16],[60.13,-3.19],[60.13,-3.37],[60.06,-3.4],[60.06,-3.35],[60.02,-3.35],[60.02,-3.32],[59.95,-3.29],[59.88,-3.29],[59.88,-3.27],[59.84,-3.27],[59.84,-3.14],[59.8,-3.12],[59.8,-3.11],[59.7,-3.09],[59.7,-3.07],[59.59,-3.02],[59.52,-2.94],[59.41,-2.82],[59.37,-2.76],[59.3,-2.71],[59.19,-2.69],[59.16,-2.64],[59.19,-2.62],[59.19,-2.61],[59.23,-2.57],[59.26,-2.57],[59.26,-2.54],[59.23,-2.52],[59.23,-2.51],[59.19,-2.49],[59.19,-2.46],[59.16,-2.44],[59.01,-2.41],[58.83,-2.41],[58.8,-2.39],[58.72,-2.39],[58.72,-2.37],[58.65,-2.34],[58.65,-2.24],[58.62,-2.19],[58.54,-2.13],[58.51,-2.11],[58.47,-2.13],[58.47,-2.14],[58.44,-2.18],[58.44,-2.19],[58.4,-2.19],[58.36,-2.16],[58.36,-1.84],[58.4,-1.83],[58.4,-1.79],[58.47,-1.74],[58.51,-1.71],[58.51,-1.69],[58.54,-1.68],[58.54,-1.58],[58.58,-1.54],[58.58,-1.51],[58.62,-1.49],[58.69,-1.49],[58.76,-1.45],[58.83,-1.35],[58.83,-1.3],[58.87,-1.21],[58.87,-1.0],[58.83,-0.96],[58.83,-0.9],[58.8,-0.9],[58.8,-0.85],[58.76,-0.81],[58.76,-0.47],[58.72,-0.43],[58.72,-0.4],[58.69,-0.4],[58.69,-0.38],[58.65,-0.35],[58.65,-0.22],[58.58,-0.18],[58.58,-0.13],[58.54,-0.12],[58.54,-0.07],[58.58,-0.05],[58.58,-0.02],[58.62,-0.0],[58.69,-0.0],[58.76,0.02],[58.76,0.05]],[[60.63,-0.25],[60.63,-0.22],[60.56,-0.2],[60.56,-0.3],[60.6,-0.3],[60.63,-0.3],[60.63,-0.25]],[[59.62,-0.65],[59.62,-0.63],[59.59,-0.6],[59.48,-0.6],[59.44,-0.61],[59.44,-0.68],[59.48,-0.7],[59.59,-0.7],[59.62,-0.68],[59.62,-0.65]],[[59.84,-0.75],[59.84,-0.73],[59.8,-0.71],[59.73,-0.7],[59.66,-0.71],[59.62,-0.73],[59.62,-0.76],[59.66,-0.78],[59.73,-0.8],[59.84,-0.76],[59.84,-0.75]]]}},{"type":"Feature","properties":{"precip":70},"geometry":{"type":"Polygon","coordinates":[[[71.9,0.03],[71.93,0.03],[71.97,0.07],[72.08,0.08],[72.11,0.1],[72.19,0.1],[72.22,0.1],[72.33,0.1],[72.44,0.08],[72.55,0.05],[72.62,-0.02],[72.69,-0.07],[72.76,-0.13],[72.83,-0.23],[72.83,-0.3],[72.8,-0.3],[72.73,-0.3],[72.65,-0.32],[72.65,-0.35],[72.62,-0.38],[72.51,-0.4],[72.29,-0.4],[72.22,-0.38],[72.15,-0.37],[72.15,-0.32],[72.11,-0.3],[72.08,-0.3],[72.01,-0.28],[71.97,-0.27],[71.86,-0.17],[71.86,-0.13],[71.83,-0.1],[71.86,-0.08],[71.86,-0.02],[71.9,-0.02],[71.9,0.03]]]}},{"type":"Feature","properties":{"precip":70},"geometry":{"type":"Polygon","coordinates":[[[64.74,-0.05],[64.77,-0.03],[64.77,-0.02],[64.81,-0.0],[64.88,-0.0],[64.92,-0.02],[64.92,-0.03],[64.95,-0.05],[64.95,-0.25],[64.92,-0.27],[64.92,-0.3],[64.88,-0.3],[64.88,-0.32],[64.84,-0.35],[64.84,-0.47],[64.81,-0.48],[64.81,-0.52],[64.77,-0.52],[64.77,-0.55],[64.74,-0.55],[64.77,-0.57],[64.77,-0.58],[64.81,-0.58],[64.81,-0.61],[64.84,-0.63],[64.84,-0.73],[64.88,-0.75],[64.88,-0.8],[64.92,-0.81],[64.92,-0.83],[64.95,-0.85],[65.06,-0.95],[65.06,-0.96],[64.95,-1.0],[64.84,-1.0],[64.77,-1.01],[64.74,-1.05],[64.74,-1.06],[64.77,-1.08],[64.84,-1.1],[64.92,-1.11],[64.95,-1.13],[64.95,-1.26],[64.92,-1.3],[64.84,-1.26],[64.84,-1.23],[64.77,-1.21],[64.77,-1.25],[64.74,-1.25],[64.74,-1.26],[64.63,-1.36],[64.56,-1.38],[64.56,-1.35],[64.52,-1.33],[64.45,-1.31],[64.45,-1.3],[64.3,-1.3],[64.2,-1.26],[64.12,-1.25],[64.05,-1.18],[64.05,-1.06],[64.09,-1.03],[64.09,-1.0],[64.23,-0.85],[64.3,-0.8],[64.34,-0.75],[64.41,-0.66],[64.41,-0.63],[64.45,-0.58],[64.45,-0.38],[64.48,-0.32],[64.56,-0.23],[64.59,-0.22],[64.74,-0.2],[64.77,-0.2],[64.84,-0.18],[64.84,-0.1],[64.77,-0.1],[64.77,-0.07],[64.74,-0.05]]]}},{"type":"Feature","properties":{"precip":70},"geometry":{"type":"Polygon","coordinates":[[[91.66,-0.4],[91.66,-0.32],[91.73,-0.3],[91.73,-0.32],[91.73,-0.33],[91.73,-0.38],[91.8,-0.38],[91.88,-0.4],[91.95,-0.43],[91.95,-0.57],[91.88,-0.6],[91.8,-0.6],[91.73,-0.63],[91.73,-0.81],[91.73,-0.83],[91.73,-0.9],[91.66,-0.88],[91.66,-0.73],[91.59,-0.73],[91.59,-0.7],[91.52,-0.66],[91.52,-0.53],[91.59,-0.52],[91.59,-0.5],[91.59,-0.47],[91.66,-0.47],[91.66,-0.4]]]}},{"type":"Feature","properties":{"precip":70},"geometry":{"type":"Polygon","coordinates":[[[97.38,-0.58],[97.45,-0.52],[97.53,-0.47],[97.6,-0.43],[97.71,-0.4],[97.78,-0.42],[97.89,-0.47],[97.89,-0.5],[97.92,-0.55],[97.92,-0.58],[97.96,-0.61],[97.92,-0.65],[97.92,-0.7],[97.89,-0.7],[97.85,-0.71],[97.85,-0.85],[97.81,-0.86],[97.81,-0.88],[97.78,-0.9],[97.49,-0.9],[97.45,-0.86],[97.45,-0.8],[97.42,-0.76],[97.42,-0.71],[97.38,-0.7],[97.35,-0.71],[97.35,-0.73],[97.31,-0.76],[97.31,-0.8],[97.27,-0.8],[97.27,-0.71],[97.35,-0.65],[97.35,-0.61],[97.38,-0.58]]]}},{"type":"Feature","properties":{"precip":70},"geometry":{"type":"Polygon","coordinates":[[[63.55,-0.55],[63.55,-0.52],[63.62,-0.5],[63.76,-0.5],[63.84,-0.53],[63.84,-0.57],[63.69,-0.6],[63.62,-0.6],[63.55,-0.57],[63.55,-0.55]]]}},{"type":"Feature","properties":{"precip":70},"geometry":{"type":"Polygon","coordinates":[[[57.75,-0.85],[57.75,-0.83],[57.79,-0.81],[57.86,-0.8],[57.97,-0.8],[58.04,-0.81],[58.04,-0.86],[58.08,-0.86],[58.11,-0.9],[58.18,-0.9],[58.33,-0.91],[58.36,-0.93],[58.36,-0.98],[58.44,-0.98],[58.44,-0.96],[58.47,-0.93],[58.47,-0.91],[58.54,-0.93],[58.54,-0.95],[58.62,-1.0],[58.62,-1.01],[58.65,-1.05],[58.65,-1.08],[58.58,-1.11],[58.58,-1.15],[58.51,-1.18],[58.51,-1.21],[58.47,-1.25],[58.47,-1.35],[58.44,-1.35],[58.44,-1.38],[58.4,-1.4],[58.22,-1.4],[58.15,-1.36],[58.15,-1.33],[58.08,-1.31],[58.0,-1.3],[57.83,-1.3],[57.68,-1.26],[57.65,-1.25],[57.57,-1.16],[57.57,-1.1],[57.54,-1.03],[57.54,-1.0],[57.57,-0.96],[57.57,-0.91],[57.65,-0.9],[57.72,-0.9],[57.75,-0.88],[57.75,-0.85]]]}},{"type":"Feature","properties":{"precip":70},"geometry":{"type":"Polygon","coordinates":[[[95.51,-1.05],[95.58,-1.01],[95.65,-1.01],[95.73,-1.0],[95.94,-1.0],[96.09,-1.01],[96.16,-1.05],[96.16,-1.06],[96.23,-1.08],[96.3,-1.1],[96.37,-1.1],[96.45,-1.1],[96.73,-1.1],[96.84,-1.13],[96.84,-1.16],[96.84,-1.18],[96.84,-1.21],[96.84,-1.26],[96.81,-1.33],[96.73,-1.38],[96.7,-1.43],[96.59,-1.49],[96.48,-1.51],[96.48,-1.54],[96.45,-1.54],[96.45,-1.58],[96.37,-1.59],[96.34,-1.59],[96.27,-1.63],[96.27,-1.66],[96.23,-1.68],[96.23,-1.69],[96.16,-1.69],[96.01,-1.73],[96.01,-1.76],[95.94,-1.79],[95.87,-1.79],[95.73,-1.79],[95.58,-1.83],[95.51,-1.84],[95.51,-1.88],[95.44,-1.91],[95.37,-1.88],[95.22,-1.83],[95.15,-1.78],[95.08,-1.73],[95.08,-1.66],[95.08,-1.61],[95.01,-1.54],[95.01,-1.49],[95.08,-1.45],[95.08,-1.41],[95.08,-1.38],[95.15,-1.36],[95.15,-1.35],[95.01,-1.28],[95.01,-1.25],[95.08,-1.21],[95.15,-1.2],[95.22,-1.2],[95.29,-1.18],[95.37,-1.16],[95.37,-1.11],[95.37,-1.1],[95.44,-1.1],[95.51,-1.08],[95.51,-1.05]]]}},{"type":"Feature","properties":{"precip":70},"geometry":{"type":"Polygon","coordinates":[[[92.67,-1.54],[92.67,-1.51],[92.67,-1.49],[92.74,-1.49],[92.74,-1.54],[92.74,-1.56],[92.74,-1.66],[92.81,-1.69],[92.96,-1.69],[93.03,-1.71],[93.1,-1.71],[93.14,-1.74],[93.14,-1.84],[93.14,-1.89],[93.21,-1.96],[93.28,-1.99],[93.35,-1.99],[93.42,-2.01],[93.42,-2.16],[93.28,-2.26],[93.21,-2.29],[93.14,-2.29],[93.1,-2.29],[92.88,-2.26],[92.81,-2.24],[92.81,-2.21],[92.81,-2.18],[92.74,-2.16],[92.74,-2.14],[92.67,-2.13],[92.67,-2.11],[92.6,-2.09],[92.6,-2.08],[92.52,-2.06],[92.52,-1.94],[92.52,-1.93],[92.52,-1.91],[92.45,-1.91],[92.24,-1.91],[92.09,-1.88],[92.02,-1.86],[92.02,-1.83],[91.95,-1.79],[91.88,-1.79],[91.88,-1.78],[91.88,-1.73],[91.8,-1.69],[91.88,-1.66],[91.88,-1.63],[91.88,-1.61],[91.95,-1.61],[92.02,-1.59],[92.31,-1.59],[92.38,-1.59],[92.45,-1.59],[92.6,-1.58],[92.67,-1.56],[92.67,-1.54]]]}},{"type":"Feature","properties":{"precip":70},"geometry":{"type":"Polygon","coordinates":[[[58.04,-1.66],[58.08,-1.63],[58.08,-1.61],[58.11,-1.59],[58.18,-1.59],[58.26,-1.63],[58.26,-1.68],[58.22,-1.69],[58.11,-1.69],[58.08,-1.68],[58.08,-1.66],[58.04,-1.66]]]}},{"type":"Feature","properties":{"precip":70},"geometry":{"type":"Polygon","coordinates":[[[80.5,-1.98],[80.5,-1.94],[80.57,-1.91],[80.72,-1.91],[80.72,-1.93],[80.72,-1.98],[80.65,-1.99],[80.57,-2.01],[80.57,-2.03],[80.57,-2.09],[80.5,-2.13],[80.5,-2.19],[80.5,-2.21],[80.43,-2.19],[80.43,-2.04],[80.5,-2.01],[80.5,-1.98]]]}},{"type":"Feature","properties":{"precip":70},"geometry":{"type":"Polygon","coordinates":[[[90.54,-1.96],[90.58,-1.93],[90.69,-1.91],[91.01,-1.91],[91.16,-1.94],[91.16,-1.96],[91.08,-1.99],[91.01,-1.99],[90.94,-2.03],[90.94,-2.08],[91.01,-2.09],[91.08,-2.09],[91.16,-2.13],[91.08,-2.16],[91.08,-2.18],[91.08,-2.23],[91.01,-2.28],[90.94,-2.34],[90.87,-2.37],[90.83,-2.39],[90.76,-2.39],[90.69,-2.41],[90.51,-2.41],[90.47,-2.41],[90.4,-2.41],[90.36,-2.42],[90.33,-2.46],[90.33,-2.47],[90.29,-2.49],[90.26,-2.47],[90.26,-2.42],[90.15,-2.41],[90.08,-2.41],[89.97,-2.37],[89.93,-2.34],[89.9,-2.32],[89.9,-2.29],[89.86,-2.29],[89.86,-2.21],[89.9,-2.19],[89.9,-2.18],[89.93,-2.16],[89.93,-2.14],[89.97,-2.13],[90.04,-2.09],[90.11,-2.09],[90.15,-2.08],[90.15,-2.03],[90.22,-2.01],[90.29,-1.99],[90.44,-1.99],[90.54,-1.96]]]}},{"type":"Feature","properties":{"precip":70},"geometry":{"type":"Polygon","coordinates":[[[78.63,-2.04],[78.63,-2.03],[78.67,-2.01],[78.74,-1.99],[78.81,-2.01],[78.85,-2.04],[78.85,-2.24],[78.81,-2.26],[78.81,-2.29],[78.77,-2.29],[78.7,-2.29],[78.63,-2.26],[78.63,-2.24],[78.67,-2.21],[78.67,-2.19],[78.74,-2.16],[78.74,-2.14],[78.7,-2.13],[78.7,-2.11],[78.67,-2.11],[78.67,-2.08],[78.63,-2.08],[78.63,-2.04]]]}},{"type":"Feature","properties":{"precip":70},"geometry":{"type":"Polygon","coordinates":[[[87.2,-2.18],[87.23,-2.14],[87.3,-2.09],[87.34,-2.09],[87.34,-2.18],[87.38,-2.18],[87.38,-2.19],[87.45,-2.21],[87.52,-2.21],[87.52,-2.23],[87.56,-2.24],[87.56,-2.28],[87.59,-2.29],[87.66,-2.29],[87.81,-2.37],[87.81,-2.41],[87.84,-2.42],[87.84,-2.47],[87.77,-2.52],[87.77,-2.54],[87.74,-2.54],[87.77,-2.56],[87.77,-2.59],[87.81,-2.61],[87.81,-2.62],[87.84,-2.62],[87.84,-2.67],[87.81,-2.69],[87.77,-2.72],[87.77,-2.87],[87.84,-3.06],[87.92,-3.12],[87.99,-3.19],[88.13,-3.2],[88.13,-3.24],[88.17,-3.27],[88.17,-3.32],[88.13,-3.35],[88.13,-3.37],[88.1,-3.4],[87.95,-3.4],[87.88,-3.42],[87.84,-3.45],[87.84,-3.59],[87.77,-3.6],[87.77,-3.62],[87.74,-3.64],[87.77,-3.67],[87.84,-3.69],[87.92,-3.7],[88.1,-3.7],[88.17,-3.7],[88.24,-3.74],[88.24,-3.75],[88.28,-3.77],[88.28,-3.79],[88.35,-3.79],[88.46,-3.82],[88.46,-3.87],[88.35,-3.94],[88.38,-3.95],[88.38,-3.99],[88.46,-4.03],[88.46,-4.07],[88.38,-4.1],[88.38,-4.13],[88.35,-4.15],[88.35,-4.18],[88.38,-4.22],[88.38,-4.27],[88.42,-4.32],[88.49,-4.38],[88.53,-4.42],[88.6,-4.47],[88.64,-4.48],[88.71,-4.52],[88.74,-4.53],[88.74,-4.55],[88.78,-4.57],[88.82,-4.6],[88.82,-4.62],[88.92,-4.68],[89.0,-4.62],[89.03,-4.62],[89.1,-4.67],[89.14,-4.73],[89.14,-4.8],[89.18,-4.88],[89.18,-5.16],[89.21,-5.18],[89.21,-5.21],[89.25,-5.21],[89.25,-5.26],[89.21,-5.3],[89.21,-5.31],[89.14,-5.36],[89.14,-5.38],[89.1,-5.4],[89.1,-5.43],[89.07,-5.46],[89.07,-5.55],[89.03,-5.58],[88.96,-5.6],[88.85,-5.6],[88.82,-5.61],[88.74,-5.66],[88.74,-5.68],[88.71,-5.7],[88.71,-5.68],[88.6,-5.63],[88.38,-5.61],[88.1,-5.6],[87.41,-5.6],[87.12,-5.61],[86.91,-5.63],[86.84,-5.66],[86.76,-5.7],[86.66,-5.7],[86.58,-5.71],[86.51,-5.71],[86.44,-5.73],[86.44,-5.76],[86.33,-5.79],[86.22,-5.79],[86.15,-5.83],[86.15,-5.86],[86.01,-5.91],[85.94,-5.91],[85.86,-5.91],[85.86,-5.93],[85.83,-5.94],[85.83,-5.98],[85.76,-5.99],[85.68,-6.01],[85.65,-6.03],[85.65,-6.19],[85.72,-6.21],[85.72,-6.29],[85.68,-6.29],[85.61,-6.29],[85.58,-6.28],[85.58,-6.24],[85.54,-6.23],[85.54,-6.21],[85.47,-6.21],[85.4,-6.18],[85.36,-6.16],[85.36,-5.93],[85.32,-5.91],[85.18,-5.88],[85.14,-5.84],[85.11,-5.81],[85.11,-5.76],[85.07,-5.71],[85.07,-5.43],[85.11,-5.4],[85.18,-5.4],[85.25,-5.38],[85.25,-5.35],[85.29,-5.31],[85.36,-5.3],[85.47,-5.3],[85.54,-5.28],[85.58,-5.26],[85.58,-5.21],[85.54,-5.21],[85.54,-5.2],[85.47,-5.18],[85.47,-5.13],[85.54,-5.1],[85.61,-5.1],[85.61,-5.11],[85.61,-5.13],[85.65,-5.15],[85.65,-5.2],[85.72,-5.18],[85.72,-4.93],[85.68,-4.91],[85.68,-4.9],[85.65,-4.88],[85.65,-4.68],[85.61,-4.65],[85.61,-4.55],[85.61,-4.52],[85.61,-4.47],[85.5,-4.4],[85.4,-4.4],[85.36,-4.43],[85.36,-4.48],[85.29,-4.5],[85.25,-4.5],[85.18,-4.48],[85.18,-4.38],[85.14,-4.37],[85.14,-4.3],[85.07,-4.28],[85.07,-4.12],[85.14,-4.08],[85.14,-4.02],[85.18,-4.0],[85.18,-3.87],[85.22,-3.82],[85.22,-3.79],[85.29,-3.72],[85.4,-3.7],[85.47,-3.69],[85.47,-3.62],[85.58,-3.6],[85.65,-3.6],[85.72,-3.57],[85.72,-3.45],[85.76,-3.44],[85.76,-3.4],[85.79,-3.4],[85.83,-3.42],[85.83,-3.54],[85.86,-3.57],[85.86,-3.59],[85.94,-3.6],[86.01,-3.62],[86.01,-3.65],[86.04,-3.69],[86.04,-3.84],[86.01,-3.85],[86.01,-3.9],[85.97,-3.9],[85.97,-3.92],[85.94,-3.94],[85.94,-4.05],[85.97,-4.07],[85.97,-4.1],[86.01,-4.1],[86.12,-4.13],[86.15,-4.15],[86.19,-4.18],[86.19,-4.23],[86.22,-4.3],[86.22,-4.57],[86.15,-4.6],[86.08,-4.62],[85.97,-4.68],[85.97,-4.72],[85.94,-4.75],[85.94,-4.78],[85.97,-4.8],[86.04,-4.8],[86.08,-4.8],[86.3,-4.8],[86.37,-4.82],[86.44,-4.85],[86.44,-4.88],[86.55,-4.9],[86.69,-4.9],[86.73,-4.9],[86.84,-4.9],[86.94,-4.93],[86.98,-4.96],[86.98,-5.0],[87.02,-5.0],[87.02,-4.96],[87.05,-4.93],[87.16,-4.9],[87.27,-4.9],[87.34,-4.9],[87.52,-4.9],[87.59,-4.88],[87.66,-4.85],[87.66,-4.82],[87.59,-4.78],[87.56,-4.77],[87.56,-4.73],[87.63,-4.7],[87.63,-4.65],[87.66,-4.63],[87.66,-4.52],[87.74,-4.48],[87.74,-4.37],[87.7,-4.32],[87.7,-4.28],[87.63,-4.22],[87.59,-4.2],[87.59,-4.17],[87.56,-4.15],[87.56,-4.03],[87.52,-4.02],[87.52,-4.0],[87.48,-4.0],[87.48,-3.99],[87.45,-3.97],[87.45,-3.85],[87.41,-3.82],[87.41,-3.8],[87.38,-3.79],[87.38,-3.77],[87.34,-3.75],[87.34,-3.74],[87.3,-3.7],[87.3,-3.69],[87.27,-3.67],[87.27,-3.62],[87.23,-3.6],[87.23,-3.57],[87.27,-3.55],[87.27,-3.52],[87.3,-3.5],[87.38,-3.5],[87.41,-3.49],[87.45,-3.49],[87.45,-3.42],[87.41,-3.4],[87.38,-3.4],[87.38,-3.37],[87.34,-3.35],[87.34,-3.2],[87.27,-3.19],[87.27,-3.11],[87.23,-3.07],[87.23,-2.91],[87.16,-2.87],[87.16,-2.74],[87.12,-2.71],[87.12,-2.64],[87.09,-2.61],[87.09,-2.59],[87.05,-2.57],[87.05,-2.54],[87.02,-2.54],[87.02,-2.52],[86.98,-2.51],[86.98,-2.47],[86.94,-2.46],[86.94,-2.42],[87.02,-2.41],[87.05,-2.41],[87.12,-2.37],[87.12,-2.34],[87.16,-2.34],[87.16,-2.23],[87.2,-2.21],[87.2,-2.18]],[[87.74,-3.45],[87.74,-3.4],[87.66,-3.4],[87.66,-3.49],[87.74,-3.49],[87.74,-3.45]],[[85.36,-4.35],[85.36,-4.32],[85.29,-4.3],[85.29,-4.32],[85.25,-4.33],[85.25,-4.37],[85.29,-4.38],[85.29,-4.4],[85.36,-4.38],[85.36,-4.35]],[[85.47,-5.45],[85.47,-5.41],[85.4,-5.4],[85.36,-5.43],[85.36,-5.48],[85.43,-5.5],[85.47,-5.48],[85.47,-5.45]]]}},{"type":"Feature","properties":{"precip":70},"geometry":{"type":"Polygon","coordinates":[[[78.85,-2.54],[78.85,-2.52],[78.92,-2.51],[78.99,-2.49],[79.06,-2.51],[79.13,-2.52],[79.13,-2.59],[79.06,-2.61],[79.06,-2.62],[79.03,-2.64],[79.06,-2.66],[79.06,-2.69],[79.1,-2.69],[79.17,-2.71],[79.28,-2.69],[79.35,-2.67],[79.35,-2.61],[79.42,-2.61],[79.42,-2.69],[79.42,-2.71],[79.42,-2.96],[79.49,-2.99],[79.49,-3.01],[79.49,-3.02],[79.49,-3.04],[79.57,-3.09],[79.57,-3.12],[79.64,-3.14],[79.64,-3.24],[79.57,-3.27],[79.49,-3.37],[79.42,-3.42],[79.42,-3.45],[79.28,-3.5],[79.28,-3.52],[79.24,-3.54],[79.24,-3.67],[79.13,-3.7],[79.03,-3.7],[78.95,-3.74],[78.92,-3.75],[78.92,-3.79],[78.85,-3.77],[78.85,-3.74],[78.81,-3.74],[78.81,-3.7],[78.77,-3.7],[78.7,-3.7],[78.63,-3.67],[78.63,-3.62],[78.67,-3.62],[78.67,-3.6],[78.74,-3.57],[78.74,-3.44],[78.77,-3.42],[78.77,-3.4],[78.81,-3.4],[78.81,-3.34],[78.85,-3.32],[78.85,-3.09],[78.81,-3.06],[78.81,-3.01],[78.77,-3.01],[78.77,-2.99],[78.74,-2.97],[78.74,-2.86],[78.7,-2.82],[78.7,-2.81],[78.67,-2.79],[78.67,-2.77],[78.63,-2.76],[78.56,-2.69],[78.56,-2.62],[78.63,-2.61],[78.74,-2.61],[78.81,-2.59],[78.81,-2.57],[78.85,-2.54]]]}},{"type":"Feature","properties":{"precip":70},"geometry":{"type":"Polygon","coordinates":[[[85.65,-2.72],[85.65,-2.71],[85.79,-2.71],[85.79,-2.72],[85.83,-2.74],[85.83,-2.91],[85.72,-2.86],[85.72,-2.82],[85.65,-2.77],[85.65,-2.72]]]}},{"type":"Feature","properties":{"precip":70},"geometry":{"type":"Polygon","coordinates":[[[85.65,-3.04],[85.65,-3.01],[85.72,-3.01],[85.72,-3.09],[85.65,-3.11],[85.65,-3.04]]]}},{"type":"Feature","properties":{"precip":70},"geometry":{"type":"Polygon","coordinates":[[[76.97,-3.32],[77.01,-3.27],[77.05,-3.24],[77.12,-3.2],[77.15,-3.24],[77.15,-3.34],[77.19,-3.35],[77.19,-3.39],[77.26,-3.4],[77.33,-3.42],[77.41,-3.47],[77.41,-3.5],[77.44,-3.54],[77.44,-3.59],[77.48,-3.62],[77.48,-3.64],[77.44,-3.65],[77.44,-3.69],[77.33,-3.7],[77.26,-3.7],[77.19,-3.7],[77.15,-3.74],[77.15,-3.77],[77.12,-3.77],[77.08,-3.79],[77.01,-3.79],[76.97,-3.8],[76.9,-3.79],[76.83,-3.79],[76.79,-3.77],[76.76,-3.77],[76.76,-3.7],[76.83,-3.7],[76.83,-3.65],[76.87,-3.62],[76.87,-3.49],[76.9,-3.45],[76.9,-3.42],[76.94,-3.37],[76.94,-3.35],[76.97,-3.32]]]}},{"type":"Feature","properties":{"precip":70},"geometry":{"type":"Polygon","coordinates":[[[76.15,-4.15],[76.15,-4.13],[76.18,-4.13],[76.18,-4.1],[76.25,-4.1],[76.33,-4.12],[76.36,-4.13],[76.36,-4.15],[76.33,-4.17],[76.33,-4.18],[76.29,-4.2],[76.22,-4.2],[76.15,-4.17],[76.15,-4.15]]]}},{"type":"Feature","properties":{"precip":70},"geometry":{"type":"Polygon","coordinates":[[[66.21,-4.68],[66.28,-4.63],[66.28,-4.62],[66.36,-4.6],[66.36,-4.67],[66.28,-4.72],[66.28,-4.73],[66.21,-4.78],[66.18,-4.78],[66.18,-4.72],[66.21,-4.68]]]}},{"type":"Feature","properties":{"precip":70},"geometry":{"type":"Polygon","coordinates":[[[77.55,-4.65],[77.59,-4.63],[77.59,-4.6],[77.66,-4.6],[77.66,-4.68],[77.59,-4.7],[77.59,-4.68],[77.55,-4.67],[77.55,-4.65]]]}},{"type":"Feature","properties":{"precip":70},"geometry":{"type":"Polygon","coordinates":[[[84.96,-4.7],[84.96,-4.63],[85.0,-4.6],[85.04,-4.6],[85.04,-4.65],[85.07,-4.65],[85.07,-4.73],[85.04,-4.77],[85.04,-4.8],[85.0,-4.8],[85.0,-4.78],[84.96,-4.77],[84.96,-4.7]]]}},{"type":"Feature","properties":{"precip":70},"geometry":{"type":"Polygon","coordinates":[[[73.05,-4.8],[73.05,-4.73],[73.09,-4.72],[73.16,-4.73],[73.23,-4.8],[73.23,-4.83],[73.27,-4.85],[73.27,-4.88],[73.23,-4.9],[73.12,-4.9],[73.09,-4.88],[73.05,-4.85],[73.05,-4.8]]]}},{"type":"Feature","properties":{"precip":70},"geometry":{"type":"Polygon","coordinates":[[[76.87,-4.75],[76.87,-4.73],[76.94,-4.72],[77.05,-4.7],[77.15,-4.7],[77.26,-4.72],[77.37,-4.73],[77.44,-4.75],[77.51,-4.78],[77.51,-4.8],[77.55,-4.82],[77.55,-4.88],[77.51,-4.9],[77.51,-4.91],[77.44,-4.96],[77.44,-4.98],[77.41,-5.01],[77.41,-5.05],[77.37,-5.06],[77.37,-5.15],[77.33,-5.16],[77.33,-5.18],[77.23,-5.21],[77.15,-5.25],[77.12,-5.28],[77.12,-5.3],[77.08,-5.31],[77.05,-5.36],[76.97,-5.38],[76.79,-5.4],[76.65,-5.4],[76.54,-5.43],[76.54,-5.48],[76.51,-5.5],[76.47,-5.48],[76.47,-4.95],[76.54,-4.85],[76.65,-4.8],[76.76,-4.8],[76.83,-4.78],[76.87,-4.75]]]}},{"type":"Feature","properties":{"precip":70},"geometry":{"type":"Polygon","coordinates":[[[74.92,-5.25],[74.96,-5.23],[74.96,-5.21],[74.99,-5.2],[75.03,-5.21],[75.03,-5.3],[74.96,-5.3],[74.96,-5.26],[74.92,-5.25]]]}},{"type":"Feature","properties":{"precip":70},"geometry":{"type":"Polygon","coordinates":[[[74.99,-5.48],[75.07,-5.43],[75.14,-5.4],[75.17,-5.4],[75.25,-5.43],[75.25,-5.46],[75.17,-5.5],[75.1,-5.5],[75.03,-5.53],[75.03,-5.56],[75.1,-5.58],[75.21,-5.6],[75.35,-5.6],[75.43,-5.61],[75.5,-5.63],[75.61,-5.68],[75.61,-5.73],[75.64,-5.76],[75.64,-5.86],[75.68,-5.88],[75.68,-5.89],[75.71,-5.89],[75.79,-5.91],[75.79,-5.93],[75.86,-5.99],[75.93,-6.01],[76.07,-6.18],[76.25,-6.29],[76.29,-6.29],[76.36,-6.29],[76.43,-6.33],[76.43,-6.34],[76.47,-6.34],[76.43,-6.36],[76.43,-6.39],[76.36,-6.41],[76.36,-6.48],[76.4,-6.49],[76.47,-6.49],[76.54,-6.53],[76.54,-6.64],[76.58,-6.67],[76.65,-6.71],[76.72,-6.72],[76.76,-6.74],[76.76,-6.86],[76.69,-6.91],[76.61,-6.91],[76.58,-6.91],[76.58,-6.92],[76.54,-6.96],[76.54,-6.97],[76.51,-6.97],[76.47,-7.01],[76.4,-7.01],[76.36,-7.01],[76.25,-7.01],[76.15,-7.04],[76.15,-7.06],[76.18,-7.07],[76.29,-7.09],[76.43,-7.09],[76.51,-7.12],[76.54,-7.14],[76.54,-7.21],[76.47,-7.24],[76.47,-7.29],[76.51,-7.29],[76.54,-7.32],[76.54,-7.45],[76.58,-7.45],[76.58,-7.5],[76.65,-7.52],[76.65,-7.57],[76.58,-7.6],[76.51,-7.6],[76.47,-7.59],[76.47,-7.54],[76.43,-7.54],[76.43,-7.52],[76.36,-7.5],[76.25,-7.5],[76.18,-7.52],[76.15,-7.54],[76.15,-7.57],[76.0,-7.6],[75.61,-7.6],[75.53,-7.59],[75.46,-7.57],[75.43,-7.54],[75.43,-7.52],[75.39,-7.5],[75.32,-7.5],[75.28,-7.49],[75.25,-7.49],[75.25,-7.44],[75.17,-7.41],[75.07,-7.41],[74.99,-7.37],[74.92,-7.34],[74.92,-7.32],[74.85,-7.26],[74.81,-7.21],[74.74,-7.17],[74.67,-7.12],[74.6,-7.09],[74.45,-7.09],[74.45,-7.04],[74.53,-6.96],[74.6,-6.89],[74.67,-6.82],[74.67,-6.79],[74.71,-6.77],[74.71,-6.72],[74.67,-6.71],[74.67,-6.64],[74.63,-6.61],[74.63,-6.39],[74.67,-6.36],[74.67,-6.29],[74.71,-6.29],[74.71,-6.24],[74.67,-6.21],[74.67,-6.18],[74.63,-6.14],[74.49,-6.01],[74.49,-5.99],[74.45,-5.98],[74.45,-5.96],[74.42,-5.93],[74.45,-5.91],[74.53,-5.91],[74.6,-5.93],[74.67,-5.96],[74.67,-5.99],[74.71,-5.99],[74.71,-5.96],[74.74,-5.93],[74.81,-5.91],[74.89,-5.91],[74.99,-5.89],[75.03,-5.88],[75.03,-5.83],[74.99,-5.79],[74.99,-5.78],[74.96,-5.78],[74.96,-5.71],[74.99,-5.71],[74.99,-5.68],[75.03,-5.68],[75.03,-5.63],[74.96,-5.6],[74.96,-5.51],[74.99,-5.48]]]}},{"type":"Feature","properties":{"precip":70},"geometry":{"type":"Polygon","coordinates":[[[75.43,-5.45],[75.46,-5.43],[75.46,-5.41],[75.5,-5.4],[75.61,-5.4],[75.64,-5.43],[75.64,-5.48],[75.57,-5.5],[75.5,-5.5],[75.46,-5.48],[75.46,-5.46],[75.43,-5.45]]]}},{"type":"Feature","properties":{"precip":70},"geometry":{"type":"Polygon","coordinates":[[[75.75,-5.45],[75.75,-5.4],[75.82,-5.4],[75.82,-5.43],[75.86,-5.43],[75.86,-5.46],[75.82,-5.48],[75.82,-5.5],[75.75,-5.48],[75.75,-5.45]]]}},{"type":"Feature","properties":{"precip":70},"geometry":{"type":"Polygon","coordinates":[[[75.93,-5.45],[75.97,-5.43],[75.97,-5.4],[76.04,-5.4],[76.04,-5.48],[75.97,-5.5],[75.97,-5.46],[75.93,-5.45]]]}},{"type":"Feature","properties":{"precip":70},"geometry":{"type":"Polygon","coordinates":[[[76.15,-5.45],[76.15,-5.43],[76.18,-5.4],[76.22,-5.4],[76.25,-5.43],[76.25,-5.48],[76.22,-5.5],[76.15,-5.48],[76.15,-5.45]]]}},{"type":"Feature","properties":{"precip":70},"geometry":{"type":"Polygon","coordinates":[[[75.75,-5.7],[75.75,-5.61],[75.82,-5.6],[75.82,-5.65],[75.86,-5.66],[75.86,-5.74],[75.82,-5.76],[75.82,-5.79],[75.75,-5.78],[75.75,-5.7]]]}},{"type":"Feature","properties":{"precip":70},"geometry":{"type":"Polygon","coordinates":[[[80.72,-5.91],[80.72,-5.84],[80.79,-5.83],[80.79,-5.79],[80.79,-5.83],[80.86,-5.83],[80.86,-5.98],[80.79,-5.99],[80.79,-5.98],[80.72,-5.96],[80.72,-5.91]]]}},{"type":"Feature","properties":{"precip":70},"geometry":{"type":"Polygon","coordinates":[[[83.92,-5.88],[83.92,-5.86],[83.99,-5.83],[84.06,-5.83],[84.14,-5.79],[84.21,-5.79],[84.28,-5.81],[84.35,-5.83],[84.35,-5.96],[84.39,-5.96],[84.39,-5.99],[84.46,-5.99],[84.68,-5.99],[84.78,-6.01],[84.82,-6.01],[84.86,-6.04],[84.86,-6.16],[84.89,-6.18],[84.89,-6.21],[84.96,-6.24],[84.96,-6.28],[84.93,-6.28],[84.93,-6.29],[84.89,-6.29],[84.89,-6.33],[84.86,-6.34],[84.86,-6.49],[84.78,-6.51],[84.78,-6.56],[84.75,-6.56],[84.75,-6.67],[84.71,-6.67],[84.64,-6.71],[84.57,-6.71],[84.46,-6.67],[84.46,-6.62],[84.39,-6.61],[84.32,-6.61],[84.28,-6.59],[84.28,-6.57],[84.24,-6.56],[84.24,-6.53],[84.21,-6.51],[84.14,-6.49],[84.06,-6.48],[84.06,-6.39],[83.99,-6.38],[83.99,-6.33],[83.99,-6.31],[83.99,-6.29],[83.92,-6.28],[83.92,-6.24],[83.92,-6.21],[83.85,-6.13],[83.85,-5.96],[83.92,-5.88]]]}},{"type":"Feature","properties":{"precip":70},"geometry":{"type":"Polygon","coordinates":[[[21.65,-41.06],[21.69,-41.01],[21.79,-41.01],[21.87,-41.02],[21.87,-41.07],[21.83,-41.09],[21.69,-41.09],[21.65,-41.06]]]}},{"type":"Feature","properties":{"precip":70},"geometry":{"type":"Polygon","coordinates":[[[22.33,-41.26],[22.33,-41.22],[22.44,-41.21],[22.51,-41.21],[22.62,-41.22],[22.62,-41.29],[22.55,-41.3],[22.41,-41.3],[22.33,-41.29],[22.33,-41.26]]]}},{"type":"Feature","properties":{"precip":120},"geometry":{"type":"Polygon","coordinates":[[[57.61,3.12],[57.65,3.17],[57.68,3.19],[57.72,3.19],[57.72,3.17],[57.75,3.14],[57.75,2.69],[57.72,2.66],[57.72,2.61],[57.68,2.61],[57.68,2.57],[57.65,2.56],[57.65,2.44],[57.68,2.42],[57.68,2.41],[57.72,2.41],[57.72,2.37],[57.75,2.36],[57.75,2.12],[57.72,2.11],[57.72,2.09],[57.68,2.11],[57.65,2.12],[57.65,2.16],[57.61,2.19],[57.57,2.26],[57.57,2.31],[57.54,2.37],[57.54,2.57],[57.47,2.61],[57.29,2.61],[57.18,2.57],[57.14,2.56],[57.14,2.52],[57.11,2.51],[57.07,2.51],[57.07,2.52],[57.03,2.54],[57.03,2.56],[56.96,2.62],[56.96,2.69],[57.0,2.71],[57.07,2.71],[57.14,2.72],[57.14,2.77],[57.18,2.79],[57.25,2.8],[57.29,2.8],[57.36,2.82],[57.43,2.84],[57.54,2.92],[57.54,3.02],[57.57,3.04],[57.57,3.09],[57.61,3.12]]]}},{"type":"Feature","properties":{"precip":120},"geometry":{"type":"Polygon","coordinates":[[[56.93,2.36],[56.96,2.37],[56.96,2.39],[57.07,2.41],[57.07,2.39],[57.14,2.37],[57.14,2.32],[57.11,2.31],[57.03,2.31],[56.96,2.31],[56.96,2.32],[56.93,2.34],[56.93,2.36]]]}},{"type":"Feature","properties":{"precip":120},"geometry":{"type":"Polygon","coordinates":[[[60.16,2.31],[60.16,2.37],[60.2,2.39],[60.24,2.39],[60.24,2.29],[60.27,2.26],[60.27,2.21],[60.31,2.21],[60.31,2.19],[60.34,2.19],[60.34,2.12],[60.31,2.11],[60.31,2.07],[60.24,2.04],[60.16,2.01],[60.09,2.01],[60.06,2.02],[60.06,2.19],[60.13,2.19],[60.13,2.24],[60.16,2.26],[60.16,2.31]]]}},{"type":"Feature","properties":{"precip":120},"geometry":{"type":"Polygon","coordinates":[[[61.6,2.31],[61.6,2.34],[61.64,2.37],[61.71,2.39],[61.75,2.39],[61.86,2.36],[61.89,2.31],[61.89,2.29],[61.93,2.27],[61.93,2.21],[61.89,2.21],[61.89,2.19],[61.86,2.19],[61.86,2.12],[61.78,1.99],[61.75,1.96],[61.68,1.93],[61.6,1.91],[61.53,1.91],[61.46,1.93],[61.39,1.97],[61.39,2.01],[61.35,2.04],[61.35,2.17],[61.42,2.19],[61.46,2.19],[61.57,2.26],[61.57,2.27],[61.6,2.31]],[[61.75,2.14],[61.75,2.17],[61.71,2.19],[61.64,2.19],[61.64,2.11],[61.68,2.11],[61.68,2.09],[61.75,2.12],[61.75,2.14]]]}},{"type":"Feature","properties":{"precip":120},"geometry":{"type":"Polygon","coordinates":[[[59.55,1.96],[59.55,2.07],[59.59,2.09],[59.62,2.09],[59.62,2.04],[59.66,2.02],[59.66,1.93],[59.73,1.91],[59.8,1.89],[59.8,1.88],[59.84,1.86],[59.84,1.73],[59.8,1.69],[59.77,1.69],[59.77,1.73],[59.73,1.73],[59.73,1.79],[59.7,1.79],[59.62,1.79],[59.59,1.81],[59.55,1.83],[59.55,1.96]]]}},{"type":"Feature","properties":{"precip":120},"geometry":{"type":"Polygon","coordinates":[[[59.23,1.84],[59.23,1.91],[59.26,1.94],[59.26,1.99],[59.3,2.01],[59.3,1.97],[59.34,1.96],[59.34,1.74],[59.3,1.73],[59.3,1.69],[59.26,1.71],[59.26,1.76],[59.23,1.79],[59.23,1.84]]]}},{"type":"Feature","properties":{"precip":120},"geometry":{"type":"Polygon","coordinates":[[[63.37,1.96],[63.37,1.99],[63.44,2.01],[63.44,1.97],[63.48,1.96],[63.48,1.93],[63.55,1.91],[63.66,1.91],[63.69,1.89],[63.73,1.86],[63.73,1.74],[63.76,1.73],[63.76,1.71],[63.8,1.69],[63.8,1.71],[63.84,1.73],[63.84,1.81],[63.87,1.86],[63.87,1.89],[63.94,1.96],[63.98,1.97],[64.05,1.96],[64.05,1.94],[64.02,1.93],[64.02,1.91],[63.98,1.91],[63.98,1.89],[63.94,1.88],[63.94,1.74],[63.91,1.73],[63.91,1.71],[63.87,1.69],[63.87,1.68],[63.84,1.66],[63.84,1.44],[63.8,1.43],[63.8,1.39],[63.76,1.39],[63.76,1.38],[63.73,1.36],[63.73,1.24],[63.76,1.23],[63.76,1.21],[63.84,1.18],[63.84,1.13],[63.76,1.09],[63.69,1.09],[63.66,1.06],[63.66,1.03],[63.62,1.0],[63.58,1.03],[63.58,1.06],[63.51,1.09],[63.4,1.11],[63.4,1.13],[63.37,1.14],[63.37,1.21],[63.33,1.24],[63.33,1.28],[63.3,1.29],[63.3,1.33],[63.26,1.34],[63.26,1.36],[63.19,1.41],[63.19,1.49],[63.22,1.51],[63.26,1.53],[63.26,1.68],[63.19,1.71],[63.19,1.73],[63.15,1.74],[63.15,1.84],[63.19,1.86],[63.19,1.89],[63.22,1.91],[63.3,1.91],[63.33,1.91],[63.33,1.93],[63.37,1.93],[63.37,1.96]],[[63.66,1.74],[63.66,1.79],[63.62,1.79],[63.51,1.79],[63.48,1.78],[63.48,1.73],[63.51,1.71],[63.58,1.69],[63.66,1.71],[63.66,1.74]],[[63.48,1.64],[63.48,1.68],[63.44,1.68],[63.44,1.69],[63.37,1.69],[63.37,1.61],[63.44,1.61],[63.44,1.63],[63.48,1.63],[63.48,1.64]],[[63.48,1.44],[63.48,1.48],[63.44,1.48],[63.44,1.51],[63.37,1.49],[63.37,1.41],[63.44,1.39],[63.44,1.43],[63.48,1.43],[63.48,1.44]],[[63.66,1.34],[63.66,1.39],[63.62,1.39],[63.58,1.39],[63.58,1.31],[63.66,1.31],[63.66,1.34]]]}},{"type":"Feature","properties":{"precip":120},"geometry":{"type":"Polygon","coordinates":[[[57.86,1.56],[57.86,1.68],[57.9,1.69],[57.93,1.69],[57.93,1.61],[57.97,1.58],[57.97,1.53],[57.93,1.49],[57.93,1.41],[57.9,1.39],[57.9,1.41],[57.86,1.43],[57.86,1.56]]]}},{"type":"Feature","properties":{"precip":120},"geometry":{"type":"Polygon","coordinates":[[[60.06,1.68],[60.06,1.69],[60.09,1.69],[60.16,1.69],[60.24,1.68],[60.24,1.51],[60.16,1.53],[60.16,1.54],[60.06,1.63],[60.06,1.68]]]}},{"type":"Feature","properties":{"precip":120},"geometry":{"type":"Polygon","coordinates":[[[59.44,1.44],[59.44,1.49],[59.52,1.51],[59.52,1.48],[59.55,1.48],[59.55,1.43],[59.52,1.43],[59.52,1.39],[59.48,1.39],[59.44,1.41],[59.44,1.44]]]}},{"type":"Feature","properties":{"precip":120},"geometry":{"type":"Polygon","coordinates":[[[62.25,1.44],[62.25,1.48],[62.32,1.51],[62.4,1.48],[62.5,1.39],[62.54,1.36],[62.54,1.31],[62.47,1.31],[62.47,1.33],[62.43,1.38],[62.43,1.39],[62.4,1.39],[62.36,1.39],[62.25,1.36],[62.18,1.29],[62.18,1.28],[62.14,1.26],[62.14,1.24],[62.11,1.23],[62.0,1.19],[61.93,1.21],[61.86,1.21],[61.86,1.38],[61.89,1.38],[61.89,1.39],[62.0,1.39],[62.07,1.39],[62.14,1.41],[62.22,1.43],[62.25,1.44]]]}},{"type":"Feature","properties":{"precip":120},"geometry":{"type":"Polygon","coordinates":[[[62.97,1.44],[62.97,1.49],[63.01,1.51],[63.04,1.49],[63.04,1.41],[63.01,1.39],[62.97,1.41],[62.97,1.44]]]}},{"type":"Feature","properties":{"precip":120},"geometry":{"type":"Polygon","coordinates":[[[64.7,1.43],[64.81,1.49],[64.88,1.51],[64.92,1.49],[64.92,1.44],[64.95,1.43],[64.95,1.16],[64.99,1.13],[64.99,1.09],[65.02,1.09],[65.06,1.08],[65.06,1.05],[65.02,1.03],[64.92,1.0],[64.74,1.0],[64.66,1.03],[64.66,1.36],[64.7,1.39],[64.7,1.43]]]}},{"type":"Feature","properties":{"precip":120},"geometry":{"type":"Polygon","coordinates":[[[59.84,1.24],[59.84,1.28],[59.88,1.28],[59.88,1.29],[59.95,1.28],[59.95,1.21],[59.91,1.21],[59.91,1.19],[59.88,1.21],[59.84,1.21],[59.84,1.24]]]}},{"type":"Feature","properties":{"precip":120},"geometry":{"type":"Polygon","coordinates":[[[63.94,1.24],[63.94,1.29],[64.02,1.29],[64.02,1.28],[64.05,1.28],[64.05,1.23],[64.02,1.21],[63.94,1.21],[63.94,1.24]]]}},{"type":"Feature","properties":{"precip":120},"geometry":{"type":"Polygon","coordinates":[[[61.6,1.13],[61.64,1.16],[61.64,1.18],[61.71,1.19],[61.71,1.18],[61.75,1.16],[61.75,1.09],[61.71,1.05],[61.71,1.01],[61.68,0.98],[61.6,0.93],[61.6,0.91],[61.57,0.9],[61.53,0.91],[61.53,1.03],[61.57,1.06],[61.57,1.09],[61.6,1.13]]]}},{"type":"Feature","properties":{"precip":120},"geometry":{"type":"Polygon","coordinates":[[[62.86,1.16],[62.86,1.19],[62.9,1.19],[62.97,1.16],[62.97,1.13],[63.01,1.11],[63.04,1.11],[63.04,1.14],[63.08,1.16],[63.08,1.18],[63.15,1.19],[63.15,1.11],[63.08,1.09],[63.08,1.05],[63.04,1.01],[63.04,0.91],[63.01,0.9],[62.97,0.91],[62.97,1.03],[62.94,1.05],[62.94,1.09],[62.9,1.09],[62.86,1.11],[62.86,1.16]]]}},{"type":"Feature","properties":{"precip":120},"geometry":{"type":"Polygon","coordinates":[[[58.65,0.75],[58.65,0.76],[58.69,0.78],[58.69,0.8],[58.76,0.8],[58.76,0.71],[58.69,0.7],[58.69,0.73],[58.65,0.73],[58.65,0.75]]]}},{"type":"Feature","properties":{"precip":120},"geometry":{"type":"Polygon","coordinates":[[[36.88,0.65],[36.88,0.7],[36.95,0.7],[36.95,0.6],[36.88,0.61],[36.88,0.65]]]}},{"type":"Feature","properties":{"precip":120},"geometry":{"type":"Polygon","coordinates":[[[62.83,0.51],[62.83,0.55],[62.9,0.58],[62.94,0.6],[62.97,0.58],[62.97,0.56],[62.94,0.55],[62.94,0.51],[62.9,0.5],[62.9,0.48],[62.83,0.43],[62.83,0.41],[62.79,0.41],[62.76,0.41],[62.76,0.46],[62.83,0.51]]]}},{"type":"Feature","properties":{"precip":120},"geometry":{"type":"Polygon","coordinates":[[[63.8,0.43],[63.87,0.48],[63.87,0.5],[63.91,0.5],[63.94,0.48],[63.94,0.4],[63.91,0.35],[63.91,0.31],[63.87,0.28],[63.8,0.23],[63.8,0.22],[63.76,0.2],[63.73,0.22],[63.73,0.33],[63.76,0.36],[63.76,0.4],[63.8,0.43]]]}},{"type":"Feature","properties":{"precip":120},"geometry":{"type":"Polygon","coordinates":[[[62.97,0.25],[62.97,0.3],[63.04,0.3],[63.04,0.2],[62.97,0.2],[62.97,0.25]]]}},{"type":"Feature","properties":{"precip":120},"geometry":{"type":"Polygon","coordinates":[[[63.84,0.05],[63.84,0.08],[63.91,0.1],[63.91,0.08],[63.94,0.08],[63.94,0.02],[63.91,0.02],[63.91,-0.0],[63.87,-0.0],[63.84,0.02],[63.84,0.05]]]}},{"type":"Feature","properties":{"precip":120},"geometry":{"type":"Polygon","coordinates":[[[58.65,-0.05],[58.65,-0.03],[58.69,-0.02],[58.69,-0.0],[58.76,-0.0],[58.76,-0.08],[58.69,-0.1],[58.69,-0.08],[58.65,-0.07],[58.65,-0.05]]]}},{"type":"Feature","properties":{"precip":120},"geometry":{"type":"Polygon","coordinates":[[[72.37,-0.05],[72.37,-0.0],[72.4,-0.0],[72.47,-0.05],[72.47,-0.07],[72.51,-0.1],[72.51,-0.12],[72.55,-0.13],[72.55,-0.17],[72.51,-0.18],[72.51,-0.22],[72.44,-0.25],[72.44,-0.27],[72.4,-0.28],[72.37,-0.28],[72.37,-0.27],[72.33,-0.25],[72.33,-0.22],[72.29,-0.22],[72.26,-0.23],[72.26,-0.27],[72.22,-0.28],[72.15,-0.3],[72.11,-0.3],[72.04,-0.25],[71.97,-0.18],[71.97,-0.12],[72.01,-0.1],[72.15,-0.1],[72.19,-0.1],[72.33,-0.08],[72.33,-0.07],[72.37,-0.05]]]}},{"type":"Feature","properties":{"precip":120},"geometry":{"type":"Polygon","coordinates":[[[64.56,-0.35],[64.56,-0.32],[64.59,-0.3],[64.66,-0.3],[64.74,-0.32],[64.74,-0.38],[64.66,-0.4],[64.59,-0.4],[64.56,-0.38],[64.56,-0.35]]]}},{"type":"Feature","properties":{"precip":120},"geometry":{"type":"Polygon","coordinates":[[[58.83,-0.47],[58.87,-0.42],[58.9,-0.42],[58.94,-0.43],[58.94,-0.57],[58.98,-0.58],[59.01,-0.58],[59.05,-0.57],[59.05,-0.52],[59.08,-0.52],[59.12,-0.53],[59.19,-0.58],[59.23,-0.63],[59.23,-0.76],[59.26,-0.76],[59.26,-0.78],[59.3,-0.8],[59.37,-0.8],[59.44,-0.83],[59.44,-0.98],[59.48,-1.0],[59.48,-1.01],[59.52,-1.01],[59.52,-1.05],[59.55,-1.05],[59.52,-1.06],[59.52,-1.08],[59.44,-1.13],[59.44,-1.28],[59.48,-1.3],[59.52,-1.3],[59.52,-1.35],[59.55,-1.36],[59.55,-1.48],[59.62,-1.49],[59.62,-1.46],[59.66,-1.45],[59.66,-1.35],[59.73,-1.26],[59.77,-1.23],[59.8,-1.23],[59.91,-1.2],[59.95,-1.2],[60.02,-1.21],[60.02,-1.23],[60.06,-1.25],[60.06,-1.38],[60.13,-1.4],[60.13,-1.46],[60.16,-1.49],[60.16,-1.68],[60.2,-1.69],[60.27,-1.71],[60.34,-1.74],[60.38,-1.78],[60.45,-1.84],[60.45,-1.96],[60.49,-1.98],[60.49,-1.99],[60.52,-1.99],[60.52,-2.03],[60.56,-2.06],[60.56,-2.34],[60.52,-2.37],[60.52,-2.39],[60.49,-2.41],[60.49,-2.44],[60.45,-2.46],[60.45,-2.67],[60.42,-2.67],[60.42,-2.69],[60.38,-2.69],[60.31,-2.71],[60.27,-2.72],[60.27,-2.77],[60.24,-2.79],[60.24,-2.87],[60.2,-2.89],[60.13,-2.91],[60.06,-2.87],[60.06,-2.82],[60.02,-2.82],[60.02,-2.81],[59.98,-2.79],[59.98,-2.82],[59.95,-2.82],[59.95,-2.97],[59.98,-2.99],[59.98,-3.01],[60.02,-3.01],[60.02,-3.02],[60.06,-3.02],[60.06,-3.07],[60.02,-3.09],[59.95,-3.09],[59.84,-3.09],[59.8,-3.09],[59.73,-3.02],[59.7,-3.02],[59.7,-2.99],[59.66,-2.96],[59.66,-2.72],[59.62,-2.69],[59.62,-2.61],[59.59,-2.61],[59.52,-2.61],[59.44,-2.57],[59.44,-2.52],[59.41,-2.52],[59.41,-2.51],[59.37,-2.49],[59.3,-2.49],[59.26,-2.49],[59.26,-2.46],[59.23,-2.46],[59.23,-2.34],[59.19,-2.32],[59.19,-2.29],[59.16,-2.28],[59.08,-2.23],[58.98,-2.21],[58.9,-2.21],[58.83,-2.23],[58.83,-2.28],[58.76,-2.31],[58.76,-2.29],[58.69,-2.29],[58.69,-2.24],[58.65,-2.23],[58.65,-2.11],[58.62,-2.11],[58.62,-2.09],[58.58,-2.08],[58.58,-1.63],[58.65,-1.59],[58.72,-1.59],[58.76,-1.58],[58.76,-1.53],[58.8,-1.51],[58.83,-1.49],[58.9,-1.51],[58.9,-1.54],[58.94,-1.58],[58.94,-1.76],[58.98,-1.78],[58.98,-1.79],[59.05,-1.79],[59.12,-1.79],[59.16,-1.79],[59.23,-1.78],[59.23,-1.71],[59.16,-1.69],[59.16,-1.64],[59.12,-1.63],[59.12,-1.51],[59.08,-1.51],[59.08,-1.48],[59.05,-1.46],[59.05,-1.18],[59.01,-1.11],[59.01,-1.05],[58.94,-0.95],[58.9,-0.93],[58.87,-0.91],[58.83,-0.9],[58.8,-0.88],[58.8,-0.85],[58.76,-0.8],[58.76,-0.66],[58.8,-0.58],[58.8,-0.53],[58.83,-0.47]],[[60.06,-1.54],[60.06,-1.51],[59.98,-1.49],[59.98,-1.51],[59.95,-1.51],[59.95,-1.58],[60.02,-1.59],[60.02,-1.58],[60.06,-1.58],[60.06,-1.54]]]}},{"type":"Feature","properties":{"precip":120},"geometry":{"type":"Polygon","coordinates":[[[97.53,-0.58],[97.53,-0.57],[97.56,-0.55],[97.56,-0.52],[97.63,-0.5],[97.74,-0.5],[97.78,-0.52],[97.81,-0.53],[97.81,-0.57],[97.81,-0.58],[97.81,-0.6],[97.78,-0.6],[97.78,-0.61],[97.74,-0.63],[97.74,-0.78],[97.67,-0.8],[97.67,-0.78],[97.6,-0.71],[97.56,-0.68],[97.56,-0.65],[97.53,-0.61],[97.53,-0.58]]]}},{"type":"Feature","properties":{"precip":120},"geometry":{"type":"Polygon","coordinates":[[[57.97,-0.95],[57.97,-0.9],[58.0,-0.91],[58.04,-0.93],[58.11,-1.01],[58.18,-1.06],[58.18,-1.08],[58.26,-1.06],[58.26,-1.03],[58.29,-1.0],[58.33,-1.0],[58.36,-1.03],[58.36,-1.15],[58.33,-1.16],[58.33,-1.18],[58.26,-1.2],[58.18,-1.2],[58.11,-1.2],[58.08,-1.18],[58.08,-1.15],[58.04,-1.13],[58.04,-1.01],[58.0,-1.0],[57.97,-1.0],[57.97,-0.95]]]}},{"type":"Feature","properties":{"precip":120},"geometry":{"type":"Polygon","coordinates":[[[57.65,-1.05],[57.65,-1.03],[57.68,-1.01],[57.68,-1.0],[57.72,-1.0],[57.75,-1.01],[57.75,-1.08],[57.68,-1.1],[57.68,-1.08],[57.65,-1.08],[57.65,-1.05]]]}},{"type":"Feature","properties":{"precip":120},"geometry":{"type":"Polygon","coordinates":[[[64.56,-1.03],[64.56,-1.01],[64.59,-1.0],[64.7,-1.0],[64.74,-1.03],[64.74,-1.2],[64.66,-1.18],[64.66,-1.16],[64.56,-1.06],[64.56,-1.03]]]}},{"type":"Feature","properties":{"precip":120},"geometry":{"type":"Polygon","coordinates":[[[95.91,-1.25],[95.98,-1.2],[96.05,-1.16],[96.05,-1.13],[96.19,-1.1],[96.19,-1.11],[96.27,-1.15],[96.27,-1.18],[96.34,-1.2],[96.45,-1.2],[96.52,-1.23],[96.55,-1.25],[96.55,-1.33],[96.52,-1.36],[96.52,-1.4],[96.45,-1.46],[96.34,-1.49],[96.27,-1.49],[96.12,-1.51],[96.12,-1.56],[96.12,-1.58],[96.05,-1.59],[95.98,-1.59],[95.76,-1.59],[95.69,-1.58],[95.65,-1.56],[95.65,-1.43],[95.69,-1.43],[95.69,-1.4],[95.76,-1.4],[95.8,-1.38],[95.91,-1.31],[95.91,-1.28],[95.91,-1.25]]]}},{"type":"Feature","properties":{"precip":120},"geometry":{"type":"Polygon","coordinates":[[[60.16,-1.25],[60.16,-1.21],[60.2,-1.2],[60.24,-1.21],[60.24,-1.3],[60.2,-1.3],[60.16,-1.3],[60.16,-1.25]]]}},{"type":"Feature","properties":{"precip":120},"geometry":{"type":"Polygon","coordinates":[[[92.16,-1.64],[92.16,-1.63],[92.16,-1.61],[92.24,-1.59],[92.31,-1.59],[92.34,-1.61],[92.42,-1.63],[92.49,-1.68],[92.52,-1.69],[92.52,-1.73],[92.52,-1.74],[92.52,-1.79],[92.49,-1.79],[92.49,-1.74],[92.42,-1.71],[92.34,-1.69],[92.24,-1.69],[92.16,-1.68],[92.16,-1.64]]]}},{"type":"Feature","properties":{"precip":120},"geometry":{"type":"Polygon","coordinates":[[[87.3,-2.47],[87.38,-2.44],[87.45,-2.41],[87.52,-2.41],[87.56,-2.44],[87.56,-2.54],[87.59,-2.56],[87.59,-2.59],[87.63,-2.61],[87.7,-2.61],[87.74,-2.61],[87.74,-2.62],[87.74,-2.64],[87.74,-2.67],[87.74,-2.69],[87.74,-2.71],[87.7,-2.71],[87.7,-2.72],[87.66,-2.72],[87.66,-2.84],[87.63,-2.86],[87.63,-2.91],[87.59,-2.91],[87.59,-2.92],[87.52,-2.97],[87.45,-3.01],[87.38,-2.99],[87.38,-2.91],[87.45,-2.89],[87.45,-2.72],[87.41,-2.71],[87.3,-2.69],[87.23,-2.66],[87.23,-2.56],[87.3,-2.47]]]}},{"type":"Feature","properties":{"precip":120},"geometry":{"type":"Polygon","coordinates":[[[79.1,-2.77],[79.13,-2.76],[79.13,-2.72],[79.17,-2.72],[79.17,-2.71],[79.21,-2.71],[79.28,-2.76],[79.28,-2.79],[79.35,-2.86],[79.35,-2.96],[79.42,-2.99],[79.42,-3.01],[79.49,-3.01],[79.53,-3.02],[79.53,-3.06],[79.57,-3.09],[79.57,-3.22],[79.53,-3.24],[79.53,-3.29],[79.49,-3.3],[79.42,-3.3],[79.39,-3.29],[79.28,-3.19],[79.28,-3.16],[79.24,-3.12],[79.24,-3.04],[79.21,-3.02],[79.21,-3.01],[79.1,-2.99],[79.1,-2.97],[79.06,-2.96],[79.06,-2.82],[79.1,-2.77]]]}},{"type":"Feature","properties":{"precip":120},"geometry":{"type":"Polygon","coordinates":[[[85.54,-3.8],[85.54,-3.74],[85.58,-3.72],[85.68,-3.7],[85.79,-3.7],[85.83,-3.72],[85.83,-3.77],[85.79,-3.79],[85.72,-3.87],[85.68,-3.89],[85.61,-3.9],[85.54,-3.87],[85.54,-3.8]]]}},{"type":"Feature","properties":{"precip":120},"geometry":{"type":"Polygon","coordinates":[[[87.84,-4.05],[87.84,-4.0],[87.92,-4.0],[87.92,-4.03],[87.95,-4.03],[87.95,-4.07],[87.92,-4.07],[87.92,-4.1],[87.84,-4.08],[87.84,-4.05]]]}},{"type":"Feature","properties":{"precip":120},"geometry":{"type":"Polygon","coordinates":[[[85.83,-4.35],[85.83,-4.33],[85.86,-4.32],[85.86,-4.3],[85.94,-4.3],[85.94,-4.4],[85.86,-4.4],[85.86,-4.38],[85.83,-4.37],[85.83,-4.35]]]}},{"type":"Feature","properties":{"precip":120},"geometry":{"type":"Polygon","coordinates":[[[87.95,-4.8],[87.95,-4.72],[88.02,-4.7],[88.1,-4.7],[88.1,-4.72],[88.1,-4.75],[88.17,-4.77],[88.24,-4.8],[88.38,-4.8],[88.64,-4.8],[88.67,-4.82],[88.74,-4.83],[88.74,-5.05],[88.71,-5.08],[88.71,-5.1],[88.67,-5.1],[88.67,-5.15],[88.64,-5.16],[88.64,-5.25],[88.67,-5.26],[88.67,-5.28],[88.74,-5.3],[88.82,-5.31],[88.82,-5.33],[88.85,-5.33],[88.85,-5.36],[88.74,-5.4],[88.67,-5.4],[88.6,-5.4],[88.53,-5.4],[88.46,-5.4],[88.31,-5.4],[88.1,-5.4],[88.02,-5.36],[88.02,-5.33],[88.02,-5.3],[88.02,-5.11],[87.95,-5.1],[87.95,-5.08],[87.95,-5.01],[87.95,-5.0],[87.95,-4.98],[88.02,-4.98],[88.02,-4.93],[87.95,-4.91],[87.95,-4.9],[87.95,-4.88],[87.95,-4.8]]]}},{"type":"Feature","properties":{"precip":120},"geometry":{"type":"Polygon","coordinates":[[[76.76,-5.05],[76.76,-4.93],[76.79,-4.91],[76.87,-4.9],[77.12,-4.9],[77.23,-4.93],[77.26,-4.93],[77.26,-4.98],[77.23,-4.98],[77.23,-5.0],[77.19,-5.0],[77.19,-5.01],[77.15,-5.03],[77.15,-5.15],[77.08,-5.2],[77.01,-5.2],[76.9,-5.2],[76.79,-5.2],[76.79,-5.18],[76.76,-5.16],[76.76,-5.05]]]}},{"type":"Feature","properties":{"precip":120},"geometry":{"type":"Polygon","coordinates":[[[85.9,-5.28],[85.97,-5.2],[86.04,-5.15],[86.19,-5.11],[86.26,-5.1],[86.33,-5.1],[86.48,-5.11],[86.55,-5.16],[86.62,-5.21],[86.69,-5.3],[86.73,-5.33],[86.73,-5.38],[86.66,-5.43],[86.62,-5.48],[86.55,-5.53],[86.44,-5.58],[86.33,-5.6],[86.26,-5.6],[86.19,-5.61],[86.12,-5.63],[86.12,-5.68],[86.12,-5.7],[86.04,-5.7],[85.97,-5.7],[85.97,-5.68],[85.94,-5.68],[85.94,-5.63],[85.9,-5.61],[85.83,-5.6],[85.76,-5.58],[85.76,-5.46],[85.79,-5.41],[85.83,-5.35],[85.9,-5.28]]]}},{"type":"Feature","properties":{"precip":120},"geometry":{"type":"Polygon","coordinates":[[[75.17,-5.99],[75.17,-5.93],[75.21,-5.91],[75.28,-5.91],[75.35,-5.91],[75.43,-5.89],[75.61,-5.91],[75.64,-5.93],[75.64,-5.94],[75.68,-5.98],[75.68,-6.08],[75.68,-6.09],[75.75,-6.09],[75.82,-6.11],[75.82,-6.19],[75.75,-6.21],[75.75,-6.28],[75.89,-6.31],[75.93,-6.33],[75.93,-6.39],[75.86,-6.39],[75.86,-6.43],[75.82,-6.44],[75.82,-6.46],[75.86,-6.48],[75.93,-6.49],[76.07,-6.51],[76.11,-6.51],[76.11,-6.53],[76.15,-6.54],[76.15,-6.57],[76.18,-6.59],[76.25,-6.61],[76.33,-6.61],[76.4,-6.61],[76.4,-6.62],[76.43,-6.64],[76.43,-6.77],[76.36,-6.79],[76.22,-6.79],[76.15,-6.81],[76.07,-6.82],[76.07,-6.84],[76.0,-6.87],[76.0,-6.91],[75.93,-6.94],[75.93,-6.96],[75.82,-7.01],[75.71,-7.01],[75.68,-7.02],[75.68,-7.06],[75.64,-7.07],[75.53,-7.11],[75.5,-7.11],[75.43,-7.09],[75.39,-7.09],[75.39,-7.07],[75.35,-7.06],[75.35,-7.02],[75.28,-7.01],[75.14,-7.01],[75.1,-6.99],[75.07,-6.99],[75.07,-6.92],[75.14,-6.86],[75.21,-6.82],[75.25,-6.81],[75.32,-6.79],[75.35,-6.77],[75.35,-6.61],[75.32,-6.61],[75.28,-6.61],[75.28,-6.64],[75.25,-6.64],[75.25,-6.69],[75.17,-6.69],[75.17,-6.51],[75.25,-6.49],[75.25,-6.38],[75.28,-6.36],[75.28,-6.31],[75.35,-6.29],[75.35,-6.23],[75.28,-6.21],[75.17,-6.21],[75.07,-6.16],[75.07,-6.11],[75.14,-6.09],[75.14,-6.06],[75.17,-6.04],[75.17,-5.99]]]}},{"type":"Feature","properties":{"precip":120},"geometry":{"type":"Polygon","coordinates":[[[84.06,-6.13],[84.06,-6.11],[84.14,-6.09],[84.28,-6.09],[84.35,-6.11],[84.42,-6.13],[84.46,-6.14],[84.46,-6.19],[84.53,-6.19],[84.53,-6.21],[84.6,-6.21],[84.64,-6.21],[84.64,-6.29],[84.6,-6.29],[84.57,-6.31],[84.57,-6.38],[84.6,-6.39],[84.68,-6.39],[84.75,-6.43],[84.75,-6.49],[84.68,-6.49],[84.6,-6.51],[84.6,-6.53],[84.57,-6.53],[84.57,-6.56],[84.53,-6.56],[84.46,-6.53],[84.35,-6.46],[84.28,-6.39],[84.14,-6.23],[84.06,-6.16],[84.06,-6.13]]]}},{"type":"Feature","properties":{"precip":120},"geometry":{"type":"Polygon","coordinates":[[[74.96,-6.66],[74.96,-6.61],[74.99,-6.61],[75.03,-6.61],[75.07,-6.62],[75.07,-6.67],[74.99,-6.71],[74.99,-6.69],[74.96,-6.69],[74.96,-6.66]]]}},{"type":"Feature","properties":{"precip":120},"geometry":{"type":"Polygon","coordinates":[[[75.46,-7.26],[75.5,-7.24],[75.5,-7.22],[75.53,-7.22],[75.61,-7.21],[75.68,-7.19],[75.71,-7.21],[75.79,-7.22],[75.82,-7.24],[75.82,-7.27],[75.79,-7.29],[75.71,-7.31],[75.61,-7.31],[75.5,-7.27],[75.46,-7.26]]]}},{"type":"Feature","properties":{"precip":200},"geometry":{"type":"Polygon","coordinates":[[[57.65,2.76],[57.68,2.77],[57.68,2.79],[57.72,2.8],[57.75,2.79],[57.75,2.71],[57.68,2.71],[57.68,2.74],[57.65,2.74],[57.65,2.76]]]}},{"type":"Feature","properties":{"precip":200},"geometry":{"type":"Polygon","coordinates":[[[61.42,2.17],[61.46,2.19],[61.46,2.21],[61.53,2.19],[61.53,2.14],[61.57,2.14],[61.57,2.11],[61.64,2.09],[61.71,2.09],[61.75,2.07],[61.75,2.01],[61.68,2.01],[61.64,2.01],[61.53,2.04],[61.5,2.07],[61.5,2.11],[61.46,2.11],[61.46,2.16],[61.42,2.17]]]}},{"type":"Feature","properties":{"precip":200},"geometry":{"type":"Polygon","coordinates":[[[63.33,1.83],[63.37,1.86],[63.37,1.88],[63.44,1.89],[63.44,1.86],[63.44,1.76],[63.48,1.73],[63.55,1.69],[63.62,1.71],[63.66,1.73],[63.66,1.78],[63.73,1.78],[63.76,1.76],[63.76,1.74],[63.8,1.73],[63.8,1.69],[63.84,1.68],[63.84,1.61],[63.8,1.61],[63.76,1.63],[63.73,1.66],[63.73,1.68],[63.69,1.69],[63.66,1.68],[63.66,1.64],[63.62,1.61],[63.55,1.59],[63.48,1.61],[63.44,1.63],[63.44,1.68],[63.4,1.69],[63.33,1.69],[63.26,1.71],[63.26,1.76],[63.3,1.79],[63.33,1.83]]]}},{"type":"Feature","properties":{"precip":200},"geometry":{"type":"Polygon","coordinates":[[[64.63,1.34],[64.63,1.36],[64.66,1.36],[64.66,1.39],[64.74,1.39],[64.74,1.29],[64.66,1.29],[64.66,1.33],[64.63,1.34]]]}},{"type":"Feature","properties":{"precip":200},"geometry":{"type":"Polygon","coordinates":[[[58.94,-0.83],[58.94,-0.81],[58.98,-0.8],[59.01,-0.8],[59.01,-0.81],[59.05,-0.83],[59.05,-0.85],[59.08,-0.86],[59.08,-0.9],[59.12,-0.9],[59.12,-0.86],[59.16,-0.83],[59.19,-0.81],[59.19,-0.8],[59.23,-0.8],[59.23,-0.81],[59.26,-0.83],[59.26,-0.96],[59.3,-0.98],[59.41,-1.01],[59.44,-1.03],[59.44,-1.06],[59.41,-1.08],[59.41,-1.1],[59.37,-1.1],[59.3,-1.1],[59.26,-1.08],[59.26,-1.01],[59.23,-1.01],[59.23,-1.0],[59.16,-1.0],[59.08,-0.96],[59.05,-0.93],[58.98,-0.88],[58.94,-0.85],[58.94,-0.83]]]}},{"type":"Feature","properties":{"precip":200},"geometry":{"type":"Polygon","coordinates":[[[58.83,-1.74],[58.83,-1.66],[58.87,-1.64],[58.87,-1.61],[58.9,-1.59],[58.9,-1.61],[58.94,-1.63],[58.94,-1.76],[58.98,-1.78],[58.98,-1.79],[59.01,-1.79],[59.08,-1.79],[59.16,-1.84],[59.16,-1.94],[59.19,-1.98],[59.23,-1.99],[59.26,-1.99],[59.34,-1.96],[59.37,-1.91],[59.44,-1.86],[59.52,-1.79],[59.55,-1.74],[59.59,-1.73],[59.62,-1.71],[59.66,-1.73],[59.66,-1.88],[59.7,-1.88],[59.7,-1.89],[59.73,-1.89],[59.73,-1.93],[59.77,-1.94],[59.77,-2.06],[59.8,-2.08],[59.8,-2.11],[59.84,-2.11],[59.84,-2.14],[59.84,-2.16],[59.88,-2.19],[59.88,-2.21],[59.91,-2.23],[59.91,-2.26],[59.95,-2.28],[59.95,-2.39],[60.02,-2.39],[60.02,-2.36],[60.06,-2.36],[60.06,-2.28],[60.09,-2.23],[60.09,-2.19],[60.13,-2.16],[60.2,-2.11],[60.24,-2.13],[60.24,-2.14],[60.27,-2.16],[60.27,-2.19],[60.31,-2.19],[60.34,-2.19],[60.34,-2.16],[60.34,-2.14],[60.34,-2.03],[60.38,-2.01],[60.45,-2.01],[60.49,-2.01],[60.52,-2.03],[60.52,-2.06],[60.56,-2.08],[60.56,-2.13],[60.52,-2.14],[60.52,-2.18],[60.49,-2.19],[60.38,-2.21],[60.34,-2.23],[60.34,-2.32],[60.34,-2.34],[60.34,-2.39],[60.27,-2.39],[60.24,-2.39],[60.16,-2.42],[60.16,-2.46],[60.09,-2.47],[60.09,-2.49],[60.02,-2.51],[59.95,-2.51],[59.88,-2.49],[59.88,-2.47],[59.84,-2.46],[59.84,-2.32],[59.84,-2.31],[59.77,-2.34],[59.7,-2.41],[59.66,-2.44],[59.66,-2.46],[59.62,-2.47],[59.55,-2.46],[59.55,-2.44],[59.52,-2.42],[59.52,-2.41],[59.37,-2.39],[59.34,-2.37],[59.34,-2.32],[59.3,-2.31],[59.23,-2.29],[59.19,-2.26],[59.12,-2.23],[59.08,-2.18],[59.01,-2.13],[58.94,-2.03],[58.94,-1.93],[58.9,-1.91],[58.9,-1.89],[58.87,-1.89],[58.87,-1.86],[58.83,-1.83],[58.83,-1.74]]]}},{"type":"Feature","properties":{"precip":200},"geometry":{"type":"Polygon","coordinates":[[[60.06,-1.89],[60.06,-1.81],[60.09,-1.81],[60.09,-1.79],[60.13,-1.79],[60.13,-1.84],[60.16,-1.86],[60.16,-1.94],[60.13,-1.96],[60.13,-1.99],[60.09,-2.01],[60.09,-1.99],[60.06,-1.98],[60.06,-1.89]]]}}]}