{"type":"FeatureCollection","features":[{"type":"Feature","properties":{"precip":10},"geometry":{"type":"Polygon","coordinates":[[[95.69,3.79],[95.69,3.75],[95.69,3.72],[95.76,3.67],[95.69,3.65],[95.69,3.6],[95.58,3.58],[95.48,3.48],[95.48,3.42],[95.51,3.42],[95.51,3.38],[95.51,3.37],[95.51,3.23],[95.62,3.2],[95.69,3.2],[95.76,3.15],[95.69,3.1],[95.62,3.1],[95.51,3.12],[95.44,3.17],[95.4,3.2],[95.33,3.22],[95.33,3.27],[95.26,3.3],[95.15,3.3],[95.08,3.3],[95.08,3.33],[95.04,3.33],[95.04,3.38],[94.97,3.4],[94.94,3.4],[94.86,3.43],[94.86,3.53],[94.79,3.55],[94.79,3.6],[94.76,3.6],[94.76,3.52],[94.68,3.5],[94.68,3.53],[94.61,3.57],[94.61,3.72],[94.61,3.75],[94.61,3.79],[94.61,3.79],[94.4,3.79],[94.4,3.77],[94.36,3.75],[94.36,3.67],[94.32,3.62],[94.32,3.6],[94.22,3.52],[94.18,3.5],[94.14,3.53],[94.14,3.62],[94.18,3.67],[94.18,3.7],[94.22,3.72],[94.25,3.75],[94.2,3.79],[95.69,3.79]]]}},{"type":"Feature","properties":{"precip":10},"geometry":{"type":"Polygon","coordinates":[[[98.09,3.79],[98.03,3.75],[97.96,3.72],[97.85,3.7],[97.82,3.72],[97.71,3.79],[98.09,3.79]]]}},{"type":"Feature","properties":{"precip":10},"geometry":{"type":"Polygon","coordinates":[[[99.14,2.5],[99.0,2.5],[98.97,2.46],[98.97,2.38],[98.9,2.36],[98.9,2.33],[98.9,2.3],[98.75,2.3],[98.72,2.31],[98.72,2.36],[98.82,2.45],[98.9,2.5],[98.97,2.53],[99.0,2.58],[99.08,2.58],[99.14,2.61],[99.14,2.5]]]}},{"type":"Feature","properties":{"precip":10},"geometry":{"type":"Polygon","coordinates":[[[16.47,3.79],[16.54,3.77],[16.54,3.74],[16.47,3.7],[16.36,3.7],[16.25,3.65],[16.22,3.62],[16.22,3.6],[16.11,3.52],[16.04,3.5],[15.82,3.5],[15.75,3.53],[15.75,3.75],[15.83,3.79],[16.47,3.79]]]}},{"type":"Feature","properties":{"precip":10},"geometry":{"type":"Polygon","coordinates":[[[95.94,3.75],[95.94,3.79],[96.12,3.79],[96.12,3.79],[96.12,3.75],[96.16,3.72],[96.16,3.62],[96.23,3.6],[96.34,3.57],[96.41,3.5],[96.41,3.47],[96.41,3.45],[96.41,3.42],[96.38,3.42],[96.38,3.4],[96.16,3.4],[96.05,3.42],[96.05,3.45],[96.05,3.57],[95.98,3.6],[95.98,3.62],[95.94,3.67],[95.94,3.75]]]}},{"type":"Feature","properties":{"precip":10},"geometry":{"type":"Polygon","coordinates":[[[19.96,3.65],[19.96,3.69],[20.03,3.7],[20.03,3.67],[20.07,3.62],[20.0,3.6],[19.96,3.6],[19.96,3.65]]]}},{"type":"Feature","properties":{"precip":10},"geometry":{"type":"Polygon","coordinates":[[[32.81,3.62],[32.85,3.67],[32.92,3.7],[32.99,3.6],[33.03,3.58],[33.03,3.55],[33.06,3.5],[33.06,3.42],[33.13,3.38],[33.13,3.17],[33.03,3.02],[32.99,3.02],[32.88,3.12],[32.85,3.17],[32.77,3.27],[32.77,3.3],[32.74,3.33],[32.77,3.37],[32.77,3.4],[32.85,3.43],[32.85,3.47],[32.81,3.47],[32.77,3.5],[32.77,3.6],[32.81,3.62]],[[33.06,3.25],[33.03,3.3],[32.95,3.28],[32.95,3.22],[33.03,3.2],[33.06,3.25]]]}},{"type":"Feature","properties":{"precip":10},"geometry":{"type":"Polygon","coordinates":[[[33.96,3.65],[33.96,3.69],[34.03,3.7],[34.03,3.6],[34.07,3.58],[34.07,3.5],[34.14,3.48],[34.14,3.43],[34.11,3.4],[34.0,3.4],[33.96,3.38],[33.96,3.28],[33.93,3.27],[33.93,3.22],[33.89,3.2],[33.89,3.17],[33.82,3.12],[33.75,3.15],[33.71,3.17],[33.71,3.2],[33.67,3.22],[33.67,3.28],[33.64,3.3],[33.64,3.4],[33.57,3.42],[33.57,3.57],[33.6,3.6],[33.78,3.6],[33.82,3.6],[33.89,3.6],[33.96,3.62],[33.96,3.65]]]}},{"type":"Feature","properties":{"precip":10},"geometry":{"type":"Polygon","coordinates":[[[99.04,3.65],[99.08,3.7],[99.14,3.69],[99.14,3.6],[99.08,3.6],[99.08,3.62],[99.04,3.62],[99.04,3.65]]]}},{"type":"Feature","properties":{"precip":10},"geometry":{"type":"Polygon","coordinates":[[[93.93,3.55],[93.93,3.6],[94.04,3.6],[94.04,3.5],[93.93,3.5],[93.93,3.55]]]}},{"type":"Feature","properties":{"precip":10},"geometry":{"type":"Polygon","coordinates":[[[30.94,3.45],[30.94,3.47],[30.97,3.5],[31.05,3.47],[31.05,3.45],[31.12,3.38],[31.12,3.35],[31.15,3.3],[31.15,3.22],[31.19,3.22],[31.19,3.18],[31.23,3.18],[31.23,3.12],[31.15,3.05],[31.05,3.02],[30.97,3.02],[30.87,2.98],[30.87,2.91],[31.01,2.8],[31.01,2.76],[31.05,2.73],[31.05,2.28],[31.01,2.24],[31.01,2.21],[30.9,2.19],[30.72,2.19],[30.72,2.18],[30.65,2.16],[30.65,2.13],[30.61,2.13],[30.61,2.11],[30.54,2.11],[30.51,2.09],[30.47,2.09],[30.47,2.06],[30.43,2.04],[30.47,2.04],[30.47,2.01],[30.51,2.01],[30.51,1.99],[30.58,1.99],[30.61,1.99],[30.61,1.98],[30.65,1.96],[30.65,1.84],[30.58,1.81],[30.51,1.81],[30.51,1.83],[30.47,1.83],[30.47,1.88],[30.43,1.89],[30.43,1.99],[30.4,1.99],[30.36,1.98],[30.36,1.78],[30.33,1.74],[30.33,1.73],[30.29,1.71],[30.29,1.69],[30.15,1.69],[30.11,1.71],[30.07,1.71],[30.07,1.73],[30.04,1.74],[30.04,1.78],[30.07,1.78],[30.07,1.81],[30.15,1.81],[30.15,1.88],[30.11,1.88],[30.11,1.89],[30.04,1.89],[30.0,1.91],[29.97,1.91],[29.97,1.99],[30.0,1.99],[30.0,2.01],[30.04,2.03],[30.04,2.04],[30.07,2.08],[30.15,2.14],[30.15,2.26],[30.07,2.35],[30.04,2.38],[29.97,2.4],[29.97,2.33],[29.93,2.3],[29.89,2.3],[29.86,2.33],[29.86,2.46],[29.89,2.5],[30.04,2.5],[30.11,2.51],[30.15,2.53],[30.15,2.56],[30.22,2.58],[30.29,2.6],[30.4,2.6],[30.51,2.58],[30.58,2.58],[30.65,2.56],[30.69,2.51],[30.72,2.51],[30.76,2.55],[30.76,2.58],[30.83,2.61],[30.83,2.7],[30.76,2.75],[30.72,2.76],[30.72,2.8],[30.69,2.85],[30.69,2.86],[30.65,2.91],[30.65,3.32],[30.72,3.4],[30.87,3.4],[30.94,3.43],[30.94,3.45]],[[30.94,2.41],[30.94,2.48],[30.87,2.5],[30.87,2.3],[30.94,2.31],[30.94,2.41]],[[30.25,1.99],[30.25,2.06],[30.22,2.08],[30.22,2.11],[30.18,2.09],[30.18,2.08],[30.15,2.06],[30.15,1.94],[30.18,1.93],[30.18,1.89],[30.22,1.89],[30.22,1.93],[30.25,1.94],[30.25,1.99]]]}},{"type":"Feature","properties":{"precip":10},"geometry":{"type":"Polygon","coordinates":[[[31.26,3.4],[31.26,3.47],[31.33,3.5],[31.41,3.5],[31.44,3.48],[31.44,3.43],[31.3,3.3],[31.26,3.3],[31.26,3.4]]]}},{"type":"Feature","properties":{"precip":10},"geometry":{"type":"Polygon","coordinates":[[[92.96,3.4],[92.96,3.47],[92.99,3.48],[93.03,3.48],[93.1,3.5],[93.21,3.5],[93.35,3.47],[93.35,3.45],[93.21,3.33],[93.14,3.3],[93.03,3.3],[92.99,3.32],[92.96,3.35],[92.96,3.4]]]}},{"type":"Feature","properties":{"precip":10},"geometry":{"type":"Polygon","coordinates":[[[95.84,3.45],[95.87,3.5],[95.94,3.48],[95.94,3.42],[95.87,3.4],[95.87,3.43],[95.84,3.45]]]}},{"type":"Feature","properties":{"precip":10},"geometry":{"type":"Polygon","coordinates":[[[93.75,3.3],[93.75,3.35],[93.75,3.37],[93.75,3.4],[93.82,3.4],[93.82,3.37],[93.86,3.35],[93.86,3.25],[93.82,3.23],[93.82,3.2],[93.75,3.2],[93.75,3.23],[93.75,3.25],[93.75,3.3]]]}},{"type":"Feature","properties":{"precip":10},"geometry":{"type":"Polygon","coordinates":[[[94.04,3.25],[94.04,3.3],[94.07,3.35],[94.07,3.4],[94.07,3.38],[94.18,3.32],[94.22,3.3],[94.22,3.2],[94.07,3.12],[94.07,3.17],[94.04,3.18],[94.04,3.25]]]}},{"type":"Feature","properties":{"precip":10},"geometry":{"type":"Polygon","coordinates":[[[8.26,3.2],[8.26,3.28],[8.3,3.3],[8.41,3.3],[8.44,3.28],[8.44,3.13],[8.37,3.1],[8.33,3.1],[8.26,3.13],[8.26,3.2]]]}},{"type":"Feature","properties":{"precip":10},"geometry":{"type":"Polygon","coordinates":[[[29.46,3.25],[29.46,3.27],[29.53,3.3],[29.75,3.3],[29.82,3.27],[29.86,3.27],[29.86,3.22],[29.89,3.2],[29.97,3.2],[30.07,3.18],[30.15,3.17],[30.22,3.1],[30.22,3.07],[30.25,3.02],[30.25,2.95],[30.18,2.9],[30.04,2.9],[29.97,2.86],[29.97,2.85],[29.89,2.8],[29.79,2.8],[29.75,2.78],[29.75,2.73],[29.68,2.71],[29.43,2.71],[29.35,2.73],[29.35,2.78],[29.43,2.8],[29.43,2.83],[29.46,2.83],[29.46,2.86],[29.39,2.88],[29.32,2.9],[29.14,2.9],[29.07,2.93],[29.07,3.07],[29.1,3.1],[29.17,3.1],[29.25,3.13],[29.25,3.17],[29.28,3.17],[29.32,3.2],[29.39,3.2],[29.46,3.25]]]}},{"type":"Feature","properties":{"precip":10},"geometry":{"type":"Polygon","coordinates":[[[96.23,3.25],[96.23,3.3],[96.34,3.3],[96.34,3.2],[96.23,3.2],[96.23,3.25]]]}},{"type":"Feature","properties":{"precip":10},"geometry":{"type":"Polygon","coordinates":[[[28.45,3.05],[28.45,3.08],[28.49,3.1],[28.6,3.1],[28.67,3.08],[28.71,3.05],[28.78,3.02],[28.81,2.98],[28.89,2.93],[28.89,2.86],[28.96,2.73],[28.96,2.65],[28.89,2.58],[28.85,2.58],[28.85,2.48],[28.81,2.45],[28.81,2.41],[28.71,2.31],[28.67,2.3],[28.6,2.3],[28.56,2.28],[28.56,2.21],[28.63,2.19],[28.71,2.19],[28.71,2.18],[28.74,2.16],[28.74,2.14],[28.78,2.13],[28.81,2.13],[28.85,2.14],[28.96,2.24],[28.99,2.3],[29.07,2.36],[29.1,2.38],[29.28,2.23],[29.28,2.19],[29.32,2.14],[29.32,2.13],[29.35,2.09],[29.35,1.96],[29.32,1.94],[29.32,1.93],[29.28,1.91],[29.25,1.91],[29.17,1.89],[28.96,1.89],[28.92,1.88],[28.89,1.88],[28.89,1.86],[28.85,1.86],[28.85,1.83],[28.89,1.83],[28.89,1.81],[28.96,1.81],[29.03,1.78],[29.03,1.76],[29.07,1.74],[29.1,1.71],[29.1,1.69],[29.14,1.66],[29.17,1.64],[29.17,1.63],[29.21,1.61],[29.25,1.61],[29.28,1.59],[29.32,1.59],[29.35,1.61],[29.39,1.61],[29.43,1.63],[29.43,1.64],[29.46,1.66],[29.5,1.69],[29.5,1.71],[29.53,1.74],[29.53,1.76],[29.57,1.78],[29.57,1.79],[29.61,1.79],[29.61,1.81],[29.64,1.79],[29.64,1.63],[29.57,1.59],[29.5,1.59],[29.5,1.57],[29.46,1.57],[29.46,1.51],[29.43,1.47],[29.43,1.42],[29.39,1.41],[29.39,1.39],[29.35,1.36],[29.35,1.34],[29.32,1.31],[29.28,1.29],[29.28,1.22],[29.32,1.21],[29.32,1.12],[29.35,1.11],[29.35,0.77],[29.39,0.74],[29.39,0.69],[29.43,0.7],[29.43,0.72],[29.46,0.74],[29.46,0.8],[29.5,0.8],[29.53,0.79],[29.53,0.62],[29.57,0.59],[29.57,0.52],[29.61,0.5],[29.61,0.52],[29.64,0.52],[29.64,0.67],[29.68,0.67],[29.68,0.69],[29.71,0.69],[29.71,0.72],[29.75,0.72],[29.75,0.85],[29.79,0.87],[29.79,0.89],[29.82,0.89],[29.82,0.9],[29.89,0.9],[29.93,0.92],[29.93,0.94],[29.97,0.94],[29.97,0.99],[30.07,0.99],[30.11,0.97],[30.18,0.92],[30.22,0.9],[30.22,0.82],[30.15,0.75],[30.15,0.74],[30.11,0.7],[30.11,0.67],[30.07,0.65],[30.07,0.59],[30.04,0.55],[30.04,0.42],[30.0,0.42],[30.0,0.4],[29.89,0.4],[29.89,0.42],[29.86,0.42],[29.86,0.5],[29.93,0.5],[29.93,0.52],[29.97,0.54],[29.97,0.55],[29.93,0.57],[29.93,0.59],[29.89,0.59],[29.89,0.6],[29.82,0.6],[29.79,0.59],[29.79,0.57],[29.75,0.54],[29.75,0.35],[29.71,0.34],[29.71,0.3],[29.61,0.3],[29.61,0.28],[29.57,0.28],[29.57,0.25],[29.53,0.25],[29.57,0.23],[29.57,0.22],[29.61,0.22],[29.61,0.2],[29.71,0.2],[29.71,0.17],[29.75,0.15],[29.75,-0.07],[29.79,-0.07],[29.79,-0.1],[29.82,-0.1],[29.82,-0.15],[29.86,-0.18],[29.86,-0.4],[29.89,-0.44],[29.89,-0.5],[29.93,-0.52],[30.0,-0.59],[30.0,-0.6],[30.04,-0.64],[30.04,-0.67],[30.0,-0.7],[29.97,-0.72],[29.97,-0.75],[29.93,-0.77],[29.93,-0.79],[29.89,-0.79],[29.86,-0.77],[29.86,-0.75],[29.82,-0.72],[29.79,-0.67],[29.71,-0.62],[29.71,-0.59],[29.68,-0.54],[29.68,-0.5],[29.64,-0.47],[29.64,-0.28],[29.68,-0.25],[29.68,-0.2],[29.75,-0.18],[29.75,-0.13],[29.71,-0.13],[29.71,-0.12],[29.68,-0.12],[29.64,-0.1],[29.46,-0.1],[29.39,-0.08],[29.32,-0.08],[29.25,-0.07],[29.25,-0.03],[29.21,-0.02],[29.17,-0.02],[29.17,-0.03],[29.14,-0.05],[29.14,-0.07],[29.1,-0.1],[29.07,-0.13],[29.07,-0.2],[29.17,-0.2],[29.21,-0.2],[29.25,-0.22],[29.25,-0.27],[29.21,-0.28],[29.21,-0.3],[29.17,-0.32],[29.17,-0.33],[29.14,-0.35],[29.1,-0.39],[29.1,-0.4],[29.07,-0.42],[29.07,-0.54],[29.03,-0.55],[29.03,-0.59],[28.99,-0.59],[28.96,-0.6],[28.85,-0.6],[28.81,-0.62],[28.78,-0.62],[28.78,-0.64],[28.74,-0.65],[28.74,-0.67],[28.67,-0.7],[28.63,-0.7],[28.6,-0.69],[28.56,-0.69],[28.56,-0.62],[28.63,-0.59],[28.63,-0.42],[28.67,-0.39],[28.67,-0.33],[28.71,-0.32],[28.71,-0.28],[28.74,-0.28],[28.74,-0.22],[28.71,-0.2],[28.71,-0.18],[28.67,-0.15],[28.6,-0.13],[28.53,-0.1],[28.49,-0.1],[28.45,-0.12],[28.45,-0.15],[28.42,-0.18],[28.38,-0.2],[28.2,-0.2],[28.13,-0.18],[28.02,-0.13],[27.99,-0.08],[27.99,-0.05],[27.95,0.02],[27.95,0.17],[27.99,0.18],[27.99,0.2],[28.02,0.2],[28.02,0.23],[28.06,0.23],[28.06,0.35],[28.02,0.37],[28.02,0.39],[27.99,0.39],[27.95,0.4],[27.91,0.39],[27.88,0.39],[27.88,0.37],[27.84,0.35],[27.84,0.23],[27.77,0.2],[27.7,0.2],[27.7,0.18],[27.66,0.17],[27.66,0.03],[27.63,0.0],[27.63,-0.07],[27.59,-0.08],[27.59,-0.1],[27.55,-0.13],[27.55,-0.15],[27.52,-0.17],[27.52,-0.2],[27.48,-0.2],[27.48,-0.27],[27.45,-0.3],[27.45,-0.45],[27.48,-0.47],[27.48,-0.49],[27.52,-0.5],[27.59,-0.5],[27.63,-0.49],[27.63,-0.47],[27.66,-0.47],[27.66,-0.42],[27.7,-0.4],[27.77,-0.4],[27.84,-0.44],[27.88,-0.47],[27.88,-0.5],[27.91,-0.5],[27.91,-0.49],[27.95,-0.47],[27.95,-0.44],[27.99,-0.42],[27.99,-0.4],[28.02,-0.4],[28.02,-0.44],[28.06,-0.45],[28.06,-0.47],[28.09,-0.49],[28.09,-0.5],[28.17,-0.5],[28.2,-0.5],[28.24,-0.5],[28.24,-0.55],[28.27,-0.57],[28.27,-0.59],[28.31,-0.59],[28.31,-0.6],[28.38,-0.6],[28.42,-0.62],[28.42,-0.64],[28.45,-0.65],[28.45,-0.75],[28.49,-0.79],[28.6,-0.89],[28.63,-0.9],[28.71,-0.9],[28.71,-0.92],[28.74,-0.92],[28.74,-0.95],[28.78,-0.97],[28.78,-0.99],[28.85,-0.99],[28.89,-1.0],[28.99,-1.0],[28.99,-1.02],[29.03,-1.02],[29.03,-1.04],[29.07,-1.06],[29.03,-1.07],[29.03,-1.09],[28.99,-1.09],[28.85,-1.09],[28.78,-1.12],[28.78,-1.14],[28.74,-1.16],[28.74,-1.26],[28.78,-1.27],[28.78,-1.29],[28.81,-1.31],[28.81,-1.32],[28.85,-1.34],[28.85,-1.54],[28.81,-1.56],[28.81,-1.59],[28.78,-1.59],[28.74,-1.61],[28.74,-1.59],[28.67,-1.59],[28.67,-1.56],[28.63,-1.54],[28.63,-1.52],[28.56,-1.52],[28.56,-1.49],[28.53,-1.47],[28.49,-1.44],[28.42,-1.41],[28.38,-1.37],[28.24,-1.24],[28.2,-1.19],[28.06,-1.07],[28.02,-1.02],[27.95,-0.97],[27.91,-0.95],[27.88,-0.94],[27.84,-0.94],[27.84,-0.95],[27.77,-0.99],[27.66,-0.99],[27.63,-1.0],[27.37,-1.0],[27.34,-1.02],[27.3,-1.02],[27.23,-1.06],[27.23,-1.09],[27.19,-1.09],[27.16,-1.07],[27.16,-1.04],[27.12,-1.02],[27.12,-1.0],[27.05,-1.0],[26.98,-0.97],[26.98,-0.94],[26.94,-0.92],[26.94,-0.77],[26.98,-0.75],[26.98,-0.7],[27.16,-0.7],[27.16,-0.69],[27.19,-0.69],[27.23,-0.67],[27.23,-0.65],[27.27,-0.64],[27.27,-0.57],[27.23,-0.55],[27.23,-0.52],[27.16,-0.5],[27.09,-0.5],[27.09,-0.49],[27.05,-0.49],[27.05,-0.44],[27.12,-0.4],[27.27,-0.4],[27.3,-0.39],[27.34,-0.39],[27.34,-0.32],[27.3,-0.28],[27.27,-0.27],[27.23,-0.23],[27.12,-0.2],[27.09,-0.2],[27.09,-0.18],[27.05,-0.18],[27.05,-0.12],[27.01,-0.12],[27.01,-0.1],[26.94,-0.1],[26.87,-0.07],[26.83,-0.05],[26.83,-0.02],[26.8,0.0],[26.8,0.02],[26.76,0.05],[26.76,0.07],[26.73,0.08],[26.69,0.08],[26.65,0.08],[26.65,0.1],[26.58,0.1],[26.58,0.12],[26.55,0.13],[26.55,0.18],[26.51,0.18],[26.51,0.2],[26.44,0.2],[26.44,0.22],[26.4,0.22],[26.37,0.23],[26.33,0.25],[26.33,0.28],[26.29,0.3],[26.29,0.32],[26.26,0.34],[26.26,0.37],[26.22,0.37],[26.19,0.37],[26.19,0.39],[26.15,0.39],[26.15,0.4],[26.08,0.4],[26.08,0.42],[26.04,0.44],[26.04,0.47],[26.08,0.49],[26.08,0.5],[26.11,0.52],[26.15,0.54],[26.15,0.55],[26.11,0.57],[26.08,0.6],[26.08,0.62],[26.04,0.64],[26.04,0.67],[26.08,0.67],[26.08,0.69],[26.22,0.69],[26.22,0.67],[26.26,0.67],[26.26,0.62],[26.29,0.62],[26.29,0.6],[26.4,0.6],[26.4,0.62],[26.44,0.64],[26.44,0.74],[26.47,0.77],[26.47,0.79],[26.51,0.8],[26.55,0.79],[26.55,0.77],[26.58,0.74],[26.58,0.7],[26.65,0.74],[26.65,0.77],[26.69,0.79],[26.73,0.82],[26.73,0.84],[26.83,0.89],[26.87,0.89],[26.91,0.9],[27.09,0.9],[27.12,0.92],[27.16,0.92],[27.16,0.97],[27.12,0.99],[27.09,1.01],[27.01,1.06],[26.98,1.09],[26.91,1.11],[26.83,1.11],[26.76,1.12],[26.76,1.17],[26.73,1.17],[26.73,1.19],[26.69,1.19],[26.69,1.21],[26.65,1.21],[26.58,1.24],[26.47,1.32],[26.47,1.36],[26.44,1.37],[26.44,1.39],[26.47,1.39],[26.47,1.41],[26.58,1.41],[26.62,1.41],[26.62,1.42],[26.65,1.42],[26.65,1.47],[26.69,1.49],[26.73,1.49],[26.73,1.51],[26.8,1.51],[26.8,1.52],[26.83,1.52],[26.83,1.59],[26.87,1.63],[26.87,1.68],[26.91,1.69],[26.98,1.69],[27.05,1.73],[27.05,1.74],[27.09,1.76],[27.09,1.81],[27.12,1.81],[27.12,1.76],[27.16,1.71],[27.19,1.69],[27.23,1.71],[27.23,1.83],[27.27,1.91],[27.27,2.28],[27.34,2.3],[27.41,2.3],[27.41,2.33],[27.45,2.35],[27.45,2.45],[27.48,2.48],[27.63,2.51],[27.66,2.55],[27.66,2.58],[27.7,2.6],[27.81,2.6],[27.84,2.61],[27.84,2.68],[27.73,2.71],[27.66,2.71],[27.66,2.78],[27.73,2.85],[27.84,2.9],[27.91,2.9],[27.95,2.91],[27.95,2.97],[27.99,2.97],[28.02,3.0],[28.17,3.0],[28.2,3.02],[28.38,3.02],[28.45,3.05]],[[28.06,2.86],[27.99,2.9],[27.95,2.88],[27.95,2.81],[28.02,2.8],[28.06,2.83],[28.06,2.86]],[[27.45,1.69],[27.45,1.79],[27.41,1.79],[27.41,1.81],[27.37,1.81],[27.37,1.76],[27.34,1.74],[27.34,1.66],[27.37,1.64],[27.37,1.59],[27.41,1.59],[27.41,1.61],[27.45,1.61],[27.45,1.69]],[[27.55,1.47],[27.55,1.49],[27.52,1.51],[27.48,1.51],[27.45,1.49],[27.41,1.49],[27.37,1.47],[27.34,1.44],[27.3,1.42],[27.3,1.41],[27.27,1.37],[27.27,1.31],[27.3,1.31],[27.34,1.29],[27.45,1.34],[27.48,1.37],[27.52,1.39],[27.52,1.41],[27.55,1.44],[27.55,1.47]],[[27.34,1.14],[27.34,1.19],[27.3,1.19],[27.3,1.21],[27.27,1.19],[27.27,1.11],[27.3,1.11],[27.34,1.11],[27.34,1.14]],[[27.34,0.75],[27.34,0.8],[27.27,0.8],[27.27,0.7],[27.34,0.7],[27.34,0.75]],[[27.66,0.72],[27.66,0.75],[27.63,0.79],[27.55,0.8],[27.52,0.8],[27.45,0.77],[27.45,0.72],[27.52,0.69],[27.52,0.67],[27.55,0.67],[27.55,0.55],[27.59,0.52],[27.63,0.49],[27.63,0.45],[27.66,0.42],[27.7,0.4],[27.73,0.4],[27.73,0.44],[27.77,0.49],[27.73,0.54],[27.73,0.65],[27.7,0.69],[27.66,0.72]],[[27.84,0.75],[27.84,0.8],[27.77,0.8],[27.77,0.77],[27.73,0.75],[27.73,0.74],[27.77,0.74],[27.77,0.7],[27.84,0.7],[27.84,0.75]],[[29.97,0.75],[29.93,0.77],[29.93,0.8],[29.86,0.8],[29.86,0.7],[29.93,0.7],[29.93,0.74],[29.97,0.74],[29.97,0.75]],[[29.07,0.65],[29.07,0.67],[29.03,0.67],[29.03,0.69],[28.96,0.69],[28.96,0.6],[29.03,0.6],[29.03,0.64],[29.07,0.64],[29.07,0.65]],[[29.14,0.55],[29.14,0.59],[29.1,0.6],[29.07,0.6],[29.07,0.5],[29.1,0.5],[29.14,0.52],[29.14,0.55]],[[28.17,0.45],[28.17,0.47],[28.13,0.47],[28.13,0.5],[28.06,0.5],[28.06,0.4],[28.13,0.4],[28.13,0.44],[28.17,0.44],[28.17,0.45]],[[28.35,0.45],[28.35,0.5],[28.27,0.5],[28.27,0.49],[28.24,0.47],[28.24,0.44],[28.27,0.42],[28.27,0.4],[28.35,0.4],[28.35,0.45]],[[28.24,0.3],[28.24,0.37],[28.2,0.39],[28.17,0.37],[28.17,-0.07],[28.2,-0.08],[28.31,0.0],[28.31,0.05],[28.35,0.08],[28.35,0.18],[28.31,0.2],[28.27,0.2],[28.27,0.23],[28.24,0.25],[28.24,0.3]],[[29.46,0.35],[29.46,0.37],[29.43,0.37],[29.43,0.39],[29.39,0.4],[29.39,0.39],[29.35,0.39],[29.35,0.32],[29.39,0.3],[29.43,0.3],[29.43,0.32],[29.46,0.34],[29.46,0.35]],[[28.85,0.05],[28.85,0.08],[28.81,0.08],[28.81,0.1],[28.78,0.08],[28.74,0.07],[28.74,-0.05],[28.78,-0.07],[28.85,-0.1],[28.92,-0.1],[28.96,-0.08],[28.99,-0.08],[29.03,-0.07],[29.07,-0.05],[29.03,-0.03],[29.03,-0.02],[28.99,-0.02],[28.99,0.0],[28.92,0.0],[28.89,0.02],[28.85,0.02],[28.85,0.05]],[[28.96,-0.45],[28.96,-0.42],[28.92,-0.42],[28.92,-0.4],[28.89,-0.4],[28.85,-0.42],[28.85,-0.49],[28.89,-0.5],[28.92,-0.5],[28.92,-0.49],[28.96,-0.49],[28.96,-0.45]]]}},{"type":"Feature","properties":{"precip":10},"geometry":{"type":"Polygon","coordinates":[[[34.75,2.9],[34.75,2.98],[34.79,2.98],[34.79,3.02],[34.83,3.0],[34.83,2.97],[34.86,2.93],[34.86,2.86],[34.83,2.85],[34.83,2.8],[34.79,2.8],[34.75,2.83],[34.75,2.9]]]}},{"type":"Feature","properties":{"precip":10},"geometry":{"type":"Polygon","coordinates":[[[95.66,2.95],[95.66,2.98],[95.69,3.0],[95.84,3.0],[95.87,2.98],[95.98,2.91],[96.02,2.9],[96.02,2.86],[96.05,2.86],[96.05,2.83],[95.98,2.8],[95.94,2.76],[95.94,2.73],[95.98,2.71],[96.05,2.71],[96.16,2.66],[96.16,2.63],[96.12,2.6],[95.98,2.6],[95.94,2.63],[95.94,2.68],[95.8,2.71],[95.76,2.71],[95.76,2.85],[95.69,2.86],[95.69,2.9],[95.66,2.9],[95.66,2.95]]]}},{"type":"Feature","properties":{"precip":10},"geometry":{"type":"Polygon","coordinates":[[[32.45,2.76],[32.45,2.86],[32.52,2.9],[32.67,2.9],[32.74,2.86],[32.74,2.76],[32.77,2.73],[32.77,2.71],[32.85,2.66],[32.85,2.51],[32.81,2.45],[32.81,2.41],[32.77,2.36],[32.74,2.33],[32.67,2.31],[32.63,2.38],[32.63,2.41],[32.56,2.36],[32.56,2.08],[32.52,2.04],[32.52,2.01],[32.49,1.99],[32.41,2.06],[32.41,2.11],[32.38,2.09],[32.38,2.06],[32.34,2.01],[32.34,1.99],[32.31,1.99],[32.31,2.01],[32.27,2.04],[32.27,2.16],[32.23,2.24],[32.27,2.3],[32.27,2.48],[32.34,2.53],[32.34,2.56],[32.38,2.58],[32.41,2.61],[32.41,2.65],[32.45,2.68],[32.45,2.76]],[[32.56,2.56],[32.52,2.58],[32.45,2.58],[32.45,2.51],[32.52,2.5],[32.56,2.53],[32.56,2.56]]]}},{"type":"Feature","properties":{"precip":10},"geometry":{"type":"Polygon","coordinates":[[[33.06,2.86],[33.06,2.88],[33.13,2.9],[33.13,2.8],[33.06,2.81],[33.06,2.86]]]}},{"type":"Feature","properties":{"precip":10},"geometry":{"type":"Polygon","coordinates":[[[94.36,2.86],[94.4,2.9],[94.5,2.9],[94.54,2.88],[94.54,2.81],[94.5,2.8],[94.4,2.8],[94.36,2.83],[94.36,2.86]]]}},{"type":"Feature","properties":{"precip":10},"geometry":{"type":"Polygon","coordinates":[[[97.06,2.86],[97.06,2.88],[97.13,2.9],[97.13,2.86],[97.13,2.85],[97.13,2.83],[97.13,2.8],[97.06,2.81],[97.06,2.86]]]}},{"type":"Feature","properties":{"precip":10},"geometry":{"type":"Polygon","coordinates":[[[31.41,2.71],[31.44,2.75],[31.55,2.8],[31.69,2.8],[31.73,2.78],[31.73,2.75],[31.77,2.71],[31.77,2.68],[31.73,2.65],[31.73,2.61],[31.66,2.6],[31.44,2.6],[31.37,2.61],[31.37,2.7],[31.41,2.71]]]}},{"type":"Feature","properties":{"precip":10},"geometry":{"type":"Polygon","coordinates":[[[33.75,2.65],[33.75,2.68],[33.82,2.71],[33.85,2.7],[33.85,2.61],[33.82,2.6],[33.75,2.61],[33.75,2.65]]]}},{"type":"Feature","properties":{"precip":10},"geometry":{"type":"Polygon","coordinates":[[[95.26,2.6],[95.26,2.7],[95.33,2.66],[95.33,2.61],[95.48,2.55],[95.48,2.51],[95.51,2.48],[95.51,2.41],[95.48,2.4],[95.44,2.35],[95.44,2.28],[95.51,2.18],[95.51,2.13],[95.62,2.11],[95.69,2.11],[95.69,2.09],[95.69,2.08],[95.76,2.06],[95.76,2.01],[95.84,2.01],[95.84,2.06],[95.87,2.09],[95.94,2.06],[95.94,1.96],[95.98,1.94],[95.98,1.91],[96.02,1.91],[96.02,1.89],[96.12,1.89],[96.12,1.88],[96.16,1.86],[96.16,1.83],[96.2,1.81],[96.3,1.81],[96.34,1.83],[96.34,1.84],[96.38,1.86],[96.38,1.89],[96.41,1.89],[96.41,1.88],[96.41,1.86],[96.41,1.84],[96.48,1.83],[96.48,1.81],[96.59,1.81],[96.59,1.79],[96.59,1.78],[96.66,1.76],[96.66,1.73],[96.7,1.71],[96.74,1.71],[96.77,1.69],[96.92,1.69],[96.95,1.71],[97.02,1.71],[97.02,1.73],[97.06,1.74],[97.06,1.78],[97.13,1.81],[97.2,1.79],[97.24,1.79],[97.24,1.74],[97.28,1.73],[97.28,1.71],[97.31,1.71],[97.31,1.69],[97.38,1.69],[97.42,1.69],[97.42,1.68],[97.46,1.66],[97.46,1.54],[97.42,1.54],[97.42,1.52],[97.38,1.51],[97.28,1.51],[97.24,1.49],[97.2,1.49],[97.13,1.47],[97.13,1.44],[97.13,1.42],[97.1,1.42],[97.1,1.41],[97.06,1.41],[96.95,1.41],[96.77,1.41],[96.77,1.39],[96.7,1.39],[96.66,1.37],[96.66,1.31],[96.7,1.31],[96.7,1.29],[96.74,1.29],[96.74,1.21],[96.77,1.17],[96.77,1.11],[96.88,1.11],[96.88,1.09],[96.92,1.09],[96.92,1.06],[96.95,1.06],[96.95,1.04],[96.95,1.02],[97.02,0.99],[97.02,0.97],[97.06,0.92],[97.06,0.82],[96.95,0.8],[96.95,0.79],[96.95,0.77],[96.95,0.64],[96.95,0.62],[96.95,0.6],[97.06,0.57],[97.06,0.5],[97.02,0.47],[97.02,0.42],[96.95,0.37],[96.95,0.35],[96.88,0.3],[96.88,0.23],[96.84,0.18],[96.88,0.12],[96.92,0.08],[96.95,0.03],[97.06,0.02],[97.13,0.0],[97.2,0.0],[97.28,0.02],[97.31,0.03],[97.38,0.08],[97.42,0.13],[97.46,0.17],[97.46,0.27],[97.49,0.28],[97.49,0.32],[97.49,0.34],[97.56,0.35],[97.56,0.37],[97.49,0.37],[97.49,0.4],[97.46,0.42],[97.46,0.47],[97.49,0.49],[97.56,0.5],[97.67,0.5],[97.67,0.52],[97.74,0.52],[97.74,0.59],[97.67,0.6],[97.67,0.67],[97.64,0.67],[97.64,0.8],[97.6,0.8],[97.56,0.82],[97.56,0.87],[97.6,0.89],[97.64,0.89],[97.64,0.9],[97.78,0.9],[97.85,0.94],[97.85,0.97],[97.85,0.99],[98.0,0.99],[98.03,0.97],[98.03,0.92],[98.1,0.9],[98.14,0.92],[98.14,0.97],[98.21,0.99],[98.32,0.99],[98.36,0.97],[98.36,0.92],[98.39,0.92],[98.39,0.9],[98.5,0.9],[98.5,0.89],[98.54,0.89],[98.54,0.84],[98.54,0.82],[98.64,0.8],[98.75,0.8],[98.75,0.82],[98.82,0.82],[98.86,0.85],[98.86,0.97],[98.9,0.97],[98.9,0.99],[99.08,0.99],[99.08,0.97],[99.14,0.97],[99.14,0.5],[99.0,0.5],[99.0,0.49],[98.97,0.49],[98.97,0.44],[98.9,0.44],[98.9,0.4],[98.86,0.4],[98.86,0.52],[98.82,0.54],[98.82,0.59],[98.72,0.67],[98.72,0.69],[98.68,0.69],[98.68,0.67],[98.64,0.67],[98.64,0.52],[98.57,0.52],[98.57,0.5],[98.54,0.5],[98.54,0.44],[98.54,0.42],[98.54,0.34],[98.5,0.32],[98.5,0.3],[98.39,0.3],[98.39,0.28],[98.39,0.27],[98.36,0.25],[98.36,0.13],[98.39,0.12],[98.39,0.1],[98.39,0.08],[98.39,0.07],[98.46,0.05],[98.46,-0.05],[98.5,-0.07],[98.5,-0.08],[98.54,-0.12],[98.54,-0.15],[98.54,-0.17],[98.57,-0.2],[98.57,-0.22],[98.64,-0.23],[98.64,-0.28],[98.57,-0.28],[98.57,-0.3],[98.54,-0.32],[98.54,-0.45],[98.54,-0.5],[98.54,-0.64],[98.54,-0.69],[98.54,-0.77],[98.64,-0.79],[98.9,-0.79],[98.97,-0.79],[99.0,-0.79],[99.08,-0.75],[99.08,-0.7],[99.08,-0.72],[99.14,-0.74],[99.14,-1.57],[99.08,-1.57],[99.08,-1.59],[99.08,-1.61],[99.08,-1.56],[99.04,-1.52],[99.04,-1.41],[99.0,-1.41],[99.0,-1.39],[98.97,-1.39],[98.97,-1.31],[98.9,-1.26],[98.9,-1.22],[98.9,-1.21],[98.86,-1.22],[98.86,-1.24],[98.82,-1.26],[98.82,-1.29],[98.72,-1.26],[98.72,-1.24],[98.72,-1.22],[98.64,-1.16],[98.57,-1.11],[98.54,-1.09],[98.5,-1.12],[98.46,-1.19],[98.46,-1.42],[98.39,-1.52],[98.39,-1.57],[98.39,-1.61],[98.39,-1.59],[98.36,-1.57],[98.32,-1.52],[98.28,-1.52],[98.21,-1.54],[98.21,-1.57],[98.18,-1.59],[98.14,-1.59],[98.1,-1.61],[98.03,-1.61],[98.0,-1.62],[97.96,-1.62],[97.96,-1.67],[98.0,-1.67],[98.0,-1.69],[98.03,-1.69],[98.14,-1.73],[98.14,-1.96],[98.1,-1.98],[98.1,-1.99],[98.03,-1.99],[98.03,-2.09],[98.1,-2.11],[98.14,-2.11],[98.18,-2.09],[98.21,-2.09],[98.21,-2.06],[98.21,-2.04],[98.28,-2.01],[98.32,-2.01],[98.32,-2.03],[98.39,-2.11],[98.39,-2.16],[98.46,-2.19],[98.46,-2.26],[98.54,-2.36],[98.68,-2.41],[98.72,-2.41],[98.72,-2.43],[98.72,-2.45],[98.72,-2.56],[98.82,-2.6],[98.82,-2.63],[98.86,-2.65],[98.86,-2.75],[98.82,-2.76],[98.82,-2.8],[98.75,-2.8],[98.72,-2.85],[98.72,-3.0],[98.75,-3.05],[98.75,-3.1],[98.86,-3.15],[98.86,-3.17],[98.9,-3.18],[98.9,-3.2],[99.0,-3.2],[99.04,-3.22],[99.04,-3.27],[99.14,-3.3],[99.14,-4.1],[99.08,-4.1],[99.04,-4.14],[99.08,-4.17],[99.08,-4.19],[99.08,-4.2],[99.14,-4.25],[99.14,-6.8],[99.08,-6.8],[99.08,-6.83],[99.04,-6.83],[99.04,-6.87],[98.9,-6.9],[98.64,-6.9],[98.54,-6.92],[98.46,-6.95],[98.39,-7.03],[98.36,-7.03],[98.36,-7.07],[98.28,-7.09],[98.21,-7.03],[98.21,-7.0],[98.18,-7.03],[98.14,-7.07],[98.14,-7.19],[98.03,-7.2],[98.03,-7.14],[98.0,-7.09],[97.96,-7.12],[97.96,-7.24],[97.85,-7.29],[97.82,-7.3],[97.64,-7.3],[97.49,-7.35],[97.49,-7.39],[97.46,-7.37],[97.42,-7.34],[97.42,-7.3],[97.38,-7.3],[97.38,-7.34],[97.31,-7.35],[97.31,-7.39],[97.28,-7.39],[97.13,-7.39],[97.1,-7.4],[97.06,-7.44],[97.06,-7.54],[97.02,-7.57],[96.95,-7.6],[96.77,-7.6],[96.74,-7.65],[96.74,-7.69],[96.66,-7.69],[96.56,-7.67],[96.52,-7.64],[96.52,-7.6],[96.41,-7.54],[96.34,-7.5],[96.23,-7.5],[96.12,-7.44],[96.05,-7.39],[96.05,-7.35],[95.98,-7.32],[95.87,-7.3],[95.69,-7.3],[95.69,-7.29],[95.62,-7.29],[95.51,-7.25],[95.51,-7.24],[95.48,-7.2],[95.33,-7.2],[95.26,-7.24],[95.26,-7.25],[95.15,-7.29],[95.12,-7.29],[95.08,-7.3],[94.94,-7.3],[94.86,-7.34],[94.86,-7.37],[94.79,-7.37],[94.79,-7.39],[94.76,-7.39],[94.61,-7.44],[94.61,-7.47],[94.61,-7.5],[94.54,-7.59],[94.54,-7.67],[94.5,-7.69],[94.32,-7.69],[94.25,-7.67],[94.25,-7.62],[94.22,-7.6],[94.14,-7.6],[94.07,-7.67],[94.0,-7.69],[93.93,-7.76],[93.89,-7.82],[93.86,-7.82],[93.82,-7.87],[93.75,-7.89],[93.75,-7.91],[93.64,-7.96],[93.57,-8.01],[93.5,-8.09],[93.46,-8.07],[93.46,-8.04],[93.39,-8.01],[93.35,-7.99],[93.28,-7.99],[93.21,-7.97],[93.21,-7.92],[93.21,-7.91],[93.14,-7.91],[93.03,-7.89],[93.03,-7.84],[93.03,-7.82],[92.96,-7.81],[92.85,-7.81],[92.74,-7.76],[92.74,-7.72],[92.67,-7.7],[92.67,-7.72],[92.67,-7.76],[92.6,-7.81],[92.49,-7.81],[92.45,-7.77],[92.45,-7.72],[92.38,-7.69],[92.31,-7.69],[92.27,-7.72],[92.24,-7.76],[92.24,-7.87],[92.2,-7.89],[92.2,-7.92],[92.13,-7.96],[92.06,-7.99],[91.88,-7.99],[91.84,-7.96],[91.84,-7.92],[91.77,-7.91],[91.66,-7.91],[91.66,-7.89],[91.59,-7.89],[91.55,-7.87],[91.55,-7.82],[91.48,-7.81],[91.48,-7.82],[91.41,-7.84],[91.41,-7.97],[91.41,-7.99],[91.23,-7.99],[91.16,-8.02],[91.16,-8.07],[91.12,-8.07],[91.05,-8.11],[91.01,-8.11],[90.94,-8.14],[90.94,-8.17],[90.98,-8.17],[90.98,-8.21],[91.05,-8.22],[91.05,-8.26],[90.98,-8.29],[90.87,-8.29],[90.76,-8.32],[90.76,-8.36],[90.69,-8.36],[90.69,-8.39],[90.65,-8.37],[90.65,-8.34],[90.62,-8.31],[90.51,-8.22],[90.51,-8.12],[90.47,-8.11],[90.47,-8.12],[90.44,-8.14],[90.44,-8.19],[90.4,-8.21],[90.33,-8.19],[90.33,-8.07],[90.33,-8.06],[90.33,-8.01],[90.22,-7.99],[90.15,-8.02],[90.15,-8.07],[90.11,-8.07],[90.04,-8.11],[89.86,-8.11],[89.75,-8.12],[89.75,-8.16],[89.68,-8.19],[89.61,-8.19],[89.54,-8.21],[89.43,-8.21],[89.39,-8.19],[89.28,-8.19],[89.25,-8.16],[89.25,-8.12],[89.18,-8.11],[89.1,-8.11],[89.07,-8.09],[89.07,-8.06],[89.03,-8.06],[89.03,-8.01],[88.92,-8.02],[88.92,-8.06],[88.89,-8.11],[88.89,-8.07],[88.82,-8.01],[88.74,-8.01],[88.74,-7.99],[88.56,-7.99],[88.56,-7.97],[88.56,-7.94],[88.49,-7.91],[88.38,-7.91],[88.31,-7.89],[88.21,-7.86],[88.21,-7.82],[88.21,-7.81],[88.1,-7.81],[88.03,-7.77],[88.03,-7.49],[88.1,-7.44],[88.1,-7.39],[88.17,-7.32],[88.28,-7.3],[88.35,-7.27],[88.35,-7.24],[88.38,-7.2],[88.49,-7.2],[88.56,-7.24],[88.56,-7.29],[88.67,-7.3],[88.74,-7.25],[88.74,-6.97],[88.71,-6.95],[88.71,-6.88],[88.56,-6.8],[88.56,-6.95],[88.53,-6.95],[88.53,-7.0],[88.46,-6.98],[88.46,-6.95],[88.38,-6.92],[88.31,-6.9],[88.1,-6.9],[88.03,-6.92],[87.95,-6.95],[87.95,-6.97],[87.92,-6.97],[87.85,-7.0],[87.81,-7.0],[87.77,-7.03],[87.77,-7.09],[87.74,-7.1],[87.74,-7.27],[87.67,-7.3],[87.59,-7.3],[87.56,-7.32],[87.56,-7.37],[87.49,-7.37],[87.45,-7.39],[87.23,-7.39],[87.13,-7.37],[87.13,-7.32],[87.09,-7.3],[86.91,-7.3],[86.84,-7.32],[86.73,-7.37],[86.66,-7.47],[86.66,-7.57],[86.77,-7.76],[86.84,-7.82],[86.87,-7.89],[86.95,-7.94],[87.02,-7.97],[87.05,-7.99],[87.13,-7.99],[87.13,-7.97],[87.13,-7.92],[87.2,-7.91],[87.27,-7.91],[87.31,-7.97],[87.41,-8.01],[87.49,-8.11],[87.49,-8.12],[87.63,-8.17],[87.63,-8.14],[87.67,-8.11],[87.77,-8.11],[87.85,-8.14],[87.85,-8.19],[87.92,-8.21],[87.92,-8.16],[87.95,-8.12],[88.03,-8.11],[88.03,-8.12],[88.03,-8.16],[88.03,-8.24],[88.03,-8.26],[88.03,-8.29],[87.95,-8.31],[87.95,-8.37],[88.03,-8.41],[88.1,-8.41],[88.13,-8.41],[88.13,-8.44],[88.17,-8.44],[88.17,-8.49],[88.21,-8.49],[88.21,-8.51],[88.31,-8.51],[88.35,-8.53],[88.35,-8.58],[88.28,-8.59],[88.28,-8.63],[88.21,-8.63],[88.21,-8.66],[88.28,-8.69],[88.35,-8.71],[88.38,-8.69],[88.46,-8.64],[88.49,-8.63],[88.56,-8.68],[88.56,-8.71],[88.67,-8.76],[88.74,-8.88],[88.74,-8.98],[88.71,-8.98],[88.67,-8.99],[88.56,-8.99],[88.56,-9.01],[88.56,-9.08],[88.64,-9.1],[88.71,-9.13],[88.82,-9.21],[88.82,-9.25],[88.85,-9.28],[88.74,-9.3],[88.74,-9.26],[88.67,-9.21],[88.56,-9.2],[88.35,-9.2],[88.21,-9.15],[88.21,-9.13],[88.13,-9.11],[87.95,-9.11],[87.85,-9.1],[87.77,-9.11],[87.56,-9.11],[87.45,-9.15],[87.45,-9.18],[87.41,-9.2],[87.31,-9.2],[87.27,-9.23],[87.23,-9.28],[87.13,-9.36],[86.95,-9.4],[86.95,-9.41],[86.87,-9.38],[86.84,-9.33],[86.91,-9.3],[86.95,-9.3],[87.02,-9.3],[87.02,-9.26],[87.05,-9.25],[87.05,-8.96],[87.02,-8.94],[87.02,-8.91],[86.95,-8.89],[86.91,-8.89],[86.84,-8.94],[86.84,-8.98],[86.77,-8.98],[86.73,-8.99],[86.55,-8.99],[86.41,-9.03],[86.41,-9.08],[86.41,-9.1],[86.33,-9.1],[86.3,-9.11],[86.23,-9.11],[86.23,-9.13],[86.15,-9.15],[86.15,-9.16],[86.05,-9.2],[86.05,-9.3],[86.15,-9.35],[86.23,-9.5],[86.23,-9.53],[86.19,-9.58],[86.12,-9.58],[86.05,-9.6],[85.94,-9.6],[85.87,-9.63],[85.87,-9.66],[85.83,-9.66],[85.79,-9.7],[85.69,-9.7],[85.65,-9.66],[85.65,-9.61],[85.76,-9.58],[85.76,-9.55],[85.69,-9.51],[85.61,-9.5],[85.4,-9.5],[85.33,-9.48],[85.29,-9.48],[85.25,-9.45],[85.25,-9.43],[85.22,-9.41],[85.15,-9.41],[85.15,-9.4],[84.97,-9.4],[84.97,-9.38],[84.97,-9.33],[84.89,-9.3],[84.79,-9.3],[84.75,-9.33],[84.75,-9.36],[84.64,-9.4],[84.61,-9.4],[84.46,-9.43],[84.39,-9.51],[84.35,-9.58],[84.35,-9.77],[84.25,-9.97],[84.17,-10.02],[84.1,-10.05],[84.03,-10.1],[83.92,-10.12],[83.92,-10.17],[83.85,-10.18],[83.74,-10.18],[83.67,-10.2],[83.38,-10.2],[83.31,-10.22],[83.2,-10.25],[83.2,-10.28],[83.2,-10.3],[83.13,-10.23],[83.02,-10.2],[82.81,-10.2],[82.77,-10.22],[82.73,-10.27],[82.63,-10.3],[82.37,-10.3],[82.27,-10.32],[82.12,-10.38],[82.09,-10.4],[82.05,-10.47],[81.94,-10.49],[81.87,-10.52],[81.76,-10.59],[81.73,-10.59],[81.69,-10.6],[81.19,-10.6],[81.04,-10.55],[81.01,-10.52],[81.01,-10.49],[80.93,-10.44],[80.86,-10.42],[80.86,-10.44],[80.86,-10.47],[80.75,-10.5],[80.65,-10.47],[80.65,-10.44],[80.57,-10.4],[80.43,-10.4],[80.43,-10.38],[80.32,-10.35],[80.32,-10.3],[80.29,-10.3],[80.29,-10.33],[80.21,-10.38],[80.11,-10.4],[80.0,-10.35],[80.0,-10.32],[79.96,-10.32],[79.89,-10.32],[79.82,-10.3],[79.64,-10.3],[79.57,-10.27],[79.53,-10.22],[79.46,-10.2],[79.28,-10.2],[79.28,-10.18],[79.21,-10.18],[79.1,-10.15],[79.1,-10.12],[79.06,-10.1],[78.92,-10.1],[78.85,-10.13],[78.85,-10.18],[78.81,-10.2],[78.7,-10.18],[78.49,-10.02],[78.38,-10.0],[78.34,-10.02],[78.34,-10.08],[78.31,-10.1],[78.27,-10.08],[78.27,-10.03],[78.2,-10.02],[78.2,-9.92],[78.2,-9.9],[78.13,-9.9],[78.09,-9.88],[78.02,-9.88],[78.02,-9.85],[78.02,-9.8],[77.95,-9.85],[77.95,-9.88],[77.84,-9.88],[77.84,-9.85],[77.84,-9.82],[77.8,-9.8],[77.73,-9.8],[77.66,-9.77],[77.62,-9.73],[77.59,-9.71],[77.55,-9.73],[77.55,-9.75],[77.44,-9.88],[77.44,-9.97],[77.41,-10.0],[77.3,-10.0],[77.26,-10.0],[77.26,-9.87],[77.23,-9.85],[77.23,-9.82],[77.19,-9.8],[77.12,-9.8],[77.05,-9.77],[77.05,-9.73],[76.94,-9.7],[76.9,-9.7],[76.87,-9.68],[76.87,-9.53],[76.94,-9.45],[77.01,-9.41],[77.05,-9.36],[77.05,-9.25],[76.94,-9.21],[76.9,-9.2],[76.83,-9.2],[76.76,-9.16],[76.76,-9.13],[76.69,-9.1],[76.58,-9.15],[76.47,-9.21],[76.47,-9.25],[76.4,-9.3],[76.36,-9.28],[76.36,-9.25],[76.29,-9.21],[76.22,-9.2],[76.0,-9.2],[75.86,-9.16],[75.86,-9.15],[75.79,-9.1],[75.75,-9.04],[75.64,-8.99],[75.53,-8.99],[75.46,-8.98],[75.46,-8.94],[75.39,-8.89],[75.32,-8.89],[75.18,-8.78],[75.14,-8.73],[75.07,-8.71],[75.0,-8.71],[74.96,-8.68],[74.96,-8.63],[74.89,-8.59],[74.78,-8.58],[74.71,-8.53],[74.71,-8.49],[74.67,-8.46],[74.67,-8.41],[74.64,-8.39],[74.64,-8.32],[74.56,-8.29],[74.49,-8.29],[74.46,-8.26],[74.46,-8.07],[74.42,-8.04],[74.42,-7.99],[74.38,-7.99],[74.35,-8.02],[74.35,-8.07],[74.31,-8.07],[74.28,-8.11],[74.17,-8.11],[74.02,-8.16],[73.99,-8.21],[73.99,-8.24],[73.84,-8.29],[73.77,-8.29],[73.74,-8.26],[73.74,-8.22],[73.66,-8.21],[73.52,-8.14],[73.52,-8.11],[73.48,-8.09],[73.48,-8.06],[73.38,-8.01],[73.38,-7.99],[73.3,-7.99],[73.27,-7.97],[73.27,-7.87],[73.23,-7.86],[73.23,-7.82],[73.2,-7.81],[73.05,-7.81],[73.02,-7.79],[72.94,-7.72],[72.87,-7.64],[72.87,-7.59],[72.84,-7.54],[72.84,-7.42],[72.73,-7.39],[72.62,-7.39],[72.48,-7.42],[72.44,-7.45],[72.44,-7.49],[72.4,-7.5],[72.37,-7.49],[72.37,-7.42],[72.44,-7.39],[72.44,-7.34],[72.37,-7.3],[72.22,-7.3],[72.19,-7.29],[72.12,-7.29],[72.04,-7.25],[72.04,-7.24],[72.08,-7.2],[72.15,-7.17],[72.15,-7.03],[72.22,-7.0],[72.3,-7.0],[72.33,-6.98],[72.33,-6.9],[72.26,-6.87],[72.26,-6.83],[72.33,-6.8],[72.33,-6.72],[72.3,-6.7],[72.22,-6.7],[72.15,-6.67],[72.15,-6.65],[72.04,-6.6],[71.97,-6.6],[71.83,-6.62],[71.72,-6.65],[71.72,-6.68],[71.65,-6.65],[71.58,-6.57],[71.5,-6.52],[71.4,-6.5],[71.32,-6.52],[71.25,-6.55],[71.25,-6.65],[71.14,-6.7],[70.86,-6.7],[70.75,-6.73],[70.75,-6.77],[70.68,-6.8],[70.6,-6.8],[70.57,-6.8],[70.5,-6.8],[70.46,-6.83],[70.46,-6.92],[70.42,-6.95],[70.42,-6.98],[70.35,-7.07],[70.28,-7.09],[70.17,-7.1],[70.17,-7.17],[70.24,-7.24],[70.24,-7.25],[70.28,-7.27],[70.35,-7.25],[70.39,-7.2],[70.5,-7.12],[70.57,-7.09],[70.64,-7.09],[70.64,-7.03],[70.68,-7.03],[70.75,-7.0],[71.07,-7.0],[71.14,-7.03],[71.14,-7.07],[71.0,-7.19],[71.0,-7.24],[70.96,-7.24],[70.96,-7.29],[71.04,-7.32],[71.04,-7.39],[71.0,-7.39],[71.0,-7.42],[70.89,-7.47],[70.75,-7.5],[70.68,-7.5],[70.57,-7.47],[70.53,-7.44],[70.53,-7.4],[70.5,-7.4],[70.46,-7.45],[70.39,-7.49],[70.32,-7.49],[70.28,-7.5],[69.99,-7.5],[69.96,-7.52],[69.88,-7.52],[69.85,-7.54],[69.85,-7.67],[69.78,-7.69],[69.6,-7.69],[69.45,-7.72],[69.45,-7.79],[69.38,-7.81],[69.31,-7.81],[69.24,-7.76],[69.24,-7.72],[69.16,-7.7],[69.06,-7.7],[69.02,-7.69],[68.77,-7.69],[68.66,-7.67],[68.66,-7.64],[68.62,-7.6],[68.52,-7.6],[68.48,-7.57],[68.44,-7.57],[68.44,-7.54],[68.34,-7.5],[68.16,-7.5],[68.16,-7.49],[68.08,-7.49],[68.05,-7.45],[68.05,-7.42],[67.98,-7.39],[67.9,-7.39],[67.87,-7.39],[67.87,-7.35],[67.8,-7.32],[67.69,-7.3],[67.44,-7.3],[67.36,-7.29],[67.26,-7.29],[67.15,-7.25],[67.15,-7.24],[67.22,-7.2],[67.29,-7.2],[67.29,-7.19],[67.36,-7.15],[67.4,-7.12],[67.4,-7.09],[67.47,-7.03],[67.62,-7.0],[67.72,-7.0],[67.76,-7.03],[67.76,-7.07],[67.83,-7.09],[67.83,-7.05],[67.9,-7.03],[67.9,-7.0],[68.05,-7.0],[68.12,-6.97],[68.16,-6.97],[68.16,-6.95],[68.26,-6.92],[68.37,-6.9],[68.62,-6.9],[68.7,-6.92],[68.77,-6.92],[68.84,-6.93],[68.84,-6.95],[68.95,-7.0],[69.06,-7.0],[69.16,-6.95],[69.16,-6.93],[69.27,-6.9],[69.45,-6.9],[69.56,-6.85],[69.56,-6.83],[69.6,-6.8],[69.67,-6.8],[69.7,-6.8],[69.78,-6.8],[69.85,-6.77],[69.85,-6.73],[69.88,-6.7],[69.99,-6.7],[70.06,-6.65],[70.28,-6.6],[70.68,-6.6],[70.82,-6.57],[70.86,-6.57],[70.86,-6.52],[70.89,-6.52],[70.96,-6.52],[71.04,-6.47],[71.04,-6.23],[70.96,-6.21],[70.71,-6.21],[70.64,-6.2],[70.46,-6.2],[70.35,-6.16],[70.32,-6.11],[70.24,-6.1],[69.99,-6.1],[69.92,-6.08],[69.85,-6.06],[69.85,-5.95],[69.81,-5.91],[69.7,-5.81],[69.67,-5.8],[69.6,-5.8],[69.56,-5.78],[69.56,-5.64],[69.49,-5.61],[69.38,-5.61],[69.34,-5.59],[69.27,-5.59],[69.24,-5.58],[69.27,-5.54],[69.38,-5.41],[69.45,-5.36],[69.52,-5.31],[69.6,-5.31],[69.63,-5.29],[69.63,-5.26],[69.7,-5.21],[69.78,-5.21],[69.81,-5.19],[70.1,-5.19],[70.17,-5.19],[70.24,-5.16],[70.32,-5.09],[70.35,-5.04],[70.46,-5.01],[70.57,-5.01],[70.64,-4.99],[70.64,-4.91],[70.5,-4.81],[70.5,-4.76],[70.46,-4.76],[70.46,-4.72],[70.53,-4.71],[70.53,-4.74],[70.57,-4.76],[70.57,-4.79],[70.64,-4.79],[70.75,-4.76],[70.78,-4.74],[70.78,-4.71],[70.86,-4.62],[70.96,-4.61],[71.04,-4.61],[71.07,-4.66],[71.07,-4.69],[71.11,-4.71],[71.11,-4.67],[71.18,-4.61],[71.22,-4.61],[71.32,-4.61],[71.36,-4.57],[71.36,-4.54],[71.47,-4.51],[71.61,-4.51],[71.68,-4.49],[71.76,-4.51],[71.94,-4.51],[72.04,-4.54],[72.04,-4.57],[72.08,-4.61],[72.19,-4.61],[72.26,-4.62],[72.26,-4.67],[72.3,-4.69],[72.37,-4.69],[72.4,-4.71],[72.48,-4.71],[72.51,-4.69],[72.58,-4.69],[72.66,-4.66],[72.66,-4.62],[72.73,-4.61],[72.87,-4.61],[72.94,-4.59],[72.94,-4.54],[72.98,-4.51],[73.12,-4.47],[73.12,-4.46],[73.16,-4.44],[73.16,-4.3],[73.27,-4.14],[73.3,-4.09],[73.41,-4.02],[73.48,-4.0],[73.56,-3.97],[73.56,-3.94],[73.59,-3.9],[73.63,-3.9],[73.63,-3.94],[73.66,-3.97],[73.77,-4.0],[73.92,-4.0],[73.99,-3.99],[74.06,-3.92],[74.06,-3.84],[74.2,-3.72],[74.28,-3.72],[74.31,-3.7],[74.38,-3.7],[74.46,-3.65],[74.46,-3.57],[74.49,-3.52],[74.56,-3.45],[74.64,-3.43],[74.78,-3.4],[75.1,-3.4],[75.25,-3.35],[75.25,-3.33],[75.32,-3.28],[75.32,-3.27],[75.35,-3.23],[75.32,-3.23],[75.32,-3.2],[75.25,-3.13],[75.32,-3.07],[75.39,-3.05],[75.46,-3.01],[75.53,-3.0],[75.68,-3.0],[75.79,-3.0],[75.86,-2.95],[75.86,-2.81],[75.89,-2.8],[75.97,-2.85],[75.97,-2.88],[76.04,-2.9],[76.18,-2.9],[76.22,-2.85],[76.22,-2.73],[76.18,-2.7],[76.11,-2.7],[76.04,-2.66],[76.04,-2.63],[76.22,-2.6],[76.51,-2.6],[76.58,-2.61],[76.65,-2.65],[76.65,-2.76],[76.58,-2.8],[76.58,-2.83],[76.54,-2.85],[76.54,-2.98],[76.51,-2.98],[76.4,-3.0],[76.22,-3.0],[76.15,-3.03],[76.15,-3.08],[76.11,-3.1],[76.04,-3.1],[75.97,-3.13],[75.97,-3.2],[75.93,-3.23],[75.93,-3.27],[75.86,-3.3],[75.82,-3.3],[75.75,-3.28],[75.75,-3.23],[75.68,-3.22],[75.57,-3.33],[75.57,-3.38],[75.61,-3.4],[75.71,-3.4],[75.75,-3.42],[75.82,-3.42],[75.86,-3.43],[75.86,-3.47],[75.82,-3.47],[75.79,-3.5],[75.71,-3.5],[75.64,-3.53],[75.64,-3.58],[75.75,-3.62],[75.75,-3.67],[75.68,-3.7],[75.53,-3.7],[75.46,-3.72],[75.46,-3.75],[75.39,-3.8],[75.32,-3.8],[75.28,-3.82],[75.21,-3.87],[75.21,-3.9],[75.18,-3.94],[75.07,-3.99],[75.07,-4.0],[74.92,-4.0],[74.85,-4.02],[74.85,-4.09],[74.89,-4.09],[74.96,-4.12],[74.96,-4.17],[74.92,-4.17],[74.89,-4.19],[74.82,-4.19],[74.78,-4.2],[74.71,-4.2],[74.64,-4.25],[74.64,-4.29],[74.6,-4.3],[74.56,-4.29],[74.56,-4.24],[74.53,-4.2],[74.46,-4.22],[74.46,-4.32],[74.42,-4.35],[74.42,-4.39],[74.31,-4.47],[74.31,-4.51],[74.28,-4.52],[74.28,-4.57],[74.24,-4.61],[74.24,-4.62],[74.28,-4.64],[74.28,-4.69],[74.38,-4.71],[74.42,-4.67],[74.46,-4.67],[74.46,-4.62],[74.53,-4.61],[74.64,-4.61],[74.74,-4.57],[74.82,-4.51],[74.82,-4.46],[74.85,-4.42],[74.85,-4.34],[74.89,-4.3],[74.96,-4.3],[75.18,-4.3],[75.25,-4.29],[75.35,-4.24],[75.43,-4.17],[75.46,-4.14],[75.46,-4.05],[75.43,-4.04],[75.43,-4.0],[75.35,-3.97],[75.35,-3.92],[75.43,-3.9],[75.43,-3.94],[75.5,-3.99],[75.5,-4.0],[75.61,-4.0],[75.61,-3.99],[75.68,-3.92],[75.71,-3.9],[75.93,-3.9],[76.0,-3.92],[76.04,-3.97],[76.04,-4.0],[76.15,-3.97],[76.15,-3.92],[76.18,-3.9],[76.22,-3.9],[76.33,-3.89],[76.33,-3.87],[76.36,-3.87],[76.36,-3.82],[76.4,-3.8],[76.51,-3.8],[76.54,-3.82],[76.54,-3.87],[76.58,-3.89],[76.69,-3.89],[76.76,-3.87],[76.76,-3.84],[76.76,-3.8],[76.83,-3.8],[76.83,-3.85],[76.94,-3.89],[77.01,-3.89],[77.05,-3.9],[77.12,-3.9],[77.26,-3.95],[77.3,-4.02],[77.3,-4.09],[77.3,-4.1],[77.23,-4.1],[77.12,-4.07],[77.12,-4.02],[77.08,-4.0],[76.94,-4.02],[76.87,-4.12],[76.87,-4.17],[76.94,-4.22],[76.94,-4.32],[76.94,-4.34],[76.94,-4.37],[77.05,-4.39],[77.05,-4.41],[77.19,-4.41],[77.26,-4.44],[77.26,-4.46],[77.3,-4.49],[77.44,-4.49],[77.48,-4.51],[77.59,-4.51],[77.66,-4.54],[77.66,-4.57],[77.77,-4.61],[77.98,-4.61],[78.02,-4.61],[78.13,-4.64],[78.16,-4.67],[78.16,-4.71],[78.09,-4.79],[78.02,-4.86],[77.95,-4.94],[78.02,-5.04],[78.02,-5.08],[78.02,-5.11],[77.95,-5.14],[77.95,-5.18],[78.02,-5.19],[78.02,-5.23],[78.02,-5.24],[78.02,-5.36],[78.09,-5.39],[78.16,-5.39],[78.2,-5.43],[78.2,-5.49],[78.27,-5.53],[78.27,-5.58],[78.34,-5.59],[78.45,-5.63],[78.45,-5.76],[78.56,-5.8],[78.74,-5.8],[78.88,-5.75],[78.88,-5.69],[78.92,-5.69],[78.92,-5.75],[78.99,-5.78],[79.1,-5.78],[79.35,-5.8],[79.78,-5.8],[80.11,-5.78],[80.14,-5.71],[80.25,-5.71],[80.29,-5.69],[80.39,-5.69],[80.43,-5.66],[80.47,-5.66],[80.47,-5.63],[80.5,-5.61],[80.5,-5.63],[80.5,-5.64],[80.65,-5.69],[80.86,-5.69],[80.86,-5.71],[80.97,-5.71],[81.04,-5.75],[81.11,-5.8],[81.11,-5.83],[81.22,-5.9],[81.33,-5.9],[81.4,-5.91],[81.58,-5.91],[81.65,-5.9],[81.76,-5.9],[81.87,-5.85],[81.87,-5.81],[81.94,-5.83],[81.94,-5.86],[82.05,-5.91],[82.12,-5.88],[82.12,-5.83],[82.27,-5.8],[82.66,-5.8],[82.73,-5.83],[82.73,-6.0],[82.66,-6.01],[82.66,-6.06],[82.73,-6.08],[82.81,-6.08],[82.84,-6.1],[83.2,-6.1],[83.2,-6.11],[83.31,-6.11],[83.35,-6.15],[83.35,-6.18],[83.2,-6.21],[83.17,-6.21],[83.17,-6.67],[83.2,-6.7],[83.35,-6.7],[83.38,-6.67],[83.45,-6.67],[83.45,-6.65],[83.49,-6.6],[83.56,-6.6],[83.56,-6.58],[83.74,-6.47],[83.74,-6.35],[83.74,-6.3],[83.85,-6.28],[83.85,-6.21],[83.81,-6.21],[83.74,-6.21],[83.74,-6.2],[83.67,-6.2],[83.67,-6.11],[83.71,-6.1],[83.85,-6.1],[83.92,-6.06],[83.92,-6.03],[83.92,-6.0],[83.85,-5.98],[83.85,-5.93],[84.03,-5.91],[84.46,-5.91],[84.61,-5.93],[84.71,-6.0],[84.86,-6.0],[84.97,-5.96],[84.97,-5.93],[84.97,-5.91],[85.04,-5.93],[85.04,-5.96],[85.11,-6.0],[85.22,-6.0],[85.25,-5.96],[85.25,-5.93],[85.29,-5.91],[85.4,-5.91],[85.43,-5.93],[85.43,-5.98],[85.47,-6.0],[85.43,-6.03],[85.43,-6.08],[85.33,-6.1],[85.33,-6.16],[85.47,-6.2],[85.69,-6.2],[85.76,-6.21],[85.83,-6.2],[86.05,-6.2],[86.15,-6.16],[86.15,-6.11],[86.19,-6.1],[86.3,-6.1],[86.33,-6.11],[86.33,-6.15],[86.37,-6.15],[86.37,-6.2],[86.41,-6.2],[86.41,-6.21],[86.51,-6.21],[86.55,-6.21],[86.55,-6.26],[86.59,-6.26],[86.66,-6.3],[86.87,-6.3],[86.95,-6.26],[86.95,-6.23],[86.95,-6.21],[87.13,-6.16],[87.13,-6.13],[87.23,-6.06],[87.23,-6.01],[87.27,-5.98],[87.27,-5.91],[87.31,-5.9],[87.31,-5.78],[87.38,-5.75],[87.38,-5.71],[87.49,-5.63],[87.56,-5.59],[87.59,-5.59],[87.67,-5.54],[87.74,-5.48],[87.85,-5.34],[87.99,-5.24],[88.1,-5.19],[88.17,-5.19],[88.21,-5.19],[88.21,-5.13],[88.31,-5.09],[88.38,-5.09],[88.38,-5.08],[88.46,-5.04],[88.53,-4.97],[88.56,-4.92],[88.64,-4.89],[88.71,-4.89],[88.74,-4.89],[88.74,-4.84],[88.82,-4.81],[88.89,-4.81],[88.92,-4.79],[89.1,-4.79],[89.25,-4.76],[89.25,-4.72],[89.28,-4.71],[89.28,-4.74],[89.36,-4.76],[89.36,-4.89],[89.43,-4.89],[89.43,-4.87],[89.43,-4.82],[89.57,-4.79],[89.61,-4.79],[89.72,-4.81],[89.75,-4.84],[89.75,-5.09],[89.79,-5.09],[89.86,-5.06],[89.93,-4.96],[90.04,-4.77],[90.04,-4.64],[89.97,-4.61],[89.79,-4.61],[89.68,-4.57],[89.61,-4.51],[89.57,-4.46],[89.57,-4.42],[89.54,-4.35],[89.57,-4.32],[89.61,-4.3],[89.86,-4.3],[89.93,-4.32],[89.93,-4.37],[89.97,-4.41],[89.97,-4.47],[90.04,-4.49],[90.26,-4.49],[90.33,-4.51],[90.44,-4.51],[90.51,-4.54],[90.58,-4.59],[90.65,-4.56],[90.69,-4.52],[90.69,-4.49],[90.87,-4.34],[90.94,-4.3],[91.01,-4.3],[91.05,-4.29],[91.05,-4.24],[91.05,-4.2],[91.16,-4.2],[91.19,-4.19],[91.3,-4.19],[91.34,-4.17],[91.34,-4.15],[91.41,-4.1],[91.48,-4.1],[91.55,-4.05],[91.55,-3.94],[91.59,-3.9],[91.66,-3.9],[91.66,-3.89],[91.73,-3.89],[91.73,-3.87],[91.77,-3.85],[91.77,-3.82],[91.77,-3.8],[91.88,-3.8],[91.95,-3.77],[91.95,-3.72],[92.02,-3.7],[92.09,-3.7],[92.13,-3.67],[92.13,-3.63],[92.27,-3.6],[92.49,-3.6],[92.6,-3.62],[92.67,-3.65],[92.67,-3.68],[92.67,-3.7],[92.81,-3.7],[92.85,-3.68],[92.85,-3.62],[92.78,-3.6],[92.78,-3.58],[92.74,-3.58],[92.74,-3.55],[92.81,-3.5],[92.85,-3.5],[92.96,-3.47],[92.96,-3.43],[92.99,-3.43],[92.99,-3.4],[93.03,-3.42],[93.03,-3.45],[93.03,-3.48],[93.1,-3.5],[93.17,-3.5],[93.21,-3.47],[93.28,-3.43],[93.28,-3.42],[93.32,-3.42],[93.35,-3.45],[93.39,-3.52],[93.46,-3.53],[93.46,-3.57],[93.53,-3.58],[93.64,-3.58],[93.68,-3.6],[93.75,-3.58],[93.86,-3.57],[93.86,-3.52],[93.75,-3.48],[93.75,-3.42],[93.86,-3.35],[93.89,-3.3],[93.93,-3.25],[93.93,-3.22],[94.04,-3.17],[94.04,-3.12],[93.93,-3.1],[93.82,-3.1],[93.75,-3.05],[93.75,-2.95],[93.75,-2.93],[93.75,-2.9],[93.82,-2.9],[93.82,-2.86],[93.86,-2.85],[93.86,-2.71],[93.89,-2.7],[93.89,-2.66],[93.93,-2.65],[93.93,-2.53],[94.04,-2.5],[94.07,-2.5],[94.14,-2.48],[94.14,-2.31],[94.07,-2.29],[94.07,-2.24],[94.04,-2.23],[94.04,-2.18],[94.07,-2.16],[94.07,-2.11],[94.14,-2.11],[94.22,-2.08],[94.25,-2.01],[94.32,-1.96],[94.32,-1.91],[94.36,-1.84],[94.36,-1.67],[94.32,-1.66],[94.32,-1.62],[94.25,-1.61],[94.18,-1.61],[94.18,-1.62],[94.14,-1.64],[94.14,-1.69],[94.07,-1.69],[94.07,-1.64],[94.04,-1.62],[94.04,-1.57],[94.07,-1.56],[94.07,-1.52],[94.18,-1.52],[94.25,-1.47],[94.25,-1.42],[94.25,-1.41],[94.32,-1.41],[94.32,-1.39],[94.43,-1.39],[94.43,-1.37],[94.58,-1.34],[94.58,-1.32],[94.61,-1.31],[94.61,-1.27],[94.61,-1.26],[94.61,-1.24],[94.76,-1.21],[94.86,-1.21],[94.94,-1.17],[94.94,-1.16],[94.97,-1.14],[94.97,-1.12],[94.97,-1.11],[95.12,-1.11],[95.15,-1.09],[95.33,-1.09],[95.4,-1.09],[95.44,-1.07],[95.44,-1.04],[95.48,-1.04],[95.48,-1.02],[95.51,-1.0],[95.58,-0.99],[95.62,-0.99],[95.62,-0.95],[95.66,-0.94],[95.66,-0.57],[95.62,-0.54],[95.62,-0.5],[95.58,-0.5],[95.51,-0.5],[95.4,-0.5],[95.4,-0.49],[95.33,-0.49],[95.33,-0.45],[95.33,-0.44],[95.33,-0.42],[95.3,-0.4],[95.22,-0.4],[95.22,-0.39],[95.15,-0.39],[95.15,-0.37],[95.15,-0.32],[95.15,-0.3],[95.22,-0.3],[95.22,-0.28],[95.26,-0.28],[95.26,-0.22],[95.22,-0.22],[95.22,-0.2],[95.15,-0.2],[95.12,-0.2],[95.08,-0.18],[95.08,-0.17],[95.04,-0.15],[95.04,-0.13],[94.97,-0.12],[94.97,-0.1],[94.97,-0.08],[94.97,-0.02],[94.97,0.0],[94.97,0.03],[95.15,0.08],[95.26,0.08],[95.33,0.07],[95.33,0.03],[95.4,-0.02],[95.44,-0.05],[95.48,-0.07],[95.51,-0.08],[95.51,-0.07],[95.51,-0.03],[95.62,0.0],[95.66,0.0],[95.69,0.02],[95.8,0.1],[95.84,0.15],[95.84,0.23],[95.87,0.25],[95.87,0.28],[95.87,0.3],[95.94,0.3],[95.94,0.37],[95.87,0.39],[95.84,0.4],[95.8,0.4],[95.76,0.42],[95.76,0.59],[95.8,0.59],[95.8,0.6],[95.84,0.6],[95.84,0.67],[95.76,0.69],[95.26,0.69],[95.15,0.67],[95.15,0.64],[95.08,0.6],[95.04,0.55],[94.97,0.5],[94.94,0.45],[94.86,0.42],[94.79,0.4],[94.76,0.39],[94.68,0.39],[94.61,0.42],[94.61,0.49],[94.68,0.49],[94.68,0.5],[94.72,0.5],[94.72,0.52],[94.76,0.54],[94.76,0.67],[94.79,0.7],[94.79,0.74],[94.86,0.77],[94.86,0.82],[94.79,0.84],[94.79,0.89],[94.79,0.9],[94.72,0.9],[94.68,0.92],[94.68,0.94],[94.61,0.96],[94.61,1.02],[94.61,1.06],[94.61,1.11],[94.54,1.16],[94.43,1.19],[94.4,1.21],[94.32,1.21],[94.25,1.24],[94.25,1.27],[94.22,1.29],[94.07,1.29],[94.07,1.27],[94.07,1.26],[94.04,1.24],[94.04,1.21],[93.93,1.21],[93.93,1.26],[94.07,1.39],[94.14,1.41],[94.22,1.41],[94.25,1.42],[94.25,1.47],[94.25,1.49],[94.36,1.49],[94.36,1.51],[94.43,1.51],[94.5,1.52],[94.54,1.52],[94.54,1.69],[94.58,1.71],[94.58,1.76],[94.61,1.79],[94.61,1.84],[94.76,1.89],[94.9,1.89],[94.94,1.88],[94.94,1.83],[94.9,1.81],[94.79,1.81],[94.79,1.79],[94.79,1.78],[94.76,1.76],[94.76,1.63],[94.79,1.63],[94.79,1.61],[94.86,1.61],[94.9,1.59],[94.97,1.59],[95.04,1.61],[95.08,1.61],[95.12,1.63],[95.15,1.63],[95.15,1.68],[95.15,1.69],[95.22,1.69],[95.26,1.69],[95.33,1.69],[95.44,1.73],[95.44,1.81],[95.33,1.84],[95.33,1.86],[95.4,1.88],[95.4,1.89],[95.44,1.93],[95.44,2.03],[95.33,2.16],[95.3,2.18],[95.3,2.23],[95.26,2.24],[95.26,2.28],[95.3,2.28],[95.33,2.33],[95.33,2.36],[95.33,2.41],[95.33,2.43],[95.33,2.5],[95.26,2.51],[95.26,2.6]],[[96.52,1.11],[96.41,1.14],[96.38,1.17],[96.3,1.19],[96.2,1.21],[96.12,1.21],[96.05,1.19],[95.87,1.12],[95.87,1.11],[95.87,1.02],[95.84,0.97],[95.87,0.96],[95.87,0.9],[95.87,0.89],[95.94,0.89],[95.94,0.75],[95.98,0.72],[96.02,0.72],[96.05,0.7],[96.2,0.7],[96.3,0.69],[96.41,0.7],[96.56,0.7],[96.59,0.72],[96.59,0.75],[96.66,0.77],[96.66,0.87],[96.74,0.9],[96.77,0.9],[96.77,0.92],[96.84,0.92],[96.84,0.97],[96.77,0.97],[96.77,0.99],[96.7,0.99],[96.7,1.01],[96.66,1.01],[96.59,1.02],[96.56,1.04],[96.56,1.06],[96.52,1.09],[96.52,1.11]],[[97.31,-0.13],[97.31,-0.1],[97.2,-0.1],[97.13,-0.12],[97.06,-0.15],[96.95,-0.23],[96.95,-0.27],[96.95,-0.28],[96.95,-0.3],[97.13,-0.3],[97.28,-0.23],[97.31,-0.2],[97.31,-0.18],[97.31,-0.17],[97.31,-0.13]],[[97.28,-0.47],[97.24,-0.44],[97.2,-0.42],[97.13,-0.4],[97.06,-0.4],[96.95,-0.42],[96.88,-0.5],[96.88,-0.54],[96.84,-0.57],[96.88,-0.59],[96.92,-0.59],[96.95,-0.6],[97.28,-0.6],[97.31,-0.59],[97.31,-0.54],[97.31,-0.5],[97.28,-0.47]],[[98.86,-0.94],[98.86,-0.92],[98.82,-0.92],[98.82,-0.9],[98.75,-0.9],[98.75,-0.92],[98.72,-0.92],[98.72,-0.99],[98.75,-0.99],[98.75,-1.0],[98.82,-1.0],[98.82,-0.99],[98.86,-0.97],[98.86,-0.94]],[[98.72,-1.06],[98.72,-1.02],[98.72,-1.0],[98.68,-1.0],[98.68,-1.02],[98.64,-1.02],[98.64,-1.09],[98.68,-1.09],[98.72,-1.09],[98.72,-1.06]],[[97.96,-1.76],[97.96,-1.73],[97.92,-1.71],[97.92,-1.69],[97.85,-1.69],[97.85,-1.71],[97.85,-1.79],[97.85,-1.81],[97.92,-1.81],[97.92,-1.79],[97.96,-1.78],[97.96,-1.76]],[[97.85,-1.91],[97.85,-1.83],[97.78,-1.81],[97.64,-1.81],[97.6,-1.83],[97.56,-1.83],[97.56,-1.88],[97.6,-1.91],[97.64,-1.91],[97.67,-1.91],[97.74,-1.93],[97.74,-1.98],[97.78,-1.98],[97.78,-1.99],[97.82,-1.99],[97.82,-1.98],[97.85,-1.96],[97.85,-1.91]],[[96.95,-2.55],[96.95,-2.51],[96.88,-2.5],[96.84,-2.53],[96.84,-2.58],[96.95,-2.58],[96.95,-2.55]],[[96.66,-2.75],[96.59,-2.7],[96.41,-2.7],[96.34,-2.73],[96.34,-2.78],[96.3,-2.8],[96.23,-2.8],[96.12,-2.83],[96.05,-2.86],[95.98,-2.9],[95.84,-3.08],[95.87,-3.1],[96.02,-3.1],[96.05,-3.12],[96.12,-3.12],[96.16,-3.13],[96.16,-3.18],[96.2,-3.2],[96.3,-3.2],[96.34,-3.23],[96.34,-3.52],[96.38,-3.55],[96.38,-3.58],[96.41,-3.6],[96.59,-3.6],[96.59,-3.62],[96.59,-3.65],[96.66,-3.67],[96.66,-3.72],[96.59,-3.77],[96.52,-3.8],[96.23,-3.8],[96.2,-3.79],[96.12,-3.79],[96.05,-3.75],[96.05,-3.72],[95.98,-3.7],[95.87,-3.72],[95.84,-3.77],[95.8,-3.82],[95.76,-3.84],[95.69,-3.87],[95.66,-3.87],[95.66,-3.84],[95.58,-3.8],[95.51,-3.8],[95.44,-3.84],[95.44,-3.87],[95.4,-3.89],[95.33,-3.87],[95.33,-3.85],[95.3,-3.8],[95.26,-3.82],[95.26,-3.85],[95.22,-3.87],[95.22,-3.89],[95.15,-3.87],[95.15,-3.84],[94.97,-3.8],[94.72,-3.8],[94.61,-3.85],[94.61,-3.87],[94.68,-3.87],[94.68,-3.9],[94.72,-3.9],[94.72,-3.99],[94.61,-4.07],[94.43,-4.15],[94.36,-4.24],[94.36,-4.39],[94.4,-4.42],[94.43,-4.42],[94.43,-4.47],[94.4,-4.52],[94.32,-4.57],[94.32,-4.59],[94.25,-4.57],[94.25,-4.54],[94.18,-4.51],[94.07,-4.51],[94.04,-4.56],[94.07,-4.57],[94.07,-4.61],[94.14,-4.61],[94.14,-4.77],[94.07,-4.79],[94.04,-4.79],[93.93,-4.81],[93.93,-4.86],[93.89,-4.89],[93.75,-4.89],[93.57,-4.89],[93.46,-4.92],[93.46,-4.96],[93.39,-4.99],[93.35,-4.99],[93.32,-5.01],[93.21,-5.01],[93.17,-5.02],[93.14,-5.06],[93.03,-5.09],[92.85,-5.09],[92.81,-5.11],[92.74,-5.11],[92.67,-5.13],[92.67,-5.16],[92.63,-5.16],[92.63,-5.19],[92.6,-5.19],[92.49,-5.19],[92.45,-5.21],[92.45,-5.28],[92.42,-5.28],[92.31,-5.31],[92.27,-5.31],[92.27,-5.33],[92.13,-5.34],[92.09,-5.41],[92.06,-5.46],[91.95,-5.49],[91.91,-5.58],[91.88,-5.63],[91.73,-5.69],[91.66,-5.68],[91.66,-5.54],[91.59,-5.53],[91.59,-5.49],[91.55,-5.51],[91.55,-5.58],[91.48,-5.59],[91.48,-5.61],[91.41,-5.59],[91.34,-5.56],[91.34,-5.53],[91.3,-5.51],[91.23,-5.51],[91.19,-5.49],[91.01,-5.49],[90.98,-5.48],[90.87,-5.48],[90.87,-5.44],[90.8,-5.39],[90.76,-5.43],[90.76,-5.68],[90.8,-5.68],[90.8,-5.71],[90.83,-5.71],[90.83,-5.81],[90.87,-5.86],[90.87,-6.06],[90.87,-6.1],[91.05,-6.1],[91.16,-6.13],[91.16,-6.18],[91.23,-6.21],[91.3,-6.2],[91.37,-6.2],[91.41,-6.16],[91.48,-6.13],[91.52,-6.1],[91.52,-6.06],[91.59,-6.05],[91.66,-6.0],[91.73,-6.01],[91.77,-6.06],[91.77,-6.08],[91.77,-6.1],[91.88,-6.1],[91.95,-6.06],[91.95,-6.03],[92.02,-6.0],[92.09,-6.0],[92.13,-5.96],[92.13,-5.93],[92.2,-5.93],[92.31,-5.91],[92.56,-5.91],[92.63,-5.9],[92.74,-5.9],[92.85,-5.86],[92.85,-5.85],[92.96,-5.8],[93.03,-5.8],[93.1,-5.81],[93.17,-5.81],[93.21,-5.85],[93.32,-5.91],[93.32,-5.95],[93.35,-5.96],[93.35,-6.06],[93.39,-6.08],[93.5,-6.1],[93.75,-6.1],[93.86,-6.06],[93.86,-6.05],[93.75,-6.0],[93.75,-5.96],[93.75,-5.93],[93.68,-5.91],[93.57,-5.91],[93.57,-5.9],[93.57,-5.81],[93.57,-5.8],[93.68,-5.8],[93.75,-5.83],[93.75,-5.86],[93.75,-5.91],[93.82,-5.9],[93.82,-5.86],[93.89,-5.81],[93.93,-5.8],[94.14,-5.8],[94.22,-5.81],[94.25,-5.85],[94.25,-5.95],[94.32,-6.0],[94.61,-6.0],[94.61,-5.96],[94.61,-5.78],[94.68,-5.75],[94.68,-5.68],[94.76,-5.66],[94.76,-5.63],[94.68,-5.61],[94.68,-5.58],[94.61,-5.56],[94.61,-5.43],[94.61,-5.41],[94.61,-5.38],[94.54,-5.34],[94.58,-5.33],[94.61,-5.33],[94.61,-5.29],[94.61,-5.28],[94.61,-5.14],[94.68,-5.13],[94.68,-5.09],[94.76,-5.06],[94.76,-4.94],[94.86,-4.84],[94.97,-4.79],[95.04,-4.77],[95.04,-4.71],[94.97,-4.69],[94.97,-4.64],[94.94,-4.61],[94.97,-4.59],[94.97,-4.54],[94.97,-4.51],[94.97,-4.47],[95.04,-4.44],[95.12,-4.41],[95.22,-4.42],[95.3,-4.49],[95.33,-4.56],[95.33,-4.59],[95.51,-4.67],[95.51,-4.71],[95.62,-4.71],[95.62,-4.74],[95.66,-4.76],[95.66,-4.86],[95.69,-4.87],[95.69,-4.89],[95.8,-4.89],[95.84,-4.91],[95.84,-4.99],[95.76,-5.02],[95.76,-5.19],[95.8,-5.19],[95.87,-5.11],[95.87,-5.06],[95.94,-5.02],[95.94,-4.89],[95.98,-4.86],[95.98,-4.81],[96.05,-4.76],[95.98,-4.67],[95.87,-4.62],[95.76,-4.61],[95.69,-4.61],[95.66,-4.59],[95.66,-4.52],[95.69,-4.49],[95.76,-4.49],[95.84,-4.46],[95.94,-4.37],[95.94,-4.27],[95.98,-4.24],[95.98,-4.19],[96.02,-4.17],[96.12,-4.1],[96.23,-4.1],[96.23,-4.15],[96.23,-4.17],[96.34,-4.19],[96.59,-4.19],[96.74,-4.17],[96.77,-4.1],[96.77,-4.05],[96.84,-4.02],[96.84,-3.7],[96.88,-3.67],[96.88,-3.6],[96.92,-3.6],[96.92,-3.58],[96.95,-3.57],[96.95,-3.35],[96.95,-3.33],[96.95,-3.3],[97.06,-3.3],[97.06,-3.28],[97.13,-3.28],[97.13,-3.25],[97.13,-3.22],[97.13,-3.17],[97.06,-3.05],[96.95,-2.98],[96.84,-2.85],[96.77,-2.81],[96.66,-2.78],[96.66,-2.75]],[[75.86,-3.15],[75.86,-3.13],[75.82,-3.1],[75.75,-3.12],[75.75,-3.18],[75.82,-3.2],[75.86,-3.18],[75.86,-3.15]],[[98.21,-3.25],[98.21,-3.22],[98.18,-3.2],[98.14,-3.23],[98.14,-3.28],[98.18,-3.28],[98.18,-3.3],[98.21,-3.28],[98.21,-3.25]],[[95.51,-3.55],[95.51,-3.53],[95.48,-3.5],[95.33,-3.5],[95.33,-3.52],[95.26,-3.52],[95.26,-3.58],[95.33,-3.6],[95.44,-3.6],[95.51,-3.58],[95.51,-3.55]],[[95.76,-3.6],[95.76,-3.57],[95.69,-3.55],[95.69,-3.5],[95.66,-3.52],[95.66,-3.68],[95.69,-3.7],[95.69,-3.65],[95.76,-3.63],[95.76,-3.6]],[[94.36,-3.65],[94.36,-3.62],[94.25,-3.6],[94.25,-3.62],[94.25,-3.68],[94.32,-3.7],[94.36,-3.68],[94.36,-3.65]],[[97.31,-3.85],[97.31,-3.8],[97.28,-3.8],[97.24,-3.84],[97.24,-3.87],[97.31,-3.9],[97.31,-3.89],[97.31,-3.85]],[[99.14,-3.8],[99.08,-3.8],[99.04,-3.84],[99.04,-3.87],[99.08,-3.9],[99.14,-3.89],[99.14,-3.8]],[[97.64,-3.95],[97.64,-3.9],[97.56,-3.9],[97.56,-4.0],[97.64,-4.0],[97.64,-3.95]],[[96.95,-4.27],[96.92,-4.2],[96.84,-4.22],[96.84,-4.25],[96.77,-4.3],[96.77,-4.39],[96.77,-4.41],[96.77,-4.44],[96.88,-4.46],[96.88,-4.47],[96.95,-4.46],[96.95,-4.44],[96.95,-4.41],[97.02,-4.39],[97.02,-4.3],[96.95,-4.27]],[[97.13,-4.25],[97.13,-4.24],[97.13,-4.2],[97.06,-4.2],[97.06,-4.3],[97.13,-4.3],[97.13,-4.27],[97.13,-4.25]],[[97.31,-4.25],[97.31,-4.2],[97.31,-4.19],[97.24,-4.24],[97.24,-4.27],[97.28,-4.3],[97.31,-4.3],[97.31,-4.25]],[[95.26,-4.56],[95.26,-4.52],[95.15,-4.49],[95.15,-4.51],[95.15,-4.59],[95.22,-4.61],[95.26,-4.59],[95.26,-4.56]],[[99.14,-5.18],[99.08,-5.19],[99.08,-5.28],[99.04,-5.31],[99.04,-5.51],[99.0,-5.56],[99.0,-5.61],[98.9,-5.68],[98.9,-5.69],[98.75,-5.69],[98.72,-5.66],[98.72,-5.63],[98.64,-5.64],[98.54,-5.75],[98.54,-5.78],[98.54,-5.81],[98.54,-5.85],[98.54,-5.88],[98.68,-5.9],[98.72,-5.91],[98.86,-5.91],[98.9,-5.9],[98.97,-5.9],[99.08,-5.83],[99.08,-5.78],[99.14,-5.74],[99.14,-5.18]],[[89.75,-5.19],[89.75,-5.13],[89.72,-5.09],[89.68,-5.09],[89.61,-5.13],[89.61,-5.19],[89.57,-5.19],[89.5,-5.19],[89.43,-5.21],[89.43,-5.28],[89.57,-5.31],[89.61,-5.31],[89.72,-5.29],[89.72,-5.26],[89.75,-5.24],[89.75,-5.19]],[[76.36,-5.88],[76.29,-5.81],[76.22,-5.8],[76.15,-5.8],[76.04,-5.81],[76.04,-5.85],[76.04,-5.88],[76.04,-5.93],[76.04,-5.96],[76.11,-6.01],[76.18,-6.06],[76.22,-6.08],[76.22,-6.06],[76.22,-6.03],[76.33,-6.0],[76.4,-6.0],[76.4,-5.93],[76.36,-5.88]],[[82.45,-6.06],[82.45,-6.03],[82.37,-6.01],[82.27,-6.01],[82.23,-6.0],[82.09,-6.0],[82.05,-6.01],[81.94,-6.01],[81.87,-6.03],[81.87,-6.06],[81.91,-6.06],[82.05,-6.1],[82.27,-6.1],[82.3,-6.08],[82.37,-6.08],[82.45,-6.06]],[[93.14,-6.06],[93.14,-6.01],[93.03,-6.0],[92.96,-6.03],[92.96,-6.06],[93.03,-6.1],[93.1,-6.1],[93.14,-6.08],[93.14,-6.06]],[[76.94,-6.36],[76.94,-6.31],[76.9,-6.3],[76.87,-6.31],[76.87,-6.42],[76.83,-6.43],[76.83,-6.5],[76.76,-6.5],[76.76,-6.52],[76.76,-6.67],[76.87,-6.7],[76.94,-6.7],[77.01,-6.67],[77.05,-6.67],[77.05,-6.53],[77.08,-6.52],[77.12,-6.48],[77.12,-6.43],[77.12,-6.4],[77.01,-6.4],[76.94,-6.36]],[[77.95,-6.4],[77.95,-6.35],[77.84,-6.3],[77.8,-6.3],[77.77,-6.31],[77.77,-6.36],[77.84,-6.43],[77.84,-6.47],[77.91,-6.5],[77.95,-6.5],[77.95,-6.4]],[[82.73,-6.45],[82.73,-6.4],[82.66,-6.4],[82.66,-6.5],[82.73,-6.5],[82.73,-6.45]],[[92.13,-6.7],[92.13,-6.67],[92.13,-6.65],[92.13,-6.62],[92.09,-6.6],[92.02,-6.6],[91.95,-6.65],[91.95,-6.77],[91.95,-6.8],[92.13,-6.8],[92.13,-6.75],[92.13,-6.7]],[[76.76,-6.75],[76.72,-6.7],[76.58,-6.7],[76.54,-6.73],[76.54,-6.77],[76.58,-6.8],[76.72,-6.8],[76.76,-6.75]],[[89.43,-6.9],[89.43,-6.8],[89.43,-6.77],[89.43,-6.72],[89.39,-6.7],[89.28,-6.7],[89.25,-6.72],[89.21,-6.78],[89.21,-6.8],[89.1,-6.88],[89.1,-6.9],[89.03,-6.9],[88.92,-6.93],[88.89,-7.0],[88.89,-7.03],[88.85,-7.05],[88.89,-7.07],[88.89,-7.1],[88.92,-7.14],[89.07,-7.2],[89.18,-7.2],[89.25,-7.24],[89.25,-7.27],[89.25,-7.29],[89.36,-7.29],[89.36,-7.3],[89.43,-7.3],[89.54,-7.27],[89.54,-7.1],[89.43,-7.09],[89.43,-6.9]],[[88.85,-6.85],[88.85,-6.8],[88.82,-6.8],[88.74,-6.83],[88.74,-6.88],[88.74,-6.9],[88.85,-6.88],[88.85,-6.85]],[[87.13,-7.05],[87.13,-7.0],[87.05,-7.03],[87.05,-7.09],[87.13,-7.09],[87.13,-7.05]],[[95.76,-7.05],[95.69,-7.0],[95.66,-7.03],[95.66,-7.05],[95.51,-7.14],[95.51,-7.17],[95.66,-7.2],[96.02,-7.2],[96.05,-7.19],[96.16,-7.15],[96.16,-7.14],[96.05,-7.1],[96.02,-7.1],[95.98,-7.09],[95.84,-7.09],[95.76,-7.07],[95.76,-7.05]],[[87.56,-7.2],[87.56,-7.14],[87.49,-7.1],[87.41,-7.17],[87.31,-7.25],[87.31,-7.27],[87.41,-7.3],[87.49,-7.3],[87.49,-7.29],[87.49,-7.25],[87.56,-7.24],[87.56,-7.2]],[[97.06,-7.35],[97.06,-7.32],[97.02,-7.3],[96.95,-7.32],[96.95,-7.39],[97.02,-7.39],[97.06,-7.39],[97.06,-7.35]],[[90.65,-7.69],[90.65,-7.64],[90.62,-7.6],[90.58,-7.6],[90.58,-7.64],[90.51,-7.65],[90.51,-7.76],[90.58,-7.77],[90.58,-7.81],[90.65,-7.77],[90.65,-7.69]],[[91.23,-7.84],[91.23,-7.81],[91.16,-7.82],[91.16,-7.89],[91.23,-7.91],[91.23,-7.87],[91.23,-7.84]],[[90.94,-7.96],[90.94,-7.91],[90.87,-7.91],[90.87,-7.99],[90.94,-7.99],[90.94,-7.96]],[[81.76,-8.84],[81.69,-8.81],[81.58,-8.81],[81.55,-8.84],[81.55,-8.86],[81.58,-8.89],[81.69,-8.89],[81.76,-8.84]],[[81.94,-8.94],[81.91,-8.89],[81.76,-8.89],[81.76,-8.93],[81.76,-8.98],[81.76,-8.99],[81.91,-8.99],[81.94,-8.98],[81.94,-8.94]],[[87.27,-9.15],[87.23,-9.15],[87.23,-9.11],[87.13,-9.11],[87.13,-9.2],[87.23,-9.2],[87.23,-9.15],[87.27,-9.15]],[[77.44,-9.75],[77.44,-9.71],[77.37,-9.71],[77.3,-9.73],[77.37,-9.77],[77.37,-9.8],[77.44,-9.8],[77.44,-9.75]]]}},{"type":"Feature","properties":{"precip":10},"geometry":{"type":"Polygon","coordinates":[[[29.64,2.45],[29.64,2.48],[29.68,2.5],[29.75,2.48],[29.75,2.43],[29.71,2.41],[29.64,2.43],[29.64,2.45]]]}},{"type":"Feature","properties":{"precip":10},"geometry":{"type":"Polygon","coordinates":[[[96.12,2.43],[96.16,2.46],[96.23,2.48],[96.23,2.5],[96.34,2.5],[96.41,2.48],[96.56,2.36],[96.56,2.33],[96.52,2.3],[96.48,2.3],[96.48,2.28],[96.41,2.26],[96.41,2.13],[96.41,2.11],[96.38,2.11],[96.38,2.13],[96.34,2.13],[96.34,2.18],[96.23,2.19],[96.2,2.23],[96.16,2.23],[96.12,2.26],[96.05,2.3],[96.05,2.41],[96.12,2.43]]]}},{"type":"Feature","properties":{"precip":10},"geometry":{"type":"Polygon","coordinates":[[[97.31,2.45],[97.38,2.5],[97.49,2.5],[97.49,2.46],[97.56,2.46],[97.56,2.43],[97.64,2.4],[97.67,2.4],[97.78,2.35],[97.82,2.3],[97.82,2.19],[97.78,2.16],[97.74,2.14],[97.74,2.13],[97.67,2.13],[97.67,2.11],[97.67,2.13],[97.64,2.14],[97.64,2.18],[97.6,2.19],[97.56,2.18],[97.56,2.14],[97.49,2.13],[97.49,2.11],[97.49,2.13],[97.46,2.13],[97.46,2.16],[97.42,2.19],[97.38,2.19],[97.38,2.18],[97.31,2.16],[97.31,2.01],[97.31,1.99],[97.28,1.99],[97.28,2.04],[97.24,2.06],[97.24,2.18],[97.13,2.21],[97.13,2.38],[97.24,2.4],[97.24,2.41],[97.31,2.41],[97.31,2.43],[97.31,2.45]]]}},{"type":"Feature","properties":{"precip":10},"geometry":{"type":"Polygon","coordinates":[[[29.35,2.35],[29.35,2.4],[29.43,2.41],[29.43,2.38],[29.46,2.38],[29.46,2.33],[29.43,2.3],[29.35,2.31],[29.35,2.35]]]}},{"type":"Feature","properties":{"precip":10},"geometry":{"type":"Polygon","coordinates":[[[19.74,2.26],[19.78,2.28],[19.82,2.3],[19.89,2.3],[19.92,2.28],[19.96,2.28],[19.96,2.23],[19.89,2.19],[19.82,2.19],[19.74,2.23],[19.74,2.26]]]}},{"type":"Feature","properties":{"precip":10},"geometry":{"type":"Polygon","coordinates":[[[33.42,2.13],[33.46,2.14],[33.46,2.18],[33.53,2.19],[33.53,2.14],[33.57,2.11],[33.57,1.91],[33.6,1.91],[33.6,1.89],[33.64,1.91],[33.64,1.98],[33.67,1.99],[33.71,1.99],[33.75,1.99],[33.75,1.88],[33.78,1.84],[33.78,1.81],[33.89,1.71],[33.93,1.69],[34.0,1.69],[34.03,1.69],[34.03,1.61],[33.96,1.54],[33.93,1.54],[33.93,1.51],[33.89,1.49],[33.89,1.44],[33.85,1.42],[33.85,1.24],[33.82,1.22],[33.82,1.21],[33.78,1.21],[33.78,1.17],[33.75,1.16],[33.75,1.04],[33.71,1.02],[33.71,1.01],[33.67,1.01],[33.64,0.99],[33.6,0.99],[33.57,0.97],[33.57,0.94],[33.53,0.94],[33.53,0.92],[33.49,0.92],[33.49,0.9],[33.31,0.9],[33.28,0.92],[33.28,0.94],[33.24,0.94],[33.24,0.97],[33.21,0.97],[33.21,0.99],[33.1,0.99],[33.06,0.97],[33.06,0.85],[33.03,0.84],[33.03,0.82],[32.99,0.82],[32.99,0.8],[32.92,0.8],[32.88,0.79],[32.88,0.77],[32.85,0.74],[32.85,0.65],[32.81,0.62],[32.81,0.6],[32.77,0.6],[32.7,0.62],[32.67,0.65],[32.59,0.69],[32.56,0.75],[32.49,0.8],[32.49,0.82],[32.45,0.85],[32.41,0.87],[32.38,0.87],[32.34,0.85],[32.34,0.82],[32.31,0.82],[32.31,0.8],[32.27,0.79],[32.27,0.69],[32.23,0.67],[32.23,0.62],[32.2,0.62],[32.2,0.6],[32.09,0.6],[32.09,0.62],[32.05,0.62],[32.05,0.67],[32.02,0.67],[32.02,0.69],[31.95,0.69],[31.95,0.7],[31.87,0.7],[31.87,0.74],[31.84,0.74],[31.84,0.77],[31.77,0.8],[31.55,0.8],[31.51,0.82],[31.48,0.82],[31.44,0.84],[31.44,0.96],[31.48,0.97],[31.48,0.99],[31.55,0.99],[31.55,1.01],[31.62,1.01],[31.62,1.02],[31.66,1.04],[31.66,1.09],[31.69,1.09],[31.73,1.06],[31.77,1.04],[31.8,1.01],[31.8,0.99],[31.84,0.97],[31.84,0.96],[31.87,0.94],[31.87,0.92],[31.91,0.9],[31.95,0.92],[31.95,1.37],[31.98,1.42],[31.98,1.44],[32.02,1.49],[32.05,1.49],[32.13,1.51],[32.23,1.51],[32.31,1.49],[32.38,1.49],[32.45,1.44],[32.45,1.42],[32.52,1.41],[32.56,1.41],[32.59,1.41],[32.63,1.41],[32.67,1.44],[32.67,1.47],[32.7,1.49],[32.74,1.47],[32.74,1.44],[32.77,1.41],[32.81,1.41],[32.85,1.41],[32.88,1.41],[32.95,1.42],[32.95,1.47],[32.99,1.47],[33.03,1.49],[33.06,1.49],[33.1,1.51],[33.28,1.51],[33.28,1.52],[33.31,1.52],[33.35,1.54],[33.35,1.56],[33.39,1.56],[33.39,1.57],[33.42,1.57],[33.46,1.59],[33.64,1.59],[33.71,1.61],[33.78,1.61],[33.85,1.64],[33.85,1.68],[33.82,1.69],[33.78,1.69],[33.75,1.69],[33.64,1.69],[33.57,1.73],[33.57,1.81],[33.53,1.83],[33.53,1.86],[33.49,1.89],[33.49,1.91],[33.46,1.94],[33.46,1.96],[33.42,1.99],[33.39,1.99],[33.39,2.09],[33.42,2.13]],[[32.16,1.26],[32.13,1.27],[32.13,1.29],[32.09,1.29],[32.05,1.27],[32.05,1.22],[32.09,1.21],[32.13,1.21],[32.13,1.22],[32.16,1.24],[32.16,1.26]]]}},{"type":"Feature","properties":{"precip":10},"geometry":{"type":"Polygon","coordinates":[[[34.65,1.84],[34.65,1.89],[34.72,1.89],[34.72,1.88],[34.75,1.84],[34.79,1.84],[34.79,1.79],[34.83,1.76],[34.83,1.69],[34.86,1.68],[34.86,1.59],[34.79,1.42],[34.65,1.22],[34.54,1.14],[34.47,1.06],[34.29,0.99],[34.21,0.99],[34.18,0.97],[34.14,0.97],[34.14,0.9],[34.07,0.9],[34.07,0.97],[34.03,0.99],[34.07,1.02],[34.07,1.06],[34.11,1.09],[34.11,1.11],[34.18,1.11],[34.25,1.12],[34.25,1.17],[34.29,1.17],[34.29,1.19],[34.32,1.19],[34.32,1.21],[34.39,1.21],[34.43,1.22],[34.43,1.29],[34.47,1.34],[34.47,1.44],[34.43,1.47],[34.43,1.57],[34.39,1.59],[34.39,1.61],[34.36,1.61],[34.36,1.76],[34.39,1.78],[34.39,1.79],[34.43,1.79],[34.47,1.81],[34.57,1.81],[34.65,1.84]]]}},{"type":"Feature","properties":{"precip":10},"geometry":{"type":"Polygon","coordinates":[[[32.34,1.74],[32.34,1.78],[32.38,1.78],[32.38,1.81],[32.41,1.81],[32.41,1.79],[32.45,1.79],[32.45,1.71],[32.41,1.71],[32.41,1.69],[32.38,1.69],[32.38,1.71],[32.34,1.73],[32.34,1.74]]]}},{"type":"Feature","properties":{"precip":10},"geometry":{"type":"Polygon","coordinates":[[[97.64,1.74],[97.64,1.76],[97.67,1.78],[97.67,1.79],[97.67,1.81],[97.67,1.79],[97.74,1.79],[97.74,1.71],[97.67,1.69],[97.67,1.73],[97.64,1.74]]]}},{"type":"Feature","properties":{"precip":10},"geometry":{"type":"Polygon","coordinates":[[[98.36,1.69],[98.36,1.76],[98.39,1.78],[98.39,1.79],[98.39,1.81],[98.46,1.81],[98.5,1.79],[98.54,1.79],[98.54,1.74],[98.54,1.71],[98.57,1.71],[98.57,1.69],[98.68,1.69],[98.72,1.69],[98.72,1.66],[98.72,1.54],[98.72,1.51],[98.57,1.41],[98.54,1.41],[98.46,1.42],[98.46,1.54],[98.39,1.54],[98.39,1.59],[98.39,1.61],[98.36,1.63],[98.36,1.69]]]}},{"type":"Feature","properties":{"precip":10},"geometry":{"type":"Polygon","coordinates":[[[31.62,1.63],[31.66,1.66],[31.66,1.68],[31.69,1.69],[31.77,1.66],[31.77,1.63],[31.84,1.56],[31.84,1.52],[31.8,1.51],[31.62,1.51],[31.59,1.52],[31.55,1.52],[31.55,1.56],[31.62,1.63]]]}},{"type":"Feature","properties":{"precip":10},"geometry":{"type":"Polygon","coordinates":[[[35.26,1.66],[35.26,1.69],[35.29,1.69],[35.33,1.69],[35.33,1.66],[35.37,1.63],[35.44,1.57],[35.44,1.54],[35.51,1.49],[35.51,1.44],[35.55,1.41],[35.55,1.26],[35.58,1.24],[35.58,1.21],[35.62,1.19],[35.62,1.11],[35.55,1.06],[35.51,1.01],[35.44,0.96],[35.44,0.92],[35.4,0.9],[35.37,0.87],[35.37,0.82],[35.4,0.82],[35.44,0.8],[35.65,0.8],[35.69,0.82],[35.73,0.82],[35.73,0.84],[35.76,0.87],[35.76,0.99],[35.83,0.99],[35.87,0.97],[35.87,0.92],[35.91,0.9],[35.91,0.92],[35.94,0.94],[35.94,0.97],[36.01,0.99],[36.12,0.99],[36.12,1.01],[36.19,1.01],[36.23,1.02],[36.23,1.04],[36.26,1.04],[36.26,1.06],[36.23,1.06],[36.23,1.11],[36.19,1.11],[36.16,1.11],[36.16,1.17],[36.19,1.19],[36.23,1.19],[36.23,1.21],[36.3,1.21],[36.34,1.22],[36.34,1.26],[36.37,1.26],[36.37,1.27],[36.41,1.27],[36.41,1.29],[36.59,1.29],[36.62,1.27],[36.62,1.26],[36.66,1.24],[36.66,1.06],[36.62,1.04],[36.62,1.02],[36.59,1.01],[36.52,1.01],[36.44,0.99],[36.3,0.99],[36.26,0.97],[36.26,0.52],[36.3,0.52],[36.3,0.5],[36.34,0.5],[36.34,0.32],[36.3,0.3],[36.26,0.32],[36.26,0.34],[36.23,0.37],[36.23,0.39],[36.19,0.39],[36.19,0.37],[36.16,0.37],[36.16,0.32],[36.12,0.3],[36.08,0.32],[36.08,0.34],[36.05,0.37],[36.05,0.65],[36.01,0.67],[36.01,0.69],[35.98,0.69],[35.98,0.67],[35.94,0.65],[35.94,0.55],[35.87,0.5],[35.87,0.47],[35.76,0.37],[35.73,0.34],[35.73,0.3],[35.69,0.27],[35.69,0.23],[35.65,0.23],[35.65,0.15],[35.62,0.13],[35.62,0.1],[35.51,0.1],[35.47,0.12],[35.47,0.13],[35.44,0.13],[35.44,0.2],[35.37,0.2],[35.33,0.18],[35.26,0.17],[35.19,0.1],[35.19,0.08],[35.15,0.07],[35.11,0.03],[35.04,0.0],[34.86,0.0],[34.75,-0.05],[34.75,-0.07],[34.72,-0.07],[34.68,-0.05],[34.61,0.0],[34.54,0.07],[34.39,0.22],[34.36,0.27],[34.36,0.39],[34.39,0.39],[34.39,0.4],[34.43,0.4],[34.43,0.47],[34.47,0.49],[34.47,0.59],[34.54,0.62],[34.54,0.82],[34.57,0.82],[34.57,0.9],[34.61,0.9],[34.61,0.89],[34.65,0.89],[34.65,0.79],[34.68,0.74],[34.68,0.69],[34.72,0.67],[34.86,0.6],[34.97,0.6],[35.01,0.59],[35.01,0.57],[35.04,0.55],[35.04,0.47],[35.08,0.44],[35.08,0.4],[35.11,0.4],[35.11,0.42],[35.15,0.44],[35.15,0.67],[35.19,0.67],[35.19,0.69],[35.26,0.72],[35.26,0.77],[35.22,0.79],[35.22,0.8],[35.11,0.8],[35.11,0.82],[35.08,0.82],[35.08,0.85],[35.04,0.87],[35.04,1.02],[35.08,1.06],[35.08,1.09],[35.11,1.11],[35.19,1.11],[35.22,1.11],[35.22,1.14],[35.26,1.16],[35.26,1.27],[35.33,1.31],[35.33,1.32],[35.37,1.34],[35.37,1.36],[35.33,1.37],[35.33,1.39],[35.29,1.39],[35.29,1.41],[35.22,1.41],[35.19,1.39],[35.19,1.37],[35.15,1.36],[35.15,1.24],[35.11,1.22],[35.11,1.21],[35.08,1.21],[35.08,1.29],[35.04,1.32],[35.04,1.51],[35.08,1.54],[35.08,1.57],[35.11,1.59],[35.19,1.59],[35.19,1.61],[35.22,1.61],[35.22,1.63],[35.26,1.63],[35.26,1.66]]]}},{"type":"Feature","properties":{"precip":10},"geometry":{"type":"Polygon","coordinates":[[[30.65,1.44],[30.65,1.56],[30.69,1.57],[30.69,1.59],[30.9,1.59],[30.94,1.57],[30.97,1.57],[31.05,1.54],[31.12,1.51],[31.12,1.41],[31.08,1.37],[31.05,1.36],[31.05,1.34],[31.01,1.34],[30.94,1.31],[30.87,1.31],[30.83,1.29],[30.76,1.29],[30.72,1.31],[30.69,1.31],[30.69,1.32],[30.65,1.34],[30.65,1.44]]]}},{"type":"Feature","properties":{"precip":10},"geometry":{"type":"Polygon","coordinates":[[[34.14,1.51],[34.14,1.54],[34.18,1.54],[34.18,1.59],[34.21,1.59],[34.21,1.57],[34.25,1.56],[34.25,1.42],[34.21,1.41],[34.18,1.41],[34.18,1.44],[34.14,1.44],[34.14,1.51]]]}},{"type":"Feature","properties":{"precip":10},"geometry":{"type":"Polygon","coordinates":[[[97.74,1.52],[97.74,1.56],[97.78,1.57],[97.78,1.59],[97.82,1.59],[97.85,1.57],[97.85,1.52],[97.85,1.51],[97.96,1.51],[98.03,1.47],[98.03,1.44],[98.1,1.41],[98.1,1.39],[98.14,1.36],[98.14,1.34],[98.18,1.32],[98.21,1.32],[98.21,1.31],[98.21,1.29],[98.32,1.29],[98.32,1.27],[98.36,1.26],[98.36,1.24],[98.32,1.22],[98.32,1.21],[98.21,1.21],[98.21,1.19],[98.18,1.19],[98.18,1.17],[98.14,1.16],[98.14,1.14],[98.1,1.12],[98.03,1.16],[98.0,1.21],[97.92,1.26],[97.85,1.34],[97.82,1.41],[97.78,1.47],[97.74,1.52]]]}},{"type":"Feature","properties":{"precip":10},"geometry":{"type":"Polygon","coordinates":[[[35.83,1.41],[35.87,1.42],[35.87,1.47],[35.94,1.51],[35.98,1.51],[35.98,1.49],[36.01,1.49],[36.01,1.47],[36.05,1.44],[36.05,1.34],[36.01,1.32],[36.01,1.31],[35.98,1.31],[35.94,1.29],[35.94,1.31],[35.91,1.31],[35.87,1.32],[35.87,1.39],[35.83,1.41]]]}},{"type":"Feature","properties":{"precip":10},"geometry":{"type":"Polygon","coordinates":[[[11.36,1.26],[11.36,1.29],[11.43,1.29],[11.43,1.26],[11.46,1.26],[11.46,1.24],[11.43,1.24],[11.43,1.21],[11.36,1.21],[11.36,1.26]]]}},{"type":"Feature","properties":{"precip":10},"geometry":{"type":"Polygon","coordinates":[[[30.94,1.06],[30.97,1.06],[30.97,1.09],[31.01,1.09],[31.05,1.11],[31.26,1.11],[31.3,1.09],[31.33,1.09],[31.33,1.02],[31.3,1.01],[31.19,1.01],[31.15,0.99],[31.12,1.01],[31.01,1.01],[30.97,1.02],[30.97,1.04],[30.94,1.04],[30.94,1.06]]]}},{"type":"Feature","properties":{"precip":10},"geometry":{"type":"Polygon","coordinates":[[[97.31,1.06],[97.31,1.09],[97.38,1.09],[97.38,1.11],[97.42,1.11],[97.42,1.09],[97.46,1.09],[97.46,1.02],[97.42,1.01],[97.42,0.99],[97.31,1.02],[97.31,1.06]]]}},{"type":"Feature","properties":{"precip":10},"geometry":{"type":"Polygon","coordinates":[[[30.43,0.8],[30.43,0.82],[30.47,0.84],[30.47,0.89],[30.51,0.9],[30.51,0.89],[30.54,0.89],[30.54,0.72],[30.51,0.7],[30.47,0.7],[30.47,0.77],[30.43,0.79],[30.43,0.8]]]}},{"type":"Feature","properties":{"precip":10},"geometry":{"type":"Polygon","coordinates":[[[30.65,0.69],[30.65,0.77],[30.69,0.79],[30.69,0.8],[30.72,0.8],[30.72,0.77],[30.76,0.75],[30.76,0.65],[30.72,0.64],[30.72,0.6],[30.69,0.6],[30.69,0.62],[30.65,0.64],[30.65,0.69]]]}},{"type":"Feature","properties":{"precip":10},"geometry":{"type":"Polygon","coordinates":[[[66.07,0.75],[66.07,0.8],[66.14,0.8],[66.14,0.7],[66.07,0.7],[66.07,0.75]]]}},{"type":"Feature","properties":{"precip":10},"geometry":{"type":"Polygon","coordinates":[[[60.24,0.65],[60.24,0.67],[60.27,0.67],[60.31,0.69],[60.42,0.69],[60.42,0.67],[60.45,0.67],[60.45,0.64],[60.42,0.62],[60.42,0.6],[60.31,0.6],[60.27,0.62],[60.27,0.64],[60.24,0.64],[60.24,0.65]]]}},{"type":"Feature","properties":{"precip":10},"geometry":{"type":"Polygon","coordinates":[[[61.1,0.64],[61.14,0.67],[61.17,0.67],[61.25,0.69],[61.32,0.69],[61.32,0.67],[61.35,0.64],[61.35,0.55],[61.32,0.52],[61.28,0.52],[61.25,0.5],[61.14,0.5],[61.1,0.52],[61.07,0.52],[61.07,0.55],[61.1,0.59],[61.1,0.64]]]}},{"type":"Feature","properties":{"precip":10},"geometry":{"type":"Polygon","coordinates":[[[76.76,0.65],[76.76,0.67],[76.83,0.69],[77.05,0.69],[77.08,0.67],[77.12,0.67],[77.12,0.64],[77.12,0.62],[77.08,0.62],[77.05,0.6],[76.83,0.6],[76.76,0.64],[76.76,0.65]]]}},{"type":"Feature","properties":{"precip":10},"geometry":{"type":"Polygon","coordinates":[[[77.26,0.65],[77.26,0.69],[77.3,0.69],[77.3,0.6],[77.26,0.6],[77.26,0.65]]]}},{"type":"Feature","properties":{"precip":10},"geometry":{"type":"Polygon","coordinates":[[[58.55,0.55],[58.55,0.59],[58.58,0.6],[58.62,0.59],[58.62,0.57],[58.65,0.55],[58.69,0.52],[58.69,0.5],[58.73,0.47],[58.73,0.4],[58.76,0.37],[58.76,0.23],[58.8,0.22],[58.8,0.2],[58.83,0.2],[58.83,0.12],[58.8,0.1],[58.69,0.1],[58.69,0.12],[58.65,0.13],[58.65,0.23],[58.62,0.27],[58.62,0.28],[58.58,0.3],[58.44,0.3],[58.4,0.32],[58.37,0.32],[58.37,0.49],[58.4,0.49],[58.4,0.5],[58.47,0.5],[58.55,0.52],[58.55,0.55]]]}},{"type":"Feature","properties":{"precip":10},"geometry":{"type":"Polygon","coordinates":[[[65.71,0.52],[65.71,0.54],[65.78,0.57],[65.78,0.59],[65.82,0.59],[65.82,0.6],[65.85,0.6],[65.96,0.55],[66.0,0.52],[66.0,0.5],[66.03,0.45],[66.03,0.4],[66.0,0.4],[65.96,0.42],[65.96,0.47],[65.92,0.49],[65.92,0.5],[65.89,0.5],[65.89,0.49],[65.85,0.47],[65.85,0.32],[65.82,0.3],[65.78,0.32],[65.71,0.37],[65.71,0.39],[65.67,0.42],[65.67,0.49],[65.71,0.5],[65.71,0.52]]]}},{"type":"Feature","properties":{"precip":10},"geometry":{"type":"Polygon","coordinates":[[[6.53,0.35],[6.53,0.37],[6.57,0.37],[6.57,0.39],[6.64,0.39],[6.64,0.3],[6.57,0.3],[6.57,0.34],[6.53,0.35]]]}},{"type":"Feature","properties":{"precip":10},"geometry":{"type":"Polygon","coordinates":[[[64.74,0.35],[64.74,0.37],[64.77,0.37],[64.81,0.39],[64.88,0.39],[64.92,0.4],[64.92,0.39],[65.02,0.39],[65.02,0.37],[65.06,0.37],[65.06,0.35],[65.02,0.34],[65.02,0.32],[64.99,0.3],[64.81,0.3],[64.81,0.32],[64.77,0.32],[64.77,0.34],[64.74,0.35]]]}},{"type":"Feature","properties":{"precip":10},"geometry":{"type":"Polygon","coordinates":[[[65.17,0.35],[65.17,0.39],[65.24,0.39],[65.24,0.3],[65.17,0.3],[65.17,0.35]]]}},{"type":"Feature","properties":{"precip":10},"geometry":{"type":"Polygon","coordinates":[[[65.35,0.25],[65.35,0.27],[65.38,0.27],[65.38,0.28],[65.42,0.3],[65.49,0.3],[65.49,0.28],[65.53,0.28],[65.53,0.27],[65.56,0.25],[65.56,0.23],[65.53,0.23],[65.53,0.22],[65.49,0.22],[65.49,0.2],[65.42,0.2],[65.38,0.22],[65.38,0.23],[65.35,0.23],[65.35,0.25]]]}},{"type":"Feature","properties":{"precip":10},"geometry":{"type":"Polygon","coordinates":[[[58.94,0.15],[58.94,0.17],[58.98,0.18],[58.98,0.2],[59.01,0.2],[59.05,0.18],[59.05,0.12],[59.01,0.1],[58.98,0.1],[58.98,0.12],[58.94,0.13],[58.94,0.15]]]}},{"type":"Feature","properties":{"precip":10},"geometry":{"type":"Polygon","coordinates":[[[98.64,0.1],[98.64,0.15],[98.68,0.17],[98.68,0.18],[98.72,0.2],[98.82,0.2],[98.82,0.18],[98.86,0.17],[98.86,0.15],[98.82,0.13],[98.82,0.1],[98.72,0.02],[98.68,0.0],[98.68,0.02],[98.64,0.03],[98.64,0.1]]]}},{"type":"Feature","properties":{"precip":10},"geometry":{"type":"Polygon","coordinates":[[[30.43,-0.05],[30.43,-0.02],[30.47,0.0],[30.47,0.08],[30.51,0.08],[30.54,0.08],[30.54,-0.18],[30.51,-0.2],[30.47,-0.2],[30.47,-0.1],[30.43,-0.07],[30.43,-0.05]]]}},{"type":"Feature","properties":{"precip":10},"geometry":{"type":"Polygon","coordinates":[[[60.96,0.05],[60.96,0.08],[60.99,0.08],[61.03,0.08],[61.03,0.1],[61.07,0.1],[61.1,0.08],[61.14,0.08],[61.14,0.02],[61.1,0.02],[61.1,0.0],[61.03,0.0],[60.99,0.02],[60.96,0.02],[60.96,0.05]]]}},{"type":"Feature","properties":{"precip":10},"geometry":{"type":"Polygon","coordinates":[[[64.3,0.02],[64.38,0.08],[64.41,0.08],[64.52,0.08],[64.56,0.08],[64.56,0.05],[64.63,0.02],[64.66,0.02],[64.74,0.0],[65.17,0.0],[65.24,0.02],[65.28,0.02],[65.35,0.05],[65.35,0.08],[65.38,0.08],[65.46,0.08],[65.53,0.07],[65.64,-0.03],[65.64,-0.08],[65.6,-0.1],[65.49,-0.1],[65.49,-0.12],[65.46,-0.12],[65.46,-0.17],[65.42,-0.17],[65.38,-0.18],[65.31,-0.18],[65.24,-0.2],[64.56,-0.2],[64.48,-0.18],[64.41,-0.18],[64.34,-0.15],[64.3,-0.12],[64.3,-0.1],[64.27,-0.08],[64.27,-0.02],[64.3,0.0],[64.3,0.02]]]}},{"type":"Feature","properties":{"precip":10},"geometry":{"type":"Polygon","coordinates":[[[36.3,-0.08],[36.34,-0.05],[36.41,-0.02],[36.41,0.0],[36.44,-0.02],[36.44,-0.17],[36.48,-0.18],[36.48,-0.2],[36.52,-0.2],[36.52,-0.18],[36.55,-0.17],[36.55,-0.13],[36.59,-0.12],[36.59,-0.1],[36.62,-0.07],[36.7,-0.05],[36.73,-0.02],[36.8,0.0],[36.95,0.0],[36.95,-0.05],[36.91,-0.07],[36.91,-0.1],[36.84,-0.17],[36.77,-0.2],[36.73,-0.2],[36.66,-0.23],[36.62,-0.27],[36.59,-0.32],[36.55,-0.35],[36.55,-0.49],[36.52,-0.5],[36.48,-0.5],[36.48,-0.49],[36.37,-0.39],[36.37,-0.32],[36.34,-0.28],[36.34,-0.2],[36.3,-0.2],[36.26,-0.18],[36.26,-0.12],[36.3,-0.1],[36.3,-0.08]]]}},{"type":"Feature","properties":{"precip":10},"geometry":{"type":"Polygon","coordinates":[[[58.94,-0.1],[58.94,-0.07],[58.98,-0.05],[58.98,0.0],[59.01,0.0],[59.01,-0.02],[59.05,-0.03],[59.05,-0.17],[59.01,-0.18],[59.01,-0.2],[58.98,-0.2],[58.98,-0.15],[58.94,-0.13],[58.94,-0.1]]]}},{"type":"Feature","properties":{"precip":10},"geometry":{"type":"Polygon","coordinates":[[[59.45,-0.1],[59.45,-0.03],[59.48,-0.02],[59.52,-0.02],[59.63,-0.1],[59.63,-0.13],[59.66,-0.15],[59.66,-0.18],[59.63,-0.18],[59.63,-0.2],[59.52,-0.2],[59.48,-0.18],[59.48,-0.17],[59.45,-0.15],[59.45,-0.1]]]}},{"type":"Feature","properties":{"precip":10},"geometry":{"type":"Polygon","coordinates":[[[61.39,-0.2],[61.57,-0.05],[61.61,-0.03],[61.68,-0.02],[61.71,0.0],[61.86,0.0],[61.89,-0.02],[61.93,-0.02],[61.93,-0.05],[61.97,-0.07],[61.97,-0.18],[62.0,-0.2],[62.14,-0.2],[62.22,-0.2],[62.22,-0.22],[62.25,-0.22],[62.25,-0.27],[62.29,-0.28],[62.32,-0.28],[62.32,-0.3],[62.47,-0.3],[62.47,-0.32],[62.5,-0.32],[62.54,-0.33],[62.54,-0.35],[62.58,-0.35],[62.58,-0.4],[62.61,-0.4],[62.61,-0.35],[62.65,-0.35],[62.65,-0.33],[62.68,-0.33],[62.72,-0.32],[62.76,-0.32],[62.79,-0.3],[63.01,-0.3],[63.04,-0.28],[63.08,-0.28],[63.15,-0.25],[63.19,-0.22],[63.19,-0.2],[63.26,-0.13],[63.3,-0.12],[63.37,-0.1],[63.4,-0.1],[63.44,-0.12],[63.44,-0.17],[63.48,-0.17],[63.48,-0.18],[63.51,-0.18],[63.55,-0.2],[63.76,-0.2],[63.84,-0.17],[63.84,-0.13],[63.87,-0.13],[63.87,-0.12],[63.91,-0.12],[63.91,-0.1],[64.09,-0.1],[64.12,-0.12],[64.12,-0.15],[64.16,-0.2],[64.16,-0.47],[64.23,-0.5],[64.38,-0.5],[64.45,-0.47],[64.45,-0.44],[64.48,-0.44],[64.52,-0.42],[64.56,-0.42],[64.63,-0.4],[65.1,-0.4],[65.13,-0.42],[65.17,-0.42],[65.2,-0.44],[65.24,-0.44],[65.24,-0.47],[65.28,-0.47],[65.28,-0.49],[65.31,-0.5],[65.38,-0.5],[65.42,-0.5],[65.42,-0.52],[65.46,-0.52],[65.46,-0.59],[65.49,-0.59],[65.53,-0.6],[65.6,-0.6],[65.6,-0.62],[65.64,-0.62],[65.64,-0.65],[65.67,-0.67],[65.67,-0.69],[65.71,-0.69],[65.71,-0.7],[65.74,-0.7],[65.85,-0.65],[65.89,-0.64],[65.89,-0.6],[65.96,-0.54],[65.96,-0.45],[66.0,-0.42],[66.0,-0.4],[66.03,-0.37],[66.03,-0.35],[66.07,-0.33],[66.1,-0.28],[66.14,-0.25],[66.21,-0.23],[66.25,-0.22],[66.32,-0.2],[66.39,-0.2],[66.5,-0.2],[66.72,-0.2],[66.79,-0.2],[66.93,-0.2],[66.97,-0.22],[67.0,-0.22],[67.04,-0.23],[67.04,-0.25],[67.08,-0.27],[67.08,-0.28],[67.11,-0.3],[67.18,-0.3],[67.26,-0.27],[67.26,-0.23],[67.29,-0.22],[67.29,-0.2],[67.33,-0.2],[67.33,-0.22],[67.36,-0.25],[67.36,-0.28],[67.4,-0.28],[67.4,-0.3],[67.44,-0.28],[67.44,-0.23],[67.54,-0.2],[67.58,-0.2],[67.62,-0.2],[67.65,-0.22],[67.65,-0.28],[67.69,-0.28],[67.72,-0.3],[67.8,-0.3],[67.83,-0.32],[67.83,-0.45],[67.8,-0.5],[67.8,-0.52],[67.76,-0.54],[67.76,-0.55],[67.69,-0.59],[67.65,-0.59],[67.65,-0.6],[67.51,-0.6],[67.51,-0.62],[67.47,-0.62],[67.47,-0.65],[67.44,-0.67],[67.44,-0.72],[67.47,-0.74],[67.47,-0.79],[67.54,-0.82],[67.54,-0.87],[67.51,-0.89],[67.51,-0.9],[67.47,-0.94],[67.4,-0.97],[67.4,-0.99],[67.36,-0.99],[67.36,-0.94],[67.33,-0.94],[67.33,-0.92],[67.29,-0.92],[67.29,-0.9],[67.22,-0.9],[67.15,-0.87],[67.15,-0.84],[67.11,-0.82],[67.11,-0.79],[67.08,-0.8],[67.08,-0.84],[67.04,-0.87],[67.04,-0.89],[67.0,-0.9],[66.97,-0.89],[66.97,-0.79],[66.93,-0.77],[66.93,-0.7],[66.9,-0.7],[66.86,-0.72],[66.86,-0.84],[66.82,-0.85],[66.82,-0.89],[66.79,-0.89],[66.79,-0.9],[66.75,-0.9],[66.64,-0.85],[66.64,-0.84],[66.61,-0.82],[66.61,-0.79],[66.57,-0.79],[66.57,-0.77],[66.54,-0.75],[66.54,-0.72],[66.5,-0.7],[66.46,-0.7],[66.46,-0.84],[66.43,-0.85],[66.43,-0.9],[66.39,-0.9],[66.39,-0.89],[66.36,-0.87],[66.36,-0.65],[66.32,-0.65],[66.32,-0.6],[66.28,-0.6],[66.28,-0.62],[66.25,-0.64],[66.25,-0.77],[66.18,-0.79],[66.0,-0.79],[65.96,-0.8],[65.92,-0.8],[65.89,-0.82],[65.85,-0.82],[65.85,-0.89],[65.82,-0.9],[65.71,-0.9],[65.56,-0.84],[65.49,-0.79],[65.46,-0.75],[65.38,-0.7],[65.35,-0.65],[65.31,-0.64],[65.24,-0.6],[65.17,-0.6],[65.17,-0.65],[65.13,-0.65],[65.13,-0.69],[65.1,-0.69],[65.06,-0.7],[64.99,-0.7],[64.99,-0.72],[64.95,-0.72],[64.95,-0.79],[64.92,-0.79],[64.84,-0.79],[64.81,-0.8],[64.77,-0.8],[64.77,-0.82],[64.74,-0.84],[64.74,-0.89],[64.7,-0.89],[64.7,-0.9],[64.66,-0.89],[64.66,-0.82],[64.74,-0.79],[64.74,-0.72],[64.7,-0.7],[64.56,-0.7],[64.56,-0.69],[64.48,-0.69],[64.48,-0.67],[64.45,-0.67],[64.45,-0.64],[64.41,-0.62],[64.34,-0.62],[64.3,-0.6],[64.12,-0.6],[64.05,-0.62],[63.98,-0.62],[63.98,-0.64],[63.94,-0.65],[63.98,-0.67],[64.02,-0.7],[64.05,-0.75],[64.09,-0.77],[64.09,-0.79],[64.12,-0.79],[64.12,-0.82],[64.16,-0.84],[64.16,-0.87],[64.09,-0.9],[64.02,-0.9],[63.98,-0.89],[63.98,-0.87],[63.94,-0.87],[63.94,-0.82],[63.91,-0.82],[63.91,-0.8],[63.87,-0.8],[63.84,-0.79],[63.76,-0.79],[63.73,-0.8],[63.69,-0.8],[63.69,-0.82],[63.66,-0.82],[63.66,-0.85],[63.58,-0.89],[63.55,-0.89],[63.51,-0.9],[63.3,-0.9],[63.26,-0.92],[63.19,-0.92],[63.19,-0.94],[63.15,-0.94],[63.15,-0.97],[63.12,-0.97],[63.12,-0.99],[63.04,-0.99],[63.04,-1.0],[62.94,-1.0],[62.9,-1.02],[62.86,-1.02],[62.86,-1.04],[62.83,-1.06],[62.83,-1.09],[62.79,-1.09],[62.76,-1.07],[62.76,-1.06],[62.72,-1.02],[62.72,-1.0],[62.68,-1.0],[62.65,-1.02],[62.65,-1.07],[62.61,-1.09],[62.58,-1.09],[62.58,-1.06],[62.47,-1.0],[62.32,-1.0],[62.29,-0.99],[62.25,-0.99],[62.22,-0.97],[62.18,-0.97],[62.14,-0.95],[62.14,-0.94],[62.11,-0.92],[62.11,-0.9],[62.07,-0.92],[62.07,-0.94],[62.04,-0.95],[62.04,-0.97],[61.97,-1.0],[61.89,-1.0],[61.89,-1.02],[61.86,-1.02],[61.86,-1.07],[61.82,-1.09],[61.71,-1.09],[61.68,-1.09],[61.68,-1.07],[61.64,-1.06],[61.64,-0.94],[61.57,-0.9],[61.39,-0.9],[61.35,-0.89],[61.32,-0.89],[61.25,-0.85],[61.25,-0.82],[61.21,-0.8],[61.17,-0.8],[61.17,-0.85],[61.14,-0.85],[61.14,-0.89],[61.07,-0.89],[61.07,-0.8],[61.1,-0.8],[61.1,-0.79],[61.14,-0.79],[61.14,-0.72],[61.1,-0.72],[61.07,-0.7],[61.07,-0.64],[61.14,-0.6],[61.28,-0.6],[61.32,-0.59],[61.32,-0.57],[61.35,-0.55],[61.35,-0.45],[61.32,-0.44],[61.32,-0.39],[61.28,-0.39],[61.28,-0.33],[61.35,-0.27],[61.35,-0.22],[61.39,-0.2]],[[67.36,-0.7],[67.36,-0.67],[67.33,-0.65],[67.33,-0.62],[67.29,-0.62],[67.29,-0.6],[67.15,-0.6],[67.11,-0.62],[67.08,-0.62],[67.08,-0.64],[67.04,-0.65],[67.08,-0.67],[67.08,-0.69],[67.11,-0.69],[67.15,-0.7],[67.22,-0.7],[67.22,-0.72],[67.26,-0.74],[67.26,-0.79],[67.33,-0.79],[67.33,-0.75],[67.36,-0.74],[67.36,-0.7]],[[66.75,-0.75],[66.75,-0.72],[66.72,-0.7],[66.68,-0.7],[66.68,-0.72],[66.64,-0.72],[66.64,-0.79],[66.68,-0.79],[66.72,-0.79],[66.75,-0.79],[66.75,-0.75]]]}},{"type":"Feature","properties":{"precip":10},"geometry":{"type":"Polygon","coordinates":[[[30.65,-0.15],[30.65,-0.12],[30.69,-0.1],[30.72,-0.1],[30.72,-0.12],[30.76,-0.12],[30.76,-0.18],[30.72,-0.18],[30.72,-0.2],[30.69,-0.2],[30.65,-0.18],[30.65,-0.15]]]}},{"type":"Feature","properties":{"precip":10},"geometry":{"type":"Polygon","coordinates":[[[35.65,-0.25],[35.65,-0.2],[35.69,-0.2],[35.73,-0.2],[35.73,-0.22],[35.76,-0.22],[35.76,-0.27],[35.73,-0.28],[35.73,-0.3],[35.69,-0.3],[35.69,-0.28],[35.65,-0.28],[35.65,-0.25]]]}},{"type":"Feature","properties":{"precip":10},"geometry":{"type":"Polygon","coordinates":[[[94.61,-0.25],[94.61,-0.22],[94.68,-0.2],[94.72,-0.2],[94.76,-0.22],[94.76,-0.28],[94.72,-0.28],[94.72,-0.3],[94.68,-0.3],[94.68,-0.28],[94.61,-0.28],[94.61,-0.25]]]}},{"type":"Feature","properties":{"precip":10},"geometry":{"type":"Polygon","coordinates":[[[68.44,-0.4],[68.44,-0.35],[68.52,-0.32],[68.55,-0.32],[68.59,-0.3],[68.95,-0.3],[68.98,-0.32],[69.06,-0.32],[69.2,-0.37],[69.2,-0.4],[69.24,-0.42],[69.24,-0.5],[69.2,-0.5],[69.16,-0.49],[69.16,-0.45],[69.13,-0.42],[69.13,-0.4],[69.09,-0.4],[69.09,-0.42],[69.06,-0.44],[69.06,-0.45],[69.02,-0.47],[69.02,-0.5],[68.98,-0.5],[68.98,-0.49],[68.95,-0.47],[68.95,-0.44],[68.91,-0.42],[68.91,-0.4],[68.88,-0.4],[68.88,-0.45],[68.77,-0.5],[68.52,-0.5],[68.48,-0.49],[68.48,-0.47],[68.44,-0.45],[68.44,-0.4]]]}},{"type":"Feature","properties":{"precip":10},"geometry":{"type":"Polygon","coordinates":[[[34.65,-0.45],[34.65,-0.42],[34.68,-0.42],[34.68,-0.4],[34.72,-0.4],[34.75,-0.42],[34.75,-0.49],[34.72,-0.5],[34.68,-0.5],[34.68,-0.49],[34.65,-0.49],[34.65,-0.45]]]}},{"type":"Feature","properties":{"precip":10},"geometry":{"type":"Polygon","coordinates":[[[34.86,-0.5],[34.86,-0.44],[34.9,-0.42],[34.9,-0.4],[35.19,-0.4],[35.22,-0.42],[35.22,-0.44],[35.26,-0.45],[35.26,-0.55],[35.29,-0.57],[35.29,-0.6],[35.33,-0.62],[35.33,-0.64],[35.37,-0.65],[35.4,-0.69],[35.4,-0.7],[35.44,-0.72],[35.44,-0.87],[35.4,-0.89],[35.37,-0.89],[35.33,-0.9],[35.11,-0.9],[35.04,-0.89],[35.01,-0.89],[34.97,-0.87],[34.97,-0.85],[34.93,-0.85],[34.93,-0.8],[34.9,-0.8],[34.86,-0.82],[34.86,-0.87],[34.83,-0.89],[34.79,-0.89],[34.79,-0.87],[34.72,-0.84],[34.68,-0.79],[34.68,-0.75],[34.65,-0.72],[34.65,-0.65],[34.68,-0.62],[34.72,-0.6],[34.79,-0.6],[34.83,-0.59],[34.83,-0.55],[34.86,-0.54],[34.86,-0.5]]]}},{"type":"Feature","properties":{"precip":10},"geometry":{"type":"Polygon","coordinates":[[[22.66,-0.55],[22.66,-0.5],[22.7,-0.5],[22.73,-0.5],[22.73,-0.52],[22.77,-0.54],[22.77,-0.55],[22.73,-0.57],[22.73,-0.6],[22.7,-0.6],[22.66,-0.59],[22.66,-0.55]]]}},{"type":"Feature","properties":{"precip":10},"geometry":{"type":"Polygon","coordinates":[[[35.65,-0.54],[35.65,-0.52],[35.69,-0.5],[35.73,-0.5],[35.76,-0.5],[35.8,-0.5],[35.83,-0.5],[35.83,-0.79],[35.8,-0.79],[35.73,-0.79],[35.69,-0.79],[35.65,-0.79],[35.65,-0.72],[35.69,-0.69],[35.73,-0.67],[35.73,-0.65],[35.76,-0.65],[35.73,-0.64],[35.73,-0.62],[35.69,-0.62],[35.69,-0.6],[35.65,-0.59],[35.65,-0.54]]]}},{"type":"Feature","properties":{"precip":10},"geometry":{"type":"Polygon","coordinates":[[[60.17,-0.55],[60.17,-0.5],[60.2,-0.5],[60.24,-0.5],[60.24,-0.6],[60.17,-0.6],[60.17,-0.55]]]}},{"type":"Feature","properties":{"precip":10},"geometry":{"type":"Polygon","coordinates":[[[36.44,-0.65],[36.44,-0.62],[36.48,-0.62],[36.48,-0.6],[36.52,-0.6],[36.52,-0.62],[36.55,-0.62],[36.55,-0.69],[36.52,-0.69],[36.52,-0.7],[36.48,-0.7],[36.48,-0.69],[36.44,-0.67],[36.44,-0.65]]]}},{"type":"Feature","properties":{"precip":10},"geometry":{"type":"Polygon","coordinates":[[[93.93,-0.72],[94.0,-0.67],[94.07,-0.65],[94.07,-0.62],[94.22,-0.62],[94.25,-0.67],[94.25,-0.69],[94.32,-0.72],[94.32,-0.79],[94.22,-0.87],[94.18,-0.92],[94.07,-0.95],[94.04,-0.99],[94.0,-0.99],[93.89,-1.0],[93.89,-0.99],[93.86,-0.95],[93.86,-0.85],[93.89,-0.84],[93.89,-0.8],[93.89,-0.79],[93.89,-0.75],[93.93,-0.72]]]}},{"type":"Feature","properties":{"precip":10},"geometry":{"type":"Polygon","coordinates":[[[58.65,-0.75],[58.65,-0.72],[58.69,-0.72],[58.69,-0.7],[58.8,-0.7],[58.83,-0.72],[58.83,-0.79],[58.8,-0.79],[58.69,-0.79],[58.65,-0.79],[58.65,-0.75]]]}},{"type":"Feature","properties":{"precip":10},"geometry":{"type":"Polygon","coordinates":[[[59.95,-0.75],[59.95,-0.7],[59.99,-0.7],[60.02,-0.72],[60.09,-0.79],[60.13,-0.8],[60.13,-0.89],[60.09,-0.9],[60.09,-0.94],[59.99,-0.97],[59.91,-0.99],[59.77,-0.99],[59.73,-0.97],[59.66,-0.95],[59.63,-0.92],[59.59,-0.9],[59.59,-0.85],[59.55,-0.84],[59.55,-0.82],[59.59,-0.8],[59.63,-0.8],[59.63,-0.82],[59.66,-0.84],[59.66,-0.87],[59.7,-0.89],[59.7,-0.9],[59.73,-0.89],[59.73,-0.84],[59.77,-0.82],[59.77,-0.8],[59.81,-0.8],[59.84,-0.79],[59.91,-0.79],[59.95,-0.79],[59.95,-0.75]]]}},{"type":"Feature","properties":{"precip":10},"geometry":{"type":"Polygon","coordinates":[[[36.05,-0.94],[36.05,-0.92],[36.08,-0.92],[36.08,-0.9],[36.12,-0.9],[36.12,-0.92],[36.16,-0.92],[36.16,-0.97],[36.12,-0.99],[36.12,-1.0],[36.08,-1.0],[36.08,-0.99],[36.05,-0.99],[36.05,-0.94]]]}},{"type":"Feature","properties":{"precip":10},"geometry":{"type":"Polygon","coordinates":[[[95.04,-0.94],[95.04,-0.92],[95.08,-0.92],[95.08,-0.9],[95.12,-0.9],[95.12,-0.92],[95.15,-0.92],[95.15,-0.99],[95.12,-0.99],[95.12,-1.0],[95.08,-1.0],[95.08,-0.99],[95.04,-0.97],[95.04,-0.94]]]}},{"type":"Feature","properties":{"precip":10},"geometry":{"type":"Polygon","coordinates":[[[65.82,-1.09],[65.82,-1.07],[65.85,-1.04],[65.89,-1.02],[65.89,-1.0],[65.96,-1.04],[66.03,-1.12],[66.07,-1.16],[66.07,-1.19],[66.1,-1.22],[66.1,-1.24],[66.14,-1.27],[66.14,-1.41],[66.18,-1.46],[66.18,-1.52],[66.21,-1.52],[66.25,-1.49],[66.25,-1.47],[66.28,-1.44],[66.28,-1.41],[66.32,-1.41],[66.32,-1.42],[66.36,-1.46],[66.36,-1.47],[66.39,-1.49],[66.39,-1.52],[66.43,-1.49],[66.43,-1.46],[66.46,-1.42],[66.46,-1.41],[66.5,-1.39],[66.54,-1.41],[66.54,-1.56],[66.5,-1.61],[66.43,-1.67],[66.39,-1.67],[66.36,-1.67],[66.36,-1.66],[66.32,-1.64],[66.32,-1.62],[66.28,-1.62],[66.25,-1.61],[66.1,-1.61],[66.03,-1.59],[65.92,-1.59],[65.85,-1.56],[65.85,-1.52],[65.82,-1.52],[65.78,-1.52],[65.74,-1.52],[65.74,-1.66],[65.71,-1.69],[65.64,-1.76],[65.53,-1.81],[65.49,-1.81],[65.49,-1.83],[65.46,-1.83],[65.46,-1.84],[65.42,-1.86],[65.42,-1.88],[65.38,-1.91],[65.38,-1.93],[65.35,-1.94],[65.35,-1.96],[65.31,-1.96],[65.31,-1.98],[65.28,-1.99],[65.2,-1.99],[65.2,-2.01],[65.17,-2.01],[65.17,-2.04],[65.13,-2.06],[65.13,-2.11],[65.1,-2.11],[65.1,-2.09],[65.06,-2.08],[65.06,-1.91],[65.02,-1.86],[65.02,-1.81],[64.99,-1.81],[64.95,-1.83],[64.95,-1.86],[64.92,-1.88],[64.92,-1.91],[64.81,-1.91],[64.77,-1.88],[64.77,-1.86],[64.74,-1.86],[64.74,-1.83],[64.7,-1.81],[64.63,-1.81],[64.59,-1.79],[64.56,-1.79],[64.56,-1.73],[64.59,-1.71],[64.59,-1.69],[64.63,-1.67],[64.66,-1.66],[64.66,-1.64],[64.7,-1.62],[64.7,-1.61],[64.74,-1.59],[64.74,-1.52],[64.7,-1.52],[64.63,-1.52],[64.56,-1.47],[64.56,-1.42],[64.63,-1.39],[64.7,-1.39],[64.7,-1.41],[64.74,-1.41],[64.74,-1.46],[64.77,-1.47],[64.77,-1.52],[64.81,-1.52],[64.81,-1.49],[64.84,-1.49],[64.84,-1.37],[64.92,-1.29],[64.92,-1.26],[64.99,-1.24],[65.02,-1.22],[65.06,-1.21],[65.17,-1.21],[65.24,-1.24],[65.24,-1.34],[65.28,-1.36],[65.28,-1.39],[65.31,-1.39],[65.31,-1.37],[65.35,-1.37],[65.35,-1.24],[65.38,-1.22],[65.38,-1.21],[65.42,-1.21],[65.42,-1.24],[65.46,-1.24],[65.46,-1.37],[65.49,-1.39],[65.53,-1.39],[65.53,-1.36],[65.56,-1.34],[65.56,-1.24],[65.6,-1.22],[65.6,-1.21],[65.67,-1.21],[65.67,-1.19],[65.71,-1.19],[65.71,-1.17],[65.78,-1.14],[65.78,-1.12],[65.82,-1.09]],[[65.96,-1.16],[65.96,-1.12],[65.92,-1.12],[65.92,-1.09],[65.89,-1.09],[65.89,-1.11],[65.85,-1.11],[65.85,-1.19],[65.89,-1.19],[65.89,-1.21],[65.92,-1.21],[65.92,-1.17],[65.96,-1.17],[65.96,-1.16]],[[65.17,-1.36],[65.13,-1.34],[65.13,-1.31],[65.06,-1.31],[65.06,-1.39],[65.13,-1.39],[65.13,-1.37],[65.17,-1.36]],[[65.64,-1.54],[65.64,-1.52],[65.56,-1.52],[65.42,-1.52],[65.31,-1.52],[65.17,-1.54],[65.1,-1.57],[65.1,-1.62],[65.06,-1.64],[65.06,-1.67],[65.1,-1.67],[65.1,-1.69],[65.2,-1.79],[65.24,-1.79],[65.28,-1.81],[65.35,-1.78],[65.38,-1.74],[65.38,-1.69],[65.42,-1.67],[65.46,-1.64],[65.53,-1.61],[65.56,-1.61],[65.56,-1.59],[65.64,-1.59],[65.64,-1.54]]]}},{"type":"Feature","properties":{"precip":10},"geometry":{"type":"Polygon","coordinates":[[[56.64,-1.19],[56.67,-1.14],[56.78,-1.09],[56.96,-1.09],[57.07,-1.11],[57.14,-1.14],[57.25,-1.24],[57.25,-1.29],[57.18,-1.29],[57.14,-1.31],[57.11,-1.31],[57.07,-1.32],[57.07,-1.34],[57.03,-1.36],[57.03,-1.37],[57.0,-1.39],[56.85,-1.39],[56.75,-1.36],[56.71,-1.32],[56.71,-1.29],[56.67,-1.27],[56.67,-1.22],[56.64,-1.21],[56.64,-1.19]]]}},{"type":"Feature","properties":{"precip":10},"geometry":{"type":"Polygon","coordinates":[[[27.05,-1.24],[27.05,-1.22],[27.09,-1.22],[27.09,-1.21],[27.12,-1.21],[27.12,-1.22],[27.16,-1.22],[27.16,-1.27],[27.19,-1.27],[27.19,-1.29],[27.3,-1.29],[27.34,-1.31],[27.48,-1.31],[27.55,-1.34],[27.55,-1.46],[27.59,-1.47],[27.59,-1.52],[27.63,-1.52],[27.66,-1.56],[27.73,-1.59],[27.84,-1.59],[27.84,-1.52],[27.88,-1.52],[27.91,-1.52],[27.95,-1.56],[27.95,-1.84],[27.99,-1.86],[27.99,-1.91],[28.02,-1.91],[28.02,-1.93],[28.06,-1.94],[28.06,-2.04],[28.02,-2.08],[28.02,-2.09],[27.99,-2.11],[27.95,-2.11],[27.88,-2.06],[27.81,-2.03],[27.81,-1.99],[27.77,-1.96],[27.77,-1.88],[27.73,-1.86],[27.73,-1.73],[27.7,-1.71],[27.66,-1.71],[27.63,-1.69],[27.27,-1.69],[27.23,-1.67],[27.19,-1.67],[27.16,-1.66],[27.16,-1.37],[27.12,-1.36],[27.12,-1.31],[27.09,-1.31],[27.09,-1.29],[27.05,-1.29],[27.05,-1.24]]]}},{"type":"Feature","properties":{"precip":10},"geometry":{"type":"Polygon","coordinates":[[[66.75,-1.31],[66.75,-1.26],[66.79,-1.24],[66.79,-1.22],[66.82,-1.21],[66.86,-1.21],[66.93,-1.24],[66.97,-1.27],[67.04,-1.34],[67.04,-1.37],[67.0,-1.39],[66.9,-1.39],[66.9,-1.41],[66.86,-1.42],[66.86,-1.47],[66.82,-1.47],[66.82,-1.49],[66.79,-1.52],[66.72,-1.52],[66.68,-1.49],[66.68,-1.47],[66.64,-1.47],[66.64,-1.42],[66.68,-1.41],[66.68,-1.39],[66.72,-1.39],[66.72,-1.37],[66.75,-1.37],[66.75,-1.31]]]}},{"type":"Feature","properties":{"precip":10},"geometry":{"type":"Polygon","coordinates":[[[18.45,-1.39],[18.45,-1.32],[18.48,-1.32],[18.48,-1.31],[18.52,-1.31],[18.52,-1.32],[18.56,-1.34],[18.56,-1.46],[18.52,-1.47],[18.52,-1.52],[18.48,-1.52],[18.48,-1.49],[18.45,-1.47],[18.45,-1.39]]]}},{"type":"Feature","properties":{"precip":10},"geometry":{"type":"Polygon","coordinates":[[[18.7,-1.37],[18.77,-1.32],[18.81,-1.31],[18.92,-1.31],[18.95,-1.32],[18.95,-1.37],[18.99,-1.37],[18.99,-1.39],[19.1,-1.39],[19.1,-1.41],[19.13,-1.41],[19.13,-1.44],[19.17,-1.46],[19.13,-1.46],[19.13,-1.47],[19.1,-1.47],[19.06,-1.49],[19.02,-1.49],[18.99,-1.52],[18.74,-1.52],[18.66,-1.47],[18.66,-1.41],[18.7,-1.37]]]}},{"type":"Feature","properties":{"precip":10},"geometry":{"type":"Polygon","coordinates":[[[32.41,-1.39],[32.45,-1.36],[32.49,-1.32],[32.56,-1.31],[32.59,-1.29],[32.67,-1.31],[32.74,-1.34],[32.74,-1.42],[32.67,-1.54],[32.59,-1.59],[32.56,-1.64],[32.41,-1.69],[32.2,-1.69],[32.2,-1.67],[32.16,-1.67],[32.16,-1.52],[32.2,-1.52],[32.27,-1.52],[32.27,-1.49],[32.31,-1.49],[32.34,-1.47],[32.34,-1.46],[32.38,-1.44],[32.38,-1.42],[32.41,-1.39]]]}},{"type":"Feature","properties":{"precip":10},"geometry":{"type":"Polygon","coordinates":[[[57.47,-1.37],[57.47,-1.34],[57.5,-1.32],[57.5,-1.31],[57.68,-1.31],[57.75,-1.34],[57.75,-1.37],[57.83,-1.39],[57.93,-1.39],[57.97,-1.41],[58.01,-1.41],[58.04,-1.42],[58.04,-1.67],[58.01,-1.67],[58.01,-1.69],[57.97,-1.71],[57.97,-1.78],[57.93,-1.81],[57.93,-1.86],[57.9,-1.88],[57.9,-1.91],[57.65,-1.91],[57.61,-1.88],[57.57,-1.88],[57.57,-1.86],[57.54,-1.86],[57.54,-1.83],[57.5,-1.81],[57.47,-1.81],[57.39,-1.78],[57.36,-1.78],[57.36,-1.76],[57.32,-1.74],[57.32,-1.73],[57.29,-1.69],[57.29,-1.61],[57.32,-1.57],[57.36,-1.56],[57.36,-1.52],[57.39,-1.52],[57.39,-1.49],[57.43,-1.47],[57.43,-1.42],[57.47,-1.39],[57.47,-1.37]]]}},{"type":"Feature","properties":{"precip":10},"geometry":{"type":"Polygon","coordinates":[[[35.65,-1.46],[35.65,-1.41],[35.69,-1.41],[35.69,-1.39],[35.73,-1.39],[35.73,-1.42],[35.76,-1.42],[35.76,-1.47],[35.73,-1.47],[35.73,-1.52],[35.69,-1.52],[35.69,-1.49],[35.65,-1.49],[35.65,-1.46]]]}},{"type":"Feature","properties":{"precip":10},"geometry":{"type":"Polygon","coordinates":[[[61.86,-1.46],[61.86,-1.42],[61.93,-1.39],[62.0,-1.39],[62.0,-1.41],[62.04,-1.41],[62.04,-1.49],[62.0,-1.49],[62.0,-1.52],[61.93,-1.52],[61.86,-1.47],[61.86,-1.46]]]}},{"type":"Feature","properties":{"precip":10},"geometry":{"type":"Polygon","coordinates":[[[54.84,-1.61],[54.84,-1.56],[54.87,-1.54],[54.87,-1.52],[54.91,-1.52],[54.95,-1.52],[54.95,-1.67],[54.91,-1.69],[54.87,-1.69],[54.87,-1.66],[54.84,-1.64],[54.84,-1.61]]]}},{"type":"Feature","properties":{"precip":10},"geometry":{"type":"Polygon","coordinates":[[[28.63,-1.81],[28.63,-1.78],[28.67,-1.76],[28.67,-1.71],[28.71,-1.69],[28.71,-1.71],[28.74,-1.71],[28.74,-1.88],[28.71,-1.91],[28.67,-1.91],[28.67,-1.83],[28.63,-1.83],[28.63,-1.81]]]}},{"type":"Feature","properties":{"precip":10},"geometry":{"type":"Polygon","coordinates":[[[66.64,-1.76],[66.64,-1.73],[66.68,-1.71],[66.68,-1.69],[66.72,-1.69],[66.72,-1.71],[66.75,-1.71],[66.75,-1.79],[66.72,-1.79],[66.72,-1.81],[66.68,-1.81],[66.68,-1.79],[66.64,-1.78],[66.64,-1.76]]]}},{"type":"Feature","properties":{"precip":10},"geometry":{"type":"Polygon","coordinates":[[[73.16,-1.76],[73.16,-1.73],[73.2,-1.73],[73.2,-1.71],[73.23,-1.71],[73.27,-1.69],[73.41,-1.69],[73.48,-1.71],[73.52,-1.71],[73.56,-1.73],[73.56,-1.74],[73.52,-1.78],[73.52,-1.81],[73.48,-1.84],[73.41,-1.88],[73.41,-1.91],[73.38,-1.91],[73.38,-1.84],[73.34,-1.83],[73.3,-1.83],[73.3,-1.81],[73.2,-1.81],[73.2,-1.79],[73.16,-1.78],[73.16,-1.76]]]}},{"type":"Feature","properties":{"precip":10},"geometry":{"type":"Polygon","coordinates":[[[69.45,-1.84],[69.45,-1.83],[69.49,-1.81],[69.52,-1.81],[69.52,-1.83],[69.56,-1.83],[69.56,-1.88],[69.52,-1.88],[69.52,-1.91],[69.49,-1.91],[69.45,-1.88],[69.45,-1.84]]]}},{"type":"Feature","properties":{"precip":10},"geometry":{"type":"Polygon","coordinates":[[[69.67,-1.84],[69.67,-1.81],[69.74,-1.81],[69.74,-1.91],[69.67,-1.91],[69.67,-1.84]]]}},{"type":"Feature","properties":{"precip":10},"geometry":{"type":"Polygon","coordinates":[[[20.14,-1.98],[20.14,-1.96],[20.18,-1.93],[20.21,-1.91],[20.25,-1.91],[20.32,-1.93],[20.36,-1.94],[20.39,-1.96],[20.43,-2.01],[20.43,-2.09],[20.46,-2.11],[20.43,-2.14],[20.43,-2.18],[20.39,-2.19],[20.32,-2.19],[20.25,-2.16],[20.21,-2.13],[20.21,-2.09],[20.14,-2.01],[20.14,-1.98]]]}},{"type":"Feature","properties":{"precip":10},"geometry":{"type":"Polygon","coordinates":[[[27.55,-1.96],[27.55,-1.91],[27.59,-1.91],[27.63,-1.91],[27.63,-1.93],[27.66,-1.94],[27.66,-1.96],[27.63,-1.98],[27.63,-1.99],[27.59,-1.99],[27.55,-1.98],[27.55,-1.96]]]}},{"type":"Feature","properties":{"precip":10},"geometry":{"type":"Polygon","coordinates":[[[30.15,-1.96],[30.15,-1.93],[30.22,-1.91],[30.25,-1.93],[30.25,-1.98],[30.22,-1.98],[30.22,-1.99],[30.18,-1.99],[30.18,-1.98],[30.15,-1.98],[30.15,-1.96]]]}},{"type":"Feature","properties":{"precip":10},"geometry":{"type":"Polygon","coordinates":[[[58.65,-1.96],[58.65,-1.91],[58.69,-1.91],[58.73,-1.91],[58.73,-1.93],[58.76,-1.94],[58.76,-1.96],[58.73,-1.98],[58.73,-1.99],[58.69,-1.99],[58.65,-1.98],[58.65,-1.96]]]}},{"type":"Feature","properties":{"precip":10},"geometry":{"type":"Polygon","coordinates":[[[58.37,-2.04],[58.37,-1.99],[58.44,-1.99],[58.44,-2.11],[58.37,-2.11],[58.37,-2.04]]]}},{"type":"Feature","properties":{"precip":10},"geometry":{"type":"Polygon","coordinates":[[[63.26,-2.04],[63.26,-2.01],[63.3,-1.99],[63.33,-1.99],[63.33,-2.04],[63.37,-2.04],[63.33,-2.06],[63.33,-2.11],[63.3,-2.11],[63.26,-2.09],[63.26,-2.04]]]}},{"type":"Feature","properties":{"precip":10},"geometry":{"type":"Polygon","coordinates":[[[64.56,-2.11],[64.56,-2.01],[64.59,-2.01],[64.59,-1.99],[64.63,-1.99],[64.63,-2.04],[64.66,-2.06],[64.66,-2.13],[64.63,-2.16],[64.63,-2.19],[64.56,-2.18],[64.56,-2.11]]]}},{"type":"Feature","properties":{"precip":10},"geometry":{"type":"Polygon","coordinates":[[[78.2,-2.11],[78.27,-2.08],[78.27,-2.03],[78.31,-2.01],[78.38,-2.01],[78.45,-1.99],[78.88,-1.99],[78.92,-2.01],[79.03,-2.01],[79.06,-2.03],[79.1,-2.03],[79.1,-2.04],[79.17,-2.06],[79.17,-2.09],[79.21,-2.09],[79.21,-2.11],[79.28,-2.11],[79.35,-2.11],[79.35,-2.16],[79.21,-2.19],[78.38,-2.19],[78.34,-2.18],[78.31,-2.18],[78.27,-2.14],[78.27,-2.13],[78.2,-2.11]]]}},{"type":"Feature","properties":{"precip":10},"geometry":{"type":"Polygon","coordinates":[[[85.04,-2.04],[85.07,-2.04],[85.07,-2.03],[85.11,-2.01],[85.15,-2.01],[85.15,-1.99],[85.33,-1.99],[85.33,-2.01],[85.4,-2.01],[85.43,-2.03],[85.43,-2.04],[85.47,-2.04],[85.43,-2.06],[85.43,-2.08],[85.4,-2.09],[85.33,-2.09],[85.33,-2.11],[85.15,-2.11],[85.15,-2.09],[85.11,-2.09],[85.07,-2.08],[85.07,-2.06],[85.04,-2.04]]]}},{"type":"Feature","properties":{"precip":10},"geometry":{"type":"Polygon","coordinates":[[[63.84,-2.14],[63.91,-2.11],[63.94,-2.11],[63.98,-2.11],[64.34,-2.11],[64.41,-2.13],[64.45,-2.13],[64.45,-2.23],[64.38,-2.31],[64.3,-2.38],[64.23,-2.4],[64.16,-2.4],[64.05,-2.41],[63.98,-2.41],[63.94,-2.4],[63.87,-2.4],[63.8,-2.38],[63.73,-2.34],[63.73,-2.33],[63.66,-2.26],[63.66,-2.21],[63.73,-2.21],[63.76,-2.19],[63.84,-2.18],[63.84,-2.14]]]}},{"type":"Feature","properties":{"precip":10},"geometry":{"type":"Polygon","coordinates":[[[72.55,-2.14],[72.55,-2.11],[72.58,-2.11],[72.62,-2.11],[72.66,-2.11],[72.66,-2.18],[72.62,-2.18],[72.62,-2.19],[72.58,-2.19],[72.58,-2.18],[72.55,-2.18],[72.55,-2.14]]]}},{"type":"Feature","properties":{"precip":10},"geometry":{"type":"Polygon","coordinates":[[[28.24,-2.5],[28.24,-2.33],[28.27,-2.29],[28.27,-2.19],[28.35,-2.23],[28.38,-2.26],[28.38,-2.29],[28.42,-2.33],[28.42,-2.38],[28.45,-2.43],[28.45,-2.56],[28.53,-2.6],[28.53,-2.65],[28.56,-2.66],[28.56,-2.71],[28.53,-2.75],[28.53,-2.78],[28.49,-2.8],[28.31,-2.8],[28.27,-2.78],[28.27,-2.71],[28.24,-2.7],[28.24,-2.5]]]}},{"type":"Feature","properties":{"precip":10},"geometry":{"type":"Polygon","coordinates":[[[66.36,-2.34],[66.36,-2.31],[66.39,-2.29],[66.43,-2.29],[66.43,-2.33],[66.46,-2.33],[66.46,-2.38],[66.43,-2.38],[66.43,-2.41],[66.36,-2.4],[66.36,-2.34]]]}},{"type":"Feature","properties":{"precip":10},"geometry":{"type":"Polygon","coordinates":[[[69.02,-2.38],[69.06,-2.34],[69.16,-2.29],[69.24,-2.29],[69.24,-2.38],[69.13,-2.46],[69.06,-2.5],[68.98,-2.5],[68.95,-2.48],[68.95,-2.45],[68.98,-2.43],[68.98,-2.41],[69.02,-2.38]]]}},{"type":"Feature","properties":{"precip":10},"geometry":{"type":"Polygon","coordinates":[[[69.56,-2.45],[69.56,-2.33],[69.63,-2.29],[69.78,-2.29],[69.85,-2.33],[69.85,-2.4],[69.78,-2.41],[69.78,-2.45],[69.74,-2.46],[69.74,-2.56],[69.7,-2.6],[69.6,-2.6],[69.56,-2.56],[69.56,-2.45]]]}},{"type":"Feature","properties":{"precip":10},"geometry":{"type":"Polygon","coordinates":[[[27.66,-2.5],[27.66,-2.41],[27.73,-2.41],[27.84,-2.55],[27.84,-2.58],[27.81,-2.6],[27.7,-2.6],[27.66,-2.56],[27.66,-2.5]]]}},{"type":"Feature","properties":{"precip":10},"geometry":{"type":"Polygon","coordinates":[[[67.54,-2.55],[67.54,-2.53],[67.58,-2.5],[67.65,-2.51],[67.65,-2.58],[67.54,-2.58],[67.54,-2.55]]]}},{"type":"Feature","properties":{"precip":10},"geometry":{"type":"Polygon","coordinates":[[[70.32,-2.58],[70.39,-2.53],[70.42,-2.51],[70.53,-2.51],[70.57,-2.55],[70.57,-2.58],[70.64,-2.6],[70.75,-2.6],[70.86,-2.63],[70.86,-2.7],[70.82,-2.7],[70.75,-2.7],[70.68,-2.7],[70.57,-2.7],[70.57,-2.65],[70.53,-2.61],[70.46,-2.6],[70.39,-2.61],[70.32,-2.7],[70.28,-2.7],[70.28,-2.6],[70.32,-2.58]]]}},{"type":"Feature","properties":{"precip":10},"geometry":{"type":"Polygon","coordinates":[[[74.06,-2.55],[74.06,-2.53],[74.13,-2.5],[74.24,-2.51],[74.24,-2.55],[74.28,-2.55],[74.35,-2.58],[74.46,-2.58],[74.53,-2.6],[75.25,-2.6],[75.35,-2.61],[75.53,-2.61],[75.64,-2.65],[75.64,-2.7],[75.57,-2.7],[75.46,-2.7],[75.43,-2.7],[75.18,-2.7],[75.07,-2.73],[75.07,-2.76],[75.03,-2.76],[75.0,-2.8],[74.89,-2.8],[74.85,-2.78],[74.85,-2.73],[74.78,-2.7],[74.64,-2.7],[74.56,-2.71],[74.56,-2.75],[74.49,-2.78],[74.38,-2.8],[73.95,-2.8],[73.88,-2.76],[73.84,-2.73],[73.84,-2.66],[73.88,-2.65],[73.88,-2.61],[73.92,-2.6],[73.99,-2.6],[74.06,-2.56],[74.06,-2.55]]]}},{"type":"Feature","properties":{"precip":10},"geometry":{"type":"Polygon","coordinates":[[[71.32,-2.7],[71.32,-2.65],[71.43,-2.6],[71.43,-2.63],[71.47,-2.65],[71.47,-2.7],[71.54,-2.7],[71.61,-2.7],[71.65,-2.7],[71.76,-2.66],[71.79,-2.6],[71.83,-2.61],[71.83,-2.65],[71.86,-2.66],[71.86,-2.7],[71.94,-2.7],[72.01,-2.7],[72.01,-2.71],[72.08,-2.75],[72.08,-2.8],[72.12,-2.8],[72.12,-2.76],[72.19,-2.7],[72.26,-2.7],[72.33,-2.73],[72.37,-2.76],[72.44,-2.85],[72.44,-2.96],[72.37,-3.0],[72.3,-3.0],[72.26,-3.01],[72.26,-3.05],[72.19,-3.1],[71.97,-3.1],[71.86,-3.07],[71.83,-3.03],[71.83,-3.0],[71.79,-3.0],[71.76,-3.03],[71.76,-3.07],[71.61,-3.1],[71.4,-3.1],[71.36,-3.08],[71.36,-3.03],[71.29,-3.0],[71.18,-3.0],[71.07,-2.98],[71.04,-2.95],[71.11,-2.9],[71.18,-2.9],[71.25,-2.86],[71.25,-2.75],[71.29,-2.73],[71.29,-2.7],[71.32,-2.7]]]}},{"type":"Feature","properties":{"precip":10},"geometry":{"type":"Polygon","coordinates":[[[27.84,-2.75],[27.84,-2.7],[27.91,-2.7],[27.91,-2.73],[27.95,-2.75],[28.02,-2.81],[28.02,-2.85],[28.06,-2.85],[27.99,-2.9],[27.99,-2.95],[27.95,-2.96],[27.95,-3.13],[27.99,-3.15],[27.99,-3.2],[28.02,-3.22],[28.06,-3.27],[27.95,-3.35],[27.84,-3.4],[27.7,-3.4],[27.66,-3.35],[27.66,-2.83],[27.73,-2.8],[27.81,-2.8],[27.84,-2.78],[27.84,-2.75]]]}},{"type":"Feature","properties":{"precip":10},"geometry":{"type":"Polygon","coordinates":[[[72.66,-2.88],[72.66,-2.85],[72.69,-2.83],[72.84,-2.8],[73.05,-2.85],[73.09,-2.88],[73.12,-2.9],[73.12,-3.0],[73.05,-3.03],[73.05,-3.07],[73.12,-3.1],[73.12,-3.13],[73.16,-3.17],[73.16,-3.27],[73.09,-3.28],[73.02,-3.28],[72.98,-3.3],[72.76,-3.3],[72.66,-3.33],[72.66,-3.37],[72.58,-3.4],[72.4,-3.4],[72.37,-3.38],[72.37,-3.13],[72.4,-3.1],[72.48,-3.1],[72.51,-3.08],[72.62,-3.0],[72.62,-2.96],[72.66,-2.91],[72.66,-2.88]]]}},{"type":"Feature","properties":{"precip":10},"geometry":{"type":"Polygon","coordinates":[[[28.45,-3.05],[28.45,-3.01],[28.49,-3.0],[28.6,-3.0],[28.63,-3.01],[28.63,-3.08],[28.6,-3.1],[28.49,-3.1],[28.45,-3.08],[28.45,-3.05]]]}},{"type":"Feature","properties":{"precip":10},"geometry":{"type":"Polygon","coordinates":[[[73.56,-3.1],[73.56,-3.03],[73.59,-3.0],[73.63,-3.0],[73.66,-3.03],[73.66,-3.08],[73.7,-3.1],[73.74,-3.08],[73.74,-3.05],[73.77,-3.01],[73.84,-3.01],[73.84,-3.05],[73.92,-3.1],[73.92,-3.2],[73.88,-3.23],[73.77,-3.28],[73.7,-3.28],[73.63,-3.28],[73.56,-3.3],[73.48,-3.28],[73.45,-3.25],[73.45,-3.22],[73.52,-3.2],[73.52,-3.17],[73.56,-3.15],[73.56,-3.1]]]}},{"type":"Feature","properties":{"precip":10},"geometry":{"type":"Polygon","coordinates":[[[74.17,-3.05],[74.17,-3.0],[74.24,-3.0],[74.24,-3.1],[74.17,-3.1],[74.17,-3.05]]]}},{"type":"Feature","properties":{"precip":10},"geometry":{"type":"Polygon","coordinates":[[[28.42,-3.28],[28.45,-3.25],[28.56,-3.2],[28.63,-3.22],[28.63,-3.28],[28.56,-3.3],[28.49,-3.3],[28.45,-3.32],[28.45,-3.38],[28.49,-3.4],[28.56,-3.4],[28.63,-3.42],[28.63,-3.48],[28.56,-3.5],[28.45,-3.45],[28.38,-3.42],[28.38,-3.3],[28.42,-3.28]]]}},{"type":"Feature","properties":{"precip":10},"geometry":{"type":"Polygon","coordinates":[[[93.46,-3.25],[93.46,-3.22],[93.53,-3.22],[93.53,-3.2],[93.68,-3.2],[93.75,-3.23],[93.75,-3.28],[93.71,-3.28],[93.64,-3.3],[93.57,-3.3],[93.46,-3.28],[93.46,-3.25]]]}},{"type":"Feature","properties":{"precip":10},"geometry":{"type":"Polygon","coordinates":[[[74.17,-3.35],[74.17,-3.3],[74.24,-3.3],[74.24,-3.4],[74.17,-3.4],[74.17,-3.35]]]}},{"type":"Feature","properties":{"precip":10},"geometry":{"type":"Polygon","coordinates":[[[71.86,-3.43],[71.86,-3.42],[71.94,-3.42],[71.97,-3.4],[72.08,-3.4],[72.12,-3.42],[72.19,-3.42],[72.26,-3.43],[72.26,-3.47],[72.33,-3.48],[72.33,-3.5],[72.48,-3.5],[72.55,-3.53],[72.55,-3.58],[72.58,-3.58],[72.62,-3.6],[72.69,-3.6],[72.76,-3.63],[72.76,-3.67],[72.73,-3.67],[72.66,-3.7],[72.37,-3.7],[72.26,-3.67],[72.26,-3.63],[72.19,-3.6],[72.12,-3.6],[72.04,-3.58],[71.94,-3.55],[71.86,-3.48],[71.86,-3.43]]]}},{"type":"Feature","properties":{"precip":10},"geometry":{"type":"Polygon","coordinates":[[[83.56,-3.6],[83.56,-3.45],[83.56,-3.43],[83.74,-3.4],[84.25,-3.4],[84.35,-3.42],[84.43,-3.43],[84.46,-3.45],[84.46,-3.53],[84.39,-3.62],[84.35,-3.65],[84.21,-3.68],[84.1,-3.7],[83.85,-3.7],[83.74,-3.72],[83.67,-3.72],[83.67,-3.8],[83.71,-3.8],[83.74,-3.84],[83.74,-4.02],[83.74,-4.05],[83.74,-4.09],[83.85,-4.07],[83.85,-4.04],[83.89,-4.0],[83.92,-3.95],[83.92,-3.94],[84.03,-3.9],[84.28,-3.9],[84.35,-3.94],[84.35,-3.99],[84.28,-4.0],[84.25,-4.0],[84.1,-4.09],[84.07,-4.12],[83.92,-4.27],[83.89,-4.3],[83.81,-4.35],[83.71,-4.41],[83.67,-4.39],[83.63,-4.34],[83.63,-4.3],[83.56,-4.3],[83.49,-4.3],[83.45,-4.29],[83.45,-4.24],[83.38,-4.2],[83.27,-4.2],[83.2,-4.19],[83.13,-4.19],[83.02,-4.17],[83.02,-4.14],[83.17,-4.1],[83.38,-4.1],[83.45,-4.09],[83.56,-4.02],[83.56,-4.0],[83.63,-3.95],[83.63,-3.8],[83.56,-3.77],[83.56,-3.6]]]}},{"type":"Feature","properties":{"precip":10},"geometry":{"type":"Polygon","coordinates":[[[91.19,-3.48],[91.23,-3.45],[91.3,-3.43],[91.37,-3.42],[91.41,-3.42],[91.52,-3.4],[91.59,-3.42],[91.66,-3.45],[91.59,-3.48],[91.52,-3.5],[91.37,-3.5],[91.3,-3.52],[91.23,-3.55],[91.23,-3.58],[91.16,-3.58],[91.16,-3.55],[91.19,-3.53],[91.19,-3.48]]]}},{"type":"Feature","properties":{"precip":10},"geometry":{"type":"Polygon","coordinates":[[[21.94,-3.58],[21.98,-3.53],[22.08,-3.5],[22.34,-3.5],[22.41,-3.52],[22.44,-3.55],[22.44,-3.67],[22.3,-3.79],[22.26,-3.8],[22.16,-3.8],[22.08,-3.75],[22.01,-3.72],[22.01,-3.7],[21.94,-3.62],[21.94,-3.58]]]}},{"type":"Feature","properties":{"precip":10},"geometry":{"type":"Polygon","coordinates":[[[71.04,-3.55],[71.11,-3.5],[71.18,-3.5],[71.25,-3.52],[71.25,-3.58],[71.18,-3.58],[71.18,-3.6],[71.11,-3.58],[71.04,-3.57],[71.04,-3.55]]]}},{"type":"Feature","properties":{"precip":10},"geometry":{"type":"Polygon","coordinates":[[[72.84,-3.6],[72.84,-3.58],[72.87,-3.57],[72.87,-3.5],[72.94,-3.52],[72.94,-3.68],[72.87,-3.7],[72.87,-3.63],[72.84,-3.6]]]}},{"type":"Feature","properties":{"precip":10},"geometry":{"type":"Polygon","coordinates":[[[22.95,-3.7],[22.95,-3.63],[22.98,-3.6],[23.02,-3.6],[23.05,-3.63],[23.05,-3.67],[23.16,-3.75],[23.16,-3.77],[23.23,-3.79],[23.23,-3.8],[23.31,-3.8],[23.34,-3.84],[23.34,-3.89],[23.38,-3.92],[23.38,-3.95],[23.45,-4.02],[23.52,-4.12],[23.56,-4.15],[23.63,-4.24],[23.7,-4.3],[23.7,-4.34],[23.74,-4.37],[23.74,-4.47],[23.67,-4.49],[23.45,-4.49],[23.38,-4.46],[23.34,-4.46],[23.34,-4.42],[23.27,-4.39],[23.2,-4.41],[23.05,-4.46],[23.02,-4.51],[22.95,-4.56],[22.84,-4.64],[22.84,-4.66],[22.77,-4.69],[22.77,-4.61],[22.8,-4.61],[22.8,-4.59],[22.84,-4.57],[22.84,-4.52],[22.73,-4.44],[22.7,-4.37],[22.66,-4.34],[22.66,-4.24],[22.59,-4.17],[22.55,-4.17],[22.55,-3.94],[22.59,-3.9],[22.7,-3.9],[22.84,-3.87],[22.84,-3.8],[22.77,-3.79],[22.77,-3.72],[22.84,-3.72],[22.84,-3.77],[22.88,-3.8],[22.95,-3.77],[22.95,-3.7]]]}},{"type":"Feature","properties":{"precip":10},"geometry":{"type":"Polygon","coordinates":[[[73.34,-3.65],[73.38,-3.6],[73.45,-3.6],[73.45,-3.67],[73.52,-3.7],[73.66,-3.7],[73.74,-3.72],[73.74,-3.77],[73.66,-3.8],[73.56,-3.8],[73.45,-3.84],[73.45,-3.87],[73.38,-3.89],[73.38,-3.85],[73.3,-3.8],[73.2,-3.8],[73.16,-3.77],[73.16,-3.72],[73.2,-3.7],[73.3,-3.7],[73.34,-3.68],[73.34,-3.65]]]}},{"type":"Feature","properties":{"precip":10},"geometry":{"type":"Polygon","coordinates":[[[90.51,-3.7],[90.58,-3.63],[90.65,-3.6],[90.8,-3.6],[90.94,-3.63],[91.01,-3.68],[91.01,-3.72],[91.05,-3.75],[91.05,-3.97],[90.98,-4.0],[90.69,-4.0],[90.62,-4.02],[90.51,-4.04],[90.51,-4.07],[90.47,-4.09],[90.47,-4.1],[90.33,-4.1],[90.26,-4.14],[90.22,-4.17],[90.22,-4.19],[90.15,-4.19],[90.15,-4.17],[90.11,-4.12],[90.04,-4.1],[89.93,-4.1],[89.86,-4.09],[89.86,-4.04],[89.93,-3.99],[89.97,-3.92],[90.04,-3.87],[90.15,-3.8],[90.29,-3.8],[90.33,-3.79],[90.47,-3.74],[90.51,-3.7]]]}},{"type":"Feature","properties":{"precip":10},"geometry":{"type":"Polygon","coordinates":[[[61.75,-3.75],[61.75,-3.72],[61.82,-3.7],[61.86,-3.72],[61.86,-3.77],[61.79,-3.8],[61.75,-3.79],[61.75,-3.75]]]}},{"type":"Feature","properties":{"precip":10},"geometry":{"type":"Polygon","coordinates":[[[71.14,-3.8],[71.14,-3.77],[71.18,-3.72],[71.22,-3.72],[71.32,-3.7],[71.72,-3.7],[71.83,-3.72],[71.9,-3.72],[71.97,-3.75],[71.97,-3.77],[72.04,-3.85],[72.04,-3.95],[72.01,-4.0],[71.9,-4.0],[71.86,-4.02],[71.86,-4.05],[71.79,-4.07],[71.68,-4.1],[71.5,-4.1],[71.47,-4.09],[71.36,-4.07],[71.36,-4.04],[71.32,-4.02],[71.25,-4.0],[71.11,-4.0],[71.04,-3.94],[71.07,-3.94],[71.07,-3.9],[71.14,-3.87],[71.14,-3.8]]]}},{"type":"Feature","properties":{"precip":10},"geometry":{"type":"Polygon","coordinates":[[[72.26,-3.84],[72.26,-3.82],[72.33,-3.8],[72.73,-3.8],[72.84,-3.84],[72.84,-3.89],[72.76,-3.89],[72.76,-3.9],[72.69,-3.9],[72.66,-3.92],[72.66,-3.95],[72.62,-3.97],[72.62,-4.0],[72.58,-4.0],[72.58,-3.97],[72.55,-3.95],[72.55,-3.92],[72.48,-3.9],[72.44,-3.95],[72.44,-3.99],[72.37,-3.99],[72.37,-3.95],[72.3,-3.89],[72.26,-3.87],[72.26,-3.84]]]}},{"type":"Feature","properties":{"precip":10},"geometry":{"type":"Polygon","coordinates":[[[10.64,-3.95],[10.71,-3.9],[10.82,-3.9],[10.85,-3.94],[10.85,-3.97],[10.82,-4.0],[10.71,-4.0],[10.64,-3.95]]]}},{"type":"Feature","properties":{"precip":10},"geometry":{"type":"Polygon","coordinates":[[[64.16,-3.95],[64.16,-3.9],[64.23,-3.9],[64.23,-3.94],[64.27,-3.95],[64.23,-3.97],[64.23,-4.0],[64.16,-4.0],[64.16,-3.95]]]}},{"type":"Feature","properties":{"precip":10},"geometry":{"type":"Polygon","coordinates":[[[65.56,-4.05],[65.56,-4.0],[65.64,-4.0],[65.64,-4.1],[65.56,-4.1],[65.56,-4.05]]]}},{"type":"Feature","properties":{"precip":10},"geometry":{"type":"Polygon","coordinates":[[[65.85,-4.05],[65.85,-4.02],[65.92,-4.0],[65.92,-4.02],[65.96,-4.02],[65.96,-4.07],[65.92,-4.07],[65.92,-4.1],[65.85,-4.09],[65.85,-4.05]]]}},{"type":"Feature","properties":{"precip":10},"geometry":{"type":"Polygon","coordinates":[[[64.56,-4.15],[64.56,-4.1],[64.63,-4.1],[64.66,-4.14],[64.66,-4.17],[64.56,-4.2],[64.56,-4.27],[64.63,-4.3],[64.77,-4.3],[64.84,-4.32],[64.84,-4.37],[64.74,-4.39],[64.7,-4.41],[64.41,-4.41],[64.38,-4.42],[64.34,-4.46],[64.34,-4.61],[64.38,-4.62],[64.38,-4.71],[64.45,-4.67],[64.45,-4.56],[64.48,-4.52],[64.56,-4.51],[64.66,-4.51],[64.74,-4.49],[64.81,-4.51],[64.95,-4.51],[65.06,-4.54],[65.06,-4.57],[64.95,-4.61],[64.95,-4.67],[65.02,-4.69],[65.02,-4.71],[65.1,-4.71],[65.13,-4.72],[65.13,-4.77],[65.17,-4.79],[65.13,-4.82],[65.13,-4.87],[65.06,-4.89],[64.63,-4.89],[64.52,-4.89],[64.38,-4.86],[64.3,-4.82],[64.27,-4.77],[64.27,-4.67],[64.23,-4.66],[64.23,-4.61],[64.16,-4.61],[64.02,-4.61],[63.91,-4.51],[63.8,-4.51],[63.76,-4.49],[63.66,-4.49],[63.58,-4.46],[63.55,-4.46],[63.55,-4.44],[63.62,-4.41],[63.76,-4.41],[63.84,-4.37],[63.84,-4.34],[63.87,-4.32],[63.87,-4.3],[63.94,-4.3],[63.94,-4.46],[64.02,-4.49],[64.05,-4.46],[64.05,-4.24],[64.12,-4.2],[64.23,-4.19],[64.45,-4.19],[64.56,-4.15]]]}},{"type":"Feature","properties":{"precip":10},"geometry":{"type":"Polygon","coordinates":[[[22.05,-4.34],[22.08,-4.3],[22.12,-4.3],[22.16,-4.32],[22.16,-4.37],[22.12,-4.41],[22.05,-4.37],[22.05,-4.34]]]}},{"type":"Feature","properties":{"precip":10},"geometry":{"type":"Polygon","coordinates":[[[84.61,-4.34],[84.64,-4.32],[84.64,-4.3],[84.75,-4.3],[84.75,-4.39],[84.64,-4.41],[84.64,-4.37],[84.61,-4.37],[84.61,-4.34]]]}},{"type":"Feature","properties":{"precip":10},"geometry":{"type":"Polygon","coordinates":[[[85.65,-4.34],[85.65,-4.3],[85.69,-4.3],[85.79,-4.37],[85.79,-4.41],[85.83,-4.39],[85.83,-4.34],[85.87,-4.3],[85.97,-4.3],[86.12,-4.3],[86.19,-4.3],[86.23,-4.37],[86.23,-4.41],[86.23,-4.46],[86.12,-4.59],[86.01,-4.66],[85.94,-4.69],[85.83,-4.71],[85.69,-4.71],[85.65,-4.69],[85.58,-4.69],[85.58,-4.66],[85.51,-4.62],[85.51,-4.56],[85.58,-4.54],[85.58,-4.51],[85.65,-4.49],[85.69,-4.49],[85.76,-4.46],[85.76,-4.42],[85.69,-4.39],[85.65,-4.39],[85.65,-4.34]]]}},{"type":"Feature","properties":{"precip":10},"geometry":{"type":"Polygon","coordinates":[[[21.76,-4.46],[21.76,-4.41],[21.83,-4.41],[21.83,-4.44],[21.87,-4.44],[21.87,-4.46],[21.83,-4.46],[21.83,-4.49],[21.76,-4.49],[21.76,-4.46]]]}},{"type":"Feature","properties":{"precip":10},"geometry":{"type":"Polygon","coordinates":[[[24.31,-4.67],[24.35,-4.66],[24.35,-4.62],[24.42,-4.61],[24.46,-4.61],[24.46,-4.64],[24.42,-4.66],[24.42,-4.69],[24.39,-4.71],[24.39,-4.74],[24.35,-4.76],[24.28,-4.79],[24.28,-4.72],[24.31,-4.67]]]}},{"type":"Feature","properties":{"precip":10},"geometry":{"type":"Polygon","coordinates":[[[65.46,-4.64],[65.46,-4.61],[65.53,-4.61],[65.53,-4.62],[65.56,-4.62],[65.56,-4.67],[65.53,-4.67],[65.53,-4.71],[65.46,-4.69],[65.46,-4.64]]]}},{"type":"Feature","properties":{"precip":10},"geometry":{"type":"Polygon","coordinates":[[[78.34,-4.64],[78.38,-4.61],[78.49,-4.61],[78.56,-4.62],[78.56,-4.67],[78.52,-4.67],[78.49,-4.71],[78.38,-4.71],[78.38,-4.67],[78.34,-4.67],[78.34,-4.64]]]}},{"type":"Feature","properties":{"precip":10},"geometry":{"type":"Polygon","coordinates":[[[86.66,-4.64],[86.66,-4.62],[86.73,-4.61],[86.77,-4.61],[86.84,-4.61],[86.84,-4.69],[86.73,-4.71],[86.73,-4.69],[86.66,-4.67],[86.66,-4.64]]]}},{"type":"Feature","properties":{"precip":10},"geometry":{"type":"Polygon","coordinates":[[[10.6,-4.77],[10.67,-4.72],[10.71,-4.71],[10.74,-4.72],[10.74,-4.86],[10.71,-4.87],[10.71,-4.89],[10.6,-4.89],[10.56,-4.89],[10.56,-4.84],[10.6,-4.81],[10.6,-4.77]]]}},{"type":"Feature","properties":{"precip":10},"geometry":{"type":"Polygon","coordinates":[[[23.56,-4.74],[23.56,-4.71],[23.7,-4.71],[23.81,-4.74],[23.92,-4.79],[23.92,-4.89],[23.81,-4.97],[23.74,-4.94],[23.67,-4.89],[23.67,-4.86],[23.59,-4.81],[23.59,-4.77],[23.56,-4.76],[23.56,-4.74]]]}},{"type":"Feature","properties":{"precip":10},"geometry":{"type":"Polygon","coordinates":[[[24.57,-4.76],[24.57,-4.72],[24.6,-4.71],[24.71,-4.71],[24.75,-4.74],[24.75,-4.86],[24.78,-4.87],[24.78,-4.89],[24.82,-4.89],[24.85,-4.92],[24.85,-4.97],[24.82,-4.99],[24.75,-4.99],[24.75,-5.01],[24.64,-5.01],[24.57,-4.97],[24.57,-4.89],[24.64,-4.87],[24.64,-4.82],[24.57,-4.79],[24.57,-4.76]]]}},{"type":"Feature","properties":{"precip":10},"geometry":{"type":"Polygon","coordinates":[[[61.35,-4.76],[61.35,-4.71],[61.43,-4.72],[61.5,-4.76],[61.5,-4.81],[61.53,-4.84],[61.53,-4.89],[61.43,-4.89],[61.35,-4.92],[61.35,-4.97],[61.25,-4.99],[61.21,-5.01],[61.03,-5.01],[60.96,-5.04],[60.96,-5.06],[60.89,-5.09],[60.71,-5.09],[60.63,-5.04],[60.63,-5.02],[60.56,-5.01],[60.42,-5.01],[60.38,-4.99],[60.31,-4.99],[60.24,-4.96],[60.24,-4.94],[60.31,-4.91],[60.38,-4.89],[60.53,-4.89],[60.56,-4.89],[60.63,-4.89],[60.63,-4.86],[60.67,-4.82],[60.74,-4.81],[60.85,-4.81],[60.92,-4.79],[61.21,-4.79],[61.35,-4.76]]]}},{"type":"Feature","properties":{"precip":10},"geometry":{"type":"Polygon","coordinates":[[[10.56,-5.04],[10.56,-5.01],[10.64,-5.01],[10.64,-5.09],[10.56,-5.09],[10.56,-5.04]]]}},{"type":"Feature","properties":{"precip":10},"geometry":{"type":"Polygon","coordinates":[[[22.84,-5.16],[22.84,-5.06],[22.88,-5.02],[22.91,-5.01],[23.27,-5.01],[23.34,-5.04],[23.34,-5.14],[23.41,-5.19],[23.52,-5.19],[23.67,-5.26],[23.7,-5.31],[23.81,-5.39],[23.85,-5.34],[23.88,-5.34],[23.88,-5.31],[23.92,-5.31],[23.92,-5.34],[23.95,-5.36],[24.03,-5.39],[24.1,-5.39],[24.17,-5.43],[24.24,-5.44],[24.31,-5.49],[24.31,-5.53],[24.35,-5.56],[24.35,-5.64],[24.39,-5.66],[24.39,-5.69],[24.46,-5.76],[24.46,-5.78],[24.53,-5.78],[24.57,-5.76],[24.57,-5.73],[24.6,-5.71],[24.67,-5.76],[24.71,-5.8],[24.71,-5.85],[24.75,-5.91],[24.75,-6.06],[24.67,-6.1],[24.67,-6.15],[24.64,-6.16],[24.64,-6.28],[24.57,-6.3],[24.57,-6.38],[24.6,-6.4],[24.71,-6.4],[24.75,-6.42],[24.75,-6.48],[24.6,-6.52],[24.57,-6.52],[24.57,-6.55],[24.53,-6.55],[24.53,-6.58],[24.49,-6.6],[24.39,-6.6],[24.35,-6.58],[24.35,-6.52],[24.31,-6.52],[24.24,-6.52],[24.24,-6.5],[24.17,-6.5],[24.17,-6.47],[24.13,-6.47],[24.13,-6.42],[24.1,-6.4],[24.03,-6.4],[23.95,-6.36],[23.95,-6.31],[24.06,-6.26],[24.06,-6.25],[23.99,-6.21],[23.92,-6.21],[23.74,-6.21],[23.67,-6.2],[23.52,-6.2],[23.45,-6.15],[23.45,-6.03],[23.49,-6.0],[23.52,-6.0],[23.52,-5.96],[23.56,-5.93],[23.56,-5.81],[23.52,-5.76],[23.52,-5.71],[23.49,-5.66],[23.34,-5.61],[23.2,-5.61],[23.16,-5.59],[23.09,-5.59],[23.05,-5.58],[23.05,-5.51],[23.16,-5.48],[23.16,-5.44],[23.09,-5.39],[22.98,-5.39],[22.98,-5.36],[22.95,-5.36],[22.95,-5.33],[22.88,-5.33],[22.88,-5.34],[22.8,-5.38],[22.77,-5.44],[22.7,-5.48],[22.66,-5.48],[22.66,-5.33],[22.7,-5.31],[22.77,-5.31],[22.84,-5.28],[22.84,-5.16]],[[24.57,-6.25],[24.53,-6.23],[24.53,-6.21],[24.46,-6.21],[24.46,-6.3],[24.53,-6.3],[24.53,-6.26],[24.57,-6.25]]]}},{"type":"Feature","properties":{"precip":10},"geometry":{"type":"Polygon","coordinates":[[[64.45,-5.09],[64.45,-5.04],[64.56,-5.01],[64.99,-5.01],[65.06,-5.02],[65.2,-5.08],[65.2,-5.11],[65.24,-5.13],[65.24,-5.19],[65.17,-5.21],[65.17,-5.28],[65.24,-5.33],[65.24,-5.58],[65.17,-5.59],[65.17,-5.61],[65.1,-5.61],[65.06,-5.63],[65.06,-5.81],[65.02,-5.85],[65.02,-5.88],[64.95,-5.91],[64.88,-5.88],[64.84,-5.88],[64.84,-5.83],[64.7,-5.8],[64.52,-5.8],[64.41,-5.81],[64.3,-5.88],[64.27,-5.88],[64.27,-5.85],[64.23,-5.83],[64.09,-5.8],[63.84,-5.8],[63.69,-5.78],[63.66,-5.78],[63.66,-5.71],[63.73,-5.69],[63.73,-5.63],[63.76,-5.59],[63.76,-5.39],[63.8,-5.34],[63.8,-5.29],[63.84,-5.24],[63.91,-5.19],[64.02,-5.19],[64.09,-5.26],[64.09,-5.31],[64.12,-5.31],[64.12,-5.24],[64.23,-5.19],[64.38,-5.19],[64.45,-5.18],[64.45,-5.09]]]}},{"type":"Feature","properties":{"precip":10},"geometry":{"type":"Polygon","coordinates":[[[79.35,-5.04],[79.39,-5.01],[79.46,-5.01],[79.57,-5.04],[79.57,-5.06],[79.53,-5.06],[79.46,-5.09],[79.39,-5.09],[79.35,-5.04]]]}},{"type":"Feature","properties":{"precip":10},"geometry":{"type":"Polygon","coordinates":[[[78.74,-5.19],[78.74,-5.16],[78.74,-5.13],[78.88,-5.09],[78.99,-5.11],[79.03,-5.14],[79.1,-5.18],[79.1,-5.21],[79.1,-5.23],[79.1,-5.29],[79.06,-5.29],[79.03,-5.31],[78.88,-5.31],[78.74,-5.28],[78.74,-5.24],[78.74,-5.23],[78.74,-5.19]]]}},{"type":"Feature","properties":{"precip":10},"geometry":{"type":"Polygon","coordinates":[[[62.04,-5.24],[62.07,-5.23],[62.07,-5.19],[62.14,-5.21],[62.14,-5.29],[62.11,-5.31],[62.04,-5.24]]]}},{"type":"Feature","properties":{"precip":10},"geometry":{"type":"Polygon","coordinates":[[[63.04,-5.24],[63.08,-5.21],[63.15,-5.21],[63.19,-5.19],[63.33,-5.19],[63.44,-5.23],[63.44,-5.28],[63.4,-5.29],[63.33,-5.29],[63.3,-5.31],[63.22,-5.31],[63.19,-5.29],[63.12,-5.29],[63.04,-5.26],[63.04,-5.24]]]}},{"type":"Feature","properties":{"precip":10},"geometry":{"type":"Polygon","coordinates":[[[79.24,-5.54],[79.24,-5.48],[79.28,-5.43],[79.28,-5.41],[79.42,-5.39],[79.46,-5.39],[79.57,-5.41],[79.64,-5.41],[79.75,-5.46],[79.78,-5.48],[79.82,-5.58],[79.82,-5.66],[79.75,-5.69],[79.28,-5.69],[79.24,-5.63],[79.24,-5.54]]]}},{"type":"Feature","properties":{"precip":10},"geometry":{"type":"Polygon","coordinates":[[[65.74,-6.25],[65.78,-6.21],[65.92,-6.21],[65.96,-6.23],[65.96,-6.26],[65.92,-6.3],[65.78,-6.3],[65.74,-6.25]]]}},{"type":"Feature","properties":{"precip":10},"geometry":{"type":"Polygon","coordinates":[[[23.16,-6.83],[23.16,-6.72],[23.23,-6.7],[23.23,-6.77],[23.27,-6.78],[23.41,-6.8],[23.45,-6.83],[23.45,-6.95],[23.38,-7.0],[23.27,-7.0],[23.23,-7.03],[23.27,-7.05],[23.27,-7.09],[23.34,-7.14],[23.38,-7.15],[23.38,-7.19],[23.41,-7.2],[23.49,-7.2],[23.59,-7.27],[23.59,-7.3],[23.63,-7.35],[23.63,-7.39],[23.67,-7.42],[23.63,-7.47],[23.56,-7.5],[23.45,-7.49],[23.38,-7.45],[23.31,-7.4],[23.23,-7.35],[23.23,-7.32],[23.16,-7.25],[23.05,-7.24],[23.05,-7.2],[22.98,-7.2],[22.95,-7.17],[22.95,-7.14],[23.05,-7.05],[23.09,-6.98],[23.13,-6.95],[23.13,-6.9],[23.16,-6.87],[23.16,-6.83]]]}},{"type":"Feature","properties":{"precip":10},"geometry":{"type":"Polygon","coordinates":[[[21.76,-7.0],[21.76,-6.92],[21.83,-6.92],[21.83,-6.95],[21.87,-6.97],[21.87,-7.03],[21.83,-7.03],[21.83,-7.09],[21.76,-7.09],[21.76,-7.0]]]}},{"type":"Feature","properties":{"precip":10},"geometry":{"type":"Polygon","coordinates":[[[71.47,-7.2],[71.47,-7.12],[71.54,-7.09],[71.61,-7.1],[71.65,-7.14],[71.65,-7.25],[71.61,-7.29],[71.54,-7.3],[71.47,-7.27],[71.47,-7.2]]]}},{"type":"Feature","properties":{"precip":10},"geometry":{"type":"Polygon","coordinates":[[[23.95,-7.54],[23.95,-7.52],[24.03,-7.5],[24.06,-7.54],[24.06,-7.57],[24.03,-7.57],[24.03,-7.6],[23.95,-7.59],[23.95,-7.54]]]}},{"type":"Feature","properties":{"precip":10},"geometry":{"type":"Polygon","coordinates":[[[31.66,-7.54],[31.66,-7.52],[31.73,-7.5],[31.8,-7.5],[31.84,-7.52],[31.84,-7.59],[31.73,-7.6],[31.73,-7.59],[31.66,-7.57],[31.66,-7.54]]]}},{"type":"Feature","properties":{"precip":10},"geometry":{"type":"Polygon","coordinates":[[[22.44,-7.69],[22.44,-7.65],[22.52,-7.6],[22.59,-7.6],[22.66,-7.65],[22.66,-7.74],[22.62,-7.76],[22.62,-7.79],[22.59,-7.81],[22.52,-7.81],[22.48,-7.79],[22.48,-7.76],[22.44,-7.74],[22.44,-7.69]]]}},{"type":"Feature","properties":{"precip":10},"geometry":{"type":"Polygon","coordinates":[[[37.74,-7.84],[37.81,-7.81],[37.88,-7.81],[37.96,-7.82],[37.96,-7.87],[37.92,-7.87],[37.88,-7.91],[37.81,-7.89],[37.74,-7.86],[37.74,-7.84]]]}},{"type":"Feature","properties":{"precip":10},"geometry":{"type":"Polygon","coordinates":[[[92.56,-7.99],[92.56,-7.92],[92.63,-7.91],[92.63,-7.97],[92.67,-7.97],[92.67,-8.02],[92.63,-8.04],[92.63,-8.09],[92.6,-8.11],[92.56,-8.09],[92.56,-7.99]]]}},{"type":"Feature","properties":{"precip":10},"geometry":{"type":"Polygon","coordinates":[[[91.88,-8.63],[91.91,-8.58],[91.95,-8.54],[92.09,-8.51],[92.2,-8.51],[92.24,-8.54],[92.24,-8.66],[92.13,-8.76],[92.02,-8.81],[91.95,-8.83],[91.95,-8.88],[91.91,-8.89],[91.77,-8.89],[91.77,-8.88],[91.77,-8.73],[91.77,-8.69],[91.88,-8.63]]]}},{"type":"Feature","properties":{"precip":10},"geometry":{"type":"Polygon","coordinates":[[[76.4,-9.45],[76.47,-9.41],[76.54,-9.41],[76.54,-9.48],[76.4,-9.56],[76.33,-9.6],[76.29,-9.6],[76.22,-9.63],[76.22,-9.66],[76.18,-9.7],[76.18,-9.6],[76.22,-9.55],[76.33,-9.5],[76.4,-9.5],[76.4,-9.48],[76.4,-9.45]]]}},{"type":"Feature","properties":{"precip":10},"geometry":{"type":"Polygon","coordinates":[[[96.41,-9.63],[96.48,-9.6],[96.59,-9.6],[96.66,-9.65],[96.66,-9.8],[96.74,-9.82],[96.74,-9.88],[96.59,-9.83],[96.59,-9.8],[96.52,-9.73],[96.41,-9.66],[96.41,-9.63]]]}},{"type":"Feature","properties":{"precip":10},"geometry":{"type":"Polygon","coordinates":[[[76.36,-9.95],[76.36,-9.9],[76.4,-9.9],[76.4,-10.0],[76.36,-10.0],[76.36,-9.95]]]}},{"type":"Feature","properties":{"precip":10},"geometry":{"type":"Polygon","coordinates":[[[84.97,-9.95],[84.97,-9.9],[85.07,-9.9],[85.15,-9.97],[85.25,-10.03],[85.22,-10.08],[85.15,-10.1],[84.79,-10.1],[84.79,-10.08],[84.71,-10.08],[84.61,-10.05],[84.61,-10.03],[84.71,-10.02],[84.79,-10.0],[84.89,-10.0],[84.97,-9.95]]]}},{"type":"Feature","properties":{"precip":10},"geometry":{"type":"Polygon","coordinates":[[[78.02,-10.25],[78.02,-10.22],[78.09,-10.2],[78.2,-10.2],[78.2,-10.22],[78.2,-10.28],[78.2,-10.3],[78.09,-10.3],[78.02,-10.28],[78.02,-10.25]]]}},{"type":"Feature","properties":{"precip":10},"geometry":{"type":"Polygon","coordinates":[[[86.77,-10.25],[86.77,-10.22],[86.77,-10.2],[86.91,-10.2],[86.95,-10.22],[86.95,-10.28],[86.91,-10.3],[86.77,-10.3],[86.77,-10.28],[86.77,-10.25]]]}},{"type":"Feature","properties":{"precip":10},"geometry":{"type":"Polygon","coordinates":[[[88.92,-10.35],[88.92,-10.32],[89.07,-10.3],[89.1,-10.3],[89.25,-10.32],[89.25,-10.38],[89.21,-10.38],[89.18,-10.4],[89.03,-10.4],[89.03,-10.38],[88.92,-10.38],[88.92,-10.35]]]}},{"type":"Feature","properties":{"precip":10},"geometry":{"type":"Polygon","coordinates":[[[90.51,-10.45],[90.51,-10.44],[90.62,-10.4],[90.69,-10.4],[90.69,-10.42],[90.69,-10.45],[90.76,-10.47],[90.76,-10.64],[90.69,-10.65],[90.69,-10.69],[90.65,-10.7],[90.44,-10.7],[90.29,-10.74],[90.15,-10.82],[90.15,-10.87],[90.15,-10.97],[90.08,-10.99],[90.08,-11.0],[89.93,-11.0],[89.9,-10.97],[89.86,-10.97],[89.86,-10.87],[89.79,-10.84],[89.79,-10.8],[89.75,-10.79],[89.75,-10.74],[89.86,-10.7],[90.04,-10.7],[90.15,-10.65],[90.15,-10.62],[90.15,-10.6],[90.26,-10.57],[90.26,-10.54],[90.33,-10.5],[90.44,-10.5],[90.51,-10.47],[90.51,-10.45]]]}},{"type":"Feature","properties":{"precip":10},"geometry":{"type":"Polygon","coordinates":[[[90.26,-10.95],[90.26,-10.9],[90.33,-10.9],[90.33,-10.92],[90.33,-10.97],[90.33,-11.0],[90.26,-10.99],[90.26,-10.95]]]}},{"type":"Feature","properties":{"precip":10},"geometry":{"type":"Polygon","coordinates":[[[81.22,-11.06],[81.22,-11.0],[81.33,-11.0],[81.33,-11.04],[81.37,-11.06],[81.33,-11.06],[81.33,-11.09],[81.22,-11.09],[81.22,-11.06]]]}},{"type":"Feature","properties":{"precip":10},"geometry":{"type":"Polygon","coordinates":[[[78.67,-11.16],[78.67,-11.11],[78.74,-11.11],[78.74,-11.19],[78.67,-11.19],[78.67,-11.16]]]}},{"type":"Feature","properties":{"precip":10},"geometry":{"type":"Polygon","coordinates":[[[80.47,-11.16],[80.47,-11.11],[80.5,-11.11],[80.5,-11.19],[80.47,-11.19],[80.47,-11.16]]]}},{"type":"Feature","properties":{"precip":10},"geometry":{"type":"Polygon","coordinates":[[[79.46,-11.26],[79.46,-11.21],[79.53,-11.19],[79.53,-11.22],[79.57,-11.24],[79.53,-11.27],[79.53,-11.31],[79.46,-11.29],[79.46,-11.26]]]}},{"type":"Feature","properties":{"precip":10},"geometry":{"type":"Polygon","coordinates":[[[91.34,-11.54],[91.41,-11.51],[91.52,-11.49],[91.73,-11.49],[91.84,-11.52],[91.84,-11.69],[91.77,-11.69],[91.77,-11.66],[91.73,-11.62],[91.7,-11.61],[91.59,-11.66],[91.59,-11.69],[91.55,-11.66],[91.55,-11.64],[91.48,-11.61],[91.41,-11.61],[91.34,-11.54]]]}},{"type":"Feature","properties":{"precip":10},"geometry":{"type":"Polygon","coordinates":[[[27.45,-11.64],[27.45,-11.62],[27.48,-11.61],[27.55,-11.62],[27.55,-11.67],[27.52,-11.69],[27.45,-11.67],[27.45,-11.64]]]}},{"type":"Feature","properties":{"precip":10},"geometry":{"type":"Polygon","coordinates":[[[49.62,-12.28],[49.65,-12.24],[49.65,-12.23],[49.73,-12.21],[49.73,-12.23],[49.76,-12.26],[49.76,-12.34],[49.73,-12.36],[49.73,-12.38],[49.69,-12.4],[49.58,-12.4],[49.55,-12.36],[49.58,-12.34],[49.58,-12.31],[49.62,-12.28]]]}},{"type":"Feature","properties":{"precip":10},"geometry":{"type":"Polygon","coordinates":[[[49.76,-12.75],[49.76,-12.71],[49.83,-12.7],[49.83,-12.8],[49.8,-12.81],[49.76,-12.8],[49.76,-12.75]]]}},{"type":"Feature","properties":{"precip":10},"geometry":{"type":"Polygon","coordinates":[[[49.55,-13.0],[49.55,-12.93],[49.58,-12.9],[49.65,-12.93],[49.65,-12.95],[49.73,-13.01],[49.73,-13.05],[49.87,-13.1],[49.94,-13.12],[49.94,-13.23],[49.98,-13.25],[49.98,-13.3],[50.01,-13.35],[50.09,-13.37],[50.09,-13.4],[50.12,-13.4],[50.12,-13.45],[50.16,-13.47],[50.16,-13.58],[50.23,-13.6],[50.23,-13.63],[50.27,-13.65],[50.23,-13.67],[50.23,-13.68],[50.16,-13.68],[50.05,-13.72],[50.05,-13.75],[50.01,-13.77],[50.01,-13.8],[49.98,-13.8],[49.98,-13.75],[49.91,-13.7],[49.83,-13.68],[49.76,-13.67],[49.76,-13.53],[49.73,-13.5],[49.73,-13.43],[49.65,-13.35],[49.58,-13.3],[49.58,-13.27],[49.55,-13.25],[49.55,-13.23],[49.62,-13.2],[49.69,-13.2],[49.73,-13.17],[49.76,-13.17],[49.76,-13.15],[49.69,-13.1],[49.58,-13.1],[49.58,-13.07],[49.55,-13.05],[49.55,-13.0]],[[50.05,-13.45],[50.05,-13.42],[50.01,-13.4],[49.94,-13.42],[49.94,-13.48],[49.98,-13.5],[50.05,-13.48],[50.05,-13.45]]]}},{"type":"Feature","properties":{"precip":10},"geometry":{"type":"Polygon","coordinates":[[[51.71,-13.38],[51.78,-13.32],[51.85,-13.3],[51.92,-13.35],[51.96,-13.37],[51.96,-13.48],[52.03,-13.5],[52.03,-13.47],[52.07,-13.47],[52.07,-13.4],[52.14,-13.4],[52.14,-13.55],[52.07,-13.63],[52.07,-13.65],[51.99,-13.67],[51.96,-13.68],[51.71,-13.68],[51.67,-13.68],[51.67,-13.65],[51.63,-13.62],[51.63,-13.53],[51.67,-13.52],[51.67,-13.43],[51.71,-13.4],[51.71,-13.38]]]}},{"type":"Feature","properties":{"precip":10},"geometry":{"type":"Polygon","coordinates":[[[50.34,-13.65],[50.37,-13.6],[50.45,-13.6],[50.45,-13.68],[50.37,-13.68],[50.34,-13.65]]]}},{"type":"Feature","properties":{"precip":10},"geometry":{"type":"Polygon","coordinates":[[[50.34,-13.9],[50.34,-13.87],[50.37,-13.85],[50.37,-13.82],[50.41,-13.8],[50.48,-13.8],[50.55,-13.84],[50.55,-13.87],[50.59,-13.87],[50.66,-13.9],[50.84,-13.9],[50.91,-13.87],[50.95,-13.87],[50.95,-13.84],[51.06,-13.82],[51.13,-13.82],[51.17,-13.8],[51.45,-13.8],[51.67,-13.84],[51.74,-13.84],[51.78,-13.87],[51.85,-13.97],[51.85,-14.09],[51.92,-14.1],[51.92,-14.07],[51.96,-14.05],[51.96,-13.92],[52.03,-13.9],[52.03,-13.97],[52.07,-13.97],[52.07,-14.07],[52.1,-14.1],[52.17,-14.1],[52.25,-14.12],[52.25,-14.17],[52.28,-14.17],[52.32,-14.2],[52.39,-14.2],[52.46,-14.24],[52.46,-14.27],[52.61,-14.3],[52.64,-14.32],[52.64,-14.56],[52.61,-14.57],[52.61,-14.62],[52.57,-14.62],[52.57,-14.69],[52.64,-14.72],[52.64,-14.77],[52.57,-14.82],[52.57,-14.86],[52.53,-14.87],[52.53,-14.97],[52.5,-15.01],[52.39,-15.01],[52.39,-15.02],[52.35,-15.04],[52.35,-15.14],[52.32,-15.16],[52.32,-15.19],[52.28,-15.19],[52.28,-15.24],[52.25,-15.28],[52.25,-15.44],[52.28,-15.44],[52.28,-15.49],[52.32,-15.49],[52.32,-15.53],[52.35,-15.54],[52.35,-15.68],[52.39,-15.68],[52.39,-15.71],[52.43,-15.71],[52.43,-15.8],[52.39,-15.81],[52.35,-15.86],[52.25,-15.88],[52.17,-15.88],[52.14,-15.91],[51.92,-15.91],[51.85,-15.95],[51.85,-16.06],[51.81,-16.06],[51.81,-16.11],[51.71,-16.11],[51.63,-16.15],[51.63,-16.18],[51.6,-16.18],[51.56,-16.18],[51.56,-16.15],[51.49,-16.11],[51.38,-16.11],[51.35,-16.06],[51.35,-16.03],[51.2,-16.01],[50.88,-16.01],[50.73,-16.0],[50.55,-16.0],[50.48,-15.98],[50.41,-15.98],[50.34,-15.95],[50.27,-15.88],[50.27,-15.83],[50.3,-15.81],[50.3,-15.78],[50.37,-15.73],[50.41,-15.68],[50.45,-15.66],[50.45,-15.61],[50.41,-15.59],[50.3,-15.59],[50.27,-15.58],[50.27,-15.43],[50.37,-15.39],[50.45,-15.36],[50.45,-15.23],[50.34,-15.19],[50.19,-15.19],[50.12,-15.18],[50.01,-15.14],[49.98,-15.08],[49.98,-15.01],[49.94,-14.89],[49.94,-14.59],[49.98,-14.52],[50.01,-14.51],[50.01,-14.47],[50.05,-14.46],[50.05,-14.25],[50.01,-14.2],[49.94,-14.14],[49.94,-14.09],[49.98,-14.04],[49.98,-14.0],[50.09,-13.92],[50.12,-13.9],[50.23,-13.9],[50.23,-13.94],[50.27,-13.95],[50.27,-13.99],[50.34,-13.97],[50.34,-13.9]],[[51.17,-14.05],[51.13,-14.04],[51.13,-14.0],[51.06,-14.0],[51.06,-14.1],[51.13,-14.1],[51.13,-14.07],[51.17,-14.05]],[[50.66,-15.14],[50.63,-15.11],[50.55,-15.13],[50.55,-15.18],[50.63,-15.19],[50.66,-15.14]]]}},{"type":"Feature","properties":{"precip":10},"geometry":{"type":"Polygon","coordinates":[[[50.55,-16.15],[50.63,-16.11],[50.77,-16.11],[50.84,-16.13],[50.84,-16.18],[50.77,-16.18],[50.77,-16.2],[50.63,-16.2],[50.59,-16.18],[50.55,-16.18],[50.55,-16.15]]]}},{"type":"Feature","properties":{"precip":10},"geometry":{"type":"Polygon","coordinates":[[[51.17,-16.93],[51.17,-16.9],[51.2,-16.9],[51.27,-16.97],[51.35,-17.05],[51.42,-17.09],[51.42,-17.07],[51.49,-17.02],[51.56,-17.0],[51.63,-17.02],[51.63,-17.05],[51.67,-17.05],[51.67,-17.09],[51.78,-17.1],[51.85,-17.14],[51.85,-17.27],[51.92,-17.3],[52.03,-17.3],[52.14,-17.35],[52.25,-17.45],[52.21,-17.49],[52.17,-17.49],[52.17,-17.54],[52.14,-17.57],[52.14,-17.65],[52.07,-17.69],[51.96,-17.69],[51.85,-17.7],[51.45,-17.7],[51.38,-17.72],[51.31,-17.72],[51.24,-17.76],[51.24,-17.79],[51.2,-17.79],[51.09,-17.79],[51.06,-17.79],[51.06,-17.64],[51.02,-17.64],[51.02,-17.6],[50.95,-17.62],[50.95,-17.74],[50.91,-17.76],[50.91,-17.79],[50.88,-17.81],[50.84,-17.87],[50.77,-17.89],[50.73,-17.86],[50.73,-17.82],[50.66,-17.77],[50.66,-17.7],[50.73,-17.7],[50.81,-17.67],[50.88,-17.62],[50.95,-17.52],[50.95,-17.35],[50.99,-17.34],[50.99,-17.3],[51.09,-17.3],[51.13,-17.27],[51.13,-17.24],[51.17,-17.22],[51.17,-17.1],[51.2,-17.1],[51.2,-17.07],[51.24,-17.07],[51.24,-17.03],[51.2,-17.0],[51.17,-17.0],[51.17,-16.93]],[[51.56,-17.15],[51.53,-17.1],[51.45,-17.12],[51.45,-17.19],[51.53,-17.2],[51.56,-17.15]]]}},{"type":"Feature","properties":{"precip":10},"geometry":{"type":"Polygon","coordinates":[[[50.73,-17.45],[50.77,-17.44],[50.77,-17.4],[50.84,-17.4],[50.84,-17.49],[50.77,-17.49],[50.77,-17.47],[50.73,-17.45]]]}},{"type":"Feature","properties":{"precip":10},"geometry":{"type":"Polygon","coordinates":[[[29.64,-22.46],[29.64,-22.43],[29.68,-22.4],[29.75,-22.43],[29.75,-22.48],[29.71,-22.5],[29.64,-22.48],[29.64,-22.46]]]}},{"type":"Feature","properties":{"precip":10},"geometry":{"type":"Polygon","coordinates":[[[30.33,-22.88],[30.33,-22.85],[30.4,-22.83],[30.47,-22.8],[30.51,-22.8],[30.54,-22.83],[30.54,-22.86],[30.58,-22.86],[30.58,-22.9],[30.69,-22.9],[30.69,-22.91],[30.79,-22.91],[30.83,-22.91],[30.83,-22.95],[30.87,-22.96],[30.87,-23.08],[30.94,-23.12],[30.94,-23.2],[30.97,-23.22],[30.97,-23.25],[31.01,-23.28],[31.01,-23.32],[31.12,-23.4],[31.12,-23.43],[31.23,-23.53],[31.23,-23.62],[31.26,-23.65],[31.26,-23.79],[31.33,-23.8],[31.33,-23.89],[31.3,-23.9],[31.23,-23.9],[31.15,-23.89],[31.15,-23.82],[31.08,-23.79],[30.97,-23.79],[30.9,-23.72],[30.9,-23.67],[30.87,-23.63],[30.87,-23.52],[30.83,-23.48],[30.83,-23.42],[30.76,-23.4],[30.76,-23.43],[30.72,-23.47],[30.72,-23.5],[30.65,-23.48],[30.65,-23.43],[30.72,-23.38],[30.72,-23.32],[30.69,-23.3],[30.69,-23.27],[30.65,-23.25],[30.65,-23.22],[30.58,-23.2],[30.58,-23.23],[30.54,-23.25],[30.54,-23.28],[30.51,-23.3],[30.43,-23.3],[30.36,-23.33],[30.33,-23.37],[30.25,-23.43],[30.25,-23.48],[30.29,-23.5],[30.36,-23.55],[30.29,-23.58],[30.29,-23.62],[30.25,-23.63],[30.25,-23.75],[30.33,-23.79],[30.54,-23.79],[30.61,-23.8],[30.69,-23.8],[30.76,-23.84],[30.76,-23.89],[30.72,-23.89],[30.65,-23.92],[30.65,-23.97],[30.69,-23.99],[30.76,-23.99],[30.76,-24.0],[30.9,-24.0],[30.94,-24.02],[30.94,-24.09],[30.9,-24.09],[30.83,-24.09],[30.76,-24.12],[30.76,-24.19],[30.72,-24.2],[30.65,-24.2],[30.58,-24.17],[30.51,-24.09],[30.43,-24.04],[30.36,-24.0],[30.29,-23.99],[30.25,-23.95],[30.25,-23.89],[30.22,-23.85],[30.22,-23.82],[30.15,-23.77],[30.15,-23.74],[30.04,-23.65],[29.97,-23.57],[29.97,-23.5],[30.04,-23.5],[30.11,-23.5],[30.15,-23.47],[30.15,-23.27],[30.18,-23.23],[30.18,-23.2],[30.22,-23.2],[30.22,-23.17],[30.25,-23.15],[30.25,-22.96],[30.29,-22.93],[30.29,-22.9],[30.33,-22.88]],[[30.94,-23.35],[30.94,-23.32],[30.87,-23.3],[30.87,-23.4],[30.94,-23.38],[30.94,-23.35]]]}},{"type":"Feature","properties":{"precip":10},"geometry":{"type":"Polygon","coordinates":[[[29.97,-22.95],[29.97,-22.91],[30.0,-22.91],[30.11,-22.91],[30.15,-22.91],[30.15,-22.98],[30.11,-23.0],[30.0,-23.0],[29.97,-22.98],[29.97,-22.95]]]}},{"type":"Feature","properties":{"precip":10},"geometry":{"type":"Polygon","coordinates":[[[29.97,-23.15],[29.97,-23.1],[30.04,-23.1],[30.04,-23.2],[29.97,-23.2],[29.97,-23.15]]]}},{"type":"Feature","properties":{"precip":10},"geometry":{"type":"Polygon","coordinates":[[[31.15,-24.2],[31.15,-24.14],[31.19,-24.1],[31.26,-24.09],[31.37,-24.1],[31.48,-24.15],[31.48,-24.19],[31.51,-24.2],[31.55,-24.25],[31.66,-24.3],[31.73,-24.3],[31.77,-24.32],[31.73,-24.35],[31.73,-24.37],[31.66,-24.44],[31.55,-24.51],[31.48,-24.51],[31.44,-24.52],[31.48,-24.56],[31.48,-24.59],[31.55,-24.66],[31.59,-24.67],[31.62,-24.71],[31.62,-24.76],[31.66,-24.77],[31.66,-24.86],[31.73,-24.89],[31.84,-24.92],[31.84,-24.97],[31.8,-24.99],[31.69,-24.99],[31.66,-24.97],[31.66,-24.94],[31.62,-24.91],[31.51,-24.91],[31.48,-24.87],[31.44,-24.87],[31.44,-24.82],[31.41,-24.81],[31.3,-24.81],[31.26,-24.82],[31.26,-24.84],[31.23,-24.89],[31.05,-24.89],[30.97,-24.86],[30.87,-24.77],[30.87,-24.67],[30.83,-24.66],[30.83,-24.62],[30.79,-24.61],[30.72,-24.61],[30.72,-24.59],[30.65,-24.57],[30.65,-24.52],[30.72,-24.51],[30.79,-24.51],[30.87,-24.44],[30.83,-24.41],[30.76,-24.39],[30.76,-24.32],[30.79,-24.3],[30.9,-24.3],[30.94,-24.32],[30.94,-24.44],[30.97,-24.46],[30.97,-24.51],[31.05,-24.49],[31.05,-24.35],[31.08,-24.34],[31.08,-24.3],[31.12,-24.3],[31.12,-24.27],[31.15,-24.25],[31.15,-24.2]],[[31.15,-24.76],[31.15,-24.72],[31.12,-24.69],[31.08,-24.69],[31.05,-24.72],[31.05,-24.77],[31.12,-24.81],[31.15,-24.76]]]}},{"type":"Feature","properties":{"precip":10},"geometry":{"type":"Polygon","coordinates":[[[71.54,-24.46],[71.54,-24.42],[71.58,-24.42],[71.58,-24.39],[71.65,-24.41],[71.65,-24.49],[71.61,-24.51],[71.54,-24.47],[71.54,-24.46]]]}},{"type":"Feature","properties":{"precip":10},"geometry":{"type":"Polygon","coordinates":[[[31.77,-24.76],[31.77,-24.71],[31.8,-24.69],[31.84,-24.71],[31.84,-24.81],[31.77,-24.81],[31.77,-24.76]]]}},{"type":"Feature","properties":{"precip":10},"geometry":{"type":"Polygon","coordinates":[[[71.14,-25.11],[71.14,-25.04],[71.18,-25.02],[71.18,-24.99],[71.22,-24.99],[71.25,-25.02],[71.25,-25.19],[71.22,-25.19],[71.22,-25.21],[71.14,-25.16],[71.14,-25.11]]]}},{"type":"Feature","properties":{"precip":10},"geometry":{"type":"Polygon","coordinates":[[[32.45,-25.64],[32.45,-25.61],[32.52,-25.59],[32.56,-25.63],[32.56,-25.68],[32.49,-25.69],[32.45,-25.69],[32.45,-25.64]]]}},{"type":"Feature","properties":{"precip":10},"geometry":{"type":"Polygon","coordinates":[[[29.32,-25.78],[29.39,-25.69],[29.43,-25.71],[29.43,-25.78],[29.46,-25.83],[29.46,-26.15],[29.43,-26.21],[29.43,-26.28],[29.39,-26.3],[29.32,-26.3],[29.28,-26.28],[29.28,-26.26],[29.25,-26.23],[29.25,-25.93],[29.28,-25.9],[29.28,-25.83],[29.32,-25.78]]]}},{"type":"Feature","properties":{"precip":10},"geometry":{"type":"Polygon","coordinates":[[[32.63,-25.78],[32.63,-25.75],[32.67,-25.71],[32.74,-25.69],[32.74,-25.85],[32.7,-25.88],[32.7,-25.91],[32.63,-25.98],[32.56,-26.0],[32.56,-25.85],[32.63,-25.78]]]}},{"type":"Feature","properties":{"precip":10},"geometry":{"type":"Polygon","coordinates":[[[29.97,-26.35],[29.97,-26.31],[30.0,-26.3],[30.11,-26.3],[30.15,-26.33],[30.15,-26.53],[30.18,-26.57],[30.18,-26.58],[30.22,-26.6],[30.22,-26.63],[30.25,-26.65],[30.25,-26.75],[30.22,-26.77],[30.22,-26.8],[30.15,-26.78],[30.15,-26.72],[30.07,-26.7],[30.04,-26.7],[29.97,-26.67],[29.93,-26.62],[29.89,-26.6],[29.89,-26.58],[29.86,-26.55],[29.75,-26.5],[29.71,-26.5],[29.64,-26.47],[29.64,-26.43],[29.68,-26.42],[29.75,-26.42],[29.79,-26.4],[29.89,-26.4],[29.97,-26.35]]]}},{"type":"Feature","properties":{"precip":10},"geometry":{"type":"Polygon","coordinates":[[[32.81,-26.47],[32.88,-26.42],[32.92,-26.42],[32.95,-26.45],[32.95,-26.83],[32.92,-26.87],[32.92,-26.9],[32.88,-26.9],[32.88,-26.87],[32.85,-26.87],[32.85,-26.72],[32.77,-26.68],[32.74,-26.65],[32.74,-26.62],[32.77,-26.58],[32.77,-26.52],[32.81,-26.47]]]}},{"type":"Feature","properties":{"precip":10},"geometry":{"type":"Polygon","coordinates":[[[28.31,-26.58],[28.35,-26.53],[28.42,-26.52],[28.49,-26.58],[28.6,-26.7],[28.6,-26.72],[28.63,-26.75],[28.63,-26.97],[28.67,-27.0],[28.67,-27.09],[28.74,-27.12],[28.74,-27.25],[28.81,-27.3],[28.92,-27.3],[28.99,-27.3],[29.07,-27.35],[29.07,-27.45],[29.14,-27.52],[29.14,-27.55],[29.32,-27.7],[29.32,-27.79],[29.28,-27.81],[29.28,-27.84],[29.25,-27.86],[29.25,-27.99],[29.17,-28.01],[29.17,-28.04],[29.14,-28.06],[29.14,-28.19],[29.1,-28.19],[29.07,-28.19],[29.07,-27.92],[29.03,-27.89],[29.03,-27.82],[28.99,-27.81],[28.85,-27.81],[28.81,-27.79],[28.71,-27.79],[28.63,-27.76],[28.63,-27.72],[28.6,-27.7],[28.53,-27.7],[28.45,-27.65],[28.45,-27.39],[28.42,-27.35],[28.42,-27.3],[28.38,-27.3],[28.38,-27.32],[28.35,-27.34],[28.35,-27.47],[28.27,-27.49],[28.27,-27.45],[28.24,-27.45],[28.24,-27.3],[28.17,-27.29],[28.17,-26.82],[28.24,-26.78],[28.24,-26.68],[28.27,-26.67],[28.27,-26.6],[28.31,-26.58]]]}},{"type":"Feature","properties":{"precip":10},"geometry":{"type":"Polygon","coordinates":[[[29.53,-26.75],[29.53,-26.7],[29.57,-26.65],[29.57,-26.6],[29.61,-26.6],[29.68,-26.67],[29.75,-26.75],[29.75,-26.87],[29.64,-26.9],[29.57,-26.88],[29.57,-26.83],[29.53,-26.78],[29.53,-26.75]]]}},{"type":"Feature","properties":{"precip":10},"geometry":{"type":"Polygon","coordinates":[[[32.74,-27.24],[32.77,-27.2],[32.85,-27.24],[32.92,-27.3],[32.99,-27.37],[33.03,-27.45],[33.1,-27.5],[33.13,-27.57],[33.13,-27.67],[33.06,-27.7],[32.99,-27.69],[32.95,-27.65],[32.95,-27.5],[32.92,-27.47],[32.92,-27.42],[32.88,-27.37],[32.81,-27.32],[32.81,-27.3],[32.74,-27.24]]]}},{"type":"Feature","properties":{"precip":10},"geometry":{"type":"Polygon","coordinates":[[[37.67,-27.3],[37.67,-27.22],[37.7,-27.2],[37.85,-27.2],[37.92,-27.22],[37.92,-27.24],[37.99,-27.29],[37.99,-27.3],[38.06,-27.35],[38.06,-27.37],[38.14,-27.4],[38.21,-27.42],[38.32,-27.49],[38.32,-27.52],[38.35,-27.55],[38.35,-27.59],[38.32,-27.6],[38.21,-27.6],[38.14,-27.55],[38.14,-27.52],[38.1,-27.52],[38.03,-27.55],[37.99,-27.59],[37.99,-27.62],[37.96,-27.65],[37.96,-27.76],[38.03,-27.84],[38.14,-27.89],[38.21,-27.89],[38.24,-27.91],[38.24,-27.96],[38.32,-27.97],[38.53,-28.01],[39.04,-28.01],[39.14,-28.04],[39.14,-28.14],[39.18,-28.16],[39.18,-28.19],[39.22,-28.19],[39.29,-28.19],[39.36,-28.24],[39.36,-28.27],[39.43,-28.29],[39.43,-28.26],[39.47,-28.21],[39.54,-28.22],[39.58,-28.26],[39.58,-28.29],[39.61,-28.31],[39.61,-28.36],[39.65,-28.39],[39.65,-28.56],[39.68,-28.58],[39.68,-28.61],[39.72,-28.61],[39.72,-28.64],[39.76,-28.66],[39.76,-28.86],[39.79,-28.88],[39.79,-28.91],[39.83,-28.93],[39.83,-28.98],[39.76,-29.03],[39.76,-29.06],[39.83,-29.11],[39.83,-29.21],[39.86,-29.26],[39.86,-29.4],[39.83,-29.43],[39.83,-29.48],[39.76,-29.5],[39.68,-29.48],[39.65,-29.48],[39.65,-29.43],[39.58,-29.4],[39.43,-29.4],[39.36,-29.36],[39.36,-29.31],[39.43,-29.28],[39.43,-29.23],[39.4,-29.21],[39.4,-29.2],[39.32,-29.13],[39.29,-29.08],[39.22,-29.03],[39.14,-29.04],[39.14,-29.06],[39.07,-29.1],[39.07,-29.06],[39.04,-29.06],[39.04,-29.03],[39.0,-29.01],[38.96,-29.03],[38.96,-29.06],[38.89,-29.1],[38.86,-29.06],[38.86,-28.94],[38.78,-28.91],[38.71,-28.89],[38.64,-28.86],[38.64,-28.83],[38.5,-28.79],[38.28,-28.79],[38.17,-28.78],[38.14,-28.74],[38.14,-28.63],[38.1,-28.61],[37.99,-28.61],[37.96,-28.63],[37.96,-28.66],[37.92,-28.69],[37.81,-28.69],[37.74,-28.64],[37.74,-28.54],[37.7,-28.49],[37.6,-28.49],[37.56,-28.48],[37.56,-28.34],[37.49,-28.31],[37.34,-28.31],[37.34,-28.29],[37.27,-28.27],[37.27,-28.24],[37.24,-28.22],[37.24,-28.19],[37.27,-28.16],[37.27,-28.11],[37.34,-28.11],[37.34,-28.09],[37.42,-28.09],[37.45,-28.06],[37.45,-28.04],[37.52,-28.01],[37.74,-28.01],[37.85,-27.97],[37.85,-27.94],[37.81,-27.91],[37.81,-27.89],[37.74,-27.86],[37.7,-27.79],[37.67,-27.76],[37.67,-27.64],[37.63,-27.6],[37.63,-27.52],[37.6,-27.5],[37.52,-27.5],[37.52,-27.49],[37.45,-27.47],[37.45,-27.42],[37.52,-27.4],[37.6,-27.4],[37.63,-27.37],[37.63,-27.32],[37.67,-27.3]],[[37.96,-27.86],[37.96,-27.82],[37.92,-27.81],[37.85,-27.82],[37.85,-27.89],[37.92,-27.89],[37.96,-27.89],[37.96,-27.86]],[[39.68,-28.89],[39.65,-28.83],[39.58,-28.81],[39.54,-28.83],[39.54,-28.86],[39.47,-28.91],[39.47,-28.98],[39.54,-29.03],[39.54,-29.21],[39.58,-29.23],[39.58,-29.3],[39.65,-29.25],[39.65,-29.06],[39.68,-29.04],[39.68,-28.99],[39.76,-28.96],[39.72,-28.93],[39.72,-28.91],[39.68,-28.89]]]}},{"type":"Feature","properties":{"precip":10},"geometry":{"type":"Polygon","coordinates":[[[38.75,-27.32],[38.78,-27.3],[38.86,-27.3],[38.96,-27.34],[38.96,-27.37],[39.04,-27.44],[39.04,-27.49],[38.96,-27.5],[38.86,-27.45],[38.78,-27.42],[38.78,-27.39],[38.75,-27.35],[38.75,-27.32]]]}},{"type":"Feature","properties":{"precip":10},"geometry":{"type":"Polygon","coordinates":[[[32.56,-27.47],[32.56,-27.44],[32.59,-27.4],[32.7,-27.4],[32.74,-27.44],[32.74,-27.7],[32.63,-27.65],[32.63,-27.6],[32.56,-27.55],[32.56,-27.47]]]}},{"type":"Feature","properties":{"precip":10},"geometry":{"type":"Polygon","coordinates":[[[30.15,-27.76],[30.15,-27.72],[30.22,-27.7],[30.25,-27.72],[30.25,-27.77],[30.22,-27.81],[30.15,-27.77],[30.15,-27.76]]]}},{"type":"Feature","properties":{"precip":10},"geometry":{"type":"Polygon","coordinates":[[[30.36,-27.96],[30.36,-27.82],[30.43,-27.81],[30.43,-27.86],[30.54,-27.89],[30.72,-27.89],[30.79,-27.91],[30.83,-27.94],[30.97,-28.01],[31.19,-28.01],[31.23,-28.02],[31.23,-28.04],[31.26,-28.07],[31.26,-28.17],[31.3,-28.19],[31.41,-28.19],[31.44,-28.17],[31.44,-28.04],[31.51,-28.01],[31.8,-28.01],[31.84,-28.04],[31.84,-28.12],[31.87,-28.14],[31.87,-28.19],[31.98,-28.21],[32.05,-28.26],[32.16,-28.34],[32.16,-28.37],[32.13,-28.39],[32.05,-28.39],[31.98,-28.41],[31.98,-28.44],[31.95,-28.46],[31.95,-28.51],[31.84,-28.68],[31.77,-28.74],[31.73,-28.78],[31.66,-28.78],[31.59,-28.81],[31.55,-28.84],[31.55,-28.94],[31.51,-28.99],[31.44,-28.99],[31.37,-28.96],[31.3,-28.89],[31.23,-28.83],[31.19,-28.81],[31.15,-28.83],[31.15,-28.86],[31.08,-28.89],[31.08,-28.86],[31.01,-28.79],[30.94,-28.79],[30.79,-28.68],[30.76,-28.63],[30.69,-28.61],[30.65,-28.56],[30.54,-28.46],[30.4,-28.39],[30.36,-28.39],[30.29,-28.36],[30.22,-28.32],[30.15,-28.26],[30.15,-28.21],[30.22,-28.19],[30.4,-28.19],[30.43,-28.19],[30.43,-28.11],[30.36,-28.07],[30.36,-27.96]]]}},{"type":"Feature","properties":{"precip":10},"geometry":{"type":"Polygon","coordinates":[[[32.74,-28.16],[32.74,-28.04],[32.77,-28.01],[32.77,-27.91],[32.81,-27.89],[32.85,-27.91],[32.85,-27.97],[32.88,-27.97],[32.95,-28.01],[33.06,-28.01],[33.13,-28.02],[33.13,-28.09],[33.17,-28.12],[33.17,-28.17],[33.21,-28.19],[33.28,-28.19],[33.35,-28.21],[33.35,-28.27],[33.31,-28.29],[33.21,-28.37],[33.21,-28.41],[33.17,-28.43],[33.17,-28.48],[33.13,-28.48],[33.13,-28.54],[33.06,-28.63],[32.99,-28.74],[32.92,-28.78],[32.85,-28.79],[32.81,-28.79],[32.74,-28.76],[32.7,-28.71],[32.7,-28.68],[32.67,-28.63],[32.67,-28.41],[32.74,-28.37],[32.74,-28.16]]]}},{"type":"Feature","properties":{"precip":10},"geometry":{"type":"Polygon","coordinates":[[[29.64,-28.24],[29.64,-28.19],[29.68,-28.16],[29.68,-28.12],[29.75,-28.09],[29.82,-28.11],[29.86,-28.14],[29.86,-28.19],[29.79,-28.19],[29.75,-28.22],[29.75,-28.37],[29.68,-28.39],[29.68,-28.36],[29.64,-28.34],[29.64,-28.24]]]}},{"type":"Feature","properties":{"precip":10},"geometry":{"type":"Polygon","coordinates":[[[32.34,-28.24],[32.38,-28.22],[32.38,-28.19],[32.45,-28.21],[32.45,-28.29],[32.38,-28.31],[32.38,-28.27],[32.34,-28.27],[32.34,-28.24]]]}},{"type":"Feature","properties":{"precip":10},"geometry":{"type":"Polygon","coordinates":[[[37.16,-28.46],[37.16,-28.41],[37.24,-28.41],[37.24,-28.49],[37.16,-28.49],[37.16,-28.46]]]}},{"type":"Feature","properties":{"precip":10},"geometry":{"type":"Polygon","coordinates":[[[41.66,-28.46],[41.66,-28.41],[41.74,-28.41],[41.74,-28.39],[41.84,-28.43],[41.84,-28.48],[41.77,-28.49],[41.7,-28.49],[41.66,-28.48],[41.66,-28.46]]]}},{"type":"Feature","properties":{"precip":10},"geometry":{"type":"Polygon","coordinates":[[[27.16,-28.64],[27.16,-28.63],[27.19,-28.61],[27.3,-28.61],[27.34,-28.63],[27.34,-28.68],[27.3,-28.69],[27.19,-28.69],[27.16,-28.68],[27.16,-28.64]]]}},{"type":"Feature","properties":{"precip":10},"geometry":{"type":"Polygon","coordinates":[[[30.76,-28.94],[30.76,-28.91],[30.83,-28.91],[30.83,-28.93],[30.87,-28.93],[30.87,-28.96],[30.83,-28.96],[30.83,-28.99],[30.76,-28.99],[30.76,-28.94]]]}},{"type":"Feature","properties":{"precip":10},"geometry":{"type":"Polygon","coordinates":[[[40.12,-29.06],[40.15,-29.03],[40.22,-28.99],[40.26,-29.01],[40.26,-29.06],[40.22,-29.06],[40.22,-29.1],[40.15,-29.13],[40.15,-29.16],[40.3,-29.28],[40.37,-29.3],[40.44,-29.33],[40.44,-29.46],[40.4,-29.5],[40.3,-29.6],[40.26,-29.58],[40.26,-29.53],[40.19,-29.5],[40.08,-29.5],[40.01,-29.5],[39.94,-29.46],[39.97,-29.43],[39.97,-29.4],[40.04,-29.38],[40.04,-29.2],[40.08,-29.16],[40.08,-29.11],[40.12,-29.06]]]}},{"type":"Feature","properties":{"precip":10},"geometry":{"type":"Polygon","coordinates":[[[39.04,-29.25],[39.07,-29.23],[39.07,-29.21],[39.14,-29.21],[39.14,-29.36],[39.11,-29.4],[39.04,-29.46],[38.93,-29.5],[38.86,-29.5],[38.78,-29.48],[38.75,-29.45],[38.75,-29.36],[38.78,-29.35],[38.78,-29.31],[38.86,-29.3],[39.0,-29.3],[39.04,-29.28],[39.04,-29.25]]]}},{"type":"Feature","properties":{"precip":10},"geometry":{"type":"Polygon","coordinates":[[[40.55,-29.36],[40.55,-29.31],[40.62,-29.3],[40.66,-29.33],[40.66,-29.38],[40.62,-29.4],[40.55,-29.38],[40.55,-29.36]]]}},{"type":"Feature","properties":{"precip":10},"geometry":{"type":"Polygon","coordinates":[[[43.46,-29.55],[43.46,-29.5],[43.54,-29.5],[43.54,-29.6],[43.46,-29.6],[43.46,-29.55]]]}},{"type":"Feature","properties":{"precip":10},"geometry":{"type":"Polygon","coordinates":[[[31.33,-29.85],[31.41,-29.8],[31.51,-29.8],[31.55,-29.82],[31.55,-29.88],[31.51,-29.9],[31.41,-29.9],[31.33,-29.85]]]}},{"type":"Feature","properties":{"precip":10},"geometry":{"type":"Polygon","coordinates":[[[1.06,-30.65],[1.06,-30.62],[1.1,-30.6],[1.21,-30.6],[1.24,-30.62],[1.24,-30.67],[1.21,-30.69],[1.1,-30.69],[1.06,-30.67],[1.06,-30.65]]]}},{"type":"Feature","properties":{"precip":10},"geometry":{"type":"Polygon","coordinates":[[[3.83,-30.99],[3.87,-30.97],[3.87,-30.9],[3.94,-30.9],[3.94,-30.97],[3.98,-30.97],[4.01,-30.99],[4.09,-30.99],[4.19,-31.0],[4.23,-31.02],[4.23,-31.09],[4.16,-31.14],[4.12,-31.16],[4.12,-31.19],[4.09,-31.21],[4.09,-31.24],[4.05,-31.26],[4.05,-31.36],[3.98,-31.41],[3.87,-31.41],[3.76,-31.37],[3.65,-31.26],[3.65,-31.14],[3.73,-31.11],[3.8,-31.11],[3.83,-31.07],[3.83,-30.99]]]}},{"type":"Feature","properties":{"precip":10},"geometry":{"type":"Polygon","coordinates":[[[2.93,-31.14],[2.93,-31.12],[2.97,-31.11],[2.97,-31.0],[3.04,-31.02],[3.04,-31.14],[3.08,-31.16],[3.08,-31.19],[3.11,-31.21],[3.22,-31.21],[3.26,-31.24],[3.26,-31.26],[3.22,-31.26],[3.19,-31.31],[3.01,-31.31],[2.97,-31.27],[2.97,-31.24],[2.93,-31.19],[2.93,-31.14]]]}},{"type":"Feature","properties":{"precip":10},"geometry":{"type":"Polygon","coordinates":[[[2.65,-31.14],[2.72,-31.11],[2.79,-31.11],[2.83,-31.12],[2.86,-31.16],[2.79,-31.19],[2.72,-31.21],[2.68,-31.17],[2.65,-31.17],[2.65,-31.14]]]}},{"type":"Feature","properties":{"precip":10},"geometry":{"type":"Polygon","coordinates":[[[1.96,-31.31],[1.96,-31.22],[2.03,-31.21],[2.03,-31.26],[2.11,-31.31],[2.25,-31.31],[2.36,-31.26],[2.36,-31.24],[2.39,-31.24],[2.47,-31.26],[2.54,-31.32],[2.57,-31.37],[2.65,-31.42],[2.72,-31.54],[2.75,-31.56],[2.72,-31.59],[2.65,-31.59],[2.54,-31.64],[2.54,-31.71],[2.47,-31.71],[2.47,-31.66],[2.43,-31.62],[2.29,-31.59],[2.11,-31.59],[2.07,-31.57],[2.07,-31.54],[2.03,-31.51],[2.03,-31.41],[2.0,-31.39],[1.96,-31.39],[1.96,-31.31]]]}},{"type":"Feature","properties":{"precip":10},"geometry":{"type":"Polygon","coordinates":[[[7.04,-31.41],[7.04,-31.36],[7.07,-31.34],[7.07,-31.31],[7.11,-31.31],[7.15,-31.32],[7.15,-31.51],[7.07,-31.51],[7.07,-31.46],[7.04,-31.44],[7.04,-31.41]]]}},{"type":"Feature","properties":{"precip":10},"geometry":{"type":"Polygon","coordinates":[[[6.86,-31.44],[6.86,-31.41],[6.93,-31.41],[6.93,-31.42],[6.97,-31.44],[6.89,-31.51],[6.86,-31.51],[6.86,-31.44]]]}},{"type":"Feature","properties":{"precip":10},"geometry":{"type":"Polygon","coordinates":[[[66.32,-33.28],[66.32,-33.25],[66.43,-33.2],[66.46,-33.22],[66.43,-33.25],[66.43,-33.28],[66.36,-33.33],[66.36,-33.37],[66.28,-33.38],[66.25,-33.37],[66.25,-33.33],[66.32,-33.28]]]}},{"type":"Feature","properties":{"precip":10},"geometry":{"type":"Polygon","coordinates":[[[66.68,-33.42],[66.75,-33.32],[66.82,-33.32],[66.86,-33.35],[66.86,-33.58],[66.93,-33.6],[66.93,-33.53],[66.97,-33.52],[66.97,-33.43],[67.0,-33.4],[67.08,-33.4],[67.15,-33.43],[67.15,-33.48],[67.08,-33.5],[67.08,-33.55],[67.04,-33.57],[67.04,-33.63],[67.08,-33.65],[67.08,-33.7],[67.15,-33.72],[67.15,-33.77],[67.08,-33.8],[67.0,-33.79],[66.9,-33.7],[66.9,-33.68],[66.82,-33.62],[66.79,-33.62],[66.72,-33.6],[66.61,-33.58],[66.54,-33.53],[66.46,-33.47],[66.46,-33.4],[66.54,-33.42],[66.54,-33.45],[66.57,-33.48],[66.64,-33.47],[66.64,-33.45],[66.68,-33.42]]]}},{"type":"Feature","properties":{"precip":10},"geometry":{"type":"Polygon","coordinates":[[[62.65,-33.47],[62.65,-33.42],[62.68,-33.4],[62.76,-33.43],[62.76,-33.47],[62.79,-33.5],[62.83,-33.52],[62.86,-33.57],[62.94,-33.6],[62.97,-33.6],[63.04,-33.62],[63.04,-33.65],[63.08,-33.67],[63.08,-33.7],[63.12,-33.7],[63.12,-33.67],[63.19,-33.6],[63.22,-33.6],[63.26,-33.63],[63.26,-33.67],[63.33,-33.72],[63.33,-33.79],[63.37,-33.8],[63.37,-33.89],[63.44,-33.94],[63.51,-33.97],[63.66,-34.0],[63.8,-34.0],[63.84,-34.02],[63.91,-34.02],[63.94,-34.04],[63.94,-34.07],[63.98,-34.07],[64.02,-34.1],[64.12,-34.1],[64.16,-34.14],[64.16,-34.19],[64.2,-34.19],[64.27,-34.19],[64.34,-34.22],[64.38,-34.25],[64.38,-34.29],[64.41,-34.3],[64.45,-34.35],[64.66,-34.47],[64.7,-34.49],[64.74,-34.54],[64.88,-34.61],[64.99,-34.61],[65.06,-34.66],[65.06,-34.77],[65.13,-34.79],[65.2,-34.79],[65.35,-34.86],[65.53,-35.01],[65.53,-35.06],[65.74,-35.13],[65.78,-35.18],[65.85,-35.23],[65.85,-35.26],[65.92,-35.29],[66.03,-35.31],[66.03,-35.34],[66.07,-35.36],[66.07,-35.39],[66.14,-35.39],[66.21,-35.44],[66.28,-35.49],[66.43,-35.61],[66.43,-35.64],[66.54,-35.68],[66.54,-35.69],[66.61,-35.69],[66.64,-35.71],[66.64,-35.78],[66.68,-35.78],[66.79,-35.83],[66.86,-35.86],[66.97,-35.95],[66.97,-36.0],[67.11,-36.08],[67.15,-36.1],[67.22,-36.1],[67.22,-36.13],[67.26,-36.16],[67.26,-36.26],[67.33,-36.3],[67.47,-36.3],[67.54,-36.33],[67.54,-36.48],[67.51,-36.5],[67.4,-36.5],[67.36,-36.48],[67.36,-36.43],[67.29,-36.4],[67.22,-36.4],[67.18,-36.38],[67.15,-36.38],[67.15,-36.31],[67.08,-36.3],[67.0,-36.3],[66.97,-36.26],[66.97,-36.2],[66.93,-36.18],[66.93,-36.11],[66.9,-36.1],[66.79,-36.1],[66.68,-36.08],[66.68,-36.06],[66.57,-36.0],[66.57,-35.95],[66.54,-35.93],[66.46,-35.9],[66.39,-35.88],[66.39,-35.86],[66.32,-35.83],[66.28,-35.81],[66.28,-35.78],[66.21,-35.71],[66.18,-35.69],[66.1,-35.69],[66.07,-35.68],[66.07,-35.66],[66.03,-35.64],[66.03,-35.61],[65.92,-35.61],[65.85,-35.56],[65.85,-35.54],[65.78,-35.48],[65.78,-35.46],[65.67,-35.41],[65.67,-35.39],[65.6,-35.39],[65.56,-35.38],[65.56,-35.34],[65.53,-35.34],[65.53,-35.31],[65.42,-35.29],[65.35,-35.26],[65.35,-35.23],[65.28,-35.18],[65.24,-35.13],[65.17,-35.09],[65.1,-35.09],[65.06,-35.08],[65.06,-35.06],[65.02,-35.01],[64.95,-35.01],[64.84,-34.96],[64.84,-34.92],[64.81,-34.91],[64.74,-34.91],[64.74,-34.89],[64.66,-34.87],[64.66,-34.86],[64.56,-34.77],[64.56,-34.74],[64.52,-34.72],[64.38,-34.69],[64.2,-34.62],[64.2,-34.59],[64.12,-34.52],[64.09,-34.51],[64.05,-34.52],[64.05,-34.57],[63.98,-34.57],[63.84,-34.42],[63.69,-34.32],[63.58,-34.27],[63.4,-34.12],[63.4,-34.09],[63.37,-34.05],[63.3,-34.04],[63.3,-34.02],[63.15,-33.95],[63.15,-33.94],[63.01,-33.82],[63.01,-33.79],[62.97,-33.75],[62.9,-33.74],[62.86,-33.7],[62.79,-33.68],[62.68,-33.6],[62.68,-33.55],[62.65,-33.52],[62.65,-33.47]],[[63.26,-33.75],[63.22,-33.74],[63.22,-33.7],[63.15,-33.72],[63.15,-33.79],[63.22,-33.8],[63.22,-33.77],[63.26,-33.77],[63.26,-33.75]]]}},{"type":"Feature","properties":{"precip":10},"geometry":{"type":"Polygon","coordinates":[[[67.26,-33.47],[67.26,-33.42],[67.33,-33.4],[67.33,-33.43],[67.36,-33.43],[67.36,-33.47],[67.47,-33.5],[67.58,-33.5],[67.65,-33.53],[67.65,-33.58],[67.69,-33.6],[67.8,-33.6],[67.83,-33.58],[67.83,-33.52],[67.87,-33.5],[67.87,-33.42],[67.94,-33.4],[67.94,-33.57],[67.8,-33.68],[67.72,-33.7],[67.65,-33.7],[67.54,-33.67],[67.54,-33.62],[67.47,-33.6],[67.47,-33.63],[67.44,-33.68],[67.36,-33.67],[67.36,-33.65],[67.29,-33.6],[67.29,-33.57],[67.26,-33.53],[67.26,-33.47]]]}},{"type":"Feature","properties":{"precip":10},"geometry":{"type":"Polygon","coordinates":[[[3.94,-33.65],[3.94,-33.62],[4.01,-33.6],[4.09,-33.6],[4.16,-33.62],[4.16,-33.68],[4.09,-33.7],[4.09,-33.74],[4.05,-33.75],[4.05,-33.95],[4.01,-33.97],[4.01,-34.0],[3.94,-33.99],[3.94,-33.9],[3.83,-33.9],[3.76,-33.87],[3.69,-33.8],[3.69,-33.77],[3.65,-33.75],[3.65,-33.72],[3.73,-33.7],[3.87,-33.7],[3.87,-33.68],[3.94,-33.68],[3.94,-33.65]]]}},{"type":"Feature","properties":{"precip":10},"geometry":{"type":"Polygon","coordinates":[[[67.94,-33.75],[68.01,-33.7],[68.08,-33.7],[68.16,-33.74],[68.16,-33.77],[68.12,-33.77],[68.08,-33.8],[68.01,-33.79],[67.94,-33.75]]]}},{"type":"Feature","properties":{"precip":10},"geometry":{"type":"Polygon","coordinates":[[[68.34,-33.85],[68.41,-33.8],[68.52,-33.8],[68.55,-33.82],[68.55,-33.89],[68.52,-33.9],[68.41,-33.9],[68.34,-33.85]]]}},{"type":"Feature","properties":{"precip":10},"geometry":{"type":"Polygon","coordinates":[[[67.44,-33.95],[67.47,-33.9],[67.51,-33.9],[67.54,-33.9],[67.54,-33.99],[67.47,-34.0],[67.47,-33.97],[67.44,-33.95]]]}},{"type":"Feature","properties":{"precip":10},"geometry":{"type":"Polygon","coordinates":[[[68.16,-33.95],[68.16,-33.9],[68.23,-33.9],[68.23,-33.92],[68.26,-33.92],[68.26,-33.97],[68.23,-34.0],[68.16,-33.99],[68.16,-33.95]]]}},{"type":"Feature","properties":{"precip":10},"geometry":{"type":"Polygon","coordinates":[[[67.76,-34.1],[67.76,-34.02],[67.83,-34.0],[67.83,-34.04],[67.87,-34.05],[67.87,-34.09],[67.94,-34.1],[68.01,-34.1],[68.05,-34.14],[68.05,-34.27],[67.98,-34.3],[67.98,-34.27],[67.94,-34.27],[67.94,-34.2],[67.87,-34.19],[67.8,-34.19],[67.76,-34.19],[67.76,-34.1]]]}},{"type":"Feature","properties":{"precip":10},"geometry":{"type":"Polygon","coordinates":[[[68.16,-34.3],[68.16,-34.24],[68.23,-34.19],[68.3,-34.19],[68.34,-34.2],[68.34,-34.27],[68.26,-34.34],[68.26,-34.35],[68.19,-34.39],[68.16,-34.39],[68.16,-34.3]]]}},{"type":"Feature","properties":{"precip":10},"geometry":{"type":"Polygon","coordinates":[[[68.55,-34.25],[68.55,-34.2],[68.62,-34.19],[68.66,-34.22],[68.66,-34.27],[68.59,-34.3],[68.55,-34.29],[68.55,-34.25]]]}},{"type":"Feature","properties":{"precip":10},"geometry":{"type":"Polygon","coordinates":[[[54.77,-34.34],[54.77,-34.3],[54.84,-34.32],[54.84,-34.39],[54.77,-34.39],[54.77,-34.34]]]}},{"type":"Feature","properties":{"precip":10},"geometry":{"type":"Polygon","coordinates":[[[69.06,-34.49],[69.06,-34.42],[69.13,-34.41],[69.16,-34.44],[69.16,-34.49],[69.2,-34.49],[69.27,-34.49],[69.34,-34.52],[69.34,-34.57],[69.31,-34.57],[69.27,-34.61],[69.13,-34.61],[69.06,-34.57],[69.06,-34.49]]]}},{"type":"Feature","properties":{"precip":10},"geometry":{"type":"Polygon","coordinates":[[[70.24,-34.57],[70.28,-34.51],[70.35,-34.47],[70.5,-34.41],[70.6,-34.39],[70.64,-34.42],[70.64,-34.47],[70.68,-34.49],[70.75,-34.49],[70.78,-34.51],[70.89,-34.59],[70.96,-34.66],[71.0,-34.71],[71.14,-34.79],[71.22,-34.79],[71.29,-34.74],[71.29,-34.71],[71.32,-34.71],[71.32,-34.76],[71.43,-34.79],[71.5,-34.79],[71.54,-34.81],[71.54,-34.86],[71.58,-34.89],[71.65,-34.91],[71.72,-34.89],[71.76,-34.86],[71.76,-34.82],[71.79,-34.81],[71.83,-34.82],[71.9,-34.89],[71.9,-34.92],[71.94,-34.94],[72.04,-34.99],[72.15,-34.99],[72.22,-35.01],[72.33,-35.01],[72.44,-35.06],[72.44,-35.08],[72.48,-35.08],[72.48,-35.09],[72.58,-35.09],[72.66,-35.13],[72.66,-35.16],[72.69,-35.18],[72.69,-35.21],[72.73,-35.19],[72.73,-35.16],[72.8,-35.11],[72.91,-35.09],[73.02,-35.11],[73.05,-35.13],[73.05,-35.18],[73.09,-35.18],[73.16,-35.21],[73.38,-35.21],[73.45,-35.23],[73.45,-35.26],[73.48,-35.29],[73.56,-35.29],[73.66,-35.34],[73.66,-35.38],[73.74,-35.38],[73.74,-35.36],[73.81,-35.31],[73.84,-35.33],[73.84,-35.36],[73.88,-35.36],[73.92,-35.39],[73.99,-35.39],[74.06,-35.44],[74.06,-35.48],[74.1,-35.48],[74.17,-35.51],[74.35,-35.51],[74.46,-35.54],[74.46,-35.56],[74.56,-35.61],[74.71,-35.61],[74.74,-35.61],[74.89,-35.61],[74.96,-35.64],[74.96,-35.66],[75.07,-35.69],[75.25,-35.69],[75.35,-35.75],[75.35,-35.78],[75.46,-35.8],[75.5,-35.81],[75.68,-35.81],[75.75,-35.85],[75.75,-35.96],[75.82,-36.0],[75.86,-36.0],[75.86,-35.93],[75.89,-35.91],[75.97,-35.91],[76.0,-35.9],[76.11,-35.9],[76.18,-35.91],[76.22,-35.95],[76.22,-36.08],[76.33,-36.1],[76.33,-36.08],[76.36,-36.08],[76.36,-36.03],[76.47,-36.0],[76.58,-36.0],[76.69,-36.01],[76.76,-36.05],[76.76,-36.08],[76.83,-36.1],[76.9,-36.1],[76.94,-36.11],[76.94,-36.23],[76.94,-36.25],[76.94,-36.28],[77.01,-36.3],[77.08,-36.3],[77.12,-36.33],[77.12,-36.38],[77.26,-36.4],[77.3,-36.38],[77.37,-36.35],[77.37,-36.31],[77.44,-36.33],[77.48,-36.38],[77.48,-36.43],[77.55,-36.48],[77.55,-36.57],[77.48,-36.62],[77.48,-36.63],[77.44,-36.65],[77.44,-36.78],[77.41,-36.8],[77.12,-36.8],[77.08,-36.78],[77.05,-36.78],[77.05,-36.73],[77.01,-36.7],[76.94,-36.7],[76.94,-36.73],[76.94,-36.75],[76.94,-36.78],[76.9,-36.8],[76.87,-36.78],[76.87,-36.73],[76.76,-36.7],[76.72,-36.68],[76.65,-36.68],[76.65,-36.53],[76.58,-36.5],[76.58,-36.53],[76.54,-36.55],[76.54,-36.68],[76.4,-36.68],[76.36,-36.68],[76.36,-36.55],[76.33,-36.55],[76.33,-36.52],[76.29,-36.5],[76.22,-36.5],[76.15,-36.53],[76.15,-36.57],[76.04,-36.58],[76.04,-36.62],[75.93,-36.62],[75.93,-36.58],[75.86,-36.57],[75.86,-36.52],[75.93,-36.5],[75.93,-36.47],[75.97,-36.47],[75.97,-36.43],[75.89,-36.4],[75.82,-36.4],[75.82,-36.38],[75.75,-36.38],[75.75,-36.31],[75.68,-36.3],[75.61,-36.3],[75.57,-36.33],[75.57,-36.38],[75.53,-36.4],[75.53,-36.48],[75.5,-36.5],[75.39,-36.5],[75.35,-36.48],[75.35,-36.42],[75.43,-36.4],[75.43,-36.38],[75.46,-36.38],[75.46,-36.35],[75.39,-36.3],[75.32,-36.3],[75.25,-36.26],[75.25,-36.23],[75.18,-36.2],[75.14,-36.2],[75.07,-36.23],[75.07,-36.26],[75.03,-36.3],[75.03,-36.38],[74.96,-36.43],[74.89,-36.53],[74.78,-36.58],[74.74,-36.57],[74.74,-36.53],[74.67,-36.52],[74.67,-36.55],[74.64,-36.55],[74.64,-36.58],[74.6,-36.62],[74.49,-36.62],[74.46,-36.62],[74.46,-36.65],[74.49,-36.68],[74.49,-36.7],[74.56,-36.78],[74.64,-36.8],[74.71,-36.8],[74.74,-36.83],[74.74,-36.97],[74.67,-37.0],[74.56,-36.97],[74.49,-36.9],[74.46,-36.85],[74.46,-36.75],[74.42,-36.73],[74.42,-36.7],[74.38,-36.68],[74.28,-36.57],[74.28,-36.53],[74.24,-36.52],[74.24,-36.43],[74.17,-36.4],[73.95,-36.4],[73.84,-36.38],[73.74,-36.35],[73.74,-36.33],[73.66,-36.26],[73.66,-36.25],[73.56,-36.23],[73.45,-36.2],[73.27,-36.2],[73.16,-36.16],[73.16,-36.11],[73.12,-36.1],[73.02,-36.1],[72.94,-36.13],[72.94,-36.16],[72.87,-36.2],[72.87,-36.13],[72.8,-36.1],[72.73,-36.1],[72.66,-36.08],[72.66,-36.03],[72.58,-36.0],[72.51,-36.0],[72.44,-36.05],[72.44,-36.08],[72.37,-36.1],[72.3,-36.1],[72.19,-36.06],[72.08,-36.0],[72.08,-35.95],[71.97,-35.91],[71.94,-35.95],[71.94,-36.0],[71.86,-36.0],[71.86,-35.95],[71.83,-35.93],[71.68,-35.9],[71.54,-35.9],[71.47,-35.88],[71.47,-35.85],[71.4,-35.81],[71.32,-35.81],[71.32,-35.8],[71.25,-35.78],[71.25,-35.73],[71.18,-35.69],[71.11,-35.69],[71.0,-35.61],[70.86,-35.61],[70.82,-35.61],[70.71,-35.61],[70.6,-35.58],[70.53,-35.54],[70.46,-35.44],[70.39,-35.39],[70.32,-35.34],[70.32,-35.33],[70.24,-35.29],[70.17,-35.28],[70.17,-35.23],[70.14,-35.23],[70.14,-35.13],[70.06,-35.09],[69.99,-35.09],[69.96,-35.08],[69.96,-35.01],[70.03,-34.99],[70.06,-34.94],[69.99,-34.91],[69.81,-34.91],[69.78,-34.89],[69.78,-34.86],[69.74,-34.82],[69.74,-34.72],[69.67,-34.67],[69.67,-34.62],[69.74,-34.62],[69.78,-34.66],[69.78,-34.67],[69.85,-34.66],[69.85,-34.64],[69.92,-34.61],[69.99,-34.61],[70.06,-34.64],[70.06,-34.67],[70.14,-34.66],[70.24,-34.57]],[[76.15,-36.45],[76.15,-36.4],[76.04,-36.4],[76.04,-36.43],[76.04,-36.47],[76.04,-36.5],[76.15,-36.5],[76.15,-36.45]],[[76.94,-36.62],[76.94,-36.52],[76.9,-36.5],[76.87,-36.52],[76.87,-36.68],[76.94,-36.68],[76.94,-36.62]]]}},{"type":"Feature","properties":{"precip":10},"geometry":{"type":"Polygon","coordinates":[[[69.45,-34.66],[69.45,-34.62],[69.49,-34.61],[69.56,-34.62],[69.56,-34.67],[69.49,-34.71],[69.45,-34.69],[69.45,-34.66]]]}},{"type":"Feature","properties":{"precip":10},"geometry":{"type":"Polygon","coordinates":[[[68.84,-34.86],[68.84,-34.82],[68.88,-34.82],[68.88,-34.79],[68.95,-34.81],[68.95,-34.89],[68.88,-34.91],[68.88,-34.87],[68.84,-34.86]]]}},{"type":"Feature","properties":{"precip":10},"geometry":{"type":"Polygon","coordinates":[[[69.42,-34.87],[69.45,-34.82],[69.52,-34.79],[69.6,-34.81],[69.63,-34.86],[69.63,-34.89],[69.67,-34.94],[69.63,-35.01],[69.63,-35.08],[69.56,-35.09],[69.56,-35.08],[69.52,-35.06],[69.52,-35.01],[69.49,-35.01],[69.49,-35.06],[69.45,-35.06],[69.45,-35.08],[69.42,-35.09],[69.34,-35.08],[69.34,-34.97],[69.38,-34.94],[69.38,-34.91],[69.42,-34.87]]]}},{"type":"Feature","properties":{"precip":10},"geometry":{"type":"Polygon","coordinates":[[[76.4,-35.75],[76.47,-35.75],[76.47,-35.71],[76.51,-35.69],[76.58,-35.69],[76.65,-35.73],[76.65,-35.78],[76.58,-35.8],[76.58,-35.81],[76.47,-35.8],[76.47,-35.78],[76.4,-35.75]]]}},{"type":"Feature","properties":{"precip":10},"geometry":{"type":"Polygon","coordinates":[[[64.34,-36.05],[64.38,-36.0],[64.45,-36.0],[64.52,-36.05],[64.59,-36.08],[64.66,-36.16],[64.74,-36.26],[64.74,-36.38],[64.7,-36.4],[64.66,-36.38],[64.66,-36.31],[64.63,-36.28],[64.63,-36.25],[64.59,-36.23],[64.59,-36.18],[64.52,-36.11],[64.48,-36.1],[64.41,-36.1],[64.38,-36.08],[64.34,-36.08],[64.34,-36.05]]]}},{"type":"Feature","properties":{"precip":10},"geometry":{"type":"Polygon","coordinates":[[[64.84,-36.1],[64.84,-36.05],[64.88,-36.03],[64.88,-36.0],[64.92,-36.0],[64.95,-36.03],[64.95,-36.16],[64.99,-36.16],[64.99,-36.2],[65.02,-36.2],[65.13,-36.25],[65.2,-36.3],[65.24,-36.35],[65.24,-36.43],[65.28,-36.45],[65.28,-36.48],[65.31,-36.5],[65.49,-36.5],[65.53,-36.48],[65.53,-36.45],[65.56,-36.42],[65.56,-36.3],[65.6,-36.3],[65.67,-36.35],[65.67,-36.38],[65.74,-36.45],[65.74,-36.5],[65.82,-36.58],[65.85,-36.68],[65.92,-36.72],[66.0,-36.8],[66.07,-36.83],[66.1,-36.9],[66.21,-36.92],[66.32,-37.0],[66.32,-37.07],[66.36,-37.09],[66.36,-37.19],[66.43,-37.2],[66.43,-37.17],[66.46,-37.17],[66.46,-37.1],[66.54,-37.12],[66.54,-37.24],[66.57,-37.24],[66.57,-37.29],[66.64,-37.29],[66.64,-37.24],[66.72,-37.2],[66.75,-37.24],[66.75,-37.37],[66.82,-37.4],[67.04,-37.4],[67.11,-37.42],[67.15,-37.42],[67.15,-37.45],[67.26,-37.52],[67.47,-37.52],[67.54,-37.55],[67.54,-37.72],[67.58,-37.76],[67.58,-37.81],[67.65,-37.79],[67.65,-37.62],[67.69,-37.62],[67.69,-37.59],[67.76,-37.64],[67.76,-37.79],[67.83,-37.81],[67.9,-37.81],[67.94,-37.79],[67.94,-37.72],[67.98,-37.72],[67.98,-37.7],[68.01,-37.7],[68.05,-37.72],[68.05,-37.86],[68.08,-37.86],[68.08,-37.91],[68.16,-37.96],[68.16,-37.97],[68.23,-37.99],[68.26,-37.96],[68.26,-37.92],[68.3,-37.91],[68.41,-38.01],[68.44,-38.04],[68.44,-38.17],[68.48,-38.19],[68.55,-38.17],[68.55,-38.01],[68.62,-38.01],[68.7,-38.07],[68.7,-38.12],[68.73,-38.12],[68.77,-38.17],[68.95,-38.24],[69.02,-38.31],[69.02,-38.34],[69.06,-38.41],[69.06,-38.46],[69.09,-38.51],[69.2,-38.51],[69.24,-38.48],[69.24,-38.44],[69.31,-38.41],[69.42,-38.41],[69.42,-38.44],[69.45,-38.46],[69.45,-38.63],[69.52,-38.73],[69.6,-38.79],[69.63,-38.79],[69.7,-38.79],[69.74,-38.81],[69.74,-38.86],[69.85,-38.89],[69.99,-38.89],[70.03,-38.91],[70.03,-38.96],[70.06,-38.98],[70.06,-39.03],[70.03,-39.04],[70.03,-39.1],[69.96,-39.13],[69.96,-39.18],[69.99,-39.18],[70.06,-39.2],[70.21,-39.2],[70.32,-39.25],[70.39,-39.3],[70.46,-39.38],[70.46,-39.46],[70.57,-39.51],[70.64,-39.46],[70.64,-39.36],[70.68,-39.35],[70.68,-39.31],[70.71,-39.31],[70.89,-39.31],[70.93,-39.31],[70.93,-39.35],[70.96,-39.36],[70.96,-39.48],[71.04,-39.51],[71.04,-39.63],[71.07,-39.63],[71.07,-39.7],[71.14,-39.7],[71.14,-39.63],[71.22,-39.61],[71.29,-39.61],[71.32,-39.6],[71.4,-39.6],[71.47,-39.55],[71.47,-39.51],[71.54,-39.51],[71.54,-39.58],[71.47,-39.61],[71.47,-39.68],[71.5,-39.7],[71.58,-39.7],[71.65,-39.75],[71.65,-39.77],[71.68,-39.77],[71.72,-39.8],[71.79,-39.8],[71.86,-39.87],[71.86,-39.9],[71.94,-39.9],[71.94,-39.8],[71.97,-39.77],[71.97,-39.71],[72.04,-39.7],[72.04,-39.63],[72.01,-39.61],[71.94,-39.61],[71.86,-39.6],[71.68,-39.48],[71.61,-39.43],[71.54,-39.35],[71.47,-39.25],[71.54,-39.2],[71.54,-39.13],[71.47,-39.1],[71.36,-39.1],[71.36,-39.13],[71.29,-39.13],[71.25,-39.13],[71.25,-39.18],[71.18,-39.2],[71.11,-39.2],[71.07,-39.16],[71.04,-39.15],[71.04,-39.04],[71.0,-39.03],[71.0,-38.99],[70.89,-38.89],[70.82,-38.81],[70.78,-38.79],[70.78,-38.71],[70.89,-38.63],[70.93,-38.59],[70.93,-38.63],[70.96,-38.66],[70.96,-38.79],[71.04,-38.81],[71.04,-38.93],[71.07,-38.96],[71.07,-38.98],[71.18,-38.99],[71.25,-38.98],[71.25,-38.91],[71.32,-38.89],[71.4,-38.89],[71.43,-38.89],[71.43,-38.86],[71.47,-38.86],[71.47,-38.81],[71.54,-38.81],[71.54,-38.96],[71.58,-38.96],[71.58,-38.99],[71.68,-39.03],[71.72,-39.03],[71.79,-39.08],[71.83,-39.13],[71.83,-39.18],[71.79,-39.2],[71.79,-39.31],[72.01,-39.48],[72.04,-39.48],[72.04,-39.31],[72.01,-39.3],[71.97,-39.3],[71.97,-39.25],[71.94,-39.21],[71.94,-39.18],[71.97,-39.16],[71.97,-39.13],[72.04,-39.13],[72.04,-39.25],[72.08,-39.26],[72.08,-39.3],[72.12,-39.31],[72.19,-39.31],[72.22,-39.31],[72.33,-39.41],[72.33,-39.46],[72.26,-39.51],[72.26,-39.58],[72.4,-39.61],[72.44,-39.63],[72.44,-39.75],[72.48,-39.77],[72.48,-39.8],[72.55,-39.77],[72.55,-39.66],[72.58,-39.63],[72.58,-39.61],[72.66,-39.61],[72.73,-39.63],[72.84,-39.75],[72.84,-39.8],[72.8,-39.8],[72.62,-39.8],[72.55,-39.87],[72.55,-39.92],[72.58,-39.97],[72.58,-40.0],[72.66,-40.05],[72.76,-40.1],[72.8,-40.1],[72.91,-40.2],[72.91,-40.22],[72.98,-40.28],[72.98,-40.3],[73.05,-40.3],[73.05,-40.13],[73.09,-40.1],[73.16,-40.13],[73.16,-40.2],[73.2,-40.2],[73.3,-40.2],[73.34,-40.13],[73.41,-40.1],[73.45,-40.05],[73.52,-40.0],[73.59,-39.92],[73.66,-39.97],[73.74,-40.05],[73.88,-40.17],[73.95,-40.2],[74.02,-40.2],[74.06,-40.2],[74.13,-40.2],[74.13,-40.25],[74.17,-40.25],[74.17,-40.3],[74.2,-40.3],[74.28,-40.3],[74.28,-40.32],[74.38,-40.35],[74.42,-40.42],[74.42,-40.44],[74.56,-40.49],[74.85,-40.49],[74.89,-40.52],[75.0,-40.52],[75.03,-40.52],[75.03,-40.55],[75.07,-40.59],[75.07,-40.65],[75.1,-40.69],[75.1,-40.72],[75.18,-40.79],[75.25,-40.8],[75.35,-40.84],[75.43,-40.92],[75.43,-40.94],[75.46,-40.99],[75.46,-41.07],[75.5,-41.09],[75.64,-41.09],[75.75,-41.11],[75.86,-41.16],[75.93,-41.22],[75.93,-41.27],[75.95,-41.3],[58.4,-41.3],[58.44,-41.27],[58.44,-41.26],[58.47,-41.22],[58.55,-41.22],[58.61,-41.3],[58.91,-41.3],[58.98,-41.22],[59.01,-41.22],[59.05,-41.26],[59.1,-41.3],[60.04,-41.3],[59.95,-41.26],[59.91,-41.22],[59.91,-41.21],[59.88,-41.21],[59.88,-41.22],[59.81,-41.3],[59.77,-41.3],[59.77,-41.26],[59.73,-41.21],[59.73,-41.11],[59.66,-41.11],[59.63,-41.16],[59.63,-41.21],[59.59,-41.21],[59.59,-41.16],[59.48,-41.11],[59.41,-41.09],[59.3,-41.09],[59.19,-41.07],[59.16,-41.04],[59.09,-41.0],[59.09,-40.97],[59.05,-40.94],[59.05,-40.84],[58.94,-40.8],[58.87,-40.8],[58.76,-40.82],[58.76,-40.87],[58.69,-40.92],[58.62,-40.92],[58.58,-40.89],[58.58,-40.87],[58.55,-40.84],[58.55,-40.75],[58.51,-40.7],[58.44,-40.7],[58.37,-40.69],[58.37,-40.64],[58.26,-40.6],[58.11,-40.6],[58.08,-40.59],[58.08,-40.55],[58.04,-40.54],[58.04,-40.37],[57.97,-40.3],[57.86,-40.17],[57.83,-40.1],[57.75,-40.07],[57.72,-40.03],[57.68,-40.03],[57.57,-40.13],[57.5,-40.17],[57.47,-40.2],[57.39,-40.2],[57.36,-40.2],[57.36,-40.07],[57.32,-40.05],[57.32,-40.0],[57.21,-39.92],[57.18,-39.88],[57.18,-39.82],[57.14,-39.77],[57.14,-39.53],[57.11,-39.51],[57.03,-39.51],[56.96,-39.48],[56.96,-39.46],[56.93,-39.46],[56.93,-39.41],[56.89,-39.41],[56.89,-39.45],[56.82,-39.48],[56.82,-39.51],[56.75,-39.45],[56.75,-39.25],[56.67,-39.2],[56.53,-39.2],[56.46,-39.25],[56.42,-39.26],[56.42,-39.3],[56.35,-39.26],[56.35,-39.25],[56.31,-39.21],[56.24,-39.16],[56.13,-39.13],[56.06,-39.1],[55.85,-39.1],[55.74,-39.04],[55.74,-39.03],[55.67,-39.03],[55.52,-38.96],[55.52,-38.91],[55.49,-38.89],[55.49,-38.88],[55.41,-38.86],[55.38,-38.81],[55.27,-38.79],[55.13,-38.79],[55.05,-38.76],[55.05,-38.73],[55.09,-38.71],[55.16,-38.71],[55.23,-38.69],[55.23,-38.64],[55.27,-38.64],[55.27,-38.63],[55.31,-38.59],[55.38,-38.59],[55.45,-38.64],[55.45,-38.76],[55.52,-38.79],[55.52,-38.74],[55.56,-38.73],[55.56,-38.53],[55.52,-38.51],[55.52,-38.46],[55.38,-38.27],[55.23,-38.14],[55.16,-38.12],[55.09,-38.09],[55.05,-38.07],[55.05,-37.86],[55.02,-37.86],[55.02,-37.81],[54.98,-37.81],[54.98,-37.74],[54.95,-37.72],[54.95,-37.45],[54.98,-37.45],[54.98,-37.42],[55.02,-37.4],[55.09,-37.4],[55.16,-37.45],[55.16,-37.47],[55.27,-37.49],[55.31,-37.52],[55.56,-37.52],[55.67,-37.55],[55.67,-37.57],[55.7,-37.59],[55.92,-37.59],[55.92,-37.55],[55.95,-37.55],[55.95,-37.42],[55.92,-37.4],[55.88,-37.4],[55.88,-37.37],[55.85,-37.35],[55.85,-37.25],[55.88,-37.24],[55.88,-37.2],[55.95,-37.24],[55.95,-37.29],[56.03,-37.29],[56.03,-37.27],[56.06,-37.24],[56.06,-37.17],[56.03,-37.14],[56.03,-37.1],[55.95,-37.07],[55.95,-36.95],[55.99,-36.9],[56.03,-36.9],[56.06,-36.95],[56.06,-36.97],[56.17,-37.0],[56.31,-37.0],[56.35,-37.03],[56.35,-37.17],[56.39,-37.2],[56.46,-37.17],[56.46,-37.12],[56.53,-37.1],[56.67,-37.1],[56.75,-37.12],[56.75,-37.17],[56.78,-37.17],[56.82,-37.2],[56.89,-37.2],[56.96,-37.24],[56.96,-37.27],[57.03,-37.29],[57.03,-37.24],[57.11,-37.2],[57.18,-37.2],[57.25,-37.24],[57.25,-37.27],[57.32,-37.29],[57.5,-37.29],[57.54,-37.32],[57.72,-37.32],[57.86,-37.34],[57.86,-37.4],[57.9,-37.4],[58.01,-37.4],[58.04,-37.42],[58.04,-37.47],[58.08,-37.47],[58.11,-37.52],[58.19,-37.52],[58.22,-37.47],[58.26,-37.47],[58.26,-37.42],[58.29,-37.4],[58.37,-37.4],[58.4,-37.42],[58.51,-37.52],[58.51,-37.54],[58.65,-37.59],[58.8,-37.59],[58.91,-37.62],[58.94,-37.62],[59.01,-37.62],[59.12,-37.72],[59.19,-37.81],[59.27,-37.86],[59.34,-37.87],[59.37,-37.86],[59.37,-37.82],[59.41,-37.81],[59.45,-37.86],[59.45,-37.87],[59.48,-37.87],[59.63,-37.92],[59.73,-38.01],[59.73,-38.07],[59.7,-38.09],[59.7,-38.12],[59.59,-38.19],[59.55,-38.26],[59.48,-38.29],[59.48,-38.34],[59.45,-38.36],[59.48,-38.41],[59.55,-38.41],[59.63,-38.41],[59.73,-38.37],[59.73,-38.29],[59.77,-38.29],[59.77,-38.21],[59.81,-38.19],[59.84,-38.21],[59.84,-38.37],[59.81,-38.43],[59.73,-38.46],[59.81,-38.48],[59.81,-38.51],[59.84,-38.53],[59.84,-38.64],[59.88,-38.66],[59.88,-38.71],[59.91,-38.71],[59.91,-38.69],[59.95,-38.66],[59.95,-38.46],[59.99,-38.46],[59.99,-38.41],[60.06,-38.36],[60.02,-38.31],[59.99,-38.31],[59.99,-38.27],[59.95,-38.26],[59.95,-38.14],[59.91,-38.12],[59.88,-38.12],[59.88,-38.07],[59.84,-38.07],[59.84,-38.04],[59.91,-38.01],[59.99,-38.01],[60.13,-38.01],[60.17,-38.01],[60.24,-38.01],[60.24,-38.07],[60.2,-38.12],[60.13,-38.17],[60.06,-38.24],[60.06,-38.27],[60.13,-38.31],[60.13,-38.34],[60.17,-38.36],[60.09,-38.41],[60.06,-38.43],[60.06,-38.46],[60.17,-38.58],[60.27,-38.59],[60.35,-38.63],[60.38,-38.66],[60.45,-38.74],[60.45,-38.76],[60.56,-38.79],[60.78,-38.79],[60.85,-38.76],[60.85,-38.63],[60.89,-38.59],[60.92,-38.59],[60.92,-38.63],[60.96,-38.64],[60.96,-38.79],[61.03,-38.79],[61.03,-38.74],[61.07,-38.73],[61.07,-38.63],[61.14,-38.59],[61.14,-38.66],[61.21,-38.71],[61.28,-38.71],[61.28,-38.73],[61.35,-38.74],[61.35,-38.76],[61.43,-38.81],[61.43,-38.86],[61.5,-38.89],[61.57,-38.86],[61.57,-38.81],[61.64,-38.81],[61.64,-38.86],[61.71,-38.89],[61.75,-38.86],[61.75,-38.83],[61.82,-38.79],[61.86,-38.79],[61.97,-38.86],[61.97,-38.89],[62.04,-38.89],[62.04,-38.86],[62.07,-38.83],[62.22,-38.79],[62.32,-38.79],[62.43,-38.83],[62.43,-38.88],[62.47,-38.89],[62.47,-38.98],[62.54,-38.99],[62.61,-38.99],[62.65,-38.96],[62.65,-38.86],[62.68,-38.81],[62.76,-38.79],[62.83,-38.81],[62.83,-38.86],[62.86,-38.88],[62.86,-38.98],[62.94,-38.99],[62.94,-39.03],[63.01,-39.03],[63.04,-39.03],[63.04,-39.08],[63.08,-39.1],[63.19,-39.1],[63.26,-39.03],[63.19,-38.98],[63.15,-38.98],[63.15,-38.93],[63.19,-38.91],[63.22,-38.93],[63.3,-38.99],[63.37,-39.08],[63.44,-39.1],[63.51,-39.08],[63.58,-39.03],[63.73,-38.86],[63.73,-38.79],[63.76,-38.74],[63.73,-38.71],[63.66,-38.69],[63.66,-38.54],[63.62,-38.53],[63.62,-38.51],[63.58,-38.51],[63.58,-38.46],[63.55,-38.46],[63.55,-38.44],[63.62,-38.41],[63.62,-38.37],[63.66,-38.36],[63.66,-38.24],[63.69,-38.21],[63.76,-38.19],[63.84,-38.24],[63.84,-38.31],[63.87,-38.34],[63.87,-38.41],[63.94,-38.43],[63.94,-38.63],[63.98,-38.66],[63.98,-38.69],[64.05,-38.73],[64.05,-38.76],[64.02,-38.79],[63.94,-38.79],[63.87,-38.81],[63.84,-38.86],[63.87,-38.88],[63.87,-38.89],[63.94,-38.91],[63.94,-39.03],[63.98,-39.08],[64.05,-39.1],[64.2,-39.03],[64.2,-38.99],[64.23,-38.96],[64.23,-38.71],[64.16,-38.69],[64.16,-38.58],[64.12,-38.54],[64.12,-38.51],[64.05,-38.48],[64.05,-38.43],[64.09,-38.41],[64.16,-38.41],[64.23,-38.41],[64.23,-38.36],[64.27,-38.34],[64.27,-38.29],[64.34,-38.31],[64.34,-38.44],[64.38,-38.46],[64.38,-38.51],[64.41,-38.51],[64.45,-38.53],[64.45,-38.69],[64.52,-38.71],[64.52,-38.74],[64.56,-38.76],[64.56,-38.93],[64.52,-38.96],[64.52,-38.99],[64.45,-39.03],[64.45,-39.18],[64.48,-39.2],[64.56,-39.18],[64.56,-39.15],[64.59,-39.13],[64.59,-39.1],[64.63,-39.08],[64.63,-39.04],[64.7,-39.03],[64.77,-39.03],[64.92,-39.03],[64.99,-39.03],[65.06,-39.04],[65.17,-39.18],[65.24,-39.2],[65.31,-39.2],[65.35,-39.18],[65.35,-39.13],[65.42,-39.1],[65.42,-39.13],[65.46,-39.15],[65.46,-39.25],[65.53,-39.31],[65.53,-39.35],[65.6,-39.41],[65.64,-39.41],[65.64,-39.28],[65.67,-39.26],[65.67,-39.21],[65.71,-39.2],[65.78,-39.2],[65.85,-39.16],[65.85,-39.03],[65.78,-38.99],[65.78,-38.96],[65.74,-38.93],[65.74,-38.76],[65.78,-38.74],[65.78,-38.71],[65.85,-38.73],[65.85,-38.79],[65.89,-38.79],[65.96,-38.79],[66.07,-38.86],[66.07,-38.89],[66.1,-38.89],[66.18,-38.81],[66.25,-38.81],[66.28,-38.79],[66.36,-38.81],[66.43,-38.86],[66.5,-38.89],[66.5,-38.91],[66.54,-38.96],[66.54,-39.25],[66.57,-39.31],[66.57,-39.36],[66.64,-39.41],[66.93,-39.41],[67.04,-39.36],[67.04,-39.35],[66.97,-39.31],[66.86,-39.31],[66.79,-39.3],[66.72,-39.3],[66.64,-39.26],[66.64,-39.21],[66.72,-39.18],[66.75,-39.15],[66.68,-39.13],[66.68,-39.08],[66.64,-39.08],[66.64,-39.03],[66.68,-39.03],[66.79,-39.03],[66.86,-39.08],[66.97,-39.16],[67.08,-39.26],[67.15,-39.28],[67.15,-39.25],[67.22,-39.2],[67.29,-39.2],[67.36,-39.16],[67.36,-39.13],[67.47,-39.1],[67.54,-39.13],[67.54,-39.18],[67.51,-39.2],[67.4,-39.2],[67.36,-39.21],[67.36,-39.26],[67.26,-39.31],[67.18,-39.31],[67.15,-39.31],[67.15,-39.35],[67.18,-39.36],[67.18,-39.41],[67.26,-39.46],[67.33,-39.48],[67.36,-39.45],[67.36,-39.41],[67.44,-39.41],[67.47,-39.46],[67.47,-39.48],[67.54,-39.46],[67.54,-39.45],[67.62,-39.41],[67.72,-39.41],[67.72,-39.36],[67.76,-39.36],[67.76,-39.35],[67.8,-39.31],[67.83,-39.31],[67.83,-39.35],[67.9,-39.41],[68.01,-39.41],[68.05,-39.36],[68.05,-39.31],[67.98,-39.3],[67.98,-39.25],[67.94,-39.2],[67.94,-39.03],[67.9,-39.03],[67.69,-39.03],[67.62,-38.99],[67.54,-38.96],[67.54,-38.86],[67.47,-38.79],[67.44,-38.83],[67.44,-38.89],[67.36,-38.88],[67.33,-38.86],[67.33,-38.81],[67.26,-38.76],[67.26,-38.74],[67.18,-38.73],[67.18,-38.71],[67.11,-38.71],[67.08,-38.69],[67.04,-38.69],[67.04,-38.63],[67.08,-38.59],[67.15,-38.58],[67.15,-38.46],[67.18,-38.44],[67.18,-38.41],[67.26,-38.41],[67.29,-38.43],[67.44,-38.54],[67.44,-38.63],[67.47,-38.69],[67.54,-38.71],[67.62,-38.69],[67.65,-38.66],[67.65,-38.63],[67.72,-38.63],[67.76,-38.64],[67.76,-38.69],[67.83,-38.73],[67.9,-38.81],[68.01,-38.89],[68.08,-38.89],[68.12,-38.89],[68.12,-38.86],[68.16,-38.81],[68.16,-38.66],[68.12,-38.64],[68.12,-38.59],[68.08,-38.59],[68.08,-38.58],[68.05,-38.54],[68.05,-38.41],[68.01,-38.36],[68.01,-38.31],[67.94,-38.24],[67.87,-38.24],[67.83,-38.26],[67.76,-38.34],[67.76,-38.37],[67.83,-38.41],[67.83,-38.48],[67.76,-38.46],[67.72,-38.43],[67.69,-38.41],[67.69,-38.37],[67.65,-38.36],[67.65,-38.34],[67.72,-38.29],[67.76,-38.27],[67.76,-38.24],[67.69,-38.19],[67.65,-38.19],[67.58,-38.17],[67.51,-38.12],[67.4,-38.01],[67.26,-37.87],[67.22,-37.86],[67.11,-37.81],[67.08,-37.81],[67.04,-37.86],[67.15,-37.91],[67.15,-37.99],[67.11,-38.01],[67.0,-38.01],[66.97,-37.97],[66.97,-37.91],[66.93,-37.86],[66.97,-37.86],[66.97,-37.81],[67.04,-37.79],[67.04,-37.72],[67.0,-37.69],[66.93,-37.62],[66.86,-37.62],[66.86,-37.76],[66.82,-37.79],[66.82,-37.81],[66.75,-37.79],[66.75,-37.72],[66.68,-37.7],[66.68,-37.72],[66.64,-37.74],[66.64,-37.86],[66.75,-37.91],[66.75,-37.97],[66.72,-38.01],[66.61,-38.01],[66.57,-37.99],[66.57,-37.96],[66.54,-37.92],[66.54,-37.81],[66.46,-37.79],[66.46,-37.52],[66.43,-37.47],[66.43,-37.42],[66.39,-37.4],[66.32,-37.4],[66.28,-37.4],[66.21,-37.34],[66.18,-37.29],[66.18,-37.24],[66.14,-37.19],[66.14,-37.02],[66.07,-37.0],[66.07,-37.09],[66.03,-37.12],[66.03,-37.14],[66.0,-37.19],[66.0,-37.24],[65.92,-37.29],[65.85,-37.29],[65.85,-37.19],[65.82,-37.14],[65.74,-37.02],[65.67,-36.97],[65.64,-36.95],[65.53,-36.9],[65.38,-36.8],[65.24,-36.65],[65.17,-36.53],[65.17,-36.48],[65.13,-36.47],[65.13,-36.4],[65.06,-36.4],[65.06,-36.47],[65.02,-36.5],[64.95,-36.45],[64.95,-36.25],[64.92,-36.23],[64.92,-36.2],[64.88,-36.2],[64.88,-36.16],[64.84,-36.16],[64.84,-36.1]],[[65.64,-36.65],[65.64,-36.52],[65.56,-36.52],[65.56,-36.78],[65.6,-36.8],[65.64,-36.78],[65.64,-36.65]],[[65.96,-37.0],[65.96,-36.97],[65.92,-36.95],[65.92,-36.9],[65.89,-36.9],[65.85,-36.95],[65.85,-37.07],[65.92,-37.1],[65.92,-37.07],[65.96,-37.03],[65.96,-37.0]],[[56.57,-37.25],[56.53,-37.24],[56.53,-37.2],[56.46,-37.2],[56.46,-37.29],[56.53,-37.29],[56.53,-37.27],[56.57,-37.25]],[[56.13,-37.35],[56.13,-37.32],[56.06,-37.32],[56.06,-37.4],[56.13,-37.4],[56.13,-37.35]],[[66.64,-37.45],[66.64,-37.42],[66.57,-37.4],[66.57,-37.42],[66.54,-37.45],[66.57,-37.47],[66.57,-37.52],[66.64,-37.49],[66.64,-37.45]],[[56.46,-37.59],[56.46,-37.55],[56.42,-37.52],[56.39,-37.52],[56.28,-37.52],[56.24,-37.54],[56.28,-37.55],[56.28,-37.59],[56.39,-37.69],[56.46,-37.69],[56.46,-37.59]],[[66.86,-37.55],[66.82,-37.52],[66.68,-37.52],[66.64,-37.54],[66.64,-37.55],[66.68,-37.59],[66.82,-37.59],[66.86,-37.55]],[[56.96,-37.7],[56.96,-37.69],[56.93,-37.64],[56.93,-37.62],[56.89,-37.59],[56.89,-37.62],[56.85,-37.62],[56.85,-37.79],[56.93,-37.81],[56.93,-37.76],[56.96,-37.74],[56.96,-37.7]],[[57.54,-37.81],[57.54,-37.72],[57.5,-37.7],[57.47,-37.72],[57.47,-37.91],[57.54,-37.91],[57.54,-37.81]],[[55.34,-38.01],[55.34,-37.92],[55.27,-37.91],[55.27,-37.99],[55.23,-38.01],[55.27,-38.01],[55.27,-38.09],[55.34,-38.09],[55.34,-38.01]],[[58.15,-37.96],[58.15,-37.92],[58.04,-37.91],[57.97,-37.91],[57.97,-37.99],[58.01,-38.01],[58.11,-38.01],[58.15,-37.99],[58.15,-37.96]],[[67.65,-37.96],[67.65,-37.91],[67.62,-37.91],[67.54,-37.92],[67.54,-37.99],[67.58,-38.01],[67.65,-37.99],[67.65,-37.96]],[[58.65,-38.04],[58.65,-38.01],[58.58,-38.01],[58.55,-38.02],[58.55,-38.07],[58.58,-38.09],[58.65,-38.09],[58.65,-38.04]],[[68.95,-38.34],[68.95,-38.31],[68.88,-38.29],[68.88,-38.34],[68.84,-38.34],[68.84,-38.37],[68.88,-38.37],[68.88,-38.41],[68.95,-38.41],[68.95,-38.34]],[[68.66,-38.74],[68.66,-38.73],[68.62,-38.71],[68.55,-38.73],[68.55,-38.79],[68.62,-38.79],[68.66,-38.79],[68.66,-38.74]],[[61.25,-38.86],[61.25,-38.81],[61.17,-38.81],[61.14,-38.86],[61.17,-38.88],[61.17,-38.89],[61.25,-38.89],[61.25,-38.86]],[[68.44,-38.86],[68.44,-38.81],[68.41,-38.79],[68.34,-38.86],[68.37,-38.88],[68.37,-38.89],[68.44,-38.89],[68.44,-38.86]],[[56.06,-38.96],[55.99,-38.89],[55.92,-38.89],[55.85,-38.93],[55.85,-38.98],[55.88,-38.98],[55.92,-39.03],[55.99,-38.99],[56.06,-38.96]],[[61.35,-38.96],[61.35,-38.91],[61.32,-38.89],[61.25,-38.91],[61.25,-38.98],[61.32,-39.03],[61.35,-38.99],[61.35,-38.96]],[[66.07,-38.96],[66.03,-38.96],[66.03,-38.89],[65.96,-38.91],[65.96,-38.99],[66.03,-38.99],[66.03,-38.96],[66.07,-38.96]],[[68.66,-39.03],[68.66,-38.96],[68.62,-38.93],[68.62,-38.89],[68.59,-38.89],[68.55,-38.93],[68.55,-39.04],[68.52,-39.08],[68.52,-39.13],[68.48,-39.13],[68.48,-39.18],[68.55,-39.26],[68.62,-39.31],[68.66,-39.36],[68.73,-39.41],[68.8,-39.41],[68.84,-39.38],[68.84,-39.03],[68.8,-39.03],[68.77,-39.03],[68.77,-39.08],[68.73,-39.08],[68.73,-39.1],[68.66,-39.08],[68.66,-39.03]],[[66.25,-39.03],[66.1,-39.03],[66.07,-39.03],[66.07,-39.2],[66.1,-39.2],[66.1,-39.18],[66.14,-39.16],[66.21,-39.1],[66.21,-39.08],[66.25,-39.03]],[[65.06,-39.16],[65.06,-39.13],[65.02,-39.13],[65.02,-39.1],[64.95,-39.13],[64.95,-39.18],[65.02,-39.2],[65.02,-39.18],[65.06,-39.16]],[[68.26,-39.16],[68.23,-39.13],[68.16,-39.1],[68.08,-39.13],[68.05,-39.16],[68.05,-39.25],[68.16,-39.36],[68.19,-39.38],[68.19,-39.41],[68.23,-39.43],[68.23,-39.48],[68.16,-39.51],[68.16,-39.58],[68.26,-39.6],[68.34,-39.58],[68.34,-39.48],[68.37,-39.46],[68.37,-39.41],[68.44,-39.38],[68.44,-39.25],[68.41,-39.2],[68.3,-39.2],[68.26,-39.18],[68.26,-39.16]],[[66.07,-39.31],[66.03,-39.28],[66.03,-39.2],[66.0,-39.2],[65.96,-39.25],[65.96,-39.46],[66.03,-39.51],[66.1,-39.51],[66.14,-39.46],[66.14,-39.41],[66.07,-39.41],[66.07,-39.31]],[[66.36,-39.25],[66.28,-39.2],[66.21,-39.2],[66.18,-39.21],[66.14,-39.26],[66.21,-39.3],[66.28,-39.31],[66.32,-39.28],[66.36,-39.28],[66.36,-39.25]],[[69.06,-39.41],[69.06,-39.35],[69.02,-39.35],[69.02,-39.31],[68.98,-39.31],[68.98,-39.35],[68.95,-39.35],[68.95,-39.46],[68.98,-39.46],[68.98,-39.51],[69.02,-39.51],[69.02,-39.46],[69.06,-39.46],[69.06,-39.41]],[[65.74,-39.46],[65.74,-39.41],[65.67,-39.41],[65.64,-39.45],[65.67,-39.46],[65.67,-39.51],[65.74,-39.48],[65.74,-39.46]],[[66.54,-39.46],[66.54,-39.41],[66.5,-39.41],[66.46,-39.41],[66.46,-39.51],[66.54,-39.51],[66.54,-39.46]],[[66.25,-39.55],[66.25,-39.51],[66.18,-39.51],[66.14,-39.53],[66.14,-39.58],[66.21,-39.61],[66.25,-39.6],[66.25,-39.55]],[[67.76,-39.61],[67.76,-39.58],[67.72,-39.51],[67.69,-39.51],[67.58,-39.51],[67.54,-39.53],[67.54,-39.58],[67.65,-39.63],[67.65,-39.77],[67.72,-39.8],[67.8,-39.8],[67.83,-39.8],[67.83,-39.77],[67.87,-39.75],[67.83,-39.75],[67.83,-39.7],[67.76,-39.68],[67.76,-39.61]],[[64.84,-39.65],[64.84,-39.61],[64.77,-39.61],[64.77,-39.63],[64.74,-39.63],[64.74,-39.66],[64.77,-39.66],[64.77,-39.7],[64.84,-39.7],[64.84,-39.65]],[[65.24,-39.65],[65.24,-39.61],[65.17,-39.61],[65.17,-39.7],[65.24,-39.7],[65.24,-39.65]],[[66.72,-39.82],[66.68,-39.77],[66.57,-39.71],[66.5,-39.71],[66.43,-39.77],[66.36,-39.83],[66.36,-39.87],[66.14,-39.97],[66.1,-39.98],[66.1,-40.03],[66.07,-40.05],[65.96,-40.08],[65.96,-40.03],[66.03,-40.0],[66.03,-39.97],[66.07,-39.97],[66.0,-39.9],[65.85,-39.9],[65.74,-39.93],[65.74,-39.97],[65.71,-39.98],[65.64,-39.97],[65.64,-39.92],[65.6,-39.9],[65.56,-39.87],[65.53,-39.82],[65.49,-39.82],[65.38,-39.9],[65.35,-39.88],[65.35,-39.83],[65.31,-39.8],[65.28,-39.8],[65.28,-39.87],[65.24,-39.88],[65.17,-39.9],[65.06,-39.93],[64.99,-40.03],[64.99,-40.05],[64.95,-40.08],[64.95,-40.17],[64.99,-40.2],[65.06,-40.2],[65.13,-40.22],[65.13,-40.3],[65.17,-40.3],[65.17,-40.37],[65.24,-40.42],[65.28,-40.42],[65.35,-40.37],[65.35,-40.35],[65.42,-40.33],[65.46,-40.35],[65.46,-40.37],[65.53,-40.44],[65.56,-40.49],[65.64,-40.52],[65.71,-40.59],[65.78,-40.6],[65.92,-40.6],[66.0,-40.62],[66.07,-40.64],[66.07,-40.69],[66.1,-40.69],[66.18,-40.69],[66.21,-40.7],[66.32,-40.7],[66.5,-40.79],[66.5,-40.8],[66.57,-40.87],[66.57,-40.89],[66.64,-40.89],[66.64,-40.87],[66.68,-40.8],[66.72,-40.8],[66.72,-40.84],[66.86,-40.92],[66.97,-40.92],[67.04,-40.94],[67.04,-41.04],[67.08,-41.05],[67.08,-41.07],[67.11,-41.09],[67.29,-41.09],[67.33,-41.07],[67.33,-41.05],[67.36,-41.04],[67.36,-40.8],[67.44,-40.82],[67.51,-40.92],[67.51,-40.94],[67.54,-41.0],[67.54,-41.22],[67.58,-41.26],[67.58,-41.3],[67.59,-41.3],[67.65,-41.27],[67.65,-41.14],[67.69,-41.09],[67.72,-41.09],[67.76,-41.14],[67.76,-41.21],[67.83,-41.21],[67.83,-41.16],[67.87,-41.14],[67.87,-41.05],[67.9,-41.04],[67.9,-40.97],[68.01,-40.92],[68.05,-40.92],[68.05,-41.07],[67.98,-41.11],[67.94,-41.16],[67.94,-41.21],[67.98,-41.22],[67.98,-41.26],[68.01,-41.3],[68.34,-41.3],[68.34,-41.21],[68.26,-41.21],[68.26,-41.14],[68.3,-41.11],[68.37,-41.11],[68.41,-41.09],[68.52,-41.09],[68.62,-41.14],[68.66,-41.17],[68.66,-41.3],[69.06,-41.3],[69.06,-41.22],[69.13,-41.21],[69.13,-41.11],[69.02,-41.04],[68.98,-41.0],[68.91,-41.0],[68.84,-41.04],[68.84,-41.07],[68.8,-41.09],[68.7,-41.0],[68.66,-40.97],[68.66,-40.89],[68.7,-40.84],[68.77,-40.72],[68.84,-40.64],[68.98,-40.52],[69.06,-40.45],[69.06,-40.42],[69.02,-40.42],[68.91,-40.42],[68.84,-40.44],[68.84,-40.49],[68.8,-40.49],[68.7,-40.49],[68.66,-40.49],[68.66,-40.44],[68.62,-40.42],[68.52,-40.42],[68.44,-40.45],[68.44,-40.54],[68.37,-40.62],[68.37,-40.64],[68.34,-40.69],[68.26,-40.7],[68.26,-40.49],[68.23,-40.45],[68.23,-40.42],[68.19,-40.42],[68.08,-40.42],[68.08,-40.44],[68.05,-40.44],[68.05,-40.49],[67.98,-40.49],[67.94,-40.45],[67.98,-40.42],[68.05,-40.38],[68.05,-40.33],[67.98,-40.3],[67.9,-40.3],[67.87,-40.32],[67.87,-40.35],[67.83,-40.37],[67.83,-40.42],[67.76,-40.38],[67.76,-40.28],[67.72,-40.25],[67.72,-40.2],[67.65,-40.17],[67.65,-40.13],[67.76,-40.07],[67.72,-40.03],[67.62,-40.0],[67.47,-40.0],[67.36,-40.03],[67.36,-40.07],[67.4,-40.13],[67.47,-40.17],[67.54,-40.25],[67.54,-40.3],[67.44,-40.25],[67.33,-40.13],[67.29,-40.1],[67.18,-40.03],[67.15,-40.0],[67.08,-40.0],[67.04,-39.97],[67.04,-39.93],[67.08,-39.9],[67.15,-39.9],[67.15,-39.83],[67.08,-39.8],[66.93,-39.8],[66.86,-39.83],[66.82,-39.87],[66.82,-39.9],[66.75,-39.87],[66.75,-39.83],[66.72,-39.82]],[[68.77,-39.77],[68.73,-39.75],[68.73,-39.7],[68.66,-39.71],[68.66,-39.8],[68.73,-39.8],[68.73,-39.77],[68.77,-39.77]],[[64.84,-39.87],[64.84,-39.8],[64.77,-39.8],[64.77,-39.83],[64.74,-39.87],[64.77,-39.87],[64.77,-39.9],[64.84,-39.9],[64.84,-39.87]],[[64.56,-39.97],[64.56,-39.92],[64.52,-39.9],[64.45,-39.92],[64.45,-39.98],[64.52,-40.0],[64.56,-39.98],[64.56,-39.97]],[[64.95,-39.97],[64.95,-39.92],[64.92,-39.9],[64.84,-39.92],[64.84,-39.98],[64.88,-40.0],[64.95,-39.98],[64.95,-39.97]],[[72.37,-39.97],[72.33,-39.93],[72.33,-39.9],[72.26,-39.9],[72.26,-40.0],[72.33,-40.0],[72.33,-39.97],[72.37,-39.97]],[[71.94,-40.05],[71.94,-40.0],[71.86,-40.03],[71.86,-40.08],[71.94,-40.1],[71.94,-40.05]],[[58.37,-40.25],[58.33,-40.25],[58.33,-40.2],[58.26,-40.2],[58.26,-40.3],[58.33,-40.3],[58.33,-40.28],[58.37,-40.25]],[[72.04,-40.25],[72.04,-40.2],[71.97,-40.2],[71.97,-40.25],[71.94,-40.25],[71.97,-40.28],[71.97,-40.3],[72.04,-40.3],[72.04,-40.25]],[[73.56,-40.25],[73.56,-40.22],[73.52,-40.2],[73.45,-40.22],[73.45,-40.3],[73.48,-40.3],[73.56,-40.3],[73.56,-40.25]],[[73.66,-40.35],[73.63,-40.33],[73.63,-40.3],[73.56,-40.32],[73.56,-40.38],[73.63,-40.42],[73.63,-40.37],[73.66,-40.37],[73.66,-40.35]],[[69.24,-40.45],[69.24,-40.42],[69.16,-40.42],[69.16,-40.49],[69.24,-40.49],[69.24,-40.45]],[[73.74,-40.45],[73.74,-40.42],[73.66,-40.42],[73.66,-40.49],[73.74,-40.49],[73.74,-40.45]],[[74.35,-40.45],[74.35,-40.42],[74.28,-40.42],[74.24,-40.44],[74.24,-40.49],[74.28,-40.49],[74.35,-40.49],[74.35,-40.45]],[[62.86,-40.64],[62.83,-40.64],[62.83,-40.6],[62.76,-40.62],[62.76,-40.69],[62.83,-40.7],[62.83,-40.69],[62.86,-40.69],[62.86,-40.64]],[[69.56,-40.7],[69.56,-40.64],[69.52,-40.62],[69.42,-40.6],[69.2,-40.6],[69.06,-40.64],[69.06,-40.69],[69.13,-40.7],[69.13,-40.77],[69.16,-40.79],[69.16,-40.94],[69.2,-40.97],[69.2,-41.04],[69.27,-41.07],[69.31,-41.09],[69.38,-41.09],[69.42,-41.11],[69.45,-41.16],[69.52,-41.22],[69.52,-41.26],[69.56,-41.26],[69.59,-41.3],[69.6,-41.3],[69.67,-41.26],[69.67,-41.21],[69.63,-41.17],[69.63,-41.14],[69.6,-41.07],[69.56,-41.07],[69.56,-41.05],[69.6,-41.04],[69.6,-40.99],[69.67,-40.92],[69.74,-40.87],[69.74,-40.8],[69.67,-40.8],[69.6,-40.8],[69.56,-40.79],[69.56,-40.7]],[[65.96,-40.75],[65.92,-40.7],[65.85,-40.72],[65.85,-40.79],[65.92,-40.8],[65.96,-40.75]],[[63.94,-41.05],[63.94,-41.0],[63.87,-41.0],[63.87,-41.04],[63.84,-41.04],[63.84,-41.07],[63.87,-41.07],[63.87,-41.09],[63.94,-41.09],[63.94,-41.05]],[[66.97,-41.09],[66.93,-41.07],[66.93,-41.0],[66.86,-41.04],[66.86,-41.21],[66.93,-41.21],[66.93,-41.14],[66.97,-41.14],[66.97,-41.09]],[[69.74,-41.05],[69.74,-41.0],[69.67,-41.0],[69.67,-41.09],[69.74,-41.09],[69.74,-41.05]],[[60.35,-41.16],[60.35,-41.11],[60.27,-41.09],[60.27,-41.14],[60.24,-41.14],[60.24,-41.17],[60.27,-41.21],[60.35,-41.21],[60.35,-41.16]],[[67.44,-41.3],[67.44,-41.22],[67.4,-41.22],[67.3,-41.3],[67.44,-41.3]]]}},{"type":"Feature","properties":{"precip":10},"geometry":{"type":"Polygon","coordinates":[[[65.17,-40.05],[65.17,-40.0],[65.24,-40.03],[65.24,-40.08],[65.17,-40.1],[65.17,-40.05]]]}},{"type":"Feature","properties":{"precip":10},"geometry":{"type":"Polygon","coordinates":[[[68.44,-40.94],[68.44,-40.92],[68.52,-40.92],[68.55,-40.92],[68.55,-40.99],[68.48,-40.99],[68.44,-40.97],[68.44,-40.94]]]}},{"type":"Feature","properties":{"precip":10},"geometry":{"type":"Polygon","coordinates":[[[67.65,-36.62],[67.65,-36.55],[67.69,-36.52],[67.76,-36.5],[67.83,-36.53],[67.83,-36.57],[67.87,-36.62],[67.83,-36.62],[67.83,-36.68],[67.76,-36.68],[67.69,-36.68],[67.65,-36.68],[67.65,-36.62]]]}},{"type":"Feature","properties":{"precip":10},"geometry":{"type":"Polygon","coordinates":[[[56.46,-36.65],[56.46,-36.62],[56.53,-36.62],[56.6,-36.62],[56.64,-36.62],[56.64,-36.68],[56.53,-36.7],[56.53,-36.68],[56.46,-36.68],[56.46,-36.65]]]}},{"type":"Feature","properties":{"precip":10},"geometry":{"type":"Polygon","coordinates":[[[56.85,-36.7],[56.85,-36.63],[56.89,-36.62],[56.93,-36.62],[56.93,-36.65],[56.96,-36.68],[56.96,-36.73],[56.93,-36.75],[56.93,-36.8],[56.85,-36.78],[56.85,-36.7]]]}},{"type":"Feature","properties":{"precip":10},"geometry":{"type":"Polygon","coordinates":[[[64.84,-36.63],[64.88,-36.62],[64.99,-36.62],[65.02,-36.62],[65.02,-36.65],[65.06,-36.68],[65.06,-36.78],[64.99,-36.8],[64.99,-36.78],[64.92,-36.72],[64.88,-36.7],[64.88,-36.68],[64.84,-36.63]]]}},{"type":"Feature","properties":{"precip":10},"geometry":{"type":"Polygon","coordinates":[[[73.56,-36.7],[73.56,-36.63],[73.59,-36.62],[73.63,-36.62],[73.63,-36.65],[73.66,-36.68],[73.66,-36.73],[73.63,-36.75],[73.63,-36.8],[73.56,-36.78],[73.56,-36.7]]]}},{"type":"Feature","properties":{"precip":10},"geometry":{"type":"Polygon","coordinates":[[[54.84,-36.78],[54.84,-36.75],[54.87,-36.7],[54.95,-36.73],[55.02,-36.83],[55.09,-36.87],[55.13,-36.92],[55.13,-36.95],[55.16,-36.97],[55.09,-37.0],[55.02,-37.0],[54.95,-36.97],[54.91,-36.95],[54.91,-36.9],[54.84,-36.82],[54.84,-36.78]]]}},{"type":"Feature","properties":{"precip":10},"geometry":{"type":"Polygon","coordinates":[[[57.03,-36.8],[57.07,-36.78],[57.07,-36.73],[57.14,-36.7],[57.43,-36.7],[57.5,-36.72],[57.54,-36.75],[57.65,-36.8],[57.86,-36.8],[57.9,-36.82],[57.97,-36.82],[58.04,-36.83],[58.04,-36.85],[58.11,-36.9],[58.19,-36.9],[58.33,-36.9],[58.44,-36.95],[58.44,-36.97],[58.51,-37.0],[58.58,-37.0],[58.69,-37.0],[58.76,-37.03],[58.76,-37.09],[58.91,-37.12],[59.01,-37.19],[59.01,-37.24],[59.05,-37.25],[59.05,-37.29],[59.01,-37.29],[58.94,-37.29],[58.91,-37.32],[58.87,-37.29],[58.8,-37.29],[58.76,-37.29],[58.76,-37.25],[58.69,-37.2],[58.62,-37.2],[58.58,-37.17],[58.55,-37.17],[58.55,-37.12],[58.44,-37.1],[58.22,-37.1],[58.22,-37.09],[58.15,-37.07],[58.15,-37.03],[58.04,-37.0],[57.86,-37.0],[57.79,-37.0],[57.72,-37.0],[57.65,-36.97],[57.65,-36.95],[57.61,-36.92],[57.5,-36.9],[57.18,-36.9],[57.07,-36.87],[57.07,-36.83],[57.03,-36.8]]]}},{"type":"Feature","properties":{"precip":10},"geometry":{"type":"Polygon","coordinates":[[[72.84,-36.75],[72.87,-36.7],[72.94,-36.72],[72.98,-36.78],[72.98,-36.8],[73.02,-36.8],[73.02,-36.78],[73.05,-36.72],[73.12,-36.7],[73.16,-36.75],[73.16,-36.85],[73.23,-36.92],[73.23,-36.95],[73.3,-37.0],[73.34,-36.97],[73.34,-36.95],[73.41,-36.92],[73.45,-36.95],[73.52,-37.0],[73.52,-37.03],[73.56,-37.1],[73.56,-37.2],[73.59,-37.24],[73.59,-37.29],[73.66,-37.35],[73.66,-37.4],[73.74,-37.42],[73.81,-37.49],[73.81,-37.47],[73.88,-37.45],[73.92,-37.42],[73.99,-37.32],[74.02,-37.32],[74.06,-37.37],[74.06,-37.62],[74.1,-37.64],[74.1,-37.7],[74.2,-37.79],[74.24,-37.86],[74.24,-37.87],[74.2,-37.91],[74.2,-37.92],[74.13,-37.96],[74.06,-38.01],[73.92,-37.96],[73.88,-37.91],[73.88,-37.86],[73.77,-37.82],[73.74,-37.91],[73.66,-37.91],[73.59,-37.87],[73.56,-37.86],[73.48,-37.79],[73.41,-37.7],[73.38,-37.69],[73.27,-37.62],[73.27,-37.69],[73.2,-37.7],[73.16,-37.69],[73.16,-37.62],[73.12,-37.57],[73.12,-37.52],[73.02,-37.42],[73.02,-37.4],[72.87,-37.25],[72.87,-37.12],[72.84,-37.09],[72.84,-37.07],[72.87,-37.02],[72.87,-36.95],[72.91,-36.9],[72.94,-36.87],[72.94,-36.83],[72.87,-36.8],[72.87,-36.78],[72.84,-36.75]],[[73.27,-37.07],[73.23,-37.03],[73.23,-37.0],[73.16,-37.0],[73.16,-37.1],[73.23,-37.1],[73.23,-37.07],[73.27,-37.07]]]}},{"type":"Feature","properties":{"precip":10},"geometry":{"type":"Polygon","coordinates":[[[74.06,-36.8],[74.06,-36.72],[74.1,-36.7],[74.2,-36.7],[74.24,-36.72],[74.24,-36.78],[74.13,-36.85],[74.13,-36.9],[74.06,-36.9],[74.06,-36.8]]]}},{"type":"Feature","properties":{"precip":10},"geometry":{"type":"Polygon","coordinates":[[[74.85,-36.75],[74.85,-36.72],[74.89,-36.7],[74.96,-36.72],[74.96,-36.78],[74.92,-36.8],[74.85,-36.78],[74.85,-36.75]]]}},{"type":"Feature","properties":{"precip":10},"geometry":{"type":"Polygon","coordinates":[[[77.73,-36.78],[77.73,-36.73],[77.8,-36.7],[77.84,-36.72],[77.84,-36.87],[77.8,-36.9],[77.66,-36.9],[77.66,-36.83],[77.73,-36.78]]]}},{"type":"Feature","properties":{"precip":10},"geometry":{"type":"Polygon","coordinates":[[[55.34,-36.85],[55.34,-36.83],[55.38,-36.83],[55.38,-36.8],[55.45,-36.82],[55.45,-36.87],[55.49,-36.9],[55.56,-36.9],[55.59,-36.92],[55.7,-37.0],[55.74,-37.07],[55.74,-37.17],[55.7,-37.2],[55.63,-37.2],[55.59,-37.19],[55.49,-37.1],[55.49,-37.07],[55.45,-37.02],[55.45,-36.92],[55.38,-36.9],[55.38,-36.87],[55.34,-36.85]]]}},{"type":"Feature","properties":{"precip":10},"geometry":{"type":"Polygon","coordinates":[[[68.05,-36.9],[68.05,-36.83],[68.12,-36.8],[68.23,-36.85],[68.37,-36.97],[68.44,-37.07],[68.52,-37.12],[68.52,-37.19],[68.44,-37.12],[68.41,-37.12],[68.34,-37.07],[68.26,-36.97],[68.26,-36.95],[68.23,-36.95],[68.16,-36.95],[68.16,-36.97],[68.08,-37.0],[68.05,-36.97],[68.05,-36.9]]]}},{"type":"Feature","properties":{"precip":10},"geometry":{"type":"Polygon","coordinates":[[[72.66,-36.95],[72.66,-36.92],[72.73,-36.9],[72.76,-36.95],[72.76,-36.97],[72.73,-36.97],[72.73,-37.0],[72.66,-37.0],[72.66,-36.95]]]}},{"type":"Feature","properties":{"precip":10},"geometry":{"type":"Polygon","coordinates":[[[74.96,-36.95],[75.0,-36.9],[75.03,-36.9],[75.14,-36.95],[75.25,-37.03],[75.25,-37.09],[75.21,-37.1],[75.14,-37.1],[75.07,-37.07],[74.96,-36.97],[74.96,-36.95]]]}},{"type":"Feature","properties":{"precip":10},"geometry":{"type":"Polygon","coordinates":[[[78.02,-36.95],[78.02,-36.92],[78.13,-36.9],[78.16,-36.95],[78.16,-36.97],[78.13,-36.97],[78.13,-37.0],[78.02,-37.0],[78.02,-36.95]]]}},{"type":"Feature","properties":{"precip":10},"geometry":{"type":"Polygon","coordinates":[[[54.55,-37.07],[54.55,-37.02],[54.59,-37.0],[54.66,-37.02],[54.66,-37.09],[54.62,-37.1],[54.55,-37.09],[54.55,-37.07]]]}},{"type":"Feature","properties":{"precip":10},"geometry":{"type":"Polygon","coordinates":[[[55.05,-37.17],[55.05,-37.12],[55.13,-37.1],[55.13,-37.12],[55.16,-37.12],[55.16,-37.17],[55.13,-37.17],[55.13,-37.2],[55.05,-37.19],[55.05,-37.17]]]}},{"type":"Feature","properties":{"precip":10},"geometry":{"type":"Polygon","coordinates":[[[55.34,-37.25],[55.38,-37.2],[55.45,-37.24],[55.45,-37.29],[55.41,-37.32],[55.34,-37.25]]]}},{"type":"Feature","properties":{"precip":10},"geometry":{"type":"Polygon","coordinates":[[[66.97,-37.25],[66.97,-37.2],[67.04,-37.2],[67.04,-37.29],[66.97,-37.29],[66.97,-37.25]]]}},{"type":"Feature","properties":{"precip":10},"geometry":{"type":"Polygon","coordinates":[[[76.36,-37.25],[76.36,-37.2],[76.4,-37.2],[76.4,-37.29],[76.36,-37.29],[76.36,-37.25]]]}},{"type":"Feature","properties":{"precip":10},"geometry":{"type":"Polygon","coordinates":[[[76.54,-37.25],[76.54,-37.24],[76.58,-37.2],[76.65,-37.24],[76.65,-37.29],[76.58,-37.32],[76.54,-37.29],[76.54,-37.25]]]}},{"type":"Feature","properties":{"precip":10},"geometry":{"type":"Polygon","coordinates":[[[62.29,-37.49],[62.36,-37.45],[62.36,-37.42],[62.43,-37.42],[62.47,-37.45],[62.54,-37.54],[62.58,-37.59],[62.65,-37.69],[62.65,-37.74],[62.72,-37.79],[62.79,-37.79],[62.86,-37.81],[63.37,-37.81],[63.55,-37.86],[63.55,-37.87],[63.51,-37.87],[63.4,-37.91],[63.37,-37.96],[63.3,-37.99],[63.26,-38.02],[63.26,-38.07],[63.33,-38.12],[63.33,-38.17],[63.3,-38.17],[63.3,-38.21],[63.26,-38.21],[63.26,-38.27],[63.3,-38.29],[63.37,-38.29],[63.44,-38.27],[63.48,-38.24],[63.48,-38.21],[63.55,-38.24],[63.55,-38.27],[63.48,-38.29],[63.48,-38.37],[63.44,-38.41],[63.44,-38.58],[63.4,-38.59],[63.26,-38.59],[63.19,-38.58],[63.12,-38.54],[63.12,-38.51],[63.04,-38.43],[63.04,-38.31],[62.97,-38.29],[62.97,-38.24],[62.94,-38.24],[62.94,-38.17],[62.97,-38.17],[62.97,-38.12],[63.04,-38.09],[63.04,-37.92],[63.01,-37.91],[62.94,-37.91],[62.86,-37.96],[62.79,-37.99],[62.79,-38.02],[62.76,-38.04],[62.76,-38.07],[62.79,-38.09],[62.83,-38.17],[62.83,-38.24],[62.86,-38.29],[62.86,-38.44],[62.83,-38.51],[62.76,-38.46],[62.65,-38.36],[62.65,-38.34],[62.76,-38.29],[62.76,-38.24],[62.72,-38.21],[62.58,-38.17],[62.54,-38.17],[62.54,-38.12],[62.5,-38.12],[62.4,-38.12],[62.36,-38.07],[62.36,-38.01],[62.43,-37.96],[62.43,-37.92],[62.4,-37.92],[62.4,-37.87],[62.36,-37.86],[62.36,-37.7],[62.32,-37.69],[62.32,-37.62],[62.29,-37.57],[62.25,-37.57],[62.25,-37.55],[62.29,-37.54],[62.29,-37.49]],[[63.26,-37.96],[63.22,-37.91],[63.19,-37.91],[63.15,-37.91],[63.15,-37.99],[63.22,-38.01],[63.26,-37.96]]]}},{"type":"Feature","properties":{"precip":10},"geometry":{"type":"Polygon","coordinates":[[[68.84,-37.45],[68.84,-37.42],[68.88,-37.42],[68.88,-37.4],[68.95,-37.42],[68.95,-37.49],[68.88,-37.52],[68.88,-37.47],[68.84,-37.45]]]}},{"type":"Feature","properties":{"precip":10},"geometry":{"type":"Polygon","coordinates":[[[69.16,-37.55],[69.16,-37.52],[69.24,-37.52],[69.24,-37.59],[69.16,-37.59],[69.16,-37.55]]]}},{"type":"Feature","properties":{"precip":10},"geometry":{"type":"Polygon","coordinates":[[[74.42,-37.57],[74.49,-37.52],[74.53,-37.52],[74.53,-37.55],[74.56,-37.59],[74.56,-37.79],[74.64,-37.82],[74.64,-38.04],[74.53,-38.17],[74.46,-38.17],[74.38,-38.09],[74.38,-38.01],[74.35,-37.96],[74.35,-37.79],[74.38,-37.7],[74.38,-37.62],[74.42,-37.57]]]}},{"type":"Feature","properties":{"precip":10},"geometry":{"type":"Polygon","coordinates":[[[65.96,-37.65],[65.96,-37.62],[66.0,-37.62],[66.1,-37.7],[66.14,-37.74],[66.14,-37.91],[66.07,-37.91],[66.07,-37.81],[66.03,-37.79],[66.03,-37.72],[65.96,-37.7],[65.96,-37.65]]]}},{"type":"Feature","properties":{"precip":10},"geometry":{"type":"Polygon","coordinates":[[[53.43,-37.86],[53.47,-37.79],[53.47,-37.72],[53.54,-37.72],[53.65,-37.86],[53.72,-37.91],[53.83,-37.91],[53.83,-37.99],[53.76,-38.01],[53.54,-38.01],[53.47,-37.99],[53.47,-37.96],[53.43,-37.91],[53.43,-37.86]]]}},{"type":"Feature","properties":{"precip":10},"geometry":{"type":"Polygon","coordinates":[[[74.92,-37.79],[75.0,-37.72],[75.03,-37.72],[75.03,-37.79],[75.07,-37.86],[75.07,-38.17],[75.14,-38.24],[75.14,-38.29],[75.1,-38.29],[75.07,-38.36],[75.0,-38.41],[74.96,-38.37],[74.96,-38.17],[74.92,-38.14],[74.92,-38.12],[74.85,-38.07],[74.85,-37.91],[74.89,-37.86],[74.89,-37.82],[74.92,-37.79]]]}},{"type":"Feature","properties":{"precip":10},"geometry":{"type":"Polygon","coordinates":[[[77.95,-37.79],[77.95,-37.74],[78.02,-37.7],[78.09,-37.7],[78.16,-37.72],[78.16,-37.79],[78.2,-37.79],[78.2,-37.72],[78.31,-37.7],[78.34,-37.72],[78.34,-37.87],[78.2,-38.07],[78.13,-38.17],[78.02,-38.17],[78.02,-38.14],[78.13,-38.09],[78.13,-38.01],[78.02,-37.96],[77.98,-37.91],[77.98,-37.86],[77.95,-37.82],[77.95,-37.79]]]}},{"type":"Feature","properties":{"precip":10},"geometry":{"type":"Polygon","coordinates":[[[54.05,-37.87],[54.05,-37.82],[54.08,-37.81],[54.15,-37.86],[54.3,-38.01],[54.33,-38.04],[54.33,-38.09],[54.26,-38.12],[54.15,-38.07],[54.08,-38.01],[54.08,-37.96],[54.05,-37.92],[54.05,-37.87]]]}},{"type":"Feature","properties":{"precip":10},"geometry":{"type":"Polygon","coordinates":[[[54.51,-37.87],[54.59,-37.82],[54.62,-37.81],[54.66,-37.86],[54.66,-37.97],[54.69,-38.01],[54.8,-38.01],[54.84,-38.01],[54.84,-38.07],[54.77,-38.12],[54.73,-38.12],[54.55,-38.07],[54.51,-38.02],[54.51,-38.01],[54.48,-37.99],[54.48,-37.91],[54.51,-37.87]]]}},{"type":"Feature","properties":{"precip":10},"geometry":{"type":"Polygon","coordinates":[[[63.66,-37.86],[63.66,-37.82],[63.69,-37.81],[63.8,-37.81],[63.91,-37.86],[64.02,-37.91],[64.02,-37.96],[64.05,-37.97],[63.98,-38.01],[63.98,-37.97],[63.94,-37.97],[63.94,-37.96],[63.91,-37.91],[63.8,-38.01],[63.76,-38.01],[63.76,-38.04],[63.66,-38.09],[63.66,-38.02],[63.73,-37.99],[63.73,-37.92],[63.69,-37.91],[63.66,-37.91],[63.66,-37.86]]]}},{"type":"Feature","properties":{"precip":10},"geometry":{"type":"Polygon","coordinates":[[[53.04,-37.96],[53.07,-37.91],[53.15,-37.91],[53.15,-38.01],[53.07,-38.01],[53.04,-37.96]]]}},{"type":"Feature","properties":{"precip":10},"geometry":{"type":"Polygon","coordinates":[[[64.16,-37.96],[64.16,-37.92],[64.2,-37.91],[64.27,-37.91],[64.3,-37.91],[64.34,-37.91],[64.41,-37.91],[64.45,-37.96],[64.45,-37.99],[64.38,-38.01],[64.38,-38.04],[64.34,-38.07],[64.34,-38.17],[64.3,-38.19],[64.23,-38.19],[64.16,-38.24],[64.16,-38.27],[64.09,-38.29],[64.05,-38.27],[64.05,-38.14],[64.12,-38.12],[64.23,-38.09],[64.23,-38.01],[64.16,-38.01],[64.16,-37.96]]]}},{"type":"Feature","properties":{"precip":10},"geometry":{"type":"Polygon","coordinates":[[[78.45,-37.96],[78.45,-37.91],[78.49,-37.91],[78.56,-37.92],[78.56,-37.99],[78.52,-38.01],[78.45,-37.99],[78.45,-37.96]]]}},{"type":"Feature","properties":{"precip":10},"geometry":{"type":"Polygon","coordinates":[[[79.17,-38.02],[79.21,-37.99],[79.28,-37.92],[79.35,-37.91],[79.35,-37.96],[79.28,-38.04],[79.21,-38.09],[79.1,-38.17],[79.06,-38.17],[79.06,-38.14],[79.1,-38.14],[79.1,-38.09],[79.17,-38.02]]]}},{"type":"Feature","properties":{"precip":10},"geometry":{"type":"Polygon","coordinates":[[[61.07,-38.04],[61.07,-38.01],[61.1,-38.01],[61.17,-38.01],[61.25,-38.02],[61.25,-38.07],[61.17,-38.09],[61.17,-38.12],[61.07,-38.09],[61.07,-38.04]]]}},{"type":"Feature","properties":{"precip":10},"geometry":{"type":"Polygon","coordinates":[[[61.35,-38.04],[61.35,-38.01],[61.43,-38.01],[61.43,-38.02],[61.46,-38.02],[61.46,-38.07],[61.43,-38.07],[61.43,-38.12],[61.35,-38.09],[61.35,-38.04]]]}},{"type":"Feature","properties":{"precip":10},"geometry":{"type":"Polygon","coordinates":[[[61.71,-38.07],[61.79,-38.01],[61.86,-38.01],[61.93,-38.02],[61.93,-38.07],[61.97,-38.12],[61.97,-38.14],[61.93,-38.14],[61.93,-38.17],[61.89,-38.19],[61.68,-38.19],[61.64,-38.17],[61.68,-38.14],[61.68,-38.12],[61.71,-38.07]]]}},{"type":"Feature","properties":{"precip":10},"geometry":{"type":"Polygon","coordinates":[[[64.74,-38.04],[64.81,-38.01],[64.92,-38.01],[65.1,-38.01],[65.24,-38.02],[65.24,-38.07],[65.31,-38.09],[65.38,-38.09],[65.42,-38.12],[65.6,-38.12],[65.64,-38.12],[65.64,-38.17],[65.56,-38.24],[65.46,-38.29],[65.38,-38.29],[65.35,-38.34],[65.35,-38.37],[65.38,-38.37],[65.42,-38.41],[65.49,-38.41],[65.56,-38.44],[65.56,-38.46],[65.46,-38.51],[65.46,-38.69],[65.53,-38.71],[65.56,-38.73],[65.56,-38.76],[65.53,-38.76],[65.49,-38.79],[65.31,-38.79],[65.24,-38.74],[65.24,-38.66],[65.28,-38.64],[65.28,-38.59],[65.31,-38.58],[65.35,-38.58],[65.35,-38.54],[65.28,-38.51],[65.28,-38.46],[65.24,-38.44],[65.24,-38.31],[65.17,-38.27],[65.17,-38.24],[65.2,-38.24],[65.24,-38.19],[65.24,-38.14],[65.13,-38.12],[64.95,-38.12],[64.92,-38.09],[64.81,-38.09],[64.74,-38.04]]]}},{"type":"Feature","properties":{"precip":10},"geometry":{"type":"Polygon","coordinates":[[[75.35,-38.19],[75.35,-38.04],[75.39,-38.01],[75.46,-38.01],[75.53,-38.02],[75.53,-38.14],[75.57,-38.17],[75.57,-38.26],[75.61,-38.29],[75.61,-38.31],[75.64,-38.34],[75.68,-38.37],[75.75,-38.44],[75.75,-38.48],[75.71,-38.51],[75.61,-38.51],[75.53,-38.46],[75.53,-38.43],[75.5,-38.41],[75.43,-38.41],[75.35,-38.36],[75.35,-38.19]]]}},{"type":"Feature","properties":{"precip":10},"geometry":{"type":"Polygon","coordinates":[[[75.97,-38.14],[75.97,-38.12],[76.04,-38.12],[76.04,-38.19],[75.97,-38.19],[75.97,-38.14]]]}},{"type":"Feature","properties":{"precip":10},"geometry":{"type":"Polygon","coordinates":[[[62.25,-38.29],[62.25,-38.24],[62.29,-38.21],[62.36,-38.19],[62.43,-38.21],[62.43,-38.27],[62.4,-38.29],[62.4,-38.34],[62.32,-38.41],[62.25,-38.41],[62.25,-38.29]]]}},{"type":"Feature","properties":{"precip":10},"geometry":{"type":"Polygon","coordinates":[[[65.74,-38.26],[65.74,-38.24],[65.82,-38.19],[65.85,-38.19],[65.92,-38.24],[65.96,-38.27],[65.96,-38.31],[65.92,-38.34],[65.92,-38.41],[65.89,-38.44],[65.78,-38.51],[65.67,-38.51],[65.64,-38.44],[65.71,-38.41],[65.78,-38.41],[65.82,-38.37],[65.85,-38.37],[65.85,-38.31],[65.78,-38.29],[65.74,-38.29],[65.74,-38.26]]]}},{"type":"Feature","properties":{"precip":10},"geometry":{"type":"Polygon","coordinates":[[[66.07,-38.26],[66.07,-38.21],[66.1,-38.19],[66.14,-38.21],[66.14,-38.29],[66.07,-38.29],[66.07,-38.26]]]}},{"type":"Feature","properties":{"precip":10},"geometry":{"type":"Polygon","coordinates":[[[66.54,-38.26],[66.57,-38.21],[66.61,-38.19],[66.64,-38.24],[66.64,-38.34],[66.68,-38.36],[66.68,-38.41],[66.75,-38.37],[66.75,-38.34],[66.82,-38.29],[66.82,-38.34],[66.86,-38.36],[66.93,-38.48],[66.93,-38.58],[66.97,-38.63],[66.97,-38.79],[67.04,-38.81],[67.04,-38.89],[67.0,-38.89],[66.9,-38.89],[66.9,-38.88],[66.86,-38.88],[66.86,-38.76],[66.82,-38.74],[66.82,-38.71],[66.79,-38.69],[66.79,-38.66],[66.72,-38.63],[66.68,-38.59],[66.68,-38.58],[66.64,-38.53],[66.64,-38.41],[66.57,-38.41],[66.57,-38.44],[66.5,-38.51],[66.5,-38.53],[66.43,-38.58],[66.36,-38.59],[66.25,-38.63],[66.25,-38.69],[66.18,-38.71],[66.18,-38.66],[66.14,-38.64],[66.14,-38.58],[66.18,-38.54],[66.18,-38.51],[66.21,-38.51],[66.32,-38.51],[66.36,-38.46],[66.36,-38.43],[66.28,-38.41],[66.25,-38.41],[66.25,-38.34],[66.36,-38.29],[66.46,-38.29],[66.54,-38.29],[66.54,-38.26]]]}},{"type":"Feature","properties":{"precip":10},"geometry":{"type":"Polygon","coordinates":[[[75.97,-38.41],[75.97,-38.34],[76.0,-38.29],[76.11,-38.29],[76.11,-38.34],[76.15,-38.34],[76.15,-38.46],[76.18,-38.46],[76.18,-38.51],[76.22,-38.51],[76.22,-38.53],[76.22,-38.54],[76.22,-38.66],[76.22,-38.69],[76.22,-38.71],[76.18,-38.71],[76.18,-38.69],[76.15,-38.66],[76.15,-38.54],[76.04,-38.51],[76.0,-38.51],[75.97,-38.48],[75.97,-38.41]]]}},{"type":"Feature","properties":{"precip":10},"geometry":{"type":"Polygon","coordinates":[[[64.74,-38.51],[64.77,-38.46],[64.77,-38.43],[64.81,-38.41],[64.92,-38.41],[64.95,-38.44],[64.95,-38.48],[64.88,-38.51],[64.88,-38.54],[64.84,-38.58],[64.84,-38.76],[64.81,-38.79],[64.7,-38.79],[64.66,-38.79],[64.66,-38.63],[64.74,-38.59],[64.74,-38.51]]]}},{"type":"Feature","properties":{"precip":10},"geometry":{"type":"Polygon","coordinates":[[[79.46,-38.46],[79.46,-38.41],[79.53,-38.41],[79.53,-38.44],[79.57,-38.44],[79.57,-38.46],[79.53,-38.46],[79.53,-38.51],[79.46,-38.51],[79.46,-38.46]]]}},{"type":"Feature","properties":{"precip":10},"geometry":{"type":"Polygon","coordinates":[[[69.92,-38.69],[69.92,-38.66],[69.99,-38.59],[70.06,-38.63],[70.03,-38.64],[70.03,-38.69],[69.99,-38.71],[69.99,-38.73],[69.92,-38.79],[69.85,-38.76],[69.88,-38.74],[69.88,-38.73],[69.92,-38.69]]]}},{"type":"Feature","properties":{"precip":10},"geometry":{"type":"Polygon","coordinates":[[[70.35,-38.64],[70.35,-38.63],[70.39,-38.59],[70.42,-38.63],[70.5,-38.69],[70.57,-38.76],[70.6,-38.79],[70.6,-38.83],[70.64,-38.86],[70.64,-38.88],[70.53,-38.96],[70.53,-38.98],[70.46,-38.99],[70.46,-38.76],[70.42,-38.74],[70.42,-38.71],[70.35,-38.69],[70.35,-38.64]]]}},{"type":"Feature","properties":{"precip":10},"geometry":{"type":"Polygon","coordinates":[[[63.26,-38.74],[63.26,-38.71],[63.33,-38.71],[63.33,-38.73],[63.37,-38.74],[63.33,-38.76],[63.33,-38.79],[63.26,-38.79],[63.26,-38.74]]]}},{"type":"Feature","properties":{"precip":10},"geometry":{"type":"Polygon","coordinates":[[[77.3,-38.96],[77.37,-38.93],[77.37,-38.89],[77.44,-38.91],[77.44,-38.99],[77.41,-39.03],[77.3,-38.96]]]}},{"type":"Feature","properties":{"precip":10},"geometry":{"type":"Polygon","coordinates":[[[77.55,-39.03],[77.66,-38.96],[77.66,-38.91],[77.73,-38.91],[77.77,-38.93],[77.77,-38.98],[77.8,-38.99],[77.84,-38.98],[77.84,-38.93],[77.91,-38.89],[77.95,-38.89],[78.02,-38.93],[78.09,-39.03],[78.13,-39.03],[78.16,-39.08],[78.31,-39.1],[78.45,-39.1],[78.56,-39.13],[78.67,-39.16],[78.74,-39.25],[78.74,-39.26],[78.81,-39.28],[78.92,-39.31],[78.92,-39.36],[79.03,-39.41],[79.03,-39.45],[79.1,-39.48],[79.17,-39.45],[79.17,-39.41],[79.24,-39.43],[79.24,-39.46],[79.28,-39.51],[79.39,-39.51],[79.42,-39.51],[79.46,-39.58],[79.46,-39.61],[79.53,-39.65],[79.53,-39.68],[79.57,-39.75],[79.57,-39.77],[79.64,-39.8],[79.82,-39.8],[79.93,-39.83],[79.96,-39.88],[79.96,-40.13],[79.93,-40.15],[79.93,-40.2],[79.78,-40.2],[79.71,-40.2],[79.64,-40.25],[79.71,-40.33],[79.75,-40.33],[79.75,-40.37],[79.71,-40.37],[79.64,-40.44],[79.64,-40.49],[79.75,-40.49],[79.82,-40.54],[79.82,-40.55],[79.93,-40.62],[79.93,-40.64],[80.07,-40.7],[80.21,-40.7],[80.25,-40.72],[80.25,-40.75],[80.14,-40.8],[80.14,-40.84],[80.11,-40.92],[80.0,-40.94],[79.96,-41.04],[79.93,-41.14],[79.82,-41.21],[79.82,-41.3],[78.38,-41.3],[78.38,-41.27],[78.34,-41.26],[78.34,-41.21],[78.38,-41.17],[78.38,-41.14],[78.45,-41.04],[78.52,-40.99],[78.52,-40.92],[78.49,-40.92],[78.49,-40.87],[78.45,-40.87],[78.45,-40.75],[78.38,-40.7],[78.38,-40.69],[78.34,-40.65],[78.34,-40.52],[78.31,-40.52],[78.16,-40.49],[78.16,-40.44],[78.09,-40.42],[78.02,-40.42],[77.98,-40.37],[77.95,-40.37],[77.95,-40.33],[77.98,-40.3],[78.02,-40.3],[78.02,-40.28],[78.02,-40.25],[78.02,-40.13],[78.09,-40.1],[78.2,-40.1],[78.2,-40.08],[78.2,-40.0],[78.16,-39.97],[78.16,-39.92],[78.2,-39.88],[78.2,-39.71],[78.2,-39.7],[78.16,-39.71],[78.16,-39.77],[78.13,-39.77],[78.13,-39.8],[78.02,-39.77],[78.02,-39.63],[78.02,-39.61],[77.84,-39.58],[77.8,-39.51],[77.8,-39.46],[77.77,-39.43],[77.77,-39.3],[77.73,-39.26],[77.73,-39.21],[77.66,-39.2],[77.48,-39.2],[77.44,-39.18],[77.48,-39.16],[77.48,-39.13],[77.55,-39.03]],[[78.52,-39.92],[78.49,-39.88],[78.45,-39.87],[78.45,-39.83],[78.38,-39.8],[78.34,-39.82],[78.34,-39.93],[78.38,-40.0],[78.38,-40.05],[78.38,-40.1],[78.38,-40.13],[78.45,-40.17],[78.52,-40.2],[78.52,-40.17],[78.56,-40.13],[78.56,-40.1],[78.63,-40.08],[78.63,-40.03],[78.56,-39.97],[78.52,-39.92]],[[79.1,-40.07],[79.06,-40.05],[78.99,-40.03],[78.92,-40.0],[78.85,-40.03],[78.85,-40.07],[78.92,-40.1],[78.92,-40.13],[78.92,-40.3],[78.99,-40.3],[79.03,-40.3],[79.1,-40.22],[79.1,-40.2],[79.1,-40.13],[79.1,-40.1],[79.1,-40.07]],[[79.57,-40.28],[79.53,-40.22],[79.46,-40.2],[79.46,-40.22],[79.46,-40.49],[79.57,-40.42],[79.64,-40.38],[79.64,-40.32],[79.57,-40.28]],[[79.82,-40.64],[79.78,-40.6],[79.71,-40.6],[79.64,-40.62],[79.64,-40.65],[79.71,-40.69],[79.78,-40.7],[79.78,-40.69],[79.82,-40.69],[79.82,-40.64]],[[79.46,-41.16],[79.46,-41.14],[79.42,-41.09],[79.35,-41.11],[79.35,-41.21],[79.42,-41.21],[79.46,-41.21],[79.46,-41.16]],[[78.56,-41.26],[78.56,-41.22],[78.49,-41.21],[78.45,-41.22],[78.45,-41.3],[78.53,-41.3],[78.56,-41.27],[78.56,-41.26]]]}},{"type":"Feature","properties":{"precip":10},"geometry":{"type":"Polygon","coordinates":[[[56.85,-39.77],[56.85,-39.71],[56.93,-39.7],[56.93,-39.75],[56.96,-39.75],[56.96,-39.77],[56.93,-39.77],[56.93,-39.8],[56.85,-39.8],[56.85,-39.77]]]}},{"type":"Feature","properties":{"precip":10},"geometry":{"type":"Polygon","coordinates":[[[76.65,-39.97],[76.65,-39.92],[76.69,-39.9],[76.76,-39.92],[76.76,-39.98],[76.72,-40.0],[76.65,-39.98],[76.65,-39.97]]]}},{"type":"Feature","properties":{"precip":10},"geometry":{"type":"Polygon","coordinates":[[[77.05,-39.92],[77.05,-39.9],[77.12,-39.9],[77.12,-39.92],[77.23,-40.03],[77.23,-40.08],[77.12,-40.05],[77.12,-40.03],[77.05,-39.97],[77.05,-39.92]]]}},{"type":"Feature","properties":{"precip":10},"geometry":{"type":"Polygon","coordinates":[[[74.56,-40.05],[74.56,-40.03],[74.64,-40.0],[74.64,-40.1],[74.56,-40.08],[74.56,-40.05]]]}},{"type":"Feature","properties":{"precip":10},"geometry":{"type":"Polygon","coordinates":[[[77.77,-40.05],[77.77,-40.03],[77.8,-40.0],[77.84,-40.0],[77.95,-40.03],[77.95,-40.07],[77.84,-40.1],[77.8,-40.1],[77.77,-40.08],[77.77,-40.05]]]}},{"type":"Feature","properties":{"precip":10},"geometry":{"type":"Polygon","coordinates":[[[77.55,-40.15],[77.55,-40.13],[77.59,-40.1],[77.66,-40.13],[77.66,-40.2],[77.62,-40.2],[77.55,-40.2],[77.55,-40.15]]]}},{"type":"Feature","properties":{"precip":10},"geometry":{"type":"Polygon","coordinates":[[[35.15,-40.25],[35.15,-40.2],[35.19,-40.2],[35.26,-40.22],[35.26,-40.3],[35.22,-40.3],[35.15,-40.3],[35.15,-40.25]]]}},{"type":"Feature","properties":{"precip":10},"geometry":{"type":"Polygon","coordinates":[[[35.55,-40.25],[35.55,-40.22],[35.62,-40.2],[35.65,-40.2],[35.65,-40.3],[35.58,-40.3],[35.55,-40.3],[35.55,-40.25]]]}},{"type":"Feature","properties":{"precip":10},"geometry":{"type":"Polygon","coordinates":[[[57.75,-40.33],[57.75,-40.3],[57.83,-40.32],[57.9,-40.37],[57.9,-40.42],[57.93,-40.42],[57.93,-40.49],[57.86,-40.49],[57.79,-40.42],[57.79,-40.37],[57.75,-40.35],[57.75,-40.33]]]}},{"type":"Feature","properties":{"precip":10},"geometry":{"type":"Polygon","coordinates":[[[77.3,-40.35],[77.37,-40.33],[77.37,-40.3],[77.44,-40.32],[77.44,-40.38],[77.37,-40.42],[77.37,-40.37],[77.3,-40.35]]]}},{"type":"Feature","properties":{"precip":10},"geometry":{"type":"Polygon","coordinates":[[[79.82,-40.35],[79.82,-40.32],[79.93,-40.3],[79.93,-40.33],[79.96,-40.33],[79.96,-40.37],[79.93,-40.37],[79.93,-40.42],[79.82,-40.38],[79.82,-40.35]]]}},{"type":"Feature","properties":{"precip":10},"geometry":{"type":"Polygon","coordinates":[[[35.26,-40.59],[35.26,-40.52],[35.33,-40.52],[35.33,-40.55],[35.37,-40.59],[35.37,-40.69],[35.44,-40.7],[35.51,-40.69],[35.55,-40.65],[35.55,-40.54],[35.58,-40.52],[35.65,-40.52],[35.65,-40.55],[35.69,-40.59],[35.8,-40.59],[35.83,-40.6],[36.08,-40.6],[36.23,-40.64],[36.26,-40.64],[36.26,-40.69],[36.34,-40.69],[36.34,-40.64],[36.41,-40.6],[36.41,-40.64],[36.44,-40.65],[36.55,-40.69],[36.66,-40.69],[36.73,-40.7],[36.98,-40.7],[37.09,-40.72],[37.16,-40.75],[37.16,-40.79],[37.2,-40.8],[37.31,-40.8],[37.34,-40.79],[37.34,-40.75],[37.38,-40.7],[37.52,-40.7],[37.56,-40.75],[37.56,-40.79],[37.6,-40.8],[37.67,-40.8],[37.74,-40.82],[37.74,-40.87],[37.81,-40.92],[37.88,-40.92],[37.92,-40.92],[37.99,-40.97],[37.99,-41.0],[38.03,-41.05],[38.03,-41.07],[38.06,-41.14],[38.03,-41.16],[38.03,-41.21],[37.99,-41.21],[37.92,-41.21],[37.85,-41.16],[37.85,-41.07],[37.78,-41.0],[37.67,-41.0],[37.67,-41.04],[37.6,-41.09],[37.56,-41.07],[37.56,-41.04],[37.45,-41.0],[37.31,-41.0],[37.24,-41.05],[37.24,-41.07],[37.2,-41.09],[37.09,-41.09],[37.06,-41.07],[37.06,-41.04],[36.95,-41.0],[36.73,-41.0],[36.7,-40.99],[36.62,-40.99],[36.55,-40.97],[36.55,-40.94],[36.44,-40.92],[36.34,-40.92],[36.23,-40.87],[36.23,-40.8],[36.16,-40.82],[36.16,-40.87],[36.08,-40.92],[36.08,-40.87],[36.05,-40.84],[35.98,-40.8],[35.87,-40.8],[35.8,-40.8],[35.51,-40.8],[35.44,-40.79],[35.29,-40.72],[35.29,-40.69],[35.26,-40.64],[35.26,-40.59]],[[37.45,-40.87],[37.45,-40.8],[37.38,-40.8],[37.34,-40.82],[37.34,-40.89],[37.38,-40.92],[37.45,-40.89],[37.45,-40.87]]]}},{"type":"Feature","properties":{"precip":10},"geometry":{"type":"Polygon","coordinates":[[[77.95,-40.55],[77.95,-40.52],[77.98,-40.49],[78.02,-40.49],[78.02,-40.52],[78.02,-40.59],[77.98,-40.6],[77.95,-40.59],[77.95,-40.55]]]}},{"type":"Feature","properties":{"precip":10},"geometry":{"type":"Polygon","coordinates":[[[77.05,-40.75],[77.08,-40.7],[77.19,-40.7],[77.26,-40.75],[77.26,-40.77],[77.23,-40.77],[77.19,-40.8],[77.08,-40.8],[77.05,-40.75]]]}},{"type":"Feature","properties":{"precip":10},"geometry":{"type":"Polygon","coordinates":[[[77.3,-40.75],[77.37,-40.75],[77.37,-40.7],[77.44,-40.7],[77.44,-40.8],[77.37,-40.8],[77.37,-40.77],[77.3,-40.75]]]}},{"type":"Feature","properties":{"precip":10},"geometry":{"type":"Polygon","coordinates":[[[78.16,-40.75],[78.16,-40.7],[78.2,-40.7],[78.2,-40.8],[78.16,-40.8],[78.16,-40.75]]]}},{"type":"Feature","properties":{"precip":10},"geometry":{"type":"Polygon","coordinates":[[[77.48,-40.89],[77.59,-40.82],[77.62,-40.8],[77.73,-40.8],[77.77,-40.87],[77.66,-40.92],[77.62,-40.92],[77.55,-40.94],[77.55,-40.97],[77.48,-40.97],[77.48,-41.0],[77.48,-40.92],[77.48,-40.89]]]}},{"type":"Feature","properties":{"precip":10},"geometry":{"type":"Polygon","coordinates":[[[77.95,-40.92],[77.95,-40.82],[77.98,-40.8],[78.02,-40.84],[78.13,-40.94],[78.2,-40.99],[78.2,-41.04],[78.2,-41.05],[78.2,-41.07],[78.16,-41.14],[78.16,-41.17],[78.2,-41.21],[78.2,-41.3],[78.12,-41.3],[78.09,-41.27],[78.02,-41.26],[78.02,-41.21],[77.98,-41.21],[77.98,-41.16],[77.84,-41.11],[77.84,-41.09],[77.8,-41.09],[77.77,-41.07],[77.77,-41.04],[77.8,-41.0],[77.84,-41.0],[77.95,-40.97],[77.95,-40.92]]]}},{"type":"Feature","properties":{"precip":10},"geometry":{"type":"Polygon","coordinates":[[[38.14,-40.94],[38.17,-40.94],[38.17,-40.92],[38.24,-40.92],[38.24,-40.99],[38.21,-41.0],[38.14,-40.94]]]}},{"type":"Feature","properties":{"precip":10},"geometry":{"type":"Polygon","coordinates":[[[38.35,-41.16],[38.35,-41.11],[38.42,-41.09],[38.42,-41.14],[38.46,-41.14],[38.46,-41.17],[38.42,-41.21],[38.35,-41.21],[38.35,-41.16]]]}},{"type":"Feature","properties":{"precip":20},"geometry":{"type":"Polygon","coordinates":[[[98.07,3.79],[98.07,3.79],[97.96,3.79],[97.95,3.79],[98.07,3.79]]]}},{"type":"Feature","properties":{"precip":20},"geometry":{"type":"Polygon","coordinates":[[[97.46,3.79],[97.46,3.79],[97.44,3.79],[97.46,3.79]]]}},{"type":"Feature","properties":{"precip":20},"geometry":{"type":"Polygon","coordinates":[[[95.04,3.7],[95.04,3.79],[95.36,3.79],[95.37,3.79],[95.33,3.79],[95.33,3.72],[95.26,3.69],[95.26,3.55],[95.22,3.55],[95.22,3.52],[95.15,3.5],[95.12,3.5],[95.04,3.52],[95.04,3.55],[95.04,3.7]]]}},{"type":"Feature","properties":{"precip":20},"geometry":{"type":"Polygon","coordinates":[[[16.04,3.75],[16.07,3.79],[16.14,3.79],[16.14,3.72],[16.07,3.7],[16.07,3.72],[16.04,3.72],[16.04,3.75]]]}},{"type":"Feature","properties":{"precip":20},"geometry":{"type":"Polygon","coordinates":[[[32.85,3.5],[32.85,3.55],[32.92,3.6],[32.99,3.6],[33.03,3.58],[33.03,3.55],[33.06,3.53],[33.06,3.42],[33.13,3.38],[33.13,3.17],[33.1,3.1],[33.06,3.08],[33.06,3.03],[32.99,3.0],[32.95,3.0],[32.95,3.15],[32.92,3.18],[32.92,3.2],[32.88,3.2],[32.88,3.23],[32.85,3.23],[32.85,3.27],[32.88,3.27],[32.88,3.3],[32.92,3.28],[32.92,3.27],[32.95,3.22],[32.99,3.2],[33.03,3.22],[33.06,3.27],[33.06,3.32],[33.03,3.35],[33.03,3.38],[32.99,3.4],[32.92,3.4],[32.85,3.45],[32.85,3.5]]]}},{"type":"Feature","properties":{"precip":20},"geometry":{"type":"Polygon","coordinates":[[[33.64,3.5],[33.64,3.53],[33.67,3.55],[33.67,3.57],[33.71,3.6],[33.82,3.6],[33.93,3.55],[34.03,3.48],[34.03,3.43],[33.96,3.38],[33.96,3.27],[33.93,3.27],[33.93,3.22],[33.89,3.2],[33.82,3.2],[33.75,3.23],[33.75,3.37],[33.67,3.4],[33.67,3.45],[33.64,3.45],[33.64,3.5]],[[33.96,3.45],[33.89,3.5],[33.82,3.5],[33.78,3.47],[33.75,3.47],[33.75,3.43],[33.82,3.4],[33.89,3.4],[33.96,3.45]]]}},{"type":"Feature","properties":{"precip":20},"geometry":{"type":"Polygon","coordinates":[[[30.87,3.35],[30.87,3.38],[30.94,3.4],[31.05,3.37],[31.12,3.28],[31.12,3.27],[31.15,3.23],[31.15,3.17],[31.08,3.1],[31.08,3.07],[31.01,3.0],[30.97,3.0],[30.97,3.03],[30.94,3.05],[30.94,3.08],[30.9,3.08],[30.87,3.1],[30.79,3.1],[30.76,3.12],[30.76,3.18],[30.83,3.2],[30.9,3.2],[30.94,3.22],[30.94,3.28],[30.87,3.3],[30.87,3.35]]]}},{"type":"Feature","properties":{"precip":20},"geometry":{"type":"Polygon","coordinates":[[[8.26,3.2],[8.26,3.28],[8.3,3.3],[8.33,3.28],[8.33,3.1],[8.26,3.12],[8.26,3.2]]]}},{"type":"Feature","properties":{"precip":20},"geometry":{"type":"Polygon","coordinates":[[[29.46,3.15],[29.46,3.18],[29.5,3.18],[29.57,3.18],[29.61,3.2],[29.68,3.2],[29.71,3.18],[29.79,3.18],[29.86,3.17],[29.86,3.12],[29.89,3.1],[29.97,3.1],[30.04,3.08],[30.04,2.93],[30.0,2.91],[29.93,2.91],[29.89,2.9],[29.82,2.9],[29.79,2.86],[29.71,2.83],[29.71,2.8],[29.68,2.81],[29.68,2.85],[29.61,2.88],[29.61,2.9],[29.53,2.9],[29.46,2.91],[29.46,2.97],[29.43,2.97],[29.39,3.0],[29.32,3.0],[29.28,3.0],[29.21,3.0],[29.14,3.03],[29.14,3.07],[29.28,3.1],[29.39,3.1],[29.46,3.15]]]}},{"type":"Feature","properties":{"precip":20},"geometry":{"type":"Polygon","coordinates":[[[28.31,2.9],[28.38,2.97],[28.49,3.0],[28.56,2.95],[28.56,2.91],[28.6,2.91],[28.67,2.91],[28.71,2.9],[28.78,2.9],[28.85,2.86],[28.85,2.83],[28.78,2.76],[28.74,2.76],[28.74,2.73],[28.81,2.71],[28.85,2.68],[28.85,2.63],[28.78,2.6],[28.71,2.6],[28.63,2.55],[28.67,2.5],[28.74,2.48],[28.74,2.43],[28.71,2.38],[28.63,2.35],[28.63,2.31],[28.56,2.31],[28.56,2.5],[28.53,2.53],[28.53,2.56],[28.49,2.6],[28.31,2.6],[28.24,2.56],[28.27,2.55],[28.27,2.51],[28.35,2.46],[28.38,2.41],[28.45,2.36],[28.42,2.31],[28.35,2.3],[28.2,2.3],[28.17,2.28],[28.17,2.01],[28.2,2.01],[28.42,2.01],[28.53,1.98],[28.53,1.94],[28.56,1.93],[28.56,1.83],[28.6,1.81],[28.67,1.79],[28.74,1.74],[28.85,1.66],[28.89,1.61],[28.96,1.56],[29.07,1.51],[29.14,1.49],[29.28,1.49],[29.35,1.47],[29.35,1.46],[29.28,1.39],[29.28,1.37],[29.25,1.34],[29.14,1.29],[29.07,1.29],[29.07,1.21],[29.1,1.21],[29.17,1.21],[29.21,1.19],[29.32,1.11],[29.32,1.06],[29.35,1.02],[29.35,0.94],[29.28,0.9],[29.03,0.9],[28.96,0.94],[28.96,1.06],[28.92,1.07],[28.92,1.11],[28.89,1.11],[28.89,1.07],[28.85,1.06],[28.85,0.84],[28.81,0.84],[28.81,0.8],[28.74,0.8],[28.63,0.75],[28.67,0.74],[28.67,0.7],[28.74,0.67],[28.74,0.52],[28.67,0.5],[28.67,0.57],[28.63,0.57],[28.63,0.67],[28.56,0.69],[28.49,0.7],[28.31,0.7],[28.2,0.72],[28.13,0.75],[28.13,0.77],[28.06,0.84],[27.95,0.89],[27.88,0.9],[27.73,0.9],[27.66,0.94],[27.66,0.96],[27.59,1.01],[27.52,1.01],[27.45,1.02],[27.45,1.09],[27.52,1.11],[27.52,1.14],[27.55,1.17],[27.55,1.37],[27.63,1.41],[27.63,1.47],[27.66,1.52],[27.66,1.71],[27.63,1.74],[27.63,1.78],[27.55,1.81],[27.52,1.81],[27.45,1.83],[27.45,1.98],[27.37,2.01],[27.34,2.03],[27.34,2.06],[27.41,2.11],[27.52,2.11],[27.55,2.13],[27.55,2.18],[27.45,2.21],[27.45,2.28],[27.48,2.3],[27.55,2.3],[27.59,2.31],[27.66,2.38],[27.73,2.45],[27.73,2.55],[27.77,2.56],[27.84,2.6],[28.06,2.6],[28.09,2.61],[28.17,2.61],[28.24,2.63],[28.24,2.68],[28.2,2.7],[28.13,2.7],[28.06,2.73],[28.06,2.78],[28.13,2.8],[28.2,2.83],[28.24,2.83],[28.24,2.85],[28.31,2.9]]]}},{"type":"Feature","properties":{"precip":20},"geometry":{"type":"Polygon","coordinates":[[[30.76,2.91],[30.76,3.0],[30.83,3.0],[30.83,2.93],[30.87,2.91],[30.87,2.83],[30.94,2.8],[31.01,2.8],[31.05,2.78],[31.05,2.73],[30.97,2.7],[30.87,2.73],[30.79,2.78],[30.79,2.83],[30.76,2.85],[30.76,2.91]]]}},{"type":"Feature","properties":{"precip":20},"geometry":{"type":"Polygon","coordinates":[[[95.76,2.85],[95.76,2.88],[95.8,2.9],[95.91,2.9],[95.94,2.88],[95.94,2.83],[95.87,2.8],[95.76,2.81],[95.76,2.85]]]}},{"type":"Feature","properties":{"precip":20},"geometry":{"type":"Polygon","coordinates":[[[27.84,2.75],[27.84,2.78],[27.88,2.8],[27.95,2.78],[27.95,2.71],[27.88,2.7],[27.84,2.73],[27.84,2.75]]]}},{"type":"Feature","properties":{"precip":20},"geometry":{"type":"Polygon","coordinates":[[[31.66,2.75],[31.66,2.8],[31.73,2.8],[31.73,2.73],[31.69,2.7],[31.69,2.66],[31.66,2.65],[31.55,2.6],[31.51,2.6],[31.44,2.63],[31.44,2.66],[31.48,2.7],[31.59,2.7],[31.62,2.71],[31.66,2.75]]]}},{"type":"Feature","properties":{"precip":20},"geometry":{"type":"Polygon","coordinates":[[[33.75,2.65],[33.75,2.68],[33.82,2.7],[33.85,2.68],[33.85,2.63],[33.82,2.6],[33.78,2.6],[33.75,2.63],[33.75,2.65]]]}},{"type":"Feature","properties":{"precip":20},"geometry":{"type":"Polygon","coordinates":[[[30.36,2.46],[30.36,2.48],[30.4,2.5],[30.58,2.5],[30.65,2.46],[30.65,2.43],[30.54,2.4],[30.43,2.4],[30.36,2.43],[30.36,2.46]]]}},{"type":"Feature","properties":{"precip":20},"geometry":{"type":"Polygon","coordinates":[[[32.45,2.36],[32.45,2.38],[32.56,2.38],[32.56,2.33],[32.52,2.3],[32.45,2.31],[32.45,2.36]]]}},{"type":"Feature","properties":{"precip":20},"geometry":{"type":"Polygon","coordinates":[[[28.24,2.14],[28.24,2.18],[28.27,2.18],[28.27,2.19],[28.35,2.19],[28.35,2.11],[28.27,2.11],[28.24,2.14]]]}},{"type":"Feature","properties":{"precip":20},"geometry":{"type":"Polygon","coordinates":[[[28.45,2.14],[28.45,2.18],[28.53,2.19],[28.6,2.19],[28.63,2.19],[28.63,2.11],[28.6,2.11],[28.49,2.11],[28.45,2.11],[28.45,2.14]]]}},{"type":"Feature","properties":{"precip":20},"geometry":{"type":"Polygon","coordinates":[[[30.36,2.14],[30.36,2.19],[30.43,2.19],[30.43,2.11],[30.36,2.11],[30.36,2.14]]]}},{"type":"Feature","properties":{"precip":20},"geometry":{"type":"Polygon","coordinates":[[[32.23,2.14],[32.27,2.19],[32.34,2.19],[32.45,2.16],[32.52,2.09],[32.52,2.01],[32.49,2.01],[32.49,2.03],[32.45,2.03],[32.45,2.08],[32.38,2.09],[32.38,2.11],[32.31,2.11],[32.23,2.14]]]}},{"type":"Feature","properties":{"precip":20},"geometry":{"type":"Polygon","coordinates":[[[30.33,1.71],[30.29,1.73],[30.18,1.81],[30.18,1.83],[30.15,1.84],[30.15,1.88],[30.22,1.91],[30.29,1.91],[30.33,1.89],[30.33,1.84],[30.36,1.83],[30.36,1.74],[30.33,1.74],[30.33,1.71]]]}},{"type":"Feature","properties":{"precip":20},"geometry":{"type":"Polygon","coordinates":[[[33.64,1.81],[33.64,1.86],[33.67,1.89],[33.75,1.86],[33.82,1.79],[33.82,1.76],[33.85,1.74],[33.85,1.73],[33.82,1.71],[33.67,1.71],[33.67,1.74],[33.64,1.74],[33.64,1.81]]]}},{"type":"Feature","properties":{"precip":20},"geometry":{"type":"Polygon","coordinates":[[[95.66,1.81],[95.66,1.88],[95.73,1.91],[95.73,1.88],[95.76,1.86],[95.76,1.81],[95.87,1.81],[95.94,1.83],[95.98,1.86],[95.98,1.89],[96.05,1.86],[96.05,1.83],[96.09,1.78],[96.16,1.74],[96.27,1.71],[96.3,1.71],[96.3,1.76],[96.48,1.81],[96.63,1.78],[96.63,1.76],[96.63,1.73],[96.7,1.71],[96.81,1.71],[96.88,1.69],[96.95,1.66],[96.95,1.64],[96.99,1.61],[97.06,1.61],[97.06,1.59],[97.2,1.59],[97.24,1.57],[97.24,1.54],[97.17,1.47],[97.1,1.42],[96.95,1.39],[96.88,1.39],[96.81,1.41],[96.74,1.46],[96.74,1.49],[96.63,1.47],[96.63,1.29],[96.63,1.27],[96.63,1.21],[96.52,1.21],[96.52,1.27],[96.48,1.29],[96.3,1.29],[96.27,1.32],[96.27,1.36],[96.2,1.39],[96.16,1.39],[95.98,1.34],[95.98,1.29],[95.94,1.24],[95.87,1.21],[95.8,1.21],[95.73,1.21],[95.26,1.21],[95.04,1.22],[95.04,1.24],[95.04,1.29],[95.01,1.29],[94.9,1.29],[94.83,1.29],[94.83,1.24],[94.79,1.21],[94.72,1.21],[94.61,1.24],[94.61,1.36],[94.68,1.37],[94.68,1.39],[94.72,1.39],[94.83,1.42],[94.83,1.44],[94.9,1.47],[94.9,1.52],[94.94,1.56],[95.01,1.59],[95.04,1.59],[95.15,1.63],[95.15,1.66],[95.26,1.69],[95.37,1.69],[95.37,1.71],[95.58,1.71],[95.66,1.74],[95.66,1.81]]]}},{"type":"Feature","properties":{"precip":20},"geometry":{"type":"Polygon","coordinates":[[[27.27,1.74],[27.27,1.79],[27.34,1.78],[27.34,1.66],[27.37,1.64],[27.37,1.61],[27.45,1.59],[27.52,1.59],[27.55,1.56],[27.55,1.54],[27.48,1.49],[27.41,1.49],[27.37,1.47],[27.34,1.47],[27.34,1.42],[27.23,1.39],[27.16,1.39],[27.09,1.41],[27.05,1.44],[27.05,1.66],[27.09,1.66],[27.09,1.69],[27.19,1.71],[27.27,1.74]],[[27.27,1.56],[27.23,1.56],[27.23,1.59],[27.16,1.59],[27.16,1.51],[27.23,1.51],[27.23,1.54],[27.27,1.56]]]}},{"type":"Feature","properties":{"precip":20},"geometry":{"type":"Polygon","coordinates":[[[34.36,1.71],[34.36,1.78],[34.39,1.78],[34.43,1.81],[34.5,1.78],[34.57,1.74],[34.61,1.68],[34.65,1.59],[34.65,1.42],[34.61,1.34],[34.57,1.27],[34.5,1.21],[34.47,1.21],[34.47,1.44],[34.43,1.47],[34.43,1.57],[34.36,1.63],[34.36,1.71]],[[34.54,1.66],[34.54,1.69],[34.47,1.69],[34.47,1.61],[34.5,1.59],[34.54,1.61],[34.54,1.66]]]}},{"type":"Feature","properties":{"precip":20},"geometry":{"type":"Polygon","coordinates":[[[34.75,1.74],[34.75,1.79],[34.83,1.81],[34.83,1.78],[34.86,1.76],[34.86,1.74],[34.83,1.71],[34.75,1.71],[34.75,1.74]]]}},{"type":"Feature","properties":{"precip":20},"geometry":{"type":"Polygon","coordinates":[[[98.46,1.74],[98.46,1.79],[98.54,1.78],[98.54,1.74],[98.57,1.74],[98.64,1.66],[98.64,1.52],[98.61,1.49],[98.57,1.51],[98.57,1.56],[98.54,1.57],[98.54,1.69],[98.46,1.71],[98.46,1.74]]]}},{"type":"Feature","properties":{"precip":20},"geometry":{"type":"Polygon","coordinates":[[[31.66,1.66],[31.66,1.69],[31.73,1.69],[31.73,1.66],[31.77,1.66],[31.77,1.64],[31.73,1.64],[31.73,1.61],[31.69,1.59],[31.66,1.61],[31.66,1.66]]]}},{"type":"Feature","properties":{"precip":20},"geometry":{"type":"Polygon","coordinates":[[[30.76,1.56],[30.76,1.57],[30.83,1.59],[31.01,1.59],[31.05,1.56],[31.05,1.42],[31.01,1.39],[30.97,1.39],[30.97,1.42],[30.94,1.42],[30.94,1.47],[30.9,1.49],[30.83,1.49],[30.76,1.52],[30.76,1.56]]]}},{"type":"Feature","properties":{"precip":20},"geometry":{"type":"Polygon","coordinates":[[[35.04,1.56],[35.04,1.57],[35.08,1.59],[35.15,1.57],[35.15,1.51],[35.08,1.49],[35.04,1.52],[35.04,1.56]]]}},{"type":"Feature","properties":{"precip":20},"geometry":{"type":"Polygon","coordinates":[[[35.26,1.49],[35.26,1.57],[35.29,1.59],[35.37,1.52],[35.44,1.47],[35.44,1.41],[35.4,1.39],[35.33,1.39],[35.26,1.42],[35.26,1.49]]]}},{"type":"Feature","properties":{"precip":20},"geometry":{"type":"Polygon","coordinates":[[[33.06,1.46],[33.06,1.47],[33.1,1.49],[33.21,1.49],[33.24,1.47],[33.24,1.36],[33.28,1.34],[33.28,1.31],[33.31,1.29],[33.42,1.29],[33.46,1.27],[33.46,1.21],[33.49,1.21],[33.53,1.21],[33.53,1.26],[33.57,1.29],[33.57,1.39],[33.64,1.39],[33.64,1.26],[33.67,1.24],[33.67,1.21],[33.75,1.19],[33.75,1.12],[33.67,1.11],[33.53,1.11],[33.46,1.12],[33.46,1.16],[33.42,1.19],[33.35,1.19],[33.31,1.21],[33.13,1.21],[33.06,1.16],[33.06,1.04],[33.03,1.02],[33.03,0.94],[32.99,0.9],[32.99,0.87],[32.95,0.84],[32.85,0.8],[32.81,0.8],[32.74,0.85],[32.74,0.99],[32.67,1.01],[32.67,1.11],[32.63,1.14],[32.63,1.19],[32.59,1.21],[32.52,1.14],[32.52,1.11],[32.49,1.11],[32.49,1.14],[32.45,1.19],[32.38,1.21],[32.38,1.17],[32.34,1.14],[32.34,1.02],[32.27,1.01],[32.27,0.96],[32.23,0.94],[32.23,0.85],[32.2,0.82],[32.2,0.77],[32.13,0.72],[32.05,0.7],[32.05,0.85],[32.02,0.87],[32.02,0.9],[31.98,0.9],[31.98,0.99],[32.05,1.04],[32.13,1.12],[32.13,1.19],[32.16,1.21],[32.16,1.29],[32.2,1.29],[32.31,1.29],[32.34,1.32],[32.34,1.37],[32.41,1.39],[32.49,1.39],[32.56,1.37],[32.56,1.34],[32.59,1.32],[32.59,1.29],[32.63,1.31],[32.63,1.34],[32.67,1.37],[32.74,1.39],[32.85,1.39],[32.95,1.37],[32.95,1.32],[33.03,1.29],[33.1,1.29],[33.13,1.31],[33.13,1.39],[33.06,1.41],[33.06,1.46]]]}},{"type":"Feature","properties":{"precip":20},"geometry":{"type":"Polygon","coordinates":[[[94.36,1.36],[94.36,1.39],[94.43,1.39],[94.43,1.29],[94.36,1.31],[94.36,1.36]]]}},{"type":"Feature","properties":{"precip":20},"geometry":{"type":"Polygon","coordinates":[[[35.22,1.12],[35.29,1.19],[35.33,1.24],[35.4,1.29],[35.44,1.29],[35.44,1.26],[35.55,1.17],[35.55,1.12],[35.47,1.07],[35.44,1.02],[35.37,1.01],[35.29,1.01],[35.26,0.99],[35.26,0.94],[35.22,0.9],[35.08,0.9],[35.08,0.96],[35.15,1.06],[35.22,1.12]]]}},{"type":"Feature","properties":{"precip":20},"geometry":{"type":"Polygon","coordinates":[[[36.34,1.26],[36.37,1.29],[36.44,1.29],[36.44,1.12],[36.37,1.11],[36.23,1.11],[36.16,1.12],[36.16,1.19],[36.19,1.21],[36.3,1.21],[36.34,1.21],[36.34,1.26]]]}},{"type":"Feature","properties":{"precip":20},"geometry":{"type":"Polygon","coordinates":[[[34.36,1.04],[34.36,1.09],[34.43,1.11],[34.43,1.07],[34.47,1.04],[34.43,1.02],[34.43,1.01],[34.36,1.02],[34.36,1.04]]]}},{"type":"Feature","properties":{"precip":20},"geometry":{"type":"Polygon","coordinates":[[[30.15,0.84],[30.15,0.87],[30.22,0.9],[30.25,0.87],[30.25,0.82],[30.22,0.8],[30.15,0.82],[30.15,0.84]]]}},{"type":"Feature","properties":{"precip":20},"geometry":{"type":"Polygon","coordinates":[[[31.44,0.84],[31.44,0.87],[31.51,0.9],[31.55,0.89],[31.55,0.82],[31.48,0.8],[31.44,0.82],[31.44,0.84]]]}},{"type":"Feature","properties":{"precip":20},"geometry":{"type":"Polygon","coordinates":[[[36.05,0.84],[36.05,0.87],[36.12,0.9],[36.19,0.9],[36.23,0.89],[36.23,0.8],[36.26,0.75],[36.26,0.54],[36.3,0.49],[36.34,0.49],[36.34,0.42],[36.26,0.44],[36.23,0.47],[36.16,0.54],[36.16,0.67],[36.05,0.7],[35.98,0.7],[35.94,0.69],[35.87,0.67],[35.83,0.65],[35.83,0.6],[35.76,0.62],[35.76,0.75],[35.87,0.8],[35.98,0.8],[36.05,0.84]]]}},{"type":"Feature","properties":{"precip":20},"geometry":{"type":"Polygon","coordinates":[[[98.9,0.84],[98.93,0.85],[99.04,0.9],[99.11,0.89],[99.14,0.85],[99.14,0.7],[99.11,0.7],[99.04,0.69],[99.0,0.69],[98.93,0.67],[98.93,0.65],[98.93,0.64],[98.93,0.6],[98.82,0.6],[98.82,0.75],[98.9,0.79],[98.9,0.84]]]}},{"type":"Feature","properties":{"precip":20},"geometry":{"type":"Polygon","coordinates":[[[35.26,0.7],[35.26,0.75],[35.37,0.8],[35.51,0.77],[35.55,0.75],[35.62,0.67],[35.62,0.62],[35.65,0.55],[35.65,0.35],[35.62,0.3],[35.55,0.3],[35.44,0.3],[35.4,0.3],[35.37,0.32],[35.37,0.49],[35.33,0.5],[35.33,0.59],[35.29,0.59],[35.26,0.62],[35.26,0.7]]]}},{"type":"Feature","properties":{"precip":20},"geometry":{"type":"Polygon","coordinates":[[[97.85,0.75],[97.89,0.79],[98.0,0.8],[98.1,0.8],[98.36,0.77],[98.43,0.75],[98.46,0.74],[98.54,0.65],[98.54,0.52],[98.5,0.5],[98.43,0.49],[98.36,0.47],[98.36,0.35],[98.32,0.32],[98.32,0.3],[98.28,0.28],[98.28,0.27],[98.25,0.27],[98.25,0.23],[98.28,0.22],[98.32,0.2],[98.32,0.15],[98.36,0.12],[98.36,-0.07],[98.39,-0.08],[98.39,-0.1],[98.43,-0.1],[98.43,-0.15],[98.46,-0.15],[98.46,-0.23],[98.43,-0.25],[98.43,-0.28],[98.39,-0.28],[98.36,-0.3],[98.18,-0.3],[98.1,-0.32],[98.07,-0.32],[98.07,-0.35],[98.0,-0.35],[98.0,-0.4],[97.96,-0.37],[97.96,-0.18],[97.89,-0.17],[97.89,-0.1],[97.89,-0.12],[97.85,-0.12],[97.85,-0.17],[97.78,-0.17],[97.78,-0.18],[97.74,-0.2],[97.64,-0.2],[97.56,-0.17],[97.56,0.08],[97.64,0.12],[97.64,0.3],[97.56,0.3],[97.56,0.39],[97.64,0.4],[97.74,0.44],[97.78,0.49],[97.85,0.54],[97.89,0.64],[97.89,0.69],[97.85,0.72],[97.85,0.75]],[[98.07,0.5],[98.0,0.52],[98.0,0.59],[97.96,0.57],[97.96,0.42],[98.0,0.4],[98.0,0.49],[98.07,0.5]]]}},{"type":"Feature","properties":{"precip":20},"geometry":{"type":"Polygon","coordinates":[[[26.58,0.6],[26.62,0.62],[26.69,0.67],[26.73,0.69],[26.8,0.69],[26.83,0.7],[26.94,0.7],[27.01,0.69],[27.05,0.69],[27.16,0.65],[27.23,0.57],[27.3,0.5],[27.37,0.49],[27.45,0.47],[27.45,0.45],[27.52,0.4],[27.52,0.37],[27.55,0.35],[27.52,0.34],[27.52,0.3],[27.48,0.3],[27.48,0.28],[27.45,0.27],[27.45,0.23],[27.48,0.22],[27.55,0.13],[27.55,-0.07],[27.52,-0.15],[27.52,-0.18],[27.48,-0.2],[27.45,-0.2],[27.34,-0.15],[27.34,-0.13],[27.3,-0.08],[27.27,-0.05],[27.27,0.03],[27.23,0.03],[27.23,0.08],[27.19,0.08],[27.16,0.1],[27.05,0.1],[27.01,0.12],[26.98,0.12],[26.94,0.13],[26.94,0.18],[26.91,0.18],[26.91,0.2],[26.83,0.2],[26.8,0.22],[26.76,0.22],[26.76,0.27],[26.73,0.27],[26.73,0.28],[26.69,0.28],[26.65,0.3],[26.58,0.3],[26.51,0.3],[26.44,0.3],[26.4,0.34],[26.29,0.39],[26.29,0.4],[26.26,0.44],[26.26,0.49],[26.37,0.49],[26.44,0.5],[26.55,0.55],[26.58,0.57],[26.58,0.6]]]}},{"type":"Feature","properties":{"precip":20},"geometry":{"type":"Polygon","coordinates":[[[29.35,0.65],[29.35,0.69],[29.43,0.7],[29.43,0.67],[29.46,0.67],[29.46,0.64],[29.43,0.6],[29.35,0.6],[29.35,0.65]]]}},{"type":"Feature","properties":{"precip":20},"geometry":{"type":"Polygon","coordinates":[[[61.21,0.62],[61.25,0.65],[61.28,0.69],[61.35,0.69],[61.35,0.65],[61.32,0.64],[61.32,0.59],[61.25,0.54],[61.17,0.5],[61.17,0.57],[61.21,0.62]]]}},{"type":"Feature","properties":{"precip":20},"geometry":{"type":"Polygon","coordinates":[[[34.54,0.55],[34.57,0.57],[34.57,0.6],[34.65,0.59],[34.65,0.54],[34.68,0.5],[34.75,0.5],[34.83,0.49],[34.83,0.45],[34.86,0.42],[34.86,0.32],[34.9,0.3],[34.93,0.3],[34.93,0.1],[34.9,0.12],[34.86,0.13],[34.83,0.18],[34.75,0.23],[34.68,0.34],[34.65,0.4],[34.65,0.49],[34.57,0.5],[34.54,0.55]]]}},{"type":"Feature","properties":{"precip":20},"geometry":{"type":"Polygon","coordinates":[[[96.41,0.5],[96.41,0.55],[96.48,0.57],[96.63,0.6],[96.7,0.6],[96.81,0.59],[96.84,0.59],[96.92,0.57],[96.95,0.54],[96.95,0.47],[96.88,0.37],[96.84,0.34],[96.74,0.3],[96.63,0.3],[96.63,0.37],[96.59,0.4],[96.52,0.4],[96.48,0.37],[96.41,0.35],[96.41,0.13],[96.48,0.12],[96.48,0.1],[96.52,0.1],[96.52,0.12],[96.52,0.18],[96.59,0.18],[96.59,0.2],[96.7,0.2],[96.7,0.18],[96.74,0.18],[96.74,0.03],[96.63,0.0],[96.41,0.0],[96.41,0.02],[96.38,0.02],[96.38,0.05],[96.3,0.07],[96.3,0.17],[96.3,0.18],[96.3,0.2],[96.27,0.2],[96.16,0.23],[96.09,0.27],[96.09,0.3],[96.09,0.34],[96.05,0.39],[96.05,0.45],[96.09,0.49],[96.16,0.49],[96.2,0.5],[96.2,0.49],[96.3,0.49],[96.3,0.44],[96.38,0.4],[96.41,0.4],[96.41,0.42],[96.41,0.5]],[[96.3,0.35],[96.3,0.4],[96.27,0.4],[96.27,0.3],[96.3,0.3],[96.3,0.35]]]}},{"type":"Feature","properties":{"precip":20},"geometry":{"type":"Polygon","coordinates":[[[28.45,0.4],[28.45,0.49],[28.53,0.49],[28.56,0.42],[28.63,0.37],[28.63,0.3],[28.56,0.3],[28.49,0.3],[28.45,0.34],[28.45,0.4]]]}},{"type":"Feature","properties":{"precip":20},"geometry":{"type":"Polygon","coordinates":[[[58.44,0.45],[58.44,0.47],[58.55,0.49],[58.55,0.5],[58.65,0.47],[58.65,0.44],[58.62,0.4],[58.55,0.4],[58.44,0.44],[58.44,0.45]]]}},{"type":"Feature","properties":{"precip":20},"geometry":{"type":"Polygon","coordinates":[[[64.74,0.35],[64.77,0.37],[64.81,0.4],[64.92,0.4],[64.95,0.37],[64.95,0.34],[64.92,0.3],[64.88,0.3],[64.84,0.3],[64.77,0.3],[64.77,0.34],[64.74,0.35]]]}},{"type":"Feature","properties":{"precip":20},"geometry":{"type":"Polygon","coordinates":[[[29.07,0.22],[29.07,0.27],[29.1,0.28],[29.1,0.3],[29.32,0.3],[29.35,0.28],[29.43,0.27],[29.43,0.25],[29.5,0.22],[29.5,0.2],[29.53,0.18],[29.53,0.12],[29.5,0.1],[29.5,0.07],[29.46,0.03],[29.43,0.03],[29.35,0.02],[29.32,0.0],[29.25,0.03],[29.25,0.07],[29.17,0.1],[29.1,0.1],[29.07,0.08],[29.07,0.07],[29.03,0.03],[29.03,0.02],[28.99,0.0],[28.99,0.02],[28.96,0.02],[28.96,0.08],[28.99,0.08],[28.99,0.1],[29.03,0.12],[29.03,0.17],[29.07,0.18],[29.07,0.22]]]}},{"type":"Feature","properties":{"precip":20},"geometry":{"type":"Polygon","coordinates":[[[35.04,0.2],[35.04,0.25],[35.08,0.27],[35.08,0.3],[35.11,0.3],[35.11,0.28],[35.15,0.27],[35.15,0.12],[35.11,0.12],[35.11,0.1],[35.08,0.1],[35.08,0.12],[35.04,0.13],[35.04,0.2]]]}},{"type":"Feature","properties":{"precip":20},"geometry":{"type":"Polygon","coordinates":[[[28.85,-0.2],[28.85,-0.13],[28.89,-0.12],[28.89,-0.1],[28.92,-0.1],[28.92,-0.13],[28.96,-0.15],[28.96,-0.25],[28.92,-0.27],[28.92,-0.3],[28.89,-0.3],[28.89,-0.28],[28.85,-0.27],[28.85,-0.2]]]}},{"type":"Feature","properties":{"precip":20},"geometry":{"type":"Polygon","coordinates":[[[36.34,-0.15],[36.34,-0.13],[36.37,-0.13],[36.37,-0.1],[36.41,-0.1],[36.44,-0.12],[36.44,-0.18],[36.41,-0.2],[36.37,-0.2],[36.37,-0.17],[36.34,-0.17],[36.34,-0.15]]]}},{"type":"Feature","properties":{"precip":20},"geometry":{"type":"Polygon","coordinates":[[[36.55,-0.15],[36.55,-0.12],[36.59,-0.12],[36.59,-0.1],[36.62,-0.1],[36.62,-0.13],[36.66,-0.13],[36.66,-0.17],[36.62,-0.17],[36.62,-0.2],[36.59,-0.2],[36.59,-0.18],[36.55,-0.18],[36.55,-0.15]]]}},{"type":"Feature","properties":{"precip":20},"geometry":{"type":"Polygon","coordinates":[[[29.71,-0.28],[29.75,-0.25],[29.75,-0.23],[29.79,-0.22],[29.79,-0.2],[29.82,-0.2],[29.86,-0.22],[29.86,-0.23],[29.82,-0.25],[29.82,-0.28],[29.79,-0.3],[29.79,-0.33],[29.71,-0.39],[29.68,-0.39],[29.68,-0.32],[29.71,-0.28]]]}},{"type":"Feature","properties":{"precip":20},"geometry":{"type":"Polygon","coordinates":[[[35.65,-0.25],[35.65,-0.22],[35.69,-0.22],[35.69,-0.2],[35.73,-0.2],[35.73,-0.23],[35.76,-0.23],[35.76,-0.27],[35.73,-0.28],[35.73,-0.3],[35.69,-0.3],[35.69,-0.28],[35.65,-0.28],[35.65,-0.25]]]}},{"type":"Feature","properties":{"precip":20},"geometry":{"type":"Polygon","coordinates":[[[95.84,-0.25],[95.87,-0.23],[96.09,-0.2],[96.41,-0.2],[96.48,-0.22],[96.52,-0.22],[96.59,-0.23],[96.63,-0.23],[96.63,-0.25],[96.63,-0.28],[96.7,-0.28],[96.7,-0.3],[96.81,-0.3],[96.81,-0.32],[96.84,-0.32],[96.84,-0.35],[96.81,-0.39],[96.81,-0.42],[96.74,-0.44],[96.63,-0.5],[96.52,-0.5],[96.41,-0.5],[96.41,-0.55],[96.48,-0.59],[96.48,-0.6],[96.52,-0.67],[96.63,-0.69],[96.7,-0.7],[96.81,-0.77],[96.88,-0.89],[96.95,-1.02],[96.95,-1.16],[97.02,-1.21],[97.17,-1.21],[97.17,-1.19],[97.24,-1.17],[97.24,-1.14],[97.28,-1.11],[97.31,-1.11],[97.42,-1.07],[97.53,-0.99],[97.53,-0.9],[97.46,-0.87],[97.46,-0.77],[97.46,-0.72],[97.56,-0.69],[97.64,-0.69],[97.64,-0.64],[97.67,-0.6],[97.78,-0.6],[97.89,-0.6],[97.89,-0.57],[97.96,-0.57],[97.96,-0.52],[98.0,-0.5],[98.07,-0.5],[98.1,-0.52],[98.1,-0.57],[98.18,-0.57],[98.21,-0.6],[98.28,-0.6],[98.36,-0.54],[98.36,-0.44],[98.39,-0.42],[98.43,-0.4],[98.5,-0.4],[98.54,-0.42],[98.54,-0.47],[98.46,-0.55],[98.39,-0.6],[98.36,-0.65],[98.28,-0.7],[98.28,-0.79],[98.32,-0.8],[98.32,-0.85],[98.36,-0.89],[98.36,-1.06],[98.32,-1.09],[98.25,-1.12],[98.25,-1.17],[98.28,-1.17],[98.32,-1.21],[98.39,-1.21],[98.46,-1.24],[98.46,-1.27],[98.43,-1.27],[98.43,-1.31],[98.36,-1.32],[98.36,-1.46],[98.25,-1.49],[98.0,-1.49],[97.89,-1.51],[97.85,-1.54],[97.85,-1.56],[97.74,-1.59],[97.46,-1.59],[97.35,-1.61],[97.28,-1.64],[97.2,-1.67],[97.13,-1.76],[97.1,-1.79],[97.1,-1.83],[97.06,-1.84],[97.06,-1.88],[97.1,-1.89],[97.24,-1.89],[97.28,-1.91],[97.35,-1.91],[97.46,-1.94],[97.46,-1.98],[97.46,-1.99],[97.56,-1.99],[97.56,-2.01],[97.64,-2.01],[97.67,-2.04],[97.78,-2.13],[97.85,-2.16],[97.89,-2.21],[97.89,-2.28],[97.96,-2.31],[97.96,-2.38],[98.0,-2.38],[98.07,-2.4],[98.18,-2.4],[98.21,-2.38],[98.25,-2.38],[98.25,-2.31],[98.28,-2.31],[98.36,-2.31],[98.39,-2.31],[98.46,-2.38],[98.54,-2.41],[98.54,-2.45],[98.61,-2.5],[98.61,-2.53],[98.64,-2.56],[98.64,-2.66],[98.68,-2.66],[98.68,-2.7],[98.72,-2.7],[98.72,-2.73],[98.72,-2.85],[98.68,-2.93],[98.61,-2.98],[98.57,-3.03],[98.57,-3.18],[98.61,-3.22],[98.68,-3.28],[98.72,-3.37],[98.79,-3.38],[98.82,-3.38],[98.82,-3.23],[98.9,-3.2],[98.93,-3.2],[99.04,-3.23],[99.11,-3.32],[99.14,-3.37],[99.14,-3.54],[99.04,-3.58],[98.93,-3.62],[98.93,-3.89],[99.04,-3.92],[99.04,-4.19],[99.04,-4.2],[99.04,-4.29],[99.11,-4.29],[99.14,-4.33],[99.14,-4.48],[99.04,-4.56],[99.14,-4.63],[99.14,-4.78],[99.04,-4.81],[99.04,-4.87],[99.04,-4.91],[99.04,-5.11],[99.0,-5.16],[99.0,-5.19],[98.93,-5.28],[98.82,-5.33],[98.82,-5.36],[98.72,-5.46],[98.64,-5.49],[98.57,-5.51],[98.57,-5.54],[98.54,-5.54],[98.54,-5.58],[98.46,-5.59],[98.39,-5.63],[98.32,-5.68],[98.28,-5.73],[98.28,-5.76],[98.25,-5.83],[98.25,-5.95],[98.28,-6.0],[98.36,-6.0],[98.54,-6.0],[98.61,-6.0],[98.68,-6.0],[98.72,-5.96],[98.72,-5.93],[98.82,-5.9],[99.04,-5.9],[99.14,-5.9],[99.14,-6.8],[99.04,-6.8],[98.93,-6.77],[98.93,-6.72],[98.9,-6.72],[98.82,-6.73],[98.82,-6.77],[98.79,-6.8],[98.68,-6.8],[98.61,-6.8],[98.54,-6.83],[98.54,-6.87],[98.46,-6.9],[98.39,-6.9],[98.36,-6.92],[98.25,-6.92],[98.1,-6.93],[98.1,-6.98],[98.0,-7.0],[97.96,-7.0],[97.78,-7.07],[97.78,-7.1],[97.74,-7.17],[97.74,-7.27],[97.67,-7.27],[97.64,-7.3],[97.56,-7.3],[97.46,-7.25],[97.46,-7.15],[97.35,-7.1],[97.2,-7.1],[97.2,-7.12],[97.13,-7.15],[97.13,-7.17],[97.1,-7.19],[97.06,-7.17],[96.99,-7.1],[96.99,-7.07],[96.95,-7.02],[96.95,-6.92],[96.92,-6.92],[96.84,-6.92],[96.84,-6.98],[96.74,-6.98],[96.74,-7.0],[96.7,-7.0],[96.63,-7.02],[96.63,-7.05],[96.59,-7.07],[96.59,-7.09],[96.48,-7.09],[96.41,-7.1],[96.3,-7.1],[96.2,-7.07],[96.16,-7.07],[96.16,-6.97],[96.09,-6.92],[95.94,-6.85],[95.94,-6.83],[95.87,-6.77],[95.84,-6.72],[95.8,-6.72],[95.73,-6.77],[95.66,-6.83],[95.66,-6.85],[95.48,-6.92],[95.37,-6.98],[95.37,-7.0],[95.26,-7.1],[95.15,-7.1],[95.15,-7.12],[95.15,-7.17],[95.04,-7.19],[95.01,-7.2],[94.83,-7.2],[94.72,-7.24],[94.72,-7.25],[94.61,-7.3],[94.5,-7.3],[94.47,-7.32],[94.47,-7.34],[94.43,-7.34],[94.43,-7.37],[94.32,-7.39],[94.29,-7.4],[94.11,-7.4],[94.07,-7.42],[94.0,-7.42],[93.96,-7.44],[93.96,-7.45],[93.89,-7.5],[93.78,-7.5],[93.78,-7.52],[93.68,-7.57],[93.68,-7.62],[93.68,-7.64],[93.64,-7.69],[93.64,-7.77],[93.57,-7.79],[93.28,-7.79],[93.17,-7.76],[93.1,-7.69],[93.03,-7.64],[92.96,-7.55],[92.92,-7.52],[92.88,-7.52],[92.74,-7.6],[92.7,-7.6],[92.63,-7.55],[92.63,-7.52],[92.6,-7.5],[92.52,-7.5],[92.42,-7.49],[92.42,-7.45],[92.49,-7.44],[92.49,-7.4],[92.52,-7.35],[92.6,-7.3],[92.63,-7.32],[92.63,-7.34],[92.63,-7.35],[92.63,-7.39],[92.74,-7.4],[92.81,-7.39],[92.88,-7.34],[92.88,-7.3],[92.92,-7.3],[92.92,-7.34],[92.99,-7.39],[93.1,-7.4],[93.14,-7.39],[93.14,-7.3],[93.06,-7.27],[93.06,-6.92],[93.03,-6.88],[93.03,-6.82],[92.96,-6.8],[92.92,-6.8],[92.85,-6.77],[92.85,-6.63],[92.81,-6.62],[92.74,-6.62],[92.63,-6.62],[92.63,-6.63],[92.63,-6.65],[92.63,-6.68],[92.6,-6.7],[92.52,-6.7],[92.42,-6.72],[92.42,-6.78],[92.49,-6.8],[92.52,-6.85],[92.63,-6.93],[92.63,-7.17],[92.52,-7.2],[92.27,-7.2],[92.16,-7.24],[92.16,-7.25],[92.06,-7.3],[91.91,-7.3],[91.84,-7.34],[91.84,-7.35],[91.98,-7.5],[91.98,-7.54],[92.06,-7.57],[92.06,-7.67],[92.09,-7.67],[92.09,-7.7],[92.2,-7.7],[92.2,-7.79],[92.09,-7.79],[91.98,-7.77],[91.91,-7.7],[91.88,-7.69],[91.88,-7.65],[91.84,-7.64],[91.84,-7.62],[91.77,-7.6],[91.77,-7.69],[91.73,-7.7],[91.73,-7.77],[91.7,-7.79],[91.62,-7.79],[91.55,-7.74],[91.52,-7.72],[91.52,-7.7],[91.44,-7.64],[91.37,-7.62],[91.26,-7.62],[91.16,-7.6],[90.62,-7.6],[90.58,-7.62],[90.51,-7.62],[90.47,-7.62],[90.44,-7.67],[90.44,-7.77],[90.4,-7.79],[90.33,-7.79],[90.26,-7.84],[90.26,-7.96],[90.18,-7.99],[89.9,-7.99],[89.9,-8.01],[89.79,-8.01],[89.75,-8.04],[89.75,-8.06],[89.68,-8.09],[89.46,-8.09],[89.46,-8.07],[89.46,-8.04],[89.43,-8.04],[89.43,-8.01],[89.36,-7.99],[89.25,-7.99],[89.25,-7.97],[89.25,-7.94],[89.21,-7.91],[89.18,-7.91],[89.18,-7.94],[89.14,-7.97],[89.07,-7.99],[89.07,-7.96],[89.0,-7.91],[88.92,-7.89],[88.82,-7.89],[88.74,-7.86],[88.74,-7.64],[88.85,-7.6],[89.03,-7.6],[89.14,-7.62],[89.14,-7.65],[89.18,-7.7],[89.25,-7.7],[89.43,-7.67],[89.46,-7.6],[89.46,-7.59],[89.57,-7.52],[89.75,-7.49],[89.86,-7.44],[89.9,-7.39],[89.9,-7.34],[89.9,-7.32],[89.9,-7.29],[89.86,-7.27],[89.86,-7.09],[89.79,-7.07],[89.79,-7.0],[89.75,-6.97],[89.75,-6.93],[89.79,-6.93],[89.79,-6.92],[89.79,-6.85],[89.86,-6.83],[89.86,-6.77],[89.79,-6.72],[89.75,-6.7],[89.57,-6.7],[89.57,-6.68],[89.57,-6.65],[89.54,-6.62],[89.54,-6.45],[89.57,-6.38],[89.57,-6.31],[89.57,-6.3],[89.64,-6.33],[89.64,-6.35],[89.68,-6.38],[89.75,-6.35],[89.79,-6.3],[89.79,-6.21],[89.79,-6.2],[89.79,-6.18],[89.68,-6.11],[89.68,-6.1],[89.57,-6.1],[89.54,-6.06],[89.54,-6.03],[89.46,-6.0],[89.25,-6.0],[89.18,-6.0],[89.14,-6.0],[89.18,-5.95],[89.18,-5.91],[89.21,-5.88],[89.25,-5.83],[89.36,-5.73],[89.36,-5.71],[89.43,-5.71],[89.43,-5.75],[89.46,-5.76],[89.46,-5.9],[89.54,-5.9],[89.54,-5.78],[89.57,-5.75],[89.57,-5.73],[89.57,-5.71],[89.68,-5.71],[89.75,-5.69],[89.86,-5.64],[89.9,-5.63],[89.9,-5.59],[89.9,-5.58],[89.9,-5.51],[89.86,-5.48],[89.86,-5.43],[89.9,-5.38],[89.9,-5.29],[89.97,-5.28],[89.97,-5.23],[90.0,-5.19],[90.08,-5.19],[90.22,-5.09],[90.22,-5.06],[90.36,-5.01],[90.44,-5.01],[90.54,-4.94],[90.62,-4.86],[90.62,-4.82],[90.62,-4.81],[90.54,-4.81],[90.44,-4.76],[90.44,-4.74],[90.4,-4.71],[90.36,-4.74],[90.36,-4.77],[90.33,-4.81],[90.26,-4.76],[90.26,-4.64],[90.33,-4.61],[90.54,-4.61],[90.58,-4.59],[90.69,-4.59],[90.72,-4.57],[90.72,-4.52],[90.9,-4.47],[90.94,-4.47],[90.94,-4.44],[90.94,-4.42],[91.05,-4.39],[91.16,-4.35],[91.16,-4.34],[91.23,-4.27],[91.26,-4.2],[91.34,-4.22],[91.34,-4.27],[91.37,-4.27],[91.44,-4.27],[91.52,-4.19],[91.59,-4.12],[91.62,-4.05],[91.77,-3.95],[91.8,-3.9],[91.91,-3.84],[91.98,-3.8],[92.06,-3.8],[92.16,-3.75],[92.16,-3.74],[92.2,-3.72],[92.31,-3.7],[92.7,-3.7],[92.74,-3.72],[92.85,-3.75],[92.85,-3.77],[92.88,-3.77],[92.92,-3.8],[92.99,-3.8],[93.03,-3.8],[93.03,-3.75],[93.06,-3.74],[93.06,-3.6],[93.14,-3.6],[93.14,-3.74],[93.17,-3.75],[93.17,-3.8],[93.21,-3.8],[93.28,-3.8],[93.32,-3.77],[93.35,-3.77],[93.35,-3.72],[93.28,-3.7],[93.28,-3.67],[93.24,-3.65],[93.24,-3.57],[93.28,-3.52],[93.32,-3.5],[93.35,-3.5],[93.42,-3.52],[93.46,-3.57],[93.46,-3.67],[93.53,-3.7],[93.57,-3.7],[93.64,-3.72],[93.64,-3.77],[93.68,-3.77],[93.68,-3.8],[93.78,-3.8],[93.78,-3.75],[93.86,-3.75],[93.86,-3.43],[93.89,-3.4],[93.96,-3.4],[94.0,-3.38],[94.0,-3.33],[94.11,-3.3],[94.18,-3.3],[94.25,-3.27],[94.25,-3.23],[94.32,-3.23],[94.5,-3.2],[94.94,-3.2],[95.15,-3.2],[95.37,-3.2],[95.91,-3.2],[96.09,-3.23],[96.16,-3.25],[96.16,-3.28],[96.2,-3.3],[96.3,-3.3],[96.3,-3.32],[96.3,-3.38],[96.2,-3.4],[96.09,-3.4],[96.05,-3.43],[96.05,-3.57],[95.98,-3.58],[95.94,-3.57],[95.94,-3.53],[95.84,-3.45],[95.73,-3.4],[95.22,-3.4],[95.04,-3.43],[95.04,-3.47],[94.94,-3.48],[94.94,-3.5],[94.9,-3.5],[94.83,-3.53],[94.83,-3.68],[94.94,-3.7],[94.94,-3.77],[94.83,-3.8],[94.72,-3.8],[94.61,-3.84],[94.61,-4.05],[94.61,-4.07],[94.61,-4.1],[94.54,-4.1],[94.47,-4.1],[94.47,-4.14],[94.43,-4.15],[94.43,-4.19],[94.4,-4.19],[94.32,-4.19],[94.25,-4.22],[94.25,-4.27],[94.22,-4.27],[94.22,-4.29],[94.18,-4.29],[94.18,-4.27],[94.14,-4.22],[94.07,-4.19],[94.0,-4.19],[93.96,-4.19],[93.96,-4.15],[93.89,-4.12],[93.86,-4.1],[93.75,-4.1],[93.57,-4.17],[93.57,-4.2],[93.57,-4.24],[93.57,-4.29],[93.68,-4.29],[93.75,-4.3],[93.86,-4.35],[93.89,-4.42],[93.89,-4.49],[93.86,-4.52],[93.86,-4.62],[93.78,-4.66],[93.78,-4.69],[93.75,-4.76],[93.64,-4.81],[93.57,-4.81],[93.57,-4.84],[93.53,-4.84],[93.53,-4.87],[93.46,-4.91],[93.35,-4.91],[93.24,-4.92],[93.24,-4.97],[93.21,-4.97],[93.14,-5.01],[92.96,-5.01],[92.88,-5.02],[92.85,-5.02],[92.85,-5.08],[92.81,-5.08],[92.74,-5.09],[92.52,-5.09],[92.49,-5.13],[92.42,-5.13],[92.42,-5.18],[92.38,-5.19],[92.31,-5.19],[92.2,-5.24],[92.2,-5.28],[92.2,-5.29],[92.09,-5.29],[92.06,-5.33],[92.06,-5.36],[91.98,-5.36],[91.88,-5.39],[91.37,-5.39],[91.37,-5.38],[91.26,-5.38],[91.23,-5.33],[91.16,-5.29],[91.05,-5.31],[90.94,-5.34],[90.94,-5.38],[90.9,-5.39],[90.83,-5.36],[90.83,-5.31],[90.72,-5.33],[90.72,-5.36],[90.72,-5.39],[90.62,-5.39],[90.54,-5.44],[90.51,-5.46],[90.51,-5.51],[90.47,-5.54],[90.47,-5.58],[90.44,-5.63],[90.44,-5.68],[90.36,-5.69],[90.36,-5.71],[90.29,-5.71],[90.26,-5.73],[90.26,-5.85],[90.22,-5.86],[90.22,-5.9],[90.15,-5.9],[90.08,-5.9],[89.97,-5.93],[89.86,-6.01],[89.86,-6.08],[89.97,-6.08],[90.0,-6.1],[90.26,-6.1],[90.36,-6.15],[90.36,-6.18],[90.4,-6.18],[90.47,-6.2],[90.62,-6.2],[90.62,-6.21],[90.72,-6.21],[90.72,-6.25],[90.72,-6.26],[90.83,-6.3],[90.9,-6.3],[90.94,-6.3],[91.23,-6.3],[91.34,-6.3],[91.44,-6.26],[91.48,-6.21],[91.55,-6.21],[91.59,-6.2],[91.73,-6.2],[91.8,-6.18],[91.84,-6.18],[91.84,-6.15],[91.88,-6.11],[91.95,-6.1],[92.2,-6.1],[92.2,-6.08],[92.31,-6.08],[92.31,-6.03],[92.42,-6.0],[92.6,-6.0],[92.63,-6.01],[92.63,-6.05],[92.63,-6.06],[92.63,-6.08],[92.7,-6.1],[92.74,-6.1],[92.85,-6.15],[92.88,-6.16],[92.88,-6.2],[92.92,-6.2],[92.92,-6.16],[92.96,-6.15],[92.99,-6.15],[93.06,-6.1],[93.42,-6.1],[93.46,-6.15],[93.53,-6.18],[93.53,-6.4],[93.57,-6.48],[93.57,-6.67],[93.57,-6.7],[93.68,-6.7],[93.75,-6.65],[93.78,-6.57],[93.86,-6.52],[93.86,-6.45],[93.78,-6.36],[93.75,-6.35],[93.78,-6.3],[93.78,-6.26],[93.86,-6.23],[93.86,-6.05],[93.89,-6.0],[94.07,-6.0],[94.14,-6.03],[94.14,-6.06],[94.22,-6.08],[94.29,-6.1],[94.5,-6.1],[94.58,-6.08],[94.61,-6.06],[94.61,-6.03],[94.72,-6.0],[94.83,-6.0],[94.94,-5.95],[94.94,-5.9],[95.01,-5.9],[95.04,-5.93],[95.04,-5.96],[95.12,-6.0],[95.15,-6.0],[95.26,-6.0],[95.33,-6.01],[95.33,-6.05],[95.37,-6.05],[95.37,-6.08],[95.44,-6.1],[95.55,-6.06],[95.55,-5.95],[95.48,-5.86],[95.37,-5.83],[95.37,-5.81],[95.26,-5.81],[95.22,-5.78],[95.15,-5.78],[95.15,-5.73],[95.04,-5.68],[95.04,-5.66],[95.01,-5.63],[94.94,-5.59],[94.83,-5.58],[94.83,-5.51],[94.94,-5.49],[95.01,-5.49],[95.04,-5.46],[95.04,-5.34],[95.04,-5.33],[95.04,-5.29],[95.12,-5.29],[95.12,-5.28],[95.15,-5.24],[95.15,-4.96],[95.12,-4.92],[95.12,-4.91],[95.04,-4.87],[95.04,-4.82],[95.04,-4.81],[95.15,-4.81],[95.22,-4.77],[95.26,-4.77],[95.26,-4.74],[95.26,-4.71],[95.37,-4.71],[95.44,-4.74],[95.44,-4.76],[95.51,-4.81],[95.58,-4.81],[95.62,-4.82],[95.62,-4.84],[95.66,-4.86],[95.66,-4.96],[95.62,-4.97],[95.62,-5.01],[95.58,-5.01],[95.55,-5.04],[95.55,-5.19],[95.58,-5.24],[95.58,-5.29],[95.69,-5.38],[95.73,-5.39],[95.73,-5.36],[95.76,-5.34],[95.76,-5.23],[95.84,-5.19],[95.94,-5.19],[96.05,-5.23],[96.05,-5.28],[95.98,-5.28],[95.94,-5.31],[95.91,-5.34],[95.84,-5.36],[95.8,-5.41],[95.73,-5.46],[95.66,-5.54],[95.66,-5.58],[95.73,-5.61],[95.84,-5.61],[95.94,-5.59],[96.05,-5.59],[96.16,-5.58],[96.2,-5.54],[96.3,-5.49],[96.3,-5.46],[96.3,-5.34],[96.27,-5.29],[96.2,-5.29],[96.16,-5.28],[96.16,-5.06],[96.2,-4.96],[96.3,-4.91],[96.41,-4.99],[96.52,-4.91],[96.52,-4.87],[96.52,-4.82],[96.48,-4.81],[96.3,-4.81],[96.3,-4.79],[96.27,-4.77],[96.27,-4.62],[96.38,-4.42],[96.41,-4.37],[96.52,-4.3],[96.52,-4.32],[96.52,-4.37],[96.52,-4.39],[96.48,-4.39],[96.48,-4.42],[96.41,-4.44],[96.48,-4.49],[96.59,-4.57],[96.59,-4.61],[96.63,-4.62],[96.63,-4.69],[96.52,-4.74],[96.52,-4.76],[96.59,-4.81],[96.63,-4.86],[96.63,-4.87],[96.74,-4.89],[96.74,-4.84],[96.84,-4.81],[96.95,-4.81],[97.02,-4.79],[97.02,-4.74],[97.06,-4.71],[97.06,-4.44],[97.1,-4.42],[97.17,-4.42],[97.2,-4.39],[97.28,-4.39],[97.35,-4.37],[97.35,-4.34],[97.46,-4.3],[97.53,-4.3],[97.56,-4.29],[97.89,-4.29],[97.96,-4.24],[97.96,-4.1],[97.89,-4.07],[97.89,-4.02],[97.89,-3.97],[97.78,-3.9],[97.78,-3.85],[97.74,-3.84],[97.74,-3.74],[97.64,-3.7],[97.46,-3.7],[97.35,-3.67],[97.35,-3.65],[97.35,-3.55],[97.42,-3.5],[97.56,-3.5],[97.67,-3.55],[97.67,-3.58],[97.74,-3.57],[97.74,-3.53],[97.78,-3.52],[97.85,-3.53],[97.85,-3.57],[97.96,-3.65],[97.96,-3.67],[98.0,-3.67],[98.07,-3.65],[98.1,-3.62],[98.1,-3.57],[98.1,-3.45],[98.18,-3.43],[98.18,-3.4],[98.25,-3.42],[98.25,-3.48],[98.32,-3.5],[98.32,-3.47],[98.36,-3.47],[98.36,-3.32],[98.43,-3.3],[98.46,-3.33],[98.46,-3.38],[98.57,-3.4],[98.57,-3.38],[98.64,-3.38],[98.64,-3.32],[98.54,-3.23],[98.5,-3.22],[98.5,-3.2],[98.46,-3.18],[98.46,-3.07],[98.43,-3.05],[98.43,-3.03],[98.36,-3.0],[98.21,-3.0],[98.1,-2.95],[98.1,-2.91],[98.0,-2.9],[97.89,-2.85],[97.89,-2.8],[97.89,-2.85],[97.85,-2.86],[97.78,-2.9],[97.67,-2.91],[97.64,-2.93],[97.64,-2.98],[97.56,-3.0],[97.53,-3.0],[97.46,-3.03],[97.46,-3.07],[97.35,-3.1],[97.35,-3.07],[97.31,-3.03],[97.31,-3.01],[97.28,-2.98],[97.28,-2.91],[97.35,-2.86],[97.35,-2.83],[97.28,-2.8],[97.28,-2.75],[97.24,-2.75],[97.24,-2.61],[97.17,-2.58],[97.17,-2.31],[97.2,-2.29],[97.24,-2.29],[97.24,-2.13],[97.2,-2.11],[96.92,-2.11],[96.88,-2.13],[96.84,-2.16],[96.84,-2.29],[96.81,-2.36],[96.74,-2.48],[96.63,-2.53],[96.52,-2.58],[96.48,-2.6],[96.41,-2.6],[96.3,-2.65],[96.3,-2.66],[96.3,-2.68],[96.2,-2.68],[96.2,-2.7],[95.98,-2.7],[95.91,-2.71],[95.84,-2.75],[95.84,-2.86],[95.73,-2.96],[95.62,-3.0],[95.51,-3.0],[95.48,-2.98],[95.48,-2.95],[95.44,-2.93],[95.44,-2.75],[95.37,-2.73],[95.37,-2.68],[95.33,-2.65],[95.22,-2.6],[95.15,-2.6],[95.15,-2.63],[95.15,-2.68],[95.22,-2.7],[95.22,-2.73],[95.26,-2.73],[95.26,-2.75],[95.15,-2.8],[94.9,-2.8],[94.72,-2.83],[94.72,-2.85],[94.61,-2.9],[94.36,-2.9],[94.25,-2.86],[94.25,-2.81],[94.32,-2.8],[94.32,-2.71],[94.36,-2.68],[94.36,-2.43],[94.4,-2.4],[94.4,-2.38],[94.43,-2.38],[94.43,-2.33],[94.36,-2.29],[94.36,-2.21],[94.43,-2.21],[94.5,-2.18],[94.58,-2.13],[94.61,-2.04],[94.61,-1.84],[94.68,-1.81],[94.72,-1.79],[94.9,-1.79],[94.94,-1.78],[94.94,-1.71],[94.83,-1.69],[94.83,-1.61],[94.9,-1.59],[95.01,-1.59],[95.04,-1.59],[95.04,-1.52],[94.94,-1.47],[94.94,-1.46],[94.83,-1.39],[94.83,-1.32],[94.94,-1.31],[95.01,-1.31],[95.04,-1.29],[95.15,-1.24],[95.15,-1.22],[95.22,-1.19],[95.22,-1.16],[95.33,-1.12],[95.33,-1.14],[95.44,-1.19],[95.51,-1.21],[95.73,-1.21],[95.8,-1.19],[95.84,-1.16],[95.84,-0.9],[95.76,-0.89],[95.76,-0.7],[95.84,-0.69],[95.84,-0.42],[95.8,-0.42],[95.73,-0.4],[95.62,-0.4],[95.55,-0.37],[95.55,-0.32],[95.58,-0.32],[95.66,-0.3],[95.76,-0.3],[95.8,-0.28],[95.84,-0.28],[95.84,-0.25]],[[95.44,-1.46],[95.44,-1.41],[95.37,-1.41],[95.37,-1.57],[95.44,-1.64],[95.44,-1.67],[95.51,-1.69],[95.55,-1.67],[95.55,-1.64],[95.62,-1.59],[95.69,-1.59],[95.76,-1.54],[95.66,-1.49],[95.55,-1.49],[95.44,-1.46]],[[97.46,-2.95],[97.46,-2.93],[97.42,-2.9],[97.35,-2.91],[97.35,-2.98],[97.42,-3.0],[97.46,-2.98],[97.46,-2.95]],[[94.61,-3.55],[94.61,-3.53],[94.58,-3.5],[94.43,-3.5],[94.36,-3.52],[94.36,-3.57],[94.43,-3.58],[94.43,-3.6],[94.54,-3.6],[94.61,-3.57],[94.61,-3.55]],[[94.36,-3.65],[94.32,-3.62],[94.25,-3.6],[94.0,-3.6],[93.96,-3.65],[93.96,-3.67],[94.0,-3.75],[94.07,-3.75],[94.07,-3.8],[94.14,-3.77],[94.14,-3.75],[94.22,-3.7],[94.29,-3.7],[94.36,-3.65]],[[98.07,-3.85],[98.0,-3.84],[98.0,-3.8],[97.96,-3.82],[97.96,-3.89],[98.0,-3.9],[98.0,-3.85],[98.07,-3.85]],[[94.36,-3.95],[94.36,-3.92],[94.32,-3.92],[94.32,-3.9],[94.25,-3.92],[94.25,-3.99],[94.32,-4.0],[94.36,-3.95]],[[94.54,-3.95],[94.54,-3.92],[94.47,-3.9],[94.47,-4.0],[94.54,-4.0],[94.54,-3.95]],[[98.18,-4.07],[98.1,-4.02],[98.07,-4.0],[98.07,-4.19],[98.1,-4.19],[98.21,-4.19],[98.25,-4.19],[98.25,-4.12],[98.21,-4.1],[98.18,-4.07]],[[98.36,-4.05],[98.36,-4.02],[98.32,-4.0],[98.25,-4.02],[98.25,-4.09],[98.32,-4.1],[98.36,-4.09],[98.36,-4.05]],[[90.83,-4.71],[90.83,-4.62],[90.8,-4.61],[90.72,-4.62],[90.72,-4.64],[90.62,-4.74],[90.62,-4.79],[90.72,-4.81],[90.83,-4.77],[90.83,-4.71]],[[96.52,-4.64],[96.52,-4.61],[96.41,-4.61],[96.3,-4.64],[96.3,-4.66],[96.41,-4.69],[96.48,-4.71],[96.52,-4.67],[96.52,-4.64]],[[95.55,-4.94],[95.55,-4.91],[95.48,-4.91],[95.44,-4.92],[95.44,-4.97],[95.48,-4.97],[95.48,-5.01],[95.55,-4.99],[95.55,-4.94]],[[95.84,-5.78],[95.84,-5.71],[95.76,-5.71],[95.76,-6.0],[95.84,-6.0],[95.84,-6.15],[95.87,-6.15],[95.87,-6.18],[95.94,-6.2],[96.09,-6.2],[96.16,-6.21],[96.2,-6.21],[96.2,-6.25],[96.27,-6.25],[96.27,-6.3],[96.3,-6.3],[96.41,-6.3],[96.41,-6.33],[96.41,-6.35],[96.41,-6.47],[96.52,-6.5],[96.52,-6.53],[96.52,-6.67],[96.59,-6.7],[96.7,-6.7],[96.74,-6.68],[96.74,-6.62],[96.74,-6.58],[96.74,-6.55],[96.81,-6.53],[96.81,-6.5],[96.84,-6.45],[96.92,-6.4],[96.92,-6.36],[97.02,-6.3],[97.02,-6.26],[97.06,-6.23],[97.02,-6.21],[96.95,-6.21],[96.88,-6.2],[96.52,-6.2],[96.3,-6.16],[96.3,-6.11],[96.3,-6.1],[96.2,-6.1],[96.16,-6.08],[96.16,-6.03],[96.09,-6.0],[95.98,-6.0],[95.94,-5.96],[95.91,-5.93],[95.91,-5.9],[95.87,-5.86],[95.87,-5.83],[95.84,-5.78]],[[95.76,-6.1],[95.76,-6.06],[95.73,-6.05],[95.73,-6.0],[95.66,-6.01],[95.66,-6.18],[95.73,-6.2],[95.73,-6.16],[95.76,-6.15],[95.76,-6.1]],[[95.15,-6.15],[95.15,-6.11],[95.12,-6.1],[95.04,-6.11],[95.04,-6.18],[95.15,-6.18],[95.15,-6.15]],[[92.85,-6.25],[92.81,-6.21],[92.74,-6.2],[92.63,-6.2],[92.52,-6.23],[92.52,-6.47],[92.6,-6.5],[92.7,-6.5],[92.74,-6.47],[92.74,-6.35],[92.74,-6.3],[92.85,-6.3],[92.85,-6.25]],[[91.95,-6.35],[91.95,-6.31],[91.88,-6.3],[91.88,-6.33],[91.84,-6.33],[91.84,-6.36],[91.88,-6.38],[91.95,-6.38],[91.95,-6.35]],[[92.2,-6.53],[92.2,-6.43],[92.16,-6.4],[92.09,-6.4],[92.06,-6.43],[92.06,-6.47],[91.98,-6.5],[91.84,-6.53],[91.84,-6.57],[91.77,-6.63],[91.77,-6.68],[91.73,-6.72],[91.77,-6.73],[91.77,-6.77],[91.8,-6.8],[91.98,-6.8],[92.09,-6.77],[92.16,-6.73],[92.2,-6.65],[92.2,-6.53]],[[95.84,-6.48],[95.84,-6.43],[95.73,-6.4],[95.55,-6.4],[95.48,-6.42],[95.48,-6.45],[95.44,-6.47],[95.44,-6.53],[95.48,-6.55],[95.48,-6.62],[95.55,-6.58],[95.55,-6.52],[95.62,-6.5],[95.62,-6.53],[95.66,-6.53],[95.66,-6.7],[95.73,-6.68],[95.8,-6.62],[95.8,-6.58],[95.84,-6.53],[95.84,-6.48]],[[91.84,-7.2],[91.84,-7.12],[91.8,-7.1],[91.77,-7.12],[91.7,-7.17],[91.7,-7.2],[91.66,-7.24],[91.66,-7.29],[91.7,-7.3],[91.77,-7.3],[91.84,-7.27],[91.84,-7.2]],[[93.46,-7.34],[93.42,-7.3],[93.35,-7.32],[93.35,-7.39],[93.42,-7.4],[93.42,-7.37],[93.46,-7.37],[93.46,-7.34]]]}},{"type":"Feature","properties":{"precip":20},"geometry":{"type":"Polygon","coordinates":[[[61.53,-0.32],[61.57,-0.3],[61.61,-0.3],[61.64,-0.32],[61.64,-0.35],[61.71,-0.39],[61.75,-0.39],[61.79,-0.4],[62.14,-0.4],[62.18,-0.42],[62.32,-0.42],[62.32,-0.5],[62.25,-0.54],[62.25,-0.57],[62.18,-0.6],[62.14,-0.57],[62.14,-0.5],[62.11,-0.5],[62.07,-0.5],[62.04,-0.55],[62.04,-0.64],[62.0,-0.67],[62.0,-0.69],[61.97,-0.72],[61.97,-0.75],[61.89,-0.82],[61.82,-0.85],[61.79,-0.87],[61.71,-0.9],[61.64,-0.87],[61.64,-0.84],[61.68,-0.8],[61.75,-0.8],[61.82,-0.77],[61.82,-0.75],[61.86,-0.72],[61.86,-0.59],[61.82,-0.55],[61.82,-0.5],[61.75,-0.5],[61.68,-0.47],[61.57,-0.39],[61.57,-0.35],[61.53,-0.32]]]}},{"type":"Feature","properties":{"precip":20},"geometry":{"type":"Polygon","coordinates":[[[63.73,-0.37],[63.73,-0.33],[63.8,-0.32],[63.87,-0.3],[63.91,-0.32],[63.94,-0.33],[63.94,-0.45],[63.91,-0.5],[63.8,-0.59],[63.76,-0.6],[63.69,-0.6],[63.66,-0.59],[63.66,-0.45],[63.73,-0.37]]]}},{"type":"Feature","properties":{"precip":20},"geometry":{"type":"Polygon","coordinates":[[[66.25,-0.45],[66.25,-0.33],[66.28,-0.32],[66.39,-0.3],[66.68,-0.3],[66.82,-0.32],[66.86,-0.33],[66.86,-0.39],[66.9,-0.4],[67.0,-0.4],[67.04,-0.42],[67.04,-0.47],[66.97,-0.52],[66.93,-0.57],[66.9,-0.57],[66.79,-0.6],[66.32,-0.6],[66.25,-0.54],[66.25,-0.45]]]}},{"type":"Feature","properties":{"precip":20},"geometry":{"type":"Polygon","coordinates":[[[67.4,-0.37],[67.47,-0.32],[67.62,-0.3],[67.69,-0.3],[67.76,-0.32],[67.72,-0.35],[67.72,-0.4],[67.65,-0.44],[67.62,-0.49],[67.54,-0.52],[67.47,-0.6],[67.4,-0.6],[67.36,-0.59],[67.36,-0.45],[67.4,-0.42],[67.4,-0.37]]]}},{"type":"Feature","properties":{"precip":20},"geometry":{"type":"Polygon","coordinates":[[[28.63,-0.42],[28.71,-0.4],[28.78,-0.4],[28.81,-0.42],[28.85,-0.44],[28.85,-0.59],[28.81,-0.6],[28.78,-0.59],[28.71,-0.52],[28.71,-0.5],[28.67,-0.45],[28.63,-0.42]]]}},{"type":"Feature","properties":{"precip":20},"geometry":{"type":"Polygon","coordinates":[[[64.74,-0.45],[64.74,-0.44],[64.84,-0.4],[64.95,-0.4],[65.06,-0.44],[65.06,-0.49],[65.1,-0.5],[65.17,-0.5],[65.24,-0.52],[65.24,-0.57],[65.2,-0.59],[65.13,-0.59],[65.1,-0.6],[64.7,-0.6],[64.66,-0.59],[64.59,-0.59],[64.56,-0.57],[64.56,-0.52],[64.63,-0.5],[64.7,-0.5],[64.74,-0.49],[64.74,-0.45]]]}},{"type":"Feature","properties":{"precip":20},"geometry":{"type":"Polygon","coordinates":[[[27.55,-0.6],[27.55,-0.54],[27.63,-0.5],[27.7,-0.5],[27.77,-0.5],[27.91,-0.52],[27.95,-0.54],[27.95,-0.57],[28.02,-0.6],[28.02,-0.57],[28.06,-0.55],[28.06,-0.52],[28.13,-0.5],[28.13,-0.55],[28.17,-0.59],[28.31,-0.6],[28.35,-0.65],[28.35,-1.04],[28.31,-1.06],[28.31,-1.11],[28.27,-1.11],[28.27,-1.07],[28.24,-1.07],[28.24,-1.02],[28.2,-1.0],[28.13,-1.0],[28.06,-0.97],[28.06,-0.94],[27.95,-0.9],[27.73,-0.9],[27.7,-0.89],[27.63,-0.89],[27.55,-0.87],[27.55,-0.84],[27.48,-0.8],[27.3,-0.8],[27.27,-0.82],[27.27,-0.9],[27.23,-0.92],[27.23,-0.99],[27.16,-0.99],[27.16,-0.94],[27.12,-0.9],[27.05,-0.9],[26.98,-0.89],[26.98,-0.87],[26.94,-0.85],[26.94,-0.75],[27.05,-0.7],[27.16,-0.7],[27.27,-0.69],[27.45,-0.69],[27.55,-0.65],[27.55,-0.6]]]}},{"type":"Feature","properties":{"precip":20},"geometry":{"type":"Polygon","coordinates":[[[63.26,-0.55],[63.26,-0.5],[63.3,-0.5],[63.33,-0.5],[63.33,-0.6],[63.26,-0.6],[63.26,-0.55]]]}},{"type":"Feature","properties":{"precip":20},"geometry":{"type":"Polygon","coordinates":[[[35.04,-0.65],[35.04,-0.62],[35.08,-0.6],[35.15,-0.6],[35.15,-0.69],[35.08,-0.69],[35.04,-0.69],[35.04,-0.65]]]}},{"type":"Feature","properties":{"precip":20},"geometry":{"type":"Polygon","coordinates":[[[35.76,-0.65],[35.76,-0.6],[35.8,-0.6],[35.83,-0.6],[35.83,-0.69],[35.76,-0.69],[35.76,-0.65]]]}},{"type":"Feature","properties":{"precip":20},"geometry":{"type":"Polygon","coordinates":[[[65.96,-0.65],[65.96,-0.6],[66.03,-0.6],[66.03,-0.69],[65.96,-0.69],[65.96,-0.65]]]}},{"type":"Feature","properties":{"precip":20},"geometry":{"type":"Polygon","coordinates":[[[94.14,-0.75],[94.14,-0.72],[94.22,-0.69],[94.25,-0.72],[94.25,-0.77],[94.22,-0.79],[94.14,-0.77],[94.14,-0.75]]]}},{"type":"Feature","properties":{"precip":20},"geometry":{"type":"Polygon","coordinates":[[[59.95,-0.85],[59.95,-0.82],[59.99,-0.8],[60.06,-0.82],[60.06,-0.85],[60.02,-0.87],[60.02,-0.9],[59.95,-0.95],[59.84,-1.0],[59.77,-0.97],[59.73,-0.95],[59.81,-0.9],[59.88,-0.9],[59.88,-0.89],[59.95,-0.87],[59.95,-0.85]]]}},{"type":"Feature","properties":{"precip":20},"geometry":{"type":"Polygon","coordinates":[[[28.49,-0.97],[28.53,-0.95],[28.63,-0.9],[28.63,-0.97],[28.6,-0.99],[28.6,-1.02],[28.56,-1.04],[28.49,-1.09],[28.45,-1.09],[28.45,-1.04],[28.49,-1.02],[28.49,-0.97]]]}},{"type":"Feature","properties":{"precip":20},"geometry":{"type":"Polygon","coordinates":[[[98.93,-1.04],[98.93,-1.02],[99.04,-1.0],[99.14,-1.0],[99.14,-1.11],[99.11,-1.11],[99.04,-1.09],[99.0,-1.09],[98.93,-1.07],[98.93,-1.04]]]}},{"type":"Feature","properties":{"precip":20},"geometry":{"type":"Polygon","coordinates":[[[28.45,-1.24],[28.45,-1.21],[28.53,-1.21],[28.56,-1.22],[28.56,-1.27],[28.53,-1.27],[28.53,-1.31],[28.45,-1.29],[28.45,-1.24]]]}},{"type":"Feature","properties":{"precip":20},"geometry":{"type":"Polygon","coordinates":[[[65.74,-1.24],[65.74,-1.22],[65.78,-1.21],[65.85,-1.22],[65.85,-1.29],[65.78,-1.29],[65.74,-1.27],[65.74,-1.24]]]}},{"type":"Feature","properties":{"precip":20},"geometry":{"type":"Polygon","coordinates":[[[65.96,-1.24],[65.96,-1.21],[66.03,-1.21],[66.03,-1.31],[65.96,-1.29],[65.96,-1.24]]]}},{"type":"Feature","properties":{"precip":20},"geometry":{"type":"Polygon","coordinates":[[[18.84,-1.41],[18.84,-1.34],[18.88,-1.32],[18.88,-1.31],[18.92,-1.31],[18.95,-1.32],[18.95,-1.47],[18.88,-1.49],[18.88,-1.47],[18.84,-1.46],[18.84,-1.41]]]}},{"type":"Feature","properties":{"precip":20},"geometry":{"type":"Polygon","coordinates":[[[27.27,-1.49],[27.27,-1.42],[27.34,-1.41],[27.48,-1.41],[27.55,-1.46],[27.55,-1.56],[27.48,-1.59],[27.34,-1.59],[27.27,-1.59],[27.27,-1.49]]]}},{"type":"Feature","properties":{"precip":20},"geometry":{"type":"Polygon","coordinates":[[[32.45,-1.46],[32.45,-1.42],[32.52,-1.41],[32.59,-1.41],[32.63,-1.42],[32.63,-1.47],[32.67,-1.49],[32.63,-1.52],[32.63,-1.57],[32.59,-1.59],[32.52,-1.59],[32.45,-1.62],[32.45,-1.67],[32.41,-1.69],[32.31,-1.69],[32.27,-1.67],[32.27,-1.64],[32.23,-1.62],[32.23,-1.59],[32.27,-1.56],[32.27,-1.52],[32.34,-1.49],[32.45,-1.49],[32.45,-1.46]]]}},{"type":"Feature","properties":{"precip":20},"geometry":{"type":"Polygon","coordinates":[[[57.72,-1.49],[57.75,-1.44],[57.83,-1.41],[57.9,-1.41],[57.93,-1.46],[57.93,-1.66],[57.9,-1.69],[57.79,-1.69],[57.68,-1.59],[57.68,-1.49],[57.72,-1.49]]]}},{"type":"Feature","properties":{"precip":20},"geometry":{"type":"Polygon","coordinates":[[[94.61,-1.49],[94.61,-1.46],[94.61,-1.42],[94.72,-1.41],[94.72,-1.44],[94.72,-1.46],[94.72,-1.49],[94.68,-1.51],[94.68,-1.54],[94.61,-1.59],[94.58,-1.59],[94.58,-1.51],[94.61,-1.49]]]}},{"type":"Feature","properties":{"precip":20},"geometry":{"type":"Polygon","coordinates":[[[28.74,-1.56],[28.74,-1.52],[28.78,-1.49],[28.85,-1.51],[28.85,-1.59],[28.78,-1.59],[28.74,-1.59],[28.74,-1.56]]]}},{"type":"Feature","properties":{"precip":20},"geometry":{"type":"Polygon","coordinates":[[[20.25,-2.04],[20.28,-2.01],[20.39,-2.01],[20.46,-2.04],[20.46,-2.06],[20.43,-2.06],[20.43,-2.09],[20.32,-2.11],[20.25,-2.04]]]}},{"type":"Feature","properties":{"precip":20},"geometry":{"type":"Polygon","coordinates":[[[78.45,-2.14],[78.49,-2.13],[78.52,-2.11],[78.85,-2.11],[78.95,-2.13],[78.95,-2.16],[78.92,-2.16],[78.85,-2.19],[78.81,-2.19],[78.74,-2.21],[78.63,-2.21],[78.59,-2.19],[78.52,-2.19],[78.45,-2.14]]]}},{"type":"Feature","properties":{"precip":20},"geometry":{"type":"Polygon","coordinates":[[[69.56,-2.34],[69.56,-2.31],[69.63,-2.31],[69.78,-2.31],[69.85,-2.33],[69.85,-2.38],[69.81,-2.38],[69.74,-2.4],[69.63,-2.4],[69.56,-2.38],[69.56,-2.34]]]}},{"type":"Feature","properties":{"precip":20},"geometry":{"type":"Polygon","coordinates":[[[28.35,-2.45],[28.35,-2.41],[28.38,-2.4],[28.45,-2.41],[28.45,-2.48],[28.38,-2.5],[28.35,-2.48],[28.35,-2.45]]]}},{"type":"Feature","properties":{"precip":20},"geometry":{"type":"Polygon","coordinates":[[[69.63,-2.55],[69.67,-2.55],[69.67,-2.5],[69.74,-2.51],[69.74,-2.58],[69.67,-2.6],[69.67,-2.56],[69.63,-2.55]]]}},{"type":"Feature","properties":{"precip":20},"geometry":{"type":"Polygon","coordinates":[[[94.14,-2.6],[94.14,-2.55],[94.18,-2.53],[94.18,-2.5],[94.22,-2.5],[94.25,-2.53],[94.25,-2.66],[94.18,-2.7],[94.18,-2.66],[94.14,-2.66],[94.14,-2.6]]]}},{"type":"Feature","properties":{"precip":20},"geometry":{"type":"Polygon","coordinates":[[[28.24,-2.66],[28.24,-2.65],[28.35,-2.6],[28.45,-2.6],[28.56,-2.65],[28.56,-2.66],[28.45,-2.7],[28.35,-2.7],[28.24,-2.66]]]}},{"type":"Feature","properties":{"precip":20},"geometry":{"type":"Polygon","coordinates":[[[27.73,-2.85],[27.77,-2.83],[27.77,-2.8],[27.84,-2.81],[27.84,-2.9],[27.77,-2.9],[27.77,-2.86],[27.73,-2.85]]]}},{"type":"Feature","properties":{"precip":20},"geometry":{"type":"Polygon","coordinates":[[[71.61,-2.86],[71.68,-2.83],[71.79,-2.8],[71.9,-2.8],[71.94,-2.81],[71.94,-2.88],[71.83,-2.96],[71.72,-3.0],[71.61,-3.0],[71.54,-2.95],[71.58,-2.93],[71.58,-2.91],[71.61,-2.86]]]}},{"type":"Feature","properties":{"precip":20},"geometry":{"type":"Polygon","coordinates":[[[27.66,-3.05],[27.66,-3.01],[27.73,-3.0],[27.84,-3.03],[27.88,-3.07],[27.95,-3.15],[27.95,-3.25],[27.91,-3.28],[27.84,-3.3],[27.77,-3.3],[27.77,-3.25],[27.73,-3.22],[27.73,-3.12],[27.66,-3.1],[27.66,-3.05]]]}},{"type":"Feature","properties":{"precip":20},"geometry":{"type":"Polygon","coordinates":[[[98.07,-3.15],[98.07,-3.12],[98.1,-3.12],[98.1,-3.2],[98.07,-3.2],[98.07,-3.15]]]}},{"type":"Feature","properties":{"precip":20},"geometry":{"type":"Polygon","coordinates":[[[28.45,-3.25],[28.45,-3.2],[28.49,-3.2],[28.56,-3.23],[28.56,-3.27],[28.53,-3.28],[28.53,-3.3],[28.45,-3.3],[28.45,-3.25]]]}},{"type":"Feature","properties":{"precip":20},"geometry":{"type":"Polygon","coordinates":[[[83.63,-3.45],[83.71,-3.4],[83.81,-3.4],[83.85,-3.42],[83.85,-3.47],[83.78,-3.48],[83.78,-3.5],[83.67,-3.48],[83.67,-3.47],[83.63,-3.45]]]}},{"type":"Feature","properties":{"precip":20},"geometry":{"type":"Polygon","coordinates":[[[22.16,-3.65],[22.16,-3.6],[22.23,-3.6],[22.23,-3.65],[22.26,-3.65],[22.23,-3.67],[22.23,-3.7],[22.16,-3.68],[22.16,-3.65]]]}},{"type":"Feature","properties":{"precip":20},"geometry":{"type":"Polygon","coordinates":[[[74.49,-3.8],[74.53,-3.77],[74.53,-3.75],[74.56,-3.75],[74.67,-3.7],[74.78,-3.7],[74.85,-3.74],[74.85,-3.84],[74.82,-3.87],[74.74,-3.9],[74.67,-3.89],[74.64,-3.84],[74.64,-3.82],[74.6,-3.8],[74.56,-3.84],[74.56,-3.85],[74.49,-3.9],[74.46,-3.89],[74.46,-3.84],[74.49,-3.84],[74.49,-3.8]]]}},{"type":"Feature","properties":{"precip":20},"geometry":{"type":"Polygon","coordinates":[[[90.51,-3.77],[90.54,-3.75],[90.62,-3.74],[90.69,-3.7],[90.83,-3.7],[90.94,-3.74],[90.94,-3.87],[90.83,-3.9],[90.54,-3.9],[90.47,-3.89],[90.47,-3.82],[90.51,-3.77]]]}},{"type":"Feature","properties":{"precip":20},"geometry":{"type":"Polygon","coordinates":[[[95.15,-3.8],[95.15,-3.74],[95.15,-3.7],[95.22,-3.7],[95.22,-3.75],[95.26,-3.75],[95.26,-3.84],[95.22,-3.85],[95.22,-3.9],[95.15,-3.87],[95.15,-3.8]]]}},{"type":"Feature","properties":{"precip":20},"geometry":{"type":"Polygon","coordinates":[[[22.8,-3.99],[22.88,-3.92],[22.95,-3.85],[23.09,-3.8],[23.16,-3.8],[23.23,-3.84],[23.23,-3.92],[23.27,-3.92],[23.27,-3.97],[23.31,-4.02],[23.41,-4.1],[23.41,-4.12],[23.45,-4.14],[23.45,-4.19],[23.41,-4.19],[23.34,-4.19],[23.27,-4.2],[23.23,-4.24],[23.23,-4.29],[23.16,-4.29],[23.09,-4.32],[22.98,-4.42],[22.98,-4.44],[22.91,-4.47],[22.88,-4.47],[22.8,-4.42],[22.73,-4.32],[22.66,-4.24],[22.66,-4.15],[22.7,-4.1],[22.73,-4.04],[22.8,-3.99]],[[22.84,-4.27],[22.84,-4.2],[22.77,-4.2],[22.77,-4.24],[22.73,-4.27],[22.77,-4.27],[22.77,-4.29],[22.84,-4.29],[22.84,-4.27]]]}},{"type":"Feature","properties":{"precip":20},"geometry":{"type":"Polygon","coordinates":[[[71.36,-3.85],[71.36,-3.84],[71.5,-3.8],[71.72,-3.8],[71.83,-3.84],[71.86,-3.87],[71.86,-3.92],[71.83,-3.95],[71.83,-3.99],[71.76,-4.0],[71.61,-4.0],[71.54,-3.95],[71.54,-3.92],[71.5,-3.9],[71.4,-3.9],[71.36,-3.89],[71.36,-3.85]]]}},{"type":"Feature","properties":{"precip":20},"geometry":{"type":"Polygon","coordinates":[[[90.0,-3.92],[90.11,-3.9],[90.29,-3.9],[90.33,-3.92],[90.33,-3.97],[90.29,-4.0],[90.29,-4.02],[90.22,-4.07],[90.22,-4.09],[90.11,-4.02],[90.11,-4.0],[90.08,-3.99],[90.08,-3.95],[90.0,-3.92]]]}},{"type":"Feature","properties":{"precip":20},"geometry":{"type":"Polygon","coordinates":[[[76.11,-4.05],[76.11,-4.02],[76.22,-4.0],[76.22,-4.02],[76.22,-4.09],[76.29,-4.1],[76.33,-4.1],[76.43,-4.1],[76.43,-4.15],[76.43,-4.17],[76.43,-4.19],[76.54,-4.19],[76.61,-4.22],[76.65,-4.29],[76.72,-4.32],[76.72,-4.39],[76.65,-4.42],[76.65,-4.47],[76.79,-4.51],[76.87,-4.54],[76.87,-4.59],[76.94,-4.57],[76.94,-4.56],[76.97,-4.54],[76.97,-4.51],[77.01,-4.51],[77.05,-4.54],[77.05,-4.57],[77.23,-4.59],[77.26,-4.61],[77.48,-4.61],[77.66,-4.64],[77.66,-4.67],[77.69,-4.71],[77.8,-4.71],[77.8,-4.74],[77.8,-5.16],[77.77,-5.19],[77.69,-5.19],[77.66,-5.23],[77.66,-5.26],[77.59,-5.29],[77.44,-5.29],[77.37,-5.33],[77.33,-5.36],[77.33,-5.38],[77.26,-5.39],[77.15,-5.39],[77.08,-5.41],[77.05,-5.44],[77.05,-5.64],[77.01,-5.68],[77.01,-5.71],[76.97,-5.71],[76.94,-5.73],[76.94,-5.76],[76.97,-5.76],[76.97,-5.8],[77.05,-5.8],[77.05,-5.81],[77.15,-5.81],[77.23,-5.83],[77.23,-5.85],[77.26,-5.88],[77.26,-5.91],[77.33,-5.93],[77.37,-6.0],[77.44,-6.0],[77.48,-6.0],[77.55,-6.01],[77.55,-6.08],[77.59,-6.1],[77.69,-6.1],[77.69,-6.08],[77.69,-6.06],[77.77,-6.05],[77.77,-6.01],[77.8,-6.0],[77.91,-6.0],[77.91,-6.01],[77.91,-6.08],[77.87,-6.1],[77.8,-6.1],[77.77,-6.11],[77.77,-6.15],[77.69,-6.16],[77.69,-6.18],[77.69,-6.2],[77.59,-6.2],[77.55,-6.21],[77.55,-6.26],[77.48,-6.3],[77.37,-6.3],[77.33,-6.26],[77.33,-6.21],[77.26,-6.2],[77.23,-6.2],[77.19,-6.18],[77.15,-6.18],[77.15,-6.11],[77.12,-6.08],[77.05,-5.93],[76.97,-5.86],[76.9,-5.81],[76.72,-5.71],[76.61,-5.69],[76.54,-5.66],[76.54,-5.63],[76.43,-5.61],[76.4,-5.61],[76.33,-5.59],[76.33,-5.61],[76.22,-5.61],[76.11,-5.63],[76.11,-5.68],[76.07,-5.71],[76.0,-5.71],[75.93,-5.76],[75.93,-5.78],[75.86,-5.85],[75.86,-6.01],[75.89,-6.1],[75.97,-6.18],[76.11,-6.3],[76.22,-6.3],[76.33,-6.3],[76.43,-6.33],[76.43,-6.4],[76.33,-6.42],[76.33,-6.52],[76.33,-6.53],[76.33,-6.57],[76.29,-6.62],[76.22,-6.68],[76.11,-6.8],[76.11,-6.95],[76.18,-6.98],[76.22,-7.02],[76.22,-7.07],[76.11,-7.09],[76.04,-7.09],[75.97,-7.1],[75.68,-7.1],[75.61,-7.12],[75.53,-7.15],[75.53,-7.17],[75.5,-7.22],[75.43,-7.25],[75.43,-7.27],[75.35,-7.3],[75.28,-7.3],[75.25,-7.32],[75.25,-7.37],[75.18,-7.4],[75.1,-7.4],[75.07,-7.42],[75.07,-7.5],[75.14,-7.52],[75.14,-7.57],[75.07,-7.6],[75.07,-7.69],[75.1,-7.7],[75.21,-7.7],[75.25,-7.69],[75.25,-7.62],[75.32,-7.6],[75.46,-7.6],[75.46,-7.59],[75.57,-7.54],[75.57,-7.52],[75.64,-7.45],[75.68,-7.42],[75.79,-7.39],[75.86,-7.35],[75.89,-7.3],[75.93,-7.27],[75.93,-7.25],[76.0,-7.22],[76.07,-7.22],[76.11,-7.2],[76.33,-7.2],[76.33,-7.19],[76.43,-7.19],[76.54,-7.17],[76.54,-7.14],[76.54,-7.1],[76.65,-7.1],[76.65,-7.07],[76.76,-7.07],[76.76,-7.03],[76.83,-6.98],[76.87,-6.93],[77.01,-6.88],[77.05,-6.88],[77.05,-6.83],[77.12,-6.8],[77.19,-6.8],[77.23,-6.77],[77.26,-6.77],[77.26,-6.72],[77.37,-6.68],[77.37,-6.67],[77.48,-6.63],[77.48,-6.62],[77.48,-6.57],[77.59,-6.53],[77.66,-6.5],[77.69,-6.52],[77.77,-6.55],[77.69,-6.57],[77.69,-6.62],[77.66,-6.62],[77.66,-6.77],[77.69,-6.8],[77.87,-6.8],[77.91,-6.77],[77.91,-6.73],[78.02,-6.7],[78.09,-6.7],[78.13,-6.68],[78.13,-6.65],[78.16,-6.62],[78.16,-6.43],[78.2,-6.4],[78.23,-6.42],[78.23,-6.53],[78.27,-6.53],[78.27,-6.57],[78.31,-6.62],[78.41,-6.62],[78.45,-6.58],[78.45,-6.53],[78.52,-6.5],[78.59,-6.5],[78.63,-6.48],[78.63,-6.43],[78.63,-6.4],[78.63,-6.25],[78.7,-6.18],[78.74,-6.16],[78.81,-6.15],[78.95,-6.1],[79.24,-6.1],[79.46,-6.06],[79.46,-6.01],[79.53,-6.0],[79.67,-6.0],[79.75,-6.03],[79.75,-6.08],[79.67,-6.1],[79.67,-6.15],[79.64,-6.16],[79.64,-6.3],[79.57,-6.31],[79.57,-6.35],[79.6,-6.38],[79.6,-6.42],[79.78,-6.55],[79.89,-6.62],[80.07,-6.62],[80.11,-6.57],[80.11,-6.53],[80.18,-6.52],[80.21,-6.5],[80.39,-6.5],[80.43,-6.48],[80.43,-6.45],[80.43,-6.42],[80.5,-6.4],[80.54,-6.4],[80.65,-6.38],[80.65,-6.33],[80.5,-6.3],[80.21,-6.3],[80.18,-6.26],[80.11,-6.23],[80.11,-6.03],[80.21,-5.9],[80.29,-5.83],[80.43,-5.81],[80.72,-5.81],[80.9,-5.83],[81.01,-5.88],[81.01,-5.91],[81.04,-5.96],[81.04,-6.05],[81.15,-6.08],[81.22,-6.08],[81.33,-6.1],[81.91,-6.1],[82.01,-6.11],[82.16,-6.15],[82.16,-6.18],[82.23,-6.18],[82.23,-6.2],[82.37,-6.2],[82.41,-6.21],[82.45,-6.26],[82.45,-6.53],[82.41,-6.57],[82.41,-6.62],[82.37,-6.62],[82.34,-6.62],[82.34,-6.67],[82.37,-6.67],[82.41,-6.7],[82.55,-6.7],[82.63,-6.72],[82.63,-6.77],[82.63,-6.78],[82.55,-6.83],[82.55,-6.87],[82.45,-6.92],[82.37,-6.92],[82.3,-7.02],[82.27,-7.09],[82.27,-7.27],[82.3,-7.32],[82.34,-7.32],[82.34,-7.37],[82.27,-7.44],[82.16,-7.49],[82.09,-7.49],[82.01,-7.5],[81.58,-7.5],[81.47,-7.52],[81.44,-7.57],[81.44,-7.62],[81.47,-7.67],[81.55,-7.7],[82.01,-7.7],[82.09,-7.69],[82.16,-7.65],[82.16,-7.62],[82.19,-7.6],[82.27,-7.6],[82.27,-7.59],[82.34,-7.55],[82.45,-7.44],[82.52,-7.39],[82.55,-7.37],[82.55,-7.34],[82.73,-7.27],[82.73,-7.25],[82.73,-7.22],[82.81,-7.2],[82.81,-7.17],[82.84,-7.14],[82.95,-7.1],[83.06,-7.1],[83.13,-7.09],[83.17,-7.09],[83.24,-7.07],[83.24,-7.03],[83.27,-7.03],[83.35,-7.0],[83.56,-7.0],[83.6,-6.98],[83.67,-6.98],[83.74,-6.97],[83.74,-6.93],[83.81,-6.92],[83.89,-6.92],[84.07,-6.83],[84.1,-6.8],[84.17,-6.73],[84.21,-6.63],[84.21,-6.57],[84.28,-6.53],[84.28,-6.5],[84.32,-6.45],[84.5,-6.38],[84.5,-6.36],[84.61,-6.31],[84.61,-6.3],[84.71,-6.18],[84.79,-6.15],[84.89,-6.1],[85.0,-6.1],[85.04,-6.08],[85.11,-6.08],[85.15,-6.06],[85.15,-6.03],[85.22,-6.01],[85.25,-6.08],[85.33,-6.11],[85.33,-6.18],[85.25,-6.18],[85.25,-6.21],[85.25,-6.26],[85.36,-6.3],[85.47,-6.3],[85.58,-6.3],[86.08,-6.3],[86.19,-6.31],[86.3,-6.31],[86.41,-6.33],[86.44,-6.35],[86.44,-6.36],[86.51,-6.4],[86.59,-6.4],[86.62,-6.42],[86.62,-6.45],[86.62,-6.55],[86.62,-6.57],[86.62,-6.62],[86.59,-6.62],[86.55,-6.63],[86.55,-6.85],[86.51,-6.88],[86.51,-6.92],[86.44,-6.93],[86.44,-6.97],[86.48,-6.98],[86.55,-7.03],[86.55,-7.15],[86.51,-7.17],[86.44,-7.2],[86.37,-7.22],[86.37,-7.25],[86.33,-7.25],[86.33,-7.27],[86.26,-7.3],[86.19,-7.3],[86.08,-7.34],[85.97,-7.42],[85.97,-7.44],[85.9,-7.47],[86.01,-7.5],[86.08,-7.5],[86.15,-7.52],[86.15,-7.59],[86.08,-7.6],[86.01,-7.62],[86.01,-7.67],[86.08,-7.7],[86.19,-7.7],[86.23,-7.7],[86.23,-7.76],[86.26,-7.77],[86.26,-7.81],[86.23,-7.82],[86.23,-7.87],[86.15,-7.94],[86.12,-7.99],[86.01,-8.06],[86.08,-8.07],[86.15,-8.09],[86.48,-8.09],[86.55,-8.06],[86.55,-7.94],[86.48,-7.89],[86.41,-7.89],[86.37,-7.89],[86.37,-7.81],[86.48,-7.79],[86.55,-7.82],[86.55,-7.89],[86.59,-7.89],[86.62,-7.89],[86.73,-7.91],[86.73,-7.94],[86.73,-7.97],[86.8,-7.99],[86.84,-7.99],[86.95,-8.02],[86.95,-8.06],[87.02,-8.09],[87.05,-8.09],[87.13,-8.11],[87.16,-8.11],[87.23,-8.12],[87.23,-8.16],[87.27,-8.17],[87.27,-8.19],[87.34,-8.19],[87.34,-8.21],[87.38,-8.21],[87.45,-8.22],[87.45,-8.29],[87.38,-8.31],[87.38,-8.34],[87.34,-8.34],[87.34,-8.44],[87.38,-8.46],[87.38,-8.49],[87.38,-8.51],[87.52,-8.51],[87.56,-8.53],[87.56,-8.56],[87.45,-8.61],[87.27,-8.61],[87.13,-8.66],[87.05,-8.69],[87.05,-8.73],[87.05,-8.76],[86.95,-8.79],[86.91,-8.79],[86.84,-8.79],[86.44,-8.79],[86.37,-8.81],[86.3,-8.81],[86.26,-8.83],[86.26,-8.96],[86.23,-8.96],[86.23,-8.98],[86.19,-8.99],[86.12,-8.99],[86.01,-9.03],[86.01,-9.06],[85.97,-9.11],[85.97,-9.04],[85.9,-9.04],[85.9,-9.01],[85.87,-8.99],[85.79,-8.99],[85.76,-8.98],[85.76,-8.93],[85.69,-8.89],[85.58,-8.89],[85.58,-8.91],[85.58,-8.96],[85.54,-8.98],[85.54,-9.15],[85.47,-9.16],[85.43,-9.2],[84.89,-9.2],[84.79,-9.21],[84.61,-9.21],[84.5,-9.23],[84.43,-9.23],[84.43,-9.26],[84.43,-9.28],[84.28,-9.31],[84.21,-9.33],[84.21,-9.38],[84.21,-9.4],[84.1,-9.4],[84.1,-9.41],[83.99,-9.41],[83.99,-9.43],[83.89,-9.46],[83.89,-9.51],[83.89,-9.58],[83.85,-9.65],[83.85,-9.85],[83.89,-9.88],[83.96,-9.93],[83.96,-9.95],[83.89,-9.98],[83.78,-9.98],[83.71,-10.0],[83.38,-10.0],[83.27,-10.02],[83.24,-10.02],[83.17,-10.05],[83.13,-10.05],[83.13,-10.08],[83.06,-10.08],[83.02,-10.02],[82.91,-10.0],[82.84,-10.03],[82.84,-10.07],[82.73,-10.08],[82.73,-10.1],[82.63,-10.1],[82.55,-10.13],[82.55,-10.15],[82.45,-10.2],[82.16,-10.2],[82.09,-10.22],[82.01,-10.25],[82.01,-10.37],[82.01,-10.4],[81.8,-10.4],[81.69,-10.37],[81.69,-10.32],[81.65,-10.33],[81.65,-10.37],[81.58,-10.38],[81.58,-10.44],[81.47,-10.49],[81.47,-10.47],[81.44,-10.44],[81.44,-10.33],[81.37,-10.32],[81.22,-10.3],[80.65,-10.3],[80.5,-10.27],[80.43,-10.27],[80.43,-10.2],[80.54,-10.2],[80.54,-10.13],[80.5,-10.13],[80.39,-10.12],[80.29,-10.12],[80.21,-10.1],[79.6,-10.1],[79.53,-10.08],[79.46,-10.08],[79.35,-10.05],[79.28,-10.02],[79.17,-10.0],[78.95,-10.0],[78.92,-9.98],[78.85,-9.95],[78.85,-9.93],[78.7,-9.9],[78.52,-9.9],[78.41,-9.92],[78.34,-9.95],[78.34,-9.97],[78.27,-9.98],[78.27,-9.92],[78.31,-9.92],[78.31,-9.88],[78.34,-9.87],[78.34,-9.75],[78.31,-9.71],[78.23,-9.7],[77.8,-9.7],[77.77,-9.68],[77.69,-9.68],[77.66,-9.66],[77.66,-9.56],[77.59,-9.51],[77.59,-9.5],[77.48,-9.5],[77.48,-9.46],[77.44,-9.45],[77.44,-9.33],[77.37,-9.3],[77.37,-9.25],[77.33,-9.23],[77.33,-9.13],[77.26,-9.04],[77.19,-9.04],[77.12,-9.01],[77.05,-8.99],[76.87,-8.99],[76.76,-8.96],[76.76,-8.93],[76.65,-8.89],[76.61,-8.89],[76.54,-8.88],[76.54,-8.81],[76.51,-8.79],[76.4,-8.83],[76.29,-8.89],[76.22,-8.96],[76.18,-9.01],[76.18,-9.04],[76.11,-9.06],[76.07,-9.11],[76.07,-9.04],[76.04,-9.04],[76.04,-8.84],[76.0,-8.81],[75.89,-8.79],[75.46,-8.79],[75.32,-8.78],[75.25,-8.74],[75.21,-8.69],[75.14,-8.64],[75.07,-8.58],[75.0,-8.49],[74.92,-8.39],[74.85,-8.34],[74.85,-8.22],[74.78,-8.19],[74.78,-8.16],[74.74,-8.14],[74.74,-7.94],[74.67,-7.91],[74.6,-7.89],[74.31,-7.89],[74.28,-7.91],[74.17,-7.91],[74.06,-7.92],[74.06,-7.97],[74.02,-7.97],[73.99,-7.99],[73.81,-7.99],[73.74,-7.97],[73.63,-7.94],[73.59,-7.91],[73.59,-7.89],[73.56,-7.84],[73.56,-7.79],[73.52,-7.76],[73.52,-7.72],[73.41,-7.6],[73.34,-7.55],[73.27,-7.44],[73.2,-7.4],[73.09,-7.27],[73.09,-7.25],[73.05,-7.22],[73.05,-7.17],[73.02,-7.14],[73.02,-7.1],[72.94,-7.03],[72.87,-7.0],[72.8,-7.0],[72.76,-6.98],[72.76,-6.93],[72.69,-6.92],[72.58,-6.9],[72.58,-6.87],[72.55,-6.85],[72.55,-6.77],[72.48,-6.65],[72.26,-6.53],[72.12,-6.5],[72.04,-6.5],[71.97,-6.48],[71.97,-6.45],[71.94,-6.45],[71.94,-6.43],[71.86,-6.4],[71.76,-6.4],[71.65,-6.35],[71.61,-6.33],[71.61,-6.3],[71.58,-6.3],[71.58,-6.26],[71.54,-6.23],[71.47,-6.2],[71.4,-6.2],[71.36,-6.18],[71.36,-6.15],[71.32,-6.1],[71.22,-6.1],[71.18,-6.08],[71.14,-6.08],[71.14,-6.05],[71.07,-6.01],[70.96,-6.0],[70.5,-6.0],[70.28,-6.0],[70.21,-5.93],[70.21,-5.9],[70.17,-5.86],[70.1,-5.83],[70.06,-5.81],[69.96,-5.8],[69.92,-5.76],[69.85,-5.73],[69.78,-5.69],[69.74,-5.63],[69.63,-5.49],[69.67,-5.46],[69.67,-5.41],[69.74,-5.36],[69.81,-5.33],[69.96,-5.29],[70.21,-5.29],[70.28,-5.28],[70.35,-5.26],[70.39,-5.23],[70.39,-5.19],[70.46,-5.14],[70.57,-5.09],[70.75,-5.09],[70.82,-5.08],[70.86,-5.04],[70.86,-4.92],[70.93,-4.91],[71.07,-4.91],[71.11,-4.87],[71.14,-4.87],[71.14,-4.82],[71.18,-4.81],[71.29,-4.81],[71.32,-4.77],[71.36,-4.77],[71.36,-4.74],[71.4,-4.71],[71.47,-4.71],[71.54,-4.67],[71.54,-4.64],[71.58,-4.62],[71.65,-4.59],[71.68,-4.61],[71.83,-4.64],[71.9,-4.71],[71.94,-4.74],[72.08,-4.81],[72.19,-4.81],[72.26,-4.84],[72.26,-4.87],[72.3,-4.87],[72.44,-4.91],[72.69,-4.91],[72.73,-4.89],[72.84,-4.87],[72.84,-4.84],[72.91,-4.81],[72.91,-4.77],[72.94,-4.74],[73.02,-4.74],[73.02,-4.71],[73.09,-4.71],[73.12,-4.69],[73.12,-4.66],[73.16,-4.64],[73.16,-4.52],[73.2,-4.51],[73.27,-4.51],[73.34,-4.47],[73.34,-4.42],[73.3,-4.37],[73.27,-4.37],[73.27,-4.32],[73.34,-4.29],[73.34,-4.17],[73.38,-4.12],[73.41,-4.1],[73.48,-4.1],[73.56,-4.1],[73.88,-4.1],[73.99,-4.1],[74.13,-4.1],[74.28,-4.15],[74.28,-4.19],[74.31,-4.19],[74.31,-4.24],[74.35,-4.27],[74.31,-4.27],[74.31,-4.3],[74.28,-4.32],[74.24,-4.37],[74.17,-4.39],[74.06,-4.42],[73.99,-4.51],[73.99,-4.57],[73.95,-4.62],[73.95,-4.94],[74.02,-5.01],[74.24,-5.01],[74.31,-4.97],[74.35,-4.97],[74.35,-4.91],[74.38,-4.91],[74.46,-4.91],[74.56,-4.82],[74.64,-4.74],[74.71,-4.71],[74.74,-4.64],[74.82,-4.59],[74.85,-4.54],[74.92,-4.49],[75.0,-4.44],[75.1,-4.39],[75.18,-4.39],[75.25,-4.37],[75.28,-4.34],[75.28,-4.3],[75.32,-4.3],[75.32,-4.34],[75.35,-4.37],[75.43,-4.39],[75.43,-4.35],[75.5,-4.3],[75.57,-4.29],[75.64,-4.29],[75.75,-4.27],[75.79,-4.22],[75.79,-4.19],[75.82,-4.19],[75.82,-4.15],[75.97,-4.1],[76.07,-4.1],[76.11,-4.07],[76.11,-4.05]],[[86.01,-8.16],[86.01,-8.12],[85.9,-8.09],[85.87,-8.12],[85.87,-8.19],[85.97,-8.19],[86.01,-8.17],[86.01,-8.16]],[[85.65,-8.24],[85.65,-8.21],[85.54,-8.21],[85.43,-8.24],[85.36,-8.27],[85.36,-8.31],[85.36,-8.34],[85.36,-8.39],[85.43,-8.41],[85.54,-8.36],[85.58,-8.31],[85.58,-8.27],[85.65,-8.24]],[[85.87,-8.24],[85.79,-8.24],[85.79,-8.21],[85.76,-8.21],[85.76,-8.29],[85.79,-8.31],[85.79,-8.29],[85.79,-8.26],[85.87,-8.24]],[[85.76,-8.34],[85.69,-8.31],[85.65,-8.34],[85.65,-8.39],[85.69,-8.41],[85.76,-8.37],[85.76,-8.34]],[[80.11,-8.54],[80.11,-8.51],[80.0,-8.51],[79.96,-8.51],[79.96,-8.59],[80.0,-8.61],[80.11,-8.61],[80.11,-8.58],[80.11,-8.54]],[[81.26,-8.54],[81.19,-8.51],[81.01,-8.51],[80.97,-8.51],[80.97,-8.54],[80.93,-8.54],[80.93,-8.58],[80.86,-8.61],[80.75,-8.61],[80.65,-8.64],[80.65,-8.68],[80.54,-8.69],[80.5,-8.69],[80.43,-8.73],[80.43,-8.79],[80.43,-8.84],[80.43,-8.88],[80.39,-8.89],[80.32,-8.89],[80.29,-8.88],[80.21,-8.83],[80.18,-8.79],[80.18,-8.76],[80.07,-8.71],[80.07,-8.76],[80.0,-8.76],[80.0,-8.79],[79.89,-8.79],[79.85,-8.83],[79.85,-8.88],[79.96,-9.04],[80.0,-9.13],[80.07,-9.18],[80.11,-9.23],[80.21,-9.26],[80.29,-9.31],[80.32,-9.28],[80.32,-9.23],[80.43,-9.2],[80.54,-9.2],[80.65,-9.16],[80.65,-9.15],[80.72,-9.11],[80.83,-9.11],[80.9,-9.11],[80.93,-9.11],[81.01,-9.11],[81.04,-9.13],[81.04,-9.18],[81.11,-9.18],[81.15,-9.15],[81.15,-8.96],[81.22,-8.89],[81.44,-8.89],[81.47,-8.93],[81.55,-8.93],[81.55,-8.96],[81.65,-8.99],[81.8,-8.99],[81.8,-9.01],[81.91,-9.01],[81.91,-9.03],[81.98,-9.04],[81.98,-9.11],[82.01,-9.11],[82.01,-9.06],[82.01,-9.04],[82.01,-9.03],[82.12,-8.99],[82.19,-8.99],[82.23,-8.98],[82.23,-8.91],[82.19,-8.89],[82.12,-8.89],[82.01,-8.86],[82.01,-8.73],[82.09,-8.69],[82.16,-8.68],[82.16,-8.64],[82.09,-8.61],[82.01,-8.61],[81.91,-8.61],[81.47,-8.61],[81.44,-8.59],[81.37,-8.59],[81.26,-8.56],[81.26,-8.54]],[[85.65,-8.54],[85.65,-8.51],[85.58,-8.51],[85.47,-8.51],[85.47,-8.58],[85.43,-8.61],[85.43,-8.69],[85.47,-8.73],[85.47,-8.78],[85.54,-8.79],[85.69,-8.79],[85.76,-8.79],[85.87,-8.74],[85.9,-8.69],[85.9,-8.61],[85.76,-8.61],[85.69,-8.58],[85.65,-8.58],[85.65,-8.54]]]}},{"type":"Feature","properties":{"precip":20},"geometry":{"type":"Polygon","coordinates":[[[97.06,-4.05],[97.06,-4.02],[97.13,-4.0],[97.13,-4.1],[97.06,-4.1],[97.06,-4.05]]]}},{"type":"Feature","properties":{"precip":20},"geometry":{"type":"Polygon","coordinates":[[[97.24,-4.05],[97.24,-4.02],[97.28,-4.02],[97.28,-4.0],[97.35,-4.02],[97.35,-4.09],[97.28,-4.1],[97.24,-4.05]]]}},{"type":"Feature","properties":{"precip":20},"geometry":{"type":"Polygon","coordinates":[[[83.56,-4.15],[83.56,-4.1],[83.6,-4.1],[83.63,-4.1],[83.63,-4.19],[83.56,-4.19],[83.56,-4.15]]]}},{"type":"Feature","properties":{"precip":20},"geometry":{"type":"Polygon","coordinates":[[[96.09,-4.19],[96.16,-4.12],[96.2,-4.1],[96.2,-4.17],[96.27,-4.19],[96.2,-4.22],[96.2,-4.29],[96.09,-4.29],[96.05,-4.29],[96.05,-4.24],[96.09,-4.19]]]}},{"type":"Feature","properties":{"precip":20},"geometry":{"type":"Polygon","coordinates":[[[23.56,-4.35],[23.56,-4.3],[23.59,-4.29],[23.63,-4.3],[23.63,-4.34],[23.67,-4.35],[23.63,-4.37],[23.63,-4.39],[23.56,-4.39],[23.56,-4.35]]]}},{"type":"Feature","properties":{"precip":20},"geometry":{"type":"Polygon","coordinates":[[[86.01,-4.46],[86.01,-4.42],[86.12,-4.39],[86.12,-4.42],[86.15,-4.42],[86.15,-4.47],[86.12,-4.47],[86.12,-4.51],[86.08,-4.47],[86.01,-4.47],[86.01,-4.46]]]}},{"type":"Feature","properties":{"precip":20},"geometry":{"type":"Polygon","coordinates":[[[90.0,-4.71],[90.0,-4.66],[90.08,-4.64],[90.08,-4.61],[90.11,-4.61],[90.15,-4.64],[90.15,-4.77],[90.08,-4.81],[90.08,-4.76],[90.0,-4.74],[90.0,-4.71]]]}},{"type":"Feature","properties":{"precip":20},"geometry":{"type":"Polygon","coordinates":[[[24.64,-4.94],[24.67,-4.91],[24.75,-4.91],[24.75,-4.99],[24.67,-5.01],[24.67,-4.97],[24.64,-4.97],[24.64,-4.94]]]}},{"type":"Feature","properties":{"precip":20},"geometry":{"type":"Polygon","coordinates":[[[89.03,-4.94],[89.07,-4.94],[89.07,-4.91],[89.14,-4.91],[89.18,-4.91],[89.32,-4.91],[89.36,-4.91],[89.43,-4.91],[89.43,-4.94],[89.46,-4.94],[89.46,-4.99],[89.46,-5.01],[89.57,-5.01],[89.64,-5.02],[89.64,-5.09],[89.57,-5.09],[89.54,-5.09],[89.46,-5.11],[89.36,-5.19],[89.36,-5.23],[89.36,-5.24],[89.36,-5.28],[89.43,-5.31],[89.43,-5.39],[89.36,-5.36],[89.32,-5.33],[89.21,-5.29],[89.14,-5.29],[89.0,-5.33],[88.89,-5.39],[88.89,-5.43],[88.85,-5.44],[88.82,-5.48],[88.64,-5.51],[88.64,-5.54],[88.64,-5.58],[88.64,-5.63],[88.64,-5.64],[88.64,-5.69],[88.78,-5.71],[88.85,-5.73],[88.85,-5.86],[88.82,-5.88],[88.82,-5.9],[88.74,-5.95],[88.74,-6.1],[88.78,-6.16],[88.78,-6.18],[88.82,-6.21],[88.82,-6.3],[88.74,-6.35],[88.74,-6.36],[88.64,-6.45],[88.6,-6.47],[88.53,-6.47],[88.53,-6.45],[88.49,-6.43],[88.42,-6.47],[88.31,-6.62],[88.17,-6.68],[88.1,-6.62],[88.06,-6.62],[87.99,-6.62],[87.88,-6.63],[87.81,-6.7],[87.74,-6.77],[87.63,-6.8],[87.56,-6.78],[87.56,-6.73],[87.49,-6.7],[87.38,-6.7],[87.38,-6.68],[87.38,-6.65],[87.34,-6.62],[87.34,-6.43],[87.27,-6.4],[87.16,-6.4],[87.16,-6.35],[87.16,-6.33],[87.27,-6.23],[87.38,-6.1],[87.38,-6.08],[87.52,-5.95],[87.52,-5.9],[87.56,-5.88],[87.56,-5.8],[87.59,-5.73],[87.67,-5.64],[87.7,-5.58],[87.77,-5.51],[87.85,-5.46],[87.92,-5.41],[87.99,-5.39],[88.06,-5.36],[88.06,-5.31],[88.1,-5.29],[88.21,-5.29],[88.21,-5.28],[88.21,-5.23],[88.31,-5.19],[88.38,-5.19],[88.42,-5.18],[88.42,-5.13],[88.49,-5.09],[88.6,-5.09],[88.64,-5.09],[88.64,-5.04],[88.71,-5.01],[88.78,-5.01],[88.92,-5.01],[89.03,-4.97],[89.03,-4.94]]]}},{"type":"Feature","properties":{"precip":20},"geometry":{"type":"Polygon","coordinates":[[[64.74,-5.26],[64.77,-5.23],[64.77,-5.19],[64.84,-5.19],[64.99,-5.28],[65.06,-5.38],[65.13,-5.46],[65.13,-5.48],[65.1,-5.49],[65.02,-5.49],[64.95,-5.51],[64.88,-5.54],[64.81,-5.59],[64.77,-5.63],[64.77,-5.68],[64.74,-5.73],[64.74,-5.78],[64.63,-5.8],[64.59,-5.81],[64.48,-5.8],[64.41,-5.8],[64.34,-5.75],[64.34,-5.73],[64.45,-5.66],[64.45,-5.63],[64.38,-5.59],[64.38,-5.54],[64.34,-5.51],[64.34,-5.36],[64.38,-5.33],[64.45,-5.29],[64.66,-5.29],[64.74,-5.28],[64.74,-5.26]]]}},{"type":"Feature","properties":{"precip":20},"geometry":{"type":"Polygon","coordinates":[[[63.91,-5.48],[63.94,-5.44],[64.02,-5.41],[64.09,-5.41],[64.16,-5.44],[64.16,-5.46],[64.23,-5.54],[64.23,-5.58],[64.2,-5.59],[63.87,-5.59],[63.87,-5.51],[63.91,-5.48]]]}},{"type":"Feature","properties":{"precip":20},"geometry":{"type":"Polygon","coordinates":[[[89.14,-5.49],[89.14,-5.46],[89.18,-5.44],[89.18,-5.39],[89.25,-5.41],[89.25,-5.46],[89.32,-5.49],[89.43,-5.49],[89.54,-5.53],[89.54,-5.56],[89.46,-5.59],[89.21,-5.59],[89.14,-5.54],[89.14,-5.49]]]}},{"type":"Feature","properties":{"precip":20},"geometry":{"type":"Polygon","coordinates":[[[23.74,-5.71],[23.74,-5.64],[23.81,-5.61],[23.88,-5.59],[23.95,-5.61],[24.03,-5.61],[24.03,-5.69],[23.95,-5.76],[23.81,-5.8],[23.74,-5.73],[23.74,-5.71]]]}},{"type":"Feature","properties":{"precip":20},"geometry":{"type":"Polygon","coordinates":[[[78.23,-5.85],[78.27,-5.83],[78.34,-5.81],[78.52,-5.81],[78.63,-5.83],[78.63,-5.86],[78.63,-5.9],[78.63,-5.93],[78.63,-6.0],[78.59,-6.03],[78.52,-6.06],[78.45,-6.1],[78.41,-6.1],[78.34,-6.08],[78.34,-6.03],[78.27,-6.0],[78.16,-6.0],[78.09,-6.0],[78.05,-6.0],[78.05,-5.91],[78.09,-5.9],[78.16,-5.9],[78.23,-5.9],[78.23,-5.85]]]}},{"type":"Feature","properties":{"precip":20},"geometry":{"type":"Polygon","coordinates":[[[78.85,-5.83],[78.85,-5.81],[78.92,-5.83],[79.03,-5.9],[79.03,-6.0],[78.95,-5.96],[78.85,-5.9],[78.85,-5.88],[78.85,-5.83]]]}},{"type":"Feature","properties":{"precip":20},"geometry":{"type":"Polygon","coordinates":[[[89.03,-6.45],[89.07,-6.45],[89.07,-6.4],[89.14,-6.42],[89.14,-6.5],[89.07,-6.5],[89.07,-6.45],[89.03,-6.45]]]}},{"type":"Feature","properties":{"precip":20},"geometry":{"type":"Polygon","coordinates":[[[83.85,-6.55],[83.85,-6.52],[83.89,-6.5],[83.96,-6.53],[83.96,-6.58],[83.89,-6.62],[83.85,-6.58],[83.85,-6.55]]]}},{"type":"Feature","properties":{"precip":20},"geometry":{"type":"Polygon","coordinates":[[[87.45,-7.0],[87.45,-6.93],[87.49,-6.92],[87.63,-6.92],[87.63,-6.97],[87.59,-6.98],[87.59,-7.03],[87.56,-7.07],[87.49,-7.09],[87.45,-7.09],[87.45,-7.0]]]}},{"type":"Feature","properties":{"precip":20},"geometry":{"type":"Polygon","coordinates":[[[68.41,-7.17],[68.48,-7.15],[68.62,-7.12],[68.84,-7.1],[69.45,-7.1],[69.6,-7.12],[69.67,-7.17],[69.67,-7.19],[69.74,-7.2],[69.81,-7.2],[69.85,-7.22],[69.85,-7.27],[69.81,-7.27],[69.74,-7.3],[69.56,-7.3],[69.45,-7.34],[69.42,-7.37],[69.42,-7.4],[69.34,-7.44],[69.34,-7.45],[69.24,-7.5],[69.06,-7.5],[68.98,-7.47],[68.95,-7.47],[68.95,-7.44],[68.84,-7.4],[68.66,-7.4],[68.59,-7.37],[68.55,-7.37],[68.55,-7.34],[68.52,-7.3],[68.41,-7.3],[68.37,-7.29],[68.37,-7.2],[68.41,-7.17]]]}},{"type":"Feature","properties":{"precip":20},"geometry":{"type":"Polygon","coordinates":[[[70.75,-7.15],[70.75,-7.12],[70.78,-7.1],[70.86,-7.12],[70.86,-7.17],[70.78,-7.2],[70.75,-7.19],[70.75,-7.15]]]}},{"type":"Feature","properties":{"precip":20},"geometry":{"type":"Polygon","coordinates":[[[92.85,-7.15],[92.85,-7.12],[92.88,-7.1],[92.96,-7.12],[92.96,-7.17],[92.88,-7.2],[92.85,-7.19],[92.85,-7.15]]]}},{"type":"Feature","properties":{"precip":20},"geometry":{"type":"Polygon","coordinates":[[[96.3,-7.3],[96.3,-7.25],[96.38,-7.25],[96.38,-7.22],[96.41,-7.2],[96.48,-7.2],[96.52,-7.22],[96.52,-7.25],[96.52,-7.37],[96.63,-7.42],[96.63,-7.5],[96.52,-7.47],[96.52,-7.44],[96.48,-7.4],[96.41,-7.4],[96.38,-7.39],[96.38,-7.35],[96.3,-7.34],[96.3,-7.3]]]}},{"type":"Feature","properties":{"precip":20},"geometry":{"type":"Polygon","coordinates":[[[96.74,-7.25],[96.81,-7.2],[96.92,-7.2],[96.95,-7.24],[96.95,-7.27],[96.92,-7.27],[96.88,-7.3],[96.81,-7.3],[96.74,-7.25]]]}},{"type":"Feature","properties":{"precip":20},"geometry":{"type":"Polygon","coordinates":[[[70.24,-7.34],[70.28,-7.32],[70.35,-7.3],[70.57,-7.3],[70.64,-7.34],[70.64,-7.37],[70.6,-7.37],[70.53,-7.4],[70.39,-7.4],[70.32,-7.39],[70.24,-7.35],[70.24,-7.34]]]}},{"type":"Feature","properties":{"precip":20},"geometry":{"type":"Polygon","coordinates":[[[90.51,-7.97],[90.58,-7.92],[90.62,-7.91],[90.69,-7.91],[90.72,-7.94],[90.83,-8.02],[90.83,-8.07],[90.8,-8.12],[90.72,-8.17],[90.69,-8.19],[90.62,-8.19],[90.54,-8.17],[90.51,-8.11],[90.47,-8.07],[90.47,-8.02],[90.51,-7.97]]]}},{"type":"Feature","properties":{"precip":20},"geometry":{"type":"Polygon","coordinates":[[[92.06,-8.61],[92.06,-8.51],[92.09,-8.51],[92.09,-8.56],[92.16,-8.58],[92.16,-8.61],[92.09,-8.64],[92.09,-8.69],[92.06,-8.69],[92.06,-8.61]]]}},{"type":"Feature","properties":{"precip":20},"geometry":{"type":"Polygon","coordinates":[[[87.74,-8.86],[87.77,-8.81],[87.81,-8.79],[87.88,-8.79],[87.95,-8.83],[87.95,-8.88],[87.88,-8.89],[87.81,-8.89],[87.74,-8.86]]]}},{"type":"Feature","properties":{"precip":20},"geometry":{"type":"Polygon","coordinates":[[[88.1,-8.89],[88.17,-8.88],[88.17,-8.83],[88.21,-8.79],[88.42,-8.79],[88.49,-8.81],[88.53,-8.86],[88.49,-8.89],[88.42,-8.89],[88.31,-8.93],[88.31,-8.98],[88.31,-8.99],[88.21,-8.99],[88.17,-8.96],[88.17,-8.93],[88.1,-8.89]]]}},{"type":"Feature","properties":{"precip":20},"geometry":{"type":"Polygon","coordinates":[[[76.33,-9.04],[76.33,-8.99],[76.43,-8.99],[76.43,-9.11],[76.33,-9.11],[76.33,-9.04]]]}},{"type":"Feature","properties":{"precip":20},"geometry":{"type":"Polygon","coordinates":[[[87.23,-9.04],[87.27,-9.01],[87.38,-8.99],[87.52,-8.99],[87.63,-9.03],[87.63,-9.08],[87.56,-9.11],[87.34,-9.11],[87.27,-9.08],[87.27,-9.04],[87.23,-9.04]]]}},{"type":"Feature","properties":{"precip":20},"geometry":{"type":"Polygon","coordinates":[[[85.9,-9.45],[85.97,-9.41],[86.01,-9.41],[86.01,-9.5],[85.97,-9.5],[85.97,-9.48],[85.9,-9.45]]]}},{"type":"Feature","properties":{"precip":20},"geometry":{"type":"Polygon","coordinates":[[[77.15,-9.6],[77.15,-9.51],[77.23,-9.5],[77.23,-9.55],[77.26,-9.56],[77.26,-9.63],[77.23,-9.66],[77.23,-9.7],[77.15,-9.68],[77.15,-9.6]]]}},{"type":"Feature","properties":{"precip":20},"geometry":{"type":"Polygon","coordinates":[[[77.44,-9.65],[77.44,-9.61],[77.48,-9.6],[77.55,-9.61],[77.55,-9.68],[77.48,-9.7],[77.44,-9.68],[77.44,-9.65]]]}},{"type":"Feature","properties":{"precip":20},"geometry":{"type":"Polygon","coordinates":[[[77.33,-9.95],[77.37,-9.93],[77.37,-9.9],[77.44,-9.92],[77.44,-9.98],[77.37,-10.0],[77.37,-9.97],[77.33,-9.95]]]}},{"type":"Feature","properties":{"precip":20},"geometry":{"type":"Polygon","coordinates":[[[78.63,-10.15],[78.63,-10.1],[78.74,-10.12],[78.74,-10.2],[78.63,-10.2],[78.63,-10.15]]]}},{"type":"Feature","properties":{"precip":20},"geometry":{"type":"Polygon","coordinates":[[[89.86,-10.85],[89.86,-10.8],[89.9,-10.8],[89.9,-10.89],[89.9,-10.9],[89.86,-10.89],[89.86,-10.85]]]}},{"type":"Feature","properties":{"precip":20},"geometry":{"type":"Polygon","coordinates":[[[49.76,-12.75],[49.76,-12.71],[49.8,-12.71],[49.83,-12.71],[49.83,-12.8],[49.76,-12.8],[49.76,-12.75]]]}},{"type":"Feature","properties":{"precip":20},"geometry":{"type":"Polygon","coordinates":[[[49.55,-13.25],[49.58,-13.2],[49.69,-13.2],[49.76,-13.23],[49.76,-13.27],[49.69,-13.28],[49.62,-13.3],[49.58,-13.28],[49.55,-13.28],[49.55,-13.25]]]}},{"type":"Feature","properties":{"precip":20},"geometry":{"type":"Polygon","coordinates":[[[49.76,-13.5],[49.76,-13.42],[49.8,-13.4],[49.83,-13.43],[49.91,-13.52],[49.98,-13.57],[49.98,-13.58],[50.05,-13.55],[50.05,-13.52],[50.12,-13.5],[50.12,-13.53],[50.16,-13.55],[50.16,-13.63],[50.12,-13.65],[50.12,-13.68],[50.09,-13.7],[50.01,-13.7],[49.98,-13.67],[49.94,-13.67],[49.94,-13.63],[49.87,-13.6],[49.8,-13.6],[49.76,-13.57],[49.76,-13.5]]]}},{"type":"Feature","properties":{"precip":20},"geometry":{"type":"Polygon","coordinates":[[[50.16,-14.0],[50.16,-13.92],[50.23,-13.92],[50.23,-13.99],[50.27,-14.0],[50.27,-14.09],[50.34,-14.09],[50.34,-14.05],[50.48,-13.92],[50.55,-13.9],[50.63,-13.92],[50.63,-13.94],[50.66,-13.99],[50.66,-14.05],[50.7,-14.09],[50.77,-14.15],[50.77,-14.19],[50.84,-14.19],[50.91,-14.22],[50.99,-14.27],[50.99,-14.3],[51.06,-14.37],[51.09,-14.39],[51.13,-14.37],[51.13,-14.3],[51.17,-14.25],[51.17,-14.1],[51.24,-14.1],[51.24,-14.17],[51.27,-14.17],[51.31,-14.19],[51.49,-14.19],[51.53,-14.19],[51.53,-14.15],[51.56,-14.12],[51.56,-14.0],[51.63,-14.0],[51.63,-14.04],[51.71,-14.09],[51.71,-14.12],[51.74,-14.15],[51.85,-14.19],[51.92,-14.2],[51.96,-14.24],[51.96,-14.27],[52.07,-14.29],[52.1,-14.3],[52.17,-14.3],[52.25,-14.34],[52.25,-14.35],[52.28,-14.39],[52.35,-14.39],[52.35,-14.41],[52.5,-14.41],[52.53,-14.42],[52.53,-14.47],[52.5,-14.52],[52.43,-14.56],[52.43,-14.59],[52.39,-14.61],[52.39,-14.64],[52.35,-14.64],[52.35,-14.67],[52.39,-14.67],[52.43,-14.71],[52.43,-14.74],[52.46,-14.77],[52.46,-14.81],[52.43,-14.84],[52.43,-14.87],[52.32,-14.91],[52.28,-14.91],[52.25,-14.94],[52.21,-14.99],[52.14,-15.06],[52.14,-15.08],[52.07,-15.09],[51.96,-15.11],[51.96,-15.14],[51.92,-15.16],[51.92,-15.21],[51.89,-15.21],[51.89,-15.18],[51.85,-15.16],[51.85,-15.13],[51.78,-15.09],[51.71,-15.09],[51.67,-15.11],[51.67,-15.18],[51.63,-15.21],[51.63,-15.38],[51.6,-15.39],[51.53,-15.39],[51.45,-15.41],[51.35,-15.44],[51.27,-15.53],[51.27,-15.58],[51.24,-15.64],[51.24,-15.88],[51.17,-15.9],[50.95,-15.9],[50.84,-15.86],[50.84,-15.78],[50.77,-15.68],[50.7,-15.61],[50.66,-15.56],[50.59,-15.53],[50.55,-15.53],[50.55,-15.58],[50.52,-15.61],[50.48,-15.59],[50.48,-15.54],[50.45,-15.49],[50.45,-15.18],[50.41,-15.14],[50.41,-15.09],[50.37,-15.09],[50.37,-15.13],[50.34,-15.13],[50.34,-15.21],[50.27,-15.21],[50.27,-15.09],[50.23,-15.08],[50.23,-15.01],[50.19,-14.99],[50.16,-15.01],[50.12,-15.06],[50.12,-15.09],[50.09,-15.09],[50.09,-15.08],[50.01,-15.06],[50.01,-14.99],[49.98,-14.94],[49.98,-14.91],[49.94,-14.82],[49.94,-14.74],[50.01,-14.71],[50.01,-14.67],[50.05,-14.66],[50.05,-14.46],[50.09,-14.41],[50.12,-14.39],[50.12,-14.35],[50.16,-14.34],[50.16,-14.27],[50.12,-14.22],[50.12,-14.19],[50.09,-14.17],[50.05,-14.17],[50.05,-14.14],[50.09,-14.1],[50.12,-14.1],[50.12,-14.05],[50.16,-14.04],[50.16,-14.0]],[[50.95,-14.51],[50.95,-14.46],[50.91,-14.42],[50.84,-14.41],[50.77,-14.44],[50.7,-14.47],[50.66,-14.54],[50.59,-14.62],[50.55,-14.64],[50.55,-14.69],[50.59,-14.71],[50.7,-14.71],[50.73,-14.69],[50.73,-14.64],[50.81,-14.61],[50.88,-14.61],[50.95,-14.56],[50.95,-14.51]],[[50.7,-14.91],[50.59,-14.81],[50.55,-14.81],[50.48,-14.81],[50.45,-14.86],[50.45,-14.97],[50.52,-14.99],[50.52,-15.02],[50.55,-15.06],[50.55,-15.14],[50.63,-15.23],[50.63,-15.26],[50.7,-15.29],[50.73,-15.29],[50.73,-15.13],[50.7,-15.08],[50.66,-15.08],[50.66,-15.02],[50.73,-14.99],[50.73,-14.92],[50.7,-14.91]],[[51.06,-15.21],[51.06,-15.16],[51.02,-15.14],[51.02,-15.11],[50.99,-15.09],[50.91,-15.09],[50.84,-15.13],[50.88,-15.18],[50.88,-15.21],[50.99,-15.29],[51.06,-15.26],[51.06,-15.21]],[[51.56,-15.26],[51.56,-15.23],[51.53,-15.23],[51.53,-15.21],[51.45,-15.21],[51.45,-15.29],[51.53,-15.29],[51.56,-15.26]]]}},{"type":"Feature","properties":{"precip":20},"geometry":{"type":"Polygon","coordinates":[[[50.34,-15.85],[50.37,-15.8],[50.45,-15.83],[50.45,-15.9],[50.37,-15.9],[50.37,-15.88],[50.34,-15.88],[50.34,-15.85]]]}},{"type":"Feature","properties":{"precip":20},"geometry":{"type":"Polygon","coordinates":[[[51.45,-15.95],[51.45,-15.9],[51.53,-15.9],[51.56,-15.93],[51.56,-15.98],[51.53,-15.98],[51.53,-16.0],[51.45,-15.98],[51.45,-15.95]]]}},{"type":"Feature","properties":{"precip":20},"geometry":{"type":"Polygon","coordinates":[[[50.66,-16.16],[50.66,-16.1],[50.73,-16.1],[50.73,-16.2],[50.66,-16.2],[50.66,-16.16]]]}},{"type":"Feature","properties":{"precip":20},"geometry":{"type":"Polygon","coordinates":[[[30.25,-23.1],[30.25,-23.03],[30.29,-23.0],[30.36,-23.0],[30.43,-23.03],[30.47,-23.08],[30.54,-23.13],[30.54,-23.18],[30.47,-23.2],[30.36,-23.2],[30.25,-23.17],[30.25,-23.1]]]}},{"type":"Feature","properties":{"precip":20},"geometry":{"type":"Polygon","coordinates":[[[28.24,-27.0],[28.24,-26.88],[28.27,-26.83],[28.27,-26.7],[28.31,-26.7],[28.31,-26.75],[28.35,-26.78],[28.35,-27.22],[28.31,-27.25],[28.31,-27.3],[28.27,-27.3],[28.27,-27.17],[28.24,-27.12],[28.24,-27.0]]]}},{"type":"Feature","properties":{"precip":20},"geometry":{"type":"Polygon","coordinates":[[[37.63,-27.3],[37.63,-27.27],[37.67,-27.25],[37.67,-27.22],[37.7,-27.2],[37.74,-27.22],[37.74,-27.27],[37.81,-27.3],[37.85,-27.3],[37.92,-27.32],[37.92,-27.35],[37.96,-27.4],[37.96,-27.47],[37.85,-27.54],[37.85,-27.57],[37.92,-27.6],[37.92,-27.64],[37.96,-27.67],[37.88,-27.69],[37.85,-27.67],[37.85,-27.62],[37.78,-27.59],[37.67,-27.59],[37.6,-27.5],[37.6,-27.49],[37.56,-27.45],[37.56,-27.42],[37.63,-27.39],[37.63,-27.3]]]}},{"type":"Feature","properties":{"precip":20},"geometry":{"type":"Polygon","coordinates":[[[38.06,-27.45],[38.06,-27.4],[38.14,-27.4],[38.14,-27.5],[38.06,-27.5],[38.06,-27.45]]]}},{"type":"Feature","properties":{"precip":20},"geometry":{"type":"Polygon","coordinates":[[[28.96,-27.55],[28.96,-27.5],[28.99,-27.5],[29.03,-27.5],[29.03,-27.57],[29.07,-27.59],[29.03,-27.62],[29.03,-27.67],[28.99,-27.69],[28.81,-27.69],[28.78,-27.67],[28.74,-27.67],[28.74,-27.64],[28.81,-27.59],[28.92,-27.59],[28.96,-27.55]]]}},{"type":"Feature","properties":{"precip":20},"geometry":{"type":"Polygon","coordinates":[[[37.74,-27.86],[37.74,-27.82],[37.81,-27.81],[37.85,-27.82],[37.85,-27.89],[37.78,-27.89],[37.74,-27.87],[37.74,-27.86]]]}},{"type":"Feature","properties":{"precip":20},"geometry":{"type":"Polygon","coordinates":[[[30.54,-27.99],[30.54,-27.94],[30.61,-27.91],[30.69,-27.91],[30.76,-27.96],[30.79,-28.01],[30.83,-28.02],[30.87,-28.07],[30.94,-28.09],[30.94,-28.11],[31.01,-28.11],[31.05,-28.12],[31.05,-28.19],[31.08,-28.19],[31.12,-28.21],[31.19,-28.21],[31.26,-28.24],[31.26,-28.27],[31.33,-28.31],[31.44,-28.31],[31.51,-28.27],[31.55,-28.27],[31.55,-28.22],[31.59,-28.21],[31.69,-28.21],[31.73,-28.22],[31.73,-28.31],[31.66,-28.32],[31.66,-28.37],[31.73,-28.41],[31.73,-28.49],[31.77,-28.53],[31.77,-28.59],[31.73,-28.63],[31.73,-28.68],[31.69,-28.69],[31.62,-28.69],[31.55,-28.73],[31.55,-28.78],[31.51,-28.79],[31.44,-28.79],[31.37,-28.81],[31.37,-28.84],[31.33,-28.84],[31.33,-28.89],[31.26,-28.88],[31.26,-28.73],[31.33,-28.69],[31.41,-28.69],[31.44,-28.68],[31.44,-28.63],[31.37,-28.59],[31.26,-28.59],[31.19,-28.61],[31.15,-28.64],[31.15,-28.76],[31.12,-28.76],[31.12,-28.79],[31.05,-28.78],[31.05,-28.73],[30.97,-28.69],[30.9,-28.69],[30.87,-28.66],[30.87,-28.59],[30.83,-28.58],[30.83,-28.51],[30.79,-28.49],[30.72,-28.49],[30.69,-28.49],[30.58,-28.39],[30.58,-28.36],[30.54,-28.31],[30.54,-28.22],[30.47,-28.16],[30.43,-28.14],[30.47,-28.12],[30.51,-28.12],[30.51,-28.09],[30.54,-28.07],[30.54,-27.99]],[[31.66,-28.46],[31.66,-28.43],[31.62,-28.39],[31.55,-28.41],[31.55,-28.49],[31.62,-28.49],[31.66,-28.49],[31.66,-28.46]]]}},{"type":"Feature","properties":{"precip":20},"geometry":{"type":"Polygon","coordinates":[[[37.96,-27.94],[37.96,-27.91],[38.03,-27.91],[38.03,-27.94],[38.06,-27.94],[38.06,-27.97],[38.14,-27.97],[38.17,-27.99],[38.32,-27.99],[38.39,-28.01],[38.82,-28.01],[38.93,-28.04],[38.96,-28.07],[38.96,-28.19],[39.0,-28.21],[39.07,-28.12],[39.07,-28.11],[39.11,-28.11],[39.14,-28.12],[39.14,-28.19],[39.22,-28.19],[39.22,-28.21],[39.29,-28.22],[39.4,-28.29],[39.47,-28.39],[39.54,-28.54],[39.54,-28.74],[39.47,-28.84],[39.4,-28.88],[39.36,-28.88],[39.32,-28.84],[39.32,-28.81],[39.29,-28.81],[39.25,-28.84],[39.25,-28.86],[39.18,-28.89],[39.07,-28.89],[39.04,-28.84],[39.04,-28.83],[38.93,-28.79],[38.82,-28.79],[38.75,-28.76],[38.75,-28.73],[38.68,-28.69],[38.6,-28.69],[38.57,-28.68],[38.57,-28.66],[38.53,-28.66],[38.53,-28.63],[38.35,-28.59],[38.06,-28.59],[37.96,-28.58],[37.96,-28.51],[38.03,-28.49],[38.03,-28.48],[38.06,-28.46],[38.03,-28.43],[37.96,-28.39],[37.85,-28.39],[37.74,-28.36],[37.74,-28.31],[37.67,-28.31],[37.63,-28.34],[37.63,-28.39],[37.56,-28.37],[37.56,-28.34],[37.49,-28.31],[37.42,-28.31],[37.34,-28.27],[37.38,-28.24],[37.38,-28.22],[37.42,-28.19],[37.49,-28.12],[37.56,-28.04],[37.63,-28.01],[37.63,-28.12],[37.67,-28.14],[37.67,-28.19],[37.7,-28.21],[37.74,-28.19],[37.74,-28.06],[37.78,-28.02],[37.81,-28.01],[37.88,-28.01],[37.96,-27.94]],[[39.36,-28.56],[39.32,-28.51],[39.29,-28.49],[39.22,-28.49],[39.14,-28.53],[39.14,-28.58],[39.18,-28.59],[39.29,-28.59],[39.36,-28.56]]]}},{"type":"Feature","properties":{"precip":20},"geometry":{"type":"Polygon","coordinates":[[[31.84,-28.24],[31.87,-28.21],[31.95,-28.22],[31.95,-28.29],[31.87,-28.31],[31.87,-28.27],[31.84,-28.27],[31.84,-28.24]]]}},{"type":"Feature","properties":{"precip":20},"geometry":{"type":"Polygon","coordinates":[[[32.85,-28.24],[32.88,-28.21],[32.99,-28.21],[33.06,-28.24],[32.99,-28.31],[32.92,-28.31],[32.88,-28.27],[32.85,-28.27],[32.85,-28.24]]]}},{"type":"Feature","properties":{"precip":20},"geometry":{"type":"Polygon","coordinates":[[[32.85,-28.46],[32.85,-28.43],[32.88,-28.39],[32.92,-28.39],[32.95,-28.43],[32.95,-28.49],[32.88,-28.49],[32.85,-28.49],[32.85,-28.46]]]}},{"type":"Feature","properties":{"precip":20},"geometry":{"type":"Polygon","coordinates":[[[27.27,-28.66],[27.27,-28.59],[27.34,-28.61],[27.34,-28.69],[27.27,-28.69],[27.27,-28.66]]]}},{"type":"Feature","properties":{"precip":20},"geometry":{"type":"Polygon","coordinates":[[[1.96,-31.36],[1.96,-31.31],[2.07,-31.29],[2.14,-31.32],[2.14,-31.37],[2.11,-31.39],[2.0,-31.39],[1.96,-31.37],[1.96,-31.36]]]}},{"type":"Feature","properties":{"precip":20},"geometry":{"type":"Polygon","coordinates":[[[2.47,-31.39],[2.47,-31.31],[2.5,-31.31],[2.57,-31.37],[2.65,-31.44],[2.65,-31.47],[2.54,-31.49],[2.47,-31.47],[2.47,-31.39]]]}},{"type":"Feature","properties":{"precip":20},"geometry":{"type":"Polygon","coordinates":[[[70.57,-34.94],[70.6,-34.87],[70.71,-34.81],[70.78,-34.81],[70.86,-34.86],[70.86,-34.96],[70.89,-34.99],[71.04,-34.99],[71.11,-35.01],[71.14,-35.04],[71.14,-35.06],[71.18,-35.06],[71.25,-35.09],[71.36,-35.09],[71.4,-35.11],[71.47,-35.11],[71.54,-35.14],[71.54,-35.16],[71.58,-35.16],[71.65,-35.19],[71.76,-35.19],[71.79,-35.23],[71.94,-35.23],[72.01,-35.23],[72.22,-35.41],[72.3,-35.41],[72.37,-35.41],[72.44,-35.38],[72.48,-35.33],[72.51,-35.33],[72.55,-35.34],[72.62,-35.43],[72.69,-35.46],[72.73,-35.51],[72.8,-35.51],[72.87,-35.51],[72.94,-35.48],[72.98,-35.41],[73.02,-35.41],[73.05,-35.46],[73.12,-35.53],[73.16,-35.53],[73.16,-35.56],[73.23,-35.59],[73.34,-35.59],[73.48,-35.59],[73.56,-35.66],[73.56,-35.95],[73.48,-36.0],[73.41,-36.0],[73.38,-36.0],[73.38,-35.96],[73.34,-35.95],[73.34,-35.85],[73.27,-35.78],[73.2,-35.71],[73.16,-35.71],[73.02,-35.76],[73.02,-35.81],[72.94,-35.86],[72.87,-35.9],[72.84,-35.86],[72.84,-35.75],[72.8,-35.71],[72.69,-35.61],[72.66,-35.59],[72.58,-35.59],[72.58,-35.63],[72.55,-35.63],[72.55,-35.73],[72.51,-35.76],[72.51,-35.81],[72.48,-35.81],[72.44,-35.86],[72.37,-35.88],[72.33,-35.86],[72.33,-35.85],[72.3,-35.81],[72.3,-35.78],[72.26,-35.75],[72.26,-35.56],[72.22,-35.56],[72.22,-35.53],[72.19,-35.51],[72.01,-35.51],[71.94,-35.56],[71.97,-35.58],[71.97,-35.59],[72.04,-35.61],[72.04,-35.78],[71.97,-35.81],[71.9,-35.78],[71.76,-35.68],[71.76,-35.58],[71.72,-35.56],[71.72,-35.53],[71.68,-35.48],[71.61,-35.41],[71.58,-35.41],[71.58,-35.43],[71.54,-35.44],[71.54,-35.59],[71.47,-35.59],[71.47,-35.56],[71.43,-35.56],[71.43,-35.53],[71.4,-35.51],[71.25,-35.51],[71.14,-35.46],[71.14,-35.41],[71.07,-35.41],[70.96,-35.41],[70.86,-35.38],[70.86,-35.34],[70.78,-35.31],[70.78,-35.26],[70.71,-35.24],[70.71,-35.23],[70.57,-35.16],[70.53,-35.13],[70.5,-35.11],[70.5,-35.09],[70.46,-35.06],[70.5,-35.04],[70.5,-34.99],[70.57,-34.94]]]}},{"type":"Feature","properties":{"precip":20},"geometry":{"type":"Polygon","coordinates":[[[65.56,-35.24],[65.56,-35.23],[65.64,-35.23],[65.64,-35.29],[65.6,-35.31],[65.56,-35.29],[65.56,-35.24]]]}},{"type":"Feature","properties":{"precip":20},"geometry":{"type":"Polygon","coordinates":[[[73.74,-35.86],[73.74,-35.81],[73.77,-35.78],[73.77,-35.73],[73.81,-35.71],[73.95,-35.71],[74.06,-35.75],[74.06,-35.78],[73.95,-35.85],[73.95,-35.86],[73.99,-35.86],[74.02,-35.9],[74.02,-35.93],[74.06,-35.96],[74.06,-36.03],[74.02,-36.05],[74.02,-36.1],[73.95,-36.18],[73.88,-36.2],[73.84,-36.18],[73.84,-36.03],[73.77,-36.0],[73.77,-35.91],[73.74,-35.88],[73.74,-35.86]]]}},{"type":"Feature","properties":{"precip":20},"geometry":{"type":"Polygon","coordinates":[[[75.46,-36.05],[75.46,-36.03],[75.5,-36.0],[75.57,-36.0],[75.64,-36.03],[75.64,-36.08],[75.61,-36.1],[75.5,-36.1],[75.46,-36.08],[75.46,-36.05]]]}},{"type":"Feature","properties":{"precip":20},"geometry":{"type":"Polygon","coordinates":[[[74.35,-36.25],[74.35,-36.21],[74.42,-36.2],[74.46,-36.23],[74.46,-36.28],[74.42,-36.31],[74.35,-36.28],[74.35,-36.25]]]}},{"type":"Feature","properties":{"precip":20},"geometry":{"type":"Polygon","coordinates":[[[56.57,-37.76],[56.57,-37.7],[56.64,-37.7],[56.64,-37.79],[56.57,-37.79],[56.57,-37.76]]]}},{"type":"Feature","properties":{"precip":20},"geometry":{"type":"Polygon","coordinates":[[[57.86,-37.76],[57.86,-37.7],[57.93,-37.7],[57.93,-37.79],[57.86,-37.79],[57.86,-37.76]]]}},{"type":"Feature","properties":{"precip":20},"geometry":{"type":"Polygon","coordinates":[[[57.14,-37.86],[57.18,-37.81],[57.32,-37.81],[57.36,-37.84],[57.36,-37.89],[57.32,-37.89],[57.29,-37.92],[57.21,-37.92],[57.18,-37.89],[57.14,-37.89],[57.14,-37.86]]]}},{"type":"Feature","properties":{"precip":20},"geometry":{"type":"Polygon","coordinates":[[[55.56,-37.94],[55.56,-37.92],[55.59,-37.92],[55.7,-37.92],[55.74,-37.94],[55.74,-38.04],[55.77,-38.07],[55.88,-38.11],[56.1,-38.11],[56.13,-38.11],[56.21,-38.11],[56.24,-38.12],[56.24,-38.17],[56.21,-38.17],[56.13,-38.21],[55.99,-38.21],[55.92,-38.22],[55.85,-38.24],[55.81,-38.29],[55.77,-38.27],[55.67,-38.17],[55.67,-38.07],[55.63,-38.04],[55.63,-38.02],[55.56,-37.99],[55.56,-37.94]]]}},{"type":"Feature","properties":{"precip":20},"geometry":{"type":"Polygon","coordinates":[[[57.75,-38.04],[57.75,-38.02],[57.83,-38.02],[57.86,-38.04],[57.86,-38.07],[57.83,-38.07],[57.83,-38.11],[57.75,-38.09],[57.75,-38.04]]]}},{"type":"Feature","properties":{"precip":20},"geometry":{"type":"Polygon","coordinates":[[[56.75,-38.26],[56.75,-38.12],[56.78,-38.11],[56.85,-38.14],[56.93,-38.22],[56.96,-38.29],[57.03,-38.39],[57.03,-38.41],[57.07,-38.43],[57.07,-38.48],[57.11,-38.51],[57.11,-38.54],[57.21,-38.59],[57.25,-38.56],[57.25,-38.54],[57.29,-38.51],[57.36,-38.54],[57.36,-38.56],[57.32,-38.56],[57.25,-38.64],[57.25,-38.66],[57.32,-38.69],[57.39,-38.69],[57.43,-38.69],[57.43,-38.64],[57.47,-38.59],[57.47,-38.51],[57.54,-38.51],[57.54,-38.41],[57.5,-38.39],[57.43,-38.39],[57.29,-38.32],[57.29,-38.29],[57.25,-38.26],[57.25,-38.22],[57.32,-38.21],[57.47,-38.21],[57.54,-38.22],[57.54,-38.36],[57.57,-38.36],[57.57,-38.39],[57.61,-38.39],[57.65,-38.43],[57.65,-38.51],[57.68,-38.56],[57.75,-38.66],[57.83,-38.73],[57.9,-38.79],[57.93,-38.79],[57.93,-38.69],[57.97,-38.66],[57.97,-38.63],[58.04,-38.59],[58.15,-38.64],[58.15,-38.66],[58.26,-38.78],[58.37,-38.79],[58.44,-38.79],[58.44,-38.71],[58.37,-38.69],[58.37,-38.54],[58.47,-38.51],[58.55,-38.51],[58.62,-38.51],[58.65,-38.54],[58.65,-38.58],[58.58,-38.59],[58.58,-38.66],[58.55,-38.69],[58.55,-38.94],[58.58,-38.98],[58.58,-39.01],[58.65,-38.94],[58.69,-38.89],[58.76,-38.84],[58.76,-38.83],[58.83,-38.83],[58.83,-38.84],[58.91,-38.88],[58.91,-38.93],[58.94,-38.94],[58.94,-39.04],[59.01,-39.11],[59.05,-39.11],[59.16,-39.06],[59.19,-39.01],[59.23,-38.98],[59.23,-38.93],[59.19,-38.88],[59.12,-38.83],[59.05,-38.79],[58.98,-38.79],[58.91,-38.73],[58.91,-38.69],[58.87,-38.66],[58.87,-38.63],[58.94,-38.64],[58.94,-38.66],[58.98,-38.66],[58.98,-38.69],[59.05,-38.66],[59.05,-38.63],[59.12,-38.59],[59.12,-38.64],[59.16,-38.66],[59.16,-38.78],[59.19,-38.83],[59.27,-38.86],[59.34,-38.88],[59.34,-38.84],[59.45,-38.79],[59.52,-38.79],[59.55,-38.79],[59.55,-38.73],[59.59,-38.73],[59.59,-38.69],[59.63,-38.69],[59.63,-38.79],[59.52,-38.88],[59.45,-38.91],[59.37,-38.93],[59.37,-38.98],[59.34,-38.98],[59.34,-39.03],[59.37,-39.06],[59.37,-39.11],[59.45,-39.11],[59.45,-39.01],[59.52,-39.01],[59.52,-39.03],[59.55,-39.04],[59.55,-39.16],[59.59,-39.2],[59.66,-39.2],[59.73,-39.18],[59.73,-39.1],[59.77,-39.06],[59.77,-39.01],[59.84,-39.01],[59.84,-39.1],[59.88,-39.1],[59.91,-39.11],[60.02,-39.11],[60.06,-39.13],[60.06,-39.18],[60.17,-39.2],[60.2,-39.2],[60.45,-39.2],[60.56,-39.26],[60.56,-39.28],[60.6,-39.31],[60.67,-39.31],[60.78,-39.35],[60.78,-39.41],[60.81,-39.41],[60.81,-39.36],[60.92,-39.31],[60.99,-39.31],[61.07,-39.35],[61.07,-39.38],[61.14,-39.41],[61.25,-39.41],[61.32,-39.38],[61.35,-39.38],[61.35,-39.31],[61.43,-39.31],[61.5,-39.31],[61.53,-39.31],[61.53,-39.35],[61.57,-39.38],[61.64,-39.41],[61.71,-39.41],[61.75,-39.38],[61.82,-39.38],[61.89,-39.31],[61.93,-39.31],[61.93,-39.35],[61.97,-39.36],[61.97,-39.38],[62.0,-39.41],[62.11,-39.41],[62.11,-39.45],[62.14,-39.45],[62.14,-39.55],[62.22,-39.6],[62.36,-39.6],[62.43,-39.6],[62.43,-39.48],[62.47,-39.46],[62.47,-39.41],[62.54,-39.41],[62.54,-39.53],[62.43,-39.65],[62.4,-39.68],[62.4,-39.73],[62.36,-39.73],[62.36,-39.78],[62.4,-39.8],[62.47,-39.85],[62.47,-39.88],[62.58,-39.92],[62.65,-39.92],[62.72,-39.92],[62.76,-39.93],[62.76,-39.97],[62.83,-40.0],[62.9,-40.0],[62.94,-40.0],[63.01,-40.0],[63.04,-40.07],[63.04,-40.25],[63.12,-40.3],[63.15,-40.27],[63.15,-40.25],[63.19,-40.22],[63.22,-40.22],[63.22,-40.25],[63.3,-40.28],[63.37,-40.25],[63.44,-40.17],[63.51,-40.1],[63.55,-40.12],[63.55,-40.32],[63.58,-40.35],[63.58,-40.4],[63.62,-40.44],[63.69,-40.5],[63.76,-40.45],[63.76,-40.44],[63.8,-40.42],[63.8,-40.37],[63.84,-40.37],[63.84,-40.27],[63.87,-40.25],[63.87,-40.22],[63.91,-40.22],[63.98,-40.22],[64.05,-40.25],[64.05,-40.44],[64.16,-40.55],[64.23,-40.6],[64.3,-40.6],[64.34,-40.62],[64.34,-40.69],[64.41,-40.72],[64.45,-40.69],[64.45,-40.54],[64.41,-40.5],[64.34,-40.47],[64.34,-40.44],[64.38,-40.4],[64.48,-40.4],[64.52,-40.42],[64.52,-40.45],[64.56,-40.45],[64.56,-40.59],[64.59,-40.59],[64.63,-40.62],[64.63,-40.65],[64.66,-40.69],[64.66,-40.82],[64.74,-40.79],[64.74,-40.72],[64.77,-40.72],[64.84,-40.72],[64.84,-40.87],[64.88,-40.87],[64.88,-40.9],[64.95,-40.87],[64.95,-40.74],[64.99,-40.72],[65.06,-40.72],[65.13,-40.72],[65.13,-40.89],[65.17,-40.9],[65.17,-41.05],[65.2,-41.09],[65.2,-41.12],[65.24,-41.17],[65.31,-41.19],[65.35,-41.19],[65.35,-41.05],[65.38,-41.04],[65.38,-41.02],[65.46,-40.99],[65.53,-40.99],[65.64,-41.02],[65.64,-41.09],[65.6,-41.09],[65.53,-41.09],[65.46,-41.16],[65.46,-41.27],[65.54,-41.3],[65.16,-41.3],[65.13,-41.27],[65.13,-41.22],[65.06,-41.19],[64.95,-41.22],[64.95,-41.27],[64.92,-41.3],[64.83,-41.3],[64.74,-41.26],[64.74,-41.22],[64.66,-41.17],[64.66,-41.07],[64.63,-41.05],[64.63,-41.02],[64.56,-40.99],[64.52,-40.99],[64.45,-41.02],[64.45,-41.09],[64.41,-41.09],[64.34,-41.09],[64.27,-41.07],[64.2,-40.99],[64.12,-40.92],[64.02,-40.9],[63.91,-40.9],[63.84,-40.87],[63.84,-40.82],[63.8,-40.82],[63.69,-40.82],[63.66,-40.79],[63.66,-40.74],[63.58,-40.72],[63.51,-40.72],[63.3,-40.72],[63.22,-40.69],[63.19,-40.69],[63.12,-40.64],[63.12,-40.6],[63.08,-40.59],[63.08,-40.55],[63.01,-40.54],[62.97,-40.5],[62.9,-40.5],[62.83,-40.45],[62.83,-40.4],[62.79,-40.4],[62.76,-40.44],[62.76,-40.47],[62.68,-40.5],[62.65,-40.5],[62.58,-40.47],[62.54,-40.44],[62.54,-40.35],[62.5,-40.3],[62.32,-40.3],[62.25,-40.35],[62.25,-40.37],[62.22,-40.37],[62.14,-40.35],[62.07,-40.27],[62.0,-40.22],[61.97,-40.17],[61.89,-40.13],[61.82,-40.1],[61.75,-40.12],[61.75,-40.18],[61.64,-40.18],[61.57,-40.18],[61.57,-40.12],[61.53,-40.1],[61.53,-40.03],[61.46,-40.0],[61.39,-40.0],[61.35,-39.98],[61.35,-39.93],[61.32,-39.92],[61.25,-39.93],[61.25,-40.1],[61.17,-40.1],[61.14,-40.13],[61.14,-40.17],[61.17,-40.17],[61.17,-40.18],[61.28,-40.22],[61.35,-40.25],[61.35,-40.47],[61.43,-40.5],[61.5,-40.5],[61.53,-40.54],[61.53,-40.6],[61.46,-40.62],[61.46,-40.69],[61.5,-40.72],[61.61,-40.72],[61.64,-40.69],[61.64,-40.55],[61.68,-40.55],[61.68,-40.54],[61.71,-40.5],[61.79,-40.5],[61.82,-40.54],[61.82,-40.55],[61.86,-40.55],[61.86,-40.69],[61.89,-40.69],[61.93,-40.72],[61.93,-40.75],[61.97,-40.79],[61.97,-40.9],[62.04,-40.9],[62.04,-41.02],[62.07,-41.04],[62.07,-41.09],[62.11,-41.09],[62.18,-41.09],[62.25,-41.07],[62.25,-40.94],[62.22,-40.92],[62.22,-40.9],[62.18,-40.9],[62.18,-40.87],[62.14,-40.87],[62.14,-40.75],[62.18,-40.74],[62.18,-40.72],[62.22,-40.72],[62.29,-40.72],[62.32,-40.72],[62.32,-40.74],[62.36,-40.75],[62.36,-40.89],[62.43,-40.9],[62.43,-40.99],[62.47,-41.02],[62.47,-41.09],[62.5,-41.09],[62.58,-41.09],[62.65,-41.07],[62.65,-40.94],[62.72,-40.9],[62.79,-40.9],[62.83,-40.9],[62.83,-40.97],[62.76,-41.04],[62.68,-41.09],[62.68,-41.12],[62.58,-41.21],[62.58,-41.26],[62.54,-41.27],[62.54,-41.3],[62.63,-41.3],[62.72,-41.27],[62.79,-41.19],[62.83,-41.17],[62.83,-41.16],[62.9,-41.12],[62.94,-41.12],[62.94,-41.24],[62.97,-41.26],[62.97,-41.3],[61.2,-41.3],[61.17,-41.27],[61.14,-41.27],[61.14,-41.22],[61.1,-41.21],[61.03,-41.21],[60.99,-41.19],[60.92,-41.19],[60.85,-41.17],[60.85,-41.16],[60.78,-41.12],[60.71,-41.12],[60.67,-41.09],[60.45,-41.09],[60.35,-41.05],[60.31,-41.02],[60.31,-40.99],[60.27,-40.99],[60.27,-40.97],[60.17,-40.9],[60.09,-40.9],[59.95,-40.9],[59.91,-40.87],[59.81,-40.84],[59.81,-40.82],[59.77,-40.75],[59.63,-40.72],[59.48,-40.72],[59.34,-40.65],[59.3,-40.6],[59.27,-40.59],[59.27,-40.55],[59.23,-40.54],[59.16,-40.5],[59.09,-40.5],[58.98,-40.47],[58.98,-40.45],[58.91,-40.42],[58.87,-40.37],[58.8,-40.35],[58.76,-40.3],[58.69,-40.3],[58.62,-40.28],[58.55,-40.27],[58.55,-40.25],[58.47,-40.18],[58.44,-40.13],[58.33,-40.1],[58.26,-40.1],[58.22,-40.07],[58.22,-40.0],[58.19,-40.0],[58.19,-40.03],[58.11,-40.1],[58.01,-40.1],[57.93,-40.03],[57.9,-39.98],[57.86,-39.97],[57.86,-39.93],[57.75,-39.92],[57.72,-39.92],[57.65,-39.88],[57.65,-39.83],[57.68,-39.8],[57.75,-39.78],[57.75,-39.75],[57.68,-39.7],[57.68,-39.66],[57.65,-39.65],[57.65,-39.63],[57.75,-39.6],[57.75,-39.55],[57.65,-39.5],[57.54,-39.5],[57.47,-39.46],[57.43,-39.45],[57.43,-39.41],[57.39,-39.41],[57.32,-39.41],[57.25,-39.38],[57.25,-39.33],[57.14,-39.31],[57.03,-39.31],[56.96,-39.28],[56.85,-39.26],[56.78,-39.18],[56.71,-39.13],[56.64,-39.04],[56.64,-39.01],[56.57,-38.94],[56.57,-38.86],[56.53,-38.84],[56.53,-38.83],[56.46,-38.83],[56.46,-38.88],[56.39,-38.91],[56.35,-38.88],[56.35,-38.79],[56.31,-38.74],[56.31,-38.71],[56.24,-38.64],[56.06,-38.56],[56.06,-38.41],[56.13,-38.39],[56.13,-38.46],[56.21,-38.51],[56.28,-38.51],[56.35,-38.54],[56.35,-38.66],[56.42,-38.69],[56.49,-38.69],[56.53,-38.69],[56.53,-38.64],[56.57,-38.59],[56.57,-38.51],[56.6,-38.51],[56.64,-38.51],[56.64,-38.64],[56.67,-38.66],[56.67,-38.69],[56.75,-38.66],[56.75,-38.54],[56.78,-38.54],[56.78,-38.51],[56.82,-38.51],[56.85,-38.54],[56.85,-38.59],[56.93,-38.59],[56.93,-38.54],[56.96,-38.51],[56.96,-38.39],[56.93,-38.39],[56.93,-38.29],[56.85,-38.32],[56.85,-38.39],[56.78,-38.39],[56.78,-38.36],[56.75,-38.32],[56.75,-38.26]],[[57.14,-38.74],[57.14,-38.73],[57.07,-38.69],[56.96,-38.71],[56.96,-38.79],[57.0,-38.79],[57.11,-38.79],[57.14,-38.79],[57.14,-38.74]],[[56.75,-38.84],[56.75,-38.83],[56.71,-38.79],[56.64,-38.84],[56.64,-38.86],[56.71,-38.91],[56.75,-38.89],[56.75,-38.84]],[[57.36,-38.94],[57.36,-38.93],[57.32,-38.91],[57.25,-38.93],[57.25,-39.01],[57.29,-39.01],[57.36,-38.98],[57.36,-38.94]],[[57.93,-39.65],[57.93,-39.6],[57.86,-39.63],[57.86,-39.7],[57.93,-39.7],[57.93,-39.65]],[[62.04,-39.65],[62.04,-39.63],[61.97,-39.6],[61.97,-39.7],[62.04,-39.7],[62.04,-39.65]],[[61.97,-39.75],[61.93,-39.73],[61.86,-39.73],[61.86,-39.8],[61.93,-39.8],[61.93,-39.78],[61.97,-39.75]],[[62.14,-39.75],[62.14,-39.73],[62.07,-39.7],[62.07,-39.73],[62.04,-39.73],[62.04,-39.78],[62.07,-39.8],[62.14,-39.8],[62.14,-39.75]],[[60.85,-39.85],[60.85,-39.82],[60.78,-39.8],[60.74,-39.83],[60.74,-39.88],[60.78,-39.92],[60.85,-39.88],[60.85,-39.85]],[[61.07,-39.85],[61.03,-39.82],[60.96,-39.82],[60.96,-39.92],[61.03,-39.92],[61.03,-39.88],[61.07,-39.85]],[[58.15,-39.95],[58.15,-39.92],[58.08,-39.92],[58.04,-39.93],[58.04,-39.98],[58.08,-40.0],[58.15,-39.98],[58.15,-39.95]],[[62.25,-39.95],[62.22,-39.92],[62.14,-39.92],[62.07,-39.92],[62.07,-39.93],[62.04,-39.93],[62.04,-39.97],[62.07,-39.97],[62.11,-40.0],[62.22,-40.0],[62.25,-39.95]],[[62.94,-40.25],[62.94,-40.22],[62.86,-40.22],[62.86,-40.28],[62.9,-40.3],[62.94,-40.28],[62.94,-40.25]],[[63.26,-40.35],[63.22,-40.3],[63.15,-40.32],[63.15,-40.4],[63.22,-40.4],[63.22,-40.37],[63.26,-40.37],[63.26,-40.35]],[[63.44,-40.4],[63.44,-40.32],[63.4,-40.3],[63.37,-40.32],[63.3,-40.37],[63.3,-40.4],[63.26,-40.44],[63.26,-40.5],[63.3,-40.5],[63.37,-40.5],[63.44,-40.47],[63.44,-40.4]],[[63.94,-40.45],[63.94,-40.4],[63.87,-40.4],[63.84,-40.44],[63.84,-40.47],[63.87,-40.47],[63.87,-40.5],[63.94,-40.5],[63.94,-40.45]],[[63.84,-40.65],[63.84,-40.62],[63.76,-40.6],[63.76,-40.72],[63.84,-40.69],[63.84,-40.65]],[[61.75,-40.75],[61.75,-40.72],[61.68,-40.72],[61.64,-40.72],[61.64,-40.79],[61.75,-40.79],[61.75,-40.75]],[[64.34,-40.97],[64.34,-40.9],[64.27,-40.9],[64.27,-40.92],[64.23,-40.94],[64.27,-40.97],[64.27,-40.99],[64.34,-40.99],[64.34,-40.97]],[[64.84,-40.97],[64.84,-40.9],[64.77,-40.9],[64.77,-40.92],[64.74,-40.92],[64.74,-40.97],[64.77,-40.99],[64.84,-40.99],[64.84,-40.97]],[[64.95,-41.16],[64.95,-41.12],[64.88,-41.09],[64.84,-41.12],[64.84,-41.17],[64.88,-41.19],[64.95,-41.17],[64.95,-41.16]]]}},{"type":"Feature","properties":{"precip":20},"geometry":{"type":"Polygon","coordinates":[[[56.35,-38.26],[56.35,-38.22],[56.42,-38.21],[56.46,-38.22],[56.46,-38.29],[56.42,-38.29],[56.35,-38.29],[56.35,-38.26]]]}},{"type":"Feature","properties":{"precip":20},"geometry":{"type":"Polygon","coordinates":[[[57.86,-38.39],[57.86,-38.32],[57.93,-38.29],[57.97,-38.29],[58.04,-38.32],[58.04,-38.48],[58.01,-38.51],[57.9,-38.51],[57.86,-38.48],[57.86,-38.39]]]}},{"type":"Feature","properties":{"precip":20},"geometry":{"type":"Polygon","coordinates":[[[63.26,-38.36],[63.26,-38.32],[63.33,-38.29],[63.33,-38.39],[63.26,-38.39],[63.26,-38.36]]]}},{"type":"Feature","properties":{"precip":20},"geometry":{"type":"Polygon","coordinates":[[[69.06,-38.84],[69.06,-38.83],[69.13,-38.83],[69.13,-38.84],[69.16,-38.84],[69.16,-38.86],[69.13,-38.86],[69.13,-38.89],[69.06,-38.89],[69.06,-38.84]]]}},{"type":"Feature","properties":{"precip":20},"geometry":{"type":"Polygon","coordinates":[[[69.56,-39.04],[69.56,-39.01],[69.63,-39.01],[69.63,-39.11],[69.6,-39.11],[69.56,-39.11],[69.56,-39.04]]]}},{"type":"Feature","properties":{"precip":20},"geometry":{"type":"Polygon","coordinates":[[[62.86,-39.35],[62.86,-39.31],[62.94,-39.31],[62.94,-39.38],[62.86,-39.41],[62.86,-39.35]]]}},{"type":"Feature","properties":{"precip":20},"geometry":{"type":"Polygon","coordinates":[[[69.74,-39.35],[69.78,-39.31],[69.85,-39.31],[69.85,-39.38],[69.78,-39.41],[69.78,-39.38],[69.74,-39.38],[69.74,-39.35]]]}},{"type":"Feature","properties":{"precip":20},"geometry":{"type":"Polygon","coordinates":[[[69.63,-39.6],[69.67,-39.56],[69.67,-39.53],[69.74,-39.5],[69.88,-39.5],[69.92,-39.51],[69.96,-39.56],[69.96,-39.88],[70.03,-39.92],[70.03,-39.88],[70.06,-39.88],[70.06,-39.83],[70.1,-39.82],[70.17,-39.82],[70.21,-39.8],[70.32,-39.8],[70.42,-39.83],[70.42,-39.85],[70.46,-39.88],[70.46,-39.93],[70.42,-39.95],[70.42,-40.0],[70.39,-40.0],[70.39,-40.03],[70.35,-40.07],[70.35,-40.28],[70.39,-40.28],[70.46,-40.27],[70.5,-40.22],[70.57,-40.1],[70.64,-40.0],[70.64,-39.98],[70.68,-39.93],[70.68,-39.92],[70.78,-39.92],[70.89,-39.93],[70.96,-39.97],[71.04,-40.03],[71.04,-40.07],[71.14,-40.1],[71.22,-40.1],[71.25,-40.1],[71.4,-40.1],[71.43,-40.13],[71.43,-40.17],[71.47,-40.18],[71.43,-40.22],[71.43,-40.28],[71.4,-40.28],[71.4,-40.32],[71.36,-40.32],[71.36,-40.37],[71.4,-40.4],[71.4,-40.42],[71.43,-40.45],[71.58,-40.5],[71.65,-40.47],[71.65,-40.42],[71.68,-40.4],[71.76,-40.4],[71.79,-40.42],[71.86,-40.47],[71.94,-40.54],[71.94,-40.55],[72.01,-40.6],[72.01,-40.64],[72.04,-40.65],[72.04,-40.75],[72.12,-40.82],[72.19,-40.82],[72.22,-40.82],[72.22,-40.84],[72.26,-40.87],[72.26,-40.97],[72.3,-40.99],[72.37,-40.99],[72.4,-41.04],[72.48,-41.07],[72.48,-41.09],[72.55,-41.16],[72.58,-41.17],[72.62,-41.17],[72.66,-41.12],[72.73,-41.09],[72.8,-41.12],[72.84,-41.16],[72.84,-41.22],[72.87,-41.24],[72.87,-41.3],[72.88,-41.3],[72.94,-41.27],[72.94,-41.02],[72.91,-40.99],[72.87,-40.99],[72.87,-40.97],[72.84,-40.94],[72.91,-40.9],[72.98,-40.9],[73.05,-40.92],[73.05,-40.99],[73.09,-40.99],[73.16,-40.99],[73.23,-41.02],[73.23,-41.04],[73.27,-41.05],[73.2,-41.09],[73.12,-41.09],[73.05,-41.16],[73.05,-41.27],[73.11,-41.3],[73.14,-41.3],[73.23,-41.27],[73.23,-41.26],[73.41,-41.12],[73.48,-41.09],[73.56,-41.12],[73.56,-41.17],[73.63,-41.19],[73.77,-41.26],[73.81,-41.27],[73.81,-41.3],[74.92,-41.3],[74.85,-41.24],[74.67,-41.19],[74.6,-41.19],[74.56,-41.17],[74.56,-40.84],[74.6,-40.82],[74.64,-40.82],[74.74,-40.84],[74.82,-40.9],[74.82,-40.97],[74.85,-40.99],[74.85,-41.12],[74.89,-41.16],[74.89,-41.19],[74.96,-41.26],[74.96,-41.27],[75.03,-41.27],[75.1,-41.21],[75.18,-41.12],[75.21,-41.12],[75.25,-41.12],[75.25,-41.3],[70.86,-41.3],[70.86,-41.26],[70.82,-41.24],[70.82,-41.21],[70.75,-41.21],[70.71,-41.19],[70.57,-41.17],[70.5,-41.12],[70.46,-41.07],[70.46,-40.97],[70.39,-40.89],[70.32,-40.84],[70.32,-40.82],[70.24,-40.84],[70.24,-40.89],[70.21,-40.9],[70.14,-40.9],[70.1,-40.87],[70.03,-40.84],[69.96,-40.74],[69.96,-40.65],[69.88,-40.6],[69.78,-40.6],[69.7,-40.59],[69.6,-40.5],[69.56,-40.45],[69.56,-40.35],[69.49,-40.3],[69.38,-40.27],[69.27,-40.18],[69.27,-40.1],[69.34,-40.12],[69.34,-40.15],[69.42,-40.18],[69.42,-40.17],[69.49,-40.1],[69.56,-40.1],[69.63,-40.1],[69.63,-40.07],[69.7,-40.0],[69.78,-40.0],[69.81,-40.0],[69.88,-40.0],[69.92,-39.97],[69.96,-39.97],[69.96,-39.93],[69.88,-39.92],[69.81,-39.92],[69.78,-39.92],[69.6,-39.92],[69.56,-39.88],[69.56,-39.73],[69.63,-39.7],[69.63,-39.6]],[[70.64,-40.25],[70.64,-40.22],[70.57,-40.22],[70.57,-40.25],[70.53,-40.25],[70.57,-40.27],[70.57,-40.28],[70.64,-40.28],[70.64,-40.25]],[[70.75,-40.97],[70.75,-40.9],[70.68,-40.9],[70.68,-40.92],[70.64,-40.92],[70.64,-40.97],[70.68,-40.99],[70.75,-40.99],[70.75,-40.97]],[[72.15,-41.16],[72.15,-41.12],[72.08,-41.09],[72.04,-41.12],[72.04,-41.17],[72.08,-41.19],[72.15,-41.17],[72.15,-41.16]],[[71.36,-41.26],[71.32,-41.21],[71.29,-41.19],[71.25,-41.22],[71.25,-41.27],[71.28,-41.3],[71.3,-41.3],[71.36,-41.26]]]}},{"type":"Feature","properties":{"precip":20},"geometry":{"type":"Polygon","coordinates":[[[69.34,-39.95],[69.34,-39.93],[69.38,-39.92],[69.45,-39.92],[69.45,-39.98],[69.38,-40.0],[69.34,-39.98],[69.34,-39.95]]]}},{"type":"Feature","properties":{"precip":20},"geometry":{"type":"Polygon","coordinates":[[[68.66,-40.07],[68.66,-40.0],[68.73,-40.0],[68.73,-40.1],[68.66,-40.1],[68.66,-40.07]]]}},{"type":"Feature","properties":{"precip":20},"geometry":{"type":"Polygon","coordinates":[[[71.65,-40.22],[71.65,-40.1],[71.68,-40.1],[71.76,-40.13],[71.83,-40.22],[71.83,-40.28],[71.79,-40.3],[71.72,-40.3],[71.65,-40.27],[71.65,-40.22]]]}},{"type":"Feature","properties":{"precip":20},"geometry":{"type":"Polygon","coordinates":[[[72.15,-40.55],[72.15,-40.54],[72.19,-40.5],[72.3,-40.5],[72.33,-40.54],[72.33,-40.57],[72.37,-40.6],[72.37,-40.69],[72.4,-40.72],[72.51,-40.72],[72.55,-40.72],[72.55,-40.77],[72.4,-40.89],[72.37,-40.9],[72.37,-40.82],[72.33,-40.82],[72.33,-40.72],[72.3,-40.69],[72.26,-40.69],[72.26,-40.65],[72.19,-40.59],[72.15,-40.57],[72.15,-40.55]]]}},{"type":"Feature","properties":{"precip":20},"geometry":{"type":"Polygon","coordinates":[[[36.16,-40.75],[36.16,-40.72],[36.19,-40.72],[36.3,-40.72],[36.34,-40.72],[36.34,-40.79],[36.3,-40.82],[36.19,-40.82],[36.16,-40.79],[36.16,-40.75]]]}},{"type":"Feature","properties":{"precip":20},"geometry":{"type":"Polygon","coordinates":[[[63.15,-41.26],[63.15,-41.22],[63.19,-41.21],[63.26,-41.21],[63.37,-41.27],[63.4,-41.3],[63.15,-41.3],[63.15,-41.26]]]}},{"type":"Feature","properties":{"precip":20},"geometry":{"type":"Polygon","coordinates":[[[63.73,-41.27],[63.73,-41.26],[63.76,-41.22],[63.84,-41.21],[63.84,-41.3],[63.71,-41.3],[63.73,-41.27]]]}},{"type":"Feature","properties":{"precip":40},"geometry":{"type":"Polygon","coordinates":[[[32.95,3.5],[32.95,3.58],[33.03,3.6],[33.03,3.55],[33.06,3.53],[33.06,3.47],[33.03,3.45],[33.03,3.4],[32.95,3.42],[32.95,3.5]]]}},{"type":"Feature","properties":{"precip":40},"geometry":{"type":"Polygon","coordinates":[[[32.99,3.22],[33.06,3.27],[33.13,3.3],[33.13,3.22],[33.1,3.22],[33.1,3.18],[32.99,3.12],[32.95,3.12],[32.95,3.17],[32.99,3.18],[32.99,3.22]]]}},{"type":"Feature","properties":{"precip":40},"geometry":{"type":"Polygon","coordinates":[[[30.76,2.95],[30.76,3.0],[30.83,3.0],[30.83,2.97],[30.87,2.95],[30.83,2.93],[30.83,2.91],[30.76,2.91],[30.76,2.95]]]}},{"type":"Feature","properties":{"precip":40},"geometry":{"type":"Polygon","coordinates":[[[33.75,2.65],[33.75,2.68],[33.78,2.68],[33.78,2.7],[33.82,2.7],[33.82,2.68],[33.85,2.68],[33.85,2.61],[33.78,2.6],[33.75,2.61],[33.75,2.65]]]}},{"type":"Feature","properties":{"precip":40},"geometry":{"type":"Polygon","coordinates":[[[27.95,2.45],[27.95,2.5],[28.02,2.48],[28.09,2.43],[28.09,2.4],[28.13,2.36],[28.13,2.3],[28.02,2.3],[27.95,2.26],[27.95,2.13],[27.91,2.09],[27.88,2.09],[27.88,2.08],[27.84,2.06],[27.84,1.94],[27.88,1.93],[27.95,1.89],[28.06,1.89],[28.13,1.88],[28.13,1.83],[28.17,1.79],[28.17,1.73],[28.24,1.69],[28.31,1.69],[28.35,1.68],[28.35,1.63],[28.42,1.61],[28.49,1.61],[28.53,1.59],[28.6,1.59],[28.63,1.57],[28.63,1.41],[28.56,1.41],[28.56,1.46],[28.53,1.47],[28.53,1.49],[28.45,1.51],[28.35,1.47],[28.31,1.44],[28.31,1.41],[28.27,1.41],[28.27,1.46],[28.24,1.47],[28.17,1.49],[28.17,1.51],[28.09,1.51],[28.06,1.52],[28.06,1.57],[28.02,1.59],[27.91,1.59],[27.84,1.57],[27.84,1.52],[27.81,1.51],[27.77,1.51],[27.77,1.57],[27.81,1.61],[27.91,1.73],[27.95,1.74],[27.95,1.78],[27.88,1.79],[27.77,1.83],[27.77,1.86],[27.73,1.88],[27.66,1.93],[27.59,2.03],[27.55,2.06],[27.55,2.19],[27.63,2.19],[27.63,2.24],[27.66,2.26],[27.66,2.38],[27.77,2.4],[27.84,2.4],[27.95,2.43],[27.95,2.45]]]}},{"type":"Feature","properties":{"precip":40},"geometry":{"type":"Polygon","coordinates":[[[32.23,2.14],[32.31,2.19],[32.38,2.19],[32.45,2.18],[32.45,2.13],[32.38,2.09],[32.31,2.09],[32.27,2.11],[32.27,2.14],[32.23,2.14]]]}},{"type":"Feature","properties":{"precip":40},"geometry":{"type":"Polygon","coordinates":[[[30.33,1.71],[30.25,1.71],[30.25,1.74],[30.25,1.79],[30.33,1.79],[30.36,1.78],[30.36,1.73],[30.33,1.71]]]}},{"type":"Feature","properties":{"precip":40},"geometry":{"type":"Polygon","coordinates":[[[95.94,1.56],[95.94,1.63],[95.98,1.66],[95.98,1.68],[95.98,1.69],[96.3,1.69],[96.3,1.68],[96.3,1.52],[96.27,1.51],[96.27,1.56],[96.2,1.56],[96.2,1.57],[96.16,1.59],[96.16,1.61],[96.09,1.57],[96.05,1.56],[96.05,1.42],[95.98,1.41],[95.98,1.44],[95.94,1.47],[95.94,1.56]]]}},{"type":"Feature","properties":{"precip":40},"geometry":{"type":"Polygon","coordinates":[[[96.52,1.63],[96.52,1.66],[96.52,1.68],[96.59,1.69],[96.63,1.66],[96.63,1.63],[96.74,1.57],[96.74,1.52],[96.7,1.51],[96.52,1.51],[96.41,1.52],[96.41,1.56],[96.52,1.63]]]}},{"type":"Feature","properties":{"precip":40},"geometry":{"type":"Polygon","coordinates":[[[95.76,1.56],[95.76,1.59],[95.84,1.59],[95.84,1.51],[95.76,1.51],[95.76,1.56]]]}},{"type":"Feature","properties":{"precip":40},"geometry":{"type":"Polygon","coordinates":[[[27.66,1.32],[27.66,1.37],[27.77,1.41],[27.84,1.41],[27.84,1.39],[27.91,1.39],[27.95,1.37],[27.95,1.32],[27.99,1.31],[28.06,1.31],[28.13,1.29],[28.13,1.27],[28.17,1.26],[28.13,1.24],[28.13,1.21],[28.09,1.21],[28.02,1.21],[27.95,1.17],[27.95,1.12],[27.91,1.11],[27.88,1.11],[27.77,1.14],[27.73,1.17],[27.7,1.19],[27.7,1.22],[27.66,1.24],[27.66,1.32]],[[27.84,1.26],[27.84,1.29],[27.77,1.29],[27.77,1.27],[27.73,1.27],[27.73,1.24],[27.77,1.22],[27.77,1.21],[27.84,1.21],[27.84,1.26]]]}},{"type":"Feature","properties":{"precip":40},"geometry":{"type":"Polygon","coordinates":[[[95.26,1.36],[95.26,1.39],[95.26,1.41],[95.33,1.39],[95.33,1.37],[95.37,1.36],[95.33,1.34],[95.33,1.31],[95.26,1.31],[95.26,1.36]]]}},{"type":"Feature","properties":{"precip":40},"geometry":{"type":"Polygon","coordinates":[[[95.66,1.36],[95.66,1.39],[95.73,1.41],[95.73,1.37],[95.76,1.37],[95.76,1.32],[95.73,1.32],[95.73,1.31],[95.66,1.31],[95.66,1.36]]]}},{"type":"Feature","properties":{"precip":40},"geometry":{"type":"Polygon","coordinates":[[[28.56,1.26],[28.56,1.27],[28.67,1.31],[28.74,1.31],[28.74,1.29],[28.81,1.29],[28.85,1.27],[28.85,1.21],[28.78,1.21],[28.78,1.17],[28.74,1.16],[28.74,1.06],[28.67,0.96],[28.6,0.9],[28.45,0.87],[28.45,0.75],[28.42,0.74],[28.42,0.7],[28.38,0.7],[28.31,0.7],[28.27,0.72],[28.27,0.77],[28.24,0.82],[28.24,1.09],[28.27,1.14],[28.27,1.19],[28.35,1.21],[28.45,1.21],[28.56,1.24],[28.56,1.26]]]}},{"type":"Feature","properties":{"precip":40},"geometry":{"type":"Polygon","coordinates":[[[98.21,0.72],[98.25,0.75],[98.25,0.77],[98.32,0.8],[98.36,0.79],[98.36,0.75],[98.32,0.75],[98.32,0.7],[98.25,0.64],[98.18,0.6],[98.18,0.69],[98.21,0.72]]]}},{"type":"Feature","properties":{"precip":40},"geometry":{"type":"Polygon","coordinates":[[[98.93,0.75],[98.93,0.8],[99.04,0.79],[99.04,0.7],[99.0,0.7],[98.93,0.7],[98.93,0.75]]]}},{"type":"Feature","properties":{"precip":40},"geometry":{"type":"Polygon","coordinates":[[[98.36,0.55],[98.36,0.6],[98.43,0.6],[98.46,0.57],[98.46,0.54],[98.39,0.5],[98.36,0.5],[98.36,0.55]]]}},{"type":"Feature","properties":{"precip":40},"geometry":{"type":"Polygon","coordinates":[[[98.1,0.44],[98.1,0.47],[98.21,0.49],[98.32,0.4],[98.32,0.34],[98.28,0.3],[98.28,0.27],[98.25,0.22],[98.18,0.17],[98.1,0.1],[97.96,0.0],[97.89,0.0],[97.85,-0.02],[97.85,-0.07],[97.78,-0.07],[97.78,-0.1],[97.74,-0.07],[97.74,-0.03],[97.78,-0.02],[97.78,0.03],[97.85,0.07],[97.85,0.22],[97.89,0.28],[97.96,0.35],[98.0,0.39],[98.07,0.4],[98.1,0.42],[98.1,0.44]]]}},{"type":"Feature","properties":{"precip":40},"geometry":{"type":"Polygon","coordinates":[[[29.35,0.25],[29.35,0.28],[29.39,0.3],[29.43,0.28],[29.43,0.25],[29.46,0.23],[29.46,0.17],[29.43,0.13],[29.43,0.12],[29.39,0.1],[29.21,0.1],[29.21,0.12],[29.14,0.13],[29.14,0.17],[29.17,0.17],[29.17,0.18],[29.25,0.18],[29.32,0.18],[29.35,0.22],[29.35,0.25]]]}},{"type":"Feature","properties":{"precip":40},"geometry":{"type":"Polygon","coordinates":[[[96.16,-0.35],[96.16,-0.33],[96.2,-0.3],[96.3,-0.3],[96.3,-0.33],[96.3,-0.39],[96.27,-0.4],[96.2,-0.4],[96.16,-0.39],[96.16,-0.35]]]}},{"type":"Feature","properties":{"precip":40},"geometry":{"type":"Polygon","coordinates":[[[28.74,-0.45],[28.74,-0.44],[28.78,-0.4],[28.85,-0.42],[28.85,-0.49],[28.81,-0.5],[28.74,-0.49],[28.74,-0.45]]]}},{"type":"Feature","properties":{"precip":40},"geometry":{"type":"Polygon","coordinates":[[[27.81,-0.59],[27.88,-0.5],[27.91,-0.5],[27.95,-0.54],[27.95,-0.65],[27.91,-0.69],[27.84,-0.7],[27.77,-0.69],[27.77,-0.6],[27.81,-0.59]]]}},{"type":"Feature","properties":{"precip":40},"geometry":{"type":"Polygon","coordinates":[[[97.96,-0.79],[97.96,-0.72],[98.0,-0.7],[98.07,-0.7],[98.1,-0.72],[98.18,-0.77],[98.25,-0.84],[98.25,-0.95],[98.21,-0.99],[98.1,-0.99],[98.0,-0.94],[97.96,-0.85],[97.96,-0.79]]]}},{"type":"Feature","properties":{"precip":40},"geometry":{"type":"Polygon","coordinates":[[[96.27,-0.89],[96.27,-0.8],[96.3,-0.8],[96.3,-0.85],[96.41,-0.89],[96.63,-0.89],[96.74,-0.92],[96.74,-1.14],[96.7,-1.21],[96.63,-1.27],[96.59,-1.29],[96.52,-1.26],[96.52,-1.24],[96.52,-1.21],[96.48,-1.21],[96.41,-1.22],[96.41,-1.32],[96.41,-1.37],[96.41,-1.41],[96.3,-1.47],[96.2,-1.51],[96.09,-1.47],[95.98,-1.41],[95.98,-1.31],[95.98,-1.27],[96.05,-1.26],[96.05,-1.16],[96.16,-1.04],[96.2,-1.02],[96.2,-0.99],[96.2,-0.97],[96.2,-0.9],[96.27,-0.89]]]}},{"type":"Feature","properties":{"precip":40},"geometry":{"type":"Polygon","coordinates":[[[97.56,-1.16],[97.56,-1.11],[97.67,-1.11],[97.78,-1.11],[97.85,-1.11],[97.89,-1.11],[97.96,-1.12],[97.89,-1.16],[97.89,-1.17],[97.89,-1.21],[97.89,-1.22],[97.78,-1.32],[97.67,-1.37],[97.64,-1.46],[97.56,-1.49],[97.46,-1.49],[97.46,-1.51],[97.28,-1.51],[97.17,-1.52],[97.17,-1.56],[97.13,-1.57],[97.02,-1.61],[96.95,-1.61],[96.88,-1.57],[96.84,-1.56],[96.84,-1.46],[96.92,-1.41],[97.06,-1.41],[97.13,-1.37],[97.17,-1.36],[97.17,-1.31],[97.2,-1.31],[97.28,-1.31],[97.35,-1.27],[97.35,-1.24],[97.42,-1.21],[97.46,-1.21],[97.46,-1.19],[97.56,-1.16]]]}},{"type":"Feature","properties":{"precip":40},"geometry":{"type":"Polygon","coordinates":[[[95.76,-1.36],[95.76,-1.31],[95.84,-1.31],[95.84,-1.41],[95.76,-1.41],[95.76,-1.36]]]}},{"type":"Feature","properties":{"precip":40},"geometry":{"type":"Polygon","coordinates":[[[27.45,-1.46],[27.45,-1.42],[27.52,-1.41],[27.55,-1.42],[27.55,-1.47],[27.48,-1.51],[27.45,-1.49],[27.45,-1.46]]]}},{"type":"Feature","properties":{"precip":40},"geometry":{"type":"Polygon","coordinates":[[[32.41,-1.47],[32.49,-1.42],[32.56,-1.41],[32.63,-1.41],[32.67,-1.42],[32.63,-1.46],[32.63,-1.47],[32.59,-1.51],[32.52,-1.56],[32.41,-1.61],[32.34,-1.59],[32.34,-1.56],[32.38,-1.54],[32.38,-1.51],[32.41,-1.47]]]}},{"type":"Feature","properties":{"precip":40},"geometry":{"type":"Polygon","coordinates":[[[96.63,-1.46],[96.63,-1.41],[96.74,-1.41],[96.74,-1.51],[96.63,-1.51],[96.63,-1.46]]]}},{"type":"Feature","properties":{"precip":40},"geometry":{"type":"Polygon","coordinates":[[[95.15,-1.86],[95.15,-1.81],[95.26,-1.81],[95.33,-1.81],[95.33,-1.98],[95.37,-2.04],[95.37,-2.28],[95.44,-2.29],[95.69,-2.29],[95.8,-2.31],[95.84,-2.33],[95.84,-2.36],[95.8,-2.38],[95.73,-2.46],[95.62,-2.5],[95.55,-2.48],[95.55,-2.43],[95.48,-2.4],[95.44,-2.4],[95.37,-2.43],[95.33,-2.46],[95.33,-2.48],[95.26,-2.5],[95.26,-2.48],[95.26,-2.43],[95.33,-2.4],[95.33,-2.31],[95.26,-2.29],[95.15,-2.29],[95.15,-2.28],[95.15,-2.23],[95.15,-2.19],[95.22,-2.19],[95.22,-2.18],[95.26,-2.14],[95.26,-2.06],[95.22,-2.04],[95.22,-2.01],[95.15,-1.99],[95.15,-2.03],[95.15,-2.08],[95.12,-2.09],[95.04,-2.09],[95.01,-2.08],[94.94,-2.03],[94.83,-1.98],[94.83,-1.93],[94.9,-1.91],[95.01,-1.91],[95.04,-1.89],[95.15,-1.86]]]}},{"type":"Feature","properties":{"precip":40},"geometry":{"type":"Polygon","coordinates":[[[95.94,-1.96],[95.98,-1.93],[96.05,-1.91],[96.41,-1.91],[96.41,-1.93],[96.41,-1.96],[96.38,-2.03],[96.3,-2.08],[96.27,-2.09],[96.16,-2.09],[96.16,-2.03],[96.09,-2.01],[96.05,-1.99],[95.98,-1.99],[95.94,-1.96]]]}},{"type":"Feature","properties":{"precip":40},"geometry":{"type":"Polygon","coordinates":[[[97.46,-2.24],[97.53,-2.23],[97.56,-2.19],[97.67,-2.19],[97.78,-2.23],[97.85,-2.24],[97.85,-2.38],[97.78,-2.4],[97.78,-2.43],[97.74,-2.45],[97.74,-2.56],[97.64,-2.6],[97.46,-2.6],[97.35,-2.58],[97.35,-2.55],[97.35,-2.43],[97.31,-2.4],[97.28,-2.38],[97.28,-2.36],[97.24,-2.36],[97.24,-2.33],[97.28,-2.33],[97.28,-2.31],[97.35,-2.33],[97.35,-2.36],[97.35,-2.38],[97.46,-2.4],[97.56,-2.4],[97.64,-2.38],[97.64,-2.31],[97.56,-2.29],[97.46,-2.29],[97.46,-2.28],[97.46,-2.24]]]}},{"type":"Feature","properties":{"precip":40},"geometry":{"type":"Polygon","coordinates":[[[98.25,-2.55],[98.25,-2.53],[98.28,-2.5],[98.36,-2.5],[98.54,-2.63],[98.57,-2.68],[98.64,-2.75],[98.64,-2.86],[98.54,-2.96],[98.46,-3.0],[98.46,-2.96],[98.43,-2.95],[98.39,-2.91],[98.39,-2.88],[98.28,-2.8],[98.21,-2.8],[98.07,-2.68],[98.07,-2.61],[98.1,-2.6],[98.18,-2.6],[98.25,-2.58],[98.25,-2.55]]]}},{"type":"Feature","properties":{"precip":40},"geometry":{"type":"Polygon","coordinates":[[[93.96,-3.5],[93.96,-3.42],[94.07,-3.4],[94.14,-3.4],[94.25,-3.42],[94.25,-3.45],[94.22,-3.47],[94.22,-3.5],[94.18,-3.53],[94.11,-3.58],[94.0,-3.6],[93.96,-3.57],[93.96,-3.5]]]}},{"type":"Feature","properties":{"precip":40},"geometry":{"type":"Polygon","coordinates":[[[98.54,-3.72],[98.54,-3.68],[98.57,-3.67],[98.57,-3.62],[98.61,-3.6],[98.64,-3.62],[98.64,-3.67],[98.72,-3.72],[98.82,-3.72],[98.93,-3.74],[98.93,-3.79],[98.93,-3.82],[98.93,-3.89],[99.04,-3.92],[99.04,-4.15],[99.0,-4.19],[98.9,-4.2],[98.72,-4.2],[98.68,-4.22],[98.64,-4.24],[98.72,-4.29],[98.79,-4.29],[98.79,-4.3],[98.9,-4.3],[98.93,-4.34],[98.93,-4.44],[98.93,-4.51],[98.93,-4.69],[99.0,-4.69],[99.04,-4.69],[99.14,-4.72],[99.14,-4.79],[99.04,-4.79],[99.04,-4.84],[99.04,-4.96],[99.0,-4.97],[99.0,-5.01],[98.9,-5.09],[98.9,-5.13],[98.82,-5.16],[98.82,-5.26],[98.82,-5.28],[98.82,-5.31],[98.79,-5.31],[98.72,-5.31],[98.72,-5.33],[98.64,-5.36],[98.64,-5.38],[98.61,-5.38],[98.61,-5.41],[98.57,-5.41],[98.57,-5.44],[98.54,-5.46],[98.43,-5.51],[98.36,-5.51],[98.36,-5.56],[98.32,-5.59],[98.25,-5.59],[98.18,-5.61],[98.1,-5.64],[98.1,-5.68],[98.07,-5.69],[97.96,-5.69],[97.89,-5.71],[97.85,-5.75],[97.85,-5.95],[97.89,-5.98],[97.89,-6.0],[97.96,-5.98],[97.96,-5.93],[98.0,-5.93],[98.0,-5.95],[98.1,-5.98],[98.1,-6.03],[98.1,-6.05],[98.21,-6.08],[98.36,-6.1],[98.64,-6.1],[98.82,-6.08],[98.82,-6.05],[98.93,-6.01],[99.0,-6.0],[99.14,-6.0],[99.14,-6.7],[99.11,-6.7],[99.04,-6.7],[98.9,-6.7],[98.79,-6.72],[98.72,-6.75],[98.64,-6.8],[98.5,-6.8],[98.46,-6.82],[98.36,-6.82],[98.28,-6.82],[98.25,-6.85],[98.25,-6.87],[98.18,-6.9],[98.0,-6.9],[97.89,-6.92],[97.85,-6.95],[97.85,-6.97],[97.78,-7.0],[97.74,-7.0],[97.64,-7.03],[97.64,-7.1],[97.46,-7.07],[97.46,-7.03],[97.31,-6.95],[97.24,-6.85],[97.2,-6.8],[97.2,-6.75],[97.17,-6.72],[97.17,-6.42],[97.2,-6.4],[97.28,-6.4],[97.35,-6.36],[97.35,-6.25],[97.35,-6.23],[97.35,-6.18],[97.46,-6.18],[97.46,-6.15],[97.35,-6.1],[97.35,-6.08],[97.35,-6.05],[97.35,-5.93],[97.35,-5.9],[97.46,-5.88],[97.46,-5.83],[97.35,-5.81],[97.24,-5.8],[97.13,-5.8],[97.02,-5.81],[96.95,-5.85],[96.95,-6.15],[96.88,-6.2],[96.74,-6.2],[96.63,-6.18],[96.59,-6.1],[96.59,-6.08],[96.52,-6.03],[96.41,-6.0],[96.38,-5.98],[96.38,-5.95],[96.3,-5.93],[96.3,-5.78],[96.38,-5.75],[96.38,-5.71],[96.41,-5.69],[96.52,-5.68],[96.52,-5.64],[96.52,-5.54],[96.59,-5.53],[96.59,-5.51],[96.63,-5.46],[96.7,-5.41],[96.7,-5.38],[96.74,-5.36],[96.74,-5.21],[96.63,-5.18],[96.63,-5.11],[96.7,-5.11],[96.74,-5.11],[96.74,-5.18],[96.81,-5.21],[96.81,-5.18],[96.84,-5.16],[96.84,-5.01],[96.88,-4.96],[96.88,-4.91],[96.95,-4.84],[97.06,-4.81],[97.13,-4.79],[97.2,-4.79],[97.24,-4.77],[97.24,-4.54],[97.28,-4.49],[97.28,-4.41],[97.31,-4.39],[97.35,-4.46],[97.35,-4.51],[97.42,-4.51],[97.42,-4.49],[97.46,-4.41],[97.53,-4.41],[97.53,-4.44],[97.56,-4.46],[97.56,-4.49],[97.56,-4.51],[97.67,-4.51],[97.74,-4.49],[97.74,-4.44],[97.78,-4.42],[97.85,-4.41],[97.89,-4.41],[98.0,-4.39],[98.1,-4.39],[98.18,-4.37],[98.25,-4.35],[98.28,-4.34],[98.39,-4.22],[98.39,-4.19],[98.5,-4.12],[98.61,-4.07],[98.68,-4.02],[98.72,-3.99],[98.72,-3.95],[98.72,-3.92],[98.72,-3.84],[98.68,-3.82],[98.61,-3.82],[98.57,-3.79],[98.57,-3.77],[98.54,-3.74],[98.54,-3.72]],[[96.84,-5.85],[96.84,-5.81],[96.81,-5.8],[96.74,-5.81],[96.74,-5.83],[96.74,-5.86],[96.74,-5.88],[96.74,-5.9],[96.84,-5.9],[96.84,-5.85]],[[97.64,-6.15],[97.64,-6.1],[97.56,-6.1],[97.56,-6.2],[97.64,-6.2],[97.64,-6.15]]]}},{"type":"Feature","properties":{"precip":40},"geometry":{"type":"Polygon","coordinates":[[[92.2,-3.85],[92.27,-3.82],[92.31,-3.82],[92.38,-3.82],[92.42,-3.82],[92.42,-3.87],[92.63,-3.9],[92.96,-3.9],[92.99,-3.89],[93.06,-3.89],[93.14,-3.87],[93.14,-3.84],[93.21,-3.82],[93.28,-3.82],[93.35,-3.82],[93.35,-3.87],[93.46,-3.9],[93.64,-3.9],[93.68,-3.92],[93.75,-3.92],[93.75,-3.99],[93.68,-4.0],[93.68,-4.04],[93.64,-4.07],[93.64,-4.17],[93.53,-4.2],[93.46,-4.2],[93.35,-4.17],[93.35,-4.12],[93.32,-4.1],[93.21,-4.1],[93.17,-4.12],[93.17,-4.15],[93.14,-4.19],[93.14,-4.29],[93.1,-4.29],[93.06,-4.3],[92.99,-4.3],[92.96,-4.32],[92.96,-4.35],[92.88,-4.39],[92.81,-4.39],[92.74,-4.41],[92.7,-4.41],[92.63,-4.42],[92.63,-4.49],[92.63,-4.51],[92.63,-4.54],[92.63,-4.56],[92.74,-4.59],[92.81,-4.61],[93.32,-4.61],[93.42,-4.61],[93.57,-4.61],[93.75,-4.64],[93.75,-4.67],[93.68,-4.67],[93.68,-4.69],[93.57,-4.69],[93.46,-4.72],[93.46,-4.76],[93.35,-4.79],[93.24,-4.79],[93.14,-4.84],[93.14,-4.89],[93.1,-4.89],[93.03,-4.89],[92.96,-4.92],[92.96,-4.96],[92.85,-5.01],[92.74,-5.01],[92.63,-5.02],[92.63,-5.06],[92.52,-5.09],[92.49,-5.11],[92.31,-5.11],[92.16,-5.13],[92.16,-5.16],[92.09,-5.18],[92.06,-5.21],[91.98,-5.21],[91.88,-5.18],[91.84,-5.16],[91.84,-5.14],[91.8,-5.11],[91.77,-5.13],[91.77,-5.16],[91.66,-5.21],[91.59,-5.18],[91.55,-5.18],[91.55,-5.16],[91.52,-5.14],[91.52,-5.11],[91.48,-5.11],[91.44,-5.16],[91.44,-5.18],[91.37,-5.21],[91.37,-5.18],[91.34,-5.16],[91.34,-5.11],[91.26,-5.11],[91.26,-5.16],[91.16,-5.21],[91.12,-5.21],[91.05,-5.23],[91.05,-5.28],[90.94,-5.31],[90.9,-5.31],[90.8,-5.31],[90.72,-5.31],[90.62,-5.28],[90.62,-5.23],[90.58,-5.21],[90.51,-5.21],[90.47,-5.19],[90.47,-5.16],[90.44,-5.16],[90.44,-5.14],[90.51,-5.11],[90.62,-5.08],[90.62,-5.04],[90.69,-5.02],[90.69,-5.01],[90.72,-4.96],[90.8,-4.94],[90.83,-4.91],[90.9,-4.89],[91.01,-4.91],[91.05,-4.96],[91.05,-5.01],[91.12,-5.01],[91.12,-4.96],[91.16,-4.94],[91.26,-4.89],[91.34,-4.91],[91.34,-4.96],[91.37,-4.97],[91.52,-5.01],[91.77,-5.01],[91.84,-4.97],[91.84,-4.94],[91.8,-4.91],[91.73,-4.84],[91.62,-4.79],[91.55,-4.84],[91.55,-4.86],[91.52,-4.87],[91.52,-4.89],[91.44,-4.87],[91.44,-4.84],[91.52,-4.79],[91.52,-4.77],[91.55,-4.74],[91.55,-4.64],[91.52,-4.61],[91.48,-4.61],[91.48,-4.62],[91.44,-4.64],[91.44,-4.66],[91.37,-4.69],[91.37,-4.64],[91.34,-4.62],[91.26,-4.61],[91.16,-4.61],[91.16,-4.59],[91.16,-4.44],[91.16,-4.41],[91.34,-4.39],[91.34,-4.34],[91.37,-4.34],[91.37,-4.3],[91.44,-4.3],[91.44,-4.29],[91.52,-4.29],[91.52,-4.25],[91.66,-4.15],[91.7,-4.12],[91.7,-4.09],[91.77,-4.04],[91.8,-4.0],[91.84,-4.0],[91.84,-4.14],[91.66,-4.34],[91.66,-4.46],[91.73,-4.51],[91.84,-4.51],[91.95,-4.54],[91.95,-4.59],[91.98,-4.61],[92.16,-4.61],[92.2,-4.59],[92.2,-4.41],[92.16,-4.39],[92.16,-4.29],[92.09,-4.25],[92.09,-4.2],[92.06,-4.19],[92.06,-4.04],[91.98,-4.02],[91.98,-4.0],[91.95,-3.99],[91.95,-3.92],[92.06,-3.9],[92.16,-3.9],[92.2,-3.87],[92.2,-3.85]],[[92.31,-4.35],[92.31,-4.3],[92.27,-4.3],[92.2,-4.34],[92.2,-4.37],[92.27,-4.39],[92.31,-4.39],[92.31,-4.35]]]}},{"type":"Feature","properties":{"precip":40},"geometry":{"type":"Polygon","coordinates":[[[94.25,-3.85],[94.25,-3.82],[94.32,-3.82],[94.4,-3.82],[94.43,-3.82],[94.43,-3.89],[94.4,-3.9],[94.32,-3.9],[94.25,-3.87],[94.25,-3.85]]]}},{"type":"Feature","properties":{"precip":40},"geometry":{"type":"Polygon","coordinates":[[[22.95,-3.95],[22.95,-3.92],[23.02,-3.9],[23.09,-3.9],[23.16,-3.94],[23.16,-3.97],[23.13,-3.97],[23.13,-3.99],[23.09,-4.0],[23.02,-4.0],[22.95,-3.95]]]}},{"type":"Feature","properties":{"precip":40},"geometry":{"type":"Polygon","coordinates":[[[94.54,-3.95],[94.54,-3.92],[94.58,-3.92],[94.58,-3.9],[94.61,-3.92],[94.61,-3.99],[94.58,-4.0],[94.58,-3.97],[94.54,-3.95]]]}},{"type":"Feature","properties":{"precip":40},"geometry":{"type":"Polygon","coordinates":[[[73.66,-4.35],[73.66,-4.32],[73.7,-4.3],[73.81,-4.3],[73.84,-4.32],[73.84,-4.39],[73.81,-4.39],[73.7,-4.39],[73.66,-4.39],[73.66,-4.35]]]}},{"type":"Feature","properties":{"precip":40},"geometry":{"type":"Polygon","coordinates":[[[75.97,-4.35],[75.97,-4.32],[76.04,-4.3],[76.29,-4.3],[76.33,-4.32],[76.33,-4.39],[76.29,-4.42],[76.22,-4.49],[76.22,-4.51],[76.18,-4.54],[76.18,-4.59],[76.11,-4.61],[76.11,-4.74],[76.22,-4.79],[76.87,-4.79],[77.05,-4.76],[77.08,-4.72],[77.23,-4.69],[77.33,-4.69],[77.55,-4.72],[77.69,-4.77],[77.69,-4.81],[77.69,-4.84],[77.69,-4.96],[77.66,-5.02],[77.59,-5.13],[77.48,-5.16],[77.37,-5.18],[77.33,-5.21],[77.19,-5.21],[77.15,-5.18],[77.15,-5.14],[77.08,-5.11],[77.01,-5.11],[76.79,-5.11],[76.65,-5.11],[76.65,-5.14],[76.65,-5.23],[76.54,-5.33],[76.51,-5.38],[76.43,-5.43],[76.4,-5.46],[76.29,-5.51],[76.22,-5.51],[76.11,-5.53],[76.11,-5.56],[76.07,-5.59],[76.0,-5.59],[75.86,-5.61],[75.86,-5.66],[75.71,-5.71],[75.64,-5.78],[75.57,-5.83],[75.46,-5.93],[75.39,-6.01],[75.39,-6.1],[75.46,-6.18],[75.57,-6.25],[75.57,-6.26],[75.64,-6.28],[75.64,-6.3],[75.71,-6.3],[75.75,-6.33],[75.75,-6.36],[75.86,-6.4],[76.04,-6.4],[76.11,-6.43],[76.11,-6.57],[76.07,-6.6],[75.97,-6.62],[75.97,-6.65],[75.93,-6.65],[75.93,-6.68],[75.89,-6.68],[75.79,-6.7],[75.71,-6.73],[75.61,-6.8],[75.5,-6.9],[75.46,-6.95],[75.39,-7.0],[75.35,-7.05],[75.28,-7.09],[75.21,-7.15],[75.14,-7.2],[75.1,-7.2],[75.07,-7.22],[75.07,-7.3],[75.03,-7.32],[75.03,-7.39],[74.96,-7.42],[74.96,-7.52],[74.92,-7.55],[74.92,-7.59],[74.89,-7.64],[74.82,-7.69],[74.74,-7.72],[74.67,-7.72],[74.67,-7.74],[74.64,-7.74],[74.64,-7.77],[74.6,-7.77],[74.53,-7.81],[74.46,-7.81],[74.35,-7.77],[74.35,-7.74],[74.28,-7.72],[74.17,-7.72],[74.06,-7.67],[74.06,-7.57],[74.02,-7.54],[74.02,-7.5],[73.95,-7.52],[73.95,-7.57],[73.88,-7.62],[73.81,-7.59],[73.74,-7.54],[73.7,-7.5],[73.7,-7.47],[73.66,-7.47],[73.66,-7.44],[73.63,-7.42],[73.56,-7.4],[73.41,-7.3],[73.3,-7.2],[73.16,-7.07],[73.05,-6.95],[72.94,-6.85],[72.84,-6.68],[72.84,-6.62],[72.8,-6.6],[72.73,-6.6],[72.69,-6.58],[72.66,-6.58],[72.66,-6.53],[72.62,-6.5],[72.55,-6.5],[72.48,-6.48],[72.48,-6.47],[72.44,-6.47],[72.44,-6.43],[72.4,-6.4],[72.3,-6.4],[72.26,-6.38],[72.26,-6.33],[72.22,-6.31],[72.15,-6.3],[72.04,-6.3],[71.94,-6.26],[71.94,-6.23],[71.97,-6.23],[71.97,-6.2],[72.04,-6.18],[72.04,-6.03],[71.97,-6.0],[71.9,-6.0],[71.86,-5.98],[71.86,-5.96],[71.83,-5.95],[71.83,-5.91],[71.79,-5.9],[71.79,-5.93],[71.76,-5.93],[71.76,-5.96],[71.68,-5.98],[71.61,-6.0],[71.47,-6.0],[71.36,-5.98],[71.36,-5.93],[71.29,-5.9],[71.18,-5.9],[71.18,-5.88],[71.14,-5.88],[71.14,-5.83],[71.11,-5.83],[70.96,-5.8],[70.75,-5.8],[70.64,-5.76],[70.64,-5.73],[70.6,-5.71],[70.46,-5.69],[70.24,-5.69],[70.17,-5.66],[70.14,-5.64],[70.14,-5.61],[70.06,-5.59],[69.99,-5.59],[69.96,-5.58],[69.96,-5.53],[69.99,-5.49],[70.1,-5.41],[70.14,-5.41],[70.17,-5.46],[70.17,-5.48],[70.24,-5.46],[70.24,-5.44],[70.32,-5.41],[70.39,-5.41],[70.42,-5.39],[70.42,-5.38],[70.46,-5.36],[70.46,-5.33],[70.57,-5.31],[70.75,-5.31],[70.86,-5.31],[70.96,-5.26],[70.96,-5.23],[71.04,-5.18],[71.04,-5.16],[71.11,-5.11],[71.14,-5.11],[71.25,-5.11],[71.32,-5.09],[71.32,-5.06],[71.36,-5.06],[71.36,-5.04],[71.4,-5.02],[71.5,-5.01],[71.58,-5.01],[71.68,-5.01],[72.19,-5.01],[72.3,-5.01],[72.37,-5.01],[72.44,-5.06],[72.44,-5.14],[72.48,-5.16],[72.48,-5.21],[72.55,-5.19],[72.55,-5.13],[72.62,-5.11],[72.69,-5.11],[72.73,-5.09],[72.73,-5.06],[72.76,-5.06],[72.76,-5.02],[72.84,-5.01],[72.98,-5.01],[73.02,-4.99],[73.02,-4.96],[73.05,-4.96],[73.05,-4.84],[73.09,-4.81],[73.16,-4.79],[73.27,-4.79],[73.34,-4.77],[73.34,-4.74],[73.38,-4.74],[73.38,-4.71],[73.41,-4.69],[73.48,-4.69],[73.56,-4.66],[73.56,-4.64],[73.59,-4.61],[73.66,-4.66],[73.74,-4.76],[73.74,-4.89],[73.77,-4.94],[73.77,-4.99],[73.81,-5.01],[73.88,-5.01],[73.95,-5.02],[73.95,-5.08],[74.02,-5.11],[74.1,-5.11],[74.17,-5.14],[74.17,-5.18],[74.24,-5.16],[74.24,-5.14],[74.31,-5.11],[74.42,-5.08],[74.46,-5.04],[74.49,-5.02],[74.49,-5.01],[74.53,-4.96],[74.56,-4.96],[74.56,-4.92],[74.67,-4.89],[74.74,-4.87],[74.74,-4.86],[74.85,-4.74],[74.89,-4.72],[74.96,-4.69],[75.03,-4.69],[75.03,-4.66],[75.07,-4.64],[75.07,-4.62],[75.18,-4.61],[75.28,-4.61],[75.35,-4.59],[75.35,-4.54],[75.43,-4.51],[75.5,-4.51],[75.68,-4.51],[75.68,-4.49],[75.75,-4.49],[75.75,-4.42],[75.79,-4.41],[75.93,-4.39],[75.93,-4.35],[75.97,-4.35]],[[72.15,-5.95],[72.15,-5.91],[72.08,-5.9],[72.04,-5.93],[72.04,-5.98],[72.12,-6.0],[72.15,-5.98],[72.15,-5.95]]]}},{"type":"Feature","properties":{"precip":40},"geometry":{"type":"Polygon","coordinates":[[[88.74,-5.26],[88.74,-5.23],[88.78,-5.21],[88.82,-5.21],[88.85,-5.23],[88.85,-5.28],[88.78,-5.31],[88.74,-5.28],[88.74,-5.26]]]}},{"type":"Feature","properties":{"precip":40},"geometry":{"type":"Polygon","coordinates":[[[90.26,-5.36],[90.26,-5.23],[90.29,-5.21],[90.33,-5.21],[90.33,-5.31],[90.36,-5.33],[90.36,-5.38],[90.33,-5.41],[90.33,-5.49],[90.26,-5.48],[90.26,-5.36]]]}},{"type":"Feature","properties":{"precip":40},"geometry":{"type":"Polygon","coordinates":[[[88.42,-5.36],[88.42,-5.33],[88.49,-5.31],[88.6,-5.31],[88.64,-5.33],[88.64,-5.38],[88.53,-5.41],[88.42,-5.38],[88.42,-5.36]]]}},{"type":"Feature","properties":{"precip":40},"geometry":{"type":"Polygon","coordinates":[[[90.0,-5.46],[90.0,-5.43],[90.08,-5.41],[90.15,-5.41],[90.15,-5.48],[90.11,-5.49],[90.0,-5.46]]]}},{"type":"Feature","properties":{"precip":40},"geometry":{"type":"Polygon","coordinates":[[[89.25,-5.56],[89.25,-5.53],[89.25,-5.51],[89.36,-5.51],[89.46,-5.54],[89.36,-5.59],[89.25,-5.59],[89.25,-5.56]]]}},{"type":"Feature","properties":{"precip":40},"geometry":{"type":"Polygon","coordinates":[[[95.22,-5.58],[95.26,-5.54],[95.26,-5.51],[95.33,-5.51],[95.33,-5.56],[95.37,-5.59],[95.33,-5.61],[95.33,-5.66],[95.26,-5.69],[95.15,-5.69],[95.15,-5.68],[95.15,-5.63],[95.22,-5.58]]]}},{"type":"Feature","properties":{"precip":40},"geometry":{"type":"Polygon","coordinates":[[[87.74,-5.95],[87.74,-5.76],[87.77,-5.71],[87.77,-5.63],[87.85,-5.59],[87.92,-5.61],[87.95,-5.63],[87.95,-5.66],[87.99,-5.69],[87.99,-5.66],[88.06,-5.64],[88.06,-5.61],[88.1,-5.61],[88.1,-5.64],[88.17,-5.66],[88.21,-5.69],[88.31,-5.69],[88.42,-5.71],[88.42,-5.75],[88.42,-5.88],[88.49,-5.88],[88.49,-5.91],[88.53,-5.95],[88.49,-5.98],[88.49,-6.01],[88.42,-6.03],[88.42,-6.18],[88.42,-6.2],[88.38,-6.2],[88.31,-6.23],[88.31,-6.36],[88.28,-6.4],[88.21,-6.36],[88.21,-6.33],[88.17,-6.31],[88.1,-6.35],[88.1,-6.38],[88.06,-6.38],[88.06,-6.33],[87.95,-6.3],[87.81,-6.3],[87.77,-6.28],[87.77,-6.21],[87.74,-6.15],[87.74,-5.95]]]}},{"type":"Feature","properties":{"precip":40},"geometry":{"type":"Polygon","coordinates":[[[90.0,-5.66],[90.08,-5.61],[90.11,-5.61],[90.15,-5.63],[90.15,-5.76],[90.08,-5.8],[89.97,-5.8],[89.97,-5.71],[90.0,-5.66]]]}},{"type":"Feature","properties":{"precip":40},"geometry":{"type":"Polygon","coordinates":[[[93.96,-6.3],[93.96,-6.15],[94.0,-6.13],[94.07,-6.1],[94.36,-6.1],[94.47,-6.13],[94.58,-6.15],[94.58,-6.2],[94.61,-6.2],[94.61,-6.18],[94.61,-6.15],[94.72,-6.1],[94.83,-6.13],[94.83,-6.15],[94.83,-6.18],[94.9,-6.2],[94.94,-6.2],[95.04,-6.23],[95.04,-6.26],[95.04,-6.28],[95.15,-6.3],[95.26,-6.3],[95.33,-6.28],[95.37,-6.25],[95.37,-6.21],[95.37,-6.2],[95.51,-6.2],[95.51,-6.23],[95.55,-6.23],[95.55,-6.35],[95.51,-6.38],[95.44,-6.4],[95.37,-6.43],[95.26,-6.48],[95.26,-6.52],[95.26,-6.55],[95.26,-6.57],[95.33,-6.63],[95.33,-6.72],[95.37,-6.75],[95.33,-6.8],[95.33,-6.87],[95.26,-6.9],[95.15,-6.9],[95.04,-6.92],[95.04,-6.95],[95.04,-7.03],[94.94,-7.1],[94.9,-7.1],[94.83,-7.03],[94.79,-7.02],[94.72,-7.05],[94.72,-7.09],[94.61,-7.15],[94.58,-7.19],[94.5,-7.19],[94.43,-7.2],[94.07,-7.2],[93.96,-7.2],[93.89,-7.24],[93.86,-7.24],[93.86,-7.27],[93.78,-7.3],[93.78,-7.27],[93.75,-7.25],[93.75,-7.05],[93.68,-7.0],[93.64,-7.0],[93.57,-7.0],[93.46,-7.02],[93.46,-7.07],[93.35,-7.1],[93.35,-7.07],[93.35,-6.95],[93.24,-6.9],[93.17,-6.9],[93.14,-6.87],[93.14,-6.82],[93.06,-6.8],[92.99,-6.8],[92.96,-6.75],[92.96,-6.65],[92.92,-6.63],[92.92,-6.6],[92.88,-6.6],[92.88,-6.57],[92.85,-6.57],[92.85,-6.55],[92.92,-6.5],[92.92,-6.48],[92.96,-6.45],[92.96,-6.33],[93.03,-6.3],[93.17,-6.3],[93.21,-6.28],[93.24,-6.28],[93.24,-6.25],[93.28,-6.23],[93.28,-6.2],[93.32,-6.2],[93.32,-6.23],[93.35,-6.25],[93.35,-6.28],[93.42,-6.3],[93.46,-6.3],[93.53,-6.31],[93.53,-6.4],[93.46,-6.42],[93.46,-6.65],[93.57,-6.77],[93.64,-6.8],[93.75,-6.8],[93.89,-6.72],[93.89,-6.67],[94.0,-6.62],[94.0,-6.57],[94.0,-6.53],[94.0,-6.52],[94.0,-6.48],[93.96,-6.47],[93.96,-6.3]],[[94.72,-6.65],[94.72,-6.63],[94.72,-6.6],[94.58,-6.6],[94.54,-6.63],[94.54,-6.67],[94.61,-6.7],[94.72,-6.67],[94.72,-6.65]]]}},{"type":"Feature","properties":{"precip":40},"geometry":{"type":"Polygon","coordinates":[[[82.16,-6.4],[82.16,-6.31],[82.19,-6.3],[82.23,-6.31],[82.23,-6.36],[82.27,-6.38],[82.27,-6.48],[82.34,-6.5],[82.34,-6.58],[82.3,-6.58],[82.23,-6.6],[82.16,-6.6],[82.01,-6.57],[82.01,-6.52],[82.12,-6.5],[82.12,-6.47],[82.16,-6.45],[82.16,-6.4]]]}},{"type":"Feature","properties":{"precip":40},"geometry":{"type":"Polygon","coordinates":[[[78.85,-6.5],[78.95,-6.47],[78.95,-6.43],[79.06,-6.4],[79.17,-6.4],[79.24,-6.43],[79.24,-6.63],[79.28,-6.65],[79.28,-6.68],[79.39,-6.7],[79.46,-6.7],[79.49,-6.72],[79.64,-6.82],[79.64,-6.87],[79.71,-6.92],[79.78,-6.97],[79.78,-6.98],[79.85,-6.97],[79.85,-6.95],[79.89,-6.87],[80.0,-6.82],[80.07,-6.8],[80.11,-6.78],[80.11,-6.73],[80.18,-6.7],[80.21,-6.7],[80.32,-6.67],[80.32,-6.65],[80.39,-6.6],[80.43,-6.6],[80.43,-6.65],[80.5,-6.68],[80.5,-6.7],[80.54,-6.7],[80.61,-6.7],[80.65,-6.7],[80.72,-6.72],[80.75,-6.75],[80.75,-6.85],[80.72,-6.87],[80.72,-6.9],[80.65,-6.9],[80.54,-6.95],[80.54,-7.0],[80.54,-7.03],[80.54,-7.07],[80.54,-7.1],[80.65,-7.14],[80.65,-7.17],[80.61,-7.17],[80.54,-7.2],[80.54,-7.22],[80.54,-7.24],[80.54,-7.25],[80.65,-7.3],[80.75,-7.3],[80.86,-7.34],[80.86,-7.39],[80.9,-7.4],[80.93,-7.39],[80.93,-7.22],[80.86,-7.2],[80.83,-7.2],[80.75,-7.17],[80.75,-7.1],[80.83,-7.1],[80.83,-7.07],[80.86,-7.05],[80.86,-6.98],[80.93,-6.9],[80.97,-6.82],[81.04,-6.78],[81.08,-6.73],[81.11,-6.7],[81.19,-6.7],[81.26,-6.67],[81.26,-6.63],[81.37,-6.6],[81.69,-6.6],[81.8,-6.63],[81.8,-6.65],[81.87,-6.65],[81.87,-6.68],[81.91,-6.7],[81.98,-6.7],[82.01,-6.7],[82.09,-6.7],[82.12,-6.72],[82.12,-6.75],[82.16,-6.8],[82.16,-7.0],[82.12,-7.03],[82.12,-7.09],[82.09,-7.1],[82.01,-7.1],[81.91,-7.14],[81.91,-7.17],[82.01,-7.2],[82.01,-7.27],[81.98,-7.3],[81.91,-7.3],[81.87,-7.32],[81.87,-7.34],[81.8,-7.34],[81.8,-7.37],[81.76,-7.39],[81.69,-7.39],[81.65,-7.4],[81.37,-7.4],[81.15,-7.37],[81.15,-7.32],[81.11,-7.3],[81.04,-7.32],[81.04,-7.39],[81.08,-7.44],[81.08,-7.47],[81.19,-7.59],[81.22,-7.62],[81.22,-7.69],[81.15,-7.74],[81.08,-7.82],[81.01,-7.87],[81.01,-7.91],[80.97,-7.92],[80.97,-7.96],[80.93,-7.97],[80.97,-7.97],[81.04,-7.97],[81.11,-7.99],[81.69,-7.99],[81.8,-7.97],[81.87,-7.97],[81.91,-7.96],[81.91,-7.92],[81.98,-7.91],[82.01,-7.91],[82.16,-7.87],[82.16,-7.82],[82.19,-7.81],[82.27,-7.81],[82.34,-7.77],[82.34,-7.74],[82.41,-7.72],[82.48,-7.72],[82.52,-7.69],[82.52,-7.67],[82.55,-7.64],[82.55,-7.54],[82.63,-7.5],[82.73,-7.5],[82.84,-7.47],[82.91,-7.4],[82.91,-7.37],[82.95,-7.37],[82.95,-7.34],[83.02,-7.32],[83.06,-7.3],[83.17,-7.3],[83.24,-7.27],[83.24,-7.24],[83.27,-7.2],[83.38,-7.2],[83.53,-7.2],[83.63,-7.17],[83.63,-7.15],[83.71,-7.1],[83.78,-7.1],[83.89,-7.1],[83.96,-7.05],[83.96,-7.02],[83.99,-7.0],[84.1,-7.0],[84.1,-6.98],[84.1,-6.95],[84.17,-6.92],[84.21,-6.9],[84.32,-6.9],[84.39,-6.87],[84.43,-6.82],[84.5,-6.78],[84.53,-6.75],[84.64,-6.65],[84.75,-6.55],[84.86,-6.52],[84.93,-6.5],[85.18,-6.5],[85.25,-6.48],[85.36,-6.48],[85.43,-6.47],[85.47,-6.43],[85.47,-6.42],[85.58,-6.42],[85.65,-6.4],[86.08,-6.4],[86.15,-6.42],[86.23,-6.42],[86.33,-6.43],[86.41,-6.48],[86.41,-6.5],[86.44,-6.53],[86.44,-6.58],[86.37,-6.62],[86.37,-6.67],[86.33,-6.68],[86.33,-6.8],[86.3,-6.8],[86.26,-6.82],[86.26,-6.95],[86.23,-6.95],[86.23,-6.98],[86.19,-7.0],[86.12,-7.0],[86.01,-7.03],[86.01,-7.09],[86.01,-7.1],[85.9,-7.1],[85.87,-7.14],[85.79,-7.15],[85.79,-7.19],[85.79,-7.2],[85.79,-7.22],[85.76,-7.25],[85.58,-7.3],[85.47,-7.3],[85.36,-7.32],[85.36,-7.34],[85.36,-7.37],[85.43,-7.39],[85.43,-7.4],[85.54,-7.4],[85.65,-7.42],[85.65,-7.49],[85.58,-7.5],[85.54,-7.52],[85.54,-7.57],[85.58,-7.62],[85.69,-7.62],[85.69,-7.64],[85.76,-7.67],[85.76,-7.76],[85.69,-7.77],[85.65,-7.81],[85.47,-7.81],[85.47,-7.82],[85.47,-7.84],[85.43,-7.86],[85.43,-7.87],[85.36,-7.89],[85.25,-7.89],[85.25,-7.87],[85.25,-7.86],[85.25,-7.74],[85.22,-7.69],[85.22,-7.64],[85.18,-7.59],[85.18,-7.55],[85.11,-7.5],[85.07,-7.5],[85.07,-7.57],[85.04,-7.59],[85.04,-7.87],[84.97,-7.91],[84.89,-7.91],[84.86,-7.92],[84.86,-7.99],[84.93,-8.01],[84.93,-8.06],[84.97,-8.09],[84.93,-8.12],[84.93,-8.16],[84.89,-8.19],[84.89,-8.24],[84.86,-8.26],[84.79,-8.29],[84.64,-8.31],[84.64,-8.36],[84.64,-8.39],[84.64,-8.53],[84.64,-8.54],[84.64,-8.59],[84.71,-8.59],[84.82,-8.59],[84.86,-8.61],[84.97,-8.69],[85.04,-8.73],[85.11,-8.83],[85.18,-8.86],[85.22,-8.91],[85.25,-8.99],[85.33,-9.01],[85.33,-9.04],[85.36,-9.06],[85.25,-9.1],[85.15,-9.1],[85.07,-9.11],[84.79,-9.11],[84.71,-9.11],[84.64,-9.15],[84.64,-9.18],[84.53,-9.21],[84.5,-9.21],[84.43,-9.21],[84.32,-9.23],[84.32,-9.26],[84.21,-9.31],[84.1,-9.31],[83.99,-9.31],[83.96,-9.33],[83.96,-9.36],[83.89,-9.4],[83.78,-9.4],[83.71,-9.41],[83.71,-9.43],[83.63,-9.46],[83.63,-9.48],[83.6,-9.5],[83.6,-9.51],[83.56,-9.53],[83.56,-9.56],[83.49,-9.58],[83.49,-9.6],[83.42,-9.6],[83.35,-9.63],[83.35,-9.68],[83.27,-9.68],[83.27,-9.7],[83.13,-9.7],[83.06,-9.73],[83.06,-9.78],[83.02,-9.78],[82.95,-9.8],[82.91,-9.8],[82.84,-9.83],[82.84,-9.88],[82.73,-9.9],[82.63,-9.88],[82.63,-9.83],[82.63,-9.82],[82.59,-9.8],[82.59,-9.83],[82.55,-9.83],[82.55,-9.87],[82.52,-9.88],[82.45,-9.9],[82.34,-9.9],[82.3,-9.88],[82.23,-9.83],[82.23,-9.82],[82.16,-9.83],[82.09,-9.88],[82.09,-9.95],[82.01,-9.98],[82.01,-10.08],[81.98,-10.1],[81.91,-10.1],[81.87,-10.08],[81.87,-10.03],[81.8,-9.98],[81.8,-9.78],[81.8,-9.71],[81.69,-9.63],[81.65,-9.53],[81.58,-9.51],[81.47,-9.5],[81.44,-9.46],[81.44,-9.41],[81.37,-9.41],[81.33,-9.4],[81.26,-9.4],[81.19,-9.41],[81.15,-9.43],[81.15,-9.53],[81.08,-9.6],[80.97,-9.6],[80.86,-9.56],[80.79,-9.48],[80.75,-9.46],[80.75,-9.43],[80.79,-9.41],[80.79,-9.4],[80.83,-9.36],[80.9,-9.33],[80.93,-9.31],[81.01,-9.31],[81.08,-9.31],[81.15,-9.28],[81.15,-9.23],[81.26,-9.21],[81.33,-9.23],[81.33,-9.26],[81.37,-9.26],[81.37,-9.28],[81.37,-9.31],[81.47,-9.31],[81.55,-9.28],[81.55,-9.23],[81.58,-9.21],[81.69,-9.21],[81.76,-9.26],[81.76,-9.28],[81.8,-9.31],[81.8,-9.28],[81.8,-9.26],[81.91,-9.23],[81.91,-9.21],[81.98,-9.21],[82.01,-9.21],[82.09,-9.21],[82.16,-9.16],[82.16,-9.13],[82.23,-9.11],[82.37,-9.11],[82.48,-9.08],[82.55,-9.06],[82.55,-9.01],[82.59,-9.01],[82.63,-9.01],[82.73,-8.98],[82.73,-8.69],[82.7,-8.64],[82.7,-8.61],[82.59,-8.49],[82.52,-8.44],[82.48,-8.39],[82.41,-8.34],[82.37,-8.32],[82.23,-8.29],[81.69,-8.29],[81.58,-8.29],[81.55,-8.26],[81.55,-8.22],[81.44,-8.19],[81.37,-8.22],[81.33,-8.26],[81.33,-8.29],[81.26,-8.26],[81.26,-8.24],[81.19,-8.21],[81.11,-8.19],[81.01,-8.19],[80.97,-8.19],[80.97,-8.16],[80.93,-8.14],[80.86,-8.11],[80.79,-8.09],[80.72,-8.09],[80.54,-8.12],[80.54,-8.14],[80.54,-8.17],[80.43,-8.19],[80.21,-8.19],[80.21,-8.21],[80.11,-8.21],[80.0,-8.24],[80.0,-8.27],[79.96,-8.29],[79.82,-8.29],[79.78,-8.31],[79.71,-8.31],[79.64,-8.34],[79.64,-8.39],[79.6,-8.41],[79.53,-8.41],[79.46,-8.44],[79.42,-8.46],[79.42,-8.51],[79.39,-8.51],[79.39,-8.46],[79.28,-8.44],[79.13,-8.41],[78.74,-8.41],[78.63,-8.41],[78.52,-8.46],[78.52,-8.49],[78.49,-8.53],[78.41,-8.58],[78.34,-8.64],[78.34,-8.68],[78.27,-8.73],[78.27,-8.78],[78.34,-8.79],[78.45,-8.79],[78.52,-8.84],[78.52,-8.88],[78.45,-8.94],[78.45,-8.96],[78.49,-8.98],[78.52,-9.03],[78.52,-9.06],[78.45,-9.1],[78.38,-9.1],[78.31,-9.11],[78.23,-9.11],[78.2,-9.1],[78.05,-9.06],[78.05,-9.03],[78.02,-9.01],[77.91,-8.98],[77.77,-8.88],[77.77,-8.86],[77.69,-8.79],[77.59,-8.74],[77.55,-8.71],[77.37,-8.69],[76.9,-8.69],[76.65,-8.66],[76.61,-8.61],[76.54,-8.58],[76.51,-8.53],[76.51,-8.51],[76.43,-8.49],[76.43,-8.44],[76.43,-8.41],[76.43,-8.32],[76.4,-8.29],[76.33,-8.29],[76.22,-8.24],[76.22,-8.21],[76.11,-8.16],[76.11,-8.12],[76.07,-8.12],[76.04,-8.19],[75.97,-8.19],[75.97,-8.06],[76.0,-8.02],[76.0,-8.01],[76.04,-7.97],[76.04,-7.94],[76.18,-7.84],[76.22,-7.82],[76.33,-7.81],[76.54,-7.81],[76.61,-7.79],[76.65,-7.77],[76.76,-7.74],[76.87,-7.64],[76.94,-7.55],[77.01,-7.5],[77.08,-7.42],[77.15,-7.37],[77.19,-7.34],[77.26,-7.3],[77.33,-7.29],[77.33,-7.25],[77.37,-7.22],[77.44,-7.2],[77.55,-7.2],[77.66,-7.15],[77.66,-7.1],[77.77,-7.1],[77.8,-7.07],[77.8,-7.05],[77.91,-6.95],[77.98,-6.92],[78.09,-6.9],[78.23,-6.78],[78.23,-6.75],[78.41,-6.63],[78.49,-6.6],[78.63,-6.6],[78.7,-6.6],[78.74,-6.6],[78.85,-6.55],[78.85,-6.53],[78.85,-6.5]],[[80.21,-6.85],[80.21,-6.82],[80.21,-6.8],[80.11,-6.82],[80.11,-6.9],[80.18,-6.9],[80.21,-6.9],[80.21,-6.85]],[[80.11,-6.95],[80.11,-6.92],[80.07,-6.92],[80.07,-6.95],[80.0,-6.95],[80.07,-6.97],[80.07,-7.0],[80.11,-7.0],[80.11,-6.95]],[[85.36,-7.47],[85.36,-7.45],[85.33,-7.42],[85.25,-7.4],[85.18,-7.4],[85.15,-7.42],[85.15,-7.45],[85.22,-7.52],[85.22,-7.54],[85.25,-7.57],[85.36,-7.62],[85.43,-7.59],[85.43,-7.52],[85.36,-7.47]],[[80.21,-7.76],[80.21,-7.64],[80.21,-7.62],[80.11,-7.62],[79.89,-7.62],[79.85,-7.62],[79.78,-7.64],[79.71,-7.72],[79.64,-7.81],[79.64,-7.97],[79.57,-8.01],[79.57,-8.09],[79.64,-8.09],[79.89,-8.09],[79.89,-8.06],[79.96,-8.02],[79.96,-7.92],[80.0,-7.91],[80.11,-7.91],[80.11,-7.89],[80.21,-7.89],[80.21,-7.86],[80.21,-7.76]],[[83.35,-8.64],[83.35,-8.63],[83.27,-8.59],[83.17,-8.59],[83.17,-8.61],[83.17,-8.69],[83.27,-8.69],[83.35,-8.68],[83.35,-8.64]],[[84.1,-8.74],[84.1,-8.71],[84.1,-8.69],[83.99,-8.69],[83.96,-8.73],[83.96,-8.78],[83.99,-8.79],[84.1,-8.79],[84.1,-8.74]]]}},{"type":"Feature","properties":{"precip":40},"geometry":{"type":"Polygon","coordinates":[[[81.55,-6.45],[81.55,-6.43],[81.58,-6.4],[81.65,-6.43],[81.65,-6.48],[81.58,-6.5],[81.55,-6.48],[81.55,-6.45]]]}},{"type":"Feature","properties":{"precip":40},"geometry":{"type":"Polygon","coordinates":[[[90.0,-6.7],[90.0,-6.65],[90.08,-6.62],[90.11,-6.6],[90.33,-6.6],[90.4,-6.62],[90.47,-6.65],[90.47,-6.7],[90.54,-6.67],[90.54,-6.63],[90.62,-6.6],[90.69,-6.6],[90.9,-6.63],[90.94,-6.67],[91.01,-6.7],[91.05,-6.75],[91.05,-6.77],[91.12,-6.78],[91.16,-6.77],[91.16,-6.73],[91.16,-6.7],[91.26,-6.62],[91.34,-6.62],[91.34,-6.67],[91.44,-6.7],[91.52,-6.7],[91.55,-6.73],[91.55,-6.75],[91.62,-6.78],[91.7,-6.8],[91.84,-6.8],[91.91,-6.82],[91.98,-6.82],[92.09,-6.82],[92.16,-6.85],[92.16,-6.9],[92.31,-6.92],[92.31,-6.95],[92.31,-7.02],[92.27,-7.12],[92.2,-7.19],[92.16,-7.22],[92.16,-7.25],[92.09,-7.29],[92.09,-7.27],[91.98,-7.24],[91.98,-7.2],[91.95,-7.17],[91.91,-7.14],[91.8,-7.1],[91.77,-7.1],[91.73,-7.15],[91.73,-7.2],[91.66,-7.19],[91.66,-7.05],[91.62,-7.03],[91.62,-7.0],[91.59,-7.0],[91.52,-7.0],[91.44,-7.05],[91.44,-7.2],[91.48,-7.24],[91.48,-7.29],[91.52,-7.32],[91.52,-7.34],[91.59,-7.37],[91.59,-7.4],[91.62,-7.42],[91.62,-7.44],[91.66,-7.45],[91.62,-7.49],[91.48,-7.5],[91.16,-7.5],[90.8,-7.47],[90.69,-7.47],[90.62,-7.44],[90.62,-7.4],[90.58,-7.42],[90.54,-7.45],[90.54,-7.47],[90.47,-7.5],[90.47,-7.47],[90.44,-7.45],[90.44,-7.42],[90.4,-7.4],[90.36,-7.42],[90.36,-7.44],[90.29,-7.5],[90.22,-7.49],[90.15,-7.44],[90.15,-7.32],[90.11,-7.3],[90.08,-7.3],[90.08,-7.25],[90.0,-7.24],[90.0,-7.12],[89.97,-7.1],[89.9,-7.1],[89.86,-7.07],[89.86,-6.95],[89.9,-6.92],[89.97,-6.9],[90.0,-6.9],[90.15,-6.95],[90.22,-6.98],[90.33,-7.0],[90.83,-7.0],[90.9,-6.98],[90.94,-6.95],[90.94,-6.85],[90.83,-6.82],[90.72,-6.82],[90.62,-6.8],[90.18,-6.8],[90.08,-6.77],[90.0,-6.73],[90.0,-6.7]]]}},{"type":"Feature","properties":{"precip":40},"geometry":{"type":"Polygon","coordinates":[[[75.75,-8.04],[75.75,-8.02],[75.79,-7.99],[75.86,-8.02],[75.86,-8.07],[75.79,-8.09],[75.79,-8.14],[75.75,-8.16],[75.75,-8.36],[75.71,-8.41],[75.71,-8.49],[75.64,-8.54],[75.57,-8.61],[75.57,-8.64],[75.5,-8.68],[75.43,-8.63],[75.39,-8.61],[75.39,-8.58],[75.35,-8.56],[75.35,-8.44],[75.32,-8.44],[75.32,-8.41],[75.25,-8.39],[75.25,-8.34],[75.28,-8.31],[75.35,-8.31],[75.35,-8.29],[75.5,-8.29],[75.53,-8.29],[75.53,-8.21],[75.46,-8.19],[75.46,-8.12],[75.57,-8.09],[75.68,-8.09],[75.75,-8.07],[75.75,-8.04]]]}},{"type":"Feature","properties":{"precip":40},"geometry":{"type":"Polygon","coordinates":[[[86.73,-8.14],[86.73,-8.11],[86.8,-8.09],[86.84,-8.11],[86.84,-8.16],[86.91,-8.19],[86.95,-8.19],[87.05,-8.24],[87.05,-8.29],[86.95,-8.29],[86.95,-8.34],[86.95,-8.46],[86.91,-8.49],[86.91,-8.51],[86.8,-8.51],[86.73,-8.51],[86.73,-8.54],[86.73,-8.58],[86.59,-8.59],[86.48,-8.59],[86.26,-8.58],[86.19,-8.56],[86.08,-8.51],[86.08,-8.49],[86.01,-8.46],[86.01,-8.41],[86.12,-8.41],[86.19,-8.41],[86.26,-8.36],[86.26,-8.31],[86.33,-8.29],[86.41,-8.29],[86.44,-8.29],[86.44,-8.24],[86.51,-8.21],[86.59,-8.19],[86.69,-8.19],[86.73,-8.19],[86.73,-8.16],[86.73,-8.14]]]}},{"type":"Feature","properties":{"precip":40},"geometry":{"type":"Polygon","coordinates":[[[75.97,-8.46],[75.97,-8.41],[76.04,-8.41],[76.04,-8.49],[75.97,-8.51],[75.97,-8.46]]]}},{"type":"Feature","properties":{"precip":40},"geometry":{"type":"Polygon","coordinates":[[[79.96,-9.35],[79.96,-9.31],[80.0,-9.31],[80.0,-9.35],[80.11,-9.43],[80.11,-9.48],[80.11,-9.5],[80.0,-9.5],[79.96,-9.51],[79.96,-9.58],[80.0,-9.6],[80.0,-9.68],[79.89,-9.68],[79.82,-9.7],[79.49,-9.7],[79.42,-9.71],[79.35,-9.71],[79.24,-9.75],[79.17,-9.78],[79.17,-9.8],[79.17,-9.78],[79.17,-9.77],[79.13,-9.73],[79.06,-9.7],[79.03,-9.7],[78.95,-9.73],[78.95,-9.78],[79.03,-9.82],[79.03,-9.83],[79.06,-9.83],[79.06,-9.87],[79.03,-9.87],[79.03,-9.88],[78.95,-9.87],[78.95,-9.85],[78.85,-9.78],[78.85,-9.75],[78.74,-9.71],[78.63,-9.7],[78.38,-9.7],[78.27,-9.68],[78.27,-9.65],[78.23,-9.63],[78.27,-9.56],[78.27,-9.51],[78.41,-9.43],[78.52,-9.41],[78.85,-9.4],[79.64,-9.4],[79.75,-9.38],[79.82,-9.38],[79.89,-9.36],[79.96,-9.35]]]}},{"type":"Feature","properties":{"precip":40},"geometry":{"type":"Polygon","coordinates":[[[80.32,-9.4],[80.32,-9.31],[80.43,-9.31],[80.43,-9.36],[80.43,-9.38],[80.43,-9.41],[80.43,-9.43],[80.43,-9.5],[80.32,-9.48],[80.32,-9.4]]]}},{"type":"Feature","properties":{"precip":40},"geometry":{"type":"Polygon","coordinates":[[[80.43,-9.65],[80.43,-9.6],[80.54,-9.61],[80.54,-9.68],[80.43,-9.7],[80.43,-9.65]]]}},{"type":"Feature","properties":{"precip":40},"geometry":{"type":"Polygon","coordinates":[[[79.35,-9.85],[79.39,-9.83],[79.57,-9.8],[79.85,-9.8],[79.89,-9.82],[79.96,-9.82],[80.0,-9.83],[80.0,-9.88],[79.96,-9.88],[79.89,-9.88],[79.85,-9.9],[79.57,-9.9],[79.35,-9.87],[79.35,-9.85]]]}},{"type":"Feature","properties":{"precip":40},"geometry":{"type":"Polygon","coordinates":[[[80.11,-9.88],[80.18,-9.83],[80.29,-9.8],[80.5,-9.8],[80.65,-9.83],[80.65,-9.88],[80.54,-9.9],[80.54,-9.95],[80.54,-9.98],[80.54,-10.08],[80.43,-10.08],[80.43,-10.1],[80.32,-10.08],[80.21,-10.05],[80.21,-10.0],[80.11,-9.93],[80.11,-9.88]]]}},{"type":"Feature","properties":{"precip":40},"geometry":{"type":"Polygon","coordinates":[[[81.26,-10.03],[81.26,-10.0],[81.47,-10.0],[81.55,-10.03],[81.55,-10.08],[81.44,-10.15],[81.44,-10.17],[81.37,-10.18],[81.33,-10.15],[81.33,-10.13],[81.26,-10.12],[81.26,-10.08],[81.26,-10.03]]]}},{"type":"Feature","properties":{"precip":40},"geometry":{"type":"Polygon","coordinates":[[[50.34,-14.09],[50.34,-14.05],[50.37,-14.04],[50.37,-14.02],[50.41,-14.0],[50.48,-14.0],[50.52,-14.02],[50.63,-14.14],[50.63,-14.19],[50.66,-14.25],[50.66,-14.41],[50.63,-14.44],[50.63,-14.49],[50.59,-14.51],[50.52,-14.51],[50.45,-14.54],[50.45,-14.67],[50.52,-14.71],[50.55,-14.72],[50.55,-14.77],[50.48,-14.81],[50.41,-14.81],[50.34,-14.84],[50.34,-14.86],[50.37,-14.87],[50.37,-14.91],[50.45,-14.91],[50.45,-14.96],[50.3,-14.99],[50.27,-15.01],[50.16,-15.01],[49.94,-14.96],[49.94,-14.94],[50.01,-14.91],[50.16,-14.91],[50.23,-14.87],[50.23,-14.81],[50.27,-14.76],[50.23,-14.72],[50.23,-14.61],[50.09,-14.59],[50.05,-14.56],[50.05,-14.42],[50.09,-14.42],[50.09,-14.41],[50.12,-14.41],[50.12,-14.34],[50.16,-14.3],[50.16,-14.12],[50.23,-14.1],[50.23,-14.14],[50.27,-14.14],[50.27,-14.19],[50.34,-14.19],[50.34,-14.09]],[[50.45,-14.46],[50.45,-14.41],[50.37,-14.41],[50.37,-14.42],[50.34,-14.44],[50.34,-14.47],[50.37,-14.47],[50.37,-14.51],[50.45,-14.49],[50.45,-14.46]]]}},{"type":"Feature","properties":{"precip":40},"geometry":{"type":"Polygon","coordinates":[[[51.17,-14.19],[51.17,-14.1],[51.2,-14.12],[51.27,-14.17],[51.35,-14.24],[51.35,-14.29],[51.31,-14.3],[51.2,-14.3],[51.17,-14.27],[51.17,-14.19]]]}},{"type":"Feature","properties":{"precip":40},"geometry":{"type":"Polygon","coordinates":[[[50.73,-14.35],[50.77,-14.34],[50.77,-14.3],[50.84,-14.3],[50.91,-14.3],[50.95,-14.34],[50.95,-14.37],[50.91,-14.37],[50.88,-14.41],[50.81,-14.41],[50.73,-14.35]]]}},{"type":"Feature","properties":{"precip":40},"geometry":{"type":"Polygon","coordinates":[[[51.74,-14.51],[51.74,-14.46],[51.78,-14.42],[51.78,-14.41],[51.81,-14.41],[51.81,-14.42],[51.85,-14.42],[51.85,-14.56],[51.92,-14.61],[51.99,-14.61],[52.1,-14.62],[52.17,-14.67],[52.25,-14.76],[52.25,-14.77],[52.17,-14.81],[52.17,-14.86],[52.14,-14.86],[52.14,-14.96],[52.07,-14.99],[51.99,-14.99],[51.92,-15.01],[51.78,-15.01],[51.74,-14.99],[51.67,-14.99],[51.56,-14.96],[51.53,-14.92],[51.53,-14.91],[51.45,-14.91],[51.42,-14.91],[51.35,-14.96],[51.24,-15.08],[51.13,-15.09],[51.06,-15.08],[51.06,-15.02],[51.02,-15.01],[50.99,-15.01],[50.88,-14.97],[50.81,-14.92],[50.81,-14.89],[50.77,-14.86],[50.77,-14.81],[50.73,-14.77],[50.77,-14.76],[50.77,-14.72],[50.91,-14.67],[50.95,-14.64],[50.99,-14.62],[50.99,-14.61],[51.02,-14.56],[51.06,-14.56],[51.06,-14.52],[51.13,-14.51],[51.17,-14.51],[51.24,-14.52],[51.24,-14.64],[51.27,-14.66],[51.27,-14.71],[51.35,-14.67],[51.35,-14.56],[51.38,-14.54],[51.38,-14.51],[51.42,-14.51],[51.56,-14.51],[51.63,-14.52],[51.63,-14.56],[51.67,-14.57],[51.67,-14.61],[51.74,-14.59],[51.74,-14.51]]]}},{"type":"Feature","properties":{"precip":40},"geometry":{"type":"Polygon","coordinates":[[[51.24,-15.24],[51.27,-15.21],[51.35,-15.23],[51.35,-15.28],[51.27,-15.29],[51.24,-15.28],[51.24,-15.24]]]}},{"type":"Feature","properties":{"precip":40},"geometry":{"type":"Polygon","coordinates":[[[51.56,-15.34],[51.56,-15.31],[51.63,-15.31],[51.63,-15.39],[51.56,-15.39],[51.56,-15.34]]]}},{"type":"Feature","properties":{"precip":40},"geometry":{"type":"Polygon","coordinates":[[[50.55,-15.44],[50.55,-15.41],[50.63,-15.39],[50.63,-15.43],[50.66,-15.44],[50.66,-15.48],[50.63,-15.49],[50.55,-15.49],[50.55,-15.44]]]}},{"type":"Feature","properties":{"precip":40},"geometry":{"type":"Polygon","coordinates":[[[50.73,-15.48],[50.77,-15.44],[50.77,-15.41],[50.84,-15.41],[50.84,-15.48],[50.88,-15.49],[50.99,-15.49],[51.06,-15.54],[51.06,-15.58],[51.09,-15.59],[51.17,-15.59],[51.24,-15.63],[51.24,-15.78],[51.17,-15.8],[51.06,-15.8],[50.99,-15.76],[50.95,-15.73],[50.88,-15.68],[50.84,-15.63],[50.77,-15.58],[50.77,-15.53],[50.73,-15.48]]]}},{"type":"Feature","properties":{"precip":40},"geometry":{"type":"Polygon","coordinates":[[[28.24,-26.95],[28.24,-26.93],[28.27,-26.93],[28.27,-26.9],[28.35,-26.92],[28.35,-26.98],[28.27,-27.0],[28.27,-26.98],[28.24,-26.95]]]}},{"type":"Feature","properties":{"precip":40},"geometry":{"type":"Polygon","coordinates":[[[37.63,-27.45],[37.67,-27.44],[37.67,-27.4],[37.7,-27.4],[37.74,-27.4],[37.74,-27.5],[37.67,-27.5],[37.67,-27.47],[37.63,-27.45]]]}},{"type":"Feature","properties":{"precip":40},"geometry":{"type":"Polygon","coordinates":[[[30.76,-28.11],[30.76,-28.01],[30.79,-28.01],[30.83,-28.01],[30.83,-28.06],[30.87,-28.07],[30.87,-28.17],[30.94,-28.21],[31.01,-28.21],[31.05,-28.22],[31.05,-28.27],[30.97,-28.27],[30.9,-28.31],[30.79,-28.31],[30.72,-28.27],[30.65,-28.27],[30.65,-28.22],[30.72,-28.21],[30.72,-28.17],[30.76,-28.16],[30.76,-28.11]]]}},{"type":"Feature","properties":{"precip":40},"geometry":{"type":"Polygon","coordinates":[[[38.06,-28.12],[38.06,-28.11],[38.14,-28.11],[38.14,-28.17],[38.17,-28.17],[38.17,-28.19],[38.24,-28.21],[38.32,-28.21],[38.35,-28.22],[38.35,-28.27],[38.32,-28.29],[38.24,-28.29],[38.14,-28.26],[38.14,-28.22],[38.06,-28.17],[38.06,-28.12]]]}},{"type":"Feature","properties":{"precip":40},"geometry":{"type":"Polygon","coordinates":[[[38.46,-28.26],[38.46,-28.22],[38.53,-28.21],[38.68,-28.21],[38.75,-28.22],[38.75,-28.27],[38.64,-28.31],[38.57,-28.31],[38.5,-28.27],[38.46,-28.27],[38.46,-28.26]]]}},{"type":"Feature","properties":{"precip":40},"geometry":{"type":"Polygon","coordinates":[[[38.86,-28.26],[38.86,-28.21],[38.93,-28.21],[38.93,-28.22],[38.96,-28.24],[38.93,-28.27],[38.93,-28.29],[38.89,-28.31],[38.86,-28.29],[38.86,-28.26]]]}},{"type":"Feature","properties":{"precip":40},"geometry":{"type":"Polygon","coordinates":[[[31.44,-28.36],[31.44,-28.32],[31.48,-28.31],[31.55,-28.32],[31.55,-28.39],[31.51,-28.43],[31.48,-28.39],[31.44,-28.39],[31.44,-28.36]]]}},{"type":"Feature","properties":{"precip":40},"geometry":{"type":"Polygon","coordinates":[[[39.36,-28.43],[39.36,-28.32],[39.43,-28.31],[39.43,-28.49],[39.36,-28.48],[39.36,-28.43]]]}},{"type":"Feature","properties":{"precip":40},"geometry":{"type":"Polygon","coordinates":[[[31.01,-28.48],[31.05,-28.44],[31.12,-28.43],[31.19,-28.43],[31.23,-28.43],[31.23,-28.44],[31.26,-28.48],[31.23,-28.53],[31.23,-28.58],[31.19,-28.59],[31.19,-28.63],[31.08,-28.68],[31.05,-28.64],[31.01,-28.63],[31.01,-28.61],[30.97,-28.58],[30.97,-28.49],[31.01,-28.48]]]}},{"type":"Feature","properties":{"precip":40},"geometry":{"type":"Polygon","coordinates":[[[31.33,-28.53],[31.37,-28.51],[31.44,-28.53],[31.48,-28.58],[31.51,-28.59],[31.51,-28.64],[31.55,-28.66],[31.55,-28.68],[31.48,-28.68],[31.48,-28.66],[31.37,-28.58],[31.37,-28.56],[31.33,-28.53]]]}},{"type":"Feature","properties":{"precip":40},"geometry":{"type":"Polygon","coordinates":[[[58.51,-39.5],[58.55,-39.46],[58.55,-39.45],[58.62,-39.41],[58.65,-39.41],[58.65,-39.46],[58.62,-39.46],[58.62,-39.5],[58.58,-39.55],[58.51,-39.58],[58.47,-39.58],[58.47,-39.51],[58.51,-39.5]]]}},{"type":"Feature","properties":{"precip":40},"geometry":{"type":"Polygon","coordinates":[[[70.86,-40.64],[70.86,-40.6],[70.93,-40.6],[70.96,-40.6],[71.04,-40.62],[71.04,-40.8],[71.0,-40.8],[70.96,-40.75],[70.86,-40.67],[70.86,-40.64]]]}},{"type":"Feature","properties":{"precip":40},"geometry":{"type":"Polygon","coordinates":[[[71.54,-40.95],[71.58,-40.94],[71.58,-40.9],[71.65,-40.9],[71.65,-40.99],[71.58,-41.0],[71.58,-40.99],[71.54,-40.99],[71.54,-40.95]]]}},{"type":"Feature","properties":{"precip":70},"geometry":{"type":"Polygon","coordinates":[[[27.77,2.31],[27.77,2.38],[27.84,2.4],[27.91,2.4],[27.95,2.4],[27.95,2.35],[27.84,2.24],[27.84,2.21],[27.77,2.21],[27.77,2.31]]]}},{"type":"Feature","properties":{"precip":70},"geometry":{"type":"Polygon","coordinates":[[[28.45,1.01],[28.45,1.07],[28.53,1.09],[28.53,0.9],[28.49,0.89],[28.45,0.92],[28.45,1.01]]]}},{"type":"Feature","properties":{"precip":70},"geometry":{"type":"Polygon","coordinates":[[[28.24,0.96],[28.24,0.99],[28.27,0.99],[28.35,0.97],[28.35,0.92],[28.31,0.92],[28.31,0.89],[28.27,0.89],[28.24,0.92],[28.24,0.96]]]}},{"type":"Feature","properties":{"precip":70},"geometry":{"type":"Polygon","coordinates":[[[98.14,0.34],[98.14,0.37],[98.21,0.39],[98.21,0.23],[98.21,0.22],[98.21,0.17],[98.18,0.15],[98.1,0.1],[98.03,0.1],[98.03,0.27],[98.14,0.34]]]}},{"type":"Feature","properties":{"precip":70},"geometry":{"type":"Polygon","coordinates":[[[32.45,-1.56],[32.45,-1.52],[32.49,-1.52],[32.49,-1.49],[32.52,-1.49],[32.56,-1.52],[32.56,-1.59],[32.52,-1.61],[32.45,-1.57],[32.45,-1.56]]]}},{"type":"Feature","properties":{"precip":70},"geometry":{"type":"Polygon","coordinates":[[[98.36,-2.7],[98.36,-2.63],[98.39,-2.6],[98.5,-2.7],[98.5,-2.73],[98.54,-2.75],[98.54,-2.8],[98.5,-2.8],[98.39,-2.8],[98.39,-2.76],[98.36,-2.75],[98.36,-2.7]]]}},{"type":"Feature","properties":{"precip":70},"geometry":{"type":"Polygon","coordinates":[[[93.14,-3.9],[93.14,-3.84],[93.21,-3.8],[93.28,-3.8],[93.32,-3.82],[93.32,-3.85],[93.42,-3.89],[93.5,-3.9],[93.68,-3.9],[93.71,-3.92],[93.71,-3.99],[93.68,-4.04],[93.68,-4.05],[93.64,-4.07],[93.6,-4.12],[93.46,-4.2],[93.42,-4.2],[93.32,-4.14],[93.32,-4.02],[93.28,-4.0],[93.21,-4.0],[93.14,-4.0],[93.14,-4.05],[93.14,-4.07],[93.14,-4.09],[93.1,-4.09],[92.99,-4.1],[92.96,-4.12],[92.96,-4.34],[92.92,-4.37],[92.92,-4.39],[92.85,-4.41],[92.81,-4.41],[92.78,-4.39],[92.78,-4.37],[92.74,-4.34],[92.74,-4.24],[92.67,-4.2],[92.49,-4.2],[92.45,-4.22],[92.45,-4.25],[92.38,-4.25],[92.38,-4.29],[92.34,-4.27],[92.34,-4.25],[92.27,-4.2],[92.27,-4.17],[92.2,-4.15],[92.2,-4.12],[92.31,-4.1],[92.38,-4.1],[92.38,-4.09],[92.45,-4.05],[92.49,-4.02],[92.49,-4.0],[92.49,-3.99],[92.49,-3.95],[92.56,-3.94],[92.63,-3.92],[92.67,-3.9],[92.92,-3.9],[92.99,-3.92],[93.03,-3.94],[93.03,-4.0],[93.1,-4.0],[93.14,-4.0],[93.14,-3.94],[93.14,-3.92],[93.14,-3.9]]]}},{"type":"Feature","properties":{"precip":70},"geometry":{"type":"Polygon","coordinates":[[[98.39,-4.41],[98.39,-4.37],[98.5,-4.32],[98.57,-4.3],[98.75,-4.3],[98.82,-4.34],[98.82,-4.49],[98.79,-4.49],[98.72,-4.49],[98.64,-4.51],[98.61,-4.49],[98.54,-4.49],[98.54,-4.42],[98.5,-4.41],[98.46,-4.44],[98.46,-4.54],[98.5,-4.57],[98.5,-4.61],[98.54,-4.64],[98.54,-4.67],[98.5,-4.67],[98.46,-4.72],[98.46,-4.76],[98.54,-4.81],[98.64,-4.81],[98.64,-4.79],[98.75,-4.76],[98.75,-4.71],[98.79,-4.69],[98.82,-4.72],[98.82,-5.14],[98.75,-5.24],[98.72,-5.28],[98.61,-5.29],[98.57,-5.29],[98.54,-5.33],[98.54,-5.36],[98.5,-5.38],[98.5,-5.41],[98.46,-5.41],[98.39,-5.41],[98.36,-5.43],[98.36,-5.48],[98.32,-5.48],[98.28,-5.51],[98.21,-5.51],[98.18,-5.53],[98.14,-5.54],[98.14,-5.59],[98.1,-5.59],[98.1,-5.58],[98.03,-5.56],[98.03,-5.53],[98.0,-5.53],[97.92,-5.51],[97.74,-5.51],[97.67,-5.53],[97.64,-5.56],[97.53,-5.59],[97.46,-5.59],[97.38,-5.59],[96.92,-5.59],[96.84,-5.59],[96.77,-5.56],[96.77,-5.43],[96.77,-5.41],[96.92,-5.39],[96.92,-5.36],[96.92,-5.33],[96.99,-5.33],[97.02,-5.33],[97.02,-5.36],[97.06,-5.39],[97.1,-5.41],[97.24,-5.41],[97.28,-5.38],[97.35,-5.36],[97.38,-5.29],[97.38,-5.24],[97.46,-5.24],[97.38,-5.21],[97.35,-5.21],[97.28,-5.18],[97.24,-5.16],[97.17,-5.09],[97.17,-5.06],[97.1,-5.02],[97.1,-4.94],[97.17,-4.94],[97.17,-4.92],[97.2,-4.91],[97.28,-4.89],[97.28,-4.87],[97.35,-4.86],[97.35,-4.84],[97.38,-4.81],[97.38,-4.84],[97.46,-4.87],[97.46,-4.89],[97.49,-4.89],[97.53,-4.87],[97.53,-4.81],[97.56,-4.76],[97.56,-4.61],[97.71,-4.57],[97.74,-4.57],[97.74,-4.54],[97.82,-4.52],[97.89,-4.51],[98.03,-4.51],[98.14,-4.49],[98.21,-4.49],[98.36,-4.46],[98.39,-4.41]]]}},{"type":"Feature","properties":{"precip":70},"geometry":{"type":"Polygon","coordinates":[[[91.3,-4.49],[91.34,-4.44],[91.41,-4.41],[91.41,-4.42],[91.41,-4.57],[91.37,-4.61],[91.3,-4.61],[91.26,-4.61],[91.26,-4.54],[91.3,-4.51],[91.3,-4.49]]]}},{"type":"Feature","properties":{"precip":70},"geometry":{"type":"Polygon","coordinates":[[[91.66,-4.66],[91.66,-4.61],[91.73,-4.61],[91.77,-4.62],[91.77,-4.67],[91.73,-4.69],[91.66,-4.69],[91.66,-4.66]]]}},{"type":"Feature","properties":{"precip":70},"geometry":{"type":"Polygon","coordinates":[[[92.45,-4.66],[92.45,-4.61],[92.49,-4.61],[92.49,-4.67],[92.45,-4.72],[92.38,-4.77],[92.31,-4.81],[92.16,-4.81],[92.13,-4.77],[92.13,-4.72],[92.2,-4.71],[92.27,-4.69],[92.34,-4.69],[92.38,-4.67],[92.45,-4.66]]]}},{"type":"Feature","properties":{"precip":70},"geometry":{"type":"Polygon","coordinates":[[[75.25,-4.76],[75.28,-4.72],[75.46,-4.69],[75.57,-4.69],[75.71,-4.72],[75.75,-4.72],[75.75,-4.76],[75.86,-4.81],[75.97,-4.81],[76.0,-4.81],[76.07,-4.81],[76.15,-4.84],[76.15,-4.87],[76.18,-4.87],[76.25,-4.91],[76.33,-4.91],[76.36,-4.92],[76.51,-4.99],[76.51,-5.04],[76.54,-5.06],[76.54,-5.13],[76.51,-5.18],[76.51,-5.21],[76.47,-5.24],[76.36,-5.29],[76.29,-5.29],[76.25,-5.33],[76.25,-5.34],[76.22,-5.36],[76.22,-5.39],[76.18,-5.41],[76.11,-5.41],[76.07,-5.41],[76.07,-5.48],[76.0,-5.51],[75.89,-5.51],[75.89,-5.53],[75.86,-5.53],[75.86,-5.58],[75.79,-5.59],[75.71,-5.59],[75.68,-5.61],[75.68,-5.64],[75.64,-5.64],[75.64,-5.68],[75.57,-5.69],[75.46,-5.69],[75.35,-5.73],[75.35,-5.78],[75.28,-5.81],[75.21,-5.81],[75.1,-5.81],[75.07,-5.83],[75.07,-5.86],[75.03,-5.9],[75.03,-6.01],[75.07,-6.03],[75.07,-6.08],[75.1,-6.1],[75.1,-6.13],[75.14,-6.13],[75.14,-6.31],[75.18,-6.33],[75.18,-6.4],[75.25,-6.43],[75.25,-6.47],[75.21,-6.47],[75.21,-6.5],[75.18,-6.5],[75.18,-6.55],[75.14,-6.57],[75.14,-6.68],[75.07,-6.7],[75.07,-6.73],[75.03,-6.77],[75.03,-6.85],[75.07,-6.85],[75.07,-6.88],[75.14,-6.92],[75.14,-6.97],[75.03,-7.0],[74.85,-7.0],[74.74,-6.97],[74.74,-6.95],[74.67,-6.92],[74.6,-6.9],[74.38,-6.9],[74.28,-6.93],[74.28,-7.02],[74.24,-7.03],[74.24,-7.09],[74.17,-7.09],[74.1,-7.12],[74.06,-7.14],[74.06,-7.25],[74.02,-7.29],[73.95,-7.3],[73.77,-7.3],[73.66,-7.27],[73.66,-7.24],[73.63,-7.24],[73.63,-7.22],[73.59,-7.2],[73.52,-7.2],[73.48,-7.19],[73.48,-7.17],[73.45,-7.15],[73.45,-6.97],[73.38,-6.9],[73.3,-6.9],[73.27,-6.88],[73.27,-6.87],[73.23,-6.85],[73.23,-6.77],[73.27,-6.75],[73.27,-6.7],[73.34,-6.67],[73.38,-6.62],[73.45,-6.57],[73.45,-6.53],[73.38,-6.5],[73.27,-6.5],[73.2,-6.47],[73.09,-6.4],[73.09,-6.38],[72.98,-6.31],[72.94,-6.31],[72.94,-6.35],[72.91,-6.38],[72.91,-6.4],[72.84,-6.4],[72.76,-6.38],[72.69,-6.36],[72.62,-6.31],[72.55,-6.2],[72.69,-6.01],[72.76,-5.96],[72.87,-5.93],[73.02,-5.88],[73.02,-5.86],[73.05,-5.83],[73.02,-5.78],[73.02,-5.73],[72.91,-5.64],[72.87,-5.61],[72.8,-5.59],[72.69,-5.59],[72.58,-5.56],[72.55,-5.54],[72.55,-5.53],[72.51,-5.53],[72.48,-5.53],[72.37,-5.64],[72.37,-5.66],[72.3,-5.68],[72.26,-5.66],[72.26,-5.64],[72.22,-5.64],[72.22,-5.61],[72.19,-5.59],[72.19,-5.63],[72.15,-5.64],[72.12,-5.66],[72.04,-5.68],[71.94,-5.69],[71.68,-5.69],[71.58,-5.68],[71.4,-5.64],[71.4,-5.59],[71.36,-5.56],[71.36,-5.49],[71.32,-5.44],[71.32,-5.28],[71.36,-5.24],[71.36,-5.21],[71.4,-5.21],[71.5,-5.21],[71.61,-5.18],[71.65,-5.16],[71.65,-5.13],[71.72,-5.11],[71.79,-5.11],[71.83,-5.09],[71.9,-5.11],[71.97,-5.11],[72.04,-5.13],[72.04,-5.18],[72.12,-5.21],[72.19,-5.21],[72.26,-5.24],[72.3,-5.28],[72.3,-5.29],[72.33,-5.33],[72.37,-5.36],[72.44,-5.39],[72.51,-5.41],[72.76,-5.41],[72.87,-5.36],[72.87,-5.33],[72.91,-5.29],[73.05,-5.29],[73.12,-5.28],[73.12,-5.24],[73.23,-5.21],[73.34,-5.21],[73.45,-5.18],[73.45,-5.13],[73.52,-5.11],[73.7,-5.11],[73.84,-5.14],[73.92,-5.21],[73.92,-5.23],[73.95,-5.24],[73.95,-5.36],[73.99,-5.39],[74.06,-5.41],[74.17,-5.41],[74.28,-5.34],[74.31,-5.29],[74.35,-5.28],[74.35,-5.26],[74.38,-5.24],[74.38,-5.23],[74.46,-5.21],[74.53,-5.18],[74.53,-5.13],[74.56,-5.11],[74.64,-5.09],[74.74,-5.06],[74.78,-5.02],[74.78,-4.99],[74.82,-4.97],[74.82,-4.96],[74.85,-4.94],[74.85,-4.92],[74.92,-4.91],[74.96,-4.91],[75.03,-4.87],[75.03,-4.84],[75.07,-4.82],[75.14,-4.81],[75.21,-4.81],[75.25,-4.77],[75.25,-4.76]],[[74.06,-7.0],[74.06,-6.93],[74.02,-6.92],[74.02,-6.9],[73.99,-6.9],[73.99,-6.93],[73.95,-6.95],[73.95,-7.07],[73.99,-7.07],[73.99,-7.09],[74.02,-7.1],[74.02,-7.09],[74.06,-7.07],[74.06,-7.0]],[[73.95,-7.15],[73.95,-7.1],[73.88,-7.1],[73.88,-7.12],[73.84,-7.14],[73.84,-7.17],[73.88,-7.19],[73.88,-7.2],[73.95,-7.19],[73.95,-7.15]]]}},{"type":"Feature","properties":{"precip":70},"geometry":{"type":"Polygon","coordinates":[[[77.26,-4.94],[77.26,-4.92],[77.33,-4.91],[77.33,-4.92],[77.37,-4.94],[77.37,-4.97],[77.33,-4.97],[77.33,-4.99],[77.26,-4.99],[77.26,-4.94]]]}},{"type":"Feature","properties":{"precip":70},"geometry":{"type":"Polygon","coordinates":[[[90.72,-5.04],[90.76,-5.01],[90.83,-5.01],[90.87,-4.99],[91.05,-4.99],[91.12,-5.02],[91.12,-5.06],[91.12,-5.09],[91.12,-5.14],[91.12,-5.16],[91.12,-5.18],[91.05,-5.21],[90.9,-5.18],[90.76,-5.11],[90.76,-5.09],[90.76,-5.06],[90.72,-5.04]]]}},{"type":"Feature","properties":{"precip":70},"geometry":{"type":"Polygon","coordinates":[[[96.45,-5.85],[96.45,-5.78],[96.48,-5.73],[96.56,-5.69],[96.66,-5.69],[96.74,-5.71],[96.74,-5.75],[96.77,-5.78],[96.77,-5.93],[96.74,-5.96],[96.74,-5.98],[96.66,-6.0],[96.48,-6.0],[96.48,-5.98],[96.48,-5.96],[96.45,-5.93],[96.45,-5.85]]]}},{"type":"Feature","properties":{"precip":70},"geometry":{"type":"Polygon","coordinates":[[[87.74,-5.96],[87.74,-5.86],[87.77,-5.85],[87.77,-5.83],[87.77,-5.81],[87.95,-5.81],[88.06,-5.81],[88.13,-5.85],[88.13,-5.86],[88.24,-5.96],[88.24,-6.18],[88.13,-6.2],[88.06,-6.2],[87.95,-6.16],[87.95,-6.13],[87.92,-6.13],[87.92,-6.1],[87.85,-6.1],[87.77,-6.08],[87.74,-6.05],[87.74,-5.96]]]}},{"type":"Feature","properties":{"precip":70},"geometry":{"type":"Polygon","coordinates":[[[98.79,-6.1],[98.82,-6.01],[98.93,-6.0],[98.93,-6.06],[98.97,-6.08],[98.97,-6.1],[99.08,-6.1],[99.11,-6.13],[99.11,-6.15],[99.14,-6.15],[99.14,-6.66],[99.11,-6.68],[99.0,-6.7],[98.57,-6.7],[98.5,-6.7],[98.39,-6.7],[98.28,-6.73],[98.21,-6.75],[98.21,-6.77],[98.18,-6.82],[98.18,-6.85],[98.1,-6.87],[98.1,-6.88],[98.03,-6.9],[97.92,-6.9],[97.85,-6.93],[97.85,-6.97],[97.74,-7.0],[97.64,-7.0],[97.56,-6.97],[97.56,-6.9],[97.53,-6.88],[97.53,-6.8],[97.49,-6.8],[97.49,-6.78],[97.46,-6.77],[97.46,-6.43],[97.49,-6.4],[97.64,-6.38],[97.64,-6.35],[97.67,-6.31],[97.74,-6.3],[97.85,-6.28],[97.85,-6.25],[97.89,-6.25],[97.89,-6.2],[97.92,-6.2],[97.92,-6.25],[97.96,-6.26],[98.03,-6.28],[98.1,-6.3],[98.32,-6.3],[98.39,-6.28],[98.46,-6.25],[98.5,-6.21],[98.54,-6.2],[98.61,-6.2],[98.64,-6.18],[98.79,-6.13],[98.79,-6.1]],[[97.64,-6.75],[97.64,-6.7],[97.56,-6.7],[97.56,-6.8],[97.64,-6.8],[97.64,-6.75]],[[97.96,-6.75],[97.96,-6.73],[97.92,-6.73],[97.92,-6.7],[97.89,-6.7],[97.85,-6.73],[97.85,-6.78],[97.92,-6.8],[97.92,-6.78],[97.96,-6.78],[97.96,-6.75]]]}},{"type":"Feature","properties":{"precip":70},"geometry":{"type":"Polygon","coordinates":[[[94.04,-6.36],[94.04,-6.25],[94.07,-6.23],[94.07,-6.2],[94.11,-6.2],[94.11,-6.23],[94.18,-6.26],[94.18,-6.3],[94.22,-6.3],[94.22,-6.26],[94.25,-6.25],[94.29,-6.23],[94.4,-6.2],[94.58,-6.2],[94.72,-6.23],[94.83,-6.28],[94.86,-6.28],[94.94,-6.3],[95.12,-6.3],[95.33,-6.31],[95.33,-6.35],[95.33,-6.38],[95.3,-6.4],[95.3,-6.47],[95.22,-6.5],[95.22,-6.77],[95.15,-6.8],[95.04,-6.8],[94.97,-6.82],[94.97,-6.88],[95.04,-6.9],[95.04,-6.95],[95.04,-6.97],[94.97,-7.0],[94.83,-7.0],[94.76,-6.97],[94.76,-6.73],[94.76,-6.7],[94.83,-6.7],[94.83,-6.68],[94.86,-6.65],[94.86,-6.55],[94.83,-6.52],[94.76,-6.5],[94.58,-6.5],[94.5,-6.52],[94.4,-6.55],[94.4,-6.58],[94.4,-6.6],[94.29,-6.6],[94.25,-6.58],[94.25,-6.45],[94.22,-6.43],[94.22,-6.4],[94.18,-6.4],[94.11,-6.42],[94.11,-6.48],[94.07,-6.5],[94.07,-6.47],[94.04,-6.43],[94.04,-6.36]]]}},{"type":"Feature","properties":{"precip":70},"geometry":{"type":"Polygon","coordinates":[[[93.03,-6.4],[93.03,-6.31],[93.14,-6.3],[93.24,-6.31],[93.24,-6.36],[93.28,-6.38],[93.32,-6.4],[93.42,-6.42],[93.46,-6.43],[93.46,-6.57],[93.42,-6.58],[93.42,-6.6],[93.39,-6.6],[93.39,-6.63],[93.32,-6.65],[93.32,-6.73],[93.39,-6.77],[93.39,-6.78],[93.42,-6.8],[93.5,-6.8],[93.57,-6.85],[93.57,-6.87],[93.5,-6.9],[93.42,-6.9],[93.32,-6.87],[93.32,-6.82],[93.28,-6.8],[93.21,-6.8],[93.14,-6.77],[93.14,-6.7],[93.14,-6.68],[93.14,-6.62],[93.03,-6.6],[92.96,-6.58],[92.96,-6.52],[93.03,-6.5],[93.03,-6.47],[93.03,-6.43],[93.03,-6.4]]]}},{"type":"Feature","properties":{"precip":70},"geometry":{"type":"Polygon","coordinates":[[[75.86,-6.55],[75.86,-6.52],[75.89,-6.5],[75.97,-6.52],[75.97,-6.58],[75.93,-6.6],[75.86,-6.58],[75.86,-6.55]]]}},{"type":"Feature","properties":{"precip":70},"geometry":{"type":"Polygon","coordinates":[[[78.95,-6.55],[78.95,-6.52],[78.99,-6.5],[79.06,-6.52],[79.06,-6.58],[78.99,-6.58],[78.95,-6.58],[78.95,-6.55]]]}},{"type":"Feature","properties":{"precip":70},"geometry":{"type":"Polygon","coordinates":[[[85.61,-6.55],[85.69,-6.52],[85.69,-6.5],[85.72,-6.5],[85.72,-6.52],[85.76,-6.57],[85.76,-6.58],[85.76,-6.6],[85.76,-6.58],[85.83,-6.57],[85.83,-6.53],[85.87,-6.52],[85.97,-6.5],[86.05,-6.52],[86.12,-6.55],[86.19,-6.57],[86.19,-6.62],[86.23,-6.65],[86.23,-6.78],[86.15,-6.8],[86.12,-6.8],[86.05,-6.82],[86.05,-6.87],[86.01,-6.88],[85.94,-6.9],[85.87,-6.93],[85.76,-7.03],[85.72,-7.12],[85.61,-7.17],[85.61,-7.2],[85.54,-7.25],[85.43,-7.29],[85.43,-7.24],[85.36,-7.22],[85.25,-7.2],[85.15,-7.22],[85.15,-7.25],[85.15,-7.29],[85.07,-7.29],[85.07,-7.3],[84.97,-7.3],[84.89,-7.3],[84.86,-7.34],[84.86,-7.45],[84.79,-7.45],[84.79,-7.5],[84.79,-7.54],[84.75,-7.54],[84.75,-7.57],[84.79,-7.57],[84.86,-7.64],[84.86,-7.7],[84.79,-7.74],[84.79,-7.77],[84.75,-7.81],[84.68,-7.81],[84.68,-7.84],[84.61,-7.86],[84.61,-8.11],[84.61,-8.14],[84.61,-8.19],[84.5,-8.26],[84.39,-8.39],[84.39,-8.43],[84.32,-8.44],[84.32,-8.53],[84.32,-8.56],[84.32,-8.58],[84.28,-8.61],[84.21,-8.61],[84.14,-8.63],[84.14,-8.66],[84.07,-8.69],[83.99,-8.69],[83.96,-8.71],[83.89,-8.69],[83.85,-8.69],[83.78,-8.68],[83.78,-8.64],[83.71,-8.64],[83.71,-8.63],[83.6,-8.61],[83.49,-8.61],[83.38,-8.56],[83.31,-8.49],[83.2,-8.41],[83.2,-8.37],[83.17,-8.37],[83.17,-8.32],[83.24,-8.29],[83.24,-8.24],[83.17,-8.21],[83.06,-8.21],[82.88,-8.21],[82.77,-8.17],[82.7,-8.07],[82.59,-7.96],[82.59,-7.79],[82.66,-7.77],[82.66,-7.7],[82.7,-7.7],[82.77,-7.67],[82.77,-7.65],[82.88,-7.6],[82.95,-7.57],[83.02,-7.49],[83.02,-7.47],[83.13,-7.4],[83.24,-7.39],[83.24,-7.34],[83.31,-7.34],[83.38,-7.3],[83.42,-7.3],[83.49,-7.3],[83.67,-7.3],[83.78,-7.29],[83.85,-7.27],[83.85,-7.24],[83.89,-7.24],[83.89,-7.22],[83.89,-7.2],[83.99,-7.2],[84.07,-7.19],[84.07,-7.14],[84.1,-7.1],[84.21,-7.1],[84.28,-7.09],[84.32,-7.09],[84.32,-7.07],[84.32,-7.05],[84.32,-7.02],[84.5,-7.0],[84.57,-7.0],[84.71,-6.97],[84.79,-6.9],[84.86,-6.85],[84.89,-6.8],[84.97,-6.73],[84.97,-6.68],[85.07,-6.65],[85.15,-6.62],[85.22,-6.62],[85.25,-6.6],[85.51,-6.6],[85.58,-6.58],[85.61,-6.57],[85.61,-6.55]],[[85.61,-7.05],[85.61,-7.0],[85.58,-7.0],[85.58,-7.09],[85.61,-7.1],[85.61,-7.09],[85.61,-7.05]],[[85.58,-7.15],[85.54,-7.12],[85.54,-7.1],[85.43,-7.1],[85.43,-7.19],[85.54,-7.2],[85.54,-7.19],[85.58,-7.17],[85.58,-7.15]],[[84.14,-8.07],[84.07,-8.02],[83.99,-8.01],[83.81,-8.02],[83.71,-8.07],[83.71,-8.11],[83.67,-8.14],[83.67,-8.19],[83.71,-8.21],[83.85,-8.21],[83.96,-8.22],[83.96,-8.26],[83.99,-8.26],[83.99,-8.29],[84.03,-8.29],[84.07,-8.24],[84.07,-8.21],[84.14,-8.12],[84.14,-8.07]]]}},{"type":"Feature","properties":{"precip":70},"geometry":{"type":"Polygon","coordinates":[[[94.04,-6.7],[94.04,-6.65],[94.07,-6.63],[94.07,-6.6],[94.11,-6.6],[94.11,-6.62],[94.11,-6.73],[94.18,-6.77],[94.18,-6.8],[94.25,-6.85],[94.29,-6.9],[94.4,-6.9],[94.4,-6.93],[94.4,-7.09],[94.29,-7.1],[94.25,-7.1],[94.18,-7.09],[94.11,-7.07],[94.11,-6.97],[94.07,-6.9],[93.93,-6.9],[93.86,-6.88],[93.86,-6.85],[93.82,-6.85],[93.86,-6.85],[93.86,-6.82],[93.89,-6.8],[93.93,-6.8],[94.0,-6.8],[94.0,-6.77],[94.04,-6.77],[94.04,-6.7]]]}},{"type":"Feature","properties":{"precip":70},"geometry":{"type":"Polygon","coordinates":[[[81.26,-6.82],[81.29,-6.78],[81.33,-6.75],[81.51,-6.7],[81.62,-6.73],[81.62,-6.78],[81.76,-6.8],[81.87,-6.87],[81.94,-6.93],[81.94,-7.03],[81.8,-7.19],[81.76,-7.22],[81.73,-7.27],[81.62,-7.3],[81.51,-7.29],[81.51,-7.24],[81.47,-7.2],[81.4,-7.2],[81.26,-7.17],[81.22,-7.14],[81.15,-7.07],[81.15,-6.97],[81.15,-6.93],[81.15,-6.9],[81.22,-6.88],[81.22,-6.85],[81.26,-6.82]]]}},{"type":"Feature","properties":{"precip":70},"geometry":{"type":"Polygon","coordinates":[[[79.24,-6.97],[79.28,-6.92],[79.39,-6.9],[79.42,-6.92],[79.53,-6.95],[79.53,-7.03],[79.49,-7.07],[79.42,-7.19],[79.35,-7.24],[79.28,-7.29],[79.17,-7.3],[79.1,-7.34],[79.06,-7.35],[79.06,-7.37],[78.99,-7.42],[78.99,-7.45],[78.92,-7.49],[78.88,-7.49],[78.88,-7.47],[78.85,-7.45],[78.85,-7.42],[78.81,-7.42],[78.7,-7.49],[78.7,-7.5],[78.67,-7.54],[78.67,-7.6],[78.63,-7.64],[78.59,-7.72],[78.49,-7.81],[78.41,-7.89],[78.31,-7.96],[78.2,-8.06],[78.16,-8.06],[78.13,-8.06],[78.13,-8.02],[78.09,-8.01],[77.98,-8.01],[77.95,-8.02],[77.95,-8.06],[77.91,-8.07],[77.8,-8.11],[77.73,-8.11],[77.69,-8.12],[77.66,-8.14],[77.66,-8.17],[77.73,-8.22],[77.73,-8.26],[77.69,-8.29],[77.69,-8.31],[77.66,-8.34],[77.66,-8.37],[77.59,-8.39],[77.59,-8.37],[77.55,-8.32],[77.55,-8.31],[77.48,-8.31],[77.41,-8.32],[77.33,-8.37],[77.3,-8.41],[77.23,-8.48],[77.19,-8.49],[77.08,-8.49],[77.01,-8.49],[76.97,-8.46],[76.9,-8.39],[76.87,-8.34],[76.87,-8.22],[76.94,-8.21],[76.97,-8.21],[77.05,-8.17],[77.05,-8.12],[76.97,-8.11],[76.9,-8.11],[76.87,-8.09],[76.87,-8.02],[76.97,-7.92],[77.05,-7.92],[77.08,-7.91],[77.19,-7.91],[77.26,-7.87],[77.26,-7.82],[77.33,-7.81],[77.37,-7.81],[77.44,-7.79],[77.44,-7.77],[77.48,-7.76],[77.48,-7.72],[77.51,-7.7],[77.59,-7.69],[77.66,-7.69],[77.73,-7.65],[77.8,-7.57],[77.8,-7.52],[77.84,-7.47],[77.84,-7.3],[77.87,-7.27],[77.87,-7.22],[77.91,-7.19],[77.91,-7.17],[77.98,-7.12],[78.05,-7.1],[78.16,-7.1],[78.2,-7.12],[78.27,-7.17],[78.27,-7.19],[78.31,-7.2],[78.31,-7.19],[78.34,-7.17],[78.34,-7.14],[78.38,-7.12],[78.45,-7.1],[78.52,-7.1],[78.67,-7.07],[78.67,-7.02],[78.7,-7.0],[78.74,-7.02],[78.74,-7.05],[78.77,-7.07],[78.88,-7.1],[78.99,-7.1],[79.06,-7.14],[79.06,-7.19],[79.13,-7.2],[79.13,-7.19],[79.17,-7.17],[79.17,-7.05],[79.17,-7.03],[79.17,-6.98],[79.24,-6.97]],[[78.34,-7.34],[78.34,-7.3],[78.27,-7.3],[78.2,-7.3],[78.16,-7.34],[78.16,-7.35],[78.13,-7.37],[78.13,-7.45],[78.16,-7.45],[78.16,-7.5],[78.23,-7.45],[78.31,-7.4],[78.31,-7.37],[78.34,-7.35],[78.34,-7.34]],[[77.37,-8.26],[77.33,-8.22],[77.26,-8.21],[77.15,-8.21],[77.08,-8.21],[77.08,-8.22],[77.05,-8.24],[77.05,-8.26],[77.08,-8.26],[77.08,-8.29],[77.12,-8.29],[77.3,-8.29],[77.33,-8.26],[77.37,-8.26]]]}},{"type":"Feature","properties":{"precip":70},"geometry":{"type":"Polygon","coordinates":[[[94.54,-6.97],[94.54,-6.93],[94.58,-6.92],[94.58,-6.9],[94.65,-6.92],[94.65,-6.98],[94.58,-7.0],[94.58,-6.97],[94.54,-6.97]]]}},{"type":"Feature","properties":{"precip":70},"geometry":{"type":"Polygon","coordinates":[[[90.04,-7.05],[90.04,-7.03],[90.04,-7.0],[90.11,-7.0],[90.15,-7.0],[90.15,-7.09],[90.11,-7.1],[90.04,-7.09],[90.04,-7.07],[90.04,-7.05]]]}},{"type":"Feature","properties":{"precip":70},"geometry":{"type":"Polygon","coordinates":[[[91.88,-7.05],[91.88,-7.02],[91.98,-7.0],[92.06,-7.0],[92.13,-7.03],[92.13,-7.07],[92.06,-7.1],[91.98,-7.1],[91.88,-7.09],[91.88,-7.05]]]}},{"type":"Feature","properties":{"precip":70},"geometry":{"type":"Polygon","coordinates":[[[79.6,-7.2],[79.6,-7.15],[79.67,-7.14],[79.67,-7.12],[79.71,-7.1],[79.85,-7.1],[79.89,-7.12],[79.89,-7.15],[79.96,-7.17],[79.96,-7.22],[79.89,-7.24],[79.89,-7.29],[79.85,-7.3],[79.71,-7.3],[79.67,-7.29],[79.67,-7.27],[79.6,-7.24],[79.6,-7.2]]]}},{"type":"Feature","properties":{"precip":70},"geometry":{"type":"Polygon","coordinates":[[[74.28,-7.4],[74.28,-7.24],[74.35,-7.2],[74.42,-7.2],[74.46,-7.22],[74.46,-7.25],[74.49,-7.3],[74.56,-7.3],[74.64,-7.27],[74.64,-7.24],[74.67,-7.22],[74.67,-7.2],[74.71,-7.2],[74.71,-7.22],[74.74,-7.24],[74.74,-7.25],[74.71,-7.27],[74.71,-7.29],[74.67,-7.3],[74.67,-7.34],[74.64,-7.34],[74.67,-7.37],[74.67,-7.4],[74.74,-7.45],[74.78,-7.49],[74.78,-7.5],[74.82,-7.52],[74.82,-7.54],[74.85,-7.57],[74.74,-7.59],[74.71,-7.6],[74.38,-7.6],[74.31,-7.57],[74.28,-7.57],[74.28,-7.4]]]}},{"type":"Feature","properties":{"precip":70},"geometry":{"type":"Polygon","coordinates":[[[90.47,-7.25],[90.47,-7.24],[90.51,-7.2],[90.65,-7.2],[90.72,-7.22],[90.72,-7.29],[90.65,-7.29],[90.65,-7.3],[90.51,-7.3],[90.47,-7.25]]]}},{"type":"Feature","properties":{"precip":70},"geometry":{"type":"Polygon","coordinates":[[[91.12,-7.35],[91.12,-7.34],[91.23,-7.3],[91.26,-7.3],[91.34,-7.34],[91.34,-7.39],[91.26,-7.4],[91.19,-7.4],[91.12,-7.39],[91.12,-7.35]]]}},{"type":"Feature","properties":{"precip":70},"geometry":{"type":"Polygon","coordinates":[[[80.65,-7.65],[80.68,-7.64],[80.68,-7.62],[80.79,-7.6],[80.86,-7.6],[80.93,-7.64],[80.93,-7.67],[80.9,-7.67],[80.9,-7.69],[80.72,-7.69],[80.68,-7.65],[80.65,-7.65]]]}},{"type":"Feature","properties":{"precip":70},"geometry":{"type":"Polygon","coordinates":[[[85.58,-7.65],[85.58,-7.6],[85.61,-7.6],[85.61,-7.69],[85.58,-7.69],[85.58,-7.65]]]}},{"type":"Feature","properties":{"precip":70},"geometry":{"type":"Polygon","coordinates":[[[80.54,-7.84],[80.54,-7.81],[80.61,-7.81],[80.72,-7.81],[80.72,-7.82],[80.72,-7.89],[80.72,-7.91],[80.61,-7.91],[80.54,-7.89],[80.54,-7.84]]]}},{"type":"Feature","properties":{"precip":70},"geometry":{"type":"Polygon","coordinates":[[[86.62,-8.27],[86.69,-8.22],[86.77,-8.21],[86.84,-8.22],[86.84,-8.26],[86.87,-8.29],[86.87,-8.32],[86.84,-8.34],[86.84,-8.37],[86.69,-8.41],[86.66,-8.41],[86.51,-8.37],[86.51,-8.34],[86.62,-8.27]]]}},{"type":"Feature","properties":{"precip":70},"geometry":{"type":"Polygon","coordinates":[[[83.06,-8.86],[83.06,-8.83],[83.13,-8.81],[83.24,-8.81],[83.35,-8.83],[83.35,-8.86],[83.38,-8.89],[83.49,-8.89],[83.6,-8.89],[83.71,-8.93],[83.71,-8.94],[83.78,-8.94],[83.78,-8.98],[83.81,-8.98],[83.89,-8.99],[84.03,-8.99],[84.07,-9.01],[84.32,-9.01],[84.43,-9.03],[84.43,-9.16],[84.39,-9.2],[84.32,-9.21],[84.07,-9.21],[84.03,-9.21],[83.96,-9.21],[83.89,-9.23],[83.85,-9.25],[83.85,-9.28],[83.78,-9.33],[83.78,-9.35],[83.6,-9.41],[83.42,-9.41],[83.31,-9.48],[83.31,-9.5],[83.24,-9.53],[83.24,-9.55],[83.24,-9.56],[83.13,-9.6],[83.06,-9.6],[82.95,-9.61],[82.84,-9.65],[82.84,-9.66],[82.77,-9.66],[82.77,-9.7],[82.7,-9.77],[82.59,-9.78],[82.55,-9.82],[82.34,-9.82],[82.27,-9.78],[82.23,-9.78],[82.16,-9.77],[82.16,-9.73],[82.16,-9.71],[82.27,-9.7],[82.34,-9.7],[82.45,-9.66],[82.45,-9.65],[82.45,-9.61],[82.37,-9.6],[82.27,-9.6],[82.27,-9.56],[82.27,-9.55],[82.27,-9.35],[82.27,-9.33],[82.41,-9.3],[82.52,-9.3],[82.52,-9.28],[82.52,-9.25],[82.55,-9.21],[82.59,-9.21],[82.66,-9.21],[82.73,-9.18],[82.73,-9.13],[82.77,-9.1],[82.88,-9.1],[82.95,-9.06],[82.95,-9.03],[82.99,-9.01],[83.06,-9.01],[83.06,-8.99],[83.13,-8.98],[83.13,-8.91],[83.06,-8.89],[83.06,-8.86]]]}},{"type":"Feature","properties":{"precip":70},"geometry":{"type":"Polygon","coordinates":[[[84.75,-8.94],[84.75,-8.93],[84.79,-8.89],[84.86,-8.89],[84.93,-8.93],[84.97,-8.94],[84.97,-8.98],[84.93,-8.98],[84.86,-8.99],[84.79,-8.99],[84.75,-8.98],[84.75,-8.94]]]}},{"type":"Feature","properties":{"precip":70},"geometry":{"type":"Polygon","coordinates":[[[81.15,-9.35],[81.15,-9.31],[81.22,-9.31],[81.22,-9.4],[81.15,-9.41],[81.15,-9.4],[81.15,-9.35]]]}},{"type":"Feature","properties":{"precip":70},"geometry":{"type":"Polygon","coordinates":[[[50.37,-14.15],[50.37,-14.12],[50.45,-14.1],[50.48,-14.1],[50.52,-14.12],[50.52,-14.29],[50.48,-14.3],[50.48,-14.24],[50.45,-14.24],[50.45,-14.2],[50.41,-14.2],[50.37,-14.24],[50.37,-14.52],[50.34,-14.57],[50.34,-14.59],[50.27,-14.56],[50.23,-14.52],[50.16,-14.46],[50.16,-14.42],[50.23,-14.41],[50.23,-14.37],[50.27,-14.35],[50.27,-14.34],[50.23,-14.32],[50.16,-14.27],[50.16,-14.22],[50.23,-14.2],[50.27,-14.2],[50.37,-14.17],[50.37,-14.15]]]}},{"type":"Feature","properties":{"precip":70},"geometry":{"type":"Polygon","coordinates":[[[50.95,-14.81],[50.95,-14.64],[51.02,-14.61],[51.17,-14.61],[51.24,-14.64],[51.24,-14.74],[51.27,-14.76],[51.27,-14.79],[51.35,-14.79],[51.35,-14.66],[51.38,-14.64],[51.38,-14.61],[51.42,-14.61],[51.49,-14.61],[51.53,-14.61],[51.53,-14.64],[51.56,-14.66],[51.56,-14.81],[51.53,-14.84],[51.53,-14.89],[51.49,-14.89],[51.45,-14.87],[51.45,-14.84],[51.42,-14.82],[51.38,-14.82],[51.35,-14.84],[51.35,-14.86],[51.27,-14.91],[51.27,-14.94],[51.24,-14.96],[51.09,-14.99],[50.99,-14.99],[50.95,-14.96],[50.95,-14.81]]]}},{"type":"Feature","properties":{"precip":70},"geometry":{"type":"Polygon","coordinates":[[[50.37,-14.76],[50.37,-14.71],[50.41,-14.69],[50.45,-14.71],[50.45,-14.72],[50.48,-14.74],[50.48,-14.76],[50.45,-14.77],[50.45,-14.79],[50.37,-14.79],[50.37,-14.76]]]}},{"type":"Feature","properties":{"precip":70},"geometry":{"type":"Polygon","coordinates":[[[51.67,-14.81],[51.67,-14.72],[51.71,-14.71],[51.78,-14.69],[51.85,-14.69],[51.96,-14.72],[51.96,-14.76],[51.99,-14.76],[51.99,-14.79],[52.03,-14.79],[52.03,-14.77],[52.07,-14.76],[52.07,-14.72],[52.07,-14.71],[52.1,-14.71],[52.14,-14.74],[52.1,-14.77],[52.1,-14.81],[52.03,-14.86],[51.92,-14.89],[51.85,-14.91],[51.78,-14.91],[51.67,-14.87],[51.67,-14.81]]]}},{"type":"Feature","properties":{"precip":70},"geometry":{"type":"Polygon","coordinates":[[[50.95,-15.63],[50.95,-15.61],[50.99,-15.59],[51.06,-15.59],[51.13,-15.63],[51.13,-15.81],[51.06,-15.78],[51.06,-15.76],[50.99,-15.69],[50.95,-15.68],[50.95,-15.63]]]}},{"type":"Feature","properties":{"precip":120},"geometry":{"type":"Polygon","coordinates":[[[92.85,-4.0],[92.85,-3.95],[92.92,-3.92],[92.96,-3.9],[92.99,-3.92],[93.06,-3.97],[93.1,-4.0],[93.14,-4.04],[93.14,-4.09],[93.1,-4.1],[93.03,-4.1],[92.96,-4.12],[92.96,-4.14],[92.96,-4.15],[92.96,-4.29],[92.88,-4.3],[92.88,-4.29],[92.85,-4.27],[92.85,-4.22],[92.81,-4.2],[92.74,-4.2],[92.67,-4.19],[92.67,-4.17],[92.63,-4.17],[92.63,-4.12],[92.67,-4.12],[92.67,-4.1],[92.74,-4.1],[92.81,-4.09],[92.85,-4.05],[92.85,-4.0]]]}},{"type":"Feature","properties":{"precip":120},"geometry":{"type":"Polygon","coordinates":[[[93.35,-3.95],[93.35,-3.94],[93.35,-3.92],[93.42,-3.9],[93.5,-3.9],[93.5,-3.92],[93.53,-3.92],[93.53,-3.97],[93.57,-3.97],[93.53,-4.02],[93.53,-4.05],[93.46,-4.14],[93.39,-4.17],[93.35,-4.19],[93.35,-4.12],[93.39,-4.1],[93.39,-4.09],[93.42,-4.09],[93.42,-4.02],[93.39,-4.02],[93.39,-4.0],[93.35,-3.99],[93.35,-3.97],[93.35,-3.95]]]}},{"type":"Feature","properties":{"precip":120},"geometry":{"type":"Polygon","coordinates":[[[92.45,-4.15],[92.45,-4.12],[92.49,-4.12],[92.49,-4.1],[92.52,-4.1],[92.56,-4.12],[92.56,-4.19],[92.52,-4.19],[92.52,-4.2],[92.49,-4.2],[92.49,-4.19],[92.45,-4.17],[92.45,-4.15]]]}},{"type":"Feature","properties":{"precip":120},"geometry":{"type":"Polygon","coordinates":[[[97.85,-4.64],[97.85,-4.59],[97.89,-4.54],[97.92,-4.52],[97.92,-4.51],[98.0,-4.51],[98.03,-4.54],[98.07,-4.57],[98.14,-4.62],[98.14,-4.67],[98.1,-4.69],[98.1,-4.72],[98.0,-4.79],[97.96,-4.82],[97.96,-4.86],[97.92,-4.89],[97.96,-4.92],[97.96,-4.96],[98.0,-4.99],[98.0,-5.02],[98.07,-5.06],[98.07,-5.08],[98.1,-5.09],[98.14,-5.09],[98.14,-4.97],[98.18,-4.91],[98.18,-4.86],[98.21,-4.81],[98.25,-4.76],[98.28,-4.74],[98.28,-4.71],[98.32,-4.71],[98.32,-4.76],[98.36,-4.76],[98.36,-4.77],[98.39,-4.79],[98.46,-4.81],[98.54,-4.84],[98.54,-4.86],[98.64,-4.92],[98.68,-4.97],[98.72,-5.02],[98.72,-5.08],[98.68,-5.14],[98.64,-5.19],[98.57,-5.24],[98.5,-5.28],[98.46,-5.28],[98.46,-5.26],[98.43,-5.24],[98.43,-5.21],[98.39,-5.21],[98.36,-5.23],[98.36,-5.26],[98.32,-5.31],[98.32,-5.38],[98.28,-5.39],[98.25,-5.39],[98.18,-5.41],[98.18,-5.43],[98.14,-5.44],[98.14,-5.48],[98.1,-5.49],[98.07,-5.48],[98.07,-5.46],[98.03,-5.44],[98.03,-5.43],[98.0,-5.41],[97.96,-5.41],[97.96,-5.44],[97.92,-5.46],[97.92,-5.48],[97.82,-5.51],[97.71,-5.49],[97.71,-5.48],[97.67,-5.48],[97.67,-5.46],[97.64,-5.43],[97.64,-5.28],[97.67,-5.26],[97.67,-5.23],[97.71,-5.21],[97.78,-5.19],[97.82,-5.18],[97.89,-5.14],[97.92,-5.08],[97.92,-5.01],[97.89,-4.99],[97.82,-5.01],[97.74,-5.02],[97.74,-5.09],[97.71,-5.11],[97.64,-5.08],[97.64,-5.01],[97.67,-4.96],[97.67,-4.92],[97.74,-4.86],[97.78,-4.84],[97.78,-4.81],[97.82,-4.79],[97.82,-4.76],[97.85,-4.74],[97.85,-4.64]],[[98.03,-5.14],[98.03,-5.11],[97.96,-5.11],[97.96,-5.13],[97.92,-5.13],[97.92,-5.18],[97.96,-5.18],[97.96,-5.19],[98.03,-5.19],[98.03,-5.14]]]}},{"type":"Feature","properties":{"precip":120},"geometry":{"type":"Polygon","coordinates":[[[98.32,-4.56],[98.36,-4.54],[98.36,-4.51],[98.39,-4.51],[98.43,-4.51],[98.43,-4.52],[98.46,-4.54],[98.46,-4.57],[98.43,-4.57],[98.43,-4.59],[98.36,-4.59],[98.36,-4.57],[98.32,-4.56]]]}},{"type":"Feature","properties":{"precip":120},"geometry":{"type":"Polygon","coordinates":[[[75.14,-4.97],[75.14,-4.94],[75.18,-4.92],[75.21,-4.91],[75.32,-4.91],[75.43,-4.91],[75.5,-4.92],[75.53,-4.92],[75.53,-5.04],[75.57,-5.06],[75.57,-5.08],[75.61,-5.09],[75.68,-5.11],[75.71,-5.13],[75.79,-5.18],[75.86,-5.26],[75.86,-5.46],[75.82,-5.48],[75.82,-5.49],[75.71,-5.51],[75.64,-5.51],[75.57,-5.51],[75.57,-5.53],[75.53,-5.54],[75.53,-5.56],[75.5,-5.58],[75.43,-5.59],[75.32,-5.59],[75.1,-5.59],[75.0,-5.61],[75.0,-5.63],[74.96,-5.64],[74.96,-5.75],[74.92,-5.76],[74.92,-5.78],[74.85,-5.8],[74.74,-5.8],[74.71,-5.81],[74.67,-5.83],[74.67,-5.88],[74.64,-5.9],[74.56,-5.9],[74.49,-5.88],[74.42,-5.83],[74.38,-5.81],[74.38,-5.78],[74.35,-5.76],[74.35,-5.66],[74.35,-5.61],[74.31,-5.59],[74.28,-5.58],[74.28,-5.51],[74.35,-5.48],[74.35,-5.44],[74.42,-5.43],[74.49,-5.41],[74.64,-5.39],[74.67,-5.39],[74.74,-5.36],[74.74,-5.33],[74.78,-5.31],[74.82,-5.31],[74.92,-5.26],[75.0,-5.23],[75.03,-5.18],[75.1,-5.13],[75.14,-5.02],[75.14,-4.97]]]}},{"type":"Feature","properties":{"precip":120},"geometry":{"type":"Polygon","coordinates":[[[97.35,-5.06],[97.35,-5.02],[97.38,-5.01],[97.38,-4.99],[97.42,-4.99],[97.42,-5.01],[97.46,-5.01],[97.46,-5.08],[97.42,-5.09],[97.42,-5.11],[97.38,-5.11],[97.38,-5.08],[97.35,-5.08],[97.35,-5.06]]]}},{"type":"Feature","properties":{"precip":120},"geometry":{"type":"Polygon","coordinates":[[[90.94,-5.14],[90.98,-5.13],[90.98,-5.11],[91.05,-5.11],[91.05,-5.14],[91.08,-5.14],[91.05,-5.16],[91.05,-5.19],[90.98,-5.19],[90.98,-5.18],[90.94,-5.16],[90.94,-5.14]]]}},{"type":"Feature","properties":{"precip":120},"geometry":{"type":"Polygon","coordinates":[[[73.56,-5.34],[73.56,-5.33],[73.56,-5.31],[73.63,-5.31],[73.74,-5.34],[73.77,-5.39],[73.84,-5.43],[73.92,-5.49],[73.92,-5.53],[73.95,-5.54],[73.95,-5.58],[73.92,-5.59],[73.92,-5.61],[73.88,-5.63],[73.88,-5.68],[73.92,-5.68],[73.92,-5.69],[73.95,-5.71],[73.95,-5.78],[73.95,-5.83],[73.95,-5.88],[73.99,-5.91],[74.06,-5.95],[74.13,-5.96],[74.2,-6.0],[74.38,-6.0],[74.46,-6.0],[74.53,-6.01],[74.6,-6.01],[74.71,-6.03],[74.71,-6.05],[74.78,-6.06],[74.82,-6.1],[74.82,-6.15],[74.85,-6.18],[74.85,-6.28],[74.82,-6.3],[74.78,-6.3],[74.74,-6.31],[74.74,-6.45],[74.71,-6.47],[74.71,-6.48],[74.6,-6.5],[74.56,-6.53],[74.56,-6.57],[74.53,-6.57],[74.46,-6.58],[74.35,-6.6],[73.99,-6.6],[73.95,-6.6],[73.88,-6.57],[73.88,-6.55],[73.84,-6.5],[73.84,-6.4],[73.88,-6.38],[73.88,-6.33],[73.92,-6.31],[73.95,-6.3],[74.02,-6.3],[74.13,-6.28],[74.13,-6.25],[74.17,-6.23],[74.17,-6.16],[74.13,-6.15],[74.13,-6.13],[74.1,-6.11],[74.02,-6.1],[73.95,-6.1],[73.88,-6.08],[73.88,-6.06],[73.84,-6.06],[73.84,-6.01],[73.81,-6.0],[73.7,-6.0],[73.66,-6.01],[73.66,-6.03],[73.63,-6.05],[73.63,-6.08],[73.56,-6.1],[73.45,-6.1],[73.38,-6.08],[73.38,-6.06],[73.34,-6.05],[73.34,-5.88],[73.3,-5.85],[73.3,-5.81],[73.23,-5.76],[73.23,-5.75],[73.2,-5.71],[73.2,-5.69],[73.2,-5.61],[73.2,-5.59],[73.23,-5.58],[73.23,-5.44],[73.27,-5.44],[73.27,-5.41],[73.38,-5.39],[73.45,-5.39],[73.52,-5.39],[73.56,-5.38],[73.56,-5.34]],[[73.45,-5.56],[73.45,-5.51],[73.38,-5.51],[73.38,-5.53],[73.34,-5.53],[73.34,-5.58],[73.38,-5.58],[73.38,-5.59],[73.45,-5.59],[73.45,-5.56]],[[73.84,-5.56],[73.84,-5.51],[73.77,-5.51],[73.77,-5.53],[73.74,-5.54],[73.74,-5.56],[73.77,-5.58],[73.77,-5.59],[73.81,-5.59],[73.84,-5.59],[73.84,-5.56]],[[73.45,-5.75],[73.45,-5.71],[73.41,-5.69],[73.38,-5.71],[73.38,-5.73],[73.34,-5.73],[73.34,-5.76],[73.38,-5.78],[73.38,-5.8],[73.45,-5.8],[73.45,-5.75]]]}},{"type":"Feature","properties":{"precip":120},"geometry":{"type":"Polygon","coordinates":[[[96.95,-5.44],[96.95,-5.41],[96.99,-5.41],[96.99,-5.39],[97.02,-5.39],[97.02,-5.41],[97.06,-5.41],[97.06,-5.48],[96.99,-5.51],[96.99,-5.49],[96.95,-5.48],[96.95,-5.44]]]}},{"type":"Feature","properties":{"precip":120},"geometry":{"type":"Polygon","coordinates":[[[88.03,-5.95],[88.03,-5.93],[88.06,-5.93],[88.06,-5.9],[88.1,-5.9],[88.13,-5.91],[88.13,-6.0],[88.06,-6.0],[88.06,-5.98],[88.03,-5.96],[88.03,-5.95]]]}},{"type":"Feature","properties":{"precip":120},"geometry":{"type":"Polygon","coordinates":[[[73.16,-6.06],[73.16,-6.01],[73.2,-6.01],[73.2,-6.0],[73.23,-6.01],[73.23,-6.1],[73.2,-6.1],[73.2,-6.08],[73.16,-6.08],[73.16,-6.06]]]}},{"type":"Feature","properties":{"precip":120},"geometry":{"type":"Polygon","coordinates":[[[94.36,-6.25],[94.36,-6.21],[94.43,-6.21],[94.5,-6.21],[94.54,-6.23],[94.54,-6.26],[94.58,-6.28],[94.68,-6.3],[94.76,-6.3],[94.83,-6.31],[94.83,-6.33],[94.86,-6.33],[94.86,-6.45],[94.83,-6.47],[94.83,-6.48],[94.72,-6.5],[94.61,-6.5],[94.54,-6.5],[94.47,-6.47],[94.47,-6.43],[94.43,-6.42],[94.36,-6.4],[94.29,-6.4],[94.18,-6.38],[94.14,-6.36],[94.14,-6.33],[94.22,-6.3],[94.32,-6.3],[94.32,-6.28],[94.36,-6.26],[94.36,-6.25]]]}},{"type":"Feature","properties":{"precip":120},"geometry":{"type":"Polygon","coordinates":[[[98.61,-6.28],[98.68,-6.23],[98.68,-6.21],[98.72,-6.21],[98.75,-6.21],[98.82,-6.23],[98.86,-6.26],[98.86,-6.38],[98.9,-6.38],[98.9,-6.4],[98.97,-6.4],[99.08,-6.36],[99.08,-6.33],[99.11,-6.3],[99.14,-6.3],[99.14,-6.45],[99.11,-6.47],[99.08,-6.48],[99.04,-6.48],[98.97,-6.5],[98.9,-6.5],[98.79,-6.52],[98.79,-6.53],[98.75,-6.53],[98.75,-6.57],[98.72,-6.57],[98.72,-6.58],[98.68,-6.6],[98.61,-6.6],[98.57,-6.57],[98.57,-6.33],[98.61,-6.28]]]}},{"type":"Feature","properties":{"precip":120},"geometry":{"type":"Polygon","coordinates":[[[98.1,-6.48],[98.14,-6.45],[98.18,-6.43],[98.18,-6.42],[98.21,-6.42],[98.25,-6.42],[98.25,-6.45],[98.28,-6.47],[98.32,-6.55],[98.32,-6.58],[98.28,-6.6],[98.1,-6.6],[98.07,-6.58],[98.07,-6.52],[98.1,-6.48]]]}},{"type":"Feature","properties":{"precip":120},"geometry":{"type":"Polygon","coordinates":[[[85.65,-6.75],[85.65,-6.73],[85.69,-6.72],[85.76,-6.72],[85.76,-6.78],[85.69,-6.8],[85.69,-6.78],[85.65,-6.77],[85.65,-6.75]]]}},{"type":"Feature","properties":{"precip":120},"geometry":{"type":"Polygon","coordinates":[[[83.53,-7.45],[83.56,-7.44],[83.67,-7.4],[83.81,-7.4],[83.92,-7.4],[84.07,-7.4],[84.14,-7.44],[84.14,-7.45],[84.17,-7.47],[84.17,-7.54],[84.14,-7.55],[84.14,-7.59],[84.07,-7.62],[84.07,-7.72],[84.03,-7.74],[84.03,-7.77],[83.99,-7.79],[83.89,-7.81],[83.85,-7.81],[83.85,-7.86],[83.85,-7.87],[83.74,-7.91],[83.6,-7.91],[83.45,-7.92],[83.45,-7.94],[83.45,-7.97],[83.42,-7.99],[83.31,-8.01],[83.17,-8.01],[83.09,-7.97],[83.06,-7.94],[83.06,-7.81],[83.09,-7.69],[83.17,-7.62],[83.24,-7.57],[83.31,-7.54],[83.38,-7.5],[83.45,-7.5],[83.49,-7.49],[83.53,-7.49],[83.53,-7.45]]]}},{"type":"Feature","properties":{"precip":120},"geometry":{"type":"Polygon","coordinates":[[[78.34,-7.65],[78.34,-7.64],[78.38,-7.62],[78.38,-7.6],[78.45,-7.6],[78.45,-7.69],[78.38,-7.7],[78.38,-7.67],[78.34,-7.67],[78.34,-7.65]]]}},{"type":"Feature","properties":{"precip":120},"geometry":{"type":"Polygon","coordinates":[[[84.25,-9.04],[84.25,-9.01],[84.32,-8.99],[84.32,-9.03],[84.35,-9.03],[84.35,-9.06],[84.32,-9.08],[84.32,-9.1],[84.25,-9.1],[84.25,-9.04]]]}},{"type":"Feature","properties":{"precip":120},"geometry":{"type":"Polygon","coordinates":[[[83.24,-9.25],[83.24,-9.18],[83.27,-9.15],[83.27,-9.13],[83.35,-9.1],[83.53,-9.1],[83.6,-9.13],[83.63,-9.15],[83.63,-9.2],[83.53,-9.21],[83.45,-9.23],[83.45,-9.25],[83.42,-9.28],[83.42,-9.3],[83.38,-9.35],[83.31,-9.4],[83.27,-9.4],[83.27,-9.36],[83.24,-9.31],[83.24,-9.25]]]}},{"type":"Feature","properties":{"precip":120},"geometry":{"type":"Polygon","coordinates":[[[83.06,-9.36],[83.06,-9.31],[83.09,-9.3],[83.13,-9.31],[83.13,-9.38],[83.09,-9.4],[83.09,-9.38],[83.06,-9.38],[83.06,-9.36]]]}},{"type":"Feature","properties":{"precip":120},"geometry":{"type":"Polygon","coordinates":[[[50.45,-14.15],[50.45,-14.12],[50.52,-14.1],[50.55,-14.12],[50.55,-14.19],[50.52,-14.2],[50.45,-14.19],[50.45,-14.15]]]}},{"type":"Feature","properties":{"precip":120},"geometry":{"type":"Polygon","coordinates":[[[50.27,-14.41],[50.27,-14.24],[50.3,-14.22],[50.3,-14.2],[50.34,-14.2],[50.34,-14.27],[50.37,-14.29],[50.37,-14.52],[50.34,-14.54],[50.34,-14.61],[50.3,-14.61],[50.3,-14.59],[50.27,-14.57],[50.27,-14.41]]]}},{"type":"Feature","properties":{"precip":120},"geometry":{"type":"Polygon","coordinates":[[[51.06,-14.76],[51.06,-14.74],[51.09,-14.71],[51.17,-14.71],[51.24,-14.72],[51.24,-14.77],[51.17,-14.81],[51.09,-14.81],[51.09,-14.77],[51.06,-14.77],[51.06,-14.76]]]}},{"type":"Feature","properties":{"precip":200},"geometry":{"type":"Polygon","coordinates":[[[98.32,-4.97],[98.39,-4.91],[98.43,-4.91],[98.5,-4.92],[98.54,-4.94],[98.54,-4.99],[98.57,-5.06],[98.57,-5.11],[98.54,-5.14],[98.54,-5.19],[98.46,-5.19],[98.46,-5.16],[98.43,-5.16],[98.43,-5.11],[98.36,-5.11],[98.28,-5.09],[98.25,-5.08],[98.25,-5.06],[98.28,-5.04],[98.28,-5.01],[98.32,-4.97]]]}}]}