{"type":"FeatureCollection","features":[{"type":"Feature","properties":{"precip":10},"geometry":{"type":"Polygon","coordinates":[[[81.57,3.79],[81.54,3.74],[81.51,3.69],[81.47,3.65],[81.47,3.64],[81.54,3.57],[81.58,3.48],[81.76,3.41],[81.87,3.4],[81.94,3.4],[82.05,3.41],[82.05,3.48],[82.01,3.48],[81.94,3.48],[81.94,3.5],[81.87,3.5],[81.87,3.55],[81.9,3.59],[81.94,3.67],[82.08,3.77],[82.12,3.79],[84.1,3.79],[84.06,3.77],[84.06,3.74],[84.03,3.74],[84.03,3.72],[83.99,3.71],[83.92,3.71],[83.92,3.69],[83.88,3.69],[83.88,3.67],[83.85,3.65],[83.85,3.59],[83.81,3.55],[83.81,3.52],[83.74,3.47],[83.74,3.43],[83.56,3.31],[83.56,3.26],[83.56,3.21],[83.56,3.19],[83.7,3.19],[83.74,3.18],[83.74,3.12],[83.7,3.09],[83.67,3.07],[83.63,3.04],[83.56,3.0],[83.52,3.0],[83.49,2.99],[83.38,2.88],[83.38,2.82],[83.38,2.76],[83.45,2.75],[83.45,2.66],[83.38,2.63],[83.34,2.59],[83.2,2.59],[83.2,2.58],[83.16,2.58],[83.16,2.51],[83.2,2.51],[83.2,2.49],[83.2,2.34],[83.16,2.3],[83.02,2.3],[83.02,2.29],[82.98,2.29],[82.95,2.27],[82.95,2.22],[82.91,2.22],[82.84,2.22],[82.84,2.2],[82.8,2.2],[82.73,2.17],[82.73,2.11],[82.66,2.11],[82.66,2.15],[82.59,2.18],[82.55,2.18],[82.48,2.2],[82.26,2.2],[82.12,2.22],[81.94,2.22],[81.83,2.25],[81.83,2.29],[81.76,2.3],[81.76,2.29],[81.76,2.25],[81.72,2.22],[81.69,2.22],[81.65,2.23],[81.65,2.27],[81.58,2.3],[81.51,2.3],[81.51,2.32],[81.4,2.35],[81.4,2.37],[81.4,2.39],[81.36,2.42],[81.36,2.44],[81.22,2.49],[81.18,2.51],[81.04,2.51],[81.0,2.52],[80.97,2.56],[80.93,2.58],[80.86,2.63],[80.82,2.66],[80.79,2.7],[80.75,2.73],[80.75,2.75],[80.68,2.78],[80.64,2.76],[80.64,2.73],[80.57,2.7],[80.5,2.7],[80.5,2.68],[80.46,2.68],[80.46,2.66],[80.43,2.64],[80.43,2.63],[80.39,2.61],[80.32,2.61],[80.28,2.59],[80.14,2.59],[80.1,2.58],[80.07,2.58],[80.07,2.56],[80.0,2.54],[80.07,2.52],[80.1,2.52],[80.14,2.51],[80.32,2.51],[80.39,2.49],[80.43,2.49],[80.43,2.46],[80.46,2.42],[80.46,2.37],[80.43,2.35],[80.43,2.34],[80.39,2.32],[80.32,2.32],[80.32,2.3],[80.1,2.3],[80.07,2.29],[79.96,2.29],[79.96,2.27],[79.96,2.23],[79.92,2.22],[79.89,2.22],[79.74,2.22],[79.71,2.2],[79.64,2.22],[79.53,2.22],[79.46,2.22],[79.46,2.25],[79.42,2.27],[79.42,2.29],[79.35,2.29],[79.28,2.3],[79.17,2.3],[79.1,2.29],[79.06,2.27],[79.06,2.23],[79.02,2.22],[78.92,2.22],[78.92,2.2],[78.88,2.2],[78.88,2.17],[78.84,2.13],[78.84,1.81],[78.81,1.77],[78.81,1.74],[78.74,1.7],[78.74,1.65],[78.74,1.62],[78.66,1.57],[78.56,1.52],[78.56,1.65],[78.52,1.67],[78.52,1.7],[78.48,1.7],[78.48,1.72],[78.45,1.74],[78.45,1.87],[78.38,1.89],[78.34,1.89],[78.34,1.81],[78.27,1.81],[78.27,1.87],[78.2,1.89],[78.2,1.98],[78.2,1.99],[78.12,1.99],[78.09,2.01],[77.98,2.01],[77.98,2.03],[77.94,2.05],[77.94,2.06],[77.91,2.08],[77.84,2.08],[77.84,2.1],[77.66,2.1],[77.62,2.11],[77.55,2.15],[77.55,2.18],[77.62,2.22],[77.62,2.29],[77.55,2.35],[77.44,2.39],[77.37,2.39],[77.3,2.41],[77.26,2.42],[77.26,2.49],[77.3,2.49],[77.3,2.51],[77.4,2.51],[77.4,2.52],[77.44,2.52],[77.44,2.64],[77.48,2.66],[77.48,2.68],[77.48,2.7],[77.55,2.7],[77.66,2.75],[77.66,2.78],[77.66,2.8],[77.8,2.88],[77.8,2.92],[77.84,2.95],[77.84,2.97],[77.8,2.99],[77.8,3.0],[77.76,3.02],[77.76,3.04],[77.73,3.06],[77.73,3.07],[77.66,3.07],[77.66,3.09],[77.66,3.11],[77.58,3.11],[77.58,3.14],[77.55,3.14],[77.55,3.26],[77.58,3.28],[77.58,3.29],[77.62,3.29],[77.62,3.31],[77.66,3.31],[77.73,3.33],[77.76,3.35],[77.73,3.36],[77.73,3.38],[77.66,3.38],[77.66,3.4],[77.55,3.4],[77.48,3.41],[77.48,3.45],[77.44,3.47],[77.4,3.5],[77.37,3.53],[77.37,3.59],[77.3,3.62],[77.3,3.67],[77.3,3.69],[77.22,3.69],[77.19,3.71],[77.12,3.69],[77.08,3.69],[77.08,3.67],[77.04,3.67],[77.04,3.64],[77.01,3.62],[76.94,3.62],[76.94,3.6],[76.83,3.6],[76.76,3.59],[76.72,3.59],[76.65,3.52],[76.58,3.48],[76.54,3.43],[76.47,3.36],[76.4,3.33],[76.32,3.23],[76.32,3.19],[76.29,3.16],[76.29,3.11],[76.32,3.11],[76.32,3.07],[76.36,3.06],[76.36,3.04],[76.32,3.02],[76.32,3.0],[76.29,3.0],[76.22,3.0],[76.18,2.99],[76.18,2.97],[76.14,2.95],[76.14,2.76],[76.11,2.73],[76.11,2.71],[76.04,2.68],[76.04,2.66],[76.0,2.63],[76.0,2.58],[75.96,2.52],[75.96,2.41],[76.0,2.39],[76.04,2.39],[76.04,2.32],[75.96,2.32],[75.96,2.3],[75.82,2.3],[75.75,2.34],[75.75,2.47],[75.71,2.49],[75.71,2.51],[75.68,2.51],[75.68,2.54],[75.64,2.56],[75.64,2.76],[75.57,2.8],[75.1,2.8],[75.07,2.78],[74.99,2.78],[74.99,2.76],[74.96,2.76],[74.96,2.71],[74.99,2.71],[74.99,2.7],[75.07,2.7],[75.14,2.68],[75.14,2.52],[75.1,2.52],[75.1,2.51],[75.03,2.51],[74.96,2.47],[74.96,2.34],[74.92,2.32],[74.92,2.3],[74.89,2.32],[74.78,2.41],[74.78,2.44],[74.74,2.49],[74.74,2.58],[74.78,2.59],[74.81,2.59],[74.81,2.61],[74.85,2.61],[74.85,2.68],[74.78,2.7],[74.71,2.7],[74.71,2.68],[74.67,2.68],[74.67,2.63],[74.63,2.59],[74.63,2.41],[74.56,2.41],[74.56,2.46],[74.53,2.47],[74.53,2.49],[74.45,2.51],[74.42,2.51],[74.35,2.49],[74.27,2.46],[74.24,2.42],[74.2,2.41],[74.2,2.39],[74.17,2.37],[74.17,2.29],[74.13,2.27],[74.13,2.22],[74.09,2.22],[74.06,2.22],[74.06,2.2],[73.99,2.2],[73.99,2.18],[73.95,2.18],[73.95,2.13],[73.91,2.11],[73.88,2.11],[73.88,2.13],[73.84,2.15],[73.84,2.17],[73.81,2.2],[73.77,2.23],[73.77,2.32],[73.73,2.35],[73.77,2.37],[73.77,2.39],[73.81,2.39],[73.84,2.37],[73.84,2.23],[73.88,2.22],[73.91,2.2],[73.91,2.22],[73.95,2.23],[73.95,2.46],[73.99,2.47],[73.99,2.49],[74.02,2.51],[74.13,2.51],[74.13,2.56],[74.09,2.59],[74.09,2.63],[74.06,2.66],[73.99,2.68],[73.95,2.68],[73.88,2.7],[73.84,2.7],[73.73,2.66],[73.73,2.61],[73.7,2.61],[73.66,2.59],[73.59,2.59],[73.59,2.58],[73.55,2.58],[73.55,2.52],[73.52,2.52],[73.52,2.51],[73.41,2.51],[73.41,2.49],[73.37,2.49],[73.37,2.47],[73.34,2.46],[73.34,2.42],[73.3,2.41],[73.27,2.41],[73.23,2.39],[73.16,2.39],[73.16,2.41],[73.09,2.41],[73.09,2.42],[73.05,2.42],[73.05,2.47],[73.01,2.47],[73.01,2.49],[72.98,2.49],[72.94,2.51],[72.83,2.51],[72.76,2.47],[72.76,2.44],[72.73,2.42],[72.73,2.41],[72.69,2.41],[72.65,2.39],[72.62,2.39],[72.55,2.37],[72.55,2.23],[72.47,2.22],[72.29,2.22],[72.19,2.2],[71.9,2.2],[71.83,2.18],[71.72,2.13],[71.68,2.1],[71.65,2.05],[71.61,1.99],[71.54,1.96],[71.5,1.93],[71.47,1.91],[71.39,1.89],[71.39,1.91],[71.36,1.93],[71.32,1.96],[71.32,1.99],[71.29,2.01],[71.29,1.96],[71.18,1.91],[71.14,1.91],[71.11,1.89],[70.96,1.89],[70.93,1.89],[70.89,1.89],[70.85,1.87],[70.85,1.84],[70.82,1.84],[70.82,1.82],[70.78,1.82],[70.75,1.81],[70.6,1.81],[70.57,1.79],[70.53,1.79],[70.42,1.74],[70.42,1.7],[70.39,1.7],[70.39,1.74],[70.35,1.74],[70.35,1.77],[70.31,1.77],[70.31,1.79],[70.28,1.79],[70.28,1.81],[70.21,1.81],[70.17,1.82],[70.17,1.84],[70.13,1.84],[70.13,1.87],[70.1,1.89],[70.03,1.89],[69.99,1.89],[69.81,1.89],[69.77,1.89],[69.7,1.89],[69.67,1.87],[69.67,1.82],[69.7,1.81],[69.74,1.81],[69.77,1.79],[69.81,1.79],[69.81,1.77],[69.85,1.75],[69.85,1.64],[69.81,1.62],[69.81,1.6],[69.74,1.6],[69.67,1.57],[69.67,1.5],[69.63,1.48],[69.63,1.41],[69.59,1.41],[69.56,1.41],[69.56,1.58],[69.59,1.58],[69.59,1.6],[69.63,1.6],[69.63,1.69],[69.67,1.7],[69.63,1.74],[69.63,1.77],[69.59,1.79],[69.56,1.79],[69.56,1.81],[69.52,1.81],[69.52,1.79],[69.49,1.79],[69.45,1.77],[69.45,1.74],[69.41,1.74],[69.34,1.7],[69.16,1.7],[69.13,1.69],[69.09,1.69],[69.09,1.67],[69.05,1.67],[69.05,1.65],[69.02,1.64],[69.02,1.6],[68.98,1.6],[68.98,1.64],[68.95,1.65],[68.95,1.67],[68.91,1.69],[68.87,1.69],[68.84,1.65],[68.84,1.64],[68.73,1.55],[68.73,1.53],[68.69,1.53],[68.69,1.52],[68.66,1.53],[68.66,1.55],[68.59,1.57],[68.44,1.6],[68.37,1.6],[68.3,1.58],[68.26,1.57],[68.26,1.55],[68.19,1.52],[68.15,1.52],[68.12,1.5],[67.94,1.5],[67.87,1.53],[67.87,1.69],[67.9,1.69],[67.94,1.7],[68.12,1.7],[68.15,1.72],[68.19,1.72],[68.19,1.74],[68.26,1.75],[68.26,1.77],[68.33,1.84],[68.33,1.89],[68.23,1.89],[68.15,1.93],[68.15,1.94],[68.12,1.94],[68.12,1.99],[68.08,2.01],[68.08,1.96],[68.01,1.93],[67.94,1.91],[67.79,1.89],[67.51,1.89],[67.36,1.91],[67.29,1.93],[67.25,1.94],[67.25,1.98],[67.22,1.98],[67.22,1.99],[67.15,1.99],[67.11,2.01],[67.0,2.01],[66.97,2.03],[66.97,2.05],[66.93,2.05],[66.93,2.08],[66.89,2.08],[66.86,2.1],[66.75,2.1],[66.71,2.08],[66.68,2.08],[66.64,2.06],[66.64,2.03],[66.68,2.01],[66.71,2.01],[66.71,1.99],[66.75,1.99],[66.75,1.93],[66.71,1.91],[66.64,1.89],[66.53,1.89],[66.5,1.91],[66.46,1.94],[66.43,1.96],[66.43,1.99],[66.39,1.99],[66.39,1.98],[66.35,1.96],[66.35,1.93],[66.28,1.89],[66.21,1.89],[66.17,1.91],[66.17,1.93],[66.14,1.94],[66.14,1.96],[66.1,1.98],[66.1,1.99],[66.07,1.98],[66.07,1.96],[66.03,1.93],[66.03,1.91],[65.99,1.89],[65.96,1.89],[65.85,1.94],[65.81,1.98],[65.78,2.03],[65.71,2.08],[65.67,2.13],[65.67,2.18],[65.63,2.22],[65.67,2.25],[65.67,2.29],[65.71,2.3],[65.78,2.3],[65.85,2.34],[65.85,2.37],[65.81,2.37],[65.81,2.39],[65.74,2.39],[65.71,2.41],[65.67,2.41],[65.67,2.42],[65.63,2.44],[65.63,2.49],[65.6,2.49],[65.6,2.51],[65.53,2.51],[65.49,2.52],[65.42,2.56],[65.42,2.58],[65.38,2.59],[65.38,2.63],[65.35,2.64],[65.35,2.66],[65.27,2.68],[65.24,2.68],[65.2,2.7],[65.09,2.7],[65.09,2.71],[65.06,2.71],[65.06,2.76],[65.02,2.76],[65.02,2.78],[64.99,2.78],[64.99,2.8],[64.88,2.8],[64.84,2.82],[64.81,2.82],[64.73,2.85],[64.73,2.88],[64.7,2.88],[64.7,2.9],[64.66,2.9],[64.59,2.94],[64.55,2.97],[64.52,2.99],[64.48,3.02],[64.45,3.06],[64.41,3.11],[64.37,3.14],[64.3,3.18],[64.23,3.24],[64.19,3.26],[64.19,3.29],[64.16,3.29],[64.09,3.33],[64.05,3.33],[64.01,3.36],[64.01,3.4],[63.98,3.41],[63.94,3.45],[63.94,3.47],[63.91,3.48],[63.87,3.48],[63.83,3.48],[63.8,3.5],[63.73,3.5],[63.73,3.52],[63.69,3.52],[63.65,3.53],[63.62,3.57],[63.62,3.59],[63.58,3.6],[63.58,3.64],[63.51,3.65],[63.47,3.69],[63.37,3.69],[63.37,3.65],[63.33,3.64],[63.33,3.62],[63.29,3.62],[63.26,3.64],[63.22,3.65],[63.19,3.69],[63.19,3.72],[63.15,3.76],[63.15,3.79],[81.57,3.79]],[[82.66,3.45],[82.66,3.48],[82.62,3.48],[82.62,3.5],[82.59,3.5],[82.59,3.48],[82.55,3.48],[82.55,3.41],[82.59,3.41],[82.59,3.4],[82.62,3.4],[82.62,3.43],[82.66,3.43],[82.66,3.45]],[[83.2,3.45],[83.2,3.48],[83.2,3.5],[83.16,3.48],[83.16,3.4],[83.2,3.4],[83.2,3.41],[83.2,3.45]],[[79.64,3.33],[79.64,3.36],[79.64,3.38],[79.6,3.4],[79.56,3.38],[79.56,3.23],[79.6,3.21],[79.64,3.21],[79.64,3.19],[79.78,3.19],[79.82,3.16],[79.82,3.14],[79.92,3.11],[80.0,3.11],[80.07,3.09],[80.1,3.09],[80.14,3.07],[80.14,3.04],[80.14,3.02],[80.14,3.0],[80.21,3.0],[80.28,3.0],[80.43,3.02],[80.46,3.07],[80.5,3.11],[80.5,3.16],[80.5,3.28],[80.46,3.33],[80.32,3.38],[80.28,3.4],[80.1,3.4],[79.96,3.36],[79.92,3.33],[79.92,3.31],[79.89,3.31],[79.89,3.33],[79.82,3.33],[79.82,3.36],[79.78,3.38],[79.78,3.4],[79.78,3.38],[79.74,3.36],[79.74,3.33],[79.71,3.33],[79.71,3.31],[79.64,3.31],[79.64,3.33]],[[79.46,3.16],[79.46,3.23],[79.42,3.26],[79.42,3.28],[79.38,3.29],[79.35,3.29],[79.28,3.31],[79.17,3.31],[79.1,3.29],[79.06,3.28],[79.06,3.02],[79.1,3.0],[79.35,3.0],[79.42,3.02],[79.42,3.04],[79.46,3.07],[79.46,3.16]],[[82.37,3.14],[82.3,3.16],[82.26,3.18],[82.23,3.19],[82.12,3.19],[82.05,3.14],[82.05,3.04],[82.08,3.02],[82.08,3.0],[82.12,3.0],[82.3,3.0],[82.37,3.0],[82.41,3.0],[82.44,3.02],[82.44,3.06],[82.41,3.09],[82.37,3.14]],[[78.84,3.0],[78.84,3.07],[78.81,3.07],[78.74,3.09],[78.7,3.11],[78.56,3.11],[78.56,3.09],[78.52,3.09],[78.45,3.06],[78.45,2.95],[78.48,2.94],[78.48,2.92],[78.52,2.9],[78.74,2.9],[78.84,2.94],[78.84,3.0]],[[75.64,2.95],[75.64,3.0],[75.57,3.0],[75.57,2.97],[75.53,2.97],[75.53,2.94],[75.57,2.94],[75.57,2.9],[75.64,2.9],[75.64,2.95]],[[73.16,2.66],[73.16,2.68],[73.12,2.68],[73.12,2.7],[73.09,2.7],[73.09,2.68],[73.05,2.68],[73.05,2.61],[73.09,2.61],[73.09,2.59],[73.12,2.59],[73.12,2.61],[73.16,2.63],[73.16,2.66]],[[66.25,2.15],[66.25,2.18],[66.21,2.2],[66.17,2.2],[66.17,2.18],[66.14,2.17],[66.14,2.13],[66.17,2.11],[66.17,2.1],[66.21,2.1],[66.21,2.11],[66.25,2.11],[66.25,2.15]]]}},{"type":"Feature","properties":{"precip":10},"geometry":{"type":"Polygon","coordinates":[[[91.37,3.79],[91.37,3.72],[91.41,3.71],[91.41,3.65],[91.48,3.64],[91.48,3.62],[91.51,3.62],[91.51,3.64],[91.55,3.64],[91.55,3.65],[91.59,3.67],[91.59,3.71],[91.59,3.79],[92.27,3.79],[92.27,3.76],[92.31,3.65],[92.38,3.64],[92.38,3.62],[92.41,3.62],[92.45,3.64],[92.45,3.65],[92.56,3.69],[92.67,3.69],[92.77,3.64],[92.77,3.62],[92.81,3.62],[92.81,3.64],[92.85,3.65],[92.92,3.71],[92.92,3.76],[92.94,3.79],[93.35,3.79],[93.35,3.74],[93.39,3.72],[93.39,3.71],[93.39,3.72],[93.46,3.74],[93.46,3.77],[93.49,3.79],[99.14,3.79],[99.14,0.35],[99.07,0.32],[99.07,0.3],[99.07,0.2],[99.14,0.2],[99.14,-4.16],[99.04,-4.06],[98.97,-4.01],[98.89,-3.99],[98.82,-3.99],[98.75,-4.01],[98.71,-4.05],[98.71,-4.34],[98.75,-4.37],[98.86,-4.41],[98.97,-4.41],[99.04,-4.42],[99.04,-4.47],[99.07,-4.47],[99.07,-4.49],[99.14,-4.49],[99.14,-4.75],[99.07,-4.8],[98.97,-4.8],[98.89,-4.8],[98.86,-4.8],[98.71,-4.8],[98.64,-4.76],[98.64,-4.73],[98.57,-4.7],[98.5,-4.7],[98.46,-4.71],[98.46,-4.76],[98.39,-4.8],[98.32,-4.8],[98.28,-4.8],[98.17,-4.78],[98.17,-4.75],[98.14,-4.73],[98.14,-4.66],[98.17,-4.64],[98.17,-4.63],[98.21,-4.61],[98.39,-4.61],[98.5,-4.58],[98.53,-4.58],[98.53,-4.47],[98.53,-4.41],[98.64,-4.39],[98.64,-4.32],[98.53,-4.3],[98.32,-4.3],[98.21,-4.25],[98.21,-4.13],[98.21,-4.1],[98.14,-4.06],[98.14,-4.03],[98.21,-3.99],[98.28,-3.99],[98.32,-3.99],[98.32,-3.96],[98.35,-3.94],[98.35,-3.84],[98.39,-3.82],[98.39,-3.79],[98.39,-3.76],[98.46,-3.76],[98.39,-3.74],[98.39,-3.72],[98.39,-3.7],[98.39,-3.69],[98.35,-3.67],[98.35,-3.62],[98.39,-3.62],[98.39,-3.6],[98.39,-3.62],[98.39,-3.64],[98.46,-3.64],[98.46,-3.67],[98.5,-3.69],[98.53,-3.69],[98.53,-3.64],[98.53,-3.62],[98.57,-3.62],[98.57,-3.6],[98.68,-3.6],[98.71,-3.57],[98.71,-3.53],[98.75,-3.52],[98.82,-3.52],[98.82,-3.5],[98.89,-3.5],[98.89,-3.48],[98.89,-3.41],[98.97,-3.4],[98.97,-3.31],[99.04,-3.31],[99.04,-3.36],[99.07,-3.38],[99.07,-3.4],[99.07,-3.38],[99.14,-3.36],[99.14,-2.71],[99.04,-2.66],[99.04,-2.63],[99.0,-2.61],[98.97,-2.63],[98.97,-2.68],[98.89,-2.69],[98.89,-2.71],[98.89,-2.69],[98.86,-2.69],[98.86,-2.56],[98.82,-2.54],[98.82,-2.52],[98.75,-2.51],[98.68,-2.51],[98.68,-2.52],[98.64,-2.54],[98.64,-2.59],[98.53,-2.59],[98.53,-2.54],[98.53,-2.52],[98.53,-2.42],[98.46,-2.4],[98.39,-2.4],[98.39,-2.39],[98.35,-2.37],[98.35,-2.25],[98.32,-2.23],[98.32,-2.2],[98.28,-2.2],[98.28,-2.18],[98.21,-2.16],[98.21,-2.15],[98.28,-2.13],[98.28,-2.1],[98.32,-2.08],[98.35,-2.06],[98.35,-2.03],[98.39,-2.03],[98.39,-2.01],[98.39,-2.04],[98.46,-2.06],[98.46,-2.08],[98.5,-2.1],[98.53,-2.1],[98.64,-2.1],[98.68,-2.11],[98.71,-2.11],[98.71,-2.13],[98.71,-2.16],[98.75,-2.18],[98.75,-2.2],[98.82,-2.2],[98.82,-2.16],[98.86,-2.15],[98.86,-2.13],[98.89,-2.11],[98.89,-2.1],[98.89,-2.18],[98.89,-2.2],[98.86,-2.23],[98.86,-2.4],[98.89,-2.4],[98.89,-2.39],[98.97,-2.35],[99.0,-2.3],[99.0,-2.27],[99.04,-2.23],[99.04,-2.08],[99.07,-2.06],[99.07,-2.01],[99.07,-1.99],[99.07,-2.01],[99.14,-2.01],[99.14,-1.77],[99.04,-1.74],[98.97,-1.65],[98.86,-1.58],[98.71,-1.39],[98.68,-1.36],[98.68,-1.33],[98.64,-1.29],[98.64,-1.24],[98.57,-1.22],[98.57,-1.17],[98.53,-1.14],[98.5,-1.12],[98.5,-1.1],[98.46,-1.07],[98.46,-0.97],[98.39,-0.95],[98.39,-0.91],[98.35,-0.9],[98.1,-0.9],[98.1,-0.88],[98.03,-0.86],[98.03,-0.81],[98.03,-0.78],[98.03,-0.73],[97.96,-0.69],[97.92,-0.69],[97.85,-0.66],[97.85,-0.52],[97.81,-0.5],[97.78,-0.5],[97.78,-0.47],[97.74,-0.44],[97.74,-0.26],[97.67,-0.26],[97.67,-0.18],[97.63,-0.16],[97.6,-0.13],[97.6,-0.08],[97.56,-0.02],[97.56,0.1],[97.6,0.11],[97.63,0.11],[97.63,0.18],[97.6,0.18],[97.6,0.2],[97.49,0.2],[97.49,0.23],[97.45,0.25],[97.45,0.39],[97.49,0.39],[97.49,0.4],[97.49,0.49],[97.56,0.52],[97.56,0.78],[97.6,0.78],[97.63,0.78],[97.63,0.92],[97.6,0.97],[97.49,1.07],[97.49,1.12],[97.42,1.16],[97.38,1.19],[97.31,1.21],[97.27,1.22],[97.24,1.26],[97.2,1.29],[97.13,1.34],[97.13,1.41],[97.13,1.43],[97.02,1.57],[96.95,1.62],[96.91,1.67],[96.84,1.7],[96.77,1.7],[96.77,1.67],[96.73,1.67],[96.73,1.62],[96.7,1.6],[96.59,1.6],[96.59,1.58],[96.59,1.57],[96.55,1.57],[96.55,1.55],[96.52,1.55],[96.52,1.5],[96.48,1.52],[96.48,1.53],[96.41,1.55],[96.41,1.57],[96.41,1.58],[96.37,1.58],[96.37,1.57],[96.34,1.57],[96.34,1.55],[96.3,1.52],[96.3,1.5],[96.23,1.48],[96.23,1.38],[96.23,1.36],[96.23,1.31],[96.16,1.28],[96.16,1.16],[96.12,1.14],[96.12,1.09],[96.05,1.09],[96.05,1.1],[96.05,1.17],[96.01,1.17],[95.98,1.19],[95.94,1.19],[95.87,1.21],[95.69,1.21],[95.65,1.24],[95.65,1.28],[95.62,1.28],[95.62,1.29],[95.58,1.29],[95.58,1.28],[95.51,1.28],[95.51,1.16],[95.51,1.12],[95.51,1.1],[95.47,1.09],[95.47,1.07],[95.44,1.05],[95.33,0.98],[95.33,0.92],[95.4,0.9],[95.47,0.83],[95.47,0.81],[95.51,0.78],[95.51,0.75],[95.51,0.63],[95.58,0.63],[95.58,0.61],[95.62,0.61],[95.62,0.57],[95.65,0.56],[95.65,0.42],[95.69,0.4],[95.69,0.35],[95.76,0.33],[95.76,0.27],[95.69,0.25],[95.69,0.2],[95.69,0.18],[95.65,0.16],[95.65,-0.04],[95.62,-0.11],[95.62,-0.16],[95.58,-0.21],[95.51,-0.28],[95.47,-0.3],[95.44,-0.3],[95.33,-0.33],[95.33,-0.67],[95.4,-0.69],[95.4,-0.71],[95.44,-0.73],[95.44,-1.07],[95.4,-1.09],[95.4,-1.1],[95.33,-1.1],[95.33,-1.05],[95.33,-1.03],[95.33,-1.02],[95.29,-1.02],[95.26,-1.0],[95.04,-1.0],[94.93,-1.05],[94.93,-1.09],[94.9,-1.1],[94.9,-1.12],[94.86,-1.14],[94.79,-1.15],[94.79,-1.17],[94.79,-1.19],[94.75,-1.19],[94.75,-1.21],[94.72,-1.21],[94.61,-1.24],[94.61,-1.36],[94.68,-1.38],[94.72,-1.38],[94.75,-1.39],[94.9,-1.39],[94.97,-1.41],[95.22,-1.41],[95.26,-1.43],[95.29,-1.43],[95.33,-1.46],[95.33,-1.48],[95.4,-1.48],[95.44,-1.46],[95.47,-1.44],[95.47,-1.41],[95.51,-1.38],[95.51,-1.36],[95.58,-1.33],[95.62,-1.31],[95.69,-1.31],[95.69,-1.29],[96.01,-1.29],[96.12,-1.31],[96.19,-1.33],[96.23,-1.36],[96.3,-1.39],[96.34,-1.44],[96.34,-1.67],[96.3,-1.68],[96.3,-1.7],[96.23,-1.7],[96.05,-1.74],[96.01,-1.77],[95.98,-1.82],[95.87,-1.89],[95.87,-1.92],[95.87,-1.98],[95.87,-2.01],[95.87,-2.03],[95.94,-2.04],[95.94,-2.08],[95.87,-2.1],[95.87,-2.23],[95.83,-2.3],[95.83,-2.39],[95.87,-2.44],[95.87,-2.49],[95.87,-2.51],[95.94,-2.51],[95.94,-2.57],[95.87,-2.57],[95.87,-2.59],[95.8,-2.59],[95.8,-2.61],[95.76,-2.61],[95.76,-2.66],[95.69,-2.68],[95.69,-2.69],[95.65,-2.71],[95.58,-2.71],[95.58,-2.73],[95.51,-2.73],[95.51,-2.76],[95.51,-2.78],[95.47,-2.78],[95.44,-2.8],[95.15,-2.8],[95.11,-2.81],[95.08,-2.81],[95.04,-2.83],[95.04,-2.85],[95.11,-2.9],[95.11,-2.93],[95.15,-2.97],[95.22,-3.0],[95.29,-3.0],[95.33,-3.02],[95.33,-3.04],[95.33,-3.05],[95.33,-3.07],[95.4,-3.09],[95.4,-3.07],[95.44,-3.05],[95.51,-3.02],[95.58,-3.0],[95.76,-3.0],[95.8,-3.02],[95.83,-3.02],[95.83,-3.19],[95.87,-3.21],[95.87,-3.29],[95.87,-3.31],[95.94,-3.31],[95.94,-3.36],[95.87,-3.38],[95.87,-3.4],[95.69,-3.4],[95.69,-3.41],[95.65,-3.43],[95.65,-3.46],[95.62,-3.48],[95.62,-3.5],[95.51,-3.5],[95.51,-3.52],[95.47,-3.52],[95.47,-3.53],[95.44,-3.53],[95.44,-3.55],[95.51,-3.58],[95.62,-3.6],[95.8,-3.6],[95.83,-3.58],[95.87,-3.58],[95.87,-3.57],[95.94,-3.57],[95.94,-3.55],[95.98,-3.53],[96.12,-3.5],[96.23,-3.5],[96.37,-3.52],[96.52,-3.53],[96.55,-3.55],[96.59,-3.58],[96.59,-3.6],[96.59,-3.58],[96.59,-3.55],[96.73,-3.52],[96.84,-3.52],[96.91,-3.5],[97.24,-3.5],[97.31,-3.48],[97.31,-3.46],[97.31,-3.43],[97.42,-3.4],[97.49,-3.4],[97.49,-3.41],[97.49,-3.43],[97.56,-3.45],[97.56,-3.46],[97.63,-3.5],[97.78,-3.5],[97.81,-3.52],[97.85,-3.52],[97.85,-3.53],[97.92,-3.53],[97.96,-3.53],[97.96,-3.55],[97.99,-3.58],[97.99,-3.6],[98.03,-3.58],[98.03,-3.55],[98.03,-3.53],[98.03,-3.52],[98.1,-3.5],[98.1,-3.52],[98.14,-3.53],[98.14,-3.82],[98.03,-3.87],[97.99,-3.89],[97.2,-3.89],[97.09,-3.91],[97.02,-3.93],[96.95,-3.96],[96.95,-4.17],[96.91,-4.17],[96.91,-4.2],[96.88,-4.2],[96.88,-4.23],[96.84,-4.25],[96.84,-4.35],[96.73,-4.41],[96.59,-4.41],[96.55,-4.44],[96.55,-4.47],[96.59,-4.49],[96.73,-4.49],[96.77,-4.53],[96.91,-4.63],[96.95,-4.64],[96.95,-4.66],[96.84,-4.7],[96.55,-4.7],[96.41,-4.68],[96.34,-4.64],[96.34,-4.63],[96.23,-4.63],[96.23,-4.64],[96.19,-4.68],[96.19,-4.71],[96.16,-4.75],[96.05,-4.8],[95.98,-4.8],[95.94,-4.83],[95.94,-4.88],[95.87,-4.9],[95.8,-4.9],[95.76,-4.94],[95.76,-5.04],[95.69,-5.07],[95.69,-5.11],[95.65,-5.09],[95.65,-5.04],[95.62,-5.0],[95.47,-5.0],[95.47,-5.04],[95.44,-5.04],[95.44,-5.09],[95.33,-5.09],[95.33,-5.11],[95.26,-5.11],[95.15,-5.12],[95.15,-5.16],[95.11,-5.19],[95.04,-5.19],[95.04,-5.21],[94.97,-5.21],[94.93,-5.24],[94.93,-5.28],[94.9,-5.28],[94.79,-5.28],[94.72,-5.3],[94.32,-5.3],[94.21,-5.31],[94.14,-5.33],[94.14,-5.36],[94.03,-5.4],[93.75,-5.4],[93.75,-5.41],[93.64,-5.41],[93.57,-5.43],[93.57,-5.45],[93.53,-5.45],[93.53,-5.48],[93.49,-5.5],[93.39,-5.5],[93.39,-5.52],[93.28,-5.6],[93.28,-5.64],[93.21,-5.69],[93.21,-5.76],[93.21,-5.79],[93.03,-5.79],[92.95,-5.83],[92.95,-5.88],[92.85,-5.91],[92.74,-5.95],[92.74,-5.96],[92.67,-6.05],[92.67,-6.12],[92.63,-6.13],[92.63,-6.18],[92.56,-6.2],[92.45,-6.2],[92.38,-6.22],[92.31,-6.24],[92.31,-6.27],[92.27,-6.29],[92.27,-6.3],[92.2,-6.3],[92.13,-6.32],[92.13,-6.37],[92.09,-6.39],[92.02,-6.39],[91.95,-6.42],[91.95,-6.48],[91.84,-6.49],[91.77,-6.51],[91.59,-6.51],[91.55,-6.54],[91.59,-6.58],[91.59,-6.61],[91.66,-6.65],[91.73,-6.72],[91.73,-6.75],[91.77,-6.75],[91.69,-6.8],[91.59,-6.8],[91.55,-6.78],[91.48,-6.78],[91.41,-6.75],[91.41,-6.72],[91.37,-6.72],[91.37,-6.73],[91.3,-6.78],[91.3,-6.82],[91.23,-6.85],[91.23,-6.87],[91.05,-6.94],[91.01,-7.01],[90.94,-7.04],[90.94,-7.06],[90.87,-7.09],[90.51,-7.09],[90.43,-7.04],[90.4,-7.02],[90.33,-7.01],[90.15,-7.01],[90.15,-7.02],[90.07,-7.02],[90.04,-7.04],[90.04,-7.07],[89.97,-7.09],[89.93,-7.09],[89.86,-7.13],[89.86,-7.18],[89.79,-7.18],[89.79,-7.19],[89.71,-7.19],[89.71,-7.21],[89.61,-7.25],[89.61,-7.26],[89.57,-7.31],[89.57,-7.35],[89.53,-7.37],[89.43,-7.38],[89.43,-7.35],[89.35,-7.31],[89.25,-7.3],[89.17,-7.33],[89.1,-7.35],[88.99,-7.4],[88.74,-7.4],[88.67,-7.37],[88.63,-7.33],[88.63,-7.19],[88.56,-7.19],[88.56,-7.07],[88.53,-7.06],[88.53,-7.01],[88.45,-6.97],[88.45,-6.63],[88.53,-6.58],[88.53,-6.53],[88.56,-6.49],[88.56,-6.41],[88.67,-6.24],[88.71,-6.18],[88.81,-6.12],[88.89,-6.12],[88.92,-6.07],[88.92,-6.03],[88.99,-6.0],[89.1,-6.0],[89.1,-5.98],[89.1,-5.93],[89.17,-5.91],[89.21,-5.91],[89.25,-5.88],[89.35,-5.86],[89.35,-5.83],[89.43,-5.76],[89.43,-5.74],[89.43,-5.71],[89.43,-5.65],[89.43,-5.62],[89.35,-5.55],[89.25,-5.52],[89.1,-5.5],[88.99,-5.5],[88.92,-5.48],[88.85,-5.47],[88.85,-5.43],[88.74,-5.41],[88.67,-5.4],[88.56,-5.4],[88.56,-5.41],[88.49,-5.41],[88.45,-5.43],[88.45,-5.47],[88.38,-5.47],[88.38,-5.5],[88.28,-5.5],[88.2,-5.53],[88.2,-5.57],[88.17,-5.6],[88.02,-5.6],[87.99,-5.6],[87.92,-5.6],[87.84,-5.64],[87.84,-5.67],[87.81,-5.67],[87.74,-5.71],[87.48,-5.71],[87.45,-5.74],[87.45,-5.76],[87.38,-5.77],[87.38,-5.79],[87.2,-5.79],[87.05,-5.83],[87.05,-5.86],[86.94,-5.89],[86.87,-5.91],[86.76,-5.91],[86.76,-5.89],[86.69,-5.89],[86.66,-5.88],[86.66,-5.83],[86.58,-5.79],[86.48,-5.79],[86.4,-5.76],[86.4,-5.72],[86.4,-5.71],[86.3,-5.71],[86.22,-5.76],[86.22,-5.86],[86.37,-5.96],[86.37,-5.98],[86.4,-5.98],[86.4,-5.95],[86.48,-5.93],[86.48,-5.91],[86.51,-5.91],[86.55,-5.93],[86.55,-5.96],[86.48,-6.03],[86.37,-6.07],[86.22,-6.12],[86.15,-6.12],[86.04,-6.12],[86.01,-6.18],[85.97,-6.24],[85.86,-6.29],[85.79,-6.3],[85.68,-6.3],[85.61,-6.29],[85.5,-6.24],[85.5,-6.13],[85.5,-6.12],[85.25,-6.12],[85.14,-6.13],[85.14,-6.17],[85.07,-6.2],[84.93,-6.2],[84.86,-6.17],[84.86,-6.08],[84.78,-6.05],[84.78,-6.01],[84.78,-5.96],[84.64,-5.91],[84.6,-5.91],[84.57,-5.89],[84.57,-5.86],[84.53,-5.86],[84.53,-5.81],[84.42,-5.79],[84.35,-5.83],[84.35,-5.88],[84.28,-5.88],[84.28,-5.91],[84.21,-5.91],[84.1,-5.95],[84.1,-6.0],[84.03,-6.07],[83.92,-6.12],[83.85,-6.08],[83.74,-6.05],[83.67,-5.98],[83.67,-5.93],[83.74,-5.89],[83.74,-5.84],[83.63,-5.79],[83.52,-5.79],[83.49,-5.81],[83.38,-5.81],[83.34,-5.84],[83.34,-5.88],[83.2,-5.89],[83.2,-5.91],[83.02,-5.91],[82.95,-5.93],[82.95,-5.98],[82.91,-6.0],[82.84,-6.0],[82.77,-6.03],[82.77,-6.07],[82.73,-6.12],[82.73,-6.18],[82.66,-6.2],[82.62,-6.13],[82.59,-6.12],[82.55,-6.13],[82.55,-6.17],[82.48,-6.18],[82.48,-6.24],[82.41,-6.29],[82.3,-6.24],[82.3,-6.13],[82.3,-6.12],[82.12,-6.12],[82.05,-6.07],[82.05,-6.03],[82.12,-5.98],[82.12,-5.91],[82.01,-5.83],[81.94,-5.79],[81.87,-5.77],[81.87,-5.72],[81.83,-5.71],[81.83,-5.62],[81.76,-5.6],[81.72,-5.6],[81.69,-5.57],[81.58,-5.53],[81.58,-5.5],[81.58,-5.48],[81.58,-5.45],[81.54,-5.43],[81.47,-5.4],[81.47,-5.43],[81.4,-5.45],[81.4,-5.57],[81.4,-5.6],[81.18,-5.6],[81.11,-5.59],[81.04,-5.55],[81.0,-5.5],[80.97,-5.48],[80.97,-5.45],[80.86,-5.41],[80.82,-5.4],[80.75,-5.36],[80.75,-5.24],[80.79,-5.21],[80.86,-5.19],[80.93,-5.19],[80.93,-5.11],[80.86,-5.07],[80.86,-5.02],[80.93,-4.99],[80.93,-4.82],[80.86,-4.8],[80.75,-4.78],[80.75,-4.75],[80.68,-4.71],[80.61,-4.7],[80.5,-4.7],[80.46,-4.71],[80.39,-4.71],[80.32,-4.76],[80.32,-4.8],[80.28,-4.8],[80.28,-4.76],[80.25,-4.71],[80.14,-4.7],[80.14,-4.73],[80.14,-4.76],[80.14,-4.88],[80.07,-4.9],[80.07,-4.87],[80.0,-4.85],[80.0,-4.82],[79.96,-4.8],[79.89,-4.8],[79.82,-4.8],[79.78,-4.8],[79.74,-4.76],[79.74,-4.56],[79.78,-4.54],[79.78,-4.49],[79.78,-4.46],[79.82,-4.44],[79.82,-4.23],[79.89,-4.2],[79.96,-4.2],[80.0,-4.18],[80.0,-4.15],[80.07,-4.13],[80.21,-4.1],[80.28,-4.1],[80.39,-4.11],[80.46,-4.11],[80.57,-4.17],[80.57,-4.18],[80.61,-4.2],[80.61,-4.17],[80.64,-4.17],[80.64,-4.13],[80.68,-4.1],[80.82,-4.1],[80.82,-4.06],[80.86,-4.06],[80.86,-4.01],[80.93,-3.99],[81.04,-3.99],[81.11,-3.98],[81.15,-3.98],[81.15,-3.93],[81.18,-3.91],[81.22,-3.91],[81.22,-3.89],[81.29,-3.89],[81.33,-3.87],[81.33,-3.86],[81.36,-3.86],[81.36,-3.84],[81.33,-3.84],[81.33,-3.82],[81.29,-3.82],[81.29,-3.81],[81.15,-3.81],[81.11,-3.79],[81.04,-3.79],[81.04,-3.77],[81.04,-3.76],[81.15,-3.67],[81.15,-3.64],[81.18,-3.62],[81.18,-3.6],[81.22,-3.6],[81.22,-3.64],[81.22,-3.67],[81.4,-3.69],[81.69,-3.69],[81.72,-3.69],[81.76,-3.65],[81.76,-3.62],[81.76,-3.6],[81.9,-3.6],[81.9,-3.58],[81.94,-3.57],[81.94,-3.53],[82.01,-3.52],[82.08,-3.52],[82.12,-3.5],[82.3,-3.5],[82.3,-3.48],[82.3,-3.21],[82.37,-3.19],[82.37,-3.1],[82.41,-3.1],[82.41,-3.09],[82.44,-3.07],[82.44,-2.93],[82.37,-2.9],[82.19,-2.9],[82.12,-2.88],[82.08,-2.88],[82.05,-2.85],[82.05,-2.73],[82.08,-2.73],[82.08,-2.71],[82.12,-2.69],[82.12,-2.68],[82.12,-2.64],[82.12,-2.57],[82.12,-2.54],[82.12,-2.51],[82.08,-2.49],[82.08,-2.47],[82.05,-2.47],[82.05,-2.42],[82.08,-2.42],[82.08,-2.4],[82.12,-2.4],[82.12,-2.3],[82.08,-2.27],[82.05,-2.25],[82.01,-2.23],[81.87,-2.2],[81.83,-2.2],[81.76,-2.23],[81.76,-2.25],[81.72,-2.27],[81.69,-2.27],[81.69,-2.28],[81.65,-2.28],[81.58,-2.3],[81.4,-2.3],[81.36,-2.28],[81.33,-2.28],[81.29,-2.27],[81.22,-2.27],[81.22,-2.23],[81.22,-2.22],[81.18,-2.22],[81.18,-2.2],[81.11,-2.2],[81.11,-2.22],[81.04,-2.22],[81.04,-2.25],[81.04,-2.39],[80.97,-2.4],[80.97,-2.45],[80.93,-2.47],[80.93,-2.59],[80.86,-2.59],[80.86,-2.61],[80.86,-2.63],[80.86,-2.78],[80.82,-2.81],[80.82,-2.87],[80.79,-2.88],[80.79,-2.92],[80.75,-2.95],[80.68,-2.99],[80.64,-2.99],[80.57,-3.0],[80.5,-3.0],[80.46,-2.97],[80.46,-2.93],[80.43,-2.93],[80.43,-2.92],[80.39,-2.9],[80.28,-2.9],[80.28,-2.92],[80.25,-2.92],[80.25,-2.97],[80.21,-2.99],[80.14,-2.99],[80.14,-3.0],[80.1,-3.0],[79.96,-3.05],[79.78,-3.21],[79.74,-3.22],[79.74,-3.26],[79.64,-3.29],[79.56,-3.33],[79.56,-3.4],[79.53,-3.43],[79.53,-3.48],[79.46,-3.5],[79.46,-3.52],[79.46,-3.53],[79.46,-3.55],[79.42,-3.57],[79.42,-3.58],[79.38,-3.62],[79.38,-3.64],[79.35,-3.67],[79.35,-3.81],[79.28,-3.84],[79.28,-3.89],[79.2,-3.99],[79.1,-3.99],[79.02,-3.99],[78.92,-4.01],[78.92,-4.08],[79.02,-4.11],[79.06,-4.15],[79.02,-4.18],[78.92,-4.17],[78.92,-4.15],[78.88,-4.11],[78.81,-4.11],[78.74,-4.1],[78.56,-4.1],[78.56,-4.06],[78.56,-3.84],[78.56,-3.82],[78.56,-3.81],[78.63,-3.79],[78.63,-3.74],[78.66,-3.72],[78.66,-3.64],[78.74,-3.6],[78.92,-3.6],[78.99,-3.58],[79.02,-3.58],[79.02,-3.55],[79.06,-3.53],[79.06,-3.43],[79.1,-3.4],[79.1,-3.38],[79.1,-3.36],[79.17,-3.34],[79.2,-3.31],[79.2,-3.28],[79.24,-3.24],[79.24,-3.14],[79.2,-3.12],[79.2,-3.1],[79.1,-3.1],[79.06,-3.12],[79.06,-3.16],[79.02,-3.17],[79.02,-3.19],[78.92,-3.21],[78.84,-3.19],[78.81,-3.19],[78.74,-3.12],[78.7,-3.1],[78.7,-3.09],[78.66,-3.05],[78.66,-2.88],[78.63,-2.85],[78.63,-2.81],[78.56,-2.81],[78.56,-2.83],[78.52,-2.87],[78.48,-2.9],[78.48,-2.92],[78.45,-2.93],[78.45,-2.95],[78.38,-2.97],[78.38,-2.99],[78.38,-3.0],[78.3,-3.0],[78.3,-3.02],[78.27,-3.02],[78.27,-3.04],[78.2,-3.05],[78.2,-3.09],[78.16,-3.09],[78.16,-3.1],[78.09,-3.1],[78.09,-3.12],[78.02,-3.12],[78.02,-3.17],[77.98,-3.21],[77.91,-3.21],[77.84,-3.21],[77.84,-3.24],[77.84,-3.26],[77.84,-3.38],[77.8,-3.38],[77.8,-3.4],[77.76,-3.4],[77.76,-3.34],[77.73,-3.33],[77.73,-3.31],[77.66,-3.31],[77.66,-3.33],[77.66,-3.45],[77.62,-3.46],[77.62,-3.5],[77.55,-3.5],[77.48,-3.52],[77.48,-3.53],[77.44,-3.55],[77.44,-3.69],[77.4,-3.69],[77.3,-3.69],[77.26,-3.72],[77.26,-3.74],[77.22,-3.76],[77.22,-3.81],[77.19,-3.81],[77.19,-3.79],[77.12,-3.77],[77.12,-3.74],[77.12,-3.72],[77.12,-3.7],[77.08,-3.7],[77.08,-3.72],[77.04,-3.74],[77.01,-3.77],[77.01,-3.79],[76.94,-3.82],[76.94,-3.87],[77.01,-3.89],[77.01,-3.93],[77.04,-3.94],[77.04,-3.96],[77.12,-3.98],[77.19,-3.99],[77.3,-3.99],[77.3,-4.01],[77.3,-4.08],[77.3,-4.1],[77.22,-4.1],[77.12,-4.13],[77.12,-4.17],[77.08,-4.2],[77.01,-4.2],[76.94,-4.25],[76.94,-4.39],[76.86,-4.39],[76.86,-4.3],[76.83,-4.27],[76.83,-4.22],[76.76,-4.2],[76.58,-4.2],[76.54,-4.23],[76.54,-4.29],[76.5,-4.3],[76.4,-4.3],[76.36,-4.32],[76.32,-4.37],[76.18,-4.49],[76.11,-4.49],[76.04,-4.51],[76.04,-4.56],[75.93,-4.59],[75.75,-4.59],[75.64,-4.61],[75.42,-4.61],[75.35,-4.59],[75.17,-4.59],[75.07,-4.56],[75.07,-4.51],[75.1,-4.49],[75.21,-4.49],[75.24,-4.47],[75.24,-4.44],[75.17,-4.41],[75.03,-4.41],[74.96,-4.42],[74.96,-4.47],[74.92,-4.47],[74.85,-4.49],[74.71,-4.49],[74.63,-4.51],[74.53,-4.56],[74.45,-4.64],[74.38,-4.68],[74.31,-4.7],[74.13,-4.7],[74.06,-4.66],[74.06,-4.64],[73.95,-4.61],[73.73,-4.61],[73.66,-4.64],[73.66,-4.66],[73.63,-4.66],[73.59,-4.7],[73.45,-4.7],[73.34,-4.75],[73.34,-4.8],[73.23,-4.8],[73.16,-4.78],[73.16,-4.75],[73.12,-4.71],[73.05,-4.7],[72.91,-4.7],[72.83,-4.64],[72.87,-4.64],[72.87,-4.61],[72.94,-4.59],[72.94,-4.53],[72.91,-4.49],[72.8,-4.49],[72.76,-4.47],[72.76,-4.44],[72.83,-4.37],[72.83,-4.35],[72.94,-4.32],[73.05,-4.3],[73.16,-4.3],[73.23,-4.27],[73.3,-4.22],[73.37,-4.2],[73.88,-4.2],[74.02,-4.22],[74.13,-4.23],[74.2,-4.3],[74.24,-4.29],[74.24,-4.25],[74.27,-4.22],[74.35,-4.2],[74.63,-4.2],[74.71,-4.22],[74.78,-4.27],[74.78,-4.3],[74.81,-4.3],[74.81,-4.27],[74.89,-4.2],[74.96,-4.2],[74.96,-4.18],[75.03,-4.17],[75.03,-4.15],[75.1,-4.11],[75.1,-4.08],[75.17,-4.05],[75.21,-4.01],[75.24,-4.01],[75.24,-4.06],[75.32,-4.1],[75.42,-4.1],[75.46,-4.05],[75.46,-3.99],[75.53,-3.99],[75.64,-4.03],[75.71,-4.1],[75.71,-4.15],[75.78,-4.17],[75.86,-4.2],[75.93,-4.18],[75.96,-4.13],[76.04,-4.1],[76.14,-4.1],[76.22,-4.06],[76.22,-4.01],[76.32,-3.98],[76.4,-3.91],[76.4,-3.86],[76.4,-3.84],[76.36,-3.81],[76.36,-3.72],[76.4,-3.7],[76.5,-3.69],[76.58,-3.69],[76.65,-3.67],[76.65,-3.64],[76.58,-3.6],[76.5,-3.6],[76.4,-3.57],[76.36,-3.53],[76.32,-3.53],[76.29,-3.5],[76.22,-3.48],[76.22,-3.43],[76.22,-3.4],[76.18,-3.36],[76.18,-3.31],[76.22,-3.29],[76.22,-3.26],[76.22,-3.24],[76.22,-3.22],[76.29,-3.21],[76.32,-3.21],[76.32,-3.22],[76.36,-3.28],[76.36,-3.29],[76.4,-3.31],[76.4,-3.29],[76.4,-3.28],[76.4,-3.1],[76.47,-3.05],[76.47,-3.02],[76.5,-3.02],[76.54,-3.0],[76.72,-3.0],[76.76,-3.02],[76.83,-3.02],[76.83,-3.05],[76.86,-3.05],[76.86,-3.09],[76.9,-3.09],[76.94,-3.07],[76.94,-2.88],[76.94,-2.87],[76.94,-2.8],[77.01,-2.8],[77.01,-2.78],[77.04,-2.76],[77.04,-2.64],[77.08,-2.63],[77.08,-2.61],[77.12,-2.61],[77.12,-2.59],[77.19,-2.59],[77.22,-2.57],[77.26,-2.57],[77.26,-2.54],[77.22,-2.52],[77.22,-2.51],[77.19,-2.51],[77.19,-2.49],[77.12,-2.49],[77.12,-2.42],[77.22,-2.4],[77.3,-2.4],[77.3,-2.39],[77.3,-2.33],[77.3,-2.32],[77.26,-2.32],[77.22,-2.3],[76.9,-2.3],[76.86,-2.32],[76.86,-2.54],[76.83,-2.57],[76.83,-2.69],[76.76,-2.69],[76.76,-2.71],[76.76,-2.73],[76.76,-2.87],[76.72,-2.88],[76.68,-2.9],[76.68,-2.88],[76.65,-2.88],[76.65,-2.83],[76.58,-2.83],[76.58,-2.81],[76.54,-2.8],[76.4,-2.8],[76.32,-2.78],[76.22,-2.75],[76.18,-2.69],[76.18,-2.63],[76.22,-2.59],[76.22,-2.57],[76.22,-2.56],[76.22,-2.54],[76.18,-2.51],[76.18,-2.47],[76.14,-2.45],[76.14,-2.37],[76.18,-2.32],[76.29,-2.23],[76.36,-2.22],[76.4,-2.22],[76.5,-2.2],[76.65,-2.2],[76.68,-2.18],[76.72,-2.18],[76.72,-2.16],[76.76,-2.16],[76.76,-2.11],[76.76,-2.1],[76.86,-2.1],[76.9,-2.1],[76.9,-2.08],[76.94,-2.06],[76.94,-1.94],[76.86,-1.86],[76.83,-1.84],[76.83,-1.82],[76.76,-1.8],[76.76,-1.87],[76.72,-1.89],[76.72,-1.91],[76.68,-1.91],[76.68,-1.89],[76.65,-1.87],[76.65,-1.74],[76.58,-1.72],[76.58,-1.7],[76.58,-1.68],[76.54,-1.68],[76.54,-1.65],[76.58,-1.62],[76.76,-1.62],[76.86,-1.62],[76.94,-1.65],[76.94,-1.68],[77.01,-1.7],[77.01,-1.72],[77.04,-1.74],[77.04,-1.77],[76.94,-1.8],[76.94,-1.91],[77.01,-1.92],[77.04,-1.94],[77.12,-1.98],[77.19,-1.99],[77.4,-1.99],[77.44,-1.98],[77.44,-1.92],[77.4,-1.92],[77.4,-1.91],[77.3,-1.91],[77.3,-1.89],[77.26,-1.89],[77.26,-1.82],[77.4,-1.79],[77.48,-1.79],[77.73,-1.84],[77.76,-1.86],[77.76,-1.89],[77.8,-1.91],[77.8,-1.89],[77.84,-1.87],[77.84,-1.86],[77.84,-1.82],[77.84,-1.8],[77.91,-1.8],[77.91,-1.82],[77.94,-1.84],[77.94,-1.86],[77.98,-1.89],[78.02,-1.92],[78.09,-1.99],[78.12,-1.99],[78.12,-1.98],[78.16,-1.94],[78.16,-1.8],[78.2,-1.8],[78.27,-1.87],[78.3,-1.92],[78.34,-1.92],[78.34,-1.96],[78.38,-1.98],[78.45,-1.96],[78.45,-1.92],[78.48,-1.92],[78.56,-1.91],[78.74,-1.91],[78.74,-1.89],[78.81,-1.89],[78.81,-1.87],[78.84,-1.87],[78.84,-1.82],[78.88,-1.8],[78.92,-1.8],[78.92,-1.79],[79.06,-1.84],[79.06,-1.89],[79.1,-1.89],[79.1,-1.84],[79.24,-1.79],[79.28,-1.8],[79.35,-1.82],[79.35,-1.87],[79.42,-1.91],[79.46,-1.91],[79.46,-1.89],[79.53,-1.89],[79.53,-1.87],[79.56,-1.86],[79.56,-1.8],[79.6,-1.8],[79.64,-1.79],[79.71,-1.79],[79.71,-1.77],[79.74,-1.77],[79.74,-1.65],[79.78,-1.63],[79.78,-1.62],[79.82,-1.6],[79.92,-1.6],[79.92,-1.56],[79.96,-1.55],[79.96,-1.43],[79.96,-1.41],[80.0,-1.41],[80.07,-1.39],[80.1,-1.39],[80.14,-1.38],[80.14,-1.33],[80.21,-1.29],[80.28,-1.29],[80.32,-1.26],[80.32,-1.24],[80.39,-1.22],[80.39,-1.21],[80.43,-1.17],[80.43,-1.15],[80.57,-1.1],[80.75,-1.1],[80.79,-1.09],[80.82,-1.09],[80.82,-1.07],[80.86,-1.07],[80.86,-1.03],[80.93,-1.0],[81.04,-1.0],[81.11,-0.98],[81.15,-0.98],[81.18,-0.98],[81.22,-0.98],[81.22,-0.97],[81.22,-0.95],[81.29,-0.93],[81.29,-0.9],[81.33,-0.91],[81.33,-0.97],[81.36,-0.97],[81.4,-0.98],[81.58,-0.98],[81.65,-1.0],[81.94,-1.0],[82.05,-1.02],[82.08,-1.02],[82.12,-1.03],[82.12,-1.07],[82.23,-1.1],[82.37,-1.1],[82.37,-1.12],[82.41,-1.12],[82.41,-1.14],[82.44,-1.14],[82.44,-1.17],[82.48,-1.19],[82.55,-1.19],[82.62,-1.17],[82.66,-1.15],[82.66,-1.14],[82.66,-1.1],[82.73,-1.05],[82.73,-0.93],[82.66,-0.9],[82.66,-0.88],[82.66,-0.86],[82.66,-0.83],[82.66,-0.81],[82.66,-0.79],[82.73,-0.78],[82.73,-0.54],[82.77,-0.5],[82.77,-0.42],[82.8,-0.4],[82.84,-0.4],[82.84,-0.38],[82.91,-0.38],[82.91,-0.37],[82.95,-0.35],[82.95,-0.23],[82.98,-0.21],[82.98,-0.2],[83.02,-0.2],[83.02,-0.18],[83.02,-0.16],[83.02,-0.02],[83.09,-0.01],[83.13,-0.01],[83.13,-0.06],[83.16,-0.08],[83.16,-0.18],[83.2,-0.2],[83.31,-0.2],[83.31,-0.21],[83.34,-0.21],[83.34,-0.26],[83.38,-0.26],[83.38,-0.28],[83.45,-0.3],[83.56,-0.3],[83.63,-0.32],[83.7,-0.32],[83.74,-0.33],[83.74,-0.45],[83.7,-0.5],[83.63,-0.56],[83.52,-0.61],[83.49,-0.61],[83.49,-0.64],[83.45,-0.64],[83.45,-0.76],[83.38,-0.78],[83.38,-0.81],[83.34,-0.83],[83.34,-0.86],[83.38,-0.86],[83.38,-0.88],[83.38,-0.9],[83.38,-0.93],[83.45,-0.95],[83.45,-0.98],[83.38,-0.98],[83.38,-1.0],[83.34,-1.03],[83.34,-1.05],[83.38,-1.09],[83.49,-1.1],[83.88,-1.1],[83.92,-1.09],[83.99,-1.09],[84.06,-1.05],[84.06,-1.03],[84.1,-1.03],[84.1,-1.02],[84.17,-1.02],[84.24,-1.0],[84.6,-1.0],[84.75,-0.98],[84.93,-0.98],[84.96,-0.98],[85.04,-0.97],[85.04,-0.9],[84.96,-0.9],[84.96,-0.81],[85.04,-0.81],[85.11,-0.78],[85.22,-0.67],[85.22,-0.61],[85.14,-0.61],[85.14,-0.57],[85.14,-0.56],[85.14,-0.45],[85.14,-0.44],[85.14,-0.42],[85.22,-0.42],[85.22,-0.4],[85.32,-0.4],[85.43,-0.37],[85.43,-0.26],[85.47,-0.21],[85.47,-0.11],[85.5,-0.11],[85.5,-0.09],[85.61,-0.09],[85.61,-0.08],[85.65,-0.08],[85.65,-0.02],[85.68,-0.02],[85.68,-0.01],[85.79,-0.01],[85.79,0.01],[85.83,0.01],[85.83,0.08],[85.86,0.11],[85.86,0.18],[85.83,0.21],[85.83,0.3],[85.79,0.3],[85.76,0.32],[85.76,0.45],[85.68,0.47],[85.68,0.49],[85.68,0.52],[85.65,0.52],[85.65,0.66],[85.68,0.68],[85.68,0.69],[85.79,0.69],[85.79,0.71],[85.86,0.71],[85.86,0.73],[85.86,0.75],[85.94,0.75],[85.97,0.76],[85.97,0.78],[86.01,0.78],[86.01,0.9],[85.97,0.93],[85.94,0.97],[85.86,1.02],[85.83,1.09],[85.76,1.12],[85.68,1.16],[85.68,1.17],[85.61,1.19],[85.5,1.19],[85.43,1.21],[85.11,1.21],[85.07,1.22],[84.96,1.22],[84.96,1.24],[84.96,1.26],[84.93,1.26],[84.93,1.28],[84.89,1.28],[84.86,1.29],[84.6,1.29],[84.57,1.33],[84.57,1.38],[84.53,1.41],[84.53,1.48],[84.46,1.48],[84.46,1.5],[84.35,1.5],[84.28,1.52],[84.28,1.53],[84.24,1.53],[84.24,1.57],[84.28,1.58],[84.39,1.58],[84.42,1.6],[84.57,1.6],[84.6,1.64],[84.6,1.7],[84.57,1.74],[84.53,1.74],[84.57,1.75],[84.57,1.77],[84.6,1.77],[84.6,1.79],[84.6,1.82],[84.6,1.96],[84.57,2.03],[84.53,2.06],[84.46,2.1],[84.42,2.1],[84.35,2.06],[84.35,1.94],[84.28,1.93],[84.28,1.89],[84.28,1.91],[84.24,1.91],[84.24,1.98],[84.21,1.99],[84.17,1.99],[84.17,2.01],[84.1,2.01],[84.1,2.03],[84.06,2.03],[84.06,2.05],[84.03,2.05],[84.03,2.08],[83.99,2.1],[83.99,2.13],[83.85,2.2],[83.74,2.2],[83.7,2.22],[83.56,2.22],[83.56,2.25],[83.52,2.27],[83.52,2.29],[83.49,2.29],[83.49,2.3],[83.38,2.3],[83.34,2.32],[83.34,2.35],[83.38,2.37],[83.38,2.39],[83.49,2.49],[83.52,2.49],[83.56,2.51],[83.67,2.47],[83.67,2.41],[83.7,2.41],[83.7,2.42],[83.74,2.44],[83.74,2.47],[83.81,2.51],[83.92,2.52],[83.99,2.58],[84.03,2.64],[84.1,2.7],[84.1,2.78],[84.1,3.07],[84.1,3.09],[84.1,3.11],[84.06,3.11],[84.06,3.07],[84.03,3.04],[84.03,3.0],[83.99,3.0],[83.92,3.02],[83.92,3.04],[83.92,3.06],[83.88,3.11],[83.88,3.14],[83.85,3.16],[83.88,3.18],[83.88,3.19],[84.1,3.19],[84.1,3.18],[84.1,3.16],[84.17,3.12],[84.17,3.11],[84.24,3.11],[84.28,3.12],[84.28,3.16],[84.39,3.18],[84.42,3.23],[84.46,3.24],[84.46,3.28],[84.46,3.31],[84.46,3.33],[84.53,3.35],[84.53,3.43],[84.57,3.45],[84.57,3.48],[84.6,3.48],[84.6,3.5],[84.64,3.5],[84.75,3.53],[84.75,3.65],[84.78,3.67],[84.78,3.69],[84.86,3.71],[84.93,3.71],[84.93,3.72],[84.96,3.74],[84.96,3.76],[84.93,3.76],[84.93,3.79],[91.37,3.79]],[[99.14,3.79],[98.86,3.79],[98.86,3.77],[98.82,3.74],[98.82,3.72],[98.75,3.71],[98.57,3.71],[98.57,3.72],[98.53,3.72],[98.53,3.74],[98.53,3.76],[98.53,3.79],[98.28,3.79],[98.28,3.77],[98.21,3.76],[98.21,3.64],[98.21,3.6],[98.17,3.59],[98.17,3.57],[98.14,3.55],[98.14,3.53],[98.1,3.52],[98.1,3.5],[98.03,3.48],[98.03,3.41],[98.1,3.41],[98.1,3.4],[98.17,3.4],[98.21,3.43],[98.21,3.48],[98.32,3.5],[98.35,3.48],[98.39,3.48],[98.5,3.4],[98.53,3.35],[98.53,3.33],[98.57,3.31],[98.64,3.33],[98.64,3.53],[98.68,3.55],[98.68,3.59],[98.71,3.59],[98.71,3.6],[98.89,3.6],[98.97,3.62],[99.0,3.62],[99.04,3.64],[99.04,3.65],[99.07,3.67],[99.07,3.69],[99.14,3.69],[99.14,3.79]],[[85.5,3.79],[85.5,3.72],[85.5,3.71],[85.5,3.69],[85.47,3.67],[85.47,3.64],[85.5,3.6],[85.5,3.59],[85.58,3.52],[85.61,3.5],[85.65,3.52],[85.65,3.76],[85.68,3.77],[85.68,3.79],[85.5,3.79]],[[93.46,3.55],[93.46,3.57],[93.39,3.59],[93.39,3.6],[93.39,3.59],[93.35,3.59],[93.35,3.52],[93.39,3.5],[93.39,3.52],[93.46,3.53],[93.46,3.55]],[[97.31,3.55],[97.31,3.59],[97.31,3.6],[97.27,3.6],[97.27,3.59],[97.24,3.57],[97.24,3.53],[97.27,3.52],[97.27,3.5],[97.31,3.5],[97.31,3.52],[97.31,3.55]],[[97.45,3.35],[97.45,3.38],[97.42,3.38],[97.42,3.4],[97.38,3.4],[97.38,3.36],[97.31,3.35],[97.31,3.24],[97.38,3.23],[97.38,3.21],[97.42,3.21],[97.45,3.19],[97.63,3.19],[97.67,3.21],[97.67,3.23],[97.74,3.23],[97.74,3.28],[97.67,3.28],[97.67,3.29],[97.63,3.31],[97.49,3.31],[97.45,3.33],[97.45,3.35]],[[98.03,3.35],[98.03,3.36],[98.03,3.4],[97.96,3.4],[97.96,3.31],[98.03,3.31],[98.03,3.33],[98.03,3.35]],[[98.21,3.24],[98.21,3.28],[98.21,3.29],[98.17,3.29],[98.17,3.31],[98.14,3.31],[98.1,3.29],[98.03,3.29],[98.03,3.24],[98.03,3.21],[97.99,3.21],[97.99,3.19],[97.85,3.19],[97.85,3.16],[97.85,3.14],[97.85,2.85],[97.85,2.83],[97.85,2.8],[97.92,2.8],[97.92,2.82],[97.96,2.83],[97.96,2.87],[97.99,2.88],[98.03,2.88],[98.03,2.9],[98.17,2.9],[98.21,2.94],[98.21,2.99],[98.21,3.0],[98.17,3.0],[98.17,3.04],[98.14,3.06],[98.14,3.14],[98.17,3.16],[98.17,3.19],[98.21,3.19],[98.21,3.21],[98.21,3.24]],[[98.46,3.23],[98.46,3.26],[98.39,3.29],[98.35,3.29],[98.35,3.14],[98.39,3.12],[98.39,3.11],[98.53,3.11],[98.53,3.16],[98.46,3.23]],[[98.35,2.85],[98.35,2.87],[98.32,2.88],[98.32,2.9],[98.28,2.9],[98.28,2.88],[98.21,2.87],[98.21,2.83],[98.28,2.82],[98.28,2.8],[98.32,2.8],[98.32,2.82],[98.35,2.83],[98.35,2.85]],[[97.63,2.75],[97.63,2.8],[97.56,2.8],[97.56,2.7],[97.63,2.7],[97.63,2.75]],[[96.95,2.66],[96.95,2.68],[96.91,2.68],[96.91,2.7],[96.88,2.7],[96.88,2.68],[96.84,2.68],[96.84,2.63],[96.88,2.61],[96.88,2.59],[96.91,2.59],[96.91,2.61],[96.95,2.61],[96.95,2.66]],[[98.46,2.66],[98.46,2.68],[98.39,2.68],[98.39,2.7],[98.39,2.68],[98.35,2.68],[98.35,2.56],[98.32,2.54],[98.32,2.51],[98.28,2.49],[98.28,2.47],[98.21,2.46],[98.21,2.44],[98.21,2.41],[98.21,2.39],[98.17,2.37],[98.17,2.34],[98.14,2.3],[98.14,2.27],[98.17,2.23],[98.17,2.22],[98.21,2.22],[98.28,2.22],[98.35,2.2],[98.46,2.2],[98.53,2.17],[98.53,2.1],[98.5,2.1],[98.46,2.08],[98.46,2.03],[98.5,2.01],[98.57,2.01],[98.64,1.99],[98.68,1.99],[98.71,1.96],[98.71,1.94],[98.75,1.91],[98.82,1.89],[98.82,1.93],[98.86,1.96],[98.89,2.08],[98.89,2.15],[98.97,2.22],[98.97,2.27],[98.89,2.3],[98.89,2.37],[98.89,2.39],[98.86,2.39],[98.86,2.41],[98.82,2.41],[98.71,2.44],[98.71,2.46],[98.71,2.49],[98.71,2.51],[98.68,2.52],[98.64,2.56],[98.57,2.56],[98.57,2.58],[98.53,2.59],[98.5,2.61],[98.46,2.61],[98.46,2.66]],[[97.45,2.46],[97.42,2.47],[97.38,2.47],[97.31,2.49],[97.27,2.51],[97.02,2.51],[96.95,2.49],[96.91,2.47],[96.88,2.47],[96.84,2.46],[96.84,2.44],[96.88,2.42],[96.88,2.41],[96.95,2.41],[96.95,2.39],[97.09,2.39],[97.09,2.37],[97.13,2.37],[97.13,2.35],[97.13,2.32],[97.2,2.32],[97.2,2.3],[97.27,2.3],[97.31,2.29],[97.31,2.23],[97.42,2.22],[97.56,2.22],[97.6,2.2],[97.63,2.22],[97.81,2.22],[97.85,2.22],[97.85,2.25],[97.74,2.35],[97.63,2.39],[97.56,2.39],[97.49,2.41],[97.45,2.42],[97.45,2.46]],[[94.25,1.94],[94.25,1.98],[94.21,1.98],[94.18,1.99],[94.07,1.99],[94.03,2.01],[94.0,1.99],[93.89,1.99],[93.85,1.96],[93.85,1.84],[94.0,1.72],[94.03,1.7],[94.07,1.7],[94.14,1.69],[94.14,1.62],[94.18,1.6],[94.32,1.6],[94.39,1.62],[94.43,1.64],[94.43,1.67],[94.5,1.72],[94.54,1.74],[94.54,1.77],[94.5,1.79],[94.43,1.79],[94.43,1.81],[94.25,1.81],[94.21,1.82],[94.18,1.82],[94.18,1.84],[94.14,1.84],[94.14,1.89],[94.18,1.89],[94.21,1.89],[94.21,1.91],[94.25,1.91],[94.25,1.94]],[[90.97,1.82],[90.97,1.84],[90.87,1.89],[90.79,1.89],[90.76,1.89],[90.51,1.89],[90.47,1.89],[90.4,1.89],[90.33,1.87],[90.33,1.86],[90.33,1.82],[90.29,1.81],[90.29,1.77],[90.25,1.75],[90.25,1.74],[90.22,1.74],[90.22,1.72],[90.15,1.72],[90.15,1.7],[90.11,1.7],[90.07,1.69],[90.07,1.67],[90.04,1.65],[90.04,1.64],[89.97,1.62],[89.97,1.6],[89.97,1.57],[89.93,1.55],[89.93,1.53],[89.86,1.5],[89.79,1.5],[89.79,1.48],[89.79,1.46],[89.71,1.43],[89.71,1.41],[89.68,1.38],[89.61,1.36],[89.61,1.33],[89.53,1.31],[89.5,1.31],[89.43,1.29],[89.25,1.29],[89.21,1.28],[89.17,1.28],[89.17,1.26],[89.1,1.26],[89.1,1.24],[89.17,1.24],[89.17,1.22],[89.21,1.21],[89.28,1.21],[89.35,1.19],[89.39,1.19],[89.43,1.16],[89.43,1.14],[89.43,1.12],[89.43,1.1],[89.39,1.1],[89.35,1.09],[89.25,1.09],[89.25,1.07],[89.25,1.02],[89.21,1.02],[89.21,1.0],[89.1,1.0],[89.07,0.98],[89.07,0.93],[89.1,0.92],[89.1,0.87],[89.17,0.83],[89.28,0.78],[89.5,0.78],[89.71,0.9],[89.71,0.93],[89.75,0.93],[89.75,0.95],[89.79,0.97],[89.79,0.98],[89.79,1.0],[89.89,1.0],[89.93,1.02],[89.93,1.05],[89.97,1.09],[90.04,1.09],[90.07,1.09],[90.33,1.09],[90.33,1.1],[90.47,1.1],[90.51,1.12],[90.51,1.17],[90.51,1.19],[90.47,1.19],[90.47,1.21],[90.4,1.21],[90.4,1.22],[90.33,1.22],[90.33,1.33],[90.4,1.38],[90.43,1.43],[90.47,1.48],[90.51,1.53],[90.61,1.57],[90.65,1.58],[90.69,1.6],[90.79,1.6],[90.79,1.62],[90.83,1.62],[90.83,1.64],[90.87,1.65],[90.87,1.69],[90.87,1.7],[91.01,1.7],[91.05,1.72],[91.05,1.77],[91.01,1.79],[90.97,1.82]],[[98.71,1.77],[98.71,1.79],[98.68,1.79],[98.68,1.81],[98.64,1.81],[98.64,1.79],[98.57,1.79],[98.53,1.77],[98.53,1.74],[98.53,1.67],[98.53,1.64],[98.53,1.6],[98.57,1.6],[98.57,1.62],[98.64,1.64],[98.71,1.7],[98.71,1.74],[98.71,1.75],[98.71,1.77]],[[95.65,1.45],[95.65,1.48],[95.62,1.48],[95.62,1.5],[95.58,1.5],[95.51,1.48],[95.51,1.41],[95.58,1.41],[95.62,1.41],[95.65,1.41],[95.65,1.45]],[[98.35,1.45],[98.35,1.48],[98.32,1.48],[98.32,1.5],[98.28,1.5],[98.28,1.48],[98.21,1.48],[98.21,1.41],[98.28,1.41],[98.32,1.41],[98.35,1.41],[98.35,1.45]],[[98.46,1.16],[98.46,1.17],[98.39,1.17],[98.39,1.21],[98.39,1.19],[98.35,1.19],[98.35,1.1],[98.39,1.1],[98.39,1.09],[98.39,1.12],[98.46,1.12],[98.46,1.16]],[[98.97,0.95],[98.89,0.97],[98.89,1.0],[98.86,0.98],[98.86,0.92],[98.89,0.92],[98.89,0.9],[98.89,0.92],[98.89,0.93],[98.97,0.93],[98.97,0.95]],[[99.04,0.78],[99.04,0.88],[99.0,0.9],[98.89,0.87],[98.89,0.81],[98.89,0.78],[98.86,0.78],[98.86,0.71],[98.89,0.71],[98.89,0.69],[98.97,0.69],[98.97,0.71],[99.0,0.71],[99.04,0.73],[99.04,0.78]],[[89.1,0.64],[89.1,0.68],[89.1,0.69],[88.89,0.69],[88.81,0.68],[88.71,0.63],[88.71,0.61],[88.67,0.59],[88.67,0.51],[88.63,0.49],[88.63,0.44],[88.56,0.4],[88.45,0.4],[88.38,0.39],[88.35,0.37],[88.35,0.33],[88.28,0.3],[88.2,0.3],[88.13,0.3],[88.02,0.3],[87.95,0.27],[87.95,0.23],[87.92,0.21],[87.84,0.21],[87.84,0.2],[87.74,0.2],[87.66,0.18],[87.66,0.13],[87.66,0.1],[87.74,0.04],[87.77,0.03],[87.77,0.01],[87.81,-0.02],[87.81,-0.04],[87.84,-0.06],[87.84,-0.26],[87.81,-0.28],[87.81,-0.3],[87.63,-0.3],[87.56,-0.26],[87.56,-0.23],[87.48,-0.21],[87.48,-0.2],[87.41,-0.2],[87.38,-0.21],[87.38,-0.23],[87.3,-0.26],[87.3,-0.37],[87.27,-0.4],[87.09,-0.4],[87.05,-0.42],[87.02,-0.42],[86.94,-0.45],[86.94,-0.47],[86.91,-0.49],[86.91,-0.5],[86.87,-0.5],[86.87,-0.59],[86.91,-0.61],[86.91,-0.62],[86.94,-0.64],[86.94,-0.66],[87.02,-0.67],[87.05,-0.67],[87.09,-0.69],[87.23,-0.69],[87.27,-0.71],[87.3,-0.71],[87.3,-0.73],[87.3,-0.78],[87.38,-0.79],[87.41,-0.79],[87.45,-0.81],[87.56,-0.76],[87.59,-0.73],[87.59,-0.69],[87.63,-0.67],[87.63,-0.62],[87.66,-0.59],[87.66,-0.52],[87.66,-0.5],[87.77,-0.5],[87.81,-0.49],[87.84,-0.45],[87.84,-0.44],[87.92,-0.38],[87.92,-0.35],[87.95,-0.32],[87.95,-0.21],[87.99,-0.2],[88.02,-0.2],[88.02,-0.21],[88.02,-0.23],[88.02,-0.28],[88.13,-0.28],[88.13,-0.26],[88.17,-0.23],[88.2,-0.21],[88.2,-0.18],[88.2,-0.16],[88.31,-0.13],[88.31,-0.11],[88.35,-0.11],[88.38,-0.09],[88.38,-0.08],[88.45,-0.06],[88.45,-0.02],[88.49,-0.02],[88.53,-0.02],[88.56,-0.02],[88.63,-0.01],[89.07,-0.01],[89.1,-0.02],[89.17,-0.02],[89.21,-0.02],[89.25,-0.02],[89.25,-0.06],[89.28,-0.09],[89.5,-0.09],[89.53,-0.08],[89.53,-0.01],[89.43,0.03],[89.43,0.08],[89.5,0.08],[89.5,0.1],[89.53,0.11],[89.53,0.3],[89.5,0.3],[89.5,0.32],[89.43,0.32],[89.43,0.37],[89.5,0.39],[89.5,0.4],[89.53,0.42],[89.53,0.47],[89.5,0.49],[89.43,0.49],[89.43,0.51],[89.39,0.51],[89.35,0.52],[89.35,0.57],[89.28,0.57],[89.28,0.59],[89.25,0.61],[89.17,0.61],[89.17,0.63],[89.1,0.63],[89.1,0.64]],[[94.61,-0.26],[94.61,-0.21],[94.61,-0.2],[94.57,-0.2],[94.57,-0.21],[94.54,-0.23],[94.54,-0.26],[94.57,-0.28],[94.57,-0.3],[94.61,-0.3],[94.61,-0.28],[94.61,-0.26]],[[94.54,-0.35],[94.54,-0.32],[94.5,-0.3],[94.43,-0.3],[94.32,-0.33],[94.25,-0.35],[94.21,-0.4],[94.14,-0.45],[94.07,-0.49],[94.07,-0.5],[94.07,-0.52],[94.03,-0.56],[94.0,-0.57],[94.0,-0.59],[93.93,-0.59],[93.93,-0.61],[93.89,-0.61],[93.85,-0.64],[93.85,-0.66],[93.82,-0.66],[93.82,-0.67],[93.75,-0.69],[93.75,-0.74],[93.75,-0.76],[93.75,-0.78],[93.71,-0.79],[93.71,-0.81],[93.67,-0.81],[93.67,-0.78],[93.64,-0.76],[93.64,-0.61],[93.57,-0.61],[93.57,-0.64],[93.49,-0.67],[93.46,-0.73],[93.39,-0.79],[93.35,-0.88],[93.35,-0.98],[93.31,-0.98],[93.31,-1.0],[93.28,-1.0],[93.28,-0.98],[93.21,-0.98],[93.21,-0.93],[93.17,-0.9],[93.1,-0.9],[93.03,-0.88],[93.03,-0.83],[93.03,-0.81],[92.99,-0.81],[92.85,-0.81],[92.85,-0.83],[92.85,-0.88],[92.81,-0.88],[92.81,-0.9],[92.74,-0.9],[92.67,-0.91],[92.56,-1.03],[92.56,-1.15],[92.49,-1.17],[92.49,-1.19],[92.45,-1.19],[92.45,-1.15],[92.41,-1.14],[92.41,-1.1],[92.38,-1.1],[92.38,-1.14],[92.31,-1.15],[92.31,-1.17],[92.31,-1.19],[92.27,-1.19],[92.27,-1.21],[92.23,-1.21],[92.13,-1.17],[92.13,-1.15],[92.13,-1.14],[92.13,-1.12],[92.09,-1.12],[92.09,-1.14],[92.05,-1.14],[92.02,-1.17],[92.02,-1.19],[91.95,-1.24],[91.91,-1.27],[91.91,-1.29],[91.87,-1.29],[91.87,-1.27],[91.84,-1.26],[91.84,-1.22],[91.77,-1.21],[91.77,-1.22],[91.77,-1.24],[91.66,-1.33],[91.66,-1.39],[91.73,-1.39],[91.77,-1.41],[91.91,-1.41],[91.91,-1.43],[91.95,-1.44],[91.95,-1.56],[91.87,-1.6],[91.59,-1.6],[91.59,-1.58],[91.55,-1.56],[91.55,-1.34],[91.51,-1.33],[91.51,-1.31],[91.48,-1.29],[91.41,-1.29],[91.41,-1.31],[91.37,-1.31],[91.37,-1.33],[91.33,-1.34],[91.33,-1.39],[91.23,-1.39],[91.23,-1.41],[91.19,-1.41],[91.19,-1.43],[91.15,-1.44],[91.15,-1.56],[91.12,-1.58],[91.12,-1.6],[91.05,-1.6],[91.05,-1.62],[91.05,-1.65],[91.05,-1.67],[91.05,-1.68],[91.15,-1.68],[91.15,-1.7],[91.33,-1.7],[91.37,-1.72],[91.41,-1.72],[91.41,-1.74],[91.41,-1.79],[91.41,-1.8],[91.37,-1.8],[91.37,-1.86],[91.33,-1.89],[91.33,-1.99],[91.3,-1.99],[91.23,-2.01],[91.23,-2.08],[91.23,-2.11],[91.23,-2.16],[91.05,-2.28],[90.97,-2.3],[90.87,-2.3],[90.87,-2.32],[90.87,-2.35],[90.83,-2.37],[90.83,-2.39],[90.79,-2.4],[90.69,-2.4],[90.69,-2.42],[90.65,-2.42],[90.65,-2.52],[90.61,-2.56],[90.61,-2.57],[90.58,-2.63],[90.51,-2.66],[90.43,-2.71],[90.4,-2.71],[90.33,-2.73],[90.29,-2.78],[90.29,-2.81],[90.25,-2.85],[90.25,-2.88],[90.33,-2.9],[90.33,-2.97],[90.33,-2.99],[90.33,-3.07],[90.4,-3.07],[90.4,-3.09],[90.51,-3.09],[90.51,-3.1],[90.65,-3.1],[90.69,-3.12],[90.69,-3.14],[90.76,-3.14],[90.76,-3.19],[90.83,-3.19],[90.83,-3.21],[90.97,-3.21],[91.05,-3.17],[91.05,-3.05],[91.05,-3.04],[91.05,-3.02],[91.12,-3.02],[91.15,-3.0],[91.41,-3.0],[91.41,-3.02],[91.51,-3.02],[91.51,-3.04],[91.55,-3.05],[91.55,-3.07],[91.59,-3.07],[91.59,-3.09],[91.66,-3.09],[91.69,-3.1],[91.77,-3.1],[91.77,-3.12],[91.84,-3.12],[91.84,-3.19],[91.77,-3.19],[91.77,-3.21],[91.73,-3.21],[91.69,-3.21],[91.66,-3.22],[91.66,-3.24],[91.59,-3.26],[91.59,-3.28],[91.59,-3.31],[91.59,-3.36],[91.55,-3.41],[91.55,-3.55],[91.59,-3.58],[91.59,-3.6],[91.59,-3.57],[91.66,-3.57],[91.66,-3.52],[91.73,-3.52],[91.73,-3.6],[91.77,-3.64],[91.77,-3.74],[91.84,-3.84],[91.87,-3.86],[91.95,-3.89],[92.13,-3.89],[92.13,-3.84],[92.05,-3.76],[91.95,-3.69],[91.91,-3.58],[91.84,-3.5],[91.84,-3.45],[91.87,-3.43],[91.91,-3.4],[91.95,-3.4],[92.02,-3.41],[92.02,-3.43],[92.05,-3.45],[92.05,-3.48],[91.95,-3.52],[91.95,-3.53],[91.95,-3.55],[91.95,-3.57],[91.95,-3.6],[92.02,-3.64],[92.05,-3.65],[92.05,-3.67],[92.09,-3.69],[92.13,-3.69],[92.13,-3.67],[92.13,-3.65],[92.13,-3.64],[92.2,-3.64],[92.2,-3.62],[92.23,-3.62],[92.31,-3.6],[92.49,-3.6],[92.59,-3.57],[92.63,-3.57],[92.67,-3.55],[92.67,-3.53],[92.67,-3.5],[92.67,-3.48],[92.74,-3.46],[92.77,-3.43],[92.81,-3.43],[92.85,-3.4],[93.03,-3.4],[93.13,-3.36],[93.13,-3.16],[93.17,-3.12],[93.17,-3.02],[93.21,-3.0],[93.21,-3.02],[93.21,-3.16],[93.28,-3.17],[93.28,-3.21],[93.31,-3.21],[93.31,-3.19],[93.35,-3.19],[93.35,-3.09],[93.39,-3.05],[93.39,-3.02],[93.49,-2.92],[93.53,-2.9],[93.57,-2.9],[93.57,-2.88],[93.64,-2.87],[93.67,-2.83],[93.71,-2.78],[93.75,-2.75],[93.75,-2.64],[93.75,-2.63],[93.75,-2.61],[93.82,-2.61],[93.85,-2.59],[94.07,-2.59],[94.14,-2.57],[94.14,-2.45],[94.18,-2.42],[94.25,-2.4],[94.39,-2.4],[94.39,-2.39],[94.43,-2.39],[94.43,-2.37],[94.43,-2.35],[94.43,-2.33],[94.43,-2.3],[94.39,-2.3],[94.39,-2.28],[94.36,-2.28],[94.36,-2.11],[94.39,-2.1],[94.43,-2.13],[94.43,-2.18],[94.5,-2.2],[94.5,-2.18],[94.54,-2.16],[94.54,-2.15],[94.61,-2.11],[94.68,-2.1],[95.08,-2.1],[95.15,-2.1],[95.22,-2.08],[95.22,-2.06],[95.26,-2.03],[95.26,-1.92],[95.33,-1.89],[95.33,-1.75],[95.33,-1.7],[95.33,-1.63],[95.33,-1.51],[95.29,-1.51],[95.29,-1.5],[95.22,-1.5],[95.15,-1.51],[95.15,-1.58],[95.11,-1.58],[95.11,-1.6],[95.08,-1.6],[94.97,-1.63],[94.97,-1.65],[94.9,-1.68],[94.9,-1.72],[94.86,-1.75],[94.79,-1.77],[94.79,-1.79],[94.79,-1.77],[94.75,-1.77],[94.75,-1.75],[94.72,-1.74],[94.72,-1.7],[94.68,-1.7],[94.68,-1.74],[94.61,-1.75],[94.61,-1.77],[94.61,-1.79],[94.57,-1.77],[94.54,-1.75],[94.5,-1.74],[94.5,-1.7],[94.43,-1.68],[94.43,-1.62],[94.54,-1.58],[94.54,-1.53],[94.5,-1.51],[94.5,-1.48],[94.43,-1.46],[94.43,-1.44],[94.43,-1.43],[94.39,-1.39],[94.39,-1.36],[94.36,-1.34],[94.36,-1.26],[94.32,-1.24],[94.32,-1.21],[94.25,-1.21],[94.25,-1.19],[94.25,-1.17],[94.25,-1.09],[94.25,-1.03],[94.25,-1.0],[94.32,-0.98],[94.32,-0.97],[94.36,-0.95],[94.36,-0.93],[94.39,-0.93],[94.43,-0.9],[94.5,-0.9],[94.54,-0.88],[94.54,-0.81],[94.5,-0.79],[94.5,-0.78],[94.43,-0.78],[94.43,-0.73],[94.5,-0.73],[94.5,-0.69],[94.54,-0.67],[94.54,-0.56],[94.57,-0.52],[94.57,-0.5],[94.61,-0.5],[94.61,-0.56],[94.68,-0.57],[94.68,-0.59],[94.72,-0.59],[94.72,-0.57],[94.75,-0.56],[94.75,-0.54],[94.79,-0.5],[94.79,-0.47],[94.79,-0.42],[94.79,-0.4],[94.61,-0.4],[94.54,-0.35]],[[95.26,-0.66],[95.26,-0.64],[95.22,-0.62],[95.22,-0.61],[95.15,-0.61],[95.15,-0.62],[95.15,-0.67],[95.15,-0.69],[95.22,-0.69],[95.22,-0.67],[95.26,-0.66]],[[93.35,-0.74],[93.35,-0.71],[93.31,-0.71],[93.31,-0.69],[93.28,-0.69],[93.28,-0.71],[93.21,-0.73],[93.21,-0.78],[93.28,-0.79],[93.28,-0.81],[93.31,-0.81],[93.31,-0.79],[93.35,-0.79],[93.35,-0.74]],[[87.59,-0.98],[87.56,-0.97],[87.48,-0.93],[87.3,-0.9],[87.27,-0.9],[87.2,-0.91],[87.12,-0.93],[87.12,-0.98],[87.2,-0.98],[87.2,-1.0],[87.23,-1.0],[87.23,-1.09],[87.2,-1.09],[87.12,-1.1],[86.94,-1.1],[86.91,-1.12],[86.87,-1.12],[86.87,-1.17],[86.91,-1.21],[86.94,-1.26],[86.94,-1.27],[86.94,-1.29],[87.02,-1.29],[87.02,-1.33],[87.05,-1.34],[87.05,-1.38],[87.02,-1.38],[87.02,-1.39],[86.94,-1.39],[86.94,-1.41],[86.87,-1.41],[86.87,-1.44],[86.84,-1.44],[86.84,-1.48],[86.76,-1.48],[86.76,-1.5],[86.73,-1.5],[86.69,-1.51],[86.58,-1.62],[86.58,-1.63],[86.55,-1.68],[86.55,-1.77],[86.58,-1.77],[86.58,-1.79],[86.66,-1.79],[86.66,-1.8],[86.73,-1.8],[86.73,-1.86],[86.76,-1.87],[86.76,-1.92],[86.73,-1.94],[86.73,-1.98],[86.69,-1.99],[86.58,-1.99],[86.55,-2.01],[86.51,-2.01],[86.48,-2.03],[86.48,-2.04],[86.4,-2.08],[86.4,-2.1],[86.37,-2.11],[86.37,-2.15],[86.3,-2.18],[86.22,-2.18],[86.22,-2.2],[86.12,-2.2],[86.04,-2.22],[86.01,-2.22],[85.94,-2.25],[85.94,-2.27],[85.86,-2.27],[85.86,-2.28],[85.83,-2.3],[85.61,-2.3],[85.58,-2.32],[85.58,-2.35],[85.5,-2.39],[85.5,-2.66],[85.5,-2.68],[85.5,-2.69],[85.47,-2.71],[85.43,-2.71],[85.32,-2.68],[85.32,-2.57],[85.32,-2.56],[85.32,-2.51],[85.29,-2.51],[85.29,-2.52],[85.25,-2.54],[85.25,-2.68],[85.22,-2.69],[85.22,-2.71],[85.14,-2.71],[85.14,-2.75],[85.14,-2.78],[85.14,-2.95],[85.14,-3.0],[85.14,-3.05],[85.25,-3.16],[85.29,-3.17],[85.32,-3.21],[85.43,-3.22],[85.43,-3.24],[85.47,-3.26],[85.47,-3.28],[85.5,-3.29],[85.5,-3.36],[85.68,-3.4],[85.83,-3.41],[85.97,-3.4],[86.04,-3.36],[86.15,-3.34],[86.22,-3.29],[86.22,-3.26],[86.22,-3.24],[86.22,-3.22],[86.3,-3.21],[86.33,-3.21],[86.33,-3.24],[86.37,-3.26],[86.37,-3.28],[86.4,-3.29],[86.51,-3.29],[86.51,-3.28],[86.55,-3.28],[86.55,-3.24],[86.58,-3.22],[86.58,-3.21],[86.58,-3.22],[86.66,-3.28],[86.73,-3.31],[86.76,-3.29],[86.84,-3.26],[86.84,-3.1],[86.76,-3.1],[86.76,-3.09],[86.76,-2.93],[86.76,-2.9],[86.84,-2.87],[86.84,-2.85],[86.87,-2.83],[86.87,-2.81],[86.94,-2.81],[86.94,-2.87],[86.94,-2.88],[87.02,-2.88],[87.02,-2.87],[87.09,-2.83],[87.09,-2.81],[87.12,-2.81],[87.12,-2.8],[87.27,-2.8],[87.3,-2.76],[87.3,-2.68],[87.38,-2.64],[87.38,-2.61],[87.41,-2.57],[87.45,-2.56],[87.48,-2.51],[87.48,-2.44],[87.56,-2.39],[87.48,-2.32],[87.48,-2.27],[87.45,-2.25],[87.38,-2.22],[87.27,-2.2],[87.2,-2.2],[87.12,-2.18],[87.12,-2.11],[87.23,-2.06],[87.38,-1.99],[87.41,-1.99],[87.41,-1.98],[87.45,-1.98],[87.45,-1.92],[87.48,-1.92],[87.48,-1.91],[87.56,-1.91],[87.59,-1.89],[87.74,-1.77],[87.74,-1.62],[87.66,-1.62],[87.56,-1.62],[87.48,-1.6],[87.38,-1.6],[87.3,-1.58],[87.23,-1.55],[87.27,-1.55],[87.27,-1.51],[87.3,-1.51],[87.38,-1.5],[87.56,-1.5],[87.59,-1.48],[87.63,-1.48],[87.63,-1.46],[87.66,-1.43],[87.66,-1.38],[87.63,-1.36],[87.63,-1.31],[87.59,-1.29],[87.56,-1.27],[87.56,-1.14],[87.59,-1.1],[87.63,-1.09],[87.63,-1.0],[87.59,-0.98]],[[87.95,-0.95],[87.95,-0.93],[87.92,-0.93],[87.92,-0.91],[87.84,-0.9],[87.81,-0.9],[87.81,-0.91],[87.77,-0.91],[87.77,-0.93],[87.74,-0.95],[87.74,-0.97],[87.77,-0.98],[87.81,-0.98],[87.84,-1.0],[87.84,-0.98],[87.92,-0.98],[87.95,-0.98],[87.95,-0.95]],[[94.75,-1.55],[94.75,-1.51],[94.72,-1.51],[94.72,-1.5],[94.68,-1.5],[94.68,-1.51],[94.61,-1.51],[94.61,-1.58],[94.68,-1.6],[94.72,-1.6],[94.72,-1.58],[94.75,-1.58],[94.75,-1.55]],[[84.46,-1.65],[84.42,-1.62],[84.28,-1.62],[84.24,-1.65],[84.21,-1.67],[84.17,-1.72],[84.17,-1.77],[84.1,-1.82],[84.1,-1.86],[84.17,-1.87],[84.17,-1.89],[84.21,-1.91],[84.21,-1.92],[84.24,-1.92],[84.24,-2.11],[84.28,-2.16],[84.28,-2.2],[84.39,-2.18],[84.42,-2.15],[84.46,-2.1],[84.57,-2.03],[84.6,-1.96],[84.64,-1.89],[84.71,-1.82],[84.75,-1.75],[84.75,-1.62],[84.71,-1.6],[84.64,-1.62],[84.6,-1.62],[84.6,-1.68],[84.6,-1.7],[84.46,-1.7],[84.46,-1.68],[84.46,-1.65]],[[78.02,-2.06],[78.02,-2.03],[78.02,-2.01],[77.94,-2.01],[77.94,-1.99],[77.84,-1.99],[77.84,-2.01],[77.8,-2.01],[77.76,-2.03],[77.76,-2.08],[77.84,-2.1],[77.94,-2.1],[77.98,-2.1],[78.02,-2.1],[78.02,-2.08],[78.02,-2.06]],[[83.56,-2.06],[83.56,-2.03],[83.52,-2.03],[83.52,-1.99],[83.49,-1.99],[83.49,-2.01],[83.45,-2.01],[83.45,-2.1],[83.49,-2.1],[83.52,-2.1],[83.52,-2.08],[83.56,-2.08],[83.56,-2.06]],[[82.44,-2.2],[82.44,-2.11],[82.41,-2.1],[82.37,-2.1],[82.37,-2.15],[82.3,-2.16],[82.3,-2.25],[82.37,-2.25],[82.37,-2.3],[82.41,-2.3],[82.41,-2.28],[82.44,-2.28],[82.44,-2.2]],[[83.92,-2.25],[83.92,-2.18],[83.92,-2.15],[83.92,-2.11],[83.88,-2.1],[83.74,-2.1],[83.74,-2.11],[83.74,-2.13],[83.74,-2.18],[83.74,-2.2],[83.81,-2.2],[83.81,-2.22],[83.85,-2.23],[83.85,-2.37],[83.88,-2.39],[83.88,-2.4],[83.92,-2.4],[83.92,-2.35],[83.92,-2.33],[83.92,-2.25]],[[80.0,-2.25],[80.0,-2.22],[79.96,-2.2],[79.96,-2.22],[79.96,-2.28],[79.96,-2.3],[80.0,-2.3],[80.0,-2.25]],[[83.74,-2.25],[83.74,-2.22],[83.7,-2.22],[83.7,-2.2],[83.67,-2.22],[83.67,-2.23],[83.63,-2.25],[83.67,-2.27],[83.67,-2.3],[83.7,-2.3],[83.74,-2.28],[83.74,-2.25]],[[80.75,-2.35],[80.75,-2.32],[80.68,-2.32],[80.68,-2.3],[80.68,-2.32],[80.64,-2.32],[80.64,-2.39],[80.68,-2.39],[80.68,-2.4],[80.68,-2.39],[80.75,-2.39],[80.75,-2.35]],[[80.32,-2.44],[80.32,-2.42],[80.32,-2.4],[80.28,-2.4],[80.25,-2.4],[80.25,-2.49],[80.28,-2.49],[80.28,-2.51],[80.32,-2.51],[80.32,-2.49],[80.32,-2.47],[80.32,-2.44]],[[79.74,-2.64],[79.74,-2.52],[79.71,-2.51],[79.64,-2.51],[79.64,-2.57],[79.64,-2.59],[79.64,-2.71],[79.64,-2.73],[79.64,-2.8],[79.71,-2.8],[79.71,-2.78],[79.74,-2.76],[79.74,-2.64]],[[80.5,-2.85],[80.5,-2.81],[80.5,-2.8],[80.46,-2.8],[80.46,-2.88],[80.5,-2.9],[80.5,-2.88],[80.5,-2.85]],[[94.39,-2.88],[94.32,-2.83],[94.25,-2.81],[94.14,-2.8],[94.07,-2.81],[93.89,-2.88],[93.85,-2.92],[93.85,-2.99],[93.89,-2.99],[93.89,-3.0],[94.32,-3.0],[94.39,-2.99],[94.43,-2.99],[94.43,-2.9],[94.39,-2.88]],[[79.56,-3.05],[79.53,-3.05],[79.53,-3.02],[79.46,-3.02],[79.46,-3.0],[79.35,-3.0],[79.28,-3.02],[79.28,-3.04],[79.24,-3.05],[79.28,-3.07],[79.28,-3.09],[79.38,-3.09],[79.38,-3.1],[79.42,-3.09],[79.46,-3.09],[79.53,-3.07],[79.53,-3.05],[79.56,-3.05]],[[95.44,-3.24],[95.44,-3.21],[95.4,-3.21],[95.33,-3.21],[95.33,-3.29],[95.44,-3.29],[95.44,-3.24]],[[90.69,-3.48],[90.61,-3.43],[90.51,-3.4],[90.43,-3.4],[90.33,-3.46],[90.33,-3.53],[90.33,-3.58],[90.29,-3.6],[90.25,-3.58],[90.25,-3.53],[90.22,-3.53],[90.22,-3.52],[90.15,-3.52],[90.15,-3.5],[90.11,-3.52],[90.07,-3.52],[90.07,-3.53],[90.04,-3.55],[90.04,-3.64],[90.07,-3.65],[90.07,-3.69],[90.11,-3.69],[90.43,-3.69],[90.47,-3.69],[90.51,-3.69],[90.51,-3.67],[90.51,-3.64],[90.58,-3.62],[90.58,-3.6],[90.69,-3.6],[90.69,-3.58],[90.76,-3.57],[90.76,-3.55],[90.69,-3.53],[90.69,-3.52],[90.69,-3.48]],[[90.87,-3.45],[90.83,-3.45],[90.83,-3.4],[90.79,-3.4],[90.76,-3.41],[90.76,-3.5],[90.83,-3.5],[90.83,-3.46],[90.87,-3.45]],[[93.49,-3.48],[93.39,-3.43],[93.39,-3.41],[93.31,-3.4],[93.21,-3.4],[93.17,-3.41],[93.17,-3.45],[93.13,-3.48],[93.13,-3.57],[93.03,-3.67],[92.92,-3.69],[92.85,-3.69],[92.81,-3.7],[92.77,-3.7],[92.77,-3.74],[92.74,-3.77],[92.74,-3.93],[92.77,-3.96],[92.77,-3.98],[92.85,-3.99],[92.99,-3.99],[93.03,-3.99],[93.17,-3.94],[93.17,-3.93],[93.21,-3.89],[93.21,-3.87],[93.21,-3.86],[93.21,-3.84],[93.28,-3.84],[93.28,-3.82],[93.31,-3.81],[93.39,-3.81],[93.39,-3.79],[93.46,-3.76],[93.46,-3.72],[93.53,-3.67],[93.53,-3.64],[93.57,-3.6],[93.53,-3.58],[93.53,-3.53],[93.49,-3.52],[93.49,-3.48]],[[94.75,-3.5],[94.75,-3.45],[94.72,-3.43],[94.72,-3.4],[94.68,-3.4],[94.68,-3.41],[94.61,-3.43],[94.61,-3.57],[94.61,-3.58],[94.61,-3.6],[94.57,-3.6],[94.57,-3.65],[94.54,-3.67],[94.54,-3.79],[94.5,-3.79],[94.5,-3.81],[94.43,-3.81],[94.43,-3.87],[94.5,-3.89],[94.61,-3.89],[94.61,-3.87],[94.61,-3.84],[94.68,-3.84],[94.68,-3.82],[94.72,-3.82],[94.75,-3.81],[94.97,-3.81],[95.04,-3.79],[95.08,-3.79],[95.15,-3.76],[95.15,-3.72],[95.15,-3.7],[95.22,-3.7],[95.22,-3.69],[95.29,-3.69],[95.33,-3.69],[95.33,-3.67],[95.33,-3.65],[95.29,-3.62],[95.26,-3.62],[95.22,-3.6],[94.9,-3.6],[94.79,-3.58],[94.79,-3.57],[94.75,-3.55],[94.75,-3.5]],[[95.51,-3.76],[95.51,-3.72],[95.51,-3.7],[95.47,-3.7],[95.47,-3.69],[95.44,-3.69],[95.4,-3.7],[95.33,-3.7],[95.33,-3.79],[95.4,-3.79],[95.4,-3.81],[95.47,-3.81],[95.51,-3.77],[95.51,-3.76]],[[76.65,-3.84],[76.65,-3.82],[76.58,-3.81],[76.58,-3.82],[76.54,-3.82],[76.54,-3.87],[76.58,-3.87],[76.58,-3.89],[76.65,-3.87],[76.65,-3.84]],[[90.04,-4.25],[90.04,-4.2],[89.97,-4.2],[89.97,-4.23],[89.93,-4.25],[89.97,-4.27],[89.97,-4.3],[90.04,-4.3],[90.04,-4.25]],[[92.74,-4.34],[92.74,-4.32],[92.67,-4.3],[92.67,-4.34],[92.59,-4.39],[92.49,-4.39],[92.49,-4.41],[92.38,-4.41],[92.31,-4.42],[92.23,-4.46],[92.23,-4.47],[92.2,-4.49],[92.13,-4.56],[92.09,-4.59],[92.02,-4.61],[91.95,-4.64],[91.95,-4.66],[91.87,-4.73],[91.84,-4.75],[91.84,-4.78],[91.87,-4.78],[91.95,-4.8],[92.02,-4.8],[92.05,-4.82],[92.05,-4.87],[92.13,-4.88],[92.13,-4.85],[92.2,-4.8],[92.27,-4.8],[92.31,-4.78],[92.31,-4.75],[92.41,-4.71],[92.49,-4.71],[92.49,-4.7],[92.74,-4.7],[92.95,-4.64],[93.03,-4.58],[93.03,-4.53],[93.03,-4.47],[93.03,-4.46],[93.03,-4.42],[92.99,-4.41],[92.85,-4.41],[92.81,-4.39],[92.74,-4.35],[92.74,-4.34]],[[91.15,-4.64],[91.15,-4.63],[91.12,-4.61],[91.05,-4.63],[91.05,-4.68],[91.12,-4.7],[91.15,-4.68],[91.15,-4.64]],[[91.33,-4.64],[91.33,-4.61],[91.23,-4.61],[91.23,-4.7],[91.33,-4.7],[91.33,-4.64]],[[90.94,-4.75],[90.87,-4.7],[90.79,-4.7],[90.76,-4.73],[90.76,-4.78],[90.87,-4.8],[90.94,-4.78],[90.94,-4.75]]]}},{"type":"Feature","properties":{"precip":10},"geometry":{"type":"Polygon","coordinates":[[[92.74,-1.46],[92.74,-1.44],[92.77,-1.43],[92.77,-1.41],[92.85,-1.41],[92.85,-1.48],[92.81,-1.48],[92.81,-1.5],[92.77,-1.5],[92.77,-1.48],[92.74,-1.46]]]}},{"type":"Feature","properties":{"precip":10},"geometry":{"type":"Polygon","coordinates":[[[92.31,-1.86],[92.31,-1.82],[92.38,-1.82],[92.38,-1.8],[92.41,-1.8],[92.41,-1.79],[92.49,-1.79],[92.49,-1.8],[92.49,-1.82],[92.56,-1.82],[92.56,-1.87],[92.49,-1.87],[92.49,-1.89],[92.49,-1.91],[92.41,-1.91],[92.38,-1.89],[92.38,-1.87],[92.31,-1.87],[92.31,-1.86]]]}},{"type":"Feature","properties":{"precip":10},"geometry":{"type":"Polygon","coordinates":[[[93.46,-2.15],[93.46,-2.11],[93.49,-2.11],[93.49,-2.1],[93.57,-2.1],[93.57,-2.11],[93.64,-2.11],[93.64,-2.18],[93.57,-2.18],[93.57,-2.2],[93.49,-2.2],[93.49,-2.18],[93.46,-2.18],[93.46,-2.15]]]}},{"type":"Feature","properties":{"precip":10},"geometry":{"type":"Polygon","coordinates":[[[93.21,-2.39],[93.21,-2.33],[93.31,-2.3],[93.35,-2.3],[93.39,-2.33],[93.46,-2.37],[93.46,-2.44],[93.39,-2.47],[93.35,-2.51],[93.21,-2.51],[93.21,-2.49],[93.17,-2.49],[93.17,-2.4],[93.21,-2.39]]]}},{"type":"Feature","properties":{"precip":10},"geometry":{"type":"Polygon","coordinates":[[[86.4,-2.25],[86.4,-2.23],[86.48,-2.23],[86.48,-2.2],[86.51,-2.2],[86.51,-2.22],[86.55,-2.22],[86.55,-2.28],[86.51,-2.28],[86.51,-2.3],[86.48,-2.3],[86.48,-2.27],[86.4,-2.27],[86.4,-2.25]]]}},{"type":"Feature","properties":{"precip":10},"geometry":{"type":"Polygon","coordinates":[[[85.76,-2.51],[85.76,-2.44],[85.79,-2.42],[85.79,-2.4],[85.83,-2.4],[85.86,-2.4],[85.94,-2.4],[85.97,-2.4],[86.04,-2.44],[86.04,-2.45],[86.04,-2.47],[86.12,-2.51],[86.12,-2.52],[86.15,-2.54],[86.15,-2.56],[86.22,-2.59],[86.37,-2.59],[86.4,-2.63],[86.4,-2.68],[86.4,-2.69],[86.33,-2.69],[86.3,-2.71],[86.15,-2.71],[86.12,-2.73],[86.04,-2.73],[86.04,-2.78],[86.01,-2.78],[86.01,-2.8],[85.86,-2.8],[85.86,-2.78],[85.86,-2.68],[85.83,-2.66],[85.83,-2.61],[85.76,-2.57],[85.76,-2.51]]]}},{"type":"Feature","properties":{"precip":10},"geometry":{"type":"Polygon","coordinates":[[[86.76,-2.56],[86.76,-2.52],[86.76,-2.51],[86.94,-2.51],[87.05,-2.54],[87.05,-2.57],[86.94,-2.59],[86.76,-2.59],[86.76,-2.57],[86.76,-2.56]]]}},{"type":"Feature","properties":{"precip":10},"geometry":{"type":"Polygon","coordinates":[[[17.26,3.76],[17.26,3.79],[17.33,3.79],[17.33,3.71],[17.26,3.71],[17.26,3.76]]]}},{"type":"Feature","properties":{"precip":10},"geometry":{"type":"Polygon","coordinates":[[[18.34,3.76],[18.34,3.79],[18.41,3.79],[18.41,3.77],[18.45,3.76],[18.48,3.72],[18.52,3.71],[18.52,3.6],[18.45,3.53],[18.37,3.5],[18.3,3.5],[18.3,3.52],[18.27,3.53],[18.16,3.64],[18.16,3.69],[18.19,3.69],[18.23,3.71],[18.3,3.71],[18.3,3.72],[18.34,3.72],[18.34,3.76]]]}},{"type":"Feature","properties":{"precip":10},"geometry":{"type":"Polygon","coordinates":[[[9.34,3.6],[9.34,3.65],[9.38,3.67],[9.38,3.69],[9.41,3.71],[9.41,3.69],[9.45,3.69],[9.45,3.64],[9.48,3.62],[9.52,3.62],[9.56,3.6],[9.74,3.6],[9.77,3.59],[9.81,3.59],[9.84,3.57],[9.84,3.53],[9.81,3.52],[9.77,3.52],[9.74,3.5],[9.41,3.5],[9.38,3.52],[9.38,3.53],[9.34,3.55],[9.34,3.6]]]}},{"type":"Feature","properties":{"precip":10},"geometry":{"type":"Polygon","coordinates":[[[17.55,3.55],[17.55,3.57],[17.62,3.6],[17.69,3.6],[17.69,3.59],[17.73,3.59],[17.73,3.57],[17.76,3.55],[17.76,3.53],[17.73,3.53],[17.73,3.52],[17.69,3.5],[17.58,3.5],[17.58,3.52],[17.55,3.53],[17.55,3.55]]]}},{"type":"Feature","properties":{"precip":10},"geometry":{"type":"Polygon","coordinates":[[[32.02,3.52],[32.05,3.55],[32.16,3.6],[32.2,3.6],[32.23,3.59],[32.23,3.55],[32.3,3.52],[32.38,3.52],[32.45,3.5],[32.77,3.5],[32.88,3.48],[32.95,3.48],[33.02,3.48],[33.1,3.48],[33.17,3.45],[33.17,3.41],[33.2,3.4],[33.2,3.38],[33.24,3.36],[33.24,3.33],[33.17,3.29],[33.17,3.23],[33.2,3.19],[33.2,3.18],[33.24,3.16],[33.28,3.14],[33.28,3.12],[33.31,3.12],[33.35,3.11],[33.38,3.11],[33.38,3.09],[33.42,3.09],[33.46,3.07],[33.46,3.04],[33.42,3.0],[33.35,2.97],[33.35,2.95],[33.38,2.94],[33.38,2.88],[33.42,2.87],[33.46,2.85],[33.46,2.83],[33.49,2.83],[33.49,2.82],[33.53,2.82],[33.53,2.85],[33.56,2.87],[33.56,2.88],[33.6,2.9],[33.64,2.87],[33.64,2.68],[33.6,2.63],[33.6,2.58],[33.53,2.52],[33.46,2.51],[33.38,2.51],[33.38,2.49],[33.35,2.47],[33.35,2.42],[33.31,2.41],[33.28,2.41],[33.28,2.39],[33.24,2.39],[33.2,2.41],[33.17,2.41],[33.17,2.44],[33.13,2.46],[33.13,2.49],[33.1,2.49],[33.1,2.51],[33.02,2.51],[32.99,2.52],[32.92,2.56],[32.92,2.59],[32.88,2.63],[32.84,2.64],[32.81,2.68],[32.74,2.68],[32.7,2.68],[32.66,2.7],[32.41,2.7],[32.38,2.71],[32.38,2.73],[32.34,2.75],[32.34,2.88],[32.3,2.88],[32.3,2.9],[32.27,2.92],[32.27,3.0],[32.23,3.02],[32.23,3.18],[32.2,3.19],[32.2,3.21],[32.16,3.21],[32.16,3.33],[32.12,3.36],[32.12,3.38],[32.09,3.4],[32.02,3.4],[31.94,3.43],[31.94,3.45],[31.98,3.47],[31.98,3.48],[32.02,3.52]]]}},{"type":"Feature","properties":{"precip":10},"geometry":{"type":"Polygon","coordinates":[[[10.06,3.45],[10.06,3.48],[10.09,3.48],[10.13,3.5],[10.17,3.5],[10.24,3.48],[10.24,3.43],[10.2,3.41],[10.2,3.4],[10.09,3.4],[10.09,3.41],[10.06,3.41],[10.06,3.45]]]}},{"type":"Feature","properties":{"precip":10},"geometry":{"type":"Polygon","coordinates":[[[30.36,3.45],[30.36,3.48],[30.4,3.48],[30.4,3.5],[30.43,3.48],[30.43,3.4],[30.4,3.4],[30.36,3.41],[30.36,3.45]]]}},{"type":"Feature","properties":{"precip":10},"geometry":{"type":"Polygon","coordinates":[[[10.96,3.31],[10.96,3.38],[10.99,3.38],[10.99,3.4],[11.1,3.4],[11.14,3.38],[11.14,3.33],[11.03,3.24],[11.03,3.21],[10.96,3.21],[10.96,3.31]]]}},{"type":"Feature","properties":{"precip":10},"geometry":{"type":"Polygon","coordinates":[[[18.23,3.35],[18.27,3.36],[18.27,3.4],[18.34,3.4],[18.34,3.31],[18.27,3.31],[18.27,3.33],[18.23,3.35]]]}},{"type":"Feature","properties":{"precip":10},"geometry":{"type":"Polygon","coordinates":[[[9.56,3.24],[9.56,3.28],[9.63,3.31],[9.66,3.31],[9.74,3.28],[9.74,3.18],[9.77,3.16],[9.77,3.12],[9.81,3.11],[9.88,3.11],[9.88,3.09],[9.91,3.09],[9.91,3.07],[9.95,3.07],[9.95,3.02],[9.91,3.0],[9.88,3.0],[9.88,2.99],[9.84,2.99],[9.84,2.92],[9.88,2.9],[9.95,2.9],[10.02,2.92],[10.06,2.95],[10.06,2.97],[10.09,2.99],[10.09,3.0],[10.13,3.02],[10.13,3.19],[10.17,3.23],[10.17,3.29],[10.2,3.29],[10.24,3.31],[10.27,3.31],[10.31,3.29],[10.31,3.28],[10.35,3.26],[10.35,2.87],[10.38,2.85],[10.38,2.8],[10.42,2.8],[10.42,2.71],[10.31,2.63],[10.24,2.59],[10.17,2.59],[10.17,2.56],[10.13,2.54],[10.13,2.52],[10.17,2.52],[10.17,2.51],[10.2,2.51],[10.2,2.49],[10.24,2.49],[10.24,2.37],[10.27,2.34],[10.27,2.32],[10.31,2.3],[10.42,2.3],[10.42,2.29],[10.45,2.27],[10.45,2.25],[10.42,2.23],[10.42,2.22],[10.38,2.18],[10.35,2.13],[10.27,2.11],[10.24,2.1],[10.2,2.1],[10.2,2.11],[10.17,2.15],[10.17,2.2],[10.13,2.25],[10.13,2.39],[10.09,2.39],[10.06,2.41],[10.06,2.56],[10.09,2.59],[10.09,2.61],[10.13,2.63],[10.13,2.68],[10.09,2.68],[10.09,2.71],[10.06,2.73],[10.06,2.75],[10.02,2.76],[10.02,2.78],[9.99,2.8],[9.95,2.78],[9.95,2.34],[9.91,2.25],[9.88,2.22],[9.88,2.17],[9.81,2.13],[9.77,2.1],[9.7,2.1],[9.7,2.08],[9.66,2.08],[9.66,1.84],[9.7,1.82],[9.7,1.81],[9.74,1.81],[9.77,1.79],[9.81,1.79],[9.81,1.77],[9.84,1.75],[9.84,1.65],[9.88,1.64],[9.88,1.62],[9.91,1.6],[10.17,1.6],[10.24,1.64],[10.24,1.69],[10.2,1.69],[10.17,1.7],[10.02,1.7],[10.02,1.72],[9.99,1.72],[9.99,1.74],[9.95,1.74],[9.95,1.77],[9.99,1.77],[9.99,1.79],[10.02,1.79],[10.06,1.81],[10.17,1.81],[10.2,1.82],[10.24,1.82],[10.24,1.84],[10.27,1.86],[10.27,1.89],[10.31,1.89],[10.31,1.87],[10.35,1.86],[10.35,1.82],[10.38,1.82],[10.38,1.81],[10.42,1.81],[10.53,1.75],[10.56,1.74],[10.6,1.72],[10.63,1.69],[10.63,1.6],[10.53,1.6],[10.45,1.64],[10.42,1.67],[10.42,1.7],[10.38,1.7],[10.38,1.69],[10.35,1.67],[10.35,1.64],[10.27,1.57],[10.27,1.53],[10.24,1.5],[10.24,1.46],[10.27,1.43],[10.27,1.41],[10.31,1.36],[10.42,1.31],[10.42,1.33],[10.45,1.34],[10.45,1.36],[10.49,1.4],[10.53,1.43],[10.63,1.48],[10.71,1.5],[10.81,1.5],[10.85,1.48],[10.85,1.43],[10.81,1.41],[10.74,1.41],[10.71,1.4],[10.67,1.4],[10.67,1.38],[10.63,1.36],[10.63,1.31],[10.6,1.31],[10.6,1.29],[10.53,1.29],[10.49,1.28],[10.49,1.26],[10.42,1.24],[10.42,1.21],[10.38,1.19],[10.35,1.16],[10.35,1.14],[10.31,1.12],[10.31,1.1],[10.27,1.1],[10.27,1.14],[10.2,1.17],[10.2,1.19],[10.13,1.19],[10.09,1.21],[9.95,1.21],[9.91,1.22],[9.88,1.22],[9.88,1.24],[9.84,1.24],[9.84,1.26],[9.77,1.29],[9.63,1.29],[9.56,1.26],[9.56,1.22],[9.59,1.22],[9.59,1.21],[9.66,1.21],[9.74,1.17],[9.74,1.12],[9.77,1.09],[9.77,1.04],[9.91,0.92],[9.95,0.92],[10.02,0.9],[10.09,0.9],[10.13,0.88],[10.13,0.73],[10.09,0.71],[10.06,0.71],[10.02,0.69],[9.88,0.69],[9.88,0.66],[9.84,0.63],[9.84,0.51],[9.81,0.45],[9.74,0.37],[9.7,0.3],[9.63,0.21],[9.56,0.15],[9.45,0.11],[9.45,0.1],[9.41,0.1],[9.38,0.08],[9.38,0.06],[9.34,0.03],[9.3,0.01],[9.23,-0.04],[9.23,-0.08],[9.16,-0.14],[9.09,-0.18],[9.05,-0.2],[8.98,-0.2],[8.98,-0.21],[8.94,-0.23],[8.94,-0.28],[8.91,-0.28],[8.91,-0.3],[8.84,-0.3],[8.8,-0.32],[8.76,-0.32],[8.76,-0.35],[8.73,-0.37],[8.73,-0.38],[8.69,-0.38],[8.69,-0.4],[8.62,-0.4],[8.62,-0.38],[8.58,-0.38],[8.58,-0.37],[8.55,-0.35],[8.55,-0.23],[8.48,-0.2],[8.44,-0.2],[8.37,-0.18],[8.37,-0.13],[8.33,-0.09],[8.33,-0.02],[8.3,-0.02],[8.3,-0.01],[8.22,-0.01],[8.19,0.01],[8.15,0.04],[8.15,0.33],[8.19,0.37],[8.19,0.4],[8.22,0.4],[8.22,0.47],[8.26,0.51],[8.26,0.71],[8.3,0.76],[8.3,0.81],[8.37,0.88],[8.44,0.9],[8.48,0.9],[8.51,0.92],[8.51,0.93],[8.55,0.93],[8.55,1.07],[8.58,1.09],[8.62,1.09],[8.62,1.14],[8.66,1.17],[8.66,1.38],[8.69,1.4],[8.69,1.41],[8.73,1.4],[8.73,1.38],[8.76,1.36],[8.76,1.33],[8.8,1.33],[8.8,1.31],[8.84,1.31],[8.87,1.29],[9.02,1.29],[9.05,1.31],[9.09,1.31],[9.16,1.34],[9.16,1.38],[9.2,1.4],[9.23,1.4],[9.27,1.41],[9.41,1.41],[9.45,1.41],[9.45,1.45],[9.41,1.48],[9.41,1.52],[9.38,1.53],[9.34,1.57],[9.23,1.6],[9.2,1.6],[9.16,1.62],[9.16,1.75],[9.3,1.89],[9.34,1.89],[9.38,1.89],[9.41,1.91],[9.41,1.93],[9.45,1.94],[9.45,2.06],[9.48,2.08],[9.48,2.1],[9.52,2.1],[9.52,2.13],[9.56,2.15],[9.56,2.29],[9.59,2.29],[9.59,2.3],[9.63,2.3],[9.63,2.37],[9.66,2.37],[9.66,2.42],[9.63,2.44],[9.63,2.49],[9.56,2.52],[9.56,2.66],[9.52,2.68],[9.48,2.68],[9.45,2.7],[9.23,2.7],[9.16,2.73],[9.16,2.8],[9.2,2.8],[9.2,2.82],[9.23,2.82],[9.23,3.06],[9.27,3.11],[9.27,3.16],[9.3,3.18],[9.3,3.19],[9.45,3.19],[9.48,3.21],[9.52,3.21],[9.52,3.23],[9.56,3.24]],[[9.84,2.54],[9.84,2.75],[9.81,2.78],[9.81,2.8],[9.7,2.8],[9.7,2.78],[9.66,2.76],[9.66,2.52],[9.7,2.51],[9.7,2.49],[9.74,2.49],[9.74,2.37],[9.77,2.35],[9.77,2.3],[9.81,2.3],[9.81,2.32],[9.84,2.35],[9.84,2.54]],[[9.56,1.86],[9.56,1.89],[9.52,1.89],[9.48,1.89],[9.45,1.89],[9.45,1.82],[9.48,1.81],[9.52,1.81],[9.52,1.82],[9.56,1.82],[9.56,1.86]],[[9.16,-0.04],[9.16,-0.02],[9.12,-0.02],[9.12,-0.01],[9.09,-0.01],[9.05,-0.02],[9.05,-0.08],[9.09,-0.09],[9.12,-0.09],[9.12,-0.08],[9.16,-0.06],[9.16,-0.04]]]}},{"type":"Feature","properties":{"precip":10},"geometry":{"type":"Polygon","coordinates":[[[10.74,3.19],[10.74,3.26],[10.78,3.28],[10.78,3.31],[10.81,3.31],[10.81,3.28],[10.85,3.26],[10.85,3.14],[10.89,3.12],[10.89,3.11],[10.92,3.11],[10.92,3.06],[10.96,3.04],[10.96,2.97],[10.92,2.95],[10.92,2.9],[10.89,2.9],[10.89,2.92],[10.85,2.94],[10.85,3.06],[10.81,3.07],[10.81,3.11],[10.78,3.11],[10.78,3.14],[10.74,3.16],[10.74,3.19]]]}},{"type":"Feature","properties":{"precip":10},"geometry":{"type":"Polygon","coordinates":[[[19.74,3.24],[19.74,3.28],[19.78,3.29],[19.78,3.31],[19.81,3.31],[19.81,3.29],[19.85,3.29],[19.85,3.21],[19.81,3.21],[19.81,3.19],[19.78,3.19],[19.78,3.21],[19.74,3.23],[19.74,3.24]]]}},{"type":"Feature","properties":{"precip":10},"geometry":{"type":"Polygon","coordinates":[[[30.36,3.16],[30.36,3.18],[30.4,3.19],[30.5,3.19],[30.5,3.18],[30.54,3.18],[30.54,3.12],[30.5,3.12],[30.5,3.11],[30.4,3.11],[30.36,3.12],[30.36,3.16]]]}},{"type":"Feature","properties":{"precip":10},"geometry":{"type":"Polygon","coordinates":[[[77.12,2.85],[77.12,2.88],[77.19,2.9],[77.22,2.9],[77.22,2.87],[77.26,2.87],[77.26,2.83],[77.22,2.83],[77.22,2.8],[77.19,2.8],[77.19,2.82],[77.12,2.82],[77.12,2.85]]]}},{"type":"Feature","properties":{"precip":10},"geometry":{"type":"Polygon","coordinates":[[[83.56,2.66],[83.56,2.68],[83.56,2.7],[83.7,2.7],[83.7,2.68],[83.74,2.68],[83.74,2.63],[83.67,2.59],[83.63,2.59],[83.56,2.61],[83.56,2.66]]]}},{"type":"Feature","properties":{"precip":10},"geometry":{"type":"Polygon","coordinates":[[[11.14,2.46],[11.14,2.52],[11.17,2.54],[11.17,2.58],[11.21,2.59],[11.32,2.59],[11.32,2.58],[11.35,2.56],[11.35,2.52],[11.32,2.52],[11.32,2.51],[11.28,2.51],[11.28,2.49],[11.25,2.47],[11.25,2.34],[11.21,2.32],[11.21,2.3],[11.17,2.3],[11.17,2.35],[11.14,2.37],[11.14,2.46]]]}},{"type":"Feature","properties":{"precip":10},"geometry":{"type":"Polygon","coordinates":[[[25.86,2.51],[25.86,2.58],[25.9,2.59],[25.93,2.59],[25.93,2.41],[25.9,2.41],[25.86,2.42],[25.86,2.51]]]}},{"type":"Feature","properties":{"precip":10},"geometry":{"type":"Polygon","coordinates":[[[29.64,2.54],[29.64,2.58],[29.68,2.58],[29.68,2.59],[29.71,2.59],[29.75,2.58],[29.75,2.52],[29.71,2.51],[29.68,2.51],[29.68,2.52],[29.64,2.52],[29.64,2.54]]]}},{"type":"Feature","properties":{"precip":10},"geometry":{"type":"Polygon","coordinates":[[[30.54,2.54],[30.54,2.58],[30.58,2.58],[30.58,2.59],[30.61,2.59],[30.65,2.58],[30.65,2.52],[30.61,2.52],[30.61,2.51],[30.58,2.49],[30.58,2.41],[30.61,2.39],[30.65,2.37],[30.65,2.35],[30.68,2.32],[30.68,2.3],[30.72,2.29],[30.72,2.27],[30.76,2.25],[30.76,2.22],[30.72,2.22],[30.54,2.22],[30.5,2.2],[30.36,2.2],[30.29,2.18],[30.29,2.17],[30.22,2.13],[30.18,2.1],[30.18,2.05],[30.14,2.05],[30.14,2.03],[30.11,2.03],[30.11,2.01],[30.07,2.01],[30.07,2.05],[30.04,2.05],[30.04,2.15],[30.07,2.17],[30.07,2.2],[30.14,2.2],[30.18,2.22],[30.22,2.22],[30.22,2.23],[30.25,2.25],[30.25,2.37],[30.4,2.49],[30.43,2.51],[30.5,2.51],[30.54,2.52],[30.54,2.54]]]}},{"type":"Feature","properties":{"precip":10},"geometry":{"type":"Polygon","coordinates":[[[31.15,2.54],[31.15,2.59],[31.22,2.59],[31.22,2.58],[31.26,2.56],[31.26,2.52],[31.22,2.52],[31.22,2.51],[31.15,2.51],[31.15,2.54]]]}},{"type":"Feature","properties":{"precip":10},"geometry":{"type":"Polygon","coordinates":[[[21.36,2.46],[21.36,2.51],[21.43,2.51],[21.43,2.41],[21.4,2.39],[21.36,2.41],[21.36,2.46]]]}},{"type":"Feature","properties":{"precip":10},"geometry":{"type":"Polygon","coordinates":[[[20.97,2.3],[20.97,2.37],[21.0,2.39],[21.07,2.39],[21.15,2.37],[21.18,2.34],[21.22,2.29],[21.22,2.27],[21.25,2.23],[21.25,2.22],[21.22,2.22],[21.15,2.22],[21.11,2.2],[21.07,2.22],[21.0,2.22],[20.97,2.22],[20.97,2.3]]]}},{"type":"Feature","properties":{"precip":10},"geometry":{"type":"Polygon","coordinates":[[[65.13,2.35],[65.17,2.37],[65.17,2.39],[65.24,2.39],[65.24,2.32],[65.2,2.3],[65.17,2.3],[65.17,2.35],[65.13,2.35]]]}},{"type":"Feature","properties":{"precip":10},"geometry":{"type":"Polygon","coordinates":[[[24.85,2.15],[24.85,2.2],[24.92,2.2],[24.92,2.18],[24.96,2.17],[24.96,2.13],[24.92,2.11],[24.92,2.1],[24.89,2.1],[24.85,2.11],[24.85,2.15]]]}},{"type":"Feature","properties":{"precip":10},"geometry":{"type":"Polygon","coordinates":[[[73.45,2.05],[73.45,2.18],[73.48,2.2],[73.55,2.17],[73.59,2.13],[73.59,2.1],[73.63,2.08],[73.63,2.03],[73.59,1.99],[73.59,1.98],[73.52,1.91],[73.48,1.89],[73.48,1.91],[73.45,1.93],[73.45,2.05]]]}},{"type":"Feature","properties":{"precip":10},"geometry":{"type":"Polygon","coordinates":[[[24.85,1.94],[24.85,1.99],[24.89,1.99],[24.89,2.01],[24.92,1.99],[24.92,1.98],[24.96,1.98],[24.96,1.93],[24.92,1.91],[24.92,1.89],[24.89,1.89],[24.85,1.91],[24.85,1.94]]]}},{"type":"Feature","properties":{"precip":10},"geometry":{"type":"Polygon","coordinates":[[[25.03,1.98],[25.03,1.99],[25.1,1.99],[25.14,1.98],[25.14,1.94],[25.18,1.93],[25.21,1.89],[25.21,1.86],[25.25,1.86],[25.25,1.82],[25.21,1.82],[25.21,1.81],[25.18,1.82],[25.18,1.84],[25.1,1.89],[25.07,1.91],[25.07,1.94],[25.03,1.98]]]}},{"type":"Feature","properties":{"precip":10},"geometry":{"type":"Polygon","coordinates":[[[73.27,1.94],[73.27,1.99],[73.34,1.99],[73.34,1.91],[73.3,1.89],[73.27,1.89],[73.27,1.94]]]}},{"type":"Feature","properties":{"precip":10},"geometry":{"type":"Polygon","coordinates":[[[18.81,1.82],[18.84,1.86],[18.84,1.87],[18.91,1.89],[18.95,1.89],[18.95,1.84],[18.91,1.82],[18.91,1.79],[18.88,1.77],[18.88,1.75],[18.84,1.74],[18.81,1.72],[18.77,1.72],[18.77,1.79],[18.81,1.82]]]}},{"type":"Feature","properties":{"precip":10},"geometry":{"type":"Polygon","coordinates":[[[24.13,1.74],[24.13,1.75],[24.17,1.77],[24.17,1.79],[24.2,1.81],[24.2,1.79],[24.24,1.79],[24.24,1.72],[24.2,1.7],[24.17,1.7],[24.17,1.74],[24.13,1.74]]]}},{"type":"Feature","properties":{"precip":10},"geometry":{"type":"Polygon","coordinates":[[[24.35,1.7],[24.35,1.77],[24.38,1.79],[24.42,1.77],[24.56,1.65],[24.56,1.62],[24.64,1.57],[24.71,1.53],[24.71,1.52],[24.74,1.5],[24.82,1.5],[24.82,1.48],[24.85,1.46],[24.85,1.43],[24.82,1.41],[24.74,1.41],[24.71,1.4],[24.67,1.4],[24.67,1.38],[24.64,1.36],[24.64,1.34],[24.67,1.33],[24.67,1.31],[24.71,1.31],[24.71,1.29],[24.82,1.29],[24.82,1.28],[24.85,1.26],[24.85,1.24],[24.82,1.22],[24.82,1.21],[24.71,1.21],[24.67,1.22],[24.67,1.24],[24.64,1.24],[24.64,1.26],[24.56,1.29],[24.35,1.29],[24.28,1.33],[24.28,1.34],[24.24,1.38],[24.24,1.53],[24.28,1.57],[24.28,1.58],[24.31,1.6],[24.31,1.62],[24.35,1.64],[24.35,1.7]]]}},{"type":"Feature","properties":{"precip":10},"geometry":{"type":"Polygon","coordinates":[[[34.75,1.74],[34.75,1.79],[34.79,1.79],[34.79,1.81],[34.82,1.81],[34.82,1.77],[34.86,1.77],[34.86,1.74],[34.82,1.74],[34.82,1.7],[34.79,1.7],[34.79,1.72],[34.75,1.72],[34.75,1.74]]]}},{"type":"Feature","properties":{"precip":10},"geometry":{"type":"Polygon","coordinates":[[[70.93,1.74],[70.93,1.75],[71.0,1.79],[71.03,1.79],[71.03,1.65],[71.0,1.62],[71.0,1.57],[70.96,1.55],[70.89,1.52],[70.89,1.5],[70.85,1.52],[70.85,1.67],[70.93,1.74]]]}},{"type":"Feature","properties":{"precip":10},"geometry":{"type":"Polygon","coordinates":[[[81.4,1.74],[81.4,1.75],[81.47,1.77],[81.47,1.79],[81.51,1.79],[81.54,1.81],[81.58,1.81],[81.58,1.79],[81.58,1.77],[81.65,1.77],[81.65,1.74],[81.58,1.74],[81.58,1.72],[81.58,1.7],[81.51,1.7],[81.51,1.72],[81.47,1.72],[81.47,1.74],[81.4,1.74]]]}},{"type":"Feature","properties":{"precip":10},"geometry":{"type":"Polygon","coordinates":[[[83.63,1.74],[83.63,1.75],[83.67,1.77],[83.67,1.79],[83.7,1.81],[83.7,1.79],[83.74,1.79],[83.74,1.72],[83.7,1.7],[83.67,1.7],[83.67,1.74],[83.63,1.74]]]}},{"type":"Feature","properties":{"precip":10},"geometry":{"type":"Polygon","coordinates":[[[15.35,1.65],[15.35,1.69],[15.39,1.7],[15.42,1.7],[15.42,1.69],[15.46,1.67],[15.46,1.64],[15.42,1.62],[15.42,1.6],[15.39,1.6],[15.35,1.62],[15.35,1.65]]]}},{"type":"Feature","properties":{"precip":10},"geometry":{"type":"Polygon","coordinates":[[[18.55,1.65],[18.55,1.7],[18.63,1.7],[18.63,1.67],[18.66,1.67],[18.66,1.64],[18.63,1.64],[18.63,1.6],[18.55,1.6],[18.55,1.65]]]}},{"type":"Feature","properties":{"precip":10},"geometry":{"type":"Polygon","coordinates":[[[29.24,1.65],[29.24,1.69],[29.28,1.69],[29.28,1.7],[29.32,1.7],[29.32,1.69],[29.35,1.69],[29.35,1.62],[29.32,1.62],[29.32,1.6],[29.28,1.6],[29.28,1.62],[29.24,1.62],[29.24,1.65]]]}},{"type":"Feature","properties":{"precip":10},"geometry":{"type":"Polygon","coordinates":[[[31.84,1.65],[31.84,1.67],[31.87,1.69],[31.87,1.7],[31.94,1.7],[31.94,1.6],[31.87,1.6],[31.87,1.62],[31.84,1.64],[31.84,1.65]]]}},{"type":"Feature","properties":{"precip":10},"geometry":{"type":"Polygon","coordinates":[[[24.96,1.55],[24.96,1.58],[25.0,1.6],[25.03,1.58],[25.03,1.5],[24.96,1.5],[24.96,1.55]]]}},{"type":"Feature","properties":{"precip":10},"geometry":{"type":"Polygon","coordinates":[[[32.84,1.55],[32.84,1.57],[32.88,1.57],[32.88,1.58],[32.95,1.58],[32.95,1.6],[33.06,1.6],[33.13,1.57],[33.13,1.22],[33.1,1.21],[33.02,1.21],[33.02,1.19],[32.99,1.19],[32.95,1.17],[32.95,1.14],[32.92,1.12],[32.92,1.1],[32.88,1.1],[32.88,1.12],[32.84,1.14],[32.84,1.16],[32.81,1.19],[32.81,1.21],[32.77,1.24],[32.7,1.26],[32.7,1.28],[32.66,1.29],[32.63,1.29],[32.56,1.33],[32.56,1.46],[32.63,1.5],[32.77,1.5],[32.77,1.52],[32.81,1.52],[32.81,1.53],[32.84,1.53],[32.84,1.55]],[[33.06,1.45],[33.06,1.46],[33.02,1.48],[33.02,1.5],[32.99,1.5],[32.95,1.48],[32.95,1.41],[32.99,1.41],[33.02,1.41],[33.06,1.43],[33.06,1.45]]]}},{"type":"Feature","properties":{"precip":10},"geometry":{"type":"Polygon","coordinates":[[[73.45,1.45],[73.45,1.46],[73.48,1.46],[73.48,1.48],[73.52,1.48],[73.55,1.5],[73.84,1.5],[73.88,1.48],[73.91,1.48],[73.91,1.46],[73.95,1.46],[73.95,1.43],[73.91,1.43],[73.91,1.41],[73.88,1.41],[73.84,1.41],[73.55,1.41],[73.52,1.41],[73.48,1.41],[73.48,1.43],[73.45,1.43],[73.45,1.45]]]}},{"type":"Feature","properties":{"precip":10},"geometry":{"type":"Polygon","coordinates":[[[21.87,1.34],[21.87,1.4],[21.9,1.4],[21.94,1.41],[21.97,1.41],[21.97,1.4],[22.01,1.4],[22.05,1.38],[22.05,1.33],[22.08,1.31],[22.08,1.29],[22.19,1.29],[22.23,1.28],[22.26,1.26],[22.3,1.21],[22.3,1.16],[22.33,1.1],[22.33,0.81],[22.3,0.81],[22.26,0.78],[22.12,0.78],[21.97,0.83],[21.87,0.93],[21.87,1.02],[21.83,1.04],[21.83,1.09],[21.79,1.09],[21.72,1.09],[21.72,1.1],[21.69,1.1],[21.65,1.12],[21.65,1.17],[21.69,1.17],[21.69,1.19],[21.76,1.19],[21.76,1.21],[21.87,1.21],[21.9,1.22],[21.94,1.22],[21.94,1.29],[21.87,1.29],[21.87,1.34]]]}},{"type":"Feature","properties":{"precip":10},"geometry":{"type":"Polygon","coordinates":[[[67.43,1.29],[67.43,1.33],[67.47,1.36],[67.47,1.38],[67.51,1.4],[67.58,1.4],[67.61,1.41],[67.76,1.41],[67.79,1.4],[67.87,1.4],[67.9,1.38],[67.94,1.38],[67.94,1.34],[67.97,1.33],[67.97,1.31],[68.01,1.31],[68.01,1.29],[68.12,1.29],[68.12,1.28],[68.15,1.26],[68.15,1.24],[68.08,1.21],[67.97,1.21],[67.94,1.19],[67.9,1.19],[67.87,1.17],[67.87,1.16],[67.83,1.14],[67.83,1.1],[67.79,1.1],[67.76,1.09],[67.72,1.09],[67.72,1.1],[67.69,1.1],[67.65,1.12],[67.65,1.17],[67.61,1.17],[67.61,1.19],[67.58,1.19],[67.58,1.21],[67.51,1.21],[67.47,1.22],[67.47,1.26],[67.43,1.28],[67.43,1.29]]]}},{"type":"Feature","properties":{"precip":10},"geometry":{"type":"Polygon","coordinates":[[[68.26,1.34],[68.26,1.4],[68.3,1.4],[68.33,1.41],[68.37,1.41],[68.37,1.4],[68.41,1.4],[68.44,1.38],[68.44,1.33],[68.37,1.29],[68.3,1.29],[68.3,1.31],[68.26,1.31],[68.26,1.34]]]}},{"type":"Feature","properties":{"precip":10},"geometry":{"type":"Polygon","coordinates":[[[96.73,1.34],[96.73,1.36],[96.77,1.38],[96.77,1.4],[96.77,1.41],[96.77,1.4],[96.84,1.4],[96.84,1.31],[96.77,1.29],[96.77,1.33],[96.73,1.34]]]}},{"type":"Feature","properties":{"precip":10},"geometry":{"type":"Polygon","coordinates":[[[34.25,1.17],[34.25,1.26],[34.32,1.29],[34.61,1.29],[34.61,1.28],[34.64,1.26],[34.64,0.93],[34.61,0.92],[34.57,0.92],[34.57,0.9],[34.54,0.9],[34.39,0.93],[34.36,0.93],[34.32,0.97],[34.28,1.02],[34.28,1.07],[34.25,1.1],[34.25,1.17]]]}},{"type":"Feature","properties":{"precip":10},"geometry":{"type":"Polygon","coordinates":[[[83.63,1.26],[83.67,1.26],[83.67,1.29],[83.74,1.29],[83.74,1.21],[83.67,1.21],[83.67,1.24],[83.63,1.24],[83.63,1.26]]]}},{"type":"Feature","properties":{"precip":10},"geometry":{"type":"Polygon","coordinates":[[[30.86,1.16],[30.86,1.19],[30.9,1.21],[30.9,1.19],[30.94,1.19],[30.94,1.1],[30.9,1.1],[30.9,1.09],[30.86,1.1],[30.86,1.16]]]}},{"type":"Feature","properties":{"precip":10},"geometry":{"type":"Polygon","coordinates":[[[68.55,1.16],[68.55,1.17],[68.59,1.19],[68.62,1.19],[68.62,1.21],[68.66,1.21],[68.69,1.19],[68.73,1.19],[68.73,1.16],[68.77,1.16],[68.73,1.14],[68.73,1.1],[68.69,1.1],[68.66,1.09],[68.62,1.09],[68.62,1.1],[68.59,1.1],[68.55,1.12],[68.55,1.16]]]}},{"type":"Feature","properties":{"precip":10},"geometry":{"type":"Polygon","coordinates":[[[24.56,1.05],[24.56,1.09],[24.64,1.09],[24.74,1.05],[24.78,1.02],[24.82,0.97],[24.85,0.95],[24.89,0.93],[24.89,0.9],[24.92,0.87],[24.92,0.81],[24.96,0.78],[24.96,0.71],[25.03,0.68],[25.03,0.63],[25.0,0.61],[25.0,0.59],[24.96,0.56],[24.92,0.54],[24.92,0.52],[24.89,0.52],[24.85,0.54],[24.85,0.56],[24.82,0.59],[24.74,0.63],[24.74,0.66],[24.71,0.69],[24.67,0.71],[24.67,0.78],[24.71,0.78],[24.74,0.83],[24.74,0.93],[24.71,0.97],[24.64,1.0],[24.6,1.0],[24.56,1.02],[24.56,1.05]]]}},{"type":"Feature","properties":{"precip":10},"geometry":{"type":"Polygon","coordinates":[[[29.14,1.05],[29.14,1.07],[29.17,1.09],[29.21,1.09],[29.24,1.09],[29.24,1.02],[29.21,1.0],[29.17,1.0],[29.17,1.02],[29.14,1.04],[29.14,1.05]]]}},{"type":"Feature","properties":{"precip":10},"geometry":{"type":"Polygon","coordinates":[[[69.67,1.0],[69.67,1.09],[69.7,1.09],[69.74,1.07],[69.77,1.04],[69.81,0.98],[69.85,0.97],[69.85,0.92],[69.81,0.92],[69.77,0.9],[69.74,0.9],[69.67,0.93],[69.67,1.0]]]}},{"type":"Feature","properties":{"precip":10},"geometry":{"type":"Polygon","coordinates":[[[23.7,0.81],[23.77,0.88],[23.77,0.9],[23.84,0.9],[23.84,0.83],[23.88,0.81],[23.88,0.78],[23.99,0.78],[24.02,0.81],[24.02,0.83],[24.06,0.83],[24.06,0.88],[24.1,0.88],[24.1,0.9],[24.31,0.9],[24.31,0.87],[24.35,0.85],[24.35,0.73],[24.31,0.71],[24.31,0.69],[24.28,0.69],[24.28,0.71],[24.24,0.73],[24.24,0.78],[24.2,0.78],[24.17,0.78],[24.17,0.76],[24.13,0.75],[24.13,0.64],[24.1,0.63],[24.1,0.59],[24.02,0.52],[23.99,0.51],[23.99,0.49],[23.95,0.51],[23.95,0.66],[23.92,0.68],[23.92,0.69],[23.88,0.69],[23.84,0.68],[23.84,0.63],[23.81,0.63],[23.81,0.61],[23.7,0.61],[23.66,0.63],[23.66,0.78],[23.7,0.81]],[[23.84,0.76],[23.84,0.78],[23.81,0.78],[23.77,0.78],[23.74,0.78],[23.74,0.73],[23.77,0.73],[23.77,0.69],[23.81,0.69],[23.81,0.71],[23.84,0.71],[23.84,0.76]]]}},{"type":"Feature","properties":{"precip":10},"geometry":{"type":"Polygon","coordinates":[[[25.5,0.81],[25.54,0.83],[25.54,0.87],[25.57,0.88],[25.57,0.9],[25.61,0.9],[25.64,0.88],[25.64,0.85],[25.72,0.78],[25.72,0.76],[25.75,0.73],[25.75,0.66],[25.72,0.63],[25.72,0.61],[25.64,0.54],[25.54,0.49],[25.5,0.49],[25.46,0.47],[25.46,0.4],[25.43,0.37],[25.43,0.32],[25.39,0.3],[25.36,0.3],[25.32,0.3],[25.28,0.3],[25.28,0.33],[25.25,0.35],[25.25,0.56],[25.28,0.57],[25.28,0.59],[25.32,0.61],[25.39,0.61],[25.39,0.63],[25.43,0.63],[25.43,0.66],[25.46,0.68],[25.46,0.78],[25.5,0.78],[25.5,0.81]]]}},{"type":"Feature","properties":{"precip":10},"geometry":{"type":"Polygon","coordinates":[[[30.86,0.85],[30.86,0.9],[30.94,0.9],[30.94,0.78],[30.86,0.78],[30.86,0.85]]]}},{"type":"Feature","properties":{"precip":10},"geometry":{"type":"Polygon","coordinates":[[[34.75,0.85],[34.75,0.88],[34.79,0.9],[34.82,0.9],[34.82,0.88],[34.86,0.87],[34.86,0.83],[34.82,0.81],[34.82,0.78],[34.79,0.78],[34.75,0.81],[34.75,0.85]]]}},{"type":"Feature","properties":{"precip":10},"geometry":{"type":"Polygon","coordinates":[[[23.34,0.76],[23.34,0.78],[23.38,0.78],[23.41,0.78],[23.45,0.78],[23.45,0.71],[23.41,0.71],[23.41,0.69],[23.38,0.69],[23.38,0.71],[23.34,0.73],[23.34,0.76]]]}},{"type":"Feature","properties":{"precip":10},"geometry":{"type":"Polygon","coordinates":[[[30.04,0.69],[30.04,0.73],[30.07,0.75],[30.07,0.78],[30.11,0.78],[30.29,0.78],[30.32,0.78],[30.32,0.71],[30.29,0.68],[30.25,0.63],[30.18,0.63],[30.14,0.61],[30.11,0.61],[30.11,0.63],[30.07,0.63],[30.04,0.66],[30.04,0.69]]]}},{"type":"Feature","properties":{"precip":10},"geometry":{"type":"Polygon","coordinates":[[[34.43,0.73],[34.43,0.76],[34.54,0.78],[34.64,0.76],[34.72,0.69],[34.72,0.66],[34.75,0.63],[34.75,0.52],[34.72,0.51],[34.72,0.49],[34.68,0.49],[34.68,0.47],[34.64,0.45],[34.64,0.32],[34.61,0.3],[34.57,0.3],[34.57,0.32],[34.54,0.33],[34.54,0.39],[34.5,0.39],[34.5,0.4],[34.46,0.4],[34.39,0.42],[34.39,0.44],[34.36,0.47],[34.36,0.63],[34.43,0.73]]]}},{"type":"Feature","properties":{"precip":10},"geometry":{"type":"Polygon","coordinates":[[[69.16,0.78],[69.2,0.78],[69.41,0.78],[69.45,0.78],[69.45,0.76],[69.41,0.75],[69.41,0.71],[69.38,0.66],[69.34,0.64],[69.34,0.63],[69.31,0.63],[69.27,0.63],[69.23,0.64],[69.23,0.66],[69.2,0.68],[69.2,0.71],[69.16,0.73],[69.16,0.78]]]}},{"type":"Feature","properties":{"precip":10},"geometry":{"type":"Polygon","coordinates":[[[71.54,0.76],[71.54,0.78],[71.57,0.78],[71.65,0.78],[71.68,0.78],[71.79,0.73],[71.9,0.59],[71.93,0.56],[71.93,0.51],[71.9,0.51],[71.86,0.49],[71.83,0.51],[71.79,0.51],[71.79,0.52],[71.75,0.54],[71.75,0.64],[71.72,0.66],[71.72,0.68],[71.68,0.69],[71.65,0.69],[71.61,0.71],[71.57,0.71],[71.57,0.73],[71.54,0.75],[71.54,0.76]]]}},{"type":"Feature","properties":{"precip":10},"geometry":{"type":"Polygon","coordinates":[[[97.13,0.76],[97.13,0.78],[97.2,0.78],[97.24,0.78],[97.24,0.71],[97.2,0.71],[97.2,0.69],[97.13,0.71],[97.13,0.76]]]}},{"type":"Feature","properties":{"precip":10},"geometry":{"type":"Polygon","coordinates":[[[31.76,0.61],[31.76,0.68],[31.8,0.68],[31.8,0.69],[31.91,0.69],[31.94,0.68],[31.94,0.63],[31.84,0.54],[31.8,0.52],[31.8,0.51],[31.76,0.51],[31.76,0.61]]]}},{"type":"Feature","properties":{"precip":10},"geometry":{"type":"Polygon","coordinates":[[[10.92,0.52],[10.92,0.56],[10.96,0.57],[11.03,0.59],[11.07,0.61],[11.1,0.61],[11.1,0.59],[11.14,0.57],[11.14,0.51],[11.1,0.51],[11.1,0.49],[11.07,0.49],[11.07,0.44],[11.03,0.42],[11.03,0.3],[10.99,0.3],[10.99,0.32],[10.96,0.33],[10.89,0.4],[10.89,0.44],[10.85,0.45],[10.89,0.45],[10.89,0.51],[10.92,0.52]]]}},{"type":"Feature","properties":{"precip":10},"geometry":{"type":"Polygon","coordinates":[[[11.25,0.49],[11.25,0.56],[11.28,0.57],[11.28,0.59],[11.32,0.61],[11.43,0.61],[11.43,0.54],[11.39,0.51],[11.39,0.47],[11.32,0.42],[11.28,0.4],[11.25,0.42],[11.25,0.49]]]}},{"type":"Feature","properties":{"precip":10},"geometry":{"type":"Polygon","coordinates":[[[73.55,0.56],[73.55,0.59],[73.59,0.61],[73.63,0.61],[73.63,0.57],[73.66,0.57],[73.66,0.52],[73.63,0.52],[73.63,0.51],[73.59,0.49],[73.59,0.51],[73.55,0.51],[73.55,0.56]]]}},{"type":"Feature","properties":{"precip":10},"geometry":{"type":"Polygon","coordinates":[[[97.13,0.49],[97.13,0.57],[97.2,0.59],[97.2,0.61],[97.31,0.61],[97.31,0.59],[97.31,0.54],[97.2,0.42],[97.2,0.4],[97.13,0.4],[97.13,0.49]]]}},{"type":"Feature","properties":{"precip":10},"geometry":{"type":"Polygon","coordinates":[[[25.72,0.44],[25.75,0.45],[25.82,0.49],[25.93,0.49],[26.0,0.47],[26.04,0.45],[26.11,0.4],[26.11,0.3],[26.08,0.27],[26.04,0.25],[26.04,0.23],[26.0,0.21],[25.97,0.21],[25.97,0.23],[25.93,0.27],[25.93,0.3],[25.9,0.3],[25.86,0.28],[25.86,0.23],[25.79,0.2],[25.75,0.2],[25.64,0.25],[25.64,0.33],[25.68,0.35],[25.68,0.42],[25.72,0.44]]]}},{"type":"Feature","properties":{"precip":10},"geometry":{"type":"Polygon","coordinates":[[[32.23,0.45],[32.27,0.45],[32.27,0.49],[32.34,0.49],[32.34,0.42],[32.3,0.4],[32.27,0.4],[32.27,0.44],[32.23,0.45]]]}},{"type":"Feature","properties":{"precip":10},"geometry":{"type":"Polygon","coordinates":[[[21.65,0.25],[21.69,0.3],[21.76,0.37],[21.83,0.4],[21.83,0.37],[21.87,0.35],[21.87,0.3],[21.94,0.3],[22.01,0.3],[22.01,0.28],[22.05,0.28],[22.05,0.25],[22.08,0.23],[22.08,0.2],[22.12,0.2],[22.12,0.23],[22.15,0.28],[22.15,0.3],[22.23,0.3],[22.23,0.25],[22.26,0.2],[22.26,0.03],[22.33,-0.01],[22.37,-0.01],[22.48,-0.04],[22.48,-0.09],[22.51,-0.09],[22.51,-0.06],[22.55,-0.04],[22.55,-0.02],[22.62,-0.01],[22.69,-0.01],[22.73,-0.02],[22.73,-0.11],[22.77,-0.16],[22.77,-0.28],[22.8,-0.3],[22.84,-0.3],[22.91,-0.33],[22.94,-0.35],[22.98,-0.4],[23.02,-0.47],[23.02,-0.54],[23.05,-0.62],[23.05,-0.88],[23.02,-0.91],[23.02,-0.98],[22.98,-1.0],[22.98,-1.02],[22.94,-1.03],[22.94,-1.24],[22.91,-1.26],[22.91,-1.29],[22.87,-1.31],[22.87,-1.33],[22.84,-1.34],[22.84,-1.36],[22.8,-1.38],[22.8,-1.41],[22.77,-1.43],[22.77,-1.5],[22.73,-1.51],[22.73,-1.58],[22.69,-1.6],[22.69,-1.62],[22.66,-1.63],[22.66,-1.65],[22.62,-1.67],[22.62,-1.68],[22.59,-1.72],[22.59,-1.75],[22.55,-1.77],[22.55,-1.94],[22.59,-1.96],[22.59,-1.99],[22.66,-1.99],[22.69,-2.01],[22.73,-2.01],[22.73,-2.04],[22.77,-2.06],[22.77,-2.1],[22.8,-2.1],[22.87,-2.1],[22.94,-2.13],[22.94,-2.23],[22.98,-2.25],[22.98,-2.28],[23.02,-2.32],[23.02,-2.33],[23.05,-2.35],[23.05,-2.37],[23.09,-2.4],[23.12,-2.44],[23.12,-2.51],[23.16,-2.54],[23.16,-2.69],[23.2,-2.69],[23.2,-2.71],[23.23,-2.71],[23.23,-2.9],[23.27,-2.93],[23.27,-2.97],[23.34,-3.0],[23.77,-3.0],[23.84,-3.02],[23.88,-3.02],[23.95,-3.05],[23.95,-3.16],[23.99,-3.17],[23.99,-3.21],[24.1,-3.21],[24.13,-3.21],[24.13,-3.24],[24.17,-3.28],[24.17,-3.29],[24.28,-3.29],[24.38,-3.21],[24.42,-3.19],[24.42,-3.16],[24.46,-3.14],[24.46,-3.12],[24.49,-3.12],[24.53,-3.1],[24.56,-3.1],[24.56,-3.09],[24.64,-3.09],[24.64,-3.05],[24.67,-3.04],[24.67,-3.02],[24.71,-3.02],[24.74,-3.0],[24.85,-3.0],[24.89,-3.02],[24.92,-3.02],[24.92,-3.04],[24.96,-3.05],[24.96,-3.09],[25.0,-3.09],[25.03,-3.1],[25.07,-3.1],[25.1,-3.14],[25.18,-3.17],[25.21,-3.22],[25.28,-3.28],[25.32,-3.33],[25.32,-3.38],[25.36,-3.41],[25.36,-3.5],[25.43,-3.5],[25.43,-3.46],[25.46,-3.45],[25.46,-3.41],[25.5,-3.41],[25.5,-3.4],[25.57,-3.4],[25.64,-3.36],[25.64,-3.33],[25.57,-3.29],[25.57,-3.21],[25.61,-3.19],[25.64,-3.14],[25.72,-3.1],[25.75,-3.14],[25.75,-3.46],[25.79,-3.48],[25.79,-3.5],[25.82,-3.52],[25.82,-3.53],[25.86,-3.55],[25.86,-3.69],[25.9,-3.69],[25.93,-3.69],[25.97,-3.7],[26.0,-3.7],[26.0,-3.72],[26.04,-3.74],[26.04,-3.82],[26.08,-3.84],[26.08,-3.89],[26.11,-3.91],[26.15,-3.96],[26.22,-3.98],[26.33,-3.99],[26.36,-3.99],[26.44,-3.98],[26.44,-3.93],[26.47,-3.93],[26.47,-3.91],[26.51,-3.91],[26.51,-3.89],[26.58,-3.89],[26.58,-3.87],[26.62,-3.87],[26.62,-3.86],[26.65,-3.84],[26.69,-3.82],[26.69,-3.81],[26.72,-3.77],[26.72,-3.7],[26.62,-3.62],[26.54,-3.53],[26.54,-3.45],[26.58,-3.41],[26.62,-3.4],[26.69,-3.4],[26.69,-3.38],[26.72,-3.38],[26.72,-3.36],[26.76,-3.36],[26.76,-3.33],[26.72,-3.33],[26.72,-3.31],[26.69,-3.29],[26.69,-3.28],[26.65,-3.26],[26.65,-2.97],[26.62,-2.93],[26.62,-2.9],[26.54,-2.9],[26.51,-2.88],[26.47,-2.88],[26.47,-2.87],[26.44,-2.85],[26.44,-2.73],[26.4,-2.71],[26.4,-2.69],[26.36,-2.69],[26.36,-2.4],[26.4,-2.4],[26.44,-2.4],[26.44,-2.45],[26.47,-2.47],[26.47,-2.49],[26.51,-2.49],[26.54,-2.51],[26.58,-2.51],[26.62,-2.52],[26.62,-2.54],[26.65,-2.56],[26.65,-2.66],[26.69,-2.68],[26.69,-2.69],[26.72,-2.69],[26.76,-2.71],[26.83,-2.71],[26.87,-2.69],[26.9,-2.69],[26.9,-2.68],[26.94,-2.68],[26.94,-2.64],[26.98,-2.63],[26.98,-2.61],[27.01,-2.61],[27.05,-2.59],[27.16,-2.59],[27.19,-2.57],[27.23,-2.57],[27.23,-2.52],[27.26,-2.51],[27.26,-2.42],[27.3,-2.4],[27.34,-2.4],[27.37,-2.4],[27.48,-2.4],[27.55,-2.37],[27.55,-2.32],[27.59,-2.32],[27.59,-2.3],[27.66,-2.3],[27.7,-2.28],[27.73,-2.28],[27.73,-2.11],[27.77,-2.06],[27.77,-1.92],[27.8,-1.89],[27.88,-1.82],[27.91,-1.8],[27.98,-1.79],[28.02,-1.79],[28.02,-1.77],[28.06,-1.77],[28.06,-1.74],[28.09,-1.72],[28.13,-1.72],[28.16,-1.7],[28.34,-1.7],[28.38,-1.72],[28.42,-1.72],[28.42,-1.74],[28.45,-1.75],[28.45,-1.89],[28.49,-1.89],[28.49,-1.91],[28.52,-1.91],[28.52,-1.96],[28.56,-1.99],[28.56,-2.1],[28.52,-2.13],[28.52,-2.2],[28.49,-2.2],[28.49,-2.22],[28.45,-2.22],[28.45,-2.35],[28.42,-2.37],[28.42,-2.4],[28.38,-2.4],[28.38,-2.45],[28.34,-2.49],[28.34,-2.75],[28.31,-2.78],[28.27,-2.8],[28.24,-2.8],[28.2,-2.81],[28.06,-2.93],[28.06,-3.05],[28.02,-3.05],[28.02,-3.07],[27.98,-3.09],[27.91,-3.09],[27.84,-3.1],[27.73,-3.1],[27.66,-3.14],[27.66,-3.16],[27.59,-3.19],[27.55,-3.19],[27.48,-3.21],[27.3,-3.21],[27.26,-3.21],[27.19,-3.21],[27.16,-3.22],[27.16,-3.29],[27.23,-3.33],[27.23,-3.34],[27.26,-3.36],[27.23,-3.36],[27.23,-3.38],[27.16,-3.41],[27.16,-3.48],[27.19,-3.5],[27.26,-3.5],[27.34,-3.53],[27.37,-3.55],[27.37,-3.58],[27.41,-3.6],[27.41,-3.58],[27.44,-3.55],[27.44,-3.53],[27.55,-3.5],[27.59,-3.52],[27.62,-3.52],[27.62,-3.53],[27.66,-3.55],[27.66,-3.58],[27.7,-3.58],[27.7,-3.6],[27.8,-3.6],[27.8,-3.62],[27.84,-3.64],[27.84,-3.86],[27.8,-3.87],[27.8,-3.89],[27.7,-3.89],[27.66,-3.87],[27.66,-3.84],[27.62,-3.84],[27.62,-3.82],[27.59,-3.82],[27.59,-3.81],[27.41,-3.81],[27.37,-3.82],[27.34,-3.84],[27.37,-3.86],[27.37,-3.89],[27.41,-3.93],[27.48,-3.96],[27.48,-3.98],[27.55,-3.98],[27.62,-3.99],[27.66,-3.99],[27.84,-3.99],[27.91,-4.01],[27.95,-4.03],[27.95,-4.08],[27.88,-4.1],[27.84,-4.13],[27.84,-4.17],[27.88,-4.17],[27.91,-4.2],[28.02,-4.2],[28.06,-4.23],[28.06,-4.29],[28.02,-4.29],[27.95,-4.32],[27.95,-4.37],[28.02,-4.39],[28.02,-4.41],[28.09,-4.41],[28.13,-4.42],[28.13,-4.47],[28.16,-4.49],[28.13,-4.53],[28.13,-4.59],[28.02,-4.61],[27.91,-4.68],[27.84,-4.78],[27.77,-4.83],[27.77,-4.88],[27.73,-4.94],[27.73,-4.95],[27.7,-4.99],[27.59,-5.0],[27.48,-4.97],[27.41,-4.9],[27.34,-4.83],[27.34,-4.82],[27.23,-4.8],[27.16,-4.78],[27.12,-4.75],[27.12,-4.7],[27.08,-4.7],[27.08,-4.73],[27.05,-4.76],[26.94,-4.8],[26.83,-4.8],[26.8,-4.8],[26.65,-4.8],[26.54,-4.83],[26.54,-4.87],[26.47,-4.88],[26.4,-4.88],[26.33,-4.9],[25.75,-4.9],[25.64,-4.88],[25.54,-4.85],[25.54,-4.82],[25.5,-4.8],[25.39,-4.8],[25.36,-4.82],[25.36,-4.85],[25.25,-4.9],[25.14,-4.9],[25.03,-4.85],[25.03,-4.83],[24.96,-4.8],[24.85,-4.8],[24.78,-4.8],[24.71,-4.8],[24.64,-4.73],[24.64,-4.58],[24.67,-4.54],[24.67,-4.51],[24.71,-4.49],[24.82,-4.49],[24.85,-4.47],[24.85,-4.42],[24.89,-4.41],[24.96,-4.41],[24.96,-4.39],[25.03,-4.37],[25.07,-4.34],[25.07,-4.32],[25.14,-4.25],[25.21,-4.22],[25.21,-4.2],[25.28,-4.2],[25.32,-4.17],[25.36,-4.17],[25.36,-4.13],[25.28,-4.1],[25.21,-4.1],[25.21,-4.08],[25.14,-4.05],[25.14,-4.03],[25.07,-3.98],[25.07,-3.96],[24.96,-3.91],[24.89,-3.89],[24.78,-3.89],[24.78,-3.91],[24.71,-3.91],[24.64,-3.94],[24.64,-3.98],[24.6,-3.99],[24.49,-3.99],[24.46,-4.01],[24.46,-4.06],[24.42,-4.1],[24.35,-4.1],[24.24,-4.15],[24.2,-4.17],[24.2,-4.2],[24.17,-4.22],[24.17,-4.25],[24.1,-4.29],[23.99,-4.3],[23.74,-4.3],[23.66,-4.32],[23.66,-4.63],[23.74,-4.73],[23.81,-4.78],[23.95,-4.8],[24.02,-4.8],[24.13,-4.83],[24.24,-4.94],[24.24,-5.07],[24.28,-5.07],[24.28,-5.11],[24.31,-5.11],[24.35,-5.12],[24.35,-5.28],[24.31,-5.28],[24.28,-5.3],[24.17,-5.3],[24.06,-5.33],[23.99,-5.4],[23.95,-5.43],[23.95,-5.57],[24.02,-5.6],[24.17,-5.6],[24.28,-5.6],[24.35,-5.6],[24.46,-5.65],[24.53,-5.74],[24.53,-5.76],[24.56,-5.83],[24.56,-5.89],[24.64,-5.91],[24.64,-6.07],[24.56,-6.12],[24.49,-6.12],[24.46,-6.12],[24.46,-6.17],[24.42,-6.17],[24.38,-6.2],[24.28,-6.2],[24.2,-6.22],[24.2,-6.24],[24.13,-6.25],[24.13,-6.27],[23.99,-6.39],[23.95,-6.39],[23.95,-6.27],[23.92,-6.24],[23.92,-6.2],[23.77,-6.07],[23.77,-6.05],[23.74,-6.03],[23.74,-5.95],[23.7,-5.91],[23.63,-5.84],[23.63,-5.83],[23.56,-5.79],[23.48,-5.77],[23.38,-5.69],[23.38,-5.6],[23.45,-5.59],[23.45,-5.53],[23.34,-5.5],[23.2,-5.5],[23.09,-5.53],[22.94,-5.65],[22.94,-5.74],[22.91,-5.76],[22.91,-5.79],[22.84,-5.86],[22.73,-5.91],[22.66,-5.91],[22.66,-5.96],[22.62,-6.0],[22.51,-6.0],[22.48,-6.01],[22.48,-6.05],[22.44,-6.07],[22.44,-6.18],[22.37,-6.22],[22.37,-6.29],[22.33,-6.32],[22.33,-6.39],[22.37,-6.41],[22.37,-6.49],[22.41,-6.49],[22.44,-6.53],[22.44,-6.65],[22.48,-6.66],[22.48,-6.7],[22.51,-6.7],[22.66,-6.73],[22.66,-6.77],[22.73,-6.85],[22.73,-6.87],[22.77,-6.92],[22.77,-7.01],[22.84,-7.02],[22.84,-7.07],[22.8,-7.09],[22.73,-7.09],[22.66,-7.13],[22.66,-7.18],[22.62,-7.18],[22.59,-7.19],[22.48,-7.19],[22.44,-7.23],[22.44,-7.28],[22.41,-7.3],[22.33,-7.3],[22.26,-7.26],[22.15,-7.18],[22.15,-7.04],[22.05,-6.95],[21.97,-6.92],[21.9,-6.9],[21.83,-6.9],[21.72,-6.89],[21.69,-6.9],[21.54,-6.9],[21.47,-6.92],[21.43,-6.95],[21.43,-6.99],[21.4,-7.01],[21.33,-7.01],[21.25,-6.99],[21.25,-6.92],[21.15,-6.89],[21.07,-6.89],[21.07,-6.87],[21.04,-6.87],[21.04,-6.82],[21.0,-6.8],[20.89,-6.8],[20.86,-6.78],[20.86,-6.73],[20.79,-6.72],[20.5,-6.72],[20.46,-6.73],[20.46,-6.8],[20.53,-6.8],[20.53,-6.89],[20.46,-6.89],[20.39,-6.9],[20.35,-6.94],[20.35,-7.26],[20.32,-7.31],[20.32,-7.38],[20.28,-7.4],[20.28,-7.43],[20.17,-7.5],[20.07,-7.5],[20.07,-7.45],[20.03,-7.43],[20.03,-7.4],[19.96,-7.42],[19.96,-7.49],[19.92,-7.5],[19.92,-7.55],[19.85,-7.67],[19.78,-7.71],[19.71,-7.79],[19.67,-7.81],[19.67,-7.76],[19.63,-7.74],[19.63,-7.62],[19.6,-7.61],[19.53,-7.61],[19.45,-7.57],[19.45,-7.54],[19.38,-7.5],[19.27,-7.5],[19.13,-7.52],[19.06,-7.55],[18.91,-7.66],[18.84,-7.78],[18.84,-7.88],[18.77,-7.9],[18.77,-7.96],[18.73,-7.98],[18.73,-8.17],[18.66,-8.19],[18.66,-8.2],[18.59,-8.2],[18.55,-8.22],[18.55,-8.29],[18.63,-8.31],[18.63,-8.39],[18.55,-8.38],[18.55,-8.34],[18.52,-8.31],[18.45,-8.31],[18.34,-8.31],[18.27,-8.31],[18.27,-8.38],[18.23,-8.41],[18.23,-8.5],[18.16,-8.51],[18.16,-8.63],[18.12,-8.65],[18.12,-8.7],[18.09,-8.7],[18.05,-8.73],[18.05,-8.85],[17.98,-8.91],[17.83,-8.91],[17.76,-8.89],[17.76,-8.7],[17.83,-8.68],[17.83,-8.43],[17.87,-8.39],[17.87,-8.31],[17.91,-8.29],[17.94,-8.22],[17.94,-7.88],[17.87,-7.76],[17.83,-7.72],[17.8,-7.72],[17.73,-7.69],[17.65,-7.69],[17.58,-7.67],[17.51,-7.62],[17.47,-7.57],[17.4,-7.5],[17.37,-7.47],[17.37,-7.43],[17.4,-7.42],[17.4,-7.38],[17.44,-7.38],[17.44,-7.21],[17.4,-7.14],[17.33,-7.06],[17.29,-6.99],[17.22,-6.9],[17.15,-6.85],[17.04,-6.8],[16.97,-6.78],[16.97,-6.75],[16.93,-6.73],[16.93,-6.63],[16.9,-6.61],[16.9,-6.58],[16.83,-6.54],[16.79,-6.48],[16.75,-6.44],[16.79,-6.39],[16.86,-6.36],[16.93,-6.32],[17.04,-6.3],[17.37,-6.3],[17.44,-6.32],[17.44,-6.37],[17.51,-6.39],[17.58,-6.39],[17.65,-6.37],[17.65,-6.32],[17.73,-6.3],[17.73,-6.39],[17.65,-6.41],[17.65,-6.46],[17.8,-6.49],[17.94,-6.49],[18.05,-6.51],[18.52,-6.51],[18.66,-6.54],[18.66,-6.58],[18.7,-6.6],[18.77,-6.6],[18.81,-6.61],[18.88,-6.68],[18.91,-6.72],[18.91,-6.77],[18.95,-6.82],[18.95,-6.95],[18.99,-7.01],[19.06,-6.97],[19.06,-6.92],[19.09,-6.9],[19.2,-6.9],[19.24,-6.89],[19.38,-6.89],[19.42,-6.87],[19.45,-6.87],[19.45,-6.82],[19.38,-6.8],[19.38,-6.77],[19.35,-6.75],[19.35,-6.54],[19.38,-6.54],[19.38,-6.51],[19.45,-6.51],[19.56,-6.46],[19.56,-6.41],[19.6,-6.39],[19.67,-6.39],[19.74,-6.37],[19.78,-6.32],[19.89,-6.37],[19.89,-6.39],[19.99,-6.49],[20.07,-6.44],[20.07,-6.41],[20.1,-6.39],[20.14,-6.41],[20.14,-6.44],[20.17,-6.49],[20.25,-6.46],[20.25,-6.42],[20.32,-6.39],[20.39,-6.39],[20.43,-6.39],[20.43,-6.32],[20.46,-6.29],[20.46,-6.2],[20.43,-6.17],[20.43,-6.12],[20.39,-6.12],[20.28,-6.12],[20.21,-6.08],[20.14,-6.07],[20.14,-6.03],[20.07,-6.0],[19.96,-6.0],[19.85,-6.03],[19.85,-6.07],[19.78,-6.12],[19.67,-6.07],[19.56,-5.98],[19.49,-5.89],[19.45,-5.86],[19.45,-5.81],[19.49,-5.79],[19.56,-5.79],[19.63,-5.76],[19.67,-5.72],[19.71,-5.71],[19.71,-5.67],[19.74,-5.65],[19.74,-5.62],[19.71,-5.6],[19.67,-5.6],[19.67,-5.52],[19.71,-5.5],[19.71,-5.47],[19.74,-5.43],[19.81,-5.41],[19.89,-5.47],[19.89,-5.5],[19.92,-5.5],[19.92,-5.45],[19.99,-5.41],[20.07,-5.4],[20.14,-5.4],[20.21,-5.38],[20.28,-5.31],[20.32,-5.26],[20.32,-5.19],[20.35,-5.12],[20.35,-4.83],[20.46,-4.75],[20.46,-4.71],[20.43,-4.68],[20.43,-4.64],[20.39,-4.61],[20.39,-4.58],[20.35,-4.54],[20.28,-4.51],[20.21,-4.49],[20.14,-4.49],[20.14,-4.47],[20.07,-4.47],[19.96,-4.32],[20.03,-4.27],[20.1,-4.23],[20.17,-4.22],[20.28,-4.2],[20.64,-4.2],[20.75,-4.25],[20.75,-4.35],[20.86,-4.41],[21.0,-4.41],[21.04,-4.44],[21.04,-4.54],[21.07,-4.56],[21.07,-4.59],[21.11,-4.61],[21.18,-4.61],[21.25,-4.68],[21.33,-4.73],[21.36,-4.78],[21.43,-4.88],[21.43,-4.94],[21.47,-4.95],[21.47,-4.99],[21.51,-4.99],[21.51,-5.02],[21.54,-5.07],[21.54,-5.55],[21.58,-5.6],[21.58,-5.69],[21.61,-5.71],[21.65,-5.69],[21.65,-5.62],[21.69,-5.6],[21.76,-5.6],[21.83,-5.6],[21.94,-5.62],[21.94,-5.65],[22.01,-5.69],[22.12,-5.71],[22.3,-5.71],[22.33,-5.69],[22.44,-5.67],[22.44,-5.6],[22.37,-5.6],[22.37,-5.57],[22.33,-5.55],[22.44,-5.5],[22.73,-5.5],[22.84,-5.47],[22.84,-5.24],[22.77,-5.16],[22.69,-5.12],[22.55,-5.11],[22.26,-5.11],[22.15,-5.07],[22.15,-4.76],[22.12,-4.71],[22.08,-4.7],[21.97,-4.7],[21.9,-4.71],[21.9,-4.73],[21.83,-4.76],[21.83,-4.78],[21.72,-4.87],[21.72,-4.9],[21.65,-4.85],[21.65,-4.64],[21.61,-4.64],[21.61,-4.61],[21.58,-4.61],[21.47,-4.56],[21.36,-4.47],[21.33,-4.42],[21.25,-4.32],[21.25,-4.23],[21.22,-4.2],[21.15,-4.18],[21.15,-4.15],[21.22,-4.11],[21.33,-4.1],[21.47,-4.1],[21.54,-4.06],[21.54,-4.03],[21.61,-3.99],[21.72,-3.99],[21.76,-3.99],[21.83,-3.98],[21.83,-3.93],[21.87,-3.89],[21.87,-3.81],[21.9,-3.81],[21.9,-3.79],[21.94,-3.77],[21.94,-3.48],[21.97,-3.45],[21.97,-3.43],[22.01,-3.41],[22.08,-3.4],[22.41,-3.4],[22.48,-3.38],[22.51,-3.38],[22.51,-3.36],[22.55,-3.34],[22.55,-3.21],[22.51,-3.17],[22.51,-3.12],[22.48,-3.09],[22.44,-3.05],[22.41,-3.04],[22.37,-3.0],[22.33,-3.0],[22.26,-2.97],[22.23,-2.92],[22.15,-2.88],[22.12,-2.81],[22.05,-2.73],[22.05,-2.63],[22.08,-2.61],[22.08,-2.59],[22.12,-2.59],[22.12,-2.57],[22.15,-2.56],[22.15,-2.45],[22.12,-2.44],[22.12,-2.4],[22.08,-2.4],[22.01,-2.4],[21.97,-2.39],[21.94,-2.35],[21.94,-2.33],[21.97,-2.32],[21.97,-2.3],[22.01,-2.27],[22.05,-2.25],[22.01,-2.23],[22.01,-2.22],[21.97,-2.2],[21.97,-2.13],[21.94,-2.1],[21.94,-1.92],[21.9,-1.91],[21.9,-1.89],[21.87,-1.87],[21.87,-1.82],[21.9,-1.82],[21.94,-1.79],[21.94,-1.72],[21.9,-1.72],[21.87,-1.7],[21.76,-1.7],[21.72,-1.68],[21.69,-1.68],[21.65,-1.67],[21.65,-1.62],[21.61,-1.62],[21.58,-1.62],[21.54,-1.6],[21.51,-1.6],[21.51,-1.58],[21.47,-1.58],[21.47,-1.56],[21.43,-1.55],[21.4,-1.51],[21.4,-1.48],[21.36,-1.46],[21.33,-1.44],[21.33,-1.43],[21.29,-1.43],[21.29,-1.41],[21.25,-1.41],[21.22,-1.39],[21.18,-1.39],[21.18,-1.38],[21.15,-1.36],[21.15,-1.26],[21.11,-1.22],[21.11,-1.21],[21.07,-1.19],[21.07,-1.15],[21.04,-1.14],[21.0,-1.1],[20.97,-1.09],[20.97,-0.64],[21.0,-0.61],[21.0,-0.57],[21.04,-0.57],[21.04,-0.52],[21.0,-0.52],[21.0,-0.5],[20.97,-0.5],[20.97,-0.37],[21.04,-0.28],[21.07,-0.21],[21.11,-0.18],[21.18,-0.14],[21.22,-0.11],[21.25,-0.09],[21.29,-0.09],[21.33,-0.08],[21.33,-0.04],[21.36,-0.02],[21.36,0.08],[21.4,0.1],[21.43,0.1],[21.43,0.11],[21.47,0.11],[21.51,0.13],[21.54,0.15],[21.58,0.16],[21.58,0.2],[21.61,0.21],[21.65,0.25]],[[21.43,-5.55],[21.43,-5.5],[21.36,-5.5],[21.36,-5.6],[21.43,-5.6],[21.43,-5.55]],[[18.16,-7.95],[18.12,-7.93],[18.12,-7.9],[18.09,-7.9],[18.05,-7.93],[18.05,-8.07],[18.12,-8.1],[18.27,-8.1],[18.34,-8.14],[18.34,-8.17],[18.37,-8.17],[18.37,-8.2],[18.45,-8.17],[18.45,-8.03],[18.41,-8.0],[18.27,-8.0],[18.16,-7.98],[18.16,-7.95]]]}},{"type":"Feature","properties":{"precip":10},"geometry":{"type":"Polygon","coordinates":[[[23.66,0.16],[23.7,0.21],[23.77,0.28],[23.81,0.3],[23.84,0.3],[23.84,0.21],[23.81,0.21],[23.81,0.2],[23.77,0.2],[23.77,0.18],[23.74,0.16],[23.74,0.15],[23.77,0.15],[23.77,0.13],[23.81,0.11],[23.88,0.11],[23.92,0.1],[23.99,0.1],[23.99,0.08],[24.02,0.08],[24.06,0.06],[24.06,0.01],[24.13,0.01],[24.13,0.06],[24.17,0.1],[24.2,0.1],[24.24,0.06],[24.24,-0.06],[24.28,-0.08],[24.28,-0.09],[24.31,-0.09],[24.35,-0.08],[24.35,-0.02],[24.38,-0.02],[24.38,-0.01],[24.49,-0.01],[24.53,-0.02],[24.53,-0.06],[24.56,-0.09],[24.56,-0.13],[24.53,-0.18],[24.53,-0.2],[24.46,-0.23],[24.46,-0.26],[24.49,-0.28],[24.53,-0.32],[24.53,-0.33],[24.56,-0.37],[24.56,-0.4],[24.53,-0.45],[24.53,-0.47],[24.49,-0.5],[24.42,-0.5],[24.38,-0.5],[24.35,-0.52],[24.35,-0.57],[24.31,-0.57],[24.31,-0.59],[24.28,-0.59],[24.28,-0.61],[24.2,-0.61],[24.17,-0.62],[24.17,-0.64],[24.13,-0.64],[24.13,-0.67],[24.1,-0.69],[24.02,-0.69],[23.95,-0.66],[23.95,-0.62],[24.02,-0.59],[24.02,-0.5],[23.92,-0.42],[23.88,-0.4],[23.84,-0.42],[23.84,-0.66],[23.81,-0.67],[23.81,-0.71],[23.77,-0.71],[23.77,-0.79],[23.88,-0.88],[23.92,-0.9],[23.99,-0.9],[23.99,-0.91],[24.02,-0.91],[24.02,-0.95],[24.06,-0.97],[24.06,-0.98],[24.02,-1.02],[24.02,-1.07],[23.95,-1.14],[23.92,-1.17],[23.84,-1.22],[23.81,-1.27],[23.74,-1.29],[23.7,-1.29],[23.66,-1.29],[23.59,-1.33],[23.45,-1.46],[23.41,-1.5],[23.34,-1.55],[23.2,-1.67],[23.16,-1.68],[23.16,-1.7],[23.09,-1.7],[23.09,-1.68],[23.05,-1.67],[23.05,-1.62],[23.12,-1.58],[23.12,-1.56],[23.16,-1.56],[23.16,-1.55],[23.12,-1.53],[23.12,-1.51],[23.09,-1.5],[23.05,-1.46],[23.05,-1.36],[23.09,-1.31],[23.16,-1.26],[23.16,-1.24],[23.2,-1.22],[23.2,-1.19],[23.23,-1.17],[23.23,-1.07],[23.27,-1.05],[23.27,-1.0],[23.3,-1.0],[23.3,-0.98],[23.34,-0.98],[23.34,-0.85],[23.38,-0.83],[23.38,-0.81],[23.41,-0.81],[23.48,-0.81],[23.48,-0.79],[23.52,-0.79],[23.52,-0.76],[23.56,-0.74],[23.56,-0.66],[23.52,-0.66],[23.52,-0.61],[23.48,-0.61],[23.48,-0.57],[23.45,-0.56],[23.45,-0.33],[23.48,-0.33],[23.48,-0.3],[23.52,-0.3],[23.52,-0.21],[23.56,-0.18],[23.56,-0.01],[23.59,0.04],[23.59,0.08],[23.63,0.11],[23.63,0.15],[23.66,0.16]],[[24.24,-0.16],[24.24,-0.11],[24.2,-0.11],[24.2,-0.09],[24.17,-0.11],[24.17,-0.13],[24.13,-0.14],[24.13,-0.16],[24.17,-0.18],[24.17,-0.2],[24.2,-0.2],[24.24,-0.18],[24.24,-0.16]],[[24.13,-0.26],[24.13,-0.2],[24.06,-0.2],[24.06,-0.3],[24.13,-0.3],[24.13,-0.26]],[[24.24,-0.35],[24.24,-0.32],[24.2,-0.32],[24.2,-0.3],[24.17,-0.32],[24.17,-0.33],[24.13,-0.33],[24.13,-0.35],[24.17,-0.37],[24.17,-0.4],[24.2,-0.4],[24.24,-0.38],[24.24,-0.35]]]}},{"type":"Feature","properties":{"precip":10},"geometry":{"type":"Polygon","coordinates":[[[31.84,0.25],[31.84,0.27],[31.87,0.28],[31.87,0.3],[31.94,0.3],[31.94,0.21],[31.91,0.2],[31.87,0.2],[31.87,0.21],[31.84,0.23],[31.84,0.25]]]}},{"type":"Feature","properties":{"precip":10},"geometry":{"type":"Polygon","coordinates":[[[34.14,0.25],[34.14,0.28],[34.18,0.3],[34.25,0.3],[34.25,0.21],[34.21,0.21],[34.21,0.2],[34.18,0.2],[34.18,0.21],[34.14,0.21],[34.14,0.25]]]}},{"type":"Feature","properties":{"precip":10},"geometry":{"type":"Polygon","coordinates":[[[34.36,0.2],[34.36,0.28],[34.39,0.3],[34.43,0.3],[34.43,0.25],[34.46,0.21],[34.46,0.18],[34.43,0.16],[34.43,0.11],[34.39,0.11],[34.36,0.13],[34.36,0.2]]]}},{"type":"Feature","properties":{"precip":10},"geometry":{"type":"Polygon","coordinates":[[[73.05,0.25],[73.05,0.28],[73.09,0.3],[73.23,0.3],[73.23,0.27],[73.27,0.25],[73.23,0.25],[73.23,0.21],[73.19,0.21],[73.19,0.2],[73.12,0.2],[73.09,0.21],[73.05,0.21],[73.05,0.25]]]}},{"type":"Feature","properties":{"precip":10},"geometry":{"type":"Polygon","coordinates":[[[79.42,0.13],[79.46,0.15],[79.46,0.16],[79.46,0.18],[79.46,0.2],[79.53,0.2],[79.53,0.16],[79.56,0.15],[79.56,0.13],[79.6,0.11],[79.71,0.11],[79.71,0.13],[79.74,0.13],[79.74,0.16],[79.78,0.18],[79.82,0.2],[79.96,0.2],[79.96,0.18],[80.0,0.18],[80.0,0.15],[80.07,0.15],[80.07,0.13],[80.1,0.13],[80.1,0.11],[80.21,0.11],[80.25,0.1],[80.32,0.1],[80.32,0.06],[80.32,0.03],[80.32,-0.13],[80.32,-0.16],[80.32,-0.18],[80.28,-0.18],[80.28,-0.2],[80.21,-0.2],[80.14,-0.21],[80.14,-0.26],[80.14,-0.28],[80.14,-0.66],[80.1,-0.67],[80.1,-0.69],[80.07,-0.71],[80.07,-0.76],[80.0,-0.78],[80.0,-0.9],[79.96,-0.9],[79.96,-0.91],[79.96,-1.03],[79.92,-1.07],[79.92,-1.09],[79.89,-1.1],[79.78,-1.1],[79.78,-1.12],[79.78,-1.14],[79.74,-1.14],[79.74,-1.17],[79.71,-1.17],[79.64,-1.19],[79.6,-1.19],[79.56,-1.21],[79.46,-1.21],[79.38,-1.19],[79.28,-1.19],[79.24,-1.15],[79.24,-1.14],[79.2,-1.12],[79.2,-1.1],[79.1,-1.1],[79.06,-1.09],[79.06,-1.03],[79.02,-1.03],[79.02,-1.02],[78.99,-1.02],[78.92,-1.0],[78.74,-1.0],[78.7,-0.98],[78.63,-0.98],[78.52,-0.95],[78.52,-0.9],[78.48,-0.9],[78.48,-0.95],[78.45,-0.95],[78.45,-0.97],[78.38,-0.98],[78.3,-0.98],[78.2,-1.0],[78.02,-1.0],[78.02,-1.02],[77.98,-1.02],[77.98,-1.03],[77.94,-1.03],[77.94,-1.09],[77.91,-1.09],[77.91,-1.1],[77.8,-1.1],[77.8,-1.12],[77.76,-1.14],[77.76,-1.21],[77.73,-1.24],[77.73,-1.29],[77.66,-1.29],[77.58,-1.19],[77.55,-1.14],[77.55,-1.05],[77.58,-1.02],[77.62,-1.0],[77.66,-1.0],[77.73,-0.98],[77.73,-0.93],[77.76,-0.9],[77.76,-0.81],[77.8,-0.81],[77.84,-0.81],[77.84,-0.79],[77.91,-0.79],[77.94,-0.78],[77.94,-0.74],[77.98,-0.74],[77.98,-0.69],[78.02,-0.69],[78.02,-0.74],[78.02,-0.78],[78.09,-0.79],[78.12,-0.79],[78.16,-0.81],[78.2,-0.81],[78.27,-0.79],[78.3,-0.79],[78.34,-0.78],[78.34,-0.76],[78.38,-0.74],[78.38,-0.69],[78.38,-0.74],[78.45,-0.78],[78.45,-0.79],[78.48,-0.81],[78.52,-0.79],[78.52,-0.76],[78.56,-0.74],[78.56,-0.66],[78.52,-0.64],[78.52,-0.62],[78.48,-0.61],[78.38,-0.61],[78.38,-0.59],[78.38,-0.57],[78.34,-0.57],[78.34,-0.52],[78.27,-0.5],[78.2,-0.5],[78.2,-0.49],[78.16,-0.47],[78.16,-0.23],[78.2,-0.21],[78.2,-0.2],[78.3,-0.2],[78.3,-0.18],[78.34,-0.18],[78.34,-0.13],[78.38,-0.13],[78.38,-0.11],[78.38,-0.09],[78.48,-0.09],[78.48,-0.11],[78.52,-0.11],[78.52,-0.13],[78.56,-0.13],[78.56,-0.18],[78.63,-0.18],[78.63,-0.2],[78.74,-0.2],[78.84,-0.23],[78.84,-0.26],[78.92,-0.3],[79.1,-0.3],[79.1,-0.28],[79.1,-0.2],[79.17,-0.18],[79.17,-0.13],[79.2,-0.11],[79.24,-0.11],[79.24,-0.09],[79.28,-0.09],[79.28,-0.08],[79.35,-0.06],[79.35,0.03],[79.38,0.04],[79.38,0.11],[79.42,0.13]],[[79.71,-0.33],[79.64,-0.28],[79.6,-0.26],[79.56,-0.21],[79.46,-0.2],[79.38,-0.2],[79.35,-0.21],[79.35,-0.28],[79.42,-0.32],[79.42,-0.33],[79.46,-0.37],[79.46,-0.57],[79.46,-0.59],[79.46,-0.61],[79.53,-0.59],[79.53,-0.57],[79.56,-0.56],[79.56,-0.52],[79.6,-0.5],[79.64,-0.5],[79.78,-0.5],[79.78,-0.49],[79.82,-0.47],[79.82,-0.45],[79.78,-0.42],[79.78,-0.37],[79.71,-0.33]],[[78.34,-0.35],[78.34,-0.32],[78.3,-0.32],[78.3,-0.3],[78.27,-0.32],[78.27,-0.33],[78.2,-0.33],[78.2,-0.35],[78.27,-0.37],[78.27,-0.4],[78.3,-0.4],[78.34,-0.38],[78.34,-0.35]]]}},{"type":"Feature","properties":{"precip":10},"geometry":{"type":"Polygon","coordinates":[[[30.14,-0.01],[30.14,0.06],[30.18,0.08],[30.18,0.11],[30.22,0.1],[30.22,0.08],[30.25,0.06],[30.25,-0.06],[30.22,-0.08],[30.22,-0.09],[30.18,-0.09],[30.18,-0.08],[30.14,-0.06],[30.14,-0.01]]]}},{"type":"Feature","properties":{"precip":10},"geometry":{"type":"Polygon","coordinates":[[[34.86,-0.04],[34.86,-0.01],[34.93,-0.01],[34.93,-0.09],[34.86,-0.09],[34.86,-0.04]]]}},{"type":"Feature","properties":{"precip":10},"geometry":{"type":"Polygon","coordinates":[[[19.24,-0.2],[19.24,-0.16],[19.27,-0.14],[19.27,-0.11],[19.31,-0.11],[19.35,-0.09],[19.38,-0.11],[19.42,-0.11],[19.45,-0.13],[19.45,-0.14],[19.42,-0.18],[19.42,-0.2],[19.35,-0.26],[19.31,-0.28],[19.31,-0.3],[19.27,-0.3],[19.27,-0.28],[19.24,-0.26],[19.24,-0.2]]]}},{"type":"Feature","properties":{"precip":10},"geometry":{"type":"Polygon","coordinates":[[[29.46,-0.2],[29.46,-0.13],[29.5,-0.11],[29.53,-0.11],[29.53,-0.09],[29.6,-0.11],[29.64,-0.11],[29.64,-0.18],[29.53,-0.26],[29.53,-0.28],[29.5,-0.3],[29.46,-0.3],[29.46,-0.2]]]}},{"type":"Feature","properties":{"precip":10},"geometry":{"type":"Polygon","coordinates":[[[77.3,-0.16],[77.37,-0.14],[77.37,-0.13],[77.4,-0.11],[77.48,-0.11],[77.48,-0.09],[77.62,-0.09],[77.66,-0.11],[77.73,-0.13],[77.73,-0.18],[77.76,-0.2],[77.76,-0.3],[77.73,-0.33],[77.73,-0.38],[77.66,-0.38],[77.66,-0.4],[77.62,-0.4],[77.62,-0.38],[77.58,-0.38],[77.58,-0.37],[77.55,-0.35],[77.55,-0.23],[77.48,-0.2],[77.4,-0.2],[77.4,-0.18],[77.37,-0.18],[77.3,-0.16]]]}},{"type":"Feature","properties":{"precip":10},"geometry":{"type":"Polygon","coordinates":[[[81.83,-0.2],[81.83,-0.18],[81.87,-0.16],[81.87,-0.11],[81.94,-0.11],[81.94,-0.18],[82.01,-0.2],[82.12,-0.2],[82.12,-0.21],[82.12,-0.23],[82.12,-0.26],[82.12,-0.28],[82.08,-0.3],[81.9,-0.3],[81.87,-0.28],[81.87,-0.23],[81.83,-0.2]]]}},{"type":"Feature","properties":{"precip":10},"geometry":{"type":"Polygon","coordinates":[[[85.14,-0.16],[85.14,-0.13],[85.14,-0.11],[85.14,-0.09],[85.22,-0.09],[85.22,-0.11],[85.25,-0.11],[85.25,-0.18],[85.22,-0.18],[85.22,-0.2],[85.14,-0.2],[85.14,-0.18],[85.14,-0.16]]]}},{"type":"Feature","properties":{"precip":10},"geometry":{"type":"Polygon","coordinates":[[[25.25,-0.26],[25.25,-0.21],[25.28,-0.2],[25.32,-0.2],[25.32,-0.21],[25.36,-0.23],[25.36,-0.26],[25.32,-0.28],[25.32,-0.3],[25.28,-0.3],[25.25,-0.28],[25.25,-0.26]]]}},{"type":"Feature","properties":{"precip":10},"geometry":{"type":"Polygon","coordinates":[[[34.5,-0.28],[34.54,-0.26],[34.64,-0.2],[34.79,-0.2],[34.82,-0.21],[34.82,-0.26],[34.86,-0.26],[34.86,-0.4],[34.82,-0.44],[34.82,-0.5],[34.79,-0.5],[34.79,-0.49],[34.75,-0.47],[34.75,-0.33],[34.72,-0.33],[34.72,-0.3],[34.68,-0.3],[34.68,-0.33],[34.64,-0.33],[34.64,-0.47],[34.61,-0.49],[34.61,-0.5],[34.5,-0.5],[34.46,-0.49],[34.46,-0.32],[34.5,-0.28]]]}},{"type":"Feature","properties":{"precip":10},"geometry":{"type":"Polygon","coordinates":[[[25.46,-0.35],[25.46,-0.32],[25.5,-0.3],[25.5,-0.32],[25.54,-0.32],[25.54,-0.42],[25.57,-0.44],[25.57,-0.49],[25.61,-0.5],[25.61,-0.52],[25.64,-0.56],[25.75,-0.61],[25.79,-0.61],[25.82,-0.59],[25.82,-0.57],[25.86,-0.56],[25.86,-0.5],[25.9,-0.5],[25.93,-0.5],[25.93,-0.57],[25.97,-0.62],[25.97,-0.66],[26.04,-0.73],[26.11,-0.81],[26.18,-0.86],[26.22,-0.9],[26.29,-0.9],[26.33,-0.91],[26.33,-0.98],[26.26,-1.05],[26.22,-1.07],[26.22,-1.09],[26.18,-1.1],[26.18,-1.12],[26.15,-1.14],[26.15,-1.22],[26.11,-1.27],[26.11,-1.31],[26.08,-1.34],[26.0,-1.38],[25.97,-1.38],[25.97,-1.36],[25.93,-1.33],[25.93,-1.31],[25.9,-1.31],[25.86,-1.29],[25.82,-1.29],[25.75,-1.33],[25.75,-1.38],[25.72,-1.39],[25.64,-1.41],[25.61,-1.39],[25.54,-1.38],[25.46,-1.34],[25.43,-1.31],[25.36,-1.29],[25.32,-1.24],[25.32,-1.21],[25.28,-1.15],[25.28,-1.12],[25.25,-1.05],[25.25,-0.47],[25.28,-0.44],[25.28,-0.42],[25.32,-0.4],[25.39,-0.4],[25.39,-0.38],[25.43,-0.38],[25.43,-0.35],[25.46,-0.35]]]}},{"type":"Feature","properties":{"precip":10},"geometry":{"type":"Polygon","coordinates":[[[27.55,-0.35],[27.55,-0.33],[27.62,-0.32],[27.73,-0.32],[27.8,-0.3],[27.95,-0.3],[28.02,-0.32],[28.09,-0.32],[28.13,-0.33],[28.13,-0.37],[28.16,-0.4],[28.16,-0.5],[28.2,-0.5],[28.24,-0.5],[28.24,-0.67],[28.16,-0.71],[28.16,-1.09],[28.24,-1.12],[28.24,-1.19],[28.2,-1.19],[28.16,-1.21],[28.13,-1.21],[28.06,-1.24],[28.02,-1.27],[28.02,-1.29],[27.98,-1.29],[27.98,-1.31],[27.95,-1.34],[27.95,-1.36],[27.88,-1.39],[27.84,-1.39],[27.84,-1.41],[27.77,-1.41],[27.77,-1.46],[27.73,-1.48],[27.73,-1.6],[27.7,-1.6],[27.66,-1.58],[27.66,-1.39],[27.62,-1.36],[27.62,-1.29],[27.55,-1.27],[27.55,-1.22],[27.59,-1.22],[27.59,-1.21],[27.62,-1.19],[27.62,-1.15],[27.66,-1.14],[27.62,-1.14],[27.62,-1.12],[27.59,-1.12],[27.59,-1.09],[27.55,-1.07],[27.55,-0.95],[27.52,-0.93],[27.52,-0.91],[27.48,-0.9],[27.34,-0.86],[27.3,-0.81],[27.26,-0.76],[27.26,-0.61],[27.3,-0.57],[27.34,-0.57],[27.34,-0.52],[27.3,-0.52],[27.26,-0.5],[27.26,-0.42],[27.3,-0.42],[27.34,-0.4],[27.44,-0.4],[27.48,-0.38],[27.52,-0.38],[27.52,-0.37],[27.55,-0.37],[27.55,-0.35]]]}},{"type":"Feature","properties":{"precip":10},"geometry":{"type":"Polygon","coordinates":[[[28.52,-0.37],[28.52,-0.33],[28.6,-0.32],[28.63,-0.32],[28.63,-0.33],[28.67,-0.37],[28.7,-0.42],[28.74,-0.44],[28.74,-0.47],[28.78,-0.49],[28.81,-0.49],[28.85,-0.47],[28.85,-0.44],[28.88,-0.42],[28.88,-0.4],[28.92,-0.4],[28.92,-0.5],[28.88,-0.52],[28.74,-0.59],[28.67,-0.61],[28.6,-0.61],[28.6,-0.62],[28.56,-0.62],[28.56,-0.66],[28.52,-0.67],[28.52,-0.69],[28.49,-0.69],[28.45,-0.66],[28.45,-0.47],[28.52,-0.37]]]}},{"type":"Feature","properties":{"precip":10},"geometry":{"type":"Polygon","coordinates":[[[77.91,-0.37],[77.94,-0.33],[77.98,-0.33],[77.98,-0.32],[78.02,-0.32],[78.02,-0.33],[78.02,-0.45],[78.02,-0.47],[78.02,-0.49],[77.98,-0.5],[77.84,-0.5],[77.84,-0.49],[77.84,-0.47],[77.84,-0.44],[77.84,-0.4],[77.91,-0.37]]]}},{"type":"Feature","properties":{"precip":10},"geometry":{"type":"Polygon","coordinates":[[[8.26,-0.45],[8.26,-0.42],[8.3,-0.4],[8.4,-0.4],[8.4,-0.42],[8.44,-0.42],[8.44,-0.49],[8.4,-0.49],[8.4,-0.5],[8.3,-0.5],[8.26,-0.49],[8.26,-0.45]]]}},{"type":"Feature","properties":{"precip":10},"geometry":{"type":"Polygon","coordinates":[[[35.36,-0.45],[35.36,-0.4],[35.44,-0.4],[35.44,-0.5],[35.36,-0.5],[35.36,-0.45]]]}},{"type":"Feature","properties":{"precip":10},"geometry":{"type":"Polygon","coordinates":[[[84.86,-0.45],[84.86,-0.42],[84.89,-0.42],[84.89,-0.4],[84.96,-0.4],[85.04,-0.42],[85.04,-0.49],[84.96,-0.5],[84.89,-0.5],[84.89,-0.49],[84.86,-0.49],[84.86,-0.45]]]}},{"type":"Feature","properties":{"precip":10},"geometry":{"type":"Polygon","coordinates":[[[9.16,-0.56],[9.16,-0.5],[9.2,-0.5],[9.23,-0.5],[9.27,-0.5],[9.34,-0.52],[9.34,-0.57],[9.27,-0.61],[9.23,-0.61],[9.2,-0.59],[9.16,-0.59],[9.16,-0.56]]]}},{"type":"Feature","properties":{"precip":10},"geometry":{"type":"Polygon","coordinates":[[[9.45,-0.56],[9.45,-0.5],[9.48,-0.5],[9.52,-0.5],[9.56,-0.52],[9.56,-0.57],[9.52,-0.59],[9.52,-0.61],[9.48,-0.61],[9.48,-0.59],[9.45,-0.59],[9.45,-0.56]]]}},{"type":"Feature","properties":{"precip":10},"geometry":{"type":"Polygon","coordinates":[[[32.95,-0.66],[32.95,-0.64],[32.99,-0.62],[33.02,-0.62],[33.02,-0.61],[33.31,-0.61],[33.31,-0.62],[33.35,-0.64],[33.35,-0.85],[33.31,-0.88],[33.28,-0.9],[33.13,-0.9],[33.1,-0.91],[33.1,-0.93],[33.06,-0.93],[33.06,-1.05],[33.02,-1.07],[33.02,-1.1],[32.99,-1.09],[32.81,-0.93],[32.77,-0.86],[32.7,-0.81],[32.66,-0.76],[32.66,-0.71],[32.7,-0.71],[32.74,-0.69],[32.88,-0.69],[32.95,-0.66]]]}},{"type":"Feature","properties":{"precip":10},"geometry":{"type":"Polygon","coordinates":[[[28.63,-0.74],[28.67,-0.73],[28.67,-0.69],[28.7,-0.69],[28.74,-0.71],[28.74,-0.79],[28.7,-0.79],[28.7,-0.81],[28.67,-0.79],[28.67,-0.78],[28.63,-0.76],[28.63,-0.74]]]}},{"type":"Feature","properties":{"precip":10},"geometry":{"type":"Polygon","coordinates":[[[28.34,-0.85],[28.34,-0.81],[28.38,-0.81],[28.42,-0.81],[28.45,-0.81],[28.45,-0.88],[28.42,-0.88],[28.42,-0.9],[28.38,-0.9],[28.38,-0.88],[28.34,-0.88],[28.34,-0.85]]]}},{"type":"Feature","properties":{"precip":10},"geometry":{"type":"Polygon","coordinates":[[[30.36,-0.85],[30.36,-0.81],[30.43,-0.81],[30.43,-0.9],[30.36,-0.9],[30.36,-0.85]]]}},{"type":"Feature","properties":{"precip":10},"geometry":{"type":"Polygon","coordinates":[[[95.65,-0.85],[95.65,-0.81],[95.69,-0.81],[95.76,-0.83],[95.76,-0.86],[95.69,-0.88],[95.69,-0.9],[95.65,-0.9],[95.65,-0.85]]]}},{"type":"Feature","properties":{"precip":10},"geometry":{"type":"Polygon","coordinates":[[[96.55,-0.85],[96.55,-0.81],[96.59,-0.81],[96.59,-0.83],[96.66,-0.85],[96.7,-0.88],[96.7,-0.9],[96.73,-0.93],[96.73,-0.98],[96.7,-0.98],[96.7,-1.0],[96.66,-1.02],[96.66,-1.14],[96.59,-1.15],[96.59,-1.17],[96.55,-1.19],[96.52,-1.19],[96.41,-1.21],[96.3,-1.21],[96.23,-1.19],[96.19,-1.19],[96.16,-1.17],[96.12,-1.17],[96.01,-1.14],[95.98,-1.1],[95.98,-1.07],[95.94,-1.05],[95.94,-1.02],[95.98,-1.02],[95.98,-1.0],[96.05,-1.0],[96.05,-0.98],[96.12,-0.98],[96.16,-0.98],[96.16,-0.93],[96.19,-0.93],[96.19,-0.91],[96.23,-0.91],[96.23,-0.9],[96.41,-0.9],[96.48,-0.88],[96.52,-0.88],[96.52,-0.86],[96.55,-0.86],[96.55,-0.85]]]}},{"type":"Feature","properties":{"precip":10},"geometry":{"type":"Polygon","coordinates":[[[34.54,-0.95],[34.54,-0.93],[34.57,-0.93],[34.57,-0.9],[34.61,-0.9],[34.64,-0.91],[34.64,-0.98],[34.61,-0.98],[34.61,-1.0],[34.57,-1.0],[34.57,-0.98],[34.54,-0.98],[34.54,-0.95]]]}},{"type":"Feature","properties":{"precip":10},"geometry":{"type":"Polygon","coordinates":[[[76.76,-0.95],[76.76,-0.91],[76.76,-0.9],[76.83,-0.9],[76.83,-0.93],[76.86,-0.95],[76.86,-0.97],[76.83,-0.98],[76.76,-1.0],[76.76,-0.98],[76.76,-0.95]]]}},{"type":"Feature","properties":{"precip":10},"geometry":{"type":"Polygon","coordinates":[[[24.2,-1.07],[24.24,-1.05],[24.24,-1.02],[24.28,-1.0],[24.31,-1.0],[24.31,-1.02],[24.35,-1.03],[24.38,-1.07],[24.42,-1.12],[24.42,-1.14],[24.46,-1.15],[24.42,-1.17],[24.42,-1.19],[24.38,-1.19],[24.35,-1.21],[24.24,-1.21],[24.2,-1.19],[24.17,-1.19],[24.17,-1.12],[24.2,-1.07]]]}},{"type":"Feature","properties":{"precip":10},"geometry":{"type":"Polygon","coordinates":[[[26.94,-1.09],[26.94,-1.03],[26.98,-1.03],[26.98,-1.02],[27.01,-1.0],[27.16,-1.0],[27.23,-1.03],[27.23,-1.07],[27.26,-1.1],[27.23,-1.14],[27.23,-1.19],[27.16,-1.24],[27.16,-1.26],[27.12,-1.27],[27.12,-1.29],[27.08,-1.29],[27.05,-1.27],[27.05,-1.26],[27.01,-1.24],[27.01,-1.22],[26.98,-1.19],[26.98,-1.14],[26.94,-1.12],[26.94,-1.09]]]}},{"type":"Feature","properties":{"precip":10},"geometry":{"type":"Polygon","coordinates":[[[18.12,-1.17],[18.12,-1.15],[18.16,-1.14],[18.19,-1.12],[18.19,-1.1],[18.23,-1.1],[18.23,-1.19],[18.19,-1.21],[18.19,-1.22],[18.16,-1.24],[18.12,-1.27],[18.12,-1.29],[18.05,-1.29],[18.05,-1.26],[18.09,-1.22],[18.12,-1.17]]]}},{"type":"Feature","properties":{"precip":10},"geometry":{"type":"Polygon","coordinates":[[[12.36,-1.26],[12.36,-1.22],[12.4,-1.21],[12.51,-1.21],[12.51,-1.22],[12.54,-1.22],[12.54,-1.29],[12.51,-1.29],[12.47,-1.29],[12.4,-1.29],[12.36,-1.29],[12.36,-1.26]]]}},{"type":"Feature","properties":{"precip":10},"geometry":{"type":"Polygon","coordinates":[[[11.5,-1.38],[11.57,-1.31],[11.61,-1.31],[11.61,-1.29],[11.64,-1.31],[11.64,-1.44],[11.61,-1.48],[11.57,-1.51],[11.57,-1.55],[11.53,-1.58],[11.5,-1.6],[11.46,-1.6],[11.46,-1.44],[11.5,-1.41],[11.5,-1.38]]]}},{"type":"Feature","properties":{"precip":10},"geometry":{"type":"Polygon","coordinates":[[[29.64,-1.34],[29.64,-1.31],[29.68,-1.31],[29.68,-1.29],[29.71,-1.29],[29.71,-1.31],[29.75,-1.31],[29.75,-1.39],[29.71,-1.39],[29.71,-1.41],[29.64,-1.38],[29.64,-1.34]]]}},{"type":"Feature","properties":{"precip":10},"geometry":{"type":"Polygon","coordinates":[[[32.56,-1.34],[32.56,-1.31],[32.59,-1.31],[32.59,-1.29],[32.66,-1.29],[32.74,-1.33],[32.74,-1.58],[32.7,-1.6],[32.7,-1.62],[32.66,-1.62],[32.66,-1.72],[32.63,-1.75],[32.63,-1.77],[32.59,-1.79],[32.48,-1.79],[32.48,-1.77],[32.45,-1.77],[32.45,-1.72],[32.41,-1.72],[32.38,-1.7],[32.3,-1.7],[32.3,-1.68],[32.27,-1.68],[32.27,-1.63],[32.23,-1.62],[32.27,-1.58],[32.27,-1.55],[32.3,-1.5],[32.3,-1.46],[32.34,-1.44],[32.38,-1.43],[32.45,-1.41],[32.48,-1.41],[32.48,-1.39],[32.52,-1.39],[32.52,-1.38],[32.56,-1.38],[32.56,-1.34]]]}},{"type":"Feature","properties":{"precip":10},"geometry":{"type":"Polygon","coordinates":[[[24.85,-1.46],[24.85,-1.44],[24.89,-1.43],[24.89,-1.41],[25.21,-1.41],[25.25,-1.43],[25.25,-1.44],[25.21,-1.46],[25.21,-1.5],[25.18,-1.55],[25.14,-1.56],[25.14,-1.58],[25.1,-1.6],[25.07,-1.6],[25.07,-1.55],[25.03,-1.53],[25.03,-1.51],[25.0,-1.51],[25.0,-1.5],[24.89,-1.5],[24.89,-1.48],[24.85,-1.48],[24.85,-1.46]]]}},{"type":"Feature","properties":{"precip":10},"geometry":{"type":"Polygon","coordinates":[[[26.54,-1.5],[26.54,-1.46],[26.58,-1.43],[26.62,-1.41],[27.01,-1.41],[27.01,-1.43],[27.05,-1.43],[27.05,-1.46],[27.01,-1.46],[27.01,-1.48],[26.98,-1.51],[26.98,-1.53],[26.87,-1.62],[26.87,-1.63],[26.8,-1.67],[26.8,-1.68],[26.76,-1.68],[26.76,-1.63],[26.69,-1.62],[26.65,-1.62],[26.65,-1.6],[26.58,-1.6],[26.58,-1.58],[26.54,-1.56],[26.54,-1.5]]]}},{"type":"Feature","properties":{"precip":10},"geometry":{"type":"Polygon","coordinates":[[[27.34,-1.46],[27.34,-1.44],[27.37,-1.43],[27.37,-1.41],[27.44,-1.41],[27.44,-1.48],[27.41,-1.48],[27.41,-1.5],[27.37,-1.5],[27.37,-1.48],[27.34,-1.46]]]}},{"type":"Feature","properties":{"precip":10},"geometry":{"type":"Polygon","coordinates":[[[33.06,-1.5],[33.06,-1.43],[33.1,-1.41],[33.2,-1.41],[33.2,-1.43],[33.24,-1.44],[33.24,-1.63],[33.28,-1.65],[33.28,-1.7],[33.31,-1.7],[33.31,-1.72],[33.35,-1.72],[33.35,-1.77],[33.31,-1.77],[33.31,-1.79],[33.24,-1.79],[33.24,-1.8],[33.2,-1.8],[33.17,-1.82],[33.17,-1.87],[33.13,-1.91],[33.13,-1.98],[33.1,-1.98],[33.1,-1.99],[32.99,-1.99],[32.99,-1.98],[32.95,-1.94],[32.95,-1.87],[33.06,-1.74],[33.1,-1.72],[33.1,-1.68],[33.13,-1.67],[33.13,-1.62],[33.1,-1.62],[33.1,-1.6],[33.06,-1.58],[33.06,-1.5]]]}},{"type":"Feature","properties":{"precip":10},"geometry":{"type":"Polygon","coordinates":[[[23.95,-1.6],[23.95,-1.51],[23.99,-1.51],[23.99,-1.5],[24.02,-1.5],[24.02,-1.55],[24.06,-1.56],[24.06,-1.63],[24.02,-1.65],[24.02,-1.7],[23.99,-1.7],[23.99,-1.68],[23.95,-1.68],[23.95,-1.6]]]}},{"type":"Feature","properties":{"precip":10},"geometry":{"type":"Polygon","coordinates":[[[26.11,-1.58],[26.18,-1.51],[26.22,-1.5],[26.22,-1.51],[26.26,-1.53],[26.26,-1.63],[26.22,-1.65],[26.22,-1.68],[26.18,-1.7],[26.08,-1.7],[26.08,-1.68],[26.04,-1.67],[26.04,-1.65],[26.08,-1.63],[26.08,-1.62],[26.11,-1.58]]]}},{"type":"Feature","properties":{"precip":10},"geometry":{"type":"Polygon","coordinates":[[[77.44,-1.6],[77.44,-1.55],[77.48,-1.53],[77.48,-1.5],[77.48,-1.51],[77.55,-1.53],[77.55,-1.67],[77.48,-1.68],[77.48,-1.7],[77.48,-1.67],[77.44,-1.65],[77.44,-1.6]]]}},{"type":"Feature","properties":{"precip":10},"geometry":{"type":"Polygon","coordinates":[[[12.04,-1.65],[12.04,-1.62],[12.07,-1.62],[12.11,-1.62],[12.15,-1.62],[12.15,-1.63],[12.18,-1.65],[12.18,-1.7],[12.22,-1.7],[12.22,-1.65],[12.25,-1.62],[12.29,-1.6],[12.29,-1.62],[12.33,-1.62],[12.33,-1.7],[12.36,-1.75],[12.36,-1.79],[12.33,-1.82],[12.33,-1.87],[12.25,-1.91],[12.15,-1.91],[12.11,-1.89],[12.04,-1.89],[11.93,-1.84],[11.93,-1.82],[11.86,-1.77],[11.86,-1.72],[11.89,-1.7],[12.0,-1.7],[12.0,-1.68],[12.04,-1.68],[12.04,-1.65]]]}},{"type":"Feature","properties":{"precip":10},"geometry":{"type":"Polygon","coordinates":[[[24.13,-1.65],[24.13,-1.63],[24.17,-1.62],[24.24,-1.62],[24.24,-1.68],[24.2,-1.7],[24.17,-1.7],[24.17,-1.67],[24.13,-1.65]]]}},{"type":"Feature","properties":{"precip":10},"geometry":{"type":"Polygon","coordinates":[[[27.34,-1.75],[27.34,-1.7],[27.37,-1.65],[27.37,-1.62],[27.44,-1.6],[27.48,-1.62],[27.52,-1.63],[27.59,-1.67],[27.62,-1.7],[27.62,-1.75],[27.66,-1.77],[27.62,-1.77],[27.62,-1.79],[27.55,-1.79],[27.52,-1.8],[27.48,-1.8],[27.48,-1.84],[27.44,-1.84],[27.44,-1.94],[27.41,-1.98],[27.37,-2.03],[27.37,-2.06],[27.26,-2.1],[27.26,-1.91],[27.3,-1.91],[27.3,-1.89],[27.34,-1.87],[27.34,-1.75]]]}},{"type":"Feature","properties":{"precip":10},"geometry":{"type":"Polygon","coordinates":[[[77.76,-1.65],[77.76,-1.62],[77.84,-1.62],[77.84,-1.68],[77.8,-1.7],[77.76,-1.7],[77.76,-1.65]]]}},{"type":"Feature","properties":{"precip":10},"geometry":{"type":"Polygon","coordinates":[[[28.96,-1.82],[28.96,-1.7],[28.99,-1.7],[29.03,-1.72],[29.1,-1.77],[29.1,-1.82],[29.14,-1.86],[29.14,-1.94],[29.17,-1.96],[29.17,-1.99],[29.21,-1.99],[29.21,-2.01],[29.24,-2.01],[29.24,-2.08],[29.21,-2.1],[29.17,-2.1],[29.06,-2.06],[29.03,-2.03],[28.99,-2.01],[28.99,-1.96],[28.96,-1.92],[28.96,-1.82]]]}},{"type":"Feature","properties":{"precip":10},"geometry":{"type":"Polygon","coordinates":[[[33.96,-1.75],[33.96,-1.72],[34.0,-1.7],[34.03,-1.7],[34.03,-1.79],[33.96,-1.79],[33.96,-1.75]]]}},{"type":"Feature","properties":{"precip":10},"geometry":{"type":"Polygon","coordinates":[[[96.55,-1.86],[96.55,-1.82],[96.59,-1.8],[96.59,-1.79],[96.66,-1.79],[96.7,-1.8],[96.73,-1.8],[96.73,-1.89],[96.7,-1.89],[96.7,-1.91],[96.59,-1.91],[96.55,-1.87],[96.55,-1.86]]]}},{"type":"Feature","properties":{"precip":10},"geometry":{"type":"Polygon","coordinates":[[[32.74,-1.99],[32.74,-1.96],[32.77,-1.94],[32.77,-1.91],[32.81,-1.91],[32.84,-1.92],[32.84,-2.1],[32.81,-2.1],[32.77,-2.1],[32.77,-2.06],[32.74,-2.04],[32.74,-1.99]]]}},{"type":"Feature","properties":{"precip":10},"geometry":{"type":"Polygon","coordinates":[[[21.76,-2.06],[21.76,-2.01],[21.79,-2.01],[21.79,-1.99],[21.83,-2.01],[21.83,-2.04],[21.87,-2.06],[21.83,-2.06],[21.83,-2.1],[21.79,-2.1],[21.76,-2.1],[21.76,-2.06]]]}},{"type":"Feature","properties":{"precip":10},"geometry":{"type":"Polygon","coordinates":[[[96.95,-2.06],[96.95,-2.03],[96.95,-2.01],[97.06,-2.01],[97.06,-1.99],[97.13,-1.99],[97.13,-2.01],[97.2,-2.01],[97.24,-2.03],[97.24,-2.08],[97.2,-2.1],[97.13,-2.1],[97.06,-2.1],[97.02,-2.1],[96.95,-2.1],[96.95,-2.08],[96.95,-2.06]]]}},{"type":"Feature","properties":{"precip":10},"geometry":{"type":"Polygon","coordinates":[[[23.66,-2.25],[23.66,-2.11],[23.7,-2.1],[23.74,-2.11],[23.74,-2.25],[23.77,-2.25],[23.77,-2.3],[23.81,-2.3],[23.84,-2.32],[23.84,-2.42],[23.81,-2.45],[23.81,-2.51],[23.77,-2.54],[23.74,-2.56],[23.74,-2.57],[23.7,-2.57],[23.66,-2.57],[23.63,-2.56],[23.59,-2.52],[23.59,-2.51],[23.56,-2.47],[23.56,-2.4],[23.59,-2.4],[23.63,-2.39],[23.63,-2.27],[23.66,-2.25]]]}},{"type":"Feature","properties":{"precip":10},"geometry":{"type":"Polygon","coordinates":[[[30.04,-2.15],[30.04,-2.13],[30.07,-2.13],[30.11,-2.11],[30.14,-2.11],[30.18,-2.1],[30.58,-2.1],[30.61,-2.11],[30.61,-2.13],[30.65,-2.15],[30.65,-2.27],[30.68,-2.28],[30.68,-2.3],[30.72,-2.3],[30.72,-2.32],[30.76,-2.35],[30.76,-2.42],[30.72,-2.45],[30.72,-2.49],[30.68,-2.54],[30.65,-2.57],[30.58,-2.59],[30.58,-2.57],[30.54,-2.56],[30.54,-2.32],[30.5,-2.32],[30.5,-2.3],[30.47,-2.3],[30.47,-2.33],[30.43,-2.33],[30.43,-2.4],[30.4,-2.4],[30.36,-2.39],[30.36,-2.27],[30.32,-2.25],[30.32,-2.23],[30.25,-2.2],[30.11,-2.2],[30.11,-2.18],[30.07,-2.18],[30.07,-2.16],[30.04,-2.16],[30.04,-2.15]]]}},{"type":"Feature","properties":{"precip":10},"geometry":{"type":"Polygon","coordinates":[[[32.52,-2.18],[32.52,-2.15],[32.56,-2.11],[32.63,-2.11],[32.66,-2.15],[32.66,-2.18],[32.74,-2.22],[32.74,-2.27],[32.7,-2.28],[32.7,-2.3],[32.66,-2.33],[32.66,-2.35],[32.63,-2.37],[32.63,-2.39],[32.59,-2.39],[32.56,-2.37],[32.56,-2.35],[32.52,-2.33],[32.48,-2.3],[32.48,-2.2],[32.52,-2.18]]]}},{"type":"Feature","properties":{"precip":10},"geometry":{"type":"Polygon","coordinates":[[[25.03,-2.25],[25.07,-2.23],[25.07,-2.22],[25.1,-2.22],[25.14,-2.2],[25.18,-2.2],[25.21,-2.22],[25.21,-2.23],[25.25,-2.25],[25.25,-2.44],[25.21,-2.47],[25.21,-2.49],[25.18,-2.51],[25.14,-2.51],[25.1,-2.49],[25.07,-2.49],[25.07,-2.47],[25.03,-2.45],[25.03,-2.42],[24.96,-2.4],[24.82,-2.4],[24.74,-2.37],[24.74,-2.33],[24.82,-2.3],[24.96,-2.3],[25.03,-2.27],[25.03,-2.25]]]}},{"type":"Feature","properties":{"precip":10},"geometry":{"type":"Polygon","coordinates":[[[31.94,-2.3],[31.94,-2.22],[31.98,-2.22],[31.98,-2.2],[32.02,-2.22],[32.02,-2.23],[32.05,-2.25],[32.12,-2.3],[32.12,-2.35],[32.16,-2.39],[32.16,-2.42],[32.12,-2.47],[32.09,-2.51],[32.09,-2.54],[32.05,-2.57],[31.98,-2.59],[31.91,-2.59],[31.91,-2.61],[31.87,-2.61],[31.87,-2.66],[31.84,-2.68],[31.84,-2.8],[31.8,-2.8],[31.76,-2.78],[31.69,-2.73],[31.69,-2.69],[31.66,-2.68],[31.66,-2.61],[31.69,-2.61],[31.73,-2.59],[31.73,-2.54],[31.76,-2.52],[31.76,-2.42],[31.84,-2.4],[31.91,-2.4],[31.91,-2.39],[31.94,-2.37],[31.94,-2.3]]]}},{"type":"Feature","properties":{"precip":10},"geometry":{"type":"Polygon","coordinates":[[[20.07,-2.39],[20.07,-2.3],[20.1,-2.3],[20.1,-2.32],[20.14,-2.33],[20.21,-2.4],[20.21,-2.42],[20.25,-2.44],[20.25,-2.45],[20.32,-2.49],[20.35,-2.49],[20.39,-2.51],[20.5,-2.51],[20.5,-2.52],[20.53,-2.52],[20.53,-2.57],[20.57,-2.57],[20.61,-2.59],[20.68,-2.59],[20.68,-2.61],[20.71,-2.61],[20.71,-2.63],[20.75,-2.64],[20.75,-2.76],[20.79,-2.78],[20.79,-2.8],[20.82,-2.8],[20.82,-2.85],[20.86,-2.87],[20.86,-2.93],[20.82,-2.95],[20.82,-3.0],[20.79,-3.0],[20.79,-3.02],[20.75,-3.04],[20.75,-3.17],[20.79,-3.19],[20.79,-3.21],[20.82,-3.21],[20.82,-3.19],[20.86,-3.17],[20.86,-3.12],[20.89,-3.1],[20.93,-3.1],[20.93,-3.19],[20.89,-3.19],[20.89,-3.21],[20.86,-3.21],[20.86,-3.28],[20.89,-3.29],[20.89,-3.31],[20.93,-3.33],[20.93,-3.38],[20.89,-3.38],[20.89,-3.36],[20.86,-3.36],[20.82,-3.33],[20.82,-3.31],[20.79,-3.29],[20.75,-3.26],[20.75,-3.24],[20.64,-3.21],[20.61,-3.21],[20.57,-3.19],[20.57,-3.17],[20.53,-3.16],[20.53,-3.12],[20.5,-3.1],[20.46,-3.1],[20.39,-3.09],[20.35,-3.07],[20.35,-3.05],[20.43,-2.99],[20.46,-2.93],[20.5,-2.9],[20.5,-2.88],[20.53,-2.88],[20.53,-2.81],[20.5,-2.81],[20.5,-2.8],[20.46,-2.78],[20.46,-2.68],[20.43,-2.64],[20.43,-2.63],[20.35,-2.59],[20.28,-2.59],[20.21,-2.57],[20.17,-2.57],[20.1,-2.51],[20.07,-2.45],[20.07,-2.39]]]}},{"type":"Feature","properties":{"precip":10},"geometry":{"type":"Polygon","coordinates":[[[29.46,-2.35],[29.46,-2.3],[29.53,-2.3],[29.53,-2.4],[29.46,-2.4],[29.46,-2.35]]]}},{"type":"Feature","properties":{"precip":10},"geometry":{"type":"Polygon","coordinates":[[[29.86,-2.44],[29.86,-2.4],[29.89,-2.4],[29.93,-2.4],[29.93,-2.42],[29.96,-2.44],[29.96,-2.45],[29.93,-2.47],[29.93,-2.49],[29.89,-2.51],[29.89,-2.49],[29.86,-2.49],[29.86,-2.44]]]}},{"type":"Feature","properties":{"precip":10},"geometry":{"type":"Polygon","coordinates":[[[81.4,-2.44],[81.4,-2.42],[81.47,-2.42],[81.47,-2.4],[81.51,-2.4],[81.54,-2.4],[81.54,-2.49],[81.51,-2.49],[81.51,-2.51],[81.47,-2.51],[81.47,-2.47],[81.4,-2.47],[81.4,-2.44]]]}},{"type":"Feature","properties":{"precip":10},"geometry":{"type":"Polygon","coordinates":[[[95.94,-2.75],[95.94,-2.73],[95.98,-2.73],[96.01,-2.73],[96.05,-2.73],[96.05,-2.71],[96.41,-2.71],[96.41,-2.73],[96.48,-2.73],[96.52,-2.73],[96.55,-2.73],[96.55,-2.76],[96.52,-2.76],[96.48,-2.78],[96.41,-2.78],[96.41,-2.8],[96.05,-2.8],[96.05,-2.78],[96.01,-2.78],[95.98,-2.76],[95.94,-2.76],[95.94,-2.75]]]}},{"type":"Feature","properties":{"precip":10},"geometry":{"type":"Polygon","coordinates":[[[28.85,-2.85],[28.85,-2.81],[28.88,-2.81],[28.88,-2.8],[28.92,-2.8],[28.92,-2.81],[28.96,-2.83],[28.96,-2.88],[28.92,-2.88],[28.92,-2.9],[28.88,-2.9],[28.88,-2.88],[28.85,-2.88],[28.85,-2.85]]]}},{"type":"Feature","properties":{"precip":10},"geometry":{"type":"Polygon","coordinates":[[[30.04,-2.85],[30.14,-2.8],[30.29,-2.8],[30.29,-2.81],[30.32,-2.83],[30.32,-2.85],[30.36,-2.88],[30.36,-3.07],[30.43,-3.1],[30.47,-3.1],[30.5,-3.14],[30.58,-3.17],[30.61,-3.21],[30.68,-3.26],[30.72,-3.33],[30.72,-3.36],[30.76,-3.4],[30.72,-3.45],[30.72,-3.5],[30.65,-3.55],[30.61,-3.6],[30.4,-3.69],[30.22,-3.69],[30.18,-3.69],[30.14,-3.67],[30.14,-3.62],[30.11,-3.6],[30.07,-3.6],[30.07,-3.65],[30.04,-3.67],[30.04,-3.74],[30.07,-3.76],[30.07,-3.81],[30.11,-3.81],[30.11,-3.82],[30.14,-3.84],[30.14,-3.98],[30.07,-3.99],[30.07,-4.03],[30.04,-4.05],[30.04,-4.17],[30.0,-4.18],[30.0,-4.22],[29.96,-4.25],[29.89,-4.29],[29.89,-4.34],[29.86,-4.37],[29.86,-4.54],[29.82,-4.56],[29.82,-4.59],[29.78,-4.61],[29.78,-4.64],[29.75,-4.64],[29.75,-4.92],[29.78,-4.95],[29.78,-4.99],[29.86,-5.07],[29.96,-5.16],[30.04,-5.3],[30.04,-5.52],[29.96,-5.62],[29.93,-5.65],[29.82,-5.71],[29.75,-5.67],[29.75,-5.6],[29.68,-5.6],[29.68,-5.62],[29.64,-5.64],[29.64,-5.76],[29.68,-5.76],[29.68,-5.79],[29.71,-5.79],[29.75,-5.83],[29.75,-5.96],[29.68,-6.0],[29.68,-6.03],[29.64,-6.03],[29.64,-6.15],[29.6,-6.2],[29.53,-6.25],[29.42,-6.3],[29.35,-6.25],[29.35,-5.93],[29.39,-5.91],[29.42,-5.91],[29.42,-5.88],[29.46,-5.88],[29.46,-5.84],[29.42,-5.81],[29.28,-5.77],[29.24,-5.77],[29.24,-5.72],[29.35,-5.64],[29.28,-5.6],[29.28,-5.57],[29.24,-5.53],[29.24,-5.35],[29.17,-5.3],[29.06,-5.3],[28.92,-5.24],[28.88,-5.21],[28.88,-5.16],[28.85,-5.12],[28.85,-5.02],[28.92,-5.0],[28.92,-5.04],[28.96,-5.07],[29.03,-5.14],[29.1,-5.19],[29.17,-5.19],[29.21,-5.18],[29.28,-5.12],[29.32,-5.11],[29.32,-5.07],[29.35,-5.04],[29.32,-5.0],[29.28,-5.0],[29.28,-4.97],[29.24,-4.95],[29.24,-4.87],[29.21,-4.83],[29.21,-4.8],[29.17,-4.76],[29.03,-4.7],[28.92,-4.7],[28.85,-4.64],[28.85,-4.63],[28.92,-4.59],[28.92,-4.51],[28.85,-4.47],[28.78,-4.37],[28.78,-4.32],[28.74,-4.3],[28.74,-4.22],[28.81,-4.2],[28.81,-4.17],[28.85,-4.15],[28.85,-3.86],[28.88,-3.84],[28.88,-3.81],[28.96,-3.81],[29.03,-3.77],[29.03,-3.72],[29.06,-3.7],[29.06,-3.64],[29.1,-3.6],[29.1,-3.58],[29.14,-3.57],[29.14,-3.55],[29.17,-3.53],[29.17,-3.52],[29.21,-3.5],[29.21,-3.48],[29.24,-3.45],[29.24,-3.36],[29.28,-3.33],[29.32,-3.31],[29.39,-3.29],[29.46,-3.31],[29.57,-3.36],[29.6,-3.4],[29.68,-3.46],[29.75,-3.48],[29.78,-3.5],[29.86,-3.52],[29.93,-3.48],[29.96,-3.45],[29.96,-3.41],[30.04,-3.41],[30.07,-3.4],[30.22,-3.4],[30.25,-3.38],[30.29,-3.38],[30.32,-3.36],[30.4,-3.33],[30.4,-3.31],[30.43,-3.28],[30.43,-3.21],[30.4,-3.21],[30.4,-3.17],[30.29,-3.12],[30.29,-3.1],[30.22,-3.1],[30.22,-3.09],[30.18,-3.09],[30.18,-3.07],[30.14,-3.05],[30.14,-2.92],[30.11,-2.92],[30.11,-2.9],[30.07,-2.9],[30.07,-2.88],[30.04,-2.88],[30.04,-2.85]],[[29.35,-3.76],[29.35,-3.72],[29.32,-3.7],[29.32,-3.69],[29.28,-3.69],[29.28,-3.7],[29.24,-3.72],[29.24,-3.77],[29.28,-3.79],[29.28,-3.81],[29.32,-3.81],[29.32,-3.79],[29.35,-3.77],[29.35,-3.76]],[[29.86,-5.26],[29.86,-5.23],[29.78,-5.19],[29.75,-5.21],[29.75,-5.28],[29.82,-5.28],[29.86,-5.26]]]}},{"type":"Feature","properties":{"precip":10},"geometry":{"type":"Polygon","coordinates":[[[20.07,-3.05],[20.07,-3.0],[20.1,-3.0],[20.14,-3.02],[20.14,-3.09],[20.07,-3.09],[20.07,-3.05]]]}},{"type":"Feature","properties":{"precip":10},"geometry":{"type":"Polygon","coordinates":[[[21.43,-3.1],[21.43,-3.07],[21.47,-3.05],[21.47,-3.02],[21.51,-3.02],[21.54,-3.0],[21.76,-3.0],[21.79,-3.02],[21.83,-3.02],[21.83,-3.1],[21.87,-3.16],[21.83,-3.19],[21.83,-3.28],[21.79,-3.29],[21.76,-3.29],[21.72,-3.31],[21.69,-3.31],[21.65,-3.33],[21.65,-3.38],[21.61,-3.38],[21.61,-3.4],[21.58,-3.4],[21.58,-3.36],[21.54,-3.36],[21.54,-3.21],[21.51,-3.21],[21.47,-3.19],[21.47,-3.14],[21.43,-3.12],[21.43,-3.1]]]}},{"type":"Feature","properties":{"precip":10},"geometry":{"type":"Polygon","coordinates":[[[31.26,-3.1],[31.26,-3.02],[31.3,-3.02],[31.33,-3.0],[31.37,-3.0],[31.44,-3.02],[31.48,-3.04],[31.55,-3.05],[31.66,-3.14],[31.62,-3.17],[31.62,-3.19],[31.58,-3.21],[31.58,-3.22],[31.55,-3.24],[31.55,-3.36],[31.51,-3.36],[31.51,-3.38],[31.48,-3.38],[31.48,-3.4],[31.3,-3.4],[31.26,-3.38],[31.22,-3.38],[31.15,-3.36],[31.15,-3.34],[31.12,-3.33],[31.08,-3.29],[31.08,-3.26],[31.04,-3.24],[31.04,-3.21],[31.08,-3.21],[31.19,-3.21],[31.22,-3.19],[31.22,-3.14],[31.26,-3.12],[31.26,-3.1]]]}},{"type":"Feature","properties":{"precip":10},"geometry":{"type":"Polygon","coordinates":[[[37.23,-3.1],[37.23,-3.07],[37.27,-3.05],[37.27,-3.02],[37.31,-3.0],[37.38,-3.0],[37.41,-3.02],[37.41,-3.04],[37.45,-3.05],[37.45,-3.16],[37.41,-3.17],[37.41,-3.19],[37.38,-3.21],[37.31,-3.21],[37.27,-3.19],[37.27,-3.14],[37.23,-3.12],[37.23,-3.1]]]}},{"type":"Feature","properties":{"precip":10},"geometry":{"type":"Polygon","coordinates":[[[29.64,-3.21],[29.64,-3.14],[29.68,-3.1],[29.75,-3.14],[29.82,-3.21],[29.82,-3.22],[29.86,-3.26],[29.86,-3.28],[29.82,-3.29],[29.68,-3.29],[29.68,-3.26],[29.64,-3.24],[29.64,-3.21]]]}},{"type":"Feature","properties":{"precip":10},"geometry":{"type":"Polygon","coordinates":[[[32.66,-3.16],[32.66,-3.12],[32.7,-3.1],[32.81,-3.1],[32.81,-3.12],[32.84,-3.12],[32.84,-3.19],[32.81,-3.19],[32.77,-3.21],[32.7,-3.21],[32.7,-3.19],[32.66,-3.19],[32.66,-3.16]]]}},{"type":"Feature","properties":{"precip":10},"geometry":{"type":"Polygon","coordinates":[[[80.32,-3.48],[80.32,-3.45],[80.39,-3.43],[80.46,-3.41],[80.5,-3.4],[80.57,-3.4],[80.64,-3.43],[80.64,-3.46],[80.57,-3.5],[80.46,-3.5],[80.43,-3.52],[80.39,-3.52],[80.39,-3.53],[80.32,-3.53],[80.32,-3.58],[80.39,-3.6],[80.43,-3.6],[80.43,-3.64],[80.46,-3.64],[80.46,-3.67],[80.43,-3.67],[80.43,-3.69],[80.39,-3.69],[80.32,-3.69],[80.25,-3.67],[80.25,-3.55],[80.28,-3.52],[80.32,-3.48]]]}},{"type":"Feature","properties":{"precip":10},"geometry":{"type":"Polygon","coordinates":[[[30.86,-3.6],[30.86,-3.52],[30.94,-3.52],[30.94,-3.57],[30.97,-3.57],[30.97,-3.58],[31.01,-3.6],[31.08,-3.6],[31.12,-3.62],[31.19,-3.69],[31.19,-3.7],[31.22,-3.74],[31.26,-3.79],[31.26,-3.84],[31.22,-3.84],[31.22,-3.87],[31.19,-3.89],[31.01,-3.89],[30.97,-3.87],[30.97,-3.84],[30.94,-3.84],[30.94,-3.7],[30.9,-3.7],[30.9,-3.69],[30.86,-3.69],[30.86,-3.6]]]}},{"type":"Feature","properties":{"precip":10},"geometry":{"type":"Polygon","coordinates":[[[77.94,-3.6],[77.94,-3.53],[77.98,-3.52],[78.02,-3.53],[78.12,-3.6],[78.12,-3.65],[78.16,-3.69],[78.12,-3.69],[78.02,-3.69],[77.94,-3.67],[77.94,-3.6]]]}},{"type":"Feature","properties":{"precip":10},"geometry":{"type":"Polygon","coordinates":[[[59.77,-3.72],[59.8,-3.69],[59.84,-3.65],[59.95,-3.6],[60.02,-3.6],[60.06,-3.62],[60.06,-3.67],[60.13,-3.69],[60.27,-3.69],[60.38,-3.7],[60.45,-3.74],[60.45,-3.77],[60.52,-3.81],[60.6,-3.81],[60.63,-3.82],[60.63,-3.84],[60.67,-3.86],[60.67,-3.87],[60.7,-3.87],[60.74,-3.89],[60.88,-3.89],[60.92,-3.91],[60.99,-3.91],[61.03,-3.93],[61.06,-3.96],[61.06,-3.99],[61.1,-3.99],[61.21,-4.03],[61.28,-4.08],[61.35,-4.17],[61.39,-4.2],[61.5,-4.29],[61.57,-4.34],[61.6,-4.39],[61.64,-4.39],[61.71,-4.42],[61.82,-4.51],[61.82,-4.56],[61.86,-4.61],[61.86,-4.76],[61.93,-4.83],[62.0,-4.87],[62.14,-4.9],[62.39,-4.9],[62.43,-4.88],[62.5,-4.88],[62.57,-4.82],[62.61,-4.8],[62.61,-4.78],[62.65,-4.75],[62.72,-4.71],[62.79,-4.7],[62.9,-4.7],[62.93,-4.68],[62.93,-4.64],[62.97,-4.64],[62.97,-4.61],[63.04,-4.61],[63.04,-4.59],[63.11,-4.59],[63.11,-4.58],[63.19,-4.51],[63.19,-4.49],[63.29,-4.42],[63.37,-4.41],[63.51,-4.41],[63.58,-4.39],[63.65,-4.35],[63.65,-4.32],[63.73,-4.3],[63.8,-4.3],[63.83,-4.29],[63.83,-4.17],[63.87,-4.17],[63.87,-4.11],[63.94,-4.1],[64.01,-4.1],[64.05,-4.06],[64.05,-4.03],[64.12,-3.99],[64.23,-3.99],[64.27,-3.99],[64.37,-3.96],[64.37,-3.89],[64.41,-3.89],[64.41,-3.94],[64.55,-3.99],[64.63,-3.99],[64.73,-3.99],[64.88,-3.99],[65.02,-3.98],[65.06,-3.96],[65.06,-3.93],[65.13,-3.91],[65.2,-3.91],[65.24,-3.89],[65.35,-3.89],[65.38,-3.91],[65.49,-3.91],[65.49,-3.93],[65.53,-3.93],[65.56,-3.96],[65.56,-3.99],[65.6,-3.99],[65.67,-3.99],[65.74,-3.98],[65.74,-3.93],[65.78,-3.93],[65.78,-3.91],[65.81,-3.91],[65.81,-3.89],[65.85,-3.89],[65.92,-3.91],[65.96,-3.94],[65.96,-3.98],[66.03,-3.99],[66.17,-3.99],[66.25,-4.03],[66.25,-4.17],[66.32,-4.2],[66.32,-4.17],[66.35,-4.17],[66.35,-4.03],[66.43,-3.99],[66.68,-3.99],[66.75,-4.01],[66.75,-4.05],[66.71,-4.08],[66.71,-4.11],[66.64,-4.17],[66.61,-4.18],[66.53,-4.2],[66.46,-4.2],[66.46,-4.3],[66.5,-4.32],[66.57,-4.35],[66.64,-4.42],[66.64,-4.47],[66.61,-4.49],[66.5,-4.49],[66.46,-4.51],[66.46,-4.59],[66.53,-4.61],[66.53,-4.66],[66.43,-4.7],[66.21,-4.7],[66.07,-4.73],[66.03,-4.75],[66.03,-4.8],[65.92,-4.8],[65.85,-4.83],[65.85,-4.87],[65.78,-4.92],[65.78,-4.95],[65.71,-4.97],[65.67,-5.0],[65.6,-5.0],[65.6,-5.02],[65.53,-5.07],[65.45,-5.12],[65.45,-5.16],[65.49,-5.18],[65.49,-5.21],[65.56,-5.26],[65.71,-5.28],[65.81,-5.3],[65.89,-5.3],[65.99,-5.28],[66.07,-5.24],[66.07,-5.21],[66.14,-5.21],[66.14,-5.19],[66.21,-5.19],[66.25,-5.18],[66.25,-5.14],[66.32,-5.11],[66.5,-5.11],[66.68,-5.12],[66.75,-5.14],[66.82,-5.23],[66.82,-5.28],[66.79,-5.3],[66.79,-5.33],[66.68,-5.4],[66.57,-5.4],[66.53,-5.35],[66.53,-5.31],[66.46,-5.3],[66.32,-5.3],[66.25,-5.35],[66.25,-5.45],[66.28,-5.47],[66.28,-5.5],[66.35,-5.53],[66.35,-5.57],[66.25,-5.65],[66.03,-5.71],[65.92,-5.71],[65.85,-5.74],[65.85,-5.76],[65.81,-5.79],[65.74,-5.79],[65.67,-5.83],[65.67,-5.86],[65.63,-5.88],[65.63,-5.96],[65.56,-6.03],[65.56,-6.05],[65.45,-6.12],[65.45,-6.17],[65.53,-6.2],[65.74,-6.2],[65.81,-6.22],[65.85,-6.24],[65.85,-6.36],[65.96,-6.39],[66.57,-6.39],[66.61,-6.39],[66.68,-6.39],[66.75,-6.37],[66.75,-6.34],[66.82,-6.3],[66.93,-6.3],[67.04,-6.29],[67.15,-6.24],[67.22,-6.18],[67.25,-6.13],[67.25,-6.07],[67.29,-6.03],[67.29,-6.0],[67.36,-5.93],[67.4,-5.89],[67.54,-5.76],[67.61,-5.69],[67.65,-5.62],[67.65,-5.59],[67.61,-5.53],[67.51,-5.5],[67.25,-5.5],[67.15,-5.53],[67.15,-5.59],[67.11,-5.6],[67.0,-5.6],[66.97,-5.59],[66.97,-5.43],[67.07,-5.33],[67.22,-5.3],[67.33,-5.3],[67.43,-5.28],[67.47,-5.23],[67.54,-5.21],[67.72,-5.21],[67.79,-5.19],[68.05,-5.19],[68.15,-5.16],[68.15,-5.12],[68.26,-5.11],[68.44,-5.11],[68.55,-5.12],[68.55,-5.18],[68.59,-5.18],[68.73,-5.24],[68.84,-5.31],[68.91,-5.43],[68.95,-5.48],[68.95,-5.57],[68.98,-5.57],[69.02,-5.6],[69.13,-5.6],[69.23,-5.62],[69.23,-5.65],[69.31,-5.71],[69.38,-5.71],[69.41,-5.67],[69.45,-5.67],[69.45,-5.62],[69.52,-5.6],[69.59,-5.6],[69.67,-5.55],[69.67,-5.52],[69.7,-5.5],[69.85,-5.5],[69.92,-5.47],[69.95,-5.47],[69.95,-5.43],[69.99,-5.41],[70.06,-5.41],[70.1,-5.4],[70.28,-5.4],[70.28,-5.38],[70.35,-5.36],[70.35,-5.31],[70.42,-5.3],[70.49,-5.3],[70.53,-5.31],[70.53,-5.35],[70.57,-5.35],[70.57,-5.38],[70.6,-5.4],[70.67,-5.4],[70.67,-5.41],[70.75,-5.41],[70.75,-5.45],[70.71,-5.5],[70.64,-5.57],[70.57,-5.6],[70.49,-5.6],[70.49,-5.62],[70.46,-5.64],[70.46,-5.88],[70.53,-5.91],[70.53,-5.98],[70.57,-6.0],[70.53,-6.03],[70.53,-6.07],[70.46,-6.12],[70.39,-6.12],[70.35,-6.12],[70.35,-6.17],[70.31,-6.2],[70.21,-6.2],[70.13,-6.24],[70.13,-6.29],[70.06,-6.3],[69.99,-6.3],[69.95,-6.34],[69.95,-6.44],[69.92,-6.46],[69.92,-6.49],[69.88,-6.51],[69.81,-6.51],[69.77,-6.53],[69.67,-6.61],[69.67,-6.68],[69.7,-6.7],[69.74,-6.73],[69.74,-6.89],[69.67,-6.9],[69.67,-7.06],[69.74,-7.13],[69.74,-7.16],[69.63,-7.25],[69.59,-7.3],[69.59,-7.33],[69.49,-7.42],[69.49,-7.45],[69.45,-7.49],[69.45,-7.55],[69.34,-7.61],[69.13,-7.61],[69.05,-7.64],[69.05,-7.67],[69.02,-7.69],[68.95,-7.69],[68.87,-7.71],[68.84,-7.74],[68.84,-7.78],[68.77,-7.79],[68.66,-7.79],[68.62,-7.81],[68.48,-7.81],[68.44,-7.79],[68.33,-7.79],[68.26,-7.78],[68.26,-7.74],[68.19,-7.69],[68.12,-7.71],[68.05,-7.76],[68.01,-7.81],[67.97,-7.83],[67.94,-7.86],[67.87,-7.9],[67.83,-7.9],[67.76,-7.93],[67.76,-8.1],[67.72,-8.14],[67.72,-8.19],[67.65,-8.22],[67.65,-8.26],[67.79,-8.38],[67.87,-8.41],[67.94,-8.41],[67.94,-8.48],[67.87,-8.53],[67.87,-8.58],[67.9,-8.58],[67.94,-8.61],[67.94,-8.67],[67.9,-8.7],[67.79,-8.7],[67.76,-8.72],[67.76,-8.79],[67.83,-8.84],[67.94,-8.91],[68.01,-8.91],[68.05,-8.92],[68.05,-8.96],[68.01,-8.96],[67.9,-8.99],[67.69,-8.99],[67.61,-9.01],[67.54,-9.01],[67.47,-9.04],[67.43,-9.04],[67.43,-9.09],[67.36,-9.09],[67.36,-9.06],[67.33,-9.01],[67.29,-9.01],[67.25,-9.06],[67.18,-9.09],[67.11,-9.09],[66.86,-9.09],[66.75,-9.13],[66.75,-9.16],[66.71,-9.16],[66.61,-9.2],[66.39,-9.2],[66.32,-9.21],[66.25,-9.21],[66.17,-9.23],[66.14,-9.27],[66.07,-9.33],[65.96,-9.38],[65.89,-9.4],[65.31,-9.4],[65.24,-9.38],[65.13,-9.33],[65.06,-9.25],[64.95,-9.2],[64.88,-9.2],[64.84,-9.16],[64.84,-9.11],[64.91,-9.09],[64.91,-9.06],[64.95,-9.03],[64.95,-8.7],[64.99,-8.65],[64.99,-8.61],[65.09,-8.5],[65.17,-8.44],[65.17,-8.41],[65.24,-8.36],[65.24,-8.26],[65.27,-8.24],[65.27,-8.2],[65.31,-8.19],[65.31,-8.15],[65.38,-8.14],[65.42,-8.08],[65.42,-8.03],[65.45,-8.0],[65.45,-7.83],[65.53,-7.79],[65.53,-7.74],[65.56,-7.72],[65.56,-7.64],[65.63,-7.55],[65.71,-7.5],[65.71,-7.49],[65.74,-7.47],[65.74,-7.42],[65.71,-7.4],[65.6,-7.4],[65.53,-7.38],[65.45,-7.35],[65.42,-7.31],[65.35,-7.26],[65.31,-7.21],[65.27,-7.21],[65.24,-7.26],[65.17,-7.3],[65.09,-7.3],[65.06,-7.28],[65.06,-7.19],[65.13,-7.19],[65.13,-7.09],[65.17,-7.07],[65.17,-7.02],[65.2,-7.01],[65.27,-7.01],[65.35,-6.95],[65.35,-6.85],[65.42,-6.8],[65.49,-6.8],[65.53,-6.78],[65.53,-6.73],[65.56,-6.72],[65.56,-6.61],[65.63,-6.6],[65.63,-6.42],[65.56,-6.39],[65.53,-6.39],[65.45,-6.42],[65.45,-6.48],[65.38,-6.51],[65.38,-6.48],[65.35,-6.48],[65.35,-6.34],[65.31,-6.3],[65.27,-6.3],[65.24,-6.34],[65.24,-6.37],[65.09,-6.39],[64.91,-6.39],[64.81,-6.39],[64.7,-6.3],[64.66,-6.32],[64.66,-6.37],[64.63,-6.37],[64.55,-6.39],[64.45,-6.39],[64.37,-6.41],[64.34,-6.44],[64.34,-6.48],[64.3,-6.49],[64.23,-6.49],[64.19,-6.51],[64.12,-6.51],[63.98,-6.54],[63.94,-6.54],[63.87,-6.61],[63.87,-6.66],[63.83,-6.72],[63.83,-6.8],[63.76,-6.84],[63.73,-6.87],[63.51,-6.89],[63.19,-6.89],[63.08,-6.9],[62.79,-6.9],[62.68,-6.92],[62.65,-6.94],[62.65,-6.97],[62.54,-7.01],[62.43,-7.01],[62.36,-7.02],[62.36,-7.13],[62.29,-7.21],[62.25,-7.25],[62.04,-7.3],[61.86,-7.3],[61.82,-7.31],[61.75,-7.31],[61.6,-7.37],[61.6,-7.4],[61.57,-7.42],[61.53,-7.47],[61.5,-7.47],[61.46,-7.5],[61.35,-7.5],[61.28,-7.52],[61.24,-7.55],[61.24,-7.67],[61.17,-7.69],[61.17,-7.74],[61.14,-7.76],[61.14,-7.83],[61.17,-7.84],[61.17,-7.88],[61.21,-7.9],[61.39,-7.9],[61.42,-7.91],[61.5,-7.91],[61.57,-7.95],[61.57,-7.98],[61.64,-7.96],[61.64,-7.93],[61.71,-7.9],[61.78,-7.9],[61.89,-7.83],[61.96,-7.71],[62.04,-7.59],[62.04,-7.49],[62.07,-7.45],[62.07,-7.4],[62.14,-7.4],[62.14,-7.49],[62.25,-7.5],[62.36,-7.49],[62.43,-7.45],[62.5,-7.4],[62.54,-7.35],[62.65,-7.26],[62.72,-7.23],[62.75,-7.19],[62.83,-7.19],[62.86,-7.25],[62.86,-7.28],[62.9,-7.3],[63.04,-7.3],[63.04,-7.31],[63.11,-7.31],[63.15,-7.33],[63.15,-7.37],[63.19,-7.37],[63.22,-7.4],[63.37,-7.4],[63.44,-7.43],[63.44,-7.54],[63.47,-7.55],[63.47,-7.59],[63.51,-7.61],[63.58,-7.61],[63.65,-7.66],[63.65,-7.78],[63.69,-7.79],[63.69,-7.83],[63.73,-7.83],[63.76,-7.84],[63.73,-7.88],[63.65,-7.91],[63.65,-7.98],[63.76,-8.19],[63.87,-8.26],[63.94,-8.29],[64.01,-8.31],[64.09,-8.31],[64.12,-8.31],[64.12,-8.34],[64.16,-8.36],[64.16,-8.44],[64.19,-8.46],[64.23,-8.53],[64.3,-8.58],[64.3,-8.61],[64.34,-8.61],[64.34,-8.65],[64.27,-8.72],[64.27,-8.73],[64.12,-8.79],[64.01,-8.79],[63.98,-8.8],[63.91,-8.8],[63.83,-8.84],[63.8,-8.87],[63.69,-8.89],[63.44,-8.89],[63.26,-8.91],[62.43,-8.91],[62.25,-8.89],[62.0,-8.89],[61.86,-8.85],[61.86,-8.82],[61.75,-8.79],[61.68,-8.79],[61.64,-8.77],[61.64,-8.72],[61.57,-8.72],[61.57,-8.7],[61.42,-8.7],[61.35,-8.67],[61.35,-8.55],[61.32,-8.51],[61.24,-8.5],[61.06,-8.5],[60.96,-8.46],[60.96,-8.44],[60.85,-8.41],[60.74,-8.41],[60.7,-8.39],[60.6,-8.39],[60.56,-8.38],[60.56,-8.34],[60.49,-8.31],[60.42,-8.31],[60.34,-8.27],[60.34,-8.24],[60.16,-8.2],[59.77,-8.2],[59.66,-8.19],[59.55,-8.19],[59.48,-8.17],[59.41,-8.14],[59.41,-8.1],[59.34,-8.03],[59.23,-8.0],[59.16,-8.02],[59.16,-8.07],[59.12,-8.1],[59.01,-8.1],[58.94,-8.05],[58.94,-7.93],[58.83,-7.9],[58.76,-7.9],[58.62,-7.83],[58.62,-7.81],[58.58,-7.81],[58.58,-7.83],[58.54,-7.84],[58.54,-7.88],[58.47,-7.9],[58.47,-7.81],[58.58,-7.71],[58.62,-7.69],[58.62,-7.67],[58.65,-7.66],[58.54,-7.55],[58.51,-7.5],[58.47,-7.49],[58.47,-7.43],[58.44,-7.42],[58.44,-7.35],[58.4,-7.33],[58.4,-7.3],[58.36,-7.26],[58.26,-7.21],[58.15,-7.19],[57.93,-7.19],[57.75,-7.23],[57.75,-7.26],[57.72,-7.28],[57.64,-7.25],[57.64,-7.23],[57.57,-7.16],[57.5,-7.11],[57.46,-7.06],[57.32,-7.01],[57.25,-7.02],[57.25,-7.06],[57.18,-7.09],[57.14,-7.06],[57.14,-7.02],[57.25,-6.99],[57.25,-6.94],[57.21,-6.9],[57.07,-6.89],[57.0,-6.85],[56.89,-6.8],[56.85,-6.77],[56.74,-6.63],[56.67,-6.56],[56.67,-6.53],[56.74,-6.44],[56.85,-6.39],[56.92,-6.39],[56.96,-6.37],[56.96,-6.3],[57.03,-6.3],[57.14,-6.34],[57.21,-6.39],[57.25,-6.46],[57.32,-6.49],[57.36,-6.49],[57.46,-6.54],[57.46,-6.58],[57.5,-6.6],[57.57,-6.6],[57.64,-6.61],[57.64,-6.66],[57.72,-6.7],[57.82,-6.7],[57.86,-6.72],[58.0,-6.72],[58.04,-6.75],[58.15,-6.8],[58.26,-6.8],[58.33,-6.82],[58.33,-6.85],[58.36,-6.87],[58.36,-6.97],[58.4,-7.01],[58.47,-7.01],[58.54,-7.02],[58.54,-7.07],[58.58,-7.09],[58.72,-7.09],[58.8,-7.07],[58.9,-7.01],[58.9,-6.89],[58.8,-6.8],[58.76,-6.78],[58.76,-6.75],[58.58,-6.68],[58.54,-6.63],[58.51,-6.61],[58.44,-6.54],[58.36,-6.48],[58.29,-6.42],[58.18,-6.39],[58.04,-6.39],[57.97,-6.39],[57.97,-6.34],[57.93,-6.29],[57.93,-6.12],[57.9,-6.12],[57.9,-6.07],[57.86,-6.03],[57.86,-5.33],[57.93,-5.3],[58.0,-5.3],[58.04,-5.28],[58.04,-5.14],[58.08,-5.12],[58.15,-5.11],[58.33,-5.11],[58.44,-5.07],[58.44,-5.04],[58.47,-5.04],[58.47,-5.0],[58.54,-5.0],[58.58,-4.97],[58.69,-4.92],[58.76,-4.85],[58.8,-4.8],[58.87,-4.75],[59.01,-4.7],[59.26,-4.7],[59.37,-4.71],[59.44,-4.73],[59.44,-4.78],[59.48,-4.8],[59.62,-4.8],[59.73,-4.76],[59.8,-4.68],[59.84,-4.61],[59.84,-4.22],[59.77,-4.18],[59.77,-4.15],[59.73,-4.13],[59.73,-3.99],[59.66,-3.99],[59.66,-3.86],[59.77,-3.72]],[[69.56,-6.75],[69.52,-6.72],[69.45,-6.72],[69.45,-6.78],[69.49,-6.8],[69.56,-6.77],[69.56,-6.75]],[[58.26,-7.01],[58.26,-6.95],[58.18,-6.9],[58.11,-6.9],[58.04,-6.89],[58.0,-6.9],[57.9,-6.9],[57.86,-6.92],[57.86,-6.99],[57.93,-6.99],[57.93,-7.01],[58.04,-7.01],[58.15,-7.02],[58.15,-7.07],[58.22,-7.09],[58.26,-7.06],[58.26,-7.01]],[[69.49,-6.97],[69.45,-6.94],[69.41,-6.94],[69.34,-6.9],[69.27,-6.9],[69.23,-6.89],[69.16,-6.9],[69.09,-6.9],[69.05,-6.94],[69.05,-7.18],[69.13,-7.19],[69.2,-7.19],[69.23,-7.19],[69.23,-7.14],[69.31,-7.11],[69.38,-7.09],[69.52,-7.09],[69.56,-7.06],[69.52,-7.02],[69.52,-7.01],[69.49,-6.97]],[[67.54,-8.05],[67.54,-7.93],[67.51,-7.91],[67.4,-7.9],[67.22,-7.98],[67.18,-8.02],[67.11,-8.07],[67.07,-8.12],[67.07,-8.17],[67.04,-8.22],[67.04,-8.26],[67.11,-8.31],[67.18,-8.24],[67.18,-8.2],[67.22,-8.2],[67.22,-8.24],[67.25,-8.27],[67.33,-8.31],[67.33,-8.26],[67.4,-8.2],[67.47,-8.2],[67.47,-8.19],[67.54,-8.17],[67.54,-8.05]]]}},{"type":"Feature","properties":{"precip":10},"geometry":{"type":"Polygon","coordinates":[[[54.15,-3.72],[54.15,-3.7],[54.22,-3.7],[54.22,-3.69],[54.26,-3.69],[54.26,-3.7],[54.3,-3.7],[54.33,-3.72],[54.33,-3.89],[54.26,-3.87],[54.26,-3.84],[54.22,-3.84],[54.15,-3.77],[54.15,-3.72]]]}},{"type":"Feature","properties":{"precip":10},"geometry":{"type":"Polygon","coordinates":[[[77.66,-3.76],[77.66,-3.7],[77.66,-3.69],[77.73,-3.7],[77.73,-3.72],[77.76,-3.74],[77.76,-3.76],[77.73,-3.77],[77.73,-3.81],[77.66,-3.81],[77.66,-3.79],[77.66,-3.76]]]}},{"type":"Feature","properties":{"precip":10},"geometry":{"type":"Polygon","coordinates":[[[53.76,-3.84],[53.76,-3.82],[53.79,-3.82],[53.83,-3.81],[53.97,-3.81],[54.04,-3.84],[54.04,-3.86],[53.97,-3.89],[53.83,-3.89],[53.79,-3.87],[53.76,-3.87],[53.76,-3.84]]]}},{"type":"Feature","properties":{"precip":10},"geometry":{"type":"Polygon","coordinates":[[[54.55,-3.84],[54.55,-3.82],[54.58,-3.82],[54.58,-3.81],[54.69,-3.81],[54.73,-3.82],[54.73,-3.84],[54.76,-3.84],[54.73,-3.86],[54.73,-3.87],[54.69,-3.89],[54.58,-3.89],[54.58,-3.87],[54.55,-3.87],[54.55,-3.84]]]}},{"type":"Feature","properties":{"precip":10},"geometry":{"type":"Polygon","coordinates":[[[59.16,-3.96],[59.16,-3.91],[59.19,-3.91],[59.19,-3.89],[59.23,-3.91],[59.26,-3.94],[59.23,-3.98],[59.23,-3.99],[59.16,-3.99],[59.16,-3.96]]]}},{"type":"Feature","properties":{"precip":10},"geometry":{"type":"Polygon","coordinates":[[[19.96,-4.05],[19.96,-3.99],[20.03,-3.99],[20.03,-4.03],[20.07,-4.05],[20.03,-4.06],[20.03,-4.1],[19.96,-4.1],[19.96,-4.05]]]}},{"type":"Feature","properties":{"precip":10},"geometry":{"type":"Polygon","coordinates":[[[28.24,-4.46],[28.24,-4.37],[28.27,-4.32],[28.34,-4.3],[28.45,-4.3],[28.52,-4.32],[28.56,-4.37],[28.56,-4.53],[28.52,-4.58],[28.45,-4.61],[28.34,-4.61],[28.27,-4.58],[28.24,-4.53],[28.24,-4.46]]]}},{"type":"Feature","properties":{"precip":10},"geometry":{"type":"Polygon","coordinates":[[[59.44,-4.34],[59.52,-4.3],[59.59,-4.3],[59.62,-4.32],[59.66,-4.35],[59.59,-4.39],[59.52,-4.41],[59.48,-4.37],[59.44,-4.37],[59.44,-4.34]]]}},{"type":"Feature","properties":{"precip":10},"geometry":{"type":"Polygon","coordinates":[[[97.13,-4.34],[97.13,-4.32],[97.24,-4.3],[97.31,-4.3],[97.45,-4.32],[97.45,-4.37],[97.42,-4.39],[97.31,-4.39],[97.31,-4.41],[97.27,-4.41],[97.13,-4.37],[97.13,-4.34]]]}},{"type":"Feature","properties":{"precip":10},"geometry":{"type":"Polygon","coordinates":[[[13.66,-4.68],[13.66,-4.53],[13.73,-4.49],[13.91,-4.49],[13.98,-4.51],[14.05,-4.54],[14.05,-4.59],[14.16,-4.61],[14.23,-4.64],[14.34,-4.73],[14.34,-4.83],[14.27,-4.94],[14.16,-5.02],[14.05,-5.09],[13.98,-5.11],[13.87,-5.07],[13.8,-5.02],[13.73,-4.9],[13.66,-4.76],[13.66,-4.68]]]}},{"type":"Feature","properties":{"precip":10},"geometry":{"type":"Polygon","coordinates":[[[79.1,-4.54],[79.17,-4.53],[79.17,-4.49],[79.24,-4.51],[79.24,-4.59],[79.17,-4.61],[79.17,-4.66],[79.1,-4.68],[79.1,-4.8],[79.06,-4.76],[78.92,-4.66],[78.92,-4.63],[78.99,-4.61],[79.06,-4.61],[79.1,-4.59],[79.1,-4.54]]]}},{"type":"Feature","properties":{"precip":10},"geometry":{"type":"Polygon","coordinates":[[[31.44,-4.64],[31.44,-4.63],[31.48,-4.61],[31.55,-4.63],[31.55,-4.68],[31.48,-4.7],[31.44,-4.68],[31.44,-4.64]]]}},{"type":"Feature","properties":{"precip":10},"geometry":{"type":"Polygon","coordinates":[[[76.32,-4.66],[76.32,-4.64],[76.4,-4.63],[76.5,-4.61],[76.65,-4.61],[76.65,-4.64],[76.58,-4.75],[76.5,-4.8],[76.47,-4.83],[76.32,-4.9],[76.22,-4.85],[76.22,-4.75],[76.32,-4.66]]]}},{"type":"Feature","properties":{"precip":10},"geometry":{"type":"Polygon","coordinates":[[[30.25,-4.75],[30.25,-4.71],[30.32,-4.7],[30.32,-4.73],[30.36,-4.73],[30.36,-4.78],[30.32,-4.78],[30.29,-4.8],[30.25,-4.8],[30.25,-4.75]]]}},{"type":"Feature","properties":{"precip":10},"geometry":{"type":"Polygon","coordinates":[[[30.94,-4.75],[31.01,-4.71],[31.08,-4.7],[31.26,-4.7],[31.33,-4.73],[31.33,-4.87],[31.3,-4.9],[31.22,-4.9],[31.15,-4.92],[31.15,-4.97],[31.08,-5.0],[31.08,-4.97],[31.04,-4.95],[31.04,-4.82],[30.94,-4.78],[30.94,-4.75]]]}},{"type":"Feature","properties":{"precip":10},"geometry":{"type":"Polygon","coordinates":[[[97.13,-4.75],[97.13,-4.7],[97.24,-4.73],[97.24,-4.75],[97.31,-4.8],[97.31,-4.82],[97.31,-4.83],[97.31,-4.87],[97.31,-4.9],[97.27,-4.95],[97.13,-4.99],[97.13,-4.92],[97.24,-4.87],[97.24,-4.82],[97.13,-4.8],[97.13,-4.75]]]}},{"type":"Feature","properties":{"precip":10},"geometry":{"type":"Polygon","coordinates":[[[67.04,-4.9],[67.04,-4.87],[67.07,-4.85],[67.07,-4.82],[67.15,-4.8],[67.65,-4.8],[67.72,-4.82],[67.72,-4.85],[67.76,-4.87],[67.76,-4.95],[67.72,-4.95],[67.72,-4.99],[67.65,-5.0],[67.58,-5.0],[67.54,-5.04],[67.54,-5.09],[67.47,-5.11],[67.4,-5.11],[67.36,-5.09],[67.36,-5.04],[67.29,-5.0],[67.18,-5.0],[67.07,-4.97],[67.04,-4.95],[67.04,-4.9]]]}},{"type":"Feature","properties":{"precip":10},"geometry":{"type":"Polygon","coordinates":[[[75.35,-4.85],[75.35,-4.82],[75.39,-4.8],[75.5,-4.8],[75.53,-4.82],[75.53,-4.88],[75.5,-4.9],[75.42,-4.9],[75.35,-4.88],[75.35,-4.85]]]}},{"type":"Feature","properties":{"precip":10},"geometry":{"type":"Polygon","coordinates":[[[78.74,-4.85],[78.81,-4.8],[78.92,-4.8],[78.92,-4.83],[78.92,-4.87],[78.88,-4.9],[78.81,-4.9],[78.74,-4.85]]]}},{"type":"Feature","properties":{"precip":10},"geometry":{"type":"Polygon","coordinates":[[[74.17,-5.0],[74.17,-4.94],[74.27,-4.9],[74.53,-4.9],[74.63,-4.94],[74.63,-5.07],[74.53,-5.11],[74.27,-5.11],[74.17,-5.07],[74.17,-5.0]]]}},{"type":"Feature","properties":{"precip":10},"geometry":{"type":"Polygon","coordinates":[[[14.56,-5.09],[14.56,-5.04],[14.59,-5.02],[14.74,-4.99],[14.88,-5.02],[14.99,-5.07],[14.99,-5.12],[15.03,-5.16],[15.03,-5.21],[15.06,-5.28],[15.06,-5.31],[15.03,-5.36],[15.03,-5.4],[14.95,-5.4],[14.95,-5.33],[14.88,-5.3],[14.77,-5.3],[14.7,-5.28],[14.63,-5.24],[14.56,-5.16],[14.56,-5.09]]]}},{"type":"Feature","properties":{"precip":10},"geometry":{"type":"Polygon","coordinates":[[[96.34,-5.07],[96.37,-5.0],[96.41,-5.0],[96.41,-5.09],[96.41,-5.11],[96.34,-5.07]]]}},{"type":"Feature","properties":{"precip":10},"geometry":{"type":"Polygon","coordinates":[[[73.73,-5.14],[73.77,-5.11],[73.81,-5.12],[73.95,-5.24],[73.95,-5.28],[73.88,-5.3],[73.66,-5.3],[73.59,-5.28],[73.55,-5.28],[73.55,-5.23],[73.59,-5.21],[73.73,-5.18],[73.73,-5.14]]]}},{"type":"Feature","properties":{"precip":10},"geometry":{"type":"Polygon","coordinates":[[[25.36,-5.26],[25.36,-5.21],[25.43,-5.21],[25.43,-5.3],[25.36,-5.28],[25.36,-5.26]]]}},{"type":"Feature","properties":{"precip":10},"geometry":{"type":"Polygon","coordinates":[[[95.44,-5.4],[95.44,-5.36],[95.47,-5.35],[95.47,-5.3],[95.51,-5.3],[95.51,-5.33],[95.51,-5.47],[95.47,-5.5],[95.47,-5.45],[95.44,-5.43],[95.44,-5.4]]]}},{"type":"Feature","properties":{"precip":10},"geometry":{"type":"Polygon","coordinates":[[[15.35,-5.45],[15.35,-5.41],[15.42,-5.4],[15.42,-5.43],[15.46,-5.43],[15.46,-5.47],[15.42,-5.47],[15.42,-5.5],[15.35,-5.48],[15.35,-5.45]]]}},{"type":"Feature","properties":{"precip":10},"geometry":{"type":"Polygon","coordinates":[[[44.87,-5.43],[44.87,-5.41],[44.97,-5.41],[45.01,-5.4],[45.08,-5.4],[45.12,-5.41],[45.19,-5.41],[45.26,-5.43],[45.26,-5.48],[45.3,-5.5],[45.37,-5.5],[45.48,-5.55],[45.48,-5.6],[45.51,-5.6],[45.51,-5.57],[45.55,-5.53],[45.62,-5.5],[45.69,-5.5],[45.77,-5.55],[45.77,-5.59],[45.84,-5.6],[45.98,-5.6],[46.2,-5.69],[46.27,-5.77],[46.38,-5.88],[46.45,-5.96],[46.45,-6.05],[46.49,-6.07],[46.49,-6.12],[46.56,-6.17],[46.67,-6.2],[46.81,-6.2],[46.85,-6.15],[46.85,-5.65],[46.81,-5.6],[46.77,-5.6],[46.7,-5.6],[46.67,-5.59],[46.67,-5.43],[46.77,-5.4],[46.85,-5.4],[46.92,-5.43],[46.95,-5.45],[46.95,-5.57],[46.99,-5.6],[47.06,-5.6],[47.13,-5.62],[47.13,-5.67],[47.17,-5.74],[47.17,-5.77],[47.24,-5.84],[47.31,-5.88],[47.46,-5.91],[47.64,-5.91],[47.67,-5.89],[47.78,-5.89],[47.85,-5.86],[47.85,-5.81],[47.93,-5.79],[47.93,-5.88],[47.96,-5.89],[47.96,-6.07],[48.07,-6.12],[48.21,-6.12],[48.21,-6.13],[48.25,-6.15],[48.25,-6.25],[48.32,-6.3],[48.39,-6.3],[48.43,-6.32],[48.47,-6.37],[48.61,-6.39],[48.79,-6.39],[48.93,-6.37],[48.97,-6.34],[48.97,-6.3],[49.04,-6.32],[49.11,-6.41],[49.11,-6.51],[49.04,-6.56],[48.97,-6.61],[48.93,-6.66],[48.79,-6.7],[48.68,-6.7],[48.65,-6.68],[48.61,-6.63],[48.61,-6.6],[48.57,-6.6],[48.57,-6.65],[48.54,-6.68],[48.39,-6.72],[48.36,-6.72],[48.36,-6.75],[48.25,-6.8],[48.14,-6.8],[48.03,-6.75],[48.03,-6.72],[47.96,-6.72],[47.85,-6.66],[47.78,-6.6],[47.78,-6.54],[47.75,-6.53],[47.75,-6.44],[47.67,-6.41],[47.6,-6.39],[47.31,-6.39],[47.17,-6.42],[47.13,-6.46],[47.24,-6.51],[47.31,-6.51],[47.35,-6.54],[47.35,-6.56],[47.28,-6.6],[47.21,-6.6],[47.13,-6.68],[47.13,-6.72],[47.17,-6.72],[47.17,-6.77],[47.28,-6.87],[47.28,-6.89],[47.31,-6.9],[47.31,-6.95],[47.35,-6.97],[47.35,-7.06],[47.31,-7.09],[47.24,-7.09],[47.17,-7.11],[47.13,-7.14],[47.17,-7.19],[47.24,-7.19],[47.31,-7.23],[47.49,-7.38],[47.49,-7.4],[47.57,-7.45],[47.6,-7.5],[47.67,-7.5],[47.78,-7.55],[47.78,-7.61],[47.82,-7.64],[47.89,-7.67],[48.03,-7.71],[48.03,-7.76],[48.11,-7.79],[48.18,-7.81],[48.25,-7.83],[48.25,-7.96],[48.32,-8.0],[48.39,-8.0],[48.47,-8.05],[48.39,-8.1],[48.21,-8.1],[48.18,-8.07],[48.14,-8.07],[48.14,-8.03],[48.03,-8.0],[47.78,-8.0],[47.71,-7.98],[47.64,-7.98],[47.57,-7.96],[47.53,-7.96],[47.53,-7.93],[47.49,-7.93],[47.42,-7.96],[47.31,-7.98],[47.17,-7.98],[46.99,-8.0],[46.85,-8.0],[46.59,-7.98],[46.56,-7.93],[46.49,-7.9],[46.38,-7.9],[46.34,-7.86],[46.34,-7.83],[46.31,-7.81],[46.23,-7.81],[46.16,-7.79],[46.16,-7.74],[46.05,-7.69],[45.95,-7.69],[45.87,-7.67],[45.87,-7.66],[45.8,-7.62],[45.77,-7.55],[45.69,-7.52],[45.69,-7.5],[45.62,-7.5],[45.51,-7.5],[45.44,-7.47],[45.44,-7.43],[45.37,-7.4],[45.15,-7.4],[45.05,-7.35],[45.05,-7.33],[44.97,-7.3],[44.9,-7.3],[44.87,-7.28],[44.87,-7.19],[44.83,-7.19],[44.83,-7.11],[44.79,-7.07],[44.76,-7.07],[44.76,-7.02],[44.83,-6.99],[44.83,-6.9],[44.76,-6.87],[44.65,-6.72],[44.65,-6.65],[44.69,-6.61],[44.9,-6.56],[44.97,-6.53],[45.01,-6.48],[45.08,-6.41],[45.15,-6.29],[45.15,-6.15],[45.12,-6.13],[45.12,-6.12],[45.08,-6.12],[45.08,-6.07],[45.05,-6.05],[45.05,-5.76],[45.08,-5.74],[45.08,-5.71],[45.15,-5.67],[45.15,-5.62],[45.08,-5.6],[45.05,-5.6],[44.97,-5.57],[44.9,-5.5],[44.87,-5.48],[44.87,-5.43]]]}},{"type":"Feature","properties":{"precip":10},"geometry":{"type":"Polygon","coordinates":[[[48.93,-5.45],[48.97,-5.41],[49.04,-5.41],[49.04,-5.48],[48.97,-5.5],[48.97,-5.47],[48.93,-5.45]]]}},{"type":"Feature","properties":{"precip":10},"geometry":{"type":"Polygon","coordinates":[[[73.52,-5.47],[73.59,-5.43],[73.66,-5.41],[73.77,-5.4],[73.84,-5.41],[73.84,-5.45],[73.81,-5.48],[73.81,-5.52],[73.77,-5.55],[73.7,-5.57],[73.63,-5.6],[73.48,-5.6],[73.45,-5.59],[73.45,-5.53],[73.48,-5.52],[73.52,-5.47]]]}},{"type":"Feature","properties":{"precip":10},"geometry":{"type":"Polygon","coordinates":[[[76.22,-5.5],[76.22,-5.43],[76.29,-5.41],[76.36,-5.4],[76.4,-5.43],[76.4,-5.59],[76.4,-5.6],[76.29,-5.6],[76.22,-5.57],[76.22,-5.5]]]}},{"type":"Feature","properties":{"precip":10},"geometry":{"type":"Polygon","coordinates":[[[72.44,-5.55],[72.47,-5.52],[72.55,-5.5],[72.83,-5.5],[72.94,-5.53],[72.94,-5.57],[72.83,-5.6],[72.55,-5.6],[72.44,-5.55]]]}},{"type":"Feature","properties":{"precip":10},"geometry":{"type":"Polygon","coordinates":[[[16.0,-5.67],[16.07,-5.62],[16.18,-5.6],[16.25,-5.6],[16.25,-5.64],[16.21,-5.65],[16.18,-5.72],[16.11,-5.77],[16.03,-5.88],[15.93,-5.95],[15.85,-6.01],[15.75,-6.08],[15.6,-6.08],[15.46,-5.96],[15.46,-5.93],[15.6,-5.81],[15.64,-5.81],[15.64,-5.93],[15.67,-5.95],[15.67,-6.0],[15.75,-5.98],[15.75,-5.93],[15.78,-5.91],[15.85,-5.91],[15.93,-5.88],[15.96,-5.84],[15.96,-5.74],[16.0,-5.71],[16.0,-5.67]]]}},{"type":"Feature","properties":{"precip":10},"geometry":{"type":"Polygon","coordinates":[[[30.14,-5.65],[30.14,-5.62],[30.18,-5.6],[30.22,-5.6],[30.25,-5.62],[30.25,-5.67],[30.18,-5.71],[30.14,-5.65]]]}},{"type":"Feature","properties":{"precip":10},"geometry":{"type":"Polygon","coordinates":[[[30.36,-5.67],[30.36,-5.6],[30.4,-5.6],[30.5,-5.71],[30.5,-5.74],[30.54,-5.77],[30.54,-5.89],[30.5,-5.89],[30.43,-5.86],[30.4,-5.81],[30.4,-5.77],[30.36,-5.76],[30.36,-5.67]]]}},{"type":"Feature","properties":{"precip":10},"geometry":{"type":"Polygon","coordinates":[[[80.5,-5.65],[80.5,-5.62],[80.57,-5.62],[80.57,-5.6],[80.64,-5.6],[80.64,-5.69],[80.57,-5.71],[80.57,-5.67],[80.5,-5.65]]]}},{"type":"Feature","properties":{"precip":10},"geometry":{"type":"Polygon","coordinates":[[[80.75,-5.65],[80.75,-5.6],[80.82,-5.6],[80.82,-5.62],[80.86,-5.62],[80.86,-5.67],[80.82,-5.67],[80.82,-5.71],[80.75,-5.69],[80.75,-5.65]]]}},{"type":"Feature","properties":{"precip":10},"geometry":{"type":"Polygon","coordinates":[[[81.36,-5.74],[81.4,-5.71],[81.58,-5.71],[81.65,-5.72],[81.65,-5.76],[81.58,-5.76],[81.58,-5.79],[81.51,-5.89],[81.4,-5.86],[81.4,-5.83],[81.36,-5.77],[81.36,-5.74]]]}},{"type":"Feature","properties":{"precip":10},"geometry":{"type":"Polygon","coordinates":[[[31.44,-5.91],[31.44,-5.84],[31.48,-5.83],[31.48,-5.79],[31.51,-5.79],[31.55,-5.83],[31.55,-5.96],[31.48,-6.0],[31.48,-5.96],[31.44,-5.95],[31.44,-5.91]]]}},{"type":"Feature","properties":{"precip":10},"geometry":{"type":"Polygon","coordinates":[[[19.09,-5.98],[19.17,-5.91],[19.24,-5.91],[19.31,-5.91],[19.35,-5.93],[19.35,-6.29],[19.27,-6.27],[19.27,-6.25],[19.2,-6.24],[19.2,-6.2],[19.17,-6.18],[19.09,-6.12],[19.09,-6.07],[19.06,-6.05],[19.09,-6.01],[19.09,-5.98]]]}},{"type":"Feature","properties":{"precip":10},"geometry":{"type":"Polygon","coordinates":[[[25.86,-6.0],[25.86,-5.91],[25.93,-5.91],[25.93,-6.03],[25.97,-6.05],[25.97,-6.08],[26.0,-6.12],[26.04,-6.08],[26.04,-5.95],[26.08,-5.93],[26.08,-5.91],[26.11,-5.91],[26.15,-5.93],[26.15,-6.07],[26.22,-6.12],[26.22,-6.13],[26.26,-6.15],[26.26,-6.29],[26.29,-6.3],[26.36,-6.25],[26.36,-6.2],[26.44,-6.22],[26.44,-6.3],[26.47,-6.34],[26.47,-6.37],[26.54,-6.42],[26.54,-6.44],[26.62,-6.51],[26.62,-6.56],[26.65,-6.6],[26.65,-6.77],[26.69,-6.8],[26.8,-6.8],[26.83,-6.84],[26.83,-6.97],[26.8,-7.01],[26.69,-7.01],[26.69,-6.97],[26.65,-6.95],[26.65,-6.85],[26.62,-6.84],[26.62,-6.8],[26.58,-6.8],[26.58,-6.84],[26.54,-6.85],[26.54,-6.97],[26.47,-7.01],[26.44,-7.02],[26.44,-7.06],[26.47,-7.09],[26.54,-7.09],[26.62,-7.13],[26.72,-7.21],[26.72,-7.26],[26.76,-7.33],[26.76,-7.49],[26.83,-7.5],[26.83,-7.57],[26.8,-7.57],[26.65,-7.61],[26.4,-7.61],[26.26,-7.57],[26.26,-7.45],[26.22,-7.43],[26.22,-7.4],[26.15,-7.37],[26.15,-7.23],[26.22,-7.19],[26.29,-7.19],[26.33,-7.19],[26.33,-7.11],[26.26,-7.09],[26.18,-7.09],[26.15,-7.06],[26.15,-6.99],[26.11,-6.92],[26.04,-6.84],[25.93,-6.73],[25.79,-6.68],[25.75,-6.68],[25.75,-6.54],[25.72,-6.51],[25.64,-6.48],[25.64,-6.42],[25.75,-6.39],[25.9,-6.39],[25.93,-6.39],[25.93,-6.32],[25.9,-6.3],[25.75,-6.3],[25.75,-6.29],[25.68,-6.29],[25.64,-6.27],[25.64,-6.24],[25.75,-6.2],[25.9,-6.2],[25.93,-6.18],[25.93,-6.12],[25.86,-6.08],[25.86,-6.0]]]}},{"type":"Feature","properties":{"precip":10},"geometry":{"type":"Polygon","coordinates":[[[97.56,-5.95],[97.56,-5.91],[97.6,-5.91],[97.78,-5.91],[97.85,-5.93],[97.85,-5.96],[97.78,-6.0],[97.6,-6.0],[97.56,-5.98],[97.56,-5.95]]]}},{"type":"Feature","properties":{"precip":10},"geometry":{"type":"Polygon","coordinates":[[[25.03,-6.36],[25.07,-6.34],[25.07,-6.3],[25.14,-6.3],[25.14,-6.39],[25.07,-6.39],[25.07,-6.37],[25.03,-6.36]]]}},{"type":"Feature","properties":{"precip":10},"geometry":{"type":"Polygon","coordinates":[[[81.54,-6.36],[81.54,-6.32],[81.58,-6.3],[81.65,-6.32],[81.65,-6.39],[81.54,-6.39],[81.54,-6.36]]]}},{"type":"Feature","properties":{"precip":10},"geometry":{"type":"Polygon","coordinates":[[[29.64,-6.44],[29.68,-6.39],[29.75,-6.41],[29.75,-6.49],[29.68,-6.49],[29.64,-6.48],[29.64,-6.44]]]}},{"type":"Feature","properties":{"precip":10},"geometry":{"type":"Polygon","coordinates":[[[49.26,-6.44],[49.29,-6.39],[49.4,-6.39],[49.44,-6.41],[49.44,-6.49],[49.33,-6.51],[49.26,-6.48],[49.26,-6.44]]]}},{"type":"Feature","properties":{"precip":10},"geometry":{"type":"Polygon","coordinates":[[[71.75,-6.54],[71.75,-6.51],[71.83,-6.51],[71.86,-6.54],[71.86,-6.56],[71.83,-6.6],[71.75,-6.58],[71.75,-6.54]]]}},{"type":"Feature","properties":{"precip":10},"geometry":{"type":"Polygon","coordinates":[[[85.14,-6.54],[85.14,-6.53],[85.14,-6.51],[85.25,-6.53],[85.25,-6.58],[85.22,-6.6],[85.14,-6.58],[85.14,-6.54]]]}},{"type":"Feature","properties":{"precip":10},"geometry":{"type":"Polygon","coordinates":[[[85.5,-6.54],[85.58,-6.51],[85.68,-6.51],[85.76,-6.54],[85.76,-6.56],[85.68,-6.6],[85.61,-6.6],[85.5,-6.56],[85.5,-6.54]]]}},{"type":"Feature","properties":{"precip":10},"geometry":{"type":"Polygon","coordinates":[[[25.25,-6.65],[25.25,-6.61],[25.32,-6.6],[25.36,-6.63],[25.36,-6.68],[25.32,-6.68],[25.28,-6.72],[25.25,-6.7],[25.25,-6.65]]]}},{"type":"Feature","properties":{"precip":10},"geometry":{"type":"Polygon","coordinates":[[[29.5,-6.68],[29.53,-6.66],[29.53,-6.63],[29.57,-6.63],[29.57,-6.6],[29.6,-6.61],[29.68,-6.68],[29.71,-6.72],[29.78,-6.77],[29.82,-6.82],[29.82,-6.85],[29.86,-6.87],[29.78,-6.9],[29.71,-6.89],[29.64,-6.87],[29.64,-6.84],[29.6,-6.8],[29.57,-6.82],[29.57,-6.87],[29.53,-6.89],[29.46,-6.89],[29.46,-6.73],[29.5,-6.72],[29.5,-6.68]]]}},{"type":"Feature","properties":{"precip":10},"geometry":{"type":"Polygon","coordinates":[[[54.55,-6.72],[54.55,-6.63],[54.58,-6.6],[54.62,-6.6],[54.62,-6.63],[54.66,-6.65],[54.66,-6.75],[54.62,-6.77],[54.62,-6.8],[54.55,-6.77],[54.55,-6.72]]]}},{"type":"Feature","properties":{"precip":10},"geometry":{"type":"Polygon","coordinates":[[[92.56,-6.8],[92.56,-6.72],[92.59,-6.72],[92.74,-6.72],[92.74,-6.77],[92.63,-6.87],[92.56,-6.89],[92.56,-6.8]]]}},{"type":"Feature","properties":{"precip":10},"geometry":{"type":"Polygon","coordinates":[[[94.79,-6.77],[94.79,-6.73],[94.9,-6.72],[94.93,-6.72],[94.93,-6.87],[94.9,-6.89],[94.75,-6.89],[94.75,-6.84],[94.79,-6.82],[94.79,-6.77]]]}},{"type":"Feature","properties":{"precip":10},"geometry":{"type":"Polygon","coordinates":[[[98.03,-6.85],[98.03,-6.82],[98.1,-6.8],[98.17,-6.8],[98.21,-6.82],[98.21,-6.87],[98.21,-6.89],[98.03,-6.89],[98.03,-6.85]]]}},{"type":"Feature","properties":{"precip":10},"geometry":{"type":"Polygon","coordinates":[[[23.2,-6.99],[23.23,-6.94],[23.3,-6.9],[23.38,-6.9],[23.45,-6.94],[23.48,-6.97],[23.48,-7.01],[23.52,-7.02],[23.52,-7.07],[23.45,-7.16],[23.34,-7.19],[23.27,-7.19],[23.23,-7.16],[23.23,-7.13],[23.2,-7.11],[23.2,-7.07],[23.16,-7.06],[23.16,-7.02],[23.2,-6.99]]]}},{"type":"Feature","properties":{"precip":10},"geometry":{"type":"Polygon","coordinates":[[[26.94,-6.95],[26.94,-6.92],[27.01,-6.89],[27.05,-6.9],[27.05,-6.99],[26.94,-6.99],[26.94,-6.95]]]}},{"type":"Feature","properties":{"precip":10},"geometry":{"type":"Polygon","coordinates":[[[35.8,-6.97],[35.83,-6.94],[35.9,-6.9],[35.94,-6.9],[35.94,-7.07],[35.9,-7.09],[35.76,-7.09],[35.76,-7.02],[35.8,-7.01],[35.8,-6.97]]]}},{"type":"Feature","properties":{"precip":10},"geometry":{"type":"Polygon","coordinates":[[[69.92,-6.97],[70.03,-6.92],[70.1,-6.9],[70.28,-6.9],[70.35,-6.92],[70.35,-6.97],[70.28,-7.01],[70.21,-7.01],[70.13,-7.04],[70.13,-7.07],[70.1,-7.09],[69.88,-7.09],[69.85,-7.07],[69.85,-7.02],[69.88,-7.02],[69.92,-6.97]]]}},{"type":"Feature","properties":{"precip":10},"geometry":{"type":"Polygon","coordinates":[[[93.57,-7.09],[93.57,-7.02],[93.57,-7.01],[93.71,-7.01],[93.71,-7.02],[93.75,-7.02],[93.75,-7.16],[93.71,-7.19],[93.64,-7.19],[93.57,-7.18],[93.57,-7.09]]]}},{"type":"Feature","properties":{"precip":10},"geometry":{"type":"Polygon","coordinates":[[[21.65,-7.16],[21.65,-7.11],[21.72,-7.11],[21.76,-7.14],[21.76,-7.18],[21.83,-7.21],[21.87,-7.26],[21.94,-7.3],[22.05,-7.31],[22.12,-7.35],[22.41,-7.59],[22.44,-7.64],[22.44,-7.67],[22.41,-7.69],[22.26,-7.69],[22.15,-7.72],[22.15,-7.78],[22.12,-7.78],[22.08,-7.81],[22.01,-7.79],[21.94,-7.76],[21.94,-7.72],[21.87,-7.69],[21.83,-7.69],[21.76,-7.72],[21.76,-7.98],[21.83,-8.0],[21.9,-8.0],[21.94,-8.02],[21.94,-8.17],[21.87,-8.2],[21.83,-8.2],[21.76,-8.17],[21.72,-8.14],[21.72,-8.12],[21.61,-8.15],[21.58,-8.2],[21.58,-8.24],[21.54,-8.29],[21.54,-8.31],[21.58,-8.34],[21.58,-8.38],[21.65,-8.46],[21.69,-8.46],[21.69,-8.5],[21.72,-8.51],[21.72,-8.58],[21.76,-8.61],[21.76,-8.79],[21.72,-8.8],[21.72,-8.91],[21.65,-8.89],[21.65,-8.82],[21.61,-8.8],[21.54,-8.8],[21.51,-8.79],[21.4,-8.79],[21.36,-8.79],[21.36,-8.72],[21.51,-8.6],[21.54,-8.58],[21.54,-8.51],[21.51,-8.5],[21.4,-8.5],[21.36,-8.51],[21.36,-8.56],[21.33,-8.6],[21.25,-8.58],[21.25,-8.44],[21.22,-8.41],[21.15,-8.43],[21.15,-8.48],[21.07,-8.5],[21.0,-8.5],[20.97,-8.48],[20.97,-8.2],[21.04,-8.2],[21.04,-8.27],[21.11,-8.31],[21.11,-8.27],[21.15,-8.26],[21.15,-8.05],[21.18,-8.0],[21.25,-7.98],[21.25,-7.93],[21.18,-7.9],[21.11,-7.9],[21.07,-7.88],[21.07,-7.84],[21.04,-7.83],[21.04,-7.78],[21.07,-7.71],[21.11,-7.62],[21.25,-7.43],[21.36,-7.35],[21.43,-7.26],[21.51,-7.21],[21.58,-7.19],[21.65,-7.18],[21.65,-7.16]]]}},{"type":"Feature","properties":{"precip":10},"geometry":{"type":"Polygon","coordinates":[[[74.06,-7.25],[74.06,-7.21],[74.13,-7.19],[74.27,-7.19],[74.35,-7.23],[74.35,-7.26],[74.27,-7.3],[74.13,-7.3],[74.06,-7.28],[74.06,-7.25]]]}},{"type":"Feature","properties":{"precip":10},"geometry":{"type":"Polygon","coordinates":[[[75.75,-7.3],[75.75,-7.21],[75.78,-7.19],[75.86,-7.23],[75.89,-7.26],[75.89,-7.31],[75.93,-7.33],[75.93,-7.38],[75.89,-7.4],[75.82,-7.4],[75.75,-7.35],[75.75,-7.3]]]}},{"type":"Feature","properties":{"precip":10},"geometry":{"type":"Polygon","coordinates":[[[20.53,-7.35],[20.57,-7.31],[20.61,-7.3],[20.64,-7.31],[20.64,-7.38],[20.57,-7.4],[20.57,-7.37],[20.53,-7.35]]]}},{"type":"Feature","properties":{"precip":10},"geometry":{"type":"Polygon","coordinates":[[[96.7,-7.38],[96.77,-7.33],[96.77,-7.31],[96.91,-7.31],[96.95,-7.33],[96.95,-7.37],[96.88,-7.4],[96.77,-7.4],[96.73,-7.43],[96.73,-7.5],[96.66,-7.5],[96.66,-7.43],[96.7,-7.42],[96.7,-7.38]]]}},{"type":"Feature","properties":{"precip":10},"geometry":{"type":"Polygon","coordinates":[[[34.14,-7.45],[34.14,-7.42],[34.18,-7.4],[34.25,-7.42],[34.25,-7.49],[34.18,-7.5],[34.14,-7.49],[34.14,-7.45]]]}},{"type":"Feature","properties":{"precip":10},"geometry":{"type":"Polygon","coordinates":[[[85.5,-7.52],[85.65,-7.5],[85.76,-7.5],[85.83,-7.5],[85.83,-7.57],[85.79,-7.61],[85.79,-7.64],[85.68,-7.67],[85.61,-7.64],[85.61,-7.61],[85.58,-7.59],[85.58,-7.55],[85.5,-7.52]]]}},{"type":"Feature","properties":{"precip":10},"geometry":{"type":"Polygon","coordinates":[[[89.1,-7.57],[89.17,-7.5],[89.25,-7.52],[89.25,-7.66],[89.17,-7.71],[89.17,-7.74],[89.1,-7.78],[89.07,-7.81],[89.07,-7.78],[89.03,-7.74],[89.07,-7.71],[89.07,-7.64],[89.1,-7.61],[89.1,-7.57]]]}},{"type":"Feature","properties":{"precip":10},"geometry":{"type":"Polygon","coordinates":[[[20.43,-7.67],[20.43,-7.64],[20.5,-7.61],[20.53,-7.62],[20.53,-7.78],[20.46,-7.81],[20.35,-7.79],[20.35,-7.74],[20.43,-7.67]]]}},{"type":"Feature","properties":{"precip":10},"geometry":{"type":"Polygon","coordinates":[[[20.64,-7.64],[20.68,-7.61],[20.79,-7.61],[20.86,-7.66],[20.86,-7.78],[20.82,-7.81],[20.75,-7.76],[20.68,-7.69],[20.68,-7.67],[20.64,-7.64]]]}},{"type":"Feature","properties":{"precip":10},"geometry":{"type":"Polygon","coordinates":[[[25.36,-7.69],[25.36,-7.62],[25.39,-7.61],[25.5,-7.61],[25.54,-7.62],[25.54,-7.78],[25.46,-7.81],[25.43,-7.81],[25.36,-7.78],[25.36,-7.69]]]}},{"type":"Feature","properties":{"precip":10},"geometry":{"type":"Polygon","coordinates":[[[94.03,-7.66],[94.07,-7.64],[94.07,-7.61],[94.14,-7.61],[94.14,-7.69],[94.07,-7.69],[94.07,-7.67],[94.03,-7.66]]]}},{"type":"Feature","properties":{"precip":10},"geometry":{"type":"Polygon","coordinates":[[[34.86,-7.74],[34.86,-7.71],[34.9,-7.69],[34.93,-7.71],[34.93,-7.88],[34.9,-7.9],[34.82,-7.9],[34.75,-7.95],[34.75,-8.08],[34.72,-8.08],[34.61,-8.02],[34.5,-7.88],[34.46,-7.84],[34.46,-7.83],[34.5,-7.81],[34.68,-7.81],[34.72,-7.79],[34.79,-7.79],[34.86,-7.76],[34.86,-7.74]]]}},{"type":"Feature","properties":{"precip":10},"geometry":{"type":"Polygon","coordinates":[[[83.02,-7.95],[83.02,-7.71],[83.09,-7.71],[83.16,-7.78],[83.2,-7.83],[83.31,-7.91],[83.34,-7.95],[83.34,-7.98],[83.27,-8.0],[83.2,-8.0],[83.16,-8.02],[83.16,-8.12],[83.13,-8.14],[83.13,-8.19],[83.02,-8.15],[83.02,-7.95]]]}},{"type":"Feature","properties":{"precip":10},"geometry":{"type":"Polygon","coordinates":[[[85.25,-7.74],[85.25,-7.71],[85.32,-7.69],[85.32,-7.72],[85.32,-7.78],[85.32,-7.81],[85.25,-7.79],[85.25,-7.74]]]}},{"type":"Feature","properties":{"precip":10},"geometry":{"type":"Polygon","coordinates":[[[22.26,-7.9],[22.26,-7.83],[22.3,-7.81],[22.41,-7.81],[22.44,-7.83],[22.44,-7.86],[22.33,-7.96],[22.33,-7.98],[22.26,-7.98],[22.26,-7.9]]]}},{"type":"Feature","properties":{"precip":10},"geometry":{"type":"Polygon","coordinates":[[[28.56,-7.84],[28.56,-7.81],[28.63,-7.81],[28.63,-7.9],[28.56,-7.9],[28.56,-7.84]]]}},{"type":"Feature","properties":{"precip":10},"geometry":{"type":"Polygon","coordinates":[[[34.25,-7.84],[34.25,-7.83],[34.28,-7.81],[34.36,-7.83],[34.36,-7.88],[34.32,-7.9],[34.25,-7.88],[34.25,-7.84]]]}},{"type":"Feature","properties":{"precip":10},"geometry":{"type":"Polygon","coordinates":[[[73.05,-7.84],[73.05,-7.83],[73.09,-7.81],[73.16,-7.83],[73.16,-7.86],[73.19,-7.88],[73.27,-7.88],[73.3,-7.9],[73.63,-7.9],[73.81,-7.93],[73.84,-7.96],[73.91,-7.98],[73.99,-7.98],[74.02,-8.0],[74.09,-8.0],[74.13,-7.98],[74.2,-7.98],[74.24,-7.98],[74.24,-7.95],[74.31,-7.9],[74.38,-7.9],[74.45,-7.93],[74.45,-7.98],[74.53,-7.98],[74.53,-8.0],[74.6,-8.0],[74.63,-8.02],[74.63,-8.07],[74.53,-8.1],[74.31,-8.1],[74.27,-8.12],[74.2,-8.12],[74.2,-8.14],[74.13,-8.14],[74.13,-8.19],[74.06,-8.15],[74.02,-8.14],[73.91,-8.12],[73.77,-8.1],[73.34,-8.1],[73.23,-8.12],[73.16,-8.12],[73.09,-8.14],[73.01,-8.15],[73.01,-8.2],[72.98,-8.19],[72.98,-8.14],[72.87,-8.1],[72.8,-8.1],[72.76,-8.07],[72.76,-7.93],[72.87,-7.9],[72.98,-7.9],[73.05,-7.86],[73.05,-7.84]]]}},{"type":"Feature","properties":{"precip":10},"geometry":{"type":"Polygon","coordinates":[[[85.94,-7.84],[85.97,-7.81],[86.04,-7.81],[86.04,-7.9],[85.97,-7.9],[85.94,-7.84]]]}},{"type":"Feature","properties":{"precip":10},"geometry":{"type":"Polygon","coordinates":[[[37.63,-7.95],[37.67,-7.95],[37.67,-7.9],[37.74,-7.91],[37.74,-7.98],[37.7,-8.0],[37.67,-7.98],[37.67,-7.96],[37.63,-7.95]]]}},{"type":"Feature","properties":{"precip":10},"geometry":{"type":"Polygon","coordinates":[[[85.32,-7.93],[85.4,-7.9],[85.47,-7.9],[85.5,-7.93],[85.5,-8.1],[85.47,-8.08],[85.47,-8.05],[85.32,-7.98],[85.32,-7.93]]]}},{"type":"Feature","properties":{"precip":10},"geometry":{"type":"Polygon","coordinates":[[[96.84,-7.95],[96.88,-7.9],[96.95,-7.91],[96.95,-7.98],[96.88,-7.98],[96.84,-7.98],[96.84,-7.95]]]}},{"type":"Feature","properties":{"precip":10},"geometry":{"type":"Polygon","coordinates":[[[81.83,-8.03],[81.87,-8.0],[81.94,-8.0],[82.08,-8.07],[82.12,-8.1],[82.12,-8.14],[82.12,-8.15],[82.12,-8.19],[82.08,-8.2],[81.94,-8.15],[81.87,-8.08],[81.87,-8.05],[81.83,-8.03]]]}},{"type":"Feature","properties":{"precip":10},"geometry":{"type":"Polygon","coordinates":[[[97.74,-8.03],[97.78,-8.0],[97.85,-8.02],[97.85,-8.07],[97.92,-8.1],[98.03,-8.1],[98.14,-8.14],[98.14,-8.17],[98.1,-8.19],[97.96,-8.19],[97.85,-8.15],[97.81,-8.12],[97.78,-8.1],[97.78,-8.05],[97.74,-8.03]]]}},{"type":"Feature","properties":{"precip":10},"geometry":{"type":"Polygon","coordinates":[[[22.26,-8.2],[22.26,-8.12],[22.3,-8.1],[22.33,-8.12],[22.33,-8.31],[22.26,-8.31],[22.26,-8.2]]]}},{"type":"Feature","properties":{"precip":10},"geometry":{"type":"Polygon","coordinates":[[[28.56,-8.14],[28.56,-8.12],[28.63,-8.1],[28.63,-8.19],[28.56,-8.19],[28.56,-8.14]]]}},{"type":"Feature","properties":{"precip":10},"geometry":{"type":"Polygon","coordinates":[[[79.06,-8.14],[79.06,-8.12],[79.1,-8.1],[79.1,-8.19],[79.06,-8.24],[79.06,-8.55],[79.02,-8.6],[79.02,-8.7],[78.99,-8.7],[78.92,-8.73],[78.92,-8.87],[78.92,-8.89],[78.74,-8.79],[78.74,-8.73],[78.66,-8.67],[78.56,-8.55],[78.56,-8.5],[78.56,-8.41],[78.63,-8.39],[78.63,-8.34],[78.66,-8.31],[78.66,-8.24],[78.7,-8.2],[78.88,-8.2],[78.92,-8.19],[78.99,-8.19],[79.06,-8.15],[79.06,-8.14]]]}},{"type":"Feature","properties":{"precip":10},"geometry":{"type":"Polygon","coordinates":[[[87.95,-8.14],[87.95,-8.12],[88.02,-8.1],[88.02,-8.14],[88.02,-8.17],[88.02,-8.2],[87.95,-8.19],[87.95,-8.14]]]}},{"type":"Feature","properties":{"precip":10},"geometry":{"type":"Polygon","coordinates":[[[20.75,-8.26],[20.75,-8.22],[20.82,-8.2],[20.86,-8.24],[20.86,-8.27],[20.79,-8.31],[20.75,-8.29],[20.75,-8.26]]]}},{"type":"Feature","properties":{"precip":10},"geometry":{"type":"Polygon","coordinates":[[[71.47,-8.26],[71.47,-8.2],[71.54,-8.2],[71.54,-8.26],[71.65,-8.31],[71.75,-8.31],[71.86,-8.34],[71.86,-8.38],[71.93,-8.39],[72.08,-8.39],[72.15,-8.41],[72.33,-8.41],[72.37,-8.43],[72.44,-8.43],[72.44,-8.46],[72.33,-8.5],[72.19,-8.5],[72.11,-8.51],[72.08,-8.55],[72.01,-8.58],[71.97,-8.61],[71.97,-8.67],[72.01,-8.7],[72.01,-8.73],[72.04,-8.77],[71.93,-8.85],[71.83,-8.91],[71.72,-8.91],[71.65,-8.94],[71.65,-8.97],[71.61,-8.99],[71.54,-8.99],[71.47,-9.01],[71.47,-9.06],[71.43,-9.06],[71.43,-9.09],[71.39,-9.09],[71.29,-9.09],[71.25,-9.11],[71.25,-9.16],[71.21,-9.2],[71.14,-9.2],[71.07,-9.21],[71.03,-9.25],[71.03,-9.28],[71.0,-9.3],[70.89,-9.3],[70.85,-9.32],[70.85,-9.38],[70.78,-9.38],[70.75,-9.37],[70.75,-9.23],[70.71,-9.2],[70.67,-9.2],[70.67,-9.25],[70.64,-9.27],[70.64,-9.38],[70.6,-9.4],[70.53,-9.4],[70.46,-9.42],[70.42,-9.45],[70.42,-9.5],[70.39,-9.5],[70.39,-9.45],[70.31,-9.4],[70.28,-9.4],[70.28,-9.42],[70.24,-9.45],[70.24,-9.57],[70.17,-9.59],[70.17,-9.57],[70.13,-9.57],[70.13,-9.54],[70.1,-9.52],[69.99,-9.5],[69.74,-9.5],[69.67,-9.49],[69.56,-9.49],[69.45,-9.45],[69.45,-9.42],[69.52,-9.4],[69.52,-9.35],[69.56,-9.33],[69.56,-9.21],[69.59,-9.2],[69.63,-9.21],[69.63,-9.28],[69.67,-9.3],[69.67,-9.4],[69.74,-9.4],[69.74,-9.33],[69.81,-9.3],[69.88,-9.3],[69.92,-9.27],[69.95,-9.27],[69.95,-9.23],[70.03,-9.2],[70.1,-9.2],[70.13,-9.18],[70.13,-8.8],[70.17,-8.77],[70.17,-8.72],[70.21,-8.7],[70.35,-8.7],[70.46,-8.65],[70.46,-8.61],[70.49,-8.61],[70.57,-8.61],[70.6,-8.6],[70.75,-8.56],[70.78,-8.5],[70.82,-8.48],[70.82,-8.46],[70.96,-8.39],[71.03,-8.39],[71.03,-8.34],[71.11,-8.31],[71.18,-8.31],[71.32,-8.31],[71.36,-8.29],[71.43,-8.29],[71.43,-8.26],[71.47,-8.26]]]}},{"type":"Feature","properties":{"precip":10},"geometry":{"type":"Polygon","coordinates":[[[85.14,-8.26],[85.14,-8.22],[85.14,-8.2],[85.25,-8.22],[85.25,-8.29],[85.14,-8.31],[85.14,-8.29],[85.14,-8.26]]]}},{"type":"Feature","properties":{"precip":10},"geometry":{"type":"Polygon","coordinates":[[[85.5,-8.31],[85.5,-8.27],[85.58,-8.24],[85.58,-8.2],[85.65,-8.22],[85.65,-8.38],[85.61,-8.38],[85.61,-8.41],[85.58,-8.39],[85.58,-8.36],[85.5,-8.34],[85.5,-8.31]]]}},{"type":"Feature","properties":{"precip":10},"geometry":{"type":"Polygon","coordinates":[[[28.63,-8.34],[28.67,-8.32],[28.67,-8.31],[28.74,-8.31],[28.74,-8.39],[28.67,-8.39],[28.63,-8.34]]]}},{"type":"Feature","properties":{"precip":10},"geometry":{"type":"Polygon","coordinates":[[[57.64,-8.34],[57.72,-8.31],[57.79,-8.31],[57.86,-8.32],[57.86,-8.36],[57.82,-8.38],[57.75,-8.44],[57.64,-8.5],[57.57,-8.51],[57.54,-8.55],[57.54,-8.6],[57.46,-8.6],[57.46,-8.43],[57.5,-8.41],[57.64,-8.38],[57.64,-8.34]]]}},{"type":"Feature","properties":{"precip":10},"geometry":{"type":"Polygon","coordinates":[[[84.86,-8.32],[84.89,-8.31],[84.96,-8.31],[85.04,-8.32],[85.04,-8.5],[84.96,-8.48],[84.96,-8.46],[84.89,-8.39],[84.86,-8.38],[84.86,-8.32]]]}},{"type":"Feature","properties":{"precip":10},"geometry":{"type":"Polygon","coordinates":[[[97.56,-8.34],[97.56,-8.31],[97.63,-8.31],[97.63,-8.39],[97.56,-8.39],[97.56,-8.34]]]}},{"type":"Feature","properties":{"precip":10},"geometry":{"type":"Polygon","coordinates":[[[16.0,-8.46],[16.07,-8.43],[16.14,-8.41],[16.21,-8.41],[16.21,-8.44],[16.25,-8.46],[16.25,-8.56],[16.29,-8.6],[16.43,-8.6],[16.43,-8.55],[16.47,-8.55],[16.47,-8.51],[16.5,-8.5],[16.57,-8.5],[16.65,-8.53],[16.65,-8.84],[16.68,-8.87],[16.68,-8.91],[16.72,-8.91],[16.72,-8.94],[16.75,-8.96],[16.75,-9.18],[16.83,-9.21],[16.86,-9.25],[16.68,-9.3],[16.47,-9.3],[16.36,-9.33],[16.36,-9.37],[16.32,-9.37],[16.29,-9.4],[16.21,-9.4],[16.14,-9.35],[16.14,-9.25],[16.07,-9.18],[16.07,-9.16],[16.0,-9.09],[16.0,-9.08],[15.96,-9.04],[15.96,-8.56],[16.0,-8.53],[16.0,-8.46]]]}},{"type":"Feature","properties":{"precip":10},"geometry":{"type":"Polygon","coordinates":[[[77.01,-8.48],[77.08,-8.43],[77.12,-8.41],[77.19,-8.41],[77.26,-8.46],[77.3,-8.53],[77.3,-8.55],[77.44,-8.6],[77.55,-8.6],[77.58,-8.61],[77.66,-8.61],[77.76,-8.65],[77.76,-8.68],[77.8,-8.68],[77.94,-8.72],[78.02,-8.77],[78.12,-8.8],[78.2,-8.97],[78.2,-9.03],[78.27,-9.06],[78.27,-9.09],[78.3,-9.09],[78.38,-9.04],[78.38,-9.01],[78.45,-9.03],[78.45,-9.08],[78.38,-9.09],[78.38,-9.16],[78.34,-9.2],[78.34,-9.37],[78.3,-9.4],[78.12,-9.4],[78.02,-9.42],[77.94,-9.44],[77.94,-9.47],[77.84,-9.49],[77.84,-9.5],[77.8,-9.5],[77.76,-9.52],[77.76,-9.56],[77.66,-9.59],[77.62,-9.59],[77.55,-9.57],[77.48,-9.54],[77.48,-9.5],[77.48,-9.54],[77.44,-9.57],[77.3,-9.59],[76.94,-9.59],[76.76,-9.62],[76.76,-9.66],[76.68,-9.69],[76.58,-9.69],[76.58,-9.71],[76.5,-9.71],[76.47,-9.69],[76.4,-9.69],[76.36,-9.68],[76.36,-9.64],[76.29,-9.61],[76.18,-9.59],[75.96,-9.59],[75.86,-9.57],[75.86,-9.54],[75.75,-9.5],[75.53,-9.5],[75.5,-9.49],[75.42,-9.49],[75.35,-9.47],[75.35,-9.44],[75.32,-9.42],[75.21,-9.42],[75.07,-9.42],[74.99,-9.4],[74.6,-9.4],[74.45,-9.37],[74.45,-9.25],[74.6,-9.11],[74.63,-9.09],[74.71,-9.09],[74.74,-9.09],[74.74,-9.04],[74.85,-9.01],[74.99,-9.01],[75.07,-8.99],[75.39,-8.99],[75.42,-8.97],[75.5,-8.97],[75.53,-8.96],[75.53,-8.94],[75.6,-8.91],[75.68,-8.91],[75.75,-8.87],[75.75,-8.84],[75.86,-8.8],[76.04,-8.8],[76.11,-8.79],[76.36,-8.79],[76.4,-8.77],[76.4,-8.75],[76.54,-8.7],[76.65,-8.7],[76.76,-8.73],[76.76,-8.77],[76.83,-8.79],[76.83,-8.73],[76.9,-8.7],[76.94,-8.7],[77.04,-8.67],[77.04,-8.61],[76.94,-8.6],[76.94,-8.5],[77.01,-8.48]]]}},{"type":"Feature","properties":{"precip":10},"geometry":{"type":"Polygon","coordinates":[[[77.76,-8.46],[77.76,-8.41],[77.84,-8.41],[77.84,-8.48],[77.76,-8.5],[77.76,-8.46]]]}},{"type":"Feature","properties":{"precip":10},"geometry":{"type":"Polygon","coordinates":[[[80.93,-8.46],[80.97,-8.44],[80.97,-8.41],[81.04,-8.41],[81.04,-8.48],[80.97,-8.5],[80.97,-8.46],[80.93,-8.46]]]}},{"type":"Feature","properties":{"precip":10},"geometry":{"type":"Polygon","coordinates":[[[18.52,-8.58],[18.55,-8.55],[18.55,-8.51],[18.63,-8.5],[18.63,-8.53],[18.66,-8.56],[18.66,-8.61],[18.63,-8.63],[18.63,-8.68],[18.55,-8.72],[18.55,-8.85],[18.52,-8.87],[18.52,-8.91],[18.45,-8.85],[18.45,-8.72],[18.48,-8.65],[18.48,-8.61],[18.52,-8.58]]]}},{"type":"Feature","properties":{"precip":10},"geometry":{"type":"Polygon","coordinates":[[[20.71,-8.58],[20.79,-8.5],[20.82,-8.51],[20.89,-8.58],[20.89,-8.61],[20.93,-8.63],[20.93,-8.79],[20.86,-8.79],[20.86,-8.73],[20.79,-8.7],[20.68,-8.7],[20.64,-8.65],[20.68,-8.63],[20.68,-8.61],[20.71,-8.58]]]}},{"type":"Feature","properties":{"precip":10},"geometry":{"type":"Polygon","coordinates":[[[41.73,-8.55],[41.77,-8.5],[41.84,-8.51],[41.84,-8.6],[41.77,-8.6],[41.73,-8.55]]]}},{"type":"Feature","properties":{"precip":10},"geometry":{"type":"Polygon","coordinates":[[[81.15,-8.55],[81.15,-8.51],[81.22,-8.5],[81.29,-8.5],[81.36,-8.55],[81.33,-8.56],[81.33,-8.6],[81.18,-8.6],[81.15,-8.58],[81.15,-8.55]]]}},{"type":"Feature","properties":{"precip":10},"geometry":{"type":"Polygon","coordinates":[[[30.32,-8.67],[30.32,-8.63],[30.4,-8.61],[30.43,-8.61],[30.43,-8.79],[30.4,-8.79],[30.36,-8.82],[30.36,-8.92],[30.32,-8.94],[30.32,-8.97],[30.29,-8.99],[30.18,-8.99],[30.14,-8.96],[30.14,-8.92],[30.22,-8.91],[30.22,-8.87],[30.25,-8.87],[30.25,-8.75],[30.29,-8.73],[30.29,-8.68],[30.32,-8.67]]]}},{"type":"Feature","properties":{"precip":10},"geometry":{"type":"Polygon","coordinates":[[[42.24,-8.7],[42.24,-8.65],[42.27,-8.63],[42.27,-8.61],[42.31,-8.6],[42.31,-8.61],[42.35,-8.61],[42.35,-8.79],[42.27,-8.79],[42.27,-8.77],[42.24,-8.73],[42.24,-8.7]]]}},{"type":"Feature","properties":{"precip":10},"geometry":{"type":"Polygon","coordinates":[[[83.2,-8.65],[83.27,-8.61],[83.34,-8.61],[83.34,-8.6],[83.45,-8.61],[83.45,-8.67],[83.38,-8.7],[83.31,-8.7],[83.2,-8.65]]]}},{"type":"Feature","properties":{"precip":10},"geometry":{"type":"Polygon","coordinates":[[[84.53,-8.7],[84.57,-8.68],[84.57,-8.61],[84.6,-8.61],[84.6,-8.79],[84.57,-8.79],[84.57,-8.72],[84.53,-8.7]]]}},{"type":"Feature","properties":{"precip":10},"geometry":{"type":"Polygon","coordinates":[[[84.86,-8.7],[84.86,-8.61],[84.93,-8.61],[84.93,-8.65],[84.96,-8.68],[84.96,-8.72],[84.93,-8.73],[84.93,-8.79],[84.86,-8.79],[84.86,-8.7]]]}},{"type":"Feature","properties":{"precip":10},"geometry":{"type":"Polygon","coordinates":[[[32.56,-8.75],[32.59,-8.72],[32.66,-8.7],[32.84,-8.7],[32.84,-8.72],[32.92,-8.72],[32.95,-8.75],[32.95,-8.79],[32.92,-8.79],[32.84,-8.84],[32.84,-8.96],[32.92,-8.99],[32.95,-9.03],[32.95,-9.08],[32.88,-9.09],[32.81,-9.08],[32.74,-9.06],[32.74,-9.03],[32.66,-8.97],[32.66,-8.87],[32.63,-8.85],[32.63,-8.8],[32.56,-8.79],[32.56,-8.75]]]}},{"type":"Feature","properties":{"precip":10},"geometry":{"type":"Polygon","coordinates":[[[41.66,-8.73],[41.66,-8.7],[41.73,-8.7],[41.73,-8.77],[41.77,-8.77],[41.81,-8.79],[41.91,-8.79],[41.95,-8.77],[41.95,-8.72],[42.02,-8.7],[42.02,-8.73],[42.06,-8.75],[42.06,-8.79],[42.02,-8.82],[42.02,-8.85],[41.99,-8.91],[41.99,-8.94],[41.91,-8.96],[41.91,-8.97],[41.84,-8.94],[41.73,-8.85],[41.73,-8.82],[41.7,-8.8],[41.7,-8.79],[41.66,-8.77],[41.66,-8.73]]]}},{"type":"Feature","properties":{"precip":10},"geometry":{"type":"Polygon","coordinates":[[[57.46,-8.75],[57.46,-8.7],[57.54,-8.72],[57.54,-8.79],[57.46,-8.79],[57.46,-8.75]]]}},{"type":"Feature","properties":{"precip":10},"geometry":{"type":"Polygon","coordinates":[[[58.51,-8.87],[58.58,-8.82],[58.62,-8.79],[58.69,-8.75],[58.72,-8.72],[58.83,-8.7],[58.83,-8.77],[58.8,-8.8],[58.47,-9.09],[58.44,-9.09],[58.36,-9.09],[58.36,-9.03],[58.51,-8.87]]]}},{"type":"Feature","properties":{"precip":10},"geometry":{"type":"Polygon","coordinates":[[[82.66,-8.79],[82.66,-8.72],[82.66,-8.7],[82.8,-8.7],[82.84,-8.73],[82.84,-8.85],[82.84,-8.87],[82.84,-8.91],[82.95,-8.92],[82.95,-8.97],[82.91,-8.99],[82.84,-8.99],[82.77,-8.96],[82.66,-8.92],[82.66,-8.87],[82.66,-8.85],[82.66,-8.79]]]}},{"type":"Feature","properties":{"precip":10},"geometry":{"type":"Polygon","coordinates":[[[88.02,-8.75],[88.02,-8.72],[88.1,-8.7],[88.2,-8.7],[88.2,-8.72],[88.2,-8.79],[88.1,-8.79],[88.02,-8.79],[88.02,-8.75]]]}},{"type":"Feature","properties":{"precip":10},"geometry":{"type":"Polygon","coordinates":[[[22.33,-8.85],[22.37,-8.8],[22.44,-8.8],[22.44,-8.89],[22.37,-8.91],[22.37,-8.87],[22.33,-8.85]]]}},{"type":"Feature","properties":{"precip":10},"geometry":{"type":"Polygon","coordinates":[[[52.5,-8.87],[52.53,-8.84],[52.6,-8.8],[52.64,-8.8],[52.64,-8.97],[52.6,-8.99],[52.5,-8.99],[52.46,-8.97],[52.46,-8.94],[52.5,-8.91],[52.5,-8.87]]]}},{"type":"Feature","properties":{"precip":10},"geometry":{"type":"Polygon","coordinates":[[[22.05,-9.06],[22.05,-9.03],[22.08,-9.01],[22.15,-9.01],[22.15,-8.99],[22.23,-8.99],[22.33,-9.03],[22.33,-9.06],[22.41,-9.09],[22.48,-9.09],[22.55,-9.13],[22.55,-9.27],[22.48,-9.3],[22.48,-9.33],[22.44,-9.35],[22.44,-9.45],[22.37,-9.5],[22.3,-9.5],[22.26,-9.52],[22.26,-9.59],[22.23,-9.64],[22.23,-9.68],[22.19,-9.69],[22.12,-9.69],[22.08,-9.66],[22.01,-9.62],[21.94,-9.56],[21.94,-9.52],[21.87,-9.44],[21.87,-9.38],[21.83,-9.37],[21.83,-9.32],[21.79,-9.3],[21.72,-9.3],[21.65,-9.27],[21.65,-9.13],[21.72,-9.09],[21.94,-9.09],[22.05,-9.06]]]}},{"type":"Feature","properties":{"precip":10},"geometry":{"type":"Polygon","coordinates":[[[29.89,-9.09],[29.96,-9.03],[29.96,-9.01],[30.04,-8.99],[30.04,-9.08],[30.0,-9.09],[30.0,-9.11],[29.89,-9.18],[29.86,-9.18],[29.86,-9.15],[29.89,-9.11],[29.89,-9.09]]]}},{"type":"Feature","properties":{"precip":10},"geometry":{"type":"Polygon","coordinates":[[[53.86,-9.08],[53.86,-9.03],[53.94,-8.99],[53.97,-8.99],[54.04,-9.03],[54.04,-9.09],[53.97,-9.09],[53.97,-9.16],[53.94,-9.18],[53.94,-9.33],[53.9,-9.38],[53.9,-9.42],[53.86,-9.45],[53.79,-9.49],[53.68,-9.52],[53.61,-9.57],[53.58,-9.64],[53.5,-9.68],[53.47,-9.71],[53.4,-9.71],[53.36,-9.73],[53.36,-9.76],[53.32,-9.76],[53.29,-9.8],[53.11,-9.8],[53.07,-9.78],[53.07,-9.74],[53.04,-9.74],[53.04,-9.57],[53.07,-9.52],[53.11,-9.5],[53.29,-9.5],[53.32,-9.49],[53.4,-9.49],[53.43,-9.47],[53.43,-9.44],[53.5,-9.4],[53.58,-9.4],[53.68,-9.32],[53.76,-9.23],[53.83,-9.16],[53.83,-9.11],[53.86,-9.08]]]}},{"type":"Feature","properties":{"precip":10},"geometry":{"type":"Polygon","coordinates":[[[59.16,-9.06],[59.16,-9.01],[59.19,-8.99],[59.23,-9.01],[59.23,-9.06],[59.26,-9.09],[59.23,-9.11],[59.23,-9.16],[59.19,-9.2],[59.19,-9.23],[59.12,-9.27],[59.05,-9.3],[58.98,-9.28],[58.94,-9.25],[58.94,-9.15],[59.01,-9.09],[59.08,-9.09],[59.16,-9.06]]]}},{"type":"Feature","properties":{"precip":10},"geometry":{"type":"Polygon","coordinates":[[[21.36,-9.15],[21.36,-9.11],[21.4,-9.09],[21.51,-9.09],[21.54,-9.11],[21.54,-9.18],[21.51,-9.2],[21.4,-9.2],[21.36,-9.18],[21.36,-9.15]]]}},{"type":"Feature","properties":{"precip":10},"geometry":{"type":"Polygon","coordinates":[[[54.15,-9.15],[54.15,-9.09],[54.22,-9.09],[54.26,-9.13],[54.26,-9.16],[54.22,-9.2],[54.15,-9.2],[54.15,-9.15]]]}},{"type":"Feature","properties":{"precip":10},"geometry":{"type":"Polygon","coordinates":[[[83.92,-9.2],[83.92,-9.11],[84.03,-9.09],[84.03,-9.16],[84.06,-9.18],[84.06,-9.23],[84.03,-9.25],[84.03,-9.28],[83.99,-9.3],[83.92,-9.28],[83.92,-9.2]]]}},{"type":"Feature","properties":{"precip":10},"geometry":{"type":"Polygon","coordinates":[[[17.33,-9.35],[17.37,-9.3],[17.37,-9.23],[17.4,-9.21],[17.51,-9.2],[17.65,-9.2],[17.69,-9.21],[17.76,-9.21],[17.83,-9.23],[17.83,-9.3],[17.76,-9.3],[17.76,-9.47],[17.8,-9.49],[17.8,-9.52],[17.83,-9.54],[17.83,-9.57],[17.73,-9.68],[17.58,-9.71],[17.55,-9.73],[17.55,-9.76],[17.51,-9.8],[17.44,-9.8],[17.33,-9.74],[17.26,-9.66],[17.26,-9.5],[17.33,-9.49],[17.33,-9.35]]]}},{"type":"Feature","properties":{"precip":10},"geometry":{"type":"Polygon","coordinates":[[[17.94,-9.27],[17.94,-9.23],[18.01,-9.2],[18.12,-9.21],[18.16,-9.25],[18.09,-9.3],[18.01,-9.3],[17.94,-9.27]]]}},{"type":"Feature","properties":{"precip":10},"geometry":{"type":"Polygon","coordinates":[[[52.14,-9.27],[52.14,-9.23],[52.17,-9.23],[52.17,-9.2],[52.24,-9.21],[52.24,-9.28],[52.17,-9.3],[52.17,-9.27],[52.14,-9.27]]]}},{"type":"Feature","properties":{"precip":10},"geometry":{"type":"Polygon","coordinates":[[[87.45,-9.27],[87.45,-9.21],[87.48,-9.2],[87.56,-9.23],[87.56,-9.27],[87.48,-9.28],[87.45,-9.28],[87.45,-9.27]]]}},{"type":"Feature","properties":{"precip":10},"geometry":{"type":"Polygon","coordinates":[[[52.35,-9.35],[52.35,-9.32],[52.42,-9.3],[52.46,-9.33],[52.46,-9.38],[52.5,-9.4],[52.53,-9.38],[52.53,-9.32],[52.6,-9.3],[52.64,-9.33],[52.64,-9.66],[52.6,-9.69],[52.53,-9.66],[52.53,-9.61],[52.46,-9.59],[52.39,-9.61],[52.32,-9.66],[52.32,-9.71],[52.28,-9.71],[52.28,-9.66],[52.24,-9.62],[52.17,-9.59],[52.06,-9.59],[52.06,-9.52],[52.14,-9.45],[52.21,-9.42],[52.32,-9.38],[52.35,-9.38],[52.35,-9.35]]]}},{"type":"Feature","properties":{"precip":10},"geometry":{"type":"Polygon","coordinates":[[[87.23,-9.5],[87.27,-9.45],[87.27,-9.32],[87.3,-9.3],[87.3,-9.33],[87.3,-9.66],[87.3,-9.69],[87.27,-9.69],[87.27,-9.54],[87.23,-9.5]]]}},{"type":"Feature","properties":{"precip":10},"geometry":{"type":"Polygon","coordinates":[[[82.05,-9.45],[82.05,-9.42],[82.12,-9.4],[82.12,-9.42],[82.12,-9.47],[82.12,-9.49],[82.05,-9.49],[82.05,-9.45]]]}},{"type":"Feature","properties":{"precip":10},"geometry":{"type":"Polygon","coordinates":[[[16.75,-9.71],[16.75,-9.61],[16.83,-9.61],[16.83,-9.66],[16.86,-9.68],[16.86,-9.78],[16.9,-9.8],[16.97,-9.8],[17.04,-9.83],[17.04,-9.88],[17.01,-9.9],[16.93,-9.9],[16.9,-9.9],[16.79,-9.9],[16.75,-9.9],[16.65,-9.88],[16.65,-9.81],[16.72,-9.8],[16.72,-9.76],[16.75,-9.74],[16.75,-9.71]]]}},{"type":"Feature","properties":{"precip":10},"geometry":{"type":"Polygon","coordinates":[[[47.85,-9.74],[47.85,-9.62],[47.93,-9.59],[48.03,-9.61],[48.03,-9.64],[48.07,-9.64],[48.07,-9.69],[48.11,-9.71],[48.11,-9.68],[48.14,-9.64],[48.25,-9.59],[48.32,-9.59],[48.36,-9.61],[48.36,-9.64],[48.29,-9.71],[48.29,-9.74],[48.25,-9.76],[48.18,-9.8],[48.14,-9.8],[48.07,-9.83],[48.0,-9.9],[48.0,-9.92],[47.96,-9.97],[48.03,-10.0],[48.03,-10.05],[47.96,-10.09],[47.85,-10.1],[47.78,-10.09],[47.71,-10.09],[47.64,-10.05],[47.75,-9.95],[47.78,-9.93],[47.78,-9.9],[47.82,-9.9],[47.82,-9.83],[47.85,-9.8],[47.85,-9.74]]]}},{"type":"Feature","properties":{"precip":10},"geometry":{"type":"Polygon","coordinates":[[[84.35,-9.64],[84.35,-9.62],[84.42,-9.59],[84.46,-9.59],[84.53,-9.61],[84.53,-9.69],[84.42,-9.71],[84.42,-9.69],[84.35,-9.68],[84.35,-9.64]]]}},{"type":"Feature","properties":{"precip":10},"geometry":{"type":"Polygon","coordinates":[[[87.45,-9.71],[87.45,-9.64],[87.48,-9.61],[87.56,-9.59],[87.63,-9.61],[87.63,-9.66],[87.66,-9.68],[87.66,-9.73],[87.63,-9.74],[87.63,-9.78],[87.59,-9.8],[87.48,-9.8],[87.45,-9.76],[87.45,-9.71]]]}},{"type":"Feature","properties":{"precip":10},"geometry":{"type":"Polygon","coordinates":[[[87.95,-9.74],[87.95,-9.73],[88.02,-9.71],[88.02,-9.74],[88.02,-9.76],[88.02,-9.8],[87.95,-9.78],[87.95,-9.74]]]}},{"type":"Feature","properties":{"precip":10},"geometry":{"type":"Polygon","coordinates":[[[14.85,-9.88],[14.85,-9.85],[14.92,-9.8],[15.06,-9.8],[15.13,-9.83],[15.13,-9.98],[15.06,-10.02],[15.06,-10.07],[15.17,-10.17],[15.24,-10.26],[15.24,-10.39],[15.17,-10.38],[15.1,-10.31],[15.03,-10.22],[14.88,-10.21],[14.77,-10.21],[14.74,-10.24],[14.74,-10.27],[14.63,-10.31],[14.56,-10.29],[14.56,-10.22],[14.63,-10.15],[14.74,-10.07],[14.74,-10.05],[14.81,-9.98],[14.81,-9.95],[14.85,-9.92],[14.85,-9.88]]]}},{"type":"Feature","properties":{"precip":10},"geometry":{"type":"Polygon","coordinates":[[[20.97,-9.95],[20.97,-9.83],[21.04,-9.8],[21.22,-9.8],[21.29,-9.81],[21.36,-9.85],[21.36,-9.88],[21.33,-9.88],[21.33,-9.9],[21.25,-9.92],[21.25,-10.05],[21.22,-10.07],[21.15,-10.1],[21.04,-10.1],[20.97,-10.07],[20.97,-9.95]]]}},{"type":"Feature","properties":{"precip":10},"geometry":{"type":"Polygon","coordinates":[[[22.84,-9.85],[22.87,-9.83],[22.87,-9.8],[22.94,-9.81],[22.94,-9.9],[22.87,-9.9],[22.87,-9.88],[22.84,-9.88],[22.84,-9.85]]]}},{"type":"Feature","properties":{"precip":10},"geometry":{"type":"Polygon","coordinates":[[[81.65,-9.85],[81.65,-9.83],[81.72,-9.8],[81.76,-9.8],[81.83,-9.81],[81.83,-9.9],[81.72,-9.9],[81.65,-9.88],[81.65,-9.85]]]}},{"type":"Feature","properties":{"precip":10},"geometry":{"type":"Polygon","coordinates":[[[86.76,-9.97],[86.84,-9.93],[86.91,-9.9],[86.94,-9.9],[86.94,-10.05],[86.87,-10.12],[86.87,-10.15],[86.76,-10.21],[86.76,-10.05],[86.76,-10.0],[86.76,-9.97]]]}},{"type":"Feature","properties":{"precip":10},"geometry":{"type":"Polygon","coordinates":[[[48.25,-10.1],[48.25,-10.05],[48.29,-10.02],[48.39,-10.0],[48.68,-10.0],[48.83,-10.04],[48.86,-10.05],[48.79,-10.09],[48.72,-10.1],[48.61,-10.1],[48.54,-10.14],[48.54,-10.19],[48.47,-10.19],[48.47,-10.21],[48.32,-10.21],[48.25,-10.17],[48.25,-10.1]]]}},{"type":"Feature","properties":{"precip":10},"geometry":{"type":"Polygon","coordinates":[[[82.3,-10.15],[82.37,-10.1],[82.44,-10.1],[82.44,-10.19],[82.37,-10.21],[82.3,-10.15]]]}},{"type":"Feature","properties":{"precip":10},"geometry":{"type":"Polygon","coordinates":[[[83.92,-10.15],[83.92,-10.1],[84.03,-10.1],[84.03,-10.14],[84.06,-10.14],[84.03,-10.17],[84.03,-10.21],[83.92,-10.19],[83.92,-10.15]]]}},{"type":"Feature","properties":{"precip":10},"geometry":{"type":"Polygon","coordinates":[[[90.94,-10.15],[90.97,-10.1],[91.05,-10.12],[91.05,-10.19],[91.01,-10.21],[90.94,-10.17],[90.94,-10.15]]]}},{"type":"Feature","properties":{"precip":10},"geometry":{"type":"Polygon","coordinates":[[[92.85,-10.15],[92.85,-10.14],[92.92,-10.1],[93.1,-10.1],[93.13,-10.12],[93.13,-10.19],[93.03,-10.21],[92.95,-10.21],[92.85,-10.17],[92.85,-10.15]]]}},{"type":"Feature","properties":{"precip":10},"geometry":{"type":"Polygon","coordinates":[[[49.36,-10.24],[49.36,-10.21],[49.44,-10.21],[49.44,-10.29],[49.36,-10.29],[49.36,-10.24]]]}},{"type":"Feature","properties":{"precip":10},"geometry":{"type":"Polygon","coordinates":[[[79.64,-10.24],[79.64,-10.21],[79.74,-10.21],[79.74,-10.29],[79.71,-10.31],[79.64,-10.27],[79.64,-10.24]]]}},{"type":"Feature","properties":{"precip":10},"geometry":{"type":"Polygon","coordinates":[[[87.05,-10.24],[87.05,-10.21],[87.12,-10.21],[87.12,-10.22],[87.12,-10.27],[87.09,-10.31],[87.05,-10.29],[87.05,-10.24]]]}},{"type":"Feature","properties":{"precip":10},"geometry":{"type":"Polygon","coordinates":[[[18.45,-10.33],[18.48,-10.31],[18.77,-10.31],[18.84,-10.34],[18.84,-10.46],[18.81,-10.5],[18.66,-10.5],[18.55,-10.45],[18.45,-10.36],[18.45,-10.33]]]}},{"type":"Feature","properties":{"precip":10},"geometry":{"type":"Polygon","coordinates":[[[82.12,-10.36],[82.12,-10.31],[82.23,-10.31],[82.23,-10.34],[82.26,-10.34],[82.23,-10.38],[82.23,-10.39],[82.12,-10.38],[82.12,-10.36]]]}},{"type":"Feature","properties":{"precip":10},"geometry":{"type":"Polygon","coordinates":[[[91.51,-10.38],[91.51,-10.36],[91.59,-10.33],[91.59,-10.31],[91.66,-10.31],[91.66,-10.34],[91.59,-10.36],[91.59,-10.38],[91.59,-10.39],[91.59,-10.43],[91.55,-10.46],[91.48,-10.5],[91.48,-10.41],[91.51,-10.38]]]}},{"type":"Feature","properties":{"precip":10},"geometry":{"type":"Polygon","coordinates":[[[92.45,-10.36],[92.45,-10.31],[92.49,-10.31],[92.56,-10.34],[92.56,-10.38],[92.49,-10.38],[92.45,-10.38],[92.45,-10.36]]]}},{"type":"Feature","properties":{"precip":10},"geometry":{"type":"Polygon","coordinates":[[[80.32,-10.5],[80.32,-10.41],[80.39,-10.39],[80.43,-10.41],[80.43,-10.45],[80.5,-10.53],[80.5,-10.58],[80.5,-10.6],[80.39,-10.6],[80.32,-10.57],[80.32,-10.5]]]}},{"type":"Feature","properties":{"precip":10},"geometry":{"type":"Polygon","coordinates":[[[87.12,-10.5],[87.12,-10.41],[87.23,-10.41],[87.23,-10.58],[87.12,-10.62],[87.12,-10.74],[87.12,-10.75],[87.12,-10.81],[87.09,-10.81],[87.05,-10.86],[87.12,-10.91],[87.12,-10.94],[87.2,-10.98],[87.23,-11.01],[87.23,-11.1],[87.09,-11.1],[87.05,-11.08],[87.05,-11.03],[87.02,-11.01],[86.94,-11.01],[86.87,-10.98],[86.87,-10.94],[86.84,-10.91],[86.84,-10.86],[86.87,-10.84],[86.87,-10.81],[86.94,-10.77],[86.94,-10.72],[86.91,-10.72],[86.87,-10.69],[86.84,-10.67],[86.87,-10.65],[86.87,-10.62],[86.94,-10.6],[87.09,-10.6],[87.12,-10.55],[87.12,-10.5]]]}},{"type":"Feature","properties":{"precip":10},"geometry":{"type":"Polygon","coordinates":[[[87.74,-10.45],[87.77,-10.39],[87.84,-10.41],[87.84,-10.5],[87.77,-10.5],[87.74,-10.45]]]}},{"type":"Feature","properties":{"precip":10},"geometry":{"type":"Polygon","coordinates":[[[90.69,-10.48],[90.79,-10.41],[90.87,-10.39],[90.94,-10.41],[90.94,-10.55],[90.83,-10.67],[90.76,-10.69],[90.69,-10.69],[90.65,-10.65],[90.65,-10.55],[90.69,-10.48]]]}},{"type":"Feature","properties":{"precip":10},"geometry":{"type":"Polygon","coordinates":[[[91.84,-10.45],[91.91,-10.39],[91.95,-10.39],[92.05,-10.43],[92.05,-10.46],[92.02,-10.5],[91.91,-10.5],[91.84,-10.45]]]}},{"type":"Feature","properties":{"precip":10},"geometry":{"type":"Polygon","coordinates":[[[14.95,-10.6],[14.95,-10.51],[14.99,-10.51],[15.13,-10.63],[15.13,-10.69],[15.1,-10.69],[14.99,-10.69],[14.95,-10.67],[14.95,-10.6]]]}},{"type":"Feature","properties":{"precip":10},"geometry":{"type":"Polygon","coordinates":[[[17.65,-10.55],[17.65,-10.51],[17.73,-10.51],[17.76,-10.53],[17.73,-10.57],[17.73,-10.6],[17.65,-10.58],[17.65,-10.55]]]}},{"type":"Feature","properties":{"precip":10},"geometry":{"type":"Polygon","coordinates":[[[82.66,-10.55],[82.66,-10.51],[82.73,-10.51],[82.73,-10.6],[82.66,-10.58],[82.66,-10.55]]]}},{"type":"Feature","properties":{"precip":10},"geometry":{"type":"Polygon","coordinates":[[[76.14,-10.69],[76.14,-10.65],[76.18,-10.63],[76.18,-10.6],[76.22,-10.6],[76.22,-10.63],[76.22,-10.65],[76.22,-10.75],[76.22,-10.77],[76.22,-10.81],[76.18,-10.81],[76.18,-10.77],[76.14,-10.75],[76.14,-10.69]]]}},{"type":"Feature","properties":{"precip":10},"geometry":{"type":"Polygon","coordinates":[[[88.13,-10.69],[88.17,-10.69],[88.17,-10.62],[88.2,-10.6],[88.35,-10.6],[88.45,-10.65],[88.53,-10.7],[88.53,-10.79],[88.49,-10.79],[88.49,-10.82],[88.45,-10.84],[88.45,-10.96],[88.35,-11.01],[88.13,-11.01],[88.02,-10.98],[88.02,-10.82],[88.13,-10.79],[88.13,-10.69]]]}},{"type":"Feature","properties":{"precip":10},"geometry":{"type":"Polygon","coordinates":[[[49.54,-10.75],[49.54,-10.72],[49.58,-10.7],[49.65,-10.7],[49.65,-10.69],[49.72,-10.69],[49.83,-10.72],[49.83,-10.75],[49.94,-10.81],[50.08,-10.81],[50.16,-10.84],[50.16,-10.87],[50.19,-10.89],[50.26,-10.89],[50.34,-10.92],[50.34,-11.01],[50.37,-11.01],[50.37,-11.06],[50.41,-11.1],[50.44,-11.16],[50.52,-11.2],[50.52,-11.3],[50.44,-11.34],[50.48,-11.35],[50.48,-11.4],[50.52,-11.42],[50.55,-11.47],[50.62,-11.49],[50.7,-11.49],[50.77,-11.54],[50.77,-11.59],[50.8,-11.61],[50.8,-11.58],[50.84,-11.54],[50.91,-11.51],[50.98,-11.51],[51.06,-11.49],[51.13,-11.49],[51.24,-11.52],[51.24,-11.58],[51.27,-11.58],[51.31,-11.61],[51.38,-11.61],[51.45,-11.64],[51.52,-11.75],[51.52,-11.81],[51.56,-11.87],[51.56,-12.14],[51.6,-12.17],[51.74,-12.33],[51.74,-12.36],[51.81,-12.43],[51.81,-12.45],[51.85,-12.46],[51.85,-12.58],[51.92,-12.6],[51.92,-12.62],[51.96,-12.64],[51.96,-12.77],[51.99,-12.79],[52.06,-12.79],[52.14,-12.81],[52.14,-12.86],[52.21,-12.91],[52.28,-12.91],[52.35,-12.94],[52.35,-13.06],[52.42,-13.1],[52.5,-13.1],[52.53,-13.12],[52.53,-13.23],[52.57,-13.23],[52.57,-13.27],[52.64,-13.3],[52.71,-13.3],[52.75,-13.32],[52.75,-13.39],[52.68,-13.41],[52.64,-13.42],[52.64,-13.47],[52.68,-13.47],[52.71,-13.51],[52.78,-13.51],[52.86,-13.56],[52.86,-13.65],[52.82,-13.66],[52.82,-13.7],[52.75,-13.71],[52.68,-13.71],[52.64,-13.73],[52.64,-13.78],[52.6,-13.8],[52.5,-13.8],[52.42,-13.78],[52.32,-13.73],[52.28,-13.71],[52.28,-13.68],[52.24,-13.65],[52.14,-13.59],[51.96,-13.59],[51.88,-13.56],[51.78,-13.47],[51.78,-13.46],[51.67,-13.41],[51.6,-13.41],[51.56,-13.39],[51.56,-13.34],[51.45,-13.3],[51.31,-13.3],[51.2,-13.27],[51.16,-13.27],[51.16,-13.2],[51.13,-13.17],[51.13,-13.12],[51.09,-13.1],[50.88,-13.1],[50.77,-13.08],[50.73,-13.03],[50.73,-12.93],[50.7,-12.91],[50.7,-12.88],[50.66,-12.88],[50.66,-12.82],[50.73,-12.77],[50.73,-12.72],[50.66,-12.7],[50.55,-12.65],[50.48,-12.58],[50.48,-12.53],[50.44,-12.48],[50.44,-12.36],[50.37,-12.28],[50.3,-12.23],[50.3,-12.19],[50.26,-12.17],[50.26,-12.11],[50.23,-12.09],[50.23,-12.02],[50.19,-12.0],[50.19,-11.97],[50.08,-11.9],[50.08,-11.83],[50.05,-11.81],[50.05,-11.47],[50.01,-11.44],[50.01,-11.39],[49.94,-11.35],[50.05,-11.25],[50.05,-11.18],[49.94,-11.03],[49.83,-11.01],[49.76,-10.98],[49.76,-10.87],[49.72,-10.86],[49.72,-10.82],[49.69,-10.81],[49.62,-10.81],[49.54,-10.75]],[[50.34,-11.34],[50.34,-11.32],[50.26,-11.3],[50.26,-11.39],[50.3,-11.4],[50.34,-11.39],[50.34,-11.34]],[[52.53,-13.42],[52.53,-13.41],[52.46,-13.41],[52.42,-13.41],[52.14,-13.41],[51.96,-13.42],[51.96,-13.47],[51.99,-13.49],[52.06,-13.49],[52.1,-13.51],[52.24,-13.51],[52.35,-13.54],[52.35,-13.58],[52.39,-13.59],[52.46,-13.56],[52.46,-13.54],[52.5,-13.53],[52.5,-13.49],[52.53,-13.47],[52.53,-13.42]]]}},{"type":"Feature","properties":{"precip":10},"geometry":{"type":"Polygon","coordinates":[[[91.3,-10.79],[91.37,-10.72],[91.41,-10.7],[91.51,-10.7],[91.55,-10.72],[91.55,-10.77],[91.48,-10.81],[91.41,-10.81],[91.33,-10.84],[91.33,-10.87],[91.23,-10.89],[91.23,-10.84],[91.3,-10.82],[91.3,-10.79]]]}},{"type":"Feature","properties":{"precip":10},"geometry":{"type":"Polygon","coordinates":[[[83.02,-10.86],[83.02,-10.81],[83.13,-10.81],[83.13,-10.84],[83.16,-10.84],[83.16,-10.86],[83.13,-10.86],[83.13,-10.89],[83.02,-10.89],[83.02,-10.86]]]}},{"type":"Feature","properties":{"precip":10},"geometry":{"type":"Polygon","coordinates":[[[85.25,-10.89],[85.25,-10.84],[85.29,-10.81],[85.32,-10.81],[85.32,-10.87],[85.32,-10.91],[85.32,-11.06],[85.32,-11.11],[85.32,-11.15],[85.29,-11.18],[85.29,-11.22],[85.14,-11.34],[85.14,-11.35],[85.07,-11.37],[85.04,-11.35],[85.04,-11.34],[84.96,-11.32],[84.96,-11.28],[84.96,-11.27],[84.96,-11.13],[85.07,-11.03],[85.14,-11.01],[85.22,-10.99],[85.25,-10.96],[85.25,-10.89]]]}},{"type":"Feature","properties":{"precip":10},"geometry":{"type":"Polygon","coordinates":[[[77.48,-10.99],[77.48,-10.98],[77.58,-10.94],[77.62,-10.91],[77.8,-10.91],[77.84,-10.92],[77.84,-11.06],[77.8,-11.1],[77.66,-11.1],[77.62,-11.03],[77.62,-11.01],[77.58,-11.01],[77.58,-11.03],[77.55,-11.04],[77.55,-11.08],[77.48,-11.1],[77.48,-11.01],[77.48,-10.99]]]}},{"type":"Feature","properties":{"precip":10},"geometry":{"type":"Polygon","coordinates":[[[78.56,-11.01],[78.56,-10.98],[78.66,-10.94],[78.7,-10.91],[78.74,-10.91],[78.74,-11.04],[78.7,-11.1],[78.63,-11.16],[78.52,-11.2],[78.45,-11.18],[78.45,-11.15],[78.52,-11.08],[78.56,-11.01]]]}},{"type":"Feature","properties":{"precip":10},"geometry":{"type":"Polygon","coordinates":[[[90.43,-10.96],[90.47,-10.91],[90.58,-10.89],[90.65,-10.92],[90.65,-10.98],[90.61,-10.98],[90.58,-11.01],[90.51,-11.01],[90.43,-10.96]]]}},{"type":"Feature","properties":{"precip":10},"geometry":{"type":"Polygon","coordinates":[[[83.45,-11.04],[83.45,-11.01],[83.52,-11.01],[83.56,-11.03],[83.56,-11.06],[83.52,-11.1],[83.45,-11.08],[83.45,-11.04]]]}},{"type":"Feature","properties":{"precip":10},"geometry":{"type":"Polygon","coordinates":[[[86.15,-11.04],[86.15,-11.01],[86.22,-11.01],[86.22,-11.03],[86.22,-11.06],[86.22,-11.1],[86.15,-11.08],[86.15,-11.04]]]}},{"type":"Feature","properties":{"precip":10},"geometry":{"type":"Polygon","coordinates":[[[80.14,-11.13],[80.14,-11.11],[80.21,-11.11],[80.21,-11.13],[80.32,-11.2],[80.32,-11.28],[80.28,-11.28],[80.21,-11.23],[80.21,-11.2],[80.14,-11.16],[80.14,-11.13]]]}},{"type":"Feature","properties":{"precip":10},"geometry":{"type":"Polygon","coordinates":[[[88.85,-11.16],[88.85,-11.13],[88.92,-11.1],[89.03,-11.11],[89.03,-11.18],[88.99,-11.2],[88.92,-11.2],[88.85,-11.18],[88.85,-11.16]]]}},{"type":"Feature","properties":{"precip":10},"geometry":{"type":"Polygon","coordinates":[[[89.86,-11.16],[89.86,-11.11],[89.89,-11.1],[89.93,-11.11],[89.93,-11.2],[89.86,-11.18],[89.86,-11.16]]]}},{"type":"Feature","properties":{"precip":10},"geometry":{"type":"Polygon","coordinates":[[[86.84,-11.3],[86.84,-11.27],[86.87,-11.25],[86.87,-11.2],[86.91,-11.2],[86.94,-11.23],[86.94,-11.37],[86.87,-11.42],[86.87,-11.49],[86.94,-11.52],[86.94,-11.58],[86.91,-11.58],[86.87,-11.61],[86.87,-11.68],[86.91,-11.71],[86.94,-11.75],[87.05,-11.8],[87.12,-11.8],[87.12,-11.81],[87.23,-11.78],[87.23,-11.75],[87.3,-11.71],[87.38,-11.71],[87.56,-11.71],[87.66,-11.64],[87.63,-11.64],[87.63,-11.61],[87.56,-11.61],[87.45,-11.56],[87.41,-11.52],[87.41,-11.49],[87.38,-11.49],[87.38,-11.42],[87.41,-11.4],[87.41,-11.37],[87.45,-11.34],[87.56,-11.32],[87.66,-11.3],[87.74,-11.34],[87.74,-11.35],[87.81,-11.39],[87.84,-11.4],[87.95,-11.46],[87.95,-11.52],[87.99,-11.56],[87.99,-11.61],[88.02,-11.66],[88.13,-11.68],[88.13,-11.64],[88.17,-11.63],[88.2,-11.61],[88.49,-11.61],[88.53,-11.63],[88.53,-11.64],[88.56,-11.66],[88.56,-11.73],[88.53,-11.75],[88.53,-11.8],[88.45,-11.8],[88.45,-11.81],[88.38,-11.81],[88.35,-11.83],[88.35,-11.97],[88.31,-11.97],[88.31,-12.0],[88.28,-12.0],[88.28,-12.04],[88.2,-12.05],[88.2,-12.17],[88.2,-12.19],[88.13,-12.19],[88.02,-12.23],[88.02,-12.38],[88.1,-12.4],[88.2,-12.4],[88.2,-12.38],[88.2,-12.33],[88.31,-12.29],[88.38,-12.29],[88.45,-12.28],[88.45,-12.23],[88.38,-12.19],[88.35,-12.19],[88.35,-12.12],[88.38,-12.11],[88.49,-12.11],[88.53,-12.12],[88.56,-12.12],[88.74,-12.24],[88.74,-12.28],[88.71,-12.29],[88.56,-12.29],[88.56,-12.31],[88.56,-12.38],[88.56,-12.4],[88.67,-12.4],[88.74,-12.43],[88.74,-12.45],[88.74,-12.5],[88.81,-12.5],[88.81,-12.45],[88.92,-12.41],[89.03,-12.41],[89.1,-12.4],[89.25,-12.4],[89.43,-12.43],[89.43,-12.46],[89.43,-12.53],[89.43,-12.57],[89.35,-12.6],[89.1,-12.6],[89.03,-12.6],[88.92,-12.62],[88.92,-12.65],[88.85,-12.7],[88.74,-12.7],[88.63,-12.65],[88.56,-12.62],[88.49,-12.6],[88.31,-12.6],[88.2,-12.6],[87.77,-12.6],[87.66,-12.58],[87.63,-12.58],[87.56,-12.57],[87.56,-12.53],[87.48,-12.5],[87.41,-12.5],[87.38,-12.46],[87.3,-12.46],[87.3,-12.43],[87.27,-12.4],[87.23,-12.4],[87.12,-12.43],[87.12,-12.48],[87.23,-12.52],[87.23,-12.58],[87.12,-12.62],[87.12,-12.67],[87.23,-12.7],[87.23,-12.77],[87.2,-12.79],[87.12,-12.79],[87.05,-12.82],[87.05,-12.88],[87.02,-12.88],[86.94,-12.91],[86.87,-12.91],[86.73,-12.88],[86.66,-12.84],[86.58,-12.79],[86.55,-12.76],[86.48,-12.69],[86.48,-12.64],[86.4,-12.58],[86.4,-12.52],[86.37,-12.48],[86.37,-12.38],[86.33,-12.35],[86.33,-12.21],[86.22,-12.17],[86.22,-12.02],[86.3,-11.99],[86.33,-11.99],[86.33,-11.9],[86.37,-11.88],[86.37,-11.81],[86.4,-11.78],[86.4,-11.66],[86.48,-11.64],[86.48,-11.61],[86.55,-11.58],[86.55,-11.46],[86.58,-11.44],[86.58,-11.4],[86.73,-11.4],[86.84,-11.37],[86.84,-11.3]],[[87.74,-11.75],[87.74,-11.71],[87.66,-11.71],[87.66,-11.8],[87.66,-11.81],[87.74,-11.8],[87.74,-11.75]],[[88.17,-11.87],[88.1,-11.81],[88.02,-11.81],[87.84,-11.81],[87.84,-11.87],[87.92,-11.9],[87.99,-11.9],[88.02,-11.95],[88.02,-11.97],[88.13,-11.99],[88.13,-12.0],[88.2,-11.99],[88.2,-11.93],[88.17,-11.87]],[[87.45,-12.11],[87.45,-12.04],[87.38,-12.0],[87.12,-12.0],[87.05,-12.04],[87.05,-12.07],[87.12,-12.09],[87.12,-12.11],[87.27,-12.11],[87.27,-12.12],[87.3,-12.12],[87.3,-12.16],[87.41,-12.19],[87.45,-12.17],[87.45,-12.11]],[[87.95,-12.19],[87.95,-12.12],[87.92,-12.11],[87.84,-12.11],[87.84,-12.12],[87.84,-12.14],[87.84,-12.26],[87.84,-12.28],[87.84,-12.29],[87.95,-12.28],[87.95,-12.19]],[[87.05,-12.55],[87.05,-12.52],[87.02,-12.5],[86.94,-12.52],[86.94,-12.58],[86.94,-12.6],[87.05,-12.58],[87.05,-12.55]]]}},{"type":"Feature","properties":{"precip":10},"geometry":{"type":"Polygon","coordinates":[[[90.43,-11.25],[90.47,-11.23],[90.47,-11.2],[90.51,-11.2],[90.51,-11.3],[90.47,-11.3],[90.47,-11.27],[90.43,-11.25]]]}},{"type":"Feature","properties":{"precip":10},"geometry":{"type":"Polygon","coordinates":[[[81.4,-11.4],[81.4,-11.37],[81.47,-11.35],[81.47,-11.32],[81.54,-11.3],[81.65,-11.34],[81.69,-11.37],[81.69,-11.4],[81.76,-11.49],[81.76,-11.58],[81.87,-11.61],[81.94,-11.61],[82.05,-11.64],[82.05,-11.66],[82.12,-11.68],[82.12,-11.71],[82.3,-11.71],[82.41,-11.73],[82.44,-11.73],[82.44,-11.76],[82.48,-11.8],[82.59,-11.8],[82.62,-11.81],[82.77,-11.81],[82.84,-11.83],[82.84,-11.88],[82.95,-11.88],[82.98,-11.9],[83.16,-11.9],[83.31,-11.93],[83.38,-12.02],[83.45,-12.07],[83.45,-12.14],[83.38,-12.16],[83.38,-12.19],[83.34,-12.19],[83.34,-12.21],[83.27,-12.21],[83.2,-12.26],[83.34,-12.29],[83.38,-12.29],[83.49,-12.31],[83.52,-12.35],[83.56,-12.38],[83.63,-12.43],[83.63,-12.46],[83.52,-12.57],[83.31,-12.6],[83.09,-12.6],[82.84,-12.62],[82.8,-12.67],[82.8,-12.7],[82.77,-12.72],[82.66,-12.77],[82.66,-12.79],[82.62,-12.79],[82.62,-12.81],[82.48,-12.86],[82.48,-12.91],[82.48,-12.93],[82.41,-12.96],[82.41,-12.98],[82.26,-13.01],[82.26,-13.06],[82.12,-13.1],[82.08,-13.1],[82.05,-13.12],[82.05,-13.17],[82.01,-13.17],[81.9,-13.2],[81.58,-13.2],[81.51,-13.18],[81.4,-13.15],[81.4,-13.12],[81.4,-13.1],[81.22,-13.1],[81.22,-13.08],[81.18,-13.08],[81.15,-13.08],[81.15,-13.03],[81.11,-13.01],[81.04,-13.01],[81.04,-13.0],[80.93,-13.0],[80.86,-12.98],[80.86,-12.93],[80.79,-12.91],[80.68,-12.91],[80.68,-12.88],[80.64,-12.88],[80.64,-12.82],[80.57,-12.79],[80.5,-12.79],[80.46,-12.77],[80.46,-12.76],[80.39,-12.7],[80.21,-12.7],[80.14,-12.67],[80.14,-12.64],[80.14,-12.6],[80.21,-12.57],[80.28,-12.53],[80.32,-12.52],[80.43,-12.52],[80.46,-12.5],[80.75,-12.5],[80.79,-12.48],[80.86,-12.48],[80.97,-12.45],[80.97,-12.41],[81.04,-12.4],[81.11,-12.4],[81.15,-12.36],[81.15,-12.28],[81.11,-12.26],[81.11,-12.21],[81.0,-12.12],[80.86,-12.09],[80.86,-12.07],[80.82,-12.04],[80.82,-12.0],[80.68,-11.92],[80.64,-11.87],[80.64,-11.83],[80.57,-11.81],[80.5,-11.81],[80.46,-11.78],[80.46,-11.63],[80.43,-11.59],[80.43,-11.51],[80.32,-11.49],[80.32,-11.44],[80.5,-11.4],[80.97,-11.4],[81.15,-11.44],[81.15,-11.47],[81.22,-11.49],[81.36,-11.49],[81.4,-11.47],[81.4,-11.4]]]}},{"type":"Feature","properties":{"precip":10},"geometry":{"type":"Polygon","coordinates":[[[77.84,-11.46],[77.84,-11.4],[77.94,-11.42],[77.94,-11.49],[77.84,-11.49],[77.84,-11.46]]]}},{"type":"Feature","properties":{"precip":10},"geometry":{"type":"Polygon","coordinates":[[[78.56,-11.46],[78.56,-11.4],[78.63,-11.4],[78.63,-11.44],[78.66,-11.44],[78.66,-11.47],[78.63,-11.47],[78.63,-11.49],[78.56,-11.49],[78.56,-11.46]]]}},{"type":"Feature","properties":{"precip":10},"geometry":{"type":"Polygon","coordinates":[[[85.76,-11.46],[85.76,-11.4],[85.83,-11.4],[85.83,-11.44],[85.86,-11.44],[85.86,-11.47],[85.83,-11.47],[85.83,-11.49],[85.76,-11.49],[85.76,-11.46]]]}},{"type":"Feature","properties":{"precip":10},"geometry":{"type":"Polygon","coordinates":[[[87.05,-11.49],[87.05,-11.42],[87.09,-11.4],[87.12,-11.44],[87.2,-11.47],[87.2,-11.49],[87.23,-11.52],[87.23,-11.59],[87.2,-11.61],[87.12,-11.61],[87.05,-11.56],[87.05,-11.49]]]}},{"type":"Feature","properties":{"precip":10},"geometry":{"type":"Polygon","coordinates":[[[14.74,-11.54],[14.77,-11.49],[14.85,-11.49],[14.88,-11.52],[14.99,-11.58],[15.1,-11.71],[15.13,-11.78],[15.13,-12.0],[15.06,-12.09],[15.03,-12.17],[14.92,-12.28],[14.81,-12.4],[14.7,-12.45],[14.67,-12.48],[14.59,-12.48],[14.56,-12.5],[14.38,-12.5],[14.31,-12.52],[14.23,-12.55],[14.23,-12.58],[14.2,-12.58],[14.13,-12.55],[14.09,-12.48],[14.05,-12.46],[14.05,-12.43],[14.13,-12.4],[14.13,-12.33],[14.16,-12.31],[14.16,-12.21],[14.23,-12.19],[14.23,-12.05],[14.27,-12.04],[14.27,-12.0],[14.34,-11.97],[14.34,-11.83],[14.38,-11.81],[14.41,-11.81],[14.41,-11.78],[14.45,-11.78],[14.45,-11.64],[14.49,-11.61],[14.63,-11.61],[14.74,-11.58],[14.74,-11.54]],[[14.63,-11.75],[14.63,-11.71],[14.56,-11.71],[14.56,-11.8],[14.59,-11.81],[14.63,-11.8],[14.63,-11.75]]]}},{"type":"Feature","properties":{"precip":10},"geometry":{"type":"Polygon","coordinates":[[[33.06,-11.54],[33.06,-11.51],[33.13,-11.49],[33.13,-11.59],[33.1,-11.61],[33.06,-11.59],[33.06,-11.54]]]}},{"type":"Feature","properties":{"precip":10},"geometry":{"type":"Polygon","coordinates":[[[92.05,-11.54],[92.05,-11.51],[92.13,-11.49],[92.13,-11.52],[92.13,-11.58],[92.13,-11.61],[92.05,-11.59],[92.05,-11.54]]]}},{"type":"Feature","properties":{"precip":10},"geometry":{"type":"Polygon","coordinates":[[[82.66,-11.64],[82.66,-11.61],[82.73,-11.61],[82.73,-11.71],[82.66,-11.71],[82.66,-11.64]]]}},{"type":"Feature","properties":{"precip":10},"geometry":{"type":"Polygon","coordinates":[[[85.25,-11.71],[85.25,-11.64],[85.32,-11.61],[85.4,-11.61],[85.43,-11.63],[85.43,-11.81],[85.47,-11.87],[85.47,-11.97],[85.5,-12.0],[85.58,-11.95],[85.58,-11.9],[85.65,-11.92],[85.61,-11.95],[85.61,-12.0],[85.5,-12.04],[85.5,-12.07],[85.5,-12.09],[85.5,-12.12],[85.47,-12.12],[85.47,-12.19],[85.43,-12.23],[85.43,-12.29],[85.32,-12.28],[85.32,-12.11],[85.32,-12.07],[85.32,-12.0],[85.25,-11.97],[85.25,-11.93],[85.32,-11.88],[85.32,-11.81],[85.25,-11.78],[85.25,-11.71]]]}},{"type":"Feature","properties":{"precip":10},"geometry":{"type":"Polygon","coordinates":[[[85.86,-11.71],[85.86,-11.63],[85.86,-11.61],[86.12,-11.61],[86.12,-11.64],[86.15,-11.64],[86.15,-11.75],[86.12,-11.76],[86.12,-11.8],[86.04,-11.81],[85.97,-11.81],[85.86,-11.78],[85.86,-11.71]]]}},{"type":"Feature","properties":{"precip":10},"geometry":{"type":"Polygon","coordinates":[[[88.63,-11.64],[88.67,-11.61],[88.74,-11.61],[88.74,-11.71],[88.67,-11.71],[88.63,-11.64]]]}},{"type":"Feature","properties":{"precip":10},"geometry":{"type":"Polygon","coordinates":[[[90.87,-11.64],[90.87,-11.61],[90.94,-11.61],[90.94,-11.71],[90.87,-11.71],[90.87,-11.64]]]}},{"type":"Feature","properties":{"precip":10},"geometry":{"type":"Polygon","coordinates":[[[91.23,-11.71],[91.23,-11.63],[91.3,-11.61],[91.41,-11.61],[91.41,-11.64],[91.41,-11.76],[91.41,-11.8],[91.33,-11.8],[91.23,-11.78],[91.23,-11.71]]]}},{"type":"Feature","properties":{"precip":10},"geometry":{"type":"Polygon","coordinates":[[[88.92,-11.75],[88.92,-11.71],[89.03,-11.71],[89.03,-11.8],[88.99,-11.81],[88.92,-11.8],[88.92,-11.75]]]}},{"type":"Feature","properties":{"precip":10},"geometry":{"type":"Polygon","coordinates":[[[89.43,-11.81],[89.43,-11.71],[89.53,-11.71],[89.53,-11.76],[89.61,-11.81],[89.71,-11.81],[89.75,-11.83],[89.75,-11.87],[89.61,-11.9],[89.53,-11.9],[89.43,-11.88],[89.43,-11.81]]]}},{"type":"Feature","properties":{"precip":10},"geometry":{"type":"Polygon","coordinates":[[[90.25,-11.81],[90.25,-11.71],[90.33,-11.71],[90.33,-11.73],[90.33,-11.75],[90.33,-11.8],[90.4,-11.81],[90.47,-11.81],[90.51,-11.83],[90.61,-11.9],[90.61,-11.93],[90.65,-11.97],[90.65,-12.04],[90.61,-12.09],[90.51,-12.14],[90.4,-12.19],[90.15,-12.19],[90.15,-12.16],[90.15,-12.12],[90.25,-12.11],[90.43,-12.11],[90.51,-12.07],[90.51,-11.93],[90.47,-11.9],[90.33,-11.9],[90.25,-11.87],[90.25,-11.81]]]}},{"type":"Feature","properties":{"precip":10},"geometry":{"type":"Polygon","coordinates":[[[95.33,-11.75],[95.33,-11.71],[95.44,-11.71],[95.44,-11.8],[95.4,-11.81],[95.33,-11.8],[95.33,-11.75]]]}},{"type":"Feature","properties":{"precip":10},"geometry":{"type":"Polygon","coordinates":[[[32.23,-11.85],[32.27,-11.83],[32.27,-11.81],[32.34,-11.81],[32.34,-11.88],[32.27,-11.9],[32.27,-11.87],[32.23,-11.85]]]}},{"type":"Feature","properties":{"precip":10},"geometry":{"type":"Polygon","coordinates":[[[74.06,-11.95],[74.06,-11.92],[74.13,-11.9],[74.13,-11.93],[74.17,-11.95],[74.13,-11.99],[74.06,-11.99],[74.06,-11.95]]]}},{"type":"Feature","properties":{"precip":10},"geometry":{"type":"Polygon","coordinates":[[[83.56,-11.95],[83.56,-11.92],[83.63,-11.9],[83.63,-11.99],[83.56,-11.99],[83.56,-11.95]]]}},{"type":"Feature","properties":{"precip":10},"geometry":{"type":"Polygon","coordinates":[[[84.86,-11.95],[84.86,-11.92],[84.93,-11.9],[84.96,-11.9],[85.04,-11.92],[85.04,-11.99],[84.93,-11.99],[84.86,-11.97],[84.86,-11.95]]]}},{"type":"Feature","properties":{"precip":10},"geometry":{"type":"Polygon","coordinates":[[[85.79,-11.97],[85.86,-11.92],[85.97,-11.95],[85.97,-11.97],[86.04,-12.05],[86.04,-12.17],[86.01,-12.19],[85.94,-12.19],[85.86,-12.16],[85.79,-12.11],[85.79,-12.07],[85.76,-12.04],[85.79,-12.02],[85.79,-11.97]]]}},{"type":"Feature","properties":{"precip":10},"geometry":{"type":"Polygon","coordinates":[[[91.23,-11.95],[91.23,-11.9],[91.33,-11.9],[91.33,-11.99],[91.23,-11.99],[91.23,-11.95]]]}},{"type":"Feature","properties":{"precip":10},"geometry":{"type":"Polygon","coordinates":[[[74.56,-12.05],[74.56,-12.02],[74.6,-12.0],[74.78,-12.0],[74.85,-12.04],[74.85,-12.07],[74.74,-12.11],[74.63,-12.11],[74.56,-12.09],[74.56,-12.05]]]}},{"type":"Feature","properties":{"precip":10},"geometry":{"type":"Polygon","coordinates":[[[89.35,-12.09],[89.35,-12.0],[89.39,-12.0],[89.43,-12.04],[89.43,-12.07],[89.53,-12.12],[89.53,-12.29],[89.5,-12.29],[89.43,-12.26],[89.43,-12.23],[89.35,-12.14],[89.35,-12.09]]]}},{"type":"Feature","properties":{"precip":10},"geometry":{"type":"Polygon","coordinates":[[[89.03,-12.14],[89.07,-12.14],[89.07,-12.12],[89.1,-12.11],[89.17,-12.11],[89.25,-12.12],[89.25,-12.17],[89.21,-12.19],[89.07,-12.19],[89.07,-12.16],[89.03,-12.14]]]}},{"type":"Feature","properties":{"precip":10},"geometry":{"type":"Polygon","coordinates":[[[32.45,-12.33],[32.52,-12.28],[32.52,-12.26],[32.59,-12.21],[32.63,-12.23],[32.7,-12.28],[32.7,-12.31],[32.74,-12.36],[32.74,-12.45],[32.77,-12.45],[32.81,-12.5],[32.88,-12.5],[32.95,-12.55],[32.95,-12.69],[32.99,-12.74],[32.99,-12.76],[33.02,-12.79],[33.02,-12.82],[33.06,-12.88],[33.17,-12.96],[33.24,-13.08],[33.24,-13.15],[33.2,-13.18],[33.13,-13.2],[32.92,-13.2],[32.84,-13.15],[32.84,-13.01],[32.77,-13.0],[32.77,-13.03],[32.74,-13.03],[32.74,-13.08],[32.7,-13.1],[32.66,-13.08],[32.66,-12.91],[32.63,-12.88],[32.63,-12.82],[32.56,-12.79],[32.41,-12.79],[32.38,-12.77],[32.38,-12.76],[32.34,-12.72],[32.34,-12.53],[32.38,-12.5],[32.38,-12.43],[32.45,-12.36],[32.45,-12.33]]]}},{"type":"Feature","properties":{"precip":10},"geometry":{"type":"Polygon","coordinates":[[[91.05,-12.23],[91.15,-12.19],[91.15,-12.21],[91.23,-12.21],[91.23,-12.26],[91.23,-12.28],[91.23,-12.33],[91.23,-12.36],[91.23,-12.4],[91.15,-12.36],[91.05,-12.29],[91.05,-12.28],[91.05,-12.26],[91.05,-12.23]]]}},{"type":"Feature","properties":{"precip":10},"geometry":{"type":"Polygon","coordinates":[[[85.65,-12.4],[85.65,-12.33],[85.68,-12.29],[85.68,-12.33],[85.76,-12.35],[85.76,-12.45],[85.68,-12.46],[85.68,-12.5],[85.65,-12.46],[85.65,-12.4]]]}},{"type":"Feature","properties":{"precip":10},"geometry":{"type":"Polygon","coordinates":[[[85.86,-12.4],[85.86,-12.29],[85.94,-12.29],[85.94,-12.36],[85.97,-12.36],[86.01,-12.4],[86.04,-12.4],[86.15,-12.43],[86.15,-12.46],[86.12,-12.46],[86.04,-12.5],[85.94,-12.5],[85.86,-12.48],[85.86,-12.4]]]}},{"type":"Feature","properties":{"precip":10},"geometry":{"type":"Polygon","coordinates":[[[89.61,-12.35],[89.61,-12.31],[89.68,-12.29],[89.75,-12.31],[89.75,-12.38],[89.68,-12.4],[89.61,-12.38],[89.61,-12.35]]]}},{"type":"Feature","properties":{"precip":10},"geometry":{"type":"Polygon","coordinates":[[[76.04,-12.45],[76.04,-12.41],[76.18,-12.4],[76.22,-12.43],[76.22,-12.46],[76.32,-12.5],[76.4,-12.5],[76.4,-12.52],[76.4,-12.6],[76.47,-12.64],[76.47,-12.7],[76.54,-12.72],[76.54,-12.77],[76.5,-12.81],[76.36,-12.88],[76.18,-12.91],[76.11,-12.91],[75.96,-12.88],[75.93,-12.82],[75.89,-12.81],[75.78,-12.81],[75.75,-12.79],[75.64,-12.79],[75.6,-12.81],[75.53,-12.81],[75.46,-12.82],[75.46,-12.88],[75.42,-12.88],[75.42,-12.91],[75.35,-12.89],[75.35,-12.74],[75.42,-12.7],[75.53,-12.7],[75.68,-12.64],[75.71,-12.58],[75.75,-12.55],[75.86,-12.5],[75.96,-12.5],[76.04,-12.46],[76.04,-12.45]]]}},{"type":"Feature","properties":{"precip":10},"geometry":{"type":"Polygon","coordinates":[[[83.85,-12.55],[83.88,-12.52],[83.99,-12.5],[84.28,-12.5],[84.46,-12.53],[84.46,-12.58],[84.46,-12.6],[84.6,-12.6],[84.75,-12.57],[84.75,-12.53],[84.78,-12.53],[84.78,-12.55],[84.89,-12.58],[84.96,-12.65],[85.04,-12.76],[85.04,-12.89],[84.96,-12.91],[84.96,-12.98],[84.96,-13.0],[85.11,-13.0],[85.22,-12.96],[85.32,-12.88],[85.32,-12.82],[85.43,-12.79],[85.47,-12.79],[85.5,-12.82],[85.5,-12.93],[85.58,-12.94],[85.58,-13.0],[85.61,-13.0],[85.65,-13.03],[85.65,-13.12],[85.61,-13.15],[85.61,-13.2],[85.58,-13.23],[85.43,-13.3],[85.32,-13.32],[85.32,-13.41],[85.43,-13.41],[85.43,-13.49],[85.32,-13.51],[85.29,-13.47],[85.25,-13.44],[85.25,-13.34],[85.32,-13.29],[85.32,-13.22],[85.29,-13.2],[85.29,-13.17],[85.14,-13.12],[85.14,-13.13],[85.14,-13.17],[85.07,-13.2],[85.04,-13.2],[84.96,-13.23],[84.96,-13.39],[84.93,-13.42],[84.93,-13.49],[84.86,-13.51],[84.75,-13.46],[84.75,-13.34],[84.78,-13.3],[84.86,-13.27],[84.86,-13.23],[84.75,-13.22],[84.6,-13.2],[84.28,-13.2],[84.21,-13.18],[84.1,-13.15],[84.1,-13.12],[84.1,-13.1],[83.92,-13.1],[83.88,-13.08],[83.85,-13.05],[83.85,-12.79],[83.88,-12.76],[83.88,-12.69],[83.92,-12.65],[83.92,-12.64],[83.88,-12.6],[83.85,-12.58],[83.85,-12.55]],[[84.96,-13.05],[84.89,-13.0],[84.86,-13.01],[84.86,-13.08],[84.89,-13.1],[84.96,-13.05]],[[85.5,-13.15],[85.5,-13.1],[85.47,-13.1],[85.47,-13.13],[85.43,-13.15],[85.47,-13.17],[85.47,-13.2],[85.5,-13.2],[85.5,-13.15]]]}},{"type":"Feature","properties":{"precip":10},"geometry":{"type":"Polygon","coordinates":[[[90.04,-12.55],[90.07,-12.5],[90.15,-12.52],[90.15,-12.58],[90.07,-12.6],[90.04,-12.55]]]}},{"type":"Feature","properties":{"precip":10},"geometry":{"type":"Polygon","coordinates":[[[74.17,-12.79],[74.17,-12.7],[74.24,-12.72],[74.24,-12.89],[74.2,-12.91],[74.17,-12.89],[74.17,-12.79]]]}},{"type":"Feature","properties":{"precip":10},"geometry":{"type":"Polygon","coordinates":[[[87.48,-12.77],[87.56,-12.74],[87.66,-12.7],[87.77,-12.7],[87.84,-12.74],[87.84,-12.88],[87.74,-12.91],[87.48,-12.91],[87.45,-12.88],[87.45,-12.84],[87.48,-12.77]]]}},{"type":"Feature","properties":{"precip":10},"geometry":{"type":"Polygon","coordinates":[[[90.25,-12.82],[90.33,-12.74],[90.43,-12.7],[90.51,-12.72],[90.61,-12.81],[90.61,-12.84],[90.65,-12.89],[90.65,-12.94],[90.58,-13.0],[90.51,-13.0],[90.43,-12.96],[90.43,-12.93],[90.4,-12.91],[90.33,-12.93],[90.33,-12.96],[90.29,-13.0],[90.15,-13.0],[90.15,-12.94],[90.15,-12.93],[90.15,-12.91],[90.25,-12.86],[90.25,-12.82]]]}},{"type":"Feature","properties":{"precip":10},"geometry":{"type":"Polygon","coordinates":[[[91.23,-12.76],[91.23,-12.7],[91.33,-12.7],[91.33,-12.79],[91.23,-12.79],[91.23,-12.76]]]}},{"type":"Feature","properties":{"precip":10},"geometry":{"type":"Polygon","coordinates":[[[85.76,-12.86],[85.76,-12.82],[85.83,-12.79],[85.94,-12.81],[85.94,-12.89],[85.86,-12.91],[85.83,-12.91],[85.76,-12.88],[85.76,-12.86]]]}},{"type":"Feature","properties":{"precip":10},"geometry":{"type":"Polygon","coordinates":[[[88.02,-12.86],[88.02,-12.82],[88.1,-12.81],[88.17,-12.81],[88.2,-12.79],[88.31,-12.79],[88.38,-12.81],[88.45,-12.84],[88.45,-12.94],[88.38,-13.0],[88.28,-13.0],[88.2,-12.96],[88.2,-12.93],[88.2,-12.91],[88.1,-12.91],[88.02,-12.86]]]}},{"type":"Feature","properties":{"precip":10},"geometry":{"type":"Polygon","coordinates":[[[90.87,-12.86],[90.87,-12.81],[90.97,-12.79],[91.05,-12.82],[91.05,-12.88],[90.97,-12.91],[90.87,-12.91],[90.87,-12.89],[90.87,-12.86]]]}},{"type":"Feature","properties":{"precip":10},"geometry":{"type":"Polygon","coordinates":[[[86.55,-13.05],[86.55,-13.01],[86.58,-13.0],[86.66,-13.03],[86.66,-13.08],[86.58,-13.1],[86.55,-13.08],[86.55,-13.05]]]}},{"type":"Feature","properties":{"precip":10},"geometry":{"type":"Polygon","coordinates":[[[90.76,-13.03],[90.79,-13.0],[90.87,-13.0],[90.94,-13.03],[90.94,-13.06],[91.05,-13.1],[91.12,-13.1],[91.15,-13.13],[91.15,-13.18],[91.12,-13.2],[90.97,-13.2],[90.87,-13.18],[90.87,-13.15],[90.79,-13.12],[90.79,-13.08],[90.76,-13.08],[90.76,-13.03]]]}},{"type":"Feature","properties":{"precip":10},"geometry":{"type":"Polygon","coordinates":[[[86.22,-13.23],[86.22,-13.22],[86.37,-13.22],[86.4,-13.2],[86.58,-13.2],[86.69,-13.22],[86.76,-13.23],[86.76,-13.29],[86.87,-13.3],[86.91,-13.34],[86.94,-13.37],[87.02,-13.41],[87.02,-13.44],[87.05,-13.47],[87.12,-13.51],[87.12,-13.47],[87.12,-13.46],[87.12,-13.32],[87.23,-13.3],[87.23,-13.54],[87.2,-13.59],[87.2,-13.63],[87.12,-13.66],[87.05,-13.7],[86.94,-13.7],[86.94,-13.68],[86.94,-13.63],[86.87,-13.59],[86.73,-13.59],[86.66,-13.56],[86.66,-13.54],[86.58,-13.51],[86.48,-13.46],[86.37,-13.39],[86.3,-13.29],[86.22,-13.25],[86.22,-13.23]]]}},{"type":"Feature","properties":{"precip":10},"geometry":{"type":"Polygon","coordinates":[[[89.03,-13.23],[89.1,-13.22],[89.17,-13.2],[89.28,-13.2],[89.35,-13.22],[89.43,-13.22],[89.43,-13.23],[89.43,-13.25],[89.43,-13.29],[89.28,-13.37],[89.21,-13.41],[89.1,-13.41],[89.03,-13.44],[89.03,-13.47],[88.92,-13.51],[88.85,-13.51],[88.85,-13.49],[88.74,-13.49],[88.74,-13.44],[88.81,-13.41],[88.81,-13.37],[88.85,-13.34],[88.92,-13.3],[88.99,-13.3],[89.03,-13.29],[89.03,-13.23]]]}},{"type":"Feature","properties":{"precip":10},"geometry":{"type":"Polygon","coordinates":[[[90.11,-13.27],[90.15,-13.23],[90.29,-13.2],[90.43,-13.23],[90.51,-13.34],[90.51,-13.39],[90.51,-13.41],[90.43,-13.41],[90.33,-13.42],[90.33,-14.07],[90.43,-14.11],[90.43,-14.26],[90.4,-14.3],[90.15,-14.3],[90.07,-14.24],[90.07,-14.19],[90.04,-14.09],[90.04,-13.61],[90.07,-13.53],[90.07,-13.34],[90.11,-13.3],[90.11,-13.27]]]}},{"type":"Feature","properties":{"precip":10},"geometry":{"type":"Polygon","coordinates":[[[33.64,-13.51],[33.64,-13.46],[33.67,-13.44],[33.67,-13.41],[33.74,-13.41],[33.74,-13.47],[33.96,-13.53],[34.14,-13.63],[34.21,-13.71],[34.32,-13.82],[34.39,-13.9],[34.46,-14.07],[34.46,-14.19],[34.5,-14.19],[34.57,-14.19],[34.61,-14.21],[34.72,-14.31],[34.72,-14.35],[34.75,-14.38],[34.75,-14.48],[34.79,-14.48],[34.82,-14.52],[34.82,-14.59],[34.86,-14.62],[34.86,-14.84],[34.9,-14.88],[34.9,-14.91],[35.0,-15.0],[35.0,-15.03],[35.04,-15.07],[35.04,-15.24],[35.08,-15.27],[35.15,-15.31],[35.36,-15.31],[35.44,-15.32],[35.44,-15.48],[35.36,-15.49],[35.15,-15.49],[35.08,-15.51],[35.04,-15.55],[35.04,-15.65],[35.08,-15.66],[35.08,-15.7],[35.11,-15.7],[35.11,-15.75],[35.15,-15.78],[35.15,-16.13],[35.18,-16.16],[35.18,-16.2],[35.22,-16.2],[35.22,-16.23],[35.26,-16.25],[35.26,-16.35],[35.29,-16.38],[35.29,-16.42],[35.33,-16.42],[35.4,-16.49],[35.4,-16.52],[35.44,-16.57],[35.44,-16.69],[35.4,-16.71],[35.36,-16.69],[35.36,-16.64],[35.26,-16.59],[35.11,-16.59],[35.04,-16.55],[35.04,-16.42],[35.0,-16.4],[34.93,-16.4],[34.82,-16.35],[34.82,-16.32],[34.75,-16.26],[34.75,-16.23],[34.82,-16.2],[34.82,-16.13],[34.86,-16.11],[34.86,-15.97],[34.82,-15.96],[34.82,-15.92],[34.79,-15.9],[34.72,-15.9],[34.64,-15.94],[34.64,-15.97],[34.61,-15.99],[34.5,-15.9],[34.46,-15.89],[34.46,-15.82],[34.54,-15.75],[34.54,-15.55],[34.46,-15.49],[34.39,-15.48],[34.36,-15.46],[34.25,-15.31],[34.25,-15.25],[34.32,-15.19],[34.32,-15.12],[34.21,-15.01],[34.18,-15.0],[34.1,-15.0],[34.07,-15.0],[34.07,-14.96],[34.03,-14.95],[34.03,-14.91],[34.0,-14.89],[33.89,-14.88],[33.89,-14.84],[33.85,-14.83],[33.78,-14.78],[33.74,-14.76],[33.67,-14.67],[33.6,-14.64],[33.53,-14.6],[33.46,-14.6],[33.38,-14.57],[33.35,-14.54],[33.35,-14.26],[33.31,-14.23],[33.31,-14.19],[33.2,-14.19],[33.17,-14.19],[33.17,-14.16],[33.13,-14.14],[33.17,-14.11],[33.24,-14.07],[33.24,-13.89],[33.28,-13.85],[33.28,-13.82],[33.31,-13.8],[33.46,-13.8],[33.53,-13.78],[33.53,-13.75],[33.56,-13.71],[33.56,-13.61],[33.64,-13.58],[33.64,-13.51]],[[33.74,-13.85],[33.74,-13.82],[33.67,-13.8],[33.6,-13.8],[33.56,-13.82],[33.56,-13.89],[33.71,-13.89],[33.74,-13.89],[33.74,-13.85]],[[33.74,-14.04],[33.74,-14.02],[33.67,-14.0],[33.64,-14.04],[33.64,-14.06],[33.67,-14.09],[33.74,-14.09],[33.74,-14.04]],[[33.96,-14.3],[33.96,-14.26],[33.92,-14.21],[33.89,-14.19],[33.82,-14.19],[33.78,-14.21],[33.74,-14.26],[33.74,-14.35],[33.78,-14.35],[33.78,-14.38],[33.82,-14.4],[33.89,-14.4],[33.92,-14.38],[33.92,-14.35],[33.96,-14.35],[33.96,-14.3]],[[34.14,-14.64],[34.1,-14.6],[34.0,-14.62],[33.92,-14.66],[33.92,-14.67],[33.85,-14.72],[33.85,-14.79],[33.89,-14.81],[34.0,-14.79],[34.07,-14.74],[34.14,-14.67],[34.14,-14.64]],[[34.54,-15.25],[34.54,-15.2],[34.46,-15.2],[34.46,-15.31],[34.54,-15.31],[34.54,-15.25]],[[34.93,-15.25],[34.93,-15.2],[34.86,-15.2],[34.86,-15.31],[34.93,-15.31],[34.93,-15.25]],[[34.93,-15.65],[34.93,-15.61],[34.86,-15.61],[34.86,-15.68],[34.93,-15.7],[34.93,-15.65]],[[35.04,-15.85],[35.04,-15.8],[34.97,-15.8],[34.93,-15.84],[34.97,-15.87],[34.97,-15.9],[35.04,-15.89],[35.04,-15.85]]]}},{"type":"Feature","properties":{"precip":10},"geometry":{"type":"Polygon","coordinates":[[[90.76,-13.51],[90.76,-13.42],[90.83,-13.41],[91.01,-13.41],[91.05,-13.41],[91.15,-13.44],[91.15,-13.47],[91.05,-13.53],[91.05,-13.68],[91.05,-13.71],[91.12,-13.71],[91.15,-13.73],[91.15,-13.85],[91.05,-13.89],[90.87,-13.89],[90.87,-13.9],[90.69,-13.9],[90.65,-13.94],[90.65,-13.99],[90.69,-14.0],[90.79,-14.0],[90.83,-14.02],[90.83,-14.06],[90.87,-14.07],[90.83,-14.12],[90.83,-14.16],[90.76,-14.23],[90.76,-14.26],[90.65,-14.3],[90.58,-14.3],[90.58,-14.24],[90.51,-14.19],[90.51,-13.77],[90.58,-13.71],[90.61,-13.71],[90.69,-13.71],[90.69,-13.7],[90.79,-13.7],[90.83,-13.66],[90.83,-13.59],[90.76,-13.58],[90.76,-13.51]]]}},{"type":"Feature","properties":{"precip":10},"geometry":{"type":"Polygon","coordinates":[[[87.84,-13.56],[87.84,-13.51],[87.99,-13.51],[88.02,-13.54],[87.99,-13.59],[87.84,-13.59],[87.84,-13.56]]]}},{"type":"Feature","properties":{"precip":10},"geometry":{"type":"Polygon","coordinates":[[[83.34,-13.65],[83.38,-13.61],[83.49,-13.59],[83.63,-13.59],[83.74,-13.63],[83.74,-13.66],[83.85,-13.7],[83.99,-13.7],[84.06,-13.71],[84.1,-13.7],[84.24,-13.7],[84.35,-13.66],[84.35,-13.63],[84.39,-13.59],[84.42,-13.59],[84.53,-13.65],[84.6,-13.7],[84.6,-13.71],[84.6,-13.73],[84.6,-13.77],[84.53,-13.87],[84.46,-13.89],[84.39,-13.89],[84.35,-13.89],[84.35,-13.85],[84.28,-13.82],[84.21,-13.82],[84.1,-13.8],[83.81,-13.8],[83.67,-13.77],[83.63,-13.75],[83.63,-13.71],[83.56,-13.71],[83.49,-13.71],[83.45,-13.7],[83.38,-13.7],[83.34,-13.68],[83.34,-13.65]]]}},{"type":"Feature","properties":{"precip":10},"geometry":{"type":"Polygon","coordinates":[[[84.86,-13.65],[84.86,-13.61],[84.93,-13.59],[84.93,-13.63],[84.96,-13.65],[84.93,-13.7],[84.86,-13.7],[84.86,-13.65]]]}},{"type":"Feature","properties":{"precip":10},"geometry":{"type":"Polygon","coordinates":[[[85.04,-13.65],[85.07,-13.63],[85.07,-13.59],[85.14,-13.61],[85.14,-13.7],[85.11,-13.71],[85.07,-13.68],[85.04,-13.68],[85.04,-13.65]]]}},{"type":"Feature","properties":{"precip":10},"geometry":{"type":"Polygon","coordinates":[[[91.41,-13.65],[91.48,-13.61],[91.55,-13.59],[91.66,-13.59],[91.77,-13.65],[91.77,-13.68],[91.77,-13.7],[91.91,-13.7],[91.95,-13.71],[91.95,-13.7],[92.09,-13.7],[92.13,-13.66],[92.13,-13.59],[92.23,-13.61],[92.23,-13.77],[92.13,-13.8],[91.77,-13.8],[91.66,-13.77],[91.66,-13.73],[91.59,-13.71],[91.55,-13.71],[91.48,-13.68],[91.41,-13.68],[91.41,-13.65]]]}},{"type":"Feature","properties":{"precip":10},"geometry":{"type":"Polygon","coordinates":[[[92.31,-13.71],[92.31,-13.65],[92.38,-13.63],[92.38,-13.59],[92.41,-13.59],[92.45,-13.63],[92.45,-13.77],[92.38,-13.8],[92.38,-13.77],[92.31,-13.75],[92.31,-13.71]]]}},{"type":"Feature","properties":{"precip":10},"geometry":{"type":"Polygon","coordinates":[[[85.94,-14.3],[85.94,-14.26],[85.97,-14.24],[85.97,-14.19],[86.04,-14.21],[86.04,-14.38],[85.97,-14.4],[85.97,-14.35],[85.94,-14.35],[85.94,-14.3]]]}},{"type":"Feature","properties":{"precip":10},"geometry":{"type":"Polygon","coordinates":[[[35.44,-14.45],[35.47,-14.4],[35.54,-14.4],[35.54,-14.5],[35.47,-14.5],[35.44,-14.45]]]}},{"type":"Feature","properties":{"precip":10},"geometry":{"type":"Polygon","coordinates":[[[89.86,-14.55],[89.86,-14.52],[89.93,-14.52],[89.93,-14.6],[89.86,-14.59],[89.86,-14.55]]]}},{"type":"Feature","properties":{"precip":10},"geometry":{"type":"Polygon","coordinates":[[[54.04,-14.76],[54.04,-14.72],[54.12,-14.69],[54.22,-14.71],[54.26,-14.76],[54.19,-14.79],[54.12,-14.81],[54.04,-14.76]]]}},{"type":"Feature","properties":{"precip":10},"geometry":{"type":"Polygon","coordinates":[[[61.14,-15.15],[61.17,-15.13],[61.17,-15.1],[61.24,-15.12],[61.24,-15.19],[61.17,-15.2],[61.17,-15.17],[61.14,-15.17],[61.14,-15.15]]]}},{"type":"Feature","properties":{"precip":10},"geometry":{"type":"Polygon","coordinates":[[[60.56,-15.34],[60.56,-15.31],[60.63,-15.31],[60.63,-15.39],[60.6,-15.41],[60.56,-15.39],[60.56,-15.34]]]}},{"type":"Feature","properties":{"precip":10},"geometry":{"type":"Polygon","coordinates":[[[60.34,-15.7],[60.34,-15.63],[60.38,-15.61],[60.42,-15.61],[60.45,-15.63],[60.45,-15.77],[60.42,-15.78],[60.34,-15.77],[60.34,-15.7]]]}},{"type":"Feature","properties":{"precip":10},"geometry":{"type":"Polygon","coordinates":[[[61.46,-15.75],[61.46,-15.72],[61.53,-15.7],[61.53,-15.78],[61.46,-15.78],[61.46,-15.75]]]}},{"type":"Feature","properties":{"precip":10},"geometry":{"type":"Polygon","coordinates":[[[61.75,-15.75],[61.75,-15.72],[61.78,-15.7],[61.86,-15.72],[61.86,-15.78],[61.82,-15.78],[61.75,-15.78],[61.75,-15.75]]]}},{"type":"Feature","properties":{"precip":10},"geometry":{"type":"Polygon","coordinates":[[[61.96,-15.85],[61.96,-15.8],[62.04,-15.8],[62.04,-15.9],[61.96,-15.9],[61.96,-15.85]]]}},{"type":"Feature","properties":{"precip":10},"geometry":{"type":"Polygon","coordinates":[[[50.48,-16.11],[50.59,-16.01],[50.66,-16.02],[50.66,-16.08],[50.62,-16.08],[50.62,-16.11],[50.55,-16.11],[50.55,-16.25],[50.52,-16.26],[50.52,-16.28],[50.48,-16.3],[50.41,-16.3],[50.34,-16.33],[50.34,-16.38],[50.26,-16.38],[50.26,-16.37],[50.16,-16.26],[50.16,-16.21],[50.23,-16.2],[50.34,-16.2],[50.44,-16.16],[50.44,-16.13],[50.48,-16.11]]]}},{"type":"Feature","properties":{"precip":10},"geometry":{"type":"Polygon","coordinates":[[[35.44,-16.13],[35.47,-16.11],[35.58,-16.11],[35.65,-16.13],[35.65,-16.28],[35.62,-16.28],[35.54,-16.26],[35.51,-16.23],[35.51,-16.2],[35.47,-16.14],[35.44,-16.13]]]}},{"type":"Feature","properties":{"precip":10},"geometry":{"type":"Polygon","coordinates":[[[35.65,-16.55],[35.65,-16.52],[35.72,-16.5],[35.76,-16.54],[35.76,-16.57],[35.72,-16.59],[35.65,-16.59],[35.65,-16.55]]]}},{"type":"Feature","properties":{"precip":10},"geometry":{"type":"Polygon","coordinates":[[[35.94,-16.55],[35.98,-16.5],[36.12,-16.5],[36.15,-16.54],[36.15,-16.57],[36.12,-16.59],[35.98,-16.59],[35.94,-16.55]]]}},{"type":"Feature","properties":{"precip":10},"geometry":{"type":"Polygon","coordinates":[[[36.23,-16.78],[36.23,-16.74],[36.33,-16.71],[36.51,-16.71],[36.55,-16.73],[36.55,-16.76],[36.51,-16.79],[36.41,-16.79],[36.33,-16.85],[36.33,-16.9],[36.23,-16.9],[36.15,-16.9],[36.15,-16.85],[36.23,-16.78]]]}},{"type":"Feature","properties":{"precip":10},"geometry":{"type":"Polygon","coordinates":[[[50.26,-16.74],[50.26,-16.71],[50.34,-16.71],[50.34,-16.79],[50.26,-16.79],[50.26,-16.74]]]}},{"type":"Feature","properties":{"precip":10},"geometry":{"type":"Polygon","coordinates":[[[61.64,-16.74],[61.68,-16.71],[61.75,-16.73],[61.75,-16.78],[61.68,-16.79],[61.64,-16.74]]]}},{"type":"Feature","properties":{"precip":10},"geometry":{"type":"Polygon","coordinates":[[[62.36,-16.98],[62.36,-16.9],[62.39,-16.9],[62.47,-16.98],[62.54,-17.03],[62.61,-17.1],[62.61,-17.15],[62.65,-17.2],[62.65,-17.29],[62.61,-17.31],[62.54,-17.26],[62.47,-17.17],[62.43,-17.1],[62.36,-17.02],[62.36,-16.98]]]}},{"type":"Feature","properties":{"precip":10},"geometry":{"type":"Polygon","coordinates":[[[35.54,-17.12],[35.58,-17.1],[35.69,-17.1],[35.76,-17.15],[35.76,-17.26],[35.72,-17.27],[35.72,-17.31],[35.65,-17.26],[35.58,-17.2],[35.58,-17.17],[35.54,-17.15],[35.54,-17.12]]]}},{"type":"Feature","properties":{"precip":10},"geometry":{"type":"Polygon","coordinates":[[[36.44,-17.15],[36.44,-17.12],[36.51,-17.1],[36.55,-17.12],[36.55,-17.19],[36.51,-17.2],[36.44,-17.19],[36.44,-17.15]]]}},{"type":"Feature","properties":{"precip":10},"geometry":{"type":"Polygon","coordinates":[[[64.05,-17.24],[64.05,-17.22],[64.12,-17.2],[64.16,-17.22],[64.16,-17.27],[64.12,-17.27],[64.09,-17.31],[64.05,-17.29],[64.05,-17.24]]]}},{"type":"Feature","properties":{"precip":10},"geometry":{"type":"Polygon","coordinates":[[[36.05,-17.44],[36.05,-17.41],[36.08,-17.39],[36.15,-17.41],[36.15,-17.48],[36.12,-17.5],[36.05,-17.5],[36.05,-17.44]]]}},{"type":"Feature","properties":{"precip":10},"geometry":{"type":"Polygon","coordinates":[[[61.86,-17.44],[61.86,-17.41],[61.93,-17.39],[61.93,-17.43],[61.96,-17.44],[61.93,-17.46],[61.93,-17.5],[61.86,-17.5],[61.86,-17.44]]]}},{"type":"Feature","properties":{"precip":10},"geometry":{"type":"Polygon","coordinates":[[[77.04,-22.25],[77.04,-22.22],[77.08,-22.2],[77.12,-22.22],[77.12,-22.27],[77.22,-22.3],[77.37,-22.3],[77.44,-22.32],[77.44,-22.37],[77.48,-22.37],[77.62,-22.44],[77.73,-22.51],[77.73,-22.54],[77.76,-22.58],[77.73,-22.6],[77.48,-22.6],[77.44,-22.56],[77.44,-22.53],[77.37,-22.49],[77.22,-22.49],[77.12,-22.48],[77.12,-22.34],[77.12,-22.32],[77.12,-22.3],[77.04,-22.29],[77.04,-22.25]]]}},{"type":"Feature","properties":{"precip":10},"geometry":{"type":"Polygon","coordinates":[[[49.01,-25.2],[49.11,-25.11],[49.18,-25.09],[49.26,-25.13],[49.26,-25.18],[49.18,-25.2],[49.15,-25.23],[49.15,-25.37],[49.08,-25.4],[49.04,-25.44],[49.04,-25.56],[48.9,-25.68],[48.86,-25.73],[48.86,-25.83],[48.83,-25.85],[48.83,-25.88],[48.68,-25.91],[48.61,-25.98],[48.61,-26.0],[48.57,-26.02],[48.54,-26.07],[48.47,-26.1],[48.39,-26.1],[48.36,-26.07],[48.36,-25.93],[48.39,-25.9],[48.47,-25.9],[48.61,-25.81],[48.61,-25.76],[48.65,-25.73],[48.65,-25.66],[48.68,-25.66],[48.68,-25.61],[48.79,-25.5],[48.83,-25.47],[48.83,-25.42],[48.75,-25.38],[48.75,-25.33],[48.83,-25.3],[48.86,-25.3],[48.93,-25.26],[48.97,-25.21],[49.01,-25.2]]]}},{"type":"Feature","properties":{"precip":10},"geometry":{"type":"Polygon","coordinates":[[[82.95,-25.25],[82.95,-25.23],[83.02,-25.2],[83.2,-25.2],[83.2,-25.21],[83.2,-25.28],[83.2,-25.3],[83.02,-25.3],[82.95,-25.26],[82.95,-25.25]]]}},{"type":"Feature","properties":{"precip":10},"geometry":{"type":"Polygon","coordinates":[[[-8.66,-26.21],[-8.66,-26.14],[-8.62,-26.14],[-8.62,-26.1],[-8.59,-26.1],[-8.55,-26.14],[-8.55,-26.26],[-8.51,-26.27],[-8.51,-26.31],[-8.48,-26.31],[-8.41,-26.38],[-8.41,-26.43],[-8.37,-26.46],[-8.37,-26.5],[-8.33,-26.53],[-8.33,-26.56],[-8.37,-26.6],[-8.41,-26.6],[-8.48,-26.55],[-8.48,-26.51],[-8.55,-26.45],[-8.55,-26.31],[-8.62,-26.31],[-8.62,-26.27],[-8.66,-26.26],[-8.66,-26.21]]]}},{"type":"Feature","properties":{"precip":10},"geometry":{"type":"Polygon","coordinates":[[[46.77,-26.82],[46.81,-26.77],[46.88,-26.72],[46.92,-26.72],[47.03,-26.8],[47.03,-26.89],[46.99,-26.91],[46.95,-26.94],[46.77,-26.99],[46.67,-26.99],[46.67,-26.92],[46.7,-26.91],[46.7,-26.87],[46.77,-26.82]]]}},{"type":"Feature","properties":{"precip":10},"geometry":{"type":"Polygon","coordinates":[[[43.64,-28.16],[43.64,-28.12],[43.71,-28.09],[43.75,-28.11],[43.75,-28.19],[43.64,-28.19],[43.64,-28.16]]]}},{"type":"Feature","properties":{"precip":10},"geometry":{"type":"Polygon","coordinates":[[[42.24,-28.76],[42.24,-28.72],[42.31,-28.69],[42.38,-28.7],[42.45,-28.74],[42.53,-28.81],[42.53,-28.89],[42.45,-28.88],[42.45,-28.84],[42.38,-28.81],[42.31,-28.81],[42.24,-28.76]]]}},{"type":"Feature","properties":{"precip":10},"geometry":{"type":"Polygon","coordinates":[[[-6.1,-29.49],[-6.03,-29.42],[-5.96,-29.41],[-5.96,-29.47],[-5.92,-29.49],[-5.81,-29.49],[-5.78,-29.51],[-5.78,-29.54],[-5.74,-29.56],[-5.74,-29.66],[-5.71,-29.7],[-5.6,-29.7],[-5.56,-29.71],[-5.56,-29.78],[-5.53,-29.78],[-5.45,-29.8],[-5.38,-29.8],[-5.35,-29.83],[-5.35,-29.88],[-5.31,-29.9],[-5.24,-29.9],[-5.17,-29.94],[-5.09,-29.99],[-5.09,-30.02],[-5.06,-30.06],[-4.95,-30.11],[-4.91,-30.11],[-4.84,-30.12],[-4.84,-30.18],[-4.81,-30.18],[-4.7,-30.21],[-4.66,-30.24],[-4.66,-30.28],[-4.63,-30.33],[-4.63,-30.4],[-4.52,-30.47],[-4.41,-30.48],[-4.3,-30.42],[-4.27,-30.43],[-4.27,-30.45],[-4.16,-30.5],[-4.09,-30.5],[-4.09,-30.53],[-4.05,-30.55],[-4.05,-30.76],[-4.01,-30.79],[-3.94,-30.79],[-3.87,-30.83],[-3.83,-30.88],[-3.76,-30.93],[-3.76,-31.08],[-3.83,-31.1],[-3.83,-31.19],[-3.8,-31.2],[-3.62,-31.2],[-3.58,-31.22],[-3.58,-31.24],[-3.55,-31.27],[-3.55,-31.66],[-3.58,-31.72],[-3.58,-31.8],[-3.65,-31.78],[-3.65,-31.72],[-3.69,-31.72],[-3.83,-31.68],[-3.87,-31.65],[-3.87,-31.61],[-3.94,-31.63],[-4.01,-31.7],[-4.01,-31.72],[-4.05,-31.77],[-4.05,-31.87],[-3.94,-31.96],[-3.73,-32.01],[-3.65,-32.01],[-3.55,-31.96],[-3.55,-31.92],[-3.47,-31.89],[-3.4,-31.89],[-3.37,-31.87],[-3.37,-31.8],[-3.44,-31.78],[-3.44,-31.7],[-3.37,-31.6],[-3.33,-31.54],[-3.26,-31.48],[-3.19,-31.37],[-3.12,-31.34],[-3.04,-31.36],[-2.97,-31.41],[-2.97,-31.48],[-3.04,-31.51],[-3.04,-31.56],[-2.94,-31.6],[-2.76,-31.6],[-2.68,-31.61],[-2.65,-31.65],[-2.65,-31.73],[-2.68,-31.75],[-2.68,-31.78],[-2.72,-31.8],[-2.79,-31.8],[-2.86,-31.84],[-2.86,-31.87],[-2.94,-31.87],[-2.94,-31.84],[-3.01,-31.8],[-3.04,-31.82],[-3.04,-31.94],[-3.08,-31.96],[-3.08,-31.99],[-3.12,-32.01],[-3.22,-32.01],[-3.26,-32.04],[-3.26,-32.06],[-3.22,-32.09],[-3.12,-32.09],[-3.08,-32.11],[-3.08,-32.14],[-3.04,-32.16],[-3.04,-32.28],[-2.97,-32.3],[-2.97,-32.26],[-2.94,-32.25],[-2.94,-32.19],[-2.86,-32.21],[-2.86,-32.35],[-2.83,-32.35],[-2.83,-32.4],[-2.79,-32.4],[-2.76,-32.43],[-2.76,-32.57],[-2.72,-32.59],[-2.65,-32.55],[-2.61,-32.52],[-2.58,-32.5],[-2.58,-32.42],[-2.65,-32.37],[-2.65,-32.23],[-2.61,-32.19],[-2.58,-32.19],[-2.54,-32.23],[-2.54,-32.28],[-2.5,-32.3],[-2.47,-32.28],[-2.47,-32.23],[-2.43,-32.19],[-2.36,-32.19],[-2.29,-32.23],[-2.25,-32.26],[-2.25,-32.37],[-2.18,-32.4],[-2.18,-32.49],[-2.14,-32.52],[-2.14,-32.69],[-2.18,-32.74],[-2.18,-32.78],[-2.22,-32.81],[-2.29,-32.81],[-2.32,-32.76],[-2.36,-32.74],[-2.36,-32.43],[-2.4,-32.4],[-2.43,-32.42],[-2.43,-32.57],[-2.47,-32.62],[-2.47,-32.76],[-2.43,-32.83],[-2.43,-32.93],[-2.4,-32.98],[-2.4,-33.0],[-2.36,-33.05],[-2.25,-33.15],[-2.18,-33.17],[-2.14,-33.15],[-2.14,-33.12],[-2.07,-33.1],[-2.0,-33.14],[-1.93,-33.17],[-1.89,-33.22],[-1.82,-33.27],[-1.75,-33.36],[-1.75,-33.46],[-1.71,-33.46],[-1.71,-33.5],[-1.6,-33.6],[-1.57,-33.63],[-1.57,-33.7],[-1.64,-33.68],[-1.64,-33.63],[-1.71,-33.62],[-1.75,-33.63],[-1.75,-33.79],[-1.68,-33.79],[-1.68,-33.82],[-1.64,-33.82],[-1.64,-33.85],[-1.68,-33.89],[-1.75,-33.91],[-1.82,-33.89],[-1.86,-33.84],[-1.93,-33.82],[-2.0,-33.89],[-2.0,-33.92],[-2.04,-33.94],[-2.07,-33.97],[-2.14,-33.99],[-2.14,-33.65],[-2.18,-33.62],[-2.18,-33.5],[-2.25,-33.51],[-2.25,-33.56],[-2.29,-33.6],[-2.36,-33.6],[-2.36,-33.62],[-2.43,-33.62],[-2.47,-33.63],[-2.47,-33.68],[-2.54,-33.7],[-2.61,-33.68],[-2.68,-33.63],[-2.68,-33.62],[-2.72,-33.62],[-2.76,-33.67],[-2.83,-33.7],[-2.83,-33.62],[-2.76,-33.56],[-2.68,-33.48],[-2.68,-33.46],[-2.65,-33.43],[-2.76,-33.39],[-2.83,-33.39],[-2.83,-33.36],[-2.86,-33.36],[-2.86,-33.31],[-2.9,-33.31],[-2.97,-33.31],[-3.08,-33.26],[-3.08,-33.2],[-3.12,-33.2],[-3.12,-33.24],[-3.15,-33.27],[-3.22,-33.31],[-3.26,-33.31],[-3.33,-33.27],[-3.33,-33.24],[-3.37,-33.2],[-3.37,-33.14],[-3.4,-33.1],[-3.47,-33.1],[-3.55,-33.07],[-3.55,-33.02],[-3.47,-32.98],[-3.47,-32.91],[-3.58,-32.83],[-3.62,-32.81],[-3.69,-32.81],[-3.8,-32.71],[-3.83,-32.73],[-3.83,-32.78],[-3.91,-32.81],[-3.94,-32.79],[-3.94,-32.62],[-3.87,-32.59],[-3.87,-32.52],[-3.91,-32.5],[-3.98,-32.5],[-4.16,-32.35],[-4.27,-32.3],[-4.34,-32.3],[-4.48,-32.23],[-4.48,-32.21],[-4.55,-32.16],[-4.59,-32.11],[-4.63,-32.11],[-4.66,-32.18],[-4.73,-32.19],[-4.73,-32.13],[-4.66,-32.06],[-4.66,-31.9],[-4.7,-31.89],[-4.73,-31.92],[-4.73,-31.96],[-4.81,-31.99],[-4.81,-32.01],[-4.88,-32.06],[-4.88,-32.07],[-4.95,-32.07],[-4.95,-32.04],[-4.88,-31.99],[-4.88,-31.96],[-4.84,-31.9],[-4.84,-31.78],[-4.88,-31.73],[-4.88,-31.72],[-4.91,-31.68],[-4.95,-31.68],[-4.95,-31.53],[-4.88,-31.51],[-4.88,-31.54],[-4.84,-31.56],[-4.84,-31.68],[-4.77,-31.7],[-4.77,-31.6],[-4.73,-31.58],[-4.73,-31.51],[-4.66,-31.48],[-4.66,-31.37],[-4.63,-31.36],[-4.63,-31.3],[-4.59,-31.29],[-4.59,-31.22],[-4.66,-31.15],[-4.7,-31.08],[-4.77,-31.01],[-4.84,-30.95],[-5.06,-30.86],[-5.09,-30.83],[-5.09,-30.77],[-5.13,-30.76],[-5.13,-30.72],[-5.17,-30.67],[-5.17,-30.6],[-5.24,-30.6],[-5.24,-30.5],[-5.27,-30.48],[-5.27,-30.43],[-5.31,-30.38],[-5.38,-30.33],[-5.45,-30.33],[-5.49,-30.38],[-5.56,-30.36],[-5.56,-30.33],[-5.63,-30.24],[-5.63,-30.16],[-5.67,-30.11],[-5.67,-29.97],[-5.71,-29.92],[-5.71,-29.88],[-5.78,-29.83],[-5.85,-29.8],[-5.92,-29.8],[-6.03,-29.78],[-6.03,-29.75],[-6.07,-29.73],[-6.07,-29.63],[-6.14,-29.58],[-6.14,-29.53],[-6.1,-29.51],[-6.1,-29.49]],[[-5.35,-30.14],[-5.35,-30.12],[-5.42,-30.11],[-5.49,-30.11],[-5.56,-30.12],[-5.56,-30.16],[-5.53,-30.19],[-5.38,-30.19],[-5.35,-30.14]],[[-5.24,-30.26],[-5.27,-30.21],[-5.31,-30.19],[-5.35,-30.21],[-5.35,-30.28],[-5.27,-30.3],[-5.27,-30.28],[-5.24,-30.26]],[[-4.81,-30.38],[-4.88,-30.33],[-4.99,-30.3],[-5.06,-30.33],[-5.06,-30.38],[-4.99,-30.4],[-4.95,-30.43],[-4.95,-30.59],[-4.91,-30.6],[-4.84,-30.57],[-4.81,-30.5],[-4.77,-30.48],[-4.77,-30.42],[-4.81,-30.38]],[[-4.16,-30.65],[-4.16,-30.6],[-4.23,-30.6],[-4.23,-30.62],[-4.27,-30.62],[-4.27,-30.67],[-4.23,-30.67],[-4.23,-30.71],[-4.16,-30.69],[-4.16,-30.65]],[[-4.95,-30.76],[-4.95,-30.72],[-5.02,-30.71],[-5.06,-30.72],[-5.06,-30.77],[-5.02,-30.79],[-4.95,-30.77],[-4.95,-30.76]],[[-4.45,-30.76],[-4.48,-30.71],[-4.63,-30.71],[-4.66,-30.74],[-4.66,-30.76],[-4.59,-30.79],[-4.59,-30.83],[-4.55,-30.86],[-4.55,-31.07],[-4.52,-31.08],[-4.52,-31.1],[-4.48,-31.1],[-4.48,-31.13],[-4.45,-31.13],[-4.45,-31.25],[-4.34,-31.3],[-4.27,-31.3],[-4.19,-31.27],[-4.16,-31.27],[-4.16,-31.22],[-4.23,-31.2],[-4.23,-31.1],[-4.27,-31.08],[-4.27,-30.86],[-4.34,-30.79],[-4.41,-30.79],[-4.45,-30.77],[-4.45,-30.76]],[[-4.05,-31.05],[-4.05,-31.01],[-4.12,-31.0],[-4.16,-31.03],[-4.16,-31.08],[-4.09,-31.1],[-4.05,-31.08],[-4.05,-31.05]],[[-3.94,-31.24],[-3.98,-31.24],[-3.98,-31.2],[-4.01,-31.2],[-4.01,-31.24],[-4.05,-31.24],[-4.05,-31.44],[-4.01,-31.48],[-3.94,-31.51],[-3.91,-31.49],[-3.76,-31.37],[-3.76,-31.32],[-3.8,-31.3],[-3.87,-31.3],[-3.94,-31.27],[-3.94,-31.24]],[[-4.16,-31.44],[-4.16,-31.41],[-4.23,-31.39],[-4.27,-31.42],[-4.27,-31.48],[-4.23,-31.48],[-4.19,-31.51],[-4.16,-31.49],[-4.16,-31.44]],[[-3.04,-31.44],[-3.08,-31.39],[-3.15,-31.41],[-3.15,-31.49],[-3.12,-31.51],[-3.08,-31.48],[-3.04,-31.48],[-3.04,-31.44]],[[-4.27,-31.56],[-4.27,-31.51],[-4.34,-31.51],[-4.34,-31.78],[-4.27,-31.8],[-4.27,-31.73],[-4.23,-31.72],[-4.16,-31.72],[-4.16,-31.7],[-4.09,-31.7],[-4.05,-31.66],[-4.05,-31.63],[-4.12,-31.6],[-4.19,-31.6],[-4.27,-31.56]],[[-4.55,-31.75],[-4.55,-31.72],[-4.59,-31.7],[-4.66,-31.72],[-4.66,-31.77],[-4.59,-31.8],[-4.55,-31.78],[-4.55,-31.75]],[[-3.15,-31.75],[-3.15,-31.72],[-3.19,-31.7],[-3.26,-31.72],[-3.26,-31.78],[-3.15,-31.78],[-3.15,-31.75]],[[-3.94,-32.16],[-3.94,-32.13],[-3.98,-32.13],[-3.98,-32.09],[-4.05,-32.11],[-4.05,-32.19],[-3.98,-32.19],[-3.98,-32.18],[-3.94,-32.16]],[[-2.54,-32.66],[-2.58,-32.61],[-2.65,-32.61],[-2.65,-32.69],[-2.58,-32.69],[-2.54,-32.66]],[[-3.37,-32.81],[-3.37,-32.71],[-3.4,-32.69],[-3.44,-32.71],[-3.44,-32.9],[-3.37,-32.9],[-3.37,-32.81]],[[-2.65,-32.74],[-2.72,-32.69],[-2.79,-32.69],[-2.83,-32.71],[-2.86,-32.76],[-2.79,-32.79],[-2.72,-32.81],[-2.68,-32.78],[-2.65,-32.78],[-2.65,-32.74]],[[-1.86,-33.39],[-1.86,-33.32],[-1.89,-33.31],[-1.93,-33.31],[-1.93,-33.34],[-1.96,-33.36],[-1.96,-33.48],[-2.04,-33.51],[-2.04,-33.58],[-2.0,-33.6],[-2.0,-33.63],[-1.89,-33.68],[-1.86,-33.67],[-1.86,-33.63],[-1.78,-33.6],[-1.78,-33.56],[-1.75,-33.53],[-1.82,-33.5],[-1.82,-33.46],[-1.86,-33.46],[-1.86,-33.39]]]}},{"type":"Feature","properties":{"precip":10},"geometry":{"type":"Polygon","coordinates":[[[36.05,-29.8],[36.05,-29.73],[36.08,-29.7],[36.12,-29.7],[36.12,-29.73],[36.15,-29.75],[36.15,-29.85],[36.12,-29.87],[36.12,-29.9],[36.05,-29.87],[36.05,-29.8]]]}},{"type":"Feature","properties":{"precip":10},"geometry":{"type":"Polygon","coordinates":[[[-13.36,-30.23],[-13.34,-30.24],[-13.36,-30.27],[-13.36,-30.23]]]}},{"type":"Feature","properties":{"precip":10},"geometry":{"type":"Polygon","coordinates":[[[35.26,-30.55],[35.26,-30.5],[35.33,-30.5],[35.33,-30.53],[35.36,-30.53],[35.36,-30.57],[35.33,-30.57],[35.33,-30.6],[35.26,-30.6],[35.26,-30.55]]]}},{"type":"Feature","properties":{"precip":10},"geometry":{"type":"Polygon","coordinates":[[[35.76,-30.6],[35.76,-30.52],[35.83,-30.5],[35.83,-30.69],[35.8,-30.71],[35.76,-30.69],[35.76,-30.6]]]}},{"type":"Feature","properties":{"precip":10},"geometry":{"type":"Polygon","coordinates":[[[37.23,-30.95],[37.27,-30.91],[37.34,-30.91],[37.34,-31.0],[37.27,-31.0],[37.23,-30.95]]]}},{"type":"Feature","properties":{"precip":10},"geometry":{"type":"Polygon","coordinates":[[[-5.06,-31.15],[-5.06,-31.12],[-5.02,-31.1],[-4.95,-31.12],[-4.95,-31.19],[-5.02,-31.2],[-5.06,-31.19],[-5.06,-31.15]]]}},{"type":"Feature","properties":{"precip":10},"geometry":{"type":"Polygon","coordinates":[[[-2.94,-31.24],[-2.94,-31.2],[-2.86,-31.22],[-2.86,-31.29],[-2.94,-31.29],[-2.94,-31.24]]]}},{"type":"Feature","properties":{"precip":10},"geometry":{"type":"Polygon","coordinates":[[[90.87,-31.24],[90.87,-31.2],[90.94,-31.22],[90.94,-31.29],[90.87,-31.29],[90.87,-31.24]]]}},{"type":"Feature","properties":{"precip":10},"geometry":{"type":"Polygon","coordinates":[[[-5.35,-31.36],[-5.35,-31.3],[-5.27,-31.3],[-5.27,-31.34],[-5.24,-31.34],[-5.27,-31.37],[-5.27,-31.39],[-5.35,-31.39],[-5.35,-31.36]]]}},{"type":"Feature","properties":{"precip":10},"geometry":{"type":"Polygon","coordinates":[[[87.3,-31.39],[87.3,-31.37],[87.3,-31.34],[87.41,-31.3],[87.45,-31.3],[87.45,-31.37],[87.48,-31.39],[87.59,-31.39],[87.66,-31.44],[87.66,-31.48],[87.66,-31.49],[87.81,-31.49],[87.84,-31.51],[87.95,-31.51],[88.02,-31.54],[88.02,-31.58],[88.1,-31.6],[88.2,-31.6],[88.2,-31.61],[88.2,-31.66],[88.28,-31.66],[88.31,-31.7],[88.49,-31.7],[88.56,-31.72],[88.67,-31.72],[88.74,-31.72],[88.74,-31.77],[88.81,-31.8],[88.89,-31.8],[88.92,-31.82],[88.92,-31.87],[89.07,-31.89],[89.28,-31.89],[89.35,-31.9],[89.43,-31.9],[89.53,-31.92],[89.53,-31.96],[89.57,-31.96],[89.71,-32.01],[89.93,-32.01],[90.04,-32.04],[90.04,-32.06],[90.07,-32.06],[90.11,-32.09],[90.22,-32.09],[90.29,-32.11],[90.33,-32.16],[90.33,-32.19],[90.43,-32.19],[90.43,-32.16],[90.51,-32.11],[90.51,-32.13],[90.51,-32.16],[90.61,-32.19],[90.69,-32.19],[90.69,-32.21],[90.76,-32.26],[90.76,-32.38],[90.79,-32.4],[90.87,-32.37],[90.87,-32.31],[90.94,-32.33],[90.94,-32.35],[90.97,-32.38],[91.05,-32.35],[91.05,-32.33],[91.05,-32.3],[91.12,-32.31],[91.12,-32.35],[91.15,-32.35],[91.15,-32.47],[91.19,-32.5],[91.33,-32.5],[91.41,-32.52],[91.48,-32.55],[91.48,-32.61],[91.59,-32.52],[91.69,-32.57],[91.69,-32.61],[91.73,-32.62],[91.73,-32.69],[91.77,-32.71],[91.77,-32.79],[91.84,-32.83],[91.84,-32.88],[91.77,-32.9],[91.77,-32.83],[91.73,-32.81],[91.66,-32.83],[91.66,-32.96],[91.69,-33.0],[91.77,-33.07],[91.87,-33.1],[91.95,-33.1],[92.05,-33.14],[92.05,-33.15],[92.13,-33.19],[92.38,-33.19],[92.45,-33.2],[92.49,-33.19],[92.74,-33.19],[92.85,-33.15],[92.85,-33.14],[92.92,-33.1],[92.99,-33.1],[93.03,-33.07],[93.03,-33.03],[93.03,-33.0],[93.03,-32.98],[93.03,-32.93],[93.03,-32.9],[92.95,-32.86],[92.95,-32.83],[93.03,-32.81],[93.03,-32.78],[93.03,-32.76],[93.03,-32.73],[92.95,-32.69],[92.81,-32.69],[92.77,-32.67],[92.74,-32.67],[92.74,-32.64],[92.85,-32.61],[92.99,-32.61],[93.03,-32.59],[93.1,-32.59],[93.17,-32.54],[93.17,-32.52],[93.21,-32.5],[93.21,-32.52],[93.21,-32.55],[93.31,-32.59],[93.39,-32.59],[93.39,-32.61],[93.49,-32.61],[93.57,-32.57],[93.64,-32.57],[93.64,-32.45],[93.71,-32.4],[93.82,-32.4],[93.85,-32.43],[93.85,-32.49],[93.89,-32.5],[94.0,-32.5],[94.03,-32.49],[94.03,-32.45],[94.07,-32.4],[94.14,-32.4],[94.21,-32.43],[94.36,-32.55],[94.36,-32.59],[94.43,-32.61],[94.43,-32.52],[94.43,-32.5],[94.43,-32.4],[94.54,-32.42],[94.54,-32.54],[94.57,-32.55],[94.57,-32.61],[94.61,-32.57],[94.61,-32.5],[94.68,-32.45],[94.68,-32.42],[94.75,-32.35],[94.75,-32.33],[94.79,-32.3],[94.79,-32.35],[94.86,-32.35],[94.86,-32.47],[94.9,-32.5],[94.97,-32.5],[95.08,-32.43],[95.08,-32.4],[95.11,-32.4],[95.15,-32.43],[95.15,-32.47],[95.22,-32.5],[95.22,-32.47],[95.26,-32.42],[95.29,-32.4],[95.33,-32.4],[95.47,-32.45],[95.51,-32.54],[95.51,-32.64],[95.58,-32.67],[95.58,-32.69],[95.65,-32.76],[95.76,-32.81],[95.83,-32.76],[95.98,-32.64],[95.98,-32.61],[96.05,-32.54],[96.05,-32.52],[96.16,-32.54],[96.16,-32.57],[96.23,-32.61],[96.37,-32.61],[96.41,-32.64],[96.41,-32.67],[96.48,-32.69],[96.59,-32.69],[96.59,-32.67],[96.59,-32.66],[96.66,-32.62],[96.66,-32.52],[96.77,-32.5],[96.84,-32.5],[96.91,-32.52],[96.95,-32.55],[96.95,-32.84],[96.91,-32.88],[96.77,-32.9],[96.48,-32.9],[96.41,-32.88],[96.34,-32.86],[96.34,-32.83],[96.23,-32.81],[95.94,-32.81],[95.83,-32.84],[95.87,-32.9],[95.98,-32.9],[96.05,-32.93],[96.05,-32.98],[95.98,-33.0],[95.94,-33.03],[95.98,-33.07],[95.98,-33.1],[96.01,-33.12],[96.05,-33.17],[96.12,-33.19],[96.23,-33.19],[96.23,-33.14],[96.34,-33.1],[96.41,-33.1],[96.55,-33.14],[96.55,-33.17],[96.59,-33.19],[96.66,-33.19],[96.7,-33.2],[96.77,-33.2],[96.84,-33.24],[96.84,-33.27],[96.91,-33.31],[96.95,-33.31],[97.06,-33.27],[97.06,-33.24],[97.09,-33.2],[97.13,-33.2],[97.13,-33.26],[97.24,-33.31],[97.31,-33.31],[97.45,-33.32],[97.45,-33.36],[97.42,-33.36],[97.38,-33.39],[97.24,-33.39],[97.2,-33.41],[97.09,-33.41],[97.06,-33.44],[97.06,-33.46],[96.95,-33.5],[96.88,-33.5],[96.84,-33.55],[96.95,-33.63],[96.95,-33.65],[97.02,-33.68],[97.02,-33.65],[97.06,-33.65],[97.06,-33.63],[97.13,-33.6],[97.24,-33.63],[97.24,-33.82],[97.31,-33.89],[97.31,-33.91],[97.49,-33.91],[97.56,-33.94],[97.56,-33.97],[97.6,-33.99],[97.67,-33.99],[97.74,-33.97],[97.74,-33.85],[97.78,-33.84],[97.78,-33.8],[97.85,-33.79],[97.96,-33.82],[97.96,-33.87],[97.85,-33.92],[97.85,-33.97],[97.85,-33.99],[97.96,-33.99],[98.03,-34.01],[98.03,-34.09],[97.99,-34.11],[97.92,-34.11],[97.85,-34.13],[97.81,-34.16],[97.81,-34.2],[97.78,-34.2],[97.78,-34.15],[97.67,-34.11],[97.63,-34.11],[97.45,-34.11],[97.31,-34.06],[97.31,-34.03],[97.24,-33.99],[97.13,-34.03],[97.13,-34.06],[97.13,-34.09],[97.09,-34.11],[97.09,-34.08],[97.02,-34.01],[96.95,-33.99],[96.88,-33.99],[96.84,-33.96],[96.84,-33.91],[96.77,-33.92],[96.73,-33.97],[96.73,-34.04],[96.77,-34.09],[96.77,-34.15],[96.77,-34.2],[96.77,-34.23],[96.84,-34.27],[96.95,-34.3],[97.06,-34.27],[97.06,-34.23],[97.09,-34.21],[97.13,-34.21],[97.2,-34.2],[97.27,-34.2],[97.31,-34.21],[97.38,-34.21],[97.45,-34.25],[97.45,-34.27],[97.49,-34.28],[97.6,-34.28],[97.63,-34.3],[97.85,-34.3],[97.96,-34.33],[97.96,-34.37],[98.03,-34.4],[98.39,-34.4],[98.53,-34.37],[98.53,-34.3],[98.68,-34.3],[98.71,-34.33],[98.71,-34.37],[98.82,-34.4],[98.82,-34.37],[98.89,-34.3],[98.89,-34.32],[98.89,-34.35],[99.0,-34.39],[99.07,-34.4],[99.14,-34.4],[99.14,-34.59],[99.07,-34.59],[99.07,-34.61],[99.04,-34.66],[98.86,-34.69],[98.68,-34.69],[98.53,-34.71],[98.21,-34.71],[98.14,-34.69],[97.92,-34.69],[97.85,-34.68],[97.78,-34.68],[97.74,-34.62],[97.63,-34.59],[97.45,-34.59],[97.38,-34.57],[97.31,-34.57],[97.31,-34.54],[97.31,-34.52],[97.2,-34.5],[96.95,-34.5],[96.95,-34.49],[96.84,-34.49],[96.73,-34.44],[96.73,-34.42],[96.7,-34.4],[96.59,-34.4],[96.55,-34.42],[96.55,-34.47],[96.52,-34.47],[96.48,-34.5],[96.41,-34.49],[96.34,-34.45],[96.34,-34.42],[96.3,-34.4],[96.23,-34.42],[96.23,-34.5],[96.23,-34.54],[96.23,-34.59],[96.16,-34.57],[96.05,-34.49],[96.05,-34.47],[96.05,-34.42],[96.12,-34.4],[96.19,-34.4],[96.23,-34.39],[96.23,-34.32],[96.23,-34.3],[96.23,-34.27],[96.23,-34.23],[96.16,-34.2],[96.12,-34.2],[96.05,-34.23],[96.01,-34.27],[96.01,-34.3],[95.98,-34.3],[95.98,-34.27],[95.94,-34.21],[95.87,-34.2],[95.87,-34.21],[95.83,-34.27],[95.83,-34.37],[95.76,-34.4],[95.51,-34.4],[95.33,-34.42],[95.33,-34.45],[95.33,-34.49],[95.26,-34.5],[95.15,-34.5],[95.15,-34.52],[95.15,-34.57],[95.08,-34.59],[94.93,-34.59],[94.86,-34.62],[94.86,-34.78],[94.93,-34.8],[95.04,-34.8],[95.15,-34.83],[95.15,-34.86],[95.22,-34.9],[95.33,-34.9],[95.4,-34.9],[95.62,-34.9],[95.69,-34.92],[95.76,-34.95],[95.76,-34.97],[95.87,-35.0],[96.01,-35.0],[96.05,-35.02],[96.12,-35.02],[96.16,-35.05],[96.16,-35.07],[96.23,-35.09],[96.34,-35.09],[96.41,-35.1],[96.41,-35.09],[96.59,-35.09],[96.59,-35.07],[96.66,-35.05],[96.66,-35.02],[96.7,-35.0],[96.77,-35.0],[96.84,-35.02],[96.84,-35.05],[96.91,-35.09],[97.06,-35.09],[97.09,-35.1],[97.24,-35.1],[97.31,-35.12],[97.38,-35.17],[97.38,-35.21],[97.45,-35.16],[97.45,-35.12],[97.49,-35.1],[97.56,-35.17],[97.63,-35.19],[97.63,-35.16],[97.74,-35.1],[98.35,-35.1],[98.39,-35.12],[98.46,-35.17],[98.46,-35.26],[98.5,-35.29],[98.57,-35.29],[98.64,-35.31],[98.71,-35.31],[98.71,-35.33],[98.71,-35.36],[98.71,-35.38],[98.64,-35.38],[98.57,-35.39],[98.35,-35.39],[98.21,-35.36],[98.21,-35.22],[98.21,-35.21],[98.17,-35.21],[98.17,-35.24],[98.14,-35.26],[98.14,-35.38],[97.99,-35.39],[97.74,-35.39],[97.67,-35.38],[97.6,-35.38],[97.56,-35.38],[97.56,-35.34],[97.49,-35.31],[97.27,-35.31],[97.24,-35.33],[97.27,-35.36],[97.27,-35.38],[97.31,-35.45],[97.42,-35.48],[97.49,-35.5],[97.56,-35.5],[97.63,-35.53],[97.63,-35.55],[97.67,-35.6],[97.81,-35.6],[97.85,-35.62],[97.85,-35.67],[97.92,-35.7],[98.03,-35.7],[98.14,-35.72],[98.14,-35.77],[98.03,-35.81],[97.99,-35.81],[97.96,-35.79],[97.85,-35.79],[97.81,-35.7],[97.78,-35.7],[97.74,-35.77],[97.67,-35.79],[97.67,-35.75],[97.63,-35.72],[97.56,-35.7],[97.45,-35.72],[97.45,-35.77],[97.42,-35.77],[97.38,-35.81],[97.31,-35.81],[97.24,-35.84],[97.24,-35.86],[97.27,-35.86],[97.31,-35.89],[97.38,-35.89],[97.45,-35.94],[97.45,-36.01],[97.49,-36.1],[97.49,-36.13],[97.63,-36.25],[97.67,-36.3],[97.78,-36.39],[97.81,-36.42],[97.81,-36.47],[97.85,-36.49],[97.85,-36.66],[97.92,-36.71],[97.92,-36.73],[97.96,-36.75],[97.96,-36.88],[98.03,-36.9],[98.03,-36.93],[98.03,-36.95],[97.99,-36.99],[97.78,-36.99],[97.78,-36.97],[97.74,-36.97],[97.74,-36.93],[97.67,-36.92],[97.63,-36.92],[97.56,-36.9],[97.31,-36.9],[97.27,-36.88],[97.2,-36.88],[97.13,-36.81],[97.09,-36.81],[96.95,-36.78],[96.95,-36.71],[97.06,-36.66],[97.06,-36.64],[96.95,-36.61],[96.95,-36.58],[96.95,-36.46],[96.88,-36.4],[96.7,-36.4],[96.66,-36.39],[96.55,-36.37],[96.55,-36.34],[96.48,-36.32],[96.41,-36.3],[96.23,-36.3],[96.16,-36.27],[96.16,-36.23],[96.05,-36.2],[95.98,-36.2],[95.87,-36.18],[95.83,-36.16],[95.83,-36.11],[95.8,-36.1],[95.69,-36.1],[95.65,-36.04],[95.62,-36.03],[95.62,-36.01],[95.58,-36.01],[95.51,-36.03],[95.51,-36.06],[95.47,-36.1],[95.47,-36.04],[95.33,-36.01],[95.15,-36.01],[95.04,-35.96],[95.04,-35.86],[95.08,-35.84],[95.08,-35.81],[95.15,-35.79],[95.15,-35.72],[95.04,-35.7],[94.97,-35.72],[94.93,-35.75],[94.93,-35.79],[94.86,-35.77],[94.79,-35.7],[94.79,-35.67],[94.75,-35.62],[94.75,-35.53],[94.72,-35.51],[94.68,-35.51],[94.61,-35.57],[94.61,-35.58],[94.54,-35.55],[94.54,-35.53],[94.5,-35.51],[94.43,-35.43],[94.36,-35.41],[94.36,-35.45],[94.32,-35.46],[94.32,-35.5],[94.25,-35.48],[94.25,-35.43],[94.32,-35.38],[94.32,-35.31],[94.21,-35.22],[94.14,-35.21],[94.03,-35.21],[93.93,-35.19],[93.93,-35.14],[93.89,-35.14],[93.89,-35.1],[93.85,-35.1],[93.85,-35.09],[93.75,-35.07],[93.75,-35.04],[93.71,-35.02],[93.57,-34.92],[93.57,-34.9],[93.57,-34.86],[93.46,-34.81],[93.46,-34.8],[93.39,-34.8],[93.35,-34.78],[93.35,-34.74],[93.28,-34.71],[93.21,-34.71],[93.03,-34.64],[92.85,-34.45],[92.67,-34.4],[92.59,-34.4],[92.56,-34.39],[92.56,-34.33],[92.49,-34.3],[92.38,-34.3],[92.31,-34.28],[92.23,-34.27],[92.23,-34.21],[92.13,-34.2],[92.09,-34.2],[92.05,-34.18],[92.05,-34.13],[91.95,-34.11],[91.91,-34.11],[91.87,-34.09],[91.77,-34.09],[91.73,-34.04],[91.66,-33.96],[91.66,-33.84],[91.59,-33.84],[91.59,-33.8],[91.41,-33.77],[91.41,-33.73],[91.37,-33.68],[91.37,-33.65],[91.33,-33.63],[91.3,-33.63],[91.19,-33.58],[91.15,-33.58],[91.15,-33.51],[91.23,-33.5],[91.23,-33.46],[91.23,-33.43],[91.23,-33.38],[91.23,-33.34],[91.19,-33.31],[91.19,-33.27],[91.15,-33.24],[91.12,-33.24],[91.05,-33.2],[90.97,-33.2],[90.87,-33.17],[90.87,-33.1],[90.94,-33.1],[90.94,-33.03],[90.87,-33.02],[90.83,-33.02],[90.76,-33.0],[90.04,-33.0],[89.89,-32.98],[89.61,-32.98],[89.57,-32.98],[89.5,-32.98],[89.43,-32.93],[89.25,-32.9],[88.99,-32.9],[88.89,-32.86],[88.85,-32.86],[88.85,-32.83],[88.74,-32.81],[88.67,-32.81],[88.56,-32.78],[88.56,-32.74],[88.49,-32.71],[88.38,-32.69],[88.2,-32.69],[88.13,-32.66],[88.13,-32.62],[88.1,-32.61],[87.99,-32.61],[87.84,-32.57],[87.84,-32.55],[87.81,-32.52],[87.81,-32.5],[87.74,-32.43],[87.66,-32.4],[87.59,-32.4],[87.56,-32.37],[87.56,-32.33],[87.48,-32.3],[87.41,-32.3],[87.3,-32.21],[87.27,-32.18],[87.12,-31.99],[87.12,-31.9],[87.12,-31.89],[87.12,-31.84],[87.09,-31.82],[87.09,-31.78],[87.05,-31.75],[86.94,-31.61],[86.94,-31.56],[87.02,-31.51],[87.09,-31.51],[87.12,-31.49],[87.27,-31.44],[87.27,-31.41],[87.3,-31.39]],[[87.3,-32.04],[87.3,-32.01],[87.27,-32.01],[87.27,-32.04],[87.23,-32.04],[87.27,-32.06],[87.27,-32.09],[87.3,-32.09],[87.3,-32.04]],[[87.56,-32.04],[87.56,-32.02],[87.48,-32.01],[87.45,-32.02],[87.45,-32.07],[87.48,-32.09],[87.56,-32.07],[87.56,-32.04]],[[87.74,-32.09],[87.74,-32.01],[87.66,-32.01],[87.66,-32.19],[87.74,-32.19],[87.74,-32.09]],[[87.95,-32.16],[87.95,-32.11],[87.84,-32.09],[87.84,-32.13],[87.84,-32.18],[87.92,-32.19],[87.95,-32.19],[87.95,-32.16]],[[88.35,-32.16],[88.35,-32.13],[88.31,-32.11],[88.2,-32.11],[88.2,-32.09],[88.17,-32.09],[88.02,-32.13],[88.02,-32.18],[88.13,-32.19],[88.2,-32.19],[88.35,-32.16]],[[88.63,-32.16],[88.63,-32.11],[88.53,-32.09],[88.45,-32.13],[88.45,-32.18],[88.53,-32.19],[88.56,-32.19],[88.63,-32.19],[88.63,-32.16]],[[91.66,-32.66],[91.59,-32.61],[91.55,-32.62],[91.55,-32.67],[91.59,-32.69],[91.66,-32.66]],[[94.75,-32.66],[94.75,-32.62],[94.72,-32.61],[94.61,-32.62],[94.61,-32.67],[94.72,-32.69],[94.75,-32.67],[94.75,-32.66]],[[93.57,-32.74],[93.53,-32.74],[93.53,-32.69],[93.46,-32.71],[93.46,-32.79],[93.49,-32.81],[93.53,-32.79],[93.53,-32.76],[93.57,-32.74]],[[91.55,-32.95],[91.55,-32.91],[91.48,-32.9],[91.41,-32.93],[91.41,-32.98],[91.48,-32.98],[91.55,-32.98],[91.55,-32.95]],[[91.23,-33.05],[91.23,-33.0],[91.15,-33.0],[91.15,-33.1],[91.23,-33.1],[91.23,-33.05]],[[91.66,-33.05],[91.59,-33.0],[91.55,-33.02],[91.55,-33.08],[91.59,-33.1],[91.66,-33.05]],[[96.95,-33.75],[96.95,-33.72],[96.91,-33.7],[96.84,-33.72],[96.84,-33.79],[96.88,-33.79],[96.95,-33.79],[96.95,-33.75]],[[96.66,-34.06],[96.66,-33.99],[96.59,-33.96],[96.59,-33.91],[96.55,-33.94],[96.55,-34.18],[96.59,-34.2],[96.59,-34.13],[96.66,-34.11],[96.66,-34.06]],[[96.05,-34.15],[96.05,-34.11],[96.01,-34.11],[95.94,-34.11],[95.94,-34.18],[95.98,-34.2],[96.05,-34.18],[96.05,-34.15]],[[93.13,-34.56],[93.13,-34.5],[93.03,-34.5],[93.03,-34.59],[93.13,-34.59],[93.13,-34.56]],[[97.45,-36.15],[97.42,-36.1],[97.38,-36.1],[97.31,-36.13],[97.31,-36.18],[97.38,-36.2],[97.45,-36.18],[97.45,-36.15]],[[97.56,-36.49],[97.56,-36.47],[97.49,-36.46],[97.49,-36.4],[97.45,-36.42],[97.45,-36.58],[97.49,-36.59],[97.49,-36.56],[97.56,-36.54],[97.56,-36.49]],[[97.24,-36.61],[97.24,-36.51],[97.13,-36.51],[97.13,-36.71],[97.24,-36.68],[97.24,-36.61]],[[97.63,-36.66],[97.63,-36.61],[97.56,-36.61],[97.56,-36.68],[97.63,-36.71],[97.63,-36.66]]]}},{"type":"Feature","properties":{"precip":10},"geometry":{"type":"Polygon","coordinates":[[[91.84,-31.56],[91.87,-31.51],[91.95,-31.53],[91.95,-31.58],[91.91,-31.6],[91.84,-31.56]]]}},{"type":"Feature","properties":{"precip":10},"geometry":{"type":"Polygon","coordinates":[[[37.41,-31.68],[37.49,-31.61],[37.52,-31.6],[37.52,-31.63],[37.56,-31.66],[37.56,-31.73],[37.52,-31.75],[37.52,-31.78],[37.49,-31.8],[37.38,-31.8],[37.34,-31.75],[37.38,-31.73],[37.38,-31.72],[37.41,-31.68]]]}},{"type":"Feature","properties":{"precip":10},"geometry":{"type":"Polygon","coordinates":[[[-2.54,-31.8],[-2.54,-31.72],[-2.47,-31.72],[-2.47,-31.89],[-2.54,-31.89],[-2.54,-31.8]]]}},{"type":"Feature","properties":{"precip":10},"geometry":{"type":"Polygon","coordinates":[[[36.33,-31.75],[36.33,-31.72],[36.41,-31.7],[36.44,-31.72],[36.44,-31.78],[36.37,-31.8],[36.33,-31.75]]]}},{"type":"Feature","properties":{"precip":10},"geometry":{"type":"Polygon","coordinates":[[[92.67,-31.8],[92.67,-31.72],[92.74,-31.7],[92.85,-31.72],[92.85,-31.77],[92.92,-31.8],[92.99,-31.8],[93.03,-31.84],[93.03,-31.87],[93.1,-31.89],[93.13,-31.87],[93.13,-31.85],[93.21,-31.8],[93.21,-31.82],[93.21,-31.87],[93.21,-31.9],[93.13,-31.96],[93.13,-31.97],[93.03,-31.99],[93.03,-31.96],[93.03,-31.9],[92.95,-31.89],[92.85,-31.92],[92.85,-31.96],[92.85,-32.06],[92.81,-32.09],[92.74,-32.06],[92.74,-32.02],[92.67,-32.01],[92.59,-32.01],[92.56,-31.97],[92.56,-31.9],[92.63,-31.89],[92.63,-31.82],[92.67,-31.8]],[[92.85,-31.85],[92.85,-31.82],[92.77,-31.8],[92.74,-31.84],[92.74,-31.87],[92.77,-31.89],[92.85,-31.87],[92.85,-31.85]]]}},{"type":"Feature","properties":{"precip":10},"geometry":{"type":"Polygon","coordinates":[[[-13.27,-31.85],[-13.23,-31.8],[-13.16,-31.82],[-13.16,-31.89],[-13.23,-31.89],[-13.27,-31.85]]]}},{"type":"Feature","properties":{"precip":10},"geometry":{"type":"Polygon","coordinates":[[[-12.87,-31.85],[-12.83,-31.84],[-12.83,-31.8],[-12.76,-31.82],[-12.76,-31.89],[-12.83,-31.89],[-12.83,-31.87],[-12.87,-31.85]]]}},{"type":"Feature","properties":{"precip":10},"geometry":{"type":"Polygon","coordinates":[[[92.31,-31.89],[92.31,-31.85],[92.38,-31.84],[92.38,-31.8],[92.41,-31.8],[92.45,-31.84],[92.45,-31.97],[92.38,-32.01],[92.38,-31.97],[92.31,-31.96],[92.31,-31.89]]]}},{"type":"Feature","properties":{"precip":10},"geometry":{"type":"Polygon","coordinates":[[[-2.94,-32.04],[-2.94,-32.02],[-2.9,-32.01],[-2.79,-32.01],[-2.76,-32.02],[-2.76,-32.07],[-2.79,-32.09],[-2.9,-32.09],[-2.94,-32.07],[-2.94,-32.04]]]}},{"type":"Feature","properties":{"precip":10},"geometry":{"type":"Polygon","coordinates":[[[-10.06,-32.4],[-10.06,-32.33],[-9.99,-32.31],[-9.88,-32.4],[-9.88,-32.43],[-9.85,-32.45],[-9.88,-32.5],[-9.99,-32.5],[-10.06,-32.45],[-10.06,-32.4]]]}},{"type":"Feature","properties":{"precip":10},"geometry":{"type":"Polygon","coordinates":[[[-5.96,-32.35],[-5.96,-32.33],[-5.92,-32.3],[-5.85,-32.31],[-5.85,-32.38],[-5.92,-32.38],[-5.96,-32.35]]]}},{"type":"Feature","properties":{"precip":10},"geometry":{"type":"Polygon","coordinates":[[[-5.67,-32.5],[-5.63,-32.45],[-5.63,-32.33],[-5.6,-32.3],[-5.53,-32.3],[-5.45,-32.35],[-5.45,-32.42],[-5.42,-32.47],[-5.42,-32.5],[-5.35,-32.55],[-5.27,-32.59],[-5.13,-32.61],[-5.06,-32.64],[-5.06,-32.74],[-4.99,-32.79],[-4.91,-32.81],[-4.73,-32.81],[-4.66,-32.83],[-4.66,-32.91],[-4.63,-32.93],[-4.63,-32.98],[-4.52,-33.08],[-4.48,-33.1],[-4.41,-33.1],[-4.34,-33.05],[-4.34,-33.0],[-4.23,-33.0],[-4.16,-33.03],[-4.12,-33.07],[-4.12,-33.1],[-4.09,-33.1],[-4.09,-33.07],[-4.05,-33.05],[-4.05,-33.02],[-3.98,-33.02],[-3.91,-33.08],[-3.87,-33.14],[-3.87,-33.19],[-3.94,-33.17],[-3.94,-33.15],[-4.01,-33.1],[-4.01,-33.14],[-4.05,-33.14],[-4.05,-33.17],[-4.09,-33.17],[-4.16,-33.2],[-4.23,-33.2],[-4.23,-33.26],[-4.27,-33.29],[-4.27,-33.32],[-4.23,-33.34],[-4.23,-33.38],[-4.19,-33.39],[-4.01,-33.39],[-3.94,-33.36],[-3.94,-33.32],[-3.87,-33.31],[-3.87,-33.34],[-3.8,-33.39],[-3.73,-33.39],[-3.65,-33.41],[-3.58,-33.44],[-3.47,-33.53],[-3.47,-33.58],[-3.44,-33.63],[-3.44,-33.67],[-3.26,-33.75],[-3.26,-33.77],[-3.15,-33.85],[-3.12,-33.91],[-2.97,-33.99],[-2.9,-33.99],[-2.83,-33.94],[-2.83,-33.91],[-2.76,-33.92],[-2.76,-33.97],[-2.79,-33.97],[-2.83,-34.01],[-2.83,-34.04],[-2.86,-34.08],[-2.86,-34.11],[-2.79,-34.2],[-2.72,-34.2],[-2.65,-34.23],[-2.65,-34.27],[-2.58,-34.28],[-2.58,-34.3],[-2.5,-34.3],[-2.47,-34.33],[-2.47,-34.49],[-2.43,-34.52],[-2.43,-34.57],[-2.4,-34.59],[-2.29,-34.59],[-2.18,-34.64],[-2.11,-34.71],[-2.04,-34.74],[-1.96,-34.85],[-1.82,-34.97],[-1.75,-35.0],[-1.68,-35.02],[-1.64,-35.05],[-1.64,-35.07],[-1.6,-35.09],[-1.57,-35.07],[-1.57,-35.04],[-1.53,-35.0],[-1.5,-35.0],[-1.46,-35.05],[-1.46,-35.34],[-1.42,-35.36],[-1.42,-35.38],[-1.39,-35.39],[-1.32,-35.39],[-1.24,-35.43],[-1.24,-35.46],[-1.21,-35.5],[-1.14,-35.41],[-1.1,-35.39],[-1.06,-35.43],[-1.06,-35.7],[-1.03,-35.77],[-0.96,-35.81],[-0.74,-35.81],[-0.67,-35.82],[-0.67,-36.03],[-0.63,-36.08],[-0.63,-36.18],[-0.56,-36.18],[-0.56,-36.13],[-0.52,-36.1],[-0.49,-36.1],[-0.45,-36.13],[-0.45,-36.27],[-0.38,-36.3],[-0.38,-36.25],[-0.34,-36.23],[-0.34,-36.11],[-0.31,-36.1],[-0.27,-36.11],[-0.27,-36.18],[-0.24,-36.2],[-0.27,-36.22],[-0.27,-36.3],[-0.34,-36.32],[-0.34,-36.47],[-0.27,-36.49],[-0.16,-36.51],[-0.06,-36.54],[0.05,-36.64],[0.05,-36.66],[-0.02,-36.71],[-0.02,-36.73],[-0.06,-36.75],[-0.06,-36.85],[0.02,-36.9],[0.16,-36.9],[0.23,-36.95],[0.23,-37.07],[0.16,-37.14],[0.09,-37.19],[0.05,-37.24],[0.05,-37.29],[0.12,-37.29],[0.27,-37.29],[0.34,-37.33],[0.34,-37.45],[0.38,-37.47],[0.38,-37.5],[0.41,-37.5],[0.45,-37.53],[0.45,-37.67],[0.48,-37.67],[0.56,-37.7],[0.7,-37.7],[0.74,-37.74],[0.74,-37.81],[0.77,-37.82],[0.77,-37.88],[0.81,-37.89],[0.81,-37.93],[0.84,-37.93],[0.92,-38.0],[0.92,-38.05],[0.95,-38.06],[0.95,-38.12],[0.99,-38.18],[1.06,-38.27],[1.13,-38.32],[1.17,-38.37],[1.24,-38.39],[1.31,-38.41],[1.35,-38.44],[1.35,-38.56],[1.38,-38.56],[1.42,-38.59],[1.49,-38.59],[1.53,-38.63],[1.53,-38.68],[1.56,-38.71],[1.53,-38.73],[1.53,-38.78],[1.46,-38.82],[1.46,-38.99],[1.53,-39.01],[1.53,-38.95],[1.56,-38.95],[1.56,-38.9],[1.67,-38.9],[1.74,-38.94],[1.82,-39.01],[1.82,-39.04],[1.85,-39.04],[1.85,-39.07],[1.82,-39.09],[1.74,-39.09],[1.67,-39.12],[1.67,-39.16],[1.64,-39.19],[1.64,-39.23],[1.67,-39.26],[1.67,-39.3],[1.74,-39.35],[1.71,-39.36],[1.64,-39.47],[1.64,-39.52],[1.71,-39.62],[1.78,-39.67],[1.85,-39.69],[1.96,-39.69],[2.03,-39.72],[2.03,-39.79],[1.96,-39.83],[1.96,-39.98],[2.03,-40.0],[2.07,-40.0],[2.14,-39.98],[2.18,-39.95],[2.18,-39.91],[2.21,-39.91],[2.25,-39.96],[2.32,-40.0],[2.32,-40.03],[2.36,-40.07],[2.43,-40.1],[2.46,-40.1],[2.54,-40.07],[2.57,-40.03],[2.57,-40.0],[2.64,-39.96],[2.68,-39.91],[2.72,-39.91],[2.72,-39.95],[2.75,-39.95],[2.75,-39.98],[2.79,-39.98],[2.82,-40.0],[2.9,-40.0],[2.93,-40.01],[2.93,-40.1],[2.86,-40.1],[2.86,-40.25],[2.9,-40.31],[2.97,-40.36],[2.97,-40.37],[3.04,-40.39],[3.04,-40.22],[3.08,-40.2],[3.15,-40.22],[3.15,-40.25],[3.22,-40.32],[3.22,-40.37],[3.26,-40.43],[3.26,-40.58],[3.33,-40.61],[3.33,-40.65],[3.36,-40.68],[3.36,-40.8],[3.44,-40.78],[3.44,-40.63],[3.47,-40.61],[3.51,-40.61],[3.58,-40.67],[3.62,-40.72],[3.62,-40.75],[3.65,-40.8],[3.65,-40.85],[3.62,-40.89],[3.51,-40.9],[3.44,-40.94],[3.44,-40.99],[3.36,-40.99],[3.36,-40.89],[3.33,-40.85],[3.33,-40.8],[3.26,-40.82],[3.26,-40.85],[3.18,-40.92],[3.18,-40.96],[3.15,-40.99],[3.15,-41.08],[3.04,-41.11],[3.04,-41.16],[3.08,-41.16],[3.11,-41.2],[3.22,-41.2],[3.33,-41.23],[3.33,-41.26],[3.36,-41.3],[3.36,-41.3],[2.49,-41.3],[2.5,-41.28],[2.64,-41.16],[2.64,-41.11],[2.61,-41.11],[2.5,-41.11],[2.43,-41.13],[2.43,-41.2],[2.36,-41.16],[2.36,-41.13],[2.32,-41.11],[2.28,-41.11],[2.25,-41.13],[2.25,-41.26],[2.18,-41.3],[2.18,-41.26],[2.14,-41.26],[2.14,-41.14],[2.18,-41.13],[2.18,-41.11],[2.25,-41.08],[2.25,-40.94],[2.28,-40.92],[2.28,-40.89],[2.32,-40.89],[2.32,-40.82],[2.25,-40.73],[2.21,-40.72],[2.14,-40.73],[2.14,-40.78],[2.07,-40.8],[2.07,-40.77],[2.03,-40.72],[2.0,-40.7],[1.96,-40.72],[1.96,-40.84],[1.92,-40.85],[1.92,-40.9],[1.85,-40.89],[1.85,-40.75],[1.82,-40.73],[1.82,-40.7],[1.78,-40.67],[1.74,-40.67],[1.74,-40.63],[1.82,-40.61],[1.85,-40.63],[1.85,-40.68],[1.92,-40.68],[1.92,-40.67],[2.03,-40.56],[2.03,-40.41],[1.96,-40.37],[1.96,-40.27],[1.92,-40.24],[1.92,-40.2],[1.85,-40.17],[1.85,-39.96],[1.82,-39.9],[1.82,-39.84],[1.78,-39.79],[1.71,-39.72],[1.64,-39.69],[1.56,-39.67],[1.56,-39.62],[1.53,-39.59],[1.53,-39.54],[1.49,-39.52],[1.49,-39.48],[1.42,-39.42],[1.35,-39.4],[1.24,-39.36],[1.2,-39.33],[1.2,-39.3],[1.17,-39.24],[1.17,-39.21],[1.13,-39.19],[1.13,-39.12],[1.06,-39.09],[0.99,-39.09],[0.95,-39.06],[0.95,-38.94],[0.88,-38.89],[0.84,-38.89],[0.84,-38.77],[0.77,-38.71],[0.7,-38.7],[0.66,-38.73],[0.63,-38.78],[0.56,-38.77],[0.52,-38.73],[0.48,-38.71],[0.48,-38.66],[0.45,-38.63],[0.52,-38.59],[0.52,-38.56],[0.56,-38.54],[0.56,-38.51],[0.52,-38.47],[0.52,-38.42],[0.45,-38.35],[0.45,-38.34],[0.38,-38.3],[0.38,-38.34],[0.34,-38.37],[0.27,-38.41],[0.2,-38.41],[0.12,-38.34],[0.12,-38.3],[0.09,-38.3],[0.02,-38.37],[0.02,-38.41],[-0.02,-38.41],[-0.02,-38.37],[-0.06,-38.32],[-0.13,-38.3],[-0.13,-38.35],[-0.16,-38.41],[-0.16,-38.51],[-0.13,-38.54],[-0.13,-38.59],[-0.09,-38.59],[-0.06,-38.63],[-0.06,-38.77],[-0.02,-38.78],[0.05,-38.78],[0.05,-38.71],[0.12,-38.71],[0.12,-38.73],[0.16,-38.75],[0.16,-38.89],[0.3,-38.9],[0.34,-38.92],[0.34,-38.99],[0.27,-39.01],[0.27,-39.04],[0.23,-39.06],[0.38,-39.11],[0.45,-39.11],[0.45,-39.14],[0.41,-39.18],[0.41,-39.19],[0.34,-39.26],[0.27,-39.3],[0.2,-39.3],[0.16,-39.28],[0.16,-39.24],[0.09,-39.21],[0.09,-39.18],[0.05,-39.16],[0.05,-39.12],[0.12,-39.09],[0.16,-39.04],[0.09,-39.01],[0.02,-39.01],[-0.02,-38.97],[-0.06,-38.97],[-0.06,-38.92],[-0.09,-38.9],[-0.16,-38.9],[-0.2,-38.89],[-0.31,-38.89],[-0.34,-38.89],[-0.34,-38.68],[-0.38,-38.65],[-0.38,-38.61],[-0.45,-38.59],[-0.52,-38.63],[-0.56,-38.66],[-0.56,-38.77],[-0.52,-38.8],[-0.45,-38.83],[-0.45,-38.89],[-0.52,-38.89],[-0.52,-38.87],[-0.56,-38.83],[-0.63,-38.8],[-0.7,-38.8],[-0.74,-38.78],[-0.74,-38.71],[-0.67,-38.7],[-0.67,-38.61],[-0.7,-38.59],[-0.78,-38.59],[-0.85,-38.58],[-0.85,-38.53],[-0.81,-38.51],[-0.74,-38.51],[-0.74,-38.49],[-0.67,-38.47],[-0.63,-38.44],[-0.63,-38.41],[-0.6,-38.41],[-0.56,-38.44],[-0.49,-38.49],[-0.49,-38.46],[-0.45,-38.42],[-0.38,-38.41],[-0.31,-38.41],[-0.27,-38.37],[-0.27,-38.32],[-0.24,-38.3],[-0.24,-38.24],[-0.16,-38.2],[0.05,-38.2],[0.12,-38.17],[0.16,-38.17],[0.16,-38.13],[0.05,-38.1],[-0.09,-38.1],[-0.13,-38.08],[-0.2,-38.08],[-0.27,-38.03],[-0.31,-38.01],[-0.38,-38.08],[-0.45,-38.1],[-0.52,-38.08],[-0.56,-38.03],[-0.63,-37.96],[-0.63,-37.91],[-0.67,-37.82],[-0.67,-37.72],[-0.74,-37.7],[-0.74,-37.74],[-0.78,-37.77],[-0.88,-37.74],[-0.96,-37.64],[-1.03,-37.58],[-1.03,-37.52],[-1.06,-37.47],[-1.06,-37.43],[-1.17,-37.4],[-1.28,-37.4],[-1.35,-37.36],[-1.35,-37.33],[-1.39,-37.29],[-1.5,-37.29],[-1.53,-37.29],[-1.53,-37.24],[-1.57,-37.24],[-1.57,-37.12],[-1.6,-37.11],[-1.68,-37.11],[-1.75,-37.09],[-1.75,-37.02],[-1.78,-37.0],[-1.86,-37.0],[-1.89,-36.99],[-1.93,-37.0],[-2.0,-37.0],[-2.04,-37.02],[-2.04,-37.05],[-2.07,-37.05],[-2.07,-37.09],[-2.11,-37.11],[-2.18,-37.11],[-2.25,-37.12],[-2.25,-37.17],[-2.22,-37.19],[-2.14,-37.19],[-2.07,-37.24],[-2.07,-37.31],[-2.04,-37.35],[-2.04,-37.48],[-2.0,-37.5],[-1.96,-37.48],[-1.96,-37.43],[-1.93,-37.43],[-1.93,-37.4],[-1.89,-37.4],[-1.86,-37.43],[-1.86,-37.57],[-1.82,-37.58],[-1.75,-37.58],[-1.75,-37.5],[-1.68,-37.5],[-1.68,-37.57],[-1.64,-37.6],[-1.64,-37.77],[-1.57,-37.79],[-1.57,-37.74],[-1.53,-37.74],[-1.53,-37.7],[-1.46,-37.72],[-1.46,-37.82],[-1.42,-37.84],[-1.42,-37.88],[-1.39,-37.89],[-1.39,-37.93],[-1.35,-37.93],[-1.35,-37.96],[-1.28,-38.01],[-1.28,-38.08],[-1.32,-38.1],[-1.32,-38.2],[-1.24,-38.27],[-1.17,-38.32],[-1.1,-38.39],[-1.06,-38.39],[-1.06,-38.22],[-1.14,-38.2],[-1.14,-38.12],[-1.06,-38.1],[-0.85,-38.1],[-0.74,-38.13],[-0.74,-38.17],[-0.78,-38.17],[-0.81,-38.2],[-0.88,-38.2],[-0.96,-38.24],[-0.96,-38.27],[-0.88,-38.32],[-0.88,-38.41],[-0.92,-38.41],[-1.03,-38.51],[-1.03,-38.58],[-0.96,-38.63],[-0.96,-38.68],[-1.03,-38.7],[-1.03,-38.66],[-1.1,-38.59],[-1.21,-38.59],[-1.32,-38.68],[-1.39,-38.65],[-1.39,-38.59],[-1.46,-38.53],[-1.46,-38.42],[-1.5,-38.41],[-1.53,-38.41],[-1.57,-38.42],[-1.57,-38.47],[-1.64,-38.46],[-1.64,-38.44],[-1.75,-38.35],[-1.82,-38.27],[-1.93,-38.24],[-1.96,-38.25],[-1.96,-38.29],[-2.04,-38.29],[-2.04,-38.24],[-2.07,-38.18],[-2.07,-38.13],[-2.14,-38.08],[-2.22,-37.98],[-2.32,-37.91],[-2.36,-37.91],[-2.43,-37.88],[-2.43,-37.86],[-2.65,-37.67],[-2.65,-37.65],[-2.72,-37.62],[-2.76,-37.64],[-2.76,-37.69],[-2.79,-37.7],[-2.86,-37.65],[-2.86,-37.53],[-2.97,-37.45],[-3.12,-37.4],[-3.22,-37.4],[-3.22,-37.36],[-3.26,-37.35],[-3.26,-37.24],[-3.4,-37.19],[-3.55,-37.19],[-3.62,-37.16],[-3.65,-37.16],[-3.65,-37.12],[-3.73,-37.11],[-3.8,-37.11],[-3.83,-37.09],[-3.83,-37.05],[-3.87,-37.04],[-3.87,-37.0],[-3.94,-37.0],[-3.94,-36.99],[-4.05,-37.02],[-4.05,-37.09],[-3.98,-37.12],[-3.94,-37.16],[-4.01,-37.17],[-4.09,-37.12],[-4.12,-37.05],[-4.19,-37.02],[-4.23,-37.02],[-4.3,-37.09],[-4.37,-37.16],[-4.45,-37.19],[-4.52,-37.19],[-4.55,-37.14],[-4.55,-37.02],[-4.52,-37.02],[-4.52,-36.99],[-4.45,-36.97],[-4.45,-36.93],[-4.52,-36.9],[-4.59,-36.9],[-4.63,-36.87],[-4.66,-36.87],[-4.66,-36.83],[-4.7,-36.81],[-4.73,-36.81],[-4.73,-36.87],[-4.81,-36.9],[-4.84,-36.88],[-4.84,-36.76],[-4.88,-36.75],[-4.88,-36.71],[-4.91,-36.71],[-4.91,-36.66],[-4.95,-36.66],[-4.95,-36.46],[-4.99,-36.4],[-5.06,-36.42],[-5.06,-36.49],[-5.13,-36.49],[-5.13,-36.47],[-5.2,-36.4],[-5.24,-36.39],[-5.24,-36.32],[-5.17,-36.28],[-5.17,-36.22],[-5.24,-36.18],[-5.24,-36.08],[-5.27,-36.06],[-5.27,-36.01],[-5.35,-36.01],[-5.35,-36.08],[-5.38,-36.1],[-5.45,-36.06],[-5.45,-35.93],[-5.53,-35.86],[-5.56,-35.86],[-5.49,-35.81],[-5.49,-35.72],[-5.53,-35.7],[-5.6,-35.6],[-5.67,-35.53],[-5.71,-35.5],[-5.81,-35.38],[-5.81,-35.31],[-5.78,-35.29],[-5.78,-35.22],[-5.74,-35.21],[-5.74,-35.02],[-5.67,-34.97],[-5.67,-34.92],[-5.74,-34.9],[-5.74,-34.76],[-5.78,-34.74],[-5.78,-34.71],[-5.81,-34.68],[-5.85,-34.68],[-5.85,-34.61],[-5.78,-34.59],[-5.78,-34.64],[-5.67,-34.69],[-5.6,-34.69],[-5.56,-34.71],[-5.42,-34.71],[-5.38,-34.69],[-5.31,-34.69],[-5.24,-34.62],[-5.24,-34.5],[-5.17,-34.5],[-5.17,-34.69],[-5.13,-34.74],[-5.13,-34.76],[-5.09,-34.8],[-4.95,-34.8],[-4.84,-34.74],[-4.84,-34.73],[-4.95,-34.68],[-4.95,-34.61],[-4.88,-34.59],[-4.88,-34.64],[-4.81,-34.69],[-4.73,-34.71],[-4.66,-34.66],[-4.66,-34.57],[-4.73,-34.45],[-4.84,-34.42],[-4.91,-34.4],[-4.95,-34.42],[-4.95,-34.45],[-5.02,-34.49],[-5.06,-34.44],[-5.02,-34.42],[-5.02,-34.4],[-4.95,-34.37],[-4.99,-34.33],[-4.99,-34.3],[-5.02,-34.27],[-5.17,-34.2],[-5.24,-34.18],[-5.27,-34.15],[-5.27,-34.11],[-5.31,-34.11],[-5.35,-34.13],[-5.35,-34.16],[-5.42,-34.2],[-5.45,-34.18],[-5.45,-34.11],[-5.38,-34.11],[-5.35,-34.06],[-5.35,-34.03],[-5.42,-33.99],[-5.49,-33.99],[-5.6,-33.92],[-5.67,-33.8],[-5.74,-33.73],[-5.67,-33.7],[-5.67,-33.62],[-5.74,-33.6],[-5.81,-33.6],[-5.85,-33.58],[-5.85,-33.51],[-5.78,-33.5],[-5.78,-33.44],[-5.74,-33.41],[-5.74,-33.22],[-5.67,-33.17],[-5.67,-33.12],[-5.78,-33.02],[-5.81,-33.0],[-5.89,-33.0],[-5.92,-32.98],[-5.96,-32.98],[-5.96,-32.93],[-6.03,-32.9],[-6.1,-32.9],[-6.14,-32.88],[-6.14,-32.73],[-6.07,-32.69],[-5.99,-32.67],[-5.92,-32.64],[-5.89,-32.61],[-5.89,-32.55],[-5.81,-32.5],[-5.78,-32.5],[-5.78,-32.52],[-5.74,-32.54],[-5.74,-32.67],[-5.71,-32.69],[-5.67,-32.67],[-5.67,-32.5]],[[-5.24,-32.74],[-5.27,-32.73],[-5.27,-32.69],[-5.35,-32.71],[-5.35,-32.79],[-5.31,-32.81],[-5.24,-32.74]],[[-5.56,-32.84],[-5.56,-32.81],[-5.63,-32.81],[-5.63,-32.83],[-5.67,-32.84],[-5.63,-32.86],[-5.63,-32.9],[-5.56,-32.9],[-5.56,-32.84]],[[-4.84,-33.05],[-4.91,-33.0],[-5.02,-33.0],[-5.06,-33.03],[-5.06,-33.07],[-5.02,-33.1],[-4.91,-33.1],[-4.84,-33.05]],[[-5.56,-33.34],[-5.56,-33.31],[-5.63,-33.31],[-5.63,-33.39],[-5.56,-33.39],[-5.56,-33.34]],[[-5.24,-33.39],[-5.27,-33.36],[-5.27,-33.31],[-5.31,-33.31],[-5.42,-33.31],[-5.45,-33.31],[-5.45,-33.34],[-5.42,-33.36],[-5.42,-33.39],[-5.31,-33.48],[-5.27,-33.5],[-5.27,-33.46],[-5.24,-33.44],[-5.24,-33.39]],[[-3.55,-33.55],[-3.55,-33.51],[-3.58,-33.5],[-3.65,-33.51],[-3.65,-33.58],[-3.58,-33.6],[-3.55,-33.58],[-3.55,-33.55]],[[-5.35,-33.75],[-5.35,-33.72],[-5.38,-33.7],[-5.45,-33.72],[-5.45,-33.79],[-5.38,-33.79],[-5.35,-33.79],[-5.35,-33.75]],[[-5.56,-35.36],[-5.56,-35.33],[-5.67,-35.29],[-5.74,-35.33],[-5.74,-35.38],[-5.71,-35.39],[-5.6,-35.39],[-5.56,-35.38],[-5.56,-35.36]],[[-2.36,-36.71],[-2.36,-36.64],[-2.4,-36.61],[-2.58,-36.61],[-2.65,-36.64],[-2.65,-36.68],[-2.58,-36.71],[-2.5,-36.71],[-2.47,-36.71],[-2.47,-36.76],[-2.43,-36.8],[-2.36,-36.78],[-2.36,-36.71]],[[-2.11,-36.78],[-2.18,-36.71],[-2.22,-36.71],[-2.25,-36.71],[-2.25,-36.81],[-2.29,-36.85],[-2.29,-36.9],[-2.32,-36.92],[-2.4,-36.97],[-2.43,-37.02],[-2.43,-37.05],[-2.47,-37.11],[-2.47,-37.17],[-2.4,-37.19],[-2.32,-37.12],[-2.25,-37.05],[-2.25,-37.04],[-2.14,-36.99],[-2.07,-36.97],[-2.07,-36.85],[-2.11,-36.81],[-2.11,-36.78]],[[1.06,-38.41],[1.06,-38.37],[1.02,-38.34],[1.02,-38.3],[0.95,-38.32],[0.95,-38.47],[1.02,-38.49],[1.02,-38.46],[1.06,-38.44],[1.06,-38.41]],[[0.23,-39.16],[0.23,-39.11],[0.2,-39.09],[0.16,-39.11],[0.16,-39.19],[0.23,-39.19],[0.23,-39.16]],[[2.86,-40.34],[2.79,-40.31],[2.72,-40.31],[2.64,-40.32],[2.64,-40.37],[2.68,-40.39],[2.82,-40.39],[2.86,-40.34]],[[3.26,-40.75],[3.22,-40.72],[3.15,-40.72],[3.11,-40.7],[2.97,-40.7],[2.86,-40.73],[2.86,-40.77],[2.93,-40.8],[3.15,-40.8],[3.26,-40.75]]]}},{"type":"Feature","properties":{"precip":10},"geometry":{"type":"Polygon","coordinates":[[[91.23,-32.35],[91.23,-32.31],[91.3,-32.3],[91.33,-32.31],[91.33,-32.4],[91.23,-32.4],[91.23,-32.35]]]}},{"type":"Feature","properties":{"precip":10},"geometry":{"type":"Polygon","coordinates":[[[97.45,-32.35],[97.45,-32.31],[97.49,-32.31],[97.56,-32.35],[97.56,-32.38],[97.49,-32.42],[97.49,-32.47],[97.49,-32.5],[97.49,-32.52],[97.45,-32.55],[97.38,-32.59],[97.27,-32.5],[97.27,-32.45],[97.24,-32.43],[97.27,-32.4],[97.38,-32.4],[97.45,-32.35]]]}},{"type":"Feature","properties":{"precip":10},"geometry":{"type":"Polygon","coordinates":[[[-9.74,-32.49],[-9.74,-32.42],[-9.7,-32.4],[-9.63,-32.4],[-9.56,-32.43],[-9.49,-32.52],[-9.49,-32.54],[-9.45,-32.59],[-9.45,-32.66],[-9.49,-32.69],[-9.56,-32.69],[-9.59,-32.67],[-9.74,-32.55],[-9.74,-32.49]]]}},{"type":"Feature","properties":{"precip":10},"geometry":{"type":"Polygon","coordinates":[[[-4.45,-32.45],[-4.45,-32.4],[-4.37,-32.4],[-4.37,-32.43],[-4.34,-32.43],[-4.34,-32.47],[-4.37,-32.47],[-4.37,-32.5],[-4.45,-32.5],[-4.45,-32.45]]]}},{"type":"Feature","properties":{"precip":10},"geometry":{"type":"Polygon","coordinates":[[[-9.34,-32.54],[-9.34,-32.52],[-9.31,-32.5],[-9.27,-32.52],[-9.27,-32.59],[-9.34,-32.59],[-9.34,-32.54]]]}},{"type":"Feature","properties":{"precip":10},"geometry":{"type":"Polygon","coordinates":[[[-9.05,-32.54],[-9.05,-32.52],[-8.98,-32.5],[-8.95,-32.52],[-8.95,-32.57],[-9.02,-32.61],[-9.05,-32.59],[-9.05,-32.54]]]}},{"type":"Feature","properties":{"precip":10},"geometry":{"type":"Polygon","coordinates":[[[-4.95,-32.54],[-4.95,-32.52],[-4.88,-32.5],[-4.88,-32.52],[-4.84,-32.52],[-4.84,-32.57],[-4.88,-32.57],[-4.88,-32.61],[-4.95,-32.59],[-4.95,-32.54]]]}},{"type":"Feature","properties":{"precip":10},"geometry":{"type":"Polygon","coordinates":[[[35.65,-32.66],[35.65,-32.62],[35.72,-32.61],[35.76,-32.64],[35.76,-32.67],[35.72,-32.69],[35.65,-32.67],[35.65,-32.66]]]}},{"type":"Feature","properties":{"precip":10},"geometry":{"type":"Polygon","coordinates":[[[36.84,-32.84],[36.84,-32.71],[36.87,-32.67],[36.87,-32.61],[36.91,-32.61],[36.95,-32.66],[36.95,-32.84],[36.98,-32.86],[36.98,-32.9],[37.02,-32.9],[37.02,-32.95],[37.05,-32.96],[37.05,-33.17],[37.13,-33.2],[37.13,-33.27],[37.16,-33.29],[37.16,-33.31],[37.13,-33.34],[37.13,-33.39],[37.09,-33.39],[37.05,-33.43],[37.05,-33.55],[37.02,-33.56],[37.02,-33.6],[36.87,-33.6],[36.87,-33.56],[36.84,-33.55],[36.84,-33.43],[36.77,-33.41],[36.77,-33.46],[36.73,-33.48],[36.73,-33.6],[36.69,-33.6],[36.66,-33.63],[36.66,-33.96],[36.69,-33.97],[36.69,-34.01],[36.73,-34.01],[36.73,-34.13],[36.77,-34.16],[36.77,-34.27],[36.8,-34.28],[36.84,-34.35],[36.91,-34.42],[36.95,-34.42],[36.95,-34.47],[36.87,-34.5],[36.84,-34.54],[36.84,-34.57],[36.8,-34.59],[36.8,-34.61],[36.77,-34.62],[36.77,-34.71],[36.73,-34.73],[36.73,-34.8],[36.66,-34.81],[36.66,-34.93],[36.59,-35.0],[36.51,-35.0],[36.44,-34.93],[36.44,-34.85],[36.41,-34.81],[36.33,-34.8],[36.26,-34.83],[36.23,-34.88],[36.12,-34.97],[36.12,-35.0],[36.05,-34.98],[36.05,-34.83],[36.01,-34.8],[35.98,-34.8],[35.98,-34.74],[35.94,-34.71],[35.94,-34.49],[35.98,-34.45],[35.98,-34.4],[36.05,-34.39],[36.05,-34.27],[36.08,-34.25],[36.08,-34.2],[36.15,-34.13],[36.26,-34.11],[36.33,-34.11],[36.41,-34.09],[36.44,-34.06],[36.44,-33.94],[36.37,-33.85],[36.33,-33.82],[36.26,-33.8],[36.26,-33.85],[36.23,-33.85],[36.23,-33.89],[36.19,-33.91],[36.12,-33.91],[36.05,-33.94],[36.05,-34.04],[36.01,-34.06],[36.01,-34.11],[35.9,-34.2],[35.83,-34.15],[35.83,-34.11],[35.76,-34.11],[35.76,-34.16],[35.72,-34.2],[35.65,-34.16],[35.65,-34.04],[35.62,-34.03],[35.62,-33.99],[35.54,-33.97],[35.54,-33.94],[35.58,-33.91],[35.69,-33.91],[35.76,-33.94],[35.76,-33.99],[35.83,-33.97],[35.83,-33.82],[35.87,-33.75],[35.87,-33.68],[35.9,-33.63],[35.9,-33.58],[35.94,-33.55],[36.05,-33.5],[36.19,-33.5],[36.23,-33.48],[36.23,-33.46],[36.26,-33.43],[36.26,-33.38],[36.23,-33.36],[36.23,-33.31],[36.19,-33.31],[36.15,-33.31],[36.15,-33.38],[36.12,-33.39],[36.05,-33.38],[36.05,-33.27],[36.08,-33.22],[36.08,-33.19],[36.15,-33.15],[36.15,-33.14],[36.08,-33.12],[36.08,-33.05],[36.05,-33.03],[36.05,-32.84],[36.12,-32.81],[36.23,-32.81],[36.37,-32.86],[36.41,-32.91],[36.48,-32.98],[36.55,-33.1],[36.55,-33.24],[36.62,-33.31],[36.62,-33.34],[36.69,-33.39],[36.73,-33.39],[36.73,-33.22],[36.77,-33.19],[36.77,-33.12],[36.84,-33.05],[36.84,-32.84]]]}},{"type":"Feature","properties":{"precip":10},"geometry":{"type":"Polygon","coordinates":[[[92.56,-32.66],[92.56,-32.61],[92.63,-32.61],[92.63,-32.64],[92.67,-32.66],[92.63,-32.67],[92.63,-32.69],[92.56,-32.69],[92.56,-32.66]]]}},{"type":"Feature","properties":{"precip":10},"geometry":{"type":"Polygon","coordinates":[[[-9.27,-32.81],[-9.23,-32.78],[-9.23,-32.73],[-9.16,-32.69],[-9.09,-32.71],[-9.05,-32.74],[-9.05,-32.86],[-9.13,-32.9],[-9.2,-32.9],[-9.23,-32.88],[-9.23,-32.83],[-9.27,-32.81]]]}},{"type":"Feature","properties":{"precip":10},"geometry":{"type":"Polygon","coordinates":[[[-8.95,-32.9],[-8.95,-32.83],[-8.91,-32.81],[-8.69,-32.81],[-8.66,-32.83],[-8.66,-32.86],[-8.8,-32.98],[-8.91,-32.98],[-8.95,-32.98],[-8.95,-32.9]]]}},{"type":"Feature","properties":{"precip":10},"geometry":{"type":"Polygon","coordinates":[[[-4.55,-32.84],[-4.55,-32.83],[-4.52,-32.81],[-4.45,-32.83],[-4.45,-32.88],[-4.48,-32.9],[-4.55,-32.88],[-4.55,-32.84]]]}},{"type":"Feature","properties":{"precip":10},"geometry":{"type":"Polygon","coordinates":[[[35.76,-33.2],[35.76,-33.03],[35.8,-33.0],[35.83,-33.0],[35.83,-33.12],[35.87,-33.14],[35.87,-33.19],[35.9,-33.19],[35.94,-33.22],[35.94,-33.29],[35.83,-33.36],[35.83,-33.38],[35.76,-33.39],[35.76,-33.2]]]}},{"type":"Feature","properties":{"precip":10},"geometry":{"type":"Polygon","coordinates":[[[37.85,-33.02],[37.88,-33.0],[37.99,-33.0],[38.03,-33.02],[38.03,-33.05],[38.06,-33.08],[38.06,-33.15],[38.03,-33.15],[38.03,-33.2],[37.95,-33.15],[37.88,-33.1],[37.88,-33.07],[37.85,-33.05],[37.85,-33.02]]]}},{"type":"Feature","properties":{"precip":10},"geometry":{"type":"Polygon","coordinates":[[[-6.14,-33.15],[-6.14,-33.1],[-6.07,-33.1],[-6.07,-33.19],[-6.14,-33.19],[-6.14,-33.15]]]}},{"type":"Feature","properties":{"precip":10},"geometry":{"type":"Polygon","coordinates":[[[-13.36,-33.33],[-13.34,-33.34],[-13.36,-33.35],[-13.36,-33.33]]]}},{"type":"Feature","properties":{"precip":10},"geometry":{"type":"Polygon","coordinates":[[[-9.67,-33.34],[-9.67,-33.31],[-9.63,-33.31],[-9.56,-33.32],[-9.49,-33.41],[-9.41,-33.46],[-9.34,-33.55],[-9.34,-33.58],[-9.27,-33.65],[-9.27,-33.72],[-9.23,-33.73],[-9.23,-33.79],[-9.09,-33.8],[-9.05,-33.84],[-9.05,-33.96],[-9.02,-33.97],[-8.95,-33.97],[-8.95,-33.92],[-8.91,-33.91],[-8.84,-33.91],[-8.8,-33.92],[-8.66,-34.04],[-8.66,-34.08],[-8.73,-34.09],[-8.73,-34.06],[-8.77,-34.04],[-8.77,-34.01],[-8.84,-34.01],[-8.84,-34.13],[-8.77,-34.25],[-8.73,-34.27],[-8.62,-34.28],[-8.55,-34.27],[-8.55,-34.25],[-8.51,-34.21],[-8.48,-34.23],[-8.41,-34.28],[-8.41,-34.3],[-8.33,-34.35],[-8.33,-34.37],[-8.26,-34.4],[-8.19,-34.42],[-8.15,-34.45],[-8.15,-35.0],[-8.19,-35.05],[-8.19,-35.1],[-8.23,-35.09],[-8.23,-35.05],[-8.26,-35.05],[-8.26,-34.92],[-8.33,-34.9],[-8.33,-34.98],[-8.37,-35.0],[-8.37,-35.07],[-8.44,-35.12],[-8.44,-35.19],[-8.33,-35.27],[-8.26,-35.29],[-8.19,-35.29],[-8.15,-35.27],[-8.15,-35.22],[-8.08,-35.21],[-8.08,-35.22],[-8.05,-35.24],[-8.05,-35.38],[-7.97,-35.39],[-7.97,-35.45],[-7.94,-35.48],[-7.94,-35.57],[-7.83,-35.67],[-7.83,-35.7],[-7.79,-35.7],[-7.79,-35.74],[-7.76,-35.77],[-7.76,-35.94],[-7.69,-36.01],[-7.65,-35.98],[-7.65,-35.93],[-7.61,-35.91],[-7.54,-35.94],[-7.47,-36.01],[-7.47,-36.08],[-7.51,-36.08],[-7.54,-36.11],[-7.54,-36.23],[-7.58,-36.25],[-7.58,-36.3],[-7.65,-36.32],[-7.65,-36.37],[-7.61,-36.37],[-7.54,-36.4],[-7.47,-36.4],[-7.36,-36.35],[-7.36,-36.27],[-7.33,-36.25],[-7.33,-36.2],[-7.25,-36.22],[-7.25,-36.32],[-7.29,-36.35],[-7.29,-36.39],[-7.36,-36.47],[-7.43,-36.49],[-7.51,-36.49],[-7.54,-36.51],[-7.54,-36.54],[-7.58,-36.54],[-7.58,-36.59],[-7.61,-36.61],[-7.61,-36.56],[-7.65,-36.52],[-7.72,-36.49],[-7.79,-36.49],[-7.83,-36.49],[-7.9,-36.42],[-7.9,-36.37],[-7.94,-36.34],[-7.94,-36.18],[-7.97,-36.13],[-8.01,-36.1],[-8.05,-36.11],[-8.08,-36.16],[-8.08,-36.18],[-8.19,-36.15],[-8.19,-36.11],[-8.23,-36.08],[-8.23,-36.01],[-8.19,-35.99],[-8.12,-35.91],[-8.05,-35.86],[-8.05,-35.84],[-8.12,-35.81],[-8.23,-35.81],[-8.33,-35.77],[-8.33,-35.72],[-8.37,-35.7],[-8.37,-35.62],[-8.41,-35.6],[-8.48,-35.6],[-8.55,-35.55],[-8.55,-35.22],[-8.59,-35.19],[-8.59,-35.1],[-8.66,-35.04],[-8.73,-35.02],[-8.73,-35.05],[-8.77,-35.09],[-8.84,-35.09],[-8.84,-34.97],[-8.87,-34.95],[-8.87,-34.92],[-8.91,-34.9],[-9.05,-34.9],[-9.13,-34.88],[-9.16,-34.85],[-9.16,-34.73],[-9.2,-34.71],[-9.31,-34.71],[-9.34,-34.73],[-9.34,-34.76],[-9.41,-34.8],[-9.45,-34.74],[-9.45,-34.59],[-9.49,-34.57],[-9.49,-34.52],[-9.56,-34.42],[-9.59,-34.42],[-9.59,-34.39],[-9.63,-34.37],[-9.63,-34.3],[-9.67,-34.27],[-9.67,-34.11],[-9.74,-34.09],[-9.74,-33.72],[-9.67,-33.7],[-9.67,-33.77],[-9.63,-33.77],[-9.59,-33.79],[-9.52,-33.79],[-9.45,-33.75],[-9.45,-33.6],[-9.49,-33.58],[-9.49,-33.51],[-9.52,-33.46],[-9.59,-33.41],[-9.63,-33.39],[-9.63,-33.36],[-9.67,-33.34]],[[-9.34,-34.15],[-9.38,-34.11],[-9.45,-34.11],[-9.45,-34.18],[-9.38,-34.2],[-9.34,-34.15]],[[-8.95,-34.3],[-8.95,-34.25],[-8.98,-34.23],[-8.98,-34.2],[-9.02,-34.2],[-9.05,-34.23],[-9.05,-34.37],[-8.98,-34.4],[-8.98,-34.37],[-8.95,-34.35],[-8.95,-34.3]],[[-8.84,-34.56],[-8.87,-34.54],[-8.87,-34.5],[-8.95,-34.5],[-8.95,-34.59],[-8.87,-34.59],[-8.87,-34.57],[-8.84,-34.56]],[[-8.77,-34.74],[-8.77,-34.71],[-8.84,-34.71],[-8.84,-34.8],[-8.77,-34.8],[-8.77,-34.74]],[[-8.51,-34.88],[-8.59,-34.81],[-8.66,-34.83],[-8.66,-34.93],[-8.59,-35.0],[-8.48,-35.0],[-8.44,-34.95],[-8.48,-34.93],[-8.48,-34.9],[-8.51,-34.88]],[[-7.54,-36.04],[-7.58,-36.01],[-7.65,-36.01],[-7.65,-36.08],[-7.58,-36.1],[-7.54,-36.04]],[[-7.65,-36.25],[-7.65,-36.22],[-7.69,-36.2],[-7.76,-36.22],[-7.76,-36.28],[-7.72,-36.3],[-7.65,-36.28],[-7.65,-36.25]]]}},{"type":"Feature","properties":{"precip":10},"geometry":{"type":"Polygon","coordinates":[[[37.56,-33.39],[37.56,-33.31],[37.63,-33.31],[37.63,-33.48],[37.56,-33.48],[37.56,-33.39]]]}},{"type":"Feature","properties":{"precip":10},"geometry":{"type":"Polygon","coordinates":[[[-3.15,-33.46],[-3.15,-33.41],[-3.08,-33.41],[-3.04,-33.44],[-3.04,-33.46],[-3.12,-33.5],[-3.15,-33.48],[-3.15,-33.46]]]}},{"type":"Feature","properties":{"precip":10},"geometry":{"type":"Polygon","coordinates":[[[35.36,-33.48],[35.36,-33.43],[35.44,-33.39],[35.51,-33.41],[35.54,-33.44],[35.54,-33.68],[35.51,-33.7],[35.4,-33.63],[35.4,-33.58],[35.36,-33.55],[35.36,-33.48]]]}},{"type":"Feature","properties":{"precip":10},"geometry":{"type":"Polygon","coordinates":[[[-8.66,-33.55],[-8.66,-33.51],[-8.62,-33.5],[-8.55,-33.51],[-8.55,-33.58],[-8.62,-33.6],[-8.66,-33.58],[-8.66,-33.55]]]}},{"type":"Feature","properties":{"precip":10},"geometry":{"type":"Polygon","coordinates":[[[-8.26,-33.55],[-8.23,-33.5],[-8.15,-33.51],[-8.15,-33.58],[-8.23,-33.6],[-8.26,-33.55]]]}},{"type":"Feature","properties":{"precip":10},"geometry":{"type":"Polygon","coordinates":[[[40.04,-33.65],[40.04,-33.63],[40.11,-33.6],[40.15,-33.62],[40.15,-33.68],[40.11,-33.7],[40.04,-33.67],[40.04,-33.65]]]}},{"type":"Feature","properties":{"precip":10},"geometry":{"type":"Polygon","coordinates":[[[97.45,-33.65],[97.45,-33.63],[97.56,-33.6],[97.56,-33.62],[97.63,-33.62],[97.63,-33.68],[97.6,-33.7],[97.49,-33.7],[97.45,-33.67],[97.45,-33.65]]]}},{"type":"Feature","properties":{"precip":10},"geometry":{"type":"Polygon","coordinates":[[[-8.44,-33.75],[-8.44,-33.72],[-8.41,-33.7],[-8.3,-33.7],[-8.26,-33.72],[-8.26,-33.79],[-8.3,-33.79],[-8.41,-33.79],[-8.44,-33.79],[-8.44,-33.75]]]}},{"type":"Feature","properties":{"precip":10},"geometry":{"type":"Polygon","coordinates":[[[-2.36,-33.75],[-2.36,-33.72],[-2.32,-33.7],[-2.25,-33.72],[-2.25,-33.79],[-2.32,-33.79],[-2.36,-33.79],[-2.36,-33.75]]]}},{"type":"Feature","properties":{"precip":10},"geometry":{"type":"Polygon","coordinates":[[[34.93,-33.91],[34.97,-33.85],[34.97,-33.8],[35.04,-33.8],[35.04,-33.97],[34.97,-33.99],[34.97,-33.94],[34.93,-33.91]]]}},{"type":"Feature","properties":{"precip":10},"geometry":{"type":"Polygon","coordinates":[[[36.84,-33.94],[36.84,-33.87],[36.87,-33.84],[36.87,-33.8],[36.91,-33.79],[36.91,-33.82],[36.95,-33.84],[36.95,-34.06],[36.91,-34.08],[36.91,-34.11],[36.87,-34.11],[36.87,-34.06],[36.84,-34.04],[36.84,-33.94]]]}},{"type":"Feature","properties":{"precip":10},"geometry":{"type":"Polygon","coordinates":[[[-1.75,-34.11],[-1.75,-34.04],[-1.71,-34.01],[-1.64,-33.99],[-1.57,-34.03],[-1.57,-34.39],[-1.64,-34.4],[-1.64,-34.27],[-1.68,-34.25],[-1.68,-34.2],[-1.75,-34.18],[-1.75,-34.11]]]}},{"type":"Feature","properties":{"precip":10},"geometry":{"type":"Polygon","coordinates":[[[-2.04,-34.3],[-2.04,-34.11],[-2.0,-34.11],[-1.96,-34.13],[-1.96,-34.45],[-2.0,-34.49],[-2.04,-34.49],[-2.04,-34.3]]]}},{"type":"Feature","properties":{"precip":10},"geometry":{"type":"Polygon","coordinates":[[[37.59,-34.18],[37.63,-34.13],[37.7,-34.11],[37.74,-34.11],[37.74,-34.39],[37.7,-34.39],[37.67,-34.42],[37.67,-34.52],[37.63,-34.56],[37.63,-34.69],[37.59,-34.71],[37.56,-34.68],[37.56,-34.28],[37.59,-34.23],[37.59,-34.18]]]}},{"type":"Feature","properties":{"precip":10},"geometry":{"type":"Polygon","coordinates":[[[34.46,-34.4],[34.46,-34.2],[34.54,-34.23],[34.54,-34.25],[34.61,-34.3],[34.64,-34.35],[34.64,-34.45],[34.54,-34.56],[34.54,-34.59],[34.46,-34.59],[34.46,-34.4]]]}},{"type":"Feature","properties":{"precip":10},"geometry":{"type":"Polygon","coordinates":[[[-5.35,-34.35],[-5.35,-34.3],[-5.27,-34.3],[-5.27,-34.33],[-5.24,-34.33],[-5.24,-34.37],[-5.27,-34.37],[-5.27,-34.4],[-5.35,-34.4],[-5.35,-34.35]]]}},{"type":"Feature","properties":{"precip":10},"geometry":{"type":"Polygon","coordinates":[[[37.92,-34.39],[37.92,-34.35],[38.03,-34.3],[38.06,-34.32],[38.03,-34.35],[38.03,-34.39],[37.99,-34.4],[37.92,-34.45],[37.92,-34.49],[37.85,-34.47],[37.85,-34.44],[37.92,-34.39]]]}},{"type":"Feature","properties":{"precip":10},"geometry":{"type":"Polygon","coordinates":[[[38.96,-34.5],[38.96,-34.42],[39.0,-34.4],[39.03,-34.42],[39.03,-34.64],[38.96,-34.74],[38.89,-34.8],[38.85,-34.78],[38.85,-34.61],[38.93,-34.59],[38.93,-34.54],[38.96,-34.5]]]}},{"type":"Feature","properties":{"precip":10},"geometry":{"type":"Polygon","coordinates":[[[33.56,-34.69],[33.56,-34.61],[33.6,-34.59],[33.64,-34.62],[33.64,-34.78],[33.67,-34.83],[33.67,-34.88],[33.71,-34.92],[33.78,-34.98],[33.82,-35.0],[33.89,-35.0],[33.96,-35.04],[33.96,-35.07],[33.85,-35.12],[33.85,-35.29],[33.89,-35.29],[34.07,-35.14],[34.07,-35.12],[34.14,-35.12],[34.21,-35.22],[34.21,-35.27],[34.25,-35.31],[34.25,-35.55],[34.28,-35.57],[34.28,-35.6],[34.36,-35.57],[34.36,-35.53],[34.43,-35.5],[34.5,-35.5],[34.54,-35.48],[34.54,-35.41],[34.5,-35.39],[34.39,-35.39],[34.36,-35.38],[34.36,-35.22],[34.39,-35.21],[34.5,-35.21],[34.54,-35.22],[34.54,-35.27],[34.57,-35.33],[34.57,-35.38],[34.68,-35.48],[34.75,-35.46],[34.75,-35.43],[34.79,-35.39],[34.82,-35.39],[34.82,-35.46],[34.86,-35.5],[34.86,-35.6],[34.82,-35.63],[34.82,-35.7],[34.79,-35.7],[34.75,-35.72],[34.75,-35.86],[34.72,-35.86],[34.72,-35.89],[34.68,-35.89],[34.68,-35.94],[34.64,-35.98],[34.64,-36.18],[34.57,-36.2],[34.57,-36.32],[34.54,-36.35],[34.54,-36.66],[34.46,-36.71],[34.46,-36.66],[34.43,-36.61],[34.32,-36.61],[34.21,-36.66],[34.21,-36.71],[34.18,-36.71],[34.18,-36.78],[34.25,-36.85],[34.36,-36.9],[34.43,-36.88],[34.46,-36.85],[34.46,-36.81],[34.5,-36.81],[34.61,-36.81],[34.64,-36.81],[34.64,-36.88],[34.68,-36.9],[34.79,-36.9],[34.82,-36.92],[34.9,-36.97],[34.9,-37.02],[34.93,-37.07],[34.93,-37.21],[34.97,-37.24],[34.97,-37.29],[35.08,-37.29],[35.15,-37.26],[35.15,-37.12],[35.22,-37.11],[35.29,-37.11],[35.33,-37.12],[35.33,-37.16],[35.36,-37.17],[35.36,-37.28],[35.4,-37.29],[35.51,-37.29],[35.51,-37.33],[35.54,-37.33],[35.54,-37.48],[35.47,-37.5],[35.44,-37.53],[35.44,-37.57],[35.47,-37.57],[35.51,-37.6],[35.62,-37.6],[35.69,-37.6],[35.76,-37.64],[35.76,-37.67],[35.72,-37.7],[35.65,-37.74],[35.65,-37.77],[35.72,-37.81],[35.72,-37.88],[35.65,-37.93],[35.54,-38.08],[35.47,-38.13],[35.4,-38.17],[35.33,-38.13],[35.29,-38.1],[35.22,-38.1],[35.22,-38.08],[35.15,-38.08],[35.15,-38.03],[35.08,-38.0],[34.97,-38.01],[34.93,-38.05],[34.93,-38.08],[34.86,-38.08],[34.86,-38.05],[34.82,-38.03],[34.82,-38.0],[34.79,-38.0],[34.75,-38.05],[34.68,-38.08],[34.68,-38.06],[34.64,-38.03],[34.57,-38.0],[34.46,-38.01],[34.46,-38.05],[34.43,-38.05],[34.43,-38.08],[34.36,-38.08],[34.36,-38.03],[34.43,-37.98],[34.43,-37.93],[34.39,-37.91],[34.39,-37.88],[34.36,-37.84],[34.25,-37.79],[34.18,-37.79],[34.14,-37.77],[34.14,-37.74],[34.03,-37.7],[33.71,-37.7],[33.67,-37.69],[33.53,-37.65],[33.53,-37.6],[33.46,-37.62],[33.38,-37.69],[33.38,-37.74],[33.35,-37.77],[33.35,-37.88],[33.31,-37.88],[33.28,-37.91],[33.2,-37.91],[33.13,-37.94],[33.13,-37.98],[33.1,-38.0],[32.99,-38.0],[32.95,-37.96],[32.95,-37.82],[32.88,-37.81],[32.77,-37.93],[32.66,-37.98],[32.66,-37.93],[32.74,-37.88],[32.74,-37.7],[32.66,-37.69],[32.66,-37.43],[32.74,-37.4],[32.81,-37.41],[32.84,-37.45],[32.84,-37.52],[32.92,-37.6],[32.92,-37.62],[32.99,-37.67],[33.1,-37.77],[33.17,-37.76],[33.17,-37.72],[33.2,-37.7],[33.2,-37.67],[33.24,-37.65],[33.24,-37.62],[33.17,-37.58],[33.17,-37.55],[33.1,-37.5],[33.1,-37.47],[33.06,-37.45],[33.06,-37.21],[33.02,-37.17],[33.02,-37.12],[32.95,-37.07],[32.95,-37.04],[33.02,-36.99],[33.02,-36.97],[33.1,-36.92],[33.13,-36.87],[33.13,-36.76],[33.17,-36.75],[33.17,-36.71],[33.24,-36.66],[33.24,-36.47],[33.28,-36.46],[33.28,-36.4],[33.35,-36.37],[33.35,-36.25],[33.38,-36.2],[33.49,-36.11],[33.53,-36.04],[33.53,-35.98],[33.56,-35.89],[33.56,-35.84],[33.53,-35.75],[33.53,-35.7],[33.49,-35.69],[33.46,-35.69],[33.46,-35.62],[33.53,-35.6],[33.53,-35.63],[33.56,-35.67],[33.56,-35.7],[33.64,-35.7],[33.64,-35.58],[33.67,-35.57],[33.67,-35.53],[33.71,-35.51],[33.71,-35.48],[33.85,-35.36],[33.82,-35.31],[33.74,-35.31],[33.71,-35.29],[33.6,-35.29],[33.56,-35.27],[33.56,-35.1],[33.64,-35.07],[33.64,-35.05],[33.6,-35.0],[33.56,-34.98],[33.56,-34.95],[33.49,-34.9],[33.49,-34.88],[33.46,-34.86],[33.46,-34.81],[33.53,-34.8],[33.53,-34.74],[33.56,-34.73],[33.56,-34.69]],[[33.85,-36.76],[33.85,-36.71],[33.78,-36.71],[33.74,-36.73],[33.74,-36.81],[33.78,-36.85],[33.78,-36.9],[33.85,-36.97],[33.96,-36.99],[34.1,-36.99],[34.14,-36.97],[34.14,-36.92],[34.07,-36.88],[34.07,-36.83],[34.03,-36.81],[34.03,-36.71],[34.0,-36.71],[33.96,-36.71],[33.92,-36.76],[33.92,-36.8],[33.85,-36.76]],[[35.08,-37.47],[35.0,-37.41],[34.97,-37.41],[34.97,-37.45],[34.93,-37.48],[34.93,-37.6],[34.97,-37.64],[34.97,-37.69],[35.0,-37.69],[35.11,-37.6],[35.11,-37.57],[35.15,-37.55],[35.11,-37.53],[35.11,-37.5],[35.08,-37.47]],[[34.14,-37.55],[34.14,-37.5],[34.07,-37.5],[34.07,-37.53],[34.03,-37.53],[34.03,-37.57],[34.07,-37.57],[34.07,-37.6],[34.14,-37.6],[34.14,-37.55]],[[35.36,-37.79],[35.36,-37.77],[35.33,-37.74],[35.33,-37.7],[35.26,-37.72],[35.26,-37.76],[35.15,-37.86],[35.15,-37.93],[35.18,-37.98],[35.26,-38.0],[35.4,-38.0],[35.44,-37.98],[35.44,-37.91],[35.36,-37.89],[35.36,-37.79]],[[34.93,-37.84],[34.93,-37.81],[34.9,-37.79],[34.86,-37.81],[34.86,-37.89],[34.93,-37.89],[34.93,-37.84]]]}},{"type":"Feature","properties":{"precip":10},"geometry":{"type":"Polygon","coordinates":[[[34.14,-34.74],[34.14,-34.66],[34.18,-34.64],[34.18,-34.59],[34.21,-34.59],[34.25,-34.62],[34.25,-34.76],[34.32,-34.8],[34.32,-34.83],[34.36,-34.85],[34.36,-34.97],[34.28,-35.0],[34.25,-34.97],[34.25,-34.93],[34.18,-34.86],[34.18,-34.81],[34.14,-34.76],[34.14,-34.74]]]}},{"type":"Feature","properties":{"precip":10},"geometry":{"type":"Polygon","coordinates":[[[37.05,-34.74],[37.05,-34.62],[37.09,-34.59],[37.13,-34.61],[37.13,-34.66],[37.16,-34.68],[37.16,-34.78],[37.23,-34.8],[37.38,-34.8],[37.41,-34.81],[37.45,-34.86],[37.45,-35.22],[37.49,-35.26],[37.49,-35.31],[37.52,-35.33],[37.52,-35.38],[37.45,-35.43],[37.45,-35.46],[37.56,-35.53],[37.56,-35.55],[37.45,-35.6],[37.34,-35.6],[37.27,-35.62],[37.27,-35.65],[37.23,-35.69],[37.23,-35.79],[37.2,-35.79],[37.16,-35.82],[37.16,-36.08],[37.23,-36.11],[37.23,-36.25],[37.2,-36.3],[37.13,-36.35],[37.13,-36.39],[37.05,-36.39],[37.05,-36.18],[37.02,-36.18],[37.02,-36.1],[36.98,-36.06],[36.95,-36.06],[36.95,-36.03],[37.02,-36.01],[37.05,-35.94],[36.98,-35.89],[36.87,-35.89],[36.84,-35.86],[36.84,-35.81],[36.8,-35.81],[36.77,-35.84],[36.77,-36.01],[36.73,-36.08],[36.73,-36.47],[36.69,-36.49],[36.66,-36.49],[36.66,-36.44],[36.62,-36.4],[36.55,-36.4],[36.51,-36.37],[36.41,-36.32],[36.33,-36.25],[36.26,-36.16],[36.19,-36.13],[36.15,-36.13],[36.15,-36.16],[36.12,-36.18],[36.05,-36.23],[36.05,-36.27],[36.12,-36.32],[36.12,-36.37],[36.15,-36.39],[36.15,-36.56],[36.19,-36.58],[36.19,-36.61],[36.26,-36.66],[36.19,-36.68],[36.19,-36.71],[36.15,-36.75],[36.15,-36.93],[36.12,-36.95],[36.12,-36.97],[36.08,-36.99],[36.01,-36.99],[35.98,-36.97],[35.98,-36.95],[35.94,-36.93],[35.94,-36.8],[35.98,-36.76],[35.98,-36.71],[36.01,-36.66],[36.05,-36.66],[36.05,-36.64],[36.01,-36.61],[35.98,-36.61],[35.98,-36.56],[35.94,-36.52],[35.94,-36.42],[35.87,-36.39],[35.87,-36.34],[35.83,-36.32],[35.83,-36.2],[35.8,-36.2],[35.8,-36.18],[35.76,-36.16],[35.76,-35.74],[35.8,-35.7],[35.87,-35.7],[35.94,-35.72],[35.94,-35.93],[35.98,-35.94],[35.98,-35.99],[36.01,-36.01],[36.08,-36.01],[36.15,-35.94],[36.12,-35.93],[36.12,-35.89],[36.05,-35.86],[36.08,-35.86],[36.08,-35.81],[36.12,-35.79],[36.12,-35.75],[36.19,-35.7],[36.23,-35.67],[36.23,-35.53],[36.15,-35.5],[36.08,-35.5],[36.05,-35.48],[36.05,-35.45],[36.08,-35.41],[36.15,-35.33],[36.26,-35.24],[36.33,-35.22],[36.41,-35.21],[36.48,-35.21],[36.48,-35.19],[36.55,-35.17],[36.55,-35.12],[36.62,-35.1],[36.77,-35.05],[36.77,-35.02],[36.84,-34.97],[36.84,-34.93],[36.91,-34.9],[36.95,-34.9],[37.02,-34.88],[37.02,-34.85],[37.05,-34.81],[37.05,-34.74]],[[36.73,-35.75],[36.73,-35.7],[36.66,-35.7],[36.66,-35.79],[36.73,-35.81],[36.73,-35.75]]]}},{"type":"Feature","properties":{"precip":10},"geometry":{"type":"Polygon","coordinates":[[[-1.24,-34.92],[-1.21,-34.9],[-1.14,-34.95],[-1.14,-34.98],[-1.06,-35.04],[-1.06,-35.07],[-1.1,-35.07],[-1.24,-34.98],[-1.24,-34.92]]]}},{"type":"Feature","properties":{"precip":10},"geometry":{"type":"Polygon","coordinates":[[[35.04,-35.05],[35.04,-34.98],[35.08,-34.95],[35.08,-34.92],[35.11,-34.9],[35.22,-34.9],[35.22,-34.93],[35.26,-34.95],[35.26,-35.07],[35.33,-35.1],[35.33,-35.19],[35.26,-35.21],[35.11,-35.21],[35.08,-35.19],[35.08,-35.16],[35.04,-35.12],[35.04,-35.05]]]}},{"type":"Feature","properties":{"precip":10},"geometry":{"type":"Polygon","coordinates":[[[38.53,-34.95],[38.57,-34.93],[38.57,-34.9],[38.64,-34.9],[38.64,-34.98],[38.57,-35.0],[38.57,-34.95],[38.53,-34.95]]]}},{"type":"Feature","properties":{"precip":10},"geometry":{"type":"Polygon","coordinates":[[[37.85,-35.05],[37.85,-35.02],[37.88,-35.0],[37.95,-35.02],[37.95,-35.07],[37.88,-35.1],[37.85,-35.09],[37.85,-35.05]]]}},{"type":"Feature","properties":{"precip":10},"geometry":{"type":"Polygon","coordinates":[[[41.05,-35.1],[41.05,-35.04],[41.09,-35.0],[41.12,-35.0],[41.12,-35.05],[41.16,-35.05],[41.16,-35.14],[41.12,-35.16],[41.12,-35.21],[41.05,-35.17],[41.05,-35.1]]]}},{"type":"Feature","properties":{"precip":10},"geometry":{"type":"Polygon","coordinates":[[[98.53,-35.1],[98.53,-35.07],[98.53,-35.05],[98.53,-35.02],[98.64,-35.0],[98.71,-35.0],[98.82,-35.02],[98.86,-35.05],[98.86,-35.07],[98.82,-35.07],[98.71,-35.1],[98.68,-35.1],[98.64,-35.14],[98.64,-35.19],[98.57,-35.21],[98.53,-35.19],[98.53,-35.14],[98.53,-35.1]]]}},{"type":"Feature","properties":{"precip":10},"geometry":{"type":"Polygon","coordinates":[[[99.0,-35.07],[99.07,-35.02],[99.07,-35.0],[99.14,-35.02],[99.14,-35.21],[99.0,-35.21],[98.97,-35.19],[98.97,-35.12],[99.0,-35.1],[99.0,-35.07]]]}},{"type":"Feature","properties":{"precip":10},"geometry":{"type":"Polygon","coordinates":[[[-9.2,-35.19],[-9.16,-35.14],[-9.09,-35.1],[-9.05,-35.12],[-9.05,-35.38],[-9.13,-35.38],[-9.2,-35.33],[-9.23,-35.27],[-9.23,-35.22],[-9.2,-35.19]]]}},{"type":"Feature","properties":{"precip":10},"geometry":{"type":"Polygon","coordinates":[[[37.85,-35.36],[37.85,-35.24],[37.88,-35.22],[37.88,-35.21],[37.95,-35.22],[37.95,-35.27],[37.99,-35.29],[38.06,-35.29],[38.13,-35.33],[38.13,-35.5],[38.06,-35.51],[38.06,-35.69],[38.03,-35.7],[38.03,-35.79],[37.95,-35.77],[37.95,-35.57],[37.92,-35.53],[37.92,-35.51],[37.85,-35.46],[37.85,-35.36]]]}},{"type":"Feature","properties":{"precip":10},"geometry":{"type":"Polygon","coordinates":[[[40.65,-35.24],[40.65,-35.22],[40.73,-35.21],[40.73,-35.22],[40.76,-35.24],[40.73,-35.26],[40.73,-35.29],[40.65,-35.29],[40.65,-35.24]]]}},{"type":"Feature","properties":{"precip":10},"geometry":{"type":"Polygon","coordinates":[[[-8.95,-35.33],[-8.95,-35.31],[-8.87,-35.31],[-8.84,-35.29],[-8.77,-35.33],[-8.77,-35.5],[-8.84,-35.48],[-8.84,-35.46],[-8.95,-35.38],[-8.95,-35.33]]]}},{"type":"Feature","properties":{"precip":10},"geometry":{"type":"Polygon","coordinates":[[[-0.85,-35.33],[-0.81,-35.31],[-0.7,-35.38],[-0.7,-35.41],[-0.67,-35.43],[-0.67,-35.48],[-0.74,-35.46],[-0.81,-35.39],[-0.85,-35.36],[-0.85,-35.33]]]}},{"type":"Feature","properties":{"precip":10},"geometry":{"type":"Polygon","coordinates":[[[98.97,-35.36],[98.97,-35.31],[99.04,-35.31],[99.04,-35.38],[98.97,-35.39],[98.97,-35.36]]]}},{"type":"Feature","properties":{"precip":10},"geometry":{"type":"Polygon","coordinates":[[[-7.87,-35.45],[-7.83,-35.39],[-7.76,-35.41],[-7.76,-35.5],[-7.83,-35.5],[-7.87,-35.45]]]}},{"type":"Feature","properties":{"precip":10},"geometry":{"type":"Polygon","coordinates":[[[35.04,-35.5],[35.04,-35.45],[35.08,-35.43],[35.08,-35.39],[35.11,-35.39],[35.15,-35.43],[35.15,-35.57],[35.08,-35.6],[35.08,-35.57],[35.04,-35.55],[35.04,-35.5]]]}},{"type":"Feature","properties":{"precip":10},"geometry":{"type":"Polygon","coordinates":[[[40.15,-35.45],[40.15,-35.41],[40.22,-35.39],[40.26,-35.43],[40.26,-35.46],[40.22,-35.5],[40.15,-35.48],[40.15,-35.45]]]}},{"type":"Feature","properties":{"precip":10},"geometry":{"type":"Polygon","coordinates":[[[40.33,-35.45],[40.37,-35.45],[40.37,-35.39],[40.44,-35.41],[40.44,-35.5],[40.37,-35.5],[40.37,-35.46],[40.33,-35.45]]]}},{"type":"Feature","properties":{"precip":10},"geometry":{"type":"Polygon","coordinates":[[[-7.65,-35.55],[-7.65,-35.51],[-7.58,-35.5],[-7.58,-35.53],[-7.54,-35.53],[-7.54,-35.57],[-7.58,-35.57],[-7.58,-35.6],[-7.65,-35.58],[-7.65,-35.55]]]}},{"type":"Feature","properties":{"precip":10},"geometry":{"type":"Polygon","coordinates":[[[-0.34,-35.55],[-0.34,-35.51],[-0.31,-35.5],[-0.27,-35.51],[-0.27,-35.6],[-0.34,-35.58],[-0.34,-35.55]]]}},{"type":"Feature","properties":{"precip":10},"geometry":{"type":"Polygon","coordinates":[[[24.74,-35.55],[24.74,-35.51],[24.82,-35.5],[24.85,-35.53],[24.85,-35.57],[24.78,-35.6],[24.74,-35.58],[24.74,-35.55]]]}},{"type":"Feature","properties":{"precip":10},"geometry":{"type":"Polygon","coordinates":[[[32.23,-35.55],[32.27,-35.51],[32.34,-35.51],[32.34,-35.58],[32.27,-35.6],[32.27,-35.57],[32.23,-35.55]]]}},{"type":"Feature","properties":{"precip":10},"geometry":{"type":"Polygon","coordinates":[[[-0.34,-35.75],[-0.34,-35.7],[-0.31,-35.7],[-0.27,-35.7],[-0.27,-35.81],[-0.34,-35.79],[-0.34,-35.75]]]}},{"type":"Feature","properties":{"precip":10},"geometry":{"type":"Polygon","coordinates":[[[37.45,-35.72],[37.45,-35.7],[37.56,-35.7],[37.63,-35.72],[37.63,-35.89],[37.49,-35.81],[37.49,-35.77],[37.45,-35.72]]]}},{"type":"Feature","properties":{"precip":10},"geometry":{"type":"Polygon","coordinates":[[[78.2,-35.75],[78.27,-35.7],[78.34,-35.7],[78.34,-35.79],[78.27,-35.81],[78.27,-35.77],[78.2,-35.75]]]}},{"type":"Feature","properties":{"precip":10},"geometry":{"type":"Polygon","coordinates":[[[79.06,-35.86],[79.06,-35.81],[79.1,-35.81],[79.1,-35.89],[79.06,-35.89],[79.06,-35.86]]]}},{"type":"Feature","properties":{"precip":10},"geometry":{"type":"Polygon","coordinates":[[[0.05,-36.1],[0.05,-35.91],[0.09,-35.91],[0.23,-36.01],[0.23,-36.04],[0.3,-36.11],[0.41,-36.18],[0.45,-36.2],[0.52,-36.2],[0.52,-36.23],[0.56,-36.23],[0.56,-36.28],[0.59,-36.3],[0.63,-36.28],[0.63,-36.25],[0.7,-36.2],[0.74,-36.22],[0.74,-36.28],[0.7,-36.28],[0.66,-36.34],[0.66,-36.49],[0.74,-36.49],[0.74,-36.44],[0.81,-36.4],[0.92,-36.4],[0.95,-36.44],[0.95,-36.47],[1.02,-36.49],[1.17,-36.49],[1.24,-36.54],[1.24,-36.73],[1.28,-36.76],[1.28,-36.8],[1.35,-36.8],[1.35,-36.71],[1.42,-36.71],[1.42,-36.75],[1.46,-36.76],[1.46,-36.87],[1.49,-36.9],[1.6,-36.9],[1.64,-36.93],[1.64,-37.04],[1.67,-37.05],[1.67,-37.09],[1.71,-37.11],[1.78,-37.11],[1.85,-37.05],[1.85,-36.97],[1.74,-36.83],[1.67,-36.8],[1.67,-36.71],[1.74,-36.75],[1.82,-36.81],[1.85,-36.87],[2.0,-37.02],[2.03,-37.09],[2.03,-37.12],[2.07,-37.14],[2.07,-37.17],[2.21,-37.21],[2.25,-37.24],[2.25,-37.36],[2.18,-37.4],[2.07,-37.41],[2.03,-37.45],[2.1,-37.5],[2.18,-37.5],[2.21,-37.52],[2.28,-37.58],[2.28,-37.6],[2.36,-37.65],[2.36,-37.67],[2.43,-37.7],[2.43,-37.64],[2.46,-37.62],[2.46,-37.52],[2.54,-37.5],[2.61,-37.5],[2.72,-37.47],[2.72,-37.45],[2.79,-37.43],[2.79,-37.4],[2.86,-37.35],[2.86,-37.31],[2.93,-37.29],[2.93,-37.43],[2.97,-37.45],[2.97,-37.48],[3.0,-37.5],[3.04,-37.48],[3.04,-37.43],[3.08,-37.4],[3.11,-37.4],[3.11,-37.45],[3.15,-37.45],[3.15,-37.74],[3.18,-37.77],[3.18,-37.79],[3.26,-37.77],[3.26,-37.72],[3.29,-37.7],[3.4,-37.7],[3.44,-37.72],[3.44,-37.84],[3.47,-37.86],[3.47,-37.91],[3.51,-37.91],[3.54,-37.93],[3.54,-38.05],[3.58,-38.08],[3.65,-38.1],[3.8,-38.1],[3.83,-38.12],[3.83,-38.22],[3.87,-38.25],[3.87,-38.29],[3.9,-38.29],[3.94,-38.32],[3.94,-38.54],[3.98,-38.56],[3.98,-38.59],[4.05,-38.56],[4.05,-38.41],[4.12,-38.41],[4.12,-38.44],[4.19,-38.47],[4.34,-38.66],[4.34,-38.75],[4.23,-38.87],[4.12,-38.89],[3.98,-38.89],[3.94,-38.85],[3.94,-38.82],[3.87,-38.8],[3.87,-38.87],[3.83,-38.89],[3.83,-38.99],[3.8,-39.01],[3.76,-38.99],[3.76,-38.87],[3.72,-38.82],[3.69,-38.8],[3.65,-38.82],[3.62,-38.87],[3.62,-38.89],[3.54,-38.89],[3.54,-38.83],[3.65,-38.77],[3.65,-38.73],[3.58,-38.71],[3.44,-38.71],[3.4,-38.7],[3.29,-38.7],[3.26,-38.66],[3.26,-38.63],[3.18,-38.59],[3.11,-38.59],[3.04,-38.54],[3.04,-38.41],[2.97,-38.41],[2.97,-38.42],[2.93,-38.44],[2.93,-38.49],[2.86,-38.47],[2.86,-38.37],[2.82,-38.34],[2.82,-38.3],[2.75,-38.3],[2.75,-38.37],[2.72,-38.41],[2.61,-38.41],[2.57,-38.37],[2.54,-38.37],[2.54,-38.32],[2.46,-38.3],[2.32,-38.3],[2.25,-38.34],[2.25,-38.39],[2.18,-38.41],[2.18,-38.37],[2.14,-38.35],[2.14,-38.22],[2.07,-38.2],[2.07,-38.13],[2.03,-38.12],[2.03,-38.03],[1.96,-38.0],[1.89,-38.0],[1.85,-37.96],[1.85,-37.76],[1.82,-37.74],[1.82,-37.7],[1.74,-37.7],[1.64,-37.65],[1.6,-37.62],[1.6,-37.6],[1.49,-37.5],[1.38,-37.5],[1.35,-37.47],[1.35,-37.41],[1.42,-37.4],[1.42,-37.36],[1.46,-37.33],[1.46,-37.28],[1.42,-37.24],[1.42,-37.21],[1.35,-37.21],[1.31,-37.26],[1.31,-37.29],[1.24,-37.26],[1.24,-37.24],[1.17,-37.21],[1.17,-37.24],[1.1,-37.29],[0.95,-37.29],[0.84,-37.28],[0.84,-37.21],[0.92,-37.19],[0.92,-37.16],[0.95,-37.12],[0.95,-36.97],[0.92,-36.92],[0.84,-36.9],[0.63,-36.9],[0.56,-36.88],[0.48,-36.88],[0.45,-36.87],[0.45,-36.81],[0.52,-36.8],[0.52,-36.71],[0.45,-36.66],[0.45,-36.64],[0.38,-36.58],[0.38,-36.51],[0.34,-36.47],[0.34,-36.23],[0.3,-36.2],[0.27,-36.2],[0.27,-36.23],[0.23,-36.23],[0.23,-36.28],[0.2,-36.3],[0.09,-36.3],[0.05,-36.27],[0.05,-36.1]],[[0.66,-36.66],[0.63,-36.64],[0.63,-36.61],[0.56,-36.61],[0.56,-36.68],[0.63,-36.71],[0.63,-36.66],[0.66,-36.66]],[[2.93,-37.55],[2.93,-37.5],[2.86,-37.5],[2.86,-37.6],[2.93,-37.6],[2.93,-37.55]],[[2.86,-37.7],[2.82,-37.65],[2.82,-37.62],[2.79,-37.6],[2.68,-37.6],[2.57,-37.7],[2.57,-37.74],[2.54,-37.77],[2.57,-37.82],[2.57,-37.89],[2.64,-37.96],[2.72,-38.0],[2.75,-37.96],[2.75,-37.81],[2.82,-37.79],[2.82,-37.76],[2.86,-37.74],[2.86,-37.7]],[[3.83,-38.75],[3.83,-38.71],[3.76,-38.71],[3.76,-38.78],[3.83,-38.8],[3.83,-38.75]]]}},{"type":"Feature","properties":{"precip":10},"geometry":{"type":"Polygon","coordinates":[[[31.84,-35.96],[31.84,-35.93],[31.87,-35.93],[31.87,-35.89],[31.94,-35.91],[31.94,-35.99],[31.87,-36.01],[31.87,-35.98],[31.84,-35.96]]]}},{"type":"Feature","properties":{"precip":10},"geometry":{"type":"Polygon","coordinates":[[[32.34,-35.99],[32.34,-35.96],[32.38,-35.94],[32.38,-35.91],[32.41,-35.89],[32.48,-35.89],[32.56,-35.93],[32.56,-35.96],[32.52,-35.98],[32.52,-36.01],[32.48,-36.01],[32.41,-36.08],[32.38,-36.13],[32.38,-36.16],[32.34,-36.2],[32.34,-36.27],[32.38,-36.3],[32.41,-36.3],[32.45,-36.34],[32.45,-36.44],[32.41,-36.49],[32.34,-36.49],[32.27,-36.47],[32.16,-36.35],[32.16,-36.25],[32.2,-36.22],[32.2,-36.18],[32.23,-36.15],[32.3,-36.11],[32.3,-36.06],[32.34,-36.04],[32.34,-35.99]]]}},{"type":"Feature","properties":{"precip":10},"geometry":{"type":"Polygon","coordinates":[[[32.66,-36.04],[32.66,-36.01],[32.74,-36.01],[32.74,-36.1],[32.66,-36.1],[32.66,-36.04]]]}},{"type":"Feature","properties":{"precip":10},"geometry":{"type":"Polygon","coordinates":[[[74.45,-36.04],[74.45,-36.01],[74.53,-36.01],[74.56,-36.03],[74.56,-36.06],[74.53,-36.1],[74.45,-36.1],[74.45,-36.04]]]}},{"type":"Feature","properties":{"precip":10},"geometry":{"type":"Polygon","coordinates":[[[78.74,-36.04],[78.74,-36.01],[78.84,-36.01],[78.84,-36.1],[78.74,-36.1],[78.74,-36.04]]]}},{"type":"Feature","properties":{"precip":10},"geometry":{"type":"Polygon","coordinates":[[[31.76,-36.23],[31.8,-36.18],[31.91,-36.1],[31.94,-36.1],[31.94,-36.16],[31.87,-36.23],[31.8,-36.28],[31.73,-36.35],[31.66,-36.39],[31.66,-36.34],[31.73,-36.28],[31.73,-36.25],[31.76,-36.23]]]}},{"type":"Feature","properties":{"precip":10},"geometry":{"type":"Polygon","coordinates":[[[35.44,-36.15],[35.47,-36.13],[35.47,-36.1],[35.54,-36.11],[35.54,-36.18],[35.47,-36.2],[35.47,-36.18],[35.44,-36.18],[35.44,-36.15]]]}},{"type":"Feature","properties":{"precip":10},"geometry":{"type":"Polygon","coordinates":[[[41.55,-36.2],[41.55,-36.13],[41.66,-36.1],[41.77,-36.1],[41.84,-36.13],[41.84,-36.18],[41.77,-36.18],[41.77,-36.2],[41.7,-36.2],[41.66,-36.22],[41.66,-36.28],[41.63,-36.32],[41.63,-36.37],[41.59,-36.42],[41.52,-36.49],[41.45,-36.49],[41.45,-36.34],[41.48,-36.3],[41.52,-36.3],[41.52,-36.27],[41.55,-36.25],[41.55,-36.2]]]}},{"type":"Feature","properties":{"precip":10},"geometry":{"type":"Polygon","coordinates":[[[73.05,-36.15],[73.05,-36.13],[73.12,-36.1],[73.19,-36.1],[73.23,-36.11],[73.23,-36.18],[73.12,-36.2],[73.12,-36.18],[73.05,-36.18],[73.05,-36.15]]]}},{"type":"Feature","properties":{"precip":10},"geometry":{"type":"Polygon","coordinates":[[[76.54,-36.15],[76.58,-36.1],[76.65,-36.11],[76.65,-36.18],[76.58,-36.18],[76.54,-36.18],[76.54,-36.15]]]}},{"type":"Feature","properties":{"precip":10},"geometry":{"type":"Polygon","coordinates":[[[78.34,-36.15],[78.38,-36.1],[78.45,-36.11],[78.45,-36.18],[78.38,-36.2],[78.34,-36.18],[78.34,-36.15]]]}},{"type":"Feature","properties":{"precip":10},"geometry":{"type":"Polygon","coordinates":[[[34.82,-36.28],[34.9,-36.22],[34.93,-36.2],[35.04,-36.2],[35.15,-36.23],[35.22,-36.32],[35.22,-36.34],[35.26,-36.37],[35.26,-36.49],[35.18,-36.49],[35.15,-36.52],[35.15,-36.64],[35.11,-36.66],[35.11,-36.71],[34.97,-36.66],[34.93,-36.63],[34.86,-36.58],[34.79,-36.49],[34.75,-36.46],[34.75,-36.34],[34.82,-36.28]]]}},{"type":"Feature","properties":{"precip":10},"geometry":{"type":"Polygon","coordinates":[[[37.95,-36.3],[37.95,-36.22],[38.03,-36.2],[38.03,-36.27],[38.06,-36.28],[38.06,-36.32],[38.03,-36.34],[38.03,-36.39],[37.99,-36.4],[37.95,-36.39],[37.95,-36.3]]]}},{"type":"Feature","properties":{"precip":10},"geometry":{"type":"Polygon","coordinates":[[[38.46,-36.25],[38.46,-36.2],[38.53,-36.2],[38.53,-36.3],[38.46,-36.3],[38.46,-36.25]]]}},{"type":"Feature","properties":{"precip":10},"geometry":{"type":"Polygon","coordinates":[[[41.16,-36.3],[41.16,-36.2],[41.23,-36.22],[41.3,-36.32],[41.34,-36.34],[41.34,-36.39],[41.3,-36.4],[41.23,-36.4],[41.16,-36.37],[41.16,-36.3]]]}},{"type":"Feature","properties":{"precip":10},"geometry":{"type":"Polygon","coordinates":[[[72.62,-36.28],[72.65,-36.25],[72.76,-36.2],[72.83,-36.2],[72.83,-36.28],[72.76,-36.34],[72.62,-36.4],[72.55,-36.39],[72.55,-36.35],[72.62,-36.28]]]}},{"type":"Feature","properties":{"precip":10},"geometry":{"type":"Polygon","coordinates":[[[73.34,-36.23],[73.37,-36.2],[73.45,-36.23],[73.45,-36.25],[73.52,-36.32],[73.52,-36.35],[73.55,-36.35],[73.52,-36.39],[73.45,-36.35],[73.45,-36.34],[73.37,-36.28],[73.37,-36.25],[73.34,-36.23]]]}},{"type":"Feature","properties":{"precip":10},"geometry":{"type":"Polygon","coordinates":[[[75.86,-36.3],[75.86,-36.22],[75.89,-36.2],[75.93,-36.22],[76.0,-36.32],[76.04,-36.34],[76.04,-36.39],[76.0,-36.4],[75.93,-36.4],[75.86,-36.37],[75.86,-36.3]]]}},{"type":"Feature","properties":{"precip":10},"geometry":{"type":"Polygon","coordinates":[[[72.37,-36.34],[72.37,-36.3],[72.44,-36.3],[72.44,-36.37],[72.37,-36.44],[72.26,-36.49],[72.19,-36.49],[72.15,-36.47],[72.15,-36.42],[72.19,-36.4],[72.26,-36.4],[72.33,-36.39],[72.33,-36.35],[72.37,-36.34]]]}},{"type":"Feature","properties":{"precip":10},"geometry":{"type":"Polygon","coordinates":[[[77.04,-36.34],[77.04,-36.3],[77.12,-36.32],[77.22,-36.4],[77.22,-36.49],[77.12,-36.47],[77.08,-36.4],[77.08,-36.37],[77.04,-36.35],[77.04,-36.34]]]}},{"type":"Feature","properties":{"precip":10},"geometry":{"type":"Polygon","coordinates":[[[77.55,-36.34],[77.55,-36.32],[77.62,-36.3],[77.66,-36.34],[77.66,-36.37],[77.58,-36.4],[77.55,-36.39],[77.55,-36.34]]]}},{"type":"Feature","properties":{"precip":10},"geometry":{"type":"Polygon","coordinates":[[[31.84,-36.46],[31.87,-36.4],[31.94,-36.42],[31.94,-36.51],[31.91,-36.56],[31.91,-36.59],[31.84,-36.66],[31.76,-36.71],[31.73,-36.71],[31.66,-36.66],[31.66,-36.52],[31.73,-36.49],[31.8,-36.49],[31.84,-36.49],[31.84,-36.46]]]}},{"type":"Feature","properties":{"precip":10},"geometry":{"type":"Polygon","coordinates":[[[42.24,-36.46],[42.27,-36.4],[42.35,-36.42],[42.35,-36.49],[42.27,-36.49],[42.24,-36.46]]]}},{"type":"Feature","properties":{"precip":10},"geometry":{"type":"Polygon","coordinates":[[[73.05,-36.49],[73.05,-36.44],[73.09,-36.4],[73.12,-36.4],[73.12,-36.44],[73.16,-36.46],[73.16,-36.56],[73.09,-36.61],[73.09,-36.58],[73.05,-36.58],[73.05,-36.49]]]}},{"type":"Feature","properties":{"precip":10},"geometry":{"type":"Polygon","coordinates":[[[76.65,-36.49],[76.65,-36.4],[76.68,-36.4],[76.72,-36.44],[76.76,-36.47],[76.86,-36.59],[76.94,-36.64],[76.94,-36.76],[76.86,-36.8],[76.76,-36.81],[76.76,-36.8],[76.68,-36.8],[76.65,-36.78],[76.65,-36.71],[76.72,-36.71],[76.76,-36.71],[76.83,-36.68],[76.83,-36.63],[76.72,-36.59],[76.65,-36.56],[76.65,-36.49]]]}},{"type":"Feature","properties":{"precip":10},"geometry":{"type":"Polygon","coordinates":[[[71.86,-36.54],[71.86,-36.49],[71.93,-36.49],[71.93,-36.59],[71.9,-36.61],[71.86,-36.59],[71.86,-36.54]]]}},{"type":"Feature","properties":{"precip":10},"geometry":{"type":"Polygon","coordinates":[[[75.75,-36.54],[75.75,-36.51],[75.82,-36.49],[75.86,-36.52],[75.86,-36.58],[75.82,-36.59],[75.75,-36.59],[75.75,-36.54]]]}},{"type":"Feature","properties":{"precip":10},"geometry":{"type":"Polygon","coordinates":[[[99.14,-37.55],[99.07,-37.6],[99.07,-37.47],[99.04,-37.41],[99.04,-37.02],[98.97,-36.99],[98.89,-36.99],[98.86,-36.97],[98.86,-36.92],[98.89,-36.88],[98.89,-36.83],[98.97,-36.81],[98.97,-36.71],[99.04,-36.71],[99.04,-36.81],[99.07,-36.85],[99.07,-36.88],[99.07,-36.9],[99.14,-36.9],[99.14,-37.55]]]}},{"type":"Feature","properties":{"precip":10},"geometry":{"type":"Polygon","coordinates":[[[30.94,-36.66],[30.97,-36.61],[31.04,-36.63],[31.04,-36.68],[31.01,-36.71],[30.94,-36.66]]]}},{"type":"Feature","properties":{"precip":10},"geometry":{"type":"Polygon","coordinates":[[[32.84,-36.66],[32.84,-36.63],[32.88,-36.61],[32.95,-36.63],[32.95,-36.68],[32.84,-36.68],[32.84,-36.66]]]}},{"type":"Feature","properties":{"precip":10},"geometry":{"type":"Polygon","coordinates":[[[77.26,-36.66],[77.26,-36.61],[77.3,-36.61],[77.3,-36.71],[77.26,-36.68],[77.26,-36.66]]]}},{"type":"Feature","properties":{"precip":10},"geometry":{"type":"Polygon","coordinates":[[[98.46,-36.66],[98.46,-36.61],[98.53,-36.61],[98.53,-36.71],[98.46,-36.68],[98.46,-36.66]]]}},{"type":"Feature","properties":{"precip":10},"geometry":{"type":"Polygon","coordinates":[[[-7.54,-36.75],[-7.54,-36.71],[-7.47,-36.71],[-7.47,-36.8],[-7.54,-36.8],[-7.54,-36.75]]]}},{"type":"Feature","properties":{"precip":10},"geometry":{"type":"Polygon","coordinates":[[[74.96,-36.75],[74.96,-36.71],[75.03,-36.71],[75.03,-36.73],[75.07,-36.75],[75.03,-36.8],[74.96,-36.8],[74.96,-36.75]]]}},{"type":"Feature","properties":{"precip":10},"geometry":{"type":"Polygon","coordinates":[[[79.1,-36.75],[79.17,-36.73],[79.17,-36.71],[79.24,-36.73],[79.24,-36.75],[79.35,-36.83],[79.35,-36.87],[79.28,-36.92],[79.28,-36.99],[79.42,-37.12],[79.46,-37.19],[79.46,-37.24],[79.53,-37.26],[79.53,-37.29],[79.56,-37.31],[79.56,-37.4],[79.64,-37.41],[79.64,-37.6],[79.6,-37.6],[79.53,-37.52],[79.46,-37.47],[79.38,-37.36],[79.35,-37.33],[79.35,-37.28],[79.28,-37.24],[79.28,-37.19],[79.28,-37.16],[79.17,-37.11],[79.1,-37.11],[79.06,-37.09],[79.06,-37.04],[79.1,-36.97],[79.17,-36.93],[79.2,-36.92],[79.2,-36.87],[79.24,-36.85],[79.24,-36.81],[79.17,-36.8],[79.17,-36.76],[79.1,-36.75]]]}},{"type":"Feature","properties":{"precip":10},"geometry":{"type":"Polygon","coordinates":[[[-10.1,-36.87],[-10.03,-36.81],[-9.99,-36.81],[-9.88,-36.92],[-9.81,-36.99],[-9.74,-37.05],[-9.67,-37.19],[-9.67,-37.24],[-9.63,-37.26],[-9.63,-37.29],[-9.59,-37.29],[-9.52,-37.29],[-9.41,-37.36],[-9.41,-37.41],[-9.34,-37.47],[-9.34,-37.57],[-9.31,-37.58],[-9.31,-37.6],[-9.27,-37.65],[-9.2,-37.69],[-9.2,-37.74],[-9.16,-37.77],[-9.16,-37.93],[-9.13,-37.93],[-9.13,-38.0],[-9.05,-38.05],[-9.13,-38.1],[-9.16,-38.17],[-9.16,-38.25],[-9.13,-38.29],[-9.05,-38.32],[-9.05,-38.46],[-9.13,-38.49],[-9.2,-38.49],[-9.27,-38.51],[-9.31,-38.49],[-9.38,-38.49],[-9.45,-38.46],[-9.45,-38.3],[-9.49,-38.25],[-9.7,-38.01],[-9.81,-37.93],[-9.92,-37.89],[-9.95,-37.86],[-9.95,-37.74],[-10.03,-37.7],[-10.1,-37.7],[-10.13,-37.67],[-10.13,-37.58],[-10.17,-37.53],[-10.17,-37.24],[-10.21,-37.21],[-10.21,-37.17],[-10.24,-37.17],[-10.24,-37.12],[-10.17,-37.09],[-10.17,-37.0],[-10.13,-36.99],[-10.13,-36.93],[-10.1,-36.92],[-10.1,-36.87]],[[-10.06,-37.14],[-10.06,-37.12],[-10.13,-37.11],[-10.13,-37.12],[-10.17,-37.14],[-10.13,-37.16],[-10.13,-37.19],[-10.06,-37.19],[-10.06,-37.14]]]}},{"type":"Feature","properties":{"precip":10},"geometry":{"type":"Polygon","coordinates":[[[31.15,-36.85],[31.15,-36.81],[31.19,-36.81],[31.3,-36.81],[31.33,-36.81],[31.33,-36.88],[31.3,-36.9],[31.22,-36.9],[31.15,-36.88],[31.15,-36.85]]]}},{"type":"Feature","properties":{"precip":10},"geometry":{"type":"Polygon","coordinates":[[[37.85,-36.85],[37.85,-36.81],[37.88,-36.81],[37.95,-36.81],[37.95,-36.88],[37.85,-36.88],[37.85,-36.85]]]}},{"type":"Feature","properties":{"precip":10},"geometry":{"type":"Polygon","coordinates":[[[77.12,-36.9],[77.12,-36.83],[77.19,-36.81],[77.22,-36.81],[77.26,-36.83],[77.26,-36.88],[77.3,-36.88],[77.3,-36.83],[77.4,-36.81],[77.48,-36.81],[77.55,-36.81],[77.55,-36.85],[77.58,-36.88],[77.66,-36.88],[77.66,-36.9],[77.91,-36.9],[77.94,-36.92],[78.02,-36.92],[78.02,-36.95],[78.02,-36.97],[78.09,-36.99],[78.16,-36.99],[78.16,-37.0],[78.2,-37.0],[78.2,-37.05],[78.3,-37.11],[78.38,-37.11],[78.45,-37.07],[78.45,-37.02],[78.38,-36.99],[78.34,-36.95],[78.38,-36.93],[78.38,-36.9],[78.38,-36.93],[78.45,-36.93],[78.45,-36.97],[78.56,-36.99],[78.74,-36.99],[78.84,-36.97],[78.84,-36.92],[78.81,-36.88],[78.74,-36.85],[78.74,-36.81],[78.84,-36.83],[78.92,-36.92],[78.92,-36.97],[78.92,-37.0],[78.92,-37.12],[78.99,-37.16],[78.99,-37.19],[79.02,-37.21],[79.02,-37.24],[79.1,-37.29],[79.1,-37.33],[79.1,-37.43],[79.17,-37.45],[79.17,-37.48],[79.24,-37.5],[79.24,-37.58],[79.2,-37.6],[79.1,-37.6],[79.06,-37.58],[79.06,-37.53],[78.99,-37.5],[78.92,-37.5],[78.84,-37.55],[78.84,-37.67],[78.74,-37.7],[78.63,-37.7],[78.52,-37.69],[78.38,-37.64],[78.38,-37.6],[78.38,-37.65],[78.27,-37.69],[78.27,-37.7],[78.16,-37.69],[78.16,-37.65],[78.12,-37.65],[78.12,-37.6],[78.09,-37.6],[78.09,-37.62],[78.02,-37.64],[78.02,-37.67],[77.94,-37.7],[77.84,-37.7],[77.73,-37.67],[77.66,-37.64],[77.58,-37.58],[77.55,-37.57],[77.55,-37.53],[77.58,-37.5],[77.62,-37.5],[77.62,-37.45],[77.66,-37.45],[77.66,-37.35],[77.58,-37.29],[77.44,-37.29],[77.37,-37.29],[77.37,-37.26],[77.3,-37.24],[77.3,-37.12],[77.22,-37.02],[77.12,-37.04],[77.12,-37.07],[77.08,-37.11],[77.04,-37.09],[76.94,-37.09],[76.94,-37.05],[76.94,-37.02],[76.86,-36.97],[76.86,-36.9],[76.94,-36.9],[77.04,-36.92],[77.04,-36.97],[77.12,-36.99],[77.12,-36.97],[77.12,-36.9]],[[77.84,-37.14],[77.84,-37.12],[77.76,-37.11],[77.76,-37.19],[77.84,-37.19],[77.84,-37.14]],[[78.2,-37.14],[78.2,-37.11],[78.16,-37.12],[78.16,-37.19],[78.2,-37.19],[78.2,-37.14]],[[78.88,-37.28],[78.81,-37.24],[78.63,-37.19],[78.56,-37.21],[78.56,-37.28],[78.66,-37.35],[78.66,-37.38],[78.7,-37.43],[78.74,-37.47],[78.84,-37.47],[78.88,-37.43],[78.92,-37.41],[78.92,-37.29],[78.88,-37.28]],[[78.34,-37.35],[78.34,-37.29],[78.27,-37.29],[78.27,-37.33],[78.2,-37.33],[78.2,-37.36],[78.27,-37.36],[78.27,-37.4],[78.34,-37.4],[78.34,-37.35]],[[78.16,-37.45],[78.16,-37.43],[78.12,-37.43],[78.12,-37.4],[78.02,-37.41],[78.02,-37.48],[78.12,-37.5],[78.12,-37.47],[78.16,-37.45]]]}},{"type":"Feature","properties":{"precip":10},"geometry":{"type":"Polygon","coordinates":[[[-7.47,-36.95],[-7.43,-36.95],[-7.43,-36.9],[-7.36,-36.92],[-7.36,-36.99],[-7.43,-36.99],[-7.43,-36.97],[-7.47,-36.95]]]}},{"type":"Feature","properties":{"precip":10},"geometry":{"type":"Polygon","coordinates":[[[30.54,-36.93],[30.54,-36.9],[30.61,-36.92],[30.72,-37.0],[30.72,-37.09],[30.68,-37.09],[30.61,-37.04],[30.61,-37.0],[30.54,-36.95],[30.54,-36.93]]]}},{"type":"Feature","properties":{"precip":10},"geometry":{"type":"Polygon","coordinates":[[[31.76,-36.95],[31.76,-36.9],[31.84,-36.92],[31.84,-36.99],[31.76,-36.99],[31.76,-36.95]]]}},{"type":"Feature","properties":{"precip":10},"geometry":{"type":"Polygon","coordinates":[[[35.15,-36.95],[35.15,-36.92],[35.18,-36.9],[35.26,-36.92],[35.26,-36.97],[35.22,-36.99],[35.15,-36.99],[35.15,-36.95]]]}},{"type":"Feature","properties":{"precip":10},"geometry":{"type":"Polygon","coordinates":[[[79.46,-36.95],[79.46,-36.92],[79.46,-36.9],[79.6,-36.9],[79.64,-36.92],[79.64,-36.97],[79.64,-36.99],[79.74,-36.99],[79.78,-37.0],[79.78,-37.04],[79.82,-37.05],[79.82,-37.14],[79.92,-37.21],[79.92,-37.24],[79.96,-37.29],[79.96,-37.33],[80.0,-37.4],[80.0,-37.45],[80.07,-37.5],[80.0,-37.55],[80.0,-37.6],[79.96,-37.58],[79.96,-37.48],[79.92,-37.47],[79.92,-37.43],[79.89,-37.41],[79.89,-37.38],[79.78,-37.31],[79.78,-37.29],[79.78,-37.26],[79.74,-37.24],[79.74,-37.12],[79.64,-37.04],[79.53,-36.99],[79.46,-36.99],[79.46,-36.95]]]}},{"type":"Feature","properties":{"precip":10},"geometry":{"type":"Polygon","coordinates":[[[79.96,-36.95],[79.96,-36.92],[80.0,-36.9],[80.1,-36.92],[80.14,-36.97],[80.14,-36.99],[80.21,-36.99],[80.21,-36.97],[80.28,-36.9],[80.32,-36.9],[80.39,-36.93],[80.46,-36.95],[80.46,-36.97],[80.5,-37.04],[80.5,-37.09],[80.5,-37.11],[80.46,-37.09],[80.46,-37.04],[80.32,-36.99],[80.28,-37.02],[80.25,-37.05],[80.25,-37.12],[80.39,-37.29],[80.39,-37.31],[80.43,-37.36],[80.43,-37.4],[80.46,-37.45],[80.46,-37.47],[80.39,-37.48],[80.25,-37.36],[80.14,-37.24],[80.14,-37.12],[80.1,-37.12],[80.1,-37.09],[80.0,-37.05],[79.96,-37.0],[79.96,-36.99],[79.96,-36.95]]]}},{"type":"Feature","properties":{"precip":10},"geometry":{"type":"Polygon","coordinates":[[[98.5,-36.97],[98.53,-36.95],[98.64,-36.9],[98.68,-36.9],[98.71,-36.93],[98.71,-36.97],[98.71,-36.99],[98.64,-36.99],[98.53,-37.04],[98.53,-37.09],[98.5,-37.11],[98.46,-37.09],[98.46,-37.02],[98.5,-37.0],[98.5,-36.97]]]}},{"type":"Feature","properties":{"precip":10},"geometry":{"type":"Polygon","coordinates":[[[-7.25,-37.05],[-7.25,-37.0],[-7.22,-36.99],[-7.15,-37.02],[-7.15,-37.09],[-7.25,-37.09],[-7.25,-37.05]]]}},{"type":"Feature","properties":{"precip":10},"geometry":{"type":"Polygon","coordinates":[[[72.69,-37.09],[72.76,-37.02],[72.83,-37.0],[72.91,-37.0],[72.94,-37.02],[72.94,-37.09],[72.91,-37.11],[72.8,-37.11],[72.73,-37.14],[72.73,-37.19],[72.65,-37.17],[72.65,-37.14],[72.69,-37.12],[72.69,-37.09]]]}},{"type":"Feature","properties":{"precip":10},"geometry":{"type":"Polygon","coordinates":[[[74.92,-37.09],[74.92,-37.05],[75.03,-37.0],[75.07,-37.02],[75.03,-37.04],[75.03,-37.09],[74.99,-37.11],[74.89,-37.19],[74.85,-37.14],[74.92,-37.09]]]}},{"type":"Feature","properties":{"precip":10},"geometry":{"type":"Polygon","coordinates":[[[76.36,-37.05],[76.36,-37.0],[76.4,-37.0],[76.4,-37.11],[76.36,-37.09],[76.36,-37.05]]]}},{"type":"Feature","properties":{"precip":10},"geometry":{"type":"Polygon","coordinates":[[[98.21,-37.05],[98.21,-37.02],[98.28,-36.99],[98.35,-37.02],[98.35,-37.09],[98.32,-37.11],[98.21,-37.09],[98.21,-37.05]]]}},{"type":"Feature","properties":{"precip":10},"geometry":{"type":"Polygon","coordinates":[[[20.97,-37.14],[20.97,-37.11],[21.04,-37.12],[21.04,-37.19],[20.97,-37.19],[20.97,-37.14]]]}},{"type":"Feature","properties":{"precip":10},"geometry":{"type":"Polygon","coordinates":[[[22.44,-37.14],[22.44,-37.12],[22.48,-37.11],[22.55,-37.12],[22.55,-37.17],[22.48,-37.19],[22.44,-37.17],[22.44,-37.14]]]}},{"type":"Feature","properties":{"precip":10},"geometry":{"type":"Polygon","coordinates":[[[40.44,-37.14],[40.47,-37.11],[40.55,-37.12],[40.55,-37.17],[40.47,-37.19],[40.44,-37.14]]]}},{"type":"Feature","properties":{"precip":10},"geometry":{"type":"Polygon","coordinates":[[[73.05,-37.14],[73.05,-37.12],[73.09,-37.11],[73.16,-37.12],[73.16,-37.17],[73.12,-37.19],[73.05,-37.17],[73.05,-37.14]]]}},{"type":"Feature","properties":{"precip":10},"geometry":{"type":"Polygon","coordinates":[[[97.24,-37.14],[97.27,-37.11],[97.31,-37.12],[97.31,-37.17],[97.27,-37.19],[97.24,-37.14]]]}},{"type":"Feature","properties":{"precip":10},"geometry":{"type":"Polygon","coordinates":[[[97.74,-37.14],[97.74,-37.12],[97.78,-37.11],[97.85,-37.12],[97.85,-37.17],[97.78,-37.19],[97.74,-37.17],[97.74,-37.14]]]}},{"type":"Feature","properties":{"precip":10},"geometry":{"type":"Polygon","coordinates":[[[29.96,-37.26],[29.96,-37.21],[30.07,-37.19],[30.14,-37.24],[30.14,-37.28],[30.07,-37.29],[30.0,-37.29],[29.96,-37.29],[29.96,-37.26]]]}},{"type":"Feature","properties":{"precip":10},"geometry":{"type":"Polygon","coordinates":[[[32.05,-37.26],[32.05,-37.21],[32.12,-37.19],[32.12,-37.24],[32.16,-37.24],[32.16,-37.28],[32.12,-37.28],[32.12,-37.29],[32.05,-37.29],[32.05,-37.26]]]}},{"type":"Feature","properties":{"precip":10},"geometry":{"type":"Polygon","coordinates":[[[37.63,-37.29],[37.67,-37.29],[37.67,-37.21],[37.74,-37.24],[37.74,-37.47],[37.67,-37.5],[37.59,-37.5],[37.56,-37.47],[37.56,-37.41],[37.63,-37.4],[37.63,-37.29]]]}},{"type":"Feature","properties":{"precip":10},"geometry":{"type":"Polygon","coordinates":[[[41.66,-37.29],[41.66,-37.21],[41.73,-37.21],[41.73,-37.4],[41.66,-37.4],[41.66,-37.29]]]}},{"type":"Feature","properties":{"precip":10},"geometry":{"type":"Polygon","coordinates":[[[72.26,-37.26],[72.26,-37.21],[72.29,-37.19],[72.33,-37.21],[72.33,-37.29],[72.26,-37.29],[72.26,-37.26]]]}},{"type":"Feature","properties":{"precip":10},"geometry":{"type":"Polygon","coordinates":[[[74.35,-37.26],[74.35,-37.24],[74.38,-37.19],[74.42,-37.19],[74.45,-37.24],[74.45,-37.28],[74.38,-37.29],[74.35,-37.26]]]}},{"type":"Feature","properties":{"precip":10},"geometry":{"type":"Polygon","coordinates":[[[96.34,-37.26],[96.37,-37.21],[96.48,-37.19],[96.55,-37.24],[96.55,-37.28],[96.52,-37.28],[96.48,-37.29],[96.41,-37.29],[96.34,-37.26]]]}},{"type":"Feature","properties":{"precip":10},"geometry":{"type":"Polygon","coordinates":[[[96.84,-37.24],[96.88,-37.21],[96.95,-37.21],[97.02,-37.19],[97.09,-37.21],[97.13,-37.26],[97.13,-37.29],[97.2,-37.29],[97.31,-37.29],[97.31,-37.31],[97.31,-37.35],[97.31,-37.38],[97.31,-37.41],[97.24,-37.45],[97.24,-37.47],[97.13,-37.48],[97.13,-37.45],[97.09,-37.4],[97.02,-37.4],[96.95,-37.36],[96.91,-37.33],[96.91,-37.29],[96.84,-37.26],[96.84,-37.24]]]}},{"type":"Feature","properties":{"precip":10},"geometry":{"type":"Polygon","coordinates":[[[7.36,-37.33],[7.36,-37.29],[7.5,-37.29],[7.54,-37.33],[7.54,-37.5],[7.43,-37.45],[7.43,-37.43],[7.36,-37.36],[7.36,-37.33]]]}},{"type":"Feature","properties":{"precip":10},"geometry":{"type":"Polygon","coordinates":[[[31.33,-37.35],[31.37,-37.33],[31.37,-37.29],[31.44,-37.29],[31.44,-37.4],[31.37,-37.4],[31.37,-37.36],[31.33,-37.35]]]}},{"type":"Feature","properties":{"precip":10},"geometry":{"type":"Polygon","coordinates":[[[69.74,-37.35],[69.81,-37.29],[69.88,-37.29],[70.03,-37.33],[70.1,-37.4],[70.1,-37.43],[70.17,-37.45],[70.17,-37.47],[70.24,-37.5],[70.31,-37.5],[70.35,-37.52],[70.35,-37.57],[70.28,-37.6],[70.17,-37.6],[70.06,-37.62],[70.06,-37.69],[70.1,-37.7],[70.17,-37.7],[70.17,-37.72],[70.28,-37.76],[70.31,-37.81],[70.31,-37.84],[70.35,-37.88],[70.35,-37.98],[70.28,-38.0],[70.28,-37.96],[70.24,-37.94],[70.24,-37.82],[70.13,-37.79],[69.99,-37.79],[69.95,-37.77],[69.95,-37.65],[69.92,-37.64],[69.92,-37.6],[69.88,-37.6],[69.85,-37.62],[69.85,-37.67],[69.77,-37.69],[69.77,-37.67],[69.67,-37.57],[69.67,-37.52],[69.7,-37.5],[69.88,-37.5],[69.95,-37.53],[69.95,-37.6],[70.03,-37.6],[70.03,-37.55],[70.06,-37.53],[70.06,-37.47],[70.03,-37.45],[70.03,-37.43],[69.95,-37.4],[69.81,-37.4],[69.74,-37.35]]]}},{"type":"Feature","properties":{"precip":10},"geometry":{"type":"Polygon","coordinates":[[[70.46,-37.45],[70.46,-37.33],[70.49,-37.29],[70.57,-37.29],[70.67,-37.35],[70.67,-37.4],[70.75,-37.36],[70.75,-37.33],[70.82,-37.29],[70.85,-37.33],[70.85,-37.36],[70.78,-37.4],[70.75,-37.43],[70.75,-37.47],[70.82,-37.5],[70.93,-37.48],[70.96,-37.45],[70.96,-37.41],[71.0,-37.41],[71.11,-37.48],[71.11,-37.52],[71.14,-37.53],[71.14,-37.6],[71.07,-37.58],[71.03,-37.55],[71.03,-37.52],[70.96,-37.53],[70.89,-37.6],[70.89,-37.7],[70.93,-37.76],[71.07,-37.88],[71.14,-37.88],[71.14,-37.84],[71.18,-37.81],[71.25,-37.81],[71.29,-37.79],[71.36,-37.79],[71.47,-37.84],[71.47,-37.89],[71.57,-37.91],[71.57,-37.89],[71.65,-37.88],[71.65,-37.81],[71.57,-37.79],[71.57,-37.76],[71.54,-37.74],[71.54,-37.64],[71.57,-37.62],[71.57,-37.6],[71.61,-37.6],[71.68,-37.65],[71.68,-37.7],[71.75,-37.77],[71.86,-37.79],[71.93,-37.79],[71.93,-37.76],[71.97,-37.72],[72.04,-37.7],[72.22,-37.7],[72.37,-37.65],[72.37,-37.62],[72.47,-37.6],[72.58,-37.6],[72.65,-37.57],[72.65,-37.53],[72.69,-37.5],[72.73,-37.5],[72.73,-37.53],[72.76,-37.58],[72.83,-37.6],[72.94,-37.57],[73.01,-37.5],[73.01,-37.47],[73.09,-37.45],[73.12,-37.41],[73.19,-37.4],[73.37,-37.4],[73.45,-37.36],[73.48,-37.33],[73.48,-37.29],[73.52,-37.29],[73.52,-37.33],[73.55,-37.35],[73.55,-37.38],[73.63,-37.4],[73.73,-37.4],[73.84,-37.43],[73.84,-37.47],[73.81,-37.5],[73.66,-37.5],[73.66,-37.57],[73.7,-37.6],[73.77,-37.65],[73.81,-37.74],[73.88,-37.79],[74.02,-37.89],[74.06,-37.88],[74.06,-37.76],[74.02,-37.74],[74.02,-37.7],[73.95,-37.67],[73.95,-37.53],[73.99,-37.5],[74.02,-37.5],[74.06,-37.53],[74.06,-37.57],[74.13,-37.6],[74.13,-37.53],[74.2,-37.5],[74.24,-37.52],[74.24,-37.64],[74.27,-37.65],[74.27,-37.7],[74.31,-37.7],[74.31,-37.67],[74.35,-37.65],[74.35,-37.43],[74.38,-37.4],[74.53,-37.52],[74.53,-37.55],[74.56,-37.6],[74.56,-37.7],[74.67,-37.65],[74.67,-37.6],[74.74,-37.55],[74.74,-37.45],[74.78,-37.45],[74.78,-37.41],[74.85,-37.4],[74.92,-37.41],[74.92,-37.45],[74.96,-37.45],[74.96,-37.55],[74.89,-37.6],[74.81,-37.6],[74.78,-37.6],[74.78,-37.64],[74.74,-37.65],[74.74,-37.76],[74.81,-37.79],[74.89,-37.79],[74.96,-37.82],[74.96,-37.88],[75.07,-37.91],[75.14,-37.91],[75.21,-37.88],[75.24,-37.88],[75.24,-37.82],[75.32,-37.79],[75.42,-37.81],[75.46,-37.84],[75.46,-37.89],[75.53,-37.86],[75.6,-37.81],[75.6,-37.77],[75.68,-37.74],[75.68,-37.72],[75.78,-37.77],[75.78,-37.79],[75.82,-37.81],[75.82,-37.89],[75.75,-37.86],[75.75,-37.82],[75.68,-37.81],[75.64,-37.84],[75.53,-37.96],[75.42,-38.0],[75.35,-37.98],[75.35,-37.93],[75.28,-37.91],[75.28,-37.96],[75.24,-37.98],[75.24,-38.25],[75.21,-38.27],[75.1,-38.3],[75.07,-38.29],[74.99,-38.29],[74.96,-38.27],[74.96,-38.2],[75.03,-38.18],[75.03,-38.13],[74.99,-38.12],[74.99,-38.08],[74.92,-38.03],[74.89,-37.98],[74.85,-37.96],[74.85,-37.93],[74.81,-37.91],[74.78,-37.91],[74.78,-37.94],[74.74,-37.96],[74.74,-38.35],[74.71,-38.41],[74.6,-38.41],[74.56,-38.41],[74.56,-38.46],[74.49,-38.49],[74.38,-38.49],[74.35,-38.51],[74.24,-38.51],[74.17,-38.53],[74.17,-38.56],[74.13,-38.56],[74.13,-38.58],[74.06,-38.58],[74.02,-38.59],[73.88,-38.59],[73.84,-38.61],[73.77,-38.61],[73.77,-38.65],[73.73,-38.65],[73.73,-38.7],[73.66,-38.7],[73.66,-38.71],[73.59,-38.71],[73.55,-38.73],[73.55,-38.77],[73.48,-38.78],[73.48,-38.8],[73.37,-38.8],[73.23,-38.87],[73.23,-38.89],[73.16,-38.94],[73.16,-38.97],[73.12,-38.99],[73.05,-38.97],[73.05,-38.94],[73.01,-38.9],[72.98,-38.9],[72.94,-38.94],[72.94,-38.97],[72.87,-39.04],[72.87,-39.11],[72.83,-39.14],[72.91,-39.19],[72.94,-39.19],[72.94,-39.12],[72.98,-39.09],[73.01,-39.09],[73.05,-39.12],[73.05,-39.21],[73.09,-39.24],[73.09,-39.28],[73.16,-39.36],[73.23,-39.4],[73.23,-39.35],[73.27,-39.33],[73.27,-39.23],[73.34,-39.19],[73.52,-39.19],[73.59,-39.21],[73.66,-39.24],[73.66,-39.28],[73.7,-39.3],[73.73,-39.28],[73.73,-39.24],[73.77,-39.21],[73.84,-39.21],[73.84,-39.26],[73.88,-39.3],[73.99,-39.3],[74.06,-39.33],[74.06,-39.36],[73.91,-39.42],[73.84,-39.45],[73.81,-39.52],[73.73,-39.67],[73.73,-39.72],[73.81,-39.83],[73.84,-39.83],[73.84,-39.88],[73.77,-39.9],[73.77,-39.86],[73.73,-39.84],[73.73,-39.81],[73.66,-39.83],[73.66,-39.98],[73.7,-39.98],[73.77,-40.0],[73.91,-40.0],[74.02,-40.03],[74.13,-40.12],[74.13,-40.15],[74.17,-40.17],[74.24,-40.17],[74.24,-40.15],[74.31,-40.1],[74.38,-40.1],[74.45,-40.03],[74.45,-39.91],[74.53,-39.9],[74.53,-39.93],[74.56,-39.93],[74.56,-40.0],[74.67,-40.0],[74.74,-39.98],[74.74,-39.84],[74.81,-39.81],[74.89,-39.81],[74.96,-39.84],[74.96,-40.0],[74.99,-40.0],[75.07,-39.96],[75.07,-39.9],[75.14,-39.91],[75.14,-40.03],[75.17,-40.05],[75.17,-40.1],[75.24,-40.07],[75.28,-40.03],[75.28,-40.0],[75.32,-39.96],[75.39,-39.9],[75.42,-39.9],[75.42,-39.95],[75.46,-39.96],[75.46,-40.03],[75.42,-40.05],[75.42,-40.1],[75.35,-40.12],[75.35,-40.27],[75.39,-40.27],[75.39,-40.31],[75.5,-40.31],[75.53,-40.27],[75.53,-40.17],[75.57,-40.15],[75.57,-40.12],[75.64,-40.12],[75.64,-40.29],[75.57,-40.32],[75.57,-40.36],[75.53,-40.37],[75.53,-40.43],[75.57,-40.44],[75.57,-40.48],[75.6,-40.49],[75.64,-40.48],[75.64,-40.44],[75.68,-40.41],[75.82,-40.41],[75.86,-40.44],[75.86,-40.48],[75.89,-40.49],[76.0,-40.49],[76.04,-40.48],[76.04,-40.44],[76.04,-40.41],[76.14,-40.43],[76.14,-40.56],[76.22,-40.6],[76.22,-40.58],[76.22,-40.51],[76.32,-40.49],[76.4,-40.49],[76.4,-40.51],[76.4,-40.6],[76.36,-40.61],[76.36,-40.68],[76.4,-40.7],[76.54,-40.7],[76.65,-40.67],[76.65,-40.63],[76.72,-40.61],[76.86,-40.61],[76.9,-40.6],[77.04,-40.6],[77.12,-40.56],[77.12,-40.51],[77.22,-40.49],[77.3,-40.49],[77.3,-40.48],[77.3,-40.46],[77.4,-40.41],[77.66,-40.41],[77.73,-40.43],[77.73,-40.48],[77.66,-40.49],[77.62,-40.49],[77.55,-40.53],[77.55,-40.58],[77.62,-40.61],[77.66,-40.63],[77.62,-40.67],[77.62,-40.7],[77.58,-40.7],[77.58,-40.67],[77.55,-40.65],[77.55,-40.63],[77.48,-40.6],[77.4,-40.61],[77.37,-40.63],[77.3,-40.7],[77.3,-40.78],[77.3,-40.8],[77.19,-40.8],[77.12,-40.78],[77.12,-40.72],[77.08,-40.7],[77.08,-40.75],[77.04,-40.77],[77.04,-40.96],[77.01,-40.99],[76.94,-40.96],[76.94,-40.9],[76.86,-40.9],[76.86,-41.02],[76.83,-41.04],[76.83,-41.09],[76.76,-41.11],[76.76,-41.26],[76.76,-41.3],[76.86,-41.3],[76.87,-41.3],[80.79,-41.3],[80.79,-41.3],[80.68,-41.3],[80.68,-41.3],[80.52,-41.3],[80.5,-41.28],[80.43,-41.25],[80.32,-41.11],[80.32,-41.04],[80.25,-40.99],[80.1,-40.99],[80.0,-40.96],[80.0,-40.92],[79.96,-40.9],[79.82,-40.9],[79.74,-40.84],[79.64,-40.77],[79.64,-40.73],[79.64,-40.68],[79.64,-40.61],[79.56,-40.58],[79.56,-40.51],[79.64,-40.48],[79.64,-40.43],[79.71,-40.41],[79.74,-40.43],[79.74,-40.48],[79.78,-40.49],[79.82,-40.49],[79.92,-40.48],[79.92,-40.44],[79.96,-40.41],[79.96,-40.36],[79.92,-40.34],[79.92,-40.31],[79.82,-40.29],[79.82,-40.19],[79.78,-40.15],[79.78,-40.12],[79.74,-40.05],[79.74,-40.01],[79.64,-40.0],[79.64,-40.03],[79.64,-40.17],[79.53,-40.19],[79.46,-40.17],[79.46,-40.01],[79.46,-40.0],[79.56,-40.0],[79.64,-39.98],[79.64,-39.86],[79.56,-39.78],[79.53,-39.71],[79.46,-39.67],[79.38,-39.64],[79.35,-39.6],[79.24,-39.6],[79.17,-39.57],[79.17,-39.54],[79.1,-39.52],[79.1,-39.48],[79.1,-39.45],[79.1,-39.4],[79.06,-39.36],[78.92,-39.23],[78.84,-39.16],[78.81,-39.11],[78.81,-39.07],[78.74,-39.06],[78.74,-39.02],[78.84,-38.97],[78.84,-38.83],[78.81,-38.8],[78.74,-38.8],[78.74,-38.75],[78.74,-38.73],[78.74,-38.63],[78.66,-38.56],[78.56,-38.51],[78.56,-38.47],[78.56,-38.42],[78.56,-38.32],[78.56,-38.3],[78.7,-38.3],[78.74,-38.35],[78.74,-38.41],[78.84,-38.37],[78.84,-38.34],[78.88,-38.32],[78.99,-38.3],[79.2,-38.3],[79.28,-38.29],[79.35,-38.29],[79.46,-38.25],[79.46,-38.24],[79.46,-38.2],[79.6,-38.22],[79.64,-38.25],[79.64,-38.29],[79.74,-38.25],[79.82,-38.13],[79.96,-38.1],[80.0,-38.1],[80.0,-38.15],[80.1,-38.2],[80.21,-38.2],[80.25,-38.18],[80.25,-38.12],[80.28,-38.1],[80.39,-38.1],[80.46,-38.13],[80.46,-38.18],[80.5,-38.2],[80.5,-38.18],[80.5,-38.13],[80.61,-38.1],[80.79,-38.1],[80.86,-38.13],[80.86,-38.18],[80.93,-38.17],[80.97,-38.13],[80.97,-38.1],[81.04,-38.08],[81.11,-38.01],[81.18,-38.0],[81.22,-38.03],[81.22,-38.06],[81.29,-38.08],[81.29,-38.1],[81.33,-38.08],[81.33,-38.03],[81.4,-38.0],[81.4,-38.01],[81.4,-38.12],[81.47,-38.15],[81.47,-38.18],[81.51,-38.2],[81.65,-38.2],[81.72,-38.17],[81.76,-38.17],[81.76,-38.12],[81.83,-38.1],[81.83,-38.18],[81.76,-38.18],[81.76,-38.24],[81.76,-38.41],[81.87,-38.37],[81.87,-38.3],[81.94,-38.32],[81.94,-38.39],[81.87,-38.41],[81.87,-38.42],[81.83,-38.44],[81.87,-38.49],[81.94,-38.49],[82.05,-38.46],[82.08,-38.41],[82.12,-38.41],[82.12,-38.44],[82.23,-38.54],[82.23,-38.61],[82.26,-38.65],[82.23,-38.7],[82.12,-38.73],[82.12,-38.89],[82.19,-38.89],[82.26,-38.89],[82.3,-38.9],[82.3,-38.95],[82.3,-39.09],[82.26,-39.12],[82.26,-39.19],[82.3,-39.23],[82.3,-39.28],[82.26,-39.3],[82.26,-39.43],[82.41,-39.62],[82.48,-39.66],[82.55,-39.69],[82.62,-39.69],[82.66,-39.67],[82.66,-39.64],[82.66,-39.62],[82.77,-39.67],[82.8,-39.71],[82.84,-39.76],[82.95,-39.88],[82.95,-39.98],[83.02,-40.0],[83.02,-39.98],[83.02,-39.96],[83.02,-39.83],[83.13,-39.79],[83.13,-39.74],[83.16,-39.72],[83.16,-39.6],[83.2,-39.62],[83.2,-39.74],[83.27,-39.76],[83.27,-39.81],[83.34,-39.78],[83.34,-39.54],[83.38,-39.52],[83.45,-39.5],[83.52,-39.5],[83.56,-39.52],[83.67,-39.55],[83.67,-39.59],[83.7,-39.6],[83.7,-39.57],[83.74,-39.55],[83.74,-39.52],[83.81,-39.5],[83.88,-39.5],[83.88,-39.48],[83.92,-39.45],[83.99,-39.42],[83.99,-39.38],[84.06,-39.33],[84.1,-39.31],[84.1,-39.33],[84.21,-39.38],[84.28,-39.47],[84.28,-39.5],[84.35,-39.45],[84.35,-39.21],[84.39,-39.19],[84.46,-39.3],[84.46,-39.33],[84.53,-39.36],[84.53,-39.6],[84.57,-39.69],[84.57,-39.84],[84.6,-39.95],[84.64,-39.98],[84.75,-40.0],[84.78,-40.01],[84.89,-40.08],[84.89,-40.12],[84.93,-40.15],[84.93,-40.19],[84.96,-40.22],[84.96,-40.31],[85.04,-40.32],[85.04,-40.49],[85.07,-40.53],[85.07,-40.58],[85.11,-40.6],[85.22,-40.6],[85.29,-40.63],[85.32,-40.68],[85.32,-40.72],[85.25,-40.85],[85.22,-40.87],[85.14,-40.92],[85.14,-40.96],[85.14,-40.99],[85.14,-41.18],[85.07,-41.21],[85.07,-41.28],[85.05,-41.3],[70.78,-41.3],[70.78,-41.3],[71.0,-41.3],[71.0,-41.3],[71.14,-41.3],[71.14,-41.26],[71.18,-41.25],[71.18,-41.21],[71.21,-41.2],[71.29,-41.2],[71.36,-41.23],[71.36,-41.26],[71.39,-41.3],[71.47,-41.3],[71.54,-41.26],[71.54,-41.2],[71.57,-41.16],[71.57,-41.13],[71.65,-41.11],[71.72,-41.11],[71.75,-41.13],[71.75,-41.18],[71.83,-41.18],[71.86,-41.13],[71.9,-41.11],[71.97,-41.04],[72.08,-40.99],[72.15,-41.02],[72.15,-41.08],[72.22,-41.11],[72.26,-41.11],[72.33,-41.08],[72.33,-41.02],[72.37,-40.99],[72.37,-40.94],[72.44,-40.9],[72.65,-40.9],[72.73,-40.87],[72.76,-40.84],[72.76,-40.67],[72.73,-40.63],[72.69,-40.61],[72.58,-40.6],[72.51,-40.6],[72.44,-40.61],[72.37,-40.61],[72.26,-40.65],[72.19,-40.72],[72.15,-40.73],[72.15,-40.77],[72.08,-40.78],[72.04,-40.73],[71.97,-40.7],[71.9,-40.7],[71.86,-40.72],[71.86,-40.75],[71.75,-40.8],[71.54,-40.8],[71.5,-40.8],[71.43,-40.8],[71.36,-40.82],[71.36,-40.85],[71.29,-40.89],[71.21,-40.9],[71.03,-40.9],[70.96,-40.94],[70.96,-40.96],[70.93,-40.96],[70.85,-40.99],[70.71,-40.99],[70.67,-41.01],[70.6,-41.01],[70.57,-41.02],[70.57,-41.06],[70.46,-41.11],[70.39,-41.11],[70.35,-41.09],[70.28,-41.09],[70.24,-41.04],[70.21,-41.02],[70.21,-40.99],[70.17,-41.01],[70.17,-41.06],[70.13,-41.06],[70.13,-41.09],[70.1,-41.11],[70.03,-41.11],[69.92,-41.14],[69.92,-41.2],[69.88,-41.2],[69.88,-41.16],[69.85,-41.13],[69.77,-41.11],[69.7,-41.11],[69.67,-41.11],[69.67,-41.14],[69.59,-41.2],[69.52,-41.2],[69.45,-41.23],[69.45,-41.26],[69.41,-41.26],[69.41,-41.3],[69.38,-41.3],[69.38,-41.26],[69.34,-41.21],[69.31,-41.2],[69.27,-41.21],[69.27,-41.25],[69.23,-41.26],[69.23,-41.3],[68.98,-41.3],[68.98,-41.3],[68.98,-41.26],[68.95,-41.25],[68.95,-41.21],[68.98,-41.2],[69.05,-41.2],[69.13,-41.16],[69.23,-41.06],[69.23,-40.9],[69.16,-40.92],[69.13,-40.96],[69.13,-40.99],[69.09,-40.99],[69.05,-40.96],[69.13,-40.87],[69.2,-40.82],[69.34,-40.77],[69.38,-40.72],[69.45,-40.65],[69.45,-40.63],[69.56,-40.6],[69.59,-40.6],[69.67,-40.56],[69.67,-40.51],[69.74,-40.53],[69.74,-40.56],[69.77,-40.6],[69.81,-40.6],[69.85,-40.56],[69.85,-40.44],[69.88,-40.41],[70.03,-40.41],[70.03,-40.44],[70.06,-40.44],[70.06,-40.49],[70.13,-40.48],[70.13,-40.37],[70.17,-40.36],[70.17,-40.32],[70.24,-40.29],[70.24,-40.22],[70.21,-40.2],[70.13,-40.2],[70.06,-40.19],[70.06,-40.13],[70.13,-40.07],[70.13,-40.03],[70.21,-40.01],[70.28,-40.07],[70.28,-40.1],[70.35,-40.13],[70.39,-40.15],[70.57,-40.2],[70.64,-40.17],[70.64,-40.12],[70.6,-40.1],[70.53,-40.1],[70.53,-40.08],[70.46,-40.07],[70.42,-40.01],[70.39,-40.0],[70.39,-39.96],[70.35,-39.95],[70.53,-39.79],[70.53,-39.71],[70.49,-39.69],[70.39,-39.69],[70.35,-39.67],[70.35,-39.64],[70.31,-39.62],[70.28,-39.64],[70.17,-39.72],[70.17,-39.78],[70.13,-39.83],[70.13,-39.88],[70.1,-39.9],[70.03,-39.9],[69.95,-39.86],[69.88,-39.79],[69.88,-39.74],[69.85,-39.69],[69.85,-39.54],[69.88,-39.5],[69.92,-39.5],[69.95,-39.52],[69.95,-39.59],[70.03,-39.6],[70.03,-39.55],[70.06,-39.54],[70.06,-39.43],[70.1,-39.4],[70.17,-39.38],[70.49,-39.11],[70.57,-39.04],[70.53,-39.01],[70.42,-39.01],[70.35,-39.02],[70.35,-39.06],[70.31,-39.09],[70.21,-39.09],[70.13,-39.04],[70.17,-39.04],[70.17,-39.01],[70.24,-38.99],[70.24,-38.9],[70.17,-38.9],[70.06,-38.87],[69.99,-38.8],[69.95,-38.75],[69.95,-38.65],[70.03,-38.59],[70.1,-38.59],[70.13,-38.61],[70.17,-38.66],[70.17,-38.7],[70.24,-38.66],[70.24,-38.63],[70.31,-38.59],[70.39,-38.59],[70.46,-38.56],[70.46,-38.54],[70.42,-38.51],[70.39,-38.51],[70.39,-38.47],[70.35,-38.46],[70.35,-38.25],[70.39,-38.24],[70.39,-38.2],[70.42,-38.2],[70.42,-38.25],[70.46,-38.25],[70.46,-38.41],[70.49,-38.41],[70.57,-38.35],[70.57,-38.32],[70.64,-38.25],[70.64,-38.17],[70.67,-38.12],[70.78,-38.03],[70.82,-38.01],[70.85,-38.06],[70.96,-38.1],[71.03,-38.1],[71.03,-38.03],[70.93,-37.93],[70.82,-37.82],[70.75,-37.84],[70.75,-37.88],[70.67,-37.91],[70.64,-37.91],[70.57,-37.88],[70.57,-37.7],[70.64,-37.7],[70.64,-37.77],[70.67,-37.79],[70.75,-37.77],[70.75,-37.64],[70.71,-37.6],[70.64,-37.6],[70.49,-37.6],[70.46,-37.58],[70.46,-37.45]],[[73.34,-37.65],[73.34,-37.6],[73.27,-37.6],[73.27,-37.7],[73.34,-37.69],[73.34,-37.65]],[[74.56,-37.79],[74.53,-37.76],[74.53,-37.72],[74.49,-37.7],[74.42,-37.7],[74.35,-37.74],[74.35,-37.86],[74.42,-37.91],[74.49,-37.91],[74.53,-37.89],[74.53,-37.84],[74.56,-37.82],[74.56,-37.79]],[[73.55,-37.84],[73.52,-37.79],[73.48,-37.79],[73.45,-37.82],[73.45,-37.88],[73.52,-37.91],[73.55,-37.88],[73.55,-37.84]],[[71.36,-37.94],[71.32,-37.91],[71.25,-37.93],[71.25,-37.98],[71.32,-38.0],[71.36,-37.94]],[[73.66,-37.94],[73.63,-37.91],[73.55,-37.91],[73.55,-38.0],[73.63,-38.0],[73.66,-37.94]],[[74.17,-37.94],[74.13,-37.93],[74.13,-37.91],[74.06,-37.91],[74.06,-38.0],[74.13,-38.0],[74.13,-37.96],[74.17,-37.94]],[[74.63,-37.94],[74.63,-37.91],[74.56,-37.91],[74.56,-38.0],[74.63,-38.0],[74.63,-37.94]],[[74.45,-38.05],[74.42,-38.0],[74.38,-38.0],[74.35,-38.03],[74.35,-38.08],[74.38,-38.1],[74.45,-38.08],[74.45,-38.05]],[[81.22,-38.2],[81.22,-38.15],[81.18,-38.1],[81.11,-38.1],[81.04,-38.15],[81.04,-38.25],[81.04,-38.29],[81.15,-38.3],[81.22,-38.29],[81.22,-38.25],[81.22,-38.2]],[[72.55,-38.25],[72.55,-38.22],[72.47,-38.2],[72.47,-38.24],[72.44,-38.24],[72.44,-38.27],[72.47,-38.27],[72.47,-38.3],[72.55,-38.29],[72.55,-38.25]],[[74.45,-38.25],[74.42,-38.2],[74.38,-38.2],[74.35,-38.24],[74.35,-38.27],[74.42,-38.3],[74.45,-38.27],[74.45,-38.25]],[[80.0,-38.44],[80.0,-38.24],[79.96,-38.2],[79.89,-38.22],[79.82,-38.25],[79.82,-38.37],[79.92,-38.41],[79.92,-38.46],[79.96,-38.49],[79.96,-38.68],[79.96,-38.7],[80.0,-38.68],[80.0,-38.44]],[[80.46,-38.3],[80.46,-38.27],[80.43,-38.25],[80.43,-38.24],[80.32,-38.2],[80.25,-38.22],[80.25,-38.25],[80.28,-38.27],[80.32,-38.37],[80.43,-38.41],[80.43,-38.37],[80.46,-38.34],[80.46,-38.3]],[[80.86,-38.25],[80.79,-38.2],[80.68,-38.2],[80.64,-38.24],[80.64,-38.27],[80.68,-38.27],[80.68,-38.3],[80.79,-38.29],[80.86,-38.25]],[[70.96,-38.35],[70.93,-38.3],[70.85,-38.3],[70.85,-38.41],[70.93,-38.41],[70.96,-38.35]],[[79.64,-38.41],[79.64,-38.32],[79.6,-38.3],[79.46,-38.3],[79.46,-38.32],[79.46,-38.47],[79.56,-38.49],[79.64,-38.47],[79.64,-38.41]],[[81.65,-38.35],[81.65,-38.32],[81.58,-38.3],[81.54,-38.32],[81.54,-38.39],[81.65,-38.39],[81.65,-38.35]],[[79.06,-38.51],[79.06,-38.46],[79.02,-38.44],[79.02,-38.41],[78.99,-38.41],[78.92,-38.42],[78.92,-38.56],[79.02,-38.59],[79.02,-38.56],[79.06,-38.54],[79.06,-38.51]],[[81.22,-38.44],[81.22,-38.41],[81.15,-38.41],[81.15,-38.49],[81.18,-38.51],[81.22,-38.47],[81.22,-38.44]],[[70.96,-38.56],[70.93,-38.53],[70.85,-38.51],[70.85,-38.66],[70.96,-38.71],[71.03,-38.7],[71.03,-38.63],[70.96,-38.56]],[[71.47,-38.56],[71.43,-38.54],[71.43,-38.51],[71.36,-38.51],[71.36,-38.58],[71.43,-38.59],[71.43,-38.56],[71.47,-38.56]],[[80.46,-38.56],[80.43,-38.54],[80.43,-38.51],[80.32,-38.51],[80.32,-38.58],[80.43,-38.59],[80.43,-38.56],[80.46,-38.56]],[[80.86,-38.56],[80.82,-38.51],[80.75,-38.53],[80.75,-38.58],[80.79,-38.59],[80.86,-38.56]],[[70.57,-38.68],[70.49,-38.59],[70.46,-38.59],[70.46,-38.66],[70.35,-38.71],[70.28,-38.71],[70.24,-38.73],[70.28,-38.78],[70.35,-38.78],[70.39,-38.8],[70.57,-38.8],[70.64,-38.77],[70.64,-38.73],[70.57,-38.68]],[[71.25,-38.75],[71.21,-38.71],[71.07,-38.71],[71.07,-38.73],[71.03,-38.73],[71.11,-38.8],[71.18,-38.8],[71.25,-38.77],[71.25,-38.75]],[[72.15,-38.8],[72.15,-38.73],[72.11,-38.71],[71.97,-38.71],[71.97,-38.77],[72.01,-38.8],[72.01,-38.83],[72.04,-38.87],[72.11,-38.89],[72.15,-38.89],[72.15,-38.8]],[[79.1,-38.75],[79.1,-38.71],[79.06,-38.71],[79.06,-38.78],[79.1,-38.8],[79.1,-38.75]],[[70.85,-38.95],[70.85,-38.92],[70.78,-38.89],[70.75,-38.9],[70.75,-38.99],[70.78,-39.01],[70.85,-38.97],[70.85,-38.95]],[[72.65,-38.99],[72.65,-38.92],[72.62,-38.9],[72.55,-38.92],[72.55,-38.95],[72.51,-38.97],[72.47,-39.02],[72.47,-39.04],[72.44,-39.07],[72.44,-39.14],[72.51,-39.19],[72.51,-39.23],[72.55,-39.26],[72.62,-39.3],[72.69,-39.3],[72.76,-39.35],[72.76,-39.38],[72.8,-39.4],[72.83,-39.38],[72.83,-39.26],[72.8,-39.21],[72.8,-39.19],[72.73,-39.14],[72.73,-39.11],[72.65,-39.04],[72.65,-38.99]],[[82.26,-39.24],[82.23,-39.23],[82.23,-39.19],[82.12,-39.19],[82.12,-39.3],[82.23,-39.3],[82.23,-39.26],[82.26,-39.24]],[[71.65,-39.36],[71.65,-39.33],[71.57,-39.3],[71.47,-39.31],[71.47,-39.38],[71.5,-39.4],[71.57,-39.4],[71.65,-39.36]],[[72.04,-39.36],[72.04,-39.31],[71.97,-39.31],[71.93,-39.35],[71.97,-39.36],[71.97,-39.4],[72.04,-39.38],[72.04,-39.36]],[[72.44,-39.36],[72.44,-39.33],[72.37,-39.3],[72.33,-39.3],[72.26,-39.33],[72.26,-39.36],[72.29,-39.4],[72.4,-39.4],[72.44,-39.36]],[[73.84,-39.36],[73.84,-39.31],[73.77,-39.31],[73.73,-39.35],[73.77,-39.36],[73.77,-39.4],[73.84,-39.38],[73.84,-39.36]],[[70.78,-39.47],[70.71,-39.42],[70.67,-39.42],[70.57,-39.52],[70.57,-39.59],[70.64,-39.6],[70.75,-39.6],[70.85,-39.57],[70.82,-39.54],[70.82,-39.52],[70.78,-39.47]],[[71.93,-39.45],[71.93,-39.4],[71.86,-39.4],[71.86,-39.5],[71.93,-39.5],[71.93,-39.45]],[[72.94,-39.45],[72.94,-39.4],[72.87,-39.4],[72.87,-39.43],[72.83,-39.43],[72.83,-39.47],[72.87,-39.47],[72.87,-39.5],[72.94,-39.5],[72.94,-39.45]],[[71.25,-39.66],[71.25,-39.62],[71.21,-39.6],[71.14,-39.62],[71.14,-39.67],[71.18,-39.69],[71.25,-39.67],[71.25,-39.66]],[[70.06,-39.74],[70.03,-39.72],[70.03,-39.69],[69.95,-39.71],[69.95,-39.79],[70.03,-39.81],[70.03,-39.78],[70.06,-39.78],[70.06,-39.74]],[[71.03,-39.81],[71.03,-39.71],[70.96,-39.69],[70.96,-39.76],[70.89,-39.79],[70.82,-39.81],[70.71,-39.81],[70.64,-39.84],[70.64,-39.88],[70.6,-39.9],[70.49,-39.9],[70.46,-39.93],[70.46,-39.98],[70.53,-40.0],[70.6,-40.0],[70.67,-40.05],[70.67,-40.08],[70.75,-40.05],[70.75,-40.03],[70.89,-39.91],[70.96,-39.9],[71.03,-39.86],[71.03,-39.81]],[[73.66,-39.74],[73.63,-39.72],[73.63,-39.69],[73.55,-39.71],[73.55,-39.79],[73.63,-39.81],[73.63,-39.78],[73.66,-39.78],[73.66,-39.74]],[[83.74,-39.72],[83.7,-39.69],[83.63,-39.69],[83.56,-39.72],[83.56,-39.9],[83.63,-39.88],[83.63,-39.84],[83.67,-39.84],[83.74,-39.78],[83.74,-39.72]],[[84.06,-39.81],[84.06,-39.78],[84.03,-39.76],[84.03,-39.71],[83.92,-39.71],[83.92,-39.88],[84.03,-39.9],[84.03,-39.84],[84.06,-39.81]],[[84.35,-39.81],[84.35,-39.74],[84.28,-39.72],[84.28,-39.69],[84.28,-39.72],[84.24,-39.74],[84.24,-39.84],[84.28,-39.86],[84.28,-39.9],[84.28,-39.86],[84.35,-39.84],[84.35,-39.81]],[[82.73,-39.84],[82.73,-39.81],[82.66,-39.81],[82.66,-39.9],[82.73,-39.9],[82.73,-39.84]],[[73.95,-40.15],[73.95,-40.12],[73.88,-40.1],[73.84,-40.13],[73.84,-40.17],[73.91,-40.2],[73.95,-40.19],[73.95,-40.15]],[[74.17,-40.22],[74.13,-40.2],[73.99,-40.2],[73.95,-40.24],[73.95,-40.39],[73.99,-40.39],[74.06,-40.36],[74.09,-40.32],[74.09,-40.31],[74.17,-40.22]],[[74.45,-40.25],[74.45,-40.22],[74.42,-40.2],[74.35,-40.22],[74.35,-40.29],[74.45,-40.29],[74.45,-40.25]],[[75.17,-40.27],[75.1,-40.2],[75.07,-40.2],[75.07,-40.37],[75.14,-40.39],[75.24,-40.39],[75.24,-40.32],[75.17,-40.27]],[[73.84,-40.34],[73.84,-40.32],[73.77,-40.31],[73.77,-40.32],[73.73,-40.34],[73.77,-40.39],[73.84,-40.39],[73.84,-40.34]],[[74.56,-40.34],[74.53,-40.31],[74.45,-40.32],[74.45,-40.39],[74.49,-40.41],[74.53,-40.37],[74.56,-40.37],[74.56,-40.34]],[[74.85,-40.46],[74.85,-40.43],[74.81,-40.41],[74.67,-40.41],[74.67,-40.44],[74.63,-40.44],[74.71,-40.49],[74.78,-40.49],[74.85,-40.48],[74.85,-40.46]],[[75.46,-40.46],[75.42,-40.41],[75.35,-40.41],[75.35,-40.48],[75.42,-40.49],[75.46,-40.46]],[[83.85,-40.46],[83.85,-40.41],[83.74,-40.41],[83.74,-40.43],[83.74,-40.48],[83.74,-40.49],[83.85,-40.48],[83.85,-40.46]],[[74.63,-40.6],[74.63,-40.53],[74.6,-40.49],[74.49,-40.49],[74.45,-40.51],[74.45,-40.56],[74.6,-40.68],[74.63,-40.7],[74.63,-40.6]],[[75.53,-40.55],[75.53,-40.49],[75.46,-40.51],[75.46,-40.6],[75.53,-40.6],[75.53,-40.55]],[[83.45,-40.55],[83.45,-40.53],[83.38,-40.49],[83.31,-40.49],[83.2,-40.55],[83.31,-40.6],[83.38,-40.6],[83.45,-40.55]],[[83.63,-40.55],[83.63,-40.49],[83.56,-40.51],[83.56,-40.6],[83.63,-40.6],[83.63,-40.55]],[[71.75,-40.65],[71.75,-40.63],[71.68,-40.6],[71.65,-40.61],[71.65,-40.68],[71.75,-40.68],[71.75,-40.65]],[[83.92,-40.65],[83.92,-40.63],[83.88,-40.6],[83.85,-40.61],[83.85,-40.68],[83.92,-40.7],[83.92,-40.68],[83.92,-40.65]],[[72.94,-40.75],[72.94,-40.72],[72.87,-40.7],[72.87,-40.73],[72.83,-40.75],[72.87,-40.77],[72.87,-40.8],[72.94,-40.8],[72.94,-40.75]],[[74.24,-40.75],[74.24,-40.72],[74.17,-40.7],[74.17,-40.8],[74.24,-40.8],[74.24,-40.75]],[[69.67,-40.85],[69.63,-40.84],[69.63,-40.8],[69.59,-40.8],[69.56,-40.8],[69.56,-40.89],[69.63,-40.9],[69.63,-40.85],[69.67,-40.85]],[[83.99,-40.96],[83.92,-40.94],[83.88,-40.9],[83.85,-40.92],[83.85,-41.08],[83.74,-41.11],[83.74,-41.18],[83.88,-41.26],[83.92,-41.3],[84.03,-41.26],[84.03,-41.23],[84.06,-41.18],[84.03,-41.11],[84.03,-41.06],[83.99,-41.01],[83.99,-40.96]],[[84.28,-40.96],[84.24,-40.94],[84.17,-40.9],[84.17,-40.94],[84.1,-40.97],[84.1,-41.2],[84.17,-41.25],[84.17,-41.28],[84.21,-41.3],[84.28,-41.28],[84.35,-41.23],[84.35,-41.08],[84.28,-40.96]],[[72.55,-41.11],[72.55,-41.02],[72.51,-40.99],[72.47,-40.99],[72.47,-41.04],[72.44,-41.06],[72.44,-41.13],[72.47,-41.14],[72.47,-41.2],[72.55,-41.16],[72.55,-41.11]],[[83.63,-41.11],[83.63,-41.01],[83.56,-40.99],[83.52,-41.06],[83.52,-41.09],[83.45,-41.14],[83.45,-41.26],[83.34,-41.3],[83.2,-41.3],[83.2,-41.3],[83.7,-41.3],[83.7,-41.28],[83.74,-41.26],[83.74,-41.23],[83.67,-41.18],[83.67,-41.13],[83.63,-41.11]],[[84.96,-41.11],[84.93,-41.06],[84.93,-41.01],[84.89,-40.99],[84.86,-41.01],[84.86,-41.18],[84.93,-41.2],[84.93,-41.13],[84.96,-41.11]],[[72.15,-41.2],[72.15,-41.13],[72.11,-41.11],[72.08,-41.11],[72.08,-41.13],[72.04,-41.14],[72.04,-41.26],[72.08,-41.26],[72.08,-41.3],[72.15,-41.26],[72.15,-41.2]],[[84.6,-41.14],[84.6,-41.11],[84.57,-41.11],[84.57,-41.13],[84.53,-41.14],[84.57,-41.16],[84.57,-41.2],[84.6,-41.2],[84.6,-41.14]],[[71.75,-41.3],[71.75,-41.25],[71.72,-41.23],[71.72,-41.2],[71.68,-41.2],[71.65,-41.23],[71.65,-41.3],[71.75,-41.3],[71.75,-41.3]],[[76.72,-41.3],[76.72,-41.3],[76.71,-41.3],[76.72,-41.3]],[[84.6,-41.3],[84.6,-41.3],[84.46,-41.3],[84.46,-41.3],[84.6,-41.3]],[[84.93,-41.3],[84.93,-41.3],[84.86,-41.3],[84.86,-41.3],[84.93,-41.3]]]}},{"type":"Feature","properties":{"precip":10},"geometry":{"type":"Polygon","coordinates":[[[74.17,-37.35],[74.17,-37.29],[74.24,-37.29],[74.24,-37.4],[74.17,-37.4],[74.17,-37.35]]]}},{"type":"Feature","properties":{"precip":10},"geometry":{"type":"Polygon","coordinates":[[[75.14,-37.38],[75.17,-37.35],[75.17,-37.31],[75.21,-37.29],[75.28,-37.29],[75.32,-37.31],[75.35,-37.36],[75.35,-37.48],[75.42,-37.5],[75.46,-37.53],[75.42,-37.6],[75.32,-37.6],[75.21,-37.53],[75.21,-37.5],[75.17,-37.47],[75.17,-37.45],[75.14,-37.41],[75.14,-37.38]]]}},{"type":"Feature","properties":{"precip":10},"geometry":{"type":"Polygon","coordinates":[[[-7.04,-37.43],[-7.04,-37.4],[-6.97,-37.43],[-6.89,-37.48],[-6.89,-37.52],[-6.86,-37.53],[-6.86,-37.58],[-6.93,-37.57],[-7.04,-37.47],[-7.04,-37.43]]]}},{"type":"Feature","properties":{"precip":10},"geometry":{"type":"Polygon","coordinates":[[[-4.16,-37.5],[-4.16,-37.45],[-4.12,-37.45],[-4.12,-37.41],[-4.05,-37.4],[-3.94,-37.43],[-3.98,-37.47],[-3.98,-37.5],[-4.05,-37.57],[-4.12,-37.6],[-4.16,-37.57],[-4.16,-37.5]]]}},{"type":"Feature","properties":{"precip":10},"geometry":{"type":"Polygon","coordinates":[[[42.35,-37.47],[42.35,-37.45],[42.45,-37.4],[42.53,-37.4],[42.63,-37.43],[42.63,-37.67],[42.56,-37.7],[42.45,-37.65],[42.38,-37.6],[42.38,-37.55],[42.35,-37.52],[42.35,-37.47]]]}},{"type":"Feature","properties":{"precip":10},"geometry":{"type":"Polygon","coordinates":[[[69.34,-37.45],[69.34,-37.43],[69.38,-37.4],[69.45,-37.41],[69.45,-37.48],[69.41,-37.5],[69.34,-37.47],[69.34,-37.45]]]}},{"type":"Feature","properties":{"precip":10},"geometry":{"type":"Polygon","coordinates":[[[71.47,-37.45],[71.47,-37.41],[71.57,-37.4],[71.65,-37.43],[71.65,-37.47],[71.57,-37.5],[71.5,-37.5],[71.47,-37.48],[71.47,-37.45]]]}},{"type":"Feature","properties":{"precip":10},"geometry":{"type":"Polygon","coordinates":[[[71.86,-37.45],[71.86,-37.41],[71.9,-37.4],[71.93,-37.41],[71.93,-37.5],[71.86,-37.5],[71.86,-37.45]]]}},{"type":"Feature","properties":{"precip":10},"geometry":{"type":"Polygon","coordinates":[[[96.73,-37.45],[96.77,-37.41],[96.84,-37.41],[96.84,-37.48],[96.77,-37.5],[96.77,-37.47],[96.73,-37.45]]]}},{"type":"Feature","properties":{"precip":10},"geometry":{"type":"Polygon","coordinates":[[[7.65,-37.53],[7.65,-37.5],[7.72,-37.5],[7.76,-37.52],[7.76,-37.58],[7.79,-37.6],[7.86,-37.6],[7.94,-37.6],[7.94,-37.69],[7.86,-37.7],[7.76,-37.65],[7.72,-37.6],[7.68,-37.6],[7.68,-37.57],[7.65,-37.57],[7.65,-37.53]]]}},{"type":"Feature","properties":{"precip":10},"geometry":{"type":"Polygon","coordinates":[[[97.31,-37.6],[97.31,-37.53],[97.38,-37.5],[97.49,-37.6],[97.49,-37.64],[97.56,-37.69],[97.63,-37.69],[97.67,-37.64],[97.67,-37.6],[97.74,-37.62],[97.74,-37.67],[97.92,-37.72],[98.03,-37.81],[98.03,-37.89],[97.92,-37.98],[97.85,-38.0],[97.78,-38.0],[97.74,-37.98],[97.74,-37.93],[97.63,-37.91],[97.38,-37.91],[97.27,-37.88],[97.24,-37.82],[97.24,-37.72],[97.13,-37.67],[97.13,-37.6],[97.24,-37.6],[97.24,-37.67],[97.27,-37.7],[97.31,-37.67],[97.31,-37.6]],[[97.74,-37.76],[97.74,-37.7],[97.67,-37.7],[97.67,-37.74],[97.63,-37.74],[97.63,-37.77],[97.67,-37.77],[97.67,-37.79],[97.74,-37.79],[97.74,-37.76]]]}},{"type":"Feature","properties":{"precip":10},"geometry":{"type":"Polygon","coordinates":[[[71.25,-37.65],[71.25,-37.6],[71.32,-37.6],[71.32,-37.62],[71.36,-37.62],[71.36,-37.67],[71.32,-37.67],[71.32,-37.7],[71.25,-37.69],[71.25,-37.65]]]}},{"type":"Feature","properties":{"precip":10},"geometry":{"type":"Polygon","coordinates":[[[36.15,-37.76],[36.15,-37.7],[36.23,-37.7],[36.23,-37.74],[36.26,-37.74],[36.26,-37.77],[36.23,-37.77],[36.23,-37.79],[36.15,-37.79],[36.15,-37.76]]]}},{"type":"Feature","properties":{"precip":10},"geometry":{"type":"Polygon","coordinates":[[[69.23,-37.76],[69.27,-37.74],[69.27,-37.7],[69.34,-37.7],[69.34,-37.79],[69.27,-37.79],[69.27,-37.77],[69.23,-37.76]]]}},{"type":"Feature","properties":{"precip":10},"geometry":{"type":"Polygon","coordinates":[[[75.07,-37.76],[75.07,-37.7],[75.14,-37.7],[75.14,-37.79],[75.07,-37.79],[75.07,-37.76]]]}},{"type":"Feature","properties":{"precip":10},"geometry":{"type":"Polygon","coordinates":[[[-13.34,-37.84],[-13.34,-37.81],[-13.3,-37.79],[-13.27,-37.81],[-13.27,-37.89],[-13.3,-37.91],[-13.34,-37.89],[-13.34,-37.84]]]}},{"type":"Feature","properties":{"precip":10},"geometry":{"type":"Polygon","coordinates":[[[-13.16,-37.84],[-13.12,-37.79],[-13.09,-37.79],[-13.05,-37.82],[-13.05,-37.88],[-13.12,-37.91],[-13.16,-37.88],[-13.16,-37.84]]]}},{"type":"Feature","properties":{"precip":10},"geometry":{"type":"Polygon","coordinates":[[[-6.86,-37.82],[-6.86,-37.81],[-6.79,-37.79],[-6.71,-37.79],[-6.68,-37.81],[-6.68,-37.84],[-6.64,-37.86],[-6.64,-37.98],[-6.57,-38.01],[-6.57,-38.08],[-6.68,-38.03],[-6.71,-37.98],[-6.79,-37.93],[-6.86,-37.86],[-6.86,-37.82]]]}},{"type":"Feature","properties":{"precip":10},"geometry":{"type":"Polygon","coordinates":[[[0.95,-37.84],[0.95,-37.81],[1.02,-37.79],[1.02,-37.82],[1.06,-37.82],[1.06,-37.88],[1.02,-37.88],[1.02,-37.91],[0.95,-37.89],[0.95,-37.84]]]}},{"type":"Feature","properties":{"precip":10},"geometry":{"type":"Polygon","coordinates":[[[8.04,-37.88],[8.04,-37.84],[8.08,-37.82],[8.08,-37.79],[8.12,-37.79],[8.15,-37.82],[8.15,-37.88],[8.22,-37.89],[8.22,-37.91],[8.3,-37.91],[8.33,-37.93],[8.33,-38.08],[8.26,-38.1],[8.15,-38.06],[8.08,-38.0],[8.08,-37.94],[8.04,-37.93],[8.04,-37.88]]]}},{"type":"Feature","properties":{"precip":10},"geometry":{"type":"Polygon","coordinates":[[[95.83,-37.84],[95.94,-37.79],[96.05,-37.81],[96.12,-37.84],[96.19,-37.93],[96.23,-37.94],[96.23,-37.96],[96.34,-37.98],[96.34,-37.93],[96.41,-37.91],[96.52,-37.93],[96.59,-38.01],[96.59,-38.05],[96.66,-38.08],[96.73,-38.08],[96.73,-38.03],[96.77,-38.0],[96.84,-38.0],[96.91,-38.03],[96.95,-38.08],[97.02,-38.1],[97.02,-38.13],[97.06,-38.17],[96.95,-38.22],[96.95,-38.27],[97.06,-38.3],[97.13,-38.29],[97.13,-38.25],[97.13,-38.22],[97.2,-38.2],[97.27,-38.2],[97.31,-38.24],[97.31,-38.27],[97.38,-38.27],[97.42,-38.3],[97.49,-38.3],[97.56,-38.34],[97.56,-38.37],[97.6,-38.39],[97.6,-38.41],[97.67,-38.46],[97.85,-38.53],[97.85,-38.58],[97.78,-38.59],[97.78,-38.63],[97.74,-38.65],[97.74,-38.75],[97.78,-38.77],[97.78,-38.8],[97.85,-38.78],[97.85,-38.73],[97.92,-38.71],[98.17,-38.71],[98.21,-38.73],[98.21,-38.78],[98.21,-38.8],[98.14,-38.8],[98.03,-38.83],[97.99,-38.89],[97.96,-38.95],[97.85,-38.99],[97.85,-38.95],[97.85,-38.92],[97.81,-38.9],[97.67,-38.89],[97.63,-38.87],[97.63,-38.82],[97.56,-38.82],[97.49,-38.8],[97.38,-38.8],[97.31,-38.77],[97.27,-38.77],[97.13,-38.68],[97.13,-38.63],[97.09,-38.63],[97.02,-38.59],[96.84,-38.59],[96.77,-38.58],[96.77,-38.54],[96.73,-38.49],[96.73,-38.3],[96.66,-38.3],[96.66,-38.37],[96.59,-38.37],[96.59,-38.41],[96.41,-38.41],[96.37,-38.37],[96.34,-38.37],[96.34,-38.32],[96.3,-38.3],[96.23,-38.3],[96.16,-38.29],[96.01,-38.24],[96.01,-38.2],[95.94,-38.12],[95.94,-38.03],[95.83,-38.0],[95.69,-38.0],[95.65,-37.96],[95.65,-37.93],[95.69,-37.91],[95.76,-37.91],[95.83,-37.89],[95.83,-37.84]]]}},{"type":"Feature","properties":{"precip":10},"geometry":{"type":"Polygon","coordinates":[[[-3.83,-37.94],[-3.83,-37.91],[-3.76,-37.91],[-3.76,-38.0],[-3.83,-38.0],[-3.83,-37.94]]]}},{"type":"Feature","properties":{"precip":10},"geometry":{"type":"Polygon","coordinates":[[[36.55,-38.0],[36.55,-37.93],[36.59,-37.91],[36.69,-37.91],[36.73,-37.93],[36.73,-37.94],[36.8,-38.0],[36.87,-38.0],[36.95,-38.01],[36.95,-38.08],[36.91,-38.08],[36.84,-38.17],[36.77,-38.2],[36.77,-38.13],[36.73,-38.1],[36.73,-38.01],[36.69,-38.0],[36.66,-38.01],[36.66,-38.08],[36.62,-38.08],[36.62,-38.1],[36.55,-38.08],[36.55,-38.0]]]}},{"type":"Feature","properties":{"precip":10},"geometry":{"type":"Polygon","coordinates":[[[37.16,-38.0],[37.16,-37.91],[37.23,-37.93],[37.23,-38.08],[37.16,-38.08],[37.16,-38.0]]]}},{"type":"Feature","properties":{"precip":10},"geometry":{"type":"Polygon","coordinates":[[[69.23,-37.94],[69.27,-37.93],[69.27,-37.91],[69.34,-37.93],[69.34,-37.98],[69.27,-38.01],[69.27,-38.08],[69.31,-38.08],[69.31,-38.12],[69.34,-38.13],[69.34,-38.18],[69.31,-38.2],[69.27,-38.18],[69.27,-38.15],[69.2,-38.1],[69.13,-38.1],[69.05,-38.08],[69.05,-38.03],[69.13,-38.0],[69.2,-38.0],[69.23,-37.98],[69.23,-37.94]]]}},{"type":"Feature","properties":{"precip":10},"geometry":{"type":"Polygon","coordinates":[[[69.85,-37.94],[69.85,-37.93],[69.88,-37.91],[69.95,-37.93],[69.95,-37.98],[69.92,-38.0],[69.85,-37.98],[69.85,-37.94]]]}},{"type":"Feature","properties":{"precip":10},"geometry":{"type":"Polygon","coordinates":[[[70.06,-37.94],[70.06,-37.91],[70.13,-37.91],[70.13,-38.0],[70.06,-38.0],[70.06,-37.94]]]}},{"type":"Feature","properties":{"precip":10},"geometry":{"type":"Polygon","coordinates":[[[98.35,-38.0],[98.35,-37.93],[98.39,-37.91],[98.39,-37.94],[98.46,-37.96],[98.46,-38.05],[98.39,-38.06],[98.39,-38.1],[98.35,-38.08],[98.35,-38.0]]]}},{"type":"Feature","properties":{"precip":10},"geometry":{"type":"Polygon","coordinates":[[[-13.34,-38.05],[-13.34,-38.0],[-13.27,-38.01],[-13.27,-38.08],[-13.3,-38.1],[-13.34,-38.08],[-13.34,-38.05]]]}},{"type":"Feature","properties":{"precip":10},"geometry":{"type":"Polygon","coordinates":[[[-13.16,-38.05],[-13.12,-38.0],[-13.09,-38.0],[-13.05,-38.03],[-13.05,-38.08],[-13.12,-38.1],[-13.16,-38.08],[-13.16,-38.05]]]}},{"type":"Feature","properties":{"precip":10},"geometry":{"type":"Polygon","coordinates":[[[-12.94,-38.05],[-12.94,-38.01],[-12.87,-38.0],[-12.87,-38.08],[-12.91,-38.1],[-12.94,-38.08],[-12.94,-38.05]]]}},{"type":"Feature","properties":{"precip":10},"geometry":{"type":"Polygon","coordinates":[[[-12.76,-38.05],[-12.73,-38.0],[-12.65,-38.01],[-12.65,-38.08],[-12.69,-38.1],[-12.76,-38.08],[-12.76,-38.05]]]}},{"type":"Feature","properties":{"precip":10},"geometry":{"type":"Polygon","coordinates":[[[8.51,-38.08],[8.58,-38.01],[8.66,-38.03],[8.66,-38.18],[8.69,-38.2],[8.76,-38.2],[8.84,-38.24],[8.84,-38.32],[8.91,-38.41],[8.91,-38.42],[8.94,-38.46],[9.05,-38.51],[9.12,-38.53],[9.16,-38.56],[9.16,-38.68],[9.23,-38.7],[9.23,-38.65],[9.27,-38.63],[9.27,-38.59],[9.34,-38.61],[9.34,-38.75],[9.38,-38.77],[9.38,-38.8],[9.45,-38.78],[9.45,-38.71],[9.52,-38.71],[9.52,-38.73],[9.56,-38.77],[9.56,-38.92],[9.52,-38.94],[9.52,-38.99],[9.45,-39.01],[9.41,-38.97],[9.34,-38.94],[9.23,-38.85],[9.23,-38.82],[9.09,-38.71],[9.05,-38.71],[8.94,-38.66],[8.91,-38.63],[8.91,-38.58],[8.84,-38.53],[8.84,-38.42],[8.76,-38.41],[8.66,-38.41],[8.51,-38.34],[8.48,-38.29],[8.48,-38.13],[8.51,-38.08]]]}},{"type":"Feature","properties":{"precip":10},"geometry":{"type":"Polygon","coordinates":[[[32.41,-38.08],[32.45,-38.06],[32.45,-38.03],[32.48,-38.01],[32.56,-38.01],[32.56,-38.05],[32.52,-38.06],[32.52,-38.08],[32.48,-38.1],[32.48,-38.13],[32.41,-38.18],[32.38,-38.18],[32.38,-38.12],[32.41,-38.08]]]}},{"type":"Feature","properties":{"precip":10},"geometry":{"type":"Polygon","coordinates":[[[37.34,-38.05],[37.41,-38.0],[37.49,-38.0],[37.52,-38.01],[37.56,-38.06],[37.49,-38.08],[37.41,-38.1],[37.38,-38.08],[37.34,-38.08],[37.34,-38.05]]]}},{"type":"Feature","properties":{"precip":10},"geometry":{"type":"Polygon","coordinates":[[[75.64,-38.05],[75.71,-38.0],[75.78,-38.0],[75.86,-38.03],[75.86,-38.08],[75.82,-38.08],[75.78,-38.1],[75.71,-38.1],[75.68,-38.08],[75.64,-38.08],[75.64,-38.05]]]}},{"type":"Feature","properties":{"precip":10},"geometry":{"type":"Polygon","coordinates":[[[98.03,-38.05],[98.03,-38.0],[98.14,-38.01],[98.14,-38.08],[98.03,-38.08],[98.03,-38.05]]]}},{"type":"Feature","properties":{"precip":10},"geometry":{"type":"Polygon","coordinates":[[[98.64,-38.05],[98.68,-38.01],[98.71,-38.0],[98.86,-38.0],[98.97,-38.05],[98.97,-38.08],[99.0,-38.08],[99.07,-38.08],[99.07,-38.1],[99.14,-38.1],[99.14,-38.3],[99.07,-38.29],[99.04,-38.25],[99.04,-38.22],[99.0,-38.2],[98.89,-38.2],[98.86,-38.18],[98.86,-38.13],[98.82,-38.1],[98.71,-38.1],[98.68,-38.08],[98.64,-38.08],[98.64,-38.05]]]}},{"type":"Feature","properties":{"precip":10},"geometry":{"type":"Polygon","coordinates":[[[5.56,-38.18],[5.56,-38.12],[5.63,-38.1],[5.63,-38.15],[5.7,-38.2],[5.78,-38.2],[5.92,-38.25],[6.03,-38.34],[6.03,-38.41],[5.96,-38.39],[5.96,-38.34],[5.92,-38.3],[5.88,-38.3],[5.85,-38.34],[5.85,-38.49],[5.81,-38.51],[5.74,-38.46],[5.67,-38.37],[5.63,-38.3],[5.56,-38.22],[5.56,-38.18]]]}},{"type":"Feature","properties":{"precip":10},"geometry":{"type":"Polygon","coordinates":[[[6.24,-38.15],[6.24,-38.12],[6.28,-38.1],[6.35,-38.12],[6.35,-38.18],[6.28,-38.2],[6.24,-38.18],[6.24,-38.15]]]}},{"type":"Feature","properties":{"precip":10},"geometry":{"type":"Polygon","coordinates":[[[36.26,-38.15],[36.26,-38.1],[36.33,-38.1],[36.33,-38.2],[36.26,-38.2],[36.26,-38.15]]]}},{"type":"Feature","properties":{"precip":10},"geometry":{"type":"Polygon","coordinates":[[[68.66,-38.15],[68.66,-38.12],[68.69,-38.1],[68.8,-38.1],[68.84,-38.12],[68.84,-38.18],[68.8,-38.2],[68.69,-38.2],[68.66,-38.18],[68.66,-38.15]]]}},{"type":"Feature","properties":{"precip":10},"geometry":{"type":"Polygon","coordinates":[[[69.45,-38.13],[69.45,-38.1],[69.52,-38.12],[69.59,-38.18],[69.59,-38.22],[69.63,-38.24],[69.63,-38.29],[69.52,-38.25],[69.49,-38.22],[69.49,-38.18],[69.45,-38.13]]]}},{"type":"Feature","properties":{"precip":10},"geometry":{"type":"Polygon","coordinates":[[[75.35,-38.15],[75.35,-38.1],[75.42,-38.1],[75.46,-38.13],[75.46,-38.17],[75.42,-38.2],[75.35,-38.2],[75.35,-38.15]]]}},{"type":"Feature","properties":{"precip":10},"geometry":{"type":"Polygon","coordinates":[[[82.55,-38.15],[82.55,-38.12],[82.62,-38.1],[82.66,-38.13],[82.66,-38.17],[82.62,-38.2],[82.55,-38.18],[82.55,-38.15]]]}},{"type":"Feature","properties":{"precip":10},"geometry":{"type":"Polygon","coordinates":[[[35.65,-38.25],[35.65,-38.24],[35.72,-38.2],[35.8,-38.2],[35.83,-38.22],[35.83,-38.29],[35.72,-38.3],[35.72,-38.29],[35.65,-38.27],[35.65,-38.25]]]}},{"type":"Feature","properties":{"precip":10},"geometry":{"type":"Polygon","coordinates":[[[37.34,-38.25],[37.38,-38.2],[37.45,-38.22],[37.45,-38.29],[37.38,-38.29],[37.34,-38.27],[37.34,-38.25]]]}},{"type":"Feature","properties":{"precip":10},"geometry":{"type":"Polygon","coordinates":[[[68.33,-38.25],[68.37,-38.24],[68.37,-38.2],[68.44,-38.22],[68.44,-38.29],[68.41,-38.3],[68.33,-38.25]]]}},{"type":"Feature","properties":{"precip":10},"geometry":{"type":"Polygon","coordinates":[[[70.06,-38.25],[70.06,-38.2],[70.13,-38.2],[70.13,-38.29],[70.1,-38.3],[70.06,-38.29],[70.06,-38.25]]]}},{"type":"Feature","properties":{"precip":10},"geometry":{"type":"Polygon","coordinates":[[[82.05,-38.25],[82.05,-38.22],[82.12,-38.2],[82.12,-38.24],[82.12,-38.27],[82.12,-38.29],[82.05,-38.29],[82.05,-38.25]]]}},{"type":"Feature","properties":{"precip":10},"geometry":{"type":"Polygon","coordinates":[[[82.73,-38.35],[82.77,-38.34],[82.77,-38.3],[82.84,-38.3],[82.84,-38.41],[82.77,-38.41],[82.77,-38.37],[82.73,-38.35]]]}},{"type":"Feature","properties":{"precip":10},"geometry":{"type":"Polygon","coordinates":[[[82.95,-38.41],[82.95,-38.32],[83.02,-38.3],[83.02,-38.34],[83.02,-38.46],[82.98,-38.51],[82.98,-38.47],[82.95,-38.47],[82.95,-38.41]]]}},{"type":"Feature","properties":{"precip":10},"geometry":{"type":"Polygon","coordinates":[[[-6.35,-38.44],[-6.35,-38.41],[-6.28,-38.41],[-6.25,-38.42],[-6.25,-38.47],[-6.32,-38.51],[-6.35,-38.49],[-6.35,-38.44]]]}},{"type":"Feature","properties":{"precip":10},"geometry":{"type":"Polygon","coordinates":[[[27.05,-38.44],[27.05,-38.41],[27.12,-38.41],[27.16,-38.42],[27.16,-38.47],[27.08,-38.51],[27.05,-38.49],[27.05,-38.44]]]}},{"type":"Feature","properties":{"precip":10},"geometry":{"type":"Polygon","coordinates":[[[27.66,-38.44],[27.66,-38.41],[27.7,-38.41],[27.8,-38.41],[27.84,-38.42],[27.84,-38.47],[27.77,-38.49],[27.66,-38.49],[27.66,-38.44]]]}},{"type":"Feature","properties":{"precip":10},"geometry":{"type":"Polygon","coordinates":[[[67.94,-38.44],[68.01,-38.41],[68.08,-38.41],[68.15,-38.42],[68.15,-38.47],[68.12,-38.49],[67.97,-38.49],[67.94,-38.44]]]}},{"type":"Feature","properties":{"precip":10},"geometry":{"type":"Polygon","coordinates":[[[68.44,-38.44],[68.48,-38.41],[68.55,-38.41],[68.55,-38.49],[68.51,-38.51],[68.44,-38.47],[68.44,-38.44]]]}},{"type":"Feature","properties":{"precip":10},"geometry":{"type":"Polygon","coordinates":[[[69.85,-38.44],[69.85,-38.41],[69.92,-38.41],[69.95,-38.42],[69.95,-38.47],[69.88,-38.51],[69.85,-38.49],[69.85,-38.44]]]}},{"type":"Feature","properties":{"precip":10},"geometry":{"type":"Polygon","coordinates":[[[5.96,-38.53],[5.96,-38.51],[6.1,-38.51],[6.14,-38.53],[6.14,-38.71],[6.06,-38.68],[6.06,-38.66],[5.96,-38.56],[5.96,-38.53]]]}},{"type":"Feature","properties":{"precip":10},"geometry":{"type":"Polygon","coordinates":[[[6.53,-38.56],[6.57,-38.54],[6.57,-38.51],[6.64,-38.51],[6.64,-38.58],[6.57,-38.59],[6.57,-38.56],[6.53,-38.56]]]}},{"type":"Feature","properties":{"precip":10},"geometry":{"type":"Polygon","coordinates":[[[33.13,-38.56],[33.17,-38.54],[33.17,-38.51],[33.24,-38.51],[33.24,-38.58],[33.17,-38.59],[33.17,-38.56],[33.13,-38.56]]]}},{"type":"Feature","properties":{"precip":10},"geometry":{"type":"Polygon","coordinates":[[[33.85,-38.56],[33.89,-38.51],[34.03,-38.51],[34.18,-38.56],[34.21,-38.59],[34.21,-38.63],[34.25,-38.66],[34.25,-38.73],[34.28,-38.77],[34.28,-38.8],[34.36,-38.87],[34.43,-38.89],[34.46,-38.89],[34.54,-38.92],[34.57,-38.95],[34.57,-38.99],[34.64,-39.07],[34.64,-39.24],[34.68,-39.26],[34.68,-39.3],[34.72,-39.3],[34.82,-39.35],[34.93,-39.43],[34.93,-39.5],[35.0,-39.6],[35.08,-39.66],[35.15,-39.67],[35.22,-39.69],[35.29,-39.69],[35.33,-39.67],[35.36,-39.62],[35.44,-39.6],[35.44,-39.67],[35.4,-39.67],[35.36,-39.72],[35.36,-39.9],[35.44,-39.91],[35.44,-40.01],[35.47,-40.05],[35.47,-40.08],[35.54,-40.1],[35.72,-40.1],[35.87,-40.15],[35.87,-40.17],[35.94,-40.24],[35.94,-40.25],[36.01,-40.29],[36.01,-40.31],[36.08,-40.31],[36.12,-40.32],[36.12,-40.36],[36.15,-40.37],[36.15,-40.56],[36.3,-40.63],[36.33,-40.63],[36.37,-40.65],[36.37,-40.68],[36.41,-40.7],[36.48,-40.8],[36.55,-40.78],[36.55,-40.65],[36.62,-40.58],[36.62,-40.55],[36.69,-40.49],[36.73,-40.49],[36.73,-40.6],[36.77,-40.63],[36.77,-40.67],[36.8,-40.7],[36.87,-40.7],[36.95,-40.68],[36.95,-40.63],[36.98,-40.61],[37.05,-40.61],[37.09,-40.6],[37.13,-40.61],[37.2,-40.61],[37.23,-40.63],[37.23,-40.65],[37.27,-40.68],[37.34,-40.7],[37.41,-40.68],[37.49,-40.61],[37.52,-40.61],[37.56,-40.67],[37.63,-40.68],[37.63,-40.65],[37.7,-40.61],[37.81,-40.61],[37.85,-40.63],[37.85,-40.67],[37.92,-40.7],[37.99,-40.7],[38.06,-40.65],[38.06,-40.61],[38.13,-40.61],[38.13,-40.6],[38.24,-40.63],[38.24,-40.67],[38.31,-40.7],[38.39,-40.7],[38.46,-40.65],[38.46,-40.63],[38.53,-40.6],[38.64,-40.63],[38.64,-40.67],[38.71,-40.7],[38.78,-40.7],[38.85,-40.67],[38.85,-40.63],[38.96,-40.6],[38.96,-40.61],[39.03,-40.61],[39.03,-40.65],[39.11,-40.7],[39.18,-40.7],[39.25,-40.67],[39.25,-40.63],[39.29,-40.61],[39.39,-40.61],[39.47,-40.63],[39.47,-40.68],[39.5,-40.68],[39.54,-40.63],[39.65,-40.61],[39.79,-40.61],[39.86,-40.65],[39.86,-40.68],[39.9,-40.7],[39.97,-40.7],[40.04,-40.68],[40.04,-40.63],[40.08,-40.61],[40.19,-40.61],[40.26,-40.63],[40.29,-40.67],[40.29,-40.7],[40.33,-40.72],[40.33,-40.77],[40.29,-40.8],[40.22,-40.87],[40.22,-40.89],[40.15,-40.87],[40.15,-40.84],[40.11,-40.8],[40.08,-40.8],[40.04,-40.84],[40.04,-40.92],[39.93,-41.09],[39.79,-41.18],[39.75,-41.18],[39.75,-41.13],[39.83,-41.08],[39.83,-41.04],[39.86,-40.99],[39.86,-40.94],[39.83,-40.9],[39.75,-40.94],[39.68,-41.02],[39.61,-41.09],[39.57,-41.13],[39.57,-41.16],[39.54,-41.2],[39.57,-41.25],[39.57,-41.28],[39.59,-41.3],[32.99,-41.3],[32.99,-41.3],[32.99,-41.26],[32.95,-41.26],[32.95,-41.21],[33.02,-41.2],[33.13,-41.21],[33.13,-41.26],[33.17,-41.28],[33.24,-41.3],[33.31,-41.28],[33.38,-41.25],[33.38,-41.2],[33.42,-41.2],[33.42,-41.25],[33.49,-41.3],[33.53,-41.26],[33.53,-41.21],[33.56,-41.16],[33.53,-41.13],[33.53,-41.08],[33.49,-41.04],[33.49,-40.99],[33.42,-40.94],[33.35,-40.84],[33.28,-40.78],[33.28,-40.7],[33.31,-40.7],[33.31,-40.73],[33.35,-40.73],[33.35,-40.78],[33.38,-40.8],[33.49,-40.8],[33.53,-40.78],[33.53,-40.75],[33.56,-40.7],[33.56,-40.67],[33.53,-40.63],[33.53,-40.61],[33.46,-40.58],[33.46,-40.55],[33.49,-40.49],[33.56,-40.46],[33.56,-40.43],[33.6,-40.37],[33.64,-40.36],[33.64,-40.32],[33.56,-40.29],[33.56,-40.17],[33.53,-40.15],[33.53,-40.12],[33.49,-40.1],[33.46,-40.12],[33.46,-40.17],[33.38,-40.2],[33.38,-40.17],[33.35,-40.17],[33.35,-40.03],[33.42,-40.0],[33.49,-40.0],[33.56,-40.03],[33.56,-40.1],[33.64,-40.08],[33.64,-39.98],[33.67,-39.96],[33.67,-39.91],[33.71,-39.9],[33.78,-39.9],[33.85,-39.86],[33.85,-39.74],[33.82,-39.72],[33.82,-39.69],[33.78,-39.69],[33.78,-39.66],[33.74,-39.62],[33.74,-39.38],[33.71,-39.36],[33.71,-39.3],[33.6,-39.19],[33.6,-39.18],[33.56,-39.14],[33.56,-38.89],[33.53,-38.85],[33.53,-38.73],[33.49,-38.7],[33.46,-38.7],[33.46,-38.63],[33.56,-38.59],[33.74,-38.59],[33.74,-38.58],[33.82,-38.58],[33.85,-38.56]],[[37.95,-40.96],[37.95,-40.87],[37.92,-40.84],[37.92,-40.8],[37.88,-40.8],[37.88,-40.82],[37.85,-40.82],[37.85,-40.96],[37.77,-40.99],[37.77,-41.02],[37.74,-41.02],[37.74,-41.08],[37.77,-41.08],[37.81,-41.11],[37.88,-41.11],[37.95,-41.06],[37.95,-40.96]],[[37.74,-40.96],[37.74,-40.9],[37.67,-40.9],[37.67,-40.94],[37.63,-40.96],[37.67,-40.96],[37.67,-40.99],[37.74,-40.99],[37.74,-40.96]]]}},{"type":"Feature","properties":{"precip":10},"geometry":{"type":"Polygon","coordinates":[[[68.84,-38.53],[68.84,-38.51],[68.91,-38.51],[68.95,-38.53],[68.95,-38.56],[69.02,-38.61],[69.02,-38.7],[68.95,-38.66],[68.95,-38.63],[68.91,-38.61],[68.84,-38.56],[68.84,-38.53]]]}},{"type":"Feature","properties":{"precip":10},"geometry":{"type":"Polygon","coordinates":[[[-13.05,-38.65],[-13.05,-38.61],[-12.98,-38.59],[-12.94,-38.63],[-12.94,-38.66],[-13.01,-38.71],[-13.05,-38.7],[-13.05,-38.65]]]}},{"type":"Feature","properties":{"precip":10},"geometry":{"type":"Polygon","coordinates":[[[-12.87,-38.65],[-12.83,-38.63],[-12.83,-38.59],[-12.76,-38.61],[-12.76,-38.7],[-12.83,-38.7],[-12.83,-38.66],[-12.87,-38.65]]]}},{"type":"Feature","properties":{"precip":10},"geometry":{"type":"Polygon","coordinates":[[[-1.75,-38.65],[-1.75,-38.61],[-1.68,-38.59],[-1.6,-38.59],[-1.57,-38.63],[-1.57,-38.73],[-1.53,-38.73],[-1.53,-38.78],[-1.46,-38.82],[-1.46,-38.95],[-1.39,-39.01],[-1.24,-39.01],[-1.17,-39.02],[-1.17,-39.09],[-1.14,-39.12],[-1.14,-39.23],[-1.1,-39.28],[-1.1,-39.33],[-1.06,-39.36],[-0.99,-39.38],[-0.88,-39.4],[-0.88,-39.43],[-0.85,-39.45],[-0.85,-39.67],[-0.81,-39.69],[-0.74,-39.69],[-0.67,-39.71],[-0.67,-39.74],[-0.63,-39.74],[-0.63,-39.79],[-0.56,-39.78],[-0.56,-39.72],[-0.52,-39.71],[-0.42,-39.76],[-0.42,-39.81],[-0.34,-39.84],[-0.38,-39.9],[-0.49,-39.9],[-0.56,-39.93],[-0.56,-39.96],[-0.52,-40.0],[-0.45,-40.0],[-0.42,-40.0],[-0.31,-40.0],[-0.27,-40.01],[-0.27,-40.1],[-0.24,-40.15],[-0.24,-40.29],[-0.2,-40.31],[-0.13,-40.31],[-0.06,-40.32],[-0.06,-40.37],[-0.16,-40.46],[-0.09,-40.48],[-0.09,-40.51],[-0.06,-40.53],[-0.06,-40.67],[0.02,-40.7],[0.05,-40.68],[0.05,-40.61],[0.12,-40.61],[0.12,-40.63],[0.16,-40.65],[0.16,-40.73],[0.12,-40.75],[0.09,-40.8],[-0.27,-40.8],[-0.34,-40.77],[-0.34,-40.75],[-0.42,-40.7],[-0.45,-40.63],[-0.52,-40.61],[-0.52,-40.6],[-0.6,-40.6],[-0.67,-40.51],[-0.74,-40.48],[-0.85,-40.32],[-0.85,-40.24],[-0.92,-40.2],[-1.03,-40.2],[-1.14,-40.17],[-1.14,-40.1],[-1.06,-40.1],[-1.06,-40.01],[-1.1,-40.0],[-1.17,-40.0],[-1.24,-39.98],[-1.24,-39.84],[-1.32,-39.81],[-1.39,-39.81],[-1.42,-39.79],[-1.42,-39.76],[-1.46,-39.72],[-1.46,-39.57],[-1.5,-39.54],[-1.5,-39.5],[-1.57,-39.43],[-1.6,-39.42],[-1.6,-39.38],[-1.64,-39.36],[-1.64,-39.24],[-1.68,-39.23],[-1.68,-39.19],[-1.71,-39.19],[-1.75,-39.14],[-1.75,-38.87],[-1.71,-38.8],[-1.64,-38.73],[-1.75,-38.7],[-1.75,-38.65]],[[-1.57,-38.85],[-1.57,-38.8],[-1.64,-38.8],[-1.64,-38.89],[-1.57,-38.89],[-1.57,-38.85]]]}},{"type":"Feature","properties":{"precip":10},"geometry":{"type":"Polygon","coordinates":[[[27.05,-38.65],[27.05,-38.61],[27.08,-38.59],[27.16,-38.61],[27.16,-38.68],[27.08,-38.71],[27.05,-38.7],[27.05,-38.65]]]}},{"type":"Feature","properties":{"precip":10},"geometry":{"type":"Polygon","coordinates":[[[67.76,-38.65],[67.76,-38.61],[67.79,-38.59],[67.9,-38.59],[67.94,-38.61],[67.94,-38.68],[67.83,-38.7],[67.76,-38.68],[67.76,-38.65]]]}},{"type":"Feature","properties":{"precip":10},"geometry":{"type":"Polygon","coordinates":[[[68.15,-38.65],[68.15,-38.61],[68.23,-38.59],[68.26,-38.63],[68.26,-38.66],[68.19,-38.71],[68.15,-38.7],[68.15,-38.65]]]}},{"type":"Feature","properties":{"precip":10},"geometry":{"type":"Polygon","coordinates":[[[68.55,-38.65],[68.55,-38.61],[68.62,-38.59],[68.66,-38.63],[68.66,-38.66],[68.59,-38.71],[68.55,-38.7],[68.55,-38.65]]]}},{"type":"Feature","properties":{"precip":10},"geometry":{"type":"Polygon","coordinates":[[[76.22,-38.65],[76.22,-38.61],[76.32,-38.59],[76.36,-38.63],[76.36,-38.66],[76.29,-38.71],[76.22,-38.7],[76.22,-38.65]]]}},{"type":"Feature","properties":{"precip":10},"geometry":{"type":"Polygon","coordinates":[[[-6.14,-38.75],[-6.14,-38.71],[-6.07,-38.71],[-6.07,-38.8],[-6.14,-38.8],[-6.14,-38.75]]]}},{"type":"Feature","properties":{"precip":10},"geometry":{"type":"Polygon","coordinates":[[[7.14,-38.75],[7.14,-38.73],[7.18,-38.71],[7.25,-38.73],[7.25,-38.78],[7.18,-38.8],[7.14,-38.78],[7.14,-38.75]]]}},{"type":"Feature","properties":{"precip":10},"geometry":{"type":"Polygon","coordinates":[[[27.55,-38.73],[27.59,-38.71],[27.84,-38.71],[27.84,-38.77],[27.77,-38.83],[27.73,-38.85],[27.73,-38.89],[27.66,-38.89],[27.66,-38.85],[27.59,-38.78],[27.55,-38.77],[27.55,-38.73]]]}},{"type":"Feature","properties":{"precip":10},"geometry":{"type":"Polygon","coordinates":[[[68.33,-38.75],[68.37,-38.73],[68.37,-38.71],[68.44,-38.71],[68.44,-38.78],[68.37,-38.8],[68.37,-38.77],[68.33,-38.75]]]}},{"type":"Feature","properties":{"precip":10},"geometry":{"type":"Polygon","coordinates":[[[69.56,-38.85],[69.56,-38.71],[69.59,-38.71],[69.74,-38.83],[69.74,-38.87],[69.7,-38.89],[69.7,-38.9],[69.63,-38.95],[69.63,-38.99],[69.56,-38.99],[69.56,-38.85]]]}},{"type":"Feature","properties":{"precip":10},"geometry":{"type":"Polygon","coordinates":[[[82.3,-38.75],[82.37,-38.71],[82.44,-38.71],[82.44,-38.78],[82.37,-38.8],[82.3,-38.75]]]}},{"type":"Feature","properties":{"precip":10},"geometry":{"type":"Polygon","coordinates":[[[-11.14,-38.85],[-11.14,-38.82],[-11.07,-38.82],[-11.07,-38.8],[-10.93,-38.8],[-10.85,-38.83],[-10.85,-38.95],[-10.78,-39.01],[-10.71,-39.01],[-10.67,-39.02],[-10.67,-39.04],[-10.64,-39.06],[-10.64,-39.16],[-10.53,-39.26],[-10.46,-39.3],[-10.39,-39.31],[-10.35,-39.35],[-10.35,-39.47],[-10.31,-39.5],[-10.24,-39.5],[-10.17,-39.52],[-10.17,-39.55],[-10.13,-39.55],[-10.13,-39.59],[-10.06,-39.6],[-9.99,-39.6],[-9.95,-39.64],[-9.95,-39.67],[-9.88,-39.69],[-9.88,-39.67],[-9.81,-39.6],[-9.77,-39.62],[-9.74,-39.67],[-9.74,-39.69],[-9.67,-39.67],[-9.67,-39.42],[-9.74,-39.38],[-9.74,-39.28],[-9.77,-39.26],[-9.77,-39.21],[-9.85,-39.19],[-9.95,-39.16],[-10.03,-39.09],[-10.03,-39.01],[-9.99,-39.01],[-9.92,-39.06],[-9.92,-39.09],[-9.88,-39.09],[-9.88,-39.06],[-9.85,-39.04],[-9.77,-39.01],[-9.63,-39.01],[-9.56,-39.04],[-9.56,-39.07],[-9.52,-39.09],[-9.41,-39.09],[-9.34,-39.06],[-9.34,-39.04],[-9.31,-39.02],[-9.23,-39.06],[-9.2,-39.11],[-9.13,-39.18],[-9.05,-39.28],[-9.05,-39.36],[-8.98,-39.4],[-8.91,-39.4],[-8.87,-39.42],[-8.87,-39.48],[-8.84,-39.52],[-8.84,-39.67],[-8.77,-39.69],[-8.66,-39.74],[-8.59,-39.81],[-8.59,-39.84],[-8.55,-39.86],[-8.55,-39.95],[-8.51,-39.96],[-8.51,-40.0],[-8.48,-40.01],[-8.44,-40.07],[-8.37,-40.08],[-8.33,-40.05],[-8.33,-40.01],[-8.3,-40.0],[-8.26,-40.01],[-8.26,-40.07],[-8.23,-40.07],[-8.19,-40.1],[-8.12,-40.1],[-8.05,-40.13],[-8.05,-40.17],[-7.97,-40.19],[-7.97,-40.2],[-7.9,-40.2],[-7.87,-40.22],[-7.87,-40.34],[-7.83,-40.36],[-7.83,-40.39],[-7.76,-40.43],[-7.76,-40.56],[-7.65,-40.61],[-7.65,-40.67],[-7.72,-40.7],[-7.79,-40.7],[-7.83,-40.72],[-7.87,-40.77],[-7.79,-40.8],[-7.76,-40.82],[-7.76,-41.04],[-7.72,-41.06],[-7.72,-41.11],[-7.69,-41.11],[-7.65,-41.13],[-7.65,-41.26],[-7.58,-41.3],[-7.51,-41.3],[-7.5,-41.3],[-6.54,-41.3],[-6.53,-41.3],[-6.43,-41.3],[-6.35,-41.25],[-6.35,-40.96],[-6.32,-40.94],[-6.32,-40.9],[-6.25,-40.87],[-6.25,-40.82],[-6.32,-40.8],[-6.35,-40.8],[-6.43,-40.77],[-6.53,-40.68],[-6.53,-40.65],[-6.57,-40.63],[-6.53,-40.61],[-6.43,-40.61],[-6.39,-40.6],[-6.32,-40.61],[-6.25,-40.65],[-6.25,-40.77],[-6.21,-40.8],[-6.1,-40.8],[-6.07,-40.78],[-6.07,-40.7],[-6.14,-40.68],[-6.14,-40.61],[-6.07,-40.63],[-6.07,-40.67],[-6.03,-40.7],[-5.96,-40.67],[-5.96,-40.55],[-5.89,-40.49],[-5.74,-40.49],[-5.67,-40.48],[-5.67,-40.41],[-5.74,-40.39],[-5.74,-40.32],[-5.71,-40.31],[-5.63,-40.31],[-5.56,-40.27],[-5.53,-40.22],[-5.49,-40.22],[-5.42,-40.25],[-5.42,-40.31],[-5.35,-40.37],[-5.35,-40.48],[-5.31,-40.49],[-5.2,-40.49],[-5.17,-40.53],[-5.17,-40.7],[-5.13,-40.73],[-5.13,-40.8],[-5.09,-40.8],[-5.06,-40.82],[-5.06,-41.06],[-4.99,-41.11],[-4.84,-41.11],[-4.77,-41.08],[-4.73,-41.04],[-4.73,-41.01],[-4.7,-40.99],[-4.66,-41.02],[-4.66,-41.23],[-4.63,-41.26],[-4.55,-41.3],[-4.37,-41.3],[-4.3,-41.26],[-4.27,-41.26],[-4.27,-41.21],[-4.34,-41.2],[-4.41,-41.2],[-4.45,-41.18],[-4.45,-41.13],[-4.37,-41.11],[-4.3,-41.11],[-4.27,-41.11],[-4.23,-41.18],[-4.16,-41.14],[-4.05,-41.06],[-3.98,-40.96],[-3.91,-40.92],[-3.8,-40.82],[-3.76,-40.82],[-3.76,-40.89],[-3.8,-40.89],[-3.83,-40.92],[-3.83,-40.97],[-3.8,-41.02],[-3.73,-41.08],[-3.65,-41.08],[-3.65,-41.02],[-3.58,-41.01],[-3.55,-41.06],[-3.47,-41.11],[-3.47,-41.13],[-3.4,-41.16],[-3.37,-41.2],[-3.26,-41.2],[-3.26,-41.14],[-3.33,-41.09],[-3.37,-41.02],[-3.4,-41.01],[-3.4,-40.97],[-3.44,-40.96],[-3.44,-40.92],[-3.4,-40.9],[-3.37,-40.92],[-3.37,-40.96],[-3.3,-40.99],[-3.22,-40.99],[-3.15,-41.04],[-3.15,-41.14],[-3.08,-41.21],[-3.08,-41.25],[-3.01,-41.28],[-2.99,-41.3],[-2.72,-41.3],[-2.72,-41.3],[-2.68,-41.3],[-2.68,-41.26],[-2.65,-41.26],[-2.65,-41.16],[-2.68,-41.13],[-2.68,-41.11],[-2.72,-41.11],[-2.76,-41.13],[-2.76,-41.18],[-2.83,-41.2],[-2.83,-41.11],[-2.76,-41.04],[-2.68,-41.01],[-2.58,-41.13],[-2.5,-41.16],[-2.5,-41.18],[-2.43,-41.2],[-2.36,-41.23],[-2.36,-41.3],[-2.36,-41.3],[-1.6,-41.3],[-1.6,-41.3],[-1.68,-41.3],[-1.75,-41.26],[-1.75,-41.16],[-1.78,-41.13],[-1.78,-41.11],[-1.82,-41.11],[-1.86,-41.13],[-1.86,-41.18],[-1.93,-41.2],[-1.93,-41.11],[-1.86,-41.08],[-1.86,-41.04],[-1.78,-40.99],[-1.78,-40.92],[-1.82,-40.9],[-1.82,-40.87],[-1.86,-40.85],[-1.86,-40.82],[-1.78,-40.8],[-1.75,-40.84],[-1.75,-40.87],[-1.68,-40.89],[-1.68,-40.85],[-1.64,-40.8],[-1.6,-40.8],[-1.53,-40.8],[-1.42,-40.87],[-1.35,-40.99],[-1.35,-41.16],[-1.28,-41.2],[-1.03,-41.2],[-0.99,-41.21],[-0.92,-41.21],[-0.85,-41.25],[-0.85,-41.3],[0.59,-41.3],[0.59,-41.3],[0.7,-41.3],[0.7,-41.3],[4.44,-41.3],[4.44,-41.08],[4.41,-41.04],[4.41,-40.99],[4.37,-40.96],[4.26,-40.9],[4.19,-40.9],[4.16,-40.92],[4.16,-40.97],[4.12,-40.99],[4.05,-40.96],[4.05,-40.84],[4.08,-40.8],[4.23,-40.78],[4.23,-40.72],[4.26,-40.7],[4.26,-40.61],[4.34,-40.61],[4.34,-40.65],[4.41,-40.7],[4.48,-40.7],[4.55,-40.73],[4.55,-40.78],[4.48,-40.8],[4.44,-40.82],[4.44,-40.85],[4.52,-40.89],[4.59,-40.9],[4.88,-40.9],[4.95,-40.94],[4.95,-41.14],[4.98,-41.16],[4.98,-41.2],[5.09,-41.2],[5.16,-41.14],[5.16,-41.11],[5.2,-41.11],[5.38,-41.11],[5.45,-41.13],[5.45,-41.16],[5.42,-41.2],[5.34,-41.2],[5.27,-41.21],[5.24,-41.25],[5.24,-41.26],[5.27,-41.26],[5.27,-41.3],[5.31,-41.3],[5.31,-41.3],[5.77,-41.3],[5.78,-41.3],[5.85,-41.26],[5.88,-41.25],[5.88,-41.2],[5.92,-41.2],[5.92,-41.26],[6.06,-41.3],[6.21,-41.3],[6.21,-41.3],[6.86,-41.3],[6.86,-41.28],[6.82,-41.25],[6.82,-41.21],[6.78,-41.2],[6.75,-41.23],[6.75,-41.3],[6.46,-41.3],[6.46,-41.25],[6.53,-41.14],[6.6,-41.11],[6.6,-41.09],[6.64,-41.08],[6.64,-41.01],[6.57,-40.99],[6.5,-40.99],[6.46,-40.97],[6.46,-40.87],[6.42,-40.85],[6.42,-40.82],[6.35,-40.8],[6.21,-40.8],[6.17,-40.77],[6.14,-40.77],[6.14,-40.73],[6.17,-40.7],[6.24,-40.67],[6.24,-40.55],[6.17,-40.49],[6.1,-40.48],[5.96,-40.36],[5.96,-40.32],[5.99,-40.31],[6.06,-40.34],[6.06,-40.39],[6.14,-40.39],[6.14,-40.34],[6.21,-40.31],[6.24,-40.32],[6.24,-40.36],[6.32,-40.39],[6.39,-40.39],[6.39,-40.41],[6.5,-40.41],[6.53,-40.43],[6.53,-40.48],[6.5,-40.49],[6.42,-40.49],[6.35,-40.51],[6.35,-40.56],[6.42,-40.6],[6.6,-40.6],[6.64,-40.58],[6.64,-40.24],[6.6,-40.2],[6.53,-40.2],[6.46,-40.19],[6.46,-40.15],[6.39,-40.1],[6.32,-40.1],[6.24,-40.05],[6.24,-39.98],[6.17,-39.9],[6.17,-39.86],[6.1,-39.81],[6.03,-39.72],[5.96,-39.6],[5.96,-39.54],[6.03,-39.52],[6.1,-39.52],[6.21,-39.5],[6.28,-39.52],[6.39,-39.52],[6.46,-39.54],[6.46,-39.59],[6.5,-39.6],[6.53,-39.59],[6.53,-39.33],[6.5,-39.3],[6.46,-39.31],[6.42,-39.36],[6.42,-39.38],[6.35,-39.38],[6.35,-39.33],[6.39,-39.33],[6.39,-39.3],[6.42,-39.26],[6.46,-39.26],[6.46,-39.23],[6.39,-39.19],[6.35,-39.18],[6.35,-39.11],[6.42,-39.11],[6.42,-39.14],[6.46,-39.16],[6.46,-39.19],[6.5,-39.19],[6.53,-39.19],[6.53,-39.16],[6.57,-39.11],[6.64,-39.12],[6.64,-39.16],[6.71,-39.19],[6.71,-39.18],[6.75,-39.14],[6.86,-39.09],[6.93,-39.09],[7.0,-39.11],[7.04,-39.14],[7.04,-39.28],[7.0,-39.3],[6.93,-39.3],[6.86,-39.33],[6.86,-39.48],[6.89,-39.5],[7.0,-39.5],[7.04,-39.48],[7.04,-39.43],[7.14,-39.4],[7.32,-39.4],[7.47,-39.35],[7.5,-39.31],[7.58,-39.3],[7.65,-39.31],[7.72,-39.31],[7.76,-39.35],[7.76,-39.36],[7.65,-39.42],[7.65,-39.52],[7.68,-39.55],[7.68,-39.59],[7.72,-39.64],[7.86,-39.69],[7.97,-39.69],[8.04,-39.74],[8.04,-39.93],[8.08,-39.96],[8.08,-40.0],[8.12,-40.0],[8.12,-40.03],[8.15,-40.03],[8.15,-40.15],[8.22,-40.19],[8.22,-40.2],[8.3,-40.2],[8.3,-40.19],[8.37,-40.15],[8.37,-40.12],[8.4,-40.1],[8.44,-40.12],[8.44,-40.17],[8.37,-40.2],[8.37,-40.29],[8.44,-40.32],[8.48,-40.39],[8.58,-40.48],[8.66,-40.49],[8.73,-40.51],[8.73,-40.58],[8.76,-40.61],[8.76,-40.78],[8.84,-40.8],[8.98,-40.85],[8.98,-40.89],[9.02,-40.9],[9.02,-40.94],[9.05,-40.96],[9.09,-40.96],[9.12,-40.99],[9.2,-40.99],[9.23,-41.02],[9.23,-41.2],[9.16,-41.21],[9.16,-41.28],[9.2,-41.3],[9.27,-41.3],[9.27,-41.3],[-13.36,-41.3],[-13.36,-40.31],[-13.23,-40.31],[-13.19,-40.32],[-13.09,-40.32],[-13.05,-40.34],[-13.05,-40.37],[-12.98,-40.39],[-12.8,-40.39],[-12.65,-40.36],[-12.65,-40.32],[-12.62,-40.31],[-12.55,-40.34],[-12.55,-40.37],[-12.47,-40.39],[-12.47,-40.34],[-12.37,-40.31],[-12.26,-40.31],[-12.19,-40.27],[-12.15,-40.27],[-12.15,-40.24],[-12.11,-40.2],[-12.08,-40.22],[-12.08,-40.25],[-12.04,-40.29],[-11.97,-40.29],[-11.97,-40.25],[-11.93,-40.24],[-11.83,-40.12],[-11.75,-40.13],[-11.75,-40.17],[-11.72,-40.2],[-11.65,-40.15],[-11.61,-40.1],[-11.54,-40.15],[-11.54,-40.19],[-11.47,-40.19],[-11.47,-40.15],[-11.43,-40.13],[-11.43,-40.1],[-11.39,-40.1],[-11.36,-40.15],[-11.29,-40.19],[-11.29,-40.15],[-11.25,-40.13],[-11.18,-40.1],[-11.07,-40.1],[-11.0,-40.07],[-10.93,-40.01],[-10.85,-39.96],[-10.85,-39.91],[-10.89,-39.9],[-11.0,-39.9],[-11.03,-39.88],[-11.03,-39.83],[-11.07,-39.81],[-11.07,-39.71],[-11.14,-39.67],[-11.14,-39.55],[-11.18,-39.54],[-11.18,-39.5],[-11.25,-39.47],[-11.25,-39.43],[-11.18,-39.38],[-11.18,-39.36],[-11.14,-39.35],[-11.25,-39.26],[-11.25,-39.16],[-11.21,-39.12],[-11.11,-39.07],[-11.07,-39.07],[-11.07,-38.9],[-11.14,-38.89],[-11.14,-38.85]],[[-10.78,-39.33],[-10.85,-39.23],[-11.0,-39.11],[-11.11,-39.18],[-11.11,-39.19],[-11.14,-39.23],[-11.14,-39.3],[-11.03,-39.3],[-10.96,-39.33],[-10.96,-39.45],[-10.89,-39.5],[-10.82,-39.5],[-10.75,-39.52],[-10.75,-39.57],[-10.67,-39.6],[-10.6,-39.6],[-10.57,-39.59],[-10.57,-39.54],[-10.6,-39.52],[-10.6,-39.5],[-10.67,-39.42],[-10.75,-39.36],[-10.78,-39.33]],[[-9.56,-39.19],[-9.56,-39.11],[-9.63,-39.11],[-9.63,-39.14],[-9.67,-39.16],[-9.67,-39.23],[-9.63,-39.24],[-9.63,-39.3],[-9.56,-39.28],[-9.56,-39.19]],[[6.86,-39.24],[6.86,-39.21],[6.82,-39.19],[6.75,-39.21],[6.75,-39.28],[6.82,-39.3],[6.86,-39.28],[6.86,-39.24]],[[6.75,-39.4],[6.75,-39.33],[6.71,-39.3],[6.68,-39.3],[6.68,-39.33],[6.64,-39.35],[6.64,-39.45],[6.68,-39.47],[6.68,-39.5],[6.75,-39.47],[6.75,-39.4]],[[6.64,-39.81],[6.64,-39.64],[6.6,-39.6],[6.53,-39.64],[6.5,-39.67],[6.5,-39.71],[6.46,-39.74],[6.46,-39.86],[6.57,-39.96],[6.57,-40.0],[6.64,-40.0],[6.64,-39.81]],[[-9.92,-39.78],[-9.99,-39.71],[-10.06,-39.72],[-10.06,-39.84],[-9.99,-39.9],[-9.88,-39.9],[-9.85,-39.84],[-9.88,-39.84],[-9.88,-39.81],[-9.92,-39.78]],[[-9.74,-39.74],[-9.77,-39.72],[-9.77,-39.69],[-9.85,-39.71],[-9.85,-39.79],[-9.81,-39.81],[-9.74,-39.74]],[[-9.45,-39.74],[-9.52,-39.69],[-9.59,-39.69],[-9.63,-39.71],[-9.67,-39.76],[-9.59,-39.79],[-9.52,-39.81],[-9.49,-39.78],[-9.45,-39.78],[-9.45,-39.74]],[[-10.24,-39.84],[-10.31,-39.81],[-10.49,-39.81],[-10.57,-39.84],[-10.57,-39.86],[-10.53,-39.86],[-10.49,-39.9],[-10.31,-39.9],[-10.24,-39.84]],[[-9.67,-39.84],[-9.67,-39.81],[-9.74,-39.81],[-9.74,-39.9],[-9.67,-39.9],[-9.67,-39.84]],[[6.35,-39.84],[6.35,-39.83],[6.32,-39.81],[6.24,-39.83],[6.24,-39.88],[6.28,-39.9],[6.35,-39.88],[6.35,-39.84]],[[6.86,-39.95],[6.82,-39.9],[6.75,-39.91],[6.75,-40.0],[6.82,-40.0],[6.86,-39.98],[6.86,-39.95]],[[-9.92,-40.07],[-10.03,-40.01],[-10.1,-40.0],[-10.35,-40.0],[-10.35,-40.07],[-10.28,-40.12],[-10.21,-40.17],[-10.03,-40.2],[-9.95,-40.2],[-9.85,-40.17],[-9.88,-40.15],[-9.88,-40.12],[-9.92,-40.07]],[[-9.67,-40.05],[-9.67,-40.01],[-9.7,-40.0],[-9.81,-40.0],[-9.85,-40.01],[-9.85,-40.08],[-9.81,-40.1],[-9.7,-40.1],[-9.67,-40.08],[-9.67,-40.05]],[[7.14,-40.15],[7.14,-40.03],[7.11,-40.0],[7.0,-40.0],[6.96,-40.01],[6.96,-40.29],[7.0,-40.31],[7.11,-40.31],[7.14,-40.27],[7.14,-40.15]],[[7.25,-40.46],[7.25,-40.43],[7.22,-40.41],[7.14,-40.43],[7.14,-40.48],[7.18,-40.49],[7.25,-40.48],[7.25,-40.46]],[[6.89,-40.58],[6.82,-40.51],[6.75,-40.53],[6.71,-40.58],[6.64,-40.7],[6.64,-40.75],[6.71,-40.8],[6.82,-40.78],[6.89,-40.73],[6.89,-40.7],[6.93,-40.68],[6.93,-40.63],[6.89,-40.58]],[[7.14,-40.65],[7.14,-40.61],[7.11,-40.6],[7.04,-40.63],[7.04,-40.67],[7.07,-40.68],[7.14,-40.68],[7.14,-40.65]],[[7.04,-40.8],[7.04,-40.72],[6.96,-40.7],[6.96,-40.89],[7.04,-40.89],[7.04,-40.8]],[[7.86,-40.85],[7.83,-40.8],[7.76,-40.8],[7.76,-40.89],[7.83,-40.9],[7.83,-40.87],[7.86,-40.85]],[[-1.57,-40.96],[-1.57,-40.9],[-1.64,-40.9],[-1.64,-40.99],[-1.57,-40.99],[-1.57,-40.96]],[[7.25,-40.99],[7.25,-40.96],[7.22,-40.94],[7.22,-40.9],[7.18,-40.9],[7.18,-40.94],[7.14,-40.96],[7.14,-41.06],[7.18,-41.08],[7.18,-41.11],[7.22,-41.11],[7.22,-41.08],[7.25,-41.06],[7.25,-40.99]],[[-3.83,-41.14],[-3.87,-41.11],[-3.87,-41.01],[-3.94,-41.02],[-3.94,-41.26],[-3.87,-41.28],[-3.87,-41.18],[-3.83,-41.14]],[[-1.64,-41.06],[-1.64,-41.02],[-1.68,-41.02],[-1.68,-40.99],[-1.75,-41.01],[-1.75,-41.09],[-1.68,-41.11],[-1.68,-41.08],[-1.64,-41.06]],[[8.04,-41.06],[8.04,-41.01],[7.97,-40.99],[7.97,-41.02],[7.94,-41.02],[7.94,-41.08],[7.97,-41.08],[7.97,-41.11],[8.04,-41.09],[8.04,-41.06]],[[-1.46,-41.14],[-1.46,-41.11],[-1.53,-41.11],[-1.53,-41.13],[-1.57,-41.13],[-1.57,-41.16],[-1.53,-41.16],[-1.53,-41.2],[-1.46,-41.2],[-1.46,-41.14]],[[-3.44,-41.26],[-3.44,-41.23],[-3.47,-41.23],[-3.47,-41.2],[-3.55,-41.21],[-3.55,-41.28],[-3.47,-41.3],[-3.47,-41.26],[-3.44,-41.26]],[[8.33,-41.26],[8.33,-41.21],[8.26,-41.21],[8.26,-41.28],[8.33,-41.3],[8.33,-41.26]],[[8.66,-41.3],[8.66,-41.25],[8.62,-41.23],[8.62,-41.2],[8.58,-41.2],[8.55,-41.23],[8.55,-41.3],[8.66,-41.3],[8.66,-41.3]],[[-3.98,-41.3],[-3.98,-41.3],[-3.99,-41.3],[-3.98,-41.3]],[[-3.26,-41.3],[-3.26,-41.3],[-3.33,-41.3],[-3.33,-41.3],[-3.26,-41.3]],[[-2.5,-41.3],[-2.5,-41.3],[-2.61,-41.3],[-2.61,-41.3],[-2.5,-41.3]],[[-1.02,-41.3],[-1.03,-41.3],[-1.03,-41.3],[-1.02,-41.3]],[[8.22,-41.3],[8.22,-41.3],[8.22,-41.3],[8.22,-41.3]]]}},{"type":"Feature","properties":{"precip":10},"geometry":{"type":"Polygon","coordinates":[[[-1.06,-38.85],[-1.03,-38.8],[-0.96,-38.82],[-0.96,-38.89],[-1.03,-38.89],[-1.06,-38.85]]]}},{"type":"Feature","properties":{"precip":10},"geometry":{"type":"Polygon","coordinates":[[[6.35,-38.83],[6.39,-38.8],[6.5,-38.8],[6.53,-38.83],[6.53,-39.01],[6.5,-39.01],[6.46,-38.95],[6.39,-38.89],[6.35,-38.89],[6.35,-38.83]]]}},{"type":"Feature","properties":{"precip":10},"geometry":{"type":"Polygon","coordinates":[[[67.43,-38.89],[67.47,-38.87],[67.47,-38.82],[67.51,-38.8],[67.61,-38.8],[67.65,-38.82],[67.65,-38.85],[67.61,-38.87],[67.61,-38.89],[67.51,-38.99],[67.47,-39.01],[67.47,-38.97],[67.43,-38.94],[67.43,-38.89]]]}},{"type":"Feature","properties":{"precip":10},"geometry":{"type":"Polygon","coordinates":[[[68.05,-38.89],[68.05,-38.83],[68.08,-38.8],[68.12,-38.8],[68.12,-38.83],[68.15,-38.85],[68.15,-38.95],[68.12,-38.97],[68.12,-39.01],[68.05,-38.97],[68.05,-38.89]]]}},{"type":"Feature","properties":{"precip":10},"geometry":{"type":"Polygon","coordinates":[[[68.66,-38.85],[68.66,-38.82],[68.73,-38.8],[68.73,-38.89],[68.66,-38.89],[68.66,-38.85]]]}},{"type":"Feature","properties":{"precip":10},"geometry":{"type":"Polygon","coordinates":[[[83.92,-38.85],[83.92,-38.82],[84.03,-38.8],[84.03,-38.83],[84.06,-38.85],[84.03,-38.87],[84.03,-38.89],[83.92,-38.89],[83.92,-38.85]]]}},{"type":"Feature","properties":{"precip":10},"geometry":{"type":"Polygon","coordinates":[[[4.52,-38.97],[4.55,-38.92],[4.62,-38.9],[4.66,-38.94],[4.66,-38.97],[4.73,-38.99],[4.73,-38.95],[4.77,-38.94],[4.77,-38.9],[4.84,-38.9],[4.84,-38.94],[4.77,-39.02],[4.73,-39.07],[4.62,-39.16],[4.52,-39.19],[4.44,-39.16],[4.44,-39.09],[4.48,-39.04],[4.48,-39.02],[4.52,-38.97]]]}},{"type":"Feature","properties":{"precip":10},"geometry":{"type":"Polygon","coordinates":[[[7.04,-38.95],[7.04,-38.92],[7.11,-38.89],[7.14,-38.9],[7.14,-38.99],[7.07,-39.01],[7.07,-38.97],[7.04,-38.95]]]}},{"type":"Feature","properties":{"precip":10},"geometry":{"type":"Polygon","coordinates":[[[9.66,-39.04],[9.66,-38.9],[9.74,-38.92],[9.74,-39.02],[9.77,-39.04],[9.77,-39.07],[9.91,-39.11],[9.91,-39.14],[9.95,-39.16],[9.95,-39.24],[9.99,-39.26],[9.99,-39.3],[10.02,-39.31],[10.02,-39.35],[10.13,-39.43],[10.13,-39.5],[10.06,-39.48],[10.06,-39.43],[10.02,-39.43],[9.95,-39.4],[9.84,-39.4],[9.77,-39.36],[9.77,-39.35],[9.74,-39.33],[9.74,-39.21],[9.66,-39.19],[9.66,-39.04]]]}},{"type":"Feature","properties":{"precip":10},"geometry":{"type":"Polygon","coordinates":[[[67.04,-39.01],[67.04,-38.95],[67.07,-38.94],[67.07,-38.9],[67.15,-38.89],[67.25,-38.92],[67.22,-38.97],[67.22,-39.01],[67.15,-39.06],[67.07,-39.09],[67.04,-39.06],[67.04,-39.01]]]}},{"type":"Feature","properties":{"precip":10},"geometry":{"type":"Polygon","coordinates":[[[68.44,-39.01],[68.44,-38.92],[68.48,-38.92],[68.48,-38.89],[68.55,-38.94],[68.73,-39.18],[68.73,-39.19],[68.66,-39.19],[68.66,-39.14],[68.55,-39.09],[68.48,-39.07],[68.44,-39.04],[68.44,-39.01]]]}},{"type":"Feature","properties":{"precip":10},"geometry":{"type":"Polygon","coordinates":[[[74.17,-38.95],[74.17,-38.9],[74.24,-38.9],[74.24,-38.99],[74.17,-39.01],[74.17,-38.95]]]}},{"type":"Feature","properties":{"precip":10},"geometry":{"type":"Polygon","coordinates":[[[45.33,-39.04],[45.37,-39.04],[45.37,-39.01],[45.44,-39.02],[45.44,-39.09],[45.37,-39.09],[45.37,-39.06],[45.33,-39.04]]]}},{"type":"Feature","properties":{"precip":10},"geometry":{"type":"Polygon","coordinates":[[[66.64,-39.09],[66.64,-39.06],[66.68,-39.02],[66.71,-39.01],[66.79,-39.01],[66.82,-39.02],[66.86,-39.06],[66.86,-39.18],[66.93,-39.19],[67.07,-39.19],[67.15,-39.23],[67.15,-39.26],[67.18,-39.26],[67.25,-39.3],[67.47,-39.3],[67.54,-39.26],[67.54,-39.19],[67.47,-39.19],[67.47,-39.11],[67.54,-39.12],[67.54,-39.16],[67.61,-39.19],[67.69,-39.19],[67.76,-39.19],[67.83,-39.19],[67.94,-39.18],[67.97,-39.11],[68.15,-39.11],[68.23,-39.14],[68.3,-39.19],[68.33,-39.24],[68.33,-39.38],[68.26,-39.4],[68.26,-39.35],[68.19,-39.31],[68.12,-39.31],[68.05,-39.3],[67.94,-39.31],[67.83,-39.36],[67.87,-39.36],[67.9,-39.42],[67.94,-39.42],[67.94,-39.48],[67.87,-39.5],[67.87,-39.45],[67.79,-39.4],[67.72,-39.4],[67.65,-39.43],[67.61,-39.47],[67.61,-39.5],[67.58,-39.5],[67.58,-39.47],[67.51,-39.4],[67.47,-39.42],[67.43,-39.47],[67.36,-39.5],[67.18,-39.5],[67.15,-39.48],[67.15,-39.42],[67.07,-39.4],[67.07,-39.47],[67.04,-39.5],[67.04,-39.67],[66.97,-39.69],[66.97,-39.66],[66.93,-39.64],[66.93,-39.6],[66.86,-39.62],[66.86,-39.74],[66.82,-39.76],[66.82,-39.79],[66.79,-39.81],[66.71,-39.79],[66.61,-39.71],[66.57,-39.67],[66.5,-39.62],[66.5,-39.57],[66.46,-39.52],[66.53,-39.48],[66.53,-39.36],[66.57,-39.35],[66.57,-39.3],[66.64,-39.31],[66.64,-39.42],[66.68,-39.43],[66.68,-39.5],[66.71,-39.52],[66.75,-39.57],[66.82,-39.57],[66.93,-39.48],[67.0,-39.38],[67.04,-39.36],[67.04,-39.31],[67.0,-39.3],[66.89,-39.3],[66.86,-39.28],[66.86,-39.23],[66.82,-39.19],[66.71,-39.19],[66.68,-39.19],[66.68,-39.16],[66.64,-39.14],[66.64,-39.09]]]}},{"type":"Feature","properties":{"precip":10},"geometry":{"type":"Polygon","coordinates":[[[67.65,-39.04],[67.65,-39.02],[67.72,-39.01],[67.76,-39.04],[67.76,-39.06],[67.72,-39.09],[67.65,-39.07],[67.65,-39.04]]]}},{"type":"Feature","properties":{"precip":10},"geometry":{"type":"Polygon","coordinates":[[[29.96,-39.16],[29.96,-39.11],[30.0,-39.09],[30.04,-39.11],[30.04,-39.19],[29.96,-39.19],[29.96,-39.16]]]}},{"type":"Feature","properties":{"precip":10},"geometry":{"type":"Polygon","coordinates":[[[66.25,-39.16],[66.25,-39.12],[66.32,-39.09],[66.43,-39.11],[66.46,-39.14],[66.39,-39.19],[66.32,-39.19],[66.25,-39.16]]]}},{"type":"Feature","properties":{"precip":10},"geometry":{"type":"Polygon","coordinates":[[[67.25,-39.16],[67.25,-39.11],[67.33,-39.09],[67.33,-39.12],[67.36,-39.12],[67.36,-39.18],[67.33,-39.18],[67.33,-39.19],[67.25,-39.19],[67.25,-39.16]]]}},{"type":"Feature","properties":{"precip":10},"geometry":{"type":"Polygon","coordinates":[[[-12.04,-39.24],[-12.04,-39.19],[-11.97,-39.19],[-11.97,-39.3],[-12.04,-39.3],[-12.04,-39.24]]]}},{"type":"Feature","properties":{"precip":10},"geometry":{"type":"Polygon","coordinates":[[[0.52,-39.28],[0.52,-39.24],[0.56,-39.21],[0.63,-39.19],[0.66,-39.23],[0.63,-39.24],[0.63,-39.28],[0.56,-39.33],[0.56,-39.36],[0.63,-39.42],[0.63,-39.48],[0.59,-39.48],[0.52,-39.45],[0.48,-39.4],[0.48,-39.3],[0.52,-39.28]]]}},{"type":"Feature","properties":{"precip":10},"geometry":{"type":"Polygon","coordinates":[[[74.24,-39.24],[74.27,-39.19],[74.35,-39.21],[74.35,-39.28],[74.27,-39.3],[74.24,-39.24]]]}},{"type":"Feature","properties":{"precip":10},"geometry":{"type":"Polygon","coordinates":[[[4.84,-39.35],[4.91,-39.3],[4.98,-39.3],[5.02,-39.31],[5.02,-39.35],[5.06,-39.36],[5.06,-39.48],[5.13,-39.52],[5.16,-39.55],[5.02,-39.6],[4.95,-39.6],[4.84,-39.55],[4.84,-39.52],[4.91,-39.47],[4.95,-39.47],[4.95,-39.43],[4.88,-39.4],[4.88,-39.36],[4.84,-39.36],[4.84,-39.35]]]}},{"type":"Feature","properties":{"precip":10},"geometry":{"type":"Polygon","coordinates":[[[32.34,-39.5],[32.34,-39.38],[32.38,-39.36],[32.38,-39.31],[32.41,-39.3],[32.41,-39.35],[32.45,-39.36],[32.45,-39.64],[32.41,-39.67],[32.41,-39.69],[32.38,-39.69],[32.38,-39.64],[32.34,-39.62],[32.34,-39.5]]]}},{"type":"Feature","properties":{"precip":10},"geometry":{"type":"Polygon","coordinates":[[[65.35,-39.4],[65.35,-39.35],[65.42,-39.3],[65.49,-39.3],[65.53,-39.31],[65.53,-39.36],[65.49,-39.38],[65.49,-39.43],[65.45,-39.47],[65.38,-39.5],[65.35,-39.48],[65.35,-39.4]]]}},{"type":"Feature","properties":{"precip":10},"geometry":{"type":"Polygon","coordinates":[[[65.74,-39.36],[65.74,-39.33],[65.78,-39.31],[65.85,-39.31],[65.85,-39.3],[65.92,-39.3],[66.03,-39.33],[66.03,-39.5],[65.96,-39.5],[65.96,-39.43],[65.89,-39.4],[65.81,-39.4],[65.74,-39.36]]]}},{"type":"Feature","properties":{"precip":10},"geometry":{"type":"Polygon","coordinates":[[[66.35,-39.36],[66.35,-39.31],[66.39,-39.3],[66.46,-39.35],[66.43,-39.36],[66.43,-39.4],[66.35,-39.38],[66.35,-39.36]]]}},{"type":"Feature","properties":{"precip":10},"geometry":{"type":"Polygon","coordinates":[[[5.56,-39.55],[5.56,-39.42],[5.6,-39.4],[5.63,-39.42],[5.63,-39.67],[5.6,-39.69],[5.56,-39.67],[5.56,-39.55]]]}},{"type":"Feature","properties":{"precip":10},"geometry":{"type":"Polygon","coordinates":[[[64.95,-39.45],[64.95,-39.42],[65.02,-39.4],[65.06,-39.43],[65.06,-39.47],[65.02,-39.5],[64.95,-39.48],[64.95,-39.45]]]}},{"type":"Feature","properties":{"precip":10},"geometry":{"type":"Polygon","coordinates":[[[29.53,-39.55],[29.57,-39.52],[29.68,-39.5],[29.75,-39.52],[29.75,-39.57],[29.68,-39.59],[29.68,-39.6],[29.6,-39.59],[29.53,-39.55]]]}},{"type":"Feature","properties":{"precip":10},"geometry":{"type":"Polygon","coordinates":[[[30.36,-39.55],[30.36,-39.52],[30.4,-39.5],[30.43,-39.52],[30.43,-39.59],[30.4,-39.6],[30.36,-39.59],[30.36,-39.55]]]}},{"type":"Feature","properties":{"precip":10},"geometry":{"type":"Polygon","coordinates":[[[64.45,-39.55],[64.45,-39.52],[64.52,-39.5],[64.55,-39.52],[64.55,-39.57],[64.52,-39.59],[64.45,-39.59],[64.45,-39.55]]]}},{"type":"Feature","properties":{"precip":10},"geometry":{"type":"Polygon","coordinates":[[[66.25,-39.6],[66.25,-39.52],[66.28,-39.5],[66.32,-39.5],[66.32,-39.54],[66.35,-39.57],[66.35,-39.74],[66.28,-39.81],[66.21,-39.81],[66.14,-39.84],[66.14,-39.88],[66.1,-39.9],[66.03,-39.84],[66.03,-39.83],[65.99,-39.81],[65.96,-39.83],[65.96,-39.86],[65.92,-39.86],[65.89,-39.9],[65.81,-39.9],[65.74,-39.93],[65.74,-40.0],[65.67,-40.0],[65.67,-39.96],[65.63,-39.95],[65.63,-39.88],[65.67,-39.86],[65.67,-39.83],[65.81,-39.78],[65.85,-39.72],[65.92,-39.67],[65.96,-39.62],[66.03,-39.62],[66.07,-39.67],[66.07,-39.69],[66.17,-39.69],[66.25,-39.64],[66.25,-39.6]]]}},{"type":"Feature","properties":{"precip":10},"geometry":{"type":"Polygon","coordinates":[[[68.05,-39.55],[68.05,-39.52],[68.12,-39.5],[68.15,-39.52],[68.15,-39.57],[68.12,-39.59],[68.05,-39.59],[68.05,-39.55]]]}},{"type":"Feature","properties":{"precip":10},"geometry":{"type":"Polygon","coordinates":[[[69.56,-39.6],[69.56,-39.52],[69.59,-39.5],[69.63,-39.52],[69.63,-39.57],[69.67,-39.6],[69.63,-39.62],[69.63,-39.69],[69.56,-39.67],[69.56,-39.6]]]}},{"type":"Feature","properties":{"precip":10},"geometry":{"type":"Polygon","coordinates":[[[33.24,-39.66],[33.24,-39.62],[33.28,-39.6],[33.35,-39.62],[33.35,-39.67],[33.28,-39.69],[33.24,-39.67],[33.24,-39.66]]]}},{"type":"Feature","properties":{"precip":10},"geometry":{"type":"Polygon","coordinates":[[[74.17,-39.64],[74.17,-39.6],[74.2,-39.6],[74.24,-39.66],[74.31,-39.69],[74.31,-39.72],[74.35,-39.74],[74.35,-39.79],[74.24,-39.74],[74.17,-39.67],[74.17,-39.64]]]}},{"type":"Feature","properties":{"precip":10},"geometry":{"type":"Polygon","coordinates":[[[5.06,-39.81],[5.06,-39.71],[5.13,-39.69],[5.16,-39.72],[5.16,-39.78],[5.2,-39.79],[5.24,-39.78],[5.24,-39.72],[5.34,-39.69],[5.45,-39.74],[5.49,-39.78],[5.49,-39.81],[5.52,-39.83],[5.52,-39.88],[5.42,-39.98],[5.42,-40.0],[5.34,-39.96],[5.31,-39.91],[5.24,-39.9],[5.13,-39.9],[5.06,-39.86],[5.06,-39.81]]]}},{"type":"Feature","properties":{"precip":10},"geometry":{"type":"Polygon","coordinates":[[[33.06,-39.74],[33.06,-39.71],[33.13,-39.69],[33.13,-39.79],[33.1,-39.81],[33.06,-39.79],[33.06,-39.74]]]}},{"type":"Feature","properties":{"precip":10},"geometry":{"type":"Polygon","coordinates":[[[63.55,-39.74],[63.55,-39.71],[63.62,-39.69],[63.65,-39.72],[63.65,-39.78],[63.58,-39.81],[63.55,-39.79],[63.55,-39.74]]]}},{"type":"Feature","properties":{"precip":10},"geometry":{"type":"Polygon","coordinates":[[[67.15,-39.74],[67.15,-39.71],[67.22,-39.69],[67.25,-39.72],[67.25,-39.78],[67.18,-39.81],[67.15,-39.79],[67.15,-39.74]]]}},{"type":"Feature","properties":{"precip":10},"geometry":{"type":"Polygon","coordinates":[[[75.14,-39.74],[75.17,-39.72],[75.17,-39.69],[75.24,-39.71],[75.24,-39.79],[75.17,-39.81],[75.17,-39.78],[75.14,-39.78],[75.14,-39.74]]]}},{"type":"Feature","properties":{"precip":10},"geometry":{"type":"Polygon","coordinates":[[[4.44,-39.84],[4.48,-39.83],[4.55,-39.81],[4.77,-39.81],[4.84,-39.84],[4.84,-39.95],[4.88,-39.96],[4.88,-40.0],[4.91,-40.0],[4.98,-40.0],[5.06,-40.05],[5.06,-40.15],[4.98,-40.19],[4.95,-40.19],[4.88,-40.15],[4.8,-40.12],[4.73,-40.05],[4.73,-40.01],[4.66,-39.96],[4.55,-39.91],[4.55,-39.9],[4.48,-39.9],[4.44,-39.88],[4.44,-39.84]]]}},{"type":"Feature","properties":{"precip":10},"geometry":{"type":"Polygon","coordinates":[[[32.7,-39.88],[32.77,-39.83],[32.84,-39.81],[32.84,-39.91],[32.74,-40.08],[32.59,-40.17],[32.56,-40.17],[32.56,-40.13],[32.63,-40.1],[32.63,-40.05],[32.66,-40.03],[32.66,-39.93],[32.7,-39.91],[32.7,-39.88]]]}},{"type":"Feature","properties":{"precip":10},"geometry":{"type":"Polygon","coordinates":[[[33.24,-39.84],[33.24,-39.83],[33.28,-39.81],[33.35,-39.83],[33.35,-39.88],[33.28,-39.9],[33.24,-39.88],[33.24,-39.84]]]}},{"type":"Feature","properties":{"precip":10},"geometry":{"type":"Polygon","coordinates":[[[65.45,-39.84],[65.45,-39.81],[65.53,-39.81],[65.53,-39.84],[65.56,-39.84],[65.56,-39.86],[65.53,-39.86],[65.53,-39.9],[65.45,-39.9],[65.45,-39.84]]]}},{"type":"Feature","properties":{"precip":10},"geometry":{"type":"Polygon","coordinates":[[[69.56,-39.88],[69.56,-39.83],[69.59,-39.81],[69.7,-39.81],[69.74,-39.83],[69.74,-39.9],[69.67,-39.9],[69.67,-39.98],[69.77,-40.0],[69.92,-40.0],[69.95,-40.03],[69.95,-40.25],[69.88,-40.31],[69.81,-40.31],[69.74,-40.25],[69.74,-40.15],[69.7,-40.13],[69.7,-40.08],[69.67,-40.05],[69.59,-40.01],[69.59,-39.98],[69.56,-39.95],[69.56,-39.88]]]}},{"type":"Feature","properties":{"precip":10},"geometry":{"type":"Polygon","coordinates":[[[44.36,-39.95],[44.36,-39.91],[44.4,-39.9],[44.47,-39.9],[44.54,-39.93],[44.54,-39.98],[44.47,-40.0],[44.36,-40.0],[44.36,-39.95]]]}},{"type":"Feature","properties":{"precip":10},"geometry":{"type":"Polygon","coordinates":[[[65.13,-39.95],[65.17,-39.95],[65.17,-39.9],[65.24,-39.91],[65.24,-40.0],[65.2,-40.0],[65.17,-40.0],[65.17,-39.96],[65.13,-39.95]]]}},{"type":"Feature","properties":{"precip":10},"geometry":{"type":"Polygon","coordinates":[[[68.8,-39.98],[68.87,-39.91],[68.91,-39.9],[68.95,-39.91],[68.95,-39.98],[68.98,-40.0],[69.05,-40.0],[69.2,-40.0],[69.23,-40.01],[69.23,-40.08],[69.2,-40.1],[69.05,-40.1],[68.95,-40.13],[68.95,-40.15],[69.02,-40.19],[69.13,-40.2],[69.2,-40.2],[69.23,-40.19],[69.34,-40.17],[69.34,-40.03],[69.38,-40.0],[69.45,-40.03],[69.52,-40.12],[69.52,-40.17],[69.56,-40.22],[69.56,-40.32],[69.49,-40.39],[69.45,-40.41],[69.38,-40.37],[69.34,-40.37],[69.34,-40.32],[69.27,-40.31],[69.2,-40.31],[69.16,-40.32],[69.16,-40.44],[69.13,-40.46],[69.13,-40.49],[69.05,-40.48],[69.05,-40.32],[69.02,-40.31],[68.95,-40.32],[68.95,-40.36],[68.87,-40.44],[68.87,-40.48],[68.84,-40.53],[68.84,-40.68],[68.77,-40.68],[68.77,-40.36],[68.8,-40.32],[68.8,-40.29],[68.84,-40.27],[68.84,-40.22],[68.77,-40.19],[68.77,-40.01],[68.8,-40.0],[68.8,-39.98]],[[68.95,-40.05],[68.95,-40.01],[68.87,-40.0],[68.84,-40.03],[68.84,-40.07],[68.87,-40.1],[68.95,-40.08],[68.95,-40.05]]]}},{"type":"Feature","properties":{"precip":10},"geometry":{"type":"Polygon","coordinates":[[[1.1,-40.07],[1.13,-40.03],[1.2,-40.0],[1.24,-40.01],[1.24,-40.15],[1.17,-40.19],[1.1,-40.2],[1.06,-40.19],[1.06,-40.13],[1.1,-40.12],[1.1,-40.07]]]}},{"type":"Feature","properties":{"precip":10},"geometry":{"type":"Polygon","coordinates":[[[64.66,-40.05],[64.66,-40.0],[64.73,-40.0],[64.73,-40.1],[64.66,-40.1],[64.66,-40.05]]]}},{"type":"Feature","properties":{"precip":10},"geometry":{"type":"Polygon","coordinates":[[[79.24,-40.05],[79.24,-40.01],[79.28,-40.0],[79.35,-40.01],[79.35,-40.08],[79.28,-40.1],[79.24,-40.08],[79.24,-40.05]]]}},{"type":"Feature","properties":{"precip":10},"geometry":{"type":"Polygon","coordinates":[[[5.74,-40.2],[5.74,-40.15],[5.78,-40.13],[5.78,-40.1],[5.81,-40.1],[5.85,-40.13],[5.85,-40.27],[5.78,-40.31],[5.78,-40.27],[5.74,-40.25],[5.74,-40.2]]]}},{"type":"Feature","properties":{"precip":10},"geometry":{"type":"Polygon","coordinates":[[[31.76,-40.15],[31.76,-40.1],[31.84,-40.12],[31.84,-40.19],[31.8,-40.2],[31.76,-40.19],[31.76,-40.15]]]}},{"type":"Feature","properties":{"precip":10},"geometry":{"type":"Polygon","coordinates":[[[64.23,-40.15],[64.27,-40.15],[64.27,-40.1],[64.34,-40.12],[64.34,-40.19],[64.3,-40.2],[64.27,-40.19],[64.27,-40.15],[64.23,-40.15]]]}},{"type":"Feature","properties":{"precip":10},"geometry":{"type":"Polygon","coordinates":[[[66.97,-40.15],[66.97,-40.1],[67.04,-40.12],[67.04,-40.19],[66.97,-40.19],[66.97,-40.15]]]}},{"type":"Feature","properties":{"precip":10},"geometry":{"type":"Polygon","coordinates":[[[68.3,-40.2],[68.3,-40.17],[68.37,-40.12],[68.44,-40.12],[68.44,-40.24],[68.48,-40.27],[68.48,-40.31],[68.55,-40.27],[68.55,-40.22],[68.62,-40.2],[68.62,-40.29],[68.59,-40.31],[68.59,-40.32],[68.48,-40.39],[68.48,-40.36],[68.44,-40.32],[68.41,-40.31],[68.33,-40.31],[68.3,-40.32],[68.23,-40.36],[68.15,-40.46],[68.15,-40.56],[68.08,-40.6],[68.05,-40.56],[68.05,-40.36],[68.08,-40.32],[68.12,-40.31],[68.19,-40.31],[68.23,-40.25],[68.3,-40.22],[68.3,-40.2]]]}},{"type":"Feature","properties":{"precip":10},"geometry":{"type":"Polygon","coordinates":[[[79.06,-40.2],[79.06,-40.1],[79.1,-40.12],[79.1,-40.15],[79.24,-40.24],[79.24,-40.29],[79.2,-40.31],[79.1,-40.31],[79.06,-40.27],[79.06,-40.2]]]}},{"type":"Feature","properties":{"precip":10},"geometry":{"type":"Polygon","coordinates":[[[-5.24,-40.25],[-5.24,-40.2],[-5.17,-40.2],[-5.17,-40.31],[-5.24,-40.31],[-5.24,-40.25]]]}},{"type":"Feature","properties":{"precip":10},"geometry":{"type":"Polygon","coordinates":[[[36.26,-40.34],[36.26,-40.2],[36.3,-40.2],[36.37,-40.27],[36.44,-40.34],[36.44,-40.46],[36.37,-40.49],[36.3,-40.49],[36.26,-40.48],[36.26,-40.34]]]}},{"type":"Feature","properties":{"precip":10},"geometry":{"type":"Polygon","coordinates":[[[76.14,-40.25],[76.14,-40.22],[76.18,-40.2],[76.22,-40.22],[76.22,-40.29],[76.14,-40.29],[76.14,-40.25]]]}},{"type":"Feature","properties":{"precip":10},"geometry":{"type":"Polygon","coordinates":[[[76.36,-40.25],[76.36,-40.2],[76.4,-40.2],[76.4,-40.31],[76.36,-40.29],[76.36,-40.25]]]}},{"type":"Feature","properties":{"precip":10},"geometry":{"type":"Polygon","coordinates":[[[76.65,-40.25],[76.65,-40.22],[76.68,-40.2],[76.76,-40.22],[76.76,-40.29],[76.68,-40.31],[76.65,-40.29],[76.65,-40.25]]]}},{"type":"Feature","properties":{"precip":10},"geometry":{"type":"Polygon","coordinates":[[[78.45,-40.25],[78.45,-40.22],[78.48,-40.2],[78.56,-40.22],[78.56,-40.29],[78.45,-40.29],[78.45,-40.25]]]}},{"type":"Feature","properties":{"precip":10},"geometry":{"type":"Polygon","coordinates":[[[78.66,-40.25],[78.66,-40.2],[78.74,-40.2],[78.74,-40.29],[78.66,-40.31],[78.66,-40.25]]]}},{"type":"Feature","properties":{"precip":10},"geometry":{"type":"Polygon","coordinates":[[[1.24,-40.34],[1.24,-40.32],[1.28,-40.31],[1.35,-40.32],[1.35,-40.39],[1.31,-40.41],[1.24,-40.37],[1.24,-40.34]]]}},{"type":"Feature","properties":{"precip":10},"geometry":{"type":"Polygon","coordinates":[[[1.74,-40.41],[1.74,-40.32],[1.78,-40.31],[1.82,-40.31],[1.82,-40.32],[1.85,-40.34],[1.85,-40.46],[1.82,-40.48],[1.82,-40.49],[1.74,-40.48],[1.74,-40.41]]]}},{"type":"Feature","properties":{"precip":10},"geometry":{"type":"Polygon","coordinates":[[[5.24,-40.46],[5.24,-40.37],[5.31,-40.31],[5.45,-40.31],[5.56,-40.36],[5.56,-40.41],[5.52,-40.44],[5.52,-40.48],[5.49,-40.53],[5.42,-40.56],[5.34,-40.61],[5.27,-40.58],[5.27,-40.55],[5.24,-40.49],[5.24,-40.46]]]}},{"type":"Feature","properties":{"precip":10},"geometry":{"type":"Polygon","coordinates":[[[33.31,-40.37],[33.35,-40.36],[33.35,-40.32],[33.42,-40.31],[33.46,-40.32],[33.46,-40.34],[33.42,-40.36],[33.42,-40.39],[33.38,-40.41],[33.38,-40.44],[33.31,-40.48],[33.28,-40.48],[33.28,-40.43],[33.31,-40.37]]]}},{"type":"Feature","properties":{"precip":10},"geometry":{"type":"Polygon","coordinates":[[[67.22,-40.37],[67.25,-40.34],[67.36,-40.31],[67.43,-40.32],[67.43,-40.39],[67.36,-40.43],[67.36,-40.48],[67.43,-40.51],[67.43,-40.58],[67.4,-40.58],[67.36,-40.61],[67.36,-40.73],[67.33,-40.75],[67.33,-40.8],[67.18,-40.8],[67.15,-40.78],[67.15,-40.75],[67.18,-40.73],[67.18,-40.7],[67.29,-40.61],[67.33,-40.6],[67.33,-40.56],[67.36,-40.53],[67.29,-40.49],[67.18,-40.49],[67.15,-40.48],[67.15,-40.46],[67.18,-40.44],[67.18,-40.41],[67.22,-40.37]]]}},{"type":"Feature","properties":{"precip":10},"geometry":{"type":"Polygon","coordinates":[[[67.65,-40.41],[67.65,-40.34],[67.72,-40.31],[67.79,-40.31],[67.83,-40.32],[67.83,-40.39],[67.79,-40.39],[67.76,-40.43],[67.76,-40.63],[67.72,-40.65],[67.72,-40.68],[67.69,-40.7],[67.61,-40.7],[67.58,-40.68],[67.58,-40.65],[67.54,-40.63],[67.54,-40.55],[67.58,-40.53],[67.58,-40.49],[67.65,-40.48],[67.65,-40.41]]]}},{"type":"Feature","properties":{"precip":10},"geometry":{"type":"Polygon","coordinates":[[[77.84,-40.43],[77.84,-40.36],[77.91,-40.31],[78.02,-40.31],[78.12,-40.32],[78.16,-40.34],[78.12,-40.39],[78.02,-40.39],[77.98,-40.43],[77.94,-40.46],[77.94,-40.56],[78.02,-40.63],[78.02,-40.67],[77.98,-40.68],[77.91,-40.63],[77.91,-40.58],[77.84,-40.48],[77.84,-40.43]]]}},{"type":"Feature","properties":{"precip":10},"geometry":{"type":"Polygon","coordinates":[[[78.2,-40.34],[78.27,-40.32],[78.27,-40.31],[78.34,-40.32],[78.34,-40.39],[78.27,-40.39],[78.2,-40.34]]]}},{"type":"Feature","properties":{"precip":10},"geometry":{"type":"Polygon","coordinates":[[[-1.14,-40.46],[-1.14,-40.41],[-1.06,-40.41],[-1.06,-40.48],[-1.14,-40.49],[-1.14,-40.46]]]}},{"type":"Feature","properties":{"precip":10},"geometry":{"type":"Polygon","coordinates":[[[1.49,-40.48],[1.56,-40.43],[1.64,-40.41],[1.64,-40.48],[1.56,-40.51],[1.56,-40.6],[1.53,-40.63],[1.53,-40.68],[1.46,-40.7],[1.46,-40.55],[1.49,-40.51],[1.49,-40.48]]]}},{"type":"Feature","properties":{"precip":10},"geometry":{"type":"Polygon","coordinates":[[[76.76,-40.46],[76.76,-40.41],[76.83,-40.41],[76.83,-40.44],[76.86,-40.44],[76.83,-40.48],[76.83,-40.49],[76.76,-40.48],[76.76,-40.46]]]}},{"type":"Feature","properties":{"precip":10},"geometry":{"type":"Polygon","coordinates":[[[-5.06,-40.55],[-5.06,-40.51],[-5.02,-40.49],[-4.95,-40.51],[-4.95,-40.58],[-5.02,-40.6],[-5.06,-40.58],[-5.06,-40.55]]]}},{"type":"Feature","properties":{"precip":10},"geometry":{"type":"Polygon","coordinates":[[[66.75,-40.7],[66.75,-40.55],[66.82,-40.49],[66.97,-40.49],[67.04,-40.55],[67.04,-40.61],[67.0,-40.65],[66.93,-40.78],[66.86,-40.82],[66.86,-40.84],[66.79,-40.9],[66.75,-40.89],[66.75,-40.7]]]}},{"type":"Feature","properties":{"precip":10},"geometry":{"type":"Polygon","coordinates":[[[79.1,-40.6],[79.17,-40.58],[79.17,-40.53],[79.2,-40.49],[79.28,-40.49],[79.35,-40.51],[79.35,-40.56],[79.2,-40.68],[79.17,-40.7],[79.17,-40.63],[79.1,-40.6]]]}},{"type":"Feature","properties":{"precip":10},"geometry":{"type":"Polygon","coordinates":[[[-6.75,-40.65],[-6.75,-40.61],[-6.71,-40.6],[-6.64,-40.63],[-6.64,-40.67],[-6.71,-40.7],[-6.75,-40.68],[-6.75,-40.65]]]}},{"type":"Feature","properties":{"precip":10},"geometry":{"type":"Polygon","coordinates":[[[65.74,-40.7],[65.74,-40.63],[65.81,-40.6],[65.85,-40.61],[65.85,-40.68],[65.92,-40.7],[65.99,-40.7],[66.03,-40.72],[66.03,-40.78],[65.99,-40.8],[65.81,-40.8],[65.74,-40.75],[65.74,-40.7]]]}},{"type":"Feature","properties":{"precip":10},"geometry":{"type":"Polygon","coordinates":[[[66.32,-40.67],[66.35,-40.65],[66.35,-40.63],[66.43,-40.61],[66.46,-40.63],[66.46,-40.65],[66.43,-40.67],[66.43,-40.7],[66.35,-40.72],[66.35,-40.82],[66.28,-40.9],[66.28,-40.94],[66.21,-40.97],[66.14,-40.96],[66.21,-40.89],[66.25,-40.87],[66.25,-40.77],[66.28,-40.75],[66.28,-40.68],[66.32,-40.67]]]}},{"type":"Feature","properties":{"precip":10},"geometry":{"type":"Polygon","coordinates":[[[68.26,-40.75],[68.26,-40.7],[68.33,-40.7],[68.33,-40.8],[68.26,-40.8],[68.26,-40.75]]]}},{"type":"Feature","properties":{"precip":10},"geometry":{"type":"Polygon","coordinates":[[[-4.95,-40.85],[-4.95,-40.8],[-4.88,-40.8],[-4.88,-40.82],[-4.84,-40.82],[-4.84,-40.87],[-4.88,-40.87],[-4.88,-40.9],[-4.95,-40.89],[-4.95,-40.85]]]}},{"type":"Feature","properties":{"precip":10},"geometry":{"type":"Polygon","coordinates":[[[67.51,-40.87],[67.58,-40.8],[67.65,-40.8],[67.65,-40.89],[67.58,-40.9],[67.58,-40.94],[67.54,-40.96],[67.54,-41.09],[67.51,-41.11],[67.43,-41.06],[67.43,-41.02],[67.47,-40.97],[67.47,-40.9],[67.51,-40.87]]]}},{"type":"Feature","properties":{"precip":10},"geometry":{"type":"Polygon","coordinates":[[[68.05,-40.85],[68.05,-40.8],[68.12,-40.8],[68.15,-40.82],[68.15,-40.87],[68.12,-40.89],[68.05,-40.89],[68.05,-40.85]]]}},{"type":"Feature","properties":{"precip":10},"geometry":{"type":"Polygon","coordinates":[[[-0.06,-40.96],[-0.06,-40.92],[0.02,-40.9],[0.05,-40.92],[0.05,-40.97],[0.02,-40.99],[-0.06,-40.97],[-0.06,-40.96]]]}},{"type":"Feature","properties":{"precip":10},"geometry":{"type":"Polygon","coordinates":[[[5.56,-40.99],[5.56,-40.94],[5.63,-40.9],[5.81,-40.9],[5.85,-40.94],[5.85,-40.96],[5.7,-41.09],[5.63,-41.11],[5.56,-41.08],[5.56,-40.99]]]}},{"type":"Feature","properties":{"precip":10},"geometry":{"type":"Polygon","coordinates":[[[65.74,-40.96],[65.74,-40.92],[65.81,-40.9],[65.85,-40.92],[65.85,-40.97],[65.78,-40.99],[65.74,-40.97],[65.74,-40.96]]]}},{"type":"Feature","properties":{"precip":10},"geometry":{"type":"Polygon","coordinates":[[[68.77,-40.96],[68.77,-40.92],[68.8,-40.9],[68.91,-40.9],[68.95,-40.92],[68.95,-40.97],[68.91,-40.99],[68.84,-40.99],[68.77,-41.01],[68.77,-41.06],[68.66,-41.11],[68.55,-41.11],[68.44,-41.06],[68.48,-41.01],[68.55,-41.01],[68.59,-40.99],[68.69,-40.99],[68.77,-40.96]]]}},{"type":"Feature","properties":{"precip":10},"geometry":{"type":"Polygon","coordinates":[[[3.54,-41.02],[3.54,-41.01],[3.62,-40.99],[3.69,-40.99],[3.72,-41.01],[3.72,-41.06],[3.76,-41.08],[3.76,-41.14],[3.72,-41.16],[3.72,-41.2],[3.58,-41.11],[3.58,-41.08],[3.54,-41.02]]]}},{"type":"Feature","properties":{"precip":10},"geometry":{"type":"Polygon","coordinates":[[[3.83,-41.06],[3.87,-41.01],[3.9,-40.99],[3.94,-41.01],[3.94,-41.09],[3.87,-41.11],[3.87,-41.08],[3.83,-41.06]]]}},{"type":"Feature","properties":{"precip":10},"geometry":{"type":"Polygon","coordinates":[[[71.25,-41.06],[71.25,-41.01],[71.32,-40.99],[71.32,-41.02],[71.36,-41.02],[71.36,-41.08],[71.32,-41.08],[71.32,-41.11],[71.25,-41.09],[71.25,-41.06]]]}},{"type":"Feature","properties":{"precip":10},"geometry":{"type":"Polygon","coordinates":[[[64.63,-41.18],[64.63,-41.14],[64.7,-41.11],[64.81,-41.11],[64.88,-41.16],[64.88,-41.2],[64.91,-41.2],[64.91,-41.16],[64.99,-41.11],[65.06,-41.11],[65.17,-41.16],[65.2,-41.21],[65.24,-41.23],[65.24,-41.28],[65.2,-41.3],[65.09,-41.3],[65.06,-41.26],[65.06,-41.23],[65.02,-41.23],[65.02,-41.2],[64.99,-41.2],[64.95,-41.23],[64.95,-41.3],[64.55,-41.3],[64.55,-41.25],[64.59,-41.23],[64.59,-41.2],[64.63,-41.18]],[[64.84,-41.26],[64.84,-41.21],[64.77,-41.2],[64.77,-41.23],[64.73,-41.23],[64.73,-41.26],[64.77,-41.26],[64.77,-41.3],[64.84,-41.28],[64.84,-41.26]]]}},{"type":"Feature","properties":{"precip":10},"geometry":{"type":"Polygon","coordinates":[[[68.26,-41.14],[68.26,-41.11],[68.33,-41.11],[68.33,-41.2],[68.26,-41.2],[68.26,-41.14]]]}},{"type":"Feature","properties":{"precip":10},"geometry":{"type":"Polygon","coordinates":[[[63.83,-41.26],[63.83,-41.23],[63.87,-41.23],[63.87,-41.2],[63.94,-41.21],[63.94,-41.28],[63.87,-41.3],[63.87,-41.26],[63.83,-41.26]]]}},{"type":"Feature","properties":{"precip":10},"geometry":{"type":"Polygon","coordinates":[[[64.34,-41.26],[64.34,-41.23],[64.37,-41.23],[64.37,-41.2],[64.45,-41.21],[64.45,-41.28],[64.37,-41.3],[64.37,-41.26],[64.34,-41.26]]]}},{"type":"Feature","properties":{"precip":10},"geometry":{"type":"Polygon","coordinates":[[[68.69,-41.3],[68.69,-41.3],[68.8,-41.3],[68.81,-41.3],[68.69,-41.3]]]}},{"type":"Feature","properties":{"precip":10},"geometry":{"type":"Polygon","coordinates":[[[77.26,-41.3],[77.26,-41.3],[77.3,-41.3],[77.3,-41.3],[77.26,-41.3]]]}},{"type":"Feature","properties":{"precip":20},"geometry":{"type":"Polygon","coordinates":[[[81.34,3.79],[81.33,3.77],[81.33,3.72],[81.26,3.71],[81.22,3.71],[81.18,3.67],[81.15,3.67],[81.15,3.64],[81.04,3.6],[80.93,3.6],[80.82,3.57],[80.82,3.48],[80.79,3.45],[80.79,3.41],[80.79,3.4],[80.46,3.4],[80.36,3.43],[80.36,3.47],[80.32,3.5],[80.25,3.5],[80.14,3.5],[80.14,3.53],[80.14,3.55],[80.14,3.69],[80.07,3.69],[80.07,3.64],[80.03,3.64],[80.03,3.62],[79.96,3.6],[79.92,3.6],[79.85,3.64],[79.85,3.76],[79.78,3.79],[78.41,3.79],[78.41,3.65],[78.45,3.62],[78.56,3.6],[78.84,3.6],[78.95,3.55],[78.95,3.43],[78.84,3.4],[78.81,3.4],[78.74,3.36],[78.74,3.33],[78.63,3.31],[78.56,3.29],[78.3,3.29],[78.2,3.31],[78.16,3.33],[78.16,3.43],[78.12,3.45],[78.12,3.48],[78.05,3.5],[77.76,3.5],[77.73,3.5],[77.55,3.5],[77.51,3.52],[77.44,3.55],[77.44,3.57],[77.33,3.62],[77.33,3.64],[77.22,3.71],[77.12,3.71],[77.04,3.76],[77.04,3.79],[75.96,3.79],[75.96,3.74],[76.0,3.71],[76.25,3.71],[76.25,3.69],[76.36,3.69],[76.43,3.67],[76.43,3.64],[76.36,3.6],[76.25,3.6],[76.18,3.57],[76.14,3.52],[76.04,3.48],[76.0,3.38],[75.96,3.36],[75.96,3.31],[76.0,3.29],[76.11,3.29],[76.14,3.26],[76.14,3.02],[76.11,3.0],[76.04,3.0],[76.04,3.02],[76.04,3.11],[75.96,3.09],[75.96,2.97],[75.93,2.95],[75.93,2.92],[75.89,2.9],[75.71,2.9],[75.64,2.94],[75.64,2.97],[75.6,2.99],[75.53,2.99],[75.5,3.0],[75.1,3.0],[75.07,2.99],[74.99,2.99],[74.96,2.97],[74.96,2.94],[74.92,2.9],[74.85,2.9],[74.74,2.87],[74.74,2.83],[74.63,2.8],[74.42,2.8],[74.27,2.76],[74.24,2.76],[74.24,2.73],[74.17,2.71],[74.09,2.71],[74.06,2.7],[73.7,2.7],[73.66,2.66],[73.55,2.66],[73.55,2.63],[73.52,2.61],[73.45,2.61],[73.37,2.64],[73.3,2.7],[73.3,2.73],[73.23,2.76],[73.16,2.8],[73.09,2.8],[73.05,2.82],[73.05,2.88],[72.98,2.9],[72.91,2.88],[72.8,2.8],[72.76,2.76],[72.58,2.61],[72.51,2.61],[72.44,2.56],[72.44,2.52],[72.33,2.51],[72.19,2.51],[72.11,2.49],[72.04,2.46],[72.04,2.42],[71.93,2.39],[71.86,2.39],[71.75,2.35],[71.75,2.34],[71.65,2.25],[71.54,2.22],[71.43,2.2],[70.64,2.2],[70.53,2.18],[70.35,2.18],[70.28,2.15],[70.24,2.15],[70.24,2.13],[70.13,2.1],[70.03,2.1],[69.95,2.06],[69.92,2.03],[69.92,2.01],[69.88,2.01],[69.88,2.03],[69.85,2.06],[69.77,2.1],[69.67,2.1],[69.67,2.03],[69.59,2.01],[69.52,2.01],[69.52,1.99],[69.45,1.98],[69.45,1.91],[69.41,1.89],[69.34,1.89],[69.27,1.87],[69.27,1.86],[69.2,1.79],[69.13,1.75],[69.05,1.72],[68.98,1.7],[68.87,1.7],[68.8,1.74],[68.66,1.82],[68.66,1.89],[68.62,1.96],[68.62,2.01],[68.55,2.05],[68.51,2.08],[68.41,2.1],[68.37,2.08],[68.33,2.03],[68.26,2.03],[68.23,2.06],[68.23,2.1],[68.19,2.13],[68.12,2.15],[68.05,2.2],[67.97,2.2],[67.97,2.17],[67.94,2.15],[67.94,2.13],[67.83,2.11],[67.72,2.11],[67.65,2.1],[67.47,2.1],[67.4,2.11],[67.25,2.11],[67.15,2.15],[67.15,2.17],[67.07,2.2],[67.0,2.2],[66.97,2.22],[66.97,2.25],[66.89,2.27],[66.79,2.27],[66.75,2.3],[66.57,2.3],[66.46,2.34],[66.46,2.39],[66.53,2.41],[66.53,2.49],[66.5,2.51],[66.43,2.51],[66.35,2.47],[66.35,2.42],[66.32,2.41],[66.25,2.41],[66.25,2.39],[66.17,2.39],[66.07,2.42],[66.07,2.46],[65.96,2.51],[65.85,2.51],[65.78,2.52],[65.74,2.54],[65.74,2.58],[65.71,2.58],[65.63,2.61],[65.49,2.61],[65.45,2.64],[65.45,2.75],[65.42,2.76],[65.42,2.78],[65.38,2.8],[65.31,2.8],[65.24,2.85],[65.24,2.88],[65.2,2.88],[65.13,2.88],[65.09,2.9],[65.02,2.9],[64.95,2.94],[64.95,2.97],[64.88,3.0],[64.88,2.97],[64.84,2.95],[64.84,2.92],[64.81,2.9],[64.77,2.92],[64.7,2.99],[64.7,3.0],[64.66,3.02],[64.63,3.06],[64.55,3.09],[64.55,3.11],[64.48,3.11],[64.48,3.14],[64.45,3.16],[64.45,3.38],[64.37,3.4],[64.34,3.4],[64.27,3.43],[64.19,3.5],[64.19,3.52],[64.16,3.55],[64.09,3.59],[64.09,3.6],[64.01,3.6],[63.94,3.64],[63.94,3.67],[63.87,3.69],[63.76,3.69],[63.73,3.71],[63.44,3.71],[63.37,3.72],[63.37,3.77],[63.4,3.79],[81.34,3.79]],[[77.51,3.79],[77.55,3.76],[77.55,3.64],[77.62,3.6],[77.69,3.62],[77.76,3.71],[77.84,3.76],[77.84,3.79],[77.94,3.79],[77.94,3.72],[77.87,3.69],[77.84,3.64],[77.91,3.62],[77.98,3.6],[78.2,3.6],[78.34,3.64],[78.34,3.69],[78.3,3.71],[78.2,3.71],[78.16,3.74],[78.09,3.79],[77.51,3.79]],[[69.95,3.79],[69.95,3.76],[70.03,3.71],[70.1,3.71],[70.17,3.76],[70.2,3.79],[69.95,3.79]],[[70.35,3.76],[70.35,3.77],[70.28,3.79],[70.28,3.79],[70.24,3.77],[70.24,3.72],[70.31,3.71],[70.35,3.72],[70.35,3.76]],[[70.24,3.64],[70.24,3.69],[70.21,3.71],[70.13,3.64],[70.17,3.64],[70.17,3.6],[70.24,3.62],[70.24,3.64]],[[74.06,3.6],[74.06,3.64],[74.02,3.67],[73.91,3.71],[73.84,3.69],[73.77,3.65],[73.66,3.57],[73.59,3.48],[73.55,3.45],[73.55,3.41],[73.59,3.4],[73.7,3.4],[73.73,3.38],[73.73,3.35],[73.84,3.31],[73.95,3.29],[74.2,3.29],[74.31,3.31],[74.35,3.35],[74.35,3.47],[74.31,3.5],[74.2,3.5],[74.17,3.5],[74.09,3.5],[74.06,3.53],[74.06,3.6]],[[75.24,3.64],[75.24,3.67],[75.21,3.67],[75.14,3.71],[75.07,3.71],[74.99,3.67],[74.96,3.67],[74.96,3.64],[75.03,3.6],[75.17,3.6],[75.24,3.64]],[[69.34,3.45],[69.34,3.48],[69.27,3.5],[68.95,3.5],[68.84,3.48],[68.77,3.45],[68.69,3.38],[68.66,3.35],[68.66,3.14],[68.69,3.11],[68.77,3.04],[68.98,3.0],[69.13,3.0],[69.23,3.0],[69.34,3.0],[69.41,3.02],[69.49,3.09],[69.49,3.11],[69.56,3.11],[69.63,3.14],[69.74,3.23],[69.74,3.29],[69.59,3.29],[69.56,3.33],[69.56,3.38],[69.52,3.38],[69.49,3.4],[69.38,3.4],[69.34,3.45]],[[75.24,3.45],[75.24,3.5],[75.17,3.5],[75.14,3.47],[75.14,3.43],[75.17,3.4],[75.24,3.4],[75.24,3.45]],[[67.65,3.26],[67.65,3.36],[67.54,3.4],[67.43,3.4],[67.43,3.38],[67.36,3.38],[67.36,3.35],[67.29,3.31],[67.18,3.29],[66.93,3.29],[66.86,3.28],[66.86,3.23],[66.97,3.14],[67.04,3.11],[67.11,3.11],[67.15,3.06],[67.15,3.02],[67.22,3.0],[67.29,3.0],[67.36,3.04],[67.36,3.06],[67.43,3.09],[67.43,3.11],[67.58,3.11],[67.65,3.14],[67.65,3.26]],[[68.26,3.04],[68.26,3.06],[68.23,3.11],[68.15,3.06],[68.15,2.94],[68.19,2.9],[68.33,2.9],[68.44,2.95],[68.55,3.04],[68.55,3.09],[68.51,3.11],[68.44,3.11],[68.33,3.06],[68.33,3.02],[68.3,3.0],[68.26,3.04]]]}},{"type":"Feature","properties":{"precip":20},"geometry":{"type":"Polygon","coordinates":[[[94.43,-0.09],[94.43,-0.14],[94.43,-0.16],[94.43,-0.18],[94.39,-0.2],[94.36,-0.2],[94.32,-0.2],[94.21,-0.2],[94.07,-0.26],[93.93,-0.35],[93.89,-0.42],[93.85,-0.45],[93.85,-0.56],[93.78,-0.57],[93.78,-0.59],[93.71,-0.59],[93.67,-0.57],[93.67,-0.56],[93.64,-0.52],[93.64,-0.42],[93.57,-0.42],[93.57,-0.4],[93.57,-0.45],[93.53,-0.47],[93.53,-0.49],[93.49,-0.49],[93.46,-0.5],[93.42,-0.5],[93.42,-0.49],[93.35,-0.49],[93.35,-0.47],[93.35,-0.42],[93.31,-0.42],[93.31,-0.4],[93.28,-0.4],[93.28,-0.44],[93.24,-0.45],[93.24,-0.57],[93.21,-0.59],[93.13,-0.59],[93.13,-0.57],[93.13,-0.5],[93.1,-0.5],[93.06,-0.52],[93.06,-0.64],[93.03,-0.66],[93.03,-0.69],[92.99,-0.69],[92.92,-0.69],[92.85,-0.73],[92.85,-0.78],[92.81,-0.79],[92.77,-0.79],[92.77,-0.81],[92.7,-0.81],[92.67,-0.83],[92.67,-0.86],[92.63,-0.86],[92.63,-0.88],[92.59,-0.9],[92.49,-0.9],[92.49,-0.88],[92.45,-0.88],[92.45,-0.83],[92.41,-0.83],[92.41,-0.81],[92.27,-0.81],[92.27,-0.83],[92.27,-0.88],[92.23,-0.9],[92.23,-0.98],[92.2,-0.98],[92.16,-1.0],[92.05,-1.0],[92.02,-1.02],[91.98,-1.02],[91.98,-1.03],[91.95,-1.03],[91.95,-1.07],[91.91,-1.07],[91.91,-1.09],[91.84,-1.09],[91.84,-1.05],[91.8,-1.02],[91.77,-1.02],[91.77,-1.0],[91.62,-1.0],[91.55,-1.03],[91.55,-1.17],[91.48,-1.19],[91.41,-1.19],[91.41,-1.21],[91.37,-1.21],[91.37,-1.24],[91.33,-1.26],[91.33,-1.27],[91.26,-1.31],[91.12,-1.31],[91.05,-1.33],[91.05,-1.36],[90.97,-1.38],[90.97,-1.39],[90.94,-1.39],[90.9,-1.41],[90.83,-1.41],[90.76,-1.44],[90.76,-1.46],[90.72,-1.48],[90.72,-1.5],[90.61,-1.5],[90.54,-1.51],[90.54,-1.56],[90.54,-1.6],[90.54,-1.77],[90.54,-1.8],[90.54,-1.89],[90.65,-1.94],[90.65,-1.96],[90.54,-1.99],[90.54,-2.04],[90.54,-2.06],[90.54,-2.15],[90.47,-2.22],[90.47,-2.25],[90.43,-2.27],[90.33,-2.32],[90.33,-2.39],[90.4,-2.39],[90.43,-2.42],[90.43,-2.52],[90.33,-2.63],[90.29,-2.71],[90.11,-2.8],[89.97,-2.92],[89.97,-2.99],[90.0,-3.0],[90.11,-3.0],[90.11,-3.04],[90.11,-3.05],[90.11,-3.16],[90.22,-3.19],[90.4,-3.19],[90.43,-3.17],[90.43,-3.16],[90.51,-3.1],[90.61,-3.1],[90.65,-3.12],[90.65,-3.17],[90.54,-3.19],[90.54,-3.22],[90.54,-3.26],[90.54,-3.38],[90.51,-3.38],[90.33,-3.41],[90.11,-3.41],[90.07,-3.43],[90.04,-3.43],[90.04,-3.48],[89.97,-3.5],[89.86,-3.55],[89.79,-3.6],[89.79,-3.65],[89.75,-3.67],[89.75,-3.77],[89.79,-3.79],[89.82,-3.82],[89.89,-3.89],[89.89,-3.93],[89.89,-3.98],[89.97,-3.99],[89.97,-4.1],[90.04,-4.11],[90.04,-4.17],[90.0,-4.17],[89.89,-4.2],[89.68,-4.2],[89.64,-4.25],[89.64,-4.34],[89.68,-4.37],[89.75,-4.41],[89.82,-4.41],[89.86,-4.37],[89.86,-4.34],[89.89,-4.3],[89.89,-4.34],[90.0,-4.41],[90.11,-4.37],[90.22,-4.29],[90.22,-4.27],[90.29,-4.23],[90.33,-4.2],[90.4,-4.2],[90.43,-4.18],[90.43,-4.1],[90.33,-4.1],[90.33,-3.96],[90.47,-3.82],[90.54,-3.79],[90.54,-3.76],[90.76,-3.67],[90.76,-3.62],[90.76,-3.6],[90.9,-3.6],[90.94,-3.58],[90.94,-3.55],[90.97,-3.52],[91.12,-3.5],[91.19,-3.52],[91.26,-3.55],[91.26,-3.58],[91.3,-3.6],[91.41,-3.6],[91.41,-3.65],[91.41,-3.67],[91.41,-3.77],[91.37,-3.82],[91.37,-3.87],[91.41,-3.91],[91.41,-3.98],[91.41,-3.99],[91.33,-4.05],[91.33,-4.06],[91.19,-4.1],[91.12,-4.1],[91.08,-4.11],[91.08,-4.15],[91.05,-4.17],[91.05,-4.27],[91.08,-4.29],[91.15,-4.29],[91.15,-4.22],[91.19,-4.2],[91.3,-4.2],[91.37,-4.22],[91.48,-4.27],[91.51,-4.29],[91.51,-4.32],[91.55,-4.34],[91.59,-4.39],[91.62,-4.41],[91.77,-4.44],[91.8,-4.47],[91.8,-4.51],[91.84,-4.53],[91.84,-4.58],[91.8,-4.59],[91.8,-4.63],[91.77,-4.64],[91.62,-4.78],[91.62,-4.85],[91.69,-4.88],[91.69,-4.9],[91.8,-4.99],[91.8,-5.02],[91.84,-5.06],[91.84,-5.19],[91.77,-5.21],[91.77,-5.28],[91.84,-5.3],[92.02,-5.3],[92.05,-5.28],[92.13,-5.28],[92.16,-5.26],[92.16,-5.23],[92.13,-5.23],[92.13,-5.19],[92.05,-5.16],[92.05,-5.02],[92.16,-5.0],[92.34,-5.0],[92.41,-5.02],[92.45,-5.04],[92.45,-5.16],[92.49,-5.19],[92.59,-5.19],[92.63,-5.18],[92.63,-5.14],[92.67,-5.14],[92.67,-5.07],[92.7,-5.02],[92.77,-4.94],[92.81,-4.88],[92.88,-4.8],[93.03,-4.71],[93.13,-4.68],[93.13,-4.66],[93.13,-4.64],[93.13,-4.61],[93.21,-4.59],[93.28,-4.59],[93.35,-4.53],[93.42,-4.49],[93.42,-4.41],[93.35,-4.37],[93.28,-4.32],[93.06,-4.29],[92.88,-4.29],[92.85,-4.29],[92.85,-4.25],[92.92,-4.17],[92.99,-4.11],[93.03,-4.06],[93.1,-4.03],[93.13,-4.01],[93.24,-3.99],[93.24,-3.93],[93.28,-3.91],[93.35,-3.91],[93.42,-3.87],[93.46,-3.87],[93.46,-3.82],[93.53,-3.79],[93.64,-3.79],[93.71,-3.77],[93.78,-3.69],[93.78,-3.67],[93.89,-3.65],[93.89,-3.6],[93.93,-3.57],[93.93,-3.53],[93.78,-3.41],[93.75,-3.34],[93.67,-3.26],[93.67,-3.19],[93.64,-3.17],[93.64,-3.12],[93.67,-3.1],[93.75,-3.1],[93.75,-3.17],[93.78,-3.19],[94.0,-3.19],[94.0,-3.17],[94.0,-3.16],[94.11,-3.1],[94.29,-3.1],[94.36,-3.14],[94.36,-3.17],[94.43,-3.19],[94.54,-3.19],[94.65,-3.22],[94.65,-3.34],[94.61,-3.4],[94.5,-3.48],[94.39,-3.52],[94.21,-3.65],[94.21,-3.67],[94.32,-3.7],[94.32,-3.74],[94.36,-3.74],[94.36,-3.77],[94.32,-3.77],[94.29,-3.79],[94.29,-3.82],[94.21,-3.84],[94.21,-3.96],[94.14,-4.01],[94.11,-4.03],[94.0,-4.06],[94.0,-4.11],[93.93,-4.17],[93.85,-4.25],[93.85,-4.29],[93.93,-4.29],[94.54,-4.29],[94.61,-4.27],[94.65,-4.27],[94.65,-4.23],[94.72,-4.2],[94.83,-4.2],[94.97,-4.15],[95.01,-4.08],[95.04,-4.06],[95.04,-4.03],[95.08,-4.01],[95.19,-3.99],[95.26,-3.96],[95.26,-3.91],[95.29,-3.91],[95.4,-3.91],[95.44,-3.89],[95.44,-3.86],[95.47,-3.82],[95.58,-3.81],[95.65,-3.81],[95.73,-3.79],[96.16,-3.79],[96.3,-3.77],[96.45,-3.7],[96.77,-3.7],[96.81,-3.74],[96.81,-3.87],[96.81,-3.89],[96.81,-3.91],[96.77,-3.91],[96.77,-3.99],[96.81,-4.03],[96.81,-4.08],[96.77,-4.11],[96.77,-4.18],[96.73,-4.2],[96.73,-4.27],[96.7,-4.29],[96.55,-4.29],[96.48,-4.3],[96.37,-4.3],[96.37,-4.32],[96.37,-4.35],[96.34,-4.37],[96.34,-4.47],[96.27,-4.51],[96.16,-4.51],[96.16,-4.53],[96.16,-4.66],[96.05,-4.7],[95.8,-4.7],[95.73,-4.73],[95.65,-4.75],[95.58,-4.8],[95.51,-4.9],[95.44,-4.95],[95.29,-5.0],[95.15,-5.0],[95.04,-5.04],[95.04,-5.07],[94.97,-5.11],[94.86,-5.11],[94.83,-5.14],[94.83,-5.19],[94.79,-5.19],[94.79,-5.16],[94.75,-5.14],[94.65,-5.11],[94.57,-5.11],[94.54,-5.16],[94.43,-5.19],[94.18,-5.19],[94.14,-5.21],[94.0,-5.21],[93.96,-5.23],[93.96,-5.26],[93.89,-5.28],[93.78,-5.3],[93.57,-5.3],[93.46,-5.33],[93.46,-5.45],[93.35,-5.5],[93.31,-5.5],[93.24,-5.52],[93.24,-5.57],[93.21,-5.6],[93.1,-5.6],[93.06,-5.62],[93.06,-5.65],[92.99,-5.69],[92.92,-5.69],[92.88,-5.71],[92.7,-5.71],[92.67,-5.74],[92.67,-5.77],[92.63,-5.77],[92.63,-5.79],[92.56,-5.79],[92.45,-5.84],[92.38,-5.91],[92.38,-5.96],[92.34,-6.01],[92.34,-6.17],[92.27,-6.22],[92.2,-6.22],[92.16,-6.18],[92.16,-6.15],[92.13,-6.15],[92.13,-6.12],[92.05,-6.1],[92.05,-6.13],[92.05,-6.17],[91.98,-6.22],[91.91,-6.22],[91.84,-6.25],[91.84,-6.29],[91.73,-6.3],[91.62,-6.39],[91.59,-6.42],[91.51,-6.48],[91.48,-6.53],[91.48,-6.58],[91.41,-6.63],[91.41,-6.66],[91.37,-6.7],[91.3,-6.7],[91.19,-6.72],[91.15,-6.75],[91.12,-6.77],[91.12,-6.8],[91.08,-6.84],[90.97,-6.89],[90.83,-6.9],[90.76,-6.89],[90.76,-6.84],[90.69,-6.8],[90.51,-6.8],[90.43,-6.85],[90.43,-6.89],[90.4,-6.89],[90.29,-6.89],[90.25,-6.9],[90.18,-6.9],[90.11,-6.94],[90.11,-6.97],[90.07,-7.01],[89.97,-7.01],[89.82,-7.06],[89.79,-7.11],[89.79,-7.13],[89.68,-7.18],[89.61,-7.19],[88.96,-7.19],[88.89,-7.18],[88.81,-7.14],[88.81,-7.02],[88.81,-7.01],[88.78,-7.01],[88.78,-6.95],[88.74,-6.94],[88.74,-6.75],[88.71,-6.72],[88.71,-6.68],[88.6,-6.65],[88.71,-6.61],[88.74,-6.58],[88.74,-6.48],[88.81,-6.37],[88.96,-6.27],[88.99,-6.24],[89.03,-6.22],[89.17,-6.22],[89.25,-6.15],[89.25,-6.03],[89.25,-6.01],[89.32,-6.01],[89.43,-5.96],[89.53,-5.89],[89.57,-5.83],[89.64,-5.74],[89.64,-5.71],[89.68,-5.65],[89.68,-5.62],[89.68,-5.57],[89.79,-5.52],[89.82,-5.48],[89.89,-5.4],[90.0,-5.4],[90.04,-5.4],[90.04,-5.35],[90.11,-5.3],[90.18,-5.3],[90.25,-5.24],[90.29,-5.23],[90.29,-5.19],[90.33,-5.18],[90.33,-5.11],[90.25,-5.06],[90.22,-5.02],[90.18,-5.02],[90.11,-5.04],[90.11,-5.07],[90.04,-5.11],[89.89,-5.16],[89.89,-5.19],[89.89,-5.23],[89.79,-5.31],[89.68,-5.35],[89.68,-5.38],[89.61,-5.4],[89.53,-5.4],[89.43,-5.35],[89.39,-5.3],[89.39,-5.28],[89.25,-5.21],[89.17,-5.21],[89.1,-5.19],[88.99,-5.19],[88.92,-5.21],[88.81,-5.21],[88.74,-5.24],[88.74,-5.28],[88.71,-5.3],[88.67,-5.28],[88.67,-5.24],[88.6,-5.23],[88.6,-5.11],[88.56,-5.12],[88.56,-5.21],[88.49,-5.3],[88.49,-5.33],[88.45,-5.36],[88.35,-5.4],[88.28,-5.4],[88.24,-5.43],[88.24,-5.47],[88.17,-5.5],[88.02,-5.5],[87.95,-5.52],[87.92,-5.52],[87.84,-5.53],[87.84,-5.55],[87.7,-5.59],[87.63,-5.6],[87.38,-5.6],[87.27,-5.59],[87.16,-5.55],[87.16,-5.53],[87.05,-5.52],[87.02,-5.52],[86.94,-5.5],[86.84,-5.5],[86.8,-5.52],[86.73,-5.52],[86.62,-5.52],[86.62,-5.55],[86.58,-5.59],[86.51,-5.6],[86.3,-5.6],[86.19,-5.62],[86.15,-5.64],[86.12,-5.67],[86.12,-5.71],[86.08,-5.74],[85.94,-5.79],[85.86,-5.79],[85.76,-5.81],[85.76,-5.84],[85.76,-5.96],[85.68,-6.01],[85.68,-5.98],[85.65,-5.96],[85.65,-5.83],[85.58,-5.79],[85.54,-5.79],[85.54,-5.83],[85.54,-5.88],[85.5,-5.88],[85.43,-5.89],[85.29,-5.89],[85.25,-5.91],[85.14,-5.91],[85.11,-5.95],[85.11,-6.0],[85.07,-6.0],[85.07,-5.95],[85.04,-5.91],[85.04,-5.81],[84.93,-5.77],[84.93,-5.67],[84.89,-5.64],[84.89,-5.62],[84.86,-5.6],[84.68,-5.6],[84.6,-5.62],[84.5,-5.64],[84.5,-5.69],[84.46,-5.67],[84.46,-5.64],[84.39,-5.6],[84.35,-5.64],[84.35,-5.65],[84.21,-5.69],[84.17,-5.71],[83.96,-5.71],[83.81,-5.74],[83.81,-5.77],[83.78,-5.79],[83.78,-5.76],[83.7,-5.71],[83.6,-5.71],[83.6,-5.67],[83.56,-5.67],[83.56,-5.64],[83.52,-5.62],[83.49,-5.62],[83.42,-5.65],[83.38,-5.71],[83.38,-5.74],[83.31,-5.77],[83.27,-5.79],[83.16,-5.79],[83.16,-5.81],[83.16,-5.86],[83.09,-5.89],[82.98,-5.89],[82.88,-5.89],[82.84,-5.91],[82.73,-5.91],[82.73,-5.95],[82.73,-5.96],[82.73,-6.0],[82.66,-6.0],[82.66,-6.01],[82.55,-6.01],[82.52,-6.01],[82.52,-6.07],[82.48,-6.1],[82.3,-6.1],[82.26,-6.08],[82.26,-6.01],[82.3,-6.0],[82.3,-5.83],[82.34,-5.79],[82.34,-5.71],[82.44,-5.71],[82.44,-5.77],[82.48,-5.79],[82.55,-5.79],[82.62,-5.77],[82.62,-5.76],[82.66,-5.72],[82.66,-5.6],[82.62,-5.55],[82.62,-5.52],[82.55,-5.5],[82.52,-5.55],[82.52,-5.6],[82.48,-5.6],[82.48,-5.55],[82.44,-5.52],[82.34,-5.5],[82.26,-5.52],[82.26,-5.53],[82.23,-5.55],[82.23,-5.59],[82.19,-5.59],[82.08,-5.52],[82.05,-5.5],[81.9,-5.5],[81.76,-5.35],[81.62,-5.26],[81.58,-5.23],[81.44,-5.19],[81.36,-5.21],[81.36,-5.26],[81.26,-5.3],[81.22,-5.3],[81.15,-5.33],[81.15,-5.4],[81.04,-5.4],[81.04,-5.36],[81.0,-5.35],[81.0,-5.21],[80.97,-5.19],[80.97,-5.02],[81.0,-4.97],[81.0,-4.78],[81.04,-4.76],[81.04,-4.7],[81.15,-4.68],[81.15,-4.63],[81.04,-4.59],[80.97,-4.61],[80.97,-4.66],[80.93,-4.66],[80.93,-4.7],[80.82,-4.66],[80.82,-4.42],[80.93,-4.41],[81.0,-4.41],[81.0,-4.39],[81.0,-4.34],[81.04,-4.34],[81.04,-4.3],[81.15,-4.3],[81.15,-4.29],[81.22,-4.29],[81.22,-4.27],[81.22,-4.22],[81.26,-4.2],[81.36,-4.2],[81.44,-4.17],[81.44,-4.08],[81.44,-4.05],[81.44,-4.03],[81.54,-3.99],[81.58,-3.99],[81.65,-3.96],[81.65,-3.93],[81.8,-3.81],[81.87,-3.79],[81.9,-3.82],[81.9,-3.87],[81.98,-3.87],[81.98,-3.91],[82.05,-3.87],[82.05,-3.79],[82.08,-3.67],[82.19,-3.62],[82.26,-3.55],[82.44,-3.46],[82.44,-3.29],[82.48,-3.28],[82.48,-3.26],[82.52,-3.17],[82.52,-3.14],[82.66,-3.04],[82.73,-2.97],[82.73,-2.83],[82.62,-2.8],[82.48,-2.8],[82.34,-2.78],[82.34,-2.75],[82.3,-2.71],[82.3,-2.56],[82.34,-2.52],[82.34,-2.42],[82.41,-2.4],[82.44,-2.42],[82.44,-2.47],[82.52,-2.51],[82.52,-2.47],[82.52,-2.33],[82.55,-2.3],[82.66,-2.32],[82.66,-2.39],[82.73,-2.37],[82.73,-2.33],[82.84,-2.23],[82.73,-2.16],[82.7,-2.15],[82.62,-2.11],[82.52,-2.1],[82.19,-2.1],[82.08,-2.08],[82.05,-2.06],[82.05,-2.03],[81.9,-1.99],[81.9,-2.01],[81.87,-2.01],[81.87,-2.06],[81.83,-2.06],[81.83,-2.1],[81.76,-2.06],[81.76,-1.89],[81.69,-1.87],[81.69,-1.8],[81.65,-1.8],[81.65,-1.87],[81.62,-1.87],[81.54,-1.91],[81.36,-1.91],[81.26,-1.92],[81.18,-1.99],[81.18,-2.03],[81.15,-2.04],[81.04,-2.1],[81.0,-2.1],[80.93,-2.15],[80.93,-2.18],[80.82,-2.16],[80.82,-2.13],[80.75,-2.1],[80.72,-2.1],[80.57,-2.13],[80.54,-2.16],[80.5,-2.22],[80.39,-2.25],[80.36,-2.3],[80.32,-2.3],[80.25,-2.32],[80.25,-2.37],[80.14,-2.4],[80.14,-2.3],[80.25,-2.27],[80.25,-2.23],[80.32,-2.18],[80.32,-2.16],[80.36,-2.13],[80.36,-2.06],[80.32,-2.03],[80.18,-1.94],[80.14,-1.91],[80.03,-1.91],[79.92,-1.87],[79.92,-1.8],[80.03,-1.8],[80.03,-1.74],[80.07,-1.72],[80.07,-1.65],[80.1,-1.62],[80.1,-1.56],[80.14,-1.55],[80.25,-1.5],[80.32,-1.48],[80.32,-1.46],[80.36,-1.44],[80.36,-1.41],[80.36,-1.39],[80.46,-1.33],[80.46,-1.31],[80.54,-1.31],[80.54,-1.34],[80.57,-1.36],[80.57,-1.39],[80.57,-1.38],[80.61,-1.38],[80.61,-1.36],[80.68,-1.33],[80.68,-1.31],[80.72,-1.31],[80.72,-1.26],[80.75,-1.24],[80.75,-1.14],[80.79,-1.1],[81.0,-1.1],[81.11,-1.09],[81.15,-1.09],[81.18,-1.07],[81.22,-1.07],[81.22,-1.03],[81.26,-1.02],[81.26,-1.0],[81.33,-1.02],[81.33,-1.05],[81.44,-1.09],[81.58,-1.09],[81.65,-1.1],[82.05,-1.1],[82.08,-1.12],[82.12,-1.15],[82.12,-1.26],[82.19,-1.27],[82.19,-1.29],[82.23,-1.31],[82.3,-1.31],[82.3,-1.36],[82.34,-1.36],[82.34,-1.38],[82.41,-1.39],[82.48,-1.39],[82.52,-1.41],[82.55,-1.41],[82.62,-1.43],[82.62,-1.44],[82.66,-1.44],[82.66,-1.48],[82.7,-1.5],[82.84,-1.5],[82.95,-1.44],[82.98,-1.39],[82.98,-1.31],[82.95,-1.29],[82.91,-1.21],[82.88,-1.19],[82.88,-1.14],[82.84,-1.09],[82.84,-1.03],[82.88,-1.0],[82.91,-1.0],[82.91,-1.02],[82.95,-1.02],[82.95,-1.07],[82.95,-1.09],[82.98,-1.09],[83.06,-1.1],[83.16,-1.1],[83.16,-1.12],[83.2,-1.14],[83.27,-1.17],[83.27,-1.19],[83.31,-1.19],[83.31,-1.22],[83.42,-1.29],[83.49,-1.29],[83.52,-1.31],[83.6,-1.31],[83.63,-1.31],[83.7,-1.31],[83.78,-1.34],[83.78,-1.39],[83.81,-1.39],[83.81,-1.38],[83.81,-1.36],[83.81,-1.34],[83.85,-1.33],[83.85,-1.31],[83.92,-1.31],[83.92,-1.33],[83.96,-1.34],[83.96,-1.38],[83.99,-1.38],[83.99,-1.39],[84.03,-1.39],[84.03,-1.41],[84.14,-1.41],[84.14,-1.48],[84.03,-1.55],[84.03,-1.56],[83.96,-1.6],[83.85,-1.6],[83.85,-1.63],[83.81,-1.67],[83.81,-1.74],[83.85,-1.77],[83.96,-1.84],[83.96,-1.87],[83.99,-1.89],[84.03,-1.94],[84.03,-1.98],[84.03,-1.99],[84.03,-2.06],[84.03,-2.1],[83.96,-2.06],[83.81,-1.94],[83.81,-1.92],[83.7,-1.98],[83.7,-1.99],[83.6,-1.99],[83.56,-1.98],[83.56,-1.92],[83.49,-1.91],[83.42,-1.94],[83.42,-2.06],[83.38,-2.1],[83.38,-2.15],[83.34,-2.16],[83.34,-2.33],[83.38,-2.35],[83.38,-2.4],[83.42,-2.44],[83.42,-2.54],[83.49,-2.56],[83.49,-2.59],[83.56,-2.66],[83.56,-2.68],[83.6,-2.68],[83.63,-2.64],[83.63,-2.61],[83.74,-2.61],[83.74,-2.68],[83.63,-2.69],[83.63,-2.8],[83.78,-2.8],[83.78,-2.81],[83.85,-2.87],[83.92,-2.92],[83.92,-3.0],[83.85,-3.04],[83.78,-3.07],[83.63,-3.09],[83.6,-3.1],[83.42,-3.1],[83.34,-3.14],[83.34,-3.17],[83.38,-3.17],[83.42,-3.19],[83.6,-3.19],[83.6,-3.21],[83.7,-3.21],[83.78,-3.26],[83.78,-3.29],[83.81,-3.29],[83.81,-3.26],[83.81,-3.22],[83.92,-3.19],[83.99,-3.21],[84.03,-3.26],[84.06,-3.29],[84.17,-3.36],[84.24,-3.41],[84.35,-3.4],[84.35,-3.33],[84.24,-3.28],[84.24,-3.26],[84.17,-3.17],[84.17,-3.04],[84.21,-3.0],[84.24,-3.0],[84.39,-2.92],[84.42,-2.85],[84.42,-2.8],[84.46,-2.73],[84.46,-2.47],[84.5,-2.37],[84.68,-2.3],[84.71,-2.3],[84.86,-2.3],[84.93,-2.3],[85.0,-2.3],[85.11,-2.3],[85.11,-2.33],[85.11,-2.44],[85.11,-2.47],[85.11,-2.52],[85.04,-2.56],[84.93,-2.64],[84.93,-2.81],[84.89,-2.85],[84.89,-2.88],[84.89,-2.9],[84.78,-2.9],[84.71,-2.87],[84.71,-2.81],[84.68,-2.8],[84.68,-2.83],[84.64,-2.85],[84.64,-2.95],[84.6,-2.99],[84.6,-3.02],[84.5,-3.05],[84.5,-3.09],[84.46,-3.07],[84.46,-3.05],[84.42,-3.02],[84.28,-3.05],[84.28,-3.09],[84.24,-3.12],[84.24,-3.19],[84.35,-3.26],[84.42,-3.28],[84.46,-3.29],[84.57,-3.29],[84.64,-3.31],[84.64,-3.36],[84.68,-3.38],[84.68,-3.4],[84.82,-3.4],[84.86,-3.41],[85.04,-3.41],[85.11,-3.43],[85.11,-3.46],[85.14,-3.5],[85.29,-3.5],[85.32,-3.46],[85.32,-3.43],[85.36,-3.41],[85.43,-3.41],[85.43,-3.43],[85.47,-3.46],[85.76,-3.5],[86.3,-3.5],[86.4,-3.48],[86.44,-3.41],[86.51,-3.41],[86.62,-3.41],[86.73,-3.43],[86.8,-3.48],[86.87,-3.4],[86.94,-3.34],[87.05,-3.22],[87.09,-3.22],[87.16,-3.28],[87.23,-3.29],[87.27,-3.29],[87.48,-3.22],[87.48,-3.17],[87.66,-2.93],[87.66,-2.9],[87.63,-2.85],[87.63,-2.8],[87.59,-2.78],[87.52,-2.78],[87.52,-2.73],[87.63,-2.69],[87.63,-2.64],[87.66,-2.61],[87.66,-2.44],[87.7,-2.4],[87.7,-2.22],[87.7,-2.2],[87.63,-2.2],[87.52,-2.16],[87.52,-2.04],[87.59,-2.01],[87.7,-1.98],[87.7,-1.94],[87.84,-1.91],[88.02,-1.91],[88.17,-1.87],[88.28,-1.84],[88.28,-1.8],[88.38,-1.72],[88.38,-1.67],[88.45,-1.65],[88.45,-1.62],[88.38,-1.6],[88.06,-1.6],[87.92,-1.56],[87.92,-1.44],[87.95,-1.44],[87.95,-1.43],[88.02,-1.41],[88.17,-1.41],[88.24,-1.39],[88.38,-1.39],[88.38,-1.38],[88.38,-1.36],[88.45,-1.36],[88.45,-1.33],[88.53,-1.31],[88.67,-1.31],[88.74,-1.33],[88.74,-1.44],[88.78,-1.44],[88.78,-1.46],[88.89,-1.5],[89.53,-1.5],[89.61,-1.48],[89.68,-1.48],[89.68,-1.46],[89.75,-1.46],[89.75,-1.43],[89.79,-1.43],[89.79,-1.41],[89.82,-1.41],[89.89,-1.36],[90.04,-1.27],[90.04,-1.12],[89.97,-1.07],[89.86,-1.02],[89.79,-1.0],[89.64,-1.0],[89.61,-0.98],[89.57,-0.98],[89.57,-0.93],[89.53,-0.9],[89.57,-0.88],[89.57,-0.83],[89.61,-0.81],[89.68,-0.81],[89.75,-0.79],[89.79,-0.76],[89.86,-0.73],[89.89,-0.69],[89.97,-0.64],[90.04,-0.52],[90.04,-0.45],[90.07,-0.45],[90.07,-0.42],[90.11,-0.42],[90.11,-0.4],[90.18,-0.4],[90.25,-0.37],[90.25,-0.33],[90.29,-0.33],[90.29,-0.32],[90.33,-0.32],[90.33,-0.3],[90.43,-0.3],[90.54,-0.25],[90.65,-0.16],[90.65,-0.11],[90.61,-0.11],[90.61,-0.09],[90.51,-0.09],[90.51,-0.08],[90.47,-0.08],[90.47,-0.06],[90.43,-0.06],[90.43,-0.02],[90.4,-0.02],[90.33,-0.01],[90.25,-0.01],[90.18,0.01],[89.89,0.01],[89.82,0.03],[89.75,0.04],[89.68,0.1],[89.64,0.16],[89.64,0.2],[89.68,0.23],[89.68,0.28],[89.75,0.37],[89.82,0.42],[89.89,0.51],[90.04,0.59],[90.07,0.61],[90.11,0.61],[90.11,0.63],[90.11,0.66],[90.22,0.69],[90.29,0.69],[90.43,0.76],[90.51,0.83],[90.61,0.92],[90.72,1.0],[90.76,1.09],[90.83,1.16],[90.87,1.21],[90.87,1.22],[90.83,1.24],[90.83,1.28],[90.76,1.29],[90.76,1.31],[90.76,1.33],[90.76,1.34],[90.69,1.4],[90.65,1.41],[90.65,1.45],[90.72,1.48],[90.76,1.5],[91.12,1.5],[91.19,1.52],[91.3,1.52],[91.33,1.53],[91.33,1.69],[91.26,1.72],[91.26,1.91],[91.19,1.93],[91.19,1.99],[91.15,2.03],[91.15,2.15],[91.12,2.15],[91.12,2.2],[91.08,2.22],[91.05,2.27],[90.97,2.27],[90.87,2.27],[90.87,2.25],[90.83,2.25],[90.83,2.22],[90.76,2.2],[90.61,2.2],[90.54,2.15],[90.54,2.03],[90.51,2.01],[90.4,2.01],[90.33,1.99],[90.25,1.96],[90.22,1.89],[90.11,1.86],[90.11,1.84],[90.04,1.79],[89.89,1.79],[89.86,1.77],[89.86,1.74],[89.82,1.7],[89.75,1.7],[89.64,1.65],[89.61,1.6],[89.57,1.58],[89.57,1.55],[89.53,1.53],[89.46,1.53],[89.39,1.48],[89.35,1.48],[89.35,1.43],[89.32,1.41],[89.25,1.41],[89.21,1.4],[89.17,1.4],[89.17,1.38],[89.14,1.36],[89.14,1.31],[89.1,1.31],[89.1,1.29],[88.99,1.29],[88.99,1.28],[88.96,1.28],[88.96,1.22],[88.99,1.22],[88.99,1.21],[89.03,1.21],[89.03,1.19],[89.17,1.19],[89.25,1.16],[89.25,1.12],[89.21,1.12],[89.21,1.1],[89.1,1.1],[89.1,1.09],[89.03,1.09],[89.03,1.04],[88.96,1.0],[88.81,1.0],[88.81,0.98],[88.78,0.98],[88.78,0.97],[88.74,0.95],[88.74,0.81],[88.67,0.78],[88.67,0.75],[88.6,0.71],[88.6,0.61],[88.6,0.59],[88.56,0.57],[88.56,0.47],[88.53,0.44],[88.53,0.42],[88.49,0.42],[88.45,0.4],[88.28,0.4],[88.24,0.42],[88.17,0.42],[88.17,0.45],[88.13,0.45],[88.13,0.47],[88.06,0.51],[87.92,0.51],[87.92,0.49],[87.88,0.49],[87.88,0.47],[87.84,0.45],[87.84,0.42],[87.88,0.42],[87.88,0.4],[87.92,0.4],[87.92,0.39],[87.92,0.33],[87.88,0.3],[87.81,0.3],[87.74,0.28],[87.7,0.28],[87.66,0.28],[87.66,0.25],[87.63,0.23],[87.63,0.21],[87.59,0.21],[87.52,0.2],[87.48,0.2],[87.45,0.18],[87.41,0.18],[87.38,0.16],[87.27,0.13],[87.27,0.1],[87.27,0.08],[87.27,0.06],[87.23,0.04],[87.2,0.03],[87.2,0.01],[87.16,0.01],[87.05,-0.04],[87.05,-0.06],[87.02,-0.08],[87.02,-0.09],[86.98,-0.11],[86.98,-0.14],[86.87,-0.18],[86.87,-0.2],[86.84,-0.2],[86.8,-0.2],[86.76,-0.21],[86.76,-0.26],[86.73,-0.26],[86.73,-0.3],[86.66,-0.3],[86.62,-0.3],[86.62,-0.32],[86.58,-0.33],[86.55,-0.38],[86.55,-0.49],[86.62,-0.61],[86.66,-0.69],[86.66,-0.71],[86.73,-0.73],[86.76,-0.76],[86.84,-0.78],[86.84,-0.79],[86.87,-0.79],[86.98,-0.81],[87.16,-0.81],[87.27,-0.85],[87.23,-0.86],[87.23,-0.88],[87.2,-0.88],[87.16,-0.9],[86.98,-0.9],[86.94,-0.91],[86.87,-0.91],[86.84,-0.93],[86.84,-0.95],[86.84,-0.97],[86.84,-1.07],[86.8,-1.09],[86.76,-1.09],[86.76,-1.1],[86.66,-1.1],[86.62,-1.12],[86.62,-1.19],[86.66,-1.19],[86.73,-1.22],[86.73,-1.24],[86.76,-1.24],[86.76,-1.26],[86.73,-1.26],[86.73,-1.27],[86.66,-1.29],[86.66,-1.31],[86.62,-1.31],[86.62,-1.43],[86.58,-1.53],[86.51,-1.58],[86.4,-1.63],[86.4,-1.67],[86.33,-1.68],[86.22,-1.7],[86.19,-1.7],[86.15,-1.74],[86.15,-1.79],[86.12,-1.8],[85.97,-1.8],[85.97,-1.87],[85.94,-1.91],[85.94,-1.98],[85.97,-2.01],[85.97,-2.08],[86.01,-2.11],[86.01,-2.18],[85.97,-2.2],[85.9,-2.2],[85.76,-2.18],[85.72,-2.15],[85.72,-2.1],[85.65,-2.15],[85.65,-2.18],[85.54,-2.18],[85.54,-2.15],[85.54,-2.11],[85.5,-2.1],[85.36,-2.1],[85.32,-2.06],[85.32,-2.03],[85.32,-1.96],[85.32,-1.92],[85.25,-1.86],[85.22,-1.8],[85.07,-1.72],[84.89,-1.68],[84.82,-1.68],[84.71,-1.65],[84.71,-1.55],[84.68,-1.51],[84.64,-1.5],[84.35,-1.5],[84.24,-1.44],[84.24,-1.43],[84.28,-1.38],[84.35,-1.36],[84.35,-1.33],[84.28,-1.33],[84.28,-1.31],[84.24,-1.31],[84.24,-1.29],[84.24,-1.26],[84.24,-1.24],[84.24,-1.22],[84.24,-1.21],[84.28,-1.19],[84.42,-1.19],[84.46,-1.17],[84.46,-1.14],[84.46,-1.12],[84.57,-1.12],[84.6,-1.1],[84.89,-1.1],[85.04,-1.09],[85.11,-1.09],[85.14,-1.07],[85.25,-1.05],[85.29,-1.02],[85.32,-0.97],[85.32,-0.95],[85.32,-0.93],[85.36,-0.9],[85.43,-0.88],[85.43,-0.81],[85.47,-0.81],[85.47,-0.73],[85.54,-0.64],[85.68,-0.59],[85.72,-0.59],[85.72,-0.56],[85.76,-0.54],[85.76,-0.25],[85.76,-0.21],[85.76,-0.2],[85.79,-0.2],[85.9,-0.2],[85.94,-0.18],[85.97,-0.14],[85.97,-0.09],[85.97,-0.04],[86.01,0.04],[86.01,0.45],[85.97,0.47],[85.97,0.51],[85.97,0.54],[85.94,0.54],[85.97,0.56],[85.97,0.59],[86.01,0.59],[86.08,0.61],[86.15,0.61],[86.19,0.63],[86.19,0.66],[86.22,0.66],[86.3,0.69],[86.33,0.75],[86.4,0.83],[86.44,0.88],[86.51,0.92],[86.51,1.0],[86.44,1.04],[86.37,1.09],[86.33,1.09],[86.3,1.1],[86.19,1.1],[86.19,1.12],[86.15,1.14],[86.15,1.16],[86.12,1.17],[86.12,1.19],[86.08,1.19],[86.08,1.17],[86.01,1.16],[86.01,1.12],[85.97,1.12],[85.97,1.16],[85.9,1.17],[85.9,1.22],[85.86,1.24],[85.86,1.34],[85.79,1.36],[85.79,1.38],[85.76,1.41],[85.72,1.41],[85.72,1.4],[85.68,1.4],[85.68,1.38],[85.65,1.38],[85.65,1.34],[85.58,1.33],[85.54,1.33],[85.54,1.31],[85.43,1.29],[85.11,1.29],[85.07,1.31],[84.93,1.31],[84.93,1.38],[85.0,1.4],[85.0,1.41],[85.07,1.46],[85.11,1.5],[85.14,1.62],[85.25,1.75],[85.25,1.86],[85.14,1.91],[85.14,1.99],[85.22,2.01],[85.22,2.03],[85.25,2.06],[85.32,2.1],[85.32,2.06],[85.32,2.05],[85.32,2.03],[85.36,2.01],[85.47,2.01],[85.54,1.98],[85.54,1.94],[85.54,1.91],[85.58,1.91],[85.72,2.01],[85.76,2.01],[85.86,1.99],[85.97,1.89],[86.01,1.84],[86.01,1.75],[86.12,1.7],[86.19,1.7],[86.22,1.75],[86.22,1.89],[86.3,1.89],[86.33,1.91],[86.33,1.99],[86.37,2.03],[86.37,2.18],[86.4,2.18],[86.55,2.22],[86.55,2.27],[86.58,2.27],[86.62,2.3],[86.66,2.3],[86.66,2.32],[86.76,2.35],[86.8,2.39],[86.8,2.42],[86.84,2.46],[86.84,2.47],[86.94,2.51],[87.02,2.52],[87.05,2.54],[87.05,2.64],[86.98,2.76],[86.94,2.85],[86.84,2.97],[86.76,3.02],[86.73,3.04],[86.62,3.11],[86.58,3.11],[86.55,3.14],[86.55,3.16],[86.44,3.19],[86.44,3.14],[86.4,3.12],[86.33,3.11],[86.01,3.11],[85.9,3.06],[85.86,3.06],[85.86,3.04],[85.76,3.0],[85.65,3.0],[85.54,3.04],[85.54,3.06],[85.58,3.11],[85.68,3.11],[85.72,3.12],[85.76,3.18],[85.76,3.21],[85.79,3.23],[85.79,3.28],[85.76,3.33],[85.76,3.36],[85.76,3.38],[85.76,3.4],[85.79,3.41],[85.86,3.47],[85.97,3.52],[86.08,3.57],[86.12,3.62],[86.12,3.64],[86.15,3.69],[86.15,3.77],[86.18,3.79],[86.19,3.79],[86.22,3.77],[86.22,3.71],[86.33,3.71],[86.33,3.76],[86.37,3.77],[86.37,3.79],[91.16,3.79],[91.19,3.76],[91.26,3.72],[91.33,3.67],[91.41,3.52],[91.41,3.45],[91.51,3.4],[91.62,3.4],[91.62,3.43],[91.62,3.47],[91.73,3.5],[91.8,3.5],[91.84,3.5],[91.91,3.5],[91.95,3.53],[91.95,3.57],[92.02,3.6],[92.05,3.6],[92.16,3.53],[92.16,3.45],[92.27,3.4],[92.85,3.4],[92.92,3.38],[92.99,3.38],[93.06,3.33],[93.06,3.21],[93.1,3.21],[93.13,3.24],[93.13,3.28],[93.21,3.29],[93.21,3.33],[93.35,3.4],[93.49,3.4],[93.57,3.41],[93.67,3.47],[93.71,3.5],[93.71,3.52],[93.75,3.55],[93.75,3.64],[93.78,3.65],[93.78,3.71],[93.85,3.76],[93.92,3.79],[94.36,3.79],[94.36,3.72],[94.39,3.71],[94.43,3.72],[94.43,3.79],[97.02,3.79],[97.02,3.76],[97.09,3.74],[97.09,3.71],[97.13,3.67],[97.13,3.55],[97.17,3.5],[97.17,3.23],[97.24,3.19],[97.31,3.19],[97.35,3.16],[97.35,2.94],[97.38,2.9],[97.45,2.9],[97.63,2.88],[97.67,2.85],[97.63,2.8],[97.56,2.78],[97.56,2.73],[97.6,2.71],[97.6,2.66],[97.67,2.64],[97.67,2.63],[97.78,2.61],[97.99,2.61],[98.07,2.64],[98.07,2.66],[98.1,2.7],[98.21,2.7],[98.25,2.66],[98.25,2.61],[98.17,2.59],[98.17,2.56],[98.1,2.54],[98.1,2.42],[98.03,2.39],[97.78,2.39],[97.67,2.42],[97.67,2.47],[97.63,2.51],[97.63,2.58],[97.53,2.61],[97.42,2.61],[97.35,2.64],[97.35,2.66],[97.24,2.7],[97.13,2.7],[97.02,2.73],[97.02,2.76],[96.95,2.8],[96.81,2.8],[96.77,2.76],[96.77,2.73],[96.73,2.7],[96.73,2.63],[96.7,2.61],[96.55,2.61],[96.55,2.59],[96.48,2.59],[96.45,2.58],[96.45,2.52],[96.52,2.51],[96.59,2.51],[96.66,2.46],[96.66,2.42],[96.77,2.39],[96.88,2.39],[96.91,2.37],[96.99,2.34],[96.99,2.3],[97.02,2.3],[97.02,2.34],[97.09,2.39],[97.17,2.34],[97.17,2.22],[97.24,2.2],[97.35,2.2],[97.42,2.17],[97.45,2.17],[97.45,2.13],[97.6,2.1],[97.78,2.1],[97.78,2.08],[97.85,2.06],[97.85,2.03],[97.89,2.03],[97.96,2.03],[97.96,2.06],[98.1,2.18],[98.21,2.2],[98.25,2.17],[98.25,2.13],[98.32,2.1],[98.39,2.1],[98.43,2.08],[98.5,2.01],[98.5,1.96],[98.53,1.91],[98.53,1.77],[98.53,1.75],[98.53,1.62],[98.64,1.58],[98.64,1.53],[98.61,1.52],[98.53,1.52],[98.5,1.5],[98.32,1.5],[98.25,1.43],[98.25,1.28],[98.28,1.24],[98.28,1.21],[98.32,1.19],[98.32,1.17],[98.32,1.04],[98.39,1.02],[98.39,1.0],[98.43,1.0],[98.43,1.04],[98.46,1.05],[98.46,1.17],[98.5,1.19],[98.5,1.21],[98.53,1.21],[98.53,1.29],[98.53,1.33],[98.53,1.38],[98.61,1.4],[98.64,1.4],[98.68,1.41],[98.75,1.41],[98.86,1.38],[98.82,1.34],[98.82,1.31],[98.75,1.24],[98.71,1.21],[98.68,1.19],[98.68,1.12],[98.71,1.1],[98.71,1.07],[98.75,1.05],[98.75,0.85],[98.75,0.81],[98.75,0.8],[98.82,0.8],[98.82,0.78],[98.86,0.76],[98.86,0.63],[98.89,0.61],[98.89,0.59],[98.93,0.59],[98.93,0.54],[98.97,0.52],[98.97,0.42],[98.97,0.4],[98.97,0.39],[99.04,0.37],[99.04,0.32],[98.97,0.32],[98.97,0.3],[98.97,0.28],[98.97,0.21],[98.97,0.2],[99.07,0.2],[99.07,0.18],[99.11,0.18],[99.11,0.16],[99.14,0.16],[99.14,-1.1],[99.11,-1.1],[99.07,-1.12],[99.04,-1.15],[99.04,-1.17],[99.07,-1.19],[99.11,-1.19],[99.11,-1.21],[99.14,-1.21],[99.14,-1.28],[99.07,-1.31],[98.97,-1.31],[98.93,-1.27],[98.89,-1.24],[98.82,-1.22],[98.75,-1.19],[98.75,-1.15],[98.68,-1.07],[98.61,-1.02],[98.53,-0.95],[98.5,-0.95],[98.5,-0.91],[98.46,-0.91],[98.39,-0.88],[98.39,-0.86],[98.32,-0.83],[98.32,-0.81],[98.28,-0.78],[98.28,-0.76],[98.25,-0.74],[98.25,-0.73],[98.1,-0.69],[98.07,-0.69],[98.03,-0.62],[97.96,-0.57],[97.89,-0.52],[97.89,-0.47],[97.85,-0.42],[97.85,-0.33],[97.81,-0.32],[97.81,-0.3],[97.78,-0.3],[97.78,-0.23],[97.74,-0.2],[97.74,-0.02],[97.67,-0.01],[97.67,0.01],[97.67,0.08],[97.63,0.1],[97.63,0.16],[97.6,0.18],[97.6,0.2],[97.45,0.2],[97.45,0.23],[97.45,0.35],[97.45,0.37],[97.45,0.39],[97.53,0.4],[97.81,0.4],[97.85,0.42],[97.89,0.42],[97.96,0.44],[97.96,0.47],[97.89,0.49],[97.89,0.51],[97.89,0.52],[97.85,0.54],[97.85,0.69],[97.89,0.76],[97.89,0.8],[97.89,0.81],[97.89,0.83],[97.96,0.83],[97.96,0.87],[97.89,0.9],[97.89,0.92],[97.85,0.93],[97.85,1.04],[97.78,1.12],[97.74,1.17],[97.67,1.22],[97.63,1.28],[97.56,1.28],[97.45,1.31],[97.45,1.33],[97.45,1.34],[97.45,1.46],[97.38,1.5],[97.35,1.5],[97.24,1.52],[97.24,1.53],[97.24,1.57],[97.35,1.62],[97.35,1.67],[97.24,1.69],[97.24,1.7],[97.17,1.67],[97.17,1.58],[97.13,1.55],[97.13,1.52],[97.09,1.52],[97.02,1.53],[97.02,1.65],[97.02,1.67],[96.95,1.7],[96.81,1.7],[96.73,1.75],[96.73,1.77],[96.7,1.79],[96.59,1.79],[96.55,1.77],[96.55,1.74],[96.52,1.7],[96.45,1.7],[96.34,1.65],[96.34,1.62],[96.3,1.6],[96.16,1.6],[96.09,1.65],[95.94,1.72],[95.94,1.74],[95.91,1.77],[95.83,1.74],[95.83,1.7],[95.73,1.72],[95.73,1.89],[95.8,1.89],[95.83,1.91],[95.83,2.1],[95.73,2.1],[95.73,2.03],[95.73,2.01],[95.62,1.99],[95.51,1.96],[95.51,1.93],[95.51,1.89],[95.47,1.86],[95.47,1.81],[95.44,1.77],[95.44,1.7],[95.4,1.7],[95.29,1.79],[95.29,1.82],[95.22,1.86],[95.22,1.87],[95.15,1.89],[95.04,1.89],[94.97,1.91],[94.97,1.94],[94.93,1.94],[94.93,1.99],[94.86,1.98],[94.86,1.79],[94.83,1.77],[94.83,1.7],[94.75,1.67],[94.75,1.53],[94.72,1.53],[94.72,1.5],[94.65,1.5],[94.65,1.53],[94.65,1.58],[94.57,1.6],[94.57,1.53],[94.54,1.52],[94.54,1.33],[94.43,1.29],[94.39,1.29],[94.39,1.28],[94.36,1.28],[94.36,1.21],[94.39,1.21],[94.39,1.19],[94.43,1.19],[94.43,1.14],[94.43,1.12],[94.43,1.02],[94.5,1.0],[94.54,1.02],[94.54,1.05],[94.57,1.07],[94.57,1.09],[94.61,1.09],[94.61,1.1],[94.72,1.1],[94.72,1.12],[94.75,1.14],[94.75,1.16],[94.83,1.19],[94.97,1.19],[95.01,1.17],[95.04,1.17],[95.04,1.14],[95.08,1.12],[95.08,1.1],[95.19,1.1],[95.22,1.09],[95.22,1.07],[95.26,1.07],[95.26,1.04],[95.22,1.02],[95.22,1.0],[95.19,1.0],[95.15,0.98],[95.15,0.88],[95.19,0.85],[95.19,0.8],[95.22,0.78],[95.22,0.76],[95.37,0.69],[95.4,0.69],[95.4,0.68],[95.44,0.66],[95.44,0.57],[95.47,0.56],[95.47,0.51],[95.51,0.49],[95.51,0.47],[95.51,0.42],[95.47,0.4],[95.47,0.32],[95.44,0.28],[95.44,0.16],[95.29,0.03],[95.29,0.01],[95.26,0.04],[95.26,0.06],[95.22,0.08],[95.22,0.1],[95.19,0.1],[95.15,0.06],[95.15,-0.02],[95.19,-0.06],[95.19,-0.09],[95.22,-0.11],[95.22,-0.13],[95.26,-0.14],[95.26,-0.16],[95.29,-0.18],[95.29,-0.2],[95.29,-0.21],[95.29,-0.23],[95.37,-0.25],[95.37,-0.26],[95.29,-0.3],[95.22,-0.3],[95.22,-0.32],[95.19,-0.32],[95.19,-0.33],[95.15,-0.33],[95.15,-0.38],[95.19,-0.38],[95.19,-0.4],[95.22,-0.4],[95.22,-0.42],[95.26,-0.42],[95.26,-0.47],[95.22,-0.47],[95.22,-0.49],[95.19,-0.49],[95.19,-0.5],[95.08,-0.5],[95.08,-0.49],[95.08,-0.45],[95.04,-0.45],[95.04,-0.35],[95.08,-0.33],[95.08,-0.3],[95.15,-0.26],[95.15,-0.14],[95.08,-0.13],[95.08,-0.11],[95.08,-0.09],[95.01,-0.09],[95.01,-0.11],[94.97,-0.13],[94.97,-0.18],[94.93,-0.2],[94.93,-0.3],[94.86,-0.3],[94.83,-0.3],[94.79,-0.3],[94.79,-0.26],[94.75,-0.25],[94.75,-0.23],[94.72,-0.21],[94.72,-0.2],[94.65,-0.16],[94.65,-0.13],[94.57,-0.11],[94.54,-0.09],[94.43,-0.09]],[[85.94,3.35],[85.94,3.4],[85.86,3.38],[85.86,3.31],[85.94,3.29],[85.94,3.35]],[[86.62,3.35],[86.62,3.38],[86.62,3.4],[86.55,3.38],[86.55,3.33],[86.58,3.29],[86.62,3.29],[86.62,3.35]],[[93.24,3.14],[93.24,3.19],[93.13,3.19],[93.13,3.16],[93.13,3.14],[93.13,3.11],[93.24,3.11],[93.24,3.14]],[[96.34,2.95],[96.34,3.09],[96.3,3.11],[96.27,3.09],[96.27,2.82],[96.3,2.8],[96.34,2.82],[96.34,2.95]],[[91.62,2.9],[91.62,2.95],[91.62,2.97],[91.62,3.0],[91.55,2.97],[91.55,2.83],[91.59,2.8],[91.62,2.8],[91.62,2.83],[91.62,2.85],[91.62,2.9]],[[91.15,2.51],[91.15,2.56],[91.05,2.61],[90.94,2.56],[90.94,2.52],[90.83,2.51],[90.69,2.51],[90.61,2.49],[90.54,2.46],[90.54,2.42],[90.65,2.41],[90.72,2.41],[90.76,2.39],[90.97,2.39],[91.05,2.41],[91.12,2.41],[91.15,2.44],[91.15,2.51]],[[94.75,2.35],[94.75,2.39],[94.65,2.39],[94.65,2.32],[94.65,2.3],[94.75,2.32],[94.75,2.35]],[[94.21,2.17],[94.21,2.27],[94.18,2.27],[94.11,2.2],[94.07,2.18],[94.07,2.15],[94.0,2.13],[93.96,2.1],[93.89,2.1],[93.85,2.08],[93.85,2.03],[93.78,2.01],[93.75,2.01],[93.64,1.96],[93.64,1.93],[93.67,1.89],[93.75,1.87],[93.75,1.82],[93.67,1.79],[93.67,1.74],[93.64,1.7],[93.64,1.53],[93.57,1.5],[93.57,1.41],[93.75,1.41],[93.75,1.4],[93.78,1.4],[93.78,1.38],[93.85,1.38],[93.85,1.33],[93.93,1.29],[94.0,1.29],[94.0,1.31],[94.0,1.4],[94.0,1.41],[93.96,1.41],[93.96,1.67],[94.0,1.7],[94.07,1.7],[94.14,1.67],[94.14,1.46],[94.18,1.45],[94.18,1.41],[94.21,1.41],[94.21,1.43],[94.21,1.55],[94.29,1.57],[94.29,1.6],[94.36,1.6],[94.39,1.62],[94.5,1.7],[94.54,1.75],[94.54,1.87],[94.5,1.89],[94.43,1.89],[94.39,1.91],[94.32,1.98],[94.29,2.03],[94.29,2.06],[94.21,2.13],[94.21,2.17]],[[94.65,2.25],[94.65,2.27],[94.57,2.3],[94.57,2.27],[94.54,2.27],[94.54,2.23],[94.57,2.2],[94.65,2.22],[94.65,2.25]],[[94.54,2.15],[94.54,2.18],[94.43,2.2],[94.43,2.11],[94.5,2.1],[94.54,2.11],[94.54,2.15]],[[94.86,2.13],[94.83,2.15],[94.83,2.18],[94.79,2.2],[94.72,2.2],[94.65,2.15],[94.65,1.94],[94.65,1.93],[94.65,1.89],[94.72,1.89],[94.72,1.93],[94.79,1.98],[94.83,2.03],[94.83,2.05],[94.86,2.1],[94.86,2.13]],[[98.46,1.86],[98.46,1.87],[98.39,1.89],[98.32,1.89],[98.32,1.81],[98.43,1.79],[98.43,1.82],[98.46,1.82],[98.46,1.86]],[[98.25,1.1],[98.25,1.17],[98.21,1.19],[98.1,1.16],[98.1,1.12],[98.1,1.09],[98.07,1.04],[98.07,0.71],[98.1,0.69],[98.1,0.71],[98.1,0.92],[98.17,0.93],[98.17,1.0],[98.21,1.0],[98.21,1.02],[98.25,1.02],[98.25,1.1]],[[93.85,1.0],[93.85,1.05],[93.78,1.07],[93.78,1.1],[93.78,1.07],[93.75,1.05],[93.75,0.93],[93.78,0.92],[93.78,0.9],[93.78,0.92],[93.85,0.93],[93.85,1.0]],[[92.7,0.75],[92.7,0.78],[92.7,0.8],[92.67,0.8],[92.67,0.69],[92.7,0.69],[92.7,0.71],[92.7,0.75]],[[98.32,0.75],[98.32,0.78],[98.32,0.8],[98.28,0.8],[98.28,0.78],[98.25,0.78],[98.25,0.73],[98.28,0.71],[98.28,0.69],[98.32,0.69],[98.32,0.71],[98.32,0.75]],[[98.25,0.66],[98.25,0.69],[98.17,0.69],[98.17,0.68],[98.1,0.66],[98.1,0.64],[98.17,0.63],[98.17,0.61],[98.25,0.61],[98.25,0.66]],[[94.43,-0.09],[94.43,-0.04],[94.43,-0.02],[94.43,0.01],[94.43,0.03],[94.43,0.04],[94.43,0.1],[94.39,0.1],[94.36,0.08],[94.36,-0.08],[94.39,-0.09],[94.43,-0.09]],[[83.16,-1.26],[83.16,-1.22],[83.13,-1.22],[83.13,-1.19],[83.09,-1.19],[83.09,-1.21],[83.06,-1.21],[83.06,-1.29],[83.09,-1.31],[83.13,-1.31],[83.13,-1.27],[83.16,-1.27],[83.16,-1.26]],[[80.54,-1.44],[80.54,-1.41],[80.46,-1.41],[80.46,-1.5],[80.54,-1.5],[80.54,-1.44]],[[83.16,-2.06],[83.13,-2.01],[83.09,-1.99],[83.06,-2.01],[83.06,-2.1],[83.13,-2.1],[83.16,-2.06]],[[83.06,-2.15],[82.98,-2.1],[82.95,-2.11],[82.95,-2.18],[82.95,-2.2],[83.06,-2.18],[83.06,-2.15]],[[83.2,-2.15],[83.2,-2.1],[83.16,-2.1],[83.16,-2.18],[83.16,-2.2],[83.2,-2.18],[83.2,-2.15]],[[88.17,-2.2],[88.13,-2.18],[88.13,-2.11],[88.06,-2.1],[87.88,-2.1],[87.81,-2.11],[87.7,-2.16],[87.84,-2.2],[87.92,-2.2],[87.92,-2.22],[87.92,-2.28],[87.95,-2.3],[88.1,-2.3],[88.13,-2.28],[88.13,-2.22],[88.17,-2.2]],[[83.42,-2.66],[83.42,-2.61],[83.38,-2.59],[83.34,-2.63],[83.34,-2.68],[83.38,-2.69],[83.42,-2.68],[83.42,-2.66]],[[86.58,-3.57],[86.51,-3.52],[86.4,-3.53],[86.4,-3.65],[86.44,-3.67],[86.44,-3.69],[86.55,-3.7],[86.58,-3.69],[86.62,-3.69],[86.62,-3.67],[86.62,-3.65],[86.62,-3.6],[86.58,-3.57]],[[81.87,-3.94],[81.83,-3.94],[81.83,-3.91],[81.76,-3.91],[81.76,-3.99],[81.83,-3.99],[81.83,-3.96],[81.87,-3.94]],[[89.53,-4.29],[89.53,-4.2],[89.46,-4.22],[89.46,-4.39],[89.53,-4.41],[89.53,-4.29]],[[91.15,-4.44],[91.08,-4.41],[90.97,-4.41],[90.94,-4.44],[90.97,-4.51],[91.08,-4.51],[91.12,-4.47],[91.15,-4.47],[91.15,-4.44]],[[90.94,-4.54],[90.94,-4.51],[90.87,-4.51],[90.87,-4.56],[90.83,-4.56],[90.83,-4.59],[90.76,-4.59],[90.69,-4.63],[90.54,-4.71],[90.54,-4.78],[90.65,-4.82],[90.65,-4.88],[90.61,-4.9],[90.54,-4.9],[90.47,-4.9],[90.47,-4.94],[90.43,-4.95],[90.47,-4.97],[90.47,-5.0],[90.54,-5.02],[90.54,-5.14],[90.54,-5.16],[90.54,-5.19],[90.65,-5.18],[90.65,-5.12],[90.69,-5.11],[90.76,-5.11],[90.76,-5.09],[90.83,-5.06],[90.83,-5.04],[90.9,-5.02],[90.9,-4.99],[90.97,-4.92],[91.05,-4.92],[91.05,-4.97],[91.08,-4.99],[91.15,-4.95],[91.15,-4.94],[91.19,-4.87],[91.37,-4.75],[91.41,-4.71],[91.41,-4.7],[91.51,-4.7],[91.51,-4.66],[91.55,-4.66],[91.55,-4.53],[91.48,-4.51],[91.41,-4.51],[91.33,-4.54],[91.33,-4.58],[91.26,-4.59],[91.05,-4.59],[90.94,-4.54]],[[92.23,-5.14],[92.23,-5.11],[92.16,-5.11],[92.16,-5.19],[92.23,-5.19],[92.23,-5.14]],[[90.54,-5.26],[90.54,-5.21],[90.51,-5.19],[90.43,-5.24],[90.47,-5.28],[90.47,-5.3],[90.54,-5.28],[90.54,-5.26]],[[83.42,-5.55],[83.42,-5.52],[83.38,-5.5],[83.34,-5.52],[83.34,-5.57],[83.38,-5.6],[83.42,-5.59],[83.42,-5.55]]]}},{"type":"Feature","properties":{"precip":20},"geometry":{"type":"Polygon","coordinates":[[[99.14,3.79],[99.14,1.35],[99.11,1.38],[99.11,1.41],[99.07,1.41],[99.07,1.5],[99.11,1.48],[99.14,1.48],[99.14,1.65],[99.11,1.67],[99.11,1.7],[99.07,1.74],[99.07,1.77],[99.04,1.81],[99.04,1.86],[99.07,1.87],[99.07,1.89],[99.14,1.91],[99.14,2.08],[99.07,2.1],[99.07,2.15],[99.04,2.15],[99.04,2.22],[99.07,2.25],[99.07,2.27],[99.14,2.27],[99.14,2.39],[99.07,2.41],[99.04,2.44],[99.04,2.49],[98.97,2.51],[98.93,2.51],[98.86,2.52],[98.86,2.58],[98.82,2.58],[98.75,2.61],[98.68,2.61],[98.68,2.64],[98.64,2.64],[98.64,2.73],[98.68,2.76],[98.68,2.8],[98.71,2.83],[98.75,2.87],[98.75,2.88],[98.82,2.9],[98.82,2.97],[98.86,3.0],[98.86,3.18],[98.89,3.19],[98.93,3.18],[98.93,3.14],[98.97,3.12],[99.04,3.06],[99.14,2.97],[99.14,3.29],[98.97,3.29],[98.86,3.33],[98.86,3.38],[98.89,3.38],[98.97,3.4],[99.14,3.4],[99.14,3.79]]]}},{"type":"Feature","properties":{"precip":20},"geometry":{"type":"Polygon","coordinates":[[[98.17,3.79],[98.17,3.76],[98.1,3.74],[98.1,3.62],[98.1,3.6],[98.07,3.62],[98.03,3.65],[98.03,3.69],[97.96,3.67],[97.89,3.6],[97.89,3.57],[97.85,3.55],[97.85,3.52],[97.89,3.5],[98.03,3.48],[98.07,3.47],[98.07,3.43],[97.99,3.4],[97.81,3.4],[97.74,3.45],[97.74,3.59],[97.67,3.62],[97.67,3.71],[97.63,3.74],[97.63,3.79],[98.17,3.79]]]}},{"type":"Feature","properties":{"precip":20},"geometry":{"type":"Polygon","coordinates":[[[76.65,3.76],[76.68,3.79],[76.79,3.79],[76.83,3.76],[76.86,3.76],[76.86,3.74],[76.79,3.71],[76.68,3.71],[76.65,3.76]]]}},{"type":"Feature","properties":{"precip":20},"geometry":{"type":"Polygon","coordinates":[[[18.27,3.64],[18.27,3.69],[18.37,3.71],[18.37,3.69],[18.45,3.67],[18.45,3.64],[18.37,3.6],[18.3,3.6],[18.27,3.62],[18.27,3.64]]]}},{"type":"Feature","properties":{"precip":20},"geometry":{"type":"Polygon","coordinates":[[[79.31,3.6],[79.31,3.64],[79.38,3.65],[79.38,3.69],[79.46,3.71],[79.53,3.71],[79.64,3.69],[79.64,3.64],[79.6,3.62],[79.49,3.53],[79.46,3.5],[79.38,3.5],[79.38,3.53],[79.31,3.57],[79.31,3.6]]]}},{"type":"Feature","properties":{"precip":20},"geometry":{"type":"Polygon","coordinates":[[[17.65,3.55],[17.65,3.59],[17.73,3.6],[17.76,3.57],[17.76,3.53],[17.73,3.5],[17.65,3.5],[17.65,3.55]]]}},{"type":"Feature","properties":{"precip":20},"geometry":{"type":"Polygon","coordinates":[[[63.65,3.55],[63.65,3.59],[63.73,3.6],[63.76,3.57],[63.76,3.53],[63.73,3.5],[63.65,3.5],[63.65,3.55]]]}},{"type":"Feature","properties":{"precip":20},"geometry":{"type":"Polygon","coordinates":[[[84.93,3.55],[84.93,3.6],[85.04,3.57],[85.04,3.55],[85.11,3.5],[85.14,3.43],[85.14,3.4],[85.22,3.38],[85.22,3.31],[85.14,3.29],[85.14,3.26],[85.11,3.26],[85.11,3.12],[85.07,3.09],[85.07,3.04],[85.04,3.0],[85.07,2.97],[85.07,2.9],[85.11,2.88],[85.11,2.85],[85.11,2.83],[85.11,2.8],[85.07,2.78],[85.07,2.76],[85.0,2.7],[84.93,2.64],[84.93,2.59],[84.89,2.58],[84.89,2.52],[84.89,2.51],[84.89,2.47],[84.86,2.44],[84.78,2.42],[84.68,2.51],[84.68,2.59],[84.71,2.63],[84.71,2.66],[84.68,2.7],[84.6,2.7],[84.57,2.66],[84.57,2.58],[84.5,2.51],[84.5,2.44],[84.42,2.32],[84.35,2.27],[84.21,2.2],[84.03,2.2],[83.99,2.22],[83.96,2.25],[83.96,2.32],[84.03,2.42],[84.03,2.49],[84.14,2.52],[84.21,2.56],[84.24,2.59],[84.28,2.61],[84.39,2.61],[84.39,2.63],[84.46,2.64],[84.5,2.71],[84.5,2.78],[84.46,2.8],[84.46,2.83],[84.42,2.87],[84.42,2.88],[84.24,2.9],[84.24,2.94],[84.24,2.97],[84.24,3.0],[84.39,3.0],[84.46,3.02],[84.46,3.06],[84.5,3.09],[84.5,3.11],[84.68,3.11],[84.71,3.14],[84.71,3.26],[84.78,3.26],[84.78,3.29],[84.82,3.29],[84.89,3.33],[85.04,3.41],[85.04,3.48],[84.93,3.5],[84.93,3.55]],[[85.04,3.26],[85.04,3.29],[84.93,3.29],[84.93,3.21],[85.04,3.21],[85.04,3.26]]]}},{"type":"Feature","properties":{"precip":20},"geometry":{"type":"Polygon","coordinates":[[[32.66,3.4],[32.66,3.48],[32.7,3.5],[32.84,3.5],[32.92,3.47],[33.06,3.35],[33.06,3.29],[33.02,3.26],[32.99,3.18],[32.92,3.11],[32.81,3.0],[32.74,2.94],[32.63,2.87],[32.56,2.82],[32.45,2.8],[32.41,2.83],[32.34,2.85],[32.27,2.92],[32.27,2.97],[32.3,2.99],[32.34,3.02],[32.34,3.19],[32.27,3.21],[32.27,3.28],[32.23,3.29],[32.27,3.33],[32.27,3.38],[32.34,3.4],[32.38,3.4],[32.45,3.38],[32.45,3.33],[32.52,3.29],[32.63,3.31],[32.63,3.36],[32.66,3.38],[32.66,3.4]]]}},{"type":"Feature","properties":{"precip":20},"geometry":{"type":"Polygon","coordinates":[[[18.27,3.35],[18.27,3.4],[18.34,3.38],[18.34,3.31],[18.27,3.29],[18.27,3.35]]]}},{"type":"Feature","properties":{"precip":20},"geometry":{"type":"Polygon","coordinates":[[[77.94,3.33],[77.94,3.36],[77.98,3.38],[77.98,3.4],[78.05,3.38],[78.05,3.23],[78.09,3.19],[78.12,3.19],[78.12,3.16],[78.16,3.16],[78.16,3.14],[78.12,3.12],[78.05,3.14],[77.98,3.16],[77.98,3.21],[77.94,3.28],[77.94,3.33]]]}},{"type":"Feature","properties":{"precip":20},"geometry":{"type":"Polygon","coordinates":[[[81.15,3.26],[81.22,3.35],[81.33,3.38],[81.44,3.4],[81.47,3.4],[81.54,3.38],[81.54,3.35],[81.58,3.31],[81.65,3.29],[81.76,3.29],[81.83,3.28],[81.83,3.23],[81.87,3.19],[81.83,3.18],[81.83,3.14],[81.8,3.11],[81.58,3.11],[81.44,3.06],[81.44,3.02],[81.33,3.0],[81.18,3.0],[81.11,3.0],[81.0,3.06],[81.0,3.11],[81.04,3.14],[81.15,3.26]]]}},{"type":"Feature","properties":{"precip":20},"geometry":{"type":"Polygon","coordinates":[[[10.13,3.26],[10.17,3.29],[10.24,3.26],[10.27,3.23],[10.31,3.21],[10.31,3.18],[10.35,3.16],[10.35,3.12],[10.27,3.12],[10.27,3.14],[10.17,3.23],[10.17,3.26],[10.13,3.26]]]}},{"type":"Feature","properties":{"precip":20},"geometry":{"type":"Polygon","coordinates":[[[9.45,3.11],[9.45,3.16],[9.48,3.19],[9.52,3.19],[9.56,3.16],[9.56,3.12],[9.63,3.12],[9.63,3.14],[9.7,3.19],[9.81,3.11],[9.84,3.06],[9.84,2.95],[9.74,2.83],[9.66,2.76],[9.66,2.64],[9.63,2.64],[9.63,2.61],[9.56,2.63],[9.56,2.64],[9.48,2.71],[9.48,2.76],[9.45,2.78],[9.45,2.88],[9.41,2.88],[9.34,2.95],[9.41,2.99],[9.41,3.0],[9.45,3.02],[9.45,3.11]],[[9.74,3.06],[9.74,3.11],[9.66,3.11],[9.66,3.0],[9.74,3.0],[9.74,3.06]]]}},{"type":"Feature","properties":{"precip":20},"geometry":{"type":"Polygon","coordinates":[[[83.16,3.14],[83.16,3.18],[83.16,3.19],[83.31,3.19],[83.34,3.18],[83.34,3.12],[83.31,3.11],[83.16,3.11],[83.16,3.12],[83.16,3.14]]]}},{"type":"Feature","properties":{"precip":20},"geometry":{"type":"Polygon","coordinates":[[[85.32,3.14],[85.32,3.19],[85.43,3.19],[85.43,3.16],[85.47,3.16],[85.47,3.14],[85.43,3.14],[85.43,3.11],[85.32,3.11],[85.32,3.14]]]}},{"type":"Feature","properties":{"precip":20},"geometry":{"type":"Polygon","coordinates":[[[10.13,2.85],[10.17,2.88],[10.17,2.99],[10.24,2.97],[10.24,2.73],[10.2,2.7],[10.17,2.71],[10.17,2.82],[10.13,2.85]]]}},{"type":"Feature","properties":{"precip":20},"geometry":{"type":"Polygon","coordinates":[[[79.92,2.95],[79.92,3.0],[80.03,2.99],[80.03,2.85],[80.07,2.8],[80.07,2.73],[80.03,2.66],[80.03,2.63],[79.96,2.61],[79.71,2.61],[79.71,2.59],[79.64,2.59],[79.53,2.58],[79.53,2.54],[79.49,2.52],[79.46,2.52],[79.42,2.51],[79.28,2.51],[79.1,2.44],[79.06,2.39],[79.02,2.35],[79.02,2.34],[78.95,2.3],[78.84,2.27],[78.77,2.27],[78.66,2.2],[78.63,2.15],[78.63,2.05],[78.63,2.03],[78.63,2.01],[78.56,2.01],[78.56,2.06],[78.52,2.1],[78.41,2.1],[78.38,2.11],[78.34,2.15],[78.34,2.17],[78.23,2.18],[78.23,2.2],[78.16,2.2],[78.05,2.23],[78.05,2.27],[77.98,2.27],[77.94,2.27],[77.94,2.3],[77.76,2.3],[77.76,2.32],[77.76,2.39],[77.87,2.39],[77.94,2.42],[77.94,2.49],[77.87,2.51],[77.87,2.56],[77.84,2.58],[77.84,2.63],[77.87,2.64],[77.87,2.7],[77.94,2.71],[77.94,2.85],[77.98,2.88],[78.09,2.88],[78.16,2.9],[78.2,2.88],[78.3,2.88],[78.34,2.85],[78.41,2.82],[78.45,2.82],[78.56,2.8],[79.1,2.8],[79.2,2.82],[79.28,2.82],[79.31,2.83],[79.31,2.87],[79.46,2.88],[79.6,2.88],[79.64,2.9],[79.82,2.9],[79.92,2.94],[79.92,2.95]]]}},{"type":"Feature","properties":{"precip":20},"geometry":{"type":"Polygon","coordinates":[[[81.9,2.95],[81.98,3.0],[82.05,2.97],[82.05,2.85],[82.08,2.83],[82.08,2.78],[82.12,2.76],[82.08,2.75],[82.08,2.71],[82.05,2.66],[82.05,2.64],[82.01,2.64],[81.87,2.61],[81.4,2.61],[81.33,2.63],[81.22,2.64],[81.18,2.71],[81.15,2.76],[81.15,2.82],[81.22,2.88],[81.33,2.9],[81.44,2.9],[81.54,2.87],[81.58,2.83],[81.58,2.8],[81.62,2.8],[81.62,2.83],[81.65,2.87],[81.69,2.88],[81.8,2.9],[81.87,2.9],[81.9,2.92],[81.9,2.95]]]}},{"type":"Feature","properties":{"precip":20},"geometry":{"type":"Polygon","coordinates":[[[82.66,2.85],[82.66,2.88],[82.73,2.88],[82.73,2.8],[82.66,2.8],[82.66,2.85]]]}},{"type":"Feature","properties":{"precip":20},"geometry":{"type":"Polygon","coordinates":[[[82.84,2.85],[82.91,2.9],[82.95,2.88],[82.95,2.82],[82.88,2.8],[82.84,2.85]]]}},{"type":"Feature","properties":{"precip":20},"geometry":{"type":"Polygon","coordinates":[[[86.15,2.76],[86.15,2.78],[86.19,2.78],[86.22,2.76],[86.22,2.73],[86.19,2.7],[86.15,2.71],[86.15,2.76]]]}},{"type":"Feature","properties":{"precip":20},"geometry":{"type":"Polygon","coordinates":[[[33.17,2.61],[33.17,2.66],[33.2,2.7],[33.31,2.7],[33.35,2.66],[33.35,2.64],[33.2,2.52],[33.17,2.51],[33.17,2.61]]]}},{"type":"Feature","properties":{"precip":20},"geometry":{"type":"Polygon","coordinates":[[[85.32,2.54],[85.32,2.59],[85.36,2.61],[85.47,2.54],[85.43,2.52],[85.43,2.51],[85.32,2.52],[85.32,2.54]]]}},{"type":"Feature","properties":{"precip":20},"geometry":{"type":"Polygon","coordinates":[[[30.43,2.3],[30.47,2.32],[30.47,2.39],[30.5,2.39],[30.61,2.39],[30.65,2.39],[30.65,2.34],[30.5,2.22],[30.47,2.2],[30.47,2.27],[30.43,2.3]]]}},{"type":"Feature","properties":{"precip":20},"geometry":{"type":"Polygon","coordinates":[[[73.95,2.35],[73.99,2.39],[74.09,2.39],[74.13,2.37],[74.17,2.37],[74.17,2.34],[74.09,2.3],[73.99,2.3],[73.95,2.35]]]}},{"type":"Feature","properties":{"precip":20},"geometry":{"type":"Polygon","coordinates":[[[79.85,2.35],[79.85,2.39],[79.89,2.39],[79.96,2.39],[80.07,2.35],[79.96,2.3],[79.89,2.3],[79.85,2.32],[79.85,2.35]]]}},{"type":"Feature","properties":{"precip":20},"geometry":{"type":"Polygon","coordinates":[[[10.24,2.25],[10.24,2.27],[10.27,2.27],[10.27,2.3],[10.35,2.27],[10.35,2.22],[10.27,2.2],[10.24,2.25]]]}},{"type":"Feature","properties":{"precip":20},"geometry":{"type":"Polygon","coordinates":[[[85.25,2.25],[85.25,2.27],[85.29,2.3],[85.32,2.27],[85.32,2.22],[85.32,2.2],[85.25,2.22],[85.25,2.25]]]}},{"type":"Feature","properties":{"precip":20},"geometry":{"type":"Polygon","coordinates":[[[9.52,2.13],[9.56,2.15],[9.66,2.2],[9.74,2.2],[9.74,2.13],[9.63,2.03],[9.56,2.01],[9.48,2.01],[9.45,2.03],[9.45,2.05],[9.48,2.06],[9.48,2.1],[9.52,2.13]]]}},{"type":"Feature","properties":{"precip":20},"geometry":{"type":"Polygon","coordinates":[[[24.85,2.15],[24.85,2.18],[24.92,2.2],[24.92,2.17],[24.96,2.17],[24.96,2.13],[24.92,2.13],[24.92,2.1],[24.85,2.11],[24.85,2.15]]]}},{"type":"Feature","properties":{"precip":20},"geometry":{"type":"Polygon","coordinates":[[[66.35,2.15],[66.35,2.18],[66.43,2.2],[66.43,2.17],[66.46,2.17],[66.46,2.13],[66.43,2.13],[66.43,2.1],[66.35,2.11],[66.35,2.15]]]}},{"type":"Feature","properties":{"precip":20},"geometry":{"type":"Polygon","coordinates":[[[9.41,1.72],[9.45,1.77],[9.52,1.79],[9.56,1.75],[9.56,1.55],[9.52,1.53],[9.45,1.5],[9.38,1.53],[9.34,1.57],[9.34,1.62],[9.38,1.65],[9.38,1.69],[9.41,1.72]]]}},{"type":"Feature","properties":{"precip":20},"geometry":{"type":"Polygon","coordinates":[[[10.45,1.65],[10.45,1.69],[10.53,1.7],[10.53,1.67],[10.56,1.67],[10.56,1.64],[10.53,1.64],[10.53,1.6],[10.45,1.62],[10.45,1.65]]]}},{"type":"Feature","properties":{"precip":20},"geometry":{"type":"Polygon","coordinates":[[[9.66,1.55],[9.66,1.6],[9.74,1.6],[9.74,1.52],[9.7,1.5],[9.66,1.52],[9.66,1.55]]]}},{"type":"Feature","properties":{"precip":20},"geometry":{"type":"Polygon","coordinates":[[[32.81,1.5],[32.88,1.57],[32.95,1.58],[32.99,1.6],[33.1,1.6],[33.17,1.55],[33.13,1.53],[33.1,1.52],[33.02,1.5],[32.88,1.5],[32.88,1.45],[32.84,1.43],[32.84,1.22],[32.81,1.21],[32.81,1.19],[32.77,1.21],[32.77,1.22],[32.74,1.24],[32.74,1.28],[32.7,1.28],[32.7,1.29],[32.63,1.29],[32.56,1.33],[32.56,1.38],[32.63,1.41],[32.66,1.41],[32.74,1.43],[32.74,1.45],[32.77,1.46],[32.81,1.5]]]}},{"type":"Feature","properties":{"precip":20},"geometry":{"type":"Polygon","coordinates":[[[95.15,1.55],[95.15,1.57],[95.22,1.6],[95.29,1.6],[95.37,1.53],[95.29,1.52],[95.26,1.5],[95.22,1.5],[95.15,1.53],[95.15,1.55]]]}},{"type":"Feature","properties":{"precip":20},"geometry":{"type":"Polygon","coordinates":[[[9.91,1.41],[9.91,1.43],[9.95,1.45],[9.95,1.46],[10.02,1.48],[10.06,1.5],[10.17,1.5],[10.2,1.48],[10.24,1.48],[10.24,1.22],[10.17,1.19],[10.13,1.19],[9.99,1.22],[9.95,1.24],[9.91,1.28],[9.88,1.31],[9.88,1.4],[9.91,1.41]]]}},{"type":"Feature","properties":{"precip":20},"geometry":{"type":"Polygon","coordinates":[[[95.73,1.41],[95.8,1.48],[95.83,1.5],[95.91,1.5],[95.94,1.46],[95.94,1.31],[95.91,1.29],[95.83,1.33],[95.83,1.4],[95.8,1.4],[95.73,1.38],[95.73,1.34],[95.73,1.33],[95.73,1.31],[95.69,1.29],[95.69,1.31],[95.65,1.31],[95.65,1.36],[95.69,1.38],[95.69,1.41],[95.73,1.41]]]}},{"type":"Feature","properties":{"precip":20},"geometry":{"type":"Polygon","coordinates":[[[10.45,1.34],[10.45,1.4],[10.49,1.4],[10.49,1.41],[10.53,1.41],[10.53,1.38],[10.56,1.38],[10.56,1.33],[10.53,1.33],[10.53,1.29],[10.49,1.29],[10.45,1.31],[10.45,1.34]]]}},{"type":"Feature","properties":{"precip":20},"geometry":{"type":"Polygon","coordinates":[[[98.32,1.34],[98.32,1.4],[98.39,1.4],[98.39,1.41],[98.43,1.41],[98.43,1.38],[98.46,1.38],[98.46,1.33],[98.43,1.33],[98.43,1.29],[98.39,1.29],[98.39,1.31],[98.32,1.31],[98.32,1.34]]]}},{"type":"Feature","properties":{"precip":20},"geometry":{"type":"Polygon","coordinates":[[[9.05,1.26],[9.05,1.28],[9.12,1.29],[9.2,1.29],[9.27,1.28],[9.27,1.22],[9.3,1.21],[9.3,1.22],[9.34,1.24],[9.34,1.28],[9.38,1.29],[9.41,1.29],[9.41,1.28],[9.45,1.24],[9.45,1.04],[9.48,1.04],[9.48,1.02],[9.52,1.0],[9.66,1.0],[9.7,0.98],[9.74,0.98],[9.74,0.87],[9.77,0.85],[9.77,0.8],[9.81,0.8],[9.81,0.78],[9.84,0.78],[9.84,0.63],[9.81,0.63],[9.81,0.61],[9.77,0.61],[9.66,0.56],[9.56,0.47],[9.56,0.37],[9.48,0.28],[9.41,0.21],[9.38,0.16],[9.34,0.15],[9.23,0.1],[9.2,0.1],[9.16,0.06],[9.12,0.03],[9.05,-0.02],[9.02,-0.08],[8.98,-0.13],[8.94,-0.2],[8.94,-0.26],[8.91,-0.26],[8.91,-0.3],[8.87,-0.3],[8.62,-0.3],[8.58,-0.3],[8.58,-0.26],[8.55,-0.25],[8.55,-0.14],[8.51,-0.13],[8.51,-0.11],[8.48,-0.09],[8.4,-0.09],[8.37,-0.08],[8.37,0.01],[8.33,0.04],[8.37,0.08],[8.37,0.18],[8.4,0.2],[8.4,0.21],[8.44,0.23],[8.44,0.47],[8.48,0.52],[8.48,0.59],[8.51,0.61],[8.51,0.63],[8.55,0.63],[8.55,0.78],[8.58,0.78],[8.58,0.8],[8.62,0.8],[8.62,0.78],[8.66,0.78],[8.66,0.71],[8.69,0.69],[8.73,0.71],[8.73,0.78],[8.76,0.81],[8.76,0.98],[8.84,1.02],[8.84,1.12],[8.87,1.16],[8.87,1.17],[8.91,1.19],[8.98,1.19],[8.98,1.21],[9.02,1.21],[9.02,1.22],[9.05,1.22],[9.05,1.26]],[[9.05,0.3],[9.05,0.37],[9.02,0.39],[9.02,0.4],[8.98,0.4],[8.98,0.37],[8.94,0.35],[8.94,0.25],[8.98,0.23],[8.98,0.2],[9.02,0.2],[9.02,0.21],[9.05,0.23],[9.05,0.3]]]}},{"type":"Feature","properties":{"precip":20},"geometry":{"type":"Polygon","coordinates":[[[95.26,1.28],[95.26,1.29],[95.29,1.29],[95.29,1.28],[95.37,1.26],[95.37,1.22],[95.4,1.21],[95.44,1.22],[95.44,1.28],[95.47,1.28],[95.47,1.29],[95.51,1.29],[95.51,1.28],[95.51,1.14],[95.47,1.1],[95.44,1.1],[95.37,1.14],[95.29,1.17],[95.29,1.21],[95.26,1.22],[95.26,1.28]]]}},{"type":"Feature","properties":{"precip":20},"geometry":{"type":"Polygon","coordinates":[[[22.05,0.95],[22.05,1.07],[22.08,1.09],[22.12,1.09],[22.19,1.04],[22.23,0.98],[22.23,0.95],[22.26,0.92],[22.26,0.88],[22.23,0.85],[22.23,0.81],[22.19,0.8],[22.12,0.8],[22.08,0.81],[22.08,0.83],[22.05,0.85],[22.05,0.95]]]}},{"type":"Feature","properties":{"precip":20},"geometry":{"type":"Polygon","coordinates":[[[34.46,1.04],[34.46,1.1],[34.54,1.1],[34.54,1.0],[34.46,1.0],[34.46,1.04]]]}},{"type":"Feature","properties":{"precip":20},"geometry":{"type":"Polygon","coordinates":[[[30.86,0.85],[30.86,0.9],[30.94,0.9],[30.94,0.8],[30.86,0.8],[30.86,0.85]]]}},{"type":"Feature","properties":{"precip":20},"geometry":{"type":"Polygon","coordinates":[[[9.95,0.75],[9.95,0.78],[9.99,0.78],[9.99,0.8],[10.02,0.8],[10.02,0.78],[10.06,0.78],[10.06,0.73],[10.02,0.73],[10.02,0.69],[9.99,0.69],[9.99,0.71],[9.95,0.71],[9.95,0.75]]]}},{"type":"Feature","properties":{"precip":20},"geometry":{"type":"Polygon","coordinates":[[[32.23,0.45],[32.27,0.45],[32.27,0.51],[32.3,0.51],[32.34,0.49],[32.34,0.42],[32.3,0.4],[32.27,0.4],[32.27,0.44],[32.23,0.45]]]}},{"type":"Feature","properties":{"precip":20},"geometry":{"type":"Polygon","coordinates":[[[21.87,0.16],[21.94,0.2],[22.08,0.2],[22.08,0.18],[22.12,0.18],[22.12,0.16],[22.15,0.16],[22.15,0.04],[22.19,0.01],[22.3,-0.08],[22.33,-0.09],[22.41,-0.09],[22.41,-0.11],[22.44,-0.13],[22.44,-0.25],[22.48,-0.26],[22.48,-0.3],[22.51,-0.3],[22.55,-0.3],[22.66,-0.33],[22.66,-0.35],[22.69,-0.38],[22.69,-0.4],[22.73,-0.42],[22.73,-0.45],[22.87,-0.5],[22.98,-0.5],[23.05,-0.54],[23.05,-0.57],[23.02,-0.57],[23.02,-0.59],[22.98,-0.61],[22.98,-0.66],[22.94,-0.69],[22.94,-0.91],[22.91,-0.95],[22.91,-1.0],[22.87,-1.03],[22.84,-1.05],[22.84,-1.07],[22.8,-1.09],[22.8,-1.1],[22.77,-1.12],[22.77,-1.22],[22.73,-1.24],[22.73,-1.29],[22.69,-1.31],[22.66,-1.33],[22.66,-1.53],[22.62,-1.56],[22.62,-1.6],[22.59,-1.6],[22.55,-1.63],[22.55,-1.77],[22.48,-1.8],[22.48,-1.84],[22.44,-1.87],[22.44,-2.03],[22.48,-2.06],[22.48,-2.08],[22.51,-2.1],[22.62,-2.1],[22.73,-2.15],[22.84,-2.23],[22.91,-2.32],[22.98,-2.37],[22.98,-2.42],[23.02,-2.45],[23.02,-2.51],[23.05,-2.56],[23.05,-2.83],[23.09,-2.87],[23.09,-2.92],[23.16,-2.93],[23.05,-3.04],[23.05,-3.17],[23.09,-3.19],[23.16,-3.17],[23.16,-3.14],[23.27,-3.1],[23.63,-3.1],[23.74,-3.14],[23.74,-3.17],[23.77,-3.17],[23.77,-3.19],[23.84,-3.19],[23.95,-3.26],[23.99,-3.28],[23.99,-3.29],[24.06,-3.38],[24.06,-3.46],[24.13,-3.5],[24.35,-3.5],[24.56,-3.45],[24.64,-3.38],[24.64,-3.28],[24.67,-3.26],[24.67,-3.21],[24.78,-3.12],[24.82,-3.1],[24.85,-3.12],[24.85,-3.26],[24.89,-3.28],[24.89,-3.29],[24.96,-3.34],[24.96,-3.38],[25.07,-3.46],[25.1,-3.48],[25.18,-3.48],[25.21,-3.5],[25.43,-3.5],[25.46,-3.52],[25.54,-3.52],[25.64,-3.55],[25.79,-3.67],[25.79,-3.72],[25.86,-3.81],[25.86,-3.84],[25.82,-3.87],[25.82,-3.91],[25.75,-3.93],[25.75,-3.98],[25.82,-3.99],[25.82,-4.05],[25.86,-4.06],[25.86,-4.17],[26.0,-4.2],[26.26,-4.2],[26.4,-4.17],[26.44,-4.17],[26.44,-4.13],[26.47,-4.13],[26.47,-4.1],[26.54,-4.11],[26.54,-4.27],[26.62,-4.29],[26.62,-4.27],[26.65,-4.23],[26.65,-4.06],[26.69,-4.03],[26.69,-4.01],[26.72,-3.99],[26.72,-3.96],[26.8,-3.91],[26.8,-3.89],[26.83,-3.84],[26.83,-3.7],[26.76,-3.67],[26.76,-3.41],[26.72,-3.4],[26.72,-3.29],[26.69,-3.28],[26.65,-3.28],[26.65,-3.22],[26.76,-3.17],[26.76,-3.14],[26.65,-3.07],[26.65,-3.04],[26.72,-3.0],[26.76,-2.97],[26.76,-2.93],[26.72,-2.92],[26.65,-2.9],[26.58,-2.9],[26.54,-2.87],[26.54,-2.83],[26.58,-2.8],[26.65,-2.8],[26.76,-2.76],[26.76,-2.71],[26.83,-2.71],[26.87,-2.76],[26.94,-2.8],[27.01,-2.8],[27.05,-2.8],[27.12,-2.8],[27.16,-2.73],[27.23,-2.69],[27.34,-2.69],[27.41,-2.68],[27.44,-2.66],[27.44,-2.63],[27.37,-2.59],[27.37,-2.51],[27.41,-2.49],[27.44,-2.44],[27.52,-2.42],[27.55,-2.44],[27.55,-2.56],[27.59,-2.59],[27.66,-2.56],[27.66,-2.52],[27.7,-2.51],[27.8,-2.51],[27.84,-2.52],[27.84,-2.56],[27.88,-2.56],[27.91,-2.59],[28.02,-2.59],[28.09,-2.61],[28.16,-2.66],[28.16,-2.68],[28.13,-2.71],[28.13,-2.76],[28.09,-2.8],[28.02,-2.87],[27.95,-2.9],[27.84,-2.9],[27.77,-2.92],[27.73,-2.95],[27.73,-2.99],[27.7,-3.0],[27.59,-3.0],[27.59,-3.04],[27.55,-3.05],[27.55,-3.17],[27.48,-3.19],[27.41,-3.19],[27.37,-3.17],[27.34,-3.17],[27.34,-3.12],[27.3,-3.1],[27.12,-3.1],[27.05,-3.16],[27.05,-3.41],[27.08,-3.45],[27.08,-3.48],[27.12,-3.53],[27.23,-3.62],[27.23,-3.67],[27.26,-3.7],[27.26,-3.74],[27.23,-3.77],[27.23,-3.79],[27.16,-3.81],[27.16,-3.96],[27.23,-3.99],[27.34,-4.03],[27.34,-4.06],[27.37,-4.06],[27.41,-4.1],[27.48,-4.1],[27.55,-4.15],[27.55,-4.29],[27.59,-4.29],[27.62,-4.3],[27.62,-4.37],[27.66,-4.41],[27.66,-4.53],[27.59,-4.59],[27.3,-4.59],[27.26,-4.58],[27.26,-4.34],[27.23,-4.29],[27.23,-4.22],[27.16,-4.2],[27.12,-4.27],[27.12,-4.29],[27.08,-4.29],[27.08,-4.27],[27.01,-4.22],[26.94,-4.2],[26.83,-4.2],[26.76,-4.23],[26.76,-4.37],[26.8,-4.41],[26.9,-4.41],[26.94,-4.42],[26.94,-4.47],[26.98,-4.47],[27.01,-4.51],[27.12,-4.51],[27.16,-4.53],[27.16,-4.56],[27.12,-4.59],[27.01,-4.59],[26.94,-4.63],[26.94,-4.66],[26.83,-4.7],[26.69,-4.7],[26.65,-4.68],[26.58,-4.68],[26.54,-4.66],[26.54,-4.61],[26.47,-4.61],[26.47,-4.64],[26.44,-4.66],[26.44,-4.78],[26.29,-4.8],[26.08,-4.8],[26.04,-4.78],[25.93,-4.78],[25.82,-4.75],[25.82,-4.7],[25.79,-4.7],[25.79,-4.73],[25.75,-4.76],[25.68,-4.78],[25.57,-4.68],[25.54,-4.63],[25.46,-4.53],[25.46,-4.42],[25.54,-4.41],[25.61,-4.41],[25.64,-4.37],[25.64,-4.15],[25.57,-4.1],[25.5,-4.1],[25.39,-4.06],[25.18,-3.89],[25.14,-3.87],[25.14,-3.84],[25.03,-3.79],[24.96,-3.79],[24.96,-3.74],[24.92,-3.74],[24.85,-3.7],[24.56,-3.7],[24.46,-3.74],[24.46,-3.77],[24.42,-3.79],[24.31,-3.79],[24.24,-3.82],[24.24,-3.87],[24.35,-3.91],[24.35,-3.96],[24.31,-3.99],[24.24,-3.99],[24.2,-4.01],[24.13,-4.01],[24.06,-4.03],[24.06,-4.06],[24.02,-4.06],[23.99,-4.1],[23.92,-4.1],[23.84,-4.13],[23.84,-4.17],[23.81,-4.17],[23.74,-4.2],[23.52,-4.2],[23.45,-4.23],[23.45,-4.29],[23.52,-4.3],[23.52,-4.34],[23.56,-4.37],[23.56,-4.58],[23.63,-4.61],[23.63,-4.66],[23.66,-4.66],[23.66,-4.76],[23.7,-4.8],[23.77,-4.87],[23.84,-4.9],[23.92,-4.9],[23.99,-4.9],[23.99,-4.92],[24.06,-4.94],[24.1,-4.97],[24.1,-5.0],[24.13,-5.02],[24.13,-5.09],[24.1,-5.11],[24.06,-5.14],[23.95,-5.19],[23.88,-5.19],[23.77,-5.24],[23.7,-5.28],[23.7,-5.3],[23.63,-5.36],[23.63,-5.38],[23.56,-5.38],[23.52,-5.31],[23.48,-5.3],[23.48,-5.26],[23.45,-5.24],[23.45,-5.12],[23.41,-5.11],[23.34,-5.12],[23.34,-5.18],[23.27,-5.19],[23.16,-5.24],[23.09,-5.3],[23.05,-5.35],[23.05,-5.47],[22.98,-5.5],[22.98,-5.52],[22.94,-5.53],[22.94,-5.67],[22.87,-5.69],[22.87,-5.65],[22.84,-5.64],[22.84,-5.55],[22.87,-5.53],[22.87,-5.5],[22.91,-5.48],[22.94,-5.43],[22.94,-5.16],[22.91,-5.09],[22.91,-5.02],[22.87,-4.95],[22.84,-4.92],[22.77,-4.9],[22.77,-4.97],[22.69,-5.0],[22.66,-4.97],[22.66,-4.85],[22.62,-4.83],[22.62,-4.8],[22.59,-4.8],[22.51,-4.87],[22.51,-4.9],[22.41,-4.99],[22.33,-5.0],[22.26,-4.95],[22.26,-4.78],[22.23,-4.76],[22.23,-4.7],[22.15,-4.66],[22.15,-4.54],[22.08,-4.51],[21.94,-4.51],[21.87,-4.47],[21.87,-4.44],[21.79,-4.41],[21.69,-4.41],[21.65,-4.35],[21.65,-4.3],[21.69,-4.27],[21.69,-4.22],[21.76,-4.17],[21.79,-4.1],[21.9,-4.01],[21.9,-3.98],[21.94,-3.94],[21.94,-3.86],[21.97,-3.82],[22.05,-3.79],[22.12,-3.79],[22.15,-3.76],[22.15,-3.67],[22.19,-3.65],[22.19,-3.6],[22.26,-3.55],[22.33,-3.52],[22.41,-3.5],[22.48,-3.5],[22.55,-3.46],[22.55,-3.41],[22.62,-3.41],[22.73,-3.36],[22.84,-3.29],[22.84,-3.21],[22.8,-3.19],[22.69,-3.17],[22.66,-3.14],[22.48,-2.99],[22.44,-2.93],[22.3,-2.88],[22.19,-2.8],[22.15,-2.75],[22.15,-2.63],[22.19,-2.59],[22.23,-2.59],[22.23,-2.56],[22.26,-2.54],[22.26,-2.45],[22.23,-2.44],[22.23,-2.42],[22.19,-2.4],[22.12,-2.4],[22.05,-2.37],[22.05,-2.32],[22.08,-2.3],[22.12,-2.3],[22.12,-2.25],[22.15,-2.23],[22.15,-2.06],[22.12,-2.04],[22.12,-1.99],[22.08,-1.99],[22.05,-1.94],[22.05,-1.8],[22.08,-1.75],[22.08,-1.7],[22.15,-1.68],[22.15,-1.65],[22.05,-1.56],[21.94,-1.51],[21.87,-1.5],[21.79,-1.5],[21.79,-1.48],[21.76,-1.48],[21.76,-1.44],[21.72,-1.43],[21.72,-1.41],[21.58,-1.41],[21.58,-1.43],[21.54,-1.44],[21.54,-1.48],[21.51,-1.48],[21.51,-1.5],[21.4,-1.5],[21.4,-1.48],[21.36,-1.48],[21.36,-1.38],[21.33,-1.36],[21.33,-1.31],[21.29,-1.31],[21.22,-1.31],[21.18,-1.29],[21.18,-1.22],[21.15,-1.17],[21.15,-0.52],[21.18,-0.42],[21.18,-0.33],[21.22,-0.26],[21.25,-0.23],[21.33,-0.2],[21.4,-0.2],[21.43,-0.18],[21.43,-0.11],[21.47,-0.08],[21.47,-0.04],[21.51,0.01],[21.58,0.06],[21.61,0.08],[21.69,0.1],[21.76,0.1],[21.83,0.1],[21.83,0.15],[21.87,0.16]],[[26.94,-3.05],[26.94,-3.02],[26.87,-3.0],[26.87,-3.04],[26.83,-3.05],[26.9,-3.1],[26.94,-3.09],[26.94,-3.05]],[[24.46,-3.65],[24.46,-3.62],[24.38,-3.6],[24.35,-3.62],[24.35,-3.69],[24.38,-3.7],[24.46,-3.67],[24.46,-3.65]],[[26.94,-3.65],[26.94,-3.6],[26.87,-3.6],[26.87,-3.65],[26.83,-3.65],[26.87,-3.67],[26.87,-3.69],[26.94,-3.69],[26.94,-3.65]],[[23.48,-3.98],[23.41,-3.91],[23.38,-3.91],[23.34,-3.93],[23.34,-4.08],[23.27,-4.1],[23.27,-4.13],[23.23,-4.15],[23.27,-4.18],[23.34,-4.2],[23.45,-4.17],[23.52,-4.1],[23.52,-3.99],[23.48,-3.98]]]}},{"type":"Feature","properties":{"precip":20},"geometry":{"type":"Polygon","coordinates":[[[79.64,0.04],[79.64,0.06],[79.67,0.06],[79.67,0.1],[79.71,0.1],[79.71,0.01],[79.67,0.01],[79.67,0.04],[79.64,0.04]]]}},{"type":"Feature","properties":{"precip":20},"geometry":{"type":"Polygon","coordinates":[[[79.92,0.04],[79.92,0.1],[80.03,0.1],[80.03,0.06],[80.07,0.04],[80.03,0.04],[80.03,0.01],[79.92,0.01],[79.92,0.04]]]}},{"type":"Feature","properties":{"precip":20},"geometry":{"type":"Polygon","coordinates":[[[19.24,-0.14],[19.24,-0.13],[19.27,-0.13],[19.27,-0.09],[19.31,-0.09],[19.31,-0.11],[19.35,-0.11],[19.35,-0.2],[19.31,-0.2],[19.27,-0.2],[19.27,-0.18],[19.24,-0.18],[19.24,-0.14]]]}},{"type":"Feature","properties":{"precip":20},"geometry":{"type":"Polygon","coordinates":[[[29.46,-0.2],[29.46,-0.11],[29.5,-0.11],[29.5,-0.09],[29.53,-0.11],[29.53,-0.3],[29.5,-0.3],[29.46,-0.3],[29.46,-0.2]]]}},{"type":"Feature","properties":{"precip":20},"geometry":{"type":"Polygon","coordinates":[[[77.33,-0.14],[77.33,-0.11],[77.4,-0.11],[77.4,-0.09],[77.48,-0.09],[77.55,-0.13],[77.55,-0.18],[77.51,-0.2],[77.48,-0.2],[77.44,-0.2],[77.4,-0.2],[77.33,-0.2],[77.33,-0.16],[77.33,-0.14]]]}},{"type":"Feature","properties":{"precip":20},"geometry":{"type":"Polygon","coordinates":[[[23.66,-0.25],[23.66,-0.2],[23.74,-0.2],[23.74,-0.3],[23.66,-0.3],[23.66,-0.25]]]}},{"type":"Feature","properties":{"precip":20},"geometry":{"type":"Polygon","coordinates":[[[23.84,-0.25],[23.84,-0.21],[23.88,-0.21],[23.88,-0.2],[23.92,-0.2],[23.92,-0.21],[23.95,-0.21],[23.95,-0.3],[23.92,-0.3],[23.88,-0.3],[23.84,-0.3],[23.84,-0.25]]]}},{"type":"Feature","properties":{"precip":20},"geometry":{"type":"Polygon","coordinates":[[[27.66,-0.45],[27.66,-0.33],[27.73,-0.3],[27.77,-0.3],[27.84,-0.33],[27.84,-0.45],[27.88,-0.45],[27.88,-0.5],[27.91,-0.5],[27.91,-0.56],[27.95,-0.57],[27.95,-0.95],[27.91,-0.97],[27.91,-0.98],[27.88,-1.0],[27.8,-1.0],[27.8,-1.02],[27.77,-1.03],[27.77,-1.07],[27.73,-1.1],[27.73,-1.19],[27.7,-1.19],[27.66,-1.19],[27.66,-1.07],[27.62,-1.05],[27.62,-1.0],[27.59,-0.98],[27.59,-0.97],[27.55,-0.95],[27.59,-0.93],[27.59,-0.91],[27.62,-0.9],[27.62,-0.85],[27.66,-0.83],[27.66,-0.76],[27.62,-0.74],[27.62,-0.69],[27.59,-0.69],[27.55,-0.69],[27.55,-0.64],[27.59,-0.62],[27.59,-0.61],[27.62,-0.59],[27.62,-0.54],[27.66,-0.5],[27.66,-0.45]]]}},{"type":"Feature","properties":{"precip":20},"geometry":{"type":"Polygon","coordinates":[[[78.41,-0.37],[78.41,-0.33],[78.45,-0.32],[78.45,-0.3],[78.52,-0.32],[78.56,-0.33],[78.56,-0.35],[78.59,-0.38],[78.59,-0.4],[78.63,-0.38],[78.63,-0.37],[78.63,-0.35],[78.63,-0.33],[78.66,-0.32],[78.74,-0.32],[78.74,-0.35],[78.77,-0.37],[78.77,-0.38],[78.81,-0.38],[78.81,-0.4],[78.88,-0.4],[78.88,-0.44],[78.95,-0.45],[78.95,-0.66],[78.88,-0.69],[78.84,-0.69],[78.81,-0.69],[78.77,-0.69],[78.66,-0.69],[78.63,-0.62],[78.59,-0.57],[78.52,-0.54],[78.45,-0.47],[78.41,-0.44],[78.41,-0.37]]]}},{"type":"Feature","properties":{"precip":20},"geometry":{"type":"Polygon","coordinates":[[[28.06,-0.45],[28.06,-0.42],[28.09,-0.4],[28.13,-0.4],[28.13,-0.44],[28.16,-0.45],[28.13,-0.47],[28.13,-0.49],[28.09,-0.5],[28.09,-0.49],[28.06,-0.49],[28.06,-0.45]]]}},{"type":"Feature","properties":{"precip":20},"geometry":{"type":"Polygon","coordinates":[[[28.45,-0.45],[28.45,-0.42],[28.49,-0.42],[28.49,-0.4],[28.52,-0.4],[28.52,-0.42],[28.56,-0.44],[28.56,-0.47],[28.52,-0.47],[28.52,-0.5],[28.49,-0.5],[28.49,-0.49],[28.45,-0.49],[28.45,-0.45]]]}},{"type":"Feature","properties":{"precip":20},"geometry":{"type":"Polygon","coordinates":[[[83.06,-0.5],[83.06,-0.44],[83.13,-0.4],[83.16,-0.4],[83.16,-0.42],[83.34,-0.54],[83.34,-0.57],[83.31,-0.59],[83.09,-0.59],[83.09,-0.57],[83.06,-0.57],[83.06,-0.5]]]}},{"type":"Feature","properties":{"precip":20},"geometry":{"type":"Polygon","coordinates":[[[25.36,-0.74],[25.36,-0.56],[25.39,-0.52],[25.39,-0.5],[25.43,-0.5],[25.43,-0.54],[25.46,-0.54],[25.46,-0.57],[25.5,-0.59],[25.57,-0.59],[25.61,-0.61],[25.61,-0.62],[25.64,-0.64],[25.64,-0.76],[25.68,-0.78],[25.68,-0.79],[25.72,-0.81],[25.72,-0.79],[25.75,-0.78],[25.75,-0.71],[25.79,-0.71],[25.79,-0.69],[25.82,-0.69],[25.82,-0.76],[25.86,-0.79],[25.86,-0.97],[25.9,-0.98],[25.9,-1.02],[25.93,-1.03],[25.93,-1.09],[25.9,-1.12],[25.75,-1.19],[25.68,-1.19],[25.5,-1.19],[25.46,-1.17],[25.46,-1.07],[25.43,-1.07],[25.43,-1.0],[25.39,-1.0],[25.39,-0.98],[25.36,-0.95],[25.36,-0.74]]]}},{"type":"Feature","properties":{"precip":20},"geometry":{"type":"Polygon","coordinates":[[[32.92,-0.69],[32.92,-0.66],[32.95,-0.64],[32.99,-0.64],[33.06,-0.61],[33.13,-0.61],[33.17,-0.59],[33.2,-0.59],[33.24,-0.61],[33.28,-0.61],[33.31,-0.62],[33.35,-0.62],[33.35,-0.76],[33.31,-0.78],[33.31,-0.79],[33.28,-0.79],[33.24,-0.81],[33.1,-0.81],[33.06,-0.83],[33.06,-1.0],[33.02,-1.03],[33.02,-1.09],[32.99,-1.1],[32.99,-1.07],[32.95,-1.07],[32.95,-0.93],[32.92,-0.91],[32.92,-0.9],[32.88,-0.9],[32.88,-0.88],[32.84,-0.85],[32.84,-0.78],[32.88,-0.74],[32.88,-0.71],[32.92,-0.69]]]}},{"type":"Feature","properties":{"precip":20},"geometry":{"type":"Polygon","coordinates":[[[79.24,-0.66],[79.24,-0.64],[79.28,-0.62],[79.28,-0.61],[79.31,-0.59],[79.38,-0.59],[79.38,-0.61],[79.42,-0.61],[79.42,-0.62],[79.46,-0.62],[79.46,-0.69],[79.49,-0.69],[79.53,-0.69],[79.71,-0.69],[79.74,-0.69],[79.82,-0.69],[79.85,-0.69],[79.85,-0.61],[79.89,-0.61],[79.89,-0.59],[79.92,-0.59],[79.92,-0.64],[79.92,-0.66],[79.92,-0.74],[79.92,-0.76],[79.92,-0.79],[79.89,-0.79],[79.85,-0.81],[79.82,-0.81],[79.74,-0.83],[79.71,-0.85],[79.71,-0.97],[79.71,-0.98],[79.71,-1.0],[79.67,-1.0],[79.67,-0.98],[79.64,-0.97],[79.64,-0.91],[79.6,-0.91],[79.53,-0.93],[79.53,-0.95],[79.49,-0.95],[79.49,-0.98],[79.46,-1.03],[79.42,-1.07],[79.28,-1.1],[79.2,-1.07],[79.17,-1.05],[79.17,-1.0],[79.1,-0.98],[79.1,-0.91],[79.06,-0.88],[79.06,-0.73],[79.06,-0.71],[79.06,-0.69],[79.2,-0.69],[79.24,-0.69],[79.24,-0.66]]]}},{"type":"Feature","properties":{"precip":20},"geometry":{"type":"Polygon","coordinates":[[[88.81,-0.66],[88.81,-0.61],[88.89,-0.61],[88.89,-0.59],[88.92,-0.59],[88.92,-0.61],[88.96,-0.62],[88.96,-0.69],[88.92,-0.69],[88.89,-0.69],[88.81,-0.69],[88.81,-0.66]]]}},{"type":"Feature","properties":{"precip":20},"geometry":{"type":"Polygon","coordinates":[[[94.65,-0.64],[94.72,-0.61],[94.79,-0.61],[94.83,-0.59],[94.86,-0.59],[94.97,-0.61],[95.01,-0.61],[95.01,-0.62],[95.04,-0.62],[95.04,-0.78],[95.01,-0.79],[94.97,-0.79],[94.93,-0.81],[94.86,-0.81],[94.86,-0.83],[94.86,-0.86],[94.83,-0.86],[94.83,-0.88],[94.79,-0.9],[94.72,-0.9],[94.65,-0.88],[94.65,-0.85],[94.65,-0.83],[94.65,-0.79],[94.75,-0.76],[94.75,-0.73],[94.72,-0.73],[94.72,-0.71],[94.65,-0.69],[94.65,-0.64]]]}},{"type":"Feature","properties":{"precip":20},"geometry":{"type":"Polygon","coordinates":[[[23.56,-0.9],[23.56,-0.83],[23.59,-0.83],[23.59,-0.81],[23.7,-0.81],[23.7,-0.83],[23.74,-0.83],[23.74,-0.95],[23.77,-0.95],[23.77,-1.0],[23.81,-1.0],[23.81,-1.02],[23.84,-1.03],[23.84,-1.07],[23.81,-1.09],[23.77,-1.09],[23.77,-1.05],[23.74,-1.03],[23.74,-1.02],[23.7,-1.02],[23.7,-1.0],[23.59,-1.0],[23.59,-0.98],[23.56,-0.97],[23.56,-0.9]]]}},{"type":"Feature","properties":{"precip":20},"geometry":{"type":"Polygon","coordinates":[[[77.76,-0.95],[77.76,-0.81],[77.76,-0.83],[77.84,-0.83],[77.87,-0.86],[77.94,-0.95],[77.94,-1.07],[77.84,-1.1],[77.84,-1.09],[77.76,-1.09],[77.76,-1.07],[77.76,-0.95]]]}},{"type":"Feature","properties":{"precip":20},"geometry":{"type":"Polygon","coordinates":[[[26.04,-0.95],[26.04,-0.93],[26.08,-0.91],[26.08,-0.9],[26.11,-0.9],[26.11,-0.91],[26.15,-0.91],[26.15,-0.98],[26.11,-0.98],[26.11,-1.0],[26.08,-1.0],[26.08,-0.98],[26.04,-0.97],[26.04,-0.95]]]}},{"type":"Feature","properties":{"precip":20},"geometry":{"type":"Polygon","coordinates":[[[96.55,-1.0],[96.55,-0.93],[96.59,-0.91],[96.59,-0.9],[96.59,-0.95],[96.66,-0.95],[96.66,-1.05],[96.59,-1.07],[96.59,-1.09],[96.59,-1.1],[96.59,-1.07],[96.55,-1.07],[96.55,-1.0]]]}},{"type":"Feature","properties":{"precip":20},"geometry":{"type":"Polygon","coordinates":[[[27.84,-1.15],[27.84,-1.14],[27.88,-1.12],[27.88,-1.1],[28.02,-1.1],[28.02,-1.12],[28.06,-1.14],[28.06,-1.17],[28.02,-1.19],[27.88,-1.19],[27.84,-1.17],[27.84,-1.15]]]}},{"type":"Feature","properties":{"precip":20},"geometry":{"type":"Polygon","coordinates":[[[32.56,-1.41],[32.56,-1.33],[32.59,-1.33],[32.59,-1.31],[32.7,-1.31],[32.74,-1.33],[32.74,-1.58],[32.66,-1.6],[32.66,-1.72],[32.63,-1.74],[32.63,-1.8],[32.56,-1.8],[32.56,-1.74],[32.52,-1.74],[32.52,-1.7],[32.41,-1.7],[32.41,-1.68],[32.27,-1.68],[32.23,-1.68],[32.27,-1.65],[32.27,-1.62],[32.34,-1.56],[32.41,-1.51],[32.48,-1.5],[32.52,-1.5],[32.52,-1.44],[32.56,-1.44],[32.56,-1.41]]]}},{"type":"Feature","properties":{"precip":20},"geometry":{"type":"Polygon","coordinates":[[[23.16,-1.44],[23.16,-1.43],[23.2,-1.41],[23.3,-1.41],[23.3,-1.43],[23.34,-1.43],[23.34,-1.48],[23.3,-1.48],[23.3,-1.5],[23.2,-1.5],[23.16,-1.48],[23.16,-1.44]]]}},{"type":"Feature","properties":{"precip":20},"geometry":{"type":"Polygon","coordinates":[[[95.94,-1.44],[95.94,-1.41],[96.01,-1.41],[96.01,-1.43],[96.09,-1.46],[96.12,-1.5],[96.12,-1.58],[96.09,-1.6],[96.09,-1.63],[96.01,-1.68],[95.94,-1.7],[95.94,-1.74],[95.91,-1.75],[95.8,-1.8],[95.51,-1.8],[95.47,-1.79],[95.47,-1.75],[95.44,-1.74],[95.47,-1.7],[95.51,-1.68],[95.51,-1.55],[95.58,-1.51],[95.65,-1.5],[95.87,-1.5],[95.94,-1.46],[95.94,-1.44]]]}},{"type":"Feature","properties":{"precip":20},"geometry":{"type":"Polygon","coordinates":[[[99.14,-3.91],[99.04,-3.86],[99.04,-3.82],[98.97,-3.76],[98.97,-3.62],[98.97,-3.6],[99.07,-3.6],[99.11,-3.57],[99.14,-3.57],[99.14,-3.91]]]}},{"type":"Feature","properties":{"precip":20},"geometry":{"type":"Polygon","coordinates":[[[23.16,-1.65],[23.16,-1.6],[23.23,-1.6],[23.23,-1.68],[23.16,-1.68],[23.16,-1.65]]]}},{"type":"Feature","properties":{"precip":20},"geometry":{"type":"Polygon","coordinates":[[[99.04,-1.65],[99.07,-1.6],[99.14,-1.6],[99.14,-1.68],[99.07,-1.68],[99.04,-1.65]]]}},{"type":"Feature","properties":{"precip":20},"geometry":{"type":"Polygon","coordinates":[[[12.04,-1.8],[12.04,-1.77],[12.07,-1.74],[12.07,-1.7],[12.11,-1.68],[12.11,-1.72],[12.15,-1.72],[12.15,-1.87],[12.07,-1.91],[12.07,-1.86],[12.04,-1.84],[12.04,-1.8]]]}},{"type":"Feature","properties":{"precip":20},"geometry":{"type":"Polygon","coordinates":[[[12.25,-1.75],[12.25,-1.7],[12.33,-1.7],[12.36,-1.74],[12.36,-1.77],[12.33,-1.8],[12.25,-1.8],[12.25,-1.75]]]}},{"type":"Feature","properties":{"precip":20},"geometry":{"type":"Polygon","coordinates":[[[90.65,-1.75],[90.65,-1.7],[90.69,-1.68],[90.76,-1.72],[90.76,-1.79],[90.72,-1.8],[90.65,-1.79],[90.65,-1.75]]]}},{"type":"Feature","properties":{"precip":20},"geometry":{"type":"Polygon","coordinates":[[[32.95,-1.84],[32.95,-1.82],[33.02,-1.8],[33.1,-1.8],[33.13,-1.8],[33.13,-1.89],[33.1,-1.91],[33.02,-1.91],[32.95,-1.87],[32.95,-1.84]]]}},{"type":"Feature","properties":{"precip":20},"geometry":{"type":"Polygon","coordinates":[[[77.55,-1.84],[77.55,-1.8],[77.62,-1.8],[77.66,-1.82],[77.66,-1.87],[77.62,-1.89],[77.55,-1.89],[77.55,-1.84]]]}},{"type":"Feature","properties":{"precip":20},"geometry":{"type":"Polygon","coordinates":[[[28.06,-1.94],[28.06,-1.91],[28.09,-1.91],[28.2,-1.99],[28.2,-2.03],[28.27,-2.06],[28.31,-2.1],[28.38,-2.1],[28.45,-2.15],[28.45,-2.27],[28.42,-2.28],[28.34,-2.33],[28.34,-2.47],[28.24,-2.49],[28.2,-2.51],[28.09,-2.51],[28.06,-2.49],[27.95,-2.47],[27.95,-2.44],[27.88,-2.4],[27.8,-2.4],[27.77,-2.37],[27.77,-2.32],[27.73,-2.3],[27.77,-2.28],[27.77,-2.2],[27.84,-2.18],[27.84,-2.06],[27.88,-2.04],[27.88,-2.01],[27.95,-1.99],[28.02,-1.99],[28.06,-1.94]]]}},{"type":"Feature","properties":{"precip":20},"geometry":{"type":"Polygon","coordinates":[[[86.19,-1.98],[86.19,-1.94],[86.3,-1.94],[86.37,-1.91],[86.4,-1.91],[86.4,-1.98],[86.3,-2.01],[86.22,-2.03],[86.22,-2.06],[86.19,-2.06],[86.19,-2.1],[86.15,-2.06],[86.19,-2.04],[86.19,-1.99],[86.19,-1.98]]]}},{"type":"Feature","properties":{"precip":20},"geometry":{"type":"Polygon","coordinates":[[[77.12,-2.06],[77.12,-2.04],[77.22,-2.01],[77.4,-2.01],[77.44,-1.99],[77.51,-2.01],[77.66,-2.01],[77.73,-2.03],[77.76,-2.08],[77.87,-2.08],[77.91,-2.1],[78.34,-2.1],[78.38,-2.11],[78.41,-2.11],[78.52,-2.13],[78.56,-2.16],[78.63,-2.18],[78.63,-2.15],[78.63,-2.11],[78.74,-2.11],[78.74,-2.15],[78.77,-2.18],[78.84,-2.2],[78.99,-2.2],[79.06,-2.23],[79.06,-2.3],[79.1,-2.3],[79.1,-2.22],[79.17,-2.2],[79.17,-2.13],[79.24,-2.1],[79.38,-2.1],[79.46,-2.06],[79.46,-2.03],[79.49,-2.01],[79.6,-2.01],[79.64,-2.03],[79.67,-2.06],[79.67,-2.1],[79.71,-2.06],[79.71,-2.04],[79.74,-2.01],[79.85,-2.03],[79.85,-2.06],[79.82,-2.06],[79.82,-2.11],[79.74,-2.11],[79.71,-2.15],[79.71,-2.18],[79.85,-2.22],[79.85,-2.28],[79.82,-2.3],[79.71,-2.3],[79.67,-2.3],[79.67,-2.35],[79.64,-2.39],[79.64,-2.47],[79.53,-2.51],[79.49,-2.51],[79.46,-2.52],[79.46,-2.56],[79.42,-2.59],[79.28,-2.59],[79.24,-2.56],[79.24,-2.42],[79.2,-2.42],[79.1,-2.44],[79.06,-2.52],[79.06,-2.57],[79.1,-2.61],[79.1,-2.8],[79.17,-2.85],[79.1,-2.92],[79.1,-3.07],[79.06,-3.1],[78.99,-3.07],[78.84,-2.99],[78.84,-2.92],[78.84,-2.88],[78.84,-2.71],[78.77,-2.69],[78.77,-2.73],[78.74,-2.75],[78.74,-2.78],[78.66,-2.8],[78.63,-2.8],[78.59,-2.8],[78.41,-2.8],[78.38,-2.81],[78.38,-2.85],[78.34,-2.87],[78.34,-2.97],[78.3,-3.0],[78.2,-3.0],[78.16,-3.02],[78.16,-3.07],[78.12,-3.07],[78.09,-3.1],[77.98,-3.1],[77.94,-3.14],[77.94,-3.17],[77.87,-3.19],[77.76,-3.19],[77.66,-3.22],[77.66,-3.28],[77.62,-3.28],[77.55,-3.29],[77.51,-3.29],[77.48,-3.31],[77.48,-3.34],[77.44,-3.36],[77.44,-3.48],[77.33,-3.5],[77.33,-3.46],[77.33,-3.45],[77.33,-3.41],[77.26,-3.41],[77.26,-3.65],[77.19,-3.69],[77.12,-3.69],[77.04,-3.7],[76.97,-3.69],[76.9,-3.69],[76.86,-3.67],[76.86,-3.53],[76.83,-3.5],[76.83,-3.41],[76.79,-3.38],[76.76,-3.38],[76.76,-3.31],[76.83,-3.31],[76.86,-3.34],[76.86,-3.38],[76.9,-3.36],[76.97,-3.31],[77.04,-3.28],[77.12,-3.17],[77.19,-3.1],[77.19,-3.07],[77.22,-3.05],[77.22,-3.02],[77.12,-2.97],[77.12,-2.83],[77.22,-2.8],[77.22,-2.71],[77.26,-2.68],[77.26,-2.44],[77.3,-2.4],[77.33,-2.4],[77.33,-2.44],[77.33,-2.45],[77.33,-2.49],[77.4,-2.51],[77.44,-2.49],[77.44,-2.32],[77.3,-2.28],[77.26,-2.28],[77.26,-2.23],[77.19,-2.2],[77.08,-2.2],[77.04,-2.23],[77.04,-2.3],[76.97,-2.3],[76.97,-2.25],[76.9,-2.23],[76.9,-2.18],[76.97,-2.16],[76.97,-2.11],[77.04,-2.1],[77.12,-2.1],[77.12,-2.06]],[[79.06,-2.66],[79.06,-2.63],[79.02,-2.63],[79.02,-2.59],[78.95,-2.61],[78.95,-2.68],[78.99,-2.69],[79.06,-2.68],[79.06,-2.66]],[[77.26,-3.29],[77.26,-3.26],[77.22,-3.26],[77.22,-3.19],[77.19,-3.19],[77.12,-3.22],[77.12,-3.38],[77.19,-3.38],[77.19,-3.41],[77.22,-3.4],[77.22,-3.36],[77.26,-3.34],[77.26,-3.29]]]}},{"type":"Feature","properties":{"precip":20},"geometry":{"type":"Polygon","coordinates":[[[87.27,-2.15],[87.27,-2.1],[87.3,-2.11],[87.3,-2.18],[87.27,-2.2],[87.27,-2.18],[87.27,-2.15]]]}},{"type":"Feature","properties":{"precip":20},"geometry":{"type":"Polygon","coordinates":[[[94.93,-2.15],[94.97,-2.13],[94.97,-2.1],[95.04,-2.13],[95.04,-2.16],[95.15,-2.23],[95.15,-2.28],[95.08,-2.28],[95.08,-2.3],[95.08,-2.37],[95.04,-2.4],[95.04,-2.57],[94.97,-2.61],[94.97,-2.68],[94.93,-2.69],[94.93,-2.78],[94.86,-2.8],[94.79,-2.8],[94.75,-2.83],[94.75,-2.97],[94.65,-3.0],[94.65,-2.97],[94.65,-2.88],[94.61,-2.83],[94.61,-2.8],[94.57,-2.76],[94.43,-2.71],[94.39,-2.69],[94.21,-2.69],[94.14,-2.66],[94.14,-2.64],[94.21,-2.61],[94.29,-2.61],[94.32,-2.59],[94.43,-2.59],[94.54,-2.56],[94.54,-2.54],[94.65,-2.51],[94.83,-2.51],[94.86,-2.49],[94.93,-2.49],[94.93,-2.42],[94.86,-2.35],[94.75,-2.3],[94.65,-2.3],[94.61,-2.3],[94.57,-2.27],[94.54,-2.27],[94.54,-2.23],[94.65,-2.2],[94.79,-2.2],[94.83,-2.18],[94.86,-2.18],[94.93,-2.18],[94.93,-2.15]]]}},{"type":"Feature","properties":{"precip":20},"geometry":{"type":"Polygon","coordinates":[[[98.64,-2.15],[98.68,-2.13],[98.68,-2.1],[98.75,-2.11],[98.75,-2.18],[98.68,-2.2],[98.68,-2.18],[98.64,-2.18],[98.64,-2.15]]]}},{"type":"Feature","properties":{"precip":20},"geometry":{"type":"Polygon","coordinates":[[[99.14,-2.44],[99.11,-2.44],[99.07,-2.44],[99.04,-2.47],[98.97,-2.49],[98.97,-2.42],[99.04,-2.39],[99.04,-2.28],[99.07,-2.25],[99.07,-2.22],[99.11,-2.2],[99.14,-2.2],[99.14,-2.44]]]}},{"type":"Feature","properties":{"precip":20},"geometry":{"type":"Polygon","coordinates":[[[32.45,-2.25],[32.48,-2.2],[32.59,-2.2],[32.66,-2.23],[32.66,-2.27],[32.63,-2.27],[32.59,-2.3],[32.48,-2.3],[32.45,-2.25]]]}},{"type":"Feature","properties":{"precip":20},"geometry":{"type":"Polygon","coordinates":[[[76.43,-2.23],[76.47,-2.2],[76.68,-2.2],[76.76,-2.22],[76.76,-2.25],[76.68,-2.27],[76.68,-2.3],[76.65,-2.37],[76.58,-2.39],[76.58,-2.37],[76.47,-2.28],[76.47,-2.23],[76.43,-2.23]]]}},{"type":"Feature","properties":{"precip":20},"geometry":{"type":"Polygon","coordinates":[[[98.64,-2.44],[98.68,-2.44],[98.68,-2.4],[98.75,-2.42],[98.75,-2.49],[98.68,-2.51],[98.68,-2.47],[98.64,-2.47],[98.64,-2.44]]]}},{"type":"Feature","properties":{"precip":20},"geometry":{"type":"Polygon","coordinates":[[[26.44,-2.59],[26.44,-2.56],[26.47,-2.56],[26.47,-2.51],[26.54,-2.52],[26.54,-2.68],[26.47,-2.69],[26.47,-2.66],[26.44,-2.64],[26.44,-2.59]]]}},{"type":"Feature","properties":{"precip":20},"geometry":{"type":"Polygon","coordinates":[[[80.07,-2.56],[80.07,-2.51],[80.14,-2.51],[80.14,-2.56],[80.18,-2.59],[80.36,-2.59],[80.39,-2.56],[80.46,-2.56],[80.46,-2.51],[80.57,-2.51],[80.68,-2.56],[80.72,-2.61],[80.72,-2.64],[80.75,-2.66],[80.75,-2.68],[80.72,-2.69],[80.57,-2.69],[80.54,-2.75],[80.54,-2.8],[80.46,-2.8],[80.36,-2.8],[80.36,-2.81],[80.36,-2.87],[80.32,-2.9],[80.25,-2.9],[80.14,-2.92],[80.14,-2.93],[80.14,-2.99],[80.1,-3.0],[80.07,-2.99],[80.07,-2.75],[80.1,-2.68],[80.14,-2.68],[80.14,-2.63],[80.07,-2.59],[80.07,-2.56]]]}},{"type":"Feature","properties":{"precip":20},"geometry":{"type":"Polygon","coordinates":[[[85.86,-2.56],[85.86,-2.52],[85.9,-2.51],[85.97,-2.51],[86.01,-2.52],[86.01,-2.57],[85.97,-2.59],[85.9,-2.59],[85.86,-2.57],[85.86,-2.56]]]}},{"type":"Feature","properties":{"precip":20},"geometry":{"type":"Polygon","coordinates":[[[20.46,-2.63],[20.46,-2.59],[20.57,-2.61],[20.64,-2.64],[20.71,-2.69],[20.71,-2.73],[20.75,-2.78],[20.75,-2.9],[20.68,-2.88],[20.68,-2.87],[20.61,-2.81],[20.61,-2.8],[20.53,-2.75],[20.5,-2.68],[20.46,-2.68],[20.46,-2.63]]]}},{"type":"Feature","properties":{"precip":20},"geometry":{"type":"Polygon","coordinates":[[[30.04,-2.85],[30.07,-2.8],[30.14,-2.8],[30.14,-2.9],[30.07,-2.9],[30.04,-2.85]]]}},{"type":"Feature","properties":{"precip":20},"geometry":{"type":"Polygon","coordinates":[[[84.03,-2.85],[84.03,-2.81],[84.06,-2.8],[84.21,-2.8],[84.24,-2.81],[84.24,-2.88],[84.21,-2.9],[84.06,-2.9],[84.03,-2.88],[84.03,-2.85]]]}},{"type":"Feature","properties":{"precip":20},"geometry":{"type":"Polygon","coordinates":[[[87.27,-2.95],[87.27,-2.92],[87.38,-2.9],[87.45,-2.92],[87.45,-2.99],[87.38,-3.0],[87.27,-3.0],[87.27,-2.99],[87.27,-2.95]]]}},{"type":"Feature","properties":{"precip":20},"geometry":{"type":"Polygon","coordinates":[[[31.33,-3.1],[31.37,-3.07],[31.37,-3.04],[31.4,-3.0],[31.51,-3.0],[31.51,-3.04],[31.55,-3.05],[31.55,-3.26],[31.48,-3.29],[31.33,-3.29],[31.26,-3.28],[31.26,-3.21],[31.33,-3.19],[31.33,-3.1]]]}},{"type":"Feature","properties":{"precip":20},"geometry":{"type":"Polygon","coordinates":[[[79.71,-3.05],[79.71,-3.02],[79.74,-3.0],[79.85,-3.02],[79.85,-3.05],[79.74,-3.1],[79.71,-3.19],[79.6,-3.29],[79.6,-3.31],[79.53,-3.34],[79.53,-3.45],[79.49,-3.46],[79.49,-3.5],[79.46,-3.5],[79.46,-3.43],[79.42,-3.41],[79.31,-3.41],[79.28,-3.38],[79.28,-3.34],[79.24,-3.31],[79.24,-3.17],[79.28,-3.12],[79.28,-3.1],[79.53,-3.1],[79.6,-3.09],[79.67,-3.09],[79.71,-3.07],[79.71,-3.05]]]}},{"type":"Feature","properties":{"precip":20},"geometry":{"type":"Polygon","coordinates":[[[84.93,-3.05],[84.93,-3.02],[85.04,-3.0],[85.04,-3.09],[84.93,-3.09],[84.93,-3.05]]]}},{"type":"Feature","properties":{"precip":20},"geometry":{"type":"Polygon","coordinates":[[[94.86,-3.16],[94.86,-3.05],[94.93,-3.0],[95.15,-3.0],[95.22,-3.02],[95.26,-3.05],[95.26,-3.12],[95.19,-3.19],[95.19,-3.26],[95.08,-3.26],[95.04,-3.29],[94.86,-3.29],[94.86,-3.28],[94.86,-3.16]]]}},{"type":"Feature","properties":{"precip":20},"geometry":{"type":"Polygon","coordinates":[[[21.54,-3.14],[21.58,-3.1],[21.69,-3.1],[21.76,-3.16],[21.76,-3.28],[21.69,-3.29],[21.69,-3.28],[21.65,-3.26],[21.58,-3.19],[21.58,-3.17],[21.54,-3.14]]]}},{"type":"Feature","properties":{"precip":20},"geometry":{"type":"Polygon","coordinates":[[[91.05,-3.19],[91.05,-3.14],[91.08,-3.1],[91.12,-3.1],[91.15,-3.14],[91.15,-3.17],[91.19,-3.19],[91.19,-3.17],[91.3,-3.12],[91.37,-3.1],[91.59,-3.1],[91.62,-3.16],[91.62,-3.17],[91.59,-3.19],[91.55,-3.22],[91.55,-3.34],[91.51,-3.38],[91.41,-3.41],[91.3,-3.41],[91.19,-3.4],[91.15,-3.36],[91.12,-3.33],[91.12,-3.29],[91.08,-3.29],[91.08,-3.33],[91.05,-3.36],[90.94,-3.41],[90.87,-3.4],[90.87,-3.31],[90.9,-3.29],[90.97,-3.29],[90.97,-3.28],[91.05,-3.26],[91.05,-3.19]]]}},{"type":"Feature","properties":{"precip":20},"geometry":{"type":"Polygon","coordinates":[[[84.71,-3.26],[84.71,-3.22],[84.78,-3.19],[84.82,-3.19],[84.86,-3.22],[84.86,-3.28],[84.78,-3.29],[84.71,-3.26]]]}},{"type":"Feature","properties":{"precip":20},"geometry":{"type":"Polygon","coordinates":[[[95.73,-3.26],[95.73,-3.21],[95.83,-3.21],[95.83,-3.29],[95.73,-3.29],[95.73,-3.26]]]}},{"type":"Feature","properties":{"precip":20},"geometry":{"type":"Polygon","coordinates":[[[30.43,-3.34],[30.47,-3.34],[30.47,-3.29],[30.54,-3.31],[30.54,-3.4],[30.47,-3.4],[30.47,-3.36],[30.43,-3.34]]]}},{"type":"Feature","properties":{"precip":20},"geometry":{"type":"Polygon","coordinates":[[[90.65,-3.34],[90.65,-3.31],[90.69,-3.29],[90.76,-3.31],[90.76,-3.38],[90.69,-3.41],[90.65,-3.4],[90.65,-3.34]]]}},{"type":"Feature","properties":{"precip":20},"geometry":{"type":"Polygon","coordinates":[[[29.24,-3.45],[29.24,-3.41],[29.28,-3.41],[29.35,-3.41],[29.35,-3.48],[29.28,-3.5],[29.24,-3.48],[29.24,-3.45]]]}},{"type":"Feature","properties":{"precip":20},"geometry":{"type":"Polygon","coordinates":[[[76.54,-3.45],[76.58,-3.41],[76.65,-3.41],[76.65,-3.48],[76.58,-3.5],[76.54,-3.45]]]}},{"type":"Feature","properties":{"precip":20},"geometry":{"type":"Polygon","coordinates":[[[80.54,-3.45],[80.57,-3.43],[80.57,-3.41],[80.61,-3.41],[80.61,-3.5],[80.57,-3.5],[80.57,-3.46],[80.54,-3.45]]]}},{"type":"Feature","properties":{"precip":20},"geometry":{"type":"Polygon","coordinates":[[[91.84,-3.45],[91.84,-3.41],[91.95,-3.41],[91.95,-3.5],[91.84,-3.5],[91.84,-3.45]]]}},{"type":"Feature","properties":{"precip":20},"geometry":{"type":"Polygon","coordinates":[[[92.85,-3.5],[92.85,-3.43],[92.88,-3.41],[92.92,-3.43],[93.03,-3.52],[93.03,-3.55],[93.06,-3.57],[93.03,-3.6],[92.92,-3.6],[92.88,-3.58],[92.88,-3.55],[92.85,-3.55],[92.85,-3.5]]]}},{"type":"Feature","properties":{"precip":20},"geometry":{"type":"Polygon","coordinates":[[[30.25,-3.55],[30.25,-3.53],[30.32,-3.5],[30.43,-3.52],[30.43,-3.58],[30.4,-3.6],[30.32,-3.6],[30.25,-3.57],[30.25,-3.55]]]}},{"type":"Feature","properties":{"precip":20},"geometry":{"type":"Polygon","coordinates":[[[94.75,-3.55],[94.75,-3.52],[94.83,-3.5],[94.83,-3.53],[94.86,-3.53],[94.86,-3.57],[94.83,-3.57],[94.83,-3.6],[94.75,-3.58],[94.75,-3.55]]]}},{"type":"Feature","properties":{"precip":20},"geometry":{"type":"Polygon","coordinates":[[[97.24,-3.6],[97.24,-3.57],[97.24,-3.53],[97.31,-3.52],[97.42,-3.5],[97.67,-3.5],[97.74,-3.52],[97.85,-3.52],[97.96,-3.55],[97.96,-3.57],[98.03,-3.6],[98.1,-3.6],[98.1,-3.62],[98.1,-3.67],[98.03,-3.69],[97.81,-3.69],[97.67,-3.7],[97.56,-3.7],[97.45,-3.69],[97.31,-3.69],[97.24,-3.65],[97.24,-3.6]]]}},{"type":"Feature","properties":{"precip":20},"geometry":{"type":"Polygon","coordinates":[[[29.24,-3.65],[29.28,-3.6],[29.39,-3.6],[29.42,-3.62],[29.46,-3.67],[29.46,-3.77],[29.53,-3.79],[29.68,-3.79],[29.75,-3.77],[29.75,-3.65],[29.78,-3.6],[29.89,-3.67],[30.0,-3.81],[30.04,-3.87],[30.04,-3.99],[29.96,-4.01],[29.96,-4.11],[29.93,-4.15],[29.93,-4.18],[29.86,-4.22],[29.86,-4.32],[29.82,-4.34],[29.82,-4.37],[29.78,-4.41],[29.75,-4.46],[29.68,-4.51],[29.68,-4.58],[29.75,-4.63],[29.75,-4.66],[29.68,-4.7],[29.6,-4.7],[29.57,-4.71],[29.57,-4.78],[29.64,-4.83],[29.75,-4.97],[29.75,-5.07],[29.68,-5.11],[29.68,-5.16],[29.64,-5.19],[29.64,-5.38],[29.57,-5.4],[29.57,-5.57],[29.64,-5.64],[29.6,-5.69],[29.6,-5.72],[29.53,-5.77],[29.42,-5.79],[29.39,-5.77],[29.39,-5.76],[29.35,-5.71],[29.35,-5.55],[29.42,-5.48],[29.42,-5.41],[29.39,-5.4],[29.39,-5.38],[29.32,-5.33],[29.32,-5.3],[29.28,-5.28],[29.28,-5.21],[29.32,-5.19],[29.32,-5.14],[29.35,-5.11],[29.35,-4.94],[29.32,-4.9],[29.28,-4.9],[29.28,-4.87],[29.24,-4.85],[29.24,-4.73],[29.14,-4.68],[29.06,-4.66],[29.06,-4.64],[29.03,-4.63],[28.92,-4.53],[28.92,-4.51],[28.88,-4.47],[28.88,-4.41],[28.92,-4.41],[28.92,-4.37],[28.96,-4.34],[28.88,-4.29],[28.88,-4.27],[28.85,-4.27],[28.85,-4.23],[28.88,-4.2],[28.92,-4.2],[28.92,-4.17],[28.96,-4.15],[28.96,-3.96],[29.03,-3.87],[29.1,-3.81],[29.17,-3.81],[29.21,-3.79],[29.28,-3.79],[29.35,-3.77],[29.35,-3.72],[29.24,-3.67],[29.24,-3.65]],[[29.86,-3.86],[29.86,-3.82],[29.82,-3.79],[29.75,-3.81],[29.75,-3.89],[29.78,-3.91],[29.86,-3.87],[29.86,-3.86]]]}},{"type":"Feature","properties":{"precip":20},"geometry":{"type":"Polygon","coordinates":[[[92.16,-3.7],[92.16,-3.62],[92.23,-3.6],[92.23,-3.65],[92.27,-3.69],[92.38,-3.69],[92.45,-3.67],[92.45,-3.65],[92.49,-3.6],[92.56,-3.65],[92.56,-3.67],[92.63,-3.74],[92.63,-3.79],[92.56,-3.79],[92.23,-3.79],[92.16,-3.77],[92.16,-3.7]]]}},{"type":"Feature","properties":{"precip":20},"geometry":{"type":"Polygon","coordinates":[[[79.06,-3.79],[79.06,-3.72],[79.06,-3.7],[79.2,-3.7],[79.24,-3.72],[79.24,-3.87],[79.17,-3.91],[79.1,-3.91],[79.06,-3.87],[79.06,-3.79]]]}},{"type":"Feature","properties":{"precip":20},"geometry":{"type":"Polygon","coordinates":[[[91.55,-3.91],[91.55,-3.84],[91.59,-3.81],[91.62,-3.79],[91.73,-3.82],[91.73,-3.86],[91.77,-3.87],[91.77,-3.91],[91.73,-3.94],[91.73,-3.98],[91.62,-3.99],[91.59,-3.99],[91.55,-3.96],[91.55,-3.91]]]}},{"type":"Feature","properties":{"precip":20},"geometry":{"type":"Polygon","coordinates":[[[98.53,-3.86],[98.53,-3.82],[98.64,-3.79],[98.75,-3.79],[98.82,-3.81],[98.86,-3.86],[98.75,-3.91],[98.64,-3.91],[98.53,-3.86]]]}},{"type":"Feature","properties":{"precip":20},"geometry":{"type":"Polygon","coordinates":[[[60.06,-4.05],[60.06,-3.93],[60.13,-3.91],[60.45,-3.91],[60.52,-3.91],[60.6,-3.98],[60.6,-3.99],[60.7,-3.99],[60.74,-4.01],[60.88,-4.01],[60.96,-4.03],[60.96,-4.11],[61.06,-4.29],[61.14,-4.32],[61.17,-4.37],[61.32,-4.41],[61.35,-4.42],[61.35,-4.47],[61.42,-4.51],[61.5,-4.51],[61.53,-4.53],[61.53,-4.58],[61.57,-4.61],[61.57,-4.78],[61.64,-4.8],[61.64,-4.88],[61.6,-4.9],[61.53,-4.9],[61.46,-4.92],[61.46,-4.99],[61.53,-4.99],[61.53,-5.0],[61.68,-5.0],[61.75,-5.02],[61.75,-5.06],[61.86,-5.09],[62.0,-5.09],[62.07,-5.11],[62.25,-5.11],[62.36,-5.09],[62.43,-5.09],[62.5,-5.07],[62.61,-5.0],[62.65,-4.94],[62.75,-4.9],[62.83,-4.9],[62.83,-4.87],[62.86,-4.87],[62.86,-4.82],[62.9,-4.8],[63.04,-4.8],[63.04,-4.78],[63.11,-4.78],[63.15,-4.78],[63.15,-4.73],[63.22,-4.7],[63.29,-4.7],[63.33,-4.68],[63.33,-4.66],[63.37,-4.66],[63.37,-4.61],[63.51,-4.58],[63.51,-4.56],[63.58,-4.53],[63.58,-4.51],[63.65,-4.44],[63.73,-4.41],[63.8,-4.41],[63.98,-4.41],[63.98,-4.39],[64.05,-4.37],[64.05,-4.32],[64.09,-4.3],[64.23,-4.29],[64.27,-4.23],[64.37,-4.2],[64.59,-4.2],[64.63,-4.18],[64.73,-4.17],[64.73,-4.15],[64.91,-4.11],[64.99,-4.11],[65.06,-4.1],[65.53,-4.1],[65.63,-4.11],[65.71,-4.11],[65.81,-4.13],[65.85,-4.15],[65.85,-4.17],[65.89,-4.2],[65.96,-4.2],[65.99,-4.22],[66.14,-4.34],[66.14,-4.46],[66.17,-4.46],[66.17,-4.51],[66.25,-4.53],[66.25,-4.58],[66.21,-4.59],[66.14,-4.59],[66.07,-4.61],[66.07,-4.66],[66.03,-4.66],[66.03,-4.68],[65.99,-4.68],[65.89,-4.71],[65.81,-4.78],[65.81,-4.8],[65.78,-4.82],[65.74,-4.87],[65.67,-4.9],[65.63,-4.9],[65.56,-4.92],[65.53,-4.95],[65.53,-4.99],[65.49,-5.0],[65.45,-5.06],[65.35,-5.11],[65.27,-5.11],[65.27,-5.14],[65.24,-5.14],[65.24,-5.18],[65.17,-5.19],[65.06,-5.19],[64.99,-5.21],[64.95,-5.24],[64.95,-5.38],[64.99,-5.4],[64.99,-5.41],[65.06,-5.43],[65.06,-5.47],[65.02,-5.47],[64.95,-5.52],[64.95,-5.55],[65.02,-5.59],[65.09,-5.6],[65.24,-5.6],[65.35,-5.64],[65.35,-5.77],[65.42,-5.79],[65.49,-5.79],[65.56,-5.83],[65.53,-5.86],[65.53,-5.89],[65.45,-5.95],[65.38,-5.98],[65.27,-6.01],[65.2,-6.01],[65.17,-6.01],[65.17,-6.05],[65.09,-6.1],[64.95,-6.1],[64.88,-6.12],[64.84,-6.13],[64.84,-6.17],[64.81,-6.17],[64.77,-6.22],[64.63,-6.22],[64.55,-6.24],[64.55,-6.25],[64.52,-6.25],[64.48,-6.29],[64.37,-6.29],[64.34,-6.3],[64.23,-6.3],[64.16,-6.34],[64.16,-6.37],[64.12,-6.37],[64.09,-6.39],[63.94,-6.39],[63.87,-6.42],[63.83,-6.46],[63.83,-6.49],[63.8,-6.49],[63.65,-6.54],[63.65,-6.56],[63.55,-6.65],[63.47,-6.73],[63.37,-6.77],[63.22,-6.8],[62.65,-6.8],[62.47,-6.84],[62.43,-6.89],[62.29,-6.9],[62.25,-6.94],[62.25,-7.02],[62.21,-7.06],[62.21,-7.09],[62.14,-7.14],[62.07,-7.19],[61.96,-7.19],[61.96,-7.13],[61.86,-7.11],[61.64,-7.11],[61.57,-7.13],[61.57,-7.14],[61.53,-7.18],[61.46,-7.19],[61.35,-7.25],[61.28,-7.31],[61.28,-7.35],[61.21,-7.38],[61.17,-7.4],[61.1,-7.4],[61.06,-7.42],[61.06,-7.5],[60.99,-7.61],[60.99,-7.62],[60.96,-7.66],[60.88,-7.69],[60.78,-7.72],[60.78,-7.74],[60.74,-7.76],[60.74,-7.88],[60.67,-7.9],[60.67,-8.0],[60.74,-8.0],[60.81,-8.0],[60.85,-8.02],[60.85,-8.07],[60.92,-8.08],[60.92,-8.1],[61.06,-8.1],[61.1,-8.12],[61.17,-8.12],[61.24,-8.14],[61.28,-8.19],[61.39,-8.27],[61.42,-8.32],[61.42,-8.36],[61.46,-8.38],[61.39,-8.38],[61.35,-8.39],[60.85,-8.39],[60.78,-8.36],[60.74,-8.34],[60.74,-8.24],[60.7,-8.19],[60.63,-8.12],[60.6,-8.12],[60.56,-8.15],[60.49,-8.19],[60.34,-8.2],[60.24,-8.15],[60.27,-8.14],[60.27,-8.1],[60.34,-8.07],[60.31,-8.02],[60.31,-7.98],[60.27,-7.95],[60.2,-7.93],[60.16,-7.9],[60.09,-7.9],[60.06,-7.93],[60.06,-7.98],[60.16,-8.05],[60.13,-8.07],[60.13,-8.1],[60.06,-8.08],[60.06,-8.05],[60.02,-8.03],[60.02,-8.0],[59.98,-8.0],[59.98,-8.03],[59.91,-8.1],[59.8,-8.1],[59.73,-8.08],[59.62,-8.03],[59.59,-8.0],[59.59,-7.98],[59.55,-7.95],[59.48,-7.91],[59.41,-7.9],[59.19,-7.9],[59.16,-7.88],[59.08,-7.88],[59.05,-7.86],[59.05,-7.83],[58.98,-7.79],[58.87,-7.79],[58.87,-7.72],[58.98,-7.62],[59.08,-7.61],[59.16,-7.61],[59.26,-7.55],[59.23,-7.5],[59.16,-7.5],[59.08,-7.5],[59.05,-7.49],[59.05,-7.45],[59.08,-7.42],[59.08,-7.38],[59.12,-7.37],[59.23,-7.3],[59.3,-7.3],[59.34,-7.28],[59.34,-7.21],[59.26,-7.14],[59.23,-7.13],[59.23,-7.11],[59.19,-7.09],[59.19,-7.06],[59.16,-7.02],[59.16,-6.87],[59.12,-6.85],[59.12,-6.8],[59.05,-6.77],[59.05,-6.63],[59.01,-6.61],[58.94,-6.61],[58.83,-6.54],[58.83,-6.51],[58.76,-6.42],[58.76,-6.22],[58.83,-6.22],[58.98,-6.22],[59.05,-6.24],[59.05,-6.37],[59.12,-6.39],[59.19,-6.39],[59.23,-6.37],[59.26,-6.37],[59.26,-6.34],[59.37,-6.3],[59.62,-6.3],[59.7,-6.32],[59.77,-6.36],[59.77,-6.39],[59.88,-6.39],[59.91,-6.39],[60.02,-6.29],[60.02,-6.25],[60.06,-6.22],[60.06,-6.08],[59.98,-6.0],[59.91,-5.93],[59.73,-5.89],[59.48,-5.89],[59.37,-5.88],[59.34,-5.84],[59.34,-5.77],[59.23,-5.64],[59.08,-5.52],[58.98,-5.5],[58.98,-5.43],[58.94,-5.4],[58.94,-5.23],[58.98,-5.19],[58.98,-5.11],[59.05,-5.07],[59.05,-4.92],[58.98,-4.9],[58.98,-4.8],[59.01,-4.78],[59.05,-4.75],[59.12,-4.71],[59.16,-4.73],[59.16,-4.87],[59.19,-4.9],[59.26,-4.9],[59.34,-4.9],[59.34,-4.95],[59.37,-4.95],[59.37,-4.99],[59.44,-4.99],[59.48,-5.0],[59.62,-5.0],[59.77,-5.06],[59.88,-5.18],[59.91,-5.18],[59.95,-5.14],[59.95,-4.94],[59.98,-4.92],[59.98,-4.9],[60.02,-4.9],[60.02,-4.83],[60.06,-4.82],[60.06,-4.53],[60.09,-4.51],[60.13,-4.51],[60.13,-4.42],[60.16,-4.41],[60.16,-4.29],[60.13,-4.27],[60.13,-4.2],[60.06,-4.17],[60.06,-4.05]],[[59.84,-5.26],[59.84,-5.21],[59.8,-5.19],[59.77,-5.21],[59.77,-5.3],[59.84,-5.28],[59.84,-5.26]],[[60.85,-7.25],[60.85,-7.21],[60.78,-7.19],[60.78,-7.23],[60.74,-7.23],[60.74,-7.26],[60.81,-7.3],[60.85,-7.28],[60.85,-7.25]],[[60.78,-7.49],[60.74,-7.43],[60.63,-7.4],[60.52,-7.4],[60.45,-7.45],[60.45,-7.5],[60.49,-7.55],[60.49,-7.59],[60.56,-7.66],[60.67,-7.71],[60.7,-7.67],[60.78,-7.64],[60.81,-7.61],[60.81,-7.57],[60.85,-7.55],[60.81,-7.54],[60.81,-7.5],[60.78,-7.49]],[[59.34,-7.64],[59.34,-7.61],[59.26,-7.61],[59.26,-7.69],[59.3,-7.71],[59.34,-7.69],[59.34,-7.64]]]}},{"type":"Feature","properties":{"precip":20},"geometry":{"type":"Polygon","coordinates":[[[92.23,-4.05],[92.27,-4.01],[92.38,-4.01],[92.45,-4.05],[92.45,-4.13],[92.38,-4.22],[92.34,-4.29],[92.2,-4.37],[92.02,-4.41],[91.91,-4.41],[91.84,-4.32],[91.84,-4.29],[91.84,-4.23],[92.02,-4.11],[92.05,-4.1],[92.2,-4.1],[92.23,-4.08],[92.23,-4.05]]]}},{"type":"Feature","properties":{"precip":20},"geometry":{"type":"Polygon","coordinates":[[[92.56,-4.05],[92.56,-4.01],[92.63,-4.01],[92.63,-4.03],[92.67,-4.03],[92.67,-4.06],[92.63,-4.06],[92.63,-4.1],[92.56,-4.1],[92.56,-4.05]]]}},{"type":"Feature","properties":{"precip":20},"geometry":{"type":"Polygon","coordinates":[[[94.54,-4.05],[94.57,-4.01],[94.65,-4.01],[94.65,-4.1],[94.57,-4.1],[94.54,-4.05]]]}},{"type":"Feature","properties":{"precip":20},"geometry":{"type":"Polygon","coordinates":[[[76.86,-4.15],[76.86,-4.1],[76.9,-4.1],[76.9,-4.2],[76.86,-4.2],[76.86,-4.15]]]}},{"type":"Feature","properties":{"precip":20},"geometry":{"type":"Polygon","coordinates":[[[75.35,-4.35],[75.35,-4.25],[75.39,-4.23],[75.39,-4.2],[75.5,-4.2],[75.53,-4.22],[75.53,-4.41],[75.46,-4.41],[75.46,-4.54],[75.39,-4.59],[75.28,-4.59],[75.24,-4.56],[75.24,-4.53],[75.32,-4.51],[75.32,-4.47],[75.35,-4.46],[75.35,-4.35]]]}},{"type":"Feature","properties":{"precip":20},"geometry":{"type":"Polygon","coordinates":[[[80.14,-4.25],[80.14,-4.2],[80.25,-4.22],[80.28,-4.27],[80.28,-4.29],[80.32,-4.29],[80.32,-4.27],[80.36,-4.2],[80.39,-4.2],[80.39,-4.23],[80.46,-4.25],[80.39,-4.27],[80.39,-4.29],[80.36,-4.29],[80.36,-4.32],[80.36,-4.34],[80.36,-4.53],[80.32,-4.56],[80.32,-4.59],[80.14,-4.59],[80.07,-4.63],[80.07,-4.66],[80.03,-4.66],[80.03,-4.68],[79.96,-4.7],[79.92,-4.7],[79.85,-4.68],[79.85,-4.63],[79.92,-4.59],[80.03,-4.59],[80.03,-4.53],[79.92,-4.46],[79.92,-4.44],[79.89,-4.41],[79.89,-4.39],[79.85,-4.34],[79.89,-4.3],[79.92,-4.3],[79.96,-4.29],[80.07,-4.29],[80.14,-4.29],[80.14,-4.25]]]}},{"type":"Feature","properties":{"precip":20},"geometry":{"type":"Polygon","coordinates":[[[27.73,-4.35],[27.77,-4.34],[27.77,-4.3],[27.84,-4.3],[27.84,-4.41],[27.77,-4.41],[27.77,-4.35],[27.73,-4.35]]]}},{"type":"Feature","properties":{"precip":20},"geometry":{"type":"Polygon","coordinates":[[[74.45,-4.35],[74.45,-4.32],[74.56,-4.29],[74.56,-4.3],[74.63,-4.3],[74.63,-4.39],[74.6,-4.41],[74.49,-4.41],[74.45,-4.39],[74.45,-4.35]]]}},{"type":"Feature","properties":{"precip":20},"geometry":{"type":"Polygon","coordinates":[[[75.71,-4.37],[75.75,-4.32],[75.82,-4.3],[75.89,-4.37],[75.93,-4.41],[75.93,-4.49],[75.86,-4.51],[75.75,-4.51],[75.64,-4.46],[75.68,-4.44],[75.68,-4.41],[75.71,-4.37]]]}},{"type":"Feature","properties":{"precip":20},"geometry":{"type":"Polygon","coordinates":[[[28.34,-4.44],[28.38,-4.41],[28.45,-4.41],[28.45,-4.49],[28.38,-4.49],[28.34,-4.47],[28.34,-4.44]]]}},{"type":"Feature","properties":{"precip":20},"geometry":{"type":"Polygon","coordinates":[[[20.64,-4.59],[20.64,-4.54],[20.71,-4.51],[20.82,-4.51],[20.86,-4.53],[20.86,-4.58],[20.93,-4.59],[21.04,-4.59],[21.11,-4.61],[21.15,-4.64],[21.15,-4.76],[21.18,-4.78],[21.18,-4.8],[21.22,-4.8],[21.22,-4.85],[21.25,-4.87],[21.25,-5.07],[21.33,-5.11],[21.33,-5.21],[21.36,-5.26],[21.36,-5.45],[21.33,-5.5],[21.33,-5.6],[21.25,-5.62],[21.25,-5.77],[21.29,-5.79],[21.47,-5.79],[21.54,-5.77],[21.54,-5.74],[21.65,-5.71],[21.87,-5.71],[21.97,-5.76],[21.97,-5.77],[22.01,-5.79],[22.01,-5.83],[22.05,-5.84],[22.12,-5.89],[22.19,-5.89],[22.23,-5.91],[22.3,-5.98],[22.3,-6.01],[22.33,-6.01],[22.33,-6.07],[22.3,-6.12],[22.19,-6.22],[22.19,-6.25],[22.15,-6.3],[22.15,-6.54],[22.12,-6.63],[22.12,-6.7],[22.05,-6.75],[21.97,-6.77],[21.76,-6.8],[21.4,-6.8],[21.33,-6.78],[21.25,-6.78],[21.15,-6.75],[21.15,-6.73],[21.07,-6.7],[21.0,-6.7],[20.97,-6.68],[20.97,-6.65],[20.93,-6.63],[20.93,-6.61],[20.86,-6.61],[20.79,-6.61],[20.75,-6.58],[20.75,-6.53],[20.68,-6.51],[20.46,-6.51],[20.39,-6.48],[20.35,-6.48],[20.35,-6.42],[20.43,-6.39],[20.5,-6.39],[20.53,-6.39],[20.53,-6.27],[20.57,-6.25],[20.57,-6.24],[20.61,-6.22],[20.68,-6.22],[20.75,-6.17],[20.75,-6.12],[20.68,-6.1],[20.68,-6.07],[20.64,-6.05],[20.64,-5.93],[20.57,-5.89],[20.53,-5.89],[20.39,-5.88],[20.35,-5.83],[20.28,-5.77],[20.25,-5.74],[20.17,-5.67],[20.17,-5.64],[20.14,-5.57],[20.17,-5.53],[20.17,-5.52],[20.21,-5.5],[20.35,-5.55],[20.39,-5.6],[20.46,-5.64],[20.5,-5.71],[20.61,-5.77],[20.71,-5.79],[20.75,-5.76],[20.75,-5.64],[20.71,-5.6],[20.68,-5.6],[20.68,-5.55],[20.64,-5.53],[20.64,-5.33],[20.61,-5.3],[20.5,-5.3],[20.46,-5.28],[20.46,-5.12],[20.5,-5.09],[20.53,-5.09],[20.53,-4.87],[20.57,-4.82],[20.57,-4.71],[20.64,-4.68],[20.64,-4.59]],[[21.15,-5.86],[21.15,-5.83],[21.07,-5.79],[20.97,-5.81],[20.97,-5.89],[21.0,-5.89],[21.07,-5.89],[21.15,-5.88],[21.15,-5.86]]]}},{"type":"Feature","properties":{"precip":20},"geometry":{"type":"Polygon","coordinates":[[[96.73,-4.66],[96.77,-4.64],[96.77,-4.61],[96.81,-4.59],[96.81,-4.61],[96.81,-4.68],[96.77,-4.7],[96.77,-4.66],[96.73,-4.66]]]}},{"type":"Feature","properties":{"precip":20},"geometry":{"type":"Polygon","coordinates":[[[27.16,-4.75],[27.16,-4.73],[27.23,-4.7],[27.3,-4.7],[27.34,-4.71],[27.34,-4.78],[27.23,-4.8],[27.23,-4.78],[27.16,-4.78],[27.16,-4.75]]]}},{"type":"Feature","properties":{"precip":20},"geometry":{"type":"Polygon","coordinates":[[[13.91,-4.88],[13.95,-4.85],[14.05,-4.8],[14.13,-4.8],[14.16,-4.85],[14.09,-4.9],[14.02,-4.9],[13.95,-4.92],[13.95,-4.97],[13.87,-5.0],[13.87,-4.9],[13.91,-4.88]]]}},{"type":"Feature","properties":{"precip":20},"geometry":{"type":"Polygon","coordinates":[[[68.33,-5.35],[68.37,-5.33],[68.37,-5.3],[68.44,-5.31],[68.44,-5.45],[68.51,-5.5],[68.66,-5.5],[68.73,-5.52],[68.73,-5.59],[68.77,-5.64],[68.77,-5.81],[68.8,-5.89],[68.87,-5.98],[68.91,-6.0],[68.95,-5.96],[68.95,-5.93],[69.09,-5.89],[69.23,-5.89],[69.31,-5.88],[69.34,-5.88],[69.34,-5.84],[69.41,-5.81],[69.49,-5.81],[69.52,-5.79],[69.67,-5.79],[69.74,-5.77],[69.74,-5.74],[69.81,-5.71],[69.99,-5.71],[70.06,-5.74],[70.06,-5.77],[70.1,-5.79],[70.17,-5.79],[70.24,-5.83],[70.24,-5.96],[70.21,-6.0],[70.13,-6.0],[70.1,-6.01],[70.03,-6.01],[69.95,-6.03],[69.95,-6.07],[69.92,-6.07],[69.85,-6.1],[69.67,-6.1],[69.49,-6.13],[69.45,-6.13],[69.38,-6.22],[69.38,-6.24],[69.34,-6.25],[69.38,-6.29],[69.45,-6.29],[69.49,-6.3],[69.59,-6.3],[69.63,-6.32],[69.63,-6.36],[69.67,-6.37],[69.67,-6.42],[69.59,-6.49],[69.52,-6.49],[69.45,-6.51],[68.87,-6.51],[68.77,-6.53],[68.77,-6.78],[68.84,-6.82],[68.84,-7.01],[68.77,-7.01],[68.77,-7.09],[68.84,-7.11],[68.91,-7.11],[68.95,-7.13],[68.95,-7.25],[69.05,-7.3],[69.23,-7.3],[69.34,-7.26],[69.34,-7.23],[69.41,-7.19],[69.52,-7.21],[69.56,-7.25],[69.52,-7.25],[69.52,-7.28],[69.49,-7.33],[69.38,-7.4],[69.38,-7.43],[69.27,-7.49],[69.2,-7.5],[69.09,-7.5],[69.02,-7.5],[68.95,-7.54],[68.95,-7.55],[68.87,-7.59],[68.77,-7.61],[68.55,-7.61],[68.37,-7.57],[68.33,-7.52],[68.3,-7.5],[68.26,-7.52],[68.26,-7.55],[68.19,-7.61],[68.12,-7.61],[68.05,-7.57],[68.05,-7.5],[67.97,-7.5],[67.97,-7.54],[67.94,-7.55],[67.94,-7.67],[67.87,-7.74],[67.79,-7.76],[67.65,-7.79],[67.54,-7.79],[67.51,-7.81],[67.43,-7.81],[67.36,-7.83],[67.36,-7.86],[67.25,-7.9],[67.15,-7.9],[67.07,-7.91],[67.07,-7.95],[67.04,-7.96],[67.04,-8.03],[67.0,-8.07],[67.0,-8.12],[66.93,-8.15],[66.86,-8.26],[66.97,-8.36],[67.18,-8.39],[67.4,-8.39],[67.58,-8.43],[67.65,-8.46],[67.72,-8.51],[67.76,-8.56],[67.76,-8.65],[67.69,-8.7],[67.51,-8.7],[67.4,-8.73],[67.33,-8.77],[67.22,-8.89],[67.15,-8.96],[67.04,-8.99],[66.86,-8.99],[66.75,-9.03],[66.75,-9.06],[66.53,-9.11],[66.21,-9.11],[66.1,-9.11],[66.07,-9.15],[65.96,-9.2],[65.63,-9.2],[65.56,-9.16],[65.56,-9.15],[65.49,-9.11],[65.49,-9.08],[65.42,-9.01],[65.35,-8.99],[65.27,-8.99],[65.27,-8.97],[65.24,-8.94],[65.31,-8.89],[65.31,-8.85],[65.35,-8.82],[65.35,-8.43],[65.38,-8.38],[65.38,-8.34],[65.53,-8.17],[65.6,-8.14],[65.6,-8.12],[65.74,-8.07],[65.74,-7.86],[65.78,-7.84],[65.78,-7.81],[65.85,-7.76],[65.85,-7.59],[65.89,-7.55],[65.89,-7.52],[65.92,-7.5],[65.92,-7.47],[65.99,-7.42],[65.99,-7.38],[66.03,-7.38],[66.03,-7.31],[65.96,-7.25],[65.85,-7.21],[65.78,-7.19],[65.71,-7.19],[65.63,-7.14],[65.63,-7.13],[65.6,-7.11],[65.45,-7.11],[65.42,-7.09],[65.35,-7.09],[65.35,-7.04],[65.38,-7.01],[65.45,-6.94],[65.56,-6.89],[65.63,-6.89],[65.63,-6.85],[65.67,-6.82],[65.74,-6.8],[65.96,-6.8],[66.03,-6.77],[66.03,-6.75],[66.07,-6.73],[66.07,-6.63],[66.14,-6.58],[66.21,-6.51],[66.25,-6.51],[66.43,-6.51],[66.43,-6.53],[66.46,-6.56],[66.57,-6.61],[66.86,-6.61],[66.97,-6.54],[66.97,-6.51],[67.04,-6.51],[67.15,-6.46],[67.15,-6.42],[67.18,-6.41],[67.33,-6.29],[67.33,-6.25],[67.4,-6.24],[67.4,-6.22],[67.54,-6.15],[67.61,-6.08],[67.61,-6.05],[67.65,-6.01],[67.65,-5.93],[67.69,-5.89],[67.76,-5.89],[67.87,-5.86],[67.9,-5.83],[67.9,-5.77],[67.94,-5.74],[67.94,-5.57],[67.97,-5.53],[67.97,-5.52],[68.01,-5.5],[68.12,-5.5],[68.15,-5.47],[68.15,-5.41],[68.19,-5.4],[68.26,-5.4],[68.33,-5.4],[68.33,-5.35]],[[68.05,-7.28],[68.05,-7.25],[67.97,-7.21],[67.9,-7.21],[67.83,-7.19],[67.65,-7.19],[67.47,-7.23],[67.47,-7.26],[67.43,-7.3],[67.47,-7.33],[67.47,-7.38],[67.54,-7.4],[67.61,-7.4],[67.65,-7.42],[67.65,-7.49],[67.69,-7.5],[67.83,-7.5],[67.9,-7.49],[67.94,-7.45],[68.01,-7.42],[68.01,-7.38],[68.05,-7.37],[68.05,-7.28]],[[67.36,-7.35],[67.33,-7.33],[67.33,-7.3],[67.25,-7.31],[67.25,-7.38],[67.33,-7.4],[67.33,-7.38],[67.36,-7.38],[67.36,-7.35]]]}},{"type":"Feature","properties":{"precip":20},"geometry":{"type":"Polygon","coordinates":[[[46.67,-5.5],[46.67,-5.41],[46.7,-5.4],[46.92,-5.4],[46.95,-5.45],[46.95,-5.67],[46.99,-5.67],[47.13,-5.72],[47.13,-5.77],[47.1,-5.79],[46.92,-5.79],[46.85,-5.76],[46.85,-5.64],[46.81,-5.64],[46.81,-5.6],[46.7,-5.6],[46.67,-5.57],[46.67,-5.5]]]}},{"type":"Feature","properties":{"precip":20},"geometry":{"type":"Polygon","coordinates":[[[58.04,-5.45],[58.08,-5.4],[58.15,-5.41],[58.15,-5.48],[58.08,-5.5],[58.04,-5.45]]]}},{"type":"Feature","properties":{"precip":20},"geometry":{"type":"Polygon","coordinates":[[[73.55,-5.45],[73.55,-5.41],[73.59,-5.4],[73.7,-5.4],[73.73,-5.41],[73.73,-5.48],[73.7,-5.5],[73.59,-5.5],[73.55,-5.48],[73.55,-5.45]]]}},{"type":"Feature","properties":{"precip":20},"geometry":{"type":"Polygon","coordinates":[[[19.74,-5.6],[19.74,-5.55],[19.78,-5.52],[19.85,-5.5],[19.92,-5.5],[20.03,-5.52],[20.03,-5.57],[20.07,-5.6],[20.03,-5.64],[20.03,-5.69],[19.96,-5.71],[19.96,-5.77],[19.99,-5.79],[20.07,-5.79],[20.14,-5.81],[20.14,-5.88],[20.07,-5.89],[19.92,-5.89],[19.85,-5.88],[19.85,-5.74],[19.78,-5.67],[19.74,-5.65],[19.74,-5.6]]]}},{"type":"Feature","properties":{"precip":20},"geometry":{"type":"Polygon","coordinates":[[[45.26,-5.95],[45.26,-5.65],[45.3,-5.64],[45.3,-5.6],[45.33,-5.6],[45.33,-5.71],[45.37,-5.72],[45.37,-5.77],[45.41,-5.79],[45.66,-5.79],[45.77,-5.76],[45.77,-5.72],[45.8,-5.71],[45.98,-5.71],[46.05,-5.74],[46.05,-5.77],[46.09,-5.79],[46.16,-5.79],[46.23,-5.83],[46.23,-5.95],[46.27,-5.98],[46.27,-6.05],[46.31,-6.08],[46.31,-6.12],[46.34,-6.13],[46.34,-6.15],[46.41,-6.22],[46.45,-6.25],[46.45,-6.37],[46.34,-6.46],[46.41,-6.49],[46.41,-6.51],[46.45,-6.54],[46.45,-6.75],[46.49,-6.77],[46.49,-6.8],[46.52,-6.8],[46.52,-6.77],[46.56,-6.75],[46.56,-6.63],[46.63,-6.61],[46.63,-6.66],[46.67,-6.68],[46.67,-6.78],[46.74,-6.82],[46.74,-6.94],[46.77,-6.95],[46.77,-7.01],[46.85,-7.01],[46.85,-7.13],[46.88,-7.14],[46.88,-7.19],[46.99,-7.28],[47.03,-7.3],[47.1,-7.3],[47.13,-7.31],[47.13,-7.35],[47.17,-7.38],[47.28,-7.4],[47.39,-7.4],[47.46,-7.43],[47.46,-7.49],[47.49,-7.5],[47.57,-7.5],[47.64,-7.52],[47.67,-7.55],[47.67,-7.59],[47.71,-7.61],[47.75,-7.66],[47.85,-7.71],[47.93,-7.71],[47.93,-7.74],[47.96,-7.74],[47.89,-7.78],[47.78,-7.79],[47.53,-7.79],[47.46,-7.81],[47.35,-7.81],[47.24,-7.84],[47.21,-7.88],[47.1,-7.88],[47.03,-7.9],[46.77,-7.9],[46.7,-7.88],[46.59,-7.88],[46.56,-7.86],[46.56,-7.83],[46.49,-7.79],[46.41,-7.79],[46.38,-7.74],[46.34,-7.74],[46.23,-7.64],[46.23,-7.62],[46.13,-7.54],[46.05,-7.5],[45.95,-7.5],[45.87,-7.47],[45.87,-7.45],[45.8,-7.42],[45.8,-7.38],[45.73,-7.35],[45.73,-7.33],[45.66,-7.3],[45.55,-7.28],[45.55,-7.23],[45.51,-7.21],[45.44,-7.21],[45.41,-7.19],[45.3,-7.19],[45.19,-7.16],[45.12,-7.13],[45.08,-7.07],[45.01,-7.01],[44.97,-6.94],[44.97,-6.87],[44.94,-6.77],[44.94,-6.7],[44.97,-6.66],[44.97,-6.63],[45.01,-6.61],[45.08,-6.61],[45.19,-6.51],[45.23,-6.48],[45.3,-6.41],[45.3,-6.37],[45.33,-6.34],[45.3,-6.3],[45.3,-6.27],[45.26,-6.25],[45.26,-5.95]]]}},{"type":"Feature","properties":{"precip":20},"geometry":{"type":"Polygon","coordinates":[[[86.94,-5.71],[86.94,-5.64],[86.98,-5.64],[86.98,-5.6],[87.02,-5.6],[87.05,-5.64],[87.05,-5.77],[86.98,-5.79],[86.98,-5.77],[86.94,-5.76],[86.94,-5.71]]]}},{"type":"Feature","properties":{"precip":20},"geometry":{"type":"Polygon","coordinates":[[[22.44,-5.76],[22.48,-5.71],[22.62,-5.71],[22.66,-5.74],[22.66,-5.77],[22.62,-5.79],[22.48,-5.79],[22.44,-5.76]]]}},{"type":"Feature","properties":{"precip":20},"geometry":{"type":"Polygon","coordinates":[[[23.74,-5.76],[23.77,-5.71],[23.84,-5.71],[23.84,-5.79],[23.77,-5.79],[23.74,-5.76]]]}},{"type":"Feature","properties":{"precip":20},"geometry":{"type":"Polygon","coordinates":[[[24.13,-5.86],[24.17,-5.81],[24.2,-5.79],[24.24,-5.81],[24.24,-5.89],[24.17,-5.89],[24.17,-5.88],[24.13,-5.86]]]}},{"type":"Feature","properties":{"precip":20},"geometry":{"type":"Polygon","coordinates":[[[46.92,-5.98],[46.95,-5.95],[47.06,-5.93],[47.21,-5.89],[47.64,-5.89],[47.75,-5.95],[47.75,-5.98],[47.78,-5.98],[47.85,-6.01],[47.93,-6.01],[47.93,-6.03],[47.96,-6.05],[47.96,-6.18],[48.03,-6.22],[48.03,-6.15],[48.07,-6.13],[48.07,-6.12],[48.11,-6.1],[48.18,-6.1],[48.25,-6.13],[48.25,-6.25],[48.29,-6.27],[48.29,-6.3],[48.36,-6.34],[48.36,-6.37],[48.29,-6.39],[48.29,-6.42],[48.25,-6.44],[48.25,-6.54],[48.21,-6.61],[48.14,-6.61],[48.07,-6.54],[48.0,-6.51],[48.0,-6.49],[47.96,-6.48],[47.96,-6.41],[48.03,-6.39],[48.03,-6.32],[48.0,-6.3],[47.82,-6.3],[47.75,-6.34],[47.75,-6.39],[47.71,-6.39],[47.6,-6.39],[47.57,-6.39],[47.57,-6.36],[47.49,-6.3],[47.42,-6.3],[47.31,-6.27],[47.21,-6.22],[47.17,-6.15],[47.1,-6.13],[47.1,-6.12],[47.03,-6.1],[46.88,-6.1],[46.85,-6.07],[46.88,-6.03],[46.88,-6.01],[46.92,-5.98]]]}},{"type":"Feature","properties":{"precip":20},"geometry":{"type":"Polygon","coordinates":[[[58.26,-5.95],[58.26,-5.91],[58.33,-5.89],[58.36,-5.93],[58.36,-5.98],[58.33,-5.98],[58.29,-6.01],[58.26,-6.0],[58.26,-5.95]]]}},{"type":"Feature","properties":{"precip":20},"geometry":{"type":"Polygon","coordinates":[[[29.35,-6.05],[29.35,-6.01],[29.39,-6.01],[29.5,-6.01],[29.53,-6.01],[29.53,-6.15],[29.5,-6.22],[29.39,-6.29],[29.35,-6.27],[29.35,-6.24],[29.39,-6.22],[29.39,-6.18],[29.42,-6.18],[29.42,-6.15],[29.46,-6.13],[29.42,-6.12],[29.35,-6.08],[29.35,-6.05]]]}},{"type":"Feature","properties":{"precip":20},"geometry":{"type":"Polygon","coordinates":[[[58.04,-6.05],[58.08,-6.01],[58.15,-6.01],[58.15,-6.08],[58.08,-6.1],[58.04,-6.05]]]}},{"type":"Feature","properties":{"precip":20},"geometry":{"type":"Polygon","coordinates":[[[23.95,-6.15],[23.95,-6.12],[24.02,-6.1],[24.02,-6.13],[24.06,-6.13],[24.06,-6.17],[24.02,-6.17],[24.02,-6.22],[23.95,-6.18],[23.95,-6.15]]]}},{"type":"Feature","properties":{"precip":20},"geometry":{"type":"Polygon","coordinates":[[[25.93,-6.36],[26.0,-6.3],[26.15,-6.3],[26.29,-6.37],[26.33,-6.41],[26.33,-6.58],[26.18,-6.61],[26.15,-6.63],[26.15,-6.68],[26.22,-6.7],[26.26,-6.73],[26.26,-6.77],[26.22,-6.77],[26.18,-6.8],[26.11,-6.8],[26.08,-6.77],[26.04,-6.77],[26.04,-6.73],[26.0,-6.7],[25.86,-6.7],[25.86,-6.63],[25.93,-6.58],[25.97,-6.53],[26.0,-6.51],[26.0,-6.48],[26.04,-6.46],[26.04,-6.42],[26.0,-6.39],[25.97,-6.39],[25.97,-6.37],[25.93,-6.36]]]}},{"type":"Feature","properties":{"precip":20},"geometry":{"type":"Polygon","coordinates":[[[17.11,-6.48],[17.11,-6.46],[17.22,-6.41],[17.33,-6.39],[17.44,-6.42],[17.44,-6.53],[17.47,-6.54],[17.47,-6.58],[17.51,-6.61],[17.76,-6.61],[17.83,-6.56],[17.87,-6.51],[17.94,-6.51],[18.16,-6.51],[18.23,-6.51],[18.27,-6.54],[18.27,-6.58],[18.41,-6.61],[18.45,-6.63],[18.45,-6.66],[18.48,-6.7],[18.59,-6.7],[18.63,-6.72],[18.63,-6.75],[18.66,-6.77],[18.66,-6.89],[18.81,-6.9],[18.84,-6.94],[18.84,-7.38],[18.7,-7.4],[18.52,-7.4],[18.45,-7.43],[18.45,-7.55],[18.41,-7.57],[18.41,-7.62],[18.34,-7.66],[18.23,-7.71],[18.16,-7.69],[18.16,-7.64],[18.12,-7.62],[18.05,-7.62],[18.01,-7.61],[17.83,-7.61],[17.76,-7.59],[17.62,-7.52],[17.58,-7.5],[17.58,-7.43],[17.55,-7.38],[17.55,-7.18],[17.51,-7.14],[17.51,-7.11],[17.44,-7.04],[17.4,-7.01],[17.33,-6.94],[17.33,-6.9],[17.26,-6.85],[17.26,-6.73],[17.22,-6.73],[17.22,-6.7],[17.15,-6.72],[17.15,-6.78],[17.08,-6.78],[17.08,-6.75],[17.04,-6.72],[17.04,-6.61],[17.08,-6.56],[17.08,-6.51],[17.11,-6.48]]]}},{"type":"Feature","properties":{"precip":20},"geometry":{"type":"Polygon","coordinates":[[[25.64,-6.46],[25.64,-6.42],[25.72,-6.39],[25.79,-6.39],[25.86,-6.44],[25.79,-6.51],[25.72,-6.51],[25.64,-6.46]]]}},{"type":"Feature","properties":{"precip":20},"geometry":{"type":"Polygon","coordinates":[[[56.96,-6.46],[56.96,-6.41],[57.03,-6.39],[57.14,-6.44],[57.25,-6.53],[57.25,-6.58],[57.21,-6.61],[56.85,-6.61],[56.78,-6.56],[56.74,-6.56],[56.74,-6.53],[56.78,-6.51],[56.89,-6.51],[56.96,-6.46]]]}},{"type":"Feature","properties":{"precip":20},"geometry":{"type":"Polygon","coordinates":[[[19.56,-6.7],[19.56,-6.51],[19.63,-6.51],[19.89,-6.51],[19.96,-6.54],[19.96,-6.65],[19.99,-6.66],[19.99,-6.72],[20.07,-6.75],[20.14,-6.87],[20.14,-7.01],[19.99,-7.07],[19.78,-7.11],[19.71,-7.11],[19.63,-7.09],[19.56,-7.06],[19.56,-7.01],[19.63,-6.97],[19.63,-6.92],[19.6,-6.92],[19.6,-6.89],[19.56,-6.89],[19.56,-6.7]],[[20.07,-6.95],[20.03,-6.94],[20.03,-6.9],[19.96,-6.9],[19.96,-7.01],[20.03,-7.01],[20.03,-6.97],[20.07,-6.95]]]}},{"type":"Feature","properties":{"precip":20},"geometry":{"type":"Polygon","coordinates":[[[22.26,-6.7],[22.26,-6.61],[22.33,-6.63],[22.37,-6.65],[22.37,-6.68],[22.44,-6.75],[22.44,-6.87],[22.51,-6.89],[22.51,-6.92],[22.55,-6.92],[22.55,-7.06],[22.44,-7.11],[22.37,-7.11],[22.3,-7.07],[22.26,-7.07],[22.26,-6.97],[22.23,-6.94],[22.23,-6.89],[22.15,-6.89],[22.15,-6.84],[22.23,-6.8],[22.23,-6.75],[22.26,-6.73],[22.26,-6.7]]]}},{"type":"Feature","properties":{"precip":20},"geometry":{"type":"Polygon","coordinates":[[[57.36,-6.8],[57.36,-6.75],[57.39,-6.72],[57.46,-6.7],[57.54,-6.73],[57.54,-6.89],[57.5,-6.89],[57.39,-6.89],[57.36,-6.87],[57.36,-6.8]]]}},{"type":"Feature","properties":{"precip":20},"geometry":{"type":"Polygon","coordinates":[[[57.86,-7.14],[57.86,-7.11],[57.93,-7.11],[57.93,-7.13],[57.97,-7.14],[57.93,-7.16],[57.93,-7.19],[57.86,-7.19],[57.86,-7.14]]]}},{"type":"Feature","properties":{"precip":20},"geometry":{"type":"Polygon","coordinates":[[[21.51,-7.38],[21.58,-7.31],[21.61,-7.26],[21.72,-7.21],[21.76,-7.23],[21.76,-7.38],[21.83,-7.4],[21.83,-7.47],[21.87,-7.49],[21.87,-7.52],[21.83,-7.54],[21.83,-7.57],[21.79,-7.61],[21.72,-7.61],[21.69,-7.62],[21.69,-7.64],[21.65,-7.67],[21.65,-8.05],[21.61,-8.1],[21.51,-8.1],[21.47,-8.08],[21.47,-8.05],[21.43,-8.02],[21.43,-7.93],[21.4,-7.9],[21.33,-7.9],[21.25,-7.88],[21.25,-7.81],[21.33,-7.79],[21.33,-7.74],[21.36,-7.72],[21.36,-7.57],[21.43,-7.5],[21.43,-7.45],[21.51,-7.38]]]}},{"type":"Feature","properties":{"precip":20},"geometry":{"type":"Polygon","coordinates":[[[26.44,-7.45],[26.47,-7.4],[26.54,-7.4],[26.54,-7.5],[26.47,-7.5],[26.44,-7.45]]]}},{"type":"Feature","properties":{"precip":20},"geometry":{"type":"Polygon","coordinates":[[[62.54,-7.55],[62.57,-7.5],[62.65,-7.45],[62.72,-7.42],[62.79,-7.4],[63.04,-7.4],[63.15,-7.45],[63.19,-7.5],[63.26,-7.55],[63.26,-7.57],[63.4,-7.62],[63.47,-7.67],[63.51,-7.72],[63.58,-7.76],[63.65,-7.84],[63.65,-7.88],[63.62,-7.9],[63.55,-7.9],[63.44,-7.95],[63.4,-7.98],[63.4,-8.0],[63.37,-8.02],[63.37,-8.08],[63.47,-8.17],[63.55,-8.26],[63.55,-8.36],[63.58,-8.38],[63.65,-8.38],[63.65,-8.32],[63.69,-8.31],[63.76,-8.31],[63.87,-8.36],[63.91,-8.38],[63.91,-8.41],[63.94,-8.43],[63.94,-8.5],[63.87,-8.5],[63.83,-8.55],[63.87,-8.58],[64.01,-8.61],[64.12,-8.61],[64.16,-8.61],[64.16,-8.65],[64.09,-8.7],[64.05,-8.75],[63.98,-8.79],[63.98,-8.75],[63.87,-8.72],[63.76,-8.7],[63.69,-8.7],[63.58,-8.73],[63.55,-8.77],[63.47,-8.8],[63.37,-8.79],[63.37,-8.75],[63.33,-8.73],[63.33,-8.72],[63.29,-8.7],[63.29,-8.73],[63.26,-8.73],[63.22,-8.79],[63.11,-8.8],[63.04,-8.77],[63.04,-8.73],[62.97,-8.7],[62.83,-8.7],[62.75,-8.73],[62.75,-8.75],[62.54,-8.8],[62.25,-8.8],[62.21,-8.79],[62.14,-8.79],[62.07,-8.75],[62.04,-8.75],[62.04,-8.73],[61.96,-8.7],[61.82,-8.7],[61.75,-8.65],[61.75,-8.53],[61.71,-8.5],[61.68,-8.5],[61.68,-8.48],[61.64,-8.48],[61.64,-8.43],[61.71,-8.39],[61.78,-8.39],[61.82,-8.38],[61.89,-8.32],[61.89,-8.29],[61.96,-8.22],[61.96,-8.12],[62.04,-8.1],[62.11,-8.1],[62.14,-8.07],[62.14,-7.91],[62.18,-7.86],[62.18,-7.83],[62.21,-7.78],[62.29,-7.72],[62.36,-7.69],[62.43,-7.67],[62.43,-7.66],[62.5,-7.61],[62.54,-7.59],[62.54,-7.55]]]}},{"type":"Feature","properties":{"precip":20},"geometry":{"type":"Polygon","coordinates":[[[25.36,-7.71],[25.36,-7.62],[25.39,-7.61],[25.5,-7.61],[25.54,-7.62],[25.54,-7.78],[25.5,-7.79],[25.39,-7.79],[25.36,-7.78],[25.36,-7.71]]]}},{"type":"Feature","properties":{"precip":20},"geometry":{"type":"Polygon","coordinates":[[[81.87,-8.05],[81.87,-8.0],[81.9,-8.0],[81.9,-8.1],[81.87,-8.1],[81.87,-8.05]]]}},{"type":"Feature","properties":{"precip":20},"geometry":{"type":"Polygon","coordinates":[[[61.75,-8.15],[61.75,-8.12],[61.78,-8.1],[61.82,-8.1],[61.86,-8.12],[61.86,-8.17],[61.78,-8.2],[61.75,-8.15]]]}},{"type":"Feature","properties":{"precip":20},"geometry":{"type":"Polygon","coordinates":[[[22.26,-8.24],[22.26,-8.22],[22.33,-8.2],[22.33,-8.29],[22.3,-8.31],[22.26,-8.29],[22.26,-8.24]]]}},{"type":"Feature","properties":{"precip":20},"geometry":{"type":"Polygon","coordinates":[[[71.47,-8.36],[71.47,-8.31],[71.57,-8.31],[71.68,-8.36],[71.75,-8.46],[71.75,-8.5],[71.68,-8.5],[71.61,-8.5],[71.54,-8.55],[71.57,-8.56],[71.57,-8.6],[71.65,-8.6],[71.65,-8.61],[71.72,-8.61],[71.75,-8.63],[71.75,-8.68],[71.79,-8.7],[71.9,-8.7],[71.93,-8.72],[71.93,-8.79],[71.9,-8.8],[71.79,-8.8],[71.75,-8.82],[71.75,-8.85],[71.72,-8.87],[71.65,-8.89],[71.54,-8.89],[71.39,-8.91],[71.14,-8.87],[71.07,-8.85],[71.03,-8.82],[71.0,-8.8],[70.96,-8.84],[70.96,-8.85],[70.89,-8.89],[70.85,-8.85],[70.85,-8.84],[70.96,-8.73],[71.14,-8.67],[71.14,-8.48],[71.18,-8.44],[71.18,-8.41],[71.25,-8.39],[71.39,-8.39],[71.47,-8.36]],[[71.39,-8.58],[71.32,-8.51],[71.29,-8.5],[71.25,-8.51],[71.25,-8.67],[71.32,-8.7],[71.43,-8.7],[71.43,-8.63],[71.39,-8.61],[71.39,-8.58]]]}},{"type":"Feature","properties":{"precip":20},"geometry":{"type":"Polygon","coordinates":[[[84.93,-8.36],[84.93,-8.31],[85.04,-8.31],[85.04,-8.39],[84.93,-8.39],[84.93,-8.36]]]}},{"type":"Feature","properties":{"precip":20},"geometry":{"type":"Polygon","coordinates":[[[70.96,-8.55],[70.96,-8.5],[71.03,-8.5],[71.03,-8.6],[70.96,-8.6],[70.96,-8.55]]]}},{"type":"Feature","properties":{"precip":20},"geometry":{"type":"Polygon","coordinates":[[[16.32,-8.68],[16.36,-8.63],[16.43,-8.61],[16.5,-8.61],[16.54,-8.61],[16.54,-8.87],[16.57,-8.91],[16.57,-8.99],[16.65,-9.01],[16.65,-9.08],[16.57,-9.11],[16.5,-9.11],[16.47,-9.09],[16.47,-9.04],[16.43,-9.03],[16.43,-8.99],[16.39,-8.99],[16.36,-9.03],[16.36,-9.23],[16.32,-9.25],[16.32,-9.28],[16.29,-9.3],[16.21,-9.3],[16.18,-9.28],[16.18,-9.25],[16.14,-9.23],[16.14,-9.08],[16.18,-9.04],[16.18,-8.99],[16.25,-8.97],[16.25,-8.75],[16.29,-8.73],[16.29,-8.7],[16.32,-8.68]]]}},{"type":"Feature","properties":{"precip":20},"geometry":{"type":"Polygon","coordinates":[[[18.55,-8.65],[18.55,-8.61],[18.63,-8.61],[18.66,-8.63],[18.66,-8.67],[18.63,-8.7],[18.55,-8.7],[18.55,-8.65]]]}},{"type":"Feature","properties":{"precip":20},"geometry":{"type":"Polygon","coordinates":[[[77.26,-8.85],[77.26,-8.8],[77.33,-8.8],[77.33,-8.97],[77.26,-8.99],[77.12,-8.99],[77.04,-8.97],[77.04,-8.94],[77.08,-8.91],[77.22,-8.87],[77.26,-8.85]]]}},{"type":"Feature","properties":{"precip":20},"geometry":{"type":"Polygon","coordinates":[[[82.73,-8.89],[82.73,-8.8],[82.84,-8.82],[82.84,-8.97],[82.73,-8.99],[82.73,-8.89]]]}},{"type":"Feature","properties":{"precip":20},"geometry":{"type":"Polygon","coordinates":[[[76.04,-8.96],[76.04,-8.91],[76.11,-8.89],[76.18,-8.91],[76.4,-9.09],[76.47,-9.11],[76.54,-9.08],[76.54,-9.03],[76.61,-8.99],[76.68,-8.99],[76.76,-9.03],[76.76,-9.08],[76.79,-9.11],[76.9,-9.11],[76.97,-9.15],[76.97,-9.2],[77.04,-9.16],[77.04,-9.13],[77.12,-9.11],[77.19,-9.11],[77.22,-9.11],[77.26,-9.16],[77.33,-9.2],[77.51,-9.2],[77.55,-9.21],[77.69,-9.21],[77.69,-9.23],[77.76,-9.25],[77.73,-9.27],[77.73,-9.3],[77.66,-9.3],[77.55,-9.32],[77.51,-9.37],[77.51,-9.4],[77.48,-9.44],[77.33,-9.49],[77.08,-9.49],[77.04,-9.5],[76.9,-9.5],[76.86,-9.52],[76.86,-9.56],[76.79,-9.61],[76.68,-9.61],[76.65,-9.57],[76.61,-9.54],[76.61,-9.49],[76.58,-9.5],[76.58,-9.54],[76.54,-9.57],[76.47,-9.61],[76.4,-9.61],[76.36,-9.57],[76.36,-9.54],[76.25,-9.5],[76.22,-9.49],[76.11,-9.49],[76.04,-9.47],[76.04,-9.44],[75.93,-9.4],[75.68,-9.4],[75.64,-9.38],[75.53,-9.38],[75.46,-9.37],[75.46,-9.35],[75.39,-9.3],[75.28,-9.3],[75.17,-9.27],[75.1,-9.21],[75.07,-9.2],[75.07,-9.11],[75.1,-9.11],[75.24,-9.11],[75.32,-9.08],[75.35,-9.08],[75.35,-9.04],[75.46,-9.01],[75.57,-8.99],[75.89,-8.99],[76.04,-8.97],[76.04,-8.96]]]}},{"type":"Feature","properties":{"precip":20},"geometry":{"type":"Polygon","coordinates":[[[22.05,-9.35],[22.05,-9.23],[22.08,-9.21],[22.15,-9.23],[22.23,-9.32],[22.23,-9.35],[22.26,-9.38],[22.26,-9.42],[22.23,-9.45],[22.23,-9.47],[22.19,-9.49],[22.12,-9.49],[22.05,-9.45],[22.05,-9.35]]]}},{"type":"Feature","properties":{"precip":20},"geometry":{"type":"Polygon","coordinates":[[[17.37,-9.38],[17.37,-9.32],[17.44,-9.3],[17.58,-9.3],[17.62,-9.32],[17.62,-9.35],[17.65,-9.35],[17.65,-9.47],[17.62,-9.52],[17.62,-9.57],[17.58,-9.61],[17.51,-9.68],[17.44,-9.71],[17.37,-9.68],[17.29,-9.61],[17.29,-9.59],[17.26,-9.56],[17.26,-9.52],[17.33,-9.47],[17.33,-9.44],[17.37,-9.42],[17.37,-9.38]]]}},{"type":"Feature","properties":{"precip":20},"geometry":{"type":"Polygon","coordinates":[[[52.35,-9.45],[52.35,-9.42],[52.42,-9.4],[52.46,-9.44],[52.46,-9.47],[52.42,-9.49],[52.35,-9.47],[52.35,-9.45]]]}},{"type":"Feature","properties":{"precip":20},"geometry":{"type":"Polygon","coordinates":[[[53.5,-9.47],[53.58,-9.42],[53.65,-9.4],[53.65,-9.47],[53.61,-9.47],[53.61,-9.5],[53.5,-9.59],[53.47,-9.59],[53.47,-9.5],[53.5,-9.47]]]}},{"type":"Feature","properties":{"precip":20},"geometry":{"type":"Polygon","coordinates":[[[87.27,-9.45],[87.27,-9.4],[87.3,-9.4],[87.3,-9.49],[87.27,-9.49],[87.27,-9.45]]]}},{"type":"Feature","properties":{"precip":20},"geometry":{"type":"Polygon","coordinates":[[[53.14,-9.56],[53.14,-9.52],[53.18,-9.49],[53.25,-9.5],[53.25,-9.59],[53.14,-9.59],[53.14,-9.56]]]}},{"type":"Feature","properties":{"precip":20},"geometry":{"type":"Polygon","coordinates":[[[14.85,-9.85],[14.85,-9.83],[14.92,-9.8],[15.03,-9.81],[15.06,-9.85],[14.99,-9.9],[14.92,-9.9],[14.85,-9.86],[14.85,-9.85]]]}},{"type":"Feature","properties":{"precip":20},"geometry":{"type":"Polygon","coordinates":[[[16.75,-9.85],[16.75,-9.81],[16.83,-9.8],[16.83,-9.83],[16.86,-9.83],[16.86,-9.86],[16.83,-9.9],[16.75,-9.88],[16.75,-9.85]]]}},{"type":"Feature","properties":{"precip":20},"geometry":{"type":"Polygon","coordinates":[[[81.65,-9.85],[81.65,-9.81],[81.69,-9.8],[81.69,-9.83],[81.76,-9.83],[81.76,-9.86],[81.69,-9.88],[81.65,-9.88],[81.65,-9.85]]]}},{"type":"Feature","properties":{"precip":20},"geometry":{"type":"Polygon","coordinates":[[[21.04,-9.95],[21.07,-9.9],[21.15,-9.92],[21.15,-9.98],[21.07,-10.0],[21.07,-9.97],[21.04,-9.97],[21.04,-9.95]]]}},{"type":"Feature","properties":{"precip":20},"geometry":{"type":"Polygon","coordinates":[[[14.67,-10.15],[14.67,-10.1],[14.74,-10.1],[14.74,-10.19],[14.67,-10.21],[14.67,-10.15]]]}},{"type":"Feature","properties":{"precip":20},"geometry":{"type":"Polygon","coordinates":[[[18.55,-10.34],[18.55,-10.31],[18.63,-10.31],[18.66,-10.34],[18.66,-10.36],[18.63,-10.39],[18.55,-10.39],[18.55,-10.34]]]}},{"type":"Feature","properties":{"precip":20},"geometry":{"type":"Polygon","coordinates":[[[91.84,-10.46],[91.84,-10.43],[91.84,-10.39],[91.95,-10.41],[91.95,-10.48],[91.84,-10.5],[91.84,-10.46]]]}},{"type":"Feature","properties":{"precip":20},"geometry":{"type":"Polygon","coordinates":[[[14.95,-10.55],[14.95,-10.51],[15.03,-10.5],[15.06,-10.53],[15.06,-10.58],[15.03,-10.58],[15.03,-10.6],[14.95,-10.58],[14.95,-10.55]]]}},{"type":"Feature","properties":{"precip":20},"geometry":{"type":"Polygon","coordinates":[[[86.94,-10.91],[86.94,-10.84],[86.98,-10.84],[86.98,-10.81],[87.02,-10.81],[87.05,-10.84],[87.05,-10.96],[86.98,-10.99],[86.98,-10.96],[86.94,-10.96],[86.94,-10.91]]]}},{"type":"Feature","properties":{"precip":20},"geometry":{"type":"Polygon","coordinates":[[[85.04,-11.22],[85.04,-11.18],[85.07,-11.16],[85.07,-11.13],[85.11,-11.1],[85.22,-11.1],[85.25,-11.11],[85.25,-11.15],[85.22,-11.16],[85.22,-11.2],[85.11,-11.28],[85.07,-11.3],[85.07,-11.27],[85.04,-11.23],[85.04,-11.22]]]}},{"type":"Feature","properties":{"precip":20},"geometry":{"type":"Polygon","coordinates":[[[86.84,-11.25],[86.84,-11.23],[86.84,-11.22],[86.94,-11.22],[86.94,-11.3],[86.84,-11.3],[86.84,-11.27],[86.84,-11.25]]]}},{"type":"Feature","properties":{"precip":20},"geometry":{"type":"Polygon","coordinates":[[[87.48,-11.37],[87.52,-11.34],[87.63,-11.3],[87.66,-11.34],[87.66,-11.39],[87.7,-11.4],[87.74,-11.4],[87.84,-11.44],[87.92,-11.51],[87.92,-11.56],[87.92,-11.61],[87.92,-11.76],[87.92,-11.8],[87.84,-11.78],[87.84,-11.73],[87.81,-11.69],[87.7,-11.69],[87.66,-11.69],[87.66,-11.64],[87.59,-11.59],[87.48,-11.59],[87.45,-11.56],[87.45,-11.46],[87.48,-11.37]]]}},{"type":"Feature","properties":{"precip":20},"geometry":{"type":"Polygon","coordinates":[[[87.05,-11.46],[87.05,-11.42],[87.05,-11.4],[87.16,-11.42],[87.16,-11.47],[87.09,-11.49],[87.05,-11.47],[87.05,-11.46]]]}},{"type":"Feature","properties":{"precip":20},"geometry":{"type":"Polygon","coordinates":[[[86.55,-11.59],[86.55,-11.56],[86.62,-11.51],[86.66,-11.49],[86.73,-11.51],[86.8,-11.51],[86.84,-11.54],[86.84,-11.61],[86.84,-11.63],[86.84,-11.68],[86.87,-11.69],[86.87,-11.73],[86.98,-11.76],[87.05,-11.85],[87.05,-11.95],[86.98,-12.0],[86.87,-12.0],[86.84,-12.04],[86.87,-12.09],[87.02,-12.09],[87.05,-12.11],[87.09,-12.11],[87.16,-12.14],[87.16,-12.19],[87.2,-12.19],[87.27,-12.19],[87.3,-12.21],[87.3,-12.24],[87.38,-12.24],[87.38,-12.29],[87.41,-12.31],[87.41,-12.28],[87.45,-12.26],[87.45,-12.23],[87.48,-12.19],[87.59,-12.19],[87.66,-12.17],[87.63,-12.16],[87.63,-12.12],[87.48,-12.04],[87.38,-11.97],[87.3,-11.97],[87.3,-11.93],[87.27,-11.9],[87.2,-11.9],[87.16,-11.88],[87.16,-11.83],[87.23,-11.8],[87.27,-11.8],[87.38,-11.75],[87.38,-11.69],[87.41,-11.69],[87.45,-11.73],[87.45,-11.78],[87.48,-11.8],[87.59,-11.8],[87.66,-11.83],[87.66,-11.88],[87.7,-11.9],[87.81,-11.9],[87.84,-11.93],[87.84,-11.99],[87.74,-12.0],[87.74,-12.07],[87.7,-12.07],[87.7,-12.19],[87.66,-12.21],[87.66,-12.28],[87.7,-12.33],[87.7,-12.35],[87.74,-12.38],[87.84,-12.38],[87.84,-12.35],[87.92,-12.31],[87.95,-12.36],[88.02,-12.41],[88.02,-12.45],[88.06,-12.48],[88.06,-12.53],[88.02,-12.57],[87.92,-12.6],[87.88,-12.57],[87.84,-12.57],[87.84,-12.53],[87.74,-12.5],[87.63,-12.5],[87.63,-12.48],[87.52,-12.46],[87.48,-12.43],[87.38,-12.4],[87.27,-12.4],[87.05,-12.43],[86.98,-12.45],[86.87,-12.46],[86.87,-12.5],[86.84,-12.52],[86.84,-12.57],[86.87,-12.58],[86.87,-12.62],[86.98,-12.69],[87.05,-12.76],[87.05,-12.77],[86.98,-12.81],[86.8,-12.81],[86.73,-12.77],[86.62,-12.76],[86.55,-12.67],[86.55,-12.64],[86.58,-12.6],[86.62,-12.57],[86.62,-12.5],[86.62,-12.45],[86.62,-12.43],[86.58,-12.38],[86.51,-12.33],[86.44,-12.28],[86.44,-12.24],[86.4,-12.19],[86.4,-12.17],[86.44,-12.12],[86.44,-12.09],[86.55,-12.07],[86.55,-12.04],[86.44,-12.0],[86.44,-11.93],[86.4,-11.9],[86.4,-11.85],[86.44,-11.81],[86.51,-11.8],[86.55,-11.81],[86.55,-11.87],[86.62,-11.9],[86.66,-11.9],[86.76,-11.95],[86.76,-11.99],[86.8,-12.0],[86.84,-11.99],[86.84,-11.83],[86.76,-11.76],[86.76,-11.75],[86.62,-11.69],[86.58,-11.69],[86.55,-11.66],[86.55,-11.59]]]}},{"type":"Feature","properties":{"precip":20},"geometry":{"type":"Polygon","coordinates":[[[88.45,-11.64],[88.45,-11.61],[88.53,-11.59],[88.53,-11.64],[88.56,-11.66],[88.56,-11.73],[88.53,-11.75],[88.53,-11.78],[88.49,-11.8],[88.24,-11.8],[88.17,-11.78],[88.17,-11.73],[88.17,-11.69],[88.35,-11.69],[88.38,-11.68],[88.45,-11.68],[88.45,-11.64]]]}},{"type":"Feature","properties":{"precip":20},"geometry":{"type":"Polygon","coordinates":[[[50.44,-11.8],[50.44,-11.75],[50.52,-11.69],[50.59,-11.73],[50.62,-11.75],[50.7,-11.78],[50.77,-11.87],[50.8,-11.9],[50.8,-11.93],[50.84,-11.95],[50.84,-11.97],[50.77,-12.02],[50.77,-12.07],[50.8,-12.07],[50.84,-12.12],[50.84,-12.17],[50.8,-12.19],[50.7,-12.19],[50.66,-12.17],[50.66,-12.09],[50.62,-12.07],[50.62,-12.04],[50.55,-11.95],[50.48,-11.9],[50.48,-11.85],[50.44,-11.83],[50.44,-11.8]]]}},{"type":"Feature","properties":{"precip":20},"geometry":{"type":"Polygon","coordinates":[[[80.75,-11.75],[80.79,-11.73],[80.9,-11.69],[81.22,-11.69],[81.26,-11.73],[81.36,-11.75],[81.36,-11.76],[81.47,-11.8],[81.76,-11.8],[81.83,-11.81],[81.9,-11.81],[82.05,-11.83],[82.05,-11.87],[82.12,-11.9],[82.3,-11.9],[82.34,-11.93],[82.44,-11.95],[82.52,-12.0],[82.52,-12.04],[82.52,-12.05],[82.52,-12.07],[82.52,-12.09],[82.44,-12.09],[82.34,-12.11],[82.3,-12.14],[82.41,-12.19],[82.52,-12.19],[82.52,-12.21],[82.52,-12.24],[82.52,-12.28],[82.52,-12.31],[82.44,-12.36],[82.34,-12.4],[82.3,-12.4],[82.23,-12.45],[82.23,-12.48],[82.19,-12.48],[82.12,-12.45],[82.12,-12.43],[82.08,-12.4],[81.98,-12.4],[81.98,-12.36],[81.9,-12.36],[81.9,-12.33],[81.87,-12.31],[81.8,-12.28],[81.8,-12.26],[81.69,-12.23],[81.65,-12.19],[81.65,-12.17],[81.65,-12.14],[81.58,-12.11],[81.58,-12.14],[81.54,-12.17],[81.44,-12.19],[81.4,-12.19],[81.36,-12.19],[81.36,-12.14],[81.26,-12.11],[81.22,-12.09],[81.11,-12.09],[81.04,-12.07],[81.04,-12.05],[81.0,-12.04],[81.0,-11.95],[80.93,-11.83],[80.79,-11.78],[80.75,-11.78],[80.75,-11.75]]]}},{"type":"Feature","properties":{"precip":20},"geometry":{"type":"Polygon","coordinates":[[[88.96,-11.75],[88.96,-11.69],[89.03,-11.69],[89.03,-11.73],[89.03,-11.76],[89.03,-11.8],[88.96,-11.8],[88.96,-11.75]]]}},{"type":"Feature","properties":{"precip":20},"geometry":{"type":"Polygon","coordinates":[[[14.34,-12.05],[14.34,-11.95],[14.41,-11.9],[14.49,-11.9],[14.52,-11.93],[14.52,-11.95],[14.56,-11.97],[14.56,-12.12],[14.52,-12.16],[14.52,-12.19],[14.49,-12.19],[14.41,-12.19],[14.34,-12.16],[14.34,-12.05]]]}},{"type":"Feature","properties":{"precip":20},"geometry":{"type":"Polygon","coordinates":[[[87.92,-12.09],[87.92,-12.07],[87.95,-12.02],[88.06,-12.0],[88.13,-12.04],[88.24,-12.14],[88.24,-12.19],[88.17,-12.19],[88.02,-12.19],[87.92,-12.17],[87.92,-12.09]]]}},{"type":"Feature","properties":{"precip":20},"geometry":{"type":"Polygon","coordinates":[[[82.66,-12.19],[82.66,-12.12],[82.73,-12.09],[82.84,-12.12],[82.84,-12.28],[82.73,-12.31],[82.66,-12.28],[82.66,-12.19]]]}},{"type":"Feature","properties":{"precip":20},"geometry":{"type":"Polygon","coordinates":[[[90.25,-12.16],[90.25,-12.12],[90.33,-12.09],[90.43,-12.11],[90.43,-12.19],[90.4,-12.19],[90.33,-12.19],[90.25,-12.19],[90.25,-12.16]]]}},{"type":"Feature","properties":{"precip":20},"geometry":{"type":"Polygon","coordinates":[[[91.15,-12.24],[91.15,-12.21],[91.19,-12.19],[91.26,-12.23],[91.26,-12.28],[91.19,-12.28],[91.19,-12.31],[91.15,-12.29],[91.15,-12.24]]]}},{"type":"Feature","properties":{"precip":20},"geometry":{"type":"Polygon","coordinates":[[[14.16,-12.45],[14.16,-12.41],[14.2,-12.4],[14.23,-12.41],[14.23,-12.5],[14.16,-12.5],[14.16,-12.45]]]}},{"type":"Feature","properties":{"precip":20},"geometry":{"type":"Polygon","coordinates":[[[50.95,-12.45],[50.95,-12.41],[51.02,-12.4],[51.06,-12.43],[51.06,-12.48],[50.95,-12.48],[50.95,-12.45]]]}},{"type":"Feature","properties":{"precip":20},"geometry":{"type":"Polygon","coordinates":[[[88.17,-12.46],[88.28,-12.43],[88.35,-12.41],[88.45,-12.41],[88.53,-12.45],[88.6,-12.55],[88.6,-12.57],[88.49,-12.6],[88.31,-12.6],[88.17,-12.57],[88.17,-12.52],[88.17,-12.46]]]}},{"type":"Feature","properties":{"precip":20},"geometry":{"type":"Polygon","coordinates":[[[89.35,-12.45],[89.35,-12.41],[89.43,-12.4],[89.43,-12.43],[89.46,-12.43],[89.46,-12.46],[89.43,-12.48],[89.35,-12.48],[89.35,-12.45]]]}},{"type":"Feature","properties":{"precip":20},"geometry":{"type":"Polygon","coordinates":[[[32.56,-12.6],[32.56,-12.52],[32.59,-12.5],[32.63,-12.52],[32.63,-12.57],[32.66,-12.57],[32.66,-12.62],[32.63,-12.64],[32.63,-12.69],[32.56,-12.69],[32.56,-12.6]]]}},{"type":"Feature","properties":{"precip":20},"geometry":{"type":"Polygon","coordinates":[[[75.82,-12.57],[75.89,-12.53],[76.04,-12.5],[76.14,-12.5],[76.22,-12.52],[76.25,-12.55],[76.25,-12.67],[76.25,-12.69],[76.25,-12.7],[76.32,-12.7],[76.32,-12.79],[76.25,-12.81],[76.25,-12.82],[76.22,-12.86],[76.22,-12.89],[76.14,-12.86],[76.14,-12.82],[76.04,-12.81],[75.96,-12.81],[75.89,-12.79],[75.78,-12.69],[75.78,-12.62],[75.82,-12.57]]]}},{"type":"Feature","properties":{"precip":20},"geometry":{"type":"Polygon","coordinates":[[[84.64,-12.76],[84.64,-12.74],[84.68,-12.7],[84.82,-12.69],[84.89,-12.7],[84.93,-12.74],[84.93,-12.76],[84.86,-12.81],[84.71,-12.81],[84.64,-12.76]]]}},{"type":"Feature","properties":{"precip":20},"geometry":{"type":"Polygon","coordinates":[[[51.16,-12.84],[51.16,-12.81],[51.2,-12.81],[51.27,-12.81],[51.34,-12.81],[51.34,-12.88],[51.27,-12.89],[51.27,-12.91],[51.16,-12.89],[51.16,-12.84]]]}},{"type":"Feature","properties":{"precip":20},"geometry":{"type":"Polygon","coordinates":[[[90.94,-12.84],[90.97,-12.81],[91.05,-12.81],[91.05,-12.89],[90.97,-12.91],[90.97,-12.88],[90.94,-12.88],[90.94,-12.84]]]}},{"type":"Feature","properties":{"precip":20},"geometry":{"type":"Polygon","coordinates":[[[85.32,-13.06],[85.32,-13.01],[85.36,-13.0],[85.47,-13.05],[85.43,-13.06],[85.43,-13.1],[85.32,-13.08],[85.32,-13.06]]]}},{"type":"Feature","properties":{"precip":20},"geometry":{"type":"Polygon","coordinates":[[[89.14,-13.25],[89.21,-13.2],[89.32,-13.2],[89.35,-13.23],[89.35,-13.27],[89.32,-13.3],[89.21,-13.3],[89.14,-13.25]]]}},{"type":"Feature","properties":{"precip":20},"geometry":{"type":"Polygon","coordinates":[[[90.25,-13.3],[90.25,-13.2],[90.29,-13.2],[90.33,-13.23],[90.33,-13.27],[90.4,-13.3],[90.43,-13.32],[90.43,-13.39],[90.4,-13.41],[90.29,-13.41],[90.25,-13.42],[90.25,-13.49],[90.33,-13.51],[90.33,-13.54],[90.33,-13.56],[90.33,-13.65],[90.33,-13.66],[90.33,-13.68],[90.29,-13.7],[90.22,-13.7],[90.18,-13.68],[90.18,-13.66],[90.11,-13.65],[90.11,-13.53],[90.07,-13.49],[90.04,-13.44],[90.11,-13.41],[90.18,-13.41],[90.25,-13.35],[90.25,-13.3]]]}},{"type":"Feature","properties":{"precip":20},"geometry":{"type":"Polygon","coordinates":[[[86.55,-13.41],[86.55,-13.34],[86.58,-13.32],[86.58,-13.3],[86.62,-13.3],[86.62,-13.32],[86.62,-13.37],[86.66,-13.41],[86.76,-13.41],[86.84,-13.44],[86.94,-13.53],[86.94,-13.58],[86.87,-13.59],[86.8,-13.59],[86.76,-13.58],[86.76,-13.54],[86.66,-13.51],[86.62,-13.49],[86.55,-13.46],[86.55,-13.41]]]}},{"type":"Feature","properties":{"precip":20},"geometry":{"type":"Polygon","coordinates":[[[90.87,-13.44],[90.87,-13.41],[90.94,-13.41],[90.94,-13.49],[90.87,-13.49],[90.87,-13.44]]]}},{"type":"Feature","properties":{"precip":20},"geometry":{"type":"Polygon","coordinates":[[[33.85,-13.68],[33.85,-13.63],[33.89,-13.59],[33.92,-13.59],[33.92,-13.65],[33.96,-13.66],[33.96,-13.77],[34.0,-13.78],[34.0,-13.8],[34.03,-13.82],[34.03,-13.89],[33.96,-13.87],[33.89,-13.8],[33.89,-13.77],[33.85,-13.71],[33.85,-13.68]]]}},{"type":"Feature","properties":{"precip":20},"geometry":{"type":"Polygon","coordinates":[[[90.72,-13.78],[90.76,-13.73],[90.87,-13.7],[90.97,-13.7],[91.05,-13.73],[91.05,-13.87],[90.94,-13.9],[90.72,-13.9],[90.65,-13.89],[90.65,-13.83],[90.72,-13.78]]]}},{"type":"Feature","properties":{"precip":20},"geometry":{"type":"Polygon","coordinates":[[[92.05,-13.75],[92.05,-13.71],[92.05,-13.7],[92.2,-13.7],[92.23,-13.71],[92.23,-13.78],[92.2,-13.8],[92.05,-13.8],[92.05,-13.78],[92.05,-13.75]]]}},{"type":"Feature","properties":{"precip":20},"geometry":{"type":"Polygon","coordinates":[[[92.34,-13.75],[92.34,-13.71],[92.38,-13.7],[92.45,-13.71],[92.45,-13.78],[92.38,-13.8],[92.34,-13.78],[92.34,-13.75]]]}},{"type":"Feature","properties":{"precip":20},"geometry":{"type":"Polygon","coordinates":[[[33.74,-14.0],[33.74,-13.94],[33.78,-13.94],[33.78,-13.9],[33.82,-13.9],[33.85,-13.94],[33.85,-14.07],[33.78,-14.07],[33.74,-14.06],[33.74,-14.0]]]}},{"type":"Feature","properties":{"precip":20},"geometry":{"type":"Polygon","coordinates":[[[90.11,-14.16],[90.11,-14.02],[90.18,-14.0],[90.25,-14.04],[90.33,-14.12],[90.33,-14.18],[90.29,-14.19],[90.29,-14.23],[90.22,-14.3],[90.11,-14.28],[90.11,-14.16]]]}},{"type":"Feature","properties":{"precip":20},"geometry":{"type":"Polygon","coordinates":[[[90.65,-14.09],[90.65,-14.04],[90.69,-14.0],[90.72,-14.0],[90.72,-14.04],[90.76,-14.06],[90.76,-14.16],[90.72,-14.18],[90.72,-14.19],[90.65,-14.18],[90.65,-14.09]]]}},{"type":"Feature","properties":{"precip":20},"geometry":{"type":"Polygon","coordinates":[[[33.56,-14.35],[33.56,-14.3],[33.64,-14.3],[33.64,-14.4],[33.56,-14.4],[33.56,-14.35]]]}},{"type":"Feature","properties":{"precip":20},"geometry":{"type":"Polygon","coordinates":[[[34.32,-14.5],[34.36,-14.42],[34.43,-14.42],[34.46,-14.43],[34.5,-14.52],[34.57,-14.55],[34.57,-14.57],[34.64,-14.6],[34.72,-14.6],[34.75,-14.64],[34.75,-14.78],[34.68,-14.79],[34.68,-14.83],[34.64,-14.84],[34.64,-14.95],[34.68,-14.96],[34.68,-15.0],[34.72,-15.0],[34.75,-15.03],[34.75,-15.17],[34.64,-15.2],[34.57,-15.17],[34.57,-15.12],[34.54,-15.05],[34.54,-14.67],[34.5,-14.62],[34.5,-14.59],[34.46,-14.59],[34.46,-14.62],[34.43,-14.67],[34.43,-14.69],[34.36,-14.67],[34.28,-14.59],[34.28,-14.5],[34.32,-14.5]]]}},{"type":"Feature","properties":{"precip":20},"geometry":{"type":"Polygon","coordinates":[[[34.64,-15.44],[34.64,-15.41],[34.72,-15.41],[34.75,-15.41],[34.75,-15.49],[34.72,-15.51],[34.64,-15.48],[34.64,-15.44]]]}},{"type":"Feature","properties":{"precip":20},"geometry":{"type":"Polygon","coordinates":[[[34.86,-16.25],[34.9,-16.2],[35.0,-16.2],[35.04,-16.23],[35.04,-16.28],[35.0,-16.3],[34.9,-16.3],[34.86,-16.28],[34.86,-16.25]]]}},{"type":"Feature","properties":{"precip":20},"geometry":{"type":"Polygon","coordinates":[[[62.47,-17.1],[62.47,-17.02],[62.54,-17.02],[62.54,-17.19],[62.47,-17.19],[62.47,-17.1]]]}},{"type":"Feature","properties":{"precip":20},"geometry":{"type":"Polygon","coordinates":[[[48.86,-25.35],[48.86,-25.32],[48.9,-25.3],[49.01,-25.3],[49.04,-25.32],[49.04,-25.38],[49.01,-25.4],[48.9,-25.4],[48.86,-25.38],[48.86,-25.35]]]}},{"type":"Feature","properties":{"precip":20},"geometry":{"type":"Polygon","coordinates":[[[48.61,-25.79],[48.65,-25.73],[48.72,-25.68],[48.75,-25.64],[48.83,-25.61],[48.86,-25.61],[48.83,-25.66],[48.75,-25.78],[48.5,-25.98],[48.47,-25.98],[48.47,-25.93],[48.5,-25.91],[48.5,-25.88],[48.61,-25.79]]]}},{"type":"Feature","properties":{"precip":20},"geometry":{"type":"Polygon","coordinates":[[[88.81,-32.61],[88.81,-32.54],[88.89,-32.5],[88.99,-32.5],[89.03,-32.52],[89.03,-32.55],[89.03,-32.59],[89.03,-32.62],[89.03,-32.64],[89.03,-32.67],[88.96,-32.71],[88.81,-32.66],[88.81,-32.61]]]}},{"type":"Feature","properties":{"precip":20},"geometry":{"type":"Polygon","coordinates":[[[89.14,-32.66],[89.14,-32.62],[89.17,-32.62],[89.17,-32.61],[89.25,-32.61],[89.25,-32.69],[89.17,-32.71],[89.17,-32.67],[89.14,-32.66]]]}},{"type":"Feature","properties":{"precip":20},"geometry":{"type":"Polygon","coordinates":[[[89.35,-32.71],[89.35,-32.62],[89.39,-32.61],[89.43,-32.61],[89.43,-32.64],[89.46,-32.66],[89.46,-32.73],[89.43,-32.76],[89.43,-32.79],[89.35,-32.78],[89.35,-32.71]]]}},{"type":"Feature","properties":{"precip":20},"geometry":{"type":"Polygon","coordinates":[[[89.53,-32.74],[89.61,-32.71],[89.79,-32.71],[89.86,-32.73],[89.86,-32.76],[89.82,-32.76],[89.79,-32.79],[89.61,-32.79],[89.53,-32.74]]]}},{"type":"Feature","properties":{"precip":20},"geometry":{"type":"Polygon","coordinates":[[[89.97,-32.74],[89.97,-32.71],[90.04,-32.71],[90.04,-32.79],[89.97,-32.79],[89.97,-32.74]]]}},{"type":"Feature","properties":{"precip":20},"geometry":{"type":"Polygon","coordinates":[[[36.3,-33.38],[36.41,-33.31],[36.48,-33.31],[36.51,-33.32],[36.51,-33.34],[36.55,-33.39],[36.55,-33.56],[36.59,-33.58],[36.59,-33.6],[36.62,-33.62],[36.62,-33.7],[36.59,-33.72],[36.51,-33.79],[36.44,-33.8],[36.37,-33.77],[36.37,-33.73],[36.33,-33.7],[36.33,-33.6],[36.26,-33.58],[36.26,-33.44],[36.3,-33.41],[36.3,-33.38]]]}},{"type":"Feature","properties":{"precip":20},"geometry":{"type":"Polygon","coordinates":[[[36.95,-33.34],[36.95,-33.32],[36.98,-33.31],[37.05,-33.32],[37.05,-33.38],[37.02,-33.39],[36.95,-33.38],[36.95,-33.34]]]}},{"type":"Feature","properties":{"precip":20},"geometry":{"type":"Polygon","coordinates":[[[94.0,-33.34],[94.07,-33.34],[94.07,-33.31],[94.18,-33.31],[94.21,-33.34],[94.29,-33.36],[94.29,-33.39],[94.32,-33.39],[94.32,-33.34],[94.39,-33.32],[94.39,-33.31],[94.5,-33.31],[94.57,-33.34],[94.57,-33.39],[94.65,-33.36],[94.65,-33.34],[94.75,-33.31],[95.08,-33.31],[95.15,-33.34],[95.15,-33.46],[95.19,-33.46],[95.19,-33.5],[95.26,-33.5],[95.37,-33.55],[95.37,-33.58],[95.44,-33.62],[95.44,-33.68],[95.4,-33.7],[95.29,-33.75],[95.29,-33.77],[95.22,-33.8],[95.08,-33.8],[95.04,-33.84],[95.04,-33.87],[94.86,-33.91],[94.75,-33.85],[94.72,-33.84],[94.72,-33.8],[94.65,-33.8],[94.65,-33.84],[94.65,-33.87],[94.61,-33.87],[94.54,-33.91],[94.43,-33.91],[94.32,-33.84],[94.32,-33.8],[94.29,-33.8],[94.29,-33.84],[94.21,-33.84],[94.21,-33.87],[94.14,-33.91],[94.0,-33.85],[94.0,-33.82],[93.96,-33.82],[93.96,-33.87],[93.89,-33.91],[93.85,-33.91],[93.78,-33.87],[93.75,-33.84],[93.75,-33.72],[93.67,-33.7],[93.64,-33.7],[93.57,-33.67],[93.57,-33.65],[93.46,-33.56],[93.46,-33.53],[93.57,-33.41],[93.67,-33.46],[93.67,-33.48],[93.75,-33.46],[93.75,-33.44],[93.85,-33.39],[93.93,-33.41],[93.96,-33.46],[93.96,-33.48],[94.0,-33.5],[94.11,-33.5],[94.14,-33.48],[94.14,-33.41],[94.07,-33.39],[94.07,-33.36],[94.0,-33.34]],[[94.54,-33.46],[94.54,-33.41],[94.5,-33.39],[94.43,-33.41],[94.43,-33.5],[94.54,-33.48],[94.54,-33.46]],[[94.86,-33.46],[94.86,-33.44],[94.83,-33.44],[94.83,-33.39],[94.75,-33.41],[94.75,-33.48],[94.79,-33.5],[94.86,-33.46]]]}},{"type":"Feature","properties":{"precip":20},"geometry":{"type":"Polygon","coordinates":[[[35.44,-33.55],[35.47,-33.53],[35.47,-33.5],[35.54,-33.51],[35.54,-33.58],[35.51,-33.6],[35.44,-33.55]]]}},{"type":"Feature","properties":{"precip":20},"geometry":{"type":"Polygon","coordinates":[[[95.51,-33.65],[95.51,-33.62],[95.58,-33.6],[95.65,-33.62],[95.65,-33.68],[95.58,-33.7],[95.51,-33.68],[95.51,-33.65]]]}},{"type":"Feature","properties":{"precip":20},"geometry":{"type":"Polygon","coordinates":[[[95.73,-33.75],[95.73,-33.72],[95.83,-33.72],[95.83,-33.8],[95.73,-33.79],[95.73,-33.75]]]}},{"type":"Feature","properties":{"precip":20},"geometry":{"type":"Polygon","coordinates":[[[95.44,-33.84],[95.47,-33.8],[95.51,-33.82],[95.51,-33.89],[95.47,-33.91],[95.47,-33.87],[95.44,-33.87],[95.44,-33.84]]]}},{"type":"Feature","properties":{"precip":20},"geometry":{"type":"Polygon","coordinates":[[[36.51,-33.97],[36.59,-33.91],[36.62,-33.92],[36.62,-33.96],[36.66,-33.99],[36.66,-34.35],[36.73,-34.4],[36.73,-34.47],[36.77,-34.5],[36.73,-34.52],[36.73,-34.59],[36.66,-34.59],[36.66,-34.52],[36.62,-34.5],[36.55,-34.5],[36.48,-34.54],[36.33,-34.66],[36.33,-34.68],[36.26,-34.69],[36.15,-34.66],[36.08,-34.57],[36.08,-34.54],[36.05,-34.49],[36.05,-34.4],[36.08,-34.35],[36.08,-34.32],[36.15,-34.23],[36.26,-34.21],[36.33,-34.21],[36.41,-34.18],[36.44,-34.18],[36.44,-34.08],[36.48,-34.06],[36.48,-34.01],[36.51,-33.97]],[[36.37,-34.37],[36.33,-34.33],[36.26,-34.32],[36.23,-34.33],[36.23,-34.37],[36.15,-34.44],[36.15,-34.54],[36.19,-34.57],[36.26,-34.59],[36.33,-34.57],[36.37,-34.52],[36.41,-34.5],[36.41,-34.47],[36.44,-34.45],[36.44,-34.44],[36.37,-34.37]]]}},{"type":"Feature","properties":{"precip":20},"geometry":{"type":"Polygon","coordinates":[[[35.87,-34.06],[35.87,-34.01],[35.94,-34.01],[35.94,-34.08],[35.87,-34.09],[35.87,-34.06]]]}},{"type":"Feature","properties":{"precip":20},"geometry":{"type":"Polygon","coordinates":[[[37.56,-34.35],[37.56,-34.32],[37.63,-34.32],[37.63,-34.4],[37.56,-34.39],[37.56,-34.35]]]}},{"type":"Feature","properties":{"precip":20},"geometry":{"type":"Polygon","coordinates":[[[37.05,-34.95],[37.05,-34.93],[37.13,-34.9],[37.2,-34.9],[37.23,-34.92],[37.23,-34.98],[37.2,-35.0],[37.13,-35.0],[37.05,-34.97],[37.05,-34.95]]]}},{"type":"Feature","properties":{"precip":20},"geometry":{"type":"Polygon","coordinates":[[[36.84,-35.09],[36.84,-35.07],[36.87,-35.05],[36.87,-35.0],[36.91,-35.0],[36.95,-35.04],[36.95,-35.17],[37.02,-35.19],[37.02,-35.24],[37.05,-35.27],[37.05,-35.45],[36.98,-35.5],[36.84,-35.5],[36.77,-35.46],[36.73,-35.45],[36.8,-35.38],[36.84,-35.38],[36.84,-35.33],[36.77,-35.29],[36.77,-35.22],[36.84,-35.19],[36.84,-35.09]]]}},{"type":"Feature","properties":{"precip":20},"geometry":{"type":"Polygon","coordinates":[[[36.44,-35.31],[36.44,-35.24],[36.48,-35.22],[36.48,-35.19],[36.51,-35.19],[36.55,-35.22],[36.55,-35.38],[36.51,-35.39],[36.44,-35.36],[36.44,-35.31]]]}},{"type":"Feature","properties":{"precip":20},"geometry":{"type":"Polygon","coordinates":[[[37.95,-35.39],[37.95,-35.33],[38.03,-35.31],[38.03,-35.34],[38.06,-35.36],[38.06,-35.45],[38.03,-35.45],[38.03,-35.5],[37.95,-35.48],[37.95,-35.39]]]}},{"type":"Feature","properties":{"precip":20},"geometry":{"type":"Polygon","coordinates":[[[-1.96,-35.5],[-1.96,-35.46],[-1.93,-35.45],[-1.93,-35.41],[-1.89,-35.39],[-1.89,-35.43],[-1.86,-35.43],[-1.86,-35.57],[-1.93,-35.6],[-1.93,-35.57],[-1.96,-35.55],[-1.96,-35.5]]]}},{"type":"Feature","properties":{"precip":20},"geometry":{"type":"Polygon","coordinates":[[[95.26,-35.45],[95.26,-35.41],[95.29,-35.41],[95.29,-35.45],[95.37,-35.45],[95.29,-35.46],[95.29,-35.5],[95.26,-35.5],[95.26,-35.45]]]}},{"type":"Feature","properties":{"precip":20},"geometry":{"type":"Polygon","coordinates":[[[-4.95,-35.55],[-4.95,-35.51],[-4.88,-35.5],[-4.84,-35.53],[-4.84,-35.57],[-4.88,-35.58],[-4.95,-35.58],[-4.95,-35.55]]]}},{"type":"Feature","properties":{"precip":20},"geometry":{"type":"Polygon","coordinates":[[[-4.59,-35.57],[-4.55,-35.53],[-4.48,-35.5],[-4.45,-35.51],[-4.45,-35.57],[-4.48,-35.6],[-4.55,-35.63],[-4.55,-35.67],[-4.52,-35.67],[-4.48,-35.69],[-4.48,-35.72],[-4.45,-35.77],[-4.45,-35.89],[-4.48,-35.91],[-4.55,-35.86],[-4.63,-35.79],[-4.63,-35.75],[-4.66,-35.72],[-4.66,-35.69],[-4.63,-35.67],[-4.63,-35.6],[-4.59,-35.57]]]}},{"type":"Feature","properties":{"precip":20},"geometry":{"type":"Polygon","coordinates":[[[95.73,-35.55],[95.73,-35.51],[95.83,-35.5],[95.83,-35.58],[95.73,-35.58],[95.73,-35.55]]]}},{"type":"Feature","properties":{"precip":20},"geometry":{"type":"Polygon","coordinates":[[[33.96,-35.72],[34.0,-35.69],[34.07,-35.62],[34.14,-35.6],[34.14,-35.67],[34.18,-35.69],[34.32,-35.7],[34.32,-35.74],[34.36,-35.75],[34.36,-35.82],[34.32,-35.86],[34.32,-35.89],[34.25,-35.96],[34.18,-36.01],[34.14,-36.01],[34.07,-36.03],[34.07,-36.13],[34.03,-36.18],[34.03,-36.23],[34.0,-36.28],[34.0,-36.32],[33.92,-36.4],[33.89,-36.4],[33.82,-36.4],[33.74,-36.34],[33.74,-36.15],[33.82,-36.1],[33.89,-36.1],[33.96,-36.06],[33.96,-36.03],[33.92,-36.03],[33.92,-36.01],[33.85,-35.98],[33.85,-35.87],[33.89,-35.82],[33.96,-35.72]]]}},{"type":"Feature","properties":{"precip":20},"geometry":{"type":"Polygon","coordinates":[[[34.61,-35.69],[34.68,-35.62],[34.72,-35.6],[34.75,-35.62],[34.75,-35.7],[34.72,-35.74],[34.72,-35.79],[34.64,-35.84],[34.64,-35.87],[34.57,-35.91],[34.54,-35.87],[34.54,-35.82],[34.57,-35.79],[34.57,-35.74],[34.61,-35.7],[34.61,-35.69]]]}},{"type":"Feature","properties":{"precip":20},"geometry":{"type":"Polygon","coordinates":[[[36.33,-35.65],[36.37,-35.63],[36.37,-35.6],[36.44,-35.6],[36.44,-35.69],[36.37,-35.69],[36.37,-35.67],[36.33,-35.65]]]}},{"type":"Feature","properties":{"precip":20},"geometry":{"type":"Polygon","coordinates":[[[-4.34,-35.84],[-4.34,-35.72],[-4.27,-35.7],[-4.27,-35.82],[-4.23,-35.84],[-4.23,-35.89],[-4.16,-35.93],[-4.16,-36.04],[-4.12,-36.06],[-4.12,-36.1],[-4.09,-36.1],[-4.05,-36.13],[-4.05,-36.16],[-4.19,-36.28],[-4.23,-36.3],[-4.23,-36.25],[-4.27,-36.2],[-4.27,-36.01],[-4.34,-35.98],[-4.34,-35.84]]]}},{"type":"Feature","properties":{"precip":20},"geometry":{"type":"Polygon","coordinates":[[[36.33,-36.01],[36.37,-35.96],[36.37,-35.91],[36.44,-35.93],[36.44,-36.08],[36.41,-36.1],[36.37,-36.08],[36.37,-36.04],[36.33,-36.03],[36.33,-36.01]]]}},{"type":"Feature","properties":{"precip":20},"geometry":{"type":"Polygon","coordinates":[[[35.87,-36.1],[35.87,-36.01],[35.9,-36.01],[36.05,-36.13],[36.05,-36.2],[35.94,-36.2],[35.87,-36.18],[35.87,-36.1]]]}},{"type":"Feature","properties":{"precip":20},"geometry":{"type":"Polygon","coordinates":[[[-3.94,-36.3],[-3.94,-36.23],[-3.91,-36.2],[-3.83,-36.2],[-3.76,-36.23],[-3.69,-36.3],[-3.69,-36.37],[-3.65,-36.44],[-3.65,-36.64],[-3.69,-36.68],[-3.73,-36.7],[-3.73,-36.68],[-3.76,-36.66],[-3.76,-36.54],[-3.8,-36.52],[-3.8,-36.49],[-3.83,-36.44],[-3.91,-36.42],[-3.98,-36.46],[-3.98,-36.49],[-4.05,-36.54],[-4.12,-36.59],[-4.16,-36.56],[-4.16,-36.46],[-4.12,-36.44],[-4.12,-36.42],[-4.09,-36.4],[-4.01,-36.4],[-3.98,-36.4],[-3.98,-36.35],[-3.94,-36.34],[-3.94,-36.3]]]}},{"type":"Feature","properties":{"precip":20},"geometry":{"type":"Polygon","coordinates":[[[34.97,-36.35],[34.97,-36.3],[35.0,-36.3],[35.04,-36.3],[35.04,-36.4],[34.97,-36.4],[34.97,-36.35]]]}},{"type":"Feature","properties":{"precip":20},"geometry":{"type":"Polygon","coordinates":[[[-3.47,-36.59],[-3.47,-36.54],[-3.4,-36.51],[-3.37,-36.52],[-3.37,-36.68],[-3.4,-36.7],[-3.51,-36.7],[-3.55,-36.68],[-3.55,-36.64],[-3.47,-36.59]]]}},{"type":"Feature","properties":{"precip":20},"geometry":{"type":"Polygon","coordinates":[[[31.66,-36.56],[31.66,-36.52],[31.69,-36.51],[31.8,-36.51],[31.84,-36.52],[31.84,-36.59],[31.8,-36.59],[31.69,-36.59],[31.66,-36.59],[31.66,-36.56]]]}},{"type":"Feature","properties":{"precip":20},"geometry":{"type":"Polygon","coordinates":[[[33.42,-36.68],[33.46,-36.63],[33.53,-36.61],[33.56,-36.66],[33.56,-36.8],[33.64,-36.8],[33.64,-37.0],[33.67,-37.04],[33.67,-37.07],[33.82,-37.11],[33.92,-37.11],[33.92,-37.14],[33.96,-37.17],[33.96,-37.29],[33.92,-37.33],[33.92,-37.4],[33.85,-37.41],[33.85,-37.57],[33.78,-37.6],[33.74,-37.57],[33.74,-37.53],[33.64,-37.5],[33.49,-37.5],[33.38,-37.47],[33.31,-37.41],[33.24,-37.33],[33.24,-37.21],[33.17,-37.17],[33.17,-36.92],[33.24,-36.92],[33.24,-37.04],[33.28,-37.05],[33.28,-37.09],[33.31,-37.11],[33.31,-37.07],[33.35,-37.05],[33.35,-36.8],[33.38,-36.78],[33.38,-36.68],[33.42,-36.68]]]}},{"type":"Feature","properties":{"precip":20},"geometry":{"type":"Polygon","coordinates":[[[-3.15,-36.95],[-3.15,-36.92],[-3.08,-36.9],[-3.04,-36.93],[-3.04,-36.97],[-3.12,-37.0],[-3.15,-36.99],[-3.15,-36.95]]]}},{"type":"Feature","properties":{"precip":20},"geometry":{"type":"Polygon","coordinates":[[[34.64,-37.11],[34.64,-37.05],[34.68,-37.04],[34.68,-37.0],[34.72,-37.0],[34.75,-37.04],[34.75,-37.17],[34.68,-37.19],[34.68,-37.17],[34.64,-37.16],[34.64,-37.11]]]}},{"type":"Feature","properties":{"precip":20},"geometry":{"type":"Polygon","coordinates":[[[34.1,-37.17],[34.18,-37.12],[34.21,-37.11],[34.28,-37.11],[34.36,-37.16],[34.36,-37.28],[34.39,-37.29],[34.39,-37.31],[34.43,-37.31],[34.46,-37.35],[34.43,-37.36],[34.36,-37.41],[34.36,-37.55],[34.32,-37.57],[34.32,-37.6],[34.28,-37.6],[34.28,-37.57],[34.25,-37.55],[34.25,-37.28],[34.21,-37.24],[34.21,-37.21],[34.18,-37.19],[34.14,-37.23],[34.14,-37.29],[34.07,-37.29],[34.07,-37.21],[34.1,-37.17]]]}},{"type":"Feature","properties":{"precip":20},"geometry":{"type":"Polygon","coordinates":[[[-9.88,-37.38],[-9.81,-37.31],[-9.77,-37.31],[-9.77,-37.35],[-9.74,-37.4],[-9.74,-37.48],[-9.77,-37.53],[-9.77,-37.58],[-9.85,-37.6],[-9.95,-37.55],[-9.95,-37.45],[-9.88,-37.38]]]}},{"type":"Feature","properties":{"precip":20},"geometry":{"type":"Polygon","coordinates":[[[34.54,-37.35],[34.61,-37.29],[34.72,-37.29],[34.75,-37.33],[34.75,-37.36],[34.72,-37.4],[34.57,-37.4],[34.57,-37.36],[34.54,-37.35]]]}},{"type":"Feature","properties":{"precip":20},"geometry":{"type":"Polygon","coordinates":[[[-9.67,-37.64],[-9.67,-37.58],[-9.63,-37.55],[-9.63,-37.53],[-9.59,-37.5],[-9.45,-37.5],[-9.34,-37.53],[-9.45,-37.67],[-9.52,-37.7],[-9.52,-37.79],[-9.49,-37.81],[-9.41,-37.88],[-9.38,-37.91],[-9.38,-38.0],[-9.45,-37.96],[-9.49,-37.93],[-9.56,-37.81],[-9.63,-37.74],[-9.63,-37.67],[-9.67,-37.64]]]}},{"type":"Feature","properties":{"precip":20},"geometry":{"type":"Polygon","coordinates":[[[33.06,-37.91],[33.06,-37.82],[33.13,-37.79],[33.2,-37.79],[33.24,-37.81],[33.24,-37.88],[33.2,-37.89],[33.13,-37.96],[33.13,-37.98],[33.06,-38.0],[33.06,-37.91]]]}},{"type":"Feature","properties":{"precip":20},"geometry":{"type":"Polygon","coordinates":[[[81.22,-38.44],[81.22,-38.41],[81.33,-38.41],[81.33,-38.42],[81.36,-38.42],[81.36,-38.47],[81.33,-38.47],[81.33,-38.51],[81.22,-38.49],[81.22,-38.44]]]}},{"type":"Feature","properties":{"precip":20},"geometry":{"type":"Polygon","coordinates":[[[80.46,-38.54],[80.46,-38.51],[80.54,-38.51],[80.54,-38.59],[80.46,-38.59],[80.46,-38.54]]]}},{"type":"Feature","properties":{"precip":20},"geometry":{"type":"Polygon","coordinates":[[[81.36,-38.75],[81.36,-38.66],[81.44,-38.59],[81.47,-38.61],[81.58,-38.68],[81.62,-38.7],[81.62,-38.73],[81.65,-38.75],[81.65,-38.78],[81.54,-38.82],[81.54,-38.85],[81.62,-38.9],[81.65,-38.9],[81.76,-38.92],[81.76,-38.97],[81.69,-38.97],[81.65,-39.01],[81.62,-39.01],[81.54,-39.02],[81.54,-39.06],[81.58,-39.09],[81.65,-39.09],[81.65,-39.11],[81.83,-39.11],[81.87,-39.14],[81.83,-39.16],[81.83,-39.18],[81.69,-39.26],[81.69,-39.28],[81.65,-39.3],[81.62,-39.3],[81.47,-39.23],[81.47,-39.19],[81.44,-39.16],[81.44,-39.12],[81.44,-39.07],[81.44,-39.01],[81.36,-39.02],[81.36,-39.21],[81.33,-39.24],[81.33,-39.3],[81.22,-39.31],[81.22,-39.45],[81.22,-39.47],[81.22,-39.5],[81.15,-39.47],[81.15,-39.33],[81.11,-39.3],[81.04,-39.3],[81.04,-39.26],[81.0,-39.24],[81.0,-39.12],[80.97,-39.11],[80.97,-39.19],[80.93,-39.23],[80.93,-39.28],[80.82,-39.31],[80.82,-39.43],[80.79,-39.45],[80.79,-39.5],[80.75,-39.47],[80.75,-39.33],[80.72,-39.3],[80.68,-39.3],[80.68,-39.28],[80.61,-39.26],[80.61,-39.12],[80.57,-39.11],[80.57,-39.16],[80.54,-39.19],[80.54,-39.24],[80.57,-39.3],[80.57,-39.4],[80.61,-39.42],[80.61,-39.48],[80.57,-39.5],[80.54,-39.45],[80.54,-39.42],[80.5,-39.4],[80.46,-39.42],[80.46,-39.47],[80.39,-39.5],[80.36,-39.47],[80.36,-39.36],[80.32,-39.33],[80.32,-39.3],[80.28,-39.3],[80.25,-39.33],[80.25,-39.45],[80.18,-39.47],[80.18,-39.5],[80.1,-39.52],[80.03,-39.55],[79.92,-39.62],[79.92,-39.69],[80.07,-39.69],[80.14,-39.67],[80.14,-39.66],[80.18,-39.6],[80.28,-39.6],[80.39,-39.64],[80.5,-39.71],[80.57,-39.78],[80.61,-39.79],[80.61,-39.66],[80.68,-39.64],[80.68,-39.6],[80.72,-39.6],[80.72,-39.64],[80.75,-39.66],[80.75,-39.84],[80.79,-39.9],[80.93,-39.9],[80.93,-39.86],[80.97,-39.86],[80.97,-39.81],[81.0,-39.81],[81.11,-39.9],[81.11,-39.91],[81.15,-39.93],[81.15,-39.98],[81.11,-39.98],[81.04,-40.01],[81.04,-40.03],[81.0,-40.07],[81.0,-40.13],[81.11,-40.2],[81.15,-40.19],[81.15,-40.13],[81.22,-40.1],[81.36,-40.1],[81.44,-40.13],[81.47,-40.17],[81.58,-40.19],[81.65,-40.19],[81.69,-40.2],[82.08,-40.2],[82.12,-40.19],[82.23,-40.19],[82.3,-40.15],[82.3,-40.13],[82.44,-40.1],[82.52,-40.1],[82.62,-40.07],[82.66,-40.07],[82.66,-40.01],[82.73,-40.01],[82.73,-40.05],[82.84,-40.15],[82.84,-40.27],[82.73,-40.31],[82.7,-40.31],[82.66,-40.31],[82.55,-40.31],[82.52,-40.34],[82.52,-40.53],[82.52,-40.6],[82.41,-40.7],[82.3,-40.7],[82.26,-40.7],[82.26,-40.63],[82.23,-40.63],[82.23,-40.6],[82.19,-40.6],[82.12,-40.63],[82.12,-40.77],[82.08,-40.77],[82.08,-40.8],[82.05,-40.82],[82.05,-40.87],[82.08,-40.89],[82.12,-40.89],[82.23,-40.92],[82.26,-40.94],[82.26,-40.99],[82.3,-41.01],[82.34,-41.01],[82.44,-40.99],[82.44,-40.96],[82.48,-40.92],[82.55,-40.89],[82.66,-40.92],[82.73,-40.96],[82.73,-40.99],[82.84,-40.97],[82.84,-40.96],[82.91,-40.89],[82.91,-40.87],[82.98,-40.82],[83.09,-40.89],[83.16,-40.89],[83.2,-40.92],[83.2,-40.97],[83.16,-41.02],[83.09,-41.11],[82.98,-41.2],[82.91,-41.26],[82.87,-41.3],[82.41,-41.3],[82.34,-41.26],[82.3,-41.25],[82.3,-41.14],[82.3,-41.13],[82.3,-41.09],[82.19,-41.01],[82.12,-41.01],[82.12,-41.13],[82.08,-41.2],[81.98,-41.2],[81.9,-41.16],[81.9,-41.13],[81.87,-41.11],[81.87,-41.13],[81.87,-41.16],[81.83,-41.16],[81.8,-41.2],[81.69,-41.2],[81.65,-41.23],[81.65,-41.25],[81.62,-41.25],[81.62,-41.3],[81.58,-41.3],[81.58,-41.25],[81.44,-41.2],[81.36,-41.21],[81.36,-41.25],[81.28,-41.3],[81.2,-41.3],[81.15,-41.26],[81.15,-41.23],[81.04,-41.2],[81.0,-41.2],[80.97,-41.16],[80.9,-41.11],[80.82,-41.06],[80.82,-41.01],[80.79,-40.97],[80.79,-40.92],[80.79,-40.87],[80.72,-40.82],[80.68,-40.77],[80.57,-40.73],[80.54,-40.7],[80.46,-40.72],[80.46,-40.77],[80.36,-40.78],[80.32,-40.8],[80.25,-40.77],[80.25,-40.63],[80.18,-40.63],[80.18,-40.6],[80.14,-40.58],[80.14,-40.51],[80.14,-40.48],[80.14,-40.43],[80.25,-40.34],[80.32,-40.31],[80.32,-40.22],[80.25,-40.15],[80.14,-40.07],[80.1,-40.01],[80.1,-39.98],[80.07,-39.96],[80.07,-39.9],[80.03,-39.9],[80.03,-39.83],[79.96,-39.78],[79.92,-39.76],[79.92,-39.71],[79.85,-39.66],[79.85,-39.64],[79.92,-39.6],[79.92,-39.57],[79.92,-39.55],[79.92,-39.47],[79.92,-39.43],[79.92,-39.4],[79.85,-39.42],[79.85,-39.48],[79.82,-39.5],[79.71,-39.5],[79.71,-39.48],[79.64,-39.42],[79.53,-39.38],[79.53,-39.36],[79.49,-39.3],[79.49,-39.28],[79.46,-39.24],[79.46,-39.16],[79.42,-39.14],[79.42,-39.11],[79.31,-39.11],[79.24,-39.07],[79.28,-39.02],[79.28,-39.01],[79.38,-38.9],[79.46,-38.92],[79.46,-39.06],[79.49,-39.09],[79.53,-39.09],[79.64,-39.07],[79.64,-38.97],[79.67,-38.95],[79.67,-38.92],[79.71,-38.9],[79.85,-38.9],[79.92,-38.9],[79.92,-38.94],[79.92,-38.97],[79.92,-39.18],[80.03,-39.19],[80.03,-39.12],[80.07,-39.11],[80.07,-39.01],[80.14,-38.97],[80.14,-38.77],[80.14,-38.75],[80.14,-38.7],[80.18,-38.7],[80.25,-38.73],[80.32,-38.82],[80.32,-38.85],[80.36,-38.9],[80.36,-38.97],[80.46,-39.01],[80.54,-38.97],[80.54,-38.78],[80.57,-38.77],[80.57,-38.7],[80.61,-38.73],[80.72,-38.82],[80.72,-38.85],[80.75,-38.9],[80.75,-38.97],[80.82,-39.01],[80.93,-38.99],[80.93,-38.9],[80.97,-38.85],[80.97,-38.75],[81.0,-38.7],[81.11,-38.71],[81.15,-38.75],[81.22,-38.85],[81.26,-38.9],[81.33,-38.9],[81.33,-38.85],[81.36,-38.8],[81.36,-38.75]],[[81.22,-39.04],[81.22,-38.97],[81.22,-38.94],[81.22,-38.9],[81.18,-38.9],[81.18,-38.92],[81.15,-38.94],[81.15,-39.16],[81.22,-39.19],[81.22,-39.16],[81.22,-39.14],[81.22,-39.04]],[[79.85,-39.19],[79.85,-39.14],[79.74,-39.11],[79.67,-39.11],[79.67,-39.16],[79.71,-39.19],[79.71,-39.23],[79.74,-39.28],[79.85,-39.28],[79.85,-39.19]],[[80.25,-39.19],[80.25,-39.14],[80.18,-39.11],[80.14,-39.11],[80.14,-39.16],[80.14,-39.24],[80.14,-39.26],[80.14,-39.3],[80.25,-39.28],[80.25,-39.19]],[[80.46,-39.16],[80.39,-39.11],[80.36,-39.11],[80.36,-39.19],[80.39,-39.19],[80.46,-39.16]],[[80.82,-39.16],[80.79,-39.11],[80.75,-39.12],[80.75,-39.18],[80.79,-39.19],[80.82,-39.16]],[[79.64,-39.26],[79.64,-39.21],[79.6,-39.19],[79.53,-39.21],[79.53,-39.3],[79.64,-39.3],[79.64,-39.26]],[[79.71,-39.36],[79.71,-39.31],[79.67,-39.3],[79.67,-39.33],[79.64,-39.36],[79.67,-39.4],[79.71,-39.4],[79.71,-39.36]],[[80.25,-39.76],[80.25,-39.72],[80.14,-39.71],[80.14,-39.76],[80.14,-39.78],[80.14,-39.79],[80.25,-39.78],[80.25,-39.76]],[[80.97,-40.05],[80.93,-40.03],[80.93,-40.01],[80.82,-40.01],[80.82,-40.1],[80.93,-40.1],[80.93,-40.05],[80.97,-40.05]],[[80.36,-40.44],[80.32,-40.39],[80.25,-40.41],[80.25,-40.49],[80.32,-40.49],[80.36,-40.48],[80.36,-40.44]],[[81.54,-40.44],[81.54,-40.41],[81.44,-40.39],[81.44,-40.43],[81.44,-40.44],[81.47,-40.51],[81.54,-40.49],[81.54,-40.44]],[[81.9,-40.51],[81.9,-40.41],[81.87,-40.39],[81.87,-40.41],[81.87,-40.6],[81.9,-40.58],[81.9,-40.51]],[[82.3,-40.44],[82.3,-40.39],[82.26,-40.39],[82.26,-40.49],[82.3,-40.51],[82.3,-40.49],[82.3,-40.44]],[[81.44,-40.65],[81.44,-40.61],[81.4,-40.6],[81.36,-40.61],[81.36,-40.7],[81.44,-40.7],[81.44,-40.65]],[[81.87,-40.7],[81.83,-40.7],[81.83,-40.61],[81.76,-40.63],[81.76,-40.78],[81.8,-40.8],[81.83,-40.78],[81.83,-40.72],[81.87,-40.7]],[[81.15,-40.87],[81.15,-40.82],[81.04,-40.8],[81.0,-40.84],[81.0,-40.87],[81.04,-40.89],[81.15,-40.89],[81.15,-40.87]],[[81.54,-40.87],[81.54,-40.8],[81.44,-40.8],[81.44,-40.84],[81.44,-40.87],[81.44,-40.89],[81.54,-40.89],[81.54,-40.87]],[[81.9,-40.87],[81.9,-40.8],[81.87,-40.8],[81.87,-40.89],[81.9,-40.89],[81.9,-40.87]],[[82.05,-40.96],[82.05,-40.92],[81.98,-40.89],[81.98,-40.92],[81.9,-40.92],[81.9,-40.97],[82.01,-41.01],[82.05,-40.99],[82.05,-40.96]],[[82.66,-41.04],[82.62,-41.01],[82.52,-41.01],[82.52,-41.09],[82.62,-41.11],[82.62,-41.09],[82.66,-41.09],[82.66,-41.04]],[[83.06,-41.04],[83.06,-41.01],[82.95,-41.01],[82.95,-41.09],[82.98,-41.09],[83.06,-41.09],[83.06,-41.04]]]}},{"type":"Feature","properties":{"precip":20},"geometry":{"type":"Polygon","coordinates":[[[81.76,-38.66],[81.76,-38.61],[81.83,-38.61],[81.83,-38.7],[81.76,-38.68],[81.76,-38.66]]]}},{"type":"Feature","properties":{"precip":20},"geometry":{"type":"Polygon","coordinates":[[[34.36,-39.19],[34.36,-39.12],[34.43,-39.11],[34.43,-39.16],[34.46,-39.16],[34.46,-39.28],[34.54,-39.3],[34.54,-39.38],[34.5,-39.4],[34.43,-39.4],[34.39,-39.4],[34.36,-39.4],[34.28,-39.4],[34.25,-39.38],[34.25,-39.31],[34.32,-39.3],[34.32,-39.28],[34.36,-39.26],[34.36,-39.19]]]}},{"type":"Feature","properties":{"precip":20},"geometry":{"type":"Polygon","coordinates":[[[-13.36,-41.3],[-13.36,-40.51],[-13.27,-40.53],[-13.27,-40.56],[-13.23,-40.56],[-13.19,-40.6],[-13.09,-40.6],[-13.01,-40.61],[-12.94,-40.63],[-12.94,-40.67],[-12.91,-40.7],[-12.83,-40.7],[-12.8,-40.7],[-12.58,-40.7],[-12.47,-40.73],[-12.44,-40.77],[-12.44,-40.82],[-12.47,-40.84],[-12.47,-40.89],[-12.55,-40.92],[-12.55,-40.97],[-12.44,-41.01],[-12.26,-41.01],[-12.15,-41.02],[-12.15,-41.09],[-12.04,-41.09],[-12.01,-41.11],[-11.9,-41.11],[-11.86,-41.09],[-11.75,-41.09],[-11.75,-41.02],[-11.65,-41.01],[-11.47,-41.01],[-11.36,-40.96],[-11.36,-40.94],[-11.29,-40.89],[-11.21,-40.82],[-11.18,-40.8],[-11.11,-40.8],[-11.07,-40.82],[-11.07,-40.89],[-11.03,-40.89],[-11.03,-40.97],[-11.0,-41.01],[-10.93,-41.01],[-10.85,-41.01],[-10.85,-41.09],[-10.82,-41.09],[-10.75,-41.09],[-10.75,-41.11],[-10.6,-41.11],[-10.57,-41.13],[-10.57,-41.16],[-10.64,-41.25],[-10.67,-41.25],[-10.67,-41.28],[-10.75,-41.26],[-10.75,-41.23],[-10.78,-41.2],[-10.82,-41.21],[-10.85,-41.25],[-10.85,-41.3],[-10.41,-41.3],[-10.39,-41.28],[-10.35,-41.26],[-10.35,-41.23],[-10.42,-41.2],[-10.42,-41.16],[-10.46,-41.16],[-10.46,-41.13],[-10.39,-41.11],[-10.35,-41.13],[-10.35,-41.18],[-10.28,-41.2],[-10.28,-41.16],[-10.21,-41.11],[-10.17,-41.11],[-10.17,-41.14],[-10.1,-41.18],[-10.03,-41.2],[-9.59,-41.2],[-9.49,-41.21],[-9.49,-41.25],[-9.45,-41.25],[-9.45,-41.3],[-9.09,-41.3],[-9.13,-41.26],[-9.16,-41.25],[-9.16,-41.23],[-9.13,-41.21],[-9.05,-41.25],[-9.02,-41.26],[-9.0,-41.3],[-8.84,-41.3],[-8.84,-41.25],[-8.8,-41.23],[-8.8,-41.18],[-8.77,-41.16],[-8.77,-41.13],[-8.69,-41.11],[-8.66,-41.13],[-8.66,-41.14],[-8.62,-41.2],[-8.55,-41.16],[-8.55,-41.13],[-8.51,-41.11],[-8.48,-41.11],[-8.48,-41.14],[-8.44,-41.18],[-8.33,-41.21],[-8.26,-41.25],[-8.21,-41.3],[-5.71,-41.3],[-5.67,-41.28],[-5.67,-41.25],[-5.63,-41.23],[-5.63,-41.13],[-5.6,-41.11],[-5.53,-41.11],[-5.45,-41.13],[-5.45,-41.18],[-5.56,-41.25],[-5.49,-41.28],[-5.49,-41.3],[-13.36,-41.3]],[[-13.36,-41.3],[-12.47,-41.3],[-12.44,-41.25],[-12.58,-41.21],[-12.69,-41.2],[-13.01,-41.2],[-13.05,-41.18],[-13.12,-41.18],[-13.12,-41.16],[-13.19,-41.11],[-13.23,-41.11],[-13.23,-41.13],[-13.27,-41.16],[-13.36,-41.19],[-13.36,-41.3]],[[-10.96,-41.25],[-10.96,-41.21],[-11.0,-41.2],[-11.03,-41.21],[-11.03,-41.3],[-11.0,-41.3],[-10.96,-41.28],[-10.96,-41.25]]]}},{"type":"Feature","properties":{"precip":20},"geometry":{"type":"Polygon","coordinates":[[[34.25,-39.66],[34.25,-39.62],[34.28,-39.6],[34.36,-39.62],[34.36,-39.67],[34.28,-39.71],[34.25,-39.69],[34.25,-39.66]]]}},{"type":"Feature","properties":{"precip":20},"geometry":{"type":"Polygon","coordinates":[[[34.64,-39.76],[34.68,-39.71],[34.79,-39.71],[34.82,-39.72],[34.82,-39.76],[34.86,-39.78],[34.86,-39.9],[34.82,-39.93],[34.82,-40.0],[34.75,-39.98],[34.75,-39.83],[34.72,-39.79],[34.64,-39.78],[34.64,-39.76]]]}},{"type":"Feature","properties":{"precip":20},"geometry":{"type":"Polygon","coordinates":[[[82.12,-39.86],[82.12,-39.81],[82.23,-39.79],[82.23,-39.83],[82.26,-39.83],[82.26,-39.88],[82.23,-39.88],[82.23,-39.9],[82.12,-39.9],[82.12,-39.86]]]}},{"type":"Feature","properties":{"precip":20},"geometry":{"type":"Polygon","coordinates":[[[7.25,-39.93],[7.29,-39.9],[7.47,-39.9],[7.54,-39.91],[7.54,-39.96],[7.58,-40.0],[7.65,-40.0],[7.72,-40.01],[7.76,-40.05],[7.65,-40.1],[7.5,-40.1],[7.43,-40.08],[7.36,-40.05],[7.32,-40.01],[7.29,-40.0],[7.29,-39.96],[7.25,-39.96],[7.25,-39.93]]]}},{"type":"Feature","properties":{"precip":20},"geometry":{"type":"Polygon","coordinates":[[[79.85,-39.95],[79.85,-39.91],[79.92,-39.9],[79.92,-39.93],[79.92,-39.96],[79.92,-40.0],[79.85,-39.98],[79.85,-39.95]]]}},{"type":"Feature","properties":{"precip":20},"geometry":{"type":"Polygon","coordinates":[[[34.9,-40.07],[34.97,-40.01],[35.04,-40.01],[35.04,-40.05],[35.11,-40.1],[35.11,-40.13],[35.15,-40.15],[35.15,-40.19],[35.08,-40.2],[35.08,-40.13],[35.04,-40.13],[35.04,-40.12],[35.0,-40.1],[34.97,-40.12],[34.97,-40.27],[35.04,-40.32],[35.04,-40.37],[35.0,-40.39],[34.97,-40.43],[34.97,-40.6],[35.04,-40.6],[35.04,-40.53],[35.11,-40.51],[35.29,-40.51],[35.36,-40.53],[35.36,-40.58],[35.44,-40.6],[35.58,-40.65],[35.58,-40.7],[35.62,-40.7],[35.65,-40.77],[35.72,-40.78],[35.8,-40.8],[35.87,-40.87],[35.87,-40.89],[35.9,-40.89],[35.98,-40.89],[36.05,-40.92],[36.05,-40.97],[36.15,-41.01],[36.26,-41.01],[36.33,-41.01],[36.33,-41.06],[36.41,-41.11],[36.44,-41.09],[36.44,-40.92],[36.51,-40.92],[36.55,-40.97],[36.62,-41.01],[36.62,-41.04],[36.69,-41.09],[36.84,-40.97],[36.84,-40.94],[36.91,-40.92],[36.95,-40.92],[36.95,-40.96],[36.98,-40.97],[36.98,-41.01],[37.02,-41.01],[37.02,-40.97],[37.05,-40.96],[37.05,-40.92],[37.09,-40.92],[37.13,-40.92],[37.2,-40.99],[37.2,-41.01],[37.27,-41.04],[37.27,-41.06],[37.34,-41.09],[37.34,-41.11],[37.41,-41.11],[37.41,-41.13],[37.45,-41.13],[37.45,-41.25],[37.51,-41.3],[34.4,-41.3],[34.36,-41.28],[34.21,-41.23],[34.14,-41.13],[34.14,-41.06],[34.21,-40.97],[34.25,-40.97],[34.25,-40.94],[34.18,-40.89],[34.18,-40.87],[34.14,-40.84],[34.14,-40.73],[34.1,-40.7],[34.0,-40.7],[33.96,-40.7],[33.96,-40.61],[34.03,-40.6],[34.03,-40.53],[34.07,-40.51],[34.07,-40.43],[34.1,-40.39],[34.18,-40.39],[34.25,-40.39],[34.25,-40.32],[34.36,-40.31],[34.46,-40.32],[34.57,-40.37],[34.64,-40.44],[34.64,-40.48],[34.72,-40.49],[34.75,-40.48],[34.75,-40.43],[34.82,-40.39],[34.9,-40.39],[34.93,-40.39],[34.93,-40.31],[34.86,-40.31],[34.86,-40.13],[34.9,-40.12],[34.9,-40.07]],[[34.36,-41.14],[34.36,-41.13],[34.32,-41.11],[34.25,-41.13],[34.25,-41.18],[34.32,-41.2],[34.36,-41.18],[34.36,-41.14]]]}},{"type":"Feature","properties":{"precip":20},"geometry":{"type":"Polygon","coordinates":[[[82.95,-40.13],[82.98,-40.1],[83.09,-40.1],[83.16,-40.13],[83.09,-40.2],[82.98,-40.2],[82.95,-40.17],[82.95,-40.13]]]}},{"type":"Feature","properties":{"precip":20},"geometry":{"type":"Polygon","coordinates":[[[7.54,-40.31],[7.54,-40.27],[7.58,-40.25],[7.58,-40.2],[7.65,-40.22],[7.65,-40.27],[7.72,-40.31],[7.83,-40.31],[7.97,-40.32],[8.08,-40.37],[8.12,-40.39],[8.12,-40.43],[8.15,-40.48],[8.12,-40.49],[8.04,-40.48],[8.04,-40.43],[8.01,-40.39],[7.97,-40.39],[7.97,-40.43],[7.94,-40.44],[7.94,-40.49],[7.86,-40.49],[7.86,-40.44],[7.76,-40.39],[7.61,-40.39],[7.54,-40.36],[7.54,-40.31]]]}},{"type":"Feature","properties":{"precip":20},"geometry":{"type":"Polygon","coordinates":[[[34.07,-40.25],[34.07,-40.2],[34.14,-40.2],[34.14,-40.31],[34.07,-40.31],[34.07,-40.25]]]}},{"type":"Feature","properties":{"precip":20},"geometry":{"type":"Polygon","coordinates":[[[33.85,-40.36],[33.85,-40.31],[33.89,-40.31],[33.96,-40.34],[33.96,-40.37],[33.92,-40.39],[33.85,-40.39],[33.85,-40.36]]]}},{"type":"Feature","properties":{"precip":20},"geometry":{"type":"Polygon","coordinates":[[[-8.55,-40.44],[-8.55,-40.41],[-8.48,-40.39],[-8.48,-40.43],[-8.44,-40.43],[-8.44,-40.48],[-8.48,-40.48],[-8.48,-40.51],[-8.55,-40.49],[-8.55,-40.44]]]}},{"type":"Feature","properties":{"precip":20},"geometry":{"type":"Polygon","coordinates":[[[68.05,-40.44],[68.08,-40.39],[68.12,-40.39],[68.15,-40.43],[68.15,-40.48],[68.08,-40.51],[68.05,-40.48],[68.05,-40.44]]]}},{"type":"Feature","properties":{"precip":20},"geometry":{"type":"Polygon","coordinates":[[[82.66,-40.44],[82.66,-40.41],[82.73,-40.39],[82.73,-40.49],[82.66,-40.49],[82.66,-40.44]]]}},{"type":"Feature","properties":{"precip":20},"geometry":{"type":"Polygon","coordinates":[[[8.04,-40.7],[8.04,-40.63],[8.12,-40.6],[8.12,-40.63],[8.15,-40.63],[8.15,-40.77],[8.08,-40.8],[8.08,-40.77],[8.04,-40.77],[8.04,-40.7]]]}},{"type":"Feature","properties":{"precip":20},"geometry":{"type":"Polygon","coordinates":[[[8.26,-40.73],[8.26,-40.72],[8.33,-40.7],[8.55,-40.7],[8.62,-40.72],[8.66,-40.75],[8.66,-40.87],[8.62,-40.87],[8.62,-40.89],[8.48,-40.89],[8.37,-40.87],[8.26,-40.78],[8.26,-40.73]]]}},{"type":"Feature","properties":{"precip":20},"geometry":{"type":"Polygon","coordinates":[[[66.75,-40.75],[66.75,-40.72],[66.82,-40.7],[66.86,-40.73],[66.86,-40.77],[66.82,-40.78],[66.75,-40.78],[66.75,-40.75]]]}},{"type":"Feature","properties":{"precip":20},"geometry":{"type":"Polygon","coordinates":[[[66.25,-40.87],[66.25,-40.82],[66.28,-40.8],[66.35,-40.82],[66.35,-40.89],[66.25,-40.89],[66.25,-40.87]]]}},{"type":"Feature","properties":{"precip":20},"geometry":{"type":"Polygon","coordinates":[[[75.42,-40.99],[75.42,-40.96],[75.46,-40.92],[75.53,-40.89],[75.53,-40.99],[75.5,-41.01],[75.42,-41.06],[75.42,-41.09],[75.35,-41.09],[75.35,-41.04],[75.42,-40.99]]]}},{"type":"Feature","properties":{"precip":20},"geometry":{"type":"Polygon","coordinates":[[[75.64,-40.96],[75.64,-40.92],[75.68,-40.92],[75.68,-40.89],[75.75,-40.92],[75.75,-40.99],[75.68,-40.99],[75.64,-40.96]]]}},{"type":"Feature","properties":{"precip":20},"geometry":{"type":"Polygon","coordinates":[[[-9.23,-41.04],[-9.23,-41.01],[-9.16,-41.01],[-9.16,-41.09],[-9.2,-41.11],[-9.23,-41.09],[-9.23,-41.04]]]}},{"type":"Feature","properties":{"precip":20},"geometry":{"type":"Polygon","coordinates":[[[-5.85,-41.04],[-5.85,-41.01],[-5.78,-41.01],[-5.74,-41.01],[-5.74,-41.09],[-5.81,-41.11],[-5.85,-41.09],[-5.85,-41.04]]]}},{"type":"Feature","properties":{"precip":20},"geometry":{"type":"Polygon","coordinates":[[[8.55,-41.04],[8.55,-41.01],[8.62,-41.01],[8.66,-41.01],[8.66,-41.09],[8.62,-41.09],[8.55,-41.09],[8.55,-41.04]]]}},{"type":"Feature","properties":{"precip":20},"geometry":{"type":"Polygon","coordinates":[[[74.96,-41.04],[74.96,-41.01],[75.03,-41.01],[75.14,-41.04],[75.21,-41.09],[75.21,-41.13],[75.24,-41.16],[75.24,-41.3],[75.4,-41.3],[75.42,-41.28],[75.42,-41.25],[75.53,-41.21],[75.53,-41.28],[75.51,-41.3],[74.69,-41.3],[74.67,-41.28],[74.67,-41.25],[74.6,-41.21],[74.6,-41.16],[74.56,-41.14],[74.56,-41.13],[74.63,-41.13],[74.67,-41.18],[74.74,-41.23],[74.74,-41.25],[74.78,-41.28],[74.85,-41.25],[74.96,-41.2],[75.1,-41.2],[75.14,-41.18],[75.14,-41.13],[75.1,-41.11],[75.03,-41.11],[75.03,-41.09],[74.96,-41.09],[74.96,-41.04]]]}},{"type":"Feature","properties":{"precip":40},"geometry":{"type":"Polygon","coordinates":[[[73.35,3.79],[73.3,3.77],[73.23,3.72],[73.16,3.65],[73.16,3.53],[73.12,3.52],[73.12,3.5],[73.05,3.47],[73.05,3.45],[73.16,3.35],[73.23,3.31],[73.3,3.31],[73.45,3.31],[73.52,3.28],[73.55,3.24],[73.55,2.95],[73.52,2.94],[73.52,2.9],[73.48,2.9],[73.45,2.92],[73.45,2.95],[73.37,2.99],[73.3,2.99],[73.27,3.0],[73.19,3.0],[73.09,3.06],[72.98,3.12],[72.87,3.24],[72.87,3.28],[72.91,3.29],[72.94,3.33],[72.94,3.5],[72.87,3.5],[72.87,3.45],[72.83,3.45],[72.83,3.4],[72.76,3.4],[72.69,3.45],[72.62,3.47],[72.58,3.52],[72.58,3.53],[72.51,3.59],[72.47,3.59],[72.44,3.53],[72.44,3.52],[72.37,3.48],[72.26,3.29],[72.26,3.14],[72.29,3.11],[72.37,3.11],[72.44,3.07],[72.44,2.94],[72.37,2.85],[72.29,2.82],[72.19,2.78],[72.15,2.76],[72.15,2.64],[72.08,2.59],[72.01,2.59],[71.97,2.59],[71.97,2.56],[71.93,2.54],[71.93,2.52],[71.9,2.51],[71.83,2.51],[71.79,2.52],[71.75,2.56],[71.68,2.59],[71.68,2.58],[71.54,2.46],[71.43,2.41],[71.36,2.41],[71.29,2.39],[71.07,2.39],[71.0,2.41],[70.93,2.41],[70.85,2.44],[70.85,2.64],[70.82,2.7],[70.6,2.7],[70.49,2.66],[70.46,2.64],[70.39,2.61],[70.39,2.58],[70.35,2.52],[70.35,2.44],[70.31,2.41],[70.21,2.39],[70.17,2.39],[70.17,2.34],[70.13,2.32],[70.13,2.25],[70.1,2.2],[70.03,2.15],[69.95,2.11],[69.88,2.08],[69.81,2.08],[69.7,2.18],[69.67,2.18],[69.67,2.13],[69.59,2.11],[69.52,2.08],[69.41,2.08],[69.34,2.06],[69.34,2.03],[69.23,1.99],[69.09,1.99],[69.02,2.01],[68.95,2.05],[68.95,2.08],[69.02,2.08],[69.05,2.13],[69.05,2.17],[68.98,2.18],[68.98,2.2],[68.91,2.2],[68.87,2.22],[68.84,2.25],[68.69,2.27],[68.62,2.27],[68.51,2.3],[67.9,2.3],[67.83,2.27],[67.76,2.25],[67.76,2.15],[67.72,2.13],[67.72,2.08],[67.65,2.11],[67.65,2.17],[67.61,2.18],[67.54,2.18],[67.54,2.2],[67.43,2.2],[67.36,2.22],[67.36,2.25],[67.25,2.3],[67.15,2.3],[67.04,2.34],[67.04,2.39],[67.0,2.39],[66.89,2.39],[66.86,2.41],[66.79,2.41],[66.75,2.44],[66.75,2.46],[66.86,2.54],[66.86,2.58],[66.89,2.59],[66.93,2.63],[66.93,2.66],[66.97,2.7],[66.97,2.73],[66.86,2.8],[66.68,2.8],[66.57,2.76],[66.53,2.75],[66.53,2.71],[66.46,2.7],[66.39,2.7],[66.35,2.68],[66.35,2.64],[66.25,2.61],[66.14,2.59],[65.92,2.59],[65.74,2.63],[65.6,2.68],[65.56,2.71],[65.56,2.8],[65.53,2.83],[65.53,2.85],[65.49,2.9],[65.49,2.92],[65.42,2.99],[65.35,3.0],[65.27,3.0],[65.27,3.04],[65.24,3.04],[65.24,3.07],[65.2,3.09],[65.17,3.07],[65.17,3.04],[65.09,3.0],[64.99,3.0],[64.95,3.04],[64.95,3.06],[64.91,3.07],[64.91,3.11],[64.84,3.06],[64.84,3.02],[64.81,3.0],[64.77,3.02],[64.77,3.06],[64.73,3.06],[64.66,3.14],[64.66,3.28],[64.73,3.33],[64.73,3.38],[64.7,3.38],[64.7,3.4],[64.66,3.41],[64.66,3.57],[64.77,3.6],[64.88,3.6],[64.95,3.64],[64.95,3.65],[65.09,3.69],[65.17,3.69],[65.24,3.71],[65.6,3.71],[65.85,3.72],[65.99,3.77],[66.0,3.79],[67.9,3.79],[67.9,3.77],[67.83,3.76],[67.83,3.71],[67.79,3.71],[67.79,3.72],[67.76,3.72],[67.76,3.77],[67.72,3.79],[67.72,3.79],[67.69,3.77],[67.65,3.72],[67.65,3.53],[67.61,3.52],[67.51,3.5],[67.33,3.5],[67.33,3.48],[67.25,3.47],[67.25,3.43],[67.15,3.4],[67.04,3.4],[66.97,3.38],[66.97,3.35],[66.93,3.35],[66.93,3.31],[66.86,3.31],[66.71,3.31],[66.61,3.28],[66.53,3.24],[66.57,3.24],[66.57,3.21],[66.61,3.19],[66.68,3.19],[66.79,3.12],[66.86,3.02],[66.93,2.95],[66.93,2.92],[66.97,2.85],[66.97,2.82],[67.0,2.8],[67.11,2.8],[67.15,2.82],[67.15,2.85],[67.25,2.9],[67.43,2.9],[67.54,2.92],[67.54,2.95],[67.65,3.0],[67.76,2.95],[67.76,2.92],[67.87,2.9],[68.05,2.9],[68.15,2.85],[68.15,2.82],[68.08,2.8],[68.08,2.76],[68.05,2.76],[68.05,2.64],[68.08,2.63],[68.08,2.59],[68.12,2.59],[68.15,2.63],[68.15,2.66],[68.26,2.7],[68.41,2.7],[68.44,2.71],[68.55,2.71],[68.66,2.73],[68.66,2.76],[68.77,2.78],[68.8,2.8],[69.05,2.8],[69.16,2.85],[69.31,2.9],[69.7,2.9],[69.74,2.92],[69.81,2.92],[69.85,2.95],[69.85,3.06],[69.88,3.07],[69.88,3.11],[69.92,3.11],[69.92,3.14],[69.95,3.18],[69.95,3.38],[70.03,3.4],[70.1,3.4],[70.13,3.41],[70.13,3.45],[70.17,3.45],[70.17,3.48],[70.21,3.5],[70.31,3.5],[70.35,3.52],[70.42,3.52],[70.42,3.53],[70.46,3.53],[70.46,3.57],[70.57,3.6],[70.64,3.6],[70.75,3.57],[70.75,3.53],[70.78,3.52],[70.85,3.5],[70.93,3.52],[70.96,3.53],[70.93,3.59],[70.93,3.6],[70.85,3.64],[70.85,3.67],[70.89,3.69],[70.96,3.72],[70.89,3.79],[71.11,3.79],[71.14,3.77],[71.14,3.67],[71.21,3.59],[71.25,3.57],[71.25,3.53],[71.29,3.52],[71.32,3.52],[71.36,3.57],[71.47,3.6],[71.54,3.59],[71.54,3.53],[71.57,3.52],[71.65,3.5],[71.72,3.52],[71.79,3.59],[71.79,3.62],[71.83,3.64],[71.83,3.71],[71.86,3.72],[71.86,3.79],[73.35,3.79]],[[71.14,3.53],[71.14,3.59],[71.11,3.6],[71.07,3.59],[71.07,3.57],[71.03,3.57],[71.03,3.53],[71.07,3.53],[71.07,3.52],[71.11,3.5],[71.14,3.52],[71.14,3.53]],[[66.53,3.35],[66.53,3.4],[66.46,3.38],[66.46,3.31],[66.53,3.31],[66.53,3.35]],[[66.46,3.24],[66.43,3.28],[66.43,3.31],[66.35,3.29],[66.35,3.21],[66.43,3.19],[66.43,3.23],[66.46,3.24]],[[69.56,2.25],[69.56,2.27],[69.52,2.27],[69.49,2.3],[69.41,2.3],[69.38,2.27],[69.34,2.27],[69.34,2.23],[69.38,2.2],[69.52,2.2],[69.56,2.25]]]}},{"type":"Feature","properties":{"precip":40},"geometry":{"type":"Polygon","coordinates":[[[89.68,3.79],[89.68,3.77],[89.75,3.77],[89.75,3.72],[89.86,3.71],[89.97,3.71],[90.04,3.72],[90.04,3.76],[90.18,3.79],[90.51,3.79],[90.54,3.77],[90.65,3.76],[90.65,3.72],[90.72,3.71],[90.83,3.71],[90.83,3.72],[90.87,3.77],[90.97,3.72],[90.97,3.71],[90.97,3.69],[91.08,3.6],[91.12,3.59],[91.12,3.52],[91.08,3.5],[91.08,3.47],[91.05,3.45],[91.05,3.43],[91.15,3.38],[91.15,3.29],[91.08,3.21],[90.97,3.11],[90.9,2.99],[90.9,2.95],[90.87,2.92],[90.87,2.8],[90.83,2.76],[90.83,2.71],[90.76,2.7],[90.69,2.7],[90.65,2.68],[90.65,2.63],[90.54,2.59],[90.51,2.59],[90.47,2.59],[90.47,2.56],[90.43,2.54],[90.43,2.52],[90.4,2.51],[90.33,2.51],[90.33,2.49],[90.25,2.46],[90.25,2.39],[90.18,2.27],[90.11,2.22],[90.04,2.13],[89.89,2.08],[89.86,2.08],[89.86,1.99],[89.82,1.94],[89.82,1.91],[89.68,1.82],[89.61,1.79],[89.46,1.67],[89.46,1.65],[89.32,1.53],[89.21,1.5],[89.1,1.5],[89.03,1.48],[89.03,1.45],[88.99,1.4],[88.92,1.4],[88.81,1.38],[88.81,1.33],[88.78,1.29],[88.74,1.29],[88.67,1.26],[88.67,1.24],[88.6,1.22],[88.53,1.14],[88.53,1.1],[88.49,1.07],[88.49,1.04],[88.45,1.0],[88.45,0.66],[88.38,0.63],[88.35,0.61],[88.1,0.61],[88.02,0.59],[87.92,0.56],[87.92,0.54],[87.88,0.51],[87.74,0.51],[87.7,0.47],[87.66,0.47],[87.66,0.44],[87.63,0.44],[87.63,0.4],[87.52,0.4],[87.48,0.4],[87.45,0.37],[87.45,0.33],[87.38,0.3],[87.23,0.3],[87.23,0.28],[87.16,0.27],[87.16,0.23],[87.05,0.21],[87.02,0.21],[86.98,0.2],[86.87,0.2],[86.87,0.18],[86.84,0.15],[86.84,0.13],[86.76,0.1],[86.62,0.1],[86.62,0.08],[86.55,0.06],[86.55,-0.01],[86.51,-0.06],[86.4,-0.21],[86.22,-0.3],[86.22,-0.13],[86.3,-0.09],[86.33,-0.09],[86.33,-0.02],[86.37,0.01],[86.37,0.13],[86.4,0.16],[86.4,0.2],[86.55,0.33],[86.55,0.35],[86.62,0.4],[86.62,0.44],[86.62,0.47],[86.62,0.54],[86.73,0.61],[86.84,0.78],[86.98,0.87],[87.05,0.93],[87.09,0.98],[87.2,1.0],[87.23,1.0],[87.23,1.07],[87.2,1.1],[87.2,1.14],[87.09,1.16],[87.09,1.17],[87.02,1.21],[86.84,1.21],[86.76,1.22],[86.76,1.26],[86.73,1.26],[86.62,1.29],[86.51,1.29],[86.44,1.31],[86.37,1.31],[86.19,1.36],[86.19,1.4],[86.19,1.48],[86.19,1.52],[86.19,1.53],[86.3,1.6],[86.33,1.62],[86.4,1.67],[86.4,1.69],[86.55,1.74],[86.58,1.79],[86.62,1.84],[86.73,1.93],[86.73,1.99],[86.62,2.01],[86.62,2.06],[86.73,2.08],[86.84,2.11],[86.84,2.17],[86.84,2.18],[86.87,2.2],[86.98,2.2],[87.02,2.22],[87.05,2.25],[87.09,2.32],[87.09,2.34],[87.2,2.37],[87.2,2.39],[87.27,2.39],[87.3,2.44],[87.3,2.59],[87.38,2.63],[87.38,2.7],[87.41,2.71],[87.41,2.78],[87.27,2.88],[87.2,3.0],[87.2,3.06],[87.16,3.09],[87.16,3.38],[87.23,3.41],[87.23,3.45],[87.27,3.48],[87.27,3.59],[87.3,3.64],[87.3,3.67],[87.27,3.67],[87.27,3.71],[87.27,3.79],[89.68,3.79]],[[88.45,1.79],[88.45,1.86],[88.38,1.86],[88.38,1.89],[88.38,1.91],[88.38,1.87],[88.35,1.87],[88.35,1.82],[88.28,1.79],[88.24,1.79],[88.17,1.77],[88.13,1.74],[88.13,1.72],[88.1,1.7],[88.1,1.67],[88.02,1.62],[87.92,1.6],[87.88,1.58],[87.74,1.48],[87.74,1.41],[87.84,1.38],[87.84,1.26],[87.88,1.22],[87.88,1.21],[87.92,1.22],[87.92,1.26],[88.02,1.33],[88.06,1.38],[88.13,1.4],[88.17,1.41],[88.28,1.46],[88.35,1.55],[88.35,1.67],[88.38,1.67],[88.38,1.7],[88.38,1.72],[88.45,1.74],[88.45,1.79]]]}},{"type":"Feature","properties":{"precip":40},"geometry":{"type":"Polygon","coordinates":[[[63.83,3.79],[63.76,3.77],[63.76,3.72],[63.65,3.71],[63.51,3.71],[63.47,3.72],[63.47,3.76],[63.44,3.77],[63.44,3.79],[63.83,3.79]]]}},{"type":"Feature","properties":{"precip":40},"geometry":{"type":"Polygon","coordinates":[[[96.88,3.79],[97.02,3.69],[97.02,3.62],[96.99,3.6],[96.99,3.57],[96.95,3.53],[96.95,3.43],[96.81,3.35],[96.81,3.31],[96.88,3.28],[96.88,3.24],[96.99,3.11],[97.02,3.11],[97.02,3.14],[97.09,3.19],[97.17,3.14],[97.17,3.07],[97.13,3.06],[97.13,3.02],[97.02,3.0],[96.95,2.95],[96.95,2.83],[96.91,2.8],[96.88,2.8],[96.88,2.85],[96.81,2.85],[96.81,2.99],[96.77,2.99],[96.77,2.94],[96.73,2.92],[96.73,2.83],[96.66,2.75],[96.59,2.71],[96.48,2.8],[96.48,2.85],[96.45,2.85],[96.48,2.85],[96.55,2.92],[96.55,2.99],[96.52,3.04],[96.52,3.09],[96.48,3.12],[96.37,3.21],[96.37,3.24],[96.3,3.28],[96.23,3.24],[96.16,3.12],[96.16,2.92],[96.16,2.85],[96.27,2.75],[96.27,2.71],[96.3,2.71],[96.3,2.68],[96.34,2.66],[96.34,2.61],[96.27,2.61],[96.27,2.64],[96.23,2.66],[96.23,2.7],[96.16,2.66],[96.12,2.61],[96.09,2.59],[96.09,2.64],[96.05,2.66],[96.05,2.7],[95.94,2.7],[95.94,2.66],[95.94,2.64],[95.94,2.52],[95.87,2.51],[95.73,2.51],[95.65,2.46],[95.65,2.41],[95.73,2.39],[95.73,2.35],[95.73,2.32],[95.73,2.27],[95.73,2.25],[95.69,2.2],[95.69,2.18],[95.65,2.15],[95.58,2.13],[95.58,2.11],[95.51,2.08],[95.4,2.08],[95.29,2.06],[95.29,2.03],[95.19,2.11],[95.08,2.18],[95.08,2.22],[95.08,2.25],[95.08,2.3],[95.04,2.34],[95.04,2.58],[94.97,2.61],[94.97,2.66],[94.93,2.68],[94.93,2.76],[94.86,2.83],[94.86,2.85],[94.83,2.88],[94.72,2.9],[94.65,2.92],[94.65,2.95],[94.57,2.99],[94.57,2.95],[94.54,2.94],[94.54,2.92],[94.43,2.9],[94.39,2.9],[94.36,2.88],[94.36,2.83],[94.32,2.8],[94.21,2.8],[94.18,2.82],[94.18,2.85],[94.14,2.85],[94.14,2.95],[94.11,2.99],[94.11,3.02],[94.0,3.06],[94.11,3.07],[94.11,3.11],[94.14,3.11],[94.14,3.18],[94.11,3.19],[94.0,3.19],[93.96,3.24],[93.96,3.67],[94.0,3.71],[94.14,3.71],[94.21,3.65],[94.21,3.64],[94.29,3.6],[94.32,3.6],[94.32,3.64],[94.36,3.64],[94.36,3.67],[94.43,3.69],[94.43,3.64],[94.43,3.6],[94.54,3.6],[94.54,3.77],[94.51,3.79],[96.88,3.79]],[[96.81,3.53],[96.81,3.59],[96.73,3.6],[96.66,3.6],[96.55,3.57],[96.55,3.53],[96.59,3.52],[96.66,3.5],[96.73,3.5],[96.81,3.52],[96.81,3.53]],[[95.44,2.54],[95.44,2.59],[95.37,2.59],[95.37,2.51],[95.44,2.51],[95.44,2.54]]]}},{"type":"Feature","properties":{"precip":40},"geometry":{"type":"Polygon","coordinates":[[[69.7,3.79],[69.74,3.77],[69.74,3.72],[69.67,3.65],[69.63,3.64],[69.56,3.62],[69.56,3.65],[69.52,3.67],[69.52,3.71],[69.49,3.71],[69.49,3.67],[69.45,3.65],[69.45,3.64],[69.38,3.6],[69.31,3.62],[69.16,3.72],[69.16,3.76],[69.09,3.79],[69.7,3.79]]]}},{"type":"Feature","properties":{"precip":40},"geometry":{"type":"Polygon","coordinates":[[[75.35,3.76],[75.35,3.79],[75.53,3.79],[75.53,3.62],[75.5,3.6],[75.39,3.6],[75.39,3.64],[75.35,3.64],[75.35,3.76]]]}},{"type":"Feature","properties":{"precip":40},"geometry":{"type":"Polygon","coordinates":[[[68.44,3.71],[68.44,3.76],[68.48,3.77],[68.48,3.79],[68.48,3.79],[68.55,3.77],[68.55,3.64],[68.51,3.6],[68.48,3.6],[68.48,3.64],[68.44,3.64],[68.44,3.71]]]}},{"type":"Feature","properties":{"precip":40},"geometry":{"type":"Polygon","coordinates":[[[77.33,3.71],[77.33,3.72],[77.33,3.77],[77.4,3.79],[77.48,3.79],[77.55,3.77],[77.55,3.64],[77.55,3.59],[77.66,3.57],[77.66,3.52],[77.55,3.52],[77.55,3.53],[77.55,3.59],[77.51,3.59],[77.48,3.6],[77.4,3.6],[77.33,3.64],[77.33,3.67],[77.33,3.71]]]}},{"type":"Feature","properties":{"precip":40},"geometry":{"type":"Polygon","coordinates":[[[18.34,3.64],[18.34,3.67],[18.37,3.67],[18.37,3.71],[18.45,3.69],[18.45,3.62],[18.37,3.6],[18.34,3.64]]]}},{"type":"Feature","properties":{"precip":40},"geometry":{"type":"Polygon","coordinates":[[[74.85,3.64],[74.85,3.69],[74.92,3.69],[74.96,3.67],[74.96,3.62],[74.92,3.6],[74.85,3.62],[74.85,3.64]]]}},{"type":"Feature","properties":{"precip":40},"geometry":{"type":"Polygon","coordinates":[[[78.3,3.64],[78.41,3.71],[78.41,3.69],[78.41,3.64],[78.45,3.62],[78.56,3.6],[78.74,3.6],[78.84,3.59],[78.84,3.53],[78.77,3.45],[78.74,3.43],[78.63,3.41],[78.63,3.45],[78.56,3.5],[78.38,3.5],[78.34,3.52],[78.23,3.52],[78.23,3.59],[78.3,3.64]]]}},{"type":"Feature","properties":{"precip":40},"geometry":{"type":"Polygon","coordinates":[[[73.27,3.53],[73.27,3.59],[73.3,3.6],[73.34,3.59],[73.34,3.52],[73.3,3.5],[73.27,3.52],[73.27,3.53]]]}},{"type":"Feature","properties":{"precip":40},"geometry":{"type":"Polygon","coordinates":[[[75.75,3.53],[75.75,3.59],[75.82,3.59],[75.86,3.59],[75.86,3.52],[75.82,3.5],[75.75,3.52],[75.75,3.53]]]}},{"type":"Feature","properties":{"precip":40},"geometry":{"type":"Polygon","coordinates":[[[67.76,3.4],[67.76,3.47],[67.79,3.5],[67.9,3.5],[67.94,3.47],[67.94,3.31],[67.9,3.31],[67.79,3.31],[67.76,3.31],[67.76,3.4]]]}},{"type":"Feature","properties":{"precip":40},"geometry":{"type":"Polygon","coordinates":[[[68.26,3.45],[68.26,3.5],[68.33,3.5],[68.33,3.4],[68.26,3.41],[68.26,3.45]]]}},{"type":"Feature","properties":{"precip":40},"geometry":{"type":"Polygon","coordinates":[[[32.66,3.35],[32.66,3.38],[32.7,3.38],[32.77,3.4],[32.95,3.4],[33.02,3.38],[33.06,3.35],[33.06,3.24],[33.02,3.23],[32.95,3.19],[32.84,3.19],[32.77,3.18],[32.77,3.14],[32.74,3.12],[32.74,3.02],[32.7,3.0],[32.59,3.0],[32.56,3.04],[32.56,3.16],[32.59,3.18],[32.59,3.19],[32.66,3.19],[32.74,3.21],[32.74,3.29],[32.66,3.31],[32.66,3.35]]]}},{"type":"Feature","properties":{"precip":40},"geometry":{"type":"Polygon","coordinates":[[[74.56,3.35],[74.56,3.38],[74.67,3.38],[74.71,3.4],[74.96,3.4],[75.03,3.38],[75.03,3.31],[75.07,3.26],[75.07,3.16],[75.03,3.12],[75.03,3.02],[74.96,3.0],[74.96,3.07],[74.92,3.07],[74.89,3.11],[74.81,3.11],[74.78,3.09],[74.78,3.06],[74.74,3.06],[74.74,2.92],[74.71,2.9],[74.63,2.92],[74.63,2.99],[74.56,2.95],[74.53,2.92],[74.53,2.9],[74.49,2.9],[74.45,2.92],[74.45,2.95],[74.42,2.95],[74.42,2.99],[74.38,2.99],[74.38,2.95],[74.35,2.95],[74.35,2.92],[74.27,2.9],[74.2,2.92],[74.17,2.94],[74.17,3.18],[74.24,3.19],[74.24,3.12],[74.27,3.12],[74.27,3.11],[74.35,3.11],[74.35,3.24],[74.38,3.26],[74.38,3.29],[74.49,3.31],[74.56,3.35]]]}},{"type":"Feature","properties":{"precip":40},"geometry":{"type":"Polygon","coordinates":[[[75.46,3.31],[75.46,3.36],[75.53,3.4],[75.68,3.4],[75.75,3.36],[75.75,3.14],[75.78,3.12],[75.78,3.11],[75.86,3.07],[75.86,3.04],[75.82,3.0],[75.68,3.0],[75.64,3.04],[75.64,3.07],[75.6,3.07],[75.53,3.11],[75.35,3.11],[75.28,3.11],[75.24,3.14],[75.24,3.24],[75.28,3.26],[75.28,3.29],[75.35,3.28],[75.35,3.21],[75.42,3.19],[75.42,3.24],[75.46,3.26],[75.46,3.31]]]}},{"type":"Feature","properties":{"precip":40},"geometry":{"type":"Polygon","coordinates":[[[68.05,3.24],[68.05,3.28],[68.08,3.28],[68.08,3.31],[68.12,3.31],[68.12,3.28],[68.15,3.28],[68.15,3.23],[68.12,3.19],[68.08,3.19],[68.05,3.23],[68.05,3.24]]]}},{"type":"Feature","properties":{"precip":40},"geometry":{"type":"Polygon","coordinates":[[[91.95,3.24],[91.95,3.28],[91.98,3.28],[91.98,3.31],[92.02,3.31],[92.02,3.28],[92.05,3.28],[92.05,3.23],[92.02,3.19],[91.98,3.19],[91.95,3.23],[91.95,3.24]]]}},{"type":"Feature","properties":{"precip":40},"geometry":{"type":"Polygon","coordinates":[[[92.56,3.16],[92.56,3.19],[92.63,3.19],[92.63,3.18],[92.67,3.16],[92.67,3.12],[92.77,3.11],[92.92,3.11],[92.99,3.09],[93.06,3.06],[93.06,3.02],[93.1,3.0],[93.21,3.0],[93.35,2.95],[93.35,2.94],[93.35,2.92],[93.42,2.92],[93.49,2.99],[93.53,2.99],[93.53,2.95],[93.57,2.95],[93.57,2.92],[93.64,2.92],[93.64,2.95],[93.67,2.99],[93.75,2.95],[93.75,2.85],[93.78,2.85],[93.78,2.82],[93.78,2.8],[93.89,2.8],[93.96,2.76],[93.96,2.71],[94.0,2.7],[94.11,2.7],[94.11,2.68],[94.18,2.64],[94.18,2.59],[94.21,2.59],[94.21,2.64],[94.29,2.7],[94.39,2.7],[94.43,2.68],[94.43,2.63],[94.43,2.59],[94.43,2.54],[94.43,2.51],[94.43,2.42],[94.39,2.39],[94.36,2.41],[94.32,2.46],[94.32,2.51],[94.29,2.51],[94.29,2.46],[94.21,2.46],[94.21,2.42],[94.18,2.39],[94.11,2.39],[94.07,2.35],[94.0,2.34],[94.0,2.32],[93.96,2.25],[93.89,2.22],[93.89,2.2],[93.78,2.2],[93.78,2.18],[93.75,2.17],[93.75,2.13],[93.67,2.08],[93.57,2.08],[93.57,2.05],[93.49,1.99],[93.42,1.99],[93.35,1.96],[93.35,1.82],[93.31,1.79],[93.28,1.79],[93.28,1.77],[93.24,1.75],[93.24,1.64],[93.21,1.6],[93.1,1.6],[93.06,1.6],[92.99,1.6],[92.92,1.57],[92.92,1.48],[92.88,1.4],[92.88,1.36],[92.85,1.33],[92.77,1.33],[92.7,1.36],[92.67,1.4],[92.59,1.4],[92.45,1.4],[92.38,1.38],[92.34,1.34],[92.34,1.26],[92.38,1.24],[92.38,1.21],[92.41,1.21],[92.49,1.21],[92.49,1.19],[92.49,1.14],[92.56,1.12],[92.56,0.97],[92.49,0.93],[92.49,0.9],[92.45,0.87],[92.45,0.75],[92.38,0.69],[92.27,0.69],[92.27,0.68],[92.27,0.63],[92.27,0.61],[92.45,0.61],[92.49,0.61],[92.88,0.61],[92.92,0.59],[93.03,0.59],[93.06,0.57],[93.13,0.57],[93.13,0.54],[93.13,0.52],[93.21,0.51],[93.31,0.51],[93.35,0.52],[93.35,0.57],[93.42,0.61],[93.49,0.61],[93.57,0.64],[93.57,0.68],[93.57,0.69],[93.67,0.69],[93.75,0.75],[93.75,0.87],[93.78,0.87],[93.78,0.9],[93.78,0.93],[93.85,0.93],[93.85,1.07],[93.89,1.09],[93.96,1.1],[94.0,1.14],[94.07,1.19],[94.14,1.24],[94.21,1.34],[94.21,1.41],[94.21,1.55],[94.32,1.6],[94.36,1.57],[94.36,1.53],[94.39,1.53],[94.39,1.5],[94.43,1.52],[94.43,1.53],[94.5,1.6],[94.54,1.58],[94.54,1.33],[94.43,1.29],[94.39,1.29],[94.36,1.26],[94.36,1.17],[94.32,1.14],[94.32,1.1],[94.21,1.07],[94.21,1.04],[94.29,1.04],[94.29,1.0],[94.32,1.0],[94.32,0.95],[94.36,0.93],[94.36,0.83],[94.39,0.8],[94.57,0.8],[94.65,0.83],[94.65,0.87],[94.75,0.9],[94.86,0.9],[94.93,0.87],[94.93,0.75],[94.97,0.71],[94.97,0.63],[95.04,0.61],[95.26,0.61],[95.29,0.57],[95.29,0.54],[95.37,0.49],[95.37,0.4],[95.29,0.37],[95.29,0.32],[95.26,0.3],[95.04,0.3],[94.97,0.27],[94.97,0.25],[94.93,0.21],[94.93,0.15],[94.86,0.08],[94.86,0.04],[94.75,0.01],[94.65,0.01],[94.65,0.04],[94.65,0.06],[94.65,0.15],[94.65,0.16],[94.65,0.2],[94.72,0.21],[94.72,0.23],[94.75,0.27],[94.75,0.54],[94.72,0.56],[94.72,0.61],[94.65,0.61],[94.65,0.57],[94.65,0.56],[94.65,0.42],[94.57,0.4],[94.54,0.4],[94.43,0.35],[94.36,0.23],[94.36,0.08],[94.32,0.04],[94.32,0.01],[94.29,0.01],[94.21,0.03],[94.21,0.06],[94.21,0.08],[94.14,0.06],[94.11,0.01],[94.11,-0.01],[94.07,-0.02],[94.0,-0.06],[93.89,-0.13],[93.78,-0.18],[93.78,-0.2],[93.75,-0.25],[93.67,-0.28],[93.67,-0.25],[93.64,-0.21],[93.57,-0.2],[93.57,-0.21],[93.57,-0.32],[93.53,-0.33],[93.53,-0.38],[93.46,-0.38],[93.46,-0.33],[93.35,-0.3],[93.28,-0.3],[93.24,-0.26],[93.24,-0.23],[93.1,-0.2],[92.92,-0.2],[92.81,-0.21],[92.7,-0.25],[92.7,-0.28],[92.7,-0.3],[92.67,-0.28],[92.67,-0.25],[92.63,-0.23],[92.49,-0.21],[92.45,-0.21],[92.34,-0.2],[91.84,-0.2],[91.77,-0.2],[91.69,-0.2],[91.55,-0.16],[91.55,-0.13],[91.48,-0.11],[91.37,-0.11],[91.3,-0.09],[91.19,-0.09],[91.15,-0.06],[91.12,-0.02],[91.12,0.01],[91.08,0.01],[91.08,0.04],[90.97,0.08],[90.97,0.1],[90.9,0.1],[90.87,0.11],[90.87,0.15],[90.83,0.2],[90.72,0.2],[90.65,0.16],[90.61,0.15],[90.61,0.1],[90.54,0.1],[90.54,0.15],[90.54,0.16],[90.47,0.2],[90.29,0.2],[90.25,0.18],[90.25,0.13],[90.11,0.1],[90.07,0.1],[89.97,0.13],[89.97,0.27],[90.0,0.3],[90.07,0.3],[90.11,0.33],[90.18,0.35],[90.18,0.39],[90.22,0.4],[90.22,0.42],[90.25,0.45],[90.33,0.49],[90.47,0.52],[90.54,0.56],[90.61,0.61],[90.65,0.66],[90.76,0.75],[90.83,0.8],[90.87,0.8],[90.94,0.81],[90.94,0.9],[90.97,0.92],[90.97,0.95],[90.97,0.98],[90.97,1.02],[91.05,1.05],[91.15,1.17],[91.19,1.21],[91.3,1.26],[91.37,1.29],[91.48,1.29],[91.51,1.31],[91.59,1.31],[91.62,1.34],[91.62,1.46],[91.62,1.5],[91.59,1.5],[91.59,1.53],[91.55,1.53],[91.55,1.75],[91.51,1.79],[91.51,1.81],[91.41,1.84],[91.41,1.86],[91.48,1.86],[91.51,1.89],[91.51,1.93],[91.55,1.98],[91.55,2.34],[91.59,2.37],[91.69,2.39],[91.91,2.39],[91.98,2.41],[92.05,2.41],[92.13,2.44],[92.16,2.44],[92.16,2.49],[92.23,2.51],[92.27,2.51],[92.34,2.52],[92.34,2.59],[92.27,2.61],[92.27,2.7],[92.23,2.71],[92.23,2.85],[92.16,2.92],[92.16,2.99],[92.2,3.02],[92.27,3.06],[92.27,3.07],[92.41,3.11],[92.49,3.11],[92.56,3.12],[92.56,3.16]]]}},{"type":"Feature","properties":{"precip":40},"geometry":{"type":"Polygon","coordinates":[[[73.66,3.07],[73.73,3.11],[73.95,3.11],[74.02,3.07],[74.06,3.06],[74.06,2.95],[74.02,2.94],[74.02,2.92],[73.95,2.9],[73.88,2.9],[73.73,2.95],[73.66,3.02],[73.66,3.07]]]}},{"type":"Feature","properties":{"precip":40},"geometry":{"type":"Polygon","coordinates":[[[9.45,2.9],[9.45,2.95],[9.56,3.0],[9.56,2.99],[9.63,2.99],[9.63,2.94],[9.66,2.92],[9.66,2.85],[9.63,2.85],[9.63,2.82],[9.59,2.8],[9.52,2.8],[9.45,2.85],[9.45,2.9]]]}},{"type":"Feature","properties":{"precip":40},"geometry":{"type":"Polygon","coordinates":[[[81.87,2.75],[81.87,2.8],[81.9,2.78],[81.9,2.71],[81.87,2.71],[81.87,2.75]]]}},{"type":"Feature","properties":{"precip":40},"geometry":{"type":"Polygon","coordinates":[[[78.63,2.64],[78.63,2.7],[78.74,2.7],[78.74,2.59],[78.63,2.59],[78.63,2.64]]]}},{"type":"Feature","properties":{"precip":40},"geometry":{"type":"Polygon","coordinates":[[[94.86,2.39],[94.86,2.47],[94.93,2.49],[94.93,2.32],[94.86,2.3],[94.86,2.32],[94.86,2.39]]]}},{"type":"Feature","properties":{"precip":40},"geometry":{"type":"Polygon","coordinates":[[[96.16,2.37],[96.16,2.39],[96.37,2.39],[96.45,2.37],[96.45,2.23],[96.37,2.2],[96.34,2.2],[96.27,2.23],[96.23,2.27],[96.16,2.27],[96.16,2.32],[96.16,2.37]]]}},{"type":"Feature","properties":{"precip":40},"geometry":{"type":"Polygon","coordinates":[[[90.33,2.25],[90.33,2.27],[90.4,2.3],[90.51,2.3],[90.54,2.27],[90.54,2.22],[90.51,2.2],[90.4,2.2],[90.33,2.22],[90.33,2.25]]]}},{"type":"Feature","properties":{"precip":40},"geometry":{"type":"Polygon","coordinates":[[[96.81,2.25],[96.81,2.27],[96.88,2.27],[96.88,2.3],[96.95,2.25],[96.95,2.11],[96.91,2.06],[96.91,2.01],[96.88,1.96],[96.81,1.93],[96.77,1.91],[96.59,1.91],[96.55,1.94],[96.55,2.15],[96.59,2.18],[96.66,2.2],[96.77,2.2],[96.81,2.22],[96.81,2.25]]]}},{"type":"Feature","properties":{"precip":40},"geometry":{"type":"Polygon","coordinates":[[[9.56,2.08],[9.56,2.18],[9.63,2.18],[9.63,2.13],[9.66,2.13],[9.66,2.08],[9.63,2.06],[9.63,2.01],[9.56,2.01],[9.56,2.08]]]}},{"type":"Feature","properties":{"precip":40},"geometry":{"type":"Polygon","coordinates":[[[95.91,2.13],[95.94,2.13],[95.94,2.17],[96.05,2.2],[96.16,2.13],[96.34,1.87],[96.34,1.72],[96.3,1.7],[96.27,1.72],[96.23,1.77],[96.23,1.79],[96.16,1.77],[96.16,1.72],[96.12,1.7],[96.09,1.7],[96.05,1.72],[96.05,1.84],[96.01,1.86],[96.01,1.89],[95.94,1.91],[95.94,1.93],[95.91,1.98],[95.91,1.99],[95.87,2.03],[95.87,2.08],[95.91,2.08],[95.91,2.13]]]}},{"type":"Feature","properties":{"precip":40},"geometry":{"type":"Polygon","coordinates":[[[97.24,2.01],[97.24,2.08],[97.24,2.13],[97.24,2.18],[97.35,2.18],[97.35,2.06],[97.38,2.01],[97.45,1.99],[97.63,1.99],[97.67,1.98],[97.74,1.98],[97.74,1.94],[97.78,1.93],[97.85,1.91],[97.99,1.91],[98.07,1.89],[98.1,1.86],[98.1,1.84],[98.17,1.84],[98.17,1.81],[98.32,1.79],[98.32,1.75],[98.32,1.67],[98.28,1.57],[98.21,1.52],[98.17,1.46],[98.1,1.43],[98.03,1.4],[97.89,1.4],[97.89,1.38],[97.85,1.38],[97.85,1.33],[97.81,1.29],[97.78,1.31],[97.78,1.34],[97.74,1.36],[97.74,1.46],[97.67,1.5],[97.63,1.5],[97.56,1.53],[97.56,1.64],[97.53,1.67],[97.53,1.69],[97.45,1.7],[97.42,1.7],[97.35,1.75],[97.24,1.84],[97.24,1.89],[97.24,1.94],[97.24,2.01]]]}},{"type":"Feature","properties":{"precip":40},"geometry":{"type":"Polygon","coordinates":[[[98.1,2.06],[98.17,2.08],[98.25,2.06],[98.32,1.99],[98.32,1.96],[98.32,1.94],[98.32,1.93],[98.28,1.93],[98.17,2.01],[98.17,2.05],[98.1,2.06]]]}},{"type":"Feature","properties":{"precip":40},"geometry":{"type":"Polygon","coordinates":[[[97.02,1.82],[97.02,1.87],[97.13,1.89],[97.13,1.86],[97.17,1.84],[97.17,1.79],[97.13,1.75],[97.13,1.72],[97.09,1.7],[96.99,1.7],[96.95,1.72],[96.95,1.77],[97.02,1.82]]]}},{"type":"Feature","properties":{"precip":40},"geometry":{"type":"Polygon","coordinates":[[[85.86,1.6],[85.86,1.77],[85.94,1.79],[85.94,1.67],[85.97,1.67],[85.97,1.6],[86.01,1.58],[86.01,1.43],[85.97,1.4],[85.9,1.4],[85.86,1.45],[85.86,1.6]]]}},{"type":"Feature","properties":{"precip":40},"geometry":{"type":"Polygon","coordinates":[[[93.96,1.57],[93.96,1.6],[94.07,1.55],[94.07,1.53],[94.11,1.52],[94.11,1.46],[94.14,1.46],[94.14,1.41],[94.11,1.41],[94.0,1.46],[93.96,1.53],[93.96,1.57]]]}},{"type":"Feature","properties":{"precip":40},"geometry":{"type":"Polygon","coordinates":[[[32.74,1.45],[32.77,1.46],[32.77,1.5],[32.84,1.5],[32.84,1.4],[32.77,1.4],[32.77,1.43],[32.74,1.45]]]}},{"type":"Feature","properties":{"precip":40},"geometry":{"type":"Polygon","coordinates":[[[85.25,1.45],[85.25,1.48],[85.32,1.5],[85.32,1.48],[85.32,1.41],[85.29,1.4],[85.25,1.41],[85.25,1.45]]]}},{"type":"Feature","properties":{"precip":40},"geometry":{"type":"Polygon","coordinates":[[[85.47,1.45],[85.47,1.5],[85.54,1.5],[85.54,1.4],[85.47,1.4],[85.47,1.45]]]}},{"type":"Feature","properties":{"precip":40},"geometry":{"type":"Polygon","coordinates":[[[8.84,1.1],[8.84,1.14],[8.87,1.16],[8.87,1.21],[8.94,1.19],[8.94,1.14],[9.02,1.1],[9.09,1.1],[9.16,1.14],[9.16,1.17],[9.23,1.16],[9.34,1.07],[9.45,0.95],[9.56,0.75],[9.56,0.68],[9.52,0.64],[9.52,0.61],[9.38,0.59],[9.38,0.56],[9.34,0.54],[9.34,0.47],[9.38,0.44],[9.38,0.4],[9.41,0.4],[9.45,0.37],[9.45,0.27],[9.41,0.25],[9.41,0.21],[9.38,0.15],[9.27,0.11],[9.2,0.1],[9.12,0.1],[9.12,0.08],[9.05,0.08],[9.05,0.01],[8.98,0.01],[8.87,-0.04],[8.76,-0.14],[8.76,-0.25],[8.73,-0.25],[8.73,-0.28],[8.69,-0.3],[8.58,-0.3],[8.58,-0.25],[8.55,-0.25],[8.55,0.06],[8.51,0.1],[8.4,0.1],[8.37,0.11],[8.37,0.18],[8.48,0.27],[8.48,0.28],[8.55,0.27],[8.55,0.21],[8.58,0.2],[8.62,0.21],[8.62,0.27],[8.66,0.3],[8.66,0.47],[8.73,0.52],[8.73,0.66],[8.76,0.69],[8.76,0.98],[8.84,1.0],[8.84,1.1]],[[9.16,0.4],[9.16,0.44],[9.09,0.49],[9.02,0.49],[8.94,0.47],[8.87,0.4],[8.87,0.33],[8.84,0.3],[8.87,0.27],[8.87,0.23],[8.91,0.21],[8.91,0.16],[8.98,0.11],[9.05,0.11],[9.05,0.27],[9.12,0.3],[9.12,0.33],[9.16,0.35],[9.16,0.4]],[[9.34,0.25],[9.34,0.28],[9.27,0.3],[9.27,0.27],[9.23,0.25],[9.27,0.23],[9.27,0.21],[9.34,0.21],[9.34,0.25]]]}},{"type":"Feature","properties":{"precip":40},"geometry":{"type":"Polygon","coordinates":[[[98.46,0.95],[98.46,1.0],[98.53,1.0],[98.53,0.9],[98.46,0.92],[98.46,0.95]]]}},{"type":"Feature","properties":{"precip":40},"geometry":{"type":"Polygon","coordinates":[[[9.66,0.75],[9.66,0.8],[9.7,0.8],[9.74,0.8],[9.74,0.71],[9.7,0.69],[9.66,0.71],[9.66,0.75]]]}},{"type":"Feature","properties":{"precip":40},"geometry":{"type":"Polygon","coordinates":[[[98.46,0.54],[98.46,0.68],[98.5,0.69],[98.61,0.69],[98.64,0.68],[98.64,0.61],[98.61,0.61],[98.61,0.57],[98.53,0.54],[98.61,0.52],[98.61,0.49],[98.64,0.47],[98.64,0.35],[98.68,0.33],[98.68,0.3],[98.71,0.3],[98.75,0.33],[98.75,0.47],[98.75,0.51],[98.82,0.49],[98.82,0.42],[98.86,0.39],[98.86,-0.02],[98.93,-0.11],[98.93,-0.14],[99.04,-0.23],[99.07,-0.26],[99.14,-0.28],[99.14,-0.77],[99.11,-0.79],[99.04,-0.78],[99.04,-0.71],[98.97,-0.71],[98.93,-0.78],[98.86,-0.79],[98.75,-0.79],[98.68,-0.78],[98.64,-0.73],[98.53,-0.66],[98.53,-0.62],[98.46,-0.59],[98.39,-0.59],[98.32,-0.59],[98.32,-0.52],[98.25,-0.5],[98.1,-0.5],[98.07,-0.47],[98.07,-0.38],[98.03,-0.37],[98.03,-0.32],[97.99,-0.28],[97.96,-0.28],[97.96,-0.11],[97.89,-0.06],[97.89,-0.01],[97.85,0.04],[97.81,0.1],[97.74,0.18],[97.74,0.21],[97.78,0.25],[97.78,0.27],[97.89,0.3],[97.96,0.3],[98.07,0.27],[98.07,0.21],[98.1,0.21],[98.1,0.25],[98.17,0.27],[98.28,0.3],[98.43,0.3],[98.46,0.32],[98.53,0.32],[98.53,0.4],[98.5,0.4],[98.46,0.42],[98.46,0.54]]]}},{"type":"Feature","properties":{"precip":40},"geometry":{"type":"Polygon","coordinates":[[[21.76,0.06],[21.76,0.08],[21.83,0.1],[21.94,0.08],[22.01,-0.02],[22.08,-0.08],[22.15,-0.18],[22.15,-0.28],[22.23,-0.3],[22.26,-0.26],[22.26,-0.21],[22.3,-0.21],[22.37,-0.25],[22.37,-0.26],[22.44,-0.33],[22.44,-0.38],[22.41,-0.38],[22.37,-0.44],[22.37,-0.49],[22.41,-0.52],[22.48,-0.56],[22.51,-0.59],[22.59,-0.59],[22.73,-0.59],[22.8,-0.61],[22.84,-0.64],[22.84,-0.78],[22.8,-0.78],[22.77,-0.81],[22.77,-0.98],[22.73,-1.02],[22.73,-1.09],[22.69,-1.1],[22.62,-1.1],[22.55,-1.14],[22.55,-1.27],[22.48,-1.31],[22.48,-1.33],[22.44,-1.34],[22.44,-1.44],[22.41,-1.5],[22.37,-1.51],[22.3,-1.51],[22.26,-1.48],[22.19,-1.44],[22.05,-1.34],[22.01,-1.31],[21.9,-1.22],[21.87,-1.22],[21.87,-1.26],[21.79,-1.29],[21.72,-1.31],[21.65,-1.33],[21.65,-1.36],[21.61,-1.36],[21.61,-1.39],[21.58,-1.39],[21.58,-1.36],[21.54,-1.33],[21.47,-1.31],[21.4,-1.31],[21.36,-1.27],[21.36,-1.22],[21.4,-1.17],[21.43,-1.17],[21.43,-1.12],[21.4,-1.12],[21.4,-1.1],[21.36,-1.07],[21.36,-0.83],[21.33,-0.78],[21.33,-0.71],[21.25,-0.69],[21.25,-0.59],[21.29,-0.56],[21.36,-0.45],[21.43,-0.37],[21.47,-0.33],[21.47,-0.32],[21.54,-0.25],[21.54,-0.14],[21.58,-0.11],[21.65,-0.13],[21.65,-0.16],[21.69,-0.2],[21.79,-0.13],[21.79,-0.11],[21.83,-0.08],[21.83,-0.01],[21.76,0.01],[21.76,0.06]]]}},{"type":"Feature","properties":{"precip":40},"geometry":{"type":"Polygon","coordinates":[[[90.76,-0.56],[90.76,-0.52],[90.87,-0.5],[91.05,-0.5],[91.12,-0.52],[91.15,-0.56],[91.15,-0.66],[91.26,-0.71],[91.37,-0.71],[91.41,-0.71],[91.41,-0.78],[91.41,-0.79],[91.41,-0.83],[91.37,-0.83],[91.37,-0.85],[91.41,-0.91],[91.41,-0.97],[91.26,-1.0],[90.97,-1.0],[90.9,-1.02],[90.83,-1.05],[90.83,-1.09],[90.76,-1.1],[90.65,-1.1],[90.54,-1.12],[90.54,-1.14],[90.54,-1.17],[90.54,-1.19],[90.65,-1.19],[90.72,-1.21],[90.76,-1.24],[90.76,-1.26],[90.65,-1.31],[90.54,-1.31],[90.43,-1.27],[90.29,-1.19],[90.25,-1.15],[90.18,-1.1],[90.11,-1.05],[90.11,-0.97],[90.18,-0.93],[90.18,-0.9],[90.25,-0.85],[90.33,-0.79],[90.4,-0.79],[90.43,-0.78],[90.43,-0.71],[90.47,-0.67],[90.47,-0.62],[90.54,-0.59],[90.69,-0.59],[90.76,-0.56]]]}},{"type":"Feature","properties":{"precip":40},"geometry":{"type":"Polygon","coordinates":[[[32.95,-0.62],[32.95,-0.61],[33.06,-0.59],[33.13,-0.62],[33.13,-0.67],[33.17,-0.71],[33.13,-0.71],[33.13,-0.79],[33.1,-0.79],[33.1,-0.78],[33.06,-0.76],[32.99,-0.71],[32.99,-0.67],[32.95,-0.66],[32.95,-0.62]]]}},{"type":"Feature","properties":{"precip":40},"geometry":{"type":"Polygon","coordinates":[[[92.56,-0.66],[92.56,-0.61],[92.59,-0.59],[92.63,-0.61],[92.63,-0.64],[92.67,-0.64],[92.67,-0.66],[92.63,-0.66],[92.63,-0.69],[92.59,-0.71],[92.56,-0.69],[92.56,-0.66]]]}},{"type":"Feature","properties":{"precip":40},"geometry":{"type":"Polygon","coordinates":[[[85.76,-0.85],[85.79,-0.78],[85.9,-0.74],[85.97,-0.71],[86.01,-0.71],[86.12,-0.71],[86.19,-0.71],[86.22,-0.76],[86.37,-0.85],[86.37,-0.86],[86.4,-0.9],[86.44,-0.9],[86.55,-0.91],[86.55,-0.97],[86.44,-1.02],[86.4,-1.09],[86.4,-1.12],[86.37,-1.12],[86.37,-1.17],[86.4,-1.17],[86.4,-1.21],[86.4,-1.36],[86.37,-1.44],[86.3,-1.5],[86.19,-1.51],[86.12,-1.58],[86.12,-1.6],[86.08,-1.62],[86.08,-1.63],[86.01,-1.65],[85.97,-1.7],[85.94,-1.7],[85.86,-1.74],[85.79,-1.77],[85.79,-1.79],[85.76,-1.8],[85.76,-1.84],[85.72,-1.86],[85.68,-1.89],[85.65,-1.87],[85.65,-1.84],[85.76,-1.77],[85.76,-1.74],[85.68,-1.7],[85.58,-1.7],[85.5,-1.7],[85.47,-1.68],[85.47,-1.62],[85.5,-1.6],[85.54,-1.6],[85.65,-1.56],[85.65,-1.44],[85.54,-1.39],[85.5,-1.39],[85.47,-1.38],[85.47,-1.36],[85.43,-1.34],[85.43,-1.31],[85.36,-1.31],[85.32,-1.31],[85.25,-1.26],[85.25,-1.14],[85.29,-1.1],[85.32,-1.1],[85.32,-1.12],[85.32,-1.17],[85.43,-1.19],[85.43,-1.15],[85.5,-1.12],[85.54,-1.1],[85.65,-1.1],[85.76,-1.05],[85.76,-1.02],[85.68,-0.98],[85.68,-0.91],[85.72,-0.9],[85.72,-0.86],[85.76,-0.85]]]}},{"type":"Feature","properties":{"precip":40},"geometry":{"type":"Polygon","coordinates":[[[27.73,-0.95],[27.77,-0.91],[27.84,-0.9],[27.88,-0.9],[27.95,-0.91],[27.95,-0.98],[27.88,-0.98],[27.88,-1.0],[27.77,-0.98],[27.77,-0.97],[27.73,-0.95]]]}},{"type":"Feature","properties":{"precip":40},"geometry":{"type":"Polygon","coordinates":[[[98.86,-1.05],[98.86,-1.0],[98.93,-1.0],[98.93,-1.03],[98.97,-1.05],[98.93,-1.07],[98.93,-1.1],[98.86,-1.09],[98.86,-1.05]]]}},{"type":"Feature","properties":{"precip":40},"geometry":{"type":"Polygon","coordinates":[[[80.9,-1.27],[80.97,-1.22],[81.0,-1.21],[81.11,-1.21],[81.15,-1.22],[81.15,-1.29],[81.04,-1.31],[81.0,-1.33],[81.0,-1.36],[81.11,-1.39],[81.18,-1.39],[81.22,-1.38],[81.22,-1.36],[81.22,-1.34],[81.22,-1.24],[81.33,-1.21],[81.44,-1.21],[81.54,-1.19],[81.62,-1.21],[81.69,-1.21],[81.8,-1.22],[81.87,-1.31],[81.9,-1.36],[82.05,-1.44],[82.08,-1.44],[82.08,-1.48],[82.12,-1.5],[82.12,-1.51],[82.23,-1.51],[82.23,-1.53],[82.26,-1.53],[82.26,-1.58],[82.3,-1.58],[82.3,-1.55],[82.41,-1.51],[82.44,-1.51],[82.44,-1.56],[82.52,-1.6],[82.55,-1.6],[82.66,-1.56],[82.66,-1.53],[82.7,-1.51],[82.77,-1.6],[82.88,-1.6],[82.95,-1.53],[82.95,-1.44],[82.98,-1.39],[83.09,-1.39],[83.16,-1.36],[83.16,-1.31],[83.2,-1.31],[83.38,-1.31],[83.42,-1.33],[83.42,-1.46],[83.52,-1.5],[83.6,-1.51],[83.6,-1.55],[83.63,-1.55],[83.6,-1.58],[83.6,-1.6],[83.56,-1.63],[83.56,-1.82],[83.52,-1.84],[83.52,-1.89],[83.49,-1.91],[83.38,-1.91],[83.38,-1.94],[83.34,-1.96],[83.34,-2.06],[83.31,-2.1],[83.2,-2.11],[83.16,-2.1],[83.16,-2.04],[83.13,-2.04],[83.13,-2.01],[83.06,-1.99],[82.95,-2.01],[82.95,-2.04],[82.95,-2.16],[82.88,-2.2],[82.88,-2.16],[82.84,-2.15],[82.84,-2.03],[82.73,-2.01],[82.7,-2.01],[82.62,-1.99],[82.3,-1.99],[82.26,-1.98],[82.19,-1.98],[82.12,-1.96],[82.12,-1.92],[82.08,-1.91],[82.01,-1.91],[81.98,-1.89],[81.98,-1.86],[81.9,-1.84],[81.9,-1.72],[81.87,-1.7],[81.8,-1.7],[81.69,-1.7],[81.58,-1.7],[81.54,-1.7],[81.44,-1.7],[81.36,-1.72],[81.36,-1.77],[81.22,-1.8],[81.11,-1.8],[81.0,-1.84],[81.0,-1.87],[80.97,-1.89],[80.97,-1.91],[80.82,-1.91],[80.79,-1.87],[80.75,-1.87],[80.75,-1.84],[80.72,-1.82],[80.61,-1.8],[80.54,-1.8],[80.39,-1.79],[80.36,-1.79],[80.28,-1.77],[80.18,-1.7],[80.14,-1.63],[80.14,-1.56],[80.14,-1.53],[80.25,-1.51],[80.54,-1.51],[80.61,-1.53],[80.61,-1.58],[80.68,-1.58],[80.72,-1.6],[80.79,-1.6],[80.79,-1.58],[80.79,-1.56],[80.82,-1.53],[80.82,-1.36],[80.9,-1.33],[80.9,-1.27]],[[82.73,-1.65],[82.73,-1.63],[82.73,-1.6],[82.66,-1.62],[82.66,-1.7],[82.73,-1.7],[82.73,-1.65]]]}},{"type":"Feature","properties":{"precip":40},"geometry":{"type":"Polygon","coordinates":[[[84.64,-1.24],[84.64,-1.21],[84.68,-1.21],[84.71,-1.24],[84.82,-1.31],[84.82,-1.36],[84.86,-1.38],[84.78,-1.38],[84.68,-1.31],[84.68,-1.27],[84.68,-1.24],[84.64,-1.24]]]}},{"type":"Feature","properties":{"precip":40},"geometry":{"type":"Polygon","coordinates":[[[32.66,-1.44],[32.66,-1.41],[32.7,-1.39],[32.74,-1.41],[32.74,-1.5],[32.66,-1.5],[32.66,-1.44]]]}},{"type":"Feature","properties":{"precip":40},"geometry":{"type":"Polygon","coordinates":[[[90.0,-1.62],[90.07,-1.53],[90.11,-1.51],[90.11,-1.65],[90.11,-1.7],[90.0,-1.77],[89.89,-1.8],[89.86,-1.82],[89.86,-1.87],[89.89,-1.87],[89.97,-1.91],[90.11,-1.91],[90.25,-1.94],[90.25,-2.16],[90.18,-2.2],[90.07,-2.2],[89.89,-2.25],[89.89,-2.28],[89.89,-2.3],[89.89,-2.32],[89.86,-2.35],[89.75,-2.39],[89.64,-2.4],[89.46,-2.4],[89.35,-2.44],[89.35,-2.47],[89.25,-2.51],[89.21,-2.51],[89.14,-2.52],[89.17,-2.54],[89.17,-2.59],[89.21,-2.63],[89.32,-2.68],[89.46,-2.69],[89.53,-2.69],[89.61,-2.69],[89.68,-2.63],[89.68,-2.61],[89.75,-2.63],[89.75,-2.68],[89.68,-2.68],[89.68,-2.69],[89.68,-2.75],[89.64,-2.76],[89.64,-2.88],[89.57,-2.9],[89.57,-2.97],[89.53,-2.97],[89.53,-3.0],[89.57,-3.04],[89.57,-3.07],[89.61,-3.09],[89.68,-3.09],[89.75,-3.09],[89.75,-3.04],[89.79,-3.04],[89.86,-3.0],[90.04,-3.0],[90.11,-3.04],[90.11,-3.16],[90.07,-3.19],[89.97,-3.22],[89.97,-3.29],[90.0,-3.29],[90.07,-3.29],[90.11,-3.31],[90.11,-3.36],[90.11,-3.41],[90.04,-3.46],[90.04,-3.48],[89.97,-3.5],[89.97,-3.45],[89.89,-3.41],[89.82,-3.4],[89.68,-3.41],[89.64,-3.43],[89.64,-3.48],[89.75,-3.53],[89.75,-3.55],[89.68,-3.6],[89.68,-3.67],[89.64,-3.69],[89.64,-3.87],[89.57,-3.91],[89.57,-3.96],[89.53,-3.96],[89.53,-4.08],[89.46,-4.08],[89.46,-4.11],[89.43,-4.15],[89.43,-4.18],[89.35,-4.22],[89.35,-4.29],[89.43,-4.32],[89.43,-4.35],[89.46,-4.35],[89.43,-4.39],[89.35,-4.42],[89.35,-4.47],[89.43,-4.49],[89.46,-4.49],[89.53,-4.49],[89.53,-4.46],[89.57,-4.42],[89.61,-4.41],[89.68,-4.41],[89.68,-4.42],[89.75,-4.46],[89.82,-4.49],[89.82,-4.47],[89.86,-4.46],[89.86,-4.42],[89.89,-4.41],[89.89,-4.42],[89.89,-4.44],[89.97,-4.46],[89.97,-4.49],[90.0,-4.49],[90.07,-4.49],[90.11,-4.47],[90.11,-4.42],[90.22,-4.41],[90.33,-4.41],[90.47,-4.35],[90.47,-4.32],[90.51,-4.3],[90.51,-4.29],[90.54,-4.27],[90.54,-4.23],[90.61,-4.2],[90.65,-4.22],[90.65,-4.37],[90.72,-4.41],[90.76,-4.42],[90.76,-4.47],[90.69,-4.49],[90.61,-4.51],[90.61,-4.53],[90.54,-4.56],[90.43,-4.64],[90.43,-4.68],[90.33,-4.75],[90.29,-4.76],[90.29,-4.78],[90.18,-4.82],[90.11,-4.88],[90.11,-4.9],[90.07,-4.94],[90.0,-4.95],[89.97,-4.99],[89.89,-5.0],[89.79,-5.0],[89.75,-4.99],[89.75,-4.92],[89.68,-4.9],[89.61,-4.9],[89.57,-4.92],[89.57,-4.95],[89.53,-4.95],[89.53,-4.99],[89.46,-5.0],[89.43,-5.0],[89.35,-5.02],[89.35,-5.07],[89.32,-5.09],[89.25,-5.09],[89.21,-5.07],[89.03,-4.97],[89.03,-4.95],[88.99,-4.88],[88.99,-4.87],[88.96,-4.83],[88.96,-4.75],[88.92,-4.75],[88.92,-4.71],[88.89,-4.7],[88.81,-4.7],[88.78,-4.71],[88.78,-4.75],[88.74,-4.75],[88.74,-4.88],[88.67,-4.9],[88.6,-4.92],[88.53,-4.97],[88.45,-5.04],[88.45,-5.16],[88.38,-5.18],[88.38,-5.21],[88.35,-5.18],[88.35,-5.12],[88.31,-5.09],[88.28,-5.11],[88.28,-5.14],[88.24,-5.16],[88.24,-5.28],[88.17,-5.3],[88.1,-5.3],[88.06,-5.33],[88.06,-5.35],[88.02,-5.4],[87.84,-5.4],[87.74,-5.36],[87.7,-5.33],[87.7,-5.31],[87.66,-5.33],[87.66,-5.35],[87.59,-5.38],[87.48,-5.4],[87.27,-5.4],[87.2,-5.41],[86.87,-5.41],[86.84,-5.41],[86.8,-5.41],[86.73,-5.45],[86.73,-5.48],[86.66,-5.5],[86.66,-5.47],[86.62,-5.47],[86.62,-5.43],[86.58,-5.41],[86.44,-5.41],[86.4,-5.45],[86.4,-5.47],[86.37,-5.5],[86.3,-5.5],[86.15,-5.47],[86.12,-5.43],[86.12,-5.41],[86.08,-5.41],[86.08,-5.43],[86.01,-5.47],[85.94,-5.5],[85.86,-5.48],[85.86,-5.43],[85.76,-5.41],[85.58,-5.41],[85.54,-5.43],[85.54,-5.47],[85.47,-5.5],[85.32,-5.47],[85.32,-5.43],[85.32,-5.41],[85.29,-5.41],[85.25,-5.43],[85.25,-5.47],[85.14,-5.48],[85.14,-5.47],[85.11,-5.43],[85.07,-5.41],[84.93,-5.41],[84.93,-5.47],[84.89,-5.5],[84.82,-5.5],[84.78,-5.47],[84.71,-5.47],[84.71,-5.43],[84.68,-5.41],[84.5,-5.41],[84.46,-5.41],[84.46,-5.47],[84.39,-5.5],[84.28,-5.48],[84.17,-5.38],[84.17,-5.35],[84.14,-5.31],[84.03,-5.31],[84.03,-5.41],[84.03,-5.45],[84.03,-5.48],[83.99,-5.5],[83.92,-5.5],[83.81,-5.53],[83.81,-5.59],[83.78,-5.6],[83.78,-5.55],[83.74,-5.53],[83.74,-5.47],[83.78,-5.45],[83.78,-5.41],[83.81,-5.38],[83.81,-5.28],[83.81,-5.23],[83.81,-5.21],[83.74,-5.12],[83.63,-5.11],[83.63,-5.14],[83.6,-5.21],[83.56,-5.16],[83.56,-5.06],[83.49,-5.0],[83.31,-5.0],[83.27,-5.02],[83.27,-5.07],[83.2,-5.11],[83.2,-5.26],[83.16,-5.28],[83.13,-5.3],[82.91,-5.3],[82.88,-5.28],[82.77,-5.28],[82.73,-5.28],[82.73,-5.24],[82.73,-5.21],[82.66,-5.21],[82.44,-5.21],[82.34,-5.21],[82.34,-5.24],[82.3,-5.24],[82.3,-5.3],[82.26,-5.3],[82.12,-5.28],[82.08,-5.21],[82.08,-5.18],[82.05,-5.14],[81.98,-5.11],[81.87,-5.11],[81.83,-5.09],[81.69,-5.09],[81.65,-5.07],[81.65,-4.92],[81.58,-4.9],[81.44,-5.0],[81.44,-5.09],[81.44,-5.12],[81.44,-5.18],[81.4,-5.18],[81.33,-5.21],[81.22,-5.21],[81.18,-5.18],[81.15,-5.14],[81.15,-4.87],[81.18,-4.83],[81.18,-4.8],[81.22,-4.8],[81.22,-4.75],[81.22,-4.53],[81.26,-4.49],[81.33,-4.49],[81.33,-4.53],[81.36,-4.54],[81.36,-4.59],[81.4,-4.61],[81.44,-4.59],[81.54,-4.56],[81.62,-4.49],[81.65,-4.44],[81.65,-4.42],[81.8,-4.39],[81.83,-4.39],[81.83,-4.3],[81.87,-4.27],[81.87,-4.15],[81.9,-4.08],[82.01,-4.01],[82.05,-4.01],[82.08,-4.01],[82.23,-3.98],[82.23,-3.96],[82.26,-3.93],[82.26,-3.81],[82.3,-3.81],[82.3,-3.86],[82.34,-3.87],[82.34,-3.89],[82.44,-3.87],[82.44,-3.65],[82.48,-3.62],[82.52,-3.6],[82.55,-3.6],[82.62,-3.58],[82.62,-3.55],[82.66,-3.55],[82.66,-3.43],[82.73,-3.38],[82.73,-3.29],[82.73,-3.24],[82.73,-3.12],[82.84,-3.09],[82.95,-3.09],[83.06,-3.07],[83.06,-3.04],[83.13,-3.0],[83.16,-3.0],[83.2,-2.97],[83.2,-2.8],[83.27,-2.76],[83.27,-2.71],[83.31,-2.71],[83.38,-2.8],[83.38,-2.9],[83.34,-2.95],[83.31,-3.0],[83.2,-3.05],[83.16,-3.1],[83.16,-3.14],[83.16,-3.17],[83.2,-3.21],[83.38,-3.21],[83.42,-3.22],[83.42,-3.28],[83.38,-3.28],[83.38,-3.29],[83.31,-3.29],[83.13,-3.36],[83.09,-3.4],[82.98,-3.48],[82.95,-3.55],[82.88,-3.64],[82.88,-3.69],[82.98,-3.69],[83.06,-3.67],[83.06,-3.62],[83.13,-3.6],[83.27,-3.6],[83.34,-3.57],[83.34,-3.45],[83.38,-3.43],[83.38,-3.41],[83.42,-3.4],[83.52,-3.4],[83.56,-3.36],[83.56,-3.33],[83.6,-3.29],[83.78,-3.29],[83.81,-3.34],[83.81,-3.45],[83.85,-3.48],[83.85,-3.5],[83.92,-3.5],[83.96,-3.53],[83.96,-3.62],[83.99,-3.67],[83.99,-3.7],[84.03,-3.77],[84.06,-3.79],[84.14,-3.77],[84.14,-3.76],[84.17,-3.72],[84.24,-3.69],[84.28,-3.69],[84.35,-3.69],[84.35,-3.62],[84.42,-3.6],[84.46,-3.6],[84.5,-3.62],[84.5,-3.67],[84.57,-3.69],[84.57,-3.76],[84.6,-3.81],[84.68,-3.89],[84.78,-3.89],[84.89,-3.89],[84.89,-3.84],[84.93,-3.82],[84.93,-3.72],[85.04,-3.7],[85.04,-3.76],[85.11,-3.79],[85.14,-3.81],[85.14,-3.79],[85.25,-3.77],[85.25,-3.72],[85.22,-3.69],[85.14,-3.69],[85.14,-3.67],[85.11,-3.65],[85.11,-3.55],[85.14,-3.53],[85.14,-3.5],[85.25,-3.52],[85.25,-3.57],[85.29,-3.57],[85.32,-3.6],[85.47,-3.6],[85.54,-3.62],[85.54,-3.65],[85.58,-3.69],[85.72,-3.69],[85.76,-3.67],[85.76,-3.62],[85.9,-3.6],[86.08,-3.6],[86.15,-3.62],[86.19,-3.64],[86.22,-3.65],[86.33,-3.72],[86.33,-3.77],[86.37,-3.82],[86.37,-3.89],[86.4,-3.89],[86.44,-3.84],[86.44,-3.81],[86.51,-3.81],[86.55,-3.84],[86.62,-3.89],[86.62,-3.86],[86.66,-3.82],[86.76,-3.81],[86.84,-3.81],[86.94,-3.77],[86.94,-3.74],[86.98,-3.7],[87.05,-3.69],[87.09,-3.69],[87.16,-3.67],[87.16,-3.62],[87.2,-3.6],[87.27,-3.6],[87.3,-3.62],[87.3,-3.65],[87.45,-3.69],[87.66,-3.69],[87.7,-3.67],[87.7,-3.6],[87.66,-3.58],[87.66,-3.46],[87.63,-3.45],[87.63,-3.41],[87.52,-3.4],[87.52,-3.33],[87.63,-3.29],[87.7,-3.29],[87.7,-3.28],[87.7,-3.17],[87.74,-3.16],[87.74,-3.1],[87.84,-3.09],[87.84,-2.95],[87.92,-2.9],[87.95,-2.9],[88.02,-2.9],[88.1,-2.9],[88.17,-2.85],[88.17,-2.83],[88.28,-2.8],[88.38,-2.8],[88.45,-2.75],[88.45,-2.64],[88.38,-2.63],[88.38,-2.61],[88.35,-2.57],[88.35,-2.45],[88.38,-2.44],[88.38,-2.4],[88.45,-2.37],[88.45,-2.33],[88.35,-2.28],[88.35,-2.23],[88.38,-2.2],[88.49,-2.2],[88.53,-2.18],[88.53,-2.15],[88.56,-2.11],[88.56,-2.04],[88.6,-2.01],[88.67,-1.99],[88.78,-1.99],[88.81,-1.98],[88.81,-1.92],[88.92,-1.91],[88.99,-1.91],[89.03,-1.86],[89.03,-1.84],[89.14,-1.8],[89.25,-1.8],[89.32,-1.79],[89.39,-1.79],[89.43,-1.77],[89.46,-1.77],[89.46,-1.72],[89.57,-1.7],[89.64,-1.7],[89.75,-1.65],[89.79,-1.63],[89.79,-1.6],[89.82,-1.62],[89.86,-1.65],[89.86,-1.68],[89.89,-1.7],[90.0,-1.62]],[[89.86,-1.96],[89.86,-1.92],[89.82,-1.91],[89.75,-1.91],[89.75,-1.98],[89.82,-1.99],[89.86,-1.98],[89.86,-1.96]],[[87.92,-3.24],[87.92,-3.22],[87.92,-3.21],[87.84,-3.22],[87.84,-3.28],[87.88,-3.29],[87.92,-3.29],[87.92,-3.24]],[[89.25,-3.36],[89.25,-3.31],[89.17,-3.29],[89.17,-3.33],[89.14,-3.33],[89.14,-3.36],[89.17,-3.4],[89.25,-3.4],[89.25,-3.36]],[[88.6,-3.65],[88.6,-3.6],[88.56,-3.62],[88.56,-3.69],[88.6,-3.69],[88.6,-3.65]],[[82.73,-3.76],[82.73,-3.74],[82.73,-3.7],[82.66,-3.7],[82.66,-3.79],[82.73,-3.79],[82.73,-3.76]],[[87.3,-3.76],[87.3,-3.7],[87.27,-3.7],[87.27,-3.79],[87.27,-3.81],[87.3,-3.79],[87.3,-3.76]],[[88.06,-3.76],[88.06,-3.74],[87.92,-3.7],[87.81,-3.7],[87.7,-3.76],[87.74,-3.79],[87.84,-3.82],[87.84,-3.93],[87.88,-3.98],[87.92,-4.05],[88.06,-4.08],[88.13,-4.1],[88.35,-4.1],[88.38,-4.08],[88.45,-4.05],[88.45,-3.96],[88.38,-3.93],[88.38,-3.89],[88.35,-3.84],[88.45,-3.77],[88.45,-3.74],[88.38,-3.7],[88.31,-3.69],[88.28,-3.7],[88.17,-3.7],[88.13,-3.76],[88.13,-3.79],[88.1,-3.81],[88.1,-3.77],[88.06,-3.76]],[[87.45,-3.84],[87.45,-3.82],[87.38,-3.81],[87.3,-3.82],[87.3,-3.87],[87.38,-3.89],[87.45,-3.89],[87.45,-3.84]],[[87.92,-4.15],[87.92,-4.11],[87.88,-4.1],[87.84,-4.11],[87.84,-4.18],[87.88,-4.2],[87.92,-4.18],[87.92,-4.15]],[[89.03,-4.54],[89.03,-4.51],[88.99,-4.49],[88.96,-4.51],[88.96,-4.59],[89.03,-4.59],[89.03,-4.56],[89.03,-4.54]],[[89.35,-4.64],[89.35,-4.61],[89.32,-4.61],[89.25,-4.61],[89.25,-4.68],[89.25,-4.7],[89.35,-4.68],[89.35,-4.64]],[[90.25,-4.64],[90.25,-4.61],[90.22,-4.61],[90.11,-4.61],[90.11,-4.68],[90.18,-4.7],[90.25,-4.68],[90.25,-4.64]],[[89.46,-4.85],[89.43,-4.82],[89.43,-4.8],[89.35,-4.82],[89.35,-4.88],[89.43,-4.9],[89.43,-4.88],[89.46,-4.85]],[[83.81,-4.95],[83.81,-4.92],[83.78,-4.9],[83.74,-4.94],[83.74,-4.97],[83.78,-4.97],[83.78,-5.0],[83.81,-4.99],[83.81,-4.95]],[[84.03,-4.95],[84.03,-4.9],[83.96,-4.9],[83.96,-4.99],[84.03,-5.0],[84.03,-4.97],[84.03,-4.95]],[[84.03,-5.24],[84.03,-5.21],[83.96,-5.21],[83.96,-5.28],[84.03,-5.3],[84.03,-5.28],[84.03,-5.24]]]}},{"type":"Feature","properties":{"precip":40},"geometry":{"type":"Polygon","coordinates":[[[79.31,-2.13],[79.42,-2.08],[79.49,-2.01],[79.53,-2.04],[79.53,-2.18],[79.64,-2.22],[79.64,-2.27],[79.6,-2.28],[79.6,-2.3],[79.53,-2.33],[79.42,-2.47],[79.31,-2.45],[79.28,-2.39],[79.28,-2.37],[79.24,-2.32],[79.24,-2.3],[79.28,-2.25],[79.28,-2.22],[79.31,-2.13]]]}},{"type":"Feature","properties":{"precip":40},"geometry":{"type":"Polygon","coordinates":[[[77.66,-2.2],[77.66,-2.13],[77.73,-2.11],[77.87,-2.11],[77.94,-2.13],[77.94,-2.16],[77.98,-2.2],[78.09,-2.2],[78.16,-2.16],[78.16,-2.13],[78.2,-2.11],[78.34,-2.23],[78.34,-2.25],[78.38,-2.28],[78.41,-2.27],[78.41,-2.23],[78.52,-2.22],[78.59,-2.2],[78.84,-2.2],[78.95,-2.23],[78.95,-2.44],[78.88,-2.47],[78.88,-2.51],[78.84,-2.51],[78.77,-2.51],[78.77,-2.56],[78.74,-2.57],[78.74,-2.68],[78.63,-2.69],[78.56,-2.71],[78.56,-2.76],[78.41,-2.8],[78.3,-2.8],[78.23,-2.81],[78.2,-2.81],[78.16,-2.83],[78.16,-2.87],[78.05,-2.9],[77.98,-2.9],[77.98,-2.93],[77.94,-2.93],[77.94,-2.97],[77.87,-2.99],[77.87,-2.97],[77.84,-2.95],[77.76,-2.9],[77.76,-2.81],[77.76,-2.42],[77.84,-2.39],[77.84,-2.32],[77.76,-2.3],[77.69,-2.3],[77.66,-2.27],[77.66,-2.2]],[[77.94,-2.56],[77.94,-2.51],[77.87,-2.51],[77.87,-2.52],[77.84,-2.54],[77.84,-2.57],[77.87,-2.57],[77.87,-2.59],[77.94,-2.59],[77.94,-2.56]]]}},{"type":"Feature","properties":{"precip":40},"geometry":{"type":"Polygon","coordinates":[[[22.26,-2.3],[22.26,-2.22],[22.3,-2.2],[22.33,-2.22],[22.37,-2.27],[22.37,-2.3],[22.44,-2.27],[22.48,-2.23],[22.48,-2.2],[22.51,-2.2],[22.55,-2.23],[22.55,-2.27],[22.62,-2.3],[22.66,-2.25],[22.66,-2.23],[22.69,-2.22],[22.73,-2.23],[22.8,-2.3],[22.84,-2.37],[22.84,-2.59],[22.87,-2.63],[22.87,-2.69],[22.91,-2.69],[22.94,-2.73],[22.94,-2.83],[22.91,-2.85],[22.91,-2.9],[22.84,-2.97],[22.73,-3.0],[22.66,-2.99],[22.66,-2.93],[22.62,-2.9],[22.48,-2.88],[22.44,-2.83],[22.41,-2.83],[22.41,-2.8],[22.37,-2.76],[22.37,-2.61],[22.44,-2.57],[22.44,-2.44],[22.41,-2.4],[22.33,-2.4],[22.26,-2.37],[22.26,-2.3]]]}},{"type":"Feature","properties":{"precip":40},"geometry":{"type":"Polygon","coordinates":[[[82.95,-2.37],[82.95,-2.32],[82.95,-2.3],[82.98,-2.3],[83.06,-2.35],[83.06,-2.47],[83.09,-2.49],[83.09,-2.51],[83.13,-2.51],[83.13,-2.54],[83.16,-2.54],[83.16,-2.57],[83.09,-2.57],[83.06,-2.57],[82.95,-2.51],[82.95,-2.45],[82.95,-2.42],[82.95,-2.37]]]}},{"type":"Feature","properties":{"precip":40},"geometry":{"type":"Polygon","coordinates":[[[87.84,-2.44],[87.84,-2.42],[87.92,-2.4],[87.92,-2.42],[87.92,-2.49],[87.84,-2.49],[87.84,-2.44]]]}},{"type":"Feature","properties":{"precip":40},"geometry":{"type":"Polygon","coordinates":[[[80.36,-2.64],[80.36,-2.63],[80.46,-2.59],[80.54,-2.61],[80.54,-2.68],[80.5,-2.69],[80.46,-2.73],[80.36,-2.78],[80.36,-2.8],[80.25,-2.8],[80.14,-2.78],[80.14,-2.75],[80.18,-2.69],[80.28,-2.69],[80.32,-2.68],[80.36,-2.68],[80.36,-2.64]]]}},{"type":"Feature","properties":{"precip":40},"geometry":{"type":"Polygon","coordinates":[[[26.76,-2.9],[26.76,-2.83],[26.8,-2.8],[26.83,-2.8],[26.9,-2.83],[27.01,-2.9],[27.01,-2.93],[27.05,-2.97],[27.01,-3.0],[26.94,-2.97],[26.94,-2.93],[26.9,-2.9],[26.87,-2.9],[26.87,-2.93],[26.8,-3.0],[26.76,-2.99],[26.76,-2.9]]]}},{"type":"Feature","properties":{"precip":40},"geometry":{"type":"Polygon","coordinates":[[[78.84,-2.95],[78.84,-2.9],[79.02,-2.9],[79.06,-2.93],[79.06,-2.97],[79.02,-2.97],[78.99,-3.0],[78.88,-3.0],[78.84,-2.97],[78.84,-2.95]]]}},{"type":"Feature","properties":{"precip":40},"geometry":{"type":"Polygon","coordinates":[[[90.43,-3.16],[90.47,-3.14],[90.47,-3.1],[90.51,-3.09],[90.54,-3.1],[90.54,-3.19],[90.51,-3.21],[90.47,-3.19],[90.47,-3.16],[90.43,-3.16]]]}},{"type":"Feature","properties":{"precip":40},"geometry":{"type":"Polygon","coordinates":[[[23.16,-3.29],[23.16,-3.22],[23.2,-3.21],[23.3,-3.21],[23.34,-3.22],[23.34,-3.33],[23.23,-3.46],[23.16,-3.53],[23.16,-3.58],[23.23,-3.6],[23.23,-3.69],[23.2,-3.69],[23.09,-3.69],[23.05,-3.7],[22.98,-3.7],[22.94,-3.76],[22.94,-3.89],[22.98,-3.93],[22.98,-3.98],[23.02,-4.01],[23.02,-4.03],[23.05,-4.05],[23.12,-4.13],[23.12,-4.17],[23.16,-4.2],[23.16,-4.27],[23.27,-4.3],[23.41,-4.3],[23.45,-4.34],[23.45,-4.47],[23.41,-4.49],[23.41,-4.51],[23.34,-4.54],[23.34,-4.56],[23.41,-4.59],[23.45,-4.61],[23.45,-4.71],[23.41,-4.75],[23.41,-4.8],[23.34,-4.87],[23.27,-4.88],[23.27,-4.82],[23.34,-4.76],[23.34,-4.73],[23.27,-4.68],[23.27,-4.63],[23.23,-4.61],[23.23,-4.53],[23.16,-4.49],[23.09,-4.49],[23.05,-4.49],[23.05,-4.42],[22.98,-4.41],[22.91,-4.41],[22.87,-4.39],[22.87,-4.35],[22.84,-4.32],[22.84,-4.22],[22.77,-4.2],[22.73,-4.2],[22.66,-4.22],[22.66,-4.29],[22.73,-4.32],[22.73,-4.35],[22.77,-4.35],[22.73,-4.37],[22.66,-4.35],[22.66,-4.34],[22.62,-4.32],[22.55,-4.25],[22.48,-4.2],[22.48,-4.17],[22.44,-4.15],[22.33,-4.1],[22.3,-4.1],[22.3,-4.08],[22.26,-4.06],[22.26,-3.82],[22.33,-3.79],[22.33,-3.69],[22.37,-3.69],[22.37,-3.62],[22.44,-3.6],[22.48,-3.6],[22.55,-3.57],[22.55,-3.52],[22.59,-3.5],[22.66,-3.5],[22.73,-3.5],[22.73,-3.46],[22.77,-3.46],[22.77,-3.43],[22.8,-3.41],[22.87,-3.41],[22.91,-3.4],[23.09,-3.4],[23.12,-3.38],[23.12,-3.36],[23.16,-3.33],[23.16,-3.29]]]}},{"type":"Feature","properties":{"precip":40},"geometry":{"type":"Polygon","coordinates":[[[79.46,-3.24],[79.46,-3.21],[79.49,-3.21],[79.53,-3.22],[79.53,-3.28],[79.49,-3.28],[79.49,-3.29],[79.46,-3.29],[79.46,-3.24]]]}},{"type":"Feature","properties":{"precip":40},"geometry":{"type":"Polygon","coordinates":[[[94.14,-3.29],[94.14,-3.26],[94.18,-3.22],[94.21,-3.21],[94.32,-3.22],[94.39,-3.28],[94.43,-3.31],[94.43,-3.38],[94.39,-3.4],[94.21,-3.4],[94.14,-3.36],[94.14,-3.29]]]}},{"type":"Feature","properties":{"precip":40},"geometry":{"type":"Polygon","coordinates":[[[23.66,-3.53],[23.74,-3.43],[23.81,-3.41],[23.84,-3.43],[23.84,-3.65],[23.81,-3.69],[23.59,-3.69],[23.56,-3.69],[23.56,-3.65],[23.63,-3.58],[23.66,-3.53]]]}},{"type":"Feature","properties":{"precip":40},"geometry":{"type":"Polygon","coordinates":[[[26.76,-3.45],[26.76,-3.41],[26.83,-3.41],[26.83,-3.5],[26.76,-3.5],[26.76,-3.45]]]}},{"type":"Feature","properties":{"precip":40},"geometry":{"type":"Polygon","coordinates":[[[87.05,-3.45],[87.05,-3.43],[87.09,-3.41],[87.2,-3.4],[87.27,-3.4],[87.38,-3.41],[87.45,-3.43],[87.45,-3.46],[87.38,-3.5],[87.27,-3.5],[87.2,-3.5],[87.09,-3.5],[87.05,-3.46],[87.05,-3.45]]]}},{"type":"Feature","properties":{"precip":40},"geometry":{"type":"Polygon","coordinates":[[[97.56,-3.6],[97.56,-3.55],[97.63,-3.5],[97.74,-3.5],[97.85,-3.53],[97.89,-3.62],[97.89,-3.64],[97.96,-3.65],[97.89,-3.69],[97.6,-3.69],[97.56,-3.67],[97.56,-3.6]]]}},{"type":"Feature","properties":{"precip":40},"geometry":{"type":"Polygon","coordinates":[[[91.15,-3.65],[91.15,-3.62],[91.19,-3.6],[91.19,-3.62],[91.26,-3.62],[91.26,-3.67],[91.19,-3.69],[91.15,-3.69],[91.15,-3.65]]]}},{"type":"Feature","properties":{"precip":40},"geometry":{"type":"Polygon","coordinates":[[[25.36,-3.76],[25.36,-3.7],[25.43,-3.7],[25.43,-3.74],[25.46,-3.74],[25.46,-3.76],[25.39,-3.81],[25.36,-3.79],[25.36,-3.76]]]}},{"type":"Feature","properties":{"precip":40},"geometry":{"type":"Polygon","coordinates":[[[90.94,-3.84],[90.97,-3.81],[91.08,-3.81],[91.15,-3.84],[91.15,-3.96],[91.12,-3.98],[90.97,-4.01],[90.9,-4.01],[90.87,-4.01],[90.87,-4.06],[90.83,-4.08],[90.83,-4.1],[90.76,-4.08],[90.76,-3.93],[90.83,-3.89],[90.9,-3.89],[90.94,-3.89],[90.94,-3.84]]]}},{"type":"Feature","properties":{"precip":40},"geometry":{"type":"Polygon","coordinates":[[[26.94,-3.96],[26.94,-3.93],[26.98,-3.89],[27.05,-3.91],[27.05,-3.98],[27.01,-4.01],[26.98,-3.98],[26.94,-3.98],[26.94,-3.96]]]}},{"type":"Feature","properties":{"precip":40},"geometry":{"type":"Polygon","coordinates":[[[29.14,-4.1],[29.14,-3.99],[29.17,-3.96],[29.17,-3.93],[29.21,-3.89],[29.28,-3.89],[29.35,-3.93],[29.35,-3.98],[29.5,-4.01],[29.57,-4.08],[29.6,-4.15],[29.64,-4.27],[29.64,-4.49],[29.6,-4.58],[29.53,-4.66],[29.5,-4.68],[29.5,-4.71],[29.46,-4.73],[29.46,-4.76],[29.5,-4.78],[29.5,-4.82],[29.53,-4.85],[29.6,-4.9],[29.64,-4.99],[29.64,-5.14],[29.6,-5.21],[29.57,-5.24],[29.5,-5.28],[29.39,-5.3],[29.39,-5.28],[29.35,-5.24],[29.35,-5.14],[29.42,-5.07],[29.42,-5.0],[29.32,-4.94],[29.32,-4.9],[29.28,-4.88],[29.28,-4.8],[29.24,-4.75],[29.24,-4.44],[29.17,-4.41],[29.1,-4.41],[29.06,-4.39],[29.06,-4.3],[29.14,-4.29],[29.14,-4.1]]]}},{"type":"Feature","properties":{"precip":40},"geometry":{"type":"Polygon","coordinates":[[[93.75,-4.01],[93.75,-3.94],[93.78,-3.93],[93.78,-3.89],[93.78,-3.93],[93.85,-3.94],[93.85,-4.06],[93.78,-4.08],[93.78,-4.1],[93.78,-4.08],[93.75,-4.06],[93.75,-4.01]]]}},{"type":"Feature","properties":{"precip":40},"geometry":{"type":"Polygon","coordinates":[[[96.05,-3.96],[96.05,-3.91],[96.12,-3.89],[96.16,-3.93],[96.16,-3.96],[96.23,-3.99],[96.3,-3.99],[96.34,-4.01],[96.45,-4.01],[96.55,-4.03],[96.55,-4.08],[96.48,-4.1],[96.48,-4.13],[96.45,-4.15],[96.45,-4.27],[96.37,-4.29],[96.27,-4.32],[96.27,-4.35],[96.23,-4.37],[96.12,-4.41],[95.94,-4.41],[95.91,-4.42],[95.83,-4.46],[95.83,-4.49],[95.73,-4.49],[95.73,-4.51],[95.58,-4.61],[95.51,-4.7],[95.44,-4.75],[95.4,-4.82],[95.29,-4.83],[95.29,-4.87],[95.22,-4.88],[95.15,-4.9],[94.97,-4.9],[94.86,-4.92],[94.79,-5.0],[94.72,-5.0],[94.65,-4.95],[94.61,-4.9],[94.57,-4.9],[94.57,-4.95],[94.54,-4.97],[94.43,-5.0],[94.29,-5.0],[94.21,-5.0],[94.14,-5.04],[94.14,-5.07],[94.07,-5.09],[94.0,-5.09],[93.93,-5.11],[93.85,-5.14],[93.85,-5.18],[93.78,-5.18],[93.75,-5.21],[93.57,-5.21],[93.57,-5.24],[93.53,-5.26],[93.53,-5.28],[93.46,-5.28],[93.42,-5.3],[93.28,-5.3],[93.21,-5.31],[93.13,-5.35],[93.13,-5.38],[93.1,-5.4],[93.03,-5.4],[92.99,-5.41],[92.92,-5.41],[92.85,-5.45],[92.85,-5.57],[92.77,-5.6],[92.67,-5.6],[92.56,-5.64],[92.49,-5.67],[92.45,-5.74],[92.45,-5.76],[92.38,-5.79],[92.27,-5.81],[92.27,-5.88],[92.23,-5.89],[92.23,-6.0],[92.2,-6.0],[92.16,-6.0],[92.16,-5.93],[92.13,-5.93],[92.13,-5.91],[91.98,-5.88],[91.98,-5.86],[91.95,-5.84],[91.95,-5.76],[91.98,-5.72],[92.05,-5.71],[92.16,-5.67],[92.16,-5.62],[92.27,-5.6],[92.38,-5.6],[92.45,-5.57],[92.45,-5.43],[92.49,-5.41],[92.59,-5.41],[92.63,-5.4],[92.7,-5.4],[92.7,-5.36],[92.7,-5.28],[92.77,-5.26],[92.77,-5.21],[92.81,-5.21],[92.92,-5.21],[93.03,-5.19],[93.03,-5.14],[93.06,-5.12],[93.06,-4.88],[93.1,-4.83],[93.1,-4.8],[93.13,-4.73],[93.24,-4.7],[93.31,-4.7],[93.35,-4.68],[93.35,-4.61],[93.46,-4.61],[93.53,-4.59],[93.53,-4.56],[93.57,-4.56],[93.57,-4.53],[93.67,-4.49],[93.78,-4.49],[93.85,-4.47],[93.85,-4.44],[93.93,-4.42],[94.07,-4.42],[94.14,-4.41],[94.54,-4.41],[94.65,-4.39],[94.72,-4.39],[94.79,-4.37],[94.86,-4.35],[94.86,-4.32],[94.86,-4.3],[94.97,-4.3],[95.04,-4.29],[95.08,-4.27],[95.26,-4.15],[95.29,-4.1],[95.37,-4.05],[95.47,-4.01],[95.73,-4.01],[95.8,-3.99],[95.91,-3.99],[95.94,-3.98],[96.01,-3.98],[96.05,-3.96]]]}},{"type":"Feature","properties":{"precip":40},"geometry":{"type":"Polygon","coordinates":[[[29.75,-4.05],[29.75,-4.01],[29.78,-4.01],[29.86,-4.01],[29.86,-4.08],[29.82,-4.08],[29.75,-4.08],[29.75,-4.05]]]}},{"type":"Feature","properties":{"precip":40},"geometry":{"type":"Polygon","coordinates":[[[93.35,-4.1],[93.35,-4.03],[93.35,-4.01],[93.57,-4.01],[93.64,-4.01],[93.64,-4.08],[93.57,-4.1],[93.49,-4.1],[93.46,-4.11],[93.46,-4.18],[93.35,-4.18],[93.35,-4.17],[93.35,-4.1]]]}},{"type":"Feature","properties":{"precip":40},"geometry":{"type":"Polygon","coordinates":[[[89.64,-4.15],[89.64,-4.11],[89.68,-4.1],[89.75,-4.11],[89.75,-4.18],[89.68,-4.2],[89.64,-4.18],[89.64,-4.15]]]}},{"type":"Feature","properties":{"precip":40},"geometry":{"type":"Polygon","coordinates":[[[64.7,-4.3],[64.73,-4.27],[64.84,-4.22],[64.91,-4.22],[64.99,-4.2],[65.49,-4.2],[65.6,-4.22],[65.71,-4.23],[65.78,-4.29],[65.85,-4.34],[65.85,-4.35],[65.92,-4.42],[65.92,-4.49],[65.89,-4.49],[65.85,-4.54],[65.85,-4.66],[65.78,-4.7],[65.71,-4.7],[65.63,-4.75],[65.63,-4.78],[65.6,-4.8],[65.53,-4.8],[65.45,-4.82],[65.45,-4.87],[65.38,-4.9],[65.31,-4.9],[65.24,-4.95],[65.24,-4.97],[65.17,-4.99],[65.17,-5.0],[65.06,-5.0],[64.95,-5.02],[64.95,-5.07],[64.91,-5.07],[64.77,-5.14],[64.7,-5.19],[64.66,-5.23],[64.59,-5.35],[64.59,-5.4],[64.63,-5.41],[64.63,-5.47],[64.66,-5.5],[64.66,-5.67],[64.77,-5.71],[64.95,-5.71],[65.02,-5.72],[65.06,-5.74],[65.06,-5.77],[65.02,-5.77],[64.99,-5.81],[64.91,-5.81],[64.84,-5.83],[64.84,-5.88],[64.88,-5.89],[64.99,-5.89],[65.06,-5.93],[65.06,-5.96],[65.02,-5.96],[65.02,-6.0],[64.95,-6.0],[64.91,-6.0],[64.81,-6.0],[64.77,-6.01],[64.77,-6.05],[64.73,-6.05],[64.73,-6.07],[64.66,-6.08],[64.59,-6.08],[64.55,-6.1],[64.27,-6.1],[64.16,-6.12],[64.05,-6.13],[64.05,-6.18],[64.01,-6.2],[63.94,-6.2],[63.87,-6.22],[63.87,-6.25],[63.83,-6.27],[63.83,-6.37],[63.76,-6.39],[63.58,-6.39],[63.51,-6.41],[63.44,-6.44],[63.44,-6.48],[63.29,-6.51],[63.26,-6.53],[63.26,-6.56],[63.19,-6.6],[63.11,-6.6],[62.93,-6.6],[62.86,-6.63],[62.86,-6.66],[62.79,-6.68],[62.68,-6.7],[62.5,-6.7],[62.47,-6.68],[62.39,-6.68],[62.36,-6.66],[62.36,-6.61],[62.32,-6.6],[62.25,-6.6],[62.18,-6.63],[62.14,-6.66],[62.07,-6.73],[62.07,-6.75],[61.96,-6.8],[61.86,-6.8],[61.78,-6.8],[61.75,-6.8],[61.64,-6.8],[61.57,-6.77],[61.53,-6.73],[61.42,-6.7],[61.24,-6.7],[61.17,-6.73],[61.17,-6.75],[61.14,-6.77],[61.14,-6.87],[61.06,-6.9],[60.96,-6.85],[60.92,-6.82],[60.85,-6.72],[60.85,-6.66],[60.88,-6.61],[60.96,-6.56],[60.96,-6.53],[60.88,-6.48],[60.74,-6.42],[60.6,-6.39],[60.52,-6.39],[60.38,-6.37],[60.27,-6.27],[60.27,-6.22],[60.24,-6.18],[60.24,-6.1],[60.16,-6.08],[60.16,-5.72],[60.24,-5.71],[60.31,-5.67],[60.42,-5.6],[60.42,-5.55],[60.45,-5.52],[60.45,-5.43],[60.42,-5.41],[60.34,-5.41],[60.34,-5.4],[60.24,-5.36],[60.27,-5.33],[60.38,-5.3],[60.52,-5.3],[60.63,-5.33],[60.67,-5.36],[60.78,-5.4],[60.85,-5.4],[60.88,-5.41],[60.96,-5.4],[61.03,-5.4],[61.14,-5.36],[61.17,-5.33],[61.28,-5.3],[61.42,-5.3],[61.46,-5.28],[61.53,-5.28],[61.53,-5.26],[61.64,-5.21],[61.75,-5.21],[62.25,-5.21],[62.32,-5.19],[62.43,-5.19],[62.54,-5.16],[62.54,-5.14],[62.61,-5.11],[62.68,-5.11],[62.68,-5.09],[62.79,-5.09],[62.86,-5.06],[62.86,-5.0],[62.9,-5.0],[63.01,-5.0],[63.04,-4.97],[63.04,-4.94],[63.08,-4.9],[63.19,-4.9],[63.26,-4.87],[63.26,-4.82],[63.37,-4.8],[63.47,-4.8],[63.55,-4.76],[63.55,-4.73],[63.62,-4.7],[63.69,-4.7],[63.76,-4.66],[63.76,-4.63],[63.87,-4.61],[64.05,-4.61],[64.09,-4.59],[64.19,-4.59],[64.19,-4.58],[64.27,-4.54],[64.27,-4.51],[64.34,-4.49],[64.41,-4.49],[64.45,-4.49],[64.45,-4.42],[64.52,-4.41],[64.55,-4.41],[64.66,-4.35],[64.66,-4.34],[64.7,-4.3]],[[64.16,-4.75],[64.16,-4.73],[64.12,-4.7],[64.05,-4.71],[64.05,-4.78],[64.12,-4.8],[64.16,-4.78],[64.16,-4.75]]]}},{"type":"Feature","properties":{"precip":40},"geometry":{"type":"Polygon","coordinates":[[[90.25,-4.25],[90.25,-4.22],[90.33,-4.2],[90.33,-4.22],[90.33,-4.23],[90.33,-4.27],[90.33,-4.29],[90.33,-4.3],[90.25,-4.29],[90.25,-4.25]]]}},{"type":"Feature","properties":{"precip":40},"geometry":{"type":"Polygon","coordinates":[[[92.16,-4.25],[92.16,-4.22],[92.23,-4.22],[92.23,-4.29],[92.16,-4.29],[92.16,-4.25]]]}},{"type":"Feature","properties":{"precip":40},"geometry":{"type":"Polygon","coordinates":[[[75.35,-4.35],[75.35,-4.32],[75.39,-4.3],[75.5,-4.3],[75.53,-4.32],[75.53,-4.39],[75.5,-4.41],[75.42,-4.41],[75.35,-4.37],[75.35,-4.35]]]}},{"type":"Feature","properties":{"precip":40},"geometry":{"type":"Polygon","coordinates":[[[25.86,-4.46],[25.86,-4.42],[25.93,-4.41],[26.04,-4.41],[26.15,-4.42],[26.15,-4.47],[26.08,-4.49],[25.93,-4.49],[25.86,-4.49],[25.86,-4.46]]]}},{"type":"Feature","properties":{"precip":40},"geometry":{"type":"Polygon","coordinates":[[[60.24,-4.63],[60.31,-4.61],[60.6,-4.61],[60.63,-4.63],[60.63,-4.68],[60.67,-4.7],[60.67,-4.8],[60.74,-4.82],[60.74,-4.88],[60.7,-4.9],[60.6,-4.88],[60.42,-4.82],[60.38,-4.78],[60.31,-4.73],[60.31,-4.7],[60.27,-4.68],[60.27,-4.64],[60.24,-4.63]]]}},{"type":"Feature","properties":{"precip":40},"geometry":{"type":"Polygon","coordinates":[[[60.96,-4.64],[60.96,-4.61],[60.99,-4.61],[61.1,-4.61],[61.14,-4.61],[61.14,-4.68],[61.1,-4.7],[61.03,-4.7],[60.96,-4.68],[60.96,-4.64]]]}},{"type":"Feature","properties":{"precip":40},"geometry":{"type":"Polygon","coordinates":[[[20.75,-4.85],[20.75,-4.82],[20.82,-4.8],[20.86,-4.82],[20.86,-4.88],[20.89,-4.9],[20.97,-4.9],[21.04,-4.95],[21.07,-4.99],[21.15,-5.04],[21.22,-5.14],[21.25,-5.21],[21.25,-5.35],[21.22,-5.38],[21.15,-5.41],[21.15,-5.4],[21.04,-5.36],[21.04,-5.31],[21.0,-5.3],[20.97,-5.31],[20.97,-5.41],[20.93,-5.41],[20.93,-5.47],[20.86,-5.5],[20.82,-5.5],[20.75,-5.47],[20.75,-5.41],[20.82,-5.4],[20.82,-5.36],[20.86,-5.35],[20.86,-5.24],[20.82,-5.23],[20.82,-5.21],[20.75,-5.18],[20.75,-5.07],[20.79,-5.02],[20.79,-5.0],[20.86,-4.95],[20.86,-4.94],[20.75,-4.88],[20.75,-4.85]]]}},{"type":"Feature","properties":{"precip":40},"geometry":{"type":"Polygon","coordinates":[[[91.15,-5.06],[91.15,-5.02],[91.19,-5.0],[91.3,-5.0],[91.33,-5.0],[91.33,-5.06],[91.37,-5.06],[91.37,-5.07],[91.51,-5.11],[91.55,-5.12],[91.55,-5.19],[91.48,-5.21],[91.41,-5.24],[91.51,-5.31],[91.55,-5.36],[91.55,-5.59],[91.48,-5.71],[91.41,-5.79],[91.37,-5.81],[91.37,-5.88],[91.41,-5.89],[91.62,-5.89],[91.62,-5.91],[91.73,-5.91],[91.8,-5.93],[91.84,-5.95],[91.84,-5.98],[91.95,-6.03],[91.95,-6.08],[91.91,-6.1],[91.8,-6.1],[91.69,-6.13],[91.62,-6.18],[91.59,-6.22],[91.41,-6.34],[91.41,-6.36],[91.33,-6.39],[91.3,-6.39],[91.26,-6.42],[91.26,-6.54],[91.19,-6.56],[91.19,-6.6],[91.12,-6.6],[91.05,-6.63],[91.05,-6.66],[90.97,-6.68],[90.97,-6.65],[90.9,-6.63],[90.9,-6.61],[90.83,-6.61],[90.76,-6.6],[90.54,-6.6],[90.51,-6.61],[90.43,-6.66],[90.4,-6.7],[90.4,-6.73],[90.33,-6.75],[90.33,-6.77],[90.25,-6.8],[90.18,-6.8],[90.11,-6.8],[90.04,-6.84],[90.04,-6.87],[90.0,-6.87],[89.89,-6.9],[89.79,-6.9],[89.75,-6.92],[89.68,-6.92],[89.64,-6.95],[89.64,-6.99],[89.61,-6.99],[89.53,-6.99],[89.46,-6.99],[89.39,-6.9],[89.39,-6.85],[89.35,-6.82],[89.35,-6.73],[89.39,-6.7],[89.43,-6.7],[89.43,-6.63],[89.46,-6.6],[89.46,-6.42],[89.46,-6.39],[89.53,-6.39],[89.53,-6.32],[89.57,-6.3],[89.57,-6.25],[89.61,-6.22],[89.61,-6.18],[89.68,-6.13],[89.75,-6.05],[89.82,-6.0],[89.82,-5.91],[89.75,-5.88],[89.75,-5.81],[89.79,-5.81],[89.82,-5.81],[89.82,-5.84],[89.86,-5.84],[89.86,-5.88],[89.89,-5.88],[90.0,-5.81],[90.04,-5.74],[90.11,-5.71],[90.11,-5.67],[90.11,-5.64],[90.18,-5.62],[90.25,-5.64],[90.25,-5.67],[90.33,-5.69],[90.33,-5.65],[90.33,-5.62],[90.47,-5.59],[90.54,-5.53],[90.61,-5.48],[90.69,-5.41],[90.76,-5.35],[90.76,-5.3],[90.87,-5.26],[90.94,-5.18],[90.97,-5.12],[91.12,-5.07],[91.15,-5.07],[91.15,-5.06]]]}},{"type":"Feature","properties":{"precip":40},"geometry":{"type":"Polygon","coordinates":[[[59.34,-5.45],[59.37,-5.43],[59.37,-5.41],[59.44,-5.41],[59.44,-5.48],[59.37,-5.5],[59.37,-5.47],[59.34,-5.45]]]}},{"type":"Feature","properties":{"precip":40},"geometry":{"type":"Polygon","coordinates":[[[83.06,-5.55],[83.06,-5.41],[83.13,-5.41],[83.13,-5.47],[83.16,-5.48],[83.16,-5.6],[83.13,-5.64],[83.13,-5.69],[83.06,-5.67],[83.06,-5.55]]]}},{"type":"Feature","properties":{"precip":40},"geometry":{"type":"Polygon","coordinates":[[[29.46,-5.65],[29.46,-5.6],[29.53,-5.6],[29.53,-5.69],[29.46,-5.69],[29.46,-5.65]]]}},{"type":"Feature","properties":{"precip":40},"geometry":{"type":"Polygon","coordinates":[[[45.84,-5.89],[45.84,-5.86],[45.87,-5.84],[45.87,-5.81],[45.95,-5.81],[45.95,-5.93],[45.98,-5.95],[45.98,-5.98],[46.05,-6.05],[46.05,-6.07],[46.16,-6.15],[46.23,-6.25],[46.23,-6.39],[46.16,-6.41],[46.16,-6.53],[46.13,-6.56],[46.13,-6.6],[46.05,-6.6],[46.05,-6.53],[46.02,-6.53],[46.02,-6.49],[45.98,-6.51],[45.98,-6.58],[45.95,-6.61],[45.95,-6.95],[45.91,-6.99],[45.8,-6.99],[45.77,-6.99],[45.77,-6.95],[45.73,-6.95],[45.73,-6.92],[45.66,-6.9],[45.51,-6.9],[45.48,-6.85],[45.44,-6.85],[45.44,-6.72],[45.37,-6.7],[45.37,-6.66],[45.33,-6.65],[45.37,-6.65],[45.37,-6.61],[45.41,-6.6],[45.55,-6.6],[45.66,-6.56],[45.66,-6.53],[45.59,-6.49],[45.55,-6.46],[45.55,-6.34],[45.48,-6.3],[45.41,-6.3],[45.37,-6.29],[45.37,-6.2],[45.44,-6.17],[45.44,-6.13],[45.41,-6.13],[45.33,-6.07],[45.37,-6.03],[45.44,-6.0],[45.66,-6.0],[45.77,-6.0],[45.84,-5.96],[45.84,-5.89]]]}},{"type":"Feature","properties":{"precip":40},"geometry":{"type":"Polygon","coordinates":[[[21.65,-5.95],[21.65,-5.93],[21.72,-5.89],[21.83,-5.91],[21.83,-5.93],[21.87,-5.93],[21.87,-5.96],[21.83,-5.96],[21.83,-6.0],[21.72,-6.0],[21.65,-5.98],[21.65,-5.95]]]}},{"type":"Feature","properties":{"precip":40},"geometry":{"type":"Polygon","coordinates":[[[47.46,-5.98],[47.46,-5.93],[47.49,-5.91],[47.57,-5.89],[47.64,-5.89],[47.71,-5.91],[47.75,-5.93],[47.75,-5.96],[47.82,-6.0],[47.89,-6.0],[47.93,-6.01],[47.93,-6.05],[47.96,-6.07],[47.96,-6.18],[48.03,-6.2],[48.03,-6.27],[48.0,-6.29],[47.93,-6.29],[47.93,-6.3],[47.71,-6.27],[47.67,-6.24],[47.6,-6.2],[47.53,-6.13],[47.46,-6.03],[47.46,-5.98]]]}},{"type":"Feature","properties":{"precip":40},"geometry":{"type":"Polygon","coordinates":[[[21.36,-6.05],[21.36,-6.0],[21.43,-6.0],[21.43,-6.18],[21.4,-6.2],[21.25,-6.2],[21.18,-6.2],[21.15,-6.24],[21.15,-6.27],[21.18,-6.29],[21.25,-6.29],[21.25,-6.3],[21.36,-6.3],[21.43,-6.32],[21.43,-6.39],[21.4,-6.42],[21.36,-6.42],[21.36,-6.46],[21.43,-6.49],[21.43,-6.58],[21.36,-6.6],[21.25,-6.6],[21.18,-6.58],[21.15,-6.58],[21.15,-6.53],[21.0,-6.48],[20.97,-6.48],[20.97,-6.39],[20.93,-6.36],[20.93,-6.3],[20.86,-6.27],[20.86,-6.13],[20.97,-6.1],[21.18,-6.1],[21.36,-6.07],[21.36,-6.05]]]}},{"type":"Feature","properties":{"precip":40},"geometry":{"type":"Polygon","coordinates":[[[29.35,-6.03],[29.35,-6.0],[29.42,-6.01],[29.5,-6.07],[29.5,-6.12],[29.53,-6.13],[29.53,-6.18],[29.46,-6.17],[29.39,-6.12],[29.39,-6.07],[29.35,-6.03]]]}},{"type":"Feature","properties":{"precip":40},"geometry":{"type":"Polygon","coordinates":[[[67.9,-6.1],[67.94,-6.07],[67.94,-6.05],[68.01,-6.01],[68.08,-6.0],[68.59,-6.0],[68.69,-6.03],[68.77,-6.07],[68.84,-6.13],[68.84,-6.25],[68.8,-6.29],[68.8,-6.32],[68.73,-6.37],[68.69,-6.39],[68.69,-6.42],[68.66,-6.44],[68.66,-6.53],[68.59,-6.6],[68.59,-6.63],[68.51,-6.66],[68.44,-6.7],[68.37,-6.7],[68.3,-6.72],[68.23,-6.77],[68.23,-6.78],[68.15,-6.84],[68.15,-6.85],[68.08,-6.89],[68.01,-6.9],[67.94,-6.95],[67.94,-6.99],[67.9,-6.99],[67.76,-6.99],[67.76,-7.01],[67.69,-7.01],[67.65,-7.04],[67.65,-7.06],[67.58,-7.07],[67.51,-7.11],[67.33,-7.11],[67.25,-7.13],[67.25,-7.18],[67.22,-7.18],[67.18,-7.19],[67.11,-7.19],[67.04,-7.25],[67.04,-7.3],[67.0,-7.3],[66.93,-7.3],[66.86,-7.33],[66.86,-7.38],[66.93,-7.4],[67.0,-7.4],[67.04,-7.42],[67.04,-7.45],[67.15,-7.5],[67.29,-7.5],[67.36,-7.57],[67.36,-7.72],[67.33,-7.78],[67.25,-7.79],[67.11,-7.79],[67.04,-7.81],[66.93,-7.84],[66.93,-7.88],[66.89,-7.9],[66.89,-7.91],[66.86,-7.93],[66.86,-7.98],[66.75,-8.0],[66.68,-8.0],[66.64,-8.03],[66.64,-8.08],[66.57,-8.1],[66.46,-8.1],[66.39,-8.12],[66.35,-8.14],[66.35,-8.19],[66.39,-8.19],[66.46,-8.26],[66.43,-8.26],[66.43,-8.29],[66.35,-8.27],[66.35,-8.24],[66.32,-8.2],[66.28,-8.2],[66.25,-8.24],[66.25,-8.34],[66.32,-8.41],[66.46,-8.41],[66.53,-8.43],[66.53,-8.68],[66.5,-8.7],[66.43,-8.7],[66.35,-8.72],[66.35,-8.77],[66.43,-8.79],[66.5,-8.79],[66.53,-8.8],[66.64,-8.8],[66.71,-8.79],[66.79,-8.79],[66.82,-8.77],[66.86,-8.77],[66.86,-8.75],[66.89,-8.72],[66.97,-8.7],[67.04,-8.7],[67.11,-8.72],[67.15,-8.75],[67.15,-8.77],[67.04,-8.8],[66.89,-8.8],[66.86,-8.84],[66.86,-8.94],[66.82,-8.97],[66.82,-8.99],[66.79,-8.99],[66.75,-8.97],[66.75,-8.94],[66.71,-8.92],[66.71,-8.91],[66.68,-8.91],[66.64,-8.96],[66.64,-8.97],[66.61,-8.99],[66.53,-8.96],[66.53,-8.91],[66.46,-8.92],[66.43,-8.97],[66.35,-8.99],[66.25,-8.99],[66.1,-9.01],[65.89,-8.97],[65.78,-8.96],[65.71,-8.92],[65.71,-8.89],[65.67,-8.84],[65.67,-8.7],[65.63,-8.65],[65.63,-8.5],[65.67,-8.44],[65.67,-8.32],[65.71,-8.31],[65.78,-8.31],[65.85,-8.27],[65.85,-8.24],[65.92,-8.2],[65.99,-8.2],[66.03,-8.19],[66.1,-8.19],[66.14,-8.17],[66.14,-8.07],[66.17,-8.05],[66.17,-8.0],[66.21,-7.98],[66.25,-7.98],[66.25,-7.93],[66.17,-7.9],[66.17,-7.84],[66.14,-7.81],[66.14,-7.69],[66.17,-7.66],[66.17,-7.61],[66.25,-7.57],[66.25,-7.52],[66.17,-7.49],[66.17,-7.45],[66.14,-7.45],[66.21,-7.4],[66.25,-7.37],[66.25,-7.23],[66.21,-7.19],[66.17,-7.19],[66.17,-7.16],[66.14,-7.13],[66.14,-7.02],[66.1,-6.99],[66.03,-6.99],[65.89,-6.92],[65.89,-6.87],[65.85,-6.85],[65.85,-6.82],[65.92,-6.8],[66.21,-6.8],[66.28,-6.8],[66.39,-6.8],[66.53,-6.77],[66.57,-6.72],[66.64,-6.7],[66.75,-6.73],[66.79,-6.77],[66.79,-6.8],[66.82,-6.8],[66.82,-6.75],[66.89,-6.72],[66.97,-6.7],[67.07,-6.7],[67.07,-6.68],[67.15,-6.66],[67.15,-6.63],[67.22,-6.6],[67.36,-6.6],[67.43,-6.58],[67.43,-6.41],[67.47,-6.37],[67.47,-6.32],[67.51,-6.3],[67.58,-6.3],[67.58,-6.29],[67.65,-6.27],[67.65,-6.22],[67.72,-6.2],[67.79,-6.2],[67.83,-6.15],[67.9,-6.12],[67.9,-6.1]]]}},{"type":"Feature","properties":{"precip":40},"geometry":{"type":"Polygon","coordinates":[[[26.15,-6.39],[26.15,-6.34],[26.18,-6.3],[26.22,-6.3],[26.22,-6.34],[26.26,-6.34],[26.26,-6.46],[26.22,-6.46],[26.22,-6.49],[26.15,-6.46],[26.15,-6.39]]]}},{"type":"Feature","properties":{"precip":40},"geometry":{"type":"Polygon","coordinates":[[[59.19,-6.58],[59.26,-6.53],[59.37,-6.51],[59.44,-6.51],[59.59,-6.53],[59.73,-6.61],[59.77,-6.65],[59.77,-6.66],[59.8,-6.7],[59.8,-6.73],[59.84,-6.77],[59.84,-6.82],[59.91,-6.87],[59.98,-6.9],[60.06,-6.9],[60.13,-6.87],[60.16,-6.82],[60.24,-6.84],[60.31,-6.89],[60.31,-6.92],[60.34,-6.97],[60.34,-7.06],[60.31,-7.11],[60.24,-7.16],[60.16,-7.19],[60.09,-7.19],[60.06,-7.21],[60.06,-7.3],[60.13,-7.3],[60.13,-7.33],[60.16,-7.33],[60.16,-7.37],[60.13,-7.37],[60.13,-7.38],[60.02,-7.4],[59.98,-7.38],[59.98,-7.37],[59.95,-7.35],[59.95,-7.26],[59.91,-7.23],[59.91,-7.19],[59.88,-7.16],[59.77,-7.13],[59.7,-7.11],[59.59,-7.11],[59.48,-7.07],[59.44,-7.06],[59.44,-6.99],[59.41,-6.95],[59.41,-6.92],[59.37,-6.89],[59.37,-6.85],[59.34,-6.84],[59.26,-6.75],[59.19,-6.68],[59.19,-6.58]]]}},{"type":"Feature","properties":{"precip":40},"geometry":{"type":"Polygon","coordinates":[[[17.91,-6.66],[17.98,-6.61],[18.01,-6.6],[18.05,-6.61],[18.09,-6.66],[18.09,-6.7],[18.12,-6.7],[18.12,-6.66],[18.16,-6.61],[18.19,-6.6],[18.23,-6.61],[18.23,-6.66],[18.27,-6.7],[18.27,-6.8],[18.3,-6.8],[18.34,-6.82],[18.34,-7.07],[18.27,-7.11],[18.27,-7.3],[18.23,-7.33],[18.23,-7.38],[18.09,-7.4],[17.91,-7.4],[17.87,-7.38],[17.8,-7.38],[17.76,-7.35],[17.76,-7.13],[17.73,-7.09],[17.73,-7.01],[17.65,-6.99],[17.65,-6.92],[17.76,-6.9],[17.83,-6.87],[17.83,-6.8],[17.87,-6.8],[17.87,-6.72],[17.91,-6.66]]]}},{"type":"Feature","properties":{"precip":40},"geometry":{"type":"Polygon","coordinates":[[[17.37,-6.75],[17.37,-6.7],[17.44,-6.72],[17.44,-6.8],[17.37,-6.8],[17.37,-6.75]]]}},{"type":"Feature","properties":{"precip":40},"geometry":{"type":"Polygon","coordinates":[[[19.74,-6.75],[19.74,-6.73],[19.78,-6.7],[19.85,-6.72],[19.85,-6.78],[19.81,-6.8],[19.74,-6.78],[19.74,-6.75]]]}},{"type":"Feature","properties":{"precip":40},"geometry":{"type":"Polygon","coordinates":[[[45.95,-7.26],[45.95,-7.14],[46.02,-7.11],[46.09,-7.11],[46.13,-7.13],[46.16,-7.16],[46.16,-7.26],[46.23,-7.3],[46.34,-7.3],[46.34,-7.31],[46.41,-7.31],[46.45,-7.33],[46.45,-7.37],[46.49,-7.38],[46.56,-7.38],[46.56,-7.4],[46.7,-7.4],[46.74,-7.42],[46.74,-7.45],[46.81,-7.5],[46.92,-7.5],[46.95,-7.52],[46.95,-7.54],[46.92,-7.57],[46.92,-7.59],[46.88,-7.64],[46.81,-7.67],[46.7,-7.71],[46.63,-7.71],[46.56,-7.67],[46.56,-7.64],[46.49,-7.59],[46.38,-7.59],[46.34,-7.57],[46.34,-7.52],[46.31,-7.5],[46.2,-7.5],[46.16,-7.49],[46.16,-7.45],[46.09,-7.4],[46.02,-7.4],[45.98,-7.37],[45.95,-7.35],[45.95,-7.26]]]}},{"type":"Feature","properties":{"precip":40},"geometry":{"type":"Polygon","coordinates":[[[59.77,-7.35],[59.77,-7.31],[59.8,-7.3],[59.84,-7.31],[59.84,-7.38],[59.8,-7.4],[59.77,-7.38],[59.77,-7.35]]]}},{"type":"Feature","properties":{"precip":40},"geometry":{"type":"Polygon","coordinates":[[[62.65,-7.59],[62.65,-7.55],[62.68,-7.52],[62.75,-7.5],[63.01,-7.5],[63.08,-7.52],[63.15,-7.54],[63.15,-7.59],[63.08,-7.61],[63.08,-7.64],[63.04,-7.66],[63.04,-7.74],[63.11,-7.79],[63.29,-7.79],[63.37,-7.83],[63.33,-7.84],[63.33,-7.88],[63.22,-7.98],[63.11,-8.0],[63.08,-8.0],[63.08,-8.07],[63.04,-8.08],[63.04,-8.22],[63.08,-8.26],[63.08,-8.29],[63.15,-8.31],[63.22,-8.32],[63.26,-8.38],[63.33,-8.41],[63.37,-8.46],[63.44,-8.55],[63.44,-8.58],[63.4,-8.6],[63.26,-8.6],[63.04,-8.56],[63.04,-8.53],[63.01,-8.51],[62.97,-8.51],[62.97,-8.53],[62.93,-8.56],[62.93,-8.58],[62.83,-8.6],[62.75,-8.58],[62.75,-8.51],[62.68,-8.51],[62.68,-8.53],[62.65,-8.55],[62.65,-8.67],[62.57,-8.7],[62.43,-8.7],[62.32,-8.72],[62.25,-8.75],[62.25,-8.77],[62.18,-8.79],[62.14,-8.77],[62.14,-8.75],[62.07,-8.67],[62.07,-8.6],[62.18,-8.6],[62.25,-8.58],[62.25,-8.51],[62.21,-8.51],[62.14,-8.51],[62.14,-8.5],[62.07,-8.48],[62.07,-8.44],[62.04,-8.43],[62.07,-8.38],[62.07,-8.32],[62.14,-8.27],[62.21,-8.19],[62.32,-8.12],[62.43,-8.08],[62.43,-8.0],[62.39,-7.98],[62.36,-7.98],[62.36,-7.93],[62.43,-7.9],[62.43,-7.84],[62.47,-7.81],[62.47,-7.72],[62.5,-7.71],[62.57,-7.71],[62.65,-7.66],[62.65,-7.59]],[[62.86,-8.44],[62.83,-8.43],[62.83,-8.41],[62.75,-8.41],[62.75,-8.5],[62.83,-8.51],[62.83,-8.48],[62.86,-8.44]]]}},{"type":"Feature","properties":{"precip":40},"geometry":{"type":"Polygon","coordinates":[[[59.66,-7.95],[59.66,-7.91],[59.73,-7.91],[59.73,-7.93],[59.77,-7.95],[59.73,-7.98],[59.73,-8.0],[59.66,-7.98],[59.66,-7.95]]]}},{"type":"Feature","properties":{"precip":40},"geometry":{"type":"Polygon","coordinates":[[[61.06,-8.26],[61.06,-8.2],[61.14,-8.2],[61.14,-8.31],[61.06,-8.29],[61.06,-8.26]]]}},{"type":"Feature","properties":{"precip":40},"geometry":{"type":"Polygon","coordinates":[[[66.64,-8.55],[66.64,-8.51],[66.68,-8.51],[66.75,-8.51],[66.75,-8.58],[66.71,-8.6],[66.64,-8.58],[66.64,-8.55]]]}},{"type":"Feature","properties":{"precip":40},"geometry":{"type":"Polygon","coordinates":[[[76.65,-9.15],[76.68,-9.11],[76.79,-9.11],[76.83,-9.11],[76.83,-9.16],[76.86,-9.18],[76.86,-9.3],[76.9,-9.3],[76.9,-9.37],[76.83,-9.4],[76.76,-9.4],[76.61,-9.37],[76.47,-9.33],[76.47,-9.3],[76.47,-9.27],[76.47,-9.21],[76.47,-9.2],[76.58,-9.2],[76.65,-9.18],[76.65,-9.15]]]}},{"type":"Feature","properties":{"precip":40},"geometry":{"type":"Polygon","coordinates":[[[14.95,-10.55],[14.95,-10.5],[15.03,-10.5],[15.06,-10.53],[15.06,-10.57],[15.03,-10.57],[15.03,-10.6],[14.95,-10.58],[14.95,-10.55]]]}},{"type":"Feature","properties":{"precip":40},"geometry":{"type":"Polygon","coordinates":[[[87.52,-11.49],[87.52,-11.44],[87.59,-11.42],[87.7,-11.42],[87.7,-11.52],[87.74,-11.54],[87.74,-11.61],[87.84,-11.61],[87.84,-11.68],[87.81,-11.69],[87.74,-11.68],[87.74,-11.64],[87.7,-11.61],[87.63,-11.61],[87.52,-11.56],[87.52,-11.49]]]}},{"type":"Feature","properties":{"precip":40},"geometry":{"type":"Polygon","coordinates":[[[86.76,-11.64],[86.76,-11.61],[86.84,-11.61],[86.84,-11.69],[86.76,-11.68],[86.76,-11.64]]]}},{"type":"Feature","properties":{"precip":40},"geometry":{"type":"Polygon","coordinates":[[[87.3,-11.85],[87.38,-11.81],[87.38,-11.8],[87.41,-11.8],[87.45,-11.81],[87.45,-11.88],[87.38,-11.9],[87.38,-11.88],[87.3,-11.85]]]}},{"type":"Feature","properties":{"precip":40},"geometry":{"type":"Polygon","coordinates":[[[81.9,-12.05],[81.9,-12.02],[81.98,-12.02],[81.98,-12.0],[82.05,-12.02],[82.05,-12.09],[81.98,-12.09],[81.9,-12.05]]]}},{"type":"Feature","properties":{"precip":40},"geometry":{"type":"Polygon","coordinates":[[[86.62,-12.09],[86.62,-12.02],[86.73,-12.02],[86.76,-12.04],[86.76,-12.07],[86.8,-12.11],[86.84,-12.19],[86.84,-12.48],[86.76,-12.48],[86.76,-12.38],[86.73,-12.35],[86.73,-12.31],[86.66,-12.29],[86.58,-12.29],[86.55,-12.28],[86.55,-12.21],[86.62,-12.21],[86.62,-12.19],[86.62,-12.16],[86.62,-12.09]]]}},{"type":"Feature","properties":{"precip":40},"geometry":{"type":"Polygon","coordinates":[[[87.05,-12.26],[87.05,-12.21],[87.09,-12.21],[87.16,-12.21],[87.16,-12.28],[87.09,-12.29],[87.05,-12.28],[87.05,-12.26]]]}},{"type":"Feature","properties":{"precip":40},"geometry":{"type":"Polygon","coordinates":[[[75.86,-12.65],[75.86,-12.6],[75.93,-12.6],[75.93,-12.64],[75.96,-12.64],[75.96,-12.67],[75.93,-12.67],[75.93,-12.69],[75.89,-12.7],[75.86,-12.69],[75.86,-12.65]]]}},{"type":"Feature","properties":{"precip":40},"geometry":{"type":"Polygon","coordinates":[[[86.76,-12.7],[86.76,-12.62],[86.8,-12.6],[86.84,-12.6],[86.84,-12.79],[86.8,-12.81],[86.76,-12.79],[86.76,-12.7]]]}},{"type":"Feature","properties":{"precip":40},"geometry":{"type":"Polygon","coordinates":[[[90.83,-13.78],[90.83,-13.73],[90.9,-13.71],[90.94,-13.71],[90.94,-13.87],[90.87,-13.9],[90.76,-13.89],[90.76,-13.83],[90.83,-13.78]]]}},{"type":"Feature","properties":{"precip":40},"geometry":{"type":"Polygon","coordinates":[[[36.33,-33.46],[36.37,-33.43],[36.37,-33.41],[36.44,-33.41],[36.44,-33.48],[36.37,-33.5],[36.37,-33.48],[36.33,-33.46]]]}},{"type":"Feature","properties":{"precip":40},"geometry":{"type":"Polygon","coordinates":[[[36.44,-34.21],[36.44,-34.15],[36.48,-34.15],[36.48,-34.11],[36.51,-34.09],[36.59,-34.09],[36.66,-34.15],[36.62,-34.16],[36.62,-34.2],[36.59,-34.25],[36.51,-34.28],[36.44,-34.28],[36.44,-34.21]]]}},{"type":"Feature","properties":{"precip":40},"geometry":{"type":"Polygon","coordinates":[[[80.61,-40.36],[80.61,-40.34],[80.68,-40.29],[80.75,-40.31],[80.75,-40.39],[80.72,-40.41],[80.61,-40.37],[80.61,-40.36]]]}},{"type":"Feature","properties":{"precip":40},"geometry":{"type":"Polygon","coordinates":[[[81.0,-40.36],[81.04,-40.34],[81.04,-40.29],[81.15,-40.31],[81.15,-40.39],[81.04,-40.41],[81.04,-40.37],[81.0,-40.36]]]}},{"type":"Feature","properties":{"precip":40},"geometry":{"type":"Polygon","coordinates":[[[82.26,-40.36],[82.26,-40.31],[82.3,-40.29],[82.3,-40.31],[82.3,-40.39],[82.3,-40.41],[82.26,-40.39],[82.26,-40.36]]]}},{"type":"Feature","properties":{"precip":40},"geometry":{"type":"Polygon","coordinates":[[[34.75,-40.75],[34.75,-40.73],[34.82,-40.72],[34.86,-40.73],[34.86,-40.77],[34.82,-40.77],[34.82,-40.82],[34.75,-40.78],[34.75,-40.75]]]}},{"type":"Feature","properties":{"precip":40},"geometry":{"type":"Polygon","coordinates":[[[35.04,-40.85],[35.04,-40.82],[35.08,-40.82],[35.15,-40.82],[35.15,-40.89],[35.08,-40.89],[35.04,-40.85]]]}},{"type":"Feature","properties":{"precip":40},"geometry":{"type":"Polygon","coordinates":[[[35.36,-40.96],[35.36,-40.92],[35.44,-40.92],[35.44,-41.01],[35.36,-41.01],[35.36,-40.96]]]}},{"type":"Feature","properties":{"precip":40},"geometry":{"type":"Polygon","coordinates":[[[35.65,-40.96],[35.65,-40.94],[35.69,-40.89],[35.76,-40.94],[35.76,-40.97],[35.72,-40.97],[35.72,-41.01],[35.65,-40.99],[35.65,-40.96]]]}},{"type":"Feature","properties":{"precip":40},"geometry":{"type":"Polygon","coordinates":[[[36.26,-41.14],[36.26,-41.11],[36.33,-41.11],[36.33,-41.21],[36.26,-41.21],[36.26,-41.14]]]}},{"type":"Feature","properties":{"precip":40},"geometry":{"type":"Polygon","coordinates":[[[36.55,-41.25],[36.55,-41.21],[36.62,-41.21],[36.66,-41.23],[36.66,-41.28],[36.62,-41.28],[36.62,-41.3],[36.56,-41.3],[36.55,-41.3],[36.55,-41.25]]]}},{"type":"Feature","properties":{"precip":70},"geometry":{"type":"Polygon","coordinates":[[[89.21,3.79],[89.25,3.77],[89.25,3.74],[89.32,3.71],[89.43,3.71],[89.5,3.69],[89.5,3.64],[89.61,3.6],[89.68,3.6],[89.79,3.6],[89.82,3.57],[89.82,3.55],[89.86,3.52],[89.86,3.43],[89.89,3.4],[89.93,3.4],[90.0,3.4],[90.07,3.4],[90.11,3.43],[90.11,3.45],[90.15,3.47],[90.15,3.5],[90.22,3.5],[90.22,3.47],[90.25,3.45],[90.25,3.43],[90.29,3.4],[90.43,3.36],[90.47,3.33],[90.54,3.28],[90.54,3.23],[90.65,3.14],[90.65,3.04],[90.61,2.99],[90.51,2.92],[90.43,2.9],[90.33,2.88],[90.29,2.85],[90.22,2.8],[90.11,2.73],[90.07,2.66],[90.0,2.59],[89.93,2.54],[89.93,2.49],[89.93,2.47],[89.93,2.42],[89.89,2.41],[89.89,2.39],[89.82,2.34],[89.82,2.3],[89.79,2.3],[89.79,2.29],[89.71,2.25],[89.71,2.15],[89.71,2.11],[89.68,2.1],[89.61,2.1],[89.53,2.08],[89.53,2.06],[89.5,2.05],[89.5,1.93],[89.46,1.91],[89.32,1.91],[89.28,1.89],[89.25,1.91],[89.1,1.91],[89.03,1.94],[89.03,1.98],[88.99,1.98],[88.92,1.99],[88.89,1.99],[88.85,2.01],[88.85,2.06],[88.81,2.08],[88.71,2.1],[88.67,2.1],[88.53,2.06],[88.53,2.03],[88.53,1.99],[88.49,1.99],[88.49,2.06],[88.31,2.1],[88.13,2.1],[88.06,2.06],[88.06,2.03],[88.02,2.03],[88.02,1.99],[87.99,2.01],[87.99,2.03],[87.92,2.06],[87.92,2.08],[87.88,2.1],[87.88,2.08],[87.84,2.06],[87.84,2.03],[87.81,1.99],[87.74,2.01],[87.74,2.03],[87.7,2.06],[87.66,2.1],[87.52,2.1],[87.45,2.08],[87.45,2.03],[87.38,1.99],[87.3,1.99],[87.27,1.98],[87.27,1.94],[87.23,1.94],[87.23,1.91],[87.2,1.89],[87.12,1.91],[87.12,2.06],[87.23,2.13],[87.23,2.15],[87.3,2.2],[87.41,2.2],[87.41,2.22],[87.45,2.23],[87.45,2.32],[87.48,2.35],[87.48,2.37],[87.59,2.47],[87.59,2.51],[87.66,2.56],[87.7,2.64],[87.7,2.7],[87.74,2.73],[87.7,2.76],[87.7,2.78],[87.66,2.82],[87.66,2.95],[87.63,2.95],[87.63,2.99],[87.59,3.0],[87.52,3.0],[87.48,3.02],[87.45,3.07],[87.45,3.28],[87.48,3.33],[87.48,3.38],[87.52,3.4],[87.52,3.43],[87.59,3.47],[87.59,3.48],[87.63,3.52],[87.63,3.59],[87.66,3.62],[87.66,3.79],[89.21,3.79]]]}},{"type":"Feature","properties":{"precip":70},"geometry":{"type":"Polygon","coordinates":[[[96.2,3.79],[96.27,3.72],[96.27,3.64],[96.34,3.6],[96.37,3.6],[96.45,3.57],[96.45,3.47],[96.48,3.45],[96.48,3.43],[96.52,3.4],[96.55,3.4],[96.66,3.4],[96.77,3.4],[96.88,3.36],[96.88,3.35],[96.84,3.33],[96.84,3.31],[96.77,3.29],[96.73,3.29],[96.66,3.26],[96.66,3.23],[96.59,3.21],[96.52,3.21],[96.48,3.21],[96.48,3.24],[96.45,3.24],[96.45,3.28],[96.37,3.29],[96.27,3.29],[96.09,3.18],[96.05,3.12],[95.94,3.07],[95.94,3.02],[95.94,2.99],[95.94,2.95],[95.87,2.9],[95.76,2.9],[95.65,2.94],[95.65,2.95],[95.62,2.99],[95.55,2.97],[95.51,2.9],[95.44,2.82],[95.44,2.73],[95.37,2.7],[95.33,2.7],[95.26,2.68],[95.26,2.63],[95.22,2.61],[95.22,2.59],[95.15,2.59],[95.15,2.61],[95.15,2.63],[95.15,2.85],[95.11,2.9],[95.11,2.95],[95.08,3.0],[95.01,3.07],[94.93,3.09],[94.9,3.09],[94.86,3.09],[94.86,3.04],[94.83,3.02],[94.83,2.94],[94.72,2.9],[94.68,2.9],[94.65,2.94],[94.65,3.04],[94.61,3.07],[94.61,3.09],[94.54,3.09],[94.5,3.09],[94.43,3.12],[94.43,3.18],[94.47,3.18],[94.47,3.21],[94.5,3.21],[94.5,3.26],[94.54,3.29],[94.54,3.79],[96.2,3.79]],[[95.87,3.16],[95.83,3.18],[95.83,3.19],[95.76,3.21],[95.76,3.19],[95.76,3.11],[95.76,3.09],[95.83,3.11],[95.83,3.12],[95.87,3.16]]]}},{"type":"Feature","properties":{"precip":70},"geometry":{"type":"Polygon","coordinates":[[[66.79,3.72],[66.82,3.76],[66.91,3.79],[67.04,3.79],[67.15,3.76],[67.22,3.69],[67.22,3.62],[67.18,3.6],[67.07,3.6],[66.89,3.6],[66.79,3.6],[66.75,3.62],[66.75,3.69],[66.79,3.72]]]}},{"type":"Feature","properties":{"precip":70},"geometry":{"type":"Polygon","coordinates":[[[65.09,3.5],[65.13,3.52],[65.13,3.55],[65.17,3.55],[65.24,3.6],[65.38,3.6],[65.45,3.55],[65.45,3.4],[65.42,3.35],[65.42,3.29],[65.35,3.26],[65.31,3.24],[65.24,3.21],[65.17,3.21],[64.91,3.21],[64.88,3.21],[64.88,3.24],[64.84,3.24],[64.84,3.36],[64.88,3.38],[64.99,3.4],[65.06,3.45],[65.09,3.48],[65.09,3.5]]]}},{"type":"Feature","properties":{"precip":70},"geometry":{"type":"Polygon","coordinates":[[[78.45,3.55],[78.52,3.6],[78.66,3.6],[78.74,3.57],[78.74,3.41],[78.66,3.4],[78.66,3.43],[78.63,3.45],[78.63,3.48],[78.56,3.5],[78.52,3.5],[78.45,3.52],[78.45,3.55]]]}},{"type":"Feature","properties":{"precip":70},"geometry":{"type":"Polygon","coordinates":[[[65.74,3.45],[65.78,3.48],[65.85,3.5],[65.92,3.48],[65.92,3.47],[65.96,3.45],[65.96,3.24],[66.03,3.21],[66.25,3.21],[66.46,3.18],[66.46,3.12],[66.53,3.09],[66.61,3.09],[66.61,3.04],[66.64,3.02],[66.64,2.87],[66.61,2.85],[66.61,2.82],[66.57,2.8],[66.32,2.8],[66.25,2.78],[66.17,2.76],[66.17,2.73],[66.14,2.73],[66.14,2.71],[66.1,2.7],[65.99,2.7],[65.99,2.73],[65.96,2.73],[65.96,2.76],[65.89,2.8],[65.81,2.8],[65.74,2.82],[65.71,2.83],[65.63,2.85],[65.63,2.87],[65.56,2.95],[65.56,3.06],[65.63,3.09],[65.71,3.11],[65.74,3.12],[65.74,3.28],[65.67,3.29],[65.63,3.29],[65.56,3.33],[65.56,3.38],[65.6,3.4],[65.67,3.4],[65.74,3.41],[65.74,3.45]]]}},{"type":"Feature","properties":{"precip":70},"geometry":{"type":"Polygon","coordinates":[[[70.31,3.33],[70.39,3.38],[70.42,3.43],[70.53,3.48],[70.57,3.48],[70.64,3.47],[70.71,3.4],[70.75,3.35],[70.75,3.24],[70.64,3.16],[70.64,3.12],[70.6,3.12],[70.6,3.09],[70.57,3.07],[70.57,2.99],[70.53,2.97],[70.53,2.92],[70.49,2.9],[70.42,2.9],[70.31,2.88],[70.24,2.87],[70.24,2.82],[70.21,2.82],[70.1,2.87],[70.1,2.9],[70.06,2.92],[70.06,2.99],[70.1,2.99],[70.1,3.0],[70.13,3.02],[70.13,3.09],[70.17,3.12],[70.17,3.16],[70.21,3.18],[70.21,3.21],[70.31,3.33]]]}},{"type":"Feature","properties":{"precip":70},"geometry":{"type":"Polygon","coordinates":[[[32.81,3.33],[32.88,3.36],[32.88,3.38],[32.95,3.4],[32.95,3.33],[32.92,3.31],[32.92,3.28],[32.88,3.26],[32.81,3.21],[32.77,3.21],[32.77,3.26],[32.81,3.29],[32.81,3.33]]]}},{"type":"Feature","properties":{"precip":70},"geometry":{"type":"Polygon","coordinates":[[[71.86,3.29],[71.86,3.36],[71.93,3.4],[72.01,3.4],[72.04,3.38],[72.04,3.36],[72.08,3.35],[72.08,3.24],[72.11,3.23],[72.11,3.18],[72.15,3.16],[72.22,3.09],[72.22,3.02],[72.15,3.0],[72.08,3.0],[71.97,2.97],[71.97,2.88],[71.93,2.85],[71.93,2.82],[71.86,2.75],[71.79,2.7],[71.68,2.68],[71.65,2.64],[71.65,2.61],[71.61,2.59],[71.54,2.54],[71.47,2.51],[71.39,2.51],[71.36,2.52],[71.36,2.58],[71.29,2.59],[71.25,2.59],[71.18,2.61],[71.14,2.64],[71.14,2.66],[71.18,2.68],[71.18,2.7],[71.21,2.7],[71.29,2.7],[71.39,2.78],[71.43,2.82],[71.43,2.88],[71.39,2.9],[71.39,2.94],[71.36,2.95],[71.36,3.07],[71.29,3.09],[71.29,3.12],[71.25,3.12],[71.25,3.18],[71.32,3.21],[71.43,3.21],[71.43,3.23],[71.47,3.24],[71.47,3.26],[71.54,3.29],[71.68,3.29],[71.75,3.28],[71.75,3.24],[71.79,3.23],[71.79,3.21],[71.83,3.21],[71.86,3.23],[71.86,3.29]],[[71.57,2.7],[71.57,2.73],[71.54,2.76],[71.54,2.8],[71.47,2.78],[71.47,2.61],[71.5,2.59],[71.54,2.59],[71.54,2.64],[71.57,2.66],[71.57,2.7]]]}},{"type":"Feature","properties":{"precip":70},"geometry":{"type":"Polygon","coordinates":[[[74.67,3.21],[74.67,3.26],[74.71,3.28],[74.71,3.29],[74.74,3.29],[74.74,3.26],[74.78,3.24],[74.78,3.16],[74.74,3.14],[74.74,3.09],[74.71,3.09],[74.71,3.12],[74.67,3.12],[74.67,3.21]]]}},{"type":"Feature","properties":{"precip":70},"geometry":{"type":"Polygon","coordinates":[[[32.56,3.16],[32.56,3.18],[32.63,3.21],[32.63,3.18],[32.66,3.18],[32.66,3.12],[32.63,3.12],[32.63,3.09],[32.59,3.09],[32.56,3.12],[32.56,3.16]]]}},{"type":"Feature","properties":{"precip":70},"geometry":{"type":"Polygon","coordinates":[[[96.88,3.06],[96.88,3.09],[96.95,3.09],[96.95,3.0],[96.88,3.0],[96.88,3.06]]]}},{"type":"Feature","properties":{"precip":70},"geometry":{"type":"Polygon","coordinates":[[[92.52,2.97],[92.59,2.99],[92.67,2.99],[92.7,3.0],[92.88,3.0],[92.92,2.99],[93.03,2.97],[93.06,2.94],[93.06,2.88],[93.03,2.85],[93.03,2.82],[92.92,2.75],[92.88,2.7],[92.81,2.71],[92.74,2.73],[92.74,2.78],[92.67,2.82],[92.52,2.95],[92.52,2.97]]]}},{"type":"Feature","properties":{"precip":70},"geometry":{"type":"Polygon","coordinates":[[[94.93,2.85],[94.93,2.87],[94.93,2.9],[95.04,2.88],[95.04,2.82],[94.93,2.8],[94.93,2.82],[94.93,2.85]]]}},{"type":"Feature","properties":{"precip":70},"geometry":{"type":"Polygon","coordinates":[[[67.43,2.75],[67.47,2.78],[67.58,2.8],[67.76,2.8],[67.83,2.78],[67.83,2.7],[67.87,2.64],[67.83,2.59],[67.83,2.52],[67.79,2.51],[67.76,2.52],[67.69,2.59],[67.61,2.66],[67.58,2.68],[67.51,2.7],[67.43,2.7],[67.43,2.66],[67.47,2.64],[67.47,2.61],[67.58,2.54],[67.58,2.51],[67.65,2.46],[67.69,2.39],[67.72,2.37],[67.72,2.3],[67.69,2.3],[67.61,2.3],[67.54,2.27],[67.54,2.22],[67.47,2.2],[67.4,2.2],[67.36,2.22],[67.36,2.29],[67.33,2.3],[67.33,2.37],[67.25,2.39],[67.18,2.41],[67.15,2.42],[67.15,2.66],[67.18,2.68],[67.18,2.7],[67.25,2.7],[67.36,2.7],[67.43,2.73],[67.43,2.75]]]}},{"type":"Feature","properties":{"precip":70},"geometry":{"type":"Polygon","coordinates":[[[69.05,2.64],[69.09,2.68],[69.16,2.7],[69.27,2.68],[69.27,2.63],[69.23,2.61],[69.16,2.59],[69.09,2.61],[69.05,2.64]]]}},{"type":"Feature","properties":{"precip":70},"geometry":{"type":"Polygon","coordinates":[[[69.52,2.68],[69.59,2.7],[69.67,2.7],[69.74,2.7],[69.81,2.68],[69.85,2.64],[69.85,2.54],[69.88,2.51],[69.88,2.49],[69.92,2.49],[69.92,2.46],[69.95,2.46],[69.92,2.44],[69.92,2.41],[69.88,2.41],[69.85,2.42],[69.85,2.46],[69.81,2.47],[69.81,2.49],[69.74,2.51],[69.59,2.59],[69.56,2.61],[69.56,2.64],[69.52,2.68]]]}},{"type":"Feature","properties":{"precip":70},"geometry":{"type":"Polygon","coordinates":[[[69.95,2.64],[69.95,2.7],[69.99,2.7],[70.03,2.7],[70.03,2.61],[69.99,2.59],[69.95,2.61],[69.95,2.64]]]}},{"type":"Feature","properties":{"precip":70},"geometry":{"type":"Polygon","coordinates":[[[93.35,2.64],[93.35,2.66],[93.42,2.68],[93.53,2.7],[93.57,2.7],[93.67,2.7],[93.75,2.68],[93.75,2.64],[93.75,2.61],[93.89,2.59],[93.96,2.59],[94.07,2.56],[94.07,2.54],[93.96,2.51],[93.93,2.49],[93.93,2.47],[93.85,2.46],[93.85,2.44],[93.82,2.42],[93.82,2.39],[93.75,2.39],[93.75,2.37],[93.71,2.3],[93.53,2.27],[93.53,2.22],[93.49,2.2],[93.49,2.17],[93.42,2.13],[93.35,2.11],[93.28,2.11],[93.21,2.1],[92.85,2.1],[92.74,2.08],[92.74,2.06],[92.74,2.03],[92.74,1.93],[92.7,1.91],[92.52,1.89],[92.52,1.84],[92.52,1.82],[92.52,1.81],[92.49,1.81],[92.41,1.81],[92.34,1.75],[92.34,1.65],[92.31,1.62],[92.27,1.6],[92.13,1.6],[92.05,1.6],[91.87,1.62],[91.84,1.64],[91.84,1.67],[91.73,1.69],[91.73,1.7],[91.69,1.7],[91.66,1.72],[91.66,1.84],[91.73,1.96],[91.87,2.08],[92.02,2.17],[92.09,2.2],[92.2,2.2],[92.23,2.18],[92.23,2.15],[92.31,2.11],[92.41,2.1],[92.49,2.11],[92.52,2.15],[92.52,2.17],[92.63,2.2],[92.7,2.2],[92.81,2.2],[92.88,2.22],[92.92,2.23],[92.92,2.27],[92.88,2.3],[92.81,2.3],[92.74,2.3],[92.74,2.39],[92.81,2.42],[92.92,2.51],[92.95,2.56],[93.1,2.59],[93.21,2.59],[93.28,2.61],[93.35,2.63],[93.35,2.64]]]}},{"type":"Feature","properties":{"precip":70},"geometry":{"type":"Polygon","coordinates":[[[95.26,2.41],[95.26,2.47],[95.33,2.49],[95.33,2.46],[95.37,2.41],[95.47,2.41],[95.51,2.39],[95.55,2.39],[95.65,2.35],[95.65,2.2],[95.62,2.15],[95.62,2.11],[95.55,2.1],[95.47,2.11],[95.37,2.22],[95.29,2.29],[95.26,2.29],[95.26,2.25],[95.22,2.23],[95.22,2.22],[95.15,2.22],[95.15,2.29],[95.22,2.3],[95.22,2.34],[95.26,2.37],[95.26,2.41]]]}},{"type":"Feature","properties":{"precip":70},"geometry":{"type":"Polygon","coordinates":[[[9.56,2.06],[9.56,2.08],[9.63,2.1],[9.63,2.06],[9.66,2.05],[9.63,2.03],[9.63,1.99],[9.56,2.01],[9.56,2.06]]]}},{"type":"Feature","properties":{"precip":70},"geometry":{"type":"Polygon","coordinates":[[[96.77,2.06],[96.77,2.08],[96.84,2.1],[96.84,2.08],[96.88,2.06],[96.88,2.03],[96.84,2.03],[96.84,1.99],[96.77,2.01],[96.77,2.06]]]}},{"type":"Feature","properties":{"precip":70},"geometry":{"type":"Polygon","coordinates":[[[86.91,1.86],[86.91,1.89],[87.02,1.89],[87.05,1.87],[87.05,1.82],[87.02,1.81],[86.91,1.81],[86.91,1.86]]]}},{"type":"Feature","properties":{"precip":70},"geometry":{"type":"Polygon","coordinates":[[[97.71,1.82],[97.74,1.86],[97.74,1.87],[97.74,1.89],[97.89,1.82],[97.92,1.81],[97.92,1.74],[97.96,1.72],[97.92,1.7],[97.81,1.7],[97.81,1.69],[97.74,1.67],[97.74,1.62],[97.71,1.6],[97.67,1.6],[97.63,1.65],[97.63,1.72],[97.67,1.75],[97.67,1.79],[97.71,1.82]]]}},{"type":"Feature","properties":{"precip":70},"geometry":{"type":"Polygon","coordinates":[[[88.71,1.72],[88.71,1.77],[88.85,1.81],[88.92,1.81],[89.03,1.75],[89.03,1.55],[88.99,1.52],[88.92,1.5],[88.78,1.5],[88.71,1.52],[88.67,1.55],[88.67,1.64],[88.71,1.72]]]}},{"type":"Feature","properties":{"precip":70},"geometry":{"type":"Polygon","coordinates":[[[85.94,1.55],[85.94,1.58],[86.01,1.6],[86.01,1.58],[86.04,1.57],[86.04,1.53],[86.01,1.52],[86.01,1.5],[85.94,1.52],[85.94,1.55]]]}},{"type":"Feature","properties":{"precip":70},"geometry":{"type":"Polygon","coordinates":[[[91.62,1.1],[91.62,1.12],[91.66,1.16],[91.66,1.17],[91.73,1.19],[91.84,1.21],[92.05,1.21],[92.13,1.19],[92.23,1.16],[92.23,0.85],[92.2,0.81],[92.13,0.8],[92.09,0.8],[92.05,0.8],[92.05,0.75],[91.98,0.73],[91.98,0.71],[91.87,0.71],[91.66,0.71],[91.51,0.73],[91.51,0.98],[91.62,1.02],[91.62,1.1]]]}},{"type":"Feature","properties":{"precip":70},"geometry":{"type":"Polygon","coordinates":[[[8.94,1.07],[8.98,1.1],[9.12,1.1],[9.2,1.07],[9.23,1.05],[9.3,0.98],[9.34,0.93],[9.34,0.75],[9.38,0.73],[9.38,0.71],[9.41,0.71],[9.45,0.73],[9.45,0.78],[9.52,0.8],[9.52,0.71],[9.41,0.63],[9.3,0.59],[9.23,0.63],[9.23,0.69],[9.16,0.69],[9.16,0.64],[9.12,0.63],[9.12,0.51],[9.05,0.51],[8.98,0.47],[8.94,0.45],[8.87,0.4],[8.87,0.37],[8.84,0.32],[8.84,0.23],[8.87,0.23],[8.87,0.2],[8.94,0.15],[9.02,0.08],[9.02,0.03],[8.94,0.01],[8.84,0.01],[8.76,-0.02],[8.73,-0.06],[8.73,-0.2],[8.66,-0.18],[8.58,-0.11],[8.58,-0.08],[8.58,-0.04],[8.58,0.03],[8.55,0.06],[8.55,0.1],[8.48,0.11],[8.48,0.18],[8.51,0.18],[8.55,0.2],[8.58,0.2],[8.62,0.23],[8.62,0.4],[8.66,0.44],[8.66,0.49],[8.73,0.51],[8.73,0.64],[8.76,0.66],[8.76,0.68],[8.8,0.71],[8.87,0.71],[8.94,0.73],[8.94,0.76],[9.02,0.8],[9.16,0.8],[9.23,0.81],[9.23,0.88],[9.16,0.9],[9.09,0.92],[9.02,0.95],[8.98,0.98],[8.98,1.02],[8.94,1.04],[8.94,1.07]]]}},{"type":"Feature","properties":{"precip":70},"geometry":{"type":"Polygon","coordinates":[[[87.84,1.05],[87.88,1.07],[87.88,1.1],[87.92,1.09],[87.92,1.04],[87.99,1.04],[87.99,1.02],[88.06,1.0],[88.13,1.0],[88.13,0.98],[88.24,0.98],[88.24,0.95],[88.28,0.93],[88.28,0.88],[88.24,0.85],[88.24,0.81],[88.1,0.8],[88.06,0.76],[88.06,0.73],[88.02,0.71],[87.92,0.71],[87.88,0.71],[87.81,0.68],[87.74,0.68],[87.74,0.64],[87.7,0.63],[87.52,0.59],[87.41,0.59],[87.3,0.59],[87.27,0.56],[87.23,0.54],[87.23,0.51],[87.2,0.51],[87.12,0.54],[87.12,0.87],[87.2,0.9],[87.27,0.9],[87.3,0.92],[87.3,0.95],[87.45,0.98],[87.52,1.0],[87.7,1.0],[87.74,1.02],[87.84,1.04],[87.84,1.05]]]}},{"type":"Feature","properties":{"precip":70},"geometry":{"type":"Polygon","coordinates":[[[94.07,0.95],[94.11,1.02],[94.14,1.07],[94.21,1.1],[94.21,1.07],[94.25,1.05],[94.21,1.04],[94.21,1.0],[94.14,0.98],[94.14,0.8],[94.18,0.73],[94.25,0.64],[94.25,0.63],[94.29,0.61],[94.29,0.59],[94.32,0.56],[94.32,0.51],[94.29,0.51],[94.25,0.51],[94.25,0.54],[94.21,0.57],[94.21,0.59],[94.18,0.59],[94.14,0.57],[94.14,0.4],[94.14,0.37],[94.14,0.33],[94.11,0.32],[94.11,0.28],[94.07,0.27],[94.07,0.25],[94.03,0.23],[94.03,0.21],[93.96,0.2],[93.96,0.15],[93.96,0.13],[93.96,0.03],[93.89,0.01],[93.75,0.01],[93.75,0.03],[93.67,0.04],[93.57,0.1],[93.53,0.15],[93.53,0.25],[93.53,0.27],[93.53,0.28],[93.49,0.3],[93.42,0.3],[93.35,0.32],[93.35,0.35],[93.35,0.4],[93.46,0.44],[93.49,0.49],[93.53,0.54],[93.64,0.59],[93.71,0.59],[93.75,0.63],[93.75,0.64],[93.75,0.66],[93.75,0.68],[93.82,0.68],[93.89,0.71],[93.96,0.71],[94.03,0.73],[94.07,0.75],[94.07,0.78],[93.96,0.81],[93.96,0.88],[94.03,0.9],[94.03,0.93],[94.07,0.95]],[[94.07,0.35],[94.07,0.37],[94.03,0.4],[93.96,0.39],[93.96,0.32],[93.96,0.3],[94.03,0.3],[94.03,0.32],[94.07,0.32],[94.07,0.35]]]}},{"type":"Feature","properties":{"precip":70},"geometry":{"type":"Polygon","coordinates":[[[91.26,0.95],[91.26,0.98],[91.3,0.98],[91.3,1.0],[91.33,1.0],[91.33,0.98],[91.33,0.93],[91.3,0.9],[91.3,0.92],[91.26,0.93],[91.26,0.95]]]}},{"type":"Feature","properties":{"precip":70},"geometry":{"type":"Polygon","coordinates":[[[91.26,0.51],[91.26,0.56],[91.3,0.57],[91.41,0.59],[91.91,0.59],[92.02,0.59],[92.13,0.54],[92.13,0.52],[92.23,0.51],[92.34,0.51],[92.45,0.47],[92.45,0.42],[92.49,0.4],[92.63,0.39],[92.63,0.35],[92.67,0.33],[92.67,0.3],[92.7,0.3],[92.74,0.32],[92.74,0.42],[92.74,0.45],[92.74,0.47],[92.85,0.51],[92.92,0.51],[93.03,0.47],[93.06,0.45],[93.06,0.32],[93.13,0.3],[93.24,0.27],[93.24,0.06],[93.13,-0.04],[93.13,-0.08],[93.06,-0.08],[93.06,-0.04],[93.03,-0.02],[93.03,-0.01],[92.95,0.01],[92.95,-0.02],[92.92,-0.04],[92.92,-0.08],[92.88,-0.09],[92.85,-0.09],[92.74,-0.08],[92.74,-0.04],[92.67,0.04],[92.63,0.1],[92.63,0.16],[92.52,0.25],[92.49,0.28],[92.45,0.27],[92.45,0.23],[92.41,0.21],[92.34,0.2],[92.27,0.2],[92.2,0.18],[92.13,0.18],[92.13,0.16],[92.13,0.15],[92.13,0.11],[92.05,0.1],[91.98,0.08],[91.91,0.06],[91.91,0.04],[91.91,0.03],[91.87,0.01],[91.8,-0.06],[91.69,-0.09],[91.62,-0.11],[91.51,-0.08],[91.51,-0.06],[91.51,-0.04],[91.51,-0.02],[91.44,0.01],[91.33,0.01],[91.3,0.01],[91.26,0.04],[91.26,0.25],[91.23,0.28],[91.23,0.32],[91.15,0.32],[91.15,0.33],[91.15,0.37],[91.15,0.39],[91.23,0.39],[91.23,0.42],[91.26,0.42],[91.26,0.51]],[[93.13,0.15],[93.13,0.16],[93.13,0.2],[93.1,0.2],[93.06,0.2],[93.06,0.11],[93.13,0.11],[93.13,0.13],[93.13,0.15]]]}},{"type":"Feature","properties":{"precip":70},"geometry":{"type":"Polygon","coordinates":[[[95.15,0.45],[95.15,0.49],[95.22,0.51],[95.22,0.47],[95.26,0.47],[95.26,0.42],[95.22,0.42],[95.22,0.4],[95.15,0.4],[95.15,0.45]]]}},{"type":"Feature","properties":{"precip":70},"geometry":{"type":"Polygon","coordinates":[[[9.23,0.35],[9.23,0.37],[9.27,0.37],[9.27,0.4],[9.34,0.39],[9.34,0.32],[9.3,0.3],[9.27,0.3],[9.27,0.32],[9.23,0.33],[9.23,0.35]]]}},{"type":"Feature","properties":{"precip":70},"geometry":{"type":"Polygon","coordinates":[[[98.25,0.25],[98.25,0.28],[98.28,0.3],[98.35,0.28],[98.35,0.23],[98.32,0.2],[98.28,0.2],[98.25,0.23],[98.25,0.25]]]}},{"type":"Feature","properties":{"precip":70},"geometry":{"type":"Polygon","coordinates":[[[98.71,0.11],[98.75,0.15],[98.75,0.16],[98.79,0.2],[98.86,0.2],[98.86,0.15],[98.79,0.13],[98.79,0.1],[98.79,0.08],[98.79,0.06],[98.75,0.03],[98.68,0.01],[98.68,0.08],[98.71,0.11]]]}},{"type":"Feature","properties":{"precip":70},"geometry":{"type":"Polygon","coordinates":[[[92.34,-0.06],[92.34,-0.02],[92.34,0.01],[92.41,0.01],[92.41,-0.02],[92.45,-0.02],[92.45,-0.08],[92.41,-0.09],[92.34,-0.08],[92.34,-0.06]]]}},{"type":"Feature","properties":{"precip":70},"geometry":{"type":"Polygon","coordinates":[[[92.52,-0.14],[92.52,-0.11],[92.63,-0.11],[92.63,-0.2],[92.52,-0.2],[92.52,-0.14]]]}},{"type":"Feature","properties":{"precip":70},"geometry":{"type":"Polygon","coordinates":[[[98.46,-0.25],[98.46,-0.14],[98.5,-0.13],[98.5,-0.11],[98.57,-0.11],[98.64,-0.09],[98.71,-0.11],[98.79,-0.11],[98.86,-0.14],[98.86,-0.28],[98.93,-0.3],[98.93,-0.33],[98.97,-0.33],[98.97,-0.45],[98.97,-0.47],[98.97,-0.5],[99.07,-0.5],[99.14,-0.52],[99.14,-0.69],[99.07,-0.71],[99.07,-0.64],[99.04,-0.62],[98.97,-0.59],[98.89,-0.59],[98.86,-0.56],[98.86,-0.42],[98.79,-0.4],[98.79,-0.42],[98.75,-0.45],[98.75,-0.56],[98.71,-0.57],[98.71,-0.59],[98.57,-0.59],[98.57,-0.57],[98.57,-0.47],[98.53,-0.45],[98.53,-0.4],[98.46,-0.37],[98.46,-0.25]]]}},{"type":"Feature","properties":{"precip":70},"geometry":{"type":"Polygon","coordinates":[[[21.76,-0.71],[21.76,-0.56],[21.79,-0.54],[21.79,-0.5],[21.87,-0.5],[21.97,-0.5],[22.05,-0.52],[22.05,-0.61],[22.08,-0.64],[22.08,-0.79],[22.12,-0.79],[22.19,-0.79],[22.26,-0.78],[22.26,-0.73],[22.33,-0.71],[22.41,-0.71],[22.41,-0.74],[22.44,-0.76],[22.44,-0.88],[22.51,-0.9],[22.51,-0.93],[22.55,-0.95],[22.51,-1.0],[22.51,-1.03],[22.48,-1.09],[22.41,-1.19],[22.37,-1.24],[22.33,-1.26],[22.33,-1.27],[22.26,-1.26],[22.26,-1.24],[22.15,-1.21],[22.08,-1.21],[22.01,-1.19],[21.97,-1.19],[21.97,-1.14],[21.9,-1.1],[21.79,-1.1],[21.69,-1.07],[21.69,-1.05],[21.61,-1.03],[21.61,-1.0],[21.58,-0.95],[21.58,-0.81],[21.65,-0.81],[21.65,-0.86],[21.69,-0.88],[21.69,-0.9],[21.72,-0.9],[21.72,-0.86],[21.76,-0.85],[21.76,-0.71]]]}},{"type":"Feature","properties":{"precip":70},"geometry":{"type":"Polygon","coordinates":[[[21.54,-0.64],[21.58,-0.62],[21.58,-0.61],[21.65,-0.61],[21.65,-0.69],[21.58,-0.71],[21.58,-0.67],[21.54,-0.64]]]}},{"type":"Feature","properties":{"precip":70},"geometry":{"type":"Polygon","coordinates":[[[90.47,-0.95],[90.47,-0.91],[90.51,-0.9],[90.54,-0.9],[90.65,-0.93],[90.65,-0.98],[90.54,-1.0],[90.51,-1.0],[90.47,-0.98],[90.47,-0.95]]]}},{"type":"Feature","properties":{"precip":70},"geometry":{"type":"Polygon","coordinates":[[[81.44,-1.26],[81.47,-1.22],[81.54,-1.21],[81.69,-1.21],[81.76,-1.26],[81.76,-1.38],[81.83,-1.41],[81.83,-1.43],[81.87,-1.43],[81.83,-1.46],[81.83,-1.48],[81.76,-1.5],[81.62,-1.5],[81.54,-1.44],[81.54,-1.33],[81.47,-1.33],[81.47,-1.29],[81.47,-1.27],[81.44,-1.26]]]}},{"type":"Feature","properties":{"precip":70},"geometry":{"type":"Polygon","coordinates":[[[85.72,-1.34],[85.79,-1.33],[85.86,-1.29],[85.9,-1.31],[85.94,-1.33],[85.94,-1.38],[85.86,-1.41],[85.79,-1.38],[85.72,-1.34]]]}},{"type":"Feature","properties":{"precip":70},"geometry":{"type":"Polygon","coordinates":[[[80.82,-1.6],[80.82,-1.58],[80.86,-1.55],[80.86,-1.51],[80.93,-1.5],[81.08,-1.5],[81.18,-1.51],[81.26,-1.55],[81.26,-1.56],[81.22,-1.58],[81.08,-1.6],[81.08,-1.63],[81.04,-1.65],[81.04,-1.86],[81.0,-1.87],[81.0,-1.89],[80.93,-1.91],[80.86,-1.91],[80.75,-1.89],[80.75,-1.72],[80.82,-1.68],[80.82,-1.6]]]}},{"type":"Feature","properties":{"precip":70},"geometry":{"type":"Polygon","coordinates":[[[82.91,-1.6],[83.02,-1.5],[83.06,-1.5],[83.06,-1.56],[83.13,-1.6],[83.24,-1.6],[83.27,-1.6],[83.34,-1.6],[83.42,-1.63],[83.45,-1.65],[83.42,-1.67],[83.42,-1.68],[83.34,-1.72],[83.34,-1.86],[83.27,-1.89],[83.2,-1.91],[83.06,-1.91],[82.98,-1.92],[82.91,-1.94],[82.91,-1.99],[82.88,-1.99],[82.8,-1.98],[82.7,-1.94],[82.7,-1.91],[82.66,-1.94],[82.66,-1.98],[82.62,-1.98],[82.62,-1.99],[82.59,-1.99],[82.59,-1.94],[82.52,-1.94],[82.52,-1.91],[82.44,-1.89],[82.41,-1.86],[82.3,-1.82],[82.3,-1.79],[82.23,-1.74],[82.19,-1.68],[82.16,-1.65],[82.16,-1.62],[82.23,-1.6],[82.3,-1.6],[82.37,-1.6],[82.41,-1.6],[82.48,-1.6],[82.52,-1.63],[82.52,-1.65],[82.59,-1.68],[82.7,-1.7],[82.84,-1.65],[82.88,-1.63],[82.91,-1.6]]]}},{"type":"Feature","properties":{"precip":70},"geometry":{"type":"Polygon","coordinates":[[[89.25,-2.08],[89.25,-2.01],[89.28,-1.99],[89.32,-2.01],[89.32,-2.04],[89.32,-2.06],[89.32,-2.18],[89.43,-2.23],[89.43,-2.28],[89.39,-2.32],[89.32,-2.35],[89.1,-2.4],[89.07,-2.4],[88.99,-2.42],[88.89,-2.45],[88.89,-2.49],[88.85,-2.51],[88.85,-2.45],[88.89,-2.42],[88.89,-2.39],[88.92,-2.32],[89.03,-2.3],[89.07,-2.3],[89.1,-2.25],[89.21,-2.2],[89.21,-2.15],[89.25,-2.11],[89.25,-2.08]]]}},{"type":"Feature","properties":{"precip":70},"geometry":{"type":"Polygon","coordinates":[[[79.35,-2.15],[79.35,-2.13],[79.42,-2.1],[79.46,-2.11],[79.46,-2.18],[79.38,-2.2],[79.38,-2.18],[79.35,-2.18],[79.35,-2.15]]]}},{"type":"Feature","properties":{"precip":70},"geometry":{"type":"Polygon","coordinates":[[[78.23,-2.45],[78.23,-2.37],[78.27,-2.33],[78.27,-2.3],[78.34,-2.3],[78.41,-2.3],[78.45,-2.3],[78.45,-2.32],[78.56,-2.33],[78.56,-2.39],[78.59,-2.39],[78.63,-2.39],[78.63,-2.33],[78.66,-2.3],[78.74,-2.3],[78.74,-2.47],[78.66,-2.54],[78.59,-2.56],[78.56,-2.59],[78.45,-2.59],[78.27,-2.59],[78.27,-2.57],[78.27,-2.56],[78.23,-2.52],[78.23,-2.45]]]}},{"type":"Feature","properties":{"precip":70},"geometry":{"type":"Polygon","coordinates":[[[79.35,-2.35],[79.35,-2.33],[79.42,-2.3],[79.46,-2.3],[79.56,-2.33],[79.56,-2.37],[79.46,-2.4],[79.42,-2.4],[79.35,-2.37],[79.35,-2.35]]]}},{"type":"Feature","properties":{"precip":70},"geometry":{"type":"Polygon","coordinates":[[[22.55,-2.76],[22.55,-2.69],[22.62,-2.69],[22.62,-2.8],[22.55,-2.8],[22.55,-2.76]]]}},{"type":"Feature","properties":{"precip":70},"geometry":{"type":"Polygon","coordinates":[[[77.94,-2.8],[77.94,-2.73],[78.05,-2.69],[78.23,-2.69],[78.34,-2.73],[78.34,-2.78],[78.27,-2.8],[78.23,-2.8],[78.16,-2.81],[78.12,-2.85],[78.12,-2.88],[78.05,-2.9],[77.94,-2.87],[77.94,-2.8]]]}},{"type":"Feature","properties":{"precip":70},"geometry":{"type":"Polygon","coordinates":[[[88.28,-3.0],[88.28,-2.92],[88.31,-2.9],[88.31,-2.95],[88.35,-2.97],[88.45,-2.99],[88.53,-3.0],[88.71,-3.0],[88.81,-3.02],[88.81,-3.09],[88.78,-3.12],[88.71,-3.17],[88.6,-3.21],[88.49,-3.19],[88.49,-3.17],[88.45,-3.16],[88.45,-3.12],[88.31,-3.09],[88.28,-3.12],[88.28,-3.19],[88.31,-3.19],[88.31,-3.21],[88.31,-3.38],[88.31,-3.4],[88.2,-3.4],[88.13,-3.38],[88.13,-3.12],[88.2,-3.12],[88.2,-3.09],[88.24,-3.09],[88.24,-3.05],[88.28,-3.04],[88.28,-3.0]]]}},{"type":"Feature","properties":{"precip":70},"geometry":{"type":"Polygon","coordinates":[[[88.89,-3.05],[88.92,-3.04],[88.92,-3.0],[88.99,-3.0],[89.07,-3.0],[89.1,-3.02],[89.1,-3.07],[89.1,-3.09],[88.99,-3.09],[88.89,-3.05]]]}},{"type":"Feature","properties":{"precip":70},"geometry":{"type":"Polygon","coordinates":[[[89.86,-3.04],[89.86,-3.0],[89.89,-3.0],[89.93,-3.0],[90.04,-3.02],[90.04,-3.21],[89.93,-3.17],[89.93,-3.16],[89.89,-3.09],[89.86,-3.07],[89.86,-3.04]]]}},{"type":"Feature","properties":{"precip":70},"geometry":{"type":"Polygon","coordinates":[[[89.64,-3.34],[89.64,-3.33],[89.68,-3.29],[89.71,-3.29],[89.71,-3.33],[89.71,-3.38],[89.71,-3.4],[89.64,-3.38],[89.64,-3.34]]]}},{"type":"Feature","properties":{"precip":70},"geometry":{"type":"Polygon","coordinates":[[[89.32,-3.55],[89.32,-3.52],[89.43,-3.5],[89.53,-3.5],[89.64,-3.52],[89.64,-3.55],[89.61,-3.57],[89.61,-3.6],[89.5,-3.64],[89.5,-3.67],[89.5,-3.7],[89.32,-3.86],[89.32,-4.11],[89.32,-4.15],[89.32,-4.23],[89.28,-4.27],[89.28,-4.3],[89.21,-4.39],[89.17,-4.41],[89.17,-4.42],[89.1,-4.47],[89.03,-4.47],[89.07,-4.44],[89.07,-4.42],[89.1,-4.39],[89.1,-4.37],[89.1,-4.35],[89.21,-4.25],[89.25,-4.22],[89.25,-4.18],[89.21,-4.15],[89.21,-4.11],[89.1,-4.1],[89.03,-4.1],[88.92,-4.11],[88.92,-4.17],[88.89,-4.22],[88.89,-4.58],[88.78,-4.61],[88.71,-4.64],[88.71,-4.7],[88.67,-4.75],[88.67,-4.87],[88.63,-4.87],[88.63,-4.9],[88.6,-4.88],[88.53,-4.88],[88.53,-4.83],[88.53,-4.8],[88.49,-4.8],[88.42,-4.82],[88.31,-4.87],[88.31,-4.88],[88.31,-4.94],[88.28,-4.95],[88.28,-5.04],[88.24,-5.06],[88.24,-5.09],[88.13,-5.11],[88.1,-5.11],[88.02,-5.11],[87.92,-5.14],[87.92,-5.18],[87.88,-5.21],[87.81,-5.21],[87.74,-5.21],[87.74,-5.24],[87.7,-5.28],[87.66,-5.3],[87.59,-5.3],[87.45,-5.3],[87.3,-5.31],[87.23,-5.35],[87.23,-5.38],[87.2,-5.38],[87.12,-5.36],[87.12,-5.35],[87.09,-5.31],[87.05,-5.3],[86.98,-5.31],[86.91,-5.33],[86.91,-5.36],[86.87,-5.4],[86.87,-5.38],[86.84,-5.35],[86.84,-5.31],[86.8,-5.3],[86.76,-5.31],[86.76,-5.33],[86.69,-5.35],[86.69,-5.38],[86.66,-5.38],[86.66,-5.35],[86.62,-5.33],[86.62,-5.31],[86.58,-5.3],[86.48,-5.3],[86.48,-5.28],[86.4,-5.21],[86.37,-5.16],[86.37,-5.11],[86.3,-5.04],[86.3,-4.83],[86.3,-4.82],[86.22,-4.83],[86.19,-4.88],[86.19,-4.9],[86.15,-4.94],[86.15,-4.99],[86.22,-5.0],[86.22,-5.07],[86.15,-5.11],[86.04,-5.11],[85.94,-5.12],[85.94,-5.18],[85.9,-5.21],[85.86,-5.21],[85.79,-5.18],[85.72,-5.16],[85.72,-5.14],[85.72,-5.11],[85.68,-5.12],[85.68,-5.16],[85.65,-5.18],[85.58,-5.21],[85.5,-5.21],[85.47,-5.23],[85.47,-5.28],[85.32,-5.3],[85.25,-5.3],[85.18,-5.28],[85.11,-5.26],[85.11,-5.23],[85.07,-5.21],[84.89,-5.21],[84.86,-5.23],[84.86,-5.38],[84.82,-5.38],[84.82,-5.4],[84.78,-5.4],[84.78,-5.38],[84.71,-5.35],[84.71,-5.23],[84.64,-5.21],[84.5,-5.21],[84.39,-5.18],[84.35,-5.16],[84.35,-4.97],[84.39,-4.94],[84.39,-4.92],[84.42,-4.9],[84.42,-4.87],[84.46,-4.85],[84.46,-4.83],[84.5,-4.82],[84.5,-4.8],[84.5,-4.78],[84.5,-4.73],[84.57,-4.71],[84.57,-4.64],[84.68,-4.54],[84.71,-4.51],[84.82,-4.49],[84.82,-4.47],[84.86,-4.44],[84.86,-4.25],[84.82,-4.22],[84.82,-4.2],[84.78,-4.2],[84.78,-4.23],[84.71,-4.25],[84.71,-4.35],[84.71,-4.37],[84.71,-4.39],[84.64,-4.41],[84.57,-4.39],[84.57,-4.35],[84.5,-4.34],[84.5,-4.3],[84.46,-4.32],[84.46,-4.44],[84.39,-4.49],[84.39,-4.51],[84.24,-4.51],[84.17,-4.53],[84.1,-4.54],[84.1,-4.56],[84.17,-4.58],[84.17,-4.59],[84.21,-4.59],[84.24,-4.61],[84.24,-4.66],[84.17,-4.7],[84.1,-4.7],[83.99,-4.7],[83.88,-4.7],[83.85,-4.66],[83.67,-4.53],[83.63,-4.51],[83.56,-4.51],[83.49,-4.51],[83.42,-4.51],[83.34,-4.53],[83.27,-4.61],[83.24,-4.63],[83.24,-4.68],[83.27,-4.7],[83.38,-4.7],[83.42,-4.71],[83.42,-4.73],[83.45,-4.75],[83.45,-4.78],[83.49,-4.8],[83.6,-4.8],[83.63,-4.82],[83.63,-4.87],[83.56,-4.94],[83.49,-4.95],[83.49,-4.99],[83.45,-4.99],[83.45,-4.95],[83.38,-4.92],[83.34,-4.9],[83.24,-4.9],[83.13,-4.94],[83.13,-4.99],[83.09,-5.0],[83.06,-5.0],[82.98,-5.04],[82.91,-5.11],[82.91,-5.12],[82.88,-5.14],[82.88,-5.16],[82.8,-5.18],[82.8,-5.21],[82.7,-5.21],[82.7,-5.18],[82.66,-5.16],[82.66,-5.04],[82.59,-5.0],[82.48,-5.0],[82.26,-5.0],[82.19,-4.99],[82.05,-4.95],[81.98,-4.9],[81.98,-4.83],[81.9,-4.83],[82.01,-4.8],[82.08,-4.8],[82.16,-4.76],[82.16,-4.63],[82.19,-4.61],[82.19,-4.59],[82.23,-4.59],[82.23,-4.58],[82.26,-4.56],[82.26,-4.42],[82.3,-4.42],[82.3,-4.39],[82.3,-4.35],[82.37,-4.35],[82.3,-4.34],[82.3,-4.32],[82.3,-4.3],[82.3,-4.2],[82.3,-4.17],[82.41,-4.08],[82.48,-4.03],[82.52,-3.96],[82.62,-3.94],[82.7,-3.91],[82.84,-3.91],[82.84,-3.89],[82.91,-3.87],[82.91,-3.86],[82.98,-3.84],[82.98,-3.82],[83.09,-3.79],[83.13,-3.79],[83.24,-3.77],[83.24,-3.72],[83.27,-3.7],[83.38,-3.7],[83.45,-3.74],[83.45,-3.79],[83.49,-3.79],[83.49,-3.76],[83.56,-3.72],[83.6,-3.72],[83.63,-3.72],[83.63,-3.77],[83.67,-3.79],[83.78,-3.79],[83.85,-3.86],[83.85,-4.06],[83.88,-4.1],[83.96,-4.1],[84.03,-4.11],[84.06,-4.13],[84.06,-4.18],[84.1,-4.2],[84.1,-4.18],[84.1,-4.15],[84.24,-4.11],[84.28,-4.11],[84.39,-4.11],[84.5,-4.1],[84.71,-4.1],[84.82,-4.11],[84.89,-4.11],[85.04,-4.13],[85.11,-4.2],[85.18,-4.29],[85.25,-4.32],[85.29,-4.35],[85.4,-4.39],[85.47,-4.41],[85.61,-4.39],[85.65,-4.39],[85.65,-4.35],[85.68,-4.34],[85.68,-4.32],[85.83,-4.3],[85.9,-4.3],[86.01,-4.27],[86.04,-4.25],[86.04,-4.22],[86.08,-4.2],[86.22,-4.2],[86.3,-4.17],[86.3,-4.13],[86.4,-4.1],[86.48,-4.1],[86.51,-4.06],[86.51,-4.03],[86.58,-4.01],[86.62,-4.03],[86.62,-4.05],[86.66,-4.06],[86.66,-4.08],[86.69,-4.08],[86.69,-4.06],[86.84,-3.96],[86.84,-3.94],[86.91,-3.91],[86.91,-3.94],[86.91,-3.96],[87.02,-3.98],[87.09,-3.99],[87.3,-3.99],[87.45,-4.03],[87.45,-4.17],[87.3,-4.2],[87.23,-4.2],[87.12,-4.22],[87.12,-4.3],[87.2,-4.32],[87.23,-4.32],[87.23,-4.39],[87.12,-4.42],[87.12,-4.47],[87.2,-4.51],[87.2,-4.53],[87.27,-4.56],[87.3,-4.59],[87.38,-4.59],[87.45,-4.58],[87.45,-4.44],[87.48,-4.42],[87.48,-4.41],[87.52,-4.42],[87.52,-4.47],[87.7,-4.51],[87.81,-4.51],[87.99,-4.47],[88.06,-4.46],[88.1,-4.42],[88.13,-4.39],[88.13,-4.34],[88.13,-4.3],[88.13,-4.13],[88.2,-4.11],[88.28,-4.1],[88.31,-4.1],[88.45,-4.13],[88.45,-4.15],[88.49,-4.17],[88.49,-4.18],[88.53,-4.17],[88.53,-4.13],[88.63,-4.08],[88.63,-4.06],[88.71,-4.03],[88.81,-3.98],[88.85,-3.96],[88.85,-3.93],[88.89,-3.91],[88.89,-3.93],[88.89,-3.96],[88.99,-3.99],[88.99,-3.98],[89.03,-3.96],[89.03,-3.82],[89.07,-3.77],[89.07,-3.72],[89.1,-3.69],[89.17,-3.62],[89.25,-3.6],[89.32,-3.6],[89.32,-3.57],[89.32,-3.55]],[[86.44,-4.75],[86.44,-4.71],[86.37,-4.7],[86.3,-4.73],[86.3,-4.78],[86.4,-4.8],[86.44,-4.78],[86.44,-4.75]]]}},{"type":"Feature","properties":{"precip":70},"geometry":{"type":"Polygon","coordinates":[[[22.41,-3.67],[22.48,-3.64],[22.55,-3.6],[22.69,-3.6],[22.73,-3.64],[22.73,-3.69],[22.69,-3.69],[22.66,-3.7],[22.59,-3.7],[22.55,-3.74],[22.55,-3.91],[22.51,-3.94],[22.51,-3.99],[22.48,-3.99],[22.41,-3.89],[22.41,-3.86],[22.37,-3.82],[22.37,-3.74],[22.41,-3.67]]]}},{"type":"Feature","properties":{"precip":70},"geometry":{"type":"Polygon","coordinates":[[[85.86,-3.76],[85.86,-3.74],[85.9,-3.72],[85.94,-3.7],[86.04,-3.7],[86.08,-3.72],[86.08,-3.77],[86.04,-3.79],[85.94,-3.79],[85.86,-3.77],[85.86,-3.76]]]}},{"type":"Feature","properties":{"precip":70},"geometry":{"type":"Polygon","coordinates":[[[85.65,-3.86],[85.68,-3.84],[85.68,-3.81],[85.72,-3.79],[85.72,-3.81],[85.72,-3.89],[85.72,-3.91],[85.68,-3.89],[85.68,-3.86],[85.65,-3.86]]]}},{"type":"Feature","properties":{"precip":70},"geometry":{"type":"Polygon","coordinates":[[[29.14,-3.99],[29.14,-3.98],[29.17,-3.96],[29.17,-3.91],[29.21,-3.91],[29.28,-3.91],[29.35,-3.94],[29.35,-4.06],[29.39,-4.08],[29.46,-4.1],[29.53,-4.11],[29.53,-4.2],[29.57,-4.25],[29.57,-4.39],[29.53,-4.42],[29.53,-4.51],[29.5,-4.49],[29.42,-4.42],[29.35,-4.35],[29.28,-4.25],[29.24,-4.22],[29.24,-4.11],[29.21,-4.1],[29.17,-4.1],[29.17,-4.05],[29.14,-4.05],[29.14,-3.99]]]}},{"type":"Feature","properties":{"precip":70},"geometry":{"type":"Polygon","coordinates":[[[85.11,-3.94],[85.18,-3.94],[85.18,-3.91],[85.25,-3.91],[85.25,-3.99],[85.18,-3.99],[85.18,-3.96],[85.11,-3.94]]]}},{"type":"Feature","properties":{"precip":70},"geometry":{"type":"Polygon","coordinates":[[[95.76,-4.05],[95.76,-4.03],[95.83,-3.99],[95.94,-3.99],[96.05,-4.03],[96.05,-4.17],[95.98,-4.17],[95.98,-4.18],[95.94,-4.2],[95.91,-4.2],[95.87,-4.22],[95.87,-4.25],[95.83,-4.25],[95.83,-4.27],[95.73,-4.3],[95.55,-4.3],[95.47,-4.27],[95.47,-4.25],[95.44,-4.22],[95.44,-4.15],[95.47,-4.13],[95.47,-4.11],[95.55,-4.1],[95.69,-4.1],[95.73,-4.06],[95.76,-4.05]]]}},{"type":"Feature","properties":{"precip":70},"geometry":{"type":"Polygon","coordinates":[[[96.16,-4.05],[96.16,-4.01],[96.23,-3.99],[96.27,-4.03],[96.27,-4.08],[96.23,-4.1],[96.16,-4.08],[96.16,-4.05]]]}},{"type":"Feature","properties":{"precip":70},"geometry":{"type":"Polygon","coordinates":[[[64.95,-4.35],[64.99,-4.32],[65.06,-4.32],[65.09,-4.3],[65.2,-4.3],[65.38,-4.3],[65.49,-4.3],[65.71,-4.37],[65.74,-4.42],[65.74,-4.56],[65.63,-4.66],[65.6,-4.68],[65.53,-4.7],[65.49,-4.7],[65.45,-4.73],[65.45,-4.76],[65.35,-4.8],[65.27,-4.8],[65.17,-4.82],[65.17,-4.85],[65.13,-4.87],[65.13,-4.88],[65.06,-4.9],[64.99,-4.9],[64.95,-4.88],[64.95,-4.82],[64.88,-4.8],[64.84,-4.8],[64.73,-4.73],[64.66,-4.66],[64.66,-4.63],[64.63,-4.59],[64.66,-4.56],[64.66,-4.53],[64.77,-4.44],[64.84,-4.41],[64.95,-4.39],[64.95,-4.35]]]}},{"type":"Feature","properties":{"precip":70},"geometry":{"type":"Polygon","coordinates":[[[94.72,-4.44],[94.72,-4.42],[94.83,-4.41],[95.08,-4.41],[95.22,-4.44],[95.29,-4.49],[95.29,-4.51],[95.33,-4.53],[95.33,-4.76],[95.26,-4.78],[95.15,-4.8],[94.43,-4.8],[94.29,-4.78],[94.21,-4.78],[94.11,-4.76],[94.07,-4.76],[94.07,-4.73],[93.96,-4.7],[93.93,-4.7],[93.85,-4.73],[93.85,-4.78],[93.75,-4.78],[93.75,-4.8],[93.64,-4.8],[93.53,-4.78],[93.53,-4.75],[93.67,-4.64],[93.71,-4.63],[93.89,-4.59],[93.96,-4.59],[94.03,-4.56],[94.07,-4.56],[94.07,-4.54],[94.14,-4.51],[94.25,-4.51],[94.54,-4.51],[94.54,-4.49],[94.65,-4.49],[94.72,-4.47],[94.72,-4.44]]]}},{"type":"Feature","properties":{"precip":70},"geometry":{"type":"Polygon","coordinates":[[[81.26,-4.75],[81.26,-4.54],[81.26,-4.53],[81.26,-4.51],[81.29,-4.51],[81.29,-4.56],[81.36,-4.56],[81.4,-4.59],[81.54,-4.59],[81.65,-4.63],[81.65,-4.68],[81.62,-4.68],[81.62,-4.7],[81.58,-4.7],[81.58,-4.73],[81.54,-4.75],[81.54,-4.87],[81.47,-4.88],[81.47,-4.9],[81.44,-4.87],[81.44,-4.82],[81.4,-4.8],[81.36,-4.82],[81.36,-4.87],[81.29,-4.88],[81.29,-4.99],[81.26,-5.0],[81.26,-4.99],[81.26,-4.95],[81.26,-4.75]]]}},{"type":"Feature","properties":{"precip":70},"geometry":{"type":"Polygon","coordinates":[[[29.35,-4.64],[29.35,-4.61],[29.39,-4.59],[29.42,-4.59],[29.42,-4.61],[29.46,-4.61],[29.46,-4.68],[29.42,-4.68],[29.42,-4.7],[29.35,-4.68],[29.35,-4.64]]]}},{"type":"Feature","properties":{"precip":70},"geometry":{"type":"Polygon","coordinates":[[[89.43,-4.64],[89.46,-4.63],[89.46,-4.61],[89.5,-4.59],[89.5,-4.61],[89.5,-4.7],[89.46,-4.7],[89.46,-4.66],[89.43,-4.64]]]}},{"type":"Feature","properties":{"precip":70},"geometry":{"type":"Polygon","coordinates":[[[89.64,-4.64],[89.64,-4.61],[89.68,-4.59],[89.71,-4.59],[89.71,-4.61],[89.71,-4.68],[89.71,-4.7],[89.64,-4.68],[89.64,-4.64]]]}},{"type":"Feature","properties":{"precip":70},"geometry":{"type":"Polygon","coordinates":[[[89.86,-4.8],[89.86,-4.73],[89.89,-4.7],[90.0,-4.7],[90.04,-4.73],[90.04,-4.87],[90.0,-4.9],[89.89,-4.9],[89.86,-4.87],[89.86,-4.8]]]}},{"type":"Feature","properties":{"precip":70},"geometry":{"type":"Polygon","coordinates":[[[29.46,-5.0],[29.46,-4.92],[29.5,-4.9],[29.53,-4.92],[29.53,-5.04],[29.57,-5.06],[29.57,-5.16],[29.53,-5.21],[29.53,-5.28],[29.5,-5.3],[29.42,-5.3],[29.35,-5.28],[29.35,-5.12],[29.39,-5.12],[29.39,-5.11],[29.42,-5.11],[29.42,-5.07],[29.46,-5.06],[29.46,-5.0]]]}},{"type":"Feature","properties":{"precip":70},"geometry":{"type":"Polygon","coordinates":[[[63.47,-4.95],[63.51,-4.94],[63.55,-4.94],[63.69,-4.9],[64.12,-4.9],[64.37,-4.94],[64.45,-4.95],[64.45,-5.04],[64.37,-5.12],[64.3,-5.21],[64.19,-5.3],[64.19,-5.31],[64.16,-5.33],[64.16,-5.35],[64.12,-5.38],[64.19,-5.4],[64.27,-5.4],[64.3,-5.4],[64.37,-5.4],[64.45,-5.45],[64.45,-5.55],[64.37,-5.6],[64.05,-5.6],[63.94,-5.57],[63.94,-5.52],[63.91,-5.5],[63.87,-5.5],[63.87,-5.52],[63.83,-5.53],[63.83,-5.67],[63.94,-5.71],[64.05,-5.71],[64.12,-5.72],[64.12,-5.77],[64.01,-5.79],[63.87,-5.79],[63.83,-5.81],[63.76,-5.86],[63.76,-6.22],[63.73,-6.29],[63.69,-6.32],[63.62,-6.37],[63.4,-6.39],[63.22,-6.41],[63.01,-6.41],[62.93,-6.42],[62.86,-6.44],[62.86,-6.46],[62.75,-6.49],[62.65,-6.49],[62.36,-6.49],[62.25,-6.49],[62.14,-6.46],[62.14,-6.42],[62.11,-6.41],[62.04,-6.41],[62.04,-6.39],[61.96,-6.39],[61.96,-6.36],[61.93,-6.36],[61.93,-6.32],[61.89,-6.32],[61.75,-6.3],[61.64,-6.3],[61.6,-6.3],[61.53,-6.3],[61.46,-6.32],[61.42,-6.36],[61.42,-6.37],[61.39,-6.39],[61.32,-6.39],[61.28,-6.41],[61.14,-6.37],[61.14,-6.32],[61.06,-6.3],[61.03,-6.3],[60.88,-6.3],[60.78,-6.27],[60.74,-6.25],[60.74,-6.22],[60.7,-6.2],[60.7,-6.22],[60.67,-6.24],[60.67,-6.27],[60.6,-6.3],[60.56,-6.3],[60.49,-6.27],[60.42,-6.18],[60.34,-6.05],[60.34,-6.03],[60.38,-6.0],[60.38,-5.93],[60.42,-5.91],[60.42,-5.88],[60.49,-5.83],[60.6,-5.79],[60.67,-5.83],[60.67,-5.88],[60.74,-5.91],[60.81,-5.91],[60.85,-5.93],[60.85,-5.95],[60.88,-5.96],[60.88,-5.98],[60.92,-6.0],[60.96,-6.05],[61.06,-6.1],[61.14,-6.1],[61.21,-6.08],[61.21,-6.07],[61.24,-6.03],[61.21,-5.98],[61.21,-5.93],[61.17,-5.88],[61.1,-5.83],[61.06,-5.77],[60.99,-5.71],[60.92,-5.69],[60.88,-5.69],[60.88,-5.62],[60.92,-5.62],[61.06,-5.6],[61.21,-5.6],[61.28,-5.6],[61.28,-5.57],[61.35,-5.55],[61.35,-5.52],[61.39,-5.5],[61.46,-5.5],[61.53,-5.48],[61.53,-5.45],[61.64,-5.4],[61.75,-5.4],[61.78,-5.4],[61.86,-5.4],[61.93,-5.38],[61.93,-5.35],[61.96,-5.33],[62.04,-5.31],[62.14,-5.31],[62.21,-5.3],[62.43,-5.3],[62.61,-5.28],[62.65,-5.26],[62.65,-5.23],[62.72,-5.21],[62.79,-5.21],[62.86,-5.18],[62.86,-5.12],[62.93,-5.11],[63.01,-5.11],[63.04,-5.09],[63.04,-5.06],[63.08,-5.04],[63.19,-5.0],[63.33,-5.0],[63.44,-4.99],[63.47,-4.95]]]}},{"type":"Feature","properties":{"precip":70},"geometry":{"type":"Polygon","coordinates":[[[91.12,-5.4],[91.15,-5.31],[91.23,-5.31],[91.26,-5.35],[91.26,-5.53],[91.3,-5.55],[91.3,-5.6],[91.33,-5.6],[91.33,-5.62],[91.33,-5.67],[91.3,-5.71],[91.23,-5.71],[91.15,-5.74],[91.15,-5.77],[91.05,-5.79],[90.87,-5.79],[90.72,-5.77],[90.72,-5.71],[90.83,-5.71],[90.83,-5.67],[90.87,-5.65],[90.87,-5.53],[90.9,-5.53],[90.9,-5.52],[91.05,-5.47],[91.08,-5.45],[91.08,-5.41],[91.12,-5.4]]]}},{"type":"Feature","properties":{"precip":70},"geometry":{"type":"Polygon","coordinates":[[[47.6,-6.08],[47.67,-6.01],[47.71,-6.01],[47.75,-6.03],[47.75,-6.13],[47.71,-6.17],[47.71,-6.18],[47.67,-6.2],[47.6,-6.2],[47.53,-6.17],[47.57,-6.13],[47.57,-6.1],[47.6,-6.08]]]}},{"type":"Feature","properties":{"precip":70},"geometry":{"type":"Polygon","coordinates":[[[90.33,-6.05],[90.33,-6.03],[90.43,-6.01],[90.51,-6.0],[90.72,-6.0],[90.83,-6.03],[90.83,-6.05],[90.87,-6.08],[90.87,-6.36],[90.83,-6.39],[90.72,-6.41],[90.61,-6.41],[90.54,-6.44],[90.54,-6.48],[90.47,-6.49],[90.33,-6.49],[90.29,-6.53],[90.25,-6.53],[90.25,-6.56],[90.11,-6.6],[90.07,-6.6],[90.0,-6.61],[89.93,-6.65],[89.93,-6.7],[89.86,-6.66],[89.79,-6.61],[89.79,-6.53],[89.86,-6.46],[89.89,-6.39],[89.93,-6.32],[90.0,-6.27],[90.07,-6.24],[90.15,-6.13],[90.22,-6.12],[90.29,-6.1],[90.33,-6.1],[90.33,-6.08],[90.33,-6.05]]]}},{"type":"Feature","properties":{"precip":70},"geometry":{"type":"Polygon","coordinates":[[[68.26,-6.15],[68.26,-6.13],[68.33,-6.1],[68.41,-6.1],[68.55,-6.1],[68.66,-6.13],[68.66,-6.15],[68.59,-6.22],[68.55,-6.27],[68.51,-6.29],[68.51,-6.3],[68.48,-6.32],[68.48,-6.39],[68.55,-6.41],[68.55,-6.48],[68.48,-6.49],[68.41,-6.49],[68.37,-6.53],[68.37,-6.56],[68.33,-6.58],[68.23,-6.6],[68.12,-6.6],[67.97,-6.61],[67.94,-6.65],[67.94,-6.7],[67.87,-6.7],[67.83,-6.7],[67.76,-6.7],[67.76,-6.63],[67.79,-6.61],[67.79,-6.6],[67.87,-6.56],[67.87,-6.53],[67.9,-6.53],[67.9,-6.49],[67.94,-6.46],[67.94,-6.27],[67.97,-6.25],[67.97,-6.22],[68.01,-6.2],[68.12,-6.2],[68.23,-6.18],[68.26,-6.15]]]}},{"type":"Feature","properties":{"precip":70},"geometry":{"type":"Polygon","coordinates":[[[26.15,-6.44],[26.15,-6.41],[26.22,-6.41],[26.22,-6.42],[26.26,-6.42],[26.26,-6.48],[26.22,-6.48],[26.22,-6.49],[26.15,-6.49],[26.15,-6.44]]]}},{"type":"Feature","properties":{"precip":70},"geometry":{"type":"Polygon","coordinates":[[[67.25,-6.75],[67.25,-6.7],[67.29,-6.7],[67.33,-6.72],[67.33,-6.75],[67.4,-6.8],[67.4,-6.9],[67.33,-6.97],[67.25,-7.04],[67.18,-7.06],[67.04,-7.11],[66.97,-7.11],[66.89,-7.11],[66.82,-7.04],[66.86,-6.97],[66.86,-6.94],[66.93,-6.87],[67.0,-6.82],[67.11,-6.8],[67.22,-6.78],[67.22,-6.77],[67.25,-6.75]]]}},{"type":"Feature","properties":{"precip":70},"geometry":{"type":"Polygon","coordinates":[[[67.54,-6.75],[67.54,-6.72],[67.61,-6.7],[67.65,-6.72],[67.65,-6.78],[67.61,-6.78],[67.54,-6.78],[67.54,-6.75]]]}},{"type":"Feature","properties":{"precip":70},"geometry":{"type":"Polygon","coordinates":[[[17.83,-7.25],[17.87,-7.23],[17.87,-7.19],[17.94,-7.21],[17.94,-7.28],[17.87,-7.3],[17.87,-7.28],[17.83,-7.28],[17.83,-7.25]]]}},{"type":"Feature","properties":{"precip":70},"geometry":{"type":"Polygon","coordinates":[[[66.75,-7.71],[66.75,-7.62],[66.82,-7.59],[66.89,-7.62],[66.93,-7.64],[66.93,-7.76],[66.89,-7.79],[66.79,-7.79],[66.75,-7.79],[66.75,-7.71]]]}},{"type":"Feature","properties":{"precip":70},"geometry":{"type":"Polygon","coordinates":[[[62.54,-8.24],[62.57,-8.22],[62.57,-8.2],[62.65,-8.22],[62.65,-8.29],[62.57,-8.31],[62.57,-8.27],[62.54,-8.27],[62.54,-8.24]]]}},{"type":"Feature","properties":{"precip":120},"geometry":{"type":"Polygon","coordinates":[[[88.8,3.79],[88.81,3.77],[88.89,3.72],[88.92,3.67],[88.96,3.62],[89.1,3.6],[89.17,3.6],[89.17,3.59],[89.25,3.57],[89.25,3.53],[89.28,3.52],[89.35,3.5],[89.39,3.5],[89.5,3.47],[89.57,3.43],[89.61,3.38],[89.64,3.35],[89.75,3.24],[89.75,3.14],[89.64,3.07],[89.64,3.04],[89.57,3.0],[89.43,2.99],[89.43,2.92],[89.53,2.88],[89.53,2.85],[89.57,2.83],[89.57,2.76],[89.53,2.75],[89.53,2.71],[89.43,2.68],[89.43,2.56],[89.39,2.51],[89.39,2.47],[89.32,2.44],[89.25,2.42],[89.14,2.41],[88.96,2.41],[88.71,2.41],[88.63,2.39],[88.53,2.39],[88.42,2.37],[88.35,2.35],[88.35,2.32],[88.28,2.3],[88.28,2.32],[88.28,2.35],[88.2,2.37],[88.2,2.39],[88.13,2.41],[88.02,2.41],[87.99,2.41],[87.99,2.42],[87.95,2.44],[87.95,2.46],[88.02,2.51],[88.02,2.54],[88.06,2.58],[88.06,2.59],[88.13,2.63],[88.13,2.7],[88.17,2.73],[88.17,2.95],[88.13,3.0],[88.13,3.07],[88.06,3.11],[88.06,3.12],[88.02,3.18],[87.99,3.19],[87.99,3.26],[87.95,3.33],[87.95,3.79],[88.8,3.79]]]}},{"type":"Feature","properties":{"precip":120},"geometry":{"type":"Polygon","coordinates":[[[95.98,3.79],[95.98,3.76],[96.05,3.72],[96.05,3.38],[95.98,3.35],[95.98,3.29],[95.98,3.31],[95.98,3.33],[95.94,3.33],[95.94,3.36],[95.91,3.38],[95.76,3.4],[95.69,3.4],[95.58,3.38],[95.51,3.36],[95.51,3.26],[95.51,3.24],[95.51,3.21],[95.47,3.19],[95.4,3.19],[95.37,3.18],[95.37,3.16],[95.29,3.14],[95.29,2.83],[95.26,2.8],[95.26,2.83],[95.22,2.88],[95.22,2.9],[95.19,2.92],[95.19,2.99],[95.22,2.99],[95.22,3.0],[95.26,3.04],[95.26,3.14],[95.22,3.18],[95.22,3.19],[95.15,3.19],[95.08,3.21],[95.08,3.26],[95.04,3.26],[95.04,3.28],[94.86,3.31],[94.83,3.33],[94.83,3.38],[94.83,3.4],[94.79,3.4],[94.79,3.38],[94.75,3.38],[94.75,3.24],[94.72,3.23],[94.72,3.21],[94.68,3.19],[94.61,3.19],[94.57,3.21],[94.57,3.24],[94.54,3.26],[94.54,3.35],[94.57,3.36],[94.57,3.38],[94.61,3.4],[94.72,3.41],[94.75,3.41],[94.75,3.47],[94.79,3.48],[94.83,3.5],[94.93,3.5],[95.04,3.52],[95.04,3.55],[95.08,3.57],[95.08,3.62],[95.04,3.62],[95.04,3.69],[95.01,3.69],[95.01,3.71],[94.97,3.74],[94.97,3.76],[95.0,3.79],[95.98,3.79]]]}},{"type":"Feature","properties":{"precip":120},"geometry":{"type":"Polygon","coordinates":[[[94.61,3.76],[94.61,3.77],[94.71,3.79],[94.79,3.79],[94.83,3.77],[94.83,3.74],[94.83,3.72],[94.83,3.71],[94.75,3.69],[94.68,3.71],[94.68,3.72],[94.61,3.74],[94.61,3.76]]]}},{"type":"Feature","properties":{"precip":120},"geometry":{"type":"Polygon","coordinates":[[[65.85,2.95],[65.85,3.04],[65.89,3.06],[65.89,3.07],[65.92,3.09],[66.03,3.11],[66.17,3.11],[66.28,3.09],[66.32,3.07],[66.32,3.04],[66.35,3.0],[66.35,2.9],[66.32,2.87],[66.32,2.82],[66.28,2.8],[66.17,2.8],[66.03,2.8],[65.92,2.8],[65.89,2.82],[65.89,2.83],[65.85,2.87],[65.85,2.95]]]}},{"type":"Feature","properties":{"precip":120},"geometry":{"type":"Polygon","coordinates":[[[71.65,2.95],[71.65,2.99],[71.72,3.0],[71.72,2.97],[71.75,2.97],[71.75,2.92],[71.72,2.92],[71.72,2.9],[71.68,2.9],[71.65,2.92],[71.65,2.95]]]}},{"type":"Feature","properties":{"precip":120},"geometry":{"type":"Polygon","coordinates":[[[67.43,2.35],[67.43,2.39],[67.51,2.41],[67.51,2.39],[67.54,2.37],[67.54,2.32],[67.51,2.32],[67.51,2.3],[67.47,2.3],[67.43,2.32],[67.43,2.35]]]}},{"type":"Feature","properties":{"precip":120},"geometry":{"type":"Polygon","coordinates":[[[95.29,2.35],[95.29,2.37],[95.37,2.39],[95.37,2.41],[95.44,2.39],[95.44,2.32],[95.4,2.3],[95.37,2.3],[95.37,2.32],[95.29,2.32],[95.29,2.35]]]}},{"type":"Feature","properties":{"precip":120},"geometry":{"type":"Polygon","coordinates":[[[95.51,2.25],[95.51,2.29],[95.62,2.3],[95.62,2.29],[95.65,2.27],[95.65,2.22],[95.62,2.22],[95.62,2.2],[95.51,2.22],[95.51,2.25]]]}},{"type":"Feature","properties":{"precip":120},"geometry":{"type":"Polygon","coordinates":[[[9.12,1.07],[9.12,1.09],[9.16,1.09],[9.2,1.09],[9.23,1.07],[9.23,1.05],[9.3,1.0],[9.3,0.97],[9.34,0.95],[9.34,0.92],[9.27,0.92],[9.27,0.93],[9.23,0.97],[9.16,1.02],[9.16,1.05],[9.12,1.07]]]}},{"type":"Feature","properties":{"precip":120},"geometry":{"type":"Polygon","coordinates":[[[9.45,0.75],[9.45,0.78],[9.52,0.8],[9.52,0.78],[9.56,0.76],[9.56,0.73],[9.52,0.73],[9.52,0.71],[9.48,0.71],[9.45,0.71],[9.45,0.75]]]}},{"type":"Feature","properties":{"precip":120},"geometry":{"type":"Polygon","coordinates":[[[8.66,0.45],[8.66,0.49],[8.73,0.51],[8.73,0.49],[8.76,0.47],[8.76,0.42],[8.73,0.42],[8.73,0.4],[8.69,0.4],[8.66,0.42],[8.66,0.45]]]}},{"type":"Feature","properties":{"precip":120},"geometry":{"type":"Polygon","coordinates":[[[8.87,0.45],[8.87,0.49],[8.94,0.49],[8.94,0.47],[8.98,0.47],[8.98,0.44],[8.94,0.42],[8.94,0.4],[8.87,0.4],[8.87,0.45]]]}},{"type":"Feature","properties":{"precip":120},"geometry":{"type":"Polygon","coordinates":[[[91.66,0.32],[91.77,0.37],[91.77,0.39],[91.8,0.39],[91.84,0.37],[91.84,0.35],[91.87,0.33],[91.87,0.28],[91.91,0.27],[91.91,0.23],[91.87,0.2],[91.84,0.2],[91.73,0.2],[91.66,0.21],[91.66,0.28],[91.66,0.32]]]}},{"type":"Feature","properties":{"precip":120},"geometry":{"type":"Polygon","coordinates":[[[8.66,0.15],[8.66,0.25],[8.69,0.27],[8.69,0.28],[8.73,0.3],[8.8,0.3],[8.84,0.28],[8.84,0.25],[8.87,0.21],[8.87,0.08],[8.84,0.04],[8.84,0.01],[8.8,0.01],[8.73,0.01],[8.69,0.01],[8.69,0.03],[8.66,0.04],[8.66,0.15]]]}},{"type":"Feature","properties":{"precip":120},"geometry":{"type":"Polygon","coordinates":[[[92.81,0.04],[92.81,0.08],[92.95,0.1],[93.03,0.08],[93.03,0.01],[92.99,0.01],[92.92,0.01],[92.81,0.03],[92.81,0.04]]]}},{"type":"Feature","properties":{"precip":120},"geometry":{"type":"Polygon","coordinates":[[[82.95,-1.74],[82.95,-1.72],[82.98,-1.7],[83.06,-1.74],[83.06,-1.75],[83.06,-1.77],[83.09,-1.8],[83.09,-1.84],[83.16,-1.86],[83.16,-1.89],[83.06,-1.87],[83.06,-1.86],[82.95,-1.75],[82.95,-1.74]]]}},{"type":"Feature","properties":{"precip":120},"geometry":{"type":"Polygon","coordinates":[[[29.24,-4.03],[29.24,-3.94],[29.28,-3.93],[29.28,-3.91],[29.32,-3.91],[29.32,-3.94],[29.35,-3.94],[29.35,-4.05],[29.39,-4.06],[29.39,-4.11],[29.46,-4.15],[29.53,-4.22],[29.53,-4.29],[29.46,-4.3],[29.39,-4.29],[29.32,-4.22],[29.24,-4.13],[29.24,-4.03]]]}},{"type":"Feature","properties":{"precip":120},"geometry":{"type":"Polygon","coordinates":[[[83.27,-3.94],[83.27,-3.93],[83.38,-3.91],[83.56,-3.91],[83.63,-3.91],[83.7,-3.93],[83.7,-3.94],[83.7,-3.99],[83.67,-4.03],[83.63,-4.05],[83.63,-4.06],[83.67,-4.06],[83.67,-4.08],[83.7,-4.11],[83.7,-4.18],[83.63,-4.2],[83.63,-4.22],[83.6,-4.23],[83.49,-4.29],[83.45,-4.32],[83.42,-4.35],[83.34,-4.44],[83.31,-4.51],[83.24,-4.58],[83.16,-4.59],[83.09,-4.59],[83.06,-4.61],[83.06,-4.64],[83.06,-4.66],[83.06,-4.78],[82.98,-4.8],[82.98,-4.78],[82.95,-4.76],[82.95,-4.71],[82.91,-4.7],[82.84,-4.71],[82.84,-4.76],[82.84,-4.78],[82.84,-4.88],[82.77,-4.9],[82.7,-4.9],[82.7,-4.88],[82.62,-4.88],[82.62,-4.85],[82.59,-4.82],[82.55,-4.8],[82.48,-4.8],[82.37,-4.8],[82.34,-4.8],[82.26,-4.78],[82.23,-4.76],[82.23,-4.73],[82.26,-4.73],[82.26,-4.71],[82.3,-4.7],[82.34,-4.7],[82.37,-4.68],[82.44,-4.66],[82.44,-4.53],[82.48,-4.53],[82.48,-4.49],[82.52,-4.49],[82.52,-4.51],[82.55,-4.53],[82.55,-4.59],[82.59,-4.59],[82.59,-4.53],[82.62,-4.51],[82.62,-4.39],[82.59,-4.37],[82.59,-4.3],[82.55,-4.29],[82.55,-4.22],[82.59,-4.22],[82.59,-4.2],[82.7,-4.18],[82.73,-4.17],[82.73,-4.15],[82.8,-4.11],[82.8,-4.1],[82.84,-4.08],[82.84,-4.06],[82.91,-4.03],[83.02,-3.99],[83.09,-3.99],[83.24,-3.98],[83.24,-3.96],[83.27,-3.94]]]}},{"type":"Feature","properties":{"precip":120},"geometry":{"type":"Polygon","coordinates":[[[88.28,-4.41],[88.28,-4.34],[88.28,-4.3],[88.35,-4.3],[88.49,-4.3],[88.63,-4.32],[88.63,-4.34],[88.63,-4.37],[88.49,-4.41],[88.49,-4.42],[88.45,-4.44],[88.45,-4.46],[88.42,-4.47],[88.42,-4.49],[88.38,-4.53],[88.38,-4.54],[88.28,-4.58],[88.28,-4.59],[88.2,-4.59],[88.06,-4.61],[88.02,-4.63],[88.02,-4.71],[88.02,-4.76],[88.02,-4.8],[87.95,-4.85],[87.88,-4.9],[87.81,-4.9],[87.77,-4.92],[87.77,-4.94],[87.74,-4.95],[87.74,-5.07],[87.7,-5.09],[87.59,-5.11],[87.56,-5.11],[87.48,-5.09],[87.45,-5.07],[87.45,-4.95],[87.41,-4.95],[87.41,-4.9],[87.34,-4.9],[87.34,-4.92],[87.34,-4.97],[87.3,-4.99],[87.3,-5.0],[87.27,-4.97],[87.27,-4.88],[87.3,-4.85],[87.3,-4.8],[87.3,-4.76],[87.34,-4.76],[87.34,-4.75],[87.34,-4.73],[87.48,-4.71],[87.56,-4.7],[87.74,-4.7],[87.81,-4.7],[87.88,-4.7],[87.92,-4.68],[87.92,-4.66],[87.95,-4.64],[87.95,-4.53],[87.99,-4.51],[88.02,-4.49],[88.17,-4.49],[88.24,-4.47],[88.24,-4.42],[88.28,-4.41]]]}},{"type":"Feature","properties":{"precip":120},"geometry":{"type":"Polygon","coordinates":[[[65.24,-4.46],[65.24,-4.42],[65.27,-4.42],[65.27,-4.41],[65.31,-4.41],[65.38,-4.41],[65.42,-4.42],[65.45,-4.44],[65.45,-4.56],[65.42,-4.58],[65.42,-4.59],[65.35,-4.59],[65.27,-4.61],[65.27,-4.63],[65.24,-4.63],[65.24,-4.68],[65.13,-4.7],[65.06,-4.68],[65.06,-4.63],[65.02,-4.59],[65.06,-4.58],[65.06,-4.53],[65.09,-4.51],[65.2,-4.49],[65.24,-4.47],[65.24,-4.46]]]}},{"type":"Feature","properties":{"precip":120},"geometry":{"type":"Polygon","coordinates":[[[85.86,-4.46],[85.86,-4.42],[85.97,-4.41],[86.01,-4.41],[86.12,-4.41],[86.19,-4.41],[86.22,-4.42],[86.22,-4.68],[86.15,-4.7],[86.15,-4.64],[86.12,-4.63],[86.12,-4.61],[86.01,-4.61],[86.01,-4.63],[85.97,-4.64],[85.9,-4.7],[85.9,-4.73],[85.86,-4.76],[85.86,-4.78],[85.94,-4.8],[86.01,-4.8],[86.01,-4.82],[86.01,-4.85],[86.01,-4.88],[86.01,-4.92],[86.01,-4.95],[86.01,-4.99],[86.01,-5.04],[85.94,-5.07],[85.9,-5.09],[85.86,-5.09],[85.86,-4.94],[85.79,-4.92],[85.76,-4.9],[85.68,-4.92],[85.68,-4.95],[85.65,-4.95],[85.65,-5.04],[85.58,-5.07],[85.58,-5.11],[85.54,-5.18],[85.47,-5.19],[85.47,-5.07],[85.43,-5.06],[85.43,-5.02],[85.32,-5.0],[85.25,-5.0],[85.18,-5.02],[85.11,-5.04],[85.11,-5.07],[85.07,-5.11],[85.0,-5.11],[84.86,-5.07],[84.82,-5.04],[84.75,-4.94],[84.75,-4.71],[84.82,-4.7],[84.82,-4.75],[84.86,-4.78],[84.86,-4.8],[84.93,-4.8],[85.04,-4.76],[85.07,-4.7],[85.07,-4.68],[85.11,-4.66],[85.11,-4.64],[85.18,-4.63],[85.18,-4.61],[85.25,-4.61],[85.25,-4.59],[85.32,-4.59],[85.32,-4.58],[85.32,-4.53],[85.4,-4.53],[85.47,-4.51],[85.54,-4.49],[85.72,-4.49],[85.79,-4.47],[85.86,-4.46]]]}},{"type":"Feature","properties":{"precip":120},"geometry":{"type":"Polygon","coordinates":[[[94.97,-4.59],[94.97,-4.51],[95.04,-4.51],[95.08,-4.53],[95.08,-4.59],[95.15,-4.58],[95.15,-4.56],[95.19,-4.54],[95.19,-4.53],[95.22,-4.51],[95.26,-4.51],[95.26,-4.56],[95.15,-4.64],[95.08,-4.7],[95.04,-4.7],[95.01,-4.7],[95.01,-4.68],[94.97,-4.68],[94.97,-4.59]]]}},{"type":"Feature","properties":{"precip":120},"geometry":{"type":"Polygon","coordinates":[[[86.76,-4.64],[86.76,-4.63],[86.84,-4.61],[86.91,-4.61],[87.02,-4.63],[87.05,-4.64],[87.12,-4.73],[87.12,-4.78],[87.09,-4.8],[87.02,-4.8],[86.98,-4.83],[86.98,-4.85],[86.91,-4.88],[86.91,-4.97],[86.87,-5.0],[86.8,-5.0],[86.8,-4.97],[86.76,-4.94],[86.76,-4.83],[86.8,-4.8],[86.8,-4.78],[86.87,-4.76],[86.87,-4.75],[86.8,-4.73],[86.8,-4.7],[86.76,-4.68],[86.76,-4.64]]]}},{"type":"Feature","properties":{"precip":120},"geometry":{"type":"Polygon","coordinates":[[[94.75,-4.64],[94.75,-4.61],[94.79,-4.61],[94.79,-4.59],[94.83,-4.61],[94.83,-4.63],[94.83,-4.68],[94.83,-4.7],[94.79,-4.7],[94.79,-4.68],[94.75,-4.68],[94.75,-4.64]]]}},{"type":"Feature","properties":{"precip":120},"geometry":{"type":"Polygon","coordinates":[[[29.35,-5.24],[29.35,-5.21],[29.42,-5.21],[29.42,-5.23],[29.46,-5.24],[29.46,-5.26],[29.42,-5.26],[29.42,-5.3],[29.35,-5.3],[29.35,-5.24]]]}},{"type":"Feature","properties":{"precip":120},"geometry":{"type":"Polygon","coordinates":[[[62.86,-5.24],[62.9,-5.23],[62.97,-5.21],[63.04,-5.21],[63.11,-5.21],[63.22,-5.19],[63.44,-5.19],[63.55,-5.21],[63.62,-5.21],[63.69,-5.23],[63.73,-5.24],[63.73,-5.38],[63.65,-5.4],[63.58,-5.4],[63.55,-5.43],[63.55,-5.53],[63.47,-5.62],[63.44,-5.64],[63.37,-5.69],[63.26,-5.69],[63.19,-5.69],[63.04,-5.71],[62.97,-5.74],[62.97,-5.76],[62.93,-5.76],[62.93,-5.77],[62.86,-5.79],[62.79,-5.81],[62.68,-5.81],[62.57,-5.83],[62.54,-5.84],[62.54,-5.86],[62.5,-5.88],[62.39,-5.89],[62.29,-5.89],[62.18,-5.89],[62.11,-5.91],[62.0,-5.93],[61.96,-5.95],[61.96,-5.96],[61.93,-5.98],[61.86,-6.0],[61.78,-6.0],[61.71,-6.0],[61.68,-5.98],[61.68,-5.93],[61.64,-5.89],[61.64,-5.88],[61.68,-5.86],[61.68,-5.81],[61.75,-5.79],[61.75,-5.67],[61.82,-5.59],[61.89,-5.53],[61.96,-5.52],[62.04,-5.5],[62.11,-5.5],[62.21,-5.48],[62.21,-5.47],[62.25,-5.45],[62.25,-5.43],[62.29,-5.41],[62.36,-5.4],[62.43,-5.4],[62.47,-5.4],[62.54,-5.4],[62.54,-5.38],[62.65,-5.36],[62.65,-5.31],[62.72,-5.31],[62.72,-5.3],[62.79,-5.3],[62.83,-5.28],[62.83,-5.26],[62.86,-5.26],[62.86,-5.24]]]}},{"type":"Feature","properties":{"precip":120},"geometry":{"type":"Polygon","coordinates":[[[86.91,-5.24],[86.98,-5.23],[86.98,-5.21],[87.02,-5.19],[87.05,-5.21],[87.05,-5.3],[86.98,-5.3],[86.98,-5.26],[86.91,-5.26],[86.91,-5.24]]]}},{"type":"Feature","properties":{"precip":120},"geometry":{"type":"Polygon","coordinates":[[[62.97,-6.1],[62.97,-6.01],[63.08,-6.0],[63.15,-6.0],[63.22,-6.01],[63.26,-6.03],[63.26,-6.07],[63.29,-6.08],[63.4,-6.1],[63.44,-6.1],[63.47,-6.1],[63.55,-6.1],[63.58,-6.12],[63.62,-6.13],[63.62,-6.18],[63.65,-6.2],[63.62,-6.24],[63.62,-6.27],[63.51,-6.3],[63.44,-6.3],[63.44,-6.29],[63.4,-6.29],[63.37,-6.27],[63.37,-6.24],[63.22,-6.2],[63.11,-6.2],[63.01,-6.18],[62.97,-6.17],[62.97,-6.1]]]}},{"type":"Feature","properties":{"precip":200},"geometry":{"type":"Polygon","coordinates":[[[95.44,3.76],[95.44,3.77],[95.47,3.79],[95.55,3.79],[95.55,3.71],[95.51,3.71],[95.47,3.71],[95.44,3.72],[95.44,3.76]]]}},{"type":"Feature","properties":{"precip":200},"geometry":{"type":"Polygon","coordinates":[[[95.22,3.62],[95.26,3.67],[95.29,3.69],[95.33,3.69],[95.37,3.67],[95.37,3.62],[95.4,3.6],[95.47,3.6],[95.55,3.59],[95.55,3.52],[95.47,3.5],[95.4,3.5],[95.33,3.55],[95.33,3.59],[95.29,3.59],[95.26,3.59],[95.26,3.55],[95.22,3.5],[95.19,3.5],[95.19,3.59],[95.22,3.6],[95.22,3.62]]]}},{"type":"Feature","properties":{"precip":200},"geometry":{"type":"Polygon","coordinates":[[[95.65,3.55],[95.65,3.59],[95.73,3.6],[95.76,3.59],[95.76,3.52],[95.73,3.5],[95.65,3.52],[95.65,3.55]]]}},{"type":"Feature","properties":{"precip":200},"geometry":{"type":"Polygon","coordinates":[[[88.45,3.35],[88.45,3.47],[88.53,3.48],[88.6,3.5],[88.74,3.5],[88.85,3.48],[88.96,3.45],[88.96,3.43],[89.03,3.35],[88.96,3.26],[88.92,3.24],[88.85,3.23],[88.78,3.21],[88.67,3.19],[88.56,3.21],[88.49,3.23],[88.45,3.24],[88.45,3.35]]]}},{"type":"Feature","properties":{"precip":200},"geometry":{"type":"Polygon","coordinates":[[[9.16,1.05],[9.16,1.09],[9.23,1.1],[9.23,1.09],[9.23,1.02],[9.23,1.0],[9.2,1.0],[9.16,1.02],[9.16,1.05]]]}},{"type":"Feature","properties":{"precip":200},"geometry":{"type":"Polygon","coordinates":[[[83.16,-4.05],[83.16,-4.03],[83.16,-4.01],[83.27,-3.99],[83.34,-3.99],[83.42,-4.01],[83.42,-4.05],[83.45,-4.06],[83.45,-4.08],[83.42,-4.2],[83.34,-4.25],[83.27,-4.29],[83.24,-4.3],[83.16,-4.3],[83.06,-4.27],[83.02,-4.23],[82.98,-4.2],[82.98,-4.17],[82.95,-4.15],[82.95,-4.11],[83.02,-4.1],[83.13,-4.08],[83.13,-4.06],[83.16,-4.05]]]}},{"type":"Feature","properties":{"precip":200},"geometry":{"type":"Polygon","coordinates":[[[85.54,-4.85],[85.54,-4.82],[85.58,-4.8],[85.61,-4.8],[85.65,-4.82],[85.65,-4.88],[85.58,-4.9],[85.54,-4.88],[85.54,-4.85]]]}}]}