{"type":"FeatureCollection","features":[{"type":"Feature","properties":{"precip":10},"geometry":{"type":"Polygon","coordinates":[[[10.06,2.08],[10.02,2.05],[10.02,2.01],[9.99,2.0],[9.92,2.0],[9.88,2.0],[9.88,1.98],[9.84,1.98],[9.84,1.93],[9.77,1.9],[9.7,1.9],[9.7,1.91],[9.66,1.91],[9.66,1.96],[9.63,1.98],[9.63,2.0],[9.59,2.0],[9.56,2.0],[9.56,1.86],[9.52,1.85],[9.52,1.81],[9.48,1.81],[9.41,1.86],[9.41,1.9],[9.38,1.9],[9.38,1.85],[9.34,1.85],[9.34,1.83],[9.3,1.83],[9.3,1.81],[9.27,1.81],[9.27,1.8],[9.2,1.8],[9.16,1.78],[9.16,1.73],[9.12,1.73],[9.12,1.71],[9.09,1.71],[9.09,1.7],[8.98,1.7],[8.94,1.7],[8.91,1.7],[8.84,1.66],[8.84,1.6],[8.8,1.6],[8.69,1.6],[8.62,1.63],[8.58,1.66],[8.44,1.75],[8.33,1.85],[8.3,1.85],[8.26,1.88],[8.22,1.9],[8.12,1.9],[8.08,1.88],[8.08,1.86],[8.04,1.85],[8.04,1.63],[8.01,1.6],[7.97,1.6],[7.94,1.63],[7.94,1.7],[7.9,1.7],[7.86,1.7],[7.79,1.7],[7.79,1.71],[7.76,1.71],[7.76,1.76],[7.72,1.76],[7.72,1.78],[7.68,1.78],[7.65,1.8],[7.32,1.8],[7.29,1.78],[7.29,1.76],[7.25,1.75],[7.25,1.63],[7.22,1.6],[7.18,1.6],[7.14,1.6],[7.14,1.7],[7.11,1.7],[7.07,1.7],[7.07,1.6],[7.04,1.56],[7.04,1.31],[7.0,1.3],[6.96,1.3],[6.96,1.36],[6.93,1.36],[6.93,1.4],[6.86,1.4],[6.86,1.41],[6.78,1.41],[6.75,1.43],[6.75,1.46],[6.71,1.46],[6.71,1.48],[6.68,1.48],[6.6,1.5],[6.39,1.5],[6.32,1.51],[6.24,1.51],[6.21,1.53],[6.17,1.53],[6.17,1.55],[6.14,1.56],[6.17,1.56],[6.17,1.6],[6.21,1.6],[6.24,1.6],[6.24,1.75],[6.28,1.76],[6.28,1.78],[6.32,1.8],[6.35,1.8],[6.39,1.81],[6.42,1.81],[6.42,1.85],[6.46,1.85],[6.46,2.0],[6.5,2.0],[6.53,2.0],[6.53,2.1],[6.57,2.11],[6.57,2.16],[6.6,2.2],[6.6,2.21],[6.64,2.23],[6.64,2.26],[6.68,2.26],[6.68,2.28],[6.71,2.31],[6.71,2.35],[6.75,2.38],[6.75,2.56],[6.78,2.56],[6.78,2.6],[6.89,2.6],[6.89,2.61],[6.93,2.61],[6.93,2.63],[6.96,2.65],[6.96,2.68],[7.0,2.68],[7.0,2.7],[7.07,2.7],[7.11,2.7],[7.18,2.7],[7.22,2.7],[7.29,2.7],[7.36,2.66],[7.36,2.61],[7.4,2.61],[7.4,2.6],[7.5,2.6],[7.5,2.61],[7.54,2.61],[7.54,2.68],[7.58,2.68],[7.58,2.7],[7.61,2.7],[7.68,2.7],[7.72,2.7],[7.72,2.68],[7.76,2.68],[7.76,2.63],[7.79,2.61],[7.86,2.6],[8.04,2.6],[8.04,2.61],[8.12,2.61],[8.12,2.63],[8.15,2.65],[8.15,2.68],[8.19,2.68],[8.26,2.7],[8.3,2.7],[8.48,2.7],[8.55,2.73],[8.55,2.91],[8.48,3.01],[8.4,3.08],[8.33,3.11],[8.26,3.13],[8.26,3.16],[8.22,3.16],[8.15,3.2],[7.86,3.2],[7.76,3.16],[7.76,3.13],[7.68,3.11],[7.68,3.13],[7.65,3.16],[7.65,3.55],[7.58,3.6],[7.36,3.6],[7.29,3.61],[7.25,3.65],[7.25,3.73],[7.22,3.75],[7.22,3.79],[14.65,3.79],[14.74,3.76],[14.74,3.73],[14.81,3.7],[14.88,3.7],[14.92,3.68],[14.96,3.68],[14.96,3.63],[15.03,3.6],[15.1,3.6],[15.14,3.56],[15.14,3.55],[15.21,3.51],[15.28,3.5],[15.39,3.5],[15.42,3.46],[15.46,3.46],[15.46,3.43],[15.5,3.41],[15.53,3.41],[15.57,3.46],[15.64,3.5],[15.82,3.5],[15.85,3.48],[15.85,3.41],[15.89,3.41],[15.96,3.41],[16.03,3.38],[16.03,3.28],[16.07,3.26],[16.07,3.23],[16.14,3.2],[16.21,3.2],[16.32,3.16],[16.39,3.11],[16.43,3.06],[16.43,3.01],[16.47,2.98],[16.43,2.96],[16.43,2.91],[16.36,2.9],[16.21,2.9],[16.18,2.88],[16.18,2.85],[16.14,2.85],[16.14,2.66],[16.11,2.63],[16.11,2.58],[16.03,2.55],[15.82,2.5],[15.75,2.5],[15.68,2.53],[15.64,2.56],[15.68,2.56],[15.68,2.58],[15.71,2.58],[15.75,2.6],[15.85,2.6],[15.93,2.61],[15.93,2.65],[15.96,2.68],[15.96,2.78],[16.0,2.8],[16.03,2.83],[16.03,2.88],[16.0,2.9],[16.0,2.91],[15.93,2.98],[15.89,2.98],[15.82,2.95],[15.75,2.85],[15.68,2.8],[15.68,2.76],[15.57,2.71],[15.57,2.76],[15.6,2.78],[15.6,2.83],[15.64,2.85],[15.75,2.98],[15.75,3.05],[15.71,3.08],[15.64,3.11],[15.64,3.1],[15.57,3.1],[15.57,3.05],[15.53,3.05],[15.53,3.01],[15.46,3.0],[15.24,3.0],[15.17,3.01],[15.17,3.05],[15.14,3.05],[15.14,3.1],[15.06,3.1],[15.06,2.98],[15.03,2.96],[15.03,2.91],[14.96,2.9],[14.88,2.9],[14.85,2.86],[14.85,2.85],[14.81,2.81],[14.74,2.81],[14.7,2.8],[14.63,2.8],[14.56,2.78],[14.56,2.73],[14.52,2.7],[14.38,2.7],[14.34,2.73],[14.34,2.78],[14.31,2.8],[14.2,2.8],[14.16,2.78],[14.16,2.7],[14.2,2.63],[14.27,2.53],[14.31,2.48],[14.42,2.41],[14.45,2.41],[14.56,2.36],[14.6,2.31],[14.6,2.28],[14.63,2.26],[14.63,2.21],[14.67,2.18],[14.67,2.11],[14.7,2.11],[14.7,2.1],[14.74,2.08],[14.74,1.81],[14.7,1.8],[14.7,1.81],[14.67,1.83],[14.63,1.85],[14.63,1.88],[14.6,1.91],[14.56,1.96],[14.56,2.05],[14.52,2.06],[14.52,2.1],[14.49,2.1],[14.45,2.08],[14.45,2.0],[14.42,1.93],[14.38,1.88],[14.34,1.83],[14.27,1.78],[14.24,1.73],[14.2,1.7],[14.13,1.7],[14.09,1.71],[13.98,1.81],[13.98,1.85],[13.95,1.88],[13.95,1.98],[13.91,2.0],[13.91,2.01],[13.88,2.01],[13.88,2.03],[13.84,2.05],[13.84,2.06],[13.88,2.06],[13.88,2.08],[13.91,2.1],[13.91,2.11],[13.95,2.13],[13.95,2.25],[13.88,2.3],[13.77,2.3],[13.7,2.26],[13.66,2.25],[13.59,2.2],[13.59,2.18],[13.55,2.16],[13.55,2.13],[13.48,2.11],[13.44,2.11],[13.44,2.1],[13.41,2.1],[13.37,2.08],[13.37,2.05],[13.34,2.01],[13.34,1.91],[13.3,1.9],[13.3,1.88],[13.26,1.86],[13.26,1.83],[13.3,1.83],[13.3,1.81],[13.34,1.78],[13.34,1.65],[13.3,1.6],[13.23,1.55],[13.23,1.51],[13.19,1.51],[13.16,1.53],[13.16,1.75],[13.12,1.78],[13.12,1.8],[13.08,1.8],[13.05,1.76],[13.05,1.73],[13.01,1.7],[12.98,1.65],[12.98,1.6],[12.94,1.55],[12.94,1.38],[12.98,1.35],[12.98,1.31],[13.01,1.3],[13.12,1.3],[13.23,1.26],[13.26,1.23],[13.3,1.21],[13.3,1.18],[13.34,1.16],[13.37,1.13],[13.44,1.13],[13.44,1.16],[13.59,1.2],[13.73,1.2],[13.8,1.18],[13.84,1.16],[13.84,1.13],[13.88,1.13],[13.88,1.1],[13.91,1.1],[13.91,1.13],[13.95,1.13],[13.95,1.36],[13.91,1.38],[13.91,1.41],[13.88,1.41],[13.84,1.43],[13.84,1.46],[13.88,1.46],[13.88,1.48],[13.91,1.5],[14.02,1.5],[14.02,1.45],[14.06,1.41],[14.06,1.03],[14.09,0.95],[14.09,0.9],[14.13,0.85],[14.16,0.83],[14.24,0.81],[14.27,0.8],[14.31,0.8],[14.34,0.78],[14.34,0.71],[14.31,0.71],[14.27,0.7],[14.27,0.68],[14.24,0.66],[14.24,0.65],[14.27,0.63],[14.27,0.61],[14.31,0.6],[14.38,0.6],[14.42,0.58],[14.42,0.56],[14.45,0.55],[14.45,0.35],[14.42,0.33],[14.42,0.28],[14.38,0.28],[14.38,0.26],[14.34,0.23],[14.34,0.02],[14.27,-0.0],[14.27,-0.03],[14.24,-0.05],[14.24,-0.13],[14.2,-0.18],[14.06,-0.33],[13.91,-0.45],[13.8,-0.5],[13.77,-0.5],[13.7,-0.53],[13.7,-0.55],[13.66,-0.57],[13.48,-0.72],[13.48,-0.73],[13.41,-0.77],[13.41,-0.78],[13.37,-0.8],[13.37,-0.72],[13.34,-0.7],[13.34,-0.48],[13.26,-0.33],[13.19,-0.28],[13.16,-0.25],[13.08,-0.2],[13.05,-0.2],[12.98,-0.17],[12.9,-0.08],[12.87,-0.0],[12.87,0.31],[12.83,0.41],[12.83,0.66],[12.8,0.7],[12.76,0.71],[12.72,0.71],[12.65,0.73],[12.62,0.76],[12.58,0.81],[12.58,0.85],[12.54,0.88],[12.54,0.95],[12.51,0.98],[12.51,1.0],[12.44,1.0],[12.36,1.0],[12.15,1.0],[12.11,1.01],[12.08,1.01],[12.08,1.03],[12.04,1.03],[12.04,1.08],[12.0,1.08],[12.0,1.1],[11.93,1.1],[11.86,1.11],[11.75,1.15],[11.64,1.25],[11.68,1.28],[11.72,1.3],[11.72,1.33],[11.75,1.36],[11.75,1.46],[11.72,1.5],[11.68,1.5],[11.68,1.53],[11.64,1.55],[11.64,1.68],[11.57,1.7],[11.54,1.7],[11.5,1.71],[11.43,1.78],[11.36,1.86],[11.36,2.05],[11.32,2.06],[11.32,2.1],[11.28,2.11],[11.28,2.13],[11.25,2.13],[11.25,2.16],[11.28,2.16],[11.28,2.18],[11.32,2.2],[11.32,2.21],[11.36,2.25],[11.36,2.26],[11.32,2.28],[11.32,2.3],[11.25,2.3],[11.14,2.35],[11.14,2.38],[11.1,2.41],[11.07,2.45],[11.07,2.53],[11.03,2.55],[11.03,2.6],[11.0,2.6],[11.0,2.61],[10.96,2.63],[10.96,2.88],[10.92,2.91],[10.92,3.0],[10.89,3.0],[10.85,3.03],[10.85,3.15],[10.89,3.16],[10.89,3.2],[10.96,3.21],[11.03,3.26],[11.18,3.38],[11.25,3.45],[11.32,3.56],[11.36,3.63],[11.36,3.68],[11.32,3.68],[11.32,3.7],[11.28,3.7],[11.25,3.73],[11.25,3.79],[9.92,3.79],[9.92,3.76],[9.95,3.73],[10.06,3.7],[10.13,3.7],[10.13,3.75],[10.2,3.79],[10.32,3.79],[10.35,3.76],[10.35,3.63],[10.38,3.6],[10.42,3.6],[10.42,3.56],[10.46,3.56],[10.46,3.41],[10.53,3.41],[10.53,3.43],[10.6,3.48],[10.64,3.55],[10.71,3.6],[10.78,3.6],[10.85,3.55],[10.85,3.43],[10.89,3.41],[10.89,3.4],[10.92,3.4],[10.92,3.36],[10.96,3.35],[10.92,3.33],[10.92,3.3],[10.89,3.3],[10.89,3.33],[10.85,3.35],[10.85,3.38],[10.78,3.41],[10.74,3.41],[10.67,3.38],[10.67,3.35],[10.64,3.3],[10.64,3.23],[10.56,3.2],[10.49,3.2],[10.46,3.18],[10.46,3.15],[10.53,3.08],[10.56,3.05],[10.56,3.01],[10.64,2.98],[10.64,2.91],[10.56,2.91],[10.56,2.95],[10.53,2.98],[10.46,3.0],[10.31,3.0],[10.28,3.0],[10.28,2.96],[10.24,2.91],[10.24,2.78],[10.28,2.75],[10.28,2.71],[10.31,2.7],[10.38,2.7],[10.42,2.7],[10.42,2.68],[10.46,2.66],[10.46,2.63],[10.49,2.61],[10.53,2.63],[10.53,2.65],[10.56,2.66],[10.6,2.7],[10.64,2.73],[10.71,2.8],[10.82,2.8],[10.85,2.75],[10.85,2.66],[10.82,2.63],[10.82,2.61],[10.78,2.6],[10.64,2.6],[10.6,2.58],[10.56,2.58],[10.56,2.55],[10.49,2.51],[10.42,2.51],[10.38,2.5],[10.2,2.5],[10.2,2.48],[10.17,2.46],[10.17,2.41],[10.13,2.41],[10.13,2.3],[10.1,2.3],[10.1,2.28],[10.06,2.26],[10.06,2.08]],[[12.62,3.79],[12.65,3.76],[12.65,3.71],[12.72,3.7],[12.72,3.76],[12.75,3.79],[12.62,3.79]],[[11.75,3.75],[11.72,3.79],[11.6,3.79],[11.57,3.78],[11.57,3.71],[11.54,3.7],[11.54,3.61],[11.57,3.6],[11.57,3.51],[11.64,3.53],[11.64,3.66],[11.68,3.68],[11.68,3.7],[11.75,3.71],[11.75,3.75]],[[13.26,3.35],[13.26,3.36],[13.19,3.4],[13.12,3.41],[13.08,3.38],[13.05,3.38],[13.05,3.33],[13.12,3.3],[13.19,3.3],[13.26,3.35]],[[13.48,3.23],[13.44,3.28],[13.37,3.3],[13.34,3.3],[13.26,3.26],[13.26,3.06],[13.3,3.01],[13.3,3.0],[13.34,2.95],[13.37,2.91],[13.52,2.88],[13.55,2.88],[13.55,2.85],[13.62,2.81],[13.7,2.81],[13.77,2.8],[13.8,2.81],[13.88,2.81],[13.95,2.85],[13.95,2.95],[13.91,2.98],[13.84,3.0],[13.73,2.95],[13.73,2.91],[13.66,2.91],[13.59,3.0],[13.59,3.03],[13.55,3.06],[13.55,3.15],[13.52,3.16],[13.52,3.2],[13.48,3.23]],[[12.83,3.08],[12.8,3.13],[12.72,3.16],[12.69,3.2],[12.62,3.13],[12.62,3.11],[12.58,3.08],[12.58,3.03],[12.54,3.0],[12.54,2.91],[12.47,2.9],[12.47,2.86],[12.44,2.85],[12.47,2.85],[12.47,2.81],[12.54,2.81],[12.54,2.8],[12.62,2.8],[12.65,2.76],[12.65,2.71],[12.69,2.7],[12.76,2.7],[12.8,2.71],[12.87,2.76],[12.94,2.85],[12.94,2.95],[12.83,3.08]],[[14.67,3.11],[14.63,3.13],[14.63,3.2],[14.56,3.18],[14.56,3.01],[14.63,3.0],[14.63,3.08],[14.67,3.11]],[[13.16,1.98],[13.16,2.0],[13.12,2.0],[13.05,2.0],[12.98,1.98],[12.94,1.95],[12.9,1.93],[12.9,1.9],[12.87,1.86],[12.87,1.81],[12.9,1.81],[12.94,1.8],[13.05,1.85],[13.08,1.86],[13.08,1.88],[13.16,1.95],[13.16,1.98]],[[6.86,1.56],[6.82,1.58],[6.82,1.6],[6.78,1.6],[6.78,1.58],[6.75,1.58],[6.75,1.51],[6.78,1.51],[6.78,1.5],[6.82,1.5],[6.82,1.51],[6.86,1.53],[6.86,1.56]],[[14.34,0.35],[14.34,0.4],[14.27,0.4],[14.27,0.36],[14.24,0.36],[14.24,0.33],[14.27,0.33],[14.27,0.28],[14.34,0.28],[14.34,0.35]]]}},{"type":"Feature","properties":{"precip":10},"geometry":{"type":"Polygon","coordinates":[[[86.5,3.79],[86.51,3.78],[86.55,3.75],[86.55,3.66],[86.58,3.65],[86.58,3.6],[86.66,3.53],[86.73,3.48],[86.73,3.41],[86.76,3.36],[86.76,3.1],[86.8,3.03],[86.8,3.0],[86.94,2.9],[87.05,2.9],[87.16,2.85],[87.16,2.71],[87.23,2.7],[87.23,2.61],[87.27,2.58],[87.27,2.41],[87.27,2.4],[87.3,2.38],[87.3,2.33],[87.27,2.31],[87.27,2.28],[87.2,2.2],[87.2,2.16],[87.16,2.13],[87.16,1.81],[87.09,1.76],[87.09,1.7],[87.05,1.7],[87.05,1.68],[87.05,1.56],[87.02,1.53],[87.02,1.51],[86.98,1.48],[86.98,1.46],[86.94,1.45],[86.87,1.41],[86.84,1.38],[86.84,1.3],[86.84,1.26],[86.84,1.23],[86.84,1.21],[86.87,1.2],[86.87,1.18],[86.94,1.16],[86.94,0.95],[86.98,0.95],[86.98,0.9],[87.02,0.9],[87.02,0.88],[87.05,0.86],[87.05,0.73],[87.05,0.71],[87.09,0.7],[87.09,0.68],[87.16,0.66],[87.16,0.56],[87.09,0.55],[87.09,0.51],[87.05,0.51],[87.05,0.5],[87.02,0.5],[86.94,0.43],[86.87,0.4],[86.84,0.33],[86.84,0.18],[86.84,0.08],[86.84,-0.0],[86.84,-0.08],[86.84,-0.18],[86.87,-0.18],[86.94,-0.2],[86.98,-0.2],[87.02,-0.18],[87.05,-0.17],[87.23,-0.08],[87.27,-0.03],[87.27,0.02],[87.3,0.06],[87.3,0.13],[87.38,0.13],[87.38,0.18],[87.41,0.2],[87.41,0.21],[87.45,0.23],[87.45,0.25],[87.48,0.26],[87.48,0.28],[87.48,0.35],[87.52,0.38],[87.52,0.46],[87.63,0.5],[87.74,0.5],[87.84,0.46],[87.84,0.41],[87.81,0.41],[87.81,0.4],[87.74,0.4],[87.74,0.28],[87.7,0.28],[87.7,0.13],[87.7,0.11],[87.66,0.1],[87.59,0.1],[87.59,0.08],[87.52,0.06],[87.52,-0.05],[87.48,-0.07],[87.48,-0.1],[87.48,-0.13],[87.45,-0.15],[87.45,-0.25],[87.41,-0.28],[87.38,-0.3],[87.38,-0.33],[87.3,-0.37],[87.27,-0.38],[87.27,-0.42],[87.27,-0.43],[87.27,-0.53],[87.23,-0.55],[87.23,-0.58],[87.2,-0.58],[87.2,-0.6],[87.16,-0.62],[87.16,-0.72],[87.09,-0.73],[87.09,-0.77],[87.05,-0.8],[87.05,-0.82],[87.05,-0.85],[87.05,-0.87],[87.02,-0.88],[86.98,-0.9],[86.98,-0.98],[87.02,-1.0],[87.02,-1.05],[87.05,-1.08],[87.05,-1.62],[87.02,-1.65],[87.02,-1.68],[86.98,-1.7],[86.73,-1.7],[86.73,-1.68],[86.66,-1.68],[86.62,-1.67],[86.62,-1.63],[86.62,-1.62],[86.58,-1.63],[86.55,-1.67],[86.51,-1.68],[86.4,-1.73],[86.4,-1.78],[86.4,-1.82],[86.37,-1.87],[86.37,-2.02],[86.33,-2.08],[86.33,-2.17],[86.3,-2.18],[86.3,-2.2],[86.22,-2.2],[86.22,-2.17],[86.19,-2.15],[86.19,-2.12],[86.19,-2.13],[86.15,-2.15],[86.08,-2.22],[86.08,-2.23],[86.01,-2.25],[86.01,-2.27],[85.97,-2.28],[85.97,-2.3],[85.9,-2.3],[85.86,-2.32],[85.76,-2.38],[85.76,-2.42],[85.76,-2.45],[85.76,-2.47],[85.76,-2.48],[85.76,-2.5],[85.79,-2.5],[85.79,-2.55],[85.86,-2.57],[85.86,-2.7],[85.94,-2.7],[85.97,-2.67],[85.97,-2.6],[85.97,-2.62],[86.01,-2.63],[86.01,-2.67],[86.08,-2.68],[86.08,-2.7],[86.19,-2.7],[86.19,-2.68],[86.22,-2.67],[86.22,-2.62],[86.3,-2.62],[86.3,-2.6],[86.33,-2.62],[86.33,-2.63],[86.37,-2.65],[86.37,-2.68],[86.4,-2.7],[86.4,-2.68],[86.4,-2.63],[86.51,-2.6],[86.62,-2.6],[86.62,-2.63],[86.62,-2.67],[86.62,-2.68],[86.62,-2.7],[86.55,-2.7],[86.44,-2.72],[86.4,-2.73],[86.4,-2.77],[86.51,-2.8],[86.51,-2.83],[86.55,-2.87],[86.55,-3.15],[86.51,-3.17],[86.51,-3.2],[86.44,-3.2],[86.44,-3.15],[86.4,-3.15],[86.4,-3.0],[86.37,-3.02],[86.33,-3.1],[86.3,-3.1],[86.22,-3.15],[86.22,-3.17],[86.3,-3.18],[86.33,-3.25],[86.51,-3.32],[86.58,-3.38],[86.62,-3.43],[86.62,-3.48],[86.58,-3.5],[86.58,-3.57],[86.55,-3.58],[86.55,-3.85],[86.51,-3.86],[86.51,-3.91],[86.44,-3.91],[86.4,-3.95],[86.55,-4.03],[86.55,-4.15],[86.44,-4.2],[86.4,-4.2],[86.37,-4.21],[86.37,-4.28],[86.4,-4.3],[86.51,-4.3],[86.55,-4.33],[86.55,-4.56],[86.51,-4.56],[86.51,-4.6],[86.44,-4.6],[86.44,-4.66],[86.4,-4.68],[86.4,-4.85],[86.37,-4.93],[86.33,-4.96],[86.19,-5.0],[86.08,-5.0],[86.08,-5.03],[86.01,-5.05],[86.01,-5.15],[86.08,-5.16],[86.08,-5.2],[86.15,-5.21],[86.15,-5.28],[86.12,-5.28],[86.08,-5.3],[85.94,-5.3],[85.94,-5.31],[85.79,-5.36],[85.76,-5.4],[85.76,-5.43],[85.72,-5.48],[85.65,-5.5],[85.54,-5.55],[85.54,-5.56],[85.47,-5.65],[85.47,-5.76],[85.54,-5.8],[85.79,-5.8],[85.94,-5.76],[85.97,-5.71],[86.12,-5.71],[86.15,-5.7],[86.19,-5.7],[86.22,-5.66],[86.22,-5.61],[86.3,-5.6],[86.37,-5.6],[86.4,-5.61],[86.55,-5.73],[86.55,-5.78],[86.51,-5.8],[86.4,-5.8],[86.37,-5.78],[86.37,-5.73],[86.33,-5.73],[86.33,-5.71],[86.22,-5.71],[86.22,-5.98],[86.33,-6.01],[86.33,-6.05],[86.37,-6.1],[86.33,-6.15],[86.33,-6.26],[86.3,-6.31],[86.19,-6.36],[86.19,-6.38],[86.15,-6.43],[86.15,-6.53],[86.08,-6.6],[86.08,-6.63],[86.01,-6.68],[85.94,-6.75],[85.79,-6.86],[85.79,-6.9],[85.76,-6.96],[85.76,-7.03],[85.72,-7.06],[85.72,-7.1],[85.68,-7.15],[85.54,-7.2],[85.5,-7.2],[85.47,-7.21],[85.47,-7.3],[85.43,-7.31],[85.43,-7.38],[85.32,-7.4],[85.32,-7.41],[85.29,-7.41],[85.25,-7.43],[85.25,-7.46],[85.14,-7.5],[85.07,-7.5],[84.89,-7.53],[84.86,-7.56],[84.78,-7.59],[84.71,-7.66],[84.68,-7.71],[84.68,-7.76],[84.64,-7.83],[84.64,-7.88],[84.6,-7.89],[84.5,-7.89],[84.42,-7.96],[84.42,-7.99],[84.39,-7.99],[84.39,-7.96],[84.28,-7.89],[84.24,-7.89],[84.21,-7.88],[84.03,-7.76],[84.03,-7.66],[84.03,-7.64],[84.03,-7.59],[83.96,-7.56],[83.99,-7.53],[83.99,-7.48],[84.03,-7.43],[84.17,-7.4],[84.24,-7.35],[84.28,-7.3],[84.28,-7.2],[84.24,-7.18],[84.24,-7.15],[84.17,-7.11],[84.06,-7.11],[83.99,-7.2],[83.92,-7.28],[83.85,-7.3],[83.81,-7.26],[83.81,-7.06],[83.85,-7.03],[83.85,-7.0],[83.92,-7.0],[84.03,-6.96],[84.14,-6.86],[84.24,-6.71],[84.24,-6.63],[84.24,-6.6],[84.35,-6.58],[84.35,-6.53],[84.24,-6.5],[84.14,-6.55],[84.14,-6.58],[84.03,-6.58],[84.03,-6.53],[84.03,-6.5],[83.99,-6.5],[83.96,-6.55],[83.96,-6.66],[83.85,-6.71],[83.81,-6.71],[83.74,-6.75],[83.7,-6.78],[83.63,-6.86],[83.6,-6.9],[83.56,-6.86],[83.56,-6.58],[83.52,-6.56],[83.52,-6.51],[83.42,-6.51],[83.42,-6.58],[83.38,-6.6],[83.38,-6.56],[83.34,-6.56],[83.34,-6.43],[83.31,-6.41],[83.16,-6.41],[83.16,-6.4],[83.09,-6.4],[83.06,-6.36],[83.06,-6.33],[82.98,-6.3],[82.95,-6.3],[82.88,-6.26],[82.73,-6.16],[82.73,-6.01],[82.84,-5.96],[82.88,-5.95],[82.88,-5.91],[82.95,-5.86],[82.95,-5.83],[82.88,-5.78],[82.88,-5.71],[82.91,-5.71],[82.91,-5.68],[82.95,-5.66],[82.95,-5.5],[82.95,-5.46],[82.95,-5.41],[82.98,-5.4],[82.98,-5.36],[83.06,-5.35],[83.13,-5.28],[83.13,-5.21],[82.98,-5.2],[82.88,-5.2],[82.84,-5.18],[82.73,-5.18],[82.73,-5.13],[82.88,-5.1],[82.98,-5.1],[83.06,-5.05],[83.06,-4.83],[83.13,-4.8],[83.2,-4.8],[83.2,-4.71],[83.13,-4.63],[83.13,-4.61],[83.06,-4.61],[83.06,-4.66],[82.95,-4.71],[82.88,-4.71],[82.88,-4.73],[82.84,-4.75],[82.84,-4.88],[82.73,-4.9],[82.73,-4.86],[82.73,-4.85],[82.73,-4.81],[82.7,-4.8],[82.7,-4.83],[82.66,-4.85],[82.66,-5.15],[82.62,-5.2],[82.62,-5.28],[82.52,-5.33],[82.52,-5.38],[82.55,-5.38],[82.62,-5.41],[82.62,-5.43],[82.66,-5.45],[82.55,-5.5],[82.55,-5.53],[82.52,-5.55],[82.52,-5.75],[82.52,-5.76],[82.52,-5.8],[82.44,-5.8],[82.3,-5.83],[82.3,-5.86],[82.34,-5.86],[82.34,-5.88],[82.41,-5.9],[82.44,-5.95],[82.52,-6.0],[82.52,-6.03],[82.52,-6.08],[82.52,-6.15],[82.48,-6.2],[82.3,-6.2],[82.23,-6.15],[82.23,-6.11],[82.12,-6.13],[82.08,-6.21],[82.08,-6.26],[82.05,-6.31],[82.05,-6.45],[82.01,-6.46],[82.01,-6.5],[81.9,-6.5],[81.87,-6.51],[81.87,-6.56],[81.69,-6.6],[81.54,-6.6],[81.44,-6.63],[81.44,-6.7],[81.44,-7.0],[81.36,-7.0],[81.26,-7.0],[81.22,-7.01],[81.22,-7.06],[81.18,-7.1],[81.11,-7.1],[80.97,-7.15],[80.9,-7.2],[80.82,-7.25],[80.82,-7.35],[80.79,-7.38],[80.75,-7.4],[80.75,-7.41],[80.61,-7.41],[80.57,-7.38],[80.57,-7.31],[80.54,-7.26],[80.54,-7.01],[80.5,-7.0],[80.36,-7.0],[80.36,-7.01],[80.36,-7.06],[80.32,-7.1],[80.25,-7.1],[80.25,-7.11],[80.14,-7.11],[80.14,-7.15],[80.14,-7.18],[80.1,-7.2],[79.96,-7.2],[79.92,-7.23],[79.92,-7.3],[79.96,-7.31],[80.07,-7.35],[79.96,-7.38],[79.96,-7.41],[79.92,-7.43],[79.92,-7.55],[79.92,-7.56],[79.92,-7.58],[79.89,-7.59],[79.82,-7.59],[79.74,-7.63],[79.71,-7.66],[79.71,-7.73],[79.74,-7.74],[79.74,-7.79],[79.82,-7.81],[79.82,-7.84],[79.89,-7.88],[79.92,-7.98],[79.92,-8.04],[79.92,-8.08],[79.85,-8.11],[79.74,-8.11],[79.71,-8.14],[79.71,-8.18],[79.64,-8.14],[79.64,-8.13],[79.53,-8.08],[79.53,-8.04],[79.49,-8.01],[79.46,-8.03],[79.46,-8.06],[79.31,-8.09],[79.28,-8.09],[79.17,-8.06],[79.1,-8.03],[79.06,-7.96],[79.06,-7.84],[79.06,-7.81],[79.2,-7.78],[79.24,-7.78],[79.24,-7.66],[79.28,-7.64],[79.28,-7.59],[79.31,-7.58],[79.31,-7.53],[79.28,-7.51],[79.2,-7.51],[79.17,-7.5],[79.06,-7.5],[78.99,-7.51],[78.88,-7.51],[78.85,-7.55],[78.85,-7.58],[78.77,-7.59],[78.67,-7.59],[78.63,-7.58],[78.63,-7.51],[78.74,-7.5],[78.74,-7.38],[78.77,-7.36],[78.77,-7.3],[78.85,-7.28],[78.85,-7.16],[78.88,-7.01],[78.99,-6.91],[79.06,-6.83],[79.17,-6.73],[79.31,-6.61],[79.49,-6.58],[79.53,-6.56],[79.53,-6.53],[79.6,-6.51],[79.64,-6.53],[79.71,-6.58],[79.82,-6.6],[79.96,-6.6],[80.14,-6.56],[80.14,-6.55],[80.14,-6.51],[80.32,-6.48],[80.36,-6.45],[80.36,-6.26],[80.39,-6.16],[80.5,-6.13],[80.57,-6.1],[80.68,-6.1],[80.75,-6.05],[80.75,-5.85],[80.79,-5.81],[80.82,-5.8],[81.0,-5.8],[81.0,-5.76],[81.0,-5.66],[81.04,-5.65],[81.04,-5.61],[81.11,-5.6],[81.18,-5.6],[81.22,-5.56],[81.18,-5.51],[81.11,-5.5],[81.0,-5.5],[80.9,-5.51],[80.79,-5.51],[80.72,-5.56],[80.72,-5.6],[80.68,-5.6],[80.68,-5.56],[80.57,-5.51],[80.5,-5.5],[80.39,-5.5],[80.36,-5.53],[80.36,-5.56],[80.32,-5.56],[80.28,-5.6],[80.18,-5.6],[80.18,-5.61],[80.14,-5.65],[80.1,-5.68],[80.1,-5.71],[80.07,-5.71],[79.96,-5.78],[79.96,-5.8],[79.92,-5.8],[79.85,-5.83],[79.85,-5.86],[79.71,-5.9],[79.64,-5.9],[79.53,-5.91],[79.53,-5.96],[79.49,-6.0],[79.42,-6.0],[79.31,-6.0],[79.28,-5.98],[79.24,-5.95],[79.24,-5.81],[79.2,-5.8],[79.17,-5.81],[79.17,-5.86],[79.1,-5.86],[79.1,-5.88],[79.06,-5.9],[78.95,-5.9],[78.85,-5.91],[78.85,-5.95],[78.85,-5.98],[78.67,-6.0],[78.52,-6.08],[78.45,-6.11],[78.41,-6.2],[78.34,-6.28],[78.2,-6.4],[78.16,-6.4],[78.16,-6.23],[78.13,-6.2],[78.05,-6.25],[77.98,-6.28],[77.98,-6.3],[77.98,-6.33],[77.95,-6.36],[77.98,-6.4],[77.98,-6.43],[78.05,-6.45],[78.05,-6.56],[77.98,-6.56],[77.98,-6.6],[77.91,-6.6],[77.77,-6.65],[77.73,-6.71],[77.62,-6.76],[77.55,-6.85],[77.48,-6.98],[77.44,-7.01],[77.44,-7.1],[77.33,-7.11],[77.33,-7.18],[77.33,-7.2],[77.33,-7.28],[77.23,-7.3],[76.97,-7.3],[76.87,-7.28],[76.87,-7.13],[76.9,-7.11],[76.9,-7.08],[77.01,-7.0],[77.01,-6.96],[77.05,-6.93],[77.05,-6.76],[77.08,-6.73],[77.08,-6.71],[77.12,-6.7],[77.12,-6.65],[77.12,-6.61],[77.05,-6.61],[77.05,-6.6],[76.87,-6.6],[76.79,-6.56],[76.76,-6.56],[76.76,-6.51],[76.83,-6.5],[76.83,-6.45],[76.87,-6.43],[76.87,-6.33],[77.01,-6.21],[77.08,-6.2],[77.19,-6.2],[77.23,-6.21],[77.23,-6.25],[77.26,-6.28],[77.26,-6.48],[77.33,-6.46],[77.33,-6.43],[77.44,-6.38],[77.55,-6.23],[77.55,-6.13],[77.48,-6.1],[77.44,-6.1],[77.33,-6.06],[77.26,-5.96],[77.26,-5.85],[77.19,-5.81],[77.12,-5.81],[77.05,-5.86],[77.01,-5.9],[76.97,-5.91],[76.97,-5.95],[76.9,-5.98],[76.87,-6.0],[76.79,-6.0],[76.76,-6.01],[76.76,-6.06],[76.65,-6.08],[76.61,-6.1],[76.25,-6.1],[76.22,-6.11],[76.11,-6.11],[76.04,-6.13],[76.04,-6.16],[76.04,-6.28],[75.97,-6.33],[75.97,-6.38],[76.0,-6.38],[76.04,-6.41],[76.04,-6.53],[76.04,-6.55],[76.04,-6.58],[76.11,-6.6],[76.18,-6.6],[76.25,-6.65],[76.25,-6.71],[76.22,-6.75],[76.22,-6.8],[76.15,-6.86],[76.04,-6.88],[76.04,-6.86],[76.04,-6.81],[76.04,-6.63],[76.0,-6.6],[75.89,-6.6],[75.89,-6.56],[75.86,-6.56],[75.86,-6.45],[75.82,-6.43],[75.82,-6.41],[75.75,-6.41],[75.64,-6.36],[75.64,-6.33],[75.68,-6.3],[75.75,-6.28],[75.75,-6.23],[75.68,-6.2],[75.57,-6.21],[75.57,-6.25],[75.53,-6.26],[75.53,-6.28],[75.46,-6.28],[75.43,-6.25],[75.43,-6.21],[75.39,-6.16],[75.32,-6.15],[75.32,-6.11],[75.28,-6.11],[75.25,-6.16],[75.25,-6.38],[75.28,-6.43],[75.28,-6.5],[75.35,-6.55],[75.32,-6.56],[75.32,-6.58],[75.28,-6.63],[75.21,-6.7],[75.21,-6.71],[75.17,-6.75],[75.17,-6.83],[75.14,-6.86],[75.14,-7.01],[75.17,-7.05],[75.17,-7.08],[75.21,-7.1],[75.46,-7.1],[75.53,-7.08],[75.53,-7.05],[75.57,-7.01],[75.64,-7.0],[75.86,-7.0],[75.93,-7.01],[75.97,-7.05],[75.97,-7.08],[76.11,-7.11],[76.15,-7.13],[76.15,-7.16],[76.18,-7.2],[76.25,-7.2],[76.36,-7.25],[76.36,-7.28],[76.4,-7.3],[76.47,-7.3],[76.54,-7.28],[76.54,-7.23],[76.61,-7.2],[76.69,-7.2],[76.76,-7.25],[76.76,-7.36],[76.9,-7.48],[76.97,-7.5],[77.05,-7.53],[77.08,-7.56],[77.08,-7.59],[77.12,-7.59],[77.12,-7.56],[77.12,-7.53],[77.23,-7.5],[77.26,-7.5],[77.33,-7.53],[77.33,-7.69],[77.26,-7.71],[77.26,-7.91],[77.23,-7.93],[77.23,-7.99],[77.19,-7.99],[77.12,-8.03],[77.12,-8.09],[77.19,-8.14],[77.19,-8.18],[77.23,-8.24],[77.3,-8.28],[77.3,-8.31],[77.33,-8.34],[77.41,-8.38],[77.44,-8.38],[77.44,-8.33],[77.48,-8.29],[77.55,-8.29],[77.62,-8.33],[77.66,-8.36],[77.66,-8.48],[77.73,-8.51],[77.73,-8.54],[77.77,-8.56],[77.77,-8.69],[77.84,-8.71],[77.84,-8.64],[77.87,-8.63],[77.87,-8.61],[77.91,-8.61],[77.95,-8.63],[77.95,-8.83],[77.98,-8.86],[77.98,-8.88],[77.98,-8.89],[78.13,-8.89],[78.2,-8.94],[78.23,-8.96],[78.34,-9.04],[78.34,-9.19],[78.23,-9.21],[78.23,-9.38],[78.31,-9.38],[78.41,-9.41],[78.59,-9.41],[78.63,-9.43],[78.63,-9.46],[78.63,-9.51],[78.63,-9.69],[78.74,-9.71],[78.74,-9.64],[78.77,-9.63],[78.77,-9.59],[78.85,-9.61],[78.85,-9.76],[78.88,-9.81],[78.95,-9.79],[78.95,-9.74],[79.02,-9.71],[79.06,-9.71],[79.28,-9.71],[79.38,-9.71],[79.49,-9.78],[79.49,-9.74],[79.53,-9.71],[79.64,-9.71],[79.64,-9.73],[79.71,-9.79],[79.71,-9.83],[79.82,-9.88],[79.89,-9.89],[80.07,-9.89],[80.14,-9.93],[80.18,-9.93],[80.25,-9.94],[80.25,-10.04],[80.28,-10.06],[80.28,-10.09],[80.36,-10.11],[80.5,-10.11],[80.54,-10.13],[80.54,-10.19],[80.5,-10.23],[80.36,-10.28],[80.28,-10.29],[80.14,-10.29],[80.03,-10.36],[79.96,-10.41],[79.96,-10.43],[79.85,-10.49],[79.67,-10.49],[79.64,-10.51],[79.53,-10.51],[79.46,-10.54],[79.46,-10.58],[79.42,-10.59],[79.28,-10.59],[79.24,-10.58],[79.2,-10.56],[79.1,-10.53],[79.06,-10.46],[79.02,-10.44],[79.02,-10.43],[78.95,-10.43],[78.95,-10.48],[78.88,-10.49],[78.85,-10.49],[78.74,-10.54],[78.74,-10.59],[78.63,-10.59],[78.63,-10.46],[78.67,-10.43],[78.67,-10.39],[78.74,-10.34],[78.81,-10.31],[78.85,-10.28],[78.85,-10.24],[78.77,-10.21],[78.63,-10.19],[78.52,-10.21],[78.45,-10.24],[78.41,-10.28],[78.41,-10.29],[78.38,-10.31],[78.38,-10.34],[78.34,-10.38],[78.23,-10.41],[78.2,-10.41],[78.16,-10.43],[78.09,-10.49],[78.09,-10.53],[78.05,-10.56],[77.95,-10.59],[77.84,-10.59],[77.77,-10.63],[77.77,-10.66],[77.69,-10.71],[77.62,-10.71],[77.55,-10.64],[77.55,-10.44],[77.51,-10.43],[77.51,-10.41],[77.48,-10.41],[77.48,-10.36],[77.44,-10.34],[77.44,-10.26],[77.48,-10.24],[77.48,-10.21],[77.51,-10.18],[77.55,-10.18],[77.55,-10.08],[77.55,-10.04],[77.55,-10.01],[77.69,-9.93],[77.77,-9.84],[77.77,-9.83],[77.77,-9.79],[77.77,-9.76],[77.84,-9.74],[77.84,-9.71],[77.77,-9.71],[77.77,-9.69],[77.77,-9.68],[77.77,-9.51],[77.73,-9.48],[77.73,-9.43],[77.69,-9.41],[77.62,-9.41],[77.55,-9.43],[77.48,-9.51],[77.48,-9.54],[77.44,-9.59],[77.44,-9.68],[77.41,-9.68],[77.33,-9.71],[77.3,-9.71],[77.26,-9.68],[77.26,-9.64],[77.19,-9.59],[77.12,-9.59],[77.05,-9.63],[77.05,-9.68],[76.97,-9.71],[76.9,-9.71],[76.87,-9.71],[76.87,-9.76],[76.83,-9.76],[76.79,-9.79],[76.69,-9.79],[76.69,-9.81],[76.58,-9.78],[76.54,-9.74],[76.54,-9.64],[76.47,-9.59],[76.4,-9.59],[76.25,-9.64],[76.25,-9.69],[76.18,-9.73],[76.11,-9.79],[76.04,-9.86],[75.93,-9.96],[75.79,-10.11],[75.75,-10.14],[75.68,-10.19],[75.64,-10.24],[75.57,-10.28],[75.53,-10.23],[75.46,-10.19],[75.39,-10.19],[75.35,-10.16],[75.35,-9.89],[75.32,-9.84],[75.32,-9.79],[75.25,-9.76],[75.28,-9.71],[75.32,-9.71],[75.32,-9.68],[75.35,-9.66],[75.35,-9.63],[75.28,-9.59],[75.28,-9.56],[75.25,-9.51],[75.25,-9.34],[75.32,-9.28],[75.35,-9.28],[75.35,-9.16],[75.28,-9.11],[75.17,-9.11],[75.14,-9.14],[75.14,-9.18],[75.1,-9.19],[75.07,-9.18],[75.07,-9.14],[75.03,-9.11],[74.96,-9.11],[74.89,-9.14],[74.81,-9.19],[74.74,-9.28],[74.6,-9.29],[74.56,-9.28],[74.56,-9.14],[74.6,-9.13],[74.6,-9.09],[74.63,-9.04],[74.71,-9.01],[74.71,-8.98],[74.74,-8.96],[74.74,-8.86],[74.78,-8.84],[74.78,-8.81],[74.81,-8.78],[74.85,-8.78],[74.85,-8.63],[74.89,-8.61],[74.92,-8.61],[74.92,-8.56],[74.96,-8.56],[74.96,-8.44],[74.89,-8.41],[74.81,-8.41],[74.78,-8.39],[74.78,-8.36],[74.74,-8.34],[74.74,-8.23],[74.67,-8.19],[74.63,-8.19],[74.56,-8.23],[74.56,-8.34],[74.53,-8.36],[74.53,-8.39],[74.49,-8.41],[74.42,-8.41],[74.42,-8.43],[74.35,-8.44],[74.31,-8.49],[74.24,-8.56],[74.17,-8.61],[74.09,-8.61],[74.06,-8.63],[74.06,-8.66],[73.91,-8.69],[73.88,-8.71],[73.59,-8.71],[73.45,-8.73],[73.45,-8.78],[73.41,-8.78],[73.27,-8.84],[73.19,-8.89],[73.19,-8.94],[73.12,-8.96],[73.12,-8.98],[73.01,-8.99],[72.94,-8.99],[72.91,-9.03],[72.83,-9.06],[72.76,-9.14],[72.69,-9.18],[72.62,-9.19],[72.44,-9.19],[72.37,-9.18],[72.37,-9.14],[72.26,-9.13],[72.15,-9.11],[71.75,-9.11],[71.65,-9.09],[71.47,-9.09],[71.32,-9.03],[71.29,-8.99],[71.29,-8.89],[71.32,-8.86],[71.39,-8.84],[71.43,-8.81],[71.5,-8.81],[71.54,-8.79],[71.61,-8.79],[71.65,-8.78],[71.65,-8.73],[71.72,-8.71],[71.83,-8.71],[71.93,-8.68],[71.93,-8.58],[71.97,-8.56],[71.97,-8.51],[72.04,-8.49],[72.04,-8.43],[72.01,-8.43],[71.93,-8.43],[71.9,-8.41],[71.65,-8.41],[71.57,-8.39],[71.47,-8.39],[71.36,-8.36],[71.32,-8.31],[71.25,-8.31],[71.21,-8.29],[71.07,-8.29],[71.0,-8.28],[70.96,-8.28],[70.96,-8.24],[70.93,-8.21],[70.85,-8.19],[70.78,-8.19],[70.75,-8.16],[70.75,-8.14],[70.67,-8.11],[70.53,-8.11],[70.46,-8.14],[70.46,-8.18],[70.53,-8.19],[70.64,-8.24],[70.75,-8.33],[70.75,-8.46],[70.6,-8.58],[70.57,-8.61],[70.49,-8.61],[70.46,-8.58],[70.46,-8.48],[70.39,-8.39],[70.35,-8.36],[70.35,-8.33],[70.28,-8.31],[70.28,-8.34],[70.24,-8.34],[70.24,-8.38],[70.21,-8.38],[70.17,-8.41],[70.1,-8.41],[70.06,-8.43],[70.06,-8.46],[70.03,-8.46],[70.03,-8.49],[69.92,-8.49],[69.85,-8.54],[69.85,-8.56],[69.77,-8.58],[69.77,-8.56],[69.7,-8.51],[69.7,-8.48],[69.67,-8.46],[69.67,-8.43],[69.85,-8.28],[69.85,-8.26],[69.99,-8.19],[70.1,-8.19],[70.13,-8.18],[70.13,-8.03],[70.1,-7.99],[69.99,-7.99],[69.95,-8.01],[69.95,-8.06],[69.92,-8.09],[69.85,-8.09],[69.81,-8.11],[69.7,-8.11],[69.67,-8.13],[69.67,-8.14],[69.63,-8.16],[69.63,-8.19],[69.52,-8.19],[69.45,-8.16],[69.41,-8.14],[69.41,-8.11],[69.38,-8.11],[69.38,-8.14],[69.31,-8.19],[69.2,-8.18],[69.13,-8.13],[69.05,-8.08],[69.02,-8.03],[69.02,-7.99],[68.98,-7.98],[68.98,-7.89],[69.05,-7.84],[69.09,-7.84],[69.16,-7.81],[69.23,-7.81],[69.27,-7.79],[69.34,-7.79],[69.45,-7.76],[69.45,-7.74],[69.52,-7.66],[69.63,-7.63],[69.63,-7.59],[69.7,-7.59],[69.74,-7.58],[69.74,-7.55],[69.77,-7.51],[69.85,-7.5],[69.92,-7.5],[69.95,-7.46],[69.95,-7.43],[69.99,-7.41],[70.1,-7.41],[70.13,-7.43],[70.13,-7.45],[70.21,-7.48],[70.31,-7.5],[70.71,-7.5],[70.82,-7.53],[70.85,-7.56],[70.85,-7.73],[70.82,-7.74],[70.82,-7.79],[70.78,-7.79],[70.75,-7.83],[70.75,-7.86],[70.78,-7.86],[70.93,-7.89],[71.39,-7.89],[71.5,-7.88],[71.54,-7.86],[71.54,-7.53],[71.5,-7.51],[71.5,-7.48],[71.47,-7.46],[71.47,-7.43],[71.54,-7.38],[71.54,-7.21],[71.47,-7.2],[71.47,-7.26],[71.39,-7.3],[71.32,-7.3],[71.25,-7.28],[71.25,-7.23],[71.18,-7.2],[71.11,-7.2],[71.03,-7.15],[71.07,-7.15],[71.07,-7.11],[71.14,-7.11],[71.14,-7.1],[71.21,-7.1],[71.25,-7.08],[71.25,-7.03],[71.36,-7.0],[71.65,-7.0],[71.75,-7.03],[71.75,-7.08],[71.72,-7.08],[71.68,-7.11],[71.68,-7.16],[71.65,-7.21],[71.65,-7.53],[71.72,-7.59],[71.79,-7.59],[71.86,-7.58],[71.93,-7.56],[72.01,-7.5],[72.08,-7.43],[72.15,-7.33],[72.22,-7.26],[72.22,-7.16],[72.26,-7.08],[72.26,-6.93],[72.29,-6.9],[72.33,-6.9],[72.33,-6.85],[72.37,-6.83],[72.37,-6.71],[72.4,-6.71],[72.55,-6.71],[72.55,-6.7],[72.62,-6.7],[72.65,-6.68],[72.65,-6.63],[72.55,-6.6],[72.44,-6.6],[72.33,-6.56],[72.33,-6.51],[72.29,-6.5],[72.26,-6.53],[72.26,-6.56],[72.19,-6.58],[72.19,-6.56],[72.11,-6.55],[72.11,-6.5],[72.08,-6.46],[72.08,-6.41],[72.04,-6.4],[72.04,-6.23],[72.01,-6.2],[71.97,-6.2],[71.97,-6.16],[71.93,-6.15],[72.01,-6.11],[72.08,-6.1],[72.15,-6.1],[72.22,-6.06],[72.33,-5.98],[72.33,-5.96],[72.4,-5.93],[72.4,-5.91],[72.47,-5.9],[72.55,-5.9],[72.69,-5.85],[72.69,-5.8],[72.73,-5.8],[72.73,-5.86],[72.76,-5.86],[72.76,-5.88],[72.8,-5.9],[72.87,-5.9],[72.94,-5.95],[73.05,-6.06],[73.05,-6.25],[73.12,-6.3],[73.23,-6.26],[73.3,-6.2],[73.34,-6.15],[73.34,-6.06],[73.37,-6.05],[73.37,-6.01],[73.41,-6.0],[73.48,-6.0],[73.55,-5.96],[73.55,-5.86],[73.48,-5.81],[73.37,-5.8],[73.19,-5.8],[73.12,-5.78],[73.05,-5.73],[72.98,-5.68],[72.91,-5.58],[72.83,-5.4],[72.87,-5.3],[72.94,-5.15],[73.01,-5.11],[73.12,-5.1],[73.19,-5.1],[73.23,-5.08],[73.23,-5.05],[73.27,-5.01],[73.27,-4.9],[73.34,-4.88],[73.34,-4.76],[73.37,-4.73],[73.37,-4.71],[73.45,-4.7],[73.45,-4.56],[73.48,-4.55],[73.48,-4.5],[73.63,-4.38],[73.63,-4.33],[73.66,-4.3],[73.66,-4.21],[73.73,-4.18],[73.73,-4.0],[73.66,-3.98],[73.66,-3.72],[73.7,-3.7],[73.73,-3.7],[73.73,-3.6],[73.77,-3.58],[73.77,-3.53],[73.84,-3.5],[74.02,-3.5],[74.09,-3.52],[74.17,-3.55],[74.17,-3.58],[74.24,-3.6],[74.31,-3.6],[74.35,-3.63],[74.35,-3.72],[74.38,-3.75],[74.38,-3.8],[74.53,-3.91],[74.53,-3.96],[74.56,-3.98],[74.56,-4.06],[74.6,-4.11],[74.67,-4.16],[74.71,-4.18],[74.74,-4.15],[74.81,-4.11],[74.89,-4.1],[74.99,-4.1],[75.03,-4.06],[75.07,-4.06],[75.07,-4.03],[75.17,-4.0],[75.35,-4.0],[75.39,-4.0],[75.46,-4.0],[75.53,-3.98],[75.53,-3.95],[75.57,-3.95],[75.57,-3.91],[75.61,-3.9],[75.68,-3.9],[75.75,-3.86],[75.75,-3.85],[75.82,-3.81],[75.89,-3.8],[76.15,-3.8],[76.25,-3.75],[76.25,-3.7],[76.33,-3.72],[76.33,-3.75],[76.43,-3.8],[76.58,-3.8],[76.65,-3.83],[76.65,-3.86],[76.69,-3.86],[76.76,-3.9],[76.83,-3.9],[76.97,-3.86],[77.05,-3.85],[77.12,-3.8],[77.12,-3.75],[77.23,-3.7],[77.23,-3.65],[77.26,-3.6],[77.26,-3.53],[77.33,-3.43],[77.48,-3.4],[77.55,-3.38],[77.55,-3.33],[77.44,-3.25],[77.33,-3.15],[77.33,-3.13],[77.33,-3.1],[77.41,-3.02],[77.44,-3.0],[77.55,-3.0],[77.66,-3.03],[77.66,-3.1],[77.62,-3.1],[77.55,-3.12],[77.55,-3.15],[77.62,-3.18],[77.69,-3.2],[77.91,-3.2],[77.95,-3.22],[77.98,-3.22],[78.05,-3.25],[78.05,-3.28],[77.98,-3.28],[77.98,-3.3],[77.91,-3.3],[77.87,-3.32],[77.87,-3.35],[77.84,-3.38],[77.84,-3.47],[77.77,-3.5],[77.73,-3.5],[77.66,-3.53],[77.66,-3.58],[77.73,-3.58],[77.73,-3.6],[77.77,-3.6],[77.84,-3.63],[77.84,-3.86],[77.77,-3.88],[77.77,-3.91],[77.77,-3.98],[77.77,-4.0],[77.77,-4.01],[77.87,-4.05],[77.98,-4.08],[78.09,-4.1],[78.41,-4.1],[78.52,-4.06],[78.59,-4.0],[78.63,-4.0],[78.63,-4.03],[78.63,-4.08],[78.74,-4.1],[78.74,-4.0],[78.77,-3.98],[78.77,-3.93],[78.81,-3.91],[78.81,-3.88],[78.85,-3.86],[78.85,-3.85],[78.88,-3.8],[78.88,-3.72],[78.81,-3.62],[78.74,-3.6],[78.63,-3.63],[78.59,-3.7],[78.59,-3.72],[78.52,-3.77],[78.41,-3.8],[78.2,-3.8],[78.16,-3.77],[78.16,-3.72],[78.23,-3.7],[78.34,-3.67],[78.34,-3.62],[78.38,-3.58],[78.38,-3.53],[78.41,-3.47],[78.45,-3.43],[78.52,-3.37],[78.63,-3.3],[78.77,-3.28],[78.81,-3.27],[78.85,-3.25],[78.85,-3.22],[78.95,-3.15],[78.95,-3.12],[78.85,-3.1],[78.81,-3.1],[78.74,-3.05],[78.77,-3.02],[78.85,-3.0],[78.95,-3.0],[78.99,-3.0],[79.06,-3.0],[79.17,-2.95],[79.17,-2.9],[79.24,-2.9],[79.28,-2.87],[79.38,-2.82],[79.42,-2.75],[79.42,-2.7],[79.46,-2.63],[79.46,-2.45],[79.42,-2.38],[79.42,-2.32],[79.38,-2.28],[79.31,-2.25],[79.28,-2.22],[79.2,-2.2],[79.06,-2.2],[79.02,-2.18],[78.99,-2.18],[78.99,-2.17],[78.95,-2.17],[78.95,-2.13],[78.88,-2.12],[78.88,-2.1],[78.85,-2.1],[78.77,-2.07],[78.63,-1.98],[78.63,-1.9],[78.77,-1.9],[78.85,-1.87],[78.85,-1.7],[78.85,-1.67],[78.85,-1.62],[78.88,-1.58],[78.88,-1.57],[78.99,-1.53],[78.99,-1.52],[79.02,-1.5],[79.02,-1.47],[79.06,-1.45],[79.06,-1.43],[78.99,-1.4],[78.85,-1.4],[78.85,-1.38],[78.85,-1.37],[78.85,-1.32],[78.81,-1.32],[78.81,-1.3],[78.74,-1.3],[78.74,-1.28],[78.63,-1.28],[78.63,-1.22],[78.67,-1.2],[78.74,-1.2],[78.81,-1.17],[78.81,-1.15],[78.85,-1.13],[78.88,-1.1],[78.88,-1.07],[78.99,-1.02],[78.99,-1.0],[79.02,-0.97],[79.02,-0.9],[78.88,-0.82],[78.85,-0.8],[78.85,-0.72],[78.88,-0.72],[78.88,-0.67],[78.95,-0.65],[78.95,-0.53],[79.02,-0.5],[79.17,-0.5],[79.2,-0.52],[79.24,-0.52],[79.24,-0.57],[79.28,-0.57],[79.28,-0.58],[79.31,-0.58],[79.38,-0.6],[79.49,-0.6],[79.49,-0.62],[79.49,-0.63],[79.53,-0.63],[79.53,-0.68],[79.6,-0.68],[79.6,-0.7],[79.71,-0.7],[79.71,-0.72],[79.82,-0.72],[79.85,-0.72],[79.85,-0.75],[79.89,-0.77],[79.89,-0.78],[79.92,-0.78],[79.96,-0.8],[80.18,-0.8],[80.25,-0.82],[80.32,-0.82],[80.32,-0.83],[80.36,-0.85],[80.36,-0.87],[80.36,-0.88],[80.36,-0.9],[80.46,-0.88],[80.5,-0.88],[80.57,-0.8],[80.57,-0.78],[80.61,-0.75],[80.68,-0.73],[80.68,-0.72],[80.72,-0.72],[80.75,-0.72],[80.79,-0.7],[80.9,-0.7],[80.9,-0.68],[80.93,-0.68],[80.93,-0.58],[80.97,-0.55],[80.93,-0.5],[80.93,-0.43],[80.82,-0.4],[80.68,-0.4],[80.61,-0.38],[80.57,-0.38],[80.57,-0.37],[80.54,-0.33],[80.54,-0.32],[80.5,-0.28],[80.39,-0.25],[80.39,-0.23],[80.36,-0.22],[80.36,-0.2],[80.32,-0.2],[80.32,-0.18],[80.28,-0.18],[80.25,-0.17],[80.25,-0.15],[80.18,-0.13],[80.14,-0.13],[80.14,-0.12],[80.1,-0.12],[80.03,-0.1],[79.71,-0.1],[79.64,-0.08],[79.6,-0.08],[79.53,-0.07],[79.53,-0.05],[79.49,-0.03],[79.49,-0.02],[79.46,-0.0],[79.38,-0.0],[79.28,-0.0],[79.06,-0.0],[79.02,0.02],[78.99,0.02],[78.99,0.03],[78.95,0.03],[78.95,0.06],[78.85,0.1],[78.77,0.1],[78.67,0.11],[78.63,0.11],[78.56,0.15],[78.41,0.25],[78.41,0.28],[78.52,0.28],[78.56,0.28],[78.67,0.28],[78.67,0.31],[78.74,0.31],[78.74,0.36],[78.77,0.36],[78.77,0.38],[78.81,0.4],[78.85,0.4],[78.85,0.41],[78.88,0.41],[78.95,0.43],[78.95,0.48],[78.88,0.5],[78.85,0.5],[78.85,0.51],[78.85,0.53],[78.85,0.56],[78.85,0.58],[78.88,0.6],[79.02,0.6],[79.02,0.61],[79.06,0.63],[79.06,0.68],[79.17,0.7],[79.28,0.7],[79.28,0.71],[79.46,0.71],[79.49,0.7],[79.64,0.7],[79.71,0.68],[79.71,0.66],[79.71,0.65],[79.82,0.61],[79.89,0.61],[79.92,0.6],[80.46,0.6],[80.54,0.61],[80.57,0.61],[80.61,0.65],[80.61,0.7],[80.57,0.7],[80.57,0.71],[80.57,0.76],[80.54,0.78],[80.54,0.88],[80.46,0.91],[80.46,1.11],[80.39,1.13],[80.39,1.2],[80.36,1.2],[80.36,1.21],[80.36,1.35],[80.32,1.36],[80.32,1.4],[80.28,1.4],[80.25,1.41],[80.18,1.41],[80.14,1.41],[80.14,1.43],[80.14,1.48],[80.1,1.5],[80.07,1.5],[79.92,1.55],[79.89,1.6],[79.89,1.65],[79.85,1.7],[79.85,1.75],[79.89,1.76],[79.89,1.78],[79.92,1.8],[80.03,1.8],[80.07,1.81],[80.1,1.81],[80.14,1.83],[80.14,1.88],[80.07,1.91],[80.07,2.06],[80.1,2.1],[80.14,2.13],[80.14,2.15],[80.14,2.16],[80.18,2.16],[80.28,2.13],[80.36,2.0],[80.46,1.96],[80.57,1.9],[80.72,1.9],[80.75,1.91],[80.75,1.98],[80.79,1.98],[80.79,2.0],[80.82,2.0],[80.97,2.0],[81.0,2.01],[81.0,2.05],[81.0,2.16],[80.97,2.26],[80.9,2.28],[80.9,2.33],[80.82,2.35],[80.82,2.45],[80.79,2.46],[80.79,2.48],[80.79,2.5],[80.72,2.5],[80.72,2.51],[80.68,2.51],[80.68,2.55],[80.61,2.56],[80.61,2.66],[80.68,2.68],[80.68,2.7],[80.72,2.7],[80.75,2.75],[80.75,2.96],[80.72,2.98],[80.72,3.0],[80.61,2.98],[80.61,2.91],[80.57,2.9],[80.5,2.9],[80.46,2.91],[80.46,2.96],[80.36,3.0],[80.32,3.0],[80.18,3.0],[80.14,3.0],[80.03,2.95],[79.96,2.88],[79.92,2.86],[79.92,2.85],[79.85,2.8],[79.71,2.85],[79.71,2.86],[79.71,2.88],[79.67,2.95],[79.49,3.0],[79.42,3.0],[79.31,3.03],[79.31,3.08],[79.28,3.1],[79.17,3.08],[79.17,2.95],[79.1,2.9],[79.1,2.83],[79.06,2.81],[79.02,2.81],[78.95,2.8],[78.88,2.81],[78.81,2.81],[78.77,2.83],[78.74,2.86],[78.63,2.88],[78.63,2.9],[78.41,2.9],[78.23,2.91],[78.2,2.98],[78.16,3.0],[78.13,3.0],[77.95,3.0],[77.87,3.01],[77.87,3.05],[77.84,3.08],[77.84,3.2],[77.77,3.21],[77.77,3.28],[77.73,3.31],[77.73,3.36],[77.69,3.41],[77.62,3.46],[77.55,3.5],[77.44,3.51],[77.33,3.55],[77.3,3.6],[77.23,3.7],[77.12,3.76],[77.06,3.79],[76.43,3.79],[76.43,3.73],[76.36,3.7],[76.04,3.7],[75.97,3.73],[75.97,3.76],[75.93,3.76],[75.9,3.79],[73.45,3.79],[73.45,3.76],[73.48,3.71],[73.52,3.7],[73.59,3.7],[73.63,3.7],[73.63,3.66],[73.66,3.65],[73.66,3.53],[73.7,3.5],[73.73,3.51],[73.73,3.56],[73.77,3.56],[73.77,3.6],[73.84,3.56],[73.84,3.43],[73.81,3.41],[73.55,3.41],[73.45,3.43],[73.45,3.5],[73.37,3.5],[73.37,3.45],[73.34,3.43],[73.34,3.31],[73.27,3.3],[73.27,3.21],[73.3,3.2],[73.37,3.2],[73.41,3.16],[73.48,3.13],[73.52,3.1],[73.52,3.06],[73.55,3.01],[73.55,2.91],[73.52,2.9],[73.48,2.9],[73.45,2.86],[73.45,2.76],[73.48,2.73],[73.48,2.7],[73.52,2.68],[73.55,2.68],[73.55,2.65],[73.52,2.63],[73.52,2.6],[73.48,2.58],[73.48,2.56],[73.45,2.56],[73.45,2.55],[73.48,2.53],[73.48,2.51],[73.52,2.48],[73.55,2.46],[73.63,2.35],[73.63,2.26],[73.66,2.2],[73.66,2.06],[73.63,2.01],[73.59,2.0],[73.55,2.01],[73.55,2.08],[73.52,2.1],[73.45,2.1],[73.37,2.06],[73.34,2.03],[73.3,2.01],[73.3,2.0],[73.27,1.98],[73.27,1.83],[73.23,1.81],[73.23,1.73],[73.19,1.7],[73.19,1.68],[73.16,1.65],[73.12,1.63],[73.12,1.6],[73.09,1.6],[73.09,1.63],[73.05,1.63],[73.05,1.65],[73.01,1.68],[73.01,1.7],[72.98,1.71],[72.98,1.8],[73.01,1.8],[73.01,1.83],[73.05,1.85],[73.05,1.86],[73.01,1.88],[73.01,1.9],[72.98,1.91],[72.98,1.93],[72.94,1.95],[72.94,1.96],[72.91,1.98],[72.91,2.0],[72.87,2.0],[72.83,2.0],[72.76,2.03],[72.73,2.08],[72.65,2.13],[72.58,2.25],[72.55,2.28],[72.55,2.36],[72.58,2.38],[72.58,2.4],[72.62,2.41],[72.65,2.43],[72.65,2.56],[72.62,2.58],[72.62,2.6],[72.58,2.6],[72.58,2.63],[72.55,2.65],[72.55,2.76],[72.51,2.8],[72.4,2.8],[72.29,2.81],[72.26,2.83],[72.26,2.86],[72.29,2.9],[72.33,2.95],[72.4,3.0],[72.47,3.1],[72.55,3.16],[72.51,3.18],[72.51,3.21],[72.47,3.23],[72.47,3.28],[72.55,3.31],[72.55,3.38],[72.4,3.41],[72.37,3.41],[72.37,3.53],[72.33,3.55],[72.33,3.6],[72.26,3.61],[72.26,3.75],[72.19,3.79],[71.54,3.79],[71.54,3.55],[71.5,3.5],[71.47,3.5],[71.47,3.38],[71.43,3.35],[71.43,3.31],[71.36,3.3],[71.25,3.3],[71.18,3.31],[71.14,3.35],[71.14,3.4],[71.11,3.41],[71.07,3.4],[71.07,3.36],[71.03,3.35],[71.03,3.28],[70.96,3.15],[70.82,3.0],[70.67,2.91],[70.57,2.86],[70.57,2.85],[70.49,2.8],[70.46,2.75],[70.39,2.71],[70.39,2.7],[70.31,2.7],[70.28,2.7],[70.28,2.68],[70.24,2.68],[70.24,2.61],[70.28,2.61],[70.28,2.6],[70.31,2.6],[70.31,2.58],[70.35,2.56],[70.35,2.4],[70.31,2.33],[70.24,2.25],[70.21,2.21],[70.17,2.2],[70.17,2.11],[70.21,2.11],[70.21,2.1],[70.24,2.08],[70.24,2.03],[70.21,2.01],[70.21,2.0],[70.17,1.98],[70.17,1.95],[70.1,1.91],[70.06,1.91],[70.06,1.98],[70.03,2.0],[69.99,2.0],[69.95,1.98],[69.95,1.85],[69.99,1.83],[69.99,1.81],[70.03,1.81],[70.06,1.8],[70.1,1.8],[70.1,1.78],[70.13,1.78],[70.13,1.7],[70.17,1.66],[70.17,1.6],[70.21,1.6],[70.24,1.6],[70.24,1.63],[70.28,1.66],[70.28,1.7],[70.31,1.7],[70.31,1.68],[70.35,1.66],[70.39,1.63],[70.39,1.6],[70.42,1.6],[70.42,1.51],[70.39,1.51],[70.35,1.53],[70.35,1.56],[70.31,1.56],[70.31,1.6],[70.28,1.6],[70.28,1.56],[70.24,1.56],[70.24,1.53],[70.21,1.51],[70.17,1.51],[70.13,1.5],[70.03,1.5],[69.95,1.46],[69.95,1.43],[69.92,1.41],[69.81,1.41],[69.77,1.41],[69.77,1.43],[69.74,1.43],[69.74,1.48],[69.7,1.5],[69.63,1.5],[69.59,1.51],[69.59,1.53],[69.56,1.53],[69.56,1.56],[69.45,1.75],[69.31,1.9],[69.16,2.0],[69.13,2.0],[69.09,2.0],[69.09,2.01],[69.05,2.01],[69.05,2.08],[69.09,2.08],[69.09,2.1],[69.16,2.1],[69.16,2.11],[69.2,2.11],[69.23,2.13],[69.23,2.26],[69.16,2.3],[68.95,2.3],[68.91,2.31],[68.87,2.31],[68.87,2.35],[68.84,2.38],[68.84,2.5],[68.8,2.5],[68.8,2.53],[68.77,2.53],[68.77,2.56],[68.8,2.58],[68.8,2.6],[68.84,2.61],[68.84,2.71],[68.87,2.75],[68.87,2.78],[68.95,2.8],[69.05,2.85],[69.09,2.86],[69.09,2.91],[69.13,2.98],[69.13,3.05],[69.16,3.13],[69.16,3.18],[69.13,3.25],[69.13,3.28],[69.05,3.33],[69.05,3.45],[68.98,3.5],[68.8,3.5],[68.77,3.51],[68.69,3.51],[68.66,3.53],[68.66,3.56],[68.69,3.6],[68.8,3.6],[68.84,3.63],[68.84,3.76],[68.81,3.79],[68.51,3.79],[68.44,3.75],[68.44,3.63],[68.41,3.6],[68.33,3.6],[68.26,3.56],[68.26,3.18],[68.23,3.13],[68.23,3.01],[68.19,2.98],[68.15,2.98],[68.15,2.91],[68.23,2.88],[68.23,2.76],[68.26,2.7],[68.26,2.36],[68.23,2.3],[68.23,2.23],[68.19,2.21],[68.19,2.2],[68.12,2.2],[68.12,2.21],[68.08,2.21],[68.08,2.23],[68.05,2.26],[68.05,2.46],[68.01,2.48],[68.01,2.5],[67.72,2.5],[67.72,2.48],[67.69,2.48],[67.65,2.46],[67.65,2.41],[67.69,2.41],[67.72,2.41],[67.72,2.4],[67.76,2.38],[67.76,2.35],[67.72,2.33],[67.72,2.31],[67.69,2.31],[67.65,2.3],[67.54,2.3],[67.51,2.31],[67.47,2.31],[67.47,2.35],[67.43,2.35],[67.43,2.4],[67.4,2.4],[67.36,2.41],[67.33,2.41],[67.33,2.4],[67.29,2.4],[67.25,2.38],[67.25,2.33],[67.18,2.3],[67.15,2.31],[67.11,2.31],[67.04,2.35],[67.04,2.38],[67.0,2.41],[66.97,2.45],[66.97,2.58],[67.0,2.6],[67.07,2.6],[67.11,2.58],[67.15,2.58],[67.15,2.53],[67.18,2.53],[67.18,2.51],[67.25,2.51],[67.25,2.5],[67.33,2.5],[67.36,2.51],[67.4,2.51],[67.43,2.53],[67.43,2.56],[67.47,2.56],[67.47,2.58],[67.54,2.58],[67.58,2.6],[67.76,2.6],[67.83,2.61],[67.83,2.68],[67.87,2.7],[67.87,2.78],[67.83,2.81],[67.83,2.88],[67.76,2.91],[67.76,3.06],[67.72,3.1],[67.65,3.13],[67.65,3.28],[67.58,3.3],[67.58,3.33],[67.54,3.35],[67.54,3.46],[67.51,3.48],[67.51,3.53],[67.47,3.53],[67.47,3.56],[67.54,3.63],[67.54,3.68],[67.47,3.71],[67.47,3.76],[67.43,3.78],[67.43,3.79],[67.15,3.79],[67.15,3.73],[67.07,3.7],[66.82,3.7],[66.75,3.73],[66.75,3.78],[66.73,3.79],[86.5,3.79]],[[72.55,3.79],[72.55,3.76],[72.58,3.73],[72.58,3.7],[72.69,3.61],[72.73,3.61],[72.76,3.68],[72.76,3.79],[72.55,3.79]],[[69.09,3.79],[69.05,3.75],[69.05,3.63],[69.09,3.6],[69.13,3.6],[69.13,3.56],[69.16,3.55],[69.16,3.41],[69.23,3.41],[69.23,3.43],[69.31,3.48],[69.31,3.46],[69.41,3.41],[69.49,3.33],[69.49,3.3],[69.56,3.25],[69.67,3.2],[69.74,3.18],[69.77,3.15],[69.77,3.11],[69.81,3.11],[69.85,3.13],[69.85,3.16],[69.92,3.2],[69.92,3.16],[69.99,3.13],[70.06,3.13],[70.06,3.16],[70.21,3.28],[70.28,3.23],[70.31,3.21],[70.35,3.23],[70.42,3.33],[70.42,3.4],[70.46,3.48],[70.46,3.7],[70.39,3.78],[70.36,3.79],[69.09,3.79]],[[67.94,3.6],[67.94,3.68],[67.87,3.7],[67.83,3.7],[67.76,3.68],[67.76,3.53],[67.87,3.5],[67.94,3.53],[67.94,3.6]],[[70.57,3.26],[70.53,3.28],[70.53,3.3],[70.46,3.28],[70.46,3.21],[70.53,3.21],[70.57,3.26]],[[70.39,2.91],[70.31,3.0],[70.24,2.98],[70.24,2.85],[70.28,2.85],[70.28,2.81],[70.35,2.8],[70.42,2.81],[70.46,2.83],[70.42,2.86],[70.42,2.9],[70.39,2.91]],[[69.74,2.08],[69.67,2.13],[69.63,2.15],[69.56,2.18],[69.49,2.2],[69.38,2.2],[69.38,2.18],[69.34,2.15],[69.34,2.13],[69.38,2.13],[69.38,2.11],[69.41,2.11],[69.45,2.1],[69.52,2.1],[69.52,2.06],[69.56,2.05],[69.56,1.95],[69.59,1.93],[69.59,1.88],[69.63,1.86],[69.67,1.85],[69.67,1.83],[69.7,1.83],[69.74,1.85],[69.77,1.86],[69.81,1.9],[69.81,2.0],[69.77,2.03],[69.74,2.08]],[[73.34,2.16],[73.34,2.18],[73.3,2.2],[73.09,2.2],[73.09,2.18],[73.05,2.16],[73.05,2.15],[73.09,2.13],[73.09,2.11],[73.12,2.06],[73.16,2.05],[73.16,2.03],[73.19,2.01],[73.23,2.01],[73.23,2.03],[73.27,2.05],[73.27,2.06],[73.3,2.08],[73.3,2.11],[73.34,2.13],[73.34,2.16]],[[80.54,1.7],[80.54,1.78],[80.5,1.8],[80.32,1.8],[80.25,1.76],[80.25,1.73],[80.28,1.71],[80.28,1.7],[80.36,1.7],[80.39,1.7],[80.39,1.68],[80.46,1.66],[80.46,1.6],[80.54,1.6],[80.54,1.7]],[[80.07,0.13],[80.03,0.16],[79.92,0.2],[79.85,0.2],[79.74,0.18],[79.74,0.16],[79.71,0.15],[79.71,0.13],[79.71,0.11],[79.67,0.11],[79.67,0.1],[79.6,0.1],[79.53,0.08],[79.53,0.03],[79.6,0.03],[79.64,0.02],[79.67,0.02],[79.71,-0.0],[80.36,-0.0],[80.46,0.02],[80.54,0.02],[80.54,0.08],[80.5,0.13],[80.36,0.18],[80.28,0.2],[80.18,0.2],[80.14,0.13],[80.1,0.13],[80.1,0.11],[80.07,0.13]],[[80.36,-1.23],[80.36,-1.22],[80.32,-1.22],[80.28,-1.2],[80.03,-1.2],[79.92,-1.23],[79.92,-1.27],[79.92,-1.28],[79.89,-1.28],[79.85,-1.3],[79.74,-1.3],[79.74,-1.33],[79.71,-1.35],[79.71,-1.43],[79.74,-1.47],[79.74,-1.48],[79.82,-1.48],[79.82,-1.5],[79.92,-1.5],[80.03,-1.47],[80.03,-1.45],[80.07,-1.45],[80.07,-1.42],[80.1,-1.4],[80.14,-1.4],[80.25,-1.37],[80.28,-1.33],[80.28,-1.3],[80.36,-1.25],[80.36,-1.23]],[[79.31,-1.85],[79.31,-1.83],[79.28,-1.83],[79.24,-1.8],[79.06,-1.8],[78.99,-1.83],[78.95,-1.83],[78.95,-1.87],[78.99,-1.87],[79.02,-1.88],[79.06,-1.88],[79.06,-1.9],[79.2,-1.9],[79.24,-1.88],[79.28,-1.88],[79.28,-1.87],[79.31,-1.87],[79.31,-1.85]],[[82.73,-2.85],[82.73,-2.82],[82.7,-2.8],[82.62,-2.8],[82.52,-2.83],[82.52,-2.87],[82.62,-2.9],[82.7,-2.9],[82.73,-2.88],[82.73,-2.87],[82.73,-2.85]],[[78.95,-3.35],[78.95,-3.32],[78.85,-3.3],[78.85,-3.32],[78.85,-3.38],[78.85,-3.4],[78.95,-3.38],[78.95,-3.35]],[[86.3,-3.68],[86.15,-3.62],[86.08,-3.6],[85.79,-3.6],[85.76,-3.63],[85.76,-3.86],[85.86,-3.9],[86.08,-3.9],[86.15,-3.88],[86.3,-3.83],[86.3,-3.8],[86.33,-3.75],[86.33,-3.72],[86.3,-3.68]],[[84.21,-3.8],[84.06,-3.72],[84.03,-3.72],[84.03,-3.75],[83.96,-3.8],[83.74,-3.8],[83.6,-3.83],[83.56,-3.85],[83.49,-3.9],[83.38,-4.03],[83.27,-4.08],[83.16,-4.1],[82.88,-4.1],[82.77,-4.11],[82.73,-4.15],[82.73,-4.38],[82.77,-4.4],[82.95,-4.4],[83.06,-4.36],[83.06,-4.31],[82.95,-4.28],[82.95,-4.26],[82.95,-4.21],[82.98,-4.21],[83.06,-4.25],[83.06,-4.28],[83.09,-4.3],[83.16,-4.25],[83.16,-4.21],[83.16,-4.2],[83.2,-4.21],[83.2,-4.26],[83.31,-4.28],[83.38,-4.3],[83.42,-4.33],[83.42,-4.46],[83.49,-4.46],[83.52,-4.5],[83.6,-4.5],[83.6,-4.46],[83.6,-4.43],[83.63,-4.4],[83.63,-4.31],[83.7,-4.3],[83.81,-4.3],[83.81,-4.31],[83.81,-4.38],[83.92,-4.4],[83.92,-4.36],[83.96,-4.35],[83.96,-4.23],[84.03,-4.2],[84.17,-4.2],[84.17,-4.18],[84.24,-4.16],[84.24,-4.13],[84.28,-4.1],[84.39,-4.1],[84.46,-4.05],[84.46,-3.96],[84.42,-3.95],[84.42,-3.91],[84.35,-3.9],[84.24,-3.86],[84.21,-3.83],[84.21,-3.8]],[[82.55,-4.36],[82.52,-4.33],[82.48,-4.3],[82.44,-4.33],[82.44,-4.46],[82.34,-4.5],[82.23,-4.5],[82.12,-4.53],[82.12,-4.56],[82.08,-4.6],[81.98,-4.58],[81.9,-4.56],[81.9,-4.51],[81.87,-4.53],[81.8,-4.58],[81.76,-4.63],[81.76,-4.73],[81.69,-4.76],[81.69,-4.8],[81.65,-4.81],[81.65,-4.85],[81.65,-4.86],[81.54,-4.95],[81.54,-4.96],[81.65,-5.0],[81.69,-5.0],[81.83,-4.98],[81.87,-4.95],[81.87,-4.91],[81.9,-4.9],[82.05,-4.9],[82.12,-4.85],[82.23,-4.76],[82.23,-4.71],[82.26,-4.68],[82.26,-4.63],[82.3,-4.6],[82.52,-4.6],[82.55,-4.58],[82.66,-4.55],[82.66,-4.46],[82.55,-4.36]],[[75.97,-4.56],[75.97,-4.55],[75.89,-4.51],[75.86,-4.53],[75.82,-4.56],[75.75,-4.7],[75.75,-4.73],[75.79,-4.78],[75.86,-4.8],[75.93,-4.76],[75.97,-4.71],[76.04,-4.68],[76.04,-4.61],[75.97,-4.56]],[[83.56,-4.63],[83.52,-4.6],[83.38,-4.6],[83.38,-4.61],[83.34,-4.66],[83.34,-4.76],[83.38,-4.8],[83.38,-4.78],[83.52,-4.7],[83.56,-4.63]],[[74.24,-4.9],[74.24,-4.81],[74.2,-4.8],[74.17,-4.81],[74.17,-5.05],[74.27,-5.18],[74.35,-5.16],[74.42,-5.1],[74.42,-5.06],[74.45,-5.05],[74.45,-5.01],[74.42,-5.0],[74.35,-5.0],[74.27,-5.0],[74.27,-4.95],[74.24,-4.9]],[[81.04,-4.86],[81.0,-4.83],[80.97,-4.81],[80.9,-4.86],[80.9,-4.91],[80.82,-4.95],[80.82,-5.0],[80.93,-5.0],[81.0,-5.0],[81.15,-4.98],[81.15,-4.93],[81.04,-4.86]],[[74.96,-4.95],[74.96,-4.91],[74.89,-4.9],[74.85,-4.93],[74.85,-5.06],[74.92,-5.1],[75.03,-5.11],[75.07,-5.15],[75.07,-5.2],[75.14,-5.2],[75.14,-5.01],[75.1,-5.0],[75.03,-5.0],[74.96,-4.98],[74.96,-4.95]],[[75.07,-5.25],[75.03,-5.23],[75.03,-5.2],[74.96,-5.21],[74.96,-5.28],[75.03,-5.3],[75.03,-5.28],[75.07,-5.25]],[[79.24,-5.35],[79.24,-5.3],[79.17,-5.3],[79.17,-5.4],[79.1,-5.43],[79.1,-5.48],[78.99,-5.51],[78.88,-5.56],[78.88,-5.58],[78.85,-5.65],[78.85,-5.68],[78.88,-5.7],[78.88,-5.71],[78.99,-5.71],[79.02,-5.68],[79.06,-5.68],[79.06,-5.63],[79.17,-5.6],[79.46,-5.6],[79.6,-5.56],[79.64,-5.56],[79.64,-5.55],[79.71,-5.5],[79.82,-5.5],[79.85,-5.46],[79.85,-5.43],[79.74,-5.41],[79.6,-5.41],[79.53,-5.4],[79.38,-5.4],[79.24,-5.35]],[[74.56,-5.76],[74.56,-5.73],[74.53,-5.71],[74.42,-5.71],[74.35,-5.76],[74.35,-5.86],[74.42,-5.9],[74.6,-5.9],[74.63,-5.93],[74.63,-6.08],[74.67,-6.11],[74.67,-6.26],[74.71,-6.28],[74.71,-6.31],[74.74,-6.33],[74.78,-6.38],[74.85,-6.36],[74.89,-6.31],[74.92,-6.3],[74.92,-6.26],[74.96,-6.25],[74.89,-6.2],[74.89,-6.16],[74.85,-6.15],[74.85,-6.06],[74.89,-6.03],[74.89,-6.0],[74.96,-5.96],[74.96,-5.93],[74.89,-5.91],[74.89,-5.86],[74.85,-5.86],[74.85,-5.76],[74.78,-5.71],[74.67,-5.71],[74.67,-5.73],[74.6,-5.8],[74.56,-5.76]],[[77.44,-5.95],[77.44,-5.91],[77.33,-5.9],[77.33,-6.0],[77.41,-6.0],[77.44,-6.0],[77.44,-5.95]],[[75.14,-6.35],[75.14,-6.3],[75.07,-6.3],[75.07,-6.4],[75.14,-6.4],[75.14,-6.35]],[[84.24,-6.35],[84.24,-6.3],[84.17,-6.3],[84.17,-6.33],[84.14,-6.35],[84.17,-6.36],[84.17,-6.4],[84.24,-6.4],[84.24,-6.35]],[[73.05,-6.6],[73.05,-6.53],[73.01,-6.5],[72.98,-6.5],[72.98,-6.55],[72.94,-6.56],[72.94,-6.68],[72.87,-6.71],[72.8,-6.71],[72.76,-6.71],[72.76,-6.78],[72.8,-6.8],[72.87,-6.8],[72.94,-6.83],[72.94,-6.86],[73.01,-6.9],[73.09,-6.9],[73.12,-6.88],[73.12,-6.86],[73.16,-6.85],[73.16,-6.75],[73.12,-6.73],[73.12,-6.71],[73.05,-6.68],[73.05,-6.6]],[[77.26,-6.56],[77.26,-6.53],[77.23,-6.53],[77.23,-6.5],[77.12,-6.51],[77.12,-6.58],[77.23,-6.6],[77.23,-6.56],[77.26,-6.56]],[[72.76,-6.9],[72.76,-6.86],[72.73,-6.85],[72.73,-6.8],[72.69,-6.8],[72.69,-6.83],[72.65,-6.83],[72.65,-6.98],[72.73,-7.0],[72.73,-6.96],[72.76,-6.95],[72.76,-6.9]],[[77.26,-7.15],[77.23,-7.11],[77.12,-7.11],[77.12,-7.18],[77.23,-7.2],[77.26,-7.15]],[[77.05,-7.64],[77.05,-7.63],[76.97,-7.59],[76.9,-7.63],[76.9,-7.68],[76.97,-7.68],[76.97,-7.71],[77.05,-7.69],[77.05,-7.64]],[[75.97,-8.56],[75.97,-8.53],[75.93,-8.49],[75.93,-8.41],[75.86,-8.41],[75.86,-8.46],[75.79,-8.49],[75.71,-8.51],[75.64,-8.54],[75.61,-8.56],[75.61,-8.61],[75.57,-8.61],[75.57,-8.69],[75.64,-8.73],[75.64,-8.76],[75.71,-8.79],[75.75,-8.78],[75.75,-8.73],[75.82,-8.71],[75.89,-8.71],[75.93,-8.69],[75.93,-8.63],[75.97,-8.58],[75.97,-8.56]],[[78.85,-9.83],[78.85,-9.81],[78.67,-9.81],[78.63,-9.83],[78.63,-9.99],[78.67,-9.99],[78.74,-9.96],[78.85,-9.86],[78.85,-9.83]]]}},{"type":"Feature","properties":{"precip":10},"geometry":{"type":"Polygon","coordinates":[[[19.24,3.79],[19.24,3.73],[19.2,3.7],[19.09,3.7],[19.06,3.71],[19.06,3.78],[18.99,3.78],[18.95,3.76],[18.95,3.61],[18.91,3.56],[18.88,3.51],[18.88,3.48],[18.84,3.45],[18.84,3.41],[18.77,3.38],[18.7,3.31],[18.63,3.3],[18.55,3.31],[18.55,3.38],[18.52,3.38],[18.48,3.41],[18.41,3.4],[18.34,3.36],[18.34,3.31],[18.3,3.3],[18.27,3.31],[18.27,3.41],[18.23,3.43],[18.23,3.46],[18.16,3.5],[17.83,3.5],[17.76,3.51],[17.65,3.51],[17.58,3.53],[17.55,3.56],[17.47,3.56],[17.44,3.53],[17.37,3.51],[17.37,3.56],[17.44,3.6],[17.44,3.68],[17.37,3.7],[17.22,3.7],[17.15,3.73],[17.15,3.78],[17.18,3.79],[19.24,3.79]]]}},{"type":"Feature","properties":{"precip":10},"geometry":{"type":"Polygon","coordinates":[[[16.93,3.79],[16.93,3.71],[16.9,3.7],[16.83,3.7],[16.75,3.68],[16.75,3.63],[16.72,3.6],[16.68,3.6],[16.68,3.63],[16.65,3.65],[16.65,3.76],[16.68,3.79],[16.93,3.79]]]}},{"type":"Feature","properties":{"precip":10},"geometry":{"type":"Polygon","coordinates":[[[-8.95,3.7],[-8.95,3.78],[-8.89,3.79],[-8.87,3.79],[-8.87,3.76],[-8.84,3.73],[-8.84,3.66],[-8.87,3.65],[-8.87,3.6],[-8.95,3.61],[-8.95,3.7]]]}},{"type":"Feature","properties":{"precip":10},"geometry":{"type":"Polygon","coordinates":[[[29.96,3.65],[29.96,3.79],[30.04,3.79],[30.04,3.73],[30.07,3.73],[30.07,3.7],[30.14,3.7],[30.25,3.66],[30.32,3.6],[30.32,3.56],[30.36,3.53],[30.36,3.41],[30.43,3.4],[30.43,3.23],[30.36,3.2],[30.29,3.2],[30.25,3.16],[30.25,3.03],[30.29,3.0],[30.32,3.0],[30.32,2.98],[30.36,2.98],[30.36,2.95],[30.32,2.9],[30.25,2.9],[30.14,2.91],[30.0,3.01],[29.93,3.08],[29.82,3.21],[29.78,3.25],[29.78,3.28],[29.75,3.33],[29.75,3.56],[29.78,3.56],[29.78,3.6],[29.86,3.56],[29.86,3.51],[29.93,3.51],[29.93,3.6],[29.96,3.61],[29.96,3.65]]]}},{"type":"Feature","properties":{"precip":10},"geometry":{"type":"Polygon","coordinates":[[[-6.86,3.6],[-6.86,3.66],[-6.82,3.68],[-6.82,3.7],[-6.75,3.68],[-6.75,3.53],[-6.79,3.53],[-6.79,3.5],[-6.86,3.55],[-6.86,3.6]]]}},{"type":"Feature","properties":{"precip":10},"geometry":{"type":"Polygon","coordinates":[[[66.35,3.65],[66.35,3.7],[66.43,3.7],[66.43,3.68],[66.46,3.68],[66.46,3.63],[66.43,3.63],[66.43,3.6],[66.35,3.61],[66.35,3.65]]]}},{"type":"Feature","properties":{"precip":10},"geometry":{"type":"Polygon","coordinates":[[[-13.36,3.53],[-13.34,3.51],[-13.34,3.35],[-13.3,3.31],[-13.3,3.28],[-13.23,3.23],[-13.19,3.21],[-13.19,3.15],[-13.16,3.13],[-13.16,2.85],[-13.19,2.8],[-13.23,2.8],[-13.23,2.75],[-13.26,2.73],[-13.26,2.63],[-13.3,2.61],[-13.36,2.6],[-13.36,3.53]]]}},{"type":"Feature","properties":{"precip":10},"geometry":{"type":"Polygon","coordinates":[[[-9.16,3.56],[-9.09,3.6],[-9.05,3.56],[-9.05,3.51],[-9.13,3.5],[-9.13,3.53],[-9.16,3.53],[-9.16,3.56]]]}},{"type":"Feature","properties":{"precip":10},"geometry":{"type":"Polygon","coordinates":[[[66.64,3.5],[66.64,3.56],[66.71,3.6],[66.79,3.6],[66.89,3.56],[66.97,3.53],[67.0,3.48],[67.07,3.43],[67.15,3.33],[67.15,3.25],[67.18,3.23],[67.18,3.2],[67.22,3.2],[67.22,3.13],[67.15,3.05],[67.07,3.0],[67.0,3.0],[67.0,3.01],[66.89,3.11],[66.86,3.15],[66.86,3.26],[66.75,3.3],[66.64,3.3],[66.57,3.31],[66.57,3.35],[66.53,3.35],[66.57,3.4],[66.64,3.41],[66.64,3.5]]]}},{"type":"Feature","properties":{"precip":10},"geometry":{"type":"Polygon","coordinates":[[[66.25,3.45],[66.25,3.48],[66.35,3.48],[66.35,3.41],[66.32,3.41],[66.25,3.41],[66.25,3.45]]]}},{"type":"Feature","properties":{"precip":10},"geometry":{"type":"Polygon","coordinates":[[[98.1,3.45],[98.17,3.46],[98.17,3.5],[98.28,3.5],[98.32,3.48],[98.43,3.4],[98.43,3.3],[98.39,3.3],[98.32,3.33],[98.32,3.38],[98.28,3.41],[98.21,3.41],[98.1,3.45]]]}},{"type":"Feature","properties":{"precip":10},"geometry":{"type":"Polygon","coordinates":[[[17.44,3.33],[17.47,3.38],[17.55,3.41],[17.62,3.4],[17.69,3.3],[17.73,3.31],[17.73,3.35],[17.76,3.38],[17.87,3.41],[17.94,3.38],[17.94,3.31],[17.87,3.28],[17.87,3.21],[17.83,3.15],[17.87,3.1],[17.87,3.0],[17.91,3.0],[17.91,2.91],[17.83,2.85],[17.8,2.78],[17.65,2.66],[17.58,2.61],[17.51,2.6],[17.44,2.56],[17.44,2.53],[17.37,2.5],[17.22,2.56],[17.22,2.6],[17.19,2.6],[17.19,2.58],[17.15,2.56],[17.15,2.53],[17.11,2.53],[17.11,2.51],[17.08,2.51],[17.08,2.55],[17.04,2.56],[16.97,2.6],[16.93,2.6],[16.86,2.56],[16.86,2.46],[16.83,2.43],[16.83,2.41],[16.79,2.41],[16.75,2.43],[16.72,2.46],[16.72,2.5],[16.68,2.51],[16.68,2.56],[16.65,2.61],[16.65,2.85],[16.61,2.86],[16.61,2.9],[16.57,2.91],[16.57,3.0],[16.65,3.05],[16.72,3.08],[16.79,3.1],[16.86,3.1],[16.93,3.11],[17.04,3.08],[17.04,3.01],[17.08,3.0],[17.15,3.0],[17.22,3.05],[17.29,3.08],[17.37,3.15],[17.37,3.18],[17.44,3.26],[17.44,3.33]],[[17.37,2.75],[17.33,2.76],[17.29,2.8],[17.19,2.8],[17.15,2.78],[17.15,2.71],[17.19,2.7],[17.29,2.7],[17.33,2.71],[17.37,2.75]]]}},{"type":"Feature","properties":{"precip":10},"geometry":{"type":"Polygon","coordinates":[[[24.24,3.3],[24.24,3.36],[24.28,3.38],[24.28,3.41],[24.35,3.38],[24.35,3.23],[24.31,3.2],[24.28,3.2],[24.28,3.23],[24.24,3.25],[24.24,3.3]]]}},{"type":"Feature","properties":{"precip":10},"geometry":{"type":"Polygon","coordinates":[[[66.07,3.35],[66.07,3.4],[66.14,3.4],[66.14,3.31],[66.07,3.3],[66.07,3.35]]]}},{"type":"Feature","properties":{"precip":10},"geometry":{"type":"Polygon","coordinates":[[[97.02,3.35],[97.02,3.4],[97.09,3.41],[97.17,3.35],[97.13,3.33],[97.13,3.3],[97.02,3.31],[97.02,3.35]]]}},{"type":"Feature","properties":{"precip":10},"geometry":{"type":"Polygon","coordinates":[[[-10.56,3.23],[-10.53,3.26],[-10.53,3.28],[-10.46,3.3],[-10.35,3.3],[-10.31,3.28],[-10.24,3.23],[-10.24,3.2],[-10.28,3.15],[-10.28,3.11],[-10.31,3.06],[-10.38,3.03],[-10.38,3.01],[-10.49,3.06],[-10.49,3.11],[-10.53,3.13],[-10.53,3.18],[-10.56,3.23]]]}},{"type":"Feature","properties":{"precip":10},"geometry":{"type":"Polygon","coordinates":[[[7.25,3.26],[7.25,3.28],[7.32,3.3],[7.32,3.28],[7.36,3.28],[7.36,3.23],[7.32,3.23],[7.32,3.2],[7.25,3.21],[7.25,3.26]]]}},{"type":"Feature","properties":{"precip":10},"geometry":{"type":"Polygon","coordinates":[[[29.14,3.26],[29.17,3.28],[29.17,3.3],[29.24,3.28],[29.24,3.21],[29.17,3.2],[29.17,3.23],[29.14,3.23],[29.14,3.26]]]}},{"type":"Feature","properties":{"precip":10},"geometry":{"type":"Polygon","coordinates":[[[33.49,3.2],[33.6,3.28],[33.67,3.28],[33.78,3.25],[33.85,3.11],[33.85,2.95],[33.89,2.91],[33.89,2.9],[33.96,2.86],[33.96,2.85],[33.92,2.85],[33.92,2.81],[33.71,2.81],[33.64,2.85],[33.64,2.88],[33.6,2.9],[33.53,2.9],[33.46,2.91],[33.46,2.98],[33.42,2.98],[33.38,3.0],[33.31,3.0],[33.28,3.01],[33.24,3.06],[33.31,3.1],[33.42,3.13],[33.49,3.18],[33.49,3.2]]]}},{"type":"Feature","properties":{"precip":10},"geometry":{"type":"Polygon","coordinates":[[[77.55,3.26],[77.55,3.28],[77.62,3.28],[77.66,3.28],[77.66,3.23],[77.62,3.2],[77.55,3.21],[77.55,3.26]]]}},{"type":"Feature","properties":{"precip":10},"geometry":{"type":"Polygon","coordinates":[[[29.28,3.08],[29.35,3.16],[29.42,3.2],[29.46,3.16],[29.6,2.96],[29.64,2.91],[29.64,2.85],[29.68,2.85],[29.68,2.81],[29.71,2.78],[29.75,2.76],[29.75,2.63],[29.71,2.61],[29.71,2.6],[29.68,2.6],[29.68,2.56],[29.64,2.55],[29.64,2.43],[29.6,2.41],[29.6,2.38],[29.57,2.38],[29.57,2.31],[29.6,2.3],[29.6,2.28],[29.64,2.26],[29.64,2.23],[29.57,2.2],[29.57,2.16],[29.53,2.13],[29.53,2.1],[29.57,2.06],[29.57,2.03],[29.6,2.0],[29.68,2.0],[29.75,1.98],[29.75,1.91],[29.71,1.9],[29.68,1.9],[29.6,1.93],[29.53,1.98],[29.5,2.01],[29.42,2.08],[29.39,2.13],[29.32,2.16],[29.32,2.21],[29.28,2.26],[29.28,2.3],[29.24,2.35],[29.24,2.66],[29.17,2.7],[29.17,2.73],[29.14,2.78],[29.14,2.85],[29.21,2.96],[29.21,3.01],[29.28,3.08]],[[29.53,2.56],[29.53,2.6],[29.5,2.6],[29.46,2.58],[29.46,2.51],[29.5,2.51],[29.5,2.5],[29.53,2.51],[29.53,2.56]]]}},{"type":"Feature","properties":{"precip":10},"geometry":{"type":"Polygon","coordinates":[[[98.1,3.13],[98.1,3.16],[98.17,3.2],[98.25,3.18],[98.25,3.15],[98.32,3.08],[98.32,3.05],[98.32,3.0],[98.32,2.91],[98.39,2.9],[98.43,2.9],[98.43,2.85],[98.46,2.85],[98.46,2.76],[98.39,2.7],[98.28,2.7],[98.25,2.73],[98.25,2.76],[98.17,2.8],[98.17,2.75],[98.1,2.71],[98.1,2.7],[97.89,2.7],[97.85,2.73],[97.85,2.76],[97.81,2.8],[97.74,2.75],[97.74,2.71],[97.67,2.71],[97.67,2.73],[97.6,2.8],[97.56,2.85],[97.56,3.0],[97.6,3.0],[97.63,3.0],[97.63,2.9],[97.67,2.88],[97.67,2.81],[97.74,2.81],[97.74,2.85],[97.81,2.9],[97.96,2.9],[98.03,2.91],[98.03,2.95],[98.07,2.96],[98.07,3.08],[98.1,3.1],[98.1,3.13]],[[98.32,2.85],[98.32,2.88],[98.28,2.9],[98.25,2.88],[98.25,2.83],[98.32,2.8],[98.32,2.81],[98.32,2.85]]]}},{"type":"Feature","properties":{"precip":10},"geometry":{"type":"Polygon","coordinates":[[[98.46,3.15],[98.46,3.2],[98.53,3.2],[98.53,3.11],[98.46,3.11],[98.46,3.15]]]}},{"type":"Feature","properties":{"precip":10},"geometry":{"type":"Polygon","coordinates":[[[67.43,3.0],[67.47,3.03],[67.47,3.1],[67.54,3.08],[67.54,2.91],[67.47,2.91],[67.47,2.96],[67.43,3.0]]]}},{"type":"Feature","properties":{"precip":10},"geometry":{"type":"Polygon","coordinates":[[[97.85,3.05],[97.85,3.1],[97.89,3.11],[97.96,3.08],[97.96,3.01],[97.89,3.0],[97.85,3.01],[97.85,3.05]]]}},{"type":"Feature","properties":{"precip":10},"geometry":{"type":"Polygon","coordinates":[[[8.26,2.95],[8.26,3.0],[8.33,3.0],[8.33,2.9],[8.26,2.91],[8.26,2.95]]]}},{"type":"Feature","properties":{"precip":10},"geometry":{"type":"Polygon","coordinates":[[[32.56,2.95],[32.56,2.98],[32.63,3.0],[32.7,3.0],[32.74,3.0],[32.74,2.91],[32.7,2.9],[32.63,2.9],[32.56,2.91],[32.56,2.95]]]}},{"type":"Feature","properties":{"precip":10},"geometry":{"type":"Polygon","coordinates":[[[77.66,2.9],[77.66,3.0],[77.69,3.0],[77.73,3.0],[77.73,2.96],[77.77,2.9],[77.84,2.85],[77.84,2.7],[77.77,2.7],[77.77,2.55],[77.84,2.46],[77.84,2.45],[77.87,2.45],[77.87,2.43],[77.91,2.41],[77.98,2.41],[77.98,2.4],[77.98,2.38],[78.05,2.36],[78.05,2.26],[78.09,2.21],[78.16,2.15],[78.31,2.0],[78.38,1.96],[78.41,1.91],[78.45,1.9],[78.52,1.9],[78.52,1.88],[78.56,1.85],[78.56,1.78],[78.52,1.75],[78.52,1.7],[78.45,1.68],[78.41,1.63],[78.23,1.6],[78.09,1.6],[77.95,1.66],[77.91,1.7],[77.87,1.71],[77.87,1.73],[77.84,1.75],[77.84,1.76],[77.77,1.8],[77.73,1.8],[77.73,1.81],[77.69,1.81],[77.66,1.83],[77.66,1.96],[77.62,1.98],[77.62,2.0],[77.55,2.0],[77.55,2.01],[77.55,2.13],[77.51,2.16],[77.51,2.2],[77.48,2.21],[77.48,2.25],[77.44,2.26],[77.33,2.31],[77.33,2.38],[77.41,2.4],[77.41,2.41],[77.51,2.51],[77.51,2.55],[77.55,2.56],[77.48,2.6],[77.44,2.63],[77.44,2.7],[77.48,2.75],[77.48,2.78],[77.62,2.81],[77.62,2.85],[77.66,2.85],[77.66,2.9]]]}},{"type":"Feature","properties":{"precip":10},"geometry":{"type":"Polygon","coordinates":[[[89.1,2.91],[89.18,3.0],[89.25,2.98],[89.25,2.76],[89.25,2.75],[89.25,2.7],[89.32,2.7],[89.32,2.68],[89.36,2.66],[89.36,2.53],[89.39,2.51],[89.39,2.5],[89.43,2.5],[89.46,2.45],[89.46,2.36],[89.39,2.23],[89.36,2.16],[89.32,2.13],[89.25,2.06],[89.1,2.0],[88.82,2.0],[88.82,2.01],[88.78,2.01],[88.78,2.03],[88.74,2.03],[88.74,2.08],[88.78,2.08],[88.78,2.1],[88.82,2.1],[88.82,2.13],[88.82,2.16],[88.82,2.51],[88.89,2.55],[88.89,2.6],[88.96,2.65],[88.96,2.66],[89.03,2.71],[89.03,2.76],[89.03,2.78],[89.03,2.86],[89.1,2.9],[89.1,2.91]]]}},{"type":"Feature","properties":{"precip":10},"geometry":{"type":"Polygon","coordinates":[[[97.17,2.95],[97.17,3.0],[97.24,3.0],[97.24,2.9],[97.17,2.9],[97.17,2.95]]]}},{"type":"Feature","properties":{"precip":10},"geometry":{"type":"Polygon","coordinates":[[[66.75,2.85],[66.75,2.88],[66.82,2.9],[66.86,2.88],[66.86,2.83],[66.79,2.8],[66.75,2.81],[66.75,2.85]]]}},{"type":"Feature","properties":{"precip":10},"geometry":{"type":"Polygon","coordinates":[[[76.9,2.85],[76.97,2.9],[77.05,2.9],[77.05,2.81],[77.01,2.8],[76.97,2.81],[76.9,2.85]]]}},{"type":"Feature","properties":{"precip":10},"geometry":{"type":"Polygon","coordinates":[[[-12.54,2.75],[-12.54,2.8],[-12.47,2.8],[-12.47,2.76],[-12.44,2.76],[-12.44,2.73],[-12.47,2.73],[-12.47,2.7],[-12.54,2.7],[-12.54,2.75]]]}},{"type":"Feature","properties":{"precip":10},"geometry":{"type":"Polygon","coordinates":[[[24.57,2.75],[24.57,2.8],[24.64,2.8],[24.64,2.7],[24.57,2.7],[24.57,2.75]]]}},{"type":"Feature","properties":{"precip":10},"geometry":{"type":"Polygon","coordinates":[[[28.06,2.75],[28.06,2.8],[28.13,2.8],[28.13,2.76],[28.17,2.76],[28.17,2.73],[28.13,2.73],[28.13,2.7],[28.06,2.7],[28.06,2.75]]]}},{"type":"Feature","properties":{"precip":10},"geometry":{"type":"Polygon","coordinates":[[[30.04,2.7],[30.04,2.73],[30.07,2.75],[30.07,2.8],[30.14,2.78],[30.14,2.61],[30.11,2.61],[30.11,2.6],[30.07,2.6],[30.07,2.65],[30.04,2.66],[30.04,2.7]]]}},{"type":"Feature","properties":{"precip":10},"geometry":{"type":"Polygon","coordinates":[[[30.25,2.7],[30.25,2.76],[30.29,2.8],[30.36,2.76],[30.36,2.71],[30.4,2.7],[30.5,2.7],[30.54,2.71],[30.54,2.76],[30.58,2.8],[30.72,2.8],[30.76,2.76],[30.76,2.73],[30.72,2.7],[30.61,2.7],[30.58,2.7],[30.58,2.66],[30.54,2.65],[30.54,2.51],[30.5,2.51],[30.5,2.5],[30.47,2.5],[30.47,2.41],[30.43,2.41],[30.43,2.3],[30.4,2.3],[30.4,2.31],[30.36,2.33],[30.36,2.51],[30.32,2.55],[30.32,2.6],[30.29,2.6],[30.29,2.61],[30.25,2.63],[30.25,2.7]]]}},{"type":"Feature","properties":{"precip":10},"geometry":{"type":"Polygon","coordinates":[[[66.43,2.71],[66.43,2.75],[66.5,2.8],[66.57,2.8],[66.64,2.76],[66.71,2.7],[66.75,2.66],[66.75,2.63],[66.68,2.6],[66.43,2.6],[66.35,2.61],[66.35,2.66],[66.43,2.71]]]}},{"type":"Feature","properties":{"precip":10},"geometry":{"type":"Polygon","coordinates":[[[67.65,2.75],[67.65,2.78],[67.72,2.8],[67.76,2.78],[67.76,2.71],[67.72,2.7],[67.69,2.7],[67.65,2.71],[67.65,2.75]]]}},{"type":"Feature","properties":{"precip":10},"geometry":{"type":"Polygon","coordinates":[[[-12.36,2.65],[-12.36,2.68],[-12.33,2.68],[-12.33,2.7],[-12.29,2.7],[-12.26,2.7],[-12.26,2.61],[-12.29,2.6],[-12.33,2.6],[-12.33,2.61],[-12.36,2.63],[-12.36,2.65]]]}},{"type":"Feature","properties":{"precip":10},"geometry":{"type":"Polygon","coordinates":[[[-12.15,2.65],[-12.15,2.7],[-12.11,2.7],[-12.08,2.7],[-12.08,2.68],[-12.04,2.68],[-12.04,2.63],[-12.08,2.61],[-12.08,2.6],[-12.11,2.6],[-12.11,2.61],[-12.15,2.61],[-12.15,2.65]]]}},{"type":"Feature","properties":{"precip":10},"geometry":{"type":"Polygon","coordinates":[[[14.96,2.65],[14.96,2.7],[14.99,2.7],[15.03,2.7],[15.03,2.68],[15.06,2.68],[15.06,2.63],[15.03,2.61],[15.03,2.6],[14.99,2.6],[14.96,2.61],[14.96,2.65]]]}},{"type":"Feature","properties":{"precip":10},"geometry":{"type":"Polygon","coordinates":[[[68.55,2.56],[68.55,2.58],[68.59,2.58],[68.59,2.6],[68.62,2.6],[68.62,2.58],[68.66,2.58],[68.66,2.53],[68.62,2.51],[68.62,2.5],[68.59,2.5],[68.59,2.51],[68.55,2.51],[68.55,2.56]]]}},{"type":"Feature","properties":{"precip":10},"geometry":{"type":"Polygon","coordinates":[[[98.32,2.53],[98.32,2.56],[98.39,2.58],[98.39,2.6],[98.43,2.58],[98.43,2.56],[98.5,2.53],[98.5,2.5],[98.53,2.45],[98.53,2.3],[98.5,2.3],[98.46,2.31],[98.46,2.36],[98.43,2.38],[98.43,2.4],[98.39,2.4],[98.32,2.41],[98.28,2.41],[98.25,2.41],[98.25,2.43],[98.28,2.46],[98.28,2.5],[98.32,2.53]]]}},{"type":"Feature","properties":{"precip":10},"geometry":{"type":"Polygon","coordinates":[[[78.41,2.41],[78.41,2.45],[78.45,2.46],[78.45,2.5],[78.67,2.5],[78.67,2.48],[78.74,2.48],[78.74,2.41],[78.67,2.41],[78.63,2.41],[78.63,2.4],[78.59,2.4],[78.56,2.38],[78.56,2.31],[78.52,2.31],[78.52,2.3],[78.45,2.3],[78.45,2.31],[78.41,2.33],[78.41,2.41]]]}},{"type":"Feature","properties":{"precip":10},"geometry":{"type":"Polygon","coordinates":[[[10.71,2.33],[10.74,2.36],[10.82,2.4],[10.82,2.38],[10.85,2.35],[10.85,2.15],[10.82,2.13],[10.82,2.11],[10.78,2.11],[10.74,2.1],[10.67,2.13],[10.64,2.16],[10.64,2.21],[10.67,2.25],[10.67,2.28],[10.71,2.33]]]}},{"type":"Feature","properties":{"precip":10},"geometry":{"type":"Polygon","coordinates":[[[15.14,2.15],[15.17,2.16],[15.21,2.2],[15.35,2.2],[15.39,2.18],[15.42,2.15],[15.5,2.13],[15.5,2.1],[15.53,2.06],[15.53,2.0],[15.39,2.0],[15.39,2.01],[15.35,2.01],[15.35,2.06],[15.32,2.08],[15.32,2.1],[15.24,2.1],[15.24,2.11],[15.17,2.11],[15.17,2.13],[15.14,2.13],[15.14,2.15]]]}},{"type":"Feature","properties":{"precip":10},"geometry":{"type":"Polygon","coordinates":[[[98.5,2.01],[98.53,2.03],[98.53,2.06],[98.53,2.08],[98.53,2.1],[98.61,2.1],[98.64,2.08],[98.68,2.05],[98.68,2.01],[98.71,1.98],[98.75,1.95],[98.75,1.85],[98.75,1.83],[98.75,1.81],[98.82,1.81],[98.86,1.8],[98.89,1.8],[98.93,1.78],[98.93,1.71],[98.97,1.7],[98.97,1.6],[98.93,1.58],[98.93,1.51],[98.89,1.5],[98.89,1.51],[98.86,1.51],[98.86,1.56],[98.82,1.56],[98.82,1.58],[98.75,1.6],[98.71,1.6],[98.64,1.63],[98.64,1.68],[98.68,1.68],[98.68,1.7],[98.71,1.7],[98.75,1.71],[98.75,1.76],[98.68,1.8],[98.61,1.8],[98.53,1.81],[98.46,1.85],[98.46,1.98],[98.5,2.01]]]}},{"type":"Feature","properties":{"precip":10},"geometry":{"type":"Polygon","coordinates":[[[28.24,1.95],[28.24,1.98],[28.27,1.98],[28.27,2.0],[28.31,2.0],[28.35,2.0],[28.35,1.91],[28.31,1.9],[28.27,1.9],[28.27,1.93],[28.24,1.93],[28.24,1.95]]]}},{"type":"Feature","properties":{"precip":10},"geometry":{"type":"Polygon","coordinates":[[[34.64,1.8],[34.64,1.91],[34.68,1.96],[34.68,2.0],[34.72,2.0],[34.75,1.98],[34.75,1.95],[34.79,1.93],[34.79,1.9],[34.82,1.91],[34.82,1.93],[34.86,1.95],[34.86,1.98],[34.9,2.0],[34.93,1.98],[34.93,1.96],[34.97,1.95],[35.0,1.91],[35.0,1.88],[35.04,1.86],[35.04,1.71],[34.93,1.63],[34.86,1.6],[34.82,1.6],[34.72,1.6],[34.68,1.6],[34.68,1.63],[34.64,1.66],[34.64,1.8]]]}},{"type":"Feature","properties":{"precip":10},"geometry":{"type":"Polygon","coordinates":[[[74.63,1.95],[74.67,1.96],[74.67,1.98],[74.74,2.0],[74.85,2.0],[74.89,2.0],[74.92,2.0],[74.92,1.98],[74.96,1.96],[74.96,1.95],[74.92,1.93],[74.92,1.91],[74.89,1.91],[74.85,1.9],[74.74,1.9],[74.67,1.93],[74.67,1.95],[74.63,1.95]]]}},{"type":"Feature","properties":{"precip":10},"geometry":{"type":"Polygon","coordinates":[[[20.82,1.83],[20.89,1.88],[20.93,1.9],[20.97,1.9],[21.04,1.86],[21.04,1.73],[21.0,1.71],[21.0,1.7],[20.79,1.7],[20.75,1.71],[20.75,1.76],[20.82,1.83]]]}},{"type":"Feature","properties":{"precip":10},"geometry":{"type":"Polygon","coordinates":[[[27.7,1.83],[27.77,1.88],[27.81,1.9],[27.84,1.88],[27.84,1.76],[27.88,1.75],[27.88,1.7],[27.91,1.7],[27.95,1.68],[27.95,1.58],[27.91,1.55],[27.91,1.51],[27.88,1.46],[27.84,1.43],[27.77,1.41],[27.73,1.41],[27.7,1.41],[27.59,1.51],[27.59,1.53],[27.55,1.55],[27.55,1.56],[27.63,1.6],[27.63,1.63],[27.66,1.65],[27.66,1.78],[27.7,1.8],[27.7,1.83]]]}},{"type":"Feature","properties":{"precip":10},"geometry":{"type":"Polygon","coordinates":[[[28.06,1.85],[28.06,1.88],[28.09,1.9],[28.13,1.9],[28.13,1.86],[28.17,1.85],[28.13,1.83],[28.13,1.81],[28.09,1.8],[28.09,1.81],[28.06,1.81],[28.06,1.85]]]}},{"type":"Feature","properties":{"precip":10},"geometry":{"type":"Polygon","coordinates":[[[16.65,1.75],[16.65,1.78],[16.68,1.78],[16.68,1.8],[16.72,1.8],[16.72,1.78],[16.75,1.78],[16.75,1.71],[16.72,1.71],[16.72,1.7],[16.68,1.7],[16.68,1.71],[16.65,1.71],[16.65,1.75]]]}},{"type":"Feature","properties":{"precip":10},"geometry":{"type":"Polygon","coordinates":[[[10.13,1.65],[10.17,1.66],[10.17,1.68],[10.2,1.7],[10.24,1.7],[10.28,1.7],[10.35,1.7],[10.42,1.68],[10.42,1.66],[10.46,1.65],[10.46,1.55],[10.42,1.53],[10.42,1.51],[10.38,1.51],[10.35,1.5],[10.13,1.5],[10.1,1.51],[10.02,1.51],[9.99,1.53],[9.95,1.53],[9.95,1.56],[10.02,1.6],[10.1,1.6],[10.13,1.6],[10.13,1.65]]]}},{"type":"Feature","properties":{"precip":10},"geometry":{"type":"Polygon","coordinates":[[[71.86,1.6],[71.86,1.7],[71.9,1.7],[71.93,1.7],[71.93,1.51],[71.9,1.5],[71.9,1.51],[71.86,1.51],[71.86,1.6]]]}},{"type":"Feature","properties":{"precip":10},"geometry":{"type":"Polygon","coordinates":[[[10.96,1.5],[10.96,1.58],[11.0,1.58],[11.0,1.6],[11.03,1.58],[11.03,1.53],[11.07,1.5],[11.03,1.48],[11.03,1.41],[11.0,1.41],[10.96,1.41],[10.96,1.5]]]}},{"type":"Feature","properties":{"precip":10},"geometry":{"type":"Polygon","coordinates":[[[15.78,1.5],[15.82,1.55],[15.85,1.56],[15.89,1.58],[15.89,1.6],[15.93,1.58],[15.96,1.56],[15.96,1.45],[16.0,1.41],[16.0,1.4],[16.11,1.3],[16.14,1.25],[16.25,1.11],[16.25,1.03],[16.21,1.0],[16.18,1.0],[16.18,0.91],[16.21,0.88],[16.25,0.86],[16.32,0.78],[16.32,0.73],[16.36,0.7],[16.36,0.66],[16.32,0.63],[16.32,0.6],[16.29,0.56],[16.25,0.56],[16.25,0.55],[16.29,0.53],[16.32,0.5],[16.36,0.48],[16.36,0.43],[16.29,0.41],[16.25,0.41],[16.21,0.4],[16.11,0.4],[16.07,0.38],[16.07,0.35],[16.03,0.33],[16.03,0.28],[16.07,0.26],[16.07,0.23],[16.14,0.2],[16.18,0.2],[16.25,0.23],[16.29,0.26],[16.29,0.28],[16.32,0.28],[16.32,0.25],[16.36,0.25],[16.36,0.23],[16.43,0.2],[16.54,0.2],[16.65,0.15],[16.65,0.13],[16.68,0.13],[16.72,0.1],[16.72,0.05],[16.75,-0.0],[16.75,-0.05],[16.72,-0.08],[16.68,-0.1],[16.61,-0.1],[16.61,-0.12],[16.57,-0.12],[16.57,-0.15],[16.54,-0.17],[16.54,-0.37],[16.5,-0.38],[16.5,-0.4],[16.47,-0.4],[16.47,-0.48],[16.5,-0.48],[16.5,-0.5],[16.61,-0.5],[16.61,-0.53],[16.65,-0.53],[16.65,-0.65],[16.68,-0.67],[16.68,-0.7],[16.72,-0.7],[16.72,-0.72],[16.75,-0.73],[16.75,-0.85],[16.72,-0.87],[16.72,-0.88],[16.68,-0.88],[16.68,-0.9],[16.61,-0.9],[16.57,-0.92],[16.57,-0.93],[16.54,-0.95],[16.54,-1.08],[16.5,-1.1],[16.5,-1.13],[16.47,-1.13],[16.47,-1.18],[16.54,-1.22],[16.54,-1.28],[16.47,-1.32],[16.47,-1.38],[16.5,-1.38],[16.5,-1.4],[16.54,-1.43],[16.54,-1.67],[16.5,-1.68],[16.5,-1.7],[16.21,-1.7],[16.18,-1.68],[16.18,-1.67],[16.14,-1.65],[16.14,-1.52],[16.11,-1.5],[16.07,-1.5],[16.07,-1.47],[16.03,-1.45],[16.03,-1.43],[16.07,-1.43],[16.07,-1.42],[16.11,-1.42],[16.11,-1.4],[16.21,-1.4],[16.21,-1.38],[16.25,-1.35],[16.25,-0.9],[16.21,-0.87],[16.21,-0.8],[16.18,-0.77],[16.14,-0.75],[16.07,-0.67],[16.07,-0.6],[16.03,-0.55],[16.03,-0.5],[16.07,-0.43],[16.07,-0.42],[16.11,-0.38],[16.14,-0.38],[16.14,-0.32],[16.11,-0.3],[16.11,-0.28],[16.07,-0.28],[16.07,-0.22],[16.14,-0.15],[16.14,-0.05],[16.11,-0.02],[16.03,-0.0],[16.0,-0.0],[15.96,-0.0],[15.96,-0.05],[15.93,-0.07],[15.93,-0.08],[15.89,-0.08],[15.85,-0.1],[15.71,-0.1],[15.68,-0.12],[15.68,-0.15],[15.64,-0.18],[15.64,-0.38],[15.68,-0.42],[15.68,-0.5],[15.71,-0.5],[15.71,-0.52],[15.75,-0.53],[15.75,-0.67],[15.78,-0.68],[15.78,-0.7],[15.85,-0.72],[15.85,-0.8],[15.78,-0.88],[15.75,-0.95],[15.71,-1.0],[15.64,-1.05],[15.57,-1.17],[15.57,-1.28],[15.64,-1.3],[15.68,-1.28],[15.71,-1.28],[15.75,-1.28],[15.75,-1.23],[15.78,-1.22],[15.78,-1.2],[15.89,-1.2],[15.96,-1.23],[15.96,-1.25],[15.93,-1.27],[15.93,-1.28],[15.89,-1.3],[15.89,-1.32],[15.85,-1.33],[15.85,-1.35],[15.75,-1.43],[15.75,-1.47],[15.78,-1.48],[15.78,-1.5],[15.85,-1.5],[15.93,-1.52],[16.0,-1.58],[16.0,-1.62],[16.03,-1.67],[16.03,-1.75],[16.07,-1.8],[16.07,-1.85],[16.11,-1.88],[16.11,-1.92],[16.18,-1.98],[16.21,-2.0],[16.25,-2.0],[16.36,-2.03],[16.36,-2.07],[16.39,-2.08],[16.39,-2.1],[16.43,-2.13],[16.43,-2.15],[16.47,-2.15],[16.47,-2.17],[16.54,-2.2],[16.57,-2.2],[16.65,-2.23],[16.65,-2.25],[16.68,-2.27],[16.68,-2.3],[16.72,-2.28],[16.72,-2.27],[16.75,-2.25],[16.75,-2.23],[16.83,-2.2],[16.86,-2.2],[16.93,-2.17],[16.93,-2.08],[16.97,-2.07],[16.97,-2.0],[17.04,-2.0],[17.04,-2.07],[17.08,-2.08],[17.08,-2.1],[17.19,-2.1],[17.22,-2.12],[17.22,-2.13],[17.26,-2.13],[17.26,-2.17],[17.29,-2.18],[17.33,-2.18],[17.33,-2.2],[17.47,-2.2],[17.51,-2.18],[17.51,-2.17],[17.55,-2.17],[17.55,-2.03],[17.51,-2.02],[17.51,-2.0],[17.47,-2.0],[17.44,-2.0],[17.37,-1.97],[17.37,-1.95],[17.33,-1.93],[17.29,-1.9],[17.29,-1.88],[17.26,-1.87],[17.26,-1.85],[17.22,-1.83],[17.22,-1.82],[17.19,-1.82],[17.19,-1.83],[17.15,-1.85],[17.15,-1.87],[16.93,-1.9],[16.86,-1.9],[16.83,-1.88],[16.75,-1.87],[16.75,-1.83],[16.83,-1.8],[16.9,-1.8],[16.9,-1.78],[16.93,-1.78],[16.93,-1.73],[16.97,-1.72],[17.01,-1.72],[17.01,-1.7],[17.08,-1.7],[17.11,-1.68],[17.11,-1.67],[17.15,-1.65],[17.15,-1.63],[17.19,-1.62],[17.19,-1.6],[17.22,-1.58],[17.22,-1.57],[17.29,-1.53],[17.29,-1.52],[17.33,-1.5],[17.37,-1.5],[17.44,-1.47],[17.44,-1.37],[17.47,-1.32],[17.47,-1.27],[17.51,-1.2],[17.55,-1.15],[17.55,-1.13],[17.58,-1.13],[17.62,-1.13],[17.65,-1.15],[17.65,-1.17],[17.69,-1.18],[17.73,-1.18],[17.73,-1.2],[17.8,-1.2],[17.8,-1.22],[17.83,-1.23],[17.83,-1.32],[17.87,-1.35],[17.87,-1.38],[17.91,-1.38],[17.94,-1.4],[18.01,-1.4],[18.05,-1.42],[18.12,-1.42],[18.12,-1.43],[18.16,-1.43],[18.16,-1.47],[18.19,-1.48],[18.23,-1.48],[18.23,-1.47],[18.27,-1.45],[18.27,-1.42],[18.3,-1.42],[18.34,-1.43],[18.34,-1.45],[18.37,-1.47],[18.41,-1.47],[18.45,-1.48],[18.52,-1.48],[18.59,-1.5],[19.06,-1.5],[19.13,-1.52],[19.17,-1.52],[19.24,-1.55],[19.24,-1.58],[19.2,-1.58],[19.13,-1.58],[19.09,-1.6],[18.91,-1.6],[18.88,-1.62],[18.88,-1.63],[18.84,-1.67],[18.84,-1.87],[18.81,-1.87],[18.81,-1.88],[18.77,-1.88],[18.7,-1.9],[18.52,-1.9],[18.45,-1.93],[18.45,-2.15],[18.41,-2.15],[18.41,-2.18],[18.34,-2.18],[18.27,-2.2],[17.73,-2.2],[17.69,-2.22],[17.62,-2.22],[17.58,-2.23],[17.55,-2.23],[17.55,-2.28],[17.51,-2.28],[17.47,-2.28],[17.44,-2.28],[17.4,-2.3],[17.22,-2.3],[17.19,-2.32],[17.19,-2.33],[17.15,-2.35],[17.15,-2.47],[17.19,-2.48],[17.19,-2.5],[17.22,-2.5],[17.22,-2.48],[17.26,-2.47],[17.26,-2.42],[17.29,-2.42],[17.29,-2.4],[17.33,-2.42],[17.33,-2.47],[17.22,-2.57],[17.11,-2.58],[16.97,-2.62],[16.97,-2.65],[16.93,-2.68],[16.97,-2.72],[16.97,-2.77],[17.01,-2.82],[17.11,-2.9],[17.11,-2.97],[17.15,-3.0],[17.15,-3.33],[17.08,-3.4],[16.9,-3.4],[16.86,-3.38],[16.86,-3.33],[16.83,-3.33],[16.83,-3.3],[16.75,-3.3],[16.68,-3.27],[16.61,-3.2],[16.57,-3.18],[16.5,-3.13],[16.5,-3.1],[16.43,-3.03],[16.36,-3.0],[16.29,-3.0],[16.25,-3.0],[16.11,-2.9],[16.03,-2.85],[15.96,-2.77],[15.89,-2.72],[15.85,-2.65],[15.85,-2.57],[15.82,-2.53],[15.82,-2.5],[15.75,-2.43],[15.64,-2.4],[15.57,-2.4],[15.57,-2.3],[15.64,-2.25],[15.71,-2.2],[15.75,-2.15],[15.75,-2.08],[15.71,-2.02],[15.64,-1.93],[15.57,-1.9],[15.46,-1.9],[15.42,-1.88],[15.39,-1.88],[15.39,-1.87],[15.35,-1.87],[15.35,-1.82],[15.32,-1.82],[15.32,-1.8],[15.28,-1.8],[15.28,-1.87],[15.24,-1.9],[15.24,-2.27],[15.21,-2.28],[15.17,-2.28],[15.14,-2.3],[15.1,-2.3],[15.1,-2.32],[15.06,-2.32],[15.06,-2.43],[15.03,-2.45],[15.03,-2.5],[14.99,-2.5],[14.99,-2.52],[14.96,-2.53],[14.96,-2.73],[14.92,-2.75],[14.92,-2.8],[14.85,-2.82],[14.85,-2.87],[14.88,-2.9],[14.96,-2.9],[14.96,-2.92],[15.06,-2.97],[15.14,-3.02],[15.14,-3.05],[15.24,-3.15],[15.32,-3.17],[15.32,-3.18],[15.39,-3.2],[15.46,-3.23],[15.46,-3.28],[15.57,-3.3],[15.68,-3.3],[15.75,-3.33],[15.75,-3.37],[15.78,-3.4],[15.85,-3.4],[15.93,-3.42],[15.96,-3.43],[15.96,-3.48],[16.0,-3.5],[16.11,-3.5],[16.14,-3.53],[16.14,-3.57],[16.21,-3.58],[16.29,-3.6],[16.43,-3.6],[16.54,-3.65],[16.61,-3.72],[16.65,-3.75],[16.72,-3.81],[16.75,-3.83],[16.75,-3.86],[16.86,-3.9],[16.93,-3.91],[16.93,-3.96],[17.01,-4.0],[17.04,-3.98],[17.04,-3.86],[17.08,-3.83],[17.15,-3.8],[17.26,-3.8],[17.33,-3.83],[17.37,-3.86],[17.44,-3.9],[17.58,-3.9],[17.65,-3.95],[17.65,-4.21],[17.69,-4.25],[17.69,-4.3],[17.76,-4.35],[17.83,-4.43],[17.83,-4.48],[17.76,-4.5],[17.55,-4.5],[17.44,-4.45],[17.44,-4.43],[17.4,-4.41],[17.33,-4.41],[17.29,-4.4],[17.22,-4.4],[17.19,-4.41],[17.11,-4.41],[17.04,-4.43],[17.04,-4.48],[17.01,-4.5],[16.93,-4.5],[16.86,-4.53],[16.86,-4.63],[16.83,-4.66],[16.83,-4.7],[16.75,-4.71],[16.75,-4.86],[16.72,-4.86],[16.72,-4.9],[16.68,-4.9],[16.68,-4.93],[16.65,-4.95],[16.65,-5.08],[16.57,-5.1],[16.57,-5.06],[16.5,-5.0],[16.43,-4.93],[16.29,-4.9],[16.18,-4.9],[16.14,-4.95],[16.14,-4.98],[16.21,-5.0],[16.25,-5.03],[16.25,-5.16],[16.32,-5.2],[16.32,-5.23],[16.36,-5.25],[16.36,-5.36],[16.39,-5.4],[16.5,-5.4],[16.61,-5.41],[16.65,-5.43],[16.65,-5.45],[16.61,-5.48],[16.61,-5.51],[16.5,-5.58],[16.5,-5.63],[16.47,-5.7],[16.47,-5.75],[16.43,-5.81],[16.47,-5.86],[16.47,-5.88],[16.54,-5.91],[16.54,-6.0],[16.47,-6.0],[16.39,-6.0],[16.36,-6.01],[16.36,-6.1],[16.43,-6.11],[16.43,-6.15],[16.47,-6.18],[16.47,-6.28],[16.54,-6.31],[16.54,-6.35],[16.5,-6.36],[16.5,-6.4],[16.43,-6.45],[16.43,-6.48],[16.36,-6.53],[16.36,-6.56],[16.29,-6.63],[16.29,-6.68],[16.25,-6.71],[16.25,-6.85],[16.18,-6.9],[15.82,-6.9],[15.75,-6.88],[15.68,-6.86],[15.6,-6.8],[15.57,-6.75],[15.46,-6.66],[15.39,-6.63],[15.35,-6.6],[15.28,-6.58],[15.24,-6.56],[15.24,-6.43],[15.1,-6.31],[15.03,-6.3],[14.96,-6.28],[14.96,-6.18],[14.88,-6.11],[14.88,-6.08],[14.85,-6.06],[14.85,-6.03],[14.78,-6.0],[14.78,-5.91],[14.85,-5.88],[14.85,-5.85],[14.81,-5.81],[14.74,-5.81],[14.7,-5.8],[14.6,-5.8],[14.56,-5.78],[14.56,-5.73],[14.63,-5.66],[14.67,-5.65],[14.67,-5.61],[14.7,-5.6],[14.74,-5.61],[14.74,-5.66],[14.81,-5.68],[14.88,-5.71],[14.96,-5.71],[15.03,-5.7],[15.03,-5.63],[15.06,-5.58],[15.06,-5.16],[15.1,-5.15],[15.1,-5.1],[15.17,-5.03],[15.17,-5.0],[15.24,-4.96],[15.24,-4.91],[15.17,-4.9],[15.17,-4.85],[15.14,-4.81],[15.14,-4.71],[15.06,-4.71],[15.06,-4.73],[15.03,-4.78],[14.92,-4.73],[14.85,-4.63],[14.78,-4.56],[14.78,-4.53],[14.74,-4.48],[14.74,-4.43],[14.7,-4.41],[14.6,-4.41],[14.52,-4.4],[14.24,-4.4],[14.16,-4.33],[14.16,-3.93],[14.2,-3.9],[14.2,-3.86],[14.24,-3.86],[14.24,-3.83],[14.2,-3.83],[14.2,-3.8],[14.16,-3.75],[14.16,-3.55],[14.2,-3.52],[14.2,-3.48],[14.24,-3.47],[14.24,-3.42],[14.2,-3.38],[14.13,-3.35],[14.09,-3.32],[14.02,-3.3],[13.95,-3.3],[13.88,-3.28],[13.73,-3.23],[13.66,-3.17],[13.59,-3.05],[13.55,-2.98],[13.55,-2.83],[13.52,-2.77],[13.52,-2.72],[13.44,-2.63],[13.3,-2.6],[13.19,-2.6],[13.16,-2.58],[13.12,-2.58],[13.05,-2.57],[13.05,-2.48],[13.01,-2.45],[13.01,-2.43],[12.98,-2.4],[12.98,-2.37],[12.94,-2.33],[12.9,-2.32],[12.87,-2.28],[12.87,-2.27],[12.83,-2.23],[12.8,-2.23],[12.8,-2.22],[12.76,-2.23],[12.76,-2.25],[12.72,-2.27],[12.72,-2.28],[12.69,-2.28],[12.65,-2.28],[12.65,-2.23],[12.69,-2.22],[12.69,-2.2],[12.72,-2.18],[12.72,-2.12],[12.65,-2.05],[12.65,-2.03],[12.62,-2.02],[12.62,-2.0],[12.58,-1.97],[12.58,-1.95],[12.54,-1.92],[12.54,-1.83],[12.51,-1.82],[12.51,-1.8],[12.44,-1.8],[12.36,-1.78],[12.36,-1.75],[12.33,-1.73],[12.33,-1.72],[12.29,-1.7],[12.29,-1.68],[12.26,-1.67],[12.26,-1.65],[12.29,-1.63],[12.29,-1.58],[12.33,-1.57],[12.36,-1.55],[12.36,-1.53],[12.4,-1.52],[12.44,-1.52],[12.44,-1.53],[12.47,-1.57],[12.47,-1.58],[12.54,-1.6],[12.58,-1.58],[12.62,-1.58],[12.65,-1.58],[12.65,-1.52],[12.69,-1.52],[12.72,-1.5],[12.76,-1.5],[12.83,-1.47],[12.83,-1.43],[12.87,-1.42],[12.87,-1.37],[12.83,-1.33],[12.83,-1.3],[12.8,-1.28],[12.76,-1.27],[12.76,-1.2],[12.83,-1.17],[12.87,-1.15],[13.08,-1.1],[13.16,-1.1],[13.19,-1.13],[13.23,-1.13],[13.23,-1.18],[13.16,-1.25],[13.12,-1.27],[13.12,-1.28],[13.08,-1.3],[13.08,-1.35],[13.05,-1.37],[13.05,-1.47],[13.08,-1.47],[13.08,-1.48],[13.12,-1.5],[13.19,-1.5],[13.19,-1.48],[13.23,-1.48],[13.23,-1.47],[13.26,-1.45],[13.26,-1.42],[13.3,-1.42],[13.3,-1.4],[13.37,-1.4],[13.44,-1.33],[13.44,-1.23],[13.41,-1.2],[13.37,-1.18],[13.37,-1.13],[13.41,-1.1],[13.41,-1.08],[13.44,-1.07],[13.44,-1.02],[13.41,-1.02],[13.37,-1.0],[13.37,-0.92],[13.41,-0.92],[13.44,-0.93],[13.44,-0.95],[13.48,-0.97],[13.48,-1.0],[13.52,-1.02],[13.55,-1.03],[13.55,-1.05],[13.62,-1.08],[13.62,-1.1],[13.7,-1.1],[13.73,-1.13],[13.73,-1.2],[13.66,-1.23],[13.66,-1.28],[13.73,-1.32],[13.77,-1.35],[13.84,-1.38],[13.91,-1.4],[14.06,-1.4],[14.06,-1.42],[14.09,-1.42],[14.16,-1.43],[14.16,-1.47],[14.13,-1.47],[14.13,-1.5],[14.09,-1.5],[14.06,-1.52],[14.06,-1.68],[14.09,-1.7],[14.13,-1.7],[14.13,-1.73],[14.16,-1.73],[14.16,-1.85],[14.2,-1.87],[14.2,-1.9],[14.24,-1.92],[14.24,-1.95],[14.27,-1.98],[14.31,-2.02],[14.34,-2.03],[14.38,-2.07],[14.42,-2.07],[14.49,-2.03],[14.49,-2.0],[14.52,-1.97],[14.52,-1.92],[14.56,-1.88],[14.56,-1.85],[14.52,-1.83],[14.52,-1.8],[14.49,-1.8],[14.49,-1.78],[14.45,-1.78],[14.45,-1.63],[14.42,-1.62],[14.42,-1.6],[14.38,-1.58],[14.38,-1.55],[14.34,-1.52],[14.34,-1.23],[14.27,-1.2],[14.13,-1.2],[14.13,-1.18],[14.06,-1.18],[14.06,-1.15],[14.13,-1.05],[14.2,-1.02],[14.24,-0.97],[14.31,-0.93],[14.34,-0.9],[14.38,-0.9],[14.45,-0.87],[14.45,-0.82],[14.42,-0.82],[14.42,-0.8],[14.38,-0.8],[14.38,-0.77],[14.34,-0.75],[14.34,-0.65],[14.38,-0.63],[14.38,-0.62],[14.42,-0.6],[14.49,-0.6],[14.52,-0.62],[14.52,-0.65],[14.56,-0.68],[14.56,-0.87],[14.6,-0.88],[14.6,-0.9],[14.63,-0.9],[14.63,-0.97],[14.67,-1.0],[14.67,-1.07],[14.7,-1.1],[14.7,-1.13],[14.74,-1.13],[14.74,-1.15],[14.78,-1.17],[14.78,-1.18],[14.81,-1.2],[14.81,-1.23],[14.85,-1.27],[14.85,-1.4],[14.88,-1.43],[14.88,-1.48],[14.99,-1.58],[15.06,-1.6],[15.1,-1.58],[15.14,-1.57],[15.14,-1.02],[15.1,-1.02],[15.1,-1.0],[15.06,-1.0],[15.06,-0.75],[15.14,-0.67],[15.14,-0.65],[15.17,-0.65],[15.17,-0.63],[15.21,-0.62],[15.21,-0.6],[15.28,-0.6],[15.28,-0.58],[15.32,-0.58],[15.35,-0.55],[15.35,-0.15],[15.39,-0.13],[15.39,-0.12],[15.42,-0.1],[15.5,-0.1],[15.5,-0.08],[15.53,-0.08],[15.53,-0.05],[15.57,-0.05],[15.53,-0.03],[15.53,-0.0],[15.5,-0.0],[15.46,-0.0],[15.46,0.15],[15.5,0.2],[15.6,0.28],[15.64,0.28],[15.68,0.28],[15.71,0.28],[15.75,0.25],[15.75,0.13],[15.78,0.13],[15.78,0.1],[15.82,0.11],[15.85,0.13],[15.85,0.28],[15.82,0.35],[15.82,0.4],[15.78,0.41],[15.78,0.48],[15.89,0.56],[15.89,0.6],[15.96,0.66],[16.0,0.66],[16.0,0.68],[16.03,0.68],[16.03,0.63],[16.07,0.61],[16.07,0.6],[16.11,0.6],[16.11,0.61],[16.14,0.63],[16.14,0.76],[16.11,0.78],[16.11,0.8],[16.03,0.8],[15.96,0.81],[15.89,0.85],[15.85,0.86],[15.78,0.91],[15.75,0.98],[15.68,1.01],[15.68,1.08],[15.64,1.13],[15.64,1.18],[15.57,1.21],[15.57,1.38],[15.64,1.41],[15.68,1.41],[15.75,1.43],[15.75,1.46],[15.78,1.48],[15.78,1.5]],[[18.66,-1.75],[18.66,-1.72],[18.63,-1.72],[18.63,-1.7],[18.59,-1.7],[18.59,-1.72],[18.55,-1.72],[18.55,-1.78],[18.59,-1.8],[18.63,-1.8],[18.63,-1.78],[18.66,-1.78],[18.66,-1.75]],[[12.76,-1.95],[12.76,-1.93],[12.72,-1.92],[12.72,-1.9],[12.69,-1.9],[12.65,-1.92],[12.65,-1.98],[12.69,-2.0],[12.72,-2.0],[12.72,-1.98],[12.76,-1.97],[12.76,-1.95]],[[14.24,-2.85],[14.24,-2.82],[14.2,-2.8],[14.13,-2.8],[14.06,-2.83],[14.06,-2.87],[14.13,-2.9],[14.2,-2.9],[14.24,-2.88],[14.24,-2.85]]]}},{"type":"Feature","properties":{"precip":10},"geometry":{"type":"Polygon","coordinates":[[[16.65,1.5],[16.65,1.55],[16.68,1.56],[16.68,1.58],[16.72,1.58],[16.72,1.6],[16.86,1.6],[16.93,1.56],[16.93,1.5],[16.9,1.48],[16.86,1.48],[16.86,1.41],[16.9,1.41],[16.9,1.4],[16.93,1.38],[16.93,1.3],[16.9,1.3],[16.9,1.31],[16.86,1.31],[16.86,1.36],[16.83,1.4],[16.72,1.4],[16.57,1.28],[16.57,1.26],[16.54,1.25],[16.54,1.21],[16.5,1.21],[16.5,1.2],[16.47,1.2],[16.47,1.38],[16.5,1.4],[16.54,1.4],[16.54,1.41],[16.61,1.41],[16.65,1.43],[16.65,1.5]]]}},{"type":"Feature","properties":{"precip":10},"geometry":{"type":"Polygon","coordinates":[[[97.85,1.56],[97.85,1.58],[97.89,1.58],[97.89,1.6],[97.89,1.56],[97.96,1.56],[97.96,1.43],[97.89,1.41],[97.89,1.4],[97.85,1.4],[97.85,1.33],[97.89,1.31],[97.89,1.3],[97.96,1.3],[97.99,1.28],[98.03,1.28],[98.03,1.25],[98.07,1.23],[98.07,1.13],[98.1,1.11],[98.1,1.1],[98.21,1.1],[98.21,1.08],[98.25,1.08],[98.25,1.01],[98.21,1.0],[98.1,1.0],[98.07,1.03],[97.99,1.1],[97.99,1.13],[97.96,1.13],[97.96,1.15],[97.89,1.18],[97.89,1.2],[97.81,1.2],[97.78,1.21],[97.78,1.23],[97.74,1.23],[97.74,1.28],[97.67,1.3],[97.67,1.28],[97.67,1.21],[97.63,1.2],[97.63,1.11],[97.6,1.11],[97.56,1.13],[97.56,1.28],[97.6,1.28],[97.6,1.3],[97.63,1.3],[97.63,1.41],[97.67,1.41],[97.67,1.48],[97.67,1.5],[97.78,1.5],[97.78,1.51],[97.81,1.51],[97.85,1.53],[97.85,1.56]]]}},{"type":"Feature","properties":{"precip":10},"geometry":{"type":"Polygon","coordinates":[[[28.13,1.41],[28.13,1.45],[28.17,1.48],[28.2,1.5],[28.24,1.5],[28.24,1.36],[28.2,1.31],[28.2,1.28],[28.17,1.25],[28.09,1.21],[28.09,1.2],[28.06,1.21],[28.06,1.36],[28.13,1.41]]]}},{"type":"Feature","properties":{"precip":10},"geometry":{"type":"Polygon","coordinates":[[[31.15,1.41],[31.15,1.46],[31.19,1.48],[31.19,1.5],[31.22,1.5],[31.22,1.41],[31.26,1.38],[31.26,1.23],[31.22,1.18],[31.22,1.11],[31.19,1.1],[31.19,1.08],[31.15,1.06],[31.15,0.95],[31.12,0.93],[31.04,0.9],[30.97,0.9],[30.9,0.91],[30.79,1.0],[30.79,1.11],[30.94,1.23],[30.94,1.25],[31.04,1.28],[31.04,1.3],[31.12,1.3],[31.12,1.33],[31.15,1.35],[31.15,1.41]]]}},{"type":"Feature","properties":{"precip":10},"geometry":{"type":"Polygon","coordinates":[[[97.17,1.41],[97.17,1.46],[97.24,1.5],[97.35,1.46],[97.38,1.41],[97.42,1.4],[97.42,1.33],[97.45,1.26],[97.45,1.01],[97.42,1.0],[97.38,1.0],[97.38,1.01],[97.31,1.08],[97.24,1.13],[97.24,1.18],[97.24,1.23],[97.24,1.28],[97.2,1.3],[97.17,1.3],[97.17,1.41]]]}},{"type":"Feature","properties":{"precip":10},"geometry":{"type":"Polygon","coordinates":[[[98.32,1.41],[98.32,1.46],[98.39,1.48],[98.39,1.5],[98.61,1.5],[98.64,1.48],[98.64,1.43],[98.53,1.38],[98.53,1.33],[98.46,1.3],[98.43,1.3],[98.39,1.31],[98.39,1.33],[98.32,1.36],[98.32,1.41]]]}},{"type":"Feature","properties":{"precip":10},"geometry":{"type":"Polygon","coordinates":[[[28.74,1.35],[28.74,1.36],[28.78,1.38],[28.78,1.4],[28.81,1.4],[28.85,1.41],[28.88,1.4],[28.92,1.4],[28.92,1.38],[28.96,1.36],[28.96,1.31],[28.99,1.31],[28.99,1.3],[29.1,1.3],[29.1,1.28],[29.14,1.28],[29.14,1.25],[29.17,1.23],[29.17,1.21],[29.21,1.2],[29.28,1.2],[29.32,1.18],[29.42,1.1],[29.42,1.05],[29.46,1.01],[29.46,0.95],[29.42,0.95],[29.42,0.93],[29.39,0.91],[29.35,0.91],[29.32,0.9],[29.1,0.9],[29.06,0.91],[28.99,0.91],[28.96,0.93],[28.96,0.98],[28.92,0.98],[28.92,1.0],[28.88,1.0],[28.78,1.0],[28.78,1.01],[28.74,1.03],[28.74,1.08],[28.7,1.08],[28.7,1.1],[28.63,1.1],[28.63,1.11],[28.6,1.11],[28.56,1.13],[28.56,1.28],[28.63,1.3],[28.7,1.3],[28.7,1.31],[28.74,1.31],[28.74,1.35]]]}},{"type":"Feature","properties":{"precip":10},"geometry":{"type":"Polygon","coordinates":[[[34.86,1.35],[34.86,1.4],[34.93,1.4],[34.93,1.36],[34.97,1.35],[34.93,1.35],[34.93,1.3],[34.86,1.3],[34.86,1.35]]]}},{"type":"Feature","properties":{"precip":10},"geometry":{"type":"Polygon","coordinates":[[[29.71,1.23],[29.71,1.25],[29.75,1.26],[29.78,1.26],[29.78,1.28],[29.82,1.28],[29.86,1.28],[29.89,1.3],[29.96,1.3],[30.04,1.28],[30.04,1.1],[30.07,1.06],[30.07,1.0],[30.11,1.0],[30.14,1.0],[30.14,0.85],[30.11,0.83],[30.11,0.81],[30.07,0.81],[30.04,0.8],[29.93,0.8],[29.86,0.76],[29.86,0.71],[29.89,0.71],[29.96,0.71],[30.0,0.7],[30.04,0.7],[30.04,0.61],[30.0,0.61],[30.0,0.6],[29.82,0.6],[29.78,0.61],[29.78,0.63],[29.75,0.66],[29.75,0.95],[29.78,0.95],[29.78,1.0],[29.82,1.0],[29.82,1.01],[29.86,1.01],[29.86,1.06],[29.82,1.08],[29.82,1.1],[29.71,1.1],[29.64,1.13],[29.68,1.16],[29.68,1.2],[29.71,1.23]]]}},{"type":"Feature","properties":{"precip":10},"geometry":{"type":"Polygon","coordinates":[[[34.54,1.15],[34.57,1.16],[34.57,1.2],[34.61,1.2],[34.64,1.18],[34.64,1.05],[34.68,1.03],[34.68,1.01],[34.72,1.0],[34.79,1.0],[34.82,1.0],[34.82,0.98],[34.86,0.98],[34.86,0.93],[34.79,0.9],[34.72,0.9],[34.64,0.93],[34.64,0.98],[34.61,0.98],[34.61,1.0],[34.57,1.0],[34.54,1.0],[34.43,1.0],[34.36,1.03],[34.36,1.08],[34.39,1.08],[34.39,1.1],[34.46,1.1],[34.5,1.11],[34.54,1.11],[34.54,1.15]]]}},{"type":"Feature","properties":{"precip":10},"geometry":{"type":"Polygon","coordinates":[[[34.75,1.15],[34.75,1.18],[34.79,1.18],[34.79,1.2],[34.9,1.2],[34.93,1.18],[34.93,1.15],[34.97,1.15],[34.93,1.13],[34.93,1.11],[34.9,1.11],[34.86,1.1],[34.82,1.1],[34.82,1.11],[34.79,1.11],[34.75,1.13],[34.75,1.15]]]}},{"type":"Feature","properties":{"precip":10},"geometry":{"type":"Polygon","coordinates":[[[24.35,1.05],[24.35,1.08],[24.39,1.1],[24.42,1.1],[24.42,1.08],[24.46,1.08],[24.46,1.01],[24.42,1.01],[24.42,1.0],[24.39,1.0],[24.35,1.01],[24.35,1.05]]]}},{"type":"Feature","properties":{"precip":10},"geometry":{"type":"Polygon","coordinates":[[[80.14,1.05],[80.14,1.06],[80.14,1.08],[80.14,1.1],[80.18,1.1],[80.25,1.08],[80.25,1.01],[80.18,1.0],[80.14,1.0],[80.14,1.01],[80.14,1.03],[80.14,1.05]]]}},{"type":"Feature","properties":{"precip":10},"geometry":{"type":"Polygon","coordinates":[[[98.46,1.05],[98.46,1.1],[98.53,1.1],[98.53,1.0],[98.46,1.0],[98.46,1.05]]]}},{"type":"Feature","properties":{"precip":10},"geometry":{"type":"Polygon","coordinates":[[[98.86,1.05],[98.86,1.08],[98.89,1.08],[98.89,1.1],[98.97,1.1],[99.04,1.08],[99.04,1.03],[99.07,1.03],[99.07,1.01],[99.11,1.01],[99.11,1.0],[99.14,1.0],[99.14,0.4],[98.97,0.4],[98.97,0.38],[98.97,0.33],[98.93,0.33],[98.93,0.31],[98.89,0.28],[98.82,0.28],[98.75,0.33],[98.75,0.45],[98.75,0.46],[98.75,0.48],[98.82,0.5],[98.93,0.5],[98.97,0.51],[99.04,0.53],[99.04,0.8],[98.97,0.8],[98.97,0.81],[98.97,0.91],[98.93,0.95],[98.93,1.0],[98.89,1.0],[98.86,1.0],[98.86,1.05]]]}},{"type":"Feature","properties":{"precip":10},"geometry":{"type":"Polygon","coordinates":[[[14.24,0.95],[14.27,0.98],[14.27,1.0],[14.31,1.0],[14.34,1.0],[14.34,0.91],[14.31,0.9],[14.27,0.9],[14.27,0.93],[14.24,0.95]]]}},{"type":"Feature","properties":{"precip":10},"geometry":{"type":"Polygon","coordinates":[[[14.56,0.91],[14.56,1.0],[14.6,1.0],[14.63,1.0],[14.63,0.91],[14.67,0.9],[14.67,0.83],[14.74,0.8],[14.78,0.8],[14.78,0.81],[14.81,0.81],[14.85,0.83],[14.85,0.88],[14.88,0.88],[14.88,0.9],[14.92,0.86],[14.96,0.81],[14.96,0.5],[14.92,0.4],[14.88,0.31],[14.88,0.26],[14.81,0.23],[14.81,0.21],[14.78,0.21],[14.78,0.25],[14.74,0.25],[14.74,0.28],[14.7,0.28],[14.67,0.28],[14.6,0.28],[14.6,0.31],[14.56,0.33],[14.56,0.56],[14.63,0.6],[14.7,0.6],[14.7,0.61],[14.74,0.61],[14.74,0.68],[14.7,0.7],[14.7,0.71],[14.67,0.73],[14.67,0.75],[14.6,0.78],[14.6,0.83],[14.56,0.85],[14.56,0.91]]]}},{"type":"Feature","properties":{"precip":10},"geometry":{"type":"Polygon","coordinates":[[[24.64,0.95],[24.64,0.98],[24.67,0.98],[24.67,1.0],[24.71,1.0],[24.75,1.0],[24.75,0.91],[24.71,0.9],[24.67,0.9],[24.67,0.91],[24.64,0.93],[24.64,0.95]]]}},{"type":"Feature","properties":{"precip":10},"geometry":{"type":"Polygon","coordinates":[[[30.36,0.95],[30.36,1.0],[30.4,1.0],[30.43,1.0],[30.43,0.9],[30.4,0.9],[30.36,0.91],[30.36,0.95]]]}},{"type":"Feature","properties":{"precip":10},"geometry":{"type":"Polygon","coordinates":[[[72.65,0.95],[72.65,0.98],[72.69,0.98],[72.69,1.0],[72.73,1.0],[72.76,1.0],[72.83,1.0],[72.87,1.0],[72.91,1.0],[72.94,0.98],[72.94,0.91],[72.87,0.91],[72.87,0.9],[72.73,0.9],[72.73,0.91],[72.69,0.91],[72.65,0.93],[72.65,0.95]]]}},{"type":"Feature","properties":{"precip":10},"geometry":{"type":"Polygon","coordinates":[[[97.63,0.98],[97.67,0.98],[97.67,1.0],[97.78,1.0],[97.81,1.0],[97.81,0.98],[97.85,0.95],[97.85,0.81],[97.81,0.8],[97.81,0.81],[97.74,0.85],[97.67,0.86],[97.67,0.9],[97.67,0.93],[97.67,0.95],[97.63,0.98]]]}},{"type":"Feature","properties":{"precip":10},"geometry":{"type":"Polygon","coordinates":[[[28.02,0.83],[28.09,0.88],[28.13,0.9],[28.17,0.9],[28.24,0.86],[28.24,0.78],[28.27,0.76],[28.27,0.71],[28.31,0.71],[28.35,0.71],[28.42,0.68],[28.49,0.61],[28.52,0.56],[28.52,0.51],[28.56,0.45],[28.56,0.28],[28.52,0.26],[28.52,0.21],[28.49,0.21],[28.49,0.2],[28.42,0.2],[28.35,0.16],[28.35,0.13],[28.27,0.1],[28.17,0.13],[28.09,0.2],[28.06,0.25],[28.06,0.38],[28.13,0.41],[28.13,0.46],[28.09,0.5],[28.09,0.51],[28.02,0.56],[27.99,0.61],[27.99,0.65],[27.95,0.7],[27.95,0.75],[27.99,0.8],[28.02,0.83]]]}},{"type":"Feature","properties":{"precip":10},"geometry":{"type":"Polygon","coordinates":[[[73.66,0.8],[73.66,0.88],[73.7,0.88],[73.7,0.9],[73.73,0.88],[73.73,0.71],[73.7,0.71],[73.66,0.71],[73.66,0.8]]]}},{"type":"Feature","properties":{"precip":10},"geometry":{"type":"Polygon","coordinates":[[[9.05,0.75],[9.05,0.78],[9.09,0.8],[9.12,0.8],[9.12,0.78],[9.16,0.76],[9.16,0.73],[9.12,0.71],[9.09,0.71],[9.05,0.71],[9.05,0.75]]]}},{"type":"Feature","properties":{"precip":10},"geometry":{"type":"Polygon","coordinates":[[[30.32,0.63],[30.36,0.66],[30.43,0.7],[30.5,0.7],[30.54,0.68],[30.54,0.53],[30.5,0.53],[30.5,0.51],[30.47,0.51],[30.43,0.5],[30.36,0.5],[30.29,0.51],[30.25,0.53],[30.25,0.56],[30.29,0.58],[30.32,0.63]]]}},{"type":"Feature","properties":{"precip":10},"geometry":{"type":"Polygon","coordinates":[[[9.84,0.56],[9.92,0.58],[9.95,0.58],[9.99,0.6],[10.2,0.6],[10.24,0.58],[10.28,0.58],[10.31,0.56],[10.35,0.56],[10.35,0.53],[10.31,0.53],[10.28,0.51],[10.24,0.51],[10.2,0.5],[9.99,0.5],[9.95,0.51],[9.92,0.51],[9.84,0.55],[9.84,0.56]]]}},{"type":"Feature","properties":{"precip":10},"geometry":{"type":"Polygon","coordinates":[[[35.26,0.56],[35.26,0.58],[35.29,0.6],[35.33,0.6],[35.33,0.56],[35.36,0.56],[35.36,0.53],[35.33,0.53],[35.33,0.5],[35.29,0.5],[35.26,0.51],[35.26,0.56]]]}},{"type":"Feature","properties":{"precip":10},"geometry":{"type":"Polygon","coordinates":[[[29.14,0.35],[29.14,0.4],[29.17,0.41],[29.17,0.48],[29.21,0.5],[29.32,0.5],[29.32,0.48],[29.35,0.46],[29.35,0.41],[29.32,0.41],[29.32,0.4],[29.28,0.4],[29.28,0.38],[29.24,0.36],[29.24,0.21],[29.21,0.21],[29.21,0.2],[29.17,0.2],[29.17,0.26],[29.14,0.28],[29.14,0.35]]]}},{"type":"Feature","properties":{"precip":10},"geometry":{"type":"Polygon","coordinates":[[[36.19,0.31],[36.26,0.38],[36.3,0.4],[36.34,0.38],[36.34,0.36],[36.41,0.28],[36.44,0.26],[36.44,0.25],[36.55,0.2],[36.59,0.2],[36.66,0.16],[36.66,0.15],[36.62,0.13],[36.62,0.11],[36.55,0.05],[36.52,0.03],[36.52,0.02],[36.48,-0.0],[36.48,-0.05],[36.44,-0.07],[36.44,-0.15],[36.41,-0.17],[36.41,-0.18],[36.37,-0.2],[36.34,-0.2],[36.3,-0.18],[36.3,-0.17],[36.26,-0.15],[36.26,-0.0],[36.3,0.02],[36.34,0.02],[36.34,0.08],[36.3,0.1],[36.3,0.11],[36.19,0.2],[36.19,0.25],[36.16,0.26],[36.19,0.28],[36.19,0.31]],[[36.44,0.15],[36.44,0.18],[36.41,0.2],[36.37,0.2],[36.37,0.16],[36.34,0.15],[36.34,0.13],[36.37,0.13],[36.37,0.11],[36.41,0.1],[36.41,0.11],[36.44,0.11],[36.44,0.15]]]}},{"type":"Feature","properties":{"precip":10},"geometry":{"type":"Polygon","coordinates":[[[76.43,0.25],[76.47,0.28],[76.47,0.38],[76.47,0.4],[76.69,0.4],[76.69,0.38],[76.69,0.36],[76.76,0.36],[76.76,0.33],[76.69,0.31],[76.69,0.28],[76.61,0.28],[76.58,0.28],[76.54,0.28],[76.54,0.25],[76.58,0.23],[76.58,0.21],[76.61,0.21],[76.65,0.2],[76.76,0.2],[76.79,0.21],[76.83,0.21],[76.83,0.26],[76.87,0.28],[76.87,0.4],[76.9,0.4],[76.9,0.25],[76.9,0.2],[76.87,0.16],[76.87,0.15],[76.83,0.13],[76.79,0.13],[76.76,0.11],[76.69,0.11],[76.65,0.1],[76.58,0.1],[76.54,0.11],[76.47,0.11],[76.47,0.13],[76.47,0.2],[76.43,0.25]]]}},{"type":"Feature","properties":{"precip":10},"geometry":{"type":"Polygon","coordinates":[[[98.43,0.31],[98.43,0.35],[98.5,0.38],[98.5,0.4],[98.53,0.4],[98.53,0.31],[98.5,0.28],[98.43,0.23],[98.43,0.21],[98.32,0.21],[98.32,0.26],[98.43,0.31]]]}},{"type":"Feature","properties":{"precip":10},"geometry":{"type":"Polygon","coordinates":[[[26.83,0.1],[26.83,0.13],[26.87,0.18],[26.87,0.28],[26.91,0.28],[26.94,0.25],[26.98,0.23],[27.01,0.2],[27.05,0.15],[27.09,0.13],[27.16,0.05],[27.19,-0.0],[27.23,-0.05],[27.23,-0.17],[27.16,-0.2],[27.12,-0.2],[27.05,-0.23],[27.05,-0.37],[27.01,-0.38],[27.01,-0.4],[26.98,-0.4],[26.98,-0.42],[26.94,-0.43],[26.94,-0.47],[26.98,-0.47],[26.98,-0.48],[27.01,-0.5],[27.09,-0.5],[27.12,-0.52],[27.12,-0.53],[27.16,-0.53],[27.16,-0.57],[27.19,-0.58],[27.23,-0.58],[27.23,-0.55],[27.34,-0.5],[27.48,-0.5],[27.52,-0.48],[27.52,-0.47],[27.55,-0.45],[27.55,-0.15],[27.63,-0.07],[27.77,-0.0],[27.88,-0.0],[27.99,-0.0],[28.06,-0.0],[28.13,-0.0],[28.17,-0.0],[28.24,-0.03],[28.24,-0.28],[28.2,-0.28],[28.2,-0.3],[28.17,-0.32],[28.17,-0.37],[28.2,-0.4],[28.2,-0.42],[28.24,-0.43],[28.27,-0.45],[28.27,-0.48],[28.31,-0.5],[28.31,-0.53],[28.35,-0.57],[28.35,-0.67],[28.38,-0.68],[28.38,-0.7],[28.42,-0.7],[28.42,-0.72],[28.45,-0.72],[28.45,-0.87],[28.49,-0.88],[28.49,-0.9],[28.52,-0.9],[28.52,-0.92],[28.56,-0.95],[28.56,-0.98],[28.52,-1.02],[28.52,-1.05],[28.49,-1.1],[28.49,-1.13],[28.42,-1.17],[28.38,-1.18],[28.31,-1.2],[28.24,-1.2],[28.17,-1.18],[28.09,-1.15],[28.02,-1.13],[27.95,-1.05],[27.91,-1.0],[27.88,-0.97],[27.77,-0.92],[27.7,-0.9],[27.19,-0.9],[27.05,-0.88],[26.98,-0.87],[26.91,-0.87],[26.87,-0.85],[26.83,-0.83],[26.87,-0.8],[26.94,-0.77],[26.94,-0.72],[26.91,-0.72],[26.91,-0.7],[26.87,-0.68],[26.87,-0.6],[26.83,-0.58],[26.83,-0.42],[26.8,-0.42],[26.76,-0.4],[26.69,-0.4],[26.69,-0.37],[26.65,-0.37],[26.65,-0.25],[26.62,-0.23],[26.62,-0.2],[26.58,-0.2],[26.58,-0.18],[26.55,-0.17],[26.55,-0.13],[26.58,-0.13],[26.58,-0.12],[26.62,-0.12],[26.65,-0.1],[26.8,-0.1],[26.8,-0.08],[26.83,-0.07],[26.83,0.1]]]}},{"type":"Feature","properties":{"precip":10},"geometry":{"type":"Polygon","coordinates":[[[35.36,0.25],[35.36,0.28],[35.44,0.28],[35.44,0.2],[35.36,0.2],[35.36,0.25]]]}},{"type":"Feature","properties":{"precip":10},"geometry":{"type":"Polygon","coordinates":[[[23.16,0.05],[23.16,0.1],[23.23,0.1],[23.23,-0.0],[23.16,-0.0],[23.16,0.05]]]}},{"type":"Feature","properties":{"precip":10},"geometry":{"type":"Polygon","coordinates":[[[29.14,0.05],[29.14,0.06],[29.17,0.08],[29.17,0.1],[29.24,0.1],[29.24,-0.0],[29.17,-0.0],[29.17,0.02],[29.14,0.03],[29.14,0.05]]]}},{"type":"Feature","properties":{"precip":10},"geometry":{"type":"Polygon","coordinates":[[[98.25,0.08],[98.28,0.1],[98.5,0.1],[98.53,0.08],[98.53,-0.2],[98.5,-0.18],[98.43,-0.13],[98.39,-0.08],[98.32,-0.02],[98.28,0.02],[98.25,0.05],[98.25,0.08]]]}},{"type":"Feature","properties":{"precip":10},"geometry":{"type":"Polygon","coordinates":[[[30.25,-0.05],[30.25,-0.0],[30.29,-0.0],[30.32,-0.0],[30.32,-0.02],[30.36,-0.02],[30.36,-0.07],[30.32,-0.08],[30.32,-0.1],[30.29,-0.1],[30.29,-0.08],[30.25,-0.08],[30.25,-0.05]]]}},{"type":"Feature","properties":{"precip":10},"geometry":{"type":"Polygon","coordinates":[[[35.44,-0.02],[35.44,-0.0],[35.51,-0.0],[35.54,-0.02],[35.54,-0.05],[35.58,-0.08],[35.62,-0.1],[35.62,-0.15],[35.65,-0.15],[35.65,-0.17],[35.62,-0.18],[35.58,-0.17],[35.58,-0.15],[35.54,-0.15],[35.47,-0.08],[35.47,-0.05],[35.44,-0.02]]]}},{"type":"Feature","properties":{"precip":10},"geometry":{"type":"Polygon","coordinates":[[[75.64,-0.05],[75.64,-0.02],[75.68,-0.02],[75.68,-0.0],[75.71,-0.0],[75.79,-0.0],[75.82,-0.0],[75.82,-0.02],[75.86,-0.02],[75.86,-0.07],[75.79,-0.1],[75.71,-0.1],[75.64,-0.07],[75.64,-0.05]]]}},{"type":"Feature","properties":{"precip":10},"geometry":{"type":"Polygon","coordinates":[[[76.54,-0.05],[76.54,-0.02],[76.58,-0.02],[76.58,-0.0],[76.61,-0.0],[76.69,-0.0],[76.69,-0.02],[76.76,-0.02],[76.76,-0.07],[76.69,-0.1],[76.61,-0.1],[76.54,-0.07],[76.54,-0.05]]]}},{"type":"Feature","properties":{"precip":10},"geometry":{"type":"Polygon","coordinates":[[[77.12,-0.05],[77.12,-0.0],[77.19,-0.0],[77.23,-0.0],[77.23,-0.02],[77.26,-0.02],[77.26,-0.07],[77.23,-0.08],[77.23,-0.1],[77.19,-0.1],[77.19,-0.08],[77.12,-0.08],[77.12,-0.05]]]}},{"type":"Feature","properties":{"precip":10},"geometry":{"type":"Polygon","coordinates":[[[28.63,-0.2],[28.67,-0.15],[28.67,-0.1],[28.7,-0.12],[28.85,-0.23],[28.85,-0.28],[28.81,-0.28],[28.7,-0.28],[28.67,-0.28],[28.67,-0.22],[28.63,-0.2]]]}},{"type":"Feature","properties":{"precip":10},"geometry":{"type":"Polygon","coordinates":[[[28.96,-0.18],[28.96,-0.12],[28.99,-0.12],[28.99,-0.1],[29.03,-0.1],[29.03,-0.13],[29.06,-0.15],[29.06,-0.18],[29.1,-0.2],[29.14,-0.2],[29.24,-0.15],[29.28,-0.13],[29.28,-0.12],[29.32,-0.12],[29.32,-0.13],[29.35,-0.15],[29.39,-0.17],[29.39,-0.18],[29.42,-0.22],[29.42,-0.28],[29.35,-0.32],[29.35,-0.47],[29.39,-0.5],[29.42,-0.52],[29.42,-0.53],[29.46,-0.55],[29.46,-0.57],[29.42,-0.57],[29.42,-0.58],[29.39,-0.58],[29.39,-0.6],[29.35,-0.62],[29.35,-0.72],[29.32,-0.77],[29.32,-0.8],[29.24,-0.87],[29.17,-0.87],[29.14,-0.88],[29.06,-0.9],[28.99,-0.9],[28.99,-0.92],[28.96,-0.92],[28.96,-0.97],[28.92,-0.98],[28.92,-1.0],[28.78,-1.0],[28.78,-0.98],[28.74,-0.97],[28.74,-0.93],[28.78,-0.92],[28.78,-0.9],[28.85,-0.9],[28.96,-0.87],[28.96,-0.78],[28.92,-0.73],[28.92,-0.72],[28.88,-0.67],[28.85,-0.63],[28.81,-0.62],[28.81,-0.6],[28.78,-0.6],[28.78,-0.63],[28.74,-0.65],[28.74,-0.68],[28.7,-0.68],[28.7,-0.7],[28.67,-0.7],[28.67,-0.63],[28.7,-0.6],[28.7,-0.58],[28.78,-0.52],[28.81,-0.5],[28.85,-0.5],[28.92,-0.47],[29.03,-0.38],[29.03,-0.3],[28.99,-0.3],[28.99,-0.28],[28.96,-0.27],[28.96,-0.18]]]}},{"type":"Feature","properties":{"precip":10},"geometry":{"type":"Polygon","coordinates":[[[34.64,-0.2],[34.64,-0.15],[34.68,-0.15],[34.68,-0.12],[34.72,-0.1],[34.82,-0.1],[34.82,-0.12],[34.86,-0.13],[34.86,-0.15],[34.82,-0.17],[34.82,-0.18],[34.79,-0.23],[34.75,-0.27],[34.68,-0.28],[34.64,-0.27],[34.64,-0.2]]]}},{"type":"Feature","properties":{"precip":10},"geometry":{"type":"Polygon","coordinates":[[[36.77,-0.25],[36.77,-0.12],[36.8,-0.1],[36.8,-0.12],[36.84,-0.12],[36.84,-0.23],[36.88,-0.27],[36.88,-0.28],[36.91,-0.28],[36.91,-0.3],[36.95,-0.3],[36.95,-0.38],[36.91,-0.38],[36.91,-0.4],[36.8,-0.4],[36.77,-0.38],[36.77,-0.25]]]}},{"type":"Feature","properties":{"precip":10},"geometry":{"type":"Polygon","coordinates":[[[15.75,-0.25],[15.75,-0.22],[15.78,-0.2],[15.82,-0.2],[15.82,-0.22],[15.85,-0.22],[15.85,-0.28],[15.82,-0.28],[15.78,-0.28],[15.75,-0.28],[15.75,-0.25]]]}},{"type":"Feature","properties":{"precip":10},"geometry":{"type":"Polygon","coordinates":[[[77.12,-0.25],[77.12,-0.22],[77.19,-0.2],[77.23,-0.2],[77.23,-0.22],[77.26,-0.23],[77.26,-0.27],[77.23,-0.28],[77.19,-0.28],[77.12,-0.28],[77.12,-0.25]]]}},{"type":"Feature","properties":{"precip":10},"geometry":{"type":"Polygon","coordinates":[[[35.65,-0.37],[35.65,-0.32],[35.69,-0.3],[35.76,-0.3],[35.8,-0.32],[35.83,-0.37],[35.87,-0.37],[35.9,-0.4],[35.9,-0.42],[35.94,-0.43],[35.94,-0.47],[35.9,-0.48],[35.9,-0.5],[35.83,-0.57],[35.83,-0.58],[35.8,-0.58],[35.76,-0.58],[35.76,-0.45],[35.72,-0.43],[35.72,-0.4],[35.69,-0.4],[35.65,-0.38],[35.65,-0.37]]]}},{"type":"Feature","properties":{"precip":10},"geometry":{"type":"Polygon","coordinates":[[[17.15,-0.5],[17.15,-0.43],[17.19,-0.42],[17.19,-0.4],[17.22,-0.4],[17.22,-0.43],[17.26,-0.43],[17.26,-0.57],[17.22,-0.58],[17.19,-0.6],[17.19,-0.58],[17.15,-0.58],[17.15,-0.5]]]}},{"type":"Feature","properties":{"precip":10},"geometry":{"type":"Polygon","coordinates":[[[36.12,-0.52],[36.16,-0.52],[36.16,-0.58],[36.12,-0.58],[36.12,-0.6],[36.08,-0.6],[36.08,-0.58],[36.05,-0.58],[36.05,-0.55],[36.05,-0.52],[36.08,-0.5],[36.12,-0.5],[36.12,-0.52]]]}},{"type":"Feature","properties":{"precip":10},"geometry":{"type":"Polygon","coordinates":[[[21.36,-0.65],[21.36,-0.6],[21.43,-0.6],[21.43,-0.7],[21.36,-0.7],[21.36,-0.65]]]}},{"type":"Feature","properties":{"precip":10},"geometry":{"type":"Polygon","coordinates":[[[34.9,-0.68],[34.97,-0.62],[34.97,-0.6],[35.0,-0.62],[35.04,-0.62],[35.08,-0.65],[35.11,-0.7],[35.15,-0.75],[35.18,-0.8],[35.22,-0.83],[35.29,-0.87],[35.33,-0.87],[35.36,-0.83],[35.36,-0.8],[35.4,-0.8],[35.44,-0.83],[35.44,-1.1],[35.36,-1.07],[35.33,-1.03],[35.29,-1.0],[35.26,-0.97],[35.26,-0.95],[35.22,-0.93],[35.22,-0.92],[35.18,-0.92],[35.15,-0.93],[35.15,-0.97],[35.08,-1.0],[34.97,-1.0],[34.93,-1.02],[34.9,-1.02],[34.86,-1.02],[34.86,-1.2],[34.82,-1.23],[34.82,-1.28],[34.79,-1.3],[34.79,-1.27],[34.75,-1.25],[34.75,-0.97],[34.79,-0.93],[34.79,-0.9],[34.82,-0.9],[34.82,-0.87],[34.86,-0.87],[34.86,-0.75],[34.9,-0.72],[34.9,-0.68]]]}},{"type":"Feature","properties":{"precip":10},"geometry":{"type":"Polygon","coordinates":[[[8.66,-0.75],[8.66,-0.72],[8.69,-0.72],[8.69,-0.7],[8.73,-0.72],[8.76,-0.73],[8.76,-0.75],[8.73,-0.77],[8.73,-0.8],[8.69,-0.8],[8.66,-0.78],[8.66,-0.75]]]}},{"type":"Feature","properties":{"precip":10},"geometry":{"type":"Polygon","coordinates":[[[23.59,-0.87],[23.67,-0.82],[23.74,-0.77],[23.77,-0.73],[23.88,-0.7],[23.92,-0.7],[23.95,-0.72],[23.95,-0.78],[23.99,-0.78],[24.03,-0.8],[24.1,-0.8],[24.1,-0.82],[24.13,-0.83],[24.13,-0.9],[24.17,-0.93],[24.17,-0.98],[24.21,-1.0],[24.39,-1.0],[24.42,-0.98],[24.42,-0.97],[24.46,-0.97],[24.46,-0.92],[24.49,-0.9],[24.64,-0.9],[24.71,-0.92],[24.75,-0.95],[24.78,-0.97],[24.82,-1.02],[24.82,-1.05],[24.85,-1.13],[24.85,-1.27],[24.82,-1.28],[24.82,-1.3],[24.78,-1.28],[24.75,-1.27],[24.75,-1.15],[24.71,-1.13],[24.67,-1.08],[24.67,-1.05],[24.64,-1.02],[24.57,-1.0],[24.57,-1.38],[24.64,-1.42],[24.64,-1.53],[24.6,-1.58],[24.49,-1.72],[24.46,-1.75],[24.42,-1.78],[24.39,-1.78],[24.35,-1.75],[24.31,-1.72],[24.28,-1.68],[24.24,-1.65],[24.24,-1.62],[24.21,-1.6],[24.17,-1.58],[24.17,-1.52],[24.13,-1.5],[24.13,-1.43],[24.03,-1.33],[23.99,-1.32],[23.92,-1.3],[23.88,-1.3],[23.85,-1.28],[23.77,-1.28],[23.77,-1.27],[23.74,-1.27],[23.74,-1.22],[23.7,-1.2],[23.67,-1.2],[23.59,-1.17],[23.56,-1.17],[23.56,-1.15],[23.52,-1.15],[23.52,-1.13],[23.49,-1.1],[23.49,-1.02],[23.52,-0.98],[23.56,-0.93],[23.59,-0.87]]]}},{"type":"Feature","properties":{"precip":10},"geometry":{"type":"Polygon","coordinates":[[[29.86,-0.85],[29.86,-0.82],[29.89,-0.8],[29.93,-0.8],[29.93,-0.83],[29.96,-0.85],[29.96,-0.87],[29.93,-0.87],[29.93,-0.88],[29.89,-0.9],[29.89,-0.88],[29.86,-0.88],[29.86,-0.85]]]}},{"type":"Feature","properties":{"precip":10},"geometry":{"type":"Polygon","coordinates":[[[94.21,-0.9],[94.21,-0.87],[94.21,-0.85],[94.29,-0.82],[94.29,-0.8],[94.32,-0.8],[94.36,-0.82],[94.36,-0.83],[94.32,-0.87],[94.32,-0.88],[94.21,-0.93],[94.18,-1.02],[94.11,-1.07],[94.07,-1.1],[94.0,-1.1],[94.0,-1.13],[93.96,-1.13],[93.96,-1.17],[93.93,-1.17],[93.93,-1.2],[93.89,-1.2],[93.89,-1.18],[93.85,-1.17],[93.85,-1.03],[93.89,-1.02],[93.93,-1.02],[93.96,-1.0],[94.0,-1.0],[94.07,-0.98],[94.11,-0.98],[94.14,-0.97],[94.18,-0.93],[94.18,-0.92],[94.21,-0.9]]]}},{"type":"Feature","properties":{"precip":10},"geometry":{"type":"Polygon","coordinates":[[[96.27,-0.85],[96.27,-0.8],[96.34,-0.8],[96.34,-0.88],[96.3,-0.9],[96.27,-0.88],[96.27,-0.85]]]}},{"type":"Feature","properties":{"precip":10},"geometry":{"type":"Polygon","coordinates":[[[25.14,-0.95],[25.14,-0.92],[25.18,-0.92],[25.18,-0.9],[25.21,-0.9],[25.25,-0.92],[25.25,-0.98],[25.21,-1.0],[25.18,-1.0],[25.18,-0.98],[25.14,-0.98],[25.14,-0.95]]]}},{"type":"Feature","properties":{"precip":10},"geometry":{"type":"Polygon","coordinates":[[[36.84,-0.95],[36.84,-0.93],[36.88,-0.92],[36.88,-0.9],[36.91,-0.9],[36.95,-0.92],[36.95,-0.98],[36.91,-1.0],[36.88,-1.0],[36.88,-0.98],[36.84,-0.97],[36.84,-0.95]]]}},{"type":"Feature","properties":{"precip":10},"geometry":{"type":"Polygon","coordinates":[[[8.51,-1.07],[8.51,-1.05],[8.55,-1.05],[8.58,-1.03],[8.58,-1.02],[8.62,-1.02],[8.8,-1.02],[8.84,-1.02],[8.84,-1.17],[8.76,-1.2],[8.51,-1.2],[8.48,-1.18],[8.48,-1.17],[8.44,-1.15],[8.48,-1.15],[8.48,-1.13],[8.51,-1.07]]]}},{"type":"Feature","properties":{"precip":10},"geometry":{"type":"Polygon","coordinates":[[[25.36,-1.13],[25.39,-1.1],[25.39,-1.08],[25.43,-1.05],[25.43,-1.03],[25.47,-1.02],[25.5,-1.02],[25.57,-1.05],[25.57,-1.08],[25.61,-1.13],[25.65,-1.15],[25.72,-1.2],[25.75,-1.23],[25.79,-1.28],[25.9,-1.37],[25.93,-1.38],[25.93,-1.4],[26.01,-1.4],[26.01,-1.42],[26.04,-1.43],[26.04,-1.58],[25.97,-1.6],[25.93,-1.6],[25.9,-1.58],[25.86,-1.58],[25.86,-1.55],[25.83,-1.53],[25.83,-1.52],[25.79,-1.52],[25.75,-1.5],[25.61,-1.5],[25.57,-1.52],[25.57,-1.57],[25.54,-1.6],[25.54,-1.97],[25.5,-2.0],[25.5,-2.02],[25.47,-2.02],[25.47,-2.08],[25.5,-2.1],[25.54,-2.13],[25.54,-2.15],[25.5,-2.18],[25.5,-2.23],[25.39,-2.28],[25.21,-2.3],[25.18,-2.3],[25.14,-2.28],[25.11,-2.28],[25.07,-2.28],[25.07,-2.23],[25.03,-2.2],[25.03,-2.12],[24.96,-2.08],[24.96,-1.97],[24.93,-1.95],[24.93,-1.9],[24.89,-1.88],[24.89,-1.87],[24.85,-1.87],[24.85,-1.82],[24.89,-1.82],[24.89,-1.8],[24.93,-1.82],[24.93,-1.85],[24.96,-1.87],[24.96,-1.88],[25.0,-1.9],[25.03,-1.88],[25.03,-1.78],[25.07,-1.75],[25.07,-1.72],[25.14,-1.68],[25.14,-1.55],[25.18,-1.53],[25.18,-1.5],[25.21,-1.5],[25.21,-1.47],[25.25,-1.45],[25.25,-1.32],[25.29,-1.28],[25.29,-1.22],[25.36,-1.15],[25.36,-1.13]]]}},{"type":"Feature","properties":{"precip":10},"geometry":{"type":"Polygon","coordinates":[[[93.57,-1.02],[93.64,-1.0],[93.67,-1.02],[93.71,-1.02],[93.75,-1.03],[93.75,-1.18],[93.71,-1.2],[93.71,-1.18],[93.64,-1.15],[93.64,-1.13],[93.57,-1.07],[93.57,-1.02]]]}},{"type":"Feature","properties":{"precip":10},"geometry":{"type":"Polygon","coordinates":[[[25.03,-1.25],[25.03,-1.23],[25.07,-1.23],[25.07,-1.2],[25.14,-1.2],[25.14,-1.28],[25.07,-1.28],[25.07,-1.27],[25.03,-1.27],[25.03,-1.25]]]}},{"type":"Feature","properties":{"precip":10},"geometry":{"type":"Polygon","coordinates":[[[26.04,-1.25],[26.04,-1.22],[26.08,-1.22],[26.08,-1.2],[26.11,-1.2],[26.15,-1.22],[26.15,-1.28],[26.11,-1.28],[26.11,-1.3],[26.04,-1.28],[26.04,-1.25]]]}},{"type":"Feature","properties":{"precip":10},"geometry":{"type":"Polygon","coordinates":[[[27.3,-1.28],[27.34,-1.25],[27.37,-1.23],[27.37,-1.22],[27.41,-1.2],[27.45,-1.22],[27.45,-1.27],[27.48,-1.28],[27.52,-1.28],[27.55,-1.3],[27.63,-1.3],[27.63,-1.33],[27.66,-1.35],[27.66,-1.48],[27.7,-1.5],[27.7,-1.52],[27.73,-1.52],[27.73,-1.58],[27.66,-1.58],[27.66,-1.53],[27.59,-1.5],[27.52,-1.5],[27.45,-1.53],[27.45,-1.58],[27.41,-1.58],[27.37,-1.58],[27.37,-1.57],[27.34,-1.55],[27.3,-1.5],[27.27,-1.47],[27.27,-1.33],[27.3,-1.3],[27.3,-1.28]]]}},{"type":"Feature","properties":{"precip":10},"geometry":{"type":"Polygon","coordinates":[[[94.86,-1.25],[94.86,-1.23],[94.93,-1.2],[95.08,-1.2],[95.22,-1.25],[95.4,-1.4],[95.4,-1.42],[95.44,-1.43],[95.44,-1.48],[95.4,-1.48],[95.4,-1.5],[95.37,-1.53],[95.37,-1.7],[95.4,-1.7],[95.44,-1.72],[95.44,-1.87],[95.4,-1.88],[95.37,-1.88],[95.29,-1.9],[94.97,-1.9],[94.93,-1.92],[94.86,-1.92],[94.86,-1.93],[94.86,-1.97],[94.83,-1.97],[94.83,-1.98],[94.79,-2.0],[94.75,-2.0],[94.72,-2.0],[94.65,-2.0],[94.65,-2.03],[94.65,-2.05],[94.65,-2.15],[94.61,-2.17],[94.61,-2.18],[94.57,-2.2],[94.5,-2.2],[94.43,-2.22],[94.43,-2.25],[94.43,-2.27],[94.43,-2.28],[94.39,-2.28],[94.32,-2.28],[94.29,-2.3],[94.14,-2.3],[94.11,-2.32],[94.07,-2.32],[94.07,-2.33],[94.0,-2.35],[94.0,-2.38],[94.0,-2.4],[93.89,-2.4],[93.85,-2.42],[93.78,-2.42],[93.78,-2.43],[93.75,-2.43],[93.75,-2.45],[93.71,-2.48],[93.71,-2.5],[93.67,-2.48],[93.67,-2.45],[93.64,-2.43],[93.57,-2.42],[93.53,-2.4],[93.49,-2.4],[93.49,-2.42],[93.46,-2.43],[93.46,-2.45],[93.42,-2.47],[93.42,-2.48],[93.35,-2.48],[93.31,-2.5],[93.1,-2.5],[93.06,-2.52],[93.03,-2.52],[92.99,-2.53],[92.92,-2.53],[92.92,-2.57],[92.92,-2.58],[92.92,-2.6],[92.88,-2.6],[92.88,-2.53],[92.92,-2.43],[93.03,-2.38],[93.06,-2.33],[93.1,-2.3],[93.13,-2.3],[93.13,-2.28],[93.21,-2.28],[93.21,-2.27],[93.24,-2.25],[93.28,-2.22],[93.31,-2.17],[93.35,-2.15],[93.35,-2.1],[93.46,-2.05],[93.57,-1.93],[93.64,-1.92],[93.64,-1.9],[93.67,-1.9],[93.75,-1.87],[93.75,-1.75],[93.78,-1.73],[93.78,-1.72],[93.85,-1.7],[94.0,-1.7],[94.0,-1.68],[94.0,-1.6],[94.0,-1.58],[93.96,-1.58],[93.96,-1.43],[94.0,-1.4],[94.11,-1.4],[94.11,-1.38],[94.14,-1.38],[94.14,-1.33],[94.18,-1.32],[94.18,-1.3],[94.32,-1.3],[94.32,-1.32],[94.36,-1.33],[94.36,-1.37],[94.43,-1.4],[94.57,-1.4],[94.65,-1.37],[94.65,-1.33],[94.65,-1.32],[94.65,-1.3],[94.75,-1.3],[94.75,-1.28],[94.83,-1.28],[94.83,-1.27],[94.86,-1.27],[94.86,-1.25]],[[94.14,-1.85],[94.14,-1.82],[94.11,-1.8],[94.07,-1.8],[94.07,-1.83],[94.0,-1.85],[94.0,-1.87],[94.07,-1.87],[94.07,-1.88],[94.11,-1.9],[94.11,-1.88],[94.14,-1.88],[94.14,-1.85]],[[94.21,-1.95],[94.21,-1.92],[94.21,-1.9],[94.18,-1.9],[94.18,-1.92],[94.14,-1.92],[94.14,-1.98],[94.18,-1.98],[94.18,-2.0],[94.21,-2.0],[94.21,-1.98],[94.21,-1.95]],[[94.0,-2.1],[94.0,-2.0],[93.96,-2.02],[93.96,-2.18],[94.0,-2.18],[94.0,-2.2],[94.0,-2.18],[94.0,-2.1]]]}},{"type":"Feature","properties":{"precip":10},"geometry":{"type":"Polygon","coordinates":[[[8.55,-1.35],[8.55,-1.32],[8.58,-1.3],[8.62,-1.3],[8.62,-1.32],[8.66,-1.32],[8.66,-1.38],[8.62,-1.38],[8.62,-1.4],[8.58,-1.4],[8.55,-1.38],[8.55,-1.35]]]}},{"type":"Feature","properties":{"precip":10},"geometry":{"type":"Polygon","coordinates":[[[9.56,-1.35],[9.56,-1.3],[9.63,-1.3],[9.63,-1.33],[9.66,-1.33],[9.66,-1.37],[9.63,-1.37],[9.63,-1.4],[9.56,-1.4],[9.56,-1.35]]]}},{"type":"Feature","properties":{"precip":10},"geometry":{"type":"Polygon","coordinates":[[[28.63,-1.35],[28.67,-1.33],[28.67,-1.3],[28.74,-1.3],[28.74,-1.4],[28.67,-1.4],[28.67,-1.37],[28.63,-1.35]]]}},{"type":"Feature","properties":{"precip":10},"geometry":{"type":"Polygon","coordinates":[[[78.05,-1.35],[78.05,-1.32],[78.09,-1.3],[78.13,-1.3],[78.13,-1.33],[78.16,-1.37],[78.16,-1.47],[78.2,-1.48],[78.2,-1.5],[78.31,-1.5],[78.31,-1.52],[78.34,-1.53],[78.34,-1.78],[78.31,-1.8],[78.23,-1.8],[78.23,-1.78],[78.2,-1.73],[78.2,-1.72],[78.16,-1.73],[78.16,-1.78],[78.13,-1.78],[78.09,-1.78],[78.05,-1.78],[77.98,-1.8],[77.87,-1.8],[77.84,-1.78],[77.77,-1.78],[77.73,-1.75],[77.73,-1.72],[77.69,-1.7],[77.69,-1.72],[77.66,-1.73],[77.66,-1.78],[77.62,-1.78],[77.62,-1.8],[77.55,-1.8],[77.55,-1.78],[77.55,-1.68],[77.55,-1.65],[77.55,-1.6],[77.69,-1.52],[77.73,-1.5],[77.77,-1.5],[77.77,-1.48],[77.84,-1.48],[77.84,-1.43],[77.87,-1.43],[77.87,-1.42],[77.91,-1.42],[77.91,-1.4],[77.98,-1.4],[77.98,-1.38],[78.05,-1.37],[78.05,-1.35]]]}},{"type":"Feature","properties":{"precip":10},"geometry":{"type":"Polygon","coordinates":[[[26.83,-1.55],[26.87,-1.53],[26.87,-1.5],[26.91,-1.5],[26.94,-1.52],[26.94,-1.65],[26.98,-1.67],[26.98,-1.7],[27.01,-1.7],[27.01,-1.72],[27.05,-1.72],[27.05,-1.87],[27.09,-1.88],[27.09,-1.9],[27.12,-1.9],[27.12,-1.97],[27.16,-2.0],[27.16,-2.27],[27.19,-2.28],[27.19,-2.3],[27.23,-2.32],[27.23,-2.43],[27.27,-2.45],[27.27,-2.68],[27.34,-2.72],[27.34,-2.85],[27.37,-2.87],[27.37,-2.9],[27.45,-2.88],[27.45,-2.73],[27.48,-2.72],[27.55,-2.68],[27.55,-2.63],[27.52,-2.62],[27.52,-2.6],[27.41,-2.6],[27.41,-2.58],[27.37,-2.58],[27.37,-2.53],[27.34,-2.48],[27.34,-2.4],[27.37,-2.37],[27.37,-2.32],[27.41,-2.3],[27.81,-2.3],[27.81,-2.33],[27.84,-2.37],[27.84,-2.68],[27.88,-2.72],[27.88,-2.78],[27.91,-2.8],[27.99,-2.8],[28.06,-2.83],[28.06,-2.87],[27.99,-2.9],[27.99,-2.93],[27.95,-2.95],[27.95,-3.15],[27.88,-3.2],[27.73,-3.2],[27.73,-3.22],[27.66,-3.22],[27.66,-3.25],[27.63,-3.28],[27.55,-3.3],[27.45,-3.28],[27.37,-3.27],[27.3,-3.22],[27.3,-3.18],[27.27,-3.17],[27.27,-3.0],[27.23,-2.98],[27.23,-2.9],[27.16,-2.9],[27.16,-2.97],[27.09,-2.98],[27.05,-3.0],[26.87,-3.0],[26.8,-3.0],[26.69,-3.0],[26.51,-2.98],[26.44,-2.92],[26.44,-2.63],[26.4,-2.62],[26.4,-2.58],[26.37,-2.58],[26.37,-2.28],[26.33,-2.2],[26.33,-2.12],[26.29,-2.12],[26.26,-2.1],[26.11,-2.1],[26.11,-2.08],[26.08,-2.08],[26.08,-2.07],[26.04,-2.05],[26.04,-1.93],[25.97,-1.9],[25.93,-1.9],[25.86,-1.88],[25.83,-1.88],[25.79,-1.87],[25.75,-1.85],[25.65,-1.75],[25.65,-1.72],[25.68,-1.72],[25.75,-1.72],[25.79,-1.7],[25.9,-1.7],[25.93,-1.72],[26.01,-1.72],[26.04,-1.72],[26.04,-1.75],[26.08,-1.78],[26.15,-1.78],[26.19,-1.8],[26.37,-1.8],[26.44,-1.78],[26.44,-1.67],[26.47,-1.65],[26.47,-1.62],[26.51,-1.6],[26.69,-1.6],[26.73,-1.58],[26.8,-1.58],[26.83,-1.58],[26.83,-1.55]],[[27.05,-2.33],[27.05,-2.32],[27.01,-2.3],[26.73,-2.3],[26.73,-2.32],[26.69,-2.32],[26.65,-2.33],[26.65,-2.38],[26.69,-2.38],[26.69,-2.4],[26.76,-2.4],[26.8,-2.42],[26.83,-2.42],[26.83,-2.43],[26.87,-2.45],[26.87,-2.48],[26.91,-2.48],[26.94,-2.47],[26.94,-2.45],[26.98,-2.43],[27.01,-2.42],[27.01,-2.37],[27.05,-2.37],[27.05,-2.33]],[[27.66,-2.75],[27.66,-2.72],[27.63,-2.72],[27.63,-2.7],[27.59,-2.7],[27.55,-2.72],[27.55,-2.78],[27.63,-2.8],[27.66,-2.75]]]}},{"type":"Feature","properties":{"precip":10},"geometry":{"type":"Polygon","coordinates":[[[87.92,-1.7],[87.92,-1.57],[87.95,-1.53],[87.95,-1.5],[88.02,-1.5],[88.02,-1.57],[88.06,-1.58],[88.06,-1.82],[88.02,-1.85],[88.02,-1.88],[87.95,-1.9],[87.95,-1.87],[87.92,-1.85],[87.92,-1.7]]]}},{"type":"Feature","properties":{"precip":10},"geometry":{"type":"Polygon","coordinates":[[[28.24,-1.75],[28.24,-1.7],[28.27,-1.67],[28.27,-1.6],[28.31,-1.6],[28.35,-1.62],[28.35,-1.73],[28.38,-1.75],[28.38,-1.78],[28.42,-1.8],[28.45,-1.8],[28.52,-1.83],[28.52,-1.87],[28.56,-1.92],[28.56,-1.98],[28.52,-2.02],[28.52,-2.08],[28.49,-2.13],[28.45,-2.15],[28.35,-2.2],[28.31,-2.2],[28.27,-2.18],[28.27,-2.17],[28.24,-2.15],[28.24,-2.13],[28.27,-2.13],[28.27,-2.1],[28.31,-2.1],[28.35,-2.08],[28.35,-1.92],[28.31,-1.9],[28.27,-1.9],[28.27,-1.83],[28.24,-1.82],[28.24,-1.75]]]}},{"type":"Feature","properties":{"precip":10},"geometry":{"type":"Polygon","coordinates":[[[78.56,-1.65],[78.56,-1.6],[78.63,-1.6],[78.63,-1.62],[78.63,-1.63],[78.63,-1.67],[78.63,-1.68],[78.63,-1.7],[78.56,-1.7],[78.56,-1.65]]]}},{"type":"Feature","properties":{"precip":10},"geometry":{"type":"Polygon","coordinates":[[[4.95,-1.8],[4.95,-1.75],[4.98,-1.73],[4.98,-1.72],[5.02,-1.72],[5.06,-1.7],[5.13,-1.7],[5.16,-1.72],[5.2,-1.72],[5.24,-1.72],[5.24,-1.85],[5.27,-1.87],[5.27,-1.9],[5.31,-1.9],[5.31,-1.92],[5.34,-1.93],[5.34,-2.17],[5.27,-2.32],[5.24,-2.37],[5.2,-2.4],[5.13,-2.4],[5.09,-2.37],[5.02,-2.33],[4.98,-2.28],[4.98,-2.27],[4.95,-2.22],[4.95,-2.13],[4.98,-2.12],[4.98,-2.1],[5.02,-2.1],[5.02,-2.07],[5.06,-2.05],[5.06,-1.95],[5.02,-1.93],[5.02,-1.9],[4.98,-1.9],[4.98,-1.88],[4.95,-1.87],[4.95,-1.8]]]}},{"type":"Feature","properties":{"precip":10},"geometry":{"type":"Polygon","coordinates":[[[27.7,-1.78],[27.73,-1.73],[27.77,-1.72],[27.81,-1.72],[27.84,-1.72],[27.84,-1.73],[27.88,-1.78],[27.91,-1.82],[27.95,-1.83],[27.95,-1.87],[27.91,-1.88],[27.84,-1.9],[27.73,-1.9],[27.7,-1.88],[27.66,-1.88],[27.66,-1.85],[27.7,-1.82],[27.7,-1.78]]]}},{"type":"Feature","properties":{"precip":10},"geometry":{"type":"Polygon","coordinates":[[[91.26,-1.95],[91.26,-1.83],[91.34,-1.8],[91.37,-1.8],[91.41,-1.83],[91.41,-1.85],[91.48,-1.85],[91.48,-1.9],[91.52,-1.9],[91.52,-1.87],[91.62,-1.8],[91.73,-1.8],[91.73,-1.82],[91.77,-1.83],[91.73,-1.87],[91.69,-1.9],[91.62,-1.98],[91.37,-2.18],[91.34,-2.2],[91.3,-2.2],[91.26,-2.22],[91.26,-2.28],[91.19,-2.28],[91.19,-2.3],[91.19,-2.28],[91.16,-2.28],[91.16,-2.13],[91.19,-2.12],[91.19,-2.1],[91.19,-2.03],[91.26,-2.0],[91.26,-1.95]]]}},{"type":"Feature","properties":{"precip":10},"geometry":{"type":"Polygon","coordinates":[[[18.7,-2.18],[18.81,-2.07],[18.88,-2.03],[18.91,-2.0],[18.95,-2.02],[18.95,-2.12],[18.91,-2.15],[18.91,-2.18],[18.88,-2.23],[18.84,-2.27],[18.73,-2.3],[18.7,-2.3],[18.66,-2.32],[18.66,-2.33],[18.63,-2.35],[18.63,-2.4],[18.59,-2.4],[18.59,-2.32],[18.63,-2.28],[18.66,-2.25],[18.66,-2.22],[18.7,-2.18]]]}},{"type":"Feature","properties":{"precip":10},"geometry":{"type":"Polygon","coordinates":[[[89.25,-2.1],[89.25,-2.02],[89.25,-2.0],[89.32,-2.0],[89.32,-2.02],[89.43,-2.12],[89.43,-2.15],[89.46,-2.18],[89.46,-2.28],[89.46,-2.3],[89.54,-2.3],[89.54,-2.48],[89.57,-2.52],[89.57,-2.58],[89.61,-2.6],[89.61,-2.58],[89.64,-2.58],[89.64,-2.4],[89.68,-2.35],[89.68,-2.32],[89.68,-2.3],[89.79,-2.3],[89.9,-2.38],[89.9,-2.4],[89.9,-2.42],[89.9,-2.48],[89.9,-2.5],[89.9,-2.53],[89.86,-2.55],[89.86,-2.57],[89.82,-2.57],[89.82,-2.58],[89.75,-2.6],[89.68,-2.6],[89.61,-2.68],[89.46,-2.92],[89.46,-3.1],[89.54,-3.1],[89.54,-3.05],[89.61,-3.0],[89.68,-3.0],[89.75,-2.97],[89.75,-2.85],[89.79,-2.82],[89.82,-2.8],[89.9,-2.8],[89.9,-2.77],[89.97,-2.75],[89.97,-2.72],[90.04,-2.7],[90.11,-2.72],[90.11,-2.93],[90.11,-2.97],[90.11,-3.0],[90.08,-3.0],[90.08,-3.03],[90.0,-3.1],[90.0,-3.12],[89.97,-3.13],[89.97,-3.28],[90.04,-3.3],[90.11,-3.28],[90.11,-3.23],[90.22,-3.2],[90.26,-3.2],[90.33,-3.15],[90.4,-3.13],[90.4,-3.1],[90.44,-3.1],[90.44,-3.05],[90.54,-3.0],[90.76,-3.0],[90.83,-3.02],[90.83,-3.05],[90.87,-3.07],[90.87,-3.13],[90.83,-3.15],[90.83,-3.18],[90.76,-3.2],[90.72,-3.2],[90.69,-3.22],[90.62,-3.28],[90.62,-3.3],[90.54,-3.32],[90.54,-3.37],[90.47,-3.4],[90.44,-3.4],[90.33,-3.43],[90.33,-3.45],[90.33,-3.48],[90.29,-3.5],[90.26,-3.57],[90.18,-3.58],[90.11,-3.6],[90.08,-3.63],[90.08,-3.67],[90.04,-3.7],[90.04,-3.75],[90.08,-3.77],[90.08,-3.8],[90.11,-3.83],[90.11,-3.86],[90.11,-3.88],[90.11,-3.91],[90.04,-3.98],[89.97,-4.0],[89.9,-4.0],[89.86,-4.03],[89.79,-4.13],[89.68,-4.18],[89.68,-4.23],[89.68,-4.28],[89.64,-4.31],[89.64,-4.38],[89.57,-4.4],[89.54,-4.36],[89.54,-4.31],[89.43,-4.36],[89.39,-4.4],[89.39,-4.43],[89.25,-4.51],[89.25,-4.58],[89.32,-4.58],[89.32,-4.61],[89.36,-4.63],[89.36,-4.68],[89.25,-4.81],[89.21,-4.9],[89.1,-5.0],[89.03,-5.06],[88.96,-5.13],[88.89,-5.16],[88.82,-5.15],[88.82,-5.13],[88.78,-5.1],[88.71,-5.1],[88.67,-5.06],[88.6,-5.06],[88.6,-5.0],[88.56,-5.0],[88.35,-5.15],[88.28,-5.25],[88.06,-5.45],[87.92,-5.53],[87.88,-5.58],[87.84,-5.65],[87.7,-5.7],[87.63,-5.71],[87.48,-5.71],[87.45,-5.73],[87.45,-5.78],[87.38,-5.8],[87.38,-5.73],[87.3,-5.71],[87.3,-5.53],[87.27,-5.51],[87.23,-5.56],[87.09,-5.66],[87.09,-5.68],[87.05,-5.68],[87.05,-5.63],[87.05,-5.6],[87.09,-5.6],[87.09,-5.56],[87.16,-5.55],[87.16,-5.43],[87.2,-5.41],[87.27,-5.4],[87.3,-5.4],[87.41,-5.36],[87.48,-5.31],[87.48,-5.28],[87.59,-5.21],[87.63,-5.15],[87.63,-5.1],[87.66,-5.01],[87.66,-4.93],[87.7,-4.9],[87.74,-4.9],[87.84,-4.86],[87.84,-4.51],[87.88,-4.46],[87.88,-4.41],[87.92,-4.36],[87.92,-4.25],[88.02,-4.2],[88.1,-4.2],[88.13,-4.16],[88.13,-4.13],[88.17,-4.1],[88.17,-4.01],[88.24,-4.0],[88.31,-3.98],[88.38,-3.88],[88.38,-3.85],[88.46,-3.8],[88.46,-3.67],[88.49,-3.63],[88.49,-3.6],[88.6,-3.52],[88.6,-3.48],[88.6,-3.45],[88.6,-3.25],[88.67,-3.22],[88.67,-3.12],[88.74,-3.1],[88.74,-2.95],[88.78,-2.93],[88.78,-2.9],[88.82,-2.9],[88.82,-2.87],[88.82,-2.82],[88.82,-2.43],[88.89,-2.35],[88.92,-2.28],[88.96,-2.25],[89.0,-2.22],[89.03,-2.2],[89.18,-2.2],[89.21,-2.18],[89.21,-2.17],[89.25,-2.15],[89.25,-2.1]],[[89.39,-3.77],[89.32,-3.72],[89.25,-3.72],[89.25,-3.78],[89.21,-3.78],[89.1,-3.81],[89.0,-3.88],[88.92,-4.0],[88.82,-4.15],[88.82,-4.33],[88.89,-4.38],[88.92,-4.38],[89.03,-4.26],[89.03,-4.23],[89.21,-4.16],[89.25,-4.13],[89.32,-4.08],[89.39,-4.01],[89.43,-3.98],[89.43,-3.93],[89.46,-3.9],[89.46,-3.86],[89.43,-3.86],[89.43,-3.83],[89.39,-3.8],[89.39,-3.77]],[[88.96,-3.86],[88.96,-3.83],[88.92,-3.8],[88.82,-3.81],[88.82,-3.88],[88.92,-3.88],[88.96,-3.86]],[[88.6,-4.55],[88.6,-4.5],[88.56,-4.51],[88.56,-4.58],[88.6,-4.6],[88.6,-4.55]]]}},{"type":"Feature","properties":{"precip":10},"geometry":{"type":"Polygon","coordinates":[[[92.67,-2.05],[92.67,-2.0],[92.7,-2.0],[92.7,-2.1],[92.67,-2.1],[92.67,-2.05]]]}},{"type":"Feature","properties":{"precip":10},"geometry":{"type":"Polygon","coordinates":[[[65.06,-2.15],[65.06,-2.12],[65.1,-2.1],[65.13,-2.1],[65.13,-2.13],[65.17,-2.15],[65.13,-2.17],[65.13,-2.2],[65.1,-2.2],[65.06,-2.18],[65.06,-2.15]]]}},{"type":"Feature","properties":{"precip":10},"geometry":{"type":"Polygon","coordinates":[[[19.45,-2.35],[19.45,-2.3],[19.53,-2.3],[19.53,-2.32],[19.56,-2.33],[19.56,-2.37],[19.53,-2.38],[19.53,-2.4],[19.45,-2.4],[19.45,-2.35]]]}},{"type":"Feature","properties":{"precip":10},"geometry":{"type":"Polygon","coordinates":[[[20.82,-2.38],[20.82,-2.37],[20.86,-2.35],[20.86,-2.33],[20.89,-2.32],[20.93,-2.32],[20.93,-2.3],[21.04,-2.3],[21.11,-2.33],[21.18,-2.38],[21.22,-2.43],[21.29,-2.48],[21.33,-2.53],[21.33,-2.58],[21.29,-2.58],[21.29,-2.62],[21.25,-2.63],[21.25,-2.75],[21.22,-2.77],[21.18,-2.8],[21.04,-2.8],[20.97,-2.82],[20.97,-2.87],[21.0,-2.9],[21.07,-2.98],[21.07,-3.0],[21.15,-2.98],[21.15,-2.93],[21.22,-2.9],[21.29,-2.9],[21.36,-2.95],[21.33,-3.0],[21.25,-3.02],[21.25,-3.15],[21.29,-3.17],[21.29,-3.2],[21.4,-3.2],[21.43,-3.23],[21.43,-3.48],[21.33,-3.5],[21.07,-3.5],[20.97,-3.53],[20.97,-3.58],[20.93,-3.62],[20.93,-3.67],[20.89,-3.7],[20.89,-3.72],[20.82,-3.78],[20.71,-3.8],[20.64,-3.83],[20.64,-3.86],[20.68,-3.86],[20.71,-3.9],[20.82,-3.9],[20.93,-3.93],[21.04,-4.01],[21.04,-4.1],[20.93,-4.1],[20.86,-4.13],[20.82,-4.15],[20.82,-4.2],[20.79,-4.2],[20.79,-4.15],[20.71,-4.13],[20.57,-4.1],[20.43,-4.1],[20.35,-4.06],[20.35,-4.01],[20.32,-4.0],[20.21,-4.0],[20.14,-3.96],[20.07,-3.86],[20.07,-3.72],[20.1,-3.68],[20.14,-3.68],[20.14,-3.63],[20.07,-3.58],[20.07,-3.47],[20.03,-3.42],[20.03,-3.37],[19.99,-3.32],[19.99,-3.28],[19.92,-3.22],[19.89,-3.2],[19.81,-3.2],[19.78,-3.18],[19.78,-3.15],[19.74,-3.15],[19.74,-3.05],[19.81,-3.0],[19.89,-3.0],[19.92,-3.0],[19.99,-3.0],[20.03,-2.98],[20.03,-2.95],[20.07,-2.92],[20.07,-2.87],[20.1,-2.8],[20.25,-2.72],[20.32,-2.7],[20.39,-2.7],[20.43,-2.72],[20.46,-2.77],[20.53,-2.77],[20.61,-2.7],[20.68,-2.63],[20.75,-2.55],[20.75,-2.43],[20.79,-2.43],[20.79,-2.4],[20.82,-2.38]],[[21.25,-3.25],[21.25,-3.22],[21.22,-3.2],[21.15,-3.22],[21.15,-3.28],[21.22,-3.3],[21.25,-3.28],[21.25,-3.25]],[[21.15,-3.35],[21.15,-3.32],[21.07,-3.3],[21.04,-3.33],[21.04,-3.37],[21.07,-3.4],[21.15,-3.38],[21.15,-3.35]],[[20.53,-3.45],[20.53,-3.42],[20.46,-3.42],[20.46,-3.48],[20.53,-3.5],[20.53,-3.45]],[[20.39,-3.58],[20.32,-3.52],[20.28,-3.5],[20.25,-3.53],[20.25,-3.75],[20.32,-3.8],[20.39,-3.8],[20.43,-3.78],[20.43,-3.75],[20.46,-3.72],[20.46,-3.7],[20.43,-3.65],[20.43,-3.62],[20.39,-3.58]]]}},{"type":"Feature","properties":{"precip":10},"geometry":{"type":"Polygon","coordinates":[[[65.74,-2.35],[65.74,-2.33],[65.78,-2.32],[65.78,-2.3],[65.92,-2.3],[65.92,-2.32],[65.96,-2.33],[65.96,-2.37],[66.0,-2.4],[66.14,-2.4],[66.21,-2.38],[66.25,-2.37],[66.28,-2.33],[66.28,-2.3],[66.32,-2.3],[66.32,-2.33],[66.35,-2.35],[66.35,-2.37],[66.39,-2.38],[66.39,-2.4],[66.46,-2.4],[66.53,-2.43],[66.53,-2.58],[66.46,-2.6],[66.39,-2.6],[66.39,-2.62],[66.35,-2.63],[66.35,-2.72],[66.32,-2.75],[66.32,-2.8],[66.28,-2.82],[66.25,-2.85],[66.25,-2.87],[66.21,-2.88],[66.18,-2.93],[66.18,-2.98],[66.14,-3.0],[66.14,-3.03],[66.18,-3.05],[66.18,-3.1],[66.21,-3.1],[66.28,-3.1],[66.35,-3.12],[66.35,-3.15],[66.32,-3.17],[66.32,-3.2],[66.28,-3.23],[66.18,-3.28],[66.1,-3.28],[66.03,-3.28],[65.96,-3.3],[65.67,-3.3],[65.56,-3.33],[65.56,-3.47],[65.6,-3.52],[65.67,-3.58],[65.71,-3.58],[65.78,-3.52],[65.85,-3.5],[65.92,-3.53],[66.0,-3.6],[66.07,-3.72],[66.07,-3.77],[66.14,-3.8],[66.43,-3.8],[66.5,-3.78],[66.61,-3.77],[66.64,-3.75],[66.68,-3.72],[66.75,-3.63],[66.75,-3.53],[66.79,-3.5],[66.86,-3.48],[66.86,-3.43],[66.79,-3.4],[66.75,-3.4],[66.68,-3.37],[66.64,-3.32],[66.57,-3.28],[66.46,-3.15],[66.46,-3.02],[66.61,-2.93],[66.71,-2.9],[66.93,-2.9],[67.04,-2.95],[67.18,-3.07],[67.18,-3.1],[67.25,-3.1],[67.33,-3.13],[67.36,-3.15],[67.36,-3.18],[67.33,-3.23],[67.25,-3.33],[67.22,-3.4],[67.11,-3.48],[67.11,-3.52],[67.07,-3.53],[67.04,-3.58],[67.15,-3.6],[67.29,-3.6],[67.36,-3.63],[67.36,-3.67],[67.47,-3.7],[67.76,-3.7],[67.87,-3.65],[67.87,-3.62],[67.9,-3.6],[68.01,-3.6],[68.05,-3.62],[68.05,-3.7],[67.97,-3.72],[67.97,-3.75],[67.94,-3.77],[67.94,-3.86],[67.87,-3.9],[67.79,-3.9],[67.65,-3.96],[67.58,-4.03],[67.43,-4.15],[67.36,-4.25],[67.29,-4.28],[67.22,-4.36],[67.07,-4.43],[67.07,-4.45],[67.04,-4.48],[67.04,-4.56],[66.97,-4.6],[66.71,-4.6],[66.64,-4.65],[66.64,-4.76],[66.61,-4.8],[66.46,-4.8],[66.39,-4.81],[66.35,-4.85],[66.35,-5.05],[66.39,-5.1],[66.53,-5.1],[66.64,-5.13],[66.64,-5.15],[66.71,-5.18],[66.79,-5.18],[66.82,-5.2],[67.07,-5.2],[67.18,-5.18],[67.25,-5.15],[67.29,-5.13],[67.29,-5.1],[67.4,-5.01],[67.47,-5.0],[67.72,-5.0],[67.79,-5.0],[67.87,-5.0],[67.97,-4.95],[67.97,-4.91],[68.01,-4.9],[68.05,-4.93],[68.05,-4.96],[68.23,-5.0],[68.3,-5.0],[68.41,-5.0],[68.51,-4.98],[68.55,-4.95],[68.55,-4.91],[68.59,-4.9],[68.66,-4.9],[68.66,-4.88],[68.77,-4.85],[68.84,-4.78],[68.84,-4.75],[68.91,-4.71],[68.98,-4.65],[69.05,-4.61],[69.13,-4.6],[69.38,-4.6],[69.41,-4.58],[69.49,-4.58],[69.49,-4.56],[69.56,-4.56],[69.56,-4.53],[69.63,-4.5],[69.74,-4.5],[69.85,-4.45],[69.85,-4.43],[69.92,-4.4],[69.95,-4.33],[70.06,-4.3],[70.28,-4.3],[70.35,-4.35],[70.35,-4.45],[70.46,-4.5],[70.67,-4.5],[70.67,-4.51],[70.75,-4.51],[70.75,-4.56],[70.71,-4.56],[70.71,-4.6],[70.64,-4.66],[70.53,-4.71],[70.46,-4.71],[70.46,-4.76],[70.42,-4.76],[70.35,-4.8],[70.21,-4.8],[70.17,-4.81],[70.1,-4.81],[70.06,-4.83],[70.06,-4.86],[69.95,-4.9],[69.77,-4.9],[69.67,-4.95],[69.56,-5.01],[69.52,-5.08],[69.45,-5.15],[69.49,-5.2],[69.67,-5.2],[69.74,-5.23],[69.74,-5.28],[69.67,-5.3],[69.67,-5.43],[69.63,-5.43],[69.63,-5.5],[69.56,-5.51],[69.56,-5.65],[69.52,-5.68],[69.45,-5.71],[69.31,-5.71],[69.23,-5.75],[69.23,-5.78],[69.16,-5.8],[69.02,-5.8],[68.98,-5.81],[68.91,-5.81],[68.84,-5.85],[68.84,-5.86],[68.73,-5.9],[68.59,-5.9],[68.55,-5.91],[68.48,-5.91],[68.44,-5.95],[68.44,-5.98],[68.37,-6.0],[68.3,-6.0],[68.26,-6.01],[68.26,-6.06],[68.23,-6.06],[68.19,-6.1],[68.08,-6.1],[68.05,-6.06],[68.05,-6.03],[67.97,-6.0],[67.79,-6.0],[67.76,-6.0],[67.65,-5.98],[67.65,-5.93],[67.54,-5.9],[67.36,-5.9],[67.25,-5.86],[67.25,-5.83],[67.22,-5.81],[67.15,-5.81],[67.15,-5.8],[67.0,-5.8],[66.97,-5.78],[66.97,-5.75],[66.89,-5.71],[66.82,-5.71],[66.79,-5.71],[66.46,-5.71],[66.39,-5.7],[66.25,-5.7],[66.14,-5.65],[66.14,-5.61],[66.07,-5.6],[65.96,-5.6],[65.89,-5.56],[65.85,-5.56],[65.85,-5.53],[65.78,-5.5],[65.71,-5.5],[65.67,-5.48],[65.67,-5.43],[65.64,-5.43],[65.64,-5.38],[65.67,-5.36],[65.67,-5.31],[65.71,-5.3],[65.78,-5.3],[65.85,-5.28],[65.85,-5.23],[65.82,-5.23],[65.74,-5.2],[65.56,-5.2],[65.46,-5.16],[65.46,-5.05],[65.38,-5.0],[64.95,-5.0],[64.84,-5.05],[64.81,-5.08],[64.77,-5.15],[64.66,-5.18],[64.66,-5.2],[64.52,-5.2],[64.45,-5.23],[64.45,-5.28],[64.34,-5.28],[64.3,-5.3],[64.02,-5.3],[63.94,-5.35],[63.94,-5.46],[63.87,-5.5],[63.55,-5.5],[63.44,-5.48],[63.3,-5.43],[63.3,-5.4],[63.26,-5.38],[63.26,-5.31],[63.3,-5.31],[63.33,-5.28],[63.33,-5.0],[63.3,-4.98],[63.26,-4.98],[63.26,-4.93],[63.33,-4.9],[63.33,-4.73],[63.22,-4.61],[63.19,-4.61],[63.08,-4.7],[63.08,-4.66],[63.04,-4.61],[63.01,-4.6],[62.97,-4.61],[62.97,-4.66],[62.94,-4.71],[62.94,-4.76],[62.9,-4.8],[62.79,-4.8],[62.72,-4.73],[62.72,-4.71],[62.68,-4.71],[62.68,-4.73],[62.65,-4.75],[62.61,-4.8],[62.5,-4.8],[62.47,-4.76],[62.43,-4.76],[62.43,-4.71],[62.4,-4.71],[62.36,-4.73],[62.36,-4.78],[62.29,-4.8],[62.29,-4.75],[62.25,-4.7],[62.25,-4.38],[62.29,-4.35],[62.29,-4.3],[62.32,-4.3],[62.32,-4.28],[62.36,-4.26],[62.36,-4.11],[62.43,-4.1],[62.43,-4.05],[62.47,-4.03],[62.47,-3.93],[62.5,-3.88],[62.61,-3.83],[62.76,-3.8],[62.83,-3.8],[62.94,-3.83],[62.94,-3.9],[62.86,-3.9],[62.86,-4.0],[62.97,-4.0],[63.04,-3.96],[63.08,-3.91],[63.12,-3.9],[63.12,-3.86],[63.15,-3.85],[63.15,-3.72],[63.19,-3.7],[63.26,-3.72],[63.26,-3.78],[63.33,-3.8],[63.48,-3.8],[63.55,-3.77],[63.55,-3.68],[63.58,-3.65],[63.58,-3.6],[63.62,-3.58],[63.62,-3.57],[63.69,-3.52],[63.69,-3.48],[63.73,-3.47],[63.73,-3.42],[63.76,-3.38],[63.76,-3.27],[63.84,-3.17],[63.87,-3.15],[63.94,-3.12],[64.05,-3.1],[64.12,-3.07],[64.12,-3.05],[64.2,-3.02],[64.2,-3.0],[64.27,-2.92],[64.34,-2.9],[64.41,-2.92],[64.45,-2.95],[64.48,-3.0],[64.56,-3.05],[64.59,-3.12],[64.66,-3.17],[64.74,-3.18],[64.74,-3.17],[64.81,-3.12],[64.81,-3.1],[64.84,-3.05],[65.06,-2.97],[65.06,-2.93],[65.13,-2.87],[65.2,-2.83],[65.2,-2.82],[65.28,-2.8],[65.38,-2.8],[65.42,-2.77],[65.46,-2.75],[65.46,-2.65],[65.42,-2.63],[65.42,-2.6],[65.35,-2.58],[65.35,-2.55],[65.46,-2.45],[65.56,-2.42],[65.64,-2.4],[65.71,-2.4],[65.71,-2.38],[65.74,-2.38],[65.74,-2.35]],[[64.16,-3.25],[64.12,-3.2],[64.05,-3.23],[64.02,-3.28],[63.94,-3.38],[63.98,-3.43],[63.98,-3.5],[64.09,-3.58],[64.23,-3.6],[64.3,-3.6],[64.34,-3.62],[64.34,-3.67],[64.41,-3.7],[64.41,-3.67],[64.45,-3.65],[64.45,-3.35],[64.38,-3.3],[64.27,-3.3],[64.16,-3.28],[64.16,-3.25]],[[65.35,-3.65],[65.35,-3.63],[65.28,-3.6],[65.13,-3.6],[65.06,-3.62],[65.06,-3.68],[65.13,-3.7],[65.28,-3.7],[65.35,-3.67],[65.35,-3.65]],[[65.67,-3.77],[65.67,-3.75],[65.64,-3.72],[65.6,-3.72],[65.53,-3.75],[65.53,-3.78],[65.46,-3.85],[65.46,-3.86],[65.53,-3.9],[65.67,-3.9],[65.82,-3.86],[65.89,-3.83],[65.96,-3.75],[65.96,-3.72],[65.89,-3.7],[65.82,-3.72],[65.74,-3.75],[65.74,-3.77],[65.67,-3.8],[65.67,-3.77]],[[66.07,-3.86],[66.03,-3.83],[66.03,-3.8],[65.96,-3.81],[65.96,-3.88],[66.03,-3.9],[66.03,-3.86],[66.07,-3.86]],[[68.95,-5.35],[68.95,-5.33],[68.87,-5.3],[68.73,-5.3],[68.66,-5.33],[68.66,-5.36],[68.73,-5.4],[68.87,-5.4],[68.95,-5.36],[68.95,-5.35]]]}},{"type":"Feature","properties":{"precip":10},"geometry":{"type":"Polygon","coordinates":[[[11.97,-2.45],[11.97,-2.43],[12.0,-2.42],[12.08,-2.42],[12.11,-2.4],[12.18,-2.4],[12.22,-2.42],[12.29,-2.42],[12.36,-2.43],[12.36,-2.45],[12.33,-2.47],[12.33,-2.48],[12.26,-2.48],[12.22,-2.5],[12.08,-2.5],[12.04,-2.48],[11.97,-2.48],[11.97,-2.45]]]}},{"type":"Feature","properties":{"precip":10},"geometry":{"type":"Polygon","coordinates":[[[15.35,-2.55],[15.35,-2.43],[15.39,-2.42],[15.53,-2.53],[15.64,-2.67],[15.64,-2.8],[15.57,-2.8],[15.57,-2.75],[15.53,-2.73],[15.53,-2.72],[15.46,-2.7],[15.39,-2.7],[15.39,-2.67],[15.35,-2.65],[15.35,-2.55]]]}},{"type":"Feature","properties":{"precip":10},"geometry":{"type":"Polygon","coordinates":[[[67.61,-2.47],[67.61,-2.45],[67.65,-2.43],[67.69,-2.43],[67.72,-2.42],[67.79,-2.42],[67.83,-2.4],[67.87,-2.4],[67.87,-2.42],[67.9,-2.42],[67.94,-2.43],[67.94,-2.58],[67.87,-2.6],[67.83,-2.6],[67.79,-2.62],[67.79,-2.63],[67.72,-2.67],[67.69,-2.7],[67.69,-2.73],[67.54,-2.8],[67.47,-2.8],[67.43,-2.73],[67.47,-2.72],[67.51,-2.7],[67.54,-2.7],[67.54,-2.58],[67.58,-2.58],[67.58,-2.52],[67.61,-2.48],[67.61,-2.47]]]}},{"type":"Feature","properties":{"precip":10},"geometry":{"type":"Polygon","coordinates":[[[90.33,-2.45],[90.33,-2.42],[90.4,-2.4],[90.4,-2.42],[90.44,-2.43],[90.47,-2.47],[90.51,-2.52],[90.54,-2.53],[90.54,-2.58],[90.51,-2.58],[90.47,-2.58],[90.44,-2.6],[90.33,-2.6],[90.29,-2.58],[90.22,-2.58],[90.11,-2.57],[90.11,-2.53],[90.22,-2.5],[90.29,-2.5],[90.29,-2.48],[90.33,-2.48],[90.33,-2.47],[90.33,-2.45]]]}},{"type":"Feature","properties":{"precip":10},"geometry":{"type":"Polygon","coordinates":[[[90.76,-2.45],[90.76,-2.42],[90.76,-2.4],[90.83,-2.42],[90.83,-2.43],[90.87,-2.43],[90.87,-2.45],[90.83,-2.47],[90.83,-2.5],[90.76,-2.5],[90.76,-2.48],[90.76,-2.45]]]}},{"type":"Feature","properties":{"precip":10},"geometry":{"type":"Polygon","coordinates":[[[5.06,-2.6],[5.06,-2.52],[5.09,-2.52],[5.09,-2.5],[5.13,-2.52],[5.13,-2.57],[5.16,-2.58],[5.16,-2.62],[5.13,-2.63],[5.13,-2.7],[5.06,-2.68],[5.06,-2.6]]]}},{"type":"Feature","properties":{"precip":10},"geometry":{"type":"Polygon","coordinates":[[[19.17,-2.55],[19.17,-2.5],[19.2,-2.5],[19.24,-2.52],[19.24,-2.58],[19.2,-2.58],[19.2,-2.6],[19.17,-2.58],[19.17,-2.55]]]}},{"type":"Feature","properties":{"precip":10},"geometry":{"type":"Polygon","coordinates":[[[21.9,-2.58],[21.97,-2.52],[22.01,-2.5],[22.01,-2.52],[22.05,-2.53],[22.05,-2.77],[22.01,-2.8],[21.9,-2.8],[21.87,-2.78],[21.87,-2.62],[21.9,-2.58]]]}},{"type":"Feature","properties":{"precip":10},"geometry":{"type":"Polygon","coordinates":[[[66.75,-2.55],[66.75,-2.52],[66.79,-2.52],[66.82,-2.5],[66.89,-2.5],[66.89,-2.52],[66.93,-2.52],[66.93,-2.53],[66.97,-2.55],[66.97,-2.57],[66.93,-2.58],[66.89,-2.58],[66.82,-2.6],[66.82,-2.58],[66.79,-2.58],[66.75,-2.58],[66.75,-2.55]]]}},{"type":"Feature","properties":{"precip":10},"geometry":{"type":"Polygon","coordinates":[[[68.77,-2.58],[68.77,-2.5],[68.8,-2.52],[68.84,-2.52],[68.84,-2.55],[68.91,-2.6],[68.91,-2.62],[68.95,-2.63],[68.95,-2.67],[68.91,-2.68],[68.91,-2.72],[68.87,-2.72],[68.84,-2.77],[68.77,-2.8],[68.69,-2.82],[68.69,-2.85],[68.62,-2.88],[68.59,-2.93],[68.51,-2.98],[68.48,-3.0],[68.41,-3.1],[68.33,-3.15],[68.26,-3.17],[68.26,-3.15],[68.23,-3.12],[68.12,-3.1],[68.05,-3.05],[68.05,-3.0],[68.08,-2.95],[68.08,-2.92],[68.12,-2.87],[68.15,-2.85],[68.23,-2.83],[68.3,-2.8],[68.37,-2.8],[68.44,-2.83],[68.48,-2.87],[68.62,-2.78],[68.66,-2.73],[68.73,-2.62],[68.77,-2.58]]]}},{"type":"Feature","properties":{"precip":10},"geometry":{"type":"Polygon","coordinates":[[[17.8,-2.68],[17.83,-2.67],[17.83,-2.65],[17.91,-2.62],[17.94,-2.62],[17.94,-2.6],[18.09,-2.6],[18.12,-2.62],[18.12,-2.65],[18.16,-2.7],[18.16,-2.97],[18.23,-3.0],[18.23,-2.97],[18.27,-2.97],[18.27,-2.92],[18.3,-2.9],[18.41,-2.9],[18.45,-2.92],[18.45,-2.97],[18.48,-3.0],[18.55,-3.0],[18.59,-3.0],[18.7,-3.0],[18.73,-3.02],[18.73,-3.07],[18.77,-3.1],[18.91,-3.12],[18.95,-3.15],[18.99,-3.2],[19.06,-3.25],[19.09,-3.28],[19.24,-3.3],[19.31,-3.3],[19.42,-3.28],[19.45,-3.22],[19.53,-3.22],[19.56,-3.25],[19.63,-3.33],[19.63,-3.5],[19.56,-3.52],[19.56,-3.6],[19.53,-3.65],[19.53,-3.68],[19.49,-3.72],[19.42,-3.78],[19.42,-3.8],[19.35,-3.78],[19.35,-3.63],[19.31,-3.63],[19.31,-3.6],[19.24,-3.6],[19.13,-3.57],[19.13,-3.52],[19.09,-3.5],[19.06,-3.57],[18.99,-3.58],[18.91,-3.6],[18.84,-3.65],[18.88,-3.7],[18.95,-3.72],[18.95,-3.75],[18.91,-3.77],[18.91,-3.81],[18.88,-3.83],[18.84,-3.86],[18.77,-3.88],[18.77,-3.86],[18.73,-3.85],[18.73,-3.81],[18.63,-3.8],[18.55,-3.77],[18.55,-3.75],[18.48,-3.72],[18.45,-3.75],[18.37,-3.85],[18.37,-3.86],[18.34,-3.91],[18.34,-3.98],[18.3,-4.0],[18.23,-4.0],[18.19,-3.96],[18.12,-3.93],[18.05,-3.86],[18.05,-3.83],[18.01,-3.81],[17.98,-3.83],[17.8,-3.98],[17.8,-4.0],[17.76,-4.0],[17.76,-3.75],[17.8,-3.72],[17.8,-3.68],[17.83,-3.68],[17.83,-3.63],[17.76,-3.58],[17.76,-3.47],[17.73,-3.45],[17.73,-3.42],[17.69,-3.4],[17.62,-3.4],[17.55,-3.43],[17.55,-3.48],[17.62,-3.5],[17.62,-3.55],[17.65,-3.57],[17.65,-3.75],[17.62,-3.75],[17.62,-3.8],[17.58,-3.8],[17.58,-3.77],[17.55,-3.75],[17.55,-3.63],[17.51,-3.6],[17.47,-3.6],[17.47,-3.53],[17.44,-3.52],[17.44,-3.32],[17.4,-3.28],[17.37,-3.28],[17.37,-2.92],[17.4,-2.9],[17.47,-2.9],[17.47,-2.88],[17.55,-2.87],[17.55,-2.85],[17.58,-2.85],[17.58,-2.8],[17.62,-2.8],[17.62,-2.85],[17.69,-2.9],[17.76,-2.87],[17.76,-2.72],[17.8,-2.72],[17.8,-2.68]],[[17.55,-3.25],[17.55,-3.22],[17.47,-3.2],[17.44,-3.23],[17.44,-3.28],[17.47,-3.28],[17.47,-3.3],[17.55,-3.28],[17.55,-3.25]]]}},{"type":"Feature","properties":{"precip":10},"geometry":{"type":"Polygon","coordinates":[[[28.06,-2.65],[28.06,-2.63],[28.13,-2.6],[28.27,-2.6],[28.35,-2.63],[28.35,-2.67],[28.27,-2.7],[28.13,-2.7],[28.06,-2.67],[28.06,-2.65]]]}},{"type":"Feature","properties":{"precip":10},"geometry":{"type":"Polygon","coordinates":[[[75.86,-2.7],[75.86,-2.63],[75.93,-2.6],[75.97,-2.6],[76.04,-2.63],[76.11,-2.7],[76.11,-2.73],[76.15,-2.75],[76.15,-2.95],[76.18,-2.97],[76.18,-3.0],[76.25,-3.02],[76.25,-3.07],[76.22,-3.1],[76.15,-3.15],[76.04,-3.17],[75.93,-3.2],[75.86,-3.2],[75.75,-3.17],[75.75,-3.13],[75.82,-3.1],[75.89,-3.1],[75.93,-3.07],[75.97,-3.07],[75.97,-3.03],[75.89,-3.0],[75.82,-3.0],[75.75,-2.97],[75.75,-2.83],[75.79,-2.8],[75.82,-2.8],[75.82,-2.77],[75.86,-2.75],[75.86,-2.7]]]}},{"type":"Feature","properties":{"precip":10},"geometry":{"type":"Polygon","coordinates":[[[76.9,-2.65],[76.9,-2.63],[76.97,-2.62],[76.97,-2.6],[77.05,-2.6],[77.05,-2.7],[76.97,-2.7],[76.97,-2.68],[76.9,-2.67],[76.9,-2.65]]]}},{"type":"Feature","properties":{"precip":10},"geometry":{"type":"Polygon","coordinates":[[[67.04,-2.75],[67.07,-2.72],[67.15,-2.7],[67.18,-2.7],[67.25,-2.72],[67.25,-2.77],[67.22,-2.8],[67.11,-2.8],[67.07,-2.77],[67.04,-2.75]]]}},{"type":"Feature","properties":{"precip":10},"geometry":{"type":"Polygon","coordinates":[[[21.43,-2.98],[21.47,-2.95],[21.47,-2.92],[21.51,-2.9],[21.61,-2.9],[21.61,-2.93],[21.65,-2.95],[21.65,-3.18],[21.61,-3.2],[21.54,-3.15],[21.51,-3.12],[21.51,-3.1],[21.47,-3.05],[21.47,-3.0],[21.43,-2.98]]]}},{"type":"Feature","properties":{"precip":10},"geometry":{"type":"Polygon","coordinates":[[[21.83,-2.98],[21.83,-2.95],[21.94,-2.92],[22.01,-2.9],[22.05,-2.9],[22.12,-2.92],[22.15,-2.93],[22.15,-2.98],[22.23,-3.0],[22.33,-3.03],[22.37,-3.07],[22.44,-3.15],[22.44,-3.27],[22.48,-3.28],[22.48,-3.3],[22.55,-3.32],[22.55,-3.35],[22.51,-3.38],[22.44,-3.4],[22.08,-3.4],[21.97,-3.38],[21.83,-3.33],[21.76,-3.25],[21.76,-3.05],[21.83,-2.98]]]}},{"type":"Feature","properties":{"precip":10},"geometry":{"type":"Polygon","coordinates":[[[77.77,-2.98],[77.84,-2.95],[77.95,-2.92],[77.98,-2.9],[78.13,-2.9],[78.16,-2.93],[78.16,-2.97],[78.09,-3.02],[77.98,-3.07],[77.91,-3.1],[77.77,-3.1],[77.77,-3.03],[77.77,-3.0],[77.77,-2.98]]]}},{"type":"Feature","properties":{"precip":10},"geometry":{"type":"Polygon","coordinates":[[[91.05,-2.95],[91.05,-2.92],[91.08,-2.9],[91.16,-2.92],[91.16,-2.98],[91.12,-3.0],[91.05,-2.98],[91.05,-2.95]]]}},{"type":"Feature","properties":{"precip":10},"geometry":{"type":"Polygon","coordinates":[[[92.05,-2.95],[92.05,-2.92],[92.13,-2.9],[92.16,-2.93],[92.16,-2.97],[92.05,-3.0],[92.05,-2.95]]]}},{"type":"Feature","properties":{"precip":10},"geometry":{"type":"Polygon","coordinates":[[[19.24,-3.05],[19.31,-3.0],[19.42,-3.0],[19.45,-3.03],[19.45,-3.07],[19.42,-3.1],[19.31,-3.1],[19.24,-3.05]]]}},{"type":"Feature","properties":{"precip":10},"geometry":{"type":"Polygon","coordinates":[[[95.4,-3.2],[95.4,-3.18],[95.47,-3.13],[95.51,-3.1],[95.62,-3.12],[95.65,-3.15],[95.65,-3.28],[95.51,-3.32],[95.51,-3.37],[95.58,-3.4],[95.65,-3.4],[95.73,-3.42],[95.73,-3.43],[95.69,-3.5],[95.62,-3.5],[95.51,-3.55],[95.51,-3.58],[95.58,-3.6],[95.65,-3.63],[95.65,-3.67],[95.51,-3.75],[95.44,-3.8],[95.37,-3.8],[95.37,-3.75],[95.29,-3.75],[95.29,-3.72],[95.22,-3.7],[95.15,-3.67],[95.08,-3.63],[95.08,-3.6],[95.04,-3.53],[95.04,-3.47],[95.08,-3.4],[95.08,-3.37],[95.22,-3.3],[95.29,-3.3],[95.29,-3.28],[95.37,-3.27],[95.4,-3.2]]]}},{"type":"Feature","properties":{"precip":10},"geometry":{"type":"Polygon","coordinates":[[[76.58,-3.4],[76.33,-3.4],[76.25,-3.38],[76.25,-3.32],[76.25,-3.3],[76.36,-3.3],[76.43,-3.28],[76.43,-3.25],[76.47,-3.25],[76.47,-3.22],[76.54,-3.22],[76.58,-3.2],[76.79,-3.2],[76.83,-3.22],[76.83,-3.28],[76.79,-3.33],[76.69,-3.35],[76.65,-3.38],[76.58,-3.4]]]}},{"type":"Feature","properties":{"precip":10},"geometry":{"type":"Polygon","coordinates":[[[86.84,-3.3],[86.84,-3.28],[86.84,-3.27],[86.84,-3.2],[86.87,-3.2],[86.94,-3.25],[86.94,-3.67],[86.87,-3.7],[86.8,-3.7],[86.76,-3.67],[86.76,-3.43],[86.8,-3.4],[86.84,-3.4],[86.84,-3.3]]]}},{"type":"Feature","properties":{"precip":10},"geometry":{"type":"Polygon","coordinates":[[[94.54,-3.3],[94.54,-3.27],[94.57,-3.25],[94.57,-3.2],[94.65,-3.22],[94.65,-3.38],[94.57,-3.4],[94.57,-3.35],[94.54,-3.33],[94.54,-3.3]]]}},{"type":"Feature","properties":{"precip":10},"geometry":{"type":"Polygon","coordinates":[[[94.0,-3.5],[94.07,-3.48],[94.07,-3.43],[94.14,-3.4],[94.21,-3.42],[94.21,-3.43],[94.21,-3.57],[94.14,-3.6],[94.07,-3.58],[94.07,-3.53],[94.0,-3.5]]]}},{"type":"Feature","properties":{"precip":10},"geometry":{"type":"Polygon","coordinates":[[[69.95,-3.7],[69.95,-3.63],[69.99,-3.6],[70.03,-3.6],[70.03,-3.65],[70.06,-3.67],[70.06,-3.75],[70.03,-3.75],[70.03,-3.8],[69.95,-3.77],[69.95,-3.7]]]}},{"type":"Feature","properties":{"precip":10},"geometry":{"type":"Polygon","coordinates":[[[22.44,-3.75],[22.48,-3.72],[22.51,-3.7],[22.62,-3.72],[22.69,-3.78],[22.69,-3.81],[22.73,-3.85],[22.73,-3.9],[22.66,-3.86],[22.66,-3.85],[22.62,-3.81],[22.55,-3.8],[22.48,-3.8],[22.44,-3.75]]]}},{"type":"Feature","properties":{"precip":10},"geometry":{"type":"Polygon","coordinates":[[[93.64,-3.75],[93.64,-3.72],[93.71,-3.72],[93.78,-3.8],[93.78,-3.83],[93.85,-3.86],[93.93,-3.88],[94.0,-3.9],[94.18,-3.9],[94.21,-3.93],[94.21,-4.0],[94.18,-4.0],[94.18,-4.03],[94.14,-4.05],[94.14,-4.15],[94.18,-4.15],[94.18,-4.18],[94.21,-4.2],[94.29,-4.2],[94.32,-4.23],[94.36,-4.28],[94.36,-4.71],[94.39,-4.76],[94.43,-4.8],[94.54,-4.75],[94.72,-4.6],[94.75,-4.53],[94.86,-4.43],[94.93,-4.41],[95.01,-4.41],[95.04,-4.43],[95.08,-4.46],[95.08,-4.5],[95.15,-4.46],[95.15,-4.43],[95.22,-4.41],[95.22,-4.43],[95.26,-4.46],[95.29,-4.5],[95.37,-4.5],[95.44,-4.53],[95.44,-4.78],[95.37,-4.81],[95.37,-4.93],[95.29,-4.95],[95.29,-4.98],[95.22,-5.0],[95.08,-5.0],[95.01,-5.01],[94.93,-5.05],[94.93,-5.08],[94.86,-5.1],[94.86,-5.13],[94.83,-5.16],[94.79,-5.16],[94.72,-5.2],[94.57,-5.2],[94.43,-5.23],[94.43,-5.26],[94.39,-5.3],[94.29,-5.3],[94.21,-5.31],[94.21,-5.38],[94.21,-5.4],[94.11,-5.4],[94.0,-5.35],[94.0,-5.31],[93.96,-5.3],[93.71,-5.3],[93.67,-5.31],[93.67,-5.35],[93.64,-5.38],[93.64,-5.48],[93.57,-5.5],[93.49,-5.5],[93.46,-5.48],[93.46,-5.43],[93.35,-5.4],[93.35,-5.43],[93.35,-5.56],[93.28,-5.6],[93.28,-5.56],[93.24,-5.55],[93.24,-5.36],[93.13,-5.28],[93.1,-5.21],[93.03,-5.2],[92.88,-5.2],[92.85,-5.18],[92.85,-5.15],[92.92,-5.08],[92.99,-5.03],[93.06,-5.0],[93.13,-5.0],[93.24,-4.98],[93.24,-4.71],[93.21,-4.7],[93.13,-4.7],[93.13,-4.63],[93.13,-4.61],[93.13,-4.56],[93.13,-4.51],[93.24,-4.48],[93.24,-4.4],[93.28,-4.36],[93.28,-4.33],[93.35,-4.25],[93.42,-4.2],[93.46,-4.15],[93.53,-4.08],[93.57,-4.0],[93.64,-3.93],[93.71,-3.86],[93.71,-3.81],[93.64,-3.75]]]}},{"type":"Feature","properties":{"precip":10},"geometry":{"type":"Polygon","coordinates":[[[19.17,-4.35],[19.17,-4.31],[19.2,-4.3],[19.38,-4.3],[19.45,-4.35],[19.45,-4.45],[19.42,-4.46],[19.42,-4.5],[19.35,-4.48],[19.35,-4.43],[19.27,-4.4],[19.2,-4.4],[19.17,-4.38],[19.17,-4.35]]]}},{"type":"Feature","properties":{"precip":10},"geometry":{"type":"Polygon","coordinates":[[[18.16,-4.83],[18.16,-4.71],[18.19,-4.71],[18.3,-4.71],[18.34,-4.71],[18.34,-4.85],[18.37,-4.86],[18.37,-4.88],[18.48,-4.91],[18.59,-5.0],[18.66,-5.08],[18.73,-5.15],[18.81,-5.21],[18.84,-5.28],[18.84,-5.36],[18.81,-5.4],[18.73,-5.4],[18.66,-5.38],[18.55,-5.33],[18.48,-5.26],[18.37,-5.18],[18.3,-5.08],[18.16,-4.9],[18.16,-4.83]]]}},{"type":"Feature","properties":{"precip":10},"geometry":{"type":"Polygon","coordinates":[[[18.99,-4.88],[19.06,-4.83],[19.17,-4.75],[19.24,-4.71],[19.27,-4.7],[19.35,-4.71],[19.35,-4.75],[19.31,-4.78],[19.31,-4.81],[19.17,-4.9],[19.09,-4.9],[19.06,-4.91],[19.06,-4.98],[19.13,-5.0],[19.2,-5.0],[19.24,-5.05],[19.24,-5.15],[19.17,-5.23],[19.09,-5.28],[19.02,-5.3],[18.95,-5.25],[18.95,-5.15],[18.91,-5.13],[18.91,-5.1],[18.88,-5.1],[18.88,-5.01],[18.95,-4.96],[18.95,-4.93],[18.99,-4.88]]]}},{"type":"Feature","properties":{"precip":10},"geometry":{"type":"Polygon","coordinates":[[[95.51,-4.8],[95.51,-4.73],[95.58,-4.71],[95.65,-4.71],[95.65,-4.76],[95.73,-4.8],[95.83,-4.8],[95.91,-4.81],[95.94,-4.85],[95.94,-5.0],[95.87,-5.0],[95.87,-4.96],[95.83,-4.95],[95.83,-4.91],[95.73,-4.9],[95.62,-4.9],[95.51,-4.85],[95.51,-4.8]]]}},{"type":"Feature","properties":{"precip":10},"geometry":{"type":"Polygon","coordinates":[[[90.11,-4.95],[90.11,-4.91],[90.22,-4.9],[90.26,-4.91],[90.26,-4.98],[90.22,-5.0],[90.11,-4.98],[90.11,-4.95]]]}},{"type":"Feature","properties":{"precip":10},"geometry":{"type":"Polygon","coordinates":[[[88.92,-5.38],[88.92,-5.35],[88.96,-5.31],[89.03,-5.3],[89.03,-5.33],[89.03,-5.38],[89.1,-5.4],[89.14,-5.38],[89.14,-5.33],[89.21,-5.3],[89.25,-5.3],[89.36,-5.33],[89.36,-5.36],[89.32,-5.4],[89.25,-5.4],[89.25,-5.41],[89.18,-5.41],[89.18,-5.43],[89.14,-5.43],[89.14,-5.48],[89.1,-5.5],[89.0,-5.5],[88.96,-5.53],[88.96,-5.56],[88.92,-5.6],[88.82,-5.56],[88.82,-5.48],[88.89,-5.45],[88.89,-5.41],[88.92,-5.38]]]}},{"type":"Feature","properties":{"precip":10},"geometry":{"type":"Polygon","coordinates":[[[82.73,-5.56],[82.73,-5.5],[82.84,-5.51],[82.84,-5.58],[82.73,-5.6],[82.73,-5.56]]]}},{"type":"Feature","properties":{"precip":10},"geometry":{"type":"Polygon","coordinates":[[[92.45,-5.65],[92.45,-5.63],[92.49,-5.6],[92.67,-5.6],[92.7,-5.63],[92.7,-5.7],[92.67,-5.71],[92.67,-5.78],[92.7,-5.8],[92.7,-5.86],[92.92,-5.9],[93.03,-5.9],[93.13,-5.86],[93.13,-5.85],[93.13,-5.81],[93.21,-5.8],[93.21,-5.83],[93.24,-5.85],[93.31,-5.9],[93.35,-5.9],[93.46,-5.93],[93.46,-5.98],[93.53,-6.0],[93.57,-6.0],[93.64,-6.01],[93.64,-6.06],[93.57,-6.13],[93.57,-6.15],[93.42,-6.2],[93.24,-6.2],[93.13,-6.21],[93.13,-6.28],[93.13,-6.3],[93.13,-6.38],[93.03,-6.4],[92.88,-6.4],[92.7,-6.41],[92.45,-6.41],[92.38,-6.43],[92.34,-6.43],[92.34,-6.48],[92.27,-6.5],[92.23,-6.5],[92.16,-6.53],[92.13,-6.56],[92.13,-6.58],[92.05,-6.6],[92.05,-6.66],[91.98,-6.7],[91.91,-6.71],[91.8,-6.71],[91.77,-6.71],[91.77,-6.75],[91.69,-6.8],[91.59,-6.8],[91.55,-6.81],[91.48,-6.81],[91.41,-6.85],[91.41,-6.86],[91.34,-6.9],[91.19,-6.9],[91.08,-6.86],[90.98,-6.81],[90.94,-6.71],[90.87,-6.66],[90.76,-6.61],[90.76,-6.56],[90.76,-6.55],[90.76,-6.51],[90.76,-6.5],[90.87,-6.5],[91.05,-6.35],[91.12,-6.3],[91.19,-6.18],[91.34,-6.11],[91.41,-6.08],[91.41,-6.03],[91.48,-6.0],[91.59,-6.0],[91.62,-5.98],[91.62,-5.91],[91.69,-5.9],[91.8,-5.9],[91.84,-5.88],[91.84,-5.85],[91.91,-5.81],[91.98,-5.8],[92.05,-5.8],[92.13,-5.76],[92.16,-5.76],[92.16,-5.71],[92.23,-5.71],[92.34,-5.71],[92.34,-5.7],[92.41,-5.7],[92.45,-5.68],[92.45,-5.65]]]}},{"type":"Feature","properties":{"precip":10},"geometry":{"type":"Polygon","coordinates":[[[93.96,-5.65],[94.0,-5.61],[94.07,-5.6],[94.21,-5.6],[94.29,-5.61],[94.32,-5.65],[94.39,-5.68],[94.39,-5.71],[94.43,-5.73],[94.43,-5.78],[94.43,-5.81],[94.43,-5.86],[94.43,-5.9],[94.36,-5.88],[94.36,-5.85],[94.21,-5.81],[94.18,-5.81],[94.11,-5.8],[93.89,-5.8],[93.85,-5.78],[93.75,-5.76],[93.75,-5.73],[93.78,-5.71],[93.85,-5.71],[93.96,-5.66],[93.96,-5.65]]]}},{"type":"Feature","properties":{"precip":10},"geometry":{"type":"Polygon","coordinates":[[[70.85,-5.83],[70.85,-5.81],[70.93,-5.81],[70.96,-5.8],[71.11,-5.8],[71.18,-5.81],[71.25,-5.86],[71.25,-5.96],[71.18,-6.0],[71.11,-6.0],[71.03,-6.0],[71.0,-5.96],[70.93,-5.95],[70.89,-5.91],[70.89,-5.88],[70.85,-5.86],[70.85,-5.83]]]}},{"type":"Feature","properties":{"precip":10},"geometry":{"type":"Polygon","coordinates":[[[70.57,-5.95],[70.57,-5.9],[70.64,-5.91],[70.64,-6.0],[70.6,-6.0],[70.57,-6.0],[70.57,-5.95]]]}},{"type":"Feature","properties":{"precip":10},"geometry":{"type":"Polygon","coordinates":[[[16.9,-6.08],[16.97,-6.01],[17.04,-6.0],[17.04,-6.06],[17.22,-6.15],[17.29,-6.2],[17.33,-6.21],[17.33,-6.25],[17.37,-6.28],[17.33,-6.28],[17.29,-6.3],[17.22,-6.3],[17.15,-6.28],[17.15,-6.23],[17.04,-6.2],[16.9,-6.2],[16.86,-6.18],[16.86,-6.15],[16.9,-6.11],[16.9,-6.08]]]}},{"type":"Feature","properties":{"precip":10},"geometry":{"type":"Polygon","coordinates":[[[69.16,-6.15],[69.16,-6.11],[69.27,-6.1],[69.34,-6.13],[69.34,-6.18],[69.31,-6.2],[69.2,-6.2],[69.16,-6.18],[69.16,-6.15]]]}},{"type":"Feature","properties":{"precip":10},"geometry":{"type":"Polygon","coordinates":[[[17.73,-6.28],[17.73,-6.25],[17.83,-6.2],[17.83,-6.26],[17.91,-6.3],[17.98,-6.3],[18.05,-6.33],[18.05,-6.48],[17.98,-6.5],[17.98,-6.46],[17.87,-6.38],[17.87,-6.35],[17.83,-6.31],[17.76,-6.3],[17.76,-6.43],[17.73,-6.45],[17.73,-6.5],[17.65,-6.48],[17.65,-6.35],[17.73,-6.28]]]}},{"type":"Feature","properties":{"precip":10},"geometry":{"type":"Polygon","coordinates":[[[17.37,-6.45],[17.37,-6.41],[17.44,-6.41],[17.44,-6.5],[17.37,-6.5],[17.37,-6.45]]]}},{"type":"Feature","properties":{"precip":10},"geometry":{"type":"Polygon","coordinates":[[[68.05,-6.45],[68.08,-6.41],[68.19,-6.41],[68.26,-6.43],[68.26,-6.46],[68.23,-6.46],[68.19,-6.5],[68.08,-6.5],[68.05,-6.45]]]}},{"type":"Feature","properties":{"precip":10},"geometry":{"type":"Polygon","coordinates":[[[71.75,-6.65],[71.75,-6.61],[71.83,-6.6],[71.86,-6.63],[71.86,-6.68],[71.83,-6.68],[71.83,-6.71],[71.75,-6.7],[71.75,-6.65]]]}},{"type":"Feature","properties":{"precip":10},"geometry":{"type":"Polygon","coordinates":[[[82.7,-6.68],[82.73,-6.65],[82.84,-6.6],[82.91,-6.6],[82.95,-6.61],[82.95,-6.65],[82.84,-6.78],[82.73,-6.83],[82.73,-6.86],[82.66,-6.9],[82.66,-6.73],[82.7,-6.71],[82.7,-6.68]]]}},{"type":"Feature","properties":{"precip":10},"geometry":{"type":"Polygon","coordinates":[[[24.57,-6.86],[24.57,-6.81],[24.64,-6.81],[24.64,-6.88],[24.57,-6.9],[24.57,-6.86]]]}},{"type":"Feature","properties":{"precip":10},"geometry":{"type":"Polygon","coordinates":[[[17.76,-6.95],[17.76,-6.91],[17.83,-6.9],[17.83,-7.0],[17.76,-7.0],[17.76,-6.95]]]}},{"type":"Feature","properties":{"precip":10},"geometry":{"type":"Polygon","coordinates":[[[18.3,-6.98],[18.37,-6.91],[18.41,-6.91],[18.52,-7.0],[18.52,-7.03],[18.55,-7.06],[18.52,-7.1],[18.27,-7.1],[18.27,-7.0],[18.3,-6.98]]]}},{"type":"Feature","properties":{"precip":10},"geometry":{"type":"Polygon","coordinates":[[[83.56,-7.05],[83.56,-7.01],[83.6,-7.0],[83.7,-7.0],[83.74,-7.01],[83.74,-7.18],[83.63,-7.21],[83.63,-7.28],[83.6,-7.31],[83.6,-7.35],[83.6,-7.4],[83.6,-7.43],[83.52,-7.48],[83.49,-7.5],[83.38,-7.5],[83.38,-7.48],[83.31,-7.43],[83.27,-7.38],[83.27,-7.31],[83.34,-7.28],[83.34,-7.15],[83.38,-7.15],[83.38,-7.11],[83.42,-7.1],[83.52,-7.1],[83.56,-7.05]]]}},{"type":"Feature","properties":{"precip":10},"geometry":{"type":"Polygon","coordinates":[[[89.68,-7.1],[89.68,-7.06],[89.79,-7.01],[89.79,-7.0],[89.86,-7.0],[89.86,-7.03],[89.79,-7.11],[89.75,-7.16],[89.68,-7.25],[89.61,-7.3],[89.46,-7.4],[89.43,-7.41],[89.36,-7.4],[89.36,-7.35],[89.39,-7.31],[89.39,-7.3],[89.43,-7.28],[89.46,-7.21],[89.57,-7.2],[89.64,-7.16],[89.64,-7.15],[89.68,-7.1]]]}},{"type":"Feature","properties":{"precip":10},"geometry":{"type":"Polygon","coordinates":[[[14.96,-7.25],[15.03,-7.2],[15.14,-7.2],[15.24,-7.23],[15.24,-7.38],[15.17,-7.41],[15.14,-7.45],[15.17,-7.5],[15.17,-7.55],[15.28,-7.68],[15.35,-7.74],[15.46,-7.79],[15.5,-7.79],[15.57,-7.83],[15.64,-7.84],[15.71,-7.88],[15.71,-7.91],[15.75,-7.96],[15.75,-7.99],[15.71,-7.99],[15.6,-7.99],[15.57,-7.99],[15.57,-7.96],[15.5,-7.91],[15.42,-7.89],[15.24,-7.89],[15.17,-7.88],[15.17,-7.86],[15.14,-7.86],[15.14,-7.81],[15.06,-7.81],[15.06,-7.98],[15.14,-7.99],[15.21,-7.99],[15.24,-8.01],[15.24,-8.06],[15.32,-8.11],[15.39,-8.11],[15.46,-8.14],[15.53,-8.26],[15.53,-8.43],[15.57,-8.53],[15.53,-8.61],[15.53,-8.78],[15.39,-8.81],[15.39,-8.84],[15.35,-8.86],[15.35,-9.09],[15.32,-9.13],[15.32,-9.19],[15.21,-9.28],[15.14,-9.28],[15.1,-9.23],[15.1,-9.19],[15.06,-9.18],[15.06,-9.13],[15.14,-9.08],[15.14,-9.03],[15.06,-8.98],[15.06,-8.83],[15.03,-8.79],[15.03,-8.71],[14.99,-8.68],[14.96,-8.68],[14.96,-8.63],[15.03,-8.61],[15.06,-8.56],[15.06,-8.54],[15.03,-8.51],[14.92,-8.49],[14.85,-8.53],[14.85,-8.58],[14.78,-8.61],[14.78,-8.56],[14.74,-8.54],[14.74,-8.43],[14.67,-8.38],[14.67,-8.31],[14.74,-8.28],[14.74,-8.23],[14.7,-8.19],[14.67,-8.19],[14.67,-8.08],[14.81,-7.86],[14.88,-7.84],[14.92,-7.81],[14.99,-7.79],[15.03,-7.74],[15.03,-7.71],[15.06,-7.66],[15.06,-7.59],[15.03,-7.56],[15.03,-7.51],[14.99,-7.48],[14.96,-7.48],[14.96,-7.43],[15.03,-7.4],[15.03,-7.31],[14.96,-7.3],[14.96,-7.25]]]}},{"type":"Feature","properties":{"precip":10},"geometry":{"type":"Polygon","coordinates":[[[18.27,-7.26],[18.27,-7.23],[18.34,-7.2],[18.45,-7.2],[18.52,-7.23],[18.55,-7.26],[18.55,-7.36],[18.59,-7.4],[18.66,-7.38],[18.66,-7.31],[18.73,-7.33],[18.81,-7.4],[18.84,-7.43],[18.84,-7.46],[18.81,-7.48],[18.81,-7.51],[18.73,-7.56],[18.66,-7.58],[18.66,-7.56],[18.59,-7.51],[18.52,-7.5],[18.41,-7.5],[18.37,-7.48],[18.37,-7.45],[18.34,-7.43],[18.34,-7.31],[18.27,-7.3],[18.27,-7.26]]]}},{"type":"Feature","properties":{"precip":10},"geometry":{"type":"Polygon","coordinates":[[[82.66,-7.26],[82.66,-7.21],[82.7,-7.2],[82.73,-7.21],[82.73,-7.3],[82.73,-7.31],[82.73,-7.4],[82.7,-7.4],[82.66,-7.43],[82.66,-7.58],[82.73,-7.59],[82.73,-7.56],[82.73,-7.53],[82.88,-7.5],[82.95,-7.5],[82.98,-7.51],[82.98,-7.55],[83.06,-7.56],[83.06,-7.69],[82.98,-7.73],[82.98,-7.79],[82.95,-7.86],[82.84,-7.89],[82.73,-7.89],[82.66,-7.93],[82.66,-7.96],[82.52,-7.99],[82.44,-7.99],[82.34,-8.03],[82.3,-8.03],[82.3,-8.08],[82.3,-8.09],[82.26,-8.08],[82.26,-8.03],[82.19,-7.99],[82.08,-7.99],[82.05,-8.03],[82.05,-8.08],[81.98,-8.09],[81.87,-8.09],[81.87,-8.04],[81.83,-8.04],[81.83,-8.01],[81.8,-7.99],[81.65,-7.99],[81.65,-7.96],[81.65,-7.91],[81.65,-7.86],[81.76,-7.74],[81.87,-7.63],[81.98,-7.55],[82.05,-7.51],[82.08,-7.5],[82.19,-7.5],[82.23,-7.46],[82.26,-7.46],[82.26,-7.43],[82.3,-7.41],[82.34,-7.41],[82.34,-7.4],[82.44,-7.38],[82.44,-7.33],[82.48,-7.3],[82.55,-7.3],[82.66,-7.26]]]}},{"type":"Feature","properties":{"precip":10},"geometry":{"type":"Polygon","coordinates":[[[15.85,-7.35],[15.85,-7.31],[15.89,-7.3],[16.0,-7.3],[16.03,-7.31],[16.03,-7.4],[15.93,-7.41],[15.93,-7.4],[15.85,-7.38],[15.85,-7.35]]]}},{"type":"Feature","properties":{"precip":10},"geometry":{"type":"Polygon","coordinates":[[[80.18,-7.48],[80.25,-7.45],[80.25,-7.43],[80.32,-7.41],[80.36,-7.46],[80.39,-7.51],[80.39,-7.58],[80.36,-7.59],[80.18,-7.59],[80.14,-7.56],[80.14,-7.55],[80.14,-7.51],[80.18,-7.48]]]}},{"type":"Feature","properties":{"precip":10},"geometry":{"type":"Polygon","coordinates":[[[71.25,-7.56],[71.25,-7.51],[71.32,-7.5],[71.36,-7.53],[71.36,-7.58],[71.29,-7.59],[71.25,-7.58],[71.25,-7.56]]]}},{"type":"Feature","properties":{"precip":10},"geometry":{"type":"Polygon","coordinates":[[[80.54,-7.56],[80.57,-7.51],[80.68,-7.5],[80.75,-7.53],[80.75,-7.56],[80.68,-7.59],[80.57,-7.59],[80.54,-7.56]]]}},{"type":"Feature","properties":{"precip":10},"geometry":{"type":"Polygon","coordinates":[[[14.56,-7.74],[14.56,-7.71],[14.63,-7.71],[14.63,-7.73],[14.67,-7.74],[14.63,-7.76],[14.63,-7.79],[14.56,-7.79],[14.56,-7.74]]]}},{"type":"Feature","properties":{"precip":10},"geometry":{"type":"Polygon","coordinates":[[[37.78,-7.89],[37.81,-7.89],[37.85,-7.93],[37.85,-8.06],[37.81,-8.09],[37.74,-8.09],[37.7,-8.11],[37.67,-8.09],[37.6,-8.09],[37.56,-8.08],[37.56,-8.01],[37.6,-7.99],[37.7,-7.99],[37.74,-7.98],[37.74,-7.96],[37.78,-7.93],[37.78,-7.89]]]}},{"type":"Feature","properties":{"precip":10},"geometry":{"type":"Polygon","coordinates":[[[18.34,-8.34],[18.37,-8.31],[18.45,-8.29],[18.59,-8.29],[18.63,-8.31],[18.63,-8.38],[18.66,-8.43],[18.66,-8.76],[18.63,-8.81],[18.63,-8.89],[18.59,-8.89],[18.52,-8.84],[18.52,-8.79],[18.48,-8.74],[18.48,-8.69],[18.45,-8.64],[18.45,-8.44],[18.41,-8.43],[18.41,-8.41],[18.37,-8.41],[18.37,-8.38],[18.34,-8.38],[18.34,-8.34]]]}},{"type":"Feature","properties":{"precip":10},"geometry":{"type":"Polygon","coordinates":[[[68.66,-8.34],[68.66,-8.31],[68.73,-8.29],[68.73,-8.33],[68.77,-8.34],[68.69,-8.41],[68.66,-8.39],[68.66,-8.34]]]}},{"type":"Feature","properties":{"precip":10},"geometry":{"type":"Polygon","coordinates":[[[69.23,-8.34],[69.27,-8.33],[69.27,-8.29],[69.34,-8.31],[69.34,-8.39],[69.31,-8.41],[69.23,-8.34]]]}},{"type":"Feature","properties":{"precip":10},"geometry":{"type":"Polygon","coordinates":[[[70.46,-8.74],[70.46,-8.73],[70.53,-8.71],[70.67,-8.71],[70.75,-8.73],[70.75,-8.76],[70.67,-8.79],[70.53,-8.79],[70.46,-8.76],[70.46,-8.74]]]}},{"type":"Feature","properties":{"precip":10},"geometry":{"type":"Polygon","coordinates":[[[15.64,-8.94],[15.64,-8.88],[15.68,-8.84],[15.75,-8.79],[15.82,-8.83],[15.96,-8.96],[15.96,-8.98],[16.03,-8.99],[16.11,-8.99],[16.14,-9.03],[16.14,-9.18],[16.07,-9.21],[16.03,-9.24],[16.11,-9.29],[16.18,-9.29],[16.25,-9.33],[16.25,-9.44],[16.18,-9.51],[16.18,-9.54],[16.07,-9.61],[16.07,-9.71],[16.03,-9.76],[16.03,-9.99],[15.93,-9.99],[15.85,-9.96],[15.85,-9.54],[15.89,-9.53],[15.89,-9.49],[15.96,-9.48],[15.96,-9.43],[15.93,-9.41],[15.93,-9.36],[15.85,-9.28],[15.78,-9.19],[15.78,-9.16],[15.68,-9.06],[15.68,-8.99],[15.64,-8.96],[15.64,-8.94]]]}},{"type":"Feature","properties":{"precip":10},"geometry":{"type":"Polygon","coordinates":[[[52.86,-8.89],[52.86,-8.84],[52.93,-8.81],[53.04,-8.81],[53.11,-8.79],[53.15,-8.81],[53.29,-8.81],[53.36,-8.84],[53.36,-8.86],[53.43,-8.89],[53.61,-8.89],[53.68,-8.91],[53.76,-8.94],[53.76,-8.98],[53.79,-8.98],[53.83,-8.99],[53.97,-8.99],[54.04,-9.04],[54.04,-9.19],[54.01,-9.28],[53.94,-9.39],[53.86,-9.43],[53.72,-9.49],[53.61,-9.49],[53.58,-9.51],[53.51,-9.51],[53.43,-9.56],[53.43,-9.59],[53.4,-9.59],[53.22,-9.59],[53.15,-9.56],[53.15,-9.53],[53.07,-9.51],[52.93,-9.51],[52.86,-9.49],[52.68,-9.49],[52.61,-9.48],[52.53,-9.44],[52.53,-9.41],[52.46,-9.41],[52.39,-9.36],[52.32,-9.33],[52.28,-9.28],[52.21,-9.23],[52.17,-9.16],[52.17,-9.13],[52.14,-9.06],[52.21,-9.01],[52.28,-8.99],[52.68,-8.99],[52.79,-8.99],[52.86,-8.96],[52.86,-8.89]],[[53.54,-9.28],[53.54,-9.21],[53.47,-9.21],[53.47,-9.29],[53.54,-9.28]]]}},{"type":"Feature","properties":{"precip":10},"geometry":{"type":"Polygon","coordinates":[[[78.41,-8.96],[78.41,-8.91],[78.52,-8.89],[78.56,-8.94],[78.56,-8.98],[78.52,-8.99],[78.41,-8.99],[78.41,-8.96]]]}},{"type":"Feature","properties":{"precip":10},"geometry":{"type":"Polygon","coordinates":[[[78.74,-8.96],[78.77,-8.94],[78.77,-8.89],[78.85,-8.91],[78.85,-8.99],[78.77,-8.99],[78.77,-8.98],[78.74,-8.96]]]}},{"type":"Feature","properties":{"precip":10},"geometry":{"type":"Polygon","coordinates":[[[91.05,-8.99],[91.05,-8.96],[91.08,-8.94],[91.08,-8.91],[91.12,-8.89],[91.19,-8.89],[91.19,-8.91],[91.19,-8.94],[91.26,-8.96],[91.26,-9.09],[91.3,-9.09],[91.34,-9.14],[91.3,-9.16],[91.3,-9.21],[91.19,-9.28],[91.19,-9.31],[91.08,-9.39],[90.98,-9.41],[90.98,-9.43],[90.94,-9.43],[90.94,-9.46],[90.87,-9.48],[90.87,-9.49],[90.62,-9.49],[90.54,-9.48],[90.51,-9.48],[90.47,-9.46],[90.33,-9.38],[90.29,-9.28],[90.26,-9.28],[90.26,-9.21],[90.33,-9.19],[90.4,-9.19],[90.44,-9.18],[90.44,-9.14],[90.51,-9.11],[90.65,-9.11],[90.76,-9.14],[90.76,-9.16],[90.83,-9.19],[90.83,-9.14],[90.9,-9.11],[90.98,-9.09],[91.05,-9.06],[91.05,-8.99]]]}},{"type":"Feature","properties":{"precip":10},"geometry":{"type":"Polygon","coordinates":[[[18.55,-9.18],[18.55,-9.11],[18.59,-9.11],[18.66,-9.14],[18.66,-9.16],[18.73,-9.24],[18.73,-9.41],[18.66,-9.38],[18.63,-9.34],[18.63,-9.31],[18.55,-9.24],[18.55,-9.18]]]}},{"type":"Feature","properties":{"precip":10},"geometry":{"type":"Polygon","coordinates":[[[78.56,-9.19],[78.56,-9.13],[78.63,-9.11],[78.63,-9.14],[78.63,-9.16],[78.63,-9.24],[78.63,-9.28],[78.63,-9.29],[78.56,-9.28],[78.56,-9.19]]]}},{"type":"Feature","properties":{"precip":10},"geometry":{"type":"Polygon","coordinates":[[[20.14,-9.41],[20.14,-9.36],[20.17,-9.34],[20.17,-9.29],[20.21,-9.29],[20.25,-9.33],[20.25,-9.46],[20.17,-9.49],[20.17,-9.44],[20.14,-9.43],[20.14,-9.41]]]}},{"type":"Feature","properties":{"precip":10},"geometry":{"type":"Polygon","coordinates":[[[72.44,-9.44],[72.51,-9.41],[72.62,-9.41],[72.65,-9.43],[72.65,-9.46],[72.62,-9.49],[72.51,-9.49],[72.44,-9.44]]]}},{"type":"Feature","properties":{"precip":10},"geometry":{"type":"Polygon","coordinates":[[[53.94,-9.56],[53.97,-9.51],[54.01,-9.49],[54.04,-9.51],[54.04,-9.59],[53.97,-9.59],[53.94,-9.56]]]}},{"type":"Feature","properties":{"precip":10},"geometry":{"type":"Polygon","coordinates":[[[16.25,-9.83],[16.29,-9.81],[16.65,-9.81],[16.75,-9.84],[16.75,-9.93],[16.68,-9.99],[16.68,-10.04],[16.61,-10.09],[16.57,-10.08],[16.57,-10.04],[16.54,-10.04],[16.54,-10.01],[16.5,-9.99],[16.43,-9.99],[16.29,-9.93],[16.29,-9.88],[16.25,-9.84],[16.25,-9.83]]]}},{"type":"Feature","properties":{"precip":10},"geometry":{"type":"Polygon","coordinates":[[[72.76,-9.84],[72.76,-9.83],[72.8,-9.81],[72.91,-9.81],[72.94,-9.83],[72.94,-9.86],[73.05,-9.88],[73.09,-9.89],[73.34,-9.89],[73.48,-9.93],[73.55,-9.96],[73.55,-9.98],[73.45,-10.03],[73.45,-10.06],[73.52,-10.09],[73.55,-10.13],[73.55,-10.18],[73.52,-10.19],[73.45,-10.19],[73.37,-10.21],[73.34,-10.24],[73.34,-10.28],[73.45,-10.31],[73.45,-10.38],[73.37,-10.41],[73.3,-10.41],[73.27,-10.43],[73.27,-10.44],[73.16,-10.49],[72.87,-10.49],[72.76,-10.46],[72.76,-10.43],[72.62,-10.41],[72.37,-10.41],[72.22,-10.38],[72.15,-10.34],[72.08,-10.28],[72.04,-10.23],[72.04,-10.14],[72.11,-10.11],[72.22,-10.11],[72.29,-10.09],[72.37,-10.06],[72.37,-10.01],[72.4,-9.99],[72.47,-9.99],[72.55,-9.98],[72.55,-9.93],[72.62,-9.89],[72.69,-9.89],[72.76,-9.84]]]}},{"type":"Feature","properties":{"precip":10},"geometry":{"type":"Polygon","coordinates":[[[86.55,-10.29],[86.55,-10.24],[86.58,-10.21],[86.62,-10.19],[86.73,-10.23],[86.73,-10.26],[86.76,-10.28],[86.73,-10.33],[86.73,-10.38],[86.66,-10.43],[86.62,-10.48],[86.55,-10.56],[86.4,-10.59],[86.37,-10.59],[86.37,-10.56],[86.3,-10.51],[86.12,-10.51],[86.01,-10.54],[86.01,-10.56],[85.97,-10.59],[85.76,-10.59],[85.72,-10.61],[85.58,-10.71],[85.54,-10.79],[85.54,-10.94],[85.47,-11.01],[85.47,-11.06],[85.36,-11.09],[85.29,-11.13],[85.22,-11.18],[85.22,-11.19],[85.11,-11.26],[85.07,-11.28],[85.0,-11.29],[84.71,-11.29],[84.64,-11.28],[84.5,-11.24],[84.5,-11.23],[84.46,-11.14],[84.46,-10.91],[84.5,-10.89],[84.5,-10.84],[84.57,-10.83],[84.57,-10.71],[84.64,-10.69],[84.64,-10.63],[84.57,-10.59],[84.42,-10.59],[84.35,-10.56],[84.35,-10.54],[84.39,-10.54],[84.46,-10.51],[84.64,-10.51],[84.68,-10.49],[84.89,-10.49],[85.0,-10.48],[85.07,-10.44],[85.07,-10.41],[85.11,-10.41],[85.11,-10.43],[85.11,-10.46],[85.29,-10.49],[85.5,-10.49],[85.54,-10.48],[85.54,-10.43],[85.68,-10.41],[85.97,-10.41],[85.97,-10.39],[86.08,-10.39],[86.15,-10.36],[86.15,-10.33],[86.22,-10.29],[86.37,-10.29],[86.4,-10.33],[86.4,-10.38],[86.44,-10.38],[86.44,-10.41],[86.55,-10.38],[86.55,-10.29]]]}},{"type":"Feature","properties":{"precip":10},"geometry":{"type":"Polygon","coordinates":[[[76.83,-10.58],[76.83,-10.56],[76.87,-10.53],[76.9,-10.51],[76.9,-10.59],[76.87,-10.61],[76.87,-10.71],[76.83,-10.74],[76.83,-10.79],[76.76,-10.78],[76.76,-10.64],[76.83,-10.58]]]}},{"type":"Feature","properties":{"precip":10},"geometry":{"type":"Polygon","coordinates":[[[14.92,-10.78],[14.99,-10.71],[15.03,-10.71],[15.06,-10.73],[15.06,-10.78],[15.03,-10.78],[15.03,-10.81],[14.96,-10.81],[14.96,-10.88],[14.99,-10.89],[15.06,-10.89],[15.14,-10.91],[15.14,-10.99],[15.06,-10.99],[14.96,-10.96],[14.88,-10.91],[14.88,-10.81],[14.92,-10.78]]]}},{"type":"Feature","properties":{"precip":10},"geometry":{"type":"Polygon","coordinates":[[[76.54,-10.74],[76.58,-10.71],[76.65,-10.71],[76.65,-10.79],[76.58,-10.81],[76.58,-10.78],[76.54,-10.78],[76.54,-10.74]]]}},{"type":"Feature","properties":{"precip":10},"geometry":{"type":"Polygon","coordinates":[[[80.61,-10.74],[80.61,-10.73],[80.72,-10.71],[80.79,-10.71],[80.82,-10.73],[80.79,-10.76],[80.79,-10.79],[80.61,-10.94],[80.54,-10.99],[80.46,-10.99],[80.18,-10.99],[80.14,-10.99],[80.03,-10.96],[80.03,-10.91],[79.92,-10.93],[79.92,-10.96],[79.89,-10.99],[79.85,-10.94],[79.82,-10.93],[79.67,-10.89],[79.49,-10.89],[79.46,-10.86],[79.46,-10.84],[79.49,-10.83],[79.6,-10.83],[79.71,-10.81],[80.14,-10.81],[80.28,-10.79],[80.5,-10.79],[80.61,-10.76],[80.61,-10.74]]]}},{"type":"Feature","properties":{"precip":10},"geometry":{"type":"Polygon","coordinates":[[[77.66,-10.84],[77.66,-10.81],[77.73,-10.81],[77.77,-10.84],[77.77,-10.86],[77.73,-10.89],[77.66,-10.89],[77.66,-10.84]]]}},{"type":"Feature","properties":{"precip":10},"geometry":{"type":"Polygon","coordinates":[[[78.63,-11.23],[78.63,-11.14],[78.67,-11.11],[78.95,-11.11],[79.06,-11.14],[79.06,-11.16],[79.02,-11.16],[78.99,-11.19],[78.88,-11.19],[78.85,-11.21],[78.81,-11.21],[78.74,-11.24],[78.77,-11.28],[78.77,-11.29],[78.85,-11.29],[78.88,-11.31],[78.99,-11.38],[78.99,-11.41],[79.06,-11.46],[79.06,-11.56],[79.1,-11.64],[79.28,-11.69],[79.49,-11.69],[79.67,-11.71],[80.18,-11.71],[80.36,-11.69],[80.54,-11.69],[80.61,-11.66],[80.61,-11.64],[80.72,-11.61],[80.79,-11.61],[80.82,-11.59],[81.0,-11.59],[81.15,-11.56],[81.15,-11.54],[81.22,-11.51],[81.44,-11.51],[81.54,-11.54],[81.54,-11.56],[81.65,-11.57],[81.65,-11.59],[81.98,-11.59],[82.05,-11.61],[82.12,-11.61],[82.23,-11.62],[82.26,-11.66],[82.26,-11.69],[82.3,-11.71],[82.34,-11.71],[82.44,-11.71],[82.44,-11.76],[82.48,-11.79],[82.52,-11.79],[82.55,-11.81],[82.7,-11.81],[82.73,-11.84],[82.73,-11.87],[82.84,-11.89],[82.95,-11.94],[82.95,-11.96],[82.98,-12.01],[82.98,-12.04],[83.09,-12.07],[83.13,-12.11],[83.16,-12.11],[83.2,-12.12],[83.2,-12.16],[83.27,-12.17],[83.49,-12.22],[83.52,-12.24],[83.6,-12.29],[83.6,-12.34],[83.6,-12.37],[83.63,-12.42],[83.63,-12.49],[83.7,-12.49],[83.74,-12.52],[83.74,-12.72],[83.78,-12.76],[83.78,-12.81],[83.81,-12.77],[83.81,-12.74],[83.92,-12.69],[83.92,-12.64],[83.96,-12.61],[83.96,-12.51],[84.03,-12.51],[84.03,-12.56],[84.03,-12.69],[84.14,-12.71],[84.14,-12.64],[84.17,-12.61],[84.24,-12.59],[84.28,-12.59],[84.35,-12.57],[84.35,-12.52],[84.39,-12.51],[84.46,-12.51],[84.57,-12.56],[84.57,-12.57],[84.6,-12.59],[84.71,-12.59],[84.71,-12.61],[84.82,-12.61],[84.86,-12.62],[84.86,-12.69],[84.89,-12.71],[85.0,-12.71],[85.04,-12.69],[85.04,-12.64],[85.11,-12.59],[85.11,-12.61],[85.11,-12.74],[85.14,-12.77],[85.25,-12.81],[85.36,-12.81],[85.47,-12.84],[85.47,-12.87],[85.58,-12.91],[85.65,-12.92],[85.65,-12.96],[85.76,-12.99],[86.01,-12.99],[86.15,-12.96],[86.15,-12.94],[86.19,-12.91],[86.3,-12.91],[86.33,-12.89],[86.4,-12.91],[86.44,-12.91],[86.55,-12.94],[86.58,-12.99],[86.62,-13.07],[86.8,-13.11],[86.84,-13.04],[86.84,-13.01],[86.87,-12.99],[86.87,-13.02],[86.94,-13.06],[87.05,-13.11],[87.16,-13.11],[87.23,-13.07],[87.23,-13.02],[87.27,-12.99],[87.23,-12.97],[87.23,-12.91],[87.16,-12.89],[87.16,-12.82],[87.23,-12.81],[87.41,-12.81],[87.45,-12.84],[87.45,-12.96],[87.48,-12.97],[87.48,-12.99],[87.52,-12.97],[87.52,-12.84],[87.59,-12.81],[87.7,-12.71],[87.74,-12.71],[87.84,-12.72],[87.92,-12.81],[87.92,-12.84],[88.06,-12.89],[88.13,-12.89],[88.17,-12.84],[88.17,-12.82],[88.17,-12.81],[88.38,-12.81],[88.46,-12.84],[88.46,-12.96],[88.49,-12.99],[88.56,-12.99],[89.0,-12.99],[89.18,-12.96],[89.18,-12.91],[89.21,-12.91],[89.25,-12.94],[89.25,-12.97],[89.36,-12.99],[89.39,-12.99],[89.57,-12.99],[89.64,-13.02],[89.64,-13.16],[89.68,-13.19],[89.75,-13.22],[89.75,-13.27],[89.68,-13.31],[89.61,-13.31],[89.57,-13.31],[89.57,-13.37],[89.54,-13.42],[89.54,-13.49],[89.57,-13.52],[89.57,-13.57],[89.64,-13.59],[89.64,-13.61],[89.75,-13.66],[89.79,-13.71],[89.86,-13.76],[89.9,-13.81],[89.9,-13.82],[89.9,-13.89],[89.9,-13.91],[89.9,-13.94],[89.82,-13.99],[89.75,-13.99],[89.75,-13.94],[89.82,-13.89],[89.82,-13.81],[89.75,-13.74],[89.61,-13.71],[89.54,-13.71],[89.46,-13.72],[89.43,-13.76],[89.43,-13.79],[89.36,-13.77],[89.36,-13.74],[89.25,-13.71],[89.25,-13.74],[89.25,-13.77],[89.21,-13.79],[89.14,-13.79],[89.14,-13.81],[89.03,-13.81],[88.96,-13.82],[88.96,-13.86],[88.82,-13.91],[88.78,-13.89],[88.78,-13.86],[88.74,-13.84],[88.74,-13.76],[88.71,-13.71],[88.6,-13.71],[88.56,-13.72],[88.53,-13.76],[88.53,-13.79],[88.49,-13.81],[88.49,-13.77],[88.38,-13.71],[88.35,-13.71],[88.24,-13.71],[88.17,-13.72],[88.17,-13.82],[88.13,-13.84],[88.13,-13.89],[88.06,-13.87],[88.06,-13.74],[88.02,-13.71],[87.92,-13.71],[87.74,-13.71],[87.66,-13.67],[87.66,-13.64],[87.59,-13.61],[87.48,-13.61],[87.48,-13.59],[87.3,-13.59],[87.23,-13.56],[87.23,-13.51],[87.2,-13.51],[87.16,-13.54],[87.16,-13.56],[87.05,-13.59],[87.02,-13.59],[86.94,-13.64],[86.94,-13.69],[86.84,-13.71],[86.76,-13.66],[86.62,-13.56],[86.62,-13.52],[86.76,-13.47],[86.76,-13.44],[86.62,-13.41],[86.55,-13.41],[86.4,-13.36],[86.4,-13.32],[86.4,-13.31],[86.37,-13.32],[86.37,-13.36],[86.3,-13.41],[86.19,-13.41],[86.15,-13.42],[86.15,-13.49],[86.08,-13.51],[86.08,-13.47],[86.01,-13.46],[86.01,-13.34],[85.97,-13.26],[85.9,-13.22],[85.86,-13.22],[85.86,-13.27],[85.76,-13.31],[85.68,-13.31],[85.65,-13.27],[85.65,-13.24],[85.58,-13.24],[85.47,-13.21],[85.0,-13.21],[84.86,-13.19],[84.5,-13.19],[84.46,-13.17],[84.39,-13.17],[84.35,-13.16],[84.35,-13.14],[84.24,-13.11],[84.14,-13.11],[84.03,-13.07],[84.03,-13.04],[83.99,-12.99],[83.85,-12.99],[83.81,-12.97],[83.81,-12.92],[83.78,-12.89],[83.7,-12.91],[83.6,-12.99],[83.56,-13.06],[83.42,-13.11],[83.38,-13.11],[83.34,-13.14],[83.34,-13.16],[83.27,-13.19],[83.27,-13.14],[83.16,-13.12],[83.13,-13.11],[82.95,-13.11],[82.91,-13.09],[82.84,-13.06],[82.84,-13.02],[82.66,-12.99],[82.44,-12.99],[82.26,-13.02],[82.26,-13.06],[82.19,-13.11],[82.08,-13.11],[82.05,-13.14],[82.05,-13.22],[81.9,-13.37],[81.83,-13.46],[81.69,-13.51],[81.65,-13.52],[81.65,-13.56],[81.62,-13.59],[81.47,-13.59],[81.44,-13.56],[81.44,-13.54],[81.4,-13.52],[81.26,-13.51],[81.0,-13.51],[80.97,-13.49],[80.82,-13.49],[80.75,-13.46],[80.75,-13.42],[80.61,-13.41],[80.54,-13.41],[80.46,-13.39],[80.46,-13.34],[80.39,-13.31],[80.32,-13.31],[80.25,-13.27],[80.25,-13.14],[80.18,-13.11],[80.14,-13.11],[80.14,-13.06],[80.14,-13.04],[80.14,-12.92],[80.07,-12.89],[79.96,-12.89],[79.92,-12.84],[79.92,-12.81],[79.89,-12.81],[79.85,-12.84],[79.85,-12.86],[79.74,-12.89],[79.74,-12.86],[79.71,-12.81],[79.6,-12.81],[79.49,-12.84],[79.49,-12.89],[79.46,-12.86],[79.46,-12.84],[79.42,-12.84],[79.31,-12.81],[79.2,-12.81],[79.06,-12.77],[79.06,-12.66],[79.02,-12.64],[79.02,-12.61],[78.99,-12.59],[78.88,-12.59],[78.88,-12.57],[78.85,-12.56],[78.85,-12.54],[78.77,-12.47],[78.77,-12.44],[78.67,-12.42],[78.59,-12.41],[78.38,-12.41],[78.23,-12.37],[78.23,-12.21],[78.34,-12.21],[78.34,-12.24],[78.38,-12.27],[78.41,-12.26],[78.41,-12.24],[78.52,-12.17],[78.56,-12.14],[78.63,-12.07],[78.63,-12.01],[78.45,-11.89],[78.41,-11.84],[78.41,-11.76],[78.45,-11.72],[78.63,-11.71],[78.85,-11.71],[78.88,-11.69],[79.06,-11.66],[79.06,-11.62],[78.99,-11.59],[78.88,-11.59],[78.81,-11.52],[78.63,-11.28],[78.63,-11.23]],[[83.96,-12.84],[83.96,-12.82],[83.92,-12.81],[83.81,-12.82],[83.81,-12.87],[83.92,-12.89],[83.96,-12.87],[83.96,-12.84]]]}},{"type":"Feature","properties":{"precip":10},"geometry":{"type":"Polygon","coordinates":[[[15.5,-11.38],[15.57,-11.31],[15.64,-11.31],[15.64,-11.47],[15.57,-11.49],[15.57,-11.51],[15.46,-11.49],[15.46,-11.42],[15.5,-11.41],[15.5,-11.38]]]}},{"type":"Feature","properties":{"precip":10},"geometry":{"type":"Polygon","coordinates":[[[79.24,-11.34],[79.28,-11.33],[79.28,-11.29],[79.31,-11.31],[79.31,-11.39],[79.28,-11.41],[79.28,-11.38],[79.24,-11.38],[79.24,-11.34]]]}},{"type":"Feature","properties":{"precip":10},"geometry":{"type":"Polygon","coordinates":[[[74.56,-11.44],[74.56,-11.41],[74.63,-11.41],[74.63,-11.49],[74.56,-11.49],[74.56,-11.44]]]}},{"type":"Feature","properties":{"precip":10},"geometry":{"type":"Polygon","coordinates":[[[74.74,-11.59],[74.74,-11.56],[74.78,-11.56],[74.78,-11.51],[74.81,-11.51],[74.85,-11.54],[74.85,-11.67],[74.78,-11.71],[74.78,-11.66],[74.74,-11.64],[74.74,-11.59]]]}},{"type":"Feature","properties":{"precip":10},"geometry":{"type":"Polygon","coordinates":[[[75.64,-11.66],[75.64,-11.62],[75.68,-11.62],[75.68,-11.59],[75.75,-11.61],[75.75,-11.69],[75.68,-11.71],[75.68,-11.67],[75.64,-11.66]]]}},{"type":"Feature","properties":{"precip":10},"geometry":{"type":"Polygon","coordinates":[[[75.86,-11.74],[75.89,-11.71],[75.97,-11.71],[76.18,-11.71],[76.25,-11.72],[76.22,-11.76],[76.22,-11.81],[76.15,-11.86],[76.04,-11.89],[76.04,-11.84],[76.0,-11.81],[75.93,-11.81],[75.86,-11.77],[75.86,-11.74]]]}},{"type":"Feature","properties":{"precip":10},"geometry":{"type":"Polygon","coordinates":[[[66.53,-12.11],[66.57,-12.07],[66.57,-12.01],[66.64,-11.99],[66.79,-11.99],[66.86,-12.02],[66.82,-12.06],[66.82,-12.09],[66.75,-12.16],[66.68,-12.19],[66.61,-12.19],[66.57,-12.16],[66.57,-12.14],[66.53,-12.11]]]}},{"type":"Feature","properties":{"precip":10},"geometry":{"type":"Polygon","coordinates":[[[88.6,-12.44],[88.67,-12.44],[88.67,-12.42],[88.74,-12.41],[88.82,-12.41],[88.92,-12.42],[88.96,-12.44],[88.96,-12.47],[89.03,-12.51],[89.1,-12.51],[89.14,-12.52],[89.14,-12.57],[89.1,-12.59],[89.0,-12.59],[88.96,-12.57],[88.96,-12.54],[88.89,-12.51],[88.78,-12.51],[88.67,-12.47],[88.6,-12.44]]]}},{"type":"Feature","properties":{"precip":10},"geometry":{"type":"Polygon","coordinates":[[[90.72,-12.57],[90.76,-12.56],[90.83,-12.52],[90.9,-12.51],[91.19,-12.51],[91.26,-12.56],[91.19,-12.59],[91.12,-12.59],[91.05,-12.62],[91.05,-12.67],[90.94,-12.71],[90.72,-12.71],[90.65,-12.69],[90.65,-12.64],[90.72,-12.57]]]}},{"type":"Feature","properties":{"precip":10},"geometry":{"type":"Polygon","coordinates":[[[91.52,-12.57],[91.52,-12.56],[91.62,-12.52],[91.73,-12.51],[91.98,-12.51],[92.05,-12.56],[92.05,-12.67],[92.13,-12.71],[92.13,-12.72],[92.16,-12.74],[92.16,-12.79],[92.13,-12.82],[92.13,-12.86],[92.05,-12.89],[92.05,-12.92],[92.05,-12.96],[91.95,-12.99],[91.84,-12.99],[91.77,-13.02],[91.77,-13.06],[91.73,-13.06],[91.59,-13.11],[91.37,-13.11],[91.26,-13.14],[91.26,-13.16],[91.19,-13.16],[91.19,-13.19],[90.98,-13.19],[90.94,-13.14],[90.98,-13.11],[91.12,-13.11],[91.19,-13.09],[91.34,-12.97],[91.34,-12.86],[91.37,-12.84],[91.37,-12.81],[91.41,-12.79],[91.41,-12.69],[91.48,-12.67],[91.48,-12.61],[91.52,-12.57]]]}},{"type":"Feature","properties":{"precip":10},"geometry":{"type":"Polygon","coordinates":[[[89.97,-12.96],[89.97,-12.84],[90.04,-12.81],[90.54,-12.81],[90.65,-12.84],[90.65,-12.97],[90.69,-12.97],[90.72,-12.99],[90.76,-12.99],[90.83,-13.01],[90.83,-13.07],[90.87,-13.12],[90.87,-13.19],[90.83,-13.22],[90.83,-13.27],[90.76,-13.31],[90.72,-13.31],[90.65,-13.34],[90.65,-13.79],[90.54,-13.92],[90.54,-13.97],[90.51,-13.99],[90.44,-13.94],[90.33,-13.84],[90.33,-13.69],[90.4,-13.64],[90.4,-13.59],[90.44,-13.56],[90.51,-13.52],[90.54,-13.49],[90.54,-13.42],[90.47,-13.41],[90.33,-13.41],[90.26,-13.37],[90.26,-13.26],[90.22,-13.24],[90.22,-13.21],[90.11,-13.22],[90.11,-13.31],[90.08,-13.31],[90.08,-13.26],[90.04,-13.24],[90.04,-13.12],[89.97,-13.09],[89.97,-12.96]]]}},{"type":"Feature","properties":{"precip":10},"geometry":{"type":"Polygon","coordinates":[[[51.85,-13.02],[51.85,-12.99],[51.89,-12.99],[51.99,-13.07],[52.03,-13.12],[52.03,-13.19],[51.96,-13.16],[51.89,-13.11],[51.89,-13.07],[51.85,-13.06],[51.85,-13.02]]]}},{"type":"Feature","properties":{"precip":10},"geometry":{"type":"Polygon","coordinates":[[[79.71,-13.14],[79.71,-13.12],[79.74,-13.11],[79.85,-13.12],[79.85,-13.19],[79.82,-13.21],[79.71,-13.17],[79.71,-13.14]]]}},{"type":"Feature","properties":{"precip":10},"geometry":{"type":"Polygon","coordinates":[[[92.45,-13.81],[92.45,-13.67],[92.49,-13.64],[92.49,-13.61],[92.56,-13.59],[92.63,-13.61],[92.67,-13.64],[92.67,-13.69],[92.7,-13.71],[92.77,-13.71],[92.85,-13.69],[92.85,-13.64],[92.88,-13.59],[92.92,-13.59],[92.92,-13.64],[92.92,-13.67],[92.92,-13.86],[92.92,-13.89],[92.85,-13.89],[92.81,-13.91],[92.7,-13.91],[92.67,-13.92],[92.67,-13.97],[92.63,-13.97],[92.59,-13.99],[92.49,-13.99],[92.49,-13.97],[92.45,-13.94],[92.45,-13.81]]]}},{"type":"Feature","properties":{"precip":10},"geometry":{"type":"Polygon","coordinates":[[[93.06,-13.64],[93.06,-13.59],[93.13,-13.64],[93.13,-13.66],[93.13,-13.69],[93.21,-13.71],[93.21,-13.72],[93.24,-13.74],[93.24,-13.79],[93.13,-13.74],[93.06,-13.69],[93.06,-13.64]]]}},{"type":"Feature","properties":{"precip":10},"geometry":{"type":"Polygon","coordinates":[[[79.31,-13.81],[79.31,-13.72],[79.38,-13.71],[79.42,-13.71],[79.42,-13.72],[79.46,-13.74],[79.46,-13.86],[79.38,-13.91],[79.38,-13.87],[79.31,-13.87],[79.31,-13.81]]]}},{"type":"Feature","properties":{"precip":10},"geometry":{"type":"Polygon","coordinates":[[[90.11,-13.77],[90.11,-13.76],[90.11,-13.72],[90.22,-13.71],[90.26,-13.71],[90.26,-13.76],[90.22,-13.77],[90.22,-13.81],[90.18,-13.82],[90.11,-13.86],[90.08,-13.89],[90.08,-13.82],[90.11,-13.77]]]}},{"type":"Feature","properties":{"precip":10},"geometry":{"type":"Polygon","coordinates":[[[79.53,-14.21],[79.53,-14.12],[79.64,-14.11],[79.85,-14.11],[79.92,-14.12],[79.92,-14.14],[79.92,-14.16],[79.92,-14.31],[79.92,-14.34],[79.92,-14.41],[79.85,-14.37],[79.85,-14.24],[79.82,-14.21],[79.71,-14.22],[79.71,-14.29],[79.6,-14.29],[79.53,-14.29],[79.53,-14.21]]]}},{"type":"Feature","properties":{"precip":10},"geometry":{"type":"Polygon","coordinates":[[[88.6,-14.26],[88.67,-14.24],[88.67,-14.21],[88.74,-14.21],[88.74,-14.29],[88.67,-14.29],[88.67,-14.27],[88.6,-14.26]]]}},{"type":"Feature","properties":{"precip":10},"geometry":{"type":"Polygon","coordinates":[[[91.55,-14.56],[91.55,-14.52],[91.59,-14.51],[91.69,-14.51],[91.77,-14.54],[91.77,-14.57],[91.8,-14.59],[91.91,-14.59],[91.95,-14.62],[92.02,-14.62],[92.05,-14.64],[92.05,-14.69],[92.05,-14.71],[92.2,-14.71],[92.23,-14.71],[92.23,-14.77],[92.13,-14.81],[92.02,-14.81],[91.95,-14.79],[91.84,-14.74],[91.8,-14.69],[91.69,-14.62],[91.59,-14.57],[91.55,-14.57],[91.55,-14.56]]]}},{"type":"Feature","properties":{"precip":10},"geometry":{"type":"Polygon","coordinates":[[[92.05,-15.02],[92.05,-14.99],[92.2,-15.09],[92.27,-15.16],[92.34,-15.25],[92.34,-15.27],[92.27,-15.27],[92.2,-15.19],[92.13,-15.14],[92.05,-15.06],[92.05,-15.02]]]}},{"type":"Feature","properties":{"precip":10},"geometry":{"type":"Polygon","coordinates":[[[93.46,-15.4],[93.46,-15.32],[93.49,-15.29],[93.57,-15.34],[93.57,-15.37],[93.57,-15.39],[93.67,-15.39],[93.71,-15.4],[93.89,-15.4],[94.0,-15.42],[94.07,-15.47],[94.18,-15.5],[94.36,-15.5],[94.43,-15.52],[94.43,-15.55],[94.43,-15.57],[94.5,-15.6],[94.57,-15.6],[94.61,-15.6],[94.65,-15.6],[94.72,-15.6],[94.75,-15.55],[94.75,-15.52],[94.79,-15.5],[94.86,-15.5],[94.93,-15.52],[94.93,-15.55],[94.97,-15.55],[94.97,-15.6],[95.04,-15.6],[95.08,-15.6],[95.15,-15.62],[95.15,-15.67],[95.19,-15.7],[95.29,-15.7],[95.37,-15.75],[95.22,-15.8],[95.04,-15.8],[94.97,-15.77],[94.97,-15.72],[94.93,-15.7],[94.93,-15.62],[94.86,-15.6],[94.79,-15.6],[94.79,-15.64],[94.75,-15.65],[94.75,-15.85],[94.65,-15.89],[94.61,-15.9],[94.5,-15.9],[94.43,-15.89],[94.39,-15.89],[94.36,-15.87],[94.36,-15.84],[94.29,-15.8],[94.21,-15.8],[94.18,-15.77],[94.14,-15.77],[94.14,-15.72],[94.11,-15.7],[94.0,-15.7],[93.96,-15.69],[93.96,-15.64],[93.89,-15.6],[93.78,-15.6],[93.71,-15.6],[93.67,-15.55],[93.64,-15.55],[93.64,-15.52],[93.57,-15.5],[93.53,-15.5],[93.46,-15.47],[93.46,-15.4]]]}},{"type":"Feature","properties":{"precip":10},"geometry":{"type":"Polygon","coordinates":[[[92.16,-15.65],[92.16,-15.6],[92.23,-15.6],[92.23,-15.7],[92.16,-15.7],[92.16,-15.65]]]}},{"type":"Feature","properties":{"precip":10},"geometry":{"type":"Polygon","coordinates":[[[93.13,-15.6],[93.24,-15.6],[93.24,-15.7],[93.13,-15.7],[93.13,-15.67],[93.13,-15.65],[93.13,-15.64],[93.13,-15.6]]]}},{"type":"Feature","properties":{"precip":10},"geometry":{"type":"Polygon","coordinates":[[[47.57,-18.95],[47.57,-18.9],[47.64,-18.9],[47.64,-18.98],[47.57,-18.98],[47.57,-18.95]]]}},{"type":"Feature","properties":{"precip":10},"geometry":{"type":"Polygon","coordinates":[[[79.64,-19.25],[79.67,-19.23],[79.67,-19.2],[79.71,-19.22],[79.71,-19.28],[79.71,-19.3],[79.64,-19.25]]]}},{"type":"Feature","properties":{"precip":10},"geometry":{"type":"Polygon","coordinates":[[[54.26,-21.25],[54.26,-21.23],[54.33,-21.2],[54.44,-21.2],[54.55,-21.23],[54.55,-21.28],[54.51,-21.28],[54.44,-21.3],[54.33,-21.3],[54.33,-21.28],[54.26,-21.28],[54.26,-21.25]]]}},{"type":"Feature","properties":{"precip":10},"geometry":{"type":"Polygon","coordinates":[[[3.94,-23.65],[3.94,-23.61],[3.98,-23.6],[4.05,-23.61],[4.05,-23.68],[4.01,-23.7],[3.94,-23.68],[3.94,-23.65]]]}},{"type":"Feature","properties":{"precip":10},"geometry":{"type":"Polygon","coordinates":[[[3.87,-23.95],[3.9,-23.88],[3.98,-23.83],[4.05,-23.81],[4.05,-23.88],[4.08,-23.9],[4.16,-23.9],[4.23,-23.93],[4.26,-23.96],[4.26,-24.03],[4.41,-24.21],[4.52,-24.33],[4.62,-24.43],[4.73,-24.51],[4.8,-24.58],[4.88,-24.6],[4.95,-24.65],[4.95,-24.76],[4.98,-24.8],[5.06,-24.8],[5.13,-24.83],[5.13,-24.85],[5.16,-24.86],[5.16,-24.91],[5.31,-25.11],[5.42,-25.2],[5.49,-25.21],[5.6,-25.28],[5.67,-25.38],[5.74,-25.48],[5.74,-25.55],[5.78,-25.56],[5.78,-25.6],[5.81,-25.61],[5.92,-25.7],[5.92,-25.75],[5.96,-25.76],[5.96,-25.85],[6.03,-25.91],[6.03,-25.95],[6.1,-25.98],[6.14,-26.03],[6.14,-26.15],[6.17,-26.16],[6.17,-26.2],[6.21,-26.2],[6.24,-26.23],[6.24,-26.35],[6.28,-26.36],[6.28,-26.4],[6.32,-26.4],[6.39,-26.4],[6.42,-26.41],[6.46,-26.46],[6.46,-26.58],[6.5,-26.59],[6.57,-26.59],[6.64,-26.64],[6.64,-26.78],[6.57,-26.81],[6.57,-26.88],[6.53,-26.89],[6.53,-26.98],[6.5,-26.99],[6.46,-26.98],[6.46,-26.94],[6.42,-26.91],[6.32,-26.89],[6.24,-26.93],[6.24,-26.96],[6.21,-26.99],[6.14,-26.99],[6.06,-26.96],[5.96,-26.84],[5.85,-26.81],[5.67,-26.81],[5.56,-26.76],[5.56,-26.66],[5.52,-26.64],[5.52,-26.61],[5.49,-26.59],[5.38,-26.58],[5.31,-26.55],[5.31,-26.5],[5.27,-26.46],[5.27,-26.43],[5.24,-26.4],[5.24,-26.36],[5.2,-26.33],[5.06,-26.15],[4.98,-26.11],[4.95,-26.05],[4.77,-25.83],[4.77,-25.8],[4.73,-25.78],[4.73,-25.7],[4.66,-25.68],[4.66,-25.56],[4.62,-25.53],[4.62,-25.45],[4.59,-25.4],[4.52,-25.33],[4.44,-25.25],[4.34,-25.2],[4.26,-25.18],[4.26,-25.01],[4.23,-24.98],[4.23,-24.91],[4.16,-24.88],[4.16,-24.78],[4.12,-24.75],[4.12,-24.7],[4.01,-24.61],[3.98,-24.6],[3.98,-24.55],[3.94,-24.53],[3.94,-24.41],[3.9,-24.4],[3.87,-24.4],[3.87,-24.31],[3.83,-24.28],[3.83,-24.11],[3.76,-24.08],[3.76,-24.05],[3.8,-24.0],[3.87,-23.95]]]}},{"type":"Feature","properties":{"precip":10},"geometry":{"type":"Polygon","coordinates":[[[10.96,-24.35],[10.96,-24.31],[11.03,-24.3],[11.03,-24.4],[10.96,-24.4],[10.96,-24.35]]]}},{"type":"Feature","properties":{"precip":10},"geometry":{"type":"Polygon","coordinates":[[[11.14,-24.48],[11.18,-24.45],[11.18,-24.41],[11.21,-24.4],[11.39,-24.4],[11.43,-24.41],[11.43,-24.45],[11.46,-24.48],[11.46,-24.56],[11.54,-24.6],[11.82,-24.83],[12.11,-25.11],[12.22,-25.25],[12.33,-25.35],[12.36,-25.4],[12.36,-25.43],[12.4,-25.46],[12.4,-25.5],[12.62,-25.71],[12.69,-25.78],[12.72,-25.83],[12.72,-25.9],[12.58,-25.9],[12.54,-25.86],[12.54,-25.83],[12.51,-25.81],[12.44,-25.81],[12.44,-25.8],[12.36,-25.78],[12.36,-25.68],[12.33,-25.66],[12.33,-25.61],[12.29,-25.6],[12.22,-25.6],[12.22,-25.58],[12.15,-25.55],[12.11,-25.51],[12.08,-25.5],[12.08,-25.46],[12.04,-25.43],[11.97,-25.41],[11.97,-25.45],[11.9,-25.5],[11.86,-25.48],[11.86,-25.41],[11.93,-25.4],[11.93,-25.38],[11.97,-25.36],[11.93,-25.33],[11.86,-25.3],[11.72,-25.3],[11.68,-25.28],[11.68,-25.26],[11.64,-25.23],[11.64,-25.03],[11.57,-24.98],[11.57,-24.95],[11.54,-24.93],[11.54,-24.83],[11.46,-24.8],[11.39,-24.78],[11.39,-24.76],[11.28,-24.7],[11.28,-24.68],[11.21,-24.63],[11.21,-24.6],[11.18,-24.56],[11.18,-24.53],[11.14,-24.48]]]}},{"type":"Feature","properties":{"precip":10},"geometry":{"type":"Polygon","coordinates":[[[3.04,-25.5],[3.04,-25.45],[3.08,-25.43],[3.08,-25.4],[3.15,-25.41],[3.15,-25.46],[3.22,-25.5],[3.29,-25.5],[3.4,-25.53],[3.47,-25.56],[3.54,-25.66],[3.54,-25.83],[3.58,-25.86],[3.58,-25.9],[3.62,-25.9],[3.62,-25.93],[3.65,-25.95],[3.65,-26.06],[3.62,-26.08],[3.62,-26.11],[3.58,-26.11],[3.58,-26.08],[3.54,-26.06],[3.54,-25.98],[3.47,-25.86],[3.4,-25.81],[3.36,-25.76],[3.29,-25.71],[3.26,-25.73],[3.26,-25.78],[3.18,-25.8],[3.15,-25.76],[3.15,-25.63],[3.11,-25.6],[3.08,-25.6],[3.08,-25.56],[3.04,-25.55],[3.04,-25.5]]]}},{"type":"Feature","properties":{"precip":10},"geometry":{"type":"Polygon","coordinates":[[[47.06,-25.98],[47.06,-25.91],[47.1,-25.91],[47.21,-26.0],[47.21,-26.03],[47.24,-26.08],[47.24,-26.2],[47.17,-26.18],[47.1,-26.11],[47.1,-26.08],[47.06,-26.05],[47.06,-25.98]]]}},{"type":"Feature","properties":{"precip":10},"geometry":{"type":"Polygon","coordinates":[[[12.76,-26.05],[12.76,-26.01],[12.83,-26.0],[12.83,-26.1],[12.8,-26.11],[12.76,-26.1],[12.76,-26.05]]]}},{"type":"Feature","properties":{"precip":10},"geometry":{"type":"Polygon","coordinates":[[[47.85,-26.74],[47.85,-26.71],[47.93,-26.69],[47.96,-26.73],[47.96,-26.78],[47.93,-26.78],[47.93,-26.81],[47.85,-26.79],[47.85,-26.74]]]}},{"type":"Feature","properties":{"precip":10},"geometry":{"type":"Polygon","coordinates":[[[5.63,-26.99],[5.67,-26.96],[5.67,-26.93],[5.7,-26.91],[5.81,-26.91],[5.92,-26.99],[5.92,-27.03],[5.96,-27.08],[5.85,-27.11],[5.78,-27.11],[5.67,-27.08],[5.67,-27.03],[5.63,-26.99]]]}},{"type":"Feature","properties":{"precip":10},"geometry":{"type":"Polygon","coordinates":[[[14.06,-27.11],[14.06,-27.01],[14.13,-26.99],[14.13,-27.04],[14.16,-27.06],[14.16,-27.13],[14.13,-27.14],[14.13,-27.19],[14.06,-27.18],[14.06,-27.11]]]}},{"type":"Feature","properties":{"precip":10},"geometry":{"type":"Polygon","coordinates":[[[14.24,-27.26],[14.27,-27.24],[14.27,-27.21],[14.34,-27.21],[14.34,-27.29],[14.27,-27.29],[14.27,-27.26],[14.24,-27.26]]]}},{"type":"Feature","properties":{"precip":10},"geometry":{"type":"Polygon","coordinates":[[[14.45,-27.34],[14.45,-27.31],[14.52,-27.29],[14.52,-27.33],[14.56,-27.33],[14.56,-27.38],[14.52,-27.38],[14.52,-27.39],[14.45,-27.39],[14.45,-27.34]]]}},{"type":"Feature","properties":{"precip":10},"geometry":{"type":"Polygon","coordinates":[[[17.37,-30.54],[17.37,-30.51],[17.44,-30.51],[17.44,-30.59],[17.37,-30.59],[17.37,-30.54]]]}},{"type":"Feature","properties":{"precip":10},"geometry":{"type":"Polygon","coordinates":[[[41.91,-30.87],[41.99,-30.81],[42.06,-30.82],[42.06,-30.84],[42.02,-30.86],[42.02,-30.89],[41.99,-30.91],[41.99,-30.94],[41.91,-30.97],[41.88,-30.97],[41.88,-30.92],[41.91,-30.87]]]}},{"type":"Feature","properties":{"precip":10},"geometry":{"type":"Polygon","coordinates":[[[42.17,-30.99],[42.17,-30.91],[42.24,-30.92],[42.24,-31.04],[42.27,-31.06],[42.27,-31.11],[42.35,-31.09],[42.35,-31.02],[42.38,-30.99],[42.42,-30.99],[42.42,-31.02],[42.45,-31.04],[42.45,-31.19],[42.53,-31.21],[42.53,-31.17],[42.56,-31.17],[42.56,-31.11],[42.6,-31.11],[42.63,-31.11],[42.63,-31.27],[42.67,-31.32],[42.67,-31.39],[42.71,-31.39],[42.81,-31.42],[42.89,-31.49],[42.92,-31.54],[42.92,-31.59],[42.96,-31.67],[42.96,-31.86],[42.99,-31.91],[43.07,-31.82],[43.1,-31.82],[43.17,-31.86],[43.17,-31.89],[43.21,-31.92],[43.28,-31.96],[43.32,-31.99],[43.39,-31.99],[43.53,-31.99],[43.64,-32.02],[43.64,-32.19],[43.61,-32.21],[43.53,-32.16],[43.53,-32.12],[43.43,-32.11],[43.35,-32.11],[43.21,-32.12],[43.17,-32.14],[43.1,-32.21],[43.07,-32.24],[43.07,-32.39],[43.14,-32.41],[43.14,-32.57],[43.07,-32.59],[42.99,-32.59],[42.92,-32.61],[42.78,-32.61],[42.74,-32.59],[42.63,-32.59],[42.56,-32.57],[42.56,-32.54],[42.53,-32.51],[42.45,-32.52],[42.45,-32.66],[42.42,-32.67],[42.42,-32.69],[42.38,-32.69],[42.38,-32.67],[42.35,-32.66],[42.35,-32.54],[42.31,-32.51],[42.27,-32.51],[42.24,-32.54],[42.24,-32.59],[42.17,-32.59],[42.17,-32.51],[42.13,-32.47],[42.13,-32.42],[42.06,-32.39],[41.99,-32.39],[41.95,-32.39],[41.95,-32.32],[41.88,-32.29],[41.84,-32.29],[41.77,-32.26],[41.66,-32.16],[41.66,-32.06],[41.63,-32.04],[41.63,-31.99],[41.55,-31.99],[41.55,-31.84],[41.59,-31.82],[41.59,-31.81],[41.7,-31.81],[41.73,-31.79],[41.73,-31.69],[41.66,-31.67],[41.66,-31.22],[41.7,-31.21],[41.77,-31.21],[41.84,-31.17],[41.84,-31.14],[41.88,-31.11],[41.95,-31.11],[42.06,-31.11],[42.13,-31.09],[42.13,-31.02],[42.17,-30.99]],[[42.85,-31.54],[42.85,-31.52],[42.81,-31.51],[42.74,-31.52],[42.74,-31.57],[42.81,-31.61],[42.85,-31.59],[42.85,-31.54]]]}},{"type":"Feature","properties":{"precip":10},"geometry":{"type":"Polygon","coordinates":[[[40.76,-31.07],[40.76,-31.01],[40.8,-30.99],[40.84,-31.01],[40.84,-31.11],[40.87,-31.14],[40.87,-31.19],[40.94,-31.22],[40.94,-31.37],[40.91,-31.39],[40.84,-31.39],[40.76,-31.42],[40.76,-31.52],[40.73,-31.54],[40.73,-31.59],[40.66,-31.61],[40.58,-31.61],[40.55,-31.64],[40.55,-31.67],[40.51,-31.69],[40.4,-31.69],[40.37,-31.71],[40.37,-31.76],[40.33,-31.76],[40.26,-31.79],[40.19,-31.79],[40.15,-31.81],[39.86,-31.81],[39.65,-31.76],[39.65,-31.71],[39.58,-31.69],[39.58,-31.74],[39.54,-31.76],[39.54,-31.86],[39.43,-31.91],[39.32,-31.91],[39.25,-31.96],[39.25,-32.01],[39.29,-32.06],[39.29,-32.09],[39.36,-32.16],[39.54,-32.24],[39.61,-32.29],[39.61,-32.32],[39.72,-32.42],[39.72,-32.52],[39.76,-32.56],[39.76,-32.87],[39.86,-32.91],[39.94,-32.91],[40.04,-32.86],[40.04,-32.72],[39.97,-32.69],[39.9,-32.69],[39.86,-32.67],[39.86,-32.54],[39.94,-32.46],[40.01,-32.41],[40.04,-32.42],[40.04,-32.47],[40.08,-32.51],[40.15,-32.44],[40.15,-32.29],[40.19,-32.24],[40.19,-32.22],[40.26,-32.21],[40.33,-32.22],[40.4,-32.29],[40.4,-32.32],[40.48,-32.36],[40.48,-32.37],[40.55,-32.39],[40.69,-32.39],[40.73,-32.42],[40.73,-32.46],[40.76,-32.47],[40.76,-32.57],[40.84,-32.59],[40.91,-32.62],[40.91,-32.66],[40.98,-32.67],[41.02,-32.69],[41.02,-32.72],[41.12,-32.79],[41.19,-32.81],[41.45,-32.81],[41.55,-32.76],[41.55,-32.66],[41.59,-32.61],[41.73,-32.61],[41.84,-32.56],[41.84,-32.52],[41.91,-32.51],[41.95,-32.54],[41.95,-32.72],[42.02,-32.82],[42.09,-32.87],[42.24,-32.94],[42.31,-32.99],[42.31,-33.02],[42.35,-33.06],[42.35,-33.09],[42.31,-33.11],[42.2,-33.11],[42.13,-33.11],[42.02,-33.16],[41.99,-33.21],[41.99,-33.31],[42.06,-33.36],[42.09,-33.39],[42.17,-33.46],[42.17,-33.49],[42.24,-33.54],[42.24,-33.64],[42.27,-33.66],[42.27,-33.67],[42.31,-33.69],[42.38,-33.69],[42.45,-33.71],[42.56,-33.76],[42.6,-33.79],[42.6,-33.84],[42.63,-33.91],[42.63,-34.11],[42.67,-34.16],[42.67,-34.29],[42.71,-34.29],[42.71,-34.32],[42.74,-34.34],[42.74,-34.75],[42.67,-34.8],[42.67,-34.82],[42.63,-34.84],[42.71,-34.9],[42.81,-34.9],[42.85,-34.92],[42.85,-34.97],[42.71,-35.0],[42.67,-35.02],[42.67,-35.05],[42.63,-35.09],[42.63,-35.17],[42.6,-35.2],[42.53,-35.2],[42.45,-35.22],[42.45,-35.27],[42.42,-35.27],[42.38,-35.3],[42.31,-35.3],[42.24,-35.34],[42.24,-35.39],[42.2,-35.39],[42.17,-35.39],[42.17,-35.34],[42.09,-35.3],[41.99,-35.3],[41.95,-35.32],[41.95,-35.37],[41.91,-35.37],[41.81,-35.39],[41.59,-35.39],[41.52,-35.4],[41.45,-35.4],[41.34,-35.44],[41.34,-35.47],[41.27,-35.5],[41.12,-35.49],[41.05,-35.45],[41.02,-35.4],[40.98,-35.39],[40.98,-35.32],[40.94,-35.29],[40.94,-35.12],[40.87,-35.1],[40.8,-35.1],[40.76,-35.07],[40.76,-34.87],[40.73,-34.82],[40.66,-34.8],[40.44,-34.8],[40.37,-34.82],[40.37,-35.17],[40.4,-35.19],[40.4,-35.22],[40.44,-35.24],[40.44,-35.27],[40.4,-35.27],[40.37,-35.3],[40.37,-35.39],[40.44,-35.42],[40.44,-35.45],[40.4,-35.5],[40.33,-35.55],[40.22,-35.59],[40.12,-35.6],[40.01,-35.6],[39.94,-35.64],[39.97,-35.65],[39.97,-35.67],[40.08,-35.77],[40.15,-35.8],[40.22,-35.82],[40.22,-35.84],[40.26,-35.85],[40.26,-35.95],[40.22,-35.97],[40.15,-36.0],[40.08,-36.0],[39.97,-35.97],[39.94,-35.95],[39.94,-35.92],[39.9,-35.9],[39.79,-35.9],[39.76,-35.92],[39.76,-35.97],[39.79,-35.99],[39.9,-36.09],[39.94,-36.12],[39.94,-36.27],[39.86,-36.3],[39.79,-36.3],[39.72,-36.37],[39.72,-36.39],[39.68,-36.39],[39.68,-36.37],[39.61,-36.3],[39.5,-36.3],[39.47,-36.35],[39.47,-36.49],[39.54,-36.52],[39.54,-36.59],[39.47,-36.59],[39.47,-36.55],[39.43,-36.55],[39.43,-36.52],[39.36,-36.52],[39.36,-36.55],[39.32,-36.59],[39.22,-36.6],[39.14,-36.57],[39.14,-36.52],[39.11,-36.5],[39.0,-36.5],[38.93,-36.45],[38.93,-36.4],[38.89,-36.4],[38.86,-36.45],[38.86,-36.47],[38.82,-36.47],[38.75,-36.5],[38.6,-36.5],[38.57,-36.52],[38.57,-36.57],[38.68,-36.67],[38.78,-36.7],[38.86,-36.72],[38.86,-36.8],[38.82,-36.8],[38.68,-36.84],[38.57,-36.92],[38.57,-37.0],[38.6,-37.0],[38.71,-37.0],[38.75,-37.04],[38.75,-37.25],[38.64,-37.3],[38.57,-37.3],[38.46,-37.27],[38.46,-37.24],[38.39,-37.22],[38.32,-37.22],[38.32,-37.19],[38.24,-37.15],[38.21,-37.12],[38.21,-37.1],[38.17,-37.07],[38.06,-37.02],[38.06,-37.0],[37.96,-37.0],[37.88,-37.0],[37.88,-36.95],[37.85,-36.95],[37.85,-36.84],[37.81,-36.82],[37.7,-36.8],[37.38,-36.8],[37.31,-36.8],[37.24,-36.75],[37.27,-36.74],[37.27,-36.7],[37.34,-36.69],[37.34,-36.64],[37.27,-36.6],[37.13,-36.6],[37.09,-36.57],[37.06,-36.57],[37.06,-36.52],[36.98,-36.5],[36.91,-36.5],[36.84,-36.45],[36.84,-36.42],[36.88,-36.42],[36.88,-36.39],[36.95,-36.39],[36.95,-36.35],[36.88,-36.3],[36.77,-36.3],[36.62,-36.24],[36.62,-36.22],[36.59,-36.2],[36.59,-36.17],[36.52,-36.14],[36.48,-36.1],[36.37,-36.1],[36.3,-36.1],[36.26,-36.1],[36.19,-36.1],[36.16,-36.12],[36.16,-36.15],[36.08,-36.19],[36.01,-36.19],[35.98,-36.2],[35.72,-36.2],[35.62,-36.19],[35.54,-36.15],[35.51,-36.12],[35.51,-36.1],[35.47,-36.09],[35.47,-36.05],[35.36,-36.0],[35.18,-36.0],[35.18,-35.99],[35.11,-35.99],[35.04,-35.95],[35.04,-35.92],[34.97,-35.9],[34.86,-35.9],[34.79,-35.87],[34.75,-35.87],[34.75,-35.82],[34.64,-35.8],[34.5,-35.8],[34.46,-35.79],[34.46,-35.74],[34.43,-35.74],[34.43,-35.7],[34.36,-35.7],[34.36,-35.69],[34.28,-35.69],[34.25,-35.67],[34.25,-35.62],[34.21,-35.6],[34.14,-35.6],[34.07,-35.59],[34.07,-35.54],[33.96,-35.5],[33.85,-35.5],[33.74,-35.45],[33.74,-35.42],[33.67,-35.39],[33.64,-35.39],[33.56,-35.37],[33.53,-35.32],[33.49,-35.3],[33.49,-35.27],[33.42,-35.24],[33.35,-35.2],[33.24,-35.2],[33.17,-35.19],[33.17,-35.1],[33.13,-35.09],[33.13,-35.02],[33.06,-34.99],[33.02,-34.99],[32.95,-34.95],[32.95,-34.94],[32.88,-34.87],[32.84,-34.82],[32.63,-34.74],[32.59,-34.7],[32.59,-34.67],[32.41,-34.54],[32.3,-34.49],[32.27,-34.49],[32.27,-34.39],[32.23,-34.35],[32.27,-34.32],[32.27,-34.22],[32.34,-34.19],[32.34,-34.04],[32.27,-33.97],[32.27,-33.96],[32.16,-33.92],[32.09,-33.91],[31.98,-33.91],[31.91,-33.89],[31.84,-33.86],[31.84,-33.82],[31.73,-33.81],[31.58,-33.81],[31.55,-33.79],[31.44,-33.77],[31.44,-33.74],[31.4,-33.71],[31.37,-33.72],[31.37,-33.76],[31.26,-33.79],[31.19,-33.79],[31.12,-33.81],[30.65,-33.81],[30.58,-33.77],[30.54,-33.72],[30.54,-33.64],[30.5,-33.61],[30.43,-33.61],[30.36,-33.54],[30.36,-33.06],[30.4,-33.02],[30.4,-32.99],[30.43,-32.99],[30.43,-32.82],[30.4,-32.79],[30.36,-32.77],[30.36,-32.72],[30.4,-32.72],[30.4,-32.69],[30.43,-32.67],[30.43,-32.59],[30.47,-32.56],[30.47,-32.54],[30.54,-32.51],[30.94,-32.51],[31.01,-32.54],[31.04,-32.54],[31.08,-32.56],[31.08,-32.59],[31.12,-32.59],[31.12,-32.56],[31.19,-32.51],[31.22,-32.51],[31.22,-32.54],[31.26,-32.56],[31.33,-32.59],[31.33,-32.54],[31.4,-32.52],[31.48,-32.51],[31.62,-32.51],[31.76,-32.46],[31.76,-32.42],[31.94,-32.39],[32.23,-32.39],[32.3,-32.37],[32.38,-32.36],[32.38,-32.32],[32.41,-32.29],[32.41,-32.34],[32.45,-32.36],[32.48,-32.39],[32.56,-32.39],[32.66,-32.49],[32.74,-32.52],[32.84,-32.66],[32.92,-32.69],[32.95,-32.74],[33.02,-32.79],[33.13,-32.81],[33.24,-32.81],[33.35,-32.84],[33.35,-32.87],[33.24,-32.96],[33.28,-32.97],[33.35,-33.02],[33.35,-33.16],[33.28,-33.19],[33.17,-33.21],[32.66,-33.21],[32.56,-33.24],[32.56,-33.47],[32.63,-33.51],[32.66,-33.51],[32.74,-33.54],[32.77,-33.57],[32.84,-33.64],[32.84,-33.66],[32.92,-33.67],[32.92,-33.69],[32.99,-33.69],[33.06,-33.72],[33.06,-33.77],[33.1,-33.79],[33.17,-33.79],[33.2,-33.81],[33.38,-33.81],[33.49,-33.82],[33.56,-33.84],[33.56,-33.87],[33.64,-33.89],[33.71,-33.89],[33.78,-33.91],[33.92,-33.91],[34.03,-33.89],[34.14,-33.86],[34.21,-33.81],[34.32,-33.67],[34.46,-33.61],[34.93,-33.61],[35.0,-33.64],[35.08,-33.67],[35.08,-33.69],[35.18,-33.64],[35.18,-33.61],[35.26,-33.54],[35.26,-33.42],[35.15,-33.39],[35.15,-33.34],[35.22,-33.31],[35.29,-33.31],[35.33,-33.31],[35.4,-33.31],[35.44,-33.27],[35.44,-33.17],[35.47,-33.11],[35.47,-33.02],[35.51,-32.97],[35.58,-32.92],[35.62,-32.91],[35.69,-32.91],[35.72,-32.87],[35.76,-32.87],[35.76,-32.82],[35.83,-32.82],[35.83,-32.81],[35.98,-32.81],[36.05,-32.82],[36.05,-32.87],[36.12,-32.91],[36.16,-32.91],[36.26,-32.99],[36.34,-33.02],[36.55,-33.24],[36.59,-33.26],[36.66,-33.24],[36.77,-33.11],[36.84,-33.09],[36.88,-33.06],[36.98,-33.01],[37.06,-32.99],[37.13,-33.01],[37.2,-33.01],[37.24,-33.02],[37.24,-33.06],[37.31,-33.11],[37.38,-33.11],[37.45,-33.14],[37.45,-33.27],[37.49,-33.27],[37.49,-33.31],[37.52,-33.31],[37.52,-33.34],[37.56,-33.37],[37.56,-33.49],[37.63,-33.51],[37.63,-33.46],[37.67,-33.46],[37.67,-33.41],[37.7,-33.39],[37.81,-33.39],[37.85,-33.39],[37.85,-33.34],[37.88,-33.31],[37.96,-33.31],[38.03,-33.31],[38.03,-33.26],[38.06,-33.26],[38.06,-33.22],[38.1,-33.21],[38.24,-33.21],[38.28,-33.19],[38.35,-33.19],[38.35,-33.14],[38.24,-33.06],[38.24,-33.02],[38.14,-32.94],[38.06,-32.82],[38.06,-32.72],[38.14,-32.69],[38.21,-32.69],[38.24,-32.67],[38.24,-32.66],[38.28,-32.61],[38.35,-32.61],[38.42,-32.59],[38.42,-32.56],[38.46,-32.54],[38.46,-32.41],[38.53,-32.39],[38.53,-32.34],[38.57,-32.32],[38.57,-32.29],[38.53,-32.27],[38.53,-32.22],[38.5,-32.21],[38.42,-32.21],[38.42,-32.19],[38.35,-32.17],[38.35,-32.14],[38.28,-32.11],[38.21,-32.11],[38.17,-32.11],[37.92,-32.11],[37.78,-32.12],[37.74,-32.14],[37.74,-32.19],[37.67,-32.21],[37.63,-32.17],[37.45,-32.06],[37.38,-31.96],[37.27,-31.87],[37.2,-31.74],[37.2,-31.69],[37.24,-31.67],[37.24,-31.57],[37.27,-31.54],[37.27,-31.52],[37.31,-31.51],[37.42,-31.51],[37.45,-31.54],[37.45,-31.56],[37.49,-31.59],[37.56,-31.59],[37.6,-31.61],[37.67,-31.61],[37.74,-31.62],[37.74,-31.67],[37.81,-31.69],[37.88,-31.71],[37.96,-31.74],[37.99,-31.77],[37.99,-31.81],[38.03,-31.84],[38.03,-31.87],[38.06,-31.92],[38.06,-31.99],[38.14,-31.99],[38.14,-31.82],[38.17,-31.79],[38.17,-31.71],[38.24,-31.71],[38.24,-31.84],[38.28,-31.87],[38.35,-31.91],[38.42,-31.91],[38.53,-31.87],[38.53,-31.84],[38.57,-31.82],[38.57,-31.77],[38.64,-31.67],[38.68,-31.61],[38.75,-31.56],[38.89,-31.51],[39.11,-31.51],[39.14,-31.54],[39.14,-31.67],[39.18,-31.67],[39.18,-31.69],[39.25,-31.67],[39.29,-31.64],[39.29,-31.61],[39.32,-31.56],[39.4,-31.51],[39.43,-31.51],[39.43,-31.56],[39.47,-31.57],[39.47,-31.69],[39.54,-31.69],[39.54,-31.64],[39.61,-31.61],[39.68,-31.61],[39.83,-31.57],[39.83,-31.54],[39.86,-31.54],[39.86,-31.46],[39.83,-31.41],[39.79,-31.39],[39.76,-31.41],[39.72,-31.46],[39.72,-31.51],[39.68,-31.51],[39.68,-31.41],[39.76,-31.36],[39.83,-31.32],[40.01,-31.29],[40.12,-31.29],[40.19,-31.31],[40.26,-31.36],[40.26,-31.39],[40.37,-31.39],[40.51,-31.37],[40.55,-31.32],[40.62,-31.27],[40.66,-31.24],[40.73,-31.17],[40.73,-31.12],[40.76,-31.07]],[[39.76,-32.96],[39.76,-32.92],[39.72,-32.91],[39.65,-32.92],[39.65,-32.97],[39.76,-32.97],[39.76,-32.96]],[[35.76,-33.21],[35.76,-33.16],[35.72,-33.11],[35.69,-33.11],[35.58,-33.21],[35.58,-33.24],[35.54,-33.27],[35.65,-33.31],[35.72,-33.31],[35.72,-33.26],[35.76,-33.24],[35.76,-33.21]],[[39.76,-36.24],[39.76,-36.22],[39.72,-36.2],[39.65,-36.22],[39.65,-36.27],[39.72,-36.3],[39.76,-36.27],[39.76,-36.24]],[[37.56,-36.35],[37.52,-36.32],[37.45,-36.3],[37.24,-36.3],[37.16,-36.35],[37.16,-36.39],[37.2,-36.39],[37.27,-36.39],[37.34,-36.42],[37.34,-36.45],[37.45,-36.5],[37.74,-36.5],[37.85,-36.47],[37.85,-36.42],[37.74,-36.39],[37.63,-36.39],[37.56,-36.39],[37.56,-36.35]]]}},{"type":"Feature","properties":{"precip":10},"geometry":{"type":"Polygon","coordinates":[[[43.14,-31.21],[43.14,-31.11],[43.17,-31.09],[43.17,-31.01],[43.21,-30.99],[43.25,-31.01],[43.25,-31.06],[43.28,-31.09],[43.35,-31.09],[43.35,-31.11],[43.53,-31.11],[43.64,-31.12],[43.64,-31.26],[43.61,-31.29],[43.46,-31.29],[43.35,-31.32],[43.35,-31.37],[43.28,-31.39],[43.21,-31.39],[43.17,-31.39],[43.17,-31.34],[43.14,-31.31],[43.14,-31.21]]]}},{"type":"Feature","properties":{"precip":10},"geometry":{"type":"Polygon","coordinates":[[[41.05,-31.12],[41.05,-31.11],[41.12,-31.11],[41.19,-31.17],[41.19,-31.21],[41.23,-31.19],[41.23,-31.12],[41.3,-31.11],[41.34,-31.11],[41.34,-31.26],[41.3,-31.29],[41.23,-31.29],[41.16,-31.26],[41.12,-31.22],[41.09,-31.21],[41.09,-31.17],[41.05,-31.16],[41.05,-31.12]]]}},{"type":"Feature","properties":{"precip":10},"geometry":{"type":"Polygon","coordinates":[[[43.75,-31.36],[43.75,-31.31],[43.82,-31.29],[43.86,-31.32],[43.86,-31.39],[43.75,-31.39],[43.75,-31.36]]]}},{"type":"Feature","properties":{"precip":10},"geometry":{"type":"Polygon","coordinates":[[[43.46,-31.44],[43.46,-31.41],[43.53,-31.39],[43.53,-31.51],[43.46,-31.49],[43.46,-31.44]]]}},{"type":"Feature","properties":{"precip":10},"geometry":{"type":"Polygon","coordinates":[[[43.93,-31.47],[43.93,-31.44],[43.97,-31.41],[44.11,-31.41],[44.18,-31.46],[44.22,-31.51],[44.22,-31.54],[44.25,-31.56],[44.36,-31.61],[44.43,-31.62],[44.43,-31.67],[44.51,-31.69],[44.58,-31.69],[44.65,-31.74],[44.65,-31.82],[44.58,-31.89],[44.54,-31.91],[44.47,-31.89],[44.43,-31.82],[44.36,-31.82],[44.36,-31.87],[44.33,-31.91],[44.25,-31.84],[44.25,-31.67],[44.22,-31.64],[44.22,-31.61],[44.18,-31.61],[44.15,-31.64],[44.15,-31.79],[44.07,-31.81],[44.07,-31.77],[44.04,-31.77],[44.04,-31.71],[44.0,-31.69],[43.89,-31.69],[43.86,-31.67],[43.86,-31.56],[43.93,-31.47]],[[44.15,-31.54],[44.15,-31.51],[44.07,-31.51],[44.04,-31.54],[44.04,-31.56],[44.11,-31.61],[44.15,-31.59],[44.15,-31.54]]]}},{"type":"Feature","properties":{"precip":10},"geometry":{"type":"Polygon","coordinates":[[[50.73,-31.87],[50.77,-31.82],[50.77,-31.62],[50.81,-31.61],[50.84,-31.62],[50.84,-31.81],[50.88,-31.82],[50.88,-31.89],[50.95,-31.87],[50.95,-31.79],[50.99,-31.74],[50.99,-31.69],[51.02,-31.67],[51.09,-31.62],[51.13,-31.62],[51.13,-31.67],[51.2,-31.69],[51.31,-31.69],[51.35,-31.72],[51.35,-31.76],[51.42,-31.79],[51.49,-31.81],[51.71,-31.81],[51.74,-31.82],[51.81,-31.82],[51.85,-31.84],[51.85,-31.87],[51.96,-31.89],[51.99,-31.91],[52.17,-31.91],[52.25,-31.94],[52.25,-31.96],[52.32,-31.99],[52.43,-31.99],[52.5,-32.01],[52.5,-32.02],[52.57,-32.06],[52.57,-32.09],[52.68,-32.16],[52.68,-32.17],[52.79,-32.21],[52.86,-32.21],[52.93,-32.24],[53.0,-32.27],[53.0,-32.32],[53.07,-32.36],[53.11,-32.39],[53.18,-32.39],[53.25,-32.42],[53.25,-32.47],[53.33,-32.51],[53.4,-32.51],[53.43,-32.54],[53.43,-32.61],[53.47,-32.66],[53.47,-32.67],[53.54,-32.69],[53.54,-32.67],[53.58,-32.66],[53.58,-32.61],[53.61,-32.61],[53.65,-32.66],[53.65,-32.67],[53.72,-32.69],[53.72,-32.67],[53.76,-32.66],[53.76,-32.61],[53.83,-32.62],[53.86,-32.67],[53.86,-32.77],[53.9,-32.81],[54.01,-32.81],[54.04,-32.82],[54.04,-33.06],[54.12,-33.11],[54.19,-33.11],[54.26,-33.14],[54.26,-33.19],[54.3,-33.21],[54.37,-33.21],[54.44,-33.24],[54.48,-33.27],[54.55,-33.34],[54.55,-33.36],[54.66,-33.39],[54.76,-33.39],[54.84,-33.42],[54.84,-33.46],[54.91,-33.49],[54.98,-33.51],[55.12,-33.51],[55.16,-33.52],[55.23,-33.52],[55.23,-33.54],[55.27,-33.54],[55.27,-33.57],[55.3,-33.59],[55.38,-33.59],[55.41,-33.61],[55.56,-33.61],[55.66,-33.64],[55.66,-33.67],[55.74,-33.69],[55.88,-33.69],[55.92,-33.71],[55.99,-33.71],[56.06,-33.74],[56.06,-33.76],[56.13,-33.79],[56.2,-33.81],[56.6,-33.81],[56.67,-33.82],[56.78,-33.82],[56.85,-33.84],[56.85,-33.87],[56.96,-33.91],[57.03,-33.91],[57.25,-33.86],[57.28,-33.82],[57.36,-33.84],[57.36,-33.87],[57.46,-33.96],[57.54,-33.97],[57.54,-33.94],[57.61,-33.91],[57.72,-33.91],[57.75,-33.94],[57.75,-33.96],[57.79,-33.96],[57.86,-33.99],[58.18,-33.99],[58.29,-34.01],[58.51,-34.01],[58.62,-34.02],[58.65,-34.04],[58.65,-34.07],[58.72,-34.11],[58.83,-34.11],[58.9,-34.11],[58.98,-34.16],[58.98,-34.19],[59.05,-34.17],[59.05,-34.14],[59.08,-34.11],[59.16,-34.12],[59.16,-34.17],[59.05,-34.22],[59.05,-34.25],[59.12,-34.29],[59.19,-34.3],[59.26,-34.3],[59.3,-34.34],[59.37,-34.35],[59.37,-34.37],[59.44,-34.44],[59.44,-34.57],[59.41,-34.62],[59.34,-34.55],[59.34,-34.5],[59.26,-34.52],[59.26,-34.64],[59.23,-34.67],[59.16,-34.69],[59.16,-34.64],[59.12,-34.62],[59.08,-34.62],[59.08,-34.64],[59.01,-34.67],[59.01,-34.69],[58.98,-34.72],[58.98,-34.8],[59.01,-34.82],[59.08,-34.87],[59.12,-34.92],[59.12,-34.97],[59.16,-35.0],[59.16,-35.17],[59.23,-35.2],[59.3,-35.2],[59.37,-35.24],[59.37,-35.29],[59.44,-35.27],[59.44,-35.24],[59.52,-35.2],[59.52,-35.25],[59.48,-35.29],[59.48,-35.32],[59.41,-35.39],[59.3,-35.49],[59.23,-35.55],[59.19,-35.57],[59.12,-35.54],[59.12,-35.5],[59.05,-35.45],[58.9,-35.39],[58.76,-35.39],[58.69,-35.42],[58.65,-35.45],[58.65,-35.57],[58.58,-35.6],[58.54,-35.57],[58.54,-35.52],[58.47,-35.5],[58.4,-35.5],[58.36,-35.52],[58.36,-35.57],[58.33,-35.62],[58.33,-35.67],[58.29,-35.69],[58.29,-35.72],[58.22,-35.79],[58.18,-35.8],[58.11,-35.8],[58.08,-35.82],[58.08,-35.84],[58.04,-35.85],[58.04,-35.94],[58.11,-35.99],[58.18,-36.0],[58.26,-35.97],[58.26,-35.94],[58.29,-35.9],[58.33,-35.9],[58.33,-35.94],[58.36,-35.97],[58.44,-36.0],[58.54,-35.97],[58.54,-35.92],[58.62,-35.9],[58.65,-35.94],[58.65,-36.07],[58.69,-36.1],[58.83,-36.1],[58.94,-36.12],[58.94,-36.37],[58.9,-36.39],[58.8,-36.39],[58.76,-36.39],[58.76,-36.25],[58.72,-36.24],[58.72,-36.2],[58.65,-36.22],[58.65,-36.25],[58.58,-36.29],[58.51,-36.29],[58.44,-36.3],[58.36,-36.3],[58.29,-36.29],[58.22,-36.29],[58.15,-36.25],[58.15,-36.24],[58.08,-36.22],[58.0,-36.22],[57.93,-36.2],[57.64,-36.2],[57.61,-36.19],[57.54,-36.19],[57.43,-36.15],[57.43,-36.1],[57.39,-36.1],[57.39,-36.12],[57.36,-36.14],[57.36,-36.17],[57.28,-36.2],[57.21,-36.2],[57.1,-36.1],[57.07,-36.12],[57.07,-36.15],[56.96,-36.2],[56.89,-36.2],[56.82,-36.22],[56.78,-36.24],[56.71,-36.27],[56.71,-36.3],[56.67,-36.32],[56.64,-36.37],[56.56,-36.39],[56.53,-36.39],[56.46,-36.42],[56.46,-36.47],[56.42,-36.5],[56.31,-36.5],[56.24,-36.55],[56.24,-36.57],[56.17,-36.57],[56.17,-36.55],[56.06,-36.47],[56.06,-36.45],[55.99,-36.4],[55.92,-36.47],[55.92,-36.5],[55.88,-36.5],[55.88,-36.47],[55.84,-36.45],[55.77,-36.4],[55.7,-36.39],[55.59,-36.4],[55.56,-36.42],[55.56,-36.47],[55.52,-36.5],[55.41,-36.5],[55.34,-36.45],[55.34,-36.42],[55.3,-36.4],[55.23,-36.4],[55.2,-36.39],[55.09,-36.39],[55.02,-36.4],[54.94,-36.45],[54.94,-36.52],[54.98,-36.55],[54.98,-36.59],[55.05,-36.67],[55.16,-36.7],[55.23,-36.72],[55.23,-36.8],[55.27,-36.8],[55.27,-36.9],[55.3,-36.9],[55.38,-36.9],[55.41,-36.92],[55.52,-37.0],[55.52,-37.05],[55.56,-37.09],[55.56,-37.12],[55.52,-37.17],[55.48,-37.19],[55.3,-37.22],[55.12,-37.17],[55.05,-37.14],[55.02,-37.1],[54.94,-37.05],[54.94,-37.04],[54.87,-37.0],[54.66,-37.0],[54.58,-37.0],[54.51,-36.95],[54.44,-36.95],[54.37,-36.85],[54.26,-36.77],[54.22,-36.72],[54.08,-36.6],[54.04,-36.6],[53.94,-36.55],[53.94,-36.52],[53.86,-36.45],[53.86,-36.39],[53.83,-36.35],[53.83,-36.3],[53.76,-36.32],[53.72,-36.39],[53.65,-36.37],[53.65,-36.35],[53.54,-36.22],[53.54,-36.14],[53.47,-36.1],[53.4,-36.1],[53.33,-36.15],[53.33,-36.2],[53.29,-36.2],[53.29,-36.15],[53.22,-36.12],[53.22,-36.1],[53.15,-36.1],[53.11,-36.1],[53.0,-36.1],[52.97,-36.09],[52.97,-36.05],[52.89,-36.02],[52.79,-36.0],[52.53,-36.0],[52.46,-35.99],[52.35,-35.99],[52.25,-35.95],[52.25,-35.94],[52.17,-35.9],[52.03,-35.9],[51.99,-35.87],[51.96,-35.87],[51.96,-35.84],[51.89,-35.82],[51.81,-35.8],[51.56,-35.8],[51.45,-35.77],[51.45,-35.74],[51.38,-35.7],[51.27,-35.7],[51.24,-35.69],[51.13,-35.69],[51.06,-35.67],[51.06,-35.64],[50.99,-35.6],[50.88,-35.6],[50.73,-35.54],[50.73,-35.52],[50.66,-35.45],[50.66,-35.44],[50.55,-35.39],[50.48,-35.39],[50.45,-35.34],[50.45,-35.22],[50.37,-35.2],[50.37,-35.15],[50.34,-35.14],[50.34,-35.02],[50.27,-34.95],[50.19,-34.89],[50.16,-34.87],[50.16,-34.82],[50.23,-34.8],[50.3,-34.8],[50.34,-34.79],[50.34,-34.7],[50.27,-34.69],[50.19,-34.69],[50.16,-34.67],[50.16,-34.39],[50.12,-34.37],[50.12,-34.3],[50.09,-34.3],[50.09,-34.29],[50.05,-34.25],[50.05,-34.04],[50.01,-34.02],[50.01,-33.99],[49.98,-33.99],[49.98,-33.96],[49.94,-33.94],[49.94,-33.82],[49.87,-33.81],[49.87,-33.72],[49.83,-33.69],[49.83,-33.64],[49.8,-33.61],[49.73,-33.61],[49.73,-33.59],[49.65,-33.56],[49.62,-33.51],[49.58,-33.49],[49.58,-33.46],[49.47,-33.41],[49.47,-33.39],[49.4,-33.39],[49.37,-33.39],[49.37,-33.34],[49.26,-33.31],[49.22,-33.31],[49.15,-33.26],[49.15,-33.24],[49.08,-33.17],[49.08,-33.16],[48.93,-33.11],[48.86,-33.11],[48.75,-33.06],[48.72,-33.02],[48.72,-32.99],[48.68,-32.97],[48.61,-32.94],[48.57,-32.91],[48.47,-32.89],[48.47,-32.84],[48.39,-32.81],[48.32,-32.81],[48.25,-32.79],[48.25,-32.72],[48.18,-32.69],[48.11,-32.67],[48.0,-32.59],[47.96,-32.54],[47.89,-32.51],[47.85,-32.46],[47.78,-32.39],[47.71,-32.32],[47.64,-32.27],[47.57,-32.22],[47.57,-32.21],[47.46,-32.19],[47.46,-32.12],[47.49,-32.11],[47.6,-32.11],[47.64,-32.11],[47.64,-32.16],[47.67,-32.19],[47.75,-32.19],[47.75,-32.21],[47.85,-32.21],[47.93,-32.24],[48.0,-32.27],[48.0,-32.29],[48.11,-32.39],[48.18,-32.39],[48.25,-32.34],[48.29,-32.32],[48.29,-32.29],[48.36,-32.24],[48.47,-32.21],[48.54,-32.21],[48.54,-32.26],[48.57,-32.26],[48.61,-32.29],[48.72,-32.29],[48.72,-32.32],[48.79,-32.32],[48.86,-32.34],[48.86,-32.39],[48.93,-32.39],[49.08,-32.39],[49.15,-32.37],[49.15,-32.24],[49.11,-32.21],[49.08,-32.21],[49.08,-32.17],[49.04,-32.16],[49.04,-32.01],[48.97,-31.99],[48.97,-31.96],[48.93,-31.96],[49.01,-31.91],[49.08,-31.91],[49.08,-31.89],[49.15,-31.87],[49.15,-31.82],[49.26,-31.81],[49.44,-31.81],[49.55,-31.82],[49.55,-31.87],[49.58,-31.87],[49.62,-31.91],[49.69,-31.91],[49.69,-31.92],[49.76,-31.96],[49.83,-32.02],[49.83,-32.06],[49.91,-32.09],[50.01,-32.17],[50.12,-32.21],[50.27,-32.21],[50.37,-32.24],[50.37,-32.29],[50.45,-32.26],[50.45,-32.24],[50.48,-32.21],[50.52,-32.22],[50.59,-32.27],[50.59,-32.29],[50.66,-32.26],[50.66,-32.24],[50.7,-32.22],[50.7,-32.19],[50.73,-32.14],[50.73,-31.87]],[[48.36,-32.46],[48.36,-32.42],[48.32,-32.39],[48.25,-32.41],[48.25,-32.49],[48.29,-32.51],[48.36,-32.47],[48.36,-32.46]],[[50.34,-34.16],[50.34,-34.11],[50.27,-34.11],[50.27,-34.2],[50.34,-34.2],[50.34,-34.16]],[[58.26,-35.54],[58.22,-35.5],[58.15,-35.52],[58.15,-35.59],[58.22,-35.59],[58.26,-35.57],[58.26,-35.54]],[[58.15,-35.65],[58.15,-35.62],[58.11,-35.6],[58.0,-35.6],[57.97,-35.62],[57.97,-35.67],[58.0,-35.69],[58.11,-35.69],[58.15,-35.67],[58.15,-35.65]],[[53.54,-35.95],[53.54,-35.9],[53.47,-35.9],[53.47,-35.99],[53.51,-36.0],[53.54,-35.99],[53.54,-35.95]]]}},{"type":"Feature","properties":{"precip":10},"geometry":{"type":"Polygon","coordinates":[[[44.76,-31.84],[44.76,-31.82],[44.83,-31.81],[44.83,-31.82],[44.87,-31.84],[44.79,-31.91],[44.76,-31.89],[44.76,-31.84]]]}},{"type":"Feature","properties":{"precip":10},"geometry":{"type":"Polygon","coordinates":[[[46.16,-31.96],[46.16,-31.92],[46.2,-31.91],[46.31,-31.91],[46.34,-31.92],[46.34,-31.99],[46.31,-31.99],[46.2,-31.99],[46.16,-31.99],[46.16,-31.96]]]}},{"type":"Feature","properties":{"precip":10},"geometry":{"type":"Polygon","coordinates":[[[43.75,-32.12],[43.79,-32.11],[43.82,-32.11],[43.86,-32.12],[43.86,-32.17],[43.93,-32.21],[44.0,-32.21],[44.04,-32.22],[44.04,-32.26],[44.07,-32.27],[44.22,-32.32],[44.25,-32.34],[44.25,-32.39],[44.29,-32.39],[44.4,-32.39],[44.43,-32.41],[44.43,-32.46],[44.47,-32.46],[44.47,-32.49],[44.51,-32.51],[44.61,-32.51],[44.65,-32.52],[44.65,-32.57],[44.58,-32.59],[44.58,-32.61],[44.47,-32.59],[44.47,-32.56],[44.43,-32.54],[44.43,-32.52],[44.4,-32.51],[44.33,-32.51],[44.25,-32.47],[44.25,-32.42],[44.18,-32.39],[44.11,-32.39],[44.04,-32.36],[44.04,-32.32],[43.93,-32.29],[43.86,-32.26],[43.79,-32.21],[43.79,-32.17],[43.75,-32.16],[43.75,-32.12]]]}},{"type":"Feature","properties":{"precip":10},"geometry":{"type":"Polygon","coordinates":[[[34.64,-32.36],[34.64,-32.32],[34.72,-32.29],[34.75,-32.32],[34.75,-32.39],[34.68,-32.39],[34.64,-32.39],[34.64,-32.36]]]}},{"type":"Feature","properties":{"precip":10},"geometry":{"type":"Polygon","coordinates":[[[37.2,-32.39],[37.27,-32.32],[37.31,-32.32],[37.34,-32.32],[37.38,-32.37],[37.38,-32.39],[37.42,-32.39],[37.42,-32.37],[37.45,-32.36],[37.45,-32.32],[37.49,-32.29],[37.52,-32.32],[37.56,-32.37],[37.63,-32.39],[37.63,-32.36],[37.67,-32.32],[37.74,-32.32],[37.74,-32.37],[37.63,-32.46],[37.49,-32.51],[37.42,-32.51],[37.34,-32.46],[37.34,-32.42],[37.27,-32.41],[37.27,-32.44],[37.24,-32.46],[37.24,-32.49],[37.16,-32.49],[37.16,-32.42],[37.2,-32.41],[37.2,-32.39]]]}},{"type":"Feature","properties":{"precip":10},"geometry":{"type":"Polygon","coordinates":[[[45.95,-32.61],[45.95,-32.54],[45.98,-32.52],[46.05,-32.51],[46.27,-32.51],[46.34,-32.52],[46.34,-32.56],[46.23,-32.67],[46.13,-32.69],[46.02,-32.69],[45.95,-32.66],[45.95,-32.61]]]}},{"type":"Feature","properties":{"precip":10},"geometry":{"type":"Polygon","coordinates":[[[47.64,-32.84],[47.67,-32.81],[47.75,-32.82],[47.75,-32.89],[47.67,-32.91],[47.67,-32.87],[47.64,-32.87],[47.64,-32.84]]]}},{"type":"Feature","properties":{"precip":10},"geometry":{"type":"Polygon","coordinates":[[[48.65,-35.05],[48.65,-35.02],[48.68,-35.0],[48.75,-35.02],[48.75,-35.09],[48.72,-35.1],[48.65,-35.09],[48.65,-35.05]]]}},{"type":"Feature","properties":{"precip":10},"geometry":{"type":"Polygon","coordinates":[[[3.65,-35.39],[3.65,-35.34],[3.69,-35.3],[3.72,-35.3],[3.72,-35.35],[3.76,-35.37],[3.76,-35.44],[3.72,-35.45],[3.72,-35.5],[3.65,-35.47],[3.65,-35.39]]]}},{"type":"Feature","properties":{"precip":10},"geometry":{"type":"Polygon","coordinates":[[[3.26,-35.45],[3.26,-35.4],[3.29,-35.39],[3.36,-35.44],[3.33,-35.47],[3.33,-35.5],[3.26,-35.49],[3.26,-35.45]]]}},{"type":"Feature","properties":{"precip":10},"geometry":{"type":"Polygon","coordinates":[[[42.24,-35.72],[42.31,-35.7],[42.45,-35.7],[42.49,-35.69],[42.56,-35.7],[42.67,-35.7],[42.74,-35.74],[42.74,-35.79],[42.71,-35.8],[42.6,-35.8],[42.56,-35.82],[42.56,-35.85],[42.53,-35.89],[42.45,-35.9],[42.35,-35.85],[42.31,-35.82],[42.31,-35.8],[42.27,-35.79],[42.27,-35.75],[42.24,-35.72]]]}},{"type":"Feature","properties":{"precip":10},"geometry":{"type":"Polygon","coordinates":[[[47.24,-35.75],[47.24,-35.72],[47.31,-35.69],[47.35,-35.7],[47.35,-35.79],[47.28,-35.8],[47.24,-35.79],[47.24,-35.75]]]}},{"type":"Feature","properties":{"precip":10},"geometry":{"type":"Polygon","coordinates":[[[42.63,-35.95],[42.71,-35.9],[42.81,-35.9],[42.85,-35.92],[42.85,-35.97],[42.78,-35.99],[42.78,-36.0],[42.71,-35.99],[42.63,-35.95]]]}},{"type":"Feature","properties":{"precip":10},"geometry":{"type":"Polygon","coordinates":[[[41.73,-36.45],[41.77,-36.4],[41.88,-36.39],[41.95,-36.42],[41.95,-36.49],[41.91,-36.5],[41.81,-36.5],[41.73,-36.45]]]}},{"type":"Feature","properties":{"precip":10},"geometry":{"type":"Polygon","coordinates":[[[23.56,-36.55],[23.56,-36.52],[23.63,-36.5],[23.63,-36.52],[23.67,-36.55],[23.63,-36.57],[23.63,-36.6],[23.56,-36.59],[23.56,-36.55]]]}},{"type":"Feature","properties":{"precip":10},"geometry":{"type":"Polygon","coordinates":[[[42.06,-36.6],[42.06,-36.52],[42.13,-36.52],[42.13,-36.55],[42.24,-36.64],[42.24,-36.69],[42.17,-36.7],[42.06,-36.69],[42.06,-36.6]]]}},{"type":"Feature","properties":{"precip":10},"geometry":{"type":"Polygon","coordinates":[[[17.65,-36.65],[17.65,-36.6],[17.73,-36.6],[17.76,-36.64],[17.76,-36.67],[17.69,-36.7],[17.65,-36.69],[17.65,-36.65]]]}},{"type":"Feature","properties":{"precip":10},"geometry":{"type":"Polygon","coordinates":[[[42.35,-36.7],[42.35,-36.64],[42.38,-36.6],[42.53,-36.7],[42.53,-36.74],[42.56,-36.77],[42.63,-36.8],[42.63,-36.74],[42.71,-36.7],[42.81,-36.7],[42.81,-36.74],[42.85,-36.75],[42.85,-36.92],[42.81,-36.95],[42.81,-37.0],[42.78,-37.0],[42.67,-37.0],[42.6,-36.9],[42.56,-36.84],[42.45,-36.8],[42.38,-36.8],[42.35,-36.75],[42.35,-36.7]]]}},{"type":"Feature","properties":{"precip":10},"geometry":{"type":"Polygon","coordinates":[[[56.74,-36.65],[56.74,-36.62],[56.82,-36.6],[56.85,-36.62],[56.85,-36.69],[56.82,-36.7],[56.74,-36.69],[56.74,-36.65]]]}},{"type":"Feature","properties":{"precip":10},"geometry":{"type":"Polygon","coordinates":[[[57.54,-36.75],[57.57,-36.74],[57.57,-36.7],[57.64,-36.7],[57.64,-36.8],[57.57,-36.8],[57.57,-36.77],[57.54,-36.75]]]}},{"type":"Feature","properties":{"precip":10},"geometry":{"type":"Polygon","coordinates":[[[58.04,-36.72],[58.04,-36.7],[58.11,-36.69],[58.22,-36.72],[58.29,-36.77],[58.29,-36.8],[58.33,-36.82],[58.33,-36.85],[58.36,-36.87],[58.29,-36.9],[58.26,-36.9],[58.15,-36.84],[58.04,-36.75],[58.04,-36.72]]]}},{"type":"Feature","properties":{"precip":10},"geometry":{"type":"Polygon","coordinates":[[[42.96,-36.95],[42.96,-36.84],[43.07,-36.8],[43.43,-36.8],[43.53,-36.82],[43.53,-36.97],[43.43,-37.0],[43.39,-37.0],[43.1,-37.0],[43.07,-37.02],[43.07,-37.07],[43.14,-37.15],[43.32,-37.27],[43.43,-37.3],[43.46,-37.3],[43.57,-37.35],[43.57,-37.39],[43.64,-37.37],[43.68,-37.35],[43.68,-37.3],[43.71,-37.3],[43.75,-37.35],[43.75,-37.39],[43.79,-37.39],[43.86,-37.39],[43.93,-37.42],[43.93,-37.49],[43.97,-37.5],[43.97,-37.59],[44.04,-37.62],[44.04,-37.77],[44.0,-37.8],[43.82,-37.8],[43.79,-37.77],[43.75,-37.77],[43.75,-37.74],[43.71,-37.7],[43.68,-37.7],[43.68,-37.74],[43.64,-37.77],[43.57,-37.8],[43.57,-37.77],[43.5,-37.7],[43.43,-37.7],[43.43,-37.69],[43.35,-37.69],[43.35,-37.67],[43.32,-37.62],[43.25,-37.6],[42.99,-37.6],[42.92,-37.59],[42.85,-37.55],[42.85,-37.52],[42.78,-37.5],[42.71,-37.5],[42.67,-37.49],[42.67,-37.45],[42.63,-37.42],[42.63,-37.35],[42.6,-37.3],[42.56,-37.3],[42.45,-37.25],[42.45,-37.24],[42.38,-37.22],[42.38,-37.15],[42.35,-37.12],[42.35,-37.02],[42.42,-37.0],[42.45,-37.02],[42.45,-37.07],[42.56,-37.1],[42.89,-37.1],[42.96,-37.04],[42.96,-36.95]]]}},{"type":"Feature","properties":{"precip":10},"geometry":{"type":"Polygon","coordinates":[[[58.65,-36.82],[58.76,-36.8],[58.83,-36.82],[58.83,-36.87],[58.87,-36.9],[58.83,-36.92],[58.83,-37.0],[58.76,-36.95],[58.69,-36.9],[58.69,-36.87],[58.65,-36.82]]]}},{"type":"Feature","properties":{"precip":10},"geometry":{"type":"Polygon","coordinates":[[[-2.65,-37.05],[-2.65,-36.92],[-2.61,-36.92],[-2.57,-36.95],[-2.5,-36.97],[-2.47,-37.04],[-2.39,-37.1],[-2.39,-37.14],[-2.36,-37.15],[-2.43,-37.22],[-2.47,-37.27],[-2.47,-37.3],[-2.43,-37.35],[-2.43,-37.39],[-2.39,-37.39],[-2.29,-37.39],[-2.25,-37.37],[-2.25,-37.24],[-2.21,-37.22],[-2.14,-37.24],[-2.14,-37.3],[-2.18,-37.35],[-2.18,-37.39],[-2.25,-37.45],[-2.32,-37.5],[-2.32,-37.52],[-2.36,-37.55],[-2.36,-37.59],[-2.32,-37.6],[-2.25,-37.6],[-2.21,-37.59],[-2.11,-37.5],[-2.07,-37.49],[-2.07,-37.45],[-1.96,-37.4],[-1.89,-37.4],[-1.85,-37.39],[-1.82,-37.4],[-1.71,-37.4],[-1.64,-37.45],[-1.64,-37.49],[-1.6,-37.5],[-1.49,-37.5],[-1.46,-37.52],[-1.46,-37.57],[-1.42,-37.57],[-1.39,-37.6],[-1.31,-37.6],[-1.24,-37.55],[-1.28,-37.5],[-1.35,-37.47],[-1.35,-37.42],[-1.28,-37.4],[-1.28,-37.45],[-1.24,-37.45],[-1.24,-37.49],[-1.17,-37.49],[-1.17,-37.47],[-1.1,-37.4],[-1.1,-37.39],[-1.03,-37.35],[-0.95,-37.3],[-0.92,-37.3],[-0.85,-37.27],[-0.85,-37.24],[-0.77,-37.22],[-0.7,-37.22],[-0.59,-37.22],[-0.52,-37.25],[-0.52,-37.3],[-0.49,-37.3],[-0.49,-37.25],[-0.45,-37.22],[-0.38,-37.22],[-0.38,-37.24],[-0.34,-37.25],[-0.34,-37.39],[-0.2,-37.4],[-0.13,-37.45],[-0.13,-37.5],[-0.05,-37.47],[-0.02,-37.45],[-0.02,-37.4],[0.02,-37.4],[0.02,-37.45],[0.16,-37.5],[0.31,-37.5],[0.38,-37.52],[0.49,-37.55],[0.49,-37.6],[0.52,-37.6],[0.52,-37.55],[0.59,-37.52],[0.67,-37.5],[0.77,-37.5],[0.85,-37.47],[0.85,-37.4],[0.74,-37.37],[0.74,-37.35],[0.81,-37.3],[0.88,-37.3],[0.95,-37.35],[0.95,-37.55],[1.03,-37.6],[1.24,-37.6],[1.39,-37.55],[1.39,-37.5],[1.42,-37.5],[1.42,-37.55],[1.49,-37.57],[1.6,-37.59],[1.67,-37.59],[1.82,-37.6],[2.5,-37.6],[2.61,-37.62],[2.68,-37.62],[2.75,-37.67],[2.79,-37.69],[2.86,-37.67],[2.86,-37.62],[2.9,-37.6],[2.93,-37.62],[2.93,-37.67],[3.04,-37.7],[3.11,-37.72],[3.18,-37.8],[3.26,-37.87],[3.36,-37.9],[3.47,-37.84],[3.47,-37.82],[3.51,-37.82],[3.62,-37.9],[3.62,-37.94],[3.65,-37.95],[3.62,-37.95],[3.62,-38.0],[3.58,-38.0],[3.58,-38.03],[3.54,-38.05],[3.62,-38.1],[3.65,-38.15],[3.65,-38.32],[3.62,-38.37],[3.62,-38.38],[3.54,-38.42],[3.47,-38.45],[3.36,-38.52],[3.36,-38.55],[3.29,-38.6],[3.22,-38.67],[3.08,-38.72],[3.08,-38.77],[3.04,-38.77],[3.04,-38.83],[3.08,-38.87],[3.15,-38.9],[3.22,-38.9],[3.26,-38.87],[3.26,-38.82],[3.33,-38.82],[3.33,-38.9],[3.29,-38.9],[3.26,-38.92],[3.26,-38.97],[3.33,-39.0],[3.44,-38.97],[3.47,-38.95],[3.47,-38.92],[3.54,-38.92],[3.54,-38.97],[3.51,-38.97],[3.44,-39.03],[3.44,-39.08],[3.51,-39.1],[3.58,-39.1],[3.65,-39.1],[3.72,-39.13],[3.76,-39.18],[3.83,-39.23],[3.9,-39.33],[3.9,-39.42],[3.83,-39.45],[3.87,-39.47],[3.94,-39.52],[3.94,-39.55],[3.9,-39.58],[3.83,-39.67],[3.76,-39.73],[3.76,-39.77],[3.65,-39.8],[3.58,-39.82],[3.58,-39.83],[3.54,-39.87],[3.54,-40.08],[3.62,-40.1],[3.69,-40.1],[3.76,-40.1],[3.87,-40.1],[3.94,-40.08],[3.94,-40.0],[3.87,-39.98],[3.87,-39.97],[3.83,-39.95],[3.87,-39.93],[3.94,-39.95],[4.01,-40.02],[4.08,-40.08],[4.12,-40.12],[4.12,-40.18],[4.16,-40.23],[4.16,-40.28],[4.23,-40.32],[4.37,-40.32],[4.44,-40.35],[4.44,-40.57],[4.41,-40.6],[4.3,-40.6],[4.26,-40.63],[4.26,-40.67],[4.34,-40.7],[4.48,-40.7],[4.55,-40.73],[4.55,-40.78],[4.52,-40.78],[4.44,-40.83],[4.44,-40.97],[4.48,-40.97],[4.48,-41.0],[4.55,-40.97],[4.55,-40.95],[4.62,-40.9],[4.7,-40.9],[4.73,-40.92],[4.73,-40.97],[4.77,-40.98],[4.84,-41.0],[4.91,-40.97],[4.98,-40.95],[4.98,-40.9],[5.09,-40.8],[5.13,-40.8],[5.13,-40.83],[5.16,-40.87],[5.16,-40.95],[5.13,-40.95],[5.13,-40.98],[5.02,-41.0],[4.95,-41.05],[4.95,-41.1],[5.02,-41.1],[5.02,-41.15],[5.06,-41.15],[5.06,-41.28],[5.13,-41.3],[5.16,-41.28],[5.16,-41.22],[5.24,-41.23],[5.24,-41.25],[5.31,-41.28],[5.34,-41.25],[5.42,-41.22],[5.49,-41.22],[5.56,-41.2],[5.74,-41.2],[5.85,-41.18],[5.88,-41.15],[5.88,-41.1],[5.92,-41.1],[5.92,-41.15],[5.96,-41.18],[6.03,-41.2],[6.06,-41.15],[6.06,-41.12],[6.14,-41.1],[6.14,-41.18],[6.03,-41.25],[5.96,-41.3],[5.95,-41.3],[1.53,-41.3],[1.53,-41.3],[1.64,-41.3],[1.64,-41.3],[1.9,-41.3],[1.93,-41.28],[1.96,-41.25],[2.03,-41.12],[2.03,-41.05],[1.89,-41.0],[1.35,-41.0],[1.28,-41.02],[1.21,-41.02],[1.13,-41.05],[1.13,-41.1],[1.06,-41.1],[0.99,-41.1],[0.95,-41.1],[0.77,-41.1],[0.67,-41.15],[0.63,-41.18],[0.56,-41.2],[0.31,-41.2],[0.16,-41.18],[0.13,-41.15],[0.13,-41.1],[0.09,-41.1],[0.02,-41.18],[0.02,-41.2],[-0.02,-41.2],[-0.02,-41.18],[-0.05,-41.15],[-0.05,-41.12],[-0.09,-41.1],[-0.16,-41.1],[-0.23,-41.1],[-0.27,-41.05],[-0.27,-41.02],[-0.31,-41.0],[-0.34,-41.05],[-0.34,-41.08],[-0.38,-41.1],[-0.45,-41.1],[-0.45,-41.05],[-0.34,-40.97],[-0.45,-40.92],[-0.52,-40.9],[-0.74,-40.9],[-0.85,-40.87],[-0.85,-40.8],[-0.74,-40.77],[-0.74,-40.73],[-0.81,-40.7],[-0.92,-40.7],[-0.99,-40.68],[-1.06,-40.67],[-1.06,-40.63],[-1.13,-40.63],[-1.13,-40.67],[-1.17,-40.68],[-1.28,-40.7],[-1.35,-40.67],[-1.35,-40.63],[-1.42,-40.6],[-1.49,-40.6],[-1.53,-40.57],[-1.57,-40.57],[-1.57,-40.52],[-1.6,-40.52],[-1.64,-40.52],[-1.64,-40.57],[-1.75,-40.6],[-1.85,-40.6],[-1.96,-40.55],[-1.96,-40.52],[-2.0,-40.52],[-2.07,-40.52],[-2.11,-40.5],[-2.25,-40.5],[-2.32,-40.47],[-2.36,-40.47],[-2.36,-40.43],[-2.39,-40.42],[-2.43,-40.42],[-2.43,-40.43],[-2.47,-40.47],[-2.61,-40.5],[-2.86,-40.5],[-2.93,-40.5],[-2.93,-40.45],[-3.01,-40.42],[-3.08,-40.42],[-3.11,-40.38],[-3.15,-40.38],[-3.15,-40.35],[-3.19,-40.33],[-3.19,-40.32],[-3.22,-40.32],[-3.22,-40.33],[-3.29,-40.38],[-3.44,-40.42],[-3.51,-40.42],[-3.62,-40.38],[-3.65,-40.33],[-3.73,-40.32],[-3.87,-40.32],[-3.87,-40.28],[-3.94,-40.28],[-3.94,-40.23],[-4.01,-40.22],[-4.09,-40.22],[-4.16,-40.23],[-4.16,-40.28],[-4.05,-40.32],[-4.05,-40.38],[-4.16,-40.42],[-4.23,-40.38],[-4.27,-40.35],[-4.27,-40.23],[-4.3,-40.22],[-4.3,-40.18],[-4.37,-40.13],[-4.48,-40.1],[-4.7,-40.1],[-4.73,-40.12],[-4.73,-40.15],[-4.81,-40.22],[-4.99,-40.22],[-5.02,-40.18],[-5.06,-40.18],[-5.06,-40.12],[-5.13,-40.1],[-5.24,-40.08],[-5.27,-40.02],[-5.31,-40.0],[-5.31,-39.97],[-5.38,-39.92],[-5.45,-39.9],[-5.53,-39.92],[-5.53,-39.95],[-5.56,-39.97],[-5.56,-40.08],[-5.6,-40.1],[-5.67,-40.1],[-5.71,-40.1],[-5.74,-40.1],[-5.81,-40.1],[-5.85,-40.08],[-5.85,-39.97],[-5.89,-39.93],[-5.96,-39.9],[-5.99,-39.9],[-6.1,-39.98],[-6.14,-39.97],[-6.14,-39.95],[-6.21,-39.92],[-6.35,-39.9],[-6.46,-39.95],[-6.46,-39.98],[-6.5,-40.0],[-6.57,-40.0],[-6.68,-40.05],[-6.68,-40.1],[-6.75,-40.08],[-6.75,-40.03],[-6.79,-40.0],[-6.82,-40.0],[-6.82,-40.03],[-6.86,-40.05],[-6.86,-40.08],[-6.97,-40.1],[-7.0,-40.1],[-7.07,-40.1],[-7.15,-40.12],[-7.15,-40.15],[-7.18,-40.18],[-7.18,-40.22],[-7.22,-40.22],[-7.22,-40.18],[-7.25,-40.12],[-7.29,-40.1],[-7.36,-40.1],[-7.47,-40.18],[-7.54,-40.25],[-7.54,-40.35],[-7.58,-40.37],[-7.58,-40.42],[-7.65,-40.38],[-7.65,-40.32],[-7.72,-40.32],[-7.79,-40.32],[-7.87,-40.25],[-7.87,-40.22],[-7.94,-40.23],[-7.97,-40.25],[-7.97,-40.28],[-8.01,-40.32],[-8.08,-40.35],[-8.08,-40.37],[-8.19,-40.42],[-8.3,-40.42],[-8.33,-40.42],[-8.33,-40.45],[-8.37,-40.5],[-8.48,-40.5],[-8.59,-40.43],[-8.66,-40.33],[-8.66,-40.25],[-8.62,-40.23],[-8.55,-40.22],[-8.48,-40.22],[-8.41,-40.22],[-8.23,-40.22],[-8.15,-40.15],[-8.15,-40.08],[-8.19,-40.03],[-8.26,-40.0],[-8.33,-40.0],[-8.33,-40.03],[-8.37,-40.08],[-8.44,-40.08],[-8.44,-40.05],[-8.51,-40.0],[-8.51,-39.97],[-8.55,-39.95],[-8.62,-39.92],[-8.62,-39.95],[-8.66,-39.95],[-8.66,-39.97],[-8.73,-40.0],[-8.8,-40.0],[-8.84,-40.02],[-8.84,-40.08],[-8.87,-40.08],[-8.87,-40.1],[-9.02,-40.1],[-9.05,-40.08],[-9.05,-40.03],[-9.02,-40.0],[-8.91,-40.0],[-8.84,-39.97],[-8.87,-39.95],[-8.87,-39.92],[-8.91,-39.9],[-8.98,-39.83],[-9.16,-39.77],[-9.16,-39.73],[-9.23,-39.7],[-9.41,-39.7],[-9.45,-39.73],[-9.45,-39.87],[-9.38,-39.9],[-9.38,-39.97],[-9.34,-39.98],[-9.34,-40.15],[-9.38,-40.18],[-9.41,-40.18],[-9.52,-40.1],[-9.52,-40.08],[-9.56,-40.03],[-9.45,-39.98],[-9.45,-39.93],[-9.52,-39.9],[-9.59,-39.9],[-9.63,-39.87],[-9.7,-39.83],[-9.7,-39.8],[-9.77,-39.73],[-9.84,-39.7],[-9.88,-39.7],[-9.95,-39.73],[-9.95,-39.78],[-10.02,-39.8],[-10.02,-39.77],[-10.06,-39.77],[-9.95,-39.67],[-9.95,-39.52],[-9.99,-39.5],[-10.02,-39.5],[-10.02,-39.45],[-10.06,-39.45],[-10.06,-39.32],[-10.1,-39.32],[-10.13,-39.32],[-10.13,-39.45],[-10.17,-39.48],[-10.17,-39.58],[-10.2,-39.6],[-10.24,-39.58],[-10.24,-39.47],[-10.28,-39.45],[-10.28,-39.42],[-10.35,-39.42],[-10.35,-39.48],[-10.42,-39.5],[-10.42,-39.47],[-10.46,-39.45],[-10.46,-39.33],[-10.56,-39.32],[-10.71,-39.32],[-10.78,-39.28],[-10.85,-39.25],[-10.89,-39.22],[-10.96,-39.23],[-10.96,-39.27],[-11.07,-39.37],[-11.14,-39.38],[-11.14,-39.35],[-11.21,-39.32],[-11.28,-39.32],[-11.43,-39.32],[-11.5,-39.27],[-11.54,-39.27],[-11.54,-39.22],[-11.46,-39.22],[-11.46,-39.08],[-11.43,-39.08],[-11.43,-39.0],[-11.36,-38.97],[-11.36,-38.67],[-11.32,-38.62],[-11.28,-38.6],[-11.21,-38.6],[-11.14,-38.63],[-11.14,-38.67],[-11.03,-38.7],[-10.96,-38.7],[-10.74,-38.67],[-10.74,-38.63],[-10.71,-38.6],[-10.64,-38.67],[-10.56,-38.68],[-10.56,-38.63],[-10.49,-38.6],[-10.42,-38.6],[-10.35,-38.57],[-10.35,-38.55],[-10.31,-38.52],[-10.24,-38.55],[-10.24,-38.57],[-10.1,-38.68],[-10.06,-38.67],[-10.02,-38.63],[-10.02,-38.6],[-9.99,-38.6],[-9.95,-38.63],[-9.95,-38.67],[-9.88,-38.68],[-9.88,-38.67],[-9.84,-38.63],[-9.84,-38.52],[-9.77,-38.5],[-9.77,-38.55],[-9.74,-38.55],[-9.74,-38.68],[-9.66,-38.7],[-9.66,-38.82],[-9.63,-38.83],[-9.63,-38.9],[-9.59,-38.9],[-9.52,-38.9],[-9.45,-38.87],[-9.45,-38.72],[-9.41,-38.7],[-9.34,-38.73],[-9.31,-38.77],[-9.31,-38.82],[-9.27,-38.83],[-9.27,-38.9],[-9.38,-38.9],[-9.45,-38.93],[-9.45,-38.97],[-9.38,-39.0],[-9.31,-39.0],[-9.27,-39.02],[-9.27,-39.08],[-9.23,-39.1],[-9.23,-39.18],[-9.2,-39.22],[-9.05,-39.22],[-8.98,-39.18],[-8.91,-39.1],[-8.87,-39.08],[-8.87,-39.02],[-8.84,-38.97],[-8.84,-38.9],[-8.77,-38.9],[-8.77,-38.82],[-8.84,-38.8],[-8.91,-38.8],[-8.95,-38.8],[-8.95,-38.72],[-8.91,-38.7],[-8.84,-38.7],[-8.73,-38.77],[-8.66,-38.83],[-8.66,-38.97],[-8.73,-39.0],[-8.73,-39.03],[-8.77,-39.03],[-8.77,-39.08],[-8.73,-39.08],[-8.69,-39.1],[-8.59,-39.1],[-8.48,-39.1],[-8.48,-39.13],[-8.44,-39.13],[-8.44,-39.18],[-8.41,-39.22],[-8.3,-39.22],[-8.26,-39.18],[-8.26,-39.15],[-8.23,-39.12],[-8.12,-39.1],[-7.87,-39.1],[-7.76,-39.1],[-7.4,-39.1],[-7.29,-39.08],[-7.22,-39.03],[-7.22,-39.0],[-7.15,-38.95],[-7.07,-38.92],[-7.0,-38.9],[-6.71,-38.9],[-6.68,-38.9],[-6.61,-38.9],[-6.57,-38.87],[-6.53,-38.87],[-6.53,-38.82],[-6.43,-38.8],[-6.35,-38.8],[-6.35,-38.82],[-6.28,-38.82],[-6.25,-38.82],[-6.25,-38.9],[-6.17,-38.9],[-6.1,-38.9],[-6.07,-38.9],[-6.07,-38.87],[-5.99,-38.82],[-5.92,-38.8],[-5.78,-38.8],[-5.63,-38.73],[-5.6,-38.68],[-5.53,-38.63],[-5.45,-38.5],[-5.45,-38.35],[-5.38,-38.32],[-5.31,-38.32],[-5.24,-38.35],[-5.24,-38.38],[-5.2,-38.38],[-5.13,-38.35],[-5.09,-38.28],[-5.06,-38.27],[-5.06,-38.23],[-4.95,-38.22],[-4.88,-38.22],[-4.84,-38.17],[-4.84,-38.13],[-4.88,-38.1],[-4.95,-38.07],[-4.95,-37.94],[-4.88,-37.9],[-4.73,-37.9],[-4.66,-37.9],[-4.66,-37.82],[-4.7,-37.82],[-4.77,-37.82],[-4.81,-37.8],[-4.99,-37.8],[-5.06,-37.74],[-5.06,-37.62],[-5.02,-37.59],[-5.02,-37.52],[-4.95,-37.45],[-4.88,-37.4],[-4.77,-37.4],[-4.73,-37.45],[-4.73,-37.49],[-4.7,-37.5],[-4.63,-37.5],[-4.55,-37.52],[-4.55,-37.57],[-4.59,-37.57],[-4.63,-37.6],[-4.77,-37.6],[-4.84,-37.62],[-4.84,-37.69],[-4.81,-37.69],[-4.73,-37.69],[-4.7,-37.7],[-4.59,-37.7],[-4.48,-37.69],[-4.45,-37.67],[-4.45,-37.52],[-4.37,-37.5],[-4.37,-37.52],[-4.34,-37.52],[-4.34,-37.57],[-4.19,-37.6],[-4.09,-37.6],[-4.01,-37.59],[-3.94,-37.59],[-3.83,-37.55],[-3.83,-37.52],[-3.76,-37.52],[-3.73,-37.55],[-3.73,-37.59],[-3.69,-37.62],[-3.62,-37.67],[-3.55,-37.69],[-3.47,-37.7],[-3.4,-37.7],[-3.37,-37.72],[-3.37,-37.77],[-3.33,-37.77],[-3.33,-37.8],[-3.22,-37.8],[-3.15,-37.77],[-3.11,-37.74],[-3.11,-37.7],[-3.08,-37.7],[-3.08,-37.74],[-3.01,-37.8],[-2.93,-37.8],[-2.9,-37.8],[-2.75,-37.67],[-2.75,-37.62],[-2.83,-37.59],[-2.83,-37.52],[-2.79,-37.5],[-2.75,-37.52],[-2.75,-37.55],[-2.68,-37.6],[-2.61,-37.6],[-2.54,-37.67],[-2.54,-37.69],[-2.47,-37.69],[-2.47,-37.4],[-2.54,-37.39],[-2.54,-37.25],[-2.57,-37.24],[-2.57,-37.22],[-2.65,-37.17],[-2.65,-37.05]],[[-0.56,-37.35],[-0.56,-37.32],[-0.63,-37.3],[-0.77,-37.3],[-0.85,-37.35],[-0.85,-37.37],[-0.77,-37.39],[-0.63,-37.39],[-0.56,-37.39],[-0.56,-37.35]],[[-4.84,-37.55],[-4.84,-37.52],[-4.88,-37.5],[-4.95,-37.52],[-4.95,-37.59],[-4.91,-37.6],[-4.84,-37.57],[-4.84,-37.55]],[[-1.13,-37.95],[-1.24,-37.87],[-1.28,-37.82],[-1.31,-37.82],[-1.35,-37.82],[-1.35,-38.25],[-1.42,-38.32],[-1.49,-38.32],[-1.53,-38.28],[-1.53,-38.25],[-1.57,-38.23],[-1.53,-38.22],[-1.46,-38.18],[-1.46,-38.13],[-1.49,-38.1],[-1.49,-38.08],[-1.57,-38.02],[-1.64,-38.0],[-1.64,-38.1],[-1.67,-38.13],[-1.67,-38.17],[-1.71,-38.18],[-1.71,-38.22],[-1.75,-38.23],[-1.75,-38.25],[-1.82,-38.32],[-1.82,-38.38],[-1.78,-38.45],[-1.67,-38.48],[-1.6,-38.5],[-1.49,-38.5],[-1.46,-38.52],[-1.39,-38.52],[-1.35,-38.52],[-1.35,-38.57],[-1.31,-38.57],[-1.24,-38.6],[-1.06,-38.6],[-0.99,-38.62],[-0.92,-38.67],[-0.92,-38.68],[-0.85,-38.67],[-0.81,-38.6],[-0.77,-38.6],[-0.77,-38.63],[-0.74,-38.67],[-0.67,-38.68],[-0.67,-38.67],[-0.56,-38.6],[-0.41,-38.6],[-0.34,-38.57],[-0.41,-38.5],[-0.45,-38.42],[-0.67,-38.23],[-0.77,-38.22],[-0.81,-38.22],[-0.81,-38.17],[-0.85,-38.15],[-0.85,-38.03],[-0.88,-38.0],[-0.92,-38.0],[-0.95,-38.03],[-0.95,-38.08],[-1.03,-38.07],[-1.13,-37.95]],[[3.44,-38.05],[3.44,-38.02],[3.4,-38.0],[3.29,-38.0],[3.26,-38.02],[3.26,-38.08],[3.29,-38.1],[3.4,-38.1],[3.44,-38.08],[3.44,-38.05]],[[3.54,-38.15],[3.54,-38.1],[3.47,-38.1],[3.47,-38.13],[3.44,-38.13],[3.44,-38.17],[3.47,-38.22],[3.54,-38.22],[3.54,-38.15]],[[-11.14,-38.77],[-11.18,-38.7],[-11.25,-38.72],[-11.25,-38.8],[-11.18,-38.8],[-11.14,-38.77]],[[-9.45,-39.05],[-9.45,-39.02],[-9.48,-39.0],[-9.56,-39.02],[-9.56,-39.08],[-9.52,-39.1],[-9.45,-39.08],[-9.45,-39.05]],[[-9.23,-39.45],[-9.27,-39.45],[-9.27,-39.42],[-9.34,-39.42],[-9.34,-39.5],[-9.27,-39.5],[-9.27,-39.47],[-9.23,-39.45]],[[-8.66,-39.87],[-8.66,-39.82],[-8.73,-39.82],[-8.73,-39.83],[-8.77,-39.83],[-8.73,-39.87],[-8.73,-39.9],[-8.66,-39.9],[-8.66,-39.87]],[[4.05,-40.15],[4.05,-40.12],[3.98,-40.1],[3.94,-40.12],[3.94,-40.18],[3.98,-40.22],[4.05,-40.18],[4.05,-40.15]],[[-0.16,-40.97],[-0.16,-40.92],[-0.23,-40.9],[-0.23,-41.0],[-0.16,-40.98],[-0.16,-40.97]]]}},{"type":"Feature","properties":{"precip":10},"geometry":{"type":"Polygon","coordinates":[[[60.16,-37.15],[60.16,-37.0],[60.2,-37.0],[60.27,-37.09],[60.31,-37.1],[60.34,-37.14],[60.34,-37.17],[60.2,-37.29],[60.16,-37.29],[60.16,-37.15]]]}},{"type":"Feature","properties":{"precip":10},"geometry":{"type":"Polygon","coordinates":[[[21.65,-37.15],[21.65,-37.1],[21.72,-37.1],[21.76,-37.12],[21.76,-37.19],[21.65,-37.19],[21.65,-37.15]]]}},{"type":"Feature","properties":{"precip":10},"geometry":{"type":"Polygon","coordinates":[[[59.55,-37.15],[59.55,-37.12],[59.7,-37.1],[59.8,-37.1],[59.95,-37.12],[59.95,-37.17],[59.84,-37.22],[59.66,-37.22],[59.55,-37.17],[59.55,-37.15]]]}},{"type":"Feature","properties":{"precip":10},"geometry":{"type":"Polygon","coordinates":[[[-12.36,-37.24],[-12.33,-37.24],[-12.33,-37.22],[-12.26,-37.22],[-12.26,-37.29],[-12.33,-37.3],[-12.33,-37.27],[-12.36,-37.27],[-12.36,-37.24]]]}},{"type":"Feature","properties":{"precip":10},"geometry":{"type":"Polygon","coordinates":[[[-3.83,-37.3],[-3.83,-37.22],[-3.8,-37.22],[-3.76,-37.22],[-3.76,-37.39],[-3.83,-37.39],[-3.83,-37.3]]]}},{"type":"Feature","properties":{"precip":10},"geometry":{"type":"Polygon","coordinates":[[[55.95,-37.35],[55.95,-37.32],[55.99,-37.3],[56.1,-37.3],[56.17,-37.35],[56.1,-37.39],[55.99,-37.39],[55.95,-37.39],[55.95,-37.35]]]}},{"type":"Feature","properties":{"precip":10},"geometry":{"type":"Polygon","coordinates":[[[56.35,-37.39],[56.35,-37.32],[56.42,-37.3],[56.46,-37.32],[56.46,-37.37],[56.53,-37.39],[56.6,-37.39],[56.64,-37.4],[56.71,-37.4],[56.74,-37.42],[56.74,-37.49],[56.67,-37.52],[56.6,-37.59],[56.56,-37.6],[56.46,-37.55],[56.38,-37.49],[56.38,-37.45],[56.35,-37.4],[56.35,-37.39]]]}},{"type":"Feature","properties":{"precip":10},"geometry":{"type":"Polygon","coordinates":[[[-12.8,-37.49],[-12.76,-37.45],[-12.69,-37.4],[-12.65,-37.45],[-12.65,-37.55],[-12.58,-37.6],[-12.51,-37.6],[-12.47,-37.62],[-12.47,-37.67],[-12.44,-37.69],[-12.44,-37.72],[-12.47,-37.77],[-12.47,-37.8],[-12.51,-37.8],[-12.62,-37.8],[-12.65,-37.82],[-12.72,-37.82],[-12.76,-37.84],[-12.76,-37.9],[-12.83,-37.9],[-12.98,-37.9],[-13.05,-37.87],[-13.05,-37.82],[-12.98,-37.8],[-12.9,-37.8],[-12.87,-37.77],[-12.87,-37.69],[-12.83,-37.67],[-12.83,-37.55],[-12.8,-37.52],[-12.8,-37.49]],[[-12.65,-37.67],[-12.65,-37.62],[-12.72,-37.6],[-12.76,-37.64],[-12.76,-37.69],[-12.72,-37.69],[-12.72,-37.7],[-12.65,-37.69],[-12.65,-37.67]]]}},{"type":"Feature","properties":{"precip":10},"geometry":{"type":"Polygon","coordinates":[[[-12.26,-37.45],[-12.26,-37.42],[-12.18,-37.39],[-12.15,-37.4],[-12.15,-37.49],[-12.22,-37.5],[-12.26,-37.49],[-12.26,-37.45]]]}},{"type":"Feature","properties":{"precip":10},"geometry":{"type":"Polygon","coordinates":[[[2.54,-37.45],[2.57,-37.4],[2.65,-37.4],[2.65,-37.5],[2.57,-37.5],[2.54,-37.45]]]}},{"type":"Feature","properties":{"precip":10},"geometry":{"type":"Polygon","coordinates":[[[57.86,-37.45],[57.86,-37.4],[57.93,-37.4],[57.93,-37.5],[57.86,-37.5],[57.86,-37.45]]]}},{"type":"Feature","properties":{"precip":10},"geometry":{"type":"Polygon","coordinates":[[[-13.16,-37.55],[-13.16,-37.52],[-13.12,-37.5],[-13.05,-37.52],[-13.05,-37.59],[-13.08,-37.6],[-13.16,-37.57],[-13.16,-37.55]]]}},{"type":"Feature","properties":{"precip":10},"geometry":{"type":"Polygon","coordinates":[[[55.66,-37.55],[55.66,-37.52],[55.7,-37.5],[55.77,-37.5],[55.84,-37.52],[55.84,-37.57],[55.77,-37.6],[55.7,-37.6],[55.66,-37.59],[55.66,-37.55]]]}},{"type":"Feature","properties":{"precip":10},"geometry":{"type":"Polygon","coordinates":[[[-8.26,-37.67],[-8.23,-37.6],[-8.15,-37.62],[-8.15,-37.69],[-8.23,-37.7],[-8.23,-37.69],[-8.26,-37.69],[-8.26,-37.67]]]}},{"type":"Feature","properties":{"precip":10},"geometry":{"type":"Polygon","coordinates":[[[55.16,-37.67],[55.16,-37.62],[55.2,-37.6],[55.3,-37.6],[55.34,-37.62],[55.34,-37.69],[55.27,-37.7],[55.23,-37.7],[55.16,-37.69],[55.16,-37.67]]]}},{"type":"Feature","properties":{"precip":10},"geometry":{"type":"Polygon","coordinates":[[[56.96,-37.67],[56.96,-37.62],[57.03,-37.6],[57.18,-37.6],[57.25,-37.64],[57.25,-37.69],[57.21,-37.69],[57.14,-37.7],[57.07,-37.7],[56.96,-37.69],[56.96,-37.67]]]}},{"type":"Feature","properties":{"precip":10},"geometry":{"type":"Polygon","coordinates":[[[-9.66,-37.77],[-9.63,-37.74],[-9.63,-37.7],[-9.56,-37.7],[-9.56,-37.8],[-9.63,-37.8],[-9.63,-37.77],[-9.66,-37.77]]]}},{"type":"Feature","properties":{"precip":10},"geometry":{"type":"Polygon","coordinates":[[[-8.66,-37.77],[-8.66,-37.72],[-8.59,-37.7],[-8.55,-37.72],[-8.55,-37.8],[-8.62,-37.8],[-8.66,-37.8],[-8.66,-37.77]]]}},{"type":"Feature","properties":{"precip":10},"geometry":{"type":"Polygon","coordinates":[[[-7.54,-37.77],[-7.54,-37.7],[-7.47,-37.7],[-7.47,-37.74],[-7.43,-37.77],[-7.47,-37.77],[-7.47,-37.8],[-7.54,-37.8],[-7.54,-37.77]]]}},{"type":"Feature","properties":{"precip":10},"geometry":{"type":"Polygon","coordinates":[[[-5.45,-37.77],[-5.45,-37.72],[-5.38,-37.7],[-5.35,-37.72],[-5.35,-37.8],[-5.38,-37.8],[-5.45,-37.8],[-5.45,-37.77]]]}},{"type":"Feature","properties":{"precip":10},"geometry":{"type":"Polygon","coordinates":[[[55.74,-37.8],[55.77,-37.77],[55.77,-37.7],[55.84,-37.72],[55.84,-37.9],[55.77,-37.9],[55.77,-37.84],[55.74,-37.82],[55.74,-37.8]]]}},{"type":"Feature","properties":{"precip":10},"geometry":{"type":"Polygon","coordinates":[[[62.65,-37.77],[62.65,-37.72],[62.72,-37.7],[62.76,-37.72],[62.76,-37.8],[62.72,-37.8],[62.65,-37.8],[62.65,-37.77]]]}},{"type":"Feature","properties":{"precip":10},"geometry":{"type":"Polygon","coordinates":[[[-13.34,-37.95],[-13.34,-37.92],[-13.3,-37.9],[-13.23,-37.9],[-13.16,-37.92],[-13.16,-37.97],[-13.23,-38.0],[-13.34,-38.0],[-13.34,-37.95]]]}},{"type":"Feature","properties":{"precip":10},"geometry":{"type":"Polygon","coordinates":[[[-9.56,-37.95],[-9.56,-37.92],[-9.52,-37.9],[-9.45,-37.92],[-9.45,-38.0],[-9.52,-38.0],[-9.56,-37.97],[-9.56,-37.95]]]}},{"type":"Feature","properties":{"precip":10},"geometry":{"type":"Polygon","coordinates":[[[57.14,-38.05],[57.18,-38.0],[57.25,-38.02],[57.25,-38.08],[57.18,-38.1],[57.14,-38.05]]]}},{"type":"Feature","properties":{"precip":10},"geometry":{"type":"Polygon","coordinates":[[[-7.25,-38.15],[-7.25,-38.1],[-7.18,-38.1],[-7.15,-38.13],[-7.15,-38.18],[-7.18,-38.22],[-7.25,-38.18],[-7.25,-38.15]]]}},{"type":"Feature","properties":{"precip":10},"geometry":{"type":"Polygon","coordinates":[[[-6.75,-38.15],[-6.75,-38.1],[-6.68,-38.1],[-6.68,-38.13],[-6.64,-38.13],[-6.64,-38.17],[-6.68,-38.22],[-6.75,-38.18],[-6.75,-38.15]]]}},{"type":"Feature","properties":{"precip":10},"geometry":{"type":"Polygon","coordinates":[[[-6.28,-38.18],[-6.28,-38.15],[-6.17,-38.1],[-6.14,-38.1],[-6.14,-38.13],[-6.17,-38.15],[-6.17,-38.18],[-6.21,-38.22],[-6.21,-38.23],[-6.28,-38.28],[-6.35,-38.27],[-6.32,-38.23],[-6.32,-38.22],[-6.28,-38.18]]]}},{"type":"Feature","properties":{"precip":10},"geometry":{"type":"Polygon","coordinates":[[[3.76,-38.23],[3.76,-38.1],[3.8,-38.1],[3.9,-38.22],[3.9,-38.25],[3.94,-38.32],[3.94,-38.5],[3.9,-38.5],[3.83,-38.45],[3.8,-38.42],[3.8,-38.37],[3.76,-38.32],[3.76,-38.23]]]}},{"type":"Feature","properties":{"precip":10},"geometry":{"type":"Polygon","coordinates":[[[-6.07,-38.23],[-6.03,-38.23],[-6.03,-38.22],[-5.96,-38.22],[-5.96,-38.28],[-6.03,-38.32],[-6.03,-38.27],[-6.07,-38.23]]]}},{"type":"Feature","properties":{"precip":10},"geometry":{"type":"Polygon","coordinates":[[[57.14,-38.23],[57.18,-38.22],[57.25,-38.22],[57.25,-38.27],[57.28,-38.27],[57.32,-38.32],[57.39,-38.32],[57.43,-38.32],[57.43,-38.38],[57.46,-38.42],[57.46,-38.55],[57.5,-38.58],[57.57,-38.6],[57.9,-38.6],[58.0,-38.62],[58.15,-38.67],[58.18,-38.67],[58.26,-38.77],[58.26,-38.87],[58.18,-38.9],[58.11,-38.9],[57.9,-38.9],[57.86,-38.9],[57.79,-38.9],[57.75,-38.83],[57.68,-38.82],[57.61,-38.82],[57.54,-38.8],[57.32,-38.8],[57.25,-38.77],[57.25,-38.55],[57.21,-38.52],[57.21,-38.5],[57.14,-38.45],[57.21,-38.38],[57.25,-38.38],[57.25,-38.35],[57.18,-38.32],[57.18,-38.27],[57.14,-38.27],[57.14,-38.23]]]}},{"type":"Feature","properties":{"precip":10},"geometry":{"type":"Polygon","coordinates":[[[57.86,-38.23],[57.9,-38.22],[58.0,-38.22],[58.04,-38.23],[58.04,-38.27],[58.0,-38.32],[57.9,-38.32],[57.86,-38.27],[57.86,-38.23]]]}},{"type":"Feature","properties":{"precip":10},"geometry":{"type":"Polygon","coordinates":[[[-13.36,-38.7],[-13.3,-38.7],[-13.26,-38.72],[-13.26,-38.82],[-13.23,-38.87],[-13.23,-38.9],[-13.16,-38.9],[-13.01,-38.9],[-12.98,-38.92],[-12.94,-38.97],[-12.94,-39.05],[-12.98,-39.08],[-12.98,-39.1],[-13.05,-39.1],[-13.12,-39.1],[-13.16,-39.13],[-13.16,-39.18],[-13.19,-39.22],[-13.26,-39.22],[-13.34,-39.23],[-13.34,-39.32],[-13.36,-39.34],[-13.36,-38.7]],[[-13.26,-39.0],[-13.26,-38.92],[-13.3,-38.9],[-13.34,-38.92],[-13.34,-39.1],[-13.26,-39.1],[-13.26,-39.0]]]}},{"type":"Feature","properties":{"precip":10},"geometry":{"type":"Polygon","coordinates":[[[-10.06,-38.35],[-10.02,-38.32],[-9.95,-38.32],[-9.95,-38.38],[-9.99,-38.42],[-10.06,-38.35]]]}},{"type":"Feature","properties":{"precip":10},"geometry":{"type":"Polygon","coordinates":[[[-7.54,-38.35],[-7.54,-38.32],[-7.47,-38.32],[-7.47,-38.38],[-7.54,-38.38],[-7.54,-38.35]]]}},{"type":"Feature","properties":{"precip":10},"geometry":{"type":"Polygon","coordinates":[[[-7.15,-38.35],[-7.15,-38.32],[-7.07,-38.32],[-7.04,-38.35],[-7.04,-38.37],[-7.11,-38.42],[-7.15,-38.38],[-7.15,-38.35]]]}},{"type":"Feature","properties":{"precip":10},"geometry":{"type":"Polygon","coordinates":[[[58.62,-38.38],[58.65,-38.35],[58.76,-38.32],[58.83,-38.32],[58.87,-38.35],[58.83,-38.35],[58.83,-38.38],[58.72,-38.47],[58.65,-38.5],[58.58,-38.5],[58.54,-38.48],[58.54,-38.45],[58.58,-38.45],[58.58,-38.42],[58.62,-38.38]]]}},{"type":"Feature","properties":{"precip":10},"geometry":{"type":"Polygon","coordinates":[[[-9.56,-38.45],[-9.56,-38.42],[-9.52,-38.42],[-9.45,-38.42],[-9.45,-38.48],[-9.52,-38.5],[-9.56,-38.48],[-9.56,-38.45]]]}},{"type":"Feature","properties":{"precip":10},"geometry":{"type":"Polygon","coordinates":[[[-12.94,-38.67],[-12.94,-38.52],[-12.83,-38.5],[-12.76,-38.5],[-12.69,-38.52],[-12.65,-38.55],[-12.65,-38.77],[-12.62,-38.77],[-12.62,-38.8],[-12.51,-38.8],[-12.47,-38.77],[-12.44,-38.77],[-12.44,-38.72],[-12.4,-38.7],[-12.29,-38.7],[-12.26,-38.72],[-12.26,-38.77],[-12.33,-38.82],[-12.36,-38.87],[-12.47,-38.9],[-12.51,-38.9],[-12.62,-38.87],[-12.65,-38.82],[-12.72,-38.8],[-12.76,-38.73],[-12.83,-38.72],[-12.87,-38.8],[-12.94,-38.8],[-12.94,-38.67]]]}},{"type":"Feature","properties":{"precip":10},"geometry":{"type":"Polygon","coordinates":[[[8.3,-38.57],[8.33,-38.55],[8.44,-38.5],[8.55,-38.55],[8.62,-38.62],[8.62,-38.67],[8.66,-38.68],[8.66,-38.77],[8.69,-38.8],[8.76,-38.8],[8.84,-38.82],[8.84,-38.97],[8.87,-39.0],[8.87,-39.1],[8.91,-39.1],[8.91,-39.18],[8.8,-39.32],[8.73,-39.37],[8.62,-39.42],[8.55,-39.37],[8.55,-39.23],[8.58,-39.22],[8.62,-39.22],[8.62,-39.13],[8.66,-39.1],[8.66,-38.9],[8.62,-38.87],[8.62,-38.82],[8.58,-38.8],[8.55,-38.82],[8.55,-38.92],[8.51,-38.97],[8.51,-39.0],[8.44,-39.08],[8.37,-39.1],[8.26,-39.1],[8.26,-39.18],[8.22,-39.18],[8.19,-39.22],[8.08,-39.22],[8.04,-39.18],[8.04,-39.12],[8.15,-39.08],[8.15,-38.93],[8.12,-38.9],[8.04,-38.93],[8.04,-38.97],[8.01,-38.97],[8.01,-39.0],[7.97,-39.02],[7.94,-39.08],[7.86,-39.1],[7.86,-38.87],[7.94,-38.77],[8.04,-38.7],[8.12,-38.7],[8.15,-38.72],[8.15,-38.8],[8.22,-38.8],[8.22,-38.77],[8.26,-38.77],[8.26,-38.63],[8.3,-38.6],[8.3,-38.57]]]}},{"type":"Feature","properties":{"precip":10},"geometry":{"type":"Polygon","coordinates":[[[56.64,-38.55],[56.67,-38.52],[56.78,-38.5],[56.85,-38.52],[56.85,-38.57],[56.82,-38.57],[56.78,-38.6],[56.71,-38.6],[56.64,-38.55]]]}},{"type":"Feature","properties":{"precip":10},"geometry":{"type":"Polygon","coordinates":[[[58.94,-38.67],[58.98,-38.6],[59.05,-38.62],[59.05,-38.68],[58.98,-38.7],[58.98,-38.67],[58.94,-38.67]]]}},{"type":"Feature","properties":{"precip":10},"geometry":{"type":"Polygon","coordinates":[[[59.34,-38.67],[59.37,-38.67],[59.37,-38.62],[59.44,-38.62],[59.48,-38.6],[59.62,-38.6],[59.66,-38.62],[59.73,-38.62],[59.73,-38.67],[59.7,-38.68],[59.62,-38.68],[59.59,-38.7],[59.52,-38.7],[59.48,-38.68],[59.41,-38.68],[59.34,-38.67]]]}},{"type":"Feature","properties":{"precip":10},"geometry":{"type":"Polygon","coordinates":[[[-8.55,-38.77],[-8.55,-38.72],[-8.51,-38.7],[-8.41,-38.7],[-8.33,-38.77],[-8.41,-38.8],[-8.51,-38.8],[-8.55,-38.8],[-8.55,-38.77]]]}},{"type":"Feature","properties":{"precip":10},"geometry":{"type":"Polygon","coordinates":[[[60.16,-38.77],[60.16,-38.72],[60.2,-38.7],[60.38,-38.7],[60.45,-38.73],[60.45,-38.77],[60.38,-38.8],[60.2,-38.8],[60.16,-38.8],[60.16,-38.77]]]}},{"type":"Feature","properties":{"precip":10},"geometry":{"type":"Polygon","coordinates":[[[58.65,-38.9],[58.65,-38.83],[58.69,-38.82],[58.76,-38.8],[58.87,-38.8],[58.94,-38.82],[58.94,-38.87],[58.8,-39.0],[58.72,-39.0],[58.65,-38.95],[58.65,-38.9]]]}},{"type":"Feature","properties":{"precip":10},"geometry":{"type":"Polygon","coordinates":[[[61.06,-38.87],[61.06,-38.82],[61.14,-38.82],[61.14,-38.9],[61.06,-38.9],[61.06,-38.87]]]}},{"type":"Feature","properties":{"precip":10},"geometry":{"type":"Polygon","coordinates":[[[61.24,-38.87],[61.24,-38.82],[61.28,-38.8],[61.35,-38.82],[61.35,-38.9],[61.24,-38.9],[61.24,-38.87]]]}},{"type":"Feature","properties":{"precip":10},"geometry":{"type":"Polygon","coordinates":[[[24.85,-38.95],[24.85,-38.92],[24.93,-38.9],[24.93,-38.93],[24.96,-38.93],[24.96,-38.97],[24.93,-38.97],[24.93,-39.0],[24.85,-39.0],[24.85,-38.95]]]}},{"type":"Feature","properties":{"precip":10},"geometry":{"type":"Polygon","coordinates":[[[25.65,-39.1],[25.65,-39.03],[25.68,-39.0],[25.75,-39.03],[25.83,-39.1],[25.83,-39.15],[25.86,-39.18],[25.83,-39.22],[25.72,-39.22],[25.65,-39.13],[25.65,-39.1]]]}},{"type":"Feature","properties":{"precip":10},"geometry":{"type":"Polygon","coordinates":[[[7.14,-39.32],[7.14,-39.23],[7.18,-39.23],[7.18,-39.22],[7.22,-39.22],[7.25,-39.23],[7.25,-39.32],[7.22,-39.37],[7.22,-39.38],[7.14,-39.47],[7.07,-39.48],[7.04,-39.47],[7.04,-39.45],[7.11,-39.42],[7.14,-39.38],[7.14,-39.32]]]}},{"type":"Feature","properties":{"precip":10},"geometry":{"type":"Polygon","coordinates":[[[44.65,-39.25],[44.65,-39.22],[44.72,-39.22],[44.76,-39.23],[44.76,-39.27],[44.72,-39.28],[44.65,-39.28],[44.65,-39.25]]]}},{"type":"Feature","properties":{"precip":10},"geometry":{"type":"Polygon","coordinates":[[[-13.05,-39.55],[-13.05,-39.52],[-12.98,-39.5],[-12.98,-39.52],[-12.94,-39.52],[-12.94,-39.57],[-13.01,-39.6],[-13.05,-39.58],[-13.05,-39.55]]]}},{"type":"Feature","properties":{"precip":10},"geometry":{"type":"Polygon","coordinates":[[[25.86,-39.67],[25.86,-39.63],[25.93,-39.6],[25.93,-39.68],[25.9,-39.7],[25.86,-39.68],[25.86,-39.67]]]}},{"type":"Feature","properties":{"precip":10},"geometry":{"type":"Polygon","coordinates":[[[-10.85,-39.8],[-10.85,-39.73],[-10.82,-39.7],[-10.78,-39.7],[-10.78,-39.73],[-10.74,-39.77],[-10.74,-39.87],[-10.78,-39.87],[-10.78,-39.9],[-10.85,-39.87],[-10.85,-39.8]]]}},{"type":"Feature","properties":{"precip":10},"geometry":{"type":"Polygon","coordinates":[[[6.86,-39.8],[6.86,-39.73],[6.89,-39.7],[7.07,-39.7],[7.14,-39.73],[7.14,-39.8],[7.07,-39.8],[7.07,-39.83],[7.04,-39.87],[7.14,-39.9],[7.43,-39.9],[7.54,-39.93],[7.54,-40.03],[7.5,-40.08],[7.5,-40.1],[7.43,-40.1],[7.36,-40.08],[7.32,-40.03],[7.32,-40.0],[7.29,-40.0],[7.29,-40.03],[7.25,-40.08],[7.18,-40.1],[7.11,-40.1],[7.04,-40.08],[7.04,-40.02],[6.96,-40.03],[6.89,-40.1],[6.89,-40.13],[6.86,-40.18],[6.86,-40.25],[6.78,-40.32],[6.64,-40.32],[6.53,-40.25],[6.57,-40.23],[6.57,-40.22],[6.64,-40.18],[6.64,-40.02],[6.6,-40.0],[6.57,-40.02],[6.53,-40.08],[6.53,-40.1],[6.46,-40.1],[6.46,-40.03],[6.57,-39.95],[6.71,-39.9],[6.78,-39.9],[6.86,-39.87],[6.86,-39.8]]]}},{"type":"Feature","properties":{"precip":10},"geometry":{"type":"Polygon","coordinates":[[[7.65,-40.0],[7.65,-39.87],[7.68,-39.82],[7.76,-39.8],[7.83,-39.8],[7.94,-39.83],[7.94,-39.97],[7.86,-40.0],[7.79,-40.0],[7.79,-40.03],[7.76,-40.03],[7.76,-40.15],[7.72,-40.18],[7.72,-40.22],[7.68,-40.22],[7.68,-40.18],[7.65,-40.13],[7.65,-40.0]]]}},{"type":"Feature","properties":{"precip":10},"geometry":{"type":"Polygon","coordinates":[[[44.87,-40.22],[44.87,-40.12],[44.94,-40.1],[45.33,-40.1],[45.44,-40.13],[45.44,-40.18],[45.48,-40.18],[45.51,-40.22],[45.62,-40.22],[45.73,-40.23],[45.77,-40.28],[45.84,-40.32],[45.95,-40.32],[46.05,-40.33],[46.05,-40.37],[46.16,-40.38],[46.27,-40.38],[46.34,-40.42],[46.59,-40.42],[46.7,-40.42],[46.74,-40.43],[46.74,-40.47],[46.77,-40.47],[46.81,-40.5],[46.92,-40.5],[46.99,-40.52],[47.06,-40.53],[47.06,-40.57],[47.1,-40.58],[47.17,-40.58],[47.21,-40.6],[47.39,-40.6],[47.49,-40.63],[47.57,-40.65],[47.57,-40.67],[47.6,-40.67],[47.75,-40.7],[48.03,-40.7],[48.11,-40.73],[48.18,-40.77],[48.18,-40.8],[48.25,-40.77],[48.25,-40.73],[48.29,-40.7],[48.32,-40.7],[48.32,-40.73],[48.36,-40.77],[48.43,-40.8],[48.43,-40.77],[48.5,-40.73],[48.61,-40.73],[48.79,-40.7],[49.37,-40.7],[49.51,-40.73],[49.58,-40.78],[49.58,-40.8],[49.65,-40.8],[49.73,-40.8],[49.73,-40.83],[49.76,-40.83],[49.76,-40.88],[49.8,-40.9],[49.91,-40.9],[49.94,-40.88],[49.94,-40.83],[50.01,-40.8],[50.01,-40.83],[50.05,-40.83],[50.05,-40.97],[50.12,-41.0],[50.16,-40.97],[50.16,-40.95],[50.19,-40.9],[50.27,-40.9],[50.3,-40.92],[50.41,-41.0],[50.45,-41.08],[50.52,-41.1],[50.55,-41.1],[50.63,-41.1],[50.66,-41.15],[50.66,-41.18],[50.73,-41.2],[50.88,-41.2],[50.91,-41.22],[50.99,-41.22],[51.06,-41.25],[51.06,-41.28],[51.13,-41.3],[51.2,-41.3],[51.24,-41.28],[51.24,-41.25],[51.31,-41.22],[51.42,-41.2],[51.49,-41.22],[51.56,-41.25],[51.56,-41.28],[51.6,-41.28],[51.67,-41.28],[51.71,-41.3],[51.89,-41.3],[51.89,-41.3],[52.79,-41.3],[52.79,-41.3],[52.68,-41.3],[52.64,-41.25],[52.68,-41.23],[52.68,-41.2],[52.79,-41.12],[52.89,-41.18],[52.89,-41.22],[52.97,-41.25],[52.97,-41.28],[53.04,-41.28],[53.04,-41.25],[53.07,-41.22],[53.15,-41.2],[53.22,-41.23],[53.25,-41.25],[53.25,-41.3],[47.82,-41.3],[47.82,-41.3],[47.49,-41.3],[47.42,-41.28],[47.35,-41.28],[47.24,-41.25],[47.24,-41.23],[47.21,-41.22],[47.13,-41.25],[47.13,-41.28],[47.06,-41.28],[47.06,-41.25],[47.03,-41.23],[46.88,-41.2],[46.74,-41.2],[46.67,-41.18],[46.63,-41.12],[46.59,-41.1],[46.52,-41.1],[46.49,-41.1],[46.41,-41.1],[46.27,-40.98],[46.27,-40.97],[46.23,-40.95],[46.16,-40.9],[46.09,-40.9],[46.05,-40.88],[46.05,-40.83],[46.02,-40.8],[45.95,-40.8],[45.91,-40.8],[45.8,-40.8],[45.77,-40.78],[45.77,-40.73],[45.69,-40.7],[45.62,-40.7],[45.55,-40.67],[45.55,-40.63],[45.51,-40.6],[45.41,-40.6],[45.41,-40.58],[45.3,-40.5],[45.26,-40.45],[45.19,-40.42],[45.12,-40.42],[45.05,-40.37],[45.05,-40.22],[44.97,-40.22],[44.97,-40.23],[44.94,-40.23],[44.94,-40.28],[44.9,-40.32],[44.87,-40.28],[44.87,-40.22]]]}},{"type":"Feature","properties":{"precip":10},"geometry":{"type":"Polygon","coordinates":[[[-6.53,-40.25],[-6.53,-40.22],[-6.5,-40.22],[-6.46,-40.22],[-6.46,-40.28],[-6.53,-40.32],[-6.53,-40.25]]]}},{"type":"Feature","properties":{"precip":10},"geometry":{"type":"Polygon","coordinates":[[[4.62,-40.28],[4.62,-40.23],[4.66,-40.22],[4.7,-40.22],[4.84,-40.33],[4.84,-40.38],[4.77,-40.42],[4.66,-40.42],[4.55,-40.38],[4.55,-40.35],[4.62,-40.28]]]}},{"type":"Feature","properties":{"precip":10},"geometry":{"type":"Polygon","coordinates":[[[-11.93,-40.55],[-11.93,-40.52],[-11.9,-40.5],[-11.86,-40.52],[-11.86,-40.58],[-11.93,-40.6],[-11.93,-40.55]]]}},{"type":"Feature","properties":{"precip":10},"geometry":{"type":"Polygon","coordinates":[[[25.14,-40.55],[25.14,-40.52],[25.18,-40.5],[25.25,-40.52],[25.25,-40.58],[25.21,-40.6],[25.14,-40.58],[25.14,-40.55]]]}},{"type":"Feature","properties":{"precip":10},"geometry":{"type":"Polygon","coordinates":[[[-7.94,-40.77],[-7.94,-40.7],[-7.87,-40.7],[-7.87,-40.8],[-7.94,-40.8],[-7.94,-40.77]]]}},{"type":"Feature","properties":{"precip":10},"geometry":{"type":"Polygon","coordinates":[[[-7.76,-40.8],[-7.76,-40.77],[-7.72,-40.73],[-7.69,-40.7],[-7.61,-40.7],[-7.58,-40.73],[-7.54,-40.77],[-7.54,-40.83],[-7.61,-40.9],[-7.69,-40.9],[-7.76,-40.83],[-7.76,-40.8]]]}},{"type":"Feature","properties":{"precip":10},"geometry":{"type":"Polygon","coordinates":[[[52.46,-41.05],[52.46,-41.02],[52.5,-41.0],[52.61,-41.0],[52.64,-41.02],[52.64,-41.1],[52.57,-41.1],[52.53,-41.1],[52.46,-41.1],[52.46,-41.05]]]}},{"type":"Feature","properties":{"precip":10},"geometry":{"type":"Polygon","coordinates":[[[-10.13,-41.25],[-10.13,-41.23],[-10.02,-41.2],[-9.95,-41.2],[-9.95,-41.22],[-9.88,-41.22],[-9.84,-41.23],[-9.84,-41.28],[-9.95,-41.3],[-10.06,-41.3],[-10.13,-41.28],[-10.13,-41.25]]]}},{"type":"Feature","properties":{"precip":10},"geometry":{"type":"Polygon","coordinates":[[[-4.16,-41.25],[-4.16,-41.23],[-4.12,-41.2],[-4.05,-41.22],[-4.05,-41.28],[-4.16,-41.28],[-4.16,-41.25]]]}},{"type":"Feature","properties":{"precip":10},"geometry":{"type":"Polygon","coordinates":[[[46.16,-41.3],[46.16,-41.22],[46.2,-41.22],[46.3,-41.3],[46.16,-41.3],[46.16,-41.3]]]}},{"type":"Feature","properties":{"precip":10},"geometry":{"type":"Polygon","coordinates":[[[0.62,-41.3],[0.63,-41.3],[0.63,-41.3],[0.62,-41.3]]]}},{"type":"Feature","properties":{"precip":10},"geometry":{"type":"Polygon","coordinates":[[[1.02,-41.3],[1.03,-41.3],[1.1,-41.3],[1.1,-41.3],[1.02,-41.3]]]}},{"type":"Feature","properties":{"precip":20},"geometry":{"type":"Polygon","coordinates":[[[86.38,3.79],[86.44,3.75],[86.48,3.73],[86.48,3.68],[86.51,3.66],[86.51,3.63],[86.55,3.58],[86.55,3.56],[86.51,3.51],[86.48,3.5],[86.48,3.46],[86.44,3.45],[86.44,3.2],[86.4,3.15],[86.4,3.1],[86.37,3.08],[86.37,3.01],[86.4,3.0],[86.4,2.96],[86.58,2.83],[86.69,2.8],[86.73,2.8],[86.73,2.86],[86.76,2.86],[86.84,2.86],[86.84,2.78],[86.87,2.75],[86.87,2.71],[86.94,2.65],[87.05,2.6],[87.12,2.58],[87.12,2.31],[87.05,2.28],[87.05,1.88],[87.02,1.83],[87.02,1.71],[86.94,1.68],[86.94,1.55],[86.91,1.51],[86.91,1.5],[86.84,1.46],[86.84,1.33],[86.8,1.3],[86.76,1.3],[86.76,1.25],[86.73,1.25],[86.73,1.15],[86.76,1.15],[86.76,1.1],[86.8,1.1],[86.8,1.06],[86.84,1.05],[86.84,0.86],[86.87,0.85],[86.87,0.78],[86.94,0.76],[86.94,0.75],[86.87,0.71],[86.87,0.65],[86.84,0.63],[86.84,0.43],[86.8,0.43],[86.8,0.4],[86.76,0.4],[86.76,0.35],[86.73,0.33],[86.73,0.26],[86.76,0.23],[86.76,0.2],[86.8,0.2],[86.8,0.18],[86.84,0.16],[86.84,0.03],[86.8,0.02],[86.8,-0.0],[86.76,-0.0],[86.76,-0.07],[86.73,-0.08],[86.73,-0.27],[86.69,-0.28],[86.69,-0.3],[86.66,-0.3],[86.66,-0.37],[86.62,-0.4],[86.62,-0.48],[86.58,-0.5],[86.55,-0.53],[86.55,-0.87],[86.62,-0.9],[86.62,-1.0],[86.66,-1.03],[86.66,-1.07],[86.76,-1.1],[86.87,-1.1],[86.94,-1.15],[86.94,-1.43],[86.87,-1.48],[86.87,-1.5],[86.76,-1.48],[86.73,-1.48],[86.73,-1.4],[86.62,-1.4],[86.58,-1.42],[86.48,-1.5],[86.48,-1.55],[86.44,-1.57],[86.44,-1.65],[86.4,-1.67],[86.4,-1.68],[86.37,-1.7],[86.3,-1.7],[86.22,-1.73],[86.22,-1.78],[86.12,-1.8],[86.08,-1.83],[86.01,-1.87],[85.97,-1.9],[85.97,-1.93],[85.83,-1.98],[85.76,-1.98],[85.68,-2.0],[85.5,-2.0],[85.43,-1.98],[85.32,-1.98],[85.25,-1.98],[85.25,-1.93],[85.18,-1.9],[85.11,-1.9],[85.11,-1.88],[85.04,-1.88],[85.04,-1.82],[84.96,-1.8],[84.96,-1.85],[84.93,-1.87],[84.93,-2.02],[84.96,-2.05],[84.96,-2.08],[85.0,-2.1],[85.07,-2.1],[85.11,-2.12],[85.11,-2.15],[85.14,-2.17],[85.14,-2.3],[85.22,-2.43],[85.32,-2.5],[85.43,-2.48],[85.43,-2.43],[85.47,-2.42],[85.54,-2.43],[85.54,-2.47],[85.61,-2.55],[85.61,-2.6],[85.65,-2.65],[85.65,-2.75],[85.68,-2.78],[85.68,-2.82],[85.76,-2.87],[85.9,-2.9],[85.94,-2.88],[86.01,-2.88],[86.04,-2.87],[86.04,-2.82],[86.12,-2.8],[86.12,-2.88],[86.04,-2.93],[86.04,-2.98],[86.08,-2.98],[86.12,-3.0],[86.12,-3.08],[86.04,-3.15],[86.04,-3.17],[85.97,-3.2],[85.97,-3.27],[85.94,-3.28],[85.94,-3.38],[85.86,-3.4],[85.86,-3.38],[85.83,-3.37],[85.83,-3.3],[85.76,-3.32],[85.76,-3.42],[85.72,-3.47],[85.72,-3.7],[85.68,-3.7],[85.65,-3.72],[85.65,-3.85],[85.61,-3.86],[85.61,-3.9],[85.5,-3.9],[85.43,-3.95],[85.43,-4.13],[85.47,-4.16],[85.47,-4.2],[85.54,-4.18],[85.54,-4.11],[85.58,-4.1],[85.65,-4.1],[85.72,-4.08],[85.76,-4.05],[85.76,-4.01],[85.86,-4.06],[85.86,-4.1],[85.94,-4.13],[86.01,-4.2],[86.08,-4.2],[86.12,-4.18],[86.12,-4.15],[86.15,-4.1],[86.15,-4.01],[86.19,-4.0],[86.26,-4.0],[86.33,-4.01],[86.33,-4.08],[86.22,-4.15],[86.3,-4.2],[86.33,-4.23],[86.33,-4.38],[86.26,-4.41],[86.26,-4.5],[86.33,-4.55],[86.33,-4.58],[86.3,-4.58],[86.26,-4.6],[86.26,-4.66],[86.22,-4.68],[86.22,-4.78],[86.19,-4.8],[86.19,-4.81],[86.15,-4.83],[86.08,-4.9],[86.08,-4.93],[86.04,-4.98],[86.04,-5.15],[86.01,-5.18],[85.83,-5.25],[85.79,-5.28],[85.79,-5.31],[85.65,-5.41],[85.54,-5.36],[85.5,-5.33],[85.5,-5.31],[85.4,-5.21],[85.32,-5.21],[85.0,-5.21],[84.96,-5.21],[84.93,-5.26],[84.93,-5.41],[84.96,-5.45],[84.96,-5.51],[85.04,-5.48],[85.07,-5.43],[85.07,-5.41],[85.11,-5.41],[85.11,-5.45],[85.25,-5.51],[85.32,-5.48],[85.36,-5.45],[85.36,-5.41],[85.43,-5.41],[85.36,-5.51],[85.36,-5.53],[85.29,-5.6],[85.22,-5.66],[85.22,-5.71],[85.14,-5.78],[85.14,-5.96],[85.22,-6.0],[85.32,-6.01],[85.65,-6.01],[85.72,-6.05],[85.72,-6.2],[85.68,-6.2],[85.65,-6.21],[85.65,-6.33],[85.61,-6.35],[85.61,-6.4],[85.58,-6.41],[85.54,-6.45],[85.54,-6.65],[85.58,-6.7],[85.65,-6.7],[85.68,-6.71],[85.83,-6.71],[85.83,-6.76],[85.79,-6.8],[85.72,-6.88],[85.65,-6.93],[85.61,-7.0],[85.47,-7.11],[85.43,-7.16],[85.36,-7.23],[85.29,-7.33],[85.25,-7.36],[85.25,-7.43],[85.22,-7.45],[85.22,-7.48],[85.14,-7.5],[85.07,-7.5],[85.04,-7.46],[85.04,-7.36],[85.0,-7.35],[85.0,-7.31],[84.93,-7.23],[84.86,-7.23],[84.78,-7.28],[84.78,-7.33],[84.75,-7.33],[84.75,-7.41],[84.71,-7.43],[84.71,-7.48],[84.68,-7.5],[84.68,-7.53],[84.6,-7.58],[84.57,-7.63],[84.39,-7.69],[84.32,-7.71],[84.24,-7.71],[84.17,-7.69],[84.14,-7.66],[84.14,-7.58],[84.17,-7.53],[84.24,-7.43],[84.32,-7.38],[84.35,-7.33],[84.53,-7.26],[84.53,-7.03],[84.57,-7.0],[84.57,-6.95],[84.6,-6.91],[84.6,-6.88],[84.71,-6.76],[84.78,-6.71],[84.78,-6.68],[84.82,-6.65],[84.82,-6.56],[84.86,-6.55],[84.86,-6.51],[84.93,-6.46],[84.93,-6.33],[84.89,-6.31],[84.89,-6.28],[84.82,-6.25],[84.93,-6.2],[84.93,-6.15],[84.86,-6.11],[84.75,-6.11],[84.32,-6.11],[84.14,-6.13],[84.14,-6.18],[84.06,-6.2],[84.06,-6.21],[83.99,-6.21],[83.92,-6.23],[83.92,-6.3],[83.81,-6.31],[83.81,-6.3],[83.74,-6.28],[83.74,-6.23],[83.6,-6.21],[83.27,-6.21],[83.2,-6.2],[83.13,-6.2],[83.06,-6.18],[83.06,-6.15],[83.02,-6.13],[83.02,-6.08],[83.06,-6.06],[83.06,-6.01],[83.13,-6.01],[83.24,-5.96],[83.31,-5.9],[83.31,-5.8],[83.34,-5.73],[83.34,-5.68],[83.31,-5.63],[83.31,-5.61],[83.27,-5.61],[83.24,-5.63],[83.24,-5.78],[83.2,-5.78],[83.2,-5.81],[83.13,-5.78],[83.13,-5.65],[83.16,-5.63],[83.16,-5.61],[83.2,-5.61],[83.2,-5.58],[83.24,-5.58],[83.24,-5.43],[83.31,-5.4],[83.31,-5.36],[83.34,-5.33],[83.34,-5.21],[83.42,-5.2],[83.42,-5.16],[83.45,-5.15],[83.38,-5.11],[83.31,-5.1],[83.24,-5.06],[83.24,-4.93],[83.27,-4.9],[83.42,-4.86],[83.45,-4.81],[83.49,-4.81],[83.49,-4.78],[83.56,-4.75],[83.56,-4.73],[83.63,-4.7],[83.74,-4.7],[83.85,-4.66],[83.85,-4.61],[83.88,-4.6],[84.06,-4.6],[84.14,-4.63],[84.14,-4.66],[84.1,-4.7],[84.03,-4.7],[83.88,-4.7],[83.85,-4.73],[83.85,-4.88],[83.92,-4.9],[83.92,-4.83],[83.96,-4.83],[83.96,-4.81],[84.03,-4.81],[84.03,-4.95],[84.06,-4.96],[84.06,-5.0],[84.14,-5.0],[84.21,-4.98],[84.24,-4.91],[84.24,-4.56],[84.21,-4.51],[84.17,-4.5],[84.06,-4.5],[83.96,-4.48],[83.92,-4.43],[83.96,-4.43],[83.96,-4.4],[84.03,-4.4],[84.06,-4.38],[84.14,-4.35],[84.17,-4.3],[84.21,-4.3],[84.21,-4.28],[84.28,-4.23],[84.32,-4.23],[84.39,-4.3],[84.46,-4.3],[84.53,-4.23],[84.53,-4.15],[84.57,-4.13],[84.57,-4.1],[84.64,-4.06],[84.64,-3.9],[84.6,-3.86],[84.6,-3.8],[84.53,-3.75],[84.46,-3.72],[84.39,-3.7],[84.21,-3.7],[84.17,-3.7],[84.1,-3.7],[84.06,-3.67],[84.03,-3.67],[84.03,-3.62],[83.99,-3.6],[83.88,-3.6],[83.85,-3.62],[83.85,-3.67],[83.81,-3.67],[83.78,-3.7],[83.7,-3.7],[83.67,-3.7],[83.52,-3.7],[83.45,-3.72],[83.45,-3.75],[83.42,-3.77],[83.42,-3.8],[83.34,-3.8],[83.27,-3.8],[83.2,-3.86],[83.2,-3.9],[83.16,-3.9],[83.16,-3.86],[83.09,-3.8],[83.06,-3.8],[83.06,-3.85],[83.02,-3.88],[82.88,-3.93],[82.77,-4.01],[82.7,-4.1],[82.59,-4.18],[82.44,-4.3],[82.34,-4.31],[82.34,-4.36],[82.3,-4.4],[82.23,-4.4],[82.16,-4.4],[82.05,-4.38],[82.05,-4.35],[82.01,-4.3],[81.94,-4.3],[81.87,-4.33],[81.8,-4.4],[81.76,-4.41],[81.72,-4.46],[81.62,-4.5],[81.54,-4.51],[81.54,-4.56],[81.4,-4.6],[81.29,-4.6],[81.29,-4.61],[81.22,-4.63],[81.22,-4.68],[81.18,-4.7],[81.15,-4.68],[81.15,-4.63],[81.08,-4.6],[80.97,-4.6],[80.93,-4.63],[80.93,-4.68],[80.86,-4.7],[80.79,-4.7],[80.72,-4.73],[80.72,-4.78],[80.68,-4.8],[80.61,-4.8],[80.57,-4.81],[80.5,-4.81],[80.43,-4.81],[80.36,-4.85],[80.32,-4.88],[80.32,-4.9],[80.28,-4.91],[80.25,-4.96],[80.1,-5.0],[80.07,-5.03],[80.07,-5.15],[80.03,-5.18],[79.89,-5.21],[79.78,-5.21],[79.67,-5.2],[79.56,-5.15],[79.49,-5.06],[79.46,-5.05],[79.46,-5.01],[79.38,-5.0],[79.38,-5.11],[79.35,-5.11],[79.35,-5.18],[79.28,-5.21],[79.2,-5.21],[79.2,-5.25],[79.17,-5.26],[79.02,-5.38],[79.02,-5.41],[78.95,-5.46],[78.81,-5.51],[78.74,-5.56],[78.74,-5.6],[78.67,-5.65],[78.63,-5.7],[78.56,-5.75],[78.45,-5.8],[78.38,-5.81],[78.31,-5.81],[78.23,-5.81],[78.16,-5.86],[78.09,-5.95],[78.09,-6.01],[78.05,-6.06],[78.05,-6.16],[78.02,-6.2],[77.98,-6.25],[77.91,-6.28],[77.91,-6.31],[77.87,-6.33],[77.87,-6.41],[77.8,-6.48],[77.8,-6.51],[77.73,-6.56],[77.66,-6.68],[77.59,-6.73],[77.51,-6.81],[77.44,-6.88],[77.26,-6.96],[77.23,-6.95],[77.15,-6.9],[77.15,-6.81],[77.19,-6.81],[77.19,-6.78],[77.23,-6.76],[77.23,-6.65],[77.26,-6.63],[77.26,-6.61],[77.3,-6.61],[77.3,-6.6],[77.33,-6.55],[77.33,-6.45],[77.37,-6.43],[77.37,-6.41],[77.44,-6.41],[77.55,-6.35],[77.77,-6.18],[77.8,-6.11],[77.87,-6.01],[77.84,-6.01],[77.66,-6.01],[77.59,-5.98],[77.59,-5.91],[77.55,-5.86],[77.55,-5.78],[77.59,-5.71],[77.59,-5.61],[77.66,-5.6],[77.66,-5.43],[77.55,-5.31],[77.48,-5.33],[77.44,-5.36],[77.44,-5.4],[77.37,-5.41],[77.37,-5.48],[77.33,-5.51],[77.33,-5.75],[77.3,-5.78],[77.19,-5.81],[77.01,-5.81],[76.94,-5.83],[76.94,-5.86],[76.87,-5.91],[76.76,-5.91],[76.72,-5.93],[76.72,-5.96],[76.61,-6.01],[76.51,-6.01],[76.43,-6.05],[76.43,-6.06],[76.36,-6.11],[76.25,-6.1],[76.25,-6.06],[76.25,-6.01],[76.22,-6.01],[76.11,-6.01],[76.07,-6.01],[76.07,-6.06],[76.04,-6.06],[75.97,-6.1],[75.89,-6.1],[75.82,-6.11],[75.68,-6.11],[75.46,-6.06],[75.46,-5.98],[75.5,-5.95],[75.5,-5.91],[75.53,-5.9],[75.53,-5.86],[75.57,-5.85],[75.64,-5.8],[75.64,-5.75],[75.68,-5.71],[75.64,-5.68],[75.64,-5.61],[75.57,-5.55],[75.46,-5.51],[75.35,-5.51],[75.28,-5.53],[75.25,-5.56],[75.25,-5.6],[75.17,-5.56],[75.14,-5.53],[75.14,-5.51],[75.1,-5.51],[75.07,-5.53],[75.07,-5.56],[74.89,-5.6],[74.81,-5.61],[74.71,-5.61],[74.6,-5.58],[74.56,-5.55],[74.56,-5.51],[74.53,-5.51],[74.45,-5.51],[74.42,-5.51],[74.35,-5.58],[74.27,-5.61],[74.2,-5.75],[74.17,-5.83],[74.17,-6.1],[74.2,-6.11],[74.24,-6.1],[74.24,-6.05],[74.27,-6.05],[74.27,-5.91],[74.31,-5.91],[74.35,-5.91],[74.35,-6.08],[74.42,-6.28],[74.49,-6.36],[74.53,-6.43],[74.6,-6.48],[74.67,-6.51],[74.74,-6.5],[74.78,-6.41],[74.89,-6.46],[74.92,-6.51],[74.99,-6.56],[75.07,-6.66],[75.07,-6.73],[75.03,-6.75],[75.03,-6.8],[74.96,-6.83],[74.96,-6.86],[74.89,-6.91],[74.89,-7.0],[74.96,-7.03],[74.96,-7.06],[74.92,-7.08],[74.89,-7.13],[74.89,-7.2],[74.92,-7.23],[74.99,-7.25],[75.03,-7.28],[75.17,-7.31],[75.28,-7.31],[75.35,-7.33],[75.35,-7.36],[75.39,-7.36],[75.46,-7.41],[75.57,-7.41],[75.61,-7.41],[75.75,-7.41],[75.82,-7.43],[75.97,-7.53],[76.0,-7.58],[76.07,-7.61],[76.11,-7.58],[76.15,-7.58],[76.15,-7.55],[76.22,-7.51],[76.25,-7.43],[76.36,-7.41],[76.43,-7.43],[76.43,-7.46],[76.4,-7.48],[76.4,-7.51],[76.36,-7.53],[76.25,-7.61],[76.25,-7.63],[76.25,-7.64],[76.25,-7.69],[76.4,-7.69],[76.43,-7.66],[76.43,-7.63],[76.47,-7.61],[76.58,-7.61],[76.61,-7.63],[76.61,-7.78],[76.54,-7.79],[76.54,-7.81],[76.47,-7.81],[76.43,-7.83],[76.43,-7.94],[76.4,-7.96],[76.4,-7.99],[76.33,-8.01],[76.25,-7.99],[76.25,-7.96],[76.25,-7.94],[76.25,-7.81],[76.18,-7.83],[76.15,-7.88],[76.11,-7.89],[76.11,-8.01],[76.22,-8.11],[76.25,-8.13],[76.25,-8.16],[76.33,-8.19],[76.4,-8.21],[76.51,-8.16],[76.61,-8.06],[76.61,-7.96],[76.65,-7.94],[76.65,-7.93],[76.69,-7.91],[76.79,-7.91],[76.83,-7.93],[76.83,-7.98],[76.9,-7.99],[76.9,-7.96],[76.94,-7.94],[76.94,-7.83],[76.97,-7.81],[77.01,-7.83],[77.01,-7.98],[77.05,-8.03],[77.05,-8.38],[77.12,-8.39],[77.12,-8.41],[77.19,-8.41],[77.23,-8.43],[77.23,-8.48],[77.19,-8.49],[77.08,-8.58],[77.08,-8.63],[77.05,-8.66],[77.05,-8.79],[77.08,-8.81],[77.12,-8.79],[77.12,-8.73],[77.19,-8.71],[77.37,-8.71],[77.48,-8.73],[77.48,-8.76],[77.44,-8.79],[77.33,-8.83],[77.33,-8.88],[77.37,-8.88],[77.48,-8.91],[77.51,-8.94],[77.59,-8.96],[77.62,-9.01],[77.69,-9.06],[77.77,-9.14],[77.77,-9.18],[77.73,-9.19],[77.59,-9.19],[77.51,-9.21],[77.44,-9.21],[77.33,-9.24],[77.26,-9.33],[77.26,-9.34],[77.19,-9.36],[77.19,-9.38],[77.08,-9.41],[76.97,-9.49],[76.9,-9.58],[76.76,-9.61],[76.65,-9.56],[76.61,-9.53],[76.61,-9.44],[76.58,-9.39],[76.51,-9.34],[76.47,-9.33],[76.43,-9.34],[76.43,-9.38],[76.4,-9.38],[76.25,-9.43],[76.25,-9.44],[76.25,-9.48],[76.18,-9.54],[76.18,-9.63],[76.15,-9.64],[76.15,-9.69],[76.07,-9.69],[76.0,-9.73],[76.0,-9.74],[75.97,-9.76],[75.79,-9.91],[75.79,-9.94],[75.68,-9.99],[75.61,-9.99],[75.57,-9.96],[75.57,-9.79],[75.61,-9.74],[75.61,-9.69],[75.71,-9.63],[75.71,-9.59],[75.75,-9.58],[75.75,-9.46],[75.79,-9.44],[75.79,-9.43],[75.86,-9.39],[75.93,-9.39],[75.97,-9.36],[75.97,-9.24],[75.93,-9.24],[75.93,-9.21],[75.86,-9.21],[75.82,-9.19],[75.79,-9.21],[75.71,-9.21],[75.68,-9.23],[75.68,-9.33],[75.64,-9.34],[75.64,-9.39],[75.5,-9.39],[75.46,-9.36],[75.46,-9.24],[75.5,-9.23],[75.5,-9.19],[75.53,-9.19],[75.53,-9.14],[75.57,-9.14],[75.57,-8.94],[75.61,-8.91],[75.68,-8.91],[75.71,-8.91],[75.82,-8.88],[75.86,-8.83],[75.93,-8.81],[75.93,-8.78],[76.0,-8.73],[76.07,-8.71],[76.15,-8.68],[76.15,-8.63],[76.18,-8.61],[76.18,-8.58],[76.15,-8.56],[76.15,-8.51],[76.07,-8.48],[76.07,-8.36],[76.0,-8.31],[75.71,-8.31],[75.68,-8.33],[75.68,-8.43],[75.64,-8.44],[75.64,-8.48],[75.5,-8.51],[75.39,-8.48],[75.35,-8.43],[75.35,-8.36],[75.32,-8.31],[75.17,-8.16],[75.03,-8.04],[74.96,-8.01],[74.89,-8.01],[74.81,-7.98],[74.78,-7.98],[74.78,-7.93],[74.74,-7.93],[74.74,-7.91],[74.63,-7.91],[74.56,-7.93],[74.53,-7.96],[74.53,-8.01],[74.45,-8.06],[74.45,-8.18],[74.38,-8.24],[74.31,-8.28],[74.27,-8.28],[74.27,-8.23],[74.24,-8.21],[74.13,-8.21],[74.02,-8.28],[73.99,-8.33],[73.91,-8.43],[73.88,-8.48],[73.88,-8.53],[73.84,-8.53],[73.84,-8.58],[73.81,-8.59],[73.7,-8.59],[73.66,-8.61],[73.55,-8.61],[73.48,-8.63],[73.45,-8.64],[73.45,-8.68],[73.37,-8.69],[73.37,-8.71],[73.3,-8.71],[73.27,-8.73],[73.27,-8.76],[73.23,-8.76],[73.16,-8.79],[73.09,-8.79],[73.05,-8.81],[73.01,-8.79],[72.94,-8.79],[72.87,-8.76],[72.87,-8.73],[72.83,-8.71],[72.76,-8.73],[72.76,-8.83],[72.69,-8.93],[72.65,-8.94],[72.58,-8.98],[72.51,-8.99],[72.04,-8.99],[71.97,-8.96],[71.97,-8.94],[71.93,-8.91],[71.86,-8.91],[71.79,-8.91],[71.75,-8.86],[71.75,-8.83],[71.79,-8.81],[71.9,-8.79],[71.93,-8.74],[72.08,-8.63],[72.22,-8.49],[72.26,-8.43],[72.26,-8.36],[72.29,-8.33],[72.29,-8.29],[72.37,-8.23],[72.47,-8.21],[72.51,-8.21],[72.69,-8.13],[72.73,-8.11],[72.73,-8.09],[72.76,-8.03],[72.73,-8.01],[72.65,-8.01],[72.58,-7.99],[72.47,-8.01],[72.37,-8.01],[72.19,-8.03],[72.11,-8.09],[72.08,-8.09],[72.08,-8.03],[72.04,-8.01],[71.97,-8.01],[71.9,-7.98],[71.83,-7.93],[71.79,-7.88],[71.79,-7.83],[71.75,-7.78],[71.75,-7.66],[71.79,-7.63],[71.79,-7.61],[71.9,-7.61],[71.93,-7.59],[72.01,-7.59],[72.08,-7.55],[72.08,-7.53],[72.22,-7.48],[72.26,-7.48],[72.26,-7.43],[72.29,-7.41],[72.37,-7.41],[72.44,-7.41],[72.44,-7.35],[72.47,-7.33],[72.47,-7.28],[72.44,-7.25],[72.44,-7.23],[72.33,-7.2],[72.26,-7.16],[72.26,-7.13],[72.44,-7.11],[72.65,-7.11],[72.76,-7.1],[72.94,-7.1],[73.05,-7.06],[73.05,-7.03],[73.12,-7.01],[73.23,-7.01],[73.34,-6.98],[73.34,-6.95],[73.37,-6.93],[73.37,-6.78],[73.34,-6.75],[73.34,-6.71],[73.3,-6.71],[73.19,-6.7],[73.19,-6.66],[73.16,-6.65],[73.16,-6.55],[73.19,-6.53],[73.19,-6.51],[73.23,-6.51],[73.23,-6.48],[73.27,-6.45],[73.27,-6.33],[73.3,-6.31],[73.41,-6.31],[73.48,-6.28],[73.52,-6.28],[73.63,-6.21],[73.63,-6.18],[73.7,-6.11],[73.77,-6.11],[73.84,-6.08],[73.84,-5.98],[73.88,-5.91],[73.88,-5.63],[73.91,-5.61],[73.95,-5.61],[74.06,-5.56],[74.13,-5.51],[74.13,-5.46],[74.17,-5.41],[74.17,-5.31],[74.24,-5.31],[74.27,-5.33],[74.27,-5.36],[74.35,-5.38],[74.35,-5.33],[74.42,-5.31],[74.53,-5.3],[74.53,-5.26],[74.56,-5.21],[74.56,-5.11],[74.49,-5.0],[74.38,-4.88],[74.38,-4.8],[74.35,-4.76],[74.38,-4.73],[74.38,-4.7],[74.45,-4.68],[74.45,-4.51],[74.38,-4.5],[74.35,-4.55],[74.35,-4.6],[74.27,-4.56],[74.24,-4.55],[74.24,-4.5],[74.2,-4.5],[74.17,-4.55],[74.17,-4.56],[74.02,-4.6],[73.99,-4.6],[73.84,-4.6],[73.77,-4.63],[73.77,-4.68],[73.73,-4.7],[73.66,-4.68],[73.66,-4.58],[73.7,-4.55],[73.7,-4.5],[73.77,-4.43],[73.84,-4.4],[73.88,-4.4],[73.95,-4.36],[73.95,-3.81],[73.88,-3.8],[73.88,-3.65],[73.99,-3.53],[74.06,-3.5],[74.13,-3.5],[74.13,-3.53],[74.17,-3.55],[74.17,-3.65],[74.2,-3.7],[74.27,-3.75],[74.31,-3.8],[74.31,-3.81],[74.35,-3.85],[74.35,-4.0],[74.38,-4.1],[74.38,-4.16],[74.49,-4.28],[74.53,-4.3],[74.6,-4.3],[74.67,-4.28],[74.71,-4.2],[74.78,-4.13],[74.85,-4.1],[74.92,-4.1],[74.96,-4.11],[74.96,-4.16],[75.07,-4.2],[75.17,-4.2],[75.21,-4.2],[75.28,-4.2],[75.43,-4.2],[75.5,-4.2],[75.61,-4.18],[75.64,-4.15],[75.71,-4.11],[75.75,-4.08],[75.75,-3.96],[75.79,-3.95],[75.79,-3.91],[75.82,-3.9],[75.89,-3.9],[75.93,-3.88],[75.97,-3.88],[75.97,-3.85],[76.0,-3.83],[76.0,-3.8],[76.04,-3.8],[76.04,-3.85],[76.15,-3.9],[76.22,-3.9],[76.33,-3.9],[76.43,-3.93],[76.43,-3.96],[76.54,-4.0],[76.69,-4.0],[76.76,-4.0],[76.83,-4.0],[76.94,-4.0],[77.05,-4.0],[77.15,-3.98],[77.23,-3.95],[77.23,-3.9],[77.15,-3.9],[77.15,-3.83],[77.23,-3.75],[77.3,-3.7],[77.3,-3.65],[77.33,-3.62],[77.33,-3.53],[77.37,-3.5],[77.59,-3.5],[77.66,-3.53],[77.66,-3.96],[77.59,-4.0],[77.48,-4.01],[77.48,-4.1],[77.55,-4.1],[77.62,-4.1],[77.66,-4.11],[77.66,-4.16],[77.73,-4.2],[77.84,-4.2],[77.87,-4.23],[77.87,-4.28],[77.98,-4.3],[78.05,-4.28],[78.09,-4.23],[78.09,-4.2],[78.13,-4.2],[78.2,-4.28],[78.2,-4.3],[78.23,-4.3],[78.23,-4.28],[78.31,-4.21],[78.38,-4.21],[78.41,-4.2],[78.81,-4.2],[79.02,-4.18],[79.06,-4.15],[79.06,-3.9],[79.1,-3.86],[79.1,-3.8],[79.17,-3.77],[79.17,-3.73],[79.13,-3.73],[79.13,-3.7],[79.1,-3.7],[79.1,-3.67],[79.06,-3.63],[79.06,-3.45],[79.13,-3.4],[79.2,-3.4],[79.24,-3.38],[79.24,-3.35],[79.28,-3.32],[79.28,-3.13],[79.31,-3.1],[79.38,-3.1],[79.46,-3.08],[79.46,-3.03],[79.53,-3.0],[79.6,-3.0],[79.67,-2.97],[79.67,-2.92],[79.6,-2.88],[79.56,-2.88],[79.56,-2.83],[79.67,-2.8],[79.89,-2.8],[80.0,-2.78],[80.07,-2.75],[80.07,-2.63],[80.14,-2.6],[80.25,-2.58],[80.25,-2.57],[80.28,-2.55],[80.21,-2.5],[80.14,-2.5],[80.14,-2.48],[80.07,-2.48],[80.07,-2.42],[80.03,-2.4],[79.96,-2.4],[79.92,-2.38],[79.85,-2.32],[79.85,-2.27],[79.89,-2.2],[79.96,-2.07],[80.03,-1.98],[80.1,-1.9],[80.14,-1.88],[80.14,-1.8],[80.07,-1.77],[80.0,-1.68],[80.0,-1.65],[79.96,-1.63],[80.0,-1.6],[80.14,-1.6],[80.28,-1.55],[80.28,-1.52],[80.32,-1.5],[80.32,-1.48],[80.39,-1.42],[80.46,-1.4],[80.5,-1.37],[80.61,-1.27],[80.61,-1.25],[80.64,-1.22],[80.57,-1.2],[80.5,-1.2],[80.43,-1.18],[80.36,-1.17],[80.36,-1.13],[80.28,-1.1],[80.14,-1.1],[80.07,-1.08],[79.96,-1.05],[79.92,-1.0],[79.85,-0.95],[79.85,-0.93],[79.74,-0.9],[79.31,-0.9],[79.28,-0.88],[79.2,-0.88],[79.17,-0.87],[79.17,-0.73],[79.24,-0.7],[79.31,-0.7],[79.35,-0.72],[79.35,-0.75],[79.38,-0.75],[79.38,-0.77],[79.46,-0.78],[79.53,-0.78],[79.56,-0.8],[79.74,-0.8],[79.82,-0.82],[79.85,-0.83],[79.89,-0.88],[79.96,-0.9],[80.07,-0.87],[80.1,-0.83],[80.1,-0.8],[80.14,-0.8],[80.14,-0.85],[80.21,-0.87],[80.25,-0.9],[80.32,-0.9],[80.36,-0.92],[80.36,-0.97],[80.43,-0.98],[80.5,-0.98],[80.5,-1.0],[80.64,-1.0],[80.72,-1.03],[80.75,-1.07],[80.86,-1.1],[80.97,-1.1],[81.04,-1.13],[81.04,-1.17],[81.08,-1.17],[81.08,-1.2],[81.11,-1.18],[81.11,-1.15],[81.18,-1.1],[81.26,-1.1],[81.33,-1.07],[81.33,-0.93],[81.29,-0.9],[81.22,-0.9],[81.11,-0.82],[81.08,-0.8],[81.08,-0.77],[81.04,-0.75],[81.08,-0.7],[81.18,-0.62],[81.18,-0.58],[81.22,-0.57],[81.22,-0.52],[81.18,-0.48],[81.15,-0.47],[81.15,-0.42],[81.18,-0.42],[81.18,-0.38],[81.22,-0.37],[81.22,-0.18],[81.18,-0.13],[81.18,-0.08],[81.15,-0.05],[81.08,-0.02],[81.08,0.03],[81.04,0.05],[81.04,0.13],[80.97,0.2],[80.9,0.2],[80.82,0.16],[80.82,0.13],[80.79,0.13],[80.79,0.1],[80.75,0.11],[80.75,0.15],[80.72,0.16],[80.72,0.18],[80.68,0.18],[80.68,0.2],[80.57,0.2],[80.57,0.21],[80.54,0.21],[80.54,0.26],[80.61,0.33],[80.72,0.38],[80.79,0.38],[80.82,0.4],[81.0,0.4],[81.04,0.41],[81.08,0.41],[81.18,0.43],[81.26,0.45],[81.26,0.46],[81.33,0.55],[81.33,0.56],[81.29,0.6],[81.15,0.6],[81.08,0.61],[81.04,0.63],[81.04,0.66],[81.0,0.7],[80.9,0.7],[80.86,0.71],[80.86,0.75],[80.82,0.75],[80.82,0.85],[80.79,0.86],[80.79,0.91],[80.72,0.95],[80.68,0.98],[80.68,1.01],[80.64,1.05],[80.64,1.15],[80.61,1.2],[80.61,1.25],[80.57,1.31],[80.5,1.36],[80.5,1.43],[80.39,1.5],[80.32,1.5],[80.28,1.51],[80.28,1.58],[80.32,1.6],[80.5,1.6],[80.54,1.56],[80.54,1.51],[80.68,1.5],[80.9,1.5],[80.93,1.51],[81.0,1.51],[81.04,1.51],[81.04,1.55],[80.97,1.61],[80.97,1.65],[80.82,1.7],[80.75,1.71],[80.72,1.75],[80.75,1.75],[80.75,1.78],[80.82,1.78],[81.0,1.78],[81.08,1.81],[81.15,1.85],[81.15,1.88],[81.18,1.9],[81.33,1.9],[81.4,1.91],[81.44,1.95],[81.44,2.13],[81.47,2.15],[81.47,2.18],[81.51,2.23],[81.58,2.28],[81.58,2.31],[81.62,2.33],[81.62,2.46],[81.54,2.5],[81.26,2.5],[81.15,2.53],[81.15,2.6],[81.11,2.65],[81.11,2.7],[81.04,2.73],[81.04,2.78],[81.11,2.8],[81.11,2.76],[81.15,2.73],[81.26,2.7],[81.33,2.7],[81.47,2.73],[81.54,2.76],[81.65,2.86],[81.8,2.93],[81.8,2.95],[81.87,2.96],[81.9,3.0],[81.9,3.05],[81.94,3.06],[81.87,3.1],[81.87,3.13],[81.83,3.13],[81.83,3.16],[81.9,3.2],[81.9,3.16],[81.94,3.11],[81.98,3.1],[82.01,3.11],[82.01,3.15],[82.05,3.16],[82.05,3.23],[82.01,3.26],[82.01,3.28],[81.94,3.3],[81.76,3.3],[81.69,3.31],[81.62,3.36],[81.62,3.38],[81.58,3.4],[81.44,3.4],[81.33,3.41],[81.33,3.46],[81.22,3.5],[80.93,3.5],[80.86,3.53],[80.86,3.56],[80.82,3.58],[80.82,3.79],[81.41,3.79],[81.44,3.76],[81.44,3.73],[81.47,3.73],[81.54,3.68],[81.72,3.68],[81.8,3.73],[81.83,3.73],[81.83,3.76],[81.89,3.79],[86.38,3.79]],[[82.95,-1.75],[82.88,-1.7],[82.73,-1.7],[82.52,-1.75],[82.48,-1.78],[82.48,-1.82],[82.44,-1.83],[82.48,-1.87],[82.48,-1.9],[82.55,-1.98],[82.62,-2.02],[82.66,-2.07],[82.73,-2.08],[82.8,-2.1],[82.88,-2.1],[82.95,-2.08],[83.02,-2.07],[83.06,-2.03],[83.13,-1.95],[83.13,-1.85],[83.06,-1.8],[82.95,-1.78],[82.95,-1.75]],[[83.24,-2.05],[83.24,-2.02],[83.2,-2.0],[83.13,-2.02],[83.13,-2.08],[83.16,-2.08],[83.24,-2.08],[83.24,-2.05]],[[83.63,-2.05],[83.63,-2.02],[83.6,-2.0],[83.49,-2.0],[83.42,-2.02],[83.34,-2.05],[83.24,-2.13],[83.24,-2.17],[83.27,-2.18],[83.27,-2.2],[83.31,-2.23],[83.31,-2.28],[83.27,-2.33],[83.2,-2.37],[82.98,-2.4],[82.91,-2.4],[82.84,-2.38],[82.73,-2.35],[82.66,-2.28],[82.59,-2.2],[82.52,-2.17],[82.44,-2.1],[82.37,-2.1],[82.34,-2.12],[82.34,-2.17],[82.26,-2.18],[82.19,-2.18],[82.12,-2.2],[82.05,-2.2],[81.98,-2.18],[81.9,-2.18],[81.83,-2.17],[81.83,-2.12],[81.8,-2.1],[81.69,-2.1],[81.65,-2.12],[81.65,-2.18],[81.62,-2.2],[81.62,-2.38],[81.58,-2.38],[81.58,-2.42],[81.54,-2.43],[81.62,-2.55],[81.76,-2.68],[81.83,-2.75],[81.94,-2.8],[82.01,-2.8],[82.01,-2.83],[82.05,-2.83],[82.05,-2.87],[82.12,-2.88],[82.19,-2.88],[82.23,-2.9],[82.41,-2.9],[82.48,-2.92],[82.55,-2.97],[82.55,-2.98],[82.62,-3.0],[82.7,-3.0],[82.7,-3.03],[82.73,-3.05],[82.73,-3.18],[82.77,-3.25],[82.77,-3.3],[82.84,-3.38],[82.91,-3.4],[82.91,-3.37],[82.95,-3.33],[83.02,-3.3],[83.16,-3.3],[83.2,-3.3],[83.27,-3.3],[83.31,-3.27],[83.34,-3.27],[83.34,-3.22],[83.42,-3.2],[83.56,-3.2],[83.63,-3.18],[83.63,-3.15],[83.6,-3.12],[83.6,-3.08],[83.52,-3.05],[83.45,-2.98],[83.45,-2.9],[83.52,-2.9],[83.6,-2.88],[83.63,-2.85],[83.7,-2.78],[83.7,-2.72],[83.74,-2.65],[83.7,-2.58],[83.7,-2.5],[83.6,-2.42],[83.56,-2.37],[83.56,-2.3],[83.52,-2.25],[83.52,-2.15],[83.6,-2.08],[83.63,-2.08],[83.63,-2.05]],[[80.54,-2.53],[80.5,-2.5],[80.43,-2.5],[80.39,-2.52],[80.36,-2.57],[80.36,-2.67],[80.39,-2.68],[80.39,-2.7],[80.46,-2.67],[80.5,-2.6],[80.5,-2.58],[80.54,-2.53]],[[74.06,-3.65],[74.06,-3.6],[73.99,-3.6],[73.95,-3.63],[73.95,-3.67],[73.99,-3.68],[73.99,-3.7],[74.06,-3.7],[74.06,-3.65]],[[74.45,-4.35],[74.45,-4.3],[74.38,-4.3],[74.38,-4.33],[74.35,-4.35],[74.38,-4.36],[74.38,-4.4],[74.45,-4.4],[74.45,-4.35]],[[85.65,-4.35],[85.65,-4.31],[85.58,-4.31],[85.54,-4.36],[85.47,-4.4],[85.4,-4.48],[85.32,-4.55],[85.29,-4.6],[85.25,-4.65],[85.25,-4.7],[85.32,-4.7],[85.36,-4.7],[85.43,-4.7],[85.5,-4.7],[85.54,-4.66],[85.54,-4.61],[85.61,-4.6],[85.72,-4.56],[85.83,-4.48],[85.83,-4.41],[85.79,-4.4],[85.72,-4.4],[85.65,-4.4],[85.65,-4.35]],[[76.0,-4.46],[75.93,-4.4],[75.89,-4.4],[75.89,-4.43],[75.86,-4.46],[75.86,-4.56],[75.79,-4.6],[75.68,-4.61],[75.68,-4.66],[75.64,-4.66],[75.64,-4.7],[75.57,-4.7],[75.5,-4.7],[75.46,-4.73],[75.46,-4.76],[75.39,-4.8],[75.32,-4.81],[75.21,-4.81],[75.14,-4.8],[75.07,-4.76],[75.07,-4.71],[74.99,-4.7],[74.99,-4.73],[74.96,-4.75],[74.96,-4.86],[74.89,-4.9],[74.78,-4.91],[74.78,-5.01],[74.74,-5.03],[74.74,-5.1],[74.67,-5.11],[74.67,-5.18],[74.71,-5.2],[74.71,-5.21],[74.89,-5.3],[74.99,-5.31],[75.1,-5.31],[75.25,-5.28],[75.25,-5.2],[75.28,-5.15],[75.28,-5.0],[75.35,-5.01],[75.35,-5.13],[75.39,-5.16],[75.39,-5.2],[75.46,-5.2],[75.46,-5.16],[75.5,-5.13],[75.5,-5.11],[75.53,-5.11],[75.53,-5.13],[75.57,-5.15],[75.57,-5.18],[75.61,-5.2],[75.68,-5.15],[75.71,-5.1],[75.79,-5.03],[75.86,-5.0],[75.89,-5.0],[75.97,-4.98],[75.97,-4.93],[76.04,-4.9],[76.15,-4.9],[76.25,-4.88],[76.25,-4.61],[76.25,-4.6],[76.25,-4.5],[76.33,-4.5],[76.33,-4.43],[76.29,-4.4],[76.15,-4.4],[76.07,-4.43],[76.04,-4.46],[76.04,-4.5],[76.0,-4.5],[76.0,-4.46]],[[85.14,-4.45],[85.14,-4.41],[85.11,-4.4],[85.04,-4.41],[85.04,-4.5],[85.11,-4.5],[85.14,-4.48],[85.14,-4.45]],[[76.72,-4.81],[76.72,-4.71],[76.69,-4.7],[76.58,-4.7],[76.54,-4.71],[76.54,-4.76],[76.65,-4.86],[76.65,-4.88],[76.72,-4.9],[76.72,-4.81]],[[85.72,-5.21],[85.72,-5.11],[85.65,-5.11],[85.65,-5.28],[85.72,-5.3],[85.72,-5.21]],[[85.54,-6.75],[85.54,-6.71],[85.5,-6.71],[85.43,-6.71],[85.43,-6.78],[85.5,-6.81],[85.54,-6.78],[85.54,-6.75]],[[76.94,-8.21],[76.94,-8.13],[76.9,-8.11],[76.87,-8.11],[76.76,-8.21],[76.76,-8.23],[76.72,-8.28],[76.83,-8.31],[76.9,-8.29],[76.9,-8.26],[76.94,-8.24],[76.94,-8.21]],[[73.45,-8.31],[73.45,-8.21],[73.37,-8.23],[73.34,-8.28],[73.27,-8.33],[73.27,-8.39],[73.37,-8.39],[73.45,-8.38],[73.45,-8.31]],[[76.43,-8.91],[76.43,-8.84],[76.36,-8.81],[76.22,-8.81],[76.18,-8.83],[76.18,-8.98],[76.22,-8.99],[76.36,-8.99],[76.43,-8.94],[76.43,-8.91]],[[76.61,-9.04],[76.61,-9.01],[76.54,-9.01],[76.54,-9.09],[76.61,-9.09],[76.61,-9.04]]]}},{"type":"Feature","properties":{"precip":20},"geometry":{"type":"Polygon","coordinates":[[[82.95,-2.85],[82.95,-2.82],[82.98,-2.8],[83.09,-2.8],[83.13,-2.82],[83.13,-2.88],[83.06,-2.88],[83.06,-2.9],[82.95,-2.88],[82.95,-2.85]]]}},{"type":"Feature","properties":{"precip":20},"geometry":{"type":"Polygon","coordinates":[[[83.24,-2.95],[83.24,-2.92],[83.31,-2.9],[83.34,-2.93],[83.34,-2.97],[83.31,-2.98],[83.31,-3.0],[83.24,-2.98],[83.24,-2.95]]]}},{"type":"Feature","properties":{"precip":20},"geometry":{"type":"Polygon","coordinates":[[[9.71,3.79],[9.74,3.78],[9.74,3.73],[9.81,3.68],[9.92,3.68],[9.95,3.66],[9.95,3.63],[10.06,3.6],[10.24,3.6],[10.35,3.56],[10.35,3.46],[10.42,3.36],[10.46,3.36],[10.53,3.28],[10.53,3.21],[10.46,3.2],[10.38,3.16],[10.28,3.1],[10.24,3.05],[10.2,3.01],[10.2,2.96],[10.17,2.93],[10.17,2.85],[10.13,2.78],[10.13,2.55],[10.1,2.5],[10.06,2.5],[10.06,2.4],[10.02,2.36],[10.02,2.33],[9.99,2.31],[9.99,2.28],[9.92,2.25],[9.92,2.21],[9.88,2.2],[9.88,2.16],[9.84,2.15],[9.84,2.05],[9.81,2.03],[9.74,2.0],[9.7,2.0],[9.63,2.03],[9.63,2.08],[9.59,2.1],[9.56,2.08],[9.56,2.05],[9.52,2.01],[9.45,2.01],[9.45,2.0],[9.34,2.0],[9.3,1.96],[9.2,1.91],[9.2,1.88],[9.09,1.81],[9.05,1.83],[9.05,1.86],[9.02,1.9],[8.94,1.9],[8.87,1.86],[8.84,1.85],[8.84,1.73],[8.76,1.7],[8.69,1.7],[8.66,1.71],[8.66,1.75],[8.58,1.78],[8.51,1.78],[8.44,1.83],[8.44,1.86],[8.37,1.88],[8.37,1.9],[8.15,1.9],[8.04,1.86],[8.04,1.75],[7.97,1.7],[7.9,1.7],[7.83,1.75],[7.83,1.78],[7.79,1.78],[7.72,1.78],[7.65,1.83],[7.65,1.85],[7.61,1.86],[7.61,1.9],[7.54,1.86],[7.54,1.83],[7.47,1.81],[7.47,1.85],[7.36,1.9],[7.22,1.9],[7.14,1.86],[7.14,1.75],[7.07,1.7],[7.0,1.7],[6.93,1.65],[6.93,1.61],[6.89,1.6],[6.82,1.6],[6.75,1.63],[6.75,1.65],[6.68,1.7],[6.53,1.7],[6.46,1.73],[6.42,1.75],[6.46,1.76],[6.46,1.78],[6.53,1.81],[6.53,1.95],[6.57,1.96],[6.57,2.0],[6.6,2.0],[6.6,2.03],[6.64,2.05],[6.64,2.25],[6.68,2.26],[6.68,2.3],[6.71,2.3],[6.82,2.33],[6.89,2.4],[6.93,2.45],[6.93,2.5],[6.96,2.55],[6.96,2.56],[7.0,2.6],[7.07,2.66],[7.07,2.68],[7.14,2.66],[7.14,2.63],[7.22,2.6],[7.29,2.6],[7.32,2.56],[7.32,2.5],[7.36,2.48],[7.36,2.41],[7.4,2.4],[7.43,2.41],[7.43,2.46],[7.5,2.5],[7.65,2.5],[7.76,2.55],[7.76,2.56],[7.83,2.6],[8.01,2.6],[8.08,2.6],[8.15,2.65],[8.15,2.66],[8.26,2.7],[8.51,2.7],[8.62,2.73],[8.62,2.76],[8.66,2.76],[8.66,2.86],[8.73,2.9],[8.91,2.9],[8.98,2.91],[9.05,2.95],[9.05,2.98],[9.09,3.0],[9.2,3.0],[9.23,3.01],[9.23,3.08],[9.16,3.1],[9.02,3.1],[8.94,3.06],[8.94,3.03],[8.91,3.03],[8.84,3.0],[8.66,3.0],[8.62,3.01],[8.55,3.01],[8.55,3.06],[8.66,3.15],[8.73,3.26],[8.8,3.3],[8.84,3.36],[8.91,3.4],[8.98,3.48],[9.02,3.51],[9.02,3.55],[9.05,3.56],[9.05,3.58],[9.02,3.6],[8.91,3.6],[8.84,3.63],[8.84,3.66],[8.87,3.68],[8.94,3.68],[9.02,3.73],[9.05,3.76],[9.05,3.79],[8.79,3.79],[8.76,3.78],[8.76,3.71],[8.73,3.68],[8.73,3.55],[8.69,3.51],[8.69,3.48],[8.62,3.45],[8.62,3.41],[8.58,3.4],[8.58,3.36],[8.55,3.36],[8.55,3.26],[8.51,3.23],[8.51,3.2],[8.48,3.2],[8.4,3.26],[8.4,3.3],[8.37,3.3],[8.37,3.26],[8.3,3.21],[8.22,3.21],[8.15,3.2],[8.08,3.2],[8.01,3.21],[7.94,3.26],[7.94,3.28],[7.86,3.3],[7.72,3.36],[7.68,3.38],[7.68,3.41],[7.65,3.45],[7.65,3.46],[7.72,3.5],[7.72,3.53],[7.76,3.55],[7.72,3.56],[7.65,3.6],[7.54,3.6],[7.47,3.63],[7.43,3.66],[7.43,3.78],[7.41,3.79],[9.71,3.79]],[[8.94,3.26],[8.94,3.28],[8.87,3.3],[8.84,3.28],[8.84,3.23],[8.87,3.2],[8.94,3.21],[8.94,3.26]],[[9.34,2.6],[9.34,2.66],[9.27,2.7],[9.27,2.66],[9.23,2.65],[9.23,2.56],[9.27,2.55],[9.27,2.5],[9.3,2.5],[9.34,2.53],[9.34,2.6]],[[7.14,2.56],[7.14,2.58],[7.07,2.6],[7.04,2.58],[7.04,2.53],[7.07,2.5],[7.14,2.51],[7.14,2.56]],[[7.94,2.46],[7.94,2.48],[7.9,2.5],[7.79,2.5],[7.76,2.48],[7.76,2.41],[7.79,2.4],[7.86,2.4],[7.94,2.43],[7.94,2.46]]]}},{"type":"Feature","properties":{"precip":20},"geometry":{"type":"Polygon","coordinates":[[[13.85,3.79],[13.84,3.78],[13.84,3.76],[13.88,3.73],[13.95,3.68],[13.98,3.68],[14.06,3.73],[14.06,3.76],[14.12,3.79],[14.36,3.79],[14.45,3.76],[14.45,3.65],[14.42,3.63],[14.42,3.6],[14.34,3.56],[14.34,3.45],[14.31,3.41],[14.31,3.38],[14.24,3.35],[14.13,3.3],[14.06,3.31],[14.06,3.36],[13.98,3.4],[13.84,3.4],[13.77,3.41],[13.77,3.51],[13.73,3.56],[13.73,3.79],[13.44,3.79],[13.44,3.56],[13.41,3.55],[13.41,3.48],[13.37,3.46],[13.3,3.41],[13.26,3.41],[13.26,3.51],[13.23,3.55],[13.23,3.58],[13.16,3.63],[13.16,3.66],[13.19,3.66],[13.19,3.71],[13.26,3.78],[13.28,3.79],[12.22,3.79],[12.26,3.76],[12.26,3.75],[12.22,3.71],[12.15,3.68],[12.08,3.73],[12.0,3.79],[13.85,3.79]]]}},{"type":"Feature","properties":{"precip":20},"geometry":{"type":"Polygon","coordinates":[[[79.9,3.79],[79.96,3.76],[79.96,3.63],[79.85,3.6],[79.67,3.6],[79.56,3.56],[79.56,3.53],[79.49,3.5],[79.42,3.5],[79.38,3.51],[79.38,3.56],[79.35,3.56],[79.35,3.58],[79.31,3.6],[79.2,3.6],[79.17,3.58],[79.17,3.53],[79.06,3.5],[78.95,3.5],[78.88,3.48],[78.88,3.36],[78.85,3.36],[78.85,3.33],[78.77,3.3],[78.59,3.3],[78.49,3.31],[78.41,3.35],[78.34,3.38],[78.27,3.46],[78.23,3.46],[78.23,3.5],[78.2,3.53],[78.2,3.56],[78.16,3.58],[78.16,3.66],[78.09,3.68],[78.05,3.68],[77.98,3.73],[77.98,3.79],[79.9,3.79]]]}},{"type":"Feature","properties":{"precip":20},"geometry":{"type":"Polygon","coordinates":[[[68.37,3.79],[68.37,3.78],[68.33,3.76],[68.33,3.71],[68.3,3.68],[68.23,3.68],[68.15,3.73],[68.15,3.78],[68.2,3.79],[68.37,3.79]]]}},{"type":"Feature","properties":{"precip":20},"geometry":{"type":"Polygon","coordinates":[[[18.89,3.79],[18.95,3.76],[18.95,3.63],[18.91,3.6],[18.88,3.6],[18.88,3.56],[18.84,3.55],[18.84,3.41],[18.81,3.4],[18.73,3.41],[18.73,3.48],[18.66,3.46],[18.66,3.45],[18.59,3.41],[18.52,3.4],[18.45,3.4],[18.37,3.41],[18.37,3.46],[18.34,3.46],[18.34,3.56],[18.27,3.6],[18.19,3.6],[18.12,3.55],[18.09,3.53],[17.94,3.65],[17.91,3.68],[17.83,3.76],[17.76,3.76],[17.76,3.75],[17.73,3.73],[17.73,3.68],[17.69,3.68],[17.65,3.73],[17.65,3.76],[17.62,3.76],[17.62,3.79],[17.58,3.79],[17.58,3.76],[17.55,3.76],[17.55,3.73],[17.47,3.68],[17.47,3.76],[17.51,3.78],[17.51,3.79],[18.89,3.79]],[[18.34,3.76],[18.34,3.79],[18.27,3.79],[18.27,3.68],[18.34,3.71],[18.34,3.76]]]}},{"type":"Feature","properties":{"precip":20},"geometry":{"type":"Polygon","coordinates":[[[71.45,3.79],[71.47,3.78],[71.47,3.75],[71.39,3.68],[71.32,3.68],[71.25,3.65],[71.29,3.6],[71.36,3.56],[71.36,3.55],[71.32,3.5],[71.25,3.46],[71.25,3.41],[71.18,3.41],[71.18,3.45],[71.14,3.46],[71.14,3.48],[71.07,3.46],[71.03,3.41],[71.0,3.41],[70.89,3.5],[70.89,3.53],[70.78,3.58],[70.78,3.56],[70.75,3.51],[70.71,3.5],[70.67,3.51],[70.67,3.66],[70.71,3.68],[70.78,3.68],[70.85,3.75],[70.9,3.79],[71.45,3.79]]]}},{"type":"Feature","properties":{"precip":20},"geometry":{"type":"Polygon","coordinates":[[[16.65,3.68],[16.65,3.76],[16.71,3.79],[16.72,3.79],[16.72,3.76],[16.75,3.76],[16.75,3.65],[16.72,3.63],[16.72,3.6],[16.68,3.6],[16.65,3.63],[16.65,3.68]]]}},{"type":"Feature","properties":{"precip":20},"geometry":{"type":"Polygon","coordinates":[[[16.86,3.76],[16.86,3.79],[16.93,3.79],[16.93,3.68],[16.86,3.71],[16.86,3.76]]]}},{"type":"Feature","properties":{"precip":20},"geometry":{"type":"Polygon","coordinates":[[[17.26,3.76],[17.26,3.79],[17.33,3.79],[17.33,3.76],[17.37,3.75],[17.33,3.73],[17.33,3.68],[17.26,3.71],[17.26,3.76]]]}},{"type":"Feature","properties":{"precip":20},"geometry":{"type":"Polygon","coordinates":[[[11.86,3.66],[11.86,3.68],[11.93,3.68],[11.93,3.6],[11.86,3.6],[11.86,3.66]]]}},{"type":"Feature","properties":{"precip":20},"geometry":{"type":"Polygon","coordinates":[[[12.76,3.56],[12.83,3.66],[12.9,3.68],[12.94,3.68],[12.94,3.56],[12.98,3.55],[12.98,3.5],[13.01,3.46],[13.05,3.46],[13.05,3.45],[13.01,3.41],[12.94,3.36],[12.94,3.3],[12.98,3.26],[12.98,3.23],[13.05,3.2],[13.12,3.2],[13.16,3.15],[13.12,3.13],[13.12,3.1],[13.01,3.01],[12.94,3.05],[12.94,3.06],[12.9,3.08],[12.9,3.11],[12.87,3.13],[12.87,3.21],[12.83,3.25],[12.83,3.36],[12.8,3.4],[12.72,3.4],[12.65,3.36],[12.65,3.28],[12.62,3.26],[12.62,3.23],[12.54,3.15],[12.54,3.13],[12.44,3.06],[12.36,2.95],[12.36,2.9],[12.33,2.86],[12.36,2.81],[12.44,2.78],[12.44,2.66],[12.47,2.65],[12.47,2.6],[12.51,2.6],[12.58,2.6],[12.65,2.55],[12.65,2.25],[12.69,2.21],[12.72,2.2],[12.94,2.2],[13.05,2.15],[13.05,2.05],[13.01,2.01],[12.94,2.0],[12.65,2.0],[12.54,1.95],[12.54,1.93],[12.58,1.9],[12.65,1.9],[12.72,1.88],[12.8,1.83],[12.8,1.78],[12.83,1.73],[12.83,1.6],[12.87,1.58],[12.87,1.51],[12.94,1.48],[12.94,1.35],[12.87,1.26],[12.76,1.23],[12.65,1.2],[12.51,1.2],[12.4,1.21],[12.26,1.25],[12.18,1.33],[12.11,1.38],[12.08,1.43],[12.08,1.45],[12.04,1.48],[12.04,1.58],[12.0,1.58],[11.86,1.65],[11.79,1.73],[11.72,1.78],[11.64,1.88],[11.64,1.98],[11.57,2.0],[11.57,2.08],[11.54,2.11],[11.54,2.25],[11.5,2.33],[11.43,2.48],[11.32,2.56],[11.28,2.58],[11.21,2.53],[11.18,2.55],[11.07,2.6],[11.0,2.73],[10.96,2.8],[10.96,2.9],[11.03,3.05],[11.1,3.13],[11.25,3.25],[11.36,3.3],[11.39,3.3],[11.43,3.33],[11.43,3.46],[11.46,3.48],[11.46,3.6],[11.54,3.56],[11.54,3.55],[11.61,3.48],[11.68,3.4],[11.75,3.33],[11.82,3.26],[11.9,3.25],[11.93,3.21],[12.0,3.21],[12.08,3.26],[12.11,3.31],[12.11,3.35],[12.15,3.38],[12.15,3.46],[12.11,3.5],[12.08,3.5],[12.04,3.53],[12.04,3.56],[12.08,3.6],[12.18,3.6],[12.33,3.56],[12.36,3.55],[12.44,3.46],[12.47,3.41],[12.54,3.41],[12.65,3.46],[12.69,3.5],[12.76,3.56]],[[11.75,2.7],[11.75,2.75],[11.72,2.76],[11.72,2.78],[11.68,2.8],[11.61,2.8],[11.57,2.78],[11.57,2.76],[11.54,2.75],[11.54,2.66],[11.57,2.65],[11.57,2.6],[11.61,2.6],[11.68,2.6],[11.72,2.6],[11.72,2.65],[11.75,2.66],[11.75,2.7]]]}},{"type":"Feature","properties":{"precip":20},"geometry":{"type":"Polygon","coordinates":[[[14.56,3.66],[14.56,3.68],[14.63,3.68],[14.78,3.68],[14.85,3.66],[14.85,3.63],[14.92,3.6],[14.99,3.6],[15.03,3.58],[15.03,3.56],[15.06,3.55],[15.06,3.41],[15.1,3.41],[15.1,3.38],[15.17,3.35],[15.28,3.3],[15.32,3.3],[15.35,3.33],[15.35,3.38],[15.42,3.4],[15.42,3.36],[15.46,3.35],[15.46,3.26],[15.42,3.25],[15.42,3.21],[15.39,3.2],[15.28,3.2],[15.24,3.16],[15.24,3.13],[15.1,3.1],[14.92,3.1],[14.85,3.11],[14.74,3.15],[14.67,3.23],[14.67,3.26],[14.63,3.33],[14.63,3.38],[14.6,3.4],[14.52,3.4],[14.45,3.41],[14.45,3.48],[14.49,3.5],[14.6,3.5],[14.63,3.51],[14.63,3.6],[14.56,3.61],[14.56,3.66]]]}},{"type":"Feature","properties":{"precip":20},"geometry":{"type":"Polygon","coordinates":[[[10.64,3.56],[10.64,3.58],[10.67,3.6],[10.74,3.58],[10.74,3.51],[10.67,3.5],[10.64,3.53],[10.64,3.56]]]}},{"type":"Feature","properties":{"precip":20},"geometry":{"type":"Polygon","coordinates":[[[30.04,3.41],[30.07,3.46],[30.14,3.5],[30.18,3.5],[30.25,3.46],[30.25,3.26],[30.22,3.21],[30.18,3.2],[30.11,3.21],[30.0,3.3],[30.0,3.33],[29.96,3.36],[30.0,3.36],[30.0,3.4],[30.04,3.41]]]}},{"type":"Feature","properties":{"precip":20},"geometry":{"type":"Polygon","coordinates":[[[67.83,3.41],[67.83,3.45],[67.97,3.5],[68.08,3.5],[68.15,3.46],[68.15,3.35],[68.08,3.3],[68.01,3.3],[67.97,3.28],[67.97,3.21],[68.01,3.2],[68.12,3.2],[68.15,3.18],[68.15,3.15],[68.12,3.13],[68.12,3.1],[68.05,3.03],[67.97,3.01],[67.97,3.06],[67.83,3.11],[67.76,3.16],[67.76,3.33],[67.83,3.41]]]}},{"type":"Feature","properties":{"precip":20},"geometry":{"type":"Polygon","coordinates":[[[15.64,3.26],[15.64,3.36],[15.68,3.4],[15.75,3.36],[15.82,3.28],[15.89,3.23],[15.93,3.18],[15.93,3.11],[15.85,3.1],[15.75,3.1],[15.68,3.13],[15.64,3.16],[15.64,3.26]]]}},{"type":"Feature","properties":{"precip":20},"geometry":{"type":"Polygon","coordinates":[[[77.98,3.26],[78.05,3.36],[78.13,3.4],[78.16,3.38],[78.16,3.25],[78.09,3.2],[78.02,3.2],[77.95,3.15],[77.95,3.11],[77.91,3.1],[77.87,3.11],[77.91,3.15],[77.91,3.2],[77.95,3.21],[77.95,3.25],[77.98,3.26]]]}},{"type":"Feature","properties":{"precip":20},"geometry":{"type":"Polygon","coordinates":[[[69.27,3.2],[69.27,3.26],[69.34,3.3],[69.45,3.26],[69.49,3.21],[69.56,3.16],[69.63,3.05],[69.67,2.98],[69.67,2.85],[69.74,2.8],[69.95,2.8],[70.03,2.78],[70.06,2.76],[70.06,2.55],[70.1,2.53],[70.1,2.5],[70.13,2.48],[70.13,2.41],[70.1,2.4],[70.1,2.36],[69.99,2.31],[69.95,2.33],[69.95,2.38],[69.92,2.4],[69.85,2.33],[69.85,2.21],[69.77,2.21],[69.77,2.38],[69.74,2.41],[69.74,2.48],[69.67,2.5],[69.56,2.55],[69.52,2.58],[69.45,2.65],[69.38,2.78],[69.38,2.86],[69.34,2.93],[69.34,3.08],[69.27,3.11],[69.27,3.2]]]}},{"type":"Feature","properties":{"precip":20},"geometry":{"type":"Polygon","coordinates":[[[-13.36,3.15],[-13.34,3.15],[-13.34,2.95],[-13.3,2.93],[-13.3,2.9],[-13.26,2.86],[-13.26,2.81],[-13.34,2.76],[-13.36,2.75],[-13.36,3.15]]]}},{"type":"Feature","properties":{"precip":20},"geometry":{"type":"Polygon","coordinates":[[[14.13,3.13],[14.13,3.15],[14.2,3.18],[14.2,3.2],[14.27,3.2],[14.31,3.18],[14.42,3.1],[14.42,3.06],[14.45,3.03],[14.45,2.96],[14.42,2.95],[14.42,2.9],[14.34,2.85],[14.24,2.8],[14.24,2.81],[14.16,2.85],[14.09,2.9],[14.06,2.95],[14.06,3.06],[14.09,3.06],[14.09,3.11],[14.13,3.13]]]}},{"type":"Feature","properties":{"precip":20},"geometry":{"type":"Polygon","coordinates":[[[17.51,3.03],[17.62,3.1],[17.65,3.08],[17.65,3.03],[17.62,3.0],[17.58,3.0],[17.58,2.96],[17.55,2.95],[17.55,2.73],[17.47,2.7],[17.4,2.7],[17.37,2.71],[17.37,2.8],[17.44,2.81],[17.44,2.91],[17.47,2.93],[17.47,3.0],[17.51,3.03]]]}},{"type":"Feature","properties":{"precip":20},"geometry":{"type":"Polygon","coordinates":[[[17.76,3.06],[17.76,3.1],[17.83,3.1],[17.83,3.0],[17.76,3.01],[17.76,3.06]]]}},{"type":"Feature","properties":{"precip":20},"geometry":{"type":"Polygon","coordinates":[[[29.32,3.03],[29.39,3.08],[29.39,3.1],[29.46,3.06],[29.46,2.93],[29.5,2.9],[29.53,2.9],[29.57,2.93],[29.57,3.0],[29.64,3.0],[29.64,2.95],[29.68,2.9],[29.64,2.86],[29.64,2.8],[29.57,2.76],[29.57,2.73],[29.6,2.73],[29.64,2.68],[29.68,2.66],[29.64,2.65],[29.64,2.6],[29.6,2.6],[29.53,2.6],[29.46,2.55],[29.46,2.45],[29.53,2.36],[29.57,2.36],[29.57,2.33],[29.5,2.31],[29.5,2.28],[29.46,2.26],[29.46,2.11],[29.42,2.11],[29.35,2.15],[29.32,2.16],[29.32,2.21],[29.28,2.25],[29.28,2.4],[29.35,2.43],[29.35,2.46],[29.28,2.51],[29.28,2.58],[29.35,2.63],[29.35,2.76],[29.28,2.81],[29.28,2.86],[29.24,2.86],[29.28,2.91],[29.28,3.0],[29.32,3.03]]]}},{"type":"Feature","properties":{"precip":20},"geometry":{"type":"Polygon","coordinates":[[[30.14,3.06],[30.18,3.06],[30.18,3.1],[30.25,3.1],[30.25,3.01],[30.18,3.0],[30.18,3.03],[30.14,3.06]]]}},{"type":"Feature","properties":{"precip":20},"geometry":{"type":"Polygon","coordinates":[[[33.56,3.06],[33.56,3.08],[33.64,3.1],[33.67,3.08],[33.67,3.03],[33.64,3.0],[33.56,3.01],[33.56,3.06]]]}},{"type":"Feature","properties":{"precip":20},"geometry":{"type":"Polygon","coordinates":[[[72.76,2.96],[72.76,3.06],[72.8,3.06],[72.8,3.1],[72.87,3.08],[72.87,3.01],[72.91,3.0],[72.98,3.0],[73.01,2.98],[73.12,2.9],[73.16,2.86],[73.16,2.75],[73.09,2.7],[73.01,2.7],[72.98,2.71],[72.98,2.76],[72.94,2.76],[72.94,2.78],[72.91,2.8],[72.83,2.8],[72.8,2.81],[72.76,2.86],[72.76,2.96]]]}},{"type":"Feature","properties":{"precip":20},"geometry":{"type":"Polygon","coordinates":[[[98.03,3.06],[98.07,3.1],[98.14,3.1],[98.25,3.06],[98.32,3.0],[98.32,2.96],[98.35,2.93],[98.28,2.9],[98.21,2.9],[98.17,2.86],[98.14,2.86],[98.14,2.81],[98.07,2.81],[98.07,2.86],[98.1,2.9],[98.1,2.93],[98.14,2.93],[98.14,2.96],[98.07,3.01],[98.07,3.05],[98.03,3.06]]]}},{"type":"Feature","properties":{"precip":20},"geometry":{"type":"Polygon","coordinates":[[[16.03,2.86],[16.07,2.93],[16.07,2.98],[16.11,3.0],[16.21,3.0],[16.25,2.96],[16.25,2.91],[16.18,2.9],[16.18,2.86],[16.14,2.86],[16.14,2.71],[16.07,2.71],[16.07,2.8],[16.03,2.83],[16.03,2.86]]]}},{"type":"Feature","properties":{"precip":20},"geometry":{"type":"Polygon","coordinates":[[[16.86,2.96],[16.93,3.0],[17.15,3.0],[17.26,2.96],[17.26,2.85],[17.19,2.81],[17.11,2.8],[16.83,2.8],[16.68,2.83],[16.65,2.85],[16.65,2.86],[16.68,2.9],[16.79,2.9],[16.83,2.91],[16.86,2.96]]]}},{"type":"Feature","properties":{"precip":20},"geometry":{"type":"Polygon","coordinates":[[[73.27,2.9],[73.27,2.96],[73.34,3.0],[73.34,2.96],[73.37,2.95],[73.37,2.86],[73.34,2.85],[73.34,2.8],[73.3,2.8],[73.27,2.83],[73.27,2.9]]]}},{"type":"Feature","properties":{"precip":20},"geometry":{"type":"Polygon","coordinates":[[[81.04,2.96],[81.11,3.0],[81.33,3.0],[81.44,2.96],[81.44,2.95],[81.33,2.9],[81.15,2.9],[81.04,2.93],[81.04,2.96]]]}},{"type":"Feature","properties":{"precip":20},"geometry":{"type":"Polygon","coordinates":[[[13.34,2.73],[13.34,2.8],[13.37,2.83],[13.37,2.9],[13.44,2.86],[13.44,2.76],[13.48,2.75],[13.48,2.71],[13.55,2.7],[13.62,2.7],[13.7,2.71],[13.77,2.76],[13.77,2.78],[13.84,2.76],[13.88,2.71],[13.91,2.71],[13.95,2.75],[13.95,2.78],[14.02,2.8],[14.02,2.76],[14.06,2.75],[14.06,2.66],[14.09,2.63],[14.09,2.58],[14.16,2.56],[14.2,2.5],[14.24,2.46],[14.24,2.38],[14.27,2.35],[14.27,2.33],[14.34,2.3],[14.38,2.3],[14.45,2.33],[14.45,2.38],[14.52,2.38],[14.52,2.36],[14.6,2.31],[14.6,2.28],[14.63,2.26],[14.63,2.21],[14.6,2.2],[14.6,2.16],[14.42,2.1],[14.31,2.1],[14.27,2.08],[14.27,2.05],[14.24,2.03],[14.24,1.78],[14.16,1.83],[14.13,1.85],[14.13,1.88],[14.06,1.95],[14.06,2.05],[14.02,2.05],[14.02,2.1],[13.95,2.13],[13.95,2.15],[13.98,2.16],[13.98,2.2],[14.02,2.21],[14.06,2.25],[13.98,2.28],[13.98,2.33],[13.95,2.33],[13.95,2.46],[13.88,2.5],[13.8,2.46],[13.73,2.43],[13.66,2.36],[13.52,2.2],[13.48,2.16],[13.37,2.13],[13.37,2.15],[13.23,2.21],[13.12,2.28],[13.08,2.33],[13.01,2.38],[12.94,2.48],[12.94,2.58],[12.87,2.6],[12.87,2.66],[12.83,2.68],[12.83,2.75],[12.87,2.76],[12.87,2.8],[12.9,2.78],[12.98,2.71],[13.05,2.66],[13.12,2.56],[13.16,2.51],[13.16,2.41],[13.19,2.4],[13.23,2.45],[13.3,2.48],[13.3,2.55],[13.34,2.56],[13.34,2.73]]]}},{"type":"Feature","properties":{"precip":20},"geometry":{"type":"Polygon","coordinates":[[[67.97,2.7],[67.97,2.76],[68.01,2.8],[68.12,2.8],[68.12,2.76],[68.15,2.76],[68.15,2.65],[68.12,2.6],[68.05,2.6],[67.97,2.63],[67.97,2.7]]]}},{"type":"Feature","properties":{"precip":20},"geometry":{"type":"Polygon","coordinates":[[[88.92,2.5],[88.96,2.55],[88.96,2.6],[89.0,2.58],[89.14,2.46],[89.14,2.41],[89.03,2.4],[88.96,2.43],[88.96,2.48],[88.92,2.5]]]}},{"type":"Feature","properties":{"precip":20},"geometry":{"type":"Polygon","coordinates":[[[67.04,2.46],[67.07,2.46],[67.07,2.48],[67.11,2.5],[67.22,2.5],[67.25,2.48],[67.25,2.43],[67.18,2.4],[67.11,2.4],[67.07,2.41],[67.07,2.45],[67.04,2.46]]]}},{"type":"Feature","properties":{"precip":20},"geometry":{"type":"Polygon","coordinates":[[[89.03,2.25],[89.07,2.3],[89.21,2.3],[89.25,2.26],[89.25,2.23],[89.18,2.2],[89.1,2.2],[89.03,2.23],[89.03,2.25]]]}},{"type":"Feature","properties":{"precip":20},"geometry":{"type":"Polygon","coordinates":[[[14.63,1.95],[14.67,1.96],[14.67,2.0],[14.74,2.0],[14.74,1.91],[14.67,1.9],[14.67,1.93],[14.63,1.95]]]}},{"type":"Feature","properties":{"precip":20},"geometry":{"type":"Polygon","coordinates":[[[28.27,1.95],[28.27,2.0],[28.35,2.0],[28.35,1.9],[28.27,1.9],[28.27,1.95]]]}},{"type":"Feature","properties":{"precip":20},"geometry":{"type":"Polygon","coordinates":[[[34.82,1.93],[34.93,2.0],[34.97,1.98],[34.97,1.91],[34.9,1.9],[34.9,1.86],[34.86,1.85],[34.86,1.71],[34.79,1.71],[34.75,1.75],[34.75,1.78],[34.79,1.81],[34.79,1.9],[34.82,1.93]]]}},{"type":"Feature","properties":{"precip":20},"geometry":{"type":"Polygon","coordinates":[[[27.66,1.7],[27.66,1.76],[27.7,1.78],[27.77,1.76],[27.77,1.73],[27.81,1.7],[27.91,1.7],[27.95,1.65],[27.95,1.55],[27.88,1.46],[27.84,1.45],[27.73,1.4],[27.7,1.4],[27.66,1.43],[27.66,1.48],[27.7,1.5],[27.77,1.55],[27.7,1.58],[27.7,1.61],[27.66,1.63],[27.66,1.7]]]}},{"type":"Feature","properties":{"precip":20},"geometry":{"type":"Polygon","coordinates":[[[98.86,1.75],[98.86,1.78],[98.93,1.78],[98.93,1.7],[98.86,1.71],[98.86,1.75]]]}},{"type":"Feature","properties":{"precip":20},"geometry":{"type":"Polygon","coordinates":[[[13.19,1.63],[13.23,1.65],[13.26,1.68],[13.34,1.7],[13.34,1.63],[13.3,1.61],[13.3,1.58],[13.26,1.56],[13.19,1.51],[13.16,1.51],[13.16,1.55],[13.19,1.58],[13.19,1.63]]]}},{"type":"Feature","properties":{"precip":20},"geometry":{"type":"Polygon","coordinates":[[[16.75,1.55],[16.75,1.6],[16.83,1.6],[16.86,1.56],[16.86,1.51],[16.83,1.51],[16.83,1.5],[16.75,1.51],[16.75,1.55]]]}},{"type":"Feature","properties":{"precip":20},"geometry":{"type":"Polygon","coordinates":[[[13.84,1.46],[13.88,1.5],[13.98,1.5],[14.02,1.48],[14.02,1.45],[14.06,1.45],[14.06,1.33],[14.02,1.3],[13.98,1.31],[13.88,1.4],[13.88,1.43],[13.84,1.46]]]}},{"type":"Feature","properties":{"precip":20},"geometry":{"type":"Polygon","coordinates":[[[31.15,1.45],[31.19,1.5],[31.26,1.48],[31.26,1.41],[31.19,1.4],[31.19,1.43],[31.15,1.43],[31.15,1.45]]]}},{"type":"Feature","properties":{"precip":20},"geometry":{"type":"Polygon","coordinates":[[[97.63,1.46],[97.67,1.5],[97.74,1.46],[97.78,1.43],[97.81,1.41],[97.81,1.35],[97.85,1.33],[97.81,1.31],[97.67,1.43],[97.67,1.45],[97.63,1.46]]]}},{"type":"Feature","properties":{"precip":20},"geometry":{"type":"Polygon","coordinates":[[[98.46,1.45],[98.46,1.5],[98.53,1.5],[98.53,1.4],[98.46,1.4],[98.46,1.45]]]}},{"type":"Feature","properties":{"precip":20},"geometry":{"type":"Polygon","coordinates":[[[15.64,1.25],[15.64,1.33],[15.68,1.35],[15.68,1.38],[15.71,1.4],[15.78,1.4],[15.85,1.36],[15.85,1.35],[15.89,1.33],[15.89,1.3],[15.93,1.31],[15.93,1.35],[15.96,1.38],[16.03,1.4],[16.03,1.25],[16.0,1.2],[15.89,1.11],[15.82,1.11],[15.75,1.1],[15.68,1.11],[15.68,1.15],[15.64,1.16],[15.64,1.25]]]}},{"type":"Feature","properties":{"precip":20},"geometry":{"type":"Polygon","coordinates":[[[28.13,1.33],[28.13,1.35],[28.2,1.38],[28.2,1.4],[28.27,1.38],[28.24,1.35],[28.24,1.31],[28.17,1.26],[28.17,1.25],[28.13,1.21],[28.06,1.23],[28.06,1.25],[28.13,1.33]]]}},{"type":"Feature","properties":{"precip":20},"geometry":{"type":"Polygon","coordinates":[[[29.82,1.23],[29.89,1.28],[29.96,1.26],[29.96,1.15],[29.89,1.1],[29.82,1.1],[29.75,1.13],[29.78,1.15],[29.78,1.2],[29.82,1.23]]]}},{"type":"Feature","properties":{"precip":20},"geometry":{"type":"Polygon","coordinates":[[[13.01,1.13],[13.05,1.16],[13.12,1.2],[13.16,1.16],[13.16,1.13],[13.23,1.1],[13.3,1.1],[13.34,1.08],[13.34,0.98],[13.3,0.93],[13.26,0.88],[13.19,0.76],[13.12,0.75],[13.12,0.71],[13.05,0.71],[13.05,0.86],[12.98,0.91],[12.94,0.95],[12.94,1.01],[12.98,1.05],[12.98,1.1],[13.01,1.13]]]}},{"type":"Feature","properties":{"precip":20},"geometry":{"type":"Polygon","coordinates":[[[30.94,1.13],[31.01,1.18],[31.08,1.2],[31.15,1.16],[31.15,1.05],[31.12,1.01],[31.04,1.0],[30.97,1.0],[30.86,1.03],[30.86,1.05],[30.94,1.13]]]}},{"type":"Feature","properties":{"precip":20},"geometry":{"type":"Polygon","coordinates":[[[13.73,1.05],[13.77,1.06],[13.77,1.1],[13.84,1.08],[13.84,0.95],[13.88,0.95],[13.88,0.91],[13.91,0.9],[13.98,0.9],[14.02,0.88],[14.02,0.85],[14.06,0.85],[14.06,0.75],[14.02,0.73],[14.02,0.7],[13.95,0.66],[13.95,0.53],[13.98,0.5],[14.02,0.5],[14.02,0.45],[14.06,0.43],[14.06,0.23],[14.09,0.23],[14.09,0.18],[14.13,0.18],[14.13,0.16],[14.16,0.15],[14.16,0.13],[14.13,0.13],[14.09,0.11],[14.09,0.08],[14.06,0.06],[14.06,-0.08],[14.02,-0.15],[13.98,-0.18],[13.98,-0.23],[13.91,-0.27],[13.88,-0.28],[13.8,-0.28],[13.73,-0.3],[13.62,-0.3],[13.55,-0.33],[13.55,-0.37],[13.48,-0.4],[13.37,-0.37],[13.34,-0.32],[13.26,-0.27],[13.23,-0.23],[13.19,-0.17],[13.16,-0.13],[13.16,-0.07],[13.12,-0.03],[13.12,-0.0],[13.08,0.02],[13.08,0.03],[13.05,0.05],[13.01,0.08],[12.98,0.13],[12.98,0.15],[12.94,0.2],[12.94,0.23],[12.98,0.26],[12.98,0.3],[13.01,0.33],[13.05,0.33],[13.05,0.36],[13.01,0.36],[13.01,0.38],[12.98,0.4],[12.98,0.43],[12.94,0.46],[12.94,0.55],[12.98,0.56],[13.01,0.6],[13.3,0.6],[13.34,0.56],[13.34,0.45],[13.37,0.43],[13.37,0.41],[13.41,0.41],[13.41,0.4],[13.48,0.4],[13.48,0.41],[13.52,0.41],[13.52,0.43],[13.55,0.45],[13.55,0.65],[13.52,0.65],[13.52,0.7],[13.48,0.7],[13.48,0.75],[13.44,0.76],[13.44,0.95],[13.52,1.0],[13.62,1.0],[13.73,1.03],[13.73,1.05]],[[13.84,0.65],[13.84,0.76],[13.8,0.8],[13.77,0.78],[13.7,0.73],[13.7,0.7],[13.66,0.68],[13.66,0.63],[13.77,0.55],[13.77,0.51],[13.84,0.51],[13.84,0.65]]]}},{"type":"Feature","properties":{"precip":20},"geometry":{"type":"Polygon","coordinates":[[[29.06,1.05],[29.06,1.06],[29.14,1.1],[29.28,1.1],[29.35,1.06],[29.35,0.91],[29.28,0.91],[29.24,0.95],[29.24,0.98],[29.21,1.0],[29.14,1.0],[29.06,1.03],[29.06,1.05]]]}},{"type":"Feature","properties":{"precip":20},"geometry":{"type":"Polygon","coordinates":[[[29.86,0.95],[29.89,1.0],[30.0,1.0],[30.07,0.95],[30.04,0.91],[29.93,0.9],[29.86,0.93],[29.86,0.95]]]}},{"type":"Feature","properties":{"precip":20},"geometry":{"type":"Polygon","coordinates":[[[28.13,0.83],[28.2,0.88],[28.24,0.9],[28.24,0.85],[28.27,0.81],[28.27,0.71],[28.24,0.68],[28.24,0.61],[28.2,0.6],[28.17,0.6],[28.06,0.65],[28.06,0.75],[28.13,0.83]]]}},{"type":"Feature","properties":{"precip":20},"geometry":{"type":"Polygon","coordinates":[[[99.11,0.83],[99.14,0.85],[99.14,0.67],[99.07,0.71],[99.07,0.8],[99.11,0.83]]]}},{"type":"Feature","properties":{"precip":20},"geometry":{"type":"Polygon","coordinates":[[[29.86,0.65],[29.86,0.68],[29.96,0.68],[29.96,0.63],[29.93,0.6],[29.89,0.6],[29.86,0.63],[29.86,0.65]]]}},{"type":"Feature","properties":{"precip":20},"geometry":{"type":"Polygon","coordinates":[[[79.28,0.51],[79.28,0.58],[79.31,0.6],[79.42,0.6],[79.46,0.58],[79.46,0.55],[79.53,0.51],[79.6,0.5],[79.71,0.5],[79.71,0.48],[79.74,0.48],[79.74,0.46],[79.78,0.45],[79.78,0.43],[79.82,0.41],[79.85,0.41],[79.89,0.4],[80.0,0.4],[80.07,0.36],[80.07,0.33],[80.1,0.33],[80.14,0.31],[80.18,0.31],[80.21,0.3],[80.39,0.3],[80.39,0.28],[80.43,0.28],[80.46,0.26],[80.46,0.23],[80.43,0.23],[80.39,0.23],[80.32,0.21],[80.14,0.21],[80.03,0.2],[79.6,0.2],[79.49,0.21],[79.42,0.21],[79.28,0.23],[79.24,0.25],[79.24,0.28],[79.2,0.31],[79.2,0.33],[79.17,0.33],[79.17,0.36],[79.2,0.38],[79.2,0.4],[79.24,0.4],[79.24,0.45],[79.28,0.46],[79.28,0.51]]]}},{"type":"Feature","properties":{"precip":20},"geometry":{"type":"Polygon","coordinates":[[[14.56,0.4],[14.56,0.46],[14.6,0.48],[14.6,0.5],[14.85,0.5],[14.88,0.48],[14.92,0.48],[14.92,0.46],[14.96,0.45],[14.96,0.43],[14.92,0.41],[14.92,0.4],[14.88,0.4],[14.88,0.38],[14.85,0.36],[14.85,0.23],[14.81,0.21],[14.81,0.2],[14.78,0.2],[14.78,0.23],[14.74,0.23],[14.74,0.28],[14.7,0.28],[14.7,0.3],[14.63,0.3],[14.56,0.33],[14.56,0.4]]]}},{"type":"Feature","properties":{"precip":20},"geometry":{"type":"Polygon","coordinates":[[[28.24,0.43],[28.24,0.45],[28.31,0.5],[28.31,0.48],[28.35,0.48],[28.35,0.45],[28.38,0.43],[28.45,0.33],[28.45,0.23],[28.38,0.21],[28.31,0.2],[28.24,0.21],[28.2,0.21],[28.17,0.23],[28.17,0.33],[28.24,0.43]],[[28.35,0.35],[28.35,0.4],[28.27,0.4],[28.27,0.31],[28.31,0.3],[28.35,0.31],[28.35,0.35]]]}},{"type":"Feature","properties":{"precip":20},"geometry":{"type":"Polygon","coordinates":[[[76.43,0.3],[76.43,0.36],[76.47,0.36],[76.47,0.4],[76.61,0.4],[76.61,0.33],[76.58,0.31],[76.54,0.26],[76.54,0.23],[76.47,0.21],[76.43,0.21],[76.43,0.3]]]}},{"type":"Feature","properties":{"precip":20},"geometry":{"type":"Polygon","coordinates":[[[15.5,0.13],[15.53,0.13],[15.57,0.16],[15.57,0.18],[15.6,0.2],[15.64,0.2],[15.64,0.13],[15.6,0.11],[15.6,0.08],[15.57,0.06],[15.53,0.03],[15.5,0.03],[15.5,0.02],[15.46,0.02],[15.46,0.05],[15.5,0.08],[15.5,0.13]]]}},{"type":"Feature","properties":{"precip":20},"geometry":{"type":"Polygon","coordinates":[[[16.14,0.05],[16.14,0.08],[16.18,0.08],[16.18,0.1],[16.21,0.1],[16.25,0.08],[16.25,0.02],[16.21,0.02],[16.21,-0.0],[16.18,-0.0],[16.18,0.02],[16.14,0.03],[16.14,0.05]]]}},{"type":"Feature","properties":{"precip":20},"geometry":{"type":"Polygon","coordinates":[[[87.34,0.05],[87.34,0.08],[87.38,0.1],[87.41,0.1],[87.41,0.08],[87.45,0.06],[87.45,0.03],[87.41,0.03],[87.41,-0.0],[87.38,-0.0],[87.38,0.02],[87.34,0.02],[87.34,0.05]]]}},{"type":"Feature","properties":{"precip":20},"geometry":{"type":"Polygon","coordinates":[[[98.25,0.05],[98.25,0.08],[98.28,0.1],[98.32,0.1],[98.32,0.08],[98.35,0.08],[98.35,0.03],[98.32,0.02],[98.32,-0.0],[98.28,-0.0],[98.28,0.02],[98.25,0.02],[98.25,0.05]]]}},{"type":"Feature","properties":{"precip":20},"geometry":{"type":"Polygon","coordinates":[[[26.87,-0.05],[26.87,-0.0],[26.91,-0.0],[26.94,-0.02],[26.94,-0.38],[26.87,-0.38],[26.87,-0.35],[26.83,-0.33],[26.83,-0.32],[26.8,-0.3],[26.73,-0.3],[26.73,-0.28],[26.69,-0.28],[26.69,-0.27],[26.65,-0.25],[26.65,-0.17],[26.69,-0.13],[26.69,-0.12],[26.73,-0.1],[26.76,-0.1],[26.8,-0.08],[26.83,-0.08],[26.83,-0.07],[26.87,-0.07],[26.87,-0.05]]]}},{"type":"Feature","properties":{"precip":20},"geometry":{"type":"Polygon","coordinates":[[[27.66,-0.2],[27.66,-0.13],[27.7,-0.12],[27.7,-0.1],[27.73,-0.1],[27.73,-0.12],[27.77,-0.13],[27.77,-0.17],[27.84,-0.2],[27.91,-0.2],[27.95,-0.18],[28.02,-0.17],[28.06,-0.17],[28.06,-0.13],[28.09,-0.12],[28.09,-0.1],[28.13,-0.1],[28.13,-0.12],[28.17,-0.13],[28.17,-0.17],[28.13,-0.17],[28.13,-0.18],[28.09,-0.2],[28.06,-0.25],[28.06,-0.4],[28.09,-0.47],[28.09,-0.48],[28.2,-0.52],[28.31,-0.58],[28.35,-0.63],[28.35,-0.78],[28.27,-0.83],[28.27,-0.87],[28.31,-0.87],[28.31,-0.9],[28.35,-0.92],[28.35,-1.07],[28.27,-1.13],[28.24,-1.17],[28.17,-1.17],[28.17,-1.15],[28.09,-1.1],[28.09,-1.07],[28.06,-1.03],[28.06,-0.93],[27.99,-0.9],[27.88,-0.9],[27.84,-0.88],[27.77,-0.87],[27.77,-0.85],[27.7,-0.82],[27.63,-0.8],[27.23,-0.8],[27.09,-0.77],[27.05,-0.73],[27.05,-0.67],[27.09,-0.63],[27.16,-0.6],[27.41,-0.6],[27.48,-0.58],[27.55,-0.58],[27.63,-0.57],[27.66,-0.53],[27.7,-0.52],[27.81,-0.38],[27.84,-0.37],[27.84,-0.3],[27.73,-0.3],[27.73,-0.28],[27.7,-0.28],[27.7,-0.27],[27.66,-0.27],[27.66,-0.2]]]}},{"type":"Feature","properties":{"precip":20},"geometry":{"type":"Polygon","coordinates":[[[34.75,-0.15],[34.75,-0.13],[34.79,-0.12],[34.79,-0.1],[34.86,-0.1],[34.86,-0.18],[34.82,-0.18],[34.82,-0.2],[34.79,-0.2],[34.79,-0.17],[34.75,-0.17],[34.75,-0.15]]]}},{"type":"Feature","properties":{"precip":20},"geometry":{"type":"Polygon","coordinates":[[[87.23,-0.15],[87.23,-0.12],[87.27,-0.12],[87.27,-0.1],[87.3,-0.1],[87.34,-0.12],[87.34,-0.18],[87.3,-0.18],[87.3,-0.2],[87.27,-0.2],[87.27,-0.18],[87.23,-0.17],[87.23,-0.15]]]}},{"type":"Feature","properties":{"precip":20},"geometry":{"type":"Polygon","coordinates":[[[15.46,-0.28],[15.46,-0.2],[15.5,-0.2],[15.53,-0.22],[15.57,-0.25],[15.57,-0.27],[15.64,-0.35],[15.64,-0.45],[15.68,-0.47],[15.68,-0.5],[15.75,-0.53],[15.75,-0.57],[15.71,-0.57],[15.68,-0.6],[15.68,-0.7],[15.64,-0.75],[15.64,-1.07],[15.57,-1.07],[15.57,-0.92],[15.53,-0.87],[15.53,-0.67],[15.5,-0.63],[15.5,-0.58],[15.42,-0.53],[15.42,-0.52],[15.39,-0.47],[15.35,-0.47],[15.35,-0.43],[15.39,-0.42],[15.39,-0.4],[15.42,-0.4],[15.42,-0.35],[15.46,-0.33],[15.46,-0.28]]]}},{"type":"Feature","properties":{"precip":20},"geometry":{"type":"Polygon","coordinates":[[[29.17,-0.25],[29.17,-0.2],[29.24,-0.2],[29.24,-0.28],[29.21,-0.3],[29.21,-0.28],[29.17,-0.28],[29.17,-0.25]]]}},{"type":"Feature","properties":{"precip":20},"geometry":{"type":"Polygon","coordinates":[[[36.77,-0.25],[36.77,-0.22],[36.8,-0.2],[36.84,-0.2],[36.84,-0.22],[36.88,-0.22],[36.88,-0.27],[36.84,-0.28],[36.84,-0.3],[36.8,-0.3],[36.8,-0.28],[36.77,-0.28],[36.77,-0.25]]]}},{"type":"Feature","properties":{"precip":20},"geometry":{"type":"Polygon","coordinates":[[[16.25,-0.55],[16.25,-0.42],[16.29,-0.4],[16.32,-0.42],[16.39,-0.47],[16.39,-0.52],[16.43,-0.55],[16.43,-0.58],[16.47,-0.62],[16.47,-0.68],[16.54,-0.72],[16.54,-0.77],[16.47,-0.78],[16.47,-0.75],[16.39,-0.7],[16.32,-0.7],[16.29,-0.68],[16.29,-0.67],[16.25,-0.65],[16.25,-0.55]]]}},{"type":"Feature","properties":{"precip":20},"geometry":{"type":"Polygon","coordinates":[[[17.15,-0.45],[17.15,-0.42],[17.19,-0.4],[17.22,-0.4],[17.22,-0.42],[17.26,-0.42],[17.26,-0.47],[17.22,-0.48],[17.22,-0.5],[17.19,-0.5],[17.19,-0.48],[17.15,-0.48],[17.15,-0.45]]]}},{"type":"Feature","properties":{"precip":20},"geometry":{"type":"Polygon","coordinates":[[[29.06,-0.45],[29.06,-0.42],[29.1,-0.42],[29.1,-0.4],[29.21,-0.4],[29.24,-0.42],[29.24,-0.47],[29.28,-0.47],[29.28,-0.48],[29.32,-0.48],[29.35,-0.5],[29.42,-0.5],[29.46,-0.52],[29.46,-0.57],[29.39,-0.58],[29.39,-0.6],[29.32,-0.6],[29.28,-0.62],[29.28,-0.67],[29.24,-0.7],[29.24,-0.87],[29.21,-0.88],[29.17,-0.87],[29.1,-0.8],[29.1,-0.77],[29.03,-0.72],[28.99,-0.7],[28.92,-0.7],[28.88,-0.68],[28.88,-0.67],[28.85,-0.65],[28.85,-0.57],[28.88,-0.52],[28.92,-0.5],[28.99,-0.5],[28.99,-0.48],[29.03,-0.48],[29.03,-0.47],[29.06,-0.47],[29.06,-0.45]]]}},{"type":"Feature","properties":{"precip":20},"geometry":{"type":"Polygon","coordinates":[[[86.62,-0.73],[86.66,-0.7],[86.76,-0.7],[86.84,-0.73],[86.84,-0.88],[86.8,-0.88],[86.73,-0.87],[86.69,-0.83],[86.69,-0.8],[86.66,-0.77],[86.66,-0.75],[86.62,-0.73]]]}},{"type":"Feature","properties":{"precip":20},"geometry":{"type":"Polygon","coordinates":[[[15.21,-0.88],[15.28,-0.8],[15.32,-0.8],[15.35,-0.83],[15.35,-0.97],[15.42,-1.0],[15.42,-1.05],[15.46,-1.07],[15.46,-1.18],[15.53,-1.2],[15.53,-1.3],[15.57,-1.32],[15.57,-1.38],[15.64,-1.42],[15.64,-1.52],[15.68,-1.57],[15.68,-1.58],[15.75,-1.67],[15.85,-1.7],[15.93,-1.7],[15.93,-1.73],[15.96,-1.73],[15.96,-1.78],[15.93,-1.78],[15.93,-1.8],[15.85,-1.82],[15.85,-1.95],[15.82,-1.97],[15.82,-1.98],[15.78,-2.0],[15.71,-2.0],[15.68,-1.98],[15.68,-1.95],[15.64,-1.92],[15.64,-1.73],[15.6,-1.7],[15.57,-1.7],[15.57,-1.73],[15.53,-1.75],[15.53,-1.78],[15.46,-1.8],[15.35,-1.77],[15.28,-1.68],[15.28,-1.63],[15.24,-1.57],[15.24,-1.42],[15.28,-1.35],[15.28,-1.3],[15.35,-1.27],[15.35,-1.23],[15.28,-1.2],[15.28,-1.17],[15.24,-1.17],[15.24,-1.03],[15.21,-1.02],[15.21,-0.98],[15.17,-0.98],[15.17,-0.9],[15.21,-0.88]]]}},{"type":"Feature","properties":{"precip":20},"geometry":{"type":"Polygon","coordinates":[[[34.97,-0.9],[34.97,-0.83],[35.0,-0.8],[35.04,-0.8],[35.04,-0.85],[35.08,-0.87],[35.08,-0.93],[35.04,-0.97],[35.04,-1.0],[34.97,-0.97],[34.97,-0.9]]]}},{"type":"Feature","properties":{"precip":20},"geometry":{"type":"Polygon","coordinates":[[[23.67,-1.0],[23.67,-0.93],[23.7,-0.9],[23.92,-0.9],[23.95,-0.93],[23.95,-1.07],[24.06,-1.12],[24.06,-1.17],[24.03,-1.17],[23.99,-1.2],[23.92,-1.18],[23.85,-1.17],[23.85,-1.12],[23.81,-1.1],[23.74,-1.1],[23.67,-1.07],[23.67,-1.0]]]}},{"type":"Feature","properties":{"precip":20},"geometry":{"type":"Polygon","coordinates":[[[34.75,-1.05],[34.79,-1.0],[34.86,-1.0],[34.86,-1.08],[34.79,-1.1],[34.79,-1.07],[34.75,-1.07],[34.75,-1.05]]]}},{"type":"Feature","properties":{"precip":20},"geometry":{"type":"Polygon","coordinates":[[[14.34,-1.15],[14.38,-1.12],[14.45,-1.1],[14.7,-1.1],[14.74,-1.12],[14.74,-1.47],[14.67,-1.5],[14.56,-1.47],[14.49,-1.38],[14.45,-1.37],[14.45,-1.23],[14.42,-1.2],[14.34,-1.17],[14.34,-1.15]]]}},{"type":"Feature","properties":{"precip":20},"geometry":{"type":"Polygon","coordinates":[[[24.75,-1.15],[24.78,-1.1],[24.85,-1.12],[24.85,-1.18],[24.78,-1.2],[24.78,-1.17],[24.75,-1.17],[24.75,-1.15]]]}},{"type":"Feature","properties":{"precip":20},"geometry":{"type":"Polygon","coordinates":[[[25.36,-1.2],[25.36,-1.13],[25.43,-1.1],[25.5,-1.1],[25.54,-1.12],[25.54,-1.2],[25.57,-1.25],[25.57,-1.37],[25.54,-1.4],[25.54,-1.48],[25.47,-1.5],[25.32,-1.5],[25.25,-1.53],[25.25,-1.58],[25.18,-1.58],[25.18,-1.52],[25.25,-1.48],[25.25,-1.35],[25.29,-1.33],[25.29,-1.3],[25.36,-1.27],[25.36,-1.2]]]}},{"type":"Feature","properties":{"precip":20},"geometry":{"type":"Polygon","coordinates":[[[17.55,-1.27],[17.55,-1.25],[17.62,-1.2],[17.69,-1.2],[17.73,-1.22],[17.73,-1.25],[17.76,-1.27],[17.76,-1.37],[17.8,-1.4],[17.87,-1.47],[18.01,-1.5],[18.09,-1.5],[18.16,-1.53],[18.16,-1.58],[18.19,-1.58],[18.27,-1.6],[18.41,-1.6],[18.45,-1.63],[18.45,-1.78],[18.37,-1.8],[18.37,-1.87],[18.34,-1.88],[18.34,-2.02],[18.3,-2.07],[18.3,-2.1],[18.23,-2.18],[18.16,-2.2],[18.16,-2.07],[18.12,-2.02],[18.09,-2.0],[18.01,-2.0],[17.98,-1.98],[17.94,-1.98],[17.94,-1.93],[17.91,-1.9],[17.8,-1.9],[17.76,-1.92],[17.73,-1.97],[17.73,-1.98],[17.69,-2.0],[17.69,-1.98],[17.65,-1.97],[17.65,-1.93],[17.58,-1.9],[17.51,-1.9],[17.37,-1.85],[17.26,-1.78],[17.19,-1.68],[17.15,-1.67],[17.15,-1.62],[17.22,-1.6],[17.33,-1.57],[17.37,-1.52],[17.44,-1.48],[17.44,-1.45],[17.51,-1.38],[17.51,-1.37],[17.55,-1.35],[17.55,-1.27]]]}},{"type":"Feature","properties":{"precip":20},"geometry":{"type":"Polygon","coordinates":[[[24.17,-1.25],[24.17,-1.2],[24.24,-1.23],[24.28,-1.27],[24.31,-1.32],[24.39,-1.37],[24.46,-1.45],[24.53,-1.58],[24.57,-1.62],[24.53,-1.65],[24.53,-1.68],[24.42,-1.7],[24.35,-1.7],[24.35,-1.68],[24.28,-1.68],[24.28,-1.65],[24.24,-1.63],[24.24,-1.52],[24.17,-1.48],[24.17,-1.42],[24.24,-1.38],[24.24,-1.32],[24.17,-1.28],[24.17,-1.25]]]}},{"type":"Feature","properties":{"precip":20},"geometry":{"type":"Polygon","coordinates":[[[13.55,-1.45],[13.55,-1.4],[13.62,-1.4],[13.66,-1.43],[13.66,-1.48],[13.7,-1.5],[13.77,-1.5],[13.88,-1.58],[13.91,-1.62],[13.98,-1.68],[14.06,-1.78],[14.06,-1.88],[14.09,-1.88],[14.13,-1.92],[14.13,-1.98],[14.16,-2.02],[14.16,-2.08],[14.13,-2.12],[14.13,-2.18],[14.09,-2.2],[13.98,-2.2],[13.95,-2.22],[13.95,-2.25],[13.98,-2.28],[13.98,-2.3],[14.06,-2.38],[14.13,-2.38],[14.13,-2.35],[14.2,-2.32],[14.27,-2.3],[14.49,-2.3],[14.56,-2.28],[14.63,-2.27],[14.63,-1.83],[14.67,-1.75],[14.67,-1.65],[14.74,-1.6],[14.88,-1.6],[15.03,-1.63],[15.1,-1.68],[15.14,-1.73],[15.14,-1.83],[15.17,-1.85],[15.17,-1.9],[15.24,-1.93],[15.24,-1.98],[15.21,-1.98],[15.17,-2.0],[15.17,-2.07],[15.14,-2.08],[15.14,-2.18],[15.1,-2.2],[15.03,-2.2],[14.96,-2.25],[14.92,-2.28],[14.85,-2.33],[14.78,-2.43],[14.78,-2.48],[14.85,-2.53],[14.85,-2.63],[14.74,-2.77],[14.7,-2.78],[14.7,-2.8],[14.67,-2.82],[14.67,-2.88],[14.74,-2.93],[14.74,-2.95],[14.88,-3.0],[14.96,-3.0],[15.03,-3.03],[15.03,-3.05],[15.1,-3.08],[15.1,-3.12],[15.21,-3.18],[15.24,-3.2],[15.32,-3.2],[15.35,-3.22],[15.35,-3.28],[15.42,-3.3],[15.5,-3.3],[15.53,-3.32],[15.53,-3.35],[15.57,-3.38],[15.68,-3.4],[15.78,-3.4],[15.85,-3.43],[15.85,-3.48],[15.93,-3.5],[16.0,-3.5],[16.03,-3.52],[16.03,-3.57],[16.18,-3.6],[16.29,-3.6],[16.36,-3.63],[16.36,-3.7],[16.47,-3.7],[16.54,-3.73],[16.57,-3.78],[16.65,-3.83],[16.65,-3.86],[16.75,-3.9],[16.83,-3.9],[16.83,-3.93],[16.86,-3.93],[16.86,-3.96],[16.93,-4.0],[17.01,-4.0],[17.04,-4.0],[17.26,-4.0],[17.33,-4.03],[17.33,-4.06],[17.37,-4.1],[17.37,-4.2],[17.4,-4.2],[17.4,-4.21],[17.44,-4.21],[17.44,-4.3],[17.37,-4.3],[17.37,-4.28],[17.33,-4.23],[17.33,-4.2],[17.26,-4.2],[17.19,-4.23],[17.11,-4.3],[17.08,-4.31],[17.04,-4.36],[16.93,-4.4],[16.86,-4.41],[16.86,-4.46],[16.83,-4.46],[16.83,-4.5],[16.72,-4.5],[16.65,-4.55],[16.65,-4.76],[16.54,-4.81],[16.43,-4.76],[16.43,-4.71],[16.39,-4.7],[16.36,-4.73],[16.36,-4.76],[16.25,-4.81],[16.18,-4.81],[16.14,-4.83],[16.14,-4.88],[16.07,-4.9],[16.0,-4.9],[15.96,-4.91],[15.96,-5.08],[16.03,-5.1],[16.03,-5.11],[16.11,-5.11],[16.14,-5.11],[16.14,-5.2],[16.07,-5.21],[16.07,-5.23],[16.03,-5.26],[16.03,-5.3],[16.07,-5.33],[16.07,-5.41],[16.14,-5.43],[16.14,-5.48],[16.11,-5.48],[16.07,-5.51],[16.07,-5.6],[16.03,-5.61],[16.03,-5.7],[16.07,-5.71],[16.07,-5.78],[16.14,-5.81],[16.21,-5.81],[16.25,-5.83],[16.25,-5.9],[16.18,-5.91],[16.18,-5.93],[16.14,-5.95],[16.14,-6.05],[16.21,-6.11],[16.21,-6.15],[16.25,-6.18],[16.25,-6.51],[16.21,-6.55],[16.21,-6.6],[16.11,-6.61],[16.07,-6.65],[16.0,-6.68],[16.0,-6.71],[15.93,-6.75],[15.93,-6.78],[15.82,-6.8],[15.68,-6.78],[15.68,-6.75],[15.6,-6.71],[15.57,-6.66],[15.5,-6.61],[15.42,-6.61],[15.42,-6.6],[15.35,-6.6],[15.35,-6.51],[15.39,-6.51],[15.46,-6.51],[15.46,-6.5],[15.53,-6.5],[15.53,-6.41],[15.5,-6.41],[15.35,-6.38],[15.35,-6.31],[15.39,-6.31],[15.46,-6.31],[15.53,-6.3],[15.53,-6.21],[15.46,-6.21],[15.28,-6.21],[15.17,-6.18],[15.17,-6.15],[15.14,-6.13],[15.14,-6.01],[15.06,-6.0],[15.06,-5.93],[15.17,-5.91],[15.35,-5.91],[15.39,-5.9],[15.46,-5.9],[15.53,-5.86],[15.57,-5.81],[15.6,-5.81],[15.75,-5.81],[15.75,-5.8],[15.82,-5.8],[15.85,-5.78],[15.85,-5.71],[15.78,-5.71],[15.78,-5.68],[15.75,-5.68],[15.75,-5.53],[15.71,-5.51],[15.64,-5.51],[15.57,-5.51],[15.57,-5.46],[15.53,-5.45],[15.53,-5.41],[15.5,-5.41],[15.42,-5.41],[15.35,-5.41],[15.35,-5.48],[15.46,-5.55],[15.42,-5.58],[15.35,-5.58],[15.35,-5.53],[15.32,-5.51],[15.24,-5.51],[15.17,-5.48],[15.17,-5.41],[15.14,-5.38],[15.14,-5.15],[15.17,-5.11],[15.17,-5.0],[15.21,-4.98],[15.24,-4.98],[15.24,-4.93],[15.17,-4.9],[15.17,-4.83],[15.14,-4.81],[15.14,-4.7],[15.06,-4.7],[15.06,-4.58],[15.03,-4.56],[15.03,-4.5],[14.96,-4.48],[14.96,-4.36],[14.92,-4.33],[14.92,-4.3],[14.88,-4.3],[14.81,-4.36],[14.81,-4.4],[14.78,-4.4],[14.78,-4.35],[14.67,-4.3],[14.49,-4.3],[14.38,-4.28],[14.34,-4.25],[14.34,-4.13],[14.31,-4.11],[14.31,-4.1],[14.27,-4.1],[14.27,-4.01],[14.31,-4.0],[14.31,-3.98],[14.38,-3.91],[14.42,-3.9],[14.42,-3.8],[14.38,-3.8],[14.38,-3.75],[14.34,-3.7],[14.34,-3.43],[14.31,-3.4],[14.27,-3.4],[14.27,-3.37],[14.24,-3.33],[14.24,-3.23],[14.2,-3.2],[14.09,-3.2],[14.02,-3.27],[14.02,-3.3],[13.98,-3.3],[13.98,-3.27],[13.91,-3.2],[13.84,-3.2],[13.77,-3.18],[13.77,-3.12],[13.73,-3.1],[13.73,-3.0],[13.66,-2.97],[13.66,-2.7],[13.62,-2.67],[13.62,-2.62],[13.59,-2.6],[13.52,-2.6],[13.48,-2.58],[13.48,-2.57],[13.44,-2.55],[13.44,-2.48],[13.37,-2.37],[13.3,-2.3],[13.26,-2.27],[13.19,-2.22],[13.16,-2.23],[13.16,-2.28],[13.12,-2.3],[13.05,-2.25],[13.05,-2.05],[13.08,-2.03],[13.08,-2.0],[13.16,-2.0],[13.23,-1.98],[13.23,-1.97],[13.26,-1.95],[13.19,-1.9],[13.12,-1.9],[13.08,-1.88],[13.05,-1.88],[13.05,-1.85],[13.01,-1.83],[13.01,-1.8],[12.98,-1.8],[12.98,-1.85],[12.94,-1.88],[12.87,-1.9],[12.76,-1.87],[12.69,-1.8],[12.69,-1.78],[12.65,-1.75],[12.65,-1.7],[12.8,-1.7],[12.83,-1.72],[12.83,-1.75],[12.87,-1.77],[12.87,-1.78],[12.94,-1.78],[12.94,-1.75],[13.01,-1.7],[13.01,-1.67],[13.05,-1.63],[12.98,-1.58],[12.98,-1.57],[12.94,-1.53],[12.98,-1.5],[13.01,-1.5],[13.01,-1.53],[13.05,-1.53],[13.05,-1.57],[13.16,-1.6],[13.23,-1.58],[13.26,-1.55],[13.26,-1.52],[13.3,-1.5],[13.44,-1.5],[13.44,-1.48],[13.52,-1.48],[13.55,-1.48],[13.55,-1.45]],[[13.44,-1.95],[13.44,-1.92],[13.37,-1.9],[13.34,-1.93],[13.34,-1.98],[13.37,-1.98],[13.37,-2.0],[13.44,-1.98],[13.44,-1.95]],[[13.84,-2.5],[13.84,-2.42],[13.8,-2.4],[13.7,-2.4],[13.66,-2.42],[13.66,-2.48],[13.73,-2.5],[13.73,-2.6],[13.77,-2.62],[13.77,-2.68],[13.84,-2.7],[13.88,-2.7],[13.95,-2.73],[13.95,-2.85],[14.02,-2.88],[14.13,-2.9],[14.24,-2.9],[14.31,-2.88],[14.38,-2.88],[14.42,-2.87],[14.45,-2.87],[14.45,-2.83],[14.42,-2.8],[14.34,-2.8],[14.31,-2.78],[14.24,-2.77],[14.24,-2.73],[14.16,-2.68],[14.16,-2.67],[14.09,-2.63],[14.06,-2.6],[13.95,-2.6],[13.88,-2.58],[13.84,-2.55],[13.84,-2.5]],[[15.64,-5.15],[15.64,-5.11],[15.57,-5.11],[15.57,-5.13],[15.53,-5.15],[15.57,-5.16],[15.57,-5.2],[15.6,-5.21],[15.64,-5.2],[15.64,-5.15]]]}},{"type":"Feature","properties":{"precip":20},"geometry":{"type":"Polygon","coordinates":[[[27.45,-1.45],[27.48,-1.4],[27.55,-1.4],[27.55,-1.48],[27.48,-1.5],[27.48,-1.48],[27.45,-1.48],[27.45,-1.45]]]}},{"type":"Feature","properties":{"precip":20},"geometry":{"type":"Polygon","coordinates":[[[95.15,-1.45],[95.15,-1.4],[95.22,-1.4],[95.22,-1.48],[95.26,-1.52],[95.26,-1.67],[95.22,-1.72],[95.22,-1.78],[95.19,-1.78],[95.11,-1.78],[95.04,-1.8],[94.79,-1.8],[94.68,-1.82],[94.65,-1.83],[94.65,-1.88],[94.61,-1.88],[94.57,-1.9],[94.5,-1.88],[94.43,-1.87],[94.43,-1.82],[94.39,-1.8],[94.32,-1.8],[94.25,-1.78],[94.25,-1.73],[94.32,-1.68],[94.32,-1.67],[94.43,-1.62],[94.5,-1.6],[94.72,-1.6],[94.79,-1.58],[94.86,-1.58],[94.93,-1.58],[94.93,-1.55],[95.01,-1.5],[95.08,-1.5],[95.11,-1.48],[95.15,-1.48],[95.15,-1.45]]]}},{"type":"Feature","properties":{"precip":20},"geometry":{"type":"Polygon","coordinates":[[[26.55,-1.75],[26.62,-1.68],[26.69,-1.62],[26.76,-1.6],[26.83,-1.63],[26.91,-1.68],[26.91,-1.7],[26.94,-1.75],[26.94,-1.85],[26.8,-2.02],[26.73,-2.07],[26.62,-2.08],[26.55,-2.1],[26.4,-2.1],[26.37,-2.08],[26.37,-2.03],[26.33,-2.0],[26.22,-2.0],[26.19,-1.98],[26.15,-1.98],[26.15,-1.93],[26.22,-1.9],[26.29,-1.9],[26.37,-1.88],[26.44,-1.87],[26.51,-1.82],[26.51,-1.78],[26.55,-1.75]]]}},{"type":"Feature","properties":{"precip":20},"geometry":{"type":"Polygon","coordinates":[[[77.98,-1.65],[77.98,-1.62],[78.02,-1.6],[78.13,-1.6],[78.16,-1.62],[78.16,-1.68],[78.09,-1.68],[78.09,-1.7],[77.98,-1.68],[77.98,-1.65]]]}},{"type":"Feature","properties":{"precip":20},"geometry":{"type":"Polygon","coordinates":[[[25.07,-1.85],[25.07,-1.72],[25.14,-1.7],[25.14,-1.77],[25.21,-1.78],[25.29,-1.8],[25.36,-1.83],[25.36,-1.98],[25.43,-2.0],[25.43,-2.05],[25.47,-2.07],[25.47,-2.23],[25.43,-2.25],[25.43,-2.28],[25.32,-2.3],[25.21,-2.27],[25.07,-2.18],[25.03,-2.12],[24.96,-2.03],[25.03,-1.98],[25.03,-1.93],[25.07,-1.9],[25.07,-1.85]]]}},{"type":"Feature","properties":{"precip":20},"geometry":{"type":"Polygon","coordinates":[[[91.3,-1.95],[91.3,-1.92],[91.37,-1.9],[91.41,-1.92],[91.41,-1.98],[91.37,-2.0],[91.3,-1.98],[91.3,-1.95]]]}},{"type":"Feature","properties":{"precip":20},"geometry":{"type":"Polygon","coordinates":[[[15.89,-2.1],[15.96,-2.02],[16.0,-2.0],[16.07,-2.07],[16.14,-2.15],[16.14,-2.17],[16.21,-2.18],[16.25,-2.18],[16.25,-2.13],[16.29,-2.12],[16.36,-2.17],[16.43,-2.25],[16.5,-2.28],[16.54,-2.33],[16.61,-2.38],[16.68,-2.4],[16.72,-2.4],[16.75,-2.38],[16.75,-2.32],[16.79,-2.3],[16.9,-2.3],[16.93,-2.33],[16.93,-2.58],[16.9,-2.58],[16.86,-2.62],[16.86,-2.78],[16.93,-2.8],[16.93,-2.92],[16.97,-2.93],[16.97,-2.98],[17.04,-3.02],[17.04,-3.27],[17.01,-3.3],[16.93,-3.3],[16.86,-3.3],[16.86,-3.23],[16.83,-3.23],[16.83,-3.2],[16.75,-3.18],[16.65,-3.15],[16.61,-3.1],[16.54,-3.05],[16.54,-3.02],[16.5,-2.98],[16.5,-2.97],[16.47,-2.95],[16.47,-2.88],[16.43,-2.87],[16.43,-2.82],[16.39,-2.8],[16.32,-2.8],[16.18,-2.77],[16.07,-2.68],[16.07,-2.63],[16.03,-2.6],[16.03,-2.57],[16.0,-2.52],[15.93,-2.4],[15.82,-2.33],[15.75,-2.33],[15.75,-2.38],[15.68,-2.38],[15.68,-2.37],[15.64,-2.33],[15.64,-2.27],[15.68,-2.25],[15.68,-2.22],[15.78,-2.18],[15.85,-2.17],[15.85,-2.13],[15.89,-2.1]]]}},{"type":"Feature","properties":{"precip":20},"geometry":{"type":"Polygon","coordinates":[[[26.94,-2.05],[26.98,-2.03],[26.98,-2.0],[27.05,-2.0],[27.05,-2.08],[27.01,-2.1],[26.98,-2.08],[26.98,-2.07],[26.94,-2.05]]]}},{"type":"Feature","properties":{"precip":20},"geometry":{"type":"Polygon","coordinates":[[[93.49,-2.15],[93.53,-2.1],[93.6,-2.1],[93.6,-2.18],[93.53,-2.2],[93.53,-2.18],[93.49,-2.18],[93.49,-2.15]]]}},{"type":"Feature","properties":{"precip":20},"geometry":{"type":"Polygon","coordinates":[[[26.87,-2.25],[26.87,-2.22],[26.91,-2.2],[27.01,-2.2],[27.05,-2.22],[27.05,-2.28],[26.98,-2.3],[26.94,-2.3],[26.87,-2.28],[26.87,-2.25]]]}},{"type":"Feature","properties":{"precip":20},"geometry":{"type":"Polygon","coordinates":[[[20.93,-2.48],[20.93,-2.45],[21.0,-2.4],[21.04,-2.42],[21.04,-2.45],[21.11,-2.5],[21.15,-2.55],[21.15,-2.67],[21.11,-2.68],[21.0,-2.7],[20.97,-2.72],[20.97,-2.77],[20.93,-2.77],[20.93,-2.78],[20.82,-2.8],[20.75,-2.77],[20.75,-2.72],[20.82,-2.7],[20.82,-2.68],[20.86,-2.67],[20.86,-2.55],[20.89,-2.53],[20.89,-2.48],[20.93,-2.48]]]}},{"type":"Feature","properties":{"precip":20},"geometry":{"type":"Polygon","coordinates":[[[27.41,-2.48],[27.48,-2.42],[27.52,-2.4],[27.59,-2.4],[27.63,-2.42],[27.73,-2.5],[27.73,-2.58],[27.66,-2.58],[27.66,-2.55],[27.63,-2.53],[27.63,-2.5],[27.59,-2.5],[27.59,-2.53],[27.55,-2.55],[27.55,-2.58],[27.52,-2.58],[27.48,-2.6],[27.41,-2.6],[27.37,-2.58],[27.37,-2.53],[27.41,-2.5],[27.41,-2.48]]]}},{"type":"Feature","properties":{"precip":20},"geometry":{"type":"Polygon","coordinates":[[[21.94,-2.6],[21.94,-2.58],[21.97,-2.57],[21.97,-2.5],[22.05,-2.52],[22.05,-2.68],[21.97,-2.68],[21.97,-2.63],[21.94,-2.6]]]}},{"type":"Feature","properties":{"precip":20},"geometry":{"type":"Polygon","coordinates":[[[26.76,-2.55],[26.76,-2.5],[26.83,-2.5],[26.87,-2.53],[26.87,-2.58],[26.94,-2.58],[26.94,-2.57],[26.98,-2.52],[27.05,-2.53],[27.05,-2.57],[27.09,-2.58],[27.16,-2.67],[27.23,-2.72],[27.23,-2.78],[27.19,-2.8],[27.19,-2.83],[27.09,-2.88],[27.09,-2.87],[27.05,-2.83],[26.98,-2.8],[26.91,-2.8],[26.87,-2.83],[26.87,-2.87],[26.83,-2.87],[26.8,-2.88],[26.73,-2.88],[26.69,-2.9],[26.62,-2.9],[26.58,-2.88],[26.47,-2.88],[26.47,-2.75],[26.51,-2.7],[26.62,-2.62],[26.69,-2.6],[26.76,-2.58],[26.76,-2.55]]]}},{"type":"Feature","properties":{"precip":20},"geometry":{"type":"Polygon","coordinates":[[[65.56,-2.7],[65.56,-2.53],[65.6,-2.5],[65.64,-2.5],[65.64,-2.53],[65.67,-2.53],[65.67,-2.58],[65.74,-2.6],[65.85,-2.57],[65.85,-2.53],[65.89,-2.52],[65.96,-2.55],[65.96,-2.57],[66.03,-2.62],[66.1,-2.68],[66.1,-2.72],[66.14,-2.73],[66.14,-2.78],[66.07,-2.82],[66.07,-2.92],[66.0,-3.0],[65.92,-3.07],[65.85,-3.08],[65.74,-3.1],[65.67,-3.08],[65.67,-2.98],[65.64,-2.97],[65.64,-2.9],[65.56,-2.87],[65.56,-2.7]]]}},{"type":"Feature","properties":{"precip":20},"geometry":{"type":"Polygon","coordinates":[[[89.1,-2.58],[89.14,-2.55],[89.14,-2.52],[89.18,-2.5],[89.21,-2.52],[89.28,-2.58],[89.28,-2.6],[89.32,-2.63],[89.32,-2.7],[89.36,-2.73],[89.32,-2.8],[89.32,-2.85],[89.28,-2.9],[89.21,-2.98],[89.18,-2.98],[89.14,-2.97],[89.14,-2.93],[89.1,-2.9],[89.03,-2.9],[88.96,-2.88],[88.96,-2.87],[88.92,-2.83],[88.96,-2.83],[88.96,-2.8],[89.03,-2.78],[89.03,-2.68],[89.07,-2.67],[89.07,-2.6],[89.1,-2.58]]]}},{"type":"Feature","properties":{"precip":20},"geometry":{"type":"Polygon","coordinates":[[[15.35,-2.65],[15.35,-2.62],[15.39,-2.6],[15.5,-2.6],[15.53,-2.62],[15.53,-2.68],[15.42,-2.7],[15.42,-2.68],[15.35,-2.68],[15.35,-2.65]]]}},{"type":"Feature","properties":{"precip":20},"geometry":{"type":"Polygon","coordinates":[[[67.54,-2.65],[67.58,-2.63],[67.58,-2.6],[67.65,-2.6],[67.65,-2.68],[67.61,-2.7],[67.54,-2.65]]]}},{"type":"Feature","properties":{"precip":20},"geometry":{"type":"Polygon","coordinates":[[[68.77,-2.65],[68.77,-2.6],[68.84,-2.6],[68.84,-2.63],[68.87,-2.63],[68.87,-2.67],[68.8,-2.7],[68.77,-2.68],[68.77,-2.65]]]}},{"type":"Feature","properties":{"precip":20},"geometry":{"type":"Polygon","coordinates":[[[17.76,-2.78],[17.76,-2.72],[17.83,-2.7],[17.83,-2.75],[17.87,-2.77],[17.87,-2.78],[17.98,-2.8],[18.05,-2.83],[18.05,-2.97],[18.12,-3.0],[18.19,-3.0],[18.23,-3.02],[18.23,-3.07],[18.27,-3.08],[18.27,-3.18],[18.34,-3.2],[18.45,-3.18],[18.45,-3.15],[18.52,-3.1],[18.7,-3.1],[18.77,-3.12],[18.84,-3.15],[18.88,-3.18],[18.95,-3.27],[18.95,-3.33],[18.91,-3.38],[18.81,-3.4],[18.66,-3.38],[18.66,-3.33],[18.59,-3.3],[18.41,-3.3],[18.37,-3.32],[18.37,-3.35],[18.34,-3.38],[18.34,-3.48],[18.27,-3.5],[18.27,-3.7],[18.23,-3.72],[18.23,-3.78],[18.19,-3.8],[18.12,-3.8],[18.05,-3.77],[18.05,-3.63],[17.98,-3.6],[17.94,-3.6],[17.87,-3.58],[17.87,-3.53],[17.83,-3.52],[17.83,-3.45],[17.8,-3.42],[17.8,-3.4],[17.69,-3.3],[17.65,-3.25],[17.58,-3.18],[17.58,-3.15],[17.55,-3.1],[17.55,-3.07],[17.58,-3.02],[17.69,-2.92],[17.69,-2.88],[17.73,-2.88],[17.73,-2.83],[17.76,-2.78]]]}},{"type":"Feature","properties":{"precip":20},"geometry":{"type":"Polygon","coordinates":[[[20.14,-2.85],[20.17,-2.83],[20.17,-2.8],[20.25,-2.8],[20.25,-2.88],[20.17,-2.88],[20.17,-2.87],[20.14,-2.85]]]}},{"type":"Feature","properties":{"precip":20},"geometry":{"type":"Polygon","coordinates":[[[27.52,-2.88],[27.52,-2.87],[27.59,-2.83],[27.59,-2.82],[27.66,-2.8],[27.81,-2.8],[27.84,-2.82],[27.84,-2.88],[27.88,-2.93],[27.84,-2.98],[27.84,-3.03],[27.81,-3.08],[27.81,-3.12],[27.73,-3.18],[27.63,-3.2],[27.59,-3.2],[27.55,-3.23],[27.55,-3.3],[27.52,-3.3],[27.45,-3.23],[27.45,-3.2],[27.48,-3.17],[27.48,-3.1],[27.52,-3.08],[27.55,-3.08],[27.55,-3.03],[27.48,-2.98],[27.48,-2.9],[27.52,-2.88]]]}},{"type":"Feature","properties":{"precip":20},"geometry":{"type":"Polygon","coordinates":[[[68.23,-2.88],[68.26,-2.83],[68.33,-2.8],[68.37,-2.8],[68.44,-2.83],[68.44,-2.98],[68.37,-3.02],[68.37,-3.13],[68.33,-3.17],[68.33,-3.18],[68.26,-3.17],[68.19,-3.08],[68.19,-3.07],[68.15,-3.03],[68.15,-2.98],[68.19,-2.95],[68.19,-2.9],[68.23,-2.88]]]}},{"type":"Feature","properties":{"precip":20},"geometry":{"type":"Polygon","coordinates":[[[89.82,-2.85],[89.86,-2.8],[89.93,-2.82],[89.93,-2.85],[90.0,-2.9],[90.0,-2.93],[90.04,-2.97],[89.93,-3.05],[89.86,-3.13],[89.86,-3.18],[89.82,-3.18],[89.82,-3.23],[89.79,-3.28],[89.75,-3.35],[89.61,-3.5],[89.54,-3.55],[89.5,-3.6],[89.46,-3.6],[89.46,-3.58],[89.43,-3.57],[89.43,-3.47],[89.46,-3.45],[89.46,-3.4],[89.54,-3.38],[89.54,-3.15],[89.61,-3.1],[89.68,-3.1],[89.79,-3.08],[89.82,-3.05],[89.9,-3.02],[89.9,-2.98],[89.93,-2.97],[89.93,-2.93],[89.86,-2.88],[89.86,-2.87],[89.82,-2.85]]]}},{"type":"Feature","properties":{"precip":20},"geometry":{"type":"Polygon","coordinates":[[[20.61,-3.0],[20.68,-2.93],[20.75,-2.9],[20.82,-2.9],[20.86,-2.92],[20.86,-2.98],[20.93,-2.98],[20.93,-3.0],[21.04,-3.0],[21.04,-3.08],[20.93,-3.17],[20.93,-3.18],[20.86,-3.23],[20.86,-3.28],[20.93,-3.3],[20.93,-3.4],[20.86,-3.38],[20.86,-3.33],[20.82,-3.33],[20.82,-3.3],[20.71,-3.3],[20.68,-3.3],[20.68,-3.27],[20.64,-3.27],[20.64,-3.2],[20.57,-3.2],[20.5,-3.22],[20.43,-3.27],[20.35,-3.35],[20.32,-3.38],[20.21,-3.4],[20.14,-3.4],[20.07,-3.37],[20.07,-3.23],[20.1,-3.18],[20.17,-3.13],[20.28,-3.1],[20.39,-3.1],[20.46,-3.08],[20.57,-3.05],[20.57,-3.02],[20.61,-3.0]]]}},{"type":"Feature","properties":{"precip":20},"geometry":{"type":"Polygon","coordinates":[[[64.27,-2.95],[64.27,-2.9],[64.34,-2.9],[64.34,-2.98],[64.27,-2.98],[64.27,-2.95]]]}},{"type":"Feature","properties":{"precip":20},"geometry":{"type":"Polygon","coordinates":[[[21.87,-3.15],[21.87,-3.03],[21.9,-3.0],[22.01,-3.0],[22.05,-3.03],[22.05,-3.27],[22.01,-3.3],[21.94,-3.3],[21.87,-3.27],[21.87,-3.15]]]}},{"type":"Feature","properties":{"precip":20},"geometry":{"type":"Polygon","coordinates":[[[65.46,-3.1],[65.46,-3.03],[65.49,-3.0],[65.53,-3.0],[65.53,-3.03],[65.56,-3.05],[65.56,-3.17],[65.53,-3.18],[65.53,-3.2],[65.49,-3.2],[65.49,-3.18],[65.46,-3.18],[65.46,-3.1]]]}},{"type":"Feature","properties":{"precip":20},"geometry":{"type":"Polygon","coordinates":[[[66.64,-3.15],[66.64,-3.1],[66.68,-3.08],[66.68,-3.02],[66.71,-3.0],[66.86,-3.0],[66.89,-3.03],[66.97,-3.07],[67.0,-3.08],[67.0,-3.12],[67.04,-3.13],[67.07,-3.18],[67.15,-3.18],[67.15,-3.12],[67.22,-3.1],[67.25,-3.17],[67.25,-3.35],[67.22,-3.37],[67.22,-3.4],[67.18,-3.4],[67.07,-3.4],[67.07,-3.37],[67.04,-3.35],[67.04,-3.32],[66.97,-3.3],[66.79,-3.3],[66.68,-3.28],[66.68,-3.23],[66.64,-3.18],[66.64,-3.15]]]}},{"type":"Feature","properties":{"precip":20},"geometry":{"type":"Polygon","coordinates":[[[77.48,-3.05],[77.48,-3.0],[77.55,-3.0],[77.55,-3.08],[77.51,-3.1],[77.48,-3.08],[77.48,-3.05]]]}},{"type":"Feature","properties":{"precip":20},"geometry":{"type":"Polygon","coordinates":[[[65.02,-3.18],[65.06,-3.15],[65.17,-3.1],[65.24,-3.1],[65.24,-3.18],[65.17,-3.22],[65.17,-3.28],[65.24,-3.32],[65.24,-3.37],[65.2,-3.38],[65.2,-3.4],[65.17,-3.43],[65.1,-3.52],[64.99,-3.6],[64.92,-3.6],[64.84,-3.55],[64.84,-3.47],[64.88,-3.45],[64.88,-3.4],[64.95,-3.38],[64.95,-3.27],[64.99,-3.25],[64.99,-3.18],[65.02,-3.18]]]}},{"type":"Feature","properties":{"precip":20},"geometry":{"type":"Polygon","coordinates":[[[89.36,-3.15],[89.36,-3.1],[89.43,-3.1],[89.43,-3.18],[89.39,-3.2],[89.36,-3.18],[89.36,-3.15]]]}},{"type":"Feature","properties":{"precip":20},"geometry":{"type":"Polygon","coordinates":[[[90.4,-3.15],[90.4,-3.12],[90.47,-3.1],[90.51,-3.15],[90.51,-3.37],[90.4,-3.4],[90.29,-3.4],[90.26,-3.42],[90.26,-3.47],[90.22,-3.47],[90.22,-3.5],[90.18,-3.5],[90.11,-3.5],[90.08,-3.52],[90.0,-3.58],[89.97,-3.62],[89.97,-3.67],[89.93,-3.7],[89.93,-3.83],[89.86,-3.9],[89.86,-3.93],[89.82,-3.98],[89.72,-4.06],[89.72,-4.1],[89.68,-4.11],[89.68,-4.15],[89.64,-4.18],[89.64,-4.28],[89.57,-4.3],[89.5,-4.3],[89.39,-4.3],[89.36,-4.3],[89.28,-4.3],[89.25,-4.28],[89.25,-4.21],[89.36,-4.13],[89.43,-4.1],[89.46,-4.1],[89.54,-4.08],[89.54,-4.0],[89.46,-4.0],[89.46,-3.98],[89.43,-3.96],[89.43,-3.93],[89.5,-3.9],[89.61,-3.88],[89.64,-3.85],[89.64,-3.7],[89.75,-3.53],[89.82,-3.48],[89.93,-3.4],[90.04,-3.4],[90.08,-3.38],[90.15,-3.37],[90.15,-3.33],[90.22,-3.28],[90.26,-3.23],[90.29,-3.2],[90.33,-3.2],[90.4,-3.18],[90.4,-3.15]]]}},{"type":"Feature","properties":{"precip":20},"geometry":{"type":"Polygon","coordinates":[[[76.54,-3.3],[76.54,-3.23],[76.58,-3.2],[76.79,-3.2],[76.83,-3.22],[76.83,-3.27],[76.76,-3.33],[76.69,-3.4],[76.58,-3.4],[76.54,-3.37],[76.54,-3.3]]]}},{"type":"Feature","properties":{"precip":20},"geometry":{"type":"Polygon","coordinates":[[[64.56,-3.35],[64.56,-3.32],[64.63,-3.3],[64.66,-3.32],[64.66,-3.38],[64.59,-3.4],[64.56,-3.4],[64.56,-3.35]]]}},{"type":"Feature","properties":{"precip":20},"geometry":{"type":"Polygon","coordinates":[[[20.64,-3.5],[20.64,-3.47],[20.68,-3.43],[20.68,-3.4],[20.71,-3.4],[20.82,-3.5],[20.82,-3.53],[20.86,-3.55],[20.86,-3.6],[20.79,-3.6],[20.71,-3.6],[20.64,-3.63],[20.64,-3.7],[20.57,-3.7],[20.57,-3.62],[20.64,-3.6],[20.64,-3.5]]]}},{"type":"Feature","properties":{"precip":20},"geometry":{"type":"Polygon","coordinates":[[[89.14,-3.52],[89.21,-3.48],[89.25,-3.43],[89.32,-3.4],[89.32,-3.45],[89.36,-3.5],[89.36,-3.6],[89.32,-3.63],[89.32,-3.68],[89.25,-3.7],[89.14,-3.7],[89.03,-3.68],[89.07,-3.65],[89.07,-3.62],[89.14,-3.52]]]}},{"type":"Feature","properties":{"precip":20},"geometry":{"type":"Polygon","coordinates":[[[95.26,-3.45],[95.26,-3.42],[95.29,-3.4],[95.4,-3.4],[95.44,-3.42],[95.44,-3.48],[95.37,-3.5],[95.26,-3.5],[95.26,-3.45]]]}},{"type":"Feature","properties":{"precip":20},"geometry":{"type":"Polygon","coordinates":[[[17.44,-3.55],[17.47,-3.5],[17.55,-3.52],[17.55,-3.6],[17.47,-3.6],[17.47,-3.58],[17.44,-3.55]]]}},{"type":"Feature","properties":{"precip":20},"geometry":{"type":"Polygon","coordinates":[[[18.55,-3.58],[18.55,-3.55],[18.59,-3.5],[18.66,-3.5],[18.73,-3.53],[18.84,-3.65],[18.84,-3.78],[18.77,-3.8],[18.66,-3.77],[18.55,-3.67],[18.55,-3.58]]]}},{"type":"Feature","properties":{"precip":20},"geometry":{"type":"Polygon","coordinates":[[[88.6,-3.58],[88.64,-3.53],[88.71,-3.5],[88.78,-3.5],[88.85,-3.57],[88.85,-3.65],[88.82,-3.67],[88.82,-3.7],[88.78,-3.7],[88.67,-3.7],[88.64,-3.73],[88.64,-3.8],[88.6,-3.8],[88.53,-3.75],[88.53,-3.72],[88.56,-3.68],[88.56,-3.6],[88.6,-3.58]]]}},{"type":"Feature","properties":{"precip":20},"geometry":{"type":"Polygon","coordinates":[[[63.66,-3.68],[63.66,-3.63],[63.76,-3.6],[64.12,-3.6],[64.2,-3.62],[64.27,-3.65],[64.27,-3.7],[64.34,-3.7],[64.41,-3.7],[64.45,-3.73],[64.45,-3.91],[64.48,-3.95],[64.48,-3.98],[64.56,-4.0],[64.63,-4.0],[64.63,-3.96],[64.66,-3.95],[64.66,-3.83],[64.74,-3.8],[65.06,-3.8],[65.13,-3.83],[65.17,-3.83],[65.17,-3.88],[65.28,-3.9],[65.38,-3.9],[65.46,-3.93],[65.46,-3.96],[65.53,-4.0],[65.6,-4.0],[65.78,-4.0],[65.85,-4.03],[65.85,-4.06],[65.89,-4.06],[65.92,-4.1],[66.0,-4.1],[66.03,-4.1],[66.1,-4.1],[66.14,-4.1],[66.21,-4.1],[66.25,-4.06],[66.25,-4.03],[66.28,-4.0],[66.39,-4.0],[66.46,-3.96],[66.46,-3.93],[66.57,-3.9],[66.86,-3.9],[66.97,-3.93],[66.97,-4.0],[67.04,-4.0],[67.04,-3.91],[67.07,-3.88],[67.07,-3.85],[67.18,-3.72],[67.25,-3.72],[67.25,-3.78],[67.22,-3.78],[67.18,-3.8],[67.18,-3.86],[67.15,-3.9],[67.15,-4.01],[67.18,-4.05],[67.18,-4.1],[67.25,-4.1],[67.33,-4.1],[67.36,-4.13],[67.36,-4.16],[67.25,-4.2],[67.18,-4.2],[67.07,-4.23],[67.0,-4.3],[66.97,-4.33],[66.97,-4.43],[66.93,-4.48],[66.82,-4.56],[66.75,-4.6],[66.64,-4.6],[66.61,-4.63],[66.53,-4.66],[66.53,-4.68],[66.46,-4.73],[66.46,-4.76],[66.39,-4.78],[66.32,-4.81],[66.28,-4.81],[66.18,-4.83],[66.07,-4.91],[66.07,-5.0],[66.14,-5.0],[66.21,-5.0],[66.25,-5.03],[66.25,-5.21],[66.28,-5.25],[66.28,-5.3],[66.35,-5.28],[66.39,-5.23],[66.39,-5.21],[66.43,-5.21],[66.43,-5.23],[66.5,-5.26],[66.61,-5.28],[66.97,-5.31],[67.15,-5.31],[67.4,-5.28],[67.47,-5.25],[67.47,-5.21],[67.51,-5.21],[67.65,-5.21],[67.65,-5.2],[67.72,-5.2],[67.76,-5.16],[67.76,-5.13],[67.94,-5.11],[68.44,-5.11],[68.55,-5.15],[68.55,-5.28],[68.44,-5.31],[68.37,-5.31],[68.37,-5.4],[68.44,-5.45],[68.55,-5.48],[68.62,-5.51],[68.69,-5.51],[68.77,-5.53],[68.77,-5.58],[68.84,-5.61],[68.91,-5.61],[68.95,-5.61],[68.95,-5.7],[68.87,-5.71],[68.8,-5.71],[68.77,-5.71],[68.77,-5.78],[68.73,-5.78],[68.69,-5.8],[68.62,-5.8],[68.55,-5.81],[68.37,-5.81],[68.26,-5.83],[68.26,-5.86],[68.19,-5.91],[68.08,-5.9],[68.08,-5.86],[68.05,-5.86],[68.05,-5.83],[67.94,-5.81],[67.76,-5.81],[67.72,-5.8],[67.61,-5.8],[67.61,-5.78],[67.54,-5.75],[67.54,-5.71],[67.51,-5.71],[67.36,-5.71],[67.36,-5.7],[67.29,-5.7],[67.25,-5.66],[67.25,-5.61],[67.22,-5.61],[67.04,-5.61],[66.97,-5.63],[66.93,-5.66],[66.93,-5.7],[66.89,-5.71],[66.89,-5.66],[66.82,-5.61],[66.71,-5.61],[66.43,-5.61],[66.32,-5.6],[66.21,-5.56],[66.18,-5.56],[66.1,-5.51],[66.07,-5.48],[66.07,-5.41],[66.1,-5.4],[66.14,-5.4],[66.14,-5.33],[66.1,-5.3],[66.03,-5.23],[66.0,-5.2],[66.0,-5.16],[65.96,-5.15],[65.96,-5.05],[65.89,-5.0],[65.71,-5.0],[65.67,-5.0],[65.6,-5.0],[65.56,-4.96],[65.56,-4.93],[65.42,-4.9],[65.2,-4.9],[65.13,-4.9],[64.95,-4.86],[64.95,-4.83],[64.92,-4.81],[64.88,-4.81],[64.88,-4.85],[64.74,-4.9],[64.63,-4.9],[64.56,-4.95],[64.56,-5.03],[64.52,-5.06],[64.52,-5.1],[64.45,-5.15],[64.45,-5.16],[64.38,-5.18],[64.34,-5.15],[64.34,-5.11],[64.27,-5.08],[64.27,-5.01],[64.3,-5.0],[64.3,-4.98],[64.34,-4.95],[64.41,-4.91],[64.41,-4.88],[64.45,-4.85],[64.45,-4.81],[64.41,-4.81],[64.34,-4.81],[64.27,-4.8],[64.16,-4.75],[64.05,-4.66],[64.05,-4.63],[64.09,-4.6],[64.12,-4.6],[64.12,-4.58],[64.16,-4.58],[64.16,-4.51],[64.12,-4.5],[63.94,-4.5],[63.87,-4.55],[63.8,-4.6],[63.76,-4.56],[63.76,-4.55],[63.73,-4.5],[63.69,-4.5],[63.66,-4.55],[63.66,-4.65],[63.62,-4.66],[63.62,-4.7],[63.55,-4.7],[63.48,-4.7],[63.37,-4.68],[63.37,-4.61],[63.48,-4.6],[63.55,-4.56],[63.55,-4.46],[63.51,-4.43],[63.51,-4.4],[63.4,-4.4],[63.33,-4.46],[63.33,-4.5],[63.26,-4.46],[63.26,-4.43],[63.22,-4.4],[63.15,-4.4],[63.08,-4.4],[63.08,-4.36],[63.04,-4.35],[63.04,-4.28],[63.08,-4.25],[63.08,-4.2],[63.15,-4.18],[63.15,-4.06],[63.19,-4.05],[63.19,-4.0],[63.26,-3.93],[63.33,-3.91],[63.37,-3.95],[63.37,-3.98],[63.4,-3.98],[63.48,-3.95],[63.48,-3.91],[63.58,-3.83],[63.58,-3.8],[63.62,-3.78],[63.62,-3.75],[63.66,-3.72],[63.66,-3.68]],[[68.05,-5.65],[68.05,-5.61],[68.01,-5.61],[67.9,-5.61],[67.87,-5.61],[67.87,-5.68],[67.94,-5.71],[67.97,-5.71],[68.05,-5.68],[68.05,-5.65]]]}},{"type":"Feature","properties":{"precip":20},"geometry":{"type":"Polygon","coordinates":[[[78.34,-3.68],[78.34,-3.65],[78.38,-3.6],[78.45,-3.62],[78.45,-3.65],[78.56,-3.73],[78.56,-3.8],[78.49,-3.8],[78.38,-3.8],[78.27,-3.78],[78.27,-3.73],[78.34,-3.68]]]}},{"type":"Feature","properties":{"precip":20},"geometry":{"type":"Polygon","coordinates":[[[62.65,-4.1],[62.65,-4.05],[62.68,-4.03],[62.68,-4.0],[62.72,-4.0],[62.76,-4.03],[62.76,-4.18],[62.72,-4.18],[62.72,-4.2],[62.65,-4.16],[62.65,-4.1]]]}},{"type":"Feature","properties":{"precip":20},"geometry":{"type":"Polygon","coordinates":[[[93.57,-4.18],[93.71,-4.06],[93.82,-4.01],[93.96,-4.0],[94.03,-4.03],[94.03,-4.1],[94.07,-4.11],[94.07,-4.16],[94.11,-4.2],[94.11,-4.21],[94.14,-4.28],[94.21,-4.3],[94.21,-4.4],[94.18,-4.4],[94.18,-4.45],[94.14,-4.5],[94.14,-5.06],[94.03,-5.11],[93.93,-5.11],[93.85,-5.11],[93.85,-5.15],[93.82,-5.18],[93.71,-5.21],[93.6,-5.16],[93.6,-5.13],[93.57,-5.11],[93.53,-5.11],[93.53,-5.13],[93.49,-5.16],[93.49,-5.2],[93.39,-5.2],[93.35,-5.18],[93.21,-5.06],[93.21,-5.01],[93.28,-5.0],[93.28,-4.93],[93.31,-4.9],[93.31,-4.63],[93.35,-4.61],[93.35,-4.6],[93.39,-4.6],[93.39,-4.51],[93.42,-4.5],[93.42,-4.38],[93.46,-4.33],[93.46,-4.3],[93.57,-4.18]]]}},{"type":"Feature","properties":{"precip":20},"geometry":{"type":"Polygon","coordinates":[[[62.47,-4.45],[62.47,-4.25],[62.5,-4.2],[62.58,-4.25],[62.61,-4.3],[62.65,-4.33],[62.65,-4.36],[62.72,-4.38],[62.83,-4.41],[62.86,-4.46],[62.86,-4.55],[62.83,-4.56],[62.83,-4.6],[62.79,-4.6],[62.76,-4.6],[62.76,-4.51],[62.68,-4.5],[62.68,-4.55],[62.65,-4.55],[62.65,-4.66],[62.61,-4.7],[62.54,-4.7],[62.47,-4.68],[62.47,-4.45]]]}},{"type":"Feature","properties":{"precip":20},"geometry":{"type":"Polygon","coordinates":[[[70.06,-4.35],[70.06,-4.3],[70.13,-4.31],[70.21,-4.38],[70.21,-4.41],[70.24,-4.45],[70.24,-4.51],[70.28,-4.55],[70.28,-4.6],[70.31,-4.6],[70.35,-4.61],[70.35,-4.66],[70.31,-4.68],[70.31,-4.7],[70.24,-4.76],[70.24,-4.78],[70.17,-4.8],[70.17,-4.76],[70.1,-4.7],[69.99,-4.7],[69.88,-4.73],[69.81,-4.81],[69.7,-4.88],[69.56,-4.9],[69.49,-4.93],[69.49,-4.95],[69.41,-4.98],[69.41,-5.0],[69.38,-5.01],[69.38,-5.05],[69.27,-5.1],[69.2,-5.1],[69.16,-5.11],[68.95,-5.11],[68.87,-5.13],[68.87,-5.16],[68.84,-5.16],[68.84,-5.2],[68.77,-5.18],[68.77,-5.01],[68.8,-5.0],[68.84,-5.0],[68.84,-4.93],[68.87,-4.91],[68.87,-4.81],[68.91,-4.81],[68.98,-4.81],[69.05,-4.8],[69.13,-4.76],[69.13,-4.75],[69.23,-4.7],[69.23,-4.66],[69.31,-4.61],[69.34,-4.63],[69.41,-4.7],[69.52,-4.7],[69.59,-4.7],[69.77,-4.68],[69.85,-4.65],[69.95,-4.56],[69.95,-4.51],[69.88,-4.5],[69.85,-4.45],[69.92,-4.4],[69.99,-4.4],[70.06,-4.35]],[[69.34,-4.75],[69.34,-4.7],[69.27,-4.7],[69.27,-4.8],[69.31,-4.81],[69.34,-4.8],[69.34,-4.75]]]}},{"type":"Feature","properties":{"precip":20},"geometry":{"type":"Polygon","coordinates":[[[88.1,-4.38],[88.13,-4.35],[88.13,-4.31],[88.17,-4.3],[88.2,-4.31],[88.31,-4.4],[88.31,-4.45],[88.35,-4.48],[88.35,-4.51],[88.31,-4.55],[88.31,-4.6],[88.24,-4.65],[88.17,-4.73],[88.17,-4.8],[88.13,-4.85],[88.13,-4.9],[88.17,-4.95],[88.17,-5.0],[88.24,-5.03],[88.24,-5.06],[88.17,-5.1],[88.17,-5.15],[88.13,-5.16],[88.13,-5.26],[88.06,-5.3],[87.99,-5.31],[87.88,-5.31],[87.81,-5.3],[87.74,-5.26],[87.74,-5.06],[87.77,-5.03],[87.77,-5.0],[87.81,-5.0],[87.92,-4.98],[87.99,-4.9],[87.99,-4.86],[88.02,-4.8],[88.02,-4.6],[88.06,-4.56],[88.06,-4.41],[88.1,-4.38]]]}},{"type":"Feature","properties":{"precip":20},"geometry":{"type":"Polygon","coordinates":[[[83.02,-4.43],[83.02,-4.41],[83.09,-4.4],[83.27,-4.4],[83.34,-4.45],[83.34,-4.55],[83.27,-4.6],[83.13,-4.56],[83.09,-4.55],[83.09,-4.5],[83.06,-4.5],[83.06,-4.45],[83.02,-4.43]]]}},{"type":"Feature","properties":{"precip":20},"geometry":{"type":"Polygon","coordinates":[[[89.03,-4.45],[89.03,-4.41],[89.1,-4.4],[89.14,-4.45],[89.14,-4.63],[89.18,-4.65],[89.18,-4.7],[89.21,-4.7],[89.21,-4.76],[89.14,-4.86],[89.07,-4.91],[89.0,-5.0],[88.92,-5.0],[88.85,-4.96],[88.78,-4.88],[88.71,-4.81],[88.64,-4.73],[88.64,-4.66],[88.71,-4.6],[88.71,-4.56],[88.85,-4.5],[88.92,-4.5],[89.03,-4.48],[89.03,-4.45]],[[89.03,-4.85],[89.03,-4.81],[88.96,-4.81],[88.96,-4.83],[88.92,-4.83],[88.92,-4.86],[88.96,-4.86],[88.96,-4.9],[89.03,-4.9],[89.03,-4.85]]]}},{"type":"Feature","properties":{"precip":20},"geometry":{"type":"Polygon","coordinates":[[[95.15,-4.65],[95.15,-4.6],[95.22,-4.6],[95.26,-4.63],[95.26,-4.66],[95.22,-4.68],[95.22,-4.7],[95.15,-4.7],[95.15,-4.65]]]}},{"type":"Feature","properties":{"precip":20},"geometry":{"type":"Polygon","coordinates":[[[63.87,-5.05],[63.87,-4.81],[63.91,-4.81],[63.94,-4.85],[64.02,-4.9],[64.02,-4.91],[64.09,-4.96],[64.09,-5.0],[64.12,-5.03],[64.12,-5.1],[64.05,-5.16],[63.91,-5.28],[63.87,-5.33],[63.8,-5.36],[63.73,-5.41],[63.66,-5.38],[63.66,-5.31],[63.69,-5.31],[63.76,-5.31],[63.84,-5.28],[63.84,-5.11],[63.87,-5.05]]]}},{"type":"Feature","properties":{"precip":20},"geometry":{"type":"Polygon","coordinates":[[[73.77,-4.85],[73.77,-4.81],[73.84,-4.81],[73.84,-4.83],[73.88,-4.83],[73.88,-4.86],[73.84,-4.86],[73.84,-4.9],[73.77,-4.9],[73.77,-4.85]]]}},{"type":"Feature","properties":{"precip":20},"geometry":{"type":"Polygon","coordinates":[[[94.43,-4.85],[94.5,-4.81],[94.57,-4.81],[94.61,-4.81],[95.08,-4.81],[95.19,-4.81],[95.26,-4.85],[95.15,-4.9],[95.01,-4.9],[94.93,-4.9],[94.75,-4.9],[94.68,-4.9],[94.57,-4.9],[94.5,-4.88],[94.43,-4.85]]]}},{"type":"Feature","properties":{"precip":20},"geometry":{"type":"Polygon","coordinates":[[[80.68,-5.11],[80.68,-5.08],[80.75,-5.05],[80.79,-5.0],[80.9,-5.0],[80.93,-5.03],[80.93,-5.18],[80.97,-5.18],[80.97,-5.21],[81.04,-5.18],[81.04,-5.11],[81.11,-5.11],[81.11,-5.16],[81.15,-5.18],[81.15,-5.28],[81.22,-5.3],[81.29,-5.3],[81.33,-5.26],[81.33,-5.16],[81.4,-5.06],[81.51,-5.0],[81.58,-5.0],[81.62,-5.01],[81.65,-5.06],[81.65,-5.1],[81.72,-5.08],[81.72,-5.03],[81.76,-5.0],[81.83,-5.01],[81.83,-5.06],[81.76,-5.11],[81.76,-5.2],[81.8,-5.23],[81.87,-5.26],[81.87,-5.28],[81.94,-5.3],[81.94,-5.31],[82.01,-5.31],[82.01,-5.33],[82.05,-5.33],[82.05,-5.4],[82.12,-5.41],[82.19,-5.41],[82.23,-5.43],[82.23,-5.66],[82.19,-5.68],[82.19,-5.71],[82.12,-5.75],[82.19,-5.8],[82.19,-5.81],[82.23,-5.83],[82.19,-5.86],[82.19,-5.9],[82.12,-5.95],[82.05,-6.01],[82.05,-6.05],[82.01,-6.08],[81.94,-6.16],[81.94,-6.23],[81.87,-6.31],[81.87,-6.33],[81.69,-6.41],[81.58,-6.38],[81.58,-6.35],[81.54,-6.33],[81.29,-6.13],[81.22,-6.11],[81.15,-6.11],[81.08,-6.08],[81.04,-6.05],[81.04,-5.93],[81.08,-5.9],[81.15,-5.85],[81.22,-5.75],[81.22,-5.48],[81.15,-5.38],[81.08,-5.31],[81.0,-5.31],[80.86,-5.31],[80.82,-5.36],[80.75,-5.4],[80.68,-5.4],[80.64,-5.41],[80.46,-5.41],[80.39,-5.41],[80.36,-5.45],[80.36,-5.48],[80.28,-5.51],[80.28,-5.46],[80.39,-5.33],[80.43,-5.28],[80.5,-5.21],[80.54,-5.21],[80.64,-5.16],[80.64,-5.13],[80.68,-5.11]]]}},{"type":"Feature","properties":{"precip":20},"geometry":{"type":"Polygon","coordinates":[[[94.25,-5.05],[94.25,-5.01],[94.29,-5.0],[94.39,-5.0],[94.43,-5.01],[94.43,-5.1],[94.32,-5.11],[94.32,-5.1],[94.25,-5.08],[94.25,-5.05]]]}},{"type":"Feature","properties":{"precip":20},"geometry":{"type":"Polygon","coordinates":[[[69.16,-5.28],[69.16,-5.21],[69.23,-5.21],[69.27,-5.23],[69.27,-5.3],[69.31,-5.31],[69.38,-5.31],[69.45,-5.33],[69.52,-5.4],[69.52,-5.41],[69.56,-5.45],[69.56,-5.48],[69.41,-5.51],[69.34,-5.48],[69.27,-5.46],[69.2,-5.41],[69.2,-5.36],[69.16,-5.31],[69.16,-5.28]]]}},{"type":"Feature","properties":{"precip":20},"geometry":{"type":"Polygon","coordinates":[[[72.98,-5.41],[72.98,-5.31],[73.01,-5.31],[73.12,-5.31],[73.16,-5.31],[73.16,-5.36],[73.3,-5.41],[73.45,-5.41],[73.59,-5.46],[73.63,-5.51],[73.63,-5.53],[73.66,-5.55],[73.66,-5.6],[73.59,-5.6],[73.52,-5.61],[73.45,-5.63],[73.45,-5.7],[73.37,-5.68],[73.37,-5.65],[73.34,-5.63],[73.34,-5.61],[73.3,-5.61],[73.27,-5.63],[73.27,-5.68],[73.19,-5.71],[73.16,-5.71],[73.09,-5.66],[73.09,-5.63],[73.05,-5.61],[73.05,-5.51],[73.01,-5.51],[72.98,-5.51],[72.98,-5.41]]]}},{"type":"Feature","properties":{"precip":20},"geometry":{"type":"Polygon","coordinates":[[[80.93,-5.45],[80.93,-5.41],[80.97,-5.41],[81.04,-5.41],[81.04,-5.48],[80.97,-5.51],[80.93,-5.51],[80.93,-5.45]]]}},{"type":"Feature","properties":{"precip":20},"geometry":{"type":"Polygon","coordinates":[[[16.36,-5.55],[16.36,-5.51],[16.43,-5.51],[16.43,-5.53],[16.47,-5.55],[16.43,-5.56],[16.43,-5.6],[16.36,-5.6],[16.36,-5.55]]]}},{"type":"Feature","properties":{"precip":20},"geometry":{"type":"Polygon","coordinates":[[[79.78,-5.71],[79.78,-5.61],[79.82,-5.61],[80.03,-5.61],[80.07,-5.61],[80.07,-5.66],[79.96,-5.78],[79.89,-5.8],[79.82,-5.8],[79.78,-5.78],[79.78,-5.71]]]}},{"type":"Feature","properties":{"precip":20},"geometry":{"type":"Polygon","coordinates":[[[94.36,-5.75],[94.36,-5.71],[94.43,-5.71],[94.43,-5.8],[94.39,-5.81],[94.36,-5.8],[94.36,-5.75]]]}},{"type":"Feature","properties":{"precip":20},"geometry":{"type":"Polygon","coordinates":[[[92.52,-5.85],[92.52,-5.81],[92.59,-5.81],[92.59,-5.9],[92.52,-5.9],[92.52,-5.85]]]}},{"type":"Feature","properties":{"precip":20},"geometry":{"type":"Polygon","coordinates":[[[72.65,-5.95],[72.65,-5.91],[72.69,-5.91],[72.8,-5.91],[72.83,-5.91],[72.91,-5.98],[72.91,-6.01],[72.94,-6.05],[72.94,-6.15],[72.98,-6.18],[72.98,-6.28],[72.94,-6.31],[72.94,-6.38],[72.83,-6.41],[72.76,-6.41],[72.69,-6.4],[72.62,-6.4],[72.58,-6.38],[72.58,-6.33],[72.55,-6.3],[72.55,-6.11],[72.47,-6.1],[72.47,-6.01],[72.51,-6.01],[72.58,-6.01],[72.65,-5.98],[72.65,-5.95]]]}},{"type":"Feature","properties":{"precip":20},"geometry":{"type":"Polygon","coordinates":[[[75.07,-5.95],[75.07,-5.91],[75.14,-5.91],[75.17,-5.93],[75.17,-5.96],[75.14,-5.98],[75.14,-6.01],[75.07,-6.0],[75.07,-5.95]]]}},{"type":"Feature","properties":{"precip":20},"geometry":{"type":"Polygon","coordinates":[[[91.66,-6.01],[91.66,-5.98],[91.73,-5.93],[91.73,-5.91],[91.8,-5.91],[91.8,-6.05],[91.84,-6.08],[91.84,-6.11],[91.91,-6.08],[91.91,-6.01],[91.95,-6.01],[92.05,-6.01],[92.09,-6.01],[92.09,-6.1],[92.02,-6.11],[91.95,-6.11],[91.91,-6.13],[91.91,-6.26],[91.98,-6.3],[92.05,-6.31],[92.16,-6.31],[92.23,-6.3],[92.31,-6.26],[92.31,-6.23],[92.49,-6.21],[92.77,-6.21],[92.88,-6.2],[92.99,-6.2],[93.06,-6.16],[93.1,-6.16],[93.1,-6.11],[93.06,-6.11],[92.99,-6.11],[92.92,-6.1],[92.92,-6.05],[93.06,-5.91],[93.13,-5.91],[93.28,-5.91],[93.31,-5.95],[93.31,-5.98],[93.39,-6.01],[93.46,-6.01],[93.49,-6.01],[93.49,-6.08],[93.39,-6.11],[93.31,-6.11],[93.24,-6.13],[93.1,-6.25],[93.06,-6.31],[92.99,-6.35],[92.92,-6.38],[92.81,-6.41],[92.74,-6.41],[92.7,-6.38],[92.7,-6.31],[92.67,-6.31],[92.56,-6.31],[92.52,-6.31],[92.49,-6.36],[92.49,-6.4],[92.41,-6.36],[92.38,-6.33],[92.38,-6.31],[92.34,-6.31],[92.31,-6.33],[92.31,-6.38],[92.27,-6.38],[92.16,-6.41],[92.13,-6.45],[92.05,-6.48],[92.05,-6.51],[92.02,-6.53],[91.98,-6.6],[91.95,-6.6],[91.91,-6.61],[91.84,-6.61],[91.8,-6.63],[91.8,-6.66],[91.77,-6.7],[91.66,-6.7],[91.62,-6.71],[91.44,-6.66],[91.37,-6.61],[91.34,-6.56],[91.26,-6.51],[91.16,-6.4],[91.16,-6.36],[91.12,-6.33],[91.16,-6.31],[91.16,-6.3],[91.26,-6.21],[91.34,-6.21],[91.41,-6.18],[91.41,-6.11],[91.55,-6.08],[91.59,-6.08],[91.59,-6.05],[91.66,-6.01]]]}},{"type":"Feature","properties":{"precip":20},"geometry":{"type":"Polygon","coordinates":[[[92.7,-6.05],[92.7,-6.01],[92.74,-6.01],[92.81,-6.01],[92.81,-6.08],[92.77,-6.11],[92.7,-6.08],[92.7,-6.05]]]}},{"type":"Feature","properties":{"precip":20},"geometry":{"type":"Polygon","coordinates":[[[16.86,-6.15],[16.86,-6.11],[16.9,-6.11],[17.01,-6.11],[17.04,-6.11],[17.04,-6.18],[16.97,-6.21],[16.86,-6.2],[16.86,-6.15]]]}},{"type":"Feature","properties":{"precip":20},"geometry":{"type":"Polygon","coordinates":[[[72.26,-6.23],[72.26,-6.21],[72.33,-6.21],[72.44,-6.31],[72.44,-6.4],[72.37,-6.36],[72.29,-6.31],[72.29,-6.28],[72.26,-6.23]]]}},{"type":"Feature","properties":{"precip":20},"geometry":{"type":"Polygon","coordinates":[[[80.46,-6.31],[80.46,-6.23],[80.5,-6.21],[80.54,-6.23],[80.54,-6.26],[80.57,-6.28],[80.57,-6.31],[80.64,-6.35],[80.64,-6.38],[80.68,-6.38],[80.75,-6.41],[80.82,-6.41],[80.82,-6.5],[80.75,-6.51],[80.75,-6.55],[80.72,-6.56],[80.72,-6.65],[80.61,-6.76],[80.5,-6.81],[80.46,-6.76],[80.46,-6.63],[80.39,-6.6],[80.39,-6.55],[80.36,-6.53],[80.36,-6.46],[80.39,-6.45],[80.39,-6.41],[80.43,-6.41],[80.43,-6.38],[80.46,-6.38],[80.46,-6.31]]]}},{"type":"Feature","properties":{"precip":20},"geometry":{"type":"Polygon","coordinates":[[[17.65,-6.35],[17.65,-6.31],[17.73,-6.31],[17.76,-6.33],[17.76,-6.36],[17.69,-6.41],[17.65,-6.4],[17.65,-6.35]]]}},{"type":"Feature","properties":{"precip":20},"geometry":{"type":"Polygon","coordinates":[[[17.83,-6.35],[17.91,-6.31],[18.01,-6.31],[18.05,-6.31],[18.05,-6.38],[17.98,-6.4],[17.87,-6.4],[17.87,-6.36],[17.83,-6.35]]]}},{"type":"Feature","properties":{"precip":20},"geometry":{"type":"Polygon","coordinates":[[[85.9,-6.38],[85.97,-6.31],[86.01,-6.31],[86.04,-6.35],[86.04,-6.55],[86.01,-6.6],[85.94,-6.61],[85.86,-6.6],[85.83,-6.53],[85.83,-6.5],[85.86,-6.45],[85.86,-6.41],[85.9,-6.38]]]}},{"type":"Feature","properties":{"precip":20},"geometry":{"type":"Polygon","coordinates":[[[81.04,-6.51],[81.04,-6.41],[81.11,-6.41],[81.11,-6.46],[81.15,-6.48],[81.15,-6.51],[81.11,-6.53],[81.11,-6.6],[81.04,-6.6],[81.04,-6.51]]]}},{"type":"Feature","properties":{"precip":20},"geometry":{"type":"Polygon","coordinates":[[[76.83,-6.55],[76.83,-6.51],[76.9,-6.51],[76.94,-6.51],[76.94,-6.6],[76.87,-6.61],[76.83,-6.6],[76.83,-6.55]]]}},{"type":"Feature","properties":{"precip":20},"geometry":{"type":"Polygon","coordinates":[[[91.01,-6.65],[91.01,-6.61],[91.08,-6.61],[91.12,-6.63],[91.12,-6.66],[91.05,-6.71],[91.01,-6.7],[91.01,-6.65]]]}},{"type":"Feature","properties":{"precip":20},"geometry":{"type":"Polygon","coordinates":[[[79.38,-6.75],[79.38,-6.71],[79.46,-6.71],[79.49,-6.76],[79.49,-6.8],[79.56,-6.76],[79.56,-6.73],[79.6,-6.71],[79.64,-6.71],[79.64,-6.73],[79.67,-6.76],[79.78,-6.8],[80.0,-6.8],[80.07,-6.78],[80.07,-6.71],[80.1,-6.71],[80.21,-6.71],[80.25,-6.71],[80.25,-6.78],[80.28,-6.81],[80.28,-6.9],[80.25,-6.93],[80.25,-6.98],[80.1,-7.01],[80.03,-7.01],[79.96,-7.03],[79.96,-7.08],[79.92,-7.08],[79.78,-7.13],[79.78,-7.16],[79.74,-7.16],[79.74,-7.2],[79.64,-7.21],[79.6,-7.23],[79.53,-7.28],[79.53,-7.31],[79.46,-7.38],[79.42,-7.41],[79.38,-7.38],[79.38,-7.11],[79.46,-7.1],[79.46,-7.03],[79.42,-7.01],[79.31,-7.01],[79.28,-7.03],[79.28,-7.13],[79.24,-7.13],[79.24,-7.2],[79.2,-7.21],[79.2,-7.23],[79.1,-7.3],[78.99,-7.3],[78.95,-7.23],[78.99,-7.23],[78.99,-7.21],[79.06,-7.18],[79.06,-7.05],[79.1,-7.03],[79.1,-7.01],[79.13,-7.01],[79.13,-6.98],[79.17,-6.98],[79.17,-6.83],[79.2,-6.81],[79.24,-6.81],[79.28,-6.83],[79.28,-6.88],[79.35,-6.9],[79.46,-6.88],[79.46,-6.81],[79.38,-6.8],[79.38,-6.75]]]}},{"type":"Feature","properties":{"precip":20},"geometry":{"type":"Polygon","coordinates":[[[71.36,-7.15],[71.36,-7.13],[71.39,-7.11],[71.47,-7.13],[71.47,-7.18],[71.39,-7.2],[71.36,-7.18],[71.36,-7.15]]]}},{"type":"Feature","properties":{"precip":20},"geometry":{"type":"Polygon","coordinates":[[[15.06,-7.35],[15.06,-7.31],[15.14,-7.31],[15.14,-7.41],[15.06,-7.41],[15.06,-7.35]]]}},{"type":"Feature","properties":{"precip":20},"geometry":{"type":"Polygon","coordinates":[[[15.85,-7.35],[15.85,-7.31],[15.93,-7.31],[15.96,-7.33],[15.96,-7.36],[15.89,-7.41],[15.85,-7.41],[15.85,-7.35]]]}},{"type":"Feature","properties":{"precip":20},"geometry":{"type":"Polygon","coordinates":[[[69.81,-7.71],[69.85,-7.66],[69.92,-7.63],[70.03,-7.59],[70.13,-7.63],[70.17,-7.68],[70.17,-7.73],[70.1,-7.81],[70.03,-7.86],[69.95,-7.89],[69.88,-7.91],[69.81,-7.91],[69.77,-7.93],[69.77,-7.94],[69.67,-7.99],[69.59,-7.99],[69.56,-8.01],[69.52,-7.99],[69.45,-7.99],[69.34,-7.94],[69.41,-7.91],[69.52,-7.88],[69.56,-7.88],[69.56,-7.83],[69.67,-7.79],[69.74,-7.76],[69.74,-7.74],[69.81,-7.73],[69.81,-7.71]]]}},{"type":"Feature","properties":{"precip":20},"geometry":{"type":"Polygon","coordinates":[[[14.56,-7.74],[14.56,-7.71],[14.63,-7.71],[14.63,-7.79],[14.56,-7.79],[14.56,-7.74]]]}},{"type":"Feature","properties":{"precip":20},"geometry":{"type":"Polygon","coordinates":[[[79.38,-7.74],[79.38,-7.71],[79.46,-7.71],[79.46,-7.79],[79.38,-7.79],[79.38,-7.74]]]}},{"type":"Feature","properties":{"precip":20},"geometry":{"type":"Polygon","coordinates":[[[15.53,-7.91],[15.57,-7.88],[15.57,-7.81],[15.64,-7.83],[15.64,-7.98],[15.57,-7.99],[15.57,-7.93],[15.53,-7.91]]]}},{"type":"Feature","properties":{"precip":20},"geometry":{"type":"Polygon","coordinates":[[[79.06,-7.91],[79.06,-7.84],[79.1,-7.83],[79.1,-7.81],[79.13,-7.81],[79.17,-7.83],[79.17,-7.96],[79.13,-7.98],[79.13,-8.01],[79.1,-7.99],[79.1,-7.96],[79.06,-7.94],[79.06,-7.91]]]}},{"type":"Feature","properties":{"precip":20},"geometry":{"type":"Polygon","coordinates":[[[14.74,-7.99],[14.74,-7.96],[14.78,-7.93],[14.78,-7.91],[14.85,-7.93],[14.85,-7.96],[14.92,-7.99],[15.03,-8.01],[15.14,-8.03],[15.21,-8.09],[15.24,-8.13],[15.24,-8.26],[15.28,-8.28],[15.35,-8.33],[15.35,-8.46],[15.24,-8.51],[15.17,-8.51],[15.17,-8.54],[15.14,-8.58],[15.14,-8.68],[15.06,-8.69],[14.99,-8.69],[14.96,-8.68],[14.96,-8.61],[15.03,-8.59],[15.03,-8.56],[15.06,-8.56],[15.06,-8.53],[15.03,-8.53],[15.03,-8.51],[14.96,-8.51],[14.88,-8.48],[14.81,-8.43],[14.78,-8.38],[14.78,-8.31],[14.81,-8.29],[14.81,-8.26],[14.85,-8.23],[14.85,-8.13],[14.81,-8.11],[14.74,-8.13],[14.74,-8.18],[14.67,-8.19],[14.67,-8.13],[14.7,-8.13],[14.7,-8.09],[14.74,-8.06],[14.74,-7.99]],[[15.14,-8.44],[15.14,-8.41],[15.06,-8.41],[15.06,-8.49],[15.14,-8.49],[15.14,-8.44]]]}},{"type":"Feature","properties":{"precip":20},"geometry":{"type":"Polygon","coordinates":[[[37.74,-7.98],[37.74,-7.94],[37.85,-7.91],[37.88,-7.93],[37.85,-7.94],[37.85,-7.99],[37.81,-8.01],[37.7,-8.09],[37.67,-8.04],[37.74,-7.98]]]}},{"type":"Feature","properties":{"precip":20},"geometry":{"type":"Polygon","coordinates":[[[70.46,-7.94],[70.46,-7.93],[70.49,-7.91],[70.57,-7.93],[70.57,-7.98],[70.53,-7.98],[70.49,-8.01],[70.46,-7.98],[70.46,-7.94]]]}},{"type":"Feature","properties":{"precip":20},"geometry":{"type":"Polygon","coordinates":[[[71.57,-7.94],[71.57,-7.91],[71.65,-7.91],[71.65,-8.18],[71.61,-8.19],[71.54,-8.19],[71.47,-8.21],[71.39,-8.19],[71.32,-8.19],[71.29,-8.18],[71.29,-8.14],[71.25,-8.13],[71.25,-8.04],[71.32,-8.01],[71.39,-8.01],[71.43,-7.99],[71.5,-7.99],[71.57,-7.94]]]}},{"type":"Feature","properties":{"precip":20},"geometry":{"type":"Polygon","coordinates":[[[74.85,-8.21],[74.85,-8.16],[74.89,-8.14],[74.89,-8.11],[74.96,-8.13],[74.96,-8.28],[74.89,-8.29],[74.89,-8.24],[74.85,-8.23],[74.85,-8.21]]]}},{"type":"Feature","properties":{"precip":20},"geometry":{"type":"Polygon","coordinates":[[[70.17,-8.24],[70.17,-8.23],[70.21,-8.21],[70.31,-8.21],[70.35,-8.23],[70.35,-8.28],[70.31,-8.29],[70.21,-8.29],[70.17,-8.28],[70.17,-8.24]]]}},{"type":"Feature","properties":{"precip":20},"geometry":{"type":"Polygon","coordinates":[[[75.07,-8.44],[75.07,-8.43],[75.14,-8.41],[75.17,-8.43],[75.17,-8.46],[75.1,-8.49],[75.07,-8.48],[75.07,-8.44]]]}},{"type":"Feature","properties":{"precip":20},"geometry":{"type":"Polygon","coordinates":[[[77.55,-8.54],[77.59,-8.53],[77.59,-8.51],[77.66,-8.51],[77.66,-8.59],[77.59,-8.59],[77.59,-8.56],[77.55,-8.54]]]}},{"type":"Feature","properties":{"precip":20},"geometry":{"type":"Polygon","coordinates":[[[75.17,-8.71],[75.17,-8.63],[75.21,-8.61],[75.32,-8.61],[75.35,-8.63],[75.35,-8.73],[75.39,-8.74],[75.39,-8.79],[75.46,-8.83],[75.46,-8.96],[75.39,-8.99],[75.14,-8.99],[75.07,-8.96],[75.07,-8.83],[75.14,-8.79],[75.14,-8.74],[75.17,-8.73],[75.17,-8.71]]]}},{"type":"Feature","properties":{"precip":20},"geometry":{"type":"Polygon","coordinates":[[[71.47,-8.83],[71.47,-8.81],[71.5,-8.81],[71.61,-8.88],[71.61,-8.91],[71.65,-8.93],[71.65,-8.98],[71.57,-8.96],[71.5,-8.91],[71.5,-8.88],[71.47,-8.83]]]}},{"type":"Feature","properties":{"precip":20},"geometry":{"type":"Polygon","coordinates":[[[77.77,-8.94],[77.77,-8.93],[77.8,-8.91],[77.87,-8.93],[77.87,-8.98],[77.84,-8.99],[77.77,-8.98],[77.77,-8.94]]]}},{"type":"Feature","properties":{"precip":20},"geometry":{"type":"Polygon","coordinates":[[[77.95,-9.08],[77.95,-9.04],[78.05,-9.01],[78.13,-8.99],[78.16,-9.01],[78.16,-9.04],[78.13,-9.08],[78.13,-9.11],[78.05,-9.18],[77.98,-9.19],[77.87,-9.19],[77.87,-9.14],[77.95,-9.08]]]}},{"type":"Feature","properties":{"precip":20},"geometry":{"type":"Polygon","coordinates":[[[91.01,-9.09],[91.01,-9.03],[91.05,-8.99],[91.08,-9.01],[91.08,-9.04],[91.12,-9.06],[91.12,-9.14],[91.08,-9.14],[91.08,-9.19],[91.01,-9.18],[91.01,-9.09]]]}},{"type":"Feature","properties":{"precip":20},"geometry":{"type":"Polygon","coordinates":[[[15.14,-9.14],[15.17,-9.11],[15.24,-9.11],[15.24,-9.19],[15.17,-9.19],[15.14,-9.14]]]}},{"type":"Feature","properties":{"precip":20},"geometry":{"type":"Polygon","coordinates":[[[90.47,-9.28],[90.51,-9.24],[90.72,-9.19],[90.87,-9.23],[90.9,-9.24],[90.9,-9.34],[90.87,-9.34],[90.87,-9.39],[90.83,-9.41],[90.83,-9.44],[90.72,-9.49],[90.62,-9.49],[90.62,-9.44],[90.51,-9.39],[90.44,-9.39],[90.4,-9.36],[90.44,-9.34],[90.44,-9.31],[90.47,-9.28]]]}},{"type":"Feature","properties":{"precip":20},"geometry":{"type":"Polygon","coordinates":[[[16.03,-9.39],[16.07,-9.34],[16.07,-9.31],[16.14,-9.31],[16.14,-9.29],[16.25,-9.33],[16.25,-9.34],[16.21,-9.36],[16.21,-9.39],[16.14,-9.46],[16.07,-9.49],[16.07,-9.46],[16.03,-9.44],[16.03,-9.39]]]}},{"type":"Feature","properties":{"precip":20},"geometry":{"type":"Polygon","coordinates":[[[20.14,-9.34],[20.17,-9.34],[20.17,-9.31],[20.25,-9.31],[20.25,-9.39],[20.17,-9.39],[20.17,-9.36],[20.14,-9.34]]]}},{"type":"Feature","properties":{"precip":20},"geometry":{"type":"Polygon","coordinates":[[[77.87,-9.34],[77.87,-9.31],[77.95,-9.31],[77.95,-9.34],[77.98,-9.34],[77.98,-9.36],[77.95,-9.36],[77.95,-9.39],[77.87,-9.39],[77.87,-9.34]]]}},{"type":"Feature","properties":{"precip":20},"geometry":{"type":"Polygon","coordinates":[[[78.05,-9.54],[78.09,-9.51],[78.16,-9.51],[78.16,-9.59],[78.09,-9.59],[78.05,-9.54]]]}},{"type":"Feature","properties":{"precip":20},"geometry":{"type":"Polygon","coordinates":[[[78.27,-9.59],[78.27,-9.54],[78.31,-9.51],[78.38,-9.49],[78.45,-9.51],[78.45,-9.56],[78.41,-9.59],[78.41,-9.64],[78.38,-9.66],[78.31,-9.69],[78.27,-9.69],[78.27,-9.59]]]}},{"type":"Feature","properties":{"precip":20},"geometry":{"type":"Polygon","coordinates":[[[16.47,-9.84],[16.47,-9.81],[16.54,-9.81],[16.54,-9.79],[16.61,-9.81],[16.65,-9.84],[16.65,-9.99],[16.61,-9.99],[16.54,-9.94],[16.54,-9.93],[16.47,-9.86],[16.47,-9.84]]]}},{"type":"Feature","properties":{"precip":20},"geometry":{"type":"Polygon","coordinates":[[[78.45,-9.84],[78.49,-9.84],[78.49,-9.81],[78.56,-9.81],[78.56,-9.89],[78.49,-9.89],[78.49,-9.86],[78.45,-9.84]]]}},{"type":"Feature","properties":{"precip":20},"geometry":{"type":"Polygon","coordinates":[[[79.56,-9.88],[79.56,-9.83],[79.6,-9.79],[79.67,-9.83],[79.67,-9.86],[79.74,-9.89],[79.85,-9.89],[79.92,-9.91],[80.0,-9.91],[80.07,-9.94],[80.07,-10.06],[80.14,-10.09],[80.18,-10.09],[80.25,-10.13],[80.28,-10.14],[80.18,-10.19],[79.92,-10.19],[79.89,-10.18],[79.78,-10.16],[79.67,-10.08],[79.67,-10.04],[79.64,-10.03],[79.64,-9.99],[79.6,-9.96],[79.6,-9.94],[79.56,-9.93],[79.56,-9.88]]]}},{"type":"Feature","properties":{"precip":20},"geometry":{"type":"Polygon","coordinates":[[[79.17,-9.94],[79.24,-9.91],[79.31,-9.89],[79.46,-9.93],[79.46,-9.99],[79.38,-9.99],[79.24,-9.99],[79.17,-9.96],[79.17,-9.94]]]}},{"type":"Feature","properties":{"precip":20},"geometry":{"type":"Polygon","coordinates":[[[78.16,-10.08],[78.16,-10.04],[78.2,-10.04],[78.2,-10.01],[78.27,-9.99],[78.34,-10.01],[78.34,-10.04],[78.38,-10.06],[78.38,-10.13],[78.34,-10.14],[78.34,-10.19],[78.23,-10.28],[78.16,-10.29],[78.09,-10.33],[78.02,-10.38],[78.02,-10.43],[77.98,-10.44],[77.91,-10.48],[77.91,-10.49],[77.84,-10.49],[77.8,-10.48],[77.69,-10.39],[77.69,-10.31],[77.77,-10.33],[77.77,-10.34],[77.8,-10.36],[77.8,-10.39],[77.84,-10.39],[77.84,-10.36],[77.87,-10.34],[77.87,-10.33],[77.95,-10.29],[78.02,-10.28],[78.13,-10.19],[78.16,-10.14],[78.16,-10.08]]]}},{"type":"Feature","properties":{"precip":20},"geometry":{"type":"Polygon","coordinates":[[[72.22,-10.18],[72.26,-10.16],[72.26,-10.14],[72.33,-10.14],[72.44,-10.11],[72.94,-10.11],[73.05,-10.13],[73.05,-10.24],[72.94,-10.29],[72.22,-10.29],[72.15,-10.28],[72.15,-10.24],[72.19,-10.24],[72.19,-10.21],[72.22,-10.18]]]}},{"type":"Feature","properties":{"precip":20},"geometry":{"type":"Polygon","coordinates":[[[79.42,-10.28],[79.49,-10.23],[79.53,-10.21],[79.64,-10.21],[79.67,-10.23],[79.67,-10.26],[79.64,-10.29],[79.56,-10.29],[79.46,-10.34],[79.46,-10.38],[79.38,-10.39],[79.38,-10.31],[79.42,-10.28]]]}},{"type":"Feature","properties":{"precip":20},"geometry":{"type":"Polygon","coordinates":[[[14.92,-10.78],[14.92,-10.76],[14.99,-10.73],[14.99,-10.71],[15.06,-10.71],[15.06,-10.74],[15.03,-10.76],[15.03,-10.78],[14.88,-10.89],[14.85,-10.86],[14.92,-10.78]]]}},{"type":"Feature","properties":{"precip":20},"geometry":{"type":"Polygon","coordinates":[[[15.06,-10.96],[15.06,-10.91],[15.14,-10.91],[15.14,-10.99],[15.06,-10.99],[15.06,-10.96]]]}},{"type":"Feature","properties":{"precip":20},"geometry":{"type":"Polygon","coordinates":[[[81.72,-11.66],[81.72,-11.62],[81.76,-11.59],[81.83,-11.61],[81.83,-11.66],[81.9,-11.67],[81.9,-11.69],[82.01,-11.69],[82.05,-11.71],[82.12,-11.71],[82.23,-11.76],[82.3,-11.81],[82.34,-11.86],[82.41,-11.91],[82.41,-11.94],[82.52,-11.99],[82.59,-12.01],[82.7,-12.09],[82.7,-12.12],[82.73,-12.14],[82.77,-12.17],[82.91,-12.21],[82.91,-12.26],[82.95,-12.26],[82.95,-12.32],[83.02,-12.44],[83.06,-12.47],[83.2,-12.57],[83.24,-12.59],[83.38,-12.59],[83.45,-12.56],[83.45,-12.51],[83.49,-12.49],[83.49,-12.52],[83.52,-12.54],[83.52,-12.87],[83.49,-12.89],[83.45,-12.87],[83.42,-12.82],[83.38,-12.81],[83.34,-12.86],[83.34,-12.87],[83.31,-12.87],[83.31,-12.89],[83.2,-12.89],[83.13,-12.92],[83.13,-12.97],[83.06,-12.99],[83.06,-12.96],[83.02,-12.92],[82.95,-12.89],[82.88,-12.89],[82.84,-12.87],[82.84,-12.76],[82.77,-12.71],[82.7,-12.69],[82.59,-12.69],[82.55,-12.71],[82.48,-12.71],[82.44,-12.74],[82.44,-12.77],[82.41,-12.77],[82.37,-12.79],[82.3,-12.79],[82.23,-12.86],[82.23,-12.87],[82.19,-12.89],[82.12,-12.89],[82.05,-12.91],[82.05,-12.97],[82.01,-12.97],[81.87,-13.01],[81.87,-13.04],[81.83,-13.07],[81.83,-13.31],[81.76,-13.37],[81.72,-13.39],[81.11,-13.39],[80.97,-13.37],[80.93,-13.37],[80.93,-13.34],[80.86,-13.31],[80.79,-13.29],[80.61,-13.29],[80.54,-13.27],[80.54,-13.16],[80.5,-13.14],[80.5,-13.11],[80.43,-13.07],[80.39,-13.07],[80.39,-13.06],[80.36,-13.04],[80.36,-12.92],[80.32,-12.87],[80.18,-12.82],[80.1,-12.81],[80.0,-12.81],[79.85,-12.79],[79.56,-12.79],[79.49,-12.77],[79.46,-12.72],[79.46,-12.62],[79.38,-12.59],[79.31,-12.59],[79.31,-12.57],[79.24,-12.56],[79.24,-12.51],[79.2,-12.51],[79.17,-12.56],[79.17,-12.57],[79.1,-12.57],[79.06,-12.57],[79.06,-12.54],[79.1,-12.51],[79.17,-12.47],[79.17,-12.42],[79.13,-12.41],[78.99,-12.37],[78.99,-12.34],[78.95,-12.32],[78.95,-12.27],[78.99,-12.26],[78.99,-12.21],[79.06,-12.21],[79.06,-12.19],[79.13,-12.19],[79.17,-12.16],[79.17,-12.12],[79.24,-12.09],[79.31,-12.09],[79.38,-12.06],[79.38,-12.04],[79.49,-11.99],[79.56,-11.99],[79.64,-11.96],[79.71,-11.92],[79.71,-11.89],[79.74,-11.86],[79.85,-11.82],[79.92,-11.81],[80.0,-11.81],[80.1,-11.79],[80.5,-11.79],[80.57,-11.77],[80.64,-11.76],[80.64,-11.72],[80.68,-11.71],[80.72,-11.72],[80.72,-11.76],[80.79,-11.79],[80.82,-11.77],[80.82,-11.76],[80.93,-11.71],[81.08,-11.71],[81.18,-11.69],[81.54,-11.69],[81.69,-11.66],[81.72,-11.66]]]}},{"type":"Feature","properties":{"precip":20},"geometry":{"type":"Polygon","coordinates":[[[78.38,-12.36],[78.38,-12.32],[78.45,-12.31],[78.49,-12.31],[78.56,-12.32],[78.56,-12.37],[78.52,-12.39],[78.41,-12.39],[78.38,-12.37],[78.38,-12.36]]]}},{"type":"Feature","properties":{"precip":20},"geometry":{"type":"Polygon","coordinates":[[[91.66,-12.57],[91.69,-12.57],[91.69,-12.54],[91.73,-12.51],[91.8,-12.52],[91.8,-12.56],[91.87,-12.62],[91.87,-12.66],[91.91,-12.69],[91.91,-12.76],[91.87,-12.79],[91.8,-12.79],[91.73,-12.76],[91.66,-12.72],[91.62,-12.67],[91.62,-12.62],[91.66,-12.57]]]}},{"type":"Feature","properties":{"precip":20},"geometry":{"type":"Polygon","coordinates":[[[84.6,-12.77],[84.64,-12.76],[84.64,-12.72],[84.71,-12.71],[84.75,-12.74],[84.75,-12.77],[84.78,-12.79],[84.82,-12.77],[84.82,-12.76],[84.86,-12.74],[84.86,-12.71],[84.89,-12.71],[85.0,-12.79],[85.0,-12.82],[85.04,-12.86],[85.04,-12.87],[85.0,-12.89],[84.93,-12.89],[84.86,-12.91],[84.86,-12.94],[84.82,-12.96],[84.82,-12.99],[84.71,-12.99],[84.68,-12.97],[84.6,-12.92],[84.57,-12.91],[84.57,-12.79],[84.6,-12.77]]]}},{"type":"Feature","properties":{"precip":20},"geometry":{"type":"Polygon","coordinates":[[[84.14,-12.86],[84.14,-12.82],[84.21,-12.79],[84.32,-12.81],[84.32,-12.86],[84.35,-12.86],[84.28,-12.89],[84.17,-12.89],[84.14,-12.87],[84.14,-12.86]]]}},{"type":"Feature","properties":{"precip":20},"geometry":{"type":"Polygon","coordinates":[[[90.26,-12.99],[90.26,-12.94],[90.29,-12.91],[90.36,-12.89],[90.47,-12.89],[90.58,-12.91],[90.62,-12.94],[90.58,-12.97],[90.58,-12.99],[90.44,-13.09],[90.36,-13.09],[90.33,-13.11],[90.29,-13.09],[90.26,-13.04],[90.26,-12.99]]]}},{"type":"Feature","properties":{"precip":20},"geometry":{"type":"Polygon","coordinates":[[[87.74,-13.16],[87.74,-13.06],[87.77,-13.01],[87.81,-12.99],[87.84,-13.02],[87.84,-13.07],[87.92,-13.09],[87.92,-13.07],[87.99,-13.01],[88.2,-13.01],[88.28,-13.02],[88.38,-13.07],[88.38,-13.11],[88.42,-13.12],[88.42,-13.17],[88.46,-13.21],[88.46,-13.26],[88.53,-13.29],[88.71,-13.29],[88.74,-13.27],[88.74,-13.24],[88.78,-13.21],[88.82,-13.21],[88.82,-13.26],[88.89,-13.29],[88.96,-13.29],[89.03,-13.32],[89.03,-13.44],[89.0,-13.47],[89.0,-13.49],[88.89,-13.49],[88.82,-13.44],[88.82,-13.41],[88.78,-13.41],[88.74,-13.44],[88.74,-13.47],[88.71,-13.47],[88.64,-13.49],[88.49,-13.49],[88.46,-13.51],[88.38,-13.51],[88.35,-13.54],[88.35,-13.57],[88.31,-13.59],[88.17,-13.59],[88.13,-13.57],[88.13,-13.54],[88.1,-13.51],[88.02,-13.49],[87.92,-13.49],[87.84,-13.47],[87.84,-13.44],[87.81,-13.41],[87.74,-13.41],[87.74,-13.39],[87.59,-13.39],[87.56,-13.37],[87.56,-13.21],[87.63,-13.21],[87.63,-13.27],[87.7,-13.29],[87.74,-13.26],[87.74,-13.16]]]}},{"type":"Feature","properties":{"precip":20},"geometry":{"type":"Polygon","coordinates":[[[86.44,-13.19],[86.44,-13.11],[86.48,-13.11],[86.55,-13.14],[86.58,-13.17],[86.58,-13.21],[86.62,-13.24],[86.62,-13.29],[86.48,-13.29],[86.44,-13.27],[86.44,-13.19]]]}},{"type":"Feature","properties":{"precip":20},"geometry":{"type":"Polygon","coordinates":[[[88.92,-13.16],[89.0,-13.11],[89.07,-13.11],[89.1,-13.09],[89.18,-13.09],[89.21,-13.11],[89.28,-13.11],[89.36,-13.16],[89.36,-13.17],[89.39,-13.19],[89.46,-13.19],[89.54,-13.22],[89.54,-13.27],[89.5,-13.29],[89.43,-13.29],[89.36,-13.32],[89.32,-13.36],[89.32,-13.37],[89.21,-13.34],[89.21,-13.31],[89.18,-13.29],[89.18,-13.27],[89.03,-13.21],[89.03,-13.19],[88.96,-13.19],[88.96,-13.17],[88.92,-13.16]]]}},{"type":"Feature","properties":{"precip":20},"geometry":{"type":"Polygon","coordinates":[[[90.58,-13.17],[90.58,-13.16],[90.65,-13.12],[90.69,-13.09],[90.69,-13.17],[90.58,-13.27],[90.51,-13.27],[90.51,-13.26],[90.58,-13.17]]]}},{"type":"Feature","properties":{"precip":20},"geometry":{"type":"Polygon","coordinates":[[[92.52,-13.76],[92.52,-13.71],[92.56,-13.69],[92.59,-13.71],[92.59,-13.81],[92.52,-13.81],[92.52,-13.76]]]}},{"type":"Feature","properties":{"precip":20},"geometry":{"type":"Polygon","coordinates":[[[3.94,-24.2],[3.94,-24.13],[3.98,-24.1],[4.01,-24.1],[4.01,-24.13],[4.05,-24.13],[4.05,-24.18],[4.08,-24.2],[4.19,-24.2],[4.23,-24.23],[4.23,-24.26],[4.3,-24.3],[4.37,-24.31],[4.44,-24.36],[4.48,-24.43],[4.55,-24.46],[4.62,-24.56],[4.7,-24.6],[4.77,-24.7],[4.84,-24.73],[4.91,-24.78],[4.91,-24.8],[4.98,-24.8],[4.98,-24.83],[5.02,-24.85],[5.09,-24.9],[5.13,-24.95],[5.13,-25.01],[5.16,-25.05],[5.27,-25.16],[5.31,-25.25],[5.38,-25.28],[5.45,-25.36],[5.49,-25.41],[5.56,-25.46],[5.6,-25.53],[5.67,-25.58],[5.7,-25.63],[5.7,-25.68],[5.74,-25.7],[5.74,-25.78],[5.81,-25.8],[5.81,-25.85],[5.85,-25.88],[5.85,-26.08],[5.92,-26.11],[5.92,-26.16],[5.96,-26.18],[5.96,-26.21],[5.92,-26.25],[5.92,-26.28],[5.88,-26.3],[5.85,-26.28],[5.85,-26.23],[5.78,-26.2],[5.7,-26.2],[5.67,-26.18],[5.63,-26.18],[5.63,-26.13],[5.6,-26.1],[5.49,-26.1],[5.45,-26.08],[5.45,-26.06],[5.38,-26.0],[5.31,-26.0],[5.24,-25.96],[5.24,-25.85],[5.2,-25.83],[5.2,-25.8],[5.09,-25.8],[5.06,-25.78],[5.06,-25.76],[5.02,-25.75],[5.02,-25.71],[4.98,-25.7],[4.91,-25.7],[4.88,-25.68],[4.84,-25.68],[4.84,-25.56],[4.8,-25.56],[4.8,-25.53],[4.73,-25.46],[4.73,-25.43],[4.59,-25.31],[4.59,-25.28],[4.55,-25.26],[4.55,-25.16],[4.52,-25.16],[4.52,-25.13],[4.48,-25.08],[4.37,-25.0],[4.37,-24.96],[4.34,-24.93],[4.34,-24.85],[4.26,-24.8],[4.19,-24.8],[4.16,-24.76],[4.16,-24.7],[4.12,-24.7],[4.12,-24.61],[4.05,-24.56],[4.05,-24.4],[4.01,-24.36],[4.01,-24.3],[3.94,-24.26],[3.94,-24.2]]]}},{"type":"Feature","properties":{"precip":20},"geometry":{"type":"Polygon","coordinates":[[[40.04,-31.44],[40.04,-31.41],[40.12,-31.41],[40.12,-31.51],[40.04,-31.49],[40.04,-31.44]]]}},{"type":"Feature","properties":{"precip":20},"geometry":{"type":"Polygon","coordinates":[[[40.22,-31.54],[40.26,-31.51],[40.33,-31.52],[40.33,-31.59],[40.26,-31.61],[40.26,-31.57],[40.22,-31.57],[40.22,-31.54]]]}},{"type":"Feature","properties":{"precip":20},"geometry":{"type":"Polygon","coordinates":[[[42.02,-31.54],[42.06,-31.51],[42.13,-31.51],[42.13,-31.59],[42.06,-31.61],[42.06,-31.57],[42.02,-31.57],[42.02,-31.54]]]}},{"type":"Feature","properties":{"precip":20},"geometry":{"type":"Polygon","coordinates":[[[42.24,-31.61],[42.24,-31.52],[42.27,-31.51],[42.31,-31.51],[42.31,-31.56],[42.35,-31.59],[42.35,-31.77],[42.42,-31.79],[42.42,-31.71],[42.45,-31.67],[42.45,-31.61],[42.49,-31.61],[42.49,-31.62],[42.53,-31.66],[42.53,-32.14],[42.56,-32.21],[42.56,-32.29],[42.63,-32.32],[42.63,-32.37],[42.6,-32.37],[42.53,-32.41],[42.42,-32.41],[42.42,-32.39],[42.35,-32.37],[42.35,-32.34],[42.27,-32.31],[42.2,-32.31],[42.17,-32.27],[42.13,-32.27],[42.13,-32.22],[42.09,-32.21],[42.02,-32.21],[41.95,-32.17],[41.95,-32.02],[41.99,-32.01],[42.09,-32.01],[42.13,-32.02],[42.13,-32.07],[42.2,-32.11],[42.2,-32.07],[42.24,-32.02],[42.24,-31.84],[42.17,-31.81],[42.09,-31.81],[42.02,-31.74],[42.09,-31.71],[42.17,-31.71],[42.24,-31.66],[42.24,-31.61]]]}},{"type":"Feature","properties":{"precip":20},"geometry":{"type":"Polygon","coordinates":[[[39.04,-31.64],[39.04,-31.62],[39.11,-31.61],[39.14,-31.62],[39.14,-31.67],[39.11,-31.67],[39.11,-31.71],[39.04,-31.69],[39.04,-31.64]]]}},{"type":"Feature","properties":{"precip":20},"geometry":{"type":"Polygon","coordinates":[[[39.72,-31.64],[39.76,-31.62],[39.76,-31.61],[39.83,-31.61],[39.83,-31.69],[39.76,-31.71],[39.76,-31.67],[39.72,-31.64]]]}},{"type":"Feature","properties":{"precip":20},"geometry":{"type":"Polygon","coordinates":[[[39.94,-31.64],[39.94,-31.62],[40.01,-31.61],[40.04,-31.62],[40.04,-31.67],[40.01,-31.67],[40.01,-31.71],[39.94,-31.69],[39.94,-31.64]]]}},{"type":"Feature","properties":{"precip":20},"geometry":{"type":"Polygon","coordinates":[[[37.38,-31.74],[37.38,-31.71],[37.45,-31.71],[37.45,-31.81],[37.38,-31.79],[37.38,-31.74]]]}},{"type":"Feature","properties":{"precip":20},"geometry":{"type":"Polygon","coordinates":[[[37.67,-31.81],[37.67,-31.72],[37.7,-31.71],[37.74,-31.72],[37.81,-31.77],[37.81,-31.81],[37.85,-31.84],[37.85,-31.96],[37.78,-32.02],[37.78,-32.07],[37.7,-32.07],[37.63,-32.02],[37.6,-32.01],[37.6,-31.92],[37.67,-31.87],[37.67,-31.81]]]}},{"type":"Feature","properties":{"precip":20},"geometry":{"type":"Polygon","coordinates":[[[38.82,-31.74],[38.86,-31.71],[38.93,-31.71],[38.93,-31.79],[38.86,-31.81],[38.86,-31.77],[38.82,-31.77],[38.82,-31.74]]]}},{"type":"Feature","properties":{"precip":20},"geometry":{"type":"Polygon","coordinates":[[[42.63,-31.81],[42.63,-31.72],[42.67,-31.71],[42.71,-31.71],[42.71,-31.72],[42.74,-31.74],[42.74,-31.86],[42.71,-31.87],[42.71,-31.91],[42.63,-31.87],[42.63,-31.81]]]}},{"type":"Feature","properties":{"precip":20},"geometry":{"type":"Polygon","coordinates":[[[38.6,-31.87],[38.68,-31.81],[38.71,-31.81],[38.75,-31.82],[38.75,-31.89],[38.78,-31.91],[38.89,-31.91],[38.93,-31.92],[38.93,-31.99],[38.86,-32.01],[38.86,-32.09],[38.82,-32.12],[38.82,-32.26],[38.86,-32.32],[38.86,-32.39],[38.89,-32.41],[38.96,-32.34],[38.96,-32.31],[39.0,-32.31],[39.04,-32.34],[39.04,-32.37],[39.11,-32.39],[39.11,-32.36],[39.14,-32.32],[39.18,-32.31],[39.22,-32.32],[39.22,-32.41],[39.25,-32.42],[39.25,-32.49],[39.32,-32.49],[39.32,-32.36],[39.36,-32.34],[39.36,-32.31],[39.4,-32.31],[39.43,-32.34],[39.43,-32.47],[39.5,-32.51],[39.5,-32.54],[39.54,-32.56],[39.54,-32.72],[39.5,-32.76],[39.5,-32.81],[39.47,-32.81],[39.43,-32.82],[39.43,-32.97],[39.5,-33.01],[39.5,-33.02],[39.54,-33.04],[39.54,-33.17],[39.61,-33.21],[39.65,-33.17],[39.65,-33.12],[39.68,-33.11],[39.72,-33.12],[39.72,-33.17],[39.65,-33.21],[39.65,-33.27],[39.72,-33.31],[39.83,-33.31],[39.94,-33.26],[39.94,-33.04],[39.97,-33.02],[39.97,-33.01],[40.04,-33.01],[40.12,-32.97],[40.12,-32.92],[40.15,-32.91],[40.12,-32.89],[40.12,-32.81],[40.04,-32.79],[40.04,-32.72],[40.12,-32.71],[40.26,-32.71],[40.3,-32.67],[40.33,-32.67],[40.33,-32.62],[40.37,-32.62],[40.44,-32.62],[40.51,-32.62],[40.62,-32.72],[40.66,-32.77],[40.69,-32.77],[40.8,-32.81],[41.09,-32.81],[41.16,-32.82],[41.23,-32.84],[41.27,-32.89],[41.27,-32.91],[41.3,-32.92],[41.3,-32.94],[41.37,-32.97],[41.41,-33.01],[41.48,-33.01],[41.52,-33.02],[41.52,-33.04],[41.55,-33.09],[41.63,-33.11],[41.73,-33.06],[41.73,-33.02],[41.77,-33.02],[41.77,-33.01],[41.81,-33.01],[41.81,-33.02],[41.84,-33.02],[41.81,-33.06],[41.81,-33.09],[41.77,-33.11],[41.77,-33.14],[41.73,-33.16],[41.81,-33.22],[41.81,-33.24],[41.88,-33.31],[41.95,-33.49],[41.95,-33.72],[41.91,-33.82],[41.84,-33.96],[41.81,-33.97],[41.81,-33.99],[41.77,-34.01],[41.77,-34.04],[41.73,-34.06],[41.73,-34.16],[41.84,-34.22],[41.99,-34.22],[42.02,-34.2],[42.09,-34.2],[42.13,-34.14],[42.17,-34.14],[42.17,-34.11],[42.2,-34.11],[42.2,-34.14],[42.24,-34.14],[42.24,-34.17],[42.31,-34.2],[42.31,-34.16],[42.35,-34.12],[42.38,-34.11],[42.42,-34.12],[42.42,-34.22],[42.45,-34.24],[42.45,-34.29],[42.53,-34.34],[42.53,-34.57],[42.45,-34.62],[42.45,-34.72],[42.42,-34.75],[42.42,-34.89],[42.35,-34.89],[42.35,-34.84],[42.31,-34.8],[42.27,-34.8],[42.24,-34.84],[42.24,-34.95],[42.17,-35.02],[42.09,-34.99],[42.02,-34.95],[42.02,-34.9],[41.95,-34.9],[41.84,-34.95],[41.73,-35.05],[41.73,-35.07],[41.77,-35.07],[41.77,-35.1],[41.81,-35.12],[41.81,-35.15],[41.84,-35.15],[41.77,-35.2],[41.77,-35.17],[41.73,-35.15],[41.73,-35.14],[41.66,-35.1],[41.55,-35.1],[41.48,-35.07],[41.37,-34.99],[41.34,-34.95],[41.27,-34.9],[41.23,-34.84],[41.16,-34.8],[41.12,-34.75],[40.91,-34.7],[40.26,-34.7],[40.19,-34.72],[40.15,-34.75],[40.15,-35.07],[40.19,-35.09],[40.19,-35.12],[40.22,-35.14],[40.19,-35.19],[40.19,-35.22],[40.12,-35.29],[39.97,-35.32],[39.94,-35.34],[39.94,-35.37],[39.83,-35.39],[39.79,-35.4],[39.68,-35.4],[39.65,-35.39],[39.58,-35.39],[39.54,-35.37],[39.54,-35.35],[39.5,-35.32],[39.43,-35.32],[39.32,-35.25],[39.32,-35.22],[39.25,-35.22],[39.14,-35.35],[39.14,-35.45],[39.22,-35.55],[39.29,-35.62],[39.4,-35.72],[39.4,-35.75],[39.43,-35.8],[39.43,-36.15],[39.4,-36.15],[39.4,-36.2],[39.36,-36.2],[39.36,-36.17],[39.32,-36.17],[39.32,-36.14],[39.25,-36.12],[39.11,-36.12],[39.04,-36.15],[39.04,-36.25],[39.0,-36.25],[39.0,-36.29],[38.93,-36.3],[38.78,-36.3],[38.75,-36.32],[38.75,-36.37],[38.68,-36.4],[38.6,-36.42],[38.5,-36.42],[38.42,-36.45],[38.42,-36.47],[38.35,-36.5],[38.28,-36.49],[38.28,-36.45],[38.24,-36.44],[38.17,-36.42],[38.03,-36.42],[37.96,-36.4],[37.88,-36.37],[37.88,-36.27],[37.85,-36.24],[37.74,-36.2],[37.31,-36.2],[37.24,-36.19],[37.09,-36.19],[37.06,-36.17],[36.98,-36.17],[36.98,-36.15],[36.95,-36.15],[36.95,-36.14],[36.88,-36.12],[36.73,-36.12],[36.7,-36.1],[36.62,-36.1],[36.55,-36.04],[36.52,-36.02],[36.41,-36.0],[36.01,-36.0],[35.94,-36.02],[35.87,-36.05],[35.87,-36.07],[35.83,-36.07],[35.8,-36.12],[35.72,-36.1],[35.65,-36.05],[35.65,-36.02],[35.62,-36.0],[35.47,-36.0],[35.47,-35.99],[35.4,-35.99],[35.36,-35.97],[35.36,-35.94],[35.29,-35.9],[35.11,-35.9],[35.08,-35.89],[34.97,-35.89],[34.97,-35.85],[34.9,-35.8],[34.79,-35.8],[34.68,-35.77],[34.68,-35.75],[34.61,-35.7],[34.5,-35.7],[34.39,-35.67],[34.39,-35.65],[34.32,-35.62],[34.28,-35.57],[34.25,-35.54],[34.18,-35.5],[34.14,-35.5],[34.07,-35.47],[34.07,-35.44],[34.0,-35.4],[33.89,-35.4],[33.78,-35.37],[33.78,-35.35],[33.71,-35.32],[33.64,-35.32],[33.64,-35.3],[33.56,-35.29],[33.56,-35.22],[33.49,-35.2],[33.35,-35.12],[33.28,-35.07],[33.2,-34.99],[33.13,-34.9],[33.02,-34.82],[32.92,-34.72],[32.66,-34.44],[32.59,-34.35],[32.52,-34.29],[32.52,-34.17],[32.63,-34.09],[32.63,-34.06],[32.66,-34.04],[32.63,-34.01],[32.59,-34.01],[32.59,-33.97],[32.56,-33.94],[32.56,-33.84],[32.48,-33.81],[32.27,-33.81],[32.16,-33.79],[32.05,-33.74],[31.94,-33.66],[31.87,-33.62],[31.8,-33.61],[31.22,-33.61],[31.12,-33.62],[31.04,-33.66],[31.04,-33.71],[30.97,-33.69],[30.97,-33.66],[30.94,-33.64],[30.94,-33.61],[30.9,-33.61],[30.86,-33.66],[30.79,-33.71],[30.79,-33.67],[30.76,-33.64],[30.68,-33.61],[30.65,-33.61],[30.58,-33.57],[30.58,-33.36],[30.54,-33.34],[30.54,-33.22],[30.47,-33.17],[30.47,-33.16],[30.5,-33.12],[30.5,-33.09],[30.54,-33.04],[30.61,-33.02],[30.65,-33.01],[30.76,-32.99],[30.76,-32.94],[30.79,-32.92],[30.79,-32.91],[30.83,-32.91],[30.86,-32.92],[30.86,-32.97],[30.94,-32.99],[30.94,-32.96],[30.97,-32.92],[31.12,-32.91],[31.3,-32.91],[31.4,-32.89],[31.48,-32.84],[31.48,-32.82],[31.51,-32.81],[31.58,-32.81],[31.62,-32.77],[31.69,-32.74],[31.69,-32.72],[31.73,-32.71],[31.73,-32.67],[31.8,-32.62],[31.84,-32.62],[31.91,-32.62],[31.94,-32.61],[31.94,-32.56],[31.98,-32.52],[32.05,-32.51],[32.3,-32.51],[32.41,-32.52],[32.48,-32.56],[32.56,-32.62],[32.63,-32.72],[32.63,-32.76],[32.66,-32.81],[32.66,-32.89],[32.56,-32.92],[32.56,-32.96],[32.66,-33.02],[32.66,-33.07],[32.59,-33.11],[32.52,-33.11],[32.48,-33.14],[32.48,-33.17],[32.45,-33.17],[32.45,-33.29],[32.38,-33.32],[32.38,-33.57],[32.41,-33.61],[32.48,-33.54],[32.48,-33.52],[32.59,-33.56],[32.59,-33.59],[32.63,-33.64],[32.74,-33.69],[32.74,-33.71],[32.84,-33.72],[32.84,-33.77],[32.88,-33.81],[32.88,-33.89],[32.92,-33.91],[32.99,-33.84],[32.99,-33.81],[33.02,-33.81],[33.06,-33.84],[33.06,-33.86],[33.1,-33.89],[33.17,-33.89],[33.17,-33.91],[33.28,-33.91],[33.38,-33.96],[33.38,-33.99],[33.46,-33.99],[33.46,-33.96],[33.49,-33.94],[33.49,-33.91],[33.53,-33.91],[33.56,-33.94],[33.56,-33.97],[33.64,-33.99],[33.71,-34.01],[33.85,-34.01],[33.92,-34.02],[34.0,-34.06],[34.0,-34.11],[34.03,-34.11],[34.03,-34.06],[34.07,-34.04],[34.14,-34.01],[34.21,-34.01],[34.25,-33.99],[34.25,-33.96],[34.32,-33.94],[34.39,-33.94],[34.43,-33.91],[34.86,-33.91],[34.93,-33.89],[35.0,-33.89],[35.08,-33.84],[35.08,-33.74],[35.11,-33.74],[35.11,-33.71],[35.15,-33.66],[35.22,-33.62],[35.22,-33.56],[35.26,-33.54],[35.26,-33.41],[35.29,-33.34],[35.29,-33.31],[35.33,-33.31],[35.4,-33.36],[35.4,-33.41],[35.47,-33.34],[35.51,-33.31],[35.54,-33.31],[35.54,-33.34],[35.58,-33.39],[35.69,-33.42],[35.76,-33.42],[35.87,-33.36],[35.87,-33.16],[35.83,-33.14],[35.83,-33.11],[35.76,-33.11],[35.69,-33.09],[35.69,-33.04],[35.65,-33.01],[35.69,-32.94],[35.69,-32.92],[35.76,-32.91],[35.87,-32.92],[35.94,-32.94],[36.01,-32.99],[36.08,-33.04],[36.08,-33.07],[36.23,-33.19],[36.34,-33.22],[36.41,-33.27],[36.41,-33.31],[36.44,-33.34],[36.55,-33.41],[36.62,-33.42],[36.73,-33.39],[36.77,-33.34],[36.84,-33.29],[36.84,-33.26],[36.88,-33.24],[36.95,-33.22],[36.98,-33.24],[36.98,-33.29],[37.06,-33.27],[37.09,-33.22],[37.16,-33.21],[37.24,-33.24],[37.27,-33.27],[37.34,-33.34],[37.34,-33.41],[37.38,-33.47],[37.38,-33.56],[37.42,-33.59],[37.49,-33.61],[37.67,-33.61],[37.7,-33.59],[37.78,-33.59],[37.88,-33.54],[37.96,-33.44],[38.03,-33.39],[38.1,-33.34],[38.21,-33.31],[38.32,-33.31],[38.39,-33.27],[38.42,-33.27],[38.42,-33.24],[38.46,-33.21],[38.57,-33.21],[38.64,-33.19],[38.64,-33.16],[38.57,-33.09],[38.57,-33.07],[38.5,-33.02],[38.35,-32.96],[38.28,-32.89],[38.28,-32.81],[38.35,-32.81],[38.42,-32.76],[38.42,-32.69],[38.46,-32.64],[38.46,-32.62],[38.57,-32.52],[38.64,-32.51],[38.71,-32.47],[38.71,-32.44],[38.75,-32.41],[38.71,-32.37],[38.71,-32.34],[38.64,-32.24],[38.6,-32.22],[38.53,-32.12],[38.53,-31.97],[38.6,-31.87]],[[38.75,-32.14],[38.71,-32.12],[38.71,-32.11],[38.64,-32.11],[38.64,-32.19],[38.71,-32.21],[38.71,-32.17],[38.75,-32.14]],[[39.32,-32.74],[39.32,-32.71],[39.25,-32.71],[39.25,-32.81],[39.32,-32.79],[39.32,-32.74]],[[40.15,-33.24],[40.12,-33.24],[40.12,-33.21],[40.04,-33.21],[40.04,-33.29],[40.12,-33.31],[40.12,-33.26],[40.15,-33.24]],[[40.44,-33.34],[40.44,-33.32],[40.37,-33.31],[40.33,-33.32],[40.33,-33.41],[40.37,-33.42],[40.44,-33.39],[40.44,-33.34]],[[40.15,-33.51],[40.12,-33.47],[40.12,-33.44],[40.04,-33.42],[39.9,-33.42],[39.83,-33.44],[39.83,-33.56],[39.86,-33.57],[39.86,-33.61],[39.9,-33.61],[39.94,-33.64],[39.94,-33.77],[40.01,-33.81],[40.01,-33.76],[40.04,-33.74],[40.04,-33.62],[40.12,-33.59],[40.12,-33.52],[40.15,-33.51]],[[40.33,-33.54],[40.33,-33.52],[40.26,-33.51],[40.22,-33.54],[40.22,-33.57],[40.26,-33.57],[40.26,-33.61],[40.33,-33.59],[40.33,-33.54]],[[40.22,-33.66],[40.22,-33.61],[40.15,-33.61],[40.15,-33.72],[40.22,-33.71],[40.22,-33.66]],[[39.83,-33.74],[39.83,-33.72],[39.76,-33.72],[39.76,-33.74],[39.72,-33.74],[39.76,-33.77],[39.76,-33.81],[39.83,-33.79],[39.83,-33.74]],[[40.04,-34.84],[40.01,-34.8],[39.94,-34.82],[39.94,-34.89],[40.01,-34.9],[40.01,-34.87],[40.04,-34.87],[40.04,-34.84]],[[41.73,-34.95],[41.73,-34.92],[41.66,-34.9],[41.63,-34.92],[41.63,-34.97],[41.66,-34.99],[41.73,-34.99],[41.73,-34.95]]]}},{"type":"Feature","properties":{"precip":20},"geometry":{"type":"Polygon","coordinates":[[[49.44,-31.84],[49.44,-31.81],[49.51,-31.81],[49.51,-31.82],[49.58,-31.87],[49.62,-31.92],[49.62,-31.94],[49.65,-31.97],[49.65,-32.02],[49.76,-32.19],[49.87,-32.26],[49.98,-32.31],[50.01,-32.31],[50.05,-32.34],[50.05,-32.36],[50.27,-32.41],[50.59,-32.41],[50.77,-32.37],[50.91,-32.29],[50.91,-32.22],[50.95,-32.12],[50.95,-31.84],[50.99,-31.81],[51.09,-31.81],[51.13,-31.82],[51.13,-31.84],[51.17,-31.84],[51.17,-31.89],[51.2,-31.91],[51.2,-31.87],[51.24,-31.86],[51.24,-31.82],[51.27,-31.81],[51.31,-31.81],[51.35,-31.82],[51.35,-31.96],[51.42,-32.01],[51.49,-32.01],[51.53,-32.02],[51.53,-32.06],[51.56,-32.06],[51.56,-32.07],[51.6,-32.07],[51.74,-32.11],[52.03,-32.11],[52.14,-32.12],[52.14,-32.16],[52.25,-32.21],[52.35,-32.21],[52.43,-32.22],[52.43,-32.27],[52.46,-32.31],[52.46,-32.37],[52.53,-32.41],[52.71,-32.41],[52.79,-32.42],[52.82,-32.42],[52.86,-32.46],[52.89,-32.52],[52.97,-32.56],[52.97,-32.57],[53.04,-32.62],[53.11,-32.62],[53.15,-32.62],[53.15,-32.67],[53.22,-32.71],[53.29,-32.71],[53.36,-32.74],[53.36,-32.79],[53.4,-32.81],[53.51,-32.81],[53.54,-32.82],[53.54,-32.89],[53.58,-32.89],[53.58,-32.91],[53.65,-32.91],[53.68,-32.92],[53.76,-32.96],[53.83,-33.02],[53.83,-33.04],[54.01,-33.19],[54.12,-33.22],[54.12,-33.24],[54.15,-33.26],[54.15,-33.34],[54.19,-33.41],[54.3,-33.47],[54.3,-33.51],[54.33,-33.52],[54.33,-33.59],[54.3,-33.61],[54.19,-33.61],[54.15,-33.64],[54.15,-33.77],[54.26,-33.81],[54.55,-33.81],[54.62,-33.82],[54.66,-33.84],[54.66,-33.87],[54.69,-33.87],[54.76,-33.91],[54.94,-33.91],[55.02,-33.94],[55.05,-33.96],[55.05,-33.99],[55.09,-34.01],[55.12,-33.99],[55.12,-33.96],[55.16,-33.94],[55.16,-33.84],[55.23,-33.81],[55.45,-33.81],[55.52,-33.82],[55.56,-33.84],[55.56,-33.87],[55.59,-33.91],[55.66,-33.91],[55.77,-33.96],[55.77,-33.99],[55.84,-33.99],[55.84,-33.94],[55.88,-33.91],[55.92,-33.91],[55.92,-33.94],[55.95,-33.96],[55.99,-33.99],[56.06,-33.99],[56.1,-34.01],[56.24,-34.01],[56.31,-34.04],[56.35,-34.04],[56.35,-34.06],[56.38,-34.09],[56.46,-34.06],[56.49,-34.01],[56.53,-34.02],[56.53,-34.06],[56.64,-34.09],[56.74,-34.11],[57.14,-34.11],[57.25,-34.14],[57.28,-34.17],[57.28,-34.22],[57.32,-34.24],[57.32,-34.25],[57.46,-34.3],[57.57,-34.3],[57.64,-34.34],[57.64,-34.47],[57.61,-34.52],[57.54,-34.54],[57.54,-34.57],[57.5,-34.6],[57.5,-34.62],[57.46,-34.64],[57.46,-34.87],[57.54,-34.9],[57.61,-34.9],[57.64,-34.94],[57.64,-35.17],[57.57,-35.2],[57.57,-35.25],[57.54,-35.25],[57.54,-35.37],[57.46,-35.4],[57.43,-35.4],[57.36,-35.37],[57.36,-35.35],[57.28,-35.32],[57.18,-35.32],[57.07,-35.29],[57.03,-35.25],[57.03,-35.2],[56.96,-35.22],[56.96,-35.35],[56.92,-35.35],[56.92,-35.4],[56.85,-35.42],[56.85,-35.57],[56.82,-35.59],[56.82,-35.62],[56.78,-35.62],[56.78,-35.64],[56.74,-35.65],[56.74,-35.75],[56.64,-35.8],[56.53,-35.8],[56.46,-35.85],[56.46,-35.95],[56.42,-35.95],[56.42,-35.99],[56.38,-36.0],[56.31,-36.0],[56.28,-35.97],[56.24,-35.97],[56.24,-35.92],[56.31,-35.9],[56.31,-35.89],[56.35,-35.87],[56.35,-35.62],[56.28,-35.62],[56.28,-35.64],[56.2,-35.69],[56.17,-35.74],[56.17,-35.85],[56.13,-35.89],[56.13,-35.97],[56.06,-36.0],[55.99,-35.99],[55.95,-35.95],[55.95,-35.85],[55.92,-35.85],[55.92,-35.8],[55.88,-35.8],[55.84,-35.85],[55.84,-35.95],[55.81,-35.99],[55.74,-36.0],[55.66,-35.99],[55.66,-35.95],[55.63,-35.95],[55.63,-35.92],[55.59,-35.9],[55.48,-35.9],[55.45,-35.92],[55.45,-35.97],[55.38,-36.0],[55.34,-36.0],[55.23,-35.95],[55.23,-35.92],[55.2,-35.9],[55.16,-35.92],[55.16,-35.95],[55.09,-35.99],[54.98,-35.9],[54.98,-35.89],[54.91,-35.84],[54.87,-35.84],[54.84,-35.87],[54.73,-35.9],[54.66,-35.89],[54.66,-35.85],[54.58,-35.8],[54.48,-35.8],[54.4,-35.77],[54.33,-35.75],[54.33,-35.72],[54.3,-35.7],[54.26,-35.72],[54.26,-35.77],[54.19,-35.8],[54.15,-35.8],[54.08,-35.77],[54.04,-35.74],[54.04,-35.65],[53.97,-35.62],[53.79,-35.62],[53.76,-35.6],[53.68,-35.6],[53.65,-35.57],[53.65,-35.47],[53.58,-35.39],[53.58,-35.35],[53.54,-35.35],[53.47,-35.34],[53.43,-35.35],[53.43,-35.39],[53.36,-35.4],[53.29,-35.39],[53.22,-35.35],[53.22,-35.32],[53.18,-35.32],[53.18,-35.35],[53.15,-35.35],[53.15,-35.37],[53.11,-35.37],[53.07,-35.4],[53.0,-35.4],[52.93,-35.45],[52.89,-35.49],[52.89,-35.54],[52.86,-35.6],[52.86,-35.84],[52.82,-35.85],[52.82,-35.89],[52.79,-35.9],[52.71,-35.9],[52.68,-35.89],[52.64,-35.89],[52.64,-35.85],[52.57,-35.8],[52.46,-35.8],[52.35,-35.77],[52.35,-35.74],[52.32,-35.7],[52.25,-35.7],[52.14,-35.65],[52.14,-35.64],[52.1,-35.62],[52.07,-35.62],[52.07,-35.64],[51.99,-35.67],[51.85,-35.7],[51.78,-35.7],[51.67,-35.67],[51.63,-35.65],[51.63,-35.62],[51.6,-35.62],[51.53,-35.62],[51.45,-35.59],[51.45,-35.54],[51.42,-35.5],[51.35,-35.5],[51.24,-35.45],[51.24,-35.44],[51.2,-35.4],[51.17,-35.4],[51.17,-35.44],[51.13,-35.45],[51.13,-35.49],[51.06,-35.49],[51.06,-35.4],[51.02,-35.37],[51.02,-35.35],[50.99,-35.34],[50.99,-35.3],[50.84,-35.15],[50.77,-35.09],[50.77,-35.02],[50.84,-34.95],[50.84,-34.94],[50.81,-34.9],[50.77,-34.9],[50.77,-34.87],[50.73,-34.84],[50.73,-34.75],[50.7,-34.74],[50.7,-34.69],[50.63,-34.64],[50.55,-34.6],[50.55,-34.54],[50.59,-34.52],[50.73,-34.52],[50.84,-34.54],[50.88,-34.57],[50.88,-34.6],[50.91,-34.62],[50.95,-34.65],[51.06,-34.7],[51.13,-34.7],[51.24,-34.65],[51.24,-34.44],[51.2,-34.4],[51.13,-34.4],[51.06,-34.37],[51.06,-34.34],[51.02,-34.27],[50.95,-34.14],[50.81,-34.01],[50.73,-33.96],[50.59,-33.89],[50.55,-33.89],[50.55,-33.84],[50.52,-33.82],[50.45,-33.81],[50.3,-33.81],[50.23,-33.79],[50.16,-33.74],[50.09,-33.71],[50.05,-33.66],[49.91,-33.54],[49.83,-33.51],[49.76,-33.49],[49.76,-33.46],[49.73,-33.44],[49.69,-33.42],[49.62,-33.42],[49.55,-33.39],[49.55,-33.34],[49.51,-33.31],[49.4,-33.31],[49.33,-33.26],[49.33,-33.22],[49.29,-33.21],[49.22,-33.21],[49.19,-33.17],[49.11,-33.16],[49.11,-33.12],[49.08,-33.11],[49.08,-33.07],[49.01,-33.02],[48.97,-33.01],[48.9,-33.01],[48.83,-32.96],[48.83,-32.92],[48.75,-32.91],[48.65,-32.87],[48.57,-32.81],[48.57,-32.77],[48.54,-32.76],[48.54,-32.72],[48.57,-32.71],[48.72,-32.71],[48.83,-32.76],[49.01,-32.91],[49.04,-32.94],[49.11,-32.97],[49.22,-33.01],[49.29,-32.99],[49.37,-32.92],[49.4,-32.91],[49.4,-32.84],[49.44,-32.79],[49.44,-32.64],[49.4,-32.62],[49.37,-32.62],[49.37,-32.52],[49.33,-32.51],[49.33,-32.34],[49.26,-32.29],[49.26,-32.19],[49.22,-32.16],[49.22,-32.12],[49.15,-32.07],[49.15,-32.06],[49.19,-32.02],[49.19,-31.99],[49.22,-31.94],[49.29,-31.92],[49.33,-31.91],[49.4,-31.91],[49.44,-31.87],[49.44,-31.84]],[[54.15,-33.54],[54.12,-33.51],[53.97,-33.51],[53.94,-33.54],[53.94,-33.57],[53.97,-33.57],[54.01,-33.61],[54.08,-33.61],[54.12,-33.57],[54.15,-33.57],[54.15,-33.54]],[[57.28,-34.57],[57.21,-34.54],[57.18,-34.52],[57.14,-34.54],[57.14,-34.75],[57.21,-34.8],[57.32,-34.7],[57.32,-34.6],[57.28,-34.57]],[[51.35,-34.75],[51.35,-34.72],[51.31,-34.7],[51.24,-34.72],[51.24,-34.79],[51.31,-34.8],[51.35,-34.8],[51.35,-34.75]],[[57.46,-35.15],[57.43,-35.14],[57.43,-35.1],[57.36,-35.1],[57.36,-35.19],[57.39,-35.2],[57.46,-35.15]],[[54.15,-35.55],[54.15,-35.52],[54.12,-35.5],[54.04,-35.52],[54.04,-35.6],[54.12,-35.6],[54.15,-35.59],[54.15,-35.55]],[[52.75,-35.65],[52.75,-35.62],[52.71,-35.62],[52.64,-35.62],[52.64,-35.67],[52.68,-35.7],[52.75,-35.67],[52.75,-35.65]],[[54.26,-35.65],[54.22,-35.64],[54.22,-35.62],[54.15,-35.62],[54.15,-35.69],[54.19,-35.7],[54.26,-35.65]]]}},{"type":"Feature","properties":{"precip":20},"geometry":{"type":"Polygon","coordinates":[[[38.93,-32.14],[38.93,-32.12],[38.96,-32.11],[39.04,-32.12],[39.04,-32.19],[39.0,-32.21],[38.93,-32.17],[38.93,-32.14]]]}},{"type":"Feature","properties":{"precip":20},"geometry":{"type":"Polygon","coordinates":[[[37.45,-32.34],[37.49,-32.34],[37.49,-32.31],[37.56,-32.31],[37.56,-32.39],[37.49,-32.41],[37.49,-32.37],[37.45,-32.34]]]}},{"type":"Feature","properties":{"precip":20},"geometry":{"type":"Polygon","coordinates":[[[30.47,-32.74],[30.47,-32.72],[30.5,-32.71],[30.61,-32.71],[30.65,-32.72],[30.65,-32.79],[30.61,-32.81],[30.54,-32.81],[30.47,-32.77],[30.47,-32.74]]]}},{"type":"Feature","properties":{"precip":20},"geometry":{"type":"Polygon","coordinates":[[[30.76,-32.74],[30.79,-32.71],[30.9,-32.71],[30.97,-32.74],[30.9,-32.81],[30.83,-32.81],[30.79,-32.77],[30.76,-32.77],[30.76,-32.74]]]}},{"type":"Feature","properties":{"precip":20},"geometry":{"type":"Polygon","coordinates":[[[42.02,-33.04],[42.06,-33.01],[42.13,-33.01],[42.13,-33.09],[42.06,-33.11],[42.06,-33.07],[42.02,-33.07],[42.02,-33.04]]]}},{"type":"Feature","properties":{"precip":20},"geometry":{"type":"Polygon","coordinates":[[[57.64,-34.64],[57.64,-34.62],[57.68,-34.6],[57.75,-34.62],[57.75,-34.67],[57.68,-34.7],[57.64,-34.67],[57.64,-34.64]]]}},{"type":"Feature","properties":{"precip":20},"geometry":{"type":"Polygon","coordinates":[[[58.26,-35.15],[58.26,-35.1],[58.33,-35.1],[58.33,-35.14],[58.36,-35.15],[58.29,-35.2],[58.26,-35.19],[58.26,-35.15]]]}},{"type":"Feature","properties":{"precip":20},"geometry":{"type":"Polygon","coordinates":[[[57.03,-35.45],[57.07,-35.44],[57.07,-35.4],[57.14,-35.4],[57.14,-35.49],[57.1,-35.5],[57.03,-35.45]]]}},{"type":"Feature","properties":{"precip":20},"geometry":{"type":"Polygon","coordinates":[[[56.56,-36.05],[56.56,-36.0],[56.64,-36.0],[56.64,-36.1],[56.6,-36.12],[56.56,-36.1],[56.56,-36.05]]]}},{"type":"Feature","properties":{"precip":20},"geometry":{"type":"Polygon","coordinates":[[[54.26,-36.25],[54.26,-36.15],[54.3,-36.12],[54.37,-36.12],[54.44,-36.15],[54.44,-36.25],[54.37,-36.34],[54.3,-36.4],[54.26,-36.4],[54.26,-36.25]]]}},{"type":"Feature","properties":{"precip":20},"geometry":{"type":"Polygon","coordinates":[[[37.13,-36.47],[37.24,-36.42],[37.34,-36.42],[37.34,-36.44],[37.38,-36.45],[37.38,-36.47],[37.49,-36.5],[37.6,-36.5],[37.67,-36.54],[37.67,-36.55],[37.7,-36.59],[37.78,-36.55],[37.78,-36.52],[37.81,-36.5],[37.92,-36.59],[37.92,-36.6],[37.99,-36.65],[37.99,-36.67],[38.1,-36.7],[38.14,-36.7],[38.24,-36.75],[38.32,-36.8],[38.32,-36.85],[38.42,-36.95],[38.5,-37.0],[38.5,-37.1],[38.42,-37.17],[38.35,-37.2],[38.35,-37.14],[38.32,-37.1],[38.32,-37.02],[38.32,-37.0],[38.17,-37.0],[38.17,-36.99],[38.1,-36.99],[38.06,-36.97],[38.06,-36.94],[38.03,-36.92],[37.96,-36.92],[37.88,-36.89],[37.88,-36.85],[37.85,-36.85],[37.85,-36.82],[37.81,-36.8],[37.7,-36.8],[37.6,-36.77],[37.6,-36.75],[37.52,-36.72],[37.49,-36.67],[37.42,-36.62],[37.34,-36.6],[37.2,-36.6],[37.09,-36.59],[37.09,-36.5],[37.13,-36.47]]]}},{"type":"Feature","properties":{"precip":20},"geometry":{"type":"Polygon","coordinates":[[[42.74,-37.27],[42.74,-37.25],[42.78,-37.22],[42.96,-37.22],[43.03,-37.25],[43.03,-37.47],[42.96,-37.52],[42.85,-37.47],[42.74,-37.37],[42.74,-37.27]]]}},{"type":"Feature","properties":{"precip":20},"geometry":{"type":"Polygon","coordinates":[[[43.14,-37.47],[43.14,-37.42],[43.21,-37.4],[43.25,-37.44],[43.25,-37.49],[43.21,-37.49],[43.21,-37.52],[43.14,-37.5],[43.14,-37.47]]]}},{"type":"Feature","properties":{"precip":20},"geometry":{"type":"Polygon","coordinates":[[[43.53,-37.52],[43.53,-37.44],[43.57,-37.4],[43.61,-37.4],[43.61,-37.44],[43.64,-37.47],[43.64,-37.57],[43.61,-37.57],[43.61,-37.6],[43.53,-37.57],[43.53,-37.52]]]}},{"type":"Feature","properties":{"precip":20},"geometry":{"type":"Polygon","coordinates":[[[0.52,-37.95],[0.56,-37.94],[0.56,-37.9],[0.63,-37.9],[0.63,-37.98],[0.59,-38.02],[0.52,-37.95]]]}},{"type":"Feature","properties":{"precip":20},"geometry":{"type":"Polygon","coordinates":[[[0.95,-37.95],[0.95,-37.9],[1.03,-37.9],[1.03,-37.98],[0.99,-38.02],[0.95,-37.98],[0.95,-37.95]]]}},{"type":"Feature","properties":{"precip":20},"geometry":{"type":"Polygon","coordinates":[[[1.24,-37.95],[1.24,-37.9],[1.31,-37.9],[1.35,-37.94],[1.35,-37.97],[1.31,-37.97],[1.31,-38.02],[1.24,-37.98],[1.24,-37.95]]]}},{"type":"Feature","properties":{"precip":20},"geometry":{"type":"Polygon","coordinates":[[[-2.47,-38.15],[-2.47,-38.12],[-2.43,-38.1],[-2.39,-38.12],[-2.32,-38.17],[-2.32,-38.2],[-2.29,-38.23],[-2.29,-38.33],[-2.25,-38.35],[-2.25,-38.48],[-2.21,-38.48],[-2.18,-38.52],[-2.18,-38.67],[-2.25,-38.7],[-2.32,-38.7],[-2.36,-38.73],[-2.36,-38.93],[-2.29,-39.02],[-2.21,-39.08],[-2.14,-39.12],[-2.11,-39.12],[-2.07,-39.15],[-2.07,-39.27],[-2.03,-39.28],[-2.03,-39.3],[-2.0,-39.3],[-2.0,-39.33],[-1.96,-39.35],[-1.96,-39.47],[-2.0,-39.48],[-2.0,-39.5],[-2.03,-39.5],[-2.03,-39.53],[-2.07,-39.55],[-2.07,-39.68],[-2.0,-39.7],[-1.96,-39.68],[-1.96,-39.62],[-1.93,-39.6],[-1.82,-39.6],[-1.78,-39.62],[-1.78,-39.75],[-1.89,-39.88],[-1.96,-39.88],[-2.0,-39.83],[-2.03,-39.82],[-2.14,-39.8],[-2.32,-39.8],[-2.47,-39.83],[-2.5,-39.87],[-2.5,-39.92],[-2.54,-39.88],[-2.54,-39.87],[-2.61,-39.8],[-2.72,-39.8],[-2.75,-39.83],[-2.75,-39.93],[-2.79,-39.97],[-2.79,-39.98],[-2.86,-40.0],[-2.93,-39.98],[-2.97,-39.97],[-2.97,-39.88],[-3.01,-39.83],[-3.01,-39.78],[-3.08,-39.78],[-3.11,-39.73],[-3.26,-39.7],[-3.4,-39.7],[-3.44,-39.7],[-3.51,-39.7],[-3.58,-39.67],[-3.58,-39.62],[-3.62,-39.6],[-3.69,-39.6],[-3.73,-39.58],[-3.8,-39.55],[-3.8,-39.5],[-3.83,-39.5],[-3.83,-39.53],[-3.87,-39.57],[-3.94,-39.6],[-4.01,-39.58],[-4.01,-39.55],[-4.09,-39.5],[-4.19,-39.5],[-4.3,-39.48],[-4.3,-39.47],[-4.37,-39.42],[-4.45,-39.33],[-4.52,-39.3],[-4.55,-39.3],[-4.63,-39.33],[-4.66,-39.38],[-4.66,-39.42],[-4.7,-39.42],[-4.7,-39.38],[-4.77,-39.3],[-4.81,-39.3],[-4.91,-39.27],[-4.95,-39.22],[-5.02,-39.18],[-5.09,-39.07],[-5.13,-39.02],[-5.13,-38.93],[-5.06,-38.9],[-4.95,-38.9],[-4.84,-38.88],[-4.84,-38.85],[-4.81,-38.8],[-4.73,-38.8],[-4.7,-38.78],[-4.63,-38.77],[-4.63,-38.73],[-4.55,-38.67],[-4.48,-38.62],[-4.41,-38.62],[-4.37,-38.58],[-4.34,-38.58],[-4.34,-38.53],[-4.3,-38.52],[-4.27,-38.53],[-4.19,-38.6],[-4.12,-38.67],[-4.12,-38.78],[-4.05,-38.78],[-4.05,-38.67],[-4.01,-38.65],[-4.05,-38.62],[-4.05,-38.52],[-4.09,-38.48],[-4.12,-38.48],[-4.12,-38.42],[-4.05,-38.4],[-3.91,-38.4],[-3.87,-38.43],[-3.87,-38.47],[-3.83,-38.47],[-3.8,-38.5],[-3.73,-38.5],[-3.65,-38.53],[-3.65,-38.58],[-3.62,-38.6],[-3.58,-38.58],[-3.58,-38.57],[-3.51,-38.52],[-3.44,-38.5],[-3.19,-38.5],[-3.11,-38.48],[-3.04,-38.48],[-2.97,-38.45],[-2.97,-38.35],[-2.9,-38.32],[-2.79,-38.32],[-2.68,-38.28],[-2.68,-38.23],[-2.61,-38.2],[-2.54,-38.2],[-2.54,-38.18],[-2.47,-38.17],[-2.47,-38.15]],[[-4.45,-38.8],[-4.45,-38.7],[-4.52,-38.7],[-4.52,-38.88],[-4.48,-38.9],[-4.45,-38.88],[-4.45,-38.8]]]}},{"type":"Feature","properties":{"precip":20},"geometry":{"type":"Polygon","coordinates":[[[1.53,-38.23],[1.57,-38.2],[1.67,-38.2],[1.71,-38.22],[1.75,-38.27],[1.75,-38.37],[1.71,-38.37],[1.71,-38.4],[1.64,-38.37],[1.57,-38.32],[1.57,-38.28],[1.53,-38.23]]]}},{"type":"Feature","properties":{"precip":20},"geometry":{"type":"Polygon","coordinates":[[[1.85,-38.32],[1.85,-38.2],[1.93,-38.22],[1.93,-38.37],[1.85,-38.38],[1.85,-38.32]]]}},{"type":"Feature","properties":{"precip":20},"geometry":{"type":"Polygon","coordinates":[[[0.67,-39.13],[0.74,-39.03],[0.88,-38.92],[0.92,-38.9],[0.95,-38.93],[0.95,-38.98],[0.99,-38.98],[1.03,-38.98],[1.03,-38.93],[1.1,-38.9],[1.21,-38.9],[1.24,-38.93],[1.24,-38.97],[1.28,-38.98],[1.28,-39.0],[1.31,-38.98],[1.31,-38.97],[1.35,-38.92],[1.39,-38.9],[1.49,-38.9],[1.53,-38.93],[1.53,-38.97],[1.57,-38.97],[1.57,-38.98],[1.64,-38.98],[1.67,-39.0],[1.78,-39.0],[1.85,-39.05],[1.85,-39.08],[1.89,-39.1],[1.96,-39.1],[1.96,-39.12],[2.11,-39.12],[2.25,-39.17],[2.32,-39.23],[2.36,-39.28],[2.43,-39.32],[2.43,-39.38],[2.5,-39.43],[2.5,-39.5],[2.47,-39.5],[2.47,-39.53],[2.43,-39.57],[2.43,-39.65],[2.47,-39.68],[2.54,-39.73],[2.54,-39.88],[2.5,-39.88],[2.5,-39.92],[2.43,-39.87],[2.43,-39.75],[2.36,-39.68],[2.36,-39.67],[2.32,-39.62],[2.25,-39.6],[2.25,-39.7],[2.21,-39.73],[2.21,-39.78],[2.14,-39.8],[2.11,-39.8],[2.03,-39.78],[2.03,-39.73],[2.0,-39.7],[1.96,-39.7],[1.96,-39.73],[1.93,-39.78],[1.85,-39.78],[1.78,-39.8],[1.75,-39.78],[1.67,-39.78],[1.64,-39.78],[1.64,-39.72],[1.6,-39.7],[1.49,-39.7],[1.42,-39.73],[1.42,-39.78],[1.31,-39.8],[1.31,-39.78],[1.24,-39.78],[1.24,-39.73],[1.1,-39.7],[0.88,-39.7],[0.81,-39.7],[0.74,-39.7],[0.63,-39.68],[0.63,-39.62],[0.56,-39.6],[0.45,-39.57],[0.34,-39.47],[0.34,-39.33],[0.31,-39.3],[0.23,-39.28],[0.23,-39.23],[0.27,-39.2],[0.38,-39.2],[0.45,-39.23],[0.45,-39.28],[0.56,-39.23],[0.67,-39.13]],[[0.95,-39.05],[0.92,-39.03],[0.92,-39.0],[0.85,-39.0],[0.85,-39.1],[0.88,-39.12],[0.92,-39.1],[0.92,-39.07],[0.95,-39.05]],[[0.85,-39.17],[0.81,-39.12],[0.74,-39.13],[0.74,-39.18],[0.81,-39.2],[0.81,-39.18],[0.85,-39.17]]]}},{"type":"Feature","properties":{"precip":20},"geometry":{"type":"Polygon","coordinates":[[[-7.72,-39.7],[-7.72,-39.6],[-7.65,-39.62],[-7.61,-39.67],[-7.61,-39.68],[-7.54,-39.75],[-7.54,-39.87],[-7.51,-39.88],[-7.43,-39.93],[-7.43,-39.98],[-7.51,-40.0],[-7.54,-39.98],[-7.61,-39.98],[-7.61,-39.97],[-7.65,-39.93],[-7.65,-39.8],[-7.72,-39.78],[-7.72,-39.7]]]}},{"type":"Feature","properties":{"precip":20},"geometry":{"type":"Polygon","coordinates":[[[-0.88,-39.67],[-0.85,-39.65],[-0.85,-39.6],[-0.77,-39.6],[-0.77,-39.7],[-0.81,-39.7],[-0.85,-39.7],[-0.85,-39.68],[-0.88,-39.67]]]}},{"type":"Feature","properties":{"precip":20},"geometry":{"type":"Polygon","coordinates":[[[-7.33,-39.97],[-7.33,-39.93],[-7.25,-39.92],[-7.11,-39.92],[-7.04,-39.95],[-7.04,-39.98],[-7.15,-40.0],[-7.22,-40.0],[-7.33,-39.98],[-7.33,-39.97]]]}},{"type":"Feature","properties":{"precip":20},"geometry":{"type":"Polygon","coordinates":[[[-1.78,-39.95],[-1.71,-39.92],[-1.53,-39.92],[-1.46,-39.93],[-1.46,-39.97],[-1.49,-39.98],[-1.53,-40.05],[-1.57,-40.05],[-1.57,-40.08],[-1.64,-40.08],[-1.67,-40.05],[-1.75,-39.98],[-1.75,-39.95],[-1.78,-39.95]]]}},{"type":"Feature","properties":{"precip":20},"geometry":{"type":"Polygon","coordinates":[[[-1.17,-39.97],[-1.17,-39.92],[-1.1,-39.92],[-1.06,-39.95],[-0.99,-40.02],[-0.92,-40.12],[-0.88,-40.15],[-0.88,-40.18],[-0.92,-40.2],[-1.03,-40.2],[-1.06,-40.22],[-1.21,-40.22],[-1.24,-40.2],[-1.35,-40.18],[-1.35,-40.02],[-1.31,-40.0],[-1.24,-40.0],[-1.24,-39.98],[-1.17,-39.98],[-1.17,-39.97]]]}},{"type":"Feature","properties":{"precip":20},"geometry":{"type":"Polygon","coordinates":[[[45.23,-40.35],[45.26,-40.32],[45.33,-40.32],[45.33,-40.38],[45.26,-40.4],[45.26,-40.38],[45.23,-40.35]]]}},{"type":"Feature","properties":{"precip":20},"geometry":{"type":"Polygon","coordinates":[[[45.55,-40.47],[45.55,-40.4],[45.62,-40.4],[45.62,-40.5],[45.55,-40.5],[45.55,-40.47]]]}},{"type":"Feature","properties":{"precip":20},"geometry":{"type":"Polygon","coordinates":[[[46.13,-40.65],[46.13,-40.6],[46.16,-40.57],[46.16,-40.52],[46.23,-40.52],[46.23,-40.57],[46.27,-40.57],[46.31,-40.6],[46.38,-40.6],[46.45,-40.6],[46.63,-40.6],[46.7,-40.62],[46.77,-40.67],[46.77,-40.7],[46.85,-40.65],[46.85,-40.62],[46.88,-40.6],[46.95,-40.65],[46.99,-40.7],[46.99,-40.73],[47.03,-40.75],[47.03,-40.8],[46.95,-40.82],[46.92,-40.87],[46.85,-40.9],[46.77,-40.9],[46.77,-40.87],[46.74,-40.83],[46.74,-40.75],[46.7,-40.7],[46.67,-40.7],[46.63,-40.75],[46.63,-40.78],[46.56,-40.8],[46.49,-40.8],[46.45,-40.8],[46.31,-40.8],[46.16,-40.8],[46.13,-40.75],[46.13,-40.65]]]}},{"type":"Feature","properties":{"precip":20},"geometry":{"type":"Polygon","coordinates":[[[45.84,-40.65],[45.84,-40.62],[45.87,-40.6],[45.95,-40.62],[45.95,-40.68],[45.91,-40.7],[45.84,-40.7],[45.84,-40.65]]]}},{"type":"Feature","properties":{"precip":20},"geometry":{"type":"Polygon","coordinates":[[[47.13,-41.02],[47.13,-40.95],[47.17,-40.93],[47.17,-40.9],[47.21,-40.9],[47.24,-40.93],[47.24,-41.08],[47.21,-41.08],[47.21,-41.1],[47.13,-41.07],[47.13,-41.02]]]}},{"type":"Feature","properties":{"precip":20},"geometry":{"type":"Polygon","coordinates":[[[47.46,-41.07],[47.46,-41.02],[47.53,-41.02],[47.53,-41.1],[47.46,-41.1],[47.46,-41.07]]]}},{"type":"Feature","properties":{"precip":20},"geometry":{"type":"Polygon","coordinates":[[[48.43,-41.03],[48.47,-41.02],[48.61,-41.0],[48.68,-41.02],[48.79,-41.02],[48.93,-41.05],[48.97,-41.07],[48.97,-41.1],[49.01,-41.1],[49.01,-41.07],[49.08,-41.02],[49.19,-41.02],[49.26,-41.05],[49.26,-41.08],[49.29,-41.1],[49.33,-41.08],[49.33,-41.05],[49.37,-41.02],[49.4,-41.02],[49.44,-41.05],[49.44,-41.17],[49.51,-41.2],[49.55,-41.18],[49.55,-41.12],[49.58,-41.1],[49.69,-41.1],[49.73,-41.12],[49.73,-41.15],[49.76,-41.17],[49.76,-41.2],[49.83,-41.2],[49.91,-41.2],[49.94,-41.22],[49.94,-41.3],[49.91,-41.3],[49.83,-41.3],[49.83,-41.3],[49.73,-41.3],[49.73,-41.3],[49.65,-41.28],[49.62,-41.23],[49.62,-41.2],[49.58,-41.2],[49.55,-41.25],[49.44,-41.3],[49.29,-41.3],[49.29,-41.3],[48.87,-41.3],[48.86,-41.3],[48.79,-41.3],[48.72,-41.3],[48.65,-41.25],[48.57,-41.18],[48.5,-41.12],[48.47,-41.08],[48.47,-41.07],[48.43,-41.03]]]}},{"type":"Feature","properties":{"precip":20},"geometry":{"type":"Polygon","coordinates":[[[47.75,-41.15],[47.75,-41.1],[47.82,-41.1],[47.85,-41.13],[47.85,-41.17],[47.82,-41.18],[47.82,-41.2],[47.75,-41.2],[47.75,-41.15]]]}},{"type":"Feature","properties":{"precip":40},"geometry":{"type":"Polygon","coordinates":[[[86.15,3.79],[86.15,3.66],[86.19,3.63],[86.19,3.61],[86.3,3.51],[86.3,3.46],[86.33,3.4],[86.33,3.21],[86.26,3.18],[86.26,2.83],[86.3,2.8],[86.33,2.8],[86.4,2.78],[86.4,2.76],[86.4,2.73],[86.51,2.68],[86.55,2.6],[86.66,2.56],[86.69,2.51],[86.8,2.5],[86.87,2.56],[86.87,2.6],[86.94,2.58],[86.94,2.53],[86.91,2.51],[86.87,2.48],[86.87,2.43],[86.84,2.35],[86.84,2.15],[86.87,2.08],[86.87,2.03],[86.91,2.0],[86.91,1.98],[86.94,1.95],[86.94,1.75],[86.91,1.73],[86.91,1.7],[86.87,1.7],[86.87,1.66],[86.84,1.63],[86.84,1.53],[86.8,1.51],[86.69,1.48],[86.66,1.48],[86.66,1.43],[86.62,1.43],[86.62,1.4],[86.55,1.4],[86.55,1.43],[86.55,1.55],[86.66,1.65],[86.66,1.66],[86.69,1.71],[86.69,1.8],[86.62,1.8],[86.55,1.78],[86.55,1.71],[86.48,1.7],[86.4,1.7],[86.33,1.63],[86.26,1.6],[86.19,1.5],[86.15,1.46],[86.15,1.41],[86.22,1.4],[86.37,1.4],[86.4,1.36],[86.4,1.23],[86.4,1.2],[86.33,1.2],[86.26,1.18],[86.26,0.96],[86.33,0.86],[86.4,0.8],[86.55,0.8],[86.62,0.78],[86.62,0.71],[86.66,0.66],[86.66,0.25],[86.69,0.21],[86.69,0.18],[86.69,0.13],[86.69,0.11],[86.69,0.1],[86.66,0.06],[86.66,-0.15],[86.62,-0.22],[86.62,-0.28],[86.55,-0.32],[86.48,-0.38],[86.33,-0.4],[86.22,-0.4],[86.15,-0.42],[86.15,-0.52],[86.08,-0.55],[86.08,-0.58],[86.04,-0.67],[85.94,-0.7],[85.9,-0.7],[85.86,-0.72],[85.86,-0.75],[85.79,-0.78],[85.79,-0.83],[85.86,-0.85],[85.86,-0.88],[85.94,-0.9],[86.01,-0.9],[86.19,-0.92],[86.26,-0.98],[86.33,-1.1],[86.33,-1.52],[86.3,-1.58],[86.26,-1.63],[86.19,-1.67],[86.08,-1.68],[86.01,-1.7],[85.76,-1.7],[85.65,-1.68],[85.58,-1.67],[85.54,-1.63],[85.54,-1.58],[85.58,-1.55],[85.61,-1.47],[85.65,-1.4],[85.72,-1.35],[85.79,-1.28],[85.79,-1.25],[85.79,-1.22],[85.79,-0.93],[85.79,-0.9],[85.72,-0.9],[85.65,-0.92],[85.65,-0.95],[85.61,-0.98],[85.47,-1.0],[85.43,-1.0],[85.32,-1.03],[85.32,-1.05],[85.32,-1.07],[85.32,-1.18],[85.25,-1.2],[85.18,-1.2],[85.14,-1.23],[85.14,-1.47],[85.18,-1.52],[85.18,-1.53],[85.25,-1.55],[85.18,-1.57],[85.18,-1.58],[85.18,-1.6],[85.11,-1.6],[85.04,-1.63],[85.04,-1.67],[85.0,-1.67],[85.0,-1.7],[84.93,-1.75],[84.86,-1.78],[84.82,-1.8],[84.71,-1.8],[84.68,-1.83],[84.57,-1.92],[84.53,-1.95],[84.53,-1.97],[84.57,-2.0],[84.57,-2.03],[84.64,-2.07],[84.64,-2.27],[84.68,-2.3],[84.71,-2.3],[84.82,-2.32],[84.82,-2.4],[84.86,-2.43],[84.86,-2.48],[84.86,-2.5],[85.0,-2.6],[85.0,-2.63],[85.04,-2.65],[85.04,-2.77],[85.04,-2.78],[85.14,-2.8],[85.18,-2.82],[85.25,-2.83],[85.25,-2.88],[85.29,-2.9],[85.32,-2.9],[85.47,-2.97],[85.47,-3.0],[85.47,-3.03],[85.54,-3.07],[85.54,-3.13],[85.47,-3.23],[85.4,-3.28],[85.32,-3.32],[85.25,-3.4],[85.18,-3.4],[85.14,-3.43],[85.14,-3.57],[85.11,-3.57],[85.11,-3.6],[85.04,-3.58],[85.04,-3.52],[84.96,-3.5],[84.96,-3.53],[84.93,-3.55],[84.93,-3.68],[84.86,-3.7],[84.86,-3.67],[84.82,-3.67],[84.82,-3.62],[84.71,-3.6],[84.68,-3.6],[84.64,-3.58],[84.64,-3.53],[84.53,-3.5],[84.39,-3.5],[84.32,-3.48],[84.24,-3.47],[84.14,-3.37],[84.14,-3.32],[84.1,-3.3],[84.06,-3.32],[84.06,-3.47],[83.99,-3.48],[83.99,-3.5],[83.81,-3.5],[83.67,-3.53],[83.6,-3.6],[83.6,-3.65],[83.52,-3.68],[83.49,-3.68],[83.45,-3.65],[83.45,-3.63],[83.38,-3.53],[83.38,-3.48],[83.34,-3.43],[83.38,-3.37],[83.38,-3.33],[83.38,-3.32],[83.49,-3.3],[83.52,-3.32],[83.52,-3.38],[83.63,-3.4],[83.63,-3.37],[83.67,-3.37],[83.67,-3.23],[83.74,-3.2],[83.74,-3.13],[83.78,-3.12],[83.78,-2.93],[83.85,-2.9],[83.92,-2.9],[83.96,-2.88],[83.96,-2.77],[83.99,-2.75],[83.99,-2.7],[84.06,-2.67],[84.06,-2.63],[83.99,-2.6],[83.99,-2.52],[84.06,-2.47],[84.14,-2.3],[84.14,-2.2],[84.14,-2.12],[84.14,-2.03],[84.1,-1.97],[83.99,-1.92],[83.96,-1.9],[83.85,-1.88],[83.85,-1.87],[83.85,-1.82],[83.85,-1.75],[83.85,-1.68],[83.92,-1.6],[83.99,-1.53],[84.1,-1.4],[84.14,-1.35],[84.14,-1.32],[84.24,-1.23],[84.24,-1.18],[84.24,-1.17],[84.24,-1.03],[84.24,-1.0],[84.35,-1.0],[84.39,-0.98],[84.42,-0.98],[84.42,-0.93],[84.5,-0.9],[84.57,-0.9],[84.57,-0.88],[84.68,-0.83],[84.68,-0.78],[84.71,-0.75],[84.71,-0.72],[84.71,-0.68],[84.71,-0.62],[84.78,-0.6],[84.86,-0.58],[84.93,-0.55],[84.93,-0.45],[84.86,-0.37],[84.78,-0.32],[84.71,-0.3],[84.57,-0.3],[84.53,-0.33],[84.53,-0.38],[84.42,-0.38],[84.42,-0.4],[84.39,-0.4],[84.35,-0.42],[84.35,-0.43],[84.32,-0.45],[84.32,-0.47],[84.24,-0.47],[84.24,-0.5],[84.06,-0.5],[83.92,-0.52],[83.85,-0.53],[83.85,-0.55],[83.85,-0.58],[83.74,-0.6],[83.74,-0.58],[83.67,-0.58],[83.67,-0.53],[83.63,-0.5],[83.52,-0.5],[83.49,-0.52],[83.45,-0.55],[83.45,-0.58],[83.38,-0.6],[83.31,-0.6],[83.24,-0.62],[83.24,-0.87],[83.34,-0.9],[83.34,-0.95],[83.38,-0.97],[83.38,-1.07],[83.38,-1.1],[83.38,-1.12],[83.45,-1.15],[83.52,-1.23],[83.52,-1.3],[83.52,-1.48],[83.49,-1.5],[83.49,-1.55],[83.45,-1.55],[83.45,-1.67],[83.38,-1.7],[83.31,-1.7],[83.24,-1.67],[83.24,-1.63],[83.2,-1.6],[83.06,-1.6],[82.91,-1.55],[82.91,-1.52],[82.84,-1.5],[82.77,-1.52],[82.77,-1.57],[82.7,-1.6],[82.62,-1.6],[82.55,-1.57],[82.55,-1.53],[82.52,-1.52],[82.44,-1.5],[82.37,-1.5],[82.3,-1.52],[82.26,-1.53],[82.26,-1.57],[82.16,-1.6],[82.08,-1.6],[82.01,-1.63],[81.87,-1.72],[81.87,-1.77],[81.94,-1.8],[81.94,-1.87],[81.87,-1.9],[81.76,-1.9],[81.76,-1.92],[81.69,-1.92],[81.65,-1.93],[81.65,-1.98],[81.54,-2.0],[81.51,-2.03],[81.4,-2.05],[81.4,-2.08],[81.36,-2.17],[81.36,-2.32],[81.33,-2.35],[81.33,-2.4],[81.26,-2.38],[81.26,-2.25],[81.22,-2.23],[81.22,-2.22],[81.18,-2.2],[81.04,-2.2],[80.93,-2.22],[80.93,-2.3],[80.93,-2.32],[80.93,-2.4],[80.86,-2.38],[80.86,-2.23],[80.79,-2.23],[80.79,-2.2],[80.72,-2.27],[80.72,-2.3],[80.64,-2.33],[80.57,-2.38],[80.46,-2.4],[80.39,-2.38],[80.32,-2.33],[80.25,-2.25],[80.25,-2.15],[80.28,-2.12],[80.39,-2.08],[80.43,-2.08],[80.43,-2.07],[80.46,-2.05],[80.46,-2.02],[80.61,-1.98],[80.64,-1.95],[80.64,-1.83],[80.61,-1.83],[80.61,-1.8],[80.54,-1.8],[80.46,-1.78],[80.46,-1.75],[80.43,-1.75],[80.43,-1.72],[80.32,-1.7],[80.25,-1.67],[80.25,-1.63],[80.32,-1.63],[80.39,-1.6],[80.72,-1.6],[80.79,-1.58],[80.86,-1.58],[80.93,-1.57],[80.93,-1.53],[80.93,-1.5],[80.93,-1.43],[81.0,-1.4],[81.08,-1.4],[81.08,-1.38],[81.15,-1.38],[81.15,-1.33],[81.26,-1.3],[81.36,-1.3],[81.4,-1.27],[81.4,-1.25],[81.47,-1.23],[81.47,-1.22],[81.62,-1.17],[81.69,-1.1],[81.69,-1.07],[81.8,-1.0],[81.83,-0.98],[81.83,-0.92],[81.8,-0.9],[81.8,-0.87],[81.76,-0.85],[81.69,-0.83],[81.65,-0.8],[81.54,-0.8],[81.47,-0.77],[81.4,-0.75],[81.4,-0.72],[81.36,-0.68],[81.36,-0.62],[81.4,-0.6],[81.4,-0.58],[81.47,-0.53],[81.51,-0.5],[81.51,-0.47],[81.54,-0.45],[81.54,-0.35],[81.54,-0.33],[81.54,-0.3],[81.62,-0.28],[81.62,-0.27],[81.69,-0.23],[81.69,-0.22],[81.69,-0.2],[81.69,-0.18],[81.76,-0.15],[81.76,-0.12],[81.69,-0.1],[81.54,-0.1],[81.54,-0.07],[81.54,-0.03],[81.54,-0.02],[81.54,-0.0],[81.65,0.02],[81.65,0.08],[81.62,0.08],[81.54,0.1],[81.51,0.1],[81.4,0.15],[81.47,0.15],[81.47,0.18],[81.51,0.2],[81.51,0.21],[81.54,0.23],[81.62,0.3],[81.62,0.33],[81.65,0.35],[81.65,0.46],[81.69,0.48],[81.69,0.5],[81.76,0.51],[81.76,0.56],[81.69,0.6],[81.62,0.6],[81.54,0.63],[81.54,0.68],[81.51,0.7],[81.4,0.7],[81.36,0.7],[81.22,0.78],[81.15,0.83],[81.08,0.93],[81.08,0.98],[81.15,1.03],[81.15,1.06],[81.08,1.06],[81.08,1.11],[81.08,1.13],[81.04,1.16],[81.04,1.23],[81.08,1.26],[81.08,1.3],[81.08,1.31],[81.15,1.31],[81.15,1.43],[81.22,1.53],[81.29,1.58],[81.33,1.63],[81.4,1.66],[81.47,1.7],[81.54,1.7],[81.54,1.68],[81.65,1.66],[81.65,1.63],[81.69,1.63],[81.69,1.6],[81.76,1.53],[81.83,1.5],[81.9,1.51],[81.98,1.58],[82.01,1.63],[82.16,1.81],[82.16,1.96],[82.16,1.98],[82.16,2.0],[82.26,1.98],[82.26,1.93],[82.37,1.9],[82.48,1.9],[82.55,1.86],[82.55,1.65],[82.59,1.63],[82.59,1.6],[82.62,1.61],[82.62,1.66],[82.77,1.78],[82.84,1.85],[82.91,1.91],[82.91,1.96],[82.91,2.03],[82.91,2.08],[82.84,2.18],[82.77,2.23],[82.7,2.28],[82.62,2.3],[82.55,2.25],[82.52,2.21],[82.52,2.2],[82.44,2.11],[82.41,2.11],[82.37,2.11],[82.3,2.15],[82.3,2.18],[82.3,2.2],[82.26,2.18],[82.26,2.15],[82.23,2.11],[82.16,2.1],[82.08,2.11],[82.01,2.13],[82.01,2.18],[82.12,2.2],[82.16,2.23],[82.16,2.36],[82.23,2.4],[82.3,2.4],[82.3,2.43],[82.3,2.51],[82.37,2.56],[82.37,2.83],[82.41,2.88],[82.41,2.91],[82.48,2.98],[82.52,3.0],[82.52,3.03],[82.55,3.05],[82.62,3.08],[82.73,3.13],[82.84,3.23],[82.84,3.33],[82.88,3.36],[82.88,3.4],[82.84,3.43],[82.84,3.48],[82.77,3.5],[82.73,3.5],[82.62,3.48],[82.62,3.43],[82.55,3.4],[82.41,3.4],[82.3,3.43],[82.26,3.45],[82.16,3.51],[82.16,3.53],[82.16,3.58],[82.26,3.61],[82.41,3.61],[82.44,3.63],[82.44,3.66],[82.55,3.7],[82.62,3.7],[82.77,3.66],[82.77,3.61],[82.88,3.61],[82.91,3.65],[83.06,3.73],[83.06,3.79],[86.15,3.79]],[[85.43,3.75],[85.43,3.79],[85.25,3.79],[85.25,3.63],[85.29,3.61],[85.4,3.61],[85.43,3.63],[85.43,3.75]],[[85.43,3.35],[85.43,3.4],[85.4,3.4],[85.32,3.4],[85.32,3.35],[85.32,3.33],[85.32,3.21],[85.25,3.18],[85.25,3.13],[85.29,3.11],[85.29,3.08],[85.32,3.05],[85.32,3.01],[85.4,3.0],[85.4,2.96],[85.43,2.95],[85.43,2.85],[85.47,2.81],[85.47,2.8],[85.65,2.8],[85.72,2.83],[85.72,2.85],[85.76,2.88],[85.76,3.0],[85.79,3.0],[85.79,3.16],[85.76,3.23],[85.72,3.25],[85.72,3.28],[85.65,3.28],[85.61,3.3],[85.54,3.3],[85.47,3.31],[85.43,3.35]],[[84.21,3.03],[84.14,3.06],[84.1,3.08],[84.06,3.08],[84.06,3.05],[83.99,3.0],[83.99,2.91],[83.99,2.9],[83.99,2.88],[84.14,2.8],[84.21,2.8],[84.24,2.83],[84.24,2.85],[84.24,2.88],[84.24,2.91],[84.24,2.96],[84.24,3.0],[84.21,3.03]],[[84.64,-3.15],[84.64,-3.12],[84.57,-3.1],[84.53,-3.12],[84.53,-3.18],[84.57,-3.2],[84.64,-3.18],[84.64,-3.15]],[[84.82,-3.15],[84.82,-3.1],[84.71,-3.12],[84.71,-3.2],[84.82,-3.2],[84.82,-3.15]],[[84.06,-3.25],[84.06,-3.22],[83.99,-3.2],[83.96,-3.23],[83.96,-3.27],[83.99,-3.28],[83.99,-3.3],[84.06,-3.28],[84.06,-3.25]],[[83.85,-3.35],[83.85,-3.33],[83.85,-3.3],[83.78,-3.32],[83.78,-3.4],[83.85,-3.4],[83.85,-3.37],[83.85,-3.35]]]}},{"type":"Feature","properties":{"precip":40},"geometry":{"type":"Polygon","coordinates":[[[8.61,3.79],[8.62,3.78],[8.66,3.73],[8.66,3.53],[8.62,3.51],[8.55,3.48],[8.51,3.48],[8.48,3.45],[8.4,3.41],[8.4,3.4],[8.37,3.35],[8.3,3.31],[8.26,3.33],[8.26,3.36],[8.22,3.4],[8.15,3.4],[8.08,3.45],[7.97,3.55],[7.97,3.65],[7.94,3.68],[7.86,3.7],[7.79,3.7],[7.58,3.73],[7.52,3.79],[8.61,3.79]]]}},{"type":"Feature","properties":{"precip":40},"geometry":{"type":"Polygon","coordinates":[[[79.07,3.79],[79.06,3.78],[79.02,3.76],[79.02,3.71],[78.95,3.7],[78.81,3.73],[78.81,3.76],[78.81,3.79],[78.77,3.79],[78.77,3.76],[78.74,3.73],[78.7,3.7],[78.63,3.71],[78.63,3.78],[78.63,3.79],[79.07,3.79]]]}},{"type":"Feature","properties":{"precip":40},"geometry":{"type":"Polygon","coordinates":[[[18.19,3.79],[18.19,3.78],[18.16,3.76],[18.16,3.66],[18.12,3.63],[18.12,3.51],[18.09,3.53],[18.01,3.56],[17.98,3.61],[17.98,3.65],[17.94,3.68],[17.94,3.78],[17.97,3.79],[18.19,3.79]]]}},{"type":"Feature","properties":{"precip":40},"geometry":{"type":"Polygon","coordinates":[[[9.45,3.75],[9.48,3.76],[9.48,3.79],[9.51,3.79],[9.56,3.78],[9.56,3.66],[9.59,3.65],[9.59,3.61],[9.66,3.61],[9.66,3.68],[9.7,3.7],[9.77,3.7],[9.84,3.66],[9.92,3.56],[9.95,3.55],[9.95,3.53],[10.02,3.53],[10.02,3.56],[10.1,3.61],[10.17,3.6],[10.24,3.53],[10.24,3.45],[10.2,3.43],[10.2,3.4],[10.13,3.41],[10.13,3.48],[10.06,3.5],[10.06,3.41],[10.02,3.38],[10.02,3.13],[9.99,3.13],[9.99,3.1],[9.95,3.08],[9.95,2.88],[9.92,2.83],[9.92,2.43],[9.92,2.4],[9.84,2.4],[9.77,2.38],[9.77,2.33],[9.7,2.3],[9.63,2.3],[9.56,2.26],[9.56,2.23],[9.48,2.2],[9.34,2.2],[9.27,2.16],[9.27,2.13],[9.16,2.1],[9.09,2.1],[9.02,2.08],[8.91,2.01],[8.91,2.0],[8.84,1.91],[8.8,1.91],[8.76,1.93],[8.76,1.95],[8.73,1.96],[8.73,2.0],[8.69,2.0],[8.69,1.96],[8.62,1.91],[8.55,1.91],[8.51,1.91],[8.44,1.96],[8.33,2.08],[8.26,2.08],[8.26,2.05],[8.19,2.0],[8.19,1.96],[8.12,1.91],[8.01,1.88],[7.97,1.88],[7.97,1.86],[7.94,1.85],[7.94,1.81],[7.9,1.81],[7.83,1.86],[7.83,1.88],[7.79,1.93],[7.72,1.95],[7.65,2.0],[7.58,2.0],[7.54,1.95],[7.54,1.93],[7.47,1.91],[7.4,1.9],[7.25,1.9],[7.14,1.86],[7.14,1.83],[7.11,1.8],[7.0,1.8],[6.96,1.8],[6.96,1.75],[6.93,1.73],[6.93,1.71],[6.82,1.71],[6.68,1.8],[6.68,1.9],[6.75,1.93],[6.75,1.96],[6.68,2.0],[6.68,2.03],[6.64,2.06],[6.64,2.15],[6.68,2.16],[6.68,2.2],[6.71,2.2],[6.75,2.2],[6.75,2.11],[6.78,2.11],[6.78,2.1],[6.82,2.11],[6.82,2.15],[6.86,2.16],[6.86,2.36],[6.96,2.4],[7.14,2.4],[7.22,2.4],[7.29,2.4],[7.36,2.36],[7.36,2.31],[7.43,2.31],[7.43,2.35],[7.47,2.36],[7.47,2.46],[7.54,2.5],[7.68,2.5],[7.72,2.48],[7.76,2.48],[7.76,2.43],[7.79,2.43],[7.86,2.4],[8.04,2.4],[8.15,2.43],[8.15,2.5],[8.08,2.51],[8.08,2.53],[8.04,2.55],[8.08,2.58],[8.19,2.6],[8.26,2.6],[8.33,2.61],[8.37,2.65],[8.37,2.68],[8.4,2.7],[8.55,2.7],[8.55,2.71],[8.66,2.75],[8.66,2.76],[8.73,2.8],[8.73,2.83],[8.8,2.86],[8.8,2.88],[8.91,2.9],[9.05,2.9],[9.2,2.91],[9.23,2.95],[9.3,2.96],[9.34,3.01],[9.34,3.06],[9.38,3.11],[9.38,3.16],[9.34,3.21],[9.34,3.28],[9.27,3.35],[9.23,3.4],[9.16,3.45],[9.16,3.46],[9.2,3.48],[9.27,3.5],[9.34,3.5],[9.45,3.53],[9.45,3.58],[9.38,3.61],[9.3,3.61],[9.27,3.63],[9.27,3.68],[9.34,3.7],[9.45,3.71],[9.45,3.75]],[[9.66,2.96],[9.66,2.98],[9.59,3.0],[9.59,2.98],[9.56,2.96],[9.56,2.93],[9.59,2.91],[9.59,2.9],[9.63,2.9],[9.66,2.91],[9.66,2.96]],[[9.41,2.73],[9.34,2.78],[9.34,2.8],[9.27,2.78],[9.27,2.76],[9.23,2.71],[9.16,2.68],[9.12,2.6],[9.05,2.51],[9.05,2.48],[9.12,2.41],[9.2,2.4],[9.38,2.4],[9.45,2.43],[9.45,2.66],[9.41,2.7],[9.41,2.73]],[[9.56,2.76],[9.56,2.8],[9.52,2.8],[9.48,2.8],[9.48,2.71],[9.52,2.7],[9.56,2.71],[9.56,2.76]]]}},{"type":"Feature","properties":{"precip":40},"geometry":{"type":"Polygon","coordinates":[[[18.45,3.7],[18.45,3.75],[18.51,3.79],[18.67,3.79],[18.73,3.76],[18.84,3.65],[18.84,3.55],[18.81,3.53],[18.73,3.5],[18.66,3.51],[18.66,3.55],[18.63,3.55],[18.63,3.58],[18.55,3.61],[18.48,3.61],[18.48,3.63],[18.45,3.65],[18.45,3.7]]]}},{"type":"Feature","properties":{"precip":40},"geometry":{"type":"Polygon","coordinates":[[[14.06,3.65],[14.06,3.68],[14.13,3.7],[14.2,3.7],[14.24,3.68],[14.24,3.63],[14.27,3.6],[14.27,3.53],[14.24,3.5],[14.24,3.41],[14.16,3.4],[14.16,3.46],[14.06,3.5],[13.98,3.5],[13.91,3.51],[13.84,3.55],[13.88,3.58],[13.95,3.61],[14.02,3.61],[14.06,3.63],[14.06,3.65]]]}},{"type":"Feature","properties":{"precip":40},"geometry":{"type":"Polygon","coordinates":[[[14.67,3.56],[14.67,3.58],[14.74,3.61],[14.78,3.61],[14.85,3.58],[14.85,3.45],[14.88,3.45],[14.88,3.41],[14.92,3.4],[15.06,3.38],[15.06,3.33],[14.99,3.28],[14.96,3.26],[14.96,3.25],[14.99,3.23],[15.06,3.18],[15.06,3.15],[14.99,3.11],[14.88,3.1],[14.78,3.13],[14.78,3.2],[14.74,3.21],[14.74,3.28],[14.7,3.3],[14.7,3.33],[14.67,3.33],[14.67,3.36],[14.7,3.38],[14.7,3.4],[14.74,3.41],[14.74,3.48],[14.7,3.48],[14.7,3.51],[14.67,3.51],[14.67,3.56]]]}},{"type":"Feature","properties":{"precip":40},"geometry":{"type":"Polygon","coordinates":[[[12.33,3.35],[12.36,3.36],[12.36,3.4],[12.44,3.38],[12.44,3.15],[12.36,3.1],[12.29,3.11],[12.26,3.13],[12.18,3.2],[12.15,3.23],[12.15,3.28],[12.18,3.3],[12.26,3.3],[12.33,3.31],[12.33,3.35]]]}},{"type":"Feature","properties":{"precip":40},"geometry":{"type":"Polygon","coordinates":[[[11.39,3.23],[11.43,3.26],[11.54,3.3],[11.68,3.28],[11.72,3.25],[11.79,3.2],[11.86,3.13],[11.9,3.08],[11.97,3.01],[12.0,3.0],[12.0,2.96],[12.04,2.93],[12.04,2.86],[12.0,2.83],[12.0,2.8],[11.97,2.76],[11.9,2.71],[11.86,2.71],[11.86,2.8],[11.93,2.83],[11.93,2.86],[11.9,2.88],[11.9,2.91],[11.86,2.93],[11.86,2.96],[11.79,3.0],[11.75,2.98],[11.75,2.93],[11.72,2.9],[11.64,2.93],[11.64,3.06],[11.57,3.1],[11.54,3.08],[11.54,3.03],[11.46,3.01],[11.43,3.05],[11.43,3.06],[11.39,3.08],[11.39,3.11],[11.36,3.13],[11.36,3.18],[11.39,3.2],[11.39,3.23]]]}},{"type":"Feature","properties":{"precip":40},"geometry":{"type":"Polygon","coordinates":[[[14.06,3.0],[14.06,3.06],[14.13,3.1],[14.31,3.1],[14.34,3.08],[14.34,3.05],[14.24,2.93],[14.16,2.91],[14.09,2.91],[14.09,2.93],[14.06,2.96],[14.06,3.0]]]}},{"type":"Feature","properties":{"precip":40},"geometry":{"type":"Polygon","coordinates":[[[29.35,3.0],[29.35,3.05],[29.39,3.06],[29.39,3.1],[29.46,3.08],[29.46,2.98],[29.42,2.95],[29.42,2.91],[29.35,2.85],[29.28,2.81],[29.28,2.88],[29.32,2.88],[29.35,2.91],[29.35,3.0]]]}},{"type":"Feature","properties":{"precip":40},"geometry":{"type":"Polygon","coordinates":[[[13.34,2.76],[13.37,2.76],[13.37,2.8],[13.44,2.8],[13.44,2.71],[13.37,2.71],[13.37,2.73],[13.34,2.76]]]}},{"type":"Feature","properties":{"precip":40},"geometry":{"type":"Polygon","coordinates":[[[12.26,2.65],[12.26,2.7],[12.33,2.7],[12.33,2.51],[12.26,2.5],[12.26,2.43],[12.29,2.4],[12.36,2.4],[12.44,2.38],[12.44,2.31],[12.36,2.3],[12.29,2.3],[12.26,2.28],[12.26,2.23],[12.22,2.15],[12.15,2.05],[12.0,2.0],[11.93,2.01],[11.86,2.03],[11.79,2.1],[11.79,2.11],[11.75,2.15],[11.79,2.16],[11.79,2.2],[11.86,2.26],[11.9,2.31],[11.97,2.38],[12.0,2.4],[12.0,2.45],[12.04,2.48],[11.93,2.51],[11.93,2.56],[11.97,2.58],[12.04,2.6],[12.15,2.6],[12.26,2.65]]]}},{"type":"Feature","properties":{"precip":40},"geometry":{"type":"Polygon","coordinates":[[[12.94,2.65],[12.94,2.68],[12.98,2.68],[12.98,2.7],[13.05,2.68],[13.05,2.61],[12.98,2.6],[12.98,2.63],[12.94,2.63],[12.94,2.65]]]}},{"type":"Feature","properties":{"precip":40},"geometry":{"type":"Polygon","coordinates":[[[29.35,2.65],[29.35,2.68],[29.39,2.68],[29.39,2.7],[29.46,2.68],[29.46,2.61],[29.39,2.6],[29.39,2.63],[29.35,2.63],[29.35,2.65]]]}},{"type":"Feature","properties":{"precip":40},"geometry":{"type":"Polygon","coordinates":[[[67.94,2.65],[67.97,2.68],[67.97,2.7],[68.05,2.7],[68.05,2.61],[67.97,2.6],[67.97,2.63],[67.94,2.65]]]}},{"type":"Feature","properties":{"precip":40},"geometry":{"type":"Polygon","coordinates":[[[81.94,2.65],[81.98,2.68],[81.98,2.7],[82.01,2.7],[82.01,2.61],[81.98,2.6],[81.98,2.63],[81.94,2.65]]]}},{"type":"Feature","properties":{"precip":40},"geometry":{"type":"Polygon","coordinates":[[[14.16,2.2],[14.16,2.28],[14.24,2.3],[14.24,2.23],[14.27,2.23],[14.27,2.18],[14.24,2.16],[14.24,2.11],[14.16,2.11],[14.16,2.2]]]}},{"type":"Feature","properties":{"precip":40},"geometry":{"type":"Polygon","coordinates":[[[29.28,2.25],[29.28,2.3],[29.35,2.3],[29.35,2.21],[29.28,2.2],[29.28,2.25]]]}},{"type":"Feature","properties":{"precip":40},"geometry":{"type":"Polygon","coordinates":[[[14.34,2.15],[14.38,2.18],[14.38,2.2],[14.45,2.2],[14.45,2.11],[14.38,2.1],[14.38,2.11],[14.34,2.13],[14.34,2.15]]]}},{"type":"Feature","properties":{"precip":40},"geometry":{"type":"Polygon","coordinates":[[[9.05,1.95],[9.09,1.98],[9.09,2.0],[9.16,2.0],[9.16,1.91],[9.09,1.9],[9.09,1.91],[9.05,1.93],[9.05,1.95]]]}},{"type":"Feature","properties":{"precip":40},"geometry":{"type":"Polygon","coordinates":[[[14.67,1.95],[14.67,2.0],[14.74,2.0],[14.74,1.91],[14.7,1.9],[14.67,1.91],[14.67,1.95]]]}},{"type":"Feature","properties":{"precip":40},"geometry":{"type":"Polygon","coordinates":[[[12.44,1.56],[12.51,1.6],[12.69,1.6],[12.72,1.58],[12.72,1.55],[12.76,1.53],[12.76,1.5],[12.72,1.46],[12.72,1.43],[12.69,1.4],[12.65,1.4],[12.54,1.43],[12.51,1.46],[12.51,1.51],[12.47,1.51],[12.47,1.55],[12.44,1.56]]]}},{"type":"Feature","properties":{"precip":40},"geometry":{"type":"Polygon","coordinates":[[[13.84,1.46],[13.88,1.5],[13.95,1.46],[13.95,1.45],[14.02,1.4],[14.02,1.36],[14.06,1.35],[14.06,1.31],[13.98,1.31],[13.98,1.35],[13.91,1.4],[13.88,1.43],[13.88,1.45],[13.84,1.46]]]}},{"type":"Feature","properties":{"precip":40},"geometry":{"type":"Polygon","coordinates":[[[27.77,1.45],[27.77,1.5],[27.84,1.5],[27.84,1.4],[27.77,1.4],[27.77,1.45]]]}},{"type":"Feature","properties":{"precip":40},"geometry":{"type":"Polygon","coordinates":[[[15.75,1.3],[15.75,1.31],[15.78,1.35],[15.78,1.4],[15.82,1.4],[15.85,1.4],[15.85,1.33],[15.89,1.31],[15.96,1.3],[16.03,1.3],[16.07,1.26],[16.07,1.23],[16.03,1.21],[15.96,1.2],[15.85,1.2],[15.78,1.23],[15.78,1.26],[15.75,1.3]]]}},{"type":"Feature","properties":{"precip":40},"geometry":{"type":"Polygon","coordinates":[[[13.55,0.85],[13.55,0.88],[13.59,0.91],[13.62,0.88],[13.66,0.88],[13.66,0.83],[13.62,0.8],[13.55,0.81],[13.55,0.85]]]}},{"type":"Feature","properties":{"precip":40},"geometry":{"type":"Polygon","coordinates":[[[13.84,0.7],[13.84,0.75],[13.88,0.8],[13.88,0.88],[13.95,0.91],[14.02,0.88],[14.06,0.88],[14.06,0.81],[13.98,0.8],[13.98,0.75],[13.95,0.73],[13.95,0.53],[13.91,0.5],[13.88,0.51],[13.88,0.63],[13.84,0.66],[13.84,0.7]]]}},{"type":"Feature","properties":{"precip":40},"geometry":{"type":"Polygon","coordinates":[[[28.17,0.75],[28.17,0.78],[28.24,0.8],[28.24,0.76],[28.27,0.76],[28.27,0.75],[28.24,0.73],[28.24,0.7],[28.17,0.7],[28.17,0.75]]]}},{"type":"Feature","properties":{"precip":40},"geometry":{"type":"Polygon","coordinates":[[[14.78,0.35],[14.78,0.4],[14.85,0.38],[14.85,0.3],[14.78,0.3],[14.78,0.35]]]}},{"type":"Feature","properties":{"precip":40},"geometry":{"type":"Polygon","coordinates":[[[13.16,0.25],[13.16,0.3],[13.19,0.3],[13.26,0.26],[13.26,0.23],[13.23,0.21],[13.23,0.2],[13.16,0.21],[13.16,0.25]]]}},{"type":"Feature","properties":{"precip":40},"geometry":{"type":"Polygon","coordinates":[[[13.8,0.21],[13.84,0.26],[13.88,0.26],[13.88,0.3],[13.95,0.28],[13.95,0.26],[14.02,0.2],[14.02,0.1],[13.91,0.02],[13.88,0.02],[13.84,0.05],[13.84,0.06],[13.8,0.1],[13.8,0.11],[13.77,0.13],[13.77,0.18],[13.8,0.2],[13.8,0.21]]]}},{"type":"Feature","properties":{"precip":40},"geometry":{"type":"Polygon","coordinates":[[[13.44,0.05],[13.44,0.06],[13.52,0.1],[13.59,0.1],[13.66,0.06],[13.66,0.03],[13.59,-0.0],[13.52,-0.0],[13.48,0.02],[13.44,0.05]]]}},{"type":"Feature","properties":{"precip":40},"geometry":{"type":"Polygon","coordinates":[[[26.65,-0.15],[26.65,-0.12],[26.69,-0.1],[26.73,-0.1],[26.73,-0.12],[26.76,-0.13],[26.76,-0.17],[26.73,-0.18],[26.73,-0.2],[26.65,-0.18],[26.65,-0.15]]]}},{"type":"Feature","properties":{"precip":40},"geometry":{"type":"Polygon","coordinates":[[[27.77,-0.25],[27.77,-0.22],[27.81,-0.2],[27.91,-0.2],[27.95,-0.22],[27.95,-0.27],[27.91,-0.3],[27.81,-0.3],[27.77,-0.28],[27.77,-0.25]]]}},{"type":"Feature","properties":{"precip":40},"geometry":{"type":"Polygon","coordinates":[[[15.42,-0.38],[15.46,-0.33],[15.46,-0.32],[15.5,-0.3],[15.53,-0.32],[15.6,-0.37],[15.6,-0.42],[15.64,-0.47],[15.64,-0.5],[15.68,-0.57],[15.68,-0.62],[15.64,-0.67],[15.64,-0.68],[15.6,-0.7],[15.57,-0.68],[15.57,-0.55],[15.53,-0.55],[15.53,-0.52],[15.5,-0.5],[15.39,-0.5],[15.35,-0.47],[15.39,-0.43],[15.39,-0.42],[15.42,-0.38]]]}},{"type":"Feature","properties":{"precip":40},"geometry":{"type":"Polygon","coordinates":[[[29.06,-0.55],[29.06,-0.52],[29.14,-0.5],[29.17,-0.5],[29.24,-0.52],[29.24,-0.58],[29.28,-0.6],[29.24,-0.62],[29.24,-0.67],[29.17,-0.7],[28.96,-0.7],[28.85,-0.67],[28.85,-0.63],[28.92,-0.6],[28.99,-0.6],[29.06,-0.55]]]}},{"type":"Feature","properties":{"precip":40},"geometry":{"type":"Polygon","coordinates":[[[27.95,-0.65],[27.95,-0.62],[27.99,-0.6],[28.06,-0.62],[28.06,-0.68],[27.99,-0.7],[27.95,-0.67],[27.95,-0.65]]]}},{"type":"Feature","properties":{"precip":40},"geometry":{"type":"Polygon","coordinates":[[[15.35,-1.15],[15.39,-1.12],[15.39,-1.1],[15.42,-1.1],[15.46,-1.12],[15.46,-1.18],[15.39,-1.2],[15.39,-1.18],[15.35,-1.17],[15.35,-1.15]]]}},{"type":"Feature","properties":{"precip":40},"geometry":{"type":"Polygon","coordinates":[[[25.43,-1.15],[25.47,-1.12],[25.47,-1.1],[25.54,-1.1],[25.54,-1.18],[25.47,-1.2],[25.47,-1.18],[25.43,-1.17],[25.43,-1.15]]]}},{"type":"Feature","properties":{"precip":40},"geometry":{"type":"Polygon","coordinates":[[[15.35,-1.55],[15.35,-1.45],[15.39,-1.42],[15.39,-1.32],[15.42,-1.3],[15.42,-1.35],[15.46,-1.37],[15.46,-1.72],[15.42,-1.75],[15.42,-1.8],[15.39,-1.8],[15.39,-1.68],[15.35,-1.65],[15.35,-1.55]]]}},{"type":"Feature","properties":{"precip":40},"geometry":{"type":"Polygon","coordinates":[[[25.25,-1.35],[25.25,-1.32],[25.32,-1.32],[25.32,-1.33],[25.36,-1.35],[25.32,-1.37],[25.32,-1.38],[25.25,-1.38],[25.25,-1.35]]]}},{"type":"Feature","properties":{"precip":40},"geometry":{"type":"Polygon","coordinates":[[[24.35,-1.45],[24.35,-1.4],[24.42,-1.4],[24.42,-1.5],[24.35,-1.48],[24.35,-1.45]]]}},{"type":"Feature","properties":{"precip":40},"geometry":{"type":"Polygon","coordinates":[[[13.19,-1.67],[13.26,-1.65],[13.3,-1.63],[13.44,-1.6],[13.77,-1.6],[13.84,-1.63],[13.84,-1.8],[13.8,-1.8],[13.77,-1.8],[13.77,-1.75],[13.73,-1.72],[13.59,-1.7],[13.52,-1.7],[13.41,-1.72],[13.26,-1.73],[13.23,-1.75],[13.23,-1.8],[13.16,-1.78],[13.16,-1.75],[13.19,-1.73],[13.19,-1.67]]]}},{"type":"Feature","properties":{"precip":40},"geometry":{"type":"Polygon","coordinates":[[[17.44,-1.65],[17.44,-1.62],[17.51,-1.6],[17.51,-1.63],[17.55,-1.63],[17.55,-1.67],[17.51,-1.67],[17.51,-1.7],[17.44,-1.68],[17.44,-1.65]]]}},{"type":"Feature","properties":{"precip":40},"geometry":{"type":"Polygon","coordinates":[[[14.78,-1.8],[14.78,-1.72],[14.88,-1.7],[14.96,-1.7],[15.03,-1.72],[15.03,-1.73],[15.06,-1.75],[15.06,-2.03],[15.03,-2.07],[15.03,-2.08],[14.99,-2.1],[14.88,-2.1],[14.81,-2.07],[14.7,-2.02],[14.7,-2.0],[14.67,-1.95],[14.67,-1.93],[14.7,-1.9],[14.74,-1.88],[14.74,-1.82],[14.78,-1.8]]]}},{"type":"Feature","properties":{"precip":40},"geometry":{"type":"Polygon","coordinates":[[[26.62,-1.78],[26.65,-1.75],[26.73,-1.72],[26.8,-1.72],[26.83,-1.72],[26.83,-1.85],[26.8,-1.9],[26.69,-1.98],[26.62,-2.0],[26.55,-1.95],[26.55,-1.88],[26.58,-1.85],[26.58,-1.82],[26.62,-1.78]]]}},{"type":"Feature","properties":{"precip":40},"geometry":{"type":"Polygon","coordinates":[[[15.68,-1.9],[15.68,-1.82],[15.75,-1.8],[15.75,-2.0],[15.68,-1.98],[15.68,-1.9]]]}},{"type":"Feature","properties":{"precip":40},"geometry":{"type":"Polygon","coordinates":[[[25.03,-2.0],[25.03,-1.95],[25.07,-1.93],[25.07,-1.9],[25.11,-1.9],[25.11,-1.92],[25.14,-1.93],[25.14,-2.07],[25.07,-2.1],[25.07,-2.07],[25.03,-2.05],[25.03,-2.0]]]}},{"type":"Feature","properties":{"precip":40},"geometry":{"type":"Polygon","coordinates":[[[27.45,-2.45],[27.45,-2.42],[27.48,-2.4],[27.55,-2.42],[27.55,-2.48],[27.52,-2.5],[27.45,-2.48],[27.45,-2.45]]]}},{"type":"Feature","properties":{"precip":40},"geometry":{"type":"Polygon","coordinates":[[[14.45,-2.65],[14.45,-2.55],[14.49,-2.52],[14.56,-2.5],[14.67,-2.52],[14.74,-2.53],[14.74,-2.57],[14.78,-2.6],[14.74,-2.63],[14.74,-2.68],[14.7,-2.73],[14.56,-2.8],[14.49,-2.78],[14.49,-2.75],[14.45,-2.72],[14.45,-2.65]]]}},{"type":"Feature","properties":{"precip":40},"geometry":{"type":"Polygon","coordinates":[[[16.57,-2.7],[16.57,-2.53],[16.65,-2.5],[16.68,-2.52],[16.72,-2.53],[16.72,-2.73],[16.68,-2.83],[16.65,-2.87],[16.65,-2.88],[16.57,-2.88],[16.57,-2.7]]]}},{"type":"Feature","properties":{"precip":40},"geometry":{"type":"Polygon","coordinates":[[[15.35,-2.65],[15.35,-2.63],[15.39,-2.6],[15.46,-2.62],[15.46,-2.68],[15.39,-2.7],[15.39,-2.68],[15.35,-2.65]]]}},{"type":"Feature","properties":{"precip":40},"geometry":{"type":"Polygon","coordinates":[[[26.65,-2.65],[26.65,-2.62],[26.73,-2.6],[26.76,-2.63],[26.76,-2.67],[26.73,-2.68],[26.73,-2.7],[26.65,-2.68],[26.65,-2.65]]]}},{"type":"Feature","properties":{"precip":40},"geometry":{"type":"Polygon","coordinates":[[[80.03,-2.75],[80.03,-2.72],[80.14,-2.7],[80.25,-2.7],[80.32,-2.72],[80.32,-2.73],[80.32,-2.77],[80.39,-2.8],[80.61,-2.8],[80.64,-2.78],[80.75,-2.77],[80.79,-2.73],[80.79,-2.7],[80.79,-2.73],[80.9,-2.78],[80.93,-2.8],[81.08,-2.8],[81.15,-2.77],[81.15,-2.72],[81.18,-2.7],[81.22,-2.72],[81.26,-2.75],[81.26,-2.85],[81.22,-2.92],[81.22,-2.97],[81.18,-3.02],[81.08,-3.12],[81.04,-3.15],[81.08,-3.2],[81.18,-3.2],[81.26,-3.2],[81.33,-3.2],[81.47,-3.15],[81.47,-3.12],[81.51,-3.1],[81.51,-3.08],[81.54,-3.05],[81.54,-3.03],[81.65,-3.0],[81.69,-3.0],[81.87,-2.97],[81.87,-2.92],[81.9,-2.9],[82.01,-2.9],[82.01,-2.92],[82.01,-2.97],[82.16,-3.0],[82.26,-3.0],[82.3,-3.0],[82.44,-3.0],[82.55,-3.03],[82.55,-3.08],[82.48,-3.1],[82.41,-3.12],[82.37,-3.13],[82.37,-3.48],[82.41,-3.5],[82.55,-3.5],[82.62,-3.47],[82.62,-3.42],[82.7,-3.4],[82.73,-3.4],[82.73,-3.43],[82.77,-3.45],[82.77,-3.57],[82.77,-3.6],[82.91,-3.6],[82.91,-3.58],[82.91,-3.53],[82.98,-3.53],[82.98,-3.5],[83.02,-3.5],[83.06,-3.53],[83.06,-3.62],[83.02,-3.67],[83.02,-3.7],[82.91,-3.77],[82.88,-3.78],[82.88,-3.73],[82.84,-3.7],[82.77,-3.7],[82.77,-3.73],[82.77,-3.85],[82.73,-3.86],[82.73,-3.9],[82.62,-3.88],[82.62,-3.81],[82.55,-3.8],[82.48,-3.81],[82.44,-3.85],[82.44,-3.88],[82.37,-3.9],[82.26,-3.9],[82.16,-3.91],[82.12,-3.96],[82.12,-4.0],[82.08,-4.0],[82.08,-3.96],[82.01,-3.93],[82.01,-3.91],[82.01,-3.9],[81.98,-3.91],[81.98,-3.95],[81.94,-3.98],[81.94,-4.08],[81.9,-4.11],[81.8,-4.16],[81.65,-4.2],[81.54,-4.2],[81.51,-4.21],[81.4,-4.21],[81.36,-4.25],[81.36,-4.28],[81.4,-4.31],[81.4,-4.36],[81.4,-4.4],[81.4,-4.41],[81.36,-4.45],[81.26,-4.5],[81.18,-4.5],[81.08,-4.5],[81.04,-4.46],[81.04,-4.41],[81.0,-4.41],[80.93,-4.41],[80.93,-4.45],[80.9,-4.5],[80.86,-4.48],[80.86,-4.43],[80.79,-4.41],[80.75,-4.43],[80.75,-4.55],[80.72,-4.56],[80.72,-4.58],[80.64,-4.6],[80.57,-4.6],[80.46,-4.58],[80.43,-4.53],[80.32,-4.46],[80.32,-4.36],[80.32,-4.33],[80.18,-4.3],[79.92,-4.3],[79.82,-4.28],[79.71,-4.26],[79.71,-4.25],[79.71,-4.21],[79.67,-4.21],[79.67,-4.23],[79.64,-4.26],[79.56,-4.28],[79.56,-4.25],[79.53,-4.25],[79.53,-4.21],[79.42,-4.2],[79.38,-4.2],[79.35,-4.16],[79.35,-3.95],[79.31,-3.93],[79.31,-3.91],[79.24,-3.9],[79.2,-3.9],[79.1,-3.86],[79.1,-3.83],[79.17,-3.8],[79.31,-3.78],[79.31,-3.77],[79.35,-3.75],[79.35,-3.62],[79.42,-3.58],[79.42,-3.48],[79.42,-3.45],[79.42,-3.25],[79.49,-3.2],[79.56,-3.2],[79.56,-3.17],[79.64,-3.17],[79.64,-3.05],[79.67,-3.03],[79.67,-3.0],[79.71,-3.0],[79.71,-2.98],[79.71,-2.97],[79.71,-2.83],[79.78,-2.8],[79.85,-2.8],[79.92,-2.8],[80.0,-2.8],[80.03,-2.78],[80.03,-2.75]],[[80.25,-3.05],[80.25,-3.02],[80.18,-3.0],[80.14,-3.02],[80.14,-3.08],[80.18,-3.1],[80.25,-3.08],[80.25,-3.05]],[[81.26,-3.37],[81.26,-3.33],[81.22,-3.3],[81.18,-3.3],[81.15,-3.32],[81.15,-3.42],[81.18,-3.45],[81.18,-3.48],[81.26,-3.57],[81.33,-3.6],[81.36,-3.6],[81.4,-3.62],[81.4,-3.73],[81.47,-3.73],[81.47,-3.8],[81.54,-3.8],[81.54,-3.73],[81.62,-3.7],[81.69,-3.7],[81.69,-3.68],[81.69,-3.67],[81.76,-3.65],[81.76,-3.57],[81.69,-3.55],[81.69,-3.52],[81.62,-3.48],[81.54,-3.45],[81.54,-3.43],[81.4,-3.32],[81.33,-3.35],[81.33,-3.38],[81.29,-3.38],[81.26,-3.37]],[[82.37,-3.65],[82.3,-3.63],[82.3,-3.6],[82.26,-3.6],[82.26,-3.68],[82.3,-3.7],[82.3,-3.67],[82.37,-3.65]]]}},{"type":"Feature","properties":{"precip":40},"geometry":{"type":"Polygon","coordinates":[[[13.77,-2.85],[13.77,-2.82],[13.8,-2.8],[13.91,-2.8],[13.95,-2.82],[13.95,-2.88],[13.88,-2.9],[13.8,-2.9],[13.77,-2.88],[13.77,-2.85]]]}},{"type":"Feature","properties":{"precip":40},"geometry":{"type":"Polygon","coordinates":[[[68.26,-2.95],[68.26,-2.92],[68.3,-2.9],[68.41,-2.9],[68.44,-2.92],[68.44,-2.98],[68.37,-3.0],[68.3,-3.0],[68.26,-2.98],[68.26,-2.95]]]}},{"type":"Feature","properties":{"precip":40},"geometry":{"type":"Polygon","coordinates":[[[14.06,-3.05],[14.06,-3.02],[14.09,-3.0],[14.2,-3.0],[14.27,-3.05],[14.27,-3.07],[14.24,-3.07],[14.24,-3.08],[14.2,-3.1],[14.13,-3.1],[14.06,-3.08],[14.06,-3.05]]]}},{"type":"Feature","properties":{"precip":40},"geometry":{"type":"Polygon","coordinates":[[[14.56,-3.1],[14.56,-3.03],[14.6,-3.0],[14.78,-3.0],[14.85,-3.02],[14.85,-3.07],[14.88,-3.07],[14.88,-3.08],[14.92,-3.1],[14.99,-3.1],[15.06,-3.13],[15.06,-3.18],[15.1,-3.18],[15.24,-3.22],[15.24,-3.25],[15.28,-3.27],[15.28,-3.28],[15.32,-3.3],[15.39,-3.3],[15.46,-3.32],[15.46,-3.37],[15.5,-3.4],[15.57,-3.4],[15.64,-3.42],[15.68,-3.45],[15.68,-3.48],[15.75,-3.5],[15.82,-3.5],[15.89,-3.52],[15.96,-3.55],[16.03,-3.62],[16.03,-3.65],[16.11,-3.67],[16.18,-3.7],[16.25,-3.7],[16.32,-3.73],[16.36,-3.77],[16.43,-3.8],[16.47,-3.85],[16.61,-3.96],[16.68,-4.08],[16.72,-4.16],[16.79,-4.23],[16.83,-4.28],[16.83,-4.36],[16.79,-4.4],[16.72,-4.4],[16.68,-4.41],[16.68,-4.45],[16.57,-4.5],[16.47,-4.5],[16.25,-4.5],[16.21,-4.51],[16.14,-4.51],[16.07,-4.53],[16.07,-4.56],[16.03,-4.56],[16.0,-4.6],[15.89,-4.6],[15.82,-4.61],[15.75,-4.65],[15.75,-4.68],[15.71,-4.7],[15.68,-4.68],[15.68,-4.63],[15.6,-4.61],[15.53,-4.61],[15.46,-4.65],[15.46,-4.75],[15.39,-4.81],[15.39,-4.85],[15.35,-4.88],[15.28,-4.9],[15.28,-4.81],[15.24,-4.8],[15.24,-4.71],[15.17,-4.68],[15.17,-4.41],[15.21,-4.4],[15.24,-4.41],[15.24,-4.43],[15.28,-4.46],[15.28,-4.5],[15.35,-4.46],[15.35,-4.45],[15.42,-4.41],[15.42,-4.38],[15.46,-4.36],[15.46,-4.33],[15.42,-4.3],[15.39,-4.3],[15.39,-4.25],[15.35,-4.23],[15.35,-4.11],[15.28,-4.1],[15.28,-4.13],[15.24,-4.15],[15.24,-4.18],[15.21,-4.2],[15.03,-4.2],[14.96,-4.16],[14.96,-4.13],[14.88,-4.1],[14.78,-4.1],[14.63,-4.05],[14.63,-4.01],[14.6,-4.01],[14.56,-4.03],[14.56,-4.06],[14.52,-4.08],[14.45,-4.06],[14.45,-4.03],[14.52,-4.01],[14.52,-3.96],[14.56,-3.96],[14.56,-3.85],[14.6,-3.83],[14.6,-3.8],[14.7,-3.72],[14.78,-3.62],[14.78,-3.58],[14.74,-3.55],[14.67,-3.5],[14.52,-3.5],[14.45,-3.45],[14.45,-3.27],[14.49,-3.25],[14.49,-3.2],[14.52,-3.2],[14.52,-3.18],[14.56,-3.17],[14.56,-3.1]]]}},{"type":"Feature","properties":{"precip":40},"geometry":{"type":"Polygon","coordinates":[[[65.74,-3.05],[65.74,-3.02],[65.78,-3.0],[65.85,-3.02],[65.85,-3.08],[65.82,-3.08],[65.74,-3.08],[65.74,-3.05]]]}},{"type":"Feature","properties":{"precip":40},"geometry":{"type":"Polygon","coordinates":[[[17.73,-3.15],[17.76,-3.13],[17.76,-3.12],[17.8,-3.1],[17.87,-3.1],[17.94,-3.13],[17.94,-3.17],[17.91,-3.2],[17.83,-3.2],[17.76,-3.18],[17.73,-3.15]]]}},{"type":"Feature","properties":{"precip":40},"geometry":{"type":"Polygon","coordinates":[[[66.75,-3.15],[66.75,-3.12],[66.82,-3.1],[66.82,-3.12],[66.86,-3.13],[66.86,-3.17],[66.79,-3.2],[66.75,-3.18],[66.75,-3.15]]]}},{"type":"Feature","properties":{"precip":40},"geometry":{"type":"Polygon","coordinates":[[[18.63,-3.25],[18.66,-3.25],[18.66,-3.22],[18.7,-3.2],[18.81,-3.2],[18.84,-3.22],[18.84,-3.28],[18.77,-3.3],[18.7,-3.3],[18.66,-3.28],[18.66,-3.27],[18.63,-3.25]]]}},{"type":"Feature","properties":{"precip":40},"geometry":{"type":"Polygon","coordinates":[[[64.95,-3.32],[64.99,-3.3],[65.06,-3.3],[65.13,-3.32],[65.13,-3.5],[65.02,-3.45],[65.02,-3.43],[64.95,-3.37],[64.95,-3.32]]]}},{"type":"Feature","properties":{"precip":40},"geometry":{"type":"Polygon","coordinates":[[[83.16,-3.55],[83.16,-3.52],[83.24,-3.5],[83.24,-3.53],[83.24,-3.57],[83.24,-3.6],[83.16,-3.58],[83.16,-3.55]]]}},{"type":"Feature","properties":{"precip":40},"geometry":{"type":"Polygon","coordinates":[[[85.43,-3.55],[85.43,-3.53],[85.47,-3.5],[85.54,-3.52],[85.54,-3.58],[85.47,-3.6],[85.43,-3.58],[85.43,-3.55]]]}},{"type":"Feature","properties":{"precip":40},"geometry":{"type":"Polygon","coordinates":[[[64.12,-3.75],[64.16,-3.73],[64.16,-3.7],[64.23,-3.72],[64.23,-3.78],[64.16,-3.8],[64.12,-3.77],[64.12,-3.75]]]}},{"type":"Feature","properties":{"precip":40},"geometry":{"type":"Polygon","coordinates":[[[89.75,-3.75],[89.75,-3.73],[89.75,-3.7],[89.86,-3.72],[89.86,-3.78],[89.75,-3.8],[89.75,-3.77],[89.75,-3.75]]]}},{"type":"Feature","properties":{"precip":40},"geometry":{"type":"Polygon","coordinates":[[[63.73,-3.88],[63.76,-3.85],[63.84,-3.8],[63.84,-3.85],[63.87,-3.88],[63.87,-4.13],[63.8,-4.31],[63.73,-4.4],[63.66,-4.4],[63.58,-4.36],[63.55,-4.33],[63.48,-4.25],[63.48,-4.15],[63.51,-4.13],[63.51,-4.1],[63.58,-4.1],[63.66,-4.08],[63.66,-3.98],[63.69,-3.96],[63.69,-3.91],[63.73,-3.88]]]}},{"type":"Feature","properties":{"precip":40},"geometry":{"type":"Polygon","coordinates":[[[64.84,-3.95],[64.84,-3.93],[64.92,-3.9],[64.99,-3.9],[65.02,-3.91],[65.02,-3.95],[65.06,-3.96],[65.06,-3.98],[65.13,-4.0],[65.28,-4.0],[65.42,-4.01],[65.42,-4.05],[65.46,-4.05],[65.46,-4.08],[65.49,-4.1],[65.56,-4.1],[65.64,-4.13],[65.64,-4.16],[65.67,-4.2],[65.74,-4.2],[65.82,-4.21],[65.85,-4.25],[65.85,-4.28],[65.89,-4.28],[65.92,-4.28],[65.92,-4.25],[65.96,-4.21],[66.0,-4.21],[66.03,-4.21],[66.07,-4.25],[66.07,-4.28],[66.18,-4.36],[66.28,-4.4],[66.39,-4.4],[66.57,-4.45],[66.57,-4.46],[66.64,-4.53],[66.64,-4.58],[66.61,-4.6],[66.53,-4.6],[66.46,-4.61],[66.46,-4.65],[66.43,-4.65],[66.43,-4.7],[66.32,-4.7],[66.25,-4.73],[66.25,-4.76],[66.18,-4.78],[66.1,-4.8],[65.78,-4.8],[65.71,-4.78],[65.64,-4.76],[65.64,-4.73],[65.53,-4.7],[65.35,-4.7],[65.28,-4.73],[65.24,-4.73],[65.24,-4.78],[65.13,-4.8],[65.02,-4.8],[64.99,-4.78],[64.92,-4.73],[64.92,-4.71],[64.88,-4.7],[64.88,-4.73],[64.84,-4.73],[64.84,-4.76],[64.77,-4.8],[64.7,-4.8],[64.63,-4.78],[64.63,-4.73],[64.56,-4.7],[64.45,-4.7],[64.34,-4.66],[64.34,-4.56],[64.3,-4.55],[64.3,-4.5],[64.27,-4.5],[64.27,-4.46],[64.23,-4.45],[64.16,-4.38],[64.16,-4.36],[64.12,-4.33],[64.2,-4.3],[64.27,-4.28],[64.34,-4.25],[64.38,-4.21],[64.38,-4.2],[64.41,-4.18],[64.41,-4.16],[64.45,-4.15],[64.45,-4.13],[64.52,-4.1],[64.59,-4.1],[64.63,-4.08],[64.63,-4.03],[64.7,-4.0],[64.81,-4.0],[64.84,-3.96],[64.84,-3.95]]]}},{"type":"Feature","properties":{"precip":40},"geometry":{"type":"Polygon","coordinates":[[[75.97,-3.95],[75.97,-3.91],[76.04,-3.9],[76.04,-3.93],[76.07,-3.93],[76.07,-3.96],[76.04,-4.0],[75.97,-4.0],[75.97,-3.95]]]}},{"type":"Feature","properties":{"precip":40},"geometry":{"type":"Polygon","coordinates":[[[66.64,-4.05],[66.64,-4.03],[66.68,-4.01],[66.75,-4.0],[66.82,-4.01],[66.86,-4.05],[66.86,-4.08],[66.89,-4.1],[67.0,-4.1],[67.04,-4.13],[67.04,-4.18],[66.97,-4.2],[66.86,-4.2],[66.75,-4.23],[66.75,-4.25],[66.71,-4.28],[66.61,-4.3],[66.5,-4.3],[66.32,-4.28],[66.25,-4.25],[66.18,-4.2],[66.18,-4.16],[66.14,-4.13],[66.18,-4.11],[66.25,-4.1],[66.5,-4.1],[66.57,-4.08],[66.64,-4.06],[66.64,-4.05]]]}},{"type":"Feature","properties":{"precip":40},"geometry":{"type":"Polygon","coordinates":[[[76.15,-4.05],[76.18,-4.03],[76.18,-4.01],[76.22,-4.0],[76.25,-4.01],[76.25,-4.06],[76.22,-4.08],[76.18,-4.13],[76.0,-4.28],[75.97,-4.28],[75.97,-4.13],[76.0,-4.13],[76.0,-4.1],[76.11,-4.1],[76.15,-4.08],[76.15,-4.05]]]}},{"type":"Feature","properties":{"precip":40},"geometry":{"type":"Polygon","coordinates":[[[77.08,-4.05],[77.08,-4.01],[77.19,-4.0],[77.26,-4.0],[77.33,-4.01],[77.33,-4.03],[77.37,-4.05],[77.37,-4.16],[77.44,-4.21],[77.44,-4.25],[77.48,-4.26],[77.48,-4.36],[77.48,-4.4],[77.59,-4.4],[77.62,-4.38],[77.62,-4.33],[77.66,-4.33],[77.66,-4.31],[77.69,-4.3],[77.73,-4.3],[77.84,-4.33],[77.84,-4.36],[77.98,-4.38],[78.09,-4.38],[78.2,-4.4],[79.17,-4.4],[79.42,-4.41],[79.56,-4.41],[79.78,-4.43],[79.85,-4.46],[79.85,-4.55],[79.78,-4.6],[79.56,-4.6],[79.38,-4.63],[79.35,-4.65],[79.24,-4.76],[79.24,-4.85],[79.2,-4.88],[79.2,-4.9],[79.17,-4.91],[79.17,-4.93],[79.1,-4.95],[79.1,-4.98],[79.1,-5.01],[79.06,-5.03],[79.06,-5.06],[79.02,-5.1],[79.02,-5.2],[78.95,-5.2],[78.95,-5.21],[78.95,-5.33],[78.92,-5.33],[78.92,-5.38],[78.81,-5.4],[78.77,-5.41],[78.7,-5.48],[78.7,-5.5],[78.63,-5.51],[78.63,-5.53],[78.63,-5.55],[78.63,-5.58],[78.56,-5.6],[78.45,-5.61],[78.45,-5.66],[78.31,-5.7],[78.2,-5.7],[78.2,-5.71],[78.13,-5.75],[78.13,-5.8],[78.02,-5.8],[78.02,-5.78],[77.95,-5.75],[77.87,-5.68],[77.8,-5.63],[77.73,-5.58],[77.73,-5.53],[77.73,-5.5],[77.73,-5.41],[77.8,-5.4],[77.84,-5.38],[77.84,-5.23],[77.87,-5.21],[77.87,-5.2],[77.87,-5.16],[77.95,-5.13],[77.95,-5.05],[77.87,-5.01],[77.84,-5.0],[77.73,-5.0],[77.69,-5.01],[77.62,-5.05],[77.62,-5.1],[77.51,-5.1],[77.48,-5.08],[77.48,-5.03],[77.41,-5.0],[77.3,-5.0],[77.3,-4.98],[77.26,-4.98],[77.26,-4.93],[77.19,-4.9],[77.08,-4.9],[76.97,-4.86],[76.97,-4.78],[76.94,-4.75],[76.94,-4.7],[76.83,-4.61],[76.76,-4.6],[76.69,-4.58],[76.69,-4.51],[76.65,-4.5],[76.65,-4.41],[76.69,-4.4],[76.69,-4.31],[76.76,-4.28],[76.76,-4.15],[76.83,-4.1],[76.97,-4.1],[77.05,-4.08],[77.08,-4.05]]]}},{"type":"Feature","properties":{"precip":40},"geometry":{"type":"Polygon","coordinates":[[[74.06,-4.2],[74.06,-4.11],[74.09,-4.1],[74.13,-4.11],[74.13,-4.16],[74.17,-4.18],[74.17,-4.21],[74.13,-4.25],[74.13,-4.28],[74.06,-4.28],[74.06,-4.2]]]}},{"type":"Feature","properties":{"precip":40},"geometry":{"type":"Polygon","coordinates":[[[75.57,-4.3],[75.57,-4.21],[75.64,-4.21],[75.64,-4.25],[75.68,-4.26],[75.75,-4.36],[75.75,-4.45],[75.71,-4.48],[75.61,-4.5],[75.53,-4.5],[75.46,-4.53],[75.46,-4.56],[75.39,-4.6],[75.39,-4.56],[75.35,-4.56],[75.35,-4.45],[75.39,-4.41],[75.46,-4.4],[75.53,-4.38],[75.53,-4.36],[75.57,-4.35],[75.57,-4.3]]]}},{"type":"Feature","properties":{"precip":40},"geometry":{"type":"Polygon","coordinates":[[[93.6,-4.28],[93.64,-4.25],[93.67,-4.21],[93.78,-4.21],[93.93,-4.21],[94.0,-4.25],[94.11,-4.3],[94.11,-4.38],[94.07,-4.41],[94.0,-4.48],[93.96,-4.53],[93.85,-4.61],[93.82,-4.68],[93.78,-4.73],[93.67,-4.78],[93.64,-4.85],[93.53,-4.9],[93.53,-4.81],[93.53,-4.61],[93.53,-4.5],[93.53,-4.4],[93.6,-4.33],[93.6,-4.28]]]}},{"type":"Feature","properties":{"precip":40},"geometry":{"type":"Polygon","coordinates":[[[74.71,-4.36],[74.81,-4.3],[74.85,-4.31],[74.85,-4.36],[74.89,-4.36],[74.89,-4.4],[74.96,-4.4],[75.03,-4.41],[75.07,-4.45],[75.07,-4.46],[75.03,-4.48],[75.03,-4.5],[74.99,-4.5],[74.96,-4.53],[74.96,-4.61],[74.92,-4.65],[74.92,-4.7],[74.89,-4.73],[74.78,-4.8],[74.71,-4.8],[74.63,-4.75],[74.6,-4.71],[74.6,-4.68],[74.56,-4.65],[74.56,-4.63],[74.6,-4.6],[74.63,-4.58],[74.63,-4.55],[74.67,-4.53],[74.67,-4.43],[74.71,-4.41],[74.71,-4.36]]]}},{"type":"Feature","properties":{"precip":40},"geometry":{"type":"Polygon","coordinates":[[[85.94,-4.4],[85.94,-4.33],[85.94,-4.3],[86.04,-4.33],[86.08,-4.41],[86.08,-4.43],[86.15,-4.46],[86.08,-4.5],[86.01,-4.5],[85.94,-4.5],[85.94,-4.46],[85.94,-4.45],[85.94,-4.4]]]}},{"type":"Feature","properties":{"precip":40},"geometry":{"type":"Polygon","coordinates":[[[76.47,-4.45],[76.47,-4.41],[76.54,-4.41],[76.54,-4.43],[76.58,-4.45],[76.54,-4.46],[76.54,-4.5],[76.47,-4.5],[76.47,-4.45]]]}},{"type":"Feature","properties":{"precip":40},"geometry":{"type":"Polygon","coordinates":[[[79.96,-4.75],[79.96,-4.61],[80.03,-4.63],[80.14,-4.73],[80.18,-4.81],[80.25,-4.85],[80.25,-4.86],[80.18,-4.9],[80.14,-4.9],[80.03,-4.9],[79.96,-4.88],[79.96,-4.75]]]}},{"type":"Feature","properties":{"precip":40},"geometry":{"type":"Polygon","coordinates":[[[85.76,-4.75],[85.76,-4.61],[85.79,-4.61],[85.79,-4.65],[85.86,-4.66],[85.86,-4.7],[85.94,-4.7],[86.04,-4.73],[86.04,-4.78],[85.94,-4.8],[85.94,-4.83],[85.94,-4.85],[85.94,-4.96],[85.86,-5.0],[85.79,-5.0],[85.65,-5.05],[85.61,-5.06],[85.61,-5.1],[85.58,-5.1],[85.54,-5.13],[85.54,-5.18],[85.47,-5.18],[85.32,-5.06],[85.29,-5.05],[85.25,-5.01],[85.11,-5.0],[85.04,-5.01],[85.04,-5.08],[84.93,-5.11],[84.82,-5.18],[84.78,-5.21],[84.71,-5.26],[84.64,-5.33],[84.64,-5.38],[84.68,-5.4],[84.82,-5.4],[84.86,-5.41],[84.93,-5.43],[84.93,-5.71],[84.96,-5.75],[84.96,-5.8],[85.04,-5.81],[85.04,-5.86],[84.93,-5.9],[84.82,-5.9],[84.71,-5.9],[84.42,-5.9],[84.32,-5.95],[84.32,-5.98],[84.24,-6.0],[84.24,-5.98],[84.24,-5.95],[84.24,-5.9],[84.21,-5.9],[84.21,-5.95],[84.14,-5.95],[84.1,-5.98],[83.99,-6.0],[83.92,-6.0],[83.74,-5.98],[83.67,-5.95],[83.6,-5.9],[83.6,-5.86],[83.52,-5.83],[83.6,-5.81],[83.63,-5.81],[83.63,-5.75],[83.67,-5.71],[83.67,-5.55],[83.78,-5.33],[83.81,-5.28],[83.85,-5.25],[83.92,-5.21],[83.99,-5.2],[84.06,-5.18],[84.06,-5.13],[84.14,-5.1],[84.21,-5.1],[84.24,-5.08],[84.35,-5.03],[84.42,-4.96],[84.42,-4.85],[84.42,-4.83],[84.42,-4.8],[84.5,-4.8],[84.53,-4.81],[84.53,-4.9],[84.57,-4.9],[84.57,-4.86],[84.64,-4.85],[84.64,-4.71],[84.71,-4.7],[84.71,-4.73],[84.71,-4.78],[84.78,-4.78],[84.86,-4.8],[85.04,-4.8],[85.04,-4.81],[85.14,-4.81],[85.18,-4.83],[85.25,-4.85],[85.25,-4.88],[85.32,-4.9],[85.4,-4.9],[85.54,-4.86],[85.58,-4.83],[85.58,-4.8],[85.61,-4.8],[85.61,-4.83],[85.65,-4.88],[85.65,-4.9],[85.72,-4.88],[85.72,-4.8],[85.76,-4.75]],[[84.64,-5.45],[84.57,-5.41],[84.57,-5.4],[84.5,-5.4],[84.42,-5.43],[84.42,-5.46],[84.5,-5.5],[84.57,-5.5],[84.64,-5.46],[84.64,-5.45]]]}},{"type":"Feature","properties":{"precip":40},"geometry":{"type":"Polygon","coordinates":[[[16.07,-4.75],[16.07,-4.73],[16.14,-4.7],[16.21,-4.7],[16.25,-4.71],[16.25,-4.78],[16.21,-4.8],[16.11,-4.8],[16.07,-4.78],[16.07,-4.75]]]}},{"type":"Feature","properties":{"precip":40},"geometry":{"type":"Polygon","coordinates":[[[88.85,-4.75],[88.85,-4.73],[88.85,-4.7],[88.96,-4.71],[88.96,-4.78],[88.85,-4.8],[88.85,-4.78],[88.85,-4.75]]]}},{"type":"Feature","properties":{"precip":40},"geometry":{"type":"Polygon","coordinates":[[[69.05,-4.9],[69.05,-4.83],[69.09,-4.81],[69.13,-4.81],[69.2,-4.86],[69.23,-4.9],[69.23,-4.93],[69.27,-4.95],[69.27,-4.98],[69.23,-5.0],[69.13,-5.0],[69.09,-4.98],[69.09,-4.96],[69.05,-4.95],[69.05,-4.9]]]}},{"type":"Feature","properties":{"precip":40},"geometry":{"type":"Polygon","coordinates":[[[81.4,-5.05],[81.47,-5.03],[81.47,-5.01],[81.54,-5.01],[81.54,-5.1],[81.47,-5.1],[81.47,-5.06],[81.4,-5.05]]]}},{"type":"Feature","properties":{"precip":40},"geometry":{"type":"Polygon","coordinates":[[[15.17,-5.15],[15.17,-5.11],[15.24,-5.1],[15.24,-5.2],[15.17,-5.2],[15.17,-5.15]]]}},{"type":"Feature","properties":{"precip":40},"geometry":{"type":"Polygon","coordinates":[[[15.89,-5.23],[15.93,-5.18],[16.0,-5.11],[16.03,-5.1],[16.07,-5.11],[16.07,-5.18],[16.0,-5.2],[16.0,-5.21],[15.96,-5.25],[15.96,-5.48],[15.93,-5.5],[15.89,-5.48],[15.78,-5.38],[15.78,-5.33],[15.89,-5.23]]]}},{"type":"Feature","properties":{"precip":40},"geometry":{"type":"Polygon","coordinates":[[[76.87,-5.15],[76.87,-5.11],[76.94,-5.1],[76.97,-5.13],[76.97,-5.18],[76.94,-5.2],[76.87,-5.18],[76.87,-5.15]]]}},{"type":"Feature","properties":{"precip":40},"geometry":{"type":"Polygon","coordinates":[[[68.05,-5.26],[68.05,-5.21],[68.08,-5.21],[68.08,-5.2],[68.12,-5.2],[68.15,-5.21],[68.15,-5.28],[68.08,-5.3],[68.08,-5.28],[68.05,-5.28],[68.05,-5.26]]]}},{"type":"Feature","properties":{"precip":40},"geometry":{"type":"Polygon","coordinates":[[[75.86,-5.26],[75.86,-5.21],[75.89,-5.2],[75.93,-5.2],[75.93,-5.21],[75.97,-5.21],[75.97,-5.28],[75.93,-5.28],[75.93,-5.3],[75.86,-5.28],[75.86,-5.26]]]}},{"type":"Feature","properties":{"precip":40},"geometry":{"type":"Polygon","coordinates":[[[80.64,-5.26],[80.64,-5.21],[80.64,-5.2],[80.72,-5.2],[80.72,-5.21],[80.75,-5.21],[80.75,-5.28],[80.72,-5.28],[80.72,-5.3],[80.64,-5.3],[80.64,-5.28],[80.64,-5.26]]]}},{"type":"Feature","properties":{"precip":40},"geometry":{"type":"Polygon","coordinates":[[[81.36,-5.26],[81.36,-5.21],[81.4,-5.2],[81.51,-5.21],[81.54,-5.23],[81.54,-5.46],[81.54,-5.5],[81.54,-5.56],[81.62,-5.58],[81.62,-5.63],[81.69,-5.66],[81.69,-5.68],[81.8,-5.6],[81.87,-5.55],[81.9,-5.5],[82.01,-5.41],[82.01,-5.68],[81.94,-5.7],[81.83,-5.7],[81.76,-5.73],[81.76,-5.78],[81.69,-5.78],[81.69,-5.8],[81.62,-5.8],[81.54,-5.83],[81.54,-5.86],[81.47,-5.9],[81.4,-5.9],[81.33,-5.9],[81.22,-5.88],[81.15,-5.86],[81.15,-5.83],[81.22,-5.8],[81.29,-5.8],[81.36,-5.76],[81.36,-5.73],[81.33,-5.73],[81.33,-5.7],[81.26,-5.7],[81.26,-5.61],[81.33,-5.6],[81.4,-5.6],[81.4,-5.58],[81.4,-5.31],[81.4,-5.3],[81.36,-5.3],[81.36,-5.26]]]}},{"type":"Feature","properties":{"precip":40},"geometry":{"type":"Polygon","coordinates":[[[81.65,-5.3],[81.65,-5.23],[81.69,-5.21],[81.69,-5.2],[81.69,-5.23],[81.76,-5.25],[81.76,-5.36],[81.69,-5.38],[81.69,-5.4],[81.65,-5.38],[81.65,-5.3]]]}},{"type":"Feature","properties":{"precip":40},"geometry":{"type":"Polygon","coordinates":[[[76.15,-5.35],[76.18,-5.33],[76.18,-5.3],[76.25,-5.31],[76.25,-5.38],[76.18,-5.4],[76.18,-5.38],[76.15,-5.35]]]}},{"type":"Feature","properties":{"precip":40},"geometry":{"type":"Polygon","coordinates":[[[66.35,-5.45],[66.35,-5.41],[66.43,-5.4],[66.46,-5.4],[66.53,-5.41],[66.53,-5.48],[66.46,-5.5],[66.35,-5.48],[66.35,-5.45]]]}},{"type":"Feature","properties":{"precip":40},"geometry":{"type":"Polygon","coordinates":[[[66.75,-5.45],[66.75,-5.43],[66.86,-5.4],[66.93,-5.4],[67.0,-5.41],[67.04,-5.41],[67.04,-5.48],[67.0,-5.48],[66.93,-5.5],[66.86,-5.5],[66.75,-5.46],[66.75,-5.45]]]}},{"type":"Feature","properties":{"precip":40},"geometry":{"type":"Polygon","coordinates":[[[67.36,-5.45],[67.36,-5.41],[67.43,-5.4],[67.47,-5.4],[67.54,-5.41],[67.54,-5.48],[67.43,-5.5],[67.36,-5.48],[67.36,-5.45]]]}},{"type":"Feature","properties":{"precip":40},"geometry":{"type":"Polygon","coordinates":[[[74.17,-5.5],[74.17,-5.41],[74.2,-5.4],[74.24,-5.41],[74.24,-5.53],[74.2,-5.58],[74.2,-5.61],[74.09,-5.7],[74.09,-5.75],[74.06,-5.78],[74.06,-5.95],[74.02,-5.96],[74.02,-6.0],[73.99,-5.98],[73.95,-5.95],[73.95,-5.8],[73.99,-5.75],[74.09,-5.6],[74.13,-5.58],[74.13,-5.53],[74.17,-5.5]]]}},{"type":"Feature","properties":{"precip":40},"geometry":{"type":"Polygon","coordinates":[[[74.67,-5.45],[74.67,-5.41],[74.74,-5.41],[74.74,-5.5],[74.67,-5.5],[74.67,-5.45]]]}},{"type":"Feature","properties":{"precip":40},"geometry":{"type":"Polygon","coordinates":[[[76.87,-5.55],[76.87,-5.51],[76.94,-5.5],[76.97,-5.53],[76.97,-5.58],[76.94,-5.58],[76.87,-5.58],[76.87,-5.55]]]}},{"type":"Feature","properties":{"precip":40},"geometry":{"type":"Polygon","coordinates":[[[76.15,-5.68],[76.15,-5.66],[76.18,-5.65],[76.18,-5.61],[76.29,-5.6],[76.36,-5.6],[76.43,-5.61],[76.47,-5.66],[76.47,-5.78],[76.54,-5.8],[76.54,-5.78],[76.58,-5.76],[76.58,-5.71],[76.61,-5.7],[76.72,-5.7],[76.76,-5.71],[76.76,-5.78],[76.72,-5.81],[76.61,-5.88],[76.54,-5.9],[76.47,-5.91],[76.47,-5.95],[76.4,-5.96],[76.29,-5.9],[76.22,-5.78],[76.15,-5.68]]]}},{"type":"Feature","properties":{"precip":40},"geometry":{"type":"Polygon","coordinates":[[[75.75,-5.85],[75.79,-5.81],[75.86,-5.8],[75.93,-5.81],[75.97,-5.83],[75.97,-5.86],[75.89,-5.9],[75.82,-5.9],[75.75,-5.86],[75.75,-5.85]]]}},{"type":"Feature","properties":{"precip":40},"geometry":{"type":"Polygon","coordinates":[[[15.85,-6.0],[15.85,-5.96],[15.89,-5.95],[15.89,-5.9],[15.93,-5.9],[15.93,-5.95],[15.96,-5.95],[15.96,-6.15],[15.93,-6.18],[15.93,-6.2],[15.82,-6.2],[15.78,-6.18],[15.78,-6.16],[15.75,-6.15],[15.78,-6.15],[15.78,-6.1],[15.85,-6.1],[15.85,-6.0]]]}},{"type":"Feature","properties":{"precip":40},"geometry":{"type":"Polygon","coordinates":[[[16.83,-6.15],[16.86,-6.15],[16.86,-6.1],[17.01,-6.1],[17.01,-6.15],[17.04,-6.15],[17.04,-6.18],[17.01,-6.18],[16.97,-6.2],[16.9,-6.2],[16.86,-6.18],[16.83,-6.18],[16.83,-6.15]]]}},{"type":"Feature","properties":{"precip":40},"geometry":{"type":"Polygon","coordinates":[[[91.48,-6.18],[91.55,-6.1],[91.62,-6.1],[91.62,-6.18],[91.55,-6.18],[91.55,-6.23],[91.55,-6.25],[91.52,-6.26],[91.41,-6.28],[91.41,-6.25],[91.48,-6.23],[91.48,-6.18]]]}},{"type":"Feature","properties":{"precip":40},"geometry":{"type":"Polygon","coordinates":[[[85.32,-6.25],[85.32,-6.2],[85.43,-6.21],[85.43,-6.3],[85.4,-6.3],[85.32,-6.31],[85.32,-6.43],[85.32,-6.46],[85.32,-6.68],[85.29,-6.68],[85.18,-6.6],[85.18,-6.58],[85.14,-6.56],[85.14,-6.51],[85.18,-6.48],[85.18,-6.46],[85.25,-6.45],[85.18,-6.4],[85.14,-6.4],[85.14,-6.33],[85.18,-6.3],[85.25,-6.3],[85.32,-6.28],[85.32,-6.25]]]}},{"type":"Feature","properties":{"precip":40},"geometry":{"type":"Polygon","coordinates":[[[92.85,-6.25],[92.85,-6.21],[92.92,-6.2],[93.03,-6.23],[93.03,-6.4],[92.99,-6.4],[92.92,-6.38],[92.92,-6.35],[92.88,-6.3],[92.85,-6.26],[92.85,-6.25]]]}},{"type":"Feature","properties":{"precip":40},"geometry":{"type":"Polygon","coordinates":[[[17.65,-6.35],[17.65,-6.3],[17.73,-6.3],[17.73,-6.4],[17.65,-6.4],[17.65,-6.35]]]}},{"type":"Feature","properties":{"precip":40},"geometry":{"type":"Polygon","coordinates":[[[74.09,-6.4],[74.13,-6.38],[74.13,-6.35],[74.17,-6.31],[74.24,-6.3],[74.24,-6.43],[74.27,-6.46],[74.27,-6.51],[74.35,-6.51],[74.35,-6.66],[74.38,-6.66],[74.38,-6.71],[74.42,-6.71],[74.42,-6.73],[74.45,-6.75],[74.45,-6.96],[74.49,-6.98],[74.49,-7.0],[74.53,-7.0],[74.53,-7.06],[74.56,-7.1],[74.56,-7.26],[74.63,-7.3],[74.74,-7.31],[74.74,-7.43],[74.67,-7.53],[74.63,-7.58],[74.56,-7.63],[74.49,-7.69],[74.42,-7.69],[74.35,-7.73],[74.35,-7.79],[74.27,-7.79],[74.2,-7.79],[74.17,-7.83],[74.17,-7.94],[74.13,-7.96],[74.13,-7.98],[74.06,-7.99],[73.95,-7.99],[73.88,-8.01],[73.84,-8.03],[73.84,-8.06],[73.77,-8.09],[73.77,-8.06],[73.7,-8.01],[73.66,-7.99],[73.55,-7.99],[73.48,-8.01],[73.45,-8.03],[73.45,-8.06],[73.41,-8.09],[73.34,-8.04],[73.27,-7.96],[73.27,-7.91],[73.23,-7.88],[73.23,-7.83],[73.12,-7.79],[72.91,-7.79],[72.76,-7.79],[72.73,-7.74],[72.73,-7.71],[72.69,-7.71],[72.65,-7.71],[72.65,-7.74],[72.55,-7.79],[72.44,-7.79],[72.11,-7.79],[72.01,-7.79],[71.93,-7.74],[71.93,-7.64],[72.01,-7.59],[72.15,-7.59],[72.22,-7.58],[72.26,-7.55],[72.26,-7.53],[72.33,-7.5],[72.4,-7.5],[72.44,-7.48],[72.44,-7.43],[72.51,-7.4],[72.58,-7.4],[72.62,-7.4],[72.62,-7.38],[72.65,-7.38],[72.65,-7.33],[72.73,-7.31],[72.83,-7.31],[72.87,-7.3],[72.94,-7.3],[73.05,-7.26],[73.05,-7.23],[73.09,-7.2],[73.16,-7.2],[73.23,-7.18],[73.23,-7.15],[73.27,-7.15],[73.27,-7.11],[73.3,-7.11],[73.3,-7.08],[73.34,-7.05],[73.41,-7.03],[73.41,-7.01],[73.52,-6.98],[73.55,-6.95],[73.55,-6.83],[73.52,-6.81],[73.45,-6.76],[73.45,-6.75],[73.52,-6.71],[73.52,-6.66],[73.55,-6.66],[73.55,-6.55],[73.59,-6.53],[73.59,-6.51],[73.66,-6.51],[73.73,-6.48],[73.73,-6.46],[73.77,-6.45],[73.77,-6.41],[73.81,-6.4],[73.81,-6.43],[73.84,-6.43],[73.84,-6.46],[73.88,-6.51],[73.95,-6.51],[74.02,-6.46],[74.09,-6.4]]]}},{"type":"Feature","properties":{"precip":40},"geometry":{"type":"Polygon","coordinates":[[[77.51,-6.46],[77.51,-6.45],[77.62,-6.4],[77.69,-6.4],[77.73,-6.41],[77.73,-6.46],[77.69,-6.48],[77.69,-6.51],[77.62,-6.56],[77.55,-6.6],[77.48,-6.6],[77.48,-6.55],[77.51,-6.46]]]}},{"type":"Feature","properties":{"precip":40},"geometry":{"type":"Polygon","coordinates":[[[91.69,-6.45],[91.69,-6.43],[91.77,-6.4],[91.84,-6.41],[91.84,-6.48],[91.77,-6.51],[91.77,-6.48],[91.69,-6.48],[91.69,-6.45]]]}},{"type":"Feature","properties":{"precip":40},"geometry":{"type":"Polygon","coordinates":[[[91.95,-6.45],[91.95,-6.41],[92.02,-6.4],[92.02,-6.43],[92.02,-6.45],[92.02,-6.46],[92.02,-6.51],[91.95,-6.51],[91.95,-6.45]]]}},{"type":"Feature","properties":{"precip":40},"geometry":{"type":"Polygon","coordinates":[[[74.6,-6.68],[74.67,-6.63],[74.67,-6.61],[74.74,-6.6],[74.74,-6.66],[74.71,-6.68],[74.71,-6.71],[74.6,-6.78],[74.56,-6.78],[74.56,-6.75],[74.6,-6.71],[74.6,-6.68]]]}},{"type":"Feature","properties":{"precip":40},"geometry":{"type":"Polygon","coordinates":[[[74.85,-6.71],[74.85,-6.66],[74.89,-6.63],[74.89,-6.61],[74.92,-6.6],[74.99,-6.6],[75.07,-6.63],[75.07,-6.66],[75.03,-6.66],[75.03,-6.71],[74.96,-6.76],[74.92,-6.78],[74.89,-6.78],[74.85,-6.76],[74.85,-6.71]]]}},{"type":"Feature","properties":{"precip":40},"geometry":{"type":"Polygon","coordinates":[[[84.82,-6.96],[84.86,-6.93],[84.86,-6.91],[84.93,-6.91],[84.93,-6.96],[84.86,-7.03],[84.78,-7.11],[84.68,-7.18],[84.57,-7.2],[84.53,-7.2],[84.53,-7.15],[84.57,-7.11],[84.57,-7.1],[84.64,-7.03],[84.71,-7.0],[84.78,-7.0],[84.82,-7.0],[84.82,-6.96]]]}},{"type":"Feature","properties":{"precip":40},"geometry":{"type":"Polygon","coordinates":[[[85.14,-7.15],[85.14,-7.11],[85.18,-7.11],[85.18,-7.13],[85.25,-7.15],[85.25,-7.16],[85.18,-7.16],[85.18,-7.2],[85.14,-7.2],[85.14,-7.15]]]}},{"type":"Feature","properties":{"precip":40},"geometry":{"type":"Polygon","coordinates":[[[14.96,-8.24],[14.96,-8.23],[15.03,-8.19],[15.14,-8.23],[15.21,-8.28],[15.21,-8.31],[15.24,-8.36],[15.24,-8.51],[15.17,-8.48],[15.17,-8.36],[15.14,-8.36],[15.14,-8.31],[15.06,-8.29],[14.99,-8.29],[14.96,-8.28],[14.96,-8.24]]]}},{"type":"Feature","properties":{"precip":40},"geometry":{"type":"Polygon","coordinates":[[[72.44,-8.44],[72.47,-8.41],[72.51,-8.39],[72.58,-8.39],[72.62,-8.41],[72.62,-8.44],[72.65,-8.44],[72.65,-8.46],[72.58,-8.51],[72.47,-8.51],[72.44,-8.48],[72.44,-8.44]]]}},{"type":"Feature","properties":{"precip":40},"geometry":{"type":"Polygon","coordinates":[[[76.43,-8.58],[76.51,-8.53],[76.61,-8.51],[76.65,-8.51],[76.65,-8.58],[76.61,-8.61],[76.51,-8.68],[76.47,-8.69],[76.4,-8.69],[76.36,-8.68],[76.36,-8.66],[76.4,-8.64],[76.4,-8.59],[76.43,-8.58]]]}},{"type":"Feature","properties":{"precip":40},"geometry":{"type":"Polygon","coordinates":[[[76.87,-8.56],[76.87,-8.51],[76.9,-8.51],[76.94,-8.51],[76.97,-8.51],[76.97,-8.58],[76.94,-8.59],[76.87,-8.59],[76.87,-8.56]]]}},{"type":"Feature","properties":{"precip":40},"geometry":{"type":"Polygon","coordinates":[[[76.76,-8.76],[76.76,-8.73],[76.79,-8.73],[76.79,-8.69],[76.83,-8.69],[76.87,-8.73],[76.87,-8.79],[76.79,-8.79],[76.76,-8.78],[76.76,-8.76]]]}},{"type":"Feature","properties":{"precip":40},"geometry":{"type":"Polygon","coordinates":[[[72.26,-8.84],[72.26,-8.81],[72.33,-8.81],[72.33,-8.89],[72.26,-8.89],[72.26,-8.84]]]}},{"type":"Feature","properties":{"precip":40},"geometry":{"type":"Polygon","coordinates":[[[72.44,-8.84],[72.44,-8.83],[72.47,-8.81],[72.51,-8.81],[72.55,-8.83],[72.55,-8.88],[72.47,-8.89],[72.44,-8.88],[72.44,-8.84]]]}},{"type":"Feature","properties":{"precip":40},"geometry":{"type":"Polygon","coordinates":[[[76.65,-9.24],[76.69,-9.23],[76.72,-9.21],[76.79,-9.21],[76.87,-9.23],[76.87,-9.28],[76.83,-9.29],[76.72,-9.29],[76.65,-9.24]]]}},{"type":"Feature","properties":{"precip":40},"geometry":{"type":"Polygon","coordinates":[[[75.86,-9.56],[75.86,-9.53],[75.89,-9.51],[75.97,-9.49],[76.04,-9.53],[76.07,-9.54],[76.04,-9.58],[75.97,-9.61],[75.86,-9.56]]]}},{"type":"Feature","properties":{"precip":40},"geometry":{"type":"Polygon","coordinates":[[[14.85,-10.86],[14.85,-10.83],[14.88,-10.81],[14.96,-10.81],[14.96,-10.89],[14.88,-10.89],[14.88,-10.88],[14.85,-10.86]]]}},{"type":"Feature","properties":{"precip":40},"geometry":{"type":"Polygon","coordinates":[[[81.76,-11.74],[81.76,-11.71],[81.83,-11.71],[81.83,-11.72],[81.87,-11.74],[81.87,-11.79],[82.01,-11.81],[82.01,-11.82],[82.01,-11.92],[82.08,-11.97],[82.16,-12.06],[82.23,-12.11],[82.3,-12.11],[82.41,-12.11],[82.48,-12.11],[82.59,-12.17],[82.62,-12.21],[82.62,-12.24],[82.62,-12.31],[82.62,-12.41],[82.62,-12.46],[82.62,-12.49],[82.55,-12.56],[82.44,-12.59],[82.37,-12.59],[82.26,-12.62],[82.26,-12.67],[82.16,-12.71],[82.12,-12.71],[82.01,-12.74],[82.01,-12.77],[81.98,-12.79],[81.8,-12.79],[81.69,-12.81],[81.65,-12.84],[81.65,-12.92],[81.62,-12.94],[81.62,-12.99],[81.54,-13.06],[81.54,-13.07],[81.47,-13.14],[81.33,-13.19],[81.26,-13.19],[80.93,-13.19],[80.86,-13.19],[80.75,-13.16],[80.64,-13.09],[80.64,-13.06],[80.64,-13.02],[80.64,-12.92],[80.64,-12.91],[80.75,-12.87],[80.75,-12.82],[80.64,-12.79],[80.54,-12.79],[80.46,-12.79],[80.46,-12.71],[80.43,-12.67],[80.43,-12.62],[80.32,-12.62],[80.18,-12.59],[79.78,-12.59],[79.67,-12.57],[79.56,-12.52],[79.56,-12.51],[79.56,-12.46],[79.49,-12.42],[79.42,-12.41],[79.31,-12.39],[79.17,-12.29],[79.1,-12.26],[79.1,-12.22],[79.24,-12.21],[79.31,-12.21],[79.35,-12.17],[79.35,-12.14],[79.42,-12.11],[79.56,-12.11],[79.82,-12.11],[79.85,-12.11],[79.96,-12.11],[80.03,-12.06],[80.03,-12.02],[80.14,-11.99],[80.18,-11.99],[80.25,-11.97],[80.25,-11.92],[80.32,-11.91],[80.39,-11.91],[80.43,-11.91],[80.43,-11.86],[80.46,-11.84],[80.54,-11.82],[80.61,-11.82],[80.72,-11.81],[80.93,-11.81],[81.08,-11.79],[81.47,-11.79],[81.54,-11.79],[81.65,-11.79],[81.76,-11.76],[81.76,-11.74]]]}},{"type":"Feature","properties":{"precip":40},"geometry":{"type":"Polygon","coordinates":[[[83.02,-12.67],[83.06,-12.62],[83.13,-12.62],[83.16,-12.62],[83.16,-12.77],[83.06,-12.79],[82.98,-12.79],[82.98,-12.71],[83.02,-12.67]]]}},{"type":"Feature","properties":{"precip":40},"geometry":{"type":"Polygon","coordinates":[[[4.34,-24.75],[4.34,-24.65],[4.37,-24.61],[4.41,-24.6],[4.48,-24.6],[4.55,-24.63],[4.62,-24.66],[4.73,-24.75],[4.8,-24.83],[4.91,-24.91],[4.98,-25.01],[5.06,-25.18],[5.06,-25.3],[5.13,-25.3],[5.13,-25.23],[5.16,-25.23],[5.16,-25.2],[5.2,-25.2],[5.24,-25.23],[5.24,-25.45],[5.31,-25.5],[5.38,-25.5],[5.45,-25.53],[5.45,-25.58],[5.38,-25.6],[5.34,-25.6],[5.27,-25.56],[5.2,-25.5],[5.16,-25.48],[5.16,-25.46],[5.13,-25.45],[5.13,-25.43],[5.06,-25.4],[5.02,-25.4],[4.95,-25.38],[4.95,-25.26],[4.91,-25.25],[4.91,-25.21],[4.8,-25.2],[4.8,-25.18],[4.66,-25.08],[4.62,-25.05],[4.62,-25.03],[4.59,-25.0],[4.52,-24.95],[4.44,-24.91],[4.37,-24.9],[4.37,-24.86],[4.34,-24.85],[4.34,-24.75]]]}},{"type":"Feature","properties":{"precip":40},"geometry":{"type":"Polygon","coordinates":[[[5.45,-25.76],[5.45,-25.71],[5.52,-25.71],[5.52,-25.73],[5.56,-25.75],[5.52,-25.76],[5.52,-25.8],[5.45,-25.8],[5.45,-25.76]]]}},{"type":"Feature","properties":{"precip":40},"geometry":{"type":"Polygon","coordinates":[[[51.13,-32.04],[51.17,-32.01],[51.24,-32.01],[51.24,-32.09],[51.17,-32.11],[51.17,-32.09],[51.13,-32.09],[51.13,-32.04]]]}},{"type":"Feature","properties":{"precip":40},"geometry":{"type":"Polygon","coordinates":[[[51.31,-32.19],[51.35,-32.16],[51.35,-32.12],[51.42,-32.11],[51.42,-32.16],[51.45,-32.21],[51.45,-32.31],[51.42,-32.36],[51.42,-32.41],[51.38,-32.41],[51.27,-32.31],[51.27,-32.21],[51.31,-32.19]]]}},{"type":"Feature","properties":{"precip":40},"geometry":{"type":"Polygon","coordinates":[[[51.53,-32.46],[51.6,-32.41],[51.67,-32.41],[51.74,-32.41],[51.81,-32.44],[51.85,-32.46],[51.89,-32.52],[51.92,-32.52],[51.92,-32.56],[51.96,-32.56],[51.96,-32.57],[52.03,-32.59],[52.03,-32.61],[52.1,-32.61],[52.14,-32.62],[52.14,-32.67],[52.21,-32.71],[52.28,-32.71],[52.35,-32.74],[52.35,-32.77],[52.39,-32.81],[52.5,-32.81],[52.53,-32.82],[52.53,-32.86],[52.61,-32.89],[52.68,-32.89],[52.79,-32.92],[52.86,-32.97],[52.89,-33.01],[52.97,-33.07],[53.04,-33.14],[53.11,-33.22],[53.18,-33.29],[53.33,-33.32],[53.33,-33.37],[53.36,-33.39],[53.36,-33.49],[53.43,-33.51],[53.43,-33.59],[53.36,-33.61],[53.25,-33.61],[53.18,-33.62],[53.15,-33.66],[53.15,-33.69],[53.18,-33.69],[53.25,-33.69],[53.29,-33.71],[53.33,-33.74],[53.4,-33.77],[53.4,-33.81],[53.43,-33.84],[53.54,-33.89],[53.65,-33.89],[53.72,-33.94],[53.76,-33.96],[53.76,-33.97],[53.83,-33.99],[53.9,-34.01],[54.12,-34.01],[54.26,-34.06],[54.3,-34.09],[54.3,-34.11],[54.33,-34.12],[54.33,-34.14],[54.44,-34.17],[54.48,-34.22],[54.58,-34.22],[54.62,-34.22],[54.62,-34.24],[54.66,-34.25],[54.66,-34.37],[54.62,-34.37],[54.62,-34.42],[54.58,-34.42],[54.55,-34.42],[54.55,-34.47],[54.58,-34.47],[54.62,-34.5],[54.73,-34.5],[54.84,-34.52],[54.84,-34.57],[54.87,-34.57],[54.87,-34.65],[54.94,-34.74],[55.02,-34.77],[55.09,-34.82],[55.12,-34.82],[55.16,-34.82],[55.16,-34.87],[55.23,-34.9],[55.27,-34.9],[55.34,-34.94],[55.34,-35.05],[55.38,-35.09],[55.38,-35.19],[55.41,-35.19],[55.41,-35.22],[55.45,-35.22],[55.45,-35.29],[55.38,-35.29],[55.38,-35.25],[55.34,-35.24],[55.27,-35.22],[55.16,-35.22],[55.05,-35.19],[55.05,-35.14],[54.98,-35.12],[54.91,-35.1],[54.76,-35.1],[54.69,-35.09],[54.66,-35.09],[54.66,-35.02],[54.55,-35.0],[54.44,-35.0],[54.37,-35.02],[54.37,-35.1],[54.33,-35.14],[54.33,-35.19],[54.26,-35.22],[54.22,-35.22],[54.15,-35.19],[54.15,-35.14],[54.12,-35.12],[54.08,-35.12],[54.08,-35.14],[54.04,-35.14],[54.04,-35.19],[53.97,-35.19],[53.97,-35.14],[53.9,-35.12],[53.83,-35.1],[53.76,-35.1],[53.68,-35.05],[53.61,-35.04],[53.61,-35.0],[53.54,-34.94],[53.54,-34.82],[53.51,-34.82],[53.47,-34.82],[53.43,-34.84],[53.43,-34.89],[53.36,-34.89],[53.36,-34.85],[53.33,-34.82],[53.29,-34.82],[53.25,-34.82],[53.25,-34.85],[53.18,-34.9],[53.18,-34.87],[53.11,-34.82],[53.04,-34.82],[52.93,-34.82],[52.86,-34.82],[52.86,-34.87],[52.82,-34.87],[52.82,-34.9],[52.75,-34.89],[52.75,-34.79],[52.71,-34.75],[52.71,-34.72],[52.64,-34.65],[52.64,-34.62],[52.61,-34.6],[52.57,-34.6],[52.57,-34.62],[52.53,-34.65],[52.53,-34.77],[52.46,-34.79],[52.46,-34.72],[52.43,-34.7],[52.43,-34.6],[52.35,-34.62],[52.35,-34.75],[52.32,-34.75],[52.32,-34.82],[52.28,-34.82],[52.28,-34.77],[52.25,-34.77],[52.25,-34.64],[52.21,-34.6],[52.17,-34.6],[52.14,-34.62],[52.14,-34.67],[52.07,-34.7],[52.07,-34.62],[52.14,-34.57],[52.14,-34.54],[52.1,-34.52],[52.1,-34.5],[52.07,-34.49],[52.07,-34.45],[51.99,-34.42],[51.96,-34.42],[51.89,-34.42],[51.85,-34.39],[51.85,-34.35],[51.78,-34.3],[51.71,-34.29],[51.6,-34.29],[51.53,-34.24],[51.53,-34.02],[51.45,-34.01],[51.35,-34.01],[51.24,-33.97],[51.24,-33.94],[51.17,-33.89],[51.09,-33.89],[51.02,-33.86],[51.02,-33.81],[50.99,-33.81],[50.91,-33.81],[50.84,-33.77],[50.84,-33.74],[50.77,-33.69],[50.7,-33.69],[50.63,-33.66],[50.59,-33.62],[50.59,-33.61],[50.52,-33.52],[50.45,-33.51],[50.41,-33.49],[50.37,-33.52],[50.37,-33.57],[50.3,-33.61],[50.23,-33.61],[50.16,-33.57],[50.16,-33.52],[50.19,-33.51],[50.27,-33.49],[50.34,-33.49],[50.37,-33.47],[50.37,-33.44],[50.3,-33.41],[50.23,-33.41],[50.09,-33.41],[49.98,-33.37],[49.98,-33.32],[49.94,-33.32],[49.87,-33.29],[49.8,-33.29],[49.76,-33.24],[49.69,-33.21],[49.69,-33.11],[49.76,-33.09],[49.76,-33.02],[49.69,-32.97],[49.65,-32.97],[49.65,-32.96],[49.76,-32.87],[49.76,-32.84],[49.69,-32.81],[49.69,-32.76],[49.65,-32.72],[49.65,-32.61],[49.58,-32.61],[49.58,-32.56],[49.55,-32.56],[49.58,-32.56],[49.58,-32.52],[49.62,-32.52],[49.73,-32.52],[49.76,-32.52],[49.76,-32.56],[49.83,-32.61],[49.91,-32.61],[49.94,-32.61],[49.94,-32.64],[49.98,-32.64],[49.98,-32.69],[50.05,-32.71],[50.12,-32.71],[50.16,-32.72],[50.16,-32.76],[50.19,-32.77],[50.34,-32.81],[50.48,-32.81],[50.55,-32.81],[50.63,-32.76],[50.63,-32.74],[50.66,-32.72],[50.73,-32.71],[50.84,-32.71],[50.88,-32.71],[50.95,-32.71],[51.02,-32.67],[51.06,-32.64],[51.06,-32.61],[51.09,-32.61],[51.13,-32.64],[51.13,-32.67],[51.17,-32.71],[51.24,-32.67],[51.24,-32.64],[51.31,-32.59],[51.31,-32.56],[51.42,-32.52],[51.45,-32.52],[51.53,-32.49],[51.53,-32.46]],[[53.15,-33.52],[53.11,-33.51],[53.04,-33.49],[52.97,-33.52],[52.97,-33.59],[52.93,-33.61],[52.93,-33.62],[52.97,-33.66],[52.97,-33.69],[53.0,-33.69],[53.11,-33.61],[53.11,-33.57],[53.15,-33.52]]]}},{"type":"Feature","properties":{"precip":40},"geometry":{"type":"Polygon","coordinates":[[[40.37,-32.97],[40.37,-32.96],[40.48,-32.92],[40.62,-32.92],[40.73,-32.89],[40.87,-32.92],[41.02,-32.92],[41.12,-32.92],[41.19,-32.97],[41.19,-33.01],[41.23,-33.02],[41.27,-33.09],[41.34,-33.11],[41.37,-33.11],[41.45,-33.12],[41.45,-33.17],[41.52,-33.21],[41.59,-33.21],[41.63,-33.22],[41.63,-33.24],[41.66,-33.29],[41.66,-33.61],[41.63,-33.66],[41.63,-33.69],[41.59,-33.71],[41.59,-33.74],[41.52,-33.81],[41.48,-33.84],[41.48,-33.89],[41.45,-33.96],[41.45,-34.01],[41.48,-34.06],[41.48,-34.11],[41.55,-34.14],[41.55,-34.17],[41.52,-34.17],[41.52,-34.2],[41.48,-34.22],[41.48,-34.25],[41.45,-34.25],[41.45,-34.37],[41.37,-34.42],[41.37,-34.45],[41.34,-34.49],[41.34,-34.6],[41.3,-34.6],[41.27,-34.6],[41.27,-34.57],[41.23,-34.54],[41.23,-34.52],[41.19,-34.5],[41.19,-34.52],[41.16,-34.54],[41.16,-34.57],[41.09,-34.6],[41.02,-34.6],[40.94,-34.54],[40.94,-34.42],[40.87,-34.42],[40.87,-34.45],[40.84,-34.45],[40.8,-34.5],[40.69,-34.5],[40.62,-34.52],[40.55,-34.54],[40.55,-34.57],[40.48,-34.6],[40.48,-34.57],[40.44,-34.57],[40.44,-34.52],[40.37,-34.52],[40.37,-34.54],[40.33,-34.57],[40.26,-34.57],[40.01,-34.6],[39.86,-34.6],[39.68,-34.57],[39.65,-34.57],[39.65,-34.52],[39.61,-34.5],[39.58,-34.52],[39.58,-34.54],[39.54,-34.57],[39.54,-34.77],[39.5,-34.79],[39.43,-34.82],[39.36,-34.77],[39.36,-34.67],[39.32,-34.65],[39.32,-34.62],[39.29,-34.6],[39.22,-34.6],[39.14,-34.57],[39.14,-34.52],[39.18,-34.5],[39.22,-34.5],[39.22,-34.47],[39.25,-34.45],[39.25,-34.35],[39.18,-34.3],[39.11,-34.29],[38.93,-34.29],[38.89,-34.27],[38.86,-34.27],[38.86,-34.24],[38.78,-34.22],[38.71,-34.22],[38.68,-34.22],[38.68,-34.25],[38.64,-34.27],[38.64,-34.62],[38.68,-34.65],[38.68,-34.7],[38.71,-34.7],[38.71,-34.74],[38.75,-34.75],[38.75,-34.89],[38.82,-34.9],[38.82,-34.94],[38.86,-34.94],[38.86,-34.97],[38.78,-34.97],[38.68,-35.0],[38.57,-35.0],[38.5,-35.02],[38.46,-35.04],[38.46,-35.05],[38.42,-35.1],[38.46,-35.14],[38.46,-35.19],[38.53,-35.24],[38.53,-35.27],[38.6,-35.29],[38.64,-35.27],[38.64,-35.24],[38.71,-35.22],[38.75,-35.24],[38.75,-35.25],[38.71,-35.27],[38.71,-35.3],[38.68,-35.34],[38.68,-35.37],[38.75,-35.49],[38.82,-35.52],[38.86,-35.55],[38.93,-35.59],[39.04,-35.6],[39.07,-35.62],[39.18,-35.7],[39.25,-35.74],[39.25,-35.79],[39.18,-35.79],[39.18,-35.8],[39.07,-35.8],[39.07,-35.82],[39.04,-35.82],[39.04,-35.89],[39.0,-35.89],[38.93,-35.9],[38.75,-35.9],[38.68,-35.92],[38.64,-35.95],[38.64,-35.97],[38.71,-36.0],[38.78,-36.0],[38.86,-36.04],[38.86,-36.07],[38.82,-36.07],[38.82,-36.1],[38.78,-36.1],[38.71,-36.1],[38.64,-36.14],[38.64,-36.27],[38.6,-36.3],[38.53,-36.27],[38.53,-36.25],[38.5,-36.22],[38.46,-36.22],[38.46,-36.25],[38.42,-36.27],[38.42,-36.29],[38.35,-36.3],[38.24,-36.27],[38.17,-36.22],[38.17,-36.15],[38.1,-36.14],[38.06,-36.1],[37.99,-36.1],[37.96,-36.1],[37.96,-36.07],[37.85,-36.02],[37.78,-36.02],[37.7,-36.0],[37.2,-36.0],[37.09,-36.0],[36.98,-36.0],[36.95,-35.99],[36.88,-35.99],[36.77,-35.95],[36.73,-35.95],[36.59,-35.9],[36.48,-35.9],[36.37,-35.9],[35.83,-35.9],[35.72,-35.89],[35.65,-35.89],[35.47,-35.87],[35.47,-35.85],[35.36,-35.8],[35.15,-35.8],[35.11,-35.79],[34.97,-35.77],[34.97,-35.74],[34.9,-35.7],[34.82,-35.7],[34.75,-35.7],[34.64,-35.67],[34.64,-35.62],[34.61,-35.6],[34.54,-35.6],[34.5,-35.59],[34.46,-35.59],[34.46,-35.54],[34.39,-35.5],[34.32,-35.5],[34.28,-35.49],[34.25,-35.49],[34.25,-35.42],[34.21,-35.4],[34.14,-35.4],[34.07,-35.39],[34.07,-35.34],[34.03,-35.34],[34.03,-35.3],[33.92,-35.3],[33.85,-35.27],[33.85,-35.24],[33.82,-35.22],[33.74,-35.22],[33.67,-35.19],[33.64,-35.15],[33.64,-35.12],[33.6,-35.1],[33.53,-35.1],[33.46,-35.05],[33.38,-34.99],[33.38,-34.97],[33.35,-34.94],[33.35,-34.84],[33.31,-34.82],[33.24,-34.82],[33.17,-34.77],[33.17,-34.75],[33.13,-34.72],[33.13,-34.69],[33.17,-34.65],[33.17,-34.6],[33.24,-34.6],[33.24,-34.52],[33.13,-34.5],[33.06,-34.5],[32.99,-34.47],[32.95,-34.42],[32.88,-34.37],[32.84,-34.34],[32.77,-34.29],[32.77,-34.24],[32.74,-34.17],[32.74,-34.16],[32.77,-34.14],[32.77,-34.12],[32.84,-34.11],[32.95,-34.11],[33.06,-34.06],[33.06,-34.02],[33.1,-34.01],[33.13,-34.02],[33.13,-34.06],[33.24,-34.09],[33.31,-34.11],[33.64,-34.11],[33.71,-34.11],[33.78,-34.11],[33.89,-34.12],[33.96,-34.14],[33.96,-34.17],[34.03,-34.2],[34.1,-34.22],[34.28,-34.22],[34.43,-34.17],[34.46,-34.16],[34.46,-34.14],[34.5,-34.12],[34.64,-34.11],[34.75,-34.11],[34.82,-34.11],[34.97,-34.16],[35.04,-34.24],[35.11,-34.29],[35.18,-34.37],[35.36,-34.5],[35.44,-34.49],[35.47,-34.45],[35.47,-34.37],[35.44,-34.35],[35.44,-34.3],[35.36,-34.27],[35.36,-34.14],[35.33,-34.14],[35.33,-34.11],[35.29,-34.11],[35.29,-34.06],[35.26,-34.06],[35.26,-33.86],[35.29,-33.86],[35.29,-33.81],[35.33,-33.81],[35.33,-33.76],[35.36,-33.74],[35.36,-33.54],[35.44,-33.51],[35.54,-33.49],[35.83,-33.49],[35.98,-33.46],[35.98,-33.41],[36.05,-33.44],[36.05,-33.46],[36.08,-33.47],[36.08,-33.49],[36.26,-33.61],[36.3,-33.61],[36.37,-33.59],[36.37,-33.52],[36.26,-33.49],[36.26,-33.44],[36.34,-33.41],[36.41,-33.41],[36.44,-33.41],[36.44,-33.47],[36.48,-33.49],[36.48,-33.66],[36.55,-33.74],[36.62,-33.77],[36.66,-33.77],[36.66,-33.74],[36.7,-33.74],[36.7,-33.71],[36.73,-33.69],[36.73,-33.74],[36.77,-33.74],[36.77,-33.77],[36.8,-33.77],[36.91,-33.74],[36.91,-33.71],[36.95,-33.69],[36.95,-33.62],[36.88,-33.59],[36.88,-33.51],[36.95,-33.52],[36.95,-33.54],[36.95,-33.56],[36.95,-33.59],[36.98,-33.61],[37.02,-33.59],[37.02,-33.56],[37.06,-33.52],[37.06,-33.51],[37.09,-33.49],[37.09,-33.52],[37.13,-33.52],[37.13,-33.56],[37.16,-33.59],[37.16,-33.61],[37.2,-33.61],[37.2,-33.59],[37.24,-33.56],[37.24,-33.52],[37.27,-33.51],[37.31,-33.51],[37.31,-33.59],[37.27,-33.62],[37.16,-33.69],[37.09,-33.69],[37.06,-33.71],[37.06,-33.74],[37.02,-33.74],[37.02,-33.77],[37.06,-33.77],[37.06,-33.81],[37.13,-33.81],[37.13,-33.96],[37.16,-33.97],[37.16,-34.01],[37.24,-33.97],[37.24,-33.96],[37.27,-33.91],[37.31,-33.91],[37.31,-33.94],[37.34,-33.97],[37.42,-33.99],[37.42,-33.96],[37.45,-33.96],[37.45,-33.94],[37.52,-33.89],[37.6,-33.89],[37.63,-33.89],[37.63,-33.84],[37.74,-33.81],[37.88,-33.81],[37.96,-33.81],[38.06,-33.76],[38.06,-33.71],[38.1,-33.71],[38.14,-33.74],[38.14,-33.76],[38.17,-33.77],[38.17,-33.81],[38.21,-33.81],[38.21,-33.77],[38.24,-33.76],[38.24,-33.74],[38.32,-33.69],[38.39,-33.69],[38.42,-33.69],[38.42,-33.61],[38.46,-33.59],[38.46,-33.52],[38.57,-33.49],[38.64,-33.51],[38.71,-33.52],[38.71,-33.54],[38.78,-33.59],[38.78,-33.61],[38.82,-33.66],[38.89,-33.69],[38.96,-33.69],[39.0,-33.71],[39.07,-33.76],[39.11,-33.81],[39.11,-33.84],[39.14,-33.89],[39.14,-33.99],[39.07,-34.01],[39.04,-34.02],[39.04,-34.09],[39.07,-34.09],[39.07,-34.11],[39.14,-34.11],[39.22,-34.12],[39.22,-34.14],[39.25,-34.16],[39.25,-34.29],[39.32,-34.29],[39.32,-34.27],[39.36,-34.25],[39.36,-34.22],[39.4,-34.22],[39.47,-34.22],[39.5,-34.22],[39.58,-34.25],[39.58,-34.29],[39.65,-34.25],[39.65,-34.24],[39.68,-34.22],[39.72,-34.17],[39.79,-34.14],[39.86,-34.11],[39.94,-34.11],[40.01,-34.11],[40.08,-34.11],[40.15,-34.14],[40.19,-34.17],[40.19,-34.22],[40.22,-34.22],[40.22,-34.16],[40.3,-34.11],[40.33,-34.11],[40.4,-34.11],[40.44,-34.09],[40.44,-33.97],[40.48,-33.96],[40.48,-33.91],[40.55,-33.87],[40.55,-33.69],[40.58,-33.66],[40.58,-33.61],[40.62,-33.59],[40.66,-33.56],[40.66,-33.46],[40.58,-33.32],[40.51,-33.21],[40.4,-33.11],[40.4,-33.09],[40.37,-33.04],[40.37,-32.97]],[[37.02,-33.86],[37.02,-33.81],[36.95,-33.81],[36.95,-33.89],[37.02,-33.89],[37.02,-33.86]],[[39.04,-33.89],[39.04,-33.81],[38.96,-33.81],[38.96,-33.86],[38.93,-33.89],[38.93,-33.94],[38.96,-33.96],[38.96,-33.99],[39.04,-33.99],[39.04,-33.89]],[[41.34,-34.16],[41.34,-34.11],[41.3,-34.11],[41.27,-34.11],[41.27,-34.2],[41.34,-34.22],[41.34,-34.16]],[[40.37,-34.25],[40.33,-34.24],[40.33,-34.22],[40.26,-34.22],[40.26,-34.29],[40.33,-34.29],[40.33,-34.27],[40.37,-34.25]],[[38.24,-35.05],[38.24,-35.02],[38.21,-35.0],[38.17,-35.0],[38.14,-35.02],[38.14,-35.09],[38.21,-35.1],[38.24,-35.09],[38.24,-35.05]],[[38.24,-35.25],[38.24,-35.24],[38.21,-35.22],[38.17,-35.22],[38.14,-35.24],[38.14,-35.27],[38.17,-35.3],[38.24,-35.27],[38.24,-35.25]],[[38.53,-35.34],[38.53,-35.3],[38.5,-35.3],[38.46,-35.3],[38.46,-35.39],[38.5,-35.4],[38.53,-35.39],[38.53,-35.34]]]}},{"type":"Feature","properties":{"precip":40},"geometry":{"type":"Polygon","coordinates":[[[31.73,-33.04],[31.84,-33.01],[31.91,-33.01],[32.2,-33.01],[32.3,-33.01],[32.34,-33.02],[32.34,-33.04],[32.3,-33.09],[32.3,-33.11],[32.23,-33.17],[32.16,-33.24],[32.12,-33.29],[32.05,-33.32],[31.98,-33.39],[31.87,-33.41],[31.58,-33.41],[31.51,-33.39],[31.44,-33.37],[31.44,-33.29],[31.48,-33.24],[31.48,-33.22],[31.55,-33.14],[31.58,-33.12],[31.66,-33.11],[31.73,-33.09],[31.73,-33.04]]]}},{"type":"Feature","properties":{"precip":40},"geometry":{"type":"Polygon","coordinates":[[[31.04,-33.17],[31.04,-33.11],[31.12,-33.11],[31.12,-33.12],[31.15,-33.14],[31.15,-33.17],[31.12,-33.17],[31.12,-33.21],[31.04,-33.19],[31.04,-33.17]]]}},{"type":"Feature","properties":{"precip":40},"geometry":{"type":"Polygon","coordinates":[[[31.22,-33.17],[31.22,-33.12],[31.3,-33.11],[31.33,-33.11],[31.33,-33.19],[31.26,-33.21],[31.26,-33.17],[31.22,-33.17]]]}},{"type":"Feature","properties":{"precip":40},"geometry":{"type":"Polygon","coordinates":[[[31.22,-33.36],[31.22,-33.32],[31.3,-33.29],[31.33,-33.32],[31.33,-33.39],[31.26,-33.41],[31.26,-33.39],[31.22,-33.36]]]}},{"type":"Feature","properties":{"precip":40},"geometry":{"type":"Polygon","coordinates":[[[36.66,-33.56],[36.66,-33.52],[36.73,-33.49],[36.77,-33.52],[36.77,-33.59],[36.7,-33.59],[36.66,-33.59],[36.66,-33.56]]]}},{"type":"Feature","properties":{"precip":40},"geometry":{"type":"Polygon","coordinates":[[[37.34,-33.76],[37.34,-33.71],[37.42,-33.71],[37.42,-33.74],[37.45,-33.74],[37.42,-33.77],[37.42,-33.81],[37.34,-33.81],[37.34,-33.76]]]}},{"type":"Feature","properties":{"precip":40},"geometry":{"type":"Polygon","coordinates":[[[41.91,-34.37],[41.95,-34.35],[42.02,-34.3],[42.13,-34.3],[42.17,-34.34],[42.17,-34.37],[42.09,-34.42],[42.06,-34.42],[42.06,-34.57],[42.09,-34.57],[42.09,-34.6],[42.17,-34.57],[42.17,-34.52],[42.2,-34.5],[42.24,-34.52],[42.24,-34.57],[42.27,-34.57],[42.27,-34.62],[42.24,-34.65],[42.24,-34.69],[42.2,-34.7],[42.09,-34.7],[42.06,-34.67],[42.06,-34.62],[41.99,-34.6],[41.95,-34.6],[41.88,-34.57],[41.88,-34.42],[41.91,-34.37]]]}},{"type":"Feature","properties":{"precip":40},"geometry":{"type":"Polygon","coordinates":[[[54.76,-34.37],[54.76,-34.32],[54.84,-34.29],[54.87,-34.29],[54.94,-34.32],[54.94,-34.39],[54.84,-34.42],[54.76,-34.37]]]}},{"type":"Feature","properties":{"precip":40},"geometry":{"type":"Polygon","coordinates":[[[51.85,-34.57],[51.85,-34.52],[51.92,-34.52],[51.92,-34.54],[51.96,-34.54],[51.92,-34.57],[51.92,-34.6],[51.85,-34.6],[51.85,-34.57]]]}},{"type":"Feature","properties":{"precip":40},"geometry":{"type":"Polygon","coordinates":[[[55.05,-34.65],[55.05,-34.62],[55.09,-34.6],[55.12,-34.6],[55.16,-34.62],[55.16,-34.67],[55.09,-34.7],[55.05,-34.67],[55.05,-34.65]]]}},{"type":"Feature","properties":{"precip":70},"geometry":{"type":"Polygon","coordinates":[[[84.93,3.79],[84.93,3.71],[85.04,3.7],[85.07,3.7],[85.07,3.68],[85.14,3.66],[85.14,3.26],[85.07,3.23],[85.07,3.2],[85.04,3.16],[84.93,3.08],[84.93,2.93],[85.0,2.91],[85.04,2.91],[85.07,2.88],[85.18,2.83],[85.25,2.76],[85.25,2.65],[85.29,2.63],[85.29,2.61],[85.32,2.6],[85.4,2.6],[85.47,2.58],[85.47,2.55],[85.47,2.51],[85.5,2.51],[85.5,2.53],[85.54,2.55],[85.54,2.58],[85.58,2.6],[85.58,2.58],[85.65,2.55],[85.65,2.53],[85.68,2.51],[85.72,2.51],[85.72,2.55],[85.72,2.56],[85.72,2.58],[85.83,2.6],[85.86,2.6],[85.94,2.63],[85.94,2.73],[85.97,2.75],[85.97,2.78],[86.01,2.8],[86.26,2.8],[86.33,2.78],[86.37,2.75],[86.37,2.63],[86.4,2.6],[86.4,2.55],[86.44,2.51],[86.44,2.33],[86.4,2.3],[86.4,2.25],[86.37,2.16],[86.26,2.06],[86.22,2.01],[86.15,1.95],[86.08,1.93],[86.01,1.93],[86.01,1.96],[85.97,2.0],[85.97,1.95],[85.94,1.93],[85.94,1.91],[85.86,1.9],[85.79,1.9],[85.72,1.88],[85.72,1.78],[85.72,1.76],[85.72,1.71],[85.65,1.68],[85.65,1.5],[85.58,1.46],[85.58,1.41],[85.54,1.38],[85.54,1.33],[85.58,1.3],[85.68,1.28],[85.72,1.26],[85.83,1.16],[85.83,1.03],[85.72,1.0],[85.58,1.0],[85.47,0.98],[85.47,0.96],[85.43,0.93],[85.43,0.9],[85.4,0.88],[85.4,0.86],[85.29,0.8],[85.22,0.8],[85.18,0.8],[85.18,0.78],[85.14,0.76],[85.14,0.75],[85.18,0.71],[85.25,0.7],[85.32,0.7],[85.47,0.66],[85.47,0.63],[85.47,0.61],[85.54,0.6],[85.58,0.61],[85.65,0.63],[85.65,0.68],[85.72,0.7],[85.86,0.7],[85.86,0.71],[85.94,0.73],[85.97,0.75],[85.97,0.78],[86.01,0.78],[86.01,0.75],[86.08,0.73],[86.08,0.71],[86.12,0.7],[86.12,0.71],[86.15,0.75],[86.15,0.78],[86.19,0.8],[86.26,0.8],[86.26,0.78],[86.33,0.75],[86.4,0.71],[86.44,0.63],[86.51,0.58],[86.51,0.51],[86.44,0.45],[86.4,0.41],[86.37,0.36],[86.37,0.25],[86.4,0.21],[86.44,0.2],[86.51,0.2],[86.58,0.18],[86.62,0.18],[86.62,0.16],[86.66,0.13],[86.62,0.13],[86.62,0.11],[86.51,0.08],[86.51,-0.05],[86.51,-0.08],[86.4,-0.1],[86.37,-0.12],[86.37,-0.17],[86.33,-0.17],[86.33,-0.2],[86.26,-0.2],[86.19,-0.2],[86.19,-0.22],[86.15,-0.23],[86.15,-0.28],[86.08,-0.3],[86.01,-0.3],[85.97,-0.32],[85.94,-0.33],[85.94,-0.38],[85.86,-0.38],[85.83,-0.4],[85.72,-0.4],[85.65,-0.43],[85.65,-0.53],[85.58,-0.55],[85.58,-0.6],[85.54,-0.58],[85.54,-0.45],[85.5,-0.45],[85.5,-0.42],[85.47,-0.4],[85.4,-0.38],[85.32,-0.37],[85.32,-0.33],[85.32,-0.32],[85.32,-0.3],[85.29,-0.28],[85.29,-0.25],[85.25,-0.25],[85.25,-0.22],[85.07,-0.18],[85.07,-0.17],[85.0,-0.12],[84.93,-0.08],[84.93,-0.05],[84.89,-0.0],[84.86,0.03],[84.75,0.08],[84.71,0.1],[84.53,0.1],[84.5,0.08],[84.46,0.05],[84.46,-0.05],[84.39,-0.1],[84.28,-0.1],[84.28,-0.12],[84.28,-0.13],[84.24,-0.13],[84.24,-0.17],[84.28,-0.17],[84.28,-0.2],[84.35,-0.2],[84.35,-0.27],[84.28,-0.28],[84.21,-0.3],[83.99,-0.3],[83.92,-0.28],[83.85,-0.27],[83.85,-0.23],[83.81,-0.22],[83.81,-0.2],[83.7,-0.2],[83.63,-0.18],[83.63,-0.15],[83.67,-0.13],[83.67,-0.1],[83.7,-0.07],[83.78,-0.03],[83.85,-0.0],[83.92,-0.0],[84.1,-0.0],[84.14,0.02],[84.14,0.06],[83.99,0.16],[83.96,0.18],[83.7,0.2],[83.63,0.2],[83.49,0.18],[83.45,0.15],[83.45,0.11],[83.34,0.1],[83.31,0.1],[83.27,0.08],[83.27,0.03],[83.2,-0.02],[83.2,-0.05],[83.16,-0.13],[83.06,-0.18],[83.02,-0.2],[82.98,-0.2],[82.91,-0.23],[82.91,-0.43],[82.91,-0.45],[82.91,-0.5],[82.84,-0.53],[82.84,-0.55],[82.88,-0.57],[82.91,-0.6],[82.91,-0.63],[82.91,-0.67],[82.91,-0.77],[82.88,-0.8],[82.88,-0.82],[82.84,-0.83],[82.84,-0.97],[82.88,-0.98],[82.91,-1.03],[82.91,-1.07],[82.84,-1.1],[82.77,-1.1],[82.66,-1.13],[82.62,-1.18],[82.62,-1.2],[82.55,-1.22],[82.55,-1.25],[82.55,-1.27],[82.41,-1.3],[82.26,-1.3],[82.23,-1.3],[82.12,-1.33],[82.12,-1.37],[82.08,-1.4],[81.98,-1.4],[81.94,-1.37],[81.94,-1.32],[81.9,-1.3],[81.87,-1.3],[81.87,-1.35],[81.83,-1.37],[81.83,-1.55],[81.72,-1.6],[81.72,-1.58],[81.62,-1.53],[81.62,-1.5],[81.58,-1.48],[81.58,-1.45],[81.62,-1.42],[81.62,-1.38],[81.72,-1.3],[81.8,-1.23],[81.87,-1.22],[81.87,-1.2],[81.94,-1.2],[81.98,-1.18],[82.05,-1.15],[82.05,-0.95],[82.08,-0.93],[82.08,-0.92],[82.12,-0.9],[82.23,-0.88],[82.26,-0.87],[82.26,-0.83],[82.23,-0.82],[82.12,-0.8],[82.08,-0.78],[82.05,-0.77],[82.05,-0.67],[81.98,-0.65],[81.98,-0.6],[81.98,-0.58],[81.98,-0.57],[81.9,-0.53],[81.9,-0.52],[81.87,-0.5],[81.87,-0.47],[81.83,-0.47],[81.83,-0.42],[81.87,-0.4],[81.98,-0.4],[81.98,-0.38],[82.05,-0.35],[82.05,-0.13],[82.08,-0.12],[82.08,-0.1],[82.12,-0.1],[82.12,-0.05],[82.12,-0.03],[82.12,0.16],[82.23,0.21],[82.23,0.25],[82.26,0.31],[82.26,0.38],[82.23,0.46],[82.23,0.53],[82.19,0.58],[82.19,0.63],[82.12,0.66],[81.98,0.7],[81.94,0.7],[81.87,0.73],[81.8,0.78],[81.72,0.85],[81.72,0.88],[81.8,0.88],[81.8,0.9],[81.9,0.9],[81.98,0.91],[82.05,0.93],[82.05,0.96],[81.98,0.98],[81.87,1.0],[81.72,1.0],[81.69,1.03],[81.69,1.05],[81.62,1.08],[81.62,1.18],[81.58,1.2],[81.58,1.25],[81.54,1.25],[81.58,1.26],[81.69,1.3],[81.72,1.3],[81.98,1.3],[82.12,1.35],[82.12,1.38],[82.23,1.4],[82.26,1.4],[82.34,1.41],[82.34,1.43],[82.37,1.45],[82.37,1.5],[82.41,1.5],[82.55,1.48],[82.55,1.46],[82.55,1.43],[82.55,1.41],[82.62,1.41],[82.66,1.43],[82.66,1.46],[82.73,1.5],[82.77,1.5],[82.91,1.5],[83.02,1.51],[83.02,1.55],[83.06,1.58],[83.06,1.85],[83.06,1.88],[83.06,1.91],[83.13,1.91],[83.13,1.93],[83.16,1.95],[83.13,1.96],[83.13,1.98],[83.06,2.0],[83.06,2.01],[83.06,2.06],[83.06,2.08],[83.16,2.15],[83.27,2.26],[83.34,2.38],[83.34,2.45],[83.31,2.48],[83.2,2.5],[83.06,2.55],[83.02,2.56],[83.02,2.58],[82.98,2.6],[82.98,2.63],[82.91,2.66],[82.91,2.68],[82.84,2.7],[82.73,2.7],[82.66,2.71],[82.66,2.73],[82.66,2.75],[82.7,2.8],[82.7,2.83],[82.77,2.88],[82.84,2.91],[82.88,2.91],[82.91,2.95],[83.02,3.01],[83.02,3.05],[83.06,3.08],[83.06,3.18],[83.13,3.21],[83.13,3.31],[83.16,3.35],[83.16,3.68],[83.2,3.7],[83.27,3.7],[83.34,3.71],[83.34,3.76],[83.34,3.79],[83.38,3.79],[83.45,3.78],[83.45,3.66],[83.49,3.6],[83.63,3.6],[83.7,3.63],[83.7,3.65],[83.7,3.68],[83.7,3.7],[83.63,3.75],[83.63,3.76],[83.67,3.76],[83.7,3.79],[84.93,3.79]],[[84.06,3.33],[83.99,3.38],[83.92,3.4],[83.85,3.38],[83.81,3.33],[83.7,3.26],[83.7,3.21],[83.63,3.08],[83.63,2.86],[83.67,2.81],[83.7,2.78],[83.7,2.76],[83.7,2.75],[83.7,2.73],[83.7,2.71],[83.67,2.7],[83.67,2.68],[83.63,2.66],[83.63,2.63],[83.67,2.63],[83.67,2.6],[83.7,2.55],[83.85,2.51],[83.96,2.5],[83.99,2.5],[84.14,2.51],[84.14,2.55],[84.14,2.56],[84.14,2.6],[84.21,2.6],[84.28,2.6],[84.35,2.65],[84.39,2.68],[84.46,2.76],[84.46,2.95],[84.42,3.0],[84.28,3.08],[84.24,3.1],[84.14,3.11],[84.14,3.16],[84.14,3.18],[84.14,3.28],[84.06,3.33]],[[84.64,2.95],[84.64,2.98],[84.57,3.0],[84.53,3.0],[84.53,2.91],[84.6,2.91],[84.64,2.93],[84.64,2.95]],[[85.65,2.25],[85.65,2.26],[85.58,2.28],[85.58,2.3],[85.54,2.3],[85.54,2.21],[85.58,2.2],[85.58,2.21],[85.65,2.23],[85.65,2.25]],[[82.73,-0.3],[82.73,-0.23],[82.66,-0.2],[82.62,-0.2],[82.55,-0.22],[82.55,-0.23],[82.55,-0.28],[82.48,-0.28],[82.48,-0.3],[82.37,-0.3],[82.26,-0.32],[82.26,-0.37],[82.41,-0.38],[82.41,-0.4],[82.55,-0.4],[82.7,-0.38],[82.73,-0.35],[82.73,-0.3]],[[82.41,-0.55],[82.41,-0.52],[82.37,-0.5],[82.34,-0.5],[82.26,-0.52],[82.26,-0.58],[82.26,-0.6],[82.41,-0.6],[82.41,-0.58],[82.41,-0.55]]]}},{"type":"Feature","properties":{"precip":70},"geometry":{"type":"Polygon","coordinates":[[[8.51,3.79],[8.51,3.78],[8.55,3.76],[8.55,3.73],[8.48,3.7],[8.48,3.66],[8.44,3.65],[8.44,3.55],[8.33,3.45],[8.26,3.41],[8.19,3.41],[8.15,3.46],[8.15,3.71],[8.19,3.78],[8.19,3.79],[8.51,3.79]],[[8.33,3.55],[8.33,3.6],[8.3,3.6],[8.26,3.6],[8.26,3.58],[8.22,3.56],[8.22,3.55],[8.26,3.53],[8.26,3.51],[8.3,3.5],[8.33,3.51],[8.33,3.55]]]}},{"type":"Feature","properties":{"precip":70},"geometry":{"type":"Polygon","coordinates":[[[17.94,3.76],[17.94,3.79],[17.99,3.79],[18.05,3.76],[18.05,3.75],[18.12,3.71],[18.12,3.66],[18.16,3.65],[18.16,3.63],[18.12,3.61],[18.05,3.65],[18.05,3.66],[17.94,3.75],[17.94,3.76]]]}},{"type":"Feature","properties":{"precip":70},"geometry":{"type":"Polygon","coordinates":[[[9.66,3.55],[9.66,3.6],[9.7,3.6],[9.77,3.56],[9.84,3.48],[9.88,3.43],[9.92,3.35],[9.92,3.25],[9.88,3.16],[9.88,3.15],[9.81,3.11],[9.77,3.13],[9.74,3.16],[9.74,3.18],[9.7,3.2],[9.7,3.18],[9.66,3.16],[9.66,3.13],[9.59,3.1],[9.52,3.1],[9.48,3.11],[9.48,3.13],[9.45,3.16],[9.45,3.35],[9.41,3.38],[9.41,3.41],[9.34,3.43],[9.34,3.46],[9.38,3.46],[9.38,3.5],[9.41,3.5],[9.41,3.48],[9.45,3.46],[9.45,3.43],[9.48,3.41],[9.56,3.41],[9.66,3.41],[9.74,3.43],[9.77,3.45],[9.77,3.46],[9.74,3.48],[9.74,3.5],[9.66,3.51],[9.66,3.55]]]}},{"type":"Feature","properties":{"precip":70},"geometry":{"type":"Polygon","coordinates":[[[18.63,3.55],[18.66,3.58],[18.66,3.6],[18.73,3.6],[18.73,3.51],[18.66,3.51],[18.66,3.53],[18.63,3.55]]]}},{"type":"Feature","properties":{"precip":70},"geometry":{"type":"Polygon","coordinates":[[[85.54,3.45],[85.54,3.56],[85.58,3.58],[85.58,3.6],[85.65,3.6],[85.72,3.6],[85.79,3.58],[85.83,3.58],[85.83,3.55],[85.86,3.55],[85.86,3.51],[85.86,3.5],[85.97,3.5],[86.01,3.46],[86.12,3.4],[86.15,3.35],[86.15,3.25],[86.08,3.21],[86.01,3.2],[85.86,3.2],[85.83,3.21],[85.72,3.23],[85.72,3.26],[85.72,3.3],[85.68,3.3],[85.58,3.3],[85.54,3.33],[85.54,3.45]]]}},{"type":"Feature","properties":{"precip":70},"geometry":{"type":"Polygon","coordinates":[[[11.82,2.95],[11.82,2.96],[11.86,2.98],[11.86,3.0],[11.93,3.0],[11.93,2.91],[11.86,2.91],[11.86,2.93],[11.82,2.95]]]}},{"type":"Feature","properties":{"precip":70},"geometry":{"type":"Polygon","coordinates":[[[14.16,2.95],[14.16,3.0],[14.24,3.0],[14.24,2.96],[14.27,2.95],[14.24,2.93],[14.24,2.91],[14.16,2.91],[14.16,2.95]]]}},{"type":"Feature","properties":{"precip":70},"geometry":{"type":"Polygon","coordinates":[[[85.94,2.95],[85.97,2.96],[85.97,3.0],[86.01,3.0],[86.08,3.0],[86.15,2.98],[86.15,2.93],[86.12,2.91],[86.01,2.91],[85.97,2.91],[85.97,2.93],[85.94,2.95]]]}},{"type":"Feature","properties":{"precip":70},"geometry":{"type":"Polygon","coordinates":[[[8.76,2.7],[8.76,2.76],[8.87,2.8],[8.98,2.8],[9.02,2.78],[9.02,2.76],[9.05,2.75],[9.02,2.71],[9.02,2.7],[8.98,2.68],[8.98,2.63],[9.02,2.58],[9.02,2.51],[8.98,2.51],[8.98,2.5],[8.98,2.41],[9.02,2.4],[9.09,2.38],[9.23,2.28],[9.23,2.21],[9.16,2.21],[9.16,2.2],[9.02,2.2],[9.02,2.18],[8.98,2.18],[8.98,2.13],[8.94,2.13],[8.94,2.11],[8.91,2.1],[8.84,2.1],[8.8,2.08],[8.76,2.08],[8.76,2.05],[8.69,2.01],[8.62,2.0],[8.48,2.0],[8.4,2.01],[8.33,2.05],[8.33,2.08],[8.3,2.08],[8.22,2.1],[8.15,2.1],[8.08,2.08],[8.04,2.06],[8.04,1.96],[8.01,1.93],[8.01,1.91],[7.97,1.9],[7.9,1.91],[7.86,1.93],[7.86,1.96],[7.76,2.0],[7.65,2.0],[7.36,2.0],[7.18,1.98],[7.14,1.96],[7.14,1.93],[7.07,1.9],[7.0,1.9],[6.96,1.88],[6.96,1.83],[6.89,1.8],[6.82,1.8],[6.78,1.81],[6.78,1.85],[6.75,1.88],[6.75,2.03],[6.78,2.05],[6.78,2.1],[6.86,2.13],[6.86,2.26],[6.89,2.28],[6.89,2.3],[6.96,2.26],[6.96,2.25],[7.0,2.21],[7.04,2.21],[7.04,2.23],[7.07,2.25],[7.07,2.26],[7.11,2.3],[7.11,2.26],[7.18,2.21],[7.29,2.2],[7.4,2.21],[7.43,2.23],[7.43,2.26],[7.47,2.28],[7.54,2.3],[7.61,2.3],[7.61,2.33],[7.65,2.35],[7.65,2.46],[7.68,2.46],[7.68,2.5],[7.72,2.5],[7.72,2.48],[7.76,2.46],[7.76,2.33],[7.79,2.3],[7.83,2.3],[7.86,2.33],[7.86,2.36],[7.94,2.38],[7.94,2.4],[8.04,2.4],[8.12,2.41],[8.22,2.43],[8.26,2.46],[8.22,2.48],[8.22,2.5],[8.15,2.51],[8.15,2.6],[8.22,2.58],[8.22,2.56],[8.26,2.55],[8.26,2.51],[8.33,2.5],[8.4,2.51],[8.44,2.53],[8.44,2.56],[8.58,2.6],[8.69,2.6],[8.76,2.66],[8.76,2.7]],[[8.98,2.55],[8.94,2.58],[8.87,2.6],[8.8,2.58],[8.76,2.58],[8.76,2.51],[8.84,2.5],[8.91,2.5],[8.98,2.55]]]}},{"type":"Feature","properties":{"precip":70},"geometry":{"type":"Polygon","coordinates":[[[9.66,2.45],[9.66,2.48],[9.74,2.5],[9.81,2.5],[9.84,2.5],[9.84,2.46],[9.88,2.46],[9.88,2.43],[9.84,2.41],[9.77,2.4],[9.7,2.38],[9.66,2.35],[9.63,2.35],[9.63,2.33],[9.59,2.3],[9.59,2.26],[9.56,2.23],[9.48,2.2],[9.48,2.21],[9.45,2.23],[9.45,2.36],[9.48,2.38],[9.63,2.41],[9.63,2.43],[9.66,2.43],[9.66,2.45]]]}},{"type":"Feature","properties":{"precip":70},"geometry":{"type":"Polygon","coordinates":[[[86.73,2.35],[86.76,2.36],[86.76,2.4],[86.8,2.4],[86.8,2.31],[86.76,2.3],[86.76,2.33],[86.73,2.35]]]}},{"type":"Feature","properties":{"precip":70},"geometry":{"type":"Polygon","coordinates":[[[13.84,0.75],[13.84,0.78],[13.91,0.8],[13.91,0.78],[13.95,0.78],[13.95,0.71],[13.91,0.7],[13.84,0.71],[13.84,0.75]]]}},{"type":"Feature","properties":{"precip":70},"geometry":{"type":"Polygon","coordinates":[[[15.46,-0.45],[15.46,-0.42],[15.5,-0.4],[15.57,-0.42],[15.57,-0.48],[15.5,-0.5],[15.46,-0.47],[15.46,-0.45]]]}},{"type":"Feature","properties":{"precip":70},"geometry":{"type":"Polygon","coordinates":[[[29.03,-0.6],[29.03,-0.58],[29.06,-0.55],[29.06,-0.52],[29.14,-0.5],[29.24,-0.52],[29.24,-0.57],[29.14,-0.67],[29.06,-0.7],[29.06,-0.67],[29.03,-0.63],[29.03,-0.6]]]}},{"type":"Feature","properties":{"precip":70},"geometry":{"type":"Polygon","coordinates":[[[84.86,-1.05],[84.86,-1.0],[84.93,-1.02],[84.93,-1.08],[84.93,-1.12],[84.93,-1.18],[84.93,-1.2],[84.93,-1.28],[84.89,-1.3],[84.89,-1.32],[84.86,-1.33],[84.86,-1.62],[84.78,-1.65],[84.78,-1.67],[84.75,-1.7],[84.64,-1.7],[84.57,-1.72],[84.53,-1.73],[84.53,-1.75],[84.53,-1.77],[84.53,-1.8],[84.5,-1.8],[84.5,-1.77],[84.46,-1.75],[84.46,-1.72],[84.39,-1.7],[84.28,-1.7],[84.28,-1.68],[84.28,-1.63],[84.24,-1.62],[84.24,-1.58],[84.28,-1.55],[84.28,-1.52],[84.28,-1.5],[84.42,-1.5],[84.42,-1.47],[84.46,-1.45],[84.46,-1.32],[84.5,-1.25],[84.5,-1.22],[84.53,-1.13],[84.64,-1.12],[84.78,-1.08],[84.78,-1.07],[84.86,-1.05]]]}},{"type":"Feature","properties":{"precip":70},"geometry":{"type":"Polygon","coordinates":[[[26.65,-1.75],[26.65,-1.72],[26.69,-1.7],[26.76,-1.72],[26.76,-1.78],[26.69,-1.8],[26.65,-1.78],[26.65,-1.75]]]}},{"type":"Feature","properties":{"precip":70},"geometry":{"type":"Polygon","coordinates":[[[25.03,-2.05],[25.03,-2.02],[25.11,-2.0],[25.14,-2.02],[25.14,-2.08],[25.07,-2.1],[25.03,-2.08],[25.03,-2.05]]]}},{"type":"Feature","properties":{"precip":70},"geometry":{"type":"Polygon","coordinates":[[[84.35,-2.5],[84.35,-2.45],[84.39,-2.42],[84.46,-2.4],[84.53,-2.4],[84.64,-2.43],[84.64,-2.48],[84.71,-2.5],[84.78,-2.5],[84.86,-2.52],[84.78,-2.55],[84.78,-2.57],[84.78,-2.6],[84.78,-2.63],[84.71,-2.68],[84.57,-2.7],[84.53,-2.67],[84.53,-2.62],[84.5,-2.6],[84.42,-2.6],[84.39,-2.58],[84.39,-2.57],[84.35,-2.55],[84.35,-2.5]]]}},{"type":"Feature","properties":{"precip":70},"geometry":{"type":"Polygon","coordinates":[[[15.35,-2.65],[15.35,-2.62],[15.39,-2.62],[15.39,-2.6],[15.42,-2.6],[15.46,-2.62],[15.46,-2.68],[15.39,-2.7],[15.39,-2.68],[15.35,-2.68],[15.35,-2.65]]]}},{"type":"Feature","properties":{"precip":70},"geometry":{"type":"Polygon","coordinates":[[[14.63,-3.18],[14.67,-3.13],[14.74,-3.1],[14.81,-3.1],[14.85,-3.13],[14.85,-3.18],[14.92,-3.2],[14.99,-3.2],[15.03,-3.22],[15.03,-3.23],[15.06,-3.25],[15.06,-3.28],[15.1,-3.3],[15.17,-3.3],[15.24,-3.35],[15.35,-3.43],[15.35,-3.57],[15.32,-3.58],[15.24,-3.6],[15.17,-3.6],[14.99,-3.58],[14.96,-3.55],[14.88,-3.5],[14.88,-3.48],[14.85,-3.47],[14.85,-3.43],[14.78,-3.4],[14.7,-3.4],[14.7,-3.38],[14.63,-3.33],[14.63,-3.3],[14.6,-3.28],[14.6,-3.2],[14.63,-3.18]]]}},{"type":"Feature","properties":{"precip":70},"geometry":{"type":"Polygon","coordinates":[[[79.71,-3.27],[79.78,-3.22],[79.85,-3.22],[79.85,-3.25],[79.89,-3.32],[79.96,-3.35],[79.96,-3.38],[80.0,-3.38],[80.03,-3.38],[80.03,-3.35],[80.1,-3.32],[80.18,-3.3],[80.28,-3.3],[80.36,-3.3],[80.46,-3.27],[80.46,-3.23],[80.54,-3.2],[80.68,-3.2],[80.75,-3.23],[80.75,-3.28],[80.79,-3.32],[80.79,-3.35],[80.79,-3.38],[80.79,-3.42],[80.86,-3.48],[81.04,-3.53],[81.11,-3.63],[81.18,-3.68],[81.26,-3.78],[81.26,-3.88],[81.33,-3.91],[81.33,-3.96],[81.33,-4.0],[81.33,-4.1],[81.33,-4.13],[81.33,-4.2],[81.29,-4.2],[81.26,-4.21],[81.26,-4.33],[81.18,-4.38],[81.11,-4.4],[81.08,-4.38],[81.0,-4.33],[81.0,-4.3],[80.93,-4.3],[80.93,-4.33],[80.93,-4.36],[80.82,-4.4],[80.68,-4.4],[80.57,-4.38],[80.57,-4.35],[80.54,-4.33],[80.54,-4.31],[80.46,-4.3],[80.39,-4.28],[80.39,-4.26],[80.32,-4.25],[80.32,-4.21],[80.28,-4.2],[80.28,-4.18],[80.18,-4.11],[80.1,-4.1],[79.92,-4.1],[79.85,-4.13],[79.85,-4.15],[79.85,-4.18],[79.82,-4.2],[79.74,-4.2],[79.67,-4.16],[79.56,-4.06],[79.56,-3.96],[79.53,-3.95],[79.53,-3.93],[79.49,-3.91],[79.49,-3.88],[79.46,-3.86],[79.46,-3.85],[79.38,-3.8],[79.38,-3.72],[79.46,-3.67],[79.49,-3.6],[79.6,-3.52],[79.6,-3.48],[79.64,-3.47],[79.64,-3.43],[79.67,-3.42],[79.67,-3.33],[79.71,-3.3],[79.71,-3.27]]]}},{"type":"Feature","properties":{"precip":70},"geometry":{"type":"Polygon","coordinates":[[[15.46,-3.6],[15.46,-3.55],[15.5,-3.52],[15.53,-3.5],[15.57,-3.52],[15.64,-3.55],[15.64,-3.57],[15.71,-3.62],[15.71,-3.63],[15.78,-3.67],[15.82,-3.7],[15.89,-3.7],[15.93,-3.72],[15.93,-3.75],[15.96,-3.75],[15.96,-3.78],[16.0,-3.78],[16.07,-3.8],[16.18,-3.8],[16.25,-3.83],[16.25,-3.86],[16.14,-3.9],[16.07,-3.9],[16.0,-3.91],[15.85,-3.95],[15.75,-4.05],[15.75,-4.06],[15.82,-4.1],[15.82,-4.15],[15.85,-4.2],[15.85,-4.26],[15.82,-4.31],[15.82,-4.35],[15.78,-4.38],[15.71,-4.4],[15.64,-4.35],[15.57,-4.28],[15.57,-4.23],[15.57,-4.18],[15.57,-4.05],[15.53,-4.01],[15.53,-4.0],[15.5,-4.0],[15.5,-3.96],[15.46,-3.96],[15.46,-3.83],[15.39,-3.8],[15.28,-3.8],[15.21,-3.78],[15.17,-3.78],[15.17,-3.77],[15.14,-3.75],[15.17,-3.75],[15.17,-3.72],[15.24,-3.7],[15.39,-3.7],[15.46,-3.67],[15.46,-3.6]],[[15.57,-3.75],[15.57,-3.72],[15.53,-3.7],[15.5,-3.7],[15.5,-3.72],[15.46,-3.72],[15.46,-3.78],[15.5,-3.78],[15.5,-3.8],[15.57,-3.78],[15.57,-3.75]]]}},{"type":"Feature","properties":{"precip":70},"geometry":{"type":"Polygon","coordinates":[[[64.77,-4.1],[64.84,-4.05],[64.88,-4.01],[64.95,-4.0],[65.13,-4.0],[65.2,-4.01],[65.24,-4.03],[65.24,-4.06],[65.28,-4.08],[65.28,-4.1],[65.38,-4.1],[65.42,-4.11],[65.53,-4.21],[65.53,-4.25],[65.56,-4.28],[65.56,-4.35],[65.53,-4.38],[65.46,-4.4],[65.31,-4.4],[65.17,-4.41],[65.17,-4.43],[65.13,-4.45],[65.13,-4.48],[65.06,-4.5],[64.92,-4.5],[64.84,-4.53],[64.84,-4.58],[64.81,-4.6],[64.66,-4.6],[64.63,-4.58],[64.56,-4.55],[64.52,-4.53],[64.52,-4.5],[64.48,-4.43],[64.48,-4.35],[64.45,-4.28],[64.45,-4.21],[64.48,-4.16],[64.48,-4.11],[64.56,-4.1],[64.56,-4.18],[64.59,-4.2],[64.66,-4.2],[64.7,-4.16],[64.77,-4.1]]]}},{"type":"Feature","properties":{"precip":70},"geometry":{"type":"Polygon","coordinates":[[[66.57,-4.15],[66.57,-4.13],[66.61,-4.1],[66.68,-4.1],[66.75,-4.13],[66.75,-4.16],[66.71,-4.16],[66.71,-4.18],[66.68,-4.2],[66.61,-4.2],[66.57,-4.18],[66.57,-4.15]]]}},{"type":"Feature","properties":{"precip":70},"geometry":{"type":"Polygon","coordinates":[[[76.97,-4.25],[76.97,-4.23],[77.01,-4.21],[77.05,-4.2],[77.12,-4.2],[77.23,-4.21],[77.23,-4.33],[77.26,-4.33],[77.26,-4.4],[77.3,-4.4],[77.33,-4.41],[77.33,-4.53],[77.37,-4.55],[77.37,-4.58],[77.44,-4.6],[77.51,-4.6],[77.62,-4.6],[77.8,-4.6],[77.87,-4.63],[77.87,-4.66],[77.8,-4.73],[77.73,-4.75],[77.69,-4.76],[77.62,-4.8],[77.51,-4.8],[77.26,-4.8],[77.19,-4.78],[77.15,-4.76],[77.15,-4.61],[77.12,-4.58],[77.12,-4.51],[77.05,-4.5],[77.01,-4.5],[76.97,-4.46],[76.97,-4.41],[77.01,-4.38],[77.05,-4.35],[77.01,-4.31],[77.01,-4.3],[76.97,-4.28],[76.97,-4.25]]]}},{"type":"Feature","properties":{"precip":70},"geometry":{"type":"Polygon","coordinates":[[[93.75,-4.25],[93.75,-4.23],[93.78,-4.21],[93.78,-4.2],[93.85,-4.21],[93.85,-4.3],[93.78,-4.3],[93.78,-4.28],[93.75,-4.26],[93.75,-4.25]]]}},{"type":"Feature","properties":{"precip":70},"geometry":{"type":"Polygon","coordinates":[[[93.96,-4.35],[93.96,-4.33],[94.0,-4.3],[94.03,-4.31],[94.03,-4.38],[94.0,-4.38],[93.96,-4.38],[93.96,-4.35]]]}},{"type":"Feature","properties":{"precip":70},"geometry":{"type":"Polygon","coordinates":[[[65.74,-4.55],[65.74,-4.43],[65.82,-4.41],[65.92,-4.4],[66.1,-4.4],[66.14,-4.41],[66.21,-4.41],[66.28,-4.43],[66.35,-4.43],[66.35,-4.46],[66.39,-4.46],[66.43,-4.5],[66.43,-4.53],[66.46,-4.55],[66.46,-4.58],[66.35,-4.6],[66.28,-4.6],[66.28,-4.63],[66.25,-4.63],[66.25,-4.66],[66.18,-4.68],[66.1,-4.7],[65.85,-4.7],[65.74,-4.66],[65.74,-4.55]]]}},{"type":"Feature","properties":{"precip":70},"geometry":{"type":"Polygon","coordinates":[[[74.63,-4.55],[74.67,-4.5],[74.67,-4.41],[74.71,-4.41],[74.78,-4.48],[74.81,-4.5],[74.81,-4.51],[74.85,-4.53],[74.85,-4.56],[74.81,-4.58],[74.81,-4.6],[74.78,-4.63],[74.71,-4.68],[74.67,-4.68],[74.67,-4.6],[74.63,-4.55]]]}},{"type":"Feature","properties":{"precip":70},"geometry":{"type":"Polygon","coordinates":[[[64.95,-4.65],[64.95,-4.63],[65.02,-4.6],[65.17,-4.6],[65.24,-4.63],[65.24,-4.68],[65.17,-4.68],[65.17,-4.7],[65.02,-4.7],[65.02,-4.68],[64.95,-4.68],[64.95,-4.65]]]}},{"type":"Feature","properties":{"precip":70},"geometry":{"type":"Polygon","coordinates":[[[78.56,-4.65],[78.63,-4.6],[78.88,-4.6],[78.95,-4.63],[79.02,-4.65],[79.06,-4.66],[79.13,-4.75],[79.13,-4.83],[79.06,-4.91],[79.02,-4.98],[78.92,-5.05],[78.88,-5.13],[78.81,-5.21],[78.81,-5.23],[78.77,-5.26],[78.77,-5.35],[78.74,-5.38],[78.67,-5.45],[78.59,-5.46],[78.56,-5.48],[78.49,-5.5],[78.31,-5.5],[78.16,-5.46],[78.09,-5.36],[78.05,-5.3],[78.05,-4.91],[78.09,-4.85],[78.09,-4.78],[78.16,-4.75],[78.2,-4.71],[78.38,-4.7],[78.45,-4.7],[78.56,-4.66],[78.56,-4.65]]]}},{"type":"Feature","properties":{"precip":70},"geometry":{"type":"Polygon","coordinates":[[[15.24,-4.75],[15.24,-4.73],[15.28,-4.71],[15.35,-4.71],[15.35,-4.8],[15.32,-4.8],[15.24,-4.76],[15.24,-4.75]]]}},{"type":"Feature","properties":{"precip":70},"geometry":{"type":"Polygon","coordinates":[[[84.46,-5.15],[84.5,-5.11],[84.53,-5.1],[84.57,-5.1],[84.64,-5.13],[84.64,-5.16],[84.57,-5.2],[84.53,-5.2],[84.46,-5.16],[84.46,-5.15]]]}},{"type":"Feature","properties":{"precip":70},"geometry":{"type":"Polygon","coordinates":[[[15.85,-5.25],[15.85,-5.21],[15.93,-5.21],[15.93,-5.23],[15.96,-5.23],[15.96,-5.26],[15.93,-5.26],[15.93,-5.3],[15.85,-5.3],[15.85,-5.25]]]}},{"type":"Feature","properties":{"precip":70},"geometry":{"type":"Polygon","coordinates":[[[83.96,-5.4],[83.96,-5.33],[84.06,-5.3],[84.21,-5.3],[84.28,-5.31],[84.35,-5.35],[84.35,-5.4],[84.24,-5.45],[84.28,-5.5],[84.35,-5.55],[84.35,-5.76],[84.28,-5.8],[84.28,-5.76],[84.24,-5.73],[84.24,-5.63],[84.14,-5.6],[83.99,-5.6],[83.92,-5.58],[83.85,-5.56],[83.85,-5.51],[83.92,-5.5],[83.92,-5.46],[83.96,-5.43],[83.96,-5.4]]]}},{"type":"Feature","properties":{"precip":70},"geometry":{"type":"Polygon","coordinates":[[[16.83,-6.15],[16.86,-6.15],[16.86,-6.1],[16.93,-6.11],[16.93,-6.2],[16.86,-6.2],[16.86,-6.16],[16.83,-6.15]]]}},{"type":"Feature","properties":{"precip":70},"geometry":{"type":"Polygon","coordinates":[[[74.13,-6.71],[74.13,-6.68],[74.17,-6.66],[74.17,-6.63],[74.2,-6.6],[74.2,-6.63],[74.24,-6.63],[74.24,-6.76],[74.31,-6.81],[74.38,-6.81],[74.42,-6.83],[74.42,-6.88],[74.45,-6.93],[74.45,-7.26],[74.49,-7.3],[74.49,-7.31],[74.53,-7.31],[74.49,-7.35],[74.49,-7.38],[74.42,-7.46],[74.35,-7.56],[74.27,-7.63],[74.2,-7.69],[74.17,-7.76],[74.09,-7.81],[73.95,-7.89],[73.88,-7.89],[73.81,-7.89],[73.73,-7.89],[73.63,-7.84],[73.63,-7.81],[73.59,-7.79],[73.59,-7.78],[73.52,-7.73],[73.41,-7.71],[73.3,-7.71],[73.23,-7.68],[73.16,-7.66],[73.16,-7.63],[73.09,-7.59],[72.94,-7.59],[72.87,-7.63],[72.87,-7.64],[72.83,-7.66],[72.83,-7.68],[72.8,-7.68],[72.73,-7.71],[72.65,-7.71],[72.58,-7.68],[72.55,-7.66],[72.55,-7.55],[72.58,-7.51],[72.65,-7.51],[72.69,-7.5],[72.8,-7.5],[72.83,-7.46],[72.87,-7.46],[72.87,-7.43],[72.94,-7.41],[73.05,-7.4],[73.3,-7.4],[73.41,-7.38],[73.45,-7.35],[73.45,-7.25],[73.41,-7.23],[73.41,-7.21],[73.34,-7.18],[73.34,-7.13],[73.41,-7.1],[73.48,-7.1],[73.55,-7.06],[73.55,-7.05],[73.59,-7.03],[73.59,-7.01],[73.66,-6.95],[73.7,-6.93],[73.77,-6.91],[73.84,-6.9],[73.84,-6.85],[73.91,-6.81],[73.99,-6.81],[74.02,-6.76],[74.09,-6.73],[74.09,-6.71],[74.13,-6.71]]]}},{"type":"Feature","properties":{"precip":70},"geometry":{"type":"Polygon","coordinates":[[[81.54,-11.86],[81.58,-11.84],[81.58,-11.81],[81.62,-11.81],[81.69,-11.81],[81.72,-11.82],[81.72,-11.99],[81.72,-12.06],[81.83,-12.14],[81.87,-12.16],[81.94,-12.19],[81.98,-12.19],[82.12,-12.19],[82.23,-12.21],[82.26,-12.22],[82.37,-12.26],[82.41,-12.31],[82.41,-12.32],[82.41,-12.34],[82.41,-12.39],[82.41,-12.41],[82.26,-12.51],[82.19,-12.57],[82.08,-12.61],[81.98,-12.61],[81.83,-12.56],[81.83,-12.52],[81.72,-12.49],[81.69,-12.49],[81.69,-12.47],[81.62,-12.46],[81.62,-12.41],[81.47,-12.41],[81.47,-12.42],[81.47,-12.52],[81.44,-12.54],[81.44,-12.61],[81.33,-12.64],[81.33,-12.79],[81.33,-12.84],[81.33,-12.89],[81.26,-12.96],[81.18,-12.99],[81.11,-12.99],[81.08,-12.99],[81.08,-12.97],[81.04,-12.94],[81.04,-12.77],[80.93,-12.66],[80.86,-12.61],[80.79,-12.61],[80.79,-12.57],[80.75,-12.56],[80.75,-12.52],[80.68,-12.51],[80.61,-12.49],[80.46,-12.49],[80.43,-12.47],[80.36,-12.47],[80.36,-12.44],[80.32,-12.44],[80.32,-12.41],[80.28,-12.41],[80.25,-12.44],[80.25,-12.47],[80.21,-12.47],[80.21,-12.49],[80.18,-12.49],[80.18,-12.47],[80.14,-12.44],[80.07,-12.41],[80.0,-12.41],[79.92,-12.41],[79.89,-12.39],[79.82,-12.39],[79.78,-12.36],[79.78,-12.22],[79.85,-12.21],[79.89,-12.21],[79.96,-12.19],[80.21,-12.19],[80.36,-12.16],[80.36,-12.12],[80.43,-12.11],[80.46,-12.11],[80.54,-12.07],[80.57,-12.06],[80.57,-12.02],[80.64,-12.02],[80.72,-11.99],[80.9,-11.99],[81.0,-11.97],[81.04,-11.96],[81.04,-11.94],[81.15,-11.91],[81.26,-11.91],[81.29,-11.89],[81.44,-11.89],[81.47,-11.87],[81.54,-11.87],[81.54,-11.86]]]}},{"type":"Feature","properties":{"precip":70},"geometry":{"type":"Polygon","coordinates":[[[51.35,-32.94],[51.38,-32.89],[51.38,-32.82],[51.45,-32.81],[51.49,-32.81],[51.85,-32.81],[51.89,-32.81],[51.96,-32.81],[52.03,-32.82],[52.07,-32.86],[52.07,-32.89],[52.1,-32.89],[52.14,-32.91],[52.21,-32.91],[52.25,-32.92],[52.25,-33.16],[52.21,-33.21],[52.17,-33.24],[52.1,-33.27],[52.03,-33.29],[51.92,-33.31],[51.78,-33.31],[51.6,-33.32],[51.53,-33.34],[51.53,-33.36],[51.6,-33.39],[51.71,-33.41],[51.81,-33.41],[51.89,-33.41],[51.96,-33.44],[51.96,-33.47],[52.03,-33.49],[52.14,-33.49],[52.25,-33.52],[52.25,-33.56],[52.28,-33.56],[52.28,-33.59],[52.32,-33.61],[52.39,-33.61],[52.43,-33.61],[52.43,-33.64],[52.43,-33.74],[52.46,-33.77],[52.46,-33.79],[52.5,-33.81],[52.57,-33.81],[52.64,-33.82],[52.64,-33.87],[52.71,-33.89],[52.71,-33.87],[52.79,-33.82],[52.82,-33.86],[52.89,-33.91],[52.97,-33.96],[53.0,-33.99],[53.07,-34.06],[53.15,-34.07],[53.15,-34.06],[53.18,-34.04],[53.18,-34.02],[53.22,-34.02],[53.25,-34.02],[53.25,-34.06],[53.22,-34.07],[53.22,-34.12],[53.15,-34.16],[53.15,-34.19],[53.07,-34.24],[53.07,-34.29],[53.11,-34.3],[53.11,-34.32],[53.15,-34.35],[53.22,-34.39],[53.33,-34.42],[53.36,-34.44],[53.36,-34.57],[53.29,-34.6],[53.29,-34.57],[53.25,-34.57],[53.25,-34.52],[53.22,-34.52],[53.15,-34.52],[53.15,-34.5],[53.07,-34.49],[53.07,-34.47],[53.04,-34.45],[53.04,-34.44],[52.97,-34.4],[52.86,-34.4],[52.75,-34.39],[52.75,-34.35],[52.71,-34.35],[52.71,-34.3],[52.68,-34.3],[52.68,-34.35],[52.61,-34.4],[52.53,-34.39],[52.53,-34.27],[52.61,-34.22],[52.75,-34.22],[52.82,-34.24],[52.86,-34.25],[52.86,-34.3],[52.93,-34.3],[52.93,-34.27],[52.97,-34.24],[52.97,-34.19],[52.93,-34.14],[52.86,-34.12],[52.79,-34.11],[52.46,-34.11],[52.43,-34.11],[52.35,-34.11],[52.28,-34.07],[52.25,-34.06],[52.25,-34.04],[52.21,-34.04],[52.14,-34.02],[52.07,-34.02],[51.99,-33.99],[51.85,-33.99],[51.74,-33.97],[51.74,-33.96],[51.67,-33.91],[51.6,-33.91],[51.45,-33.91],[51.42,-33.89],[51.35,-33.89],[51.24,-33.86],[51.24,-33.82],[51.2,-33.81],[51.2,-33.79],[51.13,-33.74],[51.13,-33.72],[51.06,-33.71],[50.99,-33.71],[50.88,-33.69],[50.81,-33.62],[50.81,-33.61],[50.77,-33.57],[50.77,-33.56],[50.7,-33.52],[50.59,-33.49],[50.55,-33.49],[50.55,-33.47],[50.55,-33.44],[50.52,-33.41],[50.45,-33.41],[50.27,-33.41],[50.16,-33.39],[50.16,-33.34],[50.23,-33.29],[50.27,-33.22],[50.41,-33.11],[50.52,-33.04],[50.55,-33.04],[50.55,-33.07],[50.63,-33.09],[50.7,-33.11],[50.81,-33.11],[50.88,-33.11],[50.95,-33.14],[50.95,-33.17],[51.02,-33.19],[51.09,-33.21],[51.17,-33.24],[51.17,-33.27],[51.27,-33.31],[51.45,-33.31],[51.53,-33.27],[51.53,-33.22],[51.49,-33.19],[51.45,-33.16],[51.45,-33.14],[51.42,-33.11],[51.42,-33.09],[51.38,-33.06],[51.38,-32.97],[51.35,-32.94]]]}},{"type":"Feature","properties":{"precip":70},"geometry":{"type":"Polygon","coordinates":[[[40.66,-33.16],[40.66,-33.11],[40.73,-33.11],[40.76,-33.12],[40.76,-33.17],[40.69,-33.21],[40.66,-33.19],[40.66,-33.16]]]}},{"type":"Feature","properties":{"precip":70},"geometry":{"type":"Polygon","coordinates":[[[41.05,-33.24],[41.09,-33.22],[41.09,-33.21],[41.12,-33.21],[41.12,-33.29],[41.09,-33.31],[41.09,-33.27],[41.05,-33.24]]]}},{"type":"Feature","properties":{"precip":70},"geometry":{"type":"Polygon","coordinates":[[[35.54,-33.79],[35.54,-33.64],[35.58,-33.61],[35.62,-33.61],[35.65,-33.62],[35.65,-33.66],[35.72,-33.71],[35.72,-33.66],[35.76,-33.64],[35.76,-33.62],[35.8,-33.61],[35.9,-33.61],[35.94,-33.64],[35.94,-33.66],[36.01,-33.69],[36.01,-33.71],[36.08,-33.71],[36.12,-33.71],[36.19,-33.71],[36.26,-33.74],[36.26,-33.79],[36.3,-33.81],[36.37,-33.81],[36.41,-33.82],[36.44,-33.86],[36.44,-33.87],[36.48,-33.89],[36.48,-33.91],[36.52,-33.96],[36.59,-33.99],[36.62,-33.99],[36.62,-33.97],[36.66,-33.96],[36.66,-33.91],[36.73,-33.94],[36.73,-33.96],[36.77,-33.97],[36.84,-33.99],[36.95,-34.02],[37.06,-34.06],[37.06,-34.07],[37.13,-34.12],[37.16,-34.16],[37.16,-34.17],[37.2,-34.2],[37.27,-34.19],[37.27,-34.14],[37.31,-34.11],[37.31,-34.14],[37.34,-34.16],[37.34,-34.19],[37.38,-34.2],[37.42,-34.2],[37.42,-34.19],[37.45,-34.16],[37.45,-34.12],[37.49,-34.11],[37.52,-34.12],[37.52,-34.14],[37.56,-34.16],[37.56,-34.19],[37.6,-34.2],[37.63,-34.19],[37.63,-34.16],[37.67,-34.14],[37.67,-34.12],[37.74,-34.11],[37.81,-34.07],[37.88,-34.04],[37.88,-34.02],[37.96,-33.97],[37.96,-33.96],[38.03,-33.91],[38.06,-33.94],[38.06,-33.97],[38.14,-33.99],[38.17,-33.99],[38.24,-34.02],[38.24,-34.04],[38.24,-34.07],[38.28,-34.11],[38.35,-34.11],[38.42,-34.14],[38.42,-34.3],[38.35,-34.34],[38.35,-34.39],[38.42,-34.42],[38.42,-34.49],[38.35,-34.52],[38.35,-34.57],[38.39,-34.57],[38.42,-34.6],[38.42,-34.64],[38.46,-34.64],[38.39,-34.69],[38.35,-34.69],[38.28,-34.69],[38.24,-34.7],[38.1,-34.7],[37.99,-34.74],[37.92,-34.77],[37.92,-34.8],[37.88,-34.82],[37.88,-34.84],[37.81,-34.87],[37.81,-34.89],[37.7,-34.9],[37.63,-34.97],[37.67,-35.0],[37.74,-35.12],[37.81,-35.2],[37.92,-35.29],[37.99,-35.4],[38.06,-35.45],[38.14,-35.54],[38.14,-35.59],[38.17,-35.6],[38.17,-35.69],[38.24,-35.7],[38.24,-35.74],[38.24,-35.77],[38.21,-35.79],[38.1,-35.79],[37.99,-35.82],[37.96,-35.84],[37.92,-35.87],[37.92,-35.9],[37.85,-35.85],[37.85,-35.84],[37.81,-35.82],[37.81,-35.79],[37.78,-35.82],[37.74,-35.85],[37.74,-35.87],[37.67,-35.9],[37.67,-35.85],[37.56,-35.82],[37.49,-35.82],[37.38,-35.82],[37.31,-35.79],[37.13,-35.79],[36.95,-35.77],[36.95,-35.74],[36.88,-35.7],[36.8,-35.7],[36.77,-35.7],[36.77,-35.74],[36.73,-35.75],[36.73,-35.77],[36.7,-35.79],[36.52,-35.79],[36.48,-35.77],[36.44,-35.77],[36.44,-35.75],[36.37,-35.7],[36.34,-35.7],[36.23,-35.7],[36.16,-35.69],[36.05,-35.67],[36.05,-35.65],[36.01,-35.62],[36.01,-35.6],[35.98,-35.6],[35.98,-35.65],[35.94,-35.67],[35.8,-35.7],[35.69,-35.7],[35.58,-35.69],[35.54,-35.65],[35.51,-35.65],[35.51,-35.6],[35.47,-35.6],[35.44,-35.62],[35.44,-35.65],[35.44,-35.67],[35.44,-35.69],[35.4,-35.69],[35.4,-35.67],[35.36,-35.65],[35.36,-35.62],[35.29,-35.6],[35.22,-35.6],[35.15,-35.57],[35.15,-35.52],[35.08,-35.52],[35.08,-35.54],[35.04,-35.54],[35.04,-35.59],[35.0,-35.6],[34.97,-35.59],[34.97,-35.54],[34.93,-35.52],[34.86,-35.5],[34.75,-35.5],[34.64,-35.47],[34.64,-35.44],[34.61,-35.4],[34.54,-35.4],[34.46,-35.4],[34.39,-35.39],[34.39,-35.37],[34.36,-35.35],[34.36,-35.32],[34.32,-35.3],[34.25,-35.3],[34.25,-35.29],[34.14,-35.27],[34.03,-35.22],[33.92,-35.12],[33.82,-35.02],[33.71,-34.9],[33.6,-34.8],[33.56,-34.7],[33.53,-34.64],[33.53,-34.54],[33.53,-34.52],[33.49,-34.52],[33.46,-34.49],[33.38,-34.47],[33.35,-34.44],[33.28,-34.39],[33.24,-34.32],[33.17,-34.24],[33.17,-34.22],[33.24,-34.22],[33.24,-34.24],[33.28,-34.27],[33.28,-34.3],[33.35,-34.29],[33.38,-34.24],[33.46,-34.22],[33.53,-34.22],[33.64,-34.24],[33.64,-34.27],[33.67,-34.27],[33.82,-34.3],[34.21,-34.3],[34.32,-34.32],[34.39,-34.32],[34.46,-34.32],[34.54,-34.35],[34.54,-34.37],[34.61,-34.4],[34.61,-34.39],[34.64,-34.35],[34.64,-34.34],[34.68,-34.32],[34.72,-34.32],[34.72,-34.35],[34.75,-34.37],[34.82,-34.4],[34.9,-34.4],[34.93,-34.44],[34.93,-34.49],[34.97,-34.52],[34.97,-34.57],[35.0,-34.6],[35.11,-34.6],[35.11,-34.62],[35.15,-34.62],[35.15,-34.65],[35.18,-34.69],[35.26,-34.7],[35.29,-34.7],[35.36,-34.72],[35.36,-34.75],[35.4,-34.77],[35.47,-34.8],[35.65,-34.8],[35.72,-34.77],[35.72,-34.72],[35.76,-34.67],[35.76,-34.57],[35.72,-34.52],[35.72,-34.44],[35.69,-34.4],[35.69,-34.39],[35.65,-34.39],[35.65,-34.34],[35.72,-34.3],[35.72,-34.14],[35.65,-34.06],[35.58,-34.02],[35.58,-33.96],[35.54,-33.91],[35.54,-33.79]],[[37.34,-34.85],[37.34,-34.82],[37.31,-34.82],[37.31,-34.8],[37.27,-34.8],[37.27,-34.89],[37.31,-34.9],[37.31,-34.89],[37.34,-34.87],[37.34,-34.85]]]}},{"type":"Feature","properties":{"precip":70},"geometry":{"type":"Polygon","coordinates":[[[38.64,-33.96],[38.64,-33.94],[38.68,-33.91],[38.75,-33.91],[38.75,-33.99],[38.68,-33.99],[38.64,-33.97],[38.64,-33.96]]]}},{"type":"Feature","properties":{"precip":70},"geometry":{"type":"Polygon","coordinates":[[[32.95,-34.16],[32.95,-34.12],[33.02,-34.11],[33.02,-34.14],[33.06,-34.14],[33.06,-34.19],[33.02,-34.19],[33.02,-34.22],[32.95,-34.2],[32.95,-34.16]]]}},{"type":"Feature","properties":{"precip":70},"geometry":{"type":"Polygon","coordinates":[[[53.51,-34.49],[53.54,-34.45],[53.54,-34.44],[53.61,-34.4],[53.65,-34.42],[53.65,-34.49],[53.68,-34.49],[53.72,-34.5],[53.79,-34.5],[53.86,-34.52],[54.01,-34.52],[54.04,-34.52],[54.04,-34.77],[54.01,-34.8],[53.9,-34.8],[53.86,-34.79],[53.86,-34.75],[53.83,-34.74],[53.83,-34.72],[53.72,-34.7],[53.65,-34.7],[53.51,-34.69],[53.43,-34.64],[53.43,-34.57],[53.51,-34.49]]]}},{"type":"Feature","properties":{"precip":70},"geometry":{"type":"Polygon","coordinates":[[[54.15,-34.8],[54.15,-34.77],[54.19,-34.74],[54.19,-34.7],[54.22,-34.7],[54.26,-34.74],[54.26,-34.87],[54.22,-34.89],[54.22,-34.9],[54.19,-34.9],[54.19,-34.85],[54.15,-34.84],[54.15,-34.8]]]}},{"type":"Feature","properties":{"precip":70},"geometry":{"type":"Polygon","coordinates":[[[38.06,-35.95],[38.06,-35.94],[38.17,-35.9],[38.24,-35.9],[38.32,-35.92],[38.35,-35.95],[38.24,-36.0],[38.17,-36.0],[38.06,-35.99],[38.06,-35.95]]]}},{"type":"Feature","properties":{"precip":120},"geometry":{"type":"Polygon","coordinates":[[[84.89,3.79],[84.86,3.76],[84.86,3.66],[84.93,3.58],[84.96,3.55],[85.0,3.53],[85.0,3.51],[85.0,3.5],[85.0,3.48],[85.04,3.46],[85.04,3.43],[85.0,3.4],[84.93,3.4],[84.89,3.4],[84.89,3.38],[84.86,3.36],[84.86,3.31],[84.89,3.3],[84.96,3.28],[84.96,3.23],[84.89,3.21],[84.82,3.21],[84.75,3.23],[84.71,3.26],[84.68,3.31],[84.68,3.36],[84.64,3.38],[84.64,3.46],[84.71,3.5],[84.75,3.5],[84.86,3.53],[84.86,3.56],[84.82,3.58],[84.75,3.6],[84.64,3.6],[84.57,3.6],[84.5,3.61],[84.35,3.61],[84.28,3.61],[84.17,3.63],[84.14,3.66],[84.03,3.75],[84.03,3.78],[84.01,3.79],[84.89,3.79]]]}},{"type":"Feature","properties":{"precip":120},"geometry":{"type":"Polygon","coordinates":[[[8.33,3.65],[8.33,3.66],[8.37,3.68],[8.37,3.7],[8.44,3.7],[8.44,3.61],[8.37,3.61],[8.33,3.63],[8.33,3.65]]]}},{"type":"Feature","properties":{"precip":120},"geometry":{"type":"Polygon","coordinates":[[[84.71,2.7],[84.71,2.73],[84.75,2.76],[84.82,2.8],[84.86,2.8],[84.86,2.73],[84.93,2.71],[85.0,2.7],[85.07,2.7],[85.11,2.68],[85.11,2.66],[85.14,2.65],[85.14,2.53],[85.18,2.51],[85.18,2.5],[85.22,2.48],[85.22,2.46],[85.22,2.3],[85.22,2.25],[85.22,2.21],[85.14,2.18],[85.14,2.15],[85.18,2.11],[85.22,2.05],[85.32,2.01],[85.43,1.98],[85.43,1.96],[85.47,1.95],[85.47,1.83],[85.47,1.81],[85.47,1.78],[85.54,1.78],[85.54,1.76],[85.58,1.76],[85.58,1.75],[85.54,1.73],[85.54,1.71],[85.47,1.71],[85.47,1.68],[85.47,1.66],[85.47,1.51],[85.43,1.48],[85.43,1.45],[85.4,1.41],[85.4,1.38],[85.32,1.33],[85.22,1.26],[85.18,1.21],[85.0,1.2],[84.82,1.2],[84.6,1.21],[84.5,1.25],[84.46,1.31],[84.46,1.33],[84.42,1.36],[84.42,1.38],[84.39,1.38],[84.39,1.36],[84.35,1.33],[84.35,1.31],[84.32,1.3],[84.28,1.31],[84.28,1.33],[84.24,1.36],[84.24,1.48],[84.21,1.5],[84.17,1.5],[84.17,1.46],[84.14,1.45],[84.14,1.31],[84.06,1.3],[84.06,1.25],[84.03,1.23],[84.03,1.16],[84.06,1.15],[84.06,1.1],[84.1,1.1],[84.1,1.08],[84.14,1.08],[84.14,0.96],[84.17,0.95],[84.17,0.91],[84.24,0.9],[84.42,0.9],[84.46,0.9],[84.5,0.86],[84.5,0.75],[84.57,0.73],[84.57,0.7],[84.6,0.7],[84.6,0.68],[84.64,0.68],[84.64,0.55],[84.68,0.53],[84.68,0.5],[84.71,0.5],[84.71,0.48],[84.75,0.48],[84.75,0.43],[84.68,0.4],[84.57,0.4],[84.57,0.38],[84.5,0.36],[84.5,0.33],[84.5,0.31],[84.46,0.3],[84.42,0.31],[84.35,0.36],[84.32,0.4],[84.28,0.41],[84.28,0.45],[84.21,0.46],[84.21,0.48],[84.14,0.5],[84.06,0.51],[84.06,0.53],[84.03,0.55],[84.03,0.56],[83.99,0.58],[83.92,0.6],[83.78,0.6],[83.67,0.58],[83.67,0.56],[83.63,0.55],[83.63,0.51],[83.6,0.5],[83.52,0.5],[83.45,0.45],[83.38,0.4],[83.38,0.35],[83.38,0.26],[83.34,0.25],[83.34,0.23],[83.31,0.2],[83.24,0.2],[83.2,0.2],[83.09,0.2],[82.98,0.2],[82.98,0.21],[82.95,0.23],[82.95,0.41],[82.91,0.45],[82.91,0.48],[82.88,0.5],[82.84,0.51],[82.8,0.53],[82.77,0.58],[82.7,0.61],[82.62,0.66],[82.55,0.75],[82.55,0.78],[82.66,0.8],[82.7,0.8],[82.8,0.8],[82.88,0.81],[82.91,0.81],[82.91,0.83],[82.95,0.85],[82.95,0.98],[83.02,1.01],[83.02,1.05],[83.06,1.08],[83.06,1.21],[83.02,1.25],[83.02,1.3],[82.98,1.31],[82.95,1.33],[82.95,1.38],[82.98,1.4],[83.06,1.36],[83.06,1.33],[83.09,1.31],[83.13,1.31],[83.13,1.35],[83.2,1.38],[83.24,1.38],[83.31,1.4],[83.38,1.4],[83.49,1.43],[83.6,1.48],[83.6,1.5],[83.63,1.51],[83.63,1.58],[83.6,1.6],[83.49,1.68],[83.49,1.71],[83.45,1.73],[83.45,1.78],[83.52,1.81],[83.52,1.86],[83.49,1.9],[83.49,1.91],[83.42,1.98],[83.38,2.03],[83.38,2.08],[83.42,2.11],[83.49,2.18],[83.6,2.2],[83.67,2.2],[83.74,2.18],[83.74,2.15],[83.78,2.15],[83.78,2.11],[83.85,2.1],[83.92,2.1],[83.96,2.1],[84.03,2.06],[84.03,1.96],[84.06,1.95],[84.06,1.91],[84.14,1.88],[84.14,1.76],[84.17,1.75],[84.17,1.71],[84.24,1.68],[84.24,1.56],[84.28,1.55],[84.28,1.51],[84.32,1.5],[84.42,1.5],[84.42,1.53],[84.46,1.55],[84.46,1.65],[84.46,1.66],[84.46,1.68],[84.5,1.7],[84.57,1.7],[84.64,1.71],[84.64,1.78],[84.57,1.8],[84.57,1.81],[84.5,1.83],[84.5,1.86],[84.57,1.88],[84.57,1.9],[84.68,1.9],[84.75,1.95],[84.75,2.05],[84.75,2.08],[84.75,2.1],[84.82,2.1],[84.82,2.13],[84.86,2.15],[84.71,2.28],[84.68,2.3],[84.6,2.3],[84.57,2.31],[84.57,2.35],[84.5,2.36],[84.5,2.48],[84.5,2.5],[84.46,2.5],[84.46,2.51],[84.46,2.58],[84.46,2.6],[84.5,2.6],[84.6,2.61],[84.6,2.63],[84.68,2.66],[84.68,2.68],[84.71,2.7]],[[83.38,1.05],[83.34,1.06],[83.34,1.1],[83.27,1.08],[83.27,1.01],[83.34,1.0],[83.34,1.03],[83.38,1.05]]]}},{"type":"Feature","properties":{"precip":120},"geometry":{"type":"Polygon","coordinates":[[[8.33,2.45],[8.33,2.46],[8.37,2.48],[8.44,2.5],[8.51,2.5],[8.62,2.5],[8.73,2.48],[8.76,2.45],[8.76,2.16],[8.73,2.13],[8.73,2.1],[8.66,2.11],[8.66,2.18],[8.58,2.2],[8.51,2.2],[8.48,2.18],[8.48,2.16],[8.44,2.15],[8.44,2.01],[8.4,2.0],[8.37,2.0],[8.37,2.03],[8.33,2.05],[8.33,2.15],[8.26,2.21],[8.26,2.25],[8.22,2.3],[8.19,2.3],[8.19,2.26],[8.15,2.25],[8.15,2.13],[8.04,2.1],[7.97,2.1],[7.9,2.1],[7.83,2.1],[7.76,2.1],[7.65,2.13],[7.65,2.26],[7.68,2.28],[7.76,2.3],[7.94,2.3],[8.04,2.31],[8.15,2.33],[8.15,2.36],[8.19,2.36],[8.19,2.38],[8.22,2.4],[8.3,2.41],[8.33,2.43],[8.33,2.45]]]}},{"type":"Feature","properties":{"precip":120},"geometry":{"type":"Polygon","coordinates":[[[86.12,2.41],[86.15,2.48],[86.22,2.48],[86.3,2.41],[86.3,2.4],[86.33,2.38],[86.33,2.33],[86.3,2.31],[86.3,2.3],[86.26,2.28],[86.26,2.21],[86.22,2.2],[86.22,2.1],[86.15,2.1],[86.15,2.21],[86.12,2.23],[86.12,2.28],[86.12,2.3],[86.12,2.31],[86.08,2.31],[86.08,2.38],[86.12,2.4],[86.12,2.41]]]}},{"type":"Feature","properties":{"precip":120},"geometry":{"type":"Polygon","coordinates":[[[7.07,2.18],[7.07,2.2],[7.11,2.2],[7.18,2.2],[7.22,2.18],[7.22,2.16],[7.25,2.15],[7.25,2.05],[7.22,2.03],[7.22,2.0],[7.18,2.0],[7.18,2.01],[7.14,2.05],[7.11,2.1],[7.07,2.13],[7.07,2.18]]]}},{"type":"Feature","properties":{"precip":120},"geometry":{"type":"Polygon","coordinates":[[[85.94,2.15],[85.94,2.2],[86.04,2.2],[86.04,2.16],[86.08,2.16],[86.08,2.15],[86.04,2.13],[86.04,2.1],[85.94,2.11],[85.94,2.15]]]}},{"type":"Feature","properties":{"precip":120},"geometry":{"type":"Polygon","coordinates":[[[82.34,0.7],[82.34,0.76],[82.37,0.78],[82.37,0.8],[82.41,0.8],[82.41,0.78],[82.44,0.76],[82.44,0.63],[82.41,0.61],[82.41,0.6],[82.37,0.6],[82.37,0.61],[82.34,0.63],[82.34,0.7]]]}},{"type":"Feature","properties":{"precip":120},"geometry":{"type":"Polygon","coordinates":[[[85.22,0.08],[85.29,0.1],[85.4,0.08],[85.43,0.08],[85.47,0.03],[85.54,-0.0],[85.54,-0.03],[85.58,-0.05],[85.58,-0.07],[85.54,-0.08],[85.47,-0.1],[85.4,-0.08],[85.29,-0.02],[85.29,0.02],[85.22,0.05],[85.22,0.08]]]}},{"type":"Feature","properties":{"precip":120},"geometry":{"type":"Polygon","coordinates":[[[79.96,-3.45],[79.96,-3.43],[80.03,-3.4],[80.1,-3.4],[80.1,-3.42],[80.1,-3.43],[80.14,-3.43],[80.14,-3.48],[80.21,-3.5],[80.28,-3.5],[80.36,-3.47],[80.36,-3.42],[80.39,-3.4],[80.46,-3.4],[80.64,-3.42],[80.68,-3.45],[80.82,-3.52],[80.9,-3.63],[80.93,-3.68],[80.93,-3.78],[80.86,-3.8],[80.79,-3.8],[80.75,-3.81],[80.75,-3.88],[80.86,-3.96],[80.93,-4.0],[81.0,-4.0],[81.0,-4.01],[81.04,-4.03],[81.04,-4.1],[81.08,-4.11],[81.08,-4.18],[81.11,-4.2],[81.11,-4.21],[81.15,-4.21],[81.15,-4.28],[81.11,-4.26],[81.04,-4.23],[80.97,-4.18],[80.97,-4.15],[80.9,-4.1],[80.86,-4.06],[80.79,-4.01],[80.75,-4.03],[80.75,-4.05],[80.72,-4.06],[80.64,-4.13],[80.64,-4.15],[80.64,-4.16],[80.61,-4.18],[80.57,-4.18],[80.57,-4.13],[80.54,-4.13],[80.54,-4.11],[80.5,-4.1],[80.46,-4.1],[80.39,-4.08],[80.39,-4.06],[80.32,-4.03],[80.32,-4.01],[80.25,-3.96],[80.25,-3.95],[80.18,-3.91],[80.14,-3.93],[80.14,-3.96],[80.1,-3.98],[79.96,-4.01],[79.96,-4.08],[79.92,-4.08],[79.92,-4.1],[79.85,-4.08],[79.85,-3.98],[79.82,-3.95],[79.82,-3.91],[79.78,-3.86],[79.71,-3.81],[79.56,-3.8],[79.56,-3.78],[79.56,-3.77],[79.56,-3.68],[79.56,-3.63],[79.56,-3.6],[79.6,-3.57],[79.71,-3.52],[79.82,-3.5],[79.89,-3.5],[79.96,-3.47],[79.96,-3.45]],[[79.74,-3.65],[79.74,-3.62],[79.71,-3.6],[79.67,-3.6],[79.64,-3.62],[79.64,-3.68],[79.71,-3.7],[79.74,-3.68],[79.74,-3.65]]]}},{"type":"Feature","properties":{"precip":120},"geometry":{"type":"Polygon","coordinates":[[[81.15,-4.05],[81.18,-4.03],[81.18,-4.0],[81.22,-4.01],[81.22,-4.08],[81.18,-4.1],[81.18,-4.06],[81.15,-4.05]]]}},{"type":"Feature","properties":{"precip":120},"geometry":{"type":"Polygon","coordinates":[[[64.92,-4.18],[64.92,-4.16],[64.99,-4.11],[65.06,-4.1],[65.17,-4.1],[65.24,-4.11],[65.24,-4.18],[65.28,-4.2],[65.24,-4.23],[65.24,-4.28],[65.2,-4.3],[65.13,-4.26],[65.13,-4.21],[65.1,-4.21],[65.06,-4.21],[65.06,-4.26],[65.02,-4.26],[65.02,-4.28],[64.95,-4.3],[64.88,-4.3],[64.88,-4.28],[64.88,-4.23],[64.92,-4.18]]]}},{"type":"Feature","properties":{"precip":120},"geometry":{"type":"Polygon","coordinates":[[[78.52,-4.95],[78.56,-4.9],[78.56,-4.85],[78.59,-4.81],[78.59,-4.8],[78.7,-4.81],[78.74,-4.83],[78.77,-4.88],[78.81,-4.9],[78.81,-4.91],[78.85,-4.93],[78.85,-4.96],[78.81,-4.98],[78.81,-5.0],[78.77,-5.03],[78.74,-5.06],[78.7,-5.1],[78.59,-5.1],[78.59,-5.08],[78.56,-5.05],[78.56,-5.0],[78.52,-4.95]]]}},{"type":"Feature","properties":{"precip":120},"geometry":{"type":"Polygon","coordinates":[[[78.45,-5.25],[78.49,-5.23],[78.49,-5.21],[78.52,-5.2],[78.56,-5.2],[78.63,-5.21],[78.63,-5.28],[78.56,-5.3],[78.52,-5.3],[78.49,-5.28],[78.49,-5.26],[78.45,-5.25]]]}},{"type":"Feature","properties":{"precip":120},"geometry":{"type":"Polygon","coordinates":[[[78.27,-5.4],[78.27,-5.31],[78.34,-5.31],[78.34,-5.35],[78.45,-5.43],[78.45,-5.5],[78.38,-5.5],[78.31,-5.48],[78.27,-5.48],[78.27,-5.4]]]}},{"type":"Feature","properties":{"precip":120},"geometry":{"type":"Polygon","coordinates":[[[74.06,-6.95],[74.06,-6.85],[74.09,-6.83],[74.09,-6.8],[74.13,-6.81],[74.13,-6.83],[74.13,-6.85],[74.2,-6.91],[74.24,-6.95],[74.24,-7.03],[74.27,-7.05],[74.27,-7.1],[74.35,-7.13],[74.35,-7.15],[74.42,-7.21],[74.42,-7.3],[74.38,-7.33],[74.38,-7.35],[74.31,-7.36],[74.27,-7.38],[74.2,-7.4],[74.17,-7.4],[74.13,-7.41],[74.06,-7.45],[74.06,-7.46],[74.02,-7.48],[74.02,-7.5],[73.99,-7.53],[73.91,-7.56],[73.84,-7.58],[73.81,-7.59],[73.73,-7.61],[73.66,-7.58],[73.63,-7.55],[73.66,-7.53],[73.66,-7.51],[73.73,-7.5],[73.81,-7.5],[73.95,-7.48],[73.95,-7.41],[73.88,-7.4],[73.84,-7.38],[73.84,-7.3],[73.88,-7.26],[73.88,-7.23],[73.91,-7.18],[73.99,-7.13],[73.99,-7.11],[74.02,-7.1],[74.02,-7.06],[74.06,-7.03],[74.06,-6.95]]]}},{"type":"Feature","properties":{"precip":120},"geometry":{"type":"Polygon","coordinates":[[[73.55,-7.3],[73.55,-7.28],[73.59,-7.25],[73.59,-7.23],[73.59,-7.21],[73.66,-7.2],[73.73,-7.23],[73.73,-7.38],[73.66,-7.4],[73.59,-7.4],[73.59,-7.38],[73.59,-7.35],[73.55,-7.33],[73.55,-7.3]]]}},{"type":"Feature","properties":{"precip":120},"geometry":{"type":"Polygon","coordinates":[[[50.95,-33.46],[50.95,-33.44],[50.99,-33.41],[51.06,-33.41],[51.17,-33.41],[51.24,-33.41],[51.24,-33.44],[51.24,-33.49],[51.35,-33.51],[51.45,-33.52],[51.45,-33.56],[51.35,-33.61],[51.24,-33.61],[51.17,-33.57],[51.17,-33.52],[51.09,-33.51],[51.02,-33.51],[50.95,-33.49],[50.95,-33.46]]]}},{"type":"Feature","properties":{"precip":120},"geometry":{"type":"Polygon","coordinates":[[[36.05,-33.86],[36.05,-33.81],[36.12,-33.81],[36.12,-33.84],[36.16,-33.84],[36.16,-33.87],[36.12,-33.89],[36.05,-33.89],[36.05,-33.86]]]}},{"type":"Feature","properties":{"precip":120},"geometry":{"type":"Polygon","coordinates":[[[36.16,-34.02],[36.16,-34.01],[36.26,-34.01],[36.34,-34.02],[36.37,-34.04],[36.37,-34.09],[36.41,-34.11],[36.48,-34.11],[36.55,-34.12],[36.55,-34.16],[36.55,-34.17],[36.7,-34.2],[36.84,-34.2],[36.95,-34.24],[36.98,-34.27],[37.09,-34.29],[37.16,-34.3],[37.38,-34.3],[37.56,-34.34],[37.6,-34.37],[37.6,-34.39],[37.63,-34.4],[37.63,-34.37],[37.67,-34.3],[37.7,-34.3],[37.74,-34.34],[37.74,-34.47],[37.7,-34.5],[37.63,-34.5],[37.56,-34.54],[37.56,-34.55],[37.52,-34.57],[37.52,-34.6],[37.49,-34.6],[37.49,-34.57],[37.42,-34.52],[37.31,-34.5],[37.24,-34.5],[37.16,-34.54],[37.09,-34.6],[36.95,-34.6],[36.84,-34.57],[36.84,-34.5],[36.77,-34.5],[36.7,-34.5],[36.66,-34.49],[36.66,-34.47],[36.62,-34.45],[36.62,-34.42],[36.55,-34.4],[36.48,-34.35],[36.34,-34.25],[36.26,-34.17],[36.19,-34.12],[36.16,-34.06],[36.16,-34.02]]]}},{"type":"Feature","properties":{"precip":120},"geometry":{"type":"Polygon","coordinates":[[[36.12,-34.39],[36.12,-34.35],[36.16,-34.34],[36.16,-34.32],[36.19,-34.3],[36.23,-34.32],[36.26,-34.39],[36.34,-34.45],[36.44,-34.54],[36.52,-34.62],[36.62,-34.75],[36.62,-34.79],[36.55,-34.8],[36.48,-34.8],[36.37,-34.77],[36.37,-34.72],[36.34,-34.69],[36.34,-34.64],[36.3,-34.6],[36.19,-34.52],[36.12,-34.5],[36.05,-34.5],[36.05,-34.44],[36.12,-34.39]]]}},{"type":"Feature","properties":{"precip":120},"geometry":{"type":"Polygon","coordinates":[[[37.85,-34.45],[37.85,-34.42],[37.88,-34.4],[37.96,-34.42],[37.96,-34.49],[37.88,-34.5],[37.85,-34.49],[37.85,-34.45]]]}},{"type":"Feature","properties":{"precip":120},"geometry":{"type":"Polygon","coordinates":[[[34.03,-34.65],[34.07,-34.6],[34.07,-34.54],[34.1,-34.5],[34.14,-34.5],[34.14,-34.54],[34.21,-34.6],[34.28,-34.52],[34.36,-34.5],[34.39,-34.5],[34.46,-34.5],[34.61,-34.6],[34.64,-34.65],[34.64,-34.75],[34.54,-34.79],[34.43,-34.8],[34.18,-34.8],[34.07,-34.75],[34.03,-34.7],[34.03,-34.65]]]}},{"type":"Feature","properties":{"precip":120},"geometry":{"type":"Polygon","coordinates":[[[34.43,-34.94],[34.5,-34.9],[34.57,-34.9],[34.64,-34.92],[34.64,-34.97],[34.72,-34.99],[34.79,-35.0],[34.86,-34.99],[34.86,-34.94],[34.9,-34.9],[34.97,-34.9],[35.04,-34.92],[35.04,-34.97],[35.08,-34.99],[35.15,-35.0],[35.26,-35.04],[35.26,-35.07],[35.11,-35.1],[35.0,-35.1],[34.93,-35.12],[34.86,-35.14],[34.86,-35.17],[34.9,-35.19],[34.97,-35.2],[35.04,-35.2],[35.15,-35.24],[35.15,-35.27],[35.0,-35.3],[34.9,-35.3],[34.75,-35.24],[34.68,-35.17],[34.61,-35.14],[34.54,-35.05],[34.54,-35.04],[34.46,-34.97],[34.46,-34.95],[34.43,-34.94]]]}},{"type":"Feature","properties":{"precip":120},"geometry":{"type":"Polygon","coordinates":[[[36.37,-34.95],[36.37,-34.9],[36.44,-34.9],[36.48,-34.94],[36.48,-34.99],[36.55,-34.99],[36.55,-34.95],[36.55,-34.9],[36.62,-34.9],[36.62,-34.95],[36.66,-34.99],[36.73,-34.99],[36.77,-34.95],[36.77,-34.92],[36.84,-34.92],[36.84,-34.97],[36.95,-35.0],[37.09,-35.02],[37.13,-35.02],[37.13,-35.07],[37.2,-35.1],[37.31,-35.12],[37.34,-35.14],[37.34,-35.45],[37.27,-35.49],[37.24,-35.5],[37.02,-35.5],[36.91,-35.49],[36.8,-35.42],[36.66,-35.4],[36.55,-35.4],[36.48,-35.4],[36.3,-35.37],[36.19,-35.32],[36.16,-35.27],[36.16,-35.14],[36.26,-35.1],[36.37,-35.1],[36.44,-35.09],[36.48,-35.05],[36.44,-35.04],[36.44,-35.02],[36.37,-35.0],[36.37,-34.95]]]}},{"type":"Feature","properties":{"precip":120},"geometry":{"type":"Polygon","coordinates":[[[35.98,-35.25],[35.98,-35.2],[36.01,-35.2],[36.01,-35.24],[36.05,-35.24],[36.05,-35.27],[36.01,-35.3],[35.98,-35.3],[35.98,-35.25]]]}},{"type":"Feature","properties":{"precip":200},"geometry":{"type":"Polygon","coordinates":[[[80.46,-3.73],[80.46,-3.6],[80.5,-3.6],[80.57,-3.63],[80.57,-3.68],[80.57,-3.7],[80.64,-3.8],[80.64,-3.98],[80.61,-4.0],[80.57,-4.0],[80.57,-3.96],[80.5,-3.91],[80.5,-3.86],[80.46,-3.81],[80.46,-3.73]]]}}]}