{"type":"FeatureCollection","features":[{"type":"Feature","properties":{"precip":10},"geometry":{"type":"Polygon","coordinates":[[[90.5,3.79],[90.55,3.77],[90.55,3.72],[90.47,3.7],[90.47,3.67],[90.44,3.65],[90.47,3.6],[90.58,3.6],[90.58,3.58],[90.69,3.58],[90.73,3.55],[90.83,3.48],[90.83,3.45],[90.83,3.42],[90.8,3.4],[90.73,3.4],[90.65,3.37],[90.65,3.25],[90.58,3.2],[90.47,3.23],[90.44,3.27],[90.33,3.32],[90.29,3.42],[90.22,3.48],[90.22,3.57],[90.15,3.6],[89.97,3.6],[89.97,3.62],[89.97,3.7],[89.93,3.74],[89.93,3.79],[89.92,3.79],[89.89,3.79],[89.83,3.74],[89.83,3.72],[89.79,3.72],[89.72,3.75],[89.7,3.79],[90.5,3.79]]]}},{"type":"Feature","properties":{"precip":10},"geometry":{"type":"Polygon","coordinates":[[[96.89,3.79],[96.92,3.72],[96.92,3.6],[96.88,3.58],[96.88,3.57],[96.81,3.52],[96.81,3.47],[96.88,3.42],[96.88,3.3],[96.92,3.25],[97.06,3.2],[97.13,3.22],[97.17,3.25],[97.17,3.27],[97.28,3.3],[97.31,3.3],[97.31,3.28],[97.42,3.28],[97.42,3.27],[97.42,3.25],[97.53,3.22],[97.6,3.22],[97.64,3.2],[97.93,3.2],[98.03,3.23],[98.07,3.27],[98.07,3.32],[98.03,3.33],[98.03,3.4],[97.93,3.42],[97.93,3.55],[97.93,3.57],[97.93,3.58],[97.89,3.58],[97.78,3.64],[97.67,3.72],[97.64,3.77],[97.67,3.77],[97.67,3.79],[99.01,3.79],[99.04,3.74],[99.04,3.42],[98.97,3.38],[98.97,3.33],[99.01,3.32],[99.01,3.28],[99.04,3.27],[99.04,3.25],[99.04,3.22],[99.14,3.23],[99.14,2.9],[99.01,2.9],[98.97,2.88],[98.97,2.82],[99.04,2.8],[99.04,2.71],[99.01,2.7],[98.9,2.7],[98.86,2.71],[98.86,2.78],[98.79,2.8],[98.68,2.8],[98.65,2.76],[98.65,2.73],[98.61,2.7],[98.54,2.71],[98.54,2.76],[98.43,2.82],[98.39,2.82],[98.36,2.82],[98.36,2.87],[98.29,2.9],[98.25,2.9],[98.18,2.88],[98.07,2.76],[98.07,2.71],[98.14,2.7],[98.39,2.7],[98.43,2.68],[98.43,2.63],[98.36,2.55],[98.36,2.51],[98.29,2.5],[98.25,2.51],[98.25,2.55],[98.18,2.6],[98.14,2.6],[98.14,2.61],[98.07,2.63],[98.07,2.66],[98.0,2.68],[98.0,2.71],[97.93,2.73],[97.93,2.76],[97.89,2.8],[97.85,2.76],[97.85,2.73],[97.78,2.7],[97.67,2.7],[97.67,2.71],[97.64,2.76],[97.57,2.8],[97.42,2.8],[97.42,2.82],[97.24,2.82],[97.17,2.83],[97.17,2.93],[97.13,2.95],[97.13,2.97],[97.06,2.98],[97.06,3.0],[96.92,3.0],[96.88,3.02],[96.81,3.07],[96.81,3.22],[96.81,3.27],[96.81,3.3],[96.74,3.38],[96.67,3.4],[96.67,3.22],[96.63,3.18],[96.63,3.13],[96.56,3.12],[96.56,3.08],[96.56,3.05],[96.45,3.0],[96.31,3.0],[96.27,3.03],[96.27,3.07],[96.23,3.07],[96.2,3.1],[96.05,3.1],[96.05,3.12],[95.95,3.12],[95.95,3.13],[95.95,3.18],[95.91,3.2],[95.8,3.2],[95.77,3.22],[95.77,3.25],[95.69,3.25],[95.69,3.3],[95.69,3.27],[95.66,3.23],[95.55,3.2],[95.51,3.2],[95.44,3.22],[95.44,3.27],[95.44,3.3],[95.44,3.45],[95.41,3.48],[95.41,3.52],[95.33,3.57],[95.33,3.58],[95.3,3.6],[95.26,3.65],[95.26,3.74],[95.19,3.77],[95.17,3.79],[95.09,3.79],[95.05,3.77],[95.05,3.74],[95.01,3.72],[94.94,3.75],[94.91,3.79],[96.89,3.79]],[[96.56,3.7],[96.56,3.75],[96.5,3.79],[96.41,3.79],[96.38,3.79],[96.38,3.74],[96.31,3.72],[96.31,3.69],[96.38,3.65],[96.38,3.62],[96.41,3.6],[96.49,3.6],[96.56,3.64],[96.56,3.7]],[[98.14,3.45],[98.14,3.5],[98.07,3.5],[98.07,3.42],[98.11,3.4],[98.14,3.42],[98.14,3.45]]]}},{"type":"Feature","properties":{"precip":10},"geometry":{"type":"Polygon","coordinates":[[[-7.17,3.79],[-7.18,3.77],[-7.18,3.72],[-7.22,3.67],[-7.25,3.67],[-7.25,3.64],[-7.14,3.57],[-7.14,3.55],[-7.25,3.5],[-7.36,3.5],[-7.43,3.48],[-7.43,3.45],[-7.47,3.43],[-7.47,3.42],[-7.58,3.4],[-7.65,3.37],[-7.65,3.22],[-7.68,3.2],[-7.72,3.22],[-7.79,3.27],[-7.79,3.3],[-7.83,3.33],[-7.83,3.38],[-7.86,3.42],[-7.83,3.45],[-7.83,3.5],[-7.76,3.52],[-7.76,3.69],[-7.83,3.7],[-7.83,3.67],[-7.86,3.67],[-7.86,3.62],[-7.97,3.58],[-8.04,3.57],[-8.04,3.13],[-8.01,3.12],[-8.01,3.1],[-7.97,3.1],[-7.97,3.07],[-7.94,3.03],[-7.94,2.97],[-7.97,2.95],[-7.97,2.9],[-8.04,2.87],[-8.04,2.65],[-8.08,2.61],[-8.15,2.6],[-8.3,2.6],[-8.3,2.58],[-8.37,2.55],[-8.37,2.5],[-8.4,2.5],[-8.44,2.51],[-8.44,2.55],[-8.48,2.6],[-8.55,2.58],[-8.55,2.46],[-8.58,2.43],[-8.58,2.4],[-8.73,2.31],[-8.8,2.31],[-8.87,2.3],[-8.98,2.3],[-9.05,2.25],[-9.05,2.15],[-9.09,2.13],[-9.09,2.1],[-9.2,2.1],[-9.23,2.08],[-9.23,2.05],[-9.27,2.05],[-9.27,2.01],[-9.34,2.01],[-9.34,2.0],[-9.41,2.0],[-9.45,1.98],[-9.45,1.93],[-9.52,1.89],[-9.59,1.89],[-9.66,1.93],[-9.66,1.98],[-9.7,2.0],[-9.74,1.98],[-9.74,1.95],[-9.81,1.91],[-9.88,1.89],[-10.06,1.89],[-10.13,1.88],[-10.13,1.74],[-10.17,1.71],[-10.17,1.61],[-10.2,1.59],[-10.31,1.59],[-10.35,1.61],[-10.35,1.68],[-10.49,1.71],[-10.6,1.78],[-10.6,1.81],[-10.71,1.89],[-10.74,1.89],[-10.74,1.74],[-10.78,1.74],[-10.78,1.71],[-10.89,1.71],[-10.92,1.73],[-10.92,1.76],[-10.96,1.79],[-10.96,2.06],[-11.03,2.1],[-11.03,2.0],[-11.07,1.98],[-11.07,1.89],[-11.14,1.89],[-11.14,1.78],[-11.21,1.69],[-11.25,1.66],[-11.25,1.63],[-11.28,1.61],[-11.32,1.61],[-11.36,1.64],[-11.36,1.68],[-11.43,1.69],[-11.54,1.73],[-11.57,1.74],[-11.57,1.79],[-11.64,1.89],[-11.64,2.16],[-11.61,2.2],[-11.54,2.21],[-11.46,2.23],[-11.39,2.3],[-11.36,2.36],[-11.28,2.38],[-11.25,2.36],[-11.25,2.31],[-11.21,2.3],[-11.18,2.31],[-11.14,2.36],[-11.14,2.46],[-11.1,2.5],[-11.1,2.51],[-11.07,2.51],[-11.07,2.58],[-11.14,2.63],[-11.14,2.66],[-11.07,2.71],[-11.07,2.78],[-11.1,2.78],[-11.1,2.82],[-11.14,2.85],[-11.14,3.0],[-11.07,3.12],[-11.03,3.17],[-11.0,3.18],[-11.0,3.22],[-10.96,3.23],[-10.96,3.27],[-11.03,3.3],[-11.03,3.45],[-11.0,3.5],[-11.0,3.53],[-10.96,3.57],[-10.85,3.58],[-10.78,3.58],[-10.74,3.57],[-10.74,3.52],[-10.67,3.5],[-10.6,3.5],[-10.56,3.47],[-10.56,3.32],[-10.64,3.27],[-10.64,3.25],[-10.71,3.22],[-10.71,3.18],[-10.74,3.17],[-10.74,3.12],[-10.67,3.1],[-10.56,3.07],[-10.53,3.02],[-10.49,3.0],[-10.49,2.97],[-10.42,2.95],[-10.38,2.92],[-10.31,2.9],[-10.2,2.9],[-10.17,2.93],[-10.17,3.0],[-10.13,3.05],[-10.13,3.15],[-10.06,3.2],[-9.99,3.18],[-9.95,3.13],[-9.88,3.1],[-9.88,3.07],[-9.84,3.03],[-9.77,3.02],[-9.74,3.07],[-9.66,3.1],[-9.66,3.05],[-9.56,3.0],[-9.41,3.0],[-9.34,3.05],[-9.34,3.18],[-9.27,3.22],[-9.27,3.27],[-9.23,3.27],[-9.23,3.38],[-9.2,3.4],[-9.12,3.4],[-9.05,3.43],[-9.05,3.57],[-9.02,3.57],[-9.02,3.6],[-8.98,3.6],[-8.98,3.67],[-8.94,3.69],[-8.94,3.79],[-7.17,3.79]],[[-8.15,3.75],[-8.15,3.79],[-8.17,3.79],[-8.22,3.79],[-8.22,3.77],[-8.26,3.77],[-8.26,3.72],[-8.22,3.72],[-8.22,3.7],[-8.15,3.72],[-8.15,3.75]],[[-7.65,3.75],[-7.65,3.79],[-7.72,3.79],[-7.76,3.77],[-7.76,3.72],[-7.72,3.7],[-7.65,3.72],[-7.65,3.75]],[[-7.65,3.45],[-7.65,3.48],[-7.76,3.48],[-7.76,3.42],[-7.72,3.4],[-7.65,3.42],[-7.65,3.45]],[[-8.33,3.15],[-8.33,3.18],[-8.37,3.22],[-8.37,3.28],[-8.44,3.28],[-8.44,3.13],[-8.48,3.12],[-8.55,3.08],[-8.55,3.02],[-8.51,3.0],[-8.4,3.0],[-8.37,3.02],[-8.37,3.08],[-8.33,3.12],[-8.33,3.15]],[[-10.85,2.66],[-10.92,2.7],[-11.0,2.7],[-11.03,2.68],[-11.03,2.61],[-10.92,2.6],[-10.85,2.63],[-10.85,2.66]],[[-8.84,2.66],[-8.87,2.66],[-8.87,2.7],[-8.94,2.68],[-8.94,2.61],[-8.87,2.6],[-8.87,2.63],[-8.84,2.63],[-8.84,2.66]],[[-10.64,2.55],[-10.71,2.6],[-10.82,2.6],[-10.85,2.58],[-10.85,2.51],[-10.82,2.51],[-10.82,2.5],[-10.71,2.4],[-10.67,2.38],[-10.67,2.35],[-10.64,2.33],[-10.64,2.23],[-10.6,2.21],[-10.6,2.2],[-10.53,2.15],[-10.42,2.1],[-10.38,2.1],[-10.35,2.13],[-10.35,2.16],[-10.28,2.2],[-10.2,2.2],[-10.13,2.21],[-9.95,2.21],[-9.84,2.16],[-9.84,2.03],[-9.81,2.0],[-9.77,2.01],[-9.77,2.05],[-9.74,2.05],[-9.74,2.2],[-9.66,2.23],[-9.66,2.28],[-9.74,2.36],[-9.84,2.4],[-9.92,2.4],[-9.95,2.41],[-9.95,2.46],[-10.06,2.5],[-10.17,2.5],[-10.24,2.5],[-10.49,2.5],[-10.6,2.51],[-10.64,2.55]],[[-9.05,2.55],[-9.12,2.58],[-9.12,2.6],[-9.38,2.6],[-9.45,2.58],[-9.45,2.51],[-9.34,2.45],[-9.27,2.43],[-9.09,2.4],[-8.98,2.4],[-8.91,2.41],[-8.84,2.45],[-8.84,2.46],[-8.94,2.5],[-9.02,2.5],[-9.05,2.55]],[[-9.45,2.45],[-9.45,2.5],[-9.48,2.5],[-9.56,2.46],[-9.56,2.41],[-9.48,2.4],[-9.45,2.41],[-9.45,2.45]],[[-9.56,2.36],[-9.56,2.38],[-9.63,2.4],[-9.63,2.36],[-9.66,2.35],[-9.63,2.31],[-9.56,2.31],[-9.56,2.36]],[[-11.03,2.21],[-11.07,2.21],[-11.07,2.3],[-11.14,2.28],[-11.14,2.11],[-11.1,2.1],[-11.07,2.11],[-11.07,2.18],[-11.03,2.21]]]}},{"type":"Feature","properties":{"precip":10},"geometry":{"type":"Polygon","coordinates":[[[6.75,3.57],[6.82,3.62],[6.86,3.67],[6.97,3.7],[7.04,3.69],[7.04,3.57],[7.07,3.57],[7.07,3.52],[7.11,3.5],[7.18,3.5],[7.25,3.47],[7.25,3.42],[7.15,3.37],[7.15,3.33],[7.22,3.3],[7.22,3.27],[7.25,3.25],[7.25,3.18],[7.22,3.13],[7.22,3.12],[7.15,3.03],[7.07,3.0],[7.04,3.0],[6.97,3.03],[6.97,3.12],[6.93,3.13],[6.93,3.18],[6.89,3.2],[6.82,3.2],[6.75,3.23],[6.75,3.28],[6.79,3.28],[6.86,3.32],[6.86,3.37],[6.82,3.4],[6.71,3.4],[6.64,3.42],[6.68,3.45],[6.68,3.48],[6.75,3.57]]]}},{"type":"Feature","properties":{"precip":10},"geometry":{"type":"Polygon","coordinates":[[[2.43,3.53],[2.43,3.57],[2.47,3.58],[2.54,3.57],[2.65,3.47],[2.65,3.43],[2.61,3.4],[2.57,3.38],[2.54,3.32],[2.47,3.3],[2.39,3.32],[2.36,3.37],[2.36,3.45],[2.43,3.53]]]}},{"type":"Feature","properties":{"precip":10},"geometry":{"type":"Polygon","coordinates":[[[22.16,3.45],[22.16,3.48],[22.19,3.5],[22.26,3.5],[22.34,3.43],[22.41,3.4],[22.44,3.35],[22.59,3.23],[22.66,3.2],[22.73,3.18],[22.77,3.15],[22.77,3.12],[22.8,3.12],[22.88,3.12],[22.95,3.1],[23.09,3.1],[23.16,3.08],[23.24,3.05],[23.31,3.0],[23.34,2.97],[23.42,2.9],[23.49,2.82],[23.52,2.78],[23.7,2.7],[23.78,2.7],[23.85,2.66],[23.85,2.65],[23.96,2.61],[24.03,2.61],[24.1,2.6],[24.32,2.6],[24.35,2.58],[24.46,2.55],[24.46,2.51],[24.5,2.5],[24.57,2.5],[24.64,2.5],[24.64,2.41],[24.53,2.35],[24.42,2.3],[24.35,2.28],[24.35,2.25],[24.39,2.23],[24.39,2.21],[24.46,2.15],[24.5,2.13],[24.64,2.1],[24.96,2.1],[25.04,2.06],[25.04,2.0],[25.07,1.98],[25.07,1.91],[25.14,1.89],[25.25,1.89],[25.36,1.86],[25.36,1.83],[25.43,1.79],[25.5,1.79],[25.54,1.78],[25.54,1.63],[25.47,1.59],[25.4,1.59],[25.32,1.66],[25.32,1.69],[25.29,1.71],[25.29,1.66],[25.25,1.63],[25.18,1.59],[25.11,1.59],[25.07,1.59],[25.07,1.56],[25.04,1.56],[25.07,1.54],[25.07,1.51],[25.14,1.49],[25.18,1.49],[25.25,1.46],[25.25,1.34],[25.22,1.33],[25.22,1.31],[25.18,1.29],[25.11,1.29],[25.07,1.29],[25.07,1.19],[25.11,1.18],[25.14,1.18],[25.14,1.13],[25.11,1.11],[25.07,1.11],[25.07,1.14],[25.04,1.16],[25.04,1.18],[25.0,1.18],[25.0,1.19],[24.89,1.19],[24.86,1.21],[24.82,1.21],[24.75,1.24],[24.75,1.29],[24.82,1.31],[24.82,1.39],[24.71,1.48],[24.68,1.49],[24.6,1.49],[24.6,1.51],[24.57,1.51],[24.57,1.56],[24.53,1.58],[24.5,1.59],[24.42,1.59],[24.35,1.58],[24.35,1.53],[24.32,1.51],[24.28,1.51],[24.28,1.49],[24.21,1.49],[24.17,1.48],[24.17,1.46],[24.14,1.44],[24.14,1.43],[24.1,1.43],[24.1,1.41],[23.96,1.41],[23.92,1.39],[23.88,1.39],[23.85,1.38],[23.85,1.36],[23.88,1.33],[23.88,1.29],[23.92,1.26],[23.99,1.23],[23.99,1.21],[24.03,1.21],[24.03,1.24],[24.06,1.28],[24.06,1.29],[24.1,1.29],[24.14,1.29],[24.14,1.23],[24.17,1.18],[24.24,1.06],[24.28,1.01],[24.35,0.97],[24.39,0.94],[24.42,0.92],[24.42,0.94],[24.46,0.97],[24.53,0.99],[24.6,0.99],[24.64,0.99],[24.64,0.97],[24.68,0.94],[24.68,0.92],[24.71,0.92],[24.71,0.94],[24.78,0.97],[24.78,0.99],[24.82,1.01],[24.86,1.04],[24.86,1.06],[24.93,1.09],[24.93,1.08],[24.96,1.08],[24.96,1.04],[24.93,1.02],[24.93,1.01],[24.89,1.01],[24.89,0.99],[24.86,0.97],[24.86,0.84],[24.82,0.84],[24.82,0.81],[24.75,0.81],[24.75,0.79],[24.64,0.74],[24.64,0.72],[24.53,0.64],[24.5,0.59],[24.5,0.57],[24.46,0.54],[24.5,0.52],[24.5,0.49],[24.53,0.46],[24.57,0.44],[24.6,0.41],[24.6,0.37],[24.64,0.36],[24.64,0.26],[24.68,0.24],[24.68,0.22],[24.71,0.22],[24.75,0.22],[24.78,0.21],[25.0,0.21],[25.04,0.19],[25.11,0.19],[25.14,0.17],[25.14,0.12],[25.18,0.12],[25.18,0.1],[25.22,0.1],[25.22,0.09],[25.32,0.09],[25.32,0.07],[25.36,0.07],[25.36,0.04],[25.32,0.04],[25.32,0.02],[25.29,0.02],[25.25,0.0],[25.04,0.0],[25.0,-0.01],[24.93,-0.01],[24.89,-0.03],[24.86,-0.03],[24.86,-0.08],[24.93,-0.1],[25.0,-0.1],[25.04,-0.11],[25.04,-0.18],[25.0,-0.2],[24.78,-0.2],[24.71,-0.18],[24.68,-0.16],[24.64,-0.13],[24.64,-0.11],[24.6,-0.11],[24.6,-0.13],[24.53,-0.16],[24.46,-0.23],[24.46,-0.25],[24.39,-0.31],[24.39,-0.38],[24.42,-0.4],[24.42,-0.41],[24.46,-0.41],[24.46,-0.45],[24.42,-0.48],[24.39,-0.5],[24.1,-0.5],[23.96,-0.46],[23.92,-0.43],[23.92,-0.4],[23.88,-0.4],[23.88,-0.43],[23.85,-0.46],[23.78,-0.48],[23.67,-0.5],[23.34,-0.5],[23.27,-0.48],[23.24,-0.45],[23.24,-0.41],[23.2,-0.4],[23.09,-0.4],[23.09,-0.41],[23.06,-0.41],[23.06,-0.46],[23.02,-0.48],[23.02,-0.5],[22.95,-0.5],[22.91,-0.51],[22.88,-0.51],[22.88,-0.53],[22.84,-0.53],[22.84,-0.56],[22.88,-0.6],[22.95,-0.63],[22.95,-0.68],[22.91,-0.68],[22.88,-0.68],[22.84,-0.67],[22.84,-0.63],[22.8,-0.63],[22.8,-0.6],[22.77,-0.63],[22.77,-0.67],[22.66,-0.7],[22.62,-0.7],[22.55,-0.68],[22.55,-0.63],[22.52,-0.63],[22.48,-0.63],[22.44,-0.6],[22.34,-0.6],[22.26,-0.6],[22.26,-0.56],[22.23,-0.53],[22.16,-0.5],[22.12,-0.51],[22.05,-0.51],[21.98,-0.53],[21.9,-0.6],[21.9,-0.63],[21.87,-0.65],[21.87,-0.67],[21.8,-0.68],[21.8,-0.7],[21.76,-0.7],[21.72,-0.68],[21.69,-0.67],[21.62,-0.63],[21.58,-0.6],[21.54,-0.53],[21.47,-0.48],[21.47,-0.43],[21.44,-0.4],[21.44,-0.33],[21.33,-0.23],[21.29,-0.23],[21.22,-0.21],[21.18,-0.21],[21.15,-0.2],[21.11,-0.2],[21.08,-0.18],[21.08,-0.15],[21.04,-0.13],[21.04,-0.08],[21.08,-0.06],[21.08,-0.01],[21.11,-0.01],[21.11,0.0],[21.22,0.0],[21.22,0.02],[21.26,0.04],[21.26,0.07],[21.29,0.07],[21.29,0.09],[21.33,0.09],[21.33,0.07],[21.36,0.04],[21.36,0.02],[21.4,0.0],[21.51,0.0],[21.54,0.04],[21.54,0.09],[21.51,0.09],[21.51,0.1],[21.47,0.1],[21.47,0.15],[21.44,0.19],[21.44,0.29],[21.36,0.32],[21.36,0.47],[21.4,0.49],[21.4,0.51],[21.47,0.51],[21.51,0.52],[21.58,0.57],[21.62,0.62],[21.62,0.66],[21.65,0.69],[21.65,0.81],[21.62,0.84],[21.62,0.89],[21.54,0.96],[21.44,0.99],[21.33,0.99],[21.29,1.01],[21.29,1.02],[21.26,1.02],[21.26,1.16],[21.18,1.19],[21.15,1.19],[21.04,1.24],[21.04,1.26],[21.0,1.29],[21.0,1.31],[20.97,1.34],[20.93,1.36],[20.93,1.38],[20.86,1.41],[20.79,1.41],[20.79,1.43],[20.75,1.44],[20.75,1.51],[20.72,1.56],[20.72,1.59],[20.64,1.66],[20.54,1.71],[20.46,1.73],[20.46,1.88],[20.54,1.89],[20.61,1.89],[20.64,1.93],[20.64,2.0],[20.68,2.03],[20.68,2.08],[20.79,2.18],[20.79,2.21],[20.9,2.3],[20.9,2.33],[20.93,2.36],[20.93,2.4],[20.97,2.41],[20.97,2.46],[21.04,2.5],[21.11,2.5],[21.15,2.51],[21.15,2.6],[21.18,2.63],[21.18,2.66],[21.22,2.68],[21.22,2.71],[21.33,2.82],[21.36,2.88],[21.51,2.97],[21.65,3.0],[21.94,3.0],[22.16,2.97],[22.16,2.92],[22.23,2.9],[22.23,2.95],[22.26,2.97],[22.26,3.07],[22.3,3.1],[22.44,3.1],[22.55,3.12],[22.52,3.17],[22.52,3.2],[22.44,3.27],[22.37,3.28],[22.37,3.27],[22.34,3.25],[22.34,3.22],[22.23,3.2],[22.16,3.23],[22.16,3.27],[22.12,3.27],[22.08,3.3],[22.01,3.3],[21.94,3.33],[21.94,3.37],[21.98,3.37],[22.01,3.4],[22.08,3.4],[22.16,3.42],[22.16,3.45]],[[22.98,2.93],[22.88,2.98],[22.84,2.97],[22.84,2.93],[22.77,2.92],[22.66,2.9],[22.37,2.9],[22.26,2.87],[22.26,2.83],[22.37,2.82],[22.98,2.82],[23.06,2.82],[23.06,2.85],[23.02,2.87],[23.02,2.9],[22.98,2.93]],[[24.14,2.25],[24.14,2.3],[24.06,2.3],[24.06,2.21],[24.14,2.21],[24.14,2.25]],[[24.35,0.84],[24.35,0.87],[24.32,0.89],[24.28,0.89],[24.28,0.87],[24.24,0.87],[24.24,0.82],[24.28,0.82],[24.28,0.81],[24.32,0.81],[24.35,0.82],[24.35,0.84]],[[21.94,0.76],[21.94,0.79],[21.9,0.81],[21.87,0.81],[21.87,0.69],[21.9,0.69],[21.94,0.71],[21.94,0.76]],[[21.54,-0.15],[21.54,-0.1],[21.47,-0.1],[21.47,-0.13],[21.44,-0.15],[21.44,-0.16],[21.47,-0.16],[21.47,-0.2],[21.54,-0.2],[21.54,-0.15]]]}},{"type":"Feature","properties":{"precip":10},"geometry":{"type":"Polygon","coordinates":[[[23.24,3.37],[23.27,3.4],[23.34,3.4],[23.34,3.33],[23.45,3.3],[23.6,3.3],[23.63,3.28],[23.7,3.28],[23.74,3.27],[23.74,3.23],[23.63,3.2],[23.56,3.2],[23.42,3.23],[23.31,3.27],[23.31,3.3],[23.27,3.32],[23.27,3.35],[23.24,3.37]]]}},{"type":"Feature","properties":{"precip":10},"geometry":{"type":"Polygon","coordinates":[[[24.64,3.25],[24.64,3.27],[24.68,3.27],[24.68,3.3],[24.75,3.28],[24.75,3.22],[24.68,3.2],[24.68,3.23],[24.64,3.25]]]}},{"type":"Feature","properties":{"precip":10},"geometry":{"type":"Polygon","coordinates":[[[2.36,3.15],[2.36,3.18],[2.43,3.2],[2.43,3.17],[2.47,3.13],[2.39,3.1],[2.36,3.12],[2.36,3.15]]]}},{"type":"Feature","properties":{"precip":10},"geometry":{"type":"Polygon","coordinates":[[[6.14,2.97],[6.21,3.0],[6.35,2.95],[6.43,2.87],[6.5,2.82],[6.5,2.78],[6.53,2.76],[6.53,2.71],[6.46,2.68],[6.46,2.63],[6.5,2.6],[6.61,2.6],[6.64,2.58],[6.64,2.51],[6.57,2.5],[6.46,2.5],[6.35,2.46],[6.35,2.33],[6.32,2.3],[6.28,2.31],[6.28,2.35],[6.25,2.36],[6.25,2.55],[6.21,2.6],[6.1,2.6],[6.07,2.61],[6.07,2.66],[6.1,2.68],[6.1,2.71],[6.17,2.76],[6.17,2.8],[6.25,2.83],[6.25,2.87],[6.17,2.9],[6.17,2.93],[6.14,2.97]],[[6.35,2.66],[6.35,2.68],[6.32,2.7],[6.25,2.66],[6.25,2.63],[6.28,2.6],[6.35,2.61],[6.35,2.66]]]}},{"type":"Feature","properties":{"precip":10},"geometry":{"type":"Polygon","coordinates":[[[30.0,2.73],[30.04,2.76],[30.11,2.8],[30.15,2.8],[30.15,2.65],[30.07,2.6],[30.0,2.6],[29.97,2.61],[29.97,2.66],[30.0,2.68],[30.0,2.73]]]}},{"type":"Feature","properties":{"precip":10},"geometry":{"type":"Polygon","coordinates":[[[26.37,2.66],[26.37,2.7],[26.44,2.7],[26.44,2.61],[26.4,2.6],[26.37,2.61],[26.37,2.66]]]}},{"type":"Feature","properties":{"precip":10},"geometry":{"type":"Polygon","coordinates":[[[-12.44,2.45],[-12.44,2.6],[-12.33,2.51],[-12.26,2.45],[-12.26,2.35],[-12.36,2.3],[-12.44,2.33],[-12.44,2.45]]]}},{"type":"Feature","properties":{"precip":10},"geometry":{"type":"Polygon","coordinates":[[[5.74,2.55],[5.78,2.6],[5.85,2.55],[5.85,2.43],[5.89,2.4],[5.92,2.4],[5.96,2.36],[5.96,2.28],[5.92,2.23],[5.92,2.21],[5.85,2.15],[5.78,2.11],[5.71,2.11],[5.67,2.1],[5.49,2.1],[5.45,2.08],[5.38,2.08],[5.35,2.05],[5.35,2.03],[5.31,2.01],[5.2,2.01],[5.17,2.0],[5.09,2.01],[5.02,2.01],[4.95,2.05],[4.95,2.25],[4.99,2.3],[5.13,2.3],[5.24,2.33],[5.24,2.36],[5.35,2.4],[5.45,2.4],[5.53,2.41],[5.56,2.45],[5.56,2.46],[5.63,2.5],[5.71,2.5],[5.74,2.51],[5.74,2.55]]]}},{"type":"Feature","properties":{"precip":10},"geometry":{"type":"Polygon","coordinates":[[[25.36,2.46],[25.36,2.6],[25.47,2.55],[25.5,2.5],[25.58,2.41],[25.65,2.36],[25.75,2.23],[25.75,2.15],[25.79,2.13],[25.79,2.1],[25.86,2.05],[25.9,2.03],[25.9,2.0],[25.93,1.98],[25.93,1.91],[25.9,1.89],[25.9,1.88],[25.83,1.81],[25.72,1.86],[25.72,1.89],[25.68,1.93],[25.61,1.96],[25.61,1.98],[25.47,2.01],[25.47,2.08],[25.54,2.11],[25.54,2.18],[25.5,2.2],[25.5,2.21],[25.43,2.26],[25.4,2.31],[25.4,2.35],[25.36,2.36],[25.36,2.46]],[[25.54,2.36],[25.54,2.4],[25.47,2.4],[25.47,2.31],[25.5,2.3],[25.54,2.31],[25.54,2.36]]]}},{"type":"Feature","properties":{"precip":10},"geometry":{"type":"Polygon","coordinates":[[[98.97,2.5],[98.97,2.6],[99.04,2.6],[99.04,2.41],[99.01,2.4],[98.97,2.41],[98.97,2.5]]]}},{"type":"Feature","properties":{"precip":10},"geometry":{"type":"Polygon","coordinates":[[[-7.04,2.45],[-7.04,2.5],[-6.96,2.5],[-6.86,2.46],[-6.86,2.13],[-6.93,2.1],[-7.14,2.1],[-7.25,2.15],[-7.25,2.36],[-7.18,2.4],[-7.11,2.4],[-7.04,2.45]]]}},{"type":"Feature","properties":{"precip":10},"geometry":{"type":"Polygon","coordinates":[[[96.27,2.46],[96.31,2.5],[96.45,2.46],[96.45,2.3],[96.31,2.35],[96.31,2.36],[96.27,2.43],[96.27,2.46]]]}},{"type":"Feature","properties":{"precip":10},"geometry":{"type":"Polygon","coordinates":[[[6.46,2.25],[6.46,2.3],[6.53,2.3],[6.53,2.25],[6.57,2.21],[6.64,2.21],[6.79,2.21],[6.82,2.2],[6.89,2.2],[6.97,2.15],[6.89,2.1],[6.79,2.1],[6.75,2.08],[6.75,2.05],[6.79,2.05],[6.79,2.01],[6.89,1.91],[6.93,1.89],[7.04,1.89],[7.04,1.96],[7.07,1.96],[7.11,2.0],[7.29,2.0],[7.33,1.96],[7.36,1.96],[7.36,1.93],[7.33,1.89],[7.25,1.89],[7.22,1.88],[7.11,1.83],[7.11,1.79],[7.04,1.74],[7.04,1.73],[7.0,1.69],[7.0,1.66],[6.97,1.64],[6.97,1.56],[6.93,1.54],[6.93,1.53],[6.89,1.51],[6.79,1.49],[6.64,1.49],[6.61,1.48],[6.57,1.48],[6.57,1.46],[6.53,1.44],[6.53,1.43],[6.5,1.41],[6.39,1.41],[6.39,1.43],[6.35,1.43],[6.35,1.48],[6.39,1.48],[6.39,1.49],[6.46,1.49],[6.46,1.51],[6.5,1.51],[6.5,1.53],[6.53,1.53],[6.53,1.54],[6.57,1.56],[6.64,1.64],[6.64,1.79],[6.57,1.81],[6.57,1.96],[6.53,2.0],[6.53,2.2],[6.46,2.21],[6.46,2.25]]]}},{"type":"Feature","properties":{"precip":10},"geometry":{"type":"Polygon","coordinates":[[[97.24,2.21],[97.24,2.23],[97.28,2.25],[97.28,2.3],[97.31,2.28],[97.31,2.11],[97.28,2.1],[97.28,2.15],[97.24,2.16],[97.24,2.21]]]}},{"type":"Feature","properties":{"precip":10},"geometry":{"type":"Polygon","coordinates":[[[-12.36,2.15],[-12.29,2.21],[-12.26,2.2],[-12.26,2.11],[-12.33,2.1],[-12.33,2.13],[-12.36,2.15]]]}},{"type":"Feature","properties":{"precip":10},"geometry":{"type":"Polygon","coordinates":[[[56.06,2.15],[56.06,2.2],[56.1,2.21],[56.13,2.2],[56.13,2.1],[56.06,2.11],[56.06,2.15]]]}},{"type":"Feature","properties":{"precip":10},"geometry":{"type":"Polygon","coordinates":[[[98.36,2.15],[98.36,2.18],[98.43,2.2],[98.5,2.21],[98.61,2.21],[98.65,2.2],[98.75,2.18],[98.75,2.03],[98.68,2.03],[98.68,2.0],[98.65,2.03],[98.65,2.08],[98.54,2.08],[98.54,2.1],[98.43,2.1],[98.36,2.15]]]}},{"type":"Feature","properties":{"precip":10},"geometry":{"type":"Polygon","coordinates":[[[6.25,2.05],[6.25,2.06],[6.32,2.1],[6.39,2.1],[6.43,2.08],[6.43,2.05],[6.46,2.03],[6.46,1.89],[6.43,1.88],[6.43,1.79],[6.39,1.79],[6.35,1.83],[6.35,1.98],[6.25,2.03],[6.25,2.05]]]}},{"type":"Feature","properties":{"precip":10},"geometry":{"type":"Polygon","coordinates":[[[97.85,2.0],[97.85,2.05],[97.93,2.1],[98.07,2.1],[98.14,2.08],[98.14,2.01],[98.07,2.01],[98.07,2.0],[98.0,2.0],[97.93,1.98],[97.93,1.91],[97.89,1.89],[97.85,1.93],[97.85,2.0]]]}},{"type":"Feature","properties":{"precip":10},"geometry":{"type":"Polygon","coordinates":[[[98.97,2.05],[98.97,2.1],[99.04,2.1],[99.04,2.01],[98.97,2.01],[98.97,2.05]]]}},{"type":"Feature","properties":{"precip":10},"geometry":{"type":"Polygon","coordinates":[[[6.07,1.84],[6.07,1.89],[6.14,1.89],[6.14,1.79],[6.07,1.79],[6.07,1.84]]]}},{"type":"Feature","properties":{"precip":10},"geometry":{"type":"Polygon","coordinates":[[[26.83,1.84],[26.87,1.86],[26.87,1.89],[26.94,1.89],[26.94,1.81],[26.87,1.79],[26.87,1.84],[26.83,1.84]]]}},{"type":"Feature","properties":{"precip":10},"geometry":{"type":"Polygon","coordinates":[[[96.81,1.84],[96.88,1.89],[96.92,1.89],[97.06,1.89],[97.13,1.89],[97.28,1.83],[97.31,1.78],[97.39,1.73],[97.42,1.61],[97.42,1.54],[97.31,1.49],[97.28,1.51],[97.28,1.53],[97.24,1.54],[97.24,1.58],[97.17,1.59],[97.03,1.59],[96.99,1.61],[96.92,1.64],[96.92,1.76],[96.88,1.79],[96.88,1.83],[96.81,1.84]]]}},{"type":"Feature","properties":{"precip":10},"geometry":{"type":"Polygon","coordinates":[[[18.56,1.76],[18.59,1.79],[18.81,1.79],[18.84,1.78],[18.84,1.74],[18.77,1.66],[18.74,1.63],[18.7,1.61],[18.66,1.63],[18.59,1.69],[18.59,1.73],[18.56,1.73],[18.56,1.76]]]}},{"type":"Feature","properties":{"precip":10},"geometry":{"type":"Polygon","coordinates":[[[-11.75,1.64],[-11.75,1.69],[-11.72,1.71],[-11.64,1.68],[-11.64,1.61],[-11.68,1.59],[-11.72,1.59],[-11.75,1.61],[-11.75,1.64]]]}},{"type":"Feature","properties":{"precip":10},"geometry":{"type":"Polygon","coordinates":[[[26.94,1.64],[27.01,1.71],[27.05,1.69],[27.05,1.61],[27.01,1.59],[26.98,1.59],[26.94,1.64]]]}},{"type":"Feature","properties":{"precip":10},"geometry":{"type":"Polygon","coordinates":[[[28.24,1.64],[28.27,1.66],[28.27,1.69],[28.42,1.69],[28.45,1.66],[28.45,1.63],[28.42,1.59],[28.31,1.59],[28.27,1.61],[28.24,1.64]]]}},{"type":"Feature","properties":{"precip":10},"geometry":{"type":"Polygon","coordinates":[[[-9.84,1.58],[-9.84,1.59],[-9.81,1.59],[-9.77,1.59],[-9.59,1.59],[-9.56,1.59],[-9.56,1.54],[-9.63,1.46],[-9.66,1.44],[-9.7,1.43],[-9.74,1.44],[-9.77,1.46],[-9.77,1.48],[-9.81,1.49],[-9.81,1.51],[-9.84,1.53],[-9.84,1.58]]]}},{"type":"Feature","properties":{"precip":10},"geometry":{"type":"Polygon","coordinates":[[[7.43,1.51],[7.4,1.49],[7.4,1.51],[7.36,1.51],[7.36,1.56],[7.36,1.59],[7.43,1.59],[7.43,1.51]]]}},{"type":"Feature","properties":{"precip":10},"geometry":{"type":"Polygon","coordinates":[[[9.67,1.49],[9.67,1.58],[9.7,1.59],[9.81,1.59],[9.85,1.59],[9.85,1.53],[9.81,1.51],[9.77,1.46],[9.74,1.44],[9.74,1.43],[9.7,1.41],[9.67,1.41],[9.67,1.49]]]}},{"type":"Feature","properties":{"precip":10},"geometry":{"type":"Polygon","coordinates":[[[-8.04,1.44],[-8.04,1.46],[-7.97,1.49],[-7.79,1.49],[-7.79,1.48],[-7.76,1.48],[-7.76,1.44],[-7.86,1.31],[-7.97,1.24],[-8.01,1.23],[-8.04,1.23],[-8.04,1.28],[-8.01,1.29],[-7.97,1.31],[-7.97,1.34],[-7.94,1.34],[-7.97,1.36],[-7.97,1.39],[-8.01,1.39],[-8.01,1.41],[-8.04,1.43],[-8.04,1.44]]]}},{"type":"Feature","properties":{"precip":10},"geometry":{"type":"Polygon","coordinates":[[[2.75,1.44],[2.75,1.48],[2.79,1.49],[2.83,1.49],[2.83,1.48],[2.86,1.46],[2.86,1.44],[2.83,1.43],[2.83,1.41],[2.79,1.41],[2.75,1.43],[2.75,1.44]]]}},{"type":"Feature","properties":{"precip":10},"geometry":{"type":"Polygon","coordinates":[[[19.42,1.43],[19.46,1.44],[19.56,1.48],[19.6,1.49],[19.74,1.49],[19.74,1.43],[19.67,1.36],[19.64,1.34],[19.6,1.31],[19.56,1.29],[19.49,1.29],[19.46,1.29],[19.46,1.23],[19.42,1.21],[19.42,1.19],[19.35,1.23],[19.35,1.31],[19.38,1.36],[19.38,1.39],[19.42,1.43]]]}},{"type":"Feature","properties":{"precip":10},"geometry":{"type":"Polygon","coordinates":[[[18.41,1.23],[18.48,1.29],[18.52,1.29],[18.56,1.29],[18.63,1.28],[18.66,1.24],[18.7,1.19],[18.7,1.18],[18.77,1.14],[18.81,1.13],[18.81,1.11],[18.88,1.11],[18.88,1.09],[18.92,1.09],[18.92,1.08],[18.95,1.06],[18.95,0.97],[18.92,0.94],[18.92,0.89],[18.84,0.86],[18.81,0.84],[18.77,0.82],[18.7,0.81],[18.52,0.81],[18.48,0.82],[18.48,0.84],[18.45,0.84],[18.45,0.97],[18.41,0.99],[18.38,0.99],[18.38,1.02],[18.34,1.04],[18.34,1.08],[18.38,1.13],[18.38,1.19],[18.41,1.23]]]}},{"type":"Feature","properties":{"precip":10},"geometry":{"type":"Polygon","coordinates":[[[3.91,1.02],[3.94,1.06],[3.98,1.08],[3.98,1.09],[4.01,1.09],[4.05,1.08],[4.05,1.04],[4.09,1.01],[4.12,0.99],[4.12,0.97],[4.16,0.96],[4.16,0.94],[4.12,0.92],[4.12,0.91],[4.05,0.87],[4.05,0.84],[4.12,0.81],[4.19,0.81],[4.19,0.79],[4.23,0.79],[4.23,0.77],[4.27,0.76],[4.27,0.71],[4.3,0.71],[4.3,0.69],[4.41,0.69],[4.45,0.67],[4.45,0.54],[4.37,0.51],[4.23,0.51],[4.23,0.49],[4.19,0.49],[4.19,0.47],[4.16,0.47],[4.16,0.44],[4.09,0.41],[4.01,0.41],[3.94,0.39],[3.83,0.39],[3.8,0.41],[3.73,0.41],[3.69,0.42],[3.65,0.42],[3.65,0.49],[3.69,0.49],[3.69,0.51],[3.73,0.51],[3.73,0.56],[3.76,0.59],[3.76,0.77],[3.8,0.79],[3.8,0.81],[3.83,0.81],[3.83,0.87],[3.87,0.89],[3.87,0.97],[3.91,0.99],[3.91,1.02]]]}},{"type":"Feature","properties":{"precip":10},"geometry":{"type":"Polygon","coordinates":[[[10.06,0.96],[10.06,0.99],[10.13,0.99],[10.28,0.99],[10.31,0.99],[10.35,0.97],[10.35,0.91],[10.31,0.91],[10.31,0.89],[10.28,0.89],[10.28,0.86],[10.24,0.84],[10.24,0.71],[10.21,0.71],[10.21,0.69],[10.17,0.71],[10.17,0.81],[10.13,0.82],[10.13,0.89],[10.1,0.89],[10.1,0.91],[10.06,0.91],[10.06,0.96]]]}},{"type":"Feature","properties":{"precip":10},"geometry":{"type":"Polygon","coordinates":[[[20.97,0.96],[20.97,0.99],[21.0,0.99],[21.04,0.99],[21.04,0.91],[20.97,0.91],[20.97,0.96]]]}},{"type":"Feature","properties":{"precip":10},"geometry":{"type":"Polygon","coordinates":[[[97.93,0.84],[97.93,0.89],[98.03,0.89],[98.03,0.86],[98.07,0.86],[98.07,0.84],[98.03,0.84],[98.03,0.81],[97.93,0.81],[97.93,0.84]]]}},{"type":"Feature","properties":{"precip":10},"geometry":{"type":"Polygon","coordinates":[[[-3.26,0.54],[-3.26,0.57],[-3.19,0.61],[-3.19,0.59],[-3.15,0.59],[-3.15,0.52],[-3.19,0.52],[-3.19,0.51],[-3.22,0.51],[-3.22,0.52],[-3.26,0.52],[-3.26,0.54]]]}},{"type":"Feature","properties":{"precip":10},"geometry":{"type":"Polygon","coordinates":[[[10.06,0.54],[10.06,0.59],[10.13,0.59],[10.13,0.56],[10.17,0.54],[10.13,0.54],[10.13,0.51],[10.1,0.51],[10.06,0.52],[10.06,0.54]]]}},{"type":"Feature","properties":{"precip":10},"geometry":{"type":"Polygon","coordinates":[[[-3.01,0.42],[-2.97,0.44],[-2.93,0.47],[-2.93,0.49],[-2.9,0.51],[-2.86,0.51],[-2.86,0.42],[-2.9,0.41],[-2.9,0.39],[-2.93,0.37],[-2.97,0.34],[-3.01,0.32],[-3.04,0.32],[-3.04,0.36],[-3.01,0.39],[-3.01,0.42]]]}},{"type":"Feature","properties":{"precip":10},"geometry":{"type":"Polygon","coordinates":[[[99.14,-0.01],[99.04,-0.01],[99.04,-0.11],[99.04,-0.16],[99.04,-0.38],[99.01,-0.38],[98.9,-0.3],[98.86,-0.25],[98.86,-0.11],[98.93,-0.08],[98.93,-0.06],[98.97,-0.05],[98.97,0.07],[99.01,0.07],[99.01,0.09],[99.14,0.09],[99.14,-0.01]]]}},{"type":"Feature","properties":{"precip":10},"geometry":{"type":"Polygon","coordinates":[[[-3.76,0.36],[-3.76,0.39],[-3.72,0.39],[-3.69,0.39],[-3.65,0.37],[-3.58,0.31],[-3.58,0.26],[-3.55,0.22],[-3.47,0.22],[-3.44,0.21],[-3.4,0.21],[-3.37,0.22],[-3.33,0.26],[-3.33,0.29],[-3.26,0.29],[-3.26,0.22],[-3.29,0.22],[-3.29,0.21],[-3.33,0.19],[-3.33,0.15],[-3.37,0.15],[-3.33,0.14],[-3.33,0.1],[-3.29,0.09],[-3.29,0.07],[-3.26,0.07],[-3.26,0.02],[-3.29,0.02],[-3.29,0.0],[-3.33,-0.01],[-3.33,-0.06],[-3.37,-0.08],[-3.37,-0.16],[-3.4,-0.21],[-3.47,-0.26],[-3.51,-0.28],[-3.58,-0.3],[-3.65,-0.3],[-3.69,-0.31],[-3.72,-0.31],[-3.72,-0.33],[-3.76,-0.35],[-3.76,-0.38],[-3.8,-0.38],[-3.83,-0.38],[-3.87,-0.4],[-4.05,-0.4],[-4.12,-0.38],[-4.12,-0.36],[-4.16,-0.31],[-4.16,-0.05],[-4.19,-0.01],[-4.19,0.0],[-4.23,0.0],[-4.23,0.04],[-4.26,0.04],[-4.26,0.05],[-4.23,0.07],[-4.19,0.07],[-4.19,0.09],[-4.05,0.09],[-3.98,0.12],[-3.98,0.14],[-3.94,0.15],[-3.94,0.27],[-3.87,0.31],[-3.8,0.31],[-3.76,0.32],[-3.76,0.36]]]}},{"type":"Feature","properties":{"precip":10},"geometry":{"type":"Polygon","coordinates":[[[27.66,0.31],[27.66,0.39],[27.7,0.39],[27.73,0.39],[27.73,0.36],[27.77,0.34],[27.77,0.32],[27.81,0.31],[27.88,0.31],[27.88,0.29],[27.91,0.29],[27.95,0.27],[27.95,0.22],[27.91,0.22],[27.88,0.22],[27.84,0.21],[27.73,0.21],[27.66,0.22],[27.66,0.31]]]}},{"type":"Feature","properties":{"precip":10},"geometry":{"type":"Polygon","coordinates":[[[28.56,0.36],[28.56,0.37],[28.6,0.39],[28.63,0.39],[28.67,0.39],[28.96,0.39],[29.07,0.36],[29.07,0.34],[29.1,0.32],[29.17,0.32],[29.21,0.31],[29.57,0.31],[29.68,0.29],[29.82,0.26],[29.86,0.24],[29.86,0.22],[29.82,0.21],[29.79,0.19],[29.79,0.17],[29.75,0.17],[29.75,0.14],[29.79,0.12],[29.82,0.09],[29.86,0.07],[29.86,0.04],[29.79,0.0],[29.53,0.0],[29.46,0.04],[29.46,0.07],[29.43,0.07],[29.39,0.07],[29.39,0.09],[29.21,0.09],[29.17,0.07],[29.17,0.05],[29.14,0.04],[29.14,-0.06],[29.1,-0.08],[29.07,-0.13],[29.03,-0.16],[28.92,-0.21],[28.89,-0.21],[28.89,-0.23],[28.85,-0.26],[28.85,-0.53],[28.81,-0.6],[28.78,-0.63],[28.74,-0.67],[28.67,-0.68],[28.6,-0.68],[28.53,-0.7],[28.42,-0.7],[28.42,-0.72],[28.38,-0.72],[28.38,-0.73],[28.35,-0.73],[28.35,-0.78],[28.31,-0.78],[28.31,-0.8],[28.2,-0.8],[28.17,-0.78],[28.17,-0.75],[28.13,-0.72],[28.13,-0.7],[28.02,-0.7],[27.95,-0.73],[27.95,-0.77],[27.91,-0.78],[27.88,-0.78],[27.88,-0.77],[27.77,-0.68],[27.73,-0.63],[27.66,-0.6],[27.55,-0.65],[27.52,-0.68],[27.48,-0.7],[27.48,-0.73],[27.45,-0.75],[27.45,-0.77],[27.48,-0.78],[27.48,-0.8],[27.52,-0.82],[27.52,-0.83],[27.55,-0.87],[27.55,-0.98],[27.52,-0.98],[27.52,-1.0],[27.48,-1.0],[27.48,-1.05],[27.45,-1.07],[27.45,-1.28],[27.41,-1.28],[27.41,-1.3],[27.37,-1.3],[27.37,-1.32],[27.34,-1.35],[27.37,-1.4],[27.37,-1.43],[27.41,-1.48],[27.48,-1.59],[27.55,-1.64],[27.63,-1.69],[27.7,-1.7],[27.77,-1.7],[27.84,-1.74],[27.84,-1.77],[27.88,-1.77],[27.91,-1.8],[28.02,-1.8],[28.06,-1.84],[28.06,-1.9],[28.13,-1.9],[28.13,-1.87],[28.17,-1.84],[28.17,-1.8],[28.13,-1.75],[28.13,-1.7],[28.06,-1.67],[28.06,-1.62],[28.13,-1.59],[28.17,-1.57],[28.17,-1.54],[28.13,-1.54],[28.13,-1.52],[28.09,-1.5],[28.09,-1.48],[28.06,-1.47],[28.06,-1.43],[28.13,-1.4],[28.13,-1.38],[28.17,-1.37],[28.17,-1.33],[28.13,-1.32],[28.13,-1.3],[28.06,-1.3],[28.02,-1.28],[27.99,-1.28],[27.95,-1.27],[27.95,-1.22],[27.91,-1.22],[27.91,-1.2],[27.81,-1.2],[27.81,-1.18],[27.77,-1.18],[27.77,-1.15],[27.73,-1.15],[27.77,-1.13],[27.77,-1.12],[27.81,-1.12],[27.84,-1.1],[27.91,-1.1],[27.91,-1.08],[27.95,-1.08],[27.95,-1.03],[27.99,-1.02],[28.02,-1.02],[28.02,-1.0],[28.31,-1.0],[28.31,-1.02],[28.35,-1.03],[28.35,-1.2],[28.42,-1.33],[28.49,-1.37],[28.53,-1.4],[28.6,-1.4],[28.63,-1.38],[28.67,-1.33],[28.67,-1.3],[28.71,-1.3],[28.74,-1.32],[28.74,-1.38],[28.71,-1.38],[28.71,-1.4],[28.67,-1.42],[28.67,-1.48],[28.78,-1.59],[28.81,-1.62],[28.85,-1.64],[28.85,-1.69],[28.81,-1.7],[28.74,-1.7],[28.67,-1.72],[28.53,-1.77],[28.45,-1.84],[28.38,-1.92],[28.38,-1.99],[28.42,-2.0],[28.42,-2.04],[28.45,-2.05],[28.45,-2.15],[28.38,-2.2],[28.24,-2.2],[28.17,-2.2],[28.17,-2.27],[28.2,-2.29],[28.27,-2.35],[28.35,-2.39],[28.45,-2.39],[28.56,-2.35],[28.56,-2.32],[28.63,-2.3],[28.63,-2.37],[28.56,-2.42],[28.56,-2.49],[28.63,-2.51],[28.63,-2.57],[28.56,-2.61],[28.56,-2.72],[28.53,-2.77],[28.42,-2.86],[28.35,-2.89],[28.27,-2.91],[28.2,-2.91],[28.17,-2.92],[28.17,-3.02],[28.13,-3.04],[28.13,-3.09],[28.09,-3.11],[28.02,-3.11],[27.95,-3.06],[27.95,-2.84],[27.99,-2.82],[27.99,-2.81],[28.06,-2.79],[28.06,-2.74],[28.02,-2.71],[27.95,-2.71],[27.91,-2.69],[27.81,-2.71],[27.73,-2.76],[27.77,-2.81],[27.84,-2.82],[27.84,-2.87],[27.81,-2.87],[27.81,-2.91],[27.77,-2.94],[27.77,-3.09],[27.84,-3.12],[27.84,-3.38],[27.77,-3.41],[27.7,-3.41],[27.66,-3.43],[27.66,-3.54],[27.63,-3.56],[27.63,-3.59],[27.59,-3.59],[27.55,-3.63],[27.55,-3.76],[27.63,-3.79],[27.66,-3.76],[27.66,-3.73],[27.7,-3.73],[27.81,-3.73],[27.88,-3.69],[27.95,-3.66],[27.99,-3.63],[27.99,-3.59],[28.09,-3.53],[28.13,-3.53],[28.2,-3.49],[28.24,-3.51],[28.31,-3.51],[28.35,-3.54],[28.35,-3.66],[28.38,-3.66],[28.38,-3.73],[28.45,-3.69],[28.45,-3.66],[28.49,-3.63],[28.56,-3.66],[28.63,-3.76],[28.63,-3.98],[28.53,-4.01],[28.31,-4.01],[28.27,-4.03],[28.27,-4.04],[28.24,-4.06],[28.24,-4.18],[28.2,-4.2],[28.13,-4.2],[28.06,-4.21],[28.06,-4.3],[28.13,-4.31],[28.13,-4.36],[28.17,-4.38],[28.17,-4.43],[28.13,-4.45],[28.13,-4.48],[28.06,-4.5],[27.95,-4.48],[27.95,-4.43],[27.84,-4.4],[27.73,-4.4],[27.73,-4.41],[27.66,-4.41],[27.66,-4.48],[27.7,-4.5],[27.77,-4.56],[27.84,-4.6],[27.88,-4.6],[27.95,-4.63],[27.95,-4.68],[27.99,-4.7],[28.06,-4.7],[28.13,-4.66],[28.2,-4.6],[28.31,-4.5],[28.35,-4.51],[28.35,-4.65],[28.24,-4.76],[28.09,-4.81],[27.99,-4.91],[27.99,-4.95],[27.95,-4.98],[27.95,-5.08],[27.88,-5.1],[27.88,-5.13],[27.84,-5.15],[27.84,-5.22],[27.81,-5.27],[27.73,-5.35],[27.7,-5.42],[27.55,-5.53],[27.52,-5.58],[27.48,-5.6],[27.45,-5.58],[27.45,-5.47],[27.48,-5.42],[27.48,-5.38],[27.55,-5.37],[27.52,-5.33],[27.52,-5.3],[27.45,-5.23],[27.52,-5.18],[27.55,-5.17],[27.63,-5.08],[27.63,-5.07],[27.66,-5.03],[27.59,-5.0],[27.52,-5.0],[27.45,-5.03],[27.45,-5.08],[27.37,-5.08],[27.37,-5.1],[27.3,-5.1],[27.27,-5.12],[27.27,-5.2],[27.34,-5.23],[27.34,-5.27],[27.3,-5.28],[27.19,-5.2],[27.16,-5.15],[27.16,-5.03],[27.23,-5.0],[27.37,-5.0],[27.45,-4.98],[27.45,-4.93],[27.41,-4.91],[27.41,-4.88],[27.34,-4.85],[27.27,-4.73],[27.27,-4.58],[27.3,-4.5],[27.34,-4.46],[27.41,-4.41],[27.52,-4.4],[27.52,-4.36],[27.55,-4.35],[27.55,-4.23],[27.52,-4.2],[27.45,-4.21],[27.45,-4.28],[27.3,-4.31],[27.27,-4.33],[27.27,-4.36],[27.23,-4.36],[27.19,-4.4],[27.05,-4.4],[26.98,-4.41],[26.94,-4.45],[26.94,-4.48],[26.91,-4.5],[26.83,-4.5],[26.8,-4.51],[26.73,-4.58],[26.65,-4.66],[26.65,-4.86],[26.58,-4.9],[26.58,-4.86],[26.55,-4.85],[26.55,-4.73],[26.44,-4.7],[26.26,-4.7],[26.19,-4.71],[26.15,-4.75],[26.15,-4.81],[26.11,-4.83],[26.11,-4.9],[26.04,-4.95],[26.04,-4.97],[25.97,-5.05],[25.9,-5.07],[25.83,-5.08],[25.75,-5.08],[25.68,-5.1],[25.5,-5.1],[25.47,-5.08],[25.36,-5.08],[25.25,-5.07],[25.25,-5.03],[25.14,-5.0],[24.96,-5.0],[24.86,-5.03],[24.86,-5.17],[24.93,-5.2],[24.93,-5.23],[24.96,-5.25],[24.96,-5.38],[25.0,-5.38],[25.04,-5.42],[25.04,-5.47],[25.0,-5.5],[24.89,-5.63],[24.86,-5.7],[24.86,-5.85],[24.93,-5.9],[24.93,-5.87],[24.96,-5.87],[24.96,-5.82],[25.0,-5.8],[25.11,-5.8],[25.29,-5.87],[25.32,-5.94],[25.4,-5.99],[25.5,-5.9],[25.61,-5.9],[25.65,-5.94],[25.65,-5.97],[25.72,-6.0],[25.79,-6.0],[25.9,-6.02],[25.97,-6.09],[26.04,-6.2],[26.04,-6.45],[26.08,-6.49],[26.08,-6.6],[26.15,-6.59],[26.15,-6.54],[26.19,-6.5],[26.26,-6.5],[26.26,-6.49],[26.33,-6.49],[26.33,-6.45],[26.37,-6.45],[26.33,-6.44],[26.33,-6.4],[26.26,-6.37],[26.26,-6.14],[26.29,-6.1],[26.4,-6.1],[26.44,-6.09],[26.44,-6.02],[26.47,-6.02],[26.47,-6.0],[26.55,-6.0],[26.55,-6.15],[26.58,-6.15],[26.58,-6.19],[26.69,-6.2],[26.73,-6.22],[26.73,-6.27],[26.76,-6.3],[26.76,-6.57],[26.83,-6.6],[26.83,-6.55],[26.91,-6.5],[26.98,-6.5],[27.05,-6.55],[27.05,-6.65],[26.98,-6.72],[26.98,-6.77],[27.01,-6.81],[27.01,-6.82],[27.09,-6.89],[27.12,-6.92],[27.12,-6.99],[27.09,-6.99],[27.09,-7.06],[27.05,-7.06],[27.05,-7.26],[27.01,-7.27],[27.01,-7.31],[26.98,-7.31],[26.94,-7.34],[26.94,-7.36],[26.98,-7.39],[27.09,-7.39],[27.12,-7.41],[27.16,-7.46],[27.16,-7.64],[27.12,-7.66],[27.12,-7.69],[27.09,-7.69],[27.05,-7.73],[27.05,-7.86],[27.01,-7.89],[26.83,-7.89],[26.76,-7.88],[26.76,-7.83],[26.69,-7.81],[26.58,-7.81],[26.55,-7.83],[26.55,-7.88],[26.51,-7.89],[26.44,-7.89],[26.37,-7.93],[26.37,-8.03],[26.33,-8.04],[26.33,-8.08],[26.22,-8.11],[26.01,-8.11],[25.97,-8.13],[25.97,-8.16],[25.93,-8.19],[25.97,-8.23],[25.97,-8.28],[26.01,-8.29],[26.11,-8.29],[26.15,-8.31],[26.15,-8.36],[26.08,-8.43],[26.01,-8.48],[25.97,-8.53],[25.9,-8.58],[25.83,-8.6],[25.75,-8.61],[25.75,-8.66],[25.72,-8.7],[25.65,-8.7],[25.61,-8.71],[25.58,-8.7],[25.5,-8.7],[25.47,-8.68],[25.47,-8.61],[25.5,-8.6],[25.58,-8.6],[25.65,-8.58],[25.65,-8.51],[25.58,-8.5],[25.58,-8.45],[25.54,-8.43],[25.54,-8.38],[25.58,-8.36],[25.58,-8.31],[25.65,-8.29],[25.72,-8.28],[25.75,-8.23],[25.75,-8.08],[25.68,-7.98],[25.61,-7.93],[25.54,-7.96],[25.47,-8.01],[25.47,-8.04],[25.4,-8.11],[25.4,-8.14],[25.36,-8.18],[25.36,-8.34],[25.32,-8.38],[25.18,-8.41],[24.96,-8.41],[24.86,-8.43],[24.86,-8.46],[24.82,-8.46],[24.75,-8.5],[24.46,-8.5],[24.39,-8.51],[24.35,-8.55],[24.35,-8.68],[24.39,-8.68],[24.39,-8.71],[24.42,-8.71],[24.46,-8.73],[24.46,-8.86],[24.57,-8.96],[24.64,-9.0],[24.75,-9.01],[24.75,-9.06],[24.64,-9.1],[24.46,-9.1],[24.39,-9.13],[24.35,-9.13],[24.35,-9.18],[24.39,-9.18],[24.46,-9.21],[24.46,-9.27],[24.42,-9.3],[24.32,-9.3],[24.28,-9.32],[24.28,-9.33],[24.24,-9.33],[24.24,-9.47],[24.14,-9.57],[24.1,-9.58],[24.06,-9.57],[24.06,-9.52],[24.1,-9.52],[24.17,-9.47],[24.1,-9.42],[23.99,-9.4],[23.81,-9.4],[23.63,-9.35],[23.63,-9.33],[23.56,-9.25],[23.49,-9.21],[23.49,-9.2],[23.42,-9.2],[23.38,-9.18],[23.34,-9.18],[23.34,-9.11],[23.27,-9.1],[23.16,-9.15],[23.06,-9.23],[23.06,-9.28],[23.13,-9.32],[23.13,-9.4],[23.09,-9.42],[23.02,-9.48],[22.98,-9.5],[22.88,-9.5],[22.84,-9.45],[22.84,-9.42],[22.8,-9.4],[22.7,-9.4],[22.66,-9.42],[22.66,-9.48],[22.62,-9.48],[22.59,-9.5],[22.48,-9.5],[22.44,-9.53],[22.44,-9.58],[22.41,-9.6],[22.34,-9.6],[22.26,-9.63],[22.26,-9.75],[22.23,-9.8],[22.08,-9.7],[22.05,-9.65],[21.98,-9.57],[21.87,-9.52],[21.87,-9.55],[21.76,-9.6],[21.69,-9.6],[21.65,-9.62],[21.58,-9.62],[21.51,-9.67],[21.51,-9.7],[21.47,-9.68],[21.47,-9.65],[21.4,-9.63],[21.4,-9.62],[21.33,-9.62],[21.29,-9.6],[21.08,-9.6],[20.97,-9.57],[20.97,-9.53],[20.9,-9.5],[20.79,-9.5],[20.75,-9.52],[20.75,-9.58],[20.72,-9.6],[20.61,-9.6],[20.57,-9.62],[20.57,-9.65],[20.54,-9.65],[20.54,-9.68],[20.5,-9.7],[20.39,-9.7],[20.36,-9.72],[20.36,-9.78],[20.39,-9.8],[20.46,-9.8],[20.54,-9.8],[20.54,-9.9],[20.5,-9.9],[20.39,-9.9],[20.32,-9.92],[20.28,-9.95],[20.21,-9.97],[20.21,-10.0],[20.1,-10.1],[20.07,-10.1],[20.07,-10.02],[20.03,-10.0],[20.03,-9.93],[19.96,-9.87],[19.85,-9.75],[19.78,-9.73],[19.71,-9.78],[19.64,-9.87],[19.6,-9.9],[19.6,-9.93],[19.56,-9.95],[19.56,-9.97],[19.64,-10.02],[19.64,-10.08],[19.6,-10.08],[19.56,-10.1],[19.56,-10.24],[19.49,-10.32],[19.46,-10.35],[19.24,-10.4],[19.02,-10.4],[18.92,-10.4],[18.84,-10.44],[18.88,-10.45],[18.88,-10.49],[18.95,-10.55],[19.06,-10.59],[19.2,-10.59],[19.31,-10.5],[19.35,-10.54],[19.35,-10.57],[19.38,-10.57],[19.42,-10.6],[19.49,-10.6],[19.53,-10.62],[19.64,-10.7],[19.64,-10.77],[19.56,-10.82],[19.56,-10.94],[19.53,-10.96],[19.53,-11.01],[19.46,-11.02],[19.46,-11.07],[19.49,-11.07],[19.53,-11.11],[19.53,-11.22],[19.56,-11.31],[19.56,-11.37],[19.53,-11.44],[19.53,-11.47],[19.46,-11.52],[19.46,-11.66],[19.38,-11.69],[19.31,-11.71],[19.24,-11.74],[19.24,-11.77],[19.17,-11.77],[19.17,-11.76],[19.1,-11.72],[19.02,-11.77],[18.99,-11.83],[18.92,-11.88],[18.84,-11.96],[18.81,-11.99],[18.81,-12.03],[18.77,-12.06],[18.77,-12.08],[18.81,-12.08],[18.81,-12.11],[18.84,-12.14],[18.84,-12.29],[18.92,-12.41],[18.99,-12.48],[19.02,-12.53],[19.1,-12.56],[19.17,-12.59],[19.24,-12.59],[19.31,-12.61],[19.35,-12.64],[19.35,-12.75],[19.42,-12.8],[19.49,-12.8],[19.56,-12.81],[19.67,-12.81],[19.74,-12.83],[19.74,-12.88],[19.67,-12.9],[19.56,-12.9],[19.49,-12.91],[19.46,-12.95],[19.46,-13.15],[19.49,-13.16],[19.49,-13.2],[19.53,-13.2],[19.53,-13.25],[19.56,-13.26],[19.56,-13.38],[19.6,-13.4],[19.67,-13.4],[19.74,-13.43],[19.74,-13.57],[19.78,-13.58],[19.85,-13.63],[19.85,-13.75],[19.89,-13.77],[19.96,-13.8],[20.03,-13.78],[20.07,-13.73],[20.1,-13.72],[20.14,-13.73],[20.14,-13.75],[20.21,-13.8],[20.28,-13.8],[20.36,-13.83],[20.36,-13.87],[20.43,-13.9],[20.43,-13.87],[20.46,-13.82],[20.5,-13.8],[20.61,-13.8],[20.64,-13.83],[20.64,-13.87],[20.72,-13.9],[20.79,-13.9],[20.86,-13.95],[20.86,-13.98],[20.82,-14.03],[20.82,-14.07],[20.75,-14.17],[20.68,-14.2],[20.68,-14.28],[20.75,-14.33],[20.75,-14.44],[20.86,-14.57],[20.97,-14.65],[21.08,-14.7],[21.15,-14.72],[21.15,-14.77],[21.22,-14.8],[21.4,-14.8],[21.44,-14.79],[21.44,-14.67],[21.47,-14.65],[21.47,-14.62],[21.51,-14.6],[21.54,-14.62],[21.54,-14.67],[21.58,-14.67],[21.62,-14.7],[21.69,-14.7],[21.72,-14.72],[21.76,-14.77],[21.76,-15.07],[21.8,-15.1],[21.87,-15.1],[21.94,-15.12],[21.94,-15.59],[21.87,-15.57],[21.72,-15.44],[21.69,-15.41],[21.69,-15.37],[21.58,-15.32],[21.54,-15.37],[21.47,-15.41],[21.4,-15.41],[21.36,-15.42],[21.36,-15.46],[21.29,-15.49],[21.22,-15.51],[21.15,-15.56],[21.15,-15.67],[21.08,-15.71],[20.93,-15.71],[20.9,-15.67],[20.86,-15.67],[20.86,-15.62],[20.79,-15.59],[20.72,-15.59],[20.72,-15.57],[20.64,-15.56],[20.64,-15.54],[20.57,-15.47],[20.57,-15.46],[20.5,-15.42],[20.43,-15.41],[20.32,-15.41],[20.32,-15.39],[20.25,-15.37],[20.25,-15.32],[20.32,-15.29],[20.39,-15.29],[20.39,-15.27],[20.46,-15.26],[20.5,-15.22],[20.5,-15.17],[20.57,-15.1],[20.61,-15.1],[20.64,-15.1],[20.64,-15.26],[20.68,-15.26],[20.68,-15.29],[20.75,-15.27],[20.75,-15.22],[20.79,-15.2],[20.86,-15.2],[20.9,-15.17],[20.97,-15.14],[21.0,-15.09],[21.04,-15.07],[21.04,-15.04],[21.0,-15.02],[21.0,-14.99],[20.93,-14.92],[20.82,-14.82],[20.75,-14.84],[20.75,-14.87],[20.68,-14.9],[20.54,-14.84],[20.46,-14.74],[20.46,-14.62],[20.54,-14.57],[20.54,-14.5],[20.46,-14.49],[20.46,-14.44],[20.54,-14.4],[20.54,-14.33],[20.46,-14.3],[20.36,-14.3],[20.25,-14.25],[20.21,-14.22],[20.21,-14.2],[20.14,-14.08],[20.14,-13.92],[20.07,-13.9],[20.03,-13.97],[20.03,-14.0],[19.96,-13.97],[19.96,-13.93],[19.89,-13.9],[19.78,-13.9],[19.74,-13.92],[19.74,-13.98],[19.71,-14.0],[19.6,-14.0],[19.56,-14.02],[19.56,-14.05],[19.38,-14.1],[19.2,-14.1],[19.17,-14.08],[19.06,-14.07],[19.06,-14.03],[18.99,-14.0],[18.88,-14.0],[18.84,-13.97],[18.84,-13.92],[18.81,-13.9],[18.74,-13.9],[18.66,-13.9],[18.66,-13.85],[18.59,-13.8],[18.41,-13.8],[18.34,-13.85],[18.34,-13.9],[18.23,-13.9],[18.16,-13.88],[18.16,-13.83],[18.12,-13.8],[18.05,-13.8],[17.94,-13.75],[17.94,-13.73],[17.87,-13.65],[17.8,-13.6],[17.73,-13.65],[17.73,-13.68],[17.66,-13.67],[17.66,-13.63],[17.62,-13.6],[17.58,-13.6],[17.55,-13.63],[17.55,-13.75],[17.48,-13.8],[17.4,-13.8],[17.37,-13.82],[17.37,-13.87],[17.33,-13.87],[17.33,-13.9],[17.26,-13.88],[17.26,-13.75],[17.22,-13.75],[17.22,-13.72],[17.19,-13.7],[17.12,-13.7],[17.04,-13.65],[17.04,-13.55],[17.08,-13.51],[17.19,-13.5],[17.48,-13.5],[17.55,-13.46],[17.55,-13.45],[17.51,-13.4],[17.4,-13.3],[17.3,-13.4],[17.19,-13.4],[17.15,-13.38],[17.15,-13.31],[17.26,-13.28],[17.26,-13.23],[17.19,-13.2],[17.12,-13.2],[17.08,-13.18],[17.08,-13.15],[17.04,-13.13],[17.04,-13.05],[17.12,-13.0],[17.26,-13.0],[17.33,-12.98],[17.33,-12.91],[17.3,-12.9],[17.22,-12.9],[17.19,-12.88],[17.08,-12.8],[17.08,-12.76],[17.04,-12.71],[17.04,-12.64],[17.08,-12.63],[17.08,-12.59],[17.15,-12.61],[17.15,-12.66],[17.19,-12.68],[17.19,-12.7],[17.26,-12.66],[17.26,-12.63],[17.33,-12.61],[17.33,-12.68],[17.26,-12.7],[17.26,-12.78],[17.4,-12.81],[17.51,-12.81],[17.55,-12.83],[17.55,-12.96],[17.62,-13.0],[17.69,-13.0],[17.76,-12.96],[17.76,-12.93],[17.73,-12.93],[17.73,-12.9],[17.66,-12.9],[17.66,-12.83],[17.69,-12.81],[17.8,-12.81],[17.84,-12.83],[17.84,-12.93],[17.87,-12.98],[17.98,-13.0],[18.23,-13.0],[18.34,-13.03],[18.34,-13.06],[18.38,-13.06],[18.41,-13.1],[18.48,-13.1],[18.52,-13.11],[18.59,-13.11],[18.66,-13.13],[18.66,-13.18],[18.7,-13.2],[18.74,-13.18],[18.74,-12.83],[18.66,-12.81],[18.59,-12.78],[18.52,-12.71],[18.48,-12.66],[18.48,-12.61],[18.45,-12.54],[18.45,-12.34],[18.38,-12.29],[18.3,-12.29],[18.27,-12.28],[18.27,-12.24],[18.16,-12.21],[17.94,-12.21],[17.91,-12.19],[17.84,-12.19],[17.76,-12.16],[17.76,-12.14],[17.66,-12.08],[17.66,-12.04],[17.51,-11.99],[17.44,-11.99],[17.37,-11.96],[17.33,-11.93],[17.26,-11.86],[17.22,-11.81],[17.19,-11.79],[17.12,-11.79],[17.08,-11.77],[17.01,-11.72],[17.01,-11.69],[16.97,-11.66],[16.97,-11.62],[16.94,-11.59],[16.94,-11.52],[16.9,-11.51],[16.83,-11.51],[16.79,-11.49],[16.72,-11.49],[16.68,-11.51],[16.61,-11.51],[16.54,-11.54],[16.54,-11.57],[16.58,-11.57],[16.58,-11.61],[16.65,-11.62],[16.65,-11.67],[16.58,-11.69],[16.47,-11.67],[16.47,-11.52],[16.43,-11.49],[16.43,-11.41],[16.36,-11.37],[16.36,-11.16],[16.32,-11.16],[16.32,-11.11],[16.29,-11.11],[16.29,-11.07],[16.25,-11.06],[16.25,-10.85],[16.22,-10.84],[16.22,-10.8],[16.18,-10.8],[16.18,-10.77],[16.14,-10.75],[16.14,-10.62],[16.07,-10.6],[16.07,-10.64],[16.04,-10.64],[16.04,-10.7],[15.96,-10.69],[15.96,-10.6],[15.93,-10.57],[15.93,-10.54],[15.89,-10.5],[15.89,-10.47],[15.82,-10.42],[15.82,-10.4],[15.75,-10.35],[15.68,-10.32],[15.68,-10.3],[15.6,-10.3],[15.57,-10.29],[15.57,-10.22],[15.64,-10.22],[15.68,-10.2],[15.86,-10.2],[15.93,-10.19],[15.93,-10.15],[15.96,-10.12],[15.96,-10.03],[16.0,-10.0],[16.14,-10.0],[16.22,-9.97],[16.25,-9.97],[16.25,-9.83],[16.22,-9.83],[16.22,-9.8],[16.14,-9.83],[16.14,-9.9],[16.07,-9.9],[16.07,-9.83],[16.04,-9.83],[16.04,-9.72],[15.96,-9.7],[15.82,-9.7],[15.75,-9.73],[15.75,-9.78],[15.71,-9.8],[15.64,-9.8],[15.57,-9.8],[15.57,-9.9],[15.64,-9.95],[15.71,-9.98],[15.82,-10.0],[15.86,-10.02],[15.86,-10.08],[15.82,-10.1],[15.71,-10.1],[15.64,-10.07],[15.64,-10.02],[15.6,-10.0],[15.57,-10.02],[15.57,-10.07],[15.5,-10.1],[15.39,-10.1],[15.35,-10.08],[15.35,-10.05],[15.32,-10.03],[15.32,-10.0],[15.28,-10.0],[15.28,-10.03],[15.21,-10.1],[15.1,-10.1],[15.06,-10.07],[15.06,-9.95],[15.03,-9.92],[14.99,-9.9],[14.96,-9.92],[14.92,-9.95],[14.92,-10.0],[14.88,-10.0],[14.88,-9.95],[14.85,-9.92],[14.81,-9.9],[14.78,-9.92],[14.74,-9.95],[14.74,-10.07],[14.7,-10.1],[14.42,-10.1],[14.34,-10.05],[14.34,-9.97],[14.38,-9.95],[14.38,-9.9],[14.45,-9.87],[14.49,-9.8],[14.56,-9.77],[14.56,-9.73],[14.52,-9.7],[14.38,-9.7],[14.24,-9.65],[14.2,-9.58],[14.13,-9.53],[14.13,-9.52],[14.06,-9.5],[13.95,-9.5],[13.88,-9.48],[13.88,-9.45],[13.84,-9.43],[13.84,-9.32],[13.77,-9.33],[13.7,-9.4],[13.66,-9.47],[13.55,-9.53],[13.55,-9.57],[13.48,-9.58],[13.44,-9.57],[13.44,-9.53],[13.41,-9.5],[13.37,-9.5],[13.37,-9.53],[13.34,-9.58],[13.26,-9.6],[13.26,-9.5],[13.23,-9.48],[13.23,-9.43],[13.16,-9.33],[13.08,-9.3],[13.08,-9.2],[13.12,-9.18],[13.12,-9.15],[13.16,-9.11],[13.16,-8.86],[13.19,-8.83],[13.19,-8.78],[13.26,-8.75],[13.19,-8.71],[13.19,-8.66],[13.16,-8.63],[13.16,-8.28],[13.12,-8.24],[13.12,-8.21],[13.08,-8.19],[13.01,-8.19],[12.94,-8.16],[12.94,-8.13],[12.9,-8.13],[12.83,-8.16],[12.8,-8.21],[12.72,-8.26],[12.65,-8.36],[12.65,-8.43],[12.58,-8.5],[12.54,-8.56],[12.47,-8.63],[12.33,-8.75],[12.22,-8.8],[12.15,-8.76],[12.11,-8.73],[12.11,-8.71],[12.08,-8.71],[12.08,-8.73],[12.04,-8.78],[12.0,-8.8],[11.93,-8.8],[11.9,-8.76],[11.82,-8.73],[11.75,-8.65],[11.75,-8.55],[11.72,-8.51],[11.61,-8.51],[11.57,-8.5],[11.46,-8.5],[11.39,-8.51],[11.32,-8.51],[11.25,-8.55],[11.25,-8.58],[11.18,-8.6],[11.18,-8.56],[11.14,-8.55],[11.14,-8.46],[11.18,-8.43],[11.32,-8.38],[11.43,-8.28],[11.43,-8.18],[11.46,-8.13],[11.46,-8.01],[11.5,-7.99],[11.57,-7.99],[11.61,-7.98],[11.72,-7.89],[11.72,-7.86],[11.75,-7.83],[11.75,-7.73],[11.79,-7.69],[11.82,-7.69],[11.82,-7.73],[11.86,-7.73],[11.86,-7.78],[11.9,-7.81],[11.97,-7.81],[12.04,-7.78],[12.04,-7.68],[12.08,-7.64],[12.08,-7.61],[12.15,-7.63],[12.15,-7.76],[12.26,-7.81],[12.47,-7.81],[12.54,-7.83],[12.54,-7.86],[12.58,-7.89],[12.69,-7.89],[12.76,-7.93],[12.76,-7.98],[12.8,-7.99],[12.9,-7.99],[12.94,-7.98],[12.94,-7.84],[12.9,-7.83],[12.9,-7.79],[12.87,-7.78],[12.87,-7.74],[12.8,-7.71],[12.8,-7.68],[12.76,-7.66],[12.76,-7.54],[12.72,-7.53],[12.72,-7.51],[12.65,-7.47],[12.65,-7.34],[12.58,-7.29],[12.58,-7.26],[12.54,-7.24],[12.54,-7.06],[12.51,-7.04],[12.51,-6.99],[12.44,-6.94],[12.44,-6.92],[12.36,-6.87],[12.36,-6.76],[12.33,-6.76],[12.33,-6.72],[12.26,-6.72],[12.26,-6.77],[12.15,-6.77],[12.15,-6.62],[12.11,-6.6],[12.08,-6.6],[12.08,-6.55],[12.04,-6.54],[12.04,-6.45],[12.08,-6.42],[12.11,-6.4],[12.18,-6.4],[12.26,-6.35],[12.26,-6.14],[12.29,-6.1],[12.33,-6.1],[12.33,-6.04],[12.36,-6.0],[12.36,-5.82],[12.44,-5.8],[12.44,-5.65],[12.36,-5.55],[12.33,-5.53],[12.26,-5.5],[12.18,-5.5],[12.15,-5.48],[12.15,-5.42],[12.11,-5.4],[12.04,-5.4],[12.04,-5.38],[11.97,-5.38],[11.97,-5.12],[12.04,-5.08],[12.04,-5.03],[11.97,-4.98],[11.97,-4.93],[12.0,-4.91],[12.0,-4.88],[12.08,-4.81],[12.11,-4.8],[12.11,-4.76],[12.15,-4.73],[12.08,-4.7],[12.04,-4.66],[12.04,-4.63],[12.08,-4.61],[12.15,-4.6],[12.22,-4.63],[12.26,-4.65],[12.26,-4.88],[12.33,-4.91],[12.33,-4.98],[12.36,-5.02],[12.36,-5.18],[12.33,-5.22],[12.33,-5.3],[12.26,-5.32],[12.26,-5.38],[12.29,-5.38],[12.47,-5.38],[12.54,-5.37],[12.58,-5.33],[12.58,-5.3],[12.62,-5.3],[12.62,-5.33],[12.65,-5.37],[12.72,-5.38],[12.83,-5.38],[12.87,-5.35],[12.83,-5.35],[12.83,-5.3],[12.76,-5.28],[12.76,-5.23],[12.83,-5.22],[12.83,-5.25],[12.87,-5.25],[12.87,-5.28],[12.9,-5.3],[13.01,-5.3],[13.01,-5.33],[13.05,-5.35],[13.05,-5.47],[13.12,-5.5],[13.16,-5.48],[13.16,-5.4],[13.23,-5.4],[13.23,-5.43],[13.26,-5.47],[13.26,-5.6],[13.41,-5.52],[13.48,-5.4],[13.55,-5.32],[13.55,-5.23],[13.59,-5.2],[13.62,-5.2],[13.62,-5.23],[13.66,-5.23],[13.66,-5.37],[13.62,-5.38],[13.55,-5.42],[13.55,-5.47],[13.62,-5.5],[13.77,-5.5],[13.84,-5.53],[13.84,-5.97],[13.8,-6.0],[13.66,-6.0],[13.59,-5.97],[13.59,-5.95],[13.52,-5.92],[13.48,-5.89],[13.48,-5.85],[13.37,-5.82],[13.34,-5.85],[13.34,-5.87],[13.3,-5.89],[13.3,-5.92],[13.26,-5.94],[13.26,-5.97],[13.3,-5.99],[13.3,-6.0],[13.34,-6.05],[13.44,-6.14],[13.44,-6.15],[13.52,-6.22],[13.52,-6.25],[13.55,-6.29],[13.55,-6.37],[13.59,-6.39],[13.59,-6.42],[13.66,-6.44],[13.66,-6.45],[13.59,-6.5],[13.59,-6.55],[13.55,-6.62],[13.55,-6.84],[13.59,-6.89],[13.62,-6.91],[13.66,-6.89],[13.66,-6.81],[13.73,-6.81],[13.73,-6.86],[13.77,-6.89],[13.77,-6.99],[13.84,-7.04],[13.84,-7.36],[13.8,-7.39],[13.73,-7.39],[13.66,-7.42],[13.62,-7.46],[13.62,-7.51],[13.59,-7.51],[13.59,-7.46],[13.48,-7.41],[13.41,-7.41],[13.37,-7.39],[13.3,-7.39],[13.26,-7.41],[13.19,-7.41],[13.16,-7.42],[13.16,-7.54],[13.19,-7.59],[13.3,-7.68],[13.34,-7.73],[13.34,-7.83],[13.37,-7.84],[13.37,-7.88],[13.52,-7.91],[13.55,-7.96],[13.55,-8.14],[13.59,-8.16],[13.59,-8.19],[13.66,-8.19],[13.73,-8.21],[13.73,-8.24],[13.77,-8.26],[13.77,-8.29],[13.84,-8.28],[13.84,-8.03],[13.8,-7.99],[13.77,-7.99],[13.77,-7.93],[13.88,-7.89],[13.98,-7.89],[14.06,-7.84],[14.06,-7.73],[14.13,-7.69],[14.27,-7.69],[14.38,-7.74],[14.38,-7.81],[14.42,-7.81],[14.42,-7.76],[14.49,-7.71],[14.56,-7.69],[14.63,-7.69],[14.85,-7.74],[14.92,-7.81],[14.92,-7.83],[14.96,-7.86],[14.92,-7.89],[14.78,-7.89],[14.67,-7.93],[14.67,-7.99],[14.63,-8.03],[14.63,-8.08],[14.56,-8.11],[14.49,-8.11],[14.49,-8.13],[14.45,-8.14],[14.45,-8.33],[14.42,-8.36],[14.42,-8.41],[14.34,-8.43],[14.34,-8.46],[14.38,-8.46],[14.45,-8.53],[14.45,-8.65],[14.38,-8.73],[14.27,-8.81],[14.27,-8.96],[14.38,-9.06],[14.38,-9.08],[14.45,-9.06],[14.45,-9.03],[14.49,-9.01],[14.52,-9.01],[14.52,-9.03],[14.6,-9.1],[14.63,-9.08],[14.63,-9.03],[14.67,-9.0],[14.67,-8.9],[14.74,-8.9],[14.74,-8.96],[14.78,-8.96],[14.81,-9.0],[14.88,-9.0],[14.96,-9.03],[14.96,-9.08],[15.03,-9.1],[15.1,-9.1],[15.14,-9.11],[15.14,-9.15],[15.17,-9.18],[15.28,-9.2],[15.35,-9.2],[15.42,-9.23],[15.42,-9.25],[15.5,-9.28],[15.5,-9.3],[15.57,-9.35],[15.57,-9.37],[15.64,-9.4],[15.71,-9.38],[15.82,-9.3],[15.82,-9.25],[15.86,-9.21],[15.86,-9.13],[15.93,-9.1],[16.0,-9.1],[16.04,-9.06],[16.04,-8.91],[16.07,-8.88],[16.07,-8.81],[16.14,-8.75],[16.14,-8.56],[16.07,-8.46],[16.0,-8.41],[15.93,-8.41],[15.93,-8.4],[15.86,-8.38],[15.86,-8.26],[15.82,-8.24],[15.82,-8.21],[15.78,-8.19],[15.71,-8.19],[15.64,-8.14],[15.64,-8.06],[15.68,-8.04],[15.68,-8.01],[15.75,-7.99],[15.82,-7.98],[15.89,-7.91],[16.0,-7.79],[16.07,-7.74],[16.11,-7.69],[16.18,-7.64],[16.22,-7.63],[16.25,-7.64],[16.25,-7.68],[16.4,-7.69],[16.54,-7.69],[16.65,-7.68],[16.65,-7.64],[16.68,-7.61],[16.76,-7.61],[16.83,-7.58],[16.83,-7.53],[16.86,-7.51],[16.86,-7.22],[16.9,-7.21],[16.97,-7.21],[17.01,-7.19],[17.12,-7.09],[17.12,-7.06],[17.15,-7.02],[17.15,-6.92],[17.19,-6.92],[17.19,-6.91],[17.26,-6.91],[17.26,-6.89],[17.33,-6.87],[17.33,-6.86],[17.48,-6.76],[17.55,-6.72],[17.55,-6.77],[17.62,-6.81],[17.69,-6.81],[17.73,-6.81],[17.8,-6.81],[17.84,-6.82],[17.84,-6.91],[17.76,-6.91],[17.76,-6.97],[17.91,-7.01],[17.98,-7.01],[18.09,-6.99],[18.23,-6.96],[18.3,-6.91],[18.3,-6.87],[18.34,-6.86],[18.34,-6.64],[18.23,-6.52],[18.2,-6.5],[18.16,-6.55],[18.09,-6.59],[18.02,-6.6],[17.62,-6.6],[17.55,-6.54],[17.55,-6.4],[17.62,-6.32],[17.62,-6.29],[17.69,-6.19],[17.8,-6.12],[17.91,-6.0],[17.91,-5.97],[17.94,-5.94],[17.94,-5.85],[18.09,-5.73],[18.16,-5.7],[18.23,-5.7],[18.3,-5.7],[18.34,-5.68],[18.34,-5.47],[18.38,-5.42],[18.41,-5.4],[18.48,-5.4],[18.52,-5.38],[18.59,-5.38],[18.63,-5.37],[18.66,-5.37],[18.66,-5.33],[18.7,-5.32],[18.77,-5.32],[18.81,-5.3],[19.24,-5.3],[19.31,-5.32],[19.38,-5.32],[19.46,-5.35],[19.49,-5.38],[19.49,-5.4],[19.56,-5.47],[19.67,-5.5],[19.74,-5.48],[19.74,-5.43],[19.89,-5.4],[20.03,-5.4],[20.1,-5.38],[20.25,-5.38],[20.32,-5.35],[20.39,-5.32],[20.43,-5.28],[20.46,-5.23],[20.54,-5.17],[20.61,-5.05],[20.64,-5.0],[20.64,-4.91],[20.57,-4.88],[20.57,-4.78],[20.54,-4.75],[20.54,-4.51],[20.5,-4.48],[20.46,-4.48],[20.46,-4.35],[20.54,-4.28],[20.54,-4.25],[20.61,-4.2],[20.68,-4.2],[20.72,-4.18],[20.82,-4.1],[20.82,-4.04],[20.86,-4.03],[20.86,-3.94],[20.9,-3.91],[20.9,-3.88],[20.97,-3.86],[21.0,-3.79],[21.04,-3.78],[21.04,-3.66],[21.08,-3.66],[21.08,-3.59],[21.11,-3.59],[21.15,-3.56],[21.15,-3.43],[21.04,-3.34],[21.15,-3.28],[21.15,-3.22],[21.11,-3.21],[21.04,-3.21],[20.97,-3.19],[20.97,-3.11],[21.04,-3.09],[21.04,-2.96],[21.08,-2.96],[21.08,-2.91],[21.15,-2.89],[21.15,-2.74],[21.18,-2.71],[21.26,-2.67],[21.26,-2.61],[21.22,-2.54],[21.15,-2.44],[21.0,-2.32],[20.86,-2.22],[20.75,-2.2],[20.68,-2.2],[20.61,-2.29],[20.61,-2.3],[20.5,-2.3],[20.46,-2.34],[20.46,-2.42],[20.43,-2.49],[20.43,-2.56],[20.39,-2.62],[20.32,-2.67],[20.28,-2.72],[20.21,-2.77],[20.07,-2.81],[20.03,-2.81],[19.96,-2.82],[19.96,-3.04],[19.92,-3.06],[19.92,-3.09],[19.85,-3.11],[19.6,-3.11],[19.56,-3.09],[19.46,-3.07],[19.46,-3.01],[19.42,-2.99],[19.35,-2.99],[19.24,-3.02],[19.17,-3.06],[19.1,-3.11],[19.06,-3.14],[18.95,-3.24],[18.88,-3.26],[18.84,-3.29],[18.77,-3.29],[18.74,-3.24],[18.77,-3.24],[18.77,-3.21],[18.84,-3.21],[18.88,-3.17],[18.95,-3.14],[19.02,-3.11],[19.02,-3.07],[19.06,-3.02],[19.13,-2.96],[19.13,-2.92],[19.1,-2.89],[19.02,-2.81],[18.88,-2.67],[18.88,-2.62],[18.84,-2.61],[18.84,-2.52],[18.77,-2.51],[18.63,-2.51],[18.56,-2.47],[18.56,-2.44],[18.52,-2.41],[18.45,-2.39],[18.38,-2.39],[18.38,-2.35],[18.34,-2.35],[18.34,-2.25],[18.38,-2.24],[18.38,-2.2],[18.41,-2.2],[18.48,-2.2],[18.56,-2.22],[18.56,-2.27],[18.63,-2.3],[18.7,-2.3],[18.74,-2.32],[18.74,-2.35],[18.81,-2.39],[18.92,-2.39],[18.92,-2.41],[19.02,-2.41],[19.02,-2.44],[19.06,-2.44],[19.06,-2.49],[19.1,-2.51],[19.24,-2.51],[19.24,-2.44],[19.17,-2.37],[19.1,-2.27],[19.06,-2.25],[19.06,-2.22],[19.13,-2.2],[19.13,-2.17],[19.17,-2.15],[19.13,-2.1],[19.06,-2.1],[18.99,-2.07],[18.88,-1.99],[18.88,-1.9],[18.92,-1.9],[18.92,-1.87],[18.95,-1.85],[18.95,-1.74],[18.99,-1.74],[18.99,-1.7],[19.02,-1.69],[19.02,-1.62],[18.99,-1.6],[18.99,-1.59],[18.84,-1.45],[18.81,-1.4],[18.77,-1.37],[18.77,-1.3],[18.88,-1.3],[18.92,-1.28],[18.99,-1.28],[19.02,-1.27],[19.1,-1.2],[19.13,-1.15],[19.13,-1.13],[19.17,-1.08],[19.17,-1.0],[19.24,-1.0],[19.24,-1.07],[19.28,-1.07],[19.28,-1.08],[19.31,-1.1],[19.38,-1.1],[19.38,-1.12],[19.42,-1.12],[19.42,-1.13],[19.46,-1.13],[19.46,-1.27],[19.49,-1.28],[19.56,-1.28],[19.6,-1.3],[19.64,-1.28],[19.67,-1.28],[19.71,-1.28],[19.74,-1.28],[19.74,-1.27],[19.78,-1.25],[19.78,-1.2],[19.82,-1.2],[19.82,-1.23],[19.85,-1.27],[19.92,-1.28],[20.03,-1.28],[20.07,-1.25],[20.07,-1.22],[20.1,-1.2],[20.21,-1.2],[20.21,-1.22],[20.25,-1.23],[20.25,-1.55],[20.32,-1.59],[20.64,-1.59],[20.79,-1.54],[20.79,-1.5],[20.82,-1.47],[20.86,-1.45],[20.86,-1.43],[20.93,-1.42],[20.97,-1.42],[21.0,-1.4],[21.15,-1.4],[21.22,-1.37],[21.26,-1.33],[21.29,-1.32],[21.29,-1.3],[21.33,-1.28],[21.33,-1.27],[21.36,-1.25],[21.36,-1.23],[21.44,-1.2],[21.51,-1.2],[21.51,-1.18],[21.54,-1.18],[21.54,-1.13],[21.58,-1.12],[21.58,-1.1],[21.62,-1.1],[21.62,-1.12],[21.65,-1.13],[21.65,-1.27],[21.72,-1.32],[21.8,-1.37],[21.87,-1.4],[21.98,-1.4],[22.08,-1.37],[22.26,-1.25],[22.3,-1.2],[22.37,-1.15],[22.48,-1.12],[22.55,-1.1],[22.59,-1.12],[22.66,-1.13],[22.66,-1.15],[22.7,-1.17],[22.7,-1.2],[22.73,-1.18],[22.73,-1.15],[22.84,-1.12],[22.91,-1.1],[22.95,-1.1],[23.02,-1.12],[23.06,-1.13],[23.06,-1.17],[23.09,-1.18],[23.09,-1.2],[23.16,-1.2],[23.24,-1.23],[23.24,-1.25],[23.27,-1.27],[23.27,-1.28],[23.38,-1.37],[23.45,-1.4],[23.52,-1.4],[23.56,-1.38],[23.56,-1.3],[23.63,-1.3],[23.63,-1.37],[23.67,-1.38],[23.67,-1.47],[23.74,-1.5],[23.78,-1.5],[23.85,-1.47],[23.88,-1.43],[23.88,-1.4],[23.92,-1.4],[23.92,-1.43],[23.99,-1.45],[24.06,-1.48],[24.21,-1.48],[24.35,-1.5],[24.5,-1.5],[24.64,-1.48],[24.71,-1.47],[24.75,-1.43],[24.78,-1.43],[24.78,-1.42],[24.82,-1.4],[24.89,-1.4],[24.93,-1.38],[24.93,-1.37],[24.96,-1.35],[24.96,-1.33],[25.0,-1.32],[25.04,-1.32],[25.07,-1.3],[25.36,-1.3],[25.47,-1.35],[25.47,-1.37],[25.54,-1.4],[25.72,-1.4],[25.75,-1.42],[25.79,-1.42],[25.86,-1.43],[25.86,-1.47],[25.9,-1.48],[25.93,-1.48],[25.93,-1.5],[26.08,-1.5],[26.15,-1.54],[26.15,-1.59],[26.22,-1.59],[26.26,-1.57],[26.26,-1.43],[26.29,-1.4],[26.37,-1.33],[26.44,-1.3],[26.55,-1.3],[26.62,-1.33],[26.73,-1.42],[26.8,-1.52],[26.83,-1.59],[26.83,-1.62],[26.87,-1.65],[26.87,-1.7],[26.91,-1.69],[26.98,-1.62],[27.01,-1.59],[27.09,-1.52],[27.09,-1.48],[27.12,-1.45],[27.12,-1.42],[27.16,-1.38],[27.16,-1.27],[27.12,-1.25],[27.12,-1.22],[27.09,-1.2],[26.98,-1.2],[26.98,-1.18],[26.94,-1.18],[26.87,-1.15],[26.83,-1.13],[26.8,-1.12],[26.8,-1.08],[26.76,-1.07],[26.73,-1.03],[26.73,-1.02],[26.69,-1.02],[26.65,-1.03],[26.65,-1.07],[26.62,-1.1],[26.51,-1.1],[26.47,-1.07],[26.47,-1.03],[26.44,-1.0],[26.44,-0.92],[26.37,-0.88],[26.37,-0.63],[26.44,-0.6],[26.47,-0.6],[26.55,-0.63],[26.55,-0.65],[26.58,-0.65],[26.58,-0.7],[26.62,-0.7],[26.62,-0.67],[26.65,-0.65],[26.65,-0.63],[26.73,-0.6],[26.8,-0.6],[26.83,-0.6],[26.83,-0.56],[26.87,-0.53],[26.87,-0.51],[26.91,-0.51],[26.94,-0.5],[26.98,-0.5],[26.98,-0.51],[27.01,-0.51],[27.05,-0.53],[27.05,-0.56],[27.09,-0.56],[27.09,-0.6],[27.16,-0.6],[27.19,-0.6],[27.45,-0.6],[27.48,-0.6],[27.52,-0.6],[27.52,-0.56],[27.55,-0.56],[27.55,-0.43],[27.59,-0.41],[27.59,-0.4],[27.63,-0.4],[27.63,-0.41],[27.66,-0.43],[27.66,-0.48],[27.7,-0.48],[27.7,-0.5],[27.81,-0.5],[27.81,-0.48],[27.84,-0.48],[27.84,-0.43],[27.88,-0.43],[27.88,-0.41],[27.91,-0.4],[28.09,-0.4],[28.09,-0.41],[28.13,-0.41],[28.13,-0.43],[28.17,-0.43],[28.17,-0.48],[28.2,-0.5],[28.31,-0.5],[28.31,-0.46],[28.35,-0.43],[28.35,0.19],[28.38,0.24],[28.38,0.29],[28.42,0.31],[28.49,0.31],[28.53,0.32],[28.53,0.34],[28.56,0.34],[28.56,0.36]],[[27.27,-1.15],[27.27,-1.13],[27.23,-1.13],[27.23,-1.12],[27.19,-1.1],[27.19,-1.12],[27.16,-1.12],[27.16,-1.18],[27.19,-1.2],[27.23,-1.2],[27.23,-1.17],[27.27,-1.15]],[[23.06,-2.2],[23.06,-1.99],[23.02,-1.95],[23.02,-1.9],[22.95,-1.9],[22.84,-1.94],[22.8,-1.99],[22.8,-2.02],[22.77,-2.05],[22.7,-2.07],[22.59,-2.12],[22.52,-2.19],[22.48,-2.22],[22.48,-2.27],[22.44,-2.32],[22.44,-2.49],[22.41,-2.49],[22.37,-2.51],[22.37,-2.59],[22.34,-2.62],[22.34,-2.79],[22.26,-2.81],[22.26,-2.94],[22.23,-2.96],[22.23,-2.97],[22.01,-3.07],[22.01,-3.11],[21.98,-3.11],[21.9,-3.19],[21.9,-3.24],[21.87,-3.26],[21.87,-3.53],[21.83,-3.56],[21.83,-3.69],[21.8,-3.69],[21.76,-3.73],[21.76,-3.83],[21.72,-3.91],[21.65,-4.06],[21.58,-4.13],[21.51,-4.18],[21.44,-4.18],[21.36,-4.18],[21.33,-4.15],[21.33,-4.11],[21.29,-4.1],[21.29,-4.13],[21.26,-4.15],[21.26,-4.18],[21.18,-4.2],[21.11,-4.2],[21.08,-4.23],[21.08,-4.26],[21.04,-4.3],[21.08,-4.33],[21.08,-4.36],[21.15,-4.46],[21.22,-4.51],[21.22,-4.56],[21.26,-4.61],[21.26,-4.66],[21.22,-4.7],[21.18,-4.7],[21.18,-4.73],[21.15,-4.75],[21.15,-4.88],[21.11,-4.88],[20.97,-4.93],[20.9,-5.0],[20.86,-5.05],[20.86,-5.2],[20.93,-5.18],[20.93,-5.17],[21.0,-5.1],[21.04,-5.07],[21.15,-5.02],[21.26,-5.0],[21.33,-5.02],[21.33,-5.05],[21.36,-5.08],[21.36,-5.17],[21.44,-5.23],[21.51,-5.28],[21.58,-5.3],[21.69,-5.3],[21.76,-5.33],[21.76,-5.37],[21.65,-5.4],[21.58,-5.4],[21.54,-5.43],[21.54,-5.48],[21.58,-5.48],[21.65,-5.52],[21.65,-5.57],[21.62,-5.6],[21.54,-5.6],[21.47,-5.63],[21.47,-5.65],[21.36,-5.72],[21.26,-5.85],[21.26,-5.99],[21.33,-6.0],[21.36,-5.97],[21.36,-5.92],[21.4,-5.9],[21.51,-5.9],[21.58,-5.89],[21.65,-5.85],[21.69,-5.8],[21.8,-5.7],[21.87,-5.7],[21.94,-5.67],[21.94,-5.65],[22.05,-5.55],[22.05,-5.53],[22.12,-5.52],[22.16,-5.53],[22.16,-5.55],[22.23,-5.62],[22.23,-5.63],[22.37,-5.7],[22.44,-5.7],[22.52,-5.7],[22.55,-5.73],[22.55,-5.78],[22.62,-5.8],[22.7,-5.8],[22.77,-5.85],[22.73,-5.89],[22.66,-5.9],[22.66,-5.99],[22.7,-6.0],[22.8,-6.0],[22.84,-5.97],[22.84,-5.8],[22.88,-5.77],[22.88,-5.7],[22.95,-5.68],[22.95,-5.47],[22.98,-5.43],[22.98,-5.4],[23.06,-5.35],[23.02,-5.33],[23.02,-5.3],[22.95,-5.23],[23.02,-5.18],[23.06,-5.17],[23.06,-5.13],[23.09,-5.12],[23.09,-5.08],[23.13,-5.08],[23.13,-5.03],[23.16,-5.02],[23.16,-4.93],[23.2,-4.91],[23.2,-4.88],[23.24,-4.85],[23.31,-4.81],[23.31,-4.78],[23.34,-4.76],[23.34,-4.71],[23.42,-4.58],[23.49,-4.5],[23.6,-4.41],[23.67,-4.33],[23.78,-4.26],[23.85,-4.21],[23.92,-4.2],[23.99,-4.2],[24.03,-4.18],[24.03,-4.15],[24.06,-4.13],[24.06,-4.03],[24.14,-4.01],[24.17,-4.03],[24.17,-4.1],[24.24,-4.06],[24.24,-4.03],[24.32,-4.01],[24.35,-4.04],[24.35,-4.25],[24.39,-4.26],[24.39,-4.3],[24.5,-4.31],[24.57,-4.33],[24.57,-4.38],[24.6,-4.4],[24.64,-4.38],[24.64,-4.33],[24.71,-4.31],[24.82,-4.28],[24.86,-4.28],[24.86,-4.21],[24.93,-4.2],[25.0,-4.2],[25.04,-4.18],[25.04,-4.16],[25.07,-4.13],[25.18,-4.11],[25.29,-4.11],[25.36,-4.1],[25.54,-4.1],[25.61,-4.11],[25.75,-4.11],[25.83,-4.13],[25.83,-4.15],[25.9,-4.18],[26.01,-4.2],[26.19,-4.2],[26.33,-4.16],[26.37,-4.16],[26.37,-4.13],[26.44,-4.1],[26.55,-4.1],[26.65,-4.04],[26.65,-4.03],[26.73,-3.98],[26.8,-3.88],[26.83,-3.86],[26.83,-3.81],[26.76,-3.79],[26.69,-3.79],[26.65,-3.76],[26.65,-3.69],[26.62,-3.66],[26.62,-3.59],[26.47,-3.48],[26.47,-3.43],[26.44,-3.41],[26.44,-3.33],[26.33,-3.29],[26.26,-3.29],[26.15,-3.33],[26.15,-3.38],[26.08,-3.41],[26.04,-3.41],[25.97,-3.38],[25.97,-3.33],[25.93,-3.29],[25.93,-3.21],[25.9,-3.21],[25.9,-3.17],[25.86,-3.16],[25.86,-2.86],[25.83,-2.81],[25.83,-2.71],[25.75,-2.67],[25.75,-2.64],[25.86,-2.61],[26.15,-2.61],[26.26,-2.64],[26.26,-2.67],[26.22,-2.67],[26.15,-2.71],[26.15,-2.76],[26.19,-2.79],[26.26,-2.79],[26.29,-2.81],[26.47,-2.81],[26.58,-2.81],[26.65,-2.84],[26.65,-2.86],[26.73,-2.91],[26.73,-2.99],[26.65,-3.02],[26.65,-3.06],[26.76,-3.11],[26.87,-3.11],[26.94,-3.07],[26.94,-2.74],[26.91,-2.69],[26.87,-2.69],[26.87,-2.61],[26.83,-2.57],[26.83,-2.44],[26.8,-2.39],[26.73,-2.35],[26.65,-2.34],[26.55,-2.32],[26.4,-2.3],[26.04,-2.3],[25.97,-2.29],[25.9,-2.29],[25.75,-2.25],[25.75,-2.22],[25.68,-2.2],[25.61,-2.2],[25.58,-2.17],[25.54,-2.17],[25.54,-2.12],[25.5,-2.1],[25.43,-2.1],[25.4,-2.07],[25.36,-2.07],[25.36,-2.05],[25.32,-2.02],[25.25,-2.05],[25.22,-2.07],[25.22,-2.1],[25.04,-2.25],[24.96,-2.29],[24.96,-2.3],[24.89,-2.3],[24.86,-2.32],[24.86,-2.35],[24.78,-2.39],[24.57,-2.39],[24.5,-2.41],[24.35,-2.41],[24.24,-2.44],[24.24,-2.47],[24.14,-2.51],[23.99,-2.51],[23.85,-2.47],[23.85,-2.44],[23.81,-2.41],[23.78,-2.41],[23.78,-2.46],[23.7,-2.51],[23.6,-2.51],[23.56,-2.52],[23.56,-2.56],[23.45,-2.61],[23.34,-2.61],[23.27,-2.57],[23.24,-2.54],[23.24,-2.51],[23.2,-2.51],[23.09,-2.51],[23.09,-2.47],[23.06,-2.46],[23.06,-2.2]],[[28.24,-2.05],[28.24,-2.0],[28.17,-2.0],[28.17,-2.09],[28.2,-2.1],[28.24,-2.09],[28.24,-2.05]],[[23.34,-2.46],[23.34,-2.41],[23.27,-2.41],[23.27,-2.44],[23.24,-2.44],[23.27,-2.47],[23.27,-2.51],[23.34,-2.51],[23.34,-2.46]],[[21.94,-2.96],[21.94,-2.91],[21.87,-2.91],[21.87,-2.99],[21.94,-2.99],[21.94,-2.96]],[[26.65,-3.14],[26.62,-3.11],[26.55,-3.11],[26.44,-3.11],[26.37,-3.11],[26.37,-3.17],[26.47,-3.21],[26.55,-3.21],[26.55,-3.19],[26.62,-3.19],[26.65,-3.17],[26.65,-3.14]],[[21.44,-4.04],[21.44,-4.01],[21.36,-4.01],[21.36,-4.1],[21.44,-4.1],[21.44,-4.04]],[[20.86,-4.55],[20.86,-4.51],[20.79,-4.5],[20.75,-4.51],[20.75,-4.58],[20.82,-4.6],[20.86,-4.58],[20.86,-4.55]],[[20.75,-4.65],[20.75,-4.61],[20.72,-4.6],[20.64,-4.63],[20.64,-4.68],[20.68,-4.7],[20.75,-4.68],[20.75,-4.65]],[[27.73,-5.15],[27.73,-5.1],[27.66,-5.1],[27.66,-5.2],[27.73,-5.2],[27.73,-5.15]],[[24.75,-5.8],[24.75,-5.73],[24.71,-5.7],[24.64,-5.7],[24.57,-5.7],[24.57,-5.77],[24.64,-5.84],[24.64,-5.85],[24.68,-5.89],[24.75,-5.89],[24.75,-5.8]],[[25.54,-6.25],[25.54,-6.2],[25.47,-6.2],[25.47,-6.3],[25.54,-6.3],[25.54,-6.25]],[[25.14,-6.35],[25.14,-6.3],[25.11,-6.3],[25.07,-6.3],[25.07,-6.4],[25.14,-6.39],[25.14,-6.35]],[[23.34,-7.24],[23.34,-7.22],[23.27,-7.21],[23.2,-7.21],[23.13,-7.21],[23.06,-7.26],[22.91,-7.37],[22.84,-7.51],[22.88,-7.58],[22.95,-7.63],[22.95,-7.68],[22.88,-7.68],[22.84,-7.66],[22.84,-7.63],[22.8,-7.63],[22.73,-7.66],[22.73,-7.68],[22.62,-7.78],[22.55,-7.94],[22.55,-8.14],[22.59,-8.18],[22.66,-8.21],[22.73,-8.26],[22.8,-8.31],[22.88,-8.36],[22.95,-8.45],[23.02,-8.5],[23.09,-8.56],[23.16,-8.58],[23.24,-8.6],[23.38,-8.6],[23.38,-8.58],[23.45,-8.58],[23.45,-8.43],[23.56,-8.4],[23.63,-8.38],[23.63,-8.34],[23.67,-8.33],[23.67,-8.21],[23.7,-8.21],[23.7,-8.18],[23.74,-8.18],[23.74,-8.14],[23.7,-8.13],[23.7,-8.11],[23.67,-8.08],[23.67,-8.04],[23.56,-7.94],[23.49,-7.88],[23.45,-7.83],[23.45,-7.74],[23.52,-7.69],[23.67,-7.69],[23.74,-7.73],[23.74,-7.76],[23.81,-7.81],[23.88,-7.81],[23.92,-7.83],[24.03,-7.91],[24.03,-7.98],[23.99,-7.99],[23.99,-8.03],[23.96,-8.06],[23.96,-8.36],[24.06,-8.41],[24.14,-8.4],[24.14,-8.34],[24.21,-8.31],[24.28,-8.29],[24.46,-8.29],[24.6,-8.28],[24.64,-8.26],[24.75,-8.16],[24.75,-8.11],[24.53,-8.11],[24.46,-8.13],[24.39,-8.18],[24.32,-8.11],[24.24,-8.04],[24.24,-7.98],[24.32,-7.93],[24.42,-7.78],[24.57,-7.66],[24.6,-7.59],[24.68,-7.53],[24.75,-7.44],[24.82,-7.39],[24.82,-7.36],[24.86,-7.34],[24.86,-7.31],[24.75,-7.29],[24.71,-7.31],[24.64,-7.31],[24.57,-7.34],[24.53,-7.36],[24.53,-7.39],[24.46,-7.36],[24.46,-7.34],[24.35,-7.31],[23.96,-7.31],[23.85,-7.36],[23.81,-7.37],[23.81,-7.41],[23.74,-7.47],[23.67,-7.49],[23.67,-7.47],[23.6,-7.41],[23.6,-7.37],[23.56,-7.36],[23.49,-7.32],[23.49,-7.31],[23.42,-7.31],[23.38,-7.27],[23.34,-7.27],[23.34,-7.24]],[[17.15,-7.36],[17.15,-7.32],[17.08,-7.31],[17.04,-7.32],[17.04,-7.37],[17.08,-7.39],[17.15,-7.37],[17.15,-7.36]],[[18.16,-7.51],[18.16,-7.47],[18.12,-7.42],[18.09,-7.41],[17.98,-7.41],[17.91,-7.39],[17.73,-7.39],[17.66,-7.41],[17.58,-7.41],[17.55,-7.42],[17.48,-7.42],[17.44,-7.44],[17.44,-7.47],[17.37,-7.51],[17.37,-7.58],[17.44,-7.63],[17.44,-7.83],[17.48,-7.83],[17.48,-7.89],[17.55,-7.88],[17.55,-7.74],[17.58,-7.71],[17.66,-7.69],[17.84,-7.69],[17.94,-7.73],[17.94,-7.88],[17.87,-7.91],[17.87,-7.99],[17.84,-8.01],[17.84,-8.19],[17.76,-8.21],[17.76,-8.33],[17.87,-8.48],[17.91,-8.5],[17.94,-8.55],[18.16,-8.63],[18.16,-8.66],[18.12,-8.7],[18.05,-8.73],[18.05,-8.75],[18.09,-8.76],[18.09,-8.8],[18.16,-8.86],[18.23,-8.88],[18.23,-8.86],[18.27,-8.85],[18.27,-8.81],[18.38,-8.8],[18.45,-8.83],[18.45,-8.88],[18.48,-8.88],[18.52,-8.9],[18.59,-8.9],[18.66,-8.93],[18.66,-8.98],[18.7,-8.98],[18.77,-8.95],[18.81,-8.88],[18.84,-8.88],[18.84,-8.81],[18.77,-8.8],[18.77,-8.71],[18.74,-8.68],[18.74,-8.61],[18.77,-8.58],[18.77,-8.51],[18.81,-8.48],[18.84,-8.48],[18.84,-8.43],[18.81,-8.43],[18.81,-8.4],[18.77,-8.38],[18.77,-8.34],[18.7,-8.31],[18.66,-8.31],[18.63,-8.36],[18.63,-8.4],[18.56,-8.36],[18.56,-8.33],[18.45,-8.29],[18.34,-8.29],[18.27,-8.33],[18.23,-8.36],[18.23,-8.4],[18.16,-8.38],[18.09,-8.29],[18.09,-8.28],[18.05,-8.23],[18.16,-8.19],[18.27,-8.19],[18.34,-8.18],[18.34,-8.13],[18.3,-8.11],[18.23,-8.11],[18.16,-8.08],[18.16,-8.03],[18.23,-7.99],[18.38,-7.99],[18.45,-7.98],[18.45,-7.83],[18.41,-7.81],[18.38,-7.81],[18.38,-7.76],[18.34,-7.74],[18.34,-7.63],[18.3,-7.61],[18.16,-7.58],[18.16,-7.51]],[[25.54,-7.54],[25.54,-7.51],[25.47,-7.51],[25.47,-7.74],[25.5,-7.78],[25.5,-7.81],[25.54,-7.81],[25.65,-7.78],[25.72,-7.69],[25.72,-7.68],[25.75,-7.66],[25.75,-7.63],[25.72,-7.61],[25.65,-7.61],[25.65,-7.59],[25.58,-7.59],[25.58,-7.56],[25.54,-7.54]],[[24.96,-7.76],[24.93,-7.69],[24.86,-7.73],[24.86,-7.74],[24.78,-7.81],[24.78,-7.83],[24.75,-7.86],[24.78,-7.89],[24.86,-7.89],[24.93,-7.91],[24.96,-7.94],[24.96,-7.98],[24.86,-8.01],[24.86,-8.08],[24.93,-8.11],[25.07,-8.08],[25.18,-8.01],[25.29,-7.93],[25.36,-7.83],[25.36,-7.78],[25.32,-7.74],[25.32,-7.71],[25.25,-7.69],[25.14,-7.69],[25.04,-7.74],[25.04,-7.78],[24.96,-7.76]],[[24.75,-7.96],[24.75,-7.91],[24.68,-7.89],[24.68,-7.93],[24.64,-7.93],[24.64,-7.98],[24.68,-7.99],[24.75,-7.98],[24.75,-7.96]],[[17.66,-8.04],[17.62,-7.99],[17.58,-7.99],[17.55,-8.03],[17.55,-8.08],[17.58,-8.11],[17.66,-8.08],[17.66,-8.04]],[[18.95,-8.26],[18.95,-8.14],[18.92,-8.11],[18.84,-8.13],[18.77,-8.23],[18.77,-8.28],[18.81,-8.29],[18.81,-8.33],[18.84,-8.36],[18.92,-8.4],[18.95,-8.38],[18.95,-8.26]],[[16.76,-8.56],[16.76,-8.45],[16.68,-8.41],[16.61,-8.41],[16.54,-8.43],[16.54,-8.46],[16.61,-8.5],[16.65,-8.53],[16.65,-8.66],[16.68,-8.68],[16.68,-8.71],[16.72,-8.7],[16.72,-8.66],[16.76,-8.63],[16.76,-8.56]],[[19.56,-8.45],[19.49,-8.41],[19.31,-8.41],[19.28,-8.43],[19.28,-8.45],[19.24,-8.46],[19.24,-8.6],[19.28,-8.63],[19.28,-8.7],[19.35,-8.73],[19.35,-8.86],[19.38,-8.88],[19.38,-8.9],[19.46,-8.91],[19.46,-8.96],[19.42,-9.0],[19.35,-9.0],[19.28,-9.01],[19.24,-9.03],[19.24,-9.06],[19.35,-9.11],[19.35,-9.25],[19.38,-9.27],[19.38,-9.3],[19.42,-9.3],[19.42,-9.33],[19.46,-9.33],[19.46,-9.47],[19.56,-9.5],[19.67,-9.5],[19.74,-9.52],[19.74,-9.57],[19.78,-9.57],[19.82,-9.6],[20.0,-9.6],[20.07,-9.53],[20.03,-9.53],[20.03,-9.5],[20.0,-9.5],[20.0,-9.48],[19.96,-9.47],[19.96,-9.03],[20.0,-9.01],[20.14,-8.98],[20.14,-8.93],[20.03,-8.85],[19.92,-8.8],[19.89,-8.8],[19.85,-8.83],[19.85,-8.86],[19.82,-8.88],[19.82,-8.9],[19.78,-8.9],[19.78,-8.81],[19.82,-8.8],[19.82,-8.76],[19.85,-8.75],[19.92,-8.7],[19.92,-8.6],[19.85,-8.55],[19.78,-8.51],[19.71,-8.5],[19.6,-8.5],[19.56,-8.48],[19.56,-8.45]],[[18.95,-8.56],[18.95,-8.51],[18.88,-8.5],[18.84,-8.53],[18.84,-8.58],[18.92,-8.6],[18.95,-8.58],[18.95,-8.56]],[[23.24,-8.95],[23.24,-8.9],[23.16,-8.9],[23.16,-9.0],[23.24,-9.0],[23.24,-8.95]],[[14.56,-9.15],[14.52,-9.1],[14.45,-9.11],[14.45,-9.18],[14.49,-9.2],[14.56,-9.18],[14.56,-9.15]],[[22.26,-9.2],[22.26,-9.16],[22.23,-9.15],[22.23,-9.11],[22.19,-9.1],[22.08,-9.1],[22.05,-9.11],[22.05,-9.15],[22.08,-9.18],[22.19,-9.3],[22.26,-9.27],[22.26,-9.2]],[[16.14,-9.3],[16.14,-9.21],[16.07,-9.2],[16.07,-9.27],[16.04,-9.28],[16.04,-9.33],[16.07,-9.33],[16.07,-9.38],[16.11,-9.4],[16.14,-9.38],[16.14,-9.3]],[[20.54,-9.25],[20.54,-9.2],[20.46,-9.2],[20.46,-9.3],[20.54,-9.3],[20.54,-9.25]],[[14.45,-9.55],[14.45,-9.52],[14.38,-9.5],[14.34,-9.52],[14.34,-9.58],[14.38,-9.6],[14.45,-9.58],[14.45,-9.55]],[[16.86,-9.75],[16.83,-9.7],[16.76,-9.7],[16.76,-9.8],[16.83,-9.8],[16.86,-9.75]],[[18.77,-9.87],[18.66,-9.8],[18.59,-9.8],[18.48,-9.83],[18.45,-9.87],[18.45,-10.24],[18.48,-10.25],[18.48,-10.29],[18.56,-10.3],[18.66,-10.29],[18.74,-10.25],[18.81,-10.2],[18.84,-10.15],[18.84,-9.95],[18.77,-9.87]],[[14.56,-9.95],[14.52,-9.9],[14.45,-9.92],[14.45,-9.98],[14.52,-9.98],[14.56,-9.97],[14.56,-9.95]],[[19.17,-10.75],[19.13,-10.72],[19.13,-10.7],[19.06,-10.7],[19.06,-10.79],[19.13,-10.8],[19.13,-10.77],[19.17,-10.75]],[[19.56,-10.75],[19.56,-10.72],[19.53,-10.72],[19.53,-10.7],[19.46,-10.7],[19.46,-10.79],[19.53,-10.8],[19.53,-10.77],[19.56,-10.75]],[[18.74,-11.94],[18.74,-11.93],[18.7,-11.91],[18.59,-11.91],[18.56,-11.93],[18.56,-11.98],[18.59,-11.99],[18.7,-11.99],[18.74,-11.98],[18.74,-11.94]],[[18.74,-12.66],[18.74,-12.61],[18.7,-12.59],[18.66,-12.61],[18.66,-12.68],[18.74,-12.7],[18.74,-12.66]],[[21.87,-15.29],[21.83,-15.26],[21.83,-15.22],[21.8,-15.2],[21.69,-15.2],[21.65,-15.22],[21.65,-15.26],[21.69,-15.26],[21.69,-15.29],[21.8,-15.39],[21.83,-15.41],[21.83,-15.37],[21.87,-15.34],[21.87,-15.29]]]}},{"type":"Feature","properties":{"precip":10},"geometry":{"type":"Polygon","coordinates":[[[23.7,-2.67],[23.78,-2.62],[23.85,-2.61],[23.96,-2.61],[24.03,-2.66],[24.1,-2.67],[24.14,-2.71],[24.14,-2.81],[24.06,-2.81],[23.99,-2.79],[23.92,-2.74],[23.92,-2.69],[23.88,-2.71],[23.88,-2.74],[23.85,-2.77],[23.78,-2.81],[23.67,-2.81],[23.67,-2.74],[23.7,-2.71],[23.7,-2.67]]]}},{"type":"Feature","properties":{"precip":10},"geometry":{"type":"Polygon","coordinates":[[[24.71,-3.41],[24.75,-3.36],[24.86,-3.26],[24.86,-3.24],[24.89,-3.21],[24.96,-3.22],[24.96,-3.26],[24.93,-3.29],[24.93,-3.36],[24.89,-3.41],[24.82,-3.46],[24.78,-3.53],[24.6,-3.69],[24.42,-3.73],[24.21,-3.73],[24.1,-3.73],[24.03,-3.79],[23.96,-3.84],[23.92,-3.89],[23.85,-3.96],[23.81,-4.01],[23.74,-4.03],[23.7,-4.06],[23.63,-4.1],[23.42,-4.1],[23.38,-4.06],[23.34,-4.06],[23.34,-4.03],[23.38,-4.01],[23.49,-3.99],[23.56,-3.94],[23.63,-3.88],[23.7,-3.79],[23.78,-3.73],[23.88,-3.63],[23.96,-3.59],[24.06,-3.56],[24.06,-3.53],[24.1,-3.51],[24.14,-3.53],[24.14,-3.56],[24.21,-3.58],[24.28,-3.59],[24.39,-3.59],[24.5,-3.58],[24.57,-3.54],[24.64,-3.44],[24.71,-3.41]]]}},{"type":"Feature","properties":{"precip":10},"geometry":{"type":"Polygon","coordinates":[[[22.34,-3.49],[22.37,-3.46],[22.37,-3.41],[22.44,-3.41],[22.44,-3.46],[22.48,-3.46],[22.52,-3.49],[22.59,-3.49],[22.66,-3.53],[22.77,-3.56],[22.84,-3.63],[22.84,-3.69],[22.77,-3.73],[22.66,-3.73],[22.66,-3.69],[22.59,-3.69],[22.55,-3.69],[22.55,-3.63],[22.48,-3.59],[22.41,-3.59],[22.37,-3.56],[22.37,-3.53],[22.34,-3.49]]]}},{"type":"Feature","properties":{"precip":10},"geometry":{"type":"Polygon","coordinates":[[[24.96,-3.94],[24.96,-3.91],[25.04,-3.89],[25.04,-3.99],[24.96,-3.99],[24.96,-3.94]]]}},{"type":"Feature","properties":{"precip":10},"geometry":{"type":"Polygon","coordinates":[[[22.3,-4.88],[22.37,-4.81],[22.41,-4.8],[22.48,-4.8],[22.52,-4.81],[22.62,-4.91],[22.62,-4.93],[22.66,-4.95],[22.59,-5.0],[22.59,-5.03],[22.55,-5.05],[22.55,-5.17],[22.52,-5.2],[22.34,-5.2],[22.26,-5.18],[22.26,-4.93],[22.3,-4.91],[22.3,-4.88]]]}},{"type":"Feature","properties":{"precip":10},"geometry":{"type":"Polygon","coordinates":[[[21.94,-4.95],[21.94,-4.93],[21.98,-4.93],[21.98,-4.9],[22.05,-4.91],[22.05,-4.98],[21.98,-5.0],[21.94,-4.95]]]}},{"type":"Feature","properties":{"precip":10},"geometry":{"type":"Polygon","coordinates":[[[22.77,-7.96],[22.77,-7.83],[22.8,-7.81],[22.88,-7.84],[22.91,-7.89],[22.91,-7.93],[22.95,-7.94],[22.98,-7.98],[23.09,-8.01],[23.16,-8.06],[23.24,-8.13],[23.24,-8.19],[23.09,-8.19],[23.06,-8.18],[23.06,-8.13],[22.98,-8.11],[22.84,-8.11],[22.84,-8.09],[22.77,-8.08],[22.77,-7.96]]]}},{"type":"Feature","properties":{"precip":10},"geometry":{"type":"Polygon","coordinates":[[[17.94,-8.04],[17.98,-7.99],[18.05,-8.01],[18.05,-8.09],[18.02,-8.11],[17.94,-8.08],[17.94,-8.04]]]}},{"type":"Feature","properties":{"precip":10},"geometry":{"type":"Polygon","coordinates":[[[26.76,0.24],[26.76,0.29],[26.8,0.29],[26.8,0.31],[26.83,0.29],[26.83,0.27],[26.87,0.26],[26.87,0.22],[26.91,0.21],[26.91,0.22],[26.94,0.22],[26.94,0.24],[26.98,0.27],[26.98,0.29],[27.01,0.29],[27.01,0.27],[27.05,0.26],[27.05,0.22],[27.12,0.21],[27.23,0.21],[27.23,0.14],[27.19,0.1],[27.19,0.07],[27.12,0.05],[27.09,0.02],[27.01,0.0],[26.8,0.0],[26.76,0.02],[26.76,0.07],[26.73,0.07],[26.69,0.09],[26.62,0.09],[26.62,0.1],[26.58,0.1],[26.58,0.12],[26.55,0.12],[26.55,0.17],[26.62,0.21],[26.69,0.21],[26.69,0.22],[26.73,0.22],[26.76,0.24]]]}},{"type":"Feature","properties":{"precip":10},"geometry":{"type":"Polygon","coordinates":[[[98.65,0.09],[98.65,0.14],[98.68,0.15],[98.68,0.19],[98.68,0.21],[98.79,0.21],[98.79,0.19],[98.86,0.17],[98.86,0.15],[98.79,0.14],[98.79,0.1],[98.79,0.07],[98.75,0.04],[98.68,0.02],[98.68,0.0],[98.68,0.02],[98.65,0.04],[98.65,0.09]]]}},{"type":"Feature","properties":{"precip":10},"geometry":{"type":"Polygon","coordinates":[[[-9.38,-0.28],[-9.38,-0.25],[-9.3,-0.23],[-9.3,-0.21],[-9.27,-0.21],[-9.23,-0.23],[-9.27,-0.23],[-9.27,-0.28],[-9.3,-0.3],[-9.3,-0.31],[-9.34,-0.33],[-9.38,-0.36],[-9.38,-0.38],[-9.41,-0.38],[-9.45,-0.38],[-9.45,-0.35],[-9.38,-0.28]]]}},{"type":"Feature","properties":{"precip":10},"geometry":{"type":"Polygon","coordinates":[[[12.15,-0.35],[12.15,-0.31],[12.18,-0.31],[12.18,-0.3],[12.22,-0.3],[12.22,-0.31],[12.26,-0.33],[12.26,-0.38],[12.22,-0.38],[12.22,-0.4],[12.18,-0.4],[12.18,-0.38],[12.15,-0.38],[12.15,-0.35]]]}},{"type":"Feature","properties":{"precip":10},"geometry":{"type":"Polygon","coordinates":[[[25.93,-0.4],[25.97,-0.36],[25.97,-0.3],[26.01,-0.31],[26.15,-0.43],[26.15,-0.48],[26.11,-0.5],[26.01,-0.5],[25.97,-0.48],[25.97,-0.41],[25.93,-0.4]]]}},{"type":"Feature","properties":{"precip":10},"geometry":{"type":"Polygon","coordinates":[[[98.43,-0.35],[98.43,-0.31],[98.5,-0.3],[98.54,-0.3],[98.54,-0.4],[98.5,-0.4],[98.43,-0.38],[98.43,-0.35]]]}},{"type":"Feature","properties":{"precip":10},"geometry":{"type":"Polygon","coordinates":[[[9.16,-0.65],[9.16,-0.63],[9.2,-0.63],[9.2,-0.6],[9.31,-0.6],[9.31,-0.63],[9.34,-0.63],[9.34,-0.68],[9.27,-0.7],[9.23,-0.7],[9.16,-0.68],[9.16,-0.65]]]}},{"type":"Feature","properties":{"precip":10},"geometry":{"type":"Polygon","coordinates":[[[12.54,-0.65],[12.54,-0.63],[12.58,-0.63],[12.58,-0.6],[12.62,-0.6],[12.62,-0.63],[12.65,-0.65],[12.65,-0.85],[12.62,-0.87],[12.62,-0.9],[12.58,-0.9],[12.58,-0.88],[12.54,-0.88],[12.54,-0.83],[12.51,-0.82],[12.47,-0.82],[12.47,-0.8],[12.4,-0.8],[12.36,-0.78],[12.36,-0.72],[12.4,-0.7],[12.47,-0.7],[12.47,-0.68],[12.51,-0.68],[12.54,-0.68],[12.54,-0.65]]]}},{"type":"Feature","properties":{"precip":10},"geometry":{"type":"Polygon","coordinates":[[[20.82,-0.87],[20.82,-0.85],[20.86,-0.83],[20.9,-0.83],[20.93,-0.83],[20.93,-0.82],[21.04,-0.82],[21.08,-0.8],[21.11,-0.8],[21.15,-0.82],[21.18,-0.82],[21.22,-0.83],[21.26,-0.85],[21.26,-0.95],[21.22,-0.98],[21.18,-0.98],[21.15,-0.98],[21.08,-1.0],[20.93,-1.0],[20.86,-0.98],[20.79,-0.98],[20.75,-0.97],[20.75,-0.95],[20.79,-0.92],[20.82,-0.87]]]}},{"type":"Feature","properties":{"precip":10},"geometry":{"type":"Polygon","coordinates":[[[98.75,-1.0],[98.75,-0.95],[98.79,-0.93],[98.79,-0.92],[98.79,-0.9],[98.93,-0.9],[98.93,-0.97],[98.9,-0.98],[98.9,-1.03],[98.86,-1.07],[98.79,-1.1],[98.75,-1.08],[98.75,-1.0]]]}},{"type":"Feature","properties":{"precip":10},"geometry":{"type":"Polygon","coordinates":[[[12.54,-1.05],[12.54,-1.02],[12.58,-1.02],[12.58,-1.0],[12.62,-1.0],[12.65,-1.02],[12.65,-1.08],[12.62,-1.1],[12.58,-1.1],[12.58,-1.08],[12.54,-1.08],[12.54,-1.05]]]}},{"type":"Feature","properties":{"precip":10},"geometry":{"type":"Polygon","coordinates":[[[13.05,-1.05],[13.05,-1.0],[13.08,-1.0],[13.12,-1.02],[13.19,-1.08],[13.3,-1.22],[13.34,-1.25],[13.34,-1.28],[13.26,-1.28],[13.19,-1.3],[13.16,-1.28],[13.08,-1.28],[13.05,-1.27],[13.05,-1.22],[13.01,-1.22],[13.01,-1.2],[12.9,-1.2],[12.9,-1.18],[12.87,-1.18],[12.87,-1.12],[12.9,-1.12],[12.94,-1.1],[13.01,-1.1],[13.01,-1.08],[13.05,-1.08],[13.05,-1.05]]]}},{"type":"Feature","properties":{"precip":10},"geometry":{"type":"Polygon","coordinates":[[[98.86,-1.25],[98.86,-1.2],[98.93,-1.2],[98.93,-1.22],[98.97,-1.23],[98.97,-1.27],[98.93,-1.28],[98.86,-1.28],[98.86,-1.25]]]}},{"type":"Feature","properties":{"precip":10},"geometry":{"type":"Polygon","coordinates":[[[28.96,-1.35],[28.96,-1.3],[29.03,-1.3],[29.03,-1.33],[29.07,-1.33],[29.07,-1.35],[29.03,-1.37],[29.03,-1.4],[28.96,-1.4],[28.96,-1.35]]]}},{"type":"Feature","properties":{"precip":10},"geometry":{"type":"Polygon","coordinates":[[[11.86,-1.43],[11.86,-1.42],[11.9,-1.4],[11.93,-1.4],[11.93,-1.43],[11.97,-1.43],[11.93,-1.45],[11.93,-1.5],[11.9,-1.5],[11.86,-1.48],[11.86,-1.43]]]}},{"type":"Feature","properties":{"precip":10},"geometry":{"type":"Polygon","coordinates":[[[12.0,-1.59],[12.04,-1.55],[12.26,-1.5],[12.4,-1.5],[12.44,-1.52],[12.44,-1.55],[12.47,-1.59],[12.58,-1.59],[12.65,-1.57],[12.65,-1.54],[12.69,-1.52],[12.69,-1.5],[12.72,-1.5],[12.72,-1.54],[12.76,-1.54],[12.76,-1.57],[12.72,-1.57],[12.65,-1.62],[12.65,-1.75],[12.76,-1.8],[12.87,-1.8],[12.94,-1.82],[12.94,-1.87],[12.87,-1.89],[12.83,-1.9],[12.54,-1.9],[12.44,-1.85],[12.44,-1.82],[12.36,-1.8],[12.26,-1.8],[12.11,-1.77],[12.0,-1.74],[12.0,-1.7],[11.97,-1.65],[11.97,-1.62],[12.0,-1.59]]]}},{"type":"Feature","properties":{"precip":10},"geometry":{"type":"Polygon","coordinates":[[[18.66,-1.74],[18.66,-1.72],[18.74,-1.7],[18.74,-1.79],[18.66,-1.79],[18.66,-1.74]]]}},{"type":"Feature","properties":{"precip":10},"geometry":{"type":"Polygon","coordinates":[[[14.45,-1.85],[14.45,-1.82],[14.52,-1.8],[14.56,-1.82],[14.56,-1.89],[14.52,-1.9],[14.45,-1.89],[14.45,-1.85]]]}},{"type":"Feature","properties":{"precip":10},"geometry":{"type":"Polygon","coordinates":[[[11.64,-2.1],[11.64,-2.05],[11.68,-2.05],[11.68,-2.02],[11.72,-2.0],[11.79,-2.0],[11.82,-2.02],[11.82,-2.05],[11.86,-2.05],[11.86,-2.15],[11.79,-2.2],[11.72,-2.2],[11.64,-2.15],[11.64,-2.1]]]}},{"type":"Feature","properties":{"precip":10},"geometry":{"type":"Polygon","coordinates":[[[14.06,-2.05],[14.06,-2.02],[14.13,-2.0],[14.16,-2.04],[14.16,-2.07],[14.13,-2.07],[14.13,-2.1],[14.06,-2.09],[14.06,-2.05]]]}},{"type":"Feature","properties":{"precip":10},"geometry":{"type":"Polygon","coordinates":[[[28.85,-2.15],[28.85,-2.05],[28.89,-2.04],[28.89,-2.0],[28.92,-2.0],[28.92,-2.04],[28.96,-2.05],[28.96,-2.19],[29.03,-2.2],[29.03,-2.22],[29.07,-2.24],[28.99,-2.3],[28.92,-2.3],[28.85,-2.24],[28.85,-2.15]]]}},{"type":"Feature","properties":{"precip":10},"geometry":{"type":"Polygon","coordinates":[[[10.64,-2.15],[10.67,-2.14],[10.67,-2.1],[10.75,-2.1],[10.75,-2.2],[10.67,-2.2],[10.67,-2.17],[10.64,-2.15]]]}},{"type":"Feature","properties":{"precip":10},"geometry":{"type":"Polygon","coordinates":[[[14.85,-2.25],[14.85,-2.22],[14.88,-2.2],[14.92,-2.2],[14.96,-2.22],[14.96,-2.27],[14.88,-2.3],[14.85,-2.25]]]}},{"type":"Feature","properties":{"precip":10},"geometry":{"type":"Polygon","coordinates":[[[16.94,-2.25],[16.97,-2.22],[16.97,-2.2],[17.04,-2.2],[17.04,-2.29],[16.97,-2.3],[16.97,-2.27],[16.94,-2.25]]]}},{"type":"Feature","properties":{"precip":10},"geometry":{"type":"Polygon","coordinates":[[[1.17,-2.41],[1.24,-2.34],[1.31,-2.3],[1.35,-2.32],[1.35,-2.42],[1.39,-2.46],[1.39,-2.49],[1.46,-2.54],[1.46,-2.57],[1.57,-2.67],[1.64,-2.77],[1.64,-3.26],[1.57,-3.31],[1.57,-3.48],[1.6,-3.49],[1.71,-3.49],[1.78,-3.51],[1.85,-3.56],[1.85,-3.66],[1.78,-3.73],[1.71,-3.73],[1.64,-3.73],[1.64,-3.76],[1.57,-3.79],[1.42,-3.79],[1.39,-3.81],[1.28,-3.81],[1.24,-3.83],[1.24,-3.86],[1.35,-3.94],[1.42,-3.99],[1.49,-3.99],[1.53,-4.01],[1.6,-4.01],[1.64,-4.03],[1.64,-4.1],[1.57,-4.13],[1.57,-4.18],[1.64,-4.21],[1.64,-4.26],[1.6,-4.31],[1.53,-4.36],[1.53,-4.38],[1.46,-4.38],[1.46,-4.33],[1.39,-4.31],[1.31,-4.31],[1.28,-4.3],[1.21,-4.3],[1.13,-4.25],[1.17,-4.23],[1.17,-4.2],[1.24,-4.18],[1.24,-3.93],[1.17,-3.88],[1.17,-3.81],[1.13,-3.78],[1.13,-3.63],[1.06,-3.59],[0.99,-3.59],[0.95,-3.58],[0.95,-3.54],[0.92,-3.51],[0.85,-3.51],[0.77,-3.49],[0.63,-3.43],[0.59,-3.39],[0.52,-3.34],[0.45,-3.24],[0.45,-3.14],[0.49,-3.11],[0.59,-3.01],[0.63,-2.99],[0.63,-2.96],[0.67,-2.94],[0.63,-2.91],[0.52,-2.91],[0.45,-2.86],[0.45,-2.74],[0.52,-2.69],[0.59,-2.69],[0.63,-2.66],[0.7,-2.62],[0.7,-2.57],[0.74,-2.54],[0.85,-2.51],[0.88,-2.51],[0.95,-2.47],[0.95,-2.44],[0.99,-2.41],[1.03,-2.41],[1.03,-2.44],[1.06,-2.46],[1.06,-2.49],[1.1,-2.51],[1.17,-2.44],[1.17,-2.41]],[[1.46,-3.66],[1.42,-3.59],[1.35,-3.63],[1.35,-3.69],[1.42,-3.69],[1.46,-3.69],[1.46,-3.66]]]}},{"type":"Feature","properties":{"precip":10},"geometry":{"type":"Polygon","coordinates":[[[14.96,-2.51],[14.96,-2.44],[14.99,-2.41],[15.06,-2.41],[15.1,-2.39],[15.14,-2.41],[15.21,-2.41],[15.24,-2.44],[15.24,-2.57],[15.21,-2.57],[15.14,-2.61],[15.06,-2.61],[14.99,-2.57],[14.96,-2.57],[14.96,-2.51]]]}},{"type":"Feature","properties":{"precip":10},"geometry":{"type":"Polygon","coordinates":[[[15.64,-2.66],[15.68,-2.61],[15.75,-2.62],[15.75,-2.67],[15.68,-2.69],[15.64,-2.66]]]}},{"type":"Feature","properties":{"precip":10},"geometry":{"type":"Polygon","coordinates":[[[16.25,-2.81],[16.25,-2.72],[16.29,-2.72],[16.29,-2.69],[16.36,-2.74],[16.36,-2.86],[16.32,-2.87],[16.32,-2.91],[16.25,-2.87],[16.25,-2.81]]]}},{"type":"Feature","properties":{"precip":10},"geometry":{"type":"Polygon","coordinates":[[[28.96,-2.76],[28.96,-2.71],[28.99,-2.69],[29.07,-2.74],[29.03,-2.77],[29.03,-2.81],[28.96,-2.79],[28.96,-2.76]]]}},{"type":"Feature","properties":{"precip":10},"geometry":{"type":"Polygon","coordinates":[[[96.45,-2.76],[96.45,-2.72],[96.49,-2.69],[96.56,-2.71],[96.56,-2.79],[96.52,-2.81],[96.45,-2.79],[96.45,-2.76]]]}},{"type":"Feature","properties":{"precip":10},"geometry":{"type":"Polygon","coordinates":[[[91.05,-2.91],[91.05,-2.86],[91.09,-2.84],[91.09,-2.81],[91.23,-2.81],[91.27,-2.82],[91.23,-2.84],[91.23,-2.89],[91.16,-2.96],[91.09,-2.99],[91.05,-2.96],[91.05,-2.91]]]}},{"type":"Feature","properties":{"precip":10},"geometry":{"type":"Polygon","coordinates":[[[16.76,-3.06],[16.76,-3.02],[16.83,-2.99],[16.94,-3.04],[17.04,-3.14],[17.01,-3.19],[16.97,-3.19],[16.97,-3.14],[16.9,-3.11],[16.83,-3.11],[16.76,-3.07],[16.76,-3.06]]]}},{"type":"Feature","properties":{"precip":10},"geometry":{"type":"Polygon","coordinates":[[[8.84,-3.14],[8.87,-3.11],[8.95,-3.12],[8.95,-3.14],[9.05,-3.24],[9.05,-3.26],[8.98,-3.29],[8.98,-3.33],[8.95,-3.34],[8.95,-3.48],[8.87,-3.51],[8.87,-3.59],[8.84,-3.63],[8.84,-3.69],[8.87,-3.73],[8.87,-3.79],[8.91,-3.79],[8.91,-3.84],[8.95,-3.88],[8.95,-4.53],[8.98,-4.6],[8.98,-4.7],[9.05,-4.73],[9.05,-4.78],[8.98,-4.78],[8.98,-4.76],[8.95,-4.73],[8.95,-4.7],[8.91,-4.7],[8.87,-4.73],[8.87,-4.76],[8.84,-4.8],[8.84,-4.98],[8.77,-5.02],[8.77,-5.23],[8.73,-5.32],[8.73,-5.37],[8.66,-5.45],[8.59,-5.5],[8.51,-5.5],[8.44,-5.53],[8.44,-5.57],[8.41,-5.6],[8.3,-5.6],[8.26,-5.63],[8.26,-5.87],[8.23,-5.92],[8.23,-6.0],[8.15,-6.0],[8.15,-6.09],[8.19,-6.1],[8.26,-6.1],[8.37,-6.15],[8.44,-6.22],[8.44,-6.29],[8.41,-6.3],[8.12,-6.3],[8.05,-6.24],[8.05,-6.04],[8.01,-6.0],[7.94,-6.0],[7.87,-6.0],[7.76,-6.02],[7.76,-6.07],[7.69,-6.1],[7.61,-6.1],[7.54,-6.05],[7.54,-6.02],[7.47,-6.0],[7.4,-6.0],[7.36,-5.99],[7.36,-5.89],[7.33,-5.85],[7.33,-5.82],[7.29,-5.77],[7.22,-5.72],[7.15,-5.7],[7.11,-5.7],[7.04,-5.67],[7.04,-5.63],[6.97,-5.55],[6.97,-5.5],[6.93,-5.47],[6.93,-5.42],[6.82,-5.33],[6.68,-5.3],[6.57,-5.3],[6.46,-5.33],[6.46,-5.37],[6.39,-5.4],[6.39,-5.37],[6.35,-5.33],[6.35,-5.02],[6.39,-4.97],[6.39,-4.9],[6.43,-4.88],[6.5,-4.81],[6.5,-4.78],[6.53,-4.78],[6.53,-4.71],[6.43,-4.63],[6.32,-4.6],[6.25,-4.56],[6.25,-4.5],[6.17,-4.5],[6.17,-4.55],[6.14,-4.56],[6.14,-4.7],[6.07,-4.68],[6.07,-4.5],[6.03,-4.48],[6.03,-4.41],[5.99,-4.4],[5.92,-4.4],[5.85,-4.36],[5.85,-4.23],[5.89,-4.2],[5.96,-4.21],[5.96,-4.26],[6.07,-4.3],[6.25,-4.3],[6.32,-4.31],[6.39,-4.3],[6.53,-4.3],[6.64,-4.28],[6.64,-4.23],[6.71,-4.2],[6.79,-4.2],[6.86,-4.23],[6.86,-4.28],[6.89,-4.3],[6.97,-4.3],[7.0,-4.31],[7.07,-4.31],[7.15,-4.33],[7.15,-4.38],[7.11,-4.4],[7.0,-4.4],[6.97,-4.41],[6.97,-4.48],[7.0,-4.5],[7.11,-4.5],[7.15,-4.51],[7.15,-4.58],[7.18,-4.6],[7.25,-4.6],[7.36,-4.56],[7.4,-4.53],[7.4,-4.5],[7.43,-4.48],[7.43,-4.38],[7.47,-4.36],[7.47,-4.31],[7.54,-4.3],[7.54,-4.18],[7.58,-4.15],[7.58,-4.1],[7.65,-4.06],[7.65,-4.03],[7.58,-3.99],[7.58,-3.93],[7.65,-3.88],[7.65,-3.83],[7.79,-3.73],[7.83,-3.73],[7.9,-3.73],[7.94,-3.69],[7.94,-3.58],[7.97,-3.56],[7.97,-3.51],[8.05,-3.51],[8.05,-3.56],[8.08,-3.59],[8.19,-3.59],[8.33,-3.56],[8.44,-3.44],[8.51,-3.41],[8.59,-3.41],[8.62,-3.39],[8.62,-3.36],[8.66,-3.34],[8.66,-3.24],[8.69,-3.21],[8.77,-3.21],[8.84,-3.19],[8.84,-3.14]],[[6.68,-4.48],[6.64,-4.43],[6.61,-4.43],[6.53,-4.4],[6.46,-4.43],[6.46,-4.55],[6.57,-4.68],[6.64,-4.66],[6.68,-4.63],[6.71,-4.61],[6.71,-4.56],[6.75,-4.55],[6.71,-4.53],[6.71,-4.5],[6.68,-4.48]],[[7.25,-4.85],[7.25,-4.81],[7.18,-4.8],[7.15,-4.81],[7.15,-4.88],[7.18,-4.9],[7.25,-4.88],[7.25,-4.85]]]}},{"type":"Feature","properties":{"precip":10},"geometry":{"type":"Polygon","coordinates":[[[15.75,-3.14],[15.75,-3.11],[15.82,-3.11],[15.86,-3.11],[15.86,-3.17],[15.78,-3.21],[15.78,-3.24],[15.75,-3.24],[15.75,-3.39],[15.68,-3.39],[15.64,-3.36],[15.64,-3.33],[15.57,-3.26],[15.57,-3.21],[15.68,-3.21],[15.68,-3.19],[15.75,-3.17],[15.75,-3.14]]]}},{"type":"Feature","properties":{"precip":10},"geometry":{"type":"Polygon","coordinates":[[[11.25,-3.29],[11.25,-3.24],[11.28,-3.21],[11.32,-3.21],[11.32,-3.24],[11.36,-3.24],[11.36,-3.36],[11.32,-3.38],[11.32,-3.41],[11.25,-3.38],[11.25,-3.29]]]}},{"type":"Feature","properties":{"precip":10},"geometry":{"type":"Polygon","coordinates":[[[53.87,-3.28],[53.87,-3.24],[53.94,-3.21],[54.23,-3.21],[54.3,-3.22],[54.37,-3.26],[54.37,-3.28],[54.41,-3.29],[54.48,-3.29],[54.55,-3.33],[54.55,-3.38],[54.59,-3.38],[54.62,-3.41],[54.7,-3.41],[54.84,-3.44],[54.98,-3.56],[55.06,-3.66],[55.13,-3.81],[55.16,-3.88],[55.16,-3.94],[55.13,-3.98],[54.98,-4.01],[54.77,-4.01],[54.7,-4.03],[54.62,-4.06],[54.62,-4.1],[54.59,-4.1],[54.59,-4.06],[54.52,-4.01],[54.44,-4.01],[54.37,-3.99],[54.37,-3.94],[54.34,-3.93],[54.34,-3.89],[54.26,-3.89],[54.12,-3.96],[54.12,-4.01],[54.08,-4.03],[53.98,-4.08],[53.9,-4.1],[53.8,-4.1],[53.76,-4.08],[53.76,-4.03],[53.69,-4.01],[53.65,-4.04],[53.65,-4.25],[53.69,-4.28],[53.76,-4.31],[53.83,-4.33],[53.83,-4.36],[53.87,-4.4],[53.87,-4.58],[53.83,-4.61],[53.83,-4.7],[53.8,-4.7],[53.76,-4.73],[53.76,-4.86],[53.9,-4.98],[54.01,-5.0],[54.01,-4.98],[54.12,-4.91],[54.16,-4.93],[54.16,-4.95],[54.26,-5.08],[54.26,-5.17],[54.3,-5.2],[54.48,-5.2],[54.55,-5.17],[54.55,-5.13],[54.59,-5.1],[54.7,-5.1],[54.77,-5.13],[54.77,-5.18],[54.84,-5.2],[54.98,-5.2],[55.13,-5.23],[55.2,-5.27],[55.2,-5.3],[55.23,-5.32],[55.23,-5.37],[55.2,-5.38],[55.2,-5.4],[55.13,-5.47],[55.09,-5.52],[55.02,-5.55],[54.91,-5.6],[54.84,-5.55],[54.84,-5.53],[54.73,-5.5],[54.66,-5.5],[54.52,-5.53],[54.44,-5.55],[54.41,-5.6],[54.34,-5.67],[54.26,-5.77],[54.26,-5.85],[54.19,-5.89],[54.12,-5.89],[54.08,-5.9],[53.87,-5.9],[53.76,-5.94],[53.76,-5.99],[53.8,-6.0],[53.9,-6.0],[53.94,-6.0],[53.94,-6.07],[53.87,-6.14],[53.87,-6.15],[53.8,-6.17],[53.72,-6.14],[53.72,-6.1],[53.62,-6.02],[53.58,-6.0],[53.51,-6.0],[53.47,-6.02],[53.47,-6.1],[53.44,-6.14],[53.44,-6.17],[53.33,-6.2],[53.22,-6.2],[53.15,-6.24],[53.15,-6.27],[53.0,-6.3],[52.79,-6.3],[52.75,-6.3],[52.64,-6.3],[52.57,-6.32],[52.5,-6.39],[52.39,-6.39],[52.32,-6.4],[52.0,-6.4],[51.92,-6.39],[51.82,-6.39],[51.74,-6.35],[51.74,-6.32],[51.67,-6.3],[51.64,-6.3],[51.56,-6.32],[51.56,-6.35],[51.49,-6.39],[51.42,-6.4],[51.2,-6.4],[51.1,-6.37],[51.02,-6.32],[50.92,-6.24],[50.74,-6.19],[50.66,-6.22],[50.66,-6.3],[50.74,-6.3],[50.74,-6.47],[50.66,-6.49],[50.66,-6.5],[50.59,-6.5],[50.56,-6.55],[50.56,-6.72],[50.59,-6.77],[50.66,-6.86],[50.74,-6.87],[50.95,-6.91],[51.31,-6.91],[51.38,-6.91],[51.49,-6.91],[51.56,-6.94],[51.56,-6.97],[51.64,-7.01],[51.71,-7.01],[51.74,-7.02],[51.74,-7.06],[51.78,-7.06],[51.82,-7.09],[51.92,-7.09],[52.0,-7.11],[52.07,-7.14],[52.07,-7.17],[52.14,-7.19],[52.25,-7.19],[52.32,-7.21],[52.68,-7.21],[52.75,-7.21],[52.82,-7.21],[52.9,-7.22],[52.97,-7.26],[52.97,-7.27],[53.04,-7.34],[53.04,-7.37],[52.97,-7.39],[52.79,-7.39],[52.72,-7.41],[52.64,-7.46],[52.64,-7.56],[52.61,-7.59],[52.54,-7.59],[52.5,-7.61],[52.43,-7.61],[52.36,-7.64],[52.36,-7.68],[52.28,-7.69],[52.14,-7.69],[52.07,-7.73],[52.07,-7.76],[52.0,-7.81],[51.92,-7.81],[51.89,-7.83],[51.82,-7.88],[51.78,-7.94],[51.67,-7.98],[51.67,-7.99],[51.53,-7.99],[51.46,-8.03],[51.42,-8.06],[51.42,-8.11],[51.38,-8.11],[51.38,-8.06],[51.35,-8.03],[51.28,-7.99],[51.13,-7.99],[51.06,-7.98],[51.06,-7.91],[51.1,-7.88],[51.17,-7.84],[51.2,-7.81],[51.24,-7.79],[51.24,-7.73],[51.17,-7.71],[51.06,-7.71],[50.99,-7.69],[50.63,-7.69],[50.56,-7.71],[50.48,-7.71],[50.38,-7.73],[50.34,-7.74],[50.41,-7.81],[50.48,-7.81],[50.52,-7.83],[50.63,-7.91],[50.63,-7.94],[50.66,-7.98],[50.66,-8.04],[50.63,-8.06],[50.63,-8.09],[50.59,-8.11],[50.52,-8.11],[50.45,-8.14],[50.45,-8.28],[50.38,-8.31],[50.38,-8.38],[50.41,-8.4],[50.48,-8.48],[50.56,-8.55],[50.56,-8.58],[50.48,-8.6],[50.41,-8.6],[50.34,-8.65],[50.34,-8.68],[50.3,-8.7],[50.23,-8.7],[50.2,-8.71],[50.09,-8.71],[50.09,-8.73],[50.05,-8.75],[50.05,-8.88],[49.98,-8.9],[49.98,-8.95],[49.94,-8.96],[49.94,-9.03],[49.98,-9.05],[49.98,-9.1],[50.05,-9.08],[50.05,-9.03],[50.12,-9.0],[50.23,-9.01],[50.27,-9.03],[50.27,-9.08],[50.3,-9.1],[50.41,-9.1],[50.41,-9.13],[50.45,-9.15],[50.45,-9.25],[50.48,-9.27],[50.48,-9.3],[50.52,-9.32],[50.52,-9.38],[50.41,-9.48],[50.34,-9.5],[50.27,-9.52],[50.27,-9.57],[50.23,-9.57],[50.23,-9.6],[50.16,-9.58],[50.16,-9.47],[50.12,-9.43],[50.12,-9.4],[50.09,-9.4],[50.02,-9.47],[50.02,-9.5],[49.98,-9.5],[49.98,-9.45],[49.87,-9.4],[49.73,-9.4],[49.69,-9.37],[49.66,-9.37],[49.66,-9.32],[49.58,-9.3],[49.58,-9.33],[49.55,-9.33],[49.55,-9.48],[49.48,-9.5],[49.48,-9.57],[49.44,-9.6],[49.44,-9.8],[49.37,-9.8],[49.37,-9.93],[49.33,-9.95],[49.33,-9.98],[49.26,-9.98],[49.22,-10.0],[49.04,-10.0],[48.97,-9.97],[48.97,-9.9],[48.94,-9.83],[48.97,-9.75],[48.97,-9.65],[49.04,-9.55],[49.12,-9.5],[49.19,-9.5],[49.22,-9.5],[49.22,-9.47],[49.26,-9.45],[49.26,-9.27],[49.3,-9.23],[49.3,-9.18],[49.37,-9.15],[49.4,-9.1],[49.44,-9.08],[49.44,-9.01],[49.37,-9.0],[49.3,-9.0],[49.26,-8.96],[49.26,-8.86],[49.22,-8.85],[49.22,-8.81],[49.19,-8.8],[49.12,-8.8],[49.04,-8.83],[49.04,-8.88],[49.01,-8.9],[48.97,-8.88],[48.97,-8.81],[48.94,-8.8],[48.97,-8.78],[48.97,-8.71],[49.04,-8.7],[49.04,-8.61],[49.01,-8.6],[48.9,-8.6],[48.86,-8.63],[48.86,-8.75],[48.79,-8.8],[48.68,-8.8],[48.61,-8.81],[48.61,-8.83],[48.5,-8.88],[48.5,-8.9],[48.43,-8.96],[48.36,-9.0],[48.29,-9.0],[48.25,-8.98],[48.25,-8.91],[48.22,-8.9],[48.14,-8.9],[48.07,-8.88],[48.07,-8.83],[48.04,-8.8],[48.07,-8.78],[48.07,-8.71],[48.14,-8.7],[48.14,-8.61],[48.11,-8.6],[48.0,-8.6],[47.96,-8.63],[47.96,-8.75],[47.89,-8.8],[47.75,-8.8],[47.71,-8.78],[47.64,-8.73],[47.64,-8.68],[47.71,-8.58],[47.82,-8.5],[47.82,-8.46],[47.86,-8.43],[47.86,-8.36],[47.89,-8.31],[47.96,-8.26],[48.07,-8.21],[48.14,-8.21],[48.22,-8.19],[48.36,-8.19],[48.47,-8.14],[48.47,-8.11],[48.5,-8.11],[48.61,-8.19],[48.72,-8.09],[48.72,-8.06],[48.76,-8.03],[48.68,-7.99],[48.47,-7.99],[48.36,-7.98],[48.36,-7.93],[48.29,-7.89],[48.22,-7.89],[48.14,-7.86],[48.14,-7.83],[48.07,-7.83],[48.0,-7.89],[47.96,-7.94],[47.82,-7.99],[47.75,-7.99],[47.68,-7.98],[47.64,-7.94],[47.68,-7.93],[47.68,-7.89],[47.75,-7.88],[47.75,-7.83],[47.68,-7.79],[47.68,-7.71],[47.71,-7.69],[47.75,-7.66],[47.75,-7.44],[47.71,-7.39],[47.68,-7.39],[47.68,-7.36],[47.64,-7.34],[47.64,-7.21],[47.6,-7.19],[47.57,-7.19],[47.57,-7.14],[47.6,-7.12],[47.6,-7.09],[47.64,-7.07],[47.64,-7.06],[47.71,-7.01],[47.71,-6.97],[47.75,-6.96],[47.75,-6.92],[47.68,-6.91],[47.68,-6.81],[47.64,-6.77],[47.64,-6.6],[47.57,-6.57],[47.57,-6.52],[47.64,-6.49],[47.64,-6.39],[47.68,-6.37],[47.68,-6.32],[47.71,-6.3],[47.71,-6.29],[47.82,-6.19],[47.82,-6.15],[47.86,-6.15],[47.86,-6.07],[47.89,-6.02],[47.89,-6.0],[47.96,-5.94],[48.07,-5.9],[48.14,-5.9],[48.25,-5.87],[48.25,-5.85],[48.29,-5.85],[48.29,-5.8],[48.32,-5.8],[48.32,-5.85],[48.36,-5.87],[48.47,-5.9],[48.54,-5.9],[48.65,-5.87],[48.65,-5.85],[48.68,-5.85],[48.68,-5.8],[48.72,-5.8],[48.76,-5.84],[48.76,-5.87],[48.83,-5.89],[48.83,-5.85],[48.86,-5.85],[48.86,-5.82],[48.9,-5.8],[49.01,-5.8],[49.04,-5.82],[49.04,-5.85],[49.08,-5.85],[49.08,-5.9],[49.12,-5.9],[49.12,-5.85],[49.19,-5.84],[49.19,-5.82],[49.26,-5.8],[49.37,-5.8],[49.44,-5.78],[49.44,-5.75],[49.51,-5.72],[49.51,-5.7],[49.66,-5.7],[49.69,-5.7],[49.76,-5.7],[49.87,-5.7],[49.94,-5.73],[49.94,-5.77],[50.02,-5.8],[50.09,-5.8],[50.16,-5.77],[50.16,-5.72],[50.2,-5.7],[50.34,-5.68],[50.34,-5.6],[50.27,-5.6],[50.27,-5.52],[50.3,-5.5],[50.41,-5.5],[50.45,-5.48],[50.45,-5.43],[50.52,-5.4],[50.59,-5.4],[50.74,-5.38],[50.74,-5.13],[50.7,-5.12],[50.7,-5.08],[50.66,-5.08],[50.66,-5.05],[50.59,-5.02],[50.59,-4.98],[50.56,-4.95],[50.56,-4.93],[50.59,-4.91],[50.7,-4.9],[50.81,-4.91],[50.84,-4.93],[50.84,-5.3],[50.92,-5.38],[50.99,-5.4],[51.06,-5.4],[51.1,-5.38],[51.2,-5.38],[51.28,-5.32],[51.31,-5.3],[51.38,-5.3],[51.42,-5.27],[51.46,-5.27],[51.46,-5.23],[51.56,-5.2],[51.64,-5.2],[51.74,-5.23],[51.74,-5.27],[51.78,-5.27],[51.78,-5.3],[51.82,-5.3],[51.82,-5.23],[51.85,-5.2],[51.85,-4.7],[51.82,-4.65],[51.82,-4.6],[51.74,-4.56],[51.74,-4.53],[51.82,-4.5],[51.96,-4.5],[52.03,-4.48],[52.07,-4.45],[52.03,-4.43],[52.03,-4.4],[51.96,-4.36],[51.96,-4.31],[52.03,-4.33],[52.07,-4.35],[52.07,-4.38],[52.1,-4.4],[52.14,-4.38],[52.14,-4.33],[52.21,-4.31],[52.32,-4.31],[52.36,-4.33],[52.36,-4.36],[52.46,-4.4],[52.75,-4.4],[52.82,-4.36],[52.86,-4.36],[52.86,-4.33],[52.97,-4.31],[53.15,-4.31],[53.22,-4.3],[53.33,-4.3],[53.4,-4.28],[53.44,-4.25],[53.51,-4.21],[53.54,-4.18],[53.54,-4.03],[53.47,-4.01],[53.36,-3.96],[53.29,-3.91],[53.29,-3.88],[53.26,-3.86],[53.26,-3.83],[53.36,-3.79],[53.44,-3.79],[53.54,-3.76],[53.62,-3.73],[53.62,-3.69],[53.65,-3.63],[53.65,-3.56],[53.69,-3.54],[53.69,-3.51],[53.72,-3.46],[53.83,-3.38],[53.83,-3.33],[53.87,-3.31],[53.87,-3.28]],[[48.14,-6.86],[48.14,-6.82],[48.04,-6.81],[47.96,-6.82],[47.96,-6.89],[48.0,-6.91],[48.11,-6.91],[48.14,-6.89],[48.14,-6.86]],[[50.95,-7.34],[50.92,-7.31],[50.7,-7.31],[50.66,-7.34],[50.66,-7.47],[50.74,-7.51],[50.81,-7.49],[50.92,-7.39],[50.92,-7.36],[50.95,-7.34]],[[49.44,-8.03],[49.37,-7.98],[49.33,-7.94],[49.22,-7.89],[49.15,-7.93],[49.15,-7.98],[49.04,-7.99],[48.94,-7.99],[48.86,-8.03],[48.86,-8.09],[48.9,-8.13],[48.94,-8.13],[48.94,-8.19],[48.86,-8.18],[48.86,-8.13],[48.83,-8.11],[48.79,-8.11],[48.76,-8.13],[48.76,-8.28],[48.83,-8.29],[48.83,-8.34],[48.86,-8.36],[48.86,-8.48],[48.9,-8.5],[49.01,-8.5],[49.04,-8.48],[49.04,-8.36],[49.08,-8.34],[49.08,-8.31],[49.12,-8.29],[49.19,-8.29],[49.26,-8.28],[49.26,-8.23],[49.37,-8.19],[49.51,-8.19],[49.55,-8.18],[49.55,-8.14],[49.51,-8.13],[49.44,-8.03]],[[49.66,-8.85],[49.66,-8.81],[49.58,-8.8],[49.55,-8.83],[49.55,-8.88],[49.62,-8.9],[49.66,-8.88],[49.66,-8.85]]]}},{"type":"Feature","properties":{"precip":10},"geometry":{"type":"Polygon","coordinates":[[[58.87,-3.26],[58.87,-3.21],[58.94,-3.21],[58.94,-3.29],[58.87,-3.29],[58.87,-3.26]]]}},{"type":"Feature","properties":{"precip":10},"geometry":{"type":"Polygon","coordinates":[[[20.36,-3.41],[20.36,-3.34],[20.43,-3.29],[20.5,-3.29],[20.54,-3.31],[20.54,-3.38],[20.46,-3.43],[20.46,-3.46],[20.39,-3.49],[20.36,-3.49],[20.36,-3.41]]]}},{"type":"Feature","properties":{"precip":10},"geometry":{"type":"Polygon","coordinates":[[[50.66,-3.56],[50.66,-3.51],[50.74,-3.51],[50.74,-3.59],[50.66,-3.59],[50.66,-3.56]]]}},{"type":"Feature","properties":{"precip":10},"geometry":{"type":"Polygon","coordinates":[[[50.95,-3.66],[50.95,-3.56],[50.99,-3.54],[50.99,-3.51],[51.06,-3.49],[51.13,-3.53],[51.13,-3.56],[51.17,-3.56],[51.17,-3.69],[51.28,-3.76],[51.42,-3.79],[51.53,-3.79],[51.53,-3.81],[51.6,-3.81],[51.64,-3.83],[51.64,-3.86],[51.67,-3.86],[51.67,-3.88],[51.71,-3.89],[51.82,-3.89],[51.85,-3.91],[51.85,-3.98],[51.82,-3.99],[51.71,-4.08],[51.71,-4.11],[51.67,-4.13],[51.67,-4.18],[51.64,-4.21],[51.64,-4.3],[51.6,-4.3],[51.53,-4.23],[51.46,-4.15],[51.42,-4.11],[51.38,-4.11],[51.38,-4.15],[51.31,-4.18],[51.24,-4.2],[51.17,-4.18],[51.17,-4.16],[51.13,-4.13],[51.06,-4.11],[50.95,-4.11],[50.88,-4.1],[50.56,-4.1],[50.52,-4.08],[50.45,-4.08],[50.45,-4.04],[50.52,-3.99],[50.52,-3.96],[50.63,-3.89],[50.7,-3.89],[50.74,-3.88],[50.74,-3.86],[50.77,-3.84],[50.77,-3.81],[50.84,-3.79],[50.92,-3.79],[50.92,-3.76],[50.95,-3.74],[50.95,-3.66]]]}},{"type":"Feature","properties":{"precip":10},"geometry":{"type":"Polygon","coordinates":[[[15.57,-3.94],[15.57,-3.89],[15.64,-3.91],[15.64,-3.99],[15.6,-4.01],[15.57,-3.99],[15.57,-3.94]]]}},{"type":"Feature","properties":{"precip":10},"geometry":{"type":"Polygon","coordinates":[[[28.74,-4.01],[28.74,-3.96],[28.78,-3.94],[28.78,-3.89],[28.81,-3.89],[28.85,-3.93],[28.85,-4.06],[28.78,-4.1],[28.78,-4.04],[28.74,-4.03],[28.74,-4.01]]]}},{"type":"Feature","properties":{"precip":10},"geometry":{"type":"Polygon","coordinates":[[[63.01,-4.08],[63.08,-4.01],[63.12,-4.01],[63.15,-4.03],[63.15,-4.16],[63.08,-4.2],[62.97,-4.2],[62.97,-4.11],[63.01,-4.08]]]}},{"type":"Feature","properties":{"precip":10},"geometry":{"type":"Polygon","coordinates":[[[48.22,-4.2],[48.22,-4.16],[48.29,-4.1],[48.32,-4.1],[48.36,-4.13],[48.36,-4.16],[48.43,-4.21],[48.43,-4.25],[48.54,-4.3],[48.61,-4.31],[48.68,-4.31],[48.76,-4.33],[48.76,-4.38],[48.68,-4.4],[48.68,-4.46],[48.65,-4.48],[48.65,-4.75],[48.61,-4.78],[48.54,-4.8],[48.32,-4.8],[48.29,-4.78],[48.22,-4.78],[48.14,-4.75],[48.14,-4.63],[48.11,-4.6],[48.04,-4.53],[47.93,-4.5],[47.82,-4.5],[47.78,-4.48],[47.78,-4.46],[47.75,-4.45],[47.75,-4.35],[47.82,-4.31],[47.93,-4.31],[48.0,-4.3],[48.07,-4.3],[48.14,-4.26],[48.14,-4.25],[48.22,-4.2]]]}},{"type":"Feature","properties":{"precip":10},"geometry":{"type":"Polygon","coordinates":[[[28.56,-4.25],[28.56,-4.21],[28.63,-4.2],[28.63,-4.3],[28.56,-4.3],[28.56,-4.25]]]}},{"type":"Feature","properties":{"precip":10},"geometry":{"type":"Polygon","coordinates":[[[4.95,-4.4],[4.95,-4.33],[4.99,-4.31],[5.13,-4.31],[5.13,-4.36],[5.09,-4.4],[5.09,-4.43],[5.02,-4.48],[4.99,-4.5],[4.95,-4.48],[4.95,-4.4]]]}},{"type":"Feature","properties":{"precip":10},"geometry":{"type":"Polygon","coordinates":[[[4.45,-4.55],[4.45,-4.48],[4.48,-4.46],[4.48,-4.41],[4.55,-4.4],[4.63,-4.45],[4.7,-4.48],[4.7,-4.5],[4.73,-4.51],[4.73,-4.58],[4.7,-4.63],[4.63,-4.66],[4.55,-4.7],[4.48,-4.68],[4.48,-4.65],[4.45,-4.61],[4.45,-4.55]]]}},{"type":"Feature","properties":{"precip":10},"geometry":{"type":"Polygon","coordinates":[[[74.24,-4.55],[74.28,-4.5],[74.35,-4.5],[74.35,-4.6],[74.28,-4.6],[74.24,-4.55]]]}},{"type":"Feature","properties":{"precip":10},"geometry":{"type":"Polygon","coordinates":[[[29.46,-4.65],[29.46,-4.61],[29.57,-4.61],[29.68,-4.66],[29.71,-4.7],[29.71,-4.73],[29.75,-4.75],[29.71,-4.76],[29.71,-4.8],[29.68,-4.81],[29.64,-4.86],[29.57,-4.9],[29.57,-4.83],[29.53,-4.8],[29.53,-4.71],[29.46,-4.7],[29.46,-4.65]]]}},{"type":"Feature","properties":{"precip":10},"geometry":{"type":"Polygon","coordinates":[[[33.93,-4.78],[34.0,-4.71],[34.03,-4.71],[34.03,-4.86],[34.07,-4.95],[34.03,-5.0],[34.03,-5.18],[33.96,-5.2],[33.96,-5.13],[33.93,-5.1],[33.82,-5.1],[33.78,-5.08],[33.75,-5.08],[33.75,-5.02],[33.85,-4.97],[33.85,-4.85],[33.89,-4.83],[33.89,-4.78],[33.93,-4.78]]]}},{"type":"Feature","properties":{"precip":10},"geometry":{"type":"Polygon","coordinates":[[[18.34,-4.85],[18.38,-4.8],[18.45,-4.81],[18.45,-4.88],[18.38,-4.9],[18.34,-4.85]]]}},{"type":"Feature","properties":{"precip":10},"geometry":{"type":"Polygon","coordinates":[[[73.27,-4.85],[73.3,-4.8],[73.45,-4.8],[73.52,-4.81],[73.59,-4.86],[73.59,-4.9],[73.63,-4.9],[73.63,-4.86],[73.66,-4.83],[73.74,-4.8],[73.84,-4.8],[73.99,-4.86],[73.99,-4.9],[74.02,-4.91],[74.02,-4.98],[74.06,-5.02],[74.06,-5.17],[74.1,-5.18],[74.1,-5.22],[74.13,-5.23],[74.13,-5.28],[74.06,-5.33],[74.06,-5.47],[74.13,-5.52],[74.13,-5.55],[74.17,-5.57],[74.17,-5.68],[74.24,-5.72],[74.24,-5.77],[74.2,-5.78],[74.2,-5.82],[74.13,-5.85],[74.13,-5.89],[74.1,-5.9],[74.1,-5.94],[74.06,-5.95],[74.06,-6.04],[74.02,-6.07],[73.92,-6.1],[73.59,-6.1],[73.52,-6.09],[73.45,-6.05],[73.45,-5.92],[73.38,-5.9],[73.38,-5.85],[73.34,-5.85],[73.34,-5.72],[73.3,-5.7],[73.23,-5.7],[73.2,-5.7],[73.09,-5.7],[73.09,-5.67],[73.05,-5.65],[73.05,-5.53],[73.12,-5.5],[73.2,-5.5],[73.23,-5.48],[73.23,-5.43],[73.27,-5.42],[73.27,-5.37],[73.23,-5.32],[73.2,-5.3],[73.16,-5.32],[73.12,-5.38],[72.98,-5.28],[72.91,-5.18],[72.84,-5.1],[72.87,-5.07],[72.87,-5.03],[72.98,-4.93],[73.12,-4.9],[73.2,-4.9],[73.27,-4.85]],[[73.56,-5.5],[73.56,-5.42],[73.48,-5.4],[73.45,-5.43],[73.45,-5.55],[73.48,-5.57],[73.48,-5.6],[73.56,-5.57],[73.56,-5.5]]]}},{"type":"Feature","properties":{"precip":10},"geometry":{"type":"Polygon","coordinates":[[[63.37,-4.95],[63.37,-4.91],[63.48,-4.9],[63.55,-4.93],[63.55,-4.98],[63.48,-5.0],[63.41,-5.0],[63.37,-4.98],[63.37,-4.95]]]}},{"type":"Feature","properties":{"precip":10},"geometry":{"type":"Polygon","coordinates":[[[74.24,-4.95],[74.28,-4.91],[74.38,-4.9],[74.46,-4.93],[74.46,-4.97],[74.38,-5.0],[74.31,-5.0],[74.24,-4.95]]]}},{"type":"Feature","properties":{"precip":10},"geometry":{"type":"Polygon","coordinates":[[[49.12,-5.08],[49.15,-5.05],[49.22,-5.02],[49.3,-5.0],[49.37,-5.0],[49.44,-5.02],[49.58,-5.08],[49.66,-5.15],[49.69,-5.17],[49.69,-5.2],[49.73,-5.22],[49.73,-5.25],[49.76,-5.27],[49.73,-5.3],[49.66,-5.3],[49.55,-5.25],[49.51,-5.23],[49.51,-5.2],[49.48,-5.22],[49.48,-5.23],[49.44,-5.25],[49.44,-5.28],[49.33,-5.3],[49.26,-5.27],[49.26,-5.23],[49.19,-5.2],[49.08,-5.2],[49.04,-5.18],[49.04,-5.15],[49.08,-5.13],[49.08,-5.1],[49.12,-5.08]]]}},{"type":"Feature","properties":{"precip":10},"geometry":{"type":"Polygon","coordinates":[[[14.16,-5.2],[14.16,-5.12],[14.2,-5.1],[14.31,-5.1],[14.34,-5.12],[14.34,-5.27],[14.31,-5.3],[14.2,-5.3],[14.16,-5.27],[14.16,-5.2]]]}},{"type":"Feature","properties":{"precip":10},"geometry":{"type":"Polygon","coordinates":[[[63.84,-5.15],[63.87,-5.13],[63.87,-5.1],[63.95,-5.12],[63.95,-5.35],[63.91,-5.38],[63.84,-5.4],[63.8,-5.38],[63.66,-5.27],[63.66,-5.22],[63.73,-5.2],[63.8,-5.2],[63.84,-5.18],[63.84,-5.15]]]}},{"type":"Feature","properties":{"precip":10},"geometry":{"type":"Polygon","coordinates":[[[64.05,-5.2],[64.05,-5.13],[64.13,-5.1],[64.2,-5.1],[64.23,-5.12],[64.23,-5.18],[64.27,-5.2],[64.23,-5.23],[64.23,-5.27],[64.2,-5.3],[64.13,-5.3],[64.05,-5.25],[64.05,-5.2]]]}},{"type":"Feature","properties":{"precip":10},"geometry":{"type":"Polygon","coordinates":[[[10.35,-5.25],[10.35,-5.22],[10.42,-5.2],[10.46,-5.23],[10.46,-5.27],[10.39,-5.3],[10.35,-5.28],[10.35,-5.25]]]}},{"type":"Feature","properties":{"precip":10},"geometry":{"type":"Polygon","coordinates":[[[84.64,-5.25],[84.68,-5.22],[84.75,-5.2],[84.86,-5.23],[84.86,-5.27],[84.93,-5.3],[85.0,-5.3],[85.11,-5.32],[85.11,-5.33],[85.18,-5.37],[85.22,-5.38],[85.22,-5.5],[85.18,-5.53],[85.11,-5.57],[85.0,-5.58],[84.97,-5.6],[84.82,-5.6],[84.75,-5.65],[84.75,-5.75],[84.86,-5.8],[85.11,-5.8],[85.18,-5.82],[85.25,-5.85],[85.25,-5.87],[85.18,-5.89],[85.18,-5.9],[85.11,-5.9],[85.0,-5.94],[85.0,-5.99],[85.0,-6.0],[84.86,-6.0],[84.75,-6.0],[84.75,-6.02],[84.75,-6.07],[84.86,-6.1],[84.97,-6.1],[85.0,-6.12],[85.0,-6.19],[84.97,-6.2],[84.86,-6.2],[84.86,-6.24],[84.86,-6.35],[84.75,-6.4],[84.57,-6.4],[84.5,-6.37],[84.46,-6.37],[84.46,-6.32],[84.39,-6.3],[84.32,-6.3],[84.25,-6.25],[84.25,-6.14],[84.14,-6.1],[83.89,-6.1],[83.82,-6.09],[83.74,-6.05],[83.74,-6.0],[83.64,-6.0],[83.6,-6.0],[83.56,-5.97],[83.56,-5.85],[83.6,-5.84],[83.6,-5.78],[83.64,-5.75],[83.71,-5.72],[83.71,-5.7],[83.74,-5.68],[83.74,-5.57],[83.74,-5.53],[83.89,-5.43],[83.96,-5.4],[84.0,-5.4],[84.14,-5.38],[84.14,-5.35],[84.21,-5.32],[84.32,-5.3],[84.5,-5.3],[84.64,-5.25]]]}},{"type":"Feature","properties":{"precip":10},"geometry":{"type":"Polygon","coordinates":[[[26.94,-5.35],[26.98,-5.3],[27.05,-5.32],[27.05,-5.38],[27.01,-5.4],[26.94,-5.35]]]}},{"type":"Feature","properties":{"precip":10},"geometry":{"type":"Polygon","coordinates":[[[28.45,-5.35],[28.45,-5.32],[28.53,-5.3],[28.56,-5.33],[28.56,-5.37],[28.49,-5.4],[28.45,-5.38],[28.45,-5.35]]]}},{"type":"Feature","properties":{"precip":10},"geometry":{"type":"Polygon","coordinates":[[[48.36,-5.35],[48.36,-5.32],[48.43,-5.3],[48.43,-5.33],[48.47,-5.35],[48.43,-5.37],[48.43,-5.38],[48.36,-5.38],[48.36,-5.35]]]}},{"type":"Feature","properties":{"precip":10},"geometry":{"type":"Polygon","coordinates":[[[27.73,-5.55],[27.77,-5.53],[27.77,-5.5],[27.84,-5.52],[27.84,-5.58],[27.77,-5.6],[27.77,-5.55],[27.73,-5.55]]]}},{"type":"Feature","properties":{"precip":10},"geometry":{"type":"Polygon","coordinates":[[[28.24,-5.6],[28.24,-5.55],[28.27,-5.53],[28.27,-5.5],[28.35,-5.52],[28.35,-5.57],[28.38,-5.57],[28.45,-5.6],[28.6,-5.6],[28.63,-5.62],[28.63,-5.68],[28.49,-5.7],[28.45,-5.73],[28.45,-5.85],[28.38,-5.9],[28.31,-5.87],[28.24,-5.85],[28.2,-5.8],[28.17,-5.78],[28.17,-5.72],[28.24,-5.68],[28.24,-5.6]],[[28.35,-5.75],[28.35,-5.7],[28.27,-5.7],[28.24,-5.73],[28.24,-5.77],[28.27,-5.8],[28.35,-5.78],[28.35,-5.75]]]}},{"type":"Feature","properties":{"precip":10},"geometry":{"type":"Polygon","coordinates":[[[49.44,-5.55],[49.44,-5.53],[49.48,-5.53],[49.48,-5.5],[49.55,-5.52],[49.55,-5.58],[49.48,-5.6],[49.48,-5.57],[49.44,-5.55]]]}},{"type":"Feature","properties":{"precip":10},"geometry":{"type":"Polygon","coordinates":[[[85.47,-5.65],[85.47,-5.6],[85.54,-5.6],[85.54,-5.7],[85.47,-5.7],[85.47,-5.65]]]}},{"type":"Feature","properties":{"precip":10},"geometry":{"type":"Polygon","coordinates":[[[10.46,-5.75],[10.46,-5.7],[10.53,-5.7],[10.57,-5.73],[10.57,-5.77],[10.53,-5.8],[10.46,-5.78],[10.46,-5.75]]]}},{"type":"Feature","properties":{"precip":10},"geometry":{"type":"Polygon","coordinates":[[[26.8,-5.77],[26.91,-5.7],[27.01,-5.7],[27.05,-5.72],[27.05,-5.77],[27.16,-5.8],[27.27,-5.8],[27.34,-5.84],[27.34,-5.9],[27.27,-5.94],[27.27,-5.97],[27.34,-6.0],[27.34,-6.07],[27.27,-6.1],[27.12,-6.1],[27.05,-6.15],[27.05,-6.27],[26.98,-6.3],[26.98,-6.27],[26.94,-6.25],[26.94,-6.15],[26.91,-6.14],[26.91,-6.09],[26.83,-6.05],[26.8,-6.02],[26.8,-5.99],[26.76,-5.95],[26.76,-5.85],[26.8,-5.82],[26.8,-5.77]]]}},{"type":"Feature","properties":{"precip":10},"geometry":{"type":"Polygon","coordinates":[[[48.04,-5.75],[48.07,-5.73],[48.07,-5.7],[48.14,-5.7],[48.14,-5.78],[48.07,-5.8],[48.07,-5.75],[48.04,-5.75]]]}},{"type":"Feature","properties":{"precip":10},"geometry":{"type":"Polygon","coordinates":[[[9.27,-5.9],[9.27,-5.84],[9.31,-5.8],[9.38,-5.8],[9.45,-5.84],[9.45,-5.87],[9.49,-5.89],[9.56,-5.89],[9.56,-5.9],[9.7,-5.9],[9.74,-5.92],[9.74,-6.09],[9.67,-6.1],[9.67,-6.04],[9.63,-6.0],[9.56,-6.0],[9.49,-6.0],[9.45,-5.99],[9.45,-5.95],[9.41,-5.94],[9.41,-5.9],[9.38,-5.9],[9.38,-5.94],[9.34,-5.97],[9.34,-6.0],[9.27,-5.99],[9.27,-5.9]]]}},{"type":"Feature","properties":{"precip":10},"geometry":{"type":"Polygon","coordinates":[[[54.37,-5.84],[54.37,-5.82],[54.44,-5.8],[54.66,-5.8],[54.73,-5.82],[54.73,-5.85],[54.77,-5.87],[54.77,-5.92],[54.73,-5.95],[54.73,-5.99],[54.7,-6.0],[54.59,-6.0],[54.44,-5.95],[54.37,-5.89],[54.37,-5.84]]]}},{"type":"Feature","properties":{"precip":10},"geometry":{"type":"Polygon","coordinates":[[[9.05,-5.95],[9.05,-5.92],[9.13,-5.9],[9.16,-5.94],[9.16,-5.97],[9.13,-6.0],[9.05,-5.99],[9.05,-5.95]]]}},{"type":"Feature","properties":{"precip":10},"geometry":{"type":"Polygon","coordinates":[[[10.06,-5.95],[10.06,-5.92],[10.13,-5.9],[10.28,-5.9],[10.35,-5.95],[10.35,-6.15],[10.42,-6.19],[10.49,-6.2],[10.67,-6.2],[10.75,-6.24],[10.78,-6.27],[10.78,-6.3],[10.82,-6.3],[10.82,-6.27],[10.85,-6.24],[10.93,-6.2],[11.03,-6.2],[11.07,-6.25],[11.0,-6.3],[10.93,-6.3],[10.85,-6.32],[10.85,-6.37],[10.93,-6.4],[11.0,-6.4],[11.03,-6.44],[11.03,-6.47],[11.07,-6.5],[11.03,-6.52],[11.03,-6.6],[10.96,-6.6],[10.96,-6.76],[10.93,-6.77],[10.93,-6.81],[10.89,-6.81],[10.89,-6.82],[10.85,-6.84],[10.85,-7.06],[10.82,-7.06],[10.82,-7.09],[10.78,-7.09],[10.67,-7.12],[10.6,-7.19],[10.6,-7.21],[10.57,-7.26],[10.57,-7.47],[10.64,-7.51],[10.78,-7.51],[10.96,-7.54],[11.03,-7.61],[11.03,-7.64],[11.07,-7.68],[10.96,-7.69],[10.71,-7.69],[10.64,-7.68],[10.53,-7.64],[10.53,-7.61],[10.49,-7.61],[10.46,-7.64],[10.46,-7.68],[10.39,-7.69],[10.31,-7.69],[10.24,-7.66],[10.24,-7.63],[10.17,-7.61],[10.06,-7.56],[10.03,-7.51],[9.99,-7.51],[9.99,-7.47],[9.92,-7.44],[9.88,-7.41],[9.77,-7.39],[9.63,-7.39],[9.56,-7.36],[9.56,-7.24],[9.49,-7.21],[9.31,-7.21],[9.27,-7.19],[9.27,-7.14],[9.31,-7.11],[9.31,-7.06],[9.38,-7.02],[9.45,-7.01],[9.52,-7.01],[9.56,-7.02],[9.56,-7.06],[9.63,-7.09],[9.88,-7.09],[9.95,-7.06],[9.95,-6.84],[9.92,-6.82],[9.92,-6.81],[9.85,-6.84],[9.85,-6.99],[9.81,-7.01],[9.74,-6.97],[9.74,-6.94],[9.77,-6.91],[9.77,-6.86],[9.85,-6.76],[9.92,-6.72],[9.99,-6.62],[9.99,-6.59],[10.03,-6.55],[10.03,-6.5],[10.06,-6.47],[10.06,-6.3],[10.03,-6.27],[10.03,-6.22],[9.99,-6.2],[9.92,-6.2],[9.88,-6.17],[9.85,-6.17],[9.85,-6.15],[9.88,-6.12],[9.95,-6.12],[9.99,-6.1],[10.13,-6.1],[10.24,-6.07],[10.24,-6.02],[10.17,-6.0],[10.1,-6.0],[10.06,-5.99],[10.06,-5.95]]]}},{"type":"Feature","properties":{"precip":10},"geometry":{"type":"Polygon","coordinates":[[[68.45,-6.05],[68.45,-6.02],[68.48,-6.0],[68.55,-6.0],[68.55,-6.09],[68.45,-6.09],[68.45,-6.05]]]}},{"type":"Feature","properties":{"precip":10},"geometry":{"type":"Polygon","coordinates":[[[70.96,-6.05],[70.96,-6.0],[71.04,-6.0],[71.04,-6.1],[70.96,-6.09],[70.96,-6.05]]]}},{"type":"Feature","properties":{"precip":10},"geometry":{"type":"Polygon","coordinates":[[[68.23,-6.17],[68.27,-6.15],[68.27,-6.12],[68.34,-6.12],[68.34,-6.2],[68.37,-6.22],[68.37,-6.29],[68.41,-6.3],[68.55,-6.3],[68.66,-6.32],[68.63,-6.35],[68.63,-6.39],[68.52,-6.47],[68.48,-6.54],[68.37,-6.57],[68.3,-6.6],[68.23,-6.6],[68.12,-6.59],[68.05,-6.5],[68.05,-6.45],[68.09,-6.44],[68.09,-6.4],[68.12,-6.4],[68.12,-6.37],[68.16,-6.37],[68.16,-6.25],[68.19,-6.22],[68.19,-6.19],[68.23,-6.17]]]}},{"type":"Feature","properties":{"precip":10},"geometry":{"type":"Polygon","coordinates":[[[27.45,-6.25],[27.48,-6.2],[27.59,-6.2],[27.66,-6.24],[27.66,-6.29],[27.7,-6.29],[27.81,-6.3],[27.81,-6.34],[27.84,-6.37],[27.84,-6.54],[27.77,-6.62],[27.7,-6.69],[27.59,-6.6],[27.59,-6.59],[27.55,-6.55],[27.48,-6.52],[27.48,-6.5],[27.37,-6.49],[27.37,-6.45],[27.34,-6.45],[27.41,-6.4],[27.48,-6.4],[27.52,-6.37],[27.55,-6.37],[27.55,-6.3],[27.48,-6.29],[27.45,-6.29],[27.45,-6.25]],[[27.73,-6.55],[27.73,-6.5],[27.66,-6.5],[27.66,-6.6],[27.73,-6.6],[27.73,-6.55]]]}},{"type":"Feature","properties":{"precip":10},"geometry":{"type":"Polygon","coordinates":[[[66.65,-6.3],[66.65,-6.27],[66.68,-6.24],[66.75,-6.2],[67.19,-6.2],[67.29,-6.22],[67.37,-6.25],[67.37,-6.27],[67.29,-6.3],[67.26,-6.32],[67.26,-6.42],[67.29,-6.45],[67.29,-6.5],[67.4,-6.6],[67.51,-6.49],[67.58,-6.5],[67.65,-6.57],[67.65,-6.65],[67.76,-6.72],[68.09,-6.72],[68.16,-6.72],[68.16,-6.77],[68.05,-6.86],[67.87,-6.91],[67.69,-6.91],[67.62,-6.91],[67.55,-6.94],[67.55,-6.97],[67.65,-7.02],[67.65,-7.07],[67.62,-7.09],[67.55,-7.09],[67.44,-7.14],[67.44,-7.19],[67.37,-7.17],[67.37,-7.14],[67.33,-7.11],[67.29,-7.11],[67.19,-7.21],[67.19,-7.22],[67.15,-7.24],[67.15,-7.29],[67.22,-7.29],[67.29,-7.31],[67.37,-7.34],[67.37,-7.36],[67.33,-7.36],[67.29,-7.39],[67.22,-7.39],[67.19,-7.41],[67.19,-7.44],[67.15,-7.46],[67.15,-7.58],[67.08,-7.61],[67.08,-7.73],[67.04,-7.79],[67.04,-8.18],[66.97,-8.21],[66.97,-8.31],[66.93,-8.34],[66.93,-8.4],[66.86,-8.4],[66.86,-8.33],[66.79,-8.29],[66.72,-8.29],[66.65,-8.28],[66.65,-8.21],[66.54,-8.19],[66.47,-8.16],[66.43,-8.13],[66.39,-8.11],[66.39,-8.08],[66.32,-8.01],[66.18,-7.98],[66.14,-7.96],[66.14,-7.93],[66.18,-7.93],[66.18,-7.89],[66.25,-7.88],[66.25,-7.63],[66.18,-7.61],[66.14,-7.64],[66.14,-7.68],[66.07,-7.69],[65.96,-7.69],[65.85,-7.66],[65.82,-7.61],[65.78,-7.59],[65.78,-7.51],[65.75,-7.49],[65.75,-7.34],[65.71,-7.31],[65.64,-7.31],[65.57,-7.29],[65.57,-7.24],[65.53,-7.21],[65.46,-7.21],[65.42,-7.21],[65.28,-7.21],[65.17,-7.17],[65.17,-7.11],[65.24,-7.09],[65.31,-7.09],[65.35,-7.07],[65.35,-7.04],[65.28,-7.01],[65.17,-7.01],[65.1,-6.97],[65.06,-6.97],[65.06,-6.92],[64.99,-6.91],[64.92,-6.91],[64.85,-6.87],[64.85,-6.82],[64.81,-6.81],[64.74,-6.81],[64.7,-6.81],[64.59,-6.81],[64.56,-6.77],[64.56,-6.64],[64.63,-6.6],[64.7,-6.6],[64.74,-6.6],[64.74,-6.64],[64.77,-6.69],[64.85,-6.72],[64.92,-6.67],[64.99,-6.6],[65.03,-6.6],[65.03,-6.57],[65.06,-6.54],[65.03,-6.5],[64.95,-6.47],[64.95,-6.45],[65.06,-6.4],[65.17,-6.4],[65.24,-6.37],[65.24,-6.34],[65.31,-6.3],[65.39,-6.3],[65.42,-6.3],[65.49,-6.3],[65.57,-6.3],[65.67,-6.35],[65.71,-6.42],[65.82,-6.47],[65.93,-6.5],[66.0,-6.5],[66.07,-6.54],[66.07,-6.59],[66.11,-6.6],[66.14,-6.59],[66.14,-6.55],[66.21,-6.52],[66.32,-6.5],[66.61,-6.5],[66.72,-6.49],[66.93,-6.49],[67.04,-6.45],[67.04,-6.44],[66.97,-6.4],[66.75,-6.4],[66.65,-6.35],[66.65,-6.3]],[[67.26,-6.92],[67.26,-6.84],[67.22,-6.81],[67.19,-6.81],[67.11,-6.87],[67.08,-6.91],[67.08,-7.01],[67.04,-7.06],[67.04,-7.16],[67.11,-7.21],[67.19,-7.14],[67.19,-7.11],[67.22,-7.06],[67.22,-7.02],[67.26,-6.97],[67.26,-6.92]]]}},{"type":"Feature","properties":{"precip":10},"geometry":{"type":"Polygon","coordinates":[[[86.05,-6.24],[86.12,-6.2],[86.62,-6.2],[86.69,-6.22],[86.73,-6.29],[86.73,-6.49],[86.73,-6.54],[86.73,-6.59],[86.59,-6.6],[86.48,-6.67],[86.48,-6.72],[86.44,-6.77],[86.37,-6.81],[86.3,-6.81],[86.23,-6.77],[86.23,-6.52],[86.23,-6.47],[86.23,-6.42],[86.19,-6.37],[86.12,-6.34],[86.08,-6.3],[86.08,-6.27],[86.05,-6.27],[86.05,-6.24]]]}},{"type":"Feature","properties":{"precip":10},"geometry":{"type":"Polygon","coordinates":[[[52.9,-6.47],[52.93,-6.45],[53.04,-6.4],[53.04,-6.45],[53.08,-6.45],[53.08,-6.49],[53.11,-6.49],[53.22,-6.54],[53.29,-6.6],[53.36,-6.64],[53.36,-6.67],[53.29,-6.72],[53.15,-6.72],[53.0,-6.67],[52.9,-6.6],[52.9,-6.57],[52.86,-6.54],[52.9,-6.52],[52.9,-6.47]]]}},{"type":"Feature","properties":{"precip":10},"geometry":{"type":"Polygon","coordinates":[[[81.26,-6.55],[81.26,-6.52],[81.4,-6.5],[81.73,-6.5],[81.76,-6.52],[81.87,-6.55],[81.87,-6.59],[82.02,-6.6],[82.12,-6.72],[82.12,-6.76],[82.12,-6.77],[82.12,-6.86],[82.09,-6.91],[82.02,-6.91],[81.98,-6.91],[81.98,-6.94],[81.94,-6.96],[81.94,-7.07],[81.87,-7.11],[81.87,-7.27],[81.84,-7.31],[81.84,-7.37],[81.76,-7.42],[81.76,-7.63],[81.73,-7.66],[81.73,-7.68],[81.69,-7.69],[81.58,-7.69],[81.48,-7.73],[81.37,-7.83],[81.37,-7.89],[81.48,-7.89],[81.51,-7.93],[81.51,-7.98],[81.62,-7.99],[81.69,-7.99],[81.76,-8.03],[81.76,-8.08],[81.76,-8.09],[81.87,-8.09],[81.91,-8.11],[82.02,-8.11],[82.12,-8.13],[82.12,-8.16],[82.23,-8.19],[82.23,-8.16],[82.27,-8.14],[82.27,-8.13],[82.34,-8.11],[82.34,-8.13],[82.38,-8.16],[82.45,-8.19],[82.63,-8.19],[82.63,-8.13],[82.63,-8.11],[82.52,-8.11],[82.48,-8.08],[82.45,-8.08],[82.45,-8.03],[82.38,-7.99],[82.27,-7.99],[82.27,-7.98],[82.27,-7.91],[82.34,-7.89],[82.38,-7.89],[82.45,-7.88],[82.45,-7.84],[82.48,-7.83],[82.48,-7.81],[82.52,-7.81],[82.52,-7.83],[82.52,-7.86],[82.63,-7.89],[82.63,-7.86],[82.63,-7.83],[82.74,-7.81],[82.88,-7.81],[82.95,-7.83],[82.95,-7.86],[82.99,-7.89],[83.06,-7.89],[83.13,-7.91],[83.13,-7.96],[83.13,-7.98],[83.13,-8.08],[83.2,-8.08],[83.31,-8.11],[83.46,-8.11],[83.56,-8.13],[83.56,-8.16],[83.64,-8.19],[83.89,-8.19],[84.0,-8.21],[84.07,-8.21],[84.1,-8.23],[84.18,-8.28],[84.25,-8.33],[84.36,-8.43],[84.39,-8.48],[84.5,-8.58],[84.57,-8.6],[84.61,-8.6],[84.64,-8.63],[84.64,-8.76],[84.57,-8.8],[84.25,-8.8],[84.18,-8.83],[84.14,-8.88],[84.14,-8.98],[84.1,-9.0],[84.0,-9.0],[83.96,-8.98],[83.96,-8.93],[83.82,-8.9],[83.49,-8.9],[83.35,-8.93],[83.35,-8.96],[83.28,-9.0],[83.13,-9.0],[83.06,-8.96],[83.06,-8.93],[82.88,-8.9],[82.59,-8.9],[82.45,-8.93],[82.45,-8.98],[82.38,-9.0],[82.34,-9.0],[82.27,-9.01],[82.27,-9.05],[82.12,-9.1],[82.02,-9.1],[81.94,-9.15],[81.94,-9.18],[81.91,-9.2],[81.87,-9.18],[81.76,-9.18],[81.69,-9.1],[81.69,-9.06],[81.51,-9.01],[81.48,-9.01],[81.44,-9.0],[81.26,-9.0],[81.22,-9.01],[81.15,-9.01],[81.01,-9.03],[81.01,-9.06],[80.9,-9.1],[80.61,-9.1],[80.5,-9.11],[80.47,-9.13],[80.47,-9.21],[80.4,-9.25],[80.4,-9.28],[80.4,-9.3],[80.29,-9.3],[80.22,-9.32],[80.14,-9.33],[80.14,-9.37],[80.11,-9.4],[80.0,-9.4],[79.96,-9.42],[79.96,-9.47],[79.89,-9.5],[79.78,-9.5],[79.75,-9.5],[79.53,-9.5],[79.46,-9.53],[79.46,-9.65],[79.39,-9.65],[79.39,-9.68],[79.39,-9.7],[79.28,-9.7],[79.28,-9.72],[79.24,-9.77],[79.1,-9.8],[78.24,-9.8],[78.16,-9.78],[78.16,-9.72],[78.24,-9.65],[78.38,-9.6],[78.49,-9.6],[78.52,-9.57],[78.52,-9.53],[78.63,-9.5],[78.74,-9.5],[78.78,-9.48],[78.85,-9.48],[78.85,-9.43],[78.78,-9.4],[78.63,-9.4],[78.6,-9.37],[78.52,-9.37],[78.52,-9.33],[78.52,-9.32],[78.42,-9.32],[78.42,-9.3],[78.27,-9.3],[78.27,-9.28],[78.27,-9.25],[78.16,-9.2],[78.13,-9.2],[78.02,-9.18],[78.02,-9.15],[78.09,-9.11],[78.16,-9.03],[78.27,-8.93],[78.42,-8.9],[78.74,-8.9],[78.85,-8.93],[78.85,-8.96],[78.88,-8.96],[78.96,-9.0],[79.17,-9.0],[79.24,-8.96],[79.24,-8.93],[79.35,-8.9],[79.6,-8.9],[79.64,-8.88],[79.78,-8.85],[79.78,-8.8],[79.78,-8.83],[79.86,-8.85],[79.86,-8.88],[79.89,-8.88],[79.89,-8.86],[79.96,-8.85],[80.07,-8.75],[80.14,-8.73],[80.22,-8.71],[80.83,-8.71],[80.9,-8.73],[80.97,-8.75],[80.97,-8.8],[81.01,-8.78],[81.01,-8.63],[80.97,-8.6],[80.83,-8.6],[80.76,-8.58],[80.76,-8.45],[80.72,-8.43],[80.72,-8.41],[80.5,-8.41],[80.47,-8.43],[80.47,-8.45],[80.4,-8.5],[80.36,-8.5],[80.29,-8.46],[80.14,-8.38],[80.14,-8.36],[80.07,-8.31],[80.07,-8.29],[79.89,-8.29],[79.86,-8.26],[79.86,-8.04],[79.89,-7.99],[80.0,-7.99],[80.04,-7.98],[80.04,-7.93],[80.07,-7.89],[80.04,-7.88],[80.04,-7.83],[80.0,-7.81],[79.75,-7.81],[79.64,-7.78],[79.64,-7.73],[79.64,-7.69],[79.64,-7.51],[79.6,-7.51],[79.6,-7.47],[79.53,-7.47],[79.53,-7.42],[79.6,-7.42],[79.6,-7.39],[79.64,-7.36],[79.64,-7.21],[79.53,-7.19],[79.53,-6.92],[79.6,-6.91],[79.64,-6.91],[79.64,-6.96],[79.64,-6.99],[79.71,-7.01],[79.71,-6.97],[79.78,-6.91],[79.86,-6.91],[79.96,-6.91],[80.04,-6.89],[80.04,-6.86],[80.07,-6.86],[80.07,-6.82],[80.14,-6.81],[80.25,-6.81],[80.29,-6.81],[80.36,-6.81],[80.47,-6.81],[80.54,-6.82],[80.54,-6.86],[80.65,-6.91],[80.76,-6.91],[80.83,-6.91],[80.86,-6.96],[80.9,-6.97],[80.9,-6.94],[81.01,-6.91],[81.15,-6.91],[81.51,-6.91],[81.58,-6.89],[81.66,-6.86],[81.66,-6.82],[81.51,-6.81],[81.48,-6.81],[81.48,-6.76],[81.44,-6.72],[81.44,-6.62],[81.37,-6.6],[81.26,-6.6],[81.26,-6.59],[81.26,-6.55]],[[83.35,-8.34],[83.31,-8.31],[83.24,-8.29],[82.88,-8.29],[82.77,-8.33],[82.77,-8.38],[82.84,-8.4],[82.95,-8.4],[82.99,-8.41],[83.13,-8.41],[83.13,-8.4],[83.28,-8.4],[83.35,-8.38],[83.35,-8.34]],[[83.35,-8.65],[83.35,-8.6],[83.28,-8.6],[83.28,-8.63],[83.24,-8.65],[83.28,-8.66],[83.28,-8.7],[83.35,-8.7],[83.35,-8.65]]]}},{"type":"Feature","properties":{"precip":10},"geometry":{"type":"Polygon","coordinates":[[[71.04,-6.64],[71.07,-6.64],[71.07,-6.6],[71.14,-6.6],[71.14,-6.69],[71.07,-6.72],[71.07,-6.65],[71.04,-6.64]]]}},{"type":"Feature","properties":{"precip":10},"geometry":{"type":"Polygon","coordinates":[[[87.05,-6.62],[87.05,-6.6],[87.13,-6.6],[87.16,-6.64],[87.16,-6.67],[87.23,-6.69],[87.23,-6.65],[87.23,-6.6],[87.34,-6.62],[87.45,-6.76],[87.45,-6.81],[87.23,-6.81],[87.16,-6.76],[87.05,-6.65],[87.05,-6.62]]]}},{"type":"Feature","properties":{"precip":10},"geometry":{"type":"Polygon","coordinates":[[[14.96,-6.77],[14.96,-6.72],[15.03,-6.72],[15.03,-6.76],[15.06,-6.77],[15.06,-6.89],[15.14,-6.91],[15.14,-6.99],[15.06,-6.96],[14.99,-6.91],[14.99,-6.86],[14.96,-6.82],[14.96,-6.77]]]}},{"type":"Feature","properties":{"precip":10},"geometry":{"type":"Polygon","coordinates":[[[11.64,-6.86],[11.64,-6.82],[11.72,-6.81],[11.75,-6.81],[11.75,-6.89],[11.64,-6.89],[11.64,-6.86]]]}},{"type":"Feature","properties":{"precip":10},"geometry":{"type":"Polygon","coordinates":[[[63.15,-6.86],[63.15,-6.82],[63.26,-6.81],[63.33,-6.81],[63.33,-6.89],[63.3,-6.91],[63.23,-6.91],[63.15,-6.89],[63.15,-6.86]]]}},{"type":"Feature","properties":{"precip":10},"geometry":{"type":"Polygon","coordinates":[[[68.55,-6.86],[68.55,-6.82],[68.59,-6.81],[68.66,-6.81],[68.73,-6.84],[68.81,-6.89],[68.81,-6.92],[68.84,-6.94],[68.84,-7.04],[68.88,-7.06],[68.88,-7.07],[68.95,-7.09],[68.95,-7.11],[69.02,-7.14],[69.09,-7.19],[69.17,-7.24],[69.17,-7.27],[69.13,-7.27],[69.06,-7.31],[68.99,-7.31],[68.95,-7.32],[68.95,-7.36],[69.09,-7.47],[69.17,-7.51],[69.27,-7.51],[69.35,-7.53],[69.35,-7.68],[69.38,-7.73],[69.38,-7.76],[69.42,-7.79],[69.45,-7.84],[69.53,-7.91],[69.53,-7.99],[69.45,-8.06],[69.35,-8.11],[69.27,-8.09],[69.24,-8.04],[69.27,-8.03],[69.27,-7.99],[69.35,-7.98],[69.35,-7.93],[69.24,-7.89],[69.13,-7.89],[69.06,-7.86],[69.06,-7.83],[68.99,-7.81],[68.81,-7.81],[68.77,-7.83],[68.77,-7.89],[68.81,-7.89],[68.84,-7.93],[68.84,-8.03],[68.88,-8.09],[68.88,-8.14],[68.95,-8.24],[68.95,-8.28],[68.99,-8.28],[69.09,-8.21],[69.13,-8.21],[69.17,-8.24],[69.06,-8.33],[69.06,-8.43],[69.09,-8.46],[69.09,-8.5],[69.17,-8.5],[69.24,-8.53],[69.27,-8.56],[69.27,-8.58],[69.35,-8.63],[69.35,-8.66],[69.45,-8.71],[69.49,-8.71],[69.6,-8.78],[69.67,-8.88],[69.74,-8.98],[69.74,-9.05],[69.78,-9.06],[69.78,-9.1],[69.85,-9.11],[69.85,-9.23],[69.88,-9.3],[69.92,-9.33],[69.99,-9.35],[70.21,-9.38],[70.39,-9.4],[70.82,-9.4],[70.93,-9.38],[71.07,-9.38],[71.14,-9.35],[71.14,-9.33],[71.22,-9.32],[71.29,-9.32],[71.32,-9.3],[71.47,-9.3],[71.54,-9.27],[71.54,-9.23],[71.61,-9.2],[71.68,-9.2],[71.76,-9.16],[71.76,-9.05],[71.68,-9.01],[71.58,-9.0],[71.36,-9.0],[71.29,-8.96],[71.25,-8.96],[71.25,-8.91],[71.22,-8.9],[71.11,-8.9],[71.04,-8.95],[71.04,-8.98],[71.0,-9.0],[70.89,-9.0],[70.86,-8.98],[70.86,-8.93],[70.93,-8.88],[71.0,-8.85],[71.07,-8.83],[71.36,-8.8],[71.5,-8.8],[71.65,-8.81],[71.76,-8.85],[71.76,-8.88],[71.86,-8.88],[71.9,-8.9],[72.15,-8.9],[72.22,-8.93],[72.26,-8.93],[72.26,-8.98],[72.3,-9.0],[72.37,-8.95],[72.37,-8.91],[72.4,-8.9],[72.44,-8.91],[72.48,-8.96],[72.58,-9.0],[72.8,-9.0],[72.84,-8.98],[72.84,-8.95],[72.87,-8.93],[72.87,-8.9],[72.94,-8.9],[73.02,-8.88],[73.09,-8.85],[73.09,-8.81],[73.16,-8.75],[73.16,-8.73],[73.12,-8.71],[72.94,-8.71],[72.91,-8.7],[72.8,-8.7],[72.76,-8.66],[72.76,-8.43],[72.84,-8.41],[72.84,-8.45],[72.91,-8.5],[72.98,-8.5],[73.05,-8.53],[73.05,-8.56],[73.09,-8.56],[73.09,-8.6],[73.12,-8.6],[73.12,-8.56],[73.16,-8.53],[73.23,-8.5],[73.3,-8.51],[73.38,-8.51],[73.41,-8.55],[73.48,-8.58],[73.59,-8.68],[73.59,-8.7],[73.7,-8.6],[73.77,-8.53],[73.84,-8.51],[73.84,-8.56],[73.88,-8.58],[73.88,-8.6],[73.95,-8.58],[73.99,-8.51],[74.02,-8.51],[74.02,-8.55],[74.06,-8.58],[74.13,-8.6],[74.2,-8.6],[74.24,-8.63],[74.24,-8.8],[74.17,-8.81],[74.17,-9.0],[74.24,-8.98],[74.24,-8.95],[74.31,-8.9],[74.35,-8.86],[74.49,-8.8],[74.56,-8.8],[74.71,-8.83],[74.82,-8.91],[74.85,-8.93],[74.85,-8.96],[74.92,-8.98],[74.92,-8.96],[75.0,-8.93],[75.07,-8.91],[75.21,-8.9],[75.64,-8.9],[75.72,-8.91],[75.79,-8.98],[75.79,-9.0],[75.86,-9.0],[75.93,-9.01],[75.97,-9.03],[75.97,-9.08],[76.04,-9.1],[76.15,-9.05],[76.22,-9.0],[76.22,-8.9],[76.18,-8.88],[76.04,-8.78],[76.04,-8.71],[76.15,-8.71],[76.22,-8.68],[76.29,-8.58],[76.29,-8.51],[76.29,-8.48],[76.26,-8.46],[76.26,-8.33],[76.29,-8.29],[76.47,-8.29],[76.54,-8.34],[76.54,-8.4],[76.62,-8.41],[76.62,-8.36],[76.69,-8.31],[76.76,-8.29],[76.87,-8.29],[76.9,-8.33],[76.9,-8.34],[77.01,-8.38],[77.12,-8.4],[77.3,-8.4],[77.41,-8.41],[78.09,-8.41],[78.24,-8.43],[78.27,-8.45],[78.16,-8.48],[78.13,-8.5],[77.91,-8.5],[77.91,-8.51],[77.84,-8.51],[77.77,-8.53],[77.77,-8.56],[77.66,-8.6],[77.62,-8.6],[77.59,-8.58],[77.55,-8.58],[77.55,-8.51],[77.48,-8.5],[77.48,-8.55],[77.41,-8.56],[77.41,-8.68],[77.37,-8.71],[77.37,-8.78],[77.41,-8.8],[77.59,-8.8],[77.66,-8.85],[77.66,-9.05],[77.59,-9.1],[77.41,-9.1],[77.37,-9.08],[77.37,-9.0],[77.3,-8.96],[77.3,-8.93],[77.26,-8.9],[76.9,-8.9],[76.76,-8.93],[76.69,-9.01],[76.69,-9.03],[76.65,-9.05],[76.65,-9.08],[76.69,-9.1],[76.8,-9.1],[76.8,-9.11],[76.8,-9.16],[76.87,-9.18],[76.87,-9.3],[76.9,-9.32],[76.9,-9.4],[76.9,-9.45],[76.8,-9.63],[76.72,-9.67],[76.65,-9.75],[76.54,-9.8],[76.18,-9.8],[76.11,-9.78],[76.04,-9.75],[76.04,-9.72],[75.97,-9.7],[75.72,-9.7],[75.64,-9.73],[75.57,-9.75],[75.5,-9.8],[75.5,-9.83],[75.46,-9.83],[75.5,-9.87],[75.64,-10.05],[75.72,-10.1],[75.72,-10.2],[75.68,-10.25],[75.54,-10.3],[75.46,-10.32],[75.46,-10.37],[75.43,-10.37],[75.39,-10.4],[75.28,-10.4],[75.21,-10.4],[75.14,-10.44],[75.14,-10.47],[75.07,-10.5],[74.96,-10.5],[74.85,-10.54],[74.85,-10.57],[74.74,-10.59],[74.71,-10.6],[74.6,-10.6],[74.53,-10.59],[74.46,-10.55],[74.46,-10.44],[74.49,-10.4],[74.56,-10.4],[74.64,-10.37],[74.74,-10.27],[74.74,-10.24],[74.64,-10.2],[74.42,-10.2],[74.28,-10.22],[74.17,-10.22],[74.02,-10.25],[74.02,-10.3],[73.99,-10.3],[73.99,-10.25],[73.95,-10.24],[73.77,-10.2],[73.48,-10.2],[73.38,-10.24],[73.34,-10.27],[73.34,-10.39],[73.3,-10.4],[73.12,-10.4],[73.05,-10.37],[73.05,-10.32],[73.02,-10.3],[72.91,-10.3],[72.84,-10.35],[72.84,-10.39],[72.8,-10.4],[72.66,-10.4],[72.58,-10.4],[72.55,-10.42],[72.55,-10.49],[72.51,-10.5],[72.44,-10.5],[72.44,-10.52],[72.33,-10.55],[72.33,-10.59],[72.19,-10.7],[72.15,-10.72],[72.12,-10.77],[72.04,-10.8],[71.97,-10.8],[71.97,-10.84],[71.94,-10.85],[71.94,-10.87],[71.79,-10.9],[71.76,-10.92],[71.76,-10.97],[71.68,-11.01],[71.54,-11.01],[71.43,-11.04],[71.43,-11.09],[71.4,-11.11],[71.4,-11.07],[71.32,-11.02],[71.18,-11.01],[70.82,-11.01],[70.71,-11.02],[70.68,-11.06],[70.6,-11.09],[70.57,-11.14],[70.5,-11.19],[70.42,-11.29],[70.35,-11.34],[70.24,-11.41],[70.17,-11.42],[70.1,-11.47],[70.1,-11.51],[70.06,-11.54],[70.06,-11.57],[70.14,-11.61],[70.14,-11.74],[70.06,-11.83],[70.03,-11.89],[69.92,-11.98],[69.85,-11.96],[69.85,-11.93],[69.81,-11.89],[69.74,-11.83],[69.67,-11.81],[69.67,-11.84],[69.6,-11.86],[69.45,-11.77],[69.38,-11.66],[69.27,-11.56],[69.17,-11.49],[69.17,-11.71],[69.13,-11.76],[69.13,-11.79],[69.06,-11.77],[69.06,-11.76],[69.02,-11.71],[68.95,-11.64],[68.88,-11.62],[68.77,-11.61],[68.41,-11.61],[68.27,-11.57],[68.27,-11.47],[68.23,-11.42],[68.12,-11.39],[68.05,-11.36],[68.05,-11.34],[67.98,-11.26],[67.87,-11.21],[67.8,-11.19],[67.65,-11.19],[67.58,-11.16],[67.55,-11.16],[67.55,-11.12],[67.65,-11.07],[67.65,-10.94],[67.62,-10.9],[67.55,-10.89],[67.47,-10.85],[67.4,-10.8],[67.4,-10.79],[67.19,-10.6],[67.15,-10.6],[67.08,-10.57],[67.08,-10.55],[67.04,-10.52],[67.04,-10.4],[67.08,-10.37],[67.08,-10.3],[67.15,-10.27],[67.15,-10.1],[67.19,-10.05],[67.19,-10.0],[67.22,-9.97],[67.29,-9.95],[67.33,-9.92],[67.4,-9.9],[67.58,-9.9],[67.65,-9.87],[67.65,-9.83],[67.73,-9.8],[67.8,-9.8],[67.94,-9.67],[67.94,-9.65],[68.05,-9.62],[68.16,-9.6],[68.59,-9.6],[68.7,-9.57],[68.73,-9.53],[68.73,-9.5],[68.77,-9.43],[68.77,-9.13],[68.84,-9.1],[68.95,-9.08],[68.95,-9.03],[68.88,-9.0],[68.81,-9.0],[68.77,-8.98],[68.77,-8.93],[68.7,-8.9],[68.63,-8.9],[68.55,-8.88],[68.55,-8.83],[68.48,-8.8],[68.41,-8.8],[68.37,-8.78],[68.37,-8.73],[68.34,-8.73],[68.34,-8.65],[68.3,-8.61],[68.3,-8.58],[68.23,-8.51],[68.16,-8.53],[68.16,-8.58],[68.09,-8.58],[67.98,-8.48],[67.98,-8.43],[67.94,-8.4],[67.94,-8.33],[67.87,-8.29],[67.8,-8.29],[67.73,-8.28],[67.62,-8.23],[67.62,-8.19],[67.58,-8.18],[67.55,-8.13],[67.47,-8.06],[67.47,-8.01],[67.51,-7.99],[67.58,-7.99],[67.65,-7.98],[67.65,-7.91],[67.55,-7.86],[67.55,-7.76],[67.58,-7.73],[67.58,-7.69],[67.65,-7.71],[67.69,-7.76],[67.69,-7.81],[67.73,-7.81],[67.73,-7.74],[67.83,-7.69],[67.91,-7.69],[67.98,-7.66],[67.98,-7.61],[68.01,-7.61],[68.05,-7.64],[68.05,-7.68],[68.09,-7.68],[68.16,-7.69],[68.27,-7.69],[68.37,-7.74],[68.37,-7.79],[68.45,-7.78],[68.45,-7.74],[68.52,-7.69],[68.52,-7.73],[68.55,-7.74],[68.55,-7.79],[68.59,-7.81],[68.63,-7.78],[68.63,-7.74],[68.66,-7.68],[68.66,-7.24],[68.7,-7.21],[68.7,-7.19],[68.77,-7.16],[68.66,-7.06],[68.66,-6.94],[68.63,-6.92],[68.63,-6.91],[68.55,-6.89],[68.55,-6.86]],[[72.04,-9.1],[72.04,-9.01],[72.01,-9.01],[71.94,-9.03],[71.9,-9.06],[71.9,-9.11],[71.86,-9.13],[71.86,-9.18],[71.9,-9.2],[71.97,-9.2],[72.04,-9.18],[72.04,-9.1]],[[74.17,-9.18],[74.13,-9.15],[74.06,-9.11],[73.95,-9.1],[73.88,-9.11],[73.84,-9.15],[73.84,-9.18],[73.88,-9.18],[73.88,-9.2],[73.92,-9.2],[73.95,-9.23],[73.95,-9.35],[74.02,-9.4],[74.17,-9.4],[74.24,-9.35],[74.24,-9.27],[74.17,-9.18]]]}},{"type":"Feature","properties":{"precip":10},"geometry":{"type":"Polygon","coordinates":[[[9.05,-6.94],[9.05,-6.91],[9.13,-6.91],[9.13,-6.92],[9.16,-6.92],[9.16,-6.97],[9.13,-6.97],[9.13,-7.01],[9.05,-6.99],[9.05,-6.94]]]}},{"type":"Feature","properties":{"precip":10},"geometry":{"type":"Polygon","coordinates":[[[12.04,-6.92],[12.08,-6.91],[12.18,-6.99],[12.22,-7.04],[12.29,-7.07],[12.29,-7.11],[12.33,-7.12],[12.33,-7.19],[12.29,-7.16],[12.22,-7.12],[12.15,-7.04],[12.08,-6.99],[12.08,-6.96],[12.04,-6.92]]]}},{"type":"Feature","properties":{"precip":10},"geometry":{"type":"Polygon","coordinates":[[[53.76,-6.94],[53.76,-6.91],[53.83,-6.91],[53.83,-6.92],[53.87,-6.92],[53.87,-6.97],[53.83,-6.97],[53.83,-7.01],[53.76,-6.99],[53.76,-6.94]]]}},{"type":"Feature","properties":{"precip":10},"geometry":{"type":"Polygon","coordinates":[[[16.47,-7.06],[16.47,-7.01],[16.54,-7.01],[16.54,-7.09],[16.47,-7.09],[16.47,-7.06]]]}},{"type":"Feature","properties":{"precip":10},"geometry":{"type":"Polygon","coordinates":[[[28.17,-7.06],[28.17,-7.02],[28.2,-7.01],[28.31,-7.01],[28.35,-7.02],[28.35,-7.07],[28.31,-7.09],[28.2,-7.09],[28.17,-7.07],[28.17,-7.06]]]}},{"type":"Feature","properties":{"precip":10},"geometry":{"type":"Polygon","coordinates":[[[35.65,-7.06],[35.65,-7.02],[35.69,-7.01],[35.8,-7.01],[35.87,-7.06],[35.8,-7.09],[35.69,-7.09],[35.65,-7.07],[35.65,-7.06]]]}},{"type":"Feature","properties":{"precip":10},"geometry":{"type":"Polygon","coordinates":[[[71.86,-7.06],[71.86,-7.01],[71.94,-7.01],[71.94,-7.09],[71.86,-7.09],[71.86,-7.06]]]}},{"type":"Feature","properties":{"precip":10},"geometry":{"type":"Polygon","coordinates":[[[86.95,-7.07],[86.95,-7.02],[86.98,-7.01],[87.09,-7.06],[87.09,-7.09],[87.13,-7.14],[87.13,-7.17],[87.16,-7.21],[87.16,-7.27],[87.13,-7.31],[86.98,-7.19],[86.98,-7.14],[86.95,-7.11],[86.95,-7.07]]]}},{"type":"Feature","properties":{"precip":10},"geometry":{"type":"Polygon","coordinates":[[[14.45,-7.12],[14.45,-7.11],[14.56,-7.09],[14.63,-7.12],[14.63,-7.17],[14.67,-7.21],[14.63,-7.24],[14.63,-7.31],[14.56,-7.26],[14.49,-7.21],[14.49,-7.17],[14.45,-7.12]]]}},{"type":"Feature","properties":{"precip":10},"geometry":{"type":"Polygon","coordinates":[[[47.24,-7.16],[47.24,-7.12],[47.32,-7.09],[47.39,-7.09],[47.46,-7.12],[47.46,-7.17],[47.39,-7.21],[47.32,-7.21],[47.24,-7.17],[47.24,-7.16]]]}},{"type":"Feature","properties":{"precip":10},"geometry":{"type":"Polygon","coordinates":[[[14.74,-7.31],[14.74,-7.26],[14.78,-7.24],[14.78,-7.21],[14.85,-7.21],[14.85,-7.27],[14.88,-7.32],[14.92,-7.39],[15.06,-7.58],[15.32,-7.79],[15.42,-7.83],[15.42,-7.84],[15.46,-7.86],[15.46,-7.94],[15.42,-7.96],[15.42,-7.98],[15.39,-7.99],[15.28,-7.98],[15.21,-7.93],[15.21,-7.89],[15.17,-7.86],[15.17,-7.83],[15.14,-7.78],[15.14,-7.73],[15.1,-7.69],[15.03,-7.69],[14.99,-7.68],[14.88,-7.59],[14.88,-7.56],[14.85,-7.51],[14.85,-7.42],[14.81,-7.39],[14.78,-7.39],[14.78,-7.36],[14.74,-7.34],[14.74,-7.31]]]}},{"type":"Feature","properties":{"precip":10},"geometry":{"type":"Polygon","coordinates":[[[28.24,-7.54],[28.24,-7.36],[28.27,-7.29],[28.27,-7.21],[28.31,-7.21],[28.49,-7.21],[28.53,-7.21],[28.53,-7.26],[28.56,-7.29],[28.56,-7.56],[28.6,-7.58],[28.6,-7.61],[28.63,-7.61],[28.63,-7.69],[28.67,-7.73],[28.67,-7.78],[28.78,-7.81],[28.85,-7.81],[28.96,-7.76],[28.96,-7.73],[29.03,-7.69],[29.1,-7.69],[29.14,-7.71],[29.14,-7.81],[29.07,-7.81],[29.07,-7.93],[29.03,-7.94],[29.03,-7.98],[28.99,-7.99],[28.92,-7.99],[28.85,-8.03],[28.85,-8.08],[28.78,-8.09],[28.78,-8.11],[28.67,-8.09],[28.67,-8.06],[28.63,-8.04],[28.63,-8.01],[28.6,-7.99],[28.53,-7.99],[28.45,-7.98],[28.45,-7.93],[28.38,-7.89],[28.31,-7.89],[28.27,-7.88],[28.27,-7.81],[28.24,-7.74],[28.24,-7.54]]]}},{"type":"Feature","properties":{"precip":10},"geometry":{"type":"Polygon","coordinates":[[[69.31,-7.27],[69.38,-7.21],[69.42,-7.21],[69.45,-7.22],[69.45,-7.36],[69.38,-7.39],[69.27,-7.39],[69.27,-7.31],[69.31,-7.27]]]}},{"type":"Feature","properties":{"precip":10},"geometry":{"type":"Polygon","coordinates":[[[16.04,-7.36],[16.07,-7.34],[16.07,-7.31],[16.14,-7.31],[16.14,-7.39],[16.07,-7.39],[16.07,-7.36],[16.04,-7.36]]]}},{"type":"Feature","properties":{"precip":10},"geometry":{"type":"Polygon","coordinates":[[[31.66,-7.39],[31.66,-7.34],[31.69,-7.31],[31.84,-7.31],[31.84,-7.36],[31.73,-7.46],[31.73,-7.49],[31.69,-7.51],[31.66,-7.49],[31.66,-7.39]]]}},{"type":"Feature","properties":{"precip":10},"geometry":{"type":"Polygon","coordinates":[[[68.27,-7.36],[68.27,-7.32],[68.3,-7.31],[68.41,-7.31],[68.45,-7.32],[68.45,-7.37],[68.41,-7.39],[68.3,-7.39],[68.27,-7.37],[68.27,-7.36]]]}},{"type":"Feature","properties":{"precip":10},"geometry":{"type":"Polygon","coordinates":[[[14.34,-7.51],[14.34,-7.44],[14.38,-7.42],[14.38,-7.39],[14.42,-7.39],[14.45,-7.42],[14.45,-7.58],[14.42,-7.58],[14.42,-7.61],[14.34,-7.56],[14.34,-7.51]]]}},{"type":"Feature","properties":{"precip":10},"geometry":{"type":"Polygon","coordinates":[[[52.75,-7.54],[52.75,-7.51],[52.82,-7.51],[52.86,-7.51],[52.86,-7.58],[52.79,-7.61],[52.75,-7.59],[52.75,-7.54]]]}},{"type":"Feature","properties":{"precip":10},"geometry":{"type":"Polygon","coordinates":[[[84.97,-7.54],[84.97,-7.51],[85.0,-7.51],[85.07,-7.54],[85.07,-7.58],[85.11,-7.66],[85.11,-7.73],[85.18,-7.76],[85.25,-7.84],[85.25,-7.86],[85.33,-7.91],[85.33,-7.98],[85.25,-7.99],[85.25,-8.03],[85.25,-8.06],[85.25,-8.16],[85.33,-8.21],[85.33,-8.24],[85.36,-8.28],[85.36,-8.48],[85.47,-8.55],[85.47,-8.56],[85.33,-8.6],[85.18,-8.6],[85.11,-8.61],[85.0,-8.65],[85.0,-8.7],[84.97,-8.68],[84.86,-8.6],[84.86,-8.56],[84.86,-8.53],[84.86,-8.43],[84.93,-8.4],[84.93,-8.31],[84.82,-8.23],[84.75,-8.19],[84.68,-8.18],[84.68,-8.14],[84.64,-8.13],[84.64,-7.98],[84.68,-7.96],[84.68,-7.93],[84.82,-7.86],[84.93,-7.78],[84.97,-7.73],[84.86,-7.69],[84.71,-7.69],[84.68,-7.68],[84.64,-7.68],[84.64,-7.64],[84.71,-7.61],[84.75,-7.61],[84.82,-7.59],[84.86,-7.59],[84.97,-7.54]]]}},{"type":"Feature","properties":{"precip":10},"geometry":{"type":"Polygon","coordinates":[[[31.55,-7.69],[31.55,-7.64],[31.59,-7.61],[31.73,-7.61],[31.73,-7.69],[31.62,-7.79],[31.55,-7.79],[31.55,-7.69]]]}},{"type":"Feature","properties":{"precip":10},"geometry":{"type":"Polygon","coordinates":[[[53.0,-7.68],[53.15,-7.61],[53.22,-7.61],[53.33,-7.59],[53.47,-7.63],[53.54,-7.66],[53.62,-7.69],[53.62,-7.71],[53.72,-7.81],[53.8,-7.81],[53.87,-7.84],[53.94,-7.93],[53.94,-7.98],[53.87,-8.01],[53.87,-8.13],[53.83,-8.14],[53.83,-8.18],[53.8,-8.19],[53.54,-8.19],[53.47,-8.18],[53.47,-8.14],[53.4,-8.11],[53.26,-8.11],[53.18,-8.08],[53.15,-8.04],[53.15,-7.94],[53.11,-7.91],[53.04,-7.89],[52.97,-7.86],[52.97,-7.71],[53.0,-7.68]]]}},{"type":"Feature","properties":{"precip":10},"geometry":{"type":"Polygon","coordinates":[[[72.04,-7.66],[72.08,-7.61],[72.15,-7.63],[72.15,-7.68],[72.08,-7.69],[72.04,-7.66]]]}},{"type":"Feature","properties":{"precip":10},"geometry":{"type":"Polygon","coordinates":[[[61.75,-7.74],[61.82,-7.69],[62.0,-7.69],[62.25,-7.74],[62.33,-7.81],[62.33,-7.89],[62.25,-7.94],[62.25,-7.98],[62.29,-7.98],[62.33,-7.99],[62.33,-8.04],[62.36,-8.06],[62.36,-8.18],[62.43,-8.21],[62.43,-8.26],[62.47,-8.28],[62.47,-8.4],[62.51,-8.41],[62.58,-8.34],[62.58,-8.33],[62.65,-8.38],[62.72,-8.43],[62.83,-8.51],[62.9,-8.6],[63.05,-8.75],[63.05,-8.83],[63.08,-8.88],[63.08,-8.9],[63.15,-8.96],[63.23,-9.0],[63.33,-9.0],[63.33,-8.96],[63.37,-8.95],[63.37,-8.91],[63.41,-8.9],[63.55,-8.9],[63.62,-8.88],[63.66,-8.88],[63.66,-8.85],[63.73,-8.81],[63.84,-8.8],[64.05,-8.8],[64.16,-8.81],[64.27,-8.86],[64.27,-8.88],[64.34,-8.88],[64.34,-8.85],[64.41,-8.8],[64.41,-8.83],[64.45,-8.86],[64.52,-8.88],[64.59,-8.9],[64.88,-8.9],[64.95,-8.95],[64.95,-9.06],[65.03,-9.1],[65.21,-9.1],[65.24,-9.08],[65.24,-9.03],[65.21,-9.01],[65.13,-8.91],[65.06,-8.88],[65.03,-8.83],[64.95,-8.81],[64.88,-8.78],[64.88,-8.75],[64.85,-8.73],[64.85,-8.66],[64.88,-8.65],[64.88,-8.61],[64.92,-8.6],[64.99,-8.6],[65.06,-8.56],[65.06,-8.53],[65.13,-8.53],[65.13,-8.56],[65.17,-8.58],[65.24,-8.63],[65.31,-8.71],[65.35,-8.73],[65.35,-8.75],[65.49,-8.81],[65.64,-8.91],[65.64,-8.95],[65.75,-9.03],[65.82,-9.06],[65.85,-9.1],[65.93,-9.08],[65.93,-9.03],[65.96,-9.03],[65.96,-8.88],[65.93,-8.85],[65.93,-8.8],[65.85,-8.78],[65.85,-8.73],[65.89,-8.71],[65.96,-8.71],[65.96,-8.7],[66.03,-8.7],[66.03,-8.66],[66.07,-8.66],[66.07,-8.61],[66.11,-8.6],[66.21,-8.6],[66.21,-8.63],[66.25,-8.63],[66.25,-8.73],[66.32,-8.8],[66.39,-8.8],[66.47,-8.85],[66.39,-8.9],[66.32,-8.9],[66.25,-8.95],[66.25,-9.03],[66.29,-9.05],[66.29,-9.1],[66.36,-9.16],[66.47,-9.2],[66.5,-9.2],[66.54,-9.23],[66.54,-9.4],[66.5,-9.47],[66.5,-9.52],[66.43,-9.57],[66.43,-9.58],[66.36,-9.65],[66.36,-9.67],[66.39,-9.67],[66.47,-9.73],[66.47,-9.77],[66.43,-9.8],[66.36,-9.8],[66.29,-9.83],[66.18,-9.93],[66.14,-9.97],[66.03,-10.07],[66.0,-10.1],[65.93,-10.17],[65.85,-10.17],[65.85,-10.14],[65.82,-10.1],[65.78,-10.1],[65.78,-10.15],[65.71,-10.2],[65.64,-10.2],[65.6,-10.22],[65.46,-10.34],[65.46,-10.44],[65.42,-10.45],[65.42,-10.5],[65.39,-10.52],[65.35,-10.55],[65.28,-10.62],[65.28,-10.67],[65.24,-10.7],[65.24,-10.77],[65.17,-10.8],[65.03,-10.8],[64.95,-10.84],[64.92,-10.87],[64.85,-10.89],[64.56,-10.89],[64.38,-10.85],[64.34,-10.82],[64.27,-10.82],[64.27,-10.85],[64.2,-10.89],[64.09,-10.8],[63.98,-10.84],[63.91,-10.89],[63.84,-11.01],[63.84,-11.06],[63.8,-11.11],[63.73,-11.16],[63.66,-11.17],[63.59,-11.19],[63.51,-11.19],[63.48,-11.17],[63.44,-11.12],[63.41,-11.11],[63.37,-11.12],[63.37,-11.16],[63.33,-11.19],[63.26,-11.17],[63.26,-11.01],[63.33,-11.01],[63.33,-10.94],[63.37,-10.9],[63.33,-10.85],[63.33,-10.84],[63.3,-10.79],[63.26,-10.77],[63.26,-10.72],[63.33,-10.7],[63.33,-10.62],[63.3,-10.6],[63.3,-10.57],[63.23,-10.55],[63.05,-10.5],[62.76,-10.5],[62.69,-10.52],[62.65,-10.55],[62.65,-10.57],[62.61,-10.57],[62.54,-10.6],[62.47,-10.6],[62.36,-10.57],[62.36,-10.24],[62.4,-10.2],[62.43,-10.2],[62.43,-10.14],[62.47,-10.12],[62.47,-10.02],[62.54,-9.97],[62.54,-9.93],[62.47,-9.9],[62.47,-9.83],[62.51,-9.83],[62.51,-9.8],[62.54,-9.77],[62.54,-9.55],[62.47,-9.47],[62.43,-9.43],[62.36,-9.42],[62.36,-9.47],[62.33,-9.5],[62.25,-9.48],[62.25,-9.38],[62.22,-9.33],[62.22,-9.3],[62.15,-9.23],[62.11,-9.21],[62.07,-9.23],[62.0,-9.3],[61.89,-9.3],[61.86,-9.28],[61.86,-9.23],[61.82,-9.2],[61.71,-9.2],[61.64,-9.25],[61.64,-9.38],[61.57,-9.4],[61.57,-9.53],[61.61,-9.58],[61.61,-9.62],[61.75,-9.77],[61.75,-9.83],[61.71,-9.87],[61.71,-9.9],[61.64,-9.9],[61.57,-9.93],[61.53,-9.97],[61.43,-10.07],[61.35,-10.1],[61.28,-10.1],[61.21,-10.1],[61.14,-10.15],[61.14,-10.19],[61.1,-10.2],[60.99,-10.2],[60.99,-10.24],[60.96,-10.25],[60.96,-10.35],[60.89,-10.4],[60.71,-10.4],[60.67,-10.39],[60.67,-10.22],[60.63,-10.19],[60.63,-10.12],[60.56,-10.1],[60.49,-10.1],[60.49,-10.07],[60.45,-10.05],[60.45,-9.83],[60.49,-9.83],[60.49,-9.8],[60.53,-9.8],[60.53,-9.77],[60.56,-9.72],[60.56,-9.62],[60.53,-9.55],[60.53,-9.5],[60.42,-9.42],[60.38,-9.4],[60.31,-9.4],[60.27,-9.38],[60.27,-9.33],[60.24,-9.33],[60.24,-9.21],[60.2,-9.2],[60.13,-9.2],[60.06,-9.21],[60.06,-9.28],[60.13,-9.32],[60.13,-9.38],[60.02,-9.48],[59.95,-9.48],[59.95,-9.45],[59.99,-9.43],[59.99,-9.4],[60.06,-9.35],[60.06,-9.33],[59.99,-9.32],[59.99,-9.27],[59.95,-9.25],[59.95,-9.13],[59.91,-9.1],[59.88,-9.1],[59.84,-9.13],[59.84,-9.18],[59.81,-9.18],[59.73,-9.15],[59.7,-9.08],[59.66,-9.06],[59.66,-9.03],[59.73,-8.98],[59.73,-8.93],[59.77,-8.91],[59.77,-8.81],[59.84,-8.78],[59.84,-8.66],[59.88,-8.65],[59.88,-8.61],[59.91,-8.6],[59.99,-8.6],[60.06,-8.56],[60.06,-8.53],[60.13,-8.51],[60.13,-8.55],[60.17,-8.55],[60.13,-8.58],[60.06,-8.61],[60.06,-8.66],[60.09,-8.7],[60.17,-8.7],[60.2,-8.71],[60.27,-8.71],[60.35,-8.73],[60.38,-8.75],[60.38,-8.8],[60.42,-8.8],[60.42,-8.76],[60.49,-8.71],[60.67,-8.71],[60.71,-8.73],[60.78,-8.76],[60.81,-8.8],[60.81,-8.83],[60.89,-8.86],[60.89,-8.88],[61.03,-8.9],[61.17,-8.9],[61.25,-8.93],[61.25,-8.98],[61.28,-9.0],[61.35,-8.96],[61.35,-8.85],[61.28,-8.8],[61.21,-8.8],[61.14,-8.73],[61.17,-8.73],[61.17,-8.71],[61.25,-8.68],[61.25,-8.56],[61.28,-8.55],[61.28,-8.51],[61.32,-8.5],[61.39,-8.5],[61.43,-8.48],[61.43,-8.45],[61.46,-8.43],[61.46,-8.24],[61.5,-8.21],[61.61,-8.19],[61.75,-8.19],[61.82,-8.16],[61.86,-8.16],[61.86,-8.13],[61.82,-8.11],[61.71,-8.11],[61.64,-8.06],[61.68,-8.04],[61.68,-8.01],[61.75,-7.94],[61.82,-7.89],[61.82,-7.83],[61.75,-7.78],[61.75,-7.74]],[[62.65,-10.45],[62.65,-10.4],[62.58,-10.4],[62.58,-10.42],[62.54,-10.42],[62.54,-10.47],[62.58,-10.47],[62.58,-10.5],[62.65,-10.49],[62.65,-10.45]]]}},{"type":"Feature","properties":{"precip":10},"geometry":{"type":"Polygon","coordinates":[[[62.87,-7.74],[62.87,-7.71],[62.94,-7.69],[62.94,-7.81],[62.87,-7.79],[62.87,-7.74]]]}},{"type":"Feature","properties":{"precip":10},"geometry":{"type":"Polygon","coordinates":[[[29.64,-7.84],[29.68,-7.81],[29.75,-7.83],[29.75,-7.88],[29.68,-7.89],[29.64,-7.84]]]}},{"type":"Feature","properties":{"precip":10},"geometry":{"type":"Polygon","coordinates":[[[70.64,-7.84],[70.71,-7.81],[70.89,-7.81],[70.96,-7.83],[70.96,-7.86],[70.93,-7.86],[70.89,-7.89],[70.71,-7.89],[70.64,-7.84]]]}},{"type":"Feature","properties":{"precip":10},"geometry":{"type":"Polygon","coordinates":[[[72.19,-7.89],[72.26,-7.84],[72.26,-7.83],[72.3,-7.81],[72.33,-7.83],[72.33,-7.89],[72.37,-7.96],[72.37,-8.18],[72.33,-8.23],[72.33,-8.28],[72.3,-8.29],[72.22,-8.29],[72.15,-8.28],[72.15,-8.24],[72.12,-8.21],[72.08,-8.21],[72.04,-8.28],[71.97,-8.28],[71.97,-8.26],[71.94,-8.23],[71.86,-8.19],[71.79,-8.19],[71.76,-8.18],[71.76,-8.14],[71.79,-8.13],[71.79,-8.09],[71.83,-8.06],[71.97,-7.99],[72.08,-7.99],[72.08,-7.98],[72.15,-7.96],[72.19,-7.93],[72.19,-7.89]]]}},{"type":"Feature","properties":{"precip":10},"geometry":{"type":"Polygon","coordinates":[[[26.44,-8.11],[26.47,-8.06],[26.47,-8.03],[26.51,-7.99],[26.62,-8.01],[26.73,-8.11],[26.73,-8.13],[26.76,-8.16],[26.69,-8.19],[26.51,-8.19],[26.47,-8.18],[26.47,-8.14],[26.44,-8.11]]]}},{"type":"Feature","properties":{"precip":10},"geometry":{"type":"Polygon","coordinates":[[[27.16,-8.08],[27.16,-8.03],[27.19,-7.99],[27.3,-7.99],[27.45,-8.06],[27.59,-8.18],[27.66,-8.26],[27.73,-8.34],[27.73,-8.38],[27.66,-8.41],[27.66,-8.48],[27.73,-8.5],[27.88,-8.5],[27.95,-8.46],[27.95,-8.43],[27.99,-8.41],[28.09,-8.41],[28.13,-8.43],[28.13,-8.45],[28.17,-8.48],[28.17,-8.53],[28.13,-8.55],[28.13,-8.58],[28.06,-8.6],[28.06,-8.68],[28.09,-8.7],[28.17,-8.7],[28.17,-8.71],[28.27,-8.71],[28.31,-8.73],[28.38,-8.76],[28.45,-8.86],[28.45,-8.91],[28.38,-9.03],[28.31,-9.08],[28.27,-9.1],[28.27,-9.06],[28.24,-9.03],[28.24,-8.91],[28.2,-8.9],[28.13,-8.9],[28.06,-8.86],[28.06,-8.75],[27.99,-8.71],[27.91,-8.71],[27.84,-8.7],[27.73,-8.65],[27.73,-8.61],[27.66,-8.56],[27.66,-8.55],[27.55,-8.5],[27.48,-8.48],[27.45,-8.43],[27.45,-8.33],[27.41,-8.29],[27.34,-8.29],[27.3,-8.28],[27.19,-8.19],[27.16,-8.14],[27.16,-8.08]]]}},{"type":"Feature","properties":{"precip":10},"geometry":{"type":"Polygon","coordinates":[[[37.67,-8.04],[37.67,-8.01],[37.71,-7.99],[37.78,-7.99],[37.85,-8.03],[37.85,-8.08],[37.78,-8.09],[37.78,-8.11],[37.67,-8.09],[37.67,-8.04]]]}},{"type":"Feature","properties":{"precip":10},"geometry":{"type":"Polygon","coordinates":[[[65.06,-8.04],[65.06,-8.01],[65.13,-7.99],[65.13,-8.03],[65.17,-8.04],[65.1,-8.11],[65.06,-8.09],[65.06,-8.04]]]}},{"type":"Feature","properties":{"precip":10},"geometry":{"type":"Polygon","coordinates":[[[71.36,-8.04],[71.36,-8.01],[71.43,-7.99],[71.43,-8.03],[71.47,-8.04],[71.4,-8.11],[71.36,-8.09],[71.36,-8.04]]]}},{"type":"Feature","properties":{"precip":10},"geometry":{"type":"Polygon","coordinates":[[[70.57,-8.14],[70.57,-8.11],[70.64,-8.11],[70.64,-8.19],[70.57,-8.19],[70.57,-8.14]]]}},{"type":"Feature","properties":{"precip":10},"geometry":{"type":"Polygon","coordinates":[[[87.34,-8.13],[87.38,-8.11],[87.45,-8.13],[87.45,-8.14],[87.49,-8.21],[87.49,-8.24],[87.56,-8.28],[87.49,-8.28],[87.45,-8.24],[87.38,-8.18],[87.38,-8.14],[87.34,-8.13]]]}},{"type":"Feature","properties":{"precip":10},"geometry":{"type":"Polygon","coordinates":[[[29.25,-8.26],[29.25,-8.23],[29.28,-8.19],[29.35,-8.21],[29.35,-8.28],[29.25,-8.28],[29.25,-8.26]]]}},{"type":"Feature","properties":{"precip":10},"geometry":{"type":"Polygon","coordinates":[[[55.81,-8.28],[55.85,-8.24],[55.92,-8.21],[56.03,-8.21],[56.06,-8.23],[56.06,-8.28],[55.99,-8.29],[55.95,-8.33],[55.95,-8.46],[55.88,-8.5],[55.77,-8.51],[55.74,-8.56],[55.85,-8.6],[55.99,-8.6],[56.06,-8.65],[56.06,-8.73],[56.03,-8.76],[55.95,-8.8],[55.38,-8.8],[55.27,-8.76],[55.27,-8.63],[55.31,-8.6],[55.38,-8.6],[55.45,-8.56],[55.45,-8.43],[55.49,-8.41],[55.56,-8.43],[55.56,-8.48],[55.59,-8.5],[55.7,-8.5],[55.74,-8.48],[55.74,-8.41],[55.77,-8.4],[55.77,-8.29],[55.81,-8.28]]]}},{"type":"Feature","properties":{"precip":10},"geometry":{"type":"Polygon","coordinates":[[[67.15,-8.23],[67.15,-8.21],[67.22,-8.19],[67.29,-8.19],[67.33,-8.21],[67.33,-8.24],[67.37,-8.26],[67.37,-8.36],[67.33,-8.38],[67.33,-8.41],[67.26,-8.36],[67.19,-8.29],[67.19,-8.28],[67.15,-8.23]]]}},{"type":"Feature","properties":{"precip":10},"geometry":{"type":"Polygon","coordinates":[[[28.96,-8.45],[28.96,-8.41],[29.03,-8.41],[29.03,-8.43],[29.07,-8.43],[29.07,-8.46],[29.03,-8.46],[29.03,-8.5],[28.96,-8.5],[28.96,-8.45]]]}},{"type":"Feature","properties":{"precip":10},"geometry":{"type":"Polygon","coordinates":[[[60.96,-8.43],[60.96,-8.41],[61.1,-8.41],[61.14,-8.43],[61.14,-8.6],[61.07,-8.58],[61.07,-8.56],[60.96,-8.46],[60.96,-8.43]]]}},{"type":"Feature","properties":{"precip":10},"geometry":{"type":"Polygon","coordinates":[[[78.34,-8.45],[78.42,-8.41],[78.6,-8.41],[78.67,-8.43],[78.67,-8.46],[78.63,-8.46],[78.6,-8.5],[78.42,-8.5],[78.34,-8.45]]]}},{"type":"Feature","properties":{"precip":10},"geometry":{"type":"Polygon","coordinates":[[[78.85,-8.45],[78.85,-8.43],[78.88,-8.41],[79.03,-8.41],[79.1,-8.43],[79.17,-8.46],[79.24,-8.55],[79.24,-8.7],[79.21,-8.71],[79.17,-8.7],[79.17,-8.6],[79.14,-8.58],[79.14,-8.53],[79.03,-8.5],[78.92,-8.5],[78.85,-8.45]]]}},{"type":"Feature","properties":{"precip":10},"geometry":{"type":"Polygon","coordinates":[[[89.47,-8.43],[89.47,-8.41],[89.61,-8.41],[89.65,-8.43],[89.65,-8.6],[89.54,-8.56],[89.54,-8.53],[89.47,-8.46],[89.47,-8.43]]]}},{"type":"Feature","properties":{"precip":10},"geometry":{"type":"Polygon","coordinates":[[[10.96,-8.56],[10.96,-8.51],[11.03,-8.51],[11.03,-8.6],[10.96,-8.58],[10.96,-8.56]]]}},{"type":"Feature","properties":{"precip":10},"geometry":{"type":"Polygon","coordinates":[[[12.72,-8.58],[12.72,-8.55],[12.76,-8.51],[12.8,-8.51],[12.87,-8.55],[12.87,-8.58],[12.94,-8.65],[12.94,-8.9],[12.9,-8.9],[12.9,-8.88],[12.83,-8.85],[12.83,-8.83],[12.72,-8.73],[12.72,-8.71],[12.69,-8.68],[12.69,-8.6],[12.72,-8.58]]]}},{"type":"Feature","properties":{"precip":10},"geometry":{"type":"Polygon","coordinates":[[[60.67,-8.56],[60.67,-8.51],[60.74,-8.51],[60.74,-8.58],[60.67,-8.6],[60.67,-8.56]]]}},{"type":"Feature","properties":{"precip":10},"geometry":{"type":"Polygon","coordinates":[[[72.26,-8.56],[72.26,-8.51],[72.33,-8.51],[72.37,-8.55],[72.33,-8.58],[72.33,-8.6],[72.26,-8.58],[72.26,-8.56]]]}},{"type":"Feature","properties":{"precip":10},"geometry":{"type":"Polygon","coordinates":[[[79.53,-8.56],[79.53,-8.51],[79.6,-8.5],[79.64,-8.51],[79.64,-8.6],[79.53,-8.6],[79.53,-8.56]]]}},{"type":"Feature","properties":{"precip":10},"geometry":{"type":"Polygon","coordinates":[[[15.21,-8.68],[15.28,-8.61],[15.32,-8.6],[15.35,-8.63],[15.35,-8.76],[15.39,-8.76],[15.42,-8.8],[15.5,-8.8],[15.53,-8.81],[15.53,-8.88],[15.5,-8.88],[15.5,-8.93],[15.46,-8.96],[15.39,-9.0],[15.35,-9.0],[15.35,-8.83],[15.32,-8.8],[15.28,-8.8],[15.24,-8.83],[15.24,-8.88],[15.21,-8.9],[15.17,-8.88],[15.17,-8.86],[15.14,-8.81],[15.17,-8.78],[15.17,-8.71],[15.21,-8.68]]]}},{"type":"Feature","properties":{"precip":10},"geometry":{"type":"Polygon","coordinates":[[[24.96,-8.65],[24.96,-8.6],[25.04,-8.6],[25.04,-8.7],[24.96,-8.7],[24.96,-8.65]]]}},{"type":"Feature","properties":{"precip":10},"geometry":{"type":"Polygon","coordinates":[[[26.76,-8.68],[26.76,-8.63],[26.83,-8.6],[26.98,-8.6],[27.05,-8.63],[27.05,-8.75],[27.09,-8.76],[27.09,-8.8],[27.16,-8.8],[27.19,-8.81],[27.3,-8.9],[27.34,-8.95],[27.34,-9.1],[27.27,-9.06],[27.23,-9.03],[27.16,-8.93],[27.09,-8.9],[27.09,-8.88],[27.05,-8.85],[26.98,-8.83],[26.94,-8.85],[26.94,-8.88],[26.91,-8.88],[26.8,-8.81],[26.8,-8.78],[26.76,-8.75],[26.76,-8.68]]]}},{"type":"Feature","properties":{"precip":10},"geometry":{"type":"Polygon","coordinates":[[[27.16,-8.65],[27.16,-8.6],[27.23,-8.6],[27.23,-8.63],[27.27,-8.65],[27.23,-8.66],[27.23,-8.7],[27.16,-8.7],[27.16,-8.65]]]}},{"type":"Feature","properties":{"precip":10},"geometry":{"type":"Polygon","coordinates":[[[51.06,-8.65],[51.06,-8.61],[51.1,-8.6],[51.2,-8.6],[51.24,-8.61],[51.24,-8.7],[51.13,-8.7],[51.06,-8.68],[51.06,-8.65]]]}},{"type":"Feature","properties":{"precip":10},"geometry":{"type":"Polygon","coordinates":[[[51.35,-8.73],[51.42,-8.68],[51.49,-8.63],[51.6,-8.6],[51.74,-8.6],[51.82,-8.61],[51.85,-8.65],[51.85,-8.76],[51.78,-8.8],[51.74,-8.76],[51.74,-8.71],[51.67,-8.73],[51.67,-8.86],[51.64,-8.9],[51.67,-8.93],[51.67,-9.08],[51.74,-9.11],[51.74,-9.18],[51.67,-9.2],[51.64,-9.2],[51.56,-9.18],[51.56,-9.15],[51.49,-9.1],[51.42,-9.1],[51.35,-9.03],[51.35,-8.93],[51.31,-8.91],[51.31,-8.88],[51.28,-8.88],[51.28,-8.81],[51.31,-8.8],[51.31,-8.76],[51.35,-8.73]],[[51.56,-8.95],[51.53,-8.9],[51.46,-8.91],[51.46,-8.98],[51.53,-9.0],[51.56,-8.95]]]}},{"type":"Feature","properties":{"precip":10},"geometry":{"type":"Polygon","coordinates":[[[64.05,-8.65],[64.05,-8.61],[64.13,-8.6],[64.16,-8.61],[64.16,-8.68],[64.09,-8.71],[64.05,-8.7],[64.05,-8.65]]]}},{"type":"Feature","properties":{"precip":10},"geometry":{"type":"Polygon","coordinates":[[[28.81,-8.76],[28.85,-8.75],[28.85,-8.73],[28.89,-8.71],[28.96,-8.71],[28.96,-8.76],[29.03,-8.8],[29.1,-8.8],[29.17,-8.73],[29.17,-8.71],[29.25,-8.73],[29.32,-8.8],[29.32,-8.83],[29.35,-8.86],[29.32,-8.88],[29.25,-8.9],[28.96,-8.9],[28.85,-8.93],[28.85,-8.98],[28.78,-9.0],[28.74,-8.95],[28.74,-8.88],[28.78,-8.85],[28.78,-8.81],[28.81,-8.76]]]}},{"type":"Feature","properties":{"precip":10},"geometry":{"type":"Polygon","coordinates":[[[47.46,-8.75],[47.46,-8.71],[47.53,-8.71],[47.53,-8.73],[47.57,-8.73],[47.53,-8.76],[47.53,-8.8],[47.46,-8.8],[47.46,-8.75]]]}},{"type":"Feature","properties":{"precip":10},"geometry":{"type":"Polygon","coordinates":[[[72.15,-8.75],[72.15,-8.73],[72.22,-8.71],[72.26,-8.73],[72.26,-8.78],[72.22,-8.8],[72.15,-8.78],[72.15,-8.75]]]}},{"type":"Feature","properties":{"precip":10},"geometry":{"type":"Polygon","coordinates":[[[24.93,-8.88],[24.93,-8.85],[25.04,-8.8],[25.04,-8.85],[25.07,-8.86],[25.07,-8.88],[25.11,-8.9],[25.22,-8.9],[25.25,-8.91],[25.25,-8.95],[25.18,-9.03],[25.11,-9.08],[25.07,-9.13],[25.0,-9.16],[24.93,-9.2],[24.89,-9.18],[24.89,-9.16],[24.86,-9.13],[24.86,-8.96],[24.93,-8.88]]]}},{"type":"Feature","properties":{"precip":10},"geometry":{"type":"Polygon","coordinates":[[[85.61,-8.95],[85.69,-8.91],[85.76,-8.9],[86.05,-8.9],[86.12,-8.93],[86.12,-8.98],[86.12,-9.0],[86.05,-9.0],[85.97,-9.01],[85.94,-9.03],[85.94,-9.06],[85.87,-9.08],[85.83,-9.08],[85.79,-9.1],[85.61,-9.1],[85.58,-9.08],[85.51,-9.08],[85.47,-9.06],[85.47,-9.01],[85.54,-9.0],[85.61,-9.0],[85.61,-8.98],[85.61,-8.95]]]}},{"type":"Feature","properties":{"precip":10},"geometry":{"type":"Polygon","coordinates":[[[12.44,-9.15],[12.44,-9.11],[12.47,-9.08],[12.47,-9.03],[12.54,-9.0],[12.62,-9.01],[12.65,-9.03],[12.65,-9.11],[12.69,-9.15],[12.69,-9.18],[12.8,-9.28],[12.87,-9.3],[12.87,-9.32],[12.94,-9.33],[13.01,-9.4],[13.05,-9.45],[13.05,-9.5],[12.98,-9.5],[12.87,-9.5],[12.87,-9.6],[12.94,-9.62],[12.94,-9.68],[12.87,-9.67],[12.83,-9.63],[12.8,-9.62],[12.8,-9.58],[12.72,-9.55],[12.69,-9.5],[12.62,-9.5],[12.58,-9.5],[12.58,-9.47],[12.54,-9.45],[12.54,-9.32],[12.47,-9.3],[12.47,-9.2],[12.44,-9.18],[12.44,-9.15]]]}},{"type":"Feature","properties":{"precip":10},"geometry":{"type":"Polygon","coordinates":[[[12.76,-9.05],[12.76,-9.01],[12.83,-9.01],[12.83,-9.1],[12.76,-9.08],[12.76,-9.05]]]}},{"type":"Feature","properties":{"precip":10},"geometry":{"type":"Polygon","coordinates":[[[26.83,-9.1],[26.87,-9.08],[26.87,-9.03],[26.94,-9.0],[27.01,-9.01],[27.05,-9.03],[27.05,-9.16],[26.94,-9.2],[26.87,-9.18],[26.87,-9.13],[26.83,-9.1]]]}},{"type":"Feature","properties":{"precip":10},"geometry":{"type":"Polygon","coordinates":[[[86.73,-9.05],[86.73,-9.03],[86.84,-9.01],[86.91,-9.01],[86.95,-9.0],[87.05,-9.0],[87.09,-9.01],[87.2,-9.01],[87.23,-9.05],[87.23,-9.08],[87.31,-9.1],[87.38,-9.1],[87.45,-9.13],[87.45,-9.16],[87.49,-9.18],[87.59,-9.18],[87.59,-9.2],[87.81,-9.2],[87.85,-9.21],[87.99,-9.27],[88.06,-9.35],[87.99,-9.4],[87.92,-9.4],[87.85,-9.42],[87.85,-9.45],[87.85,-9.47],[87.85,-9.55],[87.92,-9.6],[87.99,-9.6],[87.99,-9.62],[87.99,-9.65],[88.06,-9.67],[88.06,-9.87],[88.1,-9.92],[88.1,-9.95],[88.17,-9.97],[88.17,-10.03],[88.1,-10.07],[88.06,-10.1],[87.74,-10.1],[87.67,-10.07],[87.67,-9.95],[87.59,-9.95],[87.59,-9.9],[87.56,-9.87],[87.56,-9.75],[87.49,-9.73],[87.49,-9.7],[87.49,-9.65],[87.45,-9.63],[87.45,-9.43],[87.38,-9.4],[86.98,-9.4],[86.87,-9.38],[86.8,-9.38],[86.73,-9.37],[86.73,-9.33],[86.84,-9.25],[86.91,-9.21],[86.91,-9.18],[86.95,-9.18],[86.95,-9.11],[86.91,-9.1],[86.8,-9.1],[86.73,-9.08],[86.73,-9.05]]]}},{"type":"Feature","properties":{"precip":10},"geometry":{"type":"Polygon","coordinates":[[[26.33,-9.18],[26.37,-9.15],[26.44,-9.11],[26.55,-9.1],[26.65,-9.13],[26.65,-9.18],[26.62,-9.18],[26.58,-9.2],[26.51,-9.2],[26.44,-9.23],[26.44,-9.28],[26.4,-9.3],[26.29,-9.3],[26.26,-9.28],[26.26,-9.23],[26.33,-9.18]]]}},{"type":"Feature","properties":{"precip":10},"geometry":{"type":"Polygon","coordinates":[[[82.95,-9.35],[82.95,-9.2],[82.99,-9.15],[82.99,-9.11],[83.02,-9.1],[83.06,-9.11],[83.06,-9.16],[83.1,-9.18],[83.1,-9.2],[83.13,-9.18],[83.13,-9.16],[83.13,-9.13],[83.24,-9.1],[83.31,-9.1],[83.38,-9.15],[83.46,-9.18],[83.49,-9.2],[83.49,-9.23],[83.6,-9.28],[83.64,-9.23],[83.64,-9.2],[83.74,-9.2],[83.85,-9.25],[83.96,-9.35],[84.0,-9.37],[84.0,-9.4],[84.0,-9.42],[84.0,-9.45],[84.07,-9.47],[84.0,-9.5],[83.89,-9.5],[83.82,-9.5],[83.74,-9.5],[83.71,-9.5],[83.64,-9.48],[83.64,-9.45],[83.6,-9.42],[83.49,-9.4],[83.31,-9.4],[83.2,-9.42],[83.1,-9.5],[83.02,-9.58],[82.99,-9.58],[82.99,-9.55],[82.95,-9.5],[82.95,-9.35]]]}},{"type":"Feature","properties":{"precip":10},"geometry":{"type":"Polygon","coordinates":[[[25.65,-9.4],[25.65,-9.23],[25.68,-9.2],[25.75,-9.23],[25.83,-9.32],[25.83,-9.37],[25.86,-9.42],[25.86,-9.48],[25.83,-9.52],[25.72,-9.7],[25.61,-9.8],[25.61,-9.83],[25.58,-9.87],[25.58,-9.9],[25.54,-9.9],[25.54,-9.98],[25.47,-10.02],[25.47,-10.39],[25.54,-10.4],[25.54,-10.34],[25.58,-10.3],[25.65,-10.32],[25.65,-10.42],[25.72,-10.6],[25.79,-10.69],[25.97,-10.79],[26.04,-10.8],[26.11,-10.79],[26.15,-10.74],[26.19,-10.72],[26.19,-10.7],[26.26,-10.72],[26.26,-10.77],[26.15,-10.82],[26.15,-10.87],[26.19,-10.89],[26.26,-10.89],[26.33,-10.9],[26.33,-10.97],[26.26,-11.04],[26.15,-11.14],[26.11,-11.17],[26.11,-11.22],[26.08,-11.26],[26.08,-11.31],[26.04,-11.34],[26.04,-11.56],[26.08,-11.61],[26.08,-11.69],[26.15,-11.72],[26.15,-11.83],[26.11,-11.86],[26.11,-11.89],[26.08,-11.94],[26.01,-11.96],[25.97,-11.99],[25.9,-11.99],[25.86,-12.01],[25.79,-12.01],[25.75,-12.04],[25.75,-12.08],[25.83,-12.08],[25.83,-12.09],[26.04,-12.09],[26.11,-12.13],[26.15,-12.13],[26.15,-12.18],[26.19,-12.18],[26.22,-12.21],[26.29,-12.21],[26.33,-12.23],[26.33,-12.24],[26.37,-12.28],[26.37,-12.38],[26.44,-12.39],[26.44,-12.49],[26.37,-12.51],[26.29,-12.51],[26.26,-12.53],[26.26,-12.56],[26.22,-12.56],[26.15,-12.59],[25.86,-12.59],[25.75,-12.56],[25.75,-12.53],[25.65,-12.51],[25.5,-12.51],[25.47,-12.49],[25.36,-12.48],[25.36,-12.36],[25.29,-12.31],[25.22,-12.29],[25.11,-12.33],[25.04,-12.38],[24.96,-12.44],[24.89,-12.49],[24.86,-12.48],[24.86,-12.44],[24.78,-12.39],[24.78,-12.44],[24.71,-12.51],[24.68,-12.49],[24.68,-12.46],[24.64,-12.43],[24.64,-12.33],[24.57,-12.29],[24.5,-12.28],[24.5,-12.26],[24.42,-12.23],[24.39,-12.21],[24.39,-12.18],[24.35,-12.14],[24.28,-12.11],[24.21,-12.09],[24.14,-12.09],[24.06,-12.08],[24.06,-11.96],[24.03,-11.94],[24.03,-11.91],[23.99,-11.91],[23.99,-11.93],[23.96,-11.94],[23.96,-12.18],[24.03,-12.21],[24.1,-12.21],[24.14,-12.23],[24.14,-12.33],[24.17,-12.34],[24.17,-12.38],[24.24,-12.39],[24.24,-12.54],[24.21,-12.59],[24.14,-12.66],[24.03,-12.7],[23.96,-12.68],[23.96,-12.63],[23.88,-12.59],[23.81,-12.59],[23.78,-12.58],[23.78,-12.54],[23.74,-12.53],[23.74,-12.48],[23.78,-12.46],[23.78,-12.41],[23.81,-12.39],[23.88,-12.39],[23.96,-12.36],[23.96,-12.29],[23.92,-12.24],[23.92,-12.21],[23.85,-12.13],[23.78,-12.11],[23.74,-12.18],[23.67,-12.19],[23.67,-12.14],[23.6,-12.09],[23.52,-12.09],[23.45,-12.08],[23.45,-12.03],[23.52,-11.99],[23.52,-11.93],[23.49,-11.89],[23.49,-11.86],[23.38,-11.77],[23.24,-11.71],[23.02,-11.71],[22.95,-11.74],[22.95,-11.77],[22.91,-11.79],[22.8,-11.79],[22.77,-11.81],[22.77,-11.86],[22.73,-11.88],[22.73,-11.91],[22.66,-11.89],[22.66,-11.77],[22.62,-11.76],[22.62,-11.69],[22.55,-11.66],[22.55,-11.62],[22.62,-11.61],[22.62,-11.57],[22.66,-11.56],[22.66,-11.47],[22.77,-11.32],[22.84,-11.29],[22.88,-11.24],[22.95,-11.19],[22.98,-11.21],[23.09,-11.29],[23.16,-11.37],[23.24,-11.47],[23.24,-11.52],[23.27,-11.54],[23.27,-11.57],[23.31,-11.61],[23.38,-11.61],[23.45,-11.57],[23.45,-11.52],[23.42,-11.49],[23.34,-11.47],[23.34,-11.44],[23.38,-11.44],[23.38,-11.41],[23.42,-11.41],[23.45,-11.44],[23.45,-11.47],[23.49,-11.47],[23.52,-11.49],[23.63,-11.49],[23.74,-11.52],[23.74,-11.57],[23.78,-11.57],[23.78,-11.61],[23.85,-11.59],[23.85,-11.46],[23.88,-11.44],[23.88,-11.41],[23.92,-11.41],[23.92,-11.46],[23.96,-11.47],[23.96,-11.64],[24.03,-11.71],[24.06,-11.67],[24.06,-11.62],[24.14,-11.62],[24.14,-11.64],[24.21,-11.67],[24.28,-11.69],[24.42,-11.69],[24.5,-11.71],[24.6,-11.71],[24.71,-11.69],[24.78,-11.69],[24.82,-11.67],[24.82,-11.64],[24.86,-11.62],[24.86,-11.36],[24.82,-11.32],[24.82,-11.31],[24.75,-11.31],[24.75,-11.37],[24.71,-11.39],[24.64,-11.39],[24.6,-11.41],[24.46,-11.41],[24.35,-11.44],[24.35,-11.47],[24.28,-11.47],[24.21,-11.41],[24.17,-11.34],[24.17,-11.31],[24.14,-11.26],[24.17,-11.19],[24.17,-11.16],[24.28,-11.01],[24.32,-11.01],[24.35,-11.06],[24.57,-11.11],[24.64,-11.11],[24.68,-11.09],[24.75,-11.09],[24.75,-11.02],[24.68,-10.97],[24.6,-10.92],[24.6,-10.87],[24.57,-10.84],[24.57,-10.7],[24.6,-10.7],[24.64,-10.7],[24.64,-10.77],[24.68,-10.77],[24.68,-10.8],[24.75,-10.77],[24.75,-10.54],[24.71,-10.5],[24.6,-10.5],[24.57,-10.47],[24.57,-10.3],[24.64,-10.3],[24.64,-10.37],[24.68,-10.37],[24.71,-10.4],[24.78,-10.4],[24.86,-10.44],[24.86,-10.55],[24.89,-10.59],[25.0,-10.69],[25.0,-10.7],[25.04,-10.72],[25.04,-10.82],[25.07,-10.84],[25.07,-10.87],[25.11,-10.89],[25.22,-10.89],[25.25,-10.85],[25.25,-10.72],[25.29,-10.7],[25.32,-10.7],[25.32,-10.6],[25.36,-10.55],[25.36,-10.1],[25.32,-10.05],[25.32,-10.0],[25.22,-10.0],[25.18,-9.98],[25.18,-9.95],[25.14,-9.93],[25.14,-9.73],[25.11,-9.7],[25.07,-9.7],[25.07,-9.65],[25.04,-9.65],[25.11,-9.6],[25.22,-9.6],[25.36,-9.65],[25.4,-9.7],[25.43,-9.72],[25.47,-9.78],[25.54,-9.8],[25.54,-9.65],[25.58,-9.65],[25.58,-9.6],[25.65,-9.57],[25.65,-9.4]],[[24.96,-11.16],[24.89,-11.11],[24.78,-11.11],[24.75,-11.14],[24.75,-11.16],[24.78,-11.19],[24.89,-11.19],[24.96,-11.16]],[[25.93,-12.23],[25.93,-12.21],[25.79,-12.21],[25.75,-12.23],[25.75,-12.38],[25.79,-12.39],[25.86,-12.36],[25.86,-12.33],[25.93,-12.26],[25.93,-12.23]]]}},{"type":"Feature","properties":{"precip":10},"geometry":{"type":"Polygon","coordinates":[[[77.37,-9.25],[77.37,-9.2],[77.41,-9.2],[77.41,-9.3],[77.37,-9.3],[77.37,-9.25]]]}},{"type":"Feature","properties":{"precip":10},"geometry":{"type":"Polygon","coordinates":[[[85.25,-9.3],[85.25,-9.23],[85.25,-9.2],[85.33,-9.2],[85.33,-9.23],[85.36,-9.25],[85.36,-9.37],[85.43,-9.4],[85.58,-9.4],[85.61,-9.37],[85.61,-9.33],[85.72,-9.32],[85.83,-9.3],[85.97,-9.3],[86.05,-9.27],[86.05,-9.23],[86.12,-9.2],[86.3,-9.2],[86.37,-9.25],[86.59,-9.35],[86.62,-9.43],[86.69,-9.52],[86.73,-9.67],[86.73,-9.78],[86.8,-9.78],[86.95,-9.83],[86.95,-9.9],[86.91,-9.9],[86.8,-9.9],[86.73,-9.92],[86.73,-9.98],[86.84,-10.0],[86.84,-10.08],[86.73,-10.1],[86.62,-10.1],[86.55,-10.1],[86.37,-10.17],[86.37,-10.2],[86.33,-10.25],[86.23,-10.29],[86.12,-10.3],[86.01,-10.3],[85.94,-10.27],[85.83,-10.22],[85.76,-10.15],[85.76,-10.05],[85.72,-10.02],[85.61,-10.0],[85.54,-9.95],[85.51,-9.9],[85.36,-9.8],[85.25,-9.78],[85.25,-9.72],[85.33,-9.7],[85.33,-9.65],[85.36,-9.63],[85.36,-9.47],[85.33,-9.45],[85.33,-9.4],[85.25,-9.37],[85.25,-9.3]]]}},{"type":"Feature","properties":{"precip":10},"geometry":{"type":"Polygon","coordinates":[[[25.14,-9.4],[25.14,-9.35],[25.18,-9.33],[25.18,-9.32],[25.22,-9.3],[25.29,-9.3],[25.36,-9.33],[25.32,-9.37],[25.32,-9.4],[25.25,-9.47],[25.18,-9.5],[25.14,-9.47],[25.14,-9.4]]]}},{"type":"Feature","properties":{"precip":10},"geometry":{"type":"Polygon","coordinates":[[[29.07,-9.35],[29.07,-9.32],[29.1,-9.3],[29.14,-9.32],[29.14,-9.4],[29.07,-9.4],[29.07,-9.35]]]}},{"type":"Feature","properties":{"precip":10},"geometry":{"type":"Polygon","coordinates":[[[26.11,-9.48],[26.15,-9.43],[26.22,-9.4],[26.26,-9.42],[26.26,-9.48],[26.29,-9.48],[26.37,-9.5],[26.47,-9.5],[26.55,-9.53],[26.55,-9.57],[26.47,-9.6],[26.33,-9.6],[26.26,-9.63],[26.26,-9.67],[26.22,-9.67],[26.19,-9.7],[26.11,-9.7],[26.08,-9.68],[26.08,-9.65],[26.04,-9.63],[26.04,-9.6],[26.08,-9.55],[26.08,-9.52],[26.11,-9.48]]]}},{"type":"Feature","properties":{"precip":10},"geometry":{"type":"Polygon","coordinates":[[[33.03,-9.48],[33.06,-9.45],[33.06,-9.42],[33.13,-9.4],[33.13,-9.47],[33.17,-9.5],[33.13,-9.52],[33.13,-9.58],[33.1,-9.6],[32.99,-9.6],[32.95,-9.58],[32.95,-9.53],[33.03,-9.48]]]}},{"type":"Feature","properties":{"precip":10},"geometry":{"type":"Polygon","coordinates":[[[51.74,-9.45],[51.74,-9.43],[51.82,-9.4],[51.89,-9.4],[51.96,-9.43],[51.96,-9.48],[51.92,-9.48],[51.89,-9.5],[51.82,-9.5],[51.78,-9.48],[51.74,-9.48],[51.74,-9.45]]]}},{"type":"Feature","properties":{"precip":10},"geometry":{"type":"Polygon","coordinates":[[[62.0,-9.48],[62.07,-9.42],[62.11,-9.4],[62.15,-9.42],[62.15,-9.58],[62.11,-9.6],[62.0,-9.6],[61.97,-9.58],[61.97,-9.53],[62.0,-9.5],[62.0,-9.48]]]}},{"type":"Feature","properties":{"precip":10},"geometry":{"type":"Polygon","coordinates":[[[77.05,-9.45],[77.05,-9.42],[77.12,-9.4],[77.16,-9.42],[77.16,-9.5],[77.05,-9.5],[77.05,-9.48],[77.05,-9.45]]]}},{"type":"Feature","properties":{"precip":10},"geometry":{"type":"Polygon","coordinates":[[[24.82,-9.58],[24.86,-9.55],[24.86,-9.52],[24.93,-9.5],[24.96,-9.52],[24.96,-9.57],[24.89,-9.6],[24.89,-9.63],[24.86,-9.65],[24.86,-9.87],[24.82,-9.87],[24.82,-9.9],[24.75,-9.87],[24.75,-9.72],[24.78,-9.65],[24.78,-9.62],[24.82,-9.58]]]}},{"type":"Feature","properties":{"precip":10},"geometry":{"type":"Polygon","coordinates":[[[77.77,-9.55],[77.77,-9.5],[77.84,-9.52],[77.84,-9.55],[77.91,-9.63],[77.91,-9.67],[77.91,-9.68],[77.88,-9.73],[77.73,-9.8],[77.52,-9.8],[77.41,-9.77],[77.3,-9.73],[77.26,-9.68],[77.26,-9.62],[77.37,-9.62],[77.41,-9.6],[77.66,-9.6],[77.77,-9.55]]]}},{"type":"Feature","properties":{"precip":10},"geometry":{"type":"Polygon","coordinates":[[[29.53,-9.65],[29.57,-9.65],[29.57,-9.6],[29.64,-9.6],[29.64,-9.67],[29.57,-9.73],[29.53,-9.8],[29.5,-9.83],[29.43,-9.87],[29.39,-9.9],[29.35,-9.87],[29.35,-9.83],[29.32,-9.8],[29.17,-9.78],[29.14,-9.75],[29.17,-9.72],[29.25,-9.7],[29.43,-9.7],[29.53,-9.67],[29.53,-9.65]]]}},{"type":"Feature","properties":{"precip":10},"geometry":{"type":"Polygon","coordinates":[[[28.63,-9.73],[28.71,-9.7],[28.96,-9.7],[29.03,-9.72],[29.03,-9.77],[29.07,-9.8],[29.07,-9.93],[29.1,-9.97],[29.1,-10.02],[29.17,-10.08],[29.28,-10.1],[29.32,-10.1],[29.32,-10.14],[29.35,-10.15],[29.35,-10.35],[29.32,-10.37],[29.32,-10.4],[29.25,-10.4],[29.17,-10.42],[29.1,-10.49],[29.1,-10.52],[29.07,-10.55],[28.99,-10.59],[28.96,-10.57],[28.96,-10.25],[29.03,-10.19],[29.03,-10.1],[28.92,-10.02],[28.89,-10.0],[28.85,-10.02],[28.85,-10.15],[28.78,-10.2],[28.67,-10.2],[28.67,-10.12],[28.71,-10.08],[28.81,-9.98],[28.85,-9.97],[28.85,-9.93],[28.81,-9.92],[28.71,-9.83],[28.71,-9.8],[28.67,-9.78],[28.67,-9.75],[28.63,-9.73]]]}},{"type":"Feature","properties":{"precip":10},"geometry":{"type":"Polygon","coordinates":[[[62.04,-9.87],[62.07,-9.83],[62.07,-9.8],[62.15,-9.8],[62.15,-9.9],[62.07,-9.9],[62.07,-9.87],[62.04,-9.87]]]}},{"type":"Feature","properties":{"precip":10},"geometry":{"type":"Polygon","coordinates":[[[79.86,-9.87],[79.89,-9.8],[80.07,-9.8],[80.11,-9.8],[80.14,-9.8],[80.29,-9.8],[80.36,-9.87],[80.25,-9.9],[79.96,-9.9],[79.86,-9.87]]]}},{"type":"Feature","properties":{"precip":10},"geometry":{"type":"Polygon","coordinates":[[[21.15,-10.1],[21.15,-9.98],[21.18,-9.95],[21.18,-9.9],[21.22,-9.9],[21.22,-9.93],[21.26,-9.95],[21.26,-10.07],[21.29,-10.08],[21.29,-10.1],[21.33,-10.1],[21.33,-10.2],[21.29,-10.22],[21.26,-10.25],[21.18,-10.29],[21.15,-10.25],[21.15,-10.1]]]}},{"type":"Feature","properties":{"precip":10},"geometry":{"type":"Polygon","coordinates":[[[33.85,-9.95],[33.85,-9.92],[33.93,-9.9],[33.93,-9.93],[33.96,-9.93],[33.96,-9.97],[33.93,-9.97],[33.93,-10.0],[33.85,-9.98],[33.85,-9.95]]]}},{"type":"Feature","properties":{"precip":10},"geometry":{"type":"Polygon","coordinates":[[[51.06,-9.93],[51.1,-9.9],[51.17,-9.9],[51.24,-9.93],[51.24,-10.1],[51.17,-10.08],[51.17,-10.05],[51.13,-10.03],[51.06,-9.97],[51.06,-9.93]]]}},{"type":"Feature","properties":{"precip":10},"geometry":{"type":"Polygon","coordinates":[[[30.15,-10.05],[30.15,-10.02],[30.22,-10.0],[30.25,-10.02],[30.25,-10.08],[30.18,-10.1],[30.15,-10.08],[30.15,-10.05]]]}},{"type":"Feature","properties":{"precip":10},"geometry":{"type":"Polygon","coordinates":[[[49.44,-10.15],[49.44,-10.1],[49.48,-10.07],[49.48,-10.0],[49.55,-10.0],[49.55,-10.07],[49.58,-10.1],[49.66,-10.1],[49.76,-10.12],[49.73,-10.17],[49.73,-10.2],[49.69,-10.24],[49.62,-10.25],[49.55,-10.3],[49.51,-10.3],[49.48,-10.27],[49.48,-10.2],[49.44,-10.15]]]}},{"type":"Feature","properties":{"precip":10},"geometry":{"type":"Polygon","coordinates":[[[51.74,-10.2],[51.74,-10.15],[51.78,-10.14],[51.78,-10.1],[51.85,-10.1],[51.92,-10.1],[51.92,-10.14],[51.96,-10.15],[51.96,-10.25],[51.92,-10.25],[51.92,-10.29],[51.89,-10.3],[51.82,-10.3],[51.78,-10.29],[51.78,-10.25],[51.74,-10.25],[51.74,-10.2]]]}},{"type":"Feature","properties":{"precip":10},"geometry":{"type":"Polygon","coordinates":[[[88.6,-10.25],[88.6,-10.2],[88.67,-10.17],[88.67,-10.12],[88.75,-10.1],[88.85,-10.1],[88.96,-10.15],[88.96,-10.19],[89.03,-10.25],[89.03,-10.39],[89.07,-10.47],[89.07,-10.54],[89.03,-10.57],[89.03,-10.67],[88.96,-10.7],[88.93,-10.7],[88.85,-10.69],[88.78,-10.59],[88.78,-10.55],[88.75,-10.52],[88.75,-10.4],[88.67,-10.4],[88.67,-10.3],[88.6,-10.27],[88.6,-10.25]]]}},{"type":"Feature","properties":{"precip":10},"geometry":{"type":"Polygon","coordinates":[[[26.26,-10.24],[26.26,-10.2],[26.33,-10.2],[26.33,-10.24],[26.37,-10.25],[26.37,-10.27],[26.47,-10.3],[26.55,-10.3],[26.55,-10.29],[26.62,-10.29],[26.65,-10.27],[26.65,-10.22],[26.73,-10.2],[26.73,-10.25],[26.76,-10.25],[26.76,-10.34],[26.73,-10.35],[26.73,-10.4],[26.69,-10.4],[26.65,-10.42],[26.65,-10.55],[26.76,-10.6],[26.91,-10.6],[26.94,-10.64],[26.94,-10.79],[26.87,-10.8],[26.87,-10.75],[26.83,-10.75],[26.83,-10.72],[26.76,-10.7],[26.62,-10.7],[26.55,-10.65],[26.55,-10.57],[26.51,-10.55],[26.51,-10.52],[26.47,-10.49],[26.47,-10.45],[26.37,-10.37],[26.33,-10.35],[26.33,-10.32],[26.29,-10.27],[26.26,-10.25],[26.26,-10.24]]]}},{"type":"Feature","properties":{"precip":10},"geometry":{"type":"Polygon","coordinates":[[[29.5,-10.27],[29.53,-10.25],[29.64,-10.2],[29.64,-10.27],[29.68,-10.27],[29.71,-10.3],[29.79,-10.3],[29.82,-10.27],[29.86,-10.27],[29.86,-10.22],[29.93,-10.2],[29.93,-10.24],[29.97,-10.25],[29.97,-10.29],[29.93,-10.32],[29.93,-10.37],[29.89,-10.4],[29.89,-10.42],[29.82,-10.47],[29.75,-10.5],[29.57,-10.47],[29.53,-10.44],[29.46,-10.34],[29.5,-10.27]]]}},{"type":"Feature","properties":{"precip":10},"geometry":{"type":"Polygon","coordinates":[[[20.25,-10.4],[20.25,-10.34],[20.28,-10.34],[20.28,-10.3],[20.32,-10.3],[20.32,-10.34],[20.36,-10.35],[20.36,-10.45],[20.39,-10.47],[20.39,-10.5],[20.5,-10.5],[20.54,-10.54],[20.54,-10.7],[20.5,-10.72],[20.46,-10.72],[20.46,-10.77],[20.5,-10.77],[20.54,-10.8],[20.54,-10.97],[20.5,-11.01],[20.43,-11.01],[20.36,-11.02],[20.32,-11.06],[20.32,-11.11],[20.28,-11.11],[20.28,-11.06],[20.21,-11.01],[20.14,-11.01],[20.03,-11.01],[19.96,-10.99],[19.96,-10.9],[20.03,-10.9],[20.03,-10.89],[20.1,-10.89],[20.14,-10.85],[20.25,-10.7],[20.25,-10.65],[20.18,-10.55],[20.14,-10.55],[20.18,-10.52],[20.21,-10.52],[20.21,-10.49],[20.25,-10.47],[20.25,-10.4]]]}},{"type":"Feature","properties":{"precip":10},"geometry":{"type":"Polygon","coordinates":[[[22.16,-10.34],[22.19,-10.3],[22.3,-10.3],[22.34,-10.32],[22.34,-10.5],[22.3,-10.5],[22.26,-10.45],[22.19,-10.4],[22.19,-10.37],[22.16,-10.34]]]}},{"type":"Feature","properties":{"precip":10},"geometry":{"type":"Polygon","coordinates":[[[22.55,-10.45],[22.55,-10.4],[22.59,-10.35],[22.59,-10.32],[22.62,-10.3],[22.7,-10.3],[22.77,-10.37],[22.84,-10.45],[22.84,-10.55],[22.77,-10.59],[22.66,-10.6],[22.55,-10.55],[22.55,-10.45]]]}},{"type":"Feature","properties":{"precip":10},"geometry":{"type":"Polygon","coordinates":[[[26.83,-10.45],[26.87,-10.44],[26.87,-10.4],[26.91,-10.4],[26.94,-10.4],[26.94,-10.49],[26.87,-10.5],[26.87,-10.45],[26.83,-10.45]]]}},{"type":"Feature","properties":{"precip":10},"geometry":{"type":"Polygon","coordinates":[[[55.56,-10.5],[55.56,-10.4],[55.63,-10.4],[55.63,-10.44],[55.67,-10.45],[55.67,-10.55],[55.63,-10.55],[55.63,-10.59],[55.56,-10.57],[55.56,-10.5]]]}},{"type":"Feature","properties":{"precip":10},"geometry":{"type":"Polygon","coordinates":[[[57.21,-10.47],[57.29,-10.4],[57.36,-10.42],[57.36,-10.55],[57.32,-10.55],[57.32,-10.59],[57.21,-10.6],[57.14,-10.57],[57.18,-10.54],[57.18,-10.5],[57.21,-10.47]]]}},{"type":"Feature","properties":{"precip":10},"geometry":{"type":"Polygon","coordinates":[[[57.5,-10.47],[57.57,-10.4],[57.61,-10.4],[57.75,-10.54],[57.75,-10.57],[57.65,-10.6],[57.54,-10.6],[57.47,-10.59],[57.47,-10.55],[57.5,-10.52],[57.5,-10.47]]]}},{"type":"Feature","properties":{"precip":10},"geometry":{"type":"Polygon","coordinates":[[[84.57,-10.45],[84.57,-10.4],[84.68,-10.4],[84.75,-10.42],[84.75,-10.47],[84.68,-10.5],[84.61,-10.5],[84.57,-10.49],[84.57,-10.45]]]}},{"type":"Feature","properties":{"precip":10},"geometry":{"type":"Polygon","coordinates":[[[26.26,-10.55],[26.26,-10.52],[26.33,-10.5],[26.33,-10.54],[26.37,-10.55],[26.29,-10.6],[26.26,-10.59],[26.26,-10.55]]]}},{"type":"Feature","properties":{"precip":10},"geometry":{"type":"Polygon","coordinates":[[[31.84,-10.55],[31.87,-10.54],[31.87,-10.5],[31.95,-10.52],[31.95,-10.59],[31.91,-10.6],[31.84,-10.55]]]}},{"type":"Feature","properties":{"precip":10},"geometry":{"type":"Polygon","coordinates":[[[55.34,-10.6],[55.34,-10.55],[55.38,-10.55],[55.38,-10.5],[55.41,-10.5],[55.45,-10.54],[55.45,-10.67],[55.38,-10.7],[55.38,-10.65],[55.34,-10.64],[55.34,-10.6]]]}},{"type":"Feature","properties":{"precip":10},"geometry":{"type":"Polygon","coordinates":[[[55.74,-10.55],[55.77,-10.54],[55.77,-10.5],[55.85,-10.52],[55.85,-10.59],[55.81,-10.6],[55.74,-10.55]]]}},{"type":"Feature","properties":{"precip":10},"geometry":{"type":"Polygon","coordinates":[[[58.94,-10.65],[58.94,-10.57],[59.01,-10.5],[59.19,-10.5],[59.27,-10.57],[59.27,-10.72],[59.19,-10.79],[59.19,-10.8],[59.01,-10.8],[59.01,-10.79],[58.94,-10.72],[58.94,-10.65]]]}},{"type":"Feature","properties":{"precip":10},"geometry":{"type":"Polygon","coordinates":[[[59.55,-10.55],[59.55,-10.52],[59.63,-10.5],[59.66,-10.52],[59.66,-10.57],[59.59,-10.6],[59.55,-10.59],[59.55,-10.55]]]}},{"type":"Feature","properties":{"precip":10},"geometry":{"type":"Polygon","coordinates":[[[63.05,-10.65],[63.05,-10.62],[63.12,-10.6],[63.15,-10.62],[63.15,-10.69],[63.08,-10.7],[63.05,-10.69],[63.05,-10.65]]]}},{"type":"Feature","properties":{"precip":10},"geometry":{"type":"Polygon","coordinates":[[[22.34,-10.84],[22.34,-10.8],[22.37,-10.77],[22.37,-10.7],[22.44,-10.7],[22.44,-10.85],[22.52,-10.89],[22.52,-10.92],[22.55,-10.92],[22.55,-11.09],[22.52,-11.11],[22.41,-11.01],[22.37,-10.97],[22.37,-10.87],[22.34,-10.84]]]}},{"type":"Feature","properties":{"precip":10},"geometry":{"type":"Polygon","coordinates":[[[30.15,-10.8],[30.15,-10.74],[30.18,-10.72],[30.18,-10.7],[30.22,-10.7],[30.25,-10.72],[30.25,-10.87],[30.22,-10.89],[30.15,-10.85],[30.15,-10.8]]]}},{"type":"Feature","properties":{"precip":10},"geometry":{"type":"Polygon","coordinates":[[[55.74,-10.75],[55.77,-10.72],[55.77,-10.7],[55.85,-10.7],[55.85,-10.79],[55.77,-10.8],[55.77,-10.77],[55.74,-10.75]]]}},{"type":"Feature","properties":{"precip":10},"geometry":{"type":"Polygon","coordinates":[[[55.95,-10.75],[55.95,-10.7],[56.03,-10.7],[56.03,-10.72],[56.06,-10.72],[56.06,-10.77],[56.03,-10.77],[56.03,-10.8],[55.95,-10.79],[55.95,-10.75]]]}},{"type":"Feature","properties":{"precip":10},"geometry":{"type":"Polygon","coordinates":[[[85.69,-10.8],[85.76,-10.74],[85.87,-10.7],[85.94,-10.7],[86.01,-10.7],[86.05,-10.74],[86.05,-10.84],[86.08,-10.85],[86.08,-10.89],[86.12,-10.89],[86.12,-10.85],[86.19,-10.84],[86.19,-10.8],[86.23,-10.8],[86.23,-10.85],[86.33,-10.89],[86.44,-10.89],[86.48,-10.9],[86.62,-10.9],[86.62,-10.92],[86.62,-10.97],[86.62,-11.01],[86.55,-11.06],[86.48,-11.07],[86.37,-11.11],[86.33,-11.11],[86.23,-11.07],[86.23,-11.04],[86.12,-11.01],[86.01,-11.01],[85.94,-11.01],[85.83,-11.06],[85.83,-11.07],[85.72,-11.16],[85.54,-11.21],[85.47,-11.17],[85.47,-11.16],[85.36,-11.11],[85.33,-11.11],[85.25,-11.09],[85.22,-11.09],[85.11,-11.04],[85.07,-10.99],[85.07,-10.96],[85.0,-10.92],[85.11,-10.9],[85.25,-10.9],[85.33,-10.89],[85.54,-10.89],[85.69,-10.84],[85.69,-10.8]]]}},{"type":"Feature","properties":{"precip":10},"geometry":{"type":"Polygon","coordinates":[[[23.85,-10.87],[23.85,-10.85],[23.92,-10.8],[23.99,-10.8],[24.06,-10.85],[24.03,-10.87],[24.03,-10.9],[23.96,-10.94],[23.96,-10.97],[24.03,-11.01],[24.03,-11.04],[24.06,-11.04],[24.06,-11.07],[24.03,-11.09],[23.96,-11.06],[23.88,-11.01],[23.88,-10.96],[23.85,-10.92],[23.85,-10.87]]]}},{"type":"Feature","properties":{"precip":10},"geometry":{"type":"Polygon","coordinates":[[[31.84,-10.89],[31.87,-10.85],[31.87,-10.82],[31.95,-10.8],[32.2,-10.8],[32.23,-10.82],[32.23,-10.85],[32.13,-10.97],[32.13,-10.99],[32.05,-10.97],[32.02,-10.9],[31.98,-10.9],[31.98,-10.94],[31.91,-11.01],[31.84,-10.94],[31.84,-10.89]]]}},{"type":"Feature","properties":{"precip":10},"geometry":{"type":"Polygon","coordinates":[[[84.64,-10.85],[84.64,-10.84],[84.71,-10.8],[84.75,-10.8],[84.82,-10.82],[84.93,-10.9],[84.93,-10.99],[84.86,-11.01],[84.57,-11.01],[84.46,-10.97],[84.46,-10.92],[84.5,-10.9],[84.64,-10.87],[84.64,-10.85]]]}},{"type":"Feature","properties":{"precip":10},"geometry":{"type":"Polygon","coordinates":[[[89.61,-10.87],[89.68,-10.82],[89.72,-10.8],[89.72,-10.85],[89.72,-11.01],[89.68,-11.11],[89.68,-11.16],[89.61,-11.19],[89.57,-11.19],[89.57,-11.16],[89.54,-11.12],[89.57,-11.06],[89.57,-10.96],[89.61,-10.9],[89.61,-10.87]]]}},{"type":"Feature","properties":{"precip":10},"geometry":{"type":"Polygon","coordinates":[[[19.64,-10.96],[19.67,-10.94],[19.67,-10.9],[19.74,-10.9],[19.74,-11.01],[19.67,-11.01],[19.67,-10.97],[19.64,-10.96]]]}},{"type":"Feature","properties":{"precip":10},"geometry":{"type":"Polygon","coordinates":[[[31.15,-10.96],[31.15,-10.9],[31.19,-10.9],[31.26,-10.94],[31.26,-10.97],[31.33,-11.04],[31.41,-11.09],[31.44,-11.07],[31.44,-11.02],[31.51,-11.01],[31.55,-11.01],[31.66,-11.04],[31.69,-11.07],[31.69,-11.11],[31.73,-11.12],[31.73,-11.19],[31.66,-11.24],[31.62,-11.29],[31.55,-11.34],[31.55,-11.37],[31.62,-11.41],[31.69,-11.41],[31.77,-11.44],[31.77,-11.47],[31.8,-11.49],[31.87,-11.49],[31.95,-11.52],[31.95,-11.57],[31.87,-11.61],[31.8,-11.61],[31.77,-11.59],[31.77,-11.54],[31.73,-11.51],[31.62,-11.49],[31.55,-11.52],[31.55,-11.59],[31.62,-11.61],[31.62,-11.62],[31.66,-11.64],[31.66,-11.74],[31.62,-11.77],[31.55,-11.79],[31.48,-11.77],[31.41,-11.72],[31.41,-11.69],[31.37,-11.66],[31.37,-11.52],[31.33,-11.49],[31.33,-11.41],[31.26,-11.41],[31.26,-11.47],[31.23,-11.49],[31.12,-11.49],[31.05,-11.46],[31.05,-11.26],[31.08,-11.22],[31.15,-11.19],[31.23,-11.17],[31.26,-11.16],[31.26,-11.06],[31.23,-11.04],[31.23,-11.01],[31.15,-10.99],[31.15,-10.96]]]}},{"type":"Feature","properties":{"precip":10},"geometry":{"type":"Polygon","coordinates":[[[87.56,-11.01],[87.56,-10.92],[87.59,-10.92],[87.59,-10.89],[87.59,-10.9],[87.59,-10.94],[87.67,-10.97],[87.67,-11.04],[87.59,-11.06],[87.59,-11.11],[87.56,-11.07],[87.56,-11.01]]]}},{"type":"Feature","properties":{"precip":10},"geometry":{"type":"Polygon","coordinates":[[[15.46,-11.19],[15.46,-11.12],[15.5,-11.11],[15.53,-11.12],[15.53,-11.16],[15.6,-11.19],[15.6,-11.22],[15.64,-11.24],[15.5,-11.42],[15.42,-11.47],[15.35,-11.49],[15.35,-11.32],[15.39,-11.31],[15.42,-11.31],[15.42,-11.27],[15.46,-11.26],[15.46,-11.19]]]}},{"type":"Feature","properties":{"precip":10},"geometry":{"type":"Polygon","coordinates":[[[23.34,-11.14],[23.34,-11.12],[23.42,-11.11],[23.6,-11.11],[23.67,-11.12],[23.7,-11.16],[23.78,-11.16],[23.81,-11.19],[23.85,-11.26],[23.78,-11.31],[23.78,-11.26],[23.7,-11.21],[23.63,-11.21],[23.52,-11.26],[23.52,-11.29],[23.45,-11.26],[23.42,-11.21],[23.38,-11.19],[23.38,-11.16],[23.34,-11.14]]]}},{"type":"Feature","properties":{"precip":10},"geometry":{"type":"Polygon","coordinates":[[[27.23,-11.27],[27.23,-11.24],[27.3,-11.21],[27.34,-11.21],[27.34,-11.31],[27.37,-11.34],[27.37,-11.39],[27.41,-11.41],[27.48,-11.41],[27.59,-11.47],[27.63,-11.51],[27.63,-11.54],[27.66,-11.59],[27.66,-11.66],[27.59,-11.69],[27.52,-11.69],[27.48,-11.67],[27.41,-11.61],[27.37,-11.59],[27.37,-11.56],[27.34,-11.52],[27.27,-11.49],[27.19,-11.49],[27.16,-11.46],[27.16,-11.36],[27.23,-11.27]]]}},{"type":"Feature","properties":{"precip":10},"geometry":{"type":"Polygon","coordinates":[[[34.14,-11.34],[34.18,-11.31],[34.25,-11.31],[34.32,-11.31],[34.5,-11.31],[34.54,-11.31],[34.61,-11.31],[34.65,-11.32],[34.65,-11.37],[34.57,-11.39],[34.5,-11.39],[34.47,-11.41],[34.36,-11.41],[34.32,-11.39],[34.21,-11.39],[34.14,-11.36],[34.14,-11.34]]]}},{"type":"Feature","properties":{"precip":10},"geometry":{"type":"Polygon","coordinates":[[[85.94,-11.34],[85.97,-11.32],[85.97,-11.31],[86.05,-11.31],[86.05,-11.39],[86.01,-11.41],[85.94,-11.34]]]}},{"type":"Feature","properties":{"precip":10},"geometry":{"type":"Polygon","coordinates":[[[32.95,-11.56],[32.95,-11.51],[33.03,-11.49],[33.03,-11.52],[33.06,-11.52],[33.06,-11.57],[33.03,-11.57],[33.03,-11.61],[32.95,-11.59],[32.95,-11.56]]]}},{"type":"Feature","properties":{"precip":10},"geometry":{"type":"Polygon","coordinates":[[[34.25,-11.56],[34.25,-11.52],[34.32,-11.49],[34.39,-11.49],[34.43,-11.51],[34.43,-11.56],[34.47,-11.59],[34.47,-11.72],[34.43,-11.76],[34.43,-11.86],[34.39,-11.89],[34.39,-11.93],[34.36,-11.96],[34.29,-11.99],[34.25,-11.99],[34.25,-11.83],[34.29,-11.79],[34.32,-11.79],[34.32,-11.77],[34.36,-11.76],[34.36,-11.64],[34.32,-11.62],[34.32,-11.61],[34.25,-11.59],[34.25,-11.56]]]}},{"type":"Feature","properties":{"precip":10},"geometry":{"type":"Polygon","coordinates":[[[68.05,-11.61],[68.05,-11.54],[68.09,-11.52],[68.09,-11.49],[68.12,-11.49],[68.12,-11.52],[68.16,-11.54],[68.16,-11.66],[68.12,-11.67],[68.12,-11.71],[68.05,-11.66],[68.05,-11.61]]]}},{"type":"Feature","properties":{"precip":10},"geometry":{"type":"Polygon","coordinates":[[[33.17,-11.71],[33.17,-11.61],[33.24,-11.62],[33.24,-11.77],[33.17,-11.79],[33.17,-11.71]]]}},{"type":"Feature","properties":{"precip":10},"geometry":{"type":"Polygon","coordinates":[[[15.64,-11.76],[15.68,-11.71],[15.75,-11.72],[15.75,-11.77],[15.68,-11.79],[15.64,-11.76]]]}},{"type":"Feature","properties":{"precip":10},"geometry":{"type":"Polygon","coordinates":[[[30.76,-11.79],[30.76,-11.74],[30.79,-11.71],[30.9,-11.71],[30.94,-11.72],[30.94,-11.88],[30.87,-11.91],[30.79,-11.89],[30.76,-11.86],[30.76,-11.79]]]}},{"type":"Feature","properties":{"precip":10},"geometry":{"type":"Polygon","coordinates":[[[26.37,-11.91],[26.37,-11.81],[26.4,-11.81],[26.55,-11.93],[26.55,-11.98],[26.51,-11.99],[26.4,-11.99],[26.37,-11.98],[26.37,-11.91]]]}},{"type":"Feature","properties":{"precip":10},"geometry":{"type":"Polygon","coordinates":[[[33.24,-11.94],[33.28,-11.91],[33.35,-11.93],[33.35,-11.98],[33.28,-11.99],[33.24,-11.94]]]}},{"type":"Feature","properties":{"precip":10},"geometry":{"type":"Polygon","coordinates":[[[33.46,-12.09],[33.46,-12.03],[33.49,-11.99],[33.53,-12.01],[33.53,-12.04],[33.57,-12.08],[33.57,-12.14],[33.53,-12.16],[33.53,-12.21],[33.46,-12.19],[33.46,-12.09]]]}},{"type":"Feature","properties":{"precip":10},"geometry":{"type":"Polygon","coordinates":[[[69.35,-12.06],[69.35,-12.03],[69.42,-11.99],[69.45,-12.01],[69.45,-12.08],[69.38,-12.09],[69.35,-12.08],[69.35,-12.06]]]}},{"type":"Feature","properties":{"precip":10},"geometry":{"type":"Polygon","coordinates":[[[22.05,-12.21],[22.05,-12.16],[22.08,-12.11],[22.12,-12.09],[22.3,-12.09],[22.34,-12.13],[22.34,-12.28],[22.37,-12.33],[22.37,-12.44],[22.52,-12.59],[22.59,-12.7],[22.66,-12.76],[22.66,-12.78],[22.55,-12.81],[22.48,-12.81],[22.44,-12.83],[22.44,-12.9],[22.37,-12.9],[22.37,-12.83],[22.34,-12.83],[22.34,-12.7],[22.26,-12.68],[22.26,-12.56],[22.19,-12.51],[21.94,-12.51],[21.9,-12.49],[21.83,-12.49],[21.76,-12.48],[21.76,-12.43],[21.69,-12.39],[21.65,-12.39],[21.54,-12.34],[21.47,-12.28],[21.47,-12.24],[21.44,-12.23],[21.51,-12.21],[21.83,-12.21],[21.94,-12.23],[21.94,-12.26],[21.98,-12.29],[22.05,-12.28],[22.05,-12.21]]]}},{"type":"Feature","properties":{"precip":10},"geometry":{"type":"Polygon","coordinates":[[[26.94,-12.14],[27.01,-12.09],[27.09,-12.09],[27.16,-12.13],[27.16,-12.18],[27.12,-12.18],[27.09,-12.21],[27.01,-12.21],[26.98,-12.18],[26.94,-12.18],[26.94,-12.14]]]}},{"type":"Feature","properties":{"precip":10},"geometry":{"type":"Polygon","coordinates":[[[30.87,-12.21],[30.87,-12.09],[30.94,-12.11],[30.94,-12.14],[31.05,-12.23],[31.05,-12.28],[31.01,-12.29],[30.9,-12.29],[30.87,-12.28],[30.87,-12.21]]]}},{"type":"Feature","properties":{"precip":10},"geometry":{"type":"Polygon","coordinates":[[[32.85,-12.21],[32.85,-12.14],[32.88,-12.13],[32.88,-12.09],[32.95,-12.11],[32.95,-12.18],[33.03,-12.19],[33.03,-12.21],[33.1,-12.21],[33.13,-12.23],[33.13,-12.31],[33.17,-12.36],[33.13,-12.38],[33.13,-12.49],[33.06,-12.49],[33.06,-12.36],[33.03,-12.34],[33.03,-12.31],[32.99,-12.29],[32.92,-12.29],[32.85,-12.24],[32.85,-12.21]]]}},{"type":"Feature","properties":{"precip":10},"geometry":{"type":"Polygon","coordinates":[[[39.94,-12.14],[40.01,-12.09],[40.08,-12.09],[40.15,-12.13],[40.15,-12.18],[40.08,-12.19],[40.08,-12.21],[40.01,-12.19],[39.94,-12.16],[39.94,-12.14]]]}},{"type":"Feature","properties":{"precip":10},"geometry":{"type":"Polygon","coordinates":[[[49.04,-12.14],[49.08,-12.13],[49.08,-12.09],[49.15,-12.11],[49.15,-12.19],[49.08,-12.21],[49.08,-12.18],[49.04,-12.18],[49.04,-12.14]]]}},{"type":"Feature","properties":{"precip":10},"geometry":{"type":"Polygon","coordinates":[[[33.96,-12.29],[33.96,-12.23],[34.03,-12.21],[34.03,-12.28],[34.07,-12.29],[34.03,-12.33],[34.03,-12.38],[33.96,-12.38],[33.96,-12.29]]]}},{"type":"Feature","properties":{"precip":10},"geometry":{"type":"Polygon","coordinates":[[[29.25,-12.36],[29.25,-12.33],[29.32,-12.29],[29.39,-12.29],[29.43,-12.31],[29.43,-12.34],[29.46,-12.36],[29.46,-12.48],[29.53,-12.51],[29.61,-12.51],[29.64,-12.53],[29.64,-12.58],[29.61,-12.59],[29.53,-12.59],[29.46,-12.63],[29.46,-12.66],[29.35,-12.7],[29.25,-12.7],[29.17,-12.68],[29.17,-12.64],[29.14,-12.63],[29.14,-12.51],[29.07,-12.51],[29.07,-12.56],[29.03,-12.56],[28.99,-12.59],[28.89,-12.59],[28.85,-12.61],[28.78,-12.61],[28.74,-12.64],[28.74,-12.68],[28.71,-12.7],[28.67,-12.68],[28.67,-12.63],[28.63,-12.59],[28.67,-12.58],[28.67,-12.53],[28.71,-12.51],[28.78,-12.51],[28.78,-12.49],[28.85,-12.48],[28.85,-12.43],[28.96,-12.39],[29.14,-12.39],[29.25,-12.38],[29.25,-12.36]]]}},{"type":"Feature","properties":{"precip":10},"geometry":{"type":"Polygon","coordinates":[[[49.04,-12.36],[49.04,-12.33],[49.08,-12.33],[49.08,-12.29],[49.15,-12.31],[49.15,-12.38],[49.12,-12.39],[49.04,-12.38],[49.04,-12.36]]]}},{"type":"Feature","properties":{"precip":10},"geometry":{"type":"Polygon","coordinates":[[[32.85,-12.44],[32.85,-12.41],[32.92,-12.39],[32.95,-12.41],[32.95,-12.49],[32.88,-12.49],[32.85,-12.48],[32.85,-12.44]]]}},{"type":"Feature","properties":{"precip":10},"geometry":{"type":"Polygon","coordinates":[[[48.36,-12.54],[48.43,-12.48],[48.5,-12.43],[48.61,-12.39],[48.72,-12.39],[48.83,-12.44],[48.94,-12.53],[48.94,-12.59],[48.86,-12.58],[48.86,-12.53],[48.83,-12.51],[48.79,-12.51],[48.76,-12.53],[48.76,-12.68],[48.79,-12.68],[48.83,-12.7],[48.94,-12.7],[49.04,-12.73],[49.12,-12.8],[49.12,-12.83],[49.15,-12.88],[49.15,-12.98],[49.22,-13.0],[49.22,-13.05],[49.26,-13.06],[49.26,-13.28],[49.33,-13.31],[49.33,-13.35],[49.37,-13.4],[49.37,-13.45],[49.33,-13.5],[49.33,-13.6],[49.26,-13.63],[49.26,-13.67],[49.33,-13.7],[49.33,-13.77],[49.37,-13.8],[49.37,-13.83],[49.33,-13.9],[49.26,-13.92],[49.26,-14.05],[49.22,-14.07],[49.22,-14.1],[49.19,-14.1],[49.15,-14.13],[49.15,-14.28],[49.04,-14.49],[48.94,-14.55],[48.79,-14.62],[48.76,-14.65],[48.76,-14.75],[48.72,-14.77],[48.72,-14.8],[48.65,-14.82],[48.65,-14.85],[48.72,-14.9],[48.72,-14.94],[48.76,-14.95],[48.68,-14.99],[48.65,-15.02],[48.65,-15.05],[48.72,-15.1],[48.79,-15.1],[48.83,-15.1],[48.83,-15.14],[48.86,-15.17],[48.86,-15.31],[48.83,-15.32],[48.83,-15.41],[48.76,-15.42],[48.76,-15.46],[48.83,-15.51],[48.83,-15.54],[48.94,-15.67],[48.94,-15.79],[48.9,-15.81],[48.86,-15.86],[48.86,-16.23],[48.83,-16.28],[48.83,-16.39],[48.76,-16.44],[48.76,-16.48],[48.79,-16.48],[48.83,-16.49],[48.83,-16.53],[48.86,-16.58],[48.86,-16.61],[48.79,-16.69],[48.76,-16.69],[48.68,-16.73],[48.65,-16.76],[48.65,-16.86],[48.72,-16.93],[48.76,-16.93],[48.76,-16.96],[48.72,-16.96],[48.68,-17.0],[48.68,-17.03],[48.65,-17.05],[48.65,-17.13],[48.61,-17.15],[48.61,-17.18],[48.58,-17.21],[48.58,-17.23],[48.43,-17.36],[48.36,-17.43],[48.36,-17.5],[48.43,-17.5],[48.5,-17.53],[48.5,-17.55],[48.58,-17.55],[48.65,-17.65],[48.65,-17.78],[48.58,-17.8],[48.58,-17.87],[48.54,-17.88],[48.54,-18.08],[48.47,-18.1],[48.47,-18.18],[48.5,-18.2],[48.58,-18.2],[48.61,-18.17],[48.65,-18.17],[48.65,-18.08],[48.68,-18.05],[48.68,-18.0],[48.79,-17.92],[48.83,-17.9],[48.9,-17.9],[48.97,-17.97],[48.97,-17.98],[49.08,-18.07],[49.15,-18.1],[49.19,-18.1],[49.26,-18.05],[49.26,-17.95],[49.3,-17.9],[49.37,-17.85],[49.48,-17.8],[49.55,-17.78],[49.55,-17.73],[49.62,-17.7],[49.73,-17.7],[49.84,-17.68],[49.84,-17.65],[49.87,-17.65],[49.87,-17.61],[49.91,-17.6],[50.02,-17.6],[50.05,-17.61],[50.05,-17.68],[50.02,-17.7],[49.87,-17.82],[49.87,-17.88],[49.94,-17.9],[50.05,-17.9],[50.12,-17.92],[50.16,-17.95],[50.16,-17.98],[50.05,-18.02],[50.05,-18.15],[50.09,-18.18],[50.2,-18.28],[50.2,-18.3],[50.23,-18.32],[50.23,-18.37],[50.27,-18.4],[50.27,-18.48],[50.3,-18.5],[50.38,-18.45],[50.38,-18.42],[50.41,-18.42],[50.45,-18.45],[50.56,-18.53],[50.59,-18.58],[50.66,-18.6],[50.74,-18.57],[50.74,-18.45],[50.77,-18.42],[50.77,-18.32],[50.84,-18.3],[50.88,-18.3],[50.95,-18.27],[51.02,-18.2],[51.02,-18.17],[51.06,-18.13],[51.06,-18.02],[51.17,-17.93],[51.28,-17.9],[51.38,-17.9],[51.42,-17.87],[51.46,-17.87],[51.46,-17.83],[51.38,-17.8],[51.31,-17.8],[51.28,-17.78],[51.28,-17.75],[51.24,-17.71],[51.24,-17.66],[51.28,-17.65],[51.28,-17.6],[51.31,-17.6],[51.38,-17.66],[51.38,-17.68],[51.46,-17.73],[51.46,-17.75],[51.53,-17.78],[51.53,-17.8],[51.64,-17.8],[51.78,-17.85],[51.82,-17.9],[51.82,-17.95],[51.85,-17.98],[51.85,-18.08],[51.78,-18.1],[51.78,-18.15],[51.74,-18.17],[51.74,-18.3],[51.71,-18.35],[51.64,-18.45],[51.6,-18.52],[51.53,-18.6],[51.38,-18.69],[51.35,-18.7],[51.28,-18.69],[51.24,-18.63],[51.28,-18.62],[51.28,-18.6],[51.35,-18.57],[51.35,-18.55],[51.28,-18.48],[51.28,-18.45],[51.17,-18.37],[51.1,-18.33],[51.06,-18.33],[50.99,-18.42],[50.99,-18.5],[50.95,-18.62],[50.95,-19.05],[50.88,-19.09],[50.81,-19.1],[50.77,-19.09],[50.7,-19.09],[50.66,-19.07],[50.66,-19.04],[50.63,-19.0],[50.59,-19.0],[50.59,-19.04],[50.56,-19.05],[50.56,-19.35],[50.52,-19.37],[50.52,-19.39],[50.45,-19.42],[50.45,-19.52],[50.48,-19.59],[50.56,-19.64],[50.45,-19.76],[50.34,-19.81],[50.23,-19.81],[50.16,-19.77],[50.16,-19.66],[50.12,-19.64],[50.12,-19.61],[50.09,-19.61],[50.05,-19.66],[50.05,-19.81],[50.09,-19.86],[50.09,-19.89],[50.16,-19.94],[50.16,-19.97],[50.12,-19.97],[50.05,-20.02],[50.05,-20.14],[50.12,-20.21],[50.2,-20.21],[50.2,-20.22],[50.27,-20.26],[50.27,-20.27],[50.34,-20.36],[50.34,-20.58],[50.27,-20.63],[50.27,-20.73],[50.23,-20.73],[50.23,-20.79],[50.2,-20.79],[50.16,-20.84],[50.16,-21.03],[50.23,-21.14],[50.38,-21.19],[50.45,-21.19],[50.52,-21.24],[50.59,-21.26],[50.59,-21.31],[50.66,-21.38],[50.66,-21.5],[50.7,-21.5],[50.74,-21.51],[50.74,-21.88],[50.7,-21.9],[50.66,-21.95],[50.66,-22.27],[50.74,-22.3],[50.74,-22.4],[50.59,-22.4],[50.56,-22.37],[50.56,-22.25],[50.52,-22.22],[50.45,-22.22],[50.41,-22.2],[50.3,-22.2],[50.2,-22.22],[50.16,-22.25],[50.16,-22.43],[50.12,-22.45],[50.12,-22.5],[50.05,-22.52],[50.05,-22.55],[50.12,-22.58],[50.2,-22.6],[50.38,-22.6],[50.52,-22.63],[50.52,-22.65],[50.59,-22.67],[50.63,-22.7],[50.63,-22.73],[50.66,-22.75],[50.63,-22.8],[50.52,-22.8],[50.45,-22.77],[50.45,-22.7],[50.41,-22.7],[50.38,-22.7],[50.38,-22.73],[50.34,-22.75],[50.34,-22.88],[50.27,-22.9],[50.27,-23.02],[50.23,-23.04],[50.23,-23.09],[50.16,-23.12],[50.16,-23.29],[50.23,-23.3],[50.23,-23.27],[50.27,-23.27],[50.27,-23.2],[50.34,-23.2],[50.34,-23.37],[50.27,-23.4],[50.23,-23.4],[50.16,-23.37],[50.12,-23.34],[50.12,-23.32],[50.09,-23.3],[50.09,-23.32],[50.05,-23.34],[50.05,-23.37],[49.98,-23.39],[49.98,-23.37],[49.91,-23.32],[49.87,-23.27],[49.8,-23.22],[49.69,-23.19],[49.62,-23.2],[49.55,-23.25],[49.55,-23.39],[49.48,-23.4],[49.48,-23.37],[49.44,-23.37],[49.44,-23.32],[49.37,-23.3],[49.26,-23.3],[49.19,-23.32],[49.15,-23.35],[49.15,-23.47],[49.19,-23.49],[49.26,-23.49],[49.33,-23.52],[49.33,-23.55],[49.37,-23.57],[49.37,-23.64],[49.4,-23.69],[49.4,-23.72],[49.44,-23.74],[49.44,-23.77],[49.48,-23.77],[49.51,-23.82],[49.62,-23.89],[49.66,-23.87],[49.66,-23.82],[49.69,-23.8],[49.76,-23.84],[49.76,-23.87],[49.91,-23.99],[49.94,-23.97],[49.94,-23.94],[50.02,-23.91],[50.05,-23.96],[50.12,-23.99],[50.2,-24.01],[50.3,-24.01],[50.41,-24.04],[50.52,-24.12],[50.56,-24.17],[50.56,-24.26],[50.48,-24.29],[50.41,-24.31],[50.3,-24.31],[50.27,-24.29],[50.2,-24.29],[50.16,-24.27],[50.16,-24.24],[50.12,-24.22],[50.05,-24.21],[49.94,-24.21],[49.87,-24.22],[49.87,-24.24],[49.84,-24.24],[49.84,-24.29],[49.73,-24.29],[49.66,-24.26],[49.62,-24.22],[49.58,-24.21],[49.58,-24.16],[49.55,-24.14],[49.55,-24.02],[49.48,-24.01],[49.44,-24.04],[49.44,-24.07],[49.4,-24.09],[49.33,-24.09],[49.26,-24.12],[49.26,-24.19],[49.33,-24.22],[49.33,-24.37],[49.37,-24.44],[49.37,-24.67],[49.33,-24.73],[49.33,-24.76],[49.3,-24.79],[49.22,-24.81],[49.04,-24.81],[48.97,-24.83],[48.94,-24.84],[48.94,-24.88],[48.9,-24.89],[48.79,-24.89],[48.76,-24.88],[48.76,-24.83],[48.68,-24.81],[48.5,-24.81],[48.47,-24.83],[48.47,-24.84],[48.4,-24.88],[48.29,-24.89],[47.89,-24.89],[47.86,-24.88],[47.75,-24.86],[47.75,-24.83],[47.68,-24.81],[47.42,-24.81],[47.32,-24.83],[47.28,-24.83],[47.21,-24.89],[47.14,-24.84],[47.14,-24.83],[47.06,-24.83],[47.06,-24.88],[46.99,-24.91],[46.99,-24.84],[46.96,-24.81],[46.96,-24.52],[46.99,-24.46],[46.99,-24.39],[47.06,-24.32],[47.14,-24.31],[47.21,-24.27],[47.28,-24.22],[47.32,-24.21],[47.39,-24.12],[47.5,-23.99],[47.53,-23.96],[47.53,-23.87],[47.57,-23.82],[47.57,-23.62],[47.64,-23.6],[47.64,-23.64],[47.71,-23.72],[47.78,-23.7],[47.96,-23.54],[48.14,-23.47],[48.14,-23.25],[48.11,-23.22],[48.11,-23.19],[48.07,-23.17],[48.07,-23.14],[48.11,-23.12],[48.11,-23.09],[48.18,-23.02],[48.25,-22.93],[48.25,-22.83],[48.22,-22.8],[48.14,-22.77],[48.14,-22.73],[48.18,-22.7],[48.25,-22.7],[48.29,-22.7],[48.4,-22.7],[48.43,-22.67],[48.47,-22.67],[48.47,-22.63],[48.4,-22.6],[48.32,-22.6],[48.29,-22.57],[48.25,-22.57],[48.25,-22.53],[48.32,-22.5],[48.43,-22.5],[48.43,-22.43],[48.4,-22.4],[48.32,-22.32],[48.22,-22.23],[48.18,-22.23],[48.14,-22.25],[48.14,-22.28],[48.07,-22.27],[48.04,-22.25],[47.96,-22.15],[47.96,-22.05],[48.04,-22.0],[48.14,-22.0],[48.18,-21.96],[48.25,-21.95],[48.36,-21.85],[48.32,-21.83],[48.32,-21.8],[48.29,-21.8],[48.29,-21.78],[48.25,-21.76],[48.25,-21.63],[48.18,-21.56],[48.14,-21.55],[48.22,-21.5],[48.25,-21.46],[48.25,-21.24],[48.22,-21.19],[48.18,-21.19],[48.18,-21.23],[48.14,-21.24],[48.14,-21.38],[48.11,-21.41],[47.96,-21.48],[47.78,-21.5],[47.42,-21.5],[47.35,-21.53],[47.35,-21.76],[47.32,-21.78],[47.32,-21.8],[47.28,-21.8],[47.28,-21.83],[47.24,-21.85],[47.24,-21.95],[47.28,-21.96],[47.28,-22.0],[47.35,-21.96],[47.35,-21.95],[47.39,-21.91],[47.42,-21.91],[47.46,-21.95],[47.46,-21.96],[47.39,-21.98],[47.39,-22.03],[47.35,-22.03],[47.35,-22.12],[47.32,-22.15],[47.32,-22.2],[47.24,-22.25],[47.14,-22.3],[47.06,-22.27],[47.06,-22.25],[46.96,-22.17],[46.96,-22.13],[46.85,-22.1],[46.78,-22.1],[46.67,-22.08],[46.67,-22.05],[46.63,-22.05],[46.63,-22.01],[46.56,-22.0],[46.42,-22.0],[46.38,-21.98],[46.38,-21.95],[46.34,-21.93],[46.34,-21.73],[46.27,-21.7],[46.2,-21.71],[46.16,-21.75],[46.16,-22.06],[46.24,-22.1],[46.24,-22.27],[46.13,-22.3],[45.88,-22.3],[45.73,-22.27],[45.66,-22.25],[45.59,-22.18],[45.55,-22.13],[45.55,-22.03],[45.48,-22.0],[45.41,-22.0],[45.37,-21.96],[45.37,-21.93],[45.34,-21.9],[45.34,-21.8],[45.26,-21.78],[45.26,-21.6],[45.23,-21.56],[45.23,-21.5],[45.16,-21.51],[45.16,-21.56],[45.12,-21.56],[45.01,-21.6],[44.76,-21.6],[44.65,-21.58],[44.54,-21.55],[44.47,-21.46],[44.47,-21.33],[44.54,-21.26],[44.54,-21.23],[44.62,-21.19],[44.65,-21.23],[44.65,-21.26],[44.69,-21.3],[44.72,-21.3],[44.72,-21.26],[44.76,-21.23],[44.76,-21.13],[44.83,-21.09],[44.94,-21.11],[44.94,-21.16],[45.01,-21.19],[45.08,-21.19],[45.26,-21.19],[45.34,-21.16],[45.34,-20.64],[45.26,-20.58],[45.26,-20.43],[45.34,-20.41],[45.48,-20.39],[45.52,-20.36],[45.59,-20.32],[45.59,-20.29],[45.66,-20.22],[45.66,-20.12],[45.7,-20.11],[45.8,-20.12],[45.91,-20.19],[45.95,-20.26],[46.02,-20.31],[46.02,-20.32],[46.13,-20.41],[46.13,-20.32],[46.16,-20.29],[46.16,-20.02],[46.13,-19.97],[46.13,-19.92],[46.09,-19.91],[46.02,-19.91],[45.98,-19.87],[45.95,-19.87],[45.95,-19.82],[45.88,-19.81],[45.8,-19.81],[45.77,-19.79],[45.77,-19.71],[45.84,-19.67],[45.84,-19.52],[45.77,-19.5],[45.77,-19.39],[45.73,-19.37],[45.73,-19.34],[45.66,-19.24],[45.59,-19.2],[45.59,-19.15],[45.55,-19.14],[45.59,-19.1],[45.62,-19.1],[45.62,-19.14],[45.7,-19.2],[45.73,-19.19],[45.73,-19.15],[45.77,-19.09],[45.73,-19.07],[45.73,-19.04],[45.7,-18.99],[45.55,-18.84],[45.55,-18.74],[45.59,-18.7],[45.66,-18.69],[45.66,-18.62],[45.59,-18.6],[45.48,-18.6],[45.44,-18.57],[45.44,-18.53],[45.55,-18.5],[45.88,-18.5],[45.95,-18.53],[45.95,-18.65],[45.98,-18.67],[45.98,-18.7],[46.02,-18.7],[46.02,-18.67],[46.06,-18.65],[46.06,-18.53],[46.09,-18.5],[46.16,-18.5],[46.24,-18.48],[46.24,-18.45],[46.27,-18.45],[46.27,-18.42],[46.31,-18.4],[46.38,-18.4],[46.45,-18.37],[46.45,-18.25],[46.49,-18.23],[46.49,-18.18],[46.56,-18.15],[46.45,-18.08],[46.45,-18.02],[46.49,-18.0],[46.56,-18.0],[46.63,-18.0],[46.67,-17.97],[46.67,-17.92],[46.7,-17.9],[46.78,-17.9],[46.85,-17.87],[46.85,-17.83],[46.88,-17.8],[46.92,-17.8],[46.92,-17.83],[46.96,-17.85],[46.96,-17.97],[46.99,-18.0],[47.06,-18.0],[47.1,-18.0],[47.17,-18.0],[47.24,-18.02],[47.24,-18.07],[47.28,-18.1],[47.39,-18.1],[47.42,-18.08],[47.5,-18.02],[47.5,-18.0],[47.53,-17.97],[47.53,-17.92],[47.57,-17.88],[47.57,-17.85],[47.53,-17.82],[47.46,-17.76],[47.46,-17.46],[47.42,-17.41],[47.39,-17.4],[47.32,-17.4],[47.24,-17.45],[47.24,-17.56],[47.17,-17.6],[47.03,-17.6],[46.96,-17.56],[46.96,-17.45],[46.92,-17.43],[46.92,-17.4],[46.88,-17.4],[46.88,-17.36],[46.85,-17.33],[46.85,-17.16],[46.88,-17.15],[46.88,-17.1],[46.92,-17.1],[46.92,-17.06],[46.96,-17.03],[46.96,-16.86],[46.92,-16.83],[46.92,-16.79],[46.88,-16.79],[46.85,-16.83],[46.85,-16.88],[46.78,-16.89],[46.78,-16.86],[46.74,-16.84],[46.81,-16.79],[46.81,-16.78],[46.85,-16.76],[46.85,-16.53],[46.78,-16.49],[46.7,-16.49],[46.67,-16.48],[46.67,-16.41],[46.74,-16.38],[46.74,-16.18],[46.78,-16.16],[46.78,-16.13],[46.85,-16.09],[46.92,-16.09],[46.96,-16.06],[46.96,-16.02],[47.03,-16.01],[47.28,-16.01],[47.35,-15.96],[47.35,-15.74],[47.39,-15.72],[47.39,-15.71],[47.42,-15.71],[47.42,-15.67],[47.46,-15.66],[47.46,-15.56],[47.39,-15.51],[47.32,-15.51],[47.28,-15.49],[47.28,-15.46],[47.24,-15.44],[47.24,-15.32],[47.17,-15.31],[47.17,-15.36],[47.14,-15.39],[47.14,-15.47],[47.06,-15.51],[46.99,-15.49],[46.96,-15.46],[46.96,-15.07],[46.99,-15.04],[46.99,-15.0],[47.03,-14.99],[47.03,-14.95],[47.06,-14.94],[47.06,-14.82],[47.14,-14.8],[47.21,-14.8],[47.24,-14.77],[47.24,-14.57],[47.28,-14.54],[47.28,-14.5],[47.35,-14.47],[47.35,-14.23],[47.39,-14.22],[47.39,-14.2],[47.42,-14.2],[47.42,-14.12],[47.46,-14.07],[47.46,-13.65],[47.5,-13.6],[47.57,-13.55],[47.57,-13.5],[47.53,-13.46],[47.53,-13.4],[47.46,-13.36],[47.46,-13.33],[47.53,-13.3],[47.53,-13.23],[47.57,-13.21],[47.57,-13.11],[47.64,-13.1],[47.64,-12.96],[47.68,-12.95],[47.68,-12.9],[47.75,-12.91],[47.75,-12.98],[47.82,-13.0],[47.82,-12.98],[47.86,-12.96],[47.86,-12.75],[47.93,-12.7],[48.11,-12.7],[48.18,-12.68],[48.29,-12.63],[48.36,-12.54]],[[49.15,-13.65],[49.15,-13.62],[49.08,-13.6],[49.04,-13.63],[49.04,-13.67],[49.08,-13.7],[49.15,-13.68],[49.15,-13.65]],[[47.86,-16.33],[47.86,-16.24],[47.78,-16.19],[47.71,-16.19],[47.68,-16.21],[47.68,-16.26],[47.64,-16.31],[47.64,-16.48],[47.68,-16.51],[47.68,-16.61],[47.75,-16.58],[47.78,-16.54],[47.78,-16.51],[47.82,-16.48],[47.82,-16.43],[47.86,-16.38],[47.86,-16.33]],[[48.65,-16.64],[48.65,-16.63],[48.58,-16.61],[48.4,-16.61],[48.36,-16.63],[48.36,-16.78],[48.43,-16.79],[48.43,-16.78],[48.47,-16.76],[48.47,-16.71],[48.54,-16.69],[48.61,-16.69],[48.65,-16.68],[48.65,-16.64]],[[51.74,-18.05],[51.74,-18.0],[51.67,-18.0],[51.67,-18.03],[51.64,-18.05],[51.67,-18.07],[51.67,-18.1],[51.74,-18.1],[51.74,-18.05]],[[51.46,-18.45],[51.46,-18.42],[51.38,-18.4],[51.35,-18.43],[51.35,-18.47],[51.42,-18.5],[51.46,-18.48],[51.46,-18.45]],[[50.16,-18.7],[50.16,-18.65],[50.12,-18.63],[50.12,-18.6],[50.05,-18.6],[49.98,-18.62],[49.98,-18.67],[49.94,-18.7],[49.94,-18.89],[49.98,-18.9],[49.98,-19.0],[50.05,-18.97],[50.05,-18.84],[50.09,-18.8],[50.12,-18.8],[50.12,-18.77],[50.16,-18.75],[50.16,-18.7]],[[49.08,-18.89],[49.08,-18.87],[49.01,-18.84],[49.01,-18.82],[48.94,-18.8],[48.83,-18.8],[48.76,-18.85],[48.76,-19.05],[48.79,-19.07],[48.79,-19.1],[48.83,-19.1],[48.83,-19.14],[48.86,-19.17],[48.86,-19.27],[48.94,-19.3],[49.01,-19.29],[49.15,-19.17],[49.15,-19.14],[49.12,-19.12],[49.12,-19.09],[49.04,-19.05],[49.08,-19.02],[49.12,-19.0],[49.12,-18.97],[49.15,-18.97],[49.15,-18.94],[49.12,-18.92],[49.12,-18.9],[49.08,-18.89]],[[49.94,-19.1],[49.94,-19.02],[49.87,-19.0],[49.87,-19.07],[49.84,-19.1],[49.87,-19.12],[49.87,-19.2],[49.94,-19.19],[49.94,-19.1]],[[46.34,-19.35],[46.34,-19.3],[46.27,-19.3],[46.27,-19.34],[46.24,-19.34],[46.24,-19.37],[46.27,-19.37],[46.27,-19.39],[46.34,-19.39],[46.34,-19.35]],[[49.26,-19.42],[49.26,-19.37],[49.22,-19.34],[49.22,-19.3],[49.19,-19.3],[49.15,-19.34],[49.15,-19.47],[49.08,-19.5],[49.08,-19.54],[49.04,-19.56],[49.04,-19.67],[49.08,-19.69],[49.15,-19.67],[49.15,-19.66],[49.22,-19.56],[49.22,-19.52],[49.26,-19.47],[49.26,-19.42]],[[49.84,-19.54],[49.84,-19.5],[49.76,-19.52],[49.76,-19.59],[49.84,-19.59],[49.84,-19.54]],[[50.05,-19.54],[50.05,-19.52],[49.98,-19.5],[49.98,-19.52],[49.94,-19.52],[49.94,-19.57],[49.98,-19.57],[49.98,-19.61],[50.05,-19.59],[50.05,-19.54]],[[47.64,-19.76],[47.64,-19.71],[47.6,-19.69],[47.57,-19.71],[47.57,-19.81],[47.64,-19.81],[47.64,-19.76]],[[47.35,-19.84],[47.35,-19.82],[47.28,-19.81],[47.24,-19.82],[47.24,-19.87],[47.32,-19.91],[47.35,-19.89],[47.35,-19.84]],[[49.84,-20.11],[49.84,-19.92],[49.8,-19.91],[49.76,-19.94],[49.66,-20.07],[49.66,-20.22],[49.73,-20.29],[49.8,-20.29],[49.84,-20.27],[49.84,-20.11]],[[46.45,-20.06],[46.45,-20.02],[46.38,-19.99],[46.27,-20.01],[46.27,-20.04],[46.24,-20.06],[46.27,-20.07],[46.27,-20.11],[46.31,-20.11],[46.34,-20.12],[46.34,-20.32],[46.38,-20.34],[46.38,-20.39],[46.42,-20.41],[46.49,-20.41],[46.52,-20.37],[46.56,-20.37],[46.56,-20.32],[46.63,-20.29],[46.78,-20.29],[46.85,-20.27],[46.85,-20.12],[46.74,-20.11],[46.56,-20.11],[46.45,-20.06]],[[49.55,-20.26],[49.55,-20.22],[49.51,-20.21],[49.4,-20.21],[49.37,-20.22],[49.37,-20.27],[49.4,-20.29],[49.51,-20.29],[49.55,-20.27],[49.55,-20.26]],[[49.37,-20.44],[49.33,-20.43],[49.33,-20.41],[49.26,-20.41],[49.26,-20.49],[49.33,-20.49],[49.33,-20.46],[49.37,-20.44]],[[49.37,-21.4],[49.33,-21.36],[49.33,-21.35],[49.3,-21.31],[49.22,-21.31],[49.15,-21.35],[49.08,-21.41],[49.08,-21.45],[49.04,-21.46],[49.15,-21.5],[49.26,-21.5],[49.33,-21.48],[49.33,-21.45],[49.37,-21.43],[49.37,-21.4]],[[46.45,-21.65],[46.45,-21.61],[46.38,-21.6],[46.34,-21.63],[46.34,-21.68],[46.42,-21.7],[46.45,-21.68],[46.45,-21.65]],[[45.77,-22.1],[45.77,-22.08],[45.73,-22.06],[45.73,-22.0],[45.66,-22.01],[45.66,-22.18],[45.73,-22.2],[45.73,-22.13],[45.77,-22.1]],[[48.65,-22.25],[48.65,-22.22],[48.58,-22.2],[48.58,-22.23],[48.54,-22.23],[48.54,-22.27],[48.58,-22.27],[48.58,-22.3],[48.65,-22.28],[48.65,-22.25]],[[49.04,-22.55],[49.04,-22.52],[48.97,-22.5],[48.97,-22.6],[49.04,-22.58],[49.04,-22.55]],[[48.94,-22.65],[48.94,-22.6],[48.86,-22.6],[48.86,-22.7],[48.94,-22.7],[48.94,-22.65]],[[49.37,-22.63],[49.33,-22.6],[49.22,-22.6],[49.15,-22.63],[49.15,-22.78],[49.19,-22.8],[49.22,-22.78],[49.3,-22.72],[49.3,-22.7],[49.33,-22.65],[49.37,-22.63]],[[48.76,-22.75],[48.76,-22.7],[48.68,-22.7],[48.65,-22.72],[48.65,-22.78],[48.76,-22.78],[48.76,-22.75]],[[48.65,-22.85],[48.58,-22.8],[48.43,-22.8],[48.36,-22.83],[48.36,-22.92],[48.32,-22.95],[48.32,-23.0],[48.29,-23.0],[48.25,-23.05],[48.18,-23.1],[48.18,-23.2],[48.22,-23.22],[48.29,-23.29],[48.36,-23.3],[48.43,-23.27],[48.43,-23.24],[48.47,-23.2],[48.47,-23.12],[48.54,-23.07],[48.54,-23.02],[48.47,-23.0],[48.47,-22.92],[48.5,-22.9],[48.58,-22.9],[48.58,-22.88],[48.65,-22.87],[48.65,-22.85]],[[49.04,-22.85],[49.01,-22.8],[48.9,-22.8],[48.86,-22.83],[48.86,-22.87],[48.94,-22.9],[48.97,-22.9],[49.04,-22.87],[49.04,-22.85]],[[49.76,-23.05],[49.76,-23.02],[49.73,-23.02],[49.73,-23.0],[49.66,-23.0],[49.66,-23.09],[49.73,-23.1],[49.73,-23.07],[49.76,-23.05]],[[50.05,-23.2],[50.05,-23.14],[50.02,-23.1],[49.98,-23.1],[49.98,-23.15],[49.94,-23.17],[49.94,-23.24],[49.98,-23.25],[49.98,-23.3],[50.05,-23.27],[50.05,-23.2]],[[49.26,-23.86],[49.26,-23.82],[49.22,-23.79],[49.15,-23.8],[49.15,-23.89],[49.22,-23.91],[49.26,-23.89],[49.26,-23.86]],[[47.86,-23.94],[47.86,-23.92],[47.78,-23.91],[47.71,-23.91],[47.68,-23.92],[47.64,-23.96],[47.71,-23.99],[47.78,-24.01],[47.82,-23.97],[47.86,-23.97],[47.86,-23.94]],[[47.64,-24.09],[47.64,-24.01],[47.57,-24.01],[47.57,-24.19],[47.6,-24.21],[47.64,-24.19],[47.64,-24.09]],[[50.05,-24.06],[50.05,-24.02],[49.98,-24.01],[49.94,-24.04],[49.94,-24.07],[49.98,-24.09],[50.05,-24.07],[50.05,-24.06]],[[47.96,-24.36],[47.93,-24.31],[47.86,-24.32],[47.86,-24.37],[47.93,-24.39],[47.96,-24.36]],[[49.26,-24.39],[49.26,-24.34],[49.22,-24.31],[49.15,-24.32],[49.15,-24.47],[49.22,-24.51],[49.22,-24.47],[49.26,-24.46],[49.26,-24.39]]]}},{"type":"Feature","properties":{"precip":10},"geometry":{"type":"Polygon","coordinates":[[[66.97,-12.51],[66.97,-12.43],[67.01,-12.39],[67.11,-12.39],[67.11,-12.43],[67.15,-12.44],[67.15,-12.56],[67.11,-12.59],[67.01,-12.59],[66.97,-12.58],[66.97,-12.51]]]}},{"type":"Feature","properties":{"precip":10},"geometry":{"type":"Polygon","coordinates":[[[27.34,-12.54],[27.37,-12.51],[27.45,-12.51],[27.45,-12.59],[27.37,-12.59],[27.34,-12.54]]]}},{"type":"Feature","properties":{"precip":10},"geometry":{"type":"Polygon","coordinates":[[[93.82,-12.58],[93.82,-12.53],[93.93,-12.51],[94.07,-12.51],[94.15,-12.53],[94.15,-12.56],[94.18,-12.56],[94.18,-12.59],[94.33,-12.59],[94.4,-12.61],[94.43,-12.64],[94.43,-12.68],[94.51,-12.7],[94.58,-12.7],[94.65,-12.71],[94.65,-12.76],[94.76,-12.81],[94.83,-12.81],[94.83,-12.83],[94.87,-12.85],[94.87,-12.95],[94.83,-12.96],[94.83,-12.98],[94.79,-13.0],[94.69,-13.0],[94.65,-13.03],[94.65,-13.06],[94.58,-13.1],[94.58,-13.05],[94.51,-13.0],[94.4,-13.0],[94.33,-12.98],[94.33,-12.93],[94.29,-12.9],[94.18,-12.9],[94.04,-12.83],[94.0,-12.78],[93.93,-12.73],[93.82,-12.63],[93.82,-12.58]]]}},{"type":"Feature","properties":{"precip":10},"geometry":{"type":"Polygon","coordinates":[[[28.17,-12.75],[28.17,-12.63],[28.24,-12.59],[28.31,-12.61],[28.35,-12.64],[28.35,-12.76],[28.38,-12.8],[28.45,-12.83],[28.45,-12.95],[28.42,-12.98],[28.35,-13.0],[28.2,-13.0],[28.17,-13.01],[28.17,-13.1],[28.24,-13.11],[28.24,-13.18],[28.17,-13.2],[28.02,-13.2],[27.95,-13.15],[27.95,-12.96],[27.99,-12.91],[28.02,-12.9],[28.09,-12.9],[28.13,-12.88],[28.13,-12.83],[28.17,-12.8],[28.17,-12.75]]]}},{"type":"Feature","properties":{"precip":10},"geometry":{"type":"Polygon","coordinates":[[[83.85,-12.7],[83.85,-12.66],[83.89,-12.63],[83.96,-12.59],[84.0,-12.59],[84.14,-12.63],[84.14,-12.7],[84.07,-12.71],[84.07,-12.76],[84.1,-12.8],[84.21,-12.8],[84.25,-12.81],[84.43,-12.81],[84.46,-12.83],[84.39,-12.91],[84.36,-12.98],[84.14,-13.15],[84.0,-13.2],[83.96,-13.21],[83.96,-13.25],[83.89,-13.26],[83.89,-13.3],[83.89,-13.26],[83.85,-13.23],[83.74,-13.2],[83.71,-13.2],[83.64,-13.18],[83.64,-13.11],[83.74,-13.08],[83.74,-12.93],[83.64,-12.9],[83.56,-12.93],[83.56,-13.03],[83.49,-13.05],[83.49,-13.08],[83.46,-13.1],[82.95,-13.1],[82.84,-13.05],[82.88,-13.0],[83.06,-13.0],[83.13,-12.96],[83.13,-12.93],[83.13,-12.9],[83.06,-12.9],[83.06,-12.83],[83.1,-12.83],[83.13,-12.81],[83.46,-12.81],[83.56,-12.8],[83.74,-12.8],[83.82,-12.78],[83.85,-12.75],[83.85,-12.7]]]}},{"type":"Feature","properties":{"precip":10},"geometry":{"type":"Polygon","coordinates":[[[24.86,-12.75],[24.86,-12.71],[24.93,-12.7],[25.0,-12.7],[25.04,-12.71],[25.04,-12.8],[24.93,-12.8],[24.86,-12.78],[24.86,-12.75]]]}},{"type":"Feature","properties":{"precip":10},"geometry":{"type":"Polygon","coordinates":[[[32.45,-12.75],[32.45,-12.71],[32.52,-12.7],[32.56,-12.71],[32.56,-12.78],[32.49,-12.81],[32.45,-12.8],[32.45,-12.75]]]}},{"type":"Feature","properties":{"precip":10},"geometry":{"type":"Polygon","coordinates":[[[67.55,-12.85],[67.55,-12.75],[67.58,-12.7],[67.65,-12.73],[67.73,-12.81],[67.73,-12.85],[67.76,-12.88],[67.76,-12.93],[67.73,-12.98],[67.65,-13.0],[67.58,-12.98],[67.58,-12.95],[67.55,-12.93],[67.55,-12.85]]]}},{"type":"Feature","properties":{"precip":10},"geometry":{"type":"Polygon","coordinates":[[[19.85,-12.85],[19.85,-12.83],[19.92,-12.81],[19.96,-12.83],[19.96,-12.88],[19.92,-12.9],[19.85,-12.88],[19.85,-12.85]]]}},{"type":"Feature","properties":{"precip":10},"geometry":{"type":"Polygon","coordinates":[[[77.16,-12.85],[77.16,-12.83],[77.16,-12.81],[77.3,-12.81],[77.37,-12.85],[77.3,-12.9],[77.16,-12.9],[77.16,-12.88],[77.16,-12.85]]]}},{"type":"Feature","properties":{"precip":10},"geometry":{"type":"Polygon","coordinates":[[[18.45,-12.95],[18.48,-12.9],[18.52,-12.9],[18.56,-12.93],[18.56,-12.98],[18.48,-13.0],[18.45,-12.98],[18.45,-12.95]]]}},{"type":"Feature","properties":{"precip":10},"geometry":{"type":"Polygon","coordinates":[[[25.11,-12.98],[25.18,-12.93],[25.18,-12.91],[25.25,-12.91],[25.25,-12.98],[25.29,-12.98],[25.32,-13.0],[25.43,-13.0],[25.47,-13.03],[25.4,-13.1],[25.32,-13.18],[25.25,-13.23],[25.18,-13.28],[25.14,-13.3],[25.07,-13.28],[25.07,-13.2],[25.14,-13.16],[25.14,-13.13],[25.07,-13.1],[25.07,-13.0],[25.11,-12.98]]]}},{"type":"Feature","properties":{"precip":10},"geometry":{"type":"Polygon","coordinates":[[[30.47,-12.93],[30.47,-12.91],[30.54,-12.91],[30.58,-12.9],[30.72,-12.9],[30.76,-12.91],[30.83,-12.91],[30.87,-12.93],[30.83,-12.95],[30.83,-12.98],[30.76,-13.03],[30.76,-13.06],[30.69,-13.1],[30.61,-13.1],[30.47,-12.98],[30.47,-12.93]]]}},{"type":"Feature","properties":{"precip":10},"geometry":{"type":"Polygon","coordinates":[[[32.45,-12.95],[32.45,-12.91],[32.52,-12.9],[32.56,-12.93],[32.56,-12.98],[32.49,-13.0],[32.45,-12.98],[32.45,-12.95]]]}},{"type":"Feature","properties":{"precip":10},"geometry":{"type":"Polygon","coordinates":[[[34.25,-13.0],[34.25,-12.96],[34.29,-12.91],[34.36,-12.9],[34.47,-12.9],[34.54,-12.93],[34.54,-13.0],[34.47,-13.01],[34.47,-13.08],[34.54,-13.13],[34.54,-13.18],[34.5,-13.2],[34.47,-13.26],[34.39,-13.28],[34.36,-13.28],[34.36,-13.13],[34.29,-13.08],[34.25,-13.08],[34.25,-13.0]]]}},{"type":"Feature","properties":{"precip":10},"geometry":{"type":"Polygon","coordinates":[[[16.47,-13.05],[16.47,-13.0],[16.54,-13.0],[16.54,-13.1],[16.47,-13.1],[16.47,-13.05]]]}},{"type":"Feature","properties":{"precip":10},"geometry":{"type":"Polygon","coordinates":[[[28.96,-13.05],[28.96,-13.0],[29.03,-13.0],[29.03,-13.03],[29.07,-13.03],[29.07,-13.06],[29.03,-13.06],[29.03,-13.1],[28.96,-13.1],[28.96,-13.05]]]}},{"type":"Feature","properties":{"precip":10},"geometry":{"type":"Polygon","coordinates":[[[31.8,-13.18],[32.02,-13.0],[32.05,-13.01],[32.05,-13.21],[31.98,-13.31],[31.91,-13.38],[31.91,-13.41],[31.87,-13.43],[31.87,-13.46],[31.84,-13.48],[31.84,-13.6],[31.77,-13.6],[31.77,-13.48],[31.73,-13.46],[31.73,-13.41],[31.69,-13.4],[31.69,-13.31],[31.73,-13.28],[31.73,-13.26],[31.8,-13.18]]]}},{"type":"Feature","properties":{"precip":10},"geometry":{"type":"Polygon","coordinates":[[[35.04,-13.05],[35.08,-13.0],[35.15,-13.01],[35.15,-13.08],[35.08,-13.1],[35.04,-13.05]]]}},{"type":"Feature","properties":{"precip":10},"geometry":{"type":"Polygon","coordinates":[[[67.37,-13.05],[67.37,-13.0],[67.44,-13.0],[67.44,-13.1],[67.37,-13.1],[67.37,-13.05]]]}},{"type":"Feature","properties":{"precip":10},"geometry":{"type":"Polygon","coordinates":[[[82.12,-13.08],[82.2,-13.03],[82.27,-13.0],[82.38,-13.0],[82.45,-13.03],[82.45,-13.08],[82.38,-13.1],[82.34,-13.1],[82.34,-13.11],[82.27,-13.11],[82.27,-13.15],[82.2,-13.2],[82.09,-13.2],[82.02,-13.18],[82.02,-13.15],[82.09,-13.13],[82.09,-13.11],[82.12,-13.08]]]}},{"type":"Feature","properties":{"precip":10},"geometry":{"type":"Polygon","coordinates":[[[23.85,-13.15],[23.88,-13.11],[23.96,-13.1],[23.96,-13.11],[24.03,-13.11],[24.03,-13.13],[24.06,-13.13],[23.99,-13.2],[23.92,-13.2],[23.85,-13.16],[23.85,-13.15]]]}},{"type":"Feature","properties":{"precip":10},"geometry":{"type":"Polygon","coordinates":[[[24.46,-13.13],[24.5,-13.11],[24.53,-13.13],[24.6,-13.18],[24.6,-13.21],[24.64,-13.23],[24.64,-13.28],[24.53,-13.25],[24.46,-13.18],[24.46,-13.13]]]}},{"type":"Feature","properties":{"precip":10},"geometry":{"type":"Polygon","coordinates":[[[27.27,-13.15],[27.27,-13.11],[27.34,-13.11],[27.34,-13.15],[27.41,-13.2],[27.48,-13.2],[27.55,-13.25],[27.55,-13.45],[27.52,-13.46],[27.52,-13.5],[27.45,-13.51],[27.45,-13.58],[27.48,-13.58],[27.52,-13.6],[27.59,-13.6],[27.66,-13.63],[27.66,-13.67],[27.59,-13.7],[27.59,-13.73],[27.55,-13.75],[27.55,-13.95],[27.52,-13.97],[27.52,-14.0],[27.48,-14.0],[27.48,-13.97],[27.45,-13.95],[27.45,-13.82],[27.37,-13.8],[27.37,-13.77],[27.34,-13.75],[27.34,-13.67],[27.27,-13.57],[27.16,-13.46],[27.09,-13.43],[26.94,-13.4],[26.8,-13.4],[26.76,-13.36],[26.76,-13.21],[26.83,-13.2],[26.83,-13.25],[26.87,-13.26],[26.87,-13.28],[26.98,-13.3],[26.98,-13.28],[27.05,-13.28],[27.05,-13.23],[27.12,-13.2],[27.19,-13.2],[27.27,-13.15]],[[27.45,-13.35],[27.45,-13.3],[27.37,-13.3],[27.34,-13.33],[27.34,-13.36],[27.37,-13.4],[27.45,-13.4],[27.45,-13.35]]]}},{"type":"Feature","properties":{"precip":10},"geometry":{"type":"Polygon","coordinates":[[[29.46,-13.15],[29.46,-13.11],[29.53,-13.11],[29.53,-13.2],[29.46,-13.18],[29.46,-13.15]]]}},{"type":"Feature","properties":{"precip":10},"geometry":{"type":"Polygon","coordinates":[[[79.86,-13.15],[79.86,-13.13],[79.96,-13.1],[79.96,-13.11],[80.04,-13.11],[80.04,-13.18],[80.0,-13.2],[79.89,-13.2],[79.86,-13.18],[79.86,-13.15]]]}},{"type":"Feature","properties":{"precip":10},"geometry":{"type":"Polygon","coordinates":[[[85.94,-13.2],[85.97,-13.15],[85.97,-13.13],[86.05,-13.1],[86.08,-13.11],[86.12,-13.11],[86.12,-13.13],[86.12,-13.16],[86.12,-13.2],[86.01,-13.28],[85.94,-13.25],[85.94,-13.2]]]}},{"type":"Feature","properties":{"precip":10},"geometry":{"type":"Polygon","coordinates":[[[23.16,-13.23],[23.16,-13.21],[23.24,-13.2],[23.42,-13.2],[23.49,-13.21],[23.56,-13.25],[23.56,-13.28],[23.63,-13.3],[23.7,-13.3],[23.74,-13.31],[23.74,-13.38],[23.7,-13.4],[23.63,-13.4],[23.56,-13.43],[23.56,-13.57],[23.49,-13.6],[23.49,-13.58],[23.45,-13.58],[23.45,-13.45],[23.42,-13.41],[23.34,-13.4],[23.27,-13.36],[23.16,-13.28],[23.16,-13.23]]]}},{"type":"Feature","properties":{"precip":10},"geometry":{"type":"Polygon","coordinates":[[[27.73,-13.25],[27.77,-13.25],[27.77,-13.2],[27.84,-13.21],[27.84,-13.28],[27.77,-13.28],[27.77,-13.26],[27.73,-13.25]]]}},{"type":"Feature","properties":{"precip":10},"geometry":{"type":"Polygon","coordinates":[[[29.03,-13.28],[29.03,-13.25],[29.17,-13.2],[29.21,-13.2],[29.25,-13.23],[29.25,-13.28],[29.17,-13.3],[29.14,-13.33],[29.14,-13.36],[29.17,-13.36],[29.21,-13.4],[29.28,-13.4],[29.35,-13.41],[29.35,-13.45],[29.28,-13.55],[29.21,-13.6],[29.17,-13.63],[29.1,-13.67],[29.07,-13.7],[28.99,-13.7],[28.96,-13.68],[28.96,-13.62],[29.03,-13.57],[29.07,-13.55],[29.03,-13.51],[28.99,-13.51],[28.99,-13.48],[28.96,-13.48],[28.96,-13.35],[28.99,-13.33],[28.99,-13.28],[29.03,-13.28]]]}},{"type":"Feature","properties":{"precip":10},"geometry":{"type":"Polygon","coordinates":[[[78.85,-13.23],[78.92,-13.2],[79.03,-13.2],[79.14,-13.21],[79.14,-13.28],[79.17,-13.3],[79.14,-13.33],[79.14,-13.36],[79.1,-13.4],[79.03,-13.4],[78.96,-13.36],[78.92,-13.31],[78.88,-13.3],[78.88,-13.26],[78.85,-13.23]]]}},{"type":"Feature","properties":{"precip":10},"geometry":{"type":"Polygon","coordinates":[[[86.44,-13.25],[86.48,-13.23],[86.48,-13.2],[86.55,-13.21],[86.55,-13.28],[86.48,-13.3],[86.48,-13.28],[86.44,-13.28],[86.44,-13.25]]]}},{"type":"Feature","properties":{"precip":10},"geometry":{"type":"Polygon","coordinates":[[[25.61,-13.38],[25.68,-13.31],[25.72,-13.3],[25.79,-13.3],[25.86,-13.35],[25.86,-13.41],[25.83,-13.45],[25.83,-13.5],[25.75,-13.57],[25.65,-13.6],[25.58,-13.58],[25.54,-13.53],[25.54,-13.48],[25.58,-13.45],[25.58,-13.41],[25.61,-13.38]]]}},{"type":"Feature","properties":{"precip":10},"geometry":{"type":"Polygon","coordinates":[[[67.15,-13.33],[67.19,-13.3],[67.29,-13.3],[67.37,-13.35],[67.37,-13.46],[67.4,-13.5],[67.51,-13.5],[67.55,-13.53],[67.55,-13.65],[67.58,-13.68],[67.65,-13.7],[67.73,-13.73],[67.76,-13.77],[67.76,-13.82],[67.73,-13.85],[67.73,-13.9],[67.69,-13.93],[67.62,-13.97],[67.55,-13.97],[67.55,-13.93],[67.47,-13.87],[67.4,-13.8],[67.37,-13.8],[67.37,-13.92],[67.33,-13.93],[67.33,-13.98],[67.29,-14.0],[67.29,-14.03],[67.26,-14.05],[67.08,-14.1],[67.04,-14.1],[66.97,-14.07],[66.97,-14.0],[67.04,-13.98],[67.04,-13.88],[67.08,-13.87],[67.08,-13.82],[67.11,-13.8],[67.19,-13.8],[67.22,-13.78],[67.29,-13.73],[67.29,-13.7],[67.37,-13.62],[67.37,-13.58],[67.33,-13.57],[67.33,-13.51],[67.22,-13.43],[67.19,-13.41],[67.19,-13.38],[67.15,-13.36],[67.15,-13.33]],[[67.65,-13.85],[67.65,-13.82],[67.58,-13.8],[67.55,-13.82],[67.55,-13.88],[67.62,-13.9],[67.65,-13.9],[67.65,-13.85]]]}},{"type":"Feature","properties":{"precip":10},"geometry":{"type":"Polygon","coordinates":[[[37.56,-13.45],[37.56,-13.41],[37.63,-13.41],[37.67,-13.45],[37.63,-13.46],[37.63,-13.5],[37.56,-13.48],[37.56,-13.45]]]}},{"type":"Feature","properties":{"precip":10},"geometry":{"type":"Polygon","coordinates":[[[65.46,-13.55],[65.46,-13.43],[65.53,-13.4],[65.57,-13.4],[65.64,-13.43],[65.64,-13.51],[65.67,-13.55],[65.67,-13.6],[65.75,-13.6],[65.75,-13.53],[65.82,-13.5],[65.89,-13.5],[65.93,-13.51],[65.96,-13.57],[66.03,-13.6],[66.03,-13.57],[66.11,-13.51],[66.18,-13.5],[66.32,-13.5],[66.39,-13.51],[66.47,-13.55],[66.47,-13.58],[66.43,-13.58],[66.43,-13.6],[66.39,-13.6],[66.36,-13.63],[66.36,-13.75],[66.25,-13.8],[66.07,-13.8],[66.0,-13.77],[65.96,-13.77],[65.96,-13.75],[65.89,-13.72],[65.82,-13.72],[65.78,-13.7],[65.71,-13.7],[65.6,-13.72],[65.57,-13.73],[65.57,-13.85],[65.53,-13.87],[65.53,-13.9],[65.49,-13.88],[65.42,-13.82],[65.39,-13.8],[65.39,-13.75],[65.35,-13.75],[65.39,-13.72],[65.42,-13.72],[65.42,-13.65],[65.46,-13.63],[65.46,-13.55]]]}},{"type":"Feature","properties":{"precip":10},"geometry":{"type":"Polygon","coordinates":[[[30.54,-13.65],[30.54,-13.6],[30.58,-13.57],[30.58,-13.5],[30.65,-13.51],[30.65,-13.58],[30.69,-13.6],[30.76,-13.6],[30.9,-13.6],[30.94,-13.62],[30.94,-13.75],[31.01,-13.8],[31.08,-13.75],[31.08,-13.7],[31.12,-13.7],[31.12,-13.75],[31.15,-13.77],[31.23,-13.8],[31.3,-13.8],[31.33,-13.83],[31.33,-13.88],[31.37,-13.9],[31.37,-13.98],[31.41,-14.0],[31.48,-14.0],[31.55,-14.05],[31.55,-14.39],[31.59,-14.45],[31.59,-14.49],[31.62,-14.5],[31.62,-14.52],[31.69,-14.57],[31.69,-14.6],[31.73,-14.62],[31.73,-14.69],[31.66,-14.65],[31.62,-14.62],[31.59,-14.6],[31.59,-14.57],[31.55,-14.54],[31.48,-14.5],[31.48,-14.55],[31.44,-14.55],[31.44,-14.59],[31.41,-14.6],[31.33,-14.6],[31.3,-14.62],[31.15,-14.74],[31.15,-14.75],[31.08,-14.79],[31.05,-14.75],[31.05,-14.72],[30.97,-14.7],[30.87,-14.7],[30.79,-14.67],[30.76,-14.67],[30.76,-14.64],[30.72,-14.6],[30.65,-14.6],[30.54,-14.55],[30.54,-14.52],[30.47,-14.47],[30.47,-14.37],[30.43,-14.35],[30.43,-14.33],[30.4,-14.3],[30.29,-14.3],[30.29,-14.27],[30.25,-14.25],[30.25,-14.13],[30.22,-14.1],[30.18,-14.1],[30.18,-14.07],[30.15,-14.05],[30.15,-13.95],[30.22,-13.9],[30.4,-13.9],[30.47,-13.9],[30.58,-13.9],[30.65,-13.87],[30.65,-13.82],[30.58,-13.8],[30.58,-13.75],[30.54,-13.72],[30.54,-13.65]]]}},{"type":"Feature","properties":{"precip":10},"geometry":{"type":"Polygon","coordinates":[[[38.21,-13.58],[38.28,-13.53],[38.43,-13.5],[38.5,-13.51],[38.61,-13.6],[38.64,-13.65],[38.64,-13.78],[38.57,-13.77],[38.5,-13.68],[38.46,-13.67],[38.46,-13.63],[38.39,-13.62],[38.35,-13.63],[38.35,-13.67],[38.32,-13.7],[38.17,-13.7],[38.17,-13.6],[38.21,-13.58]]]}},{"type":"Feature","properties":{"precip":10},"geometry":{"type":"Polygon","coordinates":[[[39.87,-13.55],[39.87,-13.51],[39.94,-13.5],[39.94,-13.6],[39.87,-13.6],[39.87,-13.55]]]}},{"type":"Feature","properties":{"precip":10},"geometry":{"type":"Polygon","coordinates":[[[80.25,-13.55],[80.25,-13.51],[80.32,-13.5],[80.36,-13.51],[80.36,-13.58],[80.29,-13.6],[80.25,-13.63],[80.25,-13.77],[80.22,-13.8],[80.14,-13.77],[80.14,-13.73],[80.07,-13.72],[80.07,-13.75],[80.04,-13.78],[79.96,-13.77],[79.96,-13.75],[79.89,-13.72],[79.86,-13.7],[79.78,-13.7],[79.75,-13.67],[79.75,-13.63],[79.86,-13.6],[80.07,-13.6],[80.11,-13.6],[80.14,-13.6],[80.25,-13.58],[80.25,-13.55]]]}},{"type":"Feature","properties":{"precip":10},"geometry":{"type":"Polygon","coordinates":[[[80.47,-13.55],[80.47,-13.5],[80.54,-13.5],[80.54,-13.6],[80.5,-13.6],[80.47,-13.6],[80.47,-13.55]]]}},{"type":"Feature","properties":{"precip":10},"geometry":{"type":"Polygon","coordinates":[[[80.65,-13.55],[80.72,-13.51],[80.76,-13.51],[80.83,-13.5],[81.08,-13.5],[81.12,-13.51],[81.15,-13.51],[81.26,-13.55],[81.26,-13.57],[81.15,-13.6],[81.08,-13.6],[81.01,-13.6],[80.9,-13.6],[80.83,-13.6],[80.76,-13.6],[80.65,-13.57],[80.65,-13.55]]]}},{"type":"Feature","properties":{"precip":10},"geometry":{"type":"Polygon","coordinates":[[[35.55,-13.65],[35.58,-13.6],[35.73,-13.6],[35.76,-13.63],[35.76,-13.67],[35.73,-13.7],[35.58,-13.7],[35.55,-13.65]]]}},{"type":"Feature","properties":{"precip":10},"geometry":{"type":"Polygon","coordinates":[[[39.07,-13.72],[39.15,-13.67],[39.15,-13.63],[39.22,-13.6],[39.25,-13.62],[39.25,-13.77],[39.33,-13.8],[39.33,-13.83],[39.36,-13.85],[39.36,-13.98],[39.43,-14.0],[39.43,-14.03],[39.47,-14.05],[39.4,-14.08],[39.33,-14.08],[39.29,-14.1],[39.11,-14.1],[39.07,-14.08],[38.97,-14.07],[38.97,-14.05],[38.89,-14.0],[38.82,-14.0],[38.75,-13.95],[38.75,-13.9],[38.79,-13.85],[38.79,-13.8],[38.86,-13.73],[38.93,-13.72],[38.93,-13.75],[38.97,-13.75],[38.97,-13.78],[39.04,-13.78],[39.07,-13.75],[39.07,-13.72]]]}},{"type":"Feature","properties":{"precip":10},"geometry":{"type":"Polygon","coordinates":[[[88.6,-13.65],[88.67,-13.63],[88.67,-13.6],[88.75,-13.6],[88.75,-13.67],[88.78,-13.67],[88.82,-13.7],[88.96,-13.7],[89.03,-13.73],[89.03,-13.77],[89.07,-13.8],[89.07,-13.97],[89.11,-14.0],[89.21,-14.0],[89.29,-14.02],[89.43,-14.13],[89.47,-14.18],[89.47,-14.23],[89.43,-14.27],[89.36,-14.3],[89.18,-14.3],[89.07,-14.27],[89.03,-14.23],[89.03,-14.2],[88.96,-14.2],[88.85,-14.2],[88.78,-14.17],[88.71,-14.1],[88.67,-14.05],[88.67,-14.03],[88.6,-13.98],[88.6,-13.93],[88.6,-13.9],[88.49,-13.9],[88.35,-13.88],[88.35,-13.85],[88.35,-13.75],[88.35,-13.73],[88.46,-13.7],[88.6,-13.7],[88.6,-13.68],[88.6,-13.65]]]}},{"type":"Feature","properties":{"precip":10},"geometry":{"type":"Polygon","coordinates":[[[11.75,-13.75],[11.75,-13.73],[11.79,-13.7],[11.82,-13.7],[11.93,-13.73],[12.04,-13.82],[12.04,-13.88],[11.97,-13.92],[11.97,-14.0],[11.93,-14.03],[11.93,-14.08],[11.9,-14.1],[11.86,-14.08],[11.86,-14.03],[11.79,-14.0],[11.75,-14.0],[11.68,-13.97],[11.57,-13.88],[11.57,-13.85],[11.54,-13.82],[11.57,-13.8],[11.68,-13.8],[11.75,-13.75]]]}},{"type":"Feature","properties":{"precip":10},"geometry":{"type":"Polygon","coordinates":[[[32.56,-13.85],[32.56,-13.73],[32.59,-13.7],[32.63,-13.7],[32.63,-13.75],[32.67,-13.75],[32.67,-13.88],[32.74,-13.9],[32.81,-13.9],[32.85,-13.92],[32.85,-14.0],[32.77,-14.02],[32.74,-14.05],[32.74,-14.1],[32.77,-14.13],[32.77,-14.18],[32.85,-14.25],[32.88,-14.27],[32.92,-14.32],[32.92,-14.35],[32.95,-14.37],[32.95,-14.55],[32.92,-14.6],[32.81,-14.5],[32.74,-14.45],[32.67,-14.4],[32.63,-14.4],[32.56,-14.37],[32.56,-14.35],[32.49,-14.32],[32.41,-14.3],[32.27,-14.3],[32.16,-14.27],[32.16,-14.2],[32.27,-14.15],[32.16,-14.1],[32.16,-14.05],[32.27,-14.0],[32.45,-14.0],[32.52,-13.97],[32.56,-13.93],[32.56,-13.85]]]}},{"type":"Feature","properties":{"precip":10},"geometry":{"type":"Polygon","coordinates":[[[37.71,-13.77],[37.74,-13.75],[37.85,-13.72],[37.92,-13.72],[37.96,-13.7],[38.03,-13.73],[38.07,-13.75],[38.07,-13.78],[38.1,-13.8],[38.21,-13.8],[38.25,-13.82],[38.25,-13.88],[38.21,-13.9],[38.17,-13.93],[38.1,-13.98],[37.96,-13.87],[37.92,-13.82],[37.85,-13.83],[37.85,-13.88],[37.81,-13.88],[37.74,-13.9],[37.67,-13.9],[37.67,-13.83],[37.71,-13.8],[37.71,-13.77]]]}},{"type":"Feature","properties":{"precip":10},"geometry":{"type":"Polygon","coordinates":[[[78.42,-13.75],[78.42,-13.72],[78.52,-13.7],[78.52,-13.73],[78.52,-13.77],[78.52,-13.78],[78.42,-13.78],[78.42,-13.75]]]}},{"type":"Feature","properties":{"precip":10},"geometry":{"type":"Polygon","coordinates":[[[78.85,-13.75],[78.85,-13.73],[78.88,-13.7],[78.96,-13.72],[78.96,-13.78],[78.92,-13.8],[78.85,-13.77],[78.85,-13.75]]]}},{"type":"Feature","properties":{"precip":10},"geometry":{"type":"Polygon","coordinates":[[[28.24,-13.9],[28.24,-13.87],[28.27,-13.85],[28.27,-13.8],[28.35,-13.8],[28.35,-13.87],[28.42,-13.9],[28.49,-13.9],[28.56,-13.93],[28.56,-13.98],[28.6,-14.0],[28.67,-14.0],[28.74,-14.03],[28.78,-14.05],[28.81,-14.12],[28.92,-14.2],[29.07,-14.2],[29.1,-14.2],[29.17,-14.2],[29.25,-14.23],[29.32,-14.3],[29.32,-14.32],[29.43,-14.4],[29.5,-14.4],[29.53,-14.44],[29.53,-14.57],[29.5,-14.6],[29.43,-14.6],[29.35,-14.59],[29.35,-14.52],[29.32,-14.5],[29.25,-14.5],[29.21,-14.5],[29.14,-14.5],[29.03,-14.55],[29.03,-14.59],[28.96,-14.57],[28.92,-14.52],[28.89,-14.5],[28.89,-14.49],[28.85,-14.47],[28.85,-14.44],[28.92,-14.4],[28.96,-14.37],[28.96,-14.35],[28.89,-14.3],[28.81,-14.3],[28.78,-14.28],[28.78,-14.25],[28.74,-14.23],[28.74,-14.13],[28.67,-14.1],[28.53,-14.1],[28.45,-14.13],[28.45,-14.25],[28.38,-14.3],[28.24,-14.3],[28.17,-14.27],[28.17,-14.2],[28.2,-14.18],[28.24,-14.18],[28.24,-14.12],[28.17,-14.08],[28.17,-14.03],[28.24,-13.98],[28.24,-13.9]]]}},{"type":"Feature","properties":{"precip":10},"geometry":{"type":"Polygon","coordinates":[[[35.04,-13.95],[35.11,-13.9],[35.22,-13.9],[35.26,-13.93],[35.26,-13.97],[35.22,-14.0],[35.11,-14.0],[35.04,-13.95]]]}},{"type":"Feature","properties":{"precip":10},"geometry":{"type":"Polygon","coordinates":[[[31.84,-14.05],[31.87,-14.03],[31.87,-14.0],[31.95,-14.02],[31.95,-14.08],[31.87,-14.1],[31.87,-14.07],[31.84,-14.05]]]}},{"type":"Feature","properties":{"precip":10},"geometry":{"type":"Polygon","coordinates":[[[39.94,-14.05],[40.01,-14.0],[40.08,-14.0],[40.15,-14.03],[40.15,-14.07],[40.08,-14.1],[40.01,-14.1],[39.94,-14.05]]]}},{"type":"Feature","properties":{"precip":10},"geometry":{"type":"Polygon","coordinates":[[[76.9,-14.2],[76.9,-14.12],[76.98,-14.08],[76.98,-14.0],[77.05,-14.03],[77.12,-14.12],[77.12,-14.15],[77.16,-14.18],[77.16,-14.22],[77.12,-14.25],[77.12,-14.28],[77.05,-14.35],[77.05,-14.37],[76.98,-14.4],[76.98,-14.32],[76.9,-14.28],[76.9,-14.2]]]}},{"type":"Feature","properties":{"precip":10},"geometry":{"type":"Polygon","coordinates":[[[29.46,-14.15],[29.46,-14.1],[29.53,-14.1],[29.53,-14.2],[29.46,-14.2],[29.46,-14.15]]]}},{"type":"Feature","properties":{"precip":10},"geometry":{"type":"Polygon","coordinates":[[[35.04,-14.15],[35.08,-14.12],[35.15,-14.1],[35.37,-14.1],[35.44,-14.13],[35.44,-14.17],[35.55,-14.2],[35.65,-14.23],[35.65,-14.32],[35.62,-14.35],[35.62,-14.4],[35.55,-14.49],[35.47,-14.5],[35.47,-14.47],[35.44,-14.44],[35.37,-14.4],[35.26,-14.4],[35.19,-14.39],[35.19,-14.35],[35.15,-14.35],[35.15,-14.22],[35.11,-14.22],[35.11,-14.2],[35.04,-14.17],[35.04,-14.15]]]}},{"type":"Feature","properties":{"precip":10},"geometry":{"type":"Polygon","coordinates":[[[36.81,-14.18],[36.84,-14.15],[36.95,-14.1],[37.02,-14.1],[37.06,-14.12],[37.06,-14.15],[36.99,-14.2],[36.99,-14.23],[36.88,-14.3],[36.77,-14.3],[36.77,-14.23],[36.81,-14.2],[36.81,-14.18]]]}},{"type":"Feature","properties":{"precip":10},"geometry":{"type":"Polygon","coordinates":[[[76.76,-14.15],[76.76,-14.1],[76.8,-14.1],[76.87,-14.13],[76.87,-14.17],[76.8,-14.2],[76.76,-14.2],[76.76,-14.15]]]}},{"type":"Feature","properties":{"precip":10},"geometry":{"type":"Polygon","coordinates":[[[36.45,-14.3],[36.45,-14.25],[36.48,-14.23],[36.48,-14.2],[36.55,-14.2],[36.63,-14.2],[36.63,-14.23],[36.66,-14.25],[36.66,-14.35],[36.63,-14.35],[36.63,-14.39],[36.59,-14.4],[36.52,-14.4],[36.48,-14.39],[36.48,-14.35],[36.45,-14.35],[36.45,-14.3]]]}},{"type":"Feature","properties":{"precip":10},"geometry":{"type":"Polygon","coordinates":[[[37.2,-14.27],[37.24,-14.23],[37.31,-14.2],[37.35,-14.2],[37.35,-14.37],[37.27,-14.4],[37.2,-14.4],[37.17,-14.39],[37.17,-14.33],[37.2,-14.32],[37.2,-14.27]]]}},{"type":"Feature","properties":{"precip":10},"geometry":{"type":"Polygon","coordinates":[[[52.36,-14.22],[52.36,-14.2],[52.43,-14.2],[52.46,-14.2],[52.54,-14.22],[52.54,-14.4],[52.46,-14.35],[52.39,-14.3],[52.39,-14.27],[52.36,-14.25],[52.36,-14.22]]]}},{"type":"Feature","properties":{"precip":10},"geometry":{"type":"Polygon","coordinates":[[[77.84,-14.25],[77.88,-14.2],[77.91,-14.2],[77.91,-14.27],[77.84,-14.35],[77.73,-14.4],[77.66,-14.37],[77.66,-14.33],[77.73,-14.3],[77.8,-14.3],[77.84,-14.28],[77.84,-14.25]]]}},{"type":"Feature","properties":{"precip":10},"geometry":{"type":"Polygon","coordinates":[[[13.16,-14.35],[13.16,-14.33],[13.23,-14.3],[13.3,-14.3],[13.34,-14.32],[13.34,-14.39],[13.23,-14.4],[13.23,-14.39],[13.16,-14.37],[13.16,-14.35]]]}},{"type":"Feature","properties":{"precip":10},"geometry":{"type":"Polygon","coordinates":[[[18.74,-14.4],[18.74,-14.37],[18.77,-14.35],[18.77,-14.32],[18.84,-14.3],[18.99,-14.3],[19.06,-14.35],[19.06,-14.49],[19.1,-14.49],[19.1,-14.5],[19.13,-14.5],[19.13,-14.57],[19.1,-14.6],[19.06,-14.65],[18.95,-14.69],[18.88,-14.69],[18.84,-14.65],[18.84,-14.5],[18.77,-14.5],[18.77,-14.45],[18.74,-14.4]]]}},{"type":"Feature","properties":{"precip":10},"geometry":{"type":"Polygon","coordinates":[[[38.86,-14.35],[38.86,-14.32],[38.89,-14.3],[38.93,-14.32],[38.93,-14.35],[39.07,-14.49],[39.15,-14.49],[39.15,-14.45],[39.18,-14.4],[39.22,-14.4],[39.22,-14.49],[39.18,-14.5],[39.18,-14.52],[39.11,-14.59],[39.11,-14.62],[39.0,-14.67],[38.97,-14.67],[38.97,-14.64],[38.93,-14.6],[38.89,-14.6],[38.86,-14.64],[38.86,-14.75],[38.82,-14.77],[38.82,-14.8],[38.79,-14.8],[38.75,-14.82],[38.75,-14.87],[38.79,-14.87],[38.82,-14.9],[38.89,-14.9],[38.93,-14.92],[38.93,-14.95],[38.97,-14.97],[38.97,-15.04],[38.93,-15.05],[38.93,-15.1],[38.86,-15.07],[38.82,-15.02],[38.79,-15.0],[38.79,-14.95],[38.75,-14.94],[38.64,-14.9],[38.57,-14.9],[38.57,-14.95],[38.53,-14.95],[38.53,-14.99],[38.46,-14.99],[38.46,-15.0],[38.39,-15.0],[38.35,-15.02],[38.35,-15.07],[38.32,-15.07],[38.32,-15.1],[38.28,-15.1],[38.28,-15.02],[38.32,-14.97],[38.35,-14.95],[38.35,-14.94],[38.39,-14.92],[38.39,-14.89],[38.43,-14.87],[38.43,-14.84],[38.46,-14.82],[38.46,-14.74],[38.5,-14.7],[38.64,-14.7],[38.71,-14.67],[38.75,-14.67],[38.75,-14.62],[38.68,-14.6],[38.68,-14.55],[38.64,-14.54],[38.64,-14.47],[38.71,-14.4],[38.79,-14.4],[38.82,-14.37],[38.86,-14.37],[38.86,-14.35]],[[39.04,-14.55],[39.04,-14.5],[39.0,-14.5],[38.97,-14.5],[38.97,-14.59],[39.04,-14.6],[39.04,-14.55]]]}},{"type":"Feature","properties":{"precip":10},"geometry":{"type":"Polygon","coordinates":[[[89.72,-14.35],[89.79,-14.32],[89.86,-14.3],[89.97,-14.3],[90.04,-14.33],[90.04,-14.37],[89.93,-14.4],[89.86,-14.4],[89.86,-14.39],[89.79,-14.39],[89.72,-14.37],[89.72,-14.35]]]}},{"type":"Feature","properties":{"precip":10},"geometry":{"type":"Polygon","coordinates":[[[93.07,-14.35],[93.07,-14.32],[93.14,-14.3],[93.14,-14.39],[93.07,-14.4],[93.07,-14.39],[93.07,-14.35]]]}},{"type":"Feature","properties":{"precip":10},"geometry":{"type":"Polygon","coordinates":[[[93.21,-14.35],[93.28,-14.33],[93.28,-14.3],[93.32,-14.32],[93.32,-14.39],[93.28,-14.4],[93.28,-14.37],[93.21,-14.37],[93.21,-14.35]]]}},{"type":"Feature","properties":{"precip":10},"geometry":{"type":"Polygon","coordinates":[[[12.54,-14.47],[12.62,-14.4],[12.8,-14.4],[12.83,-14.44],[12.83,-14.49],[12.87,-14.5],[12.87,-14.59],[12.94,-14.62],[12.94,-14.67],[12.83,-14.7],[12.72,-14.7],[12.65,-14.74],[12.65,-14.79],[12.69,-14.8],[12.76,-14.8],[12.83,-14.8],[12.83,-14.89],[12.8,-14.9],[12.69,-14.9],[12.65,-14.92],[12.65,-14.97],[12.8,-15.0],[12.87,-15.05],[12.87,-15.1],[12.94,-15.1],[13.05,-15.07],[13.08,-15.04],[13.08,-15.0],[13.12,-14.95],[13.19,-14.94],[13.23,-14.9],[13.3,-14.9],[13.34,-14.89],[13.34,-14.82],[13.23,-14.8],[13.12,-14.8],[13.05,-14.77],[13.05,-14.74],[13.12,-14.7],[13.19,-14.7],[13.34,-14.67],[13.34,-14.6],[13.26,-14.59],[13.26,-14.5],[13.34,-14.5],[13.34,-14.55],[13.44,-14.6],[13.59,-14.6],[13.62,-14.62],[13.62,-14.65],[13.66,-14.67],[13.66,-14.82],[13.62,-14.84],[13.62,-14.89],[13.59,-14.9],[13.52,-14.9],[13.48,-14.92],[13.44,-14.95],[13.44,-15.05],[13.48,-15.07],[13.48,-15.1],[13.52,-15.1],[13.52,-15.12],[13.55,-15.14],[13.55,-15.31],[13.59,-15.34],[13.59,-15.39],[13.66,-15.46],[13.91,-15.51],[14.02,-15.51],[14.13,-15.47],[14.16,-15.42],[14.13,-15.42],[14.13,-15.41],[14.06,-15.39],[14.06,-15.2],[14.13,-15.22],[14.2,-15.27],[14.2,-15.31],[14.24,-15.34],[14.24,-15.41],[14.27,-15.44],[14.27,-15.47],[14.38,-15.57],[14.49,-15.59],[14.56,-15.59],[14.63,-15.62],[14.63,-15.67],[14.67,-15.71],[14.67,-15.77],[14.74,-15.79],[14.74,-15.81],[14.81,-15.81],[14.85,-15.82],[14.85,-15.87],[14.88,-15.87],[14.96,-15.89],[15.14,-15.89],[15.24,-15.92],[15.24,-16.06],[15.28,-16.09],[15.35,-16.09],[15.35,-16.02],[15.42,-16.01],[15.42,-16.02],[15.46,-16.04],[15.46,-16.18],[15.53,-16.21],[15.53,-16.26],[15.57,-16.28],[15.57,-16.38],[15.6,-16.39],[15.75,-16.39],[15.75,-16.41],[15.82,-16.41],[15.86,-16.43],[15.86,-16.48],[15.96,-16.49],[16.07,-16.49],[16.14,-16.51],[16.25,-16.56],[16.32,-16.61],[16.32,-16.63],[16.4,-16.68],[16.43,-16.68],[16.43,-16.64],[16.47,-16.63],[16.54,-16.63],[16.61,-16.71],[16.61,-16.76],[16.65,-16.78],[16.65,-16.91],[16.72,-17.03],[16.79,-17.08],[16.86,-17.16],[16.94,-17.18],[16.94,-17.15],[17.04,-17.1],[17.12,-17.1],[17.19,-17.08],[17.26,-17.06],[17.3,-17.03],[17.3,-17.0],[17.33,-16.93],[17.33,-16.71],[17.26,-16.71],[17.26,-16.86],[17.19,-16.91],[17.15,-16.88],[17.15,-16.78],[17.19,-16.74],[17.19,-16.71],[17.22,-16.64],[17.33,-16.61],[17.4,-16.61],[17.44,-16.59],[17.44,-16.54],[17.51,-16.51],[17.58,-16.51],[17.62,-16.49],[17.91,-16.49],[17.98,-16.48],[18.05,-16.46],[18.05,-16.43],[18.2,-16.39],[18.3,-16.39],[18.38,-16.41],[18.45,-16.44],[18.45,-16.56],[18.48,-16.59],[18.59,-16.59],[18.66,-16.61],[18.92,-16.61],[19.06,-16.63],[19.06,-16.66],[19.13,-16.69],[19.24,-16.69],[19.35,-16.73],[19.35,-16.78],[19.38,-16.78],[19.46,-16.79],[19.56,-16.79],[19.64,-16.81],[19.64,-16.84],[19.67,-16.88],[19.74,-16.91],[19.85,-16.86],[19.85,-16.83],[19.89,-16.81],[19.92,-16.83],[20.0,-16.89],[20.03,-16.93],[20.03,-16.98],[20.07,-17.03],[20.07,-17.08],[20.14,-17.1],[20.32,-17.1],[20.43,-17.13],[20.46,-17.16],[20.54,-17.25],[20.54,-17.4],[20.57,-17.41],[20.57,-17.5],[20.61,-17.5],[20.64,-17.55],[20.64,-17.73],[20.72,-17.8],[20.97,-17.8],[21.04,-17.76],[21.04,-17.73],[21.11,-17.7],[21.18,-17.7],[21.26,-17.73],[21.26,-17.87],[21.33,-17.9],[21.33,-17.87],[21.36,-17.87],[21.36,-17.82],[21.44,-17.8],[21.51,-17.8],[21.54,-17.78],[21.54,-17.71],[21.62,-17.7],[21.65,-17.73],[21.65,-17.85],[21.72,-17.9],[21.8,-17.9],[21.83,-17.95],[21.9,-17.98],[21.9,-18.0],[21.94,-18.02],[21.94,-18.05],[22.01,-18.08],[22.08,-18.1],[22.26,-18.1],[22.34,-18.07],[22.34,-17.61],[22.3,-17.58],[22.26,-17.58],[22.26,-17.46],[22.23,-17.45],[22.23,-17.4],[22.19,-17.38],[22.16,-17.38],[22.16,-17.33],[22.3,-17.21],[22.34,-17.21],[22.34,-17.25],[22.44,-17.3],[22.55,-17.3],[22.62,-17.31],[22.66,-17.35],[22.66,-17.38],[22.73,-17.4],[22.8,-17.4],[22.84,-17.41],[22.84,-17.48],[22.91,-17.58],[22.95,-17.66],[23.02,-17.71],[23.09,-17.8],[23.24,-17.88],[23.31,-17.9],[23.34,-17.93],[23.34,-18.13],[23.38,-18.15],[23.38,-18.2],[23.45,-18.22],[23.45,-18.32],[23.49,-18.38],[23.56,-18.45],[23.7,-18.6],[23.74,-18.63],[23.88,-18.72],[23.99,-18.8],[24.06,-18.85],[24.14,-18.95],[24.21,-19.02],[24.28,-19.05],[24.35,-19.14],[24.5,-19.2],[24.6,-19.2],[24.64,-19.19],[24.64,-19.14],[24.71,-19.1],[24.82,-19.1],[24.86,-19.14],[24.86,-19.27],[24.89,-19.3],[24.96,-19.27],[24.96,-19.24],[25.0,-19.22],[25.04,-19.22],[25.07,-19.27],[25.07,-19.3],[25.14,-19.25],[25.14,-18.9],[25.18,-18.82],[25.22,-18.8],[25.32,-18.92],[25.32,-18.94],[25.4,-18.97],[25.43,-19.0],[25.5,-19.0],[25.54,-19.02],[25.54,-19.05],[25.58,-19.05],[25.58,-19.09],[25.65,-19.09],[25.65,-19.1],[25.72,-19.1],[25.75,-19.14],[25.75,-19.27],[25.79,-19.3],[25.86,-19.27],[25.86,-19.22],[25.93,-19.22],[25.93,-19.24],[25.97,-19.27],[26.04,-19.25],[26.08,-19.22],[26.15,-19.14],[26.22,-19.05],[26.22,-19.0],[26.26,-18.94],[26.26,-18.17],[26.29,-18.15],[26.29,-18.1],[26.33,-18.08],[26.33,-17.93],[26.37,-17.87],[26.37,-17.55],[26.4,-17.55],[26.4,-17.5],[26.51,-17.4],[26.55,-17.41],[26.55,-17.56],[26.58,-17.6],[26.65,-17.56],[26.65,-17.55],[26.69,-17.55],[26.69,-17.5],[26.76,-17.45],[26.76,-17.41],[26.83,-17.4],[26.83,-17.5],[26.87,-17.55],[26.87,-17.58],[26.94,-17.61],[26.94,-17.78],[26.98,-17.83],[26.98,-17.87],[27.01,-17.92],[27.09,-17.98],[27.16,-18.0],[27.19,-18.0],[27.34,-18.13],[27.34,-18.18],[27.3,-18.2],[27.23,-18.2],[27.19,-18.22],[27.09,-18.3],[27.09,-18.33],[27.05,-18.38],[27.05,-18.45],[27.12,-18.5],[27.23,-18.5],[27.23,-18.57],[27.19,-18.6],[27.19,-18.62],[27.12,-18.69],[27.09,-18.7],[27.05,-18.69],[27.05,-18.55],[27.01,-18.53],[27.01,-18.5],[26.98,-18.48],[26.98,-18.45],[26.91,-18.4],[26.87,-18.38],[26.87,-18.32],[26.83,-18.3],[26.83,-18.22],[26.69,-18.1],[26.69,-18.07],[26.65,-18.03],[26.65,-17.92],[26.62,-17.87],[26.62,-17.83],[26.58,-17.8],[26.58,-17.75],[26.55,-17.71],[26.47,-17.7],[26.47,-17.92],[26.44,-18.0],[26.44,-18.67],[26.37,-18.7],[26.37,-18.79],[26.44,-18.8],[26.51,-18.79],[26.55,-18.75],[26.55,-18.42],[26.58,-18.37],[26.58,-18.3],[26.62,-18.3],[26.62,-18.32],[26.65,-18.33],[26.65,-18.55],[26.69,-18.58],[26.69,-18.6],[26.76,-18.63],[26.73,-18.65],[26.73,-18.69],[26.65,-18.74],[26.65,-18.77],[26.69,-18.77],[26.73,-18.8],[26.73,-18.87],[26.76,-18.9],[26.76,-19.05],[26.8,-19.09],[26.83,-19.15],[26.91,-19.19],[26.91,-19.22],[26.94,-19.24],[26.94,-19.35],[26.98,-19.37],[26.98,-19.39],[27.01,-19.39],[27.01,-19.44],[27.05,-19.45],[27.05,-19.74],[27.09,-19.77],[27.09,-19.81],[27.12,-19.81],[27.12,-19.82],[27.16,-19.82],[27.16,-19.96],[27.19,-19.99],[27.3,-20.09],[27.34,-20.11],[27.41,-20.11],[27.45,-20.12],[27.45,-20.27],[27.37,-20.29],[27.37,-20.34],[27.34,-20.36],[27.34,-20.43],[27.37,-20.46],[27.37,-20.49],[27.45,-20.51],[27.45,-20.63],[27.48,-20.66],[27.48,-20.69],[27.52,-20.73],[27.63,-20.79],[27.7,-20.79],[27.73,-20.78],[27.73,-20.64],[27.77,-20.58],[27.77,-20.51],[27.84,-20.53],[27.95,-20.66],[28.02,-20.69],[28.02,-20.66],[28.06,-20.63],[28.09,-20.61],[28.13,-20.63],[28.13,-20.71],[28.17,-20.76],[28.17,-21.08],[28.2,-21.09],[28.31,-21.09],[28.35,-21.06],[28.35,-20.94],[28.38,-20.93],[28.38,-20.89],[28.42,-20.88],[28.45,-20.88],[28.45,-20.84],[28.38,-20.79],[28.38,-20.74],[28.35,-20.71],[28.35,-20.54],[28.45,-20.46],[28.45,-20.31],[28.42,-20.26],[28.42,-20.21],[28.35,-20.14],[28.24,-20.11],[28.13,-20.11],[28.09,-20.07],[28.06,-20.07],[28.06,-19.92],[28.13,-19.89],[28.17,-19.84],[28.17,-19.81],[28.13,-19.77],[28.13,-19.69],[28.06,-19.67],[28.06,-19.64],[28.13,-19.59],[28.13,-19.52],[28.09,-19.52],[28.09,-19.47],[28.06,-19.44],[28.06,-19.07],[28.02,-19.05],[28.02,-19.02],[27.99,-19.0],[27.91,-19.0],[27.88,-18.99],[27.88,-18.95],[27.84,-18.94],[27.84,-18.85],[27.91,-18.8],[28.09,-18.8],[28.13,-18.82],[28.13,-18.87],[28.17,-18.9],[28.17,-19.27],[28.24,-19.3],[28.24,-19.44],[28.27,-19.45],[28.27,-19.5],[28.35,-19.45],[28.35,-19.1],[28.38,-19.07],[28.38,-19.0],[28.45,-18.97],[28.45,-18.84],[28.49,-18.8],[28.53,-18.8],[28.53,-18.75],[28.56,-18.75],[28.56,-18.62],[28.63,-18.6],[28.71,-18.6],[28.74,-18.58],[28.74,-18.53],[28.78,-18.5],[28.81,-18.5],[28.85,-18.53],[28.85,-18.67],[28.92,-18.7],[28.92,-18.75],[28.96,-18.75],[28.96,-18.97],[29.03,-18.99],[29.03,-18.94],[29.07,-18.92],[29.07,-18.82],[29.14,-18.75],[29.21,-18.69],[29.21,-18.65],[29.25,-18.62],[29.25,-18.45],[29.32,-18.4],[29.39,-18.4],[29.46,-18.45],[29.46,-18.47],[29.53,-18.5],[29.61,-18.5],[29.64,-18.53],[29.64,-18.8],[29.68,-18.84],[29.68,-18.89],[29.71,-18.9],[29.79,-18.9],[29.86,-18.92],[29.86,-18.97],[29.82,-18.97],[29.79,-19.0],[29.71,-19.0],[29.64,-19.04],[29.64,-19.05],[29.57,-19.09],[29.46,-19.09],[29.39,-19.1],[29.21,-19.1],[29.14,-19.17],[29.14,-19.24],[29.17,-19.25],[29.17,-19.3],[29.21,-19.3],[29.25,-19.34],[29.25,-19.62],[29.28,-19.67],[29.28,-19.76],[29.35,-19.84],[29.39,-19.87],[29.46,-19.91],[29.53,-19.92],[29.53,-20.11],[29.57,-20.14],[29.57,-20.27],[29.64,-20.29],[29.64,-20.24],[29.75,-20.21],[29.86,-20.21],[29.89,-20.19],[30.0,-20.19],[30.04,-20.16],[30.04,-20.07],[30.07,-20.06],[30.07,-20.01],[30.15,-19.99],[30.22,-20.01],[30.22,-20.04],[30.25,-20.06],[30.25,-20.34],[30.22,-20.36],[30.22,-20.39],[30.18,-20.41],[30.11,-20.41],[30.07,-20.43],[30.07,-20.48],[30.04,-20.53],[30.04,-20.88],[30.0,-20.89],[29.82,-20.89],[29.75,-20.84],[29.75,-20.53],[29.71,-20.49],[29.64,-20.54],[29.57,-20.64],[29.46,-20.79],[29.46,-20.86],[29.43,-20.88],[29.43,-20.89],[29.39,-20.89],[29.39,-20.88],[29.35,-20.84],[29.35,-20.54],[29.32,-20.51],[29.25,-20.54],[29.21,-20.58],[29.17,-20.61],[29.17,-20.69],[29.21,-20.71],[29.21,-20.74],[29.25,-20.78],[29.25,-21.24],[29.21,-21.28],[29.07,-21.33],[29.07,-21.36],[29.03,-21.36],[29.03,-21.4],[28.96,-21.38],[28.96,-21.23],[28.92,-21.19],[28.89,-21.21],[28.78,-21.31],[28.78,-21.36],[28.74,-21.41],[28.74,-21.51],[28.81,-21.6],[28.96,-21.65],[29.03,-21.71],[29.03,-21.75],[29.07,-21.78],[29.14,-21.8],[29.14,-21.75],[29.17,-21.71],[29.28,-21.7],[29.35,-21.73],[29.35,-21.78],[29.43,-21.8],[29.5,-21.8],[29.53,-21.81],[29.53,-22.17],[29.5,-22.2],[29.35,-22.2],[29.35,-22.22],[29.28,-22.22],[29.25,-22.23],[29.25,-22.27],[29.21,-22.27],[29.07,-22.3],[28.96,-22.3],[28.74,-22.27],[28.67,-22.25],[28.6,-22.2],[28.53,-22.13],[28.45,-21.96],[28.45,-21.76],[28.49,-21.73],[28.49,-21.7],[28.53,-21.7],[28.53,-21.65],[28.56,-21.61],[28.56,-21.43],[28.6,-21.4],[28.63,-21.4],[28.63,-21.31],[28.56,-21.31],[28.42,-21.36],[28.35,-21.45],[28.35,-21.46],[28.27,-21.5],[28.27,-21.46],[28.24,-21.43],[28.17,-21.4],[28.09,-21.41],[28.06,-21.46],[28.06,-21.58],[28.13,-21.61],[28.17,-21.65],[28.09,-21.7],[28.02,-21.7],[27.95,-21.75],[27.95,-21.95],[27.91,-21.96],[27.91,-22.0],[27.88,-22.0],[27.88,-21.95],[27.84,-21.95],[27.84,-21.81],[27.77,-21.8],[27.77,-21.88],[27.73,-21.9],[27.73,-21.98],[27.7,-22.0],[27.66,-21.98],[27.66,-21.86],[27.63,-21.85],[27.63,-21.8],[27.55,-21.78],[27.55,-21.66],[27.52,-21.65],[27.52,-21.61],[27.45,-21.53],[27.37,-21.53],[27.3,-21.58],[27.27,-21.63],[27.27,-21.65],[27.19,-21.71],[27.19,-21.75],[27.16,-21.78],[27.16,-21.93],[27.12,-21.95],[27.12,-21.98],[27.09,-22.0],[27.01,-22.0],[26.94,-21.95],[26.94,-21.83],[26.91,-21.8],[26.83,-21.73],[26.76,-21.71],[26.76,-21.76],[26.65,-21.8],[26.58,-21.8],[26.55,-21.83],[26.55,-21.86],[26.47,-21.9],[26.47,-21.86],[26.44,-21.81],[26.4,-21.8],[26.29,-21.8],[26.26,-21.81],[26.26,-21.86],[26.22,-21.9],[26.08,-21.9],[26.04,-21.86],[26.04,-21.83],[26.08,-21.8],[26.11,-21.8],[26.11,-21.76],[26.15,-21.75],[26.15,-21.48],[26.11,-21.45],[26.11,-21.41],[26.08,-21.4],[26.04,-21.43],[26.04,-21.46],[25.97,-21.48],[25.97,-21.45],[25.9,-21.41],[25.83,-21.4],[25.65,-21.4],[25.58,-21.41],[25.58,-21.45],[25.54,-21.48],[25.54,-21.53],[25.58,-21.56],[25.58,-21.6],[25.61,-21.6],[25.65,-21.63],[25.65,-21.83],[25.68,-21.85],[25.68,-21.9],[25.72,-21.9],[25.75,-21.93],[25.75,-22.06],[25.9,-22.18],[25.93,-22.2],[26.01,-22.2],[26.04,-22.22],[26.04,-22.25],[25.93,-22.4],[25.86,-22.42],[25.83,-22.47],[25.75,-22.5],[25.68,-22.5],[25.68,-22.53],[25.65,-22.53],[25.65,-22.57],[25.61,-22.57],[25.58,-22.6],[25.43,-22.6],[25.36,-22.63],[25.36,-22.97],[25.43,-23.0],[25.43,-22.97],[25.47,-22.97],[25.47,-22.93],[25.58,-22.9],[25.83,-22.9],[25.93,-22.93],[25.97,-22.99],[26.04,-23.0],[26.29,-23.0],[26.44,-22.97],[26.47,-22.93],[26.47,-22.9],[26.51,-22.9],[26.55,-22.93],[26.55,-22.97],[26.58,-22.97],[26.62,-23.0],[26.73,-23.0],[26.83,-23.02],[26.83,-23.05],[26.94,-23.1],[27.01,-23.1],[27.05,-23.09],[27.12,-23.09],[27.16,-23.05],[27.16,-23.02],[27.23,-23.0],[27.23,-23.09],[27.16,-23.14],[27.16,-23.27],[27.23,-23.32],[27.23,-23.35],[27.27,-23.39],[27.27,-23.47],[27.3,-23.49],[27.41,-23.49],[27.45,-23.5],[27.52,-23.5],[27.55,-23.54],[27.55,-23.59],[27.59,-23.6],[27.7,-23.6],[27.73,-23.62],[27.73,-23.64],[27.84,-23.7],[27.91,-23.7],[27.95,-23.72],[28.13,-23.72],[28.24,-23.69],[28.24,-23.59],[28.27,-23.55],[28.27,-23.5],[28.35,-23.5],[28.35,-23.49],[28.42,-23.49],[28.45,-23.47],[28.45,-23.45],[28.42,-23.42],[28.42,-23.39],[28.31,-23.32],[28.24,-23.3],[28.17,-23.27],[28.17,-23.14],[28.2,-23.1],[28.27,-23.1],[28.31,-23.14],[28.38,-23.17],[28.45,-23.24],[28.45,-23.25],[28.56,-23.3],[28.67,-23.3],[28.74,-23.27],[28.74,-23.17],[28.78,-23.14],[28.85,-23.1],[29.21,-23.1],[29.32,-23.07],[29.32,-23.04],[29.35,-23.0],[29.35,-22.77],[29.39,-22.67],[29.46,-22.52],[29.61,-22.42],[29.71,-22.4],[29.97,-22.4],[30.04,-22.43],[30.04,-22.45],[30.15,-22.5],[30.33,-22.5],[30.4,-22.52],[30.43,-22.55],[30.51,-22.63],[30.54,-22.7],[30.54,-23.05],[30.47,-23.1],[30.4,-23.1],[30.36,-23.14],[30.36,-23.34],[30.33,-23.35],[30.33,-23.39],[30.22,-23.4],[29.93,-23.4],[29.82,-23.39],[29.75,-23.35],[29.71,-23.32],[29.71,-23.3],[29.64,-23.34],[29.64,-23.39],[29.57,-23.39],[29.57,-23.37],[29.5,-23.32],[29.46,-23.27],[29.39,-23.2],[29.35,-23.22],[29.35,-23.47],[29.39,-23.49],[29.5,-23.49],[29.57,-23.52],[29.61,-23.52],[29.68,-23.55],[29.68,-23.59],[29.71,-23.6],[29.79,-23.69],[29.86,-23.72],[29.89,-23.72],[29.97,-23.69],[29.97,-23.62],[30.04,-23.62],[30.04,-23.64],[30.07,-23.7],[30.15,-23.65],[30.15,-23.62],[30.18,-23.6],[30.22,-23.6],[30.25,-23.62],[30.25,-23.74],[30.22,-23.77],[30.22,-23.79],[30.18,-23.84],[30.04,-23.91],[29.93,-23.91],[29.86,-23.92],[29.86,-23.97],[29.82,-23.97],[29.79,-24.01],[29.71,-24.01],[29.64,-24.06],[29.64,-24.17],[29.57,-24.21],[29.39,-24.21],[29.35,-24.22],[29.28,-24.22],[29.25,-24.24],[29.25,-24.27],[29.17,-24.29],[29.17,-24.31],[29.1,-24.31],[29.07,-24.32],[29.07,-24.44],[29.14,-24.52],[29.17,-24.56],[29.25,-24.59],[29.32,-24.59],[29.35,-24.57],[29.35,-24.52],[29.43,-24.51],[29.53,-24.51],[29.61,-24.52],[29.71,-24.61],[29.71,-24.64],[29.75,-24.67],[29.75,-24.76],[29.82,-24.81],[29.89,-24.81],[29.97,-24.83],[29.97,-24.86],[29.93,-24.88],[29.79,-24.91],[29.75,-24.96],[29.75,-25.14],[29.68,-25.19],[29.64,-25.16],[29.64,-25.11],[29.57,-25.11],[29.57,-25.18],[29.53,-25.19],[29.57,-25.23],[29.57,-25.28],[29.64,-25.29],[29.86,-25.29],[29.93,-25.29],[29.93,-25.26],[29.97,-25.23],[29.97,-25.18],[29.93,-25.16],[29.93,-25.11],[29.86,-25.09],[29.86,-25.01],[29.93,-24.99],[30.0,-24.99],[30.04,-25.01],[30.04,-25.04],[30.15,-25.09],[30.22,-25.09],[30.29,-25.11],[30.4,-25.11],[30.47,-25.09],[30.58,-25.09],[30.65,-25.06],[30.65,-25.03],[30.69,-24.99],[30.76,-24.99],[30.83,-25.03],[30.87,-25.06],[30.9,-25.13],[30.97,-25.14],[31.01,-25.19],[31.08,-25.19],[31.15,-25.24],[31.15,-25.33],[31.23,-25.44],[31.3,-25.48],[31.33,-25.53],[31.41,-25.58],[31.51,-25.6],[31.59,-25.6],[31.66,-25.63],[31.66,-25.66],[31.73,-25.68],[31.73,-25.65],[31.77,-25.61],[31.84,-25.61],[31.84,-25.63],[31.91,-25.7],[31.91,-25.71],[31.98,-25.75],[31.98,-25.76],[32.05,-25.8],[32.16,-25.8],[32.27,-25.85],[32.27,-25.88],[32.38,-25.9],[32.49,-25.9],[32.56,-25.95],[32.56,-26.05],[32.59,-26.06],[32.59,-26.1],[32.7,-26.1],[32.74,-26.11],[32.74,-26.16],[32.81,-26.2],[32.88,-26.2],[32.92,-26.21],[32.99,-26.28],[32.99,-26.3],[33.06,-26.35],[33.06,-26.36],[33.13,-26.38],[33.13,-26.4],[33.21,-26.4],[33.24,-26.43],[33.24,-26.67],[33.13,-26.7],[33.03,-26.7],[32.95,-26.75],[32.95,-26.95],[32.85,-26.98],[32.74,-27.0],[32.34,-27.0],[32.23,-26.98],[32.05,-26.98],[31.95,-26.95],[31.91,-26.9],[31.87,-26.92],[31.87,-26.95],[31.84,-26.97],[31.73,-27.0],[31.66,-27.0],[31.59,-27.03],[31.48,-27.12],[31.44,-27.17],[31.44,-27.2],[31.48,-27.23],[31.48,-27.27],[31.51,-27.32],[31.59,-27.39],[31.62,-27.42],[31.69,-27.47],[31.77,-27.5],[31.8,-27.5],[31.87,-27.57],[31.95,-27.64],[31.95,-27.65],[32.02,-27.69],[32.02,-27.7],[32.09,-27.7],[32.13,-27.72],[32.13,-27.74],[32.16,-27.75],[32.16,-27.85],[32.09,-27.89],[32.02,-27.89],[31.98,-27.9],[31.91,-27.9],[31.91,-27.92],[31.84,-27.95],[31.84,-27.99],[31.73,-28.05],[31.73,-28.07],[31.66,-28.1],[31.59,-28.1],[31.59,-28.14],[31.55,-28.17],[31.55,-28.47],[31.51,-28.49],[31.41,-28.49],[31.37,-28.47],[31.37,-28.46],[31.33,-28.44],[31.33,-28.41],[31.26,-28.42],[31.26,-28.62],[31.23,-28.64],[31.23,-28.67],[31.15,-28.71],[31.08,-28.72],[31.08,-28.76],[31.05,-28.77],[31.05,-28.94],[30.97,-29.03],[30.9,-29.09],[30.87,-29.09],[30.79,-29.09],[30.76,-29.11],[30.76,-29.18],[30.72,-29.19],[30.65,-29.19],[30.61,-29.21],[30.54,-29.19],[30.4,-29.13],[30.33,-29.19],[30.29,-29.24],[30.22,-29.28],[30.18,-29.33],[30.11,-29.38],[30.0,-29.51],[30.0,-29.58],[30.04,-29.61],[30.04,-29.71],[30.07,-29.73],[30.07,-29.79],[30.15,-29.83],[30.07,-29.91],[30.07,-29.95],[29.97,-30.05],[29.89,-30.08],[29.82,-30.03],[29.82,-30.0],[29.71,-29.93],[29.64,-29.91],[29.57,-29.93],[29.57,-29.96],[29.53,-30.0],[29.57,-30.01],[29.57,-30.1],[29.64,-30.11],[29.64,-30.18],[29.57,-30.18],[29.57,-30.2],[29.43,-30.2],[29.43,-30.18],[29.35,-30.16],[29.35,-30.13],[29.28,-30.1],[29.21,-30.1],[29.17,-30.06],[29.14,-30.06],[29.14,-30.0],[29.03,-30.0],[28.96,-30.03],[28.92,-30.06],[28.92,-30.1],[28.89,-30.1],[28.89,-30.06],[28.81,-30.0],[28.74,-30.0],[28.67,-29.98],[28.67,-29.93],[28.63,-29.91],[28.63,-29.83],[28.56,-29.78],[28.56,-29.73],[28.63,-29.68],[28.63,-29.64],[28.71,-29.61],[28.74,-29.61],[28.74,-29.68],[28.78,-29.69],[28.85,-29.68],[28.85,-29.54],[28.81,-29.51],[28.71,-29.48],[28.63,-29.44],[28.63,-29.41],[28.6,-29.39],[28.53,-29.31],[28.49,-29.31],[28.45,-29.36],[28.45,-29.54],[28.38,-29.59],[28.38,-29.64],[28.35,-29.68],[28.35,-29.86],[28.42,-29.91],[28.49,-29.91],[28.53,-29.91],[28.53,-29.95],[28.56,-29.96],[28.56,-30.03],[28.53,-30.08],[28.42,-30.16],[28.27,-30.2],[28.06,-30.2],[27.99,-30.18],[27.95,-30.15],[27.95,-29.95],[27.91,-29.93],[27.91,-29.91],[27.84,-29.88],[27.84,-29.85],[27.88,-29.81],[27.95,-29.79],[28.02,-29.79],[28.06,-29.76],[27.99,-29.69],[27.91,-29.59],[27.81,-29.51],[27.81,-29.48],[27.77,-29.44],[27.77,-29.39],[27.73,-29.39],[27.73,-29.31],[27.66,-29.28],[27.66,-29.16],[27.63,-29.11],[27.59,-29.09],[27.45,-29.09],[27.37,-29.09],[27.37,-29.06],[27.34,-29.03],[27.34,-28.92],[27.27,-28.87],[27.27,-28.81],[27.37,-28.72],[27.52,-28.69],[27.55,-28.64],[27.55,-28.57],[27.45,-28.44],[27.37,-28.39],[27.37,-28.36],[27.34,-28.32],[27.41,-28.31],[27.48,-28.31],[27.55,-28.32],[27.55,-28.37],[27.59,-28.39],[27.66,-28.39],[27.73,-28.36],[27.84,-28.26],[27.84,-28.16],[27.81,-28.1],[27.73,-28.1],[27.66,-28.07],[27.66,-27.97],[27.59,-27.89],[27.52,-27.84],[27.41,-27.8],[27.23,-27.8],[27.16,-27.77],[27.16,-27.45],[27.23,-27.42],[27.3,-27.4],[27.59,-27.4],[27.66,-27.42],[27.77,-27.42],[27.84,-27.44],[27.88,-27.44],[27.88,-27.5],[27.91,-27.5],[27.91,-27.45],[27.95,-27.45],[27.95,-27.42],[28.02,-27.4],[28.09,-27.4],[28.13,-27.39],[28.13,-27.32],[28.17,-27.29],[28.17,-27.12],[28.24,-27.12],[28.24,-27.39],[28.27,-27.42],[28.27,-27.5],[28.35,-27.49],[28.35,-27.42],[28.42,-27.4],[28.49,-27.4],[28.53,-27.37],[28.56,-27.37],[28.56,-27.34],[28.49,-27.3],[28.38,-27.29],[28.38,-27.27],[28.35,-27.25],[28.35,-27.15],[28.38,-27.13],[28.38,-27.12],[28.42,-27.1],[28.49,-27.12],[28.56,-27.13],[28.56,-27.17],[28.63,-27.25],[28.63,-27.32],[28.67,-27.34],[28.67,-27.39],[28.71,-27.4],[28.81,-27.4],[28.85,-27.39],[28.85,-27.34],[28.89,-27.3],[28.99,-27.3],[29.07,-27.34],[29.07,-27.39],[29.1,-27.4],[29.17,-27.4],[29.25,-27.42],[29.28,-27.45],[29.28,-27.5],[29.32,-27.5],[29.32,-27.45],[29.39,-27.42],[29.5,-27.4],[29.57,-27.4],[29.64,-27.42],[29.64,-27.49],[29.57,-27.5],[29.57,-27.57],[29.53,-27.6],[29.53,-27.7],[29.46,-27.69],[29.46,-27.54],[29.43,-27.52],[29.39,-27.54],[29.28,-27.6],[29.21,-27.69],[29.14,-27.77],[29.1,-27.8],[29.1,-27.84],[29.07,-27.87],[29.1,-27.87],[29.1,-27.9],[29.14,-27.92],[29.14,-27.95],[29.25,-28.0],[29.32,-28.02],[29.35,-28.04],[29.35,-28.17],[29.28,-28.19],[29.17,-28.21],[29.14,-28.26],[29.25,-28.31],[29.39,-28.31],[29.46,-28.26],[29.46,-28.12],[29.5,-28.1],[29.61,-28.1],[29.64,-28.14],[29.64,-28.52],[29.61,-28.56],[29.61,-28.59],[29.57,-28.62],[29.57,-28.64],[29.53,-28.67],[29.46,-28.69],[29.46,-28.62],[29.43,-28.61],[29.39,-28.61],[29.35,-28.62],[29.35,-28.76],[29.25,-28.79],[29.1,-28.79],[29.03,-28.81],[28.96,-28.84],[28.81,-28.96],[28.81,-28.98],[28.67,-29.01],[28.67,-29.08],[28.71,-29.09],[28.71,-29.13],[28.81,-29.18],[28.89,-29.19],[28.96,-29.19],[28.99,-29.21],[29.14,-29.21],[29.25,-29.19],[29.35,-29.14],[29.39,-29.09],[29.46,-29.06],[29.5,-28.99],[29.57,-28.94],[29.61,-28.91],[29.68,-28.84],[29.71,-28.82],[29.75,-28.84],[29.79,-28.89],[29.86,-28.91],[29.93,-28.89],[29.97,-28.84],[29.97,-28.81],[30.0,-28.79],[30.11,-28.79],[30.15,-28.77],[30.15,-28.72],[30.07,-28.71],[29.97,-28.66],[29.86,-28.56],[29.86,-28.42],[29.89,-28.41],[29.97,-28.41],[30.04,-28.44],[30.15,-28.54],[30.15,-28.66],[30.22,-28.71],[30.22,-28.67],[30.25,-28.67],[30.25,-28.52],[30.29,-28.51],[30.29,-28.47],[30.36,-28.46],[30.25,-28.36],[30.25,-28.16],[30.29,-28.1],[30.33,-28.1],[30.33,-28.07],[30.36,-28.07],[30.36,-28.04],[30.29,-28.0],[30.22,-28.0],[30.15,-27.95],[30.15,-27.72],[30.11,-27.7],[30.07,-27.7],[30.07,-27.64],[30.04,-27.6],[30.04,-27.42],[30.0,-27.4],[29.97,-27.42],[29.93,-27.45],[29.93,-27.49],[29.86,-27.47],[29.86,-27.45],[29.79,-27.42],[29.79,-27.37],[29.75,-27.32],[29.75,-27.23],[29.79,-27.2],[29.86,-27.22],[29.86,-27.29],[29.93,-27.29],[29.93,-27.22],[29.97,-27.18],[29.97,-27.02],[30.04,-26.98],[30.04,-26.85],[30.07,-26.83],[30.07,-26.82],[30.15,-26.78],[30.15,-26.55],[30.07,-26.4],[30.0,-26.28],[29.89,-26.2],[29.82,-26.2],[29.75,-26.18],[29.75,-26.11],[29.68,-26.1],[29.61,-26.1],[29.57,-26.08],[29.57,-26.05],[29.53,-26.05],[29.53,-26.03],[29.43,-26.0],[29.32,-26.0],[29.25,-25.95],[29.25,-25.85],[29.21,-25.83],[29.21,-25.8],[29.1,-25.8],[29.07,-25.78],[29.07,-25.48],[29.03,-25.43],[29.03,-25.33],[28.99,-25.29],[28.96,-25.29],[28.89,-25.28],[28.74,-25.14],[28.67,-25.06],[28.56,-25.01],[28.42,-24.99],[27.99,-24.99],[27.84,-25.01],[27.77,-25.04],[27.7,-25.11],[27.7,-25.13],[27.63,-25.14],[27.63,-25.16],[27.55,-25.19],[27.48,-25.19],[27.45,-25.21],[27.37,-25.21],[27.34,-25.24],[27.34,-25.28],[27.3,-25.29],[27.23,-25.23],[27.19,-25.23],[26.98,-25.41],[26.98,-25.48],[27.01,-25.49],[27.16,-25.49],[27.27,-25.55],[27.27,-25.6],[27.3,-25.6],[27.45,-25.65],[27.45,-25.66],[27.63,-25.81],[27.66,-25.86],[27.77,-25.9],[27.84,-25.91],[27.84,-25.96],[27.88,-26.0],[27.99,-26.0],[28.06,-26.03],[28.06,-26.06],[28.17,-26.1],[28.31,-26.1],[28.45,-26.16],[28.53,-26.2],[28.53,-26.23],[28.56,-26.26],[28.63,-26.28],[28.67,-26.23],[28.67,-26.2],[28.78,-26.2],[28.85,-26.26],[28.85,-26.36],[28.78,-26.4],[28.63,-26.4],[28.56,-26.43],[28.56,-26.52],[28.53,-26.55],[28.53,-26.58],[28.49,-26.6],[28.17,-26.6],[28.02,-26.53],[28.02,-26.5],[27.99,-26.5],[27.99,-26.53],[27.95,-26.57],[27.88,-26.6],[27.77,-26.62],[27.73,-26.65],[27.73,-26.68],[27.66,-26.67],[27.66,-26.63],[27.59,-26.62],[27.52,-26.67],[27.48,-26.72],[27.48,-26.8],[27.52,-26.82],[27.52,-26.83],[27.63,-26.93],[27.73,-26.97],[27.77,-27.0],[27.84,-27.0],[27.91,-27.02],[27.91,-27.03],[27.99,-27.07],[28.02,-27.12],[28.02,-27.13],[28.06,-27.18],[28.06,-27.27],[27.99,-27.3],[27.95,-27.29],[27.95,-27.23],[27.84,-27.2],[27.73,-27.2],[27.66,-27.17],[27.66,-27.05],[27.59,-27.0],[27.52,-27.0],[27.48,-26.98],[27.48,-26.97],[27.45,-26.95],[27.45,-26.83],[27.41,-26.82],[27.27,-26.8],[27.27,-26.72],[27.3,-26.7],[27.37,-26.7],[27.45,-26.68],[27.45,-26.63],[27.41,-26.62],[27.37,-26.57],[27.3,-26.52],[27.23,-26.5],[27.09,-26.5],[27.05,-26.52],[27.05,-26.57],[26.98,-26.6],[26.83,-26.6],[26.76,-26.58],[26.76,-26.53],[26.69,-26.5],[26.58,-26.5],[26.58,-26.47],[26.55,-26.45],[26.55,-26.33],[26.51,-26.31],[26.51,-26.28],[26.44,-26.25],[26.51,-26.2],[26.55,-26.18],[26.55,-26.03],[26.4,-26.0],[26.22,-26.0],[26.15,-25.95],[26.15,-25.85],[26.11,-25.83],[26.11,-25.8],[25.97,-25.68],[25.97,-25.61],[25.93,-25.6],[25.93,-25.51],[25.9,-25.48],[25.86,-25.48],[25.86,-25.43],[25.9,-25.41],[25.9,-25.38],[25.97,-25.33],[26.08,-25.29],[26.11,-25.29],[26.15,-25.33],[26.15,-25.38],[26.22,-25.39],[26.29,-25.39],[26.37,-25.41],[26.4,-25.39],[26.47,-25.39],[26.55,-25.36],[26.55,-25.26],[26.58,-25.24],[26.58,-25.19],[26.62,-25.19],[26.65,-25.23],[26.65,-25.26],[26.69,-25.29],[26.73,-25.28],[26.83,-25.18],[26.91,-25.06],[26.94,-24.98],[26.94,-24.86],[26.98,-24.83],[27.01,-24.81],[27.23,-24.81],[27.34,-24.78],[27.34,-24.37],[27.27,-24.26],[27.19,-24.22],[27.01,-24.21],[26.65,-24.21],[26.55,-24.24],[26.55,-24.37],[26.47,-24.39],[26.47,-24.36],[26.44,-24.34],[26.44,-24.22],[26.37,-24.21],[26.33,-24.21],[26.26,-24.22],[26.22,-24.26],[26.22,-24.29],[26.19,-24.31],[26.19,-24.26],[26.15,-24.22],[26.08,-24.21],[26.01,-24.21],[25.93,-24.19],[25.83,-24.14],[25.83,-24.11],[25.75,-24.07],[25.75,-24.04],[25.68,-24.02],[25.61,-24.07],[25.58,-24.12],[25.58,-24.19],[25.65,-24.22],[25.65,-24.34],[25.58,-24.39],[25.5,-24.39],[25.47,-24.41],[25.47,-24.46],[25.36,-24.51],[25.25,-24.51],[25.18,-24.52],[25.18,-24.54],[25.11,-24.57],[25.11,-24.61],[25.07,-24.66],[25.07,-24.78],[25.14,-24.81],[25.22,-24.81],[25.25,-24.83],[25.25,-24.86],[25.18,-24.93],[25.11,-24.98],[24.89,-24.99],[24.6,-24.99],[24.5,-24.98],[24.39,-24.96],[24.32,-24.93],[24.28,-24.89],[24.28,-24.86],[24.24,-24.83],[24.32,-24.81],[24.35,-24.78],[24.35,-24.73],[24.28,-24.69],[24.17,-24.71],[24.17,-24.78],[24.14,-24.81],[24.14,-24.98],[24.06,-25.03],[24.06,-25.06],[24.1,-25.09],[24.1,-25.13],[24.17,-25.18],[24.28,-25.19],[24.35,-25.23],[24.35,-25.28],[24.42,-25.29],[24.5,-25.29],[24.53,-25.31],[24.53,-25.38],[24.57,-25.41],[24.57,-25.58],[24.64,-25.6],[24.86,-25.6],[24.96,-25.63],[24.96,-25.68],[25.04,-25.7],[25.11,-25.7],[25.14,-25.71],[25.22,-25.71],[25.25,-25.75],[25.25,-25.76],[25.18,-25.78],[25.18,-25.8],[24.93,-25.8],[24.93,-25.78],[24.86,-25.76],[24.86,-25.75],[24.78,-25.71],[24.68,-25.71],[24.64,-25.7],[24.6,-25.71],[24.53,-25.71],[24.46,-25.75],[24.46,-25.86],[24.39,-25.9],[24.32,-25.9],[24.1,-25.9],[24.03,-25.9],[23.96,-25.9],[23.85,-25.86],[23.85,-25.83],[23.78,-25.8],[23.63,-25.8],[23.56,-25.76],[23.56,-25.75],[23.52,-25.71],[23.45,-25.7],[23.38,-25.7],[23.34,-25.66],[23.34,-25.61],[23.31,-25.6],[23.2,-25.6],[23.16,-25.61],[23.16,-25.65],[23.13,-25.7],[22.95,-25.7],[22.88,-25.66],[22.8,-25.61],[22.8,-25.6],[22.77,-25.58],[22.77,-25.46],[22.73,-25.44],[22.73,-25.43],[22.62,-25.39],[22.55,-25.36],[22.55,-25.23],[22.52,-25.19],[22.44,-25.16],[22.44,-25.04],[22.41,-24.99],[22.34,-24.94],[22.19,-24.88],[22.16,-24.88],[22.16,-24.83],[22.23,-24.81],[22.23,-24.78],[22.26,-24.78],[22.26,-24.74],[22.19,-24.69],[22.12,-24.69],[22.05,-24.73],[22.05,-24.79],[22.01,-24.81],[21.94,-24.74],[21.94,-24.69],[21.98,-24.67],[21.98,-24.62],[22.01,-24.57],[22.08,-24.52],[22.12,-24.51],[22.12,-24.46],[22.16,-24.42],[22.16,-24.32],[22.23,-24.31],[22.23,-24.34],[22.26,-24.36],[22.26,-24.47],[22.34,-24.54],[22.41,-24.57],[22.44,-24.56],[22.44,-24.52],[22.52,-24.51],[22.59,-24.51],[22.62,-24.52],[22.66,-24.56],[22.66,-24.79],[22.7,-24.84],[22.7,-24.89],[22.73,-24.94],[22.8,-24.99],[22.84,-24.99],[22.84,-24.79],[22.88,-24.76],[22.88,-24.69],[22.95,-24.69],[22.95,-24.62],[22.91,-24.61],[22.77,-24.57],[22.77,-24.42],[22.84,-24.39],[22.91,-24.39],[22.95,-24.37],[22.95,-24.36],[22.91,-24.32],[22.91,-24.29],[22.88,-24.26],[22.77,-24.21],[22.7,-24.21],[22.66,-24.19],[22.66,-24.12],[22.73,-24.09],[22.8,-24.11],[22.88,-24.16],[22.88,-24.21],[22.95,-24.17],[22.98,-24.11],[23.02,-24.11],[23.02,-24.14],[23.09,-24.19],[23.09,-24.21],[23.2,-24.19],[23.34,-24.07],[23.34,-24.01],[23.27,-24.01],[23.2,-23.96],[23.13,-23.92],[23.09,-23.87],[23.02,-23.82],[22.95,-23.74],[22.95,-23.62],[22.88,-23.6],[22.88,-23.55],[22.84,-23.54],[22.84,-23.42],[22.77,-23.4],[22.77,-23.47],[22.73,-23.47],[22.7,-23.49],[22.59,-23.49],[22.55,-23.47],[22.55,-23.45],[22.52,-23.42],[22.44,-23.4],[22.16,-23.4],[22.05,-23.35],[22.05,-23.24],[22.01,-23.2],[21.94,-23.2],[21.87,-23.24],[21.83,-23.27],[21.76,-23.35],[21.76,-23.47],[21.8,-23.49],[21.87,-23.49],[21.94,-23.52],[21.94,-23.65],[21.83,-23.77],[21.76,-23.79],[21.72,-23.79],[21.65,-23.82],[21.65,-23.86],[21.62,-23.89],[21.54,-23.89],[21.51,-23.91],[21.29,-23.91],[21.26,-23.89],[21.18,-23.89],[21.15,-23.86],[21.15,-23.82],[21.08,-23.79],[21.04,-23.79],[20.97,-23.77],[20.93,-23.74],[20.9,-23.72],[20.9,-23.69],[20.82,-23.62],[20.79,-23.6],[20.72,-23.6],[20.68,-23.59],[20.61,-23.52],[20.61,-23.47],[20.57,-23.44],[20.57,-23.39],[20.54,-23.34],[20.54,-23.24],[20.46,-23.15],[20.39,-23.12],[20.36,-23.09],[20.36,-23.04],[20.43,-23.0],[20.5,-23.0],[20.64,-23.0],[20.75,-23.0],[20.86,-23.07],[20.97,-23.15],[21.04,-23.24],[21.11,-23.29],[21.18,-23.29],[21.26,-23.3],[21.62,-23.3],[21.69,-23.29],[21.76,-23.25],[21.69,-23.19],[21.65,-23.15],[21.58,-23.1],[21.58,-23.05],[21.54,-23.02],[21.54,-22.95],[21.51,-22.93],[21.51,-22.9],[21.4,-22.9],[21.33,-22.97],[21.29,-22.99],[21.22,-22.93],[21.22,-22.9],[21.15,-22.82],[21.15,-22.7],[21.08,-22.7],[21.08,-22.63],[21.04,-22.6],[21.04,-22.42],[21.0,-22.4],[20.97,-22.4],[20.97,-22.27],[20.93,-22.25],[20.93,-22.23],[20.86,-22.2],[20.82,-22.2],[20.75,-22.17],[20.75,-22.03],[20.82,-22.0],[20.97,-22.0],[21.04,-21.98],[21.04,-21.91],[20.97,-21.9],[20.9,-21.9],[20.86,-21.88],[20.86,-21.83],[20.82,-21.8],[20.72,-21.8],[20.64,-21.78],[20.68,-21.75],[20.68,-21.71],[20.72,-21.66],[20.79,-21.63],[20.86,-21.55],[20.97,-21.5],[21.04,-21.51],[21.08,-21.56],[21.08,-21.6],[21.15,-21.56],[21.15,-21.53],[21.22,-21.5],[21.29,-21.5],[21.36,-21.46],[21.36,-21.41],[21.4,-21.4],[21.44,-21.41],[21.44,-21.51],[21.47,-21.53],[21.47,-21.6],[21.51,-21.6],[21.54,-21.65],[21.54,-21.85],[21.47,-21.93],[21.47,-21.98],[21.51,-22.0],[21.51,-22.03],[21.62,-22.08],[21.65,-22.06],[21.65,-22.03],[21.8,-22.0],[22.01,-22.0],[22.05,-21.98],[22.16,-21.96],[22.16,-21.95],[22.19,-21.93],[22.19,-21.9],[22.23,-21.91],[22.23,-21.95],[22.37,-22.0],[22.52,-22.0],[22.66,-22.03],[22.66,-22.08],[22.7,-22.1],[22.77,-22.05],[22.77,-22.01],[22.84,-22.01],[22.84,-22.06],[22.95,-22.1],[23.02,-22.1],[23.02,-22.06],[23.06,-22.03],[23.06,-21.7],[23.09,-21.65],[23.09,-21.6],[23.2,-21.51],[23.2,-21.5],[23.24,-21.46],[23.24,-21.3],[23.27,-21.26],[23.27,-21.21],[23.31,-21.19],[23.56,-21.19],[23.7,-21.18],[23.74,-21.14],[23.81,-21.11],[23.81,-21.06],[23.85,-21.03],[23.85,-20.93],[23.88,-20.89],[23.92,-20.89],[23.96,-20.93],[23.96,-20.96],[23.99,-20.99],[24.06,-20.94],[24.06,-20.91],[24.14,-20.91],[24.14,-20.94],[24.21,-21.01],[24.24,-20.98],[24.24,-20.78],[24.28,-20.74],[24.28,-20.73],[24.32,-20.71],[24.39,-20.71],[24.46,-20.68],[24.46,-20.66],[24.39,-20.61],[24.32,-20.49],[24.21,-20.41],[24.21,-20.37],[24.17,-20.34],[24.17,-20.29],[24.14,-20.27],[24.14,-20.21],[24.06,-20.21],[24.06,-20.24],[24.03,-20.27],[24.03,-20.29],[23.96,-20.27],[23.96,-20.24],[23.92,-20.21],[23.88,-20.21],[23.85,-20.24],[23.85,-20.36],[23.78,-20.41],[23.7,-20.41],[23.67,-20.39],[23.67,-20.34],[23.56,-20.29],[23.45,-20.29],[23.38,-20.31],[23.38,-20.34],[23.34,-20.37],[23.34,-20.53],[23.38,-20.56],[23.38,-20.58],[23.42,-20.61],[23.49,-20.61],[23.52,-20.63],[23.52,-20.64],[23.56,-20.66],[23.56,-20.78],[23.63,-20.81],[23.63,-20.86],[23.67,-20.88],[23.63,-20.91],[23.63,-20.96],[23.6,-20.99],[23.6,-21.03],[23.45,-21.09],[23.31,-21.09],[23.27,-21.06],[23.27,-21.03],[23.24,-20.99],[23.24,-20.81],[23.16,-20.83],[23.16,-21.01],[23.13,-21.03],[23.13,-21.09],[23.06,-21.06],[23.06,-20.89],[23.02,-20.88],[23.02,-20.81],[22.98,-20.79],[22.98,-20.76],[22.91,-20.73],[22.91,-20.69],[22.88,-20.68],[22.88,-20.64],[22.84,-20.63],[22.84,-20.53],[22.8,-20.51],[22.7,-20.51],[22.66,-20.49],[22.62,-20.51],[22.55,-20.51],[22.44,-20.54],[22.44,-20.58],[22.37,-20.58],[22.34,-20.56],[22.34,-20.53],[22.3,-20.51],[22.26,-20.53],[22.26,-20.58],[22.23,-20.61],[22.19,-20.61],[22.19,-20.58],[22.16,-20.54],[22.16,-20.32],[22.23,-20.29],[22.3,-20.29],[22.37,-20.26],[22.37,-20.21],[22.44,-20.22],[22.44,-20.27],[22.41,-20.27],[22.37,-20.31],[22.37,-20.36],[22.34,-20.39],[22.37,-20.44],[22.37,-20.49],[22.44,-20.46],[22.52,-20.39],[22.52,-20.34],[22.55,-20.27],[22.55,-20.14],[22.52,-20.11],[22.48,-20.11],[22.48,-20.07],[22.44,-20.07],[22.44,-19.94],[22.3,-19.82],[22.26,-19.81],[22.16,-19.81],[22.05,-19.86],[21.98,-19.94],[21.98,-19.97],[21.94,-20.01],[21.94,-20.09],[21.9,-20.11],[21.8,-20.19],[21.8,-20.22],[21.76,-20.26],[21.76,-20.36],[21.65,-20.41],[21.54,-20.41],[21.51,-20.43],[21.44,-20.46],[21.4,-20.49],[21.4,-20.53],[21.36,-20.56],[21.29,-20.58],[21.29,-20.61],[21.22,-20.61],[21.15,-20.64],[21.15,-20.68],[21.11,-20.68],[21.04,-20.71],[20.97,-20.71],[20.9,-20.68],[20.86,-20.68],[20.86,-20.64],[20.79,-20.61],[20.72,-20.61],[20.64,-20.58],[20.64,-20.53],[20.61,-20.51],[20.46,-20.48],[20.46,-20.36],[20.43,-20.34],[20.43,-20.29],[20.36,-20.27],[20.36,-20.22],[20.43,-20.19],[20.43,-20.12],[20.46,-20.12],[20.46,-19.94],[20.5,-19.89],[20.54,-19.87],[20.54,-19.84],[20.61,-19.82],[20.61,-19.76],[20.64,-19.72],[20.64,-19.56],[20.68,-19.54],[20.68,-19.5],[20.72,-19.5],[20.72,-19.47],[20.75,-19.45],[20.75,-19.25],[20.72,-19.22],[20.68,-19.2],[20.61,-19.2],[20.57,-19.19],[20.57,-19.12],[20.54,-19.1],[20.54,-19.07],[20.57,-19.05],[20.57,-19.0],[20.64,-18.99],[20.64,-18.82],[20.57,-18.79],[20.57,-18.75],[20.54,-18.7],[20.57,-18.67],[20.57,-18.62],[20.68,-18.6],[20.9,-18.6],[20.93,-18.58],[20.93,-18.55],[20.97,-18.53],[20.97,-18.47],[20.93,-18.45],[20.93,-18.42],[20.86,-18.38],[20.86,-18.27],[20.82,-18.22],[20.79,-18.2],[20.72,-18.2],[20.68,-18.17],[20.64,-18.17],[20.64,-18.12],[20.61,-18.1],[20.57,-18.12],[20.57,-18.15],[20.54,-18.17],[20.54,-18.3],[20.5,-18.3],[20.5,-18.32],[20.46,-18.32],[20.46,-18.38],[20.54,-18.42],[20.54,-18.47],[20.5,-18.52],[20.43,-18.58],[20.36,-18.58],[20.36,-18.52],[20.43,-18.5],[20.43,-18.47],[20.46,-18.45],[20.39,-18.4],[20.32,-18.4],[20.25,-18.43],[20.25,-18.47],[20.21,-18.47],[20.14,-18.5],[20.07,-18.5],[19.96,-18.45],[19.96,-18.32],[20.03,-18.3],[20.1,-18.3],[20.1,-18.28],[20.18,-18.25],[20.21,-18.2],[20.21,-18.15],[20.25,-18.13],[20.25,-18.02],[20.18,-18.0],[20.18,-17.97],[20.14,-17.95],[20.14,-17.82],[20.07,-17.82],[20.07,-17.85],[20.03,-17.87],[20.03,-17.9],[19.96,-17.88],[19.96,-17.75],[19.92,-17.73],[19.92,-17.7],[19.85,-17.68],[19.85,-17.55],[19.82,-17.53],[19.74,-17.5],[19.67,-17.55],[19.67,-17.56],[19.64,-17.61],[19.64,-17.78],[19.6,-17.8],[19.49,-17.8],[19.46,-17.78],[19.46,-17.71],[19.38,-17.7],[19.38,-17.73],[19.35,-17.75],[19.35,-17.88],[19.31,-17.95],[19.31,-18.0],[19.28,-18.03],[19.2,-18.1],[19.17,-18.08],[19.17,-18.03],[19.1,-18.0],[19.06,-18.0],[18.95,-17.97],[18.92,-17.9],[18.84,-17.85],[18.77,-17.82],[18.7,-17.82],[18.66,-17.8],[18.56,-17.8],[18.48,-17.82],[18.41,-17.82],[18.34,-17.85],[18.41,-17.9],[18.48,-17.9],[18.56,-17.93],[18.56,-17.98],[18.48,-18.0],[18.45,-18.03],[18.45,-18.15],[18.52,-18.18],[18.52,-18.2],[18.66,-18.2],[18.74,-18.17],[18.74,-18.1],[18.66,-18.08],[18.66,-18.0],[18.74,-18.02],[18.74,-18.07],[18.84,-18.1],[18.95,-18.15],[18.95,-18.17],[19.17,-18.35],[19.17,-18.37],[19.24,-18.37],[19.28,-18.3],[19.35,-18.3],[19.38,-18.3],[19.46,-18.37],[19.46,-18.45],[19.42,-18.47],[19.42,-18.5],[19.38,-18.5],[19.38,-18.53],[19.35,-18.55],[19.35,-18.67],[19.42,-18.7],[19.46,-18.67],[19.46,-18.62],[19.53,-18.6],[19.53,-18.7],[19.49,-18.7],[19.46,-18.74],[19.46,-18.77],[19.49,-18.77],[19.53,-18.8],[19.53,-18.85],[19.56,-18.87],[19.56,-18.99],[19.6,-18.99],[19.64,-19.02],[19.64,-19.19],[19.67,-19.22],[19.67,-19.29],[19.74,-19.32],[19.74,-19.49],[19.67,-19.52],[19.67,-19.66],[19.64,-19.69],[19.64,-19.81],[19.67,-19.84],[19.67,-19.97],[19.74,-20.01],[19.74,-20.17],[19.67,-20.19],[19.67,-20.21],[19.56,-20.16],[19.53,-20.12],[19.49,-20.11],[19.49,-20.07],[19.35,-20.01],[19.24,-19.99],[19.06,-19.99],[18.99,-19.97],[18.95,-19.97],[18.95,-19.94],[18.81,-19.91],[18.41,-19.91],[18.3,-19.92],[18.27,-19.94],[18.2,-19.99],[18.12,-19.99],[18.05,-20.04],[18.05,-20.16],[17.98,-20.19],[17.91,-20.21],[17.84,-20.24],[17.84,-20.27],[17.8,-20.29],[17.73,-20.29],[17.66,-20.32],[17.66,-20.37],[17.73,-20.41],[17.8,-20.41],[17.84,-20.43],[17.84,-20.61],[17.76,-20.58],[17.76,-20.56],[17.62,-20.43],[17.55,-20.41],[17.51,-20.41],[17.44,-20.43],[17.44,-20.48],[17.4,-20.49],[17.37,-20.48],[17.37,-20.43],[17.3,-20.41],[17.26,-20.43],[17.26,-20.73],[17.37,-20.86],[17.4,-20.91],[17.48,-20.99],[17.55,-21.03],[17.58,-21.08],[17.66,-21.14],[17.73,-21.18],[17.76,-21.13],[17.87,-21.09],[17.94,-21.09],[18.02,-21.11],[18.05,-21.14],[18.05,-21.35],[18.12,-21.4],[18.27,-21.4],[18.38,-21.45],[18.38,-21.5],[18.45,-21.46],[18.45,-21.45],[18.56,-21.35],[18.63,-21.31],[18.66,-21.35],[18.66,-21.41],[18.63,-21.46],[18.63,-21.5],[18.52,-21.58],[18.41,-21.61],[18.3,-21.68],[18.23,-21.8],[18.16,-21.88],[18.16,-21.96],[18.12,-21.96],[18.12,-22.0],[18.05,-22.01],[18.05,-22.12],[18.02,-22.17],[18.02,-22.22],[17.94,-22.27],[17.87,-22.28],[17.87,-22.25],[17.84,-22.25],[17.84,-22.22],[17.76,-22.2],[17.69,-22.2],[17.66,-22.17],[17.66,-22.13],[17.58,-22.1],[17.55,-22.13],[17.55,-22.17],[17.48,-22.25],[17.48,-22.3],[17.44,-22.35],[17.44,-22.45],[17.37,-22.55],[17.3,-22.58],[17.26,-22.55],[17.19,-22.5],[17.08,-22.5],[17.04,-22.47],[17.04,-22.42],[17.01,-22.4],[16.94,-22.4],[16.86,-22.37],[16.86,-22.17],[16.83,-22.12],[16.79,-22.1],[16.54,-22.1],[16.47,-22.12],[16.43,-22.15],[16.43,-22.18],[16.36,-22.17],[16.29,-22.1],[16.29,-22.06],[16.25,-22.01],[16.25,-21.95],[16.22,-21.91],[16.07,-21.85],[15.93,-21.73],[15.86,-21.65],[15.82,-21.58],[15.75,-21.51],[15.75,-21.43],[15.71,-21.4],[15.68,-21.4],[15.68,-21.26],[15.64,-21.21],[15.64,-20.86],[15.6,-20.83],[15.6,-20.79],[15.57,-20.78],[15.57,-20.63],[15.53,-20.56],[15.53,-20.44],[15.5,-20.39],[15.42,-20.32],[15.35,-20.29],[15.28,-20.27],[15.17,-20.17],[15.17,-20.09],[15.14,-20.02],[15.14,-19.99],[15.17,-19.97],[15.17,-19.91],[15.24,-19.87],[15.24,-19.74],[15.14,-19.64],[15.06,-19.61],[15.03,-19.61],[14.96,-19.57],[14.96,-19.52],[14.85,-19.5],[14.74,-19.5],[14.67,-19.49],[14.67,-19.39],[14.63,-19.37],[14.63,-19.32],[14.52,-19.29],[14.45,-19.25],[14.42,-19.22],[14.42,-19.2],[14.34,-19.14],[14.27,-19.1],[14.2,-19.09],[14.16,-19.05],[14.16,-18.9],[14.13,-18.87],[14.13,-18.8],[14.06,-18.79],[14.06,-18.67],[14.02,-18.65],[14.02,-18.6],[13.98,-18.57],[13.91,-18.52],[13.91,-18.48],[13.88,-18.47],[13.88,-18.43],[13.84,-18.42],[13.84,-18.32],[13.77,-18.3],[13.73,-18.3],[13.66,-18.27],[13.62,-18.22],[13.55,-18.15],[13.52,-18.12],[13.41,-18.08],[13.26,-17.97],[13.26,-17.85],[13.23,-17.85],[13.23,-17.8],[13.16,-17.78],[13.16,-17.61],[13.23,-17.6],[13.23,-17.55],[13.26,-17.53],[13.26,-17.41],[13.23,-17.38],[13.23,-17.31],[13.19,-17.3],[13.12,-17.3],[13.05,-17.23],[13.01,-17.23],[13.01,-17.2],[12.98,-17.16],[12.83,-17.1],[12.72,-17.1],[12.65,-17.08],[12.54,-17.05],[12.51,-17.01],[12.44,-16.93],[12.36,-16.86],[12.26,-16.69],[12.26,-16.61],[12.33,-16.59],[12.33,-16.51],[12.36,-16.48],[12.36,-16.21],[12.44,-16.19],[12.44,-16.02],[12.4,-16.01],[12.36,-16.01],[12.26,-15.96],[12.26,-15.92],[12.22,-15.91],[12.08,-15.79],[12.08,-15.76],[12.0,-15.72],[11.93,-15.69],[11.86,-15.67],[11.79,-15.57],[11.72,-15.52],[11.64,-15.42],[11.64,-15.34],[11.57,-15.27],[11.54,-15.24],[11.5,-15.22],[11.5,-15.19],[11.46,-15.15],[11.46,-14.94],[11.5,-14.9],[11.75,-14.9],[11.86,-14.89],[11.9,-14.85],[11.97,-14.84],[12.04,-14.75],[12.04,-14.55],[12.11,-14.5],[12.22,-14.5],[12.44,-14.5],[12.54,-14.49],[12.54,-14.47]],[[18.16,-16.69],[18.16,-16.63],[18.12,-16.61],[18.09,-16.61],[17.98,-16.71],[17.98,-16.74],[17.94,-16.76],[17.98,-16.79],[18.09,-16.79],[18.12,-16.78],[18.12,-16.76],[18.16,-16.74],[18.16,-16.69]],[[18.56,-16.79],[18.56,-16.74],[18.52,-16.73],[18.52,-16.69],[18.48,-16.69],[18.48,-16.73],[18.45,-16.74],[18.45,-16.86],[18.48,-16.88],[18.48,-16.91],[18.56,-16.86],[18.56,-16.79]],[[19.35,-17.25],[19.35,-17.21],[19.28,-17.21],[19.24,-17.23],[19.24,-17.26],[19.28,-17.3],[19.35,-17.3],[19.35,-17.25]],[[19.56,-17.6],[19.56,-17.55],[19.53,-17.55],[19.53,-17.53],[19.46,-17.5],[19.42,-17.53],[19.35,-17.53],[19.35,-17.55],[19.38,-17.56],[19.38,-17.6],[19.49,-17.7],[19.56,-17.68],[19.56,-17.6]],[[17.84,-17.75],[17.84,-17.61],[17.8,-17.6],[17.76,-17.63],[17.76,-17.87],[17.84,-17.88],[17.84,-17.75]],[[19.17,-17.85],[19.13,-17.82],[19.06,-17.82],[19.06,-17.88],[19.13,-17.9],[19.13,-17.87],[19.17,-17.85]],[[17.69,-18.07],[17.66,-18.03],[17.58,-18.0],[17.55,-18.03],[17.55,-18.15],[17.62,-18.2],[17.69,-18.2],[17.76,-18.17],[17.73,-18.15],[17.73,-18.12],[17.69,-18.07]],[[17.84,-18.25],[17.84,-18.2],[17.76,-18.2],[17.76,-18.3],[17.84,-18.3],[17.84,-18.25]],[[18.34,-18.25],[18.34,-18.22],[18.27,-18.2],[18.16,-18.2],[18.09,-18.22],[18.05,-18.25],[18.05,-18.35],[18.12,-18.45],[18.16,-18.47],[18.23,-18.48],[18.23,-18.45],[18.27,-18.45],[18.27,-18.42],[18.3,-18.4],[18.38,-18.4],[18.45,-18.45],[18.45,-18.75],[18.48,-18.79],[18.56,-18.75],[18.59,-18.72],[18.63,-18.7],[18.63,-18.6],[18.56,-18.57],[18.56,-18.52],[18.59,-18.5],[18.66,-18.55],[18.66,-18.58],[18.74,-18.57],[18.81,-18.5],[18.84,-18.45],[18.84,-18.22],[18.81,-18.2],[18.74,-18.27],[18.63,-18.37],[18.56,-18.38],[18.56,-18.33],[18.52,-18.3],[18.45,-18.3],[18.38,-18.3],[18.38,-18.27],[18.34,-18.25]],[[17.94,-18.35],[17.94,-18.3],[17.87,-18.3],[17.87,-18.33],[17.84,-18.33],[17.87,-18.37],[17.87,-18.4],[17.94,-18.4],[17.94,-18.35]],[[23.45,-18.45],[23.45,-18.42],[23.38,-18.4],[23.34,-18.43],[23.34,-18.47],[23.38,-18.48],[23.45,-18.48],[23.45,-18.45]],[[28.38,-19.77],[28.31,-19.71],[28.27,-19.71],[28.27,-19.76],[28.24,-19.81],[28.24,-19.89],[28.27,-19.92],[28.27,-19.97],[28.31,-19.99],[28.38,-19.99],[28.45,-19.96],[28.45,-19.89],[28.42,-19.84],[28.42,-19.82],[28.38,-19.77]],[[23.45,-19.82],[23.42,-19.81],[23.31,-19.81],[23.27,-19.82],[23.27,-19.87],[23.24,-19.91],[23.27,-19.94],[23.27,-19.99],[23.31,-19.97],[23.38,-19.92],[23.42,-19.91],[23.42,-19.87],[23.45,-19.82]],[[25.22,-19.92],[25.22,-19.89],[25.14,-19.86],[25.14,-19.82],[25.07,-19.81],[25.07,-20.04],[25.04,-20.11],[25.04,-20.37],[25.0,-20.39],[25.0,-20.43],[24.96,-20.44],[24.96,-20.86],[25.04,-20.89],[25.11,-20.89],[25.14,-20.88],[25.14,-20.83],[25.22,-20.79],[25.29,-20.79],[25.36,-20.73],[25.36,-20.49],[25.32,-20.46],[25.32,-20.41],[25.25,-20.34],[25.29,-20.32],[25.36,-20.26],[25.36,-20.14],[25.32,-20.09],[25.32,-20.02],[25.29,-19.97],[25.22,-19.92]],[[29.28,-19.87],[29.21,-19.82],[29.17,-19.81],[29.17,-19.82],[29.14,-19.86],[29.14,-19.92],[29.17,-19.96],[29.17,-19.97],[29.21,-19.99],[29.32,-19.99],[29.35,-19.97],[29.35,-19.96],[29.32,-19.94],[29.32,-19.91],[29.28,-19.87]],[[24.35,-20.34],[24.35,-20.31],[24.28,-20.29],[24.24,-20.32],[24.24,-20.37],[24.32,-20.41],[24.35,-20.39],[24.35,-20.34]],[[23.45,-20.74],[23.45,-20.73],[23.38,-20.71],[23.34,-20.73],[23.34,-20.78],[23.38,-20.79],[23.45,-20.78],[23.45,-20.74]],[[29.14,-20.86],[29.14,-20.81],[29.1,-20.79],[29.07,-20.81],[29.07,-20.89],[29.14,-20.89],[29.14,-20.86]],[[24.46,-21.09],[24.46,-21.04],[24.42,-21.03],[24.42,-21.01],[24.39,-21.01],[24.35,-21.03],[24.35,-21.18],[24.42,-21.19],[24.42,-21.18],[24.46,-21.16],[24.46,-21.09]],[[28.56,-21.09],[28.56,-21.06],[28.53,-21.04],[28.53,-21.01],[28.49,-21.01],[28.45,-21.03],[28.45,-21.18],[28.53,-21.19],[28.53,-21.16],[28.56,-21.14],[28.56,-21.09]],[[21.15,-21.85],[21.15,-21.8],[21.08,-21.8],[21.04,-21.83],[21.04,-21.86],[21.08,-21.9],[21.15,-21.9],[21.15,-21.85]],[[28.85,-21.85],[28.85,-21.81],[28.81,-21.8],[28.71,-21.8],[28.63,-21.85],[28.71,-21.9],[28.81,-21.9],[28.85,-21.88],[28.85,-21.85]],[[22.16,-22.2],[22.16,-22.15],[22.12,-22.13],[22.12,-22.1],[22.08,-22.1],[22.08,-22.13],[22.05,-22.15],[22.05,-22.25],[22.08,-22.27],[22.08,-22.3],[22.12,-22.3],[22.12,-22.27],[22.16,-22.25],[22.16,-22.2]],[[24.14,-22.3],[24.14,-22.23],[24.1,-22.2],[24.06,-22.2],[23.99,-22.23],[23.92,-22.28],[23.88,-22.33],[23.88,-22.4],[23.85,-22.45],[23.85,-22.65],[23.88,-22.7],[24.03,-22.7],[24.1,-22.7],[24.17,-22.75],[24.17,-22.78],[24.24,-22.77],[24.28,-22.7],[24.32,-22.7],[24.35,-22.73],[24.35,-22.78],[24.39,-22.8],[24.42,-22.78],[24.42,-22.75],[24.46,-22.7],[24.46,-22.38],[24.42,-22.35],[24.42,-22.32],[24.39,-22.3],[24.28,-22.3],[24.24,-22.33],[24.24,-22.4],[24.17,-22.4],[24.17,-22.33],[24.14,-22.3]],[[24.96,-22.85],[24.96,-22.7],[24.93,-22.67],[24.93,-22.62],[24.89,-22.6],[24.75,-22.6],[24.64,-22.65],[24.57,-22.73],[24.57,-23.17],[24.64,-23.19],[24.64,-23.2],[24.71,-23.2],[24.75,-23.22],[24.75,-23.29],[24.78,-23.3],[24.86,-23.3],[24.96,-23.25],[25.0,-23.22],[25.0,-23.19],[25.04,-23.17],[25.04,-23.12],[25.0,-23.12],[25.0,-23.09],[24.96,-23.05],[24.96,-22.85]],[[21.87,-23.15],[21.83,-23.14],[21.83,-23.1],[21.76,-23.12],[21.76,-23.19],[21.8,-23.2],[21.87,-23.15]],[[23.6,-23.47],[23.52,-23.42],[23.45,-23.4],[23.45,-23.5],[23.49,-23.54],[23.49,-23.59],[23.56,-23.64],[23.56,-23.69],[23.63,-23.72],[23.67,-23.69],[23.67,-23.64],[23.63,-23.62],[23.63,-23.54],[23.6,-23.5],[23.6,-23.47]],[[24.86,-23.64],[24.78,-23.6],[24.71,-23.6],[24.68,-23.62],[24.64,-23.65],[24.71,-23.7],[24.78,-23.72],[24.82,-23.69],[24.86,-23.69],[24.86,-23.64]],[[27.84,-24.16],[27.84,-24.11],[27.77,-24.11],[27.77,-24.21],[27.84,-24.19],[27.84,-24.16]],[[28.27,-24.17],[28.24,-24.12],[28.17,-24.11],[28.17,-24.16],[28.09,-24.21],[27.99,-24.21],[27.95,-24.22],[27.95,-24.24],[27.99,-24.26],[27.99,-24.29],[28.09,-24.37],[28.13,-24.39],[28.2,-24.37],[28.27,-24.32],[28.31,-24.31],[28.31,-24.27],[28.35,-24.26],[28.35,-24.22],[28.27,-24.17]],[[23.96,-24.36],[23.92,-24.31],[23.81,-24.31],[23.74,-24.34],[23.74,-24.37],[23.78,-24.37],[23.81,-24.39],[23.92,-24.39],[23.96,-24.36]],[[24.35,-24.39],[24.35,-24.34],[24.32,-24.31],[24.14,-24.31],[24.06,-24.32],[24.06,-24.37],[24.1,-24.39],[24.21,-24.39],[24.24,-24.42],[24.24,-24.47],[24.32,-24.51],[24.35,-24.47],[24.35,-24.39]],[[23.06,-24.54],[23.06,-24.52],[22.98,-24.51],[22.95,-24.52],[22.95,-24.57],[23.06,-24.57],[23.06,-24.54]],[[24.86,-24.66],[24.86,-24.61],[24.82,-24.59],[24.75,-24.62],[24.75,-24.67],[24.78,-24.69],[24.86,-24.67],[24.86,-24.66]],[[23.74,-24.84],[23.74,-24.83],[23.7,-24.81],[23.52,-24.81],[23.45,-24.83],[23.45,-24.86],[23.52,-24.89],[23.7,-24.89],[23.74,-24.88],[23.74,-24.84]],[[28.24,-24.84],[28.24,-24.81],[28.17,-24.81],[28.17,-24.89],[28.24,-24.89],[28.24,-24.84]],[[29.46,-24.96],[29.46,-24.93],[29.43,-24.93],[29.43,-24.89],[29.35,-24.91],[29.35,-24.98],[29.43,-24.98],[29.46,-24.96]],[[23.16,-25.14],[23.13,-25.11],[23.06,-25.13],[23.06,-25.18],[23.13,-25.19],[23.16,-25.14]],[[27.16,-25.14],[27.12,-25.11],[27.01,-25.11],[26.94,-25.14],[26.94,-25.28],[27.01,-25.29],[27.01,-25.28],[27.05,-25.26],[27.12,-25.19],[27.12,-25.16],[27.16,-25.14]],[[26.94,-25.34],[26.94,-25.31],[26.87,-25.29],[26.87,-25.39],[26.94,-25.39],[26.94,-25.34]],[[29.53,-25.34],[29.53,-25.31],[29.5,-25.29],[29.43,-25.29],[29.35,-25.31],[29.35,-25.38],[29.43,-25.39],[29.53,-25.39],[29.53,-25.34]],[[30.94,-25.34],[30.94,-25.29],[30.87,-25.29],[30.87,-25.39],[30.94,-25.39],[30.94,-25.34]],[[26.15,-25.56],[26.15,-25.51],[26.08,-25.49],[26.08,-25.53],[26.04,-25.53],[26.04,-25.58],[26.08,-25.58],[26.08,-25.6],[26.15,-25.6],[26.15,-25.56]],[[26.26,-25.65],[26.26,-25.61],[26.19,-25.6],[26.15,-25.61],[26.15,-25.68],[26.22,-25.7],[26.26,-25.68],[26.26,-25.65]],[[30.94,-25.75],[30.94,-25.71],[30.87,-25.71],[30.87,-25.8],[30.94,-25.8],[30.94,-25.75]],[[27.55,-25.95],[27.52,-25.9],[27.41,-25.9],[27.34,-25.93],[27.34,-25.96],[27.37,-25.96],[27.41,-26.0],[27.52,-26.0],[27.55,-25.95]],[[27.09,-26.06],[27.01,-26.01],[26.94,-26.03],[26.94,-26.15],[26.98,-26.16],[26.98,-26.2],[27.01,-26.2],[27.09,-26.2],[27.16,-26.18],[27.12,-26.13],[27.12,-26.1],[27.09,-26.06]],[[27.34,-26.05],[27.34,-26.01],[27.23,-26.0],[27.16,-26.01],[27.16,-26.06],[27.27,-26.16],[27.41,-26.2],[27.48,-26.2],[27.55,-26.18],[27.55,-26.13],[27.48,-26.1],[27.41,-26.1],[27.34,-26.05]],[[26.65,-26.25],[26.65,-26.21],[26.58,-26.2],[26.55,-26.21],[26.55,-26.28],[26.58,-26.3],[26.65,-26.28],[26.65,-26.25]],[[30.25,-26.85],[30.25,-26.82],[30.22,-26.8],[30.15,-26.82],[30.15,-26.88],[30.18,-26.9],[30.25,-26.88],[30.25,-26.85]],[[28.56,-27.85],[28.53,-27.8],[28.45,-27.82],[28.45,-27.87],[28.53,-27.89],[28.56,-27.85]],[[28.74,-27.85],[28.74,-27.8],[28.67,-27.8],[28.67,-27.84],[28.63,-27.85],[28.67,-27.87],[28.67,-27.89],[28.74,-27.89],[28.74,-27.85]],[[29.75,-28.94],[29.75,-28.92],[29.68,-28.91],[29.64,-28.94],[29.64,-28.96],[29.68,-28.99],[29.75,-28.98],[29.75,-28.94]]]}},{"type":"Feature","properties":{"precip":10},"geometry":{"type":"Polygon","coordinates":[[[13.84,-14.5],[13.84,-14.47],[13.91,-14.4],[13.98,-14.4],[14.06,-14.47],[14.06,-14.55],[14.09,-14.57],[14.09,-14.6],[14.2,-14.6],[14.24,-14.62],[14.24,-14.67],[14.16,-14.69],[14.09,-14.69],[14.06,-14.7],[13.95,-14.7],[13.91,-14.69],[13.84,-14.69],[13.77,-14.67],[13.77,-14.6],[13.84,-14.59],[13.84,-14.5]]]}},{"type":"Feature","properties":{"precip":10},"geometry":{"type":"Polygon","coordinates":[[[33.1,-14.49],[33.17,-14.44],[33.21,-14.4],[33.31,-14.4],[33.35,-14.44],[33.35,-14.49],[33.39,-14.5],[33.46,-14.5],[33.53,-14.5],[33.57,-14.54],[33.57,-14.59],[33.6,-14.59],[33.71,-14.62],[33.71,-14.64],[33.78,-14.65],[33.78,-14.69],[33.85,-14.74],[33.85,-14.77],[33.93,-14.79],[33.96,-14.75],[33.96,-14.72],[34.0,-14.7],[34.18,-14.85],[34.18,-14.87],[34.25,-14.9],[34.32,-14.92],[34.32,-14.95],[34.36,-14.97],[34.36,-15.29],[34.32,-15.34],[34.32,-15.39],[34.25,-15.44],[34.32,-15.51],[34.32,-15.54],[34.36,-15.57],[34.36,-15.72],[34.39,-15.76],[34.39,-15.79],[34.43,-15.81],[34.43,-15.84],[34.47,-15.86],[34.54,-15.91],[34.54,-15.99],[34.5,-16.01],[34.43,-16.01],[34.36,-15.97],[34.36,-15.92],[34.29,-15.89],[34.21,-15.89],[34.14,-15.86],[34.14,-15.72],[34.11,-15.71],[34.0,-15.71],[34.0,-15.67],[33.96,-15.67],[33.96,-15.57],[33.89,-15.49],[33.85,-15.46],[33.85,-15.42],[33.78,-15.42],[33.78,-15.44],[33.75,-15.47],[33.67,-15.51],[33.64,-15.51],[33.57,-15.47],[33.57,-15.36],[33.53,-15.34],[33.53,-15.31],[33.49,-15.29],[33.46,-15.32],[33.46,-15.46],[33.42,-15.47],[33.42,-15.51],[33.39,-15.51],[33.39,-15.46],[33.35,-15.42],[33.35,-15.07],[33.31,-15.04],[33.31,-15.0],[33.28,-14.99],[33.28,-14.94],[33.24,-14.9],[33.24,-14.79],[33.28,-14.75],[33.28,-14.72],[33.31,-14.7],[33.39,-14.7],[33.42,-14.67],[33.46,-14.67],[33.46,-14.65],[33.42,-14.62],[33.35,-14.62],[33.31,-14.6],[33.13,-14.6],[33.06,-14.59],[33.06,-14.54],[33.1,-14.5],[33.1,-14.49]],[[33.85,-15.05],[33.85,-15.02],[33.78,-15.0],[33.75,-15.02],[33.75,-15.09],[33.78,-15.1],[33.85,-15.09],[33.85,-15.05]],[[34.14,-15.1],[34.14,-15.02],[34.11,-15.0],[34.0,-15.0],[33.96,-15.02],[33.96,-15.17],[34.03,-15.2],[34.07,-15.2],[34.14,-15.17],[34.14,-15.1]]]}},{"type":"Feature","properties":{"precip":10},"geometry":{"type":"Polygon","coordinates":[[[51.31,-14.49],[51.38,-14.44],[51.46,-14.4],[51.56,-14.4],[51.64,-14.45],[51.74,-14.54],[51.74,-14.59],[51.71,-14.6],[51.53,-14.6],[51.46,-14.64],[51.46,-14.67],[51.42,-14.67],[51.35,-14.7],[51.28,-14.67],[51.24,-14.64],[51.24,-14.6],[51.28,-14.55],[51.28,-14.5],[51.31,-14.49]]]}},{"type":"Feature","properties":{"precip":10},"geometry":{"type":"Polygon","coordinates":[[[78.52,-14.47],[78.52,-14.44],[78.6,-14.4],[78.67,-14.4],[78.74,-14.44],[78.74,-14.49],[78.67,-14.5],[78.6,-14.5],[78.52,-14.49],[78.52,-14.47]]]}},{"type":"Feature","properties":{"precip":10},"geometry":{"type":"Polygon","coordinates":[[[89.21,-14.47],[89.21,-14.44],[89.32,-14.4],[89.36,-14.44],[89.36,-14.49],[89.32,-14.5],[89.21,-14.49],[89.21,-14.47]]]}},{"type":"Feature","properties":{"precip":10},"geometry":{"type":"Polygon","coordinates":[[[25.0,-14.57],[25.04,-14.54],[25.11,-14.5],[25.18,-14.5],[25.25,-14.54],[25.32,-14.62],[25.32,-14.65],[25.36,-14.72],[25.36,-14.77],[25.32,-14.82],[25.32,-14.87],[25.25,-14.95],[25.22,-14.95],[25.22,-14.99],[25.18,-15.0],[25.18,-15.05],[25.14,-15.07],[25.14,-15.19],[25.07,-15.2],[25.07,-15.26],[25.04,-15.27],[25.04,-15.37],[25.0,-15.42],[24.93,-15.47],[24.86,-15.46],[24.86,-15.42],[24.78,-15.41],[24.75,-15.41],[24.68,-15.42],[24.68,-15.46],[24.64,-15.51],[24.64,-15.57],[24.6,-15.59],[24.53,-15.59],[24.46,-15.62],[24.46,-15.66],[24.42,-15.66],[24.42,-15.69],[24.35,-15.66],[24.35,-15.64],[24.28,-15.57],[24.28,-15.52],[24.24,-15.49],[24.24,-15.42],[24.32,-15.41],[24.35,-15.37],[24.35,-15.22],[24.42,-15.09],[24.5,-15.02],[24.53,-14.95],[24.6,-14.92],[24.64,-14.94],[24.64,-14.95],[24.75,-15.0],[24.82,-15.0],[24.82,-15.04],[24.86,-15.05],[24.86,-15.26],[24.93,-15.29],[24.93,-15.24],[24.96,-15.2],[24.96,-15.02],[25.0,-14.99],[25.04,-14.99],[25.04,-14.8],[24.96,-14.8],[24.96,-14.65],[25.0,-14.62],[25.0,-14.57]]]}},{"type":"Feature","properties":{"precip":10},"geometry":{"type":"Polygon","coordinates":[[[95.66,-14.55],[95.66,-14.5],[95.69,-14.5],[95.69,-14.52],[95.77,-14.52],[95.77,-14.57],[95.69,-14.59],[95.66,-14.59],[95.66,-14.55]]]}},{"type":"Feature","properties":{"precip":10},"geometry":{"type":"Polygon","coordinates":[[[97.24,-14.6],[97.24,-14.55],[97.28,-14.54],[97.28,-14.5],[97.31,-14.5],[97.31,-14.67],[97.28,-14.69],[97.28,-14.65],[97.24,-14.65],[97.24,-14.6]]]}},{"type":"Feature","properties":{"precip":10},"geometry":{"type":"Polygon","coordinates":[[[25.47,-14.65],[25.47,-14.62],[25.5,-14.6],[25.58,-14.6],[25.65,-14.62],[25.65,-14.67],[25.58,-14.69],[25.58,-14.7],[25.47,-14.69],[25.47,-14.65]]]}},{"type":"Feature","properties":{"precip":10},"geometry":{"type":"Polygon","coordinates":[[[49.26,-14.64],[49.26,-14.62],[49.33,-14.6],[49.51,-14.6],[49.55,-14.64],[49.55,-14.65],[49.48,-14.74],[49.4,-14.79],[49.37,-14.75],[49.3,-14.72],[49.3,-14.69],[49.26,-14.67],[49.26,-14.64]]]}},{"type":"Feature","properties":{"precip":10},"geometry":{"type":"Polygon","coordinates":[[[89.11,-14.65],[89.18,-14.62],[89.21,-14.6],[89.36,-14.6],[89.43,-14.62],[89.47,-14.65],[89.36,-14.69],[89.32,-14.7],[89.21,-14.69],[89.11,-14.65]]]}},{"type":"Feature","properties":{"precip":10},"geometry":{"type":"Polygon","coordinates":[[[92.81,-14.75],[92.81,-14.65],[92.92,-14.6],[92.96,-14.6],[93.03,-14.62],[93.03,-14.65],[93.07,-14.67],[93.07,-14.82],[93.03,-14.84],[93.03,-14.89],[92.96,-14.9],[92.92,-14.9],[92.81,-14.84],[92.81,-14.75]]]}},{"type":"Feature","properties":{"precip":10},"geometry":{"type":"Polygon","coordinates":[[[24.46,-14.75],[24.46,-14.72],[24.5,-14.7],[24.6,-14.7],[24.64,-14.72],[24.64,-14.79],[24.6,-14.8],[24.5,-14.8],[24.46,-14.79],[24.46,-14.75]]]}},{"type":"Feature","properties":{"precip":10},"geometry":{"type":"Polygon","coordinates":[[[25.93,-14.75],[26.01,-14.7],[26.19,-14.7],[26.26,-14.74],[26.26,-14.77],[26.22,-14.77],[26.19,-14.8],[26.01,-14.8],[25.93,-14.75]]]}},{"type":"Feature","properties":{"precip":10},"geometry":{"type":"Polygon","coordinates":[[[49.84,-14.75],[49.87,-14.74],[49.87,-14.7],[49.94,-14.7],[49.94,-14.8],[49.87,-14.8],[49.87,-14.77],[49.84,-14.75]]]}},{"type":"Feature","properties":{"precip":10},"geometry":{"type":"Polygon","coordinates":[[[98.43,-14.8],[98.43,-14.72],[98.5,-14.7],[98.61,-14.7],[98.65,-14.75],[98.65,-15.15],[98.61,-15.17],[98.61,-15.2],[98.54,-15.22],[98.54,-15.32],[98.54,-15.36],[98.54,-15.49],[98.43,-15.49],[98.43,-15.36],[98.43,-15.34],[98.43,-15.31],[98.29,-15.27],[98.25,-15.26],[98.25,-15.14],[98.29,-15.12],[98.29,-15.1],[98.36,-15.07],[98.36,-14.94],[98.39,-14.9],[98.43,-14.9],[98.43,-14.85],[98.43,-14.84],[98.43,-14.8]]]}},{"type":"Feature","properties":{"precip":10},"geometry":{"type":"Polygon","coordinates":[[[19.17,-14.85],[19.17,-14.8],[19.2,-14.8],[19.24,-14.8],[19.24,-14.89],[19.17,-14.9],[19.17,-14.85]]]}},{"type":"Feature","properties":{"precip":10},"geometry":{"type":"Polygon","coordinates":[[[26.44,-14.85],[26.44,-14.82],[26.47,-14.82],[26.47,-14.8],[26.55,-14.8],[26.55,-14.89],[26.47,-14.9],[26.47,-14.87],[26.44,-14.85]]]}},{"type":"Feature","properties":{"precip":10},"geometry":{"type":"Polygon","coordinates":[[[30.54,-14.9],[30.54,-14.85],[30.58,-14.82],[30.58,-14.8],[30.65,-14.8],[30.69,-14.85],[30.69,-14.9],[30.72,-14.9],[30.72,-14.85],[30.87,-14.8],[30.94,-14.8],[30.94,-14.89],[30.9,-14.9],[30.79,-14.9],[30.76,-14.92],[30.76,-14.95],[30.65,-15.0],[30.58,-14.99],[30.58,-14.95],[30.54,-14.95],[30.54,-14.9]]]}},{"type":"Feature","properties":{"precip":10},"geometry":{"type":"Polygon","coordinates":[[[19.42,-15.0],[19.42,-14.95],[19.49,-14.9],[19.53,-14.9],[19.53,-14.95],[19.56,-14.95],[19.56,-15.09],[19.64,-15.1],[19.64,-15.49],[19.56,-15.49],[19.56,-15.42],[19.53,-15.42],[19.53,-15.41],[19.49,-15.41],[19.46,-15.42],[19.46,-15.54],[19.38,-15.59],[19.28,-15.59],[19.28,-15.57],[19.24,-15.52],[19.17,-15.54],[19.06,-15.62],[19.06,-15.66],[18.99,-15.69],[18.95,-15.66],[18.95,-15.62],[18.88,-15.59],[18.84,-15.59],[18.77,-15.62],[18.77,-15.66],[18.74,-15.71],[18.74,-15.79],[18.66,-15.79],[18.66,-15.74],[18.63,-15.72],[18.56,-15.71],[18.45,-15.71],[18.38,-15.69],[18.38,-15.66],[18.34,-15.64],[18.34,-15.57],[18.41,-15.51],[18.41,-15.47],[18.48,-15.42],[18.52,-15.41],[18.59,-15.41],[18.66,-15.36],[18.66,-15.31],[18.74,-15.29],[18.81,-15.29],[18.84,-15.27],[18.84,-15.15],[18.88,-15.12],[18.88,-15.1],[18.95,-15.1],[18.99,-15.15],[18.99,-15.2],[19.02,-15.2],[19.02,-15.14],[19.13,-15.1],[19.24,-15.1],[19.35,-15.05],[19.35,-15.04],[19.42,-15.0]]]}},{"type":"Feature","properties":{"precip":10},"geometry":{"type":"Polygon","coordinates":[[[26.94,-14.99],[26.94,-14.94],[26.98,-14.9],[27.05,-14.94],[27.12,-15.04],[27.19,-15.09],[27.23,-15.12],[27.23,-15.17],[27.27,-15.2],[27.27,-15.26],[27.3,-15.27],[27.3,-15.32],[27.34,-15.34],[27.37,-15.39],[27.45,-15.39],[27.45,-15.34],[27.52,-15.29],[27.52,-15.32],[27.59,-15.39],[27.66,-15.34],[27.73,-15.26],[27.88,-15.12],[27.95,-15.1],[27.95,-15.15],[27.91,-15.17],[27.91,-15.2],[27.84,-15.26],[27.77,-15.34],[27.77,-15.47],[27.84,-15.51],[27.91,-15.51],[27.95,-15.56],[27.95,-15.94],[27.91,-15.97],[27.84,-16.01],[27.63,-16.01],[27.55,-15.99],[27.41,-15.92],[27.37,-15.89],[27.37,-15.84],[27.41,-15.79],[27.45,-15.77],[27.45,-15.72],[27.3,-15.61],[27.16,-15.57],[27.16,-15.54],[27.12,-15.51],[27.01,-15.51],[26.98,-15.49],[26.98,-15.44],[26.94,-15.42],[26.94,-15.26],[26.91,-15.22],[26.91,-15.17],[26.83,-15.14],[26.91,-15.12],[26.91,-15.09],[26.94,-15.07],[26.94,-14.99]]]}},{"type":"Feature","properties":{"precip":10},"geometry":{"type":"Polygon","coordinates":[[[49.91,-14.97],[49.98,-14.92],[50.02,-14.9],[50.05,-14.92],[50.05,-14.99],[49.98,-15.0],[49.94,-15.04],[49.94,-15.07],[49.98,-15.1],[50.05,-15.1],[50.12,-15.1],[50.2,-15.17],[50.2,-15.2],[50.23,-15.24],[50.23,-15.27],[50.27,-15.31],[50.27,-15.39],[50.3,-15.41],[50.34,-15.44],[50.41,-15.49],[50.41,-15.56],[50.45,-15.57],[50.45,-15.87],[50.38,-15.89],[50.38,-15.84],[50.34,-15.81],[50.34,-15.62],[50.23,-15.59],[50.02,-15.59],[49.94,-15.56],[49.94,-15.42],[49.87,-15.41],[49.73,-15.41],[49.66,-15.37],[49.66,-15.24],[49.69,-15.2],[49.76,-15.2],[49.84,-15.17],[49.84,-15.12],[49.87,-15.1],[49.87,-15.02],[49.91,-15.0],[49.91,-14.97]],[[50.16,-15.26],[50.16,-15.22],[50.09,-15.2],[50.05,-15.22],[50.05,-15.27],[50.12,-15.29],[50.16,-15.27],[50.16,-15.26]]]}},{"type":"Feature","properties":{"precip":10},"geometry":{"type":"Polygon","coordinates":[[[23.96,-15.05],[23.96,-15.02],[24.03,-15.0],[24.06,-15.04],[24.06,-15.07],[24.03,-15.1],[23.96,-15.09],[23.96,-15.05]]]}},{"type":"Feature","properties":{"precip":10},"geometry":{"type":"Polygon","coordinates":[[[26.55,-15.02],[26.58,-15.0],[26.73,-15.0],[26.73,-15.04],[26.76,-15.05],[26.76,-15.15],[26.73,-15.17],[26.73,-15.2],[26.65,-15.15],[26.58,-15.1],[26.58,-15.07],[26.55,-15.05],[26.55,-15.02]]]}},{"type":"Feature","properties":{"precip":10},"geometry":{"type":"Polygon","coordinates":[[[35.55,-15.02],[35.55,-15.0],[35.62,-14.99],[35.73,-15.02],[35.8,-15.07],[35.8,-15.1],[35.83,-15.12],[35.83,-15.19],[35.8,-15.2],[35.69,-15.19],[35.62,-15.14],[35.62,-15.1],[35.55,-15.05],[35.55,-15.02]]]}},{"type":"Feature","properties":{"precip":10},"geometry":{"type":"Polygon","coordinates":[[[37.24,-15.1],[37.24,-15.07],[37.27,-15.05],[37.27,-15.02],[37.31,-15.0],[37.49,-15.0],[37.56,-15.04],[37.56,-15.07],[37.63,-15.1],[37.63,-15.07],[37.67,-15.02],[37.71,-15.0],[37.81,-15.0],[37.85,-15.02],[37.85,-15.07],[37.92,-15.1],[37.99,-15.1],[38.07,-15.07],[38.07,-15.02],[38.14,-15.0],[38.14,-15.07],[38.03,-15.15],[37.92,-15.19],[37.78,-15.22],[37.74,-15.24],[37.74,-15.27],[37.71,-15.29],[37.67,-15.27],[37.67,-15.24],[37.6,-15.2],[37.53,-15.2],[37.53,-15.19],[37.45,-15.17],[37.45,-15.14],[37.42,-15.1],[37.38,-15.1],[37.27,-15.24],[37.27,-15.29],[37.38,-15.29],[37.38,-15.31],[37.45,-15.31],[37.45,-15.36],[37.42,-15.39],[37.42,-15.42],[37.35,-15.46],[37.24,-15.51],[37.17,-15.52],[37.13,-15.56],[37.13,-15.57],[37.09,-15.57],[37.02,-15.56],[37.02,-15.51],[36.95,-15.44],[36.95,-15.37],[36.99,-15.34],[36.99,-15.29],[37.02,-15.26],[37.13,-15.2],[37.2,-15.2],[37.24,-15.17],[37.24,-15.1]]]}},{"type":"Feature","properties":{"precip":10},"geometry":{"type":"Polygon","coordinates":[[[52.07,-15.1],[52.07,-15.0],[52.1,-15.0],[52.25,-15.12],[52.25,-15.17],[52.21,-15.19],[52.1,-15.27],[52.07,-15.29],[51.96,-15.29],[51.96,-15.2],[52.03,-15.19],[52.03,-15.14],[52.07,-15.1]]]}},{"type":"Feature","properties":{"precip":10},"geometry":{"type":"Polygon","coordinates":[[[16.54,-15.14],[16.58,-15.12],[16.58,-15.1],[16.65,-15.1],[16.65,-15.19],[16.58,-15.2],[16.58,-15.17],[16.54,-15.17],[16.54,-15.14]]]}},{"type":"Feature","properties":{"precip":10},"geometry":{"type":"Polygon","coordinates":[[[13.66,-15.26],[13.66,-15.22],[13.7,-15.2],[13.77,-15.2],[13.8,-15.22],[13.95,-15.34],[13.95,-15.37],[13.88,-15.41],[13.88,-15.36],[13.84,-15.32],[13.77,-15.29],[13.7,-15.29],[13.66,-15.27],[13.66,-15.26]]]}},{"type":"Feature","properties":{"precip":10},"geometry":{"type":"Polygon","coordinates":[[[15.24,-15.29],[15.24,-15.26],[15.32,-15.2],[15.39,-15.2],[15.46,-15.26],[15.46,-15.34],[15.42,-15.36],[15.42,-15.39],[15.39,-15.41],[15.32,-15.41],[15.24,-15.44],[15.24,-15.47],[15.17,-15.49],[15.17,-15.42],[15.21,-15.42],[15.21,-15.39],[15.24,-15.37],[15.24,-15.29]]]}},{"type":"Feature","properties":{"precip":10},"geometry":{"type":"Polygon","coordinates":[[[39.79,-15.27],[39.83,-15.26],[39.94,-15.2],[39.94,-15.26],[39.97,-15.26],[40.01,-15.29],[40.08,-15.29],[40.15,-15.32],[40.15,-15.39],[40.08,-15.41],[40.01,-15.41],[39.97,-15.42],[39.97,-15.44],[39.94,-15.46],[39.97,-15.47],[39.97,-15.51],[40.05,-15.52],[40.05,-15.57],[40.01,-15.59],[39.94,-15.56],[39.94,-15.52],[39.9,-15.51],[39.87,-15.52],[39.87,-15.57],[39.79,-15.59],[39.69,-15.59],[39.65,-15.57],[39.65,-15.54],[39.69,-15.51],[39.76,-15.51],[39.87,-15.46],[39.83,-15.41],[39.76,-15.37],[39.76,-15.32],[39.79,-15.31],[39.79,-15.27]]]}},{"type":"Feature","properties":{"precip":10},"geometry":{"type":"Polygon","coordinates":[[[22.77,-15.41],[22.77,-15.32],[22.84,-15.29],[22.91,-15.31],[22.95,-15.34],[22.95,-15.67],[22.88,-15.71],[22.88,-15.67],[22.84,-15.67],[22.84,-15.61],[22.77,-15.59],[22.7,-15.59],[22.66,-15.57],[22.66,-15.51],[22.73,-15.49],[22.73,-15.44],[22.77,-15.41]]]}},{"type":"Feature","properties":{"precip":10},"geometry":{"type":"Polygon","coordinates":[[[14.96,-15.44],[14.96,-15.42],[15.03,-15.41],[15.03,-15.44],[15.06,-15.46],[15.06,-15.52],[15.03,-15.56],[15.03,-15.57],[14.99,-15.59],[14.81,-15.59],[14.78,-15.57],[14.74,-15.57],[14.74,-15.54],[14.81,-15.51],[14.88,-15.51],[14.92,-15.47],[14.96,-15.47],[14.96,-15.44]]]}},{"type":"Feature","properties":{"precip":10},"geometry":{"type":"Polygon","coordinates":[[[26.22,-15.47],[26.29,-15.41],[26.33,-15.41],[26.37,-15.42],[26.37,-15.47],[26.47,-15.51],[26.62,-15.51],[26.65,-15.52],[26.65,-15.56],[26.62,-15.57],[26.62,-15.59],[26.55,-15.67],[26.47,-15.69],[26.44,-15.62],[26.37,-15.61],[26.37,-15.67],[26.29,-15.71],[26.26,-15.71],[26.15,-15.66],[26.15,-15.57],[26.19,-15.56],[26.19,-15.49],[26.22,-15.47]]]}},{"type":"Feature","properties":{"precip":10},"geometry":{"type":"Polygon","coordinates":[[[38.14,-15.59],[38.14,-15.57],[38.17,-15.54],[38.17,-15.51],[38.21,-15.51],[38.28,-15.57],[38.35,-15.66],[38.35,-15.69],[38.32,-15.71],[38.21,-15.71],[38.17,-15.67],[38.17,-15.64],[38.14,-15.62],[38.14,-15.59]]]}},{"type":"Feature","properties":{"precip":10},"geometry":{"type":"Polygon","coordinates":[[[15.24,-15.71],[15.24,-15.64],[15.28,-15.62],[15.28,-15.59],[15.32,-15.59],[15.35,-15.62],[15.35,-15.77],[15.32,-15.77],[15.32,-15.81],[15.24,-15.76],[15.24,-15.71]]]}},{"type":"Feature","properties":{"precip":10},"geometry":{"type":"Polygon","coordinates":[[[23.34,-15.66],[23.34,-15.62],[23.38,-15.59],[23.42,-15.59],[23.42,-15.62],[23.45,-15.64],[23.45,-15.86],[23.38,-15.89],[23.34,-15.87],[23.34,-15.82],[23.31,-15.81],[23.24,-15.81],[23.16,-15.79],[23.16,-15.72],[23.2,-15.71],[23.31,-15.71],[23.34,-15.66]]]}},{"type":"Feature","properties":{"precip":10},"geometry":{"type":"Polygon","coordinates":[[[33.42,-15.67],[33.46,-15.62],[33.53,-15.61],[33.53,-15.64],[33.57,-15.66],[33.57,-15.72],[33.53,-15.74],[33.53,-15.79],[33.46,-15.79],[33.46,-15.81],[33.35,-15.79],[33.35,-15.76],[33.39,-15.72],[33.39,-15.71],[33.42,-15.67]]]}},{"type":"Feature","properties":{"precip":10},"geometry":{"type":"Polygon","coordinates":[[[49.55,-15.66],[49.55,-15.62],[49.58,-15.59],[49.66,-15.61],[49.66,-15.69],[49.58,-15.69],[49.55,-15.66]]]}},{"type":"Feature","properties":{"precip":10},"geometry":{"type":"Polygon","coordinates":[[[19.24,-15.74],[19.31,-15.71],[19.38,-15.71],[19.46,-15.72],[19.46,-15.77],[19.42,-15.77],[19.38,-15.81],[19.31,-15.79],[19.24,-15.76],[19.24,-15.74]]]}},{"type":"Feature","properties":{"precip":10},"geometry":{"type":"Polygon","coordinates":[[[26.65,-15.74],[26.65,-15.72],[26.73,-15.71],[26.76,-15.72],[26.76,-15.77],[26.73,-15.77],[26.73,-15.81],[26.65,-15.79],[26.65,-15.74]]]}},{"type":"Feature","properties":{"precip":10},"geometry":{"type":"Polygon","coordinates":[[[70.86,-15.74],[70.86,-15.72],[70.93,-15.71],[71.0,-15.71],[71.04,-15.72],[71.04,-15.79],[70.93,-15.81],[70.93,-15.79],[70.86,-15.77],[70.86,-15.74]]]}},{"type":"Feature","properties":{"precip":10},"geometry":{"type":"Polygon","coordinates":[[[51.46,-15.86],[51.46,-15.82],[51.53,-15.81],[51.56,-15.84],[51.56,-15.87],[51.53,-15.89],[51.46,-15.87],[51.46,-15.86]]]}},{"type":"Feature","properties":{"precip":10},"geometry":{"type":"Polygon","coordinates":[[[23.06,-16.01],[23.06,-15.91],[23.09,-15.91],[23.16,-15.94],[23.24,-16.02],[23.27,-16.09],[23.34,-16.18],[23.34,-16.28],[23.38,-16.28],[23.38,-16.31],[23.42,-16.31],[23.42,-16.33],[23.45,-16.36],[23.45,-16.63],[23.42,-16.66],[23.42,-16.69],[23.31,-16.69],[23.27,-16.68],[23.27,-16.63],[23.24,-16.59],[23.24,-16.41],[23.16,-16.43],[23.16,-16.54],[23.13,-16.56],[23.13,-16.61],[23.09,-16.61],[23.09,-16.56],[23.06,-16.54],[23.06,-16.29],[23.02,-16.26],[23.02,-16.18],[22.95,-16.18],[22.95,-16.14],[23.02,-16.11],[23.02,-16.07],[23.06,-16.04],[23.06,-16.01]]]}},{"type":"Feature","properties":{"precip":10},"geometry":{"type":"Polygon","coordinates":[[[70.86,-15.96],[70.86,-15.91],[70.93,-15.89],[70.93,-15.92],[70.96,-15.92],[70.96,-15.97],[70.93,-15.97],[70.93,-16.01],[70.86,-15.99],[70.86,-15.96]]]}},{"type":"Feature","properties":{"precip":10},"geometry":{"type":"Polygon","coordinates":[[[97.75,-15.96],[97.75,-15.92],[97.78,-15.92],[97.78,-15.89],[97.85,-15.91],[97.85,-15.99],[97.78,-16.01],[97.78,-15.97],[97.75,-15.96]]]}},{"type":"Feature","properties":{"precip":10},"geometry":{"type":"Polygon","coordinates":[[[19.17,-16.09],[19.17,-16.01],[19.24,-16.02],[19.24,-16.18],[19.17,-16.19],[19.17,-16.09]]]}},{"type":"Feature","properties":{"precip":10},"geometry":{"type":"Polygon","coordinates":[[[39.04,-16.04],[39.07,-16.02],[39.07,-16.01],[39.15,-16.01],[39.15,-16.09],[39.07,-16.09],[39.07,-16.06],[39.04,-16.04]]]}},{"type":"Feature","properties":{"precip":10},"geometry":{"type":"Polygon","coordinates":[[[35.04,-16.13],[35.08,-16.11],[35.19,-16.11],[35.19,-16.09],[35.29,-16.11],[35.33,-16.13],[35.33,-16.18],[35.37,-16.19],[35.37,-16.31],[35.33,-16.33],[35.33,-16.39],[35.29,-16.39],[35.26,-16.36],[35.19,-16.28],[35.11,-16.23],[35.08,-16.18],[35.08,-16.16],[35.04,-16.13]]]}},{"type":"Feature","properties":{"precip":10},"geometry":{"type":"Polygon","coordinates":[[[50.3,-16.19],[50.34,-16.18],[50.34,-16.14],[50.38,-16.11],[50.45,-16.13],[50.45,-16.29],[50.38,-16.31],[50.38,-16.36],[50.34,-16.39],[50.34,-16.58],[50.23,-16.61],[50.16,-16.61],[50.05,-16.56],[50.05,-16.34],[50.09,-16.33],[50.09,-16.31],[50.16,-16.31],[50.23,-16.28],[50.23,-16.26],[50.3,-16.21],[50.3,-16.19]]]}},{"type":"Feature","properties":{"precip":10},"geometry":{"type":"Polygon","coordinates":[[[19.96,-16.24],[19.96,-16.21],[20.03,-16.19],[20.03,-16.23],[20.07,-16.24],[20.03,-16.28],[20.03,-16.31],[19.96,-16.29],[19.96,-16.24]]]}},{"type":"Feature","properties":{"precip":10},"geometry":{"type":"Polygon","coordinates":[[[33.1,-16.28],[33.17,-16.23],[33.17,-16.21],[33.24,-16.19],[33.24,-16.28],[33.21,-16.29],[33.21,-16.33],[33.1,-16.38],[33.06,-16.38],[33.06,-16.34],[33.1,-16.33],[33.1,-16.28]]]}},{"type":"Feature","properties":{"precip":10},"geometry":{"type":"Polygon","coordinates":[[[49.76,-16.31],[49.76,-16.23],[49.84,-16.19],[49.91,-16.21],[49.94,-16.24],[49.94,-16.56],[49.91,-16.59],[49.84,-16.61],[49.76,-16.58],[49.76,-16.51],[49.84,-16.48],[49.84,-16.43],[49.76,-16.39],[49.76,-16.31]]]}},{"type":"Feature","properties":{"precip":10},"geometry":{"type":"Polygon","coordinates":[[[27.12,-16.38],[27.19,-16.33],[27.3,-16.31],[27.41,-16.31],[27.45,-16.33],[27.45,-16.39],[27.37,-16.41],[27.37,-16.44],[27.34,-16.46],[27.34,-16.54],[27.37,-16.56],[27.37,-16.61],[27.45,-16.63],[27.45,-16.78],[27.37,-16.79],[27.37,-16.76],[27.34,-16.74],[27.34,-16.63],[27.3,-16.61],[27.27,-16.61],[27.12,-16.54],[27.09,-16.49],[27.09,-16.39],[27.12,-16.38]]]}},{"type":"Feature","properties":{"precip":10},"geometry":{"type":"Polygon","coordinates":[[[20.36,-16.48],[20.36,-16.43],[20.46,-16.39],[20.54,-16.39],[20.64,-16.43],[20.64,-16.48],[20.72,-16.49],[20.79,-16.49],[20.82,-16.51],[20.82,-16.54],[20.86,-16.56],[20.86,-16.81],[20.82,-16.84],[20.82,-16.89],[20.79,-16.91],[20.79,-16.88],[20.75,-16.88],[20.75,-16.74],[20.72,-16.71],[20.64,-16.69],[20.57,-16.69],[20.46,-16.66],[20.39,-16.61],[20.39,-16.56],[20.36,-16.51],[20.36,-16.48]]]}},{"type":"Feature","properties":{"precip":10},"geometry":{"type":"Polygon","coordinates":[[[24.14,-16.48],[24.17,-16.48],[24.17,-16.43],[24.24,-16.39],[24.28,-16.39],[24.35,-16.43],[24.35,-16.48],[24.39,-16.49],[24.46,-16.49],[24.46,-16.51],[24.57,-16.56],[24.64,-16.63],[24.64,-16.64],[24.75,-16.74],[24.89,-16.79],[25.0,-16.79],[25.04,-16.81],[25.04,-17.0],[24.96,-17.01],[24.96,-17.13],[24.93,-17.16],[24.93,-17.2],[24.86,-17.18],[24.86,-17.13],[24.78,-17.1],[24.68,-17.1],[24.6,-17.11],[24.53,-17.18],[24.5,-17.2],[24.5,-17.23],[24.46,-17.23],[24.46,-17.36],[24.42,-17.38],[24.42,-17.4],[24.35,-17.4],[24.35,-17.33],[24.32,-17.31],[24.21,-17.3],[24.1,-17.31],[24.03,-17.36],[24.03,-17.4],[23.99,-17.4],[23.96,-17.38],[23.88,-17.28],[23.88,-17.21],[23.85,-17.13],[23.85,-16.93],[23.88,-16.89],[23.88,-16.86],[23.92,-16.81],[23.92,-16.78],[23.99,-16.69],[24.1,-16.61],[24.1,-16.58],[24.14,-16.54],[24.14,-16.48]]]}},{"type":"Feature","properties":{"precip":10},"geometry":{"type":"Polygon","coordinates":[[[25.65,-16.43],[25.68,-16.39],[25.83,-16.51],[25.83,-16.59],[25.75,-16.56],[25.72,-16.51],[25.65,-16.46],[25.65,-16.43]]]}},{"type":"Feature","properties":{"precip":10},"geometry":{"type":"Polygon","coordinates":[[[36.27,-16.46],[36.27,-16.41],[36.34,-16.41],[36.34,-16.49],[36.27,-16.48],[36.27,-16.46]]]}},{"type":"Feature","properties":{"precip":10},"geometry":{"type":"Polygon","coordinates":[[[16.76,-16.69],[16.76,-16.63],[16.79,-16.61],[16.86,-16.63],[16.86,-16.66],[16.9,-16.71],[16.94,-16.73],[16.94,-16.79],[16.79,-16.79],[16.79,-16.78],[16.76,-16.76],[16.76,-16.69]]]}},{"type":"Feature","properties":{"precip":10},"geometry":{"type":"Polygon","coordinates":[[[25.47,-16.79],[25.47,-16.71],[25.5,-16.69],[25.54,-16.71],[25.54,-16.89],[25.47,-16.89],[25.47,-16.79]]]}},{"type":"Feature","properties":{"precip":10},"geometry":{"type":"Polygon","coordinates":[[[25.75,-16.73],[25.79,-16.69],[25.9,-16.78],[25.9,-16.81],[25.93,-16.83],[25.93,-16.89],[25.86,-16.86],[25.79,-16.79],[25.75,-16.76],[25.75,-16.73]]]}},{"type":"Feature","properties":{"precip":10},"geometry":{"type":"Polygon","coordinates":[[[49.84,-16.73],[49.87,-16.69],[49.91,-16.69],[49.98,-16.76],[49.98,-16.79],[50.02,-16.79],[50.02,-16.78],[50.09,-16.71],[50.12,-16.71],[50.23,-16.83],[50.23,-16.89],[50.16,-16.91],[50.09,-16.89],[50.02,-16.89],[49.94,-16.84],[49.87,-16.78],[49.87,-16.76],[49.84,-16.73]]]}},{"type":"Feature","properties":{"precip":10},"geometry":{"type":"Polygon","coordinates":[[[50.45,-16.76],[50.45,-16.73],[50.48,-16.69],[50.56,-16.71],[50.56,-16.78],[50.52,-16.79],[50.45,-16.78],[50.45,-16.76]]]}},{"type":"Feature","properties":{"precip":10},"geometry":{"type":"Polygon","coordinates":[[[27.16,-17.1],[27.16,-16.93],[27.19,-16.91],[27.27,-16.91],[27.34,-16.93],[27.45,-17.03],[27.45,-17.16],[27.37,-17.23],[27.27,-17.3],[27.19,-17.3],[27.16,-17.25],[27.16,-17.1]]]}},{"type":"Feature","properties":{"precip":10},"geometry":{"type":"Polygon","coordinates":[[[25.75,-17.06],[25.75,-17.01],[25.83,-17.0],[25.83,-17.03],[25.86,-17.03],[25.86,-17.08],[25.83,-17.08],[25.83,-17.1],[25.75,-17.08],[25.75,-17.06]]]}},{"type":"Feature","properties":{"precip":10},"geometry":{"type":"Polygon","coordinates":[[[49.84,-17.06],[49.87,-17.05],[49.87,-17.01],[49.91,-17.0],[49.98,-17.0],[50.05,-17.03],[50.05,-17.08],[49.98,-17.1],[49.91,-17.1],[49.87,-17.08],[49.87,-17.06],[49.84,-17.06]]]}},{"type":"Feature","properties":{"precip":10},"geometry":{"type":"Polygon","coordinates":[[[50.45,-17.15],[50.45,-17.06],[50.48,-17.01],[50.52,-17.0],[50.59,-17.0],[50.63,-17.01],[50.63,-17.05],[50.66,-17.06],[50.66,-17.18],[50.74,-17.21],[50.74,-17.28],[50.7,-17.3],[50.52,-17.3],[50.45,-17.25],[50.45,-17.15]]]}},{"type":"Feature","properties":{"precip":10},"geometry":{"type":"Polygon","coordinates":[[[90.65,-17.15],[90.65,-17.11],[90.73,-17.1],[90.73,-17.11],[90.73,-17.18],[90.73,-17.2],[90.65,-17.18],[90.65,-17.15]]]}},{"type":"Feature","properties":{"precip":10},"geometry":{"type":"Polygon","coordinates":[[[28.63,-17.45],[28.67,-17.4],[28.67,-17.33],[28.71,-17.3],[28.74,-17.31],[28.78,-17.36],[28.78,-17.4],[28.81,-17.4],[28.81,-17.38],[28.85,-17.36],[28.85,-17.33],[28.92,-17.31],[28.99,-17.38],[29.03,-17.41],[29.03,-17.5],[28.99,-17.53],[28.92,-17.56],[28.89,-17.61],[28.89,-17.66],[28.85,-17.68],[28.85,-17.75],[28.78,-17.8],[28.6,-17.8],[28.56,-17.76],[28.56,-17.61],[28.63,-17.58],[28.63,-17.45]]]}},{"type":"Feature","properties":{"precip":10},"geometry":{"type":"Polygon","coordinates":[[[32.56,-17.35],[32.56,-17.31],[32.63,-17.3],[32.63,-17.33],[32.67,-17.33],[32.67,-17.38],[32.63,-17.38],[32.63,-17.4],[32.56,-17.4],[32.56,-17.35]]]}},{"type":"Feature","properties":{"precip":10},"geometry":{"type":"Polygon","coordinates":[[[45.66,-17.35],[45.66,-17.31],[45.73,-17.3],[45.73,-17.33],[45.77,-17.35],[45.7,-17.4],[45.66,-17.4],[45.66,-17.35]]]}},{"type":"Feature","properties":{"precip":10},"geometry":{"type":"Polygon","coordinates":[[[49.84,-17.33],[49.91,-17.3],[49.98,-17.3],[50.05,-17.35],[50.05,-17.5],[50.02,-17.5],[49.91,-17.43],[49.91,-17.4],[49.87,-17.38],[49.87,-17.35],[49.84,-17.33]]]}},{"type":"Feature","properties":{"precip":10},"geometry":{"type":"Polygon","coordinates":[[[50.16,-17.35],[50.16,-17.31],[50.23,-17.3],[50.23,-17.33],[50.27,-17.35],[50.2,-17.4],[50.16,-17.4],[50.16,-17.35]]]}},{"type":"Feature","properties":{"precip":10},"geometry":{"type":"Polygon","coordinates":[[[52.64,-17.35],[52.68,-17.33],[52.68,-17.3],[52.75,-17.31],[52.75,-17.4],[52.68,-17.4],[52.68,-17.38],[52.64,-17.38],[52.64,-17.35]]]}},{"type":"Feature","properties":{"precip":10},"geometry":{"type":"Polygon","coordinates":[[[53.15,-17.35],[53.18,-17.3],[53.26,-17.31],[53.26,-17.4],[53.18,-17.4],[53.15,-17.38],[53.15,-17.35]]]}},{"type":"Feature","properties":{"precip":10},"geometry":{"type":"Polygon","coordinates":[[[25.04,-17.45],[25.07,-17.43],[25.07,-17.4],[25.14,-17.4],[25.14,-17.5],[25.07,-17.5],[25.07,-17.46],[25.04,-17.45]]]}},{"type":"Feature","properties":{"precip":10},"geometry":{"type":"Polygon","coordinates":[[[91.34,-17.55],[91.34,-17.5],[91.34,-17.4],[91.45,-17.41],[91.52,-17.5],[91.52,-17.55],[91.55,-17.55],[91.59,-17.58],[91.7,-17.61],[91.7,-17.7],[91.77,-17.75],[91.77,-17.85],[91.7,-17.87],[91.7,-18.0],[91.66,-18.0],[91.66,-17.88],[91.59,-17.85],[91.59,-17.82],[91.52,-17.71],[91.45,-17.7],[91.41,-17.7],[91.34,-17.68],[91.34,-17.61],[91.34,-17.58],[91.34,-17.55]]]}},{"type":"Feature","properties":{"precip":10},"geometry":{"type":"Polygon","coordinates":[[[25.86,-17.55],[25.86,-17.53],[25.9,-17.5],[25.93,-17.53],[25.93,-17.6],[25.86,-17.58],[25.86,-17.55]]]}},{"type":"Feature","properties":{"precip":10},"geometry":{"type":"Polygon","coordinates":[[[49.37,-17.55],[49.37,-17.53],[49.4,-17.5],[49.44,-17.53],[49.44,-17.6],[49.37,-17.6],[49.37,-17.55]]]}},{"type":"Feature","properties":{"precip":10},"geometry":{"type":"Polygon","coordinates":[[[49.04,-17.7],[49.04,-17.63],[49.08,-17.6],[49.12,-17.61],[49.22,-17.7],[49.22,-17.73],[49.26,-17.75],[49.22,-17.8],[49.12,-17.8],[49.04,-17.75],[49.04,-17.7]]]}},{"type":"Feature","properties":{"precip":10},"geometry":{"type":"Polygon","coordinates":[[[34.36,-17.9],[34.36,-17.82],[34.43,-17.8],[34.43,-17.85],[34.47,-17.85],[34.47,-17.95],[34.43,-17.97],[34.43,-18.0],[34.36,-17.98],[34.36,-17.9]]]}},{"type":"Feature","properties":{"precip":10},"geometry":{"type":"Polygon","coordinates":[[[50.45,-17.9],[50.45,-17.85],[50.48,-17.85],[50.48,-17.82],[50.52,-17.8],[50.59,-17.8],[50.63,-17.82],[50.63,-17.85],[50.66,-17.85],[50.66,-17.95],[50.63,-17.97],[50.63,-18.0],[50.56,-18.0],[50.48,-18.0],[50.48,-17.97],[50.45,-17.95],[50.45,-17.9]]]}},{"type":"Feature","properties":{"precip":10},"geometry":{"type":"Polygon","coordinates":[[[52.07,-17.85],[52.07,-17.82],[52.1,-17.8],[52.14,-17.82],[52.14,-17.9],[52.07,-17.9],[52.07,-17.85]]]}},{"type":"Feature","properties":{"precip":10},"geometry":{"type":"Polygon","coordinates":[[[45.26,-18.0],[45.26,-17.93],[45.34,-17.9],[45.52,-17.9],[45.55,-17.93],[45.55,-17.97],[45.48,-18.02],[45.44,-18.07],[45.37,-18.1],[45.34,-18.1],[45.26,-18.07],[45.26,-18.0]]]}},{"type":"Feature","properties":{"precip":10},"geometry":{"type":"Polygon","coordinates":[[[28.63,-18.05],[28.67,-18.03],[28.67,-18.0],[28.78,-18.0],[28.81,-18.02],[28.92,-18.12],[28.92,-18.2],[28.89,-18.2],[28.89,-18.17],[28.85,-18.15],[28.85,-18.13],[28.78,-18.1],[28.71,-18.1],[28.63,-18.05]]]}},{"type":"Feature","properties":{"precip":10},"geometry":{"type":"Polygon","coordinates":[[[36.66,-18.02],[36.7,-18.0],[36.73,-18.02],[36.81,-18.08],[36.81,-18.12],[36.84,-18.13],[36.84,-18.18],[36.73,-18.15],[36.66,-18.08],[36.66,-18.02]]]}},{"type":"Feature","properties":{"precip":10},"geometry":{"type":"Polygon","coordinates":[[[12.65,-18.2],[12.65,-18.13],[12.69,-18.1],[12.72,-18.1],[12.72,-18.15],[12.76,-18.15],[12.76,-18.23],[12.72,-18.27],[12.72,-18.3],[12.65,-18.28],[12.65,-18.2]]]}},{"type":"Feature","properties":{"precip":10},"geometry":{"type":"Polygon","coordinates":[[[27.84,-18.2],[27.84,-18.15],[27.88,-18.15],[27.88,-18.1],[27.91,-18.1],[27.95,-18.13],[27.95,-18.28],[27.88,-18.3],[27.88,-18.27],[27.84,-18.23],[27.84,-18.2]]]}},{"type":"Feature","properties":{"precip":10},"geometry":{"type":"Polygon","coordinates":[[[44.76,-18.15],[44.76,-18.12],[44.83,-18.1],[44.83,-18.13],[44.87,-18.15],[44.83,-18.17],[44.83,-18.2],[44.76,-18.18],[44.76,-18.15]]]}},{"type":"Feature","properties":{"precip":10},"geometry":{"type":"Polygon","coordinates":[[[32.27,-18.25],[32.27,-18.22],[32.31,-18.2],[32.41,-18.2],[32.45,-18.22],[32.45,-18.28],[32.41,-18.3],[32.31,-18.3],[32.27,-18.28],[32.27,-18.25]]]}},{"type":"Feature","properties":{"precip":10},"geometry":{"type":"Polygon","coordinates":[[[32.67,-18.4],[32.67,-18.2],[32.77,-18.25],[32.77,-18.28],[32.85,-18.32],[32.92,-18.42],[32.92,-18.45],[32.95,-18.5],[32.95,-18.58],[32.88,-18.6],[32.88,-18.57],[32.85,-18.55],[32.85,-18.42],[32.81,-18.4],[32.77,-18.42],[32.77,-18.45],[32.74,-18.47],[32.74,-18.6],[32.67,-18.58],[32.67,-18.4]]]}},{"type":"Feature","properties":{"precip":10},"geometry":{"type":"Polygon","coordinates":[[[35.37,-18.35],[35.37,-18.3],[35.44,-18.3],[35.44,-18.4],[35.37,-18.4],[35.37,-18.35]]]}},{"type":"Feature","properties":{"precip":10},"geometry":{"type":"Polygon","coordinates":[[[35.15,-18.45],[35.15,-18.42],[35.22,-18.4],[35.26,-18.42],[35.26,-18.45],[35.19,-18.5],[35.11,-18.6],[35.04,-18.65],[34.97,-18.79],[34.97,-18.85],[34.93,-18.9],[34.93,-18.95],[34.97,-18.99],[35.04,-19.02],[35.04,-19.07],[35.01,-19.09],[34.93,-19.09],[34.9,-19.1],[34.83,-19.1],[34.75,-19.14],[34.75,-19.17],[34.72,-19.2],[34.61,-19.2],[34.57,-19.17],[34.54,-19.17],[34.54,-19.14],[34.57,-19.14],[34.57,-19.1],[34.65,-19.07],[34.65,-18.95],[34.68,-18.94],[34.68,-18.9],[34.72,-18.9],[34.79,-18.9],[34.83,-18.89],[34.83,-18.85],[34.86,-18.82],[34.86,-18.69],[34.83,-18.67],[34.83,-18.6],[34.75,-18.58],[34.75,-18.53],[34.83,-18.5],[35.01,-18.5],[35.04,-18.48],[35.15,-18.47],[35.15,-18.45]]]}},{"type":"Feature","properties":{"precip":10},"geometry":{"type":"Polygon","coordinates":[[[36.34,-18.45],[36.37,-18.43],[36.37,-18.4],[36.45,-18.42],[36.45,-18.53],[36.34,-18.67],[36.19,-18.79],[36.16,-18.77],[36.16,-18.53],[36.19,-18.5],[36.27,-18.5],[36.34,-18.48],[36.34,-18.45]]]}},{"type":"Feature","properties":{"precip":10},"geometry":{"type":"Polygon","coordinates":[[[44.65,-18.48],[44.65,-18.45],[44.69,-18.42],[44.76,-18.4],[44.8,-18.42],[44.9,-18.5],[44.94,-18.55],[44.94,-18.65],[44.98,-18.67],[44.98,-18.7],[45.01,-18.7],[45.05,-18.74],[45.05,-18.82],[45.01,-18.87],[45.01,-18.9],[44.94,-18.95],[44.94,-18.97],[44.87,-18.99],[44.87,-18.95],[44.83,-18.92],[44.76,-18.9],[44.72,-18.9],[44.65,-18.92],[44.65,-18.97],[44.58,-19.0],[44.51,-19.0],[44.47,-18.97],[44.47,-18.92],[44.44,-18.9],[44.47,-18.89],[44.47,-18.82],[44.51,-18.8],[44.65,-18.77],[44.65,-18.72],[44.54,-18.67],[44.54,-18.63],[44.62,-18.6],[44.65,-18.58],[44.65,-18.48]]]}},{"type":"Feature","properties":{"precip":10},"geometry":{"type":"Polygon","coordinates":[[[51.96,-18.6],[51.96,-18.43],[52.0,-18.4],[52.03,-18.42],[52.03,-18.52],[52.07,-18.57],[52.07,-18.63],[52.03,-18.69],[52.03,-18.79],[52.0,-18.79],[51.96,-18.75],[51.96,-18.6]]]}},{"type":"Feature","properties":{"precip":10},"geometry":{"type":"Polygon","coordinates":[[[32.34,-18.75],[32.38,-18.7],[32.45,-18.72],[32.45,-18.77],[32.49,-18.79],[32.56,-18.79],[32.56,-18.8],[32.7,-18.8],[32.74,-18.82],[32.74,-18.87],[32.59,-18.99],[32.56,-19.0],[32.49,-18.99],[32.45,-18.94],[32.45,-18.84],[32.41,-18.8],[32.38,-18.8],[32.38,-18.77],[32.34,-18.77],[32.34,-18.75]]]}},{"type":"Feature","properties":{"precip":10},"geometry":{"type":"Polygon","coordinates":[[[32.85,-18.74],[32.88,-18.7],[32.99,-18.7],[33.03,-18.72],[33.03,-18.75],[33.06,-18.75],[33.06,-18.87],[32.99,-18.9],[32.95,-18.85],[32.88,-18.8],[32.88,-18.77],[32.85,-18.74]]]}},{"type":"Feature","properties":{"precip":10},"geometry":{"type":"Polygon","coordinates":[[[55.34,-18.75],[55.38,-18.7],[55.45,-18.72],[55.45,-18.79],[55.38,-18.8],[55.38,-18.77],[55.34,-18.77],[55.34,-18.75]]]}},{"type":"Feature","properties":{"precip":10},"geometry":{"type":"Polygon","coordinates":[[[85.87,-19.1],[85.87,-19.02],[85.87,-19.0],[85.97,-19.04],[85.97,-19.09],[86.05,-19.05],[86.05,-19.04],[86.19,-19.0],[86.33,-19.0],[86.44,-19.04],[86.44,-19.05],[86.48,-19.05],[86.48,-19.09],[86.55,-19.09],[86.59,-19.1],[86.62,-19.1],[86.73,-19.12],[86.73,-19.14],[86.8,-19.19],[86.84,-19.24],[86.95,-19.29],[86.98,-19.3],[87.2,-19.3],[87.23,-19.32],[87.23,-19.37],[87.23,-19.39],[87.23,-19.5],[87.31,-19.5],[87.34,-19.52],[87.34,-19.76],[87.38,-19.79],[87.38,-19.86],[87.41,-19.89],[87.41,-19.94],[87.45,-19.97],[87.49,-19.99],[87.56,-19.97],[87.56,-19.82],[87.59,-19.81],[87.59,-19.74],[87.67,-19.71],[87.67,-19.52],[87.74,-19.5],[87.85,-19.5],[87.92,-19.52],[87.95,-19.56],[87.95,-19.82],[87.99,-19.84],[87.99,-19.91],[88.06,-19.94],[88.06,-19.97],[87.99,-19.97],[87.99,-19.99],[87.99,-20.02],[87.95,-20.04],[87.95,-20.07],[87.99,-20.07],[87.99,-20.11],[87.99,-20.12],[87.99,-20.19],[88.06,-20.24],[88.06,-20.74],[88.1,-20.78],[88.1,-20.81],[88.17,-20.86],[88.1,-20.88],[88.06,-20.91],[88.06,-20.98],[88.17,-21.01],[88.24,-20.98],[88.28,-20.94],[88.28,-20.91],[88.31,-20.89],[88.35,-20.96],[88.46,-21.01],[88.53,-20.98],[88.57,-20.94],[88.57,-20.91],[88.6,-20.89],[88.71,-20.89],[88.75,-20.93],[88.75,-21.08],[88.78,-21.11],[88.78,-21.18],[88.82,-21.19],[88.82,-21.23],[88.85,-21.28],[88.85,-21.3],[88.96,-21.26],[88.96,-21.23],[88.96,-21.19],[89.03,-21.21],[89.07,-21.26],[89.07,-21.3],[89.11,-21.3],[89.11,-21.19],[89.18,-21.16],[89.18,-21.13],[89.21,-21.09],[89.32,-21.13],[89.36,-21.18],[89.43,-21.21],[89.43,-21.23],[89.47,-21.3],[89.54,-21.28],[89.54,-21.24],[89.61,-21.19],[89.68,-21.19],[89.72,-21.18],[89.72,-21.13],[89.83,-21.09],[89.86,-21.09],[89.93,-21.13],[89.93,-21.16],[89.97,-21.18],[89.97,-21.3],[90.04,-21.33],[90.04,-21.38],[89.97,-21.4],[89.97,-21.38],[89.97,-21.35],[89.93,-21.31],[89.9,-21.31],[89.86,-21.35],[89.86,-21.5],[89.9,-21.5],[89.93,-21.51],[89.93,-21.6],[89.97,-21.63],[89.97,-21.68],[89.93,-21.71],[89.93,-21.8],[89.9,-21.8],[89.9,-21.81],[89.86,-21.83],[89.86,-22.1],[89.83,-22.13],[89.83,-22.2],[89.79,-22.2],[89.72,-22.23],[89.72,-22.38],[89.72,-22.4],[89.68,-22.4],[89.65,-22.43],[89.65,-22.53],[89.57,-22.62],[89.54,-22.68],[89.47,-22.72],[89.43,-22.78],[89.36,-22.85],[89.18,-23.02],[89.11,-23.15],[89.07,-23.19],[89.07,-23.69],[89.11,-23.72],[89.18,-23.72],[89.21,-23.74],[89.21,-23.84],[89.29,-23.86],[89.29,-23.91],[89.32,-23.92],[89.36,-23.96],[89.43,-23.96],[89.65,-23.77],[89.68,-23.74],[89.83,-23.54],[89.83,-23.49],[89.86,-23.47],[89.86,-23.32],[89.9,-23.3],[89.93,-23.3],[89.93,-23.24],[89.97,-23.22],[89.97,-23.1],[90.04,-23.12],[90.04,-23.17],[90.11,-23.2],[90.19,-23.2],[90.22,-23.24],[90.29,-23.27],[90.29,-23.3],[90.33,-23.37],[90.33,-23.44],[90.47,-23.59],[90.58,-23.65],[90.69,-23.72],[90.73,-23.72],[90.73,-23.74],[90.73,-23.77],[90.8,-23.79],[90.83,-23.79],[90.94,-23.8],[90.94,-23.86],[91.01,-23.91],[91.09,-23.91],[91.16,-23.87],[91.23,-23.84],[91.3,-23.77],[91.34,-23.74],[91.45,-23.65],[91.55,-23.45],[91.55,-23.32],[91.45,-23.3],[91.45,-23.32],[91.45,-23.45],[91.41,-23.47],[91.41,-23.49],[91.34,-23.55],[91.34,-23.59],[91.27,-23.64],[91.19,-23.69],[91.16,-23.65],[91.09,-23.6],[91.09,-23.49],[91.16,-23.44],[91.23,-23.4],[91.27,-23.4],[91.34,-23.37],[91.34,-23.35],[91.45,-23.25],[91.45,-23.14],[91.45,-23.1],[91.55,-23.12],[91.55,-23.19],[91.59,-23.19],[91.59,-23.15],[91.66,-23.12],[91.66,-22.85],[91.7,-22.8],[91.81,-22.7],[91.81,-22.68],[91.84,-22.67],[91.84,-22.48],[91.84,-22.47],[91.84,-22.4],[91.91,-22.4],[91.91,-22.38],[91.95,-22.37],[91.95,-22.08],[91.95,-22.01],[92.02,-22.0],[92.06,-22.01],[92.06,-22.06],[92.09,-22.08],[92.17,-22.05],[92.2,-21.96],[92.2,-21.9],[92.27,-21.88],[92.27,-21.81],[92.35,-21.76],[92.45,-21.61],[92.45,-21.45],[92.38,-21.38],[92.38,-21.31],[92.45,-21.26],[92.45,-21.21],[92.45,-21.19],[92.53,-21.18],[92.53,-21.14],[92.56,-21.13],[92.56,-21.03],[92.6,-20.99],[92.63,-20.99],[92.63,-20.94],[92.67,-20.91],[92.67,-20.83],[92.71,-20.79],[92.81,-20.79],[92.81,-20.76],[92.81,-20.64],[92.89,-20.64],[92.89,-20.61],[92.92,-20.61],[92.92,-20.64],[92.96,-20.66],[92.96,-20.86],[93.03,-20.89],[93.17,-20.89],[93.21,-20.88],[93.28,-20.88],[93.39,-20.83],[93.46,-20.74],[93.53,-20.69],[93.53,-20.66],[93.64,-20.63],[93.64,-20.61],[93.71,-20.61],[93.75,-20.58],[93.75,-20.44],[93.82,-20.41],[93.93,-20.41],[94.04,-20.37],[94.04,-20.29],[94.07,-20.26],[94.07,-20.22],[94.18,-20.19],[94.18,-20.21],[94.29,-20.21],[94.33,-20.24],[94.4,-20.27],[94.4,-20.31],[94.43,-20.32],[94.43,-20.39],[94.4,-20.41],[94.33,-20.41],[94.25,-20.44],[94.25,-20.58],[94.15,-20.76],[94.04,-20.86],[93.89,-20.91],[93.82,-20.94],[93.82,-21.06],[93.79,-21.09],[93.79,-21.13],[93.75,-21.14],[93.75,-21.28],[93.68,-21.31],[93.68,-21.36],[93.64,-21.4],[93.64,-21.6],[93.57,-21.6],[93.57,-21.63],[93.57,-21.91],[93.53,-21.96],[93.53,-22.08],[93.46,-22.1],[93.43,-22.1],[93.32,-22.13],[93.32,-22.17],[93.32,-22.2],[93.21,-22.27],[93.21,-22.35],[93.17,-22.4],[93.07,-22.55],[92.96,-22.6],[92.92,-22.7],[92.81,-22.75],[92.81,-22.8],[92.81,-22.83],[92.71,-22.88],[92.71,-22.99],[92.71,-23.0],[92.67,-23.05],[92.6,-23.09],[92.6,-23.14],[92.56,-23.15],[92.56,-23.24],[92.53,-23.25],[92.53,-23.3],[92.42,-23.37],[92.42,-23.4],[92.38,-23.44],[92.38,-23.49],[92.35,-23.54],[92.35,-23.79],[92.38,-23.82],[92.38,-23.91],[92.45,-23.92],[92.45,-23.97],[92.35,-24.01],[92.27,-23.97],[92.27,-23.92],[92.2,-23.91],[92.2,-23.8],[92.17,-23.8],[92.17,-23.92],[92.13,-23.96],[92.13,-24.01],[92.06,-24.04],[92.06,-24.07],[92.13,-24.09],[92.13,-24.14],[92.17,-24.17],[92.17,-24.29],[92.2,-24.31],[92.2,-24.49],[92.17,-24.52],[92.17,-24.61],[92.13,-24.64],[92.13,-24.67],[92.09,-24.69],[92.06,-24.76],[91.95,-24.79],[91.95,-24.78],[91.95,-24.73],[91.84,-24.71],[91.77,-24.83],[91.77,-24.89],[91.84,-24.89],[91.91,-24.91],[91.95,-24.94],[91.95,-25.09],[91.84,-25.11],[91.84,-25.14],[91.84,-25.16],[91.84,-25.28],[91.81,-25.29],[91.7,-25.29],[91.59,-25.19],[91.59,-25.14],[91.55,-25.13],[91.55,-25.03],[91.52,-24.99],[91.45,-25.01],[91.45,-25.08],[91.34,-25.11],[91.27,-25.09],[91.27,-25.04],[91.19,-24.99],[91.09,-24.99],[91.09,-25.01],[91.09,-25.04],[91.05,-25.06],[91.05,-25.18],[90.98,-25.19],[90.98,-25.16],[90.91,-25.13],[90.91,-25.08],[90.83,-25.01],[90.73,-25.01],[90.73,-25.14],[90.73,-25.16],[90.73,-25.19],[90.65,-25.18],[90.65,-25.06],[90.58,-25.04],[90.58,-24.99],[90.55,-24.94],[90.55,-24.93],[90.47,-24.93],[90.47,-24.94],[90.4,-24.99],[90.33,-25.04],[90.29,-25.11],[90.22,-25.18],[90.19,-25.19],[90.15,-25.18],[90.15,-25.03],[90.08,-24.99],[89.93,-24.99],[89.86,-24.98],[89.86,-24.84],[89.79,-24.81],[89.54,-24.81],[89.47,-24.83],[89.47,-24.89],[89.54,-24.91],[89.54,-25.09],[89.47,-25.11],[89.47,-25.09],[89.47,-25.04],[89.36,-25.01],[89.32,-24.99],[89.18,-24.99],[89.11,-25.01],[89.03,-25.06],[89.03,-25.09],[88.96,-25.08],[88.96,-25.04],[88.85,-24.99],[88.85,-25.03],[88.85,-25.08],[88.82,-25.08],[88.78,-25.11],[88.71,-25.11],[88.67,-25.13],[88.67,-25.18],[88.6,-25.19],[88.67,-25.23],[88.67,-25.28],[88.71,-25.29],[88.78,-25.29],[88.85,-25.34],[88.85,-25.46],[88.93,-25.49],[89.11,-25.49],[89.11,-25.48],[89.11,-25.44],[89.21,-25.41],[89.32,-25.41],[89.36,-25.44],[89.36,-25.56],[89.29,-25.6],[89.21,-25.6],[89.11,-25.63],[89.11,-25.68],[89.11,-25.7],[88.85,-25.7],[88.85,-25.66],[88.85,-25.51],[88.78,-25.51],[88.71,-25.58],[88.71,-25.6],[88.67,-25.65],[88.67,-25.8],[88.75,-25.81],[88.75,-25.95],[88.82,-26.0],[89.03,-26.0],[89.07,-26.01],[89.11,-26.01],[89.29,-26.06],[89.32,-26.1],[89.32,-26.13],[89.36,-26.15],[89.36,-26.18],[89.21,-26.21],[89.21,-26.26],[89.36,-26.3],[89.47,-26.3],[89.54,-26.31],[89.54,-26.36],[89.47,-26.38],[89.47,-26.43],[89.47,-26.47],[89.36,-26.5],[89.32,-26.5],[89.21,-26.47],[89.21,-26.43],[89.21,-26.4],[89.18,-26.42],[89.18,-26.45],[89.11,-26.48],[88.96,-26.5],[88.96,-26.52],[88.96,-26.57],[88.93,-26.57],[88.85,-26.6],[88.6,-26.6],[88.46,-26.63],[88.46,-26.67],[88.42,-26.67],[88.35,-26.7],[88.24,-26.7],[88.17,-26.72],[88.17,-26.88],[88.1,-26.92],[88.1,-26.98],[88.06,-27.02],[88.06,-27.15],[87.99,-27.17],[87.99,-27.2],[87.95,-27.23],[87.95,-27.37],[87.85,-27.4],[87.85,-27.42],[87.85,-27.44],[87.85,-27.57],[87.81,-27.59],[87.7,-27.59],[87.67,-27.6],[87.56,-27.6],[87.45,-27.64],[87.45,-27.67],[87.38,-27.7],[87.38,-27.65],[87.34,-27.62],[87.23,-27.6],[87.2,-27.6],[87.16,-27.59],[87.09,-27.59],[87.05,-27.57],[87.05,-27.52],[86.98,-27.5],[86.95,-27.5],[86.95,-27.49],[86.87,-27.47],[86.87,-27.45],[86.8,-27.42],[86.73,-27.35],[86.69,-27.3],[86.62,-27.34],[86.62,-27.4],[86.59,-27.42],[86.55,-27.45],[86.48,-27.49],[86.37,-27.5],[86.33,-27.54],[86.33,-27.59],[86.23,-27.57],[86.23,-27.54],[86.19,-27.5],[86.12,-27.5],[86.05,-27.55],[86.05,-27.67],[85.87,-27.79],[85.83,-27.79],[85.76,-27.8],[85.61,-27.85],[85.61,-27.87],[85.54,-27.97],[85.51,-27.97],[85.43,-28.0],[85.25,-28.0],[85.22,-28.02],[85.11,-28.04],[85.11,-28.07],[85.11,-28.09],[85.0,-28.02],[85.0,-27.99],[84.86,-27.94],[84.86,-27.9],[84.75,-27.89],[84.71,-27.89],[84.68,-27.87],[84.64,-27.87],[84.64,-27.82],[84.57,-27.8],[84.46,-27.8],[84.39,-27.77],[84.36,-27.74],[84.36,-27.35],[84.32,-27.3],[84.25,-27.3],[84.18,-27.27],[84.18,-27.2],[84.14,-27.15],[84.14,-26.92],[84.07,-26.9],[84.07,-26.73],[84.1,-26.7],[84.1,-26.67],[84.14,-26.67],[84.14,-26.63],[84.1,-26.63],[84.1,-26.6],[84.07,-26.58],[84.07,-26.5],[84.14,-26.5],[84.25,-26.47],[84.25,-26.42],[84.32,-26.4],[84.32,-26.36],[84.36,-26.35],[84.36,-26.33],[84.25,-26.3],[84.25,-26.26],[84.25,-26.23],[84.32,-26.2],[84.32,-26.18],[84.36,-26.13],[84.36,-26.03],[84.32,-26.0],[84.25,-26.0],[84.25,-25.96],[84.25,-25.95],[84.25,-25.85],[84.25,-25.83],[84.25,-25.8],[84.32,-25.8],[84.36,-25.76],[84.36,-25.66],[84.32,-25.61],[84.25,-25.56],[84.25,-25.53],[84.18,-25.48],[84.18,-25.44],[84.14,-25.43],[84.14,-25.33],[84.1,-25.29],[84.0,-25.24],[84.0,-25.21],[83.96,-25.14],[83.96,-25.06],[83.89,-25.04],[83.89,-24.99],[83.85,-24.96],[83.74,-24.86],[83.74,-24.81],[83.74,-24.74],[83.74,-24.64],[83.82,-24.57],[83.85,-24.56],[83.85,-24.37],[83.89,-24.34],[83.89,-24.31],[83.89,-24.29],[83.89,-24.26],[83.96,-24.24],[83.96,-24.07],[84.0,-23.97],[84.1,-23.92],[84.14,-23.91],[84.21,-23.91],[84.25,-23.87],[84.25,-23.75],[84.25,-23.74],[84.25,-23.72],[84.36,-23.74],[84.36,-23.77],[84.43,-23.79],[84.43,-23.77],[84.46,-23.75],[84.46,-23.62],[84.5,-23.6],[84.61,-23.6],[84.64,-23.59],[84.64,-23.55],[84.68,-23.5],[84.75,-23.5],[84.86,-23.54],[84.86,-23.59],[84.86,-23.6],[84.97,-23.57],[84.97,-23.54],[85.0,-23.49],[85.0,-23.42],[85.0,-23.0],[85.0,-22.99],[84.97,-22.99],[84.97,-22.93],[85.0,-22.88],[85.0,-22.83],[85.0,-22.82],[85.0,-22.78],[84.97,-22.73],[84.97,-22.42],[85.0,-22.37],[85.0,-21.45],[85.0,-21.4],[84.97,-21.38],[84.97,-21.26],[84.86,-21.21],[84.82,-21.19],[84.25,-21.19],[84.21,-21.19],[84.14,-21.19],[84.07,-21.16],[84.07,-21.08],[84.14,-20.98],[84.21,-20.88],[84.32,-20.81],[84.43,-20.78],[84.5,-20.73],[84.5,-20.69],[84.5,-20.66],[84.5,-20.63],[84.57,-20.58],[84.57,-20.53],[84.64,-20.49],[84.71,-20.49],[84.75,-20.48],[84.75,-20.43],[84.71,-20.41],[84.61,-20.41],[84.57,-20.39],[84.57,-20.31],[84.61,-20.29],[84.68,-20.29],[84.75,-20.32],[84.75,-20.37],[84.82,-20.41],[84.86,-20.41],[84.97,-20.43],[84.97,-20.48],[85.0,-20.49],[85.11,-20.49],[85.11,-20.48],[85.11,-20.43],[85.25,-20.41],[85.58,-20.41],[85.61,-20.39],[85.76,-20.36],[85.76,-20.32],[85.83,-20.29],[85.94,-20.29],[86.05,-20.27],[86.05,-20.22],[85.97,-20.19],[85.97,-20.12],[86.01,-20.11],[86.05,-20.12],[86.05,-20.16],[86.12,-20.19],[86.23,-20.19],[86.33,-20.16],[86.37,-20.11],[86.37,-20.07],[86.55,-20.01],[86.62,-19.99],[86.73,-19.99],[86.87,-19.96],[86.87,-19.91],[86.91,-19.91],[86.98,-19.97],[86.98,-19.99],[87.05,-19.97],[87.05,-19.94],[87.09,-19.91],[87.13,-19.91],[87.13,-19.94],[87.16,-19.97],[87.16,-19.99],[87.23,-19.97],[87.23,-19.94],[87.23,-19.91],[87.23,-19.87],[87.23,-19.86],[87.23,-19.82],[87.2,-19.79],[87.16,-19.79],[87.16,-19.66],[87.09,-19.61],[86.91,-19.61],[86.8,-19.57],[86.73,-19.57],[86.73,-19.49],[86.73,-19.45],[86.73,-19.4],[86.62,-19.39],[86.59,-19.4],[86.55,-19.44],[86.55,-19.49],[86.59,-19.49],[86.62,-19.54],[86.62,-19.69],[86.62,-19.74],[86.62,-19.81],[86.55,-19.86],[86.55,-19.87],[86.48,-19.87],[86.44,-19.86],[86.44,-19.82],[86.37,-19.77],[86.37,-19.71],[86.37,-19.69],[86.48,-19.69],[86.55,-19.67],[86.55,-19.62],[86.48,-19.61],[86.44,-19.61],[86.37,-19.59],[86.37,-19.4],[86.33,-19.37],[86.33,-19.32],[86.3,-19.3],[86.23,-19.3],[86.12,-19.27],[86.12,-19.22],[86.05,-19.2],[85.94,-19.2],[85.87,-19.17],[85.87,-19.1]],[[87.74,-19.84],[87.74,-19.81],[87.67,-19.82],[87.67,-19.89],[87.7,-19.91],[87.74,-19.89],[87.74,-19.84]],[[87.74,-20.26],[87.74,-20.02],[87.67,-20.01],[87.67,-20.12],[87.59,-20.16],[87.59,-20.19],[87.56,-20.19],[87.56,-20.16],[87.49,-20.12],[87.49,-20.11],[87.49,-20.12],[87.45,-20.14],[87.45,-20.17],[87.41,-20.17],[87.23,-20.22],[87.23,-20.31],[87.23,-20.34],[87.23,-20.39],[87.16,-20.41],[87.16,-20.48],[87.2,-20.49],[87.31,-20.49],[87.34,-20.48],[87.34,-20.43],[87.41,-20.41],[87.49,-20.41],[87.56,-20.43],[87.56,-20.58],[87.59,-20.58],[87.59,-20.63],[87.67,-20.64],[87.59,-20.66],[87.59,-20.69],[87.56,-20.73],[87.56,-20.76],[87.59,-20.81],[87.59,-20.88],[87.67,-20.89],[87.67,-21.08],[87.74,-21.09],[87.74,-20.98],[87.74,-20.96],[87.74,-20.91],[87.85,-20.88],[87.85,-20.73],[87.81,-20.69],[87.74,-20.68],[87.74,-20.63],[87.85,-20.58],[87.85,-20.53],[87.74,-20.49],[87.74,-20.34],[87.74,-20.29],[87.74,-20.26]],[[87.45,-20.71],[87.45,-20.64],[87.41,-20.61],[87.38,-20.61],[87.38,-20.64],[87.34,-20.66],[87.34,-20.73],[87.38,-20.74],[87.38,-20.79],[87.45,-20.76],[87.45,-20.71]],[[86.55,-22.45],[86.55,-22.4],[86.48,-22.4],[86.48,-22.42],[86.37,-22.48],[86.37,-22.53],[86.37,-22.57],[86.37,-22.62],[86.48,-22.67],[86.48,-22.7],[86.48,-22.73],[86.55,-22.75],[86.55,-22.87],[86.59,-22.88],[86.62,-22.85],[86.73,-22.78],[86.73,-22.72],[86.73,-22.68],[86.73,-22.62],[86.73,-22.57],[86.73,-22.55],[86.62,-22.5],[86.59,-22.5],[86.55,-22.45]],[[91.05,-24.96],[91.05,-24.91],[90.98,-24.89],[90.98,-24.93],[90.94,-24.93],[90.94,-24.98],[90.98,-24.99],[91.05,-24.98],[91.05,-24.96]],[[88.57,-25.44],[88.53,-25.41],[88.46,-25.43],[88.46,-25.48],[88.53,-25.49],[88.57,-25.44]],[[86.73,-26.55],[86.73,-26.5],[86.62,-26.52],[86.62,-26.55],[86.62,-26.58],[86.59,-26.62],[86.59,-26.65],[86.55,-26.68],[86.55,-26.8],[86.62,-26.8],[86.62,-26.78],[86.62,-26.72],[86.73,-26.73],[86.84,-26.82],[86.84,-26.85],[86.91,-26.88],[86.98,-26.83],[87.05,-26.75],[87.05,-26.67],[86.98,-26.65],[86.98,-26.62],[86.95,-26.62],[86.91,-26.6],[86.8,-26.6],[86.73,-26.58],[86.73,-26.55]],[[87.23,-26.8],[87.23,-26.72],[87.2,-26.7],[87.16,-26.72],[87.16,-26.87],[87.2,-26.9],[87.31,-26.9],[87.34,-26.88],[87.34,-26.83],[87.23,-26.8]],[[87.45,-26.75],[87.45,-26.72],[87.38,-26.7],[87.34,-26.73],[87.34,-26.78],[87.38,-26.8],[87.45,-26.8],[87.45,-26.75]],[[86.73,-27.1],[86.73,-27.05],[86.73,-27.02],[86.62,-27.0],[86.62,-27.03],[86.55,-27.07],[86.48,-27.12],[86.37,-27.17],[86.37,-27.22],[86.37,-27.25],[86.3,-27.3],[86.3,-27.34],[86.23,-27.35],[86.23,-27.39],[86.3,-27.4],[86.48,-27.4],[86.55,-27.37],[86.55,-27.25],[86.62,-27.2],[86.69,-27.2],[86.73,-27.18],[86.73,-27.13],[86.73,-27.12],[86.73,-27.1]],[[87.05,-27.1],[87.05,-27.03],[86.98,-27.0],[86.98,-27.03],[86.95,-27.05],[86.95,-27.15],[86.98,-27.17],[86.98,-27.2],[87.05,-27.17],[87.05,-27.1]]]}},{"type":"Feature","properties":{"precip":10},"geometry":{"type":"Polygon","coordinates":[[[94.54,-19.1],[94.54,-19.05],[94.58,-19.04],[94.58,-19.0],[94.58,-19.02],[94.69,-19.1],[94.69,-19.14],[94.76,-19.15],[94.76,-19.19],[94.69,-19.2],[94.58,-19.2],[94.58,-19.19],[94.58,-19.14],[94.54,-19.1]]]}},{"type":"Feature","properties":{"precip":10},"geometry":{"type":"Polygon","coordinates":[[[32.34,-19.15],[32.38,-19.1],[32.45,-19.12],[32.45,-19.19],[32.38,-19.2],[32.34,-19.15]]]}},{"type":"Feature","properties":{"precip":10},"geometry":{"type":"Polygon","coordinates":[[[44.26,-19.15],[44.26,-19.14],[44.33,-19.1],[44.47,-19.1],[44.54,-19.12],[44.54,-19.19],[44.47,-19.2],[44.33,-19.2],[44.26,-19.17],[44.26,-19.15]]]}},{"type":"Feature","properties":{"precip":10},"geometry":{"type":"Polygon","coordinates":[[[27.55,-19.34],[27.63,-19.27],[27.63,-19.25],[27.7,-19.2],[27.73,-19.22],[27.73,-19.29],[27.66,-19.32],[27.66,-19.37],[27.81,-19.5],[27.81,-19.52],[27.84,-19.56],[27.84,-19.79],[27.88,-19.82],[27.88,-19.89],[27.91,-19.91],[27.95,-19.96],[27.95,-20.16],[27.99,-20.17],[27.99,-20.21],[28.02,-20.21],[28.06,-20.24],[28.06,-20.34],[28.02,-20.37],[27.95,-20.41],[27.84,-20.41],[27.77,-20.37],[27.77,-20.27],[27.73,-20.21],[27.73,-20.01],[27.66,-19.97],[27.66,-19.86],[27.63,-19.82],[27.59,-19.81],[27.55,-19.82],[27.55,-19.86],[27.48,-19.89],[27.48,-19.87],[27.37,-19.77],[27.37,-19.72],[27.34,-19.67],[27.34,-19.66],[27.37,-19.61],[27.45,-19.59],[27.45,-19.49],[27.52,-19.4],[27.52,-19.37],[27.55,-19.34]]]}},{"type":"Feature","properties":{"precip":10},"geometry":{"type":"Polygon","coordinates":[[[29.35,-19.39],[29.35,-19.34],[29.39,-19.3],[29.43,-19.3],[29.43,-19.35],[29.46,-19.37],[29.46,-19.44],[29.43,-19.45],[29.43,-19.5],[29.35,-19.47],[29.35,-19.39]]]}},{"type":"Feature","properties":{"precip":10},"geometry":{"type":"Polygon","coordinates":[[[45.16,-19.39],[45.16,-19.34],[45.19,-19.3],[45.23,-19.3],[45.23,-19.35],[45.26,-19.37],[45.26,-19.44],[45.23,-19.45],[45.23,-19.5],[45.16,-19.47],[45.16,-19.39]]]}},{"type":"Feature","properties":{"precip":10},"geometry":{"type":"Polygon","coordinates":[[[33.24,-19.54],[33.28,-19.52],[33.28,-19.5],[33.35,-19.52],[33.35,-19.59],[33.28,-19.61],[33.28,-19.57],[33.24,-19.57],[33.24,-19.54]]]}},{"type":"Feature","properties":{"precip":10},"geometry":{"type":"Polygon","coordinates":[[[85.54,-19.52],[85.58,-19.5],[85.61,-19.52],[85.61,-19.54],[85.72,-19.61],[85.72,-19.66],[85.76,-19.67],[85.69,-19.67],[85.61,-19.67],[85.61,-19.64],[85.58,-19.57],[85.54,-19.52]]]}},{"type":"Feature","properties":{"precip":10},"geometry":{"type":"Polygon","coordinates":[[[32.74,-19.76],[32.74,-19.72],[32.77,-19.69],[32.77,-19.62],[32.85,-19.61],[32.85,-19.67],[33.03,-19.74],[33.13,-19.82],[33.13,-19.84],[33.17,-19.87],[33.13,-19.87],[33.06,-19.91],[32.99,-19.91],[32.95,-19.92],[32.95,-19.97],[33.03,-19.99],[33.03,-20.04],[33.06,-20.06],[33.06,-20.14],[33.03,-20.16],[33.03,-20.19],[32.95,-20.21],[32.88,-20.17],[32.85,-20.14],[32.85,-19.92],[32.81,-19.89],[32.77,-19.89],[32.77,-19.82],[32.74,-19.79],[32.74,-19.76]]]}},{"type":"Feature","properties":{"precip":10},"geometry":{"type":"Polygon","coordinates":[[[85.87,-19.66],[85.87,-19.61],[85.94,-19.61],[85.94,-19.69],[85.87,-19.69],[85.87,-19.66]]]}},{"type":"Feature","properties":{"precip":10},"geometry":{"type":"Polygon","coordinates":[[[86.05,-19.66],[86.05,-19.62],[86.12,-19.61],[86.12,-19.62],[86.12,-19.67],[86.08,-19.69],[86.05,-19.67],[86.05,-19.66]]]}},{"type":"Feature","properties":{"precip":10},"geometry":{"type":"Polygon","coordinates":[[[30.47,-19.84],[30.47,-19.71],[30.51,-19.71],[30.54,-19.74],[30.54,-20.17],[30.51,-20.19],[30.4,-20.12],[30.36,-20.07],[30.36,-20.02],[30.43,-19.97],[30.43,-19.87],[30.47,-19.84]]]}},{"type":"Feature","properties":{"precip":10},"geometry":{"type":"Polygon","coordinates":[[[84.75,-19.76],[84.75,-19.72],[84.82,-19.69],[84.93,-19.71],[84.97,-19.74],[84.86,-19.81],[84.82,-19.81],[84.75,-19.77],[84.75,-19.76]]]}},{"type":"Feature","properties":{"precip":10},"geometry":{"type":"Polygon","coordinates":[[[44.26,-19.96],[44.26,-19.92],[44.29,-19.91],[44.4,-19.91],[44.44,-19.92],[44.44,-19.97],[44.4,-19.99],[44.29,-19.99],[44.26,-19.97],[44.26,-19.96]]]}},{"type":"Feature","properties":{"precip":10},"geometry":{"type":"Polygon","coordinates":[[[32.56,-20.14],[32.56,-20.02],[32.63,-19.99],[32.67,-19.99],[32.74,-20.02],[32.74,-20.27],[32.7,-20.29],[32.59,-20.29],[32.56,-20.27],[32.56,-20.14]]]}},{"type":"Feature","properties":{"precip":10},"geometry":{"type":"Polygon","coordinates":[[[31.12,-20.19],[31.19,-20.12],[31.26,-20.11],[31.3,-20.12],[31.44,-20.24],[31.44,-20.39],[31.37,-20.43],[31.37,-20.58],[31.33,-20.63],[31.33,-20.76],[31.26,-20.83],[31.26,-20.86],[31.19,-20.88],[31.15,-20.88],[31.15,-20.84],[31.08,-20.79],[31.08,-20.76],[31.05,-20.73],[31.12,-20.69],[31.12,-20.64],[31.15,-20.58],[31.15,-20.36],[31.08,-20.27],[31.05,-20.26],[31.08,-20.24],[31.08,-20.21],[31.12,-20.19]]]}},{"type":"Feature","properties":{"precip":10},"geometry":{"type":"Polygon","coordinates":[[[44.36,-20.14],[44.36,-20.11],[44.44,-20.11],[44.44,-20.19],[44.36,-20.19],[44.36,-20.14]]]}},{"type":"Feature","properties":{"precip":10},"geometry":{"type":"Polygon","coordinates":[[[53.47,-20.26],[53.47,-20.21],[53.54,-20.21],[53.54,-20.29],[53.47,-20.29],[53.47,-20.26]]]}},{"type":"Feature","properties":{"precip":10},"geometry":{"type":"Polygon","coordinates":[[[18.45,-20.34],[18.52,-20.29],[18.59,-20.29],[18.66,-20.34],[18.59,-20.41],[18.52,-20.41],[18.48,-20.37],[18.45,-20.37],[18.45,-20.34]]]}},{"type":"Feature","properties":{"precip":10},"geometry":{"type":"Polygon","coordinates":[[[33.64,-20.37],[33.67,-20.32],[33.75,-20.29],[33.78,-20.29],[33.85,-20.32],[33.85,-20.37],[33.93,-20.41],[34.0,-20.41],[34.07,-20.44],[34.03,-20.46],[34.03,-20.49],[33.96,-20.49],[33.85,-20.56],[33.71,-20.68],[33.67,-20.74],[33.6,-20.81],[33.57,-20.88],[33.57,-20.94],[33.53,-20.98],[33.39,-21.01],[33.31,-20.99],[33.24,-20.96],[33.28,-20.91],[33.31,-20.89],[33.39,-20.89],[33.46,-20.88],[33.46,-20.83],[33.42,-20.79],[33.35,-20.76],[33.35,-20.64],[33.42,-20.61],[33.49,-20.58],[33.64,-20.46],[33.64,-20.37]]]}},{"type":"Feature","properties":{"precip":10},"geometry":{"type":"Polygon","coordinates":[[[37.74,-20.49],[37.74,-20.43],[37.78,-20.39],[37.78,-20.29],[37.81,-20.29],[37.85,-20.32],[37.85,-20.46],[37.89,-20.48],[37.96,-20.48],[37.96,-20.43],[38.03,-20.41],[38.17,-20.41],[38.25,-20.43],[38.25,-20.66],[38.14,-20.71],[37.85,-20.71],[37.78,-20.68],[37.78,-20.64],[37.74,-20.63],[37.74,-20.49]]]}},{"type":"Feature","properties":{"precip":10},"geometry":{"type":"Polygon","coordinates":[[[19.56,-20.56],[19.56,-20.51],[19.64,-20.53],[19.64,-20.74],[19.67,-20.79],[19.67,-20.88],[19.71,-20.89],[19.78,-20.89],[19.85,-20.94],[19.85,-21.08],[19.92,-21.09],[19.92,-21.06],[20.03,-20.98],[20.07,-20.93],[20.14,-20.89],[20.21,-20.91],[20.25,-20.94],[20.25,-21.21],[20.28,-21.24],[20.28,-21.3],[20.36,-21.33],[20.36,-21.36],[20.32,-21.4],[20.21,-21.4],[20.18,-21.41],[20.14,-21.46],[20.25,-21.5],[20.39,-21.5],[20.43,-21.51],[20.43,-21.55],[20.46,-21.6],[20.46,-21.86],[20.5,-21.88],[20.54,-21.93],[20.54,-22.32],[20.5,-22.38],[20.43,-22.47],[20.39,-22.5],[20.32,-22.5],[20.28,-22.48],[20.28,-22.45],[20.25,-22.4],[20.25,-22.23],[20.18,-22.2],[20.1,-22.2],[20.07,-22.17],[20.07,-22.05],[20.03,-22.01],[20.03,-21.93],[20.0,-21.91],[20.0,-21.88],[19.92,-21.81],[19.89,-21.81],[19.78,-21.9],[19.78,-21.98],[19.85,-22.01],[19.85,-22.08],[19.74,-22.1],[19.67,-22.1],[19.67,-22.06],[19.64,-22.05],[19.64,-22.01],[19.6,-22.0],[19.49,-22.0],[19.46,-21.96],[19.46,-21.75],[19.49,-21.73],[19.49,-21.7],[19.53,-21.7],[19.53,-21.66],[19.56,-21.65],[19.56,-21.61],[19.53,-21.58],[19.53,-21.55],[19.49,-21.5],[19.49,-21.48],[19.46,-21.45],[19.38,-21.43],[19.31,-21.4],[19.2,-21.4],[19.17,-21.38],[19.17,-21.35],[19.1,-21.31],[18.99,-21.31],[18.88,-21.28],[18.84,-21.24],[18.84,-21.16],[18.88,-21.13],[18.95,-21.09],[18.99,-21.09],[19.06,-21.13],[19.06,-21.18],[19.13,-21.19],[19.17,-21.16],[19.17,-21.13],[19.2,-21.11],[19.2,-21.08],[19.24,-21.06],[19.24,-21.03],[19.17,-20.99],[19.17,-20.91],[19.24,-20.86],[19.35,-20.81],[19.35,-20.79],[19.42,-20.79],[19.46,-20.78],[19.46,-20.73],[19.35,-20.71],[19.2,-20.71],[19.17,-20.69],[19.1,-20.69],[19.06,-20.68],[19.06,-20.64],[19.2,-20.61],[19.38,-20.61],[19.49,-20.58],[19.56,-20.56]],[[19.46,-20.94],[19.46,-20.91],[19.42,-20.89],[19.35,-20.91],[19.35,-20.98],[19.38,-21.01],[19.46,-20.98],[19.46,-20.94]],[[19.64,-20.94],[19.64,-20.89],[19.56,-20.91],[19.56,-20.99],[19.6,-21.01],[19.64,-20.99],[19.64,-20.94]],[[20.07,-21.35],[20.0,-21.31],[19.89,-21.31],[19.85,-21.33],[19.85,-21.38],[19.89,-21.4],[20.0,-21.4],[20.07,-21.35]]]}},{"type":"Feature","properties":{"precip":10},"geometry":{"type":"Polygon","coordinates":[[[21.94,-20.56],[21.94,-20.53],[22.01,-20.49],[22.05,-20.51],[22.05,-20.58],[21.98,-20.61],[21.94,-20.56]]]}},{"type":"Feature","properties":{"precip":10},"geometry":{"type":"Polygon","coordinates":[[[23.67,-20.53],[23.67,-20.49],[23.7,-20.49],[23.85,-20.56],[23.92,-20.64],[24.03,-20.71],[24.03,-20.79],[23.96,-20.79],[23.88,-20.76],[23.78,-20.69],[23.67,-20.56],[23.67,-20.53]]]}},{"type":"Feature","properties":{"precip":10},"geometry":{"type":"Polygon","coordinates":[[[93.07,-20.56],[93.07,-20.51],[93.14,-20.51],[93.14,-20.61],[93.07,-20.58],[93.07,-20.56]]]}},{"type":"Feature","properties":{"precip":10},"geometry":{"type":"Polygon","coordinates":[[[18.7,-20.68],[18.77,-20.63],[18.81,-20.63],[18.92,-20.71],[18.92,-20.81],[18.88,-20.83],[18.84,-20.88],[18.77,-20.88],[18.74,-20.86],[18.74,-20.83],[18.7,-20.81],[18.7,-20.78],[18.66,-20.76],[18.66,-20.73],[18.7,-20.71],[18.7,-20.68]]]}},{"type":"Feature","properties":{"precip":10},"geometry":{"type":"Polygon","coordinates":[[[30.25,-20.83],[30.33,-20.78],[30.36,-20.73],[30.47,-20.71],[30.54,-20.73],[30.54,-20.84],[30.58,-20.86],[30.58,-20.89],[30.65,-20.88],[30.65,-20.83],[30.69,-20.81],[30.76,-20.81],[30.76,-20.79],[30.83,-20.79],[30.94,-20.83],[30.94,-20.88],[30.9,-20.89],[30.83,-20.89],[30.76,-20.91],[30.76,-20.98],[30.72,-20.98],[30.69,-21.01],[30.61,-21.01],[30.54,-21.03],[30.54,-21.08],[30.47,-21.09],[30.36,-21.09],[30.25,-21.13],[30.25,-21.19],[30.22,-21.19],[30.15,-21.16],[30.15,-21.04],[30.18,-20.99],[30.18,-20.93],[30.25,-20.83]]]}},{"type":"Feature","properties":{"precip":10},"geometry":{"type":"Polygon","coordinates":[[[22.84,-20.94],[22.88,-20.89],[22.95,-20.91],[22.95,-20.99],[22.88,-21.01],[22.88,-20.98],[22.84,-20.98],[22.84,-20.94]]]}},{"type":"Feature","properties":{"precip":10},"geometry":{"type":"Polygon","coordinates":[[[29.53,-21.04],[29.57,-21.03],[29.57,-21.01],[29.64,-21.01],[29.64,-21.09],[29.57,-21.09],[29.57,-21.06],[29.53,-21.04]]]}},{"type":"Feature","properties":{"precip":10},"geometry":{"type":"Polygon","coordinates":[[[30.83,-21.18],[30.83,-21.14],[30.94,-21.11],[31.01,-21.11],[31.05,-21.13],[31.05,-21.18],[30.97,-21.19],[30.9,-21.19],[30.87,-21.23],[30.87,-21.35],[30.83,-21.35],[30.83,-21.4],[30.76,-21.38],[30.76,-21.24],[30.83,-21.18]]]}},{"type":"Feature","properties":{"precip":10},"geometry":{"type":"Polygon","coordinates":[[[29.71,-21.38],[29.79,-21.33],[29.86,-21.23],[29.93,-21.19],[29.97,-21.21],[29.97,-21.26],[29.93,-21.26],[29.93,-21.3],[29.86,-21.31],[29.86,-21.38],[29.89,-21.4],[30.0,-21.4],[30.04,-21.38],[30.04,-21.35],[30.11,-21.31],[30.18,-21.31],[30.25,-21.35],[30.25,-21.56],[30.18,-21.6],[30.0,-21.6],[29.97,-21.61],[29.89,-21.61],[29.86,-21.63],[29.86,-21.65],[29.75,-21.7],[29.64,-21.7],[29.57,-21.65],[29.57,-21.58],[29.64,-21.46],[29.71,-21.38]]]}},{"type":"Feature","properties":{"precip":10},"geometry":{"type":"Polygon","coordinates":[[[34.25,-21.5],[34.25,-21.45],[34.32,-21.4],[34.39,-21.4],[34.43,-21.41],[34.43,-21.5],[34.36,-21.56],[34.29,-21.6],[34.25,-21.6],[34.25,-21.5]]]}},{"type":"Feature","properties":{"precip":10},"geometry":{"type":"Polygon","coordinates":[[[35.04,-21.5],[35.04,-21.46],[35.08,-21.45],[35.08,-21.41],[35.11,-21.4],[35.19,-21.4],[35.22,-21.41],[35.22,-21.45],[35.26,-21.46],[35.26,-21.56],[35.19,-21.6],[35.15,-21.63],[35.15,-21.75],[35.11,-21.8],[35.01,-21.88],[34.97,-21.93],[34.97,-21.98],[34.93,-22.0],[34.93,-22.08],[34.86,-22.12],[34.86,-22.15],[34.75,-22.25],[34.65,-22.28],[34.57,-22.3],[34.29,-22.3],[34.21,-22.32],[34.14,-22.35],[34.14,-22.4],[34.07,-22.4],[34.07,-22.15],[34.11,-22.1],[34.11,-22.08],[34.14,-22.08],[34.14,-22.01],[34.07,-21.96],[34.07,-21.91],[34.11,-21.86],[34.18,-21.85],[34.25,-21.81],[34.32,-21.8],[34.5,-21.8],[34.54,-21.8],[34.61,-21.8],[34.65,-21.76],[34.65,-21.56],[34.68,-21.55],[34.68,-21.5],[34.75,-21.51],[34.75,-21.56],[34.83,-21.6],[35.01,-21.6],[35.04,-21.56],[35.04,-21.5]]]}},{"type":"Feature","properties":{"precip":10},"geometry":{"type":"Polygon","coordinates":[[[36.55,-21.53],[36.63,-21.48],[36.81,-21.4],[36.91,-21.41],[36.95,-21.45],[36.95,-21.63],[36.99,-21.65],[36.99,-21.7],[37.02,-21.71],[37.02,-21.78],[36.95,-21.86],[36.88,-21.91],[36.84,-21.95],[36.73,-22.0],[36.66,-22.01],[36.66,-22.08],[36.63,-22.08],[36.55,-22.1],[36.48,-22.03],[36.45,-21.95],[36.45,-21.78],[36.52,-21.6],[36.55,-21.53]]]}},{"type":"Feature","properties":{"precip":10},"geometry":{"type":"Polygon","coordinates":[[[22.16,-21.55],[22.16,-21.51],[22.23,-21.5],[22.26,-21.53],[22.26,-21.56],[22.23,-21.6],[22.16,-21.58],[22.16,-21.55]]]}},{"type":"Feature","properties":{"precip":10},"geometry":{"type":"Polygon","coordinates":[[[30.15,-21.8],[30.15,-21.75],[30.18,-21.73],[30.18,-21.7],[30.22,-21.7],[30.25,-21.73],[30.25,-21.86],[30.18,-21.9],[30.18,-21.86],[30.15,-21.85],[30.15,-21.8]]]}},{"type":"Feature","properties":{"precip":10},"geometry":{"type":"Polygon","coordinates":[[[35.65,-21.78],[35.65,-21.73],[35.69,-21.7],[35.73,-21.7],[35.76,-21.73],[35.76,-21.76],[35.8,-21.8],[35.91,-21.7],[35.98,-21.7],[36.05,-21.76],[36.05,-21.86],[35.98,-21.9],[35.98,-21.95],[35.94,-21.95],[35.94,-22.05],[35.91,-22.08],[35.87,-22.13],[35.8,-22.18],[35.8,-22.22],[35.76,-22.23],[35.76,-22.27],[35.83,-22.3],[35.83,-22.4],[35.73,-22.4],[35.65,-22.45],[35.65,-22.55],[35.73,-22.62],[35.73,-22.67],[35.65,-22.77],[35.58,-22.82],[35.55,-22.85],[35.44,-22.9],[35.37,-22.92],[35.37,-22.97],[35.33,-22.97],[35.26,-23.0],[35.11,-23.0],[35.04,-23.0],[34.93,-23.05],[34.83,-23.19],[34.79,-23.2],[34.72,-23.2],[34.72,-23.19],[34.65,-23.12],[34.65,-22.92],[34.57,-22.88],[34.57,-22.85],[34.54,-22.82],[34.54,-22.7],[34.47,-22.7],[34.47,-22.53],[34.54,-22.5],[34.57,-22.5],[34.65,-22.53],[34.65,-22.58],[34.72,-22.6],[34.79,-22.57],[34.83,-22.53],[34.93,-22.47],[35.01,-22.4],[35.11,-22.3],[35.15,-22.25],[35.22,-22.18],[35.29,-22.13],[35.37,-22.05],[35.44,-22.0],[35.51,-21.98],[35.62,-21.9],[35.62,-21.85],[35.65,-21.81],[35.65,-21.78]]]}},{"type":"Feature","properties":{"precip":10},"geometry":{"type":"Polygon","coordinates":[[[43.36,-22.0],[43.36,-21.93],[43.39,-21.9],[43.43,-21.9],[43.43,-21.95],[43.46,-21.95],[43.46,-22.05],[43.43,-22.06],[43.43,-22.1],[43.39,-22.1],[43.39,-22.08],[43.36,-22.08],[43.36,-22.0]]]}},{"type":"Feature","properties":{"precip":10},"geometry":{"type":"Polygon","coordinates":[[[32.16,-22.05],[32.16,-22.01],[32.23,-22.0],[32.23,-22.1],[32.16,-22.1],[32.16,-22.05]]]}},{"type":"Feature","properties":{"precip":10},"geometry":{"type":"Polygon","coordinates":[[[16.54,-22.25],[16.54,-22.23],[16.58,-22.23],[16.58,-22.2],[16.65,-22.22],[16.65,-22.28],[16.58,-22.3],[16.58,-22.27],[16.54,-22.25]]]}},{"type":"Feature","properties":{"precip":10},"geometry":{"type":"Polygon","coordinates":[[[27.66,-22.3],[27.66,-22.22],[27.7,-22.2],[27.73,-22.22],[27.73,-22.4],[27.66,-22.38],[27.66,-22.3]]]}},{"type":"Feature","properties":{"precip":10},"geometry":{"type":"Polygon","coordinates":[[[43.46,-22.25],[43.46,-22.22],[43.54,-22.22],[43.54,-22.3],[43.46,-22.28],[43.46,-22.25]]]}},{"type":"Feature","properties":{"precip":10},"geometry":{"type":"Polygon","coordinates":[[[44.76,-22.25],[44.76,-22.22],[44.8,-22.2],[44.87,-22.25],[44.83,-22.27],[44.83,-22.3],[44.76,-22.28],[44.76,-22.25]]]}},{"type":"Feature","properties":{"precip":10},"geometry":{"type":"Polygon","coordinates":[[[44.94,-22.4],[44.94,-22.37],[44.98,-22.35],[44.98,-22.3],[45.05,-22.3],[45.05,-22.37],[45.12,-22.4],[45.19,-22.4],[45.26,-22.43],[45.26,-22.48],[45.3,-22.5],[45.41,-22.5],[45.44,-22.53],[45.44,-22.58],[45.37,-22.6],[45.37,-22.67],[45.34,-22.7],[45.37,-22.73],[45.37,-22.77],[45.44,-22.82],[45.44,-22.87],[45.41,-22.88],[45.34,-22.83],[45.26,-22.73],[45.26,-22.55],[45.19,-22.5],[45.01,-22.5],[44.98,-22.48],[44.98,-22.45],[44.94,-22.4]]]}},{"type":"Feature","properties":{"precip":10},"geometry":{"type":"Polygon","coordinates":[[[27.45,-22.45],[27.45,-22.42],[27.52,-22.4],[27.55,-22.42],[27.55,-22.48],[27.48,-22.5],[27.45,-22.48],[27.45,-22.45]]]}},{"type":"Feature","properties":{"precip":10},"geometry":{"type":"Polygon","coordinates":[[[33.85,-22.5],[33.85,-22.42],[33.93,-22.4],[33.93,-22.43],[33.96,-22.47],[33.96,-22.55],[33.93,-22.55],[33.93,-22.6],[33.85,-22.57],[33.85,-22.5]]]}},{"type":"Feature","properties":{"precip":10},"geometry":{"type":"Polygon","coordinates":[[[44.15,-22.55],[44.18,-22.5],[44.22,-22.5],[44.26,-22.53],[44.26,-22.57],[44.33,-22.6],[44.4,-22.6],[44.44,-22.62],[44.44,-22.7],[44.47,-22.72],[44.47,-22.77],[44.54,-22.8],[44.76,-22.8],[44.83,-22.83],[44.83,-22.85],[44.87,-22.9],[44.87,-22.95],[44.83,-23.0],[44.83,-23.07],[44.8,-23.1],[44.72,-23.04],[44.72,-23.0],[44.69,-23.0],[44.69,-23.04],[44.65,-23.07],[44.58,-23.1],[44.54,-23.1],[44.47,-23.07],[44.44,-23.02],[44.44,-22.92],[44.36,-22.87],[44.36,-22.85],[44.22,-22.8],[44.15,-22.83],[44.15,-22.87],[44.04,-22.9],[43.97,-22.87],[43.97,-22.78],[43.93,-22.75],[43.93,-22.7],[43.86,-22.7],[43.86,-22.63],[43.93,-22.6],[44.08,-22.6],[44.11,-22.57],[44.15,-22.57],[44.15,-22.55]]]}},{"type":"Feature","properties":{"precip":10},"geometry":{"type":"Polygon","coordinates":[[[20.25,-22.65],[20.25,-22.62],[20.32,-22.6],[20.36,-22.62],[20.36,-22.68],[20.28,-22.7],[20.25,-22.68],[20.25,-22.65]]]}},{"type":"Feature","properties":{"precip":10},"geometry":{"type":"Polygon","coordinates":[[[43.64,-22.75],[43.64,-22.72],[43.68,-22.7],[43.75,-22.7],[43.75,-22.78],[43.64,-22.78],[43.64,-22.75]]]}},{"type":"Feature","properties":{"precip":10},"geometry":{"type":"Polygon","coordinates":[[[20.25,-22.85],[20.28,-22.8],[20.32,-22.8],[20.36,-22.83],[20.36,-22.87],[20.32,-22.9],[20.25,-22.87],[20.25,-22.85]]]}},{"type":"Feature","properties":{"precip":10},"geometry":{"type":"Polygon","coordinates":[[[45.77,-22.85],[45.77,-22.82],[45.8,-22.8],[45.88,-22.8],[45.95,-22.83],[45.95,-22.87],[45.88,-22.88],[45.88,-22.9],[45.77,-22.88],[45.77,-22.85]]]}},{"type":"Feature","properties":{"precip":10},"geometry":{"type":"Polygon","coordinates":[[[90.73,-22.95],[90.73,-22.9],[90.83,-22.9],[90.83,-22.93],[90.83,-22.97],[90.83,-23.0],[90.73,-23.0],[90.73,-22.95]]]}},{"type":"Feature","properties":{"precip":10},"geometry":{"type":"Polygon","coordinates":[[[44.26,-23.05],[44.26,-23.0],[44.33,-23.0],[44.33,-23.02],[44.36,-23.02],[44.36,-23.07],[44.33,-23.07],[44.33,-23.1],[44.26,-23.09],[44.26,-23.05]]]}},{"type":"Feature","properties":{"precip":10},"geometry":{"type":"Polygon","coordinates":[[[45.55,-23.05],[45.55,-23.0],[45.62,-23.0],[45.66,-23.02],[45.66,-23.07],[45.62,-23.09],[45.55,-23.09],[45.55,-23.05]]]}},{"type":"Feature","properties":{"precip":10},"geometry":{"type":"Polygon","coordinates":[[[47.64,-23.1],[47.64,-23.07],[47.68,-23.05],[47.68,-23.02],[47.75,-23.0],[47.86,-23.0],[47.93,-23.0],[47.96,-23.04],[47.93,-23.07],[47.89,-23.14],[47.82,-23.19],[47.71,-23.19],[47.64,-23.1]]]}},{"type":"Feature","properties":{"precip":10},"geometry":{"type":"Polygon","coordinates":[[[50.63,-23.17],[50.66,-23.15],[50.77,-23.14],[50.92,-23.1],[51.35,-23.1],[51.46,-23.15],[51.46,-23.17],[51.38,-23.2],[51.31,-23.22],[51.24,-23.27],[51.17,-23.32],[51.17,-23.35],[51.1,-23.4],[51.02,-23.47],[50.99,-23.49],[50.95,-23.47],[50.95,-23.32],[50.92,-23.3],[50.88,-23.3],[50.88,-23.34],[50.84,-23.35],[50.84,-23.47],[50.77,-23.52],[50.77,-23.65],[50.74,-23.72],[50.74,-23.89],[50.66,-23.87],[50.56,-23.74],[50.56,-23.59],[50.59,-23.52],[50.7,-23.4],[50.74,-23.39],[50.74,-23.32],[50.7,-23.3],[50.59,-23.3],[50.56,-23.29],[50.56,-23.24],[50.63,-23.17]],[[51.17,-23.25],[51.13,-23.24],[51.13,-23.2],[51.06,-23.2],[51.06,-23.3],[51.13,-23.3],[51.13,-23.27],[51.17,-23.25]]]}},{"type":"Feature","properties":{"precip":10},"geometry":{"type":"Polygon","coordinates":[[[16.14,-23.45],[16.14,-23.37],[16.18,-23.34],[16.18,-23.3],[16.22,-23.3],[16.22,-23.32],[16.25,-23.34],[16.25,-23.55],[16.22,-23.57],[16.22,-23.6],[16.18,-23.6],[16.18,-23.55],[16.14,-23.54],[16.14,-23.45]]]}},{"type":"Feature","properties":{"precip":10},"geometry":{"type":"Polygon","coordinates":[[[45.34,-23.55],[45.37,-23.54],[45.37,-23.5],[45.44,-23.5],[45.44,-23.6],[45.37,-23.6],[45.37,-23.57],[45.34,-23.55]]]}},{"type":"Feature","properties":{"precip":10},"geometry":{"type":"Polygon","coordinates":[[[50.34,-23.55],[50.38,-23.5],[50.41,-23.49],[50.45,-23.5],[50.45,-23.6],[50.38,-23.6],[50.34,-23.55]]]}},{"type":"Feature","properties":{"precip":10},"geometry":{"type":"Polygon","coordinates":[[[45.8,-23.87],[45.88,-23.84],[45.91,-23.8],[45.98,-23.8],[46.06,-23.87],[46.13,-23.92],[46.24,-24.06],[46.24,-24.07],[46.2,-24.09],[45.91,-24.09],[45.84,-24.07],[45.77,-24.06],[45.73,-24.02],[45.77,-23.97],[45.77,-23.92],[45.8,-23.87]]]}},{"type":"Feature","properties":{"precip":10},"geometry":{"type":"Polygon","coordinates":[[[60.67,-23.86],[60.67,-23.8],[60.74,-23.8],[60.74,-23.89],[60.67,-23.91],[60.67,-23.86]]]}},{"type":"Feature","properties":{"precip":10},"geometry":{"type":"Polygon","coordinates":[[[45.44,-24.06],[45.44,-24.02],[45.52,-24.01],[45.55,-24.02],[45.55,-24.07],[45.48,-24.09],[45.44,-24.07],[45.44,-24.06]]]}},{"type":"Feature","properties":{"precip":10},"geometry":{"type":"Polygon","coordinates":[[[21.54,-24.46],[21.54,-24.37],[21.58,-24.34],[21.58,-24.31],[21.62,-24.31],[21.65,-24.34],[21.65,-24.56],[21.58,-24.59],[21.58,-24.56],[21.54,-24.52],[21.54,-24.46]]]}},{"type":"Feature","properties":{"precip":10},"geometry":{"type":"Polygon","coordinates":[[[46.16,-24.36],[46.16,-24.31],[46.24,-24.31],[46.24,-24.47],[46.16,-24.51],[46.06,-24.51],[45.98,-24.47],[45.95,-24.47],[45.95,-24.42],[46.02,-24.39],[46.09,-24.39],[46.16,-24.36]]]}},{"type":"Feature","properties":{"precip":10},"geometry":{"type":"Polygon","coordinates":[[[20.07,-24.52],[20.07,-24.51],[20.14,-24.51],[20.25,-24.54],[20.32,-24.61],[20.36,-24.66],[20.36,-24.67],[20.32,-24.69],[20.25,-24.69],[20.18,-24.67],[20.07,-24.57],[20.07,-24.52]]]}},{"type":"Feature","properties":{"precip":10},"geometry":{"type":"Polygon","coordinates":[[[52.72,-24.78],[52.75,-24.76],[52.75,-24.73],[52.79,-24.71],[52.86,-24.71],[52.86,-24.74],[52.82,-24.76],[52.82,-24.81],[52.79,-24.83],[52.75,-24.86],[52.68,-24.89],[52.68,-24.83],[52.72,-24.78]]]}},{"type":"Feature","properties":{"precip":10},"geometry":{"type":"Polygon","coordinates":[[[53.54,-24.84],[53.58,-24.81],[53.65,-24.83],[53.65,-24.88],[53.58,-24.89],[53.54,-24.84]]]}},{"type":"Feature","properties":{"precip":10},"geometry":{"type":"Polygon","coordinates":[[[54.37,-25.11],[54.37,-24.96],[54.44,-24.91],[54.52,-24.91],[54.62,-24.89],[54.84,-24.89],[54.91,-24.91],[55.06,-24.91],[55.16,-24.94],[55.16,-24.98],[55.23,-24.99],[55.34,-24.99],[55.41,-25.03],[55.56,-25.14],[55.56,-25.18],[55.52,-25.19],[55.31,-25.19],[55.27,-25.18],[55.27,-25.14],[55.2,-25.11],[55.09,-25.11],[55.06,-25.13],[55.06,-25.16],[54.98,-25.18],[54.98,-25.19],[54.8,-25.19],[54.77,-25.21],[54.7,-25.21],[54.66,-25.23],[54.66,-25.28],[54.62,-25.28],[54.55,-25.29],[54.41,-25.29],[54.37,-25.28],[54.37,-25.11]]]}},{"type":"Feature","properties":{"precip":10},"geometry":{"type":"Polygon","coordinates":[[[48.65,-25.04],[48.65,-25.01],[48.68,-24.99],[48.76,-25.01],[48.76,-25.09],[48.68,-25.09],[48.65,-25.08],[48.65,-25.04]]]}},{"type":"Feature","properties":{"precip":10},"geometry":{"type":"Polygon","coordinates":[[[53.65,-25.11],[53.65,-25.06],[53.69,-25.01],[53.72,-24.99],[53.8,-25.01],[53.94,-25.14],[53.94,-25.18],[53.9,-25.19],[53.69,-25.19],[53.69,-25.16],[53.65,-25.14],[53.65,-25.11]]]}},{"type":"Feature","properties":{"precip":10},"geometry":{"type":"Polygon","coordinates":[[[57.54,-25.04],[57.57,-25.03],[57.57,-24.99],[57.65,-25.01],[57.65,-25.09],[57.61,-25.11],[57.54,-25.04]]]}},{"type":"Feature","properties":{"precip":10},"geometry":{"type":"Polygon","coordinates":[[[72.76,-25.04],[72.76,-25.01],[72.8,-24.99],[72.91,-24.99],[72.94,-25.01],[72.94,-25.08],[72.87,-25.11],[72.84,-25.11],[72.76,-25.08],[72.76,-25.04]]]}},{"type":"Feature","properties":{"precip":10},"geometry":{"type":"Polygon","coordinates":[[[52.25,-25.14],[52.25,-25.13],[52.32,-25.11],[52.36,-25.13],[52.36,-25.18],[52.28,-25.19],[52.25,-25.18],[52.25,-25.14]]]}},{"type":"Feature","properties":{"precip":10},"geometry":{"type":"Polygon","coordinates":[[[24.96,-25.29],[24.96,-25.23],[25.04,-25.19],[25.07,-25.19],[25.14,-25.23],[25.14,-25.38],[25.07,-25.39],[24.96,-25.38],[24.96,-25.29]]]}},{"type":"Feature","properties":{"precip":10},"geometry":{"type":"Polygon","coordinates":[[[26.26,-25.26],[26.26,-25.21],[26.33,-25.21],[26.37,-25.24],[26.33,-25.28],[26.33,-25.29],[26.26,-25.29],[26.26,-25.26]]]}},{"type":"Feature","properties":{"precip":10},"geometry":{"type":"Polygon","coordinates":[[[50.84,-25.49],[50.84,-25.43],[50.88,-25.39],[50.88,-25.29],[50.95,-25.31],[50.95,-25.38],[50.99,-25.38],[51.1,-25.41],[51.17,-25.44],[51.17,-25.46],[51.24,-25.49],[51.46,-25.49],[51.53,-25.53],[51.56,-25.58],[51.49,-25.7],[51.42,-25.76],[51.38,-25.85],[51.31,-25.9],[51.2,-25.96],[51.13,-25.93],[51.1,-25.9],[51.02,-25.9],[50.95,-25.88],[50.95,-25.83],[50.88,-25.8],[50.81,-25.8],[50.77,-25.78],[50.77,-25.71],[50.81,-25.71],[50.81,-25.68],[50.84,-25.66],[50.84,-25.49]]]}},{"type":"Feature","properties":{"precip":10},"geometry":{"type":"Polygon","coordinates":[[[52.36,-25.34],[52.36,-25.31],[52.43,-25.29],[52.46,-25.33],[52.46,-25.38],[52.43,-25.38],[52.39,-25.41],[52.36,-25.39],[52.36,-25.34]]]}},{"type":"Feature","properties":{"precip":10},"geometry":{"type":"Polygon","coordinates":[[[52.86,-25.34],[52.86,-25.31],[52.93,-25.29],[52.93,-25.33],[52.97,-25.34],[52.93,-25.39],[52.86,-25.39],[52.86,-25.34]]]}},{"type":"Feature","properties":{"precip":10},"geometry":{"type":"Polygon","coordinates":[[[90.15,-25.53],[90.15,-25.51],[90.22,-25.49],[90.29,-25.49],[90.33,-25.51],[90.33,-25.55],[90.33,-25.56],[90.33,-25.66],[90.33,-25.7],[90.22,-25.66],[90.19,-25.6],[90.19,-25.58],[90.15,-25.53]]]}},{"type":"Feature","properties":{"precip":10},"geometry":{"type":"Polygon","coordinates":[[[28.06,-25.75],[28.06,-25.71],[28.13,-25.71],[28.13,-25.75],[28.17,-25.75],[28.13,-25.76],[28.13,-25.8],[28.06,-25.8],[28.06,-25.75]]]}},{"type":"Feature","properties":{"precip":10},"geometry":{"type":"Polygon","coordinates":[[[52.46,-25.85],[52.46,-25.81],[52.54,-25.8],[52.54,-25.9],[52.5,-25.9],[52.46,-25.9],[52.46,-25.85]]]}},{"type":"Feature","properties":{"precip":10},"geometry":{"type":"Polygon","coordinates":[[[50.16,-25.95],[50.16,-25.9],[50.23,-25.9],[50.23,-25.93],[50.27,-25.93],[50.27,-25.96],[50.23,-25.96],[50.23,-26.0],[50.16,-26.0],[50.16,-25.95]]]}},{"type":"Feature","properties":{"precip":10},"geometry":{"type":"Polygon","coordinates":[[[50.56,-25.95],[50.56,-25.93],[50.63,-25.9],[50.77,-25.9],[50.84,-25.91],[50.84,-25.98],[50.81,-26.0],[50.74,-26.0],[50.66,-26.03],[50.66,-26.08],[50.74,-26.11],[50.74,-26.16],[50.7,-26.2],[50.63,-26.26],[50.59,-26.31],[50.52,-26.35],[50.45,-26.38],[50.38,-26.4],[50.3,-26.4],[50.23,-26.38],[50.16,-26.35],[50.09,-26.3],[50.09,-26.2],[50.12,-26.2],[50.12,-26.16],[50.16,-26.13],[50.23,-26.11],[50.23,-26.15],[50.3,-26.2],[50.34,-26.2],[50.34,-26.06],[50.38,-26.05],[50.38,-26.01],[50.45,-26.0],[50.52,-26.0],[50.56,-25.95]]]}},{"type":"Feature","properties":{"precip":10},"geometry":{"type":"Polygon","coordinates":[[[24.64,-26.08],[24.68,-26.05],[24.78,-26.0],[24.86,-26.0],[24.93,-26.03],[24.96,-26.05],[24.96,-26.08],[25.04,-26.08],[25.04,-26.05],[25.11,-26.01],[25.14,-26.03],[25.14,-26.05],[25.22,-26.08],[25.29,-26.1],[25.43,-26.1],[25.54,-26.13],[25.54,-26.18],[25.43,-26.2],[25.36,-26.2],[25.25,-26.23],[25.25,-26.26],[25.14,-26.36],[25.04,-26.4],[25.0,-26.4],[24.96,-26.36],[24.96,-26.33],[24.89,-26.3],[24.82,-26.3],[24.78,-26.28],[24.71,-26.21],[24.71,-26.2],[24.64,-26.11],[24.64,-26.08]],[[25.04,-26.25],[25.04,-26.2],[24.96,-26.2],[24.96,-26.3],[25.04,-26.3],[25.04,-26.25]]]}},{"type":"Feature","properties":{"precip":10},"geometry":{"type":"Polygon","coordinates":[[[74.46,-26.05],[74.46,-26.01],[74.53,-26.0],[74.53,-26.03],[74.56,-26.03],[74.56,-26.06],[74.49,-26.1],[74.46,-26.08],[74.46,-26.05]]]}},{"type":"Feature","properties":{"precip":10},"geometry":{"type":"Polygon","coordinates":[[[51.56,-26.15],[51.56,-26.11],[51.64,-26.1],[51.64,-26.2],[51.56,-26.2],[51.56,-26.15]]]}},{"type":"Feature","properties":{"precip":10},"geometry":{"type":"Polygon","coordinates":[[[51.96,-26.15],[51.96,-26.13],[52.03,-26.1],[52.18,-26.1],[52.25,-26.13],[52.25,-26.28],[52.18,-26.3],[52.14,-26.26],[52.14,-26.21],[52.1,-26.2],[52.03,-26.2],[51.96,-26.18],[51.96,-26.15]]]}},{"type":"Feature","properties":{"precip":10},"geometry":{"type":"Polygon","coordinates":[[[89.97,-26.25],[89.97,-26.2],[90.04,-26.2],[90.04,-26.3],[89.97,-26.3],[89.97,-26.25]]]}},{"type":"Feature","properties":{"precip":10},"geometry":{"type":"Polygon","coordinates":[[[25.65,-26.5],[25.65,-26.45],[25.68,-26.43],[25.68,-26.4],[25.72,-26.4],[25.75,-26.43],[25.75,-26.57],[25.79,-26.6],[25.9,-26.6],[25.93,-26.58],[25.93,-26.55],[25.97,-26.53],[25.97,-26.5],[26.04,-26.52],[26.04,-26.7],[26.08,-26.73],[26.08,-26.8],[26.15,-26.82],[26.15,-26.85],[26.08,-26.88],[25.97,-26.9],[25.5,-26.9],[25.36,-26.88],[25.25,-26.85],[25.18,-26.8],[25.18,-26.78],[25.14,-26.73],[25.07,-26.72],[25.07,-26.75],[25.04,-26.78],[25.04,-26.8],[24.96,-26.78],[24.89,-26.7],[24.89,-26.67],[24.86,-26.65],[24.86,-26.62],[24.93,-26.6],[25.0,-26.6],[25.04,-26.58],[25.04,-26.55],[25.11,-26.52],[25.18,-26.5],[25.43,-26.5],[25.54,-26.53],[25.54,-26.57],[25.58,-26.6],[25.65,-26.58],[25.65,-26.5]],[[25.75,-26.65],[25.75,-26.62],[25.68,-26.6],[25.65,-26.63],[25.65,-26.67],[25.72,-26.7],[25.75,-26.68],[25.75,-26.65]]]}},{"type":"Feature","properties":{"precip":10},"geometry":{"type":"Polygon","coordinates":[[[89.61,-26.58],[89.68,-26.5],[89.79,-26.43],[89.9,-26.4],[89.93,-26.42],[89.93,-26.45],[89.97,-26.5],[89.93,-26.53],[89.93,-26.6],[89.86,-26.62],[89.86,-26.72],[89.79,-26.82],[89.79,-26.83],[89.72,-26.85],[89.65,-26.9],[89.54,-26.9],[89.47,-26.85],[89.47,-26.8],[89.54,-26.65],[89.61,-26.58]]]}},{"type":"Feature","properties":{"precip":10},"geometry":{"type":"Polygon","coordinates":[[[52.97,-26.55],[52.97,-26.5],[53.04,-26.5],[53.04,-26.6],[52.97,-26.6],[52.97,-26.55]]]}},{"type":"Feature","properties":{"precip":10},"geometry":{"type":"Polygon","coordinates":[[[26.26,-26.85],[26.26,-26.82],[26.33,-26.82],[26.33,-26.83],[26.37,-26.83],[26.33,-26.87],[26.33,-26.9],[26.26,-26.88],[26.26,-26.85]]]}},{"type":"Feature","properties":{"precip":10},"geometry":{"type":"Polygon","coordinates":[[[90.58,-26.87],[90.69,-26.82],[90.73,-26.82],[90.73,-26.83],[90.73,-26.95],[90.73,-26.97],[90.73,-26.98],[90.69,-27.0],[90.58,-27.0],[90.55,-26.97],[90.58,-26.87]]]}},{"type":"Feature","properties":{"precip":10},"geometry":{"type":"Polygon","coordinates":[[[94.54,-27.03],[94.58,-27.0],[94.65,-27.03],[94.65,-27.05],[94.69,-27.1],[94.69,-27.13],[94.76,-27.17],[94.69,-27.18],[94.69,-27.15],[94.65,-27.13],[94.58,-27.08],[94.58,-27.05],[94.54,-27.03]]]}},{"type":"Feature","properties":{"precip":10},"geometry":{"type":"Polygon","coordinates":[[[95.37,-27.05],[95.37,-27.0],[95.44,-27.0],[95.44,-27.1],[95.37,-27.1],[95.37,-27.05]]]}},{"type":"Feature","properties":{"precip":10},"geometry":{"type":"Polygon","coordinates":[[[28.74,-27.15],[28.74,-27.12],[28.78,-27.12],[28.78,-27.1],[28.85,-27.12],[28.85,-27.18],[28.78,-27.18],[28.74,-27.15]]]}},{"type":"Feature","properties":{"precip":10},"geometry":{"type":"Polygon","coordinates":[[[24.06,-27.35],[24.06,-27.3],[24.14,-27.3],[24.14,-27.4],[24.06,-27.4],[24.06,-27.35]]]}},{"type":"Feature","properties":{"precip":10},"geometry":{"type":"Polygon","coordinates":[[[33.75,-27.35],[33.75,-27.32],[33.82,-27.3],[33.85,-27.32],[33.85,-27.39],[33.78,-27.4],[33.75,-27.39],[33.75,-27.35]]]}},{"type":"Feature","properties":{"precip":10},"geometry":{"type":"Polygon","coordinates":[[[88.1,-27.39],[88.1,-27.35],[88.21,-27.32],[88.28,-27.3],[88.49,-27.3],[88.53,-27.32],[88.53,-27.35],[88.57,-27.37],[88.57,-27.44],[88.53,-27.45],[88.53,-27.5],[88.49,-27.5],[88.46,-27.54],[88.46,-27.65],[88.35,-27.7],[88.24,-27.7],[88.17,-27.69],[88.17,-27.59],[88.1,-27.57],[88.1,-27.5],[88.06,-27.49],[88.06,-27.42],[88.1,-27.42],[88.1,-27.39]]]}},{"type":"Feature","properties":{"precip":10},"geometry":{"type":"Polygon","coordinates":[[[90.73,-27.35],[90.73,-27.3],[90.83,-27.3],[90.83,-27.34],[90.83,-27.37],[90.83,-27.4],[90.73,-27.4],[90.73,-27.35]]]}},{"type":"Feature","properties":{"precip":10},"geometry":{"type":"Polygon","coordinates":[[[94.65,-27.35],[94.65,-27.32],[94.69,-27.3],[94.76,-27.32],[94.76,-27.39],[94.69,-27.4],[94.65,-27.39],[94.65,-27.35]]]}},{"type":"Feature","properties":{"precip":10},"geometry":{"type":"Polygon","coordinates":[[[95.66,-27.4],[95.66,-27.34],[95.69,-27.3],[95.8,-27.3],[95.8,-27.37],[95.8,-27.4],[95.8,-27.42],[95.69,-27.49],[95.69,-27.5],[95.66,-27.49],[95.66,-27.4]]]}},{"type":"Feature","properties":{"precip":10},"geometry":{"type":"Polygon","coordinates":[[[25.47,-27.65],[25.47,-27.6],[25.61,-27.6],[25.65,-27.64],[25.65,-27.75],[25.61,-27.8],[25.54,-27.87],[25.47,-27.87],[25.47,-27.82],[25.54,-27.77],[25.54,-27.72],[25.5,-27.7],[25.47,-27.7],[25.47,-27.65]]]}},{"type":"Feature","properties":{"precip":10},"geometry":{"type":"Polygon","coordinates":[[[24.64,-27.74],[24.68,-27.72],[24.68,-27.7],[24.75,-27.72],[24.75,-27.79],[24.68,-27.8],[24.68,-27.77],[24.64,-27.77],[24.64,-27.74]]]}},{"type":"Feature","properties":{"precip":10},"geometry":{"type":"Polygon","coordinates":[[[29.86,-27.8],[29.86,-27.72],[29.89,-27.7],[29.93,-27.72],[29.93,-27.74],[30.04,-27.84],[30.04,-27.87],[30.0,-27.89],[29.89,-27.89],[29.86,-27.87],[29.86,-27.8]]]}},{"type":"Feature","properties":{"precip":10},"geometry":{"type":"Polygon","coordinates":[[[87.85,-27.74],[87.85,-27.7],[87.95,-27.72],[87.95,-27.79],[87.92,-27.8],[87.85,-27.77],[87.85,-27.74]]]}},{"type":"Feature","properties":{"precip":10},"geometry":{"type":"Polygon","coordinates":[[[91.66,-27.8],[91.66,-27.72],[91.7,-27.72],[91.7,-27.75],[91.77,-27.77],[91.77,-27.82],[91.7,-27.84],[91.7,-27.89],[91.66,-27.87],[91.66,-27.8]]]}},{"type":"Feature","properties":{"precip":10},"geometry":{"type":"Polygon","coordinates":[[[96.31,-27.74],[96.38,-27.72],[96.38,-27.7],[96.45,-27.72],[96.45,-27.79],[96.38,-27.8],[96.38,-27.77],[96.31,-27.77],[96.31,-27.74]]]}},{"type":"Feature","properties":{"precip":10},"geometry":{"type":"Polygon","coordinates":[[[22.34,-27.84],[22.37,-27.8],[22.52,-27.8],[22.55,-27.82],[22.55,-27.87],[22.59,-27.89],[22.66,-27.89],[22.73,-27.9],[22.77,-27.94],[22.77,-27.99],[22.84,-28.0],[22.95,-28.0],[23.06,-28.02],[23.06,-28.07],[22.98,-28.1],[22.98,-28.14],[22.95,-28.16],[22.95,-28.29],[22.88,-28.31],[22.88,-28.26],[22.84,-28.24],[22.84,-28.12],[22.77,-28.1],[22.77,-28.14],[22.73,-28.17],[22.66,-28.14],[22.48,-27.99],[22.37,-27.87],[22.34,-27.84]]]}},{"type":"Feature","properties":{"precip":10},"geometry":{"type":"Polygon","coordinates":[[[29.53,-27.85],[29.57,-27.84],[29.57,-27.8],[29.64,-27.8],[29.64,-27.89],[29.57,-27.89],[29.57,-27.87],[29.53,-27.85]]]}},{"type":"Feature","properties":{"precip":10},"geometry":{"type":"Polygon","coordinates":[[[33.96,-27.89],[33.96,-27.82],[34.0,-27.8],[34.11,-27.8],[34.14,-27.82],[34.14,-27.87],[34.03,-27.95],[34.03,-27.99],[34.0,-28.0],[33.96,-27.99],[33.96,-27.89]]]}},{"type":"Feature","properties":{"precip":10},"geometry":{"type":"Polygon","coordinates":[[[90.04,-27.85],[90.08,-27.8],[90.15,-27.8],[90.15,-27.89],[90.08,-27.89],[90.04,-27.85]]]}},{"type":"Feature","properties":{"precip":10},"geometry":{"type":"Polygon","coordinates":[[[93.97,-27.84],[94.0,-27.8],[94.18,-27.8],[94.25,-27.84],[94.25,-27.87],[94.15,-27.97],[94.07,-27.99],[94.07,-27.97],[94.0,-27.9],[94.0,-27.87],[93.97,-27.87],[93.97,-27.84]]]}},{"type":"Feature","properties":{"precip":10},"geometry":{"type":"Polygon","coordinates":[[[26.65,-28.02],[26.69,-28.0],[26.8,-28.0],[26.83,-28.02],[26.83,-28.19],[26.69,-28.1],[26.69,-28.07],[26.65,-28.02]]]}},{"type":"Feature","properties":{"precip":10},"geometry":{"type":"Polygon","coordinates":[[[33.85,-28.41],[33.85,-28.32],[33.89,-28.31],[33.93,-28.31],[33.93,-28.34],[33.96,-28.36],[33.96,-28.44],[33.93,-28.46],[33.93,-28.49],[33.85,-28.47],[33.85,-28.41]]]}},{"type":"Feature","properties":{"precip":10},"geometry":{"type":"Polygon","coordinates":[[[27.05,-28.46],[27.05,-28.42],[27.12,-28.41],[27.16,-28.42],[27.16,-28.47],[27.12,-28.49],[27.05,-28.47],[27.05,-28.46]]]}},{"type":"Feature","properties":{"precip":10},"geometry":{"type":"Polygon","coordinates":[[[23.06,-28.56],[23.06,-28.51],[23.13,-28.49],[23.13,-28.52],[23.16,-28.52],[23.16,-28.57],[23.13,-28.57],[23.13,-28.61],[23.06,-28.59],[23.06,-28.56]]]}},{"type":"Feature","properties":{"precip":10},"geometry":{"type":"Polygon","coordinates":[[[26.55,-28.56],[26.55,-28.52],[26.58,-28.49],[26.65,-28.51],[26.65,-28.59],[26.58,-28.59],[26.55,-28.56]]]}},{"type":"Feature","properties":{"precip":10},"geometry":{"type":"Polygon","coordinates":[[[26.83,-28.56],[26.87,-28.54],[26.87,-28.51],[26.91,-28.49],[26.94,-28.51],[26.94,-28.59],[26.87,-28.61],[26.87,-28.56],[26.83,-28.56]]]}},{"type":"Feature","properties":{"precip":10},"geometry":{"type":"Polygon","coordinates":[[[85.97,-28.82],[86.05,-28.77],[86.08,-28.71],[86.12,-28.64],[86.23,-28.56],[86.3,-28.51],[86.33,-28.52],[86.37,-28.59],[86.37,-28.62],[86.44,-28.66],[86.44,-28.76],[86.48,-28.77],[86.48,-28.79],[86.48,-28.82],[86.55,-28.84],[86.55,-29.06],[86.62,-29.09],[86.69,-29.09],[86.73,-29.11],[86.73,-29.14],[86.73,-29.18],[86.73,-29.31],[86.73,-29.34],[86.73,-29.39],[86.62,-29.41],[86.62,-29.56],[86.59,-29.59],[86.55,-29.56],[86.55,-29.54],[86.48,-29.51],[86.48,-29.54],[86.44,-29.56],[86.23,-29.59],[85.94,-29.59],[85.87,-29.58],[85.87,-29.54],[85.79,-29.51],[85.69,-29.49],[85.69,-29.46],[85.61,-29.44],[85.61,-29.23],[85.72,-29.13],[85.79,-28.99],[85.87,-28.92],[85.97,-28.82]]]}},{"type":"Feature","properties":{"precip":10},"geometry":{"type":"Polygon","coordinates":[[[32.05,-28.64],[32.05,-28.62],[32.09,-28.61],[32.2,-28.61],[32.23,-28.62],[32.23,-28.69],[32.13,-28.69],[32.05,-28.67],[32.05,-28.64]]]}},{"type":"Feature","properties":{"precip":10},"geometry":{"type":"Polygon","coordinates":[[[31.55,-28.76],[31.55,-28.74],[31.62,-28.71],[31.8,-28.71],[31.84,-28.72],[31.84,-28.77],[31.8,-28.79],[31.62,-28.79],[31.55,-28.77],[31.55,-28.76]]]}},{"type":"Feature","properties":{"precip":10},"geometry":{"type":"Polygon","coordinates":[[[87.41,-28.77],[87.49,-28.71],[87.49,-28.72],[87.56,-28.79],[87.56,-29.48],[87.49,-29.53],[87.49,-29.59],[87.49,-29.56],[87.45,-29.54],[87.45,-29.43],[87.38,-29.38],[87.38,-29.31],[87.34,-29.23],[87.34,-29.11],[87.38,-29.01],[87.38,-28.82],[87.41,-28.77]]]}},{"type":"Feature","properties":{"precip":10},"geometry":{"type":"Polygon","coordinates":[[[26.76,-28.84],[26.76,-28.81],[26.83,-28.79],[26.83,-28.91],[26.76,-28.89],[26.76,-28.84]]]}},{"type":"Feature","properties":{"precip":10},"geometry":{"type":"Polygon","coordinates":[[[27.01,-29.58],[27.05,-29.54],[27.12,-29.51],[27.16,-29.51],[27.16,-29.54],[27.12,-29.54],[27.12,-29.59],[27.09,-29.61],[27.09,-29.64],[27.01,-29.69],[26.98,-29.69],[26.98,-29.61],[27.01,-29.58]]]}},{"type":"Feature","properties":{"precip":10},"geometry":{"type":"Polygon","coordinates":[[[26.73,-29.9],[26.73,-29.86],[26.83,-29.81],[26.83,-29.9],[26.8,-29.91],[26.73,-29.96],[26.73,-30.0],[26.65,-30.0],[26.65,-29.95],[26.73,-29.9]]]}},{"type":"Feature","properties":{"precip":10},"geometry":{"type":"Polygon","coordinates":[[[26.94,-29.95],[26.98,-29.93],[26.98,-29.91],[27.05,-29.91],[27.05,-30.0],[26.98,-30.0],[26.98,-29.98],[26.94,-29.98],[26.94,-29.95]]]}},{"type":"Feature","properties":{"precip":10},"geometry":{"type":"Polygon","coordinates":[[[27.05,-30.15],[27.05,-30.11],[27.12,-30.1],[27.16,-30.13],[27.16,-30.18],[27.05,-30.18],[27.05,-30.15]]]}},{"type":"Feature","properties":{"precip":10},"geometry":{"type":"Polygon","coordinates":[[[30.87,-30.15],[30.87,-30.11],[30.9,-30.1],[30.94,-30.11],[30.94,-30.2],[30.87,-30.2],[30.87,-30.15]]]}},{"type":"Feature","properties":{"precip":10},"geometry":{"type":"Polygon","coordinates":[[[-13.36,-41.3],[-13.36,-40.9],[-13.34,-40.9],[-13.19,-40.9],[-13.12,-40.89],[-13.05,-40.85],[-13.01,-40.8],[-12.98,-40.8],[-12.94,-40.85],[-12.94,-40.89],[-12.9,-40.9],[-12.83,-40.85],[-12.83,-40.82],[-12.8,-40.8],[-12.76,-40.82],[-12.76,-40.85],[-12.65,-40.9],[-12.54,-40.9],[-12.44,-40.85],[-12.44,-40.82],[-12.4,-40.8],[-12.36,-40.82],[-12.36,-40.85],[-12.33,-40.89],[-12.26,-40.89],[-12.26,-40.82],[-12.22,-40.79],[-12.15,-40.84],[-12.15,-40.95],[-12.08,-40.99],[-12.0,-41.01],[-11.93,-41.06],[-11.93,-41.09],[-11.86,-41.09],[-11.72,-41.04],[-11.64,-40.95],[-11.64,-40.94],[-11.61,-40.92],[-11.57,-40.94],[-11.5,-40.99],[-11.46,-41.04],[-11.39,-41.07],[-11.18,-41.11],[-11.07,-41.09],[-11.03,-41.06],[-11.03,-41.01],[-10.92,-41.01],[-10.85,-41.04],[-10.82,-41.07],[-10.82,-41.09],[-10.78,-41.09],[-10.78,-41.07],[-10.74,-41.06],[-10.74,-41.02],[-10.67,-41.01],[-10.64,-41.06],[-10.64,-41.09],[-10.6,-41.09],[-10.53,-41.04],[-10.46,-41.01],[-10.31,-41.01],[-10.28,-41.02],[-10.24,-41.07],[-10.1,-41.09],[-9.81,-41.09],[-9.74,-41.11],[-9.63,-41.11],[-9.52,-41.16],[-9.52,-41.21],[-9.48,-41.21],[-9.48,-41.16],[-9.34,-41.09],[-9.27,-41.11],[-9.23,-41.16],[-9.12,-41.19],[-8.87,-41.19],[-8.69,-41.21],[-8.3,-41.21],[-7.72,-41.21],[-7.61,-41.22],[-7.5,-41.22],[-7.36,-41.24],[-7.36,-41.26],[-7.32,-41.26],[-7.25,-41.29],[-7.11,-41.29],[-7.06,-41.3],[-13.36,-41.3]]]}},{"type":"Feature","properties":{"precip":10},"geometry":{"type":"Polygon","coordinates":[[[29.53,-31.28],[29.57,-31.27],[29.57,-31.22],[29.64,-31.2],[29.71,-31.22],[29.75,-31.23],[29.75,-31.37],[29.82,-31.4],[29.89,-31.4],[29.97,-31.45],[29.89,-31.5],[29.75,-31.5],[29.68,-31.45],[29.61,-31.43],[29.61,-31.38],[29.57,-31.37],[29.57,-31.3],[29.53,-31.28]]]}},{"type":"Feature","properties":{"precip":10},"geometry":{"type":"Polygon","coordinates":[[[35.55,-31.43],[35.55,-31.35],[35.58,-31.32],[35.65,-31.33],[35.76,-31.47],[35.83,-31.52],[35.83,-31.59],[35.8,-31.6],[35.8,-31.64],[35.73,-31.67],[35.65,-31.67],[35.62,-31.62],[35.58,-31.59],[35.58,-31.52],[35.55,-31.48],[35.55,-31.43]]]}},{"type":"Feature","properties":{"precip":10},"geometry":{"type":"Polygon","coordinates":[[[34.97,-31.45],[34.97,-31.42],[35.01,-31.4],[35.11,-31.4],[35.15,-31.42],[35.15,-31.48],[35.11,-31.5],[35.01,-31.5],[34.97,-31.48],[34.97,-31.45]]]}},{"type":"Feature","properties":{"precip":10},"geometry":{"type":"Polygon","coordinates":[[[27.73,-31.55],[27.77,-31.53],[27.77,-31.52],[27.84,-31.52],[27.84,-31.59],[27.77,-31.6],[27.77,-31.55],[27.73,-31.55]]]}},{"type":"Feature","properties":{"precip":10},"geometry":{"type":"Polygon","coordinates":[[[36.05,-32.05],[36.05,-31.94],[36.12,-31.9],[36.41,-31.9],[36.48,-31.92],[36.55,-31.95],[36.59,-31.99],[36.66,-32.05],[36.66,-32.07],[36.88,-32.15],[36.91,-32.19],[36.91,-32.22],[36.95,-32.25],[36.95,-32.27],[36.88,-32.3],[36.88,-32.37],[36.84,-32.41],[36.84,-32.44],[36.91,-32.51],[36.91,-32.54],[36.95,-32.57],[36.95,-32.89],[36.99,-32.96],[36.99,-32.99],[37.09,-33.01],[37.45,-33.01],[37.49,-32.99],[37.56,-32.99],[37.63,-32.97],[37.67,-32.97],[37.67,-32.91],[37.74,-32.89],[37.81,-32.92],[37.89,-32.99],[37.92,-33.01],[37.92,-33.04],[37.96,-33.04],[37.92,-33.09],[37.85,-33.12],[37.85,-33.19],[37.89,-33.22],[37.89,-33.28],[37.96,-33.36],[38.03,-33.41],[38.03,-33.49],[37.96,-33.54],[37.85,-33.66],[37.85,-33.71],[37.89,-33.74],[37.89,-33.79],[37.96,-33.84],[37.99,-33.91],[38.03,-33.93],[38.1,-33.98],[38.1,-34.01],[38.14,-34.03],[38.14,-34.09],[38.07,-34.09],[37.92,-34.09],[37.85,-34.13],[37.85,-34.18],[37.81,-34.2],[37.74,-34.2],[37.67,-34.16],[37.6,-34.09],[37.53,-34.01],[37.45,-34.01],[37.45,-34.13],[37.42,-34.15],[37.42,-34.2],[37.31,-34.28],[37.24,-34.3],[37.17,-34.28],[37.17,-34.25],[37.13,-34.21],[37.06,-34.21],[37.06,-34.2],[36.99,-34.2],[36.95,-34.16],[36.95,-34.11],[36.91,-34.09],[36.84,-34.09],[36.77,-34.09],[36.77,-34.06],[36.73,-34.06],[36.73,-34.03],[36.66,-34.04],[36.66,-34.08],[36.59,-34.11],[36.48,-34.25],[36.41,-34.28],[36.37,-34.33],[36.37,-34.4],[36.41,-34.4],[36.52,-34.4],[36.55,-34.41],[36.55,-34.48],[36.48,-34.51],[36.48,-34.55],[36.45,-34.58],[36.45,-34.85],[36.48,-34.86],[36.48,-34.88],[36.52,-34.9],[36.59,-34.9],[36.66,-34.86],[36.66,-34.81],[36.73,-34.81],[36.73,-34.88],[36.7,-34.9],[36.66,-34.96],[36.7,-35.0],[36.7,-35.02],[36.77,-35.05],[36.81,-35.08],[36.88,-35.1],[36.99,-35.1],[37.02,-35.12],[37.06,-35.17],[37.13,-35.18],[37.17,-35.15],[37.17,-35.12],[37.24,-35.12],[37.24,-35.17],[37.27,-35.17],[37.42,-35.2],[37.56,-35.2],[37.6,-35.18],[37.67,-35.18],[37.74,-35.17],[37.78,-35.17],[37.78,-35.12],[37.81,-35.1],[37.81,-35.13],[37.85,-35.15],[37.85,-35.17],[37.92,-35.18],[37.92,-35.2],[37.99,-35.18],[38.07,-35.17],[38.07,-35.13],[38.14,-35.12],[38.14,-35.15],[38.17,-35.17],[38.17,-35.18],[38.25,-35.17],[38.32,-35.1],[38.32,-35.07],[38.35,-35.03],[38.32,-35.02],[38.32,-35.0],[38.28,-35.0],[38.28,-34.96],[38.25,-34.96],[38.25,-34.93],[38.28,-34.9],[38.32,-34.9],[38.35,-34.95],[38.43,-35.0],[38.43,-34.95],[38.53,-34.9],[38.61,-34.9],[38.64,-34.88],[38.64,-34.81],[38.5,-34.7],[38.46,-34.65],[38.46,-34.51],[38.5,-34.5],[38.57,-34.55],[38.57,-34.58],[38.64,-34.65],[38.64,-34.73],[38.75,-34.85],[38.86,-34.9],[38.97,-34.9],[39.04,-34.86],[39.04,-34.85],[39.07,-34.81],[39.18,-34.8],[39.25,-34.83],[39.25,-34.86],[39.29,-34.86],[39.36,-34.9],[39.54,-34.9],[39.61,-34.91],[39.69,-34.96],[39.69,-35.02],[39.72,-35.0],[39.72,-34.96],[39.76,-34.91],[39.79,-34.9],[39.83,-34.91],[39.87,-34.96],[39.87,-35.07],[39.94,-35.13],[39.94,-35.15],[40.01,-35.2],[40.01,-35.23],[40.05,-35.28],[40.05,-36.05],[40.01,-36.07],[40.01,-36.09],[39.87,-36.09],[39.87,-36.07],[39.83,-36.05],[39.83,-36.0],[39.76,-36.0],[39.65,-35.95],[39.65,-35.92],[39.58,-35.9],[39.58,-35.85],[39.51,-35.82],[39.47,-35.82],[39.43,-35.85],[39.43,-35.89],[39.4,-35.9],[39.36,-35.89],[39.36,-35.84],[39.29,-35.8],[39.18,-35.8],[39.07,-35.77],[39.04,-35.75],[39.04,-35.72],[39.0,-35.7],[38.93,-35.7],[38.86,-35.68],[38.86,-35.62],[38.82,-35.62],[38.75,-35.62],[38.75,-35.6],[38.61,-35.6],[38.61,-35.58],[38.53,-35.55],[38.53,-35.5],[38.5,-35.5],[38.43,-35.57],[38.43,-35.6],[38.35,-35.57],[38.35,-35.53],[38.32,-35.5],[38.28,-35.5],[38.28,-35.53],[38.25,-35.57],[38.25,-35.67],[38.21,-35.7],[38.14,-35.67],[38.14,-35.62],[38.1,-35.62],[38.07,-35.62],[38.07,-35.67],[38.03,-35.7],[37.96,-35.67],[37.96,-35.55],[37.89,-35.5],[37.81,-35.5],[37.74,-35.53],[37.74,-35.6],[37.67,-35.6],[37.67,-35.47],[37.63,-35.47],[37.63,-35.42],[37.6,-35.4],[37.56,-35.42],[37.56,-35.5],[37.53,-35.55],[37.53,-35.58],[37.45,-35.65],[37.42,-35.67],[37.42,-35.7],[37.38,-35.7],[37.38,-35.67],[37.35,-35.65],[37.35,-35.43],[37.27,-35.4],[37.2,-35.4],[37.17,-35.43],[37.17,-35.48],[37.24,-35.52],[37.24,-35.58],[37.17,-35.62],[37.17,-35.68],[37.2,-35.72],[37.27,-35.75],[37.27,-35.77],[37.35,-35.78],[37.42,-35.8],[37.53,-35.8],[37.56,-35.84],[37.53,-35.85],[37.53,-35.89],[37.49,-35.92],[37.42,-35.97],[37.38,-36.04],[37.31,-36.07],[37.27,-36.07],[37.13,-36.1],[37.06,-36.07],[37.06,-36.05],[36.99,-36.0],[36.84,-36.0],[36.73,-35.95],[36.73,-35.92],[36.7,-35.9],[36.7,-35.92],[36.66,-35.94],[36.59,-36.0],[36.48,-36.0],[36.45,-36.05],[36.45,-36.07],[36.52,-36.1],[36.55,-36.14],[36.55,-36.29],[36.59,-36.34],[36.59,-36.39],[36.7,-36.49],[36.77,-36.5],[36.88,-36.5],[36.95,-36.52],[36.95,-36.57],[36.99,-36.57],[37.02,-36.6],[37.09,-36.6],[37.17,-36.64],[37.17,-36.69],[37.24,-36.67],[37.27,-36.62],[37.31,-36.6],[37.38,-36.5],[37.49,-36.42],[37.53,-36.4],[37.56,-36.42],[37.56,-36.55],[37.6,-36.6],[37.67,-36.67],[37.74,-36.69],[37.74,-36.64],[37.81,-36.6],[37.89,-36.6],[37.96,-36.64],[37.96,-36.69],[37.99,-36.69],[38.07,-36.65],[38.1,-36.6],[38.1,-36.57],[38.17,-36.54],[38.21,-36.52],[38.25,-36.52],[38.25,-36.57],[38.17,-36.6],[38.17,-36.69],[38.21,-36.69],[38.21,-36.72],[38.32,-36.79],[38.32,-36.77],[38.39,-36.74],[38.39,-36.69],[38.5,-36.62],[38.53,-36.62],[38.53,-36.69],[38.46,-36.74],[38.43,-36.79],[38.35,-36.84],[38.35,-36.87],[38.46,-36.91],[38.57,-36.91],[38.61,-36.89],[38.68,-36.89],[38.75,-36.86],[38.75,-36.84],[38.68,-36.79],[38.68,-36.72],[38.71,-36.69],[38.79,-36.62],[38.86,-36.62],[38.86,-36.67],[38.82,-36.67],[38.82,-36.69],[38.75,-36.72],[38.75,-36.77],[38.79,-36.79],[38.86,-36.84],[38.75,-36.92],[38.75,-36.97],[38.82,-36.99],[38.89,-36.99],[38.97,-37.04],[38.97,-37.09],[39.0,-37.11],[39.11,-37.11],[39.15,-37.12],[39.15,-37.16],[39.18,-37.16],[39.25,-37.19],[39.47,-37.19],[39.61,-37.16],[39.69,-37.12],[39.76,-37.02],[39.76,-36.91],[39.83,-36.89],[39.83,-36.86],[39.87,-36.84],[39.87,-36.71],[39.94,-36.71],[39.94,-36.89],[39.9,-36.89],[39.87,-36.92],[39.87,-37.09],[39.94,-37.11],[39.94,-37.04],[39.97,-37.02],[39.97,-36.99],[40.05,-37.01],[40.05,-37.16],[40.08,-37.17],[40.15,-37.17],[40.15,-37.02],[40.19,-37.01],[40.26,-37.06],[40.3,-37.11],[40.37,-37.14],[40.4,-37.21],[40.48,-37.27],[40.51,-37.29],[40.62,-37.19],[40.62,-37.16],[40.66,-37.14],[40.58,-37.11],[40.58,-37.07],[40.55,-37.04],[40.55,-36.99],[40.58,-36.94],[40.58,-36.91],[40.62,-36.86],[40.69,-36.82],[40.73,-36.84],[40.8,-36.89],[40.84,-36.94],[40.91,-36.97],[41.05,-36.99],[41.12,-36.99],[41.23,-36.97],[41.3,-36.91],[41.3,-36.86],[41.34,-36.84],[41.34,-36.67],[41.38,-36.65],[41.38,-36.62],[41.41,-36.6],[41.48,-36.6],[41.52,-36.59],[41.52,-36.55],[41.56,-36.54],[41.56,-36.44],[41.59,-36.4],[41.66,-36.39],[41.74,-36.42],[41.74,-36.5],[41.66,-36.52],[41.66,-36.57],[41.7,-36.62],[41.77,-36.67],[41.88,-36.76],[41.95,-36.79],[42.13,-36.82],[42.17,-36.84],[42.17,-36.89],[42.24,-36.87],[42.31,-36.81],[42.31,-36.76],[42.35,-36.72],[42.35,-36.62],[42.28,-36.6],[42.17,-36.55],[42.1,-36.5],[42.06,-36.45],[42.06,-36.34],[42.13,-36.3],[42.28,-36.3],[42.31,-36.27],[42.35,-36.27],[42.35,-36.22],[42.38,-36.2],[42.49,-36.2],[42.64,-36.25],[42.71,-36.3],[42.74,-36.35],[42.89,-36.47],[42.96,-36.5],[43.03,-36.52],[43.03,-36.55],[43.07,-36.57],[43.07,-36.69],[43.1,-36.69],[43.14,-36.72],[43.14,-36.84],[43.18,-36.89],[43.25,-37.04],[43.39,-37.19],[43.46,-37.26],[43.57,-37.29],[43.64,-37.31],[43.64,-37.37],[43.68,-37.37],[43.72,-37.41],[43.79,-37.41],[43.86,-37.44],[43.86,-37.58],[43.93,-37.59],[44.08,-37.59],[44.15,-37.63],[44.15,-37.74],[44.22,-37.79],[44.29,-37.79],[44.33,-37.81],[44.33,-37.86],[44.36,-37.88],[44.36,-38.08],[44.44,-38.09],[44.44,-38.06],[44.47,-38.03],[44.54,-38.04],[44.58,-38.08],[44.65,-38.13],[44.65,-38.16],[44.76,-38.19],[44.83,-38.21],[44.83,-38.26],[44.87,-38.28],[44.87,-38.39],[44.94,-38.39],[44.94,-38.34],[44.98,-38.34],[44.98,-38.31],[45.05,-38.31],[45.05,-38.29],[45.12,-38.31],[45.16,-38.34],[45.16,-38.46],[45.08,-38.5],[45.01,-38.5],[44.94,-38.5],[44.8,-38.39],[44.69,-38.31],[44.69,-38.28],[44.65,-38.24],[44.58,-38.21],[44.54,-38.26],[44.47,-38.29],[44.36,-38.29],[44.26,-38.26],[44.26,-38.23],[44.18,-38.21],[44.15,-38.26],[44.08,-38.33],[44.08,-38.39],[44.15,-38.45],[44.18,-38.5],[44.26,-38.61],[44.26,-38.71],[44.18,-38.8],[44.11,-38.81],[44.04,-38.83],[44.04,-38.88],[44.0,-38.9],[43.97,-38.88],[43.97,-38.85],[43.9,-38.81],[43.82,-38.81],[43.72,-38.81],[43.21,-38.81],[43.1,-38.8],[42.92,-38.8],[42.85,-38.78],[42.78,-38.78],[42.78,-38.76],[42.71,-38.7],[42.64,-38.7],[42.53,-38.76],[42.53,-38.78],[42.42,-38.73],[42.38,-38.7],[42.28,-38.56],[42.2,-38.5],[42.1,-38.45],[42.1,-38.41],[42.06,-38.39],[41.99,-38.39],[41.95,-38.38],[41.95,-38.34],[41.92,-38.31],[41.81,-38.31],[41.77,-38.29],[41.66,-38.29],[41.56,-38.24],[41.45,-38.16],[41.38,-38.08],[41.3,-38.04],[41.23,-38.01],[41.16,-38.01],[41.05,-37.96],[41.05,-37.83],[41.02,-37.79],[40.98,-37.79],[40.98,-37.76],[40.94,-37.74],[40.94,-37.63],[40.91,-37.59],[40.8,-37.59],[40.76,-37.61],[40.76,-37.64],[40.73,-37.68],[40.62,-37.71],[40.55,-37.71],[40.4,-37.68],[40.3,-37.59],[40.26,-37.63],[40.26,-37.68],[40.23,-37.69],[40.12,-37.69],[40.05,-37.64],[39.97,-37.58],[39.9,-37.54],[39.87,-37.51],[39.79,-37.51],[39.76,-37.49],[39.65,-37.52],[39.65,-37.59],[39.58,-37.59],[39.51,-37.59],[39.47,-37.58],[39.47,-37.49],[39.43,-37.47],[39.43,-37.42],[39.4,-37.41],[39.22,-37.41],[39.18,-37.39],[39.11,-37.39],[39.04,-37.32],[38.93,-37.29],[38.75,-37.29],[38.64,-37.26],[38.64,-37.21],[38.57,-37.21],[38.57,-37.19],[38.46,-37.22],[38.46,-37.29],[38.43,-37.29],[38.35,-37.29],[38.32,-37.29],[38.14,-37.14],[38.14,-37.12],[38.07,-37.12],[38.03,-37.14],[38.03,-37.17],[37.96,-37.16],[37.96,-37.14],[37.89,-37.11],[37.81,-37.11],[37.74,-37.06],[37.74,-37.02],[37.67,-36.99],[37.56,-36.99],[37.45,-36.96],[37.45,-36.94],[37.38,-36.87],[37.38,-36.86],[37.31,-36.84],[37.27,-36.81],[37.2,-36.81],[37.17,-36.79],[37.17,-36.74],[37.13,-36.71],[37.02,-36.69],[36.95,-36.72],[36.95,-36.77],[36.88,-36.81],[36.81,-36.81],[36.77,-36.79],[36.77,-36.76],[36.7,-36.71],[36.63,-36.69],[36.52,-36.69],[36.48,-36.67],[36.45,-36.67],[36.45,-36.62],[36.41,-36.6],[36.34,-36.6],[36.3,-36.55],[36.19,-36.52],[36.19,-36.49],[36.16,-36.47],[36.16,-36.44],[36.09,-36.4],[36.05,-36.44],[36.05,-36.49],[36.01,-36.5],[35.94,-36.44],[35.94,-36.34],[35.87,-36.3],[35.76,-36.3],[35.69,-36.27],[35.65,-36.27],[35.65,-36.12],[35.73,-36.1],[35.76,-36.14],[35.76,-36.19],[35.83,-36.2],[35.98,-36.2],[36.05,-36.22],[36.05,-36.27],[36.09,-36.27],[36.16,-36.3],[36.3,-36.3],[36.34,-36.32],[36.34,-36.37],[36.37,-36.37],[36.37,-36.39],[36.41,-36.39],[36.45,-36.37],[36.45,-36.15],[36.37,-36.07],[36.34,-36.05],[36.27,-36.0],[36.23,-36.0],[36.16,-35.97],[36.16,-35.95],[36.05,-35.87],[36.05,-35.84],[35.94,-35.8],[35.87,-35.8],[35.76,-35.77],[35.76,-35.65],[35.73,-35.63],[35.73,-35.6],[35.65,-35.62],[35.65,-35.67],[35.58,-35.7],[35.51,-35.7],[35.47,-35.68],[35.47,-35.63],[35.44,-35.62],[35.44,-35.5],[35.37,-35.5],[35.37,-35.57],[35.33,-35.57],[35.29,-35.6],[35.22,-35.6],[35.15,-35.57],[35.15,-35.43],[35.11,-35.4],[35.08,-35.4],[35.08,-35.43],[35.04,-35.43],[35.04,-35.47],[34.97,-35.5],[34.93,-35.5],[34.86,-35.47],[34.86,-35.45],[34.83,-35.42],[34.75,-35.4],[34.65,-35.4],[34.57,-35.38],[34.57,-35.35],[34.54,-35.32],[34.54,-35.2],[34.47,-35.2],[34.47,-35.27],[34.43,-35.27],[34.39,-35.3],[34.32,-35.3],[34.25,-35.27],[34.25,-35.13],[34.21,-35.1],[34.18,-35.1],[34.18,-35.13],[34.14,-35.13],[34.14,-35.17],[34.11,-35.2],[34.03,-35.2],[33.96,-35.17],[33.96,-35.07],[33.93,-35.03],[33.93,-35.02],[33.85,-35.02],[33.85,-35.07],[33.82,-35.1],[33.71,-35.1],[33.67,-35.08],[33.67,-35.03],[33.64,-35.02],[33.64,-34.9],[33.57,-34.9],[33.57,-34.96],[33.53,-34.96],[33.53,-35.0],[33.39,-35.0],[33.35,-34.96],[33.35,-34.83],[33.31,-34.8],[33.28,-34.8],[33.28,-34.83],[33.24,-34.83],[33.24,-34.86],[33.21,-34.9],[33.13,-34.9],[33.06,-34.86],[33.06,-34.76],[33.03,-34.73],[33.03,-34.7],[32.95,-34.7],[32.95,-34.73],[32.92,-34.76],[32.92,-34.8],[32.88,-34.8],[32.88,-34.75],[32.81,-34.7],[32.74,-34.7],[32.67,-34.7],[32.67,-34.61],[32.74,-34.6],[32.85,-34.6],[32.95,-34.56],[32.95,-34.51],[33.03,-34.5],[33.03,-34.55],[33.06,-34.55],[33.06,-34.68],[33.17,-34.7],[33.24,-34.68],[33.24,-34.63],[33.28,-34.6],[33.31,-34.6],[33.35,-34.63],[33.35,-34.76],[33.42,-34.8],[33.49,-34.8],[33.53,-34.76],[33.57,-34.76],[33.57,-34.7],[33.64,-34.7],[33.64,-34.83],[33.67,-34.85],[33.67,-34.88],[33.75,-34.9],[33.85,-34.86],[33.85,-34.81],[33.93,-34.8],[33.93,-34.85],[33.96,-34.86],[33.96,-34.98],[34.03,-35.0],[34.14,-34.98],[34.14,-34.93],[34.18,-34.9],[34.21,-34.9],[34.25,-34.93],[34.25,-35.07],[34.29,-35.07],[34.32,-35.1],[34.39,-35.1],[34.43,-35.07],[34.47,-35.07],[34.47,-35.02],[34.54,-35.02],[34.54,-35.12],[34.57,-35.15],[34.57,-35.18],[34.61,-35.2],[34.65,-35.18],[34.65,-35.15],[34.68,-35.12],[34.75,-35.1],[34.86,-35.1],[34.97,-35.15],[34.97,-35.17],[35.04,-35.2],[35.19,-35.2],[35.26,-35.23],[35.26,-35.27],[35.33,-35.3],[35.44,-35.3],[35.51,-35.32],[35.55,-35.33],[35.55,-35.47],[35.58,-35.47],[35.58,-35.5],[35.65,-35.48],[35.65,-35.42],[35.73,-35.4],[35.73,-35.45],[35.76,-35.47],[35.76,-35.58],[35.83,-35.6],[35.83,-35.57],[35.87,-35.55],[35.87,-35.52],[35.91,-35.5],[35.98,-35.5],[35.98,-35.48],[36.05,-35.47],[36.05,-35.43],[36.01,-35.4],[35.91,-35.4],[35.91,-35.38],[35.8,-35.3],[35.76,-35.25],[35.69,-35.22],[35.69,-35.2],[35.62,-35.2],[35.55,-35.15],[35.55,-34.96],[35.58,-34.95],[35.58,-34.9],[35.65,-34.88],[35.65,-34.83],[35.58,-34.8],[35.47,-34.81],[35.47,-34.86],[35.44,-34.86],[35.44,-34.98],[35.37,-35.0],[35.29,-35.0],[35.26,-34.96],[35.26,-34.81],[35.33,-34.8],[35.33,-34.75],[35.37,-34.73],[35.37,-34.66],[35.33,-34.65],[35.33,-34.6],[35.29,-34.6],[35.26,-34.65],[35.19,-34.7],[35.19,-34.75],[35.15,-34.78],[35.15,-34.85],[35.11,-34.86],[35.11,-34.91],[35.08,-34.95],[35.01,-34.98],[34.97,-34.98],[34.97,-34.95],[34.86,-34.9],[34.79,-34.9],[34.68,-34.86],[34.5,-34.7],[34.47,-34.71],[34.47,-34.75],[34.39,-34.78],[34.32,-34.73],[34.32,-34.7],[34.29,-34.7],[34.29,-34.66],[34.21,-34.63],[34.21,-34.61],[34.07,-34.58],[34.07,-34.4],[34.14,-34.4],[34.14,-34.33],[34.11,-34.3],[34.0,-34.3],[33.96,-34.33],[33.96,-34.45],[33.89,-34.5],[33.82,-34.5],[33.75,-34.45],[33.75,-34.38],[33.78,-34.35],[33.78,-34.3],[33.85,-34.25],[33.93,-34.2],[33.93,-34.16],[33.96,-34.15],[33.96,-34.11],[33.93,-34.09],[33.82,-34.09],[33.78,-34.11],[33.71,-34.18],[33.71,-34.21],[33.67,-34.25],[33.67,-34.28],[33.64,-34.31],[33.64,-34.38],[33.57,-34.4],[33.46,-34.36],[33.46,-34.25],[33.6,-34.11],[33.64,-34.09],[33.71,-34.09],[33.75,-34.09],[33.75,-34.01],[33.67,-33.98],[33.67,-33.91],[33.75,-33.93],[33.75,-33.94],[33.78,-33.96],[33.78,-33.99],[33.85,-33.96],[33.85,-33.94],[33.89,-33.91],[33.93,-33.91],[33.93,-33.94],[34.0,-33.98],[34.0,-33.99],[34.07,-33.99],[34.14,-34.01],[34.14,-34.04],[34.18,-34.04],[34.18,-34.09],[34.21,-34.09],[34.21,-34.06],[34.25,-34.03],[34.32,-33.99],[34.36,-33.99],[34.43,-34.03],[34.43,-34.06],[34.47,-34.09],[34.47,-34.2],[34.54,-34.2],[34.54,-34.16],[34.57,-34.11],[34.61,-34.09],[34.68,-34.16],[34.68,-34.2],[34.72,-34.2],[34.72,-34.16],[34.79,-34.09],[34.86,-34.09],[34.93,-34.13],[34.93,-34.16],[34.97,-34.2],[34.97,-34.3],[35.04,-34.28],[35.04,-34.16],[35.08,-34.13],[35.08,-34.09],[35.15,-34.13],[35.26,-34.25],[35.33,-34.28],[35.37,-34.23],[35.4,-34.21],[35.51,-34.21],[35.55,-34.23],[35.55,-34.28],[35.62,-34.3],[35.65,-34.26],[35.65,-34.16],[35.55,-34.04],[35.55,-34.03],[35.47,-33.96],[35.47,-33.93],[35.44,-33.91],[35.44,-33.79],[35.37,-33.79],[35.37,-33.73],[35.47,-33.69],[35.55,-33.69],[35.62,-33.66],[35.69,-33.61],[35.73,-33.59],[35.8,-33.51],[35.8,-33.49],[35.87,-33.44],[36.05,-33.36],[36.05,-33.16],[36.01,-33.14],[36.01,-33.11],[35.91,-33.07],[35.87,-33.07],[35.87,-32.84],[35.94,-32.76],[36.01,-32.74],[36.16,-32.71],[36.37,-32.71],[36.48,-32.69],[36.55,-32.66],[36.55,-32.62],[36.48,-32.59],[36.45,-32.59],[36.37,-32.57],[36.34,-32.52],[36.27,-32.47],[36.16,-32.32],[36.16,-32.24],[36.12,-32.2],[36.09,-32.2],[36.09,-32.17],[36.05,-32.15],[36.05,-32.05]],[[36.84,-32.74],[36.84,-32.72],[36.77,-32.71],[36.77,-32.79],[36.84,-32.79],[36.84,-32.74]],[[35.65,-33.84],[35.65,-33.81],[35.58,-33.79],[35.55,-33.81],[35.55,-33.88],[35.62,-33.91],[35.65,-33.89],[35.65,-33.84]],[[36.16,-34.04],[36.12,-33.99],[36.05,-34.01],[36.05,-34.09],[36.09,-34.09],[36.16,-34.08],[36.16,-34.04]],[[36.45,-34.03],[36.41,-33.99],[36.34,-33.99],[36.27,-34.03],[36.27,-34.2],[36.34,-34.18],[36.34,-34.16],[36.45,-34.08],[36.45,-34.03]],[[34.86,-34.35],[34.83,-34.33],[34.83,-34.3],[34.75,-34.31],[34.75,-34.4],[34.83,-34.4],[34.83,-34.38],[34.86,-34.38],[34.86,-34.35]],[[34.47,-34.45],[34.39,-34.4],[34.29,-34.4],[34.25,-34.43],[34.25,-34.46],[34.29,-34.5],[34.39,-34.5],[34.47,-34.45]],[[34.75,-34.5],[34.75,-34.43],[34.72,-34.4],[34.68,-34.4],[34.57,-34.51],[34.57,-34.6],[34.68,-34.6],[34.75,-34.55],[34.75,-34.5]],[[35.15,-34.53],[35.11,-34.5],[35.01,-34.51],[34.9,-34.56],[34.9,-34.6],[34.86,-34.63],[34.86,-34.7],[34.93,-34.7],[35.04,-34.66],[35.11,-34.61],[35.11,-34.58],[35.15,-34.55],[35.15,-34.53]],[[35.87,-34.95],[35.83,-34.95],[35.83,-34.9],[35.76,-34.9],[35.76,-35.0],[35.83,-35.0],[35.83,-34.96],[35.87,-34.95]],[[37.06,-35.55],[37.06,-35.52],[36.99,-35.5],[36.95,-35.52],[36.95,-35.58],[37.06,-35.58],[37.06,-35.55]],[[39.47,-35.75],[39.43,-35.73],[39.43,-35.7],[39.36,-35.72],[39.36,-35.78],[39.4,-35.8],[39.47,-35.75]],[[37.56,-36.65],[37.53,-36.6],[37.38,-36.6],[37.35,-36.64],[37.35,-36.67],[37.38,-36.69],[37.53,-36.69],[37.56,-36.65]],[[41.66,-36.76],[41.66,-36.69],[41.63,-36.67],[41.63,-36.6],[41.56,-36.62],[41.56,-36.87],[41.63,-36.89],[41.63,-36.84],[41.66,-36.81],[41.66,-36.76]],[[38.14,-36.76],[38.14,-36.71],[38.07,-36.71],[38.07,-36.79],[38.14,-36.81],[38.14,-36.76]],[[42.64,-36.84],[42.6,-36.81],[42.42,-36.81],[42.35,-36.84],[42.38,-36.86],[42.38,-36.89],[42.46,-36.97],[42.53,-36.99],[42.53,-36.97],[42.6,-36.91],[42.64,-36.89],[42.64,-36.84]],[[43.07,-36.91],[43.07,-36.87],[43.03,-36.86],[43.03,-36.81],[42.96,-36.82],[42.96,-36.99],[43.03,-36.99],[43.03,-36.94],[43.07,-36.91]],[[41.95,-36.96],[41.95,-36.92],[41.88,-36.91],[41.84,-36.92],[41.84,-36.99],[41.88,-36.99],[41.95,-36.99],[41.95,-36.96]],[[42.74,-36.96],[42.74,-36.91],[42.67,-36.91],[42.67,-36.94],[42.64,-36.94],[42.64,-36.97],[42.67,-36.97],[42.67,-36.99],[42.74,-36.99],[42.74,-36.96]],[[39.15,-37.26],[39.15,-37.21],[39.07,-37.21],[39.07,-37.24],[39.04,-37.24],[39.07,-37.27],[39.07,-37.29],[39.15,-37.29],[39.15,-37.26]],[[40.55,-37.44],[40.55,-37.42],[40.48,-37.41],[40.44,-37.44],[40.44,-37.46],[40.48,-37.49],[40.55,-37.47],[40.55,-37.44]],[[44.04,-38.45],[44.04,-38.41],[43.97,-38.39],[43.97,-38.5],[44.0,-38.5],[44.04,-38.5],[44.04,-38.45]]]}},{"type":"Feature","properties":{"precip":10},"geometry":{"type":"Polygon","coordinates":[[[33.46,-32.44],[33.46,-32.42],[33.53,-32.41],[33.57,-32.42],[33.57,-32.47],[33.53,-32.47],[33.53,-32.51],[33.46,-32.49],[33.46,-32.44]]]}},{"type":"Feature","properties":{"precip":10},"geometry":{"type":"Polygon","coordinates":[[[32.45,-33.76],[32.45,-33.71],[32.52,-33.69],[32.56,-33.73],[32.56,-33.78],[32.52,-33.79],[32.45,-33.79],[32.45,-33.76]]]}},{"type":"Feature","properties":{"precip":10},"geometry":{"type":"Polygon","coordinates":[[[32.74,-33.84],[32.77,-33.83],[32.77,-33.79],[32.85,-33.79],[32.85,-33.89],[32.77,-33.89],[32.77,-33.86],[32.74,-33.84]]]}},{"type":"Feature","properties":{"precip":10},"geometry":{"type":"Polygon","coordinates":[[[33.06,-33.94],[33.06,-33.91],[33.13,-33.91],[33.13,-33.94],[33.17,-33.94],[33.13,-33.96],[33.13,-33.99],[33.06,-33.99],[33.06,-33.94]]]}},{"type":"Feature","properties":{"precip":10},"geometry":{"type":"Polygon","coordinates":[[[32.85,-34.04],[32.88,-33.99],[32.95,-34.01],[32.95,-34.09],[32.88,-34.09],[32.85,-34.08],[32.85,-34.04]]]}},{"type":"Feature","properties":{"precip":10},"geometry":{"type":"Polygon","coordinates":[[[33.21,-34.08],[33.28,-34.03],[33.35,-33.99],[33.42,-33.99],[33.46,-34.01],[33.46,-34.06],[33.39,-34.09],[33.39,-34.13],[33.35,-34.16],[33.28,-34.2],[33.17,-34.2],[33.17,-34.13],[33.21,-34.09],[33.21,-34.08]]]}},{"type":"Feature","properties":{"precip":10},"geometry":{"type":"Polygon","coordinates":[[[37.96,-34.4],[37.96,-34.31],[37.99,-34.3],[38.07,-34.35],[38.07,-34.38],[38.14,-34.43],[38.14,-34.5],[37.99,-34.5],[37.96,-34.46],[37.96,-34.4]]]}},{"type":"Feature","properties":{"precip":10},"geometry":{"type":"Polygon","coordinates":[[[41.66,-35.55],[41.66,-35.5],[41.74,-35.5],[41.77,-35.53],[41.77,-35.6],[41.84,-35.57],[41.84,-35.53],[41.88,-35.5],[41.92,-35.5],[41.95,-35.53],[41.95,-35.57],[42.02,-35.62],[42.13,-35.68],[42.24,-35.72],[42.24,-35.77],[42.35,-35.8],[42.42,-35.8],[42.46,-35.84],[42.46,-35.87],[42.42,-35.87],[42.35,-35.9],[42.13,-35.9],[42.06,-35.87],[42.06,-35.77],[42.02,-35.72],[41.95,-35.7],[41.84,-35.75],[41.81,-35.77],[41.81,-35.8],[41.77,-35.82],[41.77,-35.9],[41.84,-35.92],[41.84,-35.97],[41.77,-36.04],[41.77,-36.09],[41.84,-36.14],[41.92,-36.22],[41.95,-36.24],[41.95,-36.27],[41.84,-36.3],[41.7,-36.3],[41.63,-36.29],[41.56,-36.25],[41.56,-36.24],[41.48,-36.2],[41.48,-36.17],[41.45,-36.14],[41.34,-36.09],[41.27,-36.09],[41.27,-36.07],[41.23,-36.04],[41.16,-36.0],[41.05,-36.07],[40.98,-36.1],[40.98,-36.2],[41.05,-36.24],[41.12,-36.3],[41.12,-36.39],[41.05,-36.45],[40.94,-36.5],[40.84,-36.5],[40.76,-36.44],[40.76,-36.32],[40.84,-36.29],[40.84,-36.04],[40.8,-36.0],[40.76,-36.04],[40.76,-36.12],[40.73,-36.14],[40.73,-36.19],[40.69,-36.2],[40.62,-36.2],[40.51,-36.14],[40.51,-36.1],[40.44,-36.05],[40.44,-35.97],[40.51,-35.9],[40.51,-35.87],[40.55,-35.84],[40.62,-35.8],[40.73,-35.78],[40.73,-35.75],[40.76,-35.72],[40.76,-35.62],[40.84,-35.6],[40.87,-35.6],[40.94,-35.62],[40.94,-35.67],[41.02,-35.7],[41.09,-35.7],[41.16,-35.67],[41.16,-35.62],[41.23,-35.62],[41.3,-35.62],[41.34,-35.6],[41.56,-35.6],[41.66,-35.55]]]}},{"type":"Feature","properties":{"precip":10},"geometry":{"type":"Polygon","coordinates":[[[46.67,-35.75],[46.67,-35.7],[46.74,-35.72],[46.74,-35.78],[46.67,-35.78],[46.67,-35.75]]]}},{"type":"Feature","properties":{"precip":10},"geometry":{"type":"Polygon","coordinates":[[[38.07,-35.85],[38.07,-35.8],[38.14,-35.8],[38.14,-35.9],[38.07,-35.9],[38.07,-35.85]]]}},{"type":"Feature","properties":{"precip":10},"geometry":{"type":"Polygon","coordinates":[[[45.34,-35.85],[45.37,-35.84],[45.37,-35.8],[45.44,-35.8],[45.44,-35.9],[45.37,-35.9],[45.37,-35.87],[45.34,-35.85]]]}},{"type":"Feature","properties":{"precip":10},"geometry":{"type":"Polygon","coordinates":[[[79.46,-35.95],[79.46,-35.92],[79.53,-35.9],[79.64,-35.9],[79.75,-35.92],[79.75,-35.97],[79.71,-35.97],[79.64,-36.0],[79.53,-36.0],[79.46,-35.95]]]}},{"type":"Feature","properties":{"precip":10},"geometry":{"type":"Polygon","coordinates":[[[35.04,-36.07],[35.08,-36.0],[35.15,-36.04],[35.15,-36.09],[35.11,-36.1],[35.04,-36.07]]]}},{"type":"Feature","properties":{"precip":10},"geometry":{"type":"Polygon","coordinates":[[[35.87,-36.07],[35.87,-36.0],[35.94,-36.0],[35.94,-36.09],[35.87,-36.09],[35.87,-36.07]]]}},{"type":"Feature","properties":{"precip":10},"geometry":{"type":"Polygon","coordinates":[[[36.16,-36.15],[36.16,-36.1],[36.23,-36.1],[36.27,-36.14],[36.27,-36.17],[36.23,-36.2],[36.16,-36.2],[36.16,-36.15]]]}},{"type":"Feature","properties":{"precip":10},"geometry":{"type":"Polygon","coordinates":[[[79.35,-36.15],[79.35,-36.12],[79.39,-36.1],[79.46,-36.12],[79.46,-36.19],[79.39,-36.2],[79.35,-36.19],[79.35,-36.15]]]}},{"type":"Feature","properties":{"precip":10},"geometry":{"type":"Polygon","coordinates":[[[75.54,-41.3],[75.54,-41.24],[75.5,-41.19],[75.46,-41.17],[75.46,-41.12],[75.54,-41.09],[75.54,-41.02],[75.5,-41.01],[75.5,-40.97],[75.43,-40.92],[75.39,-40.9],[75.39,-40.87],[75.36,-40.85],[75.36,-40.82],[75.43,-40.79],[75.43,-40.72],[75.36,-40.67],[75.36,-40.52],[75.32,-40.52],[75.32,-40.49],[75.25,-40.47],[75.25,-40.32],[75.18,-40.3],[75.18,-40.27],[75.14,-40.25],[75.14,-40.17],[75.1,-40.14],[75.1,-40.08],[75.07,-40.07],[75.0,-40.02],[75.0,-39.98],[74.96,-39.97],[74.96,-39.93],[75.07,-39.85],[75.07,-39.82],[75.14,-39.77],[75.14,-39.72],[75.07,-39.68],[75.07,-39.52],[75.03,-39.5],[75.03,-39.42],[75.0,-39.38],[74.96,-39.38],[74.96,-39.33],[75.03,-39.28],[75.03,-39.21],[75.0,-39.2],[74.96,-39.15],[74.96,-38.86],[75.0,-38.81],[75.03,-38.8],[75.03,-38.75],[75.07,-38.71],[75.07,-38.65],[75.1,-38.61],[75.21,-38.6],[75.36,-38.6],[75.43,-38.56],[75.46,-38.56],[75.46,-38.51],[75.5,-38.5],[75.61,-38.5],[75.64,-38.51],[75.64,-38.56],[75.68,-38.56],[75.72,-38.6],[75.82,-38.6],[75.9,-38.61],[75.97,-38.65],[75.97,-38.66],[76.0,-38.68],[76.11,-38.68],[76.15,-38.7],[76.44,-38.7],[76.51,-38.71],[76.54,-38.71],[76.65,-38.75],[76.65,-38.78],[76.69,-38.78],[76.76,-38.81],[76.8,-38.81],[76.9,-38.83],[76.98,-38.9],[77.05,-38.95],[77.05,-38.98],[77.16,-39.05],[77.16,-39.11],[77.26,-39.16],[77.3,-39.2],[77.41,-39.28],[77.52,-39.32],[77.52,-39.33],[77.59,-39.37],[77.59,-39.4],[77.66,-39.47],[77.77,-39.5],[77.84,-39.5],[77.84,-39.43],[77.88,-39.43],[77.88,-39.42],[77.91,-39.42],[77.91,-39.4],[78.02,-39.42],[78.02,-39.43],[78.02,-39.57],[78.16,-39.58],[78.16,-39.6],[78.38,-39.6],[78.42,-39.63],[78.42,-39.68],[78.49,-39.7],[78.52,-39.7],[78.67,-39.63],[78.74,-39.57],[78.74,-39.45],[78.67,-39.42],[78.63,-39.33],[78.6,-39.27],[78.52,-39.27],[78.52,-39.23],[78.63,-39.2],[78.63,-39.11],[78.67,-39.05],[78.67,-38.98],[78.63,-38.95],[78.63,-38.91],[78.52,-38.9],[78.52,-38.81],[78.6,-38.81],[78.67,-38.81],[78.74,-38.78],[78.74,-38.61],[78.67,-38.61],[78.67,-38.66],[78.6,-38.7],[78.52,-38.68],[78.52,-38.55],[78.52,-38.53],[78.52,-38.5],[78.49,-38.5],[78.49,-38.48],[78.42,-38.46],[78.42,-38.24],[78.42,-38.23],[78.42,-38.19],[78.38,-38.19],[78.38,-38.18],[78.34,-38.18],[78.34,-38.14],[78.42,-38.09],[78.52,-38.09],[78.52,-38.06],[78.52,-38.04],[78.63,-38.01],[78.78,-38.01],[78.85,-38.04],[78.85,-38.24],[78.92,-38.29],[79.03,-38.29],[79.03,-38.26],[79.03,-38.23],[78.99,-38.18],[78.96,-38.18],[78.96,-38.13],[79.03,-38.09],[79.03,-38.01],[78.92,-37.91],[78.88,-37.89],[78.78,-37.89],[78.78,-37.88],[78.78,-37.79],[78.74,-37.74],[78.74,-37.52],[78.67,-37.49],[78.6,-37.49],[78.52,-37.47],[78.52,-37.44],[78.63,-37.39],[78.67,-37.31],[78.67,-37.29],[78.74,-37.27],[78.74,-37.21],[78.67,-37.17],[78.67,-37.12],[78.74,-37.09],[78.74,-36.97],[78.78,-36.96],[78.78,-36.92],[78.88,-36.89],[78.96,-36.86],[78.96,-36.71],[78.99,-36.69],[79.1,-36.79],[79.1,-36.82],[79.14,-36.86],[79.14,-36.89],[79.17,-36.92],[79.17,-36.99],[79.24,-36.99],[79.24,-36.86],[79.28,-36.81],[79.39,-36.82],[79.53,-36.91],[79.53,-36.99],[79.46,-37.01],[79.46,-37.07],[79.53,-37.11],[79.64,-37.07],[79.64,-36.91],[79.64,-36.87],[79.64,-36.82],[79.71,-36.81],[79.78,-36.81],[79.86,-36.77],[79.86,-36.74],[79.78,-36.72],[79.78,-36.69],[79.75,-36.64],[79.71,-36.62],[79.71,-36.59],[79.64,-36.57],[79.64,-36.52],[79.64,-36.4],[79.53,-36.39],[79.53,-36.3],[79.53,-36.22],[79.64,-36.2],[79.75,-36.2],[79.86,-36.22],[79.86,-36.29],[79.78,-36.3],[79.78,-36.34],[79.75,-36.35],[79.75,-36.45],[79.86,-36.5],[80.07,-36.5],[80.14,-36.52],[80.14,-36.69],[80.07,-36.72],[80.07,-36.79],[80.11,-36.79],[80.14,-36.82],[80.14,-36.89],[80.07,-36.89],[80.07,-36.84],[80.04,-36.82],[79.96,-36.84],[79.89,-36.91],[79.89,-36.94],[79.86,-36.96],[79.86,-36.99],[79.89,-36.99],[79.96,-36.99],[80.04,-37.01],[80.04,-37.12],[80.07,-37.14],[80.04,-37.17],[80.04,-37.29],[80.0,-37.29],[79.96,-37.29],[79.96,-37.16],[79.89,-37.14],[79.89,-37.11],[79.86,-37.14],[79.86,-37.27],[79.78,-37.29],[79.75,-37.32],[79.75,-37.37],[79.78,-37.37],[79.78,-37.41],[79.89,-37.41],[79.96,-37.44],[79.96,-37.47],[80.0,-37.49],[80.07,-37.49],[80.14,-37.52],[80.14,-37.59],[80.07,-37.59],[80.07,-37.69],[80.11,-37.71],[80.14,-37.71],[80.22,-37.74],[80.29,-37.76],[80.32,-37.81],[80.32,-37.84],[80.36,-37.89],[80.36,-37.98],[80.29,-38.01],[80.25,-37.99],[80.25,-37.93],[80.14,-37.89],[80.0,-37.89],[79.96,-37.91],[79.96,-37.96],[80.0,-37.99],[80.0,-38.03],[80.14,-38.08],[80.22,-38.09],[80.36,-38.09],[80.4,-38.13],[80.4,-38.19],[80.36,-38.24],[80.32,-38.26],[80.29,-38.31],[80.29,-38.34],[80.25,-38.36],[80.25,-38.46],[80.32,-38.5],[80.4,-38.5],[80.47,-38.46],[80.47,-38.41],[80.54,-38.39],[80.65,-38.45],[80.76,-38.53],[80.76,-38.58],[80.72,-38.6],[80.58,-38.6],[80.47,-38.63],[80.47,-38.7],[80.54,-38.71],[80.54,-38.86],[80.5,-38.9],[80.22,-38.9],[80.14,-38.83],[80.14,-38.65],[80.11,-38.61],[80.0,-38.6],[79.78,-38.6],[79.75,-38.55],[79.75,-38.41],[79.71,-38.41],[79.64,-38.45],[79.53,-38.51],[79.53,-38.58],[79.64,-38.63],[79.64,-38.81],[79.64,-38.83],[79.64,-38.88],[79.71,-38.9],[79.78,-38.9],[79.96,-38.93],[80.04,-38.96],[80.07,-38.98],[80.14,-39.01],[80.14,-39.06],[80.07,-39.13],[80.07,-39.27],[80.14,-39.3],[80.4,-39.3],[80.4,-39.32],[80.4,-39.37],[80.47,-39.4],[80.47,-39.53],[80.5,-39.57],[80.5,-39.62],[80.58,-39.68],[80.65,-39.7],[80.72,-39.72],[80.72,-39.73],[80.76,-39.75],[80.76,-39.95],[80.83,-40.0],[80.83,-40.07],[80.86,-40.08],[80.86,-40.29],[80.9,-40.3],[81.01,-40.3],[81.15,-40.32],[81.15,-40.44],[81.22,-40.49],[81.26,-40.5],[81.37,-40.44],[81.4,-40.42],[81.44,-40.44],[81.51,-40.49],[81.51,-40.54],[81.51,-40.59],[81.51,-40.65],[81.58,-40.67],[81.58,-40.7],[81.66,-40.67],[81.66,-40.52],[81.69,-40.52],[81.69,-40.49],[81.73,-40.5],[81.73,-40.54],[81.76,-40.55],[81.76,-40.69],[81.87,-40.62],[81.98,-40.54],[81.98,-40.5],[82.02,-40.47],[82.02,-40.4],[81.98,-40.4],[81.98,-40.35],[81.94,-40.32],[81.94,-40.24],[81.91,-40.2],[81.76,-40.2],[81.73,-40.19],[81.62,-40.19],[81.58,-40.17],[81.51,-40.17],[81.51,-40.12],[81.48,-40.1],[81.4,-40.1],[81.37,-40.07],[81.37,-39.98],[81.33,-39.97],[81.33,-39.9],[81.26,-39.87],[81.26,-39.82],[81.26,-39.8],[81.33,-39.82],[81.33,-39.85],[81.37,-39.87],[81.44,-39.9],[81.51,-39.9],[81.51,-39.92],[81.51,-39.95],[81.58,-39.97],[81.58,-40.0],[81.66,-39.97],[81.66,-39.93],[81.69,-39.9],[81.73,-39.9],[81.73,-39.95],[81.84,-40.0],[81.94,-40.0],[82.02,-40.02],[82.02,-40.07],[82.09,-40.07],[82.12,-40.1],[82.2,-40.1],[82.27,-40.15],[82.27,-40.19],[82.34,-40.19],[82.34,-40.2],[82.38,-40.2],[82.45,-40.22],[82.45,-40.27],[82.48,-40.3],[82.59,-40.3],[82.63,-40.32],[82.63,-40.37],[82.7,-40.4],[82.81,-40.4],[82.84,-40.42],[82.84,-40.47],[82.88,-40.47],[83.02,-40.5],[83.06,-40.54],[83.06,-40.59],[83.13,-40.6],[83.2,-40.6],[83.24,-40.62],[83.24,-40.65],[83.35,-40.7],[83.38,-40.7],[83.46,-40.72],[83.46,-40.79],[83.49,-40.79],[83.56,-40.79],[83.64,-40.8],[83.64,-40.84],[83.64,-40.85],[83.64,-40.89],[83.74,-40.9],[83.82,-40.9],[83.96,-40.95],[84.07,-41.06],[84.1,-41.09],[84.21,-41.17],[84.25,-41.21],[84.36,-41.19],[84.36,-41.12],[84.39,-41.09],[84.43,-41.09],[84.5,-41.14],[84.61,-41.21],[84.64,-41.24],[84.64,-41.3],[75.54,-41.3]],[[80.07,-36.65],[80.04,-36.64],[80.04,-36.6],[79.96,-36.6],[79.96,-36.69],[80.04,-36.69],[80.04,-36.67],[80.07,-36.65]],[[79.86,-37.06],[79.86,-37.01],[79.78,-36.99],[79.75,-37.02],[79.75,-37.07],[79.78,-37.09],[79.86,-37.09],[79.86,-37.06]],[[79.86,-37.74],[79.86,-37.73],[79.78,-37.71],[79.75,-37.73],[79.75,-37.78],[79.78,-37.79],[79.86,-37.78],[79.86,-37.74]],[[79.86,-38.24],[79.86,-38.21],[79.78,-38.19],[79.75,-38.21],[79.75,-38.28],[79.78,-38.29],[79.86,-38.28],[79.86,-38.24]],[[80.14,-38.34],[80.14,-38.31],[80.07,-38.31],[80.07,-38.39],[80.14,-38.39],[80.14,-38.34]],[[79.39,-38.48],[79.28,-38.41],[79.28,-38.39],[79.24,-38.43],[79.24,-38.55],[79.28,-38.6],[79.39,-38.6],[79.46,-38.58],[79.46,-38.55],[79.39,-38.53],[79.39,-38.5],[79.39,-38.48]],[[80.25,-38.55],[80.25,-38.51],[80.14,-38.5],[80.14,-38.53],[80.14,-38.56],[80.14,-38.6],[80.25,-38.58],[80.25,-38.55]],[[79.24,-38.66],[79.24,-38.61],[79.17,-38.61],[79.17,-38.7],[79.24,-38.68],[79.24,-38.66]],[[78.85,-39.35],[78.85,-39.3],[78.78,-39.3],[78.78,-39.33],[78.74,-39.33],[78.74,-39.37],[78.78,-39.37],[78.78,-39.4],[78.85,-39.4],[78.85,-39.35]],[[78.74,-39.85],[78.74,-39.8],[78.67,-39.8],[78.67,-39.88],[78.67,-39.9],[78.74,-39.88],[78.74,-39.85]],[[79.03,-39.83],[79.03,-39.8],[78.92,-39.8],[78.88,-39.82],[78.88,-39.85],[78.85,-39.87],[78.85,-39.97],[78.92,-39.98],[78.99,-39.92],[79.03,-39.9],[79.03,-39.87],[79.03,-39.83]],[[80.65,-39.85],[80.65,-39.82],[80.58,-39.8],[80.58,-39.83],[80.54,-39.85],[80.61,-39.9],[80.65,-39.88],[80.65,-39.85]],[[78.96,-40.15],[78.96,-40.12],[78.88,-40.1],[78.85,-40.12],[78.85,-40.17],[78.92,-40.2],[78.96,-40.19],[78.96,-40.15]],[[82.02,-40.15],[82.02,-40.12],[81.98,-40.1],[81.94,-40.14],[81.94,-40.17],[82.02,-40.2],[82.02,-40.19],[82.02,-40.15]],[[79.35,-40.25],[79.35,-40.22],[79.28,-40.2],[79.24,-40.24],[79.24,-40.27],[79.28,-40.3],[79.35,-40.29],[79.35,-40.25]],[[82.27,-40.3],[82.23,-40.25],[82.23,-40.2],[82.09,-40.2],[82.02,-40.22],[82.02,-40.25],[82.09,-40.27],[82.09,-40.3],[82.2,-40.39],[82.27,-40.34],[82.27,-40.3]],[[82.27,-40.64],[82.23,-40.64],[82.23,-40.6],[82.12,-40.62],[82.12,-40.69],[82.23,-40.7],[82.23,-40.67],[82.27,-40.67],[82.27,-40.64]],[[82.12,-40.85],[82.12,-40.82],[82.12,-40.79],[82.09,-40.79],[82.02,-40.82],[82.02,-40.89],[82.12,-40.9],[82.12,-40.89],[82.12,-40.85]],[[83.13,-40.9],[83.13,-40.85],[83.13,-40.84],[83.13,-40.79],[83.06,-40.8],[83.06,-40.97],[83.13,-40.99],[83.13,-40.95],[83.13,-40.94],[83.13,-40.9]],[[82.27,-40.94],[82.23,-40.9],[82.12,-40.92],[82.12,-40.99],[82.23,-41.01],[82.23,-40.97],[82.27,-40.97],[82.27,-40.94]],[[82.77,-40.94],[82.74,-40.94],[82.74,-40.92],[82.7,-40.9],[82.59,-40.9],[82.52,-40.92],[82.52,-40.95],[82.59,-40.99],[82.63,-41.09],[82.74,-41.11],[82.74,-41.14],[82.81,-41.17],[82.84,-41.16],[82.95,-41.07],[82.95,-41.02],[82.88,-41.01],[82.84,-41.01],[82.77,-40.99],[82.77,-40.94]],[[82.45,-41.06],[82.45,-41.01],[82.38,-41.01],[82.38,-41.04],[82.34,-41.04],[82.34,-41.07],[82.38,-41.07],[82.38,-41.09],[82.45,-41.09],[82.45,-41.06]],[[83.13,-41.17],[83.13,-41.14],[83.06,-41.09],[82.99,-41.09],[82.95,-41.11],[82.95,-41.16],[82.99,-41.21],[83.06,-41.26],[83.12,-41.3],[83.17,-41.3],[83.24,-41.29],[83.24,-41.24],[83.13,-41.17]],[[83.64,-41.24],[83.64,-41.21],[83.56,-41.21],[83.56,-41.29],[83.64,-41.29],[83.64,-41.26],[83.64,-41.24]],[[84.56,-41.3],[84.5,-41.27],[84.5,-41.24],[84.5,-41.21],[84.39,-41.21],[84.36,-41.22],[84.36,-41.26],[84.4,-41.3],[84.56,-41.3]]]}},{"type":"Feature","properties":{"precip":10},"geometry":{"type":"Polygon","coordinates":[[[37.96,-36.45],[37.96,-36.4],[38.03,-36.39],[38.03,-36.42],[38.07,-36.42],[38.07,-36.47],[38.03,-36.5],[37.96,-36.49],[37.96,-36.45]]]}},{"type":"Feature","properties":{"precip":10},"geometry":{"type":"Polygon","coordinates":[[[43.36,-36.91],[43.36,-36.84],[43.39,-36.81],[43.43,-36.81],[43.43,-36.84],[43.46,-36.86],[43.46,-36.94],[43.43,-36.96],[43.43,-36.99],[43.36,-36.97],[43.36,-36.91]]]}},{"type":"Feature","properties":{"precip":10},"geometry":{"type":"Polygon","coordinates":[[[21.26,-36.96],[21.26,-36.92],[21.33,-36.91],[21.36,-36.94],[21.36,-36.97],[21.33,-36.99],[21.26,-36.99],[21.26,-36.96]]]}},{"type":"Feature","properties":{"precip":10},"geometry":{"type":"Polygon","coordinates":[[[43.86,-37.06],[43.86,-36.94],[43.9,-36.91],[44.0,-36.91],[44.04,-36.92],[44.04,-36.99],[44.0,-36.99],[44.0,-37.02],[43.97,-37.02],[43.97,-37.07],[44.0,-37.07],[44.0,-37.11],[44.04,-37.12],[44.04,-37.17],[44.0,-37.19],[43.9,-37.19],[43.86,-37.16],[43.86,-37.06]]]}},{"type":"Feature","properties":{"precip":10},"geometry":{"type":"Polygon","coordinates":[[[34.75,-37.06],[34.75,-37.01],[34.83,-36.99],[34.83,-37.02],[34.86,-37.02],[34.86,-37.07],[34.83,-37.07],[34.83,-37.11],[34.75,-37.09],[34.75,-37.06]]]}},{"type":"Feature","properties":{"precip":10},"geometry":{"type":"Polygon","coordinates":[[[44.26,-37.06],[44.26,-37.01],[44.33,-36.99],[44.33,-37.02],[44.36,-37.02],[44.36,-37.07],[44.33,-37.07],[44.33,-37.11],[44.26,-37.09],[44.26,-37.06]]]}},{"type":"Feature","properties":{"precip":10},"geometry":{"type":"Polygon","coordinates":[[[36.45,-37.59],[36.45,-37.56],[36.48,-37.54],[36.48,-37.51],[36.55,-37.49],[36.63,-37.51],[36.63,-37.54],[36.66,-37.56],[36.66,-37.64],[36.63,-37.66],[36.63,-37.69],[36.59,-37.71],[36.52,-37.71],[36.48,-37.69],[36.48,-37.66],[36.45,-37.64],[36.45,-37.59]]]}},{"type":"Feature","properties":{"precip":10},"geometry":{"type":"Polygon","coordinates":[[[50.16,-37.74],[50.16,-37.71],[50.23,-37.71],[50.23,-37.74],[50.27,-37.74],[50.27,-37.76],[50.23,-37.76],[50.23,-37.79],[50.16,-37.79],[50.16,-37.74]]]}},{"type":"Feature","properties":{"precip":10},"geometry":{"type":"Polygon","coordinates":[[[22.77,-37.86],[22.77,-37.81],[22.8,-37.79],[22.84,-37.81],[22.84,-37.89],[22.77,-37.89],[22.77,-37.86]]]}},{"type":"Feature","properties":{"precip":10},"geometry":{"type":"Polygon","coordinates":[[[33.85,-38.24],[33.85,-38.21],[33.93,-38.19],[33.96,-38.23],[33.96,-38.26],[33.93,-38.29],[33.85,-38.28],[33.85,-38.24]]]}},{"type":"Feature","properties":{"precip":10},"geometry":{"type":"Polygon","coordinates":[[[34.36,-38.48],[34.36,-38.41],[34.43,-38.41],[34.47,-38.45],[34.47,-38.48],[34.54,-38.53],[34.54,-38.7],[34.5,-38.7],[34.43,-38.66],[34.43,-38.63],[34.36,-38.55],[34.36,-38.48]]]}},{"type":"Feature","properties":{"precip":10},"geometry":{"type":"Polygon","coordinates":[[[20.14,-38.66],[20.14,-38.63],[20.18,-38.63],[20.18,-38.6],[20.25,-38.61],[20.25,-38.68],[20.18,-38.7],[20.14,-38.66]]]}},{"type":"Feature","properties":{"precip":10},"geometry":{"type":"Polygon","coordinates":[[[34.86,-38.7],[34.86,-38.61],[34.9,-38.61],[35.04,-38.73],[35.04,-38.8],[35.01,-38.81],[34.93,-38.81],[34.86,-38.78],[34.86,-38.7]]]}},{"type":"Feature","properties":{"precip":10},"geometry":{"type":"Polygon","coordinates":[[[44.36,-38.66],[44.36,-38.61],[44.4,-38.6],[44.44,-38.61],[44.44,-38.7],[44.36,-38.68],[44.36,-38.66]]]}},{"type":"Feature","properties":{"precip":10},"geometry":{"type":"Polygon","coordinates":[[[34.65,-38.75],[34.65,-38.71],[34.72,-38.7],[34.75,-38.71],[34.75,-38.8],[34.68,-38.8],[34.65,-38.78],[34.65,-38.75]]]}},{"type":"Feature","properties":{"precip":10},"geometry":{"type":"Polygon","coordinates":[[[35.37,-38.9],[35.37,-38.81],[35.44,-38.81],[35.51,-38.91],[35.55,-38.93],[35.55,-38.98],[35.51,-39.0],[35.4,-39.0],[35.37,-38.96],[35.37,-38.9]]]}},{"type":"Feature","properties":{"precip":10},"geometry":{"type":"Polygon","coordinates":[[[35.04,-38.96],[35.08,-38.91],[35.19,-38.9],[35.26,-38.93],[35.26,-38.96],[35.22,-38.96],[35.19,-39.0],[35.11,-39.0],[35.04,-38.96]]]}},{"type":"Feature","properties":{"precip":10},"geometry":{"type":"Polygon","coordinates":[[[43.36,-39.0],[43.36,-38.95],[43.43,-38.9],[43.5,-38.9],[43.54,-38.91],[43.54,-38.96],[43.46,-39.03],[43.46,-39.06],[43.39,-39.1],[43.36,-39.1],[43.36,-39.0]]]}},{"type":"Feature","properties":{"precip":10},"geometry":{"type":"Polygon","coordinates":[[[35.87,-39.11],[35.87,-39.01],[35.94,-39.03],[36.01,-39.13],[36.09,-39.2],[36.19,-39.27],[36.23,-39.33],[36.3,-39.4],[36.34,-39.4],[36.34,-39.28],[36.37,-39.27],[36.37,-39.2],[36.45,-39.16],[36.45,-39.13],[36.37,-39.11],[36.37,-39.08],[36.34,-39.06],[36.37,-39.05],[36.37,-39.01],[36.41,-39.0],[36.48,-39.0],[36.55,-39.03],[36.55,-39.16],[36.59,-39.18],[36.59,-39.21],[36.63,-39.21],[36.66,-39.25],[36.59,-39.3],[36.59,-39.42],[36.66,-39.47],[36.73,-39.52],[36.81,-39.58],[36.84,-39.58],[36.84,-39.45],[36.88,-39.42],[36.91,-39.42],[36.91,-39.43],[36.99,-39.47],[37.02,-39.53],[37.17,-39.68],[37.24,-39.72],[37.27,-39.77],[37.35,-39.78],[37.35,-39.65],[37.38,-39.63],[37.38,-39.6],[37.45,-39.62],[37.45,-39.68],[37.49,-39.7],[37.56,-39.7],[37.63,-39.72],[37.63,-39.75],[37.67,-39.78],[37.67,-39.85],[37.71,-39.87],[37.71,-39.92],[37.78,-39.98],[37.85,-40.0],[37.85,-39.83],[37.89,-39.82],[37.96,-39.85],[37.99,-39.88],[38.03,-39.9],[38.03,-39.98],[37.96,-40.02],[37.96,-40.05],[37.99,-40.08],[38.07,-40.1],[38.17,-40.1],[38.25,-40.14],[38.25,-40.17],[38.32,-40.2],[38.32,-40.17],[38.35,-40.17],[38.35,-40.02],[38.39,-40.02],[38.46,-40.03],[38.53,-40.12],[38.53,-40.17],[38.46,-40.2],[38.46,-40.29],[38.57,-40.3],[38.68,-40.3],[38.75,-40.32],[38.75,-40.37],[38.82,-40.4],[38.82,-40.37],[38.86,-40.35],[38.86,-40.22],[38.93,-40.19],[38.93,-40.17],[38.97,-40.1],[38.97,-40.05],[38.93,-40.0],[38.93,-39.9],[38.89,-39.87],[38.86,-39.87],[38.86,-39.82],[38.93,-39.82],[38.93,-39.85],[38.97,-39.85],[38.97,-39.88],[39.04,-39.88],[39.04,-39.85],[39.07,-39.82],[39.18,-39.87],[39.22,-39.9],[39.22,-39.93],[39.29,-39.97],[39.29,-39.98],[39.36,-39.93],[39.43,-39.9],[39.51,-39.9],[39.54,-39.92],[39.54,-39.97],[39.58,-40.0],[39.65,-40.0],[39.72,-40.02],[39.83,-40.12],[39.83,-40.14],[39.9,-40.19],[40.01,-40.1],[40.05,-40.1],[40.12,-40.14],[40.19,-40.2],[40.26,-40.25],[40.33,-40.34],[40.4,-40.37],[40.48,-40.34],[40.48,-40.32],[40.51,-40.32],[40.55,-40.34],[40.55,-40.37],[40.62,-40.39],[40.62,-40.4],[40.69,-40.4],[40.73,-40.42],[40.73,-40.47],[40.76,-40.47],[40.76,-40.57],[40.84,-40.6],[40.87,-40.6],[40.94,-40.57],[40.98,-40.54],[40.98,-40.5],[41.02,-40.49],[41.02,-40.54],[41.05,-40.57],[41.12,-40.6],[41.2,-40.6],[41.23,-40.64],[41.23,-40.72],[41.27,-40.79],[41.27,-40.92],[41.23,-40.97],[41.23,-41.09],[41.2,-41.09],[41.12,-41.09],[41.05,-41.12],[41.05,-41.16],[41.02,-41.17],[41.02,-41.21],[40.98,-41.21],[40.98,-41.17],[40.94,-41.16],[40.98,-41.14],[40.98,-41.11],[41.05,-41.07],[41.05,-41.04],[41.02,-41.01],[40.98,-41.01],[40.98,-40.95],[40.94,-40.94],[40.94,-40.8],[40.91,-40.79],[40.87,-40.8],[40.87,-40.85],[40.84,-40.89],[40.84,-40.97],[40.8,-40.97],[40.76,-41.01],[40.69,-40.95],[40.62,-40.94],[40.58,-40.87],[40.51,-40.82],[40.48,-40.77],[40.48,-40.72],[40.44,-40.67],[40.44,-40.62],[40.4,-40.6],[40.33,-40.64],[40.33,-40.69],[40.3,-40.7],[40.3,-40.67],[40.26,-40.65],[40.26,-40.64],[40.23,-40.6],[40.19,-40.6],[40.15,-40.64],[40.15,-40.82],[40.19,-40.89],[40.3,-40.97],[40.37,-41.01],[40.44,-41.02],[40.44,-41.07],[40.48,-41.07],[40.51,-41.09],[40.58,-41.09],[40.66,-41.12],[40.66,-41.17],[40.73,-41.21],[40.8,-41.21],[40.84,-41.22],[40.84,-41.29],[40.8,-41.29],[40.79,-41.3],[41.59,-41.3],[41.52,-41.22],[41.48,-41.19],[41.48,-41.09],[41.45,-41.06],[41.45,-40.79],[41.48,-40.77],[41.48,-40.7],[41.56,-40.72],[41.56,-40.79],[41.59,-40.79],[41.7,-40.79],[41.74,-40.79],[41.74,-40.7],[41.66,-40.67],[41.66,-40.62],[41.77,-40.52],[41.84,-40.54],[41.92,-40.6],[41.92,-40.64],[41.95,-40.65],[41.77,-40.8],[41.77,-40.89],[41.84,-40.9],[41.95,-40.85],[41.95,-40.82],[42.02,-40.79],[42.02,-40.77],[42.06,-40.74],[42.13,-40.72],[42.17,-40.75],[42.17,-40.79],[42.24,-40.79],[42.24,-40.75],[42.28,-40.72],[42.35,-40.74],[42.42,-40.79],[42.42,-40.84],[42.49,-40.87],[42.49,-40.89],[42.56,-40.85],[42.56,-40.82],[42.64,-40.8],[42.64,-40.85],[42.71,-40.9],[42.78,-40.9],[42.85,-40.94],[42.85,-40.95],[42.89,-40.99],[42.96,-40.94],[43.0,-40.9],[43.03,-40.92],[43.03,-40.94],[43.07,-40.97],[43.14,-41.01],[43.18,-41.01],[43.21,-41.04],[43.28,-41.07],[43.28,-41.09],[43.36,-41.14],[43.36,-41.17],[43.39,-41.19],[43.46,-41.16],[43.46,-41.12],[43.54,-41.11],[43.54,-41.19],[43.5,-41.19],[43.46,-41.22],[43.46,-41.27],[43.52,-41.3],[45.95,-41.3],[45.95,-41.17],[45.98,-41.11],[46.02,-41.11],[46.09,-41.21],[46.2,-41.29],[46.27,-41.29],[46.34,-41.26],[46.42,-41.19],[46.45,-41.17],[46.45,-41.12],[46.34,-41.09],[46.2,-41.09],[46.16,-41.07],[46.16,-40.99],[46.13,-40.97],[46.13,-40.94],[46.09,-40.89],[46.02,-40.82],[45.98,-40.79],[45.98,-40.75],[45.95,-40.72],[45.95,-40.44],[45.91,-40.4],[45.8,-40.4],[45.77,-40.42],[45.77,-40.52],[45.73,-40.54],[45.73,-40.59],[45.7,-40.6],[45.62,-40.6],[45.55,-40.54],[45.52,-40.52],[45.52,-40.49],[45.41,-40.4],[45.37,-40.4],[45.37,-40.47],[45.34,-40.47],[45.34,-40.6],[45.26,-40.59],[45.26,-40.47],[45.23,-40.45],[45.23,-40.4],[45.16,-40.37],[45.16,-40.24],[45.12,-40.2],[45.05,-40.2],[45.05,-40.19],[44.98,-40.19],[44.98,-40.17],[44.94,-40.17],[44.94,-40.14],[44.98,-40.1],[45.05,-40.08],[45.05,-40.02],[44.98,-40.0],[44.94,-40.0],[44.87,-40.02],[44.83,-40.05],[44.83,-40.08],[44.8,-40.1],[44.76,-40.08],[44.76,-40.02],[44.83,-40.0],[44.83,-39.93],[44.87,-39.92],[44.87,-39.82],[44.9,-39.8],[44.94,-39.82],[44.98,-39.87],[44.98,-39.88],[45.08,-39.85],[45.12,-39.8],[45.12,-39.75],[45.16,-39.72],[45.16,-39.68],[45.12,-39.65],[45.12,-39.62],[45.08,-39.6],[44.98,-39.6],[44.94,-39.57],[44.9,-39.57],[44.87,-39.55],[44.8,-39.52],[44.8,-39.48],[44.76,-39.47],[44.76,-39.43],[44.69,-39.42],[44.65,-39.43],[44.65,-39.47],[44.58,-39.5],[44.51,-39.48],[44.44,-39.42],[44.36,-39.38],[44.36,-39.35],[44.29,-39.3],[44.26,-39.27],[44.26,-39.23],[44.29,-39.21],[44.4,-39.21],[44.44,-39.2],[44.72,-39.2],[44.8,-39.18],[44.87,-39.16],[44.87,-39.13],[44.94,-39.13],[44.98,-39.18],[45.05,-39.23],[45.12,-39.28],[45.19,-39.3],[45.26,-39.27],[45.26,-39.21],[45.34,-39.23],[45.41,-39.28],[45.44,-39.33],[45.44,-39.45],[45.52,-39.5],[45.62,-39.5],[45.66,-39.47],[45.66,-39.42],[45.77,-39.4],[45.84,-39.42],[45.84,-39.52],[45.88,-39.55],[45.88,-39.58],[45.98,-39.68],[45.98,-39.7],[46.06,-39.68],[46.06,-39.55],[46.09,-39.53],[46.09,-39.5],[46.2,-39.5],[46.24,-39.53],[46.24,-39.62],[46.27,-39.63],[46.27,-39.7],[46.31,-39.7],[46.31,-39.72],[46.34,-39.72],[46.34,-39.77],[46.27,-39.8],[46.27,-39.83],[46.24,-39.87],[46.24,-39.9],[46.27,-39.93],[46.27,-39.97],[46.31,-40.0],[46.38,-40.0],[46.45,-39.97],[46.45,-39.88],[46.49,-39.87],[46.49,-39.82],[46.56,-39.75],[46.56,-39.72],[46.63,-39.7],[46.63,-39.77],[46.67,-39.78],[46.67,-39.97],[46.7,-40.0],[46.81,-40.0],[46.85,-39.98],[46.85,-39.93],[46.88,-39.9],[46.99,-39.9],[47.03,-39.92],[47.03,-39.95],[47.06,-39.98],[47.06,-40.17],[47.1,-40.19],[47.17,-40.19],[47.21,-40.2],[47.28,-40.2],[47.35,-40.24],[47.35,-40.29],[47.28,-40.3],[47.24,-40.32],[47.24,-40.37],[47.32,-40.4],[47.42,-40.39],[47.46,-40.35],[47.46,-40.32],[47.53,-40.32],[47.53,-40.39],[47.46,-40.44],[47.46,-40.57],[47.5,-40.6],[47.53,-40.6],[47.53,-40.57],[47.57,-40.55],[47.57,-40.5],[47.6,-40.49],[47.68,-40.5],[47.75,-40.54],[47.82,-40.6],[47.82,-40.62],[47.93,-40.7],[48.0,-40.7],[48.04,-40.72],[48.04,-40.9],[48.07,-40.94],[48.07,-41.09],[48.14,-41.12],[48.14,-41.27],[48.16,-41.3],[35.8,-41.3],[35.8,-41.27],[35.73,-41.24],[35.62,-41.21],[35.44,-41.21],[35.37,-41.17],[35.37,-41.04],[35.4,-41.01],[35.58,-41.01],[35.62,-40.99],[35.69,-40.99],[35.76,-40.95],[35.76,-40.92],[35.8,-40.9],[35.91,-40.9],[35.94,-40.94],[35.94,-41.01],[35.98,-41.02],[35.98,-41.07],[36.01,-41.09],[36.05,-41.16],[36.12,-41.21],[36.12,-41.29],[36.1,-41.3],[36.34,-41.3],[36.34,-41.27],[36.37,-41.26],[36.37,-41.22],[36.41,-41.21],[36.48,-41.21],[36.59,-41.26],[36.59,-41.3],[39.07,-41.3],[39.04,-41.27],[39.04,-41.12],[39.0,-41.11],[39.0,-41.09],[38.97,-41.09],[38.97,-41.01],[39.04,-41.02],[39.04,-41.07],[39.07,-41.07],[39.11,-41.09],[39.18,-41.09],[39.25,-41.14],[39.25,-41.24],[39.29,-41.26],[39.29,-41.29],[39.3,-41.3],[39.51,-41.3],[39.58,-41.22],[39.61,-41.19],[39.61,-41.11],[39.58,-41.09],[39.58,-41.04],[39.54,-40.99],[39.54,-40.95],[39.58,-40.92],[39.61,-40.9],[39.65,-40.94],[39.65,-41.06],[39.69,-41.07],[39.69,-41.11],[39.76,-41.14],[39.65,-41.22],[39.65,-41.27],[39.77,-41.3],[40.0,-41.3],[39.94,-41.24],[39.87,-41.14],[39.87,-41.01],[39.94,-40.99],[39.94,-40.92],[39.9,-40.9],[39.83,-40.9],[39.76,-40.89],[39.76,-40.82],[39.72,-40.8],[39.65,-40.8],[39.65,-40.79],[39.51,-40.79],[39.47,-40.79],[39.47,-40.75],[39.4,-40.7],[39.29,-40.7],[39.25,-40.69],[39.18,-40.69],[39.15,-40.65],[39.15,-40.64],[39.11,-40.6],[39.0,-40.6],[38.97,-40.59],[38.97,-40.54],[38.89,-40.5],[38.82,-40.5],[38.79,-40.49],[38.71,-40.49],[38.68,-40.47],[38.64,-40.47],[38.64,-40.42],[38.61,-40.4],[38.5,-40.4],[38.46,-40.37],[38.46,-40.34],[38.43,-40.32],[38.35,-40.3],[38.21,-40.3],[38.14,-40.25],[38.14,-40.22],[38.1,-40.2],[37.96,-40.17],[37.96,-40.14],[37.85,-40.1],[37.74,-40.1],[37.67,-40.07],[37.63,-40.03],[37.63,-40.02],[37.56,-40.0],[37.49,-40.0],[37.45,-39.98],[37.45,-39.92],[37.38,-39.9],[37.38,-39.93],[37.35,-39.95],[37.35,-40.08],[37.27,-40.1],[37.27,-40.05],[37.24,-40.03],[37.24,-39.95],[37.2,-39.9],[37.09,-39.82],[37.06,-39.8],[36.99,-39.8],[36.95,-39.78],[36.95,-39.72],[36.84,-39.7],[36.73,-39.7],[36.66,-39.68],[36.66,-39.63],[36.55,-39.6],[36.41,-39.6],[36.34,-39.58],[36.23,-39.55],[36.19,-39.48],[36.16,-39.47],[36.16,-39.43],[36.05,-39.4],[35.98,-39.4],[35.94,-39.37],[35.94,-39.32],[35.91,-39.3],[35.76,-39.3],[35.69,-39.27],[35.55,-39.16],[35.55,-39.13],[35.58,-39.11],[35.73,-39.11],[35.76,-39.15],[35.76,-39.2],[35.83,-39.2],[35.83,-39.13],[35.87,-39.11]],[[36.05,-39.27],[36.05,-39.21],[35.98,-39.2],[35.98,-39.23],[35.94,-39.23],[35.94,-39.27],[35.98,-39.27],[35.98,-39.3],[36.05,-39.28],[36.05,-39.27]],[[36.55,-39.27],[36.55,-39.21],[36.48,-39.2],[36.45,-39.23],[36.45,-39.27],[36.48,-39.28],[36.55,-39.28],[36.55,-39.27]],[[45.95,-39.75],[45.95,-39.72],[45.88,-39.7],[45.88,-39.72],[45.84,-39.72],[45.84,-39.77],[45.88,-39.8],[45.95,-39.78],[45.95,-39.75]],[[46.24,-40.05],[46.24,-40.02],[46.13,-40.0],[46.06,-40.02],[46.06,-40.07],[46.13,-40.1],[46.2,-40.1],[46.24,-40.08],[46.24,-40.05]],[[39.36,-40.34],[39.36,-40.2],[39.33,-40.17],[39.33,-40.1],[39.29,-40.1],[39.29,-40.14],[39.22,-40.17],[39.15,-40.22],[39.11,-40.27],[39.11,-40.3],[39.07,-40.32],[39.07,-40.37],[39.15,-40.44],[39.18,-40.49],[39.25,-40.54],[39.25,-40.57],[39.33,-40.6],[39.33,-40.55],[39.36,-40.52],[39.36,-40.34]],[[45.34,-40.15],[45.34,-40.1],[45.26,-40.12],[45.26,-40.19],[45.34,-40.19],[45.34,-40.15]],[[46.67,-40.15],[46.6,-40.1],[46.52,-40.1],[46.45,-40.12],[46.45,-40.17],[46.52,-40.19],[46.63,-40.19],[46.63,-40.17],[46.67,-40.15]],[[45.55,-40.3],[45.55,-40.22],[45.48,-40.2],[45.44,-40.24],[45.44,-40.35],[45.48,-40.37],[45.48,-40.4],[45.55,-40.37],[45.55,-40.3]],[[39.87,-40.37],[39.87,-40.34],[39.83,-40.32],[39.76,-40.32],[39.65,-40.47],[39.65,-40.54],[39.69,-40.57],[39.76,-40.6],[39.87,-40.6],[39.94,-40.55],[39.94,-40.42],[39.87,-40.37]],[[39.04,-40.45],[39.04,-40.4],[38.97,-40.4],[38.97,-40.49],[39.04,-40.49],[39.04,-40.45]],[[40.37,-40.55],[40.33,-40.54],[40.33,-40.5],[40.26,-40.5],[40.26,-40.59],[40.33,-40.6],[40.33,-40.57],[40.37,-40.55]],[[46.24,-40.79],[46.24,-40.7],[46.16,-40.72],[46.16,-40.89],[46.24,-40.89],[46.24,-40.79]],[[47.96,-40.85],[47.96,-40.82],[47.93,-40.82],[47.93,-40.79],[47.86,-40.8],[47.86,-40.89],[47.93,-40.89],[47.96,-40.85]],[[42.24,-40.94],[42.24,-40.92],[42.17,-40.9],[42.17,-40.99],[42.2,-41.01],[42.24,-40.99],[42.24,-40.94]],[[35.87,-41.07],[35.83,-41.02],[35.76,-41.01],[35.76,-41.17],[35.83,-41.21],[35.91,-41.21],[35.94,-41.19],[35.94,-41.12],[35.91,-41.11],[35.87,-41.07]],[[42.35,-41.06],[42.35,-41.01],[42.28,-41.01],[42.24,-41.04],[42.24,-41.07],[42.28,-41.09],[42.35,-41.09],[42.35,-41.06]],[[43.07,-41.06],[43.03,-41.04],[43.03,-41.01],[42.96,-41.01],[42.96,-41.09],[43.03,-41.09],[43.03,-41.07],[43.07,-41.06]],[[40.44,-41.17],[40.44,-41.12],[40.4,-41.11],[40.33,-41.11],[40.26,-41.14],[40.19,-41.21],[40.19,-41.3],[40.4,-41.3],[40.4,-41.27],[40.44,-41.26],[40.44,-41.17]],[[42.74,-41.16],[42.74,-41.11],[42.71,-41.09],[42.64,-41.14],[42.67,-41.17],[42.67,-41.21],[42.74,-41.19],[42.74,-41.16]]]}},{"type":"Feature","properties":{"precip":10},"geometry":{"type":"Polygon","coordinates":[[[86.73,-39.2],[86.73,-39.11],[86.84,-39.13],[86.87,-39.16],[86.87,-39.18],[86.95,-39.25],[86.95,-39.33],[86.98,-39.37],[86.98,-39.4],[86.98,-39.43],[87.13,-39.5],[87.23,-39.5],[87.23,-39.45],[87.23,-39.42],[87.31,-39.42],[87.34,-39.43],[87.34,-39.68],[87.38,-39.72],[87.38,-39.8],[87.45,-39.77],[87.45,-39.65],[87.49,-39.63],[87.49,-39.6],[87.56,-39.62],[87.56,-39.67],[87.59,-39.7],[87.67,-39.7],[87.85,-39.73],[87.92,-39.8],[87.92,-39.83],[87.95,-39.87],[87.95,-39.97],[87.99,-40.0],[88.1,-40.0],[88.1,-39.97],[88.17,-39.97],[88.17,-39.9],[88.24,-39.92],[88.24,-40.03],[88.28,-40.05],[88.28,-40.1],[88.35,-40.12],[88.35,-40.24],[88.42,-40.3],[88.49,-40.3],[88.57,-40.34],[88.49,-40.4],[88.42,-40.4],[88.35,-40.42],[88.35,-40.47],[88.35,-40.55],[88.35,-40.57],[88.35,-40.6],[88.46,-40.59],[88.46,-40.5],[88.53,-40.5],[88.53,-40.54],[88.57,-40.55],[88.57,-40.64],[88.53,-40.64],[88.53,-40.67],[88.42,-40.7],[88.31,-40.7],[88.21,-40.67],[88.17,-40.67],[88.17,-40.55],[88.1,-40.54],[88.1,-40.49],[88.06,-40.52],[88.06,-40.55],[87.99,-40.62],[87.99,-40.65],[87.95,-40.69],[87.95,-40.77],[87.85,-40.79],[87.81,-40.79],[87.74,-40.79],[87.74,-40.72],[87.74,-40.7],[87.74,-40.62],[87.7,-40.6],[87.67,-40.62],[87.59,-40.65],[87.59,-40.69],[87.56,-40.65],[87.56,-40.64],[87.45,-40.55],[87.34,-40.5],[87.23,-40.49],[87.2,-40.49],[87.16,-40.47],[87.16,-40.27],[87.13,-40.25],[87.13,-40.2],[86.98,-40.2],[86.87,-40.17],[86.8,-40.1],[86.73,-40.05],[86.73,-39.97],[86.73,-39.95],[86.73,-39.92],[86.62,-39.9],[86.59,-39.87],[86.55,-39.85],[86.55,-39.73],[86.62,-39.68],[86.62,-39.67],[86.62,-39.63],[86.59,-39.62],[86.59,-39.57],[86.55,-39.57],[86.55,-39.43],[86.48,-39.42],[86.37,-39.38],[86.37,-39.32],[86.37,-39.3],[86.59,-39.3],[86.62,-39.35],[86.62,-39.48],[86.69,-39.5],[86.73,-39.48],[86.8,-39.42],[86.8,-39.4],[86.84,-39.38],[86.84,-39.32],[86.73,-39.28],[86.73,-39.2]],[[87.74,-39.85],[87.74,-39.8],[87.67,-39.82],[87.67,-39.88],[87.74,-39.88],[87.74,-39.85]],[[87.85,-39.95],[87.85,-39.9],[87.74,-39.9],[87.74,-39.93],[87.74,-39.97],[87.74,-40.0],[87.85,-40.0],[87.85,-39.95]],[[88.17,-40.15],[88.1,-40.14],[88.1,-40.1],[88.06,-40.12],[88.06,-40.19],[88.1,-40.19],[88.1,-40.17],[88.17,-40.15]]]}},{"type":"Feature","properties":{"precip":10},"geometry":{"type":"Polygon","coordinates":[[[39.36,-39.27],[39.36,-39.21],[39.43,-39.2],[39.43,-39.23],[39.47,-39.25],[39.43,-39.27],[39.43,-39.3],[39.36,-39.28],[39.36,-39.27]]]}},{"type":"Feature","properties":{"precip":10},"geometry":{"type":"Polygon","coordinates":[[[86.37,-39.55],[86.37,-39.5],[86.44,-39.52],[86.44,-39.58],[86.37,-39.58],[86.37,-39.55]]]}},{"type":"Feature","properties":{"precip":10},"geometry":{"type":"Polygon","coordinates":[[[44.36,-39.95],[44.36,-39.9],[44.44,-39.9],[44.44,-40.0],[44.36,-40.0],[44.36,-39.95]]]}},{"type":"Feature","properties":{"precip":10},"geometry":{"type":"Polygon","coordinates":[[[31.95,-40.34],[31.98,-40.3],[32.05,-40.32],[32.05,-40.39],[32.02,-40.4],[31.95,-40.37],[31.95,-40.34]]]}},{"type":"Feature","properties":{"precip":10},"geometry":{"type":"Polygon","coordinates":[[[32.34,-40.55],[32.38,-40.5],[32.45,-40.5],[32.45,-40.59],[32.41,-40.6],[32.34,-40.57],[32.34,-40.55]]]}},{"type":"Feature","properties":{"precip":10},"geometry":{"type":"Polygon","coordinates":[[[33.85,-40.55],[33.85,-40.52],[33.96,-40.49],[33.96,-40.5],[34.03,-40.5],[34.03,-40.59],[34.0,-40.6],[33.93,-40.6],[33.85,-40.59],[33.85,-40.55]]]}},{"type":"Feature","properties":{"precip":10},"geometry":{"type":"Polygon","coordinates":[[[32.74,-40.75],[32.74,-40.72],[32.77,-40.69],[32.77,-40.62],[32.81,-40.6],[32.85,-40.64],[32.85,-40.87],[32.77,-40.89],[32.77,-40.8],[32.74,-40.79],[32.74,-40.75]]]}},{"type":"Feature","properties":{"precip":10},"geometry":{"type":"Polygon","coordinates":[[[34.43,-40.67],[34.43,-40.64],[34.54,-40.6],[34.65,-40.64],[34.72,-40.7],[34.72,-40.74],[34.75,-40.77],[34.72,-40.79],[34.65,-40.77],[34.65,-40.74],[34.61,-40.7],[34.57,-40.7],[34.57,-40.75],[34.5,-40.79],[34.39,-40.79],[34.36,-40.79],[34.36,-40.74],[34.43,-40.67]]]}},{"type":"Feature","properties":{"precip":10},"geometry":{"type":"Polygon","coordinates":[[[42.64,-40.64],[42.67,-40.64],[42.67,-40.6],[42.74,-40.62],[42.74,-40.69],[42.71,-40.7],[42.64,-40.64]]]}},{"type":"Feature","properties":{"precip":10},"geometry":{"type":"Polygon","coordinates":[[[88.6,-40.64],[88.67,-40.64],[88.67,-40.6],[88.75,-40.62],[88.75,-40.69],[88.71,-40.7],[88.6,-40.64]]]}},{"type":"Feature","properties":{"precip":10},"geometry":{"type":"Polygon","coordinates":[[[13.55,-40.75],[13.55,-40.72],[13.62,-40.7],[13.66,-40.72],[13.66,-40.79],[13.62,-40.82],[13.62,-40.87],[13.59,-40.9],[13.55,-40.95],[13.48,-40.99],[13.48,-40.95],[13.44,-40.94],[13.44,-40.9],[13.41,-40.9],[13.37,-40.94],[13.37,-41.01],[13.34,-41.06],[13.34,-41.17],[13.26,-41.21],[13.23,-41.21],[13.16,-41.16],[13.16,-40.85],[13.19,-40.8],[13.3,-40.79],[13.48,-40.79],[13.55,-40.77],[13.55,-40.75]]]}},{"type":"Feature","properties":{"precip":10},"geometry":{"type":"Polygon","coordinates":[[[32.95,-40.79],[32.95,-40.74],[32.99,-40.7],[33.03,-40.7],[33.03,-40.75],[33.06,-40.77],[33.06,-40.84],[33.03,-40.85],[33.03,-40.9],[32.95,-40.87],[32.95,-40.79]]]}},{"type":"Feature","properties":{"precip":10},"geometry":{"type":"Polygon","coordinates":[[[45.34,-40.75],[45.37,-40.74],[45.37,-40.7],[45.44,-40.7],[45.44,-40.79],[45.37,-40.79],[45.37,-40.77],[45.34,-40.75]]]}},{"type":"Feature","properties":{"precip":10},"geometry":{"type":"Polygon","coordinates":[[[12.65,-40.85],[12.65,-40.8],[12.72,-40.79],[12.72,-40.82],[12.76,-40.82],[12.76,-40.87],[12.69,-40.9],[12.65,-40.89],[12.65,-40.85]]]}},{"type":"Feature","properties":{"precip":10},"geometry":{"type":"Polygon","coordinates":[[[33.17,-40.85],[33.17,-40.8],[33.21,-40.8],[33.31,-40.9],[33.31,-40.94],[33.35,-40.97],[33.35,-41.09],[33.28,-41.09],[33.28,-41.06],[33.24,-41.04],[33.24,-40.92],[33.17,-40.9],[33.17,-40.85]]]}},{"type":"Feature","properties":{"precip":10},"geometry":{"type":"Polygon","coordinates":[[[34.86,-40.9],[34.86,-40.82],[34.9,-40.8],[35.01,-40.79],[35.11,-40.79],[35.19,-40.8],[35.26,-40.85],[35.26,-40.94],[35.22,-40.97],[35.11,-41.01],[35.01,-41.01],[34.93,-40.99],[34.86,-40.95],[34.86,-40.9]]]}},{"type":"Feature","properties":{"precip":10},"geometry":{"type":"Polygon","coordinates":[[[43.14,-40.85],[43.14,-40.82],[43.18,-40.82],[43.18,-40.79],[43.25,-40.8],[43.25,-40.89],[43.18,-40.9],[43.14,-40.85]]]}},{"type":"Feature","properties":{"precip":10},"geometry":{"type":"Polygon","coordinates":[[[45.66,-40.82],[45.7,-40.79],[45.77,-40.8],[45.84,-40.84],[45.95,-40.94],[45.95,-40.99],[45.88,-41.01],[45.77,-40.95],[45.66,-40.89],[45.66,-40.82]]]}},{"type":"Feature","properties":{"precip":10},"geometry":{"type":"Polygon","coordinates":[[[88.57,-40.82],[88.57,-40.79],[88.6,-40.8],[88.67,-40.84],[88.67,-40.89],[88.71,-40.89],[88.75,-40.85],[88.75,-40.82],[88.78,-40.79],[88.85,-40.84],[88.85,-40.94],[88.82,-40.95],[88.82,-40.99],[88.71,-40.99],[88.6,-40.94],[88.6,-40.92],[88.6,-40.89],[88.57,-40.87],[88.57,-40.82]]]}},{"type":"Feature","properties":{"precip":10},"geometry":{"type":"Polygon","coordinates":[[[12.9,-40.97],[12.98,-40.92],[13.01,-40.9],[13.05,-40.92],[13.05,-41.07],[13.01,-41.09],[12.87,-41.09],[12.87,-41.01],[12.9,-40.97]]]}},{"type":"Feature","properties":{"precip":10},"geometry":{"type":"Polygon","coordinates":[[[33.46,-41.06],[33.46,-40.94],[33.49,-40.9],[33.53,-40.9],[33.53,-40.95],[33.57,-40.99],[33.57,-41.11],[33.53,-41.14],[33.53,-41.21],[33.46,-41.17],[33.46,-41.06]]]}},{"type":"Feature","properties":{"precip":10},"geometry":{"type":"Polygon","coordinates":[[[39.15,-40.94],[39.15,-40.92],[39.22,-40.9],[39.25,-40.92],[39.25,-40.99],[39.18,-40.99],[39.15,-40.97],[39.15,-40.94]]]}},{"type":"Feature","properties":{"precip":10},"geometry":{"type":"Polygon","coordinates":[[[44.26,-40.94],[44.26,-40.92],[44.33,-40.9],[44.36,-40.94],[44.36,-40.97],[44.33,-40.97],[44.33,-41.01],[44.26,-40.99],[44.26,-40.94]]]}},{"type":"Feature","properties":{"precip":10},"geometry":{"type":"Polygon","coordinates":[[[33.64,-41.06],[33.64,-41.02],[33.67,-41.01],[33.78,-41.07],[33.82,-41.11],[33.82,-41.14],[33.85,-41.19],[33.85,-41.27],[33.82,-41.3],[33.81,-41.3],[33.75,-41.26],[33.75,-41.11],[33.67,-41.09],[33.67,-41.07],[33.64,-41.06]]]}},{"type":"Feature","properties":{"precip":10},"geometry":{"type":"Polygon","coordinates":[[[22.55,-41.16],[22.55,-41.11],[22.62,-41.09],[22.66,-41.12],[22.66,-41.17],[22.62,-41.19],[22.55,-41.19],[22.55,-41.16]]]}},{"type":"Feature","properties":{"precip":10},"geometry":{"type":"Polygon","coordinates":[[[33.96,-41.24],[33.96,-41.12],[34.0,-41.09],[34.03,-41.11],[34.03,-41.19],[34.07,-41.21],[34.07,-41.29],[34.14,-41.29],[34.14,-41.26],[34.18,-41.24],[34.18,-41.21],[34.21,-41.21],[34.29,-41.26],[34.29,-41.3],[33.96,-41.3],[33.96,-41.24]]]}},{"type":"Feature","properties":{"precip":10},"geometry":{"type":"Polygon","coordinates":[[[35.15,-41.16],[35.15,-41.11],[35.22,-41.09],[35.26,-41.12],[35.26,-41.17],[35.22,-41.19],[35.15,-41.19],[35.15,-41.16]]]}},{"type":"Feature","properties":{"precip":10},"geometry":{"type":"Polygon","coordinates":[[[37.96,-41.16],[37.96,-41.11],[38.03,-41.09],[38.03,-41.12],[38.07,-41.12],[38.07,-41.17],[38.03,-41.17],[38.03,-41.21],[37.96,-41.19],[37.96,-41.16]]]}},{"type":"Feature","properties":{"precip":10},"geometry":{"type":"Polygon","coordinates":[[[31.66,-41.24],[31.66,-41.21],[31.73,-41.22],[31.77,-41.24],[31.77,-41.27],[31.8,-41.29],[31.84,-41.27],[31.84,-41.24],[31.87,-41.22],[31.95,-41.24],[32.01,-41.3],[31.69,-41.3],[31.69,-41.29],[31.66,-41.26],[31.66,-41.24]]]}},{"type":"Feature","properties":{"precip":10},"geometry":{"type":"Polygon","coordinates":[[[44.94,-41.24],[44.98,-41.21],[45.05,-41.21],[45.05,-41.29],[45.03,-41.3],[45.01,-41.3],[44.94,-41.24]]]}},{"type":"Feature","properties":{"precip":10},"geometry":{"type":"Polygon","coordinates":[[[45.55,-41.24],[45.55,-41.22],[45.59,-41.21],[45.7,-41.21],[45.77,-41.24],[45.73,-41.26],[45.73,-41.29],[45.62,-41.29],[45.55,-41.27],[45.55,-41.24]]]}},{"type":"Feature","properties":{"precip":20},"geometry":{"type":"Polygon","coordinates":[[[96.21,3.79],[96.23,3.79],[96.23,3.75],[96.27,3.74],[96.27,3.65],[96.31,3.6],[96.38,3.52],[96.45,3.5],[96.52,3.5],[96.56,3.48],[96.56,3.45],[96.52,3.4],[96.45,3.33],[96.34,3.3],[96.23,3.27],[96.23,3.22],[96.16,3.2],[96.16,3.23],[96.16,3.27],[96.13,3.27],[96.13,3.3],[96.02,3.3],[95.95,3.33],[95.95,3.38],[95.84,3.4],[95.8,3.4],[95.73,3.4],[95.66,3.43],[95.66,3.47],[95.59,3.5],[95.48,3.5],[95.44,3.52],[95.48,3.57],[95.48,3.58],[95.59,3.67],[95.69,3.7],[95.73,3.7],[95.84,3.72],[95.84,3.79],[96.21,3.79]]]}},{"type":"Feature","properties":{"precip":20},"geometry":{"type":"Polygon","coordinates":[[[-8.29,3.79],[-8.3,3.79],[-8.4,3.7],[-8.4,3.67],[-8.44,3.65],[-8.44,3.62],[-8.37,3.6],[-8.37,3.45],[-8.44,3.35],[-8.55,3.27],[-8.58,3.23],[-8.58,3.18],[-8.62,3.15],[-8.62,3.1],[-8.66,3.07],[-8.66,2.85],[-8.69,2.8],[-8.8,2.8],[-8.94,2.8],[-9.02,2.76],[-9.05,2.76],[-9.05,2.73],[-9.09,2.71],[-9.16,2.7],[-9.23,2.7],[-9.34,2.73],[-9.34,2.98],[-9.27,3.0],[-9.2,3.0],[-9.16,3.03],[-9.16,3.18],[-9.12,3.23],[-9.12,3.27],[-9.05,3.35],[-9.02,3.38],[-8.94,3.4],[-8.87,3.4],[-8.84,3.45],[-8.84,3.48],[-8.76,3.55],[-8.76,3.7],[-8.84,3.7],[-8.84,3.64],[-8.87,3.6],[-8.91,3.6],[-8.94,3.64],[-8.94,3.79],[-8.29,3.79]]]}},{"type":"Feature","properties":{"precip":20},"geometry":{"type":"Polygon","coordinates":[[[-7.25,3.79],[-7.25,3.53],[-7.29,3.5],[-7.36,3.5],[-7.43,3.48],[-7.43,3.45],[-7.5,3.4],[-7.61,3.4],[-7.65,3.4],[-7.65,3.48],[-7.58,3.5],[-7.58,3.58],[-7.54,3.62],[-7.54,3.79],[-7.71,3.79],[-7.72,3.79],[-7.72,3.75],[-7.86,3.7],[-7.94,3.72],[-7.94,3.79],[-7.25,3.79]]]}},{"type":"Feature","properties":{"precip":20},"geometry":{"type":"Polygon","coordinates":[[[98.25,3.79],[98.25,3.75],[98.29,3.74],[98.29,3.72],[98.32,3.7],[98.39,3.7],[98.47,3.65],[98.47,3.62],[98.5,3.6],[98.61,3.6],[98.65,3.64],[98.65,3.74],[98.68,3.75],[98.68,3.79],[98.69,3.79],[98.83,3.79],[98.86,3.75],[98.86,3.72],[98.83,3.7],[98.75,3.67],[98.75,3.57],[98.9,3.4],[98.93,3.37],[98.93,3.3],[98.97,3.27],[98.97,3.2],[98.93,3.17],[98.93,3.1],[98.9,3.1],[98.83,3.1],[98.75,3.07],[98.75,2.97],[98.72,2.95],[98.72,2.9],[98.61,2.82],[98.54,2.8],[98.47,2.8],[98.47,2.87],[98.43,2.87],[98.43,2.9],[98.32,2.9],[98.29,2.9],[98.21,2.92],[98.11,2.97],[98.07,3.03],[98.07,3.17],[98.11,3.2],[98.29,3.2],[98.32,3.17],[98.32,3.1],[98.43,3.1],[98.43,3.15],[98.47,3.18],[98.47,3.23],[98.43,3.3],[98.43,3.33],[98.39,3.4],[98.39,3.43],[98.32,3.47],[98.25,3.5],[98.18,3.52],[98.18,3.57],[98.11,3.57],[98.11,3.69],[98.07,3.7],[98.07,3.65],[98.03,3.64],[98.03,3.6],[97.96,3.62],[97.96,3.75],[98.0,3.75],[98.0,3.79],[98.25,3.79]]]}},{"type":"Feature","properties":{"precip":20},"geometry":{"type":"Polygon","coordinates":[[[96.56,3.7],[96.56,3.75],[96.58,3.79],[96.59,3.79],[96.59,3.75],[96.67,3.74],[96.67,3.65],[96.59,3.65],[96.59,3.6],[96.56,3.64],[96.56,3.7]]]}},{"type":"Feature","properties":{"precip":20},"geometry":{"type":"Polygon","coordinates":[[[96.74,3.7],[96.77,3.72],[96.77,3.79],[96.8,3.79],[96.81,3.79],[96.81,3.62],[96.77,3.6],[96.77,3.69],[96.74,3.7]]]}},{"type":"Feature","properties":{"precip":20},"geometry":{"type":"Polygon","coordinates":[[[6.89,3.62],[6.97,3.67],[7.04,3.7],[7.04,3.64],[7.0,3.62],[7.0,3.58],[6.93,3.53],[6.86,3.52],[6.86,3.57],[6.89,3.58],[6.89,3.62]]]}},{"type":"Feature","properties":{"precip":20},"geometry":{"type":"Polygon","coordinates":[[[-8.26,3.45],[-8.22,3.48],[-8.22,3.5],[-8.15,3.48],[-8.15,3.4],[-8.22,3.4],[-8.26,3.45]]]}},{"type":"Feature","properties":{"precip":20},"geometry":{"type":"Polygon","coordinates":[[[2.47,3.45],[2.47,3.48],[2.5,3.5],[2.54,3.48],[2.54,3.4],[2.47,3.4],[2.47,3.45]]]}},{"type":"Feature","properties":{"precip":20},"geometry":{"type":"Polygon","coordinates":[[[90.44,3.35],[90.44,3.4],[90.47,3.4],[90.47,3.48],[90.51,3.5],[90.55,3.5],[90.55,3.48],[90.65,3.48],[90.65,3.4],[90.55,3.4],[90.55,3.37],[90.55,3.35],[90.55,3.22],[90.47,3.22],[90.47,3.3],[90.44,3.32],[90.44,3.35]]]}},{"type":"Feature","properties":{"precip":20},"geometry":{"type":"Polygon","coordinates":[[[6.82,3.32],[6.89,3.38],[6.93,3.4],[7.04,3.4],[7.15,3.37],[7.22,3.3],[7.22,3.27],[7.25,3.23],[7.25,3.17],[7.22,3.13],[7.22,3.1],[7.11,3.02],[7.04,3.07],[7.0,3.1],[6.93,3.15],[6.93,3.17],[6.86,3.2],[6.79,3.2],[6.75,3.22],[6.75,3.23],[6.79,3.27],[6.79,3.3],[6.82,3.32]]]}},{"type":"Feature","properties":{"precip":20},"geometry":{"type":"Polygon","coordinates":[[[22.05,3.35],[22.05,3.38],[22.08,3.38],[22.12,3.4],[22.12,3.38],[22.16,3.38],[22.16,3.32],[22.12,3.3],[22.08,3.3],[22.05,3.32],[22.05,3.35]]]}},{"type":"Feature","properties":{"precip":20},"geometry":{"type":"Polygon","coordinates":[[[-8.26,3.2],[-8.26,3.23],[-8.19,3.3],[-8.12,3.3],[-8.04,3.25],[-8.04,3.22],[-8.15,3.17],[-8.15,3.15],[-8.08,3.1],[-8.08,3.07],[-8.04,3.0],[-8.04,2.85],[-8.08,2.8],[-8.15,2.76],[-8.15,2.61],[-8.22,2.61],[-8.22,2.65],[-8.3,2.68],[-8.33,2.73],[-8.4,2.8],[-8.4,2.83],[-8.44,2.85],[-8.44,2.88],[-8.37,2.92],[-8.37,2.98],[-8.33,3.0],[-8.33,3.08],[-8.26,3.1],[-8.26,3.2]]]}},{"type":"Feature","properties":{"precip":20},"geometry":{"type":"Polygon","coordinates":[[[97.35,3.15],[97.35,3.18],[97.39,3.2],[97.46,3.18],[97.46,3.13],[97.6,3.1],[97.85,3.1],[97.89,3.08],[97.89,3.07],[97.96,3.03],[97.96,2.88],[97.89,2.85],[97.89,2.8],[97.85,2.8],[97.82,2.8],[97.64,2.87],[97.6,2.9],[97.57,2.95],[97.46,2.98],[97.46,2.95],[97.42,2.93],[97.42,2.9],[97.39,2.9],[97.39,2.93],[97.35,2.95],[97.35,2.98],[97.24,2.98],[97.24,3.0],[97.21,3.0],[97.17,3.02],[97.17,3.08],[97.21,3.1],[97.24,3.1],[97.35,3.13],[97.35,3.15]]]}},{"type":"Feature","properties":{"precip":20},"geometry":{"type":"Polygon","coordinates":[[[-11.03,2.95],[-11.03,3.07],[-11.0,3.1],[-10.85,3.1],[-10.78,3.07],[-10.74,3.07],[-10.74,3.02],[-10.67,3.0],[-10.56,2.97],[-10.53,2.92],[-10.46,2.87],[-10.38,2.75],[-10.35,2.68],[-10.35,2.55],[-10.38,2.48],[-10.42,2.51],[-10.46,2.56],[-10.56,2.65],[-10.56,2.66],[-10.64,2.7],[-10.67,2.7],[-10.74,2.73],[-10.74,2.76],[-10.82,2.8],[-10.89,2.8],[-11.0,2.8],[-11.03,2.82],[-11.03,2.95]]]}},{"type":"Feature","properties":{"precip":20},"geometry":{"type":"Polygon","coordinates":[[[-10.06,3.05],[-10.06,3.07],[-10.02,3.07],[-10.02,3.1],[-9.95,3.08],[-9.95,3.02],[-10.02,3.0],[-10.06,3.05]]]}},{"type":"Feature","properties":{"precip":20},"geometry":{"type":"Polygon","coordinates":[[[22.95,3.0],[22.95,3.07],[22.98,3.07],[22.98,3.1],[23.02,3.1],[23.02,3.07],[23.06,3.07],[23.06,2.95],[23.02,2.93],[23.02,2.9],[22.98,2.9],[22.98,2.93],[22.95,2.95],[22.95,3.0]]]}},{"type":"Feature","properties":{"precip":20},"geometry":{"type":"Polygon","coordinates":[[[-9.92,2.9],[-9.81,2.98],[-9.74,3.0],[-9.63,3.0],[-9.56,2.95],[-9.56,2.85],[-9.52,2.82],[-9.52,2.8],[-9.48,2.8],[-9.48,2.76],[-9.45,2.76],[-9.45,2.73],[-9.48,2.71],[-9.52,2.71],[-9.52,2.68],[-9.56,2.66],[-9.56,2.55],[-9.59,2.48],[-9.7,2.41],[-9.74,2.4],[-9.81,2.4],[-9.84,2.43],[-9.84,2.55],[-9.88,2.56],[-9.95,2.6],[-10.02,2.6],[-10.06,2.56],[-10.06,2.51],[-10.13,2.53],[-10.2,2.58],[-10.2,2.61],[-10.24,2.63],[-10.24,2.66],[-10.1,2.78],[-10.1,2.8],[-10.02,2.8],[-9.99,2.83],[-9.92,2.87],[-9.92,2.9]]]}},{"type":"Feature","properties":{"precip":20},"geometry":{"type":"Polygon","coordinates":[[[6.35,2.85],[6.35,2.9],[6.43,2.9],[6.43,2.88],[6.46,2.87],[6.46,2.83],[6.39,2.8],[6.35,2.82],[6.35,2.85]]]}},{"type":"Feature","properties":{"precip":20},"geometry":{"type":"Polygon","coordinates":[[[21.4,2.73],[21.47,2.76],[21.51,2.8],[21.58,2.87],[21.65,2.9],[21.87,2.9],[21.94,2.87],[21.94,2.85],[22.01,2.82],[22.08,2.8],[22.3,2.8],[22.41,2.8],[22.73,2.8],[22.84,2.75],[22.84,2.68],[22.88,2.65],[22.88,2.61],[22.91,2.6],[22.98,2.6],[23.02,2.61],[23.02,2.65],[23.06,2.65],[23.06,2.75],[23.16,2.87],[23.27,2.9],[23.31,2.9],[23.31,2.88],[23.34,2.88],[23.34,2.75],[23.38,2.73],[23.38,2.71],[23.42,2.7],[23.52,2.7],[23.56,2.66],[23.56,2.63],[23.63,2.6],[23.78,2.6],[23.85,2.56],[23.85,2.35],[23.88,2.28],[23.88,2.23],[23.96,2.13],[24.03,2.11],[24.03,2.15],[24.06,2.16],[24.14,2.18],[24.32,2.18],[24.35,2.16],[24.35,2.13],[24.39,2.11],[24.46,2.11],[24.46,2.1],[24.6,2.1],[24.64,2.08],[24.64,2.05],[24.71,2.01],[24.78,2.0],[24.93,2.0],[25.07,1.95],[25.11,1.89],[25.11,1.88],[25.18,1.83],[25.25,1.81],[25.32,1.81],[25.43,1.78],[25.47,1.74],[25.4,1.71],[25.29,1.71],[25.29,1.69],[25.22,1.69],[25.18,1.66],[25.14,1.66],[25.14,1.63],[25.07,1.61],[24.96,1.61],[24.93,1.59],[24.75,1.59],[24.64,1.61],[24.57,1.63],[24.57,1.73],[24.53,1.73],[24.53,1.79],[24.5,1.81],[24.46,1.79],[24.46,1.73],[24.39,1.71],[24.32,1.71],[24.28,1.69],[24.21,1.69],[24.17,1.68],[24.17,1.64],[24.14,1.63],[24.14,1.53],[24.06,1.46],[23.96,1.41],[23.88,1.39],[23.74,1.39],[23.67,1.38],[23.67,1.23],[23.7,1.21],[23.78,1.21],[23.78,1.19],[23.85,1.18],[23.85,1.14],[23.88,1.11],[23.96,1.09],[24.06,1.14],[24.06,1.19],[24.14,1.19],[24.14,1.08],[24.17,1.06],[24.17,1.01],[24.24,0.99],[24.24,0.91],[24.21,0.89],[24.1,0.89],[24.06,0.87],[24.06,0.72],[24.14,0.71],[24.24,0.71],[24.28,0.69],[24.32,0.69],[24.32,0.67],[24.35,0.66],[24.35,0.46],[24.39,0.42],[24.39,0.41],[24.42,0.41],[24.5,0.41],[24.53,0.39],[24.53,0.29],[24.57,0.24],[24.57,0.1],[24.53,0.05],[24.53,-0.05],[24.42,-0.18],[24.39,-0.23],[24.32,-0.28],[24.17,-0.36],[24.1,-0.4],[24.03,-0.41],[23.96,-0.38],[23.96,-0.33],[23.88,-0.31],[23.85,-0.31],[23.81,-0.31],[23.78,-0.31],[23.74,-0.35],[23.74,-0.38],[23.7,-0.38],[23.7,-0.4],[23.67,-0.38],[23.67,-0.35],[23.63,-0.33],[23.63,-0.31],[23.6,-0.31],[23.56,-0.33],[23.56,-0.36],[23.52,-0.38],[23.52,-0.4],[23.49,-0.4],[23.49,-0.38],[23.45,-0.36],[23.45,-0.23],[23.42,-0.21],[23.42,-0.2],[23.38,-0.2],[23.38,-0.21],[23.34,-0.21],[23.34,-0.26],[23.31,-0.28],[23.31,-0.31],[23.2,-0.31],[23.16,-0.31],[23.16,-0.35],[23.13,-0.36],[23.13,-0.38],[23.09,-0.38],[23.09,-0.4],[22.98,-0.4],[22.95,-0.41],[22.91,-0.41],[22.84,-0.43],[22.84,-0.46],[22.77,-0.5],[22.55,-0.5],[22.52,-0.48],[22.48,-0.48],[22.48,-0.46],[22.44,-0.46],[22.44,-0.43],[22.41,-0.41],[22.37,-0.41],[22.34,-0.4],[22.23,-0.4],[22.16,-0.36],[22.16,-0.25],[22.12,-0.23],[22.12,-0.21],[22.08,-0.2],[22.05,-0.2],[22.01,-0.18],[21.98,-0.18],[21.98,-0.15],[21.94,-0.13],[21.94,-0.01],[21.9,-0.01],[21.9,0.02],[21.87,0.04],[21.87,0.05],[21.8,0.09],[21.8,0.15],[21.76,0.22],[21.76,0.42],[21.8,0.49],[21.83,0.54],[21.87,0.56],[21.87,0.57],[21.9,0.59],[21.94,0.59],[21.94,0.56],[21.98,0.52],[22.01,0.51],[22.05,0.51],[22.12,0.52],[22.16,0.56],[22.19,0.59],[22.26,0.71],[22.23,0.74],[22.23,0.79],[22.16,0.84],[22.12,0.89],[21.98,0.97],[21.94,0.99],[21.87,0.99],[21.8,1.01],[21.76,1.02],[21.76,1.06],[21.72,1.09],[21.58,1.09],[21.54,1.06],[21.54,1.02],[21.51,1.01],[21.44,0.99],[21.36,0.99],[21.29,1.01],[21.26,1.04],[21.26,1.14],[21.18,1.21],[21.18,1.24],[21.15,1.26],[21.15,1.48],[21.11,1.49],[21.04,1.49],[20.97,1.53],[20.9,1.59],[20.9,1.63],[20.86,1.64],[20.79,1.68],[20.75,1.71],[20.68,1.71],[20.64,1.73],[20.64,1.74],[20.72,1.81],[20.72,1.83],[20.82,1.89],[20.9,1.91],[21.0,1.98],[21.04,2.01],[21.04,2.06],[21.15,2.15],[21.22,2.18],[21.33,2.23],[21.33,2.26],[21.36,2.28],[21.36,2.33],[21.33,2.36],[21.33,2.4],[21.26,2.4],[21.26,2.48],[21.29,2.55],[21.36,2.65],[21.4,2.73]],[[22.26,2.48],[22.26,2.55],[22.23,2.56],[22.23,2.6],[22.16,2.56],[22.16,2.43],[22.19,2.4],[22.23,2.4],[22.23,2.45],[22.26,2.46],[22.26,2.48]],[[23.67,2.4],[23.63,2.45],[23.63,2.48],[23.56,2.48],[23.56,2.31],[23.63,2.31],[23.63,2.36],[23.67,2.38],[23.67,2.4]],[[24.35,2.06],[24.35,2.08],[24.28,2.1],[24.24,2.08],[24.24,2.03],[24.28,2.0],[24.35,2.01],[24.35,2.06]],[[23.88,1.93],[23.85,1.98],[23.7,2.0],[23.67,1.95],[23.67,1.71],[23.74,1.71],[23.74,1.76],[23.78,1.76],[23.78,1.79],[23.85,1.81],[23.92,1.81],[23.96,1.81],[23.96,1.83],[23.92,1.88],[23.92,1.89],[23.88,1.93]],[[24.24,1.89],[24.24,1.98],[24.17,2.0],[23.99,2.0],[23.96,1.98],[23.96,1.93],[24.03,1.88],[24.06,1.83],[24.14,1.81],[24.17,1.81],[24.24,1.83],[24.24,1.89]],[[24.64,1.95],[24.64,1.98],[24.57,2.0],[24.57,1.89],[24.64,1.91],[24.64,1.95]],[[23.56,0.89],[23.56,0.96],[23.52,0.97],[23.52,0.99],[23.45,0.97],[23.45,0.82],[23.49,0.81],[23.52,0.81],[23.52,0.82],[23.56,0.84],[23.56,0.89]],[[23.96,0.71],[23.96,0.74],[23.92,0.77],[23.92,0.79],[23.88,0.81],[23.78,0.79],[23.7,0.72],[23.67,0.69],[23.67,0.61],[23.88,0.61],[23.92,0.61],[23.92,0.64],[23.96,0.64],[23.96,0.71]]]}},{"type":"Feature","properties":{"precip":20},"geometry":{"type":"Polygon","coordinates":[[[6.46,2.56],[6.46,2.58],[6.53,2.6],[6.53,2.48],[6.46,2.51],[6.46,2.56]]]}},{"type":"Feature","properties":{"precip":20},"geometry":{"type":"Polygon","coordinates":[[[25.36,2.45],[25.36,2.6],[25.47,2.55],[25.5,2.48],[25.58,2.43],[25.65,2.36],[25.72,2.25],[25.75,2.23],[25.68,2.18],[25.58,2.21],[25.58,2.25],[25.54,2.28],[25.54,2.4],[25.5,2.4],[25.47,2.4],[25.47,2.33],[25.43,2.33],[25.43,2.31],[25.36,2.31],[25.36,2.45]]]}},{"type":"Feature","properties":{"precip":20},"geometry":{"type":"Polygon","coordinates":[[[-8.66,2.45],[-8.66,2.48],[-8.58,2.48],[-8.55,2.48],[-8.55,2.41],[-8.58,2.4],[-8.66,2.41],[-8.66,2.45]]]}},{"type":"Feature","properties":{"precip":20},"geometry":{"type":"Polygon","coordinates":[[[-10.96,2.25],[-10.96,2.35],[-10.89,2.4],[-10.78,2.3],[-10.78,2.26],[-10.74,2.25],[-10.78,2.23],[-10.78,2.21],[-10.85,2.16],[-10.85,2.15],[-10.78,2.1],[-10.78,2.06],[-10.74,2.03],[-10.74,1.83],[-10.82,1.81],[-10.89,1.81],[-10.96,1.83],[-10.96,1.88],[-10.92,1.88],[-10.92,1.89],[-10.89,1.89],[-10.85,1.93],[-10.85,2.06],[-10.92,2.1],[-10.92,2.16],[-10.96,2.18],[-10.96,2.25]]]}},{"type":"Feature","properties":{"precip":20},"geometry":{"type":"Polygon","coordinates":[[[24.14,2.35],[24.17,2.36],[24.17,2.4],[24.28,2.4],[24.35,2.38],[24.35,2.31],[24.32,2.31],[24.21,2.31],[24.14,2.35]]]}},{"type":"Feature","properties":{"precip":20},"geometry":{"type":"Polygon","coordinates":[[[-9.45,2.25],[-9.45,2.28],[-9.41,2.3],[-9.34,2.3],[-9.27,2.28],[-9.27,2.23],[-9.23,2.23],[-9.27,2.18],[-9.27,2.15],[-9.3,2.11],[-9.3,2.06],[-9.41,2.0],[-9.48,2.0],[-9.56,2.05],[-9.56,2.06],[-9.63,2.13],[-9.63,2.15],[-9.66,2.16],[-9.63,2.18],[-9.52,2.18],[-9.48,2.21],[-9.45,2.25]]]}},{"type":"Feature","properties":{"precip":20},"geometry":{"type":"Polygon","coordinates":[[[-7.14,2.26],[-7.14,2.3],[-7.04,2.3],[-6.96,2.28],[-6.96,2.1],[-7.04,2.13],[-7.04,2.15],[-7.14,2.23],[-7.14,2.26]]]}},{"type":"Feature","properties":{"precip":20},"geometry":{"type":"Polygon","coordinates":[[[-11.46,2.0],[-11.46,2.06],[-11.43,2.1],[-11.43,2.18],[-11.39,2.18],[-11.28,2.18],[-11.28,2.16],[-11.25,2.15],[-11.25,1.86],[-11.28,1.83],[-11.28,1.81],[-11.39,1.81],[-11.43,1.81],[-11.43,1.89],[-11.46,1.95],[-11.46,2.0]]]}},{"type":"Feature","properties":{"precip":20},"geometry":{"type":"Polygon","coordinates":[[[-10.13,2.1],[-10.13,2.18],[-10.06,2.16],[-10.02,2.13],[-9.95,2.06],[-9.95,2.01],[-9.99,2.0],[-10.1,2.0],[-10.13,2.03],[-10.13,2.1]]]}},{"type":"Feature","properties":{"precip":20},"geometry":{"type":"Polygon","coordinates":[[[5.24,2.1],[5.24,2.13],[5.27,2.15],[5.27,2.18],[5.31,2.18],[5.56,2.18],[5.63,2.18],[5.63,2.13],[5.53,2.1],[5.42,2.1],[5.35,2.06],[5.35,2.01],[5.27,2.0],[5.27,2.05],[5.24,2.06],[5.24,2.1]]]}},{"type":"Feature","properties":{"precip":20},"geometry":{"type":"Polygon","coordinates":[[[6.64,2.15],[6.68,2.18],[6.75,2.18],[6.75,2.11],[6.68,2.1],[6.68,2.13],[6.64,2.13],[6.64,2.15]]]}},{"type":"Feature","properties":{"precip":20},"geometry":{"type":"Polygon","coordinates":[[[98.65,2.15],[98.68,2.18],[98.75,2.18],[98.75,2.11],[98.68,2.1],[98.68,2.13],[98.65,2.13],[98.65,2.15]]]}},{"type":"Feature","properties":{"precip":20},"geometry":{"type":"Polygon","coordinates":[[[6.25,2.06],[6.28,2.1],[6.39,2.1],[6.43,2.08],[6.43,2.06],[6.46,2.05],[6.46,1.95],[6.43,1.93],[6.43,1.89],[6.39,1.91],[6.28,2.0],[6.28,2.03],[6.25,2.06]]]}},{"type":"Feature","properties":{"precip":20},"geometry":{"type":"Polygon","coordinates":[[[25.47,2.06],[25.5,2.1],[25.65,2.1],[25.68,2.06],[25.75,2.06],[25.79,2.03],[25.79,2.0],[25.83,1.98],[25.83,1.89],[25.79,1.89],[25.75,1.93],[25.75,1.96],[25.65,2.0],[25.54,2.0],[25.47,2.03],[25.47,2.06]]]}},{"type":"Feature","properties":{"precip":20},"geometry":{"type":"Polygon","coordinates":[[[-10.35,1.81],[-10.35,1.88],[-10.28,1.89],[-10.28,1.86],[-10.24,1.83],[-10.24,1.76],[-10.28,1.74],[-10.28,1.71],[-10.31,1.71],[-10.35,1.73],[-10.35,1.81]]]}},{"type":"Feature","properties":{"precip":20},"geometry":{"type":"Polygon","coordinates":[[[6.64,1.83],[6.64,1.88],[6.68,1.88],[6.68,1.89],[6.75,1.88],[6.75,1.81],[6.68,1.81],[6.64,1.83]]]}},{"type":"Feature","properties":{"precip":20},"geometry":{"type":"Polygon","coordinates":[[[96.95,1.81],[96.95,1.88],[97.03,1.89],[97.03,1.88],[97.03,1.83],[97.13,1.81],[97.24,1.81],[97.35,1.76],[97.35,1.64],[97.31,1.61],[97.24,1.59],[97.17,1.61],[97.03,1.64],[96.99,1.69],[96.99,1.73],[96.95,1.78],[96.95,1.81]]]}},{"type":"Feature","properties":{"precip":20},"geometry":{"type":"Polygon","coordinates":[[[6.64,1.66],[6.64,1.68],[6.75,1.71],[6.82,1.69],[6.82,1.66],[6.86,1.64],[6.86,1.53],[6.82,1.51],[6.75,1.53],[6.68,1.59],[6.68,1.63],[6.64,1.66]]]}},{"type":"Feature","properties":{"precip":20},"geometry":{"type":"Polygon","coordinates":[[[9.67,1.56],[9.67,1.59],[9.74,1.59],[9.74,1.49],[9.67,1.49],[9.67,1.56]]]}},{"type":"Feature","properties":{"precip":20},"geometry":{"type":"Polygon","coordinates":[[[25.04,1.46],[25.07,1.48],[25.07,1.49],[25.14,1.49],[25.14,1.41],[25.07,1.39],[25.07,1.43],[25.04,1.46]]]}},{"type":"Feature","properties":{"precip":20},"geometry":{"type":"Polygon","coordinates":[[[18.45,1.13],[18.45,1.16],[18.48,1.18],[18.48,1.21],[18.56,1.18],[18.56,1.14],[18.63,1.11],[18.7,1.09],[18.81,1.09],[18.84,1.06],[18.84,0.94],[18.81,0.91],[18.77,0.89],[18.66,0.89],[18.56,0.94],[18.48,0.99],[18.48,1.04],[18.45,1.08],[18.45,1.13]]]}},{"type":"Feature","properties":{"precip":20},"geometry":{"type":"Polygon","coordinates":[[[10.13,0.96],[10.17,0.96],[10.17,0.99],[10.24,0.99],[10.24,0.91],[10.21,0.89],[10.17,0.89],[10.17,0.94],[10.13,0.96]]]}},{"type":"Feature","properties":{"precip":20},"geometry":{"type":"Polygon","coordinates":[[[24.46,0.74],[24.46,0.77],[24.5,0.79],[24.5,0.81],[24.6,0.81],[24.6,0.79],[24.64,0.79],[24.64,0.72],[24.6,0.71],[24.5,0.71],[24.5,0.72],[24.46,0.72],[24.46,0.74]]]}},{"type":"Feature","properties":{"precip":20},"geometry":{"type":"Polygon","coordinates":[[[4.34,0.64],[4.34,0.67],[4.37,0.67],[4.37,0.71],[4.41,0.71],[4.41,0.69],[4.45,0.69],[4.45,0.61],[4.37,0.61],[4.34,0.64]]]}},{"type":"Feature","properties":{"precip":20},"geometry":{"type":"Polygon","coordinates":[[[28.81,0.32],[28.85,0.36],[28.85,0.37],[28.89,0.39],[28.89,0.41],[28.92,0.39],[29.03,0.31],[29.03,0.22],[28.99,0.21],[28.81,0.21],[28.78,0.22],[28.74,0.24],[28.78,0.26],[28.78,0.29],[28.81,0.32]]]}},{"type":"Feature","properties":{"precip":20},"geometry":{"type":"Polygon","coordinates":[[[-3.69,0.1],[-3.65,0.15],[-3.65,0.17],[-3.58,0.21],[-3.58,0.19],[-3.55,0.17],[-3.55,0.04],[-3.51,0.02],[-3.51,-0.01],[-3.47,-0.01],[-3.47,-0.03],[-3.55,-0.15],[-3.69,-0.28],[-3.76,-0.35],[-3.83,-0.38],[-3.9,-0.4],[-3.94,-0.4],[-3.98,-0.38],[-4.01,-0.38],[-4.01,-0.36],[-4.05,-0.35],[-4.08,-0.33],[-4.08,-0.31],[-4.12,-0.28],[-4.12,-0.21],[-4.08,-0.2],[-4.05,-0.16],[-4.01,-0.13],[-4.01,-0.1],[-3.98,-0.08],[-3.94,-0.06],[-3.9,-0.03],[-3.9,-0.01],[-3.87,-0.01],[-3.83,-0.01],[-3.8,-0.01],[-3.8,0.02],[-3.76,0.04],[-3.76,0.05],[-3.72,0.07],[-3.69,0.1]]]}},{"type":"Feature","properties":{"precip":20},"geometry":{"type":"Polygon","coordinates":[[[26.65,0.15],[26.65,0.17],[26.69,0.17],[26.73,0.19],[26.76,0.19],[26.8,0.21],[27.01,0.21],[27.05,0.19],[27.09,0.19],[27.16,0.15],[27.12,0.14],[27.12,0.12],[27.09,0.12],[27.05,0.1],[26.76,0.1],[26.73,0.12],[26.69,0.12],[26.65,0.14],[26.65,0.15]]]}},{"type":"Feature","properties":{"precip":20},"geometry":{"type":"Polygon","coordinates":[[[29.53,0.05],[29.57,0.07],[29.57,0.09],[29.61,0.1],[29.61,0.09],[29.64,0.09],[29.64,-0.01],[29.57,-0.01],[29.57,0.04],[29.53,0.05]]]}},{"type":"Feature","properties":{"precip":20},"geometry":{"type":"Polygon","coordinates":[[[28.85,-0.05],[28.85,-0.03],[28.89,-0.01],[28.99,-0.01],[29.03,-0.01],[29.03,-0.03],[29.07,-0.03],[29.07,-0.06],[29.03,-0.06],[29.03,-0.1],[28.99,-0.1],[28.96,-0.1],[28.92,-0.1],[28.89,-0.1],[28.89,-0.08],[28.85,-0.06],[28.85,-0.05]]]}},{"type":"Feature","properties":{"precip":20},"geometry":{"type":"Polygon","coordinates":[[[24.86,-0.15],[24.86,-0.11],[24.89,-0.11],[24.89,-0.1],[25.0,-0.1],[25.04,-0.11],[25.04,-0.18],[25.0,-0.18],[25.0,-0.2],[24.93,-0.2],[24.86,-0.18],[24.86,-0.15]]]}},{"type":"Feature","properties":{"precip":20},"geometry":{"type":"Polygon","coordinates":[[[28.56,-0.18],[28.56,-0.11],[28.6,-0.1],[28.63,-0.1],[28.63,-0.2],[28.67,-0.21],[28.67,-0.28],[28.71,-0.31],[28.74,-0.31],[28.74,-0.36],[28.71,-0.38],[28.6,-0.31],[28.56,-0.26],[28.56,-0.18]]]}},{"type":"Feature","properties":{"precip":20},"geometry":{"type":"Polygon","coordinates":[[[98.97,-0.25],[98.97,-0.11],[98.97,-0.1],[99.04,-0.11],[99.04,-0.38],[98.97,-0.4],[98.97,-0.38],[98.97,-0.25]]]}},{"type":"Feature","properties":{"precip":20},"geometry":{"type":"Polygon","coordinates":[[[21.83,-0.36],[21.83,-0.35],[21.87,-0.31],[21.9,-0.31],[21.94,-0.31],[21.94,-0.48],[21.9,-0.48],[21.9,-0.5],[21.8,-0.5],[21.76,-0.48],[21.76,-0.43],[21.8,-0.41],[21.83,-0.36]]]}},{"type":"Feature","properties":{"precip":20},"geometry":{"type":"Polygon","coordinates":[[[27.91,-0.58],[27.99,-0.51],[28.06,-0.51],[28.2,-0.51],[28.24,-0.51],[28.24,-0.56],[28.27,-0.56],[28.27,-0.6],[28.31,-0.6],[28.35,-0.61],[28.42,-0.61],[28.45,-0.63],[28.45,-0.67],[28.38,-0.68],[28.27,-0.68],[28.2,-0.7],[28.06,-0.7],[27.95,-0.68],[27.91,-0.68],[27.88,-0.68],[27.88,-0.61],[27.91,-0.58]]]}},{"type":"Feature","properties":{"precip":20},"geometry":{"type":"Polygon","coordinates":[[[28.56,-0.55],[28.56,-0.51],[28.63,-0.5],[28.67,-0.5],[28.74,-0.51],[28.74,-0.58],[28.67,-0.61],[28.63,-0.61],[28.56,-0.58],[28.56,-0.55]]]}},{"type":"Feature","properties":{"precip":20},"geometry":{"type":"Polygon","coordinates":[[[26.76,-0.73],[26.8,-0.68],[26.87,-0.67],[26.91,-0.61],[26.94,-0.61],[27.01,-0.63],[27.12,-0.72],[27.12,-0.75],[27.19,-0.77],[27.19,-0.78],[27.23,-0.78],[27.23,-0.77],[27.27,-0.77],[27.27,-0.72],[27.3,-0.72],[27.34,-0.73],[27.34,-0.75],[27.37,-0.77],[27.45,-0.88],[27.45,-0.93],[27.37,-1.03],[27.3,-1.07],[27.19,-1.1],[27.01,-1.1],[26.94,-1.08],[26.83,-1.03],[26.76,-0.98],[26.69,-0.9],[26.69,-0.8],[26.76,-0.73]]]}},{"type":"Feature","properties":{"precip":20},"geometry":{"type":"Polygon","coordinates":[[[21.44,-1.5],[21.47,-1.45],[21.47,-1.43],[21.51,-1.4],[21.58,-1.4],[21.65,-1.43],[21.65,-1.48],[21.58,-1.52],[21.54,-1.54],[21.62,-1.6],[21.62,-1.62],[21.65,-1.62],[21.65,-1.69],[21.58,-1.69],[21.58,-1.67],[21.54,-1.64],[21.54,-1.6],[21.47,-1.6],[21.47,-1.67],[21.44,-1.7],[21.47,-1.74],[21.47,-1.79],[21.54,-1.82],[21.54,-1.97],[21.62,-2.0],[21.65,-1.97],[21.65,-1.94],[21.72,-1.89],[21.72,-1.84],[21.76,-1.79],[21.76,-1.69],[21.83,-1.59],[21.94,-1.5],[21.98,-1.5],[22.05,-1.52],[22.08,-1.59],[22.08,-1.6],[22.12,-1.6],[22.12,-1.59],[22.19,-1.52],[22.26,-1.52],[22.3,-1.5],[22.48,-1.5],[22.48,-1.48],[22.55,-1.47],[22.55,-1.43],[22.62,-1.4],[22.7,-1.4],[22.77,-1.43],[22.77,-1.48],[22.8,-1.5],[22.95,-1.5],[22.98,-1.52],[23.06,-1.52],[23.06,-1.54],[22.98,-1.6],[22.91,-1.69],[22.88,-1.74],[22.8,-1.79],[22.77,-1.85],[22.7,-1.92],[22.62,-1.97],[22.55,-2.09],[22.44,-2.2],[22.44,-2.29],[22.37,-2.3],[22.37,-2.35],[22.34,-2.35],[22.34,-2.44],[22.3,-2.47],[22.3,-2.51],[22.26,-2.54],[22.26,-2.56],[22.19,-2.62],[22.12,-2.66],[22.05,-2.69],[21.98,-2.69],[21.94,-2.66],[21.94,-2.62],[21.83,-2.61],[21.65,-2.61],[21.54,-2.56],[21.54,-2.42],[21.47,-2.39],[21.47,-2.35],[21.44,-2.34],[21.44,-2.22],[21.36,-2.17],[21.36,-2.14],[21.29,-2.12],[21.22,-2.1],[21.15,-2.12],[21.15,-2.19],[21.11,-2.19],[21.04,-2.19],[20.97,-2.17],[20.86,-2.05],[20.75,-2.02],[20.68,-2.0],[20.54,-2.0],[20.46,-2.02],[20.46,-2.14],[20.43,-2.15],[20.43,-2.19],[20.39,-2.19],[20.36,-2.22],[20.36,-2.34],[20.32,-2.35],[20.32,-2.39],[20.25,-2.44],[20.25,-2.47],[20.21,-2.51],[20.18,-2.54],[20.18,-2.57],[20.14,-2.61],[20.14,-2.69],[20.1,-2.69],[20.03,-2.69],[20.03,-2.71],[19.96,-2.74],[19.92,-2.77],[19.85,-2.84],[19.85,-2.86],[19.74,-2.91],[19.67,-2.92],[19.64,-2.94],[19.64,-2.99],[19.6,-3.01],[19.53,-3.01],[19.46,-2.97],[19.46,-2.92],[19.38,-2.91],[19.28,-2.91],[19.17,-2.87],[19.17,-2.77],[19.13,-2.76],[19.13,-2.71],[19.06,-2.69],[19.06,-2.62],[19.17,-2.61],[19.35,-2.61],[19.46,-2.56],[19.46,-2.54],[19.42,-2.51],[19.38,-2.51],[19.38,-2.46],[19.35,-2.44],[19.35,-2.27],[19.38,-2.25],[19.38,-2.19],[19.42,-2.19],[19.42,-2.17],[19.46,-2.15],[19.46,-2.05],[19.42,-2.04],[19.42,-2.02],[19.38,-2.0],[19.31,-2.0],[19.24,-1.95],[19.24,-1.94],[19.28,-1.9],[19.35,-1.89],[19.35,-1.74],[19.28,-1.69],[19.24,-1.67],[19.24,-1.64],[19.31,-1.62],[19.31,-1.6],[19.42,-1.6],[19.46,-1.6],[19.64,-1.6],[19.74,-1.59],[19.74,-1.54],[19.82,-1.52],[19.89,-1.5],[20.07,-1.5],[20.14,-1.52],[20.14,-1.65],[20.18,-1.67],[20.18,-1.69],[20.28,-1.7],[20.32,-1.72],[20.36,-1.77],[20.36,-1.89],[20.43,-1.89],[20.43,-1.9],[20.57,-1.9],[20.61,-1.89],[20.68,-1.89],[20.72,-1.89],[20.82,-1.79],[20.9,-1.7],[21.0,-1.62],[21.04,-1.6],[21.11,-1.6],[21.15,-1.6],[21.36,-1.6],[21.44,-1.59],[21.44,-1.5]],[[19.85,-1.65],[19.85,-1.6],[19.78,-1.6],[19.74,-1.62],[19.74,-1.69],[19.82,-1.69],[19.85,-1.69],[19.85,-1.65]],[[21.54,-2.05],[21.54,-2.02],[21.47,-2.0],[21.47,-2.02],[21.44,-2.04],[21.47,-2.07],[21.47,-2.1],[21.54,-2.1],[21.54,-2.05]]]}},{"type":"Feature","properties":{"precip":20},"geometry":{"type":"Polygon","coordinates":[[[28.24,-1.55],[28.24,-1.52],[28.27,-1.47],[28.27,-1.42],[28.31,-1.4],[28.42,-1.4],[28.56,-1.45],[28.63,-1.52],[28.63,-1.6],[28.53,-1.6],[28.45,-1.62],[28.45,-1.67],[28.35,-1.7],[28.27,-1.69],[28.27,-1.62],[28.24,-1.6],[28.24,-1.55]]]}},{"type":"Feature","properties":{"precip":20},"geometry":{"type":"Polygon","coordinates":[[[12.04,-1.6],[12.04,-1.59],[12.08,-1.54],[12.08,-1.52],[12.11,-1.5],[12.15,-1.52],[12.18,-1.59],[12.18,-1.6],[12.22,-1.6],[12.22,-1.59],[12.26,-1.55],[12.26,-1.52],[12.33,-1.52],[12.33,-1.55],[12.36,-1.59],[12.44,-1.6],[12.54,-1.64],[12.62,-1.69],[12.62,-1.72],[12.65,-1.75],[12.65,-1.79],[12.58,-1.79],[12.54,-1.8],[12.4,-1.8],[12.36,-1.79],[12.29,-1.79],[12.26,-1.77],[12.26,-1.74],[12.22,-1.7],[12.15,-1.7],[12.08,-1.69],[12.08,-1.67],[12.04,-1.65],[12.04,-1.6]]]}},{"type":"Feature","properties":{"precip":20},"geometry":{"type":"Polygon","coordinates":[[[24.96,-1.55],[24.96,-1.52],[25.07,-1.5],[25.22,-1.5],[25.29,-1.52],[25.36,-1.54],[25.36,-1.59],[25.32,-1.59],[25.25,-1.6],[25.04,-1.6],[24.96,-1.59],[24.96,-1.55]]]}},{"type":"Feature","properties":{"precip":20},"geometry":{"type":"Polygon","coordinates":[[[23.67,-1.65],[23.67,-1.62],[23.78,-1.6],[23.85,-1.6],[23.92,-1.6],[23.96,-1.64],[23.96,-1.67],[23.99,-1.67],[24.06,-1.69],[24.17,-1.69],[24.24,-1.7],[24.46,-1.7],[24.57,-1.75],[24.57,-1.77],[24.68,-1.85],[24.75,-1.89],[24.82,-1.9],[24.89,-1.9],[25.0,-1.82],[25.11,-1.8],[25.36,-1.8],[25.43,-1.79],[25.54,-1.79],[25.65,-1.77],[25.65,-1.74],[25.75,-1.7],[25.97,-1.7],[26.04,-1.74],[26.08,-1.77],[26.15,-1.77],[26.22,-1.79],[26.4,-1.79],[26.51,-1.8],[27.01,-1.8],[27.09,-1.82],[27.16,-1.82],[27.23,-1.85],[27.27,-1.85],[27.27,-1.9],[27.34,-1.89],[27.34,-1.77],[27.37,-1.77],[27.37,-1.72],[27.41,-1.7],[27.52,-1.7],[27.55,-1.74],[27.55,-1.77],[27.63,-1.79],[27.63,-1.8],[27.7,-1.8],[27.73,-1.82],[27.73,-1.85],[27.77,-1.89],[27.84,-1.9],[27.99,-1.9],[28.02,-1.92],[28.06,-1.95],[28.06,-2.09],[28.13,-2.1],[28.13,-2.19],[28.17,-2.22],[28.17,-2.27],[28.13,-2.3],[28.13,-2.39],[28.06,-2.42],[28.06,-2.54],[28.02,-2.56],[28.02,-2.61],[27.99,-2.61],[27.84,-2.64],[27.84,-2.67],[27.77,-2.74],[27.77,-2.77],[27.73,-2.82],[27.73,-2.87],[27.66,-2.91],[27.55,-2.87],[27.55,-2.82],[27.48,-2.81],[27.41,-2.77],[27.27,-2.67],[27.27,-2.57],[27.23,-2.56],[27.23,-2.52],[27.16,-2.47],[27.16,-2.44],[27.09,-2.39],[27.05,-2.35],[27.05,-2.22],[27.01,-2.22],[27.01,-2.19],[26.98,-2.2],[26.98,-2.24],[26.94,-2.25],[26.94,-2.39],[26.91,-2.41],[26.87,-2.39],[26.87,-2.34],[26.83,-2.32],[26.83,-2.27],[26.87,-2.27],[26.87,-2.2],[26.94,-2.19],[26.94,-2.14],[26.83,-2.1],[26.73,-2.1],[26.69,-2.1],[26.55,-2.1],[26.47,-2.1],[26.37,-2.1],[26.26,-2.14],[26.26,-2.17],[26.22,-2.17],[26.15,-2.19],[25.86,-2.19],[25.75,-2.15],[25.72,-2.12],[25.72,-2.1],[25.68,-2.07],[25.58,-2.02],[25.5,-2.02],[25.43,-2.0],[25.07,-2.0],[25.04,-2.02],[24.96,-2.02],[24.86,-2.04],[24.86,-2.07],[24.82,-2.1],[24.75,-2.1],[24.68,-2.1],[24.64,-2.14],[24.64,-2.19],[24.6,-2.19],[24.5,-2.19],[24.42,-2.2],[24.35,-2.24],[24.35,-2.27],[24.32,-2.27],[24.28,-2.29],[24.17,-2.29],[24.1,-2.3],[23.88,-2.3],[23.81,-2.32],[23.74,-2.35],[23.74,-2.39],[23.7,-2.41],[23.6,-2.41],[23.56,-2.42],[23.56,-2.47],[23.52,-2.47],[23.49,-2.51],[23.42,-2.51],[23.38,-2.47],[23.34,-2.47],[23.34,-2.42],[23.42,-2.39],[23.45,-2.39],[23.45,-2.34],[23.38,-2.3],[23.27,-2.3],[23.16,-2.27],[23.16,-2.2],[23.24,-2.19],[23.24,-2.02],[23.27,-1.94],[23.27,-1.89],[23.31,-1.84],[23.31,-1.77],[23.34,-1.75],[23.45,-1.7],[23.52,-1.7],[23.63,-1.69],[23.67,-1.65]]]}},{"type":"Feature","properties":{"precip":20},"geometry":{"type":"Polygon","coordinates":[[[1.35,-2.56],[1.35,-2.52],[1.42,-2.51],[1.42,-2.54],[1.46,-2.57],[1.46,-2.76],[1.49,-2.77],[1.49,-2.81],[1.57,-2.84],[1.46,-2.92],[1.46,-3.04],[1.53,-3.09],[1.6,-3.09],[1.64,-3.11],[1.64,-3.17],[1.6,-3.19],[1.53,-3.19],[1.46,-3.22],[1.46,-3.29],[1.53,-3.31],[1.53,-3.36],[1.57,-3.38],[1.57,-3.49],[1.64,-3.53],[1.64,-3.76],[1.6,-3.79],[1.49,-3.79],[1.46,-3.76],[1.46,-3.64],[1.42,-3.61],[1.35,-3.59],[1.17,-3.59],[1.1,-3.58],[1.06,-3.58],[1.06,-3.54],[0.99,-3.51],[0.92,-3.51],[0.88,-3.49],[0.88,-3.46],[0.85,-3.46],[0.85,-3.33],[0.81,-3.29],[0.77,-3.29],[0.77,-3.26],[0.74,-3.24],[0.74,-3.11],[0.67,-3.09],[0.67,-2.91],[0.74,-2.91],[0.74,-2.96],[0.81,-3.01],[0.88,-3.01],[0.95,-2.96],[0.95,-2.76],[1.03,-2.67],[1.1,-2.62],[1.21,-2.61],[1.28,-2.61],[1.35,-2.57],[1.35,-2.56]],[[1.13,-3.34],[1.13,-3.31],[1.1,-3.29],[1.06,-3.31],[1.06,-3.39],[1.13,-3.39],[1.13,-3.34]]]}},{"type":"Feature","properties":{"precip":20},"geometry":{"type":"Polygon","coordinates":[[[28.2,-2.57],[28.27,-2.52],[28.31,-2.51],[28.35,-2.52],[28.35,-2.54],[28.38,-2.56],[28.38,-2.61],[28.42,-2.61],[28.42,-2.57],[28.45,-2.56],[28.45,-2.54],[28.49,-2.51],[28.53,-2.51],[28.53,-2.61],[28.49,-2.62],[28.42,-2.66],[28.35,-2.69],[28.2,-2.69],[28.17,-2.69],[28.17,-2.64],[28.2,-2.61],[28.2,-2.57]]]}},{"type":"Feature","properties":{"precip":20},"geometry":{"type":"Polygon","coordinates":[[[0.67,-2.76],[0.67,-2.71],[0.74,-2.71],[0.74,-2.79],[0.67,-2.79],[0.67,-2.76]]]}},{"type":"Feature","properties":{"precip":20},"geometry":{"type":"Polygon","coordinates":[[[21.36,-2.82],[21.44,-2.74],[21.51,-2.71],[21.54,-2.71],[21.54,-2.84],[21.58,-2.84],[21.58,-2.89],[21.65,-2.94],[21.72,-3.02],[21.72,-3.09],[21.76,-3.16],[21.76,-3.26],[21.72,-3.29],[21.69,-3.29],[21.69,-3.33],[21.65,-3.33],[21.65,-3.48],[21.72,-3.51],[21.76,-3.53],[21.76,-3.59],[21.72,-3.63],[21.72,-3.68],[21.69,-3.73],[21.62,-3.78],[21.62,-3.79],[21.54,-3.84],[21.44,-3.89],[21.33,-3.91],[21.33,-3.93],[21.26,-3.96],[21.18,-4.01],[21.15,-4.08],[21.04,-4.15],[21.04,-4.16],[20.97,-4.18],[20.97,-4.13],[21.04,-4.08],[21.08,-4.01],[21.11,-3.99],[21.11,-3.96],[21.15,-3.94],[21.15,-3.84],[21.18,-3.83],[21.18,-3.79],[21.22,-3.79],[21.22,-3.76],[21.26,-3.76],[21.26,-3.61],[21.33,-3.59],[21.33,-3.56],[21.36,-3.54],[21.36,-3.43],[21.4,-3.39],[21.44,-3.39],[21.44,-3.22],[21.36,-3.19],[21.29,-3.19],[21.29,-3.17],[21.26,-3.12],[21.26,-3.01],[21.29,-2.94],[21.36,-2.82]],[[21.65,-3.16],[21.65,-3.11],[21.58,-3.09],[21.54,-3.12],[21.54,-3.17],[21.58,-3.19],[21.65,-3.17],[21.65,-3.16]]]}},{"type":"Feature","properties":{"precip":20},"geometry":{"type":"Polygon","coordinates":[[[26.15,-2.94],[26.15,-2.92],[26.19,-2.91],[26.26,-2.92],[26.26,-2.97],[26.22,-2.99],[26.15,-2.99],[26.15,-2.94]]]}},{"type":"Feature","properties":{"precip":20},"geometry":{"type":"Polygon","coordinates":[[[26.44,-2.94],[26.47,-2.91],[26.55,-2.91],[26.55,-2.99],[26.47,-3.01],[26.47,-2.97],[26.44,-2.97],[26.44,-2.94]]]}},{"type":"Feature","properties":{"precip":20},"geometry":{"type":"Polygon","coordinates":[[[27.55,-3.04],[27.55,-3.01],[27.66,-3.04],[27.7,-3.07],[27.7,-3.09],[27.73,-3.12],[27.73,-3.19],[27.63,-3.19],[27.55,-3.24],[27.55,-3.54],[27.52,-3.56],[27.52,-3.59],[27.48,-3.59],[27.48,-3.63],[27.45,-3.64],[27.45,-3.78],[27.37,-3.81],[27.37,-3.89],[27.34,-3.93],[27.34,-4.16],[27.27,-4.2],[27.23,-4.2],[27.16,-4.18],[27.16,-4.13],[27.12,-4.1],[27.05,-4.1],[26.98,-4.08],[26.98,-4.04],[26.94,-4.01],[26.94,-3.93],[27.01,-3.88],[27.05,-3.86],[27.05,-3.84],[26.98,-3.79],[26.98,-3.73],[26.94,-3.69],[26.94,-3.53],[26.87,-3.51],[26.76,-3.51],[26.65,-3.46],[26.65,-3.24],[26.76,-3.19],[27.05,-3.19],[27.16,-3.16],[27.16,-3.12],[27.27,-3.09],[27.45,-3.09],[27.55,-3.06],[27.55,-3.04]]]}},{"type":"Feature","properties":{"precip":20},"geometry":{"type":"Polygon","coordinates":[[[8.66,-3.46],[8.69,-3.39],[8.8,-3.33],[8.84,-3.33],[8.84,-3.58],[8.77,-3.59],[8.73,-3.59],[8.66,-3.63],[8.66,-3.68],[8.59,-3.69],[8.51,-3.69],[8.48,-3.71],[8.48,-3.76],[8.44,-3.79],[8.44,-3.94],[8.51,-4.08],[8.51,-4.13],[8.59,-4.2],[8.62,-4.18],[8.62,-4.16],[8.66,-4.13],[8.73,-4.1],[8.8,-4.1],[8.84,-4.13],[8.84,-4.31],[8.87,-4.35],[8.87,-4.4],[8.91,-4.4],[8.95,-4.43],[8.95,-4.58],[8.87,-4.6],[8.87,-4.65],[8.84,-4.66],[8.84,-4.76],[8.8,-4.8],[8.73,-4.8],[8.66,-4.83],[8.66,-4.88],[8.73,-4.91],[8.73,-4.97],[8.66,-5.03],[8.66,-5.07],[8.59,-5.1],[8.59,-5.17],[8.55,-5.18],[8.55,-5.27],[8.48,-5.3],[8.41,-5.3],[8.37,-5.28],[8.37,-5.27],[8.33,-5.25],[8.33,-5.22],[8.3,-5.2],[8.12,-5.2],[8.08,-5.22],[8.05,-5.27],[8.05,-5.38],[7.97,-5.4],[7.97,-5.43],[7.94,-5.47],[7.94,-5.58],[7.9,-5.58],[7.87,-5.6],[7.79,-5.6],[7.76,-5.62],[7.76,-5.67],[7.72,-5.67],[7.72,-5.68],[7.65,-5.68],[7.61,-5.7],[7.47,-5.68],[7.43,-5.65],[7.43,-5.6],[7.36,-5.6],[7.25,-5.57],[7.18,-5.5],[7.18,-5.47],[7.15,-5.43],[7.15,-5.35],[7.0,-5.22],[6.93,-5.2],[6.86,-5.18],[6.86,-5.05],[6.82,-5.03],[6.82,-5.02],[6.75,-4.98],[6.75,-4.93],[6.82,-4.9],[6.89,-4.91],[7.0,-5.0],[7.04,-5.03],[7.11,-5.1],[7.18,-5.1],[7.25,-5.07],[7.25,-4.93],[7.33,-4.86],[7.43,-4.8],[7.51,-4.8],[7.54,-4.83],[7.54,-4.93],[7.58,-4.95],[7.58,-5.0],[7.65,-4.95],[7.65,-4.75],[7.69,-4.73],[7.69,-4.7],[7.72,-4.7],[7.72,-4.68],[7.76,-4.66],[7.76,-4.51],[7.79,-4.5],[7.83,-4.5],[7.83,-4.43],[7.87,-4.43],[7.87,-4.31],[7.94,-4.3],[7.94,-4.1],[7.87,-4.1],[7.87,-3.84],[7.94,-3.76],[8.05,-3.71],[8.12,-3.69],[8.23,-3.69],[8.26,-3.68],[8.33,-3.68],[8.33,-3.66],[8.37,-3.64],[8.37,-3.61],[8.44,-3.59],[8.55,-3.56],[8.55,-3.53],[8.66,-3.46]],[[8.66,-4.75],[8.66,-4.73],[8.62,-4.7],[8.55,-4.73],[8.55,-4.78],[8.62,-4.78],[8.66,-4.76],[8.66,-4.75]]]}},{"type":"Feature","properties":{"precip":20},"geometry":{"type":"Polygon","coordinates":[[[54.16,-3.46],[54.16,-3.43],[54.23,-3.41],[54.48,-3.41],[54.55,-3.43],[54.55,-3.48],[54.59,-3.49],[54.66,-3.49],[54.66,-3.51],[54.8,-3.51],[54.84,-3.53],[54.84,-3.88],[54.8,-3.89],[54.55,-3.89],[54.48,-3.86],[54.44,-3.86],[54.44,-3.84],[54.37,-3.81],[54.3,-3.81],[54.26,-3.79],[54.12,-3.79],[54.08,-3.81],[54.01,-3.81],[53.98,-3.83],[53.98,-3.84],[53.94,-3.86],[53.94,-3.96],[53.9,-3.99],[53.83,-3.99],[53.8,-3.98],[53.65,-3.86],[53.65,-3.83],[53.72,-3.79],[53.76,-3.76],[53.76,-3.63],[53.83,-3.56],[53.98,-3.51],[54.05,-3.51],[54.12,-3.48],[54.16,-3.48],[54.16,-3.46]]]}},{"type":"Feature","properties":{"precip":20},"geometry":{"type":"Polygon","coordinates":[[[28.17,-3.66],[28.17,-3.59],[28.2,-3.59],[28.31,-3.68],[28.31,-3.73],[28.35,-3.74],[28.35,-3.78],[28.27,-3.79],[28.27,-3.83],[28.24,-3.84],[28.27,-3.89],[28.35,-3.89],[28.42,-3.91],[28.45,-3.93],[28.45,-3.96],[28.38,-3.99],[28.31,-4.01],[28.17,-4.01],[28.06,-4.03],[28.06,-4.08],[27.99,-4.1],[27.99,-4.15],[27.95,-4.18],[27.88,-4.2],[27.88,-4.18],[27.84,-4.16],[27.84,-4.08],[27.88,-4.04],[27.88,-4.01],[27.95,-3.99],[27.95,-3.93],[27.81,-3.88],[27.77,-3.88],[27.77,-3.83],[27.73,-3.79],[27.77,-3.76],[27.77,-3.73],[27.84,-3.69],[28.02,-3.69],[28.06,-3.68],[28.13,-3.68],[28.13,-3.66],[28.17,-3.66]]]}},{"type":"Feature","properties":{"precip":20},"geometry":{"type":"Polygon","coordinates":[[[28.56,-3.89],[28.56,-3.83],[28.6,-3.79],[28.63,-3.81],[28.63,-3.99],[28.56,-3.98],[28.56,-3.89]]]}},{"type":"Feature","properties":{"precip":20},"geometry":{"type":"Polygon","coordinates":[[[28.74,-3.94],[28.78,-3.91],[28.81,-3.89],[28.85,-3.93],[28.85,-3.99],[28.78,-4.01],[28.78,-3.98],[28.74,-3.94]]]}},{"type":"Feature","properties":{"precip":20},"geometry":{"type":"Polygon","coordinates":[[[1.24,-4.1],[1.24,-4.04],[1.31,-4.01],[1.49,-4.01],[1.53,-4.01],[1.53,-4.08],[1.57,-4.1],[1.57,-4.18],[1.53,-4.21],[1.53,-4.28],[1.46,-4.3],[1.46,-4.23],[1.39,-4.2],[1.31,-4.2],[1.28,-4.18],[1.28,-4.16],[1.24,-4.15],[1.24,-4.1]]]}},{"type":"Feature","properties":{"precip":20},"geometry":{"type":"Polygon","coordinates":[[[51.17,-4.04],[51.17,-4.01],[51.24,-4.01],[51.24,-4.1],[51.17,-4.1],[51.17,-4.04]]]}},{"type":"Feature","properties":{"precip":20},"geometry":{"type":"Polygon","coordinates":[[[25.47,-4.15],[25.47,-4.1],[25.54,-4.1],[25.54,-4.16],[25.61,-4.2],[25.68,-4.2],[25.75,-4.23],[25.75,-4.28],[25.79,-4.3],[25.9,-4.3],[25.93,-4.31],[25.93,-4.4],[25.9,-4.4],[25.86,-4.43],[25.86,-4.55],[25.83,-4.56],[25.83,-4.6],[25.79,-4.6],[25.72,-4.6],[25.68,-4.61],[25.68,-4.65],[25.65,-4.66],[25.65,-4.75],[25.72,-4.8],[25.86,-4.8],[25.93,-4.83],[25.93,-4.98],[25.9,-4.98],[25.75,-5.03],[25.75,-5.07],[25.72,-5.1],[25.65,-5.1],[25.58,-5.1],[25.47,-5.08],[25.47,-5.05],[25.4,-5.02],[25.32,-5.02],[25.29,-5.0],[25.22,-5.0],[25.18,-4.97],[25.14,-4.97],[25.14,-4.93],[25.04,-4.9],[24.96,-4.9],[24.89,-4.86],[24.86,-4.86],[24.86,-4.85],[24.82,-4.83],[24.75,-4.85],[24.6,-5.02],[24.57,-5.03],[24.5,-5.08],[24.35,-5.1],[24.24,-5.15],[24.21,-5.18],[24.21,-5.2],[24.17,-5.22],[24.17,-5.28],[24.21,-5.3],[24.21,-5.35],[24.24,-5.35],[24.32,-5.38],[24.39,-5.4],[24.46,-5.43],[24.46,-5.48],[24.39,-5.5],[24.35,-5.52],[24.35,-5.62],[24.32,-5.65],[24.32,-5.68],[24.24,-5.73],[24.24,-5.77],[24.14,-5.85],[24.06,-5.95],[24.06,-6.0],[24.21,-6.0],[24.24,-5.99],[24.24,-5.94],[24.28,-5.9],[24.32,-5.9],[24.35,-5.94],[24.35,-6.07],[24.42,-6.09],[24.46,-6.09],[24.57,-6.14],[24.57,-6.17],[24.6,-6.19],[24.64,-6.17],[24.64,-6.14],[24.71,-6.1],[24.78,-6.09],[24.89,-6.1],[24.96,-6.14],[24.96,-6.17],[25.0,-6.19],[25.04,-6.17],[25.04,-6.15],[25.07,-6.12],[25.14,-6.1],[25.14,-6.17],[25.11,-6.17],[25.11,-6.2],[25.07,-6.22],[25.07,-6.25],[25.0,-6.32],[24.96,-6.37],[24.96,-6.5],[25.04,-6.5],[25.04,-6.74],[25.07,-6.77],[25.07,-6.89],[25.11,-6.92],[25.14,-6.89],[25.14,-6.76],[25.22,-6.71],[25.29,-6.69],[25.4,-6.69],[25.47,-6.65],[25.47,-6.62],[25.58,-6.6],[25.68,-6.6],[25.75,-6.57],[25.75,-6.52],[25.68,-6.5],[25.61,-6.5],[25.54,-6.44],[25.61,-6.4],[25.68,-6.4],[25.72,-6.37],[25.75,-6.37],[25.75,-6.32],[25.65,-6.27],[25.65,-6.24],[25.72,-6.2],[25.9,-6.2],[25.93,-6.22],[25.93,-6.39],[25.86,-6.42],[25.86,-6.54],[25.83,-6.57],[25.83,-6.6],[25.75,-6.6],[25.75,-6.67],[25.79,-6.69],[25.86,-6.69],[25.93,-6.72],[25.93,-6.76],[25.97,-6.77],[26.04,-6.81],[26.15,-6.76],[26.19,-6.74],[26.19,-6.69],[26.22,-6.71],[26.22,-6.74],[26.26,-6.76],[26.26,-6.79],[26.33,-6.79],[26.33,-6.74],[26.37,-6.71],[26.37,-6.6],[26.4,-6.59],[26.44,-6.59],[26.44,-6.54],[26.4,-6.52],[26.4,-6.5],[26.37,-6.45],[26.29,-6.4],[26.29,-6.37],[26.26,-6.35],[26.26,-6.32],[26.33,-6.3],[26.33,-6.24],[26.37,-6.22],[26.37,-6.1],[26.44,-6.12],[26.44,-6.22],[26.47,-6.25],[26.47,-6.29],[26.51,-6.3],[26.58,-6.3],[26.62,-6.27],[26.65,-6.27],[26.65,-6.22],[26.73,-6.2],[26.73,-6.29],[26.76,-6.32],[26.76,-6.57],[26.83,-6.6],[26.83,-6.77],[26.87,-6.81],[26.87,-6.89],[26.94,-6.92],[26.94,-7.04],[26.98,-7.06],[26.98,-7.09],[27.01,-7.11],[27.01,-7.17],[26.98,-7.22],[26.98,-7.26],[26.94,-7.27],[26.83,-7.31],[26.8,-7.31],[26.73,-7.37],[26.65,-7.42],[26.55,-7.59],[26.55,-7.73],[26.47,-7.81],[26.47,-7.84],[26.44,-7.88],[26.37,-7.91],[26.37,-7.76],[26.33,-7.74],[26.33,-7.69],[26.26,-7.73],[26.26,-7.76],[26.19,-7.84],[26.15,-7.89],[26.15,-7.96],[26.08,-7.99],[26.01,-8.01],[25.97,-7.99],[25.9,-7.99],[25.83,-7.93],[25.75,-7.86],[25.75,-7.84],[25.86,-7.79],[25.97,-7.79],[26.04,-7.76],[26.04,-7.42],[26.01,-7.41],[25.9,-7.41],[25.86,-7.42],[25.86,-7.54],[25.83,-7.56],[25.83,-7.59],[25.79,-7.59],[25.79,-7.58],[25.75,-7.56],[25.75,-7.36],[25.72,-7.31],[25.65,-7.32],[25.65,-7.36],[25.61,-7.37],[25.61,-7.41],[25.58,-7.39],[25.58,-7.36],[25.54,-7.34],[25.54,-7.31],[25.47,-7.31],[25.4,-7.32],[25.32,-7.36],[25.25,-7.44],[25.25,-7.46],[25.14,-7.51],[25.04,-7.51],[25.04,-7.53],[24.93,-7.56],[24.93,-7.59],[24.89,-7.59],[24.82,-7.68],[24.78,-7.68],[24.75,-7.66],[24.75,-7.44],[24.82,-7.41],[24.89,-7.41],[24.93,-7.39],[24.93,-7.36],[24.96,-7.34],[24.96,-7.27],[24.93,-7.26],[24.93,-7.22],[24.86,-7.19],[24.78,-7.19],[24.71,-7.22],[24.64,-7.24],[24.64,-7.27],[24.6,-7.29],[24.57,-7.27],[24.57,-7.24],[24.46,-7.19],[24.39,-7.19],[24.35,-7.17],[24.35,-7.14],[24.32,-7.11],[24.28,-7.11],[24.24,-7.16],[24.24,-7.17],[24.21,-7.19],[24.14,-7.16],[24.14,-7.11],[24.06,-7.12],[24.06,-7.17],[24.03,-7.19],[23.96,-7.17],[23.96,-7.09],[23.92,-7.04],[23.92,-7.01],[23.88,-6.97],[23.81,-6.92],[23.78,-6.92],[23.7,-6.92],[23.63,-6.97],[23.56,-7.04],[23.56,-7.17],[23.49,-7.19],[23.45,-7.17],[23.45,-7.02],[23.42,-7.01],[23.38,-7.01],[23.34,-7.02],[23.34,-7.09],[23.27,-7.09],[23.27,-7.04],[23.24,-7.01],[23.24,-6.92],[23.2,-6.92],[23.09,-6.99],[23.06,-7.06],[22.95,-7.14],[22.95,-7.16],[22.84,-7.19],[22.8,-7.19],[22.77,-7.22],[22.77,-7.42],[22.73,-7.47],[22.73,-7.56],[22.55,-7.76],[22.44,-7.84],[22.37,-7.89],[22.3,-7.91],[22.26,-7.93],[22.26,-8.08],[22.44,-8.14],[22.44,-8.18],[22.62,-8.31],[22.62,-8.34],[22.73,-8.4],[22.8,-8.41],[22.88,-8.46],[22.88,-8.48],[22.95,-8.53],[22.95,-8.58],[22.88,-8.61],[22.88,-8.65],[22.84,-8.66],[22.88,-8.68],[22.91,-8.71],[22.95,-8.78],[22.95,-9.11],[22.91,-9.18],[22.91,-9.2],[22.88,-9.2],[22.88,-9.18],[22.84,-9.18],[22.84,-9.11],[22.8,-9.1],[22.7,-9.1],[22.62,-9.1],[22.55,-9.06],[22.55,-9.03],[22.44,-8.93],[22.37,-8.91],[22.26,-8.9],[22.08,-8.93],[22.01,-8.98],[21.94,-9.11],[21.94,-9.18],[21.87,-9.23],[21.87,-9.28],[21.94,-9.32],[21.94,-9.4],[21.87,-9.38],[21.87,-9.35],[21.83,-9.32],[21.72,-9.35],[21.72,-9.38],[21.58,-9.5],[21.51,-9.5],[21.4,-9.42],[21.36,-9.37],[21.33,-9.3],[21.26,-9.18],[21.26,-9.05],[21.22,-9.03],[21.22,-9.01],[21.15,-9.01],[21.11,-8.98],[21.04,-8.95],[21.0,-8.93],[21.0,-8.9],[20.93,-8.85],[20.93,-8.83],[20.86,-8.8],[20.79,-8.8],[20.75,-8.78],[20.75,-8.73],[20.72,-8.73],[20.64,-8.7],[20.46,-8.7],[20.36,-8.68],[20.36,-8.55],[20.28,-8.51],[20.1,-8.51],[20.03,-8.5],[19.96,-8.46],[19.96,-8.45],[19.85,-8.36],[19.85,-8.34],[19.74,-8.29],[19.67,-8.28],[19.64,-8.26],[19.64,-8.23],[19.53,-8.19],[19.35,-8.19],[19.28,-8.18],[19.28,-8.16],[19.24,-8.13],[19.24,-8.01],[19.2,-8.01],[19.2,-7.98],[19.17,-7.98],[19.17,-7.93],[19.24,-7.88],[19.24,-7.84],[19.17,-7.79],[19.1,-7.79],[19.1,-7.78],[19.02,-7.76],[19.02,-7.69],[18.99,-7.69],[18.99,-7.74],[18.84,-7.79],[18.59,-7.79],[18.56,-7.76],[18.56,-7.49],[18.52,-7.46],[18.52,-7.41],[18.48,-7.41],[18.48,-7.36],[18.45,-7.34],[18.45,-7.16],[18.48,-7.11],[18.52,-7.09],[18.59,-7.09],[18.66,-7.06],[18.66,-7.01],[18.7,-7.01],[18.77,-7.01],[18.84,-6.96],[18.84,-6.67],[18.92,-6.6],[18.99,-6.6],[19.02,-6.59],[19.02,-6.57],[19.06,-6.52],[19.06,-6.42],[18.99,-6.3],[18.99,-6.25],[18.92,-6.2],[18.88,-6.2],[18.88,-6.24],[18.84,-6.25],[18.84,-6.27],[18.81,-6.27],[18.77,-6.3],[18.7,-6.3],[18.66,-6.32],[18.66,-6.34],[18.56,-6.39],[18.48,-6.39],[18.45,-6.4],[18.09,-6.4],[18.02,-6.42],[17.94,-6.44],[17.94,-6.49],[17.87,-6.5],[17.87,-6.44],[17.84,-6.42],[17.84,-6.37],[17.87,-6.35],[17.87,-6.3],[17.94,-6.29],[17.94,-6.15],[18.02,-6.09],[18.05,-6.09],[18.05,-5.99],[18.09,-5.95],[18.09,-5.92],[18.12,-5.87],[18.2,-5.82],[18.23,-5.8],[18.3,-5.8],[18.34,-5.78],[18.34,-5.75],[18.41,-5.7],[18.48,-5.7],[18.56,-5.68],[18.63,-5.67],[18.74,-5.58],[18.74,-5.55],[18.81,-5.5],[18.84,-5.45],[18.99,-5.4],[19.02,-5.4],[19.06,-5.43],[19.06,-5.48],[19.1,-5.5],[19.17,-5.5],[19.24,-5.52],[19.24,-5.57],[19.35,-5.58],[19.38,-5.6],[19.49,-5.6],[19.56,-5.6],[19.78,-5.6],[19.85,-5.65],[19.85,-5.78],[19.89,-5.8],[19.96,-5.77],[19.96,-5.73],[20.03,-5.68],[20.03,-5.67],[20.1,-5.65],[20.14,-5.6],[20.21,-5.6],[20.32,-5.57],[20.32,-5.55],[20.43,-5.5],[20.43,-5.45],[20.46,-5.43],[20.54,-5.42],[20.57,-5.45],[20.57,-5.48],[20.61,-5.5],[20.64,-5.48],[20.64,-5.43],[20.72,-5.4],[20.79,-5.38],[21.0,-5.22],[21.0,-5.18],[21.08,-5.13],[21.15,-5.12],[21.08,-5.2],[21.08,-5.23],[21.0,-5.3],[20.93,-5.38],[20.9,-5.42],[20.9,-5.43],[20.86,-5.47],[20.9,-5.48],[20.9,-5.52],[20.97,-5.55],[20.97,-5.58],[21.0,-5.6],[21.08,-5.53],[21.15,-5.52],[21.26,-5.5],[21.36,-5.53],[21.33,-5.57],[21.33,-5.6],[21.29,-5.6],[21.22,-5.67],[21.22,-5.68],[21.18,-5.7],[21.18,-5.75],[21.15,-5.77],[21.15,-5.85],[21.11,-5.87],[21.11,-5.9],[20.97,-6.02],[20.97,-6.09],[21.08,-6.09],[21.58,-6.09],[21.72,-6.07],[21.76,-6.07],[21.76,-6.02],[21.87,-6.0],[21.98,-6.0],[22.05,-5.97],[22.05,-5.94],[22.12,-5.9],[22.19,-5.9],[22.26,-5.85],[22.26,-5.82],[22.34,-5.82],[22.34,-5.85],[22.41,-5.9],[22.48,-5.9],[22.55,-5.95],[22.55,-6.1],[22.62,-6.24],[22.7,-6.29],[22.84,-6.37],[23.02,-6.4],[23.13,-6.4],[23.24,-6.42],[23.24,-6.45],[23.27,-6.47],[23.27,-6.5],[23.34,-6.47],[23.34,-6.25],[23.38,-6.25],[23.38,-6.2],[23.45,-6.17],[23.45,-6.14],[23.42,-6.1],[23.34,-6.1],[23.34,-6.09],[23.2,-6.09],[23.16,-6.07],[23.16,-5.95],[23.13,-5.95],[23.13,-5.9],[23.09,-5.9],[23.09,-5.87],[23.06,-5.85],[23.06,-5.65],[23.09,-5.6],[23.13,-5.6],[23.13,-5.57],[23.16,-5.55],[23.16,-5.48],[23.2,-5.43],[23.2,-5.42],[23.34,-5.25],[23.42,-5.18],[23.49,-5.1],[23.52,-5.08],[23.52,-5.02],[23.49,-5.0],[23.49,-4.91],[23.52,-4.88],[23.63,-4.76],[23.7,-4.7],[23.7,-4.68],[23.74,-4.65],[23.74,-4.61],[23.67,-4.6],[23.67,-4.51],[23.81,-4.48],[23.85,-4.48],[23.85,-4.43],[23.92,-4.41],[23.99,-4.41],[24.06,-4.4],[24.14,-4.4],[24.21,-4.41],[24.28,-4.41],[24.35,-4.43],[24.35,-4.46],[24.42,-4.48],[24.42,-4.5],[24.5,-4.5],[24.53,-4.51],[24.6,-4.5],[24.68,-4.5],[24.75,-4.46],[24.75,-4.45],[24.82,-4.4],[24.82,-4.38],[24.89,-4.31],[24.93,-4.3],[25.0,-4.3],[25.04,-4.28],[25.04,-4.26],[25.11,-4.21],[25.18,-4.2],[25.32,-4.2],[25.43,-4.18],[25.47,-4.15]],[[24.35,-4.65],[24.35,-4.61],[24.32,-4.6],[24.24,-4.61],[24.24,-4.68],[24.32,-4.7],[24.35,-4.68],[24.35,-4.65]],[[24.24,-5.45],[24.24,-5.42],[24.17,-5.4],[24.17,-5.43],[24.14,-5.43],[24.17,-5.47],[24.17,-5.5],[24.24,-5.5],[24.24,-5.45]],[[20.54,-5.55],[20.54,-5.52],[20.46,-5.52],[20.46,-5.6],[20.54,-5.6],[20.54,-5.55]],[[20.9,-5.58],[20.82,-5.52],[20.79,-5.52],[20.75,-5.52],[20.75,-5.55],[20.68,-5.6],[20.68,-5.68],[20.72,-5.7],[20.72,-5.73],[20.75,-5.75],[20.75,-5.77],[20.79,-5.78],[20.9,-5.73],[20.9,-5.7],[20.93,-5.68],[20.93,-5.62],[20.9,-5.58]],[[24.06,-5.52],[23.99,-5.5],[23.92,-5.5],[23.88,-5.52],[23.88,-5.53],[23.85,-5.55],[23.85,-5.68],[23.88,-5.68],[23.96,-5.67],[23.99,-5.65],[23.99,-5.6],[24.06,-5.55],[24.06,-5.52]],[[20.46,-5.65],[20.43,-5.6],[20.36,-5.6],[20.36,-5.68],[20.43,-5.7],[20.43,-5.68],[20.46,-5.65]],[[23.85,-5.75],[23.85,-5.7],[23.78,-5.7],[23.74,-5.73],[23.74,-5.77],[23.78,-5.77],[23.78,-5.8],[23.85,-5.78],[23.85,-5.75]],[[19.85,-5.85],[19.85,-5.82],[19.78,-5.8],[19.71,-5.8],[19.67,-5.84],[19.67,-5.85],[19.64,-5.87],[19.64,-6.0],[19.56,-6.02],[19.56,-6.09],[19.6,-6.09],[19.71,-6.09],[19.74,-6.09],[19.74,-5.95],[19.78,-5.94],[19.78,-5.9],[19.85,-5.89],[19.85,-5.85]],[[23.24,-5.85],[23.24,-5.8],[23.16,-5.82],[23.16,-5.89],[23.24,-5.9],[23.24,-5.85]],[[20.07,-6.09],[20.03,-6.07],[20.03,-6.02],[19.96,-6.02],[19.96,-6.07],[19.92,-6.09],[19.82,-6.09],[19.74,-6.14],[19.74,-6.17],[19.78,-6.17],[19.82,-6.19],[20.0,-6.19],[20.03,-6.17],[20.03,-6.12],[20.07,-6.09]],[[23.56,-6.05],[23.56,-6.02],[23.52,-6.0],[23.45,-6.02],[23.45,-6.09],[23.52,-6.09],[23.56,-6.09],[23.56,-6.05]],[[19.17,-6.15],[19.13,-6.14],[19.13,-6.1],[19.02,-6.09],[18.95,-6.12],[18.95,-6.17],[18.99,-6.19],[19.06,-6.19],[19.13,-6.17],[19.17,-6.15]],[[19.56,-6.15],[19.53,-6.12],[19.53,-6.09],[19.46,-6.1],[19.46,-6.19],[19.49,-6.2],[19.56,-6.15]],[[23.78,-6.17],[23.7,-6.1],[23.67,-6.1],[23.67,-6.27],[23.74,-6.3],[23.85,-6.29],[23.85,-6.24],[23.78,-6.17]],[[26.26,-6.94],[26.26,-6.92],[26.19,-6.92],[26.15,-6.92],[26.15,-6.99],[26.19,-7.01],[26.26,-6.97],[26.26,-6.94]],[[26.44,-7.54],[26.44,-7.53],[26.37,-7.51],[26.37,-7.59],[26.44,-7.59],[26.44,-7.54]],[[18.74,-7.66],[18.74,-7.59],[18.66,-7.61],[18.66,-7.69],[18.74,-7.69],[18.74,-7.66]],[[21.54,-8.95],[21.54,-8.93],[21.47,-8.9],[21.36,-8.91],[21.36,-8.98],[21.44,-9.0],[21.51,-9.0],[21.54,-8.98],[21.54,-8.95]]]}},{"type":"Feature","properties":{"precip":20},"geometry":{"type":"Polygon","coordinates":[[[26.65,-4.15],[26.65,-4.11],[26.73,-4.1],[26.73,-4.15],[26.76,-4.16],[26.76,-4.28],[26.83,-4.33],[26.83,-4.38],[26.8,-4.38],[26.8,-4.41],[26.73,-4.46],[26.69,-4.51],[26.62,-4.56],[26.55,-4.58],[26.47,-4.6],[26.4,-4.6],[26.33,-4.6],[26.26,-4.56],[26.22,-4.51],[26.19,-4.51],[26.19,-4.43],[26.22,-4.4],[26.22,-4.38],[26.29,-4.3],[26.37,-4.26],[26.51,-4.2],[26.58,-4.2],[26.62,-4.18],[26.65,-4.18],[26.65,-4.15]]]}},{"type":"Feature","properties":{"precip":20},"geometry":{"type":"Polygon","coordinates":[[[6.07,-4.33],[6.07,-4.3],[6.14,-4.3],[6.21,-4.33],[6.28,-4.38],[6.32,-4.41],[6.32,-4.43],[6.35,-4.45],[6.35,-4.48],[6.28,-4.51],[6.17,-4.46],[6.07,-4.38],[6.07,-4.33]]]}},{"type":"Feature","properties":{"precip":20},"geometry":{"type":"Polygon","coordinates":[[[27.95,-4.45],[27.95,-4.41],[28.02,-4.4],[28.06,-4.43],[28.06,-4.48],[27.99,-4.5],[27.95,-4.48],[27.95,-4.45]]]}},{"type":"Feature","properties":{"precip":20},"geometry":{"type":"Polygon","coordinates":[[[47.86,-4.45],[47.86,-4.41],[47.93,-4.4],[47.93,-4.43],[47.96,-4.43],[47.96,-4.46],[47.89,-4.5],[47.86,-4.48],[47.86,-4.45]]]}},{"type":"Feature","properties":{"precip":20},"geometry":{"type":"Polygon","coordinates":[[[48.04,-4.43],[48.07,-4.41],[48.18,-4.4],[48.25,-4.43],[48.25,-4.48],[48.29,-4.48],[48.36,-4.51],[48.43,-4.51],[48.43,-4.56],[48.4,-4.6],[48.4,-4.63],[48.32,-4.68],[48.25,-4.65],[48.14,-4.53],[48.07,-4.48],[48.07,-4.43],[48.04,-4.43]]]}},{"type":"Feature","properties":{"precip":20},"geometry":{"type":"Polygon","coordinates":[[[53.04,-4.45],[53.08,-4.43],[53.08,-4.41],[53.15,-4.4],[53.22,-4.41],[53.26,-4.43],[53.26,-4.48],[53.29,-4.48],[53.36,-4.51],[53.36,-4.5],[53.44,-4.48],[53.44,-4.45],[53.47,-4.41],[53.58,-4.41],[53.62,-4.43],[53.72,-4.51],[53.72,-4.53],[53.76,-4.56],[53.69,-4.6],[53.69,-4.63],[53.65,-4.65],[53.65,-4.76],[53.58,-4.8],[53.58,-4.85],[53.54,-4.85],[53.54,-4.95],[53.62,-5.0],[53.69,-5.0],[53.72,-5.02],[53.8,-5.02],[53.87,-5.03],[53.87,-5.1],[53.94,-5.1],[54.01,-5.1],[54.05,-5.12],[54.05,-5.18],[54.08,-5.18],[54.12,-5.2],[54.19,-5.2],[54.26,-5.25],[54.26,-5.27],[54.34,-5.28],[54.34,-5.3],[54.44,-5.3],[54.52,-5.27],[54.55,-5.27],[54.55,-5.23],[54.62,-5.2],[54.8,-5.2],[54.84,-5.22],[54.84,-5.27],[54.91,-5.3],[55.02,-5.3],[55.06,-5.32],[55.06,-5.35],[55.02,-5.37],[55.02,-5.4],[54.95,-5.43],[54.95,-5.45],[54.88,-5.48],[54.8,-5.5],[54.59,-5.5],[54.52,-5.52],[54.44,-5.52],[54.34,-5.57],[54.26,-5.65],[54.12,-5.77],[54.01,-5.8],[53.94,-5.8],[53.83,-5.85],[53.83,-5.89],[53.8,-5.89],[53.76,-5.85],[53.65,-5.8],[53.51,-5.8],[53.44,-5.78],[53.36,-5.77],[53.33,-5.72],[53.29,-5.7],[53.22,-5.65],[53.15,-5.6],[53.08,-5.6],[53.04,-5.65],[53.08,-5.68],[53.08,-5.7],[53.15,-5.72],[53.15,-5.85],[53.18,-5.85],[53.18,-5.89],[53.22,-5.9],[53.29,-5.9],[53.36,-5.95],[53.36,-5.97],[53.26,-6.04],[53.26,-6.07],[53.29,-6.07],[53.36,-6.12],[53.36,-6.14],[53.29,-6.19],[53.22,-6.19],[53.15,-6.2],[53.04,-6.2],[52.93,-6.25],[52.93,-6.29],[52.82,-6.24],[52.82,-6.2],[52.79,-6.19],[52.79,-6.17],[52.64,-6.1],[52.64,-6.09],[52.57,-6.09],[52.57,-5.99],[52.54,-5.95],[52.54,-5.82],[52.5,-5.8],[52.46,-5.82],[52.46,-5.87],[52.32,-5.92],[52.14,-6.05],[52.1,-6.09],[52.0,-6.17],[51.96,-6.19],[51.82,-6.19],[51.74,-6.2],[51.56,-6.2],[51.46,-6.24],[51.46,-6.27],[51.35,-6.29],[51.31,-6.3],[51.2,-6.3],[51.13,-6.29],[51.06,-6.25],[51.02,-6.22],[50.99,-6.2],[50.99,-6.17],[50.95,-6.17],[50.95,-6.14],[50.81,-6.09],[50.7,-6.09],[50.66,-6.09],[50.66,-6.04],[50.63,-6.02],[50.48,-5.99],[50.48,-5.95],[50.45,-5.95],[50.45,-5.85],[50.48,-5.84],[50.48,-5.8],[50.52,-5.8],[50.52,-5.77],[50.56,-5.77],[50.56,-5.52],[50.59,-5.52],[50.63,-5.52],[50.7,-5.6],[50.77,-5.67],[50.77,-5.68],[50.84,-5.68],[50.84,-5.65],[50.88,-5.62],[50.95,-5.6],[51.06,-5.6],[51.1,-5.6],[51.17,-5.6],[51.24,-5.57],[51.24,-5.53],[51.31,-5.52],[51.38,-5.5],[51.49,-5.5],[51.53,-5.47],[51.56,-5.47],[51.56,-5.43],[51.6,-5.42],[51.64,-5.43],[51.64,-5.47],[51.67,-5.47],[51.71,-5.5],[51.78,-5.5],[51.85,-5.52],[51.85,-5.57],[51.92,-5.6],[52.0,-5.6],[52.1,-5.6],[52.14,-5.62],[52.14,-5.67],[52.18,-5.68],[52.18,-5.7],[52.25,-5.68],[52.25,-5.55],[52.28,-5.52],[52.36,-5.45],[52.32,-5.43],[52.32,-5.4],[52.21,-5.32],[52.18,-5.32],[52.18,-5.35],[52.1,-5.4],[52.07,-5.38],[52.07,-5.2],[52.14,-5.18],[52.14,-5.02],[52.07,-5.0],[52.07,-4.83],[52.1,-4.78],[52.14,-4.76],[52.14,-4.73],[52.07,-4.68],[52.07,-4.61],[52.1,-4.6],[52.1,-4.58],[52.14,-4.55],[52.25,-4.51],[52.43,-4.51],[52.5,-4.58],[52.5,-4.6],[52.57,-4.6],[52.61,-4.6],[52.68,-4.6],[52.72,-4.6],[52.79,-4.6],[52.82,-4.56],[52.86,-4.56],[52.86,-4.51],[52.9,-4.51],[52.97,-4.51],[52.97,-4.5],[53.04,-4.48],[53.04,-4.45]],[[53.47,-5.08],[53.44,-5.03],[53.36,-5.02],[53.18,-5.02],[53.15,-5.05],[53.15,-5.23],[53.18,-5.27],[53.26,-5.3],[53.44,-5.3],[53.47,-5.28],[53.54,-5.23],[53.54,-5.17],[53.47,-5.08]],[[52.75,-5.55],[52.75,-5.52],[52.68,-5.5],[52.68,-5.52],[52.64,-5.53],[52.64,-5.57],[52.72,-5.6],[52.75,-5.58],[52.75,-5.55]],[[52.86,-5.65],[52.86,-5.6],[52.79,-5.6],[52.75,-5.62],[52.75,-5.65],[52.68,-5.7],[52.68,-5.75],[52.64,-5.77],[52.72,-5.8],[52.93,-5.8],[53.0,-5.77],[53.04,-5.77],[53.04,-5.72],[53.0,-5.7],[52.93,-5.7],[52.93,-5.68],[52.86,-5.68],[52.86,-5.65]]]}},{"type":"Feature","properties":{"precip":20},"geometry":{"type":"Polygon","coordinates":[[[27.41,-4.6],[27.48,-4.51],[27.52,-4.51],[27.55,-4.53],[27.55,-4.66],[27.63,-4.68],[27.7,-4.7],[27.99,-4.7],[28.06,-4.68],[28.17,-4.65],[28.17,-4.61],[28.24,-4.6],[28.24,-4.66],[28.2,-4.7],[28.09,-4.78],[28.02,-4.8],[27.91,-4.8],[27.84,-4.85],[27.84,-4.98],[27.77,-5.0],[27.77,-4.97],[27.73,-4.95],[27.73,-4.91],[27.63,-4.9],[27.55,-4.93],[27.55,-4.98],[27.48,-5.0],[27.48,-4.95],[27.45,-4.93],[27.45,-4.75],[27.41,-4.73],[27.41,-4.7],[27.37,-4.68],[27.37,-4.6],[27.41,-4.6]]]}},{"type":"Feature","properties":{"precip":20},"geometry":{"type":"Polygon","coordinates":[[[29.46,-4.63],[29.5,-4.6],[29.61,-4.6],[29.64,-4.63],[29.64,-4.8],[29.61,-4.8],[29.57,-4.76],[29.46,-4.68],[29.46,-4.63]]]}},{"type":"Feature","properties":{"precip":20},"geometry":{"type":"Polygon","coordinates":[[[33.96,-4.75],[33.96,-4.73],[34.03,-4.7],[34.03,-4.8],[33.96,-4.78],[33.96,-4.75]]]}},{"type":"Feature","properties":{"precip":20},"geometry":{"type":"Polygon","coordinates":[[[22.44,-4.95],[22.44,-4.93],[22.48,-4.9],[22.55,-4.91],[22.55,-4.98],[22.48,-5.0],[22.44,-4.98],[22.44,-4.95]]]}},{"type":"Feature","properties":{"precip":20},"geometry":{"type":"Polygon","coordinates":[[[33.85,-5.05],[33.85,-5.03],[33.89,-5.0],[33.96,-5.03],[33.96,-5.07],[33.93,-5.08],[33.93,-5.1],[33.85,-5.1],[33.85,-5.05]]]}},{"type":"Feature","properties":{"precip":20},"geometry":{"type":"Polygon","coordinates":[[[49.22,-5.08],[49.22,-5.05],[49.3,-5.02],[49.37,-5.05],[49.37,-5.08],[49.44,-5.13],[49.44,-5.18],[49.37,-5.2],[49.26,-5.2],[49.15,-5.18],[49.15,-5.13],[49.22,-5.08]]]}},{"type":"Feature","properties":{"precip":20},"geometry":{"type":"Polygon","coordinates":[[[73.3,-5.08],[73.34,-5.03],[73.45,-5.02],[73.56,-5.02],[73.63,-5.03],[73.63,-5.05],[73.66,-5.08],[73.66,-5.12],[73.56,-5.25],[73.48,-5.28],[73.45,-5.27],[73.45,-5.23],[73.38,-5.2],[73.3,-5.2],[73.27,-5.18],[73.27,-5.13],[73.3,-5.1],[73.3,-5.08]]]}},{"type":"Feature","properties":{"precip":20},"geometry":{"type":"Polygon","coordinates":[[[28.45,-5.35],[28.45,-5.32],[28.53,-5.3],[28.53,-5.35],[28.56,-5.35],[28.56,-5.37],[28.53,-5.38],[28.45,-5.38],[28.45,-5.35]]]}},{"type":"Feature","properties":{"precip":20},"geometry":{"type":"Polygon","coordinates":[[[84.57,-5.35],[84.57,-5.3],[84.64,-5.32],[84.64,-5.38],[84.57,-5.4],[84.57,-5.35]]]}},{"type":"Feature","properties":{"precip":20},"geometry":{"type":"Polygon","coordinates":[[[84.07,-5.48],[84.14,-5.45],[84.21,-5.43],[84.21,-5.42],[84.25,-5.4],[84.36,-5.4],[84.43,-5.42],[84.43,-5.43],[84.46,-5.47],[84.46,-5.65],[84.43,-5.67],[84.43,-5.68],[84.36,-5.73],[84.36,-5.87],[84.25,-5.9],[84.14,-5.9],[84.03,-5.94],[84.03,-5.97],[84.03,-6.0],[83.96,-6.0],[83.96,-5.87],[84.03,-5.77],[84.07,-5.72],[84.07,-5.68],[84.14,-5.68],[84.14,-5.62],[84.03,-5.58],[84.03,-5.52],[84.07,-5.52],[84.07,-5.48]]]}},{"type":"Feature","properties":{"precip":20},"geometry":{"type":"Polygon","coordinates":[[[12.94,-5.65],[12.94,-5.6],[12.98,-5.6],[13.05,-5.65],[13.12,-5.7],[13.12,-5.78],[13.05,-5.77],[13.05,-5.73],[12.94,-5.65]]]}},{"type":"Feature","properties":{"precip":20},"geometry":{"type":"Polygon","coordinates":[[[73.56,-5.8],[73.56,-5.73],[73.59,-5.7],[73.63,-5.7],[73.66,-5.73],[73.66,-5.77],[73.74,-5.78],[73.74,-5.8],[73.88,-5.8],[73.95,-5.84],[73.95,-5.95],[73.92,-5.99],[73.77,-6.02],[73.77,-6.04],[73.74,-6.05],[73.74,-6.09],[73.63,-6.09],[73.56,-6.05],[73.52,-6.02],[73.48,-6.0],[73.48,-5.95],[73.45,-5.95],[73.52,-5.9],[73.52,-5.87],[73.56,-5.85],[73.56,-5.8]]]}},{"type":"Feature","properties":{"precip":20},"geometry":{"type":"Polygon","coordinates":[[[27.01,-5.87],[27.09,-5.82],[27.16,-5.8],[27.23,-5.84],[27.27,-5.89],[27.23,-5.92],[27.23,-5.95],[27.19,-6.0],[27.19,-6.02],[27.12,-6.09],[27.01,-6.09],[26.94,-6.05],[26.94,-5.99],[26.98,-5.95],[26.98,-5.92],[27.01,-5.87]]]}},{"type":"Feature","properties":{"precip":20},"geometry":{"type":"Polygon","coordinates":[[[49.55,-5.9],[49.55,-5.85],[49.58,-5.85],[49.58,-5.82],[49.62,-5.8],[49.69,-5.8],[49.76,-5.85],[49.76,-5.87],[49.84,-5.9],[49.87,-5.9],[50.02,-5.94],[50.05,-5.97],[50.12,-6.02],[50.16,-6.07],[50.23,-6.12],[50.23,-6.17],[50.27,-6.22],[50.27,-6.29],[50.34,-6.3],[50.34,-6.42],[50.38,-6.42],[50.38,-6.5],[50.45,-6.52],[50.45,-6.57],[50.38,-6.6],[50.38,-6.67],[50.34,-6.67],[50.34,-6.79],[50.27,-6.84],[50.27,-6.87],[50.3,-6.87],[50.3,-6.92],[50.34,-6.92],[50.34,-6.97],[50.3,-7.01],[50.23,-7.01],[50.16,-7.02],[50.16,-7.06],[50.09,-7.09],[50.02,-7.09],[49.62,-7.09],[49.51,-7.11],[49.48,-7.12],[49.44,-7.17],[49.44,-7.22],[49.48,-7.26],[49.48,-7.29],[49.55,-7.31],[49.62,-7.31],[49.66,-7.34],[49.66,-7.37],[49.73,-7.39],[49.73,-7.41],[49.84,-7.39],[49.84,-7.34],[49.87,-7.32],[49.94,-7.31],[50.05,-7.31],[50.12,-7.29],[50.2,-7.29],[50.23,-7.27],[50.23,-7.26],[50.27,-7.22],[50.27,-7.12],[50.34,-7.09],[50.52,-7.09],[50.59,-7.11],[50.66,-7.14],[50.66,-7.17],[50.59,-7.19],[50.52,-7.22],[50.41,-7.27],[50.38,-7.34],[50.3,-7.39],[50.3,-7.42],[50.27,-7.47],[50.34,-7.51],[50.34,-7.58],[50.3,-7.59],[50.23,-7.59],[50.16,-7.63],[50.16,-7.68],[50.09,-7.69],[50.02,-7.69],[49.94,-7.68],[49.94,-7.64],[49.91,-7.61],[49.87,-7.63],[49.87,-7.66],[49.76,-7.69],[49.66,-7.69],[49.66,-7.71],[49.58,-7.71],[49.55,-7.73],[49.55,-7.76],[49.51,-7.76],[49.4,-7.79],[49.19,-7.79],[49.15,-7.81],[49.04,-7.81],[48.94,-7.84],[48.94,-7.88],[48.83,-7.91],[48.76,-7.91],[48.76,-7.89],[48.68,-7.89],[48.65,-7.86],[48.65,-7.84],[48.61,-7.81],[48.54,-7.79],[48.43,-7.79],[48.36,-7.76],[48.36,-7.71],[48.43,-7.69],[48.43,-7.66],[48.47,-7.61],[48.43,-7.59],[48.43,-7.54],[48.4,-7.51],[48.4,-7.47],[48.32,-7.42],[48.29,-7.41],[48.18,-7.41],[48.14,-7.42],[48.14,-7.47],[48.07,-7.51],[48.04,-7.51],[47.89,-7.47],[47.82,-7.42],[47.78,-7.39],[47.78,-7.36],[47.75,-7.34],[47.75,-7.22],[47.68,-7.17],[47.68,-7.11],[47.75,-7.04],[47.86,-7.01],[47.93,-7.01],[47.93,-7.04],[47.96,-7.09],[47.96,-7.31],[48.04,-7.27],[48.07,-7.26],[48.07,-7.22],[48.14,-7.14],[48.14,-7.04],[48.18,-7.01],[48.25,-7.01],[48.36,-7.01],[48.43,-6.99],[48.43,-6.96],[48.47,-6.94],[48.47,-6.92],[48.43,-6.89],[48.43,-6.84],[48.4,-6.81],[48.4,-6.77],[48.32,-6.72],[48.22,-6.69],[48.14,-6.67],[48.14,-6.62],[48.07,-6.6],[47.96,-6.6],[47.96,-6.67],[47.93,-6.67],[47.89,-6.69],[47.71,-6.69],[47.68,-6.67],[47.68,-6.65],[47.64,-6.62],[47.68,-6.59],[47.68,-6.54],[47.71,-6.49],[47.78,-6.42],[47.86,-6.34],[47.93,-6.3],[48.0,-6.29],[48.11,-6.2],[48.11,-6.17],[48.18,-6.1],[48.25,-6.05],[48.32,-6.02],[48.43,-6.0],[48.5,-6.0],[48.54,-6.02],[48.61,-6.02],[48.65,-6.02],[48.65,-6.07],[48.68,-6.09],[48.86,-6.09],[48.94,-6.07],[48.97,-6.04],[48.97,-6.02],[49.01,-6.0],[49.01,-6.02],[49.04,-6.04],[49.04,-6.07],[49.08,-6.09],[49.15,-6.09],[49.22,-6.07],[49.26,-6.02],[49.33,-5.99],[49.33,-5.95],[49.37,-5.94],[49.44,-5.92],[49.44,-5.97],[49.51,-6.0],[49.55,-5.97],[49.55,-5.9]],[[48.86,-6.94],[48.83,-6.92],[48.76,-6.92],[48.76,-6.99],[48.83,-7.01],[48.83,-6.97],[48.86,-6.97],[48.86,-6.94]]]}},{"type":"Feature","properties":{"precip":20},"geometry":{"type":"Polygon","coordinates":[[[9.05,-5.95],[9.05,-5.92],[9.13,-5.9],[9.13,-5.94],[9.16,-5.94],[9.16,-5.97],[9.13,-6.0],[9.05,-5.99],[9.05,-5.95]]]}},{"type":"Feature","properties":{"precip":20},"geometry":{"type":"Polygon","coordinates":[[[12.76,-5.95],[12.76,-5.92],[12.83,-5.9],[12.83,-6.0],[12.76,-6.0],[12.76,-5.95]]]}},{"type":"Feature","properties":{"precip":20},"geometry":{"type":"Polygon","coordinates":[[[22.84,-6.25],[22.88,-6.2],[22.95,-6.2],[22.95,-6.29],[22.88,-6.3],[22.88,-6.27],[22.84,-6.27],[22.84,-6.25]]]}},{"type":"Feature","properties":{"precip":20},"geometry":{"type":"Polygon","coordinates":[[[23.06,-6.25],[23.06,-6.22],[23.13,-6.2],[23.16,-6.24],[23.16,-6.27],[23.13,-6.27],[23.13,-6.3],[23.06,-6.29],[23.06,-6.25]]]}},{"type":"Feature","properties":{"precip":20},"geometry":{"type":"Polygon","coordinates":[[[86.15,-6.25],[86.15,-6.24],[86.19,-6.2],[86.37,-6.2],[86.41,-6.22],[86.41,-6.27],[86.33,-6.3],[86.23,-6.3],[86.23,-6.29],[86.19,-6.29],[86.15,-6.27],[86.15,-6.25]]]}},{"type":"Feature","properties":{"precip":20},"geometry":{"type":"Polygon","coordinates":[[[86.55,-6.25],[86.55,-6.22],[86.62,-6.2],[86.62,-6.22],[86.62,-6.27],[86.59,-6.3],[86.55,-6.27],[86.55,-6.25]]]}},{"type":"Feature","properties":{"precip":20},"geometry":{"type":"Polygon","coordinates":[[[12.44,-6.4],[12.44,-6.37],[12.47,-6.34],[12.47,-6.32],[12.51,-6.3],[12.8,-6.3],[12.83,-6.34],[12.83,-6.37],[12.87,-6.4],[12.87,-6.5],[12.9,-6.5],[12.9,-6.52],[12.94,-6.57],[12.94,-6.92],[12.98,-6.97],[12.98,-7.09],[13.01,-7.09],[13.01,-7.14],[13.05,-7.16],[13.05,-7.46],[12.98,-7.51],[12.94,-7.51],[12.87,-7.47],[12.87,-7.41],[12.83,-7.37],[12.83,-7.31],[12.76,-7.27],[12.76,-7.17],[12.72,-7.14],[12.72,-7.09],[12.65,-7.09],[12.65,-6.97],[12.62,-6.92],[12.62,-6.89],[12.54,-6.84],[12.47,-6.82],[12.44,-6.87],[12.44,-6.92],[12.36,-6.87],[12.36,-6.5],[12.44,-6.5],[12.44,-6.4]]]}},{"type":"Feature","properties":{"precip":20},"geometry":{"type":"Polygon","coordinates":[[[13.05,-6.4],[13.05,-6.34],[13.08,-6.3],[13.12,-6.3],[13.12,-6.34],[13.16,-6.34],[13.16,-6.45],[13.12,-6.47],[13.12,-6.5],[13.05,-6.47],[13.05,-6.4]]]}},{"type":"Feature","properties":{"precip":20},"geometry":{"type":"Polygon","coordinates":[[[27.55,-6.45],[27.55,-6.42],[27.63,-6.4],[27.63,-6.42],[27.66,-6.42],[27.66,-6.47],[27.59,-6.5],[27.55,-6.49],[27.55,-6.45]]]}},{"type":"Feature","properties":{"precip":20},"geometry":{"type":"Polygon","coordinates":[[[65.24,-6.67],[65.24,-6.65],[65.31,-6.6],[65.39,-6.6],[65.49,-6.6],[65.53,-6.6],[65.6,-6.6],[65.71,-6.69],[65.82,-6.69],[65.82,-6.71],[65.89,-6.71],[65.96,-6.74],[65.96,-6.77],[66.0,-6.79],[66.11,-6.79],[66.18,-6.74],[66.25,-6.67],[66.32,-6.64],[66.36,-6.6],[66.47,-6.6],[66.54,-6.6],[66.65,-6.62],[66.68,-6.67],[66.68,-6.69],[66.72,-6.69],[66.72,-6.67],[66.75,-6.64],[66.86,-6.6],[66.93,-6.6],[67.04,-6.62],[67.04,-6.87],[66.97,-6.92],[66.9,-6.92],[66.86,-6.92],[66.86,-7.09],[66.93,-7.12],[66.93,-7.26],[66.97,-7.31],[66.97,-7.41],[66.93,-7.44],[66.93,-7.59],[66.86,-7.63],[66.86,-7.76],[66.93,-7.84],[66.93,-7.89],[66.86,-7.93],[66.86,-7.98],[66.93,-8.01],[66.93,-8.09],[66.97,-8.13],[66.97,-8.16],[66.93,-8.21],[66.93,-8.26],[66.9,-8.29],[66.86,-8.29],[66.72,-8.21],[66.65,-8.16],[66.61,-8.11],[66.61,-8.09],[66.54,-8.04],[66.36,-7.98],[66.36,-7.91],[66.43,-7.89],[66.47,-7.84],[66.43,-7.78],[66.43,-7.74],[66.39,-7.71],[66.39,-7.68],[66.36,-7.64],[66.29,-7.63],[66.21,-7.59],[66.11,-7.59],[66.03,-7.59],[66.0,-7.56],[65.93,-7.53],[65.89,-7.51],[65.89,-7.46],[65.85,-7.42],[65.85,-7.34],[65.89,-7.31],[65.96,-7.31],[65.96,-7.29],[66.03,-7.27],[66.07,-7.26],[66.03,-7.24],[66.03,-7.22],[65.93,-7.19],[65.85,-7.17],[65.85,-7.07],[65.82,-7.02],[65.82,-7.01],[65.78,-6.96],[65.67,-6.92],[65.6,-6.92],[65.49,-6.92],[65.42,-6.89],[65.31,-6.81],[65.24,-6.72],[65.24,-6.67]],[[66.14,-7.44],[66.14,-7.41],[66.07,-7.41],[66.07,-7.51],[66.14,-7.49],[66.14,-7.44]]]}},{"type":"Feature","properties":{"precip":20},"geometry":{"type":"Polygon","coordinates":[[[10.24,-6.94],[10.24,-6.81],[10.28,-6.76],[10.28,-6.72],[10.39,-6.69],[10.49,-6.72],[10.57,-6.77],[10.64,-6.89],[10.64,-7.17],[10.6,-7.19],[10.35,-7.19],[10.28,-7.17],[10.28,-7.14],[10.24,-7.09],[10.24,-6.94]]]}},{"type":"Feature","properties":{"precip":20},"geometry":{"type":"Polygon","coordinates":[[[67.37,-6.76],[67.37,-6.71],[67.44,-6.71],[67.44,-6.79],[67.4,-6.81],[67.37,-6.79],[67.37,-6.76]]]}},{"type":"Feature","properties":{"precip":20},"geometry":{"type":"Polygon","coordinates":[[[51.35,-7.06],[51.35,-7.02],[51.38,-7.01],[51.46,-7.01],[51.46,-7.09],[51.49,-7.09],[51.6,-7.09],[51.64,-7.11],[51.64,-7.16],[51.67,-7.16],[51.67,-7.17],[51.71,-7.19],[51.78,-7.19],[51.85,-7.22],[51.85,-7.26],[51.92,-7.27],[51.92,-7.29],[52.0,-7.29],[52.07,-7.31],[52.21,-7.31],[52.25,-7.34],[52.25,-7.56],[52.21,-7.59],[52.14,-7.59],[51.89,-7.59],[51.78,-7.63],[51.74,-7.68],[51.67,-7.68],[51.67,-7.66],[51.6,-7.61],[51.53,-7.59],[51.42,-7.59],[51.35,-7.58],[51.28,-7.56],[51.17,-7.49],[51.17,-7.42],[51.2,-7.42],[51.2,-7.39],[51.24,-7.36],[51.24,-7.22],[51.17,-7.19],[51.17,-7.11],[51.2,-7.09],[51.31,-7.09],[51.35,-7.09],[51.35,-7.06]]]}},{"type":"Feature","properties":{"precip":20},"geometry":{"type":"Polygon","coordinates":[[[13.55,-7.16],[13.55,-7.12],[13.62,-7.09],[13.7,-7.09],[13.73,-7.11],[13.73,-7.17],[13.7,-7.19],[13.59,-7.19],[13.55,-7.17],[13.55,-7.16]]]}},{"type":"Feature","properties":{"precip":20},"geometry":{"type":"Polygon","coordinates":[[[80.07,-7.34],[80.07,-7.22],[80.14,-7.19],[80.18,-7.19],[80.29,-7.22],[80.36,-7.24],[80.36,-7.26],[80.4,-7.29],[80.4,-7.26],[80.47,-7.26],[80.47,-7.22],[80.54,-7.22],[80.54,-7.26],[80.58,-7.29],[80.68,-7.29],[80.72,-7.31],[80.79,-7.31],[80.83,-7.32],[80.83,-7.34],[80.79,-7.36],[80.79,-7.39],[80.79,-7.42],[80.61,-7.49],[80.58,-7.49],[80.54,-7.51],[80.14,-7.51],[80.11,-7.49],[80.07,-7.46],[80.07,-7.34]]]}},{"type":"Feature","properties":{"precip":20},"geometry":{"type":"Polygon","coordinates":[[[28.24,-7.39],[28.27,-7.34],[28.27,-7.32],[28.31,-7.31],[28.53,-7.31],[28.53,-7.34],[28.56,-7.39],[28.56,-7.68],[28.63,-7.71],[28.63,-7.88],[28.56,-7.89],[28.45,-7.88],[28.45,-7.84],[28.38,-7.79],[28.31,-7.79],[28.27,-7.76],[28.27,-7.74],[28.24,-7.71],[28.24,-7.68],[28.27,-7.64],[28.27,-7.59],[28.35,-7.58],[28.35,-7.53],[28.27,-7.51],[28.27,-7.42],[28.24,-7.42],[28.24,-7.39]]]}},{"type":"Feature","properties":{"precip":20},"geometry":{"type":"Polygon","coordinates":[[[31.66,-7.41],[31.66,-7.34],[31.69,-7.31],[31.8,-7.31],[31.84,-7.32],[31.84,-7.36],[31.73,-7.46],[31.73,-7.49],[31.69,-7.51],[31.66,-7.49],[31.66,-7.41]]]}},{"type":"Feature","properties":{"precip":20},"geometry":{"type":"Polygon","coordinates":[[[26.91,-7.47],[26.98,-7.42],[27.05,-7.41],[27.12,-7.42],[27.16,-7.46],[27.16,-7.54],[27.09,-7.59],[26.91,-7.59],[26.87,-7.59],[26.87,-7.53],[26.91,-7.47]]]}},{"type":"Feature","properties":{"precip":20},"geometry":{"type":"Polygon","coordinates":[[[10.13,-7.54],[10.17,-7.54],[10.17,-7.51],[10.24,-7.53],[10.24,-7.59],[10.17,-7.59],[10.17,-7.56],[10.13,-7.54]]]}},{"type":"Feature","properties":{"precip":20},"geometry":{"type":"Polygon","coordinates":[[[68.77,-7.54],[68.77,-7.53],[68.81,-7.51],[68.88,-7.51],[68.95,-7.53],[68.95,-7.58],[68.88,-7.59],[68.81,-7.59],[68.77,-7.59],[68.77,-7.54]]]}},{"type":"Feature","properties":{"precip":20},"geometry":{"type":"Polygon","coordinates":[[[80.83,-7.54],[80.83,-7.53],[80.94,-7.51],[80.94,-7.59],[80.83,-7.59],[80.83,-7.54]]]}},{"type":"Feature","properties":{"precip":20},"geometry":{"type":"Polygon","coordinates":[[[13.05,-7.69],[13.05,-7.63],[13.08,-7.59],[13.12,-7.59],[13.12,-7.63],[13.16,-7.64],[13.16,-7.76],[13.12,-7.76],[13.12,-7.79],[13.05,-7.76],[13.05,-7.69]]]}},{"type":"Feature","properties":{"precip":20},"geometry":{"type":"Polygon","coordinates":[[[31.55,-7.69],[31.55,-7.64],[31.62,-7.59],[31.73,-7.59],[31.73,-7.68],[31.69,-7.69],[31.69,-7.73],[31.66,-7.76],[31.59,-7.79],[31.55,-7.78],[31.55,-7.69]]]}},{"type":"Feature","properties":{"precip":20},"geometry":{"type":"Polygon","coordinates":[[[69.06,-7.69],[69.06,-7.64],[69.09,-7.63],[69.09,-7.59],[69.2,-7.59],[69.24,-7.63],[69.24,-7.78],[69.2,-7.79],[69.09,-7.79],[69.06,-7.76],[69.06,-7.69]]]}},{"type":"Feature","properties":{"precip":20},"geometry":{"type":"Polygon","coordinates":[[[80.14,-7.66],[80.14,-7.61],[80.18,-7.59],[80.29,-7.59],[80.36,-7.63],[80.36,-7.68],[80.32,-7.69],[80.18,-7.69],[80.14,-7.66]]]}},{"type":"Feature","properties":{"precip":20},"geometry":{"type":"Polygon","coordinates":[[[16.65,-7.93],[16.65,-7.84],[16.68,-7.81],[16.76,-7.79],[16.83,-7.79],[16.94,-7.84],[16.94,-7.86],[16.97,-7.86],[16.97,-7.89],[17.04,-7.91],[17.12,-7.91],[17.12,-7.93],[17.15,-7.94],[17.15,-8.16],[17.08,-8.19],[16.9,-8.19],[16.83,-8.18],[16.79,-8.16],[16.72,-8.13],[16.68,-8.09],[16.68,-8.04],[16.65,-7.99],[16.65,-7.93]]]}},{"type":"Feature","properties":{"precip":20},"geometry":{"type":"Polygon","coordinates":[[[23.67,-7.84],[23.67,-7.79],[23.78,-7.84],[23.78,-7.88],[23.81,-7.89],[23.81,-7.93],[23.85,-7.93],[23.85,-7.99],[23.78,-7.96],[23.67,-7.88],[23.67,-7.84]]]}},{"type":"Feature","properties":{"precip":20},"geometry":{"type":"Polygon","coordinates":[[[26.83,-7.84],[26.87,-7.84],[26.87,-7.81],[26.91,-7.79],[26.94,-7.81],[26.94,-7.89],[26.91,-7.91],[26.87,-7.89],[26.87,-7.86],[26.83,-7.84]]]}},{"type":"Feature","properties":{"precip":20},"geometry":{"type":"Polygon","coordinates":[[[28.81,-7.88],[28.89,-7.84],[28.92,-7.81],[29.03,-7.81],[29.07,-7.84],[29.03,-7.86],[29.03,-7.89],[28.96,-7.91],[28.89,-7.91],[28.85,-7.93],[28.85,-7.98],[28.78,-8.01],[28.78,-7.93],[28.81,-7.88]]]}},{"type":"Feature","properties":{"precip":20},"geometry":{"type":"Polygon","coordinates":[[[47.75,-7.84],[47.78,-7.79],[47.82,-7.79],[47.86,-7.84],[47.86,-7.88],[47.82,-7.91],[47.75,-7.88],[47.75,-7.84]]]}},{"type":"Feature","properties":{"precip":20},"geometry":{"type":"Polygon","coordinates":[[[49.66,-7.94],[49.66,-7.84],[49.69,-7.84],[49.69,-7.79],[49.73,-7.79],[49.73,-7.84],[49.76,-7.84],[49.76,-7.88],[49.84,-7.91],[49.91,-7.91],[49.94,-7.93],[49.94,-7.96],[49.91,-7.99],[49.84,-8.08],[49.76,-8.09],[49.69,-8.09],[49.66,-8.04],[49.66,-7.94]]]}},{"type":"Feature","properties":{"precip":20},"geometry":{"type":"Polygon","coordinates":[[[51.46,-7.84],[51.46,-7.81],[51.53,-7.79],[51.53,-7.84],[51.56,-7.84],[51.56,-7.86],[51.53,-7.88],[51.53,-7.91],[51.46,-7.89],[51.46,-7.84]]]}},{"type":"Feature","properties":{"precip":20},"geometry":{"type":"Polygon","coordinates":[[[53.15,-7.84],[53.26,-7.81],[53.33,-7.81],[53.4,-7.79],[53.54,-7.79],[53.72,-7.84],[53.76,-7.86],[53.76,-7.93],[53.69,-8.01],[53.69,-8.03],[53.62,-8.06],[53.54,-8.09],[53.44,-8.09],[53.36,-8.06],[53.36,-7.96],[53.33,-7.93],[53.29,-7.91],[53.22,-7.91],[53.15,-7.84]]]}},{"type":"Feature","properties":{"precip":20},"geometry":{"type":"Polygon","coordinates":[[[67.83,-7.88],[67.83,-7.84],[67.91,-7.81],[68.01,-7.81],[68.05,-7.84],[68.05,-7.86],[68.12,-7.91],[68.19,-7.91],[68.27,-7.93],[68.27,-7.99],[68.37,-8.01],[68.48,-8.04],[68.48,-8.09],[68.52,-8.09],[68.52,-8.06],[68.55,-8.01],[68.63,-8.01],[68.63,-8.03],[68.66,-8.06],[68.66,-8.18],[68.73,-8.21],[68.73,-8.29],[68.77,-8.33],[68.77,-8.48],[68.81,-8.51],[68.88,-8.51],[68.91,-8.53],[68.99,-8.56],[69.02,-8.6],[69.02,-8.65],[69.09,-8.68],[69.13,-8.7],[69.2,-8.7],[69.24,-8.71],[69.24,-8.76],[69.17,-8.8],[69.06,-8.8],[68.99,-8.78],[68.95,-8.75],[68.91,-8.73],[68.91,-8.7],[68.88,-8.71],[68.88,-8.75],[68.77,-8.8],[68.66,-8.8],[68.55,-8.76],[68.55,-8.71],[68.63,-8.7],[68.63,-8.68],[68.66,-8.66],[68.66,-8.55],[68.59,-8.51],[68.41,-8.51],[68.34,-8.5],[68.27,-8.46],[68.27,-8.34],[68.23,-8.34],[68.23,-8.31],[68.19,-8.29],[68.09,-8.29],[68.05,-8.26],[68.05,-8.23],[68.01,-8.23],[67.94,-8.19],[67.76,-8.19],[67.65,-8.18],[67.65,-8.11],[67.73,-8.09],[67.73,-8.08],[67.76,-8.08],[67.76,-7.94],[67.8,-7.93],[67.8,-7.89],[67.83,-7.88]]]}},{"type":"Feature","properties":{"precip":20},"geometry":{"type":"Polygon","coordinates":[[[80.79,-7.88],[80.83,-7.84],[80.94,-7.81],[81.01,-7.84],[81.12,-7.89],[81.19,-7.99],[81.26,-8.08],[81.44,-8.09],[81.55,-8.09],[81.62,-8.13],[81.66,-8.13],[81.66,-8.18],[81.69,-8.19],[81.8,-8.19],[81.84,-8.21],[81.84,-8.24],[81.87,-8.26],[81.98,-8.29],[82.12,-8.29],[82.2,-8.31],[82.27,-8.31],[82.3,-8.34],[82.3,-8.36],[82.34,-8.38],[82.52,-8.41],[82.52,-8.43],[82.52,-8.46],[82.63,-8.5],[82.74,-8.5],[82.77,-8.51],[83.06,-8.51],[83.17,-8.53],[83.13,-8.55],[83.13,-8.6],[83.1,-8.6],[83.1,-8.63],[82.99,-8.68],[82.95,-8.75],[82.88,-8.78],[82.77,-8.78],[82.74,-8.8],[82.41,-8.8],[82.3,-8.81],[82.27,-8.83],[82.27,-8.93],[82.2,-8.98],[82.2,-9.0],[82.09,-9.0],[82.02,-9.01],[81.87,-8.98],[81.8,-8.98],[81.66,-8.9],[81.66,-8.85],[81.55,-8.76],[81.55,-8.75],[81.4,-8.68],[81.37,-8.68],[81.37,-8.65],[81.26,-8.6],[81.22,-8.6],[81.19,-8.58],[81.15,-8.58],[81.15,-8.51],[81.12,-8.51],[81.01,-8.51],[80.97,-8.5],[80.97,-8.41],[81.01,-8.4],[81.01,-8.24],[80.97,-8.16],[80.94,-8.13],[80.83,-8.09],[80.79,-8.09],[80.79,-8.08],[80.76,-8.06],[80.76,-7.94],[80.79,-7.88]]]}},{"type":"Feature","properties":{"precip":20},"geometry":{"type":"Polygon","coordinates":[[[13.16,-7.98],[13.16,-7.93],[13.23,-7.91],[13.23,-7.94],[13.26,-7.96],[13.26,-8.08],[13.3,-8.09],[13.41,-8.09],[13.44,-8.13],[13.44,-8.28],[13.48,-8.34],[13.48,-8.38],[13.52,-8.43],[13.59,-8.48],[13.66,-8.51],[13.73,-8.51],[13.73,-8.55],[13.77,-8.55],[13.77,-8.6],[13.84,-8.6],[13.84,-8.46],[13.88,-8.45],[13.88,-8.41],[13.95,-8.38],[13.95,-8.28],[13.98,-8.24],[14.06,-8.13],[14.13,-8.09],[14.16,-8.04],[14.24,-8.01],[14.24,-8.11],[14.27,-8.13],[14.27,-8.19],[14.34,-8.23],[14.34,-8.26],[14.27,-8.31],[14.27,-8.46],[14.24,-8.51],[14.24,-8.85],[14.2,-8.88],[14.2,-8.93],[14.13,-8.96],[14.13,-9.0],[14.06,-8.98],[14.06,-8.93],[13.95,-8.9],[13.88,-8.91],[13.84,-8.95],[13.88,-8.98],[13.88,-9.01],[13.95,-9.01],[13.95,-9.08],[13.88,-9.08],[13.88,-9.06],[13.8,-9.01],[13.8,-9.0],[13.7,-8.91],[13.66,-8.9],[13.55,-8.93],[13.52,-8.98],[13.44,-9.03],[13.37,-9.13],[13.37,-9.18],[13.44,-9.21],[13.44,-9.27],[13.37,-9.3],[13.3,-9.3],[13.26,-9.27],[13.26,-9.13],[13.34,-9.05],[13.41,-9.0],[13.44,-8.95],[13.44,-8.85],[13.48,-8.83],[13.48,-8.8],[13.52,-8.8],[13.52,-8.76],[13.55,-8.76],[13.52,-8.75],[13.52,-8.71],[13.48,-8.68],[13.48,-8.66],[13.41,-8.61],[13.41,-8.6],[13.37,-8.58],[13.37,-8.51],[13.34,-8.51],[13.34,-8.41],[13.3,-8.38],[13.26,-8.38],[13.26,-8.33],[13.34,-8.29],[13.34,-8.23],[13.3,-8.21],[13.3,-8.18],[13.23,-8.14],[13.23,-8.11],[13.16,-8.04],[13.16,-7.98]]]}},{"type":"Feature","properties":{"precip":20},"geometry":{"type":"Polygon","coordinates":[[[12.15,-8.09],[12.15,-8.04],[12.22,-8.01],[12.47,-8.01],[12.51,-8.01],[12.58,-8.01],[12.65,-8.04],[12.72,-8.09],[12.72,-8.19],[12.65,-8.24],[12.65,-8.26],[12.58,-8.31],[12.58,-8.34],[12.54,-8.38],[12.54,-8.5],[12.47,-8.51],[12.47,-8.56],[12.44,-8.58],[12.44,-8.68],[12.36,-8.7],[12.18,-8.7],[12.08,-8.73],[12.0,-8.78],[11.93,-8.75],[11.9,-8.68],[11.82,-8.63],[11.75,-8.51],[11.75,-8.4],[11.79,-8.34],[11.79,-8.31],[11.82,-8.26],[11.9,-8.21],[11.97,-8.19],[12.08,-8.19],[12.15,-8.18],[12.15,-8.09]]]}},{"type":"Feature","properties":{"precip":20},"geometry":{"type":"Polygon","coordinates":[[[25.22,-8.09],[25.25,-8.06],[25.25,-8.03],[25.32,-8.01],[25.36,-8.01],[25.36,-8.04],[25.32,-8.06],[25.32,-8.09],[25.29,-8.09],[25.29,-8.13],[25.25,-8.18],[25.18,-8.18],[25.18,-8.11],[25.22,-8.09]]]}},{"type":"Feature","properties":{"precip":20},"geometry":{"type":"Polygon","coordinates":[[[50.16,-8.04],[50.16,-8.01],[50.23,-8.01],[50.23,-8.03],[50.27,-8.04],[50.23,-8.08],[50.23,-8.09],[50.16,-8.09],[50.16,-8.04]]]}},{"type":"Feature","properties":{"precip":20},"geometry":{"type":"Polygon","coordinates":[[[16.36,-8.19],[16.36,-8.11],[16.43,-8.11],[16.43,-8.16],[16.47,-8.18],[16.47,-8.23],[16.43,-8.24],[16.43,-8.29],[16.36,-8.28],[16.36,-8.19]]]}},{"type":"Feature","properties":{"precip":20},"geometry":{"type":"Polygon","coordinates":[[[71.76,-8.16],[71.76,-8.13],[71.83,-8.09],[71.9,-8.09],[71.94,-8.11],[71.94,-8.18],[71.9,-8.19],[71.83,-8.19],[71.76,-8.18],[71.76,-8.16]]]}},{"type":"Feature","properties":{"precip":20},"geometry":{"type":"Polygon","coordinates":[[[80.11,-8.18],[80.14,-8.14],[80.18,-8.13],[80.18,-8.11],[80.29,-8.09],[80.36,-8.09],[80.4,-8.13],[80.4,-8.18],[80.47,-8.21],[80.47,-8.29],[80.4,-8.33],[80.4,-8.38],[80.36,-8.4],[80.25,-8.4],[80.14,-8.34],[80.11,-8.33],[80.11,-8.29],[80.07,-8.26],[80.11,-8.21],[80.11,-8.18]]]}},{"type":"Feature","properties":{"precip":20},"geometry":{"type":"Polygon","coordinates":[[[48.04,-8.29],[48.07,-8.26],[48.07,-8.23],[48.18,-8.19],[48.43,-8.19],[48.54,-8.21],[48.68,-8.26],[48.76,-8.34],[48.68,-8.41],[48.68,-8.43],[48.65,-8.45],[48.68,-8.48],[48.76,-8.56],[48.76,-8.6],[48.68,-8.71],[48.65,-8.76],[48.54,-8.8],[48.47,-8.81],[48.47,-8.85],[48.43,-8.9],[48.32,-8.9],[48.25,-8.85],[48.22,-8.81],[48.18,-8.8],[48.18,-8.76],[48.14,-8.75],[48.22,-8.68],[48.25,-8.68],[48.25,-8.55],[48.18,-8.51],[48.0,-8.51],[47.93,-8.5],[47.86,-8.46],[47.86,-8.33],[47.89,-8.33],[47.89,-8.29],[47.93,-8.29],[47.93,-8.33],[47.96,-8.34],[47.96,-8.4],[48.04,-8.4],[48.04,-8.29]]]}},{"type":"Feature","properties":{"precip":20},"geometry":{"type":"Polygon","coordinates":[[[62.25,-8.26],[62.25,-8.23],[62.33,-8.19],[62.36,-8.19],[62.43,-8.23],[62.43,-8.28],[62.47,-8.29],[62.47,-8.4],[62.51,-8.4],[62.54,-8.43],[62.54,-8.55],[62.58,-8.56],[62.58,-8.6],[62.61,-8.6],[62.72,-8.6],[62.76,-8.63],[62.76,-8.68],[62.83,-8.7],[62.87,-8.7],[62.94,-8.73],[62.94,-8.9],[62.97,-8.93],[62.97,-8.98],[63.01,-9.0],[63.08,-9.0],[63.15,-9.01],[63.26,-9.01],[63.33,-9.0],[63.44,-9.0],[63.55,-8.96],[63.59,-8.93],[63.59,-8.9],[63.62,-8.91],[63.62,-8.93],[63.66,-8.95],[63.66,-8.98],[63.77,-9.0],[63.8,-9.01],[63.84,-9.0],[63.95,-8.98],[63.95,-8.95],[63.98,-8.93],[64.02,-8.93],[64.05,-8.95],[64.16,-9.06],[64.23,-9.1],[64.23,-9.06],[64.27,-9.05],[64.31,-9.0],[64.34,-8.96],[64.45,-8.93],[64.45,-8.91],[64.52,-8.9],[64.59,-8.91],[64.67,-8.93],[64.67,-8.96],[64.63,-8.98],[64.56,-9.03],[64.59,-9.1],[64.59,-9.11],[64.63,-9.15],[64.77,-9.2],[64.81,-9.2],[64.85,-9.23],[64.85,-9.37],[64.74,-9.47],[64.56,-9.5],[64.49,-9.5],[64.49,-9.53],[64.45,-9.55],[64.45,-9.67],[64.52,-9.7],[64.59,-9.7],[64.67,-9.75],[64.67,-9.78],[64.7,-9.8],[64.81,-9.8],[64.85,-9.83],[64.85,-9.88],[64.92,-9.9],[64.92,-9.87],[64.95,-9.85],[64.95,-9.65],[64.99,-9.63],[64.99,-9.6],[65.06,-9.6],[65.13,-9.58],[65.13,-9.57],[65.17,-9.55],[65.17,-9.52],[65.24,-9.5],[65.31,-9.5],[65.35,-9.47],[65.35,-9.21],[65.39,-9.18],[65.39,-9.11],[65.42,-9.1],[65.42,-9.06],[65.46,-9.03],[65.53,-9.01],[65.57,-9.05],[65.64,-9.13],[65.64,-9.33],[65.67,-9.35],[65.67,-9.4],[65.71,-9.4],[65.78,-9.33],[65.85,-9.25],[65.93,-9.2],[66.0,-9.2],[66.03,-9.18],[66.03,-9.16],[66.07,-9.15],[66.03,-9.13],[66.03,-9.1],[65.96,-9.08],[65.96,-8.83],[66.03,-8.8],[66.11,-8.81],[66.14,-8.85],[66.14,-9.05],[66.21,-9.18],[66.25,-9.23],[66.25,-9.27],[66.29,-9.3],[66.32,-9.3],[66.36,-9.25],[66.36,-9.2],[66.39,-9.2],[66.43,-9.23],[66.43,-9.25],[66.47,-9.28],[66.47,-9.37],[66.43,-9.4],[66.43,-9.47],[66.39,-9.48],[66.39,-9.5],[66.32,-9.57],[66.32,-9.58],[66.29,-9.6],[66.29,-9.65],[66.25,-9.67],[66.25,-9.75],[66.21,-9.78],[66.14,-9.8],[66.07,-9.83],[66.03,-9.85],[66.03,-9.88],[66.0,-9.9],[66.0,-9.92],[65.96,-9.95],[65.89,-9.98],[65.89,-10.0],[65.82,-10.0],[65.75,-10.03],[65.75,-10.07],[65.67,-10.08],[65.6,-10.08],[65.57,-10.1],[65.46,-10.1],[65.35,-10.15],[65.31,-10.17],[65.31,-10.2],[65.28,-10.22],[65.28,-10.27],[65.31,-10.3],[65.35,-10.35],[65.39,-10.37],[65.39,-10.4],[65.42,-10.42],[65.42,-10.5],[65.39,-10.5],[65.39,-10.47],[65.35,-10.47],[65.35,-10.42],[65.31,-10.4],[65.24,-10.44],[65.24,-10.52],[65.17,-10.64],[65.13,-10.67],[65.06,-10.74],[64.99,-10.75],[64.95,-10.79],[64.85,-10.8],[64.74,-10.84],[64.74,-10.87],[64.7,-10.89],[64.67,-10.87],[64.67,-10.84],[64.59,-10.8],[64.52,-10.8],[64.49,-10.77],[64.45,-10.77],[64.45,-10.74],[64.41,-10.72],[64.31,-10.7],[64.09,-10.7],[64.05,-10.69],[63.95,-10.69],[63.84,-10.65],[63.84,-10.6],[63.8,-10.59],[63.77,-10.62],[63.77,-10.77],[63.84,-10.8],[63.91,-10.8],[63.95,-10.82],[63.95,-10.89],[63.87,-10.92],[63.87,-10.96],[63.84,-10.99],[63.84,-11.07],[63.8,-11.09],[63.59,-11.09],[63.48,-11.07],[63.48,-11.06],[63.41,-10.99],[63.37,-10.92],[63.37,-10.52],[63.41,-10.5],[63.44,-10.5],[63.44,-10.42],[63.41,-10.4],[63.33,-10.4],[63.26,-10.37],[63.23,-10.34],[63.23,-10.3],[63.19,-10.3],[63.19,-10.34],[63.12,-10.35],[63.05,-10.39],[62.94,-10.4],[62.69,-10.4],[62.47,-10.37],[62.47,-10.3],[62.54,-10.29],[62.54,-10.17],[62.58,-10.15],[62.58,-10.12],[62.61,-10.1],[62.69,-10.1],[62.83,-10.07],[62.94,-9.95],[62.94,-9.75],[62.9,-9.7],[62.79,-9.62],[62.72,-9.6],[62.65,-9.6],[62.58,-9.58],[62.58,-9.53],[62.54,-9.5],[62.54,-9.13],[62.51,-9.1],[62.36,-9.1],[62.29,-9.1],[62.25,-9.08],[62.25,-9.03],[62.15,-9.01],[62.04,-9.01],[61.93,-9.0],[61.79,-8.96],[61.71,-8.91],[61.64,-8.83],[61.64,-8.73],[61.61,-8.7],[61.5,-8.7],[61.46,-8.68],[61.46,-8.63],[61.5,-8.61],[61.5,-8.58],[61.57,-8.55],[61.61,-8.51],[61.61,-8.5],[61.64,-8.48],[61.64,-8.36],[61.68,-8.33],[61.71,-8.31],[61.79,-8.31],[61.86,-8.29],[62.11,-8.29],[62.18,-8.28],[62.25,-8.26]],[[61.75,-8.65],[61.75,-8.61],[61.68,-8.6],[61.64,-8.63],[61.64,-8.68],[61.68,-8.68],[61.68,-8.7],[61.75,-8.68],[61.75,-8.65]],[[64.45,-9.05],[64.45,-9.01],[64.38,-9.01],[64.34,-9.03],[64.34,-9.08],[64.38,-9.08],[64.38,-9.1],[64.45,-9.1],[64.45,-9.05]],[[65.24,-10.34],[65.24,-10.32],[65.17,-10.3],[65.17,-10.4],[65.24,-10.39],[65.24,-10.34]]]}},{"type":"Feature","properties":{"precip":20},"geometry":{"type":"Polygon","coordinates":[[[72.15,-8.26],[72.15,-8.23],[72.22,-8.19],[72.3,-8.19],[72.37,-8.24],[72.3,-8.29],[72.19,-8.29],[72.15,-8.26]]]}},{"type":"Feature","properties":{"precip":20},"geometry":{"type":"Polygon","coordinates":[[[17.04,-8.34],[17.08,-8.31],[17.12,-8.29],[17.19,-8.29],[17.26,-8.34],[17.26,-8.36],[17.22,-8.4],[17.08,-8.4],[17.04,-8.34]]]}},{"type":"Feature","properties":{"precip":20},"geometry":{"type":"Polygon","coordinates":[[[83.64,-8.34],[83.64,-8.33],[83.71,-8.31],[83.78,-8.31],[83.78,-8.29],[83.85,-8.29],[83.96,-8.33],[84.0,-8.33],[84.03,-8.36],[84.14,-8.43],[84.21,-8.5],[84.21,-8.51],[84.25,-8.55],[84.21,-8.56],[84.21,-8.61],[84.14,-8.66],[84.14,-8.68],[84.03,-8.68],[84.03,-8.65],[84.0,-8.6],[83.92,-8.6],[83.85,-8.58],[83.82,-8.58],[83.82,-8.53],[83.78,-8.51],[83.6,-8.51],[83.53,-8.5],[83.42,-8.46],[83.42,-8.43],[83.49,-8.41],[83.6,-8.38],[83.64,-8.34]]]}},{"type":"Feature","properties":{"precip":20},"geometry":{"type":"Polygon","coordinates":[[[24.35,-8.45],[24.35,-8.43],[24.39,-8.4],[24.46,-8.43],[24.46,-8.48],[24.39,-8.51],[24.35,-8.5],[24.35,-8.45]]]}},{"type":"Feature","properties":{"precip":20},"geometry":{"type":"Polygon","coordinates":[[[49.44,-8.51],[49.44,-8.48],[49.51,-8.41],[49.62,-8.41],[49.69,-8.4],[49.8,-8.4],[49.84,-8.41],[49.91,-8.41],[49.94,-8.43],[49.94,-8.68],[49.91,-8.7],[49.84,-8.7],[49.76,-8.71],[49.76,-8.75],[49.73,-8.76],[49.73,-8.8],[49.69,-8.8],[49.69,-8.76],[49.62,-8.71],[49.55,-8.71],[49.51,-8.7],[49.44,-8.7],[49.37,-8.73],[49.37,-8.76],[49.33,-8.76],[49.33,-8.8],[49.26,-8.76],[49.26,-8.53],[49.3,-8.51],[49.33,-8.51],[49.33,-8.53],[49.37,-8.55],[49.37,-8.6],[49.44,-8.6],[49.44,-8.51]]]}},{"type":"Feature","properties":{"precip":20},"geometry":{"type":"Polygon","coordinates":[[[68.05,-8.45],[68.05,-8.43],[68.12,-8.4],[68.12,-8.43],[68.16,-8.43],[68.16,-8.48],[68.12,-8.51],[68.05,-8.48],[68.05,-8.45]]]}},{"type":"Feature","properties":{"precip":20},"geometry":{"type":"Polygon","coordinates":[[[85.04,-8.45],[85.07,-8.43],[85.07,-8.41],[85.11,-8.41],[85.11,-8.5],[85.07,-8.5],[85.07,-8.46],[85.04,-8.45]]]}},{"type":"Feature","properties":{"precip":20},"geometry":{"type":"Polygon","coordinates":[[[11.14,-8.55],[11.18,-8.51],[11.25,-8.51],[11.25,-8.6],[11.18,-8.6],[11.18,-8.58],[11.14,-8.58],[11.14,-8.55]]]}},{"type":"Feature","properties":{"precip":20},"geometry":{"type":"Polygon","coordinates":[[[27.73,-8.55],[27.77,-8.55],[27.77,-8.51],[27.84,-8.51],[27.84,-8.6],[27.77,-8.6],[27.77,-8.56],[27.73,-8.55]]]}},{"type":"Feature","properties":{"precip":20},"geometry":{"type":"Polygon","coordinates":[[[50.27,-8.55],[50.27,-8.51],[50.34,-8.51],[50.34,-8.6],[50.27,-8.6],[50.27,-8.55]]]}},{"type":"Feature","properties":{"precip":20},"geometry":{"type":"Polygon","coordinates":[[[16.94,-8.76],[17.01,-8.7],[17.04,-8.66],[17.12,-8.6],[17.15,-8.6],[17.15,-8.66],[17.22,-8.68],[17.3,-8.68],[17.33,-8.7],[17.58,-8.7],[17.66,-8.71],[17.73,-8.75],[17.76,-8.75],[17.76,-8.78],[17.84,-8.78],[17.84,-8.76],[17.87,-8.75],[17.87,-8.71],[17.91,-8.71],[18.02,-8.8],[18.02,-8.85],[18.05,-8.85],[18.05,-8.93],[18.09,-8.95],[18.09,-9.0],[18.16,-9.05],[18.16,-9.08],[18.3,-9.16],[18.38,-9.18],[18.45,-9.2],[18.52,-9.2],[18.63,-9.18],[18.66,-9.11],[18.74,-9.13],[18.81,-9.18],[18.84,-9.23],[18.84,-9.35],[18.81,-9.4],[18.74,-9.4],[18.66,-9.37],[18.63,-9.33],[18.63,-9.32],[18.59,-9.3],[18.59,-9.33],[18.56,-9.33],[18.56,-9.37],[18.48,-9.4],[18.41,-9.4],[18.38,-9.37],[18.34,-9.37],[18.34,-9.33],[18.3,-9.32],[18.27,-9.33],[18.27,-9.35],[18.16,-9.4],[18.05,-9.4],[17.98,-9.42],[17.94,-9.48],[17.94,-10.0],[17.98,-10.03],[17.98,-10.08],[18.05,-10.1],[18.16,-10.07],[18.16,-10.0],[18.23,-10.0],[18.23,-10.08],[18.27,-10.12],[18.27,-10.27],[18.45,-10.34],[18.48,-10.39],[18.56,-10.5],[18.56,-10.54],[18.48,-10.6],[18.48,-10.69],[18.56,-10.75],[18.7,-10.89],[18.77,-10.94],[18.84,-10.99],[19.02,-11.02],[19.1,-11.09],[19.13,-11.14],[19.13,-11.26],[19.17,-11.32],[19.17,-11.37],[19.13,-11.42],[19.13,-11.49],[19.1,-11.51],[19.02,-11.51],[18.95,-11.52],[18.95,-11.56],[18.88,-11.59],[18.84,-11.56],[18.84,-11.52],[18.7,-11.42],[18.66,-11.42],[18.66,-11.46],[18.59,-11.51],[18.52,-11.51],[18.45,-11.52],[18.45,-11.59],[18.52,-11.59],[18.52,-11.62],[18.56,-11.64],[18.56,-11.76],[18.52,-11.76],[18.52,-11.79],[18.48,-11.81],[18.48,-11.76],[18.45,-11.76],[18.45,-11.62],[18.41,-11.59],[18.38,-11.59],[18.38,-11.67],[18.34,-11.69],[18.34,-11.88],[18.3,-11.91],[18.23,-11.84],[18.2,-11.83],[18.12,-11.86],[18.12,-11.89],[18.09,-11.93],[18.02,-11.96],[17.94,-12.01],[17.87,-12.01],[17.87,-11.98],[17.84,-11.93],[17.76,-11.91],[17.62,-11.91],[17.58,-11.89],[17.51,-11.89],[17.44,-11.86],[17.44,-11.83],[17.37,-11.81],[17.3,-11.77],[17.3,-11.76],[17.22,-11.74],[17.19,-11.67],[17.15,-11.67],[17.15,-11.64],[17.12,-11.61],[16.97,-11.59],[16.94,-11.54],[16.97,-11.52],[16.97,-11.51],[17.04,-11.49],[17.04,-11.42],[17.01,-11.41],[16.9,-11.41],[16.86,-11.39],[16.86,-11.34],[16.79,-11.31],[16.65,-11.31],[16.58,-11.27],[16.54,-11.24],[16.54,-11.17],[16.58,-11.11],[16.58,-11.06],[16.65,-10.96],[16.65,-10.92],[16.72,-10.92],[16.76,-10.94],[16.76,-11.01],[16.83,-11.01],[16.83,-10.94],[16.86,-10.9],[16.86,-10.77],[16.83,-10.75],[16.83,-10.72],[16.79,-10.7],[16.68,-10.7],[16.61,-10.67],[16.54,-10.67],[16.54,-10.62],[16.5,-10.6],[16.47,-10.62],[16.47,-10.65],[16.4,-10.69],[16.36,-10.67],[16.36,-10.64],[16.32,-10.6],[16.25,-10.59],[16.18,-10.57],[16.07,-10.49],[16.07,-10.45],[16.04,-10.42],[16.07,-10.4],[16.18,-10.4],[16.22,-10.39],[16.29,-10.34],[16.32,-10.29],[16.32,-10.25],[16.36,-10.22],[16.36,-10.14],[16.4,-10.1],[16.5,-10.1],[16.58,-10.08],[16.65,-10.07],[16.65,-10.03],[16.72,-10.0],[16.79,-10.0],[16.86,-10.0],[17.08,-10.0],[17.15,-9.95],[17.15,-9.83],[17.08,-9.8],[17.01,-9.8],[16.97,-9.77],[16.97,-9.75],[16.94,-9.72],[16.94,-9.62],[16.83,-9.58],[16.76,-9.57],[16.76,-9.47],[16.72,-9.45],[16.72,-9.42],[16.68,-9.37],[16.65,-9.35],[16.58,-9.23],[16.58,-9.01],[16.65,-8.95],[16.68,-8.91],[16.76,-8.9],[16.83,-8.86],[16.86,-8.83],[16.94,-8.78],[16.94,-8.76]],[[17.94,-9.35],[17.94,-9.32],[17.87,-9.3],[17.87,-9.33],[17.84,-9.33],[17.87,-9.37],[17.87,-9.4],[17.94,-9.4],[17.94,-9.35]],[[17.84,-9.45],[17.84,-9.42],[17.76,-9.42],[17.76,-9.5],[17.84,-9.5],[17.84,-9.45]],[[17.84,-9.65],[17.84,-9.6],[17.76,-9.6],[17.76,-9.68],[17.84,-9.7],[17.84,-9.65]],[[17.76,-9.85],[17.76,-9.83],[17.73,-9.83],[17.73,-9.8],[17.66,-9.82],[17.66,-9.9],[17.73,-9.9],[17.76,-9.85]],[[17.84,-9.95],[17.84,-9.9],[17.76,-9.92],[17.76,-10.0],[17.84,-10.0],[17.84,-9.95]],[[16.86,-11.16],[16.83,-11.12],[16.83,-11.09],[16.76,-11.11],[16.76,-11.19],[16.83,-11.19],[16.86,-11.16]]]}},{"type":"Feature","properties":{"precip":20},"geometry":{"type":"Polygon","coordinates":[[[47.75,-8.65],[47.78,-8.6],[47.89,-8.6],[47.96,-8.65],[47.89,-8.7],[47.82,-8.7],[47.78,-8.68],[47.75,-8.68],[47.75,-8.65]]]}},{"type":"Feature","properties":{"precip":20},"geometry":{"type":"Polygon","coordinates":[[[55.34,-8.65],[55.38,-8.6],[55.45,-8.61],[55.45,-8.68],[55.38,-8.7],[55.38,-8.68],[55.34,-8.68],[55.34,-8.65]]]}},{"type":"Feature","properties":{"precip":20},"geometry":{"type":"Polygon","coordinates":[[[64.85,-8.63],[64.88,-8.6],[65.06,-8.6],[65.13,-8.61],[65.13,-8.68],[65.17,-8.7],[65.13,-8.75],[65.13,-8.76],[65.06,-8.8],[64.99,-8.78],[64.88,-8.7],[64.88,-8.66],[64.85,-8.63]]]}},{"type":"Feature","properties":{"precip":20},"geometry":{"type":"Polygon","coordinates":[[[29.14,-8.76],[29.14,-8.73],[29.17,-8.7],[29.25,-8.75],[29.28,-8.78],[29.32,-8.8],[29.32,-8.85],[29.35,-8.86],[29.28,-8.9],[29.25,-8.86],[29.25,-8.83],[29.21,-8.8],[29.17,-8.81],[29.17,-8.85],[29.1,-8.9],[28.99,-8.9],[28.96,-8.86],[28.96,-8.83],[29.03,-8.8],[29.1,-8.8],[29.14,-8.78],[29.14,-8.76]]]}},{"type":"Feature","properties":{"precip":20},"geometry":{"type":"Polygon","coordinates":[[[73.41,-8.9],[73.45,-8.86],[73.45,-8.83],[73.52,-8.8],[73.56,-8.83],[73.56,-8.93],[73.52,-8.98],[73.52,-9.01],[73.45,-9.03],[73.45,-9.06],[73.52,-9.1],[73.52,-9.18],[73.56,-9.2],[73.56,-9.52],[73.59,-9.57],[73.59,-9.6],[73.63,-9.6],[73.63,-9.58],[73.66,-9.57],[73.66,-9.5],[73.74,-9.5],[73.74,-9.6],[73.77,-9.62],[73.77,-9.67],[73.84,-9.7],[73.88,-9.7],[73.95,-9.67],[73.95,-9.63],[74.02,-9.6],[74.2,-9.6],[74.28,-9.58],[74.35,-9.57],[74.35,-9.55],[74.42,-9.5],[74.42,-9.47],[74.49,-9.42],[74.53,-9.4],[74.6,-9.4],[74.6,-9.38],[74.71,-9.3],[74.74,-9.25],[74.82,-9.21],[74.82,-9.2],[74.89,-9.2],[74.96,-9.18],[74.96,-9.13],[75.0,-9.1],[75.03,-9.1],[75.03,-9.15],[75.07,-9.18],[75.14,-9.2],[75.25,-9.2],[75.36,-9.23],[75.36,-9.25],[75.43,-9.28],[75.5,-9.28],[75.57,-9.3],[76.15,-9.3],[76.22,-9.28],[76.26,-9.28],[76.33,-9.25],[76.36,-9.25],[76.36,-9.21],[76.4,-9.2],[76.47,-9.2],[76.54,-9.21],[76.54,-9.25],[76.58,-9.28],[76.65,-9.28],[76.69,-9.3],[76.87,-9.3],[76.9,-9.33],[76.9,-9.48],[76.8,-9.52],[76.8,-9.53],[76.69,-9.57],[76.69,-9.6],[76.69,-9.63],[76.62,-9.67],[76.58,-9.67],[76.47,-9.7],[76.15,-9.7],[76.11,-9.68],[76.04,-9.68],[75.97,-9.67],[75.97,-9.63],[75.9,-9.6],[75.82,-9.58],[75.75,-9.57],[75.75,-9.43],[75.72,-9.42],[75.61,-9.4],[75.46,-9.43],[75.39,-9.5],[75.36,-9.57],[75.36,-9.75],[75.32,-9.77],[75.32,-9.8],[75.28,-9.8],[75.28,-9.83],[75.25,-9.83],[75.25,-9.93],[75.28,-9.98],[75.36,-10.0],[75.43,-10.02],[75.43,-10.05],[75.46,-10.08],[75.46,-10.1],[75.43,-10.15],[75.43,-10.19],[75.39,-10.24],[75.25,-10.29],[75.18,-10.3],[75.07,-10.3],[74.92,-10.27],[74.85,-10.25],[74.82,-10.2],[74.74,-10.15],[74.64,-10.1],[74.28,-10.1],[74.17,-10.14],[74.13,-10.17],[74.06,-10.2],[73.95,-10.17],[73.95,-10.14],[73.92,-10.1],[73.88,-10.1],[73.88,-10.14],[73.84,-10.15],[73.84,-10.17],[73.81,-10.19],[73.74,-10.14],[73.7,-10.12],[73.7,-10.08],[73.66,-10.07],[73.66,-9.95],[73.63,-9.93],[73.63,-9.9],[73.59,-9.87],[73.56,-9.87],[73.56,-9.83],[73.63,-9.8],[73.63,-9.7],[73.59,-9.67],[73.48,-9.62],[73.41,-9.62],[73.34,-9.6],[72.58,-9.6],[72.51,-9.62],[72.44,-9.62],[72.37,-9.63],[72.37,-9.7],[72.44,-9.7],[72.44,-9.83],[72.48,-9.83],[72.48,-9.88],[72.51,-9.9],[72.58,-9.9],[72.66,-9.92],[72.66,-9.98],[72.69,-10.0],[72.76,-10.0],[72.84,-10.02],[72.84,-10.29],[72.8,-10.29],[72.66,-10.32],[72.66,-10.37],[72.62,-10.37],[72.55,-10.4],[72.44,-10.4],[72.37,-10.42],[72.37,-10.45],[72.3,-10.5],[72.22,-10.5],[72.15,-10.52],[72.15,-10.59],[72.12,-10.59],[71.97,-10.62],[71.97,-10.65],[71.94,-10.67],[71.86,-10.75],[71.76,-10.79],[71.68,-10.8],[71.58,-10.8],[71.5,-10.82],[71.43,-10.84],[71.43,-10.89],[71.32,-10.84],[71.29,-10.77],[71.11,-10.7],[71.04,-10.69],[70.96,-10.72],[70.96,-10.77],[70.93,-10.77],[70.78,-10.84],[70.71,-10.89],[70.64,-10.96],[70.57,-11.04],[70.5,-11.09],[70.42,-11.16],[70.35,-11.19],[70.28,-11.19],[70.21,-11.21],[70.14,-11.26],[70.14,-11.27],[70.03,-11.31],[69.92,-11.31],[69.85,-11.34],[69.85,-11.46],[69.88,-11.47],[69.88,-11.51],[69.92,-11.51],[69.92,-11.52],[69.96,-11.54],[69.96,-11.66],[69.88,-11.69],[69.71,-11.69],[69.67,-11.67],[69.67,-11.64],[69.6,-11.59],[69.49,-11.59],[69.45,-11.59],[69.45,-11.51],[69.56,-11.47],[69.56,-11.44],[69.49,-11.42],[69.42,-11.41],[69.02,-11.41],[68.91,-11.42],[68.84,-11.44],[68.84,-11.47],[68.81,-11.47],[68.73,-11.51],[68.59,-11.51],[68.52,-11.49],[68.45,-11.46],[68.45,-11.42],[68.41,-11.41],[68.3,-11.41],[68.27,-11.39],[68.27,-11.34],[68.23,-11.31],[68.16,-11.31],[68.16,-11.29],[68.05,-11.26],[68.01,-11.24],[68.01,-11.19],[67.98,-11.17],[67.98,-11.14],[67.94,-11.09],[67.94,-11.04],[67.91,-11.01],[67.83,-10.94],[67.83,-10.92],[67.8,-10.9],[67.69,-10.89],[67.62,-10.82],[67.55,-10.75],[67.47,-10.62],[67.47,-10.55],[67.44,-10.49],[67.44,-10.44],[67.47,-10.42],[67.47,-10.32],[67.55,-10.27],[67.55,-10.08],[67.58,-10.05],[67.58,-10.0],[67.69,-9.98],[67.69,-9.97],[67.76,-9.93],[67.87,-9.85],[67.91,-9.8],[67.98,-9.75],[68.05,-9.72],[68.16,-9.7],[68.55,-9.7],[68.77,-9.67],[68.84,-9.65],[68.91,-9.6],[68.91,-9.57],[68.95,-9.5],[68.95,-9.35],[68.99,-9.33],[69.06,-9.3],[69.24,-9.3],[69.35,-9.33],[69.35,-9.38],[69.38,-9.4],[69.45,-9.37],[69.45,-9.23],[69.49,-9.2],[69.56,-9.21],[69.56,-9.28],[69.63,-9.3],[69.63,-9.25],[69.67,-9.21],[69.67,-9.1],[69.74,-9.11],[69.74,-9.3],[69.78,-9.35],[69.85,-9.43],[69.88,-9.47],[70.03,-9.5],[70.14,-9.5],[70.17,-9.5],[70.24,-9.5],[70.35,-9.53],[70.35,-9.57],[70.42,-9.58],[70.42,-9.57],[70.46,-9.55],[70.46,-9.52],[70.53,-9.5],[70.57,-9.55],[70.57,-9.58],[70.6,-9.58],[70.64,-9.58],[70.64,-9.53],[70.71,-9.5],[70.78,-9.5],[70.82,-9.5],[70.89,-9.5],[70.93,-9.47],[70.96,-9.47],[70.96,-9.43],[71.07,-9.42],[71.18,-9.42],[71.25,-9.4],[71.58,-9.4],[71.68,-9.38],[71.76,-9.35],[71.76,-9.33],[71.83,-9.3],[71.9,-9.3],[71.94,-9.32],[71.94,-9.35],[71.97,-9.37],[71.97,-9.4],[72.04,-9.38],[72.04,-9.25],[72.08,-9.21],[72.12,-9.2],[72.26,-9.2],[72.33,-9.18],[72.33,-9.15],[72.37,-9.13],[72.37,-9.01],[72.44,-9.01],[72.44,-9.05],[72.51,-9.1],[72.62,-9.1],[72.66,-9.1],[72.76,-9.1],[72.8,-9.1],[72.87,-9.1],[72.94,-9.08],[72.94,-9.03],[73.05,-9.01],[73.16,-9.01],[73.2,-9.0],[73.27,-9.0],[73.38,-8.95],[73.38,-8.93],[73.41,-8.9]],[[68.45,-9.9],[68.45,-9.82],[68.41,-9.8],[68.37,-9.82],[68.37,-9.85],[68.34,-9.88],[68.34,-9.92],[68.37,-9.93],[68.37,-10.0],[68.45,-9.98],[68.45,-9.9]],[[68.55,-10.25],[68.55,-10.22],[68.52,-10.2],[68.45,-10.22],[68.45,-10.27],[68.48,-10.29],[68.55,-10.29],[68.55,-10.25]],[[71.36,-10.65],[71.36,-10.62],[71.32,-10.59],[71.25,-10.6],[71.25,-10.69],[71.29,-10.7],[71.36,-10.67],[71.36,-10.65]],[[67.76,-10.75],[67.76,-10.72],[67.73,-10.7],[67.65,-10.72],[67.65,-10.79],[67.73,-10.79],[67.76,-10.77],[67.76,-10.75]],[[69.74,-11.44],[69.74,-11.41],[69.67,-11.41],[69.67,-11.51],[69.74,-11.49],[69.74,-11.44]]]}},{"type":"Feature","properties":{"precip":20},"geometry":{"type":"Polygon","coordinates":[[[81.15,-8.85],[81.15,-8.81],[81.22,-8.8],[81.22,-8.83],[81.22,-8.88],[81.22,-8.9],[81.15,-8.88],[81.15,-8.85]]]}},{"type":"Feature","properties":{"precip":20},"geometry":{"type":"Polygon","coordinates":[[[23.85,-8.98],[23.85,-8.93],[23.92,-8.91],[23.99,-8.9],[24.1,-8.9],[24.17,-8.91],[24.24,-8.93],[24.24,-9.08],[24.17,-9.1],[24.1,-9.1],[24.03,-9.16],[24.03,-9.18],[23.99,-9.18],[23.92,-9.15],[23.92,-9.1],[23.85,-9.01],[23.85,-8.98]]]}},{"type":"Feature","properties":{"precip":20},"geometry":{"type":"Polygon","coordinates":[[[49.66,-9.05],[49.66,-8.95],[49.69,-8.93],[49.69,-8.9],[49.73,-8.91],[49.73,-8.95],[49.76,-8.96],[49.76,-9.1],[49.84,-9.1],[49.84,-9.18],[49.8,-9.2],[49.73,-9.2],[49.66,-9.15],[49.66,-9.05]]]}},{"type":"Feature","properties":{"precip":20},"geometry":{"type":"Polygon","coordinates":[[[60.2,-8.98],[60.24,-8.93],[60.31,-8.91],[60.35,-8.91],[60.49,-8.96],[60.53,-9.01],[60.53,-9.03],[60.63,-9.1],[60.63,-9.06],[60.67,-9.01],[60.71,-9.0],[60.74,-9.01],[60.74,-9.27],[60.71,-9.3],[60.67,-9.3],[60.67,-9.27],[60.63,-9.25],[60.63,-9.21],[60.6,-9.21],[60.56,-9.25],[60.56,-9.27],[60.45,-9.3],[60.35,-9.3],[60.31,-9.28],[60.2,-9.2],[60.17,-9.16],[60.17,-9.05],[60.2,-9.01],[60.2,-8.98]]]}},{"type":"Feature","properties":{"precip":20},"geometry":{"type":"Polygon","coordinates":[[[65.24,-8.95],[65.28,-8.93],[65.28,-8.9],[65.35,-8.91],[65.35,-8.98],[65.31,-9.01],[65.24,-8.95]]]}},{"type":"Feature","properties":{"precip":20},"geometry":{"type":"Polygon","coordinates":[[[74.42,-8.98],[74.49,-8.93],[74.53,-8.91],[74.6,-8.91],[74.64,-8.93],[74.64,-9.08],[74.56,-9.13],[74.56,-9.16],[74.49,-9.18],[74.46,-9.18],[74.46,-9.15],[74.42,-9.13],[74.42,-9.1],[74.38,-9.1],[74.38,-9.0],[74.42,-8.98]]]}},{"type":"Feature","properties":{"precip":20},"geometry":{"type":"Polygon","coordinates":[[[79.64,-8.95],[79.71,-8.91],[79.75,-8.9],[79.86,-8.91],[79.93,-8.91],[79.93,-8.93],[79.93,-8.98],[80.07,-9.0],[80.11,-9.01],[80.14,-9.01],[80.25,-9.03],[80.25,-9.08],[80.14,-9.1],[80.11,-9.1],[80.07,-9.13],[80.07,-9.2],[80.04,-9.23],[80.04,-9.28],[79.93,-9.3],[79.86,-9.3],[79.75,-9.32],[79.71,-9.35],[79.68,-9.38],[79.53,-9.4],[79.1,-9.4],[79.03,-9.38],[78.96,-9.35],[78.96,-9.33],[78.88,-9.33],[78.85,-9.3],[78.63,-9.3],[78.56,-9.25],[78.56,-9.03],[78.63,-9.01],[78.96,-9.01],[79.06,-9.03],[79.06,-9.08],[79.06,-9.1],[79.17,-9.1],[79.21,-9.1],[79.28,-9.1],[79.39,-9.1],[79.46,-9.06],[79.46,-9.01],[79.5,-9.01],[79.53,-9.01],[79.53,-9.0],[79.64,-8.98],[79.64,-8.95]]]}},{"type":"Feature","properties":{"precip":20},"geometry":{"type":"Polygon","coordinates":[[[61.35,-9.05],[61.35,-9.01],[61.43,-9.01],[61.43,-9.03],[61.46,-9.05],[61.53,-9.11],[61.53,-9.18],[61.5,-9.18],[61.5,-9.21],[61.46,-9.23],[61.46,-9.33],[61.43,-9.35],[61.43,-9.4],[61.39,-9.42],[61.39,-9.5],[61.46,-9.55],[61.53,-9.65],[61.61,-9.7],[61.61,-9.75],[61.64,-9.8],[61.64,-9.9],[61.57,-9.9],[61.57,-9.85],[61.5,-9.82],[61.43,-9.82],[61.39,-9.8],[61.21,-9.8],[61.07,-9.83],[61.07,-9.9],[61.14,-9.92],[61.14,-10.07],[61.03,-10.17],[60.96,-10.19],[60.89,-10.2],[60.78,-10.19],[60.74,-10.15],[60.74,-10.12],[60.56,-10.08],[60.56,-10.02],[60.63,-9.95],[60.63,-9.92],[60.6,-9.92],[60.6,-9.9],[60.56,-9.88],[60.56,-9.83],[60.6,-9.8],[60.67,-9.8],[60.74,-9.75],[60.74,-9.53],[60.78,-9.5],[60.78,-9.42],[60.85,-9.37],[60.85,-9.33],[60.92,-9.28],[60.92,-9.21],[60.85,-9.18],[60.85,-9.15],[60.92,-9.1],[61.03,-9.1],[61.17,-9.16],[61.17,-9.18],[61.21,-9.2],[61.28,-9.28],[61.35,-9.27],[61.39,-9.21],[61.43,-9.2],[61.43,-9.11],[61.39,-9.1],[61.35,-9.1],[61.35,-9.05]],[[60.96,-10.05],[60.96,-10.02],[60.92,-10.0],[60.89,-10.0],[60.85,-10.02],[60.85,-10.08],[60.89,-10.08],[60.89,-10.1],[60.92,-10.08],[60.96,-10.08],[60.96,-10.05]]]}},{"type":"Feature","properties":{"precip":20},"geometry":{"type":"Polygon","coordinates":[[[85.65,-9.05],[85.65,-9.01],[85.69,-9.01],[85.76,-9.01],[85.76,-9.08],[85.72,-9.1],[85.65,-9.08],[85.65,-9.05]]]}},{"type":"Feature","properties":{"precip":20},"geometry":{"type":"Polygon","coordinates":[[[50.02,-9.18],[50.09,-9.11],[50.12,-9.1],[50.2,-9.1],[50.23,-9.11],[50.23,-9.15],[50.3,-9.2],[50.34,-9.25],[50.34,-9.4],[50.27,-9.4],[50.27,-9.33],[50.16,-9.3],[50.02,-9.3],[49.94,-9.25],[49.98,-9.25],[49.98,-9.21],[50.02,-9.18]]]}},{"type":"Feature","properties":{"precip":20},"geometry":{"type":"Polygon","coordinates":[[[14.24,-9.23],[14.27,-9.2],[14.34,-9.21],[14.34,-9.27],[14.42,-9.3],[14.49,-9.3],[14.56,-9.33],[14.56,-9.37],[14.52,-9.4],[14.42,-9.4],[14.38,-9.38],[14.31,-9.33],[14.31,-9.3],[14.27,-9.28],[14.27,-9.25],[14.24,-9.23]]]}},{"type":"Feature","properties":{"precip":20},"geometry":{"type":"Polygon","coordinates":[[[14.74,-9.33],[14.78,-9.3],[14.85,-9.3],[14.96,-9.33],[14.99,-9.37],[14.99,-9.4],[15.03,-9.43],[15.03,-9.48],[15.06,-9.5],[15.06,-9.58],[14.99,-9.58],[14.92,-9.52],[14.88,-9.5],[14.88,-9.48],[14.81,-9.42],[14.78,-9.38],[14.78,-9.35],[14.74,-9.33]]]}},{"type":"Feature","properties":{"precip":20},"geometry":{"type":"Polygon","coordinates":[[[22.16,-9.35],[22.16,-9.33],[22.23,-9.3],[22.37,-9.3],[22.44,-9.33],[22.44,-9.38],[22.37,-9.4],[22.23,-9.4],[22.16,-9.37],[22.16,-9.35]]]}},{"type":"Feature","properties":{"precip":20},"geometry":{"type":"Polygon","coordinates":[[[49.37,-9.4],[49.37,-9.32],[49.44,-9.32],[49.44,-9.48],[49.37,-9.5],[49.37,-9.4]]]}},{"type":"Feature","properties":{"precip":20},"geometry":{"type":"Polygon","coordinates":[[[12.54,-9.45],[12.54,-9.43],[12.62,-9.42],[12.69,-9.42],[12.72,-9.4],[12.8,-9.4],[12.83,-9.42],[12.9,-9.42],[12.94,-9.42],[12.94,-9.47],[12.87,-9.5],[12.65,-9.5],[12.54,-9.45]]]}},{"type":"Feature","properties":{"precip":20},"geometry":{"type":"Polygon","coordinates":[[[85.94,-9.45],[85.97,-9.42],[86.01,-9.4],[86.15,-9.42],[86.23,-9.45],[86.3,-9.48],[86.3,-9.5],[86.33,-9.52],[86.33,-9.58],[86.23,-9.63],[86.23,-9.67],[86.3,-9.68],[86.33,-9.73],[86.33,-9.83],[86.37,-9.87],[86.37,-9.97],[86.33,-10.02],[86.33,-10.08],[86.19,-10.1],[86.15,-10.1],[86.08,-10.08],[85.97,-10.08],[85.97,-10.03],[85.94,-10.0],[85.94,-9.82],[85.9,-9.8],[85.87,-9.82],[85.87,-9.85],[85.76,-9.9],[85.72,-9.9],[85.65,-9.85],[85.65,-9.75],[85.72,-9.7],[86.01,-9.7],[86.12,-9.67],[86.15,-9.65],[86.15,-9.53],[86.12,-9.5],[85.97,-9.48],[85.94,-9.45]]]}},{"type":"Feature","properties":{"precip":20},"geometry":{"type":"Polygon","coordinates":[[[26.15,-9.6],[26.15,-9.53],[26.19,-9.5],[26.26,-9.5],[26.33,-9.5],[26.33,-9.57],[26.29,-9.58],[26.29,-9.63],[26.22,-9.68],[26.15,-9.68],[26.15,-9.6]]]}},{"type":"Feature","properties":{"precip":20},"geometry":{"type":"Polygon","coordinates":[[[79.06,-9.55],[79.06,-9.5],[79.1,-9.5],[79.1,-9.58],[79.06,-9.6],[79.06,-9.63],[79.06,-9.67],[78.96,-9.7],[78.88,-9.7],[78.85,-9.67],[78.85,-9.63],[78.85,-9.6],[78.99,-9.6],[79.06,-9.55]]]}},{"type":"Feature","properties":{"precip":20},"geometry":{"type":"Polygon","coordinates":[[[15.21,-9.67],[15.24,-9.67],[15.24,-9.63],[15.32,-9.6],[15.35,-9.6],[15.35,-9.67],[15.32,-9.67],[15.32,-9.7],[15.21,-9.78],[15.17,-9.78],[15.17,-9.72],[15.21,-9.67]]]}},{"type":"Feature","properties":{"precip":20},"geometry":{"type":"Polygon","coordinates":[[[48.94,-9.7],[48.97,-9.67],[48.97,-9.63],[49.04,-9.6],[49.37,-9.6],[49.44,-9.63],[49.44,-9.78],[49.4,-9.78],[49.37,-9.82],[49.37,-9.92],[49.33,-9.95],[49.33,-9.98],[49.3,-10.0],[49.12,-10.0],[49.04,-9.95],[49.04,-9.82],[48.97,-9.78],[48.97,-9.75],[48.94,-9.7]]]}},{"type":"Feature","properties":{"precip":20},"geometry":{"type":"Polygon","coordinates":[[[77.66,-9.65],[77.66,-9.6],[77.73,-9.6],[77.77,-9.63],[77.77,-9.67],[77.73,-9.67],[77.73,-9.7],[77.66,-9.68],[77.66,-9.65]]]}},{"type":"Feature","properties":{"precip":20},"geometry":{"type":"Polygon","coordinates":[[[19.96,-9.75],[19.96,-9.7],[20.03,-9.7],[20.03,-9.73],[20.07,-9.75],[20.03,-9.77],[20.03,-9.8],[19.96,-9.78],[19.96,-9.75]]]}},{"type":"Feature","properties":{"precip":20},"geometry":{"type":"Polygon","coordinates":[[[29.25,-9.75],[29.28,-9.7],[29.39,-9.7],[29.46,-9.75],[29.39,-9.8],[29.32,-9.8],[29.28,-9.77],[29.25,-9.77],[29.25,-9.75]]]}},{"type":"Feature","properties":{"precip":20},"geometry":{"type":"Polygon","coordinates":[[[87.7,-9.9],[87.7,-9.83],[87.74,-9.78],[87.74,-9.7],[87.81,-9.7],[87.92,-9.82],[87.92,-9.85],[87.92,-9.88],[87.92,-9.98],[88.03,-10.0],[88.06,-10.02],[88.06,-10.07],[88.03,-10.07],[87.95,-10.08],[87.92,-10.08],[87.92,-10.1],[87.81,-10.08],[87.74,-10.07],[87.74,-10.0],[87.7,-9.97],[87.7,-9.9]]]}},{"type":"Feature","properties":{"precip":20},"geometry":{"type":"Polygon","coordinates":[[[19.17,-10.0],[19.17,-9.92],[19.2,-9.92],[19.28,-9.97],[19.35,-10.03],[19.35,-10.08],[19.28,-10.08],[19.17,-10.08],[19.17,-10.0]]]}},{"type":"Feature","properties":{"precip":20},"geometry":{"type":"Polygon","coordinates":[[[25.25,-9.95],[25.25,-9.92],[25.32,-9.9],[25.36,-9.92],[25.36,-9.98],[25.32,-10.0],[25.25,-9.98],[25.25,-9.95]]]}},{"type":"Feature","properties":{"precip":20},"geometry":{"type":"Polygon","coordinates":[[[49.44,-10.15],[49.48,-10.1],[49.55,-10.1],[49.55,-10.19],[49.48,-10.2],[49.48,-10.17],[49.44,-10.15]]]}},{"type":"Feature","properties":{"precip":20},"geometry":{"type":"Polygon","coordinates":[[[88.6,-10.27],[88.67,-10.25],[88.67,-10.22],[88.75,-10.2],[88.82,-10.2],[88.96,-10.25],[89.0,-10.27],[89.0,-10.3],[89.03,-10.32],[89.03,-10.4],[88.96,-10.42],[88.96,-10.49],[89.03,-10.5],[89.03,-10.54],[89.03,-10.55],[89.0,-10.59],[88.93,-10.59],[88.82,-10.52],[88.75,-10.42],[88.67,-10.37],[88.67,-10.32],[88.6,-10.27]]]}},{"type":"Feature","properties":{"precip":20},"geometry":{"type":"Polygon","coordinates":[[[67.26,-10.34],[67.26,-10.32],[67.33,-10.3],[67.37,-10.34],[67.37,-10.37],[67.33,-10.37],[67.33,-10.4],[67.26,-10.39],[67.26,-10.34]]]}},{"type":"Feature","properties":{"precip":20},"geometry":{"type":"Polygon","coordinates":[[[29.64,-10.45],[29.64,-10.42],[29.68,-10.42],[29.68,-10.4],[29.75,-10.42],[29.75,-10.49],[29.68,-10.5],[29.64,-10.45]]]}},{"type":"Feature","properties":{"precip":20},"geometry":{"type":"Polygon","coordinates":[[[74.53,-10.47],[74.56,-10.44],[74.56,-10.42],[74.64,-10.42],[74.64,-10.59],[74.6,-10.59],[74.49,-10.59],[74.46,-10.59],[74.46,-10.54],[74.53,-10.47]]]}},{"type":"Feature","properties":{"precip":20},"geometry":{"type":"Polygon","coordinates":[[[22.66,-10.55],[22.66,-10.5],[22.7,-10.5],[22.77,-10.54],[22.77,-10.57],[22.73,-10.57],[22.73,-10.59],[22.66,-10.59],[22.66,-10.55]]]}},{"type":"Feature","properties":{"precip":20},"geometry":{"type":"Polygon","coordinates":[[[58.94,-10.55],[58.94,-10.52],[58.98,-10.52],[58.98,-10.5],[59.05,-10.5],[59.05,-10.59],[58.98,-10.59],[58.94,-10.55]]]}},{"type":"Feature","properties":{"precip":20},"geometry":{"type":"Polygon","coordinates":[[[32.05,-10.84],[32.05,-10.82],[32.09,-10.8],[32.2,-10.8],[32.23,-10.82],[32.23,-10.89],[32.2,-10.9],[32.13,-10.9],[32.05,-10.87],[32.05,-10.84]]]}},{"type":"Feature","properties":{"precip":20},"geometry":{"type":"Polygon","coordinates":[[[25.04,-11.02],[25.07,-11.01],[25.14,-11.02],[25.14,-11.06],[25.22,-11.09],[25.22,-11.14],[25.25,-11.16],[25.25,-11.17],[25.22,-11.19],[25.07,-11.09],[25.07,-11.06],[25.04,-11.02]]]}},{"type":"Feature","properties":{"precip":20},"geometry":{"type":"Polygon","coordinates":[[[25.86,-11.06],[25.86,-11.01],[25.9,-11.01],[25.93,-11.01],[25.93,-11.34],[25.9,-11.37],[25.9,-11.41],[25.86,-11.44],[25.79,-11.51],[25.79,-11.52],[25.75,-11.56],[25.75,-11.66],[25.68,-11.69],[25.61,-11.69],[25.58,-11.67],[25.58,-11.64],[25.54,-11.62],[25.54,-11.59],[25.58,-11.56],[25.58,-11.51],[25.61,-11.51],[25.68,-11.51],[25.75,-11.46],[25.75,-11.34],[25.72,-11.34],[25.72,-11.31],[25.68,-11.31],[25.68,-11.27],[25.65,-11.26],[25.65,-11.16],[25.68,-11.14],[25.68,-11.11],[25.72,-11.09],[25.79,-11.09],[25.86,-11.06]]]}},{"type":"Feature","properties":{"precip":20},"geometry":{"type":"Polygon","coordinates":[[[26.04,-11.06],[26.04,-11.02],[26.08,-11.01],[26.15,-11.01],[26.15,-11.09],[26.08,-11.09],[26.04,-11.09],[26.04,-11.06]]]}},{"type":"Feature","properties":{"precip":20},"geometry":{"type":"Polygon","coordinates":[[[22.77,-11.51],[22.77,-11.42],[22.84,-11.41],[22.98,-11.41],[23.06,-11.44],[23.06,-11.57],[23.09,-11.59],[23.09,-11.61],[23.13,-11.61],[23.13,-11.64],[23.16,-11.64],[23.16,-11.67],[23.13,-11.67],[23.13,-11.69],[23.06,-11.67],[23.06,-11.64],[23.02,-11.61],[22.95,-11.61],[22.91,-11.59],[22.84,-11.59],[22.77,-11.59],[22.77,-11.51]]]}},{"type":"Feature","properties":{"precip":20},"geometry":{"type":"Polygon","coordinates":[[[31.05,-11.44],[31.05,-11.42],[31.08,-11.41],[31.15,-11.42],[31.15,-11.49],[31.08,-11.49],[31.05,-11.47],[31.05,-11.44]]]}},{"type":"Feature","properties":{"precip":20},"geometry":{"type":"Polygon","coordinates":[[[23.56,-11.66],[23.56,-11.61],[23.63,-11.59],[23.63,-11.62],[23.67,-11.64],[23.63,-11.67],[23.63,-11.69],[23.56,-11.69],[23.56,-11.66]]]}},{"type":"Feature","properties":{"precip":20},"geometry":{"type":"Polygon","coordinates":[[[25.36,-11.76],[25.36,-11.71],[25.43,-11.71],[25.43,-11.74],[25.47,-11.74],[25.47,-11.76],[25.43,-11.76],[25.43,-11.79],[25.36,-11.79],[25.36,-11.76]]]}},{"type":"Feature","properties":{"precip":20},"geometry":{"type":"Polygon","coordinates":[[[25.93,-11.76],[25.97,-11.74],[25.97,-11.71],[26.04,-11.71],[26.04,-11.79],[25.97,-11.79],[25.97,-11.76],[25.93,-11.76]]]}},{"type":"Feature","properties":{"precip":20},"geometry":{"type":"Polygon","coordinates":[[[34.32,-11.77],[34.36,-11.72],[34.43,-11.71],[34.43,-11.74],[34.47,-11.76],[34.47,-11.83],[34.43,-11.84],[34.43,-11.89],[34.32,-11.91],[34.25,-11.89],[34.25,-11.86],[34.29,-11.84],[34.29,-11.81],[34.32,-11.77]]]}},{"type":"Feature","properties":{"precip":20},"geometry":{"type":"Polygon","coordinates":[[[24.57,-11.93],[24.57,-11.91],[24.68,-11.94],[24.68,-11.98],[24.71,-11.99],[24.71,-12.03],[24.75,-12.04],[24.75,-12.09],[24.71,-12.09],[24.64,-12.04],[24.57,-11.98],[24.57,-11.93]]]}},{"type":"Feature","properties":{"precip":20},"geometry":{"type":"Polygon","coordinates":[[[25.14,-11.94],[25.14,-11.93],[25.18,-11.91],[25.25,-11.91],[25.25,-11.94],[25.22,-11.98],[25.22,-12.01],[25.14,-12.06],[25.0,-12.09],[24.93,-12.09],[24.86,-12.08],[24.86,-12.03],[24.93,-12.01],[25.07,-12.01],[25.07,-11.99],[25.14,-11.98],[25.14,-11.94]]]}},{"type":"Feature","properties":{"precip":20},"geometry":{"type":"Polygon","coordinates":[[[18.45,-12.16],[18.45,-12.13],[18.52,-12.09],[18.59,-12.09],[18.66,-12.14],[18.59,-12.19],[18.48,-12.19],[18.45,-12.16]]]}},{"type":"Feature","properties":{"precip":20},"geometry":{"type":"Polygon","coordinates":[[[48.47,-12.44],[48.47,-12.41],[48.58,-12.41],[48.61,-12.43],[48.72,-12.51],[48.72,-12.54],[48.76,-12.56],[48.76,-12.66],[48.83,-12.7],[48.97,-12.7],[49.04,-12.73],[49.04,-12.8],[48.97,-12.83],[48.97,-12.86],[49.01,-12.9],[49.01,-12.91],[49.08,-13.0],[49.15,-13.05],[49.22,-13.18],[49.26,-13.25],[49.26,-13.3],[49.19,-13.41],[49.15,-13.45],[49.12,-13.46],[49.08,-13.5],[49.08,-13.53],[49.04,-13.57],[49.04,-13.67],[48.9,-13.78],[48.83,-13.8],[48.72,-13.8],[48.65,-13.83],[48.65,-14.05],[48.68,-14.07],[48.72,-14.1],[48.79,-14.1],[48.83,-14.08],[48.83,-14.07],[48.86,-14.05],[48.86,-13.93],[48.9,-13.92],[48.97,-13.9],[49.04,-13.9],[49.04,-13.92],[49.12,-13.92],[49.15,-13.93],[49.15,-13.98],[49.08,-14.0],[49.08,-14.05],[49.04,-14.07],[49.04,-14.27],[48.97,-14.32],[48.97,-14.35],[48.94,-14.39],[48.94,-14.49],[48.76,-14.52],[48.68,-14.62],[48.68,-14.69],[48.65,-14.79],[48.65,-15.36],[48.68,-15.42],[48.68,-15.51],[48.79,-15.59],[48.83,-15.62],[48.83,-15.67],[48.86,-15.71],[48.86,-15.77],[48.79,-15.81],[48.79,-15.86],[48.76,-15.91],[48.76,-16.41],[48.79,-16.44],[48.79,-16.49],[48.83,-16.49],[48.83,-16.53],[48.86,-16.53],[48.86,-16.56],[48.76,-16.59],[48.61,-16.59],[48.58,-16.58],[48.58,-16.54],[48.54,-16.53],[48.54,-16.41],[48.47,-16.41],[48.47,-16.48],[48.43,-16.53],[48.43,-16.56],[48.4,-16.59],[48.4,-16.63],[48.32,-16.68],[48.22,-16.69],[48.14,-16.66],[48.14,-16.56],[48.07,-16.49],[48.07,-16.44],[48.04,-16.41],[47.96,-16.41],[47.96,-16.58],[48.04,-16.61],[48.04,-16.69],[48.07,-16.73],[48.07,-16.78],[48.11,-16.78],[48.25,-16.83],[48.25,-16.88],[48.32,-16.89],[48.32,-16.91],[48.43,-16.89],[48.43,-16.86],[48.47,-16.86],[48.47,-16.83],[48.54,-16.79],[48.65,-16.83],[48.65,-16.86],[48.61,-16.88],[48.54,-16.96],[48.5,-17.0],[48.5,-17.01],[48.47,-17.03],[48.47,-17.08],[48.54,-17.15],[48.54,-17.16],[48.5,-17.18],[48.5,-17.21],[48.47,-17.25],[48.36,-17.36],[48.36,-17.45],[48.4,-17.48],[48.4,-17.51],[48.47,-17.55],[48.47,-17.58],[48.5,-17.58],[48.5,-17.61],[48.54,-17.65],[48.54,-17.87],[48.5,-17.9],[48.47,-17.95],[48.4,-18.0],[48.36,-18.03],[48.36,-18.2],[48.47,-18.38],[48.54,-18.42],[48.58,-18.47],[48.65,-18.48],[48.65,-18.32],[48.72,-18.2],[48.72,-18.17],[48.79,-18.1],[48.83,-18.12],[48.83,-18.15],[48.86,-18.15],[48.86,-18.17],[48.9,-18.2],[49.01,-18.2],[49.04,-18.23],[49.04,-18.27],[49.12,-18.3],[49.19,-18.3],[49.26,-18.27],[49.26,-18.23],[49.3,-18.2],[49.4,-18.2],[49.44,-18.17],[49.44,-18.08],[49.51,-18.0],[49.87,-18.0],[49.94,-18.03],[49.94,-18.15],[49.98,-18.17],[49.98,-18.2],[50.02,-18.2],[50.02,-18.23],[50.05,-18.25],[50.05,-18.47],[49.87,-18.53],[49.76,-18.63],[49.76,-18.74],[49.69,-18.8],[49.69,-18.84],[49.62,-18.89],[49.58,-18.9],[49.51,-18.9],[49.44,-18.94],[49.48,-18.97],[49.48,-19.0],[49.58,-19.07],[49.66,-19.17],[49.66,-19.27],[49.62,-19.29],[49.55,-19.34],[49.55,-19.49],[49.58,-19.54],[49.58,-19.59],[49.62,-19.64],[49.8,-19.71],[49.91,-19.71],[49.94,-19.74],[49.94,-19.91],[49.98,-19.92],[49.98,-19.99],[50.02,-19.99],[50.05,-20.02],[50.05,-20.19],[50.02,-20.21],[49.94,-20.16],[49.87,-20.07],[49.87,-19.97],[49.84,-19.92],[49.84,-19.82],[49.8,-19.81],[49.73,-19.81],[49.66,-19.82],[49.62,-19.86],[49.62,-19.91],[49.58,-19.91],[49.58,-19.86],[49.55,-19.82],[49.51,-19.81],[49.48,-19.82],[49.44,-19.86],[49.44,-19.97],[49.4,-19.99],[49.33,-19.99],[49.26,-20.04],[49.26,-20.07],[49.22,-20.12],[49.19,-20.19],[49.12,-20.27],[49.04,-20.37],[48.94,-20.46],[48.86,-20.53],[48.79,-20.59],[48.65,-20.64],[48.61,-20.66],[48.61,-20.69],[48.58,-20.73],[48.58,-20.74],[48.54,-20.78],[48.61,-20.79],[48.72,-20.79],[48.76,-20.81],[48.97,-20.81],[49.04,-20.83],[49.04,-20.99],[49.01,-20.99],[48.97,-21.01],[48.97,-21.09],[48.94,-21.13],[48.94,-21.28],[48.9,-21.3],[48.79,-21.3],[48.72,-21.31],[48.65,-21.33],[48.65,-21.36],[48.68,-21.4],[48.79,-21.41],[48.97,-21.56],[49.04,-21.63],[49.04,-21.66],[49.12,-21.66],[49.15,-21.66],[49.15,-21.63],[49.22,-21.6],[49.3,-21.6],[49.37,-21.56],[49.37,-21.51],[49.4,-21.51],[49.55,-21.51],[49.62,-21.48],[49.66,-21.48],[49.66,-21.43],[49.62,-21.41],[49.51,-21.41],[49.44,-21.36],[49.48,-21.36],[49.48,-21.33],[49.51,-21.28],[49.62,-21.21],[49.62,-21.09],[49.51,-21.01],[49.48,-20.99],[49.48,-21.03],[49.44,-21.06],[49.44,-21.18],[49.4,-21.21],[49.3,-21.21],[49.26,-21.18],[49.26,-21.06],[49.22,-21.03],[49.22,-20.99],[49.15,-20.98],[49.15,-20.86],[49.19,-20.83],[49.19,-20.81],[49.26,-20.76],[49.26,-20.74],[49.19,-20.71],[49.15,-20.68],[49.15,-20.63],[49.22,-20.59],[49.33,-20.61],[49.37,-20.64],[49.37,-20.69],[49.44,-20.68],[49.44,-20.59],[49.48,-20.56],[49.48,-20.51],[49.51,-20.49],[49.58,-20.49],[49.66,-20.48],[49.66,-20.44],[49.69,-20.41],[49.76,-20.44],[49.76,-20.48],[49.84,-20.49],[49.84,-20.44],[49.91,-20.41],[49.98,-20.41],[50.16,-20.41],[50.23,-20.41],[50.23,-20.44],[50.27,-20.48],[50.27,-20.51],[50.23,-20.54],[50.23,-20.59],[50.2,-20.59],[50.16,-20.63],[50.16,-20.83],[50.12,-20.86],[50.12,-20.91],[50.05,-20.88],[50.05,-20.73],[50.02,-20.73],[50.02,-20.69],[49.98,-20.71],[49.98,-20.74],[49.94,-20.76],[49.94,-20.88],[49.91,-20.91],[49.84,-20.94],[49.91,-20.98],[49.91,-21.01],[49.94,-21.03],[49.94,-21.16],[50.02,-21.21],[50.23,-21.21],[50.34,-21.23],[50.34,-21.48],[50.38,-21.51],[50.38,-21.6],[50.45,-21.58],[50.45,-21.51],[50.48,-21.51],[50.56,-21.51],[50.56,-21.61],[50.52,-21.66],[50.52,-21.68],[50.48,-21.73],[50.41,-21.78],[50.34,-21.8],[50.27,-21.83],[50.23,-21.85],[50.23,-21.9],[50.2,-21.91],[50.16,-21.98],[50.16,-22.15],[50.12,-22.17],[50.12,-22.2],[50.09,-22.2],[50.09,-22.23],[50.05,-22.23],[50.05,-22.45],[50.02,-22.48],[50.02,-22.5],[49.98,-22.5],[49.98,-22.58],[50.09,-22.67],[50.16,-22.7],[50.23,-22.68],[50.27,-22.65],[50.27,-22.63],[50.3,-22.6],[50.41,-22.6],[50.45,-22.63],[50.45,-22.67],[50.38,-22.7],[50.3,-22.7],[50.27,-22.73],[50.27,-22.8],[50.34,-22.82],[50.34,-22.9],[50.27,-22.88],[50.27,-22.85],[50.2,-22.82],[50.12,-22.8],[50.05,-22.82],[49.98,-22.82],[49.94,-22.83],[49.94,-22.88],[49.91,-22.9],[49.84,-22.85],[49.84,-22.82],[49.76,-22.82],[49.76,-22.87],[49.73,-22.87],[49.69,-22.9],[49.51,-22.9],[49.48,-22.88],[49.48,-22.85],[49.44,-22.82],[49.44,-22.78],[49.48,-22.73],[49.48,-22.7],[49.51,-22.67],[49.55,-22.67],[49.55,-22.63],[49.48,-22.6],[49.48,-22.55],[49.44,-22.53],[49.44,-22.42],[49.4,-22.4],[49.37,-22.4],[49.37,-22.23],[49.33,-22.2],[49.33,-22.12],[49.3,-22.1],[49.26,-22.12],[49.26,-22.17],[49.22,-22.18],[49.15,-22.18],[49.12,-22.2],[48.97,-22.2],[48.9,-22.22],[48.83,-22.25],[48.83,-22.3],[48.76,-22.27],[48.76,-22.23],[48.68,-22.2],[48.61,-22.2],[48.58,-22.18],[48.58,-22.15],[48.54,-22.12],[48.54,-21.91],[48.5,-21.9],[48.47,-21.9],[48.47,-21.61],[48.54,-21.58],[48.54,-21.33],[48.58,-21.3],[48.58,-21.21],[48.65,-21.18],[48.65,-21.08],[48.61,-21.06],[48.61,-20.99],[48.54,-20.93],[48.47,-20.91],[48.43,-20.91],[48.36,-20.93],[48.36,-21.08],[48.43,-21.11],[48.43,-21.16],[48.47,-21.18],[48.47,-21.24],[48.43,-21.24],[48.43,-21.3],[48.36,-21.28],[48.36,-21.24],[48.29,-21.18],[48.29,-21.14],[48.25,-21.11],[48.25,-21.03],[48.22,-20.99],[48.18,-20.99],[48.18,-21.03],[48.14,-21.06],[48.14,-21.18],[48.11,-21.21],[48.04,-21.21],[47.96,-21.23],[47.96,-21.33],[47.93,-21.36],[47.93,-21.41],[47.86,-21.4],[47.86,-21.33],[47.82,-21.31],[47.68,-21.28],[47.64,-21.26],[47.64,-21.21],[47.57,-21.21],[47.5,-21.21],[47.46,-21.18],[47.46,-21.06],[47.42,-21.03],[47.42,-20.99],[47.39,-20.99],[47.39,-21.06],[47.35,-21.08],[47.35,-21.43],[47.32,-21.46],[47.32,-21.5],[47.24,-21.51],[47.14,-21.51],[47.06,-21.51],[47.06,-21.58],[47.14,-21.61],[47.14,-21.85],[47.17,-21.91],[47.17,-21.98],[47.21,-22.0],[47.32,-22.0],[47.35,-22.01],[47.35,-22.06],[47.28,-22.15],[47.21,-22.18],[47.14,-22.25],[47.06,-22.27],[47.06,-22.22],[47.14,-22.2],[47.14,-22.12],[47.1,-22.1],[47.03,-22.1],[46.96,-22.08],[46.96,-22.03],[46.88,-22.0],[46.74,-22.0],[46.67,-22.0],[46.6,-21.96],[46.52,-21.95],[46.49,-21.9],[46.49,-21.86],[46.45,-21.83],[46.45,-21.73],[46.49,-21.7],[46.52,-21.7],[46.52,-21.66],[46.56,-21.66],[46.56,-21.55],[46.45,-21.51],[46.06,-21.51],[45.95,-21.55],[45.95,-21.68],[45.88,-21.7],[45.84,-21.66],[45.84,-21.63],[45.77,-21.6],[45.66,-21.6],[45.55,-21.63],[45.55,-21.68],[45.66,-21.73],[45.66,-21.83],[45.62,-21.86],[45.62,-21.9],[45.55,-21.96],[45.44,-22.0],[45.37,-21.96],[45.37,-21.91],[45.34,-21.86],[45.37,-21.81],[45.37,-21.75],[45.41,-21.68],[45.48,-21.65],[45.48,-21.61],[45.52,-21.58],[45.55,-21.56],[45.55,-21.53],[45.48,-21.5],[45.48,-21.41],[45.44,-21.38],[45.44,-21.14],[45.41,-21.09],[45.37,-21.09],[45.37,-21.08],[45.34,-21.06],[45.37,-21.06],[45.37,-21.01],[45.41,-20.99],[45.48,-20.99],[45.55,-20.96],[45.55,-20.84],[45.59,-20.83],[45.59,-20.79],[45.62,-20.76],[45.66,-20.76],[45.66,-20.74],[45.59,-20.69],[45.59,-20.66],[45.55,-20.66],[45.55,-20.64],[45.62,-20.59],[45.62,-20.58],[45.66,-20.54],[45.66,-20.46],[45.62,-20.44],[45.62,-20.41],[45.55,-20.39],[45.55,-20.32],[45.62,-20.31],[45.88,-20.31],[45.95,-20.32],[45.95,-20.44],[45.98,-20.46],[45.98,-20.49],[46.02,-20.49],[46.09,-20.49],[46.16,-20.54],[46.16,-20.59],[46.2,-20.59],[46.31,-20.59],[46.42,-20.58],[46.45,-20.54],[46.52,-20.46],[46.6,-20.41],[46.7,-20.41],[46.78,-20.46],[46.78,-20.48],[46.85,-20.46],[46.85,-20.44],[46.92,-20.39],[46.96,-20.32],[47.03,-20.27],[47.03,-20.21],[46.96,-20.16],[46.92,-20.14],[46.92,-20.11],[46.88,-20.09],[46.88,-20.07],[46.85,-20.06],[46.85,-20.02],[46.92,-20.01],[47.03,-20.01],[47.1,-19.99],[47.57,-19.99],[47.64,-19.96],[47.64,-19.67],[47.6,-19.61],[47.53,-19.54],[47.46,-19.52],[47.46,-19.56],[47.39,-19.59],[47.35,-19.54],[47.32,-19.5],[47.28,-19.52],[47.21,-19.57],[47.17,-19.62],[47.17,-19.67],[47.24,-19.71],[47.24,-19.76],[47.14,-19.81],[46.99,-19.81],[46.92,-19.79],[46.85,-19.76],[46.85,-19.71],[46.78,-19.71],[46.78,-19.74],[46.74,-19.74],[46.74,-19.86],[46.67,-19.94],[46.6,-19.99],[46.52,-19.91],[46.45,-19.91],[46.34,-19.86],[46.34,-19.84],[46.27,-19.76],[46.2,-19.74],[46.16,-19.71],[46.06,-19.71],[45.95,-19.67],[45.98,-19.64],[45.98,-19.61],[46.02,-19.57],[46.09,-19.52],[46.16,-19.5],[46.24,-19.5],[46.27,-19.49],[46.45,-19.49],[46.56,-19.45],[46.56,-19.42],[46.6,-19.4],[46.63,-19.42],[46.67,-19.49],[46.74,-19.52],[46.74,-19.56],[46.78,-19.57],[46.85,-19.57],[46.85,-19.54],[46.92,-19.49],[47.03,-19.49],[47.06,-19.44],[47.03,-19.4],[46.96,-19.4],[46.88,-19.4],[46.74,-19.34],[46.67,-19.29],[46.67,-19.24],[46.6,-19.19],[46.52,-19.15],[46.45,-19.12],[46.31,-19.09],[46.24,-19.1],[46.16,-19.14],[46.06,-19.24],[46.06,-19.27],[46.13,-19.32],[46.13,-19.4],[46.06,-19.37],[46.06,-19.34],[46.02,-19.32],[46.02,-19.3],[45.98,-19.3],[45.98,-19.34],[45.91,-19.4],[45.88,-19.39],[45.88,-19.32],[45.84,-19.25],[45.84,-19.04],[45.8,-19.02],[45.8,-19.0],[45.77,-19.0],[45.77,-18.89],[45.73,-18.87],[45.73,-18.82],[45.7,-18.79],[45.66,-18.79],[45.66,-18.63],[45.7,-18.6],[45.88,-18.6],[45.95,-18.63],[45.95,-18.67],[46.02,-18.72],[46.09,-18.69],[46.24,-18.58],[46.24,-18.57],[46.31,-18.5],[46.42,-18.48],[46.45,-18.48],[46.45,-18.42],[46.52,-18.42],[46.6,-18.42],[46.63,-18.38],[46.63,-18.35],[46.67,-18.33],[46.67,-18.23],[46.7,-18.18],[46.74,-18.17],[46.81,-18.12],[46.85,-18.1],[47.03,-18.1],[47.03,-18.13],[47.06,-18.15],[47.06,-18.17],[47.14,-18.18],[47.14,-18.2],[47.24,-18.2],[47.32,-18.17],[47.35,-18.17],[47.35,-18.12],[47.39,-18.1],[47.5,-18.1],[47.53,-18.08],[47.53,-17.97],[47.57,-17.9],[47.57,-17.51],[47.6,-17.5],[47.68,-17.5],[47.75,-17.46],[47.75,-17.25],[47.71,-17.21],[47.64,-17.2],[47.53,-17.2],[47.46,-17.23],[47.46,-17.26],[47.42,-17.3],[47.32,-17.3],[47.24,-17.33],[47.24,-17.38],[47.21,-17.38],[47.14,-17.41],[47.06,-17.36],[47.06,-17.2],[47.03,-17.16],[47.03,-17.1],[46.96,-17.08],[46.96,-17.01],[46.99,-17.0],[47.1,-17.0],[47.14,-17.0],[47.14,-16.91],[47.1,-16.91],[47.03,-16.91],[47.03,-16.89],[46.96,-16.88],[46.96,-16.83],[46.99,-16.79],[47.03,-16.79],[47.03,-16.74],[47.06,-16.71],[47.06,-16.58],[47.03,-16.56],[47.03,-16.53],[46.96,-16.49],[46.85,-16.46],[46.85,-16.39],[46.88,-16.34],[46.88,-16.31],[46.92,-16.26],[46.99,-16.23],[47.03,-16.23],[47.03,-16.24],[47.1,-16.29],[47.17,-16.31],[47.21,-16.29],[47.21,-16.26],[47.24,-16.24],[47.24,-16.14],[47.28,-16.13],[47.28,-16.09],[47.32,-16.09],[47.35,-16.13],[47.35,-16.26],[47.39,-16.28],[47.39,-16.31],[47.42,-16.28],[47.46,-16.28],[47.46,-16.23],[47.53,-16.19],[47.6,-16.19],[47.64,-16.18],[47.64,-16.11],[47.57,-16.07],[47.57,-15.77],[47.53,-15.66],[47.53,-15.49],[47.46,-15.36],[47.39,-15.31],[47.35,-15.31],[47.28,-15.27],[47.21,-15.22],[47.17,-15.17],[47.17,-15.12],[47.21,-15.1],[47.21,-15.09],[47.24,-15.07],[47.24,-14.95],[47.28,-14.94],[47.28,-14.92],[47.32,-14.9],[47.39,-14.9],[47.46,-14.84],[47.39,-14.77],[47.35,-14.77],[47.35,-14.75],[47.39,-14.74],[47.39,-14.7],[47.46,-14.67],[47.46,-14.64],[47.39,-14.59],[47.39,-14.57],[47.35,-14.54],[47.35,-14.42],[47.39,-14.4],[47.42,-14.4],[47.42,-14.37],[47.46,-14.35],[47.46,-14.23],[47.5,-14.22],[47.5,-14.18],[47.53,-14.18],[47.53,-14.12],[47.46,-14.08],[47.46,-14.02],[47.53,-14.0],[47.53,-13.92],[47.57,-13.88],[47.57,-13.72],[47.64,-13.67],[47.64,-13.41],[47.6,-13.4],[47.57,-13.4],[47.57,-13.23],[47.6,-13.2],[47.71,-13.2],[47.71,-13.16],[47.75,-13.16],[47.75,-13.05],[47.78,-13.03],[47.78,-13.0],[47.82,-13.0],[47.82,-12.98],[47.86,-12.96],[47.86,-12.83],[47.89,-12.81],[47.96,-12.8],[48.04,-12.8],[48.11,-12.83],[48.14,-12.83],[48.14,-12.85],[48.22,-12.88],[48.25,-12.83],[48.32,-12.8],[48.32,-12.76],[48.4,-12.75],[48.4,-12.73],[48.54,-12.66],[48.54,-12.51],[48.47,-12.51],[48.47,-12.44]],[[48.25,-13.55],[48.25,-13.51],[48.22,-13.5],[48.11,-13.5],[48.07,-13.53],[48.07,-13.58],[48.04,-13.63],[48.07,-13.68],[48.07,-13.75],[48.14,-13.82],[48.18,-13.88],[48.22,-13.92],[48.32,-13.98],[48.32,-13.97],[48.4,-13.93],[48.4,-13.9],[48.43,-13.83],[48.43,-13.78],[48.47,-13.73],[48.47,-13.68],[48.43,-13.65],[48.43,-13.62],[48.36,-13.6],[48.36,-13.67],[48.32,-13.67],[48.29,-13.7],[48.22,-13.7],[48.18,-13.67],[48.14,-13.67],[48.14,-13.62],[48.22,-13.58],[48.25,-13.58],[48.25,-13.55]],[[47.57,-14.95],[47.53,-14.92],[47.53,-14.9],[47.46,-14.92],[47.46,-15.0],[47.53,-15.0],[47.53,-14.97],[47.57,-14.95]],[[47.46,-15.05],[47.46,-15.02],[47.42,-15.0],[47.35,-15.0],[47.35,-15.09],[47.42,-15.1],[47.46,-15.09],[47.46,-15.05]],[[47.96,-16.24],[47.96,-16.19],[47.93,-16.14],[47.86,-16.09],[47.78,-16.11],[47.71,-16.19],[47.57,-16.31],[47.5,-16.31],[47.42,-16.38],[47.39,-16.41],[47.39,-16.49],[47.46,-16.56],[47.46,-16.58],[47.53,-16.58],[47.64,-16.63],[47.64,-16.76],[47.57,-16.83],[47.57,-16.88],[47.6,-16.89],[47.6,-16.91],[47.68,-16.96],[47.68,-17.0],[47.75,-17.0],[47.75,-16.96],[47.82,-16.89],[47.82,-16.86],[47.86,-16.83],[47.86,-16.74],[47.82,-16.73],[47.82,-16.69],[47.78,-16.68],[47.75,-16.68],[47.75,-16.64],[47.82,-16.61],[47.82,-16.58],[47.86,-16.56],[47.86,-16.43],[47.89,-16.41],[47.93,-16.41],[47.93,-16.33],[47.96,-16.31],[47.96,-16.24]],[[47.64,-18.35],[47.64,-18.32],[47.57,-18.3],[47.57,-18.42],[47.64,-18.42],[47.64,-18.35]],[[48.76,-18.57],[48.76,-18.52],[48.72,-18.52],[48.72,-18.5],[48.68,-18.5],[48.65,-18.57],[48.65,-18.67],[48.61,-18.69],[48.61,-18.72],[48.58,-18.72],[48.54,-18.75],[48.58,-18.75],[48.58,-18.79],[48.61,-18.79],[48.61,-18.84],[48.65,-18.87],[48.65,-19.14],[48.68,-19.17],[48.68,-19.19],[48.76,-19.2],[48.86,-19.24],[48.86,-19.27],[48.94,-19.34],[48.94,-19.49],[48.86,-19.49],[48.86,-19.42],[48.83,-19.42],[48.83,-19.4],[48.79,-19.4],[48.76,-19.42],[48.76,-19.56],[48.72,-19.57],[48.72,-19.59],[48.65,-19.64],[48.65,-19.79],[48.68,-19.84],[48.68,-19.89],[48.72,-19.92],[48.79,-19.99],[48.83,-19.99],[48.83,-19.97],[48.86,-19.94],[48.86,-19.72],[48.94,-19.71],[48.94,-19.82],[48.97,-19.84],[48.97,-19.91],[49.01,-19.89],[49.08,-19.82],[49.15,-19.76],[49.37,-19.5],[49.44,-19.45],[49.44,-19.4],[49.4,-19.4],[49.3,-19.4],[49.26,-19.37],[49.26,-19.24],[49.3,-19.2],[49.37,-19.2],[49.44,-19.17],[49.44,-19.02],[49.37,-19.0],[49.33,-19.0],[49.26,-19.02],[49.26,-19.07],[49.22,-19.07],[49.19,-19.1],[49.19,-19.07],[49.15,-19.05],[49.15,-18.84],[49.19,-18.84],[49.19,-18.8],[49.22,-18.8],[49.22,-18.77],[49.26,-18.75],[49.26,-18.65],[49.19,-18.6],[48.94,-18.6],[48.9,-18.58],[48.83,-18.58],[48.76,-18.57]],[[49.76,-18.57],[49.73,-18.5],[49.69,-18.5],[49.66,-18.52],[49.66,-18.58],[49.73,-18.6],[49.73,-18.58],[49.76,-18.57]],[[47.75,-18.75],[47.75,-18.65],[47.68,-18.6],[47.5,-18.6],[47.46,-18.63],[47.46,-18.75],[47.42,-18.75],[47.42,-18.79],[47.39,-18.8],[47.32,-18.8],[47.24,-18.87],[47.24,-18.92],[47.28,-18.95],[47.28,-19.0],[47.32,-19.04],[47.39,-19.07],[47.46,-19.07],[47.46,-19.04],[47.53,-18.99],[47.53,-18.97],[47.64,-18.9],[47.71,-18.9],[47.75,-18.87],[47.75,-18.75]],[[49.44,-18.65],[49.44,-18.6],[49.37,-18.6],[49.37,-18.72],[49.44,-18.69],[49.44,-18.65]],[[48.54,-20.06],[48.54,-20.01],[48.47,-19.99],[48.47,-20.09],[48.54,-20.09],[48.54,-20.06]],[[49.76,-20.56],[49.76,-20.53],[49.73,-20.53],[49.73,-20.49],[49.66,-20.51],[49.66,-20.59],[49.73,-20.59],[49.76,-20.56]],[[47.75,-21.16],[47.75,-21.11],[47.68,-21.09],[47.68,-21.13],[47.64,-21.13],[47.64,-21.16],[47.68,-21.21],[47.75,-21.21],[47.75,-21.16]],[[48.86,-21.16],[48.86,-21.13],[48.83,-21.13],[48.83,-21.09],[48.76,-21.11],[48.76,-21.18],[48.83,-21.21],[48.86,-21.16]],[[48.86,-21.55],[48.83,-21.51],[48.76,-21.51],[48.76,-21.58],[48.83,-21.6],[48.83,-21.58],[48.86,-21.58],[48.86,-21.55]],[[49.76,-22.05],[49.73,-22.0],[49.66,-22.01],[49.66,-22.08],[49.73,-22.1],[49.73,-22.08],[49.76,-22.08],[49.76,-22.05]],[[49.55,-22.25],[49.55,-22.22],[49.48,-22.2],[49.48,-22.23],[49.44,-22.23],[49.44,-22.27],[49.48,-22.3],[49.55,-22.3],[49.55,-22.25]],[[49.66,-22.35],[49.66,-22.32],[49.58,-22.3],[49.55,-22.32],[49.55,-22.38],[49.58,-22.4],[49.66,-22.38],[49.66,-22.35]]]}},{"type":"Feature","properties":{"precip":20},"geometry":{"type":"Polygon","coordinates":[[[49.04,-19.24],[49.04,-19.22],[49.12,-19.2],[49.15,-19.22],[49.15,-19.29],[49.08,-19.29],[49.04,-19.27],[49.04,-19.24]]]}},{"type":"Feature","properties":{"precip":20},"geometry":{"type":"Polygon","coordinates":[[[28.74,-12.54],[28.78,-12.51],[28.92,-12.51],[28.96,-12.53],[28.96,-12.58],[28.92,-12.58],[28.89,-12.59],[28.81,-12.59],[28.78,-12.58],[28.74,-12.58],[28.74,-12.54]]]}},{"type":"Feature","properties":{"precip":20},"geometry":{"type":"Polygon","coordinates":[[[94.11,-12.66],[94.15,-12.64],[94.22,-12.59],[94.29,-12.59],[94.36,-12.63],[94.36,-12.68],[94.51,-12.71],[94.54,-12.73],[94.65,-12.83],[94.65,-12.98],[94.58,-13.0],[94.58,-12.98],[94.54,-12.96],[94.54,-12.91],[94.4,-12.88],[94.36,-12.88],[94.36,-12.83],[94.33,-12.83],[94.33,-12.81],[94.22,-12.81],[94.22,-12.8],[94.11,-12.8],[94.07,-12.78],[94.07,-12.71],[94.11,-12.66]]]}},{"type":"Feature","properties":{"precip":20},"geometry":{"type":"Polygon","coordinates":[[[28.24,-12.85],[28.27,-12.83],[28.27,-12.8],[28.35,-12.81],[28.35,-12.9],[28.31,-12.91],[28.24,-12.85]]]}},{"type":"Feature","properties":{"precip":20},"geometry":{"type":"Polygon","coordinates":[[[67.55,-12.85],[67.55,-12.83],[67.58,-12.8],[67.65,-12.81],[67.65,-12.88],[67.62,-12.9],[67.55,-12.88],[67.55,-12.85]]]}},{"type":"Feature","properties":{"precip":20},"geometry":{"type":"Polygon","coordinates":[[[34.47,-12.95],[34.47,-12.91],[34.54,-12.91],[34.54,-13.0],[34.5,-13.0],[34.47,-13.0],[34.47,-12.95]]]}},{"type":"Feature","properties":{"precip":20},"geometry":{"type":"Polygon","coordinates":[[[34.25,-13.03],[34.25,-13.0],[34.32,-13.01],[34.39,-13.08],[34.43,-13.11],[34.43,-13.18],[34.39,-13.18],[34.32,-13.15],[34.29,-13.1],[34.29,-13.08],[34.25,-13.03]]]}},{"type":"Feature","properties":{"precip":20},"geometry":{"type":"Polygon","coordinates":[[[17.66,-13.15],[17.66,-13.13],[17.73,-13.1],[17.94,-13.1],[18.05,-13.13],[18.05,-13.16],[18.12,-13.18],[18.2,-13.2],[18.41,-13.2],[18.48,-13.21],[18.56,-13.25],[18.56,-13.26],[18.63,-13.28],[18.63,-13.3],[18.81,-13.3],[18.95,-13.33],[18.95,-13.36],[19.02,-13.38],[19.02,-13.4],[19.2,-13.4],[19.28,-13.41],[19.35,-13.43],[19.35,-13.48],[19.42,-13.5],[19.53,-13.51],[19.64,-13.62],[19.64,-13.67],[19.56,-13.72],[19.56,-13.83],[19.53,-13.85],[19.53,-13.88],[19.49,-13.9],[19.31,-13.9],[19.28,-13.92],[19.2,-13.92],[19.17,-13.92],[19.17,-13.97],[19.13,-13.97],[19.13,-14.0],[19.06,-13.98],[19.06,-13.85],[19.02,-13.82],[18.92,-13.8],[18.7,-13.8],[18.66,-13.78],[18.59,-13.78],[18.56,-13.77],[18.56,-13.75],[18.48,-13.72],[18.41,-13.7],[18.2,-13.7],[18.12,-13.68],[18.05,-13.67],[18.05,-13.62],[18.02,-13.6],[17.94,-13.6],[17.84,-13.57],[17.84,-13.51],[17.76,-13.5],[17.69,-13.48],[17.66,-13.43],[17.66,-13.33],[17.69,-13.3],[17.76,-13.25],[17.69,-13.21],[17.66,-13.18],[17.66,-13.15]]]}},{"type":"Feature","properties":{"precip":20},"geometry":{"type":"Polygon","coordinates":[[[27.27,-13.35],[27.27,-13.31],[27.3,-13.3],[27.34,-13.31],[27.34,-13.4],[27.27,-13.4],[27.27,-13.35]]]}},{"type":"Feature","properties":{"precip":20},"geometry":{"type":"Polygon","coordinates":[[[65.75,-13.55],[65.75,-13.5],[65.82,-13.5],[65.82,-13.51],[65.93,-13.6],[65.93,-13.65],[65.96,-13.67],[65.85,-13.7],[65.6,-13.7],[65.57,-13.68],[65.46,-13.67],[65.46,-13.63],[65.53,-13.6],[65.64,-13.6],[65.71,-13.58],[65.75,-13.58],[65.75,-13.55]]]}},{"type":"Feature","properties":{"precip":20},"geometry":{"type":"Polygon","coordinates":[[[27.45,-13.7],[27.45,-13.67],[27.48,-13.65],[27.48,-13.62],[27.52,-13.6],[27.63,-13.6],[27.66,-13.63],[27.63,-13.67],[27.63,-13.7],[27.52,-13.78],[27.45,-13.77],[27.45,-13.7]]]}},{"type":"Feature","properties":{"precip":20},"geometry":{"type":"Polygon","coordinates":[[[66.14,-13.65],[66.21,-13.6],[66.32,-13.6],[66.36,-13.63],[66.36,-13.67],[66.32,-13.67],[66.29,-13.7],[66.21,-13.7],[66.14,-13.65]]]}},{"type":"Feature","properties":{"precip":20},"geometry":{"type":"Polygon","coordinates":[[[19.96,-13.85],[19.96,-13.82],[20.03,-13.8],[20.03,-13.83],[20.07,-13.83],[20.03,-13.87],[20.03,-13.9],[19.96,-13.9],[19.96,-13.85]]]}},{"type":"Feature","properties":{"precip":20},"geometry":{"type":"Polygon","coordinates":[[[39.04,-13.85],[39.07,-13.82],[39.11,-13.8],[39.18,-13.8],[39.25,-13.83],[39.25,-13.88],[39.22,-13.9],[39.11,-13.9],[39.04,-13.85]]]}},{"type":"Feature","properties":{"precip":20},"geometry":{"type":"Polygon","coordinates":[[[20.5,-13.98],[20.54,-13.93],[20.61,-13.92],[20.64,-13.92],[20.64,-14.17],[20.57,-14.18],[20.57,-14.17],[20.5,-14.1],[20.46,-14.07],[20.46,-14.02],[20.5,-13.98]]]}},{"type":"Feature","properties":{"precip":20},"geometry":{"type":"Polygon","coordinates":[[[30.87,-14.02],[30.9,-13.98],[30.97,-13.92],[31.05,-13.92],[31.05,-13.97],[31.23,-14.03],[31.26,-14.08],[31.37,-14.17],[31.44,-14.25],[31.44,-14.27],[31.37,-14.33],[31.37,-14.37],[31.44,-14.42],[31.44,-14.47],[31.41,-14.5],[31.33,-14.5],[31.26,-14.52],[31.26,-14.65],[31.23,-14.67],[31.23,-14.69],[31.19,-14.7],[31.12,-14.7],[31.05,-14.67],[31.05,-14.64],[30.97,-14.6],[30.9,-14.6],[30.87,-14.59],[30.79,-14.59],[30.76,-14.57],[30.76,-14.22],[30.79,-14.17],[30.79,-14.08],[30.87,-14.02]]]}},{"type":"Feature","properties":{"precip":20},"geometry":{"type":"Polygon","coordinates":[[[32.56,-14.1],[32.56,-14.03],[32.59,-14.0],[32.67,-14.0],[32.74,-14.02],[32.74,-14.07],[32.63,-14.17],[32.63,-14.18],[32.56,-14.18],[32.56,-14.1]]]}},{"type":"Feature","properties":{"precip":20},"geometry":{"type":"Polygon","coordinates":[[[67.15,-14.05],[67.15,-14.02],[67.22,-14.0],[67.22,-14.02],[67.26,-14.02],[67.26,-14.08],[67.22,-14.1],[67.15,-14.08],[67.15,-14.05]]]}},{"type":"Feature","properties":{"precip":20},"geometry":{"type":"Polygon","coordinates":[[[35.44,-14.35],[35.47,-14.33],[35.47,-14.3],[35.55,-14.32],[35.55,-14.4],[35.47,-14.4],[35.47,-14.37],[35.44,-14.35]]]}},{"type":"Feature","properties":{"precip":20},"geometry":{"type":"Polygon","coordinates":[[[38.86,-14.45],[38.86,-14.42],[38.93,-14.4],[38.93,-14.42],[38.97,-14.42],[38.97,-14.47],[38.93,-14.5],[38.86,-14.5],[38.86,-14.45]]]}},{"type":"Feature","properties":{"precip":20},"geometry":{"type":"Polygon","coordinates":[[[51.49,-14.5],[51.56,-14.44],[51.56,-14.42],[51.64,-14.42],[51.74,-14.54],[51.74,-14.59],[51.67,-14.59],[51.6,-14.6],[51.53,-14.6],[51.46,-14.64],[51.46,-14.67],[51.38,-14.7],[51.28,-14.69],[51.28,-14.65],[51.24,-14.62],[51.24,-14.57],[51.28,-14.54],[51.28,-14.5],[51.35,-14.5],[51.35,-14.54],[51.38,-14.57],[51.38,-14.59],[51.46,-14.57],[51.46,-14.54],[51.49,-14.5]]]}},{"type":"Feature","properties":{"precip":20},"geometry":{"type":"Polygon","coordinates":[[[39.04,-14.55],[39.07,-14.54],[39.07,-14.5],[39.11,-14.5],[39.15,-14.5],[39.15,-14.59],[39.07,-14.59],[39.07,-14.57],[39.04,-14.55]]]}},{"type":"Feature","properties":{"precip":20},"geometry":{"type":"Polygon","coordinates":[[[33.46,-14.8],[33.46,-14.64],[33.49,-14.6],[33.64,-14.6],[33.75,-14.64],[33.82,-14.7],[33.82,-14.74],[33.85,-14.77],[33.85,-14.85],[33.78,-14.9],[33.64,-14.9],[33.57,-14.92],[33.57,-14.97],[33.53,-15.0],[33.46,-14.97],[33.46,-14.8]],[[33.75,-14.75],[33.75,-14.7],[33.67,-14.7],[33.67,-14.74],[33.64,-14.75],[33.67,-14.77],[33.67,-14.8],[33.75,-14.79],[33.75,-14.75]]]}},{"type":"Feature","properties":{"precip":20},"geometry":{"type":"Polygon","coordinates":[[[49.84,-14.75],[49.87,-14.75],[49.87,-14.7],[49.94,-14.7],[49.94,-14.79],[49.87,-14.8],[49.87,-14.75],[49.84,-14.75]]]}},{"type":"Feature","properties":{"precip":20},"geometry":{"type":"Polygon","coordinates":[[[30.65,-14.95],[30.65,-14.92],[30.72,-14.9],[30.76,-14.92],[30.76,-14.99],[30.72,-15.0],[30.65,-14.99],[30.65,-14.95]]]}},{"type":"Feature","properties":{"precip":20},"geometry":{"type":"Polygon","coordinates":[[[98.32,-15.0],[98.32,-14.94],[98.39,-14.92],[98.47,-14.9],[98.54,-14.92],[98.54,-15.0],[98.54,-15.09],[98.65,-15.12],[98.65,-15.15],[98.61,-15.17],[98.61,-15.22],[98.54,-15.27],[98.47,-15.31],[98.39,-15.27],[98.32,-15.22],[98.29,-15.17],[98.29,-15.1],[98.32,-15.1],[98.32,-15.07],[98.32,-15.05],[98.32,-15.0]]]}},{"type":"Feature","properties":{"precip":20},"geometry":{"type":"Polygon","coordinates":[[[11.97,-15.15],[11.97,-15.1],[12.0,-15.1],[12.04,-15.1],[12.04,-15.19],[11.97,-15.19],[11.97,-15.15]]]}},{"type":"Feature","properties":{"precip":20},"geometry":{"type":"Polygon","coordinates":[[[12.15,-15.2],[12.15,-15.14],[12.18,-15.12],[12.18,-15.1],[12.22,-15.1],[12.22,-15.12],[12.26,-15.12],[12.26,-15.17],[12.36,-15.19],[12.47,-15.19],[12.54,-15.2],[12.8,-15.2],[12.9,-15.22],[12.94,-15.24],[12.94,-15.27],[12.98,-15.27],[12.98,-15.31],[13.05,-15.27],[13.05,-15.15],[13.08,-15.14],[13.08,-15.1],[13.16,-15.1],[13.23,-15.1],[13.3,-15.1],[13.34,-15.14],[13.34,-15.2],[13.37,-15.24],[13.37,-15.27],[13.41,-15.29],[13.41,-15.32],[13.52,-15.41],[13.52,-15.44],[13.55,-15.46],[13.55,-15.52],[13.62,-15.59],[13.62,-15.62],[13.66,-15.66],[13.66,-15.67],[13.77,-15.74],[13.77,-15.77],[13.84,-15.77],[13.84,-15.76],[13.95,-15.66],[14.02,-15.61],[14.02,-15.64],[14.06,-15.67],[14.13,-15.69],[14.24,-15.69],[14.27,-15.71],[14.38,-15.71],[14.42,-15.72],[14.49,-15.77],[14.49,-15.81],[14.52,-15.82],[14.52,-15.84],[14.67,-15.91],[14.78,-15.91],[14.85,-15.92],[14.85,-15.97],[14.88,-15.97],[14.92,-15.99],[14.99,-15.99],[15.06,-16.04],[15.06,-16.07],[15.17,-16.11],[15.28,-16.18],[15.32,-16.23],[15.39,-16.28],[15.42,-16.33],[15.42,-16.38],[15.46,-16.41],[15.46,-16.46],[15.42,-16.46],[15.42,-16.49],[15.39,-16.49],[15.32,-16.49],[15.24,-16.53],[15.24,-16.56],[15.32,-16.58],[15.39,-16.58],[15.46,-16.59],[16.0,-16.59],[16.07,-16.61],[16.14,-16.61],[16.25,-16.66],[16.32,-16.73],[16.36,-16.78],[16.43,-16.84],[16.43,-16.89],[16.32,-16.91],[16.25,-16.93],[16.25,-17.08],[16.32,-17.1],[16.36,-17.08],[16.36,-17.05],[16.4,-17.01],[16.47,-17.06],[16.54,-17.16],[16.54,-17.33],[16.58,-17.33],[16.58,-17.41],[16.61,-17.41],[16.65,-17.43],[16.65,-17.48],[16.61,-17.48],[16.58,-17.5],[16.58,-17.58],[16.54,-17.65],[16.54,-17.75],[16.58,-17.8],[16.65,-17.76],[16.65,-17.75],[16.72,-17.7],[16.72,-17.66],[16.79,-17.58],[16.86,-17.5],[16.86,-17.41],[16.79,-17.4],[16.76,-17.4],[16.76,-17.33],[16.79,-17.33],[16.86,-17.31],[17.01,-17.31],[17.08,-17.3],[17.44,-17.3],[17.55,-17.25],[17.55,-17.15],[17.58,-17.15],[17.58,-17.1],[17.62,-17.1],[17.66,-17.15],[17.66,-17.2],[17.73,-17.2],[17.73,-17.16],[17.76,-17.15],[17.76,-17.01],[17.84,-17.0],[17.84,-17.16],[17.8,-17.2],[17.8,-17.23],[17.76,-17.23],[17.76,-17.26],[17.8,-17.3],[17.84,-17.33],[17.84,-17.5],[17.76,-17.5],[17.76,-17.43],[17.69,-17.41],[17.51,-17.41],[17.48,-17.41],[17.48,-17.45],[17.44,-17.48],[17.44,-17.63],[17.48,-17.65],[17.48,-17.68],[17.51,-17.7],[17.58,-17.7],[17.62,-17.71],[17.62,-17.75],[17.66,-17.75],[17.66,-17.83],[17.62,-17.88],[17.48,-17.92],[17.48,-17.93],[17.44,-17.93],[17.44,-17.97],[17.37,-18.0],[17.3,-18.0],[17.26,-18.0],[17.15,-18.0],[17.12,-18.0],[17.01,-18.0],[17.01,-17.98],[16.94,-17.95],[16.97,-17.93],[16.97,-17.92],[17.04,-17.88],[17.04,-17.75],[17.01,-17.7],[16.97,-17.7],[16.94,-17.73],[16.94,-17.78],[16.86,-17.76],[16.83,-17.73],[16.79,-17.73],[16.65,-17.83],[16.65,-17.88],[16.58,-17.93],[16.58,-18.0],[16.54,-18.02],[16.54,-18.05],[16.58,-18.1],[16.58,-18.17],[16.61,-18.22],[16.68,-18.27],[16.72,-18.33],[16.83,-18.42],[16.9,-18.42],[16.94,-18.42],[16.94,-18.52],[16.97,-18.53],[16.97,-18.58],[17.04,-18.58],[17.04,-18.52],[17.08,-18.5],[17.19,-18.5],[17.26,-18.53],[17.26,-18.57],[17.3,-18.58],[17.3,-18.6],[17.33,-18.58],[17.33,-18.57],[17.37,-18.53],[17.44,-18.5],[17.55,-18.5],[17.69,-18.5],[17.94,-18.52],[18.02,-18.53],[18.09,-18.58],[18.12,-18.62],[18.12,-18.72],[18.16,-18.75],[18.16,-18.92],[18.12,-18.94],[18.12,-18.99],[18.05,-19.0],[17.98,-19.02],[17.98,-19.05],[17.94,-19.07],[17.94,-19.42],[17.98,-19.45],[17.98,-19.49],[18.02,-19.49],[18.12,-19.49],[18.16,-19.49],[18.16,-19.42],[18.2,-19.4],[18.3,-19.4],[18.34,-19.37],[18.34,-19.19],[18.38,-19.17],[18.38,-19.1],[18.45,-19.07],[18.45,-19.04],[18.38,-19.0],[18.38,-18.97],[18.34,-18.94],[18.38,-18.92],[18.41,-18.92],[18.48,-18.97],[18.48,-19.0],[18.52,-19.04],[18.59,-19.09],[18.63,-19.07],[18.66,-19.04],[18.66,-18.94],[18.7,-18.92],[18.77,-18.9],[18.88,-18.9],[18.95,-18.87],[18.95,-18.84],[18.99,-18.8],[19.02,-18.8],[19.13,-18.84],[19.2,-18.92],[19.24,-18.92],[19.24,-18.99],[19.1,-19.02],[19.06,-19.04],[19.06,-19.17],[19.17,-19.25],[19.24,-19.3],[19.31,-19.3],[19.35,-19.32],[19.35,-19.37],[19.42,-19.4],[19.49,-19.4],[19.53,-19.4],[19.53,-19.45],[19.56,-19.49],[19.56,-19.62],[19.53,-19.66],[19.53,-19.76],[19.49,-19.79],[19.49,-19.82],[19.46,-19.86],[19.28,-19.91],[19.2,-19.89],[19.13,-19.82],[19.13,-19.81],[19.1,-19.81],[19.06,-19.82],[19.06,-19.87],[18.99,-19.91],[18.95,-19.87],[18.95,-19.74],[18.88,-19.71],[18.59,-19.71],[18.45,-19.67],[18.41,-19.67],[18.34,-19.66],[18.34,-19.62],[18.3,-19.62],[18.16,-19.74],[18.12,-19.77],[18.02,-19.86],[18.02,-19.87],[17.94,-19.91],[17.87,-19.91],[17.84,-19.94],[17.84,-19.99],[17.8,-19.99],[17.66,-19.99],[17.58,-20.01],[17.55,-20.04],[17.55,-20.17],[17.51,-20.24],[17.51,-20.29],[17.44,-20.37],[17.37,-20.39],[17.37,-20.34],[17.3,-20.31],[17.22,-20.31],[17.22,-20.29],[17.15,-20.27],[17.15,-20.22],[17.12,-20.21],[17.01,-20.21],[16.94,-20.24],[16.94,-20.29],[16.83,-20.31],[16.79,-20.32],[16.72,-20.36],[16.68,-20.41],[16.68,-20.44],[16.65,-20.48],[16.58,-20.49],[16.47,-20.53],[16.4,-20.59],[16.4,-20.61],[16.36,-20.66],[16.43,-20.73],[16.43,-20.78],[16.47,-20.81],[16.47,-20.91],[16.5,-20.96],[16.5,-20.99],[16.54,-21.01],[16.54,-21.06],[16.58,-21.08],[16.61,-21.13],[16.68,-21.18],[16.72,-21.21],[16.76,-21.18],[16.76,-21.08],[16.79,-21.03],[16.79,-20.99],[16.86,-20.93],[16.97,-20.91],[17.12,-20.91],[17.19,-20.91],[17.26,-20.96],[17.33,-21.03],[17.33,-21.08],[17.37,-21.13],[17.37,-21.21],[17.4,-21.21],[17.44,-21.23],[17.44,-21.38],[17.37,-21.41],[17.37,-21.58],[17.4,-21.6],[17.44,-21.58],[17.44,-21.55],[17.48,-21.51],[17.55,-21.51],[17.58,-21.51],[17.69,-21.58],[17.84,-21.75],[17.84,-21.86],[17.76,-21.93],[17.76,-21.96],[17.73,-22.0],[17.66,-21.98],[17.66,-21.93],[17.62,-21.91],[17.55,-21.91],[17.48,-21.9],[17.48,-21.86],[17.44,-21.86],[17.44,-21.83],[17.33,-21.8],[17.26,-21.8],[17.26,-21.81],[17.19,-21.81],[17.15,-21.83],[17.15,-21.88],[17.12,-21.88],[17.01,-21.91],[16.94,-21.93],[16.94,-21.96],[16.97,-21.96],[16.97,-22.0],[17.01,-22.0],[17.08,-22.0],[17.12,-22.01],[17.19,-22.08],[17.19,-22.1],[17.22,-22.12],[17.22,-22.18],[17.19,-22.2],[17.19,-22.23],[17.15,-22.27],[17.08,-22.28],[17.04,-22.25],[17.04,-22.23],[16.97,-22.18],[16.97,-22.13],[16.94,-22.12],[16.94,-22.05],[16.86,-21.98],[16.72,-21.81],[16.61,-21.73],[16.5,-21.66],[16.43,-21.61],[16.32,-21.6],[16.25,-21.63],[16.25,-21.66],[16.22,-21.7],[16.14,-21.7],[16.11,-21.68],[16.04,-21.63],[16.0,-21.61],[16.0,-21.58],[15.96,-21.56],[15.96,-21.45],[15.93,-21.43],[15.93,-21.41],[15.89,-21.41],[15.89,-21.36],[15.86,-21.28],[15.86,-20.73],[15.89,-20.63],[15.93,-20.59],[15.93,-20.53],[15.89,-20.51],[15.89,-20.49],[15.82,-20.41],[15.68,-20.24],[15.68,-20.17],[15.64,-20.12],[15.64,-19.99],[15.68,-19.96],[15.68,-19.91],[15.71,-19.91],[15.86,-19.91],[15.96,-19.86],[15.96,-19.82],[16.0,-19.81],[16.11,-19.81],[16.14,-19.79],[16.14,-19.74],[16.11,-19.71],[16.11,-19.67],[16.04,-19.66],[16.0,-19.62],[16.0,-19.59],[15.96,-19.57],[15.96,-19.5],[15.93,-19.49],[15.93,-19.42],[15.86,-19.35],[15.75,-19.32],[15.68,-19.3],[15.5,-19.3],[15.46,-19.32],[15.39,-19.32],[15.35,-19.32],[15.35,-19.37],[15.28,-19.4],[15.21,-19.4],[15.17,-19.39],[15.17,-19.32],[15.14,-19.29],[15.14,-19.14],[15.1,-19.1],[15.03,-19.09],[14.96,-19.07],[14.96,-19.0],[14.92,-18.95],[14.92,-18.92],[14.85,-18.87],[14.85,-18.84],[14.81,-18.8],[14.78,-18.8],[14.78,-18.84],[14.74,-18.84],[14.74,-18.97],[14.7,-19.0],[14.52,-19.0],[14.45,-18.97],[14.45,-18.92],[14.38,-18.9],[14.31,-18.9],[14.24,-18.84],[14.27,-18.8],[14.34,-18.77],[14.31,-18.75],[14.31,-18.72],[14.09,-18.5],[14.09,-18.45],[14.06,-18.43],[14.13,-18.38],[14.16,-18.37],[14.16,-18.33],[14.09,-18.3],[14.02,-18.3],[13.95,-18.27],[13.95,-18.23],[13.88,-18.2],[13.77,-18.18],[13.77,-18.05],[13.73,-18.02],[13.73,-17.92],[13.66,-17.9],[13.59,-17.88],[13.48,-17.8],[13.48,-17.75],[13.44,-17.71],[13.44,-17.65],[13.52,-17.6],[13.59,-17.6],[13.62,-17.58],[13.66,-17.58],[13.66,-17.53],[13.62,-17.5],[13.55,-17.48],[13.55,-17.38],[13.52,-17.35],[13.52,-17.31],[13.44,-17.25],[13.26,-17.16],[13.23,-17.15],[13.23,-17.11],[13.16,-17.06],[13.16,-17.05],[13.08,-17.01],[13.08,-17.0],[13.01,-17.0],[12.94,-17.0],[13.01,-16.89],[13.05,-16.86],[13.05,-16.83],[13.08,-16.81],[13.12,-16.81],[13.16,-16.83],[13.16,-16.88],[13.23,-16.91],[13.26,-16.91],[13.34,-16.86],[13.34,-16.73],[13.23,-16.69],[12.9,-16.69],[12.87,-16.68],[12.87,-16.56],[12.83,-16.53],[12.83,-16.44],[12.8,-16.41],[12.8,-16.39],[12.76,-16.34],[12.72,-16.33],[12.72,-16.31],[12.69,-16.29],[12.69,-16.26],[12.65,-16.24],[12.65,-16.04],[12.72,-15.99],[12.83,-15.99],[12.98,-15.94],[13.01,-15.91],[13.01,-15.89],[13.05,-15.86],[13.05,-15.82],[13.01,-15.81],[12.83,-15.81],[12.72,-15.77],[12.65,-15.74],[12.58,-15.69],[12.54,-15.66],[12.47,-15.59],[12.47,-15.57],[12.44,-15.54],[12.36,-15.51],[12.29,-15.51],[12.26,-15.47],[12.26,-15.34],[12.22,-15.34],[12.22,-15.31],[12.15,-15.27],[12.15,-15.2]],[[14.06,-15.94],[14.06,-15.91],[13.98,-15.91],[13.95,-15.91],[13.95,-15.99],[14.02,-15.99],[14.06,-15.97],[14.06,-15.94]],[[16.14,-17.05],[16.14,-17.0],[16.07,-17.0],[16.07,-17.03],[16.04,-17.05],[16.07,-17.08],[16.07,-17.1],[16.14,-17.08],[16.14,-17.05]],[[16.25,-17.6],[16.25,-17.43],[16.22,-17.41],[16.14,-17.45],[16.11,-17.5],[16.07,-17.5],[16.07,-17.58],[16.11,-17.58],[16.11,-17.61],[16.14,-17.63],[16.14,-17.75],[16.18,-17.76],[16.18,-17.8],[16.22,-17.8],[16.22,-17.76],[16.25,-17.75],[16.25,-17.6]],[[14.06,-17.7],[14.06,-17.66],[14.02,-17.61],[13.98,-17.6],[13.84,-17.6],[13.77,-17.61],[13.77,-17.68],[13.8,-17.7],[13.88,-17.7],[13.95,-17.73],[13.95,-17.78],[14.02,-17.8],[14.02,-17.76],[14.06,-17.75],[14.06,-17.7]],[[17.26,-17.85],[17.26,-17.83],[17.22,-17.8],[17.15,-17.82],[17.15,-17.88],[17.22,-17.9],[17.26,-17.88],[17.26,-17.85]],[[14.99,-18.58],[14.92,-18.52],[14.88,-18.5],[14.78,-18.5],[14.74,-18.52],[14.74,-18.57],[14.78,-18.57],[14.78,-18.58],[14.81,-18.6],[14.88,-18.67],[14.88,-18.69],[14.92,-18.72],[14.92,-18.75],[14.96,-18.77],[14.96,-18.87],[14.99,-18.87],[14.99,-18.9],[15.1,-18.9],[15.14,-18.89],[15.14,-18.8],[15.06,-18.8],[15.06,-18.72],[15.03,-18.69],[15.03,-18.62],[14.99,-18.6],[14.99,-18.58]],[[14.74,-18.65],[14.74,-18.6],[14.67,-18.6],[14.67,-18.72],[14.74,-18.69],[14.74,-18.65]],[[16.04,-18.72],[16.04,-18.6],[15.96,-18.62],[15.96,-18.79],[16.04,-18.79],[16.04,-18.72]],[[16.25,-18.75],[16.25,-18.72],[16.18,-18.72],[16.14,-18.72],[16.14,-18.77],[16.18,-18.79],[16.25,-18.79],[16.25,-18.75]],[[16.14,-19.1],[16.14,-19.04],[16.11,-19.02],[15.96,-19.02],[15.78,-19.07],[15.78,-19.12],[15.75,-19.15],[15.75,-19.17],[15.78,-19.19],[15.86,-19.19],[15.86,-19.2],[16.0,-19.2],[16.07,-19.19],[16.14,-19.17],[16.14,-19.1]],[[16.54,-19.84],[16.54,-19.81],[16.47,-19.81],[16.47,-19.91],[16.54,-19.89],[16.54,-19.84]],[[16.25,-20.74],[16.25,-20.71],[16.18,-20.69],[16.14,-20.73],[16.14,-20.78],[16.22,-20.81],[16.25,-20.79],[16.25,-20.74]]]}},{"type":"Feature","properties":{"precip":20},"geometry":{"type":"Polygon","coordinates":[[[49.94,-15.2],[49.94,-15.17],[49.98,-15.15],[49.98,-15.1],[50.02,-15.1],[50.02,-15.12],[50.05,-15.12],[50.05,-15.24],[50.09,-15.26],[50.09,-15.29],[50.16,-15.34],[50.23,-15.42],[50.23,-15.46],[50.27,-15.51],[50.27,-15.54],[50.23,-15.57],[50.23,-15.59],[50.16,-15.59],[50.16,-15.46],[50.12,-15.42],[50.09,-15.41],[49.94,-15.41],[49.87,-15.37],[49.87,-15.31],[49.94,-15.29],[49.94,-15.2]]]}},{"type":"Feature","properties":{"precip":20},"geometry":{"type":"Polygon","coordinates":[[[52.07,-15.2],[52.07,-15.1],[52.14,-15.1],[52.14,-15.29],[52.1,-15.31],[52.07,-15.29],[52.07,-15.2]]]}},{"type":"Feature","properties":{"precip":20},"geometry":{"type":"Polygon","coordinates":[[[19.17,-15.31],[19.17,-15.22],[19.2,-15.2],[19.28,-15.2],[19.35,-15.26],[19.35,-15.34],[19.28,-15.42],[19.28,-15.44],[19.13,-15.51],[19.02,-15.51],[18.95,-15.54],[18.95,-15.57],[18.88,-15.59],[18.88,-15.57],[18.84,-15.57],[18.84,-15.54],[18.88,-15.51],[18.92,-15.51],[18.92,-15.47],[18.95,-15.46],[18.95,-15.34],[18.99,-15.31],[19.06,-15.32],[19.06,-15.39],[19.1,-15.41],[19.13,-15.39],[19.13,-15.34],[19.17,-15.31]]]}},{"type":"Feature","properties":{"precip":20},"geometry":{"type":"Polygon","coordinates":[[[21.04,-15.26],[21.08,-15.2],[21.15,-15.22],[21.15,-15.29],[21.08,-15.31],[21.08,-15.27],[21.04,-15.27],[21.04,-15.26]]]}},{"type":"Feature","properties":{"precip":20},"geometry":{"type":"Polygon","coordinates":[[[33.57,-15.26],[33.57,-15.2],[33.64,-15.2],[33.64,-15.29],[33.6,-15.31],[33.57,-15.29],[33.57,-15.26]]]}},{"type":"Feature","properties":{"precip":20},"geometry":{"type":"Polygon","coordinates":[[[39.94,-15.34],[39.97,-15.34],[39.97,-15.31],[40.05,-15.31],[40.05,-15.39],[39.97,-15.41],[39.97,-15.37],[39.94,-15.34]]]}},{"type":"Feature","properties":{"precip":20},"geometry":{"type":"Polygon","coordinates":[[[18.63,-15.47],[18.63,-15.44],[18.7,-15.42],[18.74,-15.42],[18.74,-15.54],[18.7,-15.59],[18.7,-15.62],[18.63,-15.67],[18.56,-15.69],[18.56,-15.59],[18.59,-15.54],[18.59,-15.51],[18.63,-15.47]]]}},{"type":"Feature","properties":{"precip":20},"geometry":{"type":"Polygon","coordinates":[[[26.26,-15.56],[26.26,-15.52],[26.29,-15.51],[26.4,-15.51],[26.44,-15.51],[26.44,-15.59],[26.4,-15.59],[26.29,-15.59],[26.26,-15.59],[26.26,-15.56]]]}},{"type":"Feature","properties":{"precip":20},"geometry":{"type":"Polygon","coordinates":[[[39.76,-15.56],[39.76,-15.51],[39.83,-15.51],[39.83,-15.52],[39.87,-15.52],[39.87,-15.57],[39.83,-15.59],[39.76,-15.59],[39.76,-15.56]]]}},{"type":"Feature","properties":{"precip":20},"geometry":{"type":"Polygon","coordinates":[[[27.45,-15.74],[27.45,-15.72],[27.48,-15.71],[27.63,-15.71],[27.7,-15.72],[27.77,-15.77],[27.84,-15.86],[27.84,-15.96],[27.77,-15.99],[27.63,-15.99],[27.55,-15.97],[27.55,-15.82],[27.52,-15.81],[27.45,-15.77],[27.45,-15.74]]]}},{"type":"Feature","properties":{"precip":20},"geometry":{"type":"Polygon","coordinates":[[[35.26,-16.24],[35.26,-16.23],[35.33,-16.19],[35.33,-16.23],[35.37,-16.24],[35.37,-16.26],[35.29,-16.31],[35.26,-16.29],[35.26,-16.24]]]}},{"type":"Feature","properties":{"precip":20},"geometry":{"type":"Polygon","coordinates":[[[50.2,-16.28],[50.27,-16.23],[50.3,-16.23],[50.41,-16.23],[50.45,-16.23],[50.45,-16.29],[50.38,-16.31],[50.38,-16.34],[50.34,-16.38],[50.34,-16.49],[50.27,-16.49],[50.27,-16.46],[50.2,-16.41],[50.2,-16.38],[50.16,-16.33],[50.2,-16.33],[50.2,-16.28]]]}},{"type":"Feature","properties":{"precip":20},"geometry":{"type":"Polygon","coordinates":[[[17.8,-16.78],[17.87,-16.74],[17.87,-16.71],[17.94,-16.71],[17.94,-16.76],[17.91,-16.78],[17.91,-16.81],[17.8,-16.88],[17.76,-16.88],[17.76,-16.83],[17.8,-16.78]]]}},{"type":"Feature","properties":{"precip":20},"geometry":{"type":"Polygon","coordinates":[[[27.34,-16.74],[27.37,-16.73],[27.37,-16.69],[27.45,-16.71],[27.45,-16.79],[27.37,-16.79],[27.34,-16.74]]]}},{"type":"Feature","properties":{"precip":20},"geometry":{"type":"Polygon","coordinates":[[[17.44,-16.84],[17.48,-16.83],[17.55,-16.79],[17.62,-16.81],[17.66,-16.83],[17.66,-16.86],[17.58,-16.91],[17.48,-16.89],[17.48,-16.86],[17.44,-16.84]]]}},{"type":"Feature","properties":{"precip":20},"geometry":{"type":"Polygon","coordinates":[[[18.02,-16.88],[18.05,-16.84],[18.05,-16.83],[18.12,-16.81],[18.16,-16.83],[18.16,-16.86],[18.23,-16.93],[18.23,-16.94],[18.34,-17.0],[18.41,-17.0],[18.48,-17.0],[18.63,-17.0],[18.81,-17.03],[18.88,-17.08],[18.95,-17.16],[18.95,-17.3],[19.02,-17.3],[19.02,-17.33],[19.06,-17.33],[19.06,-17.48],[19.1,-17.5],[19.1,-17.51],[19.13,-17.51],[19.13,-17.56],[19.1,-17.58],[19.1,-17.61],[19.06,-17.63],[19.06,-17.75],[19.02,-17.76],[19.02,-17.8],[18.95,-17.78],[18.95,-17.75],[18.88,-17.71],[18.77,-17.7],[18.56,-17.7],[18.41,-17.66],[18.34,-17.65],[18.27,-17.58],[18.27,-17.46],[18.23,-17.45],[18.23,-17.41],[18.16,-17.36],[18.16,-17.33],[18.2,-17.33],[18.23,-17.3],[18.23,-17.15],[18.16,-17.05],[18.09,-17.01],[17.98,-17.0],[17.94,-17.0],[17.94,-16.96],[17.98,-16.93],[17.98,-16.91],[18.02,-16.88]]]}},{"type":"Feature","properties":{"precip":20},"geometry":{"type":"Polygon","coordinates":[[[24.14,-16.83],[24.17,-16.81],[24.21,-16.81],[24.24,-16.84],[24.32,-16.89],[24.32,-16.94],[24.35,-16.96],[24.35,-17.0],[24.28,-17.0],[24.28,-16.96],[24.17,-16.88],[24.17,-16.84],[24.14,-16.83]]]}},{"type":"Feature","properties":{"precip":20},"geometry":{"type":"Polygon","coordinates":[[[23.96,-17.2],[23.96,-17.15],[23.99,-17.1],[24.03,-17.1],[24.03,-17.15],[24.06,-17.16],[24.06,-17.25],[24.03,-17.25],[24.03,-17.3],[23.96,-17.26],[23.96,-17.2]]]}},{"type":"Feature","properties":{"precip":20},"geometry":{"type":"Polygon","coordinates":[[[27.27,-17.16],[27.27,-17.1],[27.34,-17.1],[27.34,-17.2],[27.27,-17.2],[27.27,-17.16]]]}},{"type":"Feature","properties":{"precip":20},"geometry":{"type":"Polygon","coordinates":[[[50.45,-17.16],[50.45,-17.15],[50.48,-17.1],[50.56,-17.11],[50.56,-17.18],[50.48,-17.2],[50.45,-17.18],[50.45,-17.16]]]}},{"type":"Feature","properties":{"precip":20},"geometry":{"type":"Polygon","coordinates":[[[19.96,-17.25],[19.96,-17.21],[20.03,-17.2],[20.03,-17.23],[20.07,-17.25],[20.03,-17.26],[20.03,-17.3],[19.96,-17.3],[19.96,-17.25]]]}},{"type":"Feature","properties":{"precip":20},"geometry":{"type":"Polygon","coordinates":[[[20.21,-17.38],[20.25,-17.35],[20.25,-17.33],[20.28,-17.31],[20.36,-17.33],[20.43,-17.41],[20.46,-17.48],[20.54,-17.56],[20.54,-17.66],[20.5,-17.68],[20.43,-17.76],[20.36,-17.8],[20.28,-17.78],[20.25,-17.75],[20.25,-17.63],[20.14,-17.55],[20.14,-17.51],[20.18,-17.48],[20.18,-17.41],[20.21,-17.38]]]}},{"type":"Feature","properties":{"precip":20},"geometry":{"type":"Polygon","coordinates":[[[26.44,-17.45],[26.47,-17.41],[26.55,-17.41],[26.55,-17.5],[26.47,-17.5],[26.47,-17.48],[26.44,-17.45]]]}},{"type":"Feature","properties":{"precip":20},"geometry":{"type":"Polygon","coordinates":[[[28.71,-17.48],[28.78,-17.41],[28.85,-17.41],[28.85,-17.5],[28.78,-17.5],[28.78,-17.55],[28.74,-17.56],[28.74,-17.68],[28.67,-17.7],[28.67,-17.55],[28.71,-17.5],[28.71,-17.48]]]}},{"type":"Feature","properties":{"precip":20},"geometry":{"type":"Polygon","coordinates":[[[26.76,-17.7],[26.76,-17.53],[26.8,-17.5],[26.83,-17.51],[26.83,-17.68],[26.87,-17.71],[26.87,-17.78],[26.94,-17.82],[26.94,-17.88],[26.91,-17.9],[26.8,-17.9],[26.76,-17.87],[26.76,-17.7]]]}},{"type":"Feature","properties":{"precip":20},"geometry":{"type":"Polygon","coordinates":[[[26.44,-17.65],[26.47,-17.6],[26.55,-17.61],[26.55,-17.68],[26.47,-17.7],[26.47,-17.66],[26.44,-17.66],[26.44,-17.65]]]}},{"type":"Feature","properties":{"precip":20},"geometry":{"type":"Polygon","coordinates":[[[91.63,-17.75],[91.63,-17.71],[91.73,-17.7],[91.73,-17.73],[91.77,-17.75],[91.73,-17.76],[91.73,-17.8],[91.63,-17.8],[91.63,-17.75]]]}},{"type":"Feature","properties":{"precip":20},"geometry":{"type":"Polygon","coordinates":[[[18.27,-17.85],[18.27,-17.82],[18.3,-17.8],[18.34,-17.83],[18.34,-18.05],[18.27,-18.1],[18.2,-18.08],[18.12,-18.03],[18.05,-17.97],[18.05,-17.92],[18.12,-17.92],[18.23,-17.88],[18.27,-17.85]]]}},{"type":"Feature","properties":{"precip":20},"geometry":{"type":"Polygon","coordinates":[[[48.86,-17.95],[48.86,-17.92],[48.9,-17.9],[48.94,-17.92],[48.94,-18.0],[48.9,-18.0],[48.86,-18.0],[48.86,-17.95]]]}},{"type":"Feature","properties":{"precip":20},"geometry":{"type":"Polygon","coordinates":[[[20.86,-18.1],[20.86,-18.02],[20.93,-18.0],[21.04,-18.03],[21.11,-18.12],[21.18,-18.17],[21.22,-18.22],[21.22,-18.25],[21.26,-18.3],[21.26,-18.37],[21.22,-18.42],[21.15,-18.37],[21.15,-18.33],[21.11,-18.33],[21.11,-18.3],[21.08,-18.28],[21.08,-18.25],[21.04,-18.23],[20.97,-18.2],[20.93,-18.2],[20.86,-18.17],[20.86,-18.1]]]}},{"type":"Feature","properties":{"precip":20},"geometry":{"type":"Polygon","coordinates":[[[51.31,-18.08],[51.38,-18.02],[51.38,-18.0],[51.46,-18.0],[51.46,-18.08],[51.53,-18.08],[51.53,-18.1],[51.6,-18.1],[51.64,-18.13],[51.64,-18.27],[51.56,-18.3],[51.38,-18.3],[51.28,-18.27],[51.28,-18.25],[51.24,-18.22],[51.24,-18.17],[51.31,-18.08]]]}},{"type":"Feature","properties":{"precip":20},"geometry":{"type":"Polygon","coordinates":[[[17.04,-18.15],[17.12,-18.1],[17.3,-18.1],[17.33,-18.12],[17.33,-18.17],[17.26,-18.2],[17.15,-18.2],[17.04,-18.17],[17.04,-18.15]]]}},{"type":"Feature","properties":{"precip":20},"geometry":{"type":"Polygon","coordinates":[[[17.69,-18.18],[17.76,-18.12],[17.8,-18.12],[17.87,-18.15],[17.87,-18.17],[17.91,-18.2],[17.91,-18.23],[17.94,-18.25],[17.94,-18.28],[17.87,-18.28],[17.87,-18.25],[17.84,-18.25],[17.84,-18.22],[17.8,-18.2],[17.76,-18.22],[17.76,-18.25],[17.73,-18.25],[17.73,-18.28],[17.66,-18.28],[17.66,-18.25],[17.69,-18.23],[17.69,-18.18]]]}},{"type":"Feature","properties":{"precip":20},"geometry":{"type":"Polygon","coordinates":[[[21.51,-18.17],[21.54,-18.15],[21.62,-18.12],[21.69,-18.1],[21.76,-18.1],[21.9,-18.13],[21.98,-18.17],[22.08,-18.27],[22.08,-18.28],[22.16,-18.25],[22.19,-18.22],[22.23,-18.2],[22.3,-18.2],[22.34,-18.22],[22.34,-18.25],[22.37,-18.25],[22.37,-18.28],[22.41,-18.3],[22.48,-18.3],[22.55,-18.33],[22.55,-18.72],[22.59,-18.75],[22.59,-18.79],[22.62,-18.8],[22.66,-18.79],[22.66,-18.74],[22.7,-18.72],[22.73,-18.72],[22.73,-18.74],[22.77,-18.77],[22.77,-18.8],[22.8,-18.8],[22.84,-18.77],[22.84,-18.58],[22.88,-18.57],[22.88,-18.5],[22.95,-18.5],[22.98,-18.5],[23.09,-18.52],[23.16,-18.57],[23.24,-18.63],[23.24,-18.74],[23.27,-18.75],[23.27,-18.8],[23.34,-18.82],[23.34,-18.97],[23.31,-19.0],[23.13,-19.0],[23.06,-18.97],[23.06,-18.92],[22.98,-18.9],[22.91,-18.9],[22.84,-18.94],[22.84,-18.97],[22.91,-19.0],[22.95,-19.02],[22.95,-19.15],[22.98,-19.17],[22.98,-19.19],[23.02,-19.2],[23.09,-19.19],[23.16,-19.17],[23.16,-19.12],[23.24,-19.1],[23.38,-19.1],[23.45,-19.14],[23.45,-19.19],[23.38,-19.2],[23.38,-19.24],[23.34,-19.24],[23.34,-19.37],[23.31,-19.4],[23.2,-19.4],[23.16,-19.4],[23.16,-19.45],[23.09,-19.49],[23.02,-19.49],[22.98,-19.5],[22.98,-19.54],[22.95,-19.57],[22.95,-19.82],[22.98,-19.84],[22.98,-19.91],[23.02,-19.91],[23.02,-19.99],[23.06,-20.02],[23.06,-20.41],[23.02,-20.44],[23.02,-20.49],[22.98,-20.49],[22.91,-20.49],[22.84,-20.46],[22.84,-20.41],[22.8,-20.41],[22.7,-20.41],[22.66,-20.37],[22.66,-20.31],[22.73,-20.29],[22.73,-20.17],[22.77,-20.14],[22.77,-19.92],[22.8,-19.91],[22.8,-19.89],[22.84,-19.87],[22.84,-19.82],[22.8,-19.77],[22.73,-19.74],[22.7,-19.72],[22.62,-19.71],[22.55,-19.71],[22.48,-19.69],[22.48,-19.66],[22.44,-19.66],[22.44,-19.62],[22.3,-19.57],[22.26,-19.57],[22.26,-19.49],[22.23,-19.45],[22.23,-19.42],[22.19,-19.4],[22.05,-19.4],[21.98,-19.44],[21.87,-19.57],[21.87,-19.71],[21.83,-19.76],[21.8,-19.84],[21.72,-19.99],[21.69,-20.04],[21.62,-20.07],[21.58,-20.07],[21.54,-20.02],[21.54,-19.99],[21.51,-19.99],[21.47,-20.04],[21.47,-20.12],[21.44,-20.17],[21.44,-20.32],[21.4,-20.39],[21.33,-20.48],[21.33,-20.49],[21.22,-20.41],[21.18,-20.41],[21.15,-20.44],[21.04,-20.58],[20.9,-20.59],[20.82,-20.54],[20.75,-20.44],[20.68,-20.41],[20.61,-20.41],[20.54,-20.34],[20.57,-20.32],[20.57,-20.31],[20.64,-20.26],[20.64,-19.99],[20.68,-19.96],[20.68,-19.91],[20.72,-19.91],[20.72,-19.87],[20.75,-19.86],[20.75,-19.66],[20.79,-19.62],[20.79,-19.59],[20.82,-19.57],[20.86,-19.57],[20.86,-19.54],[20.75,-19.49],[20.75,-19.42],[20.82,-19.4],[20.9,-19.4],[20.93,-19.39],[20.93,-19.27],[20.97,-19.22],[20.97,-18.92],[21.04,-18.9],[21.18,-18.9],[21.22,-18.92],[21.29,-18.92],[21.36,-18.95],[21.36,-18.99],[21.4,-19.0],[21.44,-18.99],[21.44,-18.95],[21.47,-18.94],[21.47,-18.92],[21.54,-18.92],[21.54,-18.95],[21.62,-19.0],[21.62,-19.02],[21.65,-19.04],[21.65,-19.07],[21.62,-19.07],[21.54,-19.14],[21.54,-19.2],[21.58,-19.24],[21.58,-19.27],[21.65,-19.3],[21.72,-19.32],[21.76,-19.34],[21.76,-19.37],[21.8,-19.39],[21.87,-19.34],[21.94,-19.25],[21.94,-19.17],[21.9,-19.12],[21.9,-19.07],[21.8,-19.02],[21.76,-18.97],[21.76,-18.92],[21.8,-18.92],[21.8,-18.89],[21.9,-18.8],[21.98,-18.72],[21.94,-18.67],[21.94,-18.63],[21.8,-18.6],[21.62,-18.6],[21.47,-18.58],[21.47,-18.52],[21.44,-18.48],[21.44,-18.38],[21.47,-18.35],[21.47,-18.25],[21.51,-18.22],[21.51,-18.17]],[[22.44,-18.65],[22.44,-18.6],[22.37,-18.6],[22.37,-18.63],[22.34,-18.65],[22.37,-18.67],[22.37,-18.72],[22.44,-18.69],[22.44,-18.65]],[[22.44,-19.0],[22.44,-18.92],[22.41,-18.92],[22.34,-18.94],[22.3,-18.99],[22.3,-19.02],[22.26,-19.04],[22.26,-19.09],[22.34,-19.1],[22.44,-19.07],[22.44,-19.0]],[[21.15,-19.27],[21.15,-19.22],[21.08,-19.2],[21.08,-19.25],[21.04,-19.29],[21.04,-19.4],[21.08,-19.44],[21.08,-19.49],[21.11,-19.49],[21.15,-19.52],[21.15,-19.66],[21.18,-19.67],[21.26,-19.71],[21.33,-19.71],[21.36,-19.69],[21.44,-19.69],[21.44,-19.64],[21.4,-19.61],[21.4,-19.57],[21.26,-19.49],[21.26,-19.44],[21.18,-19.39],[21.18,-19.34],[21.15,-19.32],[21.15,-19.27]],[[22.95,-19.35],[22.95,-19.32],[22.88,-19.3],[22.84,-19.32],[22.84,-19.37],[22.88,-19.4],[22.95,-19.39],[22.95,-19.35]],[[23.16,-19.35],[23.16,-19.32],[23.13,-19.3],[23.06,-19.32],[23.06,-19.39],[23.09,-19.4],[23.16,-19.37],[23.16,-19.35]],[[22.77,-19.49],[22.73,-19.45],[22.73,-19.42],[22.66,-19.4],[22.59,-19.4],[22.55,-19.44],[22.55,-19.57],[22.62,-19.59],[22.7,-19.59],[22.73,-19.57],[22.73,-19.54],[22.77,-19.52],[22.77,-19.49]],[[21.65,-19.96],[21.65,-19.91],[21.58,-19.91],[21.54,-19.92],[21.54,-19.99],[21.58,-19.99],[21.65,-19.99],[21.65,-19.96]]]}},{"type":"Feature","properties":{"precip":20},"geometry":{"type":"Polygon","coordinates":[[[22.66,-18.15],[22.66,-18.1],[22.73,-18.1],[22.73,-18.13],[22.77,-18.15],[22.73,-18.17],[22.73,-18.2],[22.66,-18.18],[22.66,-18.15]]]}},{"type":"Feature","properties":{"precip":20},"geometry":{"type":"Polygon","coordinates":[[[23.06,-18.15],[23.06,-18.12],[23.13,-18.1],[23.16,-18.13],[23.16,-18.17],[23.13,-18.17],[23.13,-18.2],[23.06,-18.18],[23.06,-18.15]]]}},{"type":"Feature","properties":{"precip":20},"geometry":{"type":"Polygon","coordinates":[[[27.84,-18.25],[27.84,-18.23],[27.88,-18.23],[27.88,-18.2],[27.95,-18.22],[27.95,-18.28],[27.88,-18.28],[27.84,-18.25]]]}},{"type":"Feature","properties":{"precip":20},"geometry":{"type":"Polygon","coordinates":[[[17.15,-18.35],[17.15,-18.32],[17.22,-18.3],[17.26,-18.33],[17.26,-18.38],[17.22,-18.42],[17.15,-18.38],[17.15,-18.35]]]}},{"type":"Feature","properties":{"precip":20},"geometry":{"type":"Polygon","coordinates":[[[18.84,-18.57],[18.84,-18.47],[18.88,-18.43],[18.88,-18.42],[18.95,-18.42],[19.06,-18.42],[19.13,-18.42],[19.13,-18.47],[19.17,-18.5],[19.17,-18.58],[19.13,-18.63],[19.13,-18.67],[19.06,-18.72],[18.95,-18.72],[18.88,-18.69],[18.88,-18.67],[18.84,-18.63],[18.84,-18.57]]]}},{"type":"Feature","properties":{"precip":20},"geometry":{"type":"Polygon","coordinates":[[[26.55,-18.57],[26.55,-18.52],[26.62,-18.5],[26.62,-18.52],[26.65,-18.52],[26.65,-18.58],[26.62,-18.6],[26.55,-18.58],[26.55,-18.57]]]}},{"type":"Feature","properties":{"precip":20},"geometry":{"type":"Polygon","coordinates":[[[34.75,-18.57],[34.75,-18.52],[34.86,-18.5],[34.93,-18.52],[34.97,-18.57],[34.93,-18.57],[34.93,-18.58],[34.83,-18.6],[34.83,-18.58],[34.75,-18.58],[34.75,-18.57]]]}},{"type":"Feature","properties":{"precip":20},"geometry":{"type":"Polygon","coordinates":[[[44.87,-18.65],[44.87,-18.6],[44.94,-18.6],[44.94,-18.69],[44.87,-18.72],[44.87,-18.65]]]}},{"type":"Feature","properties":{"precip":20},"geometry":{"type":"Polygon","coordinates":[[[29.35,-18.75],[29.35,-18.72],[29.43,-18.72],[29.46,-18.74],[29.46,-18.77],[29.43,-18.77],[29.43,-18.8],[29.35,-18.79],[29.35,-18.75]]]}},{"type":"Feature","properties":{"precip":20},"geometry":{"type":"Polygon","coordinates":[[[50.27,-18.8],[50.27,-18.72],[50.34,-18.72],[50.34,-18.75],[50.41,-18.8],[50.48,-18.8],[50.56,-18.84],[50.56,-18.97],[50.48,-19.02],[50.48,-19.07],[50.45,-19.09],[50.45,-19.37],[50.38,-19.4],[50.38,-19.49],[50.34,-19.49],[50.34,-19.66],[50.3,-19.69],[50.23,-19.69],[50.16,-19.67],[50.16,-19.61],[50.23,-19.59],[50.23,-19.54],[50.27,-19.52],[50.27,-19.49],[50.23,-19.45],[50.23,-19.4],[50.2,-19.4],[50.12,-19.4],[49.98,-19.29],[49.98,-19.22],[50.02,-19.2],[50.02,-19.17],[50.05,-19.17],[50.05,-18.95],[50.09,-18.92],[50.12,-18.9],[50.2,-18.9],[50.23,-18.89],[50.23,-18.84],[50.27,-18.84],[50.27,-18.8]]]}},{"type":"Feature","properties":{"precip":20},"geometry":{"type":"Polygon","coordinates":[[[50.66,-18.79],[50.66,-18.72],[50.74,-18.72],[50.74,-18.75],[50.81,-18.8],[50.84,-18.84],[50.84,-19.0],[50.77,-18.99],[50.7,-18.92],[50.7,-18.89],[50.66,-18.84],[50.66,-18.79]]]}},{"type":"Feature","properties":{"precip":20},"geometry":{"type":"Polygon","coordinates":[[[28.56,-18.95],[28.56,-18.8],[28.6,-18.8],[28.71,-18.89],[28.71,-18.92],[28.74,-18.97],[28.74,-19.09],[28.78,-19.14],[28.78,-19.17],[28.81,-19.22],[28.89,-19.27],[28.96,-19.3],[29.03,-19.32],[29.1,-19.44],[29.17,-19.62],[29.14,-19.71],[29.14,-19.77],[29.1,-19.82],[29.07,-19.82],[29.07,-19.87],[29.1,-19.87],[29.1,-19.91],[29.14,-19.94],[29.14,-20.44],[29.1,-20.48],[29.1,-20.49],[29.07,-20.53],[29.07,-20.56],[28.99,-20.59],[28.99,-20.64],[28.96,-20.66],[28.96,-20.83],[28.92,-20.86],[28.92,-20.91],[28.85,-20.88],[28.85,-20.73],[28.81,-20.73],[28.81,-20.69],[28.78,-20.69],[28.78,-20.73],[28.74,-20.74],[28.74,-20.78],[28.63,-20.81],[28.56,-20.81],[28.49,-20.78],[28.45,-20.74],[28.45,-20.56],[28.49,-20.51],[28.53,-20.49],[28.6,-20.49],[28.63,-20.49],[28.63,-20.41],[28.56,-20.39],[28.56,-20.26],[28.53,-20.24],[28.53,-20.21],[28.49,-20.21],[28.49,-20.16],[28.45,-20.11],[28.45,-19.69],[28.49,-19.66],[28.49,-19.59],[28.53,-19.57],[28.53,-19.54],[28.56,-19.49],[28.56,-19.32],[28.53,-19.25],[28.53,-19.2],[28.45,-19.17],[28.45,-19.14],[28.49,-19.14],[28.49,-19.1],[28.53,-19.09],[28.53,-19.04],[28.56,-19.02],[28.56,-18.95]]]}},{"type":"Feature","properties":{"precip":20},"geometry":{"type":"Polygon","coordinates":[[[32.45,-18.87],[32.45,-18.84],[32.52,-18.8],[32.59,-18.8],[32.67,-18.84],[32.59,-18.9],[32.49,-18.9],[32.45,-18.87]]]}},{"type":"Feature","properties":{"precip":20},"geometry":{"type":"Polygon","coordinates":[[[23.67,-19.05],[23.67,-18.92],[23.7,-18.9],[23.74,-18.92],[23.74,-18.97],[23.78,-18.99],[23.92,-19.02],[23.92,-19.04],[23.96,-19.07],[23.96,-19.34],[23.92,-19.35],[23.92,-19.4],[23.81,-19.4],[23.78,-19.39],[23.78,-19.34],[23.74,-19.32],[23.74,-19.22],[23.67,-19.19],[23.67,-19.05]]]}},{"type":"Feature","properties":{"precip":20},"geometry":{"type":"Polygon","coordinates":[[[26.55,-19.0],[26.55,-18.94],[26.58,-18.92],[26.58,-18.9],[26.62,-18.9],[26.62,-18.92],[26.65,-18.94],[26.65,-19.07],[26.69,-19.07],[26.69,-19.1],[26.73,-19.1],[26.73,-19.14],[26.76,-19.15],[26.76,-19.27],[26.83,-19.32],[26.83,-19.35],[26.91,-19.4],[26.91,-19.44],[26.94,-19.49],[26.94,-20.11],[26.98,-20.17],[26.98,-20.29],[27.05,-20.32],[27.05,-20.48],[27.12,-20.49],[27.12,-20.48],[27.16,-20.46],[27.16,-20.32],[27.23,-20.31],[27.23,-20.54],[27.27,-20.61],[27.27,-21.09],[27.3,-21.09],[27.37,-21.06],[27.37,-21.01],[27.45,-20.94],[27.45,-20.83],[27.48,-20.81],[27.52,-20.81],[27.55,-20.84],[27.55,-21.06],[27.63,-21.09],[27.77,-21.09],[27.84,-21.08],[27.84,-20.96],[27.88,-20.94],[27.88,-20.91],[27.91,-20.91],[27.91,-20.94],[27.95,-20.98],[27.95,-21.33],[27.91,-21.36],[27.91,-21.4],[27.84,-21.41],[27.7,-21.41],[27.66,-21.43],[27.66,-21.55],[27.63,-21.56],[27.63,-21.6],[27.55,-21.58],[27.55,-21.45],[27.48,-21.41],[27.34,-21.41],[27.23,-21.46],[27.12,-21.58],[27.01,-21.6],[26.94,-21.6],[26.87,-21.58],[26.83,-21.51],[26.76,-21.53],[26.73,-21.56],[26.73,-21.58],[26.69,-21.63],[26.62,-21.66],[26.62,-21.7],[26.58,-21.7],[26.58,-21.66],[26.55,-21.63],[26.55,-21.24],[26.51,-21.23],[26.51,-21.21],[26.47,-21.21],[26.47,-21.16],[26.44,-21.16],[26.44,-21.06],[26.4,-20.99],[26.29,-20.91],[26.22,-20.91],[26.11,-20.91],[26.08,-20.91],[26.04,-20.96],[26.04,-21.08],[26.01,-21.09],[25.9,-21.09],[25.86,-21.11],[25.86,-21.16],[25.83,-21.16],[25.83,-21.21],[25.72,-21.21],[25.65,-21.16],[25.65,-21.14],[25.61,-21.13],[25.61,-21.09],[25.58,-21.11],[25.58,-21.14],[25.54,-21.18],[25.54,-21.21],[25.47,-21.16],[25.47,-20.44],[25.5,-20.41],[25.54,-20.41],[25.65,-20.36],[25.68,-20.32],[25.72,-20.31],[25.72,-20.21],[25.65,-20.16],[25.61,-20.09],[25.58,-20.07],[25.58,-20.02],[25.54,-19.99],[25.54,-19.92],[25.5,-19.91],[25.4,-19.91],[25.36,-19.87],[25.36,-19.74],[25.32,-19.74],[25.32,-19.71],[25.29,-19.71],[25.29,-19.67],[25.25,-19.66],[25.25,-19.44],[25.32,-19.4],[25.47,-19.4],[25.54,-19.39],[25.54,-19.34],[25.61,-19.3],[25.68,-19.3],[25.75,-19.34],[25.75,-19.45],[25.79,-19.49],[25.9,-19.49],[25.93,-19.49],[25.93,-19.45],[25.97,-19.4],[26.04,-19.4],[26.11,-19.4],[26.19,-19.49],[26.22,-19.49],[26.22,-19.45],[26.26,-19.42],[26.33,-19.4],[26.4,-19.4],[26.44,-19.37],[26.44,-19.19],[26.47,-19.17],[26.47,-19.1],[26.55,-19.07],[26.55,-19.0]]]}},{"type":"Feature","properties":{"precip":20},"geometry":{"type":"Polygon","coordinates":[[[29.25,-18.95],[29.25,-18.92],[29.32,-18.9],[29.39,-18.9],[29.46,-18.94],[29.46,-18.97],[29.43,-18.97],[29.39,-19.0],[29.28,-19.0],[29.25,-18.95]]]}},{"type":"Feature","properties":{"precip":20},"geometry":{"type":"Polygon","coordinates":[[[24.24,-19.45],[24.24,-19.42],[24.28,-19.4],[24.35,-19.4],[24.35,-19.49],[24.28,-19.49],[24.24,-19.49],[24.24,-19.45]]]}},{"type":"Feature","properties":{"precip":20},"geometry":{"type":"Polygon","coordinates":[[[23.56,-19.56],[23.56,-19.5],[23.63,-19.5],[23.67,-19.54],[23.67,-19.57],[23.63,-19.57],[23.63,-19.59],[23.56,-19.59],[23.56,-19.56]]]}},{"type":"Feature","properties":{"precip":20},"geometry":{"type":"Polygon","coordinates":[[[24.46,-19.66],[24.46,-19.52],[24.53,-19.5],[24.53,-19.62],[24.57,-19.66],[24.57,-19.89],[24.64,-19.91],[24.64,-19.99],[24.68,-20.02],[24.68,-20.07],[24.75,-20.14],[24.75,-20.16],[24.82,-20.21],[24.82,-20.24],[24.86,-20.24],[24.78,-20.31],[24.78,-20.32],[24.75,-20.34],[24.75,-20.37],[24.78,-20.37],[24.86,-20.44],[24.86,-20.46],[24.78,-20.49],[24.71,-20.49],[24.53,-20.49],[24.46,-20.48],[24.46,-20.11],[24.42,-20.07],[24.42,-20.01],[24.35,-19.97],[24.35,-19.82],[24.39,-19.81],[24.42,-19.81],[24.42,-19.76],[24.46,-19.74],[24.46,-19.66]]]}},{"type":"Feature","properties":{"precip":20},"geometry":{"type":"Polygon","coordinates":[[[32.74,-19.74],[32.77,-19.74],[32.77,-19.71],[32.85,-19.71],[32.85,-19.79],[32.77,-19.81],[32.77,-19.77],[32.74,-19.74]]]}},{"type":"Feature","properties":{"precip":20},"geometry":{"type":"Polygon","coordinates":[[[87.85,-20.06],[87.85,-20.02],[87.88,-19.99],[87.92,-20.01],[87.92,-20.07],[87.88,-20.09],[87.85,-20.07],[87.85,-20.06]]]}},{"type":"Feature","properties":{"precip":20},"geometry":{"type":"Polygon","coordinates":[[[32.56,-20.16],[32.56,-20.11],[32.59,-20.09],[32.63,-20.11],[32.63,-20.14],[32.67,-20.14],[32.67,-20.16],[32.63,-20.16],[32.63,-20.19],[32.56,-20.19],[32.56,-20.16]]]}},{"type":"Feature","properties":{"precip":20},"geometry":{"type":"Polygon","coordinates":[[[87.85,-20.24],[87.85,-20.22],[87.88,-20.21],[87.92,-20.22],[87.92,-20.29],[87.88,-20.29],[87.85,-20.27],[87.85,-20.24]]]}},{"type":"Feature","properties":{"precip":20},"geometry":{"type":"Polygon","coordinates":[[[29.97,-20.59],[29.97,-20.41],[30.0,-20.41],[30.04,-20.41],[30.04,-20.78],[30.0,-20.79],[29.97,-20.78],[29.97,-20.59]]]}},{"type":"Feature","properties":{"precip":20},"geometry":{"type":"Polygon","coordinates":[[[37.74,-20.44],[37.78,-20.41],[37.85,-20.41],[37.85,-20.49],[37.78,-20.49],[37.78,-20.48],[37.74,-20.48],[37.74,-20.44]]]}},{"type":"Feature","properties":{"precip":20},"geometry":{"type":"Polygon","coordinates":[[[93.71,-20.69],[93.75,-20.66],[93.75,-20.63],[93.79,-20.59],[93.86,-20.63],[93.86,-20.74],[93.79,-20.78],[93.79,-20.81],[93.79,-20.84],[93.75,-20.86],[93.75,-21.08],[93.68,-21.09],[93.68,-21.14],[93.64,-21.16],[93.64,-21.28],[93.57,-21.28],[93.5,-21.31],[93.46,-21.36],[93.46,-21.68],[93.43,-21.73],[93.43,-21.8],[93.35,-21.8],[93.35,-21.83],[93.35,-22.0],[93.25,-22.13],[93.14,-22.23],[93.1,-22.3],[93.07,-22.35],[92.99,-22.4],[92.89,-22.53],[92.89,-22.57],[92.85,-22.6],[92.85,-22.67],[92.81,-22.67],[92.78,-22.7],[92.71,-22.7],[92.67,-22.73],[92.67,-22.82],[92.63,-22.83],[92.63,-22.9],[92.56,-22.9],[92.56,-22.99],[92.49,-23.02],[92.49,-23.09],[92.45,-23.14],[92.42,-23.17],[92.42,-23.2],[92.27,-23.29],[92.27,-23.32],[92.27,-23.34],[92.27,-23.4],[92.24,-23.4],[92.24,-23.47],[92.2,-23.49],[92.2,-23.52],[92.17,-23.55],[92.17,-23.57],[92.06,-23.59],[92.06,-23.57],[92.06,-23.55],[91.99,-23.52],[91.91,-23.57],[91.84,-23.62],[91.84,-23.7],[91.91,-23.7],[91.95,-23.74],[91.95,-23.96],[91.91,-23.99],[91.84,-23.97],[91.84,-23.92],[91.77,-23.91],[91.63,-23.91],[91.55,-23.86],[91.55,-23.77],[91.59,-23.74],[91.59,-23.72],[91.63,-23.65],[91.63,-23.64],[91.7,-23.6],[91.77,-23.52],[91.81,-23.49],[91.81,-23.45],[91.84,-23.4],[91.84,-23.19],[91.84,-23.14],[91.91,-23.1],[92.02,-23.1],[92.17,-23.07],[92.17,-23.04],[92.13,-23.0],[92.06,-23.0],[92.06,-22.95],[92.06,-22.93],[92.06,-22.57],[92.06,-22.55],[92.06,-22.5],[92.13,-22.48],[92.17,-22.45],[92.17,-22.35],[92.24,-22.3],[92.24,-22.25],[92.35,-22.17],[92.35,-22.15],[92.42,-22.08],[92.42,-22.03],[92.45,-22.0],[92.45,-21.9],[92.49,-21.86],[92.49,-21.83],[92.56,-21.76],[92.56,-21.73],[92.63,-21.66],[92.71,-21.6],[92.71,-21.56],[92.71,-21.53],[92.71,-21.4],[92.78,-21.36],[92.78,-21.33],[92.81,-21.3],[92.85,-21.31],[92.85,-21.36],[92.89,-21.38],[93.03,-21.3],[93.1,-21.18],[93.14,-21.14],[93.14,-21.09],[93.14,-21.08],[93.14,-21.03],[93.32,-20.91],[93.43,-20.88],[93.46,-20.88],[93.46,-20.83],[93.53,-20.81],[93.57,-20.78],[93.64,-20.78],[93.64,-20.74],[93.71,-20.69]],[[93.25,-21.36],[93.25,-21.31],[93.14,-21.31],[93.14,-21.33],[93.14,-21.36],[93.14,-21.4],[93.21,-21.41],[93.25,-21.4],[93.25,-21.36]]]}},{"type":"Feature","properties":{"precip":20},"geometry":{"type":"Polygon","coordinates":[[[24.64,-20.99],[24.64,-20.96],[24.68,-20.93],[24.68,-20.91],[24.75,-20.96],[24.82,-20.99],[24.89,-21.08],[24.96,-21.16],[24.96,-21.21],[25.04,-21.26],[25.04,-21.41],[25.07,-21.41],[25.07,-21.5],[25.14,-21.51],[25.14,-21.66],[25.18,-21.66],[25.18,-21.7],[25.25,-21.68],[25.25,-21.61],[25.32,-21.6],[25.32,-21.63],[25.36,-21.65],[25.36,-21.75],[25.4,-21.76],[25.4,-21.8],[25.43,-21.83],[25.5,-21.9],[25.54,-21.93],[25.54,-21.98],[25.47,-22.01],[25.47,-22.08],[25.54,-22.12],[25.54,-22.27],[25.47,-22.3],[25.36,-22.3],[25.36,-22.32],[25.29,-22.32],[25.25,-22.32],[25.25,-22.37],[25.22,-22.37],[25.11,-22.4],[24.78,-22.4],[24.71,-22.38],[24.64,-22.35],[24.64,-22.32],[24.57,-22.3],[24.5,-22.3],[24.46,-22.27],[24.46,-21.96],[24.42,-21.91],[24.39,-21.91],[24.28,-21.91],[24.24,-21.93],[24.24,-21.98],[24.14,-22.0],[24.06,-22.0],[23.96,-22.06],[23.85,-22.15],[23.78,-22.22],[23.78,-22.23],[23.56,-22.32],[23.56,-22.42],[23.6,-22.48],[23.67,-22.57],[23.78,-22.65],[23.88,-22.7],[23.92,-22.7],[23.96,-22.73],[23.96,-22.78],[23.99,-22.8],[24.06,-22.8],[24.14,-22.82],[24.14,-22.9],[24.17,-22.93],[24.17,-22.99],[24.21,-22.99],[24.24,-23.0],[24.32,-23.0],[24.35,-23.02],[24.35,-23.09],[24.32,-23.09],[24.28,-23.12],[24.28,-23.15],[24.24,-23.19],[24.24,-23.3],[24.28,-23.35],[24.28,-23.4],[24.35,-23.42],[24.35,-23.49],[24.32,-23.49],[24.24,-23.45],[24.24,-23.42],[24.17,-23.4],[24.14,-23.34],[24.03,-23.3],[23.92,-23.3],[23.88,-23.27],[23.85,-23.27],[23.85,-23.24],[23.81,-23.22],[23.74,-23.22],[23.7,-23.2],[23.49,-23.2],[23.38,-23.24],[23.31,-23.27],[23.31,-23.3],[23.27,-23.34],[23.2,-23.4],[23.09,-23.4],[22.88,-23.4],[22.77,-23.37],[22.77,-23.34],[22.7,-23.3],[22.62,-23.3],[22.59,-23.29],[22.52,-23.24],[22.48,-23.19],[22.48,-23.15],[22.44,-23.12],[22.44,-23.02],[22.37,-23.0],[22.34,-23.04],[22.34,-23.09],[22.3,-23.09],[22.26,-23.09],[22.26,-23.04],[22.19,-23.0],[22.08,-23.0],[22.05,-23.02],[22.05,-23.09],[21.98,-23.1],[21.98,-23.07],[21.94,-23.04],[21.94,-22.93],[21.87,-22.88],[21.87,-22.72],[21.83,-22.65],[21.83,-22.58],[21.76,-22.48],[21.76,-22.42],[21.69,-22.4],[21.65,-22.43],[21.65,-22.48],[21.58,-22.48],[21.58,-22.45],[21.54,-22.4],[21.54,-22.25],[21.58,-22.22],[21.65,-22.23],[21.65,-22.25],[21.72,-22.32],[21.72,-22.33],[21.8,-22.37],[21.8,-22.38],[21.87,-22.4],[21.94,-22.42],[21.94,-22.48],[21.98,-22.48],[22.05,-22.5],[22.12,-22.5],[22.16,-22.53],[22.16,-22.58],[22.23,-22.6],[22.23,-22.57],[22.26,-22.53],[22.26,-22.43],[22.3,-22.4],[22.37,-22.4],[22.41,-22.4],[22.48,-22.4],[22.55,-22.37],[22.55,-22.32],[22.48,-22.3],[22.41,-22.3],[22.37,-22.28],[22.37,-22.23],[22.44,-22.2],[22.55,-22.2],[22.62,-22.22],[22.66,-22.23],[22.66,-22.28],[22.7,-22.3],[22.77,-22.3],[22.84,-22.32],[22.84,-22.33],[22.91,-22.4],[22.91,-22.42],[23.02,-22.48],[23.13,-22.48],[23.16,-22.43],[23.16,-22.32],[23.24,-22.3],[23.31,-22.3],[23.34,-22.27],[23.34,-22.06],[23.38,-22.05],[23.38,-22.0],[23.45,-21.98],[23.45,-21.83],[23.42,-21.83],[23.42,-21.8],[23.38,-21.8],[23.38,-21.75],[23.34,-21.75],[23.34,-21.58],[23.38,-21.55],[23.38,-21.51],[23.45,-21.51],[23.45,-21.58],[23.49,-21.58],[23.56,-21.6],[23.67,-21.6],[23.74,-21.58],[23.74,-21.55],[23.81,-21.51],[23.88,-21.51],[24.21,-21.51],[24.32,-21.48],[24.35,-21.45],[24.35,-21.33],[24.39,-21.33],[24.39,-21.3],[24.42,-21.31],[24.42,-21.36],[24.46,-21.36],[24.46,-21.58],[24.5,-21.6],[24.6,-21.6],[24.64,-21.58],[24.64,-21.51],[24.57,-21.5],[24.57,-21.24],[24.64,-21.21],[24.71,-21.21],[24.75,-21.18],[24.75,-21.11],[24.68,-21.09],[24.68,-21.06],[24.64,-21.06],[24.64,-20.99]],[[24.57,-21.85],[24.53,-21.83],[24.53,-21.81],[24.5,-21.8],[24.46,-21.81],[24.46,-21.9],[24.53,-21.9],[24.53,-21.86],[24.57,-21.85]]]}},{"type":"Feature","properties":{"precip":20},"geometry":{"type":"Polygon","coordinates":[[[30.36,-20.94],[30.36,-20.91],[30.43,-20.91],[30.43,-20.99],[30.36,-20.99],[30.36,-20.94]]]}},{"type":"Feature","properties":{"precip":20},"geometry":{"type":"Polygon","coordinates":[[[19.92,-21.18],[19.92,-21.16],[19.96,-21.13],[20.03,-21.09],[20.07,-21.13],[20.03,-21.14],[20.03,-21.18],[20.0,-21.21],[20.0,-21.23],[19.96,-21.24],[19.89,-21.3],[19.85,-21.24],[19.92,-21.18]]]}},{"type":"Feature","properties":{"precip":20},"geometry":{"type":"Polygon","coordinates":[[[19.56,-21.3],[19.56,-21.23],[19.6,-21.21],[19.64,-21.21],[19.64,-21.4],[19.56,-21.38],[19.56,-21.3]]]}},{"type":"Feature","properties":{"precip":20},"geometry":{"type":"Polygon","coordinates":[[[86.62,-21.24],[86.62,-21.21],[86.73,-21.21],[86.73,-21.23],[86.77,-21.24],[86.77,-21.26],[86.73,-21.3],[86.62,-21.3],[86.62,-21.24]]]}},{"type":"Feature","properties":{"precip":20},"geometry":{"type":"Polygon","coordinates":[[[88.17,-21.41],[88.17,-21.38],[88.28,-21.36],[88.28,-21.33],[88.39,-21.3],[88.46,-21.31],[88.53,-21.33],[88.53,-21.36],[88.6,-21.38],[88.6,-21.41],[88.6,-21.43],[88.6,-21.46],[88.78,-21.51],[88.82,-21.56],[88.93,-21.61],[89.0,-21.68],[89.03,-21.75],[89.11,-21.83],[89.14,-21.88],[89.14,-21.95],[89.18,-21.96],[89.18,-22.0],[89.25,-22.0],[89.25,-22.08],[89.18,-22.1],[89.11,-22.1],[89.03,-22.13],[89.03,-22.27],[89.11,-22.3],[89.18,-22.3],[89.25,-22.33],[89.25,-22.7],[89.21,-22.73],[89.21,-22.78],[89.14,-22.85],[89.03,-22.93],[89.03,-22.97],[89.03,-22.99],[88.96,-23.07],[88.96,-23.22],[88.93,-23.24],[88.93,-23.29],[88.89,-23.32],[88.82,-23.37],[88.78,-23.4],[88.78,-23.45],[88.75,-23.47],[88.75,-23.57],[88.71,-23.59],[88.71,-23.62],[88.67,-23.62],[88.6,-23.65],[88.67,-23.65],[88.75,-23.72],[88.75,-23.82],[88.78,-23.86],[88.78,-23.89],[88.82,-23.92],[88.89,-23.99],[88.96,-23.99],[89.03,-24.02],[89.03,-24.06],[89.03,-24.07],[89.14,-24.16],[89.14,-24.24],[89.18,-24.26],[89.18,-24.31],[89.25,-24.32],[89.25,-24.37],[89.21,-24.37],[89.18,-24.41],[89.18,-24.44],[89.14,-24.46],[89.14,-24.54],[89.11,-24.57],[89.11,-24.59],[89.03,-24.62],[89.03,-24.66],[88.93,-24.76],[88.82,-24.79],[88.78,-24.79],[88.75,-24.83],[88.57,-24.83],[88.46,-24.83],[88.46,-24.88],[88.39,-24.91],[88.35,-24.91],[88.24,-24.98],[88.24,-24.99],[88.17,-25.03],[88.1,-25.09],[88.1,-25.13],[88.06,-25.14],[88.06,-25.18],[88.1,-25.19],[88.17,-25.24],[88.13,-25.28],[88.13,-25.29],[88.06,-25.33],[88.06,-25.38],[88.13,-25.41],[88.13,-25.48],[88.1,-25.49],[88.06,-25.56],[87.92,-25.6],[87.85,-25.63],[87.85,-25.68],[87.81,-25.7],[87.7,-25.7],[87.67,-25.73],[87.67,-25.91],[87.63,-25.95],[87.63,-25.98],[87.59,-26.0],[87.49,-26.0],[87.45,-26.05],[87.41,-26.1],[87.31,-26.15],[87.31,-26.16],[87.2,-26.2],[86.98,-26.2],[86.87,-26.21],[86.84,-26.25],[86.84,-26.28],[86.8,-26.3],[86.73,-26.3],[86.62,-26.31],[86.62,-26.38],[86.41,-26.45],[86.41,-26.48],[86.41,-26.5],[86.37,-26.52],[86.37,-26.58],[86.41,-26.6],[86.41,-26.65],[86.33,-26.73],[86.3,-26.8],[86.15,-26.97],[86.01,-27.07],[85.94,-27.15],[85.87,-27.23],[85.76,-27.32],[85.58,-27.47],[85.54,-27.47],[85.54,-27.44],[85.54,-27.4],[85.58,-27.4],[85.58,-27.39],[85.65,-27.37],[85.65,-27.23],[85.72,-27.2],[85.76,-27.18],[85.79,-27.15],[85.9,-27.08],[86.12,-26.88],[86.15,-26.82],[86.15,-26.73],[86.08,-26.7],[85.97,-26.73],[85.9,-26.8],[85.79,-26.87],[85.69,-27.03],[85.54,-27.1],[85.54,-27.15],[85.43,-27.2],[85.33,-27.18],[85.33,-27.15],[85.33,-27.1],[85.22,-27.1],[85.11,-27.12],[85.11,-27.15],[85.04,-27.17],[85.0,-27.22],[84.89,-27.27],[84.89,-27.29],[84.86,-27.27],[84.86,-27.23],[84.79,-27.18],[84.71,-27.17],[84.71,-27.15],[84.68,-27.1],[84.61,-27.1],[84.57,-27.12],[84.57,-27.2],[84.64,-27.22],[84.64,-27.27],[84.61,-27.29],[84.46,-27.2],[84.46,-27.15],[84.46,-27.05],[84.5,-27.0],[84.68,-27.0],[84.71,-27.03],[84.71,-27.07],[84.82,-27.08],[84.89,-26.95],[84.89,-26.9],[84.93,-26.85],[84.93,-26.78],[84.89,-26.73],[84.89,-26.72],[84.86,-26.7],[84.86,-26.55],[84.82,-26.53],[84.82,-26.5],[84.79,-26.5],[84.79,-26.48],[84.71,-26.47],[84.71,-26.31],[84.68,-26.31],[84.68,-26.3],[84.68,-26.25],[84.64,-26.23],[84.64,-26.11],[84.57,-26.08],[84.57,-25.9],[84.64,-25.9],[84.64,-25.81],[84.57,-25.8],[84.46,-25.8],[84.46,-25.76],[84.46,-25.58],[84.43,-25.55],[84.43,-25.49],[84.36,-25.48],[84.36,-25.33],[84.43,-25.29],[84.43,-25.23],[84.46,-25.19],[84.46,-24.86],[84.43,-24.83],[84.39,-24.83],[84.25,-24.83],[84.18,-24.78],[84.18,-24.74],[84.14,-24.71],[84.14,-24.67],[84.21,-24.52],[84.36,-24.32],[84.46,-24.24],[84.5,-24.16],[84.61,-24.12],[84.68,-24.09],[84.71,-24.07],[84.71,-24.06],[84.79,-24.04],[84.79,-23.99],[84.82,-23.99],[84.82,-24.04],[84.89,-24.09],[84.93,-24.09],[85.04,-24.07],[85.11,-23.99],[85.11,-23.94],[85.25,-23.91],[85.33,-23.89],[85.33,-23.84],[85.33,-23.82],[85.33,-23.7],[85.33,-23.65],[85.33,-23.6],[85.29,-23.59],[85.29,-23.57],[85.25,-23.57],[85.25,-23.55],[85.33,-23.49],[85.33,-23.4],[85.33,-23.35],[85.33,-23.07],[85.36,-23.02],[85.36,-22.99],[85.54,-22.88],[85.54,-22.82],[85.51,-22.8],[85.36,-22.8],[85.33,-22.78],[85.33,-22.73],[85.36,-22.68],[85.47,-22.63],[85.54,-22.57],[85.58,-22.5],[85.72,-22.43],[85.76,-22.42],[85.76,-22.48],[85.72,-22.48],[85.65,-22.52],[85.65,-22.57],[85.72,-22.6],[85.79,-22.6],[85.9,-22.63],[85.97,-22.7],[86.01,-22.73],[86.01,-22.85],[86.12,-22.9],[86.19,-22.9],[86.19,-22.93],[86.23,-22.95],[86.23,-23.07],[86.33,-23.09],[86.41,-23.1],[86.55,-23.1],[86.62,-23.14],[86.62,-23.15],[86.66,-23.17],[86.66,-23.2],[86.73,-23.19],[86.73,-23.15],[86.8,-23.12],[86.8,-23.1],[86.87,-23.1],[87.05,-23.04],[87.09,-22.99],[87.09,-22.95],[87.16,-22.93],[87.16,-22.85],[87.09,-22.82],[87.05,-22.8],[87.05,-22.78],[87.05,-22.75],[87.05,-22.55],[87.05,-22.5],[87.09,-22.48],[87.09,-22.45],[87.16,-22.43],[87.16,-22.23],[87.23,-22.2],[87.27,-22.2],[87.31,-22.18],[87.31,-22.15],[87.41,-22.1],[87.49,-22.1],[87.49,-22.08],[87.49,-22.06],[87.52,-22.05],[87.52,-21.93],[87.59,-21.91],[87.67,-21.91],[87.67,-21.9],[87.7,-21.88],[87.7,-21.78],[87.74,-21.76],[87.74,-21.71],[87.85,-21.68],[87.85,-21.56],[87.88,-21.51],[87.92,-21.51],[88.03,-21.51],[88.17,-21.45],[88.17,-21.41]],[[87.45,-22.55],[87.45,-22.52],[87.38,-22.5],[87.31,-22.53],[87.31,-22.57],[87.38,-22.57],[87.38,-22.6],[87.45,-22.58],[87.45,-22.55]],[[87.31,-22.65],[87.31,-22.6],[87.27,-22.6],[87.27,-22.7],[87.31,-22.68],[87.31,-22.65]],[[86.37,-26.65],[86.33,-26.63],[86.33,-26.6],[86.23,-26.62],[86.23,-26.7],[86.33,-26.7],[86.33,-26.67],[86.37,-26.65]]]}},{"type":"Feature","properties":{"precip":20},"geometry":{"type":"Polygon","coordinates":[[[36.63,-21.58],[36.63,-21.55],[36.73,-21.51],[36.77,-21.53],[36.73,-21.55],[36.73,-21.58],[36.66,-21.63],[36.66,-21.66],[36.73,-21.71],[36.73,-21.78],[36.7,-21.8],[36.7,-21.83],[36.63,-21.86],[36.63,-21.9],[36.55,-21.9],[36.55,-21.71],[36.59,-21.66],[36.59,-21.61],[36.63,-21.58]]]}},{"type":"Feature","properties":{"precip":20},"geometry":{"type":"Polygon","coordinates":[[[20.03,-21.66],[20.1,-21.61],[20.21,-21.6],[20.28,-21.61],[20.36,-21.65],[20.36,-21.73],[20.28,-21.81],[20.28,-21.83],[20.21,-21.88],[20.14,-21.85],[20.14,-21.83],[20.07,-21.8],[20.0,-21.8],[19.96,-21.78],[19.96,-21.75],[20.03,-21.66]]]}},{"type":"Feature","properties":{"precip":20},"geometry":{"type":"Polygon","coordinates":[[[46.06,-21.66],[46.06,-21.61],[46.13,-21.6],[46.13,-21.63],[46.16,-21.63],[46.16,-21.66],[46.13,-21.7],[46.06,-21.68],[46.06,-21.66]]]}},{"type":"Feature","properties":{"precip":20},"geometry":{"type":"Polygon","coordinates":[[[35.87,-21.85],[35.87,-21.81],[35.94,-21.81],[35.94,-21.9],[35.87,-21.9],[35.87,-21.85]]]}},{"type":"Feature","properties":{"precip":20},"geometry":{"type":"Polygon","coordinates":[[[86.8,-21.88],[86.84,-21.83],[86.87,-21.81],[87.02,-21.81],[87.02,-21.83],[87.05,-21.88],[87.05,-22.03],[86.95,-22.17],[86.84,-22.18],[86.84,-22.17],[86.84,-22.13],[86.77,-22.08],[86.77,-21.95],[86.8,-21.91],[86.8,-21.88]]]}},{"type":"Feature","properties":{"precip":20},"geometry":{"type":"Polygon","coordinates":[[[29.03,-21.98],[29.03,-21.95],[29.07,-21.91],[29.14,-21.91],[29.14,-21.95],[29.17,-21.98],[29.25,-22.06],[29.25,-22.17],[29.17,-22.2],[29.03,-22.2],[28.96,-22.17],[28.96,-22.06],[29.03,-21.98]]]}},{"type":"Feature","properties":{"precip":20},"geometry":{"type":"Polygon","coordinates":[[[34.54,-21.95],[34.61,-21.91],[34.83,-21.91],[34.86,-21.91],[34.86,-21.96],[34.75,-22.05],[34.65,-22.1],[34.54,-22.1],[34.43,-22.15],[34.43,-22.2],[34.36,-22.17],[34.36,-22.15],[34.29,-22.1],[34.29,-22.15],[34.21,-22.2],[34.14,-22.15],[34.14,-22.08],[34.18,-22.05],[34.18,-22.01],[34.21,-22.0],[34.39,-22.0],[34.43,-22.0],[34.5,-22.0],[34.54,-21.95]]]}},{"type":"Feature","properties":{"precip":20},"geometry":{"type":"Polygon","coordinates":[[[45.84,-22.0],[45.84,-21.96],[45.88,-21.93],[45.88,-21.91],[45.91,-21.91],[46.02,-22.0],[46.02,-22.1],[45.95,-22.17],[45.84,-22.2],[45.77,-22.18],[45.77,-22.1],[45.84,-22.08],[45.84,-22.0]]]}},{"type":"Feature","properties":{"precip":20},"geometry":{"type":"Polygon","coordinates":[[[50.34,-22.0],[50.34,-21.96],[50.38,-21.93],[50.38,-21.91],[50.41,-21.91],[50.52,-22.0],[50.52,-22.03],[50.56,-22.06],[50.56,-22.08],[50.45,-22.1],[50.38,-22.08],[50.38,-22.05],[50.34,-22.0]]]}},{"type":"Feature","properties":{"precip":20},"geometry":{"type":"Polygon","coordinates":[[[20.14,-22.05],[20.18,-22.0],[20.25,-22.01],[20.25,-22.08],[20.18,-22.1],[20.18,-22.08],[20.14,-22.08],[20.14,-22.05]]]}},{"type":"Feature","properties":{"precip":20},"geometry":{"type":"Polygon","coordinates":[[[35.44,-22.35],[35.44,-22.32],[35.47,-22.28],[35.47,-22.22],[35.51,-22.2],[35.58,-22.2],[35.62,-22.22],[35.62,-22.23],[35.65,-22.27],[35.65,-22.58],[35.62,-22.63],[35.62,-22.67],[35.55,-22.73],[35.55,-22.78],[35.47,-22.83],[35.37,-22.9],[35.29,-22.88],[35.26,-22.83],[35.26,-22.53],[35.29,-22.5],[35.37,-22.5],[35.44,-22.48],[35.44,-22.35]]]}},{"type":"Feature","properties":{"precip":20},"geometry":{"type":"Polygon","coordinates":[[[29.57,-22.63],[29.64,-22.57],[29.64,-22.53],[29.71,-22.5],[29.75,-22.52],[29.75,-22.65],[29.82,-22.73],[29.89,-22.78],[29.93,-22.8],[30.0,-22.8],[30.04,-22.78],[30.07,-22.73],[30.07,-22.72],[30.15,-22.72],[30.15,-22.78],[30.07,-22.8],[30.07,-22.82],[30.04,-22.83],[30.11,-22.9],[30.18,-22.9],[30.25,-22.95],[30.25,-23.15],[30.18,-23.2],[30.04,-23.2],[29.93,-23.24],[29.93,-23.29],[29.89,-23.29],[29.82,-23.22],[29.75,-23.2],[29.61,-23.2],[29.57,-23.17],[29.57,-23.09],[29.53,-23.02],[29.53,-22.85],[29.5,-22.82],[29.5,-22.8],[29.43,-22.73],[29.39,-22.7],[29.39,-22.67],[29.35,-22.65],[29.35,-22.63],[29.39,-22.6],[29.46,-22.65],[29.46,-22.68],[29.53,-22.68],[29.57,-22.65],[29.57,-22.63]]]}},{"type":"Feature","properties":{"precip":20},"geometry":{"type":"Polygon","coordinates":[[[21.26,-22.7],[21.26,-22.63],[21.36,-22.6],[21.54,-22.6],[21.62,-22.63],[21.65,-22.65],[21.65,-22.75],[21.54,-22.8],[21.36,-22.8],[21.26,-22.78],[21.26,-22.7]]]}},{"type":"Feature","properties":{"precip":20},"geometry":{"type":"Polygon","coordinates":[[[34.97,-22.8],[34.97,-22.73],[35.01,-22.7],[35.11,-22.7],[35.15,-22.72],[35.15,-22.78],[35.01,-22.88],[34.97,-22.9],[34.97,-22.8]]]}},{"type":"Feature","properties":{"precip":20},"geometry":{"type":"Polygon","coordinates":[[[43.97,-22.75],[43.97,-22.72],[44.0,-22.7],[44.08,-22.7],[44.15,-22.73],[44.15,-22.78],[44.11,-22.8],[44.0,-22.8],[43.97,-22.78],[43.97,-22.75]]]}},{"type":"Feature","properties":{"precip":20},"geometry":{"type":"Polygon","coordinates":[[[48.47,-22.75],[48.47,-22.7],[48.54,-22.72],[48.54,-22.8],[48.47,-22.8],[48.47,-22.75]]]}},{"type":"Feature","properties":{"precip":20},"geometry":{"type":"Polygon","coordinates":[[[48.97,-23.0],[49.01,-22.97],[49.08,-22.93],[49.12,-22.9],[49.19,-22.9],[49.26,-22.93],[49.3,-22.97],[49.3,-23.0],[49.33,-23.05],[49.33,-23.09],[49.37,-23.12],[49.33,-23.15],[49.33,-23.19],[49.3,-23.2],[49.26,-23.19],[49.26,-23.12],[49.19,-23.1],[49.15,-23.14],[49.15,-23.25],[49.08,-23.3],[49.01,-23.3],[48.97,-23.32],[48.97,-23.37],[49.04,-23.44],[49.12,-23.49],[49.12,-23.55],[49.22,-23.62],[49.22,-23.67],[49.26,-23.7],[49.22,-23.75],[49.22,-23.79],[49.15,-23.8],[49.04,-23.79],[48.94,-23.74],[48.9,-23.7],[48.9,-23.67],[48.86,-23.65],[48.79,-23.62],[48.79,-23.6],[48.68,-23.6],[48.68,-23.65],[48.65,-23.7],[48.65,-23.8],[48.72,-23.91],[48.76,-23.96],[48.79,-23.97],[48.79,-23.99],[48.83,-24.02],[48.83,-24.07],[48.86,-24.12],[48.86,-24.37],[48.9,-24.41],[49.04,-24.41],[49.15,-24.44],[49.22,-24.51],[49.22,-24.56],[49.26,-24.61],[49.26,-24.74],[49.22,-24.76],[49.22,-24.79],[49.15,-24.83],[49.08,-24.83],[48.97,-24.78],[48.94,-24.74],[48.94,-24.73],[48.9,-24.71],[48.79,-24.71],[48.76,-24.73],[48.76,-24.74],[48.72,-24.78],[48.65,-24.83],[48.58,-24.83],[48.36,-24.76],[48.32,-24.74],[48.32,-24.71],[48.29,-24.69],[48.29,-24.66],[48.25,-24.64],[48.25,-24.52],[48.22,-24.49],[48.18,-24.49],[48.18,-24.54],[48.14,-24.57],[48.14,-24.78],[48.07,-24.79],[48.07,-24.76],[48.04,-24.76],[48.04,-24.73],[48.0,-24.71],[47.86,-24.71],[47.75,-24.74],[47.75,-24.78],[47.68,-24.78],[47.68,-24.76],[47.6,-24.71],[47.57,-24.66],[47.5,-24.61],[47.42,-24.61],[47.35,-24.66],[47.32,-24.71],[47.28,-24.73],[47.24,-24.76],[47.14,-24.83],[47.06,-24.83],[46.96,-24.76],[46.96,-24.62],[46.99,-24.62],[46.99,-24.59],[47.03,-24.59],[47.03,-24.57],[47.06,-24.56],[47.06,-24.44],[47.14,-24.37],[47.21,-24.32],[47.35,-24.26],[47.35,-24.24],[47.42,-24.16],[47.5,-24.11],[47.53,-24.11],[47.53,-24.16],[47.57,-24.17],[47.57,-24.26],[47.64,-24.32],[47.71,-24.39],[47.75,-24.41],[47.82,-24.41],[47.86,-24.42],[47.86,-24.49],[47.89,-24.49],[48.0,-24.49],[48.04,-24.47],[48.04,-24.32],[47.96,-24.31],[47.86,-24.31],[47.75,-24.26],[47.75,-24.17],[47.78,-24.16],[47.78,-24.11],[47.86,-24.04],[47.96,-23.99],[48.04,-23.99],[48.04,-23.91],[47.96,-23.89],[47.96,-23.72],[48.04,-23.7],[48.04,-23.57],[48.07,-23.57],[48.07,-23.5],[48.14,-23.49],[48.14,-23.34],[48.18,-23.32],[48.18,-23.3],[48.25,-23.32],[48.25,-23.37],[48.29,-23.4],[48.36,-23.4],[48.4,-23.4],[48.47,-23.32],[48.5,-23.32],[48.5,-23.27],[48.54,-23.25],[48.54,-23.15],[48.58,-23.14],[48.58,-23.1],[48.65,-23.1],[48.65,-23.17],[48.72,-23.2],[48.72,-23.17],[48.76,-23.15],[48.76,-23.04],[48.79,-23.0],[48.83,-23.0],[48.86,-23.04],[48.86,-23.09],[48.94,-23.09],[48.97,-23.04],[48.97,-23.0]],[[48.54,-23.86],[48.54,-23.82],[48.47,-23.8],[48.47,-23.91],[48.54,-23.89],[48.54,-23.86]],[[48.25,-24.24],[48.25,-24.22],[48.22,-24.21],[48.14,-24.22],[48.14,-24.27],[48.22,-24.31],[48.25,-24.29],[48.25,-24.24]],[[48.76,-24.41],[48.76,-24.34],[48.72,-24.32],[48.65,-24.31],[48.43,-24.31],[48.36,-24.32],[48.36,-24.36],[48.4,-24.39],[48.47,-24.47],[48.58,-24.49],[48.68,-24.49],[48.76,-24.44],[48.76,-24.41]]]}},{"type":"Feature","properties":{"precip":20},"geometry":{"type":"Polygon","coordinates":[[[25.75,-23.05],[25.75,-23.02],[25.83,-23.0],[25.86,-23.04],[25.86,-23.09],[25.93,-23.1],[26.01,-23.1],[26.01,-23.12],[26.08,-23.15],[26.08,-23.2],[26.11,-23.2],[26.11,-23.17],[26.15,-23.14],[26.22,-23.12],[26.26,-23.15],[26.29,-23.2],[26.37,-23.25],[26.37,-23.27],[26.44,-23.29],[26.47,-23.24],[26.47,-23.22],[26.51,-23.2],[26.58,-23.29],[26.65,-23.3],[26.76,-23.3],[26.83,-23.27],[26.83,-23.24],[26.87,-23.24],[26.87,-23.2],[26.91,-23.2],[26.94,-23.24],[26.94,-23.44],[26.98,-23.45],[26.98,-23.49],[27.01,-23.49],[27.01,-23.52],[27.05,-23.52],[27.05,-23.65],[27.16,-23.7],[27.27,-23.7],[27.34,-23.72],[27.34,-23.87],[27.3,-23.91],[27.23,-23.91],[27.16,-23.92],[27.16,-23.96],[27.12,-23.97],[27.12,-23.99],[27.05,-23.97],[27.05,-23.92],[27.01,-23.91],[26.98,-23.91],[26.98,-23.94],[26.94,-23.97],[26.76,-23.99],[26.44,-23.99],[26.37,-23.97],[26.33,-23.92],[26.26,-23.91],[26.15,-23.91],[26.08,-23.87],[26.08,-23.86],[26.01,-23.82],[25.97,-23.75],[25.9,-23.74],[25.86,-23.7],[25.72,-23.7],[25.65,-23.74],[25.65,-23.86],[25.61,-23.87],[25.61,-23.91],[25.5,-23.91],[25.47,-23.91],[25.47,-23.96],[25.4,-23.99],[25.25,-23.99],[25.14,-23.96],[25.11,-23.92],[25.11,-23.89],[25.07,-23.84],[25.07,-23.72],[25.11,-23.7],[25.18,-23.7],[25.25,-23.65],[25.25,-23.52],[25.22,-23.52],[25.22,-23.49],[25.14,-23.49],[25.14,-23.42],[25.22,-23.4],[25.32,-23.4],[25.36,-23.37],[25.36,-23.32],[25.4,-23.3],[25.5,-23.3],[25.54,-23.29],[25.54,-23.22],[25.47,-23.2],[25.47,-23.12],[25.5,-23.1],[25.65,-23.1],[25.65,-23.09],[25.72,-23.09],[25.75,-23.05]],[[26.55,-23.35],[26.55,-23.32],[26.47,-23.3],[26.47,-23.32],[26.44,-23.32],[26.44,-23.37],[26.47,-23.4],[26.55,-23.4],[26.55,-23.35]]]}},{"type":"Feature","properties":{"precip":20},"geometry":{"type":"Polygon","coordinates":[[[28.74,-23.35],[28.74,-23.27],[28.78,-23.24],[28.78,-23.22],[28.81,-23.2],[28.96,-23.2],[29.03,-23.22],[29.03,-23.24],[29.07,-23.25],[29.07,-23.32],[29.14,-23.42],[29.21,-23.52],[29.35,-23.6],[29.43,-23.62],[29.53,-23.72],[29.53,-23.77],[29.5,-23.79],[29.46,-23.82],[29.46,-24.04],[29.39,-24.09],[29.28,-24.09],[29.1,-24.12],[29.03,-24.16],[29.03,-24.19],[28.96,-24.24],[28.96,-24.26],[28.92,-24.29],[28.85,-24.26],[28.85,-24.24],[28.78,-24.21],[28.71,-24.21],[28.49,-24.09],[28.35,-23.96],[28.27,-23.84],[28.27,-23.8],[28.31,-23.8],[28.35,-23.82],[28.35,-23.86],[28.45,-23.91],[28.53,-23.91],[28.56,-23.86],[28.53,-23.84],[28.53,-23.82],[28.45,-23.75],[28.45,-23.74],[28.38,-23.7],[28.38,-23.6],[28.42,-23.57],[28.53,-23.52],[28.53,-23.5],[28.6,-23.5],[28.63,-23.49],[28.71,-23.49],[28.74,-23.47],[28.74,-23.35]],[[28.63,-23.96],[28.63,-23.91],[28.56,-23.91],[28.56,-23.99],[28.63,-23.99],[28.63,-23.96]]]}},{"type":"Feature","properties":{"precip":20},"geometry":{"type":"Polygon","coordinates":[[[20.86,-23.35],[20.86,-23.32],[20.93,-23.3],[20.93,-23.32],[20.97,-23.34],[20.93,-23.37],[20.93,-23.4],[20.86,-23.4],[20.86,-23.35]]]}},{"type":"Feature","properties":{"precip":20},"geometry":{"type":"Polygon","coordinates":[[[21.0,-23.49],[21.11,-23.42],[21.29,-23.4],[21.4,-23.4],[21.54,-23.44],[21.58,-23.49],[21.62,-23.49],[21.62,-23.6],[21.54,-23.65],[21.54,-23.67],[21.47,-23.7],[21.47,-23.65],[21.44,-23.65],[21.44,-23.62],[21.4,-23.6],[21.36,-23.62],[21.36,-23.65],[21.26,-23.7],[21.22,-23.7],[21.15,-23.67],[21.15,-23.62],[21.11,-23.6],[21.0,-23.6],[20.97,-23.59],[20.97,-23.5],[21.0,-23.49]]]}},{"type":"Feature","properties":{"precip":20},"geometry":{"type":"Polygon","coordinates":[[[90.11,-23.6],[90.11,-23.55],[90.19,-23.5],[90.22,-23.49],[90.22,-23.52],[90.26,-23.55],[90.26,-23.65],[90.22,-23.67],[90.22,-23.7],[90.19,-23.7],[90.19,-23.67],[90.11,-23.65],[90.11,-23.6]]]}},{"type":"Feature","properties":{"precip":20},"geometry":{"type":"Polygon","coordinates":[[[23.24,-23.74],[23.27,-23.7],[23.34,-23.74],[23.42,-23.79],[23.42,-23.84],[23.45,-23.86],[23.45,-23.89],[23.38,-23.89],[23.38,-23.86],[23.34,-23.84],[23.27,-23.77],[23.27,-23.74],[23.24,-23.74]]]}},{"type":"Feature","properties":{"precip":20},"geometry":{"type":"Polygon","coordinates":[[[49.37,-23.74],[49.37,-23.7],[49.44,-23.7],[49.44,-23.79],[49.37,-23.8],[49.37,-23.74]]]}},{"type":"Feature","properties":{"precip":20},"geometry":{"type":"Polygon","coordinates":[[[23.56,-23.96],[23.56,-23.82],[23.6,-23.8],[23.67,-23.86],[23.7,-23.91],[23.7,-23.92],[23.74,-23.96],[23.81,-23.99],[23.88,-23.99],[23.96,-24.04],[23.96,-24.16],[23.92,-24.17],[23.92,-24.21],[23.85,-24.17],[23.85,-24.14],[23.78,-24.11],[23.7,-24.09],[23.6,-24.09],[23.56,-24.07],[23.56,-23.96]]]}},{"type":"Feature","properties":{"precip":20},"geometry":{"type":"Polygon","coordinates":[[[27.95,-23.86],[27.95,-23.82],[28.02,-23.8],[28.06,-23.82],[28.06,-23.89],[27.95,-23.89],[27.95,-23.86]]]}},{"type":"Feature","properties":{"precip":20},"geometry":{"type":"Polygon","coordinates":[[[24.1,-24.07],[24.24,-24.02],[24.32,-24.01],[24.42,-24.01],[24.5,-23.99],[24.64,-24.02],[24.64,-24.07],[24.68,-24.07],[24.71,-24.09],[24.82,-24.09],[24.82,-24.11],[24.89,-24.11],[24.96,-24.14],[24.96,-24.19],[25.04,-24.21],[25.11,-24.21],[25.14,-24.24],[25.14,-24.34],[25.07,-24.42],[25.0,-24.49],[24.89,-24.49],[24.78,-24.47],[24.71,-24.41],[24.68,-24.39],[24.68,-24.36],[24.64,-24.32],[24.57,-24.31],[24.5,-24.31],[24.46,-24.27],[24.46,-24.24],[24.42,-24.22],[24.35,-24.21],[24.17,-24.21],[24.06,-24.17],[24.06,-24.14],[24.1,-24.11],[24.1,-24.07]]]}},{"type":"Feature","properties":{"precip":20},"geometry":{"type":"Polygon","coordinates":[[[45.95,-24.06],[45.98,-24.01],[46.06,-23.99],[46.13,-24.01],[46.13,-24.04],[46.16,-24.04],[46.16,-24.07],[46.13,-24.07],[46.09,-24.09],[45.98,-24.09],[45.95,-24.06]]]}},{"type":"Feature","properties":{"precip":20},"geometry":{"type":"Polygon","coordinates":[[[50.27,-24.09],[50.27,-24.02],[50.34,-23.99],[50.45,-24.01],[50.45,-24.07],[50.34,-24.16],[50.27,-24.19],[50.27,-24.09]]]}},{"type":"Feature","properties":{"precip":20},"geometry":{"type":"Polygon","coordinates":[[[49.76,-24.21],[49.76,-24.12],[49.84,-24.11],[49.84,-24.29],[49.76,-24.29],[49.76,-24.21]]]}},{"type":"Feature","properties":{"precip":20},"geometry":{"type":"Polygon","coordinates":[[[23.2,-24.37],[23.27,-24.34],[23.34,-24.31],[23.42,-24.31],[23.52,-24.34],[23.63,-24.41],[23.63,-24.44],[23.67,-24.47],[23.74,-24.49],[23.74,-24.44],[23.81,-24.41],[23.88,-24.41],[23.92,-24.41],[23.96,-24.46],[23.96,-24.64],[23.92,-24.66],[23.92,-24.71],[23.88,-24.67],[23.85,-24.67],[23.85,-24.62],[23.78,-24.59],[23.7,-24.59],[23.63,-24.56],[23.63,-24.51],[23.56,-24.52],[23.56,-24.56],[23.52,-24.57],[23.52,-24.59],[23.45,-24.57],[23.45,-24.54],[23.42,-24.51],[23.34,-24.51],[23.34,-24.49],[23.2,-24.49],[23.16,-24.49],[23.16,-24.44],[23.2,-24.41],[23.2,-24.37]]]}},{"type":"Feature","properties":{"precip":20},"geometry":{"type":"Polygon","coordinates":[[[28.63,-24.34],[28.67,-24.34],[28.67,-24.31],[28.74,-24.31],[28.74,-24.39],[28.67,-24.41],[28.67,-24.36],[28.63,-24.34]]]}},{"type":"Feature","properties":{"precip":20},"geometry":{"type":"Polygon","coordinates":[[[91.41,-24.39],[91.41,-24.37],[91.59,-24.31],[91.77,-24.31],[91.84,-24.32],[91.84,-24.52],[91.81,-24.56],[91.81,-24.57],[91.77,-24.62],[91.77,-24.66],[91.63,-24.78],[91.52,-24.74],[91.48,-24.69],[91.48,-24.64],[91.41,-24.62],[91.41,-24.52],[91.41,-24.51],[91.41,-24.49],[91.37,-24.49],[91.37,-24.41],[91.41,-24.39]]]}},{"type":"Feature","properties":{"precip":20},"geometry":{"type":"Polygon","coordinates":[[[27.55,-24.46],[27.55,-24.42],[27.63,-24.41],[27.73,-24.41],[27.73,-24.69],[27.66,-24.67],[27.66,-24.57],[27.63,-24.54],[27.63,-24.49],[27.55,-24.49],[27.55,-24.46]]]}},{"type":"Feature","properties":{"precip":20},"geometry":{"type":"Polygon","coordinates":[[[90.11,-24.46],[90.11,-24.42],[90.19,-24.41],[90.22,-24.41],[90.26,-24.42],[90.26,-24.49],[90.11,-24.49],[90.11,-24.46]]]}},{"type":"Feature","properties":{"precip":20},"geometry":{"type":"Polygon","coordinates":[[[22.16,-24.56],[22.16,-24.51],[22.23,-24.49],[22.23,-24.52],[22.26,-24.52],[22.26,-24.57],[22.23,-24.59],[22.16,-24.57],[22.16,-24.56]]]}},{"type":"Feature","properties":{"precip":20},"geometry":{"type":"Polygon","coordinates":[[[28.17,-24.52],[28.2,-24.49],[28.27,-24.49],[28.42,-24.52],[28.49,-24.57],[28.53,-24.61],[28.53,-24.66],[28.56,-24.67],[28.56,-24.73],[28.53,-24.74],[28.53,-24.78],[28.49,-24.83],[28.38,-24.76],[28.27,-24.69],[28.24,-24.64],[28.17,-24.56],[28.17,-24.52]]]}},{"type":"Feature","properties":{"precip":20},"geometry":{"type":"Polygon","coordinates":[[[28.85,-24.56],[28.85,-24.51],[28.92,-24.49],[28.96,-24.52],[28.96,-24.57],[28.92,-24.59],[28.85,-24.57],[28.85,-24.56]]]}},{"type":"Feature","properties":{"precip":20},"geometry":{"type":"Polygon","coordinates":[[[23.16,-24.74],[23.16,-24.64],[23.24,-24.59],[23.31,-24.61],[23.34,-24.66],[23.34,-24.76],[23.31,-24.79],[23.31,-24.83],[23.27,-24.83],[23.27,-24.86],[23.31,-24.88],[23.31,-24.91],[23.42,-25.03],[23.49,-25.08],[23.56,-25.16],[23.63,-25.16],[23.74,-25.08],[23.74,-25.04],[23.81,-25.01],[23.92,-25.09],[23.92,-25.14],[23.96,-25.16],[23.96,-25.24],[23.99,-25.28],[23.99,-25.31],[24.06,-25.36],[24.14,-25.39],[24.21,-25.41],[24.28,-25.41],[24.35,-25.44],[24.35,-25.49],[24.28,-25.51],[24.24,-25.55],[24.32,-25.6],[24.32,-25.63],[24.35,-25.65],[24.35,-25.66],[24.32,-25.68],[24.28,-25.73],[24.21,-25.76],[24.1,-25.8],[23.63,-25.8],[23.56,-25.75],[23.56,-25.65],[23.52,-25.63],[23.52,-25.6],[23.49,-25.6],[23.49,-25.58],[23.45,-25.55],[23.45,-25.28],[23.38,-25.19],[23.27,-25.19],[23.16,-25.16],[23.09,-25.09],[23.09,-25.08],[23.02,-25.03],[22.98,-24.99],[22.98,-24.98],[22.95,-24.91],[22.98,-24.91],[23.09,-24.91],[23.13,-24.89],[23.13,-24.84],[23.16,-24.83],[23.16,-24.74]]]}},{"type":"Feature","properties":{"precip":20},"geometry":{"type":"Polygon","coordinates":[[[22.44,-24.74],[22.44,-24.73],[22.48,-24.71],[22.55,-24.73],[22.55,-24.79],[22.48,-24.79],[22.44,-24.78],[22.44,-24.74]]]}},{"type":"Feature","properties":{"precip":20},"geometry":{"type":"Polygon","coordinates":[[[28.85,-24.84],[28.85,-24.83],[28.89,-24.83],[28.96,-24.83],[28.96,-24.88],[28.92,-24.89],[28.85,-24.89],[28.85,-24.84]]]}},{"type":"Feature","properties":{"precip":20},"geometry":{"type":"Polygon","coordinates":[[[29.07,-24.94],[29.07,-24.83],[29.1,-24.83],[29.14,-24.83],[29.25,-24.98],[29.25,-25.06],[29.17,-25.09],[29.1,-25.09],[29.07,-25.08],[29.07,-24.94]]]}},{"type":"Feature","properties":{"precip":20},"geometry":{"type":"Polygon","coordinates":[[[22.34,-24.94],[22.37,-24.94],[22.37,-24.91],[22.44,-24.91],[22.59,-24.91],[22.62,-24.91],[22.66,-24.98],[22.66,-25.08],[22.73,-25.09],[22.84,-25.09],[22.91,-25.13],[22.95,-25.14],[22.95,-25.28],[23.13,-25.33],[23.24,-25.43],[23.24,-25.49],[23.16,-25.49],[23.13,-25.49],[22.91,-25.49],[22.88,-25.49],[22.77,-25.48],[22.77,-25.41],[22.84,-25.39],[22.84,-25.24],[22.8,-25.21],[22.73,-25.19],[22.59,-25.19],[22.55,-25.16],[22.55,-25.04],[22.48,-24.99],[22.41,-24.99],[22.37,-24.99],[22.37,-24.98],[22.34,-24.94]]]}},{"type":"Feature","properties":{"precip":20},"geometry":{"type":"Polygon","coordinates":[[[23.56,-24.94],[23.56,-24.91],[23.63,-24.91],[23.63,-24.93],[23.67,-24.94],[23.63,-24.98],[23.63,-24.99],[23.56,-24.99],[23.56,-24.94]]]}},{"type":"Feature","properties":{"precip":20},"geometry":{"type":"Polygon","coordinates":[[[27.05,-24.94],[27.05,-24.91],[27.12,-24.91],[27.19,-24.91],[27.27,-24.94],[27.19,-24.99],[27.12,-24.99],[27.05,-24.98],[27.05,-24.94]]]}},{"type":"Feature","properties":{"precip":20},"geometry":{"type":"Polygon","coordinates":[[[72.84,-25.06],[72.87,-25.04],[72.87,-24.99],[72.94,-25.01],[72.94,-25.09],[72.87,-25.09],[72.87,-25.06],[72.84,-25.06]]]}},{"type":"Feature","properties":{"precip":20},"geometry":{"type":"Polygon","coordinates":[[[30.22,-25.28],[30.22,-25.24],[30.29,-25.23],[30.29,-25.21],[30.36,-25.21],[30.36,-25.24],[30.33,-25.28],[30.33,-25.29],[30.29,-25.31],[30.29,-25.33],[30.25,-25.36],[30.18,-25.39],[30.15,-25.36],[30.18,-25.34],[30.18,-25.33],[30.22,-25.28]]]}},{"type":"Feature","properties":{"precip":20},"geometry":{"type":"Polygon","coordinates":[[[30.54,-25.24],[30.58,-25.23],[30.58,-25.19],[30.61,-25.19],[30.65,-25.23],[30.65,-25.29],[30.58,-25.31],[30.58,-25.28],[30.54,-25.24]]]}},{"type":"Feature","properties":{"precip":20},"geometry":{"type":"Polygon","coordinates":[[[30.29,-25.49],[30.36,-25.43],[30.4,-25.41],[30.43,-25.43],[30.51,-25.51],[30.58,-25.56],[30.58,-25.58],[30.65,-25.56],[30.69,-25.51],[30.72,-25.49],[30.79,-25.49],[30.83,-25.51],[30.87,-25.56],[30.79,-25.6],[30.72,-25.6],[30.65,-25.65],[30.58,-25.71],[30.58,-25.73],[30.54,-25.78],[30.54,-25.85],[30.58,-25.88],[30.65,-25.9],[30.72,-25.9],[30.76,-25.86],[30.76,-25.83],[30.79,-25.81],[30.83,-25.81],[30.83,-25.83],[30.9,-25.9],[30.97,-25.9],[31.05,-25.9],[31.15,-25.85],[31.23,-25.8],[31.23,-25.71],[31.15,-25.66],[31.15,-25.63],[31.19,-25.6],[31.23,-25.6],[31.23,-25.65],[31.26,-25.66],[31.33,-25.7],[31.44,-25.7],[31.51,-25.71],[31.55,-25.73],[31.55,-25.96],[31.59,-25.98],[31.59,-26.0],[31.66,-25.98],[31.66,-25.93],[31.77,-25.9],[32.13,-25.9],[32.2,-25.91],[32.27,-25.96],[32.27,-25.98],[32.31,-26.0],[32.38,-26.0],[32.45,-26.05],[32.45,-26.15],[32.49,-26.18],[32.63,-26.21],[32.63,-26.25],[32.67,-26.28],[32.67,-26.38],[32.74,-26.4],[32.81,-26.4],[32.85,-26.43],[32.85,-26.57],[32.88,-26.57],[32.88,-26.6],[32.92,-26.6],[32.95,-26.63],[32.95,-26.65],[32.85,-26.75],[32.77,-26.78],[32.7,-26.8],[32.59,-26.8],[32.56,-26.82],[32.49,-26.82],[32.45,-26.85],[32.45,-26.87],[32.41,-26.87],[32.34,-26.9],[32.05,-26.9],[31.98,-26.87],[31.95,-26.87],[31.95,-26.85],[31.91,-26.82],[31.84,-26.8],[31.73,-26.8],[31.66,-26.77],[31.66,-26.73],[31.59,-26.7],[31.48,-26.72],[31.44,-26.73],[31.44,-26.78],[31.37,-26.78],[31.37,-26.75],[31.33,-26.73],[31.26,-26.73],[31.23,-26.78],[31.08,-26.92],[31.08,-27.0],[31.12,-27.02],[31.15,-27.07],[31.26,-27.1],[31.33,-27.1],[31.33,-27.2],[31.26,-27.22],[31.26,-27.29],[31.3,-27.32],[31.37,-27.32],[31.44,-27.34],[31.44,-27.57],[31.48,-27.62],[31.48,-27.7],[31.55,-27.69],[31.55,-27.62],[31.59,-27.62],[31.66,-27.62],[31.69,-27.62],[31.84,-27.74],[31.91,-27.82],[31.95,-27.84],[31.95,-27.89],[31.91,-27.9],[31.84,-27.9],[31.77,-27.92],[31.77,-27.97],[31.73,-27.99],[31.59,-28.0],[31.59,-28.05],[31.55,-28.07],[31.55,-28.46],[31.51,-28.49],[31.41,-28.49],[31.37,-28.49],[31.37,-28.39],[31.33,-28.36],[31.33,-28.22],[31.3,-28.19],[31.26,-28.19],[31.26,-28.07],[31.23,-28.05],[31.23,-28.0],[31.19,-27.99],[31.19,-28.04],[31.15,-28.05],[31.15,-28.24],[31.12,-28.31],[31.12,-28.36],[31.05,-28.44],[31.05,-28.49],[31.01,-28.49],[30.94,-28.49],[30.9,-28.51],[30.79,-28.59],[30.72,-28.71],[30.65,-28.86],[30.65,-29.06],[30.61,-29.06],[30.61,-29.09],[30.54,-29.06],[30.54,-29.01],[30.51,-28.99],[30.43,-29.01],[30.33,-29.08],[30.25,-29.14],[30.18,-29.21],[30.11,-29.31],[30.04,-29.36],[29.97,-29.38],[29.97,-29.34],[29.93,-29.34],[29.86,-29.34],[29.79,-29.39],[29.71,-29.49],[29.64,-29.56],[29.61,-29.59],[29.53,-29.64],[29.46,-29.66],[29.43,-29.63],[29.28,-29.59],[29.14,-29.59],[29.07,-29.56],[29.07,-29.54],[28.99,-29.49],[28.92,-29.49],[28.85,-29.43],[28.81,-29.41],[28.78,-29.38],[28.74,-29.36],[28.74,-29.31],[28.78,-29.31],[28.92,-29.31],[29.07,-29.24],[29.07,-29.21],[29.1,-29.21],[29.14,-29.24],[29.21,-29.28],[29.21,-29.26],[29.35,-29.14],[29.39,-29.09],[29.46,-29.06],[29.5,-29.01],[29.61,-28.92],[29.64,-28.92],[29.64,-28.96],[29.75,-28.99],[29.86,-28.99],[29.97,-28.96],[29.97,-28.91],[30.0,-28.89],[30.07,-28.89],[30.11,-28.89],[30.18,-28.84],[30.18,-28.81],[30.22,-28.81],[30.22,-28.77],[30.29,-28.72],[30.33,-28.71],[30.4,-28.71],[30.43,-28.67],[30.43,-28.51],[30.36,-28.47],[30.36,-28.14],[30.4,-28.12],[30.4,-28.09],[30.43,-28.09],[30.43,-27.99],[30.47,-27.99],[30.47,-27.92],[30.54,-27.92],[30.54,-27.99],[30.58,-27.99],[30.65,-27.99],[30.72,-27.95],[30.79,-27.92],[30.83,-27.87],[30.9,-27.8],[30.94,-27.74],[30.87,-27.65],[30.83,-27.64],[30.76,-27.62],[30.69,-27.59],[30.65,-27.57],[30.65,-27.42],[30.61,-27.42],[30.61,-27.4],[30.58,-27.4],[30.58,-27.47],[30.54,-27.49],[30.54,-27.7],[30.47,-27.67],[30.4,-27.62],[30.4,-27.57],[30.36,-27.55],[30.36,-27.47],[30.33,-27.44],[30.33,-27.4],[30.29,-27.4],[30.29,-27.37],[30.25,-27.35],[30.25,-27.15],[30.29,-27.13],[30.29,-27.1],[30.4,-27.1],[30.43,-27.12],[30.43,-27.15],[30.47,-27.15],[30.47,-27.2],[30.54,-27.18],[30.54,-26.87],[30.47,-26.75],[30.43,-26.73],[30.36,-26.7],[30.29,-26.7],[30.25,-26.7],[30.25,-26.63],[30.29,-26.62],[30.36,-26.62],[30.4,-26.6],[30.58,-26.6],[30.65,-26.58],[30.72,-26.58],[30.76,-26.55],[30.69,-26.48],[30.65,-26.45],[30.58,-26.4],[30.58,-26.35],[30.54,-26.31],[30.54,-26.21],[30.51,-26.2],[30.47,-26.21],[30.47,-26.28],[30.43,-26.3],[30.43,-26.38],[30.36,-26.4],[30.29,-26.4],[30.25,-26.38],[30.25,-26.33],[30.18,-26.3],[30.11,-26.3],[30.07,-26.28],[30.07,-26.23],[30.04,-26.23],[30.04,-26.13],[30.0,-26.1],[29.89,-26.1],[29.89,-26.06],[29.86,-26.06],[29.86,-25.96],[29.82,-25.93],[29.82,-25.9],[29.79,-25.9],[29.71,-25.96],[29.71,-26.0],[29.68,-26.0],[29.68,-25.95],[29.57,-25.9],[29.46,-25.9],[29.35,-25.86],[29.35,-25.75],[29.43,-25.71],[29.53,-25.7],[29.75,-25.7],[29.86,-25.65],[29.86,-25.63],[29.97,-25.6],[30.15,-25.6],[30.22,-25.58],[30.22,-25.56],[30.29,-25.53],[30.29,-25.49]],[[30.43,-25.95],[30.43,-25.9],[30.36,-25.9],[30.36,-25.98],[30.43,-26.0],[30.43,-25.95]],[[31.33,-25.95],[31.33,-25.9],[31.26,-25.9],[31.26,-25.98],[31.33,-26.0],[31.33,-25.95]],[[30.87,-26.65],[30.83,-26.63],[30.83,-26.6],[30.76,-26.62],[30.76,-26.7],[30.83,-26.7],[30.83,-26.67],[30.87,-26.65]],[[31.15,-27.65],[31.12,-27.62],[31.01,-27.62],[30.94,-27.65],[31.01,-27.7],[31.08,-27.7],[31.12,-27.67],[31.15,-27.67],[31.15,-27.65]],[[31.26,-27.74],[31.23,-27.7],[31.15,-27.72],[31.15,-27.79],[31.23,-27.8],[31.23,-27.77],[31.26,-27.77],[31.26,-27.74]],[[29.64,-29.06],[29.64,-29.01],[29.57,-28.99],[29.57,-29.04],[29.53,-29.06],[29.57,-29.06],[29.57,-29.09],[29.64,-29.09],[29.64,-29.06]],[[29.53,-29.14],[29.53,-29.11],[29.46,-29.11],[29.46,-29.19],[29.53,-29.19],[29.53,-29.14]],[[29.46,-29.24],[29.43,-29.21],[29.35,-29.23],[29.35,-29.29],[29.43,-29.31],[29.43,-29.28],[29.46,-29.28],[29.46,-29.24]],[[29.53,-29.34],[29.53,-29.31],[29.46,-29.31],[29.46,-29.39],[29.53,-29.39],[29.53,-29.34]]]}},{"type":"Feature","properties":{"precip":20},"geometry":{"type":"Polygon","coordinates":[[[26.76,-25.56],[26.76,-25.51],[26.8,-25.49],[26.83,-25.51],[26.83,-25.6],[26.87,-25.63],[26.87,-25.66],[26.94,-25.7],[27.16,-25.7],[27.34,-25.73],[27.34,-25.88],[27.3,-25.9],[27.16,-25.9],[27.09,-25.9],[26.73,-25.9],[26.65,-25.9],[26.58,-25.86],[26.55,-25.83],[26.55,-25.65],[26.58,-25.61],[26.62,-25.6],[26.69,-25.6],[26.76,-25.56]]]}},{"type":"Feature","properties":{"precip":20},"geometry":{"type":"Polygon","coordinates":[[[50.95,-25.63],[50.95,-25.55],[51.02,-25.49],[51.13,-25.49],[51.28,-25.56],[51.31,-25.6],[51.31,-25.63],[51.35,-25.66],[51.35,-25.76],[51.24,-25.86],[51.17,-25.9],[51.1,-25.88],[50.99,-25.78],[50.99,-25.73],[50.95,-25.68],[50.95,-25.63]]]}},{"type":"Feature","properties":{"precip":20},"geometry":{"type":"Polygon","coordinates":[[[88.24,-25.95],[88.28,-25.9],[88.35,-25.9],[88.35,-25.96],[88.31,-25.98],[88.24,-26.06],[88.17,-26.11],[88.13,-26.15],[88.06,-26.2],[87.92,-26.2],[87.92,-26.15],[87.95,-26.11],[87.95,-26.08],[88.03,-26.06],[88.13,-26.0],[88.17,-26.0],[88.24,-25.98],[88.24,-25.95]]]}},{"type":"Feature","properties":{"precip":20},"geometry":{"type":"Polygon","coordinates":[[[87.52,-26.2],[87.52,-26.15],[87.59,-26.13],[87.59,-26.1],[87.7,-26.1],[87.7,-26.13],[87.7,-26.28],[87.7,-26.3],[87.59,-26.3],[87.52,-26.26],[87.52,-26.2]]]}},{"type":"Feature","properties":{"precip":20},"geometry":{"type":"Polygon","coordinates":[[[27.73,-26.25],[27.77,-26.23],[27.84,-26.21],[27.91,-26.21],[27.95,-26.2],[28.24,-26.2],[28.31,-26.21],[28.42,-26.21],[28.45,-26.23],[28.45,-26.25],[28.42,-26.26],[28.42,-26.3],[28.38,-26.31],[28.35,-26.35],[28.27,-26.38],[28.2,-26.4],[28.02,-26.4],[27.95,-26.38],[27.95,-26.31],[27.88,-26.3],[27.81,-26.3],[27.73,-26.25]]]}},{"type":"Feature","properties":{"precip":20},"geometry":{"type":"Polygon","coordinates":[[[27.05,-26.35],[27.05,-26.31],[27.12,-26.3],[27.16,-26.31],[27.16,-26.38],[27.12,-26.38],[27.09,-26.4],[27.05,-26.38],[27.05,-26.35]]]}},{"type":"Feature","properties":{"precip":20},"geometry":{"type":"Polygon","coordinates":[[[27.27,-26.35],[27.27,-26.31],[27.34,-26.31],[27.34,-26.35],[27.37,-26.36],[27.45,-26.45],[27.45,-26.57],[27.37,-26.6],[27.37,-26.57],[27.34,-26.55],[27.34,-26.4],[27.27,-26.4],[27.27,-26.35]]]}},{"type":"Feature","properties":{"precip":20},"geometry":{"type":"Polygon","coordinates":[[[88.06,-26.35],[88.06,-26.31],[88.13,-26.3],[88.24,-26.31],[88.24,-26.38],[88.17,-26.4],[88.1,-26.4],[88.06,-26.38],[88.06,-26.35]]]}},{"type":"Feature","properties":{"precip":20},"geometry":{"type":"Polygon","coordinates":[[[26.76,-26.45],[26.76,-26.42],[26.8,-26.4],[26.91,-26.4],[26.94,-26.42],[26.94,-26.48],[26.87,-26.5],[26.76,-26.48],[26.76,-26.45]]]}},{"type":"Feature","properties":{"precip":20},"geometry":{"type":"Polygon","coordinates":[[[87.45,-26.45],[87.45,-26.42],[87.49,-26.4],[87.52,-26.42],[87.52,-26.48],[87.49,-26.5],[87.45,-26.48],[87.45,-26.45]]]}},{"type":"Feature","properties":{"precip":20},"geometry":{"type":"Polygon","coordinates":[[[87.7,-26.45],[87.74,-26.43],[87.74,-26.4],[87.85,-26.4],[87.85,-26.48],[87.81,-26.5],[87.7,-26.45]]]}},{"type":"Feature","properties":{"precip":20},"geometry":{"type":"Polygon","coordinates":[[[87.92,-26.55],[87.92,-26.52],[87.95,-26.5],[88.06,-26.52],[88.06,-26.57],[88.03,-26.58],[87.92,-26.58],[87.92,-26.55]]]}},{"type":"Feature","properties":{"precip":20},"geometry":{"type":"Polygon","coordinates":[[[25.14,-26.63],[25.18,-26.6],[25.29,-26.67],[25.29,-26.7],[25.32,-26.72],[25.32,-26.78],[25.29,-26.78],[25.22,-26.73],[25.22,-26.72],[25.14,-26.65],[25.14,-26.63]]]}},{"type":"Feature","properties":{"precip":20},"geometry":{"type":"Polygon","coordinates":[[[87.63,-26.67],[87.63,-26.65],[87.7,-26.6],[87.7,-26.63],[87.85,-26.75],[87.85,-26.87],[87.74,-26.9],[87.67,-26.9],[87.52,-26.87],[87.52,-26.77],[87.63,-26.67]]]}},{"type":"Feature","properties":{"precip":20},"geometry":{"type":"Polygon","coordinates":[[[87.16,-27.05],[87.16,-27.02],[87.2,-27.0],[87.27,-27.0],[87.31,-27.02],[87.31,-27.07],[87.41,-27.08],[87.49,-27.1],[87.67,-27.1],[87.7,-27.13],[87.7,-27.17],[87.63,-27.2],[87.49,-27.2],[87.41,-27.18],[87.31,-27.15],[87.31,-27.12],[87.27,-27.1],[87.2,-27.1],[87.16,-27.07],[87.16,-27.05]]]}},{"type":"Feature","properties":{"precip":20},"geometry":{"type":"Polygon","coordinates":[[[86.77,-27.35],[86.77,-27.32],[86.84,-27.32],[86.84,-27.4],[86.77,-27.4],[86.77,-27.35]]]}},{"type":"Feature","properties":{"precip":20},"geometry":{"type":"Polygon","coordinates":[[[87.16,-27.32],[87.2,-27.32],[87.23,-27.32],[87.27,-27.34],[87.27,-27.39],[87.27,-27.4],[87.38,-27.4],[87.45,-27.42],[87.45,-27.49],[87.41,-27.49],[87.31,-27.49],[87.27,-27.49],[87.23,-27.42],[87.2,-27.4],[87.2,-27.39],[87.16,-27.37],[87.16,-27.32]]]}},{"type":"Feature","properties":{"precip":20},"geometry":{"type":"Polygon","coordinates":[[[95.66,-27.35],[95.66,-27.32],[95.73,-27.32],[95.73,-27.37],[95.73,-27.4],[95.66,-27.39],[95.66,-27.35]]]}},{"type":"Feature","properties":{"precip":20},"geometry":{"type":"Polygon","coordinates":[[[84.46,-27.47],[84.46,-27.4],[84.5,-27.4],[84.5,-27.44],[84.57,-27.44],[84.57,-27.47],[84.5,-27.47],[84.5,-27.49],[84.46,-27.49],[84.46,-27.47]]]}},{"type":"Feature","properties":{"precip":20},"geometry":{"type":"Polygon","coordinates":[[[91.63,-27.74],[91.63,-27.72],[91.73,-27.7],[91.73,-27.74],[91.77,-27.74],[91.73,-27.77],[91.73,-27.8],[91.63,-27.79],[91.63,-27.74]]]}},{"type":"Feature","properties":{"precip":20},"geometry":{"type":"Polygon","coordinates":[[[28.06,-28.14],[28.06,-28.04],[28.09,-28.0],[28.17,-27.99],[28.24,-27.99],[28.31,-28.0],[28.35,-28.05],[28.35,-28.24],[28.42,-28.31],[28.49,-28.31],[28.56,-28.26],[28.56,-28.22],[28.6,-28.21],[28.63,-28.22],[28.63,-28.24],[28.71,-28.27],[28.74,-28.26],[28.81,-28.21],[28.89,-28.14],[28.89,-28.09],[28.92,-28.07],[29.03,-28.0],[29.03,-28.07],[29.07,-28.1],[29.07,-28.32],[29.1,-28.39],[29.17,-28.47],[29.21,-28.49],[29.25,-28.44],[29.32,-28.41],[29.32,-28.46],[29.28,-28.49],[29.28,-28.52],[29.17,-28.62],[29.14,-28.67],[29.07,-28.72],[28.99,-28.77],[28.89,-28.69],[28.89,-28.66],[28.85,-28.64],[28.85,-28.52],[28.81,-28.49],[28.78,-28.49],[28.78,-28.52],[28.74,-28.54],[28.74,-28.57],[28.71,-28.59],[28.63,-28.59],[28.56,-28.61],[28.49,-28.64],[28.42,-28.67],[28.38,-28.72],[28.31,-28.77],[28.27,-28.82],[28.27,-28.89],[28.35,-28.92],[28.35,-28.98],[28.27,-28.98],[28.24,-28.96],[28.24,-28.91],[28.2,-28.89],[28.17,-28.91],[28.17,-28.96],[28.09,-28.98],[27.99,-28.89],[27.99,-28.94],[27.88,-28.99],[27.81,-28.99],[27.73,-28.96],[27.77,-28.94],[27.77,-28.91],[27.81,-28.89],[27.88,-28.89],[27.95,-28.89],[27.95,-28.82],[28.02,-28.81],[28.17,-28.81],[28.24,-28.77],[28.24,-28.71],[28.2,-28.67],[28.17,-28.67],[28.17,-28.64],[28.2,-28.62],[28.2,-28.59],[28.24,-28.57],[28.24,-28.46],[28.2,-28.42],[28.2,-28.39],[28.13,-28.32],[28.09,-28.32],[28.09,-28.26],[28.06,-28.24],[28.06,-28.14]],[[28.45,-28.56],[28.45,-28.51],[28.38,-28.49],[28.35,-28.52],[28.35,-28.57],[28.38,-28.59],[28.45,-28.57],[28.45,-28.56]]]}},{"type":"Feature","properties":{"precip":20},"geometry":{"type":"Polygon","coordinates":[[[86.15,-29.06],[86.15,-28.89],[86.19,-28.82],[86.23,-28.79],[86.33,-28.82],[86.41,-28.94],[86.41,-29.09],[86.37,-29.11],[86.37,-29.21],[86.33,-29.23],[86.33,-29.28],[86.23,-29.31],[86.19,-29.29],[86.15,-29.26],[86.15,-29.06]]]}},{"type":"Feature","properties":{"precip":20},"geometry":{"type":"Polygon","coordinates":[[[36.16,-32.04],[36.16,-32.0],[36.23,-32.0],[36.27,-32.04],[36.27,-32.07],[36.3,-32.09],[36.34,-32.07],[36.34,-32.05],[36.41,-32.0],[36.45,-32.02],[36.45,-32.07],[36.48,-32.07],[36.52,-32.1],[36.59,-32.1],[36.66,-32.14],[36.7,-32.19],[36.7,-32.22],[36.73,-32.27],[36.73,-32.3],[36.77,-32.37],[36.77,-32.49],[36.84,-32.51],[36.84,-32.57],[36.77,-32.61],[36.73,-32.61],[36.66,-32.57],[36.66,-32.54],[36.59,-32.51],[36.52,-32.51],[36.52,-32.49],[36.41,-32.49],[36.37,-32.47],[36.37,-32.44],[36.34,-32.39],[36.34,-32.24],[36.3,-32.22],[36.3,-32.19],[36.27,-32.17],[36.27,-32.14],[36.19,-32.09],[36.16,-32.07],[36.16,-32.04]]]}},{"type":"Feature","properties":{"precip":20},"geometry":{"type":"Polygon","coordinates":[[[36.05,-32.81],[36.05,-32.74],[36.16,-32.71],[36.66,-32.71],[36.73,-32.72],[36.73,-32.77],[36.77,-32.81],[36.77,-32.89],[36.84,-32.89],[36.95,-32.94],[37.02,-33.01],[37.02,-33.04],[37.06,-33.07],[37.06,-33.17],[37.09,-33.17],[37.17,-33.21],[37.27,-33.21],[37.38,-33.26],[37.38,-33.31],[37.42,-33.31],[37.42,-33.26],[37.49,-33.21],[37.56,-33.21],[37.63,-33.19],[37.63,-33.16],[37.67,-33.14],[37.67,-33.11],[37.74,-33.12],[37.74,-33.33],[37.78,-33.34],[37.78,-33.39],[37.81,-33.41],[37.89,-33.41],[37.96,-33.43],[37.96,-33.48],[37.92,-33.49],[37.81,-33.49],[37.78,-33.51],[37.78,-33.54],[37.74,-33.56],[37.74,-33.68],[37.67,-33.73],[37.67,-33.81],[37.63,-33.83],[37.63,-33.88],[37.49,-33.89],[37.17,-33.89],[36.99,-33.88],[36.91,-33.81],[36.88,-33.81],[36.88,-33.83],[36.84,-33.84],[36.84,-33.88],[36.77,-33.89],[36.77,-33.83],[36.7,-33.81],[36.63,-33.81],[36.59,-33.78],[36.55,-33.78],[36.55,-33.74],[36.52,-33.73],[36.48,-33.73],[36.48,-33.74],[36.34,-33.81],[36.27,-33.78],[36.23,-33.74],[36.23,-33.73],[36.19,-33.73],[36.16,-33.73],[36.16,-33.76],[36.12,-33.79],[36.05,-33.76],[36.05,-33.73],[35.98,-33.69],[35.98,-33.64],[35.94,-33.61],[35.94,-33.56],[35.98,-33.54],[36.09,-33.49],[36.16,-33.49],[36.27,-33.46],[36.27,-33.41],[36.3,-33.41],[36.41,-33.49],[36.41,-33.53],[36.52,-33.58],[36.52,-33.56],[36.59,-33.54],[36.63,-33.49],[36.63,-33.48],[36.66,-33.43],[36.59,-33.41],[36.52,-33.41],[36.48,-33.38],[36.45,-33.38],[36.45,-33.33],[36.34,-33.31],[36.16,-33.31],[36.09,-33.28],[36.05,-33.26],[36.05,-33.14],[36.12,-33.11],[36.12,-33.06],[36.16,-33.06],[36.16,-32.94],[36.12,-32.92],[36.12,-32.89],[36.05,-32.87],[36.05,-32.81]],[[36.55,-33.06],[36.55,-33.01],[36.48,-32.99],[36.45,-33.02],[36.45,-33.07],[36.48,-33.07],[36.52,-33.11],[36.55,-33.07],[36.55,-33.06]],[[36.34,-33.56],[36.34,-33.51],[36.3,-33.49],[36.27,-33.51],[36.27,-33.59],[36.34,-33.59],[36.34,-33.56]]]}},{"type":"Feature","properties":{"precip":20},"geometry":{"type":"Polygon","coordinates":[[[34.07,-34.45],[34.07,-34.4],[34.14,-34.4],[34.14,-34.48],[34.07,-34.5],[34.07,-34.45]]]}},{"type":"Feature","properties":{"precip":20},"geometry":{"type":"Polygon","coordinates":[[[34.36,-34.56],[34.36,-34.51],[34.43,-34.5],[34.43,-34.53],[34.47,-34.53],[34.47,-34.56],[34.43,-34.6],[34.36,-34.6],[34.36,-34.56]]]}},{"type":"Feature","properties":{"precip":20},"geometry":{"type":"Polygon","coordinates":[[[35.37,-34.56],[35.37,-34.5],[35.44,-34.5],[35.44,-34.6],[35.37,-34.6],[35.37,-34.56]]]}},{"type":"Feature","properties":{"precip":20},"geometry":{"type":"Polygon","coordinates":[[[32.74,-34.65],[32.77,-34.63],[32.77,-34.6],[32.85,-34.61],[32.85,-34.7],[32.77,-34.7],[32.77,-34.66],[32.74,-34.65]]]}},{"type":"Feature","properties":{"precip":20},"geometry":{"type":"Polygon","coordinates":[[[35.76,-34.65],[35.76,-34.61],[35.83,-34.6],[35.83,-34.7],[35.76,-34.7],[35.76,-34.65]]]}},{"type":"Feature","properties":{"precip":20},"geometry":{"type":"Polygon","coordinates":[[[36.27,-34.85],[36.27,-34.81],[36.34,-34.81],[36.34,-34.9],[36.3,-34.9],[36.27,-34.9],[36.27,-34.85]]]}},{"type":"Feature","properties":{"precip":20},"geometry":{"type":"Polygon","coordinates":[[[38.61,-35.0],[38.64,-34.96],[38.64,-34.93],[38.71,-34.9],[38.75,-34.91],[38.79,-34.96],[38.79,-35.0],[38.82,-35.0],[38.82,-34.96],[38.86,-34.93],[39.0,-34.9],[39.29,-34.9],[39.36,-34.95],[39.36,-34.98],[39.4,-34.98],[39.47,-35.0],[39.61,-35.0],[39.69,-35.02],[39.72,-35.05],[39.79,-35.07],[39.79,-35.15],[39.87,-35.23],[39.87,-35.42],[39.83,-35.47],[39.76,-35.5],[39.58,-35.5],[39.51,-35.52],[39.43,-35.55],[39.43,-35.6],[39.36,-35.57],[39.36,-35.55],[39.33,-35.53],[39.33,-35.5],[39.29,-35.5],[39.25,-35.53],[39.25,-35.55],[39.22,-35.6],[39.11,-35.6],[39.04,-35.55],[39.04,-35.52],[39.0,-35.5],[38.93,-35.5],[38.89,-35.47],[38.86,-35.47],[38.86,-35.45],[38.82,-35.45],[38.82,-35.4],[38.79,-35.4],[38.79,-35.45],[38.75,-35.47],[38.71,-35.48],[38.64,-35.48],[38.53,-35.45],[38.46,-35.33],[38.46,-35.23],[38.43,-35.23],[38.43,-35.2],[38.35,-35.22],[38.35,-35.3],[38.28,-35.3],[38.28,-35.27],[38.25,-35.25],[38.25,-35.15],[38.32,-35.1],[38.46,-35.1],[38.5,-35.07],[38.57,-35.05],[38.57,-35.02],[38.61,-35.0]]]}},{"type":"Feature","properties":{"precip":20},"geometry":{"type":"Polygon","coordinates":[[[35.87,-35.1],[35.87,-35.0],[35.94,-35.02],[35.94,-35.18],[35.87,-35.2],[35.87,-35.1]]]}},{"type":"Feature","properties":{"precip":20},"geometry":{"type":"Polygon","coordinates":[[[36.34,-35.25],[36.37,-35.22],[36.41,-35.2],[36.45,-35.22],[36.45,-35.3],[36.37,-35.3],[36.37,-35.27],[36.34,-35.25]]]}},{"type":"Feature","properties":{"precip":20},"geometry":{"type":"Polygon","coordinates":[[[34.86,-35.35],[34.86,-35.32],[34.93,-35.3],[34.97,-35.3],[35.04,-35.32],[35.04,-35.38],[34.97,-35.4],[34.93,-35.4],[34.86,-35.38],[34.86,-35.35]]]}},{"type":"Feature","properties":{"precip":20},"geometry":{"type":"Polygon","coordinates":[[[35.15,-35.45],[35.19,-35.4],[35.29,-35.4],[35.37,-35.45],[35.37,-35.47],[35.29,-35.48],[35.22,-35.5],[35.19,-35.47],[35.15,-35.47],[35.15,-35.45]]]}},{"type":"Feature","properties":{"precip":20},"geometry":{"type":"Polygon","coordinates":[[[36.27,-35.65],[36.27,-35.6],[36.34,-35.6],[36.34,-35.75],[36.23,-35.89],[36.16,-35.87],[36.09,-35.8],[36.09,-35.77],[36.05,-35.75],[36.05,-35.72],[36.12,-35.7],[36.19,-35.7],[36.27,-35.65]]]}},{"type":"Feature","properties":{"precip":20},"geometry":{"type":"Polygon","coordinates":[[[36.77,-35.65],[36.77,-35.6],[36.84,-35.62],[36.84,-35.68],[36.77,-35.7],[36.77,-35.65]]]}},{"type":"Feature","properties":{"precip":20},"geometry":{"type":"Polygon","coordinates":[[[41.27,-35.65],[41.27,-35.6],[41.34,-35.62],[41.34,-35.68],[41.27,-35.7],[41.27,-35.65]]]}},{"type":"Feature","properties":{"precip":20},"geometry":{"type":"Polygon","coordinates":[[[41.74,-35.65],[41.77,-35.63],[41.77,-35.6],[41.84,-35.62],[41.84,-35.68],[41.77,-35.7],[41.77,-35.67],[41.74,-35.65]]]}},{"type":"Feature","properties":{"precip":20},"geometry":{"type":"Polygon","coordinates":[[[36.84,-35.85],[36.88,-35.84],[36.88,-35.8],[36.95,-35.8],[37.02,-35.8],[37.06,-35.84],[37.06,-35.87],[37.02,-35.9],[36.91,-35.9],[36.84,-35.85]]]}},{"type":"Feature","properties":{"precip":20},"geometry":{"type":"Polygon","coordinates":[[[37.17,-35.85],[37.17,-35.8],[37.2,-35.8],[37.24,-35.8],[37.24,-35.9],[37.17,-35.9],[37.17,-35.85]]]}},{"type":"Feature","properties":{"precip":20},"geometry":{"type":"Polygon","coordinates":[[[42.06,-35.85],[42.06,-35.8],[42.1,-35.8],[42.13,-35.8],[42.13,-35.84],[42.17,-35.84],[42.17,-35.87],[42.13,-35.87],[42.13,-35.9],[42.06,-35.9],[42.06,-35.85]]]}},{"type":"Feature","properties":{"precip":20},"geometry":{"type":"Polygon","coordinates":[[[41.56,-36.22],[41.56,-36.14],[41.63,-36.1],[41.77,-36.1],[41.84,-36.14],[41.84,-36.27],[41.77,-36.3],[41.63,-36.3],[41.56,-36.27],[41.56,-36.22]]]}},{"type":"Feature","properties":{"precip":20},"geometry":{"type":"Polygon","coordinates":[[[35.65,-36.25],[35.65,-36.22],[35.73,-36.22],[35.76,-36.22],[35.76,-36.27],[35.73,-36.3],[35.65,-36.29],[35.65,-36.25]]]}},{"type":"Feature","properties":{"precip":20},"geometry":{"type":"Polygon","coordinates":[[[35.94,-36.37],[35.98,-36.3],[36.01,-36.3],[36.09,-36.3],[36.16,-36.32],[36.16,-36.37],[36.12,-36.39],[36.01,-36.39],[35.94,-36.37]]]}},{"type":"Feature","properties":{"precip":20},"geometry":{"type":"Polygon","coordinates":[[[36.27,-36.39],[36.27,-36.3],[36.34,-36.3],[36.34,-36.34],[36.45,-36.44],[36.45,-36.47],[36.37,-36.49],[36.27,-36.47],[36.27,-36.39]]]}},{"type":"Feature","properties":{"precip":20},"geometry":{"type":"Polygon","coordinates":[[[40.84,-36.37],[40.87,-36.3],[40.91,-36.3],[40.98,-36.3],[41.05,-36.32],[41.05,-36.39],[41.02,-36.39],[40.91,-36.39],[40.84,-36.37]]]}},{"type":"Feature","properties":{"precip":20},"geometry":{"type":"Polygon","coordinates":[[[42.24,-36.39],[42.24,-36.37],[42.28,-36.34],[42.28,-36.3],[42.31,-36.3],[42.35,-36.32],[42.35,-36.47],[42.46,-36.5],[42.53,-36.49],[42.53,-36.45],[42.56,-36.42],[42.56,-36.3],[42.64,-36.3],[42.64,-36.42],[42.67,-36.44],[42.67,-36.49],[42.71,-36.49],[42.74,-36.52],[42.74,-36.65],[42.78,-36.67],[42.78,-36.71],[42.82,-36.71],[42.85,-36.72],[42.85,-36.87],[42.78,-36.89],[42.78,-36.87],[42.74,-36.86],[42.74,-36.72],[42.64,-36.71],[42.46,-36.71],[42.35,-36.65],[42.35,-36.62],[42.31,-36.6],[42.24,-36.6],[42.17,-36.59],[42.17,-36.5],[42.24,-36.47],[42.24,-36.39]]]}},{"type":"Feature","properties":{"precip":20},"geometry":{"type":"Polygon","coordinates":[[[36.55,-36.5],[36.55,-36.4],[36.59,-36.4],[36.66,-36.44],[36.7,-36.47],[36.7,-36.5],[36.73,-36.54],[36.73,-36.59],[36.7,-36.6],[36.63,-36.6],[36.55,-36.55],[36.55,-36.5]]]}},{"type":"Feature","properties":{"precip":20},"geometry":{"type":"Polygon","coordinates":[[[36.95,-36.64],[36.95,-36.62],[36.99,-36.6],[37.06,-36.62],[37.06,-36.67],[37.02,-36.69],[36.95,-36.69],[36.95,-36.64]]]}},{"type":"Feature","properties":{"precip":20},"geometry":{"type":"Polygon","coordinates":[[[37.24,-36.71],[37.24,-36.67],[37.27,-36.65],[37.27,-36.6],[37.35,-36.6],[37.35,-36.67],[37.38,-36.67],[37.42,-36.71],[37.49,-36.71],[37.56,-36.74],[37.56,-36.79],[37.63,-36.79],[37.67,-36.76],[37.67,-36.72],[37.74,-36.72],[37.74,-36.76],[37.81,-36.81],[37.89,-36.81],[37.96,-36.84],[37.96,-36.87],[38.03,-36.89],[38.03,-36.87],[38.07,-36.86],[38.07,-36.81],[38.14,-36.81],[38.14,-36.87],[38.17,-36.87],[38.21,-36.89],[38.28,-36.89],[38.35,-36.92],[38.35,-36.97],[38.43,-36.99],[38.43,-36.97],[38.46,-36.96],[38.46,-36.92],[38.5,-36.91],[38.61,-36.99],[38.64,-37.04],[38.64,-37.07],[38.57,-37.11],[38.5,-37.11],[38.46,-37.12],[38.46,-37.17],[38.43,-37.21],[38.35,-37.17],[38.35,-37.06],[38.32,-37.04],[38.32,-37.01],[38.25,-37.01],[38.21,-36.99],[38.17,-37.01],[38.1,-37.01],[38.07,-37.02],[38.07,-37.06],[38.03,-37.06],[38.03,-37.09],[37.92,-37.11],[37.85,-37.06],[37.85,-37.02],[37.89,-36.99],[37.96,-36.97],[37.96,-36.92],[37.89,-36.89],[37.78,-36.91],[37.74,-36.94],[37.74,-36.97],[37.67,-36.99],[37.49,-36.99],[37.45,-36.97],[37.45,-36.84],[37.38,-36.81],[37.31,-36.81],[37.27,-36.79],[37.27,-36.74],[37.24,-36.72],[37.24,-36.71]]]}},{"type":"Feature","properties":{"precip":20},"geometry":{"type":"Polygon","coordinates":[[[41.66,-36.64],[41.66,-36.6],[41.74,-36.6],[41.74,-36.71],[41.66,-36.69],[41.66,-36.64]]]}},{"type":"Feature","properties":{"precip":20},"geometry":{"type":"Polygon","coordinates":[[[41.95,-36.89],[41.95,-36.84],[42.02,-36.81],[42.1,-36.81],[42.13,-36.81],[42.13,-36.89],[42.17,-36.91],[42.17,-37.09],[42.24,-37.07],[42.24,-36.96],[42.28,-36.94],[42.28,-36.91],[42.31,-36.89],[42.38,-36.89],[42.42,-36.91],[42.46,-36.96],[42.46,-37.17],[42.53,-37.21],[42.53,-37.16],[42.56,-37.14],[42.56,-37.02],[42.64,-36.99],[42.74,-37.02],[42.74,-37.16],[42.78,-37.17],[42.78,-37.21],[42.85,-37.19],[42.85,-37.12],[42.89,-37.11],[43.0,-37.11],[43.03,-37.12],[43.03,-37.17],[43.07,-37.21],[43.07,-37.27],[43.1,-37.31],[43.18,-37.31],[43.25,-37.32],[43.25,-37.37],[43.28,-37.39],[43.39,-37.39],[43.46,-37.44],[43.46,-37.47],[43.5,-37.49],[43.64,-37.49],[43.72,-37.51],[43.75,-37.54],[43.75,-37.73],[43.79,-37.76],[43.79,-37.79],[43.86,-37.84],[43.93,-37.91],[43.93,-37.99],[43.97,-38.04],[43.93,-38.06],[43.93,-38.09],[43.86,-38.09],[43.86,-37.94],[43.82,-37.91],[43.75,-37.96],[43.72,-37.99],[43.64,-38.06],[43.61,-38.09],[43.54,-38.14],[43.43,-38.19],[43.28,-38.21],[43.14,-38.16],[43.14,-38.13],[43.07,-38.09],[42.96,-38.14],[42.92,-38.16],[42.92,-38.19],[42.89,-38.21],[42.89,-38.16],[42.82,-38.13],[42.64,-38.09],[42.46,-38.09],[42.38,-38.06],[42.35,-38.06],[42.35,-38.03],[42.28,-37.99],[42.2,-37.99],[42.17,-37.98],[42.17,-37.96],[42.13,-37.94],[42.13,-37.91],[42.1,-37.89],[42.02,-37.89],[41.95,-37.94],[41.95,-37.98],[41.88,-37.99],[41.84,-37.98],[41.84,-37.83],[41.77,-37.76],[41.7,-37.73],[41.59,-37.71],[41.45,-37.71],[41.41,-37.69],[41.34,-37.69],[41.27,-37.66],[41.23,-37.64],[41.16,-37.56],[41.16,-37.54],[41.09,-37.51],[41.05,-37.54],[41.05,-37.56],[41.02,-37.59],[40.98,-37.59],[40.98,-37.56],[40.94,-37.54],[40.94,-37.42],[40.91,-37.41],[40.91,-37.39],[40.84,-37.36],[40.87,-37.34],[40.87,-37.32],[40.91,-37.32],[40.91,-37.29],[40.94,-37.27],[40.94,-37.16],[40.98,-37.12],[41.02,-37.11],[41.12,-37.11],[41.16,-37.14],[41.16,-37.19],[41.2,-37.21],[41.23,-37.19],[41.23,-37.14],[41.27,-37.12],[41.27,-37.02],[41.34,-36.99],[41.41,-36.99],[41.45,-36.96],[41.48,-36.94],[41.48,-36.91],[41.52,-36.91],[41.59,-36.99],[41.63,-36.99],[41.63,-36.97],[41.66,-36.96],[41.66,-36.92],[41.74,-36.91],[41.74,-36.94],[41.77,-36.97],[41.77,-36.99],[41.81,-37.01],[41.88,-36.99],[41.95,-36.94],[41.95,-36.89]]]}},{"type":"Feature","properties":{"precip":20},"geometry":{"type":"Polygon","coordinates":[[[40.66,-36.99],[40.66,-36.94],[40.69,-36.91],[40.76,-36.89],[40.84,-36.92],[40.84,-37.07],[40.76,-37.09],[40.69,-37.09],[40.66,-37.06],[40.66,-36.99]]]}},{"type":"Feature","properties":{"precip":20},"geometry":{"type":"Polygon","coordinates":[[[38.86,-37.14],[38.86,-37.11],[38.93,-37.11],[38.97,-37.14],[38.97,-37.17],[38.93,-37.17],[38.93,-37.21],[38.86,-37.19],[38.86,-37.14]]]}},{"type":"Feature","properties":{"precip":20},"geometry":{"type":"Polygon","coordinates":[[[39.76,-37.14],[39.76,-37.11],[39.83,-37.11],[39.87,-37.14],[39.87,-37.17],[39.83,-37.17],[39.83,-37.21],[39.76,-37.19],[39.76,-37.14]]]}},{"type":"Feature","properties":{"precip":20},"geometry":{"type":"Polygon","coordinates":[[[39.87,-37.36],[39.87,-37.32],[39.94,-37.31],[39.94,-37.39],[39.87,-37.39],[39.87,-37.36]]]}},{"type":"Feature","properties":{"precip":20},"geometry":{"type":"Polygon","coordinates":[[[40.15,-37.32],[40.15,-37.31],[40.19,-37.31],[40.3,-37.39],[40.3,-37.41],[40.33,-37.42],[40.33,-37.47],[40.26,-37.47],[40.19,-37.41],[40.19,-37.39],[40.15,-37.36],[40.15,-37.32]]]}},{"type":"Feature","properties":{"precip":20},"geometry":{"type":"Polygon","coordinates":[[[40.55,-37.56],[40.55,-37.52],[40.58,-37.49],[40.62,-37.49],[40.66,-37.52],[40.66,-37.58],[40.62,-37.58],[40.58,-37.61],[40.58,-37.58],[40.55,-37.58],[40.55,-37.56]]]}},{"type":"Feature","properties":{"precip":20},"geometry":{"type":"Polygon","coordinates":[[[43.86,-37.64],[43.86,-37.61],[43.97,-37.64],[44.0,-37.68],[44.0,-37.71],[44.04,-37.73],[44.04,-37.79],[43.97,-37.76],[43.86,-37.68],[43.86,-37.64]]]}},{"type":"Feature","properties":{"precip":20},"geometry":{"type":"Polygon","coordinates":[[[42.35,-38.24],[42.35,-38.23],[42.38,-38.21],[42.46,-38.23],[42.46,-38.28],[42.38,-38.31],[42.35,-38.28],[42.35,-38.24]]]}},{"type":"Feature","properties":{"precip":20},"geometry":{"type":"Polygon","coordinates":[[[43.36,-38.55],[43.36,-38.45],[43.43,-38.39],[43.64,-38.39],[43.72,-38.43],[43.75,-38.43],[43.75,-38.46],[43.86,-38.5],[43.97,-38.5],[44.04,-38.55],[44.04,-38.66],[43.97,-38.7],[43.43,-38.7],[43.36,-38.66],[43.36,-38.55]]]}},{"type":"Feature","properties":{"precip":20},"geometry":{"type":"Polygon","coordinates":[[[44.94,-39.4],[44.94,-39.37],[44.98,-39.37],[44.98,-39.3],[45.05,-39.32],[45.05,-39.48],[44.98,-39.52],[44.98,-39.47],[44.94,-39.45],[44.94,-39.4]]]}},{"type":"Feature","properties":{"precip":20},"geometry":{"type":"Polygon","coordinates":[[[76.36,-39.43],[76.36,-39.4],[76.47,-39.45],[76.47,-39.47],[76.47,-39.48],[76.47,-39.52],[76.54,-39.53],[76.54,-39.58],[76.47,-39.58],[76.44,-39.55],[76.36,-39.47],[76.36,-39.43]]]}},{"type":"Feature","properties":{"precip":20},"geometry":{"type":"Polygon","coordinates":[[[45.34,-39.6],[45.37,-39.55],[45.37,-39.52],[45.44,-39.52],[45.44,-39.68],[45.37,-39.7],[45.37,-39.63],[45.34,-39.63],[45.34,-39.6]]]}},{"type":"Feature","properties":{"precip":20},"geometry":{"type":"Polygon","coordinates":[[[45.77,-39.67],[45.77,-39.6],[45.84,-39.62],[45.84,-39.7],[45.77,-39.7],[45.77,-39.67]]]}},{"type":"Feature","properties":{"precip":20},"geometry":{"type":"Polygon","coordinates":[[[76.38,-41.3],[76.36,-41.29],[76.26,-41.19],[76.22,-41.11],[76.11,-41.01],[75.9,-40.75],[75.82,-40.7],[75.75,-40.6],[75.75,-40.52],[75.68,-40.52],[75.68,-40.47],[75.64,-40.45],[75.64,-40.35],[75.61,-40.32],[75.61,-40.29],[75.54,-40.25],[75.5,-40.22],[75.5,-40.17],[75.46,-40.1],[75.46,-39.9],[75.54,-39.9],[75.54,-39.95],[75.57,-39.97],[75.57,-39.98],[75.61,-40.0],[75.68,-40.0],[75.75,-39.97],[75.75,-39.92],[75.68,-39.88],[75.68,-39.87],[75.64,-39.87],[75.64,-39.83],[75.68,-39.83],[75.68,-39.82],[75.72,-39.82],[75.75,-39.83],[75.75,-39.87],[75.9,-39.88],[75.93,-39.9],[76.04,-39.9],[76.15,-39.93],[76.15,-39.97],[76.26,-39.98],[76.33,-40.0],[76.58,-40.0],[76.62,-39.98],[76.76,-39.97],[76.76,-39.93],[76.69,-39.9],[76.54,-39.9],[76.47,-39.88],[76.47,-39.82],[76.47,-39.78],[76.58,-39.72],[76.62,-39.72],[76.69,-39.72],[76.76,-39.72],[76.76,-39.78],[76.8,-39.8],[76.87,-39.8],[76.9,-39.82],[76.9,-39.85],[77.01,-39.88],[77.12,-39.88],[77.12,-39.9],[77.34,-39.9],[77.44,-39.93],[77.44,-39.97],[77.52,-39.98],[77.55,-40.0],[77.77,-40.0],[77.84,-40.03],[77.84,-40.05],[77.91,-40.1],[77.98,-40.1],[78.06,-40.14],[78.06,-40.27],[78.13,-40.3],[78.2,-40.3],[78.24,-40.3],[78.31,-40.34],[78.38,-40.35],[78.42,-40.39],[78.42,-40.44],[78.42,-40.45],[78.42,-40.49],[78.38,-40.52],[78.31,-40.52],[78.24,-40.52],[78.24,-40.59],[78.31,-40.6],[78.38,-40.6],[78.42,-40.64],[78.45,-40.65],[78.45,-40.7],[78.52,-40.7],[78.52,-40.65],[78.56,-40.64],[78.56,-40.6],[78.63,-40.6],[78.63,-40.65],[78.63,-40.7],[78.63,-40.89],[78.67,-40.89],[78.85,-40.89],[78.88,-40.9],[78.99,-40.9],[79.06,-40.94],[79.06,-40.97],[79.06,-40.99],[79.17,-40.99],[79.21,-41.01],[79.32,-41.01],[79.46,-41.04],[79.46,-41.09],[79.5,-41.09],[79.53,-41.11],[79.64,-41.11],[79.71,-41.09],[79.71,-41.04],[79.82,-41.01],[79.93,-41.01],[80.04,-40.97],[80.07,-40.95],[80.04,-40.94],[80.04,-40.9],[79.93,-40.89],[79.86,-40.87],[79.86,-40.74],[79.93,-40.7],[79.96,-40.69],[80.07,-40.64],[80.14,-40.55],[80.14,-40.47],[80.18,-40.4],[80.47,-40.4],[80.54,-40.44],[80.54,-40.49],[80.47,-40.52],[80.47,-40.59],[80.5,-40.59],[80.58,-40.62],[80.68,-40.67],[80.68,-40.69],[80.76,-40.74],[80.76,-40.75],[80.79,-40.79],[80.79,-40.75],[80.83,-40.72],[80.83,-40.7],[80.9,-40.7],[80.94,-40.72],[80.94,-40.8],[80.97,-40.87],[80.97,-40.97],[81.01,-40.99],[81.01,-41.01],[81.12,-41.01],[81.15,-41.02],[81.15,-41.09],[81.19,-41.09],[81.22,-41.11],[81.26,-41.11],[81.33,-41.14],[81.33,-41.17],[81.37,-41.17],[81.37,-41.27],[81.43,-41.3],[81.49,-41.3],[81.58,-41.24],[81.58,-41.22],[81.66,-41.22],[81.66,-41.26],[81.69,-41.3],[76.38,-41.3]],[[76.76,-40.17],[76.69,-40.14],[76.65,-40.1],[76.54,-40.1],[76.47,-40.14],[76.47,-40.19],[76.47,-40.22],[76.69,-40.22],[76.76,-40.17]],[[76.9,-40.45],[76.9,-40.4],[76.87,-40.4],[76.87,-40.49],[76.9,-40.52],[76.9,-40.49],[76.9,-40.45]],[[80.54,-40.75],[80.54,-40.7],[80.47,-40.7],[80.47,-40.8],[80.54,-40.8],[80.54,-40.75]],[[80.76,-40.87],[80.76,-40.82],[80.68,-40.8],[80.61,-40.82],[80.61,-40.89],[80.68,-40.89],[80.76,-40.89],[80.76,-40.87]],[[79.17,-41.14],[79.1,-41.14],[79.1,-41.11],[79.06,-41.11],[79.06,-41.19],[79.1,-41.21],[79.1,-41.17],[79.17,-41.14]]]}},{"type":"Feature","properties":{"precip":20},"geometry":{"type":"Polygon","coordinates":[[[39.04,-40.22],[39.07,-40.17],[39.07,-40.14],[39.11,-40.1],[39.15,-40.14],[39.15,-40.29],[39.07,-40.3],[39.07,-40.25],[39.04,-40.22]]]}},{"type":"Feature","properties":{"precip":20},"geometry":{"type":"Polygon","coordinates":[[[39.47,-40.17],[39.47,-40.1],[39.54,-40.14],[39.54,-40.22],[39.47,-40.22],[39.47,-40.17]]]}},{"type":"Feature","properties":{"precip":20},"geometry":{"type":"Polygon","coordinates":[[[80.07,-40.25],[80.07,-40.22],[80.14,-40.22],[80.14,-40.3],[80.07,-40.3],[80.07,-40.25]]]}},{"type":"Feature","properties":{"precip":20},"geometry":{"type":"Polygon","coordinates":[[[32.34,-40.55],[32.38,-40.52],[32.45,-40.52],[32.45,-40.59],[32.38,-40.6],[32.38,-40.57],[32.34,-40.57],[32.34,-40.55]]]}},{"type":"Feature","properties":{"precip":20},"geometry":{"type":"Polygon","coordinates":[[[32.74,-40.75],[32.77,-40.72],[32.77,-40.7],[32.85,-40.72],[32.85,-40.8],[32.77,-40.8],[32.77,-40.79],[32.74,-40.75]]]}},{"type":"Feature","properties":{"precip":20},"geometry":{"type":"Polygon","coordinates":[[[39.87,-40.8],[39.87,-40.72],[39.94,-40.72],[39.94,-40.89],[39.87,-40.89],[39.87,-40.8]]]}},{"type":"Feature","properties":{"precip":20},"geometry":{"type":"Polygon","coordinates":[[[33.24,-40.95],[33.28,-40.92],[33.28,-40.89],[33.35,-40.9],[33.35,-40.99],[33.28,-41.01],[33.28,-40.97],[33.24,-40.95]]]}},{"type":"Feature","properties":{"precip":20},"geometry":{"type":"Polygon","coordinates":[[[41.81,-40.97],[41.84,-40.97],[41.84,-40.94],[41.88,-40.9],[41.95,-40.92],[41.95,-40.95],[42.02,-41.02],[42.02,-41.06],[42.06,-41.09],[42.06,-41.17],[42.1,-41.17],[42.1,-41.21],[42.2,-41.21],[42.24,-41.22],[42.24,-41.3],[42.11,-41.3],[42.06,-41.24],[42.02,-41.22],[41.99,-41.22],[41.95,-41.24],[41.95,-41.27],[41.89,-41.3],[41.83,-41.3],[41.77,-41.27],[41.77,-41.22],[41.74,-41.17],[41.74,-41.14],[41.77,-41.09],[41.77,-41.02],[41.81,-40.97]]]}},{"type":"Feature","properties":{"precip":20},"geometry":{"type":"Polygon","coordinates":[[[-13.36,-41.3],[-13.36,-41.08],[-13.26,-41.06],[-13.23,-41.04],[-13.23,-41.01],[-13.19,-41.01],[-13.12,-41.06],[-13.12,-41.09],[-13.05,-41.09],[-12.94,-41.09],[-12.87,-41.11],[-12.62,-41.11],[-12.51,-41.14],[-12.44,-41.14],[-12.44,-41.17],[-12.4,-41.17],[-12.26,-41.21],[-12.04,-41.21],[-11.86,-41.22],[-11.86,-41.26],[-11.77,-41.3],[-11.64,-41.3],[-11.54,-41.22],[-11.46,-41.22],[-11.46,-41.26],[-11.43,-41.27],[-11.43,-41.3],[-11.41,-41.3],[-11.36,-41.27],[-11.32,-41.22],[-11.28,-41.21],[-11.28,-41.24],[-11.15,-41.3],[-10.95,-41.3],[-10.82,-41.24],[-10.82,-41.21],[-10.78,-41.21],[-10.78,-41.24],[-10.65,-41.3],[-13.36,-41.3]]]}},{"type":"Feature","properties":{"precip":20},"geometry":{"type":"Polygon","coordinates":[[[33.75,-41.14],[33.82,-41.11],[33.85,-41.14],[33.85,-41.19],[33.78,-41.19],[33.75,-41.17],[33.75,-41.14]]]}},{"type":"Feature","properties":{"precip":20},"geometry":{"type":"Polygon","coordinates":[[[42.35,-41.22],[42.38,-41.21],[42.49,-41.21],[42.53,-41.22],[42.53,-41.26],[42.56,-41.27],[42.56,-41.3],[42.38,-41.3],[42.38,-41.27],[42.35,-41.22]]]}},{"type":"Feature","properties":{"precip":40},"geometry":{"type":"Polygon","coordinates":[[[-7.26,3.79],[-7.25,3.79],[-7.25,3.74],[-7.36,3.7],[-7.43,3.7],[-7.5,3.7],[-7.54,3.74],[-7.54,3.79],[-7.26,3.79]]]}},{"type":"Feature","properties":{"precip":40},"geometry":{"type":"Polygon","coordinates":[[[-7.94,3.75],[-7.94,3.79],[-7.86,3.79],[-7.86,3.7],[-7.9,3.7],[-7.94,3.7],[-7.94,3.75]]]}},{"type":"Feature","properties":{"precip":40},"geometry":{"type":"Polygon","coordinates":[[[96.56,3.65],[96.56,3.69],[96.63,3.7],[96.67,3.67],[96.67,3.64],[96.56,3.6],[96.56,3.62],[96.56,3.65]]]}},{"type":"Feature","properties":{"precip":40},"geometry":{"type":"Polygon","coordinates":[[[-8.76,3.5],[-8.76,3.53],[-8.73,3.55],[-8.73,3.58],[-8.69,3.6],[-8.58,3.6],[-8.55,3.58],[-8.55,3.55],[-8.58,3.53],[-8.58,3.5],[-8.66,3.45],[-8.66,3.43],[-8.73,3.38],[-8.73,3.28],[-8.76,3.25],[-8.76,3.02],[-8.8,3.0],[-8.91,3.0],[-8.94,3.03],[-8.94,3.23],[-8.91,3.25],[-8.91,3.28],[-8.87,3.3],[-8.87,3.33],[-8.8,3.38],[-8.8,3.4],[-8.76,3.43],[-8.76,3.5]]]}},{"type":"Feature","properties":{"precip":40},"geometry":{"type":"Polygon","coordinates":[[[98.61,3.43],[98.68,3.48],[98.68,3.5],[98.75,3.47],[98.75,3.33],[98.79,3.3],[98.79,3.28],[98.86,3.28],[98.86,3.25],[98.79,3.2],[98.65,3.2],[98.54,3.25],[98.54,3.27],[98.54,3.3],[98.54,3.33],[98.54,3.38],[98.61,3.43]]]}},{"type":"Feature","properties":{"precip":40},"geometry":{"type":"Polygon","coordinates":[[[6.97,3.25],[6.97,3.4],[7.0,3.4],[7.07,3.32],[7.15,3.27],[7.22,3.17],[7.22,3.1],[7.18,3.1],[7.18,3.13],[7.15,3.15],[7.15,3.17],[7.07,3.2],[7.07,3.17],[7.04,3.13],[7.04,3.1],[7.0,3.1],[6.97,3.13],[6.97,3.25]]]}},{"type":"Feature","properties":{"precip":40},"geometry":{"type":"Polygon","coordinates":[[[-8.26,3.05],[-8.26,3.15],[-8.22,3.2],[-8.15,3.17],[-8.08,3.1],[-8.08,3.05],[-8.04,3.02],[-8.04,2.93],[-8.12,2.9],[-8.19,2.9],[-8.22,2.92],[-8.22,2.95],[-8.26,2.98],[-8.26,3.05]]]}},{"type":"Feature","properties":{"precip":40},"geometry":{"type":"Polygon","coordinates":[[[97.75,3.05],[97.75,3.08],[97.82,3.1],[97.85,3.1],[97.85,3.02],[97.78,3.0],[97.75,3.03],[97.75,3.05]]]}},{"type":"Feature","properties":{"precip":40},"geometry":{"type":"Polygon","coordinates":[[[-10.96,2.95],[-10.89,3.0],[-10.82,3.0],[-10.74,2.97],[-10.74,2.93],[-10.82,2.9],[-10.89,2.9],[-10.96,2.93],[-10.96,2.95]]]}},{"type":"Feature","properties":{"precip":40},"geometry":{"type":"Polygon","coordinates":[[[98.43,2.95],[98.43,2.98],[98.5,3.0],[98.54,2.98],[98.54,2.9],[98.43,2.92],[98.43,2.95]]]}},{"type":"Feature","properties":{"precip":40},"geometry":{"type":"Polygon","coordinates":[[[-9.74,2.7],[-9.74,2.78],[-9.7,2.8],[-9.66,2.78],[-9.66,2.61],[-9.7,2.6],[-9.74,2.61],[-9.74,2.7]]]}},{"type":"Feature","properties":{"precip":40},"geometry":{"type":"Polygon","coordinates":[[[21.76,2.7],[21.76,2.78],[21.83,2.8],[21.9,2.8],[21.94,2.78],[21.94,2.71],[21.87,2.68],[21.87,2.41],[21.9,2.4],[21.94,2.41],[21.94,2.48],[21.98,2.48],[21.98,2.5],[22.05,2.48],[22.05,2.35],[22.08,2.33],[22.16,2.3],[22.34,2.3],[22.41,2.28],[22.44,2.28],[22.44,2.23],[22.48,2.2],[22.52,2.2],[22.55,2.23],[22.55,2.33],[22.37,2.53],[22.37,2.58],[22.41,2.6],[22.41,2.63],[22.44,2.66],[22.62,2.7],[22.73,2.66],[22.8,2.6],[22.8,2.58],[22.91,2.51],[22.98,2.5],[23.09,2.5],[23.13,2.48],[23.13,2.45],[23.16,2.41],[23.16,2.13],[23.2,2.1],[23.24,2.11],[23.24,2.23],[23.27,2.23],[23.27,2.28],[23.31,2.3],[23.34,2.28],[23.34,2.23],[23.38,2.2],[23.42,2.2],[23.42,2.23],[23.45,2.25],[23.45,2.46],[23.49,2.48],[23.49,2.51],[23.52,2.51],[23.52,2.53],[23.56,2.53],[23.56,2.56],[23.52,2.56],[23.49,2.58],[23.49,2.61],[23.45,2.63],[23.45,2.68],[23.49,2.68],[23.56,2.63],[23.6,2.63],[23.6,2.6],[23.63,2.58],[23.63,2.53],[23.56,2.48],[23.56,2.31],[23.6,2.3],[23.67,2.35],[23.7,2.38],[23.7,2.41],[23.74,2.45],[23.74,2.55],[23.78,2.56],[23.78,2.6],[23.85,2.58],[23.85,2.43],[23.74,2.35],[23.78,2.35],[23.78,2.33],[23.85,2.28],[23.85,2.23],[23.81,2.23],[23.81,2.2],[23.78,2.18],[23.78,2.16],[23.7,2.13],[23.67,2.11],[23.6,2.1],[23.52,2.1],[23.45,2.06],[23.45,1.93],[23.42,1.93],[23.42,1.89],[23.38,1.89],[23.38,1.88],[23.34,1.86],[23.34,1.74],[23.45,1.71],[23.56,1.71],[23.67,1.69],[23.7,1.71],[23.81,1.71],[23.88,1.73],[23.96,1.74],[23.96,1.79],[24.03,1.79],[24.03,1.73],[24.06,1.71],[24.06,1.58],[24.03,1.56],[24.03,1.53],[23.99,1.51],[23.88,1.51],[23.85,1.53],[23.85,1.56],[23.78,1.59],[23.78,1.56],[23.74,1.54],[23.74,1.53],[23.67,1.51],[23.6,1.48],[23.52,1.43],[23.49,1.39],[23.49,1.36],[23.45,1.33],[23.45,1.26],[23.42,1.24],[23.42,1.21],[23.34,1.16],[23.31,1.11],[23.31,1.09],[23.27,1.08],[23.27,1.01],[23.34,0.97],[23.34,0.86],[23.38,0.86],[23.38,0.81],[23.42,0.79],[23.42,0.76],[23.49,0.74],[23.49,0.71],[23.52,0.71],[23.52,0.66],[23.56,0.62],[23.56,0.56],[23.52,0.54],[23.52,0.51],[23.49,0.51],[23.42,0.51],[23.38,0.47],[23.34,0.47],[23.34,0.44],[23.42,0.41],[23.52,0.41],[23.6,0.39],[23.67,0.34],[23.74,0.26],[23.74,0.15],[23.78,0.14],[23.78,0.1],[23.81,0.1],[23.81,0.12],[23.85,0.15],[23.85,0.36],[23.92,0.41],[23.99,0.41],[24.03,0.41],[24.03,0.46],[24.06,0.47],[24.06,0.56],[24.14,0.61],[24.24,0.61],[24.35,0.56],[24.35,0.52],[24.28,0.49],[24.28,0.46],[24.24,0.46],[24.32,0.41],[24.32,0.37],[24.35,0.36],[24.35,0.32],[24.32,0.31],[24.28,0.31],[24.28,0.34],[24.24,0.37],[24.17,0.41],[24.14,0.41],[24.06,0.37],[24.06,0.22],[24.1,0.21],[24.14,0.21],[24.14,0.07],[24.17,0.05],[24.17,0.02],[24.24,0.0],[24.28,0.0],[24.35,0.02],[24.35,0.09],[24.42,0.1],[24.42,0.07],[24.46,0.05],[24.46,-0.01],[24.42,-0.05],[24.42,-0.1],[24.39,-0.13],[24.35,-0.15],[24.32,-0.18],[24.24,-0.21],[24.17,-0.21],[24.17,-0.23],[24.14,-0.25],[24.14,-0.28],[24.1,-0.3],[24.06,-0.28],[24.06,-0.26],[24.03,-0.23],[23.96,-0.21],[23.81,-0.21],[23.78,-0.2],[23.67,-0.18],[23.67,-0.15],[23.63,-0.11],[23.6,-0.1],[23.52,-0.1],[23.45,-0.15],[23.45,-0.16],[23.38,-0.2],[23.38,-0.16],[23.34,-0.15],[23.34,-0.13],[23.42,-0.1],[23.42,-0.06],[23.45,-0.05],[23.45,0.05],[23.52,0.1],[23.6,0.1],[23.63,0.1],[23.63,0.17],[23.6,0.21],[23.6,0.24],[23.52,0.26],[23.45,0.31],[23.38,0.29],[23.38,0.26],[23.34,0.22],[23.34,0.1],[23.31,0.02],[23.24,-0.06],[23.16,-0.15],[23.09,-0.21],[23.02,-0.26],[22.91,-0.3],[22.84,-0.31],[22.73,-0.31],[22.7,-0.33],[22.59,-0.36],[22.48,-0.28],[22.37,-0.18],[22.3,-0.1],[22.3,-0.05],[22.26,0.0],[22.26,0.39],[22.3,0.46],[22.3,0.51],[22.34,0.56],[22.37,0.57],[22.44,0.61],[22.55,0.61],[22.59,0.62],[22.66,0.66],[22.7,0.67],[22.7,0.71],[22.73,0.71],[22.73,0.79],[22.7,0.81],[22.7,0.82],[22.66,0.84],[22.62,0.87],[22.55,0.89],[22.48,0.91],[22.48,0.94],[22.44,0.96],[22.44,1.08],[22.37,1.09],[22.37,1.01],[22.34,0.97],[22.34,0.81],[22.3,0.81],[22.26,0.84],[22.26,1.11],[22.23,1.13],[22.23,1.18],[22.16,1.21],[22.08,1.18],[22.08,1.16],[22.01,1.11],[21.98,1.06],[21.9,1.01],[21.87,1.01],[21.87,1.18],[21.83,1.21],[21.83,1.29],[21.8,1.29],[21.76,1.31],[21.76,1.44],[21.72,1.46],[21.72,1.48],[21.69,1.49],[21.58,1.48],[21.51,1.43],[21.51,1.39],[21.47,1.36],[21.47,1.31],[21.44,1.28],[21.44,1.21],[21.4,1.21],[21.29,1.21],[21.29,1.23],[21.26,1.24],[21.26,1.38],[21.33,1.41],[21.36,1.43],[21.36,1.46],[21.33,1.48],[21.26,1.49],[21.18,1.53],[21.15,1.54],[21.15,1.68],[21.11,1.68],[21.11,1.71],[21.08,1.71],[21.08,1.78],[21.11,1.79],[21.11,1.83],[21.18,1.88],[21.22,1.86],[21.29,1.79],[21.36,1.74],[21.47,1.63],[21.54,1.63],[21.62,1.71],[21.62,1.74],[21.65,1.78],[21.65,1.88],[21.58,1.91],[21.58,1.95],[21.54,1.98],[21.54,2.18],[21.47,2.21],[21.47,2.26],[21.44,2.28],[21.44,2.38],[21.36,2.41],[21.36,2.58],[21.44,2.6],[21.47,2.6],[21.54,2.63],[21.58,2.65],[21.58,2.7],[21.62,2.7],[21.62,2.66],[21.65,2.63],[21.65,2.61],[21.72,2.6],[21.72,2.63],[21.76,2.66],[21.76,2.7]],[[21.76,2.45],[21.76,2.48],[21.69,2.5],[21.65,2.48],[21.65,2.41],[21.72,2.4],[21.76,2.43],[21.76,2.45]],[[21.87,2.35],[21.83,2.38],[21.83,2.4],[21.76,2.38],[21.76,2.31],[21.83,2.3],[21.83,2.33],[21.87,2.35]],[[23.34,2.05],[23.34,2.1],[23.27,2.1],[23.27,2.08],[23.24,2.06],[23.24,2.03],[23.27,2.03],[23.27,2.01],[23.31,2.0],[23.34,2.01],[23.34,2.05]],[[21.36,1.64],[21.36,1.68],[21.33,1.69],[21.26,1.69],[21.26,1.61],[21.29,1.59],[21.33,1.61],[21.36,1.64]],[[22.84,0.86],[22.84,0.89],[22.77,0.91],[22.77,0.81],[22.84,0.81],[22.84,0.86]],[[23.24,0.86],[23.24,0.91],[23.16,0.89],[23.16,0.81],[23.24,0.81],[23.24,0.86]]]}},{"type":"Feature","properties":{"precip":40},"geometry":{"type":"Polygon","coordinates":[[[25.54,2.25],[25.54,2.28],[25.58,2.28],[25.58,2.3],[25.65,2.28],[25.65,2.21],[25.58,2.2],[25.58,2.23],[25.54,2.25]]]}},{"type":"Feature","properties":{"precip":40},"geometry":{"type":"Polygon","coordinates":[[[23.85,2.05],[23.85,2.08],[23.92,2.1],[23.96,2.08],[23.96,2.03],[23.92,2.0],[23.88,2.0],[23.85,2.03],[23.85,2.05]]]}},{"type":"Feature","properties":{"precip":40},"geometry":{"type":"Polygon","coordinates":[[[24.64,1.84],[24.64,1.86],[24.75,1.89],[24.96,1.89],[25.04,1.88],[25.04,1.84],[25.07,1.84],[25.07,1.83],[25.14,1.79],[25.22,1.79],[25.25,1.78],[25.25,1.73],[25.18,1.71],[25.11,1.71],[25.04,1.69],[25.0,1.71],[24.93,1.71],[24.86,1.73],[24.86,1.78],[24.82,1.79],[24.75,1.79],[24.68,1.83],[24.64,1.84]]]}},{"type":"Feature","properties":{"precip":40},"geometry":{"type":"Polygon","coordinates":[[[97.17,1.74],[97.17,1.79],[97.24,1.79],[97.24,1.71],[97.17,1.71],[97.17,1.74]]]}},{"type":"Feature","properties":{"precip":40},"geometry":{"type":"Polygon","coordinates":[[[6.64,1.68],[6.68,1.69],[6.82,1.59],[6.82,1.53],[6.79,1.53],[6.71,1.58],[6.71,1.59],[6.64,1.64],[6.64,1.68]]]}},{"type":"Feature","properties":{"precip":40},"geometry":{"type":"Polygon","coordinates":[[[24.06,1.11],[24.06,1.18],[24.14,1.19],[24.14,0.92],[24.06,0.91],[23.92,0.91],[23.85,0.91],[23.74,0.96],[23.67,1.01],[23.67,1.09],[23.74,1.11],[23.85,1.11],[23.85,1.09],[23.92,1.09],[23.96,1.06],[23.96,1.01],[24.03,1.01],[24.03,1.04],[24.06,1.06],[24.06,1.11]]]}},{"type":"Feature","properties":{"precip":40},"geometry":{"type":"Polygon","coordinates":[[[26.83,0.15],[26.87,0.17],[26.87,0.21],[26.94,0.19],[26.94,0.1],[26.91,0.1],[26.87,0.1],[26.87,0.14],[26.83,0.15]]]}},{"type":"Feature","properties":{"precip":40},"geometry":{"type":"Polygon","coordinates":[[[-3.76,-0.05],[-3.72,-0.01],[-3.69,0.0],[-3.58,0.0],[-3.55,-0.01],[-3.55,-0.05],[-3.58,-0.06],[-3.58,-0.1],[-3.62,-0.13],[-3.69,-0.18],[-3.76,-0.2],[-3.9,-0.2],[-3.94,-0.18],[-3.94,-0.11],[-3.9,-0.1],[-3.83,-0.1],[-3.76,-0.08],[-3.76,-0.05]]]}},{"type":"Feature","properties":{"precip":40},"geometry":{"type":"Polygon","coordinates":[[[26.83,-0.9],[26.87,-0.87],[26.87,-0.83],[26.91,-0.82],[26.98,-0.8],[27.12,-0.8],[27.23,-0.82],[27.23,-0.9],[27.19,-0.93],[27.12,-0.97],[27.09,-0.98],[27.01,-1.0],[26.94,-1.0],[26.87,-0.97],[26.87,-0.93],[26.83,-0.9]]]}},{"type":"Feature","properties":{"precip":40},"geometry":{"type":"Polygon","coordinates":[[[19.85,-1.75],[19.85,-1.72],[19.92,-1.7],[20.0,-1.7],[20.03,-1.72],[20.03,-1.77],[20.07,-1.8],[20.07,-1.89],[20.14,-1.94],[20.14,-2.17],[20.07,-2.2],[20.0,-2.2],[19.96,-2.22],[19.96,-2.27],[19.92,-2.29],[19.82,-2.29],[19.78,-2.29],[19.71,-2.24],[19.71,-2.19],[19.67,-2.15],[19.67,-2.05],[19.64,-2.02],[19.64,-1.94],[19.67,-1.89],[19.67,-1.82],[19.71,-1.8],[19.78,-1.8],[19.78,-1.79],[19.85,-1.77],[19.85,-1.75]]]}},{"type":"Feature","properties":{"precip":40},"geometry":{"type":"Polygon","coordinates":[[[21.94,-1.95],[22.05,-1.87],[22.12,-1.79],[22.19,-1.74],[22.26,-1.72],[22.34,-1.7],[22.44,-1.72],[22.48,-1.77],[22.52,-1.8],[22.52,-1.89],[22.48,-1.9],[22.48,-1.94],[22.41,-2.0],[22.34,-2.04],[22.34,-2.07],[22.23,-2.1],[22.16,-2.12],[22.16,-2.19],[22.19,-2.19],[22.34,-2.22],[22.34,-2.29],[22.26,-2.29],[22.26,-2.3],[22.19,-2.3],[22.19,-2.34],[22.16,-2.34],[22.16,-2.44],[22.08,-2.49],[21.9,-2.49],[21.87,-2.49],[21.87,-2.39],[21.83,-2.37],[21.83,-2.32],[21.8,-2.3],[21.69,-2.3],[21.54,-2.25],[21.54,-2.24],[21.58,-2.2],[21.69,-2.19],[21.76,-2.14],[21.8,-2.09],[21.87,-2.04],[21.94,-1.95]]]}},{"type":"Feature","properties":{"precip":40},"geometry":{"type":"Polygon","coordinates":[[[23.52,-1.99],[23.56,-1.94],[23.56,-1.92],[23.63,-1.9],[23.63,-1.97],[23.67,-2.0],[23.67,-2.09],[23.74,-2.09],[23.74,-2.05],[23.78,-2.04],[23.78,-2.02],[23.81,-2.0],[23.81,-1.99],[23.88,-1.94],[23.96,-1.9],[24.17,-1.9],[24.24,-1.94],[24.24,-2.04],[24.21,-2.07],[24.21,-2.09],[24.17,-2.1],[24.1,-2.09],[24.03,-2.04],[24.03,-2.02],[23.99,-2.02],[23.96,-2.04],[23.96,-2.07],[23.85,-2.15],[23.7,-2.2],[23.67,-2.19],[23.67,-2.15],[23.63,-2.14],[23.63,-2.12],[23.6,-2.1],[23.52,-2.1],[23.45,-2.09],[23.45,-2.04],[23.52,-1.99]]]}},{"type":"Feature","properties":{"precip":40},"geometry":{"type":"Polygon","coordinates":[[[26.94,-2.05],[26.94,-2.04],[26.98,-2.0],[27.12,-2.0],[27.16,-2.04],[27.16,-2.07],[27.09,-2.1],[27.01,-2.1],[26.94,-2.05]]]}},{"type":"Feature","properties":{"precip":40},"geometry":{"type":"Polygon","coordinates":[[[27.3,-2.09],[27.37,-2.02],[27.45,-2.0],[27.48,-2.02],[27.63,-2.12],[27.63,-2.14],[27.66,-2.17],[27.73,-2.19],[27.77,-2.14],[27.84,-2.1],[27.95,-2.1],[28.06,-2.14],[28.13,-2.22],[28.13,-2.27],[28.09,-2.29],[28.02,-2.37],[27.99,-2.42],[27.91,-2.49],[27.77,-2.59],[27.77,-2.51],[27.73,-2.49],[27.73,-2.3],[27.66,-2.3],[27.66,-2.35],[27.55,-2.39],[27.3,-2.39],[27.27,-2.39],[27.27,-2.14],[27.3,-2.12],[27.3,-2.09]]]}},{"type":"Feature","properties":{"precip":40},"geometry":{"type":"Polygon","coordinates":[[[27.55,-2.74],[27.55,-2.72],[27.59,-2.69],[27.63,-2.69],[27.63,-2.72],[27.66,-2.74],[27.66,-2.77],[27.63,-2.79],[27.55,-2.79],[27.55,-2.74]]]}},{"type":"Feature","properties":{"precip":40},"geometry":{"type":"Polygon","coordinates":[[[1.24,-2.89],[1.24,-2.84],[1.28,-2.84],[1.28,-2.79],[1.31,-2.79],[1.35,-2.84],[1.35,-2.94],[1.24,-3.06],[1.17,-3.11],[1.17,-3.14],[1.13,-3.14],[1.13,-3.17],[1.17,-3.17],[1.21,-3.19],[1.28,-3.19],[1.35,-3.24],[1.35,-3.36],[1.42,-3.39],[1.53,-3.39],[1.53,-3.46],[1.49,-3.51],[1.49,-3.53],[1.42,-3.58],[1.35,-3.61],[1.31,-3.61],[1.24,-3.58],[1.24,-3.53],[1.21,-3.51],[1.1,-3.51],[1.06,-3.49],[1.06,-3.41],[1.1,-3.39],[1.21,-3.39],[1.24,-3.39],[1.24,-3.33],[1.21,-3.31],[1.21,-3.28],[1.13,-3.24],[1.1,-3.19],[1.06,-3.17],[1.06,-3.02],[1.13,-2.99],[1.21,-2.99],[1.24,-2.97],[1.24,-2.89]]]}},{"type":"Feature","properties":{"precip":40},"geometry":{"type":"Polygon","coordinates":[[[27.16,-3.51],[27.16,-3.41],[27.19,-3.39],[27.23,-3.41],[27.23,-3.53],[27.27,-3.56],[27.27,-3.66],[27.23,-3.71],[27.23,-3.78],[27.19,-3.81],[27.12,-3.81],[27.05,-3.76],[27.05,-3.63],[27.09,-3.61],[27.12,-3.61],[27.12,-3.58],[27.16,-3.56],[27.16,-3.51]]]}},{"type":"Feature","properties":{"precip":40},"geometry":{"type":"Polygon","coordinates":[[[54.26,-3.53],[54.3,-3.51],[54.41,-3.51],[54.52,-3.53],[54.62,-3.61],[54.62,-3.66],[54.66,-3.69],[54.66,-3.76],[54.59,-3.81],[54.48,-3.76],[54.44,-3.73],[54.37,-3.69],[54.26,-3.56],[54.26,-3.53]]]}},{"type":"Feature","properties":{"precip":40},"geometry":{"type":"Polygon","coordinates":[[[25.47,-4.35],[25.47,-4.31],[25.54,-4.31],[25.54,-4.4],[25.47,-4.4],[25.47,-4.35]]]}},{"type":"Feature","properties":{"precip":40},"geometry":{"type":"Polygon","coordinates":[[[26.55,-4.35],[26.55,-4.31],[26.62,-4.3],[26.62,-4.31],[26.65,-4.31],[26.65,-4.38],[26.58,-4.4],[26.55,-4.38],[26.55,-4.35]]]}},{"type":"Feature","properties":{"precip":40},"geometry":{"type":"Polygon","coordinates":[[[8.55,-4.6],[8.55,-4.53],[8.59,-4.51],[8.66,-4.5],[8.73,-4.51],[8.73,-4.56],[8.69,-4.6],[8.69,-4.63],[8.62,-4.68],[8.59,-4.7],[8.55,-4.68],[8.55,-4.6]]]}},{"type":"Feature","properties":{"precip":40},"geometry":{"type":"Polygon","coordinates":[[[24.86,-4.55],[24.96,-4.51],[25.07,-4.51],[25.14,-4.5],[25.29,-4.5],[25.32,-4.51],[25.47,-4.51],[25.54,-4.53],[25.54,-4.58],[25.5,-4.6],[25.4,-4.6],[25.36,-4.61],[25.36,-4.68],[25.5,-4.78],[25.58,-4.8],[25.65,-4.81],[25.65,-4.86],[25.61,-4.86],[25.54,-4.9],[25.36,-4.9],[25.29,-4.86],[25.25,-4.86],[25.25,-4.83],[25.22,-4.81],[25.14,-4.81],[25.14,-4.8],[25.04,-4.8],[24.96,-4.76],[24.96,-4.66],[24.93,-4.65],[24.93,-4.6],[24.86,-4.58],[24.86,-4.55]],[[25.14,-4.65],[25.14,-4.61],[25.11,-4.6],[25.07,-4.61],[25.07,-4.63],[25.04,-4.65],[25.07,-4.66],[25.07,-4.7],[25.14,-4.7],[25.14,-4.65]]]}},{"type":"Feature","properties":{"precip":40},"geometry":{"type":"Polygon","coordinates":[[[28.17,-4.65],[28.17,-4.61],[28.2,-4.6],[28.24,-4.61],[28.24,-4.7],[28.17,-4.7],[28.17,-4.65]]]}},{"type":"Feature","properties":{"precip":40},"geometry":{"type":"Polygon","coordinates":[[[29.46,-4.65],[29.46,-4.61],[29.5,-4.6],[29.53,-4.61],[29.53,-4.7],[29.46,-4.7],[29.46,-4.65]]]}},{"type":"Feature","properties":{"precip":40},"geometry":{"type":"Polygon","coordinates":[[[53.04,-4.7],[53.04,-4.66],[53.08,-4.65],[53.08,-4.61],[53.15,-4.6],[53.26,-4.6],[53.33,-4.61],[53.36,-4.65],[53.36,-4.75],[53.29,-4.8],[53.11,-4.8],[53.08,-4.78],[53.08,-4.75],[53.04,-4.71],[53.04,-4.7]]]}},{"type":"Feature","properties":{"precip":40},"geometry":{"type":"Polygon","coordinates":[[[27.84,-4.75],[27.84,-4.71],[27.88,-4.7],[27.95,-4.71],[27.95,-4.78],[27.88,-4.8],[27.84,-4.76],[27.84,-4.75]]]}},{"type":"Feature","properties":{"precip":40},"geometry":{"type":"Polygon","coordinates":[[[27.45,-4.95],[27.45,-4.91],[27.48,-4.9],[27.52,-4.9],[27.55,-4.91],[27.55,-4.97],[27.48,-5.0],[27.45,-4.97],[27.45,-4.95]]]}},{"type":"Feature","properties":{"precip":40},"geometry":{"type":"Polygon","coordinates":[[[52.64,-4.95],[52.64,-4.91],[52.68,-4.9],[52.75,-4.91],[52.75,-4.98],[52.72,-5.0],[52.64,-4.97],[52.64,-4.95]]]}},{"type":"Feature","properties":{"precip":40},"geometry":{"type":"Polygon","coordinates":[[[49.26,-5.15],[49.26,-5.12],[49.33,-5.1],[49.33,-5.13],[49.37,-5.13],[49.37,-5.17],[49.33,-5.18],[49.33,-5.2],[49.26,-5.18],[49.26,-5.15]]]}},{"type":"Feature","properties":{"precip":40},"geometry":{"type":"Polygon","coordinates":[[[53.65,-5.4],[53.65,-5.35],[53.72,-5.32],[53.83,-5.3],[54.23,-5.3],[54.34,-5.32],[54.44,-5.33],[54.44,-5.38],[54.41,-5.4],[54.3,-5.4],[54.26,-5.43],[54.26,-5.53],[54.23,-5.57],[54.23,-5.58],[54.19,-5.6],[54.12,-5.6],[54.12,-5.62],[54.05,-5.63],[54.05,-5.67],[54.01,-5.68],[54.01,-5.7],[53.98,-5.73],[53.87,-5.78],[53.76,-5.78],[53.69,-5.77],[53.62,-5.73],[53.54,-5.63],[53.47,-5.55],[53.47,-5.5],[53.58,-5.5],[53.65,-5.47],[53.65,-5.4]]]}},{"type":"Feature","properties":{"precip":40},"geometry":{"type":"Polygon","coordinates":[[[51.46,-5.65],[51.46,-5.63],[51.53,-5.6],[51.67,-5.6],[51.74,-5.63],[51.74,-5.67],[51.82,-5.7],[51.89,-5.7],[51.92,-5.72],[51.92,-5.73],[51.96,-5.75],[51.96,-5.84],[51.92,-5.87],[51.92,-5.89],[51.85,-5.9],[51.78,-5.9],[51.71,-5.92],[51.64,-5.97],[51.56,-6.04],[51.56,-6.14],[51.53,-6.17],[51.46,-6.19],[51.38,-6.19],[51.31,-6.2],[51.13,-6.19],[51.1,-6.15],[51.02,-6.14],[50.99,-6.09],[50.99,-6.04],[50.95,-5.97],[50.95,-5.73],[51.02,-5.7],[51.28,-5.7],[51.28,-5.72],[51.35,-5.73],[51.35,-5.77],[51.38,-5.78],[51.46,-5.78],[51.46,-5.8],[51.53,-5.8],[51.64,-5.78],[51.64,-5.72],[51.6,-5.7],[51.53,-5.7],[51.53,-5.68],[51.46,-5.68],[51.46,-5.65]]]}},{"type":"Feature","properties":{"precip":40},"geometry":{"type":"Polygon","coordinates":[[[27.16,-5.9],[27.16,-5.82],[27.23,-5.8],[27.23,-5.87],[27.27,-5.89],[27.27,-5.92],[27.23,-5.94],[27.23,-5.99],[27.16,-5.99],[27.16,-5.9]]]}},{"type":"Feature","properties":{"precip":40},"geometry":{"type":"Polygon","coordinates":[[[9.05,-5.95],[9.05,-5.92],[9.13,-5.9],[9.16,-5.94],[9.16,-5.97],[9.13,-5.99],[9.13,-6.0],[9.05,-5.99],[9.05,-5.95]]]}},{"type":"Feature","properties":{"precip":40},"geometry":{"type":"Polygon","coordinates":[[[18.45,-5.94],[18.48,-5.9],[18.59,-5.9],[18.63,-5.92],[18.63,-5.95],[18.66,-5.99],[18.66,-6.04],[18.63,-6.05],[18.63,-6.1],[18.48,-6.0],[18.48,-5.97],[18.45,-5.94]]]}},{"type":"Feature","properties":{"precip":40},"geometry":{"type":"Polygon","coordinates":[[[26.94,-6.0],[26.94,-5.94],[26.98,-5.94],[26.98,-5.9],[27.01,-5.9],[27.05,-5.94],[27.05,-6.07],[27.01,-6.09],[27.01,-6.1],[26.98,-6.09],[26.98,-6.07],[26.94,-6.05],[26.94,-6.0]]]}},{"type":"Feature","properties":{"precip":40},"geometry":{"type":"Polygon","coordinates":[[[52.93,-5.99],[52.93,-5.94],[53.04,-5.9],[53.11,-5.9],[53.15,-5.94],[53.15,-6.05],[53.08,-6.14],[53.0,-6.19],[52.93,-6.2],[52.86,-6.19],[52.86,-6.05],[52.93,-5.99]]]}},{"type":"Feature","properties":{"precip":40},"geometry":{"type":"Polygon","coordinates":[[[22.26,-6.05],[22.26,-6.0],[22.34,-6.0],[22.34,-6.12],[22.37,-6.14],[22.37,-6.19],[22.41,-6.19],[22.44,-6.22],[22.44,-6.35],[22.48,-6.37],[22.48,-6.39],[22.52,-6.39],[22.52,-6.42],[22.55,-6.44],[22.55,-6.55],[22.59,-6.59],[22.73,-6.6],[22.73,-6.64],[22.77,-6.64],[22.73,-6.67],[22.73,-6.69],[22.7,-6.69],[22.7,-6.72],[22.66,-6.74],[22.66,-7.09],[22.62,-7.12],[22.62,-7.21],[22.59,-7.21],[22.59,-7.22],[22.55,-7.24],[22.55,-7.46],[22.52,-7.47],[22.52,-7.51],[22.48,-7.51],[22.48,-7.53],[22.44,-7.54],[22.44,-7.66],[22.37,-7.74],[22.34,-7.76],[22.19,-7.79],[22.16,-7.81],[22.05,-7.81],[22.01,-7.83],[21.94,-7.86],[21.9,-7.88],[21.9,-7.91],[21.87,-7.93],[21.87,-7.96],[21.83,-7.96],[21.76,-7.99],[21.69,-8.01],[21.69,-8.03],[21.65,-8.04],[21.65,-8.16],[21.62,-8.19],[21.54,-8.21],[21.54,-8.26],[21.62,-8.29],[21.69,-8.29],[21.76,-8.31],[21.83,-8.33],[21.87,-8.36],[21.94,-8.48],[21.9,-8.51],[21.83,-8.56],[21.72,-8.58],[21.62,-8.61],[21.36,-8.61],[21.15,-8.55],[21.08,-8.5],[21.0,-8.43],[20.97,-8.34],[20.97,-8.08],[20.93,-8.04],[20.93,-7.93],[20.86,-7.88],[20.86,-7.66],[20.82,-7.64],[20.82,-7.61],[20.75,-7.61],[20.61,-7.61],[20.54,-7.59],[20.46,-7.59],[20.39,-7.56],[20.28,-7.51],[20.28,-7.46],[20.25,-7.39],[20.25,-7.26],[20.21,-7.21],[20.18,-7.21],[20.1,-7.21],[20.07,-7.19],[20.07,-7.16],[20.03,-7.16],[20.03,-7.11],[20.0,-7.11],[19.92,-7.16],[19.92,-7.19],[19.85,-7.22],[19.85,-7.26],[19.78,-7.27],[19.78,-7.29],[19.71,-7.31],[19.64,-7.34],[19.64,-7.39],[19.56,-7.41],[19.49,-7.37],[19.42,-7.32],[19.35,-7.22],[19.35,-7.01],[19.42,-6.89],[19.46,-6.84],[19.49,-6.82],[19.49,-6.81],[19.53,-6.79],[19.53,-6.74],[19.56,-6.72],[19.56,-6.64],[19.6,-6.59],[19.71,-6.52],[19.82,-6.49],[19.92,-6.54],[19.96,-6.57],[20.03,-6.62],[20.14,-6.77],[20.14,-6.82],[20.25,-6.91],[20.36,-6.91],[20.43,-6.87],[20.46,-6.84],[20.46,-6.81],[20.57,-6.86],[20.57,-6.87],[20.64,-6.94],[20.64,-6.99],[20.57,-7.01],[20.57,-7.02],[20.54,-7.04],[20.57,-7.07],[20.64,-7.11],[20.75,-7.11],[20.86,-7.06],[20.86,-7.02],[20.9,-7.01],[21.0,-7.01],[21.04,-6.97],[21.04,-6.86],[21.08,-6.84],[21.08,-6.81],[21.11,-6.81],[21.18,-6.81],[21.22,-6.79],[21.22,-6.76],[21.26,-6.74],[21.26,-6.64],[21.22,-6.64],[21.22,-6.59],[21.18,-6.59],[21.18,-6.57],[21.15,-6.55],[21.15,-6.44],[21.18,-6.42],[21.26,-6.39],[21.33,-6.42],[21.33,-6.44],[21.36,-6.49],[21.36,-6.67],[21.44,-6.69],[21.44,-6.62],[21.47,-6.59],[21.47,-6.54],[21.51,-6.5],[21.51,-6.47],[21.58,-6.42],[21.65,-6.39],[21.72,-6.39],[21.72,-6.37],[21.8,-6.32],[21.8,-6.29],[21.83,-6.29],[21.83,-6.25],[21.87,-6.24],[22.01,-6.19],[22.05,-6.19],[22.05,-6.14],[22.08,-6.1],[22.16,-6.1],[22.16,-6.09],[22.23,-6.09],[22.26,-6.05]],[[20.14,-7.06],[20.14,-7.01],[20.07,-7.01],[20.07,-7.11],[20.14,-7.09],[20.14,-7.06]]]}},{"type":"Feature","properties":{"precip":40},"geometry":{"type":"Polygon","coordinates":[[[49.76,-6.05],[49.76,-6.0],[49.84,-6.0],[49.94,-6.04],[50.12,-6.24],[50.12,-6.32],[50.16,-6.39],[50.16,-6.71],[50.12,-6.74],[50.12,-6.79],[50.05,-6.81],[50.02,-6.82],[49.94,-6.86],[49.84,-6.96],[49.84,-6.97],[49.76,-7.01],[49.69,-6.97],[49.62,-6.94],[49.62,-6.91],[49.51,-6.82],[49.44,-6.81],[49.33,-6.81],[49.26,-6.77],[49.26,-6.74],[49.19,-6.69],[49.08,-6.69],[49.01,-6.62],[49.01,-6.59],[48.97,-6.55],[48.97,-6.52],[48.94,-6.49],[48.97,-6.45],[48.97,-6.42],[49.04,-6.39],[49.08,-6.39],[49.15,-6.37],[49.15,-6.32],[49.08,-6.29],[49.08,-6.22],[49.15,-6.15],[49.15,-6.14],[49.22,-6.12],[49.26,-6.14],[49.26,-6.17],[49.33,-6.19],[49.33,-6.15],[49.37,-6.14],[49.44,-6.1],[49.55,-6.1],[49.58,-6.09],[49.66,-6.09],[49.76,-6.05]],[[49.26,-6.24],[49.26,-6.22],[49.19,-6.2],[49.15,-6.22],[49.15,-6.29],[49.22,-6.29],[49.26,-6.29],[49.26,-6.24]]]}},{"type":"Feature","properties":{"precip":40},"geometry":{"type":"Polygon","coordinates":[[[48.36,-6.2],[48.36,-6.14],[48.4,-6.1],[48.43,-6.1],[48.54,-6.14],[48.58,-6.17],[48.61,-6.22],[48.68,-6.27],[48.72,-6.3],[48.72,-6.34],[48.76,-6.39],[48.68,-6.39],[48.58,-6.44],[48.5,-6.49],[48.5,-6.5],[48.43,-6.55],[48.43,-6.57],[48.36,-6.59],[48.36,-6.52],[48.43,-6.49],[48.47,-6.45],[48.43,-6.44],[48.43,-6.4],[48.36,-6.39],[48.29,-6.39],[48.25,-6.39],[48.25,-6.32],[48.29,-6.29],[48.32,-6.29],[48.32,-6.27],[48.36,-6.25],[48.36,-6.2]]]}},{"type":"Feature","properties":{"precip":40},"geometry":{"type":"Polygon","coordinates":[[[26.37,-6.24],[26.37,-6.2],[26.44,-6.2],[26.44,-6.29],[26.37,-6.29],[26.37,-6.24]]]}},{"type":"Feature","properties":{"precip":40},"geometry":{"type":"Polygon","coordinates":[[[26.65,-6.34],[26.65,-6.32],[26.69,-6.29],[26.76,-6.34],[26.76,-6.37],[26.73,-6.39],[26.65,-6.39],[26.65,-6.34]]]}},{"type":"Feature","properties":{"precip":40},"geometry":{"type":"Polygon","coordinates":[[[23.96,-6.49],[23.96,-6.4],[23.99,-6.4],[24.03,-6.44],[24.1,-6.5],[24.21,-6.59],[24.24,-6.57],[24.24,-6.54],[24.28,-6.54],[24.28,-6.5],[24.32,-6.49],[24.39,-6.49],[24.46,-6.45],[24.46,-6.42],[24.53,-6.4],[24.53,-6.49],[24.46,-6.52],[24.46,-6.57],[24.53,-6.59],[24.6,-6.59],[24.64,-6.6],[24.64,-6.65],[24.6,-6.69],[24.53,-6.76],[24.5,-6.79],[24.5,-6.82],[24.46,-6.86],[24.46,-6.87],[24.53,-6.91],[24.53,-6.92],[24.57,-6.94],[24.53,-6.97],[24.46,-7.01],[24.35,-7.01],[24.32,-6.97],[24.24,-6.96],[24.17,-6.89],[24.17,-6.82],[24.21,-6.79],[24.24,-6.77],[24.24,-6.74],[24.21,-6.72],[24.21,-6.69],[24.17,-6.69],[24.14,-6.64],[24.14,-6.62],[24.06,-6.6],[24.06,-6.69],[24.03,-6.74],[24.03,-6.77],[23.96,-6.81],[23.85,-6.76],[23.81,-6.74],[23.81,-6.69],[23.78,-6.65],[23.78,-6.62],[23.74,-6.59],[23.74,-6.54],[23.78,-6.5],[23.81,-6.49],[23.85,-6.52],[23.85,-6.59],[23.92,-6.59],[23.92,-6.57],[23.96,-6.55],[23.96,-6.49]]]}},{"type":"Feature","properties":{"precip":40},"geometry":{"type":"Polygon","coordinates":[[[26.4,-6.59],[26.44,-6.54],[26.51,-6.5],[26.62,-6.5],[26.65,-6.52],[26.65,-6.57],[26.62,-6.59],[26.55,-6.59],[26.44,-6.64],[26.44,-6.69],[26.37,-6.69],[26.37,-6.64],[26.4,-6.6],[26.4,-6.59]]]}},{"type":"Feature","properties":{"precip":40},"geometry":{"type":"Polygon","coordinates":[[[23.06,-6.64],[23.06,-6.6],[23.13,-6.59],[23.13,-6.62],[23.16,-6.64],[23.16,-6.67],[23.13,-6.69],[23.06,-6.69],[23.06,-6.64]]]}},{"type":"Feature","properties":{"precip":40},"geometry":{"type":"Polygon","coordinates":[[[26.76,-6.64],[26.76,-6.6],[26.83,-6.6],[26.83,-6.69],[26.76,-6.69],[26.76,-6.64]]]}},{"type":"Feature","properties":{"precip":40},"geometry":{"type":"Polygon","coordinates":[[[26.4,-6.87],[26.47,-6.82],[26.51,-6.81],[26.58,-6.86],[26.62,-6.91],[26.62,-6.92],[26.65,-6.94],[26.65,-6.96],[26.76,-7.01],[26.91,-7.01],[26.94,-7.01],[26.94,-7.06],[26.87,-7.14],[26.83,-7.19],[26.76,-7.22],[26.73,-7.26],[26.65,-7.27],[26.65,-7.22],[26.73,-7.21],[26.73,-7.17],[26.76,-7.16],[26.76,-7.14],[26.65,-7.11],[26.55,-7.11],[26.51,-7.07],[26.44,-7.06],[26.4,-7.02],[26.4,-6.99],[26.37,-6.96],[26.4,-6.91],[26.4,-6.87]]]}},{"type":"Feature","properties":{"precip":40},"geometry":{"type":"Polygon","coordinates":[[[66.21,-6.97],[66.29,-6.92],[66.29,-6.91],[66.36,-6.91],[66.36,-6.97],[66.47,-6.99],[66.5,-7.01],[66.72,-7.01],[66.83,-7.01],[66.86,-7.06],[66.86,-7.14],[66.83,-7.16],[66.83,-7.21],[66.75,-7.24],[66.75,-7.27],[66.79,-7.29],[66.86,-7.34],[66.86,-7.36],[66.83,-7.36],[66.83,-7.39],[66.79,-7.39],[66.79,-7.42],[66.75,-7.46],[66.75,-7.74],[66.72,-7.76],[66.72,-7.79],[66.65,-7.81],[66.57,-7.81],[66.47,-7.78],[66.47,-7.59],[66.43,-7.56],[66.43,-7.51],[66.36,-7.49],[66.36,-7.37],[66.32,-7.36],[66.32,-7.31],[66.29,-7.29],[66.29,-7.26],[66.25,-7.26],[66.18,-7.19],[66.18,-7.16],[66.14,-7.12],[66.14,-7.09],[66.18,-7.06],[66.18,-7.01],[66.21,-6.97]]]}},{"type":"Feature","properties":{"precip":40},"geometry":{"type":"Polygon","coordinates":[[[48.68,-7.21],[48.76,-7.14],[48.83,-7.11],[48.86,-7.12],[48.86,-7.17],[48.83,-7.17],[48.83,-7.21],[48.79,-7.21],[48.79,-7.22],[48.76,-7.24],[48.76,-7.47],[48.72,-7.51],[48.65,-7.46],[48.5,-7.26],[48.47,-7.24],[48.47,-7.21],[48.54,-7.21],[48.54,-7.26],[48.61,-7.29],[48.65,-7.26],[48.65,-7.24],[48.68,-7.21]]]}},{"type":"Feature","properties":{"precip":40},"geometry":{"type":"Polygon","coordinates":[[[48.94,-7.16],[48.97,-7.14],[48.97,-7.11],[49.01,-7.11],[49.08,-7.11],[49.15,-7.12],[49.15,-7.17],[49.08,-7.21],[49.01,-7.21],[48.97,-7.19],[48.97,-7.16],[48.94,-7.16]]]}},{"type":"Feature","properties":{"precip":40},"geometry":{"type":"Polygon","coordinates":[[[28.42,-7.37],[28.42,-7.36],[28.49,-7.31],[28.56,-7.31],[28.56,-7.36],[28.53,-7.36],[28.53,-7.39],[28.49,-7.41],[28.49,-7.44],[28.45,-7.46],[28.38,-7.49],[28.35,-7.46],[28.38,-7.46],[28.38,-7.41],[28.42,-7.37]]]}},{"type":"Feature","properties":{"precip":40},"geometry":{"type":"Polygon","coordinates":[[[51.64,-7.36],[51.67,-7.32],[51.67,-7.31],[51.74,-7.31],[51.74,-7.36],[51.82,-7.41],[51.89,-7.41],[51.96,-7.42],[51.96,-7.46],[51.92,-7.46],[51.85,-7.49],[51.78,-7.51],[51.53,-7.51],[51.46,-7.49],[51.38,-7.46],[51.35,-7.46],[51.35,-7.42],[51.46,-7.41],[51.56,-7.41],[51.64,-7.37],[51.64,-7.36]]]}},{"type":"Feature","properties":{"precip":40},"geometry":{"type":"Polygon","coordinates":[[[31.55,-7.66],[31.55,-7.61],[31.62,-7.61],[31.66,-7.64],[31.66,-7.68],[31.59,-7.71],[31.55,-7.69],[31.55,-7.66]]]}},{"type":"Feature","properties":{"precip":40},"geometry":{"type":"Polygon","coordinates":[[[66.65,-7.96],[66.65,-7.93],[66.72,-7.91],[66.75,-7.93],[66.75,-7.98],[66.68,-8.01],[66.68,-7.98],[66.65,-7.98],[66.65,-7.96]]]}},{"type":"Feature","properties":{"precip":40},"geometry":{"type":"Polygon","coordinates":[[[67.76,-8.16],[67.76,-8.11],[67.83,-8.11],[67.83,-8.13],[67.87,-8.14],[67.83,-8.16],[67.83,-8.19],[67.76,-8.19],[67.76,-8.16]]]}},{"type":"Feature","properties":{"precip":40},"geometry":{"type":"Polygon","coordinates":[[[68.16,-8.19],[68.16,-8.11],[68.23,-8.11],[68.23,-8.14],[68.27,-8.16],[68.27,-8.24],[68.23,-8.26],[68.23,-8.29],[68.16,-8.29],[68.16,-8.19]]]}},{"type":"Feature","properties":{"precip":40},"geometry":{"type":"Polygon","coordinates":[[[68.34,-8.24],[68.41,-8.21],[68.52,-8.21],[68.55,-8.19],[68.59,-8.21],[68.7,-8.21],[68.77,-8.24],[68.73,-8.24],[68.73,-8.29],[68.63,-8.36],[68.63,-8.38],[68.59,-8.4],[68.52,-8.4],[68.48,-8.38],[68.48,-8.36],[68.37,-8.29],[68.37,-8.24],[68.34,-8.24]]]}},{"type":"Feature","properties":{"precip":40},"geometry":{"type":"Polygon","coordinates":[[[12.15,-8.34],[12.15,-8.33],[12.22,-8.31],[12.29,-8.29],[12.33,-8.31],[12.4,-8.31],[12.44,-8.31],[12.44,-8.58],[12.4,-8.61],[12.33,-8.61],[12.29,-8.61],[12.22,-8.66],[12.22,-8.7],[12.15,-8.68],[12.15,-8.63],[12.11,-8.61],[12.08,-8.61],[12.08,-8.63],[12.04,-8.68],[12.04,-8.7],[12.0,-8.7],[11.97,-8.68],[11.97,-8.61],[11.93,-8.55],[11.97,-8.51],[11.97,-8.43],[12.04,-8.4],[12.11,-8.4],[12.15,-8.38],[12.15,-8.34]]]}},{"type":"Feature","properties":{"precip":40},"geometry":{"type":"Polygon","coordinates":[[[48.25,-8.34],[48.25,-8.31],[48.29,-8.29],[48.36,-8.31],[48.36,-8.38],[48.32,-8.4],[48.25,-8.38],[48.25,-8.34]]]}},{"type":"Feature","properties":{"precip":40},"geometry":{"type":"Polygon","coordinates":[[[81.26,-8.38],[81.26,-8.34],[81.33,-8.31],[81.44,-8.31],[81.51,-8.29],[81.51,-8.31],[81.66,-8.31],[81.73,-8.31],[81.76,-8.34],[81.76,-8.36],[81.76,-8.38],[81.87,-8.38],[81.91,-8.4],[82.2,-8.4],[82.34,-8.41],[82.38,-8.43],[82.45,-8.45],[82.45,-8.58],[82.38,-8.61],[82.38,-8.66],[82.34,-8.68],[82.34,-8.78],[82.27,-8.8],[82.09,-8.8],[82.02,-8.81],[81.94,-8.83],[81.94,-8.88],[81.91,-8.9],[81.87,-8.88],[81.87,-8.8],[81.84,-8.78],[81.84,-8.73],[81.73,-8.7],[81.62,-8.7],[81.51,-8.68],[81.4,-8.61],[81.33,-8.55],[81.26,-8.43],[81.26,-8.38]]]}},{"type":"Feature","properties":{"precip":40},"geometry":{"type":"Polygon","coordinates":[[[22.05,-8.55],[22.05,-8.48],[22.08,-8.45],[22.08,-8.4],[22.12,-8.4],[22.12,-8.43],[22.16,-8.43],[22.16,-8.48],[22.23,-8.48],[22.23,-8.5],[22.41,-8.5],[22.48,-8.51],[22.55,-8.55],[22.55,-8.68],[22.52,-8.7],[22.44,-8.68],[22.44,-8.63],[22.41,-8.63],[22.41,-8.61],[22.37,-8.61],[22.37,-8.65],[22.34,-8.68],[22.26,-8.7],[22.12,-8.7],[22.05,-8.66],[22.05,-8.55]]]}},{"type":"Feature","properties":{"precip":40},"geometry":{"type":"Polygon","coordinates":[[[62.25,-8.45],[62.25,-8.43],[62.29,-8.4],[62.33,-8.4],[62.33,-8.43],[62.36,-8.43],[62.36,-8.48],[62.33,-8.5],[62.25,-8.48],[62.25,-8.45]]]}},{"type":"Feature","properties":{"precip":40},"geometry":{"type":"Polygon","coordinates":[[[48.47,-8.55],[48.47,-8.51],[48.54,-8.51],[48.54,-8.61],[48.47,-8.61],[48.47,-8.55]]]}},{"type":"Feature","properties":{"precip":40},"geometry":{"type":"Polygon","coordinates":[[[49.66,-8.55],[49.66,-8.53],[49.69,-8.5],[49.73,-8.5],[49.73,-8.53],[49.76,-8.53],[49.76,-8.58],[49.73,-8.61],[49.66,-8.58],[49.66,-8.55]]]}},{"type":"Feature","properties":{"precip":40},"geometry":{"type":"Polygon","coordinates":[[[62.15,-8.63],[62.15,-8.61],[62.22,-8.61],[62.25,-8.61],[62.25,-8.68],[62.29,-8.68],[62.33,-8.7],[62.51,-8.7],[62.58,-8.71],[62.65,-8.73],[62.65,-8.88],[62.58,-8.9],[62.58,-8.88],[62.54,-8.88],[62.54,-8.83],[62.47,-8.8],[62.36,-8.8],[62.25,-8.75],[62.22,-8.71],[62.15,-8.66],[62.15,-8.63]]]}},{"type":"Feature","properties":{"precip":40},"geometry":{"type":"Polygon","coordinates":[[[62.76,-8.85],[62.76,-8.81],[62.79,-8.8],[62.83,-8.81],[62.83,-8.83],[62.9,-8.9],[62.9,-8.93],[62.94,-8.95],[62.97,-8.98],[63.05,-9.0],[63.12,-9.01],[63.15,-9.03],[63.15,-9.16],[63.23,-9.2],[63.37,-9.2],[63.44,-9.23],[63.44,-9.27],[63.48,-9.27],[63.48,-9.28],[63.51,-9.3],[63.59,-9.3],[63.62,-9.32],[63.62,-9.33],[63.66,-9.35],[63.66,-9.47],[63.73,-9.48],[63.8,-9.5],[63.91,-9.5],[63.98,-9.48],[64.05,-9.47],[64.05,-9.43],[63.95,-9.4],[63.84,-9.4],[63.77,-9.38],[63.77,-9.33],[63.84,-9.3],[63.95,-9.32],[64.02,-9.35],[64.09,-9.42],[64.2,-9.48],[64.27,-9.55],[64.34,-9.67],[64.27,-9.7],[64.27,-9.78],[64.34,-9.8],[64.41,-9.8],[64.45,-9.82],[64.45,-9.87],[64.52,-9.92],[64.59,-9.92],[64.67,-9.93],[64.67,-9.98],[64.74,-9.98],[64.74,-10.0],[64.81,-10.0],[64.85,-10.03],[64.85,-10.42],[64.88,-10.45],[64.88,-10.49],[64.92,-10.5],[64.99,-10.5],[65.03,-10.5],[65.03,-10.54],[65.06,-10.57],[65.06,-10.65],[65.03,-10.65],[65.03,-10.69],[64.99,-10.7],[64.92,-10.7],[64.85,-10.74],[64.85,-10.77],[64.81,-10.8],[64.7,-10.8],[64.67,-10.79],[64.67,-10.74],[64.63,-10.74],[64.63,-10.7],[64.59,-10.7],[64.52,-10.7],[64.45,-10.65],[64.45,-10.64],[64.41,-10.62],[64.41,-10.6],[64.38,-10.6],[64.38,-10.57],[64.34,-10.54],[64.27,-10.5],[64.2,-10.5],[64.16,-10.49],[64.16,-10.45],[64.09,-10.4],[64.02,-10.4],[63.91,-10.4],[63.84,-10.35],[63.84,-10.32],[63.77,-10.3],[63.69,-10.3],[63.66,-10.29],[63.66,-10.24],[63.59,-10.2],[63.51,-10.2],[63.48,-10.2],[63.41,-10.2],[63.37,-10.24],[63.37,-10.25],[63.33,-10.25],[63.33,-10.29],[63.3,-10.3],[63.23,-10.3],[63.15,-10.25],[63.15,-10.14],[63.08,-10.08],[63.05,-10.08],[63.05,-10.03],[63.08,-10.0],[63.15,-10.0],[63.23,-9.98],[63.23,-9.95],[63.26,-9.92],[63.26,-9.73],[63.33,-9.7],[63.44,-9.7],[63.55,-9.67],[63.55,-9.63],[63.51,-9.6],[63.44,-9.6],[63.37,-9.58],[63.37,-9.45],[63.33,-9.42],[63.33,-9.32],[63.3,-9.3],[63.26,-9.32],[63.26,-9.37],[63.19,-9.4],[63.12,-9.4],[63.08,-9.42],[63.08,-9.43],[63.05,-9.45],[63.05,-9.58],[62.97,-9.6],[62.87,-9.58],[62.79,-9.48],[62.76,-9.47],[62.76,-9.43],[62.79,-9.4],[62.94,-9.4],[63.05,-9.37],[63.05,-9.23],[62.97,-9.2],[62.83,-9.2],[62.79,-9.18],[62.76,-9.18],[62.76,-9.11],[62.83,-9.1],[62.83,-9.06],[62.87,-9.03],[62.87,-8.96],[62.83,-8.95],[62.83,-8.9],[62.76,-8.88],[62.76,-8.85]],[[64.45,-10.45],[64.45,-10.42],[64.41,-10.4],[64.38,-10.4],[64.38,-10.42],[64.34,-10.44],[64.34,-10.47],[64.38,-10.5],[64.45,-10.49],[64.45,-10.45]],[[64.67,-10.55],[64.63,-10.52],[64.63,-10.5],[64.56,-10.5],[64.56,-10.6],[64.63,-10.6],[64.67,-10.57],[64.67,-10.55]]]}},{"type":"Feature","properties":{"precip":40},"geometry":{"type":"Polygon","coordinates":[[[16.86,-9.05],[16.86,-9.01],[16.9,-9.0],[16.97,-9.0],[17.04,-9.03],[17.04,-9.06],[17.12,-9.08],[17.19,-9.1],[17.37,-9.1],[17.44,-9.13],[17.44,-9.42],[17.4,-9.48],[17.33,-9.55],[17.3,-9.58],[17.19,-9.6],[17.08,-9.6],[17.08,-9.55],[17.04,-9.53],[17.04,-9.33],[16.97,-9.3],[16.86,-9.3],[16.83,-9.28],[16.65,-9.16],[16.65,-9.11],[16.68,-9.1],[16.79,-9.1],[16.86,-9.05]]]}},{"type":"Feature","properties":{"precip":40},"geometry":{"type":"Polygon","coordinates":[[[61.07,-9.27],[61.07,-9.2],[61.14,-9.21],[61.14,-9.32],[61.17,-9.33],[61.17,-9.4],[61.25,-9.43],[61.25,-9.48],[61.17,-9.48],[61.17,-9.55],[61.14,-9.58],[61.14,-9.62],[60.99,-9.82],[60.92,-9.88],[60.89,-9.92],[60.89,-9.88],[60.85,-9.85],[60.85,-9.38],[60.89,-9.35],[60.89,-9.32],[60.92,-9.3],[60.99,-9.3],[61.03,-9.28],[61.03,-9.27],[61.07,-9.27]]]}},{"type":"Feature","properties":{"precip":40},"geometry":{"type":"Polygon","coordinates":[[[72.44,-9.3],[72.44,-9.27],[72.48,-9.23],[72.48,-9.2],[72.55,-9.21],[72.55,-9.27],[72.69,-9.3],[72.91,-9.3],[73.05,-9.27],[73.05,-9.23],[73.16,-9.2],[73.27,-9.2],[73.34,-9.23],[73.34,-9.38],[73.27,-9.4],[73.2,-9.4],[73.16,-9.43],[73.16,-9.47],[73.12,-9.47],[73.12,-9.48],[73.05,-9.48],[73.02,-9.5],[72.87,-9.48],[72.84,-9.45],[72.84,-9.43],[72.73,-9.4],[72.55,-9.4],[72.48,-9.38],[72.48,-9.35],[72.44,-9.33],[72.44,-9.3]]]}},{"type":"Feature","properties":{"precip":40},"geometry":{"type":"Polygon","coordinates":[[[66.07,-9.35],[66.07,-9.3],[66.14,-9.32],[66.14,-9.37],[66.25,-9.4],[66.39,-9.4],[66.47,-9.43],[66.43,-9.45],[66.43,-9.48],[66.32,-9.58],[66.21,-9.6],[66.18,-9.6],[66.11,-9.63],[66.0,-9.72],[65.96,-9.75],[65.89,-9.8],[65.85,-9.85],[65.78,-9.92],[65.71,-9.97],[65.6,-9.98],[65.49,-10.0],[65.35,-9.98],[65.24,-9.93],[65.17,-9.88],[65.17,-9.73],[65.24,-9.67],[65.31,-9.62],[65.39,-9.6],[65.46,-9.58],[65.46,-9.53],[65.49,-9.53],[65.57,-9.5],[65.71,-9.5],[65.78,-9.48],[65.85,-9.47],[65.85,-9.43],[65.93,-9.4],[66.0,-9.4],[66.03,-9.38],[66.03,-9.37],[66.07,-9.35]],[[65.96,-9.55],[65.96,-9.53],[65.93,-9.5],[65.85,-9.52],[65.85,-9.6],[65.89,-9.6],[65.96,-9.58],[65.96,-9.55]]]}},{"type":"Feature","properties":{"precip":40},"geometry":{"type":"Polygon","coordinates":[[[74.96,-9.45],[74.96,-9.42],[75.0,-9.4],[75.03,-9.42],[75.03,-9.47],[75.07,-9.48],[75.07,-9.52],[75.03,-9.53],[75.03,-9.6],[75.0,-9.6],[74.96,-9.63],[74.96,-9.98],[74.92,-10.03],[74.92,-10.1],[74.85,-10.08],[74.85,-10.02],[74.82,-10.0],[74.74,-10.0],[74.74,-9.98],[74.64,-9.97],[74.64,-9.92],[74.6,-9.92],[74.56,-9.92],[74.56,-9.97],[74.49,-10.0],[74.42,-9.98],[74.35,-9.93],[74.35,-9.82],[74.28,-9.8],[74.28,-9.78],[74.24,-9.77],[74.24,-9.73],[74.31,-9.7],[74.38,-9.7],[74.46,-9.67],[74.46,-9.62],[74.53,-9.6],[74.53,-9.63],[74.56,-9.67],[74.56,-9.78],[74.64,-9.78],[74.64,-9.72],[74.67,-9.68],[74.67,-9.63],[74.71,-9.6],[74.71,-9.58],[74.78,-9.52],[74.89,-9.48],[74.96,-9.47],[74.96,-9.45]]]}},{"type":"Feature","properties":{"precip":40},"geometry":{"type":"Polygon","coordinates":[[[69.35,-9.63],[69.35,-9.58],[69.38,-9.53],[69.38,-9.52],[69.42,-9.5],[69.56,-9.5],[69.63,-9.53],[69.67,-9.55],[69.67,-9.58],[69.78,-9.6],[69.88,-9.6],[69.96,-9.63],[69.96,-9.67],[70.06,-9.7],[70.17,-9.7],[70.24,-9.73],[70.24,-9.75],[70.28,-9.78],[70.35,-9.78],[70.35,-9.8],[70.46,-9.8],[70.53,-9.83],[70.57,-9.85],[70.57,-9.88],[70.64,-9.87],[70.68,-9.83],[70.68,-9.82],[70.75,-9.77],[70.75,-9.75],[70.82,-9.7],[70.89,-9.7],[70.96,-9.67],[70.96,-9.62],[71.0,-9.6],[71.07,-9.6],[71.14,-9.58],[71.14,-9.55],[71.18,-9.52],[71.25,-9.5],[71.36,-9.5],[71.4,-9.52],[71.47,-9.58],[71.47,-9.6],[71.54,-9.58],[71.54,-9.55],[71.58,-9.52],[71.61,-9.5],[71.61,-9.53],[71.65,-9.53],[71.65,-9.58],[71.68,-9.58],[71.72,-9.6],[71.79,-9.6],[71.79,-9.62],[71.86,-9.63],[71.86,-9.67],[71.9,-9.68],[71.9,-9.7],[71.94,-9.72],[71.94,-9.75],[72.01,-9.78],[72.01,-9.8],[72.08,-9.82],[72.15,-9.85],[72.22,-9.92],[72.3,-9.98],[72.33,-10.03],[72.4,-10.12],[72.44,-10.19],[72.44,-10.29],[72.4,-10.3],[72.26,-10.3],[72.15,-10.34],[72.15,-10.35],[72.08,-10.39],[71.97,-10.4],[71.58,-10.4],[71.5,-10.4],[71.4,-10.4],[71.25,-10.45],[71.18,-10.5],[71.18,-10.55],[71.11,-10.6],[71.04,-10.55],[71.04,-10.52],[71.0,-10.5],[70.96,-10.52],[70.96,-10.57],[70.93,-10.6],[70.82,-10.6],[70.75,-10.65],[70.71,-10.7],[70.64,-10.77],[70.57,-10.85],[70.5,-10.9],[70.46,-10.97],[70.46,-11.06],[70.42,-11.06],[70.42,-11.09],[70.39,-11.11],[70.32,-11.11],[70.24,-11.12],[70.24,-11.16],[70.17,-11.21],[70.03,-11.21],[69.96,-11.16],[69.96,-11.12],[69.85,-11.11],[69.74,-11.11],[69.67,-11.12],[69.67,-11.16],[69.56,-11.19],[69.49,-11.21],[69.31,-11.21],[69.24,-11.22],[69.13,-11.26],[69.13,-11.29],[69.06,-11.26],[69.02,-11.22],[68.99,-11.21],[68.99,-11.26],[68.95,-11.26],[68.95,-11.27],[68.91,-11.27],[68.88,-11.31],[68.81,-11.31],[68.77,-11.32],[68.77,-11.41],[68.73,-11.44],[68.73,-11.51],[68.7,-11.51],[68.7,-11.47],[68.63,-11.44],[68.63,-11.41],[68.59,-11.41],[68.59,-11.37],[68.55,-11.36],[68.55,-11.34],[68.52,-11.31],[68.41,-11.29],[68.37,-11.29],[68.37,-11.26],[68.34,-11.26],[68.34,-11.22],[68.3,-11.21],[68.23,-11.21],[68.16,-11.16],[68.16,-11.04],[68.23,-11.01],[68.3,-11.01],[68.34,-10.99],[68.34,-10.94],[68.37,-10.94],[68.37,-10.9],[68.41,-10.9],[68.48,-10.9],[68.59,-10.82],[68.63,-10.77],[68.63,-10.74],[68.66,-10.69],[68.66,-10.52],[68.7,-10.5],[68.73,-10.5],[68.73,-10.44],[68.77,-10.42],[68.77,-10.3],[68.81,-10.3],[68.81,-10.29],[68.84,-10.29],[68.84,-10.08],[68.88,-10.05],[68.88,-10.02],[68.99,-9.98],[69.06,-9.97],[69.06,-9.92],[69.13,-9.92],[69.2,-9.88],[69.24,-9.85],[69.31,-9.78],[69.35,-9.73],[69.35,-9.63]],[[69.56,-9.65],[69.56,-9.63],[69.53,-9.6],[69.45,-9.62],[69.45,-9.68],[69.53,-9.68],[69.56,-9.68],[69.56,-9.65]]]}},{"type":"Feature","properties":{"precip":40},"geometry":{"type":"Polygon","coordinates":[[[49.12,-9.78],[49.15,-9.73],[49.22,-9.7],[49.3,-9.7],[49.33,-9.73],[49.37,-9.78],[49.33,-9.82],[49.33,-9.88],[49.3,-9.88],[49.3,-9.92],[49.26,-9.93],[49.26,-9.95],[49.22,-9.98],[49.15,-9.97],[49.12,-9.93],[49.12,-9.92],[49.08,-9.88],[49.08,-9.8],[49.12,-9.78]]]}},{"type":"Feature","properties":{"precip":40},"geometry":{"type":"Polygon","coordinates":[[[68.05,-9.85],[68.05,-9.83],[68.09,-9.8],[68.19,-9.8],[68.27,-9.83],[68.27,-9.87],[68.23,-9.88],[68.23,-9.92],[68.19,-9.92],[68.16,-9.93],[68.16,-10.14],[68.12,-10.15],[68.12,-10.2],[68.09,-10.2],[68.09,-10.25],[68.05,-10.29],[68.05,-10.57],[68.01,-10.6],[67.94,-10.6],[67.87,-10.62],[67.83,-10.65],[67.83,-10.69],[67.76,-10.67],[67.76,-10.65],[67.73,-10.6],[67.69,-10.6],[67.65,-10.62],[67.65,-10.65],[67.62,-10.69],[67.55,-10.67],[67.55,-10.64],[67.58,-10.6],[67.62,-10.6],[67.62,-10.57],[67.65,-10.57],[67.65,-10.47],[67.69,-10.45],[67.69,-10.4],[67.73,-10.39],[67.73,-10.35],[67.8,-10.3],[67.83,-10.29],[67.83,-10.24],[67.76,-10.19],[67.76,-10.03],[67.8,-9.98],[67.87,-9.93],[67.91,-9.92],[67.98,-9.92],[68.01,-9.88],[68.05,-9.88],[68.05,-9.85]]]}},{"type":"Feature","properties":{"precip":40},"geometry":{"type":"Polygon","coordinates":[[[60.67,-10.0],[60.67,-9.92],[60.74,-9.92],[60.74,-10.08],[60.67,-10.1],[60.67,-10.0]]]}},{"type":"Feature","properties":{"precip":40},"geometry":{"type":"Polygon","coordinates":[[[73.74,-10.0],[73.77,-9.97],[73.77,-9.92],[73.81,-9.92],[73.99,-9.92],[74.06,-9.92],[74.17,-9.95],[74.24,-10.0],[74.24,-10.08],[74.17,-10.1],[74.06,-10.1],[73.99,-10.1],[73.92,-10.1],[73.84,-10.1],[73.77,-10.07],[73.77,-10.03],[73.74,-10.0]]]}},{"type":"Feature","properties":{"precip":40},"geometry":{"type":"Polygon","coordinates":[[[60.96,-10.05],[60.96,-10.02],[60.99,-10.0],[61.1,-10.0],[61.14,-10.02],[61.14,-10.08],[61.07,-10.1],[60.99,-10.1],[60.96,-10.08],[60.96,-10.05]]]}},{"type":"Feature","properties":{"precip":40},"geometry":{"type":"Polygon","coordinates":[[[16.76,-10.34],[16.76,-10.25],[16.79,-10.2],[16.86,-10.2],[16.9,-10.2],[16.97,-10.2],[17.04,-10.24],[17.04,-10.29],[17.08,-10.3],[17.15,-10.3],[17.22,-10.32],[17.22,-10.35],[17.26,-10.39],[17.26,-10.54],[17.22,-10.57],[17.15,-10.6],[17.01,-10.6],[16.94,-10.6],[16.86,-10.57],[16.83,-10.54],[16.76,-10.45],[16.76,-10.34]]]}},{"type":"Feature","properties":{"precip":40},"geometry":{"type":"Polygon","coordinates":[[[62.76,-10.3],[62.76,-10.25],[62.79,-10.2],[62.87,-10.2],[62.94,-10.2],[62.94,-10.29],[62.83,-10.35],[62.83,-10.39],[62.79,-10.4],[62.76,-10.39],[62.76,-10.3]]]}},{"type":"Feature","properties":{"precip":40},"geometry":{"type":"Polygon","coordinates":[[[88.75,-10.3],[88.75,-10.25],[88.78,-10.25],[88.78,-10.24],[88.85,-10.2],[88.93,-10.24],[88.93,-10.25],[88.96,-10.25],[88.96,-10.35],[88.93,-10.35],[88.93,-10.39],[88.85,-10.4],[88.82,-10.4],[88.78,-10.39],[88.78,-10.35],[88.75,-10.35],[88.75,-10.3]]]}},{"type":"Feature","properties":{"precip":40},"geometry":{"type":"Polygon","coordinates":[[[62.54,-10.35],[62.58,-10.32],[62.58,-10.3],[62.61,-10.3],[62.65,-10.32],[62.65,-10.39],[62.58,-10.4],[62.54,-10.37],[62.54,-10.35]]]}},{"type":"Feature","properties":{"precip":40},"geometry":{"type":"Polygon","coordinates":[[[63.37,-10.77],[63.37,-10.74],[63.41,-10.7],[63.48,-10.7],[63.55,-10.7],[63.62,-10.7],[63.66,-10.74],[63.66,-10.77],[63.69,-10.77],[63.73,-10.8],[63.87,-10.8],[63.95,-10.84],[63.95,-10.89],[63.91,-10.89],[63.84,-10.9],[63.69,-10.9],[63.62,-10.94],[63.55,-10.94],[63.55,-10.96],[63.51,-10.99],[63.48,-10.97],[63.41,-10.9],[63.37,-10.85],[63.37,-10.77]]]}},{"type":"Feature","properties":{"precip":40},"geometry":{"type":"Polygon","coordinates":[[[17.66,-10.85],[17.69,-10.8],[17.73,-10.8],[17.87,-10.8],[17.94,-10.84],[17.94,-10.89],[17.98,-10.89],[18.02,-10.9],[18.09,-10.9],[18.16,-10.94],[18.16,-10.97],[18.23,-10.99],[18.23,-11.01],[18.38,-11.01],[18.45,-11.04],[18.45,-11.19],[18.41,-11.26],[18.41,-11.29],[18.34,-11.36],[18.27,-11.37],[18.2,-11.41],[18.05,-11.41],[17.94,-11.44],[17.94,-11.49],[17.84,-11.51],[17.73,-11.56],[17.73,-11.59],[17.69,-11.61],[17.66,-11.64],[17.66,-11.67],[17.58,-11.67],[17.51,-11.62],[17.48,-11.59],[17.3,-11.39],[17.19,-11.31],[17.08,-11.29],[17.04,-11.26],[17.04,-11.22],[17.08,-11.17],[17.08,-11.12],[17.12,-11.07],[17.19,-11.02],[17.19,-10.99],[17.22,-10.97],[17.3,-10.94],[17.33,-10.9],[17.4,-10.9],[17.44,-10.9],[17.55,-10.9],[17.66,-10.85]],[[17.66,-11.56],[17.66,-11.52],[17.62,-11.51],[17.55,-11.51],[17.55,-11.59],[17.58,-11.61],[17.66,-11.59],[17.66,-11.56]]]}},{"type":"Feature","properties":{"precip":40},"geometry":{"type":"Polygon","coordinates":[[[32.16,-10.85],[32.16,-10.8],[32.23,-10.8],[32.23,-10.9],[32.16,-10.89],[32.16,-10.85]]]}},{"type":"Feature","properties":{"precip":40},"geometry":{"type":"Polygon","coordinates":[[[31.05,-11.46],[31.05,-11.42],[31.08,-11.41],[31.15,-11.41],[31.15,-11.49],[31.12,-11.51],[31.05,-11.47],[31.05,-11.46]]]}},{"type":"Feature","properties":{"precip":40},"geometry":{"type":"Polygon","coordinates":[[[34.25,-11.86],[34.25,-11.83],[34.29,-11.81],[34.39,-11.81],[34.47,-11.84],[34.43,-11.88],[34.36,-11.91],[34.25,-11.88],[34.25,-11.86]]]}},{"type":"Feature","properties":{"precip":40},"geometry":{"type":"Polygon","coordinates":[[[48.65,-12.75],[48.68,-12.71],[48.72,-12.7],[48.79,-12.7],[48.83,-12.71],[48.86,-12.75],[48.79,-12.83],[48.76,-12.83],[48.76,-12.88],[48.79,-12.88],[48.83,-12.9],[48.83,-12.95],[48.86,-12.96],[48.86,-13.03],[48.83,-13.05],[48.83,-13.08],[48.79,-13.1],[48.65,-13.1],[48.54,-13.13],[48.54,-13.18],[48.5,-13.18],[48.47,-13.18],[48.47,-13.15],[48.43,-13.11],[48.36,-13.13],[48.36,-13.16],[48.29,-13.21],[48.22,-13.21],[48.14,-13.23],[48.14,-13.28],[48.11,-13.3],[48.0,-13.3],[47.96,-13.33],[47.96,-13.46],[47.93,-13.5],[47.86,-13.46],[47.82,-13.43],[47.75,-13.33],[47.75,-13.18],[47.82,-13.11],[47.96,-13.06],[47.96,-13.03],[48.0,-13.01],[48.04,-13.03],[48.04,-13.06],[48.11,-13.1],[48.18,-13.1],[48.22,-13.08],[48.22,-13.06],[48.25,-13.05],[48.25,-12.83],[48.32,-12.81],[48.32,-12.8],[48.54,-12.8],[48.61,-12.78],[48.65,-12.78],[48.65,-12.75]]]}},{"type":"Feature","properties":{"precip":40},"geometry":{"type":"Polygon","coordinates":[[[48.83,-13.28],[48.86,-13.23],[48.97,-13.21],[49.08,-13.21],[49.15,-13.23],[49.15,-13.36],[49.08,-13.4],[49.01,-13.4],[48.97,-13.41],[48.97,-13.45],[48.94,-13.45],[48.94,-13.5],[48.86,-13.48],[48.86,-13.45],[48.79,-13.41],[48.79,-13.3],[48.83,-13.28]]]}},{"type":"Feature","properties":{"precip":40},"geometry":{"type":"Polygon","coordinates":[[[47.96,-13.75],[47.96,-13.7],[48.04,-13.7],[48.04,-13.8],[47.96,-13.8],[47.96,-13.75]]]}},{"type":"Feature","properties":{"precip":40},"geometry":{"type":"Polygon","coordinates":[[[47.64,-14.1],[47.64,-14.0],[47.68,-13.97],[47.68,-13.92],[47.71,-13.9],[47.82,-13.9],[47.86,-13.93],[47.86,-13.98],[47.89,-13.98],[48.04,-14.02],[48.04,-14.05],[48.07,-14.05],[48.07,-14.1],[48.14,-14.1],[48.22,-14.12],[48.29,-14.17],[48.32,-14.2],[48.32,-14.3],[48.25,-14.33],[48.25,-14.37],[48.29,-14.37],[48.29,-14.4],[48.32,-14.4],[48.32,-14.45],[48.36,-14.45],[48.36,-14.57],[48.4,-14.57],[48.4,-14.6],[48.47,-14.6],[48.54,-14.64],[48.54,-14.89],[48.47,-14.9],[48.47,-15.09],[48.54,-15.12],[48.54,-15.34],[48.58,-15.37],[48.58,-15.47],[48.61,-15.52],[48.61,-15.54],[48.68,-15.57],[48.72,-15.62],[48.72,-15.67],[48.76,-15.71],[48.76,-15.77],[48.68,-15.81],[48.68,-15.87],[48.65,-15.91],[48.65,-16.23],[48.58,-16.29],[48.4,-16.29],[48.32,-16.31],[48.25,-16.33],[48.25,-16.38],[48.18,-16.39],[48.18,-16.38],[48.14,-16.36],[48.14,-16.24],[48.18,-16.23],[48.25,-16.19],[48.25,-16.13],[48.18,-16.11],[48.11,-16.11],[48.07,-16.09],[48.0,-16.09],[47.93,-16.07],[47.86,-16.06],[47.78,-15.97],[47.78,-15.92],[47.75,-15.86],[47.75,-15.62],[47.68,-15.59],[47.68,-15.54],[47.64,-15.52],[47.64,-15.39],[47.68,-15.37],[47.68,-15.31],[47.75,-15.27],[47.75,-15.12],[47.78,-15.07],[47.78,-15.02],[47.86,-14.94],[47.93,-14.92],[47.96,-14.9],[48.07,-14.9],[48.14,-14.89],[48.14,-14.84],[48.07,-14.8],[48.0,-14.8],[47.78,-14.8],[47.68,-14.77],[47.68,-14.75],[47.64,-14.72],[47.64,-14.62],[47.57,-14.59],[47.57,-14.3],[47.6,-14.3],[47.6,-14.28],[47.64,-14.27],[47.64,-14.1]],[[47.75,-14.35],[47.75,-14.3],[47.68,-14.3],[47.68,-14.32],[47.64,-14.33],[47.64,-14.37],[47.68,-14.4],[47.75,-14.4],[47.75,-14.35]]]}},{"type":"Feature","properties":{"precip":40},"geometry":{"type":"Polygon","coordinates":[[[30.9,-14.28],[30.94,-14.25],[31.01,-14.2],[31.12,-14.2],[31.15,-14.23],[31.15,-14.27],[31.12,-14.3],[31.05,-14.3],[30.94,-14.33],[30.94,-14.39],[30.87,-14.4],[30.87,-14.33],[30.9,-14.3],[30.9,-14.28]]]}},{"type":"Feature","properties":{"precip":40},"geometry":{"type":"Polygon","coordinates":[[[31.05,-14.45],[31.05,-14.42],[31.08,-14.4],[31.15,-14.4],[31.15,-14.49],[31.08,-14.5],[31.05,-14.47],[31.05,-14.45]]]}},{"type":"Feature","properties":{"precip":40},"geometry":{"type":"Polygon","coordinates":[[[39.04,-14.55],[39.07,-14.55],[39.07,-14.52],[39.11,-14.5],[39.15,-14.52],[39.15,-14.59],[39.07,-14.6],[39.07,-14.57],[39.04,-14.55]]]}},{"type":"Feature","properties":{"precip":40},"geometry":{"type":"Polygon","coordinates":[[[33.57,-14.75],[33.57,-14.7],[33.64,-14.7],[33.64,-14.8],[33.57,-14.8],[33.57,-14.75]]]}},{"type":"Feature","properties":{"precip":40},"geometry":{"type":"Polygon","coordinates":[[[30.65,-14.95],[30.65,-14.9],[30.72,-14.9],[30.76,-14.92],[30.76,-14.97],[30.72,-14.99],[30.65,-14.99],[30.65,-14.95]]]}},{"type":"Feature","properties":{"precip":40},"geometry":{"type":"Polygon","coordinates":[[[98.43,-14.95],[98.43,-14.9],[98.54,-14.9],[98.54,-15.0],[98.43,-14.99],[98.43,-14.95]]]}},{"type":"Feature","properties":{"precip":40},"geometry":{"type":"Polygon","coordinates":[[[98.36,-15.2],[98.36,-15.14],[98.39,-15.12],[98.39,-15.1],[98.54,-15.1],[98.54,-15.17],[98.43,-15.22],[98.43,-15.27],[98.39,-15.29],[98.36,-15.29],[98.36,-15.2]]]}},{"type":"Feature","properties":{"precip":40},"geometry":{"type":"Polygon","coordinates":[[[13.05,-15.32],[13.08,-15.31],[13.19,-15.32],[13.23,-15.32],[13.34,-15.44],[13.34,-15.61],[13.23,-15.54],[13.16,-15.47],[13.16,-15.46],[13.12,-15.42],[13.12,-15.41],[13.08,-15.37],[13.05,-15.36],[13.05,-15.32]]]}},{"type":"Feature","properties":{"precip":40},"geometry":{"type":"Polygon","coordinates":[[[12.65,-15.46],[12.65,-15.42],[12.72,-15.41],[12.87,-15.41],[12.94,-15.42],[12.94,-15.47],[12.83,-15.52],[12.76,-15.52],[12.65,-15.47],[12.65,-15.46]]]}},{"type":"Feature","properties":{"precip":40},"geometry":{"type":"Polygon","coordinates":[[[27.55,-15.81],[27.55,-15.72],[27.59,-15.71],[27.63,-15.71],[27.63,-15.74],[27.66,-15.76],[27.66,-15.86],[27.63,-15.86],[27.63,-15.89],[27.59,-15.91],[27.59,-15.87],[27.55,-15.87],[27.55,-15.81]]]}},{"type":"Feature","properties":{"precip":40},"geometry":{"type":"Polygon","coordinates":[[[13.26,-15.94],[13.26,-15.92],[13.3,-15.91],[13.41,-15.91],[13.44,-15.92],[13.44,-15.97],[13.41,-15.99],[13.3,-15.99],[13.26,-15.97],[13.26,-15.94]]]}},{"type":"Feature","properties":{"precip":40},"geometry":{"type":"Polygon","coordinates":[[[14.74,-16.04],[14.74,-16.02],[14.78,-16.01],[14.85,-16.04],[14.92,-16.13],[14.99,-16.19],[15.03,-16.23],[15.03,-16.28],[15.06,-16.33],[15.03,-16.34],[15.03,-16.38],[14.99,-16.39],[14.88,-16.39],[14.85,-16.38],[14.85,-16.33],[14.78,-16.31],[14.7,-16.29],[14.52,-16.29],[14.45,-16.28],[14.45,-16.13],[14.49,-16.11],[14.56,-16.11],[14.6,-16.09],[14.67,-16.09],[14.74,-16.07],[14.74,-16.04]]]}},{"type":"Feature","properties":{"precip":40},"geometry":{"type":"Polygon","coordinates":[[[13.66,-16.14],[13.66,-16.11],[13.73,-16.11],[13.73,-16.19],[13.66,-16.19],[13.66,-16.14]]]}},{"type":"Feature","properties":{"precip":40},"geometry":{"type":"Polygon","coordinates":[[[50.27,-16.34],[50.27,-16.31],[50.34,-16.31],[50.34,-16.39],[50.27,-16.39],[50.27,-16.34]]]}},{"type":"Feature","properties":{"precip":40},"geometry":{"type":"Polygon","coordinates":[[[47.75,-16.64],[47.78,-16.61],[47.86,-16.59],[47.96,-16.59],[48.04,-16.63],[48.04,-16.79],[48.07,-16.83],[48.07,-16.89],[48.11,-16.89],[48.18,-16.89],[48.25,-16.94],[48.25,-17.08],[48.32,-17.1],[48.36,-17.13],[48.36,-17.23],[48.29,-17.3],[48.29,-17.35],[48.22,-17.38],[48.14,-17.36],[48.14,-17.35],[48.11,-17.3],[48.07,-17.3],[48.07,-17.26],[48.04,-17.25],[48.04,-17.23],[47.96,-17.21],[47.89,-17.21],[47.86,-17.2],[47.86,-17.15],[48.0,-17.0],[48.04,-17.0],[48.04,-16.91],[48.0,-16.89],[47.89,-16.89],[47.89,-16.88],[47.86,-16.88],[47.86,-16.74],[47.82,-16.73],[47.82,-16.69],[47.75,-16.68],[47.75,-16.64]]]}},{"type":"Feature","properties":{"precip":40},"geometry":{"type":"Polygon","coordinates":[[[14.56,-16.89],[14.56,-16.83],[14.63,-16.79],[14.67,-16.79],[14.74,-16.83],[14.74,-16.98],[14.67,-17.0],[14.63,-17.0],[14.56,-16.98],[14.56,-16.89]]]}},{"type":"Feature","properties":{"precip":40},"geometry":{"type":"Polygon","coordinates":[[[15.75,-17.05],[15.75,-17.01],[15.82,-17.0],[15.86,-17.03],[15.86,-17.08],[15.82,-17.1],[15.75,-17.1],[15.75,-17.05]]]}},{"type":"Feature","properties":{"precip":40},"geometry":{"type":"Polygon","coordinates":[[[47.35,-17.16],[47.35,-17.11],[47.42,-17.1],[47.46,-17.13],[47.46,-17.2],[47.42,-17.2],[47.35,-17.2],[47.35,-17.16]]]}},{"type":"Feature","properties":{"precip":40},"geometry":{"type":"Polygon","coordinates":[[[15.24,-17.33],[15.24,-17.28],[15.28,-17.25],[15.28,-17.21],[15.32,-17.21],[15.42,-17.23],[15.53,-17.33],[15.6,-17.41],[15.64,-17.45],[15.64,-17.5],[15.6,-17.5],[15.53,-17.5],[15.46,-17.53],[15.46,-17.55],[15.42,-17.56],[15.42,-17.6],[15.39,-17.6],[15.32,-17.55],[15.32,-17.5],[15.24,-17.4],[15.24,-17.33]],[[15.46,-17.45],[15.46,-17.43],[15.42,-17.43],[15.42,-17.4],[15.35,-17.41],[15.35,-17.5],[15.42,-17.5],[15.42,-17.48],[15.46,-17.45]]]}},{"type":"Feature","properties":{"precip":40},"geometry":{"type":"Polygon","coordinates":[[[15.96,-17.35],[15.96,-17.3],[16.04,-17.3],[16.04,-17.36],[15.96,-17.43],[15.89,-17.53],[15.78,-17.6],[15.75,-17.56],[15.75,-17.45],[15.82,-17.4],[15.93,-17.4],[15.93,-17.36],[15.96,-17.35]]]}},{"type":"Feature","properties":{"precip":40},"geometry":{"type":"Polygon","coordinates":[[[14.06,-17.45],[14.06,-17.43],[14.13,-17.4],[14.27,-17.4],[14.34,-17.43],[14.34,-17.46],[14.24,-17.5],[14.16,-17.5],[14.06,-17.46],[14.06,-17.45]]]}},{"type":"Feature","properties":{"precip":40},"geometry":{"type":"Polygon","coordinates":[[[47.86,-17.45],[47.86,-17.41],[47.93,-17.4],[47.93,-17.43],[47.96,-17.43],[47.96,-17.48],[48.07,-17.5],[48.18,-17.5],[48.25,-17.53],[48.25,-17.66],[48.29,-17.68],[48.29,-17.7],[48.32,-17.7],[48.32,-17.68],[48.36,-17.68],[48.36,-17.6],[48.43,-17.6],[48.43,-17.65],[48.47,-17.68],[48.47,-17.71],[48.43,-17.75],[48.43,-17.78],[48.4,-17.78],[48.36,-17.82],[48.29,-17.82],[48.29,-17.85],[48.25,-17.87],[48.25,-18.15],[48.22,-18.18],[48.22,-18.2],[48.14,-18.23],[48.14,-18.27],[48.22,-18.28],[48.22,-18.32],[48.25,-18.32],[48.25,-18.42],[48.29,-18.47],[48.29,-18.5],[48.4,-18.58],[48.43,-18.6],[48.5,-18.6],[48.54,-18.62],[48.54,-18.79],[48.5,-18.79],[48.47,-18.82],[48.47,-19.2],[48.54,-19.22],[48.54,-19.37],[48.47,-19.4],[48.47,-19.49],[48.54,-19.52],[48.61,-19.52],[48.65,-19.52],[48.65,-19.57],[48.54,-19.61],[48.4,-19.61],[48.36,-19.62],[48.36,-19.77],[48.43,-19.82],[48.43,-19.94],[48.47,-19.99],[48.47,-20.04],[48.43,-20.11],[48.43,-20.24],[48.4,-20.31],[48.36,-20.34],[48.29,-20.39],[48.22,-20.39],[48.18,-20.41],[48.18,-20.46],[48.14,-20.46],[48.14,-20.58],[48.11,-20.59],[48.11,-20.63],[48.07,-20.63],[48.07,-20.64],[48.04,-20.64],[48.11,-20.68],[48.11,-20.73],[48.14,-20.74],[48.14,-20.98],[48.07,-20.99],[47.93,-20.99],[47.86,-21.03],[47.86,-21.06],[47.78,-21.09],[47.71,-21.09],[47.68,-21.09],[47.68,-21.06],[47.64,-21.06],[47.64,-21.03],[47.53,-20.99],[47.39,-20.99],[47.32,-21.01],[47.24,-21.04],[47.24,-21.08],[47.21,-21.09],[47.1,-21.09],[47.06,-21.14],[47.06,-21.3],[47.03,-21.33],[47.03,-21.4],[46.96,-21.41],[46.96,-21.56],[46.92,-21.56],[46.92,-21.6],[46.88,-21.61],[46.88,-21.63],[46.85,-21.65],[46.85,-21.8],[46.81,-21.8],[46.74,-21.76],[46.7,-21.71],[46.63,-21.61],[46.56,-21.51],[46.56,-21.45],[46.49,-21.4],[46.38,-21.4],[46.34,-21.43],[46.34,-21.48],[46.24,-21.5],[46.16,-21.48],[46.16,-21.3],[46.13,-21.26],[46.13,-21.19],[46.06,-21.21],[46.06,-21.26],[46.02,-21.26],[45.98,-21.3],[45.91,-21.3],[45.88,-21.3],[45.8,-21.3],[45.73,-21.3],[45.66,-21.26],[45.66,-21.11],[45.73,-21.09],[45.73,-21.04],[45.77,-21.01],[45.77,-20.93],[45.8,-20.89],[45.88,-20.89],[45.95,-20.93],[45.95,-20.96],[46.06,-20.99],[46.16,-20.99],[46.24,-20.98],[46.24,-20.94],[46.31,-20.89],[46.42,-20.88],[46.45,-20.84],[46.49,-20.83],[46.49,-20.79],[46.56,-20.74],[46.63,-20.71],[46.7,-20.69],[46.85,-20.69],[46.92,-20.68],[46.96,-20.64],[46.96,-20.53],[46.99,-20.51],[47.03,-20.51],[47.03,-20.46],[47.06,-20.44],[47.06,-20.32],[47.14,-20.29],[47.17,-20.29],[47.24,-20.27],[47.24,-20.22],[47.17,-20.19],[47.17,-20.11],[47.24,-20.12],[47.24,-20.17],[47.32,-20.19],[47.39,-20.19],[47.46,-20.17],[47.46,-20.12],[47.5,-20.11],[47.57,-20.14],[47.57,-20.19],[47.6,-20.19],[47.64,-20.19],[47.64,-20.14],[47.75,-20.09],[47.82,-20.09],[47.82,-20.06],[47.86,-20.04],[47.86,-19.81],[47.82,-19.76],[47.82,-19.71],[47.78,-19.69],[47.78,-19.66],[47.75,-19.64],[47.75,-19.47],[47.71,-19.44],[47.71,-19.42],[47.68,-19.39],[47.68,-19.37],[47.57,-19.29],[47.57,-19.22],[47.6,-19.2],[47.68,-19.2],[47.75,-19.17],[47.75,-19.07],[47.78,-19.05],[47.78,-19.0],[47.82,-18.99],[47.82,-18.97],[47.86,-18.95],[47.93,-18.87],[47.93,-18.82],[47.96,-18.75],[47.96,-18.65],[47.93,-18.62],[47.89,-18.6],[47.89,-18.57],[47.86,-18.53],[47.86,-18.28],[47.82,-18.27],[47.82,-18.2],[47.78,-18.2],[47.78,-18.18],[47.75,-18.15],[47.75,-18.02],[47.68,-17.98],[47.68,-17.95],[47.64,-17.9],[47.64,-17.87],[47.68,-17.8],[47.68,-17.7],[47.75,-17.66],[47.75,-17.63],[47.68,-17.6],[47.68,-17.58],[47.64,-17.56],[47.64,-17.55],[47.71,-17.5],[47.78,-17.5],[47.86,-17.45]],[[48.36,-20.24],[48.36,-20.22],[48.32,-20.22],[48.32,-20.19],[48.29,-20.19],[48.25,-20.22],[48.25,-20.29],[48.32,-20.29],[48.36,-20.29],[48.36,-20.24]],[[47.75,-20.46],[47.75,-20.41],[47.68,-20.39],[47.68,-20.43],[47.64,-20.44],[47.64,-20.49],[47.68,-20.49],[47.68,-20.51],[47.75,-20.49],[47.75,-20.46]]]}},{"type":"Feature","properties":{"precip":40},"geometry":{"type":"Polygon","coordinates":[[[14.74,-17.58],[14.74,-17.55],[14.81,-17.5],[15.06,-17.5],[15.14,-17.53],[15.14,-17.58],[15.1,-17.58],[15.03,-17.6],[14.92,-17.6],[14.85,-17.63],[14.85,-17.65],[14.88,-17.68],[14.96,-17.68],[15.1,-17.7],[15.39,-17.7],[15.42,-17.71],[15.42,-17.8],[15.39,-17.85],[15.32,-17.88],[15.28,-17.9],[15.17,-17.9],[15.17,-17.87],[15.14,-17.87],[15.14,-17.82],[15.1,-17.82],[15.03,-17.82],[14.92,-17.78],[14.81,-17.7],[14.74,-17.61],[14.74,-17.58]]]}},{"type":"Feature","properties":{"precip":40},"geometry":{"type":"Polygon","coordinates":[[[15.57,-17.7],[15.57,-17.6],[15.64,-17.61],[15.64,-17.78],[15.57,-17.8],[15.57,-17.7]]]}},{"type":"Feature","properties":{"precip":40},"geometry":{"type":"Polygon","coordinates":[[[14.96,-17.95],[14.96,-17.9],[15.03,-17.9],[15.06,-17.93],[15.06,-17.97],[15.03,-18.0],[14.96,-18.0],[14.96,-17.95]]]}},{"type":"Feature","properties":{"precip":40},"geometry":{"type":"Polygon","coordinates":[[[15.86,-17.95],[15.86,-17.93],[15.93,-17.9],[16.0,-17.9],[16.04,-17.9],[16.11,-17.9],[16.14,-17.93],[16.14,-18.08],[16.07,-18.1],[16.07,-18.15],[16.04,-18.18],[16.04,-18.3],[15.96,-18.28],[15.96,-18.1],[15.93,-18.07],[15.93,-18.0],[15.86,-18.0],[15.86,-17.95]]]}},{"type":"Feature","properties":{"precip":40},"geometry":{"type":"Polygon","coordinates":[[[15.14,-18.18],[15.17,-18.15],[15.17,-18.12],[15.24,-18.1],[15.32,-18.15],[15.39,-18.18],[15.42,-18.22],[15.5,-18.27],[15.53,-18.32],[15.53,-18.38],[15.5,-18.4],[15.35,-18.4],[15.32,-18.38],[15.24,-18.33],[15.17,-18.27],[15.17,-18.22],[15.14,-18.18]]]}},{"type":"Feature","properties":{"precip":40},"geometry":{"type":"Polygon","coordinates":[[[16.36,-18.23],[16.36,-18.2],[16.47,-18.2],[16.54,-18.22],[16.54,-18.4],[16.5,-18.4],[16.47,-18.37],[16.36,-18.27],[16.36,-18.23]]]}},{"type":"Feature","properties":{"precip":40},"geometry":{"type":"Polygon","coordinates":[[[17.84,-18.25],[17.87,-18.23],[17.87,-18.2],[17.91,-18.2],[17.94,-18.2],[17.94,-18.3],[17.87,-18.3],[17.87,-18.27],[17.84,-18.25]]]}},{"type":"Feature","properties":{"precip":40},"geometry":{"type":"Polygon","coordinates":[[[15.75,-18.4],[15.75,-18.33],[15.78,-18.32],[15.78,-18.3],[15.82,-18.3],[15.82,-18.33],[15.86,-18.35],[15.86,-18.47],[15.82,-18.47],[15.82,-18.5],[15.75,-18.47],[15.75,-18.4]]]}},{"type":"Feature","properties":{"precip":40},"geometry":{"type":"Polygon","coordinates":[[[21.76,-18.4],[21.76,-18.32],[21.83,-18.3],[21.9,-18.3],[21.94,-18.32],[21.94,-18.37],[21.83,-18.47],[21.83,-18.5],[21.8,-18.5],[21.76,-18.5],[21.76,-18.4]]]}},{"type":"Feature","properties":{"precip":40},"geometry":{"type":"Polygon","coordinates":[[[22.16,-18.4],[22.16,-18.32],[22.19,-18.3],[22.23,-18.3],[22.23,-18.35],[22.26,-18.37],[22.26,-18.43],[22.23,-18.47],[22.23,-18.5],[22.16,-18.5],[22.16,-18.4]]]}},{"type":"Feature","properties":{"precip":40},"geometry":{"type":"Polygon","coordinates":[[[46.85,-18.35],[46.88,-18.32],[46.96,-18.32],[46.96,-18.3],[47.03,-18.3],[47.14,-18.32],[47.14,-18.4],[47.1,-18.4],[47.06,-18.42],[47.06,-18.53],[47.03,-18.57],[47.03,-18.6],[46.99,-18.6],[46.96,-18.62],[46.96,-18.87],[47.03,-18.9],[47.03,-18.92],[47.06,-18.92],[47.06,-18.97],[46.92,-19.0],[46.78,-19.0],[46.67,-18.97],[46.67,-18.95],[46.6,-18.92],[46.52,-18.9],[46.34,-18.9],[46.27,-18.87],[46.27,-18.84],[46.24,-18.82],[46.24,-18.7],[46.27,-18.67],[46.27,-18.62],[46.34,-18.6],[46.45,-18.6],[46.56,-18.57],[46.56,-18.53],[46.6,-18.52],[46.67,-18.52],[46.7,-18.5],[46.81,-18.5],[46.88,-18.5],[46.96,-18.47],[46.96,-18.42],[46.92,-18.4],[46.85,-18.37],[46.85,-18.35]]]}},{"type":"Feature","properties":{"precip":40},"geometry":{"type":"Polygon","coordinates":[[[15.46,-18.55],[15.46,-18.52],[15.5,-18.5],[15.53,-18.52],[15.53,-18.53],[15.57,-18.55],[15.53,-18.57],[15.53,-18.6],[15.46,-18.58],[15.46,-18.55]]]}},{"type":"Feature","properties":{"precip":40},"geometry":{"type":"Polygon","coordinates":[[[16.47,-18.55],[16.47,-18.52],[16.54,-18.52],[16.54,-18.58],[16.47,-18.6],[16.47,-18.55]]]}},{"type":"Feature","properties":{"precip":40},"geometry":{"type":"Polygon","coordinates":[[[21.94,-18.55],[21.98,-18.52],[21.98,-18.5],[22.05,-18.52],[22.05,-18.58],[21.98,-18.6],[21.98,-18.57],[21.94,-18.57],[21.94,-18.55]]]}},{"type":"Feature","properties":{"precip":40},"geometry":{"type":"Polygon","coordinates":[[[26.55,-18.55],[26.55,-18.52],[26.58,-18.5],[26.62,-18.5],[26.65,-18.52],[26.65,-18.57],[26.58,-18.6],[26.55,-18.57],[26.55,-18.55]]]}},{"type":"Feature","properties":{"precip":40},"geometry":{"type":"Polygon","coordinates":[[[17.37,-18.75],[17.37,-18.72],[17.44,-18.75],[17.55,-18.87],[17.62,-18.92],[17.73,-19.02],[17.8,-19.17],[17.84,-19.22],[17.84,-19.35],[17.8,-19.42],[17.69,-19.52],[17.66,-19.54],[17.55,-19.59],[17.44,-19.61],[17.26,-19.61],[17.15,-19.64],[17.15,-19.67],[17.08,-19.67],[16.97,-19.57],[16.97,-19.52],[16.94,-19.49],[16.94,-19.42],[16.9,-19.4],[16.9,-19.37],[16.79,-19.32],[16.76,-19.27],[16.76,-19.24],[16.79,-19.22],[16.86,-19.2],[16.97,-19.2],[17.04,-19.2],[17.15,-19.15],[17.22,-19.09],[17.22,-19.07],[17.26,-19.05],[17.26,-19.02],[17.22,-19.0],[17.12,-19.0],[17.08,-18.99],[17.08,-18.97],[17.04,-18.94],[17.04,-18.87],[17.12,-18.82],[17.26,-18.82],[17.33,-18.77],[17.37,-18.75]]]}},{"type":"Feature","properties":{"precip":40},"geometry":{"type":"Polygon","coordinates":[[[49.44,-18.82],[49.44,-18.77],[49.48,-18.75],[49.48,-18.7],[49.55,-18.72],[49.55,-18.89],[49.48,-18.9],[49.48,-18.87],[49.44,-18.84],[49.44,-18.82]]]}},{"type":"Feature","properties":{"precip":40},"geometry":{"type":"Polygon","coordinates":[[[50.23,-18.97],[50.3,-18.92],[50.38,-18.9],[50.41,-18.92],[50.45,-18.95],[50.45,-19.15],[50.41,-19.17],[50.34,-19.2],[50.23,-19.2],[50.16,-19.17],[50.16,-19.07],[50.23,-18.97]]]}},{"type":"Feature","properties":{"precip":40},"geometry":{"type":"Polygon","coordinates":[[[49.44,-19.3],[49.44,-19.27],[49.48,-19.24],[49.48,-19.2],[49.55,-19.22],[49.55,-19.37],[49.48,-19.4],[49.48,-19.35],[49.44,-19.34],[49.44,-19.3]]]}},{"type":"Feature","properties":{"precip":40},"geometry":{"type":"Polygon","coordinates":[[[28.96,-19.45],[28.96,-19.4],[29.03,-19.4],[29.03,-19.42],[29.07,-19.44],[29.03,-19.47],[29.03,-19.49],[28.99,-19.52],[28.96,-19.49],[28.96,-19.45]]]}},{"type":"Feature","properties":{"precip":40},"geometry":{"type":"Polygon","coordinates":[[[19.17,-19.56],[19.17,-19.52],[19.24,-19.52],[19.24,-19.59],[19.2,-19.61],[19.17,-19.59],[19.17,-19.56]]]}},{"type":"Feature","properties":{"precip":40},"geometry":{"type":"Polygon","coordinates":[[[25.47,-19.56],[25.47,-19.52],[25.54,-19.52],[25.54,-19.59],[25.47,-19.59],[25.47,-19.56]]]}},{"type":"Feature","properties":{"precip":40},"geometry":{"type":"Polygon","coordinates":[[[25.86,-19.89],[25.86,-19.82],[25.9,-19.81],[26.01,-19.81],[26.04,-19.82],[26.04,-19.87],[26.08,-19.89],[26.15,-19.89],[26.22,-19.91],[26.26,-19.94],[26.26,-19.99],[26.19,-19.99],[26.19,-20.02],[26.15,-20.04],[26.15,-20.26],[26.11,-20.27],[26.11,-20.29],[26.08,-20.29],[26.08,-20.27],[26.04,-20.26],[26.04,-20.14],[26.01,-20.14],[26.01,-20.09],[25.9,-20.02],[25.9,-19.99],[25.86,-19.97],[25.86,-19.89]]]}},{"type":"Feature","properties":{"precip":40},"geometry":{"type":"Polygon","coordinates":[[[28.74,-19.86],[28.74,-19.82],[28.81,-19.81],[28.85,-19.82],[28.85,-19.89],[28.78,-19.89],[28.74,-19.89],[28.74,-19.86]]]}},{"type":"Feature","properties":{"precip":40},"geometry":{"type":"Polygon","coordinates":[[[49.26,-19.89],[49.26,-19.82],[49.33,-19.81],[49.33,-19.86],[49.37,-19.89],[49.37,-19.92],[49.33,-19.94],[49.33,-19.99],[49.26,-19.99],[49.26,-19.89]]]}},{"type":"Feature","properties":{"precip":40},"geometry":{"type":"Polygon","coordinates":[[[17.26,-20.04],[17.26,-20.02],[17.33,-19.99],[17.37,-19.99],[17.44,-20.02],[17.44,-20.09],[17.4,-20.09],[17.3,-20.09],[17.26,-20.09],[17.26,-20.04]]]}},{"type":"Feature","properties":{"precip":40},"geometry":{"type":"Polygon","coordinates":[[[28.96,-20.04],[28.96,-20.01],[28.99,-19.99],[29.03,-20.01],[29.03,-20.04],[29.07,-20.04],[29.03,-20.07],[29.03,-20.09],[28.96,-20.09],[28.96,-20.04]]]}},{"type":"Feature","properties":{"precip":40},"geometry":{"type":"Polygon","coordinates":[[[49.04,-20.19],[49.04,-20.14],[49.08,-20.14],[49.08,-20.11],[49.12,-20.09],[49.12,-20.12],[49.15,-20.14],[49.15,-20.27],[49.08,-20.29],[49.08,-20.27],[49.04,-20.26],[49.04,-20.19]]]}},{"type":"Feature","properties":{"precip":40},"geometry":{"type":"Polygon","coordinates":[[[28.74,-20.34],[28.74,-20.32],[28.78,-20.29],[28.85,-20.31],[28.85,-20.39],[28.78,-20.39],[28.74,-20.37],[28.74,-20.34]]]}},{"type":"Feature","properties":{"precip":40},"geometry":{"type":"Polygon","coordinates":[[[26.65,-20.54],[26.65,-20.51],[26.73,-20.51],[26.73,-20.53],[26.76,-20.54],[26.76,-20.59],[26.8,-20.59],[26.87,-20.59],[26.91,-20.61],[26.94,-20.64],[26.94,-21.09],[26.87,-21.23],[26.87,-21.26],[26.8,-21.28],[26.76,-21.26],[26.69,-21.19],[26.69,-21.14],[26.65,-21.09],[26.65,-20.94],[26.69,-20.89],[26.73,-20.89],[26.73,-20.86],[26.76,-20.84],[26.73,-20.84],[26.73,-20.83],[26.65,-20.78],[26.65,-20.73],[26.73,-20.69],[26.73,-20.66],[26.76,-20.64],[26.73,-20.64],[26.73,-20.61],[26.65,-20.59],[26.65,-20.54]]]}},{"type":"Feature","properties":{"precip":40},"geometry":{"type":"Polygon","coordinates":[[[48.25,-20.74],[48.25,-20.71],[48.32,-20.69],[48.36,-20.73],[48.36,-20.78],[48.29,-20.79],[48.25,-20.79],[48.25,-20.74]]]}},{"type":"Feature","properties":{"precip":40},"geometry":{"type":"Polygon","coordinates":[[[49.76,-21.16],[49.76,-21.11],[49.8,-21.09],[49.91,-21.09],[49.94,-21.14],[49.94,-21.18],[49.87,-21.19],[49.76,-21.19],[49.76,-21.16]]]}},{"type":"Feature","properties":{"precip":40},"geometry":{"type":"Polygon","coordinates":[[[16.94,-21.24],[16.97,-21.23],[16.97,-21.19],[17.01,-21.19],[17.04,-21.24],[17.04,-21.56],[17.01,-21.6],[16.94,-21.61],[16.86,-21.61],[16.79,-21.58],[16.76,-21.56],[16.76,-21.33],[16.79,-21.3],[16.86,-21.3],[16.94,-21.3],[16.94,-21.24]]]}},{"type":"Feature","properties":{"precip":40},"geometry":{"type":"Polygon","coordinates":[[[48.54,-21.24],[48.54,-21.23],[48.58,-21.23],[48.58,-21.19],[48.65,-21.21],[48.65,-21.3],[48.58,-21.3],[48.58,-21.28],[48.54,-21.24]]]}},{"type":"Feature","properties":{"precip":40},"geometry":{"type":"Polygon","coordinates":[[[48.54,-21.56],[48.54,-21.53],[48.58,-21.5],[48.61,-21.5],[48.65,-21.53],[48.72,-21.61],[48.72,-21.63],[48.79,-21.66],[48.86,-21.7],[48.97,-21.7],[49.08,-21.71],[49.12,-21.7],[49.22,-21.7],[49.37,-21.66],[49.37,-21.61],[49.4,-21.61],[49.51,-21.61],[49.51,-21.63],[49.55,-21.65],[49.55,-21.76],[49.58,-21.76],[49.58,-21.8],[49.62,-21.81],[49.62,-21.88],[49.58,-21.91],[49.48,-22.0],[49.4,-22.0],[49.4,-22.01],[49.33,-22.03],[49.33,-22.1],[49.26,-22.06],[49.26,-22.03],[49.15,-22.0],[49.08,-22.01],[49.04,-22.03],[49.04,-22.08],[49.01,-22.1],[48.9,-22.1],[48.86,-22.06],[48.86,-21.96],[48.83,-21.95],[48.83,-21.9],[48.79,-21.91],[48.72,-21.96],[48.72,-22.0],[48.68,-22.05],[48.61,-22.1],[48.58,-22.1],[48.58,-22.05],[48.54,-22.01],[48.54,-21.9],[48.58,-21.86],[48.58,-21.81],[48.65,-21.8],[48.65,-21.61],[48.58,-21.61],[48.58,-21.58],[48.54,-21.56]]]}},{"type":"Feature","properties":{"precip":40},"geometry":{"type":"Polygon","coordinates":[[[49.76,-21.76],[49.76,-21.66],[49.8,-21.61],[49.84,-21.61],[49.91,-21.61],[49.94,-21.63],[49.98,-21.68],[50.02,-21.7],[50.02,-21.73],[50.05,-21.76],[50.02,-21.76],[50.02,-21.81],[49.98,-21.81],[49.94,-21.86],[49.87,-21.91],[49.8,-21.88],[49.76,-21.85],[49.76,-21.76]]]}},{"type":"Feature","properties":{"precip":40},"geometry":{"type":"Polygon","coordinates":[[[50.16,-21.76],[50.16,-21.71],[50.23,-21.71],[50.23,-21.73],[50.27,-21.75],[50.23,-21.76],[50.23,-21.8],[50.16,-21.8],[50.16,-21.76]]]}},{"type":"Feature","properties":{"precip":40},"geometry":{"type":"Polygon","coordinates":[[[24.96,-21.85],[24.96,-21.81],[25.07,-21.85],[25.07,-21.88],[25.11,-21.9],[25.11,-21.91],[25.14,-21.95],[25.14,-21.98],[25.11,-21.98],[24.96,-21.88],[24.96,-21.85]]]}},{"type":"Feature","properties":{"precip":40},"geometry":{"type":"Polygon","coordinates":[[[45.55,-21.85],[45.55,-21.81],[45.59,-21.8],[45.66,-21.81],[45.66,-21.88],[45.62,-21.9],[45.55,-21.88],[45.55,-21.85]]]}},{"type":"Feature","properties":{"precip":40},"geometry":{"type":"Polygon","coordinates":[[[46.56,-21.85],[46.56,-21.81],[46.63,-21.81],[46.63,-21.85],[46.67,-21.85],[46.63,-21.86],[46.63,-21.9],[46.56,-21.9],[46.56,-21.85]]]}},{"type":"Feature","properties":{"precip":40},"geometry":{"type":"Polygon","coordinates":[[[24.57,-22.05],[24.57,-22.01],[24.64,-22.01],[24.64,-22.1],[24.57,-22.1],[24.57,-22.05]]]}},{"type":"Feature","properties":{"precip":40},"geometry":{"type":"Polygon","coordinates":[[[49.76,-22.2],[49.76,-22.13],[49.8,-22.12],[49.84,-22.13],[49.84,-22.57],[49.76,-22.62],[49.76,-22.73],[49.73,-22.78],[49.73,-22.82],[49.62,-22.72],[49.58,-22.7],[49.58,-22.67],[49.55,-22.63],[49.62,-22.6],[49.62,-22.57],[49.66,-22.53],[49.66,-22.35],[49.69,-22.32],[49.69,-22.3],[49.73,-22.3],[49.73,-22.27],[49.76,-22.23],[49.76,-22.2]]]}},{"type":"Feature","properties":{"precip":40},"geometry":{"type":"Polygon","coordinates":[[[88.24,-22.25],[88.28,-22.22],[88.35,-22.2],[88.49,-22.22],[88.57,-22.27],[88.6,-22.28],[88.6,-22.32],[88.6,-22.33],[88.6,-22.47],[88.67,-22.52],[88.67,-22.57],[88.71,-22.6],[88.75,-22.6],[88.75,-22.57],[88.78,-22.53],[88.78,-22.52],[88.85,-22.52],[88.85,-22.57],[88.85,-22.6],[88.96,-22.72],[88.96,-22.82],[88.93,-22.83],[88.93,-22.88],[88.85,-22.92],[88.85,-22.93],[88.82,-22.97],[88.82,-22.99],[88.78,-23.0],[88.78,-23.05],[88.75,-23.07],[88.75,-23.19],[88.67,-23.2],[88.67,-23.27],[88.6,-23.29],[88.6,-23.39],[88.57,-23.44],[88.57,-23.6],[88.53,-23.64],[88.53,-23.69],[88.46,-23.72],[88.46,-23.86],[88.42,-23.87],[88.42,-23.91],[88.35,-23.91],[88.35,-23.94],[88.35,-23.96],[88.35,-23.97],[88.42,-24.01],[88.42,-24.04],[88.46,-24.07],[88.46,-24.24],[88.42,-24.26],[88.42,-24.29],[88.35,-24.31],[88.35,-24.34],[88.35,-24.36],[88.35,-24.37],[88.46,-24.44],[88.46,-24.46],[88.35,-24.49],[88.31,-24.49],[88.28,-24.51],[88.28,-24.54],[88.24,-24.56],[88.24,-24.67],[88.21,-24.69],[88.1,-24.69],[88.1,-24.73],[88.06,-24.74],[88.06,-24.83],[87.99,-24.86],[87.99,-24.89],[87.99,-24.91],[87.99,-24.94],[87.92,-24.96],[87.85,-25.01],[87.85,-25.04],[87.85,-25.06],[87.85,-25.14],[87.74,-25.21],[87.59,-25.38],[87.45,-25.53],[87.34,-25.61],[87.23,-25.61],[87.23,-25.68],[87.23,-25.71],[87.23,-25.76],[87.16,-25.83],[87.16,-25.86],[87.13,-25.88],[86.98,-25.9],[86.95,-25.93],[86.95,-25.96],[86.87,-26.0],[86.73,-26.0],[86.62,-26.03],[86.62,-26.08],[86.62,-26.11],[86.55,-26.11],[86.48,-26.11],[86.48,-26.13],[86.44,-26.13],[86.44,-26.16],[86.3,-26.2],[86.12,-26.2],[86.01,-26.18],[85.87,-26.11],[85.87,-26.13],[85.87,-26.16],[85.79,-26.2],[85.72,-26.2],[85.61,-26.21],[85.61,-26.26],[85.54,-26.25],[85.54,-26.21],[85.47,-26.15],[85.36,-26.11],[85.33,-26.03],[85.25,-26.01],[85.25,-26.03],[85.25,-26.06],[85.22,-26.08],[85.22,-26.11],[85.18,-26.11],[85.18,-26.06],[85.11,-26.01],[85.07,-26.0],[85.0,-26.0],[84.97,-25.96],[84.97,-25.86],[84.93,-25.85],[84.93,-25.81],[84.86,-25.8],[84.86,-25.65],[84.82,-25.63],[84.82,-25.61],[84.75,-25.61],[84.75,-25.58],[84.75,-25.56],[84.75,-25.34],[84.71,-25.31],[84.71,-25.29],[84.64,-25.24],[84.68,-25.24],[84.68,-25.21],[84.71,-25.21],[84.71,-25.16],[84.75,-25.14],[84.75,-24.86],[84.75,-24.84],[84.75,-24.81],[84.82,-24.81],[84.82,-24.78],[84.86,-24.74],[84.86,-24.61],[84.86,-24.54],[85.0,-24.39],[85.11,-24.31],[85.18,-24.29],[85.25,-24.27],[85.25,-24.22],[85.33,-24.19],[85.36,-24.19],[85.43,-24.22],[85.43,-24.31],[85.47,-24.34],[85.47,-24.49],[85.54,-24.49],[85.54,-24.27],[85.58,-24.24],[85.58,-24.22],[85.61,-24.19],[85.69,-24.19],[85.72,-24.19],[85.72,-24.16],[85.76,-24.14],[85.76,-24.04],[85.72,-24.04],[85.72,-24.01],[85.61,-23.97],[85.61,-23.84],[85.61,-23.82],[85.61,-23.8],[85.58,-23.8],[85.58,-23.75],[85.54,-23.74],[85.54,-23.65],[85.58,-23.64],[85.58,-23.6],[85.61,-23.6],[85.61,-23.59],[85.61,-23.57],[85.61,-23.44],[85.69,-23.44],[85.69,-23.4],[85.76,-23.4],[85.76,-23.39],[85.83,-23.37],[85.87,-23.34],[85.87,-23.32],[85.87,-23.29],[85.97,-23.24],[86.05,-23.22],[86.05,-23.29],[86.01,-23.29],[85.94,-23.34],[85.97,-23.35],[85.97,-23.39],[86.08,-23.4],[86.12,-23.4],[86.23,-23.42],[86.23,-23.44],[86.23,-23.47],[86.33,-23.49],[86.33,-23.47],[86.37,-23.42],[86.48,-23.4],[86.59,-23.4],[86.69,-23.39],[86.73,-23.35],[86.73,-23.32],[86.8,-23.3],[86.91,-23.3],[87.05,-23.25],[87.09,-23.2],[87.16,-23.15],[87.23,-23.1],[87.45,-23.1],[87.49,-23.07],[87.56,-23.05],[87.56,-22.97],[87.59,-22.92],[87.59,-22.87],[87.67,-22.82],[87.74,-22.75],[87.81,-22.7],[87.92,-22.57],[87.92,-22.53],[87.95,-22.5],[87.95,-22.33],[87.99,-22.32],[88.06,-22.3],[88.17,-22.3],[88.24,-22.27],[88.24,-22.25]]]}},{"type":"Feature","properties":{"precip":40},"geometry":{"type":"Polygon","coordinates":[[[23.34,-22.65],[23.38,-22.62],[23.42,-22.6],[23.49,-22.6],[23.56,-22.63],[23.56,-22.67],[23.52,-22.67],[23.49,-22.7],[23.42,-22.7],[23.38,-22.67],[23.34,-22.67],[23.34,-22.65]]]}},{"type":"Feature","properties":{"precip":40},"geometry":{"type":"Polygon","coordinates":[[[43.97,-22.75],[43.97,-22.7],[44.04,-22.72],[44.04,-22.78],[43.97,-22.82],[43.97,-22.75]]]}},{"type":"Feature","properties":{"precip":40},"geometry":{"type":"Polygon","coordinates":[[[22.84,-22.85],[22.84,-22.82],[22.88,-22.82],[22.95,-22.82],[22.95,-22.88],[22.88,-22.9],[22.88,-22.87],[22.84,-22.85]]]}},{"type":"Feature","properties":{"precip":40},"geometry":{"type":"Polygon","coordinates":[[[23.56,-22.85],[23.56,-22.82],[23.6,-22.82],[23.7,-22.82],[23.74,-22.82],[23.74,-22.88],[23.7,-22.9],[23.6,-22.9],[23.56,-22.87],[23.56,-22.85]]]}},{"type":"Feature","properties":{"precip":40},"geometry":{"type":"Polygon","coordinates":[[[23.06,-22.95],[23.06,-22.92],[23.13,-22.9],[23.13,-22.92],[23.16,-22.92],[23.16,-22.97],[23.13,-22.97],[23.13,-23.0],[23.06,-22.99],[23.06,-22.95]]]}},{"type":"Feature","properties":{"precip":40},"geometry":{"type":"Polygon","coordinates":[[[28.85,-23.3],[28.85,-23.24],[28.89,-23.2],[28.92,-23.2],[28.92,-23.24],[28.96,-23.24],[28.96,-23.39],[29.03,-23.4],[29.03,-23.44],[29.07,-23.44],[29.03,-23.47],[29.03,-23.49],[28.99,-23.49],[28.92,-23.5],[28.78,-23.49],[28.74,-23.47],[28.74,-23.42],[28.81,-23.4],[28.81,-23.39],[28.85,-23.37],[28.85,-23.3]]]}},{"type":"Feature","properties":{"precip":40},"geometry":{"type":"Polygon","coordinates":[[[48.76,-23.4],[48.76,-23.34],[48.79,-23.3],[48.83,-23.3],[48.83,-23.34],[48.86,-23.37],[48.86,-23.44],[48.83,-23.47],[48.83,-23.49],[48.79,-23.5],[48.79,-23.49],[48.76,-23.47],[48.76,-23.4]]]}},{"type":"Feature","properties":{"precip":40},"geometry":{"type":"Polygon","coordinates":[[[48.36,-23.55],[48.36,-23.52],[48.4,-23.5],[48.5,-23.5],[48.54,-23.52],[48.54,-23.59],[48.47,-23.59],[48.4,-23.59],[48.36,-23.59],[48.36,-23.55]]]}},{"type":"Feature","properties":{"precip":40},"geometry":{"type":"Polygon","coordinates":[[[29.07,-23.84],[29.07,-23.82],[29.14,-23.8],[29.25,-23.82],[29.25,-23.89],[29.21,-23.89],[29.1,-23.89],[29.07,-23.89],[29.07,-23.84]]]}},{"type":"Feature","properties":{"precip":40},"geometry":{"type":"Polygon","coordinates":[[[47.96,-24.14],[47.96,-24.12],[48.04,-24.12],[48.04,-24.19],[47.96,-24.19],[47.96,-24.14]]]}},{"type":"Feature","properties":{"precip":40},"geometry":{"type":"Polygon","coordinates":[[[47.35,-24.46],[47.35,-24.34],[47.39,-24.32],[47.39,-24.29],[47.42,-24.29],[47.42,-24.34],[47.46,-24.36],[47.46,-24.54],[47.42,-24.56],[47.42,-24.59],[47.39,-24.59],[47.39,-24.57],[47.35,-24.56],[47.35,-24.46]]]}},{"type":"Feature","properties":{"precip":40},"geometry":{"type":"Polygon","coordinates":[[[48.86,-24.54],[48.86,-24.51],[48.94,-24.49],[48.94,-24.59],[48.86,-24.59],[48.86,-24.54]]]}},{"type":"Feature","properties":{"precip":40},"geometry":{"type":"Polygon","coordinates":[[[23.6,-25.38],[23.67,-25.31],[23.7,-25.31],[23.74,-25.34],[23.81,-25.43],[23.92,-25.51],[23.92,-25.55],[23.96,-25.56],[23.88,-25.6],[23.81,-25.61],[23.7,-25.58],[23.63,-25.53],[23.6,-25.49],[23.6,-25.38]]]}},{"type":"Feature","properties":{"precip":40},"geometry":{"type":"Polygon","coordinates":[[[30.76,-26.2],[30.76,-26.08],[30.83,-26.0],[30.9,-26.01],[30.94,-26.03],[31.01,-26.11],[31.05,-26.13],[31.05,-26.18],[31.01,-26.2],[30.94,-26.2],[30.87,-26.21],[30.87,-26.26],[30.9,-26.26],[30.97,-26.3],[31.12,-26.3],[31.23,-26.31],[31.26,-26.36],[31.19,-26.42],[31.15,-26.45],[31.15,-26.47],[31.23,-26.5],[31.23,-26.53],[31.26,-26.53],[31.23,-26.58],[31.15,-26.6],[31.05,-26.57],[31.05,-26.53],[31.01,-26.53],[31.01,-26.5],[30.97,-26.52],[30.97,-26.53],[30.94,-26.57],[30.94,-26.58],[30.9,-26.6],[30.87,-26.58],[30.87,-26.48],[30.83,-26.47],[30.83,-26.42],[30.76,-26.36],[30.76,-26.2]]]}},{"type":"Feature","properties":{"precip":40},"geometry":{"type":"Polygon","coordinates":[[[31.15,-26.15],[31.15,-26.11],[31.23,-26.11],[31.23,-26.13],[31.26,-26.13],[31.26,-26.16],[31.23,-26.16],[31.23,-26.2],[31.15,-26.18],[31.15,-26.15]]]}},{"type":"Feature","properties":{"precip":40},"geometry":{"type":"Polygon","coordinates":[[[87.67,-26.77],[87.67,-26.72],[87.74,-26.7],[87.74,-26.8],[87.67,-26.78],[87.67,-26.77]]]}},{"type":"Feature","properties":{"precip":40},"geometry":{"type":"Polygon","coordinates":[[[30.61,-27.08],[30.69,-27.02],[30.72,-27.0],[30.79,-27.0],[30.9,-27.08],[30.9,-27.12],[30.94,-27.13],[30.94,-27.18],[30.87,-27.18],[30.87,-27.13],[30.83,-27.1],[30.79,-27.1],[30.79,-27.13],[30.76,-27.15],[30.76,-27.35],[30.72,-27.39],[30.65,-27.4],[30.58,-27.37],[30.58,-27.34],[30.54,-27.29],[30.54,-27.18],[30.61,-27.08]]]}},{"type":"Feature","properties":{"precip":40},"geometry":{"type":"Polygon","coordinates":[[[30.94,-27.35],[30.94,-27.34],[30.97,-27.3],[31.05,-27.3],[31.05,-27.39],[30.97,-27.4],[30.97,-27.39],[30.94,-27.35]]]}},{"type":"Feature","properties":{"precip":40},"geometry":{"type":"Polygon","coordinates":[[[31.26,-27.74],[31.26,-27.7],[31.37,-27.74],[31.37,-27.79],[31.44,-27.82],[31.44,-27.89],[31.41,-27.89],[31.26,-27.79],[31.26,-27.74]]]}},{"type":"Feature","properties":{"precip":40},"geometry":{"type":"Polygon","coordinates":[[[31.66,-27.79],[31.66,-27.72],[31.73,-27.7],[31.73,-27.75],[31.77,-27.79],[31.77,-27.82],[31.73,-27.84],[31.73,-27.89],[31.66,-27.89],[31.66,-27.79]]]}},{"type":"Feature","properties":{"precip":40},"geometry":{"type":"Polygon","coordinates":[[[31.33,-28.04],[31.37,-28.04],[31.37,-28.0],[31.41,-27.99],[31.44,-28.0],[31.44,-28.1],[31.37,-28.1],[31.37,-28.05],[31.33,-28.04]]]}},{"type":"Feature","properties":{"precip":40},"geometry":{"type":"Polygon","coordinates":[[[30.43,-28.76],[30.47,-28.74],[30.47,-28.71],[30.54,-28.71],[30.54,-28.79],[30.47,-28.81],[30.47,-28.76],[30.43,-28.76]]]}},{"type":"Feature","properties":{"precip":40},"geometry":{"type":"Polygon","coordinates":[[[29.25,-29.46],[29.25,-29.41],[29.32,-29.41],[29.35,-29.41],[29.35,-29.48],[29.32,-29.48],[29.32,-29.51],[29.28,-29.48],[29.25,-29.48],[29.25,-29.46]]]}},{"type":"Feature","properties":{"precip":40},"geometry":{"type":"Polygon","coordinates":[[[36.3,-32.77],[36.41,-32.71],[36.45,-32.71],[36.45,-32.76],[36.48,-32.79],[36.59,-32.81],[36.73,-32.91],[36.73,-32.96],[36.77,-32.96],[36.7,-32.99],[36.63,-32.99],[36.59,-33.01],[36.52,-33.01],[36.41,-32.99],[36.34,-32.99],[36.23,-32.91],[36.27,-32.89],[36.27,-32.82],[36.3,-32.77]]]}},{"type":"Feature","properties":{"precip":40},"geometry":{"type":"Polygon","coordinates":[[[36.84,-33.64],[36.88,-33.63],[36.91,-33.59],[36.95,-33.63],[36.95,-33.68],[36.88,-33.69],[36.84,-33.68],[36.84,-33.64]]]}},{"type":"Feature","properties":{"precip":40},"geometry":{"type":"Polygon","coordinates":[[[37.17,-33.64],[37.17,-33.63],[37.24,-33.63],[37.24,-33.69],[37.17,-33.69],[37.17,-33.64]]]}},{"type":"Feature","properties":{"precip":40},"geometry":{"type":"Polygon","coordinates":[[[38.86,-35.0],[38.86,-34.93],[38.93,-34.9],[38.93,-34.93],[38.97,-34.93],[38.97,-35.0],[39.04,-35.0],[39.11,-35.0],[39.15,-35.03],[39.15,-35.08],[39.25,-35.1],[39.36,-35.08],[39.36,-35.03],[39.43,-35.0],[39.43,-35.03],[39.36,-35.13],[39.29,-35.22],[39.22,-35.25],[39.18,-35.3],[39.15,-35.3],[39.07,-35.3],[39.07,-35.35],[39.04,-35.35],[39.04,-35.4],[39.0,-35.4],[38.97,-35.4],[38.97,-35.35],[38.89,-35.32],[38.89,-35.3],[38.79,-35.3],[38.68,-35.3],[38.64,-35.25],[38.64,-35.15],[38.68,-35.15],[38.68,-35.13],[38.71,-35.1],[38.82,-35.1],[38.82,-35.08],[38.86,-35.05],[38.86,-35.0]]]}},{"type":"Feature","properties":{"precip":40},"geometry":{"type":"Polygon","coordinates":[[[36.34,-36.45],[36.37,-36.44],[36.37,-36.4],[36.45,-36.42],[36.45,-36.5],[36.37,-36.5],[36.37,-36.47],[36.34,-36.45]]]}},{"type":"Feature","properties":{"precip":40},"geometry":{"type":"Polygon","coordinates":[[[36.66,-36.55],[36.66,-36.52],[36.73,-36.5],[36.73,-36.55],[36.77,-36.55],[36.73,-36.57],[36.73,-36.6],[36.66,-36.6],[36.66,-36.55]]]}},{"type":"Feature","properties":{"precip":40},"geometry":{"type":"Polygon","coordinates":[[[42.35,-36.55],[42.35,-36.52],[42.38,-36.5],[42.42,-36.5],[42.46,-36.52],[42.46,-36.57],[42.38,-36.6],[42.35,-36.57],[42.35,-36.55]]]}},{"type":"Feature","properties":{"precip":40},"geometry":{"type":"Polygon","coordinates":[[[41.95,-37.07],[41.95,-37.02],[42.02,-37.02],[42.06,-37.02],[42.06,-37.07],[42.13,-37.09],[42.2,-37.12],[42.35,-37.12],[42.42,-37.12],[42.46,-37.14],[42.46,-37.17],[42.49,-37.17],[42.64,-37.22],[42.64,-37.26],[42.67,-37.26],[42.67,-37.27],[42.74,-37.29],[42.82,-37.29],[42.85,-37.31],[43.0,-37.31],[43.03,-37.32],[43.03,-37.36],[43.07,-37.37],[43.07,-37.46],[43.14,-37.52],[43.14,-37.54],[43.21,-37.61],[43.28,-37.69],[43.28,-37.71],[43.32,-37.74],[43.32,-37.79],[43.28,-37.81],[43.28,-37.83],[43.25,-37.86],[43.25,-37.98],[43.18,-38.01],[43.18,-37.98],[43.14,-37.98],[43.14,-37.93],[43.03,-37.91],[42.92,-37.91],[42.85,-37.86],[42.85,-37.78],[42.78,-37.68],[42.71,-37.61],[42.64,-37.54],[42.6,-37.52],[42.49,-37.59],[42.38,-37.59],[42.38,-37.56],[42.35,-37.54],[42.35,-37.26],[42.31,-37.22],[42.31,-37.21],[42.28,-37.21],[42.28,-37.24],[42.24,-37.26],[42.24,-37.39],[42.17,-37.37],[42.13,-37.34],[42.13,-37.32],[42.06,-37.24],[42.06,-37.14],[42.02,-37.12],[41.95,-37.07]]]}},{"type":"Feature","properties":{"precip":40},"geometry":{"type":"Polygon","coordinates":[[[41.3,-37.17],[41.38,-37.14],[41.45,-37.12],[41.56,-37.12],[41.56,-37.17],[41.48,-37.21],[41.48,-37.22],[41.41,-37.27],[41.34,-37.31],[41.27,-37.29],[41.27,-37.22],[41.3,-37.21],[41.3,-37.17]]]}},{"type":"Feature","properties":{"precip":40},"geometry":{"type":"Polygon","coordinates":[[[41.74,-37.17],[41.74,-37.14],[41.77,-37.12],[41.81,-37.12],[41.88,-37.17],[41.92,-37.21],[41.92,-37.24],[41.95,-37.27],[41.95,-37.39],[41.88,-37.37],[41.77,-37.27],[41.77,-37.21],[41.74,-37.17]]]}},{"type":"Feature","properties":{"precip":40},"geometry":{"type":"Polygon","coordinates":[[[76.36,-40.75],[76.36,-40.7],[76.44,-40.7],[76.44,-40.8],[76.36,-40.8],[76.36,-40.75]]]}},{"type":"Feature","properties":{"precip":40},"geometry":{"type":"Polygon","coordinates":[[[77.77,-40.85],[77.77,-40.82],[77.8,-40.8],[77.91,-40.8],[77.91,-40.82],[77.91,-40.89],[77.84,-40.9],[77.77,-40.89],[77.77,-40.85]]]}},{"type":"Feature","properties":{"precip":40},"geometry":{"type":"Polygon","coordinates":[[[76.65,-41.06],[76.65,-41.02],[76.72,-41.01],[76.76,-41.02],[76.76,-41.09],[76.69,-41.09],[76.65,-41.09],[76.65,-41.06]]]}},{"type":"Feature","properties":{"precip":40},"geometry":{"type":"Polygon","coordinates":[[[78.02,-41.09],[78.02,-41.04],[78.13,-41.01],[78.38,-41.01],[78.42,-41.04],[78.42,-41.16],[78.49,-41.17],[78.49,-41.21],[78.6,-41.21],[78.67,-41.29],[78.67,-41.3],[78.39,-41.3],[78.42,-41.29],[78.42,-41.24],[78.42,-41.21],[78.27,-41.21],[78.27,-41.22],[78.24,-41.26],[78.24,-41.29],[78.16,-41.27],[78.09,-41.21],[78.09,-41.17],[78.02,-41.12],[78.02,-41.09]]]}},{"type":"Feature","properties":{"precip":40},"geometry":{"type":"Polygon","coordinates":[[[76.87,-41.3],[76.87,-41.21],[76.9,-41.22],[76.98,-41.27],[77.01,-41.3],[76.87,-41.3]]]}},{"type":"Feature","properties":{"precip":70},"geometry":{"type":"Polygon","coordinates":[[[98.54,3.25],[98.54,3.27],[98.57,3.27],[98.57,3.3],[98.61,3.3],[98.61,3.22],[98.57,3.2],[98.57,3.22],[98.54,3.25]]]}},{"type":"Feature","properties":{"precip":70},"geometry":{"type":"Polygon","coordinates":[[[98.75,3.25],[98.75,3.28],[98.83,3.3],[98.83,3.27],[98.86,3.27],[98.86,3.23],[98.83,3.22],[98.83,3.2],[98.75,3.22],[98.75,3.25]]]}},{"type":"Feature","properties":{"precip":70},"geometry":{"type":"Polygon","coordinates":[[[-8.26,3.13],[-8.26,3.17],[-8.22,3.18],[-8.22,3.2],[-8.15,3.18],[-8.15,3.05],[-8.12,3.03],[-8.12,3.0],[-8.08,2.97],[-8.04,2.97],[-8.04,2.92],[-8.12,2.92],[-8.19,2.97],[-8.19,3.0],[-8.26,3.08],[-8.26,3.13]]]}},{"type":"Feature","properties":{"precip":70},"geometry":{"type":"Polygon","coordinates":[[[21.54,2.25],[21.54,2.38],[21.58,2.43],[21.58,2.5],[21.65,2.48],[21.65,2.35],[21.69,2.33],[21.69,2.3],[21.8,2.3],[21.83,2.31],[21.83,2.35],[21.87,2.36],[21.87,2.38],[21.9,2.4],[21.98,2.4],[22.05,2.36],[22.05,2.25],[22.12,2.21],[22.52,2.21],[22.59,2.21],[22.66,2.25],[22.66,2.26],[22.59,2.31],[22.55,2.33],[22.55,2.36],[22.59,2.38],[22.59,2.4],[22.62,2.41],[22.66,2.46],[22.73,2.5],[22.8,2.48],[22.84,2.45],[22.84,2.26],[22.88,2.25],[22.88,2.21],[22.91,2.21],[22.98,2.21],[23.13,2.18],[23.13,2.15],[23.16,2.13],[23.16,2.01],[23.24,1.98],[23.24,1.91],[23.16,1.93],[23.16,1.95],[23.13,1.96],[23.13,2.0],[23.06,1.98],[23.06,1.96],[22.98,1.89],[22.98,1.86],[22.95,1.83],[22.98,1.81],[23.09,1.81],[23.13,1.79],[23.2,1.79],[23.24,1.78],[23.24,1.74],[23.31,1.71],[23.38,1.69],[23.49,1.69],[23.52,1.68],[23.52,1.66],[23.56,1.64],[23.56,1.54],[23.52,1.54],[23.52,1.51],[23.49,1.51],[23.42,1.51],[23.38,1.49],[23.38,1.46],[23.34,1.44],[23.34,1.34],[23.31,1.31],[23.24,1.29],[23.16,1.33],[23.16,1.36],[23.13,1.38],[23.06,1.39],[23.06,1.41],[22.98,1.38],[22.95,1.36],[22.95,1.23],[22.98,1.19],[23.02,1.19],[23.02,1.16],[23.06,1.14],[23.06,0.97],[23.02,0.94],[23.02,0.91],[22.98,0.89],[22.98,0.92],[22.95,0.94],[22.95,1.06],[22.91,1.09],[22.84,1.11],[22.77,1.06],[22.73,1.04],[22.73,1.02],[22.7,1.01],[22.7,0.97],[22.66,0.94],[22.62,0.94],[22.62,0.91],[22.59,0.89],[22.55,0.92],[22.55,1.06],[22.62,1.11],[22.7,1.11],[22.73,1.11],[22.73,1.19],[22.66,1.21],[22.66,1.33],[22.59,1.38],[22.59,1.39],[22.48,1.39],[22.41,1.41],[22.34,1.39],[22.23,1.39],[22.16,1.38],[22.16,1.24],[22.12,1.21],[22.05,1.24],[21.98,1.31],[21.98,1.36],[21.94,1.41],[21.94,1.51],[21.98,1.56],[21.98,1.59],[22.05,1.64],[22.05,1.66],[21.98,1.69],[21.98,1.73],[21.94,1.76],[21.94,1.86],[21.87,1.95],[21.8,2.0],[21.72,2.0],[21.65,2.0],[21.58,2.01],[21.58,2.03],[21.54,2.08],[21.54,2.25]],[[22.73,2.15],[22.73,2.2],[22.66,2.2],[22.66,2.11],[22.73,2.11],[22.73,2.15]],[[23.24,1.64],[23.24,1.68],[23.2,1.69],[23.09,1.69],[23.06,1.68],[23.06,1.63],[23.13,1.59],[23.2,1.59],[23.24,1.61],[23.24,1.64]],[[22.84,1.24],[22.84,1.29],[22.77,1.29],[22.77,1.26],[22.73,1.24],[22.77,1.24],[22.77,1.19],[22.84,1.21],[22.84,1.24]]]}},{"type":"Feature","properties":{"precip":70},"geometry":{"type":"Polygon","coordinates":[[[23.67,2.38],[23.7,2.43],[23.81,2.5],[23.85,2.5],[23.85,2.45],[23.81,2.43],[23.81,2.4],[23.74,2.35],[23.74,2.33],[23.67,2.28],[23.63,2.25],[23.52,2.21],[23.49,2.21],[23.49,2.23],[23.45,2.25],[23.45,2.36],[23.49,2.4],[23.56,2.36],[23.56,2.33],[23.6,2.31],[23.63,2.33],[23.67,2.36],[23.67,2.38]]]}},{"type":"Feature","properties":{"precip":70},"geometry":{"type":"Polygon","coordinates":[[[24.96,1.74],[24.96,1.78],[25.04,1.79],[25.11,1.79],[25.14,1.78],[25.14,1.73],[25.07,1.69],[25.04,1.69],[24.96,1.73],[24.96,1.74]]]}},{"type":"Feature","properties":{"precip":70},"geometry":{"type":"Polygon","coordinates":[[[21.36,1.54],[21.36,1.59],[21.44,1.59],[21.44,1.51],[21.36,1.51],[21.36,1.54]]]}},{"type":"Feature","properties":{"precip":70},"geometry":{"type":"Polygon","coordinates":[[[21.54,1.54],[21.54,1.58],[21.58,1.59],[21.65,1.59],[21.65,1.51],[21.58,1.51],[21.54,1.53],[21.54,1.54]]]}},{"type":"Feature","properties":{"precip":70},"geometry":{"type":"Polygon","coordinates":[[[22.26,1.24],[22.26,1.29],[22.3,1.29],[22.41,1.29],[22.44,1.28],[22.44,1.23],[22.37,1.19],[22.3,1.19],[22.26,1.21],[22.26,1.24]]]}},{"type":"Feature","properties":{"precip":70},"geometry":{"type":"Polygon","coordinates":[[[23.74,1.06],[23.78,1.09],[23.85,1.09],[23.85,1.02],[23.88,1.01],[23.96,1.01],[23.96,0.99],[24.03,0.97],[24.06,0.94],[24.03,0.91],[23.96,0.89],[23.88,0.92],[23.81,0.97],[23.78,1.01],[23.78,1.04],[23.74,1.06]]]}},{"type":"Feature","properties":{"precip":70},"geometry":{"type":"Polygon","coordinates":[[[23.09,0.71],[23.2,0.77],[23.27,0.81],[23.38,0.81],[23.42,0.79],[23.42,0.76],[23.45,0.76],[23.45,0.64],[23.42,0.62],[23.34,0.61],[23.27,0.59],[23.27,0.54],[23.24,0.49],[23.24,0.17],[23.2,0.14],[23.2,0.1],[23.13,0.02],[23.06,-0.03],[23.06,-0.05],[22.98,-0.08],[22.91,-0.1],[22.84,-0.13],[22.84,-0.18],[22.77,-0.2],[22.62,-0.2],[22.55,-0.16],[22.55,0.0],[22.59,0.02],[22.59,0.05],[22.62,0.1],[22.62,0.14],[22.7,0.21],[22.77,0.26],[22.77,0.27],[22.8,0.32],[22.8,0.34],[22.84,0.36],[22.84,0.37],[22.77,0.41],[22.77,0.49],[22.8,0.49],[22.8,0.52],[22.84,0.54],[22.84,0.56],[23.02,0.62],[23.06,0.64],[23.06,0.67],[23.09,0.67],[23.09,0.71]]]}},{"type":"Feature","properties":{"precip":70},"geometry":{"type":"Polygon","coordinates":[[[23.6,0.12],[23.67,0.19],[23.7,0.19],[23.74,0.19],[23.74,0.02],[23.67,0.0],[23.6,0.0],[23.56,0.0],[23.56,0.05],[23.6,0.1],[23.6,0.12]]]}},{"type":"Feature","properties":{"precip":70},"geometry":{"type":"Polygon","coordinates":[[[19.74,-1.95],[19.74,-1.92],[19.78,-1.9],[19.82,-1.9],[19.85,-1.92],[19.85,-1.97],[19.78,-2.0],[19.74,-1.97],[19.74,-1.95]]]}},{"type":"Feature","properties":{"precip":70},"geometry":{"type":"Polygon","coordinates":[[[21.83,-2.25],[21.87,-2.24],[21.87,-2.22],[21.94,-2.19],[22.05,-2.22],[22.05,-2.27],[22.01,-2.27],[21.94,-2.3],[21.87,-2.27],[21.87,-2.25],[21.83,-2.25]]]}},{"type":"Feature","properties":{"precip":70},"geometry":{"type":"Polygon","coordinates":[[[53.87,-5.45],[53.87,-5.4],[53.98,-5.4],[54.01,-5.42],[54.08,-5.47],[54.12,-5.5],[54.12,-5.53],[54.16,-5.55],[54.16,-5.58],[54.08,-5.6],[53.94,-5.6],[53.87,-5.62],[53.87,-5.65],[53.83,-5.67],[53.83,-5.68],[53.8,-5.7],[53.72,-5.7],[53.65,-5.67],[53.65,-5.53],[53.69,-5.52],[53.76,-5.5],[53.83,-5.48],[53.83,-5.45],[53.87,-5.45]]]}},{"type":"Feature","properties":{"precip":70},"geometry":{"type":"Polygon","coordinates":[[[51.17,-6.0],[51.17,-5.92],[51.2,-5.9],[51.24,-5.92],[51.28,-5.97],[51.28,-5.99],[51.31,-5.99],[51.35,-5.97],[51.35,-5.94],[51.38,-5.94],[51.38,-5.9],[51.42,-5.9],[51.42,-5.99],[51.38,-6.02],[51.28,-6.1],[51.2,-6.1],[51.17,-6.09],[51.17,-6.0]]]}},{"type":"Feature","properties":{"precip":70},"geometry":{"type":"Polygon","coordinates":[[[22.05,-6.4],[22.05,-6.35],[22.08,-6.34],[22.08,-6.32],[22.12,-6.3],[22.26,-6.3],[22.34,-6.32],[22.34,-6.4],[22.26,-6.42],[22.26,-6.49],[22.34,-6.52],[22.34,-6.59],[22.26,-6.59],[22.26,-6.54],[22.16,-6.5],[22.08,-6.49],[22.05,-6.45],[22.05,-6.4]]]}},{"type":"Feature","properties":{"precip":70},"geometry":{"type":"Polygon","coordinates":[[[49.26,-6.45],[49.26,-6.34],[49.3,-6.32],[49.37,-6.3],[49.48,-6.37],[49.51,-6.42],[49.55,-6.44],[49.55,-6.45],[49.62,-6.49],[49.62,-6.45],[49.66,-6.44],[49.66,-6.42],[49.69,-6.4],[49.73,-6.42],[49.73,-6.44],[49.76,-6.45],[49.76,-6.59],[49.84,-6.59],[49.84,-6.54],[49.87,-6.52],[49.87,-6.5],[49.91,-6.5],[49.94,-6.52],[49.94,-6.65],[49.84,-6.77],[49.73,-6.81],[49.69,-6.79],[49.62,-6.74],[49.58,-6.71],[49.58,-6.67],[49.55,-6.64],[49.4,-6.59],[49.33,-6.59],[49.26,-6.59],[49.26,-6.45]]]}},{"type":"Feature","properties":{"precip":70},"geometry":{"type":"Polygon","coordinates":[[[26.76,-6.65],[26.76,-6.6],[26.83,-6.6],[26.83,-6.69],[26.8,-6.71],[26.76,-6.69],[26.76,-6.65]]]}},{"type":"Feature","properties":{"precip":70},"geometry":{"type":"Polygon","coordinates":[[[26.44,-6.99],[26.44,-6.94],[26.47,-6.91],[26.51,-6.92],[26.58,-6.97],[26.62,-7.01],[26.62,-7.02],[26.65,-7.06],[26.58,-7.11],[26.51,-7.11],[26.47,-7.09],[26.47,-7.06],[26.44,-7.04],[26.44,-6.99]]]}},{"type":"Feature","properties":{"precip":70},"geometry":{"type":"Polygon","coordinates":[[[21.4,-7.07],[21.44,-7.04],[21.51,-7.02],[21.58,-7.01],[21.8,-7.01],[21.83,-7.02],[21.83,-7.19],[21.76,-7.21],[21.76,-7.27],[21.8,-7.27],[21.87,-7.29],[21.98,-7.29],[22.01,-7.31],[22.08,-7.31],[22.16,-7.34],[22.16,-7.37],[22.08,-7.39],[22.08,-7.42],[22.05,-7.42],[22.05,-7.56],[21.98,-7.61],[21.83,-7.61],[21.76,-7.63],[21.76,-7.66],[21.65,-7.69],[21.54,-7.69],[21.47,-7.68],[21.47,-7.64],[21.44,-7.63],[21.44,-7.51],[21.4,-7.51],[21.36,-7.47],[21.36,-7.17],[21.4,-7.12],[21.4,-7.07]],[[21.65,-7.46],[21.65,-7.42],[21.62,-7.41],[21.54,-7.39],[21.47,-7.42],[21.44,-7.44],[21.47,-7.47],[21.54,-7.51],[21.65,-7.47],[21.65,-7.46]]]}},{"type":"Feature","properties":{"precip":70},"geometry":{"type":"Polygon","coordinates":[[[21.94,-7.16],[21.94,-7.12],[21.98,-7.12],[21.98,-7.11],[22.12,-7.11],[22.12,-7.12],[22.16,-7.12],[22.16,-7.16],[22.08,-7.21],[22.01,-7.21],[21.94,-7.16]]]}},{"type":"Feature","properties":{"precip":70},"geometry":{"type":"Polygon","coordinates":[[[66.47,-7.61],[66.47,-7.51],[66.54,-7.51],[66.54,-7.69],[66.47,-7.69],[66.47,-7.61]]]}},{"type":"Feature","properties":{"precip":70},"geometry":{"type":"Polygon","coordinates":[[[81.44,-8.43],[81.48,-8.41],[81.55,-8.41],[81.55,-8.4],[81.87,-8.4],[81.87,-8.41],[81.98,-8.41],[82.05,-8.43],[82.05,-8.48],[82.09,-8.48],[82.16,-8.5],[82.2,-8.5],[82.34,-8.53],[82.34,-8.58],[82.23,-8.6],[82.2,-8.6],[82.12,-8.61],[82.05,-8.63],[82.05,-8.68],[81.98,-8.7],[81.87,-8.7],[81.76,-8.68],[81.69,-8.66],[81.58,-8.61],[81.48,-8.48],[81.48,-8.45],[81.44,-8.43]]]}},{"type":"Feature","properties":{"precip":70},"geometry":{"type":"Polygon","coordinates":[[[62.36,-8.75],[62.36,-8.7],[62.43,-8.7],[62.43,-8.8],[62.36,-8.78],[62.36,-8.75]]]}},{"type":"Feature","properties":{"precip":70},"geometry":{"type":"Polygon","coordinates":[[[60.96,-9.5],[60.96,-9.42],[61.03,-9.42],[61.03,-9.45],[61.07,-9.48],[61.07,-9.52],[61.03,-9.53],[61.03,-9.6],[60.96,-9.6],[60.96,-9.5]]]}},{"type":"Feature","properties":{"precip":70},"geometry":{"type":"Polygon","coordinates":[[[63.55,-9.55],[63.55,-9.52],[63.62,-9.5],[63.66,-9.53],[63.66,-9.58],[63.62,-9.6],[63.55,-9.6],[63.55,-9.55]]]}},{"type":"Feature","properties":{"precip":70},"geometry":{"type":"Polygon","coordinates":[[[64.16,-9.67],[64.16,-9.62],[64.23,-9.6],[64.23,-9.7],[64.16,-9.68],[64.16,-9.67]]]}},{"type":"Feature","properties":{"precip":70},"geometry":{"type":"Polygon","coordinates":[[[65.42,-9.67],[65.49,-9.62],[65.67,-9.6],[65.75,-9.6],[65.82,-9.62],[65.85,-9.67],[65.78,-9.7],[65.78,-9.73],[65.75,-9.75],[65.75,-9.87],[65.67,-9.9],[65.64,-9.87],[65.64,-9.82],[65.6,-9.8],[65.57,-9.82],[65.57,-9.85],[65.53,-9.87],[65.53,-9.9],[65.46,-9.88],[65.46,-9.85],[65.42,-9.85],[65.42,-9.8],[65.39,-9.8],[65.39,-9.7],[65.42,-9.67]]]}},{"type":"Feature","properties":{"precip":70},"geometry":{"type":"Polygon","coordinates":[[[71.36,-9.67],[71.36,-9.62],[71.43,-9.6],[71.47,-9.6],[71.61,-9.62],[71.72,-9.72],[71.72,-9.73],[71.76,-9.75],[71.65,-9.82],[71.65,-9.85],[71.72,-9.9],[71.83,-9.9],[71.9,-9.9],[71.97,-9.92],[72.08,-9.98],[72.15,-10.08],[72.15,-10.15],[72.08,-10.2],[71.94,-10.2],[71.9,-10.2],[71.83,-10.2],[71.76,-10.24],[71.76,-10.27],[71.68,-10.29],[71.54,-10.3],[71.36,-10.3],[71.29,-10.32],[71.25,-10.32],[71.25,-10.37],[71.14,-10.39],[71.14,-10.4],[70.96,-10.4],[70.89,-10.42],[70.86,-10.45],[70.86,-10.47],[70.75,-10.5],[70.68,-10.52],[70.64,-10.55],[70.64,-10.57],[70.57,-10.64],[70.57,-10.69],[70.53,-10.72],[70.53,-10.77],[70.46,-10.8],[70.39,-10.8],[70.39,-10.82],[70.35,-10.84],[70.35,-10.96],[70.28,-10.99],[70.1,-10.99],[70.06,-11.01],[69.96,-11.01],[69.88,-11.02],[69.85,-11.06],[69.85,-11.07],[69.71,-11.09],[69.67,-11.12],[69.49,-11.12],[69.42,-11.12],[69.35,-11.14],[69.35,-11.17],[69.31,-11.17],[69.31,-11.21],[69.27,-11.19],[69.27,-11.16],[69.2,-11.12],[69.13,-11.12],[68.99,-11.12],[68.88,-11.07],[68.88,-11.04],[68.84,-10.97],[68.84,-10.64],[68.88,-10.59],[68.88,-10.5],[68.91,-10.5],[68.91,-10.47],[68.95,-10.45],[68.95,-10.32],[68.99,-10.27],[68.99,-10.22],[69.06,-10.15],[69.09,-10.12],[69.2,-10.08],[69.24,-10.08],[69.24,-10.03],[69.27,-10.03],[69.27,-10.02],[69.35,-10.0],[69.42,-10.0],[69.53,-9.97],[69.56,-9.93],[69.63,-9.87],[69.63,-9.78],[69.67,-9.75],[69.67,-9.72],[69.74,-9.72],[69.74,-9.73],[69.78,-9.75],[69.78,-9.8],[69.81,-9.8],[69.81,-9.75],[69.88,-9.72],[69.92,-9.7],[69.99,-9.72],[70.03,-9.73],[70.03,-9.75],[70.06,-9.8],[70.06,-9.88],[70.14,-9.9],[70.24,-9.9],[70.28,-9.92],[70.35,-9.97],[70.46,-10.08],[70.46,-10.19],[70.5,-10.2],[70.6,-10.19],[70.68,-10.1],[70.82,-9.98],[70.86,-9.97],[70.86,-9.93],[70.93,-9.92],[70.93,-9.9],[71.0,-9.9],[71.04,-9.85],[71.07,-9.85],[71.07,-9.82],[71.14,-9.75],[71.22,-9.72],[71.25,-9.7],[71.36,-9.67]],[[69.74,-9.97],[69.74,-9.9],[69.67,-9.9],[69.67,-9.93],[69.63,-9.97],[69.67,-9.97],[69.67,-10.0],[69.74,-9.98],[69.74,-9.97]],[[69.63,-10.05],[69.63,-10.0],[69.56,-10.02],[69.56,-10.08],[69.63,-10.1],[69.63,-10.05]],[[70.53,-10.35],[70.53,-10.3],[70.46,-10.3],[70.46,-10.39],[70.53,-10.4],[70.53,-10.35]]]}},{"type":"Feature","properties":{"precip":70},"geometry":{"type":"Polygon","coordinates":[[[63.41,-9.78],[63.48,-9.72],[63.51,-9.72],[63.59,-9.75],[63.59,-9.8],[63.62,-9.85],[63.69,-9.87],[63.73,-9.9],[63.8,-9.9],[63.91,-9.9],[63.95,-9.87],[63.95,-9.85],[63.98,-9.82],[64.02,-9.82],[64.09,-9.9],[64.13,-9.93],[64.13,-9.97],[64.16,-10.02],[64.16,-10.08],[64.23,-10.1],[64.23,-10.19],[64.2,-10.2],[64.09,-10.2],[64.05,-10.19],[64.05,-10.15],[64.02,-10.1],[63.95,-10.1],[63.87,-10.1],[63.87,-10.15],[63.84,-10.15],[63.84,-10.19],[63.8,-10.2],[63.69,-10.2],[63.66,-10.17],[63.66,-10.07],[63.62,-10.03],[63.62,-10.0],[63.59,-10.0],[63.55,-10.03],[63.55,-10.07],[63.48,-10.08],[63.44,-10.07],[63.44,-10.03],[63.37,-9.97],[63.37,-9.8],[63.41,-9.78]],[[63.55,-9.97],[63.55,-9.92],[63.48,-9.9],[63.44,-9.93],[63.44,-9.97],[63.48,-9.98],[63.55,-9.98],[63.55,-9.97]]]}},{"type":"Feature","properties":{"precip":70},"geometry":{"type":"Polygon","coordinates":[[[73.84,-10.05],[73.84,-10.02],[73.88,-10.0],[73.95,-10.02],[73.95,-10.08],[73.88,-10.08],[73.84,-10.08],[73.84,-10.05]]]}},{"type":"Feature","properties":{"precip":70},"geometry":{"type":"Polygon","coordinates":[[[67.83,-10.15],[67.87,-10.15],[67.87,-10.1],[67.98,-10.1],[68.05,-10.12],[68.05,-10.19],[68.01,-10.2],[67.91,-10.2],[67.87,-10.19],[67.87,-10.15],[67.83,-10.15]]]}},{"type":"Feature","properties":{"precip":70},"geometry":{"type":"Polygon","coordinates":[[[88.82,-10.35],[88.82,-10.32],[88.93,-10.3],[88.93,-10.32],[88.96,-10.32],[88.96,-10.37],[88.93,-10.39],[88.93,-10.4],[88.82,-10.39],[88.82,-10.35]]]}},{"type":"Feature","properties":{"precip":70},"geometry":{"type":"Polygon","coordinates":[[[63.33,-10.8],[63.37,-10.77],[63.37,-10.72],[63.44,-10.7],[63.59,-10.7],[63.62,-10.72],[63.62,-10.75],[63.66,-10.75],[63.66,-10.85],[63.62,-10.87],[63.59,-10.9],[63.44,-10.9],[63.37,-10.87],[63.37,-10.82],[63.33,-10.8]]]}},{"type":"Feature","properties":{"precip":70},"geometry":{"type":"Polygon","coordinates":[[[17.33,-11.16],[17.37,-11.14],[17.37,-11.12],[17.4,-11.12],[17.51,-11.12],[17.55,-11.12],[17.55,-11.17],[17.48,-11.21],[17.4,-11.21],[17.37,-11.19],[17.37,-11.17],[17.33,-11.16]]]}},{"type":"Feature","properties":{"precip":70},"geometry":{"type":"Polygon","coordinates":[[[17.94,-11.26],[17.94,-11.24],[17.98,-11.21],[18.02,-11.21],[18.05,-11.24],[18.05,-11.27],[17.98,-11.29],[17.94,-11.27],[17.94,-11.26]]]}},{"type":"Feature","properties":{"precip":70},"geometry":{"type":"Polygon","coordinates":[[[48.4,-12.88],[48.43,-12.83],[48.5,-12.81],[48.54,-12.81],[48.54,-12.96],[48.5,-13.0],[48.4,-13.0],[48.36,-12.98],[48.36,-12.93],[48.4,-12.91],[48.4,-12.88]]]}},{"type":"Feature","properties":{"precip":70},"geometry":{"type":"Polygon","coordinates":[[[47.75,-14.2],[47.75,-14.13],[47.78,-14.12],[47.86,-14.1],[47.93,-14.12],[47.93,-14.15],[47.96,-14.15],[47.96,-14.27],[48.0,-14.28],[48.0,-14.32],[48.07,-14.35],[48.07,-14.37],[48.11,-14.4],[48.11,-14.44],[48.14,-14.45],[48.14,-14.49],[48.07,-14.47],[48.04,-14.45],[48.04,-14.42],[48.0,-14.42],[48.0,-14.39],[47.93,-14.35],[47.93,-14.33],[47.86,-14.3],[47.78,-14.28],[47.78,-14.27],[47.75,-14.25],[47.75,-14.2]]]}},{"type":"Feature","properties":{"precip":70},"geometry":{"type":"Polygon","coordinates":[[[47.75,-14.55],[47.78,-14.5],[47.86,-14.5],[47.93,-14.5],[47.93,-14.54],[47.96,-14.55],[47.89,-14.6],[47.78,-14.6],[47.75,-14.57],[47.75,-14.55]]]}},{"type":"Feature","properties":{"precip":70},"geometry":{"type":"Polygon","coordinates":[[[30.65,-14.95],[30.65,-14.92],[30.72,-14.9],[30.72,-14.92],[30.76,-14.94],[30.76,-14.99],[30.72,-14.99],[30.65,-14.99],[30.65,-14.95]]]}},{"type":"Feature","properties":{"precip":70},"geometry":{"type":"Polygon","coordinates":[[[47.96,-15.22],[48.04,-15.14],[48.11,-15.1],[48.14,-15.07],[48.22,-15.02],[48.22,-15.0],[48.29,-15.0],[48.36,-15.04],[48.4,-15.07],[48.4,-15.1],[48.43,-15.17],[48.43,-15.22],[48.47,-15.24],[48.47,-15.31],[48.5,-15.31],[48.54,-15.32],[48.54,-15.51],[48.58,-15.54],[48.58,-15.61],[48.61,-15.61],[48.61,-15.62],[48.65,-15.66],[48.65,-15.86],[48.61,-15.87],[48.61,-15.89],[48.58,-15.91],[48.5,-15.91],[48.47,-15.91],[48.47,-15.96],[48.43,-15.96],[48.36,-15.99],[48.25,-16.01],[47.96,-16.01],[47.86,-15.96],[47.86,-15.72],[47.89,-15.71],[47.93,-15.71],[47.93,-15.67],[47.96,-15.66],[47.93,-15.66],[47.93,-15.61],[47.89,-15.61],[47.78,-15.59],[47.75,-15.54],[47.75,-15.51],[47.78,-15.47],[47.82,-15.39],[47.89,-15.31],[47.96,-15.22]]]}},{"type":"Feature","properties":{"precip":70},"geometry":{"type":"Polygon","coordinates":[[[48.04,-17.06],[48.04,-17.05],[48.11,-17.0],[48.14,-17.01],[48.14,-17.1],[48.07,-17.1],[48.07,-17.08],[48.04,-17.06]]]}},{"type":"Feature","properties":{"precip":70},"geometry":{"type":"Polygon","coordinates":[[[47.96,-18.0],[47.96,-17.93],[48.0,-17.9],[48.11,-17.9],[48.11,-17.93],[48.14,-17.93],[48.14,-18.07],[48.11,-18.07],[48.11,-18.1],[48.0,-18.1],[47.96,-18.07],[47.96,-18.0]]]}},{"type":"Feature","properties":{"precip":70},"geometry":{"type":"Polygon","coordinates":[[[48.04,-18.55],[48.07,-18.5],[48.11,-18.5],[48.18,-18.5],[48.32,-18.6],[48.32,-18.69],[48.29,-18.69],[48.29,-18.74],[48.25,-18.77],[48.25,-19.04],[48.22,-19.07],[48.22,-19.1],[48.18,-19.09],[48.18,-19.04],[48.14,-18.99],[48.14,-18.63],[48.11,-18.62],[48.11,-18.6],[48.04,-18.57],[48.04,-18.55]]]}},{"type":"Feature","properties":{"precip":70},"geometry":{"type":"Polygon","coordinates":[[[50.23,-19.05],[50.27,-19.04],[50.27,-19.0],[50.34,-19.0],[50.34,-19.09],[50.27,-19.09],[50.27,-19.05],[50.23,-19.05]]]}},{"type":"Feature","properties":{"precip":70},"geometry":{"type":"Polygon","coordinates":[[[48.11,-19.27],[48.11,-19.25],[48.18,-19.22],[48.22,-19.2],[48.25,-19.22],[48.25,-19.27],[48.22,-19.29],[48.22,-19.3],[48.14,-19.34],[48.14,-19.35],[48.22,-19.39],[48.22,-19.42],[48.25,-19.44],[48.25,-19.47],[48.22,-19.47],[48.22,-19.5],[48.14,-19.54],[48.14,-19.57],[48.18,-19.57],[48.25,-19.62],[48.25,-19.67],[48.18,-19.71],[48.18,-19.79],[48.22,-19.81],[48.22,-19.82],[48.25,-19.87],[48.32,-19.89],[48.32,-19.87],[48.36,-19.82],[48.36,-19.81],[48.43,-19.82],[48.43,-19.97],[48.36,-20.01],[48.29,-20.01],[48.29,-20.02],[48.25,-20.04],[48.25,-20.17],[48.18,-20.19],[48.18,-20.16],[48.14,-20.14],[48.14,-19.92],[48.11,-19.91],[48.04,-19.91],[47.96,-19.87],[47.96,-19.52],[48.04,-19.49],[48.04,-19.4],[48.07,-19.39],[48.07,-19.3],[48.11,-19.27]]]}},{"type":"Feature","properties":{"precip":70},"geometry":{"type":"Polygon","coordinates":[[[47.75,-20.36],[47.75,-20.32],[47.78,-20.32],[47.78,-20.31],[47.89,-20.31],[47.96,-20.34],[47.96,-20.36],[47.93,-20.36],[47.93,-20.39],[47.89,-20.41],[47.82,-20.41],[47.75,-20.36]]]}},{"type":"Feature","properties":{"precip":70},"geometry":{"type":"Polygon","coordinates":[[[47.06,-20.44],[47.06,-20.43],[47.17,-20.41],[47.32,-20.41],[47.39,-20.43],[47.46,-20.44],[47.46,-20.49],[47.42,-20.49],[47.39,-20.49],[47.39,-20.53],[47.35,-20.54],[47.35,-20.73],[47.32,-20.74],[47.32,-20.79],[47.28,-20.81],[47.28,-20.84],[47.24,-20.84],[47.24,-20.88],[47.21,-20.88],[47.14,-20.84],[47.06,-20.76],[47.06,-20.63],[47.1,-20.58],[47.14,-20.58],[47.14,-20.54],[47.06,-20.49],[47.06,-20.44]]]}},{"type":"Feature","properties":{"precip":70},"geometry":{"type":"Polygon","coordinates":[[[47.75,-20.66],[47.75,-20.63],[47.78,-20.61],[47.86,-20.63],[47.86,-20.68],[47.82,-20.68],[47.82,-20.71],[47.75,-20.68],[47.75,-20.66]]]}},{"type":"Feature","properties":{"precip":70},"geometry":{"type":"Polygon","coordinates":[[[47.46,-20.76],[47.46,-20.73],[47.5,-20.71],[47.6,-20.71],[47.64,-20.73],[47.64,-20.79],[47.6,-20.79],[47.5,-20.79],[47.46,-20.79],[47.46,-20.76]]]}},{"type":"Feature","properties":{"precip":70},"geometry":{"type":"Polygon","coordinates":[[[49.04,-21.85],[49.04,-21.83],[49.12,-21.81],[49.19,-21.8],[49.22,-21.81],[49.3,-21.81],[49.33,-21.81],[49.33,-21.88],[49.3,-21.88],[49.22,-21.9],[49.15,-21.9],[49.04,-21.88],[49.04,-21.85]]]}},{"type":"Feature","properties":{"precip":70},"geometry":{"type":"Polygon","coordinates":[[[48.54,-21.95],[48.58,-21.95],[48.58,-21.9],[48.65,-21.91],[48.65,-22.0],[48.58,-22.0],[48.58,-21.98],[48.54,-21.95]]]}},{"type":"Feature","properties":{"precip":70},"geometry":{"type":"Polygon","coordinates":[[[87.34,-23.45],[87.34,-23.44],[87.38,-23.4],[87.45,-23.42],[87.45,-23.44],[87.49,-23.47],[87.49,-23.5],[87.52,-23.5],[87.52,-23.47],[87.56,-23.44],[87.56,-23.4],[87.56,-23.39],[87.59,-23.44],[87.59,-23.5],[87.67,-23.55],[87.67,-23.67],[87.7,-23.7],[87.81,-23.7],[87.81,-23.67],[87.85,-23.65],[87.85,-23.55],[87.88,-23.54],[87.88,-23.52],[87.88,-23.5],[87.99,-23.5],[88.03,-23.52],[88.03,-23.55],[88.06,-23.57],[88.06,-23.7],[88.03,-23.74],[88.03,-23.79],[87.99,-23.79],[87.92,-23.84],[87.92,-24.06],[88.06,-24.14],[88.03,-24.16],[88.03,-24.19],[87.99,-24.19],[87.99,-24.22],[87.92,-24.24],[87.92,-24.44],[87.88,-24.46],[87.88,-24.49],[87.88,-24.54],[87.85,-24.54],[87.85,-24.67],[87.77,-24.71],[87.77,-24.76],[87.74,-24.78],[87.74,-24.91],[87.7,-24.99],[87.59,-25.09],[87.52,-25.19],[87.34,-25.33],[87.23,-25.38],[87.09,-25.41],[86.91,-25.49],[86.84,-25.56],[86.77,-25.63],[86.66,-25.7],[86.62,-25.76],[86.62,-25.86],[86.62,-25.9],[86.59,-25.9],[86.48,-25.9],[86.48,-25.93],[86.44,-25.93],[86.44,-25.96],[86.33,-26.0],[86.23,-26.0],[86.15,-25.96],[86.15,-25.93],[86.08,-25.9],[85.97,-25.9],[85.94,-25.95],[85.94,-25.98],[85.9,-25.98],[85.87,-25.98],[85.87,-25.95],[85.83,-25.93],[85.76,-25.9],[85.65,-25.9],[85.58,-25.91],[85.54,-25.95],[85.54,-25.96],[85.51,-25.98],[85.51,-26.0],[85.47,-25.98],[85.47,-25.95],[85.43,-25.91],[85.36,-25.9],[85.29,-25.88],[85.22,-25.83],[85.18,-25.8],[85.18,-25.76],[85.15,-25.73],[85.15,-25.63],[85.07,-25.6],[85.04,-25.6],[85.04,-25.55],[85.04,-25.46],[85.04,-25.44],[85.04,-25.41],[85.15,-25.38],[85.15,-25.23],[85.04,-25.19],[85.04,-25.16],[85.04,-25.11],[85.04,-25.06],[85.04,-25.01],[85.04,-24.96],[85.07,-24.91],[85.07,-24.88],[85.22,-24.79],[85.29,-24.79],[85.33,-24.79],[85.33,-24.76],[85.36,-24.76],[85.36,-24.71],[85.47,-24.71],[85.51,-24.67],[85.54,-24.67],[85.54,-24.62],[85.61,-24.59],[85.69,-24.57],[85.79,-24.52],[85.79,-24.49],[85.83,-24.46],[85.83,-24.41],[85.87,-24.37],[85.87,-24.32],[85.9,-24.31],[85.94,-24.31],[85.97,-24.27],[86.08,-24.22],[86.12,-24.19],[86.12,-24.16],[86.15,-24.12],[86.15,-24.04],[86.19,-24.02],[86.19,-24.01],[86.26,-24.01],[86.26,-23.99],[86.3,-23.97],[86.3,-23.96],[86.33,-23.94],[86.33,-23.92],[86.41,-23.91],[86.41,-23.87],[86.44,-23.87],[86.44,-23.84],[86.48,-23.82],[86.55,-23.79],[86.62,-23.79],[86.66,-23.72],[86.66,-23.69],[86.73,-23.65],[86.73,-23.6],[86.77,-23.57],[86.77,-23.52],[86.84,-23.5],[87.13,-23.5],[87.16,-23.49],[87.23,-23.49],[87.34,-23.47],[87.34,-23.45]]]}},{"type":"Feature","properties":{"precip":70},"geometry":{"type":"Polygon","coordinates":[[[30.54,-27.35],[30.54,-27.32],[30.58,-27.3],[30.65,-27.3],[30.65,-27.39],[30.58,-27.4],[30.54,-27.39],[30.54,-27.35]]]}},{"type":"Feature","properties":{"precip":70},"geometry":{"type":"Polygon","coordinates":[[[42.56,-37.24],[42.56,-37.21],[42.64,-37.22],[42.64,-37.29],[42.56,-37.31],[42.56,-37.24]]]}},{"type":"Feature","properties":{"precip":120},"geometry":{"type":"Polygon","coordinates":[[[98.54,3.25],[98.54,3.3],[98.65,3.28],[98.65,3.22],[98.54,3.2],[98.54,3.23],[98.54,3.25]]]}},{"type":"Feature","properties":{"precip":120},"geometry":{"type":"Polygon","coordinates":[[[-8.26,3.15],[-8.26,3.17],[-8.22,3.18],[-8.22,3.2],[-8.15,3.18],[-8.15,3.12],[-8.19,3.12],[-8.19,3.1],[-8.22,3.1],[-8.22,3.12],[-8.26,3.13],[-8.26,3.15]]]}},{"type":"Feature","properties":{"precip":120},"geometry":{"type":"Polygon","coordinates":[[[21.8,2.23],[21.87,2.26],[21.87,2.28],[21.94,2.3],[21.94,2.23],[21.9,2.21],[21.9,2.18],[21.87,2.16],[21.8,2.11],[21.76,2.11],[21.76,2.15],[21.8,2.18],[21.8,2.23]]]}},{"type":"Feature","properties":{"precip":120},"geometry":{"type":"Polygon","coordinates":[[[21.94,1.95],[21.94,2.03],[21.98,2.06],[21.98,2.08],[22.05,2.1],[22.16,2.1],[22.23,2.08],[22.23,2.06],[22.26,2.03],[22.26,1.83],[22.3,1.81],[22.3,1.79],[22.34,1.79],[22.34,1.69],[22.37,1.68],[22.37,1.63],[22.41,1.61],[22.48,1.59],[22.55,1.58],[22.55,1.54],[22.52,1.53],[22.52,1.49],[22.44,1.44],[22.44,1.43],[22.41,1.41],[22.37,1.41],[22.37,1.46],[22.34,1.46],[22.34,1.49],[22.19,1.51],[22.16,1.54],[22.16,1.81],[22.12,1.84],[22.12,1.89],[22.08,1.89],[22.05,1.88],[22.05,1.81],[22.01,1.79],[21.98,1.81],[21.98,1.86],[21.94,1.89],[21.94,1.95]]]}},{"type":"Feature","properties":{"precip":120},"geometry":{"type":"Polygon","coordinates":[[[22.66,1.89],[22.66,1.96],[22.7,1.98],[22.7,2.0],[22.77,2.0],[22.84,1.98],[22.84,1.86],[22.88,1.84],[22.88,1.79],[22.95,1.78],[22.95,1.64],[22.91,1.63],[22.91,1.61],[22.84,1.59],[22.77,1.63],[22.77,1.69],[22.73,1.73],[22.73,1.78],[22.7,1.79],[22.66,1.79],[22.66,1.76],[22.62,1.73],[22.62,1.69],[22.59,1.69],[22.59,1.71],[22.55,1.73],[22.55,1.78],[22.62,1.79],[22.62,1.84],[22.66,1.86],[22.66,1.89]]]}},{"type":"Feature","properties":{"precip":120},"geometry":{"type":"Polygon","coordinates":[[[22.95,1.46],[22.95,1.48],[22.98,1.49],[22.98,1.51],[23.02,1.51],[23.02,1.49],[23.06,1.48],[23.06,1.43],[23.02,1.41],[23.02,1.39],[22.98,1.39],[22.98,1.41],[22.95,1.43],[22.95,1.46]]]}},{"type":"Feature","properties":{"precip":120},"geometry":{"type":"Polygon","coordinates":[[[23.16,1.46],[23.16,1.49],[23.2,1.51],[23.24,1.49],[23.24,1.41],[23.2,1.39],[23.16,1.41],[23.16,1.46]]]}},{"type":"Feature","properties":{"precip":120},"geometry":{"type":"Polygon","coordinates":[[[23.06,0.51],[23.06,0.57],[23.09,0.57],[23.09,0.59],[23.13,0.59],[23.13,0.54],[23.16,0.51],[23.16,0.39],[23.13,0.37],[23.13,0.31],[23.09,0.31],[23.09,0.29],[23.06,0.27],[23.06,0.14],[23.02,0.14],[23.02,0.1],[22.98,0.1],[22.98,0.14],[22.95,0.17],[22.95,0.34],[22.98,0.36],[22.98,0.39],[23.02,0.39],[23.02,0.42],[23.06,0.44],[23.06,0.51]]]}},{"type":"Feature","properties":{"precip":120},"geometry":{"type":"Polygon","coordinates":[[[71.25,-9.95],[71.29,-9.9],[71.32,-9.85],[71.4,-9.8],[71.43,-9.8],[71.43,-9.82],[71.47,-9.85],[71.43,-9.87],[71.43,-9.9],[71.4,-9.9],[71.36,-9.92],[71.36,-9.98],[71.4,-9.98],[71.47,-10.0],[71.54,-10.02],[71.54,-10.19],[71.47,-10.2],[71.4,-10.2],[71.4,-10.22],[71.36,-10.22],[71.36,-10.27],[71.32,-10.29],[71.22,-10.3],[71.14,-10.34],[71.14,-10.37],[71.11,-10.37],[71.11,-10.4],[71.07,-10.39],[71.07,-10.34],[71.0,-10.3],[70.96,-10.3],[70.89,-10.3],[70.86,-10.29],[70.86,-10.25],[70.89,-10.22],[70.89,-10.19],[70.96,-10.14],[71.04,-10.1],[71.11,-10.08],[71.11,-10.07],[71.14,-10.05],[71.22,-10.0],[71.22,-9.98],[71.25,-9.95]]]}},{"type":"Feature","properties":{"precip":120},"geometry":{"type":"Polygon","coordinates":[[[63.66,-9.95],[63.66,-9.92],[63.73,-9.9],[63.73,-9.92],[63.77,-9.93],[63.77,-9.98],[63.84,-9.98],[63.84,-9.95],[63.87,-9.93],[63.87,-9.92],[63.95,-9.92],[63.95,-9.98],[63.91,-9.98],[63.87,-10.0],[63.87,-10.07],[63.84,-10.08],[63.84,-10.19],[63.77,-10.19],[63.77,-10.05],[63.73,-10.03],[63.73,-10.0],[63.66,-9.98],[63.66,-9.95]]]}},{"type":"Feature","properties":{"precip":120},"geometry":{"type":"Polygon","coordinates":[[[71.76,-10.05],[71.76,-10.02],[71.83,-10.0],[71.9,-10.0],[71.94,-10.02],[71.94,-10.08],[71.9,-10.1],[71.83,-10.1],[71.79,-10.08],[71.76,-10.08],[71.76,-10.05]]]}},{"type":"Feature","properties":{"precip":120},"geometry":{"type":"Polygon","coordinates":[[[69.92,-10.2],[69.92,-10.17],[69.96,-10.15],[69.96,-10.12],[69.99,-10.1],[70.06,-10.14],[70.14,-10.24],[70.21,-10.35],[70.24,-10.39],[70.24,-10.47],[70.28,-10.47],[70.28,-10.5],[70.32,-10.5],[70.32,-10.52],[70.35,-10.54],[70.35,-10.65],[70.32,-10.67],[70.32,-10.69],[70.24,-10.7],[70.17,-10.72],[70.17,-10.74],[70.14,-10.75],[70.14,-10.79],[70.06,-10.8],[70.03,-10.8],[69.96,-10.82],[69.96,-10.87],[69.92,-10.87],[69.92,-10.89],[69.85,-10.9],[69.78,-10.92],[69.78,-10.94],[69.74,-10.94],[69.74,-10.99],[69.67,-11.01],[69.6,-11.01],[69.53,-11.06],[69.53,-11.11],[69.49,-11.11],[69.49,-11.06],[69.45,-11.06],[69.45,-11.04],[69.42,-11.02],[69.35,-11.01],[69.24,-10.99],[69.17,-10.97],[69.17,-10.9],[69.24,-10.87],[69.24,-10.82],[69.2,-10.82],[69.2,-10.8],[69.17,-10.79],[69.17,-10.67],[69.13,-10.64],[69.13,-10.6],[69.09,-10.57],[69.06,-10.57],[69.06,-10.54],[69.13,-10.5],[69.13,-10.44],[69.17,-10.4],[69.17,-10.22],[69.2,-10.2],[69.24,-10.2],[69.24,-10.25],[69.27,-10.25],[69.31,-10.29],[69.35,-10.29],[69.42,-10.3],[69.71,-10.3],[69.78,-10.29],[69.85,-10.25],[69.92,-10.2]]]}},{"type":"Feature","properties":{"precip":120},"geometry":{"type":"Polygon","coordinates":[[[48.14,-15.46],[48.14,-15.44],[48.18,-15.42],[48.18,-15.41],[48.22,-15.41],[48.29,-15.41],[48.32,-15.41],[48.32,-15.42],[48.36,-15.44],[48.36,-15.47],[48.29,-15.49],[48.22,-15.49],[48.14,-15.47],[48.14,-15.46]]]}},{"type":"Feature","properties":{"precip":120},"geometry":{"type":"Polygon","coordinates":[[[47.86,-15.56],[47.86,-15.52],[47.96,-15.49],[48.04,-15.51],[48.04,-15.59],[47.96,-15.61],[47.86,-15.57],[47.86,-15.56]]]}},{"type":"Feature","properties":{"precip":120},"geometry":{"type":"Polygon","coordinates":[[[48.36,-15.76],[48.36,-15.71],[48.43,-15.71],[48.43,-15.72],[48.47,-15.74],[48.47,-15.76],[48.43,-15.77],[48.43,-15.79],[48.36,-15.79],[48.36,-15.76]]]}},{"type":"Feature","properties":{"precip":120},"geometry":{"type":"Polygon","coordinates":[[[86.84,-23.96],[86.84,-23.94],[86.84,-23.91],[86.95,-23.91],[86.95,-23.97],[86.98,-23.99],[87.05,-24.01],[87.09,-24.01],[87.09,-24.04],[87.16,-24.06],[87.16,-24.17],[87.2,-24.19],[87.27,-24.21],[87.38,-24.26],[87.41,-24.31],[87.41,-24.34],[87.45,-24.37],[87.45,-24.49],[87.38,-24.51],[87.38,-24.56],[87.31,-24.57],[87.31,-24.69],[87.27,-24.76],[87.23,-24.89],[87.09,-24.98],[87.05,-24.98],[87.05,-24.96],[87.05,-24.93],[87.02,-24.89],[86.98,-24.89],[86.98,-24.93],[86.95,-24.96],[86.95,-25.08],[86.87,-25.08],[86.87,-25.09],[86.84,-25.09],[86.77,-25.09],[86.62,-25.13],[86.62,-25.14],[86.62,-25.16],[86.62,-25.19],[86.59,-25.19],[86.59,-25.16],[86.51,-25.11],[86.41,-25.09],[86.33,-25.09],[86.23,-25.13],[86.23,-25.16],[86.19,-25.18],[86.19,-25.19],[86.15,-25.19],[86.01,-25.19],[85.97,-25.18],[85.97,-25.16],[85.94,-25.14],[85.97,-25.13],[85.97,-25.09],[85.97,-25.08],[86.01,-25.08],[86.01,-24.88],[86.08,-24.86],[86.08,-24.81],[86.12,-24.81],[86.12,-24.79],[86.15,-24.78],[86.15,-24.64],[86.19,-24.62],[86.19,-24.61],[86.23,-24.59],[86.33,-24.56],[86.41,-24.51],[86.41,-24.46],[86.41,-24.34],[86.44,-24.32],[86.44,-24.31],[86.51,-24.31],[86.51,-24.29],[86.55,-24.27],[86.55,-24.17],[86.59,-24.14],[86.59,-24.11],[86.62,-24.04],[86.73,-24.01],[86.84,-23.99],[86.84,-23.96]]]}},{"type":"Feature","properties":{"precip":200},"geometry":{"type":"Polygon","coordinates":[[[69.63,-10.65],[69.63,-10.64],[69.67,-10.62],[69.67,-10.6],[69.71,-10.6],[69.78,-10.6],[69.81,-10.6],[69.85,-10.62],[69.85,-10.77],[69.81,-10.79],[69.63,-10.8],[69.6,-10.82],[69.56,-10.84],[69.56,-10.87],[69.53,-10.87],[69.53,-10.9],[69.45,-10.89],[69.45,-10.72],[69.49,-10.72],[69.49,-10.7],[69.53,-10.7],[69.63,-10.69],[69.63,-10.67],[69.63,-10.65]]]}}]}