{"type":"FeatureCollection","features":[{"type":"Feature","properties":{"precip":10},"geometry":{"type":"Polygon","coordinates":[[[10.1,3.79],[10.1,3.79],[10.02,3.72],[9.95,3.59],[9.95,3.42],[9.99,3.41],[10.02,3.41],[10.02,3.36],[10.06,3.34],[10.06,3.24],[9.99,3.21],[9.92,3.21],[9.84,3.16],[9.84,3.08],[9.81,3.03],[9.66,2.85],[9.48,2.71],[9.41,2.7],[9.38,2.7],[9.34,2.73],[9.34,2.78],[9.27,2.8],[9.16,2.85],[9.09,2.9],[9.05,2.95],[9.05,3.06],[9.02,3.09],[8.94,3.09],[8.91,3.08],[8.76,2.96],[8.76,2.85],[8.73,2.83],[8.66,2.8],[8.58,2.8],[8.55,2.76],[8.55,2.73],[8.51,2.71],[8.4,2.7],[8.08,2.7],[8.01,2.71],[7.94,2.75],[7.94,2.76],[8.01,2.8],[8.04,2.83],[8.04,3.01],[8.08,3.04],[8.08,3.08],[8.19,3.18],[8.19,3.21],[8.26,3.24],[8.22,3.29],[8.08,3.29],[8.04,3.26],[8.04,3.24],[7.97,3.21],[7.79,3.21],[7.76,3.23],[7.76,3.28],[7.83,3.34],[7.94,3.41],[8.01,3.41],[8.04,3.42],[8.04,3.47],[8.01,3.49],[7.83,3.49],[7.76,3.46],[7.72,3.42],[7.72,3.41],[7.68,3.41],[7.68,3.42],[7.65,3.44],[7.65,3.47],[7.61,3.49],[7.54,3.49],[7.47,3.52],[7.47,3.61],[7.43,3.62],[7.43,3.74],[7.39,3.79],[10.1,3.79]]]}},{"type":"Feature","properties":{"precip":10},"geometry":{"type":"Polygon","coordinates":[[[16.75,3.79],[16.75,3.64],[16.68,3.61],[16.61,3.61],[16.54,3.64],[16.54,3.67],[16.5,3.69],[16.47,3.67],[16.47,3.62],[16.43,3.61],[16.39,3.61],[16.36,3.62],[16.36,3.74],[16.39,3.75],[16.39,3.79],[16.25,3.79],[16.25,3.56],[16.29,3.54],[16.29,3.49],[16.32,3.49],[16.32,3.42],[16.21,3.33],[16.14,3.29],[16.07,3.29],[16.07,3.26],[16.03,3.26],[16.03,3.23],[16.0,3.21],[15.93,3.21],[15.93,3.19],[15.85,3.18],[15.85,3.13],[15.78,3.09],[15.71,3.09],[15.67,3.06],[15.64,3.06],[15.64,3.03],[15.6,3.01],[15.49,3.01],[15.46,3.03],[15.46,3.09],[15.53,3.11],[15.53,3.23],[15.57,3.24],[15.57,3.39],[15.64,3.42],[15.64,3.54],[15.67,3.56],[15.67,3.61],[15.71,3.61],[15.75,3.62],[15.75,3.75],[15.8,3.79],[16.75,3.79]]]}},{"type":"Feature","properties":{"precip":10},"geometry":{"type":"Polygon","coordinates":[[[32.69,3.79],[32.66,3.75],[32.59,3.7],[32.52,3.7],[32.48,3.72],[32.45,3.75],[32.45,3.79],[32.69,3.79]]]}},{"type":"Feature","properties":{"precip":10},"geometry":{"type":"Polygon","coordinates":[[[15.45,3.79],[15.42,3.75],[15.42,3.7],[15.35,3.67],[15.35,3.52],[15.31,3.52],[15.31,3.49],[15.24,3.54],[15.24,3.67],[15.17,3.7],[15.17,3.79],[15.17,3.79],[15.45,3.79]]]}},{"type":"Feature","properties":{"precip":10},"geometry":{"type":"Polygon","coordinates":[[[31.55,3.7],[31.55,3.79],[31.66,3.79],[31.66,3.59],[31.62,3.56],[31.62,3.51],[31.58,3.49],[31.58,3.54],[31.55,3.56],[31.55,3.7]]]}},{"type":"Feature","properties":{"precip":10},"geometry":{"type":"Polygon","coordinates":[[[13.55,3.75],[13.55,3.79],[13.56,3.79],[13.71,3.79],[13.77,3.75],[13.69,3.7],[13.59,3.7],[13.55,3.72],[13.55,3.75]]]}},{"type":"Feature","properties":{"precip":10},"geometry":{"type":"Polygon","coordinates":[[[16.93,3.72],[16.97,3.75],[16.97,3.79],[17.03,3.79],[17.04,3.79],[17.08,3.74],[17.08,3.7],[17.11,3.7],[17.11,3.74],[17.15,3.75],[17.15,3.79],[17.16,3.79],[17.21,3.79],[17.26,3.75],[17.26,3.74],[17.19,3.7],[17.19,3.65],[17.15,3.62],[17.15,3.24],[17.19,3.21],[17.26,3.21],[17.33,3.18],[17.33,3.04],[17.26,2.96],[17.22,2.93],[17.15,2.95],[17.11,3.01],[17.04,3.04],[17.01,3.08],[17.01,3.11],[16.9,3.18],[16.9,3.19],[16.83,3.21],[16.75,3.24],[16.68,3.29],[16.68,3.39],[16.75,3.44],[16.79,3.49],[16.9,3.59],[16.9,3.62],[16.93,3.64],[16.93,3.72]]]}},{"type":"Feature","properties":{"precip":10},"geometry":{"type":"Polygon","coordinates":[[[14.45,3.64],[14.45,3.69],[14.52,3.7],[14.52,3.67],[14.56,3.67],[14.56,3.62],[14.52,3.62],[14.52,3.61],[14.45,3.62],[14.45,3.64]]]}},{"type":"Feature","properties":{"precip":10},"geometry":{"type":"Polygon","coordinates":[[[19.06,3.56],[19.06,3.59],[19.09,3.61],[19.13,3.59],[19.13,3.51],[19.17,3.47],[19.17,3.31],[19.24,3.28],[19.24,3.18],[19.27,3.16],[19.27,3.13],[19.31,3.09],[19.42,3.09],[19.49,3.11],[19.56,3.16],[19.63,3.24],[19.63,3.29],[19.71,3.42],[19.85,3.47],[19.92,3.49],[19.99,3.49],[20.03,3.47],[20.07,3.42],[20.1,3.41],[20.21,3.49],[20.43,3.49],[20.5,3.47],[20.53,3.44],[20.61,3.42],[20.64,3.37],[20.64,3.33],[20.57,3.29],[20.57,3.24],[20.53,3.23],[20.53,3.11],[20.46,3.06],[20.46,3.03],[20.5,3.03],[20.5,3.0],[20.53,2.96],[20.53,2.75],[20.46,2.67],[20.46,2.65],[20.43,2.63],[20.43,2.62],[20.39,2.62],[20.35,2.63],[20.35,2.67],[20.32,2.68],[20.28,2.68],[20.25,2.7],[20.17,2.68],[20.17,2.67],[20.14,2.67],[20.14,2.62],[20.07,2.6],[20.03,2.6],[19.96,2.63],[19.96,2.67],[19.89,2.68],[19.85,2.68],[19.81,2.7],[19.56,2.7],[19.49,2.71],[19.45,2.73],[19.45,2.76],[19.42,2.76],[19.35,2.8],[19.13,2.8],[19.02,2.81],[18.99,2.83],[18.95,2.85],[18.95,3.14],[18.99,3.16],[18.99,3.21],[19.06,3.23],[19.06,3.26],[19.02,3.29],[18.91,3.29],[18.84,3.24],[18.84,3.11],[18.77,3.09],[18.77,3.04],[18.73,3.03],[18.73,2.98],[18.77,2.96],[18.77,2.91],[18.84,2.88],[18.84,2.83],[18.81,2.81],[18.73,2.81],[18.7,2.8],[18.59,2.8],[18.55,2.78],[18.48,2.76],[18.37,2.67],[18.34,2.63],[18.34,2.52],[18.3,2.5],[18.27,2.5],[18.27,2.55],[18.23,2.6],[18.27,2.65],[18.27,2.7],[18.3,2.76],[18.3,2.81],[18.34,2.85],[18.41,2.9],[18.41,2.93],[18.45,2.95],[18.45,3.06],[18.48,3.06],[18.48,3.09],[18.55,3.09],[18.59,3.11],[18.73,3.24],[18.73,3.29],[18.77,3.33],[18.77,3.37],[18.88,3.46],[18.95,3.49],[19.02,3.51],[19.06,3.56]],[[19.17,3.14],[19.09,3.21],[19.06,3.19],[19.06,3.11],[19.13,3.09],[19.13,3.13],[19.17,3.14]],[[20.46,2.85],[20.43,2.9],[20.35,2.88],[20.35,2.81],[20.43,2.8],[20.43,2.83],[20.46,2.83],[20.46,2.85]]]}},{"type":"Feature","properties":{"precip":10},"geometry":{"type":"Polygon","coordinates":[[[15.06,3.41],[15.06,3.49],[15.13,3.49],[15.13,3.31],[15.1,3.29],[15.06,3.31],[15.06,3.41]]]}},{"type":"Feature","properties":{"precip":10},"geometry":{"type":"Polygon","coordinates":[[[28.06,3.44],[28.06,3.49],[28.13,3.49],[28.13,3.46],[28.16,3.44],[28.13,3.42],[28.13,3.41],[28.06,3.41],[28.06,3.44]]]}},{"type":"Feature","properties":{"precip":10},"geometry":{"type":"Polygon","coordinates":[[[83.56,3.44],[83.56,3.47],[83.6,3.49],[83.7,3.49],[83.74,3.47],[83.74,3.42],[83.7,3.41],[83.6,3.41],[83.56,3.42],[83.56,3.44]]]}},{"type":"Feature","properties":{"precip":10},"geometry":{"type":"Polygon","coordinates":[[[13.77,3.36],[13.77,3.39],[13.8,3.41],[13.91,3.41],[13.95,3.39],[13.95,3.36],[13.91,3.33],[13.91,3.29],[13.84,3.24],[13.66,3.16],[13.62,3.11],[13.44,2.96],[13.44,2.95],[13.3,2.88],[13.26,2.88],[13.26,2.85],[13.23,2.81],[13.15,2.8],[13.12,2.8],[13.05,2.83],[13.05,2.88],[13.12,2.9],[13.12,2.93],[13.15,2.95],[13.15,3.06],[13.23,3.09],[13.33,3.09],[13.44,3.14],[13.62,3.29],[13.69,3.29],[13.73,3.31],[13.73,3.34],[13.77,3.36]]]}},{"type":"Feature","properties":{"precip":10},"geometry":{"type":"Polygon","coordinates":[[[17.37,3.36],[17.37,3.41],[17.44,3.39],[17.44,3.31],[17.37,3.31],[17.37,3.36]]]}},{"type":"Feature","properties":{"precip":10},"geometry":{"type":"Polygon","coordinates":[[[32.02,3.33],[32.09,3.39],[32.12,3.39],[32.12,3.36],[32.16,3.33],[32.16,3.21],[32.27,3.03],[32.38,2.93],[32.45,2.95],[32.48,3.0],[32.56,2.96],[32.56,2.93],[32.63,2.85],[32.63,2.73],[32.59,2.7],[32.59,2.67],[32.56,2.65],[32.48,2.62],[32.41,2.6],[32.41,2.62],[32.38,2.63],[32.34,2.67],[32.34,2.76],[32.3,2.8],[32.16,2.8],[32.09,2.81],[32.05,2.85],[32.05,2.98],[32.02,2.98],[32.02,3.01],[31.98,3.01],[31.94,3.04],[31.94,3.19],[31.98,3.24],[31.98,3.28],[32.02,3.33]]]}},{"type":"Feature","properties":{"precip":10},"geometry":{"type":"Polygon","coordinates":[[[81.15,3.36],[81.15,3.39],[81.22,3.39],[81.22,3.37],[81.22,3.33],[81.22,3.29],[81.15,3.31],[81.15,3.36]]]}},{"type":"Feature","properties":{"precip":10},"geometry":{"type":"Polygon","coordinates":[[[30.4,3.21],[30.43,3.23],[30.43,3.24],[30.47,3.28],[30.54,3.29],[30.54,3.13],[30.47,3.09],[30.4,3.09],[30.36,3.08],[30.36,2.96],[30.29,2.9],[30.25,2.9],[30.14,2.93],[30.07,3.01],[30.07,3.08],[30.11,3.09],[30.22,3.09],[30.29,3.11],[30.32,3.14],[30.4,3.18],[30.4,3.21]]]}},{"type":"Feature","properties":{"precip":10},"geometry":{"type":"Polygon","coordinates":[[[33.46,3.04],[33.46,3.29],[33.53,3.28],[33.6,3.23],[33.6,3.19],[33.64,3.14],[33.64,3.06],[33.67,3.04],[33.67,3.01],[33.74,2.98],[33.74,2.95],[33.71,2.91],[33.71,2.88],[33.67,2.85],[33.53,2.8],[33.49,2.81],[33.46,2.85],[33.46,3.04]]]}},{"type":"Feature","properties":{"precip":10},"geometry":{"type":"Polygon","coordinates":[[[60.16,3.24],[60.16,3.29],[60.24,3.29],[60.24,3.21],[60.16,3.21],[60.16,3.24]]]}},{"type":"Feature","properties":{"precip":10},"geometry":{"type":"Polygon","coordinates":[[[79.31,3.28],[79.31,3.29],[79.42,3.29],[79.46,3.28],[79.46,3.24],[79.49,3.21],[79.67,3.21],[79.71,3.19],[79.71,3.13],[79.64,3.04],[79.6,3.03],[79.49,3.04],[79.49,3.08],[79.42,3.18],[79.42,3.19],[79.31,3.24],[79.31,3.28]]]}},{"type":"Feature","properties":{"precip":10},"geometry":{"type":"Polygon","coordinates":[[[96.55,3.24],[96.55,3.28],[96.59,3.29],[96.66,3.26],[96.66,3.24],[96.59,3.21],[96.55,3.23],[96.55,3.24]]]}},{"type":"Feature","properties":{"precip":10},"geometry":{"type":"Polygon","coordinates":[[[15.24,3.14],[15.24,3.18],[15.28,3.19],[15.35,3.19],[15.35,3.11],[15.28,3.09],[15.24,3.14]]]}},{"type":"Feature","properties":{"precip":10},"geometry":{"type":"Polygon","coordinates":[[[97.09,3.11],[97.17,3.16],[97.17,3.19],[97.2,3.21],[97.24,3.19],[97.24,3.11],[97.2,3.08],[97.17,3.08],[97.17,3.03],[97.24,2.91],[97.35,2.85],[97.35,2.83],[97.31,2.81],[97.24,2.8],[97.17,2.83],[97.17,2.91],[97.13,2.93],[97.13,3.0],[97.02,3.03],[97.02,3.08],[97.09,3.11]]]}},{"type":"Feature","properties":{"precip":10},"geometry":{"type":"Polygon","coordinates":[[[29.86,3.04],[29.86,3.09],[29.93,3.09],[29.93,3.06],[29.96,3.06],[29.96,3.04],[29.93,3.04],[29.93,3.01],[29.86,3.01],[29.86,3.04]]]}},{"type":"Feature","properties":{"precip":10},"geometry":{"type":"Polygon","coordinates":[[[96.81,3.04],[96.88,3.09],[96.95,3.08],[96.95,3.03],[96.88,3.01],[96.81,3.04]]]}},{"type":"Feature","properties":{"precip":10},"geometry":{"type":"Polygon","coordinates":[[[33.96,2.95],[33.96,3.0],[34.0,3.01],[34.03,3.0],[34.03,2.9],[33.96,2.91],[33.96,2.95]]]}},{"type":"Feature","properties":{"precip":10},"geometry":{"type":"Polygon","coordinates":[[[16.03,2.8],[16.03,2.83],[16.07,2.85],[16.11,2.9],[16.18,2.9],[16.25,2.85],[16.25,2.73],[16.18,2.7],[16.11,2.7],[16.07,2.71],[16.07,2.76],[16.03,2.8]]]}},{"type":"Feature","properties":{"precip":10},"geometry":{"type":"Polygon","coordinates":[[[30.5,2.83],[30.54,2.85],[30.61,2.88],[30.65,2.85],[30.65,2.45],[30.61,2.43],[30.61,2.42],[30.58,2.4],[30.5,2.4],[30.5,2.42],[30.47,2.42],[30.47,2.52],[30.43,2.58],[30.47,2.62],[30.47,2.75],[30.5,2.78],[30.5,2.83]]]}},{"type":"Feature","properties":{"precip":10},"geometry":{"type":"Polygon","coordinates":[[[15.85,2.75],[15.85,2.8],[15.93,2.8],[15.96,2.76],[15.96,2.73],[15.93,2.7],[15.85,2.7],[15.85,2.75]]]}},{"type":"Feature","properties":{"precip":10},"geometry":{"type":"Polygon","coordinates":[[[81.54,2.7],[81.54,2.75],[81.58,2.76],[81.62,2.8],[81.8,2.8],[81.83,2.78],[81.83,2.71],[81.8,2.67],[81.69,2.63],[81.65,2.58],[81.62,2.55],[81.58,2.52],[81.54,2.5],[81.44,2.5],[81.44,2.52],[81.44,2.55],[81.44,2.57],[81.44,2.6],[81.47,2.6],[81.47,2.62],[81.54,2.62],[81.54,2.7]]]}},{"type":"Feature","properties":{"precip":10},"geometry":{"type":"Polygon","coordinates":[[[15.13,2.67],[15.17,2.67],[15.17,2.7],[15.24,2.68],[15.24,2.63],[15.17,2.57],[15.1,2.52],[15.06,2.5],[14.99,2.5],[14.95,2.52],[14.95,2.58],[14.99,2.58],[14.99,2.6],[15.06,2.6],[15.13,2.62],[15.13,2.67]]]}},{"type":"Feature","properties":{"precip":10},"geometry":{"type":"Polygon","coordinates":[[[23.34,2.67],[23.38,2.68],[23.45,2.68],[23.45,2.62],[23.41,2.62],[23.41,2.6],[23.38,2.6],[23.38,2.62],[23.34,2.63],[23.34,2.67]]]}},{"type":"Feature","properties":{"precip":10},"geometry":{"type":"Polygon","coordinates":[[[33.35,2.43],[33.35,2.62],[33.38,2.67],[33.38,2.68],[33.42,2.7],[33.49,2.7],[33.53,2.67],[33.56,2.67],[33.56,2.63],[33.6,2.63],[33.6,2.62],[33.67,2.62],[33.71,2.6],[33.78,2.6],[33.82,2.62],[33.89,2.62],[33.96,2.65],[33.96,2.68],[34.0,2.7],[34.03,2.68],[34.03,2.63],[34.07,2.6],[34.07,2.5],[34.14,2.5],[34.14,2.57],[34.18,2.58],[34.18,2.6],[34.21,2.6],[34.21,2.58],[34.25,2.57],[34.25,2.45],[34.28,2.43],[34.28,2.42],[34.32,2.4],[34.39,2.4],[34.43,2.38],[34.43,2.34],[34.46,2.3],[34.46,2.09],[34.43,2.06],[34.43,2.02],[34.39,2.01],[34.28,2.01],[34.25,1.99],[34.21,1.99],[34.14,1.96],[34.14,1.92],[34.1,1.91],[34.1,1.89],[34.0,1.89],[33.96,1.89],[33.96,1.84],[33.92,1.82],[33.92,1.81],[33.78,1.81],[33.78,1.82],[33.74,1.84],[33.74,1.89],[33.71,1.89],[33.67,1.89],[33.6,1.92],[33.6,1.94],[33.53,1.96],[33.49,2.01],[33.46,2.02],[33.46,2.07],[33.42,2.09],[33.38,2.14],[33.38,2.17],[33.35,2.22],[33.35,2.43]]]}},{"type":"Feature","properties":{"precip":10},"geometry":{"type":"Polygon","coordinates":[[[95.51,2.67],[95.58,2.68],[95.65,2.68],[95.65,2.62],[95.62,2.62],[95.62,2.6],[95.58,2.6],[95.58,2.62],[95.51,2.63],[95.51,2.67]]]}},{"type":"Feature","properties":{"precip":10},"geometry":{"type":"Polygon","coordinates":[[[15.96,2.5],[15.96,2.58],[16.0,2.6],[16.03,2.6],[16.03,2.47],[16.07,2.47],[16.07,2.43],[16.11,2.42],[16.11,2.4],[16.21,2.4],[16.21,2.37],[16.25,2.35],[16.25,2.14],[16.29,2.12],[16.29,2.09],[16.32,2.09],[16.32,2.07],[16.36,2.06],[16.36,1.94],[16.32,1.92],[16.32,1.89],[16.29,1.89],[16.25,1.87],[16.25,1.73],[16.18,1.69],[16.03,1.69],[15.93,1.64],[15.93,1.63],[15.89,1.59],[15.89,1.58],[15.85,1.56],[15.85,1.54],[15.75,1.51],[15.64,1.51],[15.6,1.51],[15.57,1.54],[15.49,1.58],[15.49,1.61],[15.46,1.64],[15.46,1.68],[15.49,1.69],[15.53,1.71],[15.53,1.81],[15.57,1.84],[15.57,1.92],[15.6,1.96],[15.6,2.02],[15.67,2.09],[15.71,2.09],[15.78,2.09],[15.82,2.1],[15.82,2.12],[15.85,2.12],[15.85,2.17],[15.82,2.19],[15.82,2.2],[15.78,2.2],[15.78,2.22],[15.75,2.22],[15.75,2.27],[15.78,2.27],[15.78,2.29],[15.89,2.29],[15.93,2.3],[16.0,2.3],[16.03,2.32],[16.03,2.4],[16.0,2.4],[16.0,2.42],[15.96,2.42],[15.96,2.5]]]}},{"type":"Feature","properties":{"precip":10},"geometry":{"type":"Polygon","coordinates":[[[97.24,2.55],[97.24,2.57],[97.24,2.58],[97.31,2.6],[97.42,2.6],[97.42,2.58],[97.45,2.57],[97.45,2.53],[97.42,2.52],[97.42,2.5],[97.31,2.5],[97.24,2.52],[97.24,2.53],[97.24,2.55]]]}},{"type":"Feature","properties":{"precip":10},"geometry":{"type":"Polygon","coordinates":[[[18.7,2.38],[18.73,2.43],[18.73,2.47],[18.77,2.47],[18.77,2.48],[18.81,2.48],[18.84,2.47],[18.91,2.4],[18.91,2.35],[18.95,2.32],[18.95,2.22],[18.91,2.2],[18.88,2.2],[18.88,2.19],[18.84,2.17],[18.84,2.12],[18.88,2.12],[18.88,2.1],[18.91,2.1],[18.95,2.09],[19.02,2.09],[19.09,2.09],[19.13,2.07],[19.24,1.96],[19.24,1.87],[19.31,1.81],[19.31,1.77],[19.38,1.71],[19.42,1.69],[19.49,1.69],[19.56,1.73],[19.53,1.76],[19.53,1.79],[19.49,1.82],[19.45,1.87],[19.42,1.89],[19.38,1.91],[19.38,1.99],[19.42,2.01],[19.42,2.04],[19.45,2.06],[19.45,2.19],[19.49,2.19],[19.49,2.2],[19.53,2.2],[19.53,2.17],[19.56,2.17],[19.56,2.1],[19.6,2.1],[19.63,2.09],[19.71,2.09],[19.74,2.09],[19.74,2.02],[19.71,2.02],[19.71,2.01],[19.63,2.01],[19.56,1.96],[19.56,1.82],[19.6,1.81],[19.6,1.79],[19.63,1.76],[19.63,1.74],[19.71,1.71],[19.71,1.69],[19.74,1.66],[19.74,1.63],[19.71,1.61],[19.67,1.61],[19.63,1.59],[19.56,1.59],[19.53,1.58],[19.45,1.56],[19.42,1.53],[19.38,1.49],[19.38,1.44],[19.35,1.38],[19.35,1.25],[19.31,1.23],[19.31,1.2],[19.27,1.2],[19.27,1.13],[19.24,1.12],[19.24,0.98],[19.27,0.97],[19.27,0.92],[19.31,0.9],[19.31,0.92],[19.35,0.93],[19.35,1.07],[19.38,1.07],[19.38,1.12],[19.45,1.07],[19.45,1.03],[19.49,1.02],[19.53,1.02],[19.56,1.0],[19.74,1.0],[19.81,0.97],[19.85,0.97],[19.85,0.93],[19.89,0.92],[19.92,0.92],[19.92,0.9],[19.99,0.9],[20.03,0.88],[20.03,0.87],[20.07,0.85],[20.07,0.8],[20.1,0.8],[20.1,0.82],[20.14,0.82],[20.14,1.07],[20.1,1.1],[20.07,1.1],[20.07,1.05],[20.03,1.03],[20.03,1.0],[19.99,1.0],[19.96,1.02],[19.96,1.18],[19.99,1.2],[20.03,1.2],[20.14,1.15],[20.17,1.12],[20.39,0.93],[20.43,0.92],[20.43,0.93],[20.46,0.95],[20.46,1.07],[20.5,1.1],[20.53,1.1],[20.53,0.98],[20.57,0.95],[20.57,0.92],[20.61,0.9],[20.64,0.9],[20.64,0.82],[20.61,0.82],[20.61,0.8],[20.53,0.8],[20.5,0.79],[20.46,0.79],[20.46,0.74],[20.43,0.74],[20.43,0.72],[20.39,0.72],[20.39,0.7],[20.32,0.7],[20.25,0.67],[20.25,0.54],[20.21,0.52],[20.21,0.5],[20.17,0.5],[20.17,0.44],[20.14,0.41],[20.14,0.24],[20.1,0.21],[20.1,0.19],[20.07,0.16],[19.99,0.13],[19.96,0.09],[19.96,0.01],[19.99,0.01],[20.03,-0.01],[20.17,-0.01],[20.17,-0.02],[20.21,-0.02],[20.25,-0.04],[20.25,-0.06],[20.28,-0.06],[20.28,-0.07],[20.32,-0.09],[20.57,-0.09],[20.64,-0.11],[20.68,-0.11],[20.75,-0.14],[20.75,-0.35],[20.71,-0.37],[20.71,-0.4],[20.64,-0.4],[20.57,-0.42],[20.57,-0.45],[20.53,-0.47],[20.53,-0.58],[20.5,-0.6],[20.35,-0.6],[20.28,-0.62],[20.28,-0.63],[20.25,-0.65],[20.25,-0.76],[20.28,-0.78],[20.28,-0.81],[20.32,-0.81],[20.35,-0.83],[20.35,-0.95],[20.39,-0.96],[20.39,-1.0],[20.43,-1.01],[20.43,-1.03],[20.46,-1.06],[20.46,-1.08],[20.53,-1.08],[20.53,-1.06],[20.57,-1.05],[20.57,-1.01],[20.61,-1.0],[20.61,-1.01],[20.64,-1.03],[20.64,-1.05],[20.68,-1.06],[20.68,-1.09],[20.71,-1.09],[20.71,-1.08],[20.75,-1.05],[20.75,-1.03],[20.79,-1.01],[20.79,-1.0],[20.86,-1.03],[20.86,-1.06],[20.89,-1.09],[20.93,-1.14],[20.93,-1.29],[20.89,-1.29],[20.89,-1.31],[20.86,-1.31],[20.86,-1.39],[20.93,-1.39],[21.07,-1.39],[21.15,-1.42],[21.15,-1.56],[21.11,-1.59],[21.04,-1.66],[20.93,-1.7],[20.89,-1.7],[20.86,-1.72],[20.86,-1.77],[20.82,-1.77],[20.82,-1.79],[20.71,-1.79],[20.71,-1.8],[20.68,-1.8],[20.68,-1.82],[20.64,-1.82],[20.64,-1.87],[20.61,-1.89],[20.57,-1.89],[20.57,-1.9],[20.43,-1.9],[20.43,-1.89],[20.39,-1.89],[20.35,-1.87],[20.35,-1.84],[20.28,-1.8],[20.21,-1.8],[20.17,-1.79],[20.03,-1.79],[19.99,-1.77],[19.96,-1.77],[19.96,-1.7],[19.92,-1.67],[19.92,-1.64],[19.89,-1.61],[19.85,-1.57],[19.81,-1.54],[19.74,-1.44],[19.71,-1.41],[19.63,-1.33],[19.6,-1.29],[19.6,-1.26],[19.56,-1.23],[19.56,-1.16],[19.53,-1.14],[19.53,-1.13],[19.45,-1.09],[19.42,-1.09],[19.35,-1.06],[19.35,-0.95],[19.31,-0.93],[19.31,-0.91],[19.27,-0.9],[19.2,-0.9],[19.17,-0.88],[19.17,-0.62],[19.2,-0.62],[19.2,-0.58],[19.24,-0.58],[19.24,-0.52],[19.2,-0.5],[19.2,-0.48],[19.17,-0.48],[19.17,-0.42],[19.2,-0.4],[19.2,-0.39],[19.27,-0.32],[19.31,-0.3],[19.42,-0.3],[19.45,-0.32],[19.45,-0.4],[19.53,-0.4],[19.53,-0.37],[19.56,-0.35],[19.56,-0.24],[19.6,-0.2],[19.6,-0.19],[19.63,-0.17],[19.63,-0.15],[19.71,-0.12],[19.71,-0.09],[19.74,-0.07],[19.74,-0.02],[19.71,-0.02],[19.71,-0.01],[19.6,-0.01],[19.6,0.01],[19.56,0.01],[19.56,0.06],[19.53,0.08],[19.53,0.09],[19.49,0.09],[19.49,0.11],[19.42,0.09],[19.38,0.04],[19.31,-0.01],[19.17,-0.15],[19.09,-0.22],[19.06,-0.27],[19.06,-0.37],[19.02,-0.39],[19.02,-0.4],[18.99,-0.4],[18.99,-0.42],[18.95,-0.42],[18.95,-0.55],[18.91,-0.58],[18.91,-0.6],[18.88,-0.62],[18.88,-0.63],[18.84,-0.65],[18.81,-0.68],[18.77,-0.73],[18.77,-0.8],[18.73,-0.85],[18.73,-0.91],[18.77,-0.96],[18.77,-1.0],[18.81,-1.0],[18.81,-1.01],[18.84,-1.05],[18.84,-1.42],[18.88,-1.46],[18.88,-1.47],[18.91,-1.49],[18.91,-1.51],[18.99,-1.51],[19.02,-1.52],[19.02,-1.56],[19.06,-1.57],[19.06,-1.74],[19.13,-1.82],[19.13,-1.85],[19.17,-1.87],[19.2,-1.9],[19.27,-1.9],[19.27,-1.92],[19.31,-1.92],[19.35,-1.94],[19.35,-1.95],[19.38,-1.97],[19.38,-2.0],[19.45,-2.07],[19.53,-2.08],[19.56,-2.1],[19.6,-2.1],[19.63,-2.08],[19.63,-2.07],[19.67,-2.03],[19.67,-2.02],[19.71,-2.02],[19.78,-2.05],[19.81,-2.1],[19.81,-2.13],[19.85,-2.17],[19.85,-2.28],[19.89,-2.28],[19.89,-2.3],[19.92,-2.32],[19.92,-2.35],[19.96,-2.35],[19.96,-2.48],[19.85,-2.66],[19.78,-2.73],[19.74,-2.76],[19.67,-2.79],[19.6,-2.79],[19.56,-2.81],[19.56,-2.84],[19.53,-2.86],[19.53,-2.89],[19.45,-2.86],[19.38,-2.79],[19.38,-2.76],[19.27,-2.73],[19.24,-2.78],[19.17,-2.79],[19.17,-2.73],[19.13,-2.68],[19.13,-2.64],[19.09,-2.6],[19.02,-2.55],[18.91,-2.5],[18.84,-2.5],[18.77,-2.46],[18.7,-2.4],[18.66,-2.35],[18.66,-2.27],[18.63,-2.23],[18.55,-2.2],[18.34,-2.2],[18.3,-2.18],[18.27,-2.18],[18.19,-2.17],[18.16,-2.15],[18.09,-2.1],[18.05,-2.05],[17.94,-1.97],[17.94,-1.95],[17.83,-1.9],[17.8,-1.9],[17.8,-1.89],[17.76,-1.87],[17.76,-1.74],[17.91,-1.61],[17.98,-1.61],[18.01,-1.59],[18.12,-1.59],[18.12,-1.57],[18.16,-1.57],[18.16,-1.56],[18.09,-1.49],[18.09,-1.46],[18.05,-1.44],[18.01,-1.41],[17.98,-1.39],[17.94,-1.39],[17.91,-1.39],[17.83,-1.34],[17.76,-1.28],[17.73,-1.21],[17.65,-1.13],[17.58,-1.05],[17.55,-1.0],[17.55,-0.85],[17.58,-0.83],[17.58,-0.81],[17.62,-0.8],[17.62,-0.78],[17.65,-0.76],[17.65,-0.62],[17.69,-0.62],[17.69,-0.6],[17.73,-0.58],[17.73,-0.57],[17.76,-0.57],[17.76,-0.55],[17.73,-0.53],[17.73,-0.52],[17.69,-0.48],[17.65,-0.44],[17.65,-0.17],[17.69,-0.12],[17.69,-0.09],[17.73,-0.09],[17.73,-0.06],[17.76,-0.04],[17.76,0.06],[17.8,0.08],[17.8,0.09],[17.83,0.09],[17.87,0.11],[17.98,0.11],[18.05,0.14],[18.05,0.16],[18.09,0.16],[18.09,0.19],[18.19,0.19],[18.23,0.21],[18.23,0.29],[18.19,0.32],[18.12,0.36],[18.12,0.39],[18.09,0.41],[18.09,0.42],[18.05,0.44],[18.05,0.47],[18.09,0.49],[18.09,0.5],[18.12,0.5],[18.12,0.57],[18.16,0.59],[18.16,0.77],[18.19,0.79],[18.19,0.8],[18.23,0.79],[18.23,0.77],[18.27,0.75],[18.27,0.7],[18.3,0.7],[18.3,0.72],[18.34,0.74],[18.34,0.92],[18.37,0.93],[18.37,1.0],[18.41,1.0],[18.41,1.02],[18.45,1.02],[18.45,1.07],[18.41,1.1],[18.37,1.1],[18.34,1.12],[18.3,1.12],[18.27,1.12],[18.27,1.35],[18.23,1.4],[18.23,1.49],[18.19,1.49],[18.19,1.51],[18.09,1.51],[18.09,1.53],[18.05,1.54],[18.05,1.76],[18.09,1.77],[18.09,1.81],[18.12,1.81],[18.12,1.82],[18.16,1.84],[18.16,1.99],[18.19,1.99],[18.19,2.01],[18.23,2.01],[18.23,2.07],[18.27,2.09],[18.27,2.17],[18.3,2.19],[18.3,2.2],[18.41,2.2],[18.41,2.24],[18.45,2.24],[18.45,2.37],[18.48,2.38],[18.48,2.4],[18.52,2.4],[18.52,2.38],[18.55,2.37],[18.55,2.32],[18.63,2.32],[18.63,2.34],[18.66,2.37],[18.7,2.38]],[[18.84,0.9],[18.84,0.98],[18.81,0.98],[18.81,1.0],[18.77,0.98],[18.77,0.93],[18.73,0.93],[18.73,0.88],[18.77,0.87],[18.77,0.8],[18.81,0.8],[18.84,0.82],[18.84,0.9]],[[21.04,-1.56],[21.04,-1.51],[20.97,-1.51],[20.97,-1.59],[21.04,-1.59],[21.04,-1.56]],[[18.95,-2.25],[18.95,-2.22],[18.91,-2.2],[18.88,-2.2],[18.88,-2.22],[18.84,-2.22],[18.84,-2.28],[18.88,-2.28],[18.88,-2.3],[18.91,-2.3],[18.95,-2.28],[18.95,-2.25]]]}},{"type":"Feature","properties":{"precip":10},"geometry":{"type":"Polygon","coordinates":[[[9.66,2.35],[9.66,2.4],[9.74,2.4],[9.74,2.3],[9.7,2.3],[9.7,2.29],[9.66,2.29],[9.66,2.15],[9.63,2.12],[9.63,2.1],[9.59,2.1],[9.59,2.12],[9.56,2.14],[9.48,2.2],[9.48,2.24],[9.45,2.27],[9.45,2.29],[9.56,2.29],[9.56,2.3],[9.63,2.3],[9.63,2.34],[9.66,2.34],[9.66,2.35]]]}},{"type":"Feature","properties":{"precip":10},"geometry":{"type":"Polygon","coordinates":[[[22.26,2.35],[22.26,2.38],[22.3,2.4],[22.33,2.4],[22.33,2.3],[22.26,2.3],[22.26,2.35]]]}},{"type":"Feature","properties":{"precip":10},"geometry":{"type":"Polygon","coordinates":[[[79.17,2.37],[79.17,2.4],[79.28,2.4],[79.28,2.38],[79.31,2.38],[79.31,2.34],[79.38,2.32],[79.38,2.3],[79.46,2.3],[79.49,2.29],[79.6,2.29],[79.64,2.27],[79.64,2.24],[79.6,2.22],[79.49,2.2],[79.46,2.2],[79.38,2.22],[79.28,2.22],[79.28,2.25],[79.2,2.27],[79.2,2.3],[79.17,2.32],[79.17,2.37]]]}},{"type":"Feature","properties":{"precip":10},"geometry":{"type":"Polygon","coordinates":[[[81.0,2.35],[81.04,2.37],[81.04,2.38],[81.11,2.38],[81.11,2.4],[81.22,2.4],[81.22,2.38],[81.22,2.37],[81.22,2.34],[81.22,2.3],[81.0,2.15],[80.97,2.12],[80.79,2.09],[80.75,2.1],[80.75,2.15],[80.79,2.19],[80.79,2.22],[80.79,2.24],[80.82,2.27],[80.93,2.29],[80.97,2.29],[81.0,2.3],[81.0,2.35]]]}},{"type":"Feature","properties":{"precip":10},"geometry":{"type":"Polygon","coordinates":[[[35.15,2.25],[35.15,2.29],[35.22,2.29],[35.26,2.27],[35.26,2.22],[35.22,2.22],[35.22,2.2],[35.18,2.2],[35.18,2.22],[35.15,2.22],[35.15,2.25]]]}},{"type":"Feature","properties":{"precip":10},"geometry":{"type":"Polygon","coordinates":[[[76.87,2.25],[76.87,2.29],[77.01,2.29],[77.05,2.27],[77.05,2.25],[77.12,2.22],[77.19,2.2],[77.51,2.2],[77.55,2.19],[77.66,2.15],[77.66,2.06],[77.62,2.04],[77.62,2.01],[77.55,2.01],[77.55,1.99],[77.55,1.92],[77.66,1.89],[77.87,1.89],[77.95,1.87],[77.95,1.84],[77.98,1.84],[77.98,1.82],[77.98,1.81],[78.12,1.81],[78.16,1.79],[78.2,1.79],[78.2,1.77],[78.2,1.76],[78.23,1.74],[78.23,1.71],[78.34,1.71],[78.38,1.69],[78.56,1.69],[78.59,1.69],[78.63,1.69],[78.63,1.66],[78.63,1.63],[78.63,1.51],[78.74,1.51],[78.74,1.56],[78.77,1.56],[78.77,1.58],[78.81,1.59],[78.88,1.59],[78.88,1.58],[78.95,1.56],[78.95,1.53],[79.02,1.51],[79.17,1.51],[79.2,1.49],[79.2,1.48],[79.24,1.48],[79.24,1.33],[79.17,1.31],[78.95,1.31],[78.88,1.3],[78.81,1.3],[78.81,1.28],[78.77,1.28],[78.77,1.26],[78.74,1.25],[78.74,1.23],[78.63,1.2],[78.56,1.2],[78.52,1.21],[78.45,1.21],[78.45,1.23],[78.41,1.23],[78.41,1.28],[78.41,1.3],[78.38,1.3],[78.38,1.31],[78.34,1.31],[78.3,1.3],[78.23,1.3],[78.23,1.25],[78.16,1.2],[78.12,1.2],[78.05,1.21],[77.98,1.23],[77.95,1.25],[77.91,1.28],[77.91,1.31],[77.87,1.33],[77.87,1.41],[77.84,1.44],[77.84,1.58],[77.77,1.59],[77.73,1.59],[77.69,1.61],[77.62,1.61],[77.55,1.64],[77.55,1.66],[77.51,1.69],[77.41,1.79],[77.3,1.79],[77.23,1.73],[77.23,1.69],[77.19,1.69],[77.19,1.71],[77.12,1.73],[77.12,1.77],[77.12,1.79],[77.12,1.81],[77.08,1.79],[77.08,1.77],[77.05,1.74],[77.05,1.73],[77.01,1.71],[77.01,1.69],[76.97,1.69],[76.97,1.74],[76.9,1.76],[76.9,1.77],[76.87,1.81],[76.83,1.81],[76.76,1.84],[76.69,1.87],[76.69,1.89],[76.69,1.92],[76.65,1.94],[76.65,1.96],[76.58,1.99],[76.54,1.99],[76.47,2.01],[76.4,2.01],[76.36,2.02],[76.36,2.09],[76.4,2.12],[76.47,2.14],[76.47,2.17],[76.54,2.19],[76.61,2.2],[76.76,2.2],[76.76,2.22],[76.83,2.22],[76.83,2.25],[76.87,2.25]]]}},{"type":"Feature","properties":{"precip":10},"geometry":{"type":"Polygon","coordinates":[[[14.56,2.09],[14.56,2.19],[14.59,2.19],[14.59,2.2],[14.63,2.19],[14.63,2.12],[14.67,2.09],[14.63,2.09],[14.63,2.01],[14.59,2.01],[14.56,2.02],[14.56,2.09]]]}},{"type":"Feature","properties":{"precip":10},"geometry":{"type":"Polygon","coordinates":[[[17.37,2.09],[17.37,2.19],[17.4,2.2],[17.4,2.19],[17.44,2.19],[17.44,2.02],[17.4,2.01],[17.37,2.01],[17.37,2.09]]]}},{"type":"Feature","properties":{"precip":10},"geometry":{"type":"Polygon","coordinates":[[[22.44,2.15],[22.44,2.17],[22.48,2.17],[22.48,2.19],[22.51,2.2],[22.59,2.2],[22.62,2.19],[22.62,2.17],[22.66,2.17],[22.66,2.12],[22.62,2.12],[22.62,2.1],[22.59,2.1],[22.59,2.09],[22.51,2.09],[22.51,2.1],[22.48,2.1],[22.48,2.12],[22.44,2.12],[22.44,2.15]]]}},{"type":"Feature","properties":{"precip":10},"geometry":{"type":"Polygon","coordinates":[[[30.29,2.09],[30.32,2.14],[30.36,2.17],[30.36,2.19],[30.43,2.19],[30.43,2.15],[30.58,2.04],[30.58,2.01],[30.61,1.99],[30.61,1.91],[30.58,1.89],[30.58,1.86],[30.54,1.81],[30.54,1.69],[30.58,1.64],[30.58,1.61],[30.61,1.58],[30.65,1.58],[30.65,1.51],[30.61,1.51],[30.58,1.51],[30.58,1.53],[30.54,1.54],[30.54,1.58],[30.5,1.58],[30.5,1.59],[30.43,1.59],[30.36,1.63],[30.36,1.64],[30.32,1.66],[30.32,1.69],[30.29,1.69],[30.29,1.68],[30.25,1.66],[30.25,1.63],[30.22,1.63],[30.22,1.61],[30.18,1.61],[30.18,1.59],[30.14,1.59],[30.07,1.63],[30.07,1.68],[30.04,1.69],[30.04,1.89],[30.07,1.92],[30.07,1.96],[30.11,1.99],[30.11,2.01],[30.18,2.01],[30.22,2.02],[30.22,2.04],[30.25,2.06],[30.25,2.07],[30.29,2.09]]]}},{"type":"Feature","properties":{"precip":10},"geometry":{"type":"Polygon","coordinates":[[[34.86,2.15],[34.86,2.17],[34.9,2.19],[34.9,2.2],[35.0,2.2],[35.0,2.19],[35.04,2.17],[35.04,2.12],[34.97,2.09],[34.93,2.09],[34.86,2.12],[34.86,2.15]]]}},{"type":"Feature","properties":{"precip":10},"geometry":{"type":"Polygon","coordinates":[[[29.64,1.94],[29.64,1.96],[29.68,1.96],[29.68,2.01],[29.71,2.01],[29.71,1.99],[29.75,1.99],[29.75,1.91],[29.71,1.91],[29.71,1.89],[29.68,1.89],[29.68,1.92],[29.64,1.92],[29.64,1.94]]]}},{"type":"Feature","properties":{"precip":10},"geometry":{"type":"Polygon","coordinates":[[[95.08,1.89],[95.08,1.94],[95.15,1.96],[95.19,1.99],[95.22,1.99],[95.26,1.96],[95.26,1.92],[95.29,1.92],[95.29,1.91],[95.29,1.89],[95.47,1.89],[95.51,1.87],[95.51,1.74],[95.58,1.73],[95.58,1.69],[95.62,1.69],[95.62,1.63],[95.58,1.59],[95.58,1.56],[95.51,1.53],[95.47,1.49],[95.44,1.44],[95.37,1.41],[95.29,1.4],[95.29,1.41],[95.26,1.43],[95.22,1.46],[95.22,1.48],[95.19,1.48],[95.15,1.46],[95.08,1.43],[95.08,1.4],[95.08,1.36],[95.04,1.31],[94.97,1.26],[94.83,1.2],[94.72,1.2],[94.65,1.21],[94.65,1.23],[94.65,1.25],[94.65,1.43],[94.65,1.46],[94.65,1.51],[94.72,1.51],[94.72,1.53],[94.75,1.54],[94.75,1.76],[94.79,1.77],[94.79,1.79],[94.83,1.79],[94.86,1.81],[94.93,1.81],[94.97,1.82],[95.01,1.82],[95.04,1.84],[95.08,1.87],[95.08,1.89]],[[95.15,1.66],[95.15,1.69],[95.08,1.69],[95.04,1.68],[95.04,1.63],[95.08,1.63],[95.08,1.59],[95.08,1.61],[95.15,1.61],[95.15,1.66]]]}},{"type":"Feature","properties":{"precip":10},"geometry":{"type":"Polygon","coordinates":[[[34.86,1.82],[34.86,1.89],[34.9,1.89],[34.93,1.89],[34.93,1.86],[34.97,1.82],[35.0,1.81],[35.0,1.76],[35.04,1.74],[35.04,1.56],[35.08,1.54],[35.08,1.51],[35.11,1.51],[35.18,1.51],[35.22,1.51],[35.22,1.53],[35.26,1.56],[35.26,1.68],[35.33,1.69],[35.47,1.69],[35.51,1.69],[35.54,1.68],[35.54,1.63],[35.58,1.63],[35.58,1.61],[35.62,1.61],[35.62,1.59],[35.65,1.59],[35.72,1.63],[35.72,1.66],[35.76,1.68],[35.76,1.89],[35.8,1.89],[35.83,1.89],[35.87,1.86],[35.87,1.82],[35.94,1.76],[35.94,1.64],[35.8,1.51],[35.76,1.51],[35.72,1.49],[35.65,1.44],[35.51,1.31],[35.44,1.25],[35.4,1.18],[35.4,1.1],[35.44,1.07],[35.44,0.95],[35.47,0.93],[35.47,0.92],[35.51,0.92],[35.51,0.93],[35.54,0.93],[35.58,0.98],[35.62,1.0],[35.62,1.02],[35.65,1.03],[35.65,1.07],[35.62,1.07],[35.62,1.1],[35.58,1.12],[35.58,1.13],[35.54,1.13],[35.54,1.16],[35.58,1.18],[35.62,1.18],[35.62,1.16],[35.65,1.16],[35.65,1.15],[35.69,1.12],[35.72,1.1],[35.72,1.07],[35.8,1.03],[35.8,1.02],[35.83,1.02],[35.87,1.0],[35.9,1.0],[35.9,0.98],[35.94,0.98],[35.94,0.93],[35.98,0.93],[35.98,0.92],[36.01,0.92],[36.05,0.9],[36.08,0.9],[36.12,0.88],[36.12,0.87],[36.16,0.85],[36.16,0.74],[36.12,0.74],[36.12,0.7],[36.08,0.7],[36.08,0.69],[36.05,0.67],[36.05,0.54],[36.01,0.52],[36.01,0.5],[35.98,0.5],[35.98,0.52],[35.94,0.54],[35.94,0.57],[35.9,0.57],[35.87,0.59],[35.8,0.59],[35.76,0.6],[35.65,0.6],[35.44,0.65],[35.4,0.7],[35.36,0.74],[35.36,0.85],[35.33,0.88],[35.33,0.9],[35.29,0.9],[35.26,0.88],[35.26,0.87],[35.22,0.83],[35.22,0.82],[35.18,0.82],[35.18,0.83],[35.15,0.85],[35.15,0.87],[35.11,0.9],[35.08,0.92],[35.08,0.93],[35.04,0.95],[34.97,0.98],[34.93,0.98],[34.9,1.0],[34.82,1.0],[34.79,0.98],[34.79,0.97],[34.75,0.95],[34.75,0.74],[34.79,0.74],[34.79,0.7],[34.82,0.7],[34.82,0.65],[34.86,0.64],[34.86,0.55],[34.82,0.54],[34.75,0.5],[34.72,0.5],[34.64,0.54],[34.64,0.57],[34.61,0.59],[34.57,0.57],[34.57,0.54],[34.54,0.54],[34.54,0.52],[34.46,0.52],[34.46,0.57],[34.54,0.6],[34.54,0.69],[34.5,0.69],[34.46,0.7],[34.36,0.7],[34.32,0.72],[34.28,0.72],[34.28,0.74],[34.25,0.74],[34.25,0.77],[34.28,0.77],[34.28,0.79],[34.32,0.79],[34.32,0.8],[34.39,0.8],[34.43,0.82],[34.43,0.85],[34.46,0.88],[34.46,0.9],[34.43,0.93],[34.43,0.97],[34.36,1.0],[34.32,1.0],[34.25,0.97],[34.25,0.93],[34.21,0.92],[34.18,0.92],[34.18,0.93],[34.14,0.93],[34.14,0.95],[34.18,0.97],[34.18,0.98],[34.21,1.0],[34.25,1.03],[34.25,1.13],[34.18,1.2],[34.1,1.2],[34.07,1.21],[34.07,1.28],[34.18,1.36],[34.21,1.38],[34.21,1.4],[34.28,1.4],[34.28,1.41],[34.32,1.41],[34.32,1.43],[34.36,1.44],[34.36,1.48],[34.39,1.49],[34.39,1.51],[34.43,1.53],[34.46,1.56],[34.46,1.58],[34.5,1.58],[34.5,1.59],[34.54,1.58],[34.54,1.54],[34.61,1.51],[34.61,1.53],[34.64,1.53],[34.64,1.54],[34.79,1.68],[34.79,1.69],[34.82,1.73],[34.82,1.77],[34.86,1.81],[34.86,1.82]],[[34.86,1.54],[34.86,1.56],[34.82,1.58],[34.82,1.59],[34.79,1.59],[34.79,1.58],[34.75,1.58],[34.75,1.44],[34.72,1.43],[34.72,1.4],[34.68,1.38],[34.68,1.36],[34.64,1.36],[34.64,1.33],[34.68,1.33],[34.68,1.31],[34.72,1.31],[34.72,1.28],[34.75,1.26],[34.75,1.23],[34.72,1.23],[34.72,1.21],[34.64,1.18],[34.64,1.13],[34.68,1.12],[34.82,1.12],[34.9,1.12],[34.93,1.13],[34.97,1.16],[35.04,1.26],[35.04,1.48],[34.97,1.51],[34.9,1.51],[34.86,1.51],[34.86,1.54]]]}},{"type":"Feature","properties":{"precip":10},"geometry":{"type":"Polygon","coordinates":[[[79.06,1.86],[79.06,1.89],[79.2,1.89],[79.24,1.89],[79.24,1.82],[79.2,1.82],[79.2,1.81],[79.06,1.81],[79.06,1.82],[79.06,1.86]]]}},{"type":"Feature","properties":{"precip":10},"geometry":{"type":"Polygon","coordinates":[[[-0.85,1.69],[-0.85,1.76],[-0.81,1.77],[-0.81,1.79],[-0.78,1.79],[-0.74,1.81],[-0.67,1.81],[-0.63,1.79],[-0.6,1.79],[-0.6,1.77],[-0.56,1.76],[-0.56,1.64],[-0.6,1.63],[-0.6,1.61],[-0.63,1.61],[-0.67,1.59],[-0.74,1.59],[-0.78,1.61],[-0.81,1.61],[-0.81,1.63],[-0.85,1.64],[-0.85,1.69]]]}},{"type":"Feature","properties":{"precip":10},"geometry":{"type":"Polygon","coordinates":[[[96.45,1.66],[96.45,1.69],[96.48,1.69],[96.52,1.69],[96.55,1.69],[96.55,1.61],[96.52,1.61],[96.52,1.59],[96.48,1.59],[96.48,1.61],[96.45,1.63],[96.45,1.66]]]}},{"type":"Feature","properties":{"precip":10},"geometry":{"type":"Polygon","coordinates":[[[79.85,1.54],[79.85,1.58],[79.89,1.59],[79.92,1.59],[79.92,1.58],[79.92,1.56],[79.92,1.53],[79.92,1.51],[79.89,1.51],[79.85,1.51],[79.85,1.54]]]}},{"type":"Feature","properties":{"precip":10},"geometry":{"type":"Polygon","coordinates":[[[80.07,1.54],[80.07,1.59],[80.14,1.59],[80.14,1.51],[80.07,1.51],[80.07,1.54]]]}},{"type":"Feature","properties":{"precip":10},"geometry":{"type":"Polygon","coordinates":[[[98.03,1.51],[98.03,1.54],[98.07,1.58],[98.07,1.59],[98.1,1.59],[98.1,1.58],[98.1,1.56],[98.17,1.53],[98.21,1.49],[98.25,1.48],[98.25,1.43],[98.17,1.4],[98.03,1.4],[97.96,1.43],[97.96,1.46],[98.03,1.51]]]}},{"type":"Feature","properties":{"precip":10},"geometry":{"type":"Polygon","coordinates":[[[75.25,1.15],[75.25,1.18],[75.28,1.18],[75.28,1.2],[75.32,1.2],[75.32,1.18],[75.35,1.18],[75.35,1.12],[75.28,1.12],[75.25,1.12],[75.25,1.15]]]}},{"type":"Feature","properties":{"precip":10},"geometry":{"type":"Polygon","coordinates":[[[75.64,1.05],[75.64,1.07],[75.68,1.07],[75.68,1.1],[75.71,1.1],[75.75,1.12],[75.79,1.1],[75.82,1.1],[75.82,1.07],[75.86,1.07],[75.86,1.03],[75.79,1.0],[75.71,1.0],[75.64,1.03],[75.64,1.05]]]}},{"type":"Feature","properties":{"precip":10},"geometry":{"type":"Polygon","coordinates":[[[78.16,1.05],[78.16,1.1],[78.2,1.1],[78.2,1.07],[78.23,1.05],[78.2,1.05],[78.2,1.0],[78.16,1.02],[78.16,1.05]]]}},{"type":"Feature","properties":{"precip":10},"geometry":{"type":"Polygon","coordinates":[[[31.84,0.85],[31.84,0.87],[31.87,0.88],[31.87,0.9],[31.94,0.9],[31.94,0.8],[31.87,0.8],[31.87,0.82],[31.84,0.83],[31.84,0.85]]]}},{"type":"Feature","properties":{"precip":10},"geometry":{"type":"Polygon","coordinates":[[[94.21,0.85],[94.21,0.88],[94.29,0.9],[94.32,0.9],[94.32,0.88],[94.36,0.88],[94.36,0.82],[94.32,0.82],[94.32,0.8],[94.29,0.8],[94.21,0.82],[94.21,0.85]]]}},{"type":"Feature","properties":{"precip":10},"geometry":{"type":"Polygon","coordinates":[[[94.75,0.85],[94.75,0.88],[94.79,0.9],[94.83,0.9],[94.83,0.88],[94.86,0.87],[94.86,0.83],[94.83,0.82],[94.83,0.8],[94.79,0.8],[94.75,0.82],[94.75,0.85]]]}},{"type":"Feature","properties":{"precip":10},"geometry":{"type":"Polygon","coordinates":[[[17.65,0.67],[17.73,0.75],[17.8,0.79],[17.83,0.77],[17.83,0.75],[17.94,0.67],[17.94,0.6],[17.76,0.6],[17.76,0.59],[17.73,0.59],[17.65,0.55],[17.65,0.54],[17.62,0.54],[17.62,0.5],[17.58,0.5],[17.58,0.59],[17.62,0.62],[17.62,0.64],[17.65,0.67]]]}},{"type":"Feature","properties":{"precip":10},"geometry":{"type":"Polygon","coordinates":[[[35.15,0.6],[35.15,0.69],[35.18,0.7],[35.26,0.67],[35.29,0.62],[35.33,0.59],[35.33,0.5],[35.22,0.5],[35.18,0.52],[35.18,0.54],[35.15,0.54],[35.15,0.6]]]}},{"type":"Feature","properties":{"precip":10},"geometry":{"type":"Polygon","coordinates":[[[36.26,0.6],[36.26,0.69],[36.3,0.69],[36.3,0.7],[36.41,0.7],[36.41,0.69],[36.44,0.67],[36.44,0.54],[36.41,0.54],[36.41,0.5],[36.3,0.5],[36.3,0.52],[36.26,0.54],[36.26,0.6]]]}},{"type":"Feature","properties":{"precip":10},"geometry":{"type":"Polygon","coordinates":[[[6.64,0.34],[6.64,0.36],[6.68,0.37],[6.68,0.39],[6.71,0.39],[6.75,0.37],[6.75,0.32],[6.71,0.31],[6.68,0.31],[6.68,0.32],[6.64,0.34]]]}},{"type":"Feature","properties":{"precip":10},"geometry":{"type":"Polygon","coordinates":[[[34.64,0.31],[34.64,0.36],[34.68,0.39],[34.75,0.36],[34.82,0.31],[34.82,0.27],[34.86,0.24],[34.86,0.22],[34.79,0.19],[34.72,0.19],[34.72,0.21],[34.68,0.21],[34.68,0.24],[34.64,0.26],[34.64,0.31]]]}},{"type":"Feature","properties":{"precip":10},"geometry":{"type":"Polygon","coordinates":[[[35.36,0.26],[35.36,0.36],[35.44,0.39],[35.98,0.39],[36.01,0.37],[36.05,0.37],[36.05,0.34],[35.98,0.26],[35.9,0.21],[35.87,0.16],[35.8,0.14],[35.76,0.11],[35.72,0.11],[35.69,0.09],[35.69,0.08],[35.65,0.06],[35.65,-0.02],[35.62,-0.06],[35.62,-0.11],[35.54,-0.17],[35.47,-0.19],[35.44,-0.2],[35.33,-0.2],[35.26,-0.17],[35.26,-0.12],[35.29,-0.11],[35.33,-0.07],[35.33,-0.02],[35.29,-0.01],[35.29,0.01],[35.26,0.03],[35.26,0.08],[35.33,0.11],[35.33,0.19],[35.36,0.22],[35.36,0.26]]]}},{"type":"Feature","properties":{"precip":10},"geometry":{"type":"Polygon","coordinates":[[[32.74,0.16],[32.77,0.16],[32.77,0.19],[32.81,0.19],[32.81,0.16],[32.84,0.16],[32.84,-0.04],[32.88,-0.06],[32.88,-0.09],[32.92,-0.09],[32.92,-0.12],[32.95,-0.12],[32.95,-0.27],[32.92,-0.29],[32.92,-0.3],[32.88,-0.3],[32.88,-0.32],[32.84,-0.34],[32.84,-0.42],[32.77,-0.52],[32.74,-0.58],[32.66,-0.62],[32.63,-0.67],[32.56,-0.68],[32.52,-0.7],[32.48,-0.68],[32.48,-0.67],[32.45,-0.63],[32.45,-0.15],[32.48,-0.07],[32.48,-0.02],[32.52,0.04],[32.56,0.08],[32.63,0.09],[32.66,0.11],[32.7,0.11],[32.74,0.13],[32.74,0.16]]]}},{"type":"Feature","properties":{"precip":10},"geometry":{"type":"Polygon","coordinates":[[[29.24,0.04],[29.24,0.08],[29.28,0.09],[29.28,0.11],[29.32,0.11],[29.32,0.09],[29.35,0.09],[29.35,0.01],[29.32,0.01],[29.32,-0.01],[29.28,-0.01],[29.28,0.01],[29.24,0.03],[29.24,0.04]]]}},{"type":"Feature","properties":{"precip":10},"geometry":{"type":"Polygon","coordinates":[[[33.64,-0.24],[33.67,-0.24],[33.67,-0.2],[33.71,-0.2],[33.74,-0.22],[33.74,-0.29],[33.71,-0.29],[33.71,-0.3],[33.67,-0.29],[33.67,-0.27],[33.64,-0.25],[33.64,-0.24]]]}},{"type":"Feature","properties":{"precip":10},"geometry":{"type":"Polygon","coordinates":[[[33.96,-0.27],[33.96,-0.22],[34.0,-0.2],[34.03,-0.22],[34.03,-0.24],[34.07,-0.25],[34.03,-0.29],[34.03,-0.34],[33.92,-0.47],[33.89,-0.5],[33.89,-0.52],[33.85,-0.55],[33.78,-0.58],[33.78,-0.6],[33.74,-0.6],[33.67,-0.62],[33.67,-0.68],[33.64,-0.73],[33.64,-0.88],[33.6,-0.9],[33.53,-0.9],[33.49,-0.88],[33.38,-0.8],[33.38,-0.76],[33.35,-0.73],[33.35,-0.62],[33.31,-0.62],[33.31,-0.6],[33.28,-0.6],[33.28,-0.57],[33.24,-0.53],[33.24,-0.45],[33.28,-0.44],[33.28,-0.42],[33.31,-0.42],[33.31,-0.4],[33.38,-0.4],[33.38,-0.42],[33.42,-0.42],[33.46,-0.42],[33.46,-0.47],[33.53,-0.5],[33.56,-0.5],[33.6,-0.48],[33.64,-0.48],[33.64,-0.45],[33.67,-0.44],[33.67,-0.42],[33.71,-0.4],[33.71,-0.42],[33.74,-0.42],[33.74,-0.47],[33.78,-0.47],[33.78,-0.48],[33.82,-0.48],[33.82,-0.47],[33.89,-0.44],[33.89,-0.4],[33.92,-0.39],[33.92,-0.34],[33.96,-0.32],[33.96,-0.27]]]}},{"type":"Feature","properties":{"precip":10},"geometry":{"type":"Polygon","coordinates":[[[28.52,-0.47],[28.52,-0.44],[28.6,-0.42],[28.63,-0.42],[28.63,-0.5],[28.6,-0.5],[28.56,-0.52],[28.56,-0.62],[28.52,-0.65],[28.49,-0.7],[28.49,-0.73],[28.45,-0.76],[28.38,-0.8],[28.34,-0.78],[28.34,-0.73],[28.38,-0.73],[28.42,-0.73],[28.42,-0.67],[28.45,-0.67],[28.45,-0.55],[28.49,-0.53],[28.49,-0.48],[28.52,-0.47]]]}},{"type":"Feature","properties":{"precip":10},"geometry":{"type":"Polygon","coordinates":[[[21.15,-0.65],[21.15,-0.55],[21.18,-0.53],[21.18,-0.52],[21.22,-0.5],[21.29,-0.5],[21.33,-0.52],[21.33,-0.57],[21.36,-0.58],[21.36,-0.67],[21.4,-0.68],[21.4,-0.7],[21.51,-0.7],[21.51,-0.73],[21.54,-0.73],[21.54,-0.78],[21.58,-0.78],[21.58,-0.8],[21.61,-0.8],[21.61,-0.81],[21.69,-0.81],[21.69,-0.8],[21.72,-0.8],[21.72,-0.78],[21.76,-0.78],[21.76,-0.73],[21.79,-0.73],[21.79,-0.7],[21.9,-0.7],[21.9,-0.68],[21.94,-0.68],[21.94,-0.62],[21.97,-0.62],[21.97,-0.6],[22.01,-0.6],[22.01,-0.62],[22.05,-0.62],[22.05,-0.78],[22.01,-0.81],[21.97,-0.81],[21.97,-0.83],[21.94,-0.85],[21.97,-0.86],[21.97,-0.88],[22.01,-0.9],[22.01,-0.91],[22.05,-0.93],[22.05,-0.98],[21.97,-1.0],[21.97,-1.01],[21.94,-1.03],[21.94,-1.05],[21.97,-1.08],[22.01,-1.09],[22.08,-1.09],[22.08,-1.11],[22.12,-1.11],[22.12,-1.13],[22.15,-1.14],[22.15,-1.18],[22.12,-1.23],[22.08,-1.31],[21.76,-1.62],[21.58,-1.77],[21.54,-1.79],[21.51,-1.79],[21.51,-1.8],[21.47,-1.8],[21.47,-1.82],[21.43,-1.84],[21.43,-1.85],[21.47,-1.87],[21.47,-1.89],[21.51,-1.89],[21.51,-1.9],[21.58,-1.9],[21.61,-1.92],[21.65,-1.92],[21.65,-1.97],[21.69,-1.97],[21.69,-1.99],[21.76,-1.99],[21.79,-2.0],[21.87,-2.0],[21.9,-2.02],[21.94,-2.02],[21.94,-2.03],[21.97,-2.05],[21.97,-2.1],[22.01,-2.1],[22.01,-2.08],[22.05,-2.07],[22.05,-2.03],[22.08,-2.02],[22.15,-2.0],[22.3,-2.0],[22.33,-2.02],[22.33,-2.1],[22.3,-2.1],[22.3,-2.12],[22.26,-2.12],[22.26,-2.23],[22.23,-2.25],[22.23,-2.3],[22.19,-2.32],[22.19,-2.33],[22.15,-2.33],[22.15,-2.36],[22.23,-2.4],[22.23,-2.5],[22.19,-2.5],[22.19,-2.48],[22.15,-2.48],[22.15,-2.43],[22.12,-2.41],[22.12,-2.4],[22.08,-2.4],[22.05,-2.43],[22.05,-2.55],[22.08,-2.56],[22.08,-2.6],[22.12,-2.61],[22.12,-2.63],[22.15,-2.63],[22.15,-2.68],[22.12,-2.68],[22.08,-2.69],[22.08,-2.68],[22.05,-2.66],[22.05,-2.63],[22.01,-2.61],[22.01,-2.6],[21.97,-2.6],[21.97,-2.64],[21.94,-2.66],[21.94,-2.68],[21.87,-2.71],[21.79,-2.68],[21.76,-2.68],[21.76,-2.66],[21.72,-2.64],[21.72,-2.6],[21.69,-2.6],[21.69,-2.63],[21.65,-2.64],[21.65,-2.66],[21.58,-2.69],[21.51,-2.69],[21.43,-2.71],[21.33,-2.71],[21.18,-2.68],[21.18,-2.66],[21.15,-2.63],[21.15,-2.46],[21.18,-2.45],[21.18,-2.4],[21.22,-2.4],[21.22,-2.38],[21.25,-2.36],[21.25,-2.33],[21.22,-2.33],[21.22,-2.32],[21.18,-2.32],[21.18,-2.3],[21.11,-2.3],[21.07,-2.28],[21.07,-2.25],[21.04,-2.22],[21.04,-2.02],[21.0,-2.0],[21.0,-1.99],[20.97,-1.99],[20.97,-1.92],[21.0,-1.92],[21.0,-1.9],[21.11,-1.9],[21.11,-1.87],[21.15,-1.85],[21.15,-1.74],[21.22,-1.7],[21.29,-1.7],[21.29,-1.69],[21.33,-1.69],[21.33,-1.64],[21.36,-1.62],[21.36,-1.52],[21.4,-1.52],[21.4,-1.51],[21.43,-1.51],[21.54,-1.46],[21.61,-1.39],[21.61,-1.36],[21.65,-1.33],[21.65,-1.21],[21.61,-1.19],[21.58,-1.19],[21.58,-1.21],[21.54,-1.23],[21.54,-1.28],[21.51,-1.29],[21.47,-1.29],[21.47,-1.21],[21.51,-1.19],[21.54,-1.18],[21.54,-1.13],[21.51,-1.11],[21.51,-1.09],[21.47,-1.08],[21.47,-1.03],[21.43,-1.01],[21.43,-0.91],[21.36,-0.88],[21.36,-0.76],[21.33,-0.75],[21.33,-0.7],[21.29,-0.7],[21.25,-0.73],[21.25,-0.78],[21.22,-0.8],[21.22,-0.81],[21.18,-0.81],[21.18,-0.76],[21.15,-0.73],[21.15,-0.65]]]}},{"type":"Feature","properties":{"precip":10},"geometry":{"type":"Polygon","coordinates":[[[28.96,-0.55],[28.96,-0.5],[29.03,-0.5],[29.03,-0.53],[29.06,-0.53],[29.06,-0.57],[29.03,-0.57],[29.03,-0.6],[28.96,-0.6],[28.96,-0.55]]]}},{"type":"Feature","properties":{"precip":10},"geometry":{"type":"Polygon","coordinates":[[[29.14,-0.65],[29.14,-0.62],[29.17,-0.62],[29.17,-0.6],[29.21,-0.6],[29.21,-0.62],[29.24,-0.62],[29.24,-0.68],[29.21,-0.7],[29.17,-0.7],[29.17,-0.68],[29.14,-0.67],[29.14,-0.65]]]}},{"type":"Feature","properties":{"precip":10},"geometry":{"type":"Polygon","coordinates":[[[28.06,-1.09],[28.06,-1.03],[28.09,-1.01],[28.09,-1.0],[28.2,-1.0],[28.24,-1.01],[28.24,-1.09],[28.2,-1.09],[28.16,-1.11],[28.16,-1.19],[28.2,-1.19],[28.27,-1.19],[28.27,-1.21],[28.31,-1.21],[28.31,-1.23],[28.38,-1.26],[28.38,-1.28],[28.42,-1.29],[28.42,-1.38],[28.38,-1.41],[28.34,-1.44],[28.31,-1.51],[28.24,-1.57],[28.16,-1.64],[28.09,-1.69],[28.06,-1.74],[28.02,-1.75],[27.98,-1.77],[27.91,-1.79],[27.7,-1.79],[27.7,-1.77],[27.66,-1.77],[27.66,-1.57],[27.7,-1.51],[27.73,-1.46],[27.77,-1.42],[27.8,-1.41],[27.84,-1.44],[27.84,-1.46],[27.88,-1.49],[27.91,-1.49],[27.95,-1.51],[28.06,-1.46],[28.09,-1.42],[28.09,-1.39],[28.13,-1.36],[28.13,-1.33],[28.16,-1.28],[28.16,-1.24],[28.13,-1.21],[28.13,-1.19],[28.09,-1.19],[28.06,-1.19],[28.06,-1.09]]]}},{"type":"Feature","properties":{"precip":10},"geometry":{"type":"Polygon","coordinates":[[[23.23,-1.66],[23.23,-1.64],[23.27,-1.62],[23.27,-1.59],[23.31,-1.59],[23.34,-1.61],[23.34,-1.69],[23.31,-1.7],[23.27,-1.7],[23.27,-1.67],[23.23,-1.66]]]}},{"type":"Feature","properties":{"precip":10},"geometry":{"type":"Polygon","coordinates":[[[94.93,-1.67],[94.97,-1.66],[94.97,-1.61],[95.01,-1.59],[95.04,-1.61],[95.04,-1.67],[95.08,-1.67],[95.08,-1.69],[95.08,-1.7],[95.19,-1.7],[95.22,-1.72],[95.29,-1.77],[95.29,-1.82],[95.29,-1.92],[95.37,-1.97],[95.37,-2.08],[95.4,-2.1],[95.4,-2.13],[95.44,-2.13],[95.44,-2.17],[95.4,-2.17],[95.37,-2.2],[95.37,-2.36],[95.44,-2.4],[95.51,-2.4],[95.51,-2.43],[95.51,-2.55],[95.51,-2.56],[95.51,-2.6],[95.4,-2.6],[95.4,-2.61],[95.37,-2.63],[95.37,-2.73],[95.29,-2.74],[95.29,-2.78],[95.29,-2.79],[95.22,-2.79],[95.19,-2.81],[95.15,-2.84],[95.15,-2.93],[95.08,-2.96],[95.04,-3.07],[94.93,-3.16],[94.83,-3.21],[94.75,-3.22],[94.75,-3.29],[94.83,-3.3],[94.83,-3.32],[94.86,-3.32],[94.86,-3.35],[94.79,-3.39],[94.72,-3.4],[94.65,-3.39],[94.65,-3.35],[94.65,-3.34],[94.65,-3.24],[94.61,-3.21],[94.5,-3.21],[94.39,-3.17],[94.32,-3.14],[94.32,-3.11],[94.29,-3.11],[94.29,-3.12],[94.21,-3.16],[94.14,-3.19],[94.0,-3.21],[93.96,-3.17],[93.96,-3.12],[94.0,-3.06],[94.11,-3.01],[94.11,-2.97],[94.14,-2.94],[94.14,-2.84],[94.18,-2.83],[94.18,-2.79],[94.21,-2.78],[94.21,-2.73],[94.21,-2.71],[94.11,-2.71],[94.07,-2.73],[94.07,-2.78],[94.0,-2.79],[94.0,-2.88],[93.96,-2.91],[93.89,-2.91],[93.85,-2.93],[93.85,-2.96],[93.75,-2.97],[93.71,-2.99],[93.31,-2.99],[93.28,-2.97],[93.28,-2.94],[93.24,-2.93],[93.24,-2.63],[93.21,-2.61],[93.21,-2.6],[93.13,-2.6],[93.13,-2.56],[93.13,-2.55],[93.13,-2.53],[93.21,-2.51],[93.31,-2.51],[93.35,-2.5],[93.35,-2.51],[93.49,-2.51],[93.53,-2.53],[93.53,-2.55],[93.57,-2.55],[93.57,-2.6],[93.64,-2.58],[93.64,-2.48],[93.67,-2.45],[93.67,-2.41],[93.71,-2.41],[93.71,-2.4],[93.89,-2.4],[93.89,-2.41],[93.93,-2.41],[93.93,-2.43],[93.96,-2.45],[93.96,-2.48],[94.0,-2.48],[94.0,-2.5],[94.11,-2.5],[94.14,-2.51],[94.21,-2.51],[94.21,-2.53],[94.21,-2.55],[94.21,-2.68],[94.32,-2.71],[94.32,-2.68],[94.36,-2.66],[94.36,-2.53],[94.39,-2.51],[94.39,-2.5],[94.43,-2.48],[94.43,-2.36],[94.43,-2.35],[94.43,-2.12],[94.54,-2.08],[94.54,-1.97],[94.57,-1.95],[94.57,-1.92],[94.61,-1.92],[94.61,-1.9],[94.72,-1.9],[94.79,-1.89],[94.83,-1.85],[94.86,-1.84],[94.86,-1.79],[94.93,-1.77],[94.93,-1.67]]]}},{"type":"Feature","properties":{"precip":10},"geometry":{"type":"Polygon","coordinates":[[[27.62,-2.28],[27.66,-2.22],[27.73,-2.17],[27.77,-2.15],[27.88,-2.1],[27.91,-2.1],[27.95,-2.12],[27.95,-2.18],[27.91,-2.18],[27.91,-2.2],[27.88,-2.2],[27.88,-2.23],[27.84,-2.25],[27.84,-2.35],[27.8,-2.38],[27.8,-2.4],[27.77,-2.41],[27.77,-2.43],[27.73,-2.46],[27.73,-2.48],[27.7,-2.48],[27.7,-2.5],[27.66,-2.48],[27.66,-2.45],[27.62,-2.43],[27.62,-2.4],[27.59,-2.4],[27.59,-2.41],[27.55,-2.43],[27.55,-2.46],[27.52,-2.48],[27.52,-2.5],[27.48,-2.5],[27.48,-2.45],[27.52,-2.41],[27.52,-2.38],[27.55,-2.35],[27.59,-2.32],[27.62,-2.28]]]}},{"type":"Feature","properties":{"precip":10},"geometry":{"type":"Polygon","coordinates":[[[89.97,-2.2],[89.97,-2.15],[90.0,-2.13],[90.08,-2.1],[90.11,-2.1],[90.18,-2.12],[90.22,-2.15],[90.29,-2.17],[90.33,-2.2],[90.33,-2.25],[90.33,-2.27],[90.33,-2.28],[90.33,-2.3],[90.22,-2.3],[90.22,-2.32],[90.18,-2.32],[90.18,-2.33],[90.11,-2.35],[90.11,-2.55],[90.08,-2.6],[90.04,-2.6],[90.0,-2.56],[89.9,-2.55],[89.86,-2.48],[89.79,-2.38],[89.75,-2.35],[89.75,-2.32],[89.79,-2.32],[89.82,-2.3],[89.9,-2.3],[89.9,-2.28],[89.9,-2.25],[89.97,-2.22],[89.97,-2.2]]]}},{"type":"Feature","properties":{"precip":10},"geometry":{"type":"Polygon","coordinates":[[[92.45,-2.23],[92.45,-2.15],[92.49,-2.13],[92.49,-2.12],[92.49,-2.1],[92.67,-2.1],[92.7,-2.12],[92.7,-2.13],[92.7,-2.28],[92.67,-2.32],[92.67,-2.41],[92.63,-2.43],[92.63,-2.51],[92.59,-2.51],[92.59,-2.53],[92.56,-2.53],[92.56,-2.56],[92.63,-2.6],[92.63,-2.69],[92.67,-2.73],[92.67,-2.79],[92.63,-2.83],[92.63,-2.89],[92.59,-2.91],[92.49,-2.91],[92.45,-2.93],[92.45,-3.06],[92.38,-3.11],[92.27,-3.11],[92.27,-3.12],[92.27,-3.17],[92.23,-3.21],[92.23,-3.37],[92.16,-3.4],[92.05,-3.39],[92.02,-3.39],[91.95,-3.34],[91.84,-3.29],[91.84,-3.26],[91.84,-3.22],[91.84,-3.21],[92.02,-3.21],[92.13,-3.17],[92.16,-3.12],[92.16,-2.99],[92.13,-2.96],[92.13,-2.91],[92.05,-2.91],[92.05,-2.93],[92.05,-3.06],[92.02,-3.09],[91.95,-3.09],[91.91,-3.11],[91.62,-3.11],[91.59,-3.09],[91.52,-3.09],[91.41,-3.04],[91.41,-3.02],[91.52,-2.97],[91.55,-2.96],[91.55,-2.93],[91.48,-2.91],[91.48,-2.86],[91.41,-2.84],[91.41,-2.71],[91.3,-2.78],[91.3,-2.84],[91.26,-2.88],[91.26,-3.12],[91.19,-3.14],[91.19,-3.19],[91.16,-3.19],[91.12,-3.21],[90.98,-3.17],[90.98,-3.14],[90.94,-3.12],[90.94,-2.94],[90.98,-2.89],[90.98,-2.83],[90.98,-2.78],[91.05,-2.74],[91.16,-2.71],[91.19,-2.71],[91.26,-2.69],[91.34,-2.68],[91.34,-2.6],[91.26,-2.56],[91.3,-2.55],[91.34,-2.48],[91.41,-2.38],[91.52,-2.32],[91.59,-2.3],[91.62,-2.32],[91.62,-2.35],[91.62,-2.38],[91.62,-2.56],[91.7,-2.58],[91.7,-2.6],[91.73,-2.6],[91.73,-2.56],[91.77,-2.55],[91.84,-2.51],[91.98,-2.51],[92.02,-2.5],[92.23,-2.5],[92.34,-2.45],[92.41,-2.4],[92.41,-2.35],[92.45,-2.3],[92.45,-2.23]],[[92.45,-2.74],[92.45,-2.64],[92.41,-2.63],[92.41,-2.61],[92.38,-2.6],[92.27,-2.6],[92.27,-2.61],[92.27,-2.68],[92.23,-2.71],[92.23,-2.79],[92.27,-2.83],[92.27,-2.89],[92.27,-2.91],[92.38,-2.91],[92.45,-2.84],[92.45,-2.74]],[[91.77,-2.94],[91.73,-2.93],[91.73,-2.91],[91.62,-2.91],[91.62,-2.99],[91.73,-2.99],[91.73,-2.96],[91.77,-2.94]]]}},{"type":"Feature","properties":{"precip":10},"geometry":{"type":"Polygon","coordinates":[[[93.24,-2.25],[93.24,-2.23],[93.28,-2.22],[93.28,-2.2],[93.42,-2.2],[93.42,-2.22],[93.46,-2.23],[93.46,-2.27],[93.42,-2.28],[93.42,-2.3],[93.28,-2.3],[93.28,-2.28],[93.24,-2.27],[93.24,-2.25]]]}},{"type":"Feature","properties":{"precip":10},"geometry":{"type":"Polygon","coordinates":[[[93.64,-2.25],[93.64,-2.23],[93.67,-2.23],[93.67,-2.22],[93.71,-2.2],[93.78,-2.2],[93.78,-2.22],[93.85,-2.23],[93.85,-2.27],[93.78,-2.28],[93.78,-2.3],[93.71,-2.3],[93.67,-2.28],[93.67,-2.27],[93.64,-2.27],[93.64,-2.25]]]}},{"type":"Feature","properties":{"precip":10},"geometry":{"type":"Polygon","coordinates":[[[89.46,-2.35],[89.46,-2.32],[89.54,-2.3],[89.57,-2.3],[89.64,-2.33],[89.64,-2.36],[89.61,-2.38],[89.61,-2.4],[89.46,-2.4],[89.46,-2.38],[89.46,-2.35]]]}},{"type":"Feature","properties":{"precip":10},"geometry":{"type":"Polygon","coordinates":[[[95.73,-2.48],[95.73,-2.45],[95.87,-2.4],[95.91,-2.4],[95.94,-2.41],[95.94,-2.48],[95.94,-2.5],[96.09,-2.5],[96.16,-2.46],[96.16,-2.41],[96.23,-2.43],[96.23,-2.45],[96.27,-2.46],[96.3,-2.5],[96.3,-2.51],[96.34,-2.55],[96.45,-2.6],[96.48,-2.6],[96.55,-2.64],[96.59,-2.71],[96.59,-2.74],[96.66,-2.78],[96.66,-2.86],[96.59,-2.91],[96.52,-2.91],[96.45,-2.93],[96.45,-2.96],[96.37,-2.99],[96.37,-2.96],[96.34,-2.93],[96.16,-2.91],[96.01,-2.91],[95.87,-2.93],[95.8,-2.99],[95.73,-2.94],[95.69,-2.91],[95.69,-2.84],[95.65,-2.78],[95.65,-2.58],[95.69,-2.53],[95.73,-2.48]]]}},{"type":"Feature","properties":{"precip":10},"geometry":{"type":"Polygon","coordinates":[[[2.93,-2.55],[2.97,-2.55],[2.97,-2.51],[3.04,-2.51],[3.04,-2.58],[3.0,-2.6],[2.97,-2.6],[2.97,-2.56],[2.93,-2.55]]]}},{"type":"Feature","properties":{"precip":10},"geometry":{"type":"Polygon","coordinates":[[[1.46,-2.79],[1.46,-2.71],[1.49,-2.71],[1.53,-2.73],[1.6,-2.81],[1.64,-2.83],[1.64,-2.89],[1.6,-2.91],[1.53,-2.91],[1.46,-2.88],[1.46,-2.79]]]}},{"type":"Feature","properties":{"precip":10},"geometry":{"type":"Polygon","coordinates":[[[88.6,-2.74],[88.67,-2.73],[88.71,-2.71],[89.0,-2.71],[89.03,-2.73],[89.18,-2.76],[89.21,-2.81],[89.25,-2.83],[89.25,-2.89],[89.18,-2.91],[89.1,-2.91],[89.03,-2.93],[89.03,-2.97],[89.14,-2.99],[89.25,-3.06],[89.25,-3.09],[89.32,-3.11],[89.36,-3.14],[89.36,-3.17],[89.43,-3.19],[89.43,-3.14],[89.46,-3.09],[89.46,-2.88],[89.46,-2.84],[89.46,-2.78],[89.54,-2.76],[89.54,-2.74],[89.57,-2.73],[89.64,-2.73],[89.68,-2.76],[89.68,-2.79],[89.68,-2.81],[89.75,-2.86],[89.86,-2.91],[89.9,-2.91],[90.0,-2.93],[90.04,-2.93],[90.11,-2.99],[90.11,-3.04],[90.11,-3.16],[90.18,-3.17],[90.18,-3.21],[90.22,-3.21],[90.22,-3.27],[90.11,-3.35],[90.08,-3.42],[90.04,-3.47],[89.97,-3.5],[89.9,-3.5],[89.9,-3.52],[89.86,-3.54],[89.86,-3.73],[89.82,-3.75],[89.82,-3.78],[89.75,-3.8],[89.54,-3.8],[89.39,-3.83],[89.25,-3.91],[89.25,-3.96],[89.25,-4.06],[89.25,-4.08],[89.25,-4.1],[89.36,-4.13],[89.36,-4.16],[89.32,-4.18],[89.25,-4.24],[89.25,-4.34],[89.25,-4.39],[89.36,-4.41],[89.43,-4.39],[89.43,-4.36],[89.46,-4.34],[89.46,-4.23],[89.54,-4.2],[89.61,-4.18],[89.61,-4.16],[89.68,-4.13],[89.68,-4.08],[89.75,-4.05],[89.82,-4.01],[89.86,-4.03],[89.86,-4.08],[89.79,-4.08],[89.79,-4.15],[89.75,-4.16],[89.75,-4.36],[89.68,-4.39],[89.68,-4.41],[89.64,-4.44],[89.64,-4.59],[89.57,-4.61],[89.57,-4.67],[89.54,-4.69],[89.54,-4.85],[89.46,-4.94],[89.39,-4.97],[89.21,-5.0],[88.96,-5.0],[88.89,-5.02],[88.82,-5.02],[88.74,-5.05],[88.74,-5.07],[88.82,-5.12],[88.82,-5.17],[88.78,-5.2],[88.71,-5.2],[88.6,-5.17],[88.6,-5.12],[88.6,-5.1],[88.56,-5.12],[88.56,-5.15],[88.49,-5.18],[88.38,-5.2],[88.06,-5.2],[87.92,-5.22],[87.84,-5.23],[87.84,-5.28],[87.81,-5.28],[87.74,-5.3],[87.66,-5.3],[87.52,-5.33],[87.52,-5.38],[87.63,-5.42],[87.63,-5.47],[87.59,-5.48],[87.59,-5.51],[87.48,-5.6],[87.41,-5.68],[87.41,-5.71],[87.38,-5.75],[87.38,-5.78],[87.3,-5.81],[87.3,-5.88],[87.27,-5.91],[87.27,-6.16],[87.3,-6.22],[87.3,-6.27],[87.27,-6.27],[87.27,-6.31],[87.27,-6.39],[87.23,-6.42],[87.23,-6.47],[87.16,-6.5],[87.05,-6.5],[87.05,-6.52],[87.05,-6.59],[87.02,-6.59],[86.87,-6.59],[86.84,-6.6],[86.84,-6.67],[86.84,-6.7],[86.84,-6.83],[86.8,-6.88],[86.8,-6.92],[86.76,-6.97],[86.58,-7.0],[86.58,-7.03],[86.55,-7.05],[86.55,-7.16],[86.44,-7.2],[86.4,-7.2],[86.37,-7.18],[86.37,-7.16],[86.33,-7.15],[86.33,-7.11],[86.19,-7.1],[86.15,-7.13],[86.15,-7.16],[86.08,-7.2],[85.97,-7.2],[85.94,-7.16],[85.94,-7.11],[85.86,-7.1],[85.76,-7.1],[85.76,-7.08],[85.76,-7.03],[85.72,-7.0],[85.58,-7.0],[85.54,-6.98],[85.54,-6.95],[85.54,-6.93],[85.54,-6.78],[85.54,-6.77],[85.54,-6.7],[85.65,-6.69],[85.65,-6.62],[85.54,-6.59],[85.5,-6.59],[85.47,-6.59],[85.47,-6.42],[85.43,-6.39],[85.43,-6.32],[85.36,-6.31],[85.36,-6.27],[85.32,-6.27],[85.32,-6.22],[85.43,-6.21],[85.43,-6.17],[85.47,-6.12],[85.47,-6.09],[85.43,-6.06],[85.43,-6.03],[85.36,-6.01],[85.32,-6.01],[85.25,-5.94],[85.25,-5.45],[85.29,-5.4],[85.29,-5.32],[85.32,-5.28],[85.32,-5.25],[85.32,-5.23],[85.43,-5.22],[85.43,-5.23],[85.47,-5.25],[85.47,-5.28],[85.5,-5.3],[85.54,-5.28],[85.54,-5.25],[85.54,-5.22],[85.58,-5.22],[85.65,-5.25],[85.72,-5.32],[85.76,-5.37],[85.9,-5.4],[85.97,-5.4],[86.01,-5.42],[86.12,-5.42],[86.15,-5.43],[86.15,-5.48],[86.19,-5.5],[86.3,-5.5],[86.33,-5.48],[86.33,-5.45],[86.37,-5.45],[86.37,-5.42],[86.4,-5.4],[86.51,-5.4],[86.55,-5.38],[86.55,-5.33],[86.58,-5.3],[86.66,-5.3],[86.76,-5.25],[86.76,-5.23],[86.84,-5.2],[87.02,-5.2],[87.05,-5.22],[87.16,-5.23],[87.16,-5.28],[87.2,-5.3],[87.23,-5.28],[87.23,-5.23],[87.27,-5.23],[87.27,-5.12],[87.27,-5.1],[87.38,-5.1],[87.38,-5.09],[87.45,-5.07],[87.45,-5.04],[87.48,-5.0],[87.59,-5.0],[87.63,-4.99],[87.63,-4.92],[87.66,-4.87],[87.66,-4.54],[87.7,-4.49],[87.7,-4.39],[87.74,-4.36],[87.74,-4.33],[87.81,-4.29],[87.88,-4.29],[87.92,-4.28],[87.92,-4.23],[88.1,-4.2],[88.28,-4.2],[88.28,-4.18],[88.35,-4.16],[88.35,-4.11],[88.28,-4.1],[88.28,-4.06],[88.24,-4.05],[88.24,-3.91],[88.17,-3.9],[88.17,-3.93],[88.1,-4.0],[88.1,-3.98],[88.02,-3.91],[87.95,-3.9],[87.92,-3.91],[87.92,-3.96],[87.88,-4.0],[87.88,-3.96],[87.81,-3.9],[87.74,-3.9],[87.74,-3.95],[87.7,-3.98],[87.66,-3.96],[87.66,-3.95],[87.59,-3.9],[87.48,-3.85],[87.48,-3.8],[87.48,-3.77],[87.48,-3.7],[87.52,-3.63],[87.63,-3.57],[87.7,-3.5],[87.74,-3.47],[87.81,-3.44],[87.88,-3.4],[88.02,-3.4],[88.13,-3.37],[88.13,-3.32],[88.17,-3.3],[88.17,-3.22],[88.13,-3.19],[88.13,-3.12],[88.1,-3.09],[88.06,-3.09],[88.06,-2.93],[88.13,-2.91],[88.31,-2.91],[88.38,-2.89],[88.46,-2.86],[88.46,-2.83],[88.53,-2.79],[88.6,-2.79],[88.6,-2.78],[88.6,-2.74]],[[88.35,-3.26],[88.35,-3.22],[88.28,-3.21],[88.24,-3.24],[88.24,-3.27],[88.28,-3.3],[88.35,-3.29],[88.35,-3.26]],[[89.36,-3.34],[89.32,-3.3],[89.25,-3.3],[89.25,-3.32],[89.25,-3.37],[89.25,-3.4],[89.36,-3.37],[89.36,-3.34]],[[88.56,-3.45],[88.53,-3.4],[88.46,-3.4],[88.46,-3.5],[88.53,-3.5],[88.56,-3.45]],[[87.7,-3.85],[87.7,-3.8],[87.66,-3.82],[87.66,-3.9],[87.7,-3.9],[87.7,-3.85]],[[88.6,-4.84],[88.6,-4.81],[88.56,-4.81],[88.46,-4.85],[88.38,-4.9],[88.38,-4.94],[88.35,-4.95],[88.35,-4.99],[88.38,-5.0],[88.46,-5.0],[88.56,-4.94],[88.6,-4.87],[88.6,-4.84]],[[87.66,-5.15],[87.63,-5.1],[87.52,-5.1],[87.52,-5.2],[87.63,-5.2],[87.66,-5.15]],[[86.55,-6.16],[86.55,-6.12],[86.44,-6.11],[86.19,-6.11],[86.12,-6.12],[85.97,-6.17],[85.97,-6.21],[85.97,-6.29],[85.97,-6.31],[86.08,-6.31],[86.15,-6.34],[86.15,-6.47],[86.19,-6.5],[86.22,-6.47],[86.22,-6.44],[86.3,-6.42],[86.3,-6.39],[86.33,-6.41],[86.33,-6.44],[86.4,-6.49],[86.44,-6.5],[86.62,-6.45],[86.73,-6.39],[86.73,-6.31],[86.58,-6.31],[86.51,-6.29],[86.4,-6.26],[86.4,-6.22],[86.44,-6.21],[86.55,-6.19],[86.55,-6.16]],[[87.05,-6.21],[87.05,-6.14],[87.02,-6.11],[86.94,-6.09],[86.84,-6.12],[86.84,-6.16],[86.84,-6.19],[86.84,-6.22],[86.84,-6.24],[86.84,-6.27],[86.94,-6.29],[87.02,-6.29],[87.05,-6.26],[87.05,-6.21]],[[85.76,-6.5],[85.76,-6.44],[85.72,-6.42],[85.72,-6.39],[85.68,-6.39],[85.68,-6.42],[85.65,-6.44],[85.65,-6.55],[85.68,-6.57],[85.68,-6.59],[85.72,-6.59],[85.72,-6.57],[85.76,-6.55],[85.76,-6.5]]]}},{"type":"Feature","properties":{"precip":10},"geometry":{"type":"Polygon","coordinates":[[[22.84,-2.86],[22.84,-2.83],[22.87,-2.83],[22.87,-2.79],[22.95,-2.81],[22.95,-2.89],[22.87,-2.91],[22.87,-2.88],[22.84,-2.86]]]}},{"type":"Feature","properties":{"precip":10},"geometry":{"type":"Polygon","coordinates":[[[27.66,-2.86],[27.66,-2.83],[27.7,-2.79],[27.8,-2.79],[27.84,-2.83],[27.84,-2.88],[27.8,-2.91],[27.7,-2.91],[27.66,-2.86]]]}},{"type":"Feature","properties":{"precip":10},"geometry":{"type":"Polygon","coordinates":[[[97.56,-2.86],[97.56,-2.79],[97.67,-2.84],[97.67,-2.88],[97.74,-2.93],[97.74,-2.96],[97.67,-2.97],[97.67,-3.01],[97.63,-3.06],[97.63,-3.09],[97.56,-3.11],[97.45,-3.09],[97.38,-2.99],[97.38,-2.96],[97.35,-2.93],[97.38,-2.91],[97.45,-2.91],[97.56,-2.86]]]}},{"type":"Feature","properties":{"precip":10},"geometry":{"type":"Polygon","coordinates":[[[37.16,-3.06],[37.16,-3.01],[37.2,-2.99],[37.24,-3.01],[37.24,-3.11],[37.16,-3.11],[37.16,-3.06]]]}},{"type":"Feature","properties":{"precip":10},"geometry":{"type":"Polygon","coordinates":[[[87.84,-3.14],[87.84,-3.12],[87.88,-3.11],[87.92,-3.12],[87.92,-3.19],[87.92,-3.21],[87.84,-3.17],[87.84,-3.14]]]}},{"type":"Feature","properties":{"precip":10},"geometry":{"type":"Polygon","coordinates":[[[95.44,-3.14],[95.47,-3.11],[95.51,-3.12],[95.51,-3.19],[95.51,-3.21],[95.47,-3.17],[95.44,-3.17],[95.44,-3.14]]]}},{"type":"Feature","properties":{"precip":10},"geometry":{"type":"Polygon","coordinates":[[[95.65,-3.14],[95.65,-3.12],[95.73,-3.11],[95.73,-3.12],[95.73,-3.17],[95.69,-3.21],[95.65,-3.19],[95.65,-3.14]]]}},{"type":"Feature","properties":{"precip":10},"geometry":{"type":"Polygon","coordinates":[[[7.32,-3.27],[7.32,-3.24],[7.4,-3.21],[7.43,-3.21],[7.43,-3.34],[7.4,-3.39],[7.4,-3.42],[7.32,-3.49],[7.25,-3.5],[7.25,-3.37],[7.29,-3.34],[7.29,-3.3],[7.32,-3.27]]]}},{"type":"Feature","properties":{"precip":10},"geometry":{"type":"Polygon","coordinates":[[[91.55,-3.6],[91.55,-3.54],[91.59,-3.5],[91.62,-3.5],[91.73,-3.52],[91.73,-3.55],[91.77,-3.57],[91.77,-3.62],[91.73,-3.65],[91.73,-3.68],[91.7,-3.7],[91.59,-3.7],[91.55,-3.67],[91.55,-3.6]]]}},{"type":"Feature","properties":{"precip":10},"geometry":{"type":"Polygon","coordinates":[[[96.73,-3.65],[96.77,-3.65],[96.77,-3.6],[96.81,-3.6],[96.81,-3.7],[96.77,-3.7],[96.77,-3.67],[96.73,-3.65]]]}},{"type":"Feature","properties":{"precip":10},"geometry":{"type":"Polygon","coordinates":[[[10.06,-3.95],[10.06,-3.9],[10.13,-3.9],[10.13,-4.0],[10.06,-4.0],[10.06,-3.95]]]}},{"type":"Feature","properties":{"precip":10},"geometry":{"type":"Polygon","coordinates":[[[95.73,-4.2],[95.73,-4.13],[95.83,-4.1],[95.94,-4.1],[96.05,-4.13],[96.05,-4.28],[95.94,-4.29],[95.83,-4.29],[95.73,-4.28],[95.73,-4.2]]]}},{"type":"Feature","properties":{"precip":10},"geometry":{"type":"Polygon","coordinates":[[[61.35,-4.41],[61.35,-4.33],[61.39,-4.29],[61.46,-4.31],[61.46,-4.39],[61.53,-4.39],[61.64,-4.39],[61.71,-4.41],[61.89,-4.41],[61.96,-4.48],[61.96,-4.56],[62.07,-4.61],[62.18,-4.61],[62.25,-4.64],[62.25,-4.67],[62.22,-4.69],[62.14,-4.69],[62.07,-4.72],[62.07,-4.76],[62.04,-4.77],[62.04,-4.87],[61.89,-4.9],[61.86,-4.92],[61.86,-4.99],[61.93,-5.0],[61.93,-5.05],[61.96,-5.05],[61.96,-5.15],[62.07,-5.2],[62.58,-5.2],[62.65,-5.22],[62.72,-5.22],[62.83,-5.23],[62.86,-5.23],[62.86,-5.28],[62.94,-5.3],[63.01,-5.28],[63.08,-5.23],[63.08,-5.2],[63.12,-5.2],[63.12,-5.23],[63.15,-5.23],[63.15,-5.28],[63.22,-5.28],[63.22,-5.3],[63.3,-5.3],[63.37,-5.35],[63.33,-5.37],[63.33,-5.4],[63.26,-5.4],[63.22,-5.43],[63.15,-5.43],[63.12,-5.48],[63.04,-5.55],[63.04,-5.58],[63.08,-5.6],[63.22,-5.6],[63.26,-5.61],[63.33,-5.61],[63.44,-5.58],[63.44,-5.28],[63.48,-5.23],[63.55,-5.2],[63.84,-5.2],[63.94,-5.17],[63.98,-5.1],[64.05,-5.09],[64.09,-5.1],[64.23,-5.14],[64.3,-5.2],[64.34,-5.23],[64.45,-5.28],[64.52,-5.3],[64.59,-5.3],[64.66,-5.23],[64.66,-5.22],[64.7,-5.2],[64.81,-5.2],[64.84,-5.18],[64.84,-5.14],[64.91,-5.1],[65.02,-5.1],[65.13,-5.07],[65.17,-5.05],[65.17,-5.02],[65.24,-5.0],[65.35,-5.0],[65.45,-4.97],[65.45,-4.92],[65.49,-4.9],[65.63,-4.87],[65.63,-4.81],[65.56,-4.79],[65.56,-4.64],[65.63,-4.57],[65.67,-4.53],[65.78,-4.49],[65.89,-4.49],[65.96,-4.46],[65.96,-4.43],[66.03,-4.41],[66.1,-4.41],[66.14,-4.39],[66.25,-4.39],[66.25,-4.34],[66.28,-4.33],[66.28,-4.29],[66.32,-4.29],[66.32,-4.33],[66.35,-4.36],[66.43,-4.39],[66.5,-4.39],[66.53,-4.41],[66.61,-4.41],[66.75,-4.46],[66.86,-4.54],[66.86,-4.57],[66.75,-4.61],[66.61,-4.61],[66.53,-4.66],[66.61,-4.69],[66.68,-4.69],[66.75,-4.71],[66.89,-4.77],[66.89,-4.82],[66.93,-4.85],[66.93,-4.9],[66.97,-4.97],[66.97,-5.02],[66.93,-5.05],[66.93,-5.07],[66.86,-5.1],[66.75,-5.1],[66.68,-5.07],[66.64,-5.05],[66.64,-4.92],[66.53,-4.89],[66.46,-4.92],[66.46,-5.02],[66.43,-5.04],[66.43,-5.07],[66.39,-5.09],[66.39,-5.12],[66.25,-5.23],[66.25,-5.28],[66.28,-5.3],[66.35,-5.3],[66.43,-5.33],[66.43,-5.35],[66.5,-5.38],[66.5,-5.42],[66.57,-5.47],[66.61,-5.48],[66.68,-5.43],[66.68,-5.42],[66.71,-5.38],[66.79,-5.35],[66.79,-5.33],[66.86,-5.3],[66.97,-5.3],[67.04,-5.28],[67.04,-5.23],[67.15,-5.22],[67.22,-5.22],[67.29,-5.2],[67.69,-5.2],[67.79,-5.18],[67.87,-5.15],[67.87,-5.1],[67.94,-5.1],[67.94,-5.15],[67.9,-5.17],[67.9,-5.2],[67.87,-5.23],[67.72,-5.37],[67.61,-5.4],[67.25,-5.4],[67.18,-5.42],[67.07,-5.42],[66.97,-5.43],[66.97,-5.5],[67.04,-5.51],[67.04,-5.56],[66.93,-5.6],[66.71,-5.6],[66.61,-5.61],[66.28,-5.61],[66.21,-5.63],[66.14,-5.65],[66.14,-5.68],[66.1,-5.7],[65.99,-5.7],[65.96,-5.73],[65.96,-5.79],[66.03,-5.81],[66.03,-5.96],[65.99,-6.01],[65.99,-6.03],[65.92,-6.06],[65.89,-6.09],[65.81,-6.09],[65.74,-6.12],[65.74,-6.19],[65.71,-6.21],[65.6,-6.21],[65.56,-6.21],[65.56,-6.26],[65.49,-6.29],[65.42,-6.31],[65.31,-6.31],[65.27,-6.32],[65.27,-6.36],[65.24,-6.37],[65.24,-6.5],[65.27,-6.55],[65.27,-6.59],[65.35,-6.59],[65.38,-6.54],[65.38,-6.5],[65.42,-6.5],[65.42,-6.54],[65.49,-6.59],[65.56,-6.59],[65.6,-6.59],[65.92,-6.59],[66.03,-6.6],[66.14,-6.6],[66.21,-6.62],[66.25,-6.65],[66.32,-6.69],[66.39,-6.7],[66.61,-6.7],[66.75,-6.73],[66.75,-6.77],[66.82,-6.78],[66.82,-6.77],[66.89,-6.7],[66.93,-6.72],[66.93,-6.75],[67.0,-6.78],[67.07,-6.78],[67.11,-6.8],[67.18,-6.78],[67.25,-6.77],[67.25,-6.73],[67.29,-6.7],[67.33,-6.72],[67.33,-6.75],[67.36,-6.78],[67.51,-6.8],[67.54,-6.82],[67.54,-6.87],[67.58,-6.9],[67.69,-6.9],[67.76,-6.95],[67.76,-6.98],[67.83,-6.98],[67.83,-6.95],[67.9,-6.9],[67.94,-6.92],[67.94,-6.95],[68.01,-7.0],[68.05,-6.98],[68.05,-6.95],[68.08,-6.93],[68.08,-6.9],[68.12,-6.9],[68.15,-6.93],[68.15,-6.98],[68.23,-6.98],[68.23,-6.97],[68.26,-6.92],[68.3,-6.9],[68.33,-6.93],[68.33,-7.18],[68.26,-7.2],[68.19,-7.2],[68.15,-7.21],[68.15,-7.28],[68.26,-7.33],[68.26,-7.36],[68.19,-7.39],[68.12,-7.39],[68.05,-7.43],[68.05,-7.48],[68.01,-7.48],[67.94,-7.51],[67.83,-7.51],[67.76,-7.54],[67.76,-7.56],[67.72,-7.56],[67.65,-7.59],[67.4,-7.59],[67.25,-7.63],[67.25,-7.67],[67.22,-7.67],[67.18,-7.71],[67.11,-7.71],[67.04,-7.74],[67.04,-7.76],[66.93,-7.79],[66.75,-7.79],[66.71,-7.81],[66.61,-7.81],[66.53,-7.86],[66.53,-7.89],[66.46,-7.89],[66.46,-7.84],[66.43,-7.84],[66.35,-7.81],[66.21,-7.81],[66.1,-7.79],[65.71,-7.79],[65.63,-7.77],[65.53,-7.74],[65.49,-7.71],[65.49,-7.67],[65.45,-7.64],[65.38,-7.61],[65.31,-7.61],[65.24,-7.59],[64.81,-7.59],[64.77,-7.58],[64.7,-7.58],[64.66,-7.56],[64.66,-7.54],[64.59,-7.51],[64.48,-7.51],[64.45,-7.54],[64.45,-7.56],[64.41,-7.59],[64.27,-7.59],[64.12,-7.54],[64.09,-7.51],[64.09,-7.48],[64.05,-7.43],[64.05,-7.36],[64.02,-7.35],[64.02,-7.3],[63.98,-7.26],[63.87,-7.2],[63.8,-7.2],[63.76,-7.18],[63.76,-7.15],[63.73,-7.11],[63.66,-7.11],[63.66,-7.1],[63.55,-7.1],[63.48,-7.06],[63.48,-7.05],[63.4,-7.02],[63.37,-6.97],[63.33,-6.93],[63.26,-6.9],[63.22,-6.9],[63.15,-6.93],[63.12,-6.97],[63.12,-7.0],[63.08,-7.0],[63.08,-6.95],[62.97,-6.9],[62.83,-6.9],[62.76,-6.93],[62.72,-6.97],[62.72,-6.98],[62.65,-6.95],[62.61,-6.9],[62.58,-6.9],[62.58,-6.93],[62.54,-6.95],[62.54,-6.98],[62.47,-6.98],[62.47,-6.95],[62.4,-6.9],[62.29,-6.9],[62.25,-6.88],[62.25,-6.82],[62.22,-6.8],[62.14,-6.8],[62.07,-6.83],[62.0,-6.9],[61.96,-6.95],[61.86,-6.98],[61.78,-7.0],[61.71,-7.0],[61.64,-6.98],[61.57,-6.97],[61.5,-6.9],[61.46,-6.85],[61.46,-6.7],[61.53,-6.7],[61.53,-6.67],[61.57,-6.65],[61.53,-6.64],[61.53,-6.6],[61.46,-6.59],[61.39,-6.59],[61.35,-6.59],[61.35,-6.52],[61.32,-6.5],[61.21,-6.5],[61.14,-6.45],[61.14,-6.42],[61.06,-6.39],[60.96,-6.39],[60.85,-6.36],[60.85,-6.34],[60.78,-6.27],[60.74,-6.22],[60.67,-6.21],[60.6,-6.21],[60.56,-6.17],[60.56,-6.06],[60.52,-6.01],[60.49,-6.01],[60.42,-6.01],[60.38,-5.99],[60.38,-5.96],[60.34,-5.94],[60.34,-5.83],[60.31,-5.81],[60.24,-5.81],[60.16,-5.78],[60.16,-5.63],[60.2,-5.61],[60.31,-5.61],[60.34,-5.6],[60.42,-5.6],[60.45,-5.56],[60.45,-5.53],[60.56,-5.5],[60.67,-5.5],[60.67,-5.48],[60.74,-5.48],[60.74,-5.43],[60.78,-5.42],[60.85,-5.4],[60.92,-5.4],[60.92,-5.37],[60.96,-5.35],[60.96,-5.23],[61.1,-5.12],[61.24,-5.05],[61.32,-4.97],[61.39,-4.92],[61.42,-4.85],[61.42,-4.82],[61.46,-4.76],[61.39,-4.71],[61.32,-4.71],[61.28,-4.69],[61.03,-4.69],[60.96,-4.66],[60.96,-4.54],[61.03,-4.49],[61.1,-4.49],[61.17,-4.46],[61.17,-4.41],[61.21,-4.41],[61.24,-4.44],[61.24,-4.48],[61.32,-4.49],[61.35,-4.48],[61.35,-4.41]],[[65.96,-5.84],[65.96,-5.81],[65.89,-5.81],[65.85,-5.81],[65.85,-5.88],[65.92,-5.89],[65.96,-5.88],[65.96,-5.84]],[[61.86,-6.65],[61.86,-6.62],[61.78,-6.59],[61.68,-6.6],[61.64,-6.64],[61.71,-6.7],[61.78,-6.7],[61.86,-6.65]]]}},{"type":"Feature","properties":{"precip":10},"geometry":{"type":"Polygon","coordinates":[[[78.63,-4.46],[78.63,-4.44],[78.74,-4.41],[78.95,-4.41],[79.02,-4.43],[79.06,-4.46],[78.95,-4.49],[78.74,-4.49],[78.63,-4.48],[78.63,-4.46]]]}},{"type":"Feature","properties":{"precip":10},"geometry":{"type":"Polygon","coordinates":[[[53.76,-4.54],[53.76,-4.51],[53.83,-4.49],[53.97,-4.53],[54.12,-4.62],[54.19,-4.67],[54.26,-4.77],[54.33,-4.87],[54.33,-5.58],[54.26,-5.61],[54.15,-5.56],[54.15,-5.45],[54.12,-5.43],[54.12,-5.42],[54.04,-5.4],[53.9,-5.4],[53.86,-5.38],[53.86,-5.28],[53.83,-5.25],[53.83,-5.22],[53.72,-5.2],[53.65,-5.23],[53.65,-5.28],[53.61,-5.28],[53.54,-5.3],[53.47,-5.3],[53.36,-5.28],[53.36,-5.04],[53.4,-5.0],[53.43,-5.0],[53.43,-5.05],[53.47,-5.05],[53.47,-5.09],[53.54,-5.09],[53.54,-5.0],[53.58,-4.99],[53.58,-4.95],[53.61,-4.92],[53.61,-4.89],[53.65,-4.85],[53.79,-4.72],[53.79,-4.69],[53.83,-4.66],[53.83,-4.62],[53.79,-4.59],[53.76,-4.59],[53.76,-4.54]]]}},{"type":"Feature","properties":{"precip":10},"geometry":{"type":"Polygon","coordinates":[[[66.97,-4.54],[66.97,-4.49],[67.04,-4.51],[67.04,-4.59],[67.0,-4.61],[66.97,-4.59],[66.97,-4.54]]]}},{"type":"Feature","properties":{"precip":10},"geometry":{"type":"Polygon","coordinates":[[[74.99,-4.57],[75.07,-4.53],[75.14,-4.49],[75.14,-4.57],[75.1,-4.59],[75.1,-4.62],[74.99,-4.67],[74.96,-4.67],[74.96,-4.66],[74.99,-4.62],[74.99,-4.57]]]}},{"type":"Feature","properties":{"precip":10},"geometry":{"type":"Polygon","coordinates":[[[8.66,-4.66],[8.66,-4.61],[8.73,-4.61],[8.76,-4.62],[8.73,-4.66],[8.73,-4.67],[8.66,-4.74],[8.55,-4.81],[8.51,-4.81],[8.44,-4.84],[8.44,-4.87],[8.37,-4.89],[8.37,-4.85],[8.4,-4.81],[8.4,-4.77],[8.48,-4.72],[8.58,-4.69],[8.66,-4.66]]]}},{"type":"Feature","properties":{"precip":10},"geometry":{"type":"Polygon","coordinates":[[[89.97,-4.95],[89.97,-4.9],[90.04,-4.9],[90.04,-4.99],[89.97,-5.0],[89.97,-4.95]]]}},{"type":"Feature","properties":{"precip":10},"geometry":{"type":"Polygon","coordinates":[[[90.11,-4.95],[90.11,-4.92],[90.22,-4.89],[90.26,-4.92],[90.26,-4.99],[90.22,-5.0],[90.11,-4.99],[90.11,-4.95]]]}},{"type":"Feature","properties":{"precip":10},"geometry":{"type":"Polygon","coordinates":[[[59.01,-5.07],[59.05,-5.05],[59.05,-5.04],[59.12,-5.0],[59.16,-5.02],[59.16,-5.05],[59.12,-5.05],[59.12,-5.1],[59.01,-5.18],[58.98,-5.18],[58.98,-5.12],[59.01,-5.07]]]}},{"type":"Feature","properties":{"precip":10},"geometry":{"type":"Polygon","coordinates":[[[77.12,-5.14],[77.12,-5.1],[77.23,-5.12],[77.3,-5.18],[77.3,-5.22],[77.33,-5.23],[77.33,-5.28],[77.23,-5.23],[77.19,-5.22],[77.19,-5.18],[77.12,-5.14]]]}},{"type":"Feature","properties":{"precip":10},"geometry":{"type":"Polygon","coordinates":[[[85.0,-5.18],[85.04,-5.14],[85.11,-5.1],[85.11,-5.17],[85.11,-5.7],[85.07,-5.66],[85.0,-5.63],[85.0,-5.6],[84.89,-5.53],[84.89,-5.5],[84.89,-5.48],[84.89,-5.45],[84.86,-5.43],[84.89,-5.4],[84.89,-5.37],[84.93,-5.35],[84.93,-5.23],[85.0,-5.22],[85.0,-5.18]]]}},{"type":"Feature","properties":{"precip":10},"geometry":{"type":"Polygon","coordinates":[[[89.75,-5.2],[89.75,-5.14],[89.79,-5.1],[89.82,-5.1],[89.82,-5.14],[89.86,-5.15],[89.86,-5.25],[89.82,-5.28],[89.82,-5.3],[89.75,-5.28],[89.75,-5.2]]]}},{"type":"Feature","properties":{"precip":10},"geometry":{"type":"Polygon","coordinates":[[[10.85,-5.45],[10.85,-5.42],[10.92,-5.4],[10.92,-5.43],[10.96,-5.43],[10.96,-5.47],[10.89,-5.5],[10.85,-5.48],[10.85,-5.45]]]}},{"type":"Feature","properties":{"precip":10},"geometry":{"type":"Polygon","coordinates":[[[89.25,-5.45],[89.25,-5.43],[89.25,-5.4],[89.32,-5.4],[89.36,-5.43],[89.36,-5.48],[89.32,-5.5],[89.25,-5.48],[89.25,-5.45]]]}},{"type":"Feature","properties":{"precip":10},"geometry":{"type":"Polygon","coordinates":[[[97.02,-5.58],[97.02,-5.43],[97.09,-5.42],[97.17,-5.4],[97.24,-5.43],[97.24,-5.89],[97.2,-5.89],[97.09,-5.81],[97.09,-5.75],[97.02,-5.7],[97.02,-5.58]]]}},{"type":"Feature","properties":{"precip":10},"geometry":{"type":"Polygon","coordinates":[[[78.41,-5.55],[78.41,-5.51],[78.52,-5.5],[78.52,-5.53],[78.56,-5.55],[78.56,-5.65],[78.45,-5.7],[78.3,-5.7],[78.23,-5.68],[78.23,-5.63],[78.3,-5.61],[78.41,-5.58],[78.41,-5.55]]]}},{"type":"Feature","properties":{"precip":10},"geometry":{"type":"Polygon","coordinates":[[[94.86,-5.78],[94.97,-5.73],[94.97,-5.71],[95.04,-5.7],[95.04,-5.78],[95.01,-5.79],[95.01,-5.81],[94.86,-5.88],[94.86,-5.84],[94.86,-5.81],[94.86,-5.78]]]}},{"type":"Feature","properties":{"precip":10},"geometry":{"type":"Polygon","coordinates":[[[66.39,-5.88],[66.53,-5.81],[66.64,-5.81],[66.97,-5.81],[67.04,-5.81],[67.04,-5.86],[66.93,-5.89],[66.68,-5.89],[66.64,-5.91],[66.53,-5.91],[66.43,-5.96],[66.43,-6.01],[66.35,-5.99],[66.35,-5.94],[66.39,-5.93],[66.39,-5.88]]]}},{"type":"Feature","properties":{"precip":10},"geometry":{"type":"Polygon","coordinates":[[[77.44,-5.84],[77.44,-5.83],[77.62,-5.81],[78.09,-5.81],[78.12,-5.81],[78.2,-5.81],[78.23,-5.84],[78.2,-5.89],[78.12,-5.89],[78.05,-5.93],[78.05,-5.96],[77.95,-5.99],[77.87,-5.99],[77.77,-6.01],[77.48,-6.01],[77.26,-5.96],[77.26,-5.93],[77.33,-5.89],[77.41,-5.89],[77.44,-5.88],[77.44,-5.84]]]}},{"type":"Feature","properties":{"precip":10},"geometry":{"type":"Polygon","coordinates":[[[84.64,-5.96],[84.68,-5.91],[84.78,-5.89],[84.86,-5.93],[84.86,-5.98],[84.82,-5.98],[84.78,-6.01],[84.68,-6.01],[84.64,-5.96]]]}},{"type":"Feature","properties":{"precip":10},"geometry":{"type":"Polygon","coordinates":[[[73.73,-6.04],[73.77,-6.03],[73.77,-6.01],[73.84,-6.01],[73.84,-6.09],[73.77,-6.09],[73.77,-6.06],[73.73,-6.04]]]}},{"type":"Feature","properties":{"precip":10},"geometry":{"type":"Polygon","coordinates":[[[84.24,-6.09],[84.24,-6.06],[84.24,-6.01],[84.28,-6.01],[84.39,-6.01],[84.42,-6.01],[84.46,-6.06],[84.46,-6.14],[84.42,-6.16],[84.42,-6.19],[84.39,-6.21],[84.28,-6.21],[84.24,-6.19],[84.24,-6.16],[84.24,-6.14],[84.24,-6.09]]]}},{"type":"Feature","properties":{"precip":10},"geometry":{"type":"Polygon","coordinates":[[[94.36,-6.03],[94.39,-6.01],[94.61,-6.01],[94.65,-6.03],[94.65,-6.06],[94.57,-6.14],[94.5,-6.19],[94.43,-6.16],[94.39,-6.12],[94.39,-6.08],[94.36,-6.08],[94.36,-6.03]]]}},{"type":"Feature","properties":{"precip":10},"geometry":{"type":"Polygon","coordinates":[[[51.06,-6.16],[51.06,-6.12],[51.16,-6.09],[51.16,-6.11],[51.24,-6.11],[51.24,-6.16],[51.31,-6.21],[51.38,-6.21],[51.45,-6.22],[51.45,-6.27],[51.42,-6.27],[51.38,-6.31],[51.31,-6.31],[51.24,-6.34],[51.24,-6.39],[51.2,-6.39],[51.16,-6.39],[51.16,-6.32],[51.24,-6.31],[51.24,-6.22],[51.2,-6.21],[51.13,-6.21],[51.06,-6.19],[51.06,-6.16]]]}},{"type":"Feature","properties":{"precip":10},"geometry":{"type":"Polygon","coordinates":[[[74.06,-6.16],[74.06,-6.12],[74.17,-6.09],[74.17,-6.11],[74.24,-6.11],[74.24,-6.19],[74.2,-6.21],[74.13,-6.21],[74.06,-6.19],[74.06,-6.16]]]}},{"type":"Feature","properties":{"precip":10},"geometry":{"type":"Polygon","coordinates":[[[97.96,-6.21],[97.96,-6.17],[97.99,-6.14],[97.99,-6.11],[98.07,-6.09],[98.1,-6.12],[98.21,-6.21],[98.25,-6.17],[98.25,-6.14],[98.28,-6.11],[98.32,-6.12],[98.32,-6.24],[98.43,-6.32],[98.43,-6.36],[98.5,-6.39],[98.53,-6.39],[98.53,-6.21],[98.46,-6.19],[98.46,-6.12],[98.53,-6.11],[98.64,-6.11],[98.71,-6.09],[98.75,-6.11],[98.89,-6.11],[98.97,-6.16],[98.89,-6.21],[98.82,-6.21],[98.75,-6.21],[98.68,-6.31],[98.68,-6.34],[98.64,-6.39],[98.64,-6.47],[98.61,-6.49],[98.61,-6.52],[98.53,-6.55],[98.61,-6.59],[98.61,-6.6],[98.64,-6.64],[98.64,-6.88],[98.53,-6.92],[98.53,-7.1],[98.53,-7.16],[98.53,-7.39],[98.5,-7.39],[98.43,-7.35],[98.39,-7.3],[98.39,-7.25],[98.32,-7.2],[98.32,-6.97],[98.32,-6.92],[98.28,-6.9],[98.21,-6.9],[98.1,-6.95],[98.1,-6.98],[98.03,-7.0],[97.96,-7.0],[97.96,-6.98],[97.89,-6.98],[97.85,-6.98],[97.85,-6.93],[97.78,-6.9],[97.67,-6.9],[97.67,-6.92],[97.67,-6.98],[97.74,-7.02],[97.74,-7.18],[97.67,-7.18],[97.67,-7.13],[97.63,-7.1],[97.63,-7.0],[97.56,-7.0],[97.56,-7.06],[97.53,-7.06],[97.45,-7.1],[97.38,-7.1],[97.35,-7.06],[97.35,-7.03],[97.24,-7.0],[97.17,-7.0],[97.02,-6.97],[97.02,-6.73],[97.09,-6.7],[97.2,-6.7],[97.24,-6.69],[97.24,-6.65],[97.31,-6.6],[97.42,-6.6],[97.45,-6.59],[97.63,-6.59],[97.74,-6.57],[97.78,-6.54],[97.78,-6.5],[97.81,-6.5],[97.81,-6.54],[97.85,-6.55],[97.89,-6.59],[97.96,-6.57],[97.96,-6.54],[98.03,-6.45],[98.03,-6.42],[98.07,-6.39],[98.07,-6.36],[98.03,-6.31],[97.96,-6.27],[97.96,-6.21]]]}},{"type":"Feature","properties":{"precip":10},"geometry":{"type":"Polygon","coordinates":[[[93.13,-6.24],[93.13,-6.22],[93.13,-6.21],[93.24,-6.21],[93.24,-6.29],[93.21,-6.31],[93.13,-6.24]]]}},{"type":"Feature","properties":{"precip":10},"geometry":{"type":"Polygon","coordinates":[[[97.6,-6.27],[97.67,-6.21],[97.74,-6.21],[97.74,-6.39],[97.67,-6.39],[97.6,-6.39],[97.56,-6.39],[97.56,-6.34],[97.6,-6.31],[97.6,-6.27]]]}},{"type":"Feature","properties":{"precip":10},"geometry":{"type":"Polygon","coordinates":[[[74.06,-6.36],[74.06,-6.31],[74.13,-6.31],[74.13,-6.34],[74.17,-6.34],[74.17,-6.37],[74.13,-6.37],[74.13,-6.39],[74.06,-6.39],[74.06,-6.36]]]}},{"type":"Feature","properties":{"precip":10},"geometry":{"type":"Polygon","coordinates":[[[92.56,-6.5],[92.56,-6.44],[92.59,-6.41],[92.67,-6.39],[92.7,-6.42],[92.7,-6.52],[92.77,-6.55],[92.77,-6.59],[92.81,-6.59],[92.88,-6.59],[92.92,-6.64],[92.92,-6.78],[92.88,-6.92],[92.81,-6.98],[92.77,-7.02],[92.7,-7.06],[92.63,-7.1],[92.49,-7.1],[92.45,-7.05],[92.45,-6.92],[92.49,-6.88],[92.49,-6.82],[92.56,-6.77],[92.56,-6.73],[92.59,-6.72],[92.59,-6.69],[92.63,-6.67],[92.63,-6.6],[92.59,-6.6],[92.59,-6.59],[92.56,-6.57],[92.56,-6.5]]]}},{"type":"Feature","properties":{"precip":10},"geometry":{"type":"Polygon","coordinates":[[[22.66,-6.55],[22.66,-6.54],[22.73,-6.5],[22.87,-6.5],[22.95,-6.54],[22.95,-6.57],[22.87,-6.59],[22.73,-6.59],[22.66,-6.57],[22.66,-6.55]]]}},{"type":"Feature","properties":{"precip":10},"geometry":{"type":"Polygon","coordinates":[[[84.71,-6.54],[84.78,-6.5],[85.0,-6.5],[85.04,-6.52],[85.04,-6.57],[84.93,-6.62],[84.93,-6.65],[84.89,-6.69],[84.86,-6.67],[84.82,-6.6],[84.78,-6.59],[84.78,-6.57],[84.71,-6.57],[84.71,-6.54]]]}},{"type":"Feature","properties":{"precip":10},"geometry":{"type":"Polygon","coordinates":[[[96.66,-6.55],[96.66,-6.52],[96.7,-6.5],[96.81,-6.5],[96.81,-6.52],[96.81,-6.59],[96.7,-6.59],[96.66,-6.59],[96.66,-6.55]]]}},{"type":"Feature","properties":{"precip":10},"geometry":{"type":"Polygon","coordinates":[[[99.14,-9.29],[99.04,-9.34],[99.04,-9.39],[98.97,-9.41],[98.89,-9.41],[98.86,-9.44],[98.86,-9.54],[98.82,-9.56],[98.82,-9.59],[98.75,-9.6],[98.68,-9.6],[98.64,-9.64],[98.64,-9.67],[98.61,-9.69],[98.5,-9.69],[98.46,-9.67],[98.46,-9.64],[98.39,-9.6],[98.32,-9.6],[98.28,-9.57],[98.25,-9.57],[98.25,-9.52],[98.17,-9.49],[98.1,-9.49],[98.07,-9.52],[98.07,-9.6],[98.03,-9.62],[98.03,-9.67],[97.99,-9.69],[97.99,-9.74],[97.89,-9.77],[97.89,-9.79],[97.81,-9.74],[97.81,-9.69],[97.78,-9.67],[97.78,-9.62],[97.74,-9.59],[97.74,-9.56],[97.78,-9.52],[97.85,-9.47],[97.85,-9.32],[97.81,-9.29],[97.78,-9.29],[97.74,-9.32],[97.74,-9.39],[97.67,-9.39],[97.67,-9.31],[97.67,-9.29],[97.74,-9.26],[97.74,-9.09],[97.78,-9.06],[97.78,-9.03],[97.81,-8.99],[97.89,-8.99],[97.89,-8.98],[97.96,-8.94],[97.99,-8.9],[98.03,-8.9],[98.03,-8.86],[98.07,-8.83],[98.1,-8.81],[98.1,-8.88],[98.21,-8.9],[98.25,-8.9],[98.32,-8.86],[98.32,-8.78],[98.39,-8.73],[98.39,-8.71],[98.43,-8.66],[98.53,-8.6],[98.68,-8.6],[98.68,-8.58],[98.75,-8.57],[98.75,-8.52],[98.82,-8.5],[98.86,-8.5],[98.93,-8.47],[98.97,-8.4],[99.04,-8.38],[99.04,-8.35],[99.14,-8.27],[99.14,-9.29]],[[98.32,-9.14],[98.32,-9.06],[98.32,-9.01],[98.28,-9.01],[98.21,-9.08],[98.21,-9.09],[98.17,-9.11],[98.17,-9.19],[98.28,-9.29],[98.32,-9.29],[98.32,-9.14]]]}},{"type":"Feature","properties":{"precip":10},"geometry":{"type":"Polygon","coordinates":[[[74.24,-7.16],[74.24,-7.13],[74.27,-7.13],[74.27,-7.1],[74.35,-7.11],[74.35,-7.18],[74.27,-7.2],[74.27,-7.16],[74.24,-7.16]]]}},{"type":"Feature","properties":{"precip":10},"geometry":{"type":"Polygon","coordinates":[[[86.66,-7.18],[86.76,-7.13],[86.84,-7.1],[86.84,-7.16],[86.8,-7.18],[86.8,-7.21],[86.66,-7.28],[86.62,-7.28],[86.62,-7.25],[86.66,-7.21],[86.66,-7.18]]]}},{"type":"Feature","properties":{"precip":10},"geometry":{"type":"Polygon","coordinates":[[[98.86,-7.16],[98.86,-7.13],[98.97,-7.1],[99.07,-7.1],[99.07,-7.11],[99.14,-7.11],[99.14,-7.16],[99.11,-7.16],[99.11,-7.2],[98.97,-7.33],[98.89,-7.39],[98.75,-7.49],[98.71,-7.49],[98.64,-7.41],[98.64,-7.28],[98.68,-7.25],[98.68,-7.21],[98.71,-7.2],[98.75,-7.2],[98.86,-7.16]]]}},{"type":"Feature","properties":{"precip":10},"geometry":{"type":"Polygon","coordinates":[[[85.76,-7.3],[85.76,-7.21],[85.79,-7.2],[85.79,-7.25],[85.86,-7.26],[85.86,-7.35],[85.79,-7.36],[85.79,-7.39],[85.76,-7.38],[85.76,-7.3]]]}},{"type":"Feature","properties":{"precip":10},"geometry":{"type":"Polygon","coordinates":[[[97.13,-7.28],[97.13,-7.25],[97.17,-7.21],[97.24,-7.21],[97.24,-7.25],[97.35,-7.35],[97.35,-7.36],[97.31,-7.39],[97.09,-7.39],[97.02,-7.38],[97.02,-7.35],[97.13,-7.28]]]}},{"type":"Feature","properties":{"precip":10},"geometry":{"type":"Polygon","coordinates":[[[97.96,-7.74],[97.99,-7.71],[98.1,-7.71],[98.1,-7.74],[98.1,-7.77],[98.1,-7.79],[97.99,-7.79],[97.96,-7.77],[97.96,-7.74]]]}},{"type":"Feature","properties":{"precip":10},"geometry":{"type":"Polygon","coordinates":[[[98.25,-7.74],[98.32,-7.71],[98.53,-7.71],[98.68,-7.74],[98.75,-7.76],[98.86,-7.86],[98.82,-7.91],[98.71,-7.91],[98.64,-7.94],[98.64,-7.97],[98.53,-7.99],[98.46,-7.97],[98.46,-7.86],[98.43,-7.84],[98.43,-7.81],[98.39,-7.79],[98.28,-7.79],[98.25,-7.74]]]}},{"type":"Feature","properties":{"precip":10},"geometry":{"type":"Polygon","coordinates":[[[85.86,-7.91],[85.86,-7.82],[85.94,-7.79],[85.97,-7.79],[86.01,-7.82],[86.01,-7.87],[86.08,-7.87],[86.12,-7.91],[86.19,-7.91],[86.19,-7.87],[86.22,-7.87],[86.22,-7.82],[86.37,-7.79],[86.4,-7.79],[86.58,-7.82],[86.62,-7.86],[86.73,-7.91],[86.73,-7.99],[86.62,-8.04],[86.62,-8.14],[86.66,-8.17],[86.76,-8.2],[86.84,-8.22],[86.84,-8.27],[86.84,-8.3],[86.94,-8.3],[87.05,-8.33],[87.09,-8.42],[87.09,-8.47],[87.16,-8.52],[87.16,-8.6],[87.09,-8.65],[87.09,-8.7],[87.02,-8.78],[86.98,-8.8],[86.87,-8.8],[86.84,-8.81],[86.84,-8.86],[86.84,-8.88],[86.84,-8.91],[86.84,-8.94],[86.84,-8.98],[86.87,-8.99],[86.98,-8.99],[87.05,-9.01],[87.05,-9.06],[86.94,-9.14],[86.84,-9.19],[86.76,-9.21],[86.66,-9.21],[86.62,-9.24],[86.62,-9.34],[86.62,-9.37],[86.55,-9.41],[86.4,-9.41],[86.37,-9.42],[86.37,-9.47],[86.33,-9.47],[86.33,-9.49],[86.22,-9.47],[86.22,-9.27],[86.19,-9.24],[86.19,-9.21],[86.19,-9.18],[86.15,-9.18],[86.15,-9.03],[86.12,-8.99],[86.08,-8.99],[86.08,-8.94],[86.01,-8.93],[86.01,-8.71],[85.97,-8.71],[85.94,-8.76],[85.94,-8.8],[85.86,-8.78],[85.86,-8.73],[85.9,-8.7],[85.94,-8.68],[85.94,-8.65],[85.97,-8.58],[86.01,-8.57],[86.01,-8.53],[85.97,-8.52],[85.97,-8.5],[85.97,-8.45],[85.9,-8.4],[85.76,-8.22],[85.76,-8.14],[85.76,-8.0],[85.79,-7.99],[85.79,-7.96],[85.86,-7.94],[85.86,-7.91]],[[86.62,-8.25],[86.62,-8.22],[86.62,-8.2],[86.55,-8.22],[86.55,-8.29],[86.62,-8.3],[86.62,-8.29],[86.62,-8.25]],[[86.62,-9.14],[86.62,-9.11],[86.62,-9.09],[86.55,-9.11],[86.55,-9.18],[86.58,-9.21],[86.62,-9.18],[86.62,-9.14]]]}},{"type":"Feature","properties":{"precip":10},"geometry":{"type":"Polygon","coordinates":[[[37.59,-8.0],[37.63,-7.96],[37.74,-7.92],[37.85,-7.91],[37.92,-7.92],[37.95,-7.94],[37.95,-8.02],[37.88,-8.14],[37.81,-8.17],[37.77,-8.24],[37.63,-8.3],[37.56,-8.3],[37.49,-8.27],[37.41,-8.2],[37.34,-8.15],[37.34,-8.12],[37.38,-8.1],[37.49,-8.1],[37.49,-8.09],[37.56,-8.05],[37.59,-8.0]]]}},{"type":"Feature","properties":{"precip":10},"geometry":{"type":"Polygon","coordinates":[[[97.63,-8.17],[97.67,-8.14],[97.67,-8.12],[97.67,-8.1],[97.74,-8.12],[97.78,-8.15],[97.78,-8.2],[97.81,-8.2],[97.81,-8.15],[97.89,-8.1],[97.89,-8.14],[97.96,-8.15],[97.96,-8.33],[97.89,-8.35],[97.89,-8.38],[97.89,-8.4],[97.78,-8.38],[97.74,-8.35],[97.74,-8.32],[97.67,-8.25],[97.67,-8.22],[97.63,-8.17]]]}},{"type":"Feature","properties":{"precip":10},"geometry":{"type":"Polygon","coordinates":[[[73.45,-8.32],[73.48,-8.3],[73.55,-8.3],[73.66,-8.33],[73.7,-8.37],[73.7,-8.4],[73.73,-8.43],[73.73,-8.5],[73.63,-8.5],[73.55,-8.47],[73.52,-8.43],[73.52,-8.4],[73.45,-8.35],[73.45,-8.32]]]}},{"type":"Feature","properties":{"precip":10},"geometry":{"type":"Polygon","coordinates":[[[74.96,-8.35],[74.96,-8.32],[75.03,-8.3],[75.14,-8.32],[75.14,-8.38],[75.1,-8.4],[75.03,-8.4],[74.96,-8.37],[74.96,-8.35]]]}},{"type":"Feature","properties":{"precip":10},"geometry":{"type":"Polygon","coordinates":[[[75.86,-8.35],[75.86,-8.32],[75.89,-8.3],[75.97,-8.33],[75.93,-8.37],[75.93,-8.4],[75.86,-8.38],[75.86,-8.35]]]}},{"type":"Feature","properties":{"precip":10},"geometry":{"type":"Polygon","coordinates":[[[77.69,-8.4],[77.77,-8.32],[77.84,-8.3],[77.91,-8.3],[77.95,-8.32],[77.95,-8.38],[77.87,-8.4],[77.87,-8.47],[77.84,-8.48],[77.84,-8.52],[77.87,-8.53],[77.87,-8.58],[77.91,-8.6],[77.95,-8.58],[77.95,-8.52],[77.98,-8.5],[77.98,-8.52],[78.05,-8.55],[78.05,-8.8],[77.98,-8.9],[77.98,-8.94],[77.91,-8.99],[77.77,-8.99],[77.73,-8.91],[77.66,-8.88],[77.62,-8.81],[77.55,-8.71],[77.55,-8.63],[77.51,-8.6],[77.44,-8.57],[77.44,-8.52],[77.51,-8.5],[77.55,-8.5],[77.55,-8.48],[77.66,-8.47],[77.66,-8.43],[77.69,-8.4]],[[77.84,-8.65],[77.84,-8.6],[77.77,-8.6],[77.77,-8.7],[77.77,-8.71],[77.84,-8.7],[77.84,-8.65]],[[77.77,-8.75],[77.73,-8.71],[77.66,-8.71],[77.66,-8.8],[77.73,-8.8],[77.77,-8.75]]]}},{"type":"Feature","properties":{"precip":10},"geometry":{"type":"Polygon","coordinates":[[[85.04,-8.4],[85.07,-8.35],[85.07,-8.32],[85.11,-8.32],[85.11,-8.48],[85.07,-8.5],[85.07,-8.43],[85.04,-8.4]]]}},{"type":"Feature","properties":{"precip":10},"geometry":{"type":"Polygon","coordinates":[[[77.05,-8.45],[77.08,-8.4],[77.19,-8.4],[77.26,-8.43],[77.26,-8.47],[77.23,-8.47],[77.19,-8.5],[77.08,-8.5],[77.05,-8.45]]]}},{"type":"Feature","properties":{"precip":10},"geometry":{"type":"Polygon","coordinates":[[[85.32,-8.52],[85.32,-8.43],[85.43,-8.4],[85.54,-8.4],[85.65,-8.43],[85.65,-8.63],[85.58,-8.65],[85.58,-8.7],[85.54,-8.75],[85.54,-8.76],[85.47,-8.78],[85.43,-8.73],[85.36,-8.71],[85.36,-8.66],[85.32,-8.65],[85.32,-8.52]]]}},{"type":"Feature","properties":{"precip":10},"geometry":{"type":"Polygon","coordinates":[[[74.45,-8.55],[74.45,-8.52],[74.53,-8.5],[74.63,-8.52],[74.63,-8.57],[74.6,-8.6],[74.6,-8.63],[74.53,-8.66],[74.38,-8.7],[74.27,-8.71],[74.2,-8.71],[74.06,-8.68],[74.06,-8.63],[74.17,-8.6],[74.35,-8.6],[74.35,-8.58],[74.42,-8.58],[74.45,-8.55]]]}},{"type":"Feature","properties":{"precip":10},"geometry":{"type":"Polygon","coordinates":[[[75.53,-8.55],[75.61,-8.52],[75.68,-8.52],[75.71,-8.5],[75.79,-8.5],[75.82,-8.52],[75.89,-8.52],[75.93,-8.52],[75.93,-8.58],[75.86,-8.58],[75.82,-8.6],[75.68,-8.6],[75.64,-8.58],[75.57,-8.58],[75.57,-8.55],[75.53,-8.55]]]}},{"type":"Feature","properties":{"precip":10},"geometry":{"type":"Polygon","coordinates":[[[78.41,-8.55],[78.41,-8.52],[78.52,-8.5],[78.56,-8.52],[78.56,-8.58],[78.45,-8.6],[78.41,-8.58],[78.41,-8.55]]]}},{"type":"Feature","properties":{"precip":10},"geometry":{"type":"Polygon","coordinates":[[[96.52,-8.68],[96.55,-8.65],[96.66,-8.6],[96.7,-8.6],[96.77,-8.63],[96.77,-8.68],[96.81,-8.66],[96.88,-8.63],[96.91,-8.6],[96.99,-8.6],[97.02,-8.63],[97.02,-8.68],[96.99,-8.71],[96.91,-8.71],[96.81,-8.75],[96.81,-8.88],[96.77,-8.9],[96.7,-8.9],[96.59,-8.96],[96.59,-8.99],[96.52,-8.93],[96.52,-8.9],[96.45,-8.85],[96.45,-8.78],[96.48,-8.73],[96.48,-8.71],[96.52,-8.68]]]}},{"type":"Feature","properties":{"precip":10},"geometry":{"type":"Polygon","coordinates":[[[84.28,-8.78],[84.39,-8.71],[84.42,-8.71],[84.46,-8.75],[84.46,-8.88],[84.42,-8.91],[84.42,-8.96],[84.35,-9.04],[84.35,-9.08],[84.24,-9.09],[84.24,-9.06],[84.24,-8.9],[84.24,-8.86],[84.24,-8.81],[84.28,-8.78]]]}},{"type":"Feature","properties":{"precip":10},"geometry":{"type":"Polygon","coordinates":[[[78.41,-8.88],[78.41,-8.83],[78.52,-8.81],[78.59,-8.88],[78.59,-8.9],[78.63,-8.91],[78.63,-8.98],[78.59,-9.03],[78.45,-9.09],[78.45,-9.08],[78.41,-9.03],[78.38,-8.98],[78.38,-8.9],[78.41,-8.88]]]}},{"type":"Feature","properties":{"precip":10},"geometry":{"type":"Polygon","coordinates":[[[67.76,-8.94],[67.76,-8.9],[67.83,-8.9],[67.83,-8.93],[67.87,-8.93],[67.87,-8.96],[67.83,-8.96],[67.83,-8.99],[67.76,-8.99],[67.76,-8.94]]]}},{"type":"Feature","properties":{"precip":10},"geometry":{"type":"Polygon","coordinates":[[[84.64,-8.99],[84.64,-8.94],[84.68,-8.93],[84.68,-8.9],[84.78,-8.96],[84.82,-9.01],[84.82,-9.04],[84.86,-9.09],[84.86,-9.18],[84.71,-9.23],[84.71,-9.27],[84.82,-9.29],[84.89,-9.29],[84.89,-9.31],[84.93,-9.36],[84.89,-9.39],[84.82,-9.41],[84.71,-9.46],[84.71,-9.67],[84.68,-9.69],[84.68,-9.62],[84.64,-9.57],[84.64,-9.34],[84.57,-9.29],[84.46,-9.29],[84.46,-9.23],[84.46,-9.21],[84.46,-9.18],[84.57,-9.14],[84.57,-9.13],[84.64,-9.08],[84.64,-8.99]]]}},{"type":"Feature","properties":{"precip":10},"geometry":{"type":"Polygon","coordinates":[[[74.96,-9.09],[74.96,-9.01],[74.99,-9.01],[75.14,-9.13],[75.14,-9.19],[75.07,-9.21],[74.96,-9.16],[74.96,-9.09]]]}},{"type":"Feature","properties":{"precip":10},"geometry":{"type":"Polygon","coordinates":[[[78.05,-9.14],[78.05,-9.11],[78.12,-9.09],[78.16,-9.13],[78.16,-9.16],[78.09,-9.21],[78.05,-9.19],[78.05,-9.14]]]}},{"type":"Feature","properties":{"precip":10},"geometry":{"type":"Polygon","coordinates":[[[69.45,-9.46],[69.45,-9.42],[69.52,-9.41],[69.56,-9.42],[69.56,-9.47],[69.52,-9.49],[69.45,-9.47],[69.45,-9.46]]]}},{"type":"Feature","properties":{"precip":10},"geometry":{"type":"Polygon","coordinates":[[[70.46,-9.46],[70.49,-9.42],[70.57,-9.41],[70.93,-9.41],[71.0,-9.42],[71.03,-9.46],[71.11,-9.47],[71.18,-9.49],[71.43,-9.49],[71.61,-9.52],[71.68,-9.59],[71.75,-9.64],[71.83,-9.74],[71.9,-9.79],[71.97,-9.85],[72.08,-9.9],[72.15,-9.92],[72.15,-9.97],[72.19,-10.0],[72.26,-10.0],[72.33,-10.03],[72.37,-10.05],[72.37,-10.12],[72.4,-10.17],[72.4,-10.2],[72.47,-10.28],[72.55,-10.33],[72.58,-10.38],[72.65,-10.45],[72.73,-10.53],[72.87,-10.59],[72.94,-10.61],[73.09,-10.61],[73.16,-10.64],[73.16,-10.66],[73.09,-10.69],[72.98,-10.69],[72.91,-10.71],[72.91,-10.73],[72.83,-10.76],[72.83,-10.78],[72.76,-10.82],[72.76,-10.84],[72.65,-10.89],[72.26,-10.89],[72.15,-10.86],[72.11,-10.82],[72.11,-10.81],[72.08,-10.81],[72.08,-10.82],[72.01,-10.89],[71.93,-10.89],[71.79,-10.81],[71.75,-10.76],[71.65,-10.66],[71.61,-10.63],[71.57,-10.61],[71.47,-10.61],[71.47,-10.66],[71.5,-10.68],[71.5,-10.73],[71.57,-10.76],[71.57,-10.79],[71.61,-10.81],[71.61,-10.82],[71.65,-10.84],[71.57,-10.91],[71.57,-10.96],[71.54,-10.97],[71.54,-11.09],[71.47,-11.07],[71.39,-11.01],[71.39,-10.99],[71.32,-10.92],[71.29,-10.91],[71.21,-10.91],[71.18,-10.89],[71.11,-10.89],[71.03,-10.84],[71.03,-10.82],[71.0,-10.81],[70.96,-10.82],[70.96,-10.84],[70.93,-10.86],[70.93,-10.89],[70.85,-10.86],[70.85,-10.82],[70.78,-10.81],[70.71,-10.81],[70.64,-10.82],[70.64,-10.87],[70.6,-10.89],[70.57,-10.87],[70.57,-10.82],[70.53,-10.82],[70.46,-10.81],[70.35,-10.81],[70.24,-10.76],[70.24,-10.73],[70.17,-10.69],[70.1,-10.69],[70.06,-10.66],[70.06,-10.43],[70.1,-10.43],[70.17,-10.43],[70.24,-10.4],[70.31,-10.36],[70.39,-10.31],[70.46,-10.25],[70.49,-10.2],[70.57,-10.15],[70.64,-10.12],[70.71,-10.1],[70.82,-10.1],[70.85,-10.12],[70.85,-10.18],[70.89,-10.2],[70.96,-10.17],[70.96,-10.13],[71.03,-10.07],[71.03,-10.02],[71.0,-10.0],[70.89,-10.0],[70.85,-9.98],[70.85,-9.92],[70.93,-9.9],[70.93,-9.87],[70.96,-9.87],[70.96,-9.85],[70.89,-9.8],[70.82,-9.8],[70.75,-9.84],[70.75,-9.87],[70.67,-9.88],[70.67,-9.9],[70.57,-9.88],[70.57,-9.85],[70.49,-9.8],[70.42,-9.8],[70.35,-9.75],[70.35,-9.64],[70.42,-9.6],[70.49,-9.6],[70.57,-9.54],[70.53,-9.52],[70.46,-9.49],[70.46,-9.46]],[[71.29,-10.46],[71.25,-10.45],[71.18,-10.43],[71.14,-10.45],[71.14,-10.54],[71.18,-10.56],[71.18,-10.59],[71.21,-10.61],[71.29,-10.61],[71.36,-10.58],[71.32,-10.53],[71.32,-10.5],[71.29,-10.46]]]}},{"type":"Feature","properties":{"precip":10},"geometry":{"type":"Polygon","coordinates":[[[86.76,-9.6],[86.76,-9.52],[86.84,-9.52],[86.84,-9.69],[86.76,-9.67],[86.76,-9.6]]]}},{"type":"Feature","properties":{"precip":10},"geometry":{"type":"Polygon","coordinates":[[[87.66,-9.56],[87.66,-9.52],[87.7,-9.52],[87.7,-9.6],[87.66,-9.59],[87.66,-9.56]]]}},{"type":"Feature","properties":{"precip":10},"geometry":{"type":"Polygon","coordinates":[[[75.14,-9.64],[75.21,-9.6],[75.5,-9.6],[75.61,-9.64],[75.68,-9.67],[75.71,-9.72],[75.79,-9.77],[75.86,-9.85],[75.93,-9.93],[75.93,-10.0],[75.82,-10.0],[75.75,-10.03],[75.75,-10.05],[75.68,-10.07],[75.64,-10.03],[75.43,-9.85],[75.43,-9.84],[75.35,-9.8],[75.32,-9.8],[75.25,-9.75],[75.25,-9.74],[75.17,-9.67],[75.17,-9.65],[75.14,-9.64]]]}},{"type":"Feature","properties":{"precip":10},"geometry":{"type":"Polygon","coordinates":[[[99.14,-11.2],[99.11,-11.2],[99.04,-11.15],[99.04,-11.12],[98.97,-11.11],[98.89,-11.11],[98.86,-11.12],[98.86,-11.17],[98.82,-11.17],[98.75,-11.2],[98.61,-11.2],[98.53,-11.15],[98.53,-11.12],[98.5,-11.11],[98.39,-11.11],[98.32,-11.12],[98.32,-11.19],[98.28,-11.2],[98.28,-11.15],[98.25,-11.14],[98.25,-10.92],[98.1,-10.87],[98.07,-10.87],[98.07,-10.71],[98.1,-10.69],[98.1,-10.56],[98.17,-10.54],[98.17,-10.5],[98.25,-10.48],[98.25,-10.43],[98.17,-10.43],[98.03,-10.35],[97.99,-10.28],[97.96,-10.26],[97.96,-10.25],[97.99,-10.2],[98.03,-10.18],[98.1,-10.12],[98.17,-10.1],[98.28,-10.1],[98.32,-10.13],[98.39,-10.17],[98.39,-10.2],[98.43,-10.2],[98.43,-10.15],[98.5,-10.12],[98.53,-10.1],[98.93,-10.1],[98.97,-10.12],[99.11,-10.2],[99.11,-10.23],[99.14,-10.24],[99.14,-11.2]]]}},{"type":"Feature","properties":{"precip":10},"geometry":{"type":"Polygon","coordinates":[[[74.35,-9.84],[74.42,-9.79],[74.45,-9.74],[74.53,-9.7],[74.6,-9.72],[74.63,-9.75],[74.71,-9.79],[74.74,-9.84],[74.74,-9.87],[74.67,-9.92],[74.67,-9.98],[74.63,-10.0],[74.63,-10.05],[74.6,-10.07],[74.53,-10.1],[74.42,-10.08],[74.38,-10.05],[74.31,-10.03],[74.31,-10.0],[74.27,-9.98],[74.27,-9.92],[74.31,-9.88],[74.31,-9.87],[74.35,-9.84]]]}},{"type":"Feature","properties":{"precip":10},"geometry":{"type":"Polygon","coordinates":[[[86.73,-9.87],[86.73,-9.85],[86.76,-9.82],[86.84,-9.82],[86.84,-9.98],[86.8,-10.0],[86.66,-10.0],[86.62,-9.98],[86.62,-9.93],[86.73,-9.87]]]}},{"type":"Feature","properties":{"precip":10},"geometry":{"type":"Polygon","coordinates":[[[97.74,-10.2],[97.74,-10.17],[97.78,-10.15],[97.78,-10.1],[97.81,-10.1],[97.85,-10.13],[97.85,-10.26],[97.78,-10.3],[97.78,-10.25],[97.74,-10.25],[97.74,-10.2]]]}},{"type":"Feature","properties":{"precip":10},"geometry":{"type":"Polygon","coordinates":[[[76.36,-10.64],[76.36,-10.61],[76.43,-10.61],[76.43,-10.69],[76.36,-10.69],[76.36,-10.64]]]}},{"type":"Feature","properties":{"precip":10},"geometry":{"type":"Polygon","coordinates":[[[40.04,-11.14],[40.04,-11.11],[40.08,-11.11],[40.15,-11.14],[40.22,-11.22],[40.22,-11.24],[40.29,-11.29],[40.33,-11.27],[40.4,-11.22],[40.44,-11.17],[40.51,-11.11],[40.55,-11.11],[40.55,-11.25],[40.58,-11.27],[40.58,-11.3],[40.62,-11.3],[40.62,-11.34],[40.65,-11.35],[40.65,-11.47],[40.83,-11.55],[40.98,-11.67],[41.05,-11.75],[41.12,-11.86],[41.16,-11.91],[41.16,-11.96],[41.19,-11.98],[41.19,-12.01],[41.27,-12.05],[41.34,-12.11],[41.34,-12.19],[41.27,-12.19],[41.19,-12.18],[41.12,-12.14],[41.09,-12.08],[41.01,-12.01],[40.91,-11.98],[40.76,-11.88],[40.76,-11.85],[40.58,-11.7],[40.51,-11.7],[40.44,-11.65],[40.44,-11.62],[40.37,-11.57],[40.37,-11.5],[40.33,-11.48],[40.33,-11.44],[40.29,-11.4],[40.19,-11.3],[40.19,-11.27],[40.11,-11.22],[40.08,-11.2],[40.08,-11.15],[40.04,-11.14]]]}},{"type":"Feature","properties":{"precip":10},"geometry":{"type":"Polygon","coordinates":[[[34.07,-11.24],[34.07,-11.22],[34.14,-11.2],[34.25,-11.2],[34.36,-11.22],[34.36,-11.27],[34.32,-11.29],[34.25,-11.29],[34.25,-11.3],[34.18,-11.3],[34.07,-11.27],[34.07,-11.24]]]}},{"type":"Feature","properties":{"precip":10},"geometry":{"type":"Polygon","coordinates":[[[49.22,-11.27],[49.26,-11.24],[49.37,-11.2],[49.44,-11.22],[49.44,-11.25],[49.51,-11.3],[49.58,-11.3],[49.62,-11.32],[49.73,-11.4],[49.73,-11.5],[49.65,-11.47],[49.62,-11.4],[49.58,-11.4],[49.58,-11.44],[49.55,-11.47],[49.47,-11.5],[49.4,-11.5],[49.26,-11.45],[49.19,-11.4],[49.19,-11.3],[49.22,-11.27]]]}},{"type":"Feature","properties":{"precip":10},"geometry":{"type":"Polygon","coordinates":[[[34.25,-11.45],[34.25,-11.42],[34.32,-11.4],[34.43,-11.4],[34.46,-11.44],[34.39,-11.5],[34.32,-11.5],[34.25,-11.45]]]}},{"type":"Feature","properties":{"precip":10},"geometry":{"type":"Polygon","coordinates":[[[78.16,-11.75],[78.16,-11.72],[78.2,-11.7],[78.2,-11.8],[78.16,-11.8],[78.16,-11.75]]]}},{"type":"Feature","properties":{"precip":10},"geometry":{"type":"Polygon","coordinates":[[[75.86,-11.96],[75.86,-11.81],[75.89,-11.8],[75.93,-11.81],[76.04,-11.96],[76.04,-12.05],[76.0,-12.09],[75.89,-12.09],[75.86,-12.06],[75.86,-11.96]]]}},{"type":"Feature","properties":{"precip":10},"geometry":{"type":"Polygon","coordinates":[[[77.05,-12.51],[77.05,-12.34],[77.08,-12.31],[77.12,-12.31],[77.12,-12.34],[77.12,-12.36],[77.3,-12.47],[77.33,-12.57],[77.41,-12.61],[77.41,-12.72],[77.33,-12.75],[77.26,-12.79],[77.26,-12.74],[77.19,-12.7],[77.12,-12.7],[77.08,-12.7],[77.08,-12.66],[77.05,-12.64],[77.05,-12.51]]]}},{"type":"Feature","properties":{"precip":10},"geometry":{"type":"Polygon","coordinates":[[[79.92,-12.44],[79.92,-12.39],[80.07,-12.44],[80.1,-12.49],[80.1,-12.52],[80.14,-12.56],[80.14,-12.64],[80.14,-12.66],[80.14,-12.7],[80.18,-12.7],[80.32,-12.7],[80.36,-12.74],[80.36,-12.75],[80.39,-12.79],[80.5,-12.79],[80.54,-12.8],[80.57,-12.8],[80.61,-12.85],[80.75,-12.9],[80.82,-12.9],[80.97,-12.95],[80.97,-12.99],[81.0,-12.99],[81.04,-13.02],[81.22,-13.13],[81.33,-13.23],[81.44,-13.33],[81.47,-13.46],[81.47,-13.5],[81.44,-13.53],[81.47,-13.6],[81.58,-13.6],[81.65,-13.63],[81.65,-13.68],[81.62,-13.68],[81.58,-13.71],[81.47,-13.71],[81.44,-13.73],[81.44,-13.78],[81.4,-13.79],[81.22,-13.79],[81.22,-13.81],[81.18,-13.81],[81.15,-13.83],[81.15,-13.88],[81.0,-13.89],[81.0,-13.91],[80.79,-13.91],[80.68,-13.88],[80.61,-13.84],[80.61,-13.78],[80.54,-13.63],[80.46,-13.6],[80.39,-13.53],[80.28,-13.48],[80.25,-13.48],[80.25,-13.43],[80.18,-13.4],[80.14,-13.45],[80.14,-13.48],[80.07,-13.5],[80.07,-13.46],[80.03,-13.41],[79.96,-13.4],[79.92,-13.4],[79.85,-13.43],[79.85,-13.5],[79.92,-13.51],[79.92,-13.53],[79.92,-13.56],[79.92,-13.6],[79.89,-13.6],[79.89,-13.56],[79.85,-13.56],[79.85,-13.53],[79.82,-13.51],[79.71,-13.51],[79.71,-13.5],[79.67,-13.5],[79.64,-13.45],[79.71,-13.4],[79.74,-13.4],[79.85,-13.36],[79.85,-13.32],[79.71,-13.27],[79.71,-13.13],[79.67,-13.08],[79.67,-13.07],[79.6,-13.02],[79.6,-12.97],[79.53,-12.95],[79.53,-12.82],[79.6,-12.8],[79.6,-12.77],[79.64,-12.77],[79.64,-12.72],[79.53,-12.7],[79.53,-12.62],[79.6,-12.61],[79.6,-12.57],[79.67,-12.56],[79.71,-12.52],[79.74,-12.51],[79.85,-12.51],[79.92,-12.46],[79.92,-12.44]]]}},{"type":"Feature","properties":{"precip":10},"geometry":{"type":"Polygon","coordinates":[[[78.56,-12.59],[78.56,-12.52],[78.63,-12.51],[78.63,-12.56],[78.63,-12.64],[78.63,-12.66],[78.63,-12.7],[78.56,-12.7],[78.56,-12.59]]]}},{"type":"Feature","properties":{"precip":10},"geometry":{"type":"Polygon","coordinates":[[[93.35,-12.75],[93.35,-12.72],[93.35,-12.7],[93.46,-12.72],[93.46,-12.77],[93.42,-12.79],[93.35,-12.77],[93.35,-12.75]]]}},{"type":"Feature","properties":{"precip":10},"geometry":{"type":"Polygon","coordinates":[[[77.84,-12.85],[77.87,-12.84],[77.87,-12.8],[77.95,-12.8],[77.95,-12.89],[77.87,-12.9],[77.87,-12.87],[77.84,-12.85]]]}},{"type":"Feature","properties":{"precip":10},"geometry":{"type":"Polygon","coordinates":[[[91.62,-12.9],[91.62,-12.84],[91.7,-12.8],[91.77,-12.79],[91.84,-12.82],[91.84,-12.9],[91.91,-12.97],[91.91,-13.0],[92.02,-13.1],[92.02,-13.13],[92.05,-13.18],[92.05,-13.22],[92.13,-13.25],[92.13,-13.28],[92.16,-13.3],[92.16,-13.38],[92.2,-13.4],[92.27,-13.4],[92.34,-13.36],[92.34,-13.28],[92.38,-13.25],[92.38,-13.2],[92.45,-13.13],[92.56,-13.1],[92.63,-13.12],[92.63,-13.17],[92.67,-13.2],[92.67,-13.35],[92.7,-13.38],[92.7,-13.41],[92.81,-13.5],[92.85,-13.55],[92.85,-13.76],[92.77,-13.91],[92.7,-13.97],[92.67,-14.04],[92.56,-14.09],[92.49,-14.11],[92.34,-14.11],[92.2,-14.12],[92.16,-14.16],[92.05,-14.19],[92.05,-14.22],[92.05,-14.26],[92.05,-14.34],[91.98,-14.42],[91.98,-14.45],[91.91,-14.49],[91.84,-14.49],[91.84,-14.45],[91.8,-14.4],[91.7,-14.4],[91.62,-14.37],[91.62,-14.3],[91.73,-14.29],[91.73,-14.14],[91.77,-14.11],[91.77,-13.99],[91.73,-13.94],[91.73,-13.83],[91.7,-13.81],[91.7,-13.76],[91.62,-13.69],[91.62,-13.2],[91.73,-13.07],[91.77,-13.03],[91.7,-13.02],[91.7,-12.99],[91.62,-12.97],[91.62,-12.9]]]}},{"type":"Feature","properties":{"precip":10},"geometry":{"type":"Polygon","coordinates":[[[50.27,-13.23],[50.27,-13.2],[50.41,-13.2],[50.45,-13.23],[50.45,-13.4],[50.41,-13.4],[50.34,-13.35],[50.34,-13.33],[50.27,-13.27],[50.27,-13.23]]]}},{"type":"Feature","properties":{"precip":10},"geometry":{"type":"Polygon","coordinates":[[[94.83,-13.48],[94.86,-13.45],[94.97,-13.4],[95.04,-13.41],[95.04,-13.48],[95.08,-13.5],[95.19,-13.5],[95.26,-13.46],[95.26,-13.43],[95.29,-13.41],[95.37,-13.45],[95.44,-13.53],[95.26,-13.74],[95.19,-13.78],[95.19,-13.79],[95.08,-13.79],[95.08,-13.81],[95.08,-13.84],[95.04,-13.86],[95.04,-13.96],[95.01,-13.99],[94.86,-13.99],[94.79,-14.02],[94.65,-14.11],[94.65,-14.14],[94.65,-14.17],[94.57,-14.21],[94.5,-14.22],[94.36,-14.34],[94.36,-14.45],[94.32,-14.47],[94.32,-14.49],[94.21,-14.49],[94.14,-14.52],[94.14,-14.59],[94.11,-14.6],[94.07,-14.59],[94.07,-14.49],[94.0,-14.44],[94.0,-14.32],[94.07,-14.29],[94.07,-14.22],[94.11,-14.21],[94.29,-14.21],[94.43,-14.17],[94.43,-14.14],[94.43,-14.06],[94.5,-14.02],[94.5,-13.99],[94.65,-13.88],[94.65,-13.84],[94.72,-13.76],[94.72,-13.73],[94.75,-13.71],[94.75,-13.55],[94.79,-13.53],[94.79,-13.5],[94.83,-13.48]]]}},{"type":"Feature","properties":{"precip":10},"geometry":{"type":"Polygon","coordinates":[[[49.37,-13.55],[49.37,-13.51],[49.44,-13.51],[49.44,-13.6],[49.37,-13.6],[49.37,-13.55]]]}},{"type":"Feature","properties":{"precip":10},"geometry":{"type":"Polygon","coordinates":[[[50.27,-13.6],[50.27,-13.51],[50.3,-13.51],[50.45,-13.63],[50.52,-13.73],[50.52,-13.79],[50.55,-13.86],[50.55,-13.96],[50.52,-13.99],[50.48,-13.99],[50.48,-13.96],[50.45,-13.93],[50.45,-13.73],[50.41,-13.71],[50.34,-13.71],[50.27,-13.68],[50.27,-13.6]]]}},{"type":"Feature","properties":{"precip":10},"geometry":{"type":"Polygon","coordinates":[[[50.55,-13.55],[50.55,-13.53],[50.59,-13.51],[50.7,-13.51],[50.73,-13.53],[50.73,-13.6],[50.7,-13.6],[50.59,-13.6],[50.55,-13.6],[50.55,-13.55]]]}},{"type":"Feature","properties":{"precip":10},"geometry":{"type":"Polygon","coordinates":[[[93.13,-13.74],[93.13,-13.71],[93.28,-13.71],[93.35,-13.76],[93.46,-13.86],[93.46,-13.88],[93.35,-13.91],[93.28,-13.91],[93.24,-13.93],[93.24,-13.96],[93.28,-13.96],[93.35,-13.99],[93.46,-13.99],[93.49,-14.01],[93.57,-14.01],[93.64,-14.04],[93.64,-14.16],[93.53,-14.21],[93.35,-14.21],[93.35,-14.26],[93.35,-14.45],[93.31,-14.47],[93.31,-14.49],[93.21,-14.49],[93.13,-14.49],[93.13,-14.35],[93.13,-14.29],[93.13,-14.12],[93.13,-14.09],[93.13,-13.91],[93.24,-13.88],[93.24,-13.83],[93.13,-13.79],[93.13,-13.76],[93.13,-13.74]]]}},{"type":"Feature","properties":{"precip":10},"geometry":{"type":"Polygon","coordinates":[[[31.55,-14.35],[31.55,-14.3],[31.62,-14.29],[31.66,-14.32],[31.66,-14.37],[31.62,-14.39],[31.55,-14.39],[31.55,-14.35]]]}},{"type":"Feature","properties":{"precip":10},"geometry":{"type":"Polygon","coordinates":[[[92.23,-14.45],[92.27,-14.4],[92.41,-14.4],[92.45,-14.42],[92.45,-14.49],[92.41,-14.49],[92.27,-14.49],[92.23,-14.45]]]}},{"type":"Feature","properties":{"precip":10},"geometry":{"type":"Polygon","coordinates":[[[91.26,-14.65],[91.26,-14.62],[91.34,-14.6],[91.34,-14.68],[91.26,-14.68],[91.26,-14.65]]]}},{"type":"Feature","properties":{"precip":10},"geometry":{"type":"Polygon","coordinates":[[[93.46,-14.7],[93.46,-14.62],[93.53,-14.6],[93.53,-14.67],[93.57,-14.68],[93.57,-14.72],[93.53,-14.73],[93.53,-14.8],[93.46,-14.78],[93.46,-14.7]]]}},{"type":"Feature","properties":{"precip":10},"geometry":{"type":"Polygon","coordinates":[[[48.36,-14.85],[48.36,-14.73],[48.39,-14.7],[48.5,-14.7],[48.54,-14.72],[48.54,-14.88],[48.47,-14.9],[48.47,-15.03],[48.43,-15.05],[48.43,-15.08],[48.36,-15.1],[48.36,-15.18],[48.39,-15.2],[48.47,-15.2],[48.54,-15.21],[48.54,-15.26],[48.5,-15.28],[48.39,-15.43],[48.25,-15.48],[48.18,-15.49],[48.11,-15.49],[48.03,-15.46],[48.07,-15.44],[48.07,-15.41],[48.14,-15.39],[48.14,-15.24],[48.11,-15.2],[48.07,-15.18],[48.07,-15.11],[48.18,-15.03],[48.21,-15.01],[48.32,-15.0],[48.32,-14.95],[48.36,-14.91],[48.36,-14.85]]]}},{"type":"Feature","properties":{"precip":10},"geometry":{"type":"Polygon","coordinates":[[[91.05,-15.06],[91.08,-15.03],[91.16,-15.01],[91.3,-15.01],[91.37,-15.0],[91.55,-15.0],[91.62,-15.01],[91.73,-15.01],[91.84,-15.03],[91.84,-15.06],[92.02,-15.1],[92.23,-15.1],[92.27,-15.11],[92.34,-15.15],[92.34,-15.41],[92.38,-15.46],[92.38,-15.48],[92.41,-15.49],[92.56,-15.49],[92.63,-15.53],[92.63,-15.57],[92.67,-15.61],[92.67,-15.69],[92.63,-15.74],[92.63,-15.79],[92.56,-15.81],[92.27,-15.81],[92.27,-15.79],[92.2,-15.79],[92.16,-15.77],[92.16,-15.74],[92.05,-15.71],[92.02,-15.69],[91.91,-15.69],[91.84,-15.66],[91.84,-15.62],[91.77,-15.61],[91.62,-15.61],[91.59,-15.59],[91.41,-15.53],[91.37,-15.48],[91.3,-15.43],[91.3,-15.39],[91.26,-15.33],[91.34,-15.28],[91.34,-15.23],[91.3,-15.21],[91.3,-15.18],[91.26,-15.15],[91.16,-15.1],[91.08,-15.1],[91.05,-15.06]]]}},{"type":"Feature","properties":{"precip":10},"geometry":{"type":"Polygon","coordinates":[[[49.94,-15.34],[49.98,-15.29],[50.05,-15.31],[50.05,-15.39],[49.98,-15.41],[49.98,-15.39],[49.94,-15.39],[49.94,-15.34]]]}},{"type":"Feature","properties":{"precip":10},"geometry":{"type":"Polygon","coordinates":[[[47.64,-15.46],[47.67,-15.41],[47.75,-15.41],[47.75,-15.49],[47.67,-15.49],[47.64,-15.46]]]}},{"type":"Feature","properties":{"precip":10},"geometry":{"type":"Polygon","coordinates":[[[47.96,-15.81],[47.96,-15.74],[48.0,-15.71],[48.07,-15.69],[48.14,-15.69],[48.14,-15.71],[48.21,-15.71],[48.25,-15.72],[48.25,-15.79],[48.18,-15.81],[48.11,-15.81],[48.07,-15.82],[48.07,-15.84],[48.03,-15.84],[48.03,-15.89],[47.96,-15.87],[47.96,-15.81]]]}},{"type":"Feature","properties":{"precip":10},"geometry":{"type":"Polygon","coordinates":[[[49.83,-15.76],[49.87,-15.74],[49.87,-15.71],[49.91,-15.69],[49.94,-15.71],[49.94,-15.79],[49.87,-15.81],[49.87,-15.76],[49.83,-15.76]]]}},{"type":"Feature","properties":{"precip":10},"geometry":{"type":"Polygon","coordinates":[[[94.0,-16.04],[94.07,-16.04],[94.07,-16.0],[94.14,-16.02],[94.14,-16.09],[94.11,-16.1],[94.0,-16.04]]]}},{"type":"Feature","properties":{"precip":10},"geometry":{"type":"Polygon","coordinates":[[[93.35,-16.25],[93.35,-16.22],[93.42,-16.2],[93.46,-16.22],[93.46,-16.28],[93.35,-16.3],[93.35,-16.28],[93.35,-16.25]]]}},{"type":"Feature","properties":{"precip":10},"geometry":{"type":"Polygon","coordinates":[[[92.92,-16.35],[92.92,-16.32],[93.03,-16.3],[93.06,-16.33],[93.06,-16.37],[93.03,-16.4],[92.92,-16.38],[92.92,-16.35]]]}},{"type":"Feature","properties":{"precip":10},"geometry":{"type":"Polygon","coordinates":[[[93.13,-16.45],[93.13,-16.42],[93.24,-16.42],[93.24,-16.48],[93.13,-16.5],[93.13,-16.47],[93.13,-16.45]]]}},{"type":"Feature","properties":{"precip":10},"geometry":{"type":"Polygon","coordinates":[[[89.03,-16.58],[89.03,-16.55],[89.03,-16.51],[89.1,-16.51],[89.18,-16.56],[89.25,-16.68],[89.36,-16.75],[89.43,-16.84],[89.46,-16.88],[89.43,-16.89],[89.18,-16.89],[89.1,-16.88],[89.0,-16.79],[88.96,-16.75],[88.96,-16.63],[89.03,-16.58]]]}},{"type":"Feature","properties":{"precip":10},"geometry":{"type":"Polygon","coordinates":[[[50.66,-17.36],[50.66,-17.31],[50.73,-17.31],[50.77,-17.34],[50.77,-17.39],[50.84,-17.37],[50.84,-17.34],[50.91,-17.31],[50.98,-17.37],[50.98,-17.39],[51.02,-17.42],[51.02,-17.45],[51.06,-17.49],[51.06,-17.59],[51.13,-17.6],[51.13,-17.65],[51.16,-17.69],[51.16,-17.72],[51.13,-17.75],[51.13,-17.77],[51.06,-17.8],[50.98,-17.77],[50.91,-17.73],[50.84,-17.62],[50.77,-17.57],[50.77,-17.52],[50.73,-17.47],[50.73,-17.41],[50.66,-17.39],[50.66,-17.36]]]}},{"type":"Feature","properties":{"precip":10},"geometry":{"type":"Polygon","coordinates":[[[89.75,-17.62],[89.82,-17.57],[89.9,-17.52],[89.9,-17.5],[90.0,-17.5],[90.04,-17.52],[90.08,-17.57],[90.08,-17.59],[90.11,-17.57],[90.18,-17.54],[90.18,-17.5],[90.22,-17.5],[90.22,-17.54],[90.26,-17.55],[90.26,-17.57],[90.29,-17.59],[90.33,-17.59],[90.44,-17.62],[90.44,-17.73],[90.47,-17.78],[90.47,-17.83],[90.51,-17.88],[90.51,-17.93],[90.54,-17.97],[90.62,-17.97],[90.69,-18.0],[90.76,-18.0],[90.83,-18.03],[90.94,-18.13],[90.94,-18.2],[90.98,-18.23],[90.98,-18.26],[90.98,-18.3],[90.98,-18.33],[91.08,-18.38],[91.19,-18.41],[91.26,-18.44],[91.26,-18.48],[91.34,-18.56],[91.34,-18.61],[91.37,-18.63],[91.37,-18.67],[91.48,-18.76],[91.48,-18.79],[91.52,-18.82],[91.52,-18.86],[91.55,-18.89],[91.55,-19.14],[91.52,-19.15],[91.52,-19.19],[91.48,-19.2],[91.41,-19.2],[91.37,-19.19],[91.37,-19.15],[91.34,-19.12],[91.26,-19.1],[91.12,-19.1],[91.05,-19.07],[91.05,-19.02],[90.98,-19.0],[90.94,-19.0],[90.87,-18.99],[90.87,-18.94],[90.76,-18.91],[90.72,-18.91],[90.65,-18.89],[90.65,-18.82],[90.62,-18.81],[90.47,-18.77],[90.47,-18.72],[90.44,-18.69],[90.44,-18.51],[90.33,-18.48],[90.33,-18.33],[90.33,-18.28],[90.33,-18.23],[90.29,-18.18],[90.22,-18.13],[90.11,-18.1],[90.08,-18.08],[90.04,-18.03],[90.0,-18.02],[90.0,-17.97],[89.97,-17.95],[89.75,-17.85],[89.75,-17.83],[89.68,-17.77],[89.68,-17.72],[89.68,-17.7],[89.68,-17.67],[89.75,-17.62]]]}},{"type":"Feature","properties":{"precip":10},"geometry":{"type":"Polygon","coordinates":[[[94.86,-17.65],[94.86,-17.59],[95.01,-17.5],[95.04,-17.5],[95.04,-17.57],[95.08,-17.59],[95.15,-17.59],[95.26,-17.62],[95.26,-17.69],[95.29,-17.7],[95.4,-17.7],[95.44,-17.72],[95.44,-17.77],[95.51,-17.78],[95.58,-17.8],[95.62,-17.77],[95.65,-17.77],[95.65,-17.72],[95.73,-17.7],[95.8,-17.7],[95.83,-17.72],[95.83,-17.75],[95.87,-17.77],[95.87,-17.78],[95.94,-17.8],[96.01,-17.8],[96.05,-17.82],[96.05,-17.87],[96.12,-17.9],[96.27,-17.9],[96.34,-17.88],[96.34,-17.77],[96.37,-17.75],[96.37,-17.7],[96.45,-17.72],[96.45,-17.77],[96.48,-17.77],[96.52,-17.8],[96.59,-17.8],[96.59,-17.82],[96.66,-17.85],[96.77,-17.97],[96.81,-18.0],[96.88,-18.0],[96.95,-17.97],[96.95,-17.95],[96.99,-17.92],[97.02,-17.92],[97.02,-17.95],[97.09,-18.0],[97.17,-18.05],[97.17,-18.06],[97.31,-18.13],[97.35,-18.16],[97.45,-18.25],[97.53,-18.33],[97.67,-18.51],[97.74,-18.58],[97.74,-18.66],[97.81,-18.71],[97.89,-18.71],[97.96,-18.72],[97.96,-18.77],[97.99,-18.79],[98.07,-18.79],[98.1,-18.82],[98.1,-18.91],[98.07,-18.92],[98.07,-18.99],[98.17,-19.09],[98.25,-19.1],[98.32,-19.1],[98.32,-19.12],[98.32,-19.17],[98.43,-19.2],[98.5,-19.2],[98.53,-19.22],[98.53,-19.4],[98.53,-19.47],[98.53,-19.58],[98.64,-19.62],[98.64,-19.75],[98.71,-19.8],[98.75,-19.8],[98.86,-19.83],[98.86,-19.88],[98.93,-19.9],[98.97,-19.9],[99.04,-19.91],[99.04,-19.96],[98.93,-19.99],[98.71,-19.99],[98.68,-20.01],[98.61,-20.01],[98.53,-20.04],[98.53,-20.08],[98.53,-20.13],[98.53,-20.23],[98.5,-20.27],[98.5,-20.29],[98.39,-20.41],[98.25,-20.62],[98.25,-20.65],[98.28,-20.69],[98.39,-20.7],[98.46,-20.74],[98.46,-20.77],[98.53,-20.82],[98.53,-20.85],[98.53,-20.87],[98.64,-20.9],[98.71,-20.9],[98.75,-20.92],[98.75,-20.97],[98.75,-21.0],[98.89,-21.0],[98.93,-21.02],[98.93,-21.07],[98.97,-21.1],[98.97,-21.2],[98.93,-21.23],[98.93,-21.26],[98.89,-21.3],[98.71,-21.3],[98.64,-21.25],[98.64,-21.13],[98.53,-21.1],[98.46,-21.1],[98.32,-21.03],[98.25,-20.93],[98.25,-20.85],[98.1,-20.72],[98.07,-20.67],[98.03,-20.64],[97.89,-20.6],[97.85,-20.57],[97.85,-20.52],[97.78,-20.49],[97.67,-20.49],[97.63,-20.46],[97.63,-20.42],[97.6,-20.41],[97.56,-20.44],[97.56,-20.46],[97.45,-20.49],[97.31,-20.49],[97.24,-20.47],[97.24,-20.44],[97.24,-20.39],[97.24,-20.24],[97.2,-20.21],[97.09,-20.21],[97.02,-20.23],[97.02,-20.27],[97.02,-20.29],[96.95,-20.27],[96.95,-20.13],[96.91,-20.09],[96.88,-20.09],[96.81,-20.13],[96.81,-20.18],[96.77,-20.21],[96.73,-20.21],[96.66,-20.18],[96.66,-20.11],[96.7,-20.09],[96.81,-20.09],[96.81,-20.08],[96.81,-20.04],[96.73,-20.01],[96.59,-20.01],[96.52,-19.99],[96.16,-19.99],[96.09,-19.98],[96.05,-19.94],[96.05,-19.85],[96.01,-19.81],[95.94,-19.8],[95.87,-19.83],[95.87,-19.86],[95.83,-19.88],[95.91,-19.98],[95.94,-20.06],[96.01,-20.11],[96.09,-20.19],[96.16,-20.26],[96.27,-20.29],[96.27,-20.31],[96.34,-20.36],[96.45,-20.44],[96.45,-20.54],[96.48,-20.56],[96.55,-20.65],[96.59,-20.7],[96.59,-20.79],[96.59,-20.8],[96.59,-20.84],[96.55,-20.85],[96.55,-21.05],[96.52,-21.12],[96.52,-21.17],[96.45,-21.25],[96.37,-21.3],[96.3,-21.3],[96.27,-21.26],[96.27,-21.18],[96.23,-21.17],[96.23,-21.12],[96.16,-21.1],[96.12,-21.1],[96.05,-21.05],[96.05,-20.95],[96.01,-20.93],[96.01,-20.9],[95.94,-20.9],[95.87,-20.85],[95.8,-20.82],[95.8,-20.79],[95.62,-20.64],[95.47,-20.57],[95.47,-20.52],[95.44,-20.49],[95.44,-20.23],[95.37,-20.21],[95.37,-20.27],[95.29,-20.27],[95.29,-20.29],[95.19,-20.29],[95.15,-20.27],[95.15,-20.23],[95.08,-20.21],[95.04,-20.21],[94.97,-20.19],[94.97,-20.11],[95.01,-20.09],[95.08,-20.09],[95.15,-20.08],[95.15,-20.01],[95.08,-19.99],[95.08,-19.96],[95.04,-19.93],[95.04,-19.86],[95.08,-19.85],[95.08,-19.8],[95.15,-19.75],[95.15,-19.55],[95.08,-19.53],[95.08,-19.5],[95.01,-19.5],[94.97,-19.52],[94.97,-19.58],[94.93,-19.6],[94.93,-19.7],[94.86,-19.71],[94.86,-19.85],[94.83,-19.86],[94.83,-19.88],[94.79,-19.9],[94.72,-19.9],[94.65,-19.93],[94.65,-19.96],[94.61,-19.98],[94.54,-19.94],[94.43,-19.88],[94.43,-19.76],[94.43,-19.75],[94.43,-19.7],[94.36,-19.7],[94.36,-19.53],[94.32,-19.5],[94.21,-19.48],[94.21,-19.35],[94.36,-19.24],[94.39,-19.22],[94.39,-19.19],[94.43,-19.17],[94.43,-19.12],[94.43,-19.09],[94.43,-19.05],[94.43,-19.02],[94.39,-19.0],[94.32,-19.0],[94.21,-19.05],[94.14,-19.15],[94.14,-19.17],[94.07,-19.2],[94.07,-19.14],[94.0,-19.12],[94.0,-19.0],[93.96,-18.97],[93.96,-18.86],[93.93,-18.84],[93.93,-18.81],[93.85,-18.79],[93.78,-18.79],[93.78,-18.76],[93.75,-18.74],[93.75,-18.69],[93.78,-18.64],[93.78,-18.61],[93.78,-18.56],[93.89,-18.53],[93.96,-18.51],[94.0,-18.48],[94.0,-18.26],[94.07,-18.21],[94.07,-18.11],[94.14,-18.11],[94.14,-18.15],[94.21,-18.2],[94.36,-18.2],[94.43,-18.18],[94.43,-18.15],[94.43,-18.13],[94.43,-18.08],[94.43,-18.06],[94.43,-18.0],[94.36,-17.98],[94.36,-17.88],[94.39,-17.83],[94.39,-17.78],[94.43,-17.73],[94.54,-17.72],[94.54,-17.75],[94.57,-17.78],[94.65,-17.78],[94.72,-17.77],[94.79,-17.7],[94.86,-17.65]],[[96.81,-18.35],[96.81,-18.31],[96.77,-18.31],[96.77,-18.39],[96.81,-18.39],[96.81,-18.35]],[[94.79,-19.37],[94.75,-19.33],[94.65,-19.3],[94.61,-19.3],[94.57,-19.32],[94.54,-19.38],[94.54,-19.42],[94.61,-19.5],[94.61,-19.52],[94.65,-19.58],[94.72,-19.6],[94.79,-19.6],[94.83,-19.58],[94.83,-19.55],[94.86,-19.52],[94.86,-19.5],[94.83,-19.47],[94.83,-19.42],[94.79,-19.37]],[[97.56,-19.35],[97.56,-19.32],[97.53,-19.32],[97.53,-19.3],[97.45,-19.3],[97.45,-19.38],[97.53,-19.4],[97.53,-19.37],[97.56,-19.35]],[[97.74,-19.55],[97.74,-19.52],[97.67,-19.5],[97.56,-19.5],[97.56,-19.55],[97.6,-19.58],[97.67,-19.68],[97.74,-19.71],[97.78,-19.76],[97.89,-19.8],[97.96,-19.75],[97.96,-19.66],[97.89,-19.65],[97.89,-19.62],[97.89,-19.6],[97.78,-19.6],[97.74,-19.55]],[[95.65,-19.65],[95.65,-19.62],[95.58,-19.6],[95.58,-19.63],[95.51,-19.65],[95.51,-19.75],[95.62,-19.8],[95.8,-19.8],[95.83,-19.78],[95.83,-19.71],[95.8,-19.7],[95.73,-19.7],[95.65,-19.68],[95.65,-19.65]],[[94.65,-19.75],[94.65,-19.7],[94.57,-19.7],[94.54,-19.73],[94.54,-19.76],[94.57,-19.8],[94.65,-19.8],[94.65,-19.75]],[[95.44,-20.06],[95.44,-20.01],[95.4,-19.99],[95.37,-20.01],[95.37,-20.09],[95.44,-20.09],[95.44,-20.06]],[[95.83,-20.06],[95.83,-20.01],[95.73,-20.01],[95.73,-20.08],[95.83,-20.09],[95.83,-20.06]],[[97.85,-20.06],[97.85,-20.01],[97.81,-19.99],[97.74,-20.03],[97.74,-20.08],[97.81,-20.18],[97.81,-20.24],[97.89,-20.27],[97.89,-20.32],[98.07,-20.39],[98.1,-20.41],[98.21,-20.41],[98.28,-20.39],[98.32,-20.36],[98.39,-20.31],[98.43,-20.29],[98.43,-20.21],[98.32,-20.18],[98.32,-20.06],[98.32,-20.03],[98.25,-19.99],[98.17,-19.99],[98.07,-20.03],[98.07,-20.08],[98.1,-20.09],[98.17,-20.09],[98.25,-20.11],[98.25,-20.18],[98.17,-20.19],[98.17,-20.21],[98.07,-20.19],[98.07,-20.14],[97.99,-20.09],[97.89,-20.09],[97.85,-20.08],[97.85,-20.06]],[[95.94,-20.36],[95.94,-20.23],[95.91,-20.21],[95.69,-20.21],[95.65,-20.24],[95.65,-20.46],[95.69,-20.46],[95.69,-20.49],[95.73,-20.49],[95.83,-20.51],[95.83,-20.56],[95.87,-20.56],[95.87,-20.59],[95.91,-20.6],[95.94,-20.6],[96.05,-20.64],[96.05,-20.77],[96.09,-20.77],[96.12,-20.8],[96.16,-20.8],[96.27,-20.85],[96.27,-20.88],[96.37,-20.9],[96.37,-20.88],[96.45,-20.88],[96.45,-20.84],[96.27,-20.67],[96.27,-20.57],[96.23,-20.52],[96.12,-20.49],[95.94,-20.49],[95.94,-20.46],[95.94,-20.44],[95.94,-20.36]]]}},{"type":"Feature","properties":{"precip":10},"geometry":{"type":"Polygon","coordinates":[[[51.06,-18.05],[51.06,-18.03],[51.13,-18.0],[51.27,-18.0],[51.34,-18.03],[51.34,-18.06],[51.38,-18.1],[51.45,-18.1],[51.52,-18.11],[51.56,-18.15],[51.56,-18.18],[51.6,-18.18],[51.7,-18.23],[51.78,-18.28],[51.81,-18.33],[51.88,-18.36],[51.96,-18.48],[51.96,-18.56],[51.99,-18.56],[51.99,-18.59],[52.03,-18.61],[52.03,-18.64],[52.1,-18.69],[52.14,-18.72],[52.14,-18.77],[52.03,-18.87],[52.03,-18.89],[51.96,-18.87],[51.96,-18.84],[51.92,-18.81],[51.74,-18.76],[51.74,-18.72],[51.67,-18.69],[51.67,-18.66],[51.63,-18.63],[51.56,-18.59],[51.49,-18.59],[51.45,-18.58],[51.45,-18.53],[51.38,-18.51],[51.24,-18.44],[51.24,-18.41],[51.2,-18.39],[51.09,-18.31],[51.09,-18.28],[51.06,-18.26],[51.06,-18.23],[51.09,-18.21],[51.09,-18.18],[51.13,-18.15],[51.13,-18.11],[51.06,-18.08],[51.06,-18.05]]]}},{"type":"Feature","properties":{"precip":10},"geometry":{"type":"Polygon","coordinates":[[[88.74,-18.1],[88.74,-18.05],[88.78,-18.03],[88.78,-18.0],[88.82,-18.0],[88.82,-18.03],[88.82,-18.16],[88.78,-18.2],[88.78,-18.16],[88.74,-18.15],[88.74,-18.1]]]}},{"type":"Feature","properties":{"precip":10},"geometry":{"type":"Polygon","coordinates":[[[92.34,-18.15],[92.38,-18.11],[92.49,-18.1],[92.56,-18.11],[92.63,-18.15],[92.7,-18.2],[92.7,-18.26],[92.81,-18.28],[92.85,-18.31],[92.92,-18.31],[92.92,-18.35],[92.92,-18.38],[92.92,-18.39],[92.85,-18.39],[92.81,-18.41],[92.7,-18.51],[92.67,-18.56],[92.67,-18.63],[92.63,-18.67],[92.49,-18.71],[92.41,-18.69],[92.38,-18.66],[92.27,-18.63],[92.27,-18.59],[92.27,-18.56],[92.27,-18.41],[92.38,-18.35],[92.38,-18.31],[92.45,-18.26],[92.45,-18.23],[92.38,-18.2],[92.38,-18.16],[92.34,-18.16],[92.34,-18.15]]]}},{"type":"Feature","properties":{"precip":10},"geometry":{"type":"Polygon","coordinates":[[[88.96,-18.31],[88.96,-18.21],[89.03,-18.2],[89.03,-18.26],[89.03,-18.28],[89.03,-18.33],[89.03,-18.35],[89.03,-18.39],[88.96,-18.38],[88.96,-18.31]]]}},{"type":"Feature","properties":{"precip":10},"geometry":{"type":"Polygon","coordinates":[[[92.85,-18.56],[92.88,-18.51],[92.99,-18.51],[93.06,-18.54],[93.06,-18.56],[93.03,-18.56],[92.99,-18.59],[92.88,-18.59],[92.85,-18.56]]]}},{"type":"Feature","properties":{"precip":10},"geometry":{"type":"Polygon","coordinates":[[[93.35,-18.56],[93.35,-18.53],[93.35,-18.51],[93.46,-18.53],[93.46,-18.58],[93.42,-18.59],[93.35,-18.58],[93.35,-18.56]]]}},{"type":"Feature","properties":{"precip":10},"geometry":{"type":"Polygon","coordinates":[[[92.7,-18.74],[92.77,-18.71],[92.85,-18.71],[92.85,-18.79],[92.77,-18.79],[92.7,-18.74]]]}},{"type":"Feature","properties":{"precip":10},"geometry":{"type":"Polygon","coordinates":[[[63.91,-18.87],[63.94,-18.84],[64.02,-18.81],[64.09,-18.81],[64.16,-18.86],[64.2,-18.91],[64.23,-18.92],[64.23,-18.94],[64.38,-19.0],[64.45,-19.02],[64.45,-19.09],[64.41,-19.1],[64.34,-19.1],[64.27,-19.12],[64.27,-19.14],[64.23,-19.14],[64.23,-19.19],[64.12,-19.14],[64.12,-19.12],[64.05,-19.07],[64.05,-19.05],[63.98,-19.02],[63.98,-19.0],[63.91,-19.0],[63.87,-18.99],[63.87,-18.91],[63.91,-18.87]]]}},{"type":"Feature","properties":{"precip":10},"geometry":{"type":"Polygon","coordinates":[[[89.25,-19.1],[89.25,-19.04],[89.32,-19.0],[89.39,-19.0],[89.39,-19.02],[89.46,-19.05],[89.46,-19.1],[89.57,-19.15],[89.57,-19.17],[89.64,-19.2],[89.68,-19.22],[89.82,-19.3],[89.82,-19.33],[89.86,-19.38],[89.86,-19.47],[89.9,-19.5],[90.04,-19.52],[90.04,-19.53],[90.11,-19.6],[90.11,-19.62],[90.22,-19.7],[90.29,-19.7],[90.29,-19.71],[90.33,-19.75],[90.4,-19.78],[90.44,-19.85],[90.54,-19.9],[90.65,-19.9],[90.72,-19.93],[90.72,-19.94],[90.76,-19.98],[90.76,-19.99],[90.87,-20.06],[90.87,-20.08],[90.94,-20.08],[90.94,-20.09],[90.98,-20.09],[90.98,-20.13],[91.05,-20.14],[91.05,-20.26],[91.08,-20.27],[91.08,-20.29],[91.19,-20.31],[91.3,-20.41],[91.34,-20.46],[91.34,-20.52],[91.37,-20.54],[91.37,-20.57],[91.41,-20.6],[91.48,-20.6],[91.55,-20.64],[91.55,-20.77],[91.62,-20.8],[91.62,-20.88],[91.62,-20.93],[91.62,-21.35],[91.7,-21.38],[91.84,-21.43],[91.84,-21.58],[91.77,-21.61],[91.7,-21.61],[91.62,-21.64],[91.62,-21.69],[91.59,-21.69],[91.59,-21.66],[91.55,-21.63],[91.48,-21.61],[91.37,-21.61],[91.26,-21.58],[91.26,-21.54],[91.19,-21.51],[91.08,-21.5],[90.87,-21.5],[90.76,-21.46],[90.76,-21.43],[90.72,-21.41],[90.54,-21.36],[90.51,-21.33],[90.51,-21.3],[90.47,-21.25],[90.47,-21.23],[90.44,-21.18],[90.44,-21.1],[90.33,-21.1],[90.33,-21.17],[90.33,-21.18],[90.26,-21.18],[90.26,-21.03],[90.18,-21.0],[90.11,-20.98],[90.04,-20.9],[89.97,-20.87],[89.9,-20.82],[89.86,-20.75],[89.79,-20.7],[89.75,-20.65],[89.68,-20.59],[89.61,-20.54],[89.54,-20.46],[89.46,-20.41],[89.39,-20.39],[89.36,-20.36],[89.36,-20.24],[89.21,-20.18],[89.14,-20.16],[89.1,-20.11],[89.1,-20.08],[89.03,-20.04],[88.96,-19.99],[88.89,-19.98],[88.89,-19.96],[88.82,-19.9],[88.74,-19.86],[88.71,-19.8],[88.6,-19.71],[88.56,-19.7],[88.56,-19.8],[88.53,-19.85],[88.53,-19.88],[88.38,-19.9],[88.31,-19.88],[88.28,-19.86],[88.17,-19.83],[88.17,-19.7],[88.24,-19.65],[88.31,-19.6],[88.38,-19.52],[88.46,-19.47],[88.49,-19.4],[88.56,-19.37],[88.6,-19.32],[88.74,-19.3],[89.0,-19.3],[89.03,-19.25],[89.03,-19.24],[89.03,-19.12],[89.1,-19.1],[89.14,-19.12],[89.14,-19.17],[89.18,-19.17],[89.18,-19.2],[89.25,-19.19],[89.25,-19.1]],[[88.35,-19.75],[88.35,-19.71],[88.28,-19.7],[88.24,-19.73],[88.24,-19.76],[88.28,-19.8],[88.35,-19.78],[88.35,-19.75]]]}},{"type":"Feature","properties":{"precip":10},"geometry":{"type":"Polygon","coordinates":[[[35.04,-19.47],[35.08,-19.4],[35.15,-19.42],[35.15,-19.5],[35.11,-19.5],[35.04,-19.47]]]}},{"type":"Feature","properties":{"precip":10},"geometry":{"type":"Polygon","coordinates":[[[51.7,-19.58],[51.78,-19.52],[51.78,-19.5],[51.85,-19.5],[51.85,-19.58],[51.88,-19.6],[51.96,-19.6],[52.03,-19.63],[52.03,-19.65],[52.1,-19.7],[52.17,-19.76],[52.24,-19.78],[52.24,-19.73],[52.35,-19.7],[52.42,-19.7],[52.5,-19.71],[52.53,-19.75],[52.6,-19.78],[52.64,-19.83],[52.64,-19.88],[52.6,-19.88],[52.57,-19.91],[52.57,-19.98],[52.6,-19.98],[52.64,-20.01],[52.64,-20.06],[52.6,-20.08],[52.53,-20.09],[52.39,-20.09],[52.35,-20.08],[52.28,-20.08],[52.24,-20.06],[52.24,-20.03],[52.28,-19.99],[52.35,-19.98],[52.35,-19.93],[52.32,-19.9],[52.21,-19.9],[52.14,-19.86],[52.14,-19.83],[52.1,-19.81],[52.03,-19.81],[51.99,-19.8],[51.88,-19.8],[51.81,-19.78],[51.7,-19.73],[51.7,-19.7],[51.67,-19.66],[51.67,-19.62],[51.7,-19.58]]]}},{"type":"Feature","properties":{"precip":10},"geometry":{"type":"Polygon","coordinates":[[[92.05,-19.6],[92.05,-19.53],[92.05,-19.5],[92.23,-19.5],[92.23,-19.57],[92.16,-19.63],[92.16,-19.66],[92.13,-19.7],[92.05,-19.7],[92.05,-19.6]]]}},{"type":"Feature","properties":{"precip":10},"geometry":{"type":"Polygon","coordinates":[[[35.04,-19.68],[35.04,-19.65],[35.11,-19.6],[35.15,-19.62],[35.18,-19.66],[35.18,-19.7],[35.26,-19.66],[35.26,-19.63],[35.33,-19.63],[35.33,-19.66],[35.44,-19.71],[35.51,-19.81],[35.58,-19.88],[35.58,-19.91],[35.65,-19.98],[35.65,-20.08],[35.72,-20.09],[35.72,-20.14],[35.76,-20.16],[35.76,-20.27],[35.83,-20.29],[35.83,-20.39],[35.76,-20.41],[35.62,-20.29],[35.51,-20.19],[35.36,-20.08],[35.15,-19.83],[35.08,-19.73],[35.04,-19.68]]]}},{"type":"Feature","properties":{"precip":10},"geometry":{"type":"Polygon","coordinates":[[[64.84,-19.65],[64.91,-19.62],[64.99,-19.6],[65.13,-19.6],[65.24,-19.63],[65.24,-19.68],[65.2,-19.7],[65.13,-19.7],[65.09,-19.7],[65.02,-19.7],[64.99,-19.7],[64.91,-19.7],[64.84,-19.66],[64.84,-19.65]]]}},{"type":"Feature","properties":{"precip":10},"geometry":{"type":"Polygon","coordinates":[[[52.75,-20.03],[52.75,-20.01],[52.86,-19.99],[52.93,-20.01],[53.0,-20.01],[53.07,-20.03],[53.18,-20.08],[53.22,-20.11],[53.25,-20.13],[53.25,-20.18],[53.14,-20.21],[53.07,-20.21],[52.96,-20.19],[52.86,-20.14],[52.75,-20.06],[52.75,-20.03]]]}},{"type":"Feature","properties":{"precip":10},"geometry":{"type":"Polygon","coordinates":[[[88.46,-20.06],[88.46,-20.03],[88.56,-19.99],[88.6,-19.99],[88.74,-20.03],[88.74,-20.08],[88.67,-20.08],[88.67,-20.09],[88.53,-20.09],[88.53,-20.08],[88.46,-20.08],[88.46,-20.06]]]}},{"type":"Feature","properties":{"precip":10},"geometry":{"type":"Polygon","coordinates":[[[54.94,-20.14],[55.02,-20.11],[55.12,-20.11],[55.23,-20.09],[55.59,-20.09],[55.66,-20.11],[55.77,-20.11],[55.84,-20.14],[55.84,-20.18],[55.77,-20.19],[55.7,-20.19],[55.66,-20.21],[55.45,-20.21],[55.38,-20.23],[55.34,-20.27],[55.27,-20.27],[55.27,-20.26],[55.2,-20.21],[55.05,-20.21],[55.05,-20.19],[54.98,-20.19],[54.94,-20.18],[54.94,-20.14]]]}},{"type":"Feature","properties":{"precip":10},"geometry":{"type":"Polygon","coordinates":[[[66.25,-20.14],[66.32,-20.11],[66.43,-20.11],[66.5,-20.09],[66.82,-20.09],[66.89,-20.11],[67.0,-20.11],[67.04,-20.13],[67.04,-20.18],[66.93,-20.19],[66.82,-20.19],[66.75,-20.21],[66.57,-20.21],[66.5,-20.19],[66.35,-20.19],[66.25,-20.16],[66.25,-20.14]]]}},{"type":"Feature","properties":{"precip":10},"geometry":{"type":"Polygon","coordinates":[[[93.13,-20.41],[93.13,-20.37],[93.13,-20.31],[93.24,-20.29],[93.31,-20.31],[93.35,-20.37],[93.35,-20.41],[93.42,-20.44],[93.49,-20.46],[93.49,-20.47],[93.64,-20.51],[93.64,-20.59],[93.57,-20.6],[93.49,-20.6],[93.46,-20.57],[93.46,-20.54],[93.42,-20.51],[93.35,-20.51],[93.31,-20.49],[93.21,-20.49],[93.13,-20.47],[93.13,-20.44],[93.13,-20.41]]]}},{"type":"Feature","properties":{"precip":10},"geometry":{"type":"Polygon","coordinates":[[[52.96,-20.56],[52.96,-20.51],[53.07,-20.49],[53.14,-20.52],[53.14,-20.57],[53.07,-20.6],[53.0,-20.6],[52.96,-20.59],[52.96,-20.56]]]}},{"type":"Feature","properties":{"precip":10},"geometry":{"type":"Polygon","coordinates":[[[96.7,-20.98],[96.77,-20.92],[96.81,-20.9],[96.91,-20.9],[96.95,-20.92],[96.95,-20.97],[96.99,-21.0],[97.02,-21.0],[97.13,-21.02],[97.17,-21.03],[96.99,-21.1],[96.73,-21.1],[96.66,-21.07],[96.66,-21.03],[96.7,-21.02],[96.7,-20.98]]]}},{"type":"Feature","properties":{"precip":10},"geometry":{"type":"Polygon","coordinates":[[[99.04,-21.3],[99.04,-21.25],[99.07,-21.25],[99.07,-21.21],[99.11,-21.2],[99.14,-21.23],[99.14,-21.38],[99.07,-21.4],[99.07,-21.36],[99.04,-21.35],[99.04,-21.3]]]}},{"type":"Feature","properties":{"precip":10},"geometry":{"type":"Polygon","coordinates":[[[97.24,-21.35],[97.24,-21.3],[97.35,-21.31],[97.35,-21.4],[97.24,-21.41],[97.24,-21.38],[97.24,-21.35]]]}},{"type":"Feature","properties":{"precip":10},"geometry":{"type":"Polygon","coordinates":[[[92.05,-21.64],[92.05,-21.61],[92.13,-21.61],[92.16,-21.63],[92.16,-21.66],[92.13,-21.69],[92.05,-21.68],[92.05,-21.64]]]}},{"type":"Feature","properties":{"precip":10},"geometry":{"type":"Polygon","coordinates":[[[92.92,-21.64],[92.92,-21.61],[93.03,-21.61],[93.06,-21.63],[93.06,-21.66],[93.03,-21.69],[92.92,-21.68],[92.92,-21.64]]]}},{"type":"Feature","properties":{"precip":10},"geometry":{"type":"Polygon","coordinates":[[[96.81,-21.64],[96.88,-21.61],[96.95,-21.61],[96.95,-21.68],[96.88,-21.69],[96.81,-21.64]]]}},{"type":"Feature","properties":{"precip":10},"geometry":{"type":"Polygon","coordinates":[[[97.24,-21.91],[97.24,-21.86],[97.24,-21.82],[97.24,-21.81],[97.31,-21.81],[97.42,-21.91],[97.42,-21.94],[97.45,-21.96],[97.45,-21.99],[97.42,-22.01],[97.31,-22.01],[97.24,-21.99],[97.24,-21.94],[97.24,-21.91]]]}},{"type":"Feature","properties":{"precip":10},"geometry":{"type":"Polygon","coordinates":[[[94.43,-22.11],[94.43,-22.01],[94.5,-22.01],[94.54,-22.01],[94.54,-22.06],[94.61,-22.09],[94.65,-22.11],[94.75,-22.15],[94.75,-22.25],[94.86,-22.37],[94.93,-22.39],[95.01,-22.39],[95.04,-22.4],[95.04,-22.48],[94.97,-22.48],[94.97,-22.5],[94.83,-22.5],[94.83,-22.48],[94.75,-22.47],[94.75,-22.39],[94.72,-22.35],[94.72,-22.3],[94.65,-22.24],[94.43,-22.17],[94.43,-22.11]]]}},{"type":"Feature","properties":{"precip":10},"geometry":{"type":"Polygon","coordinates":[[[97.85,-22.02],[97.85,-22.01],[97.89,-22.01],[98.07,-22.01],[98.1,-22.01],[98.1,-22.17],[98.07,-22.2],[98.03,-22.2],[97.96,-22.17],[97.89,-22.12],[97.89,-22.11],[97.89,-22.07],[97.85,-22.06],[97.85,-22.02]]]}},{"type":"Feature","properties":{"precip":10},"geometry":{"type":"Polygon","coordinates":[[[98.46,-22.11],[98.46,-22.01],[98.53,-22.01],[98.53,-22.15],[98.53,-22.27],[98.61,-22.29],[98.61,-22.34],[98.75,-22.39],[98.82,-22.39],[98.82,-22.37],[98.86,-22.34],[98.86,-22.22],[98.97,-22.2],[99.04,-22.2],[99.14,-22.22],[99.14,-22.7],[99.11,-22.7],[99.07,-22.67],[99.04,-22.67],[99.04,-22.62],[98.97,-22.6],[98.97,-22.62],[98.97,-22.67],[98.93,-22.7],[98.86,-22.7],[98.75,-22.67],[98.75,-22.63],[98.75,-22.55],[98.71,-22.52],[98.61,-22.5],[98.32,-22.5],[98.28,-22.48],[98.21,-22.48],[98.17,-22.45],[98.1,-22.45],[98.1,-22.42],[98.17,-22.42],[98.17,-22.39],[98.25,-22.39],[98.25,-22.25],[98.28,-22.24],[98.28,-22.2],[98.32,-22.2],[98.39,-22.2],[98.46,-22.15],[98.46,-22.11]]]}},{"type":"Feature","properties":{"precip":10},"geometry":{"type":"Polygon","coordinates":[[[95.26,-22.25],[95.26,-22.22],[95.29,-22.2],[95.44,-22.2],[95.44,-22.29],[95.4,-22.3],[95.29,-22.3],[95.26,-22.27],[95.26,-22.25]]]}},{"type":"Feature","properties":{"precip":10},"geometry":{"type":"Polygon","coordinates":[[[97.56,-22.39],[97.56,-22.34],[97.63,-22.3],[97.74,-22.3],[97.85,-22.35],[97.89,-22.4],[97.89,-22.44],[97.96,-22.47],[97.89,-22.5],[97.89,-22.48],[97.81,-22.42],[97.78,-22.4],[97.78,-22.44],[97.74,-22.47],[97.67,-22.5],[97.63,-22.5],[97.56,-22.47],[97.56,-22.39]]]}},{"type":"Feature","properties":{"precip":10},"geometry":{"type":"Polygon","coordinates":[[[95.26,-22.7],[95.26,-22.62],[95.29,-22.6],[95.29,-22.67],[95.37,-22.68],[95.37,-22.72],[95.29,-22.75],[95.29,-22.78],[95.29,-22.8],[95.26,-22.78],[95.26,-22.7]]]}},{"type":"Feature","properties":{"precip":10},"geometry":{"type":"Polygon","coordinates":[[[96.81,-23.23],[96.88,-23.19],[96.99,-23.19],[97.02,-23.21],[97.02,-23.24],[97.02,-23.26],[97.02,-23.36],[97.02,-23.39],[96.88,-23.31],[96.88,-23.28],[96.81,-23.23]]]}},{"type":"Feature","properties":{"precip":10},"geometry":{"type":"Polygon","coordinates":[[[98.75,-23.23],[98.86,-23.19],[99.07,-23.19],[99.14,-23.21],[99.14,-23.55],[99.11,-23.52],[99.11,-23.49],[98.97,-23.41],[98.93,-23.39],[98.86,-23.36],[98.75,-23.31],[98.75,-23.28],[98.75,-23.23]]]}},{"type":"Feature","properties":{"precip":10},"geometry":{"type":"Polygon","coordinates":[[[93.64,-23.46],[93.64,-23.42],[93.67,-23.42],[93.67,-23.39],[93.75,-23.41],[93.75,-23.49],[93.67,-23.51],[93.67,-23.47],[93.64,-23.46]]]}},{"type":"Feature","properties":{"precip":10},"geometry":{"type":"Polygon","coordinates":[[[48.47,-25.21],[48.47,-25.11],[48.5,-25.09],[48.54,-25.11],[48.54,-25.27],[48.47,-25.29],[48.47,-25.21]]]}},{"type":"Feature","properties":{"precip":10},"geometry":{"type":"Polygon","coordinates":[[[47.35,-25.65],[47.35,-25.54],[47.39,-25.52],[47.39,-25.49],[47.46,-25.52],[47.46,-25.59],[47.49,-25.6],[47.6,-25.6],[47.64,-25.63],[47.64,-25.67],[47.57,-25.72],[47.57,-25.78],[47.64,-25.82],[47.64,-25.88],[47.57,-25.88],[47.57,-25.85],[47.53,-25.82],[47.46,-25.8],[47.39,-25.8],[47.39,-25.77],[47.35,-25.75],[47.35,-25.65]]]}},{"type":"Feature","properties":{"precip":10},"geometry":{"type":"Polygon","coordinates":[[[47.03,-25.78],[47.06,-25.73],[47.13,-25.7],[47.21,-25.7],[47.24,-25.73],[47.24,-25.93],[47.21,-26.0],[47.17,-26.03],[47.17,-26.05],[47.13,-26.08],[47.06,-26.06],[47.06,-26.05],[46.99,-26.0],[46.99,-25.96],[46.95,-25.93],[46.95,-25.85],[47.03,-25.78]]]}},{"type":"Feature","properties":{"precip":10},"geometry":{"type":"Polygon","coordinates":[[[47.57,-26.05],[47.57,-26.01],[47.67,-26.0],[47.75,-26.03],[47.75,-26.08],[47.67,-26.1],[47.6,-26.1],[47.57,-26.08],[47.57,-26.05]]]}},{"type":"Feature","properties":{"precip":10},"geometry":{"type":"Polygon","coordinates":[[[48.25,-26.15],[48.25,-26.11],[48.32,-26.1],[48.39,-26.1],[48.47,-26.15],[48.43,-26.2],[48.32,-26.2],[48.25,-26.18],[48.25,-26.15]]]}},{"type":"Feature","properties":{"precip":10},"geometry":{"type":"Polygon","coordinates":[[[48.32,-26.38],[48.36,-26.33],[48.43,-26.29],[48.47,-26.33],[48.43,-26.34],[48.43,-26.39],[48.39,-26.41],[48.32,-26.46],[48.32,-26.48],[48.25,-26.46],[48.25,-26.44],[48.32,-26.38]]]}},{"type":"Feature","properties":{"precip":10},"geometry":{"type":"Polygon","coordinates":[[[48.47,-26.61],[48.47,-26.51],[48.5,-26.49],[48.54,-26.51],[48.54,-26.67],[48.47,-26.69],[48.47,-26.61]]]}},{"type":"Feature","properties":{"precip":10},"geometry":{"type":"Polygon","coordinates":[[[47.06,-27.15],[47.06,-27.12],[47.13,-27.12],[47.13,-27.2],[47.06,-27.2],[47.06,-27.15]]]}},{"type":"Feature","properties":{"precip":10},"geometry":{"type":"Polygon","coordinates":[[[47.24,-27.33],[47.28,-27.3],[47.46,-27.3],[47.53,-27.32],[47.53,-27.35],[47.57,-27.38],[47.57,-27.47],[47.6,-27.5],[47.67,-27.5],[47.75,-27.53],[47.75,-27.56],[47.82,-27.6],[47.89,-27.6],[47.93,-27.6],[48.07,-27.6],[48.14,-27.63],[48.14,-27.66],[48.18,-27.66],[48.25,-27.7],[48.5,-27.7],[48.54,-27.68],[48.54,-27.6],[48.5,-27.58],[48.36,-27.51],[48.29,-27.5],[48.14,-27.5],[48.07,-27.48],[48.07,-27.45],[48.03,-27.45],[48.11,-27.42],[48.18,-27.4],[48.57,-27.4],[48.65,-27.45],[48.65,-27.55],[48.72,-27.6],[48.79,-27.6],[48.93,-27.6],[49.01,-27.63],[49.11,-27.73],[49.19,-27.78],[49.26,-27.84],[49.33,-27.98],[49.33,-28.08],[49.26,-28.11],[49.19,-28.11],[49.15,-28.12],[49.15,-28.17],[49.22,-28.21],[49.22,-28.24],[49.26,-28.24],[49.26,-28.27],[49.29,-28.29],[49.33,-28.34],[49.33,-28.36],[49.37,-28.39],[49.37,-28.47],[49.4,-28.5],[49.47,-28.5],[49.55,-28.52],[49.55,-28.55],[49.47,-28.59],[49.29,-28.59],[49.22,-28.6],[49.11,-28.59],[48.97,-28.59],[48.86,-28.55],[48.68,-28.39],[48.61,-28.32],[48.61,-28.29],[48.57,-28.26],[48.57,-28.22],[48.54,-28.21],[48.54,-28.16],[48.47,-28.04],[48.29,-27.93],[48.14,-27.89],[48.03,-27.89],[47.93,-27.84],[47.93,-27.81],[47.85,-27.76],[47.82,-27.71],[47.78,-27.7],[47.71,-27.7],[47.71,-27.68],[47.64,-27.65],[47.6,-27.61],[47.6,-27.58],[47.57,-27.55],[47.46,-27.5],[47.42,-27.5],[47.31,-27.43],[47.31,-27.4],[47.24,-27.35],[47.24,-27.33]],[[48.86,-27.76],[48.86,-27.73],[48.83,-27.73],[48.83,-27.7],[48.75,-27.71],[48.75,-27.78],[48.83,-27.79],[48.83,-27.78],[48.86,-27.76]],[[48.93,-27.84],[48.93,-27.79],[48.86,-27.79],[48.86,-27.89],[48.93,-27.89],[48.93,-27.84]]]}},{"type":"Feature","properties":{"precip":10},"geometry":{"type":"Polygon","coordinates":[[[33.06,-27.45],[33.06,-27.43],[33.13,-27.4],[33.35,-27.4],[33.42,-27.42],[33.46,-27.45],[33.35,-27.5],[33.13,-27.5],[33.06,-27.47],[33.06,-27.45]]]}},{"type":"Feature","properties":{"precip":10},"geometry":{"type":"Polygon","coordinates":[[[-13.36,-28.41],[-13.34,-28.41],[-13.3,-28.39],[-13.23,-28.39],[-13.12,-28.41],[-13.05,-28.44],[-13.09,-28.49],[-13.16,-28.49],[-13.16,-28.5],[-13.34,-28.5],[-13.36,-28.5],[-13.36,-28.41]]]}},{"type":"Feature","properties":{"precip":10},"geometry":{"type":"Polygon","coordinates":[[[49.26,-29.71],[49.26,-29.61],[49.33,-29.61],[49.37,-29.64],[49.37,-29.67],[49.44,-29.71],[49.51,-29.71],[49.55,-29.69],[49.62,-29.69],[49.69,-29.64],[49.69,-29.59],[49.73,-29.59],[49.73,-29.66],[49.76,-29.66],[49.76,-29.69],[49.8,-29.69],[49.94,-29.74],[50.09,-29.87],[50.16,-29.94],[50.23,-30.09],[50.27,-30.12],[50.27,-30.17],[50.34,-30.2],[50.37,-30.2],[50.41,-30.24],[50.48,-30.27],[50.52,-30.29],[50.52,-30.33],[50.7,-30.42],[50.81,-30.5],[50.84,-30.55],[50.84,-30.66],[50.88,-30.66],[50.88,-30.7],[50.91,-30.7],[50.95,-30.73],[50.95,-30.86],[51.02,-30.9],[51.09,-30.9],[51.16,-30.94],[51.2,-30.99],[51.2,-31.04],[51.24,-31.09],[51.24,-31.27],[51.27,-31.34],[51.27,-31.39],[51.31,-31.39],[51.45,-31.26],[51.45,-31.24],[51.38,-31.19],[51.34,-31.16],[51.34,-31.13],[51.42,-31.11],[51.42,-31.04],[51.45,-31.01],[51.45,-30.75],[51.52,-30.7],[51.67,-30.7],[51.74,-30.71],[51.74,-30.76],[51.78,-30.76],[51.85,-30.8],[51.99,-30.8],[52.03,-30.81],[52.1,-30.81],[52.14,-30.83],[52.14,-30.86],[52.21,-30.88],[52.28,-30.9],[52.42,-30.9],[52.46,-30.91],[52.53,-30.91],[52.53,-30.94],[52.6,-30.99],[52.68,-30.99],[52.71,-31.01],[52.78,-31.01],[52.86,-31.04],[52.86,-31.06],[52.93,-31.09],[52.93,-31.06],[52.96,-31.03],[53.0,-31.01],[53.11,-31.01],[53.14,-31.03],[53.14,-31.06],[53.18,-31.09],[53.29,-31.09],[53.32,-31.11],[53.4,-31.19],[53.54,-31.11],[53.61,-31.09],[53.79,-31.09],[53.94,-31.13],[53.94,-31.16],[54.01,-31.19],[54.08,-31.19],[54.12,-31.21],[54.26,-31.21],[54.33,-31.23],[54.33,-31.26],[54.4,-31.29],[54.51,-31.29],[54.55,-31.27],[54.55,-31.23],[54.58,-31.21],[54.66,-31.21],[54.76,-31.16],[54.76,-31.11],[54.84,-31.11],[54.84,-31.16],[54.91,-31.19],[54.98,-31.21],[55.05,-31.24],[55.05,-31.37],[55.12,-31.41],[55.12,-31.37],[55.16,-31.37],[55.16,-31.32],[55.23,-31.29],[55.27,-31.29],[55.34,-31.32],[55.34,-31.57],[55.27,-31.6],[55.12,-31.6],[55.05,-31.64],[55.05,-31.67],[55.12,-31.69],[55.12,-31.7],[55.2,-31.7],[55.27,-31.75],[55.27,-31.79],[55.3,-31.8],[55.41,-31.8],[55.48,-31.82],[55.59,-31.88],[55.59,-31.9],[55.66,-31.97],[55.66,-31.98],[55.74,-31.98],[55.74,-31.95],[55.77,-31.92],[55.84,-31.92],[55.84,-31.93],[55.92,-32.0],[55.92,-32.03],[55.95,-32.08],[55.95,-32.18],[56.02,-32.21],[56.02,-32.23],[56.06,-32.26],[56.06,-32.36],[56.17,-32.41],[56.28,-32.41],[56.35,-32.43],[56.35,-32.48],[56.38,-32.5],[56.46,-32.5],[56.46,-32.51],[56.53,-32.54],[56.67,-32.66],[56.74,-32.74],[56.82,-32.79],[56.89,-32.73],[56.92,-32.71],[56.92,-32.76],[57.03,-32.79],[57.1,-32.79],[57.14,-32.81],[57.14,-32.86],[57.21,-32.89],[57.28,-32.91],[57.39,-32.91],[57.46,-32.96],[57.46,-33.04],[57.54,-33.12],[57.54,-33.15],[57.64,-33.24],[57.72,-33.27],[57.86,-33.3],[58.22,-33.3],[58.29,-33.32],[58.36,-33.35],[58.4,-33.39],[58.51,-33.39],[58.54,-33.4],[58.69,-33.4],[58.76,-33.44],[58.76,-33.47],[58.87,-33.5],[59.01,-33.5],[59.08,-33.52],[59.16,-33.55],[59.16,-33.57],[59.23,-33.58],[59.23,-33.6],[59.3,-33.6],[59.34,-33.62],[59.34,-33.65],[59.41,-33.68],[59.52,-33.7],[59.84,-33.7],[59.91,-33.72],[60.06,-33.72],[60.13,-33.75],[60.16,-33.75],[60.16,-33.76],[60.2,-33.78],[60.24,-33.76],[60.24,-33.75],[60.27,-33.72],[60.34,-33.7],[60.42,-33.7],[60.45,-33.65],[60.49,-33.63],[60.49,-33.6],[60.52,-33.6],[60.52,-33.63],[60.56,-33.67],[60.63,-33.7],[60.7,-33.7],[60.74,-33.67],[60.74,-33.63],[60.81,-33.6],[60.99,-33.6],[61.06,-33.63],[61.06,-33.67],[61.17,-33.7],[61.35,-33.7],[61.39,-33.72],[61.5,-33.72],[61.57,-33.76],[61.57,-33.78],[61.6,-33.8],[61.71,-33.8],[61.75,-33.81],[61.75,-33.88],[61.78,-33.9],[61.86,-33.9],[61.93,-33.91],[61.96,-33.95],[61.96,-33.98],[62.0,-33.98],[62.14,-34.01],[62.22,-34.05],[62.29,-34.09],[62.36,-34.16],[62.5,-34.29],[62.54,-34.34],[62.54,-34.39],[62.58,-34.44],[62.58,-34.47],[62.61,-34.52],[62.68,-34.57],[62.72,-34.62],[62.79,-34.67],[62.86,-34.7],[62.94,-34.67],[62.94,-34.66],[63.04,-34.56],[63.08,-34.52],[63.19,-34.56],[63.22,-34.61],[63.22,-34.66],[63.26,-34.69],[63.26,-34.72],[63.22,-34.77],[63.15,-34.8],[63.08,-34.8],[63.04,-34.84],[63.04,-34.87],[63.08,-34.9],[63.19,-34.9],[63.22,-34.92],[63.22,-34.94],[63.26,-34.95],[63.26,-35.05],[63.19,-35.1],[63.08,-35.1],[63.01,-35.1],[62.94,-35.15],[62.94,-35.18],[62.9,-35.2],[62.83,-35.2],[62.76,-35.18],[62.76,-35.13],[62.68,-35.1],[62.61,-35.1],[62.54,-35.1],[62.36,-35.1],[62.29,-35.07],[62.25,-35.07],[62.25,-35.03],[62.18,-35.0],[62.04,-35.0],[61.96,-34.97],[61.96,-34.94],[61.93,-34.92],[61.86,-34.9],[61.78,-34.9],[61.75,-34.87],[61.75,-34.84],[61.68,-34.8],[61.5,-34.8],[61.46,-34.79],[61.35,-34.77],[61.35,-34.72],[61.28,-34.7],[61.21,-34.7],[61.14,-34.66],[61.14,-34.62],[61.06,-34.61],[60.92,-34.61],[60.85,-34.59],[60.63,-34.59],[60.56,-34.57],[60.56,-34.54],[60.52,-34.52],[60.45,-34.51],[60.34,-34.51],[60.24,-34.46],[60.24,-34.42],[60.2,-34.41],[60.13,-34.41],[60.09,-34.39],[59.95,-34.39],[59.88,-34.36],[59.84,-34.36],[59.84,-34.34],[59.77,-34.31],[59.62,-34.31],[59.59,-34.29],[59.52,-34.29],[59.44,-34.26],[59.44,-34.23],[59.34,-34.19],[59.16,-34.19],[59.08,-34.16],[59.05,-34.16],[59.05,-34.14],[58.98,-34.11],[58.72,-34.11],[58.65,-34.14],[58.65,-34.18],[58.58,-34.19],[58.58,-34.16],[58.54,-34.14],[58.54,-34.01],[58.47,-34.0],[58.47,-34.03],[58.44,-34.05],[58.44,-34.09],[58.36,-34.11],[58.29,-34.11],[58.26,-34.13],[58.26,-34.18],[58.29,-34.19],[58.4,-34.19],[58.44,-34.21],[58.44,-34.29],[58.36,-34.31],[58.22,-34.24],[58.22,-34.19],[58.15,-34.24],[58.15,-34.28],[58.08,-34.29],[58.04,-34.24],[58.08,-34.21],[58.15,-34.18],[58.15,-34.13],[58.11,-34.11],[58.04,-34.11],[57.93,-34.06],[57.93,-34.01],[57.86,-34.03],[57.86,-34.06],[57.75,-34.11],[57.64,-34.08],[57.64,-34.03],[57.61,-34.01],[57.54,-34.01],[57.5,-34.0],[57.32,-34.0],[57.25,-33.98],[57.18,-33.98],[57.14,-33.95],[57.14,-33.93],[57.07,-33.91],[57.0,-33.91],[56.96,-33.9],[56.74,-33.9],[56.64,-33.85],[56.64,-33.81],[56.6,-33.8],[56.46,-33.8],[56.38,-33.76],[56.35,-33.76],[56.35,-33.73],[56.28,-33.7],[56.2,-33.7],[56.17,-33.68],[56.17,-33.65],[56.13,-33.62],[56.06,-33.6],[55.92,-33.6],[55.84,-33.58],[55.74,-33.55],[55.7,-33.48],[55.66,-33.45],[55.56,-33.4],[55.48,-33.4],[55.45,-33.39],[55.38,-33.39],[55.38,-33.37],[55.34,-33.37],[55.34,-33.32],[55.3,-33.3],[55.2,-33.3],[55.16,-33.27],[55.16,-33.24],[55.09,-33.2],[55.02,-33.19],[54.91,-33.19],[54.87,-33.19],[54.87,-33.15],[54.84,-33.14],[54.84,-33.02],[54.76,-32.99],[54.69,-32.99],[54.66,-32.99],[54.66,-32.94],[54.58,-32.91],[54.48,-32.91],[54.37,-32.87],[54.37,-32.82],[54.33,-32.79],[54.33,-32.73],[54.22,-32.69],[54.12,-32.69],[54.04,-32.66],[54.04,-32.63],[53.97,-32.59],[53.83,-32.59],[53.79,-32.58],[53.76,-32.58],[53.76,-32.53],[53.68,-32.5],[53.58,-32.5],[53.54,-32.46],[53.54,-32.41],[53.5,-32.41],[53.43,-32.41],[53.36,-32.38],[53.36,-32.35],[53.29,-32.31],[53.22,-32.3],[53.04,-32.3],[52.96,-32.26],[52.93,-32.21],[52.89,-32.21],[52.75,-32.21],[52.71,-32.2],[52.6,-32.2],[52.53,-32.15],[52.53,-32.12],[52.5,-32.1],[52.42,-32.1],[52.35,-32.08],[52.35,-32.02],[52.28,-32.0],[52.21,-32.0],[52.1,-32.02],[51.99,-32.08],[51.99,-32.13],[51.96,-32.15],[51.96,-32.26],[51.88,-32.3],[51.88,-32.26],[51.85,-32.25],[51.85,-32.05],[51.81,-32.02],[51.78,-32.0],[51.74,-32.02],[51.74,-32.08],[51.67,-32.1],[51.67,-32.03],[51.7,-32.02],[51.7,-31.98],[51.78,-31.92],[51.85,-31.9],[51.92,-31.9],[51.96,-31.93],[51.96,-32.0],[52.03,-32.0],[52.06,-31.95],[52.06,-31.92],[52.03,-31.87],[52.03,-31.84],[51.99,-31.82],[51.99,-31.77],[51.96,-31.74],[51.88,-31.7],[51.81,-31.7],[51.78,-31.67],[51.74,-31.67],[51.74,-31.62],[51.7,-31.6],[51.6,-31.6],[51.56,-31.57],[51.56,-31.39],[51.52,-31.37],[51.52,-31.29],[51.49,-31.29],[51.45,-31.32],[51.45,-31.44],[51.42,-31.46],[51.42,-31.49],[51.34,-31.56],[51.34,-31.57],[51.27,-31.59],[51.24,-31.52],[51.16,-31.51],[51.16,-31.57],[51.09,-31.6],[51.02,-31.6],[50.95,-31.57],[50.95,-31.52],[50.88,-31.49],[50.81,-31.49],[50.73,-31.44],[50.73,-31.42],[50.7,-31.41],[50.63,-31.41],[50.55,-31.37],[50.55,-31.32],[50.45,-31.27],[50.41,-31.27],[50.34,-31.24],[50.27,-31.19],[50.27,-31.14],[50.19,-31.09],[50.09,-31.01],[50.01,-31.01],[49.94,-30.96],[49.94,-30.91],[49.91,-30.9],[49.8,-30.9],[49.76,-30.86],[49.76,-30.85],[49.73,-30.81],[49.62,-30.8],[49.55,-30.83],[49.55,-30.86],[49.47,-30.9],[49.44,-30.9],[49.37,-30.86],[49.37,-30.6],[49.33,-30.55],[49.33,-30.42],[49.29,-30.38],[49.26,-30.38],[49.26,-30.25],[49.22,-30.24],[49.22,-30.2],[49.19,-30.2],[49.19,-30.17],[49.15,-30.14],[49.15,-29.86],[49.19,-29.84],[49.19,-29.81],[49.26,-29.76],[49.26,-29.71]],[[54.76,-31.36],[54.73,-31.31],[54.66,-31.31],[54.66,-31.39],[54.73,-31.41],[54.73,-31.37],[54.76,-31.36]],[[54.94,-31.56],[54.94,-31.52],[54.87,-31.49],[54.76,-31.51],[54.76,-31.59],[54.8,-31.6],[54.87,-31.6],[54.94,-31.59],[54.94,-31.56]],[[56.74,-32.84],[56.74,-32.81],[56.67,-32.79],[56.67,-32.82],[56.64,-32.84],[56.71,-32.91],[56.74,-32.89],[56.74,-32.84]],[[57.14,-32.96],[57.14,-32.91],[57.07,-32.91],[57.07,-32.99],[57.14,-32.99],[57.14,-32.96]],[[57.36,-33.04],[57.32,-32.99],[57.25,-33.01],[57.25,-33.09],[57.32,-33.09],[57.36,-33.07],[57.36,-33.04]],[[57.46,-33.15],[57.43,-33.11],[57.36,-33.11],[57.36,-33.19],[57.43,-33.19],[57.46,-33.15]]]}},{"type":"Feature","properties":{"precip":10},"geometry":{"type":"Polygon","coordinates":[[[51.24,-30.75],[51.27,-30.7],[51.34,-30.7],[51.34,-30.8],[51.27,-30.8],[51.24,-30.75]]]}},{"type":"Feature","properties":{"precip":10},"geometry":{"type":"Polygon","coordinates":[[[78.34,-30.75],[78.38,-30.7],[78.41,-30.7],[78.41,-30.73],[78.41,-30.86],[78.41,-30.9],[78.3,-30.9],[78.2,-30.94],[78.2,-30.99],[78.16,-30.98],[78.09,-30.9],[78.09,-30.86],[78.05,-30.83],[78.16,-30.8],[78.23,-30.8],[78.34,-30.78],[78.34,-30.75]]]}},{"type":"Feature","properties":{"precip":10},"geometry":{"type":"Polygon","coordinates":[[[75.35,-30.86],[75.35,-30.83],[75.43,-30.8],[75.53,-30.81],[75.53,-30.88],[75.5,-30.9],[75.43,-30.9],[75.35,-30.86]]]}},{"type":"Feature","properties":{"precip":10},"geometry":{"type":"Polygon","coordinates":[[[75.64,-30.83],[75.68,-30.81],[75.79,-30.81],[75.82,-30.8],[76.0,-30.8],[76.04,-30.81],[76.18,-30.81],[76.25,-30.85],[76.25,-30.86],[76.22,-30.86],[76.18,-30.9],[76.11,-30.9],[76.04,-30.93],[76.04,-30.98],[76.0,-30.99],[75.97,-30.98],[75.97,-30.94],[75.93,-30.93],[75.93,-30.9],[75.89,-30.9],[75.86,-30.93],[75.86,-30.96],[75.82,-30.99],[75.71,-30.93],[75.71,-30.9],[75.68,-30.88],[75.68,-30.86],[75.64,-30.83]]]}},{"type":"Feature","properties":{"precip":10},"geometry":{"type":"Polygon","coordinates":[[[74.24,-30.94],[74.27,-30.91],[74.35,-30.91],[74.38,-30.9],[74.53,-30.9],[74.56,-30.91],[74.63,-30.91],[74.63,-30.98],[74.6,-30.99],[74.53,-30.99],[74.49,-31.01],[74.42,-31.01],[74.35,-31.04],[74.35,-31.06],[74.27,-31.09],[74.13,-31.09],[74.06,-31.06],[74.06,-31.03],[74.09,-31.01],[74.17,-31.01],[74.17,-30.99],[74.24,-30.99],[74.24,-30.94]]]}},{"type":"Feature","properties":{"precip":10},"geometry":{"type":"Polygon","coordinates":[[[78.56,-30.94],[78.56,-30.91],[78.63,-30.9],[78.66,-30.9],[78.74,-30.91],[78.74,-30.99],[78.63,-30.99],[78.63,-31.01],[78.59,-31.01],[78.56,-31.03],[78.56,-31.06],[78.52,-31.09],[78.41,-31.09],[78.34,-31.14],[78.34,-31.19],[78.3,-31.21],[78.23,-31.19],[78.23,-31.14],[78.3,-31.11],[78.3,-31.08],[78.38,-31.03],[78.45,-30.99],[78.56,-30.96],[78.56,-30.94]]]}},{"type":"Feature","properties":{"precip":10},"geometry":{"type":"Polygon","coordinates":[[[55.45,-31.44],[55.45,-31.42],[55.48,-31.41],[55.56,-31.42],[55.56,-31.47],[55.52,-31.49],[55.45,-31.47],[55.45,-31.44]]]}},{"type":"Feature","properties":{"precip":10},"geometry":{"type":"Polygon","coordinates":[[[51.42,-31.79],[51.49,-31.7],[51.52,-31.7],[51.52,-31.74],[51.56,-31.77],[51.56,-31.84],[51.52,-31.85],[51.52,-31.88],[51.49,-31.9],[51.42,-31.9],[51.34,-31.87],[51.38,-31.84],[51.38,-31.82],[51.42,-31.79]]]}},{"type":"Feature","properties":{"precip":10},"geometry":{"type":"Polygon","coordinates":[[[56.64,-32.05],[56.67,-32.02],[56.71,-32.0],[56.74,-32.02],[56.74,-32.08],[56.67,-32.1],[56.67,-32.08],[56.64,-32.05]]]}},{"type":"Feature","properties":{"precip":10},"geometry":{"type":"Polygon","coordinates":[[[56.85,-32.15],[56.85,-32.12],[56.92,-32.1],[57.0,-32.1],[57.03,-32.12],[57.03,-32.2],[56.92,-32.2],[56.85,-32.18],[56.85,-32.15]]]}},{"type":"Feature","properties":{"precip":10},"geometry":{"type":"Polygon","coordinates":[[[57.1,-32.26],[57.21,-32.21],[57.32,-32.21],[57.57,-32.21],[57.64,-32.23],[57.68,-32.26],[57.68,-32.3],[57.72,-32.3],[57.72,-32.26],[57.75,-32.23],[57.86,-32.21],[58.08,-32.21],[58.15,-32.21],[58.15,-32.25],[58.26,-32.3],[58.51,-32.3],[58.62,-32.31],[58.65,-32.35],[58.65,-32.41],[58.69,-32.45],[58.69,-32.5],[58.8,-32.59],[58.83,-32.59],[58.9,-32.59],[58.94,-32.61],[58.94,-32.68],[58.9,-32.69],[58.8,-32.69],[58.76,-32.68],[58.76,-32.63],[58.69,-32.59],[58.51,-32.59],[58.44,-32.63],[58.44,-32.66],[58.47,-32.66],[58.47,-32.69],[58.54,-32.71],[58.54,-32.78],[58.47,-32.79],[58.33,-32.79],[58.26,-32.78],[58.26,-32.74],[58.18,-32.71],[58.11,-32.71],[58.08,-32.69],[57.93,-32.69],[57.86,-32.66],[57.86,-32.63],[57.75,-32.59],[57.5,-32.59],[57.46,-32.59],[57.36,-32.58],[57.36,-32.53],[57.32,-32.51],[57.25,-32.51],[57.25,-32.5],[57.14,-32.5],[57.07,-32.46],[57.07,-32.43],[57.03,-32.41],[57.07,-32.36],[57.07,-32.31],[57.1,-32.26]],[[57.54,-32.35],[57.54,-32.33],[57.46,-32.3],[57.36,-32.3],[57.25,-32.33],[57.25,-32.38],[57.28,-32.4],[57.36,-32.4],[57.36,-32.41],[57.43,-32.41],[57.54,-32.38],[57.54,-32.35]],[[57.86,-32.45],[57.82,-32.41],[57.75,-32.41],[57.75,-32.48],[57.82,-32.5],[57.86,-32.45]]]}},{"type":"Feature","properties":{"precip":10},"geometry":{"type":"Polygon","coordinates":[[[56.74,-32.35],[56.78,-32.3],[56.85,-32.31],[56.85,-32.4],[56.82,-32.41],[56.74,-32.38],[56.74,-32.35]]]}},{"type":"Feature","properties":{"precip":10},"geometry":{"type":"Polygon","coordinates":[[[90.44,-33.35],[90.47,-33.34],[90.47,-33.3],[90.54,-33.32],[90.54,-33.39],[90.47,-33.39],[90.47,-33.37],[90.44,-33.35]]]}},{"type":"Feature","properties":{"precip":10},"geometry":{"type":"Polygon","coordinates":[[[89.86,-33.45],[89.86,-33.4],[89.9,-33.4],[89.9,-33.47],[89.97,-33.48],[89.97,-33.53],[89.9,-33.55],[89.9,-33.57],[89.82,-33.6],[89.68,-33.6],[89.68,-33.58],[89.61,-33.58],[89.57,-33.57],[89.57,-33.53],[89.64,-33.5],[89.75,-33.5],[89.86,-33.45]]]}},{"type":"Feature","properties":{"precip":10},"geometry":{"type":"Polygon","coordinates":[[[90.04,-33.5],[90.04,-33.47],[90.08,-33.44],[90.08,-33.4],[90.11,-33.42],[90.11,-33.58],[90.08,-33.6],[90.08,-33.57],[90.04,-33.55],[90.04,-33.5]]]}},{"type":"Feature","properties":{"precip":10},"geometry":{"type":"Polygon","coordinates":[[[89.36,-33.55],[89.36,-33.52],[89.43,-33.5],[89.43,-33.53],[89.46,-33.53],[89.46,-33.57],[89.43,-33.57],[89.43,-33.6],[89.36,-33.58],[89.36,-33.55]]]}},{"type":"Feature","properties":{"precip":10},"geometry":{"type":"Polygon","coordinates":[[[88.35,-33.95],[88.35,-33.93],[88.38,-33.9],[88.46,-33.93],[88.46,-33.98],[88.38,-34.0],[88.35,-33.98],[88.35,-33.95]]]}},{"type":"Feature","properties":{"precip":10},"geometry":{"type":"Polygon","coordinates":[[[-6.86,-34.05],[-6.86,-34.01],[-6.82,-34.0],[-6.75,-34.01],[-6.75,-34.09],[-6.82,-34.09],[-6.86,-34.08],[-6.86,-34.05]]]}},{"type":"Feature","properties":{"precip":10},"geometry":{"type":"Polygon","coordinates":[[[87.92,-34.14],[87.92,-34.13],[87.95,-34.11],[88.06,-34.13],[88.06,-34.18],[88.02,-34.19],[87.92,-34.18],[87.92,-34.14]]]}},{"type":"Feature","properties":{"precip":10},"geometry":{"type":"Polygon","coordinates":[[[88.46,-34.14],[88.46,-34.11],[88.53,-34.11],[88.56,-34.14],[88.56,-34.18],[88.6,-34.19],[88.74,-34.19],[88.82,-34.21],[88.89,-34.28],[88.89,-34.31],[88.96,-34.26],[88.96,-34.23],[89.0,-34.21],[89.03,-34.26],[89.14,-34.34],[89.14,-34.49],[89.1,-34.51],[89.03,-34.49],[89.03,-34.46],[89.03,-34.42],[89.0,-34.42],[88.89,-34.52],[88.82,-34.56],[88.78,-34.61],[88.78,-34.64],[88.74,-34.69],[88.89,-34.72],[88.92,-34.72],[89.03,-34.82],[89.03,-34.89],[88.96,-34.94],[88.96,-35.1],[89.03,-35.25],[89.1,-35.3],[89.18,-35.35],[89.25,-35.45],[89.25,-35.48],[89.21,-35.5],[89.1,-35.5],[89.03,-35.51],[89.03,-35.63],[89.03,-35.64],[89.03,-35.68],[88.96,-35.68],[88.96,-35.55],[88.92,-35.53],[88.92,-35.5],[88.89,-35.5],[88.82,-35.55],[88.82,-35.76],[88.78,-35.79],[88.78,-35.76],[88.74,-35.73],[88.74,-35.51],[88.67,-35.5],[88.67,-35.56],[88.6,-35.58],[88.6,-35.68],[88.56,-35.69],[88.38,-35.69],[88.35,-35.66],[88.35,-35.45],[88.31,-35.43],[88.31,-35.4],[88.28,-35.4],[88.28,-35.45],[88.24,-35.46],[88.24,-35.58],[88.17,-35.6],[88.13,-35.6],[88.06,-35.63],[88.06,-35.78],[87.95,-35.79],[87.92,-35.76],[87.88,-35.68],[87.81,-35.61],[87.74,-35.56],[87.74,-35.51],[87.7,-35.48],[87.7,-35.43],[87.66,-35.4],[87.52,-35.4],[87.48,-35.36],[87.45,-35.36],[87.45,-35.33],[87.41,-35.3],[87.38,-35.32],[87.38,-35.35],[87.3,-35.38],[87.27,-35.38],[87.27,-35.36],[87.2,-35.3],[87.16,-35.25],[87.05,-35.22],[86.98,-35.3],[86.98,-35.27],[86.94,-35.23],[86.84,-35.2],[86.8,-35.2],[86.76,-35.17],[86.76,-35.12],[86.84,-35.08],[86.84,-35.05],[86.8,-35.03],[86.8,-35.0],[86.76,-34.97],[86.76,-34.94],[86.55,-34.77],[86.55,-34.72],[86.58,-34.7],[86.62,-34.7],[86.76,-34.74],[86.76,-34.77],[86.84,-34.77],[86.94,-34.67],[86.98,-34.62],[87.05,-34.64],[87.05,-34.67],[87.09,-34.7],[87.09,-34.67],[87.16,-34.64],[87.16,-34.54],[87.05,-34.51],[86.94,-34.51],[86.84,-34.54],[86.84,-34.59],[86.76,-34.56],[86.66,-34.52],[86.66,-34.47],[86.62,-34.44],[86.66,-34.42],[86.66,-34.39],[86.73,-34.38],[86.8,-34.33],[86.84,-34.31],[86.94,-34.31],[86.94,-34.36],[87.02,-34.39],[87.09,-34.42],[87.2,-34.47],[87.2,-34.51],[87.23,-34.54],[87.23,-34.57],[87.27,-34.62],[87.27,-34.69],[87.27,-34.7],[87.38,-34.7],[87.45,-34.69],[87.45,-34.64],[87.48,-34.61],[87.52,-34.59],[87.63,-34.59],[87.63,-34.56],[87.66,-34.56],[87.66,-34.52],[87.7,-34.51],[87.84,-34.51],[87.92,-34.47],[87.92,-34.42],[88.02,-34.39],[88.1,-34.39],[88.1,-34.38],[88.17,-34.33],[88.17,-34.31],[88.17,-34.28],[88.24,-34.24],[88.35,-34.19],[88.38,-34.19],[88.46,-34.14]],[[86.84,-34.46],[86.84,-34.41],[86.8,-34.39],[86.76,-34.41],[86.76,-34.49],[86.84,-34.51],[86.84,-34.46]],[[88.46,-34.54],[88.46,-34.52],[88.38,-34.51],[88.35,-34.52],[88.35,-34.57],[88.38,-34.59],[88.46,-34.57],[88.46,-34.54]],[[88.56,-35.15],[88.56,-35.12],[88.53,-35.12],[88.53,-35.1],[88.46,-35.1],[88.46,-35.18],[88.53,-35.2],[88.56,-35.15]],[[88.35,-35.25],[88.35,-35.22],[88.28,-35.2],[88.24,-35.23],[88.24,-35.28],[88.28,-35.28],[88.28,-35.3],[88.35,-35.3],[88.35,-35.25]],[[88.17,-35.35],[88.13,-35.33],[88.13,-35.3],[88.06,-35.3],[88.06,-35.4],[88.13,-35.4],[88.13,-35.36],[88.17,-35.35]],[[87.92,-35.5],[87.92,-35.43],[87.92,-35.4],[87.88,-35.4],[87.88,-35.43],[87.84,-35.45],[87.84,-35.55],[87.88,-35.56],[87.88,-35.6],[87.92,-35.56],[87.92,-35.5]]]}},{"type":"Feature","properties":{"precip":10},"geometry":{"type":"Polygon","coordinates":[[[90.65,-34.14],[90.65,-34.13],[90.69,-34.11],[90.76,-34.13],[90.76,-34.18],[90.72,-34.19],[90.65,-34.18],[90.65,-34.14]]]}},{"type":"Feature","properties":{"precip":10},"geometry":{"type":"Polygon","coordinates":[[[87.7,-34.24],[87.74,-34.23],[87.74,-34.19],[87.84,-34.21],[87.84,-34.29],[87.81,-34.31],[87.7,-34.24]]]}},{"type":"Feature","properties":{"precip":10},"geometry":{"type":"Polygon","coordinates":[[[10.06,-34.34],[10.06,-34.31],[10.13,-34.33],[10.13,-34.34],[10.17,-34.36],[10.24,-34.46],[10.24,-34.69],[10.2,-34.7],[10.17,-34.69],[10.17,-34.57],[10.13,-34.54],[10.13,-34.41],[10.06,-34.39],[10.06,-34.34]]]}},{"type":"Feature","properties":{"precip":10},"geometry":{"type":"Polygon","coordinates":[[[87.41,-34.38],[87.45,-34.34],[87.52,-34.31],[87.63,-34.31],[87.66,-34.34],[87.59,-34.39],[87.48,-34.39],[87.45,-34.44],[87.45,-34.47],[87.38,-34.51],[87.38,-34.41],[87.41,-34.38]]]}},{"type":"Feature","properties":{"precip":10},"geometry":{"type":"Polygon","coordinates":[[[9.74,-34.46],[9.74,-34.42],[9.77,-34.42],[9.77,-34.39],[9.84,-34.41],[9.84,-34.49],[9.77,-34.51],[9.77,-34.47],[9.74,-34.46]]]}},{"type":"Feature","properties":{"precip":10},"geometry":{"type":"Polygon","coordinates":[[[89.25,-34.46],[89.25,-34.42],[89.25,-34.39],[89.32,-34.39],[89.36,-34.42],[89.36,-34.47],[89.32,-34.51],[89.25,-34.47],[89.25,-34.46]]]}},{"type":"Feature","properties":{"precip":10},"geometry":{"type":"Polygon","coordinates":[[[10.74,-34.69],[10.74,-34.62],[10.78,-34.59],[10.92,-34.72],[10.92,-34.77],[10.96,-34.79],[10.96,-34.89],[11.03,-34.92],[11.03,-34.99],[11.07,-35.0],[11.03,-35.02],[11.03,-35.1],[10.96,-35.08],[10.96,-34.97],[10.92,-34.94],[10.92,-34.92],[10.89,-34.87],[10.81,-34.84],[10.78,-34.79],[10.78,-34.74],[10.74,-34.72],[10.74,-34.69]]]}},{"type":"Feature","properties":{"precip":10},"geometry":{"type":"Polygon","coordinates":[[[58.65,-34.66],[58.69,-34.61],[58.76,-34.61],[58.8,-34.59],[58.83,-34.61],[58.9,-34.61],[58.94,-34.62],[58.94,-34.66],[59.01,-34.7],[59.08,-34.7],[59.16,-34.67],[59.16,-34.61],[59.23,-34.61],[59.23,-34.64],[59.26,-34.67],[59.26,-34.77],[59.34,-34.8],[59.44,-34.77],[59.44,-34.72],[59.52,-34.7],[59.59,-34.7],[59.62,-34.72],[59.62,-34.74],[59.66,-34.77],[59.66,-34.89],[59.73,-34.9],[59.73,-34.87],[59.77,-34.85],[59.77,-34.82],[59.8,-34.8],[59.91,-34.8],[59.95,-34.82],[59.95,-34.85],[59.91,-34.89],[59.91,-34.92],[59.8,-34.99],[59.7,-35.0],[59.66,-35.02],[59.66,-35.07],[59.62,-35.1],[59.48,-35.1],[59.44,-35.07],[59.44,-35.03],[59.37,-35.0],[59.16,-35.0],[59.05,-34.95],[59.05,-34.92],[58.98,-34.9],[58.9,-34.9],[58.87,-34.89],[58.87,-34.8],[58.83,-34.77],[58.83,-34.72],[58.8,-34.7],[58.72,-34.7],[58.65,-34.69],[58.65,-34.66]]]}},{"type":"Feature","properties":{"precip":10},"geometry":{"type":"Polygon","coordinates":[[[10.35,-34.74],[10.35,-34.72],[10.42,-34.7],[10.45,-34.72],[10.45,-34.77],[10.42,-34.79],[10.35,-34.79],[10.35,-34.74]]]}},{"type":"Feature","properties":{"precip":10},"geometry":{"type":"Polygon","coordinates":[[[80.14,-34.74],[80.25,-34.72],[80.36,-34.7],[80.5,-34.7],[80.79,-34.74],[80.9,-34.77],[80.9,-34.8],[80.93,-34.84],[80.93,-34.89],[80.9,-34.9],[80.79,-34.9],[80.75,-34.92],[80.68,-34.92],[80.61,-34.95],[80.5,-34.99],[80.39,-34.99],[80.36,-35.0],[79.89,-35.0],[79.74,-34.99],[79.71,-34.99],[79.64,-34.92],[79.64,-34.87],[79.67,-34.82],[79.71,-34.8],[79.71,-34.84],[79.74,-34.87],[79.74,-34.9],[79.82,-34.9],[79.82,-34.87],[79.85,-34.84],[79.92,-34.8],[80.03,-34.8],[80.14,-34.77],[80.14,-34.74]]]}},{"type":"Feature","properties":{"precip":10},"geometry":{"type":"Polygon","coordinates":[[[10.56,-34.84],[10.56,-34.8],[10.67,-34.85],[10.67,-34.89],[10.71,-34.9],[10.71,-34.92],[10.74,-34.94],[10.74,-34.99],[10.63,-34.94],[10.56,-34.89],[10.56,-34.84]]]}},{"type":"Feature","properties":{"precip":10},"geometry":{"type":"Polygon","coordinates":[[[85.65,-35.0],[85.65,-34.94],[85.68,-34.92],[85.76,-34.92],[85.76,-34.9],[85.9,-34.9],[85.94,-34.92],[85.97,-34.92],[86.01,-34.92],[86.01,-34.95],[86.15,-35.0],[86.22,-35.0],[86.33,-35.02],[86.33,-35.07],[86.37,-35.1],[86.33,-35.13],[86.33,-35.18],[86.22,-35.23],[86.22,-35.27],[86.33,-35.3],[86.33,-35.4],[86.22,-35.36],[86.19,-35.33],[86.19,-35.3],[86.15,-35.33],[86.15,-35.36],[86.08,-35.4],[86.08,-35.36],[86.01,-35.33],[86.01,-35.22],[85.97,-35.2],[85.97,-35.25],[85.94,-35.27],[85.94,-35.35],[85.9,-35.38],[85.9,-35.41],[85.79,-35.48],[85.76,-35.5],[85.76,-35.33],[85.72,-35.3],[85.68,-35.3],[85.65,-35.33],[85.65,-35.48],[85.54,-35.5],[85.54,-35.48],[85.54,-35.43],[85.47,-35.4],[85.32,-35.4],[85.29,-35.36],[85.25,-35.36],[85.25,-35.33],[85.14,-35.32],[85.11,-35.36],[85.04,-35.46],[85.04,-35.48],[84.93,-35.48],[84.93,-35.46],[84.86,-35.36],[84.86,-35.32],[84.89,-35.3],[85.04,-35.27],[85.04,-35.25],[85.11,-35.15],[85.14,-35.1],[85.25,-35.12],[85.25,-35.17],[85.32,-35.18],[85.32,-35.17],[85.36,-35.1],[85.47,-35.03],[85.54,-35.02],[85.54,-35.07],[85.54,-35.1],[85.65,-35.07],[85.65,-35.0]]]}},{"type":"Feature","properties":{"precip":10},"geometry":{"type":"Polygon","coordinates":[[[60.24,-35.05],[60.27,-35.03],[60.27,-35.0],[60.34,-35.0],[60.34,-35.1],[60.27,-35.1],[60.27,-35.07],[60.24,-35.05]]]}},{"type":"Feature","properties":{"precip":10},"geometry":{"type":"Polygon","coordinates":[[[59.84,-35.15],[59.84,-35.12],[59.88,-35.12],[59.88,-35.1],[59.95,-35.1],[59.95,-35.18],[59.91,-35.2],[59.84,-35.17],[59.84,-35.15]]]}},{"type":"Feature","properties":{"precip":10},"geometry":{"type":"Polygon","coordinates":[[[60.06,-35.2],[60.06,-35.12],[60.09,-35.1],[60.13,-35.1],[60.13,-35.12],[60.16,-35.12],[60.16,-35.17],[60.2,-35.18],[60.27,-35.18],[60.31,-35.2],[60.49,-35.2],[60.52,-35.22],[60.6,-35.22],[60.67,-35.25],[60.67,-35.28],[60.7,-35.3],[60.78,-35.3],[60.81,-35.3],[60.96,-35.3],[61.06,-35.33],[61.06,-35.36],[61.14,-35.4],[61.35,-35.4],[61.46,-35.35],[61.46,-35.23],[61.53,-35.2],[61.68,-35.2],[61.75,-35.23],[61.75,-35.27],[61.82,-35.3],[61.93,-35.3],[62.07,-35.3],[62.14,-35.33],[62.14,-35.36],[62.18,-35.36],[62.25,-35.4],[62.43,-35.4],[62.54,-35.43],[62.54,-35.46],[62.61,-35.5],[62.68,-35.5],[62.72,-35.5],[62.86,-35.5],[62.94,-35.53],[62.94,-35.55],[63.04,-35.6],[63.19,-35.6],[63.22,-35.61],[63.3,-35.61],[63.33,-35.63],[63.37,-35.68],[63.48,-35.69],[63.66,-35.69],[63.73,-35.71],[63.76,-35.74],[63.76,-35.78],[63.84,-35.79],[63.91,-35.83],[63.91,-35.84],[63.98,-35.88],[64.02,-35.89],[64.02,-35.93],[64.09,-35.96],[64.09,-36.01],[64.12,-36.02],[64.12,-36.07],[64.05,-36.17],[63.98,-36.22],[63.91,-36.27],[63.87,-36.32],[63.8,-36.37],[63.73,-36.4],[63.66,-36.39],[63.66,-36.34],[63.58,-36.3],[63.51,-36.3],[63.48,-36.29],[63.33,-36.29],[63.26,-36.26],[63.26,-36.24],[63.15,-36.21],[62.97,-36.21],[62.83,-36.14],[62.83,-36.12],[62.68,-36.09],[62.32,-36.09],[62.25,-36.06],[62.25,-35.94],[62.18,-35.89],[62.11,-35.89],[62.04,-35.94],[62.04,-35.99],[61.93,-36.01],[61.86,-35.96],[61.86,-35.86],[61.82,-35.84],[61.82,-35.81],[61.71,-35.79],[61.64,-35.76],[61.64,-35.71],[61.6,-35.69],[61.5,-35.81],[61.42,-35.79],[61.35,-35.73],[61.35,-35.64],[61.28,-35.6],[61.21,-35.6],[61.17,-35.56],[61.14,-35.56],[61.14,-35.53],[61.06,-35.5],[60.85,-35.5],[60.74,-35.53],[60.74,-35.6],[60.67,-35.6],[60.67,-35.5],[60.63,-35.48],[60.63,-35.43],[60.56,-35.4],[60.42,-35.4],[60.38,-35.36],[60.34,-35.36],[60.34,-35.33],[60.27,-35.3],[60.16,-35.3],[60.06,-35.27],[60.06,-35.2]]]}},{"type":"Feature","properties":{"precip":10},"geometry":{"type":"Polygon","coordinates":[[[80.54,-35.55],[80.57,-35.51],[80.61,-35.5],[80.9,-35.5],[80.93,-35.53],[80.93,-35.56],[80.97,-35.6],[80.97,-35.69],[81.0,-35.68],[81.0,-35.66],[81.15,-35.56],[81.15,-35.53],[81.18,-35.5],[81.22,-35.5],[81.22,-35.53],[81.22,-35.68],[81.33,-35.69],[81.44,-35.69],[81.54,-35.73],[81.54,-35.76],[81.58,-35.79],[81.65,-35.79],[81.76,-35.84],[81.76,-35.88],[81.83,-35.88],[81.87,-35.86],[81.87,-35.83],[81.87,-35.81],[81.9,-35.83],[81.9,-35.88],[81.98,-35.88],[82.05,-35.89],[82.12,-35.89],[82.26,-35.94],[82.12,-35.99],[82.08,-35.99],[82.01,-36.01],[81.8,-36.01],[81.65,-36.02],[81.65,-36.04],[81.65,-36.07],[81.62,-36.07],[81.54,-36.09],[81.22,-36.09],[81.18,-36.07],[81.15,-36.07],[81.15,-36.04],[80.97,-36.01],[80.68,-36.01],[80.57,-35.99],[80.46,-35.99],[80.36,-35.96],[80.36,-35.93],[80.32,-35.93],[80.32,-35.89],[80.25,-35.89],[80.14,-35.86],[80.14,-35.84],[80.07,-35.78],[80.07,-35.71],[80.1,-35.69],[80.1,-35.68],[80.14,-35.64],[80.14,-35.63],[80.32,-35.6],[80.46,-35.6],[80.54,-35.58],[80.54,-35.55]]]}},{"type":"Feature","properties":{"precip":10},"geometry":{"type":"Polygon","coordinates":[[[85.25,-35.55],[85.25,-35.51],[85.29,-35.5],[85.32,-35.51],[85.32,-35.58],[85.32,-35.6],[85.25,-35.58],[85.25,-35.55]]]}},{"type":"Feature","properties":{"precip":10},"geometry":{"type":"Polygon","coordinates":[[[84.93,-35.66],[84.93,-35.61],[85.04,-35.61],[85.04,-35.69],[84.93,-35.68],[84.93,-35.66]]]}},{"type":"Feature","properties":{"precip":10},"geometry":{"type":"Polygon","coordinates":[[[7.65,-35.79],[7.65,-35.73],[7.68,-35.69],[7.72,-35.69],[7.72,-35.73],[7.76,-35.74],[7.76,-35.86],[7.72,-35.88],[7.72,-35.89],[7.65,-35.88],[7.65,-35.79]]]}},{"type":"Feature","properties":{"precip":10},"geometry":{"type":"Polygon","coordinates":[[[84.64,-35.74],[84.68,-35.69],[84.71,-35.71],[84.71,-35.78],[84.68,-35.79],[84.64,-35.74]]]}},{"type":"Feature","properties":{"precip":10},"geometry":{"type":"Polygon","coordinates":[[[87.3,-35.74],[87.41,-35.69],[87.48,-35.69],[87.52,-35.73],[87.52,-35.76],[87.48,-35.79],[87.41,-35.79],[87.3,-35.74]]]}},{"type":"Feature","properties":{"precip":10},"geometry":{"type":"Polygon","coordinates":[[[84.35,-35.86],[84.35,-35.81],[84.39,-35.79],[84.46,-35.83],[84.46,-35.88],[84.42,-35.89],[84.35,-35.88],[84.35,-35.86]]]}},{"type":"Feature","properties":{"precip":10},"geometry":{"type":"Polygon","coordinates":[[[83.63,-36.06],[83.63,-36.01],[83.74,-36.01],[83.74,-36.09],[83.63,-36.09],[83.63,-36.06]]]}},{"type":"Feature","properties":{"precip":10},"geometry":{"type":"Polygon","coordinates":[[[-2.47,-36.4],[-2.43,-36.35],[-2.43,-36.3],[-2.36,-36.3],[-2.36,-36.37],[-2.29,-36.4],[-2.22,-36.4],[-2.18,-36.42],[-2.18,-36.45],[-2.14,-36.45],[-2.14,-36.57],[-2.11,-36.6],[-2.04,-36.54],[-2.04,-36.5],[-1.96,-36.52],[-1.93,-36.55],[-1.93,-36.59],[-1.89,-36.6],[-1.89,-36.63],[-1.86,-36.65],[-1.86,-36.68],[-1.93,-36.7],[-2.11,-36.7],[-2.36,-36.65],[-2.4,-36.63],[-2.4,-36.6],[-2.43,-36.62],[-2.43,-36.65],[-2.47,-36.68],[-2.54,-36.7],[-2.65,-36.65],[-2.72,-36.6],[-2.72,-36.57],[-2.76,-36.52],[-2.72,-36.5],[-2.61,-36.5],[-2.58,-36.49],[-2.5,-36.49],[-2.47,-36.47],[-2.47,-36.4]]]}},{"type":"Feature","properties":{"precip":10},"geometry":{"type":"Polygon","coordinates":[[[5.96,-36.65],[5.96,-36.62],[6.03,-36.6],[6.03,-36.63],[6.06,-36.65],[5.99,-36.7],[5.96,-36.68],[5.96,-36.65]]]}},{"type":"Feature","properties":{"precip":10},"geometry":{"type":"Polygon","coordinates":[[[16.47,-36.8],[16.47,-36.62],[16.5,-36.6],[16.54,-36.63],[16.54,-36.82],[16.57,-36.83],[16.57,-36.9],[16.61,-36.9],[16.61,-36.93],[16.65,-36.95],[16.65,-37.16],[16.61,-37.18],[16.61,-37.21],[16.57,-37.21],[16.57,-37.16],[16.54,-37.15],[16.54,-37.03],[16.47,-36.98],[16.47,-36.8]]]}},{"type":"Feature","properties":{"precip":10},"geometry":{"type":"Polygon","coordinates":[[[-0.85,-36.83],[-0.85,-36.8],[-0.78,-36.82],[-0.74,-36.83],[-0.74,-36.88],[-0.67,-36.88],[-0.67,-36.85],[-0.56,-36.82],[-0.45,-36.82],[-0.34,-36.8],[-0.24,-36.8],[-0.13,-36.82],[-0.06,-36.85],[0.02,-36.88],[0.09,-36.9],[0.27,-36.9],[0.34,-36.93],[0.34,-36.96],[0.38,-36.98],[0.45,-36.98],[0.48,-37.0],[0.66,-37.0],[0.7,-37.01],[0.84,-37.01],[0.95,-37.05],[0.95,-37.06],[0.99,-37.08],[1.06,-37.08],[1.1,-37.1],[1.28,-37.1],[1.35,-37.11],[1.49,-37.18],[1.49,-37.21],[1.53,-37.23],[1.53,-37.29],[1.42,-37.29],[1.35,-37.33],[1.35,-37.38],[1.24,-37.41],[1.1,-37.39],[1.02,-37.34],[1.02,-37.31],[0.99,-37.29],[0.99,-37.33],[0.95,-37.36],[0.88,-37.39],[0.81,-37.39],[0.77,-37.41],[0.66,-37.41],[0.59,-37.43],[0.52,-37.44],[0.52,-37.49],[0.48,-37.49],[0.48,-37.46],[0.38,-37.41],[0.27,-37.41],[0.23,-37.43],[0.27,-37.44],[0.27,-37.48],[0.34,-37.54],[0.45,-37.61],[0.52,-37.61],[0.52,-37.64],[0.56,-37.66],[0.56,-37.81],[0.63,-37.81],[0.63,-37.77],[0.66,-37.77],[0.66,-37.72],[0.7,-37.72],[0.88,-37.72],[0.95,-37.76],[0.95,-37.87],[1.06,-37.9],[1.13,-37.9],[1.24,-37.87],[1.24,-37.67],[1.28,-37.64],[1.28,-37.61],[1.31,-37.61],[1.38,-37.61],[1.46,-37.64],[1.46,-37.72],[1.42,-37.76],[1.42,-37.81],[1.35,-37.84],[1.28,-37.95],[1.24,-37.97],[1.24,-38.04],[1.28,-38.07],[1.35,-38.1],[1.38,-38.1],[1.46,-38.14],[1.46,-38.18],[1.49,-38.18],[1.56,-38.15],[1.56,-38.12],[1.6,-38.1],[1.64,-38.12],[1.64,-38.17],[1.67,-38.18],[1.74,-38.18],[1.82,-38.22],[1.92,-38.32],[1.92,-38.38],[1.89,-38.38],[1.89,-38.42],[1.85,-38.43],[1.85,-38.56],[1.82,-38.58],[1.82,-38.61],[1.74,-38.61],[1.74,-38.66],[1.82,-38.7],[2.0,-38.7],[2.03,-38.7],[2.03,-38.55],[2.07,-38.5],[2.07,-38.4],[2.14,-38.42],[2.14,-38.61],[2.18,-38.65],[2.18,-38.7],[2.21,-38.7],[2.28,-38.7],[2.36,-38.73],[2.36,-38.76],[2.39,-38.78],[2.46,-38.78],[2.54,-38.79],[2.86,-38.79],[2.93,-38.84],[2.93,-38.88],[2.97,-38.93],[2.97,-38.96],[3.0,-39.01],[3.08,-39.08],[3.15,-39.16],[3.18,-39.21],[3.22,-39.21],[3.22,-39.16],[3.26,-39.16],[3.26,-38.84],[3.29,-38.79],[3.33,-38.81],[3.33,-38.89],[3.36,-38.93],[3.36,-39.08],[3.44,-39.09],[3.44,-39.11],[3.54,-39.11],[3.54,-39.09],[3.62,-39.09],[3.65,-39.08],[3.65,-39.03],[3.62,-38.99],[3.58,-38.99],[3.58,-38.96],[3.54,-38.96],[3.54,-38.86],[3.58,-38.84],[3.58,-38.81],[3.62,-38.79],[3.69,-38.79],[3.72,-38.81],[3.72,-38.84],[3.76,-38.86],[3.76,-38.99],[3.83,-38.96],[3.94,-38.84],[3.98,-38.81],[4.05,-38.84],[4.05,-38.88],[4.08,-38.88],[4.19,-38.93],[4.26,-38.94],[4.26,-38.99],[4.3,-38.99],[4.48,-38.99],[4.55,-38.96],[4.55,-38.93],[4.59,-38.93],[4.66,-38.93],[4.66,-38.89],[4.73,-38.89],[4.73,-38.84],[4.77,-38.84],[4.77,-38.79],[4.84,-38.81],[4.84,-38.96],[4.91,-38.99],[5.09,-38.99],[5.16,-38.96],[5.16,-38.93],[5.2,-38.93],[5.31,-38.93],[5.34,-38.94],[5.34,-39.04],[5.38,-39.08],[5.45,-39.11],[5.49,-39.11],[5.56,-39.08],[5.56,-39.04],[5.6,-39.01],[5.63,-39.03],[5.63,-39.08],[5.74,-39.11],[5.81,-39.11],[5.88,-39.16],[5.88,-39.21],[5.92,-39.21],[5.92,-39.16],[5.99,-39.11],[6.03,-39.12],[6.03,-39.16],[6.1,-39.17],[6.17,-39.21],[6.35,-39.21],[6.39,-39.22],[6.46,-39.22],[6.53,-39.22],[6.53,-39.26],[6.64,-39.31],[6.78,-39.31],[6.86,-39.36],[6.86,-39.37],[6.89,-39.39],[6.96,-39.39],[6.96,-39.41],[7.04,-39.41],[7.04,-39.45],[7.07,-39.49],[7.14,-39.49],[7.18,-39.52],[7.36,-39.52],[7.43,-39.54],[7.43,-39.6],[7.47,-39.62],[7.47,-39.69],[7.5,-39.7],[7.58,-39.7],[7.65,-39.73],[7.65,-39.87],[7.58,-39.9],[7.54,-39.87],[7.54,-39.83],[7.5,-39.82],[7.47,-39.82],[7.47,-39.87],[7.4,-39.9],[7.29,-39.92],[7.25,-39.93],[7.25,-40.08],[7.22,-40.08],[7.22,-40.11],[7.14,-40.11],[7.14,-40.15],[7.25,-40.2],[7.43,-40.2],[7.54,-40.23],[7.58,-40.3],[7.65,-40.31],[7.76,-40.3],[7.83,-40.28],[7.86,-40.23],[7.94,-40.13],[7.94,-39.93],[7.86,-39.9],[7.79,-39.9],[7.76,-39.87],[7.76,-39.73],[7.79,-39.72],[7.86,-39.7],[7.94,-39.73],[7.94,-39.77],[8.01,-39.9],[8.08,-39.97],[8.15,-40.0],[8.22,-39.98],[8.26,-39.92],[8.33,-39.93],[8.48,-40.06],[8.48,-40.08],[8.55,-40.06],[8.55,-40.05],[8.62,-40.0],[8.69,-40.02],[8.84,-40.13],[8.84,-40.3],[8.8,-40.31],[8.76,-40.3],[8.76,-40.26],[8.69,-40.21],[8.62,-40.2],[8.44,-40.2],[8.37,-40.2],[8.37,-40.15],[8.33,-40.15],[8.33,-40.11],[8.3,-40.11],[8.12,-40.11],[8.04,-40.15],[8.04,-40.3],[7.97,-40.31],[7.97,-40.35],[7.94,-40.36],[7.94,-40.41],[7.97,-40.44],[7.97,-40.49],[8.04,-40.51],[8.08,-40.51],[8.15,-40.49],[8.15,-40.44],[8.19,-40.41],[8.22,-40.43],[8.3,-40.49],[8.3,-40.51],[8.4,-40.58],[8.48,-40.59],[8.55,-40.59],[8.58,-40.61],[8.66,-40.61],[8.73,-40.64],[8.76,-40.66],[8.76,-40.69],[8.84,-40.69],[8.84,-40.66],[8.87,-40.61],[8.91,-40.61],[8.94,-40.64],[8.94,-40.67],[8.98,-40.67],[9.02,-40.71],[9.09,-40.71],[9.12,-40.71],[9.12,-40.76],[9.16,-40.79],[9.16,-40.97],[9.23,-41.02],[9.3,-41.02],[9.34,-40.97],[9.34,-40.94],[9.38,-40.94],[9.38,-40.89],[9.41,-40.89],[9.45,-40.94],[9.45,-41.09],[9.48,-41.09],[9.66,-41.09],[9.77,-41.05],[9.77,-41.02],[9.84,-41.02],[9.84,-41.09],[9.77,-41.1],[9.77,-41.19],[9.81,-41.2],[9.81,-41.24],[9.84,-41.27],[9.91,-41.3],[9.92,-41.3],[9.95,-41.27],[9.95,-41.24],[10.02,-41.2],[10.1,-41.2],[10.13,-41.19],[10.13,-41.09],[10.06,-41.09],[10.06,-41.02],[10.13,-41.02],[10.17,-41.05],[10.17,-41.09],[10.24,-41.09],[10.24,-41.05],[10.27,-41.04],[10.27,-41.02],[10.31,-41.02],[10.35,-41.04],[10.35,-41.09],[10.38,-41.09],[10.45,-41.09],[10.56,-41.15],[10.56,-41.19],[10.63,-41.19],[10.63,-41.17],[10.71,-41.1],[10.74,-41.12],[10.74,-41.17],[10.81,-41.2],[10.89,-41.2],[10.96,-41.24],[10.96,-41.27],[10.99,-41.3],[11.35,-41.3],[11.32,-41.27],[11.32,-41.24],[11.25,-41.17],[11.21,-41.09],[11.17,-41.09],[11.17,-41.05],[11.14,-41.02],[11.14,-40.94],[11.1,-40.89],[11.03,-40.84],[10.96,-40.81],[10.89,-40.79],[10.85,-40.76],[10.85,-40.64],[10.92,-40.59],[10.92,-40.53],[10.89,-40.51],[10.89,-40.49],[10.74,-40.35],[10.67,-40.28],[10.67,-40.21],[10.71,-40.2],[10.78,-40.2],[10.85,-40.23],[10.85,-40.3],[10.92,-40.31],[10.92,-40.23],[10.96,-40.21],[10.96,-40.08],[10.92,-40.05],[10.92,-40.02],[10.89,-40.0],[10.74,-40.0],[10.63,-40.05],[10.63,-40.11],[10.56,-40.08],[10.56,-40.05],[10.53,-40.02],[10.45,-40.05],[10.42,-40.06],[10.42,-40.11],[10.35,-40.18],[10.27,-40.2],[10.27,-40.18],[10.24,-40.13],[10.24,-40.05],[10.2,-40.0],[10.1,-40.0],[10.06,-40.02],[10.06,-40.06],[10.02,-40.06],[10.02,-40.11],[9.88,-40.11],[9.88,-40.06],[9.84,-40.05],[9.84,-39.92],[9.77,-39.9],[9.77,-39.92],[9.74,-39.92],[9.74,-39.98],[9.7,-40.0],[9.63,-40.0],[9.56,-39.97],[9.56,-39.69],[9.52,-39.67],[9.52,-39.6],[9.45,-39.59],[9.45,-39.44],[9.48,-39.44],[9.48,-39.39],[9.56,-39.44],[9.56,-39.49],[9.63,-39.52],[9.63,-39.47],[9.66,-39.44],[9.66,-39.41],[9.63,-39.37],[9.63,-39.32],[9.56,-39.26],[9.52,-39.24],[9.52,-39.22],[9.48,-39.21],[9.48,-39.16],[9.45,-39.16],[9.45,-39.04],[9.38,-38.99],[9.3,-38.99],[9.27,-38.99],[9.27,-38.96],[9.23,-38.96],[9.23,-38.93],[9.2,-38.93],[9.05,-38.88],[9.05,-38.84],[9.02,-38.81],[8.94,-38.81],[8.94,-38.79],[8.76,-38.79],[8.66,-38.76],[8.66,-38.66],[8.62,-38.63],[8.62,-38.61],[8.58,-38.61],[8.55,-38.63],[8.55,-38.7],[8.48,-38.7],[8.48,-38.61],[8.55,-38.55],[8.66,-38.5],[8.73,-38.48],[8.73,-38.43],[8.76,-38.42],[8.76,-38.33],[8.8,-38.32],[8.91,-38.32],[8.91,-38.33],[8.94,-38.35],[8.94,-38.47],[8.98,-38.47],[8.98,-38.5],[9.05,-38.48],[9.05,-38.42],[9.09,-38.4],[9.2,-38.4],[9.23,-38.42],[9.23,-38.47],[9.27,-38.47],[9.27,-38.5],[9.34,-38.48],[9.34,-38.37],[9.38,-38.33],[9.45,-38.32],[9.52,-38.33],[9.63,-38.4],[9.63,-38.43],[9.66,-38.47],[9.74,-38.48],[9.74,-38.43],[9.77,-38.4],[9.84,-38.4],[9.99,-38.47],[10.02,-38.51],[10.02,-38.55],[10.06,-38.58],[10.13,-38.58],[10.13,-38.56],[10.17,-38.51],[10.24,-38.5],[10.35,-38.55],[10.38,-38.56],[10.38,-38.61],[10.42,-38.61],[10.45,-38.66],[10.53,-38.7],[10.71,-38.7],[10.78,-38.71],[10.85,-38.76],[10.85,-38.86],[10.89,-38.89],[10.96,-38.88],[10.96,-38.84],[11.03,-38.84],[11.1,-38.93],[11.17,-38.96],[11.25,-39.08],[11.25,-39.16],[11.32,-39.21],[11.35,-39.21],[11.43,-39.22],[11.5,-39.31],[11.5,-39.32],[11.57,-39.37],[11.75,-39.44],[11.75,-39.47],[11.86,-39.52],[12.04,-39.52],[12.15,-39.54],[12.15,-39.59],[12.18,-39.59],[12.25,-39.59],[12.25,-39.6],[12.4,-39.6],[12.43,-39.62],[12.43,-39.67],[12.47,-39.67],[12.51,-39.7],[12.65,-39.7],[12.72,-39.72],[12.76,-39.73],[12.76,-39.77],[12.83,-39.78],[12.83,-39.82],[12.97,-39.82],[13.01,-39.77],[13.05,-39.77],[13.05,-39.73],[12.97,-39.7],[12.9,-39.7],[12.87,-39.69],[12.87,-39.54],[12.83,-39.52],[12.83,-39.41],[12.76,-39.37],[12.76,-39.22],[12.79,-39.21],[12.83,-39.22],[12.83,-39.26],[12.87,-39.29],[12.87,-39.32],[12.97,-39.47],[13.01,-39.54],[13.08,-39.55],[13.15,-39.6],[13.23,-39.62],[13.23,-39.67],[13.26,-39.69],[13.26,-39.77],[13.33,-39.82],[13.41,-39.82],[13.44,-39.82],[13.44,-39.87],[13.48,-39.87],[13.51,-39.9],[13.62,-39.9],[13.69,-39.92],[13.77,-39.97],[13.77,-39.98],[13.84,-40.0],[13.95,-40.0],[14.05,-40.05],[14.05,-40.06],[14.09,-40.11],[14.16,-40.11],[14.31,-40.11],[14.41,-40.2],[14.41,-40.21],[14.52,-40.31],[14.59,-40.31],[14.7,-40.41],[14.7,-40.43],[14.85,-40.49],[14.92,-40.51],[15.06,-40.51],[15.13,-40.53],[15.13,-40.67],[15.1,-40.71],[15.03,-40.71],[14.95,-40.69],[14.95,-40.64],[14.92,-40.61],[14.85,-40.61],[14.81,-40.59],[14.77,-40.61],[14.7,-40.61],[14.67,-40.64],[14.67,-40.69],[14.63,-40.76],[14.56,-40.84],[14.52,-40.87],[14.45,-40.89],[14.38,-40.89],[14.34,-40.82],[14.31,-40.81],[14.27,-40.82],[14.27,-40.87],[14.23,-40.89],[14.16,-40.89],[14.16,-40.87],[14.09,-40.81],[14.05,-40.76],[14.02,-40.71],[13.95,-40.72],[13.95,-40.79],[13.87,-40.79],[13.87,-40.76],[13.77,-40.71],[13.69,-40.71],[13.66,-40.69],[13.66,-40.64],[13.55,-40.61],[13.41,-40.61],[13.33,-40.59],[13.15,-40.59],[13.08,-40.58],[13.05,-40.56],[13.05,-40.44],[13.01,-40.41],[12.94,-40.41],[12.65,-40.41],[12.58,-40.36],[12.54,-40.36],[12.54,-40.33],[12.51,-40.31],[12.43,-40.31],[12.36,-40.3],[12.36,-40.26],[12.29,-40.2],[12.18,-40.2],[12.15,-40.18],[12.15,-40.11],[12.11,-40.11],[12.0,-40.11],[11.93,-40.13],[11.93,-40.2],[11.86,-40.18],[11.86,-40.13],[11.82,-40.11],[11.79,-40.11],[11.75,-40.13],[11.75,-40.28],[11.82,-40.31],[11.82,-40.35],[11.86,-40.36],[11.86,-40.44],[11.82,-40.46],[11.82,-40.51],[11.75,-40.49],[11.75,-40.36],[11.71,-40.35],[11.71,-40.31],[11.64,-40.26],[11.5,-40.2],[11.43,-40.2],[11.35,-40.23],[11.35,-40.3],[11.43,-40.31],[11.43,-40.35],[11.46,-40.36],[11.46,-40.44],[11.43,-40.46],[11.43,-40.51],[11.35,-40.51],[11.35,-40.58],[11.39,-40.59],[11.5,-40.59],[11.53,-40.58],[11.53,-40.49],[11.57,-40.46],[11.57,-40.41],[11.61,-40.41],[11.64,-40.43],[11.64,-40.64],[11.68,-40.66],[11.68,-40.69],[11.71,-40.71],[11.86,-40.71],[11.93,-40.69],[11.93,-40.66],[11.97,-40.66],[11.97,-40.61],[12.04,-40.64],[12.04,-40.72],[12.07,-40.76],[12.07,-40.79],[12.18,-40.81],[12.36,-40.81],[12.43,-40.84],[12.43,-40.89],[12.36,-40.89],[12.36,-40.97],[12.43,-41.02],[12.58,-41.02],[12.65,-41.05],[12.65,-41.27],[12.69,-41.27],[12.69,-41.3],[12.69,-41.3],[12.76,-41.27],[12.76,-41.24],[12.83,-41.24],[12.83,-41.2],[12.97,-41.2],[13.05,-41.24],[13.05,-41.3],[12.37,-41.3],[12.25,-41.27],[12.25,-41.24],[12.33,-41.2],[12.33,-41.17],[12.36,-41.15],[12.36,-41.09],[12.33,-41.05],[12.33,-41.02],[12.25,-41.02],[12.25,-41.09],[12.18,-41.09],[12.0,-41.09],[11.97,-41.09],[11.97,-41.05],[11.89,-41.02],[11.75,-41.02],[11.61,-41.09],[11.61,-41.1],[11.57,-41.12],[11.57,-41.2],[11.68,-41.2],[11.75,-41.25],[11.75,-41.3],[1.78,-41.3],[1.89,-41.24],[1.92,-41.2],[1.92,-41.24],[1.96,-41.27],[1.96,-41.3],[2.86,-41.3],[2.79,-41.27],[2.72,-41.25],[2.68,-41.2],[2.68,-41.09],[2.72,-41.09],[2.79,-41.02],[2.82,-41.02],[2.82,-41.04],[2.86,-41.09],[2.86,-41.19],[2.9,-41.2],[2.97,-41.17],[2.97,-41.12],[3.04,-41.05],[3.11,-41.02],[3.18,-41.02],[3.22,-40.97],[3.26,-40.97],[3.26,-40.91],[3.29,-40.89],[3.33,-40.91],[3.33,-40.96],[3.36,-40.97],[3.36,-41.09],[3.4,-41.09],[3.54,-41.09],[3.54,-41.1],[3.62,-41.1],[3.65,-41.12],[3.65,-41.19],[3.72,-41.2],[3.8,-41.2],[3.83,-41.24],[3.83,-41.25],[3.87,-41.27],[3.87,-41.3],[4.16,-41.3],[4.16,-41.24],[4.19,-41.2],[4.26,-41.2],[4.34,-41.17],[4.34,-41.02],[4.37,-40.96],[4.37,-40.91],[4.41,-40.89],[4.44,-40.91],[4.48,-40.96],[4.48,-41.02],[4.52,-41.02],[4.52,-40.96],[4.55,-40.91],[4.59,-40.89],[4.62,-40.91],[4.66,-40.96],[4.66,-41.09],[4.7,-41.09],[4.88,-41.09],[4.95,-41.09],[4.95,-41.04],[4.98,-41.02],[5.09,-41.02],[5.16,-41.04],[5.16,-41.09],[5.13,-41.09],[5.06,-41.1],[5.06,-41.17],[5.13,-41.19],[5.13,-41.2],[5.27,-41.2],[5.34,-41.24],[5.34,-41.27],[5.41,-41.3],[5.42,-41.3],[5.45,-41.27],[5.45,-41.2],[5.42,-41.17],[5.42,-41.12],[5.34,-41.02],[5.27,-40.97],[5.2,-40.94],[5.13,-40.89],[5.06,-40.89],[5.06,-40.84],[5.02,-40.81],[4.91,-40.81],[4.88,-40.79],[4.84,-40.79],[4.84,-40.71],[4.8,-40.71],[4.7,-40.71],[4.66,-40.69],[4.66,-40.64],[4.62,-40.61],[4.55,-40.61],[4.55,-40.59],[4.48,-40.59],[4.44,-40.56],[4.44,-40.53],[4.37,-40.51],[4.26,-40.51],[4.16,-40.53],[4.16,-40.58],[4.23,-40.61],[4.23,-40.69],[4.19,-40.71],[4.16,-40.76],[4.05,-40.79],[3.98,-40.79],[3.94,-40.81],[3.87,-40.79],[3.83,-40.76],[3.87,-40.72],[3.87,-40.71],[3.94,-40.71],[3.94,-40.56],[3.83,-40.43],[3.76,-40.38],[3.76,-40.35],[3.65,-40.31],[3.62,-40.31],[3.54,-40.28],[3.54,-40.23],[3.47,-40.2],[3.4,-40.2],[3.36,-40.21],[3.36,-40.3],[3.44,-40.33],[3.44,-40.44],[3.47,-40.46],[3.47,-40.51],[3.51,-40.51],[3.54,-40.53],[3.54,-40.79],[3.47,-40.79],[3.47,-40.76],[3.44,-40.71],[3.44,-40.61],[3.33,-40.43],[3.26,-40.38],[3.22,-40.33],[3.15,-40.31],[3.0,-40.31],[2.93,-40.35],[2.97,-40.36],[2.97,-40.41],[3.04,-40.41],[3.04,-40.56],[3.0,-40.59],[2.97,-40.66],[2.9,-40.69],[2.82,-40.64],[2.79,-40.58],[2.75,-40.56],[2.75,-40.53],[2.82,-40.51],[2.82,-40.44],[2.86,-40.41],[2.86,-40.36],[2.82,-40.33],[2.82,-40.31],[2.75,-40.33],[2.75,-40.36],[2.68,-40.41],[2.64,-40.36],[2.64,-40.33],[2.72,-40.31],[2.75,-40.28],[2.75,-40.23],[2.68,-40.2],[2.57,-40.21],[2.54,-40.26],[2.54,-40.28],[2.5,-40.3],[2.46,-40.28],[2.46,-40.26],[2.43,-40.21],[2.36,-40.2],[2.25,-40.15],[2.1,-40.05],[2.07,-39.97],[2.0,-39.9],[1.96,-39.82],[1.96,-39.75],[1.92,-39.73],[1.92,-39.72],[1.85,-39.72],[1.85,-39.7],[1.71,-39.7],[1.67,-39.67],[1.64,-39.67],[1.64,-39.62],[1.6,-39.6],[1.49,-39.6],[1.46,-39.62],[1.46,-39.67],[1.42,-39.67],[1.38,-39.7],[1.2,-39.7],[1.13,-39.67],[1.13,-39.62],[1.1,-39.6],[0.99,-39.6],[0.92,-39.59],[0.84,-39.55],[0.84,-39.52],[0.92,-39.49],[0.92,-39.44],[0.84,-39.36],[0.77,-39.31],[0.7,-39.31],[0.66,-39.31],[0.66,-39.22],[0.74,-39.16],[0.84,-39.11],[0.92,-39.11],[0.95,-39.12],[0.95,-39.17],[0.99,-39.21],[1.2,-39.21],[1.28,-39.17],[1.38,-39.16],[1.42,-39.09],[1.42,-39.08],[1.46,-39.03],[1.38,-38.99],[1.28,-38.99],[1.2,-38.99],[1.17,-38.94],[0.99,-38.78],[0.88,-38.71],[0.77,-38.7],[0.77,-38.65],[0.74,-38.63],[0.74,-38.47],[0.7,-38.43],[0.7,-38.38],[0.66,-38.35],[0.59,-38.32],[0.45,-38.43],[0.45,-38.47],[0.41,-38.48],[0.34,-38.47],[0.34,-38.43],[0.3,-38.4],[0.27,-38.4],[0.27,-38.47],[0.16,-38.5],[0.05,-38.5],[-0.02,-38.47],[-0.06,-38.47],[-0.06,-38.43],[-0.09,-38.4],[-0.13,-38.4],[-0.13,-38.43],[-0.16,-38.48],[-0.2,-38.5],[-0.27,-38.5],[-0.38,-38.43],[-0.45,-38.35],[-0.45,-38.22],[-0.52,-38.2],[-0.56,-38.23],[-0.56,-38.27],[-0.6,-38.28],[-0.7,-38.2],[-0.7,-38.18],[-0.81,-38.12],[-0.92,-38.1],[-1.17,-38.1],[-1.24,-38.09],[-1.35,-38.04],[-1.46,-37.95],[-1.46,-37.92],[-1.53,-37.87],[-1.53,-37.81],[-1.57,-37.81],[-1.57,-37.72],[-1.64,-37.69],[-1.64,-37.57],[-1.68,-37.54],[-1.68,-37.51],[-1.71,-37.48],[-1.75,-37.48],[-1.75,-37.43],[-1.68,-37.38],[-1.68,-37.36],[-1.6,-37.33],[-1.5,-37.39],[-1.5,-37.43],[-1.46,-37.44],[-1.46,-37.56],[-1.35,-37.61],[-1.17,-37.61],[-1.06,-37.57],[-1.06,-37.54],[-0.99,-37.51],[-0.88,-37.49],[-0.81,-37.51],[-0.74,-37.54],[-0.74,-37.59],[-0.7,-37.61],[-0.6,-37.61],[-0.56,-37.59],[-0.56,-37.53],[-0.49,-37.49],[-0.42,-37.49],[-0.34,-37.53],[-0.34,-37.59],[-0.31,-37.61],[-0.2,-37.61],[-0.16,-37.57],[-0.16,-37.46],[-0.13,-37.44],[-0.13,-37.41],[-0.06,-37.38],[-0.06,-37.13],[-0.13,-37.1],[-0.2,-37.1],[-0.24,-37.11],[-0.24,-37.15],[-0.27,-37.15],[-0.27,-37.2],[-0.31,-37.21],[-0.31,-37.18],[-0.38,-37.11],[-0.42,-37.1],[-0.52,-37.1],[-0.6,-37.06],[-0.63,-37.05],[-0.78,-36.95],[-0.85,-36.85],[-0.85,-36.83]],[[0.23,-37.56],[0.23,-37.51],[0.16,-37.51],[0.16,-37.59],[0.23,-37.61],[0.23,-37.56]],[[1.06,-38.47],[1.02,-38.4],[0.95,-38.42],[0.95,-38.48],[1.02,-38.5],[1.06,-38.47]],[[1.64,-38.47],[1.64,-38.4],[1.56,-38.4],[1.56,-38.5],[1.64,-38.5],[1.64,-38.47]],[[8.84,-38.56],[8.84,-38.5],[8.76,-38.5],[8.76,-38.61],[8.84,-38.61],[8.84,-38.56]],[[8.94,-38.65],[8.94,-38.61],[8.87,-38.61],[8.84,-38.63],[8.84,-38.66],[8.87,-38.7],[8.94,-38.7],[8.94,-38.65]],[[4.66,-39.04],[4.62,-39.03],[4.62,-38.99],[4.55,-39.01],[4.55,-39.09],[4.62,-39.11],[4.62,-39.08],[4.66,-39.08],[4.66,-39.04]],[[1.46,-39.31],[1.46,-39.24],[1.42,-39.22],[1.42,-39.21],[1.38,-39.21],[1.35,-39.22],[1.35,-39.37],[1.38,-39.39],[1.46,-39.37],[1.46,-39.31]],[[3.65,-39.26],[3.65,-39.22],[3.62,-39.21],[3.58,-39.21],[3.54,-39.22],[3.54,-39.29],[3.62,-39.31],[3.65,-39.26]],[[3.94,-39.26],[3.94,-39.22],[3.87,-39.22],[3.83,-39.24],[3.87,-39.29],[3.87,-39.31],[3.94,-39.31],[3.94,-39.26]],[[5.16,-39.26],[5.13,-39.22],[5.09,-39.21],[5.06,-39.22],[5.06,-39.31],[5.13,-39.31],[5.13,-39.29],[5.16,-39.26]],[[4.05,-39.36],[4.05,-39.32],[4.01,-39.31],[3.94,-39.32],[3.94,-39.37],[3.98,-39.39],[4.05,-39.37],[4.05,-39.36]],[[4.34,-39.36],[4.34,-39.31],[4.26,-39.31],[4.26,-39.39],[4.34,-39.39],[4.34,-39.36]],[[4.55,-39.36],[4.55,-39.32],[4.52,-39.31],[4.44,-39.32],[4.44,-39.37],[4.52,-39.39],[4.55,-39.37],[4.55,-39.36]],[[5.56,-39.36],[5.52,-39.31],[5.45,-39.32],[5.45,-39.37],[5.52,-39.39],[5.56,-39.36]],[[10.74,-39.36],[10.74,-39.31],[10.67,-39.31],[10.67,-39.34],[10.63,-39.36],[10.67,-39.37],[10.67,-39.39],[10.74,-39.39],[10.74,-39.36]],[[4.44,-39.45],[4.44,-39.41],[4.41,-39.39],[4.34,-39.44],[4.34,-39.47],[4.37,-39.52],[4.44,-39.49],[4.44,-39.45]],[[4.73,-39.45],[4.73,-39.41],[4.66,-39.41],[4.66,-39.39],[4.55,-39.44],[4.55,-39.49],[4.62,-39.52],[4.7,-39.52],[4.73,-39.49],[4.73,-39.45]],[[4.95,-39.45],[4.95,-39.41],[4.88,-39.41],[4.84,-39.44],[4.84,-39.47],[4.91,-39.52],[4.95,-39.49],[4.95,-39.45]],[[5.24,-39.75],[5.24,-39.7],[5.16,-39.7],[5.16,-39.82],[5.24,-39.82],[5.24,-39.75]],[[7.14,-39.75],[7.14,-39.72],[7.07,-39.7],[7.07,-39.73],[7.04,-39.73],[7.04,-39.77],[7.07,-39.77],[7.07,-39.82],[7.14,-39.78],[7.14,-39.75]],[[12.76,-39.85],[12.72,-39.82],[12.65,-39.82],[12.65,-39.9],[12.72,-39.9],[12.76,-39.85]],[[11.35,-40.15],[11.35,-40.13],[11.28,-40.11],[11.1,-40.11],[11.07,-40.11],[11.07,-40.3],[11.1,-40.31],[11.14,-40.3],[11.14,-40.26],[11.21,-40.2],[11.32,-40.2],[11.35,-40.15]],[[3.94,-40.35],[3.94,-40.31],[3.87,-40.31],[3.87,-40.33],[3.83,-40.33],[3.83,-40.36],[3.87,-40.36],[3.87,-40.41],[3.94,-40.41],[3.94,-40.35]],[[13.26,-40.46],[13.26,-40.43],[13.23,-40.43],[13.23,-40.41],[13.15,-40.41],[13.15,-40.49],[13.23,-40.51],[13.23,-40.49],[13.26,-40.46]],[[4.73,-40.56],[4.73,-40.51],[4.66,-40.51],[4.66,-40.59],[4.73,-40.59],[4.73,-40.56]],[[5.63,-41.2],[5.63,-41.1],[5.56,-41.1],[5.56,-41.27],[5.63,-41.3],[5.63,-41.3],[5.63,-41.2]],[[10.35,-41.17],[10.35,-41.1],[10.27,-41.09],[10.27,-41.12],[10.24,-41.12],[10.24,-41.17],[10.27,-41.19],[10.35,-41.19],[10.35,-41.17]],[[10.56,-41.25],[10.53,-41.2],[10.45,-41.24],[10.45,-41.3],[10.49,-41.3],[10.56,-41.25]]]}},{"type":"Feature","properties":{"precip":10},"geometry":{"type":"Polygon","coordinates":[[[6.75,-36.85],[6.75,-36.82],[6.82,-36.8],[6.86,-36.83],[6.86,-36.87],[6.82,-36.88],[6.75,-36.88],[6.75,-36.85]]]}},{"type":"Feature","properties":{"precip":10},"geometry":{"type":"Polygon","coordinates":[[[7.04,-36.85],[7.04,-36.83],[7.07,-36.83],[7.07,-36.8],[7.14,-36.82],[7.14,-36.88],[7.07,-36.9],[7.07,-36.87],[7.04,-36.85]]]}},{"type":"Feature","properties":{"precip":10},"geometry":{"type":"Polygon","coordinates":[[[8.15,-36.95],[8.15,-36.91],[8.19,-36.9],[8.3,-36.9],[8.33,-36.91],[8.33,-36.98],[8.3,-37.0],[8.19,-37.0],[8.15,-36.98],[8.15,-36.95]]]}},{"type":"Feature","properties":{"precip":10},"geometry":{"type":"Polygon","coordinates":[[[6.75,-37.05],[6.75,-37.01],[6.78,-37.0],[6.86,-37.03],[6.86,-37.08],[6.75,-37.08],[6.75,-37.05]]]}},{"type":"Feature","properties":{"precip":10},"geometry":{"type":"Polygon","coordinates":[[[7.94,-37.05],[7.97,-37.01],[8.01,-37.0],[8.04,-37.01],[8.04,-37.08],[7.97,-37.1],[7.94,-37.05]]]}},{"type":"Feature","properties":{"precip":10},"geometry":{"type":"Polygon","coordinates":[[[8.55,-37.05],[8.55,-37.01],[8.58,-37.0],[8.66,-37.03],[8.66,-37.08],[8.58,-37.1],[8.55,-37.08],[8.55,-37.05]]]}},{"type":"Feature","properties":{"precip":10},"geometry":{"type":"Polygon","coordinates":[[[45.44,-37.1],[45.44,-37.05],[45.51,-37.0],[45.51,-37.03],[45.55,-37.03],[45.55,-37.18],[45.48,-37.21],[45.48,-37.18],[45.44,-37.16],[45.44,-37.1]]]}},{"type":"Feature","properties":{"precip":10},"geometry":{"type":"Polygon","coordinates":[[[45.77,-37.05],[45.77,-37.01],[45.84,-37.01],[45.84,-37.08],[45.77,-37.1],[45.77,-37.05]]]}},{"type":"Feature","properties":{"precip":10},"geometry":{"type":"Polygon","coordinates":[[[46.45,-37.15],[46.45,-37.11],[46.52,-37.1],[46.56,-37.13],[46.56,-37.18],[46.52,-37.2],[46.45,-37.2],[46.45,-37.15]]]}},{"type":"Feature","properties":{"precip":10},"geometry":{"type":"Polygon","coordinates":[[[8.55,-37.24],[8.55,-37.23],[8.58,-37.21],[8.66,-37.23],[8.66,-37.28],[8.62,-37.29],[8.55,-37.28],[8.55,-37.24]]]}},{"type":"Feature","properties":{"precip":10},"geometry":{"type":"Polygon","coordinates":[[[-10.75,-37.36],[-10.75,-37.33],[-10.67,-37.29],[-10.6,-37.29],[-10.57,-37.31],[-10.57,-37.39],[-10.6,-37.41],[-10.67,-37.41],[-10.75,-37.38],[-10.75,-37.36]]]}},{"type":"Feature","properties":{"precip":10},"geometry":{"type":"Polygon","coordinates":[[[-0.56,-37.36],[-0.56,-37.33],[-0.52,-37.29],[-0.45,-37.31],[-0.45,-37.39],[-0.49,-37.41],[-0.56,-37.38],[-0.56,-37.36]]]}},{"type":"Feature","properties":{"precip":10},"geometry":{"type":"Polygon","coordinates":[[[-11.36,-37.44],[-11.32,-37.41],[-11.18,-37.41],[-11.14,-37.43],[-11.14,-37.46],[-11.18,-37.49],[-11.32,-37.49],[-11.36,-37.44]]]}},{"type":"Feature","properties":{"precip":10},"geometry":{"type":"Polygon","coordinates":[[[44.87,-37.44],[44.87,-37.41],[44.94,-37.41],[44.94,-37.49],[44.87,-37.49],[44.87,-37.44]]]}},{"type":"Feature","properties":{"precip":10},"geometry":{"type":"Polygon","coordinates":[[[83.96,-37.44],[83.96,-37.41],[84.03,-37.41],[84.03,-37.43],[84.03,-37.46],[84.03,-37.49],[83.96,-37.49],[83.96,-37.44]]]}},{"type":"Feature","properties":{"precip":10},"geometry":{"type":"Polygon","coordinates":[[[10.02,-37.59],[10.02,-37.56],[10.06,-37.53],[10.13,-37.51],[10.13,-37.56],[10.17,-37.56],[10.17,-37.59],[10.2,-37.61],[10.31,-37.61],[10.35,-37.61],[10.35,-37.66],[10.2,-37.81],[10.13,-37.81],[10.1,-37.81],[10.02,-37.72],[9.99,-37.72],[9.99,-37.61],[10.02,-37.59]]]}},{"type":"Feature","properties":{"precip":10},"geometry":{"type":"Polygon","coordinates":[[[43.86,-37.56],[43.86,-37.51],[43.89,-37.49],[43.97,-37.54],[43.93,-37.57],[43.93,-37.61],[43.86,-37.59],[43.86,-37.56]]]}},{"type":"Feature","properties":{"precip":10},"geometry":{"type":"Polygon","coordinates":[[[44.25,-37.56],[44.25,-37.51],[44.33,-37.49],[44.33,-37.53],[44.36,-37.53],[44.36,-37.57],[44.33,-37.59],[44.25,-37.59],[44.25,-37.56]]]}},{"type":"Feature","properties":{"precip":10},"geometry":{"type":"Polygon","coordinates":[[[44.54,-37.56],[44.54,-37.53],[44.58,-37.49],[44.65,-37.51],[44.65,-37.59],[44.61,-37.61],[44.54,-37.59],[44.54,-37.56]]]}},{"type":"Feature","properties":{"precip":10},"geometry":{"type":"Polygon","coordinates":[[[52.06,-37.72],[52.06,-37.61],[52.1,-37.61],[52.14,-37.61],[52.14,-37.81],[52.06,-37.81],[52.06,-37.72]]]}},{"type":"Feature","properties":{"precip":10},"geometry":{"type":"Polygon","coordinates":[[[52.35,-37.76],[52.39,-37.72],[52.39,-37.69],[52.5,-37.61],[52.53,-37.61],[52.53,-37.69],[52.46,-37.72],[52.46,-37.77],[52.5,-37.81],[52.53,-37.84],[52.6,-37.89],[52.64,-37.89],[52.64,-37.84],[52.75,-37.81],[52.86,-37.81],[52.96,-37.84],[52.96,-37.87],[53.0,-37.89],[53.04,-37.87],[53.04,-37.84],[53.14,-37.81],[53.25,-37.81],[53.32,-37.81],[53.36,-37.87],[53.43,-37.87],[53.43,-37.84],[53.47,-37.81],[53.58,-37.81],[53.65,-37.82],[53.65,-37.89],[53.58,-37.9],[53.54,-37.95],[53.54,-37.97],[53.58,-37.97],[53.61,-38.0],[53.79,-38.0],[53.83,-37.99],[53.83,-37.95],[53.86,-37.92],[53.86,-37.82],[53.94,-37.81],[53.97,-37.81],[54.04,-37.82],[54.04,-37.89],[53.97,-37.9],[53.94,-37.95],[53.94,-37.97],[53.97,-37.97],[53.97,-38.0],[54.04,-38.0],[54.12,-38.0],[54.15,-38.05],[54.22,-38.12],[54.26,-38.17],[54.37,-38.18],[54.44,-38.22],[54.48,-38.25],[54.48,-38.32],[54.51,-38.32],[54.51,-38.27],[54.58,-38.2],[54.62,-38.23],[54.69,-38.27],[54.69,-38.32],[54.73,-38.32],[54.73,-38.38],[54.66,-38.42],[54.66,-38.48],[54.69,-38.5],[54.76,-38.5],[54.8,-38.48],[54.94,-38.37],[54.94,-38.22],[55.02,-38.2],[55.12,-38.33],[55.2,-38.37],[55.23,-38.38],[55.3,-38.4],[55.38,-38.4],[55.45,-38.38],[55.45,-38.33],[55.38,-38.32],[55.3,-38.32],[55.27,-38.28],[55.27,-38.2],[55.38,-38.2],[55.45,-38.23],[55.48,-38.27],[55.48,-38.32],[55.56,-38.25],[55.56,-38.22],[55.59,-38.18],[55.63,-38.2],[55.66,-38.25],[55.66,-38.28],[55.7,-38.32],[55.74,-38.28],[55.74,-38.23],[55.77,-38.2],[55.81,-38.2],[55.84,-38.23],[55.84,-38.35],[55.88,-38.37],[55.88,-38.38],[55.92,-38.4],[55.99,-38.4],[56.02,-38.38],[56.06,-38.38],[56.06,-38.33],[56.1,-38.32],[56.24,-38.32],[56.24,-38.35],[56.28,-38.37],[56.28,-38.4],[56.31,-38.4],[56.31,-38.37],[56.35,-38.33],[56.42,-38.32],[56.53,-38.33],[56.56,-38.38],[56.71,-38.5],[56.78,-38.58],[56.85,-38.61],[56.92,-38.7],[56.96,-38.7],[57.07,-38.7],[57.14,-38.75],[57.14,-38.84],[57.18,-38.86],[57.18,-38.89],[57.25,-38.93],[57.32,-38.88],[57.36,-38.88],[57.36,-38.81],[57.43,-38.79],[57.43,-38.89],[57.46,-38.93],[57.46,-39.16],[57.5,-39.21],[57.61,-39.21],[57.64,-39.16],[57.64,-39.04],[57.68,-39.03],[57.68,-38.99],[57.75,-39.01],[57.75,-39.09],[57.82,-39.09],[57.82,-39.01],[57.86,-38.99],[57.86,-38.78],[57.82,-38.76],[57.82,-38.73],[57.72,-38.7],[57.57,-38.7],[57.43,-38.63],[57.39,-38.61],[57.39,-38.5],[57.46,-38.42],[57.54,-38.38],[57.57,-38.33],[57.64,-38.32],[57.72,-38.32],[57.75,-38.27],[57.75,-38.23],[57.79,-38.22],[57.86,-38.23],[57.86,-38.27],[58.0,-38.38],[58.08,-38.35],[58.08,-38.32],[58.15,-38.25],[58.26,-38.2],[58.26,-38.18],[58.33,-38.18],[58.33,-38.17],[58.36,-38.17],[58.36,-38.1],[58.44,-38.1],[58.44,-38.32],[58.36,-38.32],[58.36,-38.38],[58.47,-38.4],[58.54,-38.37],[58.54,-38.25],[58.58,-38.23],[58.58,-38.2],[58.65,-38.18],[58.72,-38.2],[58.76,-38.23],[58.76,-38.28],[58.8,-38.32],[58.9,-38.32],[58.94,-38.33],[58.94,-38.43],[58.98,-38.48],[59.05,-38.5],[59.05,-38.43],[59.12,-38.42],[59.16,-38.47],[59.23,-38.51],[59.34,-38.71],[59.34,-38.79],[59.37,-38.81],[59.37,-38.89],[59.44,-38.89],[59.44,-38.81],[59.52,-38.79],[59.55,-38.84],[59.55,-39.01],[59.59,-39.04],[59.59,-39.09],[59.66,-39.16],[59.73,-39.21],[59.84,-39.21],[59.84,-39.16],[59.88,-39.11],[59.91,-39.11],[59.95,-39.16],[59.95,-39.26],[59.98,-39.29],[59.98,-39.32],[60.06,-39.34],[60.06,-39.37],[59.98,-39.41],[59.95,-39.45],[59.95,-39.52],[60.02,-39.62],[60.09,-39.69],[60.16,-39.7],[60.16,-39.72],[60.24,-39.73],[60.34,-39.82],[60.34,-39.9],[60.31,-39.9],[60.13,-39.9],[60.06,-39.92],[60.06,-39.97],[60.16,-40.08],[60.24,-40.11],[60.24,-40.05],[60.27,-40.0],[60.31,-40.0],[60.34,-40.05],[60.34,-40.18],[60.24,-40.2],[60.06,-40.2],[59.98,-40.21],[59.95,-40.26],[59.95,-40.33],[60.02,-40.41],[60.02,-40.44],[60.09,-40.49],[60.13,-40.49],[60.13,-40.46],[60.16,-40.44],[60.16,-40.41],[60.2,-40.41],[60.27,-40.41],[60.31,-40.44],[60.38,-40.49],[60.42,-40.53],[60.49,-40.58],[60.52,-40.64],[60.52,-40.69],[60.56,-40.72],[60.56,-40.76],[60.67,-40.81],[60.74,-40.79],[60.74,-40.71],[60.67,-40.71],[60.67,-40.51],[60.74,-40.51],[60.74,-40.64],[60.78,-40.66],[60.78,-40.71],[60.81,-40.71],[60.85,-40.72],[60.85,-40.87],[60.88,-40.87],[60.88,-40.89],[60.96,-40.89],[61.06,-40.94],[61.1,-40.97],[61.1,-41.02],[61.14,-41.02],[61.14,-41.09],[61.1,-41.09],[61.1,-41.12],[61.03,-41.19],[60.99,-41.2],[60.96,-41.19],[60.96,-41.05],[60.92,-41.04],[60.92,-41.02],[60.88,-41.02],[60.88,-41.09],[60.85,-41.09],[60.85,-41.3],[48.25,-41.3],[48.14,-41.25],[48.11,-41.2],[48.07,-41.19],[48.07,-41.1],[48.14,-41.09],[48.14,-41.04],[48.11,-41.02],[48.11,-41.0],[48.07,-41.0],[48.07,-40.91],[48.14,-40.91],[48.14,-40.97],[48.18,-41.02],[48.25,-40.97],[48.25,-40.84],[48.29,-40.81],[48.43,-40.81],[48.5,-40.79],[48.54,-40.79],[48.54,-40.66],[48.47,-40.56],[48.43,-40.53],[48.36,-40.51],[48.25,-40.51],[48.21,-40.56],[48.21,-40.59],[48.18,-40.59],[48.18,-40.56],[48.07,-40.51],[47.93,-40.51],[47.89,-40.49],[47.85,-40.49],[47.85,-40.43],[47.82,-40.41],[47.75,-40.41],[47.6,-40.41],[47.6,-40.38],[47.53,-40.35],[47.53,-40.31],[47.49,-40.31],[47.46,-40.33],[47.46,-40.36],[47.42,-40.41],[47.35,-40.36],[47.35,-40.33],[47.24,-40.26],[47.13,-40.2],[47.06,-40.21],[47.03,-40.28],[47.03,-40.3],[46.99,-40.31],[46.99,-40.28],[46.92,-40.21],[46.85,-40.2],[46.74,-40.2],[46.67,-40.2],[46.67,-40.08],[46.63,-40.06],[46.63,-40.0],[46.56,-39.98],[46.56,-39.92],[46.63,-39.9],[46.7,-39.9],[46.74,-39.87],[46.74,-39.67],[46.77,-39.62],[46.77,-39.52],[46.81,-39.52],[46.81,-39.47],[46.85,-39.45],[46.92,-39.37],[46.92,-39.34],[46.95,-39.31],[46.95,-39.22],[46.92,-39.21],[46.88,-39.21],[46.85,-39.22],[46.85,-39.31],[46.77,-39.31],[46.77,-39.26],[46.74,-39.24],[46.74,-39.12],[46.67,-39.11],[46.67,-39.16],[46.63,-39.16],[46.59,-39.21],[46.52,-39.21],[46.45,-39.22],[46.45,-39.31],[46.38,-39.31],[46.38,-39.24],[46.34,-39.22],[46.34,-38.94],[46.31,-38.93],[46.27,-38.93],[46.27,-38.94],[46.23,-38.94],[46.23,-38.99],[46.2,-38.99],[46.13,-38.99],[46.05,-39.04],[46.05,-39.17],[46.16,-39.37],[46.27,-39.45],[46.38,-39.52],[46.45,-39.52],[46.45,-39.59],[46.38,-39.59],[46.38,-39.6],[46.31,-39.6],[46.23,-39.67],[46.27,-39.67],[46.27,-39.7],[46.31,-39.7],[46.34,-39.73],[46.34,-39.97],[46.27,-39.98],[46.27,-39.92],[46.23,-39.9],[46.23,-39.72],[46.2,-39.69],[46.16,-39.69],[46.16,-39.54],[46.13,-39.52],[46.13,-39.44],[46.05,-39.36],[46.02,-39.34],[46.02,-39.31],[45.98,-39.31],[45.98,-39.26],[45.95,-39.22],[45.95,-38.94],[45.91,-38.93],[45.84,-38.93],[45.77,-38.93],[45.77,-38.94],[45.69,-38.99],[45.62,-39.08],[45.59,-39.08],[45.55,-39.04],[45.55,-38.81],[45.51,-38.79],[45.41,-38.88],[45.41,-38.93],[45.37,-38.96],[45.37,-38.99],[45.33,-39.03],[45.33,-39.08],[45.26,-39.11],[45.23,-39.11],[45.15,-39.08],[45.15,-38.86],[45.19,-38.84],[45.19,-38.79],[45.23,-38.79],[45.26,-38.84],[45.26,-38.88],[45.33,-38.88],[45.37,-38.81],[45.48,-38.75],[45.59,-38.7],[45.66,-38.73],[45.66,-38.78],[45.69,-38.79],[45.73,-38.78],[45.73,-38.75],[45.77,-38.73],[45.77,-38.61],[45.84,-38.58],[45.84,-38.48],[45.87,-38.47],[45.87,-38.42],[45.91,-38.4],[46.09,-38.4],[46.16,-38.47],[46.16,-38.48],[46.23,-38.48],[46.23,-38.47],[46.34,-38.38],[46.34,-38.32],[46.31,-38.32],[46.2,-38.32],[46.16,-38.27],[46.16,-38.0],[46.2,-38.0],[46.31,-38.09],[46.38,-38.18],[46.45,-38.28],[46.45,-38.37],[46.52,-38.4],[46.59,-38.38],[46.67,-38.37],[46.63,-38.33],[46.63,-38.32],[46.56,-38.28],[46.56,-38.12],[46.63,-38.1],[46.63,-38.15],[46.67,-38.17],[46.67,-38.27],[46.77,-38.37],[46.92,-38.4],[46.99,-38.38],[47.06,-38.37],[47.03,-38.32],[46.95,-38.27],[46.95,-38.22],[47.03,-38.22],[47.06,-38.25],[47.1,-38.32],[47.17,-38.35],[47.21,-38.38],[47.24,-38.38],[47.28,-38.4],[47.39,-38.4],[47.46,-38.43],[47.46,-38.47],[47.57,-38.5],[47.93,-38.5],[48.03,-38.47],[48.07,-38.4],[48.14,-38.4],[48.25,-38.47],[48.32,-38.55],[48.39,-38.58],[48.39,-38.61],[48.43,-38.63],[48.43,-38.7],[48.36,-38.71],[48.36,-38.76],[48.43,-38.78],[48.5,-38.79],[48.65,-38.79],[48.65,-38.78],[48.72,-38.78],[48.75,-38.76],[48.75,-38.73],[48.83,-38.7],[48.9,-38.73],[49.01,-38.79],[49.04,-38.84],[49.15,-38.94],[49.26,-38.99],[49.33,-38.99],[49.4,-39.01],[49.55,-39.16],[49.55,-39.31],[49.58,-39.31],[49.65,-39.29],[49.65,-39.24],[49.73,-39.16],[49.8,-39.11],[49.83,-39.12],[49.83,-39.26],[49.87,-39.31],[49.87,-39.37],[50.01,-39.41],[50.05,-39.44],[50.05,-39.47],[50.16,-39.52],[50.27,-39.52],[50.34,-39.47],[50.37,-39.44],[50.41,-39.41],[50.45,-39.44],[50.45,-39.47],[50.48,-39.49],[50.52,-39.54],[50.59,-39.59],[50.66,-39.54],[50.66,-39.44],[50.73,-39.39],[50.84,-39.44],[50.84,-39.54],[50.88,-39.55],[50.88,-39.59],[50.95,-39.6],[51.02,-39.59],[51.02,-39.55],[51.06,-39.54],[51.06,-39.44],[51.09,-39.41],[51.16,-39.39],[51.16,-39.41],[51.24,-39.41],[51.24,-39.52],[51.16,-39.52],[51.16,-39.59],[51.27,-39.6],[51.38,-39.6],[51.45,-39.64],[51.45,-39.69],[51.52,-39.7],[51.52,-39.67],[51.56,-39.64],[51.56,-39.55],[51.52,-39.54],[51.52,-39.52],[51.45,-39.47],[51.45,-39.44],[51.52,-39.44],[51.56,-39.47],[51.67,-39.55],[51.67,-39.59],[51.74,-39.59],[51.74,-39.54],[51.81,-39.52],[51.88,-39.39],[51.99,-39.32],[52.03,-39.31],[52.03,-39.34],[52.06,-39.37],[52.06,-39.52],[52.14,-39.49],[52.14,-39.45],[52.28,-39.34],[52.35,-39.31],[52.39,-39.31],[52.46,-39.34],[52.46,-39.39],[52.53,-39.37],[52.6,-39.31],[52.6,-39.29],[52.64,-39.22],[52.64,-39.11],[52.57,-39.11],[52.57,-39.16],[52.53,-39.16],[52.53,-39.21],[52.46,-39.17],[52.46,-39.08],[52.42,-39.03],[52.35,-38.99],[52.32,-38.99],[52.24,-39.03],[52.24,-39.08],[52.21,-39.08],[52.21,-39.11],[52.17,-39.09],[52.17,-39.04],[52.14,-39.04],[52.14,-39.01],[52.1,-38.99],[51.99,-38.99],[51.96,-38.99],[51.96,-38.94],[51.92,-38.93],[51.78,-38.93],[51.78,-38.94],[51.74,-38.96],[51.74,-39.08],[51.67,-39.11],[51.63,-39.11],[51.56,-39.08],[51.56,-38.84],[51.6,-38.79],[51.67,-38.79],[51.78,-38.76],[51.78,-38.71],[51.81,-38.7],[51.81,-38.75],[51.85,-38.76],[51.92,-38.79],[51.99,-38.79],[52.06,-38.76],[52.06,-38.73],[52.1,-38.71],[52.14,-38.73],[52.14,-38.76],[52.24,-38.79],[52.35,-38.79],[52.46,-38.76],[52.46,-38.73],[52.53,-38.71],[52.68,-38.71],[52.71,-38.7],[53.04,-38.7],[53.11,-38.7],[53.14,-38.65],[53.14,-38.55],[53.04,-38.5],[52.93,-38.5],[52.86,-38.47],[52.86,-38.43],[52.75,-38.4],[52.6,-38.4],[52.53,-38.38],[52.46,-38.37],[52.46,-38.35],[52.39,-38.32],[52.35,-38.25],[52.35,-38.22],[52.28,-38.2],[52.24,-38.22],[52.24,-38.38],[52.17,-38.4],[52.17,-38.37],[52.14,-38.35],[52.14,-38.22],[52.1,-38.2],[52.03,-38.2],[51.99,-38.18],[51.92,-38.18],[51.85,-38.17],[51.81,-38.14],[51.81,-38.1],[51.78,-38.1],[51.78,-38.14],[51.7,-38.18],[51.52,-38.18],[51.42,-38.1],[51.38,-38.09],[51.38,-38.05],[51.31,-38.0],[51.27,-38.0],[51.27,-38.04],[51.24,-38.05],[51.24,-38.18],[51.2,-38.18],[51.09,-38.18],[51.06,-38.17],[51.06,-38.04],[51.13,-38.0],[51.2,-38.0],[51.24,-37.99],[51.24,-37.95],[51.31,-37.9],[51.38,-37.9],[51.45,-37.87],[51.45,-37.74],[51.49,-37.72],[51.7,-37.72],[51.74,-37.74],[51.74,-37.84],[51.78,-37.87],[51.78,-37.89],[51.81,-37.9],[51.92,-37.9],[51.96,-37.95],[51.96,-37.99],[51.92,-37.99],[51.85,-38.0],[51.85,-38.07],[51.88,-38.07],[51.96,-38.1],[52.06,-38.1],[52.14,-38.07],[52.14,-38.0],[52.06,-38.0],[52.06,-37.92],[52.14,-37.9],[52.24,-37.87],[52.28,-37.81],[52.35,-37.76]],[[51.67,-37.97],[51.63,-37.95],[51.63,-37.92],[51.6,-37.9],[51.52,-37.95],[51.52,-37.99],[51.45,-38.04],[51.45,-38.07],[51.49,-38.1],[51.7,-38.1],[51.74,-38.09],[51.74,-38.04],[51.67,-37.97]],[[52.46,-37.95],[52.42,-37.9],[52.35,-37.92],[52.35,-37.99],[52.42,-38.0],[52.46,-37.95]],[[53.36,-37.95],[53.32,-37.9],[53.25,-37.92],[53.25,-37.99],[53.32,-38.0],[53.36,-37.95]],[[52.35,-38.05],[52.35,-38.0],[52.28,-38.0],[52.24,-38.02],[52.24,-38.07],[52.28,-38.09],[52.35,-38.09],[52.35,-38.05]],[[55.66,-38.35],[55.63,-38.33],[55.63,-38.32],[55.56,-38.32],[55.56,-38.38],[55.63,-38.4],[55.63,-38.38],[55.66,-38.38],[55.66,-38.35]],[[55.84,-38.47],[55.84,-38.42],[55.81,-38.4],[55.7,-38.4],[55.66,-38.42],[55.66,-38.48],[55.7,-38.5],[55.81,-38.5],[55.84,-38.48],[55.84,-38.47]],[[56.17,-38.47],[56.13,-38.43],[56.13,-38.4],[56.06,-38.4],[56.06,-38.5],[56.13,-38.5],[56.13,-38.47],[56.17,-38.47]],[[47.35,-38.61],[47.35,-38.55],[47.31,-38.5],[47.28,-38.5],[47.28,-38.55],[47.24,-38.55],[47.24,-38.65],[47.28,-38.66],[47.28,-38.7],[47.35,-38.66],[47.35,-38.61]],[[48.18,-38.58],[48.14,-38.55],[48.07,-38.51],[48.0,-38.58],[48.0,-38.61],[47.96,-38.63],[47.96,-38.66],[48.03,-38.73],[48.03,-38.76],[48.07,-38.78],[48.14,-38.76],[48.18,-38.73],[48.21,-38.71],[48.21,-38.66],[48.25,-38.65],[48.21,-38.63],[48.21,-38.61],[48.18,-38.58]],[[53.54,-38.65],[53.54,-38.55],[53.47,-38.51],[53.4,-38.58],[53.4,-38.61],[53.36,-38.65],[53.36,-38.76],[53.4,-38.79],[53.5,-38.79],[53.54,-38.76],[53.54,-38.65]],[[53.94,-38.65],[53.94,-38.55],[53.86,-38.51],[53.79,-38.58],[53.79,-38.61],[53.76,-38.63],[53.79,-38.66],[53.79,-38.71],[53.83,-38.73],[53.9,-38.78],[53.94,-38.78],[53.94,-38.65]],[[57.54,-38.56],[57.54,-38.5],[57.46,-38.5],[57.46,-38.61],[57.54,-38.61],[57.54,-38.56]],[[46.05,-38.65],[46.02,-38.61],[45.91,-38.61],[45.84,-38.63],[45.84,-38.66],[45.87,-38.66],[45.91,-38.7],[46.02,-38.7],[46.05,-38.65]],[[47.85,-38.65],[47.82,-38.61],[47.71,-38.61],[47.64,-38.63],[47.64,-38.66],[47.67,-38.66],[47.71,-38.7],[47.82,-38.7],[47.85,-38.65]],[[54.33,-38.7],[54.33,-38.61],[54.26,-38.61],[54.26,-38.78],[54.3,-38.79],[54.33,-38.78],[54.33,-38.7]],[[54.76,-38.7],[54.73,-38.65],[54.73,-38.61],[54.69,-38.61],[54.58,-38.61],[54.55,-38.61],[54.55,-38.65],[54.58,-38.66],[54.58,-38.7],[54.69,-38.78],[54.73,-38.79],[54.73,-38.76],[54.76,-38.75],[54.76,-38.7]],[[47.64,-38.76],[47.64,-38.71],[47.53,-38.7],[47.46,-38.73],[47.46,-38.78],[47.49,-38.79],[47.6,-38.79],[47.64,-38.78],[47.64,-38.76]],[[48.93,-38.84],[48.93,-38.79],[48.86,-38.81],[48.86,-38.89],[48.93,-38.89],[48.93,-38.84]],[[54.04,-38.84],[54.04,-38.81],[53.97,-38.79],[53.94,-38.84],[53.94,-38.88],[53.97,-38.88],[54.01,-38.93],[54.04,-38.89],[54.04,-38.84]],[[54.66,-38.84],[54.58,-38.79],[54.51,-38.79],[54.44,-38.84],[54.44,-38.88],[54.48,-38.88],[54.55,-38.93],[54.62,-38.88],[54.66,-38.88],[54.66,-38.84]],[[55.27,-38.84],[55.23,-38.84],[55.23,-38.79],[55.16,-38.81],[55.16,-38.89],[55.23,-38.89],[55.23,-38.86],[55.27,-38.84]],[[58.26,-38.99],[58.26,-38.96],[58.18,-38.93],[58.11,-38.93],[58.0,-38.96],[58.0,-39.01],[57.97,-39.04],[57.97,-39.12],[57.93,-39.16],[57.93,-39.17],[57.9,-39.21],[57.82,-39.21],[57.75,-39.22],[57.75,-39.31],[57.82,-39.32],[57.86,-39.36],[57.82,-39.37],[57.75,-39.44],[57.75,-39.47],[57.82,-39.52],[57.9,-39.52],[57.93,-39.47],[57.93,-39.44],[57.97,-39.39],[57.97,-39.31],[58.04,-39.31],[58.04,-39.37],[58.08,-39.37],[58.22,-39.41],[58.22,-39.44],[58.26,-39.45],[58.26,-39.59],[58.33,-39.6],[58.33,-39.59],[58.36,-39.59],[58.36,-39.52],[58.4,-39.52],[58.51,-39.52],[58.54,-39.47],[58.54,-39.16],[58.47,-39.11],[58.36,-39.11],[58.26,-39.08],[58.26,-38.99]],[[59.16,-39.04],[59.12,-38.99],[59.05,-39.01],[59.05,-39.09],[59.12,-39.09],[59.16,-39.08],[59.16,-39.04]],[[59.44,-39.04],[59.44,-39.01],[59.37,-38.99],[59.37,-39.03],[59.34,-39.04],[59.41,-39.11],[59.44,-39.09],[59.44,-39.04]],[[48.86,-39.16],[48.83,-39.11],[48.75,-39.12],[48.75,-39.17],[48.83,-39.21],[48.86,-39.16]],[[52.86,-39.16],[52.86,-39.12],[52.82,-39.11],[52.75,-39.12],[52.75,-39.17],[52.82,-39.21],[52.86,-39.17],[52.86,-39.16]],[[53.36,-39.21],[53.36,-39.16],[53.32,-39.16],[53.32,-39.11],[53.25,-39.12],[53.25,-39.16],[53.22,-39.16],[53.14,-39.21],[53.0,-39.21],[52.86,-39.22],[52.86,-39.37],[52.93,-39.39],[52.93,-39.37],[52.96,-39.37],[52.96,-39.32],[53.0,-39.31],[53.11,-39.31],[53.11,-39.34],[53.14,-39.34],[53.14,-39.44],[53.18,-39.45],[53.18,-39.49],[53.22,-39.52],[53.29,-39.52],[53.36,-39.44],[53.32,-39.44],[53.32,-39.39],[53.25,-39.37],[53.25,-39.34],[53.32,-39.31],[53.32,-39.26],[53.36,-39.24],[53.36,-39.21]],[[53.76,-39.16],[53.76,-39.12],[53.72,-39.11],[53.65,-39.12],[53.65,-39.17],[53.72,-39.21],[53.76,-39.17],[53.76,-39.16]],[[54.94,-39.21],[54.94,-39.12],[54.87,-39.11],[54.87,-39.16],[54.84,-39.16],[54.84,-39.24],[54.87,-39.26],[54.87,-39.31],[54.94,-39.31],[54.94,-39.21]],[[55.34,-39.16],[55.34,-39.11],[55.27,-39.11],[55.27,-39.21],[55.34,-39.21],[55.34,-39.16]],[[53.65,-39.26],[53.65,-39.22],[53.58,-39.21],[53.58,-39.22],[53.54,-39.22],[53.54,-39.29],[53.58,-39.29],[53.58,-39.31],[53.65,-39.31],[53.65,-39.26]],[[59.26,-39.31],[59.26,-39.26],[59.23,-39.24],[59.23,-39.21],[59.16,-39.22],[59.16,-39.37],[59.23,-39.39],[59.23,-39.37],[59.26,-39.34],[59.26,-39.31]],[[47.13,-39.36],[47.13,-39.31],[47.06,-39.31],[47.06,-39.39],[47.13,-39.39],[47.13,-39.36]],[[54.04,-39.36],[54.04,-39.31],[53.97,-39.31],[53.94,-39.34],[53.94,-39.37],[53.97,-39.39],[54.04,-39.39],[54.04,-39.36]],[[54.84,-39.36],[54.84,-39.32],[54.8,-39.31],[54.69,-39.31],[54.66,-39.32],[54.66,-39.37],[54.69,-39.39],[54.8,-39.39],[54.84,-39.37],[54.84,-39.36]],[[58.94,-39.36],[58.94,-39.32],[58.9,-39.31],[58.8,-39.31],[58.76,-39.32],[58.76,-39.37],[58.8,-39.39],[58.9,-39.39],[58.94,-39.37],[58.94,-39.36]],[[59.66,-39.36],[59.62,-39.31],[59.55,-39.32],[59.55,-39.37],[59.62,-39.39],[59.66,-39.36]],[[59.95,-39.36],[59.95,-39.32],[59.88,-39.31],[59.84,-39.34],[59.84,-39.37],[59.88,-39.39],[59.95,-39.37],[59.95,-39.36]],[[49.83,-39.45],[49.83,-39.41],[49.76,-39.41],[49.76,-39.49],[49.83,-39.52],[49.83,-39.45]],[[53.76,-39.45],[53.72,-39.44],[53.72,-39.41],[53.5,-39.41],[53.47,-39.44],[53.47,-39.49],[53.54,-39.52],[53.65,-39.52],[53.76,-39.45]],[[59.84,-39.45],[59.84,-39.44],[59.77,-39.39],[59.66,-39.44],[59.66,-39.49],[59.7,-39.52],[59.8,-39.52],[59.84,-39.49],[59.84,-39.45]],[[53.22,-39.6],[53.18,-39.55],[53.11,-39.52],[53.07,-39.52],[53.07,-39.54],[53.04,-39.55],[53.04,-39.69],[52.96,-39.7],[52.86,-39.7],[52.75,-39.73],[52.75,-39.77],[52.78,-39.77],[52.82,-39.82],[52.89,-39.82],[52.96,-39.83],[52.96,-39.9],[53.0,-39.9],[53.11,-39.9],[53.14,-39.9],[53.14,-39.83],[53.22,-39.82],[53.36,-39.82],[53.43,-39.77],[53.43,-39.72],[53.4,-39.7],[53.32,-39.7],[53.22,-39.6]],[[51.96,-39.67],[51.96,-39.62],[51.92,-39.6],[51.85,-39.62],[51.85,-39.69],[51.92,-39.7],[51.96,-39.69],[51.96,-39.67]],[[52.21,-39.72],[52.17,-39.67],[52.1,-39.6],[52.06,-39.6],[52.06,-39.73],[51.99,-39.78],[51.92,-39.78],[51.85,-39.82],[51.27,-39.82],[51.24,-39.82],[51.16,-39.82],[51.16,-39.87],[51.2,-39.9],[51.2,-39.92],[51.24,-39.92],[51.24,-39.97],[51.27,-39.97],[51.31,-40.02],[51.38,-40.06],[51.49,-40.11],[51.56,-40.08],[51.56,-40.02],[51.6,-40.0],[51.7,-40.0],[51.74,-40.02],[51.74,-40.08],[51.78,-40.11],[51.88,-40.11],[51.96,-40.06],[51.96,-40.05],[51.99,-40.0],[52.03,-40.02],[52.03,-40.05],[52.06,-40.08],[52.14,-40.11],[52.21,-40.11],[52.24,-40.11],[52.24,-40.15],[52.28,-40.18],[52.28,-40.2],[52.32,-40.2],[52.32,-40.18],[52.39,-40.11],[52.46,-40.13],[52.46,-40.18],[52.57,-40.28],[52.64,-40.28],[52.64,-40.26],[52.68,-40.21],[52.78,-40.2],[52.86,-40.23],[52.86,-40.28],[52.68,-40.35],[52.6,-40.41],[52.53,-40.46],[52.46,-40.53],[52.39,-40.59],[52.35,-40.64],[52.35,-40.69],[52.42,-40.71],[52.68,-40.71],[52.75,-40.71],[52.86,-40.76],[52.93,-40.82],[52.93,-40.87],[52.96,-40.94],[52.96,-40.97],[53.07,-41.02],[53.14,-41.02],[53.25,-41.04],[53.25,-41.09],[53.32,-41.09],[53.4,-41.02],[53.43,-41.02],[53.47,-41.09],[53.54,-41.09],[53.72,-41.09],[53.76,-41.04],[53.83,-41.02],[53.94,-41.02],[54.01,-41.02],[54.08,-41.09],[54.15,-41.09],[54.15,-41.04],[54.19,-41.02],[54.22,-41.02],[54.22,-41.04],[54.26,-41.09],[54.37,-41.09],[54.58,-41.09],[54.66,-41.05],[54.66,-41.02],[54.73,-41.02],[54.73,-41.09],[54.76,-41.09],[54.76,-41.19],[54.84,-41.2],[54.94,-41.2],[55.05,-41.24],[55.05,-41.27],[55.19,-41.3],[56.72,-41.3],[56.64,-41.24],[56.56,-41.24],[56.53,-41.27],[56.53,-41.3],[56.52,-41.3],[56.46,-41.27],[56.46,-41.24],[56.38,-41.2],[56.31,-41.2],[56.24,-41.17],[56.24,-41.12],[56.13,-41.09],[56.02,-41.09],[55.95,-41.09],[55.92,-41.04],[55.92,-41.02],[55.88,-41.02],[55.88,-41.04],[55.84,-41.09],[55.77,-41.09],[55.59,-41.09],[55.56,-41.09],[55.56,-41.04],[55.52,-41.02],[55.45,-41.02],[55.34,-40.96],[55.3,-40.91],[55.27,-40.94],[55.2,-41.0],[55.12,-41.0],[55.05,-41.02],[54.98,-41.02],[54.87,-40.97],[54.84,-40.94],[54.84,-40.91],[54.8,-40.89],[54.73,-40.89],[54.69,-40.87],[54.62,-40.84],[54.58,-40.81],[54.58,-40.79],[54.55,-40.76],[54.44,-40.71],[54.33,-40.71],[54.26,-40.69],[54.26,-40.64],[54.22,-40.61],[54.15,-40.61],[54.15,-40.59],[54.08,-40.58],[54.04,-40.56],[54.04,-40.33],[54.01,-40.31],[53.9,-40.31],[53.86,-40.33],[53.86,-40.44],[53.83,-40.46],[53.83,-40.51],[53.76,-40.49],[53.72,-40.41],[53.68,-40.38],[53.68,-40.35],[53.65,-40.31],[53.65,-40.23],[53.58,-40.2],[53.5,-40.2],[53.47,-40.21],[53.47,-40.26],[53.43,-40.26],[53.43,-40.3],[53.36,-40.31],[53.29,-40.31],[53.25,-40.33],[53.25,-40.36],[53.22,-40.38],[53.14,-40.35],[53.14,-40.33],[53.07,-40.28],[53.07,-40.2],[53.11,-40.2],[53.14,-40.23],[53.14,-40.28],[53.18,-40.31],[53.25,-40.28],[53.25,-40.13],[53.29,-40.11],[53.32,-40.11],[53.32,-40.0],[53.29,-39.98],[53.22,-39.92],[53.18,-39.92],[53.14,-39.92],[53.14,-40.06],[53.07,-40.11],[52.93,-40.05],[52.93,-40.02],[52.86,-39.97],[52.82,-39.92],[52.75,-39.92],[52.75,-40.08],[52.71,-40.08],[52.71,-40.11],[52.64,-40.06],[52.64,-40.02],[52.6,-40.0],[52.5,-40.0],[52.46,-39.98],[52.46,-39.92],[52.53,-39.9],[52.53,-39.73],[52.46,-39.7],[52.42,-39.7],[52.35,-39.73],[52.35,-39.75],[52.32,-39.78],[52.24,-39.75],[52.21,-39.72]],[[52.35,-39.67],[52.35,-39.62],[52.32,-39.6],[52.24,-39.62],[52.24,-39.69],[52.28,-39.7],[52.35,-39.69],[52.35,-39.67]],[[53.65,-39.67],[53.65,-39.62],[53.58,-39.6],[53.54,-39.64],[53.54,-39.67],[53.58,-39.7],[53.65,-39.69],[53.65,-39.67]],[[52.75,-39.85],[52.75,-39.82],[52.68,-39.82],[52.64,-39.83],[52.64,-39.87],[52.68,-39.9],[52.75,-39.9],[52.75,-39.85]],[[53.65,-39.85],[53.65,-39.82],[53.61,-39.82],[53.5,-39.82],[53.47,-39.82],[53.47,-39.92],[53.43,-39.97],[53.47,-39.98],[53.47,-40.11],[53.54,-40.08],[53.54,-39.97],[53.58,-39.93],[53.58,-39.92],[53.65,-39.9],[53.65,-39.85]],[[60.06,-39.85],[60.02,-39.82],[59.91,-39.82],[59.84,-39.83],[59.84,-39.87],[59.88,-39.87],[59.91,-39.9],[60.02,-39.9],[60.06,-39.85]],[[53.86,-39.97],[53.83,-39.92],[53.76,-39.92],[53.76,-39.98],[53.83,-40.0],[53.83,-39.97],[53.86,-39.97]],[[51.85,-40.38],[51.85,-40.33],[51.78,-40.31],[51.7,-40.31],[51.67,-40.33],[51.67,-40.41],[51.7,-40.43],[51.74,-40.43],[51.74,-40.49],[51.7,-40.49],[51.67,-40.51],[51.67,-40.59],[51.74,-40.59],[51.85,-40.64],[51.85,-40.67],[51.96,-40.71],[52.03,-40.71],[52.1,-40.69],[52.17,-40.69],[52.24,-40.66],[52.32,-40.59],[52.32,-40.56],[52.35,-40.51],[52.35,-40.44],[52.32,-40.41],[52.24,-40.41],[52.17,-40.43],[52.17,-40.44],[52.1,-40.49],[52.1,-40.51],[52.03,-40.56],[52.03,-40.58],[51.96,-40.58],[51.92,-40.51],[51.88,-40.51],[51.88,-40.46],[51.85,-40.44],[51.85,-40.38]],[[48.86,-40.76],[48.83,-40.71],[48.75,-40.71],[48.75,-40.79],[48.83,-40.81],[48.83,-40.79],[48.86,-40.79],[48.86,-40.76]]]}},{"type":"Feature","properties":{"precip":10},"geometry":{"type":"Polygon","coordinates":[[[52.75,-40.46],[52.75,-40.41],[52.82,-40.41],[52.86,-40.43],[52.86,-40.49],[52.82,-40.49],[52.75,-40.49],[52.75,-40.46]]]}},{"type":"Feature","properties":{"precip":10},"geometry":{"type":"Polygon","coordinates":[[[52.86,-37.64],[52.86,-37.61],[52.93,-37.61],[52.93,-37.62],[52.96,-37.64],[52.93,-37.69],[52.86,-37.69],[52.86,-37.64]]]}},{"type":"Feature","properties":{"precip":10},"geometry":{"type":"Polygon","coordinates":[[[83.16,-37.67],[83.16,-37.61],[83.2,-37.61],[83.2,-37.81],[83.27,-37.81],[83.27,-37.89],[83.34,-37.87],[83.34,-37.64],[83.38,-37.62],[83.38,-37.61],[83.38,-37.62],[83.49,-37.67],[83.52,-37.72],[83.52,-37.76],[83.56,-37.81],[83.56,-37.87],[83.6,-37.89],[83.63,-37.9],[83.74,-37.87],[83.78,-37.84],[83.78,-37.81],[83.81,-37.81],[83.81,-37.87],[83.92,-37.92],[83.99,-37.95],[83.99,-37.99],[84.06,-38.0],[84.21,-38.0],[84.24,-38.0],[84.35,-38.05],[84.35,-38.17],[84.39,-38.18],[84.46,-38.18],[84.46,-38.2],[84.5,-38.2],[84.5,-38.23],[84.57,-38.25],[84.5,-38.27],[84.5,-38.32],[84.46,-38.32],[84.46,-38.55],[84.5,-38.63],[84.64,-38.7],[84.68,-38.7],[84.71,-38.7],[84.71,-38.63],[84.78,-38.61],[84.89,-38.61],[84.93,-38.63],[84.93,-38.7],[85.0,-38.7],[85.11,-38.7],[85.11,-38.61],[85.22,-38.61],[85.25,-38.63],[85.25,-38.76],[85.11,-38.79],[84.46,-38.79],[84.35,-38.76],[84.35,-38.63],[84.24,-38.61],[84.21,-38.61],[84.17,-38.61],[84.17,-38.65],[84.14,-38.7],[84.14,-38.76],[84.06,-38.79],[84.03,-38.79],[83.96,-38.78],[83.96,-38.73],[83.92,-38.71],[83.81,-38.71],[83.81,-38.7],[83.7,-38.7],[83.63,-38.7],[83.63,-38.58],[83.6,-38.56],[83.6,-38.51],[83.6,-38.5],[83.56,-38.51],[83.56,-38.58],[83.49,-38.61],[83.38,-38.58],[83.34,-38.55],[83.31,-38.55],[83.31,-38.5],[83.27,-38.51],[83.27,-38.55],[83.2,-38.56],[83.2,-38.58],[83.13,-38.61],[83.06,-38.58],[83.06,-38.55],[82.95,-38.51],[82.91,-38.5],[82.66,-38.5],[82.52,-38.47],[82.52,-38.43],[82.52,-38.4],[82.48,-38.4],[82.48,-38.43],[82.44,-38.47],[82.34,-38.5],[82.26,-38.5],[82.19,-38.48],[82.08,-38.43],[82.08,-38.4],[82.08,-38.38],[82.08,-38.35],[82.05,-38.32],[82.05,-38.14],[82.01,-38.1],[81.98,-38.1],[81.98,-38.07],[81.9,-38.07],[81.9,-38.04],[82.01,-38.0],[82.08,-38.0],[82.26,-38.0],[82.3,-37.97],[82.3,-37.95],[82.41,-37.9],[82.48,-37.9],[82.48,-37.89],[82.52,-37.87],[82.52,-37.84],[82.55,-37.82],[82.55,-37.81],[82.66,-37.84],[82.66,-37.89],[82.7,-37.9],[82.73,-37.84],[82.73,-37.81],[82.77,-37.81],[82.91,-37.89],[82.98,-37.87],[83.09,-37.81],[83.16,-37.67]]]}},{"type":"Feature","properties":{"precip":10},"geometry":{"type":"Polygon","coordinates":[[[1.64,-37.76],[1.71,-37.72],[1.82,-37.72],[1.85,-37.74],[1.85,-37.77],[1.82,-37.81],[1.71,-37.81],[1.64,-37.76]]]}},{"type":"Feature","properties":{"precip":10},"geometry":{"type":"Polygon","coordinates":[[[2.03,-37.81],[2.07,-37.81],[2.07,-37.72],[2.1,-37.72],[2.21,-37.72],[2.25,-37.74],[2.25,-37.87],[2.14,-37.9],[2.07,-37.87],[2.07,-37.82],[2.03,-37.81]]]}},{"type":"Feature","properties":{"precip":10},"geometry":{"type":"Polygon","coordinates":[[[10.63,-37.72],[10.67,-37.72],[10.96,-37.72],[11.03,-37.72],[11.07,-37.76],[11.07,-37.81],[11.1,-37.81],[11.17,-37.81],[11.25,-37.82],[11.28,-37.87],[11.28,-37.9],[11.35,-37.87],[11.35,-37.82],[11.43,-37.82],[11.5,-37.87],[11.53,-37.92],[11.53,-37.95],[11.61,-38.0],[11.61,-38.02],[11.64,-38.05],[11.64,-38.15],[11.61,-38.18],[11.5,-38.18],[11.43,-38.14],[11.43,-38.1],[11.39,-38.1],[11.35,-38.14],[11.35,-38.17],[11.28,-38.18],[11.17,-38.09],[11.17,-38.07],[11.07,-38.0],[10.99,-38.0],[10.96,-37.99],[10.96,-37.95],[10.92,-37.9],[10.89,-37.9],[10.74,-37.84],[10.67,-37.81],[10.67,-37.76],[10.63,-37.72]]]}},{"type":"Feature","properties":{"precip":10},"geometry":{"type":"Polygon","coordinates":[[[51.24,-37.76],[51.27,-37.72],[51.34,-37.72],[51.34,-37.81],[51.27,-37.81],[51.24,-37.76]]]}},{"type":"Feature","properties":{"precip":10},"geometry":{"type":"Polygon","coordinates":[[[45.41,-37.99],[45.48,-37.9],[45.51,-37.9],[45.55,-37.95],[45.55,-38.05],[45.48,-38.1],[45.41,-38.1],[45.37,-38.09],[45.37,-38.0],[45.41,-37.99]]]}},{"type":"Feature","properties":{"precip":10},"geometry":{"type":"Polygon","coordinates":[[[45.8,-37.99],[45.84,-37.95],[45.91,-37.9],[45.95,-37.95],[45.95,-38.27],[45.91,-38.32],[45.84,-38.32],[45.77,-38.27],[45.77,-38.02],[45.8,-37.99]]]}},{"type":"Feature","properties":{"precip":10},"geometry":{"type":"Polygon","coordinates":[[[-13.36,-38.02],[-13.34,-38.04],[-13.36,-38.06],[-13.36,-38.02]]]}},{"type":"Feature","properties":{"precip":10},"geometry":{"type":"Polygon","coordinates":[[[2.86,-38.05],[2.86,-38.0],[2.93,-38.0],[2.93,-38.1],[2.86,-38.09],[2.86,-38.05]]]}},{"type":"Feature","properties":{"precip":10},"geometry":{"type":"Polygon","coordinates":[[[50.73,-38.05],[50.77,-38.04],[50.77,-38.0],[50.81,-38.0],[50.84,-38.0],[50.84,-38.09],[50.77,-38.1],[50.77,-38.05],[50.73,-38.05]]]}},{"type":"Feature","properties":{"precip":10},"geometry":{"type":"Polygon","coordinates":[[[54.84,-38.05],[54.84,-38.02],[54.87,-38.02],[54.87,-38.0],[54.94,-38.0],[54.94,-38.09],[54.87,-38.1],[54.87,-38.07],[54.84,-38.05]]]}},{"type":"Feature","properties":{"precip":10},"geometry":{"type":"Polygon","coordinates":[[[-1.96,-38.15],[-1.93,-38.1],[-1.86,-38.12],[-1.86,-38.18],[-1.93,-38.18],[-1.96,-38.15]]]}},{"type":"Feature","properties":{"precip":10},"geometry":{"type":"Polygon","coordinates":[[[61.24,-38.25],[61.24,-38.22],[61.32,-38.18],[61.35,-38.2],[61.35,-38.28],[61.32,-38.32],[61.24,-38.28],[61.24,-38.25]]]}},{"type":"Feature","properties":{"precip":10},"geometry":{"type":"Polygon","coordinates":[[[57.14,-38.35],[57.18,-38.33],[57.18,-38.32],[57.25,-38.32],[57.25,-38.38],[57.18,-38.4],[57.18,-38.38],[57.14,-38.38],[57.14,-38.35]]]}},{"type":"Feature","properties":{"precip":10},"geometry":{"type":"Polygon","coordinates":[[[61.53,-38.38],[61.57,-38.35],[61.71,-38.32],[61.82,-38.32],[61.89,-38.32],[62.04,-38.33],[62.11,-38.38],[62.18,-38.38],[62.22,-38.4],[62.36,-38.4],[62.43,-38.42],[62.47,-38.47],[62.47,-38.48],[62.5,-38.5],[62.58,-38.5],[62.65,-38.55],[62.65,-38.58],[62.68,-38.58],[62.72,-38.61],[62.79,-38.61],[62.83,-38.61],[62.83,-38.65],[62.86,-38.7],[62.86,-38.76],[63.01,-38.84],[63.08,-38.88],[63.12,-38.93],[63.19,-38.96],[63.22,-39.01],[63.22,-39.08],[63.26,-39.11],[63.26,-39.16],[63.37,-39.31],[63.44,-39.34],[63.51,-39.37],[63.55,-39.39],[63.66,-39.41],[63.69,-39.44],[63.76,-39.47],[63.84,-39.52],[63.94,-39.69],[63.94,-39.77],[63.98,-39.77],[63.98,-39.82],[64.02,-39.82],[64.02,-39.83],[64.05,-39.85],[64.05,-40.06],[64.02,-40.08],[64.02,-40.11],[63.98,-40.11],[63.98,-40.13],[63.94,-40.15],[63.94,-40.33],[63.91,-40.36],[63.91,-40.41],[63.8,-40.49],[63.69,-40.41],[63.69,-40.38],[63.51,-40.31],[63.4,-40.31],[63.4,-40.3],[63.3,-40.28],[63.22,-40.26],[63.22,-40.23],[63.15,-40.18],[63.15,-40.11],[63.19,-40.11],[63.26,-40.11],[63.33,-40.08],[63.33,-40.02],[63.37,-39.98],[63.33,-39.97],[63.33,-39.92],[63.26,-39.92],[63.26,-39.97],[63.19,-40.0],[63.12,-39.98],[62.97,-39.87],[62.97,-39.83],[62.94,-39.82],[62.94,-39.73],[62.83,-39.64],[62.65,-39.55],[62.65,-39.44],[62.61,-39.41],[62.54,-39.41],[62.5,-39.39],[62.47,-39.41],[62.4,-39.41],[62.36,-39.44],[62.36,-39.55],[62.29,-39.59],[62.25,-39.54],[62.25,-39.34],[62.29,-39.26],[62.29,-39.22],[62.32,-39.17],[62.32,-39.12],[62.29,-39.11],[62.29,-39.08],[62.14,-38.93],[62.07,-38.88],[62.07,-38.81],[62.14,-38.78],[62.14,-38.73],[62.04,-38.7],[61.96,-38.71],[61.96,-38.76],[61.89,-38.79],[61.82,-38.79],[61.75,-38.76],[61.75,-38.63],[61.68,-38.61],[61.53,-38.61],[61.46,-38.56],[61.46,-38.47],[61.53,-38.38]],[[62.54,-38.84],[62.54,-38.81],[62.5,-38.79],[62.4,-38.79],[62.36,-38.81],[62.36,-38.88],[62.43,-38.89],[62.54,-38.89],[62.54,-38.84]],[[62.36,-38.96],[62.36,-38.93],[62.32,-38.93],[62.25,-38.93],[62.25,-38.99],[62.32,-38.99],[62.36,-38.99],[62.36,-38.96]]]}},{"type":"Feature","properties":{"precip":10},"geometry":{"type":"Polygon","coordinates":[[[-12.87,-38.47],[-12.83,-38.43],[-12.83,-38.4],[-12.76,-38.4],[-12.76,-38.5],[-12.83,-38.5],[-12.83,-38.47],[-12.87,-38.47]]]}},{"type":"Feature","properties":{"precip":10},"geometry":{"type":"Polygon","coordinates":[[[84.64,-38.47],[84.68,-38.4],[84.82,-38.4],[84.86,-38.43],[84.86,-38.47],[84.82,-38.5],[84.68,-38.5],[84.64,-38.47]]]}},{"type":"Feature","properties":{"precip":10},"geometry":{"type":"Polygon","coordinates":[[[84.93,-38.47],[84.93,-38.42],[85.0,-38.4],[85.11,-38.4],[85.11,-38.42],[85.11,-38.48],[85.11,-38.5],[85.0,-38.5],[84.93,-38.48],[84.93,-38.47]]]}},{"type":"Feature","properties":{"precip":10},"geometry":{"type":"Polygon","coordinates":[[[2.46,-38.61],[2.46,-38.51],[2.54,-38.51],[2.54,-38.7],[2.46,-38.7],[2.46,-38.61]]]}},{"type":"Feature","properties":{"precip":10},"geometry":{"type":"Polygon","coordinates":[[[3.8,-38.58],[3.9,-38.5],[3.94,-38.5],[3.94,-38.58],[3.9,-38.58],[3.9,-38.61],[3.8,-38.7],[3.76,-38.7],[3.76,-38.65],[3.8,-38.61],[3.8,-38.58]]]}},{"type":"Feature","properties":{"precip":10},"geometry":{"type":"Polygon","coordinates":[[[11.46,-38.55],[11.46,-38.5],[11.53,-38.5],[11.53,-38.56],[11.68,-38.61],[11.82,-38.61],[11.89,-38.61],[11.97,-38.65],[11.97,-38.7],[12.0,-38.7],[12.0,-38.73],[12.07,-38.76],[12.15,-38.78],[12.29,-38.84],[12.43,-38.93],[12.54,-39.08],[12.54,-39.16],[12.61,-39.21],[12.65,-39.22],[12.65,-39.37],[12.58,-39.39],[12.54,-39.37],[12.54,-39.32],[12.51,-39.31],[12.4,-39.31],[12.36,-39.31],[12.36,-39.24],[12.29,-39.21],[12.22,-39.21],[12.07,-39.08],[12.04,-39.03],[11.97,-38.99],[11.89,-38.99],[11.86,-38.99],[11.86,-38.93],[11.93,-38.89],[11.93,-38.81],[11.71,-38.76],[11.64,-38.75],[11.61,-38.7],[11.53,-38.65],[11.46,-38.56],[11.46,-38.55]]]}},{"type":"Feature","properties":{"precip":10},"geometry":{"type":"Polygon","coordinates":[[[48.54,-38.56],[48.57,-38.51],[48.61,-38.5],[48.68,-38.5],[48.75,-38.55],[48.75,-38.58],[48.72,-38.58],[48.68,-38.61],[48.61,-38.61],[48.54,-38.56]]]}},{"type":"Feature","properties":{"precip":10},"geometry":{"type":"Polygon","coordinates":[[[59.55,-38.65],[59.55,-38.61],[59.62,-38.61],[59.66,-38.63],[59.66,-38.66],[59.62,-38.7],[59.55,-38.7],[59.55,-38.65]]]}},{"type":"Feature","properties":{"precip":10},"geometry":{"type":"Polygon","coordinates":[[[51.2,-38.76],[51.24,-38.75],[51.31,-38.71],[51.34,-38.71],[51.34,-38.86],[51.24,-38.93],[51.16,-38.89],[51.16,-38.84],[51.2,-38.79],[51.2,-38.76]]]}},{"type":"Feature","properties":{"precip":10},"geometry":{"type":"Polygon","coordinates":[[[59.77,-38.76],[59.77,-38.71],[59.8,-38.7],[59.84,-38.71],[59.84,-38.78],[59.77,-38.79],[59.77,-38.76]]]}},{"type":"Feature","properties":{"precip":10},"geometry":{"type":"Polygon","coordinates":[[[85.76,-38.96],[85.76,-38.93],[85.79,-38.93],[85.86,-38.94],[85.86,-38.96],[85.79,-38.99],[85.76,-38.99],[85.76,-38.96]]]}},{"type":"Feature","properties":{"precip":10},"geometry":{"type":"Polygon","coordinates":[[[84.14,-39.26],[84.17,-39.21],[84.17,-39.12],[84.24,-39.11],[84.24,-39.16],[84.24,-39.21],[84.28,-39.21],[84.28,-39.16],[84.39,-39.11],[84.42,-39.11],[84.42,-39.16],[84.46,-39.16],[84.5,-39.21],[84.5,-39.16],[84.6,-39.12],[84.6,-39.11],[84.78,-39.11],[84.86,-39.16],[84.89,-39.21],[84.89,-39.16],[84.93,-39.16],[84.93,-39.12],[85.0,-39.11],[85.04,-39.12],[85.04,-39.16],[85.11,-39.21],[85.32,-39.21],[85.36,-39.22],[85.47,-39.22],[85.54,-39.26],[85.54,-39.31],[85.58,-39.31],[85.58,-39.29],[85.65,-39.26],[85.65,-39.22],[85.68,-39.21],[85.76,-39.24],[85.76,-39.39],[85.72,-39.44],[85.72,-39.49],[85.68,-39.54],[85.58,-39.59],[85.54,-39.6],[85.54,-39.69],[85.58,-39.7],[85.58,-39.73],[85.65,-39.75],[85.76,-39.82],[85.79,-39.78],[85.86,-39.75],[85.86,-39.72],[85.9,-39.7],[85.94,-39.72],[85.94,-39.77],[85.97,-39.82],[85.97,-39.85],[85.97,-39.9],[85.97,-39.92],[86.08,-39.98],[86.19,-40.0],[86.22,-40.05],[86.22,-40.11],[86.33,-40.11],[86.4,-40.11],[86.4,-40.13],[86.51,-40.2],[86.58,-40.28],[86.62,-40.31],[86.66,-40.31],[86.76,-40.28],[86.76,-40.21],[86.84,-40.21],[86.84,-40.28],[86.76,-40.33],[86.76,-40.38],[86.84,-40.43],[86.84,-40.49],[86.76,-40.56],[86.62,-40.59],[86.44,-40.59],[86.4,-40.53],[86.37,-40.51],[86.15,-40.51],[86.01,-40.46],[86.01,-40.36],[85.97,-40.33],[85.97,-40.31],[85.9,-40.31],[85.79,-40.36],[85.79,-40.41],[85.76,-40.36],[85.76,-40.33],[85.65,-40.31],[85.43,-40.31],[85.36,-40.3],[85.32,-40.3],[85.25,-40.28],[85.25,-40.23],[85.14,-40.2],[85.11,-40.2],[85.04,-40.26],[85.04,-40.3],[84.89,-40.31],[84.89,-40.3],[84.86,-40.28],[84.86,-40.23],[84.78,-40.2],[84.68,-40.2],[84.64,-40.26],[84.64,-40.3],[84.5,-40.31],[84.46,-40.28],[84.46,-40.23],[84.39,-40.2],[84.28,-40.2],[84.24,-40.18],[84.24,-40.11],[84.21,-40.11],[84.14,-40.15],[84.14,-40.2],[84.06,-40.2],[84.03,-40.2],[84.03,-40.13],[83.99,-40.11],[83.85,-40.11],[83.81,-40.11],[83.74,-40.05],[83.78,-40.02],[83.81,-40.02],[83.85,-40.0],[84.06,-40.0],[84.24,-39.92],[84.35,-39.87],[84.35,-39.83],[84.39,-39.82],[84.46,-39.83],[84.46,-39.87],[84.46,-39.92],[84.5,-39.92],[84.6,-39.98],[84.64,-39.97],[84.64,-39.93],[84.68,-39.9],[84.78,-39.9],[84.89,-39.83],[84.89,-39.78],[84.93,-39.72],[84.93,-39.6],[85.04,-39.59],[85.04,-39.52],[84.93,-39.52],[84.86,-39.52],[84.71,-39.47],[84.71,-39.44],[84.68,-39.41],[84.6,-39.39],[84.5,-39.37],[84.5,-39.31],[84.46,-39.31],[84.46,-39.34],[84.46,-39.37],[84.39,-39.39],[84.21,-39.39],[84.17,-39.37],[84.17,-39.34],[84.14,-39.31],[84.14,-39.26]],[[85.32,-39.7],[85.36,-39.7],[85.47,-39.67],[85.47,-39.62],[85.54,-39.59],[85.54,-39.54],[85.5,-39.52],[85.36,-39.52],[85.32,-39.54],[85.32,-39.7]],[[85.32,-39.7],[85.25,-39.72],[85.25,-39.78],[85.29,-39.82],[85.32,-39.77],[85.32,-39.75],[85.32,-39.73],[85.32,-39.7]],[[85.04,-39.97],[85.04,-39.92],[84.93,-39.92],[84.93,-39.98],[85.04,-40.0],[85.04,-39.97]]]}},{"type":"Feature","properties":{"precip":10},"geometry":{"type":"Polygon","coordinates":[[[45.55,-39.26],[45.55,-39.22],[45.59,-39.22],[45.66,-39.24],[45.69,-39.29],[45.77,-39.37],[45.8,-39.39],[45.8,-39.44],[45.84,-39.47],[45.84,-39.87],[45.77,-39.9],[45.77,-39.73],[45.73,-39.7],[45.73,-39.6],[45.66,-39.59],[45.66,-39.37],[45.62,-39.36],[45.62,-39.31],[45.55,-39.31],[45.55,-39.26]]]}},{"type":"Feature","properties":{"precip":10},"geometry":{"type":"Polygon","coordinates":[[[83.16,-39.26],[83.16,-39.22],[83.16,-39.21],[83.2,-39.22],[83.2,-39.31],[83.16,-39.31],[83.16,-39.26]]]}},{"type":"Feature","properties":{"precip":10},"geometry":{"type":"Polygon","coordinates":[[[83.52,-39.29],[83.56,-39.22],[83.6,-39.22],[83.6,-39.26],[83.63,-39.31],[83.6,-39.32],[83.6,-39.37],[83.6,-39.39],[83.42,-39.39],[83.42,-39.34],[83.52,-39.29]]]}},{"type":"Feature","properties":{"precip":10},"geometry":{"type":"Polygon","coordinates":[[[83.74,-39.31],[83.74,-39.26],[83.78,-39.24],[83.78,-39.22],[83.81,-39.21],[83.81,-39.22],[83.85,-39.26],[83.85,-39.31],[83.96,-39.26],[83.96,-39.22],[84.03,-39.22],[84.03,-39.31],[83.92,-39.37],[83.85,-39.39],[83.81,-39.39],[83.74,-39.36],[83.74,-39.31]]]}},{"type":"Feature","properties":{"precip":10},"geometry":{"type":"Polygon","coordinates":[[[86.01,-39.36],[86.01,-39.32],[86.08,-39.31],[86.15,-39.32],[86.15,-39.37],[86.08,-39.39],[86.01,-39.37],[86.01,-39.36]]]}},{"type":"Feature","properties":{"precip":10},"geometry":{"type":"Polygon","coordinates":[[[-11.03,-39.45],[-11.03,-39.41],[-10.96,-39.41],[-10.96,-39.49],[-11.03,-39.52],[-11.03,-39.45]]]}},{"type":"Feature","properties":{"precip":10},"geometry":{"type":"Polygon","coordinates":[[[-11.75,-39.54],[-11.75,-39.52],[-11.72,-39.52],[-11.65,-39.52],[-11.65,-39.59],[-11.68,-39.59],[-11.75,-39.59],[-11.75,-39.54]]]}},{"type":"Feature","properties":{"precip":10},"geometry":{"type":"Polygon","coordinates":[[[-11.54,-39.54],[-11.54,-39.52],[-11.47,-39.52],[-11.47,-39.59],[-11.5,-39.6],[-11.54,-39.59],[-11.54,-39.54]]]}},{"type":"Feature","properties":{"precip":10},"geometry":{"type":"Polygon","coordinates":[[[-10.75,-39.54],[-10.75,-39.52],[-10.67,-39.52],[-10.64,-39.54],[-10.64,-39.59],[-10.67,-39.59],[-10.67,-39.6],[-10.75,-39.59],[-10.75,-39.54]]]}},{"type":"Feature","properties":{"precip":10},"geometry":{"type":"Polygon","coordinates":[[[-9.23,-39.54],[-9.23,-39.52],[-9.16,-39.52],[-9.16,-39.59],[-9.2,-39.6],[-9.23,-39.59],[-9.23,-39.54]]]}},{"type":"Feature","properties":{"precip":10},"geometry":{"type":"Polygon","coordinates":[[[-5.24,-39.54],[-5.24,-39.52],[-5.17,-39.52],[-5.17,-39.59],[-5.24,-39.59],[-5.24,-39.54]]]}},{"type":"Feature","properties":{"precip":10},"geometry":{"type":"Polygon","coordinates":[[[7.86,-39.54],[7.86,-39.52],[7.94,-39.52],[7.94,-39.59],[7.9,-39.6],[7.86,-39.59],[7.86,-39.54]]]}},{"type":"Feature","properties":{"precip":10},"geometry":{"type":"Polygon","coordinates":[[[9.23,-39.54],[9.27,-39.54],[9.27,-39.52],[9.34,-39.52],[9.34,-39.59],[9.27,-39.59],[9.27,-39.55],[9.23,-39.54]]]}},{"type":"Feature","properties":{"precip":10},"geometry":{"type":"Polygon","coordinates":[[[84.24,-39.67],[84.24,-39.62],[84.24,-39.6],[84.35,-39.62],[84.35,-39.69],[84.24,-39.7],[84.24,-39.69],[84.24,-39.67]]]}},{"type":"Feature","properties":{"precip":10},"geometry":{"type":"Polygon","coordinates":[[[84.64,-39.67],[84.68,-39.6],[84.71,-39.62],[84.71,-39.69],[84.68,-39.7],[84.64,-39.67]]]}},{"type":"Feature","properties":{"precip":10},"geometry":{"type":"Polygon","coordinates":[[[16.47,-39.85],[16.47,-39.82],[16.5,-39.82],[16.61,-39.82],[16.65,-39.82],[16.65,-39.9],[16.61,-39.9],[16.5,-39.9],[16.47,-39.9],[16.47,-39.85]]]}},{"type":"Feature","properties":{"precip":10},"geometry":{"type":"Polygon","coordinates":[[[62.04,-39.85],[62.07,-39.83],[62.07,-39.82],[62.14,-39.82],[62.14,-39.9],[62.07,-39.9],[62.07,-39.87],[62.04,-39.85]]]}},{"type":"Feature","properties":{"precip":10},"geometry":{"type":"Polygon","coordinates":[[[62.54,-39.85],[62.61,-39.82],[62.72,-39.82],[62.76,-39.83],[62.76,-39.87],[62.72,-39.9],[62.61,-39.9],[62.54,-39.85]]]}},{"type":"Feature","properties":{"precip":10},"geometry":{"type":"Polygon","coordinates":[[[7.54,-40.05],[7.58,-40.0],[7.65,-40.02],[7.65,-40.11],[7.61,-40.11],[7.54,-40.05]]]}},{"type":"Feature","properties":{"precip":10},"geometry":{"type":"Polygon","coordinates":[[[-13.05,-40.11],[-12.98,-40.11],[-12.91,-40.2],[-12.91,-40.21],[-12.87,-40.23],[-12.87,-40.3],[-12.98,-40.26],[-13.01,-40.21],[-13.01,-40.2],[-13.05,-40.15],[-13.05,-40.11]]]}},{"type":"Feature","properties":{"precip":10},"geometry":{"type":"Polygon","coordinates":[[[-9.23,-40.15],[-9.23,-40.11],[-9.16,-40.11],[-9.16,-40.2],[-9.23,-40.2],[-9.23,-40.15]]]}},{"type":"Feature","properties":{"precip":10},"geometry":{"type":"Polygon","coordinates":[[[60.45,-40.15],[60.45,-40.11],[60.52,-40.11],[60.56,-40.13],[60.56,-40.18],[60.52,-40.2],[60.45,-40.2],[60.45,-40.15]]]}},{"type":"Feature","properties":{"precip":10},"geometry":{"type":"Polygon","coordinates":[[[-12.55,-40.26],[-12.55,-40.21],[-12.47,-40.2],[-12.47,-40.23],[-12.44,-40.26],[-12.51,-40.31],[-12.55,-40.3],[-12.55,-40.26]]]}},{"type":"Feature","properties":{"precip":10},"geometry":{"type":"Polygon","coordinates":[[[-11.14,-40.35],[-11.14,-40.31],[-11.07,-40.31],[-11.07,-40.33],[-11.03,-40.35],[-11.07,-40.36],[-11.07,-40.41],[-11.14,-40.41],[-11.14,-40.35]]]}},{"type":"Feature","properties":{"precip":10},"geometry":{"type":"Polygon","coordinates":[[[-10.75,-40.35],[-10.75,-40.31],[-10.67,-40.31],[-10.64,-40.33],[-10.64,-40.36],[-10.67,-40.41],[-10.75,-40.41],[-10.75,-40.35]]]}},{"type":"Feature","properties":{"precip":10},"geometry":{"type":"Polygon","coordinates":[[[-10.13,-40.41],[-10.13,-40.31],[-10.1,-40.31],[-10.03,-40.36],[-9.99,-40.41],[-9.95,-40.43],[-9.95,-40.49],[-10.06,-40.51],[-10.13,-40.49],[-10.13,-40.41]]]}},{"type":"Feature","properties":{"precip":10},"geometry":{"type":"Polygon","coordinates":[[[-9.67,-40.41],[-9.67,-40.36],[-9.63,-40.33],[-9.63,-40.31],[-9.59,-40.31],[-9.52,-40.36],[-9.45,-40.46],[-9.45,-40.49],[-9.56,-40.51],[-9.63,-40.49],[-9.63,-40.44],[-9.67,-40.43],[-9.67,-40.41]]]}},{"type":"Feature","properties":{"precip":10},"geometry":{"type":"Polygon","coordinates":[[[-9.16,-40.41],[-9.16,-40.33],[-9.13,-40.31],[-9.09,-40.31],[-9.02,-40.36],[-8.95,-40.46],[-8.95,-40.49],[-9.02,-40.51],[-9.09,-40.51],[-9.16,-40.56],[-9.13,-40.59],[-9.05,-40.64],[-9.05,-40.69],[-9.09,-40.69],[-9.16,-40.66],[-9.2,-40.64],[-9.2,-40.59],[-9.23,-40.58],[-9.23,-40.51],[-9.16,-40.49],[-9.16,-40.41]]]}},{"type":"Feature","properties":{"precip":10},"geometry":{"type":"Polygon","coordinates":[[[11.97,-40.35],[11.97,-40.31],[12.04,-40.31],[12.04,-40.41],[11.97,-40.41],[11.97,-40.35]]]}},{"type":"Feature","properties":{"precip":10},"geometry":{"type":"Polygon","coordinates":[[[93.96,-40.35],[93.96,-40.33],[94.0,-40.31],[94.14,-40.31],[94.21,-40.33],[94.29,-40.36],[94.29,-40.41],[94.32,-40.41],[94.32,-40.35],[94.39,-40.33],[94.39,-40.31],[94.5,-40.31],[94.57,-40.35],[94.57,-40.41],[94.65,-40.36],[94.65,-40.33],[94.65,-40.31],[94.72,-40.31],[94.75,-40.33],[94.75,-40.36],[94.83,-40.41],[94.83,-40.36],[94.86,-40.35],[94.86,-40.31],[94.93,-40.31],[94.93,-40.35],[95.01,-40.41],[95.04,-40.38],[95.04,-40.35],[95.08,-40.33],[95.08,-40.31],[95.15,-40.33],[95.15,-40.36],[95.19,-40.36],[95.22,-40.41],[95.29,-40.41],[95.44,-40.43],[95.44,-40.51],[95.47,-40.56],[95.47,-40.59],[95.51,-40.59],[95.62,-40.61],[95.65,-40.64],[95.65,-40.76],[95.73,-40.79],[95.83,-40.82],[95.83,-40.89],[95.8,-40.89],[95.73,-40.89],[95.65,-40.94],[95.65,-41.09],[95.58,-41.09],[95.51,-41.09],[95.51,-41.04],[95.51,-41.02],[95.47,-41.02],[95.47,-41.05],[95.4,-41.09],[95.29,-41.09],[95.26,-41.12],[95.26,-41.3],[95.15,-41.3],[95.15,-41.27],[95.08,-41.25],[95.08,-41.2],[95.01,-41.1],[94.97,-41.1],[94.97,-41.15],[94.93,-41.17],[94.93,-41.19],[94.86,-41.19],[94.86,-41.17],[94.83,-41.12],[94.65,-41.09],[94.54,-41.09],[94.43,-41.09],[94.43,-41.02],[94.36,-41.02],[94.21,-41.02],[94.14,-41.0],[94.0,-40.94],[94.0,-40.89],[93.93,-40.82],[93.85,-40.81],[93.78,-40.79],[93.71,-40.71],[93.67,-40.67],[93.67,-40.64],[93.64,-40.58],[93.64,-40.46],[93.67,-40.43],[93.75,-40.41],[93.89,-40.41],[93.96,-40.35]]]}},{"type":"Feature","properties":{"precip":10},"geometry":{"type":"Polygon","coordinates":[[[-8.55,-40.46],[-8.55,-40.41],[-8.48,-40.41],[-8.48,-40.43],[-8.44,-40.43],[-8.44,-40.49],[-8.48,-40.49],[-8.48,-40.51],[-8.55,-40.49],[-8.55,-40.46]]]}},{"type":"Feature","properties":{"precip":10},"geometry":{"type":"Polygon","coordinates":[[[-8.05,-40.46],[-8.05,-40.41],[-7.97,-40.41],[-7.97,-40.43],[-7.94,-40.43],[-7.94,-40.49],[-7.97,-40.49],[-7.97,-40.51],[-8.05,-40.49],[-8.05,-40.46]]]}},{"type":"Feature","properties":{"precip":10},"geometry":{"type":"Polygon","coordinates":[[[-8.77,-40.56],[-8.73,-40.53],[-8.73,-40.51],[-8.66,-40.51],[-8.66,-40.59],[-8.73,-40.59],[-8.73,-40.56],[-8.77,-40.56]]]}},{"type":"Feature","properties":{"precip":10},"geometry":{"type":"Polygon","coordinates":[[[-8.26,-40.56],[-8.23,-40.51],[-8.15,-40.51],[-8.15,-40.58],[-8.23,-40.59],[-8.26,-40.56]]]}},{"type":"Feature","properties":{"precip":10},"geometry":{"type":"Polygon","coordinates":[[[-7.76,-40.53],[-7.76,-40.51],[-7.69,-40.51],[-7.58,-40.61],[-7.58,-40.69],[-7.61,-40.69],[-7.69,-40.64],[-7.69,-40.61],[-7.76,-40.56],[-7.76,-40.53]]]}},{"type":"Feature","properties":{"precip":10},"geometry":{"type":"Polygon","coordinates":[[[12.15,-40.59],[12.15,-40.53],[12.18,-40.51],[12.22,-40.51],[12.22,-40.53],[12.25,-40.56],[12.25,-40.66],[12.22,-40.67],[12.22,-40.71],[12.15,-40.67],[12.15,-40.59]]]}},{"type":"Feature","properties":{"precip":10},"geometry":{"type":"Polygon","coordinates":[[[-9.34,-40.76],[-9.34,-40.71],[-9.27,-40.71],[-9.27,-40.79],[-9.34,-40.79],[-9.34,-40.76]]]}},{"type":"Feature","properties":{"precip":10},"geometry":{"type":"Polygon","coordinates":[[[-8.84,-40.76],[-8.84,-40.71],[-8.77,-40.71],[-8.77,-40.79],[-8.8,-40.81],[-8.84,-40.79],[-8.84,-40.76]]]}},{"type":"Feature","properties":{"precip":10},"geometry":{"type":"Polygon","coordinates":[[[4.44,-40.76],[4.44,-40.71],[4.48,-40.71],[4.55,-40.71],[4.55,-40.79],[4.48,-40.81],[4.44,-40.79],[4.44,-40.76]]]}},{"type":"Feature","properties":{"precip":10},"geometry":{"type":"Polygon","coordinates":[[[13.44,-40.76],[13.44,-40.71],[13.48,-40.71],[13.55,-40.71],[13.55,-40.79],[13.48,-40.79],[13.44,-40.79],[13.44,-40.76]]]}},{"type":"Feature","properties":{"precip":10},"geometry":{"type":"Polygon","coordinates":[[[15.42,-40.79],[15.42,-40.76],[15.49,-40.71],[15.53,-40.71],[15.53,-40.79],[15.49,-40.81],[15.42,-40.87],[15.42,-40.89],[15.35,-40.89],[15.35,-40.87],[15.42,-40.79]]]}},{"type":"Feature","properties":{"precip":10},"geometry":{"type":"Polygon","coordinates":[[[-4.05,-40.89],[-4.05,-40.84],[-4.01,-40.81],[-3.98,-40.81],[-3.98,-40.84],[-3.94,-40.87],[-3.94,-40.96],[-3.98,-40.97],[-3.98,-41.02],[-4.05,-40.97],[-4.05,-40.89]]]}},{"type":"Feature","properties":{"precip":10},"geometry":{"type":"Polygon","coordinates":[[[-3.55,-41.02],[-3.55,-40.91],[-3.47,-40.89],[-3.47,-40.94],[-3.44,-40.96],[-3.44,-41.04],[-3.47,-41.05],[-3.47,-41.09],[-3.55,-41.09],[-3.55,-41.02]]]}},{"type":"Feature","properties":{"precip":10},"geometry":{"type":"Polygon","coordinates":[[[15.57,-40.94],[15.6,-40.91],[15.67,-40.89],[15.82,-40.89],[15.89,-40.91],[15.96,-40.96],[15.96,-41.04],[15.89,-41.12],[15.82,-41.19],[15.78,-41.2],[15.75,-41.19],[15.75,-41.04],[15.71,-41.02],[15.6,-41.02],[15.57,-41.0],[15.57,-40.94]]]}},{"type":"Feature","properties":{"precip":10},"geometry":{"type":"Polygon","coordinates":[[[-7.9,-41.09],[-7.83,-41.02],[-7.79,-41.02],[-7.76,-41.02],[-7.76,-41.05],[-7.69,-41.09],[-7.69,-41.2],[-7.76,-41.25],[-7.76,-41.27],[-7.83,-41.27],[-7.94,-41.17],[-7.94,-41.12],[-7.9,-41.09]]]}},{"type":"Feature","properties":{"precip":10},"geometry":{"type":"Polygon","coordinates":[[[-6.89,-41.09],[-6.86,-41.04],[-6.79,-41.02],[-6.75,-41.02],[-6.75,-41.09],[-6.64,-41.09],[-6.53,-41.09],[-6.32,-41.12],[-6.17,-41.24],[-6.14,-41.27],[-6.11,-41.3],[-6.86,-41.3],[-6.86,-41.24],[-6.89,-41.19],[-6.93,-41.19],[-6.93,-41.1],[-6.89,-41.09]]]}},{"type":"Feature","properties":{"precip":10},"geometry":{"type":"Polygon","coordinates":[[[-6.14,-41.04],[-6.14,-41.02],[-6.1,-41.02],[-5.99,-41.09],[-5.99,-41.12],[-5.96,-41.15],[-5.89,-41.2],[-5.81,-41.2],[-5.78,-41.24],[-5.71,-41.27],[-5.68,-41.3],[-5.96,-41.3],[-5.96,-41.25],[-5.99,-41.24],[-5.99,-41.19],[-6.07,-41.17],[-6.1,-41.1],[-6.14,-41.09],[-6.14,-41.04]]]}},{"type":"Feature","properties":{"precip":10},"geometry":{"type":"Polygon","coordinates":[[[-3.04,-41.09],[-3.04,-41.02],[-3.01,-41.02],[-2.97,-41.02],[-2.9,-41.1],[-2.86,-41.12],[-2.86,-41.19],[-2.9,-41.2],[-3.01,-41.2],[-3.04,-41.17],[-3.04,-41.09]]]}},{"type":"Feature","properties":{"precip":10},"geometry":{"type":"Polygon","coordinates":[[[0.34,-41.05],[0.34,-41.02],[0.41,-41.02],[0.45,-41.02],[0.45,-41.09],[0.38,-41.09],[0.34,-41.09],[0.34,-41.05]]]}},{"type":"Feature","properties":{"precip":10},"geometry":{"type":"Polygon","coordinates":[[[47.35,-41.05],[47.35,-41.02],[47.42,-41.02],[47.46,-41.02],[47.46,-41.09],[47.42,-41.09],[47.35,-41.09],[47.35,-41.05]]]}},{"type":"Feature","properties":{"precip":10},"geometry":{"type":"Polygon","coordinates":[[[-9.95,-41.17],[-9.95,-41.1],[-9.88,-41.09],[-9.85,-41.12],[-9.85,-41.19],[-9.95,-41.19],[-9.95,-41.17]]]}},{"type":"Feature","properties":{"precip":10},"geometry":{"type":"Polygon","coordinates":[[[-9.56,-41.17],[-9.56,-41.12],[-9.52,-41.09],[-9.45,-41.1],[-9.45,-41.19],[-9.49,-41.2],[-9.56,-41.19],[-9.56,-41.17]]]}},{"type":"Feature","properties":{"precip":10},"geometry":{"type":"Polygon","coordinates":[[[-8.95,-41.17],[-8.95,-41.12],[-8.84,-41.09],[-8.77,-41.09],[-8.66,-41.12],[-8.66,-41.17],[-8.73,-41.19],[-8.73,-41.2],[-8.87,-41.2],[-8.87,-41.19],[-8.95,-41.17]]]}},{"type":"Feature","properties":{"precip":10},"geometry":{"type":"Polygon","coordinates":[[[-8.44,-41.17],[-8.44,-41.12],[-8.33,-41.09],[-8.26,-41.09],[-8.15,-41.12],[-8.15,-41.17],[-8.23,-41.19],[-8.23,-41.2],[-8.37,-41.2],[-8.37,-41.19],[-8.44,-41.19],[-8.44,-41.17]]]}},{"type":"Feature","properties":{"precip":10},"geometry":{"type":"Polygon","coordinates":[[[-7.54,-41.17],[-7.54,-41.12],[-7.43,-41.09],[-7.36,-41.09],[-7.22,-41.12],[-7.11,-41.17],[-7.07,-41.2],[-7.07,-41.3],[-7.29,-41.3],[-7.33,-41.27],[-7.36,-41.27],[-7.36,-41.24],[-7.4,-41.2],[-7.51,-41.2],[-7.54,-41.19],[-7.54,-41.17]]]}},{"type":"Feature","properties":{"precip":10},"geometry":{"type":"Polygon","coordinates":[[[11.97,-41.25],[11.97,-41.2],[12.04,-41.24],[12.04,-41.25],[12.11,-41.3],[11.97,-41.3],[11.97,-41.25]]]}},{"type":"Feature","properties":{"precip":20},"geometry":{"type":"Polygon","coordinates":[[[9.95,3.79],[9.95,3.74],[9.92,3.72],[9.92,3.69],[9.88,3.67],[9.84,3.67],[9.84,3.64],[9.92,3.61],[9.92,3.54],[9.95,3.51],[9.95,3.28],[9.92,3.24],[9.92,3.21],[9.74,3.14],[9.66,3.08],[9.66,3.04],[9.59,3.0],[9.52,2.95],[9.52,2.93],[9.45,2.9],[9.34,2.95],[9.3,2.98],[9.3,3.01],[9.27,3.04],[9.27,3.08],[9.23,3.13],[9.23,3.18],[9.2,3.19],[9.12,3.19],[9.05,3.24],[9.05,3.54],[9.09,3.56],[9.09,3.61],[9.12,3.61],[9.12,3.65],[9.16,3.67],[9.16,3.79],[9.17,3.79],[8.94,3.79],[8.94,3.75],[8.87,3.67],[8.84,3.65],[8.76,3.57],[8.76,3.42],[8.87,3.34],[8.87,3.33],[8.94,3.28],[8.94,3.24],[8.91,3.23],[8.91,3.19],[8.84,3.13],[8.76,3.08],[8.73,3.03],[8.66,3.0],[8.58,3.0],[8.55,2.98],[8.55,2.93],[8.44,2.9],[8.33,2.9],[8.26,2.88],[8.26,2.83],[8.22,2.83],[8.22,2.81],[8.15,2.81],[8.15,2.8],[8.08,2.81],[8.04,2.83],[8.04,2.88],[8.12,2.9],[8.15,2.93],[8.15,3.08],[8.19,3.08],[8.22,3.11],[8.22,3.14],[8.26,3.18],[8.26,3.29],[8.33,3.31],[8.33,3.44],[8.19,3.62],[8.12,3.65],[8.04,3.69],[7.97,3.69],[7.94,3.65],[7.94,3.62],[7.9,3.61],[7.83,3.61],[7.68,3.64],[7.65,3.65],[7.58,3.7],[7.58,3.79],[7.58,3.79],[9.95,3.79]]]}},{"type":"Feature","properties":{"precip":20},"geometry":{"type":"Polygon","coordinates":[[[16.14,3.79],[16.14,3.72],[16.07,3.67],[16.07,3.62],[16.14,3.57],[16.14,3.52],[16.07,3.51],[16.07,3.44],[16.03,3.41],[16.03,3.34],[16.0,3.31],[15.93,3.31],[15.89,3.33],[15.82,3.37],[15.78,3.39],[15.78,3.51],[15.89,3.59],[15.93,3.61],[15.93,3.67],[15.85,3.72],[15.85,3.75],[15.89,3.77],[15.89,3.79],[16.14,3.79]]]}},{"type":"Feature","properties":{"precip":20},"geometry":{"type":"Polygon","coordinates":[[[16.86,3.39],[16.86,3.47],[16.9,3.51],[17.01,3.51],[17.04,3.47],[17.04,3.33],[17.01,3.31],[16.9,3.31],[16.86,3.33],[16.86,3.39]]]}},{"type":"Feature","properties":{"precip":20},"geometry":{"type":"Polygon","coordinates":[[[20.25,3.34],[20.25,3.37],[20.32,3.39],[20.35,3.37],[20.35,3.33],[20.32,3.31],[20.25,3.33],[20.25,3.34]]]}},{"type":"Feature","properties":{"precip":20},"geometry":{"type":"Polygon","coordinates":[[[20.07,3.11],[20.07,3.18],[20.14,3.19],[20.28,3.19],[20.35,3.16],[20.35,3.04],[20.32,3.03],[20.32,3.0],[20.28,3.0],[20.28,2.98],[20.25,2.96],[20.25,2.83],[20.21,2.81],[20.14,2.81],[20.07,2.85],[19.99,2.88],[19.96,2.93],[19.96,3.0],[19.99,3.0],[20.03,3.01],[20.03,3.06],[20.07,3.08],[20.07,3.11]]]}},{"type":"Feature","properties":{"precip":20},"geometry":{"type":"Polygon","coordinates":[[[32.05,3.09],[32.05,3.18],[32.12,3.19],[32.12,3.16],[32.16,3.14],[32.16,3.06],[32.12,3.04],[32.12,3.0],[32.09,3.0],[32.05,3.03],[32.05,3.09]]]}},{"type":"Feature","properties":{"precip":20},"geometry":{"type":"Polygon","coordinates":[[[97.17,3.16],[97.17,3.19],[97.24,3.19],[97.24,3.11],[97.17,3.11],[97.17,3.16]]]}},{"type":"Feature","properties":{"precip":20},"geometry":{"type":"Polygon","coordinates":[[[13.33,3.04],[13.37,3.06],[13.37,3.09],[13.44,3.09],[13.44,3.03],[13.33,2.95],[13.23,2.9],[13.19,2.9],[13.15,2.93],[13.15,2.98],[13.23,3.0],[13.3,3.0],[13.33,3.01],[13.33,3.04]]]}},{"type":"Feature","properties":{"precip":20},"geometry":{"type":"Polygon","coordinates":[[[19.63,3.04],[19.67,3.06],[19.67,3.09],[19.74,3.09],[19.74,3.0],[19.67,3.0],[19.67,3.03],[19.63,3.04]]]}},{"type":"Feature","properties":{"precip":20},"geometry":{"type":"Polygon","coordinates":[[[30.14,3.04],[30.14,3.08],[30.18,3.09],[30.25,3.08],[30.25,3.01],[30.18,3.0],[30.14,3.01],[30.14,3.04]]]}},{"type":"Feature","properties":{"precip":20},"geometry":{"type":"Polygon","coordinates":[[[97.17,2.95],[97.17,3.0],[97.24,3.0],[97.24,2.9],[97.17,2.9],[97.17,2.95]]]}},{"type":"Feature","properties":{"precip":20},"geometry":{"type":"Polygon","coordinates":[[[19.17,2.85],[19.17,2.9],[19.24,2.9],[19.24,2.81],[19.17,2.81],[19.17,2.85]]]}},{"type":"Feature","properties":{"precip":20},"geometry":{"type":"Polygon","coordinates":[[[33.46,2.37],[33.46,2.48],[33.49,2.5],[33.56,2.47],[33.56,2.42],[33.6,2.4],[33.71,2.4],[33.74,2.42],[33.74,2.47],[33.85,2.5],[33.96,2.47],[33.96,2.42],[34.0,2.4],[34.1,2.4],[34.14,2.37],[34.14,2.34],[34.25,2.3],[34.39,2.3],[34.46,2.27],[34.43,2.22],[34.32,2.14],[34.25,2.1],[34.18,2.1],[34.07,2.07],[34.07,2.06],[33.96,1.97],[33.96,1.94],[33.92,1.91],[33.85,1.92],[33.85,2.07],[33.78,2.1],[33.74,2.07],[33.74,2.04],[33.71,2.01],[33.67,2.02],[33.56,2.12],[33.53,2.17],[33.46,2.32],[33.46,2.37]]]}},{"type":"Feature","properties":{"precip":20},"geometry":{"type":"Polygon","coordinates":[[[16.0,2.34],[16.03,2.35],[16.14,2.4],[16.21,2.38],[16.25,2.34],[16.25,2.22],[16.18,2.19],[16.14,2.15],[16.14,2.06],[16.18,2.04],[16.18,2.01],[16.21,1.99],[16.32,1.99],[16.36,1.97],[16.36,1.94],[16.32,1.91],[16.25,1.91],[16.14,1.86],[16.14,1.82],[16.11,1.81],[16.03,1.81],[16.03,1.79],[15.96,1.77],[15.96,1.76],[15.85,1.66],[15.85,1.64],[15.82,1.61],[15.75,1.63],[15.75,1.77],[15.67,1.82],[15.67,1.86],[15.71,1.89],[15.71,1.92],[15.82,2.01],[15.89,2.09],[15.89,2.12],[15.93,2.14],[15.93,2.15],[15.96,2.17],[15.96,2.29],[16.0,2.3],[16.0,2.34]],[[16.14,2.25],[16.14,2.3],[16.07,2.3],[16.07,2.27],[16.03,2.27],[16.03,2.24],[16.07,2.24],[16.07,2.2],[16.14,2.2],[16.14,2.25]],[[16.03,2.06],[16.03,2.1],[15.96,2.09],[15.96,2.01],[16.03,1.99],[16.03,2.06]]]}},{"type":"Feature","properties":{"precip":20},"geometry":{"type":"Polygon","coordinates":[[[18.7,2.34],[18.77,2.38],[18.84,2.38],[18.84,2.22],[18.81,2.2],[18.66,2.2],[18.66,2.27],[18.7,2.3],[18.7,2.34]]]}},{"type":"Feature","properties":{"precip":20},"geometry":{"type":"Polygon","coordinates":[[[19.45,2.1],[19.45,2.19],[19.49,2.19],[19.56,2.15],[19.56,2.14],[19.63,2.07],[19.63,2.01],[19.6,1.99],[19.53,1.99],[19.45,2.04],[19.45,2.1]]]}},{"type":"Feature","properties":{"precip":20},"geometry":{"type":"Polygon","coordinates":[[[22.44,2.15],[22.44,2.17],[22.51,2.2],[22.55,2.19],[22.55,2.12],[22.48,2.1],[22.44,2.12],[22.44,2.15]]]}},{"type":"Feature","properties":{"precip":20},"geometry":{"type":"Polygon","coordinates":[[[76.61,2.14],[76.65,2.15],[76.79,2.19],[76.9,2.19],[77.05,2.15],[77.08,2.14],[77.08,2.1],[77.12,2.1],[77.12,2.14],[77.12,2.15],[77.23,2.19],[77.23,2.15],[77.33,2.1],[77.44,2.07],[77.44,1.92],[77.41,1.91],[77.26,1.87],[77.23,1.84],[77.23,1.81],[77.19,1.81],[77.19,1.82],[77.12,1.84],[77.12,1.87],[77.01,1.91],[76.9,1.94],[76.9,1.99],[76.87,1.99],[76.87,1.96],[76.79,1.91],[76.76,1.92],[76.76,1.97],[76.69,1.97],[76.69,1.99],[76.61,1.99],[76.54,2.02],[76.58,2.06],[76.58,2.09],[76.61,2.14]]]}},{"type":"Feature","properties":{"precip":20},"geometry":{"type":"Polygon","coordinates":[[[18.63,1.92],[18.63,1.94],[18.73,1.99],[18.81,1.99],[19.09,1.99],[19.13,1.99],[19.13,1.94],[19.17,1.89],[19.17,1.71],[19.24,1.68],[19.24,1.56],[19.27,1.54],[19.27,1.49],[19.35,1.48],[19.35,1.3],[19.27,1.16],[19.24,1.13],[19.13,1.05],[19.06,1.02],[18.99,1.0],[18.88,1.0],[18.84,1.03],[18.84,1.07],[18.81,1.08],[18.77,1.08],[18.77,1.03],[18.7,1.0],[18.63,1.0],[18.55,1.03],[18.52,1.07],[18.48,1.12],[18.48,1.16],[18.45,1.25],[18.45,1.44],[18.48,1.48],[18.48,1.49],[18.52,1.49],[18.52,1.54],[18.55,1.58],[18.55,1.82],[18.59,1.86],[18.59,1.91],[18.63,1.92]]]}},{"type":"Feature","properties":{"precip":20},"geometry":{"type":"Polygon","coordinates":[[[30.36,1.91],[30.36,1.99],[30.43,1.99],[30.43,1.81],[30.36,1.82],[30.36,1.91]]]}},{"type":"Feature","properties":{"precip":20},"geometry":{"type":"Polygon","coordinates":[[[30.14,1.84],[30.14,1.87],[30.22,1.91],[30.25,1.89],[30.25,1.82],[30.18,1.81],[30.14,1.82],[30.14,1.84]]]}},{"type":"Feature","properties":{"precip":20},"geometry":{"type":"Polygon","coordinates":[[[94.86,1.73],[94.97,1.79],[95.01,1.82],[95.08,1.86],[95.08,1.89],[95.15,1.89],[95.15,1.82],[95.08,1.81],[95.08,1.69],[95.04,1.66],[95.04,1.33],[94.97,1.31],[94.79,1.31],[94.75,1.33],[94.75,1.48],[94.79,1.53],[94.79,1.56],[94.86,1.66],[94.86,1.68],[94.86,1.73]]]}},{"type":"Feature","properties":{"precip":20},"geometry":{"type":"Polygon","coordinates":[[[95.29,1.82],[95.37,1.87],[95.37,1.89],[95.44,1.87],[95.44,1.86],[95.51,1.81],[95.51,1.76],[95.51,1.69],[95.51,1.51],[95.47,1.51],[95.44,1.56],[95.44,1.58],[95.37,1.63],[95.29,1.69],[95.29,1.82]]]}},{"type":"Feature","properties":{"precip":20},"geometry":{"type":"Polygon","coordinates":[[[18.34,1.76],[18.37,1.77],[18.37,1.81],[18.45,1.79],[18.45,1.71],[18.37,1.69],[18.37,1.73],[18.34,1.73],[18.34,1.76]]]}},{"type":"Feature","properties":{"precip":20},"geometry":{"type":"Polygon","coordinates":[[[34.9,1.73],[34.93,1.74],[34.97,1.79],[35.04,1.81],[35.04,1.73],[35.0,1.71],[35.0,1.68],[34.9,1.61],[34.86,1.63],[34.86,1.66],[34.9,1.68],[34.9,1.73]]]}},{"type":"Feature","properties":{"precip":20},"geometry":{"type":"Polygon","coordinates":[[[35.8,1.73],[35.87,1.79],[35.94,1.79],[35.94,1.63],[35.9,1.61],[35.8,1.61],[35.76,1.63],[35.76,1.66],[35.8,1.69],[35.8,1.73]]]}},{"type":"Feature","properties":{"precip":20},"geometry":{"type":"Polygon","coordinates":[[[77.84,1.66],[77.91,1.68],[77.91,1.69],[78.09,1.69],[78.12,1.66],[78.16,1.66],[78.16,1.64],[78.09,1.61],[77.91,1.61],[77.87,1.63],[77.84,1.66]]]}},{"type":"Feature","properties":{"precip":20},"geometry":{"type":"Polygon","coordinates":[[[35.54,1.54],[35.54,1.58],[35.62,1.61],[35.65,1.59],[35.65,1.51],[35.62,1.51],[35.62,1.49],[35.58,1.49],[35.54,1.51],[35.54,1.54]]]}},{"type":"Feature","properties":{"precip":20},"geometry":{"type":"Polygon","coordinates":[[[78.23,1.48],[78.3,1.51],[78.38,1.58],[78.41,1.59],[78.41,1.54],[78.38,1.46],[78.3,1.41],[78.23,1.36],[78.2,1.33],[78.2,1.31],[78.16,1.31],[78.16,1.35],[78.2,1.36],[78.2,1.4],[78.2,1.41],[78.2,1.44],[78.23,1.48]]]}},{"type":"Feature","properties":{"precip":20},"geometry":{"type":"Polygon","coordinates":[[[34.46,1.46],[34.46,1.49],[34.54,1.49],[34.54,1.41],[34.5,1.4],[34.46,1.41],[34.46,1.46]]]}},{"type":"Feature","properties":{"precip":20},"geometry":{"type":"Polygon","coordinates":[[[35.26,1.46],[35.26,1.48],[35.33,1.49],[35.4,1.49],[35.4,1.48],[35.44,1.48],[35.44,1.41],[35.4,1.41],[35.36,1.4],[35.33,1.4],[35.33,1.41],[35.29,1.41],[35.26,1.43],[35.26,1.46]]]}},{"type":"Feature","properties":{"precip":20},"geometry":{"type":"Polygon","coordinates":[[[78.56,1.48],[78.63,1.48],[78.63,1.49],[78.88,1.49],[78.99,1.48],[79.02,1.48],[79.02,1.46],[79.06,1.43],[79.06,1.35],[79.02,1.33],[79.02,1.31],[78.99,1.31],[78.81,1.31],[78.66,1.33],[78.63,1.35],[78.56,1.44],[78.56,1.48]]]}},{"type":"Feature","properties":{"precip":20},"geometry":{"type":"Polygon","coordinates":[[[98.1,1.46],[98.1,1.48],[98.17,1.48],[98.17,1.49],[98.25,1.48],[98.25,1.41],[98.21,1.41],[98.21,1.4],[98.17,1.4],[98.17,1.43],[98.1,1.43],[98.1,1.46]]]}},{"type":"Feature","properties":{"precip":20},"geometry":{"type":"Polygon","coordinates":[[[35.04,1.15],[35.15,1.2],[35.26,1.2],[35.36,1.15],[35.29,1.12],[35.26,1.12],[35.22,1.08],[35.18,1.08],[35.15,1.12],[35.11,1.12],[35.04,1.15]]]}},{"type":"Feature","properties":{"precip":20},"geometry":{"type":"Polygon","coordinates":[[[34.75,1.05],[34.75,1.08],[34.79,1.08],[34.82,1.08],[34.86,1.07],[34.86,1.03],[34.82,1.02],[34.82,1.0],[34.79,1.0],[34.75,1.02],[34.75,1.05]]]}},{"type":"Feature","properties":{"precip":20},"geometry":{"type":"Polygon","coordinates":[[[20.14,0.98],[20.17,0.98],[20.17,1.0],[20.21,1.0],[20.25,0.98],[20.28,0.98],[20.35,0.97],[20.43,0.9],[20.43,0.83],[20.46,0.82],[20.39,0.8],[20.35,0.8],[20.35,0.82],[20.28,0.83],[20.25,0.87],[20.21,0.88],[20.14,0.95],[20.14,0.98]]]}},{"type":"Feature","properties":{"precip":20},"geometry":{"type":"Polygon","coordinates":[[[18.95,0.85],[18.99,0.87],[18.99,0.88],[19.06,0.88],[19.09,0.9],[19.31,0.9],[19.35,0.88],[19.42,0.88],[19.42,0.87],[19.45,0.85],[19.45,0.82],[19.49,0.82],[19.53,0.82],[19.56,0.8],[19.63,0.82],[19.63,0.83],[19.67,0.87],[19.67,0.88],[19.71,0.9],[19.71,0.88],[19.74,0.87],[19.74,0.83],[19.78,0.82],[19.81,0.82],[19.85,0.8],[19.92,0.8],[19.92,0.79],[19.96,0.77],[19.96,0.72],[19.99,0.72],[19.99,0.7],[20.07,0.7],[20.14,0.67],[20.14,0.44],[20.1,0.42],[20.1,0.41],[20.03,0.41],[19.96,0.37],[19.96,0.31],[19.99,0.31],[19.99,0.29],[20.03,0.29],[20.03,0.22],[19.99,0.21],[19.99,0.18],[19.96,0.14],[19.89,0.13],[19.81,0.11],[19.67,0.11],[19.6,0.13],[19.56,0.14],[19.53,0.16],[19.53,0.19],[19.49,0.19],[19.49,0.18],[19.45,0.16],[19.45,0.14],[19.42,0.13],[19.42,0.11],[19.38,0.11],[19.31,0.09],[19.27,0.04],[19.2,-0.01],[19.13,-0.07],[19.06,-0.14],[18.99,-0.2],[18.95,-0.27],[18.95,-0.37],[18.91,-0.37],[18.91,-0.39],[18.88,-0.42],[18.88,-0.44],[18.84,-0.45],[18.84,-0.47],[18.81,-0.48],[18.81,-0.52],[18.77,-0.53],[18.77,-0.57],[18.73,-0.58],[18.73,-0.7],[18.7,-0.7],[18.7,-0.72],[18.66,-0.72],[18.66,-0.76],[18.7,-0.78],[18.7,-0.8],[18.73,-0.85],[18.73,-1.08],[18.66,-1.11],[18.66,-1.34],[18.7,-1.39],[18.73,-1.42],[18.73,-1.44],[18.77,-1.46],[18.77,-1.47],[18.81,-1.47],[18.81,-1.49],[18.84,-1.49],[18.84,-1.51],[18.91,-1.51],[18.95,-1.52],[18.95,-1.57],[18.91,-1.59],[18.84,-1.59],[18.77,-1.62],[18.77,-1.66],[18.73,-1.69],[18.73,-1.72],[18.77,-1.74],[18.77,-1.77],[18.84,-1.8],[18.91,-1.8],[18.95,-1.82],[18.95,-1.87],[18.88,-1.89],[18.63,-1.89],[18.55,-1.87],[18.55,-1.77],[18.52,-1.74],[18.52,-1.72],[18.48,-1.7],[18.41,-1.7],[18.37,-1.69],[18.37,-1.66],[18.34,-1.64],[18.34,-1.52],[18.27,-1.49],[18.27,-1.39],[18.23,-1.38],[18.23,-1.33],[18.16,-1.29],[18.12,-1.29],[18.09,-1.28],[18.01,-1.21],[17.98,-1.18],[17.98,-1.13],[17.94,-1.08],[17.94,-0.93],[17.91,-0.91],[17.91,-0.9],[17.8,-0.9],[17.8,-0.88],[17.76,-0.88],[17.76,-0.83],[17.8,-0.83],[17.8,-0.81],[17.83,-0.81],[17.87,-0.8],[18.01,-0.8],[18.09,-0.78],[18.12,-0.78],[18.12,-0.76],[18.16,-0.73],[18.16,-0.72],[18.09,-0.7],[18.09,-0.68],[18.05,-0.68],[18.05,-0.63],[18.09,-0.63],[18.09,-0.6],[18.12,-0.6],[18.12,-0.63],[18.16,-0.68],[18.16,-0.7],[18.19,-0.7],[18.23,-0.67],[18.23,-0.58],[18.27,-0.53],[18.23,-0.44],[18.23,-0.37],[18.16,-0.29],[18.12,-0.2],[18.09,-0.17],[17.98,-0.12],[17.94,-0.15],[17.94,-0.19],[17.91,-0.19],[17.91,-0.2],[17.87,-0.2],[17.87,-0.12],[17.91,-0.07],[17.98,-0.02],[18.01,0.01],[18.09,0.06],[18.12,0.09],[18.16,0.11],[18.19,0.11],[18.23,0.13],[18.23,0.18],[18.27,0.19],[18.27,0.27],[18.3,0.29],[18.3,0.31],[18.37,0.31],[18.41,0.31],[18.45,0.34],[18.45,0.64],[18.48,0.65],[18.48,0.69],[18.52,0.7],[18.59,0.7],[18.63,0.72],[18.63,0.74],[18.66,0.74],[18.66,0.79],[18.7,0.79],[18.7,0.8],[18.84,0.8],[18.84,0.82],[18.91,0.82],[18.95,0.82],[18.95,0.85]],[[18.81,0.22],[18.77,0.26],[18.7,0.29],[18.7,0.31],[18.66,0.29],[18.66,0.27],[18.63,0.26],[18.63,0.22],[18.55,0.16],[18.55,0.03],[18.66,-0.06],[18.7,-0.07],[18.7,-0.09],[18.73,-0.09],[18.73,0.01],[18.77,0.03],[18.77,0.11],[18.81,0.11],[18.81,0.13],[18.84,0.13],[18.84,0.18],[18.81,0.19],[18.81,0.22]],[[18.55,-0.4],[18.55,-0.29],[18.52,-0.25],[18.52,-0.2],[18.48,-0.2],[18.48,-0.25],[18.45,-0.29],[18.45,-0.52],[18.48,-0.53],[18.48,-0.6],[18.52,-0.6],[18.52,-0.53],[18.55,-0.52],[18.55,-0.4]],[[18.16,-1.14],[18.16,-1.13],[18.12,-1.11],[18.12,-1.09],[18.09,-1.09],[18.09,-1.11],[18.05,-1.11],[18.05,-1.21],[18.09,-1.21],[18.12,-1.21],[18.16,-1.18],[18.16,-1.14]]]}},{"type":"Feature","properties":{"precip":20},"geometry":{"type":"Polygon","coordinates":[[[34.5,0.82],[34.57,0.88],[34.61,0.88],[34.61,0.9],[34.64,0.88],[34.64,0.75],[34.68,0.74],[34.68,0.7],[34.72,0.69],[34.72,0.67],[34.75,0.67],[34.75,0.64],[34.72,0.62],[34.72,0.6],[34.68,0.6],[34.68,0.64],[34.64,0.64],[34.64,0.67],[34.61,0.67],[34.61,0.69],[34.57,0.69],[34.57,0.7],[34.46,0.7],[34.46,0.77],[34.5,0.8],[34.5,0.82]]]}},{"type":"Feature","properties":{"precip":20},"geometry":{"type":"Polygon","coordinates":[[[35.87,0.75],[35.87,0.79],[35.9,0.8],[36.01,0.8],[36.01,0.79],[36.05,0.79],[36.05,0.72],[36.01,0.72],[36.01,0.7],[35.9,0.7],[35.87,0.72],[35.87,0.75]]]}},{"type":"Feature","properties":{"precip":20},"geometry":{"type":"Polygon","coordinates":[[[35.15,0.64],[35.15,0.69],[35.18,0.69],[35.18,0.7],[35.22,0.7],[35.22,0.69],[35.26,0.67],[35.26,0.62],[35.22,0.62],[35.22,0.6],[35.18,0.6],[35.18,0.62],[35.15,0.62],[35.15,0.64]]]}},{"type":"Feature","properties":{"precip":20},"geometry":{"type":"Polygon","coordinates":[[[35.51,0.22],[35.54,0.26],[35.58,0.27],[35.65,0.29],[35.69,0.31],[35.8,0.31],[35.87,0.27],[35.83,0.24],[35.83,0.21],[35.8,0.18],[35.76,0.16],[35.72,0.14],[35.69,0.13],[35.62,0.11],[35.51,0.11],[35.47,0.13],[35.47,0.19],[35.51,0.22]]]}},{"type":"Feature","properties":{"precip":20},"geometry":{"type":"Polygon","coordinates":[[[32.56,-0.15],[32.56,-0.02],[32.59,-0.02],[32.59,-0.01],[32.7,-0.01],[32.7,-0.02],[32.74,-0.02],[32.74,-0.12],[32.77,-0.14],[32.77,-0.2],[32.84,-0.2],[32.84,-0.12],[32.88,-0.12],[32.88,-0.11],[32.92,-0.11],[32.92,-0.12],[32.95,-0.14],[32.95,-0.25],[32.92,-0.27],[32.92,-0.29],[32.88,-0.29],[32.88,-0.3],[32.81,-0.3],[32.77,-0.32],[32.77,-0.37],[32.74,-0.37],[32.74,-0.5],[32.66,-0.5],[32.66,-0.37],[32.63,-0.37],[32.63,-0.3],[32.59,-0.3],[32.59,-0.29],[32.56,-0.27],[32.56,-0.15]],[[32.74,-0.25],[32.74,-0.2],[32.7,-0.2],[32.66,-0.2],[32.66,-0.3],[32.74,-0.3],[32.74,-0.25]]]}},{"type":"Feature","properties":{"precip":20},"geometry":{"type":"Polygon","coordinates":[[[19.74,-0.25],[19.74,-0.17],[19.78,-0.15],[19.78,-0.11],[19.81,-0.11],[19.85,-0.12],[19.85,-0.17],[19.92,-0.2],[20.07,-0.2],[20.1,-0.19],[20.14,-0.19],[20.14,-0.15],[20.17,-0.12],[20.21,-0.11],[20.43,-0.11],[20.53,-0.15],[20.57,-0.19],[20.61,-0.2],[20.61,-0.3],[20.57,-0.34],[20.53,-0.37],[20.5,-0.4],[20.46,-0.42],[20.46,-0.44],[20.43,-0.47],[20.35,-0.5],[20.32,-0.5],[20.28,-0.52],[20.28,-0.53],[20.25,-0.58],[20.25,-0.83],[20.28,-0.9],[20.28,-0.98],[20.32,-1.03],[20.35,-1.05],[20.43,-1.08],[20.5,-1.09],[20.61,-1.09],[20.82,-1.14],[20.89,-1.18],[20.97,-1.23],[20.89,-1.29],[20.89,-1.33],[20.86,-1.33],[20.86,-1.44],[20.82,-1.47],[20.75,-1.51],[20.64,-1.51],[20.57,-1.52],[20.57,-1.54],[20.53,-1.57],[20.53,-1.62],[20.57,-1.64],[20.57,-1.7],[20.64,-1.69],[20.64,-1.62],[20.71,-1.59],[20.71,-1.62],[20.75,-1.62],[20.75,-1.77],[20.68,-1.8],[20.61,-1.79],[20.53,-1.77],[20.53,-1.72],[20.5,-1.72],[20.43,-1.7],[20.28,-1.7],[20.25,-1.69],[20.17,-1.69],[20.14,-1.66],[20.14,-1.61],[20.07,-1.61],[20.07,-1.59],[19.99,-1.59],[19.96,-1.56],[19.96,-1.47],[19.92,-1.44],[19.92,-1.39],[19.89,-1.38],[19.81,-1.34],[19.81,-1.31],[19.78,-1.29],[19.78,-1.24],[19.74,-1.23],[19.74,-1.13],[19.67,-1.09],[19.53,-1.09],[19.45,-1.06],[19.45,-0.73],[19.49,-0.72],[19.49,-0.7],[19.53,-0.7],[19.53,-0.63],[19.56,-0.6],[19.56,-0.44],[19.6,-0.42],[19.6,-0.4],[19.63,-0.4],[19.67,-0.39],[19.71,-0.39],[19.71,-0.37],[19.74,-0.37],[19.74,-0.25]]]}},{"type":"Feature","properties":{"precip":20},"geometry":{"type":"Polygon","coordinates":[[[33.96,-0.3],[33.96,-0.2],[34.0,-0.2],[34.03,-0.2],[34.03,-0.29],[34.07,-0.3],[34.03,-0.32],[34.03,-0.39],[34.0,-0.39],[33.96,-0.37],[33.96,-0.3]]]}},{"type":"Feature","properties":{"precip":20},"geometry":{"type":"Polygon","coordinates":[[[33.35,-0.55],[33.35,-0.53],[33.38,-0.52],[33.38,-0.5],[33.42,-0.5],[33.53,-0.53],[33.56,-0.57],[33.6,-0.63],[33.64,-0.68],[33.64,-0.86],[33.6,-0.88],[33.56,-0.9],[33.53,-0.9],[33.46,-0.88],[33.46,-0.67],[33.42,-0.65],[33.42,-0.6],[33.38,-0.6],[33.38,-0.58],[33.35,-0.58],[33.35,-0.55]]]}},{"type":"Feature","properties":{"precip":20},"geometry":{"type":"Polygon","coordinates":[[[19.17,-0.75],[19.17,-0.7],[19.24,-0.7],[19.24,-0.8],[19.17,-0.8],[19.17,-0.75]]]}},{"type":"Feature","properties":{"precip":20},"geometry":{"type":"Polygon","coordinates":[[[21.43,-0.86],[21.47,-0.83],[21.47,-0.81],[21.51,-0.8],[21.54,-0.8],[21.65,-0.85],[21.69,-0.88],[21.72,-0.91],[21.72,-0.95],[21.76,-1.0],[21.76,-1.03],[21.72,-1.05],[21.72,-1.08],[21.69,-1.09],[21.61,-1.09],[21.58,-1.08],[21.58,-1.06],[21.54,-1.05],[21.54,-0.91],[21.51,-0.9],[21.47,-0.9],[21.47,-0.88],[21.43,-0.86]]]}},{"type":"Feature","properties":{"precip":20},"geometry":{"type":"Polygon","coordinates":[[[21.94,-1.21],[21.94,-1.16],[21.97,-1.13],[21.97,-1.09],[22.01,-1.11],[22.12,-1.21],[22.12,-1.23],[22.15,-1.24],[22.15,-1.28],[22.12,-1.29],[21.97,-1.29],[21.97,-1.24],[21.94,-1.21]]]}},{"type":"Feature","properties":{"precip":20},"geometry":{"type":"Polygon","coordinates":[[[21.65,-1.51],[21.65,-1.44],[21.69,-1.42],[21.69,-1.41],[21.72,-1.41],[21.72,-1.39],[21.76,-1.39],[21.83,-1.42],[21.83,-1.46],[21.87,-1.47],[21.87,-1.52],[21.83,-1.54],[21.83,-1.57],[21.79,-1.59],[21.69,-1.59],[21.65,-1.56],[21.65,-1.51]]]}},{"type":"Feature","properties":{"precip":20},"geometry":{"type":"Polygon","coordinates":[[[28.24,-1.44],[28.24,-1.42],[28.27,-1.42],[28.27,-1.39],[28.31,-1.39],[28.34,-1.41],[28.34,-1.49],[28.27,-1.51],[28.27,-1.47],[28.24,-1.47],[28.24,-1.44]]]}},{"type":"Feature","properties":{"precip":20},"geometry":{"type":"Polygon","coordinates":[[[20.86,-1.66],[20.86,-1.61],[20.93,-1.61],[20.93,-1.64],[20.97,-1.64],[20.93,-1.67],[20.93,-1.7],[20.86,-1.69],[20.86,-1.66]]]}},{"type":"Feature","properties":{"precip":20},"geometry":{"type":"Polygon","coordinates":[[[27.73,-1.66],[27.77,-1.64],[27.77,-1.61],[27.84,-1.61],[27.84,-1.69],[27.77,-1.7],[27.77,-1.66],[27.73,-1.66]]]}},{"type":"Feature","properties":{"precip":20},"geometry":{"type":"Polygon","coordinates":[[[17.94,-1.74],[17.98,-1.7],[18.05,-1.72],[18.05,-1.79],[18.01,-1.8],[17.94,-1.77],[17.94,-1.74]]]}},{"type":"Feature","properties":{"precip":20},"geometry":{"type":"Polygon","coordinates":[[[21.43,-1.74],[21.51,-1.7],[21.58,-1.7],[21.65,-1.72],[21.65,-1.77],[21.58,-1.79],[21.58,-1.8],[21.51,-1.79],[21.43,-1.77],[21.43,-1.74]]]}},{"type":"Feature","properties":{"precip":20},"geometry":{"type":"Polygon","coordinates":[[[94.93,-1.85],[94.97,-1.8],[94.97,-1.72],[95.04,-1.7],[95.08,-1.7],[95.15,-1.72],[95.15,-1.77],[95.19,-1.77],[95.22,-1.8],[95.29,-1.8],[95.29,-1.82],[95.29,-1.89],[95.37,-1.94],[95.37,-2.36],[95.4,-2.4],[95.4,-2.41],[95.44,-2.41],[95.44,-2.48],[95.4,-2.5],[95.29,-2.45],[95.29,-2.41],[95.29,-2.4],[95.26,-2.41],[95.26,-2.46],[95.22,-2.5],[95.08,-2.5],[95.04,-2.43],[95.04,-2.35],[95.01,-2.3],[94.86,-2.3],[94.86,-2.28],[94.86,-2.23],[94.83,-2.22],[94.75,-2.2],[94.65,-2.2],[94.65,-2.17],[94.65,-2.12],[94.75,-2.07],[94.75,-1.92],[94.79,-1.92],[94.79,-1.89],[94.83,-1.89],[94.83,-1.92],[94.86,-1.92],[94.86,-1.99],[94.86,-2.0],[94.93,-1.99],[94.93,-1.85]]]}},{"type":"Feature","properties":{"precip":20},"geometry":{"type":"Polygon","coordinates":[[[19.06,-1.92],[19.06,-1.9],[19.17,-1.89],[19.24,-1.92],[19.24,-2.1],[19.17,-2.07],[19.17,-2.05],[19.06,-1.97],[19.06,-1.92]]]}},{"type":"Feature","properties":{"precip":20},"geometry":{"type":"Polygon","coordinates":[[[21.15,-2.05],[21.15,-1.94],[21.18,-1.9],[21.25,-1.89],[21.33,-1.89],[21.4,-1.9],[21.47,-1.95],[21.47,-1.99],[21.54,-1.97],[21.54,-1.94],[21.58,-1.9],[21.61,-1.9],[21.69,-1.97],[21.69,-2.0],[21.79,-2.08],[21.87,-2.05],[21.87,-2.02],[21.9,-2.0],[21.94,-2.02],[21.94,-2.05],[22.01,-2.08],[22.05,-2.05],[22.05,-2.03],[22.08,-2.0],[22.12,-2.0],[22.15,-2.03],[22.15,-2.17],[22.19,-2.18],[22.19,-2.22],[22.23,-2.22],[22.23,-2.23],[22.26,-2.23],[22.23,-2.27],[22.23,-2.3],[22.15,-2.27],[22.15,-2.22],[22.12,-2.2],[22.08,-2.22],[22.05,-2.25],[22.05,-2.48],[21.97,-2.5],[21.97,-2.55],[21.94,-2.56],[21.94,-2.68],[21.87,-2.71],[21.83,-2.71],[21.76,-2.68],[21.76,-2.63],[21.69,-2.6],[21.61,-2.6],[21.54,-2.63],[21.54,-2.69],[21.51,-2.71],[21.47,-2.69],[21.47,-2.64],[21.43,-2.61],[21.43,-2.53],[21.36,-2.5],[21.29,-2.5],[21.25,-2.46],[21.25,-2.32],[21.36,-2.27],[21.33,-2.22],[21.25,-2.2],[21.15,-2.23],[21.15,-2.27],[21.07,-2.3],[21.07,-2.27],[21.04,-2.23],[21.07,-2.23],[21.07,-2.22],[21.11,-2.22],[21.11,-2.18],[21.15,-2.15],[21.15,-2.05]],[[21.65,-2.05],[21.65,-2.02],[21.58,-2.0],[21.54,-2.03],[21.54,-2.07],[21.61,-2.1],[21.65,-2.08],[21.65,-2.05]],[[21.76,-2.15],[21.76,-2.12],[21.72,-2.1],[21.65,-2.12],[21.65,-2.18],[21.72,-2.2],[21.76,-2.18],[21.76,-2.15]],[[21.65,-2.3],[21.65,-2.22],[21.61,-2.22],[21.61,-2.2],[21.54,-2.23],[21.54,-2.36],[21.58,-2.38],[21.58,-2.4],[21.65,-2.38],[21.65,-2.3]],[[21.87,-2.25],[21.83,-2.22],[21.76,-2.22],[21.76,-2.28],[21.83,-2.3],[21.83,-2.27],[21.87,-2.25]],[[21.94,-2.45],[21.94,-2.4],[21.87,-2.4],[21.87,-2.5],[21.94,-2.5],[21.94,-2.45]]]}},{"type":"Feature","properties":{"precip":20},"geometry":{"type":"Polygon","coordinates":[[[92.45,-2.2],[92.45,-2.13],[92.49,-2.1],[92.7,-2.1],[92.7,-2.13],[92.7,-2.27],[92.67,-2.3],[92.49,-2.3],[92.45,-2.27],[92.45,-2.2]]]}},{"type":"Feature","properties":{"precip":20},"geometry":{"type":"Polygon","coordinates":[[[19.45,-2.25],[19.45,-2.22],[19.56,-2.2],[19.63,-2.2],[19.71,-2.22],[19.74,-2.23],[19.74,-2.35],[19.78,-2.36],[19.78,-2.4],[19.81,-2.4],[19.81,-2.43],[19.85,-2.45],[19.78,-2.51],[19.74,-2.56],[19.67,-2.6],[19.6,-2.6],[19.56,-2.61],[19.56,-2.69],[19.63,-2.73],[19.63,-2.78],[19.56,-2.76],[19.49,-2.69],[19.45,-2.63],[19.45,-2.45],[19.42,-2.43],[19.42,-2.4],[19.35,-2.41],[19.35,-2.48],[19.27,-2.5],[19.27,-2.45],[19.24,-2.43],[19.24,-2.36],[19.27,-2.35],[19.27,-2.32],[19.31,-2.3],[19.38,-2.3],[19.45,-2.27],[19.45,-2.25]],[[19.74,-2.45],[19.74,-2.4],[19.67,-2.4],[19.67,-2.43],[19.63,-2.43],[19.63,-2.46],[19.67,-2.46],[19.67,-2.5],[19.74,-2.5],[19.74,-2.45]]]}},{"type":"Feature","properties":{"precip":20},"geometry":{"type":"Polygon","coordinates":[[[27.66,-2.3],[27.66,-2.22],[27.73,-2.2],[27.84,-2.22],[27.84,-2.27],[27.73,-2.36],[27.73,-2.38],[27.66,-2.4],[27.66,-2.3]]]}},{"type":"Feature","properties":{"precip":20},"geometry":{"type":"Polygon","coordinates":[[[89.86,-2.35],[89.86,-2.32],[89.9,-2.3],[89.9,-2.35],[89.97,-2.35],[89.9,-2.4],[89.86,-2.4],[89.86,-2.35]]]}},{"type":"Feature","properties":{"precip":20},"geometry":{"type":"Polygon","coordinates":[[[90.0,-2.48],[90.04,-2.43],[90.11,-2.4],[90.11,-2.41],[90.11,-2.56],[90.11,-2.6],[89.97,-2.6],[89.97,-2.55],[90.0,-2.51],[90.0,-2.48]]]}},{"type":"Feature","properties":{"precip":20},"geometry":{"type":"Polygon","coordinates":[[[92.45,-2.53],[92.45,-2.43],[92.49,-2.4],[92.49,-2.43],[92.56,-2.45],[92.56,-2.58],[92.59,-2.58],[92.63,-2.61],[92.63,-2.66],[92.67,-2.68],[92.67,-2.73],[92.63,-2.74],[92.63,-2.79],[92.59,-2.79],[92.49,-2.74],[92.49,-2.71],[92.45,-2.61],[92.45,-2.53]]]}},{"type":"Feature","properties":{"precip":20},"geometry":{"type":"Polygon","coordinates":[[[91.34,-2.56],[91.37,-2.55],[91.37,-2.51],[91.48,-2.5],[91.55,-2.53],[91.55,-2.58],[91.48,-2.6],[91.41,-2.6],[91.37,-2.58],[91.37,-2.56],[91.34,-2.56]]]}},{"type":"Feature","properties":{"precip":20},"geometry":{"type":"Polygon","coordinates":[[[91.62,-2.63],[91.7,-2.58],[91.84,-2.53],[91.95,-2.5],[92.05,-2.53],[92.05,-2.58],[92.13,-2.6],[92.2,-2.6],[92.23,-2.63],[92.23,-2.76],[92.16,-2.79],[91.95,-2.79],[91.91,-2.81],[91.8,-2.81],[91.8,-2.83],[91.73,-2.86],[91.73,-2.89],[91.62,-2.88],[91.62,-2.84],[91.62,-2.81],[91.59,-2.78],[91.59,-2.71],[91.62,-2.63]]]}},{"type":"Feature","properties":{"precip":20},"geometry":{"type":"Polygon","coordinates":[[[95.8,-2.56],[95.91,-2.53],[95.94,-2.51],[96.16,-2.51],[96.27,-2.56],[96.27,-2.58],[96.3,-2.6],[96.37,-2.6],[96.37,-2.61],[96.52,-2.71],[96.52,-2.73],[96.55,-2.76],[96.55,-2.84],[96.52,-2.88],[96.52,-2.91],[96.48,-2.91],[96.45,-2.97],[96.37,-2.97],[96.37,-2.96],[96.27,-2.88],[96.12,-2.81],[96.05,-2.79],[95.91,-2.79],[95.83,-2.86],[95.83,-2.91],[95.73,-2.89],[95.73,-2.66],[95.8,-2.61],[95.8,-2.56]]]}},{"type":"Feature","properties":{"precip":20},"geometry":{"type":"Polygon","coordinates":[[[93.46,-2.64],[93.49,-2.61],[93.57,-2.61],[93.57,-2.6],[93.78,-2.6],[93.89,-2.61],[93.96,-2.64],[93.96,-2.66],[93.85,-2.71],[93.78,-2.71],[93.75,-2.73],[93.75,-2.78],[93.78,-2.79],[93.85,-2.83],[93.85,-2.88],[93.75,-2.91],[93.64,-2.91],[93.57,-2.89],[93.57,-2.86],[93.49,-2.81],[93.42,-2.79],[93.31,-2.79],[93.28,-2.76],[93.24,-2.76],[93.24,-2.73],[93.28,-2.71],[93.35,-2.71],[93.42,-2.68],[93.46,-2.68],[93.46,-2.64]]]}},{"type":"Feature","properties":{"precip":20},"geometry":{"type":"Polygon","coordinates":[[[94.36,-2.73],[94.43,-2.64],[94.54,-2.61],[94.65,-2.6],[94.79,-2.6],[94.86,-2.61],[94.93,-2.64],[94.97,-2.68],[95.04,-2.76],[95.04,-3.06],[94.97,-3.09],[94.86,-3.09],[94.75,-3.12],[94.75,-3.19],[94.65,-3.21],[94.65,-3.16],[94.65,-3.14],[94.65,-2.93],[94.61,-2.91],[94.57,-2.91],[94.57,-2.93],[94.54,-2.94],[94.54,-3.06],[94.5,-3.07],[94.5,-3.11],[94.43,-3.16],[94.39,-3.21],[94.36,-3.21],[94.36,-2.97],[94.32,-2.94],[94.32,-2.91],[94.29,-2.91],[94.29,-2.79],[94.36,-2.73]],[[94.75,-2.86],[94.75,-2.81],[94.65,-2.79],[94.65,-2.83],[94.65,-2.89],[94.65,-2.91],[94.75,-2.89],[94.75,-2.86]]]}},{"type":"Feature","properties":{"precip":20},"geometry":{"type":"Polygon","coordinates":[[[88.46,-2.91],[88.46,-2.84],[88.49,-2.81],[88.6,-2.81],[88.67,-2.79],[88.82,-2.79],[88.82,-2.81],[88.96,-2.81],[89.03,-2.83],[89.03,-2.86],[89.0,-2.91],[88.92,-2.91],[88.82,-2.94],[88.82,-3.06],[88.92,-3.09],[89.0,-3.09],[89.03,-3.11],[89.03,-3.17],[89.03,-3.22],[89.03,-3.37],[89.1,-3.4],[89.18,-3.4],[89.25,-3.42],[89.25,-3.49],[89.18,-3.5],[89.1,-3.5],[89.03,-3.52],[89.03,-3.59],[89.14,-3.6],[89.21,-3.6],[89.25,-3.62],[89.25,-3.68],[89.21,-3.7],[89.14,-3.7],[89.03,-3.72],[89.03,-3.75],[89.0,-3.8],[88.89,-3.8],[88.82,-3.82],[88.82,-3.88],[88.82,-3.9],[88.71,-3.9],[88.6,-3.87],[88.6,-3.82],[88.6,-3.8],[88.56,-3.82],[88.56,-3.85],[88.53,-3.87],[88.53,-3.9],[88.46,-3.87],[88.46,-3.83],[88.31,-3.8],[88.17,-3.8],[88.1,-3.82],[88.02,-3.85],[88.02,-3.9],[87.95,-3.9],[87.95,-3.87],[87.92,-3.82],[87.84,-3.8],[87.7,-3.8],[87.66,-3.77],[87.66,-3.72],[87.7,-3.7],[87.7,-3.57],[87.74,-3.57],[87.74,-3.54],[87.81,-3.5],[87.88,-3.5],[87.92,-3.52],[87.92,-3.57],[87.95,-3.59],[88.06,-3.59],[88.06,-3.6],[88.13,-3.6],[88.24,-3.57],[88.24,-3.55],[88.28,-3.52],[88.35,-3.5],[88.46,-3.5],[88.53,-3.52],[88.56,-3.55],[88.56,-3.59],[88.6,-3.59],[88.6,-3.32],[88.56,-3.3],[88.38,-3.24],[88.38,-3.22],[88.38,-3.21],[88.38,-3.16],[88.28,-3.11],[88.28,-3.09],[88.17,-3.09],[88.17,-3.07],[88.17,-3.02],[88.17,-3.01],[88.35,-3.01],[88.38,-2.97],[88.46,-2.94],[88.46,-2.91]],[[88.82,-3.16],[88.82,-3.11],[88.78,-3.09],[88.74,-3.12],[88.74,-3.17],[88.78,-3.19],[88.82,-3.19],[88.82,-3.16]],[[88.35,-3.65],[88.35,-3.62],[88.28,-3.6],[88.24,-3.63],[88.24,-3.67],[88.28,-3.7],[88.35,-3.68],[88.35,-3.65]]]}},{"type":"Feature","properties":{"precip":20},"geometry":{"type":"Polygon","coordinates":[[[89.46,-2.94],[89.46,-2.83],[89.54,-2.79],[89.64,-2.81],[89.68,-2.84],[89.75,-2.88],[89.82,-2.91],[89.86,-2.96],[89.9,-3.07],[89.97,-3.12],[89.97,-3.17],[90.0,-3.21],[90.11,-3.21],[90.11,-3.24],[90.11,-3.37],[90.08,-3.4],[90.04,-3.37],[90.04,-3.32],[90.0,-3.32],[89.9,-3.35],[89.86,-3.44],[89.86,-3.57],[89.82,-3.57],[89.75,-3.63],[89.75,-3.75],[89.64,-3.8],[89.46,-3.8],[89.36,-3.77],[89.36,-3.63],[89.39,-3.6],[89.54,-3.6],[89.57,-3.59],[89.64,-3.59],[89.64,-3.52],[89.54,-3.44],[89.39,-3.39],[89.36,-3.39],[89.36,-3.32],[89.39,-3.3],[89.46,-3.3],[89.46,-3.29],[89.54,-3.27],[89.54,-3.11],[89.46,-3.07],[89.46,-2.94]]]}},{"type":"Feature","properties":{"precip":20},"geometry":{"type":"Polygon","coordinates":[[[97.35,-2.93],[97.35,-2.91],[97.42,-2.91],[97.53,-3.01],[97.53,-3.07],[97.45,-3.07],[97.42,-3.04],[97.42,-3.01],[97.35,-2.94],[97.35,-2.93]]]}},{"type":"Feature","properties":{"precip":20},"geometry":{"type":"Polygon","coordinates":[[[94.0,-3.06],[94.07,-3.04],[94.07,-3.01],[94.14,-3.01],[94.14,-3.09],[94.07,-3.09],[94.07,-3.06],[94.0,-3.06]]]}},{"type":"Feature","properties":{"precip":20},"geometry":{"type":"Polygon","coordinates":[[[89.14,-3.85],[89.18,-3.8],[89.25,-3.8],[89.25,-3.9],[89.21,-3.9],[89.14,-3.85]]]}},{"type":"Feature","properties":{"precip":20},"geometry":{"type":"Polygon","coordinates":[[[88.74,-4.06],[88.78,-4.03],[88.82,-4.0],[88.92,-4.0],[89.1,-4.03],[89.18,-4.08],[89.25,-4.13],[89.25,-4.18],[89.21,-4.18],[89.18,-4.21],[89.18,-4.29],[89.14,-4.36],[89.14,-4.41],[89.18,-4.44],[89.18,-4.49],[89.25,-4.49],[89.25,-4.43],[89.25,-4.41],[89.39,-4.41],[89.43,-4.39],[89.43,-4.36],[89.46,-4.34],[89.46,-4.23],[89.54,-4.21],[89.54,-4.38],[89.57,-4.41],[89.57,-4.48],[89.64,-4.53],[89.64,-4.56],[89.61,-4.57],[89.61,-4.62],[89.54,-4.66],[89.54,-4.69],[89.46,-4.71],[89.46,-4.74],[89.46,-4.76],[89.46,-4.84],[89.43,-4.85],[89.43,-4.89],[89.39,-4.9],[89.32,-4.9],[89.25,-4.92],[89.25,-4.97],[89.18,-5.0],[89.14,-5.0],[89.03,-4.97],[89.03,-4.89],[89.03,-4.85],[89.03,-4.82],[88.96,-4.79],[88.89,-4.79],[88.82,-4.76],[88.82,-4.64],[88.78,-4.59],[88.71,-4.59],[88.67,-4.57],[88.6,-4.57],[88.6,-4.53],[88.6,-4.51],[88.56,-4.53],[88.56,-4.57],[88.49,-4.59],[88.38,-4.59],[88.35,-4.57],[88.35,-4.51],[88.31,-4.49],[88.28,-4.51],[88.28,-4.54],[88.24,-4.57],[88.24,-4.64],[88.28,-4.66],[88.28,-4.71],[88.31,-4.71],[88.35,-4.74],[88.35,-4.87],[88.31,-4.87],[88.31,-4.9],[88.17,-4.9],[88.17,-4.92],[88.17,-4.94],[88.13,-4.97],[88.02,-5.0],[87.92,-5.0],[87.81,-4.97],[87.74,-4.94],[87.7,-4.92],[87.66,-4.89],[87.66,-4.82],[87.7,-4.79],[87.7,-4.69],[87.74,-4.67],[87.74,-4.62],[87.81,-4.57],[87.88,-4.54],[87.88,-4.51],[87.92,-4.44],[87.92,-4.34],[88.02,-4.29],[88.1,-4.29],[88.13,-4.31],[88.13,-4.34],[88.17,-4.36],[88.17,-4.39],[88.17,-4.41],[88.28,-4.41],[88.35,-4.36],[88.35,-4.24],[88.38,-4.21],[88.46,-4.21],[88.46,-4.2],[88.53,-4.2],[88.53,-4.16],[88.56,-4.16],[88.56,-4.11],[88.6,-4.1],[88.71,-4.1],[88.74,-4.06]]]}},{"type":"Feature","properties":{"precip":20},"geometry":{"type":"Polygon","coordinates":[[[66.25,-4.44],[66.25,-4.41],[66.32,-4.41],[66.35,-4.41],[66.35,-4.48],[66.39,-4.49],[66.46,-4.49],[66.46,-4.51],[66.53,-4.51],[66.53,-4.57],[66.5,-4.59],[66.32,-4.59],[66.25,-4.66],[66.25,-4.76],[66.32,-4.81],[66.32,-4.84],[66.35,-4.87],[66.35,-5.07],[66.32,-5.09],[66.21,-5.09],[66.1,-5.1],[66.07,-5.12],[66.07,-5.38],[66.14,-5.42],[66.14,-5.48],[66.1,-5.51],[66.03,-5.55],[65.99,-5.58],[65.89,-5.6],[65.81,-5.6],[65.74,-5.63],[65.74,-5.66],[65.67,-5.7],[65.56,-5.7],[65.45,-5.73],[65.45,-5.76],[65.38,-5.79],[65.31,-5.79],[65.27,-5.81],[65.24,-5.86],[65.31,-5.89],[65.38,-5.91],[65.45,-5.94],[65.45,-6.16],[65.35,-6.21],[65.27,-6.21],[65.17,-6.24],[65.13,-6.27],[65.06,-6.32],[65.06,-6.39],[65.13,-6.42],[65.13,-6.49],[65.09,-6.49],[65.09,-6.52],[65.06,-6.54],[65.06,-6.67],[65.17,-6.7],[65.38,-6.7],[65.49,-6.72],[65.56,-6.75],[65.56,-6.77],[65.78,-6.8],[65.89,-6.8],[66.03,-6.78],[66.25,-6.77],[66.28,-6.73],[66.28,-6.7],[66.32,-6.7],[66.32,-6.73],[66.35,-6.75],[66.35,-6.77],[66.39,-6.77],[66.43,-6.8],[66.5,-6.8],[66.53,-6.82],[66.53,-6.85],[66.61,-6.9],[66.68,-6.9],[66.75,-6.93],[66.75,-6.95],[66.82,-6.98],[66.89,-7.0],[67.11,-7.0],[67.18,-6.98],[67.25,-6.95],[67.25,-6.93],[67.29,-6.9],[67.33,-6.9],[67.43,-6.93],[67.54,-7.03],[67.54,-7.06],[67.51,-7.08],[67.51,-7.11],[67.47,-7.11],[67.43,-7.16],[67.25,-7.25],[67.18,-7.31],[67.18,-7.35],[67.15,-7.39],[67.15,-7.44],[67.07,-7.49],[66.82,-7.49],[66.75,-7.44],[66.75,-7.33],[66.68,-7.3],[66.61,-7.3],[66.57,-7.33],[66.57,-7.38],[66.53,-7.41],[66.57,-7.44],[66.57,-7.49],[66.64,-7.51],[66.64,-7.58],[66.53,-7.59],[66.5,-7.61],[66.32,-7.61],[66.14,-7.56],[66.1,-7.53],[65.96,-7.51],[65.89,-7.51],[65.78,-7.49],[65.02,-7.49],[64.91,-7.48],[64.84,-7.44],[64.84,-7.23],[64.81,-7.2],[64.77,-7.21],[64.73,-7.26],[64.73,-7.28],[64.66,-7.28],[64.66,-7.21],[64.73,-7.18],[64.73,-7.11],[64.66,-7.1],[64.66,-6.97],[64.63,-6.95],[64.63,-6.93],[64.55,-6.9],[64.48,-6.9],[64.41,-6.92],[64.34,-6.93],[64.34,-6.97],[64.27,-6.98],[64.27,-6.95],[64.23,-6.92],[64.16,-6.93],[64.16,-6.95],[64.02,-7.0],[63.76,-7.0],[63.66,-6.95],[63.66,-6.87],[63.62,-6.85],[63.62,-6.8],[63.51,-6.72],[63.44,-6.7],[63.37,-6.72],[63.37,-6.75],[63.3,-6.77],[63.22,-6.78],[63.08,-6.78],[63.01,-6.8],[62.94,-6.8],[62.76,-6.78],[62.65,-6.78],[62.54,-6.77],[62.43,-6.73],[62.36,-6.64],[62.36,-6.55],[62.29,-6.5],[62.22,-6.5],[62.18,-6.47],[62.14,-6.47],[62.14,-6.42],[62.11,-6.41],[62.0,-6.41],[61.96,-6.39],[61.96,-6.36],[61.93,-6.36],[61.93,-6.31],[61.89,-6.29],[61.89,-6.32],[61.86,-6.34],[61.86,-6.37],[61.68,-6.41],[61.5,-6.41],[61.42,-6.39],[61.35,-6.36],[61.35,-6.32],[61.32,-6.31],[61.24,-6.31],[61.24,-6.29],[61.1,-6.29],[61.06,-6.27],[61.06,-6.24],[60.99,-6.21],[60.92,-6.21],[60.85,-6.16],[60.85,-6.04],[60.78,-5.99],[60.7,-5.99],[60.67,-5.98],[60.67,-5.91],[60.63,-5.88],[60.63,-5.81],[60.56,-5.78],[60.56,-5.73],[60.67,-5.7],[60.78,-5.7],[60.85,-5.66],[60.85,-5.63],[60.92,-5.6],[61.03,-5.6],[61.14,-5.58],[61.14,-5.55],[61.21,-5.5],[61.28,-5.5],[61.35,-5.47],[61.39,-5.43],[61.39,-5.4],[61.42,-5.42],[61.42,-5.43],[61.46,-5.47],[61.53,-5.5],[61.6,-5.5],[61.64,-5.47],[61.64,-5.43],[61.71,-5.42],[61.78,-5.42],[61.82,-5.4],[61.96,-5.4],[62.04,-5.37],[62.04,-5.35],[62.14,-5.3],[62.43,-5.3],[62.54,-5.33],[62.54,-5.37],[62.58,-5.37],[62.65,-5.4],[62.79,-5.4],[62.83,-5.42],[62.9,-5.42],[62.94,-5.42],[62.94,-5.48],[62.86,-5.48],[62.83,-5.5],[62.72,-5.5],[62.65,-5.51],[62.5,-5.58],[62.47,-5.6],[62.47,-5.68],[62.54,-5.7],[63.4,-5.7],[63.48,-5.68],[63.55,-5.68],[63.66,-5.66],[63.66,-5.63],[63.73,-5.6],[63.84,-5.6],[63.91,-5.58],[63.94,-5.58],[63.94,-5.55],[63.98,-5.53],[64.12,-5.5],[64.41,-5.5],[64.48,-5.48],[64.55,-5.45],[64.55,-5.42],[64.63,-5.4],[64.7,-5.4],[64.73,-5.38],[64.73,-5.35],[64.84,-5.3],[65.06,-5.3],[65.09,-5.28],[65.17,-5.28],[65.24,-5.27],[65.24,-5.25],[65.35,-5.22],[65.42,-5.22],[65.45,-5.2],[65.71,-5.2],[65.81,-5.18],[65.89,-5.18],[65.96,-5.15],[65.96,-5.12],[65.85,-5.07],[65.85,-5.04],[65.92,-5.0],[65.92,-4.95],[65.96,-4.94],[65.96,-4.87],[65.92,-4.84],[65.92,-4.79],[65.85,-4.76],[65.85,-4.74],[65.92,-4.71],[65.92,-4.66],[65.96,-4.62],[65.96,-4.54],[65.99,-4.51],[66.07,-4.51],[66.1,-4.49],[66.17,-4.49],[66.25,-4.46],[66.25,-4.44]],[[62.94,-6.06],[62.94,-6.01],[62.86,-6.01],[62.86,-6.09],[62.94,-6.09],[62.94,-6.06]],[[63.04,-6.14],[63.04,-6.11],[62.97,-6.09],[62.97,-6.12],[62.94,-6.14],[63.01,-6.21],[63.04,-6.19],[63.04,-6.14]],[[66.35,-7.44],[66.35,-7.43],[66.32,-7.41],[66.25,-7.43],[66.25,-7.48],[66.28,-7.49],[66.35,-7.48],[66.35,-7.44]]]}},{"type":"Feature","properties":{"precip":20},"geometry":{"type":"Polygon","coordinates":[[[53.86,-4.79],[53.86,-4.76],[53.94,-4.71],[54.04,-4.71],[54.15,-4.76],[54.22,-4.81],[54.22,-4.9],[54.15,-4.92],[54.15,-4.97],[54.19,-4.97],[54.22,-5.0],[54.22,-5.05],[54.26,-5.07],[54.26,-5.18],[54.33,-5.2],[54.33,-5.3],[54.19,-5.27],[54.15,-5.23],[54.08,-5.2],[54.04,-5.14],[53.9,-5.02],[53.86,-5.02],[53.86,-5.07],[53.83,-5.09],[53.79,-5.09],[53.76,-5.07],[53.76,-4.92],[53.83,-4.9],[53.83,-4.84],[53.86,-4.82],[53.86,-4.79]]]}},{"type":"Feature","properties":{"precip":20},"geometry":{"type":"Polygon","coordinates":[[[87.45,-5.25],[87.48,-5.2],[87.52,-5.23],[87.52,-5.27],[87.48,-5.3],[87.45,-5.27],[87.45,-5.25]]]}},{"type":"Feature","properties":{"precip":20},"geometry":{"type":"Polygon","coordinates":[[[87.27,-5.4],[87.27,-5.3],[87.3,-5.33],[87.3,-5.66],[87.27,-5.68],[87.27,-5.71],[87.27,-5.98],[87.23,-6.03],[87.23,-6.09],[87.2,-6.09],[87.09,-6.01],[87.05,-5.96],[87.05,-5.93],[87.09,-5.91],[87.09,-5.88],[87.16,-5.84],[87.05,-5.79],[87.02,-5.79],[86.94,-5.76],[86.94,-5.68],[86.98,-5.65],[86.98,-5.6],[87.05,-5.51],[87.09,-5.5],[87.2,-5.5],[87.23,-5.48],[87.23,-5.42],[87.27,-5.4]]]}},{"type":"Feature","properties":{"precip":20},"geometry":{"type":"Polygon","coordinates":[[[85.43,-5.47],[85.43,-5.45],[85.54,-5.42],[85.72,-5.42],[85.72,-5.43],[85.76,-5.45],[85.76,-5.56],[85.86,-5.6],[85.94,-5.6],[85.97,-5.63],[86.08,-5.68],[86.15,-5.75],[86.15,-5.78],[86.12,-5.79],[85.97,-5.79],[85.97,-5.83],[85.97,-5.86],[85.94,-5.88],[85.94,-5.98],[85.9,-5.99],[85.76,-5.99],[85.72,-6.01],[85.65,-6.04],[85.65,-6.08],[85.58,-6.09],[85.54,-6.06],[85.5,-6.03],[85.47,-5.99],[85.32,-5.79],[85.32,-5.6],[85.43,-5.47]]]}},{"type":"Feature","properties":{"precip":20},"geometry":{"type":"Polygon","coordinates":[[[86.37,-5.55],[86.37,-5.53],[86.51,-5.5],[86.73,-5.5],[86.84,-5.53],[86.84,-5.7],[86.8,-5.7],[86.76,-5.75],[86.76,-5.99],[86.73,-6.04],[86.73,-6.09],[86.66,-6.09],[86.62,-6.09],[86.55,-6.06],[86.55,-5.84],[86.51,-5.83],[86.51,-5.79],[86.4,-5.75],[86.44,-5.71],[86.55,-5.73],[86.55,-5.76],[86.62,-5.79],[86.62,-5.76],[86.62,-5.65],[86.58,-5.6],[86.44,-5.6],[86.37,-5.58],[86.37,-5.55]]]}},{"type":"Feature","properties":{"precip":20},"geometry":{"type":"Polygon","coordinates":[[[97.02,-5.55],[97.02,-5.51],[97.13,-5.5],[97.13,-5.53],[97.17,-5.55],[97.09,-5.6],[97.02,-5.6],[97.02,-5.55]]]}},{"type":"Feature","properties":{"precip":20},"geometry":{"type":"Polygon","coordinates":[[[85.54,-6.29],[85.54,-6.27],[85.54,-6.26],[85.54,-6.21],[85.58,-6.21],[85.65,-6.24],[85.65,-6.37],[85.54,-6.41],[85.54,-6.36],[85.54,-6.34],[85.54,-6.29]]]}},{"type":"Feature","properties":{"precip":20},"geometry":{"type":"Polygon","coordinates":[[[85.76,-6.36],[85.76,-6.31],[85.79,-6.29],[85.79,-6.32],[85.86,-6.32],[85.86,-6.37],[85.79,-6.41],[85.76,-6.39],[85.76,-6.36]]]}},{"type":"Feature","properties":{"precip":20},"geometry":{"type":"Polygon","coordinates":[[[85.94,-6.44],[85.97,-6.41],[86.08,-6.41],[86.15,-6.44],[86.15,-6.57],[86.19,-6.6],[86.22,-6.59],[86.22,-6.52],[86.3,-6.5],[86.4,-6.5],[86.4,-6.52],[86.4,-6.6],[86.44,-6.62],[86.44,-6.67],[86.55,-6.73],[86.62,-6.85],[86.62,-6.93],[86.62,-6.95],[86.62,-6.98],[86.55,-7.06],[86.44,-7.1],[86.37,-7.1],[86.37,-7.05],[86.33,-7.05],[86.33,-7.02],[86.3,-7.0],[86.19,-7.0],[86.15,-6.95],[86.15,-6.83],[86.12,-6.8],[86.08,-6.8],[86.08,-6.83],[86.01,-6.85],[86.01,-6.93],[85.97,-6.98],[85.94,-7.0],[85.86,-6.97],[85.79,-6.93],[85.79,-6.92],[85.76,-6.9],[85.76,-6.93],[85.76,-6.97],[85.68,-7.0],[85.68,-6.97],[85.65,-6.93],[85.65,-6.77],[85.68,-6.75],[85.68,-6.7],[85.72,-6.7],[85.72,-6.67],[85.76,-6.65],[85.76,-6.54],[85.76,-6.5],[85.86,-6.5],[85.94,-6.49],[85.94,-6.44]],[[86.01,-6.65],[86.01,-6.6],[85.97,-6.6],[85.94,-6.64],[85.97,-6.67],[85.97,-6.7],[86.01,-6.69],[86.01,-6.65]]]}},{"type":"Feature","properties":{"precip":20},"geometry":{"type":"Polygon","coordinates":[[[98.25,-6.7],[98.25,-6.65],[98.32,-6.6],[98.39,-6.6],[98.53,-6.6],[98.64,-6.62],[98.64,-6.65],[98.53,-6.73],[98.5,-6.78],[98.39,-6.8],[98.28,-6.77],[98.25,-6.75],[98.25,-6.7]]]}},{"type":"Feature","properties":{"precip":20},"geometry":{"type":"Polygon","coordinates":[[[97.35,-6.75],[97.35,-6.73],[97.42,-6.7],[97.45,-6.7],[97.53,-6.72],[97.56,-6.77],[97.45,-6.78],[97.42,-6.8],[97.38,-6.77],[97.35,-6.77],[97.35,-6.75]]]}},{"type":"Feature","properties":{"precip":20},"geometry":{"type":"Polygon","coordinates":[[[99.14,-9.15],[99.07,-9.18],[99.07,-9.19],[98.97,-9.19],[98.89,-9.23],[98.82,-9.27],[98.75,-9.31],[98.75,-9.36],[98.75,-9.42],[98.75,-9.56],[98.68,-9.6],[98.68,-9.56],[98.64,-9.54],[98.64,-9.42],[98.61,-9.41],[98.53,-9.41],[98.46,-9.37],[98.46,-9.31],[98.53,-9.29],[98.53,-9.21],[98.53,-9.18],[98.53,-9.13],[98.61,-9.11],[98.61,-9.08],[98.64,-9.08],[98.64,-9.03],[98.53,-8.98],[98.53,-8.88],[98.53,-8.85],[98.53,-8.8],[98.53,-8.71],[98.71,-8.68],[98.75,-8.68],[98.75,-8.63],[98.75,-8.62],[98.93,-8.58],[98.97,-8.57],[98.97,-8.52],[99.04,-8.5],[99.14,-8.45],[99.14,-9.15]]]}},{"type":"Feature","properties":{"precip":20},"geometry":{"type":"Polygon","coordinates":[[[86.19,-7.99],[86.22,-7.92],[86.33,-7.86],[86.37,-7.84],[86.37,-7.81],[86.4,-7.79],[86.44,-7.86],[86.51,-7.92],[86.51,-7.96],[86.55,-8.04],[86.55,-8.29],[86.58,-8.33],[86.58,-8.4],[86.62,-8.38],[86.62,-8.32],[86.76,-8.29],[86.84,-8.32],[86.84,-8.42],[86.84,-8.45],[86.84,-8.48],[86.94,-8.5],[86.94,-8.58],[86.87,-8.6],[86.84,-8.6],[86.76,-8.63],[86.76,-8.73],[86.73,-8.75],[86.73,-8.78],[86.62,-8.8],[86.58,-8.8],[86.44,-8.83],[86.4,-8.9],[86.37,-8.94],[86.37,-9.01],[86.33,-9.06],[86.33,-9.09],[86.22,-9.08],[86.22,-9.04],[86.15,-8.96],[86.15,-8.93],[86.19,-8.9],[86.19,-8.85],[86.22,-8.8],[86.22,-8.7],[86.19,-8.63],[86.19,-8.62],[86.15,-8.57],[86.15,-8.33],[86.12,-8.3],[86.01,-8.3],[85.97,-8.29],[85.94,-8.29],[85.86,-8.27],[85.86,-8.22],[85.94,-8.2],[86.01,-8.14],[86.12,-8.09],[86.19,-7.99]]]}},{"type":"Feature","properties":{"precip":20},"geometry":{"type":"Polygon","coordinates":[[[37.7,-7.97],[37.77,-7.92],[37.81,-7.91],[37.85,-7.92],[37.85,-8.07],[37.81,-8.07],[37.81,-8.1],[37.67,-8.1],[37.67,-8.0],[37.7,-7.97]]]}},{"type":"Feature","properties":{"precip":20},"geometry":{"type":"Polygon","coordinates":[[[97.74,-8.25],[97.78,-8.2],[97.85,-8.22],[97.85,-8.29],[97.78,-8.29],[97.74,-8.25]]]}},{"type":"Feature","properties":{"precip":20},"geometry":{"type":"Polygon","coordinates":[[[85.32,-8.53],[85.36,-8.5],[85.5,-8.5],[85.54,-8.52],[85.54,-8.7],[85.47,-8.68],[85.47,-8.65],[85.36,-8.6],[85.32,-8.58],[85.32,-8.53]]]}},{"type":"Feature","properties":{"precip":20},"geometry":{"type":"Polygon","coordinates":[[[96.55,-8.75],[96.55,-8.73],[96.59,-8.7],[96.7,-8.7],[96.73,-8.71],[96.73,-8.8],[96.59,-8.8],[96.55,-8.78],[96.55,-8.75]]]}},{"type":"Feature","properties":{"precip":20},"geometry":{"type":"Polygon","coordinates":[[[84.24,-8.85],[84.24,-8.8],[84.42,-8.8],[84.46,-8.83],[84.46,-8.86],[84.42,-8.9],[84.24,-8.9],[84.24,-8.85]]]}},{"type":"Feature","properties":{"precip":20},"geometry":{"type":"Polygon","coordinates":[[[86.62,-8.96],[86.62,-8.91],[86.73,-8.9],[86.73,-8.93],[86.76,-8.93],[86.76,-8.96],[86.73,-8.99],[86.62,-8.98],[86.62,-8.96]]]}},{"type":"Feature","properties":{"precip":20},"geometry":{"type":"Polygon","coordinates":[[[97.85,-9.14],[97.85,-9.13],[97.89,-9.11],[97.96,-9.13],[97.96,-9.18],[97.89,-9.19],[97.85,-9.18],[97.85,-9.14]]]}},{"type":"Feature","properties":{"precip":20},"geometry":{"type":"Polygon","coordinates":[[[97.99,-9.37],[98.1,-9.29],[98.1,-9.37],[98.1,-9.39],[98.1,-9.42],[97.99,-9.47],[97.96,-9.47],[97.96,-9.46],[97.99,-9.42],[97.99,-9.37]]]}},{"type":"Feature","properties":{"precip":20},"geometry":{"type":"Polygon","coordinates":[[[71.03,-9.7],[71.07,-9.67],[71.07,-9.64],[71.11,-9.6],[71.18,-9.6],[71.25,-9.64],[71.25,-9.77],[71.18,-9.8],[71.11,-9.8],[71.07,-9.79],[71.07,-9.72],[71.03,-9.7]]]}},{"type":"Feature","properties":{"precip":20},"geometry":{"type":"Polygon","coordinates":[[[71.47,-9.64],[71.47,-9.6],[71.57,-9.64],[71.57,-9.67],[71.61,-9.69],[71.61,-9.72],[71.65,-9.74],[71.65,-9.79],[71.57,-9.77],[71.47,-9.67],[71.47,-9.64]]]}},{"type":"Feature","properties":{"precip":20},"geometry":{"type":"Polygon","coordinates":[[[71.47,-9.95],[71.5,-9.92],[71.57,-9.9],[71.75,-9.9],[71.9,-9.93],[71.93,-9.97],[72.01,-9.98],[72.01,-10.02],[72.04,-10.05],[72.04,-10.1],[72.08,-10.15],[72.08,-10.18],[72.11,-10.23],[72.19,-10.28],[72.22,-10.31],[72.33,-10.4],[72.4,-10.4],[72.44,-10.43],[72.44,-10.54],[72.47,-10.56],[72.47,-10.59],[72.55,-10.63],[72.55,-10.78],[72.51,-10.78],[72.47,-10.81],[72.37,-10.81],[72.26,-10.76],[72.26,-10.74],[72.19,-10.69],[72.19,-10.68],[72.11,-10.63],[72.08,-10.61],[72.01,-10.61],[71.97,-10.59],[71.97,-10.56],[71.93,-10.54],[71.93,-10.51],[71.9,-10.5],[71.79,-10.5],[71.79,-10.48],[71.75,-10.46],[71.75,-10.33],[71.79,-10.31],[71.86,-10.31],[71.93,-10.3],[71.93,-10.21],[71.9,-10.2],[71.83,-10.2],[71.79,-10.17],[71.72,-10.15],[71.72,-10.1],[71.68,-10.07],[71.61,-10.03],[71.57,-10.0],[71.47,-9.98],[71.47,-9.95]]]}},{"type":"Feature","properties":{"precip":20},"geometry":{"type":"Polygon","coordinates":[[[74.35,-9.95],[74.35,-9.92],[74.38,-9.9],[74.45,-9.92],[74.45,-9.98],[74.38,-9.98],[74.35,-9.97],[74.35,-9.95]]]}},{"type":"Feature","properties":{"precip":20},"geometry":{"type":"Polygon","coordinates":[[[98.64,-10.28],[98.68,-10.25],[98.68,-10.21],[98.75,-10.2],[98.97,-10.2],[99.04,-10.23],[99.04,-10.51],[99.07,-10.54],[99.07,-10.59],[99.14,-10.61],[99.14,-11.05],[99.11,-11.02],[99.11,-10.99],[98.97,-10.91],[98.93,-10.96],[98.89,-10.99],[98.75,-11.09],[98.71,-11.11],[98.64,-11.07],[98.64,-11.02],[98.53,-10.99],[98.46,-10.99],[98.39,-10.97],[98.28,-10.87],[98.25,-10.82],[98.25,-10.79],[98.32,-10.69],[98.39,-10.64],[98.46,-10.54],[98.5,-10.51],[98.53,-10.43],[98.61,-10.4],[98.61,-10.35],[98.64,-10.31],[98.64,-10.28]],[[99.14,-10.71],[99.07,-10.69],[99.07,-10.74],[99.04,-10.76],[99.04,-10.82],[99.07,-10.86],[99.07,-10.89],[99.14,-10.88],[99.14,-10.71]]]}},{"type":"Feature","properties":{"precip":20},"geometry":{"type":"Polygon","coordinates":[[[40.44,-11.55],[40.47,-11.5],[40.51,-11.48],[40.55,-11.5],[40.55,-11.58],[40.47,-11.6],[40.44,-11.55]]]}},{"type":"Feature","properties":{"precip":20},"geometry":{"type":"Polygon","coordinates":[[[80.36,-13.1],[80.36,-12.94],[80.36,-12.92],[80.5,-12.92],[80.54,-12.92],[80.54,-12.97],[80.57,-12.97],[80.57,-13.0],[80.61,-13.0],[80.72,-13.0],[80.75,-13.05],[80.79,-13.12],[80.79,-13.15],[80.82,-13.17],[80.93,-13.2],[81.0,-13.22],[81.04,-13.25],[81.04,-13.3],[81.15,-13.4],[81.15,-13.66],[81.04,-13.69],[80.97,-13.69],[80.79,-13.68],[80.75,-13.64],[80.68,-13.6],[80.61,-13.53],[80.57,-13.5],[80.57,-13.43],[80.54,-13.36],[80.54,-13.33],[80.46,-13.3],[80.36,-13.3],[80.36,-13.27],[80.36,-13.1]]]}},{"type":"Feature","properties":{"precip":20},"geometry":{"type":"Polygon","coordinates":[[[91.77,-13.51],[91.77,-13.1],[91.8,-13.1],[91.84,-13.15],[91.84,-13.17],[91.95,-13.25],[91.95,-13.35],[91.98,-13.35],[91.98,-13.4],[92.02,-13.41],[92.05,-13.5],[92.13,-13.51],[92.13,-13.58],[92.16,-13.63],[92.16,-13.79],[92.13,-13.83],[92.13,-13.89],[92.05,-13.89],[92.05,-13.94],[92.05,-13.96],[92.05,-14.27],[92.02,-14.3],[91.91,-14.21],[91.84,-14.17],[91.84,-14.12],[91.84,-14.07],[91.84,-13.93],[91.77,-13.86],[91.77,-13.51]]]}},{"type":"Feature","properties":{"precip":20},"geometry":{"type":"Polygon","coordinates":[[[50.66,-13.55],[50.66,-13.51],[50.73,-13.51],[50.73,-13.6],[50.66,-13.6],[50.66,-13.55]]]}},{"type":"Feature","properties":{"precip":20},"geometry":{"type":"Polygon","coordinates":[[[92.45,-13.69],[92.45,-13.55],[92.49,-13.53],[92.49,-13.51],[92.7,-13.51],[92.7,-13.6],[92.67,-13.61],[92.67,-13.79],[92.63,-13.83],[92.63,-13.88],[92.59,-13.89],[92.49,-13.89],[92.49,-13.86],[92.45,-13.84],[92.45,-13.69]]]}},{"type":"Feature","properties":{"precip":20},"geometry":{"type":"Polygon","coordinates":[[[94.86,-13.58],[94.93,-13.53],[95.01,-13.51],[95.04,-13.51],[95.04,-13.79],[94.97,-13.78],[94.86,-13.68],[94.86,-13.64],[94.86,-13.61],[94.86,-13.58]]]}},{"type":"Feature","properties":{"precip":20},"geometry":{"type":"Polygon","coordinates":[[[48.36,-14.95],[48.36,-14.91],[48.43,-14.91],[48.43,-14.93],[48.47,-14.93],[48.47,-14.96],[48.43,-14.96],[48.43,-15.0],[48.36,-15.0],[48.36,-14.95]]]}},{"type":"Feature","properties":{"precip":20},"geometry":{"type":"Polygon","coordinates":[[[48.14,-15.15],[48.18,-15.1],[48.25,-15.11],[48.25,-15.2],[48.21,-15.2],[48.14,-15.18],[48.14,-15.15]]]}},{"type":"Feature","properties":{"precip":20},"geometry":{"type":"Polygon","coordinates":[[[91.52,-15.28],[91.52,-15.26],[91.59,-15.23],[91.77,-15.2],[92.16,-15.2],[92.23,-15.21],[92.23,-15.28],[92.2,-15.29],[92.2,-15.33],[92.05,-15.44],[92.05,-15.48],[92.05,-15.51],[92.13,-15.53],[92.2,-15.56],[92.23,-15.59],[92.27,-15.59],[92.34,-15.61],[92.41,-15.61],[92.45,-15.62],[92.45,-15.67],[92.34,-15.71],[92.16,-15.71],[92.05,-15.67],[92.05,-15.64],[92.02,-15.62],[92.02,-15.59],[91.95,-15.56],[91.95,-15.53],[91.84,-15.51],[91.77,-15.51],[91.55,-15.46],[91.48,-15.39],[91.48,-15.33],[91.52,-15.28]]]}},{"type":"Feature","properties":{"precip":20},"geometry":{"type":"Polygon","coordinates":[[[48.14,-15.39],[48.14,-15.34],[48.21,-15.29],[48.21,-15.33],[48.25,-15.33],[48.25,-15.48],[48.18,-15.51],[48.18,-15.48],[48.14,-15.46],[48.14,-15.39]]]}},{"type":"Feature","properties":{"precip":20},"geometry":{"type":"Polygon","coordinates":[[[90.11,-17.83],[90.11,-17.8],[90.18,-17.8],[90.33,-17.95],[90.33,-17.98],[90.51,-18.06],[90.51,-18.08],[90.54,-18.1],[90.54,-18.11],[90.65,-18.15],[90.65,-18.16],[90.76,-18.28],[90.76,-18.31],[90.9,-18.38],[90.9,-18.39],[90.98,-18.39],[91.05,-18.44],[91.12,-18.54],[91.12,-18.59],[91.16,-18.66],[91.16,-18.82],[91.12,-18.86],[91.12,-18.91],[91.05,-18.89],[91.05,-18.82],[90.98,-18.81],[90.87,-18.77],[90.87,-18.56],[90.83,-18.51],[90.83,-18.41],[90.72,-18.39],[90.65,-18.36],[90.62,-18.33],[90.62,-18.3],[90.54,-18.23],[90.44,-18.2],[90.33,-18.18],[90.33,-18.08],[90.33,-18.06],[90.33,-18.03],[90.29,-18.02],[90.29,-17.98],[90.22,-17.92],[90.18,-17.9],[90.18,-17.88],[90.11,-17.87],[90.11,-17.83]]]}},{"type":"Feature","properties":{"precip":20},"geometry":{"type":"Polygon","coordinates":[[[95.15,-17.9],[95.15,-17.83],[95.19,-17.8],[95.22,-17.8],[95.22,-17.83],[95.29,-17.88],[95.29,-17.9],[95.29,-17.93],[95.47,-18.0],[95.69,-18.0],[95.8,-17.9],[95.83,-17.92],[95.83,-17.95],[95.91,-17.98],[95.94,-18.0],[96.12,-18.0],[96.16,-18.02],[96.27,-18.06],[96.27,-18.08],[96.3,-18.08],[96.45,-18.15],[96.52,-18.23],[96.55,-18.3],[96.55,-18.35],[96.48,-18.41],[96.48,-18.48],[96.52,-18.51],[96.55,-18.56],[96.59,-18.58],[96.59,-18.56],[96.7,-18.51],[96.81,-18.51],[96.88,-18.56],[96.88,-18.59],[96.91,-18.59],[96.91,-18.56],[96.95,-18.54],[97.02,-18.51],[97.13,-18.51],[97.17,-18.49],[97.24,-18.49],[97.35,-18.46],[97.35,-18.43],[97.38,-18.41],[97.42,-18.43],[97.45,-18.49],[97.56,-18.58],[97.56,-18.67],[97.63,-18.71],[97.67,-18.71],[97.74,-18.72],[97.74,-18.76],[97.81,-18.79],[97.89,-18.82],[97.99,-18.89],[98.03,-18.92],[98.03,-19.02],[98.07,-19.07],[98.07,-19.19],[98.1,-19.2],[98.21,-19.24],[98.28,-19.27],[98.32,-19.32],[98.39,-19.38],[98.43,-19.42],[98.43,-19.48],[98.46,-19.53],[98.46,-19.58],[98.5,-19.58],[98.53,-19.62],[98.53,-19.96],[98.5,-19.99],[98.32,-19.99],[98.28,-19.96],[98.25,-19.96],[98.25,-19.93],[98.21,-19.91],[98.17,-19.91],[98.17,-19.94],[98.1,-19.99],[98.07,-19.98],[98.07,-19.91],[98.1,-19.91],[98.1,-19.9],[98.1,-19.88],[98.1,-19.62],[98.07,-19.6],[97.96,-19.6],[97.96,-19.58],[97.89,-19.58],[97.85,-19.58],[97.85,-19.53],[97.78,-19.5],[97.67,-19.5],[97.67,-19.48],[97.67,-19.32],[97.63,-19.24],[97.63,-19.02],[97.6,-19.0],[97.45,-19.0],[97.45,-19.05],[97.45,-19.5],[97.45,-19.55],[97.45,-19.58],[97.53,-19.63],[97.6,-19.7],[97.63,-19.75],[97.67,-19.78],[97.78,-19.86],[97.78,-19.9],[97.85,-19.94],[97.85,-19.98],[97.78,-19.99],[97.56,-19.99],[97.45,-20.01],[97.42,-20.01],[97.35,-20.04],[97.35,-20.08],[97.42,-20.09],[97.45,-20.13],[97.45,-20.27],[97.42,-20.29],[97.38,-20.27],[97.31,-20.21],[97.2,-20.11],[97.2,-20.08],[97.17,-20.06],[97.02,-20.01],[96.99,-19.99],[96.91,-19.99],[96.88,-19.96],[96.81,-19.96],[96.81,-19.93],[96.88,-19.91],[96.95,-19.9],[96.95,-19.83],[96.81,-19.8],[96.66,-19.8],[96.55,-19.83],[96.55,-19.88],[96.52,-19.88],[96.48,-19.91],[96.37,-19.9],[96.34,-19.86],[96.34,-19.81],[96.3,-19.8],[96.16,-19.8],[96.16,-19.76],[96.16,-19.75],[96.16,-19.62],[96.23,-19.58],[96.27,-19.55],[96.23,-19.53],[96.09,-19.5],[95.91,-19.5],[95.83,-19.52],[95.73,-19.57],[95.73,-19.6],[95.69,-19.6],[95.69,-19.57],[95.65,-19.53],[95.58,-19.5],[95.51,-19.5],[95.44,-19.45],[95.44,-19.42],[95.37,-19.4],[95.29,-19.4],[95.22,-19.4],[95.01,-19.4],[94.93,-19.37],[94.86,-19.35],[94.79,-19.29],[94.75,-19.24],[94.75,-19.17],[94.72,-19.14],[94.72,-19.1],[94.61,-19.02],[94.54,-19.0],[94.39,-18.91],[94.36,-18.87],[94.21,-18.67],[94.21,-18.54],[94.29,-18.53],[94.29,-18.49],[94.36,-18.53],[94.36,-18.58],[94.39,-18.59],[94.5,-18.59],[94.54,-18.58],[94.54,-18.51],[94.43,-18.44],[94.39,-18.41],[94.39,-18.39],[94.36,-18.36],[94.36,-18.33],[94.39,-18.3],[94.5,-18.3],[94.57,-18.25],[94.57,-18.21],[94.61,-18.21],[94.65,-18.23],[94.65,-18.26],[94.72,-18.3],[94.83,-18.3],[94.86,-18.25],[94.83,-18.23],[94.83,-18.21],[94.75,-18.15],[94.65,-18.06],[94.65,-18.02],[94.75,-18.02],[94.83,-18.0],[95.08,-18.0],[95.15,-17.95],[95.15,-17.9]]]}},{"type":"Feature","properties":{"precip":20},"geometry":{"type":"Polygon","coordinates":[[[95.44,-17.85],[95.47,-17.8],[95.51,-17.8],[95.51,-17.88],[95.51,-17.9],[95.44,-17.85]]]}},{"type":"Feature","properties":{"precip":20},"geometry":{"type":"Polygon","coordinates":[[[92.56,-18.36],[92.56,-18.23],[92.59,-18.21],[92.63,-18.23],[92.63,-18.33],[92.67,-18.36],[92.67,-18.46],[92.63,-18.51],[92.63,-18.56],[92.59,-18.59],[92.41,-18.59],[92.34,-18.54],[92.38,-18.51],[92.49,-18.48],[92.49,-18.44],[92.56,-18.41],[92.56,-18.36]]]}},{"type":"Feature","properties":{"precip":20},"geometry":{"type":"Polygon","coordinates":[[[89.14,-19.35],[89.18,-19.3],[89.25,-19.3],[89.25,-19.4],[89.18,-19.4],[89.14,-19.35]]]}},{"type":"Feature","properties":{"precip":20},"geometry":{"type":"Polygon","coordinates":[[[88.71,-19.58],[88.78,-19.52],[88.82,-19.52],[88.82,-19.57],[88.92,-19.58],[88.96,-19.53],[89.0,-19.5],[89.03,-19.52],[89.03,-19.55],[89.03,-19.57],[89.03,-19.58],[89.14,-19.6],[89.21,-19.6],[89.25,-19.62],[89.25,-19.68],[89.21,-19.7],[89.14,-19.7],[89.03,-19.71],[89.03,-19.75],[89.0,-19.8],[88.92,-19.8],[88.82,-19.78],[88.82,-19.73],[88.78,-19.7],[88.67,-19.7],[88.67,-19.6],[88.71,-19.58]]]}},{"type":"Feature","properties":{"precip":20},"geometry":{"type":"Polygon","coordinates":[[[94.43,-19.55],[94.43,-19.5],[94.54,-19.52],[94.54,-19.58],[94.5,-19.6],[94.43,-19.58],[94.43,-19.55]]]}},{"type":"Feature","properties":{"precip":20},"geometry":{"type":"Polygon","coordinates":[[[89.39,-19.68],[89.43,-19.65],[89.54,-19.6],[89.57,-19.6],[89.64,-19.63],[89.68,-19.7],[89.68,-19.73],[89.79,-19.76],[89.86,-19.8],[90.04,-19.8],[90.11,-19.83],[90.11,-19.88],[90.18,-19.9],[90.26,-19.9],[90.26,-19.91],[90.4,-19.91],[90.44,-19.91],[90.44,-19.94],[90.47,-19.96],[90.47,-19.99],[90.54,-19.99],[90.65,-20.04],[90.72,-20.09],[90.72,-20.14],[90.76,-20.19],[90.76,-20.27],[90.83,-20.29],[90.83,-20.26],[90.87,-20.26],[90.87,-20.21],[90.94,-20.23],[90.94,-20.39],[90.9,-20.39],[90.87,-20.42],[90.87,-20.59],[90.9,-20.59],[90.98,-20.59],[91.05,-20.57],[91.05,-20.44],[91.08,-20.42],[91.08,-20.41],[91.12,-20.41],[91.12,-20.42],[91.16,-20.44],[91.16,-20.56],[91.12,-20.57],[91.12,-20.59],[91.08,-20.59],[91.08,-20.64],[91.05,-20.67],[91.05,-20.84],[91.08,-20.85],[91.08,-20.9],[91.16,-20.88],[91.16,-20.82],[91.19,-20.8],[91.19,-20.85],[91.26,-20.87],[91.26,-20.98],[91.34,-21.02],[91.34,-21.15],[91.3,-21.2],[91.19,-21.26],[91.05,-21.3],[90.98,-21.3],[90.87,-21.26],[90.83,-21.23],[90.76,-21.2],[90.65,-21.2],[90.54,-21.17],[90.54,-21.15],[90.51,-21.12],[90.47,-21.07],[90.4,-21.02],[90.33,-21.02],[90.29,-20.97],[90.22,-20.93],[90.22,-20.9],[90.11,-20.8],[90.08,-20.8],[90.0,-20.77],[89.9,-20.72],[89.9,-20.67],[89.82,-20.6],[89.75,-20.57],[89.68,-20.51],[89.57,-20.39],[89.54,-20.34],[89.46,-20.29],[89.39,-20.23],[89.25,-20.16],[89.18,-20.08],[89.18,-20.06],[89.14,-20.01],[89.14,-19.94],[89.18,-19.91],[89.25,-19.91],[89.25,-19.96],[89.32,-19.99],[89.32,-19.96],[89.39,-19.93],[89.39,-19.91],[89.43,-19.9],[89.43,-19.81],[89.36,-19.76],[89.36,-19.75],[89.39,-19.73],[89.39,-19.68]]]}},{"type":"Feature","properties":{"precip":20},"geometry":{"type":"Polygon","coordinates":[[[95.22,-19.68],[95.26,-19.65],[95.26,-19.62],[95.29,-19.62],[95.37,-19.65],[95.37,-19.68],[95.4,-19.7],[95.4,-19.73],[95.44,-19.75],[95.29,-19.91],[95.22,-19.96],[95.22,-19.98],[95.15,-19.99],[95.15,-19.81],[95.19,-19.75],[95.19,-19.71],[95.22,-19.68]]]}},{"type":"Feature","properties":{"precip":20},"geometry":{"type":"Polygon","coordinates":[[[96.05,-20.36],[96.05,-20.31],[96.12,-20.29],[96.16,-20.32],[96.16,-20.39],[96.12,-20.41],[96.05,-20.39],[96.05,-20.36]]]}},{"type":"Feature","properties":{"precip":20},"geometry":{"type":"Polygon","coordinates":[[[97.63,-20.36],[97.67,-20.34],[97.67,-20.31],[97.74,-20.31],[97.74,-20.39],[97.67,-20.41],[97.67,-20.36],[97.63,-20.36]]]}},{"type":"Feature","properties":{"precip":20},"geometry":{"type":"Polygon","coordinates":[[[91.55,-21.45],[91.55,-21.43],[91.59,-21.41],[91.7,-21.41],[91.77,-21.43],[91.77,-21.46],[91.73,-21.46],[91.7,-21.5],[91.59,-21.5],[91.55,-21.48],[91.55,-21.45]]]}},{"type":"Feature","properties":{"precip":20},"geometry":{"type":"Polygon","coordinates":[[[47.46,-25.63],[47.46,-25.62],[47.53,-25.6],[47.53,-25.63],[47.57,-25.63],[47.53,-25.67],[47.53,-25.7],[47.46,-25.68],[47.46,-25.63]]]}},{"type":"Feature","properties":{"precip":20},"geometry":{"type":"Polygon","coordinates":[[[47.06,-25.9],[47.06,-25.82],[47.13,-25.82],[47.13,-25.98],[47.06,-25.98],[47.06,-25.9]]]}},{"type":"Feature","properties":{"precip":20},"geometry":{"type":"Polygon","coordinates":[[[47.85,-27.75],[47.85,-27.73],[47.93,-27.7],[48.07,-27.7],[48.07,-27.71],[48.14,-27.71],[48.14,-27.78],[48.03,-27.81],[47.96,-27.81],[47.89,-27.78],[47.85,-27.78],[47.85,-27.75]]]}},{"type":"Feature","properties":{"precip":20},"geometry":{"type":"Polygon","coordinates":[[[48.54,-27.75],[48.57,-27.7],[48.61,-27.7],[48.65,-27.73],[48.65,-28.04],[48.68,-28.08],[48.79,-28.11],[48.97,-28.11],[49.04,-28.14],[49.04,-28.19],[48.97,-28.19],[48.97,-28.22],[48.93,-28.24],[48.97,-28.26],[48.97,-28.29],[49.01,-28.31],[49.11,-28.31],[49.15,-28.32],[49.15,-28.36],[49.11,-28.39],[49.01,-28.39],[48.97,-28.41],[48.93,-28.39],[48.83,-28.37],[48.75,-28.34],[48.68,-28.27],[48.57,-28.19],[48.57,-28.16],[48.47,-28.04],[48.47,-27.96],[48.43,-27.94],[48.43,-27.91],[48.36,-27.89],[48.36,-27.83],[48.39,-27.81],[48.47,-27.81],[48.54,-27.79],[48.54,-27.75]]]}},{"type":"Feature","properties":{"precip":20},"geometry":{"type":"Polygon","coordinates":[[[49.37,-30.0],[49.37,-29.94],[49.4,-29.91],[49.51,-29.89],[49.58,-29.89],[49.62,-29.91],[49.69,-29.91],[49.76,-29.94],[49.76,-29.99],[49.8,-29.99],[49.91,-30.02],[49.98,-30.07],[50.01,-30.12],[50.09,-30.17],[50.16,-30.27],[50.16,-30.37],[50.23,-30.42],[50.27,-30.48],[50.34,-30.48],[50.34,-30.45],[50.41,-30.43],[50.48,-30.48],[50.55,-30.57],[50.59,-30.6],[50.73,-30.75],[50.73,-30.83],[50.77,-30.85],[50.77,-30.9],[50.81,-30.9],[50.84,-30.93],[50.84,-31.13],[50.88,-31.16],[50.88,-31.19],[50.91,-31.21],[50.98,-31.21],[51.06,-31.23],[51.06,-31.26],[50.98,-31.29],[50.91,-31.29],[50.88,-31.31],[50.81,-31.31],[50.77,-31.29],[50.7,-31.29],[50.66,-31.27],[50.66,-31.23],[50.59,-31.21],[50.52,-31.19],[50.34,-31.03],[50.27,-30.96],[50.19,-30.9],[50.16,-30.85],[50.16,-30.76],[50.12,-30.71],[50.01,-30.63],[49.94,-30.6],[49.83,-30.6],[49.76,-30.58],[49.76,-30.53],[49.73,-30.52],[49.58,-30.48],[49.55,-30.45],[49.55,-30.32],[49.47,-30.3],[49.47,-30.25],[49.44,-30.25],[49.44,-30.12],[49.37,-30.09],[49.37,-30.0]]]}},{"type":"Feature","properties":{"precip":20},"geometry":{"type":"Polygon","coordinates":[[[51.56,-30.86],[51.56,-30.83],[51.63,-30.8],[51.67,-30.8],[51.74,-30.83],[51.74,-30.86],[51.81,-30.9],[51.88,-30.9],[51.96,-30.93],[51.96,-30.98],[52.03,-30.99],[52.14,-30.99],[52.17,-31.01],[52.42,-31.01],[52.5,-31.03],[52.53,-31.04],[52.64,-31.11],[52.78,-31.11],[52.82,-31.11],[52.89,-31.11],[52.93,-31.13],[52.96,-31.18],[53.04,-31.21],[53.14,-31.21],[53.25,-31.23],[53.25,-31.27],[53.32,-31.29],[53.4,-31.29],[53.43,-31.31],[53.65,-31.31],[53.76,-31.34],[53.76,-31.37],[53.83,-31.39],[53.94,-31.39],[54.04,-31.42],[54.04,-31.47],[54.08,-31.47],[54.12,-31.51],[54.19,-31.51],[54.26,-31.54],[54.26,-31.57],[54.33,-31.6],[54.4,-31.6],[54.44,-31.62],[54.44,-31.69],[54.48,-31.69],[54.51,-31.7],[54.66,-31.7],[54.76,-31.74],[54.76,-31.77],[54.84,-31.8],[54.98,-31.8],[55.05,-31.84],[55.05,-31.87],[55.09,-31.88],[55.16,-31.88],[55.2,-31.9],[55.27,-31.9],[55.34,-31.92],[55.34,-31.97],[55.41,-32.0],[55.48,-32.02],[55.59,-32.08],[55.63,-32.13],[55.7,-32.2],[55.7,-32.25],[55.74,-32.26],[55.66,-32.31],[55.66,-32.41],[55.63,-32.43],[55.63,-32.5],[55.56,-32.54],[55.59,-32.58],[55.59,-32.61],[55.66,-32.68],[55.74,-32.71],[55.77,-32.71],[55.81,-32.73],[55.88,-32.76],[55.88,-32.79],[55.95,-32.84],[55.95,-32.87],[56.02,-32.89],[56.06,-32.86],[56.06,-32.82],[56.13,-32.81],[56.13,-32.87],[56.17,-32.87],[56.31,-32.92],[56.35,-32.92],[56.42,-33.01],[56.42,-33.09],[56.38,-33.09],[56.38,-33.19],[56.42,-33.2],[56.42,-33.22],[56.46,-33.27],[56.49,-33.29],[56.56,-33.35],[56.56,-33.37],[56.64,-33.39],[56.74,-33.4],[56.74,-33.47],[56.82,-33.48],[56.82,-33.5],[56.92,-33.5],[57.03,-33.53],[57.14,-33.62],[57.14,-33.68],[57.1,-33.7],[56.74,-33.7],[56.64,-33.65],[56.64,-33.63],[56.56,-33.6],[56.42,-33.6],[56.38,-33.58],[56.31,-33.58],[56.24,-33.57],[56.24,-33.53],[56.2,-33.5],[56.1,-33.5],[56.06,-33.48],[56.06,-33.44],[56.02,-33.4],[55.95,-33.4],[55.92,-33.39],[55.81,-33.39],[55.77,-33.37],[55.74,-33.37],[55.74,-33.32],[55.7,-33.3],[55.59,-33.3],[55.52,-33.29],[55.45,-33.25],[55.41,-33.2],[55.38,-33.19],[55.38,-33.15],[55.34,-33.12],[55.3,-33.12],[55.23,-33.09],[55.16,-33.07],[55.16,-33.04],[55.12,-33.01],[55.05,-33.01],[54.94,-32.96],[54.91,-32.89],[54.84,-32.84],[54.69,-32.78],[54.66,-32.78],[54.66,-32.73],[54.62,-32.71],[54.55,-32.71],[54.48,-32.68],[54.48,-32.64],[54.4,-32.61],[54.37,-32.58],[54.3,-32.5],[54.22,-32.41],[54.12,-32.33],[54.04,-32.3],[53.97,-32.28],[53.97,-32.26],[53.86,-32.18],[53.86,-32.17],[53.79,-32.13],[53.76,-32.1],[53.65,-32.1],[53.54,-32.05],[53.54,-32.02],[53.47,-32.0],[53.36,-32.05],[53.29,-32.12],[53.25,-32.13],[53.25,-32.17],[53.18,-32.2],[53.18,-32.17],[53.11,-32.12],[53.04,-32.1],[52.86,-32.1],[52.78,-32.07],[52.75,-32.07],[52.75,-32.03],[52.71,-32.0],[52.6,-32.0],[52.6,-31.98],[52.53,-31.92],[52.5,-31.9],[52.5,-31.87],[52.42,-31.82],[52.35,-31.8],[52.24,-31.75],[52.21,-31.72],[52.21,-31.7],[52.17,-31.65],[52.17,-31.62],[52.14,-31.57],[52.14,-31.52],[52.1,-31.51],[52.03,-31.51],[51.96,-31.47],[51.96,-31.42],[51.88,-31.39],[51.81,-31.39],[51.74,-31.36],[51.74,-31.21],[51.67,-31.19],[51.67,-31.08],[51.63,-31.04],[51.63,-30.91],[51.56,-30.88],[51.56,-30.86]]]}},{"type":"Feature","properties":{"precip":20},"geometry":{"type":"Polygon","coordinates":[[[58.44,-32.54],[58.47,-32.54],[58.47,-32.51],[58.54,-32.51],[58.54,-32.5],[58.62,-32.51],[58.65,-32.54],[58.65,-32.56],[58.62,-32.59],[58.51,-32.59],[58.44,-32.54]]]}},{"type":"Feature","properties":{"precip":20},"geometry":{"type":"Polygon","coordinates":[[[56.56,-33.09],[56.56,-33.04],[56.64,-33.01],[56.67,-33.01],[56.74,-33.04],[56.85,-33.14],[56.85,-33.17],[56.82,-33.2],[56.64,-33.2],[56.56,-33.19],[56.56,-33.09]]]}},{"type":"Feature","properties":{"precip":20},"geometry":{"type":"Polygon","coordinates":[[[56.96,-33.2],[56.96,-33.12],[57.03,-33.11],[57.03,-33.19],[57.07,-33.2],[57.03,-33.22],[57.03,-33.29],[57.0,-33.3],[56.96,-33.29],[56.96,-33.2]]]}},{"type":"Feature","properties":{"precip":20},"geometry":{"type":"Polygon","coordinates":[[[57.32,-33.39],[57.36,-33.35],[57.36,-33.32],[57.43,-33.3],[57.46,-33.34],[57.46,-33.37],[57.57,-33.39],[57.75,-33.39],[57.79,-33.4],[57.86,-33.4],[57.93,-33.42],[57.97,-33.45],[57.97,-33.48],[58.04,-33.47],[58.08,-33.4],[58.11,-33.39],[58.15,-33.42],[58.15,-33.47],[58.22,-33.5],[58.22,-33.47],[58.26,-33.45],[58.26,-33.42],[58.29,-33.4],[58.4,-33.47],[58.4,-33.5],[58.44,-33.52],[58.44,-33.57],[58.36,-33.6],[58.36,-33.68],[58.51,-33.72],[58.54,-33.73],[58.54,-33.86],[58.44,-33.9],[58.36,-33.9],[58.29,-33.88],[58.26,-33.88],[58.26,-33.85],[58.22,-33.83],[58.22,-33.8],[58.18,-33.8],[58.18,-33.83],[58.15,-33.86],[58.04,-33.9],[57.97,-33.9],[57.97,-33.85],[57.93,-33.85],[57.93,-33.81],[57.86,-33.81],[57.82,-33.8],[57.68,-33.8],[57.64,-33.78],[57.57,-33.78],[57.57,-33.75],[57.54,-33.75],[57.54,-33.73],[57.43,-33.7],[57.28,-33.7],[57.25,-33.67],[57.25,-33.48],[57.28,-33.47],[57.28,-33.39],[57.32,-33.39]],[[57.46,-33.55],[57.43,-33.53],[57.43,-33.5],[57.36,-33.52],[57.36,-33.58],[57.43,-33.6],[57.43,-33.57],[57.46,-33.57],[57.46,-33.55]],[[58.36,-33.55],[58.33,-33.53],[58.33,-33.5],[58.26,-33.52],[58.26,-33.58],[58.33,-33.6],[58.33,-33.57],[58.36,-33.57],[58.36,-33.55]]]}},{"type":"Feature","properties":{"precip":20},"geometry":{"type":"Polygon","coordinates":[[[59.55,-33.85],[59.55,-33.81],[59.62,-33.8],[59.66,-33.83],[59.66,-33.88],[59.73,-33.9],[59.8,-33.9],[59.84,-33.9],[60.06,-33.9],[60.13,-33.91],[60.16,-33.95],[60.16,-33.98],[60.2,-34.0],[60.24,-33.98],[60.24,-33.93],[60.34,-33.9],[60.49,-33.9],[60.52,-33.91],[60.6,-33.98],[60.67,-33.98],[60.7,-34.0],[60.96,-34.0],[61.03,-34.01],[61.14,-34.01],[61.21,-34.03],[61.24,-34.06],[61.35,-34.09],[61.46,-34.09],[61.53,-34.11],[61.53,-34.14],[61.57,-34.14],[61.57,-34.19],[61.68,-34.21],[61.71,-34.24],[61.78,-34.26],[61.78,-34.29],[61.82,-34.34],[61.89,-34.38],[61.93,-34.41],[62.0,-34.41],[62.04,-34.42],[62.04,-34.52],[62.07,-34.56],[62.07,-34.57],[62.11,-34.59],[62.22,-34.59],[62.25,-34.57],[62.25,-34.52],[62.29,-34.51],[62.4,-34.51],[62.43,-34.52],[62.43,-34.57],[62.47,-34.59],[62.47,-34.69],[62.5,-34.7],[62.58,-34.7],[62.61,-34.72],[62.72,-34.8],[62.72,-34.85],[62.76,-34.89],[62.76,-34.95],[62.68,-34.99],[62.61,-35.0],[62.4,-35.0],[62.32,-34.99],[62.25,-34.95],[62.25,-34.92],[62.18,-34.9],[62.11,-34.9],[62.07,-34.87],[62.04,-34.87],[62.04,-34.82],[62.0,-34.8],[61.93,-34.8],[61.89,-34.77],[61.86,-34.77],[61.86,-34.74],[61.82,-34.74],[61.82,-34.7],[61.75,-34.74],[61.75,-34.77],[61.68,-34.79],[61.68,-34.74],[61.6,-34.7],[61.5,-34.7],[61.46,-34.67],[61.46,-34.64],[61.42,-34.61],[61.35,-34.61],[61.32,-34.59],[61.21,-34.59],[61.14,-34.56],[61.14,-34.52],[61.1,-34.51],[60.99,-34.51],[60.96,-34.52],[60.96,-34.57],[60.92,-34.59],[60.85,-34.59],[60.78,-34.57],[60.67,-34.47],[60.67,-34.46],[60.6,-34.42],[60.56,-34.41],[60.42,-34.41],[60.34,-34.36],[60.34,-34.24],[60.31,-34.21],[60.2,-34.21],[60.16,-34.23],[60.16,-34.26],[60.13,-34.29],[60.06,-34.28],[60.06,-34.19],[60.02,-34.16],[60.02,-34.11],[59.95,-34.06],[59.95,-34.03],[59.88,-34.0],[59.88,-34.03],[59.84,-34.05],[59.84,-34.16],[59.73,-34.21],[59.66,-34.21],[59.66,-34.19],[59.59,-34.19],[59.55,-34.18],[59.55,-34.11],[59.52,-34.09],[59.44,-34.09],[59.34,-34.05],[59.26,-33.98],[59.26,-33.91],[59.3,-33.9],[59.44,-33.9],[59.52,-33.9],[59.55,-33.88],[59.55,-33.85]]]}},{"type":"Feature","properties":{"precip":20},"geometry":{"type":"Polygon","coordinates":[[[88.06,-34.74],[88.06,-34.7],[88.17,-34.74],[88.17,-34.77],[88.17,-34.8],[88.24,-34.82],[88.24,-34.89],[88.17,-34.87],[88.06,-34.77],[88.06,-34.74]]]}},{"type":"Feature","properties":{"precip":20},"geometry":{"type":"Polygon","coordinates":[[[87.52,-34.85],[87.52,-34.82],[87.59,-34.8],[87.66,-34.8],[87.74,-34.87],[87.84,-34.97],[87.84,-35.28],[87.74,-35.3],[87.74,-35.27],[87.7,-35.25],[87.7,-35.22],[87.66,-35.23],[87.66,-35.25],[87.63,-35.28],[87.52,-35.27],[87.52,-35.23],[87.63,-35.2],[87.63,-35.13],[87.66,-35.1],[87.66,-35.03],[87.63,-35.0],[87.52,-35.03],[87.48,-35.07],[87.48,-35.08],[87.48,-35.1],[87.48,-35.13],[87.45,-35.17],[87.3,-35.17],[87.38,-35.13],[87.38,-35.1],[87.45,-35.07],[87.45,-35.03],[87.38,-35.0],[87.3,-34.94],[87.41,-34.9],[87.48,-34.9],[87.52,-34.85]]]}},{"type":"Feature","properties":{"precip":20},"geometry":{"type":"Polygon","coordinates":[[[62.86,-35.05],[62.86,-35.02],[62.94,-35.0],[62.94,-35.08],[62.86,-35.08],[62.86,-35.05]]]}},{"type":"Feature","properties":{"precip":20},"geometry":{"type":"Polygon","coordinates":[[[87.92,-35.05],[87.92,-35.02],[87.95,-35.0],[88.06,-35.02],[88.06,-35.08],[87.95,-35.1],[87.92,-35.08],[87.92,-35.05]]]}},{"type":"Feature","properties":{"precip":20},"geometry":{"type":"Polygon","coordinates":[[[86.15,-35.25],[86.15,-35.22],[86.19,-35.2],[86.22,-35.23],[86.22,-35.27],[86.19,-35.3],[86.15,-35.28],[86.15,-35.25]]]}},{"type":"Feature","properties":{"precip":20},"geometry":{"type":"Polygon","coordinates":[[[85.86,-35.35],[85.86,-35.3],[85.94,-35.3],[85.94,-35.4],[85.86,-35.4],[85.86,-35.35]]]}},{"type":"Feature","properties":{"precip":20},"geometry":{"type":"Polygon","coordinates":[[[61.24,-35.41],[61.32,-35.41],[61.42,-35.51],[61.42,-35.58],[61.32,-35.55],[61.32,-35.51],[61.24,-35.45],[61.24,-35.41]]]}},{"type":"Feature","properties":{"precip":20},"geometry":{"type":"Polygon","coordinates":[[[61.57,-35.6],[61.57,-35.51],[61.6,-35.5],[61.64,-35.51],[61.64,-35.68],[61.57,-35.69],[61.57,-35.6]]]}},{"type":"Feature","properties":{"precip":20},"geometry":{"type":"Polygon","coordinates":[[[61.93,-35.68],[61.96,-35.64],[62.07,-35.61],[62.18,-35.6],[62.54,-35.6],[62.61,-35.61],[62.65,-35.66],[62.76,-35.69],[62.9,-35.69],[62.94,-35.71],[63.12,-35.71],[63.26,-35.74],[63.26,-35.76],[63.33,-35.79],[63.55,-35.79],[63.58,-35.81],[63.66,-35.88],[63.66,-35.91],[63.58,-36.01],[63.44,-36.16],[63.33,-36.21],[63.26,-36.17],[63.26,-36.04],[63.19,-35.99],[63.15,-36.01],[63.15,-36.07],[63.08,-36.09],[62.9,-36.09],[62.86,-36.09],[62.86,-36.04],[62.79,-36.01],[62.68,-36.01],[62.65,-35.99],[62.54,-35.99],[62.47,-35.97],[62.47,-35.94],[62.4,-35.91],[62.32,-35.91],[62.32,-35.89],[62.25,-35.88],[62.25,-35.84],[62.22,-35.81],[62.18,-35.81],[62.14,-35.88],[62.07,-35.89],[62.07,-35.86],[62.04,-35.84],[62.04,-35.81],[61.96,-35.79],[61.89,-35.79],[61.86,-35.78],[61.86,-35.74],[61.93,-35.68]]]}},{"type":"Feature","properties":{"precip":20},"geometry":{"type":"Polygon","coordinates":[[[53.04,-37.85],[53.04,-37.82],[53.07,-37.82],[53.07,-37.79],[53.14,-37.81],[53.14,-37.89],[53.07,-37.9],[53.04,-37.85]]]}},{"type":"Feature","properties":{"precip":20},"geometry":{"type":"Polygon","coordinates":[[[58.15,-38.56],[58.15,-38.51],[58.22,-38.5],[58.26,-38.51],[58.26,-38.58],[58.22,-38.61],[58.15,-38.61],[58.15,-38.56]]]}},{"type":"Feature","properties":{"precip":20},"geometry":{"type":"Polygon","coordinates":[[[58.65,-38.66],[58.65,-38.56],[58.69,-38.53],[58.69,-38.5],[58.72,-38.5],[58.72,-38.53],[58.76,-38.56],[58.76,-38.63],[58.8,-38.66],[58.8,-38.71],[58.83,-38.71],[58.83,-38.75],[58.94,-38.83],[58.94,-38.89],[58.87,-38.89],[58.87,-38.84],[58.8,-38.81],[58.72,-38.81],[58.65,-38.75],[58.65,-38.66]]]}},{"type":"Feature","properties":{"precip":20},"geometry":{"type":"Polygon","coordinates":[[[46.23,-38.78],[46.27,-38.73],[46.27,-38.71],[46.34,-38.71],[46.34,-38.78],[46.27,-38.81],[46.27,-38.78],[46.23,-38.78]]]}},{"type":"Feature","properties":{"precip":20},"geometry":{"type":"Polygon","coordinates":[[[46.56,-38.84],[46.56,-38.73],[46.59,-38.71],[46.63,-38.71],[46.63,-38.73],[46.67,-38.75],[46.67,-38.78],[46.7,-38.78],[46.77,-38.81],[46.95,-38.81],[47.03,-38.81],[47.03,-38.84],[47.06,-38.88],[47.06,-38.94],[46.99,-38.99],[46.92,-38.94],[46.92,-38.93],[46.88,-38.93],[46.88,-38.94],[46.85,-38.96],[46.77,-38.99],[46.77,-38.96],[46.7,-38.93],[46.67,-38.93],[46.67,-38.96],[46.63,-38.99],[46.56,-38.98],[46.56,-38.84]]]}},{"type":"Feature","properties":{"precip":20},"geometry":{"type":"Polygon","coordinates":[[[1.96,-38.96],[1.96,-38.93],[2.03,-38.93],[2.03,-38.99],[1.96,-38.99],[1.96,-38.96]]]}},{"type":"Feature","properties":{"precip":20},"geometry":{"type":"Polygon","coordinates":[[[2.14,-38.99],[2.14,-38.94],[2.18,-38.93],[2.25,-38.93],[2.25,-39.08],[2.18,-39.11],[2.18,-39.08],[2.14,-39.08],[2.14,-38.99]]]}},{"type":"Feature","properties":{"precip":20},"geometry":{"type":"Polygon","coordinates":[[[9.7,-38.98],[9.74,-38.94],[9.81,-38.93],[9.84,-38.93],[9.84,-39.08],[9.77,-39.11],[9.7,-39.11],[9.66,-39.09],[9.66,-39.04],[9.7,-39.03],[9.7,-38.98]]]}},{"type":"Feature","properties":{"precip":20},"geometry":{"type":"Polygon","coordinates":[[[45.55,-38.96],[45.55,-38.93],[45.59,-38.93],[45.66,-38.93],[45.66,-38.98],[45.62,-38.99],[45.55,-38.98],[45.55,-38.96]]]}},{"type":"Feature","properties":{"precip":20},"geometry":{"type":"Polygon","coordinates":[[[52.24,-38.96],[52.24,-38.93],[52.28,-38.93],[52.35,-38.93],[52.35,-38.98],[52.28,-38.99],[52.24,-38.98],[52.24,-38.96]]]}},{"type":"Feature","properties":{"precip":20},"geometry":{"type":"Polygon","coordinates":[[[52.64,-38.96],[52.68,-38.93],[52.75,-38.93],[52.75,-38.98],[52.68,-38.99],[52.64,-38.96]]]}},{"type":"Feature","properties":{"precip":20},"geometry":{"type":"Polygon","coordinates":[[[62.54,-39.12],[62.58,-39.11],[62.68,-39.11],[62.72,-39.12],[62.76,-39.17],[62.76,-39.29],[62.72,-39.29],[62.68,-39.29],[62.61,-39.24],[62.61,-39.19],[62.54,-39.14],[62.54,-39.12]]]}},{"type":"Feature","properties":{"precip":20},"geometry":{"type":"Polygon","coordinates":[[[62.86,-39.14],[62.86,-39.11],[62.94,-39.11],[62.94,-39.19],[62.86,-39.19],[62.86,-39.14]]]}},{"type":"Feature","properties":{"precip":20},"geometry":{"type":"Polygon","coordinates":[[[47.35,-39.34],[47.35,-39.24],[47.39,-39.21],[47.6,-39.21],[47.64,-39.24],[47.64,-39.29],[47.67,-39.29],[47.75,-39.29],[47.96,-39.29],[48.03,-39.29],[48.03,-39.24],[48.07,-39.24],[48.07,-39.21],[48.14,-39.24],[48.14,-39.36],[48.21,-39.39],[48.29,-39.41],[48.54,-39.41],[48.61,-39.44],[48.65,-39.44],[48.68,-39.45],[48.68,-39.49],[48.72,-39.49],[48.72,-39.45],[48.75,-39.44],[48.83,-39.41],[48.9,-39.41],[48.93,-39.42],[48.93,-39.45],[49.01,-39.49],[49.08,-39.49],[49.22,-39.49],[49.29,-39.5],[49.4,-39.5],[49.47,-39.52],[49.58,-39.57],[49.62,-39.6],[49.62,-39.64],[49.65,-39.64],[49.65,-39.67],[49.55,-39.72],[49.55,-39.77],[49.58,-39.8],[49.73,-39.8],[49.73,-39.77],[49.76,-39.75],[49.76,-39.64],[49.83,-39.6],[49.87,-39.6],[49.94,-39.64],[49.94,-39.75],[49.98,-39.77],[49.98,-39.8],[50.12,-39.8],[50.12,-39.77],[50.16,-39.75],[50.16,-39.62],[50.19,-39.6],[50.23,-39.62],[50.23,-39.64],[50.27,-39.65],[50.27,-39.75],[50.3,-39.8],[50.41,-39.88],[50.48,-39.92],[50.55,-39.93],[50.55,-39.97],[50.59,-39.98],[50.7,-39.92],[50.73,-39.92],[50.73,-39.97],[50.81,-39.98],[50.88,-39.98],[50.91,-40.0],[51.06,-40.0],[51.13,-40.02],[51.16,-40.06],[51.16,-40.08],[51.31,-40.11],[51.34,-40.13],[51.34,-40.28],[51.38,-40.3],[51.42,-40.28],[51.49,-40.21],[51.63,-40.08],[51.63,-40.06],[51.74,-40.02],[51.74,-40.08],[51.7,-40.08],[51.7,-40.11],[51.67,-40.13],[51.67,-40.23],[51.63,-40.28],[51.63,-40.38],[51.6,-40.39],[51.45,-40.39],[51.38,-40.43],[51.34,-40.46],[51.34,-40.59],[51.27,-40.64],[51.27,-40.69],[51.34,-40.76],[51.52,-40.81],[51.56,-40.81],[51.63,-40.79],[51.67,-40.74],[51.67,-40.71],[51.74,-40.71],[51.74,-40.79],[51.67,-40.81],[51.67,-40.89],[51.7,-40.89],[51.74,-40.96],[51.74,-41.1],[51.67,-41.1],[51.67,-41.17],[51.78,-41.2],[51.88,-41.2],[51.96,-41.24],[51.96,-41.3],[52.03,-41.3],[52.03,-41.2],[52.06,-41.17],[52.06,-41.12],[52.03,-41.1],[52.03,-41.0],[51.96,-40.99],[51.96,-40.92],[51.99,-40.91],[52.1,-40.91],[52.14,-40.92],[52.14,-41.02],[52.17,-41.05],[52.17,-41.1],[52.24,-41.1],[52.35,-41.1],[52.46,-41.05],[52.46,-41.02],[52.42,-41.02],[52.42,-40.99],[52.35,-40.99],[52.35,-40.92],[52.39,-40.91],[52.46,-40.91],[52.57,-40.96],[52.64,-41.02],[52.64,-41.07],[52.57,-41.12],[52.57,-41.2],[52.6,-41.2],[52.7,-41.3],[52.73,-41.3],[52.75,-41.29],[52.75,-41.24],[52.86,-41.2],[53.0,-41.2],[53.04,-41.22],[53.04,-41.27],[53.07,-41.27],[53.1,-41.3],[53.3,-41.3],[53.32,-41.27],[53.36,-41.27],[53.36,-41.24],[53.43,-41.2],[53.58,-41.2],[53.61,-41.2],[53.76,-41.15],[53.79,-41.12],[53.83,-41.14],[53.94,-41.22],[53.94,-41.3],[49.26,-41.3],[49.26,-41.24],[49.22,-41.2],[49.15,-41.22],[49.15,-41.27],[49.11,-41.27],[49.04,-41.3],[48.62,-41.3],[48.57,-41.27],[48.54,-41.24],[48.54,-41.17],[48.57,-41.15],[48.57,-41.12],[48.61,-41.1],[48.68,-41.1],[48.75,-41.07],[48.75,-41.02],[48.79,-41.0],[48.9,-40.99],[48.97,-41.0],[49.08,-41.05],[49.08,-41.1],[49.15,-41.07],[49.15,-41.02],[49.22,-41.0],[49.22,-41.05],[49.26,-41.07],[49.33,-41.1],[49.4,-41.1],[49.44,-41.1],[49.44,-41.05],[49.47,-41.05],[49.47,-41.0],[49.55,-41.02],[49.55,-41.05],[49.62,-41.1],[49.62,-41.05],[49.76,-40.99],[49.83,-41.0],[49.83,-41.05],[49.87,-41.05],[49.91,-41.1],[49.98,-41.1],[50.01,-41.1],[50.27,-41.1],[50.45,-41.14],[50.48,-41.15],[50.48,-41.2],[50.52,-41.2],[50.52,-41.15],[50.55,-41.14],[50.63,-41.1],[50.7,-41.1],[50.73,-41.12],[50.73,-41.15],[50.77,-41.15],[50.77,-41.2],[50.84,-41.17],[50.84,-41.15],[50.91,-41.1],[50.95,-41.14],[50.95,-41.17],[50.98,-41.17],[51.06,-41.2],[51.16,-41.15],[51.16,-41.12],[51.2,-41.1],[51.24,-41.12],[51.24,-41.15],[51.31,-41.2],[51.34,-41.17],[51.34,-41.15],[51.38,-41.14],[51.38,-41.1],[51.42,-41.1],[51.42,-41.14],[51.45,-41.15],[51.52,-41.2],[51.56,-41.15],[51.56,-41.14],[51.63,-41.05],[51.6,-41.0],[51.6,-40.97],[51.52,-40.96],[51.38,-40.91],[51.24,-40.91],[51.2,-40.89],[51.06,-40.86],[51.02,-40.84],[51.02,-40.81],[50.98,-40.81],[50.98,-40.84],[50.95,-40.89],[50.91,-40.89],[50.81,-40.89],[50.73,-40.84],[50.7,-40.79],[50.63,-40.74],[50.55,-40.74],[50.52,-40.79],[50.45,-40.81],[50.34,-40.81],[50.27,-40.79],[50.23,-40.74],[50.19,-40.71],[50.12,-40.71],[50.05,-40.69],[49.91,-40.74],[49.83,-40.76],[49.83,-40.79],[49.76,-40.79],[49.73,-40.74],[49.73,-40.71],[49.69,-40.67],[49.62,-40.64],[49.55,-40.61],[49.47,-40.61],[49.44,-40.64],[49.44,-40.69],[49.37,-40.69],[49.26,-40.66],[49.19,-40.61],[49.19,-40.59],[49.11,-40.53],[49.08,-40.53],[49.01,-40.49],[48.83,-40.49],[48.68,-40.48],[48.61,-40.43],[48.57,-40.38],[48.57,-40.33],[48.54,-40.28],[48.54,-40.21],[48.5,-40.21],[48.47,-40.21],[48.47,-40.33],[48.43,-40.38],[48.36,-40.39],[47.93,-40.39],[47.85,-40.38],[47.85,-40.21],[47.82,-40.18],[47.82,-40.11],[47.75,-40.06],[47.75,-40.03],[47.71,-40.02],[47.71,-39.98],[47.67,-39.97],[47.67,-39.92],[47.75,-39.92],[47.75,-39.85],[47.67,-39.8],[47.6,-39.8],[47.57,-39.8],[47.49,-39.8],[47.42,-39.8],[47.35,-39.85],[47.35,-39.97],[47.39,-39.97],[47.39,-40.0],[47.46,-40.03],[47.46,-40.06],[47.42,-40.06],[47.35,-40.13],[47.35,-40.16],[47.39,-40.18],[47.46,-40.25],[47.46,-40.28],[47.39,-40.3],[47.31,-40.23],[47.28,-40.18],[47.28,-40.13],[47.24,-40.08],[47.24,-39.93],[47.17,-39.88],[47.17,-39.8],[47.13,-39.78],[47.13,-39.7],[47.17,-39.67],[47.17,-39.62],[47.21,-39.6],[47.28,-39.6],[47.35,-39.64],[47.35,-39.67],[47.39,-39.67],[47.46,-39.7],[47.67,-39.7],[47.75,-39.75],[47.75,-39.77],[47.78,-39.8],[47.89,-39.8],[47.93,-39.78],[47.93,-39.75],[47.96,-39.72],[47.96,-39.57],[47.93,-39.52],[47.82,-39.49],[47.71,-39.49],[47.67,-39.45],[47.64,-39.45],[47.64,-39.41],[47.57,-39.41],[47.57,-39.54],[47.53,-39.55],[47.53,-39.6],[47.49,-39.6],[47.42,-39.54],[47.42,-39.5],[47.35,-39.42],[47.35,-39.34]],[[47.35,-39.75],[47.35,-39.72],[47.28,-39.7],[47.24,-39.72],[47.24,-39.78],[47.28,-39.8],[47.35,-39.78],[47.35,-39.75]],[[48.14,-40.0],[48.14,-39.93],[48.07,-39.92],[48.03,-39.92],[47.96,-39.93],[47.96,-40.08],[48.0,-40.1],[48.11,-40.1],[48.14,-40.08],[48.14,-40.0]],[[48.14,-40.25],[48.14,-40.21],[48.07,-40.21],[48.07,-40.23],[48.03,-40.25],[48.11,-40.31],[48.14,-40.3],[48.14,-40.25]],[[51.24,-40.53],[51.2,-40.49],[51.09,-40.49],[51.09,-40.53],[51.06,-40.54],[51.06,-40.69],[51.09,-40.69],[51.16,-40.64],[51.24,-40.59],[51.24,-40.53]],[[52.35,-41.25],[52.35,-41.22],[52.32,-41.2],[52.24,-41.22],[52.24,-41.29],[52.26,-41.3],[52.32,-41.3],[52.35,-41.29],[52.35,-41.25]]]}},{"type":"Feature","properties":{"precip":20},"geometry":{"type":"Polygon","coordinates":[[[63.04,-39.36],[63.04,-39.34],[63.12,-39.29],[63.19,-39.29],[63.26,-39.34],[63.26,-39.39],[63.22,-39.39],[63.19,-39.41],[63.12,-39.41],[63.04,-39.36]]]}},{"type":"Feature","properties":{"precip":20},"geometry":{"type":"Polygon","coordinates":[[[2.36,-39.55],[2.36,-39.52],[2.46,-39.49],[2.46,-39.5],[2.54,-39.5],[2.54,-39.6],[2.5,-39.6],[2.39,-39.6],[2.36,-39.6],[2.36,-39.55]]]}},{"type":"Feature","properties":{"precip":20},"geometry":{"type":"Polygon","coordinates":[[[2.93,-39.55],[2.97,-39.54],[2.97,-39.5],[3.04,-39.5],[3.04,-39.6],[2.97,-39.62],[2.97,-39.65],[2.93,-39.67],[2.93,-39.8],[2.86,-39.77],[2.79,-39.7],[2.75,-39.67],[2.75,-39.62],[2.82,-39.6],[2.9,-39.6],[2.93,-39.6],[2.93,-39.55]]]}},{"type":"Feature","properties":{"precip":20},"geometry":{"type":"Polygon","coordinates":[[[3.26,-39.55],[3.26,-39.5],[3.33,-39.5],[3.33,-39.54],[3.36,-39.54],[3.33,-39.57],[3.33,-39.6],[3.26,-39.6],[3.26,-39.55]]]}},{"type":"Feature","properties":{"precip":20},"geometry":{"type":"Polygon","coordinates":[[[3.44,-39.6],[3.44,-39.57],[3.47,-39.54],[3.47,-39.5],[3.54,-39.5],[3.54,-39.57],[3.58,-39.6],[3.69,-39.6],[3.76,-39.64],[3.76,-39.67],[3.8,-39.67],[3.87,-39.7],[4.01,-39.7],[4.19,-39.78],[4.23,-39.8],[4.23,-39.85],[4.26,-39.87],[4.34,-39.88],[4.37,-39.85],[4.44,-39.8],[4.59,-39.8],[4.62,-39.82],[4.66,-39.87],[4.59,-39.92],[4.55,-39.93],[4.55,-40.06],[4.62,-40.1],[4.66,-40.06],[4.66,-40.02],[4.73,-40.0],[4.88,-40.0],[4.95,-40.03],[4.95,-40.16],[5.02,-40.21],[5.06,-40.18],[5.06,-40.13],[5.16,-40.1],[5.24,-40.1],[5.31,-40.11],[5.34,-40.13],[5.34,-40.28],[5.38,-40.28],[5.38,-40.31],[5.45,-40.3],[5.45,-40.23],[5.52,-40.21],[5.63,-40.21],[5.67,-40.25],[5.67,-40.28],[5.74,-40.28],[5.78,-40.21],[5.88,-40.21],[5.96,-40.23],[5.96,-40.28],[5.92,-40.28],[5.88,-40.31],[5.81,-40.31],[5.74,-40.35],[5.74,-40.44],[5.78,-40.46],[5.78,-40.49],[5.85,-40.48],[5.85,-40.44],[5.92,-40.43],[5.99,-40.43],[6.06,-40.39],[6.14,-40.39],[6.21,-40.43],[6.28,-40.43],[6.35,-40.44],[6.35,-40.48],[6.46,-40.49],[6.64,-40.49],[6.71,-40.53],[6.75,-40.53],[6.75,-40.56],[6.86,-40.59],[6.96,-40.59],[7.04,-40.61],[7.29,-40.61],[7.4,-40.64],[7.43,-40.64],[7.54,-40.69],[7.68,-40.69],[7.72,-40.71],[7.79,-40.71],[7.83,-40.74],[7.86,-40.79],[7.97,-40.81],[8.12,-40.81],[8.15,-40.81],[8.22,-40.81],[8.26,-40.84],[8.26,-40.89],[8.3,-40.89],[8.37,-40.89],[8.4,-40.91],[8.51,-40.91],[8.62,-40.96],[8.73,-41.02],[8.73,-41.07],[8.76,-41.12],[8.76,-41.17],[8.84,-41.2],[8.91,-41.2],[8.94,-41.22],[8.94,-41.3],[6.69,-41.3],[6.64,-41.27],[6.64,-41.22],[6.6,-41.2],[6.53,-41.2],[6.46,-41.15],[6.46,-40.89],[6.42,-40.86],[6.42,-40.81],[6.39,-40.81],[6.35,-40.84],[6.28,-40.92],[6.28,-40.96],[6.24,-40.99],[6.24,-41.07],[6.17,-41.1],[6.1,-41.1],[6.06,-41.07],[6.06,-40.91],[6.03,-40.89],[6.03,-40.81],[5.99,-40.81],[5.92,-40.81],[5.85,-40.84],[5.85,-40.89],[5.78,-40.89],[5.78,-40.91],[5.67,-40.89],[5.67,-40.81],[5.74,-40.81],[5.74,-40.64],[5.7,-40.61],[5.63,-40.54],[5.63,-40.53],[5.6,-40.49],[5.56,-40.53],[5.56,-40.64],[5.52,-40.64],[5.52,-40.67],[5.49,-40.69],[5.49,-40.74],[5.42,-40.79],[5.34,-40.76],[5.31,-40.74],[5.31,-40.69],[5.27,-40.67],[5.27,-40.64],[5.34,-40.59],[5.34,-40.53],[5.2,-40.43],[5.16,-40.43],[5.16,-40.48],[5.09,-40.49],[5.06,-40.48],[5.06,-40.35],[4.98,-40.31],[4.8,-40.31],[4.73,-40.35],[4.73,-40.39],[4.66,-40.38],[4.66,-40.28],[4.62,-40.21],[4.59,-40.21],[4.44,-40.21],[4.34,-40.25],[4.34,-40.3],[4.26,-40.28],[4.23,-40.25],[4.23,-40.21],[4.19,-40.18],[4.12,-40.16],[4.12,-40.13],[4.05,-40.11],[3.98,-40.1],[3.9,-40.1],[3.83,-40.03],[3.72,-40.0],[3.47,-40.0],[3.36,-39.97],[3.36,-39.87],[3.33,-39.85],[3.33,-39.82],[3.29,-39.8],[3.18,-39.8],[3.11,-39.8],[3.08,-39.77],[3.04,-39.77],[3.04,-39.75],[3.15,-39.7],[3.36,-39.7],[3.44,-39.67],[3.44,-39.6]],[[4.26,-39.97],[4.23,-39.93],[4.23,-39.92],[4.16,-39.92],[4.16,-39.98],[4.23,-40.0],[4.23,-39.97],[4.26,-39.97]],[[5.56,-40.35],[5.52,-40.31],[5.45,-40.31],[5.45,-40.38],[5.52,-40.39],[5.56,-40.35]],[[6.06,-40.64],[6.03,-40.64],[6.03,-40.61],[5.96,-40.61],[5.96,-40.69],[6.03,-40.69],[6.03,-40.66],[6.06,-40.64]],[[6.86,-40.81],[6.86,-40.74],[6.78,-40.69],[6.78,-40.74],[6.75,-40.74],[6.75,-40.89],[6.82,-40.91],[6.82,-40.89],[6.86,-40.86],[6.86,-40.81]],[[7.25,-40.84],[7.25,-40.81],[7.22,-40.81],[7.14,-40.81],[7.14,-40.89],[7.22,-40.91],[7.25,-40.89],[7.25,-40.84]],[[8.66,-41.15],[8.66,-41.12],[8.58,-41.1],[8.55,-41.12],[8.55,-41.2],[8.58,-41.2],[8.66,-41.17],[8.66,-41.15]]]}},{"type":"Feature","properties":{"precip":20},"geometry":{"type":"Polygon","coordinates":[[[11.21,-39.6],[11.25,-39.55],[11.32,-39.52],[11.39,-39.5],[11.61,-39.5],[11.64,-39.52],[11.64,-39.57],[11.71,-39.6],[11.82,-39.6],[11.89,-39.62],[11.89,-39.64],[11.97,-39.65],[11.97,-39.67],[12.07,-39.77],[12.15,-39.8],[12.22,-39.8],[12.33,-39.82],[12.33,-39.85],[12.36,-39.87],[12.36,-39.93],[12.33,-39.97],[12.22,-40.0],[11.97,-40.0],[11.86,-39.97],[11.86,-39.87],[11.82,-39.85],[11.82,-39.8],[11.79,-39.8],[11.79,-39.82],[11.75,-39.82],[11.75,-39.97],[11.68,-40.0],[11.61,-40.0],[11.53,-39.98],[11.39,-39.92],[11.32,-39.82],[11.25,-39.75],[11.17,-39.67],[11.17,-39.64],[11.21,-39.6]]]}},{"type":"Feature","properties":{"precip":20},"geometry":{"type":"Polygon","coordinates":[[[46.16,-39.6],[46.16,-39.52],[46.23,-39.5],[46.23,-39.7],[46.2,-39.7],[46.16,-39.7],[46.16,-39.6]]]}},{"type":"Feature","properties":{"precip":20},"geometry":{"type":"Polygon","coordinates":[[[59.34,-39.55],[59.37,-39.54],[59.37,-39.5],[59.44,-39.5],[59.44,-39.49],[59.52,-39.5],[59.55,-39.54],[59.55,-39.57],[59.52,-39.6],[59.41,-39.6],[59.34,-39.55]]]}},{"type":"Feature","properties":{"precip":20},"geometry":{"type":"Polygon","coordinates":[[[50.55,-39.7],[50.55,-39.64],[50.59,-39.6],[50.63,-39.6],[50.63,-39.64],[50.66,-39.65],[50.66,-39.75],[50.63,-39.77],[50.63,-39.8],[50.55,-39.78],[50.55,-39.7]]]}},{"type":"Feature","properties":{"precip":20},"geometry":{"type":"Polygon","coordinates":[[[58.36,-39.82],[58.36,-39.7],[58.44,-39.7],[58.44,-39.77],[58.47,-39.78],[58.62,-39.8],[58.65,-39.82],[58.65,-39.85],[58.69,-39.87],[58.69,-39.92],[58.72,-39.92],[58.72,-39.87],[58.76,-39.85],[58.76,-39.8],[58.83,-39.8],[58.94,-39.85],[58.98,-39.88],[59.08,-39.97],[59.08,-39.98],[59.12,-40.02],[59.12,-40.11],[59.05,-40.16],[58.83,-40.21],[58.76,-40.21],[58.65,-40.16],[58.65,-40.13],[58.58,-40.1],[58.47,-40.08],[58.4,-40.02],[58.4,-39.97],[58.36,-39.93],[58.36,-39.82]]]}},{"type":"Feature","properties":{"precip":20},"geometry":{"type":"Polygon","coordinates":[[[2.46,-39.82],[2.46,-39.8],[2.54,-39.8],[2.57,-39.85],[2.57,-39.92],[2.64,-39.87],[2.64,-39.85],[2.68,-39.8],[2.72,-39.8],[2.75,-39.85],[2.75,-39.97],[2.72,-39.98],[2.64,-40.0],[2.61,-39.98],[2.5,-39.92],[2.46,-39.88],[2.46,-39.82]]]}},{"type":"Feature","properties":{"precip":20},"geometry":{"type":"Polygon","coordinates":[[[46.23,-39.85],[46.27,-39.85],[46.27,-39.8],[46.34,-39.8],[46.34,-39.92],[46.27,-39.92],[46.27,-39.87],[46.23,-39.85]]]}},{"type":"Feature","properties":{"precip":20},"geometry":{"type":"Polygon","coordinates":[[[46.74,-39.85],[46.74,-39.82],[46.77,-39.8],[46.85,-39.85],[46.95,-39.97],[47.06,-40.16],[47.06,-40.3],[47.03,-40.31],[46.95,-40.28],[46.92,-40.25],[46.92,-40.21],[46.88,-40.16],[46.88,-40.13],[46.85,-40.08],[46.85,-39.93],[46.81,-39.92],[46.74,-39.87],[46.74,-39.85]]]}},{"type":"Feature","properties":{"precip":20},"geometry":{"type":"Polygon","coordinates":[[[59.16,-39.85],[59.16,-39.8],[59.23,-39.8],[59.26,-39.85],[59.26,-39.88],[59.3,-39.92],[59.37,-39.92],[59.44,-39.93],[59.44,-39.97],[59.55,-40.0],[59.7,-40.0],[59.77,-40.06],[59.7,-40.1],[59.59,-40.1],[59.55,-40.11],[59.48,-40.11],[59.44,-40.13],[59.44,-40.18],[59.37,-40.21],[59.3,-40.21],[59.26,-40.16],[59.26,-39.98],[59.23,-39.97],[59.23,-39.92],[59.16,-39.92],[59.16,-39.85]]]}},{"type":"Feature","properties":{"precip":20},"geometry":{"type":"Polygon","coordinates":[[[2.86,-40.06],[2.86,-40.0],[2.93,-40.0],[2.93,-40.1],[2.86,-40.1],[2.86,-40.06]]]}},{"type":"Feature","properties":{"precip":20},"geometry":{"type":"Polygon","coordinates":[[[12.54,-40.06],[12.54,-40.02],[12.61,-40.0],[12.65,-40.02],[12.65,-40.08],[12.58,-40.1],[12.54,-40.08],[12.54,-40.06]]]}},{"type":"Feature","properties":{"precip":20},"geometry":{"type":"Polygon","coordinates":[[[13.33,-40.06],[13.37,-40.03],[13.37,-40.0],[13.44,-40.0],[13.44,-40.1],[13.37,-40.1],[13.37,-40.06],[13.33,-40.06]]]}},{"type":"Feature","properties":{"precip":20},"geometry":{"type":"Polygon","coordinates":[[[13.66,-40.06],[13.66,-40.0],[13.73,-40.0],[13.73,-40.03],[13.77,-40.06],[13.73,-40.06],[13.73,-40.1],[13.66,-40.1],[13.66,-40.06]]]}},{"type":"Feature","properties":{"precip":20},"geometry":{"type":"Polygon","coordinates":[[[84.64,-40.06],[84.68,-40.0],[84.71,-40.02],[84.71,-40.08],[84.68,-40.1],[84.64,-40.06]]]}},{"type":"Feature","properties":{"precip":20},"geometry":{"type":"Polygon","coordinates":[[[13.95,-40.16],[13.95,-40.11],[14.02,-40.1],[14.05,-40.13],[14.05,-40.18],[14.02,-40.21],[13.95,-40.18],[13.95,-40.16]]]}},{"type":"Feature","properties":{"precip":20},"geometry":{"type":"Polygon","coordinates":[[[52.03,-40.16],[52.03,-40.13],[52.1,-40.11],[52.14,-40.11],[52.14,-40.28],[52.06,-40.31],[51.96,-40.3],[51.96,-40.23],[51.99,-40.21],[52.03,-40.16]]]}},{"type":"Feature","properties":{"precip":20},"geometry":{"type":"Polygon","coordinates":[[[85.76,-40.16],[85.76,-40.11],[85.79,-40.1],[85.79,-40.13],[85.86,-40.13],[85.86,-40.16],[85.79,-40.21],[85.76,-40.18],[85.76,-40.16]]]}},{"type":"Feature","properties":{"precip":20},"geometry":{"type":"Polygon","coordinates":[[[6.06,-40.25],[6.06,-40.21],[6.1,-40.21],[6.17,-40.21],[6.24,-40.23],[6.24,-40.28],[6.17,-40.3],[6.17,-40.31],[6.06,-40.3],[6.06,-40.25]]]}},{"type":"Feature","properties":{"precip":20},"geometry":{"type":"Polygon","coordinates":[[[47.57,-40.25],[47.57,-40.21],[47.6,-40.21],[47.67,-40.21],[47.75,-40.23],[47.75,-40.28],[47.67,-40.3],[47.67,-40.31],[47.57,-40.3],[47.57,-40.25]]]}},{"type":"Feature","properties":{"precip":20},"geometry":{"type":"Polygon","coordinates":[[[52.46,-40.25],[52.46,-40.21],[52.53,-40.21],[52.53,-40.3],[52.46,-40.3],[52.46,-40.25]]]}},{"type":"Feature","properties":{"precip":20},"geometry":{"type":"Polygon","coordinates":[[[56.17,-40.35],[56.24,-40.28],[56.31,-40.23],[56.49,-40.21],[56.96,-40.21],[57.03,-40.21],[57.18,-40.21],[57.25,-40.25],[57.25,-40.28],[57.32,-40.3],[57.43,-40.31],[57.57,-40.31],[57.64,-40.33],[57.64,-40.38],[57.75,-40.38],[57.79,-40.39],[58.0,-40.39],[58.08,-40.43],[58.15,-40.43],[58.26,-40.44],[58.26,-40.48],[58.36,-40.49],[58.54,-40.49],[58.62,-40.53],[58.65,-40.53],[58.65,-40.56],[58.76,-40.59],[58.87,-40.59],[58.94,-40.61],[59.23,-40.61],[59.3,-40.64],[59.37,-40.64],[59.37,-40.69],[59.44,-40.66],[59.44,-40.64],[59.52,-40.61],[59.7,-40.61],[59.7,-40.64],[59.77,-40.64],[59.77,-40.67],[59.84,-40.66],[59.84,-40.64],[59.91,-40.61],[59.98,-40.61],[60.09,-40.66],[60.13,-40.71],[60.13,-40.81],[60.02,-40.81],[59.95,-40.84],[59.95,-40.89],[59.91,-40.89],[59.84,-40.91],[59.77,-40.91],[59.66,-40.89],[59.66,-40.84],[59.62,-40.81],[59.59,-40.81],[59.59,-40.84],[59.55,-40.84],[59.55,-41.05],[59.62,-41.1],[59.8,-41.1],[59.91,-41.14],[59.98,-41.17],[60.06,-41.24],[60.06,-41.29],[60.02,-41.3],[59.63,-41.3],[59.59,-41.27],[59.55,-41.27],[59.55,-41.24],[59.48,-41.2],[59.3,-41.2],[59.26,-41.2],[59.16,-41.17],[59.16,-41.05],[59.08,-41.0],[58.98,-40.99],[58.76,-40.99],[58.65,-40.97],[58.65,-40.96],[58.58,-40.92],[58.54,-40.97],[58.44,-41.05],[58.44,-41.07],[58.36,-41.1],[58.36,-41.05],[58.29,-41.0],[58.18,-40.99],[58.11,-41.0],[58.04,-41.05],[58.04,-41.07],[58.0,-41.1],[57.93,-41.05],[57.86,-40.99],[57.82,-40.96],[57.75,-40.91],[57.68,-40.91],[57.64,-40.92],[57.64,-40.99],[57.61,-40.99],[57.54,-40.99],[57.46,-40.97],[57.39,-40.91],[57.39,-40.89],[57.36,-40.86],[57.36,-40.84],[57.28,-40.81],[57.25,-40.84],[57.25,-40.97],[57.21,-40.99],[57.1,-40.99],[57.07,-40.99],[57.07,-40.96],[57.0,-40.92],[56.92,-40.92],[56.85,-40.91],[56.49,-40.91],[56.42,-40.89],[56.28,-40.89],[56.24,-40.89],[56.17,-40.89],[56.17,-40.84],[56.13,-40.84],[56.13,-40.81],[56.06,-40.81],[56.02,-40.81],[55.84,-40.81],[55.77,-40.79],[55.77,-40.76],[55.74,-40.74],[55.74,-40.61],[55.66,-40.61],[55.66,-40.66],[55.63,-40.66],[55.59,-40.69],[55.48,-40.69],[55.45,-40.66],[55.45,-40.64],[55.41,-40.61],[55.3,-40.61],[55.27,-40.59],[55.27,-40.53],[55.38,-40.43],[55.45,-40.43],[55.45,-40.48],[55.48,-40.48],[55.63,-40.49],[55.88,-40.49],[55.95,-40.48],[56.02,-40.46],[56.1,-40.39],[56.17,-40.35]],[[58.87,-40.74],[58.76,-40.69],[58.69,-40.71],[58.65,-40.74],[58.65,-40.89],[58.69,-40.89],[58.76,-40.86],[58.8,-40.84],[58.8,-40.81],[58.87,-40.74]],[[59.34,-40.91],[59.34,-40.81],[59.3,-40.81],[59.26,-40.81],[59.26,-40.99],[59.34,-40.99],[59.34,-40.91]]]}},{"type":"Feature","properties":{"precip":20},"geometry":{"type":"Polygon","coordinates":[[[13.66,-40.35],[13.66,-40.31],[13.73,-40.31],[13.73,-40.33],[13.77,-40.35],[13.73,-40.38],[13.73,-40.39],[13.66,-40.39],[13.66,-40.35]]]}},{"type":"Feature","properties":{"precip":20},"geometry":{"type":"Polygon","coordinates":[[[53.76,-40.35],[53.76,-40.31],[53.83,-40.31],[53.83,-40.33],[53.86,-40.33],[53.86,-40.38],[53.83,-40.38],[53.83,-40.39],[53.76,-40.39],[53.76,-40.35]]]}},{"type":"Feature","properties":{"precip":20},"geometry":{"type":"Polygon","coordinates":[[[6.96,-40.46],[6.96,-40.43],[7.0,-40.39],[7.04,-40.43],[7.04,-40.49],[6.96,-40.49],[6.96,-40.46]]]}},{"type":"Feature","properties":{"precip":20},"geometry":{"type":"Polygon","coordinates":[[[14.05,-40.61],[14.05,-40.53],[14.13,-40.49],[14.13,-40.54],[14.16,-40.56],[14.16,-40.64],[14.13,-40.64],[14.13,-40.69],[14.05,-40.67],[14.05,-40.61]]]}},{"type":"Feature","properties":{"precip":20},"geometry":{"type":"Polygon","coordinates":[[[55.05,-40.54],[55.05,-40.53],[55.12,-40.49],[55.12,-40.53],[55.16,-40.53],[55.16,-40.59],[55.12,-40.59],[55.12,-40.61],[55.05,-40.59],[55.05,-40.54]]]}},{"type":"Feature","properties":{"precip":20},"geometry":{"type":"Polygon","coordinates":[[[11.35,-40.84],[11.35,-40.81],[11.43,-40.81],[11.5,-40.81],[11.53,-40.81],[11.53,-40.89],[11.43,-40.91],[11.43,-40.89],[11.35,-40.89],[11.35,-40.84]]]}},{"type":"Feature","properties":{"precip":20},"geometry":{"type":"Polygon","coordinates":[[[52.86,-41.05],[52.86,-41.0],[52.89,-40.99],[52.96,-41.05],[52.93,-41.07],[52.93,-41.1],[52.86,-41.1],[52.86,-41.05]]]}},{"type":"Feature","properties":{"precip":20},"geometry":{"type":"Polygon","coordinates":[[[48.25,-41.15],[48.25,-41.12],[48.32,-41.1],[48.39,-41.1],[48.43,-41.12],[48.47,-41.15],[48.39,-41.2],[48.32,-41.2],[48.25,-41.17],[48.25,-41.15]]]}},{"type":"Feature","properties":{"precip":20},"geometry":{"type":"Polygon","coordinates":[[[54.04,-41.3],[54.04,-41.25],[54.12,-41.2],[54.19,-41.2],[54.26,-41.24],[54.26,-41.27],[54.33,-41.3],[54.04,-41.3]]]}},{"type":"Feature","properties":{"precip":40},"geometry":{"type":"Polygon","coordinates":[[[8.68,3.79],[8.66,3.77],[8.66,3.56],[8.69,3.51],[8.69,3.41],[8.73,3.41],[8.73,3.37],[8.76,3.36],[8.76,3.14],[8.69,3.09],[8.48,3.09],[8.37,3.06],[8.33,3.03],[8.33,3.0],[8.3,3.0],[8.26,3.03],[8.26,3.08],[8.3,3.08],[8.33,3.09],[8.33,3.14],[8.37,3.16],[8.37,3.36],[8.4,3.37],[8.4,3.41],[8.44,3.41],[8.44,3.49],[8.48,3.52],[8.48,3.69],[8.44,3.7],[8.44,3.79],[8.43,3.79],[8.68,3.79]]]}},{"type":"Feature","properties":{"precip":40},"geometry":{"type":"Polygon","coordinates":[[[9.41,3.72],[9.45,3.77],[9.52,3.79],[9.66,3.77],[9.74,3.69],[9.77,3.62],[9.84,3.54],[9.84,3.51],[9.88,3.46],[9.84,3.42],[9.84,3.41],[9.77,3.37],[9.77,3.34],[9.84,3.29],[9.84,3.23],[9.77,3.24],[9.7,3.31],[9.7,3.34],[9.66,3.34],[9.66,3.37],[9.77,3.42],[9.77,3.46],[9.7,3.51],[9.63,3.51],[9.56,3.46],[9.56,3.42],[9.52,3.41],[9.41,3.41],[9.41,3.42],[9.38,3.46],[9.38,3.62],[9.41,3.69],[9.41,3.72]]]}},{"type":"Feature","properties":{"precip":40},"geometry":{"type":"Polygon","coordinates":[[[33.89,2.32],[33.92,2.37],[34.0,2.38],[34.03,2.38],[34.03,2.24],[33.96,2.19],[33.89,2.19],[33.85,2.2],[33.85,2.27],[33.89,2.29],[33.89,2.32]]]}},{"type":"Feature","properties":{"precip":40},"geometry":{"type":"Polygon","coordinates":[[[77.15,2.01],[77.15,2.07],[77.23,2.1],[77.23,2.06],[77.26,2.04],[77.26,1.96],[77.23,1.94],[77.23,1.89],[77.19,1.89],[77.15,1.94],[77.15,2.01]]]}},{"type":"Feature","properties":{"precip":40},"geometry":{"type":"Polygon","coordinates":[[[18.52,1.69],[18.52,1.77],[18.55,1.82],[18.55,1.89],[18.59,1.89],[18.66,1.84],[18.66,1.81],[18.7,1.79],[18.7,1.84],[18.73,1.86],[18.73,1.87],[18.77,1.87],[18.84,1.89],[18.91,1.87],[18.91,1.81],[18.95,1.77],[18.95,1.68],[18.99,1.63],[18.99,1.59],[19.06,1.51],[19.13,1.51],[19.24,1.46],[19.24,1.43],[19.31,1.38],[19.31,1.33],[19.24,1.25],[19.13,1.15],[19.02,1.1],[18.95,1.1],[18.95,1.16],[18.91,1.16],[18.91,1.18],[18.84,1.2],[18.73,1.2],[18.63,1.16],[18.63,1.12],[18.55,1.1],[18.48,1.1],[18.45,1.15],[18.45,1.49],[18.48,1.49],[18.52,1.51],[18.52,1.69]],[[18.95,1.54],[18.91,1.56],[18.91,1.59],[18.84,1.59],[18.84,1.51],[18.91,1.51],[18.91,1.54],[18.95,1.54]]]}},{"type":"Feature","properties":{"precip":40},"geometry":{"type":"Polygon","coordinates":[[[94.86,1.44],[94.86,1.58],[94.9,1.59],[95.01,1.59],[95.01,1.58],[95.04,1.56],[95.04,1.44],[94.97,1.36],[94.9,1.33],[94.9,1.31],[94.86,1.33],[94.86,1.44]]]}},{"type":"Feature","properties":{"precip":40},"geometry":{"type":"Polygon","coordinates":[[[78.66,1.35],[78.66,1.4],[78.74,1.4],[78.74,1.31],[78.7,1.3],[78.66,1.31],[78.66,1.35]]]}},{"type":"Feature","properties":{"precip":40},"geometry":{"type":"Polygon","coordinates":[[[18.84,0.75],[18.84,0.8],[18.91,0.8],[18.91,0.7],[18.84,0.67],[18.84,0.42],[18.81,0.39],[18.81,0.29],[18.77,0.29],[18.73,0.32],[18.73,0.47],[18.7,0.47],[18.7,0.5],[18.66,0.5],[18.66,0.54],[18.63,0.55],[18.63,0.64],[18.66,0.65],[18.66,0.69],[18.7,0.7],[18.77,0.7],[18.84,0.72],[18.84,0.75]]]}},{"type":"Feature","properties":{"precip":40},"geometry":{"type":"Polygon","coordinates":[[[19.02,0.7],[19.02,0.74],[19.06,0.75],[19.06,0.79],[19.09,0.8],[19.2,0.8],[19.24,0.77],[19.24,0.72],[19.31,0.7],[19.38,0.7],[19.42,0.69],[19.42,0.6],[19.35,0.59],[19.35,0.49],[19.31,0.46],[19.31,0.42],[19.27,0.37],[19.2,0.32],[19.2,0.31],[19.13,0.31],[19.13,0.47],[19.09,0.47],[19.09,0.5],[19.06,0.5],[19.06,0.47],[19.02,0.47],[19.02,0.41],[18.95,0.41],[18.95,0.59],[19.02,0.62],[19.02,0.7]]]}},{"type":"Feature","properties":{"precip":40},"geometry":{"type":"Polygon","coordinates":[[[18.45,0.55],[18.45,0.6],[18.52,0.6],[18.52,0.5],[18.45,0.5],[18.45,0.55]]]}},{"type":"Feature","properties":{"precip":40},"geometry":{"type":"Polygon","coordinates":[[[18.95,0.26],[18.95,0.29],[19.02,0.29],[19.02,0.21],[18.99,0.21],[18.95,0.21],[18.95,0.26]]]}},{"type":"Feature","properties":{"precip":40},"geometry":{"type":"Polygon","coordinates":[[[18.16,-0.06],[18.16,0.03],[18.19,0.03],[18.19,0.09],[18.23,0.09],[18.23,0.11],[18.27,0.11],[18.27,0.09],[18.3,0.09],[18.3,0.08],[18.34,0.03],[18.34,-0.14],[18.3,-0.17],[18.3,-0.19],[18.27,-0.19],[18.27,-0.2],[18.23,-0.2],[18.23,-0.19],[18.19,-0.19],[18.19,-0.14],[18.16,-0.12],[18.16,-0.06]]]}},{"type":"Feature","properties":{"precip":40},"geometry":{"type":"Polygon","coordinates":[[[18.84,-0.06],[18.84,-0.02],[18.91,-0.02],[18.91,-0.04],[18.95,-0.06],[18.91,-0.06],[18.91,-0.09],[18.88,-0.11],[18.88,-0.09],[18.84,-0.09],[18.84,-0.06]]]}},{"type":"Feature","properties":{"precip":40},"geometry":{"type":"Polygon","coordinates":[[[20.14,-0.24],[20.17,-0.22],[20.25,-0.2],[20.43,-0.2],[20.5,-0.22],[20.53,-0.24],[20.53,-0.29],[20.5,-0.29],[20.43,-0.32],[20.35,-0.32],[20.35,-0.34],[20.28,-0.39],[20.28,-0.42],[20.25,-0.45],[20.17,-0.48],[20.14,-0.5],[20.07,-0.5],[20.03,-0.53],[20.03,-0.58],[20.1,-0.6],[20.1,-0.63],[20.14,-0.67],[20.14,-0.75],[20.1,-0.76],[20.1,-0.8],[20.07,-0.8],[20.07,-0.83],[20.03,-0.83],[20.03,-0.96],[20.1,-1.0],[20.21,-1.01],[20.21,-1.06],[20.25,-1.08],[20.25,-1.18],[20.32,-1.19],[20.43,-1.19],[20.5,-1.21],[20.57,-1.28],[20.57,-1.29],[20.61,-1.29],[20.61,-1.28],[20.64,-1.24],[20.71,-1.19],[20.75,-1.19],[20.82,-1.24],[20.82,-1.36],[20.79,-1.39],[20.68,-1.39],[20.61,-1.41],[20.53,-1.44],[20.53,-1.47],[20.46,-1.49],[20.46,-1.51],[20.39,-1.51],[20.32,-1.54],[20.32,-1.59],[20.25,-1.59],[20.17,-1.51],[20.17,-1.46],[20.14,-1.42],[20.14,-1.33],[20.17,-1.29],[20.25,-1.28],[20.25,-1.24],[20.14,-1.19],[20.03,-1.19],[19.92,-1.16],[19.92,-1.13],[19.96,-1.09],[20.03,-1.09],[20.03,-1.01],[19.99,-1.01],[19.92,-1.01],[19.92,-1.0],[19.85,-0.98],[19.85,-0.75],[19.81,-0.73],[19.81,-0.62],[19.74,-0.6],[19.74,-0.44],[19.85,-0.32],[19.99,-0.32],[20.07,-0.32],[20.07,-0.29],[20.14,-0.27],[20.14,-0.24]]]}},{"type":"Feature","properties":{"precip":40},"geometry":{"type":"Polygon","coordinates":[[[18.3,-0.76],[18.37,-0.72],[18.45,-0.7],[18.52,-0.73],[18.52,-0.8],[18.55,-0.83],[18.55,-0.86],[18.59,-0.9],[18.63,-0.95],[18.7,-1.01],[18.7,-1.09],[18.66,-1.11],[18.59,-1.19],[18.52,-1.19],[18.45,-1.18],[18.45,-1.01],[18.52,-1.0],[18.52,-0.93],[18.41,-0.9],[18.27,-0.9],[18.27,-0.88],[18.27,-0.83],[18.3,-0.76]]]}},{"type":"Feature","properties":{"precip":40},"geometry":{"type":"Polygon","coordinates":[[[19.63,-0.75],[19.63,-0.72],[19.71,-0.7],[19.74,-0.73],[19.74,-0.78],[19.71,-0.8],[19.63,-0.78],[19.63,-0.75]]]}},{"type":"Feature","properties":{"precip":40},"geometry":{"type":"Polygon","coordinates":[[[33.42,-0.75],[33.46,-0.75],[33.46,-0.7],[33.53,-0.72],[33.53,-0.8],[33.46,-0.8],[33.46,-0.75],[33.42,-0.75]]]}},{"type":"Feature","properties":{"precip":40},"geometry":{"type":"Polygon","coordinates":[[[21.94,-1.26],[21.94,-1.24],[22.01,-1.19],[22.08,-1.19],[22.12,-1.21],[22.12,-1.28],[22.08,-1.29],[21.97,-1.29],[21.94,-1.28],[21.94,-1.26]]]}},{"type":"Feature","properties":{"precip":40},"geometry":{"type":"Polygon","coordinates":[[[18.45,-1.51],[18.45,-1.42],[18.52,-1.39],[18.59,-1.41],[18.63,-1.44],[18.63,-1.56],[18.59,-1.59],[18.52,-1.61],[18.45,-1.59],[18.45,-1.51]]]}},{"type":"Feature","properties":{"precip":40},"geometry":{"type":"Polygon","coordinates":[[[94.97,-2.0],[94.97,-1.89],[95.04,-1.79],[95.15,-1.89],[95.29,-1.97],[95.33,-2.02],[95.33,-2.05],[95.37,-2.1],[95.33,-2.13],[95.33,-2.17],[95.22,-2.23],[95.22,-2.27],[95.19,-2.3],[95.15,-2.27],[95.15,-2.23],[95.04,-2.2],[95.01,-2.2],[94.97,-2.18],[94.97,-2.0]]]}},{"type":"Feature","properties":{"precip":40},"geometry":{"type":"Polygon","coordinates":[[[21.22,-2.17],[21.25,-2.13],[21.25,-2.1],[21.33,-2.12],[21.33,-2.2],[21.25,-2.2],[21.25,-2.17],[21.22,-2.17]]]}},{"type":"Feature","properties":{"precip":40},"geometry":{"type":"Polygon","coordinates":[[[21.83,-2.18],[21.83,-2.13],[21.87,-2.1],[21.9,-2.12],[21.97,-2.17],[21.97,-2.2],[22.01,-2.23],[22.01,-2.28],[22.05,-2.32],[22.05,-2.38],[22.01,-2.4],[21.94,-2.38],[21.94,-2.35],[21.87,-2.28],[21.87,-2.23],[21.83,-2.23],[21.83,-2.18]]]}},{"type":"Feature","properties":{"precip":40},"geometry":{"type":"Polygon","coordinates":[[[27.62,-2.25],[27.62,-2.23],[27.66,-2.23],[27.66,-2.2],[27.73,-2.23],[27.73,-2.28],[27.66,-2.3],[27.62,-2.25]]]}},{"type":"Feature","properties":{"precip":40},"geometry":{"type":"Polygon","coordinates":[[[19.24,-2.35],[19.24,-2.32],[19.31,-2.3],[19.31,-2.32],[19.35,-2.33],[19.35,-2.36],[19.31,-2.38],[19.31,-2.4],[19.24,-2.4],[19.24,-2.35]]]}},{"type":"Feature","properties":{"precip":40},"geometry":{"type":"Polygon","coordinates":[[[21.65,-2.5],[21.65,-2.41],[21.69,-2.4],[21.79,-2.4],[21.83,-2.43],[21.83,-2.56],[21.79,-2.58],[21.79,-2.6],[21.69,-2.6],[21.65,-2.58],[21.65,-2.5]]]}},{"type":"Feature","properties":{"precip":40},"geometry":{"type":"Polygon","coordinates":[[[91.73,-2.58],[91.8,-2.51],[91.84,-2.5],[91.95,-2.53],[91.95,-2.64],[91.98,-2.66],[91.98,-2.69],[92.05,-2.73],[92.05,-2.78],[91.98,-2.79],[91.95,-2.76],[91.95,-2.73],[91.84,-2.71],[91.84,-2.74],[91.8,-2.79],[91.73,-2.79],[91.66,-2.74],[91.66,-2.64],[91.66,-2.63],[91.66,-2.58],[91.73,-2.58]]]}},{"type":"Feature","properties":{"precip":40},"geometry":{"type":"Polygon","coordinates":[[[95.94,-2.55],[95.98,-2.5],[96.01,-2.5],[96.01,-2.58],[95.98,-2.6],[95.98,-2.58],[95.94,-2.58],[95.94,-2.55]]]}},{"type":"Feature","properties":{"precip":40},"geometry":{"type":"Polygon","coordinates":[[[94.72,-2.74],[94.72,-2.71],[94.83,-2.69],[94.86,-2.73],[94.86,-2.78],[94.83,-2.79],[94.72,-2.78],[94.72,-2.74]]]}},{"type":"Feature","properties":{"precip":40},"geometry":{"type":"Polygon","coordinates":[[[96.34,-2.74],[96.34,-2.71],[96.45,-2.71],[96.45,-2.79],[96.34,-2.79],[96.34,-2.74]]]}},{"type":"Feature","properties":{"precip":40},"geometry":{"type":"Polygon","coordinates":[[[94.36,-2.91],[94.36,-2.81],[94.39,-2.81],[94.47,-2.84],[94.5,-2.88],[94.5,-2.91],[94.54,-2.93],[94.54,-2.99],[94.5,-3.01],[94.39,-3.01],[94.36,-2.96],[94.36,-2.91]]]}},{"type":"Feature","properties":{"precip":40},"geometry":{"type":"Polygon","coordinates":[[[88.42,-3.04],[88.42,-3.01],[88.53,-3.01],[88.6,-3.01],[88.6,-3.09],[88.53,-3.09],[88.42,-3.09],[88.42,-3.04]]]}},{"type":"Feature","properties":{"precip":40},"geometry":{"type":"Polygon","coordinates":[[[89.57,-3.04],[89.57,-3.01],[89.64,-3.01],[89.72,-3.01],[89.86,-3.02],[89.86,-3.09],[89.79,-3.09],[89.72,-3.12],[89.72,-3.17],[89.79,-3.19],[89.9,-3.19],[89.9,-3.21],[89.9,-3.26],[89.97,-3.27],[89.97,-3.34],[89.9,-3.35],[89.9,-3.4],[89.86,-3.39],[89.86,-3.34],[89.82,-3.3],[89.72,-3.3],[89.68,-3.29],[89.68,-3.27],[89.64,-3.24],[89.64,-3.11],[89.57,-3.09],[89.57,-3.04]]]}},{"type":"Feature","properties":{"precip":40},"geometry":{"type":"Polygon","coordinates":[[[89.03,-4.06],[89.03,-4.05],[89.07,-4.0],[89.14,-4.01],[89.14,-4.18],[89.07,-4.2],[89.0,-4.2],[88.92,-4.18],[88.92,-4.15],[89.03,-4.06]]]}},{"type":"Feature","properties":{"precip":40},"geometry":{"type":"Polygon","coordinates":[[[88.42,-4.34],[88.49,-4.31],[88.6,-4.31],[88.92,-4.31],[89.03,-4.33],[89.07,-4.38],[89.07,-4.48],[89.25,-4.56],[89.32,-4.61],[89.32,-4.66],[89.36,-4.71],[89.36,-4.85],[89.25,-4.9],[89.25,-4.87],[89.25,-4.82],[89.14,-4.79],[89.0,-4.67],[88.92,-4.64],[88.89,-4.59],[88.82,-4.51],[88.74,-4.46],[88.6,-4.39],[88.53,-4.39],[88.49,-4.38],[88.42,-4.38],[88.42,-4.34]]]}},{"type":"Feature","properties":{"precip":40},"geometry":{"type":"Polygon","coordinates":[[[89.46,-4.56],[89.46,-4.51],[89.54,-4.49],[89.54,-4.53],[89.57,-4.54],[89.54,-4.57],[89.54,-4.59],[89.46,-4.59],[89.46,-4.56]]]}},{"type":"Feature","properties":{"precip":40},"geometry":{"type":"Polygon","coordinates":[[[53.83,-4.84],[53.83,-4.82],[53.86,-4.79],[53.86,-4.71],[53.94,-4.72],[53.94,-4.97],[53.86,-4.99],[53.86,-4.92],[53.83,-4.89],[53.83,-4.84]]]}},{"type":"Feature","properties":{"precip":40},"geometry":{"type":"Polygon","coordinates":[[[87.84,-4.76],[87.92,-4.71],[88.2,-4.71],[88.24,-4.74],[88.24,-4.87],[88.2,-4.9],[88.1,-4.9],[88.06,-4.92],[88.06,-4.97],[88.02,-5.0],[87.92,-5.0],[87.84,-4.94],[87.88,-4.9],[87.95,-4.85],[87.95,-4.84],[87.88,-4.81],[87.88,-4.77],[87.84,-4.76]]]}},{"type":"Feature","properties":{"precip":40},"geometry":{"type":"Polygon","coordinates":[[[65.45,-5.35],[65.49,-5.32],[65.56,-5.3],[65.85,-5.3],[65.96,-5.35],[65.89,-5.4],[65.81,-5.4],[65.74,-5.43],[65.74,-5.48],[65.71,-5.5],[65.63,-5.5],[65.56,-5.51],[65.56,-5.55],[65.49,-5.6],[65.42,-5.6],[65.24,-5.66],[65.17,-5.71],[65.13,-5.79],[65.06,-5.86],[65.06,-5.98],[65.13,-6.03],[65.13,-6.08],[65.09,-6.12],[65.02,-6.17],[64.95,-6.21],[64.91,-6.21],[64.77,-6.31],[64.77,-6.39],[64.84,-6.42],[64.84,-6.45],[64.81,-6.49],[64.66,-6.49],[64.55,-6.52],[64.55,-6.57],[64.52,-6.57],[64.52,-6.59],[64.45,-6.59],[64.38,-6.6],[64.27,-6.57],[64.23,-6.54],[64.27,-6.54],[64.27,-6.5],[64.34,-6.49],[64.34,-6.32],[64.3,-6.31],[64.2,-6.31],[64.16,-6.29],[64.16,-6.21],[64.23,-6.19],[64.23,-6.12],[64.09,-6.08],[64.05,-6.08],[64.05,-6.04],[64.02,-6.01],[63.94,-5.99],[63.87,-6.01],[63.87,-6.04],[63.84,-6.04],[63.84,-6.09],[63.76,-6.09],[63.76,-5.86],[63.84,-5.78],[63.91,-5.71],[63.94,-5.71],[64.05,-5.71],[64.16,-5.73],[64.16,-5.78],[64.2,-5.79],[64.23,-5.78],[64.23,-5.73],[64.3,-5.71],[64.41,-5.71],[64.45,-5.73],[64.45,-5.78],[64.52,-5.79],[64.59,-5.79],[64.63,-5.79],[64.63,-5.76],[64.66,-5.75],[64.66,-5.71],[64.7,-5.71],[64.88,-5.71],[64.95,-5.73],[64.95,-5.79],[65.02,-5.79],[65.02,-5.75],[65.06,-5.71],[65.06,-5.56],[65.13,-5.47],[65.2,-5.42],[65.27,-5.4],[65.38,-5.4],[65.42,-5.37],[65.45,-5.37],[65.45,-5.35]],[[64.95,-5.84],[64.95,-5.81],[64.91,-5.79],[64.84,-5.81],[64.84,-5.88],[64.88,-5.89],[64.95,-5.88],[64.95,-5.84]]]}},{"type":"Feature","properties":{"precip":40},"geometry":{"type":"Polygon","coordinates":[[[61.96,-5.55],[61.96,-5.5],[62.04,-5.53],[62.07,-5.56],[62.07,-5.6],[62.11,-5.61],[62.11,-5.66],[62.14,-5.7],[62.14,-5.86],[62.22,-5.89],[62.22,-5.94],[62.25,-5.96],[62.25,-6.14],[62.18,-6.21],[62.11,-6.14],[62.11,-6.11],[62.07,-6.11],[62.07,-6.14],[61.96,-6.19],[61.89,-6.19],[61.82,-6.21],[61.68,-6.21],[61.64,-6.19],[61.57,-6.19],[61.5,-6.16],[61.46,-6.14],[61.39,-6.11],[61.35,-6.08],[61.28,-5.96],[61.24,-5.93],[61.24,-5.84],[61.32,-5.79],[61.39,-5.79],[61.46,-5.76],[61.46,-5.71],[61.5,-5.71],[61.64,-5.71],[61.64,-5.7],[61.71,-5.7],[61.75,-5.66],[61.75,-5.61],[61.78,-5.61],[61.93,-5.58],[61.96,-5.55]]]}},{"type":"Feature","properties":{"precip":40},"geometry":{"type":"Polygon","coordinates":[[[85.54,-5.71],[85.54,-5.68],[85.54,-5.66],[85.54,-5.61],[85.65,-5.61],[85.65,-5.6],[85.76,-5.61],[85.76,-5.65],[85.68,-5.66],[85.68,-5.7],[85.68,-5.73],[85.61,-5.79],[85.54,-5.79],[85.54,-5.78],[85.54,-5.73],[85.54,-5.71]]]}},{"type":"Feature","properties":{"precip":40},"geometry":{"type":"Polygon","coordinates":[[[63.44,-5.84],[63.44,-5.83],[63.51,-5.79],[63.58,-5.79],[63.66,-5.83],[63.66,-5.88],[63.58,-5.89],[63.51,-5.89],[63.44,-5.88],[63.44,-5.84]]]}},{"type":"Feature","properties":{"precip":40},"geometry":{"type":"Polygon","coordinates":[[[62.76,-6.49],[62.76,-6.44],[62.86,-6.41],[62.94,-6.41],[63.04,-6.44],[63.08,-6.47],[63.15,-6.55],[63.15,-6.64],[63.12,-6.67],[63.01,-6.7],[62.97,-6.69],[62.9,-6.69],[62.79,-6.6],[62.76,-6.57],[62.76,-6.49]]]}},{"type":"Feature","properties":{"precip":40},"geometry":{"type":"Polygon","coordinates":[[[65.17,-7.02],[65.27,-6.93],[65.38,-6.92],[65.6,-6.92],[65.74,-6.9],[65.85,-6.9],[65.96,-6.92],[66.1,-6.92],[66.21,-6.92],[66.25,-6.93],[66.25,-6.98],[66.28,-6.98],[66.43,-7.03],[66.53,-7.11],[66.53,-7.18],[66.46,-7.18],[66.43,-7.2],[66.21,-7.2],[66.17,-7.21],[66.1,-7.21],[66.03,-7.25],[66.03,-7.28],[65.96,-7.28],[65.92,-7.3],[65.78,-7.3],[65.74,-7.28],[65.67,-7.28],[65.63,-7.26],[65.63,-7.23],[65.53,-7.2],[65.17,-7.2],[65.13,-7.18],[65.06,-7.18],[65.06,-7.13],[65.13,-7.08],[65.13,-7.05],[65.17,-7.02]]]}},{"type":"Feature","properties":{"precip":40},"geometry":{"type":"Polygon","coordinates":[[[99.14,-8.98],[99.04,-9.01],[98.93,-9.01],[98.86,-8.96],[98.86,-8.75],[98.89,-8.71],[98.93,-8.7],[99.04,-8.7],[99.07,-8.68],[99.14,-8.62],[99.14,-8.98]]]}},{"type":"Feature","properties":{"precip":40},"geometry":{"type":"Polygon","coordinates":[[[86.33,-8.25],[86.33,-8.2],[86.44,-8.2],[86.44,-8.3],[86.33,-8.3],[86.33,-8.25]]]}},{"type":"Feature","properties":{"precip":40},"geometry":{"type":"Polygon","coordinates":[[[72.26,-10.56],[72.26,-10.43],[72.29,-10.4],[72.33,-10.41],[72.33,-10.48],[72.37,-10.51],[72.37,-10.58],[72.33,-10.61],[72.33,-10.71],[72.26,-10.68],[72.26,-10.56]]]}},{"type":"Feature","properties":{"precip":40},"geometry":{"type":"Polygon","coordinates":[[[98.61,-10.74],[98.68,-10.74],[98.68,-10.71],[98.71,-10.71],[98.75,-10.73],[98.75,-10.86],[98.61,-10.91],[98.53,-10.91],[98.5,-10.87],[98.43,-10.87],[98.43,-10.82],[98.5,-10.81],[98.57,-10.81],[98.61,-10.79],[98.61,-10.74]]]}},{"type":"Feature","properties":{"precip":40},"geometry":{"type":"Polygon","coordinates":[[[95.44,-18.15],[95.47,-18.13],[95.47,-18.11],[95.51,-18.1],[95.55,-18.11],[95.55,-18.16],[95.65,-18.2],[95.76,-18.2],[95.8,-18.21],[95.87,-18.21],[95.94,-18.23],[95.94,-18.28],[95.98,-18.28],[95.98,-18.3],[96.01,-18.3],[96.09,-18.31],[96.16,-18.38],[96.19,-18.41],[96.27,-18.46],[96.3,-18.49],[96.34,-18.56],[96.41,-18.61],[96.48,-18.66],[96.52,-18.71],[96.59,-18.74],[96.66,-18.79],[96.73,-18.81],[96.81,-18.81],[96.84,-18.82],[96.84,-18.86],[96.91,-18.92],[96.99,-18.92],[97.06,-18.94],[97.06,-19.07],[96.99,-19.09],[96.95,-19.09],[96.95,-19.02],[96.84,-19.0],[96.73,-19.0],[96.66,-19.0],[96.63,-19.0],[96.52,-19.05],[96.48,-19.1],[96.41,-19.17],[96.41,-19.2],[96.34,-19.27],[96.27,-19.29],[96.27,-19.3],[96.19,-19.3],[96.16,-19.32],[96.16,-19.38],[96.09,-19.4],[96.09,-19.37],[96.01,-19.35],[96.01,-19.25],[96.01,-19.24],[96.01,-19.2],[95.98,-19.2],[95.98,-19.17],[95.87,-19.1],[95.87,-19.09],[95.87,-19.05],[95.87,-18.92],[95.83,-18.89],[95.83,-18.82],[95.8,-18.81],[95.69,-18.81],[95.55,-18.77],[95.55,-18.76],[95.47,-18.67],[95.47,-18.66],[95.37,-18.59],[95.37,-18.61],[95.37,-18.79],[95.44,-18.81],[95.44,-18.92],[95.47,-18.92],[95.47,-19.0],[95.51,-19.0],[95.55,-19.02],[95.55,-19.3],[95.47,-19.27],[95.37,-19.24],[95.37,-19.17],[95.37,-19.15],[95.37,-19.07],[95.33,-19.05],[95.33,-19.0],[95.29,-19.0],[95.22,-19.0],[95.15,-18.96],[95.15,-18.92],[95.22,-18.89],[95.22,-18.84],[95.19,-18.77],[95.11,-18.72],[95.04,-18.71],[94.97,-18.71],[94.86,-18.66],[94.86,-18.54],[94.9,-18.49],[95.04,-18.49],[95.15,-18.46],[95.22,-18.39],[95.22,-18.36],[95.22,-18.31],[95.22,-18.23],[95.29,-18.21],[95.44,-18.18],[95.44,-18.15]],[[96.34,-19.09],[96.34,-19.0],[96.3,-19.0],[96.27,-19.0],[96.27,-19.17],[96.34,-19.2],[96.34,-19.12],[96.34,-19.09]]]}},{"type":"Feature","properties":{"precip":40},"geometry":{"type":"Polygon","coordinates":[[[96.77,-19.24],[96.81,-19.2],[96.99,-19.2],[96.99,-19.24],[97.06,-19.25],[97.06,-19.37],[97.13,-19.4],[97.13,-19.47],[97.17,-19.5],[97.17,-19.63],[97.13,-19.68],[96.99,-19.7],[96.84,-19.7],[96.77,-19.65],[96.66,-19.57],[96.66,-19.52],[96.73,-19.52],[96.73,-19.5],[96.91,-19.5],[96.95,-19.48],[96.95,-19.42],[96.84,-19.35],[96.81,-19.3],[96.77,-19.29],[96.77,-19.24]]]}},{"type":"Feature","properties":{"precip":40},"geometry":{"type":"Polygon","coordinates":[[[97.85,-19.35],[97.85,-19.32],[97.92,-19.3],[97.96,-19.32],[97.96,-19.38],[97.89,-19.38],[97.85,-19.37],[97.85,-19.35]]]}},{"type":"Feature","properties":{"precip":40},"geometry":{"type":"Polygon","coordinates":[[[98.07,-19.35],[98.07,-19.3],[98.1,-19.3],[98.1,-19.4],[98.07,-19.38],[98.07,-19.35]]]}},{"type":"Feature","properties":{"precip":40},"geometry":{"type":"Polygon","coordinates":[[[96.34,-19.5],[96.34,-19.42],[96.45,-19.42],[96.45,-19.58],[96.34,-19.6],[96.34,-19.5]]]}},{"type":"Feature","properties":{"precip":40},"geometry":{"type":"Polygon","coordinates":[[[98.25,-19.65],[98.28,-19.62],[98.35,-19.6],[98.43,-19.62],[98.43,-19.63],[98.43,-19.66],[98.39,-19.7],[98.28,-19.7],[98.28,-19.66],[98.25,-19.65]]]}},{"type":"Feature","properties":{"precip":40},"geometry":{"type":"Polygon","coordinates":[[[97.2,-19.86],[97.31,-19.81],[97.42,-19.8],[97.53,-19.8],[97.56,-19.81],[97.56,-19.86],[97.42,-19.96],[97.31,-19.99],[97.2,-19.99],[97.17,-19.98],[97.17,-19.94],[97.2,-19.91],[97.2,-19.86]]]}},{"type":"Feature","properties":{"precip":40},"geometry":{"type":"Polygon","coordinates":[[[89.46,-20.16],[89.46,-20.13],[89.54,-20.11],[89.68,-20.11],[89.72,-20.13],[89.72,-20.18],[89.64,-20.21],[89.57,-20.21],[89.46,-20.18],[89.46,-20.16]]]}},{"type":"Feature","properties":{"precip":40},"geometry":{"type":"Polygon","coordinates":[[[89.82,-20.27],[89.86,-20.23],[89.9,-20.21],[89.97,-20.23],[89.97,-20.29],[90.0,-20.31],[90.11,-20.31],[90.15,-20.32],[90.15,-20.36],[90.22,-20.39],[90.33,-20.39],[90.44,-20.42],[90.44,-20.47],[90.47,-20.49],[90.47,-20.57],[90.51,-20.59],[90.51,-20.62],[90.62,-20.69],[90.62,-20.72],[90.65,-20.74],[90.65,-20.8],[90.54,-20.8],[90.44,-20.8],[90.36,-20.77],[90.36,-20.74],[90.29,-20.7],[90.18,-20.7],[90.04,-20.67],[90.04,-20.64],[90.04,-20.56],[89.97,-20.47],[89.9,-20.44],[89.82,-20.39],[89.72,-20.39],[89.72,-20.36],[89.79,-20.32],[89.79,-20.31],[89.82,-20.27]]]}},{"type":"Feature","properties":{"precip":40},"geometry":{"type":"Polygon","coordinates":[[[48.54,-27.96],[48.54,-27.93],[48.57,-27.89],[48.61,-27.89],[48.65,-27.93],[48.65,-27.98],[48.57,-27.99],[48.54,-27.98],[48.54,-27.96]]]}},{"type":"Feature","properties":{"precip":40},"geometry":{"type":"Polygon","coordinates":[[[48.54,-28.14],[48.57,-28.11],[48.68,-28.11],[48.75,-28.14],[48.68,-28.21],[48.61,-28.21],[48.57,-28.17],[48.54,-28.17],[48.54,-28.14]]]}},{"type":"Feature","properties":{"precip":40},"geometry":{"type":"Polygon","coordinates":[[[52.46,-31.41],[52.46,-31.31],[52.53,-31.32],[52.53,-31.49],[52.5,-31.51],[52.46,-31.49],[52.46,-31.41]]]}},{"type":"Feature","properties":{"precip":40},"geometry":{"type":"Polygon","coordinates":[[[52.75,-31.44],[52.75,-31.41],[52.82,-31.41],[52.86,-31.42],[52.86,-31.47],[52.82,-31.47],[52.82,-31.51],[52.75,-31.49],[52.75,-31.44]]]}},{"type":"Feature","properties":{"precip":40},"geometry":{"type":"Polygon","coordinates":[[[52.93,-31.44],[52.96,-31.42],[52.96,-31.41],[53.04,-31.41],[53.04,-31.49],[52.96,-31.51],[52.96,-31.47],[52.93,-31.44]]]}},{"type":"Feature","properties":{"precip":40},"geometry":{"type":"Polygon","coordinates":[[[54.66,-32.05],[54.66,-32.02],[54.73,-32.0],[54.73,-32.1],[54.66,-32.1],[54.66,-32.05]]]}},{"type":"Feature","properties":{"precip":40},"geometry":{"type":"Polygon","coordinates":[[[48.25,-39.65],[48.25,-39.62],[48.32,-39.62],[48.39,-39.62],[48.43,-39.6],[48.54,-39.6],[48.57,-39.62],[48.68,-39.62],[48.75,-39.64],[48.75,-39.69],[48.83,-39.69],[48.83,-39.7],[48.9,-39.7],[48.93,-39.73],[48.93,-39.78],[48.9,-39.82],[48.83,-39.85],[48.9,-39.87],[48.9,-39.92],[48.93,-39.92],[48.93,-39.97],[48.9,-40.0],[48.79,-40.0],[48.75,-40.03],[48.75,-40.08],[48.68,-40.1],[48.65,-40.08],[48.65,-39.98],[48.57,-39.88],[48.57,-39.87],[48.54,-39.85],[48.47,-39.82],[48.47,-39.85],[48.39,-39.88],[48.29,-39.92],[48.25,-39.87],[48.25,-39.82],[48.32,-39.77],[48.36,-39.75],[48.32,-39.73],[48.29,-39.73],[48.29,-39.69],[48.25,-39.69],[48.25,-39.65]]]}},{"type":"Feature","properties":{"precip":40},"geometry":{"type":"Polygon","coordinates":[[[49.11,-39.87],[49.19,-39.85],[49.29,-39.8],[49.37,-39.8],[49.44,-39.85],[49.44,-39.87],[49.4,-39.92],[49.33,-39.92],[49.29,-39.93],[49.22,-39.97],[49.19,-39.98],[49.19,-40.03],[49.15,-40.08],[49.26,-40.13],[49.22,-40.15],[49.22,-40.21],[49.15,-40.21],[49.11,-40.21],[49.04,-40.13],[49.04,-39.97],[49.11,-39.87]]]}},{"type":"Feature","properties":{"precip":40},"geometry":{"type":"Polygon","coordinates":[[[48.25,-40.05],[48.25,-40.03],[48.32,-40.0],[48.32,-40.03],[48.36,-40.03],[48.36,-40.08],[48.32,-40.08],[48.32,-40.1],[48.25,-40.1],[48.25,-40.05]]]}},{"type":"Feature","properties":{"precip":40},"geometry":{"type":"Polygon","coordinates":[[[49.55,-40.15],[49.55,-40.03],[49.58,-40.03],[49.58,-40.0],[49.62,-40.0],[49.62,-40.03],[49.65,-40.08],[49.65,-40.2],[49.73,-40.21],[49.73,-40.3],[49.69,-40.31],[49.62,-40.31],[49.55,-40.28],[49.55,-40.15]]]}},{"type":"Feature","properties":{"precip":40},"geometry":{"type":"Polygon","coordinates":[[[49.94,-40.15],[49.94,-40.13],[50.01,-40.1],[50.05,-40.11],[50.12,-40.11],[50.12,-40.15],[50.16,-40.2],[50.16,-40.28],[50.23,-40.31],[50.3,-40.3],[50.34,-40.26],[50.34,-40.15],[50.37,-40.13],[50.37,-40.11],[50.45,-40.1],[50.52,-40.11],[50.52,-40.13],[50.55,-40.15],[50.55,-40.28],[50.63,-40.31],[50.7,-40.31],[50.73,-40.31],[50.73,-40.38],[50.7,-40.39],[50.59,-40.39],[50.55,-40.43],[50.55,-40.46],[50.48,-40.49],[50.37,-40.49],[50.34,-40.48],[50.34,-40.43],[50.27,-40.39],[50.12,-40.39],[50.05,-40.38],[50.05,-40.26],[50.01,-40.23],[50.01,-40.21],[49.94,-40.21],[49.94,-40.15]],[[50.45,-40.35],[50.45,-40.31],[50.41,-40.31],[50.34,-40.31],[50.34,-40.38],[50.37,-40.38],[50.45,-40.38],[50.45,-40.35]]]}},{"type":"Feature","properties":{"precip":40},"geometry":{"type":"Polygon","coordinates":[[[50.73,-40.15],[50.73,-40.13],[50.81,-40.11],[50.88,-40.16],[50.88,-40.21],[51.02,-40.31],[51.09,-40.31],[51.13,-40.31],[51.13,-40.38],[51.06,-40.39],[50.91,-40.39],[50.84,-40.35],[50.84,-40.23],[50.81,-40.21],[50.77,-40.21],[50.77,-40.2],[50.73,-40.15]]]}},{"type":"Feature","properties":{"precip":40},"geometry":{"type":"Polygon","coordinates":[[[48.75,-40.46],[48.75,-40.43],[48.83,-40.39],[48.83,-40.49],[48.75,-40.49],[48.75,-40.46]]]}},{"type":"Feature","properties":{"precip":40},"geometry":{"type":"Polygon","coordinates":[[[49.15,-40.46],[49.15,-40.43],[49.22,-40.39],[49.22,-40.43],[49.26,-40.44],[49.22,-40.48],[49.22,-40.49],[49.15,-40.49],[49.15,-40.46]]]}},{"type":"Feature","properties":{"precip":70},"geometry":{"type":"Polygon","coordinates":[[[8.44,3.26],[8.44,3.31],[8.48,3.36],[8.48,3.39],[8.55,3.39],[8.58,3.39],[8.69,3.33],[8.69,3.31],[8.73,3.28],[8.73,3.23],[8.69,3.19],[8.69,3.18],[8.62,3.14],[8.58,3.11],[8.55,3.09],[8.48,3.11],[8.48,3.14],[8.44,3.19],[8.44,3.26]]]}},{"type":"Feature","properties":{"precip":70},"geometry":{"type":"Polygon","coordinates":[[[18.55,1.64],[18.55,1.77],[18.66,1.81],[18.73,1.77],[18.73,1.76],[18.77,1.76],[18.77,1.71],[18.81,1.69],[18.81,1.73],[18.84,1.74],[18.84,1.77],[18.88,1.79],[18.95,1.76],[18.95,1.64],[18.88,1.61],[18.81,1.59],[18.73,1.59],[18.66,1.58],[18.66,1.49],[18.63,1.48],[18.63,1.43],[18.59,1.41],[18.52,1.4],[18.45,1.41],[18.45,1.49],[18.52,1.49],[18.52,1.56],[18.55,1.59],[18.55,1.64]]]}},{"type":"Feature","properties":{"precip":70},"geometry":{"type":"Polygon","coordinates":[[[94.9,1.53],[94.93,1.58],[94.97,1.59],[95.04,1.58],[95.04,1.44],[94.97,1.43],[94.97,1.41],[94.93,1.4],[94.9,1.4],[94.86,1.41],[94.86,1.49],[94.9,1.53]]]}},{"type":"Feature","properties":{"precip":70},"geometry":{"type":"Polygon","coordinates":[[[94.97,-1.87],[95.08,-1.8],[95.11,-1.8],[95.15,-1.84],[95.15,-1.97],[95.22,-2.0],[95.22,-2.03],[95.22,-2.05],[95.22,-2.15],[95.22,-2.17],[95.22,-2.18],[95.15,-2.2],[94.97,-2.13],[94.97,-2.1],[94.93,-2.07],[94.93,-2.03],[94.93,-2.0],[94.93,-1.97],[94.93,-1.92],[94.97,-1.87]]]}},{"type":"Feature","properties":{"precip":70},"geometry":{"type":"Polygon","coordinates":[[[21.87,-2.25],[21.87,-2.23],[21.9,-2.2],[22.01,-2.2],[22.01,-2.23],[22.05,-2.23],[22.05,-2.25],[22.01,-2.27],[22.01,-2.3],[21.94,-2.3],[21.87,-2.28],[21.87,-2.25]]]}},{"type":"Feature","properties":{"precip":70},"geometry":{"type":"Polygon","coordinates":[[[21.76,-2.45],[21.76,-2.43],[21.79,-2.4],[21.87,-2.43],[21.87,-2.5],[21.79,-2.5],[21.76,-2.48],[21.76,-2.45]]]}},{"type":"Feature","properties":{"precip":70},"geometry":{"type":"Polygon","coordinates":[[[89.75,-3.24],[89.75,-3.21],[89.82,-3.21],[89.82,-3.22],[89.82,-3.24],[89.82,-3.27],[89.82,-3.3],[89.75,-3.29],[89.75,-3.24]]]}},{"type":"Feature","properties":{"precip":70},"geometry":{"type":"Polygon","coordinates":[[[95.94,-18.54],[95.94,-18.53],[95.98,-18.49],[96.01,-18.49],[96.01,-18.53],[96.05,-18.53],[96.05,-18.58],[96.01,-18.58],[96.01,-18.61],[95.94,-18.58],[95.94,-18.54]]]}},{"type":"Feature","properties":{"precip":120},"geometry":{"type":"Polygon","coordinates":[[[94.9,-1.92],[94.9,-1.9],[94.97,-1.9],[95.01,-1.92],[95.01,-1.95],[95.11,-2.0],[95.11,-2.03],[95.15,-2.05],[95.15,-2.08],[95.11,-2.08],[95.01,-2.07],[95.01,-2.03],[94.9,-1.95],[94.9,-1.92]]]}}]}